# K-Shortest Paths Distribution
# Format: src_host dst_host  hop[switches] ...
# ==================================================================

   00:00:00:00:00:05    00:00:00:00:00:15  [9[1,2,3,4,5,8,9,15,16,22,23,29,30], 11[2,3,4,5,9,16,23,29,30,36,37], 13[2,3,4,5,9,16,23,29,30,31,36,37,38], 15[2,3,4,5,9,16,23,29,30,31,32,36,37,38,39], 17[2,3,4,5,9,16,23,29,30,31,32,33,36,37,38,39,40,43,44,45,46], 19[2,3,4,5,9,16,23,29,30,31,32,33,34,36,37,38,39,40,41,43,44,45,46,47], 21[2,3,4,5,9,16,23,26,27,29,30,31,32,33,34,35,36,37,38,39,40,41,42,43,44,45,46,47,48], 23[2,3,4,5,9,16,23,26,27,28,29,30,31,32,33,34,35,36,37,38,39,40,41,42,43,44,45,46,47,48,49], 25[2,3,4,5,9,16,23,26,27,28,29,30,31,32,33,34,35,36,37,38,39,40,41,42,43,44,45,46,47,48,49], 27[2,3,4,5,9,16,23,26,27,28,29,30,31,32,33,34,35,36,37,38,39,40,41,42,43,44,45,46,47,48,49], 29[2,3,4,5,9,16,23,26,27,28,29,30,31,32,33,34,35,36,37,38,39,40,41,42,43,44,45,46,47,48,49], 31[2,3,4,5,9,16,23,26,27,28,29,30,31,32,33,34,35,36,37,38,39,40,41,42,43,44,45,46,47,48,49]]
   00:00:00:00:00:05    00:00:00:00:00:09  [5[5,12,13,14,20,21], 7[5,12,13,20,21,27,28], 9[5,12,13,20,21,27,28,34,35], 11[5,12,13,20,21,26,27,28,33,34,35,41,42], 13[5,12,13,20,21,26,27,28,33,34,35,40,41,42], 15[5,12,13,20,21,26,27,28,32,33,34,35,39,40,41,42,47,48,49], 17[5,12,13,20,21,26,27,28,31,32,33,34,35,38,39,40,41,42,46,47,48,49], 19[5,12,13,20,21,26,27,28,30,31,32,33,34,35,37,38,39,40,41,42,45,46,47,48,49], 21[5,12,13,20,21,26,27,28,29,30,31,32,33,34,35,36,37,38,39,40,41,42,44,45,46,47,48,49], 23[5,12,13,20,21,26,27,28,29,30,31,32,33,34,35,36,37,38,39,40,41,42,43,44,45,46,47,48,49], 25[5,12,13,20,21,26,27,28,29,30,31,32,33,34,35,36,37,38,39,40,41,42,43,44,45,46,47,48,49], 27[5,12,13,20,21,26,27,28,29,30,31,32,33,34,35,36,37,38,39,40,41,42,43,44,45,46,47,48,49], 29[5,12,13,20,21,26,27,28,29,30,31,32,33,34,35,36,37,38,39,40,41,42,43,44,45,46,47,48,49]]
   00:00:00:00:00:05    00:00:00:00:00:08  [4[5,12,13,14], 6[5,6,7,12,13,14,20,21], 8[5,12,13,14,20,21,27,28], 10[5,12,13,14,20,21,27,28,34,35], 12[5,12,13,14,20,21,26,27,28,33,34,35,41,42], 14[5,12,13,14,20,21,26,27,28,33,34,35,40,41,42], 16[5,12,13,14,20,21,26,27,28,32,33,34,35,39,40,41,42,47,48,49], 18[5,12,13,14,20,21,26,27,28,31,32,33,34,35,38,39,40,41,42,46,47,48,49], 20[5,12,13,14,20,21,26,27,28,30,31,32,33,34,35,37,38,39,40,41,42,45,46,47,48,49], 22[5,12,13,14,20,21,26,27,28,29,30,31,32,33,34,35,36,37,38,39,40,41,42,44,45,46,47,48,49], 24[5,12,13,14,20,21,26,27,28,29,30,31,32,33,34,35,36,37,38,39,40,41,42,43,44,45,46,47,48,49], 26[5,12,13,14,20,21,26,27,28,29,30,31,32,33,34,35,36,37,38,39,40,41,42,43,44,45,46,47,48,49], 28[5,12,13,14,20,21,26,27,28,29,30,31,32,33,34,35,36,37,38,39,40,41,42,43,44,45,46,47,48,49], 30[5,12,13,14,20,21,26,27,28,29,30,31,32,33,34,35,36,37,38,39,40,41,42,43,44,45,46,47,48,49]]
   00:00:00:00:00:05    00:00:00:00:00:0d  [9[5,12,13,14,20,21,27,28,34,35,42,49], 11[5,12,13,20,26,27,28,33,34,35,40,41,42,48,49], 13[5,12,13,20,26,27,28,32,33,34,35,39,40,41,42,47,48,49], 15[5,12,13,20,26,27,28,31,32,33,34,35,38,39,40,41,42,46,47,48,49], 17[5,12,13,20,26,27,28,30,31,32,33,34,35,37,38,39,40,41,42,45,46,47,48,49], 19[5,12,13,20,26,27,28,29,30,31,32,33,34,35,36,37,38,39,40,41,42,44,45,46,47,48,49], 21[5,12,13,20,26,27,28,29,30,31,32,33,34,35,36,37,38,39,40,41,42,43,44,45,46,47,48,49], 23[5,12,13,20,26,27,28,29,30,31,32,33,34,35,36,37,38,39,40,41,42,43,44,45,46,47,48,49], 25[5,12,13,20,26,27,28,29,30,31,32,33,34,35,36,37,38,39,40,41,42,43,44,45,46,47,48,49], 27[5,12,13,20,26,27,28,29,30,31,32,33,34,35,36,37,38,39,40,41,42,43,44,45,46,47,48,49]]
   00:00:00:00:00:05    00:00:00:00:00:04  [2[4,5], 4[4,5,11,12], 6[3,4,5,6,10,11,12,13,18,19], 8[4,5,11,12,18,19,25,26], 10[4,5,11,12,18,19,20,25,26,27,32,33], 12[4,5,11,12,18,19,20,25,26,27,32,33,34,39,40], 14[4,5,11,12,18,19,20,25,26,27,28,32,33,34,35,39,40,41,46,47], 16[3,4,5,10,11,12,17,18,19,20,24,25,26,27,28,31,32,33,34,35,39,40,41,42,46,47,48], 18[3,4,5,10,11,12,17,18,19,20,24,25,26,27,28,31,32,33,34,35,38,39,40,41,42,46,47,48,49], 20[3,4,5,10,11,12,17,18,19,20,24,25,26,27,28,31,32,33,34,35,38,39,40,41,42,45,46,47,48,49], 22[3,4,5,10,11,12,17,18,19,20,24,25,26,27,28,31,32,33,34,35,38,39,40,41,42,45,46,47,48,49], 24[3,4,5,10,11,12,17,18,19,24,25,26,27,28,31,32,33,34,35,38,39,40,41,42,45,46,47,48,49], 26[3,4,5,10,11,12,17,18,19,24,25,26,27,28,31,32,33,34,35,38,39,40,41,42,45,46,47,48,49]]
   00:00:00:00:00:05    00:00:00:00:00:02  [4[2,3,4,5], 6[2,3,4,5,9,10,11,12], 8[1,2,3,4,5,6,8,9,10,11,12,13,16,17,18,19], 10[2,5,9,12,16,17,18,19,23,24,25,26], 12[2,3,5,9,10,12,16,17,19,23,24,25,26,30,31,32], 14[1,2,5,8,9,12,15,16,19,22,23,24,25,26,29,30,31,32,37,38,39], 16[1,2,5,8,9,12,15,16,19,22,23,24,25,26,29,30,31,32,33,36,37,38,39,40,44,45], 18[1,2,5,8,9,12,15,16,19,22,23,24,25,26,29,30,31,32,33,34,36,37,38,39,40,41,43,44,45,46], 20[1,2,5,8,9,12,15,16,19,22,23,24,25,26,29,30,31,32,33,34,35,36,37,38,39,40,41,42,43,44,45,46,47], 22[1,2,3,5,8,9,10,12,15,16,17,19,22,23,24,25,26,27,28,29,30,31,32,33,34,35,36,37,38,39,40,41,42,43,44,45,46,47,48], 24[1,2,3,5,8,9,10,12,15,16,17,19,22,23,24,25,26,27,28,29,30,31,32,33,34,35,36,37,38,39,40,41,42,43,44,45,46,47,48,49], 26[1,2,3,5,8,9,10,12,15,16,17,19,22,23,24,25,26,27,28,29,30,31,32,33,34,35,36,37,38,39,40,41,42,43,44,45,46,47,48,49], 28[1,2,3,5,8,9,10,12,15,16,17,19,22,23,24,25,26,27,28,29,30,31,32,33,34,35,36,37,38,39,40,41,42,43,44,45,46,47,48,49], 30[1,2,5,8,9,12,15,16,19,22,23,25,26,27,28,29,30,31,32,33,34,35,36,37,38,39,40,41,42,43,44,45,46,47,48,49], 32[1,2,5,8,9,12,15,16,19,22,23,25,26,27,28,29,30,31,32,33,34,35,36,37,38,39,40,41,42,43,44,45,46,47,48,49]]
   00:00:00:00:00:05    00:00:00:00:00:0b  [7[5,12,13,14,20,21,27,28,34,35], 9[5,12,13,20,26,27,33,34,35,41,42], 11[5,12,13,20,26,27,33,34,35,40,41,42], 13[5,12,13,20,26,27,32,33,34,35,39,40,41,42,47,48,49], 15[5,12,13,20,26,27,31,32,33,34,35,38,39,40,41,42,46,47,48,49], 17[5,12,13,20,26,27,30,31,32,33,34,35,37,38,39,40,41,42,45,46,47,48,49], 19[5,12,13,20,26,27,29,30,31,32,33,34,35,36,37,38,39,40,41,42,44,45,46,47,48,49], 21[5,12,13,20,26,27,29,30,31,32,33,34,35,36,37,38,39,40,41,42,43,44,45,46,47,48,49], 23[5,12,13,20,26,27,29,30,31,32,33,34,35,36,37,38,39,40,41,42,43,44,45,46,47,48,49], 25[5,12,13,20,26,27,29,30,31,32,33,34,35,36,37,38,39,40,41,42,43,44,45,46,47,48,49], 27[5,12,13,20,26,27,29,30,31,32,33,34,35,36,37,38,39,40,41,42,43,44,45,46,47,48,49]]
   00:00:00:00:00:05    00:00:00:00:00:17  [7[1,2,3,4,5,8,9,10,11,12,15,16,17,18,19], 9[5,12,15,16,17,18,19,22,23,24,25,26], 11[5,12,15,16,19,22,23,24,25,26,29,30,31], 13[5,12,15,16,19,22,23,24,25,26,29,30,31,36,37,38], 15[5,12,15,16,19,22,23,24,25,26,29,30,31,32,36,37,38,39,43,44], 17[5,12,15,16,19,22,23,24,25,26,29,30,31,32,33,36,37,38,39,40,43,44,45], 19[5,12,15,16,19,22,23,24,25,26,29,30,31,32,33,34,36,37,38,39,40,41,43,44,45,46], 21[5,12,15,16,19,22,23,24,25,26,29,30,31,32,33,34,35,36,37,38,39,40,41,42,43,44,45,46,47], 23[5,12,15,16,19,22,23,24,25,26,27,28,29,30,31,32,33,34,35,36,37,38,39,40,41,42,43,44,45,46,47,48], 25[5,12,15,16,19,22,23,24,25,26,27,28,29,30,31,32,33,34,35,36,37,38,39,40,41,42,43,44,45,46,47,48,49], 27[5,12,15,16,19,22,23,24,25,26,27,28,29,30,31,32,33,34,35,36,37,38,39,40,41,42,43,44,45,46,47,48,49], 29[5,12,15,19,22,23,24,25,26,27,28,29,30,31,32,33,34,35,36,37,38,39,40,41,42,43,44,45,46,47,48,49], 31[5,12,15,19,22,23,24,25,26,27,28,29,30,31,32,33,34,35,36,37,38,39,40,41,42,43,44,45,46,47,48,49]]
   00:00:00:00:00:05    00:00:00:00:00:03  [3[3,4,5], 5[3,4,5,10,11,12], 7[2,3,4,5,6,9,10,11,12,13,17,18,19], 9[3,4,5,10,11,12,17,18,19,24,25,26], 11[3,5,10,12,17,19,24,25,26,31,32,33], 13[3,4,5,10,11,12,17,18,19,24,25,26,27,31,32,33,34,38,39], 15[3,4,5,10,11,12,17,18,19,24,25,26,27,28,31,32,33,34,35,38,39,40,45,46], 17[2,3,4,5,9,10,11,12,16,17,18,19,23,24,25,26,27,28,30,31,32,33,34,35,38,39,40,41,45,46,47], 19[2,3,4,5,9,10,11,12,16,17,18,19,23,24,25,26,27,28,30,31,32,33,34,35,37,38,39,40,41,42,45,46,47,48], 21[2,3,4,5,9,10,11,12,16,17,18,19,23,24,25,26,27,28,30,31,32,33,34,35,37,38,39,40,41,42,44,45,46,47,48,49], 23[2,3,4,5,9,10,11,12,16,17,18,19,23,24,25,26,27,28,30,31,32,33,34,35,37,38,39,40,41,42,44,45,46,47,48,49], 25[2,3,4,5,9,10,11,12,16,17,18,19,23,24,25,26,27,28,30,31,32,33,34,35,37,38,39,40,41,42,44,45,46,47,48,49], 27[2,3,4,5,9,10,11,12,16,17,18,19,23,24,25,26,27,28,30,31,32,33,34,35,37,38,39,40,41,42,44,45,46,47,48,49], 29[2,3,4,5,9,10,11,12,16,17,18,19,23,24,25,26,27,28,30,31,32,33,34,35,37,38,39,40,41,42,44,45,46,47,48,49]]
   00:00:00:00:00:05    00:00:00:00:00:07  [3[5,6,7], 5[5,6,7,12,13,14], 7[5,6,7,13,14,20,21], 9[5,6,7,13,14,20,21,27,28], 11[5,6,7,13,14,20,21,27,28,34,35], 13[5,6,7,13,14,20,21,26,27,28,33,34,35,41,42], 15[5,6,7,13,14,20,21,26,27,28,33,34,35,40,41,42], 17[5,6,7,13,14,20,21,26,27,28,32,33,34,35,39,40,41,42,47,48,49], 19[5,6,7,13,14,20,21,26,27,28,31,32,33,34,35,38,39,40,41,42,46,47,48,49], 21[5,6,7,13,14,20,21,26,27,28,30,31,32,33,34,35,37,38,39,40,41,42,45,46,47,48,49], 23[5,6,7,13,14,20,21,26,27,28,29,30,31,32,33,34,35,36,37,38,39,40,41,42,44,45,46,47,48,49], 25[5,6,7,13,14,20,21,26,27,28,29,30,31,32,33,34,35,36,37,38,39,40,41,42,43,44,45,46,47,48,49], 27[5,6,7,13,14,20,21,26,27,28,29,30,31,32,33,34,35,36,37,38,39,40,41,42,43,44,45,46,47,48,49], 29[5,6,7,13,14,20,21,26,27,28,29,30,31,32,33,34,35,36,37,38,39,40,41,42,43,44,45,46,47,48,49], 31[5,6,7,13,14,20,21,26,27,28,29,30,31,32,33,34,35,36,37,38,39,40,41,42,43,44,45,46,47,48,49]]
   00:00:00:00:00:05    00:00:00:00:00:18  [6[1,2,3,4,5,8,9,10,11,12], 8[1,2,3,4,5,6,8,9,10,11,12,13,15,16,17,18,19], 10[5,8,9,10,11,12,15,16,17,18,19,22,23,24,25,26], 12[5,8,9,10,12,15,16,17,19,22,23,24,25,26,29,30,31,32], 14[5,8,9,12,15,16,19,22,23,24,25,26,29,30,31,32,36,37,38,39], 16[5,8,9,12,15,16,19,22,23,24,25,26,29,30,31,32,33,36,37,38,39,40,43,44,45], 18[5,8,9,12,15,16,19,22,23,24,25,26,29,30,31,32,33,34,36,37,38,39,40,41,43,44,45,46], 20[5,8,9,12,15,16,19,22,23,24,25,26,29,30,31,32,33,34,36,37,38,39,40,41,43,44,45,46,47], 22[5,8,9,12,15,16,19,22,23,24,25,26,29,30,31,32,33,34,36,37,38,39,40,41,43,44,45,46,47,48], 24[5,8,9,12,15,16,19,22,23,24,25,26,29,30,31,32,33,34,36,37,38,39,40,41,42,43,44,45,46,47,48,49], 26[5,8,9,12,15,16,19,22,23,24,25,26,29,30,31,32,33,34,35,36,37,38,39,40,41,42,43,44,45,46,47,48,49], 28[5,8,9,12,15,16,19,22,23,24,25,26,27,28,29,30,31,32,33,34,35,36,37,38,39,40,41,42,43,44,45,46,47,48,49], 30[5,8,9,12,15,16,19,22,23,24,25,26,27,28,29,30,31,32,33,34,35,36,37,38,39,40,41,42,43,44,45,46,47,48,49], 32[5,8,9,12,15,16,19,20,21,22,23,24,25,26,27,28,29,30,31,32,33,34,35,36,37,38,39,40,41,42,43,44,45,46,47,48,49]]
   00:00:00:00:00:05    00:00:00:00:00:06  [2[5,6], 4[5,6,12,13], 6[4,5,6,7,11,12,13,14,19,20], 8[5,6,12,13,19,20,26,27], 10[5,6,7,12,13,14,19,20,21,26,27,28,33,34], 12[5,6,7,12,13,14,19,20,21,25,26,27,28,32,33,34,35,40,41], 14[5,6,7,12,13,14,19,20,21,25,26,27,28,32,33,34,35,39,40,41,42,47,48], 16[5,6,12,13,14,19,20,21,25,26,27,28,31,32,33,34,35,38,39,40,41,42,46,47,48], 18[5,6,12,13,14,19,20,21,25,26,27,28,30,31,32,33,34,35,37,38,39,40,41,42,45,46,47,48], 20[5,6,12,13,14,19,20,21,25,26,27,28,29,30,31,32,33,34,35,36,37,38,39,40,41,42,44,45,46,47,48], 22[5,6,7,12,13,14,19,20,21,25,26,27,28,29,30,31,32,33,34,35,36,37,38,39,40,41,42,43,44,45,46,47,48], 24[5,6,7,12,13,14,19,20,21,25,26,27,28,29,30,31,32,33,34,35,36,37,38,39,40,41,42,43,44,45,46,47,48,49], 26[5,6,7,12,13,14,19,20,21,25,26,27,28,29,30,31,32,33,34,35,36,37,38,39,40,41,42,43,44,45,46,47,48,49], 28[5,6,7,12,13,14,19,20,21,26,27,28,29,30,31,32,33,34,35,36,37,38,39,40,41,42,43,44,45,46,47,48,49], 30[5,6,7,12,13,14,19,20,21,26,27,28,29,30,31,32,33,34,35,36,37,38,39,40,41,42,43,44,45,46,47,48,49]]
   00:00:00:00:00:05    00:00:00:00:00:16  [8[1,2,3,4,5,8,9,15,16,22,23], 10[2,3,4,5,9,16,22,23,29,30], 12[2,3,4,5,9,16,22,23,29,30,36,37], 14[2,3,4,5,9,16,22,23,29,30,31,36,37,38], 16[2,3,4,5,9,16,22,23,29,30,31,32,36,37,38,39], 18[2,3,4,5,9,16,22,23,29,30,31,32,33,36,37,38,39,40,43,44,45,46], 20[2,3,4,5,9,16,22,23,29,30,31,32,33,34,36,37,38,39,40,41,43,44,45,46,47], 22[2,3,4,5,9,16,22,23,26,27,29,30,31,32,33,34,35,36,37,38,39,40,41,42,43,44,45,46,47,48], 24[2,3,4,5,9,16,22,23,26,27,28,29,30,31,32,33,34,35,36,37,38,39,40,41,42,43,44,45,46,47,48,49], 26[2,3,4,5,9,16,22,23,26,27,28,29,30,31,32,33,34,35,36,37,38,39,40,41,42,43,44,45,46,47,48,49], 28[2,3,4,5,9,16,22,23,26,27,28,29,30,31,32,33,34,35,36,37,38,39,40,41,42,43,44,45,46,47,48,49], 30[2,3,4,5,9,16,22,23,26,27,28,29,30,31,32,33,34,35,36,37,38,39,40,41,42,43,44,45,46,47,48,49], 32[2,3,4,5,9,16,22,23,26,27,28,29,30,31,32,33,34,35,36,37,38,39,40,41,42,43,44,45,46,47,48,49]]
   00:00:00:00:00:05    00:00:00:00:00:12  [10[2,3,4,5,9,16,23,30,37,44], 12[2,3,4,5,9,16,23,29,30,31,36,37,38,43,44], 14[2,3,4,5,9,16,23,29,30,31,32,36,37,38,39,44,45,46], 16[2,3,4,5,9,16,23,29,30,31,32,33,36,37,38,39,40,43,44,45,46,47], 18[2,3,4,5,9,16,23,29,30,31,32,33,34,36,37,38,39,40,41,43,44,45,46,47,48], 20[2,3,4,5,9,16,23,26,27,29,30,31,32,33,34,35,36,37,38,39,40,41,42,43,44,45,46,47,48,49], 22[2,3,4,5,9,16,23,26,27,28,29,30,31,32,33,34,35,36,37,38,39,40,41,42,43,44,45,46,47,48,49], 24[2,3,4,5,9,16,23,26,27,28,29,30,31,32,33,34,35,36,37,38,39,40,41,42,43,44,45,46,47,48,49], 26[2,3,4,5,9,16,23,26,27,28,29,30,31,32,33,34,35,36,37,38,39,40,41,42,43,44,45,46,47,48,49], 28[2,3,4,5,9,16,23,26,27,28,29,30,31,32,33,34,35,36,37,38,39,40,41,42,43,44,45,46,47,48,49], 30[2,3,4,5,9,16,23,26,27,28,29,30,31,32,33,34,35,36,37,38,39,40,41,42,43,44,45,46,47,48,49]]
   00:00:00:00:00:05    00:00:00:00:00:0e  [8[5,12,13,20,27,34,41,48], 10[5,12,13,20,26,27,28,33,34,35,40,41,42,47,48], 12[5,12,13,20,26,27,28,32,33,34,35,39,40,41,42,46,47,48,49], 14[5,12,13,20,26,27,28,31,32,33,34,35,38,39,40,41,42,45,46,47,48,49], 16[5,12,13,20,26,27,28,30,31,32,33,34,35,37,38,39,40,41,42,44,45,46,47,48,49], 18[5,12,13,20,26,27,28,29,30,31,32,33,34,35,36,37,38,39,40,41,42,43,44,45,46,47,48,49], 20[5,12,13,20,26,27,28,29,30,31,32,33,34,35,36,37,38,39,40,41,42,43,44,45,46,47,48,49], 22[5,12,13,20,26,27,28,29,30,31,32,33,34,35,36,37,38,39,40,41,42,43,44,45,46,47,48,49], 24[5,12,13,20,26,27,28,29,30,31,32,33,34,35,36,37,38,39,40,41,42,43,44,45,46,47,48,49], 26[5,12,13,20,26,27,28,29,30,31,32,33,34,35,36,37,38,39,40,41,42,43,44,45,46,47,48,49]]
   00:00:00:00:00:05    00:00:00:00:00:0f  [7[5,12,19,26,33,40,47], 9[5,12,19,25,26,27,32,33,34,39,40,41,46,47,48], 11[5,12,19,26,27,28,31,32,33,34,35,38,39,40,41,42,45,46,47,48,49], 13[5,12,19,26,27,28,30,31,32,33,34,35,37,38,39,40,41,42,44,45,46,47,48,49], 15[5,12,19,26,27,28,29,30,31,32,33,34,35,36,37,38,39,40,41,42,43,44,45,46,47,48,49], 17[5,12,19,26,27,28,29,30,31,32,33,34,35,36,37,38,39,40,41,42,43,44,45,46,47,48,49], 19[5,12,19,26,27,28,29,30,31,32,33,34,35,36,37,38,39,40,41,42,43,44,45,46,47,48,49], 21[5,12,19,26,27,28,29,30,31,32,33,34,35,36,37,38,39,40,41,42,43,44,45,46,47,48,49], 23[5,12,19,26,27,28,29,30,31,32,33,34,35,36,37,38,39,40,41,42,43,44,45,46,47,48,49], 25[5,12,19,26,27,28,29,30,31,32,33,34,35,36,37,38,39,40,41,42,43,44,45,46,47,48,49], 27[5,12,19,26,27,28,29,30,31,32,33,34,35,36,37,38,39,40,41,42,43,44,45,46,47,48,49]]
   00:00:00:00:00:05    00:00:00:00:00:0a  [6[5,12,13,14,20,21,27,28], 8[5,12,13,20,27,28,34,35], 10[5,12,13,20,26,27,28,33,34,35,41,42], 12[5,12,13,20,26,27,28,33,34,35,40,41,42], 14[5,12,13,20,26,27,28,32,33,34,35,39,40,41,42,47,48,49], 16[5,12,13,20,26,27,28,31,32,33,34,35,38,39,40,41,42,46,47,48,49], 18[5,12,13,20,26,27,28,30,31,32,33,34,35,37,38,39,40,41,42,45,46,47,48,49], 20[5,12,13,20,26,27,28,29,30,31,32,33,34,35,36,37,38,39,40,41,42,44,45,46,47,48,49], 22[5,12,13,20,26,27,28,29,30,31,32,33,34,35,36,37,38,39,40,41,42,43,44,45,46,47,48,49], 24[5,12,13,20,26,27,28,29,30,31,32,33,34,35,36,37,38,39,40,41,42,43,44,45,46,47,48,49], 26[5,12,13,20,26,27,28,29,30,31,32,33,34,35,36,37,38,39,40,41,42,43,44,45,46,47,48,49], 28[5,12,13,20,26,27,28,29,30,31,32,33,34,35,36,37,38,39,40,41,42,43,44,45,46,47,48,49]]
   00:00:00:00:00:05    00:00:00:00:00:01  [5[1,2,3,4,5], 7[1,2,3,4,5,8,9,10,11,12], 9[1,2,3,4,5,6,8,9,10,11,12,13,15,16,17,18,19], 11[1,5,8,9,12,15,16,17,18,19,22,23,24,25,26], 13[1,2,3,5,8,9,10,12,15,16,17,19,22,23,24,25,26,29,30,31,32], 15[1,2,5,8,9,12,15,16,19,22,23,24,25,26,29,30,31,32,36,37,38], 17[1,2,5,8,9,12,15,16,19,22,23,24,25,26,29,30,31,32,36,37,38,43,44,45], 19[1,2,5,8,9,12,15,16,19,22,23,24,25,26,29,30,31,32,36,37,38,39,43,44,45,46], 21[1,2,5,8,9,12,15,16,19,22,23,24,25,26,29,30,31,32,36,37,38,39,40,43,44,45,46,47], 23[1,2,5,8,9,12,15,16,19,22,23,24,25,26,29,30,31,32,36,37,38,39,40,41,43,44,45,46,47,48], 25[1,2,5,8,9,12,15,16,19,22,23,24,25,26,29,30,31,32,33,34,36,37,38,39,40,41,42,43,44,45,46,47,48,49], 27[1,2,5,8,9,12,15,16,19,22,23,24,25,26,29,30,31,32,33,34,35,36,37,38,39,40,41,42,43,44,45,46,47,48,49], 29[1,2,5,8,9,12,15,16,19,22,23,24,25,26,27,28,29,30,31,32,33,34,35,36,37,38,39,40,41,42,43,44,45,46,47,48,49], 31[1,2,5,8,9,12,15,16,19,22,23,24,25,26,27,28,29,30,31,32,33,34,35,36,37,38,39,40,41,42,43,44,45,46,47,48,49], 33[1,2,5,8,9,12,15,16,19,20,21,22,23,24,25,26,27,28,29,30,31,32,33,34,35,36,37,38,39,40,41,42,43,44,45,46,47,48,49]]
   00:00:00:00:00:05    00:00:00:00:00:11  [9[3,4,5,10,17,24,31,38,45], 11[3,4,5,10,17,24,30,31,32,37,38,39,44,45,46], 13[3,4,5,10,17,24,29,30,31,32,33,36,37,38,39,40,43,44,45,46,47], 15[3,4,5,10,17,24,29,30,31,32,33,34,36,37,38,39,40,41,43,44,45,46,47,48], 17[3,4,5,10,17,24,26,27,29,30,31,32,33,34,35,36,37,38,39,40,41,42,43,44,45,46,47,48,49], 19[3,4,5,10,17,24,26,27,28,29,30,31,32,33,34,35,36,37,38,39,40,41,42,43,44,45,46,47,48,49], 21[3,4,5,10,17,24,26,27,28,29,30,31,32,33,34,35,36,37,38,39,40,41,42,43,44,45,46,47,48,49], 23[3,4,5,10,17,24,26,27,28,29,30,31,32,33,34,35,36,37,38,39,40,41,42,43,44,45,46,47,48,49], 25[3,4,5,10,17,24,26,27,28,29,30,31,32,33,34,35,36,37,38,39,40,41,42,43,44,45,46,47,48,49], 27[3,4,5,10,17,24,26,27,28,29,30,31,32,33,34,35,36,37,38,39,40,41,42,43,44,45,46,47,48,49], 29[3,4,5,10,17,24,26,27,28,29,30,31,32,33,34,35,36,37,38,39,40,41,42,43,44,45,46,47,48,49]]
   00:00:00:00:00:05    00:00:00:00:00:14  [10[1,2,3,4,5,8,9,15,22,29,36], 12[1,2,3,4,5,8,15,22,29,30,36,37], 14[1,2,3,4,5,8,15,22,29,30,31,36,37,38], 16[1,2,3,4,5,8,15,22,29,30,31,32,36,37,38,39], 18[1,2,3,4,5,8,15,22,29,30,31,32,33,36,37,38,39,40,43,44,45,46], 20[1,2,3,4,5,8,15,22,29,30,31,32,33,34,36,37,38,39,40,41,43,44,45,46,47], 22[1,2,3,4,5,8,15,22,26,27,29,30,31,32,33,34,35,36,37,38,39,40,41,42,43,44,45,46,47,48], 24[1,2,3,4,5,8,15,22,26,27,28,29,30,31,32,33,34,35,36,37,38,39,40,41,42,43,44,45,46,47,48,49], 26[1,2,3,4,5,8,15,22,26,27,28,29,30,31,32,33,34,35,36,37,38,39,40,41,42,43,44,45,46,47,48,49], 28[1,2,3,4,5,8,15,22,26,27,28,29,30,31,32,33,34,35,36,37,38,39,40,41,42,43,44,45,46,47,48,49], 30[1,2,3,4,5,8,15,22,26,27,28,29,30,31,32,33,34,35,36,37,38,39,40,41,42,43,44,45,46,47,48,49], 32[1,2,3,4,5,8,15,22,26,27,28,29,30,31,32,33,34,35,36,37,38,39,40,41,42,43,44,45,46,47,48,49]]
   00:00:00:00:00:05    00:00:00:00:00:0c  [8[5,12,13,14,20,21,27,28,34,35,42], 10[5,12,13,20,26,27,28,33,34,35,40,41,42], 12[5,12,13,20,26,27,28,32,33,34,35,39,40,41,42,48,49], 14[5,12,13,20,26,27,28,31,32,33,34,35,38,39,40,41,42,47,48,49], 16[5,12,13,20,26,27,28,30,31,32,33,34,35,37,38,39,40,41,42,45,46,47,48,49], 18[5,12,13,20,26,27,28,29,30,31,32,33,34,35,36,37,38,39,40,41,42,44,45,46,47,48,49], 20[5,12,13,20,26,27,28,29,30,31,32,33,34,35,36,37,38,39,40,41,42,43,44,45,46,47,48,49], 22[5,12,13,20,26,27,28,29,30,31,32,33,34,35,36,37,38,39,40,41,42,43,44,45,46,47,48,49], 24[5,12,13,20,26,27,28,29,30,31,32,33,34,35,36,37,38,39,40,41,42,43,44,45,46,47,48,49], 26[5,12,13,20,26,27,28,29,30,31,32,33,34,35,36,37,38,39,40,41,42,43,44,45,46,47,48,49]]
   00:00:00:00:00:05    00:00:00:00:00:10  [8[4,5,11,12,18,25,32,39,46], 10[4,5,11,12,18,25,31,32,33,38,39,40,45,46,47], 12[4,5,11,12,18,25,30,31,32,33,34,37,38,39,40,41,44,45,46,47,48], 14[4,5,11,12,18,25,26,27,29,30,31,32,33,34,35,36,37,38,39,40,41,42,43,44,45,46,47,48,49], 16[4,5,11,12,18,25,26,27,28,29,30,31,32,33,34,35,36,37,38,39,40,41,42,43,44,45,46,47,48,49], 18[4,5,11,12,18,25,26,27,28,29,30,31,32,33,34,35,36,37,38,39,40,41,42,43,44,45,46,47,48,49], 20[4,5,11,12,18,25,26,27,28,29,30,31,32,33,34,35,36,37,38,39,40,41,42,43,44,45,46,47,48,49], 22[4,5,11,12,18,25,26,27,28,29,30,31,32,33,34,35,36,37,38,39,40,41,42,43,44,45,46,47,48,49], 24[4,5,11,12,18,25,26,27,28,29,30,31,32,33,34,35,36,37,38,39,40,41,42,43,44,45,46,47,48,49], 26[4,5,11,12,18,25,26,27,28,29,30,31,32,33,34,35,36,37,38,39,40,41,42,43,44,45,46,47,48,49], 28[4,5,11,18,25,26,27,28,29,30,31,32,33,34,35,36,37,38,39,40,41,42,43,44,45,46,47,48,49]]
   00:00:00:00:00:05    00:00:00:00:00:13  [11[1,2,3,4,5,8,9,15,22,29,36,43], 13[1,2,3,4,5,8,15,22,29,30,36,37,43], 15[1,2,3,4,5,8,15,22,29,30,31,36,37,38,43], 17[1,2,3,4,5,8,15,22,29,30,31,32,36,37,38,39,43,44,45,46], 19[1,2,3,4,5,8,15,22,29,30,31,32,33,36,37,38,39,40,43,44,45,46,47], 21[1,2,3,4,5,8,15,22,29,30,31,32,33,34,36,37,38,39,40,41,43,44,45,46,47,48], 23[1,2,3,4,5,8,15,22,26,27,29,30,31,32,33,34,35,36,37,38,39,40,41,42,43,44,45,46,47,48,49], 25[1,2,3,4,5,8,15,22,26,27,28,29,30,31,32,33,34,35,36,37,38,39,40,41,42,43,44,45,46,47,48,49], 27[1,2,3,4,5,8,15,22,26,27,28,29,30,31,32,33,34,35,36,37,38,39,40,41,42,43,44,45,46,47,48,49], 29[1,2,3,4,5,8,15,22,26,27,28,29,30,31,32,33,34,35,36,37,38,39,40,41,42,43,44,45,46,47,48,49], 31[1,2,3,4,5,8,15,22,26,27,28,29,30,31,32,33,34,35,36,37,38,39,40,41,42,43,44,45,46,47,48,49]]
   00:00:00:00:00:15    00:00:00:00:00:05  [9[4,5,11,12,18,19,22,23,24,25,26,29,30,31,32,33], 11[4,5,6,11,12,13,18,19,20,22,23,24,25,26,27,29,30,31,32,33,34,38,39,40], 13[4,5,6,11,12,13,18,19,20,22,23,24,25,26,27,29,30,31,32,33,34,38,39,40,41,46,47], 15[4,5,6,11,12,13,18,19,20,22,23,24,25,26,27,29,30,31,32,33,34,38,39,40,41,45,46,47,48], 17[4,5,6,11,12,13,18,19,20,22,23,24,25,26,27,29,30,31,32,33,34,37,38,39,40,41,44,45,46,47,48], 19[4,5,6,11,12,13,18,19,20,22,23,24,25,26,27,29,30,31,32,33,34,36,37,38,39,40,41,43,44,45,46,47,48], 21[4,5,6,11,12,13,18,19,20,22,23,24,25,26,27,29,30,31,32,33,34,36,37,38,39,40,41,43,44,45,46,47,48], 23[4,5,6,11,12,13,18,19,20,22,23,24,25,26,27,29,30,31,32,33,34,36,37,38,39,40,41,43,44,45,46,47,48], 25[4,5,11,12,18,19,25,26,27,29,30,31,32,33,34,36,37,38,39,40,41,43,44,45,46,47,48]]
   00:00:00:00:00:15    00:00:00:00:00:09  [9[18,19,20,21,22,23,24,25,26,27,28,29], 11[20,21,22,23,24,25,26,27,28,29,33,34,35], 13[20,21,22,23,24,25,26,27,28,29,33,34,35,40,41,42], 15[20,21,22,23,24,25,26,27,28,29,32,33,34,35,39,40,41,42,48,49], 17[20,21,22,23,24,25,26,27,28,29,31,32,33,34,35,38,39,40,41,42,47,48,49], 19[20,21,22,23,24,25,26,27,28,29,30,31,32,33,34,35,37,38,39,40,41,42,46,47,48,49], 21[20,21,22,23,24,25,26,27,28,29,30,31,32,33,34,35,37,38,39,40,41,42,44,45,46,47,48,49], 23[20,21,22,23,24,25,26,27,28,29,30,31,32,33,34,35,36,37,38,39,40,41,42,43,44,45,46,47,48,49], 25[20,21,22,23,24,25,26,27,28,29,30,31,32,33,34,35,36,37,38,39,40,41,42,43,44,45,46,47,48,49], 27[20,21,22,23,24,25,26,27,28,29,30,31,32,33,34,35,36,37,38,39,40,41,42,43,44,45,46,47,48,49], 29[20,21,22,23,24,25,26,27,28,29,30,31,32,33,34,35,36,37,38,39,40,41,42,43,44,45,46,47,48,49]]
   00:00:00:00:00:15    00:00:00:00:00:08  [10[13,14,18,19,20,21,22,23,24,25,26,27,28,29], 12[13,14,20,21,22,23,24,25,26,27,28,29,33,34,35], 14[13,14,20,21,22,23,24,25,26,27,28,29,33,34,35,40,41,42], 16[13,14,20,21,22,23,24,25,26,27,28,29,32,33,34,35,39,40,41,42,48,49], 18[13,14,20,21,22,23,24,25,26,27,28,29,31,32,33,34,35,38,39,40,41,42,47,48,49], 20[13,14,20,21,22,23,24,25,26,27,28,29,30,31,32,33,34,35,37,38,39,40,41,42,46,47,48,49], 22[13,14,20,21,22,23,24,25,26,27,28,29,30,31,32,33,34,35,37,38,39,40,41,42,44,45,46,47,48,49], 24[13,14,20,21,22,23,24,25,26,27,28,29,30,31,32,33,34,35,36,37,38,39,40,41,42,43,44,45,46,47,48,49], 26[13,14,20,21,22,23,24,25,26,27,28,29,30,31,32,33,34,35,36,37,38,39,40,41,42,43,44,45,46,47,48,49], 28[13,14,20,21,22,23,24,25,26,27,28,29,30,31,32,33,34,35,36,37,38,39,40,41,42,43,44,45,46,47,48,49], 30[13,14,20,21,22,23,24,25,26,27,28,29,30,31,32,33,34,35,36,37,38,39,40,41,42,43,44,45,46,47,48,49]]
   00:00:00:00:00:15    00:00:00:00:00:0d  [11[22,23,24,25,26,27,28,29,33,34,35,40,41,42,48,49], 13[18,19,20,21,22,23,24,25,26,27,28,29,32,33,34,35,39,40,41,42,47,48,49], 15[22,23,24,25,26,27,28,29,31,32,33,34,35,38,39,40,41,42,46,47,48,49], 17[22,23,24,25,26,27,28,29,30,31,32,33,34,35,37,38,39,40,41,42,45,46,47,48,49], 19[22,23,24,25,26,27,28,29,30,31,32,33,34,35,37,38,39,40,41,42,44,45,46,47,48,49], 21[22,23,24,25,26,27,28,29,30,31,32,33,34,35,36,37,38,39,40,41,42,43,44,45,46,47,48,49], 23[22,23,24,25,26,27,28,29,30,31,32,33,34,35,36,37,38,39,40,41,42,43,44,45,46,47,48,49], 25[22,23,24,25,26,27,28,29,30,31,32,33,34,35,36,37,38,39,40,41,42,43,44,45,46,47,48,49], 27[22,23,24,25,26,27,28,29,30,31,32,33,34,35,36,37,38,39,40,41,42,43,44,45,46,47,48,49]]
   00:00:00:00:00:15    00:00:00:00:00:04  [8[3,4,10,11,17,18,22,23,24,25,29,30,31,32], 10[3,4,5,10,11,12,17,18,19,24,25,26,29,30,31,32,33,37,38,39], 12[3,4,5,6,10,11,12,13,17,18,19,20,24,25,26,27,29,30,31,32,33,34,37,38,39,40,44,45,46], 14[3,4,5,6,10,11,12,13,17,18,19,20,24,25,26,27,29,30,31,32,33,34,36,37,38,39,40,41,43,44,45,46,47], 16[3,4,5,6,10,11,12,13,17,18,19,20,24,25,26,27,29,30,31,32,33,34,36,37,38,39,40,41,43,44,45,46,47,48], 18[3,4,5,6,10,11,12,13,17,18,19,20,24,25,26,27,29,30,31,32,33,34,36,37,38,39,40,41,43,44,45,46,47,48], 20[3,4,5,6,10,11,12,13,17,18,19,20,24,25,26,27,29,30,31,32,33,34,36,37,38,39,40,41,43,44,45,46,47,48], 22[4,5,6,11,12,13,18,19,20,25,26,27,29,30,31,32,33,34,36,37,38,39,40,41,43,44,45,46,47,48], 24[4,5,6,11,12,13,18,19,20,25,26,27,29,30,31,32,33,34,36,37,38,39,40,41,43,44,45,46,47,48]]
   00:00:00:00:00:15    00:00:00:00:00:02  [6[1,2,8,9,15,16,22,23,29,30], 8[1,2,3,8,9,10,15,16,17,22,23,24,29,30,31,36,37], 10[1,2,3,4,8,9,10,11,15,16,17,18,22,23,24,25,29,30,31,32,36,37,38,43,44], 12[1,2,3,4,8,9,10,11,15,16,17,18,22,23,24,25,29,30,31,32,36,37,38,39,43,44,45], 14[1,2,3,4,8,9,10,11,15,16,17,18,22,23,24,25,29,30,31,32,36,37,38,39,43,44,45,46], 16[1,2,3,4,8,9,10,11,15,16,17,18,22,23,24,25,29,30,31,32,36,37,38,39,43,44,45,46], 18[2,3,4,9,10,11,16,17,18,23,24,25,29,30,31,32,36,37,38,39,43,44,45,46]]
   00:00:00:00:00:15    00:00:00:00:00:0b  [9[22,23,24,25,26,27,28,29,33,34,35], 11[18,19,20,21,22,23,24,25,26,27,28,29,33,34,35,40,41,42], 13[22,23,24,25,26,27,28,29,32,33,34,35,39,40,41,42,47,48,49], 15[22,23,24,25,26,27,28,29,31,32,33,34,35,38,39,40,41,42,46,47,48,49], 17[22,23,24,25,26,27,28,29,30,31,32,33,34,35,37,38,39,40,41,42,45,46,47,48,49], 19[22,23,24,25,26,27,28,29,30,31,32,33,34,35,37,38,39,40,41,42,44,45,46,47,48,49], 21[22,23,24,25,26,27,28,29,30,31,32,33,34,35,36,37,38,39,40,41,42,43,44,45,46,47,48,49], 23[22,23,24,25,26,27,28,29,30,31,32,33,34,35,36,37,38,39,40,41,42,43,44,45,46,47,48,49], 25[22,23,24,25,26,27,28,29,30,31,32,33,34,35,36,37,38,39,40,41,42,43,44,45,46,47,48,49], 27[22,23,24,25,26,27,28,29,30,31,32,33,34,35,36,37,38,39,40,41,42,43,44,45,46,47,48,49]]
   00:00:00:00:00:15    00:00:00:00:00:17  [3[15,22,29], 5[15,16,22,23,29,30], 7[8,9,15,16,17,22,23,24,29,30,31,36,37], 9[8,9,15,16,17,18,22,23,24,25,29,30,31,32,36,37,38,43,44], 11[8,9,15,16,17,18,19,22,23,24,25,26,29,30,31,32,33,36,37,38,39,43,44,45], 13[8,9,15,16,17,18,19,22,23,24,25,26,29,30,31,32,33,36,37,38,39,40,43,44,45,46], 15[15,16,17,18,19,22,23,24,25,26,29,30,31,32,33,36,37,38,39,40,43,44,45,46,47], 17[15,16,17,18,19,22,23,24,25,26,29,30,31,32,33,36,37,38,39,40,43,44,45,46,47], 19[15,16,17,18,19,22,23,24,25,26,29,30,31,32,33,36,37,38,39,40,43,44,45,46,47], 21[15,16,17,18,19,22,23,24,25,26,29,30,31,32,33,36,37,38,39,40,43,44,45,46,47]]
   00:00:00:00:00:15    00:00:00:00:00:03  [7[2,3,9,10,16,17,22,23,24,29,30,31], 9[2,3,4,9,10,11,16,17,18,23,24,25,29,30,31,32,36,37,38], 11[2,3,4,5,9,10,11,12,16,17,18,19,23,24,25,26,29,30,31,32,33,36,37,38,39,43,44,45], 13[2,3,4,5,9,10,11,12,16,17,18,19,23,24,25,26,29,30,31,32,33,36,37,38,39,40,43,44,45,46], 15[2,3,4,5,9,10,11,12,16,17,18,19,23,24,25,26,29,30,31,32,33,36,37,38,39,40,43,44,45,46,47], 17[2,3,4,5,9,10,11,12,16,17,18,19,23,24,25,26,29,30,31,32,33,36,37,38,39,40,43,44,45,46,47], 19[3,4,5,10,11,12,17,18,19,24,25,26,29,30,31,32,33,36,37,38,39,40,43,44,45,46,47], 21[3,4,5,10,11,12,17,18,19,24,25,26,29,30,31,32,33,36,37,38,39,40,43,44,45,46,47]]
   00:00:00:00:00:15    00:00:00:00:00:07  [11[6,7,13,14,18,19,20,21,22,23,24,25,26,27,28,29], 13[6,7,13,14,20,21,22,23,24,25,26,27,28,29,33,34,35], 15[6,7,13,14,20,21,22,23,24,25,26,27,28,29,33,34,35,40,41,42], 17[6,7,13,14,20,21,22,23,24,25,26,27,28,29,32,33,34,35,39,40,41,42,48,49], 19[6,7,13,14,20,21,22,23,24,25,26,27,28,29,31,32,33,34,35,38,39,40,41,42,47,48,49], 21[6,7,13,14,20,21,22,23,24,25,26,27,28,29,30,31,32,33,34,35,37,38,39,40,41,42,46,47,48,49], 23[6,7,13,14,20,21,22,23,24,25,26,27,28,29,30,31,32,33,34,35,37,38,39,40,41,42,44,45,46,47,48,49], 25[6,7,13,14,20,21,22,23,24,25,26,27,28,29,30,31,32,33,34,35,36,37,38,39,40,41,42,43,44,45,46,47,48,49], 27[6,7,13,14,20,21,22,23,24,25,26,27,28,29,30,31,32,33,34,35,36,37,38,39,40,41,42,43,44,45,46,47,48,49], 29[6,7,13,14,20,21,22,23,24,25,26,27,28,29,30,31,32,33,34,35,36,37,38,39,40,41,42,43,44,45,46,47,48,49], 31[6,7,13,14,20,21,22,23,24,25,26,27,28,29,30,31,32,33,34,35,36,37,38,39,40,41,42,43,44,45,46,47,48,49]]
   00:00:00:00:00:15    00:00:00:00:00:18  [4[8,15,22,29], 6[8,9,15,16,22,23,29,30], 8[1,2,8,9,10,15,16,17,22,23,24,29,30,31,36,37], 10[1,2,8,9,10,11,15,16,17,18,22,23,24,25,29,30,31,32,36,37,38,43,44], 12[1,2,8,9,10,11,15,16,17,18,22,23,24,25,29,30,31,32,36,37,38,39,43,44,45], 14[1,2,8,9,10,11,15,16,17,18,22,23,24,25,29,30,31,32,36,37,38,39,43,44,45,46], 16[1,2,8,9,10,11,15,16,17,18,22,23,24,25,29,30,31,32,36,37,38,39,43,44,45,46], 18[8,9,10,11,15,16,17,18,22,23,24,25,29,30,31,32,36,37,38,39,43,44,45,46]]
   00:00:00:00:00:15    00:00:00:00:00:06  [10[5,6,12,13,18,19,20,22,23,24,25,26,27,29], 12[6,7,13,14,20,21,22,23,24,25,26,27,28,29,33,34], 14[6,7,13,14,20,21,22,23,24,25,26,27,28,29,33,34,35,40,41], 16[6,7,13,14,20,21,22,23,24,25,26,27,28,29,32,33,34,35,39,40,41,42,47,48], 18[6,7,13,14,20,21,22,23,24,25,26,27,28,29,31,32,33,34,35,38,39,40,41,42,46,47,48,49], 20[6,7,13,14,20,21,22,23,24,25,26,27,28,29,30,31,32,33,34,35,37,38,39,40,41,42,45,46,47,48,49], 22[6,7,13,14,20,21,22,23,24,25,26,27,28,29,30,31,32,33,34,35,37,38,39,40,41,42,44,45,46,47,48,49], 24[6,7,13,14,20,21,22,23,24,25,26,27,28,29,30,31,32,33,34,35,36,37,38,39,40,41,42,43,44,45,46,47,48,49], 26[6,7,13,14,20,21,22,23,24,25,26,27,28,29,30,31,32,33,34,35,36,37,38,39,40,41,42,43,44,45,46,47,48,49], 28[6,7,13,14,20,21,22,23,24,25,26,27,28,29,30,31,32,33,34,35,36,37,38,39,40,41,42,43,44,45,46,47,48,49], 30[6,7,13,14,20,21,22,23,24,25,26,27,28,29,30,31,32,33,34,35,36,37,38,39,40,41,42,43,44,45,46,47,48,49], 32[6,7,13,14,20,21,22,23,24,25,26,27,28,29,30,31,32,33,34,35,36,37,38,39,40,41,42,43,44,45,46,47,48,49]]
   00:00:00:00:00:15    00:00:00:00:00:16  [2[22,29], 4[22,23,29,30], 6[15,16,22,23,24,29,30,31,36,37], 8[15,16,17,22,23,24,25,29,30,31,32,36,37,38,43,44], 10[15,16,17,22,23,24,25,26,29,30,31,32,33,36,37,38,39,43,44,45], 12[15,16,22,23,24,25,26,29,30,31,32,33,36,37,38,39,40,43,44,45,46], 14[15,16,17,22,23,24,25,26,29,30,31,32,33,36,37,38,39,40,43,44,45,46,47], 16[15,16,17,22,23,24,25,26,29,30,31,32,33,36,37,38,39,40,43,44,45,46,47], 18[15,16,17,22,23,24,25,26,29,30,31,32,33,36,37,38,39,40,43,44,45,46,47], 20[15,16,17,22,23,24,25,26,29,30,31,32,33,36,37,38,39,40,43,44,45,46,47]]
   00:00:00:00:00:15    00:00:00:00:00:12  [4[29,30,37,44], 6[29,30,31,36,37,38,43,44,45], 8[29,30,31,32,36,37,38,39,43,44,45,46], 10[29,30,31,32,33,36,37,38,39,40,43,44,45,46,47], 12[29,30,31,32,33,34,36,37,38,39,40,41,43,44,45,46,47,48], 14[26,27,29,30,31,32,33,34,35,36,37,38,39,40,41,42,43,44,45,46,47,48,49], 16[26,27,28,29,30,31,32,33,34,35,36,37,38,39,40,41,42,43,44,45,46,47,48,49], 18[26,27,28,29,30,31,32,33,34,35,36,37,38,39,40,41,42,43,44,45,46,47,48,49], 20[26,27,28,29,30,31,32,33,34,35,36,37,38,39,40,41,42,43,44,45,46,47,48,49], 22[26,27,28,29,30,31,32,33,34,35,36,37,38,39,40,41,42,43,44,45,46,47,48,49], 24[26,27,28,29,30,31,32,33,34,35,36,37,38,39,40,41,42,43,44,45,46,47,48,49]]
   00:00:00:00:00:15    00:00:00:00:00:0e  [10[22,23,24,25,26,27,29,33,34,40,41,48], 12[18,19,20,22,23,24,25,26,27,28,29,32,33,34,35,39,40,41,42,47,48,49], 14[22,23,24,25,26,27,28,29,31,32,33,34,35,38,39,40,41,42,45,46,47,48,49], 16[22,23,24,25,26,27,28,29,30,31,32,33,34,35,37,38,39,40,41,42,44,45,46,47,48,49], 18[22,23,24,25,26,27,28,29,30,31,32,33,34,35,36,37,38,39,40,41,42,43,44,45,46,47,48,49], 20[22,23,24,25,26,27,28,29,30,31,32,33,34,35,36,37,38,39,40,41,42,43,44,45,46,47,48,49], 22[22,23,24,25,26,27,28,29,30,31,32,33,34,35,36,37,38,39,40,41,42,43,44,45,46,47,48,49], 24[22,23,24,25,26,27,28,29,30,31,32,33,34,35,36,37,38,39,40,41,42,43,44,45,46,47,48,49], 26[22,23,24,25,26,27,28,29,30,31,32,33,34,35,36,37,38,39,40,41,42,43,44,45,46,47,48,49], 28[22,23,24,25,26,27,28,29,30,31,32,33,34,35,36,37,38,39,40,41,42,43,44,45,46,47,48,49]]
   00:00:00:00:00:15    00:00:00:00:00:0f  [7[29,30,31,32,33,37,38,39,40,44,45,46,47], 9[22,23,24,25,26,29,30,31,32,33,34,36,37,38,39,40,41,43,44,45,46,47,48], 11[26,27,29,30,31,32,33,34,35,36,37,38,39,40,41,42,43,44,45,46,47,48,49], 13[26,27,28,29,30,31,32,33,34,35,36,37,38,39,40,41,42,43,44,45,46,47,48,49], 15[26,27,28,29,30,31,32,33,34,35,36,37,38,39,40,41,42,43,44,45,46,47,48,49], 17[26,27,28,29,30,31,32,33,34,35,36,37,38,39,40,41,42,43,44,45,46,47,48,49], 19[26,27,28,29,30,31,32,33,34,35,36,37,38,39,40,41,42,43,44,45,46,47,48,49], 21[26,27,28,29,30,31,32,33,34,35,36,37,38,39,40,41,42,43,44,45,46,47,48,49], 23[26,27,28,29,30,31,32,33,34,35,36,37,38,39,40,41,42,43,44,45,46,47,48,49]]
   00:00:00:00:00:15    00:00:00:00:00:0a  [8[22,23,24,25,26,27,28,29], 10[18,19,20,21,22,23,24,25,26,27,28,29,32,33,34,35], 12[22,23,24,25,26,27,28,29,32,33,34,35,39,40,41,42], 14[22,23,24,25,26,27,28,29,31,32,33,34,35,38,39,40,41,42,47,48,49], 16[22,23,24,25,26,27,28,29,30,31,32,33,34,35,37,38,39,40,41,42,45,46,47,48,49], 18[22,23,24,25,26,27,28,29,30,31,32,33,34,35,37,38,39,40,41,42,44,45,46,47,48,49], 20[22,23,24,25,26,27,28,29,30,31,32,33,34,35,36,37,38,39,40,41,42,43,44,45,46,47,48,49], 22[22,23,24,25,26,27,28,29,30,31,32,33,34,35,36,37,38,39,40,41,42,43,44,45,46,47,48,49], 24[22,23,24,25,26,27,28,29,30,31,32,33,34,35,36,37,38,39,40,41,42,43,44,45,46,47,48,49], 26[22,23,24,25,26,27,28,29,30,31,32,33,34,35,36,37,38,39,40,41,42,43,44,45,46,47,48,49], 28[22,23,24,25,26,27,28,29,30,31,32,33,34,35,36,37,38,39,40,41,42,43,44,45,46,47,48,49]]
   00:00:00:00:00:15    00:00:00:00:00:01  [5[1,8,15,22,29], 7[1,2,8,9,15,16,22,23,29,30], 9[1,2,3,8,9,10,15,16,17,22,23,24,29,30,31,36,37], 11[1,2,3,4,8,9,10,11,15,16,17,18,22,23,24,25,29,30,31,32,36,37,38,43,44], 13[1,2,3,4,8,9,10,11,15,16,17,18,22,23,24,25,29,30,31,32,36,37,38,39,43,44,45], 15[1,2,3,4,8,9,10,11,15,16,17,18,22,23,24,25,29,30,31,32,36,37,38,39,43,44,45,46], 17[1,2,3,4,8,9,10,11,15,16,17,18,22,23,24,25,29,30,31,32,36,37,38,39,43,44,45,46], 19[1,2,3,4,8,9,10,11,15,16,17,18,22,23,24,25,29,30,31,32,36,37,38,39,43,44,45,46]]
   00:00:00:00:00:15    00:00:00:00:00:11  [5[29,30,31,36,37,38,44,45], 7[22,23,24,29,30,31,32,36,37,38,39,43,44,45,46], 9[29,30,31,32,33,36,37,38,39,40,43,44,45,46,47], 11[29,30,31,32,33,34,36,37,38,39,40,41,43,44,45,46,47,48], 13[26,27,29,30,31,32,33,34,35,36,37,38,39,40,41,42,43,44,45,46,47,48,49], 15[26,27,28,29,30,31,32,33,34,35,36,37,38,39,40,41,42,43,44,45,46,47,48,49], 17[26,27,28,29,30,31,32,33,34,35,36,37,38,39,40,41,42,43,44,45,46,47,48,49], 19[26,27,28,29,30,31,32,33,34,35,36,37,38,39,40,41,42,43,44,45,46,47,48,49], 21[26,27,28,29,30,31,32,33,34,35,36,37,38,39,40,41,42,43,44,45,46,47,48,49], 23[26,27,28,29,30,31,32,33,34,35,36,37,38,39,40,41,42,43,44,45,46,47,48,49]]
   00:00:00:00:00:15    00:00:00:00:00:14  [2[29,36], 4[29,30,36,37], 6[29,30,31,36,37,38], 8[29,30,31,32,36,37,38,39], 10[29,30,31,32,33,36,37,38,39,40,43,44,45,46], 12[29,30,31,32,33,34,36,37,38,39,40,41,43,44,45,46,47], 14[26,27,29,30,31,32,33,34,35,36,37,38,39,40,41,42,43,44,45,46,47,48], 16[26,27,28,29,30,31,32,33,34,35,36,37,38,39,40,41,42,43,44,45,46,47,48,49], 18[26,27,28,29,30,31,32,33,34,35,36,37,38,39,40,41,42,43,44,45,46,47,48,49], 20[26,27,28,29,30,31,32,33,34,35,36,37,38,39,40,41,42,43,44,45,46,47,48,49], 22[26,27,28,29,30,31,32,33,34,35,36,37,38,39,40,41,42,43,44,45,46,47,48,49], 24[26,27,28,29,30,31,32,33,34,35,36,37,38,39,40,41,42,43,44,45,46,47,48,49]]
   00:00:00:00:00:15    00:00:00:00:00:0c  [10[22,23,24,25,26,27,28,29,33,34,35,40,41,42], 12[18,19,20,21,22,23,24,25,26,27,28,29,32,33,34,35,39,40,41,42,48,49], 14[22,23,24,25,26,27,28,29,31,32,33,34,35,38,39,40,41,42,47,48,49], 16[22,23,24,25,26,27,28,29,30,31,32,33,34,35,37,38,39,40,41,42,45,46,47,48,49], 18[22,23,24,25,26,27,28,29,30,31,32,33,34,35,37,38,39,40,41,42,44,45,46,47,48,49], 20[22,23,24,25,26,27,28,29,30,31,32,33,34,35,36,37,38,39,40,41,42,43,44,45,46,47,48,49], 22[22,23,24,25,26,27,28,29,30,31,32,33,34,35,36,37,38,39,40,41,42,43,44,45,46,47,48,49], 24[22,23,24,25,26,27,28,29,30,31,32,33,34,35,36,37,38,39,40,41,42,43,44,45,46,47,48,49], 26[22,23,24,25,26,27,28,29,30,31,32,33,34,35,36,37,38,39,40,41,42,43,44,45,46,47,48,49], 28[22,23,24,25,26,27,28,29,30,31,32,33,34,35,36,37,38,39,40,41,42,43,44,45,46,47,48,49]]
   00:00:00:00:00:15    00:00:00:00:00:10  [6[29,30,31,32,39,46], 8[22,23,24,25,29,30,31,32,33,38,39,40,45,46], 10[22,23,24,29,30,31,32,33,34,37,38,39,40,41,44,45,46,47,48], 12[22,23,24,26,27,29,30,31,32,33,34,35,36,37,38,39,40,41,42,43,44,45,46,47,48,49], 14[22,23,24,26,27,28,29,30,31,32,33,34,35,36,37,38,39,40,41,42,43,44,45,46,47,48,49], 16[22,23,24,26,27,28,29,30,31,32,33,34,35,36,37,38,39,40,41,42,43,44,45,46,47,48,49], 18[22,23,24,26,27,28,29,30,31,32,33,34,35,36,37,38,39,40,41,42,43,44,45,46,47,48,49], 20[22,23,24,26,27,28,29,30,31,32,33,34,35,36,37,38,39,40,41,42,43,44,45,46,47,48,49], 22[22,23,24,26,27,28,29,30,31,32,33,34,35,36,37,38,39,40,41,42,43,44,45,46,47,48,49], 24[22,23,24,26,27,28,29,30,31,32,33,34,35,36,37,38,39,40,41,42,43,44,45,46,47,48,49], 26[22,23,24,26,27,28,29,30,31,32,33,34,35,36,37,38,39,40,41,42,43,44,45,46,47,48,49]]
   00:00:00:00:00:15    00:00:00:00:00:13  [3[29,36,43], 5[29,30,36,37,43], 7[29,30,31,36,37,38,43], 9[29,30,31,32,36,37,38,39,43,44,45,46], 11[29,30,31,32,33,36,37,38,39,40,43,44,45,46,47], 13[29,30,31,32,33,34,36,37,38,39,40,41,43,44,45,46,47,48], 15[26,27,29,30,31,32,33,34,35,36,37,38,39,40,41,42,43,44,45,46,47,48,49], 17[26,27,28,29,30,31,32,33,34,35,36,37,38,39,40,41,42,43,44,45,46,47,48,49], 19[26,27,28,29,30,31,32,33,34,35,36,37,38,39,40,41,42,43,44,45,46,47,48,49], 21[26,27,28,29,30,31,32,33,34,35,36,37,38,39,40,41,42,43,44,45,46,47,48,49], 23[26,27,28,29,30,31,32,33,34,35,36,37,38,39,40,41,42,43,44,45,46,47,48,49]]
   00:00:00:00:00:09    00:00:00:00:00:05  [5[5,6,7,12,13,14,19,20,21], 7[5,6,12,13,19,20,21,26,27,28], 9[4,5,6,11,12,13,18,19,20,21,25,26,27,28,33,34,35], 11[4,5,6,11,12,13,18,19,20,21,25,26,27,28,32,33,34,35,40,41,42], 13[4,5,6,11,12,13,18,19,20,21,25,26,27,28,32,33,34,35,39,40,41,42,47,48,49], 15[4,5,6,11,12,13,18,19,20,21,25,26,27,28,32,33,34,35,39,40,41,42,46,47,48,49], 17[4,5,6,11,12,13,18,19,20,21,25,26,27,28,32,33,34,35,39,40,41,42,46,47,48,49], 19[4,5,11,12,18,19,21,25,26,27,28,32,33,34,35,39,40,41,42,46,47,48,49], 21[4,5,11,12,18,19,21,25,26,27,28,32,33,34,35,39,40,41,42,46,47,48,49]]
   00:00:00:00:00:09    00:00:00:00:00:15  [9[16,17,18,19,20,21,22,23,29,30], 11[16,17,18,19,20,21,23,29,30,36,37], 13[16,17,18,19,20,21,23,29,30,31,36,37,38], 15[16,17,18,19,20,21,23,29,30,31,32,36,37,38,39], 17[16,17,18,19,20,21,23,29,30,31,32,33,36,37,38,39,40,43,44,45,46], 19[16,17,18,19,20,21,23,29,30,31,32,33,34,36,37,38,39,40,41,43,44,45,46,47], 21[16,17,18,19,20,21,23,26,27,29,30,31,32,33,34,35,36,37,38,39,40,41,42,43,44,45,46,47,48], 23[16,17,18,19,20,21,23,26,27,28,29,30,31,32,33,34,35,36,37,38,39,40,41,42,43,44,45,46,47,48,49], 25[16,17,18,19,20,21,23,26,27,28,29,30,31,32,33,34,35,36,37,38,39,40,41,42,43,44,45,46,47,48,49], 27[16,17,18,19,20,21,23,26,27,28,29,30,31,32,33,34,35,36,37,38,39,40,41,42,43,44,45,46,47,48,49], 29[16,17,18,19,20,21,23,26,27,28,29,30,31,32,33,34,35,36,37,38,39,40,41,42,43,44,45,46,47,48,49], 31[16,17,18,19,20,21,23,26,27,28,29,30,31,32,33,34,35,36,37,38,39,40,41,42,43,44,45,46,47,48,49]]
   00:00:00:00:00:09    00:00:00:00:00:08  [2[14,21], 4[13,14,20,21], 6[6,7,12,13,14,19,20,21,27,28], 8[6,7,12,13,14,19,20,21,26,27,28,34,35], 10[5,6,7,11,12,13,14,18,19,20,21,25,26,27,28,33,34,35,41,42], 12[5,6,7,11,12,13,14,18,19,20,21,25,26,27,28,32,33,34,35,40,41,42,48,49], 14[5,6,7,11,12,13,14,18,19,20,21,25,26,27,28,32,33,34,35,39,40,41,42,47,48,49], 16[5,6,7,11,12,13,14,18,19,20,21,25,26,27,28,32,33,34,35,39,40,41,42,46,47,48,49], 18[5,6,7,11,12,13,14,18,19,20,21,25,26,27,28,32,33,34,35,39,40,41,42,46,47,48,49], 20[11,12,13,14,18,19,20,21,25,26,27,28,32,33,34,35,39,40,41,42,46,47,48,49], 22[11,12,13,14,18,19,20,21,25,26,27,28,32,33,34,35,39,40,41,42,46,47,48,49]]
   00:00:00:00:00:09    00:00:00:00:00:0d  [5[21,28,35,42,49], 7[21,27,28,34,35,41,42,49], 9[21,26,27,28,33,34,35,40,41,42,47,48,49], 11[21,26,27,28,32,33,34,35,39,40,41,42,46,47,48,49], 13[21,26,27,28,31,32,33,34,35,38,39,40,41,42,45,46,47,48,49], 15[21,26,27,28,30,31,32,33,34,35,37,38,39,40,41,42,44,45,46,47,48,49], 17[21,26,27,28,29,30,31,32,33,34,35,36,37,38,39,40,41,42,43,44,45,46,47,48,49], 19[21,26,27,28,29,30,31,32,33,34,35,36,37,38,39,40,41,42,43,44,45,46,47,48,49], 21[21,26,27,28,29,30,31,32,33,34,35,36,37,38,39,40,41,42,43,44,45,46,47,48,49], 23[21,26,27,28,29,30,31,32,33,34,35,36,37,38,39,40,41,42,43,44,45,46,47,48,49], 25[21,26,27,28,29,30,31,32,33,34,35,36,37,38,39,40,41,42,43,44,45,46,47,48,49]]
   00:00:00:00:00:09    00:00:00:00:00:04  [6[4,5,6,7,11,12,13,14,18,19,20,21], 8[4,5,11,12,18,19,20,21,25,26,27,28], 10[4,5,11,12,18,19,20,21,25,26,27,28,32,33,34], 12[3,4,5,10,11,12,17,18,19,20,21,24,25,26,27,28,31,32,33,34,35,39,40,41], 14[3,4,5,10,11,12,17,18,19,20,21,24,25,26,27,28,31,32,33,34,35,38,39,40,41,42,46,47,48], 16[3,4,5,10,11,12,17,18,19,20,21,24,25,26,27,28,31,32,33,34,35,38,39,40,41,42,45,46,47,48,49], 18[3,4,5,10,11,12,17,18,19,20,21,24,25,26,27,28,31,32,33,34,35,38,39,40,41,42,45,46,47,48,49], 20[3,4,10,11,17,18,20,21,24,25,26,27,28,31,32,33,34,35,38,39,40,41,42,45,46,47,48,49], 22[3,4,10,11,17,18,21,24,25,26,27,28,31,32,33,34,35,38,39,40,41,42,45,46,47,48,49], 24[3,4,10,11,17,18,21,24,25,26,27,28,31,32,33,34,35,38,39,40,41,42,45,46,47,48,49]]
   00:00:00:00:00:09    00:00:00:00:00:02  [8[2,3,4,5,6,7,9,10,11,12,13,14,16,17,18,19,20,21], 10[2,9,16,17,18,19,20,21,23,24,25,26,27], 12[2,3,9,10,16,17,20,21,23,24,25,26,27,30,31,32], 14[1,2,8,9,15,16,20,21,22,23,24,25,26,27,29,30,31,32,37,38,39], 16[1,2,8,9,15,16,20,21,22,23,24,25,26,27,29,30,31,32,33,36,37,38,39,40,44,45], 18[1,2,8,9,15,16,20,21,22,23,24,25,26,27,29,30,31,32,33,34,36,37,38,39,40,41,43,44,45,46], 20[1,2,3,8,9,10,15,16,17,20,21,22,23,24,25,26,27,29,30,31,32,33,34,35,36,37,38,39,40,41,42,43,44,45,46,47], 22[1,2,3,8,9,10,15,16,17,20,21,22,23,24,25,26,27,29,30,31,32,33,34,35,36,37,38,39,40,41,42,43,44,45,46,47,48], 24[1,2,3,8,9,10,15,16,17,20,21,22,23,24,25,26,27,29,30,31,32,33,34,35,36,37,38,39,40,41,42,43,44,45,46,47,48,49], 26[1,2,3,8,9,10,15,16,17,20,21,22,23,24,25,26,27,29,30,31,32,33,34,35,36,37,38,39,40,41,42,43,44,45,46,47,48,49], 28[1,2,3,8,9,10,15,16,17,20,21,22,23,24,25,26,27,29,30,31,32,33,34,35,36,37,38,39,40,41,42,43,44,45,46,47,48,49], 30[1,2,8,9,15,16,20,21,22,23,25,26,27,29,30,31,32,33,34,35,36,37,38,39,40,41,42,43,44,45,46,47,48,49]]
   00:00:00:00:00:09    00:00:00:00:00:0b  [3[21,28,35], 5[21,27,28,34,35], 7[21,26,27,28,33,34,35,41,42], 9[21,26,27,28,33,34,35,40,41,42], 11[21,26,27,28,32,33,34,35,39,40,41,42,47,48,49], 13[21,26,27,28,31,32,33,34,35,38,39,40,41,42,46,47,48,49], 15[21,26,27,28,30,31,32,33,34,35,37,38,39,40,41,42,45,46,47,48,49], 17[21,26,27,28,29,30,31,32,33,34,35,36,37,38,39,40,41,42,44,45,46,47,48,49], 19[21,26,27,28,29,30,31,32,33,34,35,36,37,38,39,40,41,42,43,44,45,46,47,48,49], 21[21,26,27,28,29,30,31,32,33,34,35,36,37,38,39,40,41,42,43,44,45,46,47,48,49], 23[21,26,27,28,29,30,31,32,33,34,35,36,37,38,39,40,41,42,43,44,45,46,47,48,49], 25[21,26,27,28,29,30,31,32,33,34,35,36,37,38,39,40,41,42,43,44,45,46,47,48,49]]
   00:00:00:00:00:09    00:00:00:00:00:17  [7[15,16,17,18,19,20,21], 9[8,9,10,11,12,13,15,16,17,18,19,20,21,22,23,24,25,26,27], 11[15,16,20,21,22,23,24,25,26,27,29,30,31], 13[15,16,20,21,22,23,24,25,26,27,29,30,31,36,37,38], 15[15,16,20,21,22,23,24,25,26,27,29,30,31,32,36,37,38,39,43,44], 17[15,16,20,21,22,23,24,25,26,27,29,30,31,32,33,36,37,38,39,40,43,44,45], 19[15,16,20,21,22,23,24,25,26,27,29,30,31,32,33,34,36,37,38,39,40,41,43,44,45,46], 21[15,16,20,21,22,23,24,25,26,27,29,30,31,32,33,34,35,36,37,38,39,40,41,42,43,44,45,46,47], 23[15,16,20,21,22,23,24,25,26,27,29,30,31,32,33,34,35,36,37,38,39,40,41,42,43,44,45,46,47,48], 25[15,16,20,21,22,23,24,25,26,27,29,30,31,32,33,34,35,36,37,38,39,40,41,42,43,44,45,46,47,48,49], 27[15,16,20,21,22,23,24,25,26,27,29,30,31,32,33,34,35,36,37,38,39,40,41,42,43,44,45,46,47,48,49], 29[15,16,20,21,22,23,24,25,26,27,29,30,31,32,33,34,35,36,37,38,39,40,41,42,43,44,45,46,47,48,49]]
   00:00:00:00:00:09    00:00:00:00:00:03  [7[3,4,5,6,7,10,11,12,13,14,17,18,19,20,21], 9[3,4,10,11,17,18,19,20,21,24,25,26,27], 11[3,4,10,11,17,18,20,21,24,25,26,27,31,32,33], 13[2,3,9,10,16,17,20,21,23,24,25,26,27,30,31,32,33,38,39,40], 15[2,3,9,10,16,17,20,21,23,24,25,26,27,30,31,32,33,34,37,38,39,40,41,45,46], 17[2,3,4,9,10,11,16,17,18,20,21,23,24,25,26,27,30,31,32,33,34,35,37,38,39,40,41,42,44,45,46,47], 19[2,3,4,9,10,11,16,17,18,20,21,23,24,25,26,27,30,31,32,33,34,35,37,38,39,40,41,42,44,45,46,47,48], 21[2,3,4,9,10,11,16,17,18,20,21,23,24,25,26,27,30,31,32,33,34,35,37,38,39,40,41,42,44,45,46,47,48,49], 23[2,3,4,9,10,11,16,17,18,20,21,23,24,25,26,27,30,31,32,33,34,35,37,38,39,40,41,42,44,45,46,47,48,49], 25[2,3,4,9,10,11,16,17,18,20,21,23,24,25,26,27,30,31,32,33,34,35,37,38,39,40,41,42,44,45,46,47,48,49], 27[2,3,9,10,16,17,20,21,23,24,26,27,30,31,32,33,34,35,37,38,39,40,41,42,44,45,46,47,48,49]]
   00:00:00:00:00:09    00:00:00:00:00:07  [3[7,14,21], 5[6,7,13,14,20,21], 7[5,6,7,12,13,14,19,20,21,27,28], 9[5,6,7,12,13,14,19,20,21,26,27,28,34,35], 11[4,5,6,7,11,12,13,14,18,19,20,21,25,26,27,28,33,34,35,41,42], 13[4,5,6,7,11,12,13,14,18,19,20,21,25,26,27,28,32,33,34,35,40,41,42,48,49], 15[4,5,6,7,11,12,13,14,18,19,20,21,25,26,27,28,32,33,34,35,39,40,41,42,47,48,49], 17[4,5,6,7,11,12,13,14,18,19,20,21,25,26,27,28,32,33,34,35,39,40,41,42,46,47,48,49], 19[4,5,6,7,11,12,13,14,18,19,20,21,25,26,27,28,32,33,34,35,39,40,41,42,46,47,48,49], 21[4,5,6,7,11,12,13,14,18,19,20,21,25,26,27,28,32,33,34,35,39,40,41,42,46,47,48,49], 23[4,5,6,7,11,12,13,14,18,19,20,21,25,26,27,28,32,33,34,35,39,40,41,42,46,47,48,49]]
   00:00:00:00:00:09    00:00:00:00:00:18  [8[8,9,10,11,12,13,15,16,17,18,19,20,21], 10[8,9,10,11,12,15,16,17,18,19,20,21,22,23,24,25,26,27], 12[8,9,10,15,16,17,20,21,22,23,24,25,26,27,29,30,31,32], 14[8,9,15,16,20,21,22,23,24,25,26,27,29,30,31,32,36,37,38,39], 16[8,9,15,16,20,21,22,23,24,25,26,27,29,30,31,32,33,36,37,38,39,40,43,44,45], 18[8,9,15,16,20,21,22,23,24,25,26,27,29,30,31,32,33,34,36,37,38,39,40,41,43,44,45,46], 20[8,9,10,15,16,17,20,21,22,23,24,25,26,27,29,30,31,32,33,34,35,36,37,38,39,40,41,42,43,44,45,46,47], 22[8,9,10,15,16,17,20,21,22,23,24,25,26,27,29,30,31,32,33,34,35,36,37,38,39,40,41,42,43,44,45,46,47,48], 24[8,9,10,15,16,17,20,21,22,23,24,25,26,27,29,30,31,32,33,34,35,36,37,38,39,40,41,42,43,44,45,46,47,48,49], 26[8,9,10,15,16,17,20,21,22,23,24,25,26,27,29,30,31,32,33,34,35,36,37,38,39,40,41,42,43,44,45,46,47,48,49], 28[8,9,15,16,20,21,22,23,24,25,26,27,29,30,31,32,33,34,35,36,37,38,39,40,41,42,43,44,45,46,47,48,49], 30[8,9,15,16,20,21,22,23,24,25,26,27,29,30,31,32,33,34,35,36,37,38,39,40,41,42,43,44,45,46,47,48,49]]
   00:00:00:00:00:09    00:00:00:00:00:06  [4[6,7,13,14,20,21], 6[5,6,7,12,13,14,19,20,21,27,28], 8[5,6,7,12,13,14,19,20,21,26,27,28,34,35], 10[4,5,6,7,11,12,13,14,18,19,20,21,25,26,27,28,33,34,35,41,42], 12[4,5,6,7,11,12,13,14,18,19,20,21,25,26,27,28,32,33,34,35,40,41,42,48,49], 14[4,5,6,7,11,12,13,14,18,19,20,21,25,26,27,28,32,33,34,35,39,40,41,42,47,48,49], 16[4,5,6,11,12,13,18,19,20,21,25,26,27,28,32,33,34,35,39,40,41,42,46,47,48,49], 18[4,5,6,11,12,13,18,19,20,21,25,26,27,28,32,33,34,35,39,40,41,42,46,47,48,49], 20[4,5,6,11,12,13,18,19,20,21,25,26,27,28,32,33,34,35,39,40,41,42,46,47,48,49], 22[4,5,6,11,12,13,18,19,20,21,25,26,27,28,32,33,34,35,39,40,41,42,46,47,48,49]]
   00:00:00:00:00:09    00:00:00:00:00:16  [8[16,17,18,19,20,21,22,23,24,25,26], 10[19,20,21,22,23,24,25,26,29,30,31,32,33], 12[15,16,19,20,21,22,23,24,25,26,27,29,30,31,32,33,34,36,37,38,39], 14[15,16,19,20,21,22,23,24,26,27,29,30,31,32,33,34,36,37,38,39,43,44,45,46], 16[15,16,19,20,21,22,23,24,26,27,29,30,31,32,33,34,36,37,38,39,40,43,44,45,46,47], 18[15,16,19,20,21,22,23,24,26,27,29,30,31,32,33,34,36,37,38,39,40,41,43,44,45,46,47,48], 20[15,16,19,20,21,22,23,24,26,27,29,30,31,32,33,34,36,37,38,39,40,41,42,43,44,45,46,47,48,49], 22[15,16,19,20,21,22,23,24,26,27,29,30,31,32,33,34,35,36,37,38,39,40,41,42,43,44,45,46,47,48,49], 24[15,16,19,20,21,22,23,24,26,27,28,29,30,31,32,33,34,35,36,37,38,39,40,41,42,43,44,45,46,47,48,49], 26[15,16,19,20,21,22,23,24,26,27,28,29,30,31,32,33,34,35,36,37,38,39,40,41,42,43,44,45,46,47,48,49], 28[15,16,19,20,21,22,23,24,26,27,28,29,30,31,32,33,34,35,36,37,38,39,40,41,42,43,44,45,46,47,48,49], 30[15,16,19,20,21,22,23,24,26,27,28,29,30,31,32,33,34,35,36,37,38,39,40,41,42,43,44,45,46,47,48,49]]
   00:00:00:00:00:09    00:00:00:00:00:12  [10[16,17,18,19,20,21,23,24,25,26,30,31,37,38,44,45], 12[19,20,21,23,24,25,26,29,30,31,32,36,37,38,39,43,44,45,46], 14[19,20,21,23,24,25,26,29,30,31,32,33,36,37,38,39,40,43,44,45,46,47], 16[19,20,21,23,24,25,26,29,30,31,32,33,34,36,37,38,39,40,41,43,44,45,46,47,48], 18[19,20,21,23,24,25,26,29,30,31,32,33,34,35,36,37,38,39,40,41,42,43,44,45,46,47,48,49], 20[19,20,21,23,24,25,26,27,28,29,30,31,32,33,34,35,36,37,38,39,40,41,42,43,44,45,46,47,48,49], 22[19,20,21,23,24,25,26,27,28,29,30,31,32,33,34,35,36,37,38,39,40,41,42,43,44,45,46,47,48,49], 24[19,20,21,23,24,25,26,27,28,29,30,31,32,33,34,35,36,37,38,39,40,41,42,43,44,45,46,47,48,49], 26[19,20,21,23,24,25,26,27,28,29,30,31,32,33,34,35,36,37,38,39,40,41,42,43,44,45,46,47,48,49], 28[19,20,21,23,24,25,26,27,28,29,30,31,32,33,34,35,36,37,38,39,40,41,42,43,44,45,46,47,48,49]]
   00:00:00:00:00:09    00:00:00:00:00:0e  [6[20,21,27,28,34,41,48], 8[21,26,27,28,33,34,35,40,41,42,47,48,49], 10[21,26,27,28,32,33,34,35,39,40,41,42,46,47,48,49], 12[21,26,27,28,31,32,33,34,35,38,39,40,41,42,45,46,47,48,49], 14[21,26,27,28,30,31,32,33,34,35,37,38,39,40,41,42,44,45,46,47,48,49], 16[21,26,27,28,29,30,31,32,33,34,35,36,37,38,39,40,41,42,43,44,45,46,47,48,49], 18[21,26,27,28,29,30,31,32,33,34,35,36,37,38,39,40,41,42,43,44,45,46,47,48,49], 20[21,26,27,28,29,30,31,32,33,34,35,36,37,38,39,40,41,42,43,44,45,46,47,48,49], 22[21,26,27,28,29,30,31,32,33,34,35,36,37,38,39,40,41,42,43,44,45,46,47,48,49], 24[21,26,27,28,29,30,31,32,33,34,35,36,37,38,39,40,41,42,43,44,45,46,47,48,49]]
   00:00:00:00:00:09    00:00:00:00:00:0f  [7[19,20,21,26,27,33,34,40,47], 9[20,21,26,27,28,32,33,34,35,39,40,41,42,46,47,48,49], 11[20,21,26,27,28,31,32,33,34,35,38,39,40,41,42,45,46,47,48,49], 13[20,21,26,27,28,30,31,32,33,34,35,37,38,39,40,41,42,44,45,46,47,48,49], 15[20,21,26,27,28,29,30,31,32,33,34,35,36,37,38,39,40,41,42,43,44,45,46,47,48,49], 17[20,21,26,27,28,29,30,31,32,33,34,35,36,37,38,39,40,41,42,43,44,45,46,47,48,49], 19[20,21,26,27,28,29,30,31,32,33,34,35,36,37,38,39,40,41,42,43,44,45,46,47,48,49], 21[20,21,26,27,28,29,30,31,32,33,34,35,36,37,38,39,40,41,42,43,44,45,46,47,48,49], 23[20,21,26,27,28,29,30,31,32,33,34,35,36,37,38,39,40,41,42,43,44,45,46,47,48,49], 25[20,21,26,27,28,29,30,31,32,33,34,35,36,37,38,39,40,41,42,43,44,45,46,47,48,49]]
   00:00:00:00:00:09    00:00:00:00:00:0a  [2[21,28], 4[20,21,27,28], 6[20,21,27,28,34,35], 8[20,21,26,27,28,33,34,35,41,42], 10[20,21,26,27,28,33,34,35,40,41,42], 12[20,21,26,27,28,32,33,34,35,39,40,41,42,47,48,49], 14[20,21,26,27,28,31,32,33,34,35,38,39,40,41,42,46,47,48,49], 16[20,21,26,27,28,30,31,32,33,34,35,37,38,39,40,41,42,45,46,47,48,49], 18[20,21,26,27,28,29,30,31,32,33,34,35,36,37,38,39,40,41,42,44,45,46,47,48,49], 20[20,21,26,27,28,29,30,31,32,33,34,35,36,37,38,39,40,41,42,43,44,45,46,47,48,49], 22[20,21,26,27,28,29,30,31,32,33,34,35,36,37,38,39,40,41,42,43,44,45,46,47,48,49], 24[20,21,26,27,28,29,30,31,32,33,34,35,36,37,38,39,40,41,42,43,44,45,46,47,48,49], 26[20,21,26,27,28,29,30,31,32,33,34,35,36,37,38,39,40,41,42,43,44,45,46,47,48,49]]
   00:00:00:00:00:09    00:00:00:00:00:01  [9[1,2,3,4,5,6,7,8,9,10,11,12,13,14,15,16,17,18,19,20,21], 11[1,8,9,15,16,17,18,19,20,21,22,23,24,25,26,27], 13[1,2,3,8,9,10,15,16,17,20,21,22,23,24,25,26,27,29,30,31,32], 15[1,2,8,9,15,16,20,21,22,23,24,25,26,27,29,30,31,32,36,37,38], 17[1,2,8,9,15,16,20,21,22,23,24,25,26,27,29,30,31,32,36,37,38,43,44,45], 19[1,2,8,9,15,16,20,21,22,23,24,25,26,27,29,30,31,32,36,37,38,39,43,44,45,46], 21[1,2,8,9,15,16,20,21,22,23,24,25,26,27,29,30,31,32,36,37,38,39,40,43,44,45,46,47], 23[1,2,8,9,15,16,20,21,22,23,24,25,26,27,29,30,31,32,36,37,38,39,40,41,43,44,45,46,47,48], 25[1,2,8,9,15,16,20,21,22,23,24,25,26,27,29,30,31,32,33,34,36,37,38,39,40,41,42,43,44,45,46,47,48,49], 27[1,2,8,9,15,16,20,21,22,23,24,25,26,27,29,30,31,32,33,34,35,36,37,38,39,40,41,42,43,44,45,46,47,48,49], 29[1,2,8,9,15,16,20,21,22,23,24,25,26,27,29,30,31,32,33,34,35,36,37,38,39,40,41,42,43,44,45,46,47,48,49], 31[1,2,8,9,15,16,20,21,22,23,24,25,26,27,29,30,31,32,33,34,35,36,37,38,39,40,41,42,43,44,45,46,47,48,49]]
   00:00:00:00:00:09    00:00:00:00:00:11  [9[17,18,19,20,21,24,25,26,31,32,33,38,45], 11[19,20,21,26,27,31,32,33,34,38,45], 13[19,20,21,26,27,28,31,32,33,34,35,38,39,40,41,42,45,46,47,48], 15[19,20,21,26,27,28,30,31,32,33,34,35,37,38,39,40,41,42,44,45,46,47,48,49], 17[19,20,21,26,27,28,29,30,31,32,33,34,35,36,37,38,39,40,41,42,43,44,45,46,47,48,49], 19[19,20,21,26,27,28,29,30,31,32,33,34,35,36,37,38,39,40,41,42,43,44,45,46,47,48,49], 21[19,20,21,26,27,28,29,30,31,32,33,34,35,36,37,38,39,40,41,42,43,44,45,46,47,48,49], 23[19,20,21,26,27,28,29,30,31,32,33,34,35,36,37,38,39,40,41,42,43,44,45,46,47,48,49], 25[19,20,21,26,27,28,29,30,31,32,33,34,35,36,37,38,39,40,41,42,43,44,45,46,47,48,49], 27[19,20,21,26,27,28,29,30,31,32,33,34,35,36,37,38,39,40,41,42,43,44,45,46,47,48,49]]
   00:00:00:00:00:09    00:00:00:00:00:14  [10[16,17,18,19,20,21,22,23,29,30,36,37], 12[16,17,18,19,20,21,23,30,31,36,37,38], 14[16,17,18,19,20,21,23,30,31,32,36,37,38,39], 16[16,17,18,19,20,21,23,30,31,32,33,36,37,38,39,40,43,44,45,46], 18[16,17,18,19,20,21,23,30,31,32,33,34,36,37,38,39,40,41,43,44,45,46,47], 20[16,17,18,19,20,21,23,26,27,30,31,32,33,34,35,36,37,38,39,40,41,42,43,44,45,46,47,48], 22[16,17,18,19,20,21,23,26,27,28,30,31,32,33,34,35,36,37,38,39,40,41,42,43,44,45,46,47,48,49], 24[16,17,18,19,20,21,23,26,27,28,30,31,32,33,34,35,36,37,38,39,40,41,42,43,44,45,46,47,48,49], 26[16,17,18,19,20,21,23,26,27,28,30,31,32,33,34,35,36,37,38,39,40,41,42,43,44,45,46,47,48,49], 28[16,17,18,19,20,21,23,26,27,28,30,31,32,33,34,35,36,37,38,39,40,41,42,43,44,45,46,47,48,49], 30[16,17,18,19,20,21,23,26,27,28,30,31,32,33,34,35,36,37,38,39,40,41,42,43,44,45,46,47,48,49]]
   00:00:00:00:00:09    00:00:00:00:00:0c  [4[21,28,35,42], 6[21,27,28,34,35,41,42], 8[21,26,27,28,33,34,35,40,41,42], 10[21,26,27,28,32,33,34,35,39,40,41,42,47,48,49], 12[21,26,27,28,31,32,33,34,35,38,39,40,41,42,46,47,48,49], 14[21,26,27,28,30,31,32,33,34,35,37,38,39,40,41,42,45,46,47,48,49], 16[21,26,27,28,29,30,31,32,33,34,35,36,37,38,39,40,41,42,44,45,46,47,48,49], 18[21,26,27,28,29,30,31,32,33,34,35,36,37,38,39,40,41,42,43,44,45,46,47,48,49], 20[21,26,27,28,29,30,31,32,33,34,35,36,37,38,39,40,41,42,43,44,45,46,47,48,49], 22[21,26,27,28,29,30,31,32,33,34,35,36,37,38,39,40,41,42,43,44,45,46,47,48,49], 24[21,26,27,28,29,30,31,32,33,34,35,36,37,38,39,40,41,42,43,44,45,46,47,48,49]]
   00:00:00:00:00:09    00:00:00:00:00:10  [8[18,19,20,21,25,26,32,33,39,46], 10[19,20,21,26,27,32,33,34,39,46], 12[19,20,21,26,27,28,32,33,34,35,39,40,41,42,46,47,48,49], 14[19,20,21,26,27,28,31,32,33,34,35,38,39,40,41,42,45,46,47,48,49], 16[19,20,21,26,27,28,30,31,32,33,34,35,37,38,39,40,41,42,44,45,46,47,48,49], 18[19,20,21,26,27,28,29,30,31,32,33,34,35,36,37,38,39,40,41,42,43,44,45,46,47,48,49], 20[19,20,21,26,27,28,29,30,31,32,33,34,35,36,37,38,39,40,41,42,43,44,45,46,47,48,49], 22[19,20,21,26,27,28,29,30,31,32,33,34,35,36,37,38,39,40,41,42,43,44,45,46,47,48,49], 24[19,20,21,26,27,28,29,30,31,32,33,34,35,36,37,38,39,40,41,42,43,44,45,46,47,48,49], 26[19,20,21,26,27,28,29,30,31,32,33,34,35,36,37,38,39,40,41,42,43,44,45,46,47,48,49]]
   00:00:00:00:00:09    00:00:00:00:00:13  [11[16,17,18,19,20,21,22,23,29,30,36,37,43], 13[16,17,18,19,20,21,23,29,30,31,36,37,38,43,44], 15[16,17,18,19,20,21,23,29,30,31,32,36,37,38,39,43,44,45], 17[16,17,18,19,20,21,23,29,30,31,32,33,36,37,38,39,40,43,44,45,46], 19[16,17,18,19,20,21,23,29,30,31,32,33,34,36,37,38,39,40,41,43,44,45,46,47], 21[16,17,18,19,20,21,23,26,27,29,30,31,32,33,34,35,36,37,38,39,40,41,42,43,44,45,46,47,48,49], 23[16,17,18,19,20,21,23,26,27,28,29,30,31,32,33,34,35,36,37,38,39,40,41,42,43,44,45,46,47,48,49], 25[16,17,18,19,20,21,23,26,27,28,29,30,31,32,33,34,35,36,37,38,39,40,41,42,43,44,45,46,47,48,49], 27[16,17,18,19,20,21,23,26,27,28,29,30,31,32,33,34,35,36,37,38,39,40,41,42,43,44,45,46,47,48,49], 29[16,17,18,19,20,21,23,26,27,28,29,30,31,32,33,34,35,36,37,38,39,40,41,42,43,44,45,46,47,48,49], 31[16,17,18,19,20,21,23,26,27,28,29,30,31,32,33,34,35,36,37,38,39,40,41,42,43,44,45,46,47,48,49]]
   00:00:00:00:00:08    00:00:00:00:00:05  [4[5,6,7,12,13,14], 6[4,5,6,7,11,12,13,14,19,20,21], 8[5,6,12,13,14,19,20,21,26,27,28], 10[4,5,6,11,12,13,14,18,19,20,21,25,26,27,28,33,34,35], 12[4,5,6,11,12,13,14,18,19,20,21,25,26,27,28,32,33,34,35,40,41,42], 14[4,5,6,11,12,13,14,18,19,20,21,25,26,27,28,32,33,34,35,39,40,41,42,47,48,49], 16[4,5,6,11,12,13,14,18,19,20,21,25,26,27,28,32,33,34,35,39,40,41,42,46,47,48,49], 18[4,5,6,11,12,13,14,18,19,20,21,25,26,27,28,32,33,34,35,39,40,41,42,46,47,48,49], 20[4,5,11,12,14,18,19,21,25,26,27,28,32,33,34,35,39,40,41,42,46,47,48,49], 22[4,5,11,12,14,18,19,21,25,26,27,28,32,33,34,35,39,40,41,42,46,47,48,49]]
   00:00:00:00:00:08    00:00:00:00:00:15  [10[13,14,16,17,18,19,20,22,23,24,25,26,27,29,30], 12[13,14,20,22,23,24,25,26,27,28,29,30,31,32,33,34,35,36,37], 14[13,14,20,22,23,24,25,26,27,28,29,30,31,32,33,34,35,36,37,38,39,43,44], 16[13,14,20,22,23,24,25,26,27,28,29,30,31,32,33,34,35,36,37,38,39,43,44,45,46], 18[13,14,20,22,23,24,25,26,27,28,29,30,31,32,33,34,35,36,37,38,39,40,43,44,45,46,47], 20[13,14,20,22,23,24,25,26,27,28,29,30,31,32,33,34,35,36,37,38,39,40,41,43,44,45,46,47], 22[13,14,20,22,23,24,25,26,27,28,29,30,31,32,33,34,35,36,37,38,39,40,41,42,43,44,45,46,47,48], 24[13,14,20,22,23,24,25,26,27,28,29,30,31,32,33,34,35,36,37,38,39,40,41,42,43,44,45,46,47,48,49], 26[13,14,20,22,23,24,25,26,27,28,29,30,31,32,33,34,35,36,37,38,39,40,41,42,43,44,45,46,47,48,49], 28[13,14,20,22,23,24,25,26,27,28,29,30,31,32,33,34,35,36,37,38,39,40,41,42,43,44,45,46,47,48,49], 30[13,14,20,23,24,25,26,27,28,29,30,31,32,33,34,35,36,37,38,39,40,41,42,43,44,45,46,47,48,49]]
   00:00:00:00:00:08    00:00:00:00:00:09  [2[14,21], 4[13,14,20,21], 6[13,14,20,21,27,28], 8[13,14,20,21,27,28,34,35], 10[13,14,20,21,26,27,28,33,34,35,41,42], 12[13,14,20,21,26,27,28,33,34,35,40,41,42], 14[13,14,20,21,26,27,28,32,33,34,35,39,40,41,42,47,48,49], 16[13,14,20,21,26,27,28,31,32,33,34,35,38,39,40,41,42,46,47,48,49], 18[13,14,20,21,26,27,28,30,31,32,33,34,35,37,38,39,40,41,42,45,46,47,48,49], 20[13,14,20,21,26,27,28,29,30,31,32,33,34,35,36,37,38,39,40,41,42,44,45,46,47,48,49], 22[13,14,20,21,26,27,28,29,30,31,32,33,34,35,36,37,38,39,40,41,42,43,44,45,46,47,48,49], 24[13,14,20,21,26,27,28,29,30,31,32,33,34,35,36,37,38,39,40,41,42,43,44,45,46,47,48,49], 26[13,14,20,21,26,27,28,29,30,31,32,33,34,35,36,37,38,39,40,41,42,43,44,45,46,47,48,49], 28[13,14,20,21,26,27,28,29,30,31,32,33,34,35,36,37,38,39,40,41,42,43,44,45,46,47,48,49]]
   00:00:00:00:00:08    00:00:00:00:00:0d  [6[14,21,28,35,42,49], 8[14,21,27,28,34,35,41,42,49], 10[14,21,26,27,28,33,34,35,40,41,42,47,48,49], 12[14,21,26,27,28,32,33,34,35,39,40,41,42,46,47,48,49], 14[14,21,26,27,28,31,32,33,34,35,38,39,40,41,42,45,46,47,48,49], 16[14,21,26,27,28,30,31,32,33,34,35,37,38,39,40,41,42,44,45,46,47,48,49], 18[14,21,26,27,28,29,30,31,32,33,34,35,36,37,38,39,40,41,42,43,44,45,46,47,48,49], 20[14,21,26,27,28,29,30,31,32,33,34,35,36,37,38,39,40,41,42,43,44,45,46,47,48,49], 22[14,21,26,27,28,29,30,31,32,33,34,35,36,37,38,39,40,41,42,43,44,45,46,47,48,49], 24[14,21,26,27,28,29,30,31,32,33,34,35,36,37,38,39,40,41,42,43,44,45,46,47,48,49], 26[14,21,26,27,28,29,30,31,32,33,34,35,36,37,38,39,40,41,42,43,44,45,46,47,48,49]]
   00:00:00:00:00:08    00:00:00:00:00:04  [5[4,5,6,7,11,12,13,14], 7[4,5,6,7,11,12,13,14,18,19,20,21], 9[4,5,11,12,14,18,19,20,21,25,26,27,28], 11[4,5,11,12,14,18,19,20,21,25,26,27,28,32,33,34], 13[3,4,5,10,11,12,14,17,18,19,20,21,24,25,26,27,28,31,32,33,34,35,39,40,41], 15[3,4,5,10,11,12,14,17,18,19,20,21,24,25,26,27,28,31,32,33,34,35,38,39,40,41,42,46,47,48], 17[3,4,5,10,11,12,14,17,18,19,20,21,24,25,26,27,28,31,32,33,34,35,38,39,40,41,42,45,46,47,48,49], 19[3,4,5,10,11,12,14,17,18,19,20,21,24,25,26,27,28,31,32,33,34,35,38,39,40,41,42,45,46,47,48,49], 21[3,4,10,11,14,17,18,20,21,24,25,26,27,28,31,32,33,34,35,38,39,40,41,42,45,46,47,48,49], 23[3,4,10,11,14,17,18,21,24,25,26,27,28,31,32,33,34,35,38,39,40,41,42,45,46,47,48,49], 25[3,4,10,11,14,17,18,21,24,25,26,27,28,31,32,33,34,35,38,39,40,41,42,45,46,47,48,49]]
   00:00:00:00:00:08    00:00:00:00:00:02  [7[2,3,4,5,6,7,9,10,11,12,13,14], 9[2,3,4,5,6,7,9,10,11,12,13,14,16,17,18,19,20,21], 11[2,9,14,16,17,18,19,20,21,23,24,25,26,27], 13[2,3,9,10,14,16,17,20,21,23,24,25,26,27,30,31,32], 15[1,2,8,9,14,15,16,20,21,22,23,24,25,26,27,29,30,31,32,37,38,39], 17[1,2,8,9,14,15,16,20,21,22,23,24,25,26,27,29,30,31,32,33,36,37,38,39,40,44,45], 19[1,2,8,9,14,15,16,20,21,22,23,24,25,26,27,29,30,31,32,33,34,36,37,38,39,40,41,43,44,45,46], 21[1,2,3,8,9,10,14,15,16,17,20,21,22,23,24,25,26,27,29,30,31,32,33,34,35,36,37,38,39,40,41,42,43,44,45,46,47], 23[1,2,3,8,9,10,14,15,16,17,20,21,22,23,24,25,26,27,29,30,31,32,33,34,35,36,37,38,39,40,41,42,43,44,45,46,47,48], 25[1,2,3,8,9,10,14,15,16,17,20,21,22,23,24,25,26,27,29,30,31,32,33,34,35,36,37,38,39,40,41,42,43,44,45,46,47,48,49], 27[1,2,3,8,9,10,14,15,16,17,20,21,22,23,24,25,26,27,29,30,31,32,33,34,35,36,37,38,39,40,41,42,43,44,45,46,47,48,49], 29[1,2,3,8,9,10,14,15,16,17,20,21,22,23,24,25,26,27,29,30,31,32,33,34,35,36,37,38,39,40,41,42,43,44,45,46,47,48,49], 31[1,2,8,9,14,15,16,20,21,22,23,25,26,27,29,30,31,32,33,34,35,36,37,38,39,40,41,42,43,44,45,46,47,48,49]]
   00:00:00:00:00:08    00:00:00:00:00:0b  [4[14,21,28,35], 6[14,21,27,28,34,35], 8[14,21,26,27,28,33,34,35,41,42], 10[14,21,26,27,28,33,34,35,40,41,42], 12[14,21,26,27,28,32,33,34,35,39,40,41,42,47,48,49], 14[14,21,26,27,28,31,32,33,34,35,38,39,40,41,42,46,47,48,49], 16[14,21,26,27,28,30,31,32,33,34,35,37,38,39,40,41,42,45,46,47,48,49], 18[14,21,26,27,28,29,30,31,32,33,34,35,36,37,38,39,40,41,42,44,45,46,47,48,49], 20[14,21,26,27,28,29,30,31,32,33,34,35,36,37,38,39,40,41,42,43,44,45,46,47,48,49], 22[14,21,26,27,28,29,30,31,32,33,34,35,36,37,38,39,40,41,42,43,44,45,46,47,48,49], 24[14,21,26,27,28,29,30,31,32,33,34,35,36,37,38,39,40,41,42,43,44,45,46,47,48,49], 26[14,21,26,27,28,29,30,31,32,33,34,35,36,37,38,39,40,41,42,43,44,45,46,47,48,49]]
   00:00:00:00:00:08    00:00:00:00:00:17  [8[13,14,15,16,17,18,19,20], 10[13,14,15,16,17,18,19,20,22,23,24,25,26,27], 12[13,14,15,16,20,22,23,24,25,26,27,29,30,31], 14[13,14,15,16,20,22,23,24,25,26,27,29,30,31,36,37,38], 16[13,14,15,16,20,22,23,24,25,26,27,29,30,31,32,36,37,38,39,43,44], 18[13,14,15,16,20,22,23,24,25,26,27,29,30,31,32,33,36,37,38,39,40,43,44,45], 20[13,14,15,16,20,22,23,24,25,26,27,29,30,31,32,33,34,36,37,38,39,40,41,43,44,45,46], 22[13,14,15,16,20,22,23,24,25,26,27,29,30,31,32,33,34,35,36,37,38,39,40,41,42,43,44,45,46,47], 24[13,14,15,16,20,22,23,24,25,26,27,29,30,31,32,33,34,35,36,37,38,39,40,41,42,43,44,45,46,47,48], 26[13,14,15,16,20,22,23,24,25,26,27,29,30,31,32,33,34,35,36,37,38,39,40,41,42,43,44,45,46,47,48,49], 28[13,14,15,16,20,22,23,24,25,26,27,29,30,31,32,33,34,35,36,37,38,39,40,41,42,43,44,45,46,47,48,49], 30[13,14,15,16,20,22,23,24,25,26,27,29,30,31,32,33,34,35,36,37,38,39,40,41,42,43,44,45,46,47,48,49]]
   00:00:00:00:00:08    00:00:00:00:00:03  [6[3,4,5,6,7,10,11,12,13,14], 8[3,4,5,6,7,10,11,12,13,14,17,18,19,20,21], 10[3,4,10,11,14,17,18,19,20,21,24,25,26,27], 12[3,4,10,11,14,17,18,20,21,24,25,26,27,31,32,33], 14[2,3,9,10,14,16,17,20,21,23,24,25,26,27,30,31,32,33,38,39,40], 16[2,3,9,10,14,16,17,20,21,23,24,25,26,27,30,31,32,33,34,37,38,39,40,41,45,46], 18[2,3,4,9,10,11,14,16,17,18,20,21,23,24,25,26,27,30,31,32,33,34,35,37,38,39,40,41,42,44,45,46,47], 20[2,3,4,9,10,11,14,16,17,18,20,21,23,24,25,26,27,30,31,32,33,34,35,37,38,39,40,41,42,44,45,46,47,48], 22[2,3,4,9,10,11,14,16,17,18,20,21,23,24,25,26,27,30,31,32,33,34,35,37,38,39,40,41,42,44,45,46,47,48,49], 24[2,3,4,9,10,11,14,16,17,18,20,21,23,24,25,26,27,30,31,32,33,34,35,37,38,39,40,41,42,44,45,46,47,48,49], 26[2,3,4,9,10,11,14,16,17,18,20,21,23,24,25,26,27,30,31,32,33,34,35,37,38,39,40,41,42,44,45,46,47,48,49], 28[2,3,9,10,14,16,17,20,21,23,24,26,27,30,31,32,33,34,35,37,38,39,40,41,42,44,45,46,47,48,49]]
   00:00:00:00:00:08    00:00:00:00:00:07  [2[7,14], 4[6,7,13,14], 6[5,6,7,12,13,14,20,21], 8[4,5,6,7,11,12,13,14,19,20,21,27,28], 10[5,6,7,12,13,14,19,20,21,26,27,28,34,35], 12[4,5,6,7,11,12,13,14,18,19,20,21,25,26,27,28,33,34,35,41,42], 14[4,5,6,7,11,12,13,14,18,19,20,21,25,26,27,28,32,33,34,35,40,41,42,48,49], 16[4,5,6,7,11,12,13,14,18,19,20,21,25,26,27,28,32,33,34,35,39,40,41,42,47,48,49], 18[4,5,6,7,11,12,13,14,18,19,20,21,25,26,27,28,32,33,34,35,39,40,41,42,46,47,48,49], 20[4,5,6,7,11,12,13,14,18,19,20,21,25,26,27,28,32,33,34,35,39,40,41,42,46,47,48,49], 22[4,5,6,7,11,12,13,14,18,19,20,21,25,26,27,28,32,33,34,35,39,40,41,42,46,47,48,49], 24[4,5,6,7,11,12,13,14,18,19,20,21,25,26,27,28,32,33,34,35,39,40,41,42,46,47,48,49]]
   00:00:00:00:00:08    00:00:00:00:00:18  [7[8,9,10,11,12,13,14], 9[1,2,3,4,5,6,7,8,9,10,11,12,13,14,15,16,17,18,19,20,21], 11[8,9,10,11,12,14,15,16,17,18,19,20,21,22,23,24,25,26,27], 13[8,9,10,14,15,16,17,20,21,22,23,24,25,26,27,29,30,31,32], 15[8,9,14,15,16,20,21,22,23,24,25,26,27,29,30,31,32,36,37,38,39], 17[8,9,14,15,16,20,21,22,23,24,25,26,27,29,30,31,32,33,36,37,38,39,40,43,44,45], 19[8,9,14,15,16,20,21,22,23,24,25,26,27,29,30,31,32,33,34,36,37,38,39,40,41,43,44,45,46], 21[8,9,10,14,15,16,17,20,21,22,23,24,25,26,27,29,30,31,32,33,34,35,36,37,38,39,40,41,42,43,44,45,46,47], 23[8,9,10,14,15,16,17,20,21,22,23,24,25,26,27,29,30,31,32,33,34,35,36,37,38,39,40,41,42,43,44,45,46,47,48], 25[8,9,10,14,15,16,17,20,21,22,23,24,25,26,27,29,30,31,32,33,34,35,36,37,38,39,40,41,42,43,44,45,46,47,48,49], 27[8,9,10,14,15,16,17,20,21,22,23,24,25,26,27,29,30,31,32,33,34,35,36,37,38,39,40,41,42,43,44,45,46,47,48,49], 29[8,9,14,15,16,20,21,22,23,24,25,26,27,29,30,31,32,33,34,35,36,37,38,39,40,41,42,43,44,45,46,47,48,49], 31[8,9,14,15,16,20,21,22,23,24,25,26,27,29,30,31,32,33,34,35,36,37,38,39,40,41,42,43,44,45,46,47,48,49]]
   00:00:00:00:00:08    00:00:00:00:00:06  [3[6,7,13,14], 5[5,6,12,13,14,20,21], 7[4,5,6,11,12,13,14,19,20,21,27,28], 9[5,6,12,13,14,19,20,21,26,27,28,34,35], 11[4,5,6,11,12,13,14,18,19,20,21,25,26,27,28,33,34,35,41,42], 13[4,5,6,11,12,13,14,18,19,20,21,25,26,27,28,32,33,34,35,40,41,42,48,49], 15[4,5,6,11,12,13,14,18,19,20,21,25,26,27,28,32,33,34,35,39,40,41,42,47,48,49], 17[4,5,6,11,12,13,14,18,19,20,21,25,26,27,28,32,33,34,35,39,40,41,42,46,47,48,49], 19[4,5,6,11,12,13,14,18,19,20,21,25,26,27,28,32,33,34,35,39,40,41,42,46,47,48,49], 21[4,5,6,11,12,13,14,18,19,20,21,25,26,27,28,32,33,34,35,39,40,41,42,46,47,48,49], 23[4,5,6,11,12,13,14,18,19,20,21,25,26,27,28,32,33,34,35,39,40,41,42,46,47,48,49]]
   00:00:00:00:00:08    00:00:00:00:00:16  [9[13,14,16,17,18,19,20,22,23,24,25,26,27], 11[13,14,20,22,23,24,25,26,27,33,34], 13[13,14,20,22,23,24,25,26,27,28,29,30,31,32,33,34,35], 15[13,14,15,16,20,22,23,24,25,27,28,29,30,31,32,33,34,35,36,37,38,39,40], 17[13,14,15,16,20,22,23,24,25,27,28,29,30,31,32,33,34,35,36,37,38,39,40,43,44,45,46,47], 19[13,14,15,16,20,22,23,24,25,27,28,29,30,31,32,33,34,35,36,37,38,39,40,43,44,45,46,47], 21[13,14,15,16,20,22,23,24,25,27,28,29,30,31,32,33,34,35,36,37,38,39,40,41,43,44,45,46,47,48], 23[13,14,15,16,20,22,23,24,25,27,28,29,30,31,32,33,34,35,36,37,38,39,40,41,42,43,44,45,46,47,48,49], 25[13,14,15,16,20,22,23,24,25,27,28,29,30,31,32,33,34,35,36,37,38,39,40,41,42,43,44,45,46,47,48,49], 27[13,14,15,16,20,22,23,24,27,28,29,30,31,32,33,34,35,36,37,38,39,40,41,42,43,44,45,46,47,48,49], 29[13,14,15,16,20,22,23,24,27,28,29,30,31,32,33,34,35,36,37,38,39,40,41,42,43,44,45,46,47,48,49]]
   00:00:00:00:00:08    00:00:00:00:00:12  [11[13,14,16,17,18,19,20,23,24,25,26,27,30,31,37,38,44,45], 13[13,14,20,23,24,25,26,27,29,30,31,32,36,37,38,39,43,44,45,46], 15[13,14,20,23,24,25,26,27,29,30,31,32,33,36,37,38,39,40,43,44,45,46,47], 17[13,14,20,23,24,25,26,27,29,30,31,32,33,34,36,37,38,39,40,41,43,44,45,46,47,48], 19[13,14,20,23,24,25,26,27,29,30,31,32,33,34,35,36,37,38,39,40,41,42,43,44,45,46,47,48,49], 21[13,14,20,23,24,25,26,27,29,30,31,32,33,34,35,36,37,38,39,40,41,42,43,44,45,46,47,48,49], 23[13,14,20,23,24,25,26,27,29,30,31,32,33,34,35,36,37,38,39,40,41,42,43,44,45,46,47,48,49], 25[13,14,20,23,24,25,26,27,29,30,31,32,33,34,35,36,37,38,39,40,41,42,43,44,45,46,47,48,49], 27[13,14,20,23,24,25,26,27,29,30,31,32,33,34,35,36,37,38,39,40,41,42,43,44,45,46,47,48,49]]
   00:00:00:00:00:08    00:00:00:00:00:0e  [7[13,14,20,21,27,28,34,41,48], 9[14,21,26,27,28,33,34,35,40,41,42,47,48,49], 11[14,21,26,27,28,32,33,34,35,39,40,41,42,46,47,48,49], 13[14,21,26,27,28,31,32,33,34,35,38,39,40,41,42,45,46,47,48,49], 15[14,21,26,27,28,30,31,32,33,34,35,37,38,39,40,41,42,44,45,46,47,48,49], 17[14,21,26,27,28,29,30,31,32,33,34,35,36,37,38,39,40,41,42,43,44,45,46,47,48,49], 19[14,21,26,27,28,29,30,31,32,33,34,35,36,37,38,39,40,41,42,43,44,45,46,47,48,49], 21[14,21,26,27,28,29,30,31,32,33,34,35,36,37,38,39,40,41,42,43,44,45,46,47,48,49], 23[14,21,26,27,28,29,30,31,32,33,34,35,36,37,38,39,40,41,42,43,44,45,46,47,48,49], 25[14,21,26,27,28,29,30,31,32,33,34,35,36,37,38,39,40,41,42,43,44,45,46,47,48,49]]
   00:00:00:00:00:08    00:00:00:00:00:0f  [8[13,14,19,20,26,27,33,34,40,47], 10[13,14,20,26,27,28,32,33,34,35,39,40,41,42,46,47,48,49], 12[13,14,20,26,27,28,31,32,33,34,35,38,39,40,41,42,45,46,47,48,49], 14[13,14,20,26,27,28,30,31,32,33,34,35,37,38,39,40,41,42,44,45,46,47,48,49], 16[13,14,20,26,27,28,29,30,31,32,33,34,35,36,37,38,39,40,41,42,43,44,45,46,47,48,49], 18[13,14,20,26,27,28,29,30,31,32,33,34,35,36,37,38,39,40,41,42,43,44,45,46,47,48,49], 20[13,14,20,26,27,28,29,30,31,32,33,34,35,36,37,38,39,40,41,42,43,44,45,46,47,48,49], 22[13,14,20,26,27,28,29,30,31,32,33,34,35,36,37,38,39,40,41,42,43,44,45,46,47,48,49], 24[13,14,20,26,27,28,29,30,31,32,33,34,35,36,37,38,39,40,41,42,43,44,45,46,47,48,49], 26[13,14,20,26,27,28,29,30,31,32,33,34,35,36,37,38,39,40,41,42,43,44,45,46,47,48,49]]
   00:00:00:00:00:08    00:00:00:00:00:0a  [3[14,21,28], 5[14,20,21,27,28], 7[14,20,21,27,28,34,35], 9[14,20,21,26,27,28,33,34,35,41,42], 11[14,20,21,26,27,28,33,34,35,40,41,42], 13[14,20,21,26,27,28,32,33,34,35,39,40,41,42,47,48,49], 15[14,20,21,26,27,28,31,32,33,34,35,38,39,40,41,42,46,47,48,49], 17[14,20,21,26,27,28,30,31,32,33,34,35,37,38,39,40,41,42,45,46,47,48,49], 19[14,20,21,26,27,28,29,30,31,32,33,34,35,36,37,38,39,40,41,42,44,45,46,47,48,49], 21[14,20,21,26,27,28,29,30,31,32,33,34,35,36,37,38,39,40,41,42,43,44,45,46,47,48,49], 23[14,20,21,26,27,28,29,30,31,32,33,34,35,36,37,38,39,40,41,42,43,44,45,46,47,48,49], 25[14,20,21,26,27,28,29,30,31,32,33,34,35,36,37,38,39,40,41,42,43,44,45,46,47,48,49], 27[14,20,21,26,27,28,29,30,31,32,33,34,35,36,37,38,39,40,41,42,43,44,45,46,47,48,49]]
   00:00:00:00:00:08    00:00:00:00:00:01  [8[1,2,3,4,5,6,7,8,9,10,11,12,13,14], 10[1,2,3,4,5,6,7,8,9,10,11,12,13,14,15,16,17,18,19,20,21], 12[1,8,9,14,15,16,17,18,19,20,21,22,23,24,25,26,27], 14[1,2,3,8,9,10,14,15,16,17,20,21,22,23,24,25,26,27,29,30,31,32], 16[1,2,8,9,14,15,16,20,21,22,23,24,25,26,27,29,30,31,32,36,37,38], 18[1,2,8,9,14,15,16,20,21,22,23,24,25,26,27,29,30,31,32,36,37,38,43,44,45], 20[1,2,8,9,14,15,16,20,21,22,23,24,25,26,27,29,30,31,32,36,37,38,39,43,44,45,46], 22[1,2,8,9,14,15,16,20,21,22,23,24,25,26,27,29,30,31,32,36,37,38,39,40,43,44,45,46,47], 24[1,2,8,9,14,15,16,20,21,22,23,24,25,26,27,29,30,31,32,36,37,38,39,40,41,43,44,45,46,47,48], 26[1,2,8,9,14,15,16,20,21,22,23,24,25,26,27,29,30,31,32,33,34,36,37,38,39,40,41,42,43,44,45,46,47,48,49], 28[1,2,8,9,14,15,16,20,21,22,23,24,25,26,27,29,30,31,32,33,34,35,36,37,38,39,40,41,42,43,44,45,46,47,48,49], 30[1,2,8,9,14,15,16,20,21,22,23,24,25,26,27,29,30,31,32,33,34,35,36,37,38,39,40,41,42,43,44,45,46,47,48,49], 32[1,2,8,9,14,15,16,20,21,22,23,24,25,26,27,29,30,31,32,33,34,35,36,37,38,39,40,41,42,43,44,45,46,47,48,49]]
   00:00:00:00:00:08    00:00:00:00:00:11  [10[13,14,17,18,19,20,24,25,26,27,31,32,33,34,38,45], 12[13,14,20,27,28,31,32,33,34,35,38,39,40,41,42,45,46,47,48], 14[13,14,20,27,28,30,31,32,33,34,35,37,38,39,40,41,42,44,45,46,47,48,49], 16[13,14,20,27,28,29,30,31,32,33,34,35,36,37,38,39,40,41,42,43,44,45,46,47,48,49], 18[13,14,20,27,28,29,30,31,32,33,34,35,36,37,38,39,40,41,42,43,44,45,46,47,48,49], 20[13,14,20,27,28,29,30,31,32,33,34,35,36,37,38,39,40,41,42,43,44,45,46,47,48,49], 22[13,14,20,27,28,29,30,31,32,33,34,35,36,37,38,39,40,41,42,43,44,45,46,47,48,49], 24[13,14,20,27,28,29,30,31,32,33,34,35,36,37,38,39,40,41,42,43,44,45,46,47,48,49], 26[13,14,20,27,28,29,30,31,32,33,34,35,36,37,38,39,40,41,42,43,44,45,46,47,48,49]]
   00:00:00:00:00:08    00:00:00:00:00:14  [11[13,14,16,17,18,19,20,22,23,24,25,26,27,29,30,36,37], 13[13,14,20,22,23,24,25,26,27,29,30,31,36,37,38,43,44], 15[13,14,20,22,23,24,25,26,27,29,30,31,32,36,37,38,39,43,44,45], 17[13,14,20,22,23,24,25,26,27,29,30,31,32,33,36,37,38,39,40,43,44,45,46], 19[13,14,20,22,23,24,25,26,27,29,30,31,32,33,34,36,37,38,39,40,41,43,44,45,46,47], 21[13,14,20,22,23,24,25,26,27,29,30,31,32,33,34,35,36,37,38,39,40,41,42,43,44,45,46,47,48], 23[13,14,20,22,23,24,25,26,27,29,30,31,32,33,34,35,36,37,38,39,40,41,42,43,44,45,46,47,48,49], 25[13,14,20,22,23,24,25,26,27,29,30,31,32,33,34,35,36,37,38,39,40,41,42,43,44,45,46,47,48,49], 27[13,14,20,22,23,24,25,26,27,29,30,31,32,33,34,35,36,37,38,39,40,41,42,43,44,45,46,47,48,49], 29[13,14,20,22,23,24,25,26,27,29,30,31,32,33,34,35,36,37,38,39,40,41,42,43,44,45,46,47,48,49]]
   00:00:00:00:00:08    00:00:00:00:00:0c  [5[14,21,28,35,42], 7[14,21,27,28,34,35,41,42], 9[14,21,26,27,28,33,34,35,40,41,42], 11[14,21,26,27,28,32,33,34,35,39,40,41,42,47,48,49], 13[14,21,26,27,28,31,32,33,34,35,38,39,40,41,42,46,47,48,49], 15[14,21,26,27,28,30,31,32,33,34,35,37,38,39,40,41,42,45,46,47,48,49], 17[14,21,26,27,28,29,30,31,32,33,34,35,36,37,38,39,40,41,42,44,45,46,47,48,49], 19[14,21,26,27,28,29,30,31,32,33,34,35,36,37,38,39,40,41,42,43,44,45,46,47,48,49], 21[14,21,26,27,28,29,30,31,32,33,34,35,36,37,38,39,40,41,42,43,44,45,46,47,48,49], 23[14,21,26,27,28,29,30,31,32,33,34,35,36,37,38,39,40,41,42,43,44,45,46,47,48,49], 25[14,21,26,27,28,29,30,31,32,33,34,35,36,37,38,39,40,41,42,43,44,45,46,47,48,49]]
   00:00:00:00:00:08    00:00:00:00:00:10  [9[13,14,18,19,20,25,26,27,32,33,34,39,40,46,47], 11[13,14,20,26,27,28,31,32,33,34,35,38,39,40,41,42,45,46,47,48], 13[13,14,20,26,27,28,30,31,32,33,34,35,37,38,39,40,41,42,44,45,46,47,48,49], 15[13,14,20,26,27,28,29,30,31,32,33,34,35,36,37,38,39,40,41,42,43,44,45,46,47,48,49], 17[13,14,20,26,27,28,29,30,31,32,33,34,35,36,37,38,39,40,41,42,43,44,45,46,47,48,49], 19[13,14,20,26,27,28,29,30,31,32,33,34,35,36,37,38,39,40,41,42,43,44,45,46,47,48,49], 21[13,14,20,26,27,28,29,30,31,32,33,34,35,36,37,38,39,40,41,42,43,44,45,46,47,48,49], 23[13,14,20,26,27,28,29,30,31,32,33,34,35,36,37,38,39,40,41,42,43,44,45,46,47,48,49], 25[13,14,20,26,27,28,29,30,31,32,33,34,35,36,37,38,39,40,41,42,43,44,45,46,47,48,49]]
   00:00:00:00:00:08    00:00:00:00:00:13  [12[13,14,16,17,18,19,20,22,23,24,25,26,27,29,30,36,37,43,44], 14[13,14,20,22,23,24,25,26,27,29,30,31,36,37,38,43,44,45], 16[13,14,20,22,23,24,25,26,27,29,30,31,32,36,37,38,39,43,44,45,46], 18[13,14,20,22,23,24,25,26,27,29,30,31,32,33,36,37,38,39,40,43,44,45,46,47], 20[13,14,20,22,23,24,25,26,27,29,30,31,32,33,34,36,37,38,39,40,41,43,44,45,46,47,48], 22[13,14,20,22,23,24,25,26,27,29,30,31,32,33,34,35,36,37,38,39,40,41,42,43,44,45,46,47,48,49], 24[13,14,20,22,23,24,25,26,27,29,30,31,32,33,34,35,36,37,38,39,40,41,42,43,44,45,46,47,48,49], 26[13,14,20,22,23,24,25,26,27,29,30,31,32,33,34,35,36,37,38,39,40,41,42,43,44,45,46,47,48,49], 28[13,14,20,22,23,24,25,26,27,29,30,31,32,33,34,35,36,37,38,39,40,41,42,43,44,45,46,47,48,49], 30[13,14,20,22,23,24,25,26,27,29,30,31,32,33,34,35,36,37,38,39,40,41,42,43,44,45,46,47,48,49]]
   00:00:00:00:00:0d    00:00:00:00:00:05  [9[5,6,7,12,13,14,19,20,21,26,27,28,33,34,35,40,41,42,47,48,49], 11[4,5,6,7,11,12,13,14,18,19,20,21,25,26,27,28,32,33,34,35,39,40,41,42,46,47,48,49], 13[4,5,6,7,11,12,13,14,18,19,20,21,25,26,27,28,32,33,34,35,39,40,41,42,46,47,48,49], 15[4,5,6,7,11,12,13,14,18,19,20,21,25,26,27,28,32,33,34,35,39,40,41,42,46,47,48,49], 17[4,5,6,7,11,12,13,14,18,19,20,21,25,26,27,28,32,33,34,35,39,40,41,42,46,47,48,49], 19[4,5,11,12,18,19,25,26,27,28,32,33,34,35,39,40,41,42,46,47,48,49]]
   00:00:00:00:00:0d    00:00:00:00:00:15  [13[16,17,18,19,20,21,22,23,24,25,26,28,29,30,31,32,33,35,42,49], 15[16,17,18,19,20,21,22,23,24,25,26,28,29,30,31,32,33,35,36,37,38,39,42,49], 17[15,16,17,18,19,20,21,22,23,24,25,26,27,28,29,30,31,32,33,34,35,36,37,38,39,42,43,44,45,46,49], 19[15,16,17,18,19,20,21,22,23,24,25,26,27,28,29,30,31,32,33,34,35,36,37,38,39,40,42,43,44,45,46,47,49], 21[15,16,17,18,19,20,21,22,23,24,25,26,27,28,29,30,31,32,33,34,35,36,37,38,39,40,41,42,43,44,45,46,47,48,49], 23[15,16,17,18,19,20,21,22,23,24,25,26,27,28,29,30,31,32,33,34,35,36,37,38,39,40,41,42,43,44,45,46,47,48,49], 25[15,16,17,18,19,20,21,22,23,24,25,26,27,28,29,30,31,32,33,34,35,36,37,38,39,40,41,42,43,44,45,46,47,48,49], 27[15,16,17,18,19,20,21,22,23,24,25,26,27,28,29,30,31,32,33,34,35,36,37,38,39,40,41,42,43,44,45,46,47,48,49], 29[15,16,17,18,19,20,21,22,23,24,25,26,27,28,29,30,31,32,33,34,35,36,37,38,39,40,41,42,43,44,45,46,47,48,49], 31[16,17,18,19,20,21,23,26,27,28,29,30,31,32,33,34,35,36,37,38,39,40,41,42,43,44,45,46,47,48,49]]
   00:00:00:00:00:0d    00:00:00:00:00:09  [5[21,28,35,42,49], 7[20,21,27,28,34,35,41,42,48,49], 9[13,14,19,20,21,26,27,28,33,34,35,40,41,42,47,48,49], 11[6,7,12,13,14,18,19,20,21,25,26,27,28,32,33,34,35,39,40,41,42,46,47,48,49], 13[6,7,12,13,14,18,19,20,21,25,26,27,28,32,33,34,35,39,40,41,42,46,47,48,49], 15[6,7,12,13,14,17,18,19,20,21,24,25,26,27,28,31,32,33,34,35,39,40,41,42,46,47,48,49], 17[6,7,12,13,14,17,18,19,20,21,24,25,26,27,28,31,32,33,34,35,38,39,40,41,42,46,47,48,49], 19[17,18,19,20,21,24,25,26,27,28,31,32,33,34,35,38,39,40,41,42,45,46,47,48,49], 21[17,18,19,20,21,24,25,26,27,28,31,32,33,34,35,38,39,40,41,42,45,46,47,48,49], 23[17,18,19,20,21,24,25,26,27,28,31,32,33,34,35,38,39,40,41,42,45,46,47,48,49]]
   00:00:00:00:00:0d    00:00:00:00:00:08  [6[14,21,28,35,42,49], 8[13,14,20,21,27,28,34,35,41,42,48,49], 10[6,7,12,13,14,19,20,21,26,27,28,33,34,35,40,41,42,47,48,49], 12[5,6,7,11,12,13,14,18,19,20,21,25,26,27,28,32,33,34,35,40,41,42,47,48,49], 14[5,6,7,11,12,13,14,18,19,20,21,25,26,27,28,32,33,34,35,39,40,41,42,47,48,49], 16[5,6,7,11,12,13,14,18,19,20,21,25,26,27,28,32,33,34,35,39,40,41,42,46,47,48,49], 18[5,6,7,11,12,13,14,18,19,20,21,25,26,27,28,32,33,34,35,39,40,41,42,46,47,48,49], 20[11,12,13,14,18,19,20,21,25,26,27,28,32,33,34,35,39,40,41,42,46,47,48,49]]
   00:00:00:00:00:0d    00:00:00:00:00:04  [10[4,5,6,11,12,13,14,18,19,20,21,25,26,27,28,32,33,34,35,42,49], 12[3,4,5,10,11,12,17,18,19,24,25,26,27,28,31,32,33,34,35,39,40,41,42,49], 14[3,4,5,10,11,12,17,18,19,24,25,26,27,28,31,32,33,34,35,38,39,40,41,42,46,47,48,49], 16[3,4,5,10,11,12,17,18,19,24,25,26,27,28,31,32,33,34,35,38,39,40,41,42,45,46,47,48,49], 18[3,4,5,10,11,12,17,18,19,24,25,26,27,28,31,32,33,34,35,38,39,40,41,42,45,46,47,48,49], 20[3,4,5,10,11,12,17,18,19,24,25,26,27,28,31,32,33,34,35,38,39,40,41,42,45,46,47,48,49], 22[3,4,5,10,11,12,17,18,19,24,25,26,27,28,31,32,33,34,35,38,39,40,41,42,45,46,47,48,49]]
   00:00:00:00:00:0d    00:00:00:00:00:02  [12[2,3,4,9,11,12,13,14,16,17,18,19,20,21,23,24,25,26,27,28,35,42,49], 14[2,3,9,10,16,17,23,24,25,26,27,28,30,31,32,35,42,49], 16[1,2,8,9,15,16,22,23,24,25,26,27,28,29,30,31,32,35,37,38,39,42,49], 18[1,2,8,9,15,16,22,23,24,25,26,27,28,29,30,31,32,33,35,36,37,38,39,40,42,44,45,49], 20[1,2,3,8,9,10,15,16,17,22,23,24,25,26,27,28,29,30,31,32,33,34,35,36,37,38,39,40,41,42,43,44,45,46,49], 22[1,2,3,8,9,10,15,16,17,22,23,24,25,26,27,28,29,30,31,32,33,34,35,36,37,38,39,40,41,42,43,44,45,46,47,49], 24[1,2,3,8,9,10,15,16,17,22,23,24,25,26,27,28,29,30,31,32,33,34,35,36,37,38,39,40,41,42,43,44,45,46,47,48,49], 26[1,2,3,8,9,10,15,16,17,22,23,24,25,26,27,28,29,30,31,32,33,34,35,36,37,38,39,40,41,42,43,44,45,46,47,48,49], 28[1,2,3,8,9,10,15,16,17,22,23,24,25,26,27,28,29,30,31,32,33,34,35,36,37,38,39,40,41,42,43,44,45,46,47,48,49], 30[1,2,8,9,15,16,22,23,25,26,27,28,29,30,31,32,33,34,35,36,37,38,39,40,41,42,43,44,45,46,47,48,49]]
   00:00:00:00:00:0d    00:00:00:00:00:0b  [3[35,42,49], 5[34,35,41,42,48,49], 7[27,28,33,34,35,40,41,42,47,48,49], 9[20,21,26,27,28,32,33,34,35,39,40,41,42,46,47,48,49], 11[13,14,19,20,21,26,27,28,32,33,34,35,39,40,41,42,46,47,48,49], 13[12,13,14,18,19,20,21,25,26,27,28,32,33,34,35,39,40,41,42,46,47,48,49], 15[12,13,14,18,19,20,21,25,26,27,28,32,33,34,35,39,40,41,42,46,47,48,49], 17[12,13,14,18,19,20,21,25,26,27,28,32,33,34,35,39,40,41,42,46,47,48,49], 19[12,13,14,18,19,20,21,25,26,27,28,32,33,34,35,39,40,41,42,46,47,48,49]]
   00:00:00:00:00:0d    00:00:00:00:00:17  [11[15,16,17,18,19,20,21,22,23,24,25,26,27,28,35,42,49], 13[15,16,22,23,24,25,26,27,28,29,30,31,35,42,49], 15[15,16,22,23,24,25,26,27,28,29,30,31,35,36,37,38,42,49], 17[15,16,22,23,24,25,26,27,28,29,30,31,32,35,36,37,38,39,42,43,44,49], 19[15,16,22,23,24,25,26,27,28,29,30,31,32,33,35,36,37,38,39,40,42,43,44,45,46,49], 21[15,16,22,23,24,25,26,27,28,29,30,31,32,33,34,35,36,37,38,39,40,41,42,43,44,45,46,47,49], 23[15,16,22,23,24,25,26,27,28,29,30,31,32,33,34,35,36,37,38,39,40,41,42,43,44,45,46,47,48,49], 25[15,16,22,23,24,25,26,27,28,29,30,31,32,33,34,35,36,37,38,39,40,41,42,43,44,45,46,47,48,49], 27[15,16,22,23,24,25,26,27,28,29,30,31,32,33,34,35,36,37,38,39,40,41,42,43,44,45,46,47,48,49], 29[15,16,22,23,24,25,26,27,28,29,30,31,32,33,34,35,36,37,38,39,40,41,42,43,44,45,46,47,48,49]]
   00:00:00:00:00:0d    00:00:00:00:00:03  [11[3,4,10,11,12,13,14,17,18,19,20,21,24,25,26,27,28,35,42,49], 13[3,4,10,11,17,18,24,25,26,27,28,31,32,33,35,42,49], 15[2,3,4,9,10,11,16,17,18,23,24,25,26,27,28,30,31,32,33,35,38,39,40,42,49], 17[2,3,4,9,10,11,16,17,18,23,24,25,26,27,28,30,31,32,33,34,35,37,38,39,40,41,42,45,46,49], 19[2,3,4,9,10,11,16,17,18,23,24,25,26,27,28,30,31,32,33,34,35,37,38,39,40,41,42,44,45,46,47,48,49], 21[2,3,4,9,10,11,16,17,18,23,24,25,26,27,28,30,31,32,33,34,35,37,38,39,40,41,42,44,45,46,47,48,49], 23[2,3,4,9,10,11,16,17,18,23,24,25,26,27,28,30,31,32,33,34,35,37,38,39,40,41,42,44,45,46,47,48,49], 25[2,3,4,9,10,11,16,17,18,23,24,25,26,27,28,30,31,32,33,34,35,37,38,39,40,41,42,44,45,46,47,48,49]]
   00:00:00:00:00:0d    00:00:00:00:00:07  [7[7,14,21,28,35,42,49], 9[6,7,13,14,20,21,27,28,34,35,41,42,48,49], 11[5,6,7,12,13,14,19,20,21,26,27,28,33,34,35,40,41,42,47,48,49], 13[4,5,6,7,11,12,13,14,18,19,20,21,25,26,27,28,33,34,35,40,41,42,47,48,49], 15[4,5,6,7,11,12,13,14,18,19,20,21,25,26,27,28,32,33,34,35,40,41,42,47,48,49], 17[4,5,6,7,11,12,13,14,18,19,20,21,25,26,27,28,32,33,34,35,39,40,41,42,47,48,49], 19[4,5,6,7,11,12,13,14,18,19,20,21,25,26,27,28,32,33,34,35,39,40,41,42,46,47,48,49], 21[4,5,6,7,11,12,13,14,18,19,20,21,25,26,27,28,32,33,34,35,39,40,41,42,46,47,48,49]]
   00:00:00:00:00:0d    00:00:00:00:00:18  [12[8,9,10,11,12,15,16,17,18,19,20,21,22,23,24,25,26,27,28,35,42,49], 14[8,9,10,15,16,17,22,23,24,25,26,27,28,29,30,31,32,35,42,49], 16[8,9,15,16,22,23,24,25,26,27,28,29,30,31,32,35,36,37,38,39,42,49], 18[8,9,15,16,22,23,24,25,26,27,28,29,30,31,32,33,35,36,37,38,39,40,42,43,44,45,49], 20[8,9,10,15,16,17,22,23,24,25,26,27,28,29,30,31,32,33,34,35,36,37,38,39,40,41,42,43,44,45,46,49], 22[8,9,10,15,16,17,22,23,24,25,26,27,28,29,30,31,32,33,34,35,36,37,38,39,40,41,42,43,44,45,46,47,49], 24[8,9,10,15,16,17,22,23,24,25,26,27,28,29,30,31,32,33,34,35,36,37,38,39,40,41,42,43,44,45,46,47,48,49], 26[8,9,10,15,16,17,22,23,24,25,26,27,28,29,30,31,32,33,34,35,36,37,38,39,40,41,42,43,44,45,46,47,48,49], 28[8,9,10,15,16,17,22,23,24,25,26,27,28,29,30,31,32,33,34,35,36,37,38,39,40,41,42,43,44,45,46,47,48,49], 30[8,9,15,16,22,23,24,25,26,27,28,29,30,31,32,33,34,35,36,37,38,39,40,41,42,43,44,45,46,47,48,49]]
   00:00:00:00:00:0d    00:00:00:00:00:06  [8[6,7,13,14,20,21,27,28,34,35,41,42,48,49], 10[5,6,7,12,13,14,19,20,21,26,27,28,33,34,35,40,41,42,47,48,49], 12[4,5,6,7,11,12,13,14,18,19,20,21,25,26,27,28,32,33,34,35,40,41,42,47,48,49], 14[4,5,6,7,11,12,13,14,18,19,20,21,25,26,27,28,32,33,34,35,39,40,41,42,47,48,49], 16[4,5,6,7,11,12,13,14,18,19,20,21,25,26,27,28,32,33,34,35,39,40,41,42,46,47,48,49], 18[4,5,6,7,11,12,13,14,18,19,20,21,25,26,27,28,32,33,34,35,39,40,41,42,46,47,48,49], 20[4,5,6,11,12,13,18,19,20,25,26,27,28,32,33,34,35,39,40,41,42,46,47,48,49]]
   00:00:00:00:00:0d    00:00:00:00:00:16  [12[16,17,18,19,20,21,22,23,24,25,26,28,35,42,49], 14[19,20,21,22,23,24,25,26,28,29,30,31,32,33,35,42,49], 16[15,16,19,20,21,22,23,24,25,26,27,28,29,30,31,32,33,34,35,36,37,38,39,42,49], 18[15,16,19,20,21,22,23,24,25,26,27,28,29,30,31,32,33,34,35,36,37,38,39,40,42,43,44,45,46,49], 20[15,16,19,20,21,22,23,24,26,27,28,29,30,31,32,33,34,35,36,37,38,39,40,42,43,44,45,46,47,49], 22[15,16,19,20,21,22,23,24,26,27,28,29,30,31,32,33,34,35,36,37,38,39,40,41,42,43,44,45,46,47,48,49], 24[15,16,19,20,21,22,23,24,26,27,28,29,30,31,32,33,34,35,36,37,38,39,40,41,42,43,44,45,46,47,48,49], 26[15,16,19,20,21,22,23,24,26,27,28,29,30,31,32,33,34,35,36,37,38,39,40,41,42,43,44,45,46,47,48,49], 28[15,16,19,20,21,22,23,24,26,27,28,29,30,31,32,33,34,35,36,37,38,39,40,41,42,43,44,45,46,47,48,49], 30[15,16,19,20,21,22,23,24,26,27,28,29,30,31,32,33,34,35,36,37,38,39,40,41,42,43,44,45,46,47,48,49]]
   00:00:00:00:00:0d    00:00:00:00:00:12  [6[44,45,46,47,48,49], 8[37,38,39,40,41,42,44,45,46,47,48,49], 10[30,31,32,33,36,37,38,39,40,41,42,43,44,45,46,47,48,49], 12[23,24,25,26,29,30,31,32,33,36,37,38,39,40,41,42,43,44,45,46,47,48,49], 14[22,23,24,25,26,29,30,31,32,33,36,37,38,39,40,41,42,43,44,45,46,47,48,49], 16[22,23,24,25,26,29,30,31,32,33,36,37,38,39,40,41,42,43,44,45,46,47,48,49], 18[22,23,24,25,26,29,30,31,32,33,36,37,38,39,40,41,42,43,44,45,46,47,48,49], 20[22,23,24,25,26,29,30,31,32,33,36,37,38,39,40,41,42,43,44,45,46,49]]
   00:00:00:00:00:0d    00:00:00:00:00:0e  [2[48,49], 4[41,42,48,49], 6[34,35,41,42,48,49], 8[27,28,33,34,35,40,41,42,48,49], 10[26,27,28,32,33,34,35,39,40,41,42,47,48,49], 12[26,27,28,31,32,33,34,35,38,39,40,41,42,45,46,47,48,49], 14[26,27,28,30,31,32,33,34,35,37,38,39,40,41,42,44,45,46,47,48,49], 16[26,27,28,29,30,31,32,33,34,35,36,37,38,39,40,41,42,43,44,45,46,47,48,49], 18[26,27,28,29,30,31,32,33,34,35,36,37,38,39,40,41,42,43,44,45,46,47,48,49], 20[26,27,28,29,30,31,32,33,34,35,36,37,38,39,40,41,42,43,44,45,46,47,48,49], 22[26,27,28,29,30,31,32,33,34,35,36,37,38,39,40,41,42,43,44,45,46,47,48,49], 24[26,27,28,29,30,31,32,33,34,35,36,37,38,39,40,41,42,43,44,45,46,47,48,49]]
   00:00:00:00:00:0d    00:00:00:00:00:0f  [3[47,48,49], 5[40,41,42,47,49], 7[33,34,35,39,40,41,42,46,47,48,49], 9[26,27,28,32,33,34,35,39,40,41,42,46,47,48,49], 11[26,27,28,31,32,33,34,35,38,39,40,41,42,45,46,47,48,49], 13[26,27,28,30,31,32,33,34,35,37,38,39,40,41,42,44,45,46,47,48,49], 15[26,27,28,29,30,31,32,33,34,35,36,37,38,39,40,41,42,43,44,45,46,47,48,49], 17[26,27,28,29,30,31,32,33,34,35,36,37,38,39,40,41,42,43,44,45,46,47,48,49], 19[26,27,28,29,30,31,32,33,34,35,36,37,38,39,40,41,42,43,44,45,46,47,48,49], 21[26,27,28,29,30,31,32,33,34,35,36,37,38,39,40,41,42,43,44,45,46,47,48,49], 23[26,27,28,29,30,31,32,33,34,35,36,37,38,39,40,41,42,43,44,45,46,47,48,49]]
   00:00:00:00:00:0d    00:00:00:00:00:0a  [4[28,35,42,49], 6[27,28,34,35,41,42,48,49], 8[20,21,26,27,28,33,34,35,40,41,42,47,48,49], 10[13,14,19,20,21,26,27,28,33,34,35,40,41,42,47,48,49], 12[6,7,12,13,14,18,19,20,21,24,25,26,27,28,31,32,33,34,35,39,40,41,42,46,47,48,49], 14[6,7,12,13,14,17,18,19,20,21,24,25,26,27,28,31,32,33,34,35,38,39,40,41,42,46,47,48,49], 16[6,7,12,13,14,17,18,19,20,21,24,25,26,27,28,31,32,33,34,35,38,39,40,41,42,45,46,47,48,49], 18[6,7,12,13,14,17,18,19,20,21,24,25,26,27,28,31,32,33,34,35,38,39,40,41,42,45,46,47,48,49], 20[13,14,17,18,19,20,21,24,25,26,27,28,31,32,33,34,35,38,39,40,41,42,45,46,47,48,49], 22[13,14,17,18,19,20,21,24,25,26,27,28,31,32,33,34,35,38,39,40,41,42,45,46,47,48,49], 24[13,14,17,18,19,20,21,24,25,26,27,28,31,32,33,34,35,38,39,40,41,42,45,46,47,48,49]]
   00:00:00:00:00:0d    00:00:00:00:00:01  [13[1,2,3,4,8,9,11,12,13,14,15,16,17,18,19,20,21,22,23,24,25,26,27,28,35,42,49], 15[1,2,3,8,9,10,15,16,17,22,23,24,25,26,27,28,29,30,31,32,35,42,49], 17[1,2,8,9,15,16,22,23,24,25,26,27,28,29,30,31,32,35,36,37,38,39,42,49], 19[1,2,8,9,15,16,22,23,24,25,26,27,28,29,30,31,32,33,35,36,37,38,39,40,42,43,44,45,49], 21[1,2,3,8,9,10,15,16,17,22,23,24,25,26,27,28,29,30,31,32,33,34,35,36,37,38,39,40,41,42,43,44,45,46,49], 23[1,2,3,8,9,10,15,16,17,22,23,24,25,26,27,28,29,30,31,32,33,34,35,36,37,38,39,40,41,42,43,44,45,46,47,49], 25[1,2,3,8,9,10,15,16,17,22,23,24,25,26,27,28,29,30,31,32,33,34,35,36,37,38,39,40,41,42,43,44,45,46,47,48,49], 27[1,2,3,8,9,10,15,16,17,22,23,24,25,26,27,28,29,30,31,32,33,34,35,36,37,38,39,40,41,42,43,44,45,46,47,48,49], 29[1,2,8,9,15,16,22,23,24,25,26,27,28,29,30,31,32,33,34,35,36,37,38,39,40,41,42,43,44,45,46,47,48,49], 31[1,2,8,9,15,16,22,23,24,25,26,27,28,29,30,31,32,33,34,35,36,37,38,39,40,41,42,43,44,45,46,47,48,49]]
   00:00:00:00:00:0d    00:00:00:00:00:11  [5[45,46,47,48,49], 7[38,39,40,41,42,45,46,47,48,49], 9[31,32,33,34,37,38,39,40,41,42,44,45,46,47,48,49], 11[24,25,26,30,31,32,33,34,36,37,38,39,40,41,42,43,44,45,46,47,48,49], 13[24,25,26,29,30,31,32,33,34,36,37,38,39,40,41,42,43,44,45,46,47,48,49], 15[24,25,26,29,30,31,32,33,34,36,37,38,39,40,41,42,43,44,45,46,47,48,49], 17[24,25,26,29,30,31,32,33,34,36,37,38,39,40,41,42,43,44,45,46,47,48,49], 19[24,25,26,29,30,31,32,33,34,36,37,38,39,40,41,42,43,44,45,46,47,48,49], 21[24,25,26,29,30,31,32,33,34,36,37,38,39,40,41,42,43,44,45,46,47,49]]
   00:00:00:00:00:0d    00:00:00:00:00:14  [8[36,37,38,39,40,41,42,43,44,45,46,47,48,49], 10[29,30,31,32,33,36,37,38,39,40,41,42,43,44,45,46,47,48,49], 12[22,23,24,25,26,29,30,31,32,33,36,37,38,39,40,41,42,43,44,45,46,47,48,49], 14[15,16,17,18,19,20,21,22,23,24,25,26,28,29,30,31,32,33,35,36,37,38,39,40,41,42,43,44,45,46,47,48,49], 16[15,16,22,23,24,25,26,29,30,31,32,33,36,37,38,39,40,41,42,43,44,45,46,47,48,49], 18[15,16,22,23,24,25,26,29,30,31,32,33,36,37,38,39,40,41,42,43,44,45,46,47,49], 20[15,16,22,23,24,25,26,29,30,31,32,33,36,37,38,39,40,41,42,43,44,45,46,47,49], 22[22,23,24,25,26,29,30,31,32,33,36,37,38,39,40,41,42,43,44,45,46,47,49]]
   00:00:00:00:00:0d    00:00:00:00:00:0c  [2[42,49], 4[41,42,48,49], 6[34,35,40,41,42,47,48,49], 8[27,28,33,34,35,39,40,41,42,46,47,48,49], 10[20,21,26,27,28,32,33,34,35,38,39,40,41,42,45,46,47,48,49], 12[13,14,19,20,21,26,27,28,32,33,34,35,37,38,39,40,41,42,44,45,46,47,48,49], 14[12,13,14,18,19,20,21,25,26,27,28,32,33,34,35,37,38,39,40,41,42,44,45,46,47,48,49], 16[12,13,14,18,19,20,21,25,26,27,28,32,33,34,35,37,38,39,40,41,42,44,45,46,47,48,49], 18[12,13,14,18,19,20,21,25,26,27,28,32,33,34,35,37,38,39,40,41,42,44,45,46,47,48,49], 20[12,13,14,18,19,20,21,25,26,27,28,32,33,34,35,37,38,39,40,41,42,44,45,46,47,48,49], 22[13,14,19,20,21,26,27,28,32,33,34,35,37,38,39,40,41,42,44,45,46,47,48,49]]
   00:00:00:00:00:0d    00:00:00:00:00:10  [4[46,47,48,49], 6[39,40,41,42,46,47,48,49], 8[32,33,34,35,38,39,40,41,42,45,46,47,48,49], 10[31,32,33,34,35,37,38,39,40,41,42,44,45,46,47,48,49], 12[30,31,32,33,34,35,36,37,38,39,40,41,42,43,44,45,46,47,48,49], 14[29,30,31,32,33,34,35,36,37,38,39,40,41,42,43,44,45,46,47,48,49], 16[29,30,31,32,33,34,35,36,37,38,39,40,41,42,43,44,45,46,47,48,49], 18[29,30,31,32,33,34,35,36,37,38,39,40,41,42,43,44,45,46,47,48,49], 20[29,30,31,32,33,34,35,36,37,38,39,40,41,42,43,44,45,46,47,48,49]]
   00:00:00:00:00:0d    00:00:00:00:00:13  [7[43,44,45,46,47,48,49], 9[36,37,38,39,40,41,43,44,45,46,47,48,49], 11[29,30,31,32,33,36,37,38,39,40,41,43,44,45,46,47,48,49], 13[22,23,24,25,26,29,30,31,32,33,36,37,38,39,40,41,43,44,45,46,47,48,49], 15[15,16,22,23,24,25,26,29,30,31,32,33,36,37,38,39,40,41,43,44,45,46,47,48,49], 17[15,16,22,23,24,25,26,29,30,31,32,33,36,37,38,39,40,41,43,44,45,46,47,48,49], 19[15,16,22,23,24,25,26,29,30,31,32,33,36,37,38,39,40,41,43,44,45,46,47,48,49], 21[15,16,22,23,24,25,26,29,30,31,32,33,36,37,38,39,40,41,43,44,45,46,48,49]]
   00:00:00:00:00:04    00:00:00:00:00:05  [2[4,5], 4[4,5,11,12], 6[3,4,5,6,10,11,12,13,18,19], 8[4,5,11,12,18,19,25,26], 10[4,5,6,11,12,13,18,19,20,25,26,27,32,33], 12[4,5,6,11,12,13,18,19,20,24,25,26,27,31,32,33,34,39,40], 14[4,5,6,11,12,13,18,19,20,24,25,26,27,31,32,33,34,38,39,40,41,46,47], 16[4,5,6,11,12,13,18,19,20,24,25,26,27,30,31,32,33,34,37,38,39,40,41,45,46,47,48], 18[4,5,6,11,12,13,18,19,20,24,25,26,27,29,30,31,32,33,34,36,37,38,39,40,41,44,45,46,47,48], 20[4,5,6,11,12,13,18,19,20,24,25,26,27,29,30,31,32,33,34,36,37,38,39,40,41,43,44,45,46,47,48], 22[4,5,6,11,12,13,18,19,20,24,25,26,27,29,30,31,32,33,34,36,37,38,39,40,41,43,44,45,46,47,48], 24[4,5,6,11,12,13,18,19,20,24,25,26,27,29,30,31,32,33,34,36,37,38,39,40,41,43,44,45,46,47,48], 26[4,5,6,11,12,13,18,19,20,25,26,27,29,30,31,32,33,34,36,37,38,39,40,41,43,44,45,46,47,48], 28[4,5,6,11,12,13,18,19,20,25,26,27,29,30,31,32,33,34,36,37,38,39,40,41,43,44,45,46,47,48]]
   00:00:00:00:00:04    00:00:00:00:00:15  [8[1,2,3,4,8,9,10,15,16,22,23,29,30], 10[2,3,4,9,16,23,29,30,36,37], 12[2,3,4,9,16,23,29,30,31,36,37,38], 14[2,3,4,9,16,23,29,30,31,32,36,37,38,39], 16[2,3,4,9,16,23,29,30,31,32,33,36,37,38,39,40,43,44,45,46], 18[2,3,4,9,16,23,29,30,31,32,33,34,36,37,38,39,40,41,43,44,45,46,47], 20[2,3,4,9,16,23,26,27,29,30,31,32,33,34,35,36,37,38,39,40,41,42,43,44,45,46,47,48], 22[2,3,4,9,16,23,26,27,28,29,30,31,32,33,34,35,36,37,38,39,40,41,42,43,44,45,46,47,48,49], 24[2,3,4,9,16,23,26,27,28,29,30,31,32,33,34,35,36,37,38,39,40,41,42,43,44,45,46,47,48,49], 26[2,3,4,9,16,23,26,27,28,29,30,31,32,33,34,35,36,37,38,39,40,41,42,43,44,45,46,47,48,49], 28[2,3,4,9,16,23,26,27,28,29,30,31,32,33,34,35,36,37,38,39,40,41,42,43,44,45,46,47,48,49], 30[2,3,4,9,16,23,26,27,28,29,30,31,32,33,34,35,36,37,38,39,40,41,42,43,44,45,46,47,48,49]]
   00:00:00:00:00:04    00:00:00:00:00:09  [6[4,5,6,7,12,13,14,20,21], 8[4,5,6,13,20,21,27,28], 10[4,5,6,13,20,21,27,28,34,35], 12[4,5,6,13,20,21,26,27,28,33,34,35,41,42], 14[4,5,6,13,20,21,26,27,28,33,34,35,40,41,42], 16[4,5,6,13,20,21,26,27,28,32,33,34,35,39,40,41,42,47,48,49], 18[4,5,6,13,20,21,26,27,28,31,32,33,34,35,38,39,40,41,42,46,47,48,49], 20[4,5,6,13,20,21,26,27,28,30,31,32,33,34,35,37,38,39,40,41,42,45,46,47,48,49], 22[4,5,6,13,20,21,26,27,28,29,30,31,32,33,34,35,36,37,38,39,40,41,42,44,45,46,47,48,49], 24[4,5,6,13,20,21,26,27,28,29,30,31,32,33,34,35,36,37,38,39,40,41,42,43,44,45,46,47,48,49], 26[4,5,6,13,20,21,26,27,28,29,30,31,32,33,34,35,36,37,38,39,40,41,42,43,44,45,46,47,48,49], 28[4,5,6,13,20,21,26,27,28,29,30,31,32,33,34,35,36,37,38,39,40,41,42,43,44,45,46,47,48,49], 30[4,5,6,13,20,21,26,27,28,29,30,31,32,33,34,35,36,37,38,39,40,41,42,43,44,45,46,47,48,49]]
   00:00:00:00:00:04    00:00:00:00:00:08  [5[4,5,6,7,11,12,13,14], 7[4,5,6,13,14,20,21], 9[4,5,6,13,14,20,21,27,28], 11[4,5,6,13,14,20,21,27,28,34,35], 13[4,5,6,13,14,20,21,26,27,28,33,34,35,41,42], 15[4,5,6,13,14,20,21,26,27,28,33,34,35,40,41,42], 17[4,5,6,13,14,20,21,26,27,28,32,33,34,35,39,40,41,42,47,48,49], 19[4,5,6,13,14,20,21,26,27,28,31,32,33,34,35,38,39,40,41,42,46,47,48,49], 21[4,5,6,13,14,20,21,26,27,28,30,31,32,33,34,35,37,38,39,40,41,42,45,46,47,48,49], 23[4,5,6,13,14,20,21,26,27,28,29,30,31,32,33,34,35,36,37,38,39,40,41,42,44,45,46,47,48,49], 25[4,5,6,13,14,20,21,26,27,28,29,30,31,32,33,34,35,36,37,38,39,40,41,42,43,44,45,46,47,48,49], 27[4,5,6,13,14,20,21,26,27,28,29,30,31,32,33,34,35,36,37,38,39,40,41,42,43,44,45,46,47,48,49], 29[4,5,6,13,14,20,21,26,27,28,29,30,31,32,33,34,35,36,37,38,39,40,41,42,43,44,45,46,47,48,49], 31[4,5,6,13,14,20,21,26,27,28,29,30,31,32,33,34,35,36,37,38,39,40,41,42,43,44,45,46,47,48,49]]
   00:00:00:00:00:04    00:00:00:00:00:0d  [10[4,5,6,7,12,13,14,21,28,35,42,49], 12[4,5,6,7,14,21,27,28,34,35,41,42,49], 14[4,5,6,7,14,21,26,27,28,33,34,35,40,41,42,47,48,49], 16[4,5,6,7,14,21,26,27,28,32,33,34,35,39,40,41,42,46,47,48,49], 18[4,5,6,7,14,21,26,27,28,31,32,33,34,35,38,39,40,41,42,45,46,47,48,49], 20[4,5,6,7,14,21,26,27,28,30,31,32,33,34,35,37,38,39,40,41,42,44,45,46,47,48,49], 22[4,5,6,7,14,21,26,27,28,29,30,31,32,33,34,35,36,37,38,39,40,41,42,43,44,45,46,47,48,49], 24[4,5,6,7,14,21,26,27,28,29,30,31,32,33,34,35,36,37,38,39,40,41,42,43,44,45,46,47,48,49], 26[4,5,6,7,14,21,26,27,28,29,30,31,32,33,34,35,36,37,38,39,40,41,42,43,44,45,46,47,48,49], 28[4,5,6,7,14,21,26,27,28,29,30,31,32,33,34,35,36,37,38,39,40,41,42,43,44,45,46,47,48,49], 30[4,5,6,7,14,21,26,27,28,29,30,31,32,33,34,35,36,37,38,39,40,41,42,43,44,45,46,47,48,49]]
   00:00:00:00:00:04    00:00:00:00:00:02  [3[2,3,4], 5[2,3,4,9,10,11], 7[1,2,3,4,5,8,9,10,11,12,16,17,18], 9[2,3,4,9,10,11,16,17,23,24], 11[2,3,4,9,10,11,16,17,23,24,30,31], 13[2,3,4,9,10,11,16,17,23,24,30,31,37,38], 15[2,3,4,9,10,11,16,17,23,24,30,31,32,37,38,39,44,45], 17[2,3,4,9,10,11,16,17,23,24,30,31,32,33,37,38,39,40,44,45,46], 19[2,3,4,9,10,11,16,17,23,24,30,31,32,33,34,37,38,39,40,41,44,45,46,47], 21[2,3,4,9,10,11,16,17,23,24,26,27,30,31,32,33,34,35,37,38,39,40,41,42,44,45,46,47,48], 23[2,3,4,9,10,11,16,17,23,24,26,27,28,30,31,32,33,34,35,37,38,39,40,41,42,44,45,46,47,48,49], 25[2,3,4,9,10,11,16,17,23,24,26,27,28,30,31,32,33,34,35,37,38,39,40,41,42,44,45,46,47,48,49], 27[2,3,4,9,10,11,16,17,23,24,26,27,28,30,31,32,33,34,35,37,38,39,40,41,42,44,45,46,47,48,49], 29[2,3,4,9,10,11,16,17,23,24,26,27,28,30,31,32,33,34,35,37,38,39,40,41,42,44,45,46,47,48,49]]
   00:00:00:00:00:04    00:00:00:00:00:0b  [8[4,5,6,7,12,13,14,21,28,35], 10[4,5,6,7,14,21,27,28,34,35], 12[4,5,6,7,14,21,26,27,28,33,34,35,41,42], 14[4,5,6,7,14,21,26,27,28,33,34,35,40,41,42], 16[4,5,6,7,14,21,26,27,28,32,33,34,35,39,40,41,42,47,48,49], 18[4,5,6,7,14,21,26,27,28,31,32,33,34,35,38,39,40,41,42,46,47,48,49], 20[4,5,6,7,14,21,26,27,28,30,31,32,33,34,35,37,38,39,40,41,42,45,46,47,48,49], 22[4,5,6,7,14,21,26,27,28,29,30,31,32,33,34,35,36,37,38,39,40,41,42,44,45,46,47,48,49], 24[4,5,6,7,14,21,26,27,28,29,30,31,32,33,34,35,36,37,38,39,40,41,42,43,44,45,46,47,48,49], 26[4,5,6,7,14,21,26,27,28,29,30,31,32,33,34,35,36,37,38,39,40,41,42,43,44,45,46,47,48,49], 28[4,5,6,7,14,21,26,27,28,29,30,31,32,33,34,35,36,37,38,39,40,41,42,43,44,45,46,47,48,49], 30[4,5,6,7,14,21,26,27,28,29,30,31,32,33,34,35,36,37,38,39,40,41,42,43,44,45,46,47,48,49]]
   00:00:00:00:00:04    00:00:00:00:00:17  [6[1,2,3,4,8,9,10,11,15,16,17,18], 8[1,2,3,4,8,9,10,11,15,16,22,23], 10[4,9,10,11,15,16,22,23,29,30], 12[4,9,10,11,15,16,22,23,29,30,36,37], 14[4,9,10,11,15,16,22,23,29,30,31,36,37,38], 16[4,9,10,11,15,16,22,23,29,30,31,32,36,37,38,39], 18[4,9,10,11,15,16,22,23,29,30,31,32,33,36,37,38,39,40,43,44,45,46], 20[4,9,10,11,15,16,22,23,29,30,31,32,33,34,36,37,38,39,40,41,43,44,45,46,47], 22[4,9,10,11,15,16,22,23,26,27,29,30,31,32,33,34,35,36,37,38,39,40,41,42,43,44,45,46,47,48], 24[4,9,10,11,15,16,22,23,26,27,28,29,30,31,32,33,34,35,36,37,38,39,40,41,42,43,44,45,46,47,48,49], 26[4,9,10,11,15,16,22,23,26,27,28,29,30,31,32,33,34,35,36,37,38,39,40,41,42,43,44,45,46,47,48,49], 28[4,9,10,11,15,16,22,23,26,27,28,29,30,31,32,33,34,35,36,37,38,39,40,41,42,43,44,45,46,47,48,49], 30[4,9,10,11,15,16,22,23,26,27,28,29,30,31,32,33,34,35,36,37,38,39,40,41,42,43,44,45,46,47,48,49], 32[4,9,10,11,15,16,22,23,26,27,28,29,30,31,32,33,34,35,36,37,38,39,40,41,42,43,44,45,46,47,48,49]]
   00:00:00:00:00:04    00:00:00:00:00:03  [2[3,4], 4[3,4,10,11], 6[2,3,4,5,9,10,11,12,17,18], 8[1,2,3,4,5,6,8,9,10,11,12,13,16,17,18,19,24,25], 10[3,4,10,11,17,18,24,25,31,32], 12[3,4,10,11,17,18,24,25,26,31,32,33,38,39], 14[3,4,10,11,17,18,24,25,26,27,31,32,33,34,38,39,40,45,46], 16[3,4,10,11,17,18,24,25,26,27,28,31,32,33,34,35,38,39,40,41,45,46,47], 18[2,3,4,9,10,11,16,17,18,23,24,25,26,27,28,30,31,32,33,34,35,38,39,40,41,42,45,46,47,48], 20[2,3,4,9,10,11,16,17,18,23,24,25,26,27,28,30,31,32,33,34,35,37,38,39,40,41,42,45,46,47,48,49], 22[2,3,4,9,10,11,16,17,18,23,24,25,26,27,28,30,31,32,33,34,35,37,38,39,40,41,42,44,45,46,47,48,49], 24[2,3,4,9,10,11,16,17,18,23,24,25,26,27,28,30,31,32,33,34,35,37,38,39,40,41,42,44,45,46,47,48,49], 26[2,3,4,9,10,11,16,17,18,23,24,25,26,27,28,30,31,32,33,34,35,37,38,39,40,41,42,44,45,46,47,48,49], 28[2,3,4,9,10,11,16,17,18,23,24,25,26,27,28,30,31,32,33,34,35,37,38,39,40,41,42,44,45,46,47,48,49], 30[2,3,4,9,10,11,16,17,18,23,24,25,26,27,28,30,31,32,33,34,35,37,38,39,40,41,42,44,45,46,47,48,49]]
   00:00:00:00:00:04    00:00:00:00:00:07  [4[4,5,6,7], 6[4,5,6,7,11,12,13,14], 8[4,5,6,7,13,14,20,21], 10[4,5,6,7,13,14,20,21,27,28], 12[4,5,6,7,13,14,20,21,27,28,34,35], 14[4,5,6,7,13,14,20,21,26,27,28,33,34,35,41,42], 16[4,5,6,7,13,14,20,21,26,27,28,33,34,35,40,41,42], 18[4,5,6,7,13,14,20,21,26,27,28,32,33,34,35,39,40,41,42,47,48,49], 20[4,5,6,7,13,14,20,21,26,27,28,31,32,33,34,35,38,39,40,41,42,46,47,48,49], 22[4,5,6,7,13,14,20,21,26,27,28,30,31,32,33,34,35,37,38,39,40,41,42,45,46,47,48,49], 24[4,5,6,7,13,14,20,21,26,27,28,29,30,31,32,33,34,35,36,37,38,39,40,41,42,44,45,46,47,48,49], 26[4,5,6,7,13,14,20,21,26,27,28,29,30,31,32,33,34,35,36,37,38,39,40,41,42,43,44,45,46,47,48,49], 28[4,5,6,7,13,14,20,21,26,27,28,29,30,31,32,33,34,35,36,37,38,39,40,41,42,43,44,45,46,47,48,49], 30[4,5,6,7,13,14,20,21,26,27,28,29,30,31,32,33,34,35,36,37,38,39,40,41,42,43,44,45,46,47,48,49], 32[4,5,6,7,13,14,20,21,26,27,28,29,30,31,32,33,34,35,36,37,38,39,40,41,42,43,44,45,46,47,48,49]]
   00:00:00:00:00:04    00:00:00:00:00:18  [5[1,2,3,4,8,9,10,11], 7[1,2,3,4,5,8,9,10,11,12,15,16,17,18], 9[2,3,4,8,9,10,11,15,16,22,23], 11[4,8,9,10,11,15,16,22,23,29,30], 13[4,8,9,10,11,15,16,22,23,29,30,36,37], 15[4,8,9,10,11,15,16,22,23,29,30,31,36,37,38], 17[4,8,9,10,11,15,16,22,23,29,30,31,32,36,37,38,39], 19[4,8,9,10,11,15,16,22,23,29,30,31,32,33,36,37,38,39,40,43,44,45,46], 21[4,8,9,10,11,15,16,22,23,29,30,31,32,33,34,36,37,38,39,40,41,43,44,45,46,47], 23[4,8,9,10,11,15,16,22,23,26,27,29,30,31,32,33,34,35,36,37,38,39,40,41,42,43,44,45,46,47,48], 25[4,8,9,10,11,15,16,22,23,26,27,28,29,30,31,32,33,34,35,36,37,38,39,40,41,42,43,44,45,46,47,48,49], 27[4,8,9,10,11,15,16,22,23,26,27,28,29,30,31,32,33,34,35,36,37,38,39,40,41,42,43,44,45,46,47,48,49], 29[4,8,9,10,11,15,16,22,23,26,27,28,29,30,31,32,33,34,35,36,37,38,39,40,41,42,43,44,45,46,47,48,49], 31[4,8,9,10,11,15,16,22,23,26,27,28,29,30,31,32,33,34,35,36,37,38,39,40,41,42,43,44,45,46,47,48,49], 33[4,8,9,10,11,15,16,22,23,26,27,28,29,30,31,32,33,34,35,36,37,38,39,40,41,42,43,44,45,46,47,48,49]]
   00:00:00:00:00:04    00:00:00:00:00:06  [3[4,5,6], 5[4,5,6,11,12,13], 7[3,4,5,6,7,10,11,12,13,14,18,19,20], 9[4,5,6,11,12,13,18,19,20,26,27], 11[4,5,6,11,12,13,18,19,20,26,27,33,34], 13[4,5,6,11,12,13,18,19,20,25,26,27,32,33,34,40,41], 15[4,5,6,11,12,13,18,19,20,25,26,27,32,33,34,39,40,41,47,48], 17[4,5,6,11,12,13,18,19,20,25,26,27,31,32,33,34,38,39,40,41,46,47,48], 19[4,5,6,11,12,13,18,19,20,25,26,27,30,31,32,33,34,37,38,39,40,41,45,46,47,48], 21[4,5,6,11,12,13,18,19,20,25,26,27,29,30,31,32,33,34,36,37,38,39,40,41,44,45,46,47,48], 23[4,5,6,11,12,13,18,19,20,25,26,27,29,30,31,32,33,34,36,37,38,39,40,41,43,44,45,46,47,48], 25[4,5,6,11,12,13,18,19,20,25,26,27,29,30,31,32,33,34,36,37,38,39,40,41,43,44,45,46,47,48], 27[4,5,6,11,12,13,18,19,20,25,26,27,29,30,31,32,33,34,36,37,38,39,40,41,43,44,45,46,47,48]]
   00:00:00:00:00:04    00:00:00:00:00:16  [7[1,2,3,4,8,9,10,15,16,22,23], 9[2,3,4,9,16,22,23,29,30], 11[2,3,4,9,16,22,23,29,30,36,37], 13[2,3,4,9,16,22,23,29,30,31,36,37,38], 15[2,3,4,9,16,22,23,29,30,31,32,36,37,38,39], 17[2,3,4,9,16,22,23,29,30,31,32,33,36,37,38,39,40,43,44,45,46], 19[2,3,4,9,16,22,23,29,30,31,32,33,34,36,37,38,39,40,41,43,44,45,46,47], 21[2,3,4,9,16,22,23,26,27,29,30,31,32,33,34,35,36,37,38,39,40,41,42,43,44,45,46,47,48], 23[2,3,4,9,16,22,23,26,27,28,29,30,31,32,33,34,35,36,37,38,39,40,41,42,43,44,45,46,47,48,49], 25[2,3,4,9,16,22,23,26,27,28,29,30,31,32,33,34,35,36,37,38,39,40,41,42,43,44,45,46,47,48,49], 27[2,3,4,9,16,22,23,26,27,28,29,30,31,32,33,34,35,36,37,38,39,40,41,42,43,44,45,46,47,48,49], 29[2,3,4,9,16,22,23,26,27,28,29,30,31,32,33,34,35,36,37,38,39,40,41,42,43,44,45,46,47,48,49], 31[2,3,4,9,16,22,23,26,27,28,29,30,31,32,33,34,35,36,37,38,39,40,41,42,43,44,45,46,47,48,49]]
   00:00:00:00:00:04    00:00:00:00:00:12  [9[2,3,4,9,10,16,23,30,37,44], 11[2,3,4,9,16,23,29,30,31,36,37,38,43,44], 13[2,3,4,9,16,23,29,30,31,32,36,37,38,39,44,45,46], 15[2,3,4,9,16,23,29,30,31,32,33,36,37,38,39,40,43,44,45,46,47], 17[2,3,4,9,16,23,29,30,31,32,33,34,36,37,38,39,40,41,43,44,45,46,47,48], 19[2,3,4,9,16,23,26,27,29,30,31,32,33,34,35,36,37,38,39,40,41,42,43,44,45,46,47,48,49], 21[2,3,4,9,16,23,26,27,28,29,30,31,32,33,34,35,36,37,38,39,40,41,42,43,44,45,46,47,48,49], 23[2,3,4,9,16,23,26,27,28,29,30,31,32,33,34,35,36,37,38,39,40,41,42,43,44,45,46,47,48,49], 25[2,3,4,9,16,23,26,27,28,29,30,31,32,33,34,35,36,37,38,39,40,41,42,43,44,45,46,47,48,49], 27[2,3,4,9,16,23,26,27,28,29,30,31,32,33,34,35,36,37,38,39,40,41,42,43,44,45,46,47,48,49], 29[2,3,4,9,16,23,26,27,28,29,30,31,32,33,34,35,36,37,38,39,40,41,42,43,44,45,46,47,48,49]]
   00:00:00:00:00:04    00:00:00:00:00:0e  [9[4,5,6,12,13,20,27,34,41,48], 11[4,5,6,13,20,26,27,28,33,34,35,40,41,42,47,48], 13[4,5,6,13,20,26,27,28,32,33,34,35,39,40,41,42,46,47,48,49], 15[4,5,6,13,20,26,27,28,31,32,33,34,35,38,39,40,41,42,45,46,47,48,49], 17[4,5,6,13,20,26,27,28,30,31,32,33,34,35,37,38,39,40,41,42,44,45,46,47,48,49], 19[4,5,6,13,20,26,27,28,29,30,31,32,33,34,35,36,37,38,39,40,41,42,43,44,45,46,47,48,49], 21[4,5,6,13,20,26,27,28,29,30,31,32,33,34,35,36,37,38,39,40,41,42,43,44,45,46,47,48,49], 23[4,5,6,13,20,26,27,28,29,30,31,32,33,34,35,36,37,38,39,40,41,42,43,44,45,46,47,48,49], 25[4,5,6,13,20,26,27,28,29,30,31,32,33,34,35,36,37,38,39,40,41,42,43,44,45,46,47,48,49], 27[4,5,6,13,20,26,27,28,29,30,31,32,33,34,35,36,37,38,39,40,41,42,43,44,45,46,47,48,49]]
   00:00:00:00:00:04    00:00:00:00:00:0f  [8[4,5,11,12,19,26,33,40,47], 10[4,5,11,12,19,26,32,33,34,39,40,41,46,47,48], 12[4,5,11,12,19,26,31,32,33,34,35,38,39,40,41,42,45,46,47,48,49], 14[4,5,11,12,19,26,27,28,30,31,32,33,34,35,37,38,39,40,41,42,44,45,46,47,48,49], 16[4,5,11,12,19,26,27,28,29,30,31,32,33,34,35,36,37,38,39,40,41,42,43,44,45,46,47,48,49], 18[4,5,11,12,19,26,27,28,29,30,31,32,33,34,35,36,37,38,39,40,41,42,43,44,45,46,47,48,49], 20[4,5,11,12,19,26,27,28,29,30,31,32,33,34,35,36,37,38,39,40,41,42,43,44,45,46,47,48,49], 22[4,5,11,12,19,26,27,28,29,30,31,32,33,34,35,36,37,38,39,40,41,42,43,44,45,46,47,48,49], 24[4,5,11,12,19,26,27,28,29,30,31,32,33,34,35,36,37,38,39,40,41,42,43,44,45,46,47,48,49], 26[4,5,11,12,19,26,27,28,29,30,31,32,33,34,35,36,37,38,39,40,41,42,43,44,45,46,47,48,49], 28[4,5,11,12,19,26,27,28,29,30,31,32,33,34,35,36,37,38,39,40,41,42,43,44,45,46,47,48,49]]
   00:00:00:00:00:04    00:00:00:00:00:0a  [7[4,5,6,7,12,13,14,20,21,27,28], 9[4,5,6,13,20,27,28,34,35], 11[4,5,6,13,20,26,27,28,33,34,35,41,42], 13[4,5,6,13,20,26,27,28,33,34,35,40,41,42], 15[4,5,6,13,20,26,27,28,32,33,34,35,39,40,41,42,47,48,49], 17[4,5,6,13,20,26,27,28,31,32,33,34,35,38,39,40,41,42,46,47,48,49], 19[4,5,6,13,20,26,27,28,30,31,32,33,34,35,37,38,39,40,41,42,45,46,47,48,49], 21[4,5,6,13,20,26,27,28,29,30,31,32,33,34,35,36,37,38,39,40,41,42,44,45,46,47,48,49], 23[4,5,6,13,20,26,27,28,29,30,31,32,33,34,35,36,37,38,39,40,41,42,43,44,45,46,47,48,49], 25[4,5,6,13,20,26,27,28,29,30,31,32,33,34,35,36,37,38,39,40,41,42,43,44,45,46,47,48,49], 27[4,5,6,13,20,26,27,28,29,30,31,32,33,34,35,36,37,38,39,40,41,42,43,44,45,46,47,48,49], 29[4,5,6,13,20,26,27,28,29,30,31,32,33,34,35,36,37,38,39,40,41,42,43,44,45,46,47,48,49]]
   00:00:00:00:00:04    00:00:00:00:00:01  [4[1,2,3,4], 6[1,2,3,4,8,9,10,11], 8[1,2,3,4,5,8,9,10,11,12,15,16,17,18], 10[1,2,3,4,8,9,10,11,15,16,22,23], 12[1,4,8,9,10,11,15,16,22,23,29,30], 14[1,4,8,9,10,11,15,16,22,23,29,30,36,37], 16[1,4,8,9,10,11,15,16,22,23,29,30,31,36,37,38], 18[1,4,8,9,10,11,15,16,22,23,29,30,31,32,36,37,38,39], 20[1,4,8,9,10,11,15,16,22,23,29,30,31,32,33,36,37,38,39,40,43,44,45,46], 22[1,4,8,9,10,11,15,16,22,23,29,30,31,32,33,34,36,37,38,39,40,41,43,44,45,46,47], 24[1,4,8,9,10,11,15,16,22,23,26,27,29,30,31,32,33,34,35,36,37,38,39,40,41,42,43,44,45,46,47,48], 26[1,4,8,9,10,11,15,16,22,23,26,27,28,29,30,31,32,33,34,35,36,37,38,39,40,41,42,43,44,45,46,47,48,49], 28[1,4,8,9,10,11,15,16,22,23,26,27,28,29,30,31,32,33,34,35,36,37,38,39,40,41,42,43,44,45,46,47,48,49], 30[1,4,8,9,10,11,15,16,22,23,26,27,28,29,30,31,32,33,34,35,36,37,38,39,40,41,42,43,44,45,46,47,48,49], 32[1,4,8,9,10,11,15,16,22,23,26,27,28,29,30,31,32,33,34,35,36,37,38,39,40,41,42,43,44,45,46,47,48,49], 34[1,4,8,9,10,11,15,16,22,23,26,27,28,29,30,31,32,33,34,35,36,37,38,39,40,41,42,43,44,45,46,47,48,49]]
   00:00:00:00:00:04    00:00:00:00:00:11  [8[3,4,10,17,24,31,38,45], 10[3,4,10,17,24,30,31,32,37,38,39,44,45,46], 12[3,4,10,17,24,29,30,31,32,33,36,37,38,39,40,43,44,45,46,47], 14[3,4,10,17,24,29,30,31,32,33,34,36,37,38,39,40,41,43,44,45,46,47,48], 16[3,4,10,17,24,26,27,29,30,31,32,33,34,35,36,37,38,39,40,41,42,43,44,45,46,47,48,49], 18[3,4,10,17,24,26,27,28,29,30,31,32,33,34,35,36,37,38,39,40,41,42,43,44,45,46,47,48,49], 20[3,4,10,17,24,26,27,28,29,30,31,32,33,34,35,36,37,38,39,40,41,42,43,44,45,46,47,48,49], 22[3,4,10,17,24,26,27,28,29,30,31,32,33,34,35,36,37,38,39,40,41,42,43,44,45,46,47,48,49], 24[3,4,10,17,24,26,27,28,29,30,31,32,33,34,35,36,37,38,39,40,41,42,43,44,45,46,47,48,49], 26[3,4,10,17,24,26,27,28,29,30,31,32,33,34,35,36,37,38,39,40,41,42,43,44,45,46,47,48,49], 28[3,4,10,17,24,26,27,28,29,30,31,32,33,34,35,36,37,38,39,40,41,42,43,44,45,46,47,48,49]]
   00:00:00:00:00:04    00:00:00:00:00:14  [9[1,2,3,4,8,9,10,15,22,29,36], 11[1,2,3,4,8,15,22,29,30,36,37], 13[1,2,3,4,8,15,22,29,30,31,36,37,38], 15[1,2,3,4,8,15,22,29,30,31,32,36,37,38,39], 17[1,2,3,4,8,15,22,29,30,31,32,33,36,37,38,39,40,43,44,45,46], 19[1,2,3,4,8,15,22,29,30,31,32,33,34,36,37,38,39,40,41,43,44,45,46,47], 21[1,2,3,4,8,15,22,26,27,29,30,31,32,33,34,35,36,37,38,39,40,41,42,43,44,45,46,47,48], 23[1,2,3,4,8,15,22,26,27,28,29,30,31,32,33,34,35,36,37,38,39,40,41,42,43,44,45,46,47,48,49], 25[1,2,3,4,8,15,22,26,27,28,29,30,31,32,33,34,35,36,37,38,39,40,41,42,43,44,45,46,47,48,49], 27[1,2,3,4,8,15,22,26,27,28,29,30,31,32,33,34,35,36,37,38,39,40,41,42,43,44,45,46,47,48,49], 29[1,2,3,4,8,15,22,26,27,28,29,30,31,32,33,34,35,36,37,38,39,40,41,42,43,44,45,46,47,48,49], 31[1,2,3,4,8,15,22,26,27,28,29,30,31,32,33,34,35,36,37,38,39,40,41,42,43,44,45,46,47,48,49]]
   00:00:00:00:00:04    00:00:00:00:00:0c  [9[4,5,6,7,12,13,14,21,28,35,42], 11[4,5,6,7,14,21,27,28,34,35,41,42], 13[4,5,6,7,14,21,26,27,28,33,34,35,40,41,42], 15[4,5,6,7,14,21,26,27,28,32,33,34,35,39,40,41,42,47,48,49], 17[4,5,6,7,14,21,26,27,28,31,32,33,34,35,38,39,40,41,42,46,47,48,49], 19[4,5,6,7,14,21,26,27,28,30,31,32,33,34,35,37,38,39,40,41,42,45,46,47,48,49], 21[4,5,6,7,14,21,26,27,28,29,30,31,32,33,34,35,36,37,38,39,40,41,42,44,45,46,47,48,49], 23[4,5,6,7,14,21,26,27,28,29,30,31,32,33,34,35,36,37,38,39,40,41,42,43,44,45,46,47,48,49], 25[4,5,6,7,14,21,26,27,28,29,30,31,32,33,34,35,36,37,38,39,40,41,42,43,44,45,46,47,48,49], 27[4,5,6,7,14,21,26,27,28,29,30,31,32,33,34,35,36,37,38,39,40,41,42,43,44,45,46,47,48,49], 29[4,5,6,7,14,21,26,27,28,29,30,31,32,33,34,35,36,37,38,39,40,41,42,43,44,45,46,47,48,49]]
   00:00:00:00:00:04    00:00:00:00:00:10  [7[4,11,18,25,32,39,46], 9[4,11,18,24,25,26,31,32,33,38,39,40,45,46,47], 11[4,11,18,25,26,27,30,31,32,33,34,37,38,39,40,41,44,45,46,47,48], 13[4,11,18,25,26,27,28,29,30,31,32,33,34,35,36,37,38,39,40,41,42,43,44,45,46,47,48,49], 15[4,11,18,25,26,27,28,29,30,31,32,33,34,35,36,37,38,39,40,41,42,43,44,45,46,47,48,49], 17[4,11,18,25,26,27,28,29,30,31,32,33,34,35,36,37,38,39,40,41,42,43,44,45,46,47,48,49], 19[4,11,18,25,26,27,28,29,30,31,32,33,34,35,36,37,38,39,40,41,42,43,44,45,46,47,48,49], 21[4,11,18,25,26,27,28,29,30,31,32,33,34,35,36,37,38,39,40,41,42,43,44,45,46,47,48,49], 23[4,11,18,25,26,27,28,29,30,31,32,33,34,35,36,37,38,39,40,41,42,43,44,45,46,47,48,49], 25[4,11,18,25,26,27,28,29,30,31,32,33,34,35,36,37,38,39,40,41,42,43,44,45,46,47,48,49], 27[4,11,18,25,26,27,28,29,30,31,32,33,34,35,36,37,38,39,40,41,42,43,44,45,46,47,48,49]]
   00:00:00:00:00:04    00:00:00:00:00:13  [10[1,2,3,4,8,9,10,15,22,29,36,43], 12[1,2,3,4,8,15,22,29,30,36,37,43], 14[1,2,3,4,8,15,22,29,30,31,36,37,38,43], 16[1,2,3,4,8,15,22,29,30,31,32,36,37,38,39,43,44,45,46], 18[1,2,3,4,8,15,22,29,30,31,32,33,36,37,38,39,40,43,44,45,46,47], 20[1,2,3,4,8,15,22,29,30,31,32,33,34,36,37,38,39,40,41,43,44,45,46,47,48], 22[1,2,3,4,8,15,22,26,27,29,30,31,32,33,34,35,36,37,38,39,40,41,42,43,44,45,46,47,48,49], 24[1,2,3,4,8,15,22,26,27,28,29,30,31,32,33,34,35,36,37,38,39,40,41,42,43,44,45,46,47,48,49], 26[1,2,3,4,8,15,22,26,27,28,29,30,31,32,33,34,35,36,37,38,39,40,41,42,43,44,45,46,47,48,49], 28[1,2,3,4,8,15,22,26,27,28,29,30,31,32,33,34,35,36,37,38,39,40,41,42,43,44,45,46,47,48,49], 30[1,2,3,4,8,15,22,26,27,28,29,30,31,32,33,34,35,36,37,38,39,40,41,42,43,44,45,46,47,48,49]]
   00:00:00:00:00:02    00:00:00:00:00:05  [4[2,3,4,5], 6[2,3,4,5,9,10,11,12], 8[1,2,3,4,5,6,8,9,10,11,12,13,16,17,18,19], 10[2,3,4,5,9,10,11,12,16,17,18,19,25,26], 12[2,3,4,5,6,9,10,11,12,13,16,17,18,19,20,25,26,27,32,33], 14[2,3,4,5,6,9,10,11,12,13,16,17,18,19,20,24,25,26,27,31,32,33,34,39,40], 16[2,3,4,5,9,10,11,12,16,17,18,19,20,24,25,26,27,31,32,33,34,38,39,40,41,46,47], 18[2,3,4,5,9,10,11,12,16,17,18,19,20,24,25,26,27,30,31,32,33,34,37,38,39,40,41,45,46,47], 20[2,3,4,5,9,10,11,12,16,17,18,19,20,24,25,26,27,29,30,31,32,33,34,36,37,38,39,40,41,44,45,46,47], 22[2,3,4,5,9,10,11,12,13,16,17,18,19,20,24,25,26,27,29,30,31,32,33,34,36,37,38,39,40,41,43,44,45,46,47], 24[2,3,4,5,6,9,10,11,12,13,16,17,18,19,20,24,25,26,27,29,30,31,32,33,34,36,37,38,39,40,41,43,44,45,46,47], 26[2,3,5,6,10,11,12,13,18,19,20,24,25,26,27,29,30,31,32,33,34,36,37,38,39,40,41,43,44,45,46,47,48], 28[2,3,5,6,10,11,12,13,18,19,20,25,26,27,29,30,31,32,33,34,36,37,38,39,40,41,43,44,45,46,47,48], 30[2,3,5,6,10,11,12,13,18,19,20,25,26,27,29,30,31,32,33,34,36,37,38,39,40,41,43,44,45,46,47,48]]
   00:00:00:00:00:02    00:00:00:00:00:15  [6[1,2,8,9,15,16,22,23,29,30], 8[2,9,16,23,29,30,36,37], 10[2,9,16,23,29,30,31,36,37,38], 12[2,9,16,23,29,30,31,32,36,37,38,39], 14[2,9,16,23,29,30,31,32,33,36,37,38,39,40,43,44,45,46], 16[2,9,16,23,29,30,31,32,33,34,36,37,38,39,40,41,43,44,45,46,47], 18[2,9,16,23,26,27,29,30,31,32,33,34,35,36,37,38,39,40,41,42,43,44,45,46,47,48], 20[2,9,16,23,26,27,28,29,30,31,32,33,34,35,36,37,38,39,40,41,42,43,44,45,46,47,48,49], 22[2,9,16,23,26,27,28,29,30,31,32,33,34,35,36,37,38,39,40,41,42,43,44,45,46,47,48,49], 24[2,9,16,23,26,27,28,29,30,31,32,33,34,35,36,37,38,39,40,41,42,43,44,45,46,47,48,49], 26[2,9,16,23,26,27,28,29,30,31,32,33,34,35,36,37,38,39,40,41,42,43,44,45,46,47,48,49], 28[2,9,16,23,26,27,28,29,30,31,32,33,34,35,36,37,38,39,40,41,42,43,44,45,46,47,48,49]]
   00:00:00:00:00:02    00:00:00:00:00:09  [8[2,3,4,5,6,7,12,13,14,20,21], 10[2,3,4,5,6,13,20,21,27,28], 12[2,3,4,5,6,13,20,21,27,28,34,35], 14[2,3,4,5,6,13,20,21,26,27,28,33,34,35,41,42], 16[2,3,4,5,6,13,20,21,26,27,28,33,34,35,40,41,42], 18[2,3,4,5,6,13,20,21,26,27,28,32,33,34,35,39,40,41,42,47,48,49], 20[2,3,4,5,6,13,20,21,26,27,28,31,32,33,34,35,38,39,40,41,42,46,47,48,49], 22[2,3,4,5,6,13,20,21,26,27,28,30,31,32,33,34,35,37,38,39,40,41,42,45,46,47,48,49], 24[2,3,4,5,6,13,20,21,26,27,28,29,30,31,32,33,34,35,36,37,38,39,40,41,42,44,45,46,47,48,49], 26[2,3,4,5,6,13,20,21,26,27,28,29,30,31,32,33,34,35,36,37,38,39,40,41,42,43,44,45,46,47,48,49], 28[2,3,4,5,6,13,20,21,26,27,28,29,30,31,32,33,34,35,36,37,38,39,40,41,42,43,44,45,46,47,48,49], 30[2,3,4,5,6,13,20,21,26,27,28,29,30,31,32,33,34,35,36,37,38,39,40,41,42,43,44,45,46,47,48,49], 32[2,3,4,5,6,13,20,21,26,27,28,29,30,31,32,33,34,35,36,37,38,39,40,41,42,43,44,45,46,47,48,49]]
   00:00:00:00:00:02    00:00:00:00:00:08  [7[2,3,4,5,6,7,9,10,11,12,13,14], 9[2,3,4,5,6,13,14,20,21], 11[2,3,4,5,6,13,14,20,21,27,28], 13[2,3,4,5,6,13,14,20,21,27,28,34,35], 15[2,3,4,5,6,13,14,20,21,26,27,28,33,34,35,41,42], 17[2,3,4,5,6,13,14,20,21,26,27,28,33,34,35,40,41,42], 19[2,3,4,5,6,13,14,20,21,26,27,28,32,33,34,35,39,40,41,42,47,48,49], 21[2,3,4,5,6,13,14,20,21,26,27,28,31,32,33,34,35,38,39,40,41,42,46,47,48,49], 23[2,3,4,5,6,13,14,20,21,26,27,28,30,31,32,33,34,35,37,38,39,40,41,42,45,46,47,48,49], 25[2,3,4,5,6,13,14,20,21,26,27,28,29,30,31,32,33,34,35,36,37,38,39,40,41,42,44,45,46,47,48,49], 27[2,3,4,5,6,13,14,20,21,26,27,28,29,30,31,32,33,34,35,36,37,38,39,40,41,42,43,44,45,46,47,48,49], 29[2,3,4,5,6,13,14,20,21,26,27,28,29,30,31,32,33,34,35,36,37,38,39,40,41,42,43,44,45,46,47,48,49], 31[2,3,4,5,6,13,14,20,21,26,27,28,29,30,31,32,33,34,35,36,37,38,39,40,41,42,43,44,45,46,47,48,49], 33[2,3,4,5,6,13,14,20,21,26,27,28,29,30,31,32,33,34,35,36,37,38,39,40,41,42,43,44,45,46,47,48,49]]
   00:00:00:00:00:02    00:00:00:00:00:0d  [12[2,3,4,5,6,7,12,13,14,21,28,35,42,49], 14[2,3,4,5,6,7,14,21,27,28,34,35,41,42,49], 16[2,3,4,5,6,7,14,21,26,27,28,33,34,35,40,41,42,47,48,49], 18[2,3,4,5,6,7,14,21,26,27,28,32,33,34,35,39,40,41,42,46,47,48,49], 20[2,3,4,5,6,7,14,21,26,27,28,31,32,33,34,35,38,39,40,41,42,45,46,47,48,49], 22[2,3,4,5,6,7,14,21,26,27,28,30,31,32,33,34,35,37,38,39,40,41,42,44,45,46,47,48,49], 24[2,3,4,5,6,7,14,21,26,27,28,29,30,31,32,33,34,35,36,37,38,39,40,41,42,43,44,45,46,47,48,49], 26[2,3,4,5,6,7,14,21,26,27,28,29,30,31,32,33,34,35,36,37,38,39,40,41,42,43,44,45,46,47,48,49], 28[2,3,4,5,6,7,14,21,26,27,28,29,30,31,32,33,34,35,36,37,38,39,40,41,42,43,44,45,46,47,48,49], 30[2,3,4,5,6,7,14,21,26,27,28,29,30,31,32,33,34,35,36,37,38,39,40,41,42,43,44,45,46,47,48,49], 32[2,3,4,5,6,7,14,21,26,27,28,29,30,31,32,33,34,35,36,37,38,39,40,41,42,43,44,45,46,47,48,49]]
   00:00:00:00:00:02    00:00:00:00:00:04  [3[2,3,4], 5[2,3,4,9,10,11], 7[1,2,3,4,5,8,9,10,11,12,16,17,18], 9[2,3,4,9,10,11,17,18,24,25], 11[2,3,4,9,10,11,17,18,24,25,31,32], 13[2,3,4,5,9,10,11,12,17,18,19,24,25,26,31,32,33,38,39], 15[2,3,4,5,9,10,11,12,17,18,19,24,25,26,30,31,32,33,37,38,39,40,45,46], 17[2,3,4,5,9,10,11,12,17,18,19,24,25,26,29,30,31,32,33,36,37,38,39,40,44,45,46,47], 19[2,3,4,5,9,10,11,12,17,18,19,24,25,26,29,30,31,32,33,36,37,38,39,40,43,44,45,46,47], 21[2,3,4,5,9,10,11,12,17,18,19,24,25,26,29,30,31,32,33,36,37,38,39,40,43,44,45,46,47], 23[2,3,4,5,9,10,11,12,17,18,19,24,25,26,29,30,31,32,33,36,37,38,39,40,43,44,45,46,47], 25[2,3,4,5,9,10,11,12,17,18,19,24,25,26,29,30,31,32,33,36,37,38,39,40,43,44,45,46,47]]
   00:00:00:00:00:02    00:00:00:00:00:0b  [10[2,3,4,5,6,7,12,13,14,21,28,35], 12[2,3,4,5,6,7,14,21,27,28,34,35], 14[2,3,4,5,6,7,14,21,26,27,28,33,34,35,41,42], 16[2,3,4,5,6,7,14,21,26,27,28,33,34,35,40,41,42], 18[2,3,4,5,6,7,14,21,26,27,28,32,33,34,35,39,40,41,42,47,48,49], 20[2,3,4,5,6,7,14,21,26,27,28,31,32,33,34,35,38,39,40,41,42,46,47,48,49], 22[2,3,4,5,6,7,14,21,26,27,28,30,31,32,33,34,35,37,38,39,40,41,42,45,46,47,48,49], 24[2,3,4,5,6,7,14,21,26,27,28,29,30,31,32,33,34,35,36,37,38,39,40,41,42,44,45,46,47,48,49], 26[2,3,4,5,6,7,14,21,26,27,28,29,30,31,32,33,34,35,36,37,38,39,40,41,42,43,44,45,46,47,48,49], 28[2,3,4,5,6,7,14,21,26,27,28,29,30,31,32,33,34,35,36,37,38,39,40,41,42,43,44,45,46,47,48,49], 30[2,3,4,5,6,7,14,21,26,27,28,29,30,31,32,33,34,35,36,37,38,39,40,41,42,43,44,45,46,47,48,49], 32[2,3,4,5,6,7,14,21,26,27,28,29,30,31,32,33,34,35,36,37,38,39,40,41,42,43,44,45,46,47,48,49]]
   00:00:00:00:00:02    00:00:00:00:00:17  [4[1,2,8,9,15,16], 6[2,9,15,16,22,23], 8[2,9,15,16,22,23,29,30], 10[2,9,15,16,22,23,29,30,36,37], 12[2,9,15,16,22,23,29,30,31,36,37,38], 14[2,9,15,16,22,23,29,30,31,32,36,37,38,39], 16[2,9,15,16,22,23,29,30,31,32,33,36,37,38,39,40,43,44,45,46], 18[2,9,15,16,22,23,29,30,31,32,33,34,36,37,38,39,40,41,43,44,45,46,47], 20[2,9,15,16,22,23,26,27,29,30,31,32,33,34,35,36,37,38,39,40,41,42,43,44,45,46,47,48], 22[2,9,15,16,22,23,26,27,28,29,30,31,32,33,34,35,36,37,38,39,40,41,42,43,44,45,46,47,48,49], 24[2,9,15,16,22,23,26,27,28,29,30,31,32,33,34,35,36,37,38,39,40,41,42,43,44,45,46,47,48,49], 26[2,9,15,16,22,23,26,27,28,29,30,31,32,33,34,35,36,37,38,39,40,41,42,43,44,45,46,47,48,49], 28[2,9,15,16,22,23,26,27,28,29,30,31,32,33,34,35,36,37,38,39,40,41,42,43,44,45,46,47,48,49], 30[2,9,15,16,22,23,26,27,28,29,30,31,32,33,34,35,36,37,38,39,40,41,42,43,44,45,46,47,48,49]]
   00:00:00:00:00:02    00:00:00:00:00:03  [2[2,3], 4[2,3,9,10], 6[1,2,3,4,8,9,10,11,16,17], 8[1,2,3,4,5,8,9,10,11,12,15,16,17,18,23,24], 10[2,3,9,10,16,17,23,24,30,31], 12[2,3,4,9,10,11,16,17,18,22,23,24,25,29,30,31,32,37,38], 14[2,3,4,9,10,11,16,17,18,22,23,24,25,29,30,31,32,36,37,38,39,44,45], 16[2,3,4,9,10,11,16,17,18,22,23,24,25,29,30,31,32,36,37,38,39,43,44,45,46], 18[2,3,4,5,9,10,11,12,16,17,18,19,22,23,24,25,26,29,30,31,32,33,36,37,38,39,40,43,44,45,46], 20[2,3,4,5,9,10,11,12,16,17,18,19,23,24,25,26,29,30,31,32,33,36,37,38,39,40,43,44,45,46,47], 22[2,3,4,5,9,10,11,12,16,17,18,19,23,24,25,26,29,30,31,32,33,36,37,38,39,40,43,44,45,46,47], 24[2,3,4,5,9,10,11,12,16,17,18,19,23,24,25,26,29,30,31,32,33,36,37,38,39,40,43,44,45,46,47]]
   00:00:00:00:00:02    00:00:00:00:00:07  [6[2,3,4,5,6,7], 8[2,3,4,5,6,7,9,10,11,12,13,14], 10[2,3,4,5,6,7,13,14,20,21], 12[2,3,4,5,6,7,13,14,20,21,27,28], 14[2,3,4,5,6,7,13,14,20,21,27,28,34,35], 16[2,3,4,5,6,7,13,14,20,21,26,27,28,33,34,35,41,42], 18[2,3,4,5,6,7,13,14,20,21,26,27,28,33,34,35,40,41,42], 20[2,3,4,5,6,7,13,14,20,21,26,27,28,32,33,34,35,39,40,41,42,47,48,49], 22[2,3,4,5,6,7,13,14,20,21,26,27,28,31,32,33,34,35,38,39,40,41,42,46,47,48,49], 24[2,3,4,5,6,7,13,14,20,21,26,27,28,30,31,32,33,34,35,37,38,39,40,41,42,45,46,47,48,49], 26[2,3,4,5,6,7,13,14,20,21,26,27,28,29,30,31,32,33,34,35,36,37,38,39,40,41,42,44,45,46,47,48,49], 28[2,3,4,5,6,7,13,14,20,21,26,27,28,29,30,31,32,33,34,35,36,37,38,39,40,41,42,43,44,45,46,47,48,49], 30[2,3,4,5,6,7,13,14,20,21,26,27,28,29,30,31,32,33,34,35,36,37,38,39,40,41,42,43,44,45,46,47,48,49], 32[2,3,4,5,6,7,13,14,20,21,26,27,28,29,30,31,32,33,34,35,36,37,38,39,40,41,42,43,44,45,46,47,48,49], 34[2,3,4,5,6,7,13,14,20,21,26,27,28,29,30,31,32,33,34,35,36,37,38,39,40,41,42,43,44,45,46,47,48,49]]
   00:00:00:00:00:02    00:00:00:00:00:18  [3[1,2,8,9], 5[2,3,8,9,10,15,16], 7[2,8,9,15,16,22,23], 9[2,8,9,15,16,22,23,29,30], 11[2,8,9,15,16,22,23,29,30,36,37], 13[2,8,9,15,16,22,23,29,30,31,36,37,38], 15[2,8,9,15,16,22,23,29,30,31,32,36,37,38,39], 17[2,8,9,15,16,22,23,29,30,31,32,33,36,37,38,39,40,43,44,45,46], 19[2,8,9,15,16,22,23,29,30,31,32,33,34,36,37,38,39,40,41,43,44,45,46,47], 21[2,8,9,15,16,22,23,26,27,29,30,31,32,33,34,35,36,37,38,39,40,41,42,43,44,45,46,47,48], 23[2,8,9,15,16,22,23,26,27,28,29,30,31,32,33,34,35,36,37,38,39,40,41,42,43,44,45,46,47,48,49], 25[2,8,9,15,16,22,23,26,27,28,29,30,31,32,33,34,35,36,37,38,39,40,41,42,43,44,45,46,47,48,49], 27[2,8,9,15,16,22,23,26,27,28,29,30,31,32,33,34,35,36,37,38,39,40,41,42,43,44,45,46,47,48,49], 29[2,8,9,15,16,22,23,26,27,28,29,30,31,32,33,34,35,36,37,38,39,40,41,42,43,44,45,46,47,48,49], 31[2,8,9,15,16,22,23,26,27,28,29,30,31,32,33,34,35,36,37,38,39,40,41,42,43,44,45,46,47,48,49]]
   00:00:00:00:00:02    00:00:00:00:00:06  [5[2,3,4,5,6], 7[2,3,4,5,6,9,10,11,12,13], 9[2,3,4,5,6,9,10,11,12,13,18,19,20], 11[2,3,6,9,10,11,12,13,18,19,20,26,27], 13[2,3,6,9,10,11,12,13,18,19,20,26,27,33,34], 15[2,3,6,9,10,11,12,13,18,19,20,26,27,33,34,40,41], 17[2,3,6,9,10,11,12,13,18,19,20,26,27,32,33,34,39,40,41,47,48], 19[2,3,6,9,10,11,12,13,18,19,20,26,27,31,32,33,34,38,39,40,41,46,47,48], 21[2,3,6,9,10,11,12,13,18,19,20,26,27,30,31,32,33,34,37,38,39,40,41,45,46,47,48], 23[2,3,6,9,10,11,12,13,18,19,20,26,27,29,30,31,32,33,34,36,37,38,39,40,41,44,45,46,47,48], 25[2,3,6,9,10,11,12,13,18,19,20,26,27,29,30,31,32,33,34,36,37,38,39,40,41,43,44,45,46,47,48], 27[2,3,6,9,10,11,12,13,18,19,20,26,27,29,30,31,32,33,34,36,37,38,39,40,41,43,44,45,46,47,48], 29[2,3,6,9,10,11,12,13,18,19,20,26,27,29,30,31,32,33,34,36,37,38,39,40,41,43,44,45,46,47,48]]
   00:00:00:00:00:02    00:00:00:00:00:16  [5[1,2,8,9,15,16,22,23], 7[2,9,16,22,23,29,30], 9[2,9,16,22,23,29,30,36,37], 11[2,9,16,22,23,29,30,31,36,37,38], 13[2,9,16,22,23,29,30,31,32,36,37,38,39], 15[2,9,16,22,23,29,30,31,32,33,36,37,38,39,40,43,44,45,46], 17[2,9,16,22,23,29,30,31,32,33,34,36,37,38,39,40,41,43,44,45,46,47], 19[2,9,16,22,23,26,27,29,30,31,32,33,34,35,36,37,38,39,40,41,42,43,44,45,46,47,48], 21[2,9,16,22,23,26,27,28,29,30,31,32,33,34,35,36,37,38,39,40,41,42,43,44,45,46,47,48,49], 23[2,9,16,22,23,26,27,28,29,30,31,32,33,34,35,36,37,38,39,40,41,42,43,44,45,46,47,48,49], 25[2,9,16,22,23,26,27,28,29,30,31,32,33,34,35,36,37,38,39,40,41,42,43,44,45,46,47,48,49], 27[2,9,16,22,23,26,27,28,29,30,31,32,33,34,35,36,37,38,39,40,41,42,43,44,45,46,47,48,49], 29[2,9,16,22,23,26,27,28,29,30,31,32,33,34,35,36,37,38,39,40,41,42,43,44,45,46,47,48,49]]
   00:00:00:00:00:02    00:00:00:00:00:12  [7[2,9,16,23,30,37,44], 9[2,9,16,23,29,30,31,36,37,38,43,44], 11[2,9,16,23,29,30,31,32,36,37,38,39,44,45,46], 13[2,9,16,23,29,30,31,32,33,36,37,38,39,40,43,44,45,46,47], 15[2,9,16,23,29,30,31,32,33,34,36,37,38,39,40,41,43,44,45,46,47,48], 17[2,9,16,23,26,27,29,30,31,32,33,34,35,36,37,38,39,40,41,42,43,44,45,46,47,48,49], 19[2,9,16,23,26,27,28,29,30,31,32,33,34,35,36,37,38,39,40,41,42,43,44,45,46,47,48,49], 21[2,9,16,23,26,27,28,29,30,31,32,33,34,35,36,37,38,39,40,41,42,43,44,45,46,47,48,49], 23[2,9,16,23,26,27,28,29,30,31,32,33,34,35,36,37,38,39,40,41,42,43,44,45,46,47,48,49], 25[2,9,16,23,26,27,28,29,30,31,32,33,34,35,36,37,38,39,40,41,42,43,44,45,46,47,48,49], 27[2,9,16,23,26,27,28,29,30,31,32,33,34,35,36,37,38,39,40,41,42,43,44,45,46,47,48,49]]
   00:00:00:00:00:02    00:00:00:00:00:0e  [11[2,3,4,5,6,12,13,20,27,34,41,48], 13[2,3,4,5,6,13,20,26,27,28,33,34,35,40,41,42,47,48], 15[2,3,4,5,6,13,20,26,27,28,32,33,34,35,39,40,41,42,46,47,48,49], 17[2,3,4,5,6,13,20,26,27,28,31,32,33,34,35,38,39,40,41,42,45,46,47,48,49], 19[2,3,4,5,6,13,20,26,27,28,30,31,32,33,34,35,37,38,39,40,41,42,44,45,46,47,48,49], 21[2,3,4,5,6,13,20,26,27,28,29,30,31,32,33,34,35,36,37,38,39,40,41,42,43,44,45,46,47,48,49], 23[2,3,4,5,6,13,20,26,27,28,29,30,31,32,33,34,35,36,37,38,39,40,41,42,43,44,45,46,47,48,49], 25[2,3,4,5,6,13,20,26,27,28,29,30,31,32,33,34,35,36,37,38,39,40,41,42,43,44,45,46,47,48,49], 27[2,3,4,5,6,13,20,26,27,28,29,30,31,32,33,34,35,36,37,38,39,40,41,42,43,44,45,46,47,48,49], 29[2,3,4,5,6,13,20,26,27,28,29,30,31,32,33,34,35,36,37,38,39,40,41,42,43,44,45,46,47,48,49]]
   00:00:00:00:00:02    00:00:00:00:00:0f  [10[2,3,4,5,11,12,19,26,33,40,47], 12[2,3,4,5,11,12,19,26,32,33,34,39,40,41,46,47,48], 14[2,3,4,5,11,12,19,26,31,32,33,34,35,38,39,40,41,42,45,46,47,48,49], 16[2,3,4,5,11,12,19,26,27,28,30,31,32,33,34,35,37,38,39,40,41,42,44,45,46,47,48,49], 18[2,3,4,5,11,12,19,26,27,28,29,30,31,32,33,34,35,36,37,38,39,40,41,42,43,44,45,46,47,48,49], 20[2,3,4,5,11,12,19,26,27,28,29,30,31,32,33,34,35,36,37,38,39,40,41,42,43,44,45,46,47,48,49], 22[2,3,4,5,11,12,19,26,27,28,29,30,31,32,33,34,35,36,37,38,39,40,41,42,43,44,45,46,47,48,49], 24[2,3,4,5,11,12,19,26,27,28,29,30,31,32,33,34,35,36,37,38,39,40,41,42,43,44,45,46,47,48,49], 26[2,3,4,5,11,12,19,26,27,28,29,30,31,32,33,34,35,36,37,38,39,40,41,42,43,44,45,46,47,48,49], 28[2,3,4,5,11,12,19,26,27,28,29,30,31,32,33,34,35,36,37,38,39,40,41,42,43,44,45,46,47,48,49], 30[2,3,4,5,11,12,19,26,27,28,29,30,31,32,33,34,35,36,37,38,39,40,41,42,43,44,45,46,47,48,49]]
   00:00:00:00:00:02    00:00:00:00:00:0a  [9[2,3,4,5,6,7,12,13,14,20,21,27,28], 11[2,3,4,5,6,13,20,27,28,34,35], 13[2,3,4,5,6,13,20,26,27,28,33,34,35,41,42], 15[2,3,4,5,6,13,20,26,27,28,33,34,35,40,41,42], 17[2,3,4,5,6,13,20,26,27,28,32,33,34,35,39,40,41,42,47,48,49], 19[2,3,4,5,6,13,20,26,27,28,31,32,33,34,35,38,39,40,41,42,46,47,48,49], 21[2,3,4,5,6,13,20,26,27,28,30,31,32,33,34,35,37,38,39,40,41,42,45,46,47,48,49], 23[2,3,4,5,6,13,20,26,27,28,29,30,31,32,33,34,35,36,37,38,39,40,41,42,44,45,46,47,48,49], 25[2,3,4,5,6,13,20,26,27,28,29,30,31,32,33,34,35,36,37,38,39,40,41,42,43,44,45,46,47,48,49], 27[2,3,4,5,6,13,20,26,27,28,29,30,31,32,33,34,35,36,37,38,39,40,41,42,43,44,45,46,47,48,49], 29[2,3,4,5,6,13,20,26,27,28,29,30,31,32,33,34,35,36,37,38,39,40,41,42,43,44,45,46,47,48,49], 31[2,3,4,5,6,13,20,26,27,28,29,30,31,32,33,34,35,36,37,38,39,40,41,42,43,44,45,46,47,48,49]]
   00:00:00:00:00:02    00:00:00:00:00:01  [2[1,2], 4[1,2,8,9], 6[1,2,3,8,9,10,15,16], 8[1,2,8,9,15,16,22,23], 10[1,2,8,9,15,16,22,23,29,30], 12[1,2,8,9,15,16,22,23,29,30,36,37], 14[1,2,8,9,15,16,22,23,29,30,31,36,37,38], 16[1,2,8,9,15,16,22,23,29,30,31,32,36,37,38,39], 18[1,2,8,9,15,16,22,23,29,30,31,32,33,36,37,38,39,40,43,44,45,46], 20[1,2,8,9,15,16,22,23,29,30,31,32,33,34,36,37,38,39,40,41,43,44,45,46,47], 22[1,2,8,9,15,16,22,23,26,27,29,30,31,32,33,34,35,36,37,38,39,40,41,42,43,44,45,46,47,48], 24[1,2,8,9,15,16,22,23,26,27,28,29,30,31,32,33,34,35,36,37,38,39,40,41,42,43,44,45,46,47,48,49], 26[1,2,8,9,15,16,22,23,26,27,28,29,30,31,32,33,34,35,36,37,38,39,40,41,42,43,44,45,46,47,48,49], 28[1,2,8,9,15,16,22,23,26,27,28,29,30,31,32,33,34,35,36,37,38,39,40,41,42,43,44,45,46,47,48,49], 30[1,2,8,9,15,16,22,23,26,27,28,29,30,31,32,33,34,35,36,37,38,39,40,41,42,43,44,45,46,47,48,49], 32[1,2,8,9,15,16,22,23,26,27,28,29,30,31,32,33,34,35,36,37,38,39,40,41,42,43,44,45,46,47,48,49]]
   00:00:00:00:00:02    00:00:00:00:00:11  [8[2,3,10,17,24,31,38,45], 10[2,3,10,17,24,30,31,32,37,38,39,44,45,46], 12[2,3,10,17,24,29,30,31,32,33,36,37,38,39,40,43,44,45,46,47], 14[2,3,10,17,24,29,30,31,32,33,34,36,37,38,39,40,41,43,44,45,46,47,48], 16[2,3,10,17,24,26,27,29,30,31,32,33,34,35,36,37,38,39,40,41,42,43,44,45,46,47,48,49], 18[2,3,10,17,24,26,27,28,29,30,31,32,33,34,35,36,37,38,39,40,41,42,43,44,45,46,47,48,49], 20[2,3,10,17,24,26,27,28,29,30,31,32,33,34,35,36,37,38,39,40,41,42,43,44,45,46,47,48,49], 22[2,3,10,17,24,26,27,28,29,30,31,32,33,34,35,36,37,38,39,40,41,42,43,44,45,46,47,48,49], 24[2,3,10,17,24,26,27,28,29,30,31,32,33,34,35,36,37,38,39,40,41,42,43,44,45,46,47,48,49], 26[2,3,10,17,24,26,27,28,29,30,31,32,33,34,35,36,37,38,39,40,41,42,43,44,45,46,47,48,49], 28[2,3,10,17,24,26,27,28,29,30,31,32,33,34,35,36,37,38,39,40,41,42,43,44,45,46,47,48,49]]
   00:00:00:00:00:02    00:00:00:00:00:14  [7[1,2,8,15,22,29,36], 9[1,2,8,15,22,29,30,36,37], 11[1,2,8,15,22,29,30,31,36,37,38], 13[1,2,8,15,22,29,30,31,32,36,37,38,39], 15[1,2,8,15,22,29,30,31,32,33,36,37,38,39,40,43,44,45,46], 17[1,2,8,15,22,29,30,31,32,33,34,36,37,38,39,40,41,43,44,45,46,47], 19[1,2,8,15,22,26,27,29,30,31,32,33,34,35,36,37,38,39,40,41,42,43,44,45,46,47,48], 21[1,2,8,15,22,26,27,28,29,30,31,32,33,34,35,36,37,38,39,40,41,42,43,44,45,46,47,48,49], 23[1,2,8,15,22,26,27,28,29,30,31,32,33,34,35,36,37,38,39,40,41,42,43,44,45,46,47,48,49], 25[1,2,8,15,22,26,27,28,29,30,31,32,33,34,35,36,37,38,39,40,41,42,43,44,45,46,47,48,49], 27[1,2,8,15,22,26,27,28,29,30,31,32,33,34,35,36,37,38,39,40,41,42,43,44,45,46,47,48,49], 29[1,2,8,15,22,26,27,28,29,30,31,32,33,34,35,36,37,38,39,40,41,42,43,44,45,46,47,48,49]]
   00:00:00:00:00:02    00:00:00:00:00:0c  [11[2,3,4,5,6,7,12,13,14,21,28,35,42], 13[2,3,4,5,6,7,14,21,27,28,34,35,41,42], 15[2,3,4,5,6,7,14,21,26,27,28,33,34,35,40,41,42], 17[2,3,4,5,6,7,14,21,26,27,28,32,33,34,35,39,40,41,42,47,48,49], 19[2,3,4,5,6,7,14,21,26,27,28,31,32,33,34,35,38,39,40,41,42,46,47,48,49], 21[2,3,4,5,6,7,14,21,26,27,28,30,31,32,33,34,35,37,38,39,40,41,42,45,46,47,48,49], 23[2,3,4,5,6,7,14,21,26,27,28,29,30,31,32,33,34,35,36,37,38,39,40,41,42,44,45,46,47,48,49], 25[2,3,4,5,6,7,14,21,26,27,28,29,30,31,32,33,34,35,36,37,38,39,40,41,42,43,44,45,46,47,48,49], 27[2,3,4,5,6,7,14,21,26,27,28,29,30,31,32,33,34,35,36,37,38,39,40,41,42,43,44,45,46,47,48,49], 29[2,3,4,5,6,7,14,21,26,27,28,29,30,31,32,33,34,35,36,37,38,39,40,41,42,43,44,45,46,47,48,49], 31[2,3,4,5,6,7,14,21,26,27,28,29,30,31,32,33,34,35,36,37,38,39,40,41,42,43,44,45,46,47,48,49]]
   00:00:00:00:00:02    00:00:00:00:00:10  [9[2,3,4,10,11,17,18,25,32,39,46], 11[2,3,4,10,11,17,18,25,31,32,33,38,39,40,45,46,47], 13[2,3,4,10,11,17,18,25,30,31,32,33,34,37,38,39,40,41,44,45,46,47,48], 15[2,3,4,10,11,17,18,25,26,27,29,30,31,32,33,34,35,36,37,38,39,40,41,42,43,44,45,46,47,48,49], 17[2,3,4,10,11,17,18,25,26,27,28,29,30,31,32,33,34,35,36,37,38,39,40,41,42,43,44,45,46,47,48,49], 19[2,3,4,10,11,17,18,25,26,27,28,29,30,31,32,33,34,35,36,37,38,39,40,41,42,43,44,45,46,47,48,49], 21[2,3,4,10,11,17,18,25,26,27,28,29,30,31,32,33,34,35,36,37,38,39,40,41,42,43,44,45,46,47,48,49], 23[2,3,4,10,11,17,18,25,26,27,28,29,30,31,32,33,34,35,36,37,38,39,40,41,42,43,44,45,46,47,48,49], 25[2,3,4,10,11,17,18,25,26,27,28,29,30,31,32,33,34,35,36,37,38,39,40,41,42,43,44,45,46,47,48,49], 27[2,3,4,10,11,17,18,25,26,27,28,29,30,31,32,33,34,35,36,37,38,39,40,41,42,43,44,45,46,47,48,49], 29[2,3,4,11,18,25,26,27,28,29,30,31,32,33,34,35,36,37,38,39,40,41,42,43,44,45,46,47,48,49]]
   00:00:00:00:00:02    00:00:00:00:00:13  [8[1,2,8,15,22,29,36,43], 10[1,2,8,15,22,29,30,36,37,43], 12[1,2,8,15,22,29,30,31,36,37,38,43], 14[1,2,8,15,22,29,30,31,32,36,37,38,39,43,44,45,46], 16[1,2,8,15,22,29,30,31,32,33,36,37,38,39,40,43,44,45,46,47], 18[1,2,8,15,22,29,30,31,32,33,34,36,37,38,39,40,41,43,44,45,46,47,48], 20[1,2,8,15,22,26,27,29,30,31,32,33,34,35,36,37,38,39,40,41,42,43,44,45,46,47,48,49], 22[1,2,8,15,22,26,27,28,29,30,31,32,33,34,35,36,37,38,39,40,41,42,43,44,45,46,47,48,49], 24[1,2,8,15,22,26,27,28,29,30,31,32,33,34,35,36,37,38,39,40,41,42,43,44,45,46,47,48,49], 26[1,2,8,15,22,26,27,28,29,30,31,32,33,34,35,36,37,38,39,40,41,42,43,44,45,46,47,48,49], 28[1,2,8,15,22,26,27,28,29,30,31,32,33,34,35,36,37,38,39,40,41,42,43,44,45,46,47,48,49]]
   00:00:00:00:00:0b    00:00:00:00:00:05  [7[5,6,7,12,13,14,19,20,21,26,27,28,33,34,35], 9[4,5,6,7,11,12,13,14,18,19,20,21,25,26,27,28,32,33,34,35,40,41,42], 11[4,5,6,7,11,12,13,14,18,19,20,21,25,26,27,28,32,33,34,35,39,40,41,42,47,48,49], 13[4,5,6,7,11,12,13,14,18,19,20,21,25,26,27,28,32,33,34,35,39,40,41,42,46,47,48,49], 15[4,5,6,7,11,12,13,14,18,19,20,21,25,26,27,28,32,33,34,35,39,40,41,42,46,47,48,49], 17[4,5,6,7,11,12,13,14,18,19,20,21,25,26,27,28,32,33,34,35,39,40,41,42,46,47,48,49], 19[4,5,11,12,18,19,25,26,27,28,32,33,34,35,39,40,41,42,46,47,48,49]]
   00:00:00:00:00:0b    00:00:00:00:00:15  [11[16,17,18,19,20,21,22,23,24,25,26,28,29,30,31,32,33,35], 13[16,17,18,19,20,21,22,23,24,25,26,28,29,30,31,32,33,35,36,37,38,39], 15[16,17,18,19,20,21,22,23,24,25,26,28,29,30,31,32,33,35,36,37,38,39,43,44,45], 17[16,17,18,19,20,21,22,23,24,25,26,28,29,30,31,32,33,35,36,37,38,39,43,44,45,46], 19[16,17,18,19,20,21,22,23,24,25,26,28,29,30,31,32,33,35,36,37,38,39,40,43,44,45,46,47], 21[16,17,18,19,20,21,22,23,24,25,26,28,29,30,31,32,33,34,35,36,37,38,39,40,41,43,44,45,46,47,48], 23[16,17,18,19,20,21,22,23,24,25,26,27,28,29,30,31,32,33,34,35,36,37,38,39,40,41,42,43,44,45,46,47,48,49], 25[16,17,18,19,20,21,22,23,24,25,26,27,28,29,30,31,32,33,34,35,36,37,38,39,40,41,42,43,44,45,46,47,48,49], 27[16,17,18,19,20,21,22,23,24,25,26,27,28,29,30,31,32,33,34,35,36,37,38,39,40,41,42,43,44,45,46,47,48,49], 29[16,17,18,19,20,21,23,24,25,26,27,28,29,30,31,32,33,34,35,36,37,38,39,40,41,42,43,44,45,46,47,48,49], 31[16,17,18,19,20,21,23,26,27,28,29,30,31,32,33,34,35,36,37,38,39,40,41,42,43,44,45,46,47,48,49]]
   00:00:00:00:00:0b    00:00:00:00:00:09  [3[21,28,35], 5[20,21,27,28,34,35], 7[13,14,19,20,21,26,27,28,33,34,35,41,42], 9[6,7,12,13,14,18,19,20,21,25,26,27,28,32,33,34,35,40,41,42,48,49], 11[6,7,12,13,14,18,19,20,21,25,26,27,28,32,33,34,35,39,40,41,42,47,48,49], 13[6,7,12,13,14,17,18,19,20,21,24,25,26,27,28,31,32,33,34,35,39,40,41,42,46,47,48,49], 15[6,7,12,13,14,17,18,19,20,21,24,25,26,27,28,31,32,33,34,35,38,39,40,41,42,46,47,48,49], 17[6,7,12,13,14,17,18,19,20,21,24,25,26,27,28,31,32,33,34,35,38,39,40,41,42,45,46,47,48,49], 19[17,18,19,20,21,24,25,26,27,28,31,32,33,34,35,38,39,40,41,42,45,46,47,48,49], 21[17,18,19,20,21,24,25,26,27,28,31,32,33,34,35,38,39,40,41,42,45,46,47,48,49], 23[17,18,19,20,21,24,25,26,27,28,31,32,33,34,35,38,39,40,41,42,45,46,47,48,49]]
   00:00:00:00:00:0b    00:00:00:00:00:08  [4[14,21,28,35], 6[13,14,20,21,27,28,34,35], 8[6,7,12,13,14,19,20,21,26,27,28,33,34,35,41,42], 10[5,6,7,11,12,13,14,18,19,20,21,25,26,27,28,32,33,34,35,40,41,42,48,49], 12[5,6,7,11,12,13,14,18,19,20,21,25,26,27,28,32,33,34,35,39,40,41,42,47,48,49], 14[5,6,7,11,12,13,14,18,19,20,21,25,26,27,28,32,33,34,35,39,40,41,42,46,47,48,49], 16[5,6,7,11,12,13,14,18,19,20,21,25,26,27,28,32,33,34,35,39,40,41,42,46,47,48,49], 18[5,6,7,11,12,13,14,18,19,20,21,25,26,27,28,32,33,34,35,39,40,41,42,46,47,48,49], 20[11,12,13,14,18,19,20,21,25,26,27,28,32,33,34,35,39,40,41,42,46,47,48,49]]
   00:00:00:00:00:0b    00:00:00:00:00:0d  [3[35,42,49], 5[34,35,41,42,49], 7[27,28,34,35,41,42,48,49], 9[26,27,28,33,34,35,40,41,42,47,48,49], 11[26,27,28,32,33,34,35,39,40,41,42,46,47,48,49], 13[26,27,28,31,32,33,34,35,38,39,40,41,42,45,46,47,48,49], 15[26,27,28,30,31,32,33,34,35,37,38,39,40,41,42,44,45,46,47,48,49], 17[26,27,28,29,30,31,32,33,34,35,36,37,38,39,40,41,42,43,44,45,46,47,48,49], 19[26,27,28,29,30,31,32,33,34,35,36,37,38,39,40,41,42,43,44,45,46,47,48,49], 21[26,27,28,29,30,31,32,33,34,35,36,37,38,39,40,41,42,43,44,45,46,47,48,49], 23[26,27,28,29,30,31,32,33,34,35,36,37,38,39,40,41,42,43,44,45,46,47,48,49]]
   00:00:00:00:00:0b    00:00:00:00:00:04  [8[4,5,11,12,13,14,18,19,20,21,25,26,27,28,35], 10[4,5,11,12,18,19,25,26,27,28,32,33,34,35], 12[3,4,5,10,11,12,17,18,19,24,25,26,27,28,31,32,33,34,35,39,40,41], 14[3,4,5,10,11,12,17,18,19,24,25,26,27,28,31,32,33,34,35,38,39,40,41,46,47,48], 16[3,4,5,10,11,12,17,18,19,24,25,26,27,28,31,32,33,34,35,38,39,40,41,42,45,46,47,48,49], 18[3,4,5,10,11,12,17,18,19,24,25,26,27,28,31,32,33,34,35,38,39,40,41,42,45,46,47,48,49], 20[3,4,5,10,11,12,17,18,19,24,25,26,27,28,31,32,33,34,35,38,39,40,41,42,45,46,47,48,49], 22[3,4,5,10,11,12,17,18,19,24,25,26,27,28,31,32,33,34,35,38,39,40,41,42,45,46,47,48,49]]
   00:00:00:00:00:0b    00:00:00:00:00:02  [10[2,3,4,9,11,12,13,14,16,17,18,19,20,21,23,24,25,26,27,28,35], 12[2,3,9,10,16,17,23,24,25,26,27,28,30,31,32,35], 14[1,2,8,9,15,16,22,23,24,25,26,27,28,29,30,31,32,35,37,38,39], 16[1,2,8,9,15,16,22,23,24,25,26,27,28,29,30,31,32,33,35,36,37,38,39,40,44,45], 18[1,2,3,8,9,10,15,16,17,22,23,24,25,26,27,28,29,30,31,32,33,34,35,36,37,38,39,40,41,43,44,45,46], 20[1,2,3,8,9,10,15,16,17,22,23,24,25,26,27,28,29,30,31,32,33,34,35,36,37,38,39,40,41,43,44,45,46,47], 22[1,2,3,8,9,10,15,16,17,22,23,24,25,26,27,28,29,30,31,32,33,34,35,36,37,38,39,40,41,43,44,45,46,47,48], 24[1,2,3,8,9,10,15,16,17,22,23,24,25,26,27,28,29,30,31,32,33,34,35,36,37,38,39,40,41,42,43,44,45,46,47,48,49], 26[1,2,3,8,9,10,15,16,17,22,23,24,25,26,27,28,29,30,31,32,33,34,35,36,37,38,39,40,41,42,43,44,45,46,47,48,49], 28[1,2,8,9,15,16,22,23,25,26,27,28,29,30,31,32,33,34,35,36,37,38,39,40,41,42,43,44,45,46,47,48,49], 30[1,2,8,9,15,16,22,23,25,26,27,28,29,30,31,32,33,34,35,36,37,38,39,40,41,42,43,44,45,46,47,48,49]]
   00:00:00:00:00:0b    00:00:00:00:00:17  [9[15,16,17,18,19,20,21,22,23,24,25,26,27,28,35], 11[15,16,22,23,24,25,26,27,28,29,30,31,35], 13[15,16,22,23,24,25,26,27,28,29,30,31,35,36,37,38], 15[15,16,22,23,24,25,26,27,28,29,30,31,32,35,36,37,38,39,43,44], 17[15,16,22,23,24,25,26,27,28,29,30,31,32,33,35,36,37,38,39,40,43,44,45], 19[15,16,22,23,24,25,26,27,28,29,30,31,32,33,34,35,36,37,38,39,40,41,43,44,45,46,47], 21[15,16,22,23,24,25,26,27,28,29,30,31,32,33,34,35,36,37,38,39,40,41,43,44,45,46,47,48], 23[15,16,22,23,24,25,26,27,28,29,30,31,32,33,34,35,36,37,38,39,40,41,42,43,44,45,46,47,48,49], 25[15,16,22,23,24,25,26,27,28,29,30,31,32,33,34,35,36,37,38,39,40,41,42,43,44,45,46,47,48,49], 27[15,16,22,23,24,25,26,27,28,29,30,31,32,33,34,35,36,37,38,39,40,41,42,43,44,45,46,47,48,49], 29[15,16,22,23,24,25,26,27,28,29,30,31,32,33,34,35,36,37,38,39,40,41,42,43,44,45,46,47,48,49]]
   00:00:00:00:00:0b    00:00:00:00:00:03  [9[3,4,10,11,12,13,14,17,18,19,20,21,24,25,26,27,28,35], 11[3,4,10,11,17,18,24,25,26,27,28,31,32,33,35], 13[2,3,9,10,16,17,23,24,25,26,27,28,30,31,32,33,35,38,39,40], 15[2,3,4,9,10,11,16,17,18,23,24,25,26,27,28,30,31,32,33,34,35,37,38,39,40,41,45,46], 17[2,3,4,9,10,11,16,17,18,23,24,25,26,27,28,30,31,32,33,34,35,37,38,39,40,41,44,45,46,47,48], 19[2,3,4,9,10,11,16,17,18,23,24,25,26,27,28,30,31,32,33,34,35,37,38,39,40,41,42,44,45,46,47,48,49], 21[2,3,4,9,10,11,16,17,18,23,24,25,26,27,28,30,31,32,33,34,35,37,38,39,40,41,42,44,45,46,47,48,49], 23[2,3,4,9,10,11,16,17,18,23,24,25,26,27,28,30,31,32,33,34,35,37,38,39,40,41,42,44,45,46,47,48,49], 25[2,3,4,9,10,11,16,17,18,23,24,25,26,27,28,30,31,32,33,34,35,37,38,39,40,41,42,44,45,46,47,48,49]]
   00:00:00:00:00:0b    00:00:00:00:00:07  [5[7,14,21,28,35], 7[6,7,13,14,20,21,27,28,34,35], 9[5,6,7,12,13,14,19,20,21,26,27,28,33,34,35,41,42], 11[4,5,6,7,11,12,13,14,18,19,20,21,25,26,27,28,33,34,35,40,41,42,48,49], 13[4,5,6,7,11,12,13,14,18,19,20,21,25,26,27,28,32,33,34,35,40,41,42,47,48,49], 15[4,5,6,7,11,12,13,14,18,19,20,21,25,26,27,28,32,33,34,35,39,40,41,42,47,48,49], 17[4,5,6,7,11,12,13,14,18,19,20,21,25,26,27,28,32,33,34,35,39,40,41,42,46,47,48,49], 19[4,5,6,7,11,12,13,14,18,19,20,21,25,26,27,28,32,33,34,35,39,40,41,42,46,47,48,49], 21[4,5,6,7,11,12,13,14,18,19,20,21,25,26,27,28,32,33,34,35,39,40,41,42,46,47,48,49]]
   00:00:00:00:00:0b    00:00:00:00:00:18  [10[8,9,10,11,12,15,16,17,18,19,20,21,22,23,24,25,26,27,28,35], 12[8,9,10,15,16,17,22,23,24,25,26,27,28,29,30,31,32,35], 14[8,9,15,16,22,23,24,25,26,27,28,29,30,31,32,35,36,37,38,39], 16[8,9,15,16,22,23,24,25,26,27,28,29,30,31,32,33,35,36,37,38,39,40,43,44,45], 18[8,9,10,15,16,17,22,23,24,25,26,27,28,29,30,31,32,33,34,35,36,37,38,39,40,41,43,44,45,46], 20[8,9,10,15,16,17,22,23,24,25,26,27,28,29,30,31,32,33,34,35,36,37,38,39,40,41,43,44,45,46,47], 22[8,9,10,15,16,17,22,23,24,25,26,27,28,29,30,31,32,33,34,35,36,37,38,39,40,41,43,44,45,46,47,48], 24[8,9,10,15,16,17,22,23,24,25,26,27,28,29,30,31,32,33,34,35,36,37,38,39,40,41,42,43,44,45,46,47,48,49], 26[8,9,10,15,16,17,22,23,24,25,26,27,28,29,30,31,32,33,34,35,36,37,38,39,40,41,42,43,44,45,46,47,48,49], 28[8,9,15,16,22,23,24,25,26,27,28,29,30,31,32,33,34,35,36,37,38,39,40,41,42,43,44,45,46,47,48,49], 30[8,9,15,16,22,23,24,25,26,27,28,29,30,31,32,33,34,35,36,37,38,39,40,41,42,43,44,45,46,47,48,49]]
   00:00:00:00:00:0b    00:00:00:00:00:06  [6[6,7,13,14,20,21,27,28,34,35], 8[5,6,7,12,13,14,19,20,21,26,27,28,33,34,35,41,42], 10[4,5,6,7,11,12,13,14,18,19,20,21,25,26,27,28,32,33,34,35,40,41,42,48,49], 12[4,5,6,7,11,12,13,14,18,19,20,21,25,26,27,28,32,33,34,35,39,40,41,42,47,48,49], 14[4,5,6,7,11,12,13,14,18,19,20,21,25,26,27,28,32,33,34,35,39,40,41,42,46,47,48,49], 16[4,5,6,7,11,12,13,14,18,19,20,21,25,26,27,28,32,33,34,35,39,40,41,42,46,47,48,49], 18[4,5,6,7,11,12,13,14,18,19,20,21,25,26,27,28,32,33,34,35,39,40,41,42,46,47,48,49], 20[4,5,6,11,12,13,18,19,20,25,26,27,28,32,33,34,35,39,40,41,42,46,47,48,49]]
   00:00:00:00:00:0b    00:00:00:00:00:16  [10[16,17,18,19,20,21,22,23,24,25,26,28,35], 12[19,20,21,22,23,24,25,26,28,29,30,31,32,33,35], 14[15,16,19,20,21,22,23,24,25,26,27,28,29,30,31,32,33,34,35,36,37,38,39], 16[15,16,19,20,21,22,23,24,26,27,28,29,30,31,32,33,34,35,36,37,38,39,43,44,45,46], 18[15,16,19,20,21,22,23,24,26,27,28,29,30,31,32,33,34,35,36,37,38,39,40,43,44,45,46,47], 20[15,16,19,20,21,22,23,24,26,27,28,29,30,31,32,33,34,35,36,37,38,39,40,41,43,44,45,46,47,48], 22[15,16,19,20,21,22,23,24,26,27,28,29,30,31,32,33,34,35,36,37,38,39,40,41,42,43,44,45,46,47,48,49], 24[15,16,19,20,21,22,23,24,26,27,28,29,30,31,32,33,34,35,36,37,38,39,40,41,42,43,44,45,46,47,48,49], 26[15,16,19,20,21,22,23,24,26,27,28,29,30,31,32,33,34,35,36,37,38,39,40,41,42,43,44,45,46,47,48,49], 28[15,16,19,20,21,22,23,24,26,27,28,29,30,31,32,33,34,35,36,37,38,39,40,41,42,43,44,45,46,47,48,49], 30[19,20,21,22,23,24,26,27,28,29,30,31,32,33,34,35,36,37,38,39,40,41,42,43,44,45,46,47,48,49]]
   00:00:00:00:00:0b    00:00:00:00:00:12  [12[16,17,18,19,20,21,23,24,25,26,28,30,31,32,33,35,37,38,39,40,44,45,46,47], 14[19,20,21,23,24,25,26,28,29,30,31,32,33,34,35,36,37,38,39,40,41,43,44,45,46,47,48], 16[19,20,21,23,24,25,26,28,29,30,31,32,33,34,35,36,37,38,39,40,41,42,43,44,45,46,47,48,49], 18[19,20,21,23,24,25,26,28,29,30,31,32,33,34,35,36,37,38,39,40,41,42,43,44,45,46,47,48,49], 20[19,20,21,23,24,25,26,28,29,30,31,32,33,34,35,36,37,38,39,40,41,42,43,44,45,46,47,48,49], 22[19,20,21,23,24,25,26,28,29,30,31,32,33,34,35,36,37,38,39,40,41,42,43,44,45,46,47,48,49], 24[19,20,21,23,24,25,26,28,29,30,31,32,33,34,35,36,37,38,39,40,41,42,43,44,45,46,47,48,49], 26[19,20,21,23,24,25,26,28,29,30,31,32,33,34,35,36,37,38,39,40,41,42,43,44,45,46,47,48,49], 28[19,20,21,23,24,25,26,28,29,30,31,32,33,34,35,36,37,38,39,40,41,42,43,44,45,46,47,48,49]]
   00:00:00:00:00:0b    00:00:00:00:00:0e  [4[34,35,41,42,48], 6[27,28,33,34,35,40,41,42,47,48,49], 8[26,27,28,32,33,34,35,39,40,41,42,46,47,48,49], 10[26,27,28,31,32,33,34,35,38,39,40,41,42,45,46,47,48,49], 12[26,27,28,30,31,32,33,34,35,37,38,39,40,41,42,44,45,46,47,48,49], 14[26,27,28,29,30,31,32,33,34,35,36,37,38,39,40,41,42,43,44,45,46,47,48,49], 16[26,27,28,29,30,31,32,33,34,35,36,37,38,39,40,41,42,43,44,45,46,47,48,49], 18[26,27,28,29,30,31,32,33,34,35,36,37,38,39,40,41,42,43,44,45,46,47,48,49], 20[26,27,28,29,30,31,32,33,34,35,36,37,38,39,40,41,42,43,44,45,46,47,48,49], 22[26,27,28,29,30,31,32,33,34,35,36,37,38,39,40,41,42,43,44,45,46,47,48,49]]
   00:00:00:00:00:0b    00:00:00:00:00:0f  [5[33,34,35,40,41,42,47,48], 7[26,27,28,32,33,34,35,39,40,41,42,46,47,48,49], 9[26,27,28,31,32,33,34,35,38,39,40,41,42,45,46,47,48,49], 11[26,27,28,30,31,32,33,34,35,37,38,39,40,41,42,44,45,46,47,48,49], 13[26,27,28,29,30,31,32,33,34,35,36,37,38,39,40,41,42,43,44,45,46,47,48,49], 15[26,27,28,29,30,31,32,33,34,35,36,37,38,39,40,41,42,43,44,45,46,47,48,49], 17[26,27,28,29,30,31,32,33,34,35,36,37,38,39,40,41,42,43,44,45,46,47,48,49], 19[26,27,28,29,30,31,32,33,34,35,36,37,38,39,40,41,42,43,44,45,46,47,48,49], 21[26,27,28,29,30,31,32,33,34,35,36,37,38,39,40,41,42,43,44,45,46,47,48,49], 23[26,27,28,29,30,31,32,33,34,35,36,37,38,39,40,41,42,43,44,45,46,47,48,49]]
   00:00:00:00:00:0b    00:00:00:00:00:0a  [2[28,35], 4[27,28,34,35], 6[20,21,26,27,28,33,34,35,41,42], 8[13,14,19,20,21,26,27,28,33,34,35,40,41,42,48,49], 10[6,7,12,13,14,18,19,20,21,24,25,26,27,28,31,32,33,34,35,40,41,42,47,48,49], 12[6,7,12,13,14,17,18,19,20,21,24,25,26,27,28,31,32,33,34,35,38,39,40,41,42,47,48,49], 14[6,7,12,13,14,17,18,19,20,21,24,25,26,27,28,31,32,33,34,35,38,39,40,41,42,45,46,47,48,49], 16[6,7,12,13,14,17,18,19,20,21,24,25,26,27,28,31,32,33,34,35,38,39,40,41,42,45,46,47,48,49], 18[6,7,12,13,14,17,18,19,20,21,24,25,26,27,28,31,32,33,34,35,38,39,40,41,42,45,46,47,48,49], 20[13,14,17,18,19,20,21,24,25,26,27,28,31,32,33,34,35,38,39,40,41,42,45,46,47,48,49], 22[13,14,17,18,19,20,21,24,25,26,27,28,31,32,33,34,35,38,39,40,41,42,45,46,47,48,49], 24[13,14,17,18,19,20,21,24,25,26,27,28,31,32,33,34,35,38,39,40,41,42,45,46,47,48,49]]
   00:00:00:00:00:0b    00:00:00:00:00:01  [11[1,2,3,4,8,9,11,12,13,14,15,16,17,18,19,20,21,22,23,24,25,26,27,28,35], 13[1,2,3,8,9,10,15,16,17,22,23,24,25,26,27,28,29,30,31,32,35], 15[1,2,8,9,15,16,22,23,24,25,26,27,28,29,30,31,32,35,36,37,38,39], 17[1,2,8,9,15,16,22,23,24,25,26,27,28,29,30,31,32,33,35,36,37,38,39,40,43,44,45], 19[1,2,8,9,15,16,22,23,24,25,26,27,28,29,30,31,32,33,34,35,36,37,38,39,40,41,43,44,45,46], 21[1,2,8,9,15,16,22,23,24,25,26,27,28,29,30,31,32,33,34,35,36,37,38,39,40,41,43,44,45,46,47], 23[1,2,8,9,15,16,22,23,24,25,26,27,28,29,30,31,32,33,34,35,36,37,38,39,40,41,43,44,45,46,47,48], 25[1,2,8,9,15,16,22,23,24,25,26,27,28,29,30,31,32,33,34,35,36,37,38,39,40,41,42,43,44,45,46,47,48,49], 27[1,2,8,9,15,16,22,23,24,25,26,27,28,29,30,31,32,33,34,35,36,37,38,39,40,41,42,43,44,45,46,47,48,49], 29[1,2,8,9,15,16,22,23,24,25,26,27,28,29,30,31,32,33,34,35,36,37,38,39,40,41,42,43,44,45,46,47,48,49], 31[1,2,8,9,15,16,22,23,24,25,26,27,28,29,30,31,32,33,34,35,36,37,38,39,40,41,42,43,44,45,46,47,48,49]]
   00:00:00:00:00:0b    00:00:00:00:00:11  [7[31,32,33,34,35,38,39,40,41,42,45,46,47,48], 9[30,31,32,33,34,35,37,38,39,40,41,42,44,45,46,47,48,49], 11[17,18,19,20,21,24,28,29,30,31,32,33,34,35,36,37,38,39,40,41,42,43,44,45,46,47,48,49], 13[29,30,31,32,33,34,35,36,37,38,39,40,41,42,43,44,45,46,47,48,49], 15[29,30,31,32,33,34,35,36,37,38,39,40,41,42,43,44,45,46,47,48,49], 17[29,30,31,32,33,34,35,36,37,38,39,40,41,42,43,44,45,46,47,48,49], 19[29,30,31,32,33,34,35,36,37,38,39,40,41,42,43,44,45,46,47,48,49], 21[29,30,31,32,33,34,35,36,37,38,39,40,41,42,43,44,45,46,47,48,49]]
   00:00:00:00:00:0b    00:00:00:00:00:14  [12[16,17,18,19,20,21,22,23,24,25,26,28,29,30,35,36,37], 14[16,17,18,19,20,21,22,23,24,25,26,28,29,30,31,35,36,37,38,43,44], 16[16,17,18,19,20,21,22,23,24,25,26,28,29,30,31,32,35,36,37,38,39,43,44,45], 18[16,17,18,19,20,21,22,23,24,25,26,28,29,30,31,32,33,35,36,37,38,39,40,43,44,45,46], 20[16,17,18,19,20,21,22,23,24,25,26,28,29,30,31,32,33,34,35,36,37,38,39,40,41,43,44,45,46,47], 22[16,17,18,19,20,21,22,23,24,25,26,27,28,29,30,31,32,33,34,35,36,37,38,39,40,41,43,44,45,46,47,48], 24[16,17,18,19,20,21,22,23,24,25,26,27,28,29,30,31,32,33,34,35,36,37,38,39,40,41,42,43,44,45,46,47,48,49], 26[16,17,18,19,20,21,22,23,24,25,26,27,28,29,30,31,32,33,34,35,36,37,38,39,40,41,42,43,44,45,46,47,48,49], 28[16,17,18,19,20,21,22,23,24,25,26,27,28,29,30,31,32,33,34,35,36,37,38,39,40,41,42,43,44,45,46,47,48,49], 30[16,17,18,19,20,21,22,23,24,25,26,27,28,29,30,31,32,33,34,35,36,37,38,39,40,41,42,43,44,45,46,47,48,49]]
   00:00:00:00:00:0b    00:00:00:00:00:0c  [2[35,42], 4[34,35,41,42], 6[27,28,34,35,41,42], 8[26,27,28,33,34,35,40,41,42,48,49], 10[26,27,28,32,33,34,35,39,40,41,42,47,48,49], 12[26,27,28,31,32,33,34,35,38,39,40,41,42,46,47,48,49], 14[26,27,28,30,31,32,33,34,35,37,38,39,40,41,42,45,46,47,48,49], 16[26,27,28,29,30,31,32,33,34,35,36,37,38,39,40,41,42,44,45,46,47,48,49], 18[26,27,28,29,30,31,32,33,34,35,36,37,38,39,40,41,42,43,44,45,46,47,48,49], 20[26,27,28,29,30,31,32,33,34,35,36,37,38,39,40,41,42,43,44,45,46,47,48,49], 22[26,27,28,29,30,31,32,33,34,35,36,37,38,39,40,41,42,43,44,45,46,47,48,49], 24[26,27,28,29,30,31,32,33,34,35,36,37,38,39,40,41,42,43,44,45,46,47,48,49]]
   00:00:00:00:00:0b    00:00:00:00:00:10  [6[32,33,34,35,39,40,41,42,46,47,48,49], 8[31,32,33,34,35,38,39,40,41,42,45,46,47,48,49], 10[30,31,32,33,34,35,37,38,39,40,41,42,44,45,46,47,48,49], 12[29,30,31,32,33,34,35,36,37,38,39,40,41,42,43,44,45,46,47,48,49], 14[29,30,31,32,33,34,35,36,37,38,39,40,41,42,43,44,45,46,47,48,49], 16[29,30,31,32,33,34,35,36,37,38,39,40,41,42,43,44,45,46,47,48,49], 18[29,30,31,32,33,34,35,36,37,38,39,40,41,42,43,44,45,46,47,48,49], 20[29,30,31,32,33,34,35,36,37,38,39,40,41,42,43,44,45,46,47,48,49]]
   00:00:00:00:00:0b    00:00:00:00:00:13  [13[16,17,18,19,20,21,22,23,24,25,26,28,29,30,35,36,37,43,44], 15[16,17,18,19,20,21,22,23,24,25,26,28,29,30,31,35,36,37,38,43,44,45], 17[16,17,18,19,20,21,22,23,24,25,26,28,29,30,31,32,35,36,37,38,39,43,44,45,46], 19[16,17,18,19,20,21,22,23,24,25,26,28,29,30,31,32,33,35,36,37,38,39,40,43,44,45,46,47], 21[16,17,18,19,20,21,22,23,24,25,26,28,29,30,31,32,33,34,35,36,37,38,39,40,41,43,44,45,46,47,48], 23[16,17,18,19,20,21,22,23,24,25,26,27,28,29,30,31,32,33,34,35,36,37,38,39,40,41,42,43,44,45,46,47,48,49], 25[16,17,18,19,20,21,22,23,24,25,26,27,28,29,30,31,32,33,34,35,36,37,38,39,40,41,42,43,44,45,46,47,48,49], 27[16,17,18,19,20,21,23,24,25,26,27,28,29,30,31,32,33,34,35,36,37,38,39,40,41,42,43,44,45,46,47,48,49], 29[16,17,18,19,20,21,23,24,25,26,27,28,29,30,31,32,33,34,35,36,37,38,39,40,41,42,43,44,45,46,47,48,49], 31[16,17,18,19,20,21,23,26,27,28,29,30,31,32,33,34,35,36,37,38,39,40,41,42,43,44,45,46,47,48,49]]
   00:00:00:00:00:17    00:00:00:00:00:05  [7[1,2,3,4,5,8,9,10,11,12,15,16,17,18,19], 9[1,2,3,4,5,6,8,9,10,11,12,13,15,16,17,18,19,25,26], 11[5,6,12,13,15,16,17,18,19,20,25,26,27,32,33], 13[5,6,12,13,15,16,17,18,19,20,24,25,26,27,31,32,33,34,39,40], 15[5,6,12,13,15,16,17,18,19,20,24,25,26,27,31,32,33,34,38,39,40,41,46,47], 17[5,6,12,13,15,16,17,18,19,20,24,25,26,27,30,31,32,33,34,37,38,39,40,41,45,46,47,48], 19[5,6,12,13,15,16,17,18,19,20,24,25,26,27,29,30,31,32,33,34,36,37,38,39,40,41,44,45,46,47,48], 21[5,6,12,13,15,16,17,18,19,20,24,25,26,27,29,30,31,32,33,34,36,37,38,39,40,41,43,44,45,46,47,48], 23[5,6,12,13,15,16,17,18,19,20,24,25,26,27,29,30,31,32,33,34,36,37,38,39,40,41,43,44,45,46,47,48], 25[5,6,12,13,15,16,17,18,19,20,24,25,26,27,29,30,31,32,33,34,36,37,38,39,40,41,43,44,45,46,47,48], 27[5,6,12,13,15,16,17,18,19,20,25,26,27,29,30,31,32,33,34,36,37,38,39,40,41,43,44,45,46,47,48], 29[5,6,12,13,15,16,17,18,19,20,25,26,27,29,30,31,32,33,34,36,37,38,39,40,41,43,44,45,46,47,48]]
   00:00:00:00:00:17    00:00:00:00:00:15  [3[15,22,29], 5[15,22,23,29,30], 7[15,22,23,29,30,36,37], 9[15,22,23,29,30,31,36,37,38], 11[15,22,23,29,30,31,32,36,37,38,39], 13[15,22,23,29,30,31,32,33,36,37,38,39,40,43,44,45,46], 15[15,22,23,29,30,31,32,33,34,36,37,38,39,40,41,43,44,45,46,47], 17[15,22,23,26,27,29,30,31,32,33,34,35,36,37,38,39,40,41,42,43,44,45,46,47,48], 19[15,22,23,26,27,28,29,30,31,32,33,34,35,36,37,38,39,40,41,42,43,44,45,46,47,48,49], 21[15,22,23,26,27,28,29,30,31,32,33,34,35,36,37,38,39,40,41,42,43,44,45,46,47,48,49], 23[15,22,23,26,27,28,29,30,31,32,33,34,35,36,37,38,39,40,41,42,43,44,45,46,47,48,49], 25[15,22,23,26,27,28,29,30,31,32,33,34,35,36,37,38,39,40,41,42,43,44,45,46,47,48,49], 27[15,22,23,26,27,28,29,30,31,32,33,34,35,36,37,38,39,40,41,42,43,44,45,46,47,48,49]]
   00:00:00:00:00:17    00:00:00:00:00:09  [7[15,16,17,18,19,20,21], 9[9,10,11,12,13,14,15,16,20,21], 11[9,10,11,12,13,15,16,20,21,27,28], 13[9,10,11,12,13,15,16,20,21,27,28,34,35], 15[9,10,11,12,13,15,16,20,21,26,27,28,33,34,35,41,42], 17[9,10,11,12,13,15,16,20,21,26,27,28,33,34,35,40,41,42], 19[9,10,11,12,13,15,16,20,21,26,27,28,32,33,34,35,39,40,41,42,47,48,49], 21[9,10,11,12,13,15,16,20,21,26,27,28,31,32,33,34,35,38,39,40,41,42,46,47,48,49], 23[9,10,11,12,13,15,16,20,21,26,27,28,30,31,32,33,34,35,37,38,39,40,41,42,45,46,47,48,49], 25[9,10,11,12,13,15,16,20,21,26,27,28,29,30,31,32,33,34,35,36,37,38,39,40,41,42,44,45,46,47,48,49], 27[9,10,11,12,13,15,16,20,21,26,27,28,29,30,31,32,33,34,35,36,37,38,39,40,41,42,43,44,45,46,47,48,49], 29[9,10,11,12,13,15,16,20,21,26,27,28,29,30,31,32,33,34,35,36,37,38,39,40,41,42,43,44,45,46,47,48,49], 31[9,10,11,12,13,15,16,20,21,26,27,28,29,30,31,32,33,34,35,36,37,38,39,40,41,42,43,44,45,46,47,48,49], 33[9,10,11,12,13,15,16,20,21,26,27,28,29,30,31,32,33,34,35,36,37,38,39,40,41,42,43,44,45,46,47,48,49]]
   00:00:00:00:00:17    00:00:00:00:00:08  [8[9,10,11,12,13,14,15,16,17,18,19,20,21], 10[14,15,16,17,18,19,20,21,27,28], 12[14,15,16,17,18,19,20,21,27,28,34,35], 14[14,15,16,17,18,19,20,21,26,27,28,33,34,35,41,42], 16[14,15,16,17,18,19,20,21,26,27,28,33,34,35,40,41,42], 18[14,15,16,17,18,19,20,21,26,27,28,32,33,34,35,39,40,41,42,47,48,49], 20[14,15,16,17,18,19,20,21,26,27,28,31,32,33,34,35,38,39,40,41,42,46,47,48,49], 22[14,15,16,17,18,19,20,21,26,27,28,30,31,32,33,34,35,37,38,39,40,41,42,45,46,47,48,49], 24[14,15,16,17,18,19,20,21,26,27,28,29,30,31,32,33,34,35,36,37,38,39,40,41,42,44,45,46,47,48,49], 26[14,15,16,17,18,19,20,21,26,27,28,29,30,31,32,33,34,35,36,37,38,39,40,41,42,43,44,45,46,47,48,49], 28[14,15,16,17,18,19,20,21,26,27,28,29,30,31,32,33,34,35,36,37,38,39,40,41,42,43,44,45,46,47,48,49], 30[14,15,16,17,18,19,20,21,26,27,28,29,30,31,32,33,34,35,36,37,38,39,40,41,42,43,44,45,46,47,48,49], 32[14,15,16,17,18,19,20,21,26,27,28,29,30,31,32,33,34,35,36,37,38,39,40,41,42,43,44,45,46,47,48,49]]
   00:00:00:00:00:17    00:00:00:00:00:0d  [11[15,16,17,18,19,20,21,27,28,34,35,42,49], 13[15,16,17,18,19,20,26,27,28,33,34,35,40,41,42,48,49], 15[15,16,17,18,19,20,26,27,28,32,33,34,35,39,40,41,42,47,48,49], 17[15,16,17,18,19,20,26,27,28,31,32,33,34,35,38,39,40,41,42,46,47,48,49], 19[15,16,17,18,19,20,26,27,28,30,31,32,33,34,35,37,38,39,40,41,42,45,46,47,48,49], 21[15,16,17,18,19,20,26,27,28,29,30,31,32,33,34,35,36,37,38,39,40,41,42,44,45,46,47,48,49], 23[15,16,17,18,19,20,26,27,28,29,30,31,32,33,34,35,36,37,38,39,40,41,42,43,44,45,46,47,48,49], 25[15,16,17,18,19,20,26,27,28,29,30,31,32,33,34,35,36,37,38,39,40,41,42,43,44,45,46,47,48,49], 27[15,16,17,18,19,20,26,27,28,29,30,31,32,33,34,35,36,37,38,39,40,41,42,43,44,45,46,47,48,49], 29[15,16,17,18,19,20,26,27,28,29,30,31,32,33,34,35,36,37,38,39,40,41,42,43,44,45,46,47,48,49]]
   00:00:00:00:00:17    00:00:00:00:00:04  [6[1,2,3,4,8,9,10,11,15,16,17,18], 8[1,2,3,4,8,9,10,11,15,16,17,18,23,24,25], 10[3,4,10,11,15,16,17,18,23,24,25,30,31,32], 12[4,5,11,12,15,16,17,18,19,23,24,25,26,30,31,32,33,37,38,39], 14[4,5,11,12,15,16,17,18,19,23,24,25,26,30,31,32,33,37,38,39,40,45,46], 16[4,5,11,12,15,16,17,18,19,23,24,25,26,29,30,31,32,33,36,37,38,39,40,44,45,46,47], 18[4,5,11,12,15,16,17,18,19,23,24,25,26,29,30,31,32,33,36,37,38,39,40,43,44,45,46,47], 20[4,5,11,12,15,16,17,18,19,23,24,25,26,29,30,31,32,33,36,37,38,39,40,43,44,45,46,47], 22[4,5,11,12,15,16,17,18,19,23,24,25,26,29,30,31,32,33,36,37,38,39,40,43,44,45,46,47], 24[4,5,11,12,15,16,17,18,19,24,25,26,29,30,31,32,33,36,37,38,39,40,43,44,45,46,47]]
   00:00:00:00:00:17    00:00:00:00:00:02  [4[1,2,8,9,15,16], 6[1,2,3,8,9,10,15,16,17,22,23], 8[2,3,9,10,15,16,17,22,23,24,29,30], 10[1,2,3,8,9,10,15,16,17,22,23,24,29,30,31,36,37], 12[1,2,3,4,8,9,10,11,15,16,17,18,22,23,24,25,29,30,31,32,36,37,38,43,44], 14[1,2,3,4,8,9,10,11,15,16,17,18,22,23,24,25,29,30,31,32,36,37,38,39,43,44,45], 16[1,2,3,4,8,9,10,11,15,16,17,18,22,23,24,25,29,30,31,32,36,37,38,39,43,44,45,46], 18[1,2,3,4,8,9,10,11,15,16,17,18,22,23,24,25,29,30,31,32,36,37,38,39,43,44,45,46], 20[1,2,3,4,8,9,10,11,15,16,17,18,22,23,24,25,29,30,31,32,36,37,38,39,43,44,45,46]]
   00:00:00:00:00:17    00:00:00:00:00:0b  [9[15,16,17,18,19,20,21,27,28,34,35], 11[15,16,17,18,19,20,26,27,33,34,35,41,42], 13[15,16,17,18,19,20,26,27,33,34,35,40,41,42], 15[15,16,17,18,19,20,26,27,32,33,34,35,39,40,41,42,47,48,49], 17[15,16,17,18,19,20,26,27,31,32,33,34,35,38,39,40,41,42,46,47,48,49], 19[15,16,17,18,19,20,26,27,30,31,32,33,34,35,37,38,39,40,41,42,45,46,47,48,49], 21[15,16,17,18,19,20,26,27,29,30,31,32,33,34,35,36,37,38,39,40,41,42,44,45,46,47,48,49], 23[15,16,17,18,19,20,26,27,29,30,31,32,33,34,35,36,37,38,39,40,41,42,43,44,45,46,47,48,49], 25[15,16,17,18,19,20,26,27,29,30,31,32,33,34,35,36,37,38,39,40,41,42,43,44,45,46,47,48,49], 27[15,16,17,18,19,20,26,27,29,30,31,32,33,34,35,36,37,38,39,40,41,42,43,44,45,46,47,48,49], 29[15,16,17,18,19,20,26,27,29,30,31,32,33,34,35,36,37,38,39,40,41,42,43,44,45,46,47,48,49]]
   00:00:00:00:00:17    00:00:00:00:00:03  [5[1,2,3,8,9,10,15,16,17], 7[1,2,3,4,8,9,10,11,15,16,17,22,23,24], 9[2,3,9,10,15,16,17,22,23,24,29,30,31], 11[2,3,4,9,10,11,15,16,17,18,22,23,24,25,29,30,31,32,36,37,38], 13[2,3,4,5,9,10,11,12,15,16,17,18,19,22,23,24,25,26,29,30,31,32,33,36,37,38,39,43,44,45], 15[2,3,4,5,9,10,11,12,15,16,17,18,19,22,23,24,25,26,29,30,31,32,33,36,37,38,39,40,43,44,45,46], 17[2,3,4,5,9,10,11,12,15,16,17,18,19,22,23,24,25,26,29,30,31,32,33,36,37,38,39,40,43,44,45,46,47], 19[2,3,4,5,9,10,11,12,15,16,17,18,19,22,23,24,25,26,29,30,31,32,33,36,37,38,39,40,43,44,45,46,47], 21[3,4,5,10,11,12,15,17,18,19,22,24,25,26,29,30,31,32,33,36,37,38,39,40,43,44,45,46,47], 23[3,4,5,10,11,12,15,17,18,19,22,24,25,26,29,30,31,32,33,36,37,38,39,40,43,44,45,46,47]]
   00:00:00:00:00:17    00:00:00:00:00:07  [9[2,3,4,5,6,7,9,10,11,12,13,14,15,16,17,18,19,20,21], 11[7,14,15,16,17,18,19,20,21,27,28], 13[7,14,15,16,17,18,19,20,21,27,28,34,35], 15[7,14,15,16,17,18,19,20,21,26,27,28,33,34,35,41,42], 17[7,14,15,16,17,18,19,20,21,26,27,28,33,34,35,40,41,42], 19[7,14,15,16,17,18,19,20,21,26,27,28,32,33,34,35,39,40,41,42,47,48,49], 21[7,14,15,16,17,18,19,20,21,26,27,28,31,32,33,34,35,38,39,40,41,42,46,47,48,49], 23[7,14,15,16,17,18,19,20,21,26,27,28,30,31,32,33,34,35,37,38,39,40,41,42,45,46,47,48,49], 25[7,14,15,16,17,18,19,20,21,26,27,28,29,30,31,32,33,34,35,36,37,38,39,40,41,42,44,45,46,47,48,49], 27[7,14,15,16,17,18,19,20,21,26,27,28,29,30,31,32,33,34,35,36,37,38,39,40,41,42,43,44,45,46,47,48,49], 29[7,14,15,16,17,18,19,20,21,26,27,28,29,30,31,32,33,34,35,36,37,38,39,40,41,42,43,44,45,46,47,48,49], 31[7,14,15,16,17,18,19,20,21,26,27,28,29,30,31,32,33,34,35,36,37,38,39,40,41,42,43,44,45,46,47,48,49], 33[7,14,15,16,17,18,19,20,21,26,27,28,29,30,31,32,33,34,35,36,37,38,39,40,41,42,43,44,45,46,47,48,49]]
   00:00:00:00:00:17    00:00:00:00:00:18  [2[8,15], 4[8,9,15,16], 6[1,2,8,9,10,15,16,17,22,23], 8[1,2,3,8,9,10,11,15,16,17,18,22,23,24,29,30], 10[1,2,8,9,10,15,16,17,22,23,24,29,30,31,36,37], 12[1,2,8,9,10,11,15,16,17,18,22,23,24,25,29,30,31,32,36,37,38,43,44], 14[1,2,8,9,10,11,12,15,16,17,18,19,22,23,24,25,26,29,30,31,32,33,36,37,38,39,43,44,45], 16[1,2,8,9,10,11,12,15,16,17,18,19,22,23,24,25,26,29,30,31,32,33,36,37,38,39,40,43,44,45,46], 18[1,2,8,9,10,11,12,15,16,17,18,19,22,23,24,25,26,29,30,31,32,33,36,37,38,39,40,43,44,45,46,47], 20[1,2,8,9,10,11,12,15,16,17,18,19,22,23,24,25,26,29,30,31,32,33,36,37,38,39,40,43,44,45,46,47]]
   00:00:00:00:00:17    00:00:00:00:00:06  [8[1,2,3,4,5,6,8,9,10,11,12,13,15,16,17,18,19,20], 10[5,6,12,13,15,16,17,18,19,20,25,26,27], 12[6,7,13,14,15,16,17,18,19,20,21,25,26,27,28,33,34], 14[6,7,13,14,15,16,17,18,19,20,21,25,26,27,28,32,33,34,35,40,41], 16[6,7,13,14,15,16,17,18,19,20,21,25,26,27,28,32,33,34,35,39,40,41,42,47,48], 18[6,13,14,15,16,17,18,19,20,21,25,26,27,28,31,32,33,34,35,38,39,40,41,42,46,47,48], 20[6,13,14,15,16,17,18,19,20,21,25,26,27,28,30,31,32,33,34,35,37,38,39,40,41,42,45,46,47,48], 22[6,13,14,15,16,17,18,19,20,21,25,26,27,28,29,30,31,32,33,34,35,36,37,38,39,40,41,42,44,45,46,47,48], 24[6,13,14,15,16,17,18,19,20,21,25,26,27,28,29,30,31,32,33,34,35,36,37,38,39,40,41,42,43,44,45,46,47,48], 26[6,7,13,14,15,16,17,18,19,20,21,25,26,27,28,29,30,31,32,33,34,35,36,37,38,39,40,41,42,43,44,45,46,47,48], 28[6,7,13,14,15,16,17,18,19,20,21,25,26,27,28,29,30,31,32,33,34,35,36,37,38,39,40,41,42,43,44,45,46,47,48,49], 30[6,7,13,14,15,16,17,18,20,21,25,26,27,28,29,30,31,32,33,34,35,36,37,38,39,40,41,42,44,45,46,47,48,49], 32[6,13,14,15,16,17,18,21,25,26,27,28,29,30,31,32,33,34,35,36,37,38,39,40,41,42,44,45,46,47,48,49]]
   00:00:00:00:00:17    00:00:00:00:00:16  [2[15,22], 4[15,16,22,23], 6[15,16,22,23,29,30], 8[15,16,22,23,29,30,36,37], 10[15,16,22,23,29,30,31,36,37,38], 12[15,16,22,23,29,30,31,32,36,37,38,39], 14[15,16,22,23,29,30,31,32,33,36,37,38,39,40,43,44,45,46], 16[15,16,22,23,29,30,31,32,33,34,36,37,38,39,40,41,43,44,45,46,47], 18[15,16,22,23,26,27,29,30,31,32,33,34,35,36,37,38,39,40,41,42,43,44,45,46,47,48], 20[15,16,22,23,26,27,28,29,30,31,32,33,34,35,36,37,38,39,40,41,42,43,44,45,46,47,48,49], 22[15,16,22,23,26,27,28,29,30,31,32,33,34,35,36,37,38,39,40,41,42,43,44,45,46,47,48,49], 24[15,16,22,23,26,27,28,29,30,31,32,33,34,35,36,37,38,39,40,41,42,43,44,45,46,47,48,49], 26[15,16,22,23,26,27,28,29,30,31,32,33,34,35,36,37,38,39,40,41,42,43,44,45,46,47,48,49], 28[15,16,22,23,26,27,28,29,30,31,32,33,34,35,36,37,38,39,40,41,42,43,44,45,46,47,48,49]]
   00:00:00:00:00:17    00:00:00:00:00:12  [6[15,22,23,29,30,37,44], 8[15,22,29,30,31,36,37,38,43,44,45], 10[15,22,29,30,31,32,36,37,38,39,43,44,45,46], 12[15,22,29,30,31,32,33,36,37,38,39,40,43,44,45,46,47], 14[15,22,29,30,31,32,33,34,36,37,38,39,40,41,43,44,45,46,47,48], 16[15,22,26,27,29,30,31,32,33,34,35,36,37,38,39,40,41,42,43,44,45,46,47,48,49], 18[15,22,26,27,28,29,30,31,32,33,34,35,36,37,38,39,40,41,42,43,44,45,46,47,48,49], 20[15,22,26,27,28,29,30,31,32,33,34,35,36,37,38,39,40,41,42,43,44,45,46,47,48,49], 22[15,22,26,27,28,29,30,31,32,33,34,35,36,37,38,39,40,41,42,43,44,45,46,47,48,49], 24[15,22,26,27,28,29,30,31,32,33,34,35,36,37,38,39,40,41,42,43,44,45,46,47,48,49], 26[15,22,26,27,28,29,30,31,32,33,34,35,36,37,38,39,40,41,42,43,44,45,46,47,48,49]]
   00:00:00:00:00:17    00:00:00:00:00:0e  [10[15,16,17,18,19,20,26,27,34,41,48], 12[15,16,17,18,19,26,27,28,33,34,35,40,41,42,47,48,49], 14[15,16,17,18,19,26,27,28,32,33,34,35,39,40,41,42,46,47,48,49], 16[15,16,17,18,19,26,27,28,31,32,33,34,35,38,39,40,41,42,45,46,47,48,49], 18[15,16,17,18,19,26,27,28,30,31,32,33,34,35,37,38,39,40,41,42,44,45,46,47,48,49], 20[15,16,17,18,19,26,27,28,29,30,31,32,33,34,35,36,37,38,39,40,41,42,43,44,45,46,47,48,49], 22[15,16,17,18,19,26,27,28,29,30,31,32,33,34,35,36,37,38,39,40,41,42,43,44,45,46,47,48,49], 24[15,16,17,18,19,26,27,28,29,30,31,32,33,34,35,36,37,38,39,40,41,42,43,44,45,46,47,48,49], 26[15,16,17,18,19,26,27,28,29,30,31,32,33,34,35,36,37,38,39,40,41,42,43,44,45,46,47,48,49], 28[15,16,17,18,19,26,27,28,29,30,31,32,33,34,35,36,37,38,39,40,41,42,43,44,45,46,47,48,49]]
   00:00:00:00:00:17    00:00:00:00:00:0f  [9[15,16,17,18,19,25,26,33,40,47], 11[15,16,17,18,25,26,27,33,34,40,47], 13[15,16,17,18,25,26,27,28,32,33,34,35,39,40,41,42,46,47,48,49], 15[15,16,17,18,25,26,27,28,31,32,33,34,35,38,39,40,41,42,45,46,47,48,49], 17[15,16,17,18,25,26,27,28,30,31,32,33,34,35,37,38,39,40,41,42,44,45,46,47,48,49], 19[15,16,17,18,25,26,27,28,29,30,31,32,33,34,35,36,37,38,39,40,41,42,43,44,45,46,47,48,49], 21[15,16,17,18,25,26,27,28,29,30,31,32,33,34,35,36,37,38,39,40,41,42,43,44,45,46,47,48,49], 23[15,16,17,18,25,26,27,28,29,30,31,32,33,34,35,36,37,38,39,40,41,42,43,44,45,46,47,48,49], 25[15,16,17,18,25,26,27,28,29,30,31,32,33,34,35,36,37,38,39,40,41,42,43,44,45,46,47,48,49], 27[15,16,17,18,25,26,27,28,29,30,31,32,33,34,35,36,37,38,39,40,41,42,43,44,45,46,47,48,49], 29[15,16,17,18,25,26,27,28,29,30,31,32,33,34,35,36,37,38,39,40,41,42,43,44,45,46,47,48,49]]
   00:00:00:00:00:17    00:00:00:00:00:0a  [8[15,16,17,18,19,20,21,27,28], 10[15,16,17,18,19,20,27,28,34,35], 12[15,16,17,18,19,20,26,27,28,33,34,35,41,42], 14[15,16,17,18,19,20,26,27,28,33,34,35,40,41,42], 16[15,16,17,18,19,20,26,27,28,32,33,34,35,39,40,41,42,47,48,49], 18[15,16,17,18,19,20,26,27,28,31,32,33,34,35,38,39,40,41,42,46,47,48,49], 20[15,16,17,18,19,20,26,27,28,30,31,32,33,34,35,37,38,39,40,41,42,45,46,47,48,49], 22[15,16,17,18,19,20,26,27,28,29,30,31,32,33,34,35,36,37,38,39,40,41,42,44,45,46,47,48,49], 24[15,16,17,18,19,20,26,27,28,29,30,31,32,33,34,35,36,37,38,39,40,41,42,43,44,45,46,47,48,49], 26[15,16,17,18,19,20,26,27,28,29,30,31,32,33,34,35,36,37,38,39,40,41,42,43,44,45,46,47,48,49], 28[15,16,17,18,19,20,26,27,28,29,30,31,32,33,34,35,36,37,38,39,40,41,42,43,44,45,46,47,48,49], 30[15,16,17,18,19,20,26,27,28,29,30,31,32,33,34,35,36,37,38,39,40,41,42,43,44,45,46,47,48,49]]
   00:00:00:00:00:17    00:00:00:00:00:01  [3[1,8,15], 5[1,2,8,9,15,16], 7[1,2,3,8,9,10,15,16,17,22,23], 9[1,2,3,8,9,10,15,16,17,22,23,24,29,30], 11[1,2,3,8,9,10,15,16,17,22,23,24,29,30,31,36,37], 13[1,2,3,4,8,9,10,11,15,16,17,18,22,23,24,25,29,30,31,32,36,37,38,43,44], 15[1,2,3,4,8,9,10,11,15,16,17,18,22,23,24,25,29,30,31,32,36,37,38,39,43,44,45], 17[1,2,3,4,8,9,10,11,15,16,17,18,22,23,24,25,29,30,31,32,36,37,38,39,43,44,45,46], 19[1,2,3,4,8,9,10,11,15,16,17,18,22,23,24,25,29,30,31,32,36,37,38,39,43,44,45,46], 21[1,2,3,4,8,9,10,11,15,16,17,18,22,23,24,25,29,30,31,32,36,37,38,39,43,44,45,46]]
   00:00:00:00:00:17    00:00:00:00:00:11  [7[15,22,23,24,29,30,31,36,37,38,44,45], 9[15,22,29,30,31,32,36,37,38,39,43,44,45,46], 11[15,22,29,30,31,32,33,36,37,38,39,40,43,44,45,46,47], 13[15,22,29,30,31,32,33,34,36,37,38,39,40,41,43,44,45,46,47,48], 15[15,22,26,27,29,30,31,32,33,34,35,36,37,38,39,40,41,42,43,44,45,46,47,48,49], 17[15,22,26,27,28,29,30,31,32,33,34,35,36,37,38,39,40,41,42,43,44,45,46,47,48,49], 19[15,22,26,27,28,29,30,31,32,33,34,35,36,37,38,39,40,41,42,43,44,45,46,47,48,49], 21[15,22,26,27,28,29,30,31,32,33,34,35,36,37,38,39,40,41,42,43,44,45,46,47,48,49], 23[15,22,26,27,28,29,30,31,32,33,34,35,36,37,38,39,40,41,42,43,44,45,46,47,48,49], 25[15,22,26,27,28,29,30,31,32,33,34,35,36,37,38,39,40,41,42,43,44,45,46,47,48,49]]
   00:00:00:00:00:17    00:00:00:00:00:14  [4[15,22,29,36], 6[15,22,29,30,36,37], 8[15,22,29,30,31,36,37,38], 10[15,22,29,30,31,32,36,37,38,39], 12[15,22,29,30,31,32,33,36,37,38,39,40,43,44,45,46], 14[15,22,29,30,31,32,33,34,36,37,38,39,40,41,43,44,45,46,47], 16[15,22,26,27,29,30,31,32,33,34,35,36,37,38,39,40,41,42,43,44,45,46,47,48], 18[15,22,26,27,28,29,30,31,32,33,34,35,36,37,38,39,40,41,42,43,44,45,46,47,48,49], 20[15,22,26,27,28,29,30,31,32,33,34,35,36,37,38,39,40,41,42,43,44,45,46,47,48,49], 22[15,22,26,27,28,29,30,31,32,33,34,35,36,37,38,39,40,41,42,43,44,45,46,47,48,49], 24[15,22,26,27,28,29,30,31,32,33,34,35,36,37,38,39,40,41,42,43,44,45,46,47,48,49], 26[15,22,26,27,28,29,30,31,32,33,34,35,36,37,38,39,40,41,42,43,44,45,46,47,48,49]]
   00:00:00:00:00:17    00:00:00:00:00:0c  [10[15,16,17,18,19,20,21,27,28,34,35,42], 12[15,16,17,18,19,20,26,27,28,33,34,35,40,41,42], 14[15,16,17,18,19,20,26,27,28,32,33,34,35,39,40,41,42,48,49], 16[15,16,17,18,19,20,26,27,28,31,32,33,34,35,38,39,40,41,42,47,48,49], 18[15,16,17,18,19,20,26,27,28,30,31,32,33,34,35,37,38,39,40,41,42,45,46,47,48,49], 20[15,16,17,18,19,20,26,27,28,29,30,31,32,33,34,35,36,37,38,39,40,41,42,44,45,46,47,48,49], 22[15,16,17,18,19,20,26,27,28,29,30,31,32,33,34,35,36,37,38,39,40,41,42,43,44,45,46,47,48,49], 24[15,16,17,18,19,20,26,27,28,29,30,31,32,33,34,35,36,37,38,39,40,41,42,43,44,45,46,47,48,49], 26[15,16,17,18,19,20,26,27,28,29,30,31,32,33,34,35,36,37,38,39,40,41,42,43,44,45,46,47,48,49], 28[15,16,17,18,19,20,26,27,28,29,30,31,32,33,34,35,36,37,38,39,40,41,42,43,44,45,46,47,48,49]]
   00:00:00:00:00:17    00:00:00:00:00:10  [8[15,22,23,24,25,31,32,38,39,46], 10[15,22,23,24,30,31,32,33,37,38,39,40,44,45,46,47], 12[15,22,23,24,29,30,31,32,33,34,36,37,38,39,40,41,43,44,45,46,47,48], 14[15,22,23,24,26,27,29,30,31,32,33,34,35,36,37,38,39,40,41,42,43,44,45,46,47,48,49], 16[15,22,23,24,26,27,28,29,30,31,32,33,34,35,36,37,38,39,40,41,42,43,44,45,46,47,48,49], 18[15,22,23,24,26,27,28,29,30,31,32,33,34,35,36,37,38,39,40,41,42,43,44,45,46,47,48,49], 20[15,22,23,24,26,27,28,29,30,31,32,33,34,35,36,37,38,39,40,41,42,43,44,45,46,47,48,49], 22[15,22,23,24,26,27,28,29,30,31,32,33,34,35,36,37,38,39,40,41,42,43,44,45,46,47,48,49], 24[15,22,23,24,26,27,28,29,30,31,32,33,34,35,36,37,38,39,40,41,42,43,44,45,46,47,48,49], 26[15,22,23,24,26,27,28,29,30,31,32,33,34,35,36,37,38,39,40,41,42,43,44,45,46,47,48,49], 28[15,22,23,24,26,27,28,29,30,31,32,33,34,35,36,37,38,39,40,41,42,43,44,45,46,47,48,49]]
   00:00:00:00:00:17    00:00:00:00:00:13  [5[15,22,29,36,43], 7[15,22,29,30,36,37,43], 9[15,22,29,30,31,36,37,38,43], 11[15,22,29,30,31,32,36,37,38,39,43,44,45,46], 13[15,22,29,30,31,32,33,36,37,38,39,40,43,44,45,46,47], 15[15,22,29,30,31,32,33,34,36,37,38,39,40,41,43,44,45,46,47,48], 17[15,22,26,27,29,30,31,32,33,34,35,36,37,38,39,40,41,42,43,44,45,46,47,48,49], 19[15,22,26,27,28,29,30,31,32,33,34,35,36,37,38,39,40,41,42,43,44,45,46,47,48,49], 21[15,22,26,27,28,29,30,31,32,33,34,35,36,37,38,39,40,41,42,43,44,45,46,47,48,49], 23[15,22,26,27,28,29,30,31,32,33,34,35,36,37,38,39,40,41,42,43,44,45,46,47,48,49], 25[15,22,26,27,28,29,30,31,32,33,34,35,36,37,38,39,40,41,42,43,44,45,46,47,48,49]]
   00:00:00:00:00:03    00:00:00:00:00:05  [3[3,4,5], 5[3,4,5,10,11,12], 7[2,3,4,5,6,9,10,11,12,13,17,18,19], 9[3,4,5,10,11,12,17,18,19,25,26], 11[3,4,5,6,10,11,12,13,17,18,19,20,25,26,27,32,33], 13[3,4,5,6,10,11,12,13,17,18,19,20,24,25,26,27,31,32,33,34,39,40], 15[3,4,5,10,11,12,17,18,19,20,24,25,26,27,31,32,33,34,38,39,40,41,46,47], 17[3,4,5,6,10,11,12,13,17,18,19,20,24,25,26,27,30,31,32,33,34,37,38,39,40,41,45,46,47], 19[3,4,5,6,10,11,12,13,17,18,19,20,24,25,26,27,29,30,31,32,33,34,36,37,38,39,40,41,44,45,46,47,48], 21[3,4,5,6,10,11,12,13,17,18,19,20,24,25,26,27,29,30,31,32,33,34,36,37,38,39,40,41,43,44,45,46,47,48], 23[3,4,5,6,10,11,12,13,17,18,19,20,24,25,26,27,29,30,31,32,33,34,36,37,38,39,40,41,43,44,45,46,47,48], 25[3,5,6,10,11,12,13,18,19,20,24,25,26,27,29,30,31,32,33,34,36,37,38,39,40,41,43,44,45,46,47,48], 27[3,5,6,10,11,12,13,18,19,20,25,26,27,29,30,31,32,33,34,36,37,38,39,40,41,43,44,45,46,47,48], 29[3,5,6,10,11,12,13,18,19,20,25,26,27,29,30,31,32,33,34,36,37,38,39,40,41,43,44,45,46,47,48]]
   00:00:00:00:00:03    00:00:00:00:00:15  [7[1,2,3,8,9,15,16,22,23,29,30], 9[2,3,9,16,23,29,30,36,37], 11[2,3,9,16,23,29,30,31,36,37,38], 13[2,3,9,16,23,29,30,31,32,36,37,38,39], 15[2,3,9,16,23,29,30,31,32,33,36,37,38,39,40,43,44,45,46], 17[2,3,9,16,23,29,30,31,32,33,34,36,37,38,39,40,41,43,44,45,46,47], 19[2,3,9,16,23,26,27,29,30,31,32,33,34,35,36,37,38,39,40,41,42,43,44,45,46,47,48], 21[2,3,9,16,23,26,27,28,29,30,31,32,33,34,35,36,37,38,39,40,41,42,43,44,45,46,47,48,49], 23[2,3,9,16,23,26,27,28,29,30,31,32,33,34,35,36,37,38,39,40,41,42,43,44,45,46,47,48,49], 25[2,3,9,16,23,26,27,28,29,30,31,32,33,34,35,36,37,38,39,40,41,42,43,44,45,46,47,48,49], 27[2,3,9,16,23,26,27,28,29,30,31,32,33,34,35,36,37,38,39,40,41,42,43,44,45,46,47,48,49], 29[2,3,9,16,23,26,27,28,29,30,31,32,33,34,35,36,37,38,39,40,41,42,43,44,45,46,47,48,49]]
   00:00:00:00:00:03    00:00:00:00:00:09  [7[3,4,11,12,13,14,20,21], 9[3,4,11,12,13,20,21,27,28], 11[3,4,11,12,13,20,21,27,28,34,35], 13[3,4,11,12,13,20,21,26,27,28,33,34,35,41,42], 15[3,4,11,12,13,20,21,26,27,28,33,34,35,40,41,42], 17[3,4,11,12,13,20,21,26,27,28,32,33,34,35,39,40,41,42,47,48,49], 19[3,4,11,12,13,20,21,26,27,28,31,32,33,34,35,38,39,40,41,42,46,47,48,49], 21[3,4,11,12,13,20,21,26,27,28,30,31,32,33,34,35,37,38,39,40,41,42,45,46,47,48,49], 23[3,4,11,12,13,20,21,26,27,28,29,30,31,32,33,34,35,36,37,38,39,40,41,42,44,45,46,47,48,49], 25[3,4,11,12,13,20,21,26,27,28,29,30,31,32,33,34,35,36,37,38,39,40,41,42,43,44,45,46,47,48,49], 27[3,4,11,12,13,20,21,26,27,28,29,30,31,32,33,34,35,36,37,38,39,40,41,42,43,44,45,46,47,48,49], 29[3,4,11,12,13,20,21,26,27,28,29,30,31,32,33,34,35,36,37,38,39,40,41,42,43,44,45,46,47,48,49], 31[3,4,11,12,13,20,21,26,27,28,29,30,31,32,33,34,35,36,37,38,39,40,41,42,43,44,45,46,47,48,49]]
   00:00:00:00:00:03    00:00:00:00:00:08  [6[3,4,5,6,7,10,11,12,13,14], 8[3,4,5,6,13,14,20,21], 10[3,4,5,6,13,14,20,21,27,28], 12[3,4,5,6,13,14,20,21,27,28,34,35], 14[3,4,5,6,13,14,20,21,26,27,28,33,34,35,41,42], 16[3,4,5,6,13,14,20,21,26,27,28,33,34,35,40,41,42], 18[3,4,5,6,13,14,20,21,26,27,28,32,33,34,35,39,40,41,42,47,48,49], 20[3,4,5,6,13,14,20,21,26,27,28,31,32,33,34,35,38,39,40,41,42,46,47,48,49], 22[3,4,5,6,13,14,20,21,26,27,28,30,31,32,33,34,35,37,38,39,40,41,42,45,46,47,48,49], 24[3,4,5,6,13,14,20,21,26,27,28,29,30,31,32,33,34,35,36,37,38,39,40,41,42,44,45,46,47,48,49], 26[3,4,5,6,13,14,20,21,26,27,28,29,30,31,32,33,34,35,36,37,38,39,40,41,42,43,44,45,46,47,48,49], 28[3,4,5,6,13,14,20,21,26,27,28,29,30,31,32,33,34,35,36,37,38,39,40,41,42,43,44,45,46,47,48,49], 30[3,4,5,6,13,14,20,21,26,27,28,29,30,31,32,33,34,35,36,37,38,39,40,41,42,43,44,45,46,47,48,49], 32[3,4,5,6,13,14,20,21,26,27,28,29,30,31,32,33,34,35,36,37,38,39,40,41,42,43,44,45,46,47,48,49]]
   00:00:00:00:00:03    00:00:00:00:00:0d  [11[3,4,11,12,13,14,20,21,27,28,34,35,42,49], 13[3,4,11,12,13,20,26,27,28,33,34,35,40,41,42,48,49], 15[3,4,11,12,13,20,26,27,28,32,33,34,35,39,40,41,42,47,48,49], 17[3,4,11,12,13,20,26,27,28,31,32,33,34,35,38,39,40,41,42,46,47,48,49], 19[3,4,11,12,13,20,26,27,28,30,31,32,33,34,35,37,38,39,40,41,42,45,46,47,48,49], 21[3,4,11,12,13,20,26,27,28,29,30,31,32,33,34,35,36,37,38,39,40,41,42,44,45,46,47,48,49], 23[3,4,11,12,13,20,26,27,28,29,30,31,32,33,34,35,36,37,38,39,40,41,42,43,44,45,46,47,48,49], 25[3,4,11,12,13,20,26,27,28,29,30,31,32,33,34,35,36,37,38,39,40,41,42,43,44,45,46,47,48,49], 27[3,4,11,12,13,20,26,27,28,29,30,31,32,33,34,35,36,37,38,39,40,41,42,43,44,45,46,47,48,49], 29[3,4,11,12,13,20,26,27,28,29,30,31,32,33,34,35,36,37,38,39,40,41,42,43,44,45,46,47,48,49]]
   00:00:00:00:00:03    00:00:00:00:00:04  [2[3,4], 4[3,4,10,11], 6[2,3,4,5,9,10,11,12,17,18], 8[1,2,3,4,5,6,8,9,10,11,12,13,16,17,18,19,24,25], 10[3,4,5,10,11,12,17,18,19,24,25,26,31,32], 12[3,4,5,10,11,12,17,18,19,23,24,25,26,30,31,32,33,38,39], 14[3,4,5,10,11,12,17,18,19,23,24,25,26,30,31,32,33,37,38,39,40,45,46], 16[3,4,5,10,11,12,17,18,19,23,24,25,26,29,30,31,32,33,36,37,38,39,40,44,45,46,47], 18[3,4,5,10,11,12,17,18,19,23,24,25,26,29,30,31,32,33,36,37,38,39,40,43,44,45,46,47], 20[3,4,5,10,11,12,17,18,19,23,24,25,26,29,30,31,32,33,36,37,38,39,40,43,44,45,46,47], 22[3,4,5,10,11,12,17,18,19,24,25,26,29,30,31,32,33,36,37,38,39,40,43,44,45,46,47], 24[3,4,5,10,11,12,17,18,19,24,25,26,29,30,31,32,33,36,37,38,39,40,43,44,45,46,47]]
   00:00:00:00:00:03    00:00:00:00:00:02  [2[2,3], 4[2,3,9,10], 6[1,2,3,4,8,9,10,11,16,17], 8[1,2,3,4,5,8,9,10,11,12,15,16,17,18,23,24], 10[2,3,9,10,16,17,23,24,30,31], 12[2,3,9,10,16,17,23,24,30,31,37,38], 14[2,3,9,10,16,17,23,24,30,31,32,37,38,39,44,45], 16[2,3,9,10,16,17,23,24,30,31,32,33,37,38,39,40,44,45,46], 18[2,3,9,10,16,17,23,24,25,26,30,31,32,33,34,37,38,39,40,41,44,45,46,47], 20[2,3,9,10,16,17,23,24,25,26,27,30,31,32,33,34,35,37,38,39,40,41,42,44,45,46,47,48], 22[2,3,9,10,16,17,23,24,25,26,27,28,30,31,32,33,34,35,37,38,39,40,41,42,44,45,46,47,48,49], 24[2,3,9,10,16,17,23,24,25,26,27,28,30,31,32,33,34,35,37,38,39,40,41,42,44,45,46,47,48,49], 26[2,3,9,10,16,17,23,24,25,26,27,28,30,31,32,33,34,35,37,38,39,40,41,42,44,45,46,47,48,49], 28[2,3,9,10,16,17,23,24,25,26,27,28,30,31,32,33,34,35,37,38,39,40,41,42,44,45,46,47,48,49], 30[2,3,9,10,16,17,23,24,25,26,27,28,30,31,32,33,34,35,37,38,39,40,41,42,44,45,46,47,48,49]]
   00:00:00:00:00:03    00:00:00:00:00:0b  [9[3,4,11,12,13,14,20,21,27,28,34,35], 11[3,4,11,12,13,20,26,27,33,34,35,41,42], 13[3,4,11,12,13,20,26,27,33,34,35,40,41,42], 15[3,4,11,12,13,20,26,27,32,33,34,35,39,40,41,42,47,48,49], 17[3,4,11,12,13,20,26,27,31,32,33,34,35,38,39,40,41,42,46,47,48,49], 19[3,4,11,12,13,20,26,27,30,31,32,33,34,35,37,38,39,40,41,42,45,46,47,48,49], 21[3,4,11,12,13,20,26,27,29,30,31,32,33,34,35,36,37,38,39,40,41,42,44,45,46,47,48,49], 23[3,4,11,12,13,20,26,27,29,30,31,32,33,34,35,36,37,38,39,40,41,42,43,44,45,46,47,48,49], 25[3,4,11,12,13,20,26,27,29,30,31,32,33,34,35,36,37,38,39,40,41,42,43,44,45,46,47,48,49], 27[3,4,11,12,13,20,26,27,29,30,31,32,33,34,35,36,37,38,39,40,41,42,43,44,45,46,47,48,49], 29[3,4,11,12,13,20,26,27,29,30,31,32,33,34,35,36,37,38,39,40,41,42,43,44,45,46,47,48,49]]
   00:00:00:00:00:03    00:00:00:00:00:17  [5[1,2,3,8,9,10,15,16,17], 7[2,3,9,15,16,22,23], 9[2,3,9,15,16,22,23,29,30], 11[2,3,9,15,16,22,23,29,30,36,37], 13[2,3,9,15,16,22,23,29,30,31,36,37,38], 15[2,3,9,15,16,22,23,29,30,31,32,36,37,38,39], 17[2,3,9,15,16,22,23,29,30,31,32,33,36,37,38,39,40,43,44,45,46], 19[2,3,9,15,16,22,23,29,30,31,32,33,34,36,37,38,39,40,41,43,44,45,46,47], 21[2,3,9,15,16,22,23,26,27,29,30,31,32,33,34,35,36,37,38,39,40,41,42,43,44,45,46,47,48], 23[2,3,9,15,16,22,23,26,27,28,29,30,31,32,33,34,35,36,37,38,39,40,41,42,43,44,45,46,47,48,49], 25[2,3,9,15,16,22,23,26,27,28,29,30,31,32,33,34,35,36,37,38,39,40,41,42,43,44,45,46,47,48,49], 27[2,3,9,15,16,22,23,26,27,28,29,30,31,32,33,34,35,36,37,38,39,40,41,42,43,44,45,46,47,48,49], 29[2,3,9,15,16,22,23,26,27,28,29,30,31,32,33,34,35,36,37,38,39,40,41,42,43,44,45,46,47,48,49], 31[2,3,9,15,16,22,23,26,27,28,29,30,31,32,33,34,35,36,37,38,39,40,41,42,43,44,45,46,47,48,49]]
   00:00:00:00:00:03    00:00:00:00:00:07  [5[3,4,5,6,7], 7[3,4,5,6,7,10,11,12,13,14], 9[3,4,5,6,7,13,14,20,21], 11[3,4,5,6,7,13,14,20,21,27,28], 13[3,4,5,6,7,13,14,20,21,27,28,34,35], 15[3,4,5,6,7,13,14,20,21,26,27,28,33,34,35,41,42], 17[3,4,5,6,7,13,14,20,21,26,27,28,33,34,35,40,41,42], 19[3,4,5,6,7,13,14,20,21,26,27,28,32,33,34,35,39,40,41,42,47,48,49], 21[3,4,5,6,7,13,14,20,21,26,27,28,31,32,33,34,35,38,39,40,41,42,46,47,48,49], 23[3,4,5,6,7,13,14,20,21,26,27,28,30,31,32,33,34,35,37,38,39,40,41,42,45,46,47,48,49], 25[3,4,5,6,7,13,14,20,21,26,27,28,29,30,31,32,33,34,35,36,37,38,39,40,41,42,44,45,46,47,48,49], 27[3,4,5,6,7,13,14,20,21,26,27,28,29,30,31,32,33,34,35,36,37,38,39,40,41,42,43,44,45,46,47,48,49], 29[3,4,5,6,7,13,14,20,21,26,27,28,29,30,31,32,33,34,35,36,37,38,39,40,41,42,43,44,45,46,47,48,49], 31[3,4,5,6,7,13,14,20,21,26,27,28,29,30,31,32,33,34,35,36,37,38,39,40,41,42,43,44,45,46,47,48,49], 33[3,4,5,6,7,13,14,20,21,26,27,28,29,30,31,32,33,34,35,36,37,38,39,40,41,42,43,44,45,46,47,48,49]]
   00:00:00:00:00:03    00:00:00:00:00:18  [4[1,2,3,8,9,10], 6[1,2,3,4,8,9,10,11,15,16,17], 8[2,3,8,9,15,16,22,23], 10[2,3,8,9,15,16,22,23,29,30], 12[2,3,8,9,15,16,22,23,29,30,36,37], 14[2,3,8,9,15,16,22,23,29,30,31,36,37,38], 16[2,3,8,9,15,16,22,23,29,30,31,32,36,37,38,39], 18[2,3,8,9,15,16,22,23,29,30,31,32,33,36,37,38,39,40,43,44,45,46], 20[2,3,8,9,15,16,22,23,29,30,31,32,33,34,36,37,38,39,40,41,43,44,45,46,47], 22[2,3,8,9,15,16,22,23,26,27,29,30,31,32,33,34,35,36,37,38,39,40,41,42,43,44,45,46,47,48], 24[2,3,8,9,15,16,22,23,26,27,28,29,30,31,32,33,34,35,36,37,38,39,40,41,42,43,44,45,46,47,48,49], 26[2,3,8,9,15,16,22,23,26,27,28,29,30,31,32,33,34,35,36,37,38,39,40,41,42,43,44,45,46,47,48,49], 28[2,3,8,9,15,16,22,23,26,27,28,29,30,31,32,33,34,35,36,37,38,39,40,41,42,43,44,45,46,47,48,49], 30[2,3,8,9,15,16,22,23,26,27,28,29,30,31,32,33,34,35,36,37,38,39,40,41,42,43,44,45,46,47,48,49], 32[2,3,8,9,15,16,22,23,26,27,28,29,30,31,32,33,34,35,36,37,38,39,40,41,42,43,44,45,46,47,48,49]]
   00:00:00:00:00:03    00:00:00:00:00:06  [4[3,4,5,6], 6[3,4,5,6,10,11,12,13], 8[3,4,5,6,10,11,12,13,18,19,20], 10[3,4,5,6,10,11,12,13,18,19,20,26,27], 12[3,4,5,6,10,11,12,13,18,19,20,26,27,33,34], 14[3,4,5,6,10,11,12,13,18,19,20,26,27,33,34,40,41], 16[3,4,5,6,10,11,12,13,18,19,20,26,27,32,33,34,39,40,41,47,48], 18[3,4,5,6,10,11,12,13,18,19,20,26,27,31,32,33,34,38,39,40,41,46,47,48], 20[3,4,5,6,10,11,12,13,18,19,20,26,27,30,31,32,33,34,37,38,39,40,41,45,46,47,48], 22[3,4,5,6,10,11,12,13,18,19,20,26,27,29,30,31,32,33,34,36,37,38,39,40,41,44,45,46,47,48], 24[3,4,5,6,10,11,12,13,18,19,20,26,27,29,30,31,32,33,34,36,37,38,39,40,41,43,44,45,46,47,48], 26[3,4,5,6,10,11,12,13,18,19,20,26,27,29,30,31,32,33,34,36,37,38,39,40,41,43,44,45,46,47,48], 28[3,4,5,6,10,11,12,13,18,19,20,26,27,29,30,31,32,33,34,36,37,38,39,40,41,43,44,45,46,47,48]]
   00:00:00:00:00:03    00:00:00:00:00:16  [6[1,2,3,8,9,15,16,22,23], 8[2,3,9,16,22,23,29,30], 10[2,3,9,16,22,23,29,30,36,37], 12[2,3,9,16,22,23,29,30,31,36,37,38], 14[2,3,9,16,22,23,29,30,31,32,36,37,38,39], 16[2,3,9,16,22,23,29,30,31,32,33,36,37,38,39,40,43,44,45,46], 18[2,3,9,16,22,23,29,30,31,32,33,34,36,37,38,39,40,41,43,44,45,46,47], 20[2,3,9,16,22,23,26,27,29,30,31,32,33,34,35,36,37,38,39,40,41,42,43,44,45,46,47,48], 22[2,3,9,16,22,23,26,27,28,29,30,31,32,33,34,35,36,37,38,39,40,41,42,43,44,45,46,47,48,49], 24[2,3,9,16,22,23,26,27,28,29,30,31,32,33,34,35,36,37,38,39,40,41,42,43,44,45,46,47,48,49], 26[2,3,9,16,22,23,26,27,28,29,30,31,32,33,34,35,36,37,38,39,40,41,42,43,44,45,46,47,48,49], 28[2,3,9,16,22,23,26,27,28,29,30,31,32,33,34,35,36,37,38,39,40,41,42,43,44,45,46,47,48,49], 30[2,3,9,16,22,23,26,27,28,29,30,31,32,33,34,35,36,37,38,39,40,41,42,43,44,45,46,47,48,49]]
   00:00:00:00:00:03    00:00:00:00:00:12  [8[2,3,9,16,23,30,37,44], 10[2,3,9,16,23,29,30,31,36,37,38,43,44], 12[2,3,9,16,23,29,30,31,32,36,37,38,39,44,45,46], 14[2,3,9,16,23,29,30,31,32,33,36,37,38,39,40,43,44,45,46,47], 16[2,3,9,16,23,29,30,31,32,33,34,36,37,38,39,40,41,43,44,45,46,47,48], 18[2,3,9,16,23,26,27,29,30,31,32,33,34,35,36,37,38,39,40,41,42,43,44,45,46,47,48,49], 20[2,3,9,16,23,26,27,28,29,30,31,32,33,34,35,36,37,38,39,40,41,42,43,44,45,46,47,48,49], 22[2,3,9,16,23,26,27,28,29,30,31,32,33,34,35,36,37,38,39,40,41,42,43,44,45,46,47,48,49], 24[2,3,9,16,23,26,27,28,29,30,31,32,33,34,35,36,37,38,39,40,41,42,43,44,45,46,47,48,49], 26[2,3,9,16,23,26,27,28,29,30,31,32,33,34,35,36,37,38,39,40,41,42,43,44,45,46,47,48,49], 28[2,3,9,16,23,26,27,28,29,30,31,32,33,34,35,36,37,38,39,40,41,42,43,44,45,46,47,48,49]]
   00:00:00:00:00:03    00:00:00:00:00:0e  [10[3,4,5,6,11,12,13,20,27,34,41,48], 12[3,4,5,6,13,20,26,27,28,33,34,35,40,41,42,47,48], 14[3,4,5,6,13,20,26,27,28,32,33,34,35,39,40,41,42,46,47,48,49], 16[3,4,5,6,13,20,26,27,28,31,32,33,34,35,38,39,40,41,42,45,46,47,48,49], 18[3,4,5,6,13,20,26,27,28,30,31,32,33,34,35,37,38,39,40,41,42,44,45,46,47,48,49], 20[3,4,5,6,13,20,26,27,28,29,30,31,32,33,34,35,36,37,38,39,40,41,42,43,44,45,46,47,48,49], 22[3,4,5,6,13,20,26,27,28,29,30,31,32,33,34,35,36,37,38,39,40,41,42,43,44,45,46,47,48,49], 24[3,4,5,6,13,20,26,27,28,29,30,31,32,33,34,35,36,37,38,39,40,41,42,43,44,45,46,47,48,49], 26[3,4,5,6,13,20,26,27,28,29,30,31,32,33,34,35,36,37,38,39,40,41,42,43,44,45,46,47,48,49], 28[3,4,5,6,13,20,26,27,28,29,30,31,32,33,34,35,36,37,38,39,40,41,42,43,44,45,46,47,48,49]]
   00:00:00:00:00:03    00:00:00:00:00:0f  [9[3,4,5,11,12,19,26,33,40,47], 11[3,4,5,11,12,19,26,32,33,34,39,40,41,46,47,48], 13[3,4,5,11,12,19,26,31,32,33,34,35,38,39,40,41,42,45,46,47,48,49], 15[3,4,5,11,12,19,26,27,28,30,31,32,33,34,35,37,38,39,40,41,42,44,45,46,47,48,49], 17[3,4,5,11,12,19,26,27,28,29,30,31,32,33,34,35,36,37,38,39,40,41,42,43,44,45,46,47,48,49], 19[3,4,5,11,12,19,26,27,28,29,30,31,32,33,34,35,36,37,38,39,40,41,42,43,44,45,46,47,48,49], 21[3,4,5,11,12,19,26,27,28,29,30,31,32,33,34,35,36,37,38,39,40,41,42,43,44,45,46,47,48,49], 23[3,4,5,11,12,19,26,27,28,29,30,31,32,33,34,35,36,37,38,39,40,41,42,43,44,45,46,47,48,49], 25[3,4,5,11,12,19,26,27,28,29,30,31,32,33,34,35,36,37,38,39,40,41,42,43,44,45,46,47,48,49], 27[3,4,5,11,12,19,26,27,28,29,30,31,32,33,34,35,36,37,38,39,40,41,42,43,44,45,46,47,48,49], 29[3,4,5,11,12,19,26,27,28,29,30,31,32,33,34,35,36,37,38,39,40,41,42,43,44,45,46,47,48,49]]
   00:00:00:00:00:03    00:00:00:00:00:0a  [8[3,4,11,12,13,14,20,21,27,28], 10[3,4,11,12,13,20,27,28,34,35], 12[3,4,11,12,13,20,26,27,28,33,34,35,41,42], 14[3,4,11,12,13,20,26,27,28,33,34,35,40,41,42], 16[3,4,11,12,13,20,26,27,28,32,33,34,35,39,40,41,42,47,48,49], 18[3,4,11,12,13,20,26,27,28,31,32,33,34,35,38,39,40,41,42,46,47,48,49], 20[3,4,11,12,13,20,26,27,28,30,31,32,33,34,35,37,38,39,40,41,42,45,46,47,48,49], 22[3,4,11,12,13,20,26,27,28,29,30,31,32,33,34,35,36,37,38,39,40,41,42,44,45,46,47,48,49], 24[3,4,11,12,13,20,26,27,28,29,30,31,32,33,34,35,36,37,38,39,40,41,42,43,44,45,46,47,48,49], 26[3,4,11,12,13,20,26,27,28,29,30,31,32,33,34,35,36,37,38,39,40,41,42,43,44,45,46,47,48,49], 28[3,4,11,12,13,20,26,27,28,29,30,31,32,33,34,35,36,37,38,39,40,41,42,43,44,45,46,47,48,49], 30[3,4,11,12,13,20,26,27,28,29,30,31,32,33,34,35,36,37,38,39,40,41,42,43,44,45,46,47,48,49]]
   00:00:00:00:00:03    00:00:00:00:00:01  [3[1,2,3], 5[1,2,3,8,9,10], 7[1,2,3,4,8,9,10,11,15,16,17], 9[1,2,3,8,9,15,16,22,23], 11[1,2,3,8,9,15,16,22,23,29,30], 13[1,2,3,8,9,15,16,22,23,29,30,36,37], 15[1,2,3,8,9,15,16,22,23,29,30,31,36,37,38], 17[1,2,3,8,9,15,16,22,23,29,30,31,32,36,37,38,39], 19[1,2,3,8,9,15,16,22,23,29,30,31,32,33,36,37,38,39,40,43,44,45,46], 21[1,2,3,8,9,15,16,22,23,29,30,31,32,33,34,36,37,38,39,40,41,43,44,45,46,47], 23[1,2,3,8,9,15,16,22,23,26,27,29,30,31,32,33,34,35,36,37,38,39,40,41,42,43,44,45,46,47,48], 25[1,2,3,8,9,15,16,22,23,26,27,28,29,30,31,32,33,34,35,36,37,38,39,40,41,42,43,44,45,46,47,48,49], 27[1,2,3,8,9,15,16,22,23,26,27,28,29,30,31,32,33,34,35,36,37,38,39,40,41,42,43,44,45,46,47,48,49], 29[1,2,3,8,9,15,16,22,23,26,27,28,29,30,31,32,33,34,35,36,37,38,39,40,41,42,43,44,45,46,47,48,49], 31[1,2,3,8,9,15,16,22,23,26,27,28,29,30,31,32,33,34,35,36,37,38,39,40,41,42,43,44,45,46,47,48,49], 33[1,2,3,8,9,15,16,22,23,26,27,28,29,30,31,32,33,34,35,36,37,38,39,40,41,42,43,44,45,46,47,48,49]]
   00:00:00:00:00:03    00:00:00:00:00:11  [7[3,10,17,24,31,38,45], 9[3,10,17,24,30,31,32,37,38,39,44,45,46], 11[3,10,17,24,29,30,31,32,33,36,37,38,39,40,43,44,45,46,47], 13[3,10,17,24,29,30,31,32,33,34,36,37,38,39,40,41,43,44,45,46,47,48], 15[3,10,17,24,26,27,29,30,31,32,33,34,35,36,37,38,39,40,41,42,43,44,45,46,47,48,49], 17[3,10,17,24,26,27,28,29,30,31,32,33,34,35,36,37,38,39,40,41,42,43,44,45,46,47,48,49], 19[3,10,17,24,26,27,28,29,30,31,32,33,34,35,36,37,38,39,40,41,42,43,44,45,46,47,48,49], 21[3,10,17,24,26,27,28,29,30,31,32,33,34,35,36,37,38,39,40,41,42,43,44,45,46,47,48,49], 23[3,10,17,24,26,27,28,29,30,31,32,33,34,35,36,37,38,39,40,41,42,43,44,45,46,47,48,49], 25[3,10,17,24,26,27,28,29,30,31,32,33,34,35,36,37,38,39,40,41,42,43,44,45,46,47,48,49], 27[3,10,17,24,26,27,28,29,30,31,32,33,34,35,36,37,38,39,40,41,42,43,44,45,46,47,48,49]]
   00:00:00:00:00:03    00:00:00:00:00:14  [8[1,2,3,8,9,15,22,29,36], 10[1,2,3,8,15,22,29,30,36,37], 12[1,2,3,8,15,22,29,30,31,36,37,38], 14[1,2,3,8,15,22,29,30,31,32,36,37,38,39], 16[1,2,3,8,15,22,29,30,31,32,33,36,37,38,39,40,43,44,45,46], 18[1,2,3,8,15,22,29,30,31,32,33,34,36,37,38,39,40,41,43,44,45,46,47], 20[1,2,3,8,15,22,26,27,29,30,31,32,33,34,35,36,37,38,39,40,41,42,43,44,45,46,47,48], 22[1,2,3,8,15,22,26,27,28,29,30,31,32,33,34,35,36,37,38,39,40,41,42,43,44,45,46,47,48,49], 24[1,2,3,8,15,22,26,27,28,29,30,31,32,33,34,35,36,37,38,39,40,41,42,43,44,45,46,47,48,49], 26[1,2,3,8,15,22,26,27,28,29,30,31,32,33,34,35,36,37,38,39,40,41,42,43,44,45,46,47,48,49], 28[1,2,3,8,15,22,26,27,28,29,30,31,32,33,34,35,36,37,38,39,40,41,42,43,44,45,46,47,48,49], 30[1,2,3,8,15,22,26,27,28,29,30,31,32,33,34,35,36,37,38,39,40,41,42,43,44,45,46,47,48,49]]
   00:00:00:00:00:03    00:00:00:00:00:0c  [10[3,4,11,12,13,14,20,21,27,28,34,35,42], 12[3,4,11,12,13,20,26,27,28,33,34,35,40,41,42], 14[3,4,11,12,13,20,26,27,28,32,33,34,35,39,40,41,42,48,49], 16[3,4,11,12,13,20,26,27,28,31,32,33,34,35,38,39,40,41,42,47,48,49], 18[3,4,11,12,13,20,26,27,28,30,31,32,33,34,35,37,38,39,40,41,42,45,46,47,48,49], 20[3,4,11,12,13,20,26,27,28,29,30,31,32,33,34,35,36,37,38,39,40,41,42,44,45,46,47,48,49], 22[3,4,11,12,13,20,26,27,28,29,30,31,32,33,34,35,36,37,38,39,40,41,42,43,44,45,46,47,48,49], 24[3,4,11,12,13,20,26,27,28,29,30,31,32,33,34,35,36,37,38,39,40,41,42,43,44,45,46,47,48,49], 26[3,4,11,12,13,20,26,27,28,29,30,31,32,33,34,35,36,37,38,39,40,41,42,43,44,45,46,47,48,49], 28[3,4,11,12,13,20,26,27,28,29,30,31,32,33,34,35,36,37,38,39,40,41,42,43,44,45,46,47,48,49]]
   00:00:00:00:00:03    00:00:00:00:00:10  [8[3,4,10,11,17,18,25,32,39,46], 10[3,4,10,11,17,18,25,31,32,33,38,39,40,45,46,47], 12[3,4,10,11,17,18,25,30,31,32,33,34,37,38,39,40,41,44,45,46,47,48], 14[3,4,10,11,17,18,25,26,27,29,30,31,32,33,34,35,36,37,38,39,40,41,42,43,44,45,46,47,48,49], 16[3,4,10,11,17,18,25,26,27,28,29,30,31,32,33,34,35,36,37,38,39,40,41,42,43,44,45,46,47,48,49], 18[3,4,10,11,17,18,25,26,27,28,29,30,31,32,33,34,35,36,37,38,39,40,41,42,43,44,45,46,47,48,49], 20[3,4,10,11,17,18,25,26,27,28,29,30,31,32,33,34,35,36,37,38,39,40,41,42,43,44,45,46,47,48,49], 22[3,4,10,11,17,18,25,26,27,28,29,30,31,32,33,34,35,36,37,38,39,40,41,42,43,44,45,46,47,48,49], 24[3,4,10,11,17,18,25,26,27,28,29,30,31,32,33,34,35,36,37,38,39,40,41,42,43,44,45,46,47,48,49], 26[3,4,10,11,17,18,25,26,27,28,29,30,31,32,33,34,35,36,37,38,39,40,41,42,43,44,45,46,47,48,49], 28[3,4,11,18,25,26,27,28,29,30,31,32,33,34,35,36,37,38,39,40,41,42,43,44,45,46,47,48,49]]
   00:00:00:00:00:03    00:00:00:00:00:13  [9[1,2,3,8,9,15,22,29,36,43], 11[1,2,3,8,15,22,29,30,36,37,43], 13[1,2,3,8,15,22,29,30,31,36,37,38,43], 15[1,2,3,8,15,22,29,30,31,32,36,37,38,39,43,44,45,46], 17[1,2,3,8,15,22,29,30,31,32,33,36,37,38,39,40,43,44,45,46,47], 19[1,2,3,8,15,22,29,30,31,32,33,34,36,37,38,39,40,41,43,44,45,46,47,48], 21[1,2,3,8,15,22,26,27,29,30,31,32,33,34,35,36,37,38,39,40,41,42,43,44,45,46,47,48,49], 23[1,2,3,8,15,22,26,27,28,29,30,31,32,33,34,35,36,37,38,39,40,41,42,43,44,45,46,47,48,49], 25[1,2,3,8,15,22,26,27,28,29,30,31,32,33,34,35,36,37,38,39,40,41,42,43,44,45,46,47,48,49], 27[1,2,3,8,15,22,26,27,28,29,30,31,32,33,34,35,36,37,38,39,40,41,42,43,44,45,46,47,48,49], 29[1,2,3,8,15,22,26,27,28,29,30,31,32,33,34,35,36,37,38,39,40,41,42,43,44,45,46,47,48,49]]
   00:00:00:00:00:07    00:00:00:00:00:05  [3[5,6,7], 5[5,6,7,12,13,14], 7[4,5,6,7,11,12,13,14,19,20,21], 9[5,6,7,12,13,14,19,20,21,26,27,28], 11[4,5,6,7,11,12,13,14,18,19,20,21,25,26,27,28,33,34,35], 13[4,5,6,7,11,12,13,14,18,19,20,21,25,26,27,28,32,33,34,35,40,41,42], 15[4,5,6,7,11,12,13,14,18,19,20,21,25,26,27,28,32,33,34,35,39,40,41,42,47,48,49], 17[4,5,6,7,11,12,13,14,18,19,20,21,25,26,27,28,32,33,34,35,39,40,41,42,46,47,48,49], 19[4,5,6,7,11,12,13,14,18,19,20,21,25,26,27,28,32,33,34,35,39,40,41,42,46,47,48,49], 21[4,5,7,11,12,14,18,19,21,25,26,27,28,32,33,34,35,39,40,41,42,46,47,48,49], 23[4,5,7,11,12,14,18,19,21,25,26,27,28,32,33,34,35,39,40,41,42,46,47,48,49]]
   00:00:00:00:00:07    00:00:00:00:00:15  [11[6,7,11,12,13,16,17,18,22,23,29,30], 13[6,7,11,12,13,16,17,18,23,29,30,36,37], 15[6,7,11,12,13,16,17,18,23,29,30,31,36,37,38], 17[6,7,11,12,13,16,17,18,23,29,30,31,32,36,37,38,39], 19[6,7,11,12,13,16,17,18,23,29,30,31,32,33,36,37,38,39,40,43,44,45,46], 21[6,7,11,12,13,16,17,18,23,29,30,31,32,33,34,36,37,38,39,40,41,43,44,45,46,47], 23[6,7,11,12,13,16,17,18,23,26,27,29,30,31,32,33,34,35,36,37,38,39,40,41,42,43,44,45,46,47,48], 25[6,7,11,12,13,16,17,18,23,26,27,28,29,30,31,32,33,34,35,36,37,38,39,40,41,42,43,44,45,46,47,48,49], 27[6,7,11,12,13,16,17,18,23,26,27,28,29,30,31,32,33,34,35,36,37,38,39,40,41,42,43,44,45,46,47,48,49], 29[6,7,11,12,13,16,17,18,23,26,27,28,29,30,31,32,33,34,35,36,37,38,39,40,41,42,43,44,45,46,47,48,49], 31[6,7,11,12,13,16,17,18,23,26,27,28,29,30,31,32,33,34,35,36,37,38,39,40,41,42,43,44,45,46,47,48,49], 33[6,7,11,12,13,16,17,18,23,26,27,28,29,30,31,32,33,34,35,36,37,38,39,40,41,42,43,44,45,46,47,48,49]]
   00:00:00:00:00:07    00:00:00:00:00:09  [3[7,14,21], 5[7,13,14,20,21], 7[7,13,14,20,21,27,28], 9[7,13,14,20,21,27,28,34,35], 11[7,13,14,20,21,26,27,28,33,34,35,41,42], 13[7,13,14,20,21,26,27,28,33,34,35,40,41,42], 15[7,13,14,20,21,26,27,28,32,33,34,35,39,40,41,42,47,48,49], 17[7,13,14,20,21,26,27,28,31,32,33,34,35,38,39,40,41,42,46,47,48,49], 19[7,13,14,20,21,26,27,28,30,31,32,33,34,35,37,38,39,40,41,42,45,46,47,48,49], 21[7,13,14,20,21,26,27,28,29,30,31,32,33,34,35,36,37,38,39,40,41,42,44,45,46,47,48,49], 23[7,13,14,20,21,26,27,28,29,30,31,32,33,34,35,36,37,38,39,40,41,42,43,44,45,46,47,48,49], 25[7,13,14,20,21,26,27,28,29,30,31,32,33,34,35,36,37,38,39,40,41,42,43,44,45,46,47,48,49], 27[7,13,14,20,21,26,27,28,29,30,31,32,33,34,35,36,37,38,39,40,41,42,43,44,45,46,47,48,49], 29[7,13,14,20,21,26,27,28,29,30,31,32,33,34,35,36,37,38,39,40,41,42,43,44,45,46,47,48,49]]
   00:00:00:00:00:07    00:00:00:00:00:08  [2[7,14], 4[6,7,13,14], 6[6,7,13,14,20,21], 8[6,7,13,14,20,21,27,28], 10[6,7,13,14,20,21,27,28,34,35], 12[6,7,13,14,20,21,26,27,28,33,34,35,41,42], 14[6,7,13,14,20,21,26,27,28,33,34,35,40,41,42], 16[6,7,13,14,20,21,26,27,28,32,33,34,35,39,40,41,42,47,48,49], 18[6,7,13,14,20,21,26,27,28,31,32,33,34,35,38,39,40,41,42,46,47,48,49], 20[6,7,13,14,20,21,26,27,28,30,31,32,33,34,35,37,38,39,40,41,42,45,46,47,48,49], 22[6,7,13,14,20,21,26,27,28,29,30,31,32,33,34,35,36,37,38,39,40,41,42,44,45,46,47,48,49], 24[6,7,13,14,20,21,26,27,28,29,30,31,32,33,34,35,36,37,38,39,40,41,42,43,44,45,46,47,48,49], 26[6,7,13,14,20,21,26,27,28,29,30,31,32,33,34,35,36,37,38,39,40,41,42,43,44,45,46,47,48,49], 28[6,7,13,14,20,21,26,27,28,29,30,31,32,33,34,35,36,37,38,39,40,41,42,43,44,45,46,47,48,49], 30[6,7,13,14,20,21,26,27,28,29,30,31,32,33,34,35,36,37,38,39,40,41,42,43,44,45,46,47,48,49]]
   00:00:00:00:00:07    00:00:00:00:00:0d  [7[7,14,21,28,35,42,49], 9[7,14,21,27,28,34,35,41,42,49], 11[7,14,21,26,27,28,33,34,35,40,41,42,47,48,49], 13[7,14,21,26,27,28,32,33,34,35,39,40,41,42,46,47,48,49], 15[7,14,21,26,27,28,31,32,33,34,35,38,39,40,41,42,45,46,47,48,49], 17[7,14,21,26,27,28,30,31,32,33,34,35,37,38,39,40,41,42,44,45,46,47,48,49], 19[7,14,21,26,27,28,29,30,31,32,33,34,35,36,37,38,39,40,41,42,43,44,45,46,47,48,49], 21[7,14,21,26,27,28,29,30,31,32,33,34,35,36,37,38,39,40,41,42,43,44,45,46,47,48,49], 23[7,14,21,26,27,28,29,30,31,32,33,34,35,36,37,38,39,40,41,42,43,44,45,46,47,48,49], 25[7,14,21,26,27,28,29,30,31,32,33,34,35,36,37,38,39,40,41,42,43,44,45,46,47,48,49], 27[7,14,21,26,27,28,29,30,31,32,33,34,35,36,37,38,39,40,41,42,43,44,45,46,47,48,49]]
   00:00:00:00:00:07    00:00:00:00:00:04  [4[4,5,6,7], 6[4,5,6,7,11,12,13,14], 8[4,5,6,7,11,12,13,14,18,19,20,21], 10[4,5,7,11,12,14,18,19,20,21,25,26,27,28], 12[4,5,7,11,12,14,18,19,20,21,25,26,27,28,32,33,34], 14[3,4,5,7,10,11,12,14,17,18,19,20,21,24,25,26,27,28,31,32,33,34,35,39,40,41], 16[3,4,5,7,10,11,12,14,17,18,19,20,21,24,25,26,27,28,31,32,33,34,35,38,39,40,41,42,46,47,48], 18[3,4,5,7,10,11,12,14,17,18,19,20,21,24,25,26,27,28,31,32,33,34,35,38,39,40,41,42,45,46,47,48,49], 20[3,4,5,7,10,11,12,14,17,18,19,20,21,24,25,26,27,28,31,32,33,34,35,38,39,40,41,42,45,46,47,48,49], 22[3,4,7,10,11,14,17,18,20,21,24,25,26,27,28,31,32,33,34,35,38,39,40,41,42,45,46,47,48,49], 24[3,4,7,10,11,14,17,18,21,24,25,26,27,28,31,32,33,34,35,38,39,40,41,42,45,46,47,48,49], 26[3,4,7,10,11,14,17,18,21,24,25,26,27,28,31,32,33,34,35,38,39,40,41,42,45,46,47,48,49]]
   00:00:00:00:00:07    00:00:00:00:00:02  [6[2,3,4,5,6,7], 8[2,3,4,5,6,7,9,10,11,12,13,14], 10[2,3,4,5,6,7,9,10,11,12,13,14,16,17,18,19,20,21], 12[2,7,9,14,16,17,18,19,20,21,23,24,25,26,27], 14[2,3,7,9,10,14,16,17,20,21,23,24,25,26,27,30,31,32], 16[1,2,7,8,9,14,15,16,20,21,22,23,24,25,26,27,29,30,31,32,37,38,39], 18[1,2,7,8,9,14,15,16,20,21,22,23,24,25,26,27,29,30,31,32,33,36,37,38,39,40,44,45], 20[1,2,7,8,9,14,15,16,20,21,22,23,24,25,26,27,29,30,31,32,33,34,36,37,38,39,40,41,43,44,45,46], 22[1,2,3,7,8,9,10,14,15,16,17,20,21,22,23,24,25,26,27,29,30,31,32,33,34,35,36,37,38,39,40,41,42,43,44,45,46,47], 24[1,2,3,7,8,9,10,14,15,16,17,20,21,22,23,24,25,26,27,29,30,31,32,33,34,35,36,37,38,39,40,41,42,43,44,45,46,47,48], 26[1,2,3,7,8,9,10,14,15,16,17,20,21,22,23,24,25,26,27,29,30,31,32,33,34,35,36,37,38,39,40,41,42,43,44,45,46,47,48,49], 28[1,2,3,7,8,9,10,14,15,16,17,20,21,22,23,24,25,26,27,29,30,31,32,33,34,35,36,37,38,39,40,41,42,43,44,45,46,47,48,49], 30[1,2,3,7,8,9,10,14,15,16,17,20,21,22,23,24,25,26,27,29,30,31,32,33,34,35,36,37,38,39,40,41,42,43,44,45,46,47,48,49], 32[1,2,7,8,9,14,15,16,20,21,22,23,25,26,27,29,30,31,32,33,34,35,36,37,38,39,40,41,42,43,44,45,46,47,48,49]]
   00:00:00:00:00:07    00:00:00:00:00:0b  [5[7,14,21,28,35], 7[7,14,21,27,28,34,35], 9[7,14,21,26,27,28,33,34,35,41,42], 11[7,14,21,26,27,28,33,34,35,40,41,42], 13[7,14,21,26,27,28,32,33,34,35,39,40,41,42,47,48,49], 15[7,14,21,26,27,28,31,32,33,34,35,38,39,40,41,42,46,47,48,49], 17[7,14,21,26,27,28,30,31,32,33,34,35,37,38,39,40,41,42,45,46,47,48,49], 19[7,14,21,26,27,28,29,30,31,32,33,34,35,36,37,38,39,40,41,42,44,45,46,47,48,49], 21[7,14,21,26,27,28,29,30,31,32,33,34,35,36,37,38,39,40,41,42,43,44,45,46,47,48,49], 23[7,14,21,26,27,28,29,30,31,32,33,34,35,36,37,38,39,40,41,42,43,44,45,46,47,48,49], 25[7,14,21,26,27,28,29,30,31,32,33,34,35,36,37,38,39,40,41,42,43,44,45,46,47,48,49], 27[7,14,21,26,27,28,29,30,31,32,33,34,35,36,37,38,39,40,41,42,43,44,45,46,47,48,49]]
   00:00:00:00:00:07    00:00:00:00:00:17  [9[1,2,3,4,5,6,7,8,9,10,11,12,13,15,16,17,18,19,20], 11[6,7,13,15,16,17,18,19,20,22,23,24,25,26,27], 13[6,7,13,15,16,20,22,23,24,25,26,27,29,30,31], 15[6,7,13,15,16,20,22,23,24,25,26,27,29,30,31,36,37,38], 17[6,7,13,15,16,20,22,23,24,25,26,27,29,30,31,32,36,37,38,39,43,44], 19[6,7,13,15,16,20,22,23,24,25,26,27,29,30,31,32,33,36,37,38,39,40,43,44,45], 21[6,7,13,15,16,20,22,23,24,25,26,27,29,30,31,32,33,34,36,37,38,39,40,41,43,44,45,46], 23[6,7,13,15,16,20,22,23,24,25,26,27,29,30,31,32,33,34,35,36,37,38,39,40,41,42,43,44,45,46,47], 25[6,7,13,15,16,20,22,23,24,25,26,27,29,30,31,32,33,34,35,36,37,38,39,40,41,42,43,44,45,46,47,48], 27[6,7,13,15,16,20,22,23,24,25,26,27,29,30,31,32,33,34,35,36,37,38,39,40,41,42,43,44,45,46,47,48,49], 29[6,7,13,15,16,20,22,23,24,25,26,27,29,30,31,32,33,34,35,36,37,38,39,40,41,42,43,44,45,46,47,48,49], 31[6,7,13,15,16,20,22,23,24,25,26,27,29,30,31,32,33,34,35,36,37,38,39,40,41,42,43,44,45,46,47,48,49]]
   00:00:00:00:00:07    00:00:00:00:00:03  [5[3,4,5,6,7], 7[3,4,5,6,7,10,11,12,13,14], 9[3,4,5,6,7,10,11,12,13,14,17,18,19,20,21], 11[3,4,7,10,11,14,17,18,19,20,21,24,25,26,27], 13[3,4,7,10,11,14,17,18,20,21,24,25,26,27,31,32,33], 15[2,3,7,9,10,14,16,17,20,21,23,24,25,26,27,30,31,32,33,38,39,40], 17[2,3,7,9,10,14,16,17,20,21,23,24,25,26,27,30,31,32,33,34,37,38,39,40,41,45,46], 19[2,3,4,7,9,10,11,14,16,17,18,20,21,23,24,25,26,27,30,31,32,33,34,35,37,38,39,40,41,42,44,45,46,47], 21[2,3,4,7,9,10,11,14,16,17,18,20,21,23,24,25,26,27,30,31,32,33,34,35,37,38,39,40,41,42,44,45,46,47,48], 23[2,3,4,7,9,10,11,14,16,17,18,20,21,23,24,25,26,27,30,31,32,33,34,35,37,38,39,40,41,42,44,45,46,47,48,49], 25[2,3,4,7,9,10,11,14,16,17,18,20,21,23,24,25,26,27,30,31,32,33,34,35,37,38,39,40,41,42,44,45,46,47,48,49], 27[2,3,4,7,9,10,11,14,16,17,18,20,21,23,24,25,26,27,30,31,32,33,34,35,37,38,39,40,41,42,44,45,46,47,48,49], 29[2,3,7,9,10,14,16,17,20,21,23,24,26,27,30,31,32,33,34,35,37,38,39,40,41,42,44,45,46,47,48,49]]
   00:00:00:00:00:07    00:00:00:00:00:18  [8[1,2,3,4,5,6,7,8,9,10,11,12,13,14], 10[1,2,3,4,5,6,7,8,9,10,11,12,13,14,15,16,17,18,19,20,21], 12[7,8,9,10,11,12,14,15,16,17,18,19,20,21,22,23,24,25,26,27], 14[7,8,9,10,14,15,16,17,20,21,22,23,24,25,26,27,29,30,31,32], 16[7,8,9,14,15,16,20,21,22,23,24,25,26,27,29,30,31,32,36,37,38,39], 18[7,8,9,14,15,16,20,21,22,23,24,25,26,27,29,30,31,32,33,36,37,38,39,40,43,44,45], 20[7,8,9,14,15,16,20,21,22,23,24,25,26,27,29,30,31,32,33,34,36,37,38,39,40,41,43,44,45,46], 22[7,8,9,10,14,15,16,17,20,21,22,23,24,25,26,27,29,30,31,32,33,34,35,36,37,38,39,40,41,42,43,44,45,46,47], 24[7,8,9,10,14,15,16,17,20,21,22,23,24,25,26,27,29,30,31,32,33,34,35,36,37,38,39,40,41,42,43,44,45,46,47,48], 26[7,8,9,14,15,16,20,21,22,23,24,25,26,27,29,30,31,32,33,34,35,36,37,38,39,40,41,42,43,44,45,46,47,48,49], 28[7,8,9,14,15,16,20,21,22,23,24,25,26,27,29,30,31,32,33,34,35,36,37,38,39,40,41,42,43,44,45,46,47,48,49], 30[7,8,9,14,15,16,20,21,22,23,24,25,26,27,29,30,31,32,33,34,35,36,37,38,39,40,41,42,43,44,45,46,47,48,49], 32[7,8,9,14,15,16,20,21,22,23,24,25,26,27,29,30,31,32,33,34,35,36,37,38,39,40,41,42,43,44,45,46,47,48,49]]
   00:00:00:00:00:07    00:00:00:00:00:06  [2[6,7], 4[6,7,13,14], 6[5,6,7,12,13,14,20,21], 8[4,5,6,7,11,12,13,14,19,20,21,27,28], 10[5,6,7,12,13,14,19,20,21,26,27,28,34,35], 12[4,5,6,7,11,12,13,14,18,19,20,21,25,26,27,28,33,34,35,41,42], 14[4,5,6,7,11,12,13,14,18,19,20,21,25,26,27,28,32,33,34,35,40,41,42,48,49], 16[4,5,6,7,11,12,13,14,18,19,20,21,25,26,27,28,32,33,34,35,39,40,41,42,47,48,49], 18[4,5,6,7,11,12,13,14,18,19,20,21,25,26,27,28,32,33,34,35,39,40,41,42,46,47,48,49], 20[4,5,6,7,11,12,13,14,18,19,20,21,25,26,27,28,32,33,34,35,39,40,41,42,46,47,48,49], 22[4,5,6,7,11,12,13,14,18,19,20,21,25,26,27,28,32,33,34,35,39,40,41,42,46,47,48,49], 24[4,5,6,7,11,12,13,14,18,19,20,21,25,26,27,28,32,33,34,35,39,40,41,42,46,47,48,49]]
   00:00:00:00:00:07    00:00:00:00:00:16  [10[1,2,3,4,5,6,7,8,9,11,12,13,15,16,17,18,22,23], 12[2,3,4,5,6,7,9,16,22,23,29,30], 14[2,3,4,5,6,7,9,16,22,23,29,30,36,37], 16[2,3,4,5,6,7,9,16,22,23,29,30,31,36,37,38], 18[2,3,4,5,6,7,9,16,22,23,29,30,31,32,36,37,38,39], 20[2,3,4,5,6,7,9,16,22,23,29,30,31,32,33,36,37,38,39,40,43,44,45,46], 22[2,3,4,5,6,7,9,16,22,23,29,30,31,32,33,34,36,37,38,39,40,41,43,44,45,46,47], 24[2,3,4,5,6,7,9,16,22,23,26,27,29,30,31,32,33,34,35,36,37,38,39,40,41,42,43,44,45,46,47,48], 26[2,3,4,5,6,7,9,16,22,23,26,27,28,29,30,31,32,33,34,35,36,37,38,39,40,41,42,43,44,45,46,47,48,49], 28[2,3,4,5,6,7,9,16,22,23,26,27,28,29,30,31,32,33,34,35,36,37,38,39,40,41,42,43,44,45,46,47,48,49], 30[2,3,4,5,6,7,9,16,22,23,26,27,28,29,30,31,32,33,34,35,36,37,38,39,40,41,42,43,44,45,46,47,48,49], 32[2,3,4,5,6,7,9,16,22,23,26,27,28,29,30,31,32,33,34,35,36,37,38,39,40,41,42,43,44,45,46,47,48,49], 34[2,3,4,5,6,7,9,16,22,23,26,27,28,29,30,31,32,33,34,35,36,37,38,39,40,41,42,43,44,45,46,47,48,49]]
   00:00:00:00:00:07    00:00:00:00:00:12  [12[2,3,4,5,6,7,9,11,12,13,16,17,18,23,30,37,44], 14[2,3,4,5,6,7,9,16,23,29,30,31,36,37,38,43,44], 16[2,3,4,5,6,7,9,16,23,29,30,31,32,36,37,38,39,44,45,46], 18[2,3,4,5,6,7,9,16,23,29,30,31,32,33,36,37,38,39,40,43,44,45,46,47], 20[2,3,4,5,6,7,9,16,23,29,30,31,32,33,34,36,37,38,39,40,41,43,44,45,46,47,48], 22[2,3,4,5,6,7,9,16,23,26,27,29,30,31,32,33,34,35,36,37,38,39,40,41,42,43,44,45,46,47,48,49], 24[2,3,4,5,6,7,9,16,23,26,27,28,29,30,31,32,33,34,35,36,37,38,39,40,41,42,43,44,45,46,47,48,49], 26[2,3,4,5,6,7,9,16,23,26,27,28,29,30,31,32,33,34,35,36,37,38,39,40,41,42,43,44,45,46,47,48,49], 28[2,3,4,5,6,7,9,16,23,26,27,28,29,30,31,32,33,34,35,36,37,38,39,40,41,42,43,44,45,46,47,48,49], 30[2,3,4,5,6,7,9,16,23,26,27,28,29,30,31,32,33,34,35,36,37,38,39,40,41,42,43,44,45,46,47,48,49], 32[2,3,4,5,6,7,9,16,23,26,27,28,29,30,31,32,33,34,35,36,37,38,39,40,41,42,43,44,45,46,47,48,49]]
   00:00:00:00:00:07    00:00:00:00:00:0e  [8[6,7,13,20,27,34,41,48], 10[6,7,13,20,26,27,28,33,34,35,40,41,42,47,48], 12[6,7,13,20,26,27,28,32,33,34,35,39,40,41,42,46,47,48,49], 14[6,7,13,20,26,27,28,31,32,33,34,35,38,39,40,41,42,45,46,47,48,49], 16[6,7,13,20,26,27,28,30,31,32,33,34,35,37,38,39,40,41,42,44,45,46,47,48,49], 18[6,7,13,20,26,27,28,29,30,31,32,33,34,35,36,37,38,39,40,41,42,43,44,45,46,47,48,49], 20[6,7,13,20,26,27,28,29,30,31,32,33,34,35,36,37,38,39,40,41,42,43,44,45,46,47,48,49], 22[6,7,13,20,26,27,28,29,30,31,32,33,34,35,36,37,38,39,40,41,42,43,44,45,46,47,48,49], 24[6,7,13,20,26,27,28,29,30,31,32,33,34,35,36,37,38,39,40,41,42,43,44,45,46,47,48,49], 26[6,7,13,20,26,27,28,29,30,31,32,33,34,35,36,37,38,39,40,41,42,43,44,45,46,47,48,49]]
   00:00:00:00:00:07    00:00:00:00:00:0f  [9[5,6,7,12,13,19,26,33,40,47], 11[5,6,7,12,13,19,26,32,33,34,39,40,41,46,47,48], 13[5,6,7,12,13,19,26,31,32,33,34,35,38,39,40,41,42,45,46,47,48,49], 15[5,6,7,12,13,19,26,27,28,30,31,32,33,34,35,37,38,39,40,41,42,44,45,46,47,48,49], 17[5,6,7,12,13,19,26,27,28,29,30,31,32,33,34,35,36,37,38,39,40,41,42,43,44,45,46,47,48,49], 19[5,6,7,12,13,19,26,27,28,29,30,31,32,33,34,35,36,37,38,39,40,41,42,43,44,45,46,47,48,49], 21[5,6,7,12,13,19,26,27,28,29,30,31,32,33,34,35,36,37,38,39,40,41,42,43,44,45,46,47,48,49], 23[5,6,7,12,13,19,26,27,28,29,30,31,32,33,34,35,36,37,38,39,40,41,42,43,44,45,46,47,48,49], 25[5,6,7,12,13,19,26,27,28,29,30,31,32,33,34,35,36,37,38,39,40,41,42,43,44,45,46,47,48,49], 27[5,6,7,12,13,19,26,27,28,29,30,31,32,33,34,35,36,37,38,39,40,41,42,43,44,45,46,47,48,49], 29[5,6,7,12,13,19,26,27,28,29,30,31,32,33,34,35,36,37,38,39,40,41,42,43,44,45,46,47,48,49]]
   00:00:00:00:00:07    00:00:00:00:00:0a  [4[7,14,21,28], 6[7,14,20,21,27,28], 8[7,14,20,21,27,28,34,35], 10[7,14,20,21,26,27,28,33,34,35,41,42], 12[7,14,20,21,26,27,28,33,34,35,40,41,42], 14[7,14,20,21,26,27,28,32,33,34,35,39,40,41,42,47,48,49], 16[7,14,20,21,26,27,28,31,32,33,34,35,38,39,40,41,42,46,47,48,49], 18[7,14,20,21,26,27,28,30,31,32,33,34,35,37,38,39,40,41,42,45,46,47,48,49], 20[7,14,20,21,26,27,28,29,30,31,32,33,34,35,36,37,38,39,40,41,42,44,45,46,47,48,49], 22[7,14,20,21,26,27,28,29,30,31,32,33,34,35,36,37,38,39,40,41,42,43,44,45,46,47,48,49], 24[7,14,20,21,26,27,28,29,30,31,32,33,34,35,36,37,38,39,40,41,42,43,44,45,46,47,48,49], 26[7,14,20,21,26,27,28,29,30,31,32,33,34,35,36,37,38,39,40,41,42,43,44,45,46,47,48,49], 28[7,14,20,21,26,27,28,29,30,31,32,33,34,35,36,37,38,39,40,41,42,43,44,45,46,47,48,49]]
   00:00:00:00:00:07    00:00:00:00:00:01  [7[1,2,3,4,5,6,7], 9[1,2,3,4,5,6,7,8,9,10,11,12,13,14], 11[1,2,3,4,5,6,7,8,9,10,11,12,13,14,15,16,17,18,19,20,21], 13[1,7,8,9,14,15,16,17,18,19,20,21,22,23,24,25,26,27], 15[1,2,3,7,8,9,10,14,15,16,17,20,21,22,23,24,25,26,27,29,30,31,32], 17[1,2,7,8,9,14,15,16,20,21,22,23,24,25,26,27,29,30,31,32,36,37,38], 19[1,2,7,8,9,14,15,16,20,21,22,23,24,25,26,27,29,30,31,32,36,37,38,43,44,45], 21[1,2,7,8,9,14,15,16,20,21,22,23,24,25,26,27,29,30,31,32,36,37,38,39,43,44,45,46], 23[1,2,7,8,9,14,15,16,20,21,22,23,24,25,26,27,29,30,31,32,36,37,38,39,40,43,44,45,46,47], 25[1,2,7,8,9,14,15,16,20,21,22,23,24,25,26,27,29,30,31,32,36,37,38,39,40,41,43,44,45,46,47,48], 27[1,2,7,8,9,14,15,16,20,21,22,23,24,25,26,27,29,30,31,32,33,34,36,37,38,39,40,41,42,43,44,45,46,47,48,49], 29[1,2,7,8,9,14,15,16,20,21,22,23,24,25,26,27,29,30,31,32,33,34,35,36,37,38,39,40,41,42,43,44,45,46,47,48,49], 31[1,2,7,8,9,14,15,16,20,21,22,23,24,25,26,27,29,30,31,32,33,34,35,36,37,38,39,40,41,42,43,44,45,46,47,48,49], 33[1,2,7,8,9,14,15,16,20,21,22,23,24,25,26,27,29,30,31,32,33,34,35,36,37,38,39,40,41,42,43,44,45,46,47,48,49]]
   00:00:00:00:00:07    00:00:00:00:00:11  [11[3,4,5,6,7,10,11,12,13,17,18,24,31,38,45], 13[3,4,5,6,7,10,17,24,30,31,32,37,38,39,44,45,46], 15[3,4,5,6,7,10,17,24,29,30,31,32,33,36,37,38,39,40,43,44,45,46,47], 17[3,4,5,6,7,10,17,24,29,30,31,32,33,34,36,37,38,39,40,41,43,44,45,46,47,48], 19[3,4,5,6,7,10,17,24,26,27,29,30,31,32,33,34,35,36,37,38,39,40,41,42,43,44,45,46,47,48,49], 21[3,4,5,6,7,10,17,24,26,27,28,29,30,31,32,33,34,35,36,37,38,39,40,41,42,43,44,45,46,47,48,49], 23[3,4,5,6,7,10,17,24,26,27,28,29,30,31,32,33,34,35,36,37,38,39,40,41,42,43,44,45,46,47,48,49], 25[3,4,5,6,7,10,17,24,26,27,28,29,30,31,32,33,34,35,36,37,38,39,40,41,42,43,44,45,46,47,48,49], 27[3,4,5,6,7,10,17,24,26,27,28,29,30,31,32,33,34,35,36,37,38,39,40,41,42,43,44,45,46,47,48,49], 29[3,4,5,6,7,10,17,24,26,27,28,29,30,31,32,33,34,35,36,37,38,39,40,41,42,43,44,45,46,47,48,49], 31[3,4,5,6,7,10,17,24,26,27,28,29,30,31,32,33,34,35,36,37,38,39,40,41,42,43,44,45,46,47,48,49]]
   00:00:00:00:00:07    00:00:00:00:00:14  [12[6,7,11,12,13,16,17,18,22,23,29,30,36,37], 14[6,7,11,12,13,16,17,18,23,30,31,36,37,38], 16[6,7,11,12,13,16,17,18,23,30,31,32,36,37,38,39], 18[6,7,11,12,13,16,17,18,23,30,31,32,33,36,37,38,39,40,43,44,45,46], 20[6,7,11,12,13,16,17,18,23,30,31,32,33,34,36,37,38,39,40,41,43,44,45,46,47], 22[6,7,11,12,13,16,17,18,23,26,27,30,31,32,33,34,35,36,37,38,39,40,41,42,43,44,45,46,47,48], 24[6,7,11,12,13,16,17,18,23,26,27,28,30,31,32,33,34,35,36,37,38,39,40,41,42,43,44,45,46,47,48,49], 26[6,7,11,12,13,16,17,18,23,26,27,28,30,31,32,33,34,35,36,37,38,39,40,41,42,43,44,45,46,47,48,49], 28[6,7,11,12,13,16,17,18,23,26,27,28,30,31,32,33,34,35,36,37,38,39,40,41,42,43,44,45,46,47,48,49], 30[6,7,11,12,13,16,17,18,23,26,27,28,30,31,32,33,34,35,36,37,38,39,40,41,42,43,44,45,46,47,48,49], 32[6,7,11,12,13,16,17,18,23,26,27,28,30,31,32,33,34,35,36,37,38,39,40,41,42,43,44,45,46,47,48,49]]
   00:00:00:00:00:07    00:00:00:00:00:0c  [6[7,14,21,28,35,42], 8[7,14,21,27,28,34,35,41,42], 10[7,14,21,26,27,28,33,34,35,40,41,42], 12[7,14,21,26,27,28,32,33,34,35,39,40,41,42,47,48,49], 14[7,14,21,26,27,28,31,32,33,34,35,38,39,40,41,42,46,47,48,49], 16[7,14,21,26,27,28,30,31,32,33,34,35,37,38,39,40,41,42,45,46,47,48,49], 18[7,14,21,26,27,28,29,30,31,32,33,34,35,36,37,38,39,40,41,42,44,45,46,47,48,49], 20[7,14,21,26,27,28,29,30,31,32,33,34,35,36,37,38,39,40,41,42,43,44,45,46,47,48,49], 22[7,14,21,26,27,28,29,30,31,32,33,34,35,36,37,38,39,40,41,42,43,44,45,46,47,48,49], 24[7,14,21,26,27,28,29,30,31,32,33,34,35,36,37,38,39,40,41,42,43,44,45,46,47,48,49], 26[7,14,21,26,27,28,29,30,31,32,33,34,35,36,37,38,39,40,41,42,43,44,45,46,47,48,49]]
   00:00:00:00:00:07    00:00:00:00:00:10  [10[4,5,6,7,11,12,13,18,25,32,39,46], 12[4,5,6,7,11,12,18,25,31,32,33,38,39,40,45,46,47], 14[4,5,6,7,11,12,18,25,30,31,32,33,34,37,38,39,40,41,44,45,46,47,48], 16[4,5,6,7,11,12,18,25,26,27,29,30,31,32,33,34,35,36,37,38,39,40,41,42,43,44,45,46,47,48,49], 18[4,5,6,7,11,12,18,25,26,27,28,29,30,31,32,33,34,35,36,37,38,39,40,41,42,43,44,45,46,47,48,49], 20[4,5,6,7,11,12,18,25,26,27,28,29,30,31,32,33,34,35,36,37,38,39,40,41,42,43,44,45,46,47,48,49], 22[4,5,6,7,11,12,18,25,26,27,28,29,30,31,32,33,34,35,36,37,38,39,40,41,42,43,44,45,46,47,48,49], 24[4,5,6,7,11,12,18,25,26,27,28,29,30,31,32,33,34,35,36,37,38,39,40,41,42,43,44,45,46,47,48,49], 26[4,5,6,7,11,12,18,25,26,27,28,29,30,31,32,33,34,35,36,37,38,39,40,41,42,43,44,45,46,47,48,49], 28[4,5,6,7,11,12,18,25,26,27,28,29,30,31,32,33,34,35,36,37,38,39,40,41,42,43,44,45,46,47,48,49], 30[4,5,6,7,11,18,25,26,27,28,29,30,31,32,33,34,35,36,37,38,39,40,41,42,43,44,45,46,47,48,49]]
   00:00:00:00:00:07    00:00:00:00:00:13  [13[6,7,11,12,13,16,17,18,22,23,29,30,36,37,43], 15[6,7,11,12,13,16,17,18,23,29,30,31,36,37,38,43,44], 17[6,7,11,12,13,16,17,18,23,29,30,31,32,36,37,38,39,43,44,45], 19[6,7,11,12,13,16,17,18,23,29,30,31,32,33,36,37,38,39,40,43,44,45,46], 21[6,7,11,12,13,16,17,18,23,29,30,31,32,33,34,36,37,38,39,40,41,43,44,45,46,47], 23[6,7,11,12,13,16,17,18,23,26,27,29,30,31,32,33,34,35,36,37,38,39,40,41,42,43,44,45,46,47,48,49], 25[6,7,11,12,13,16,17,18,23,26,27,28,29,30,31,32,33,34,35,36,37,38,39,40,41,42,43,44,45,46,47,48,49], 27[6,7,11,12,13,16,17,18,23,26,27,28,29,30,31,32,33,34,35,36,37,38,39,40,41,42,43,44,45,46,47,48,49], 29[6,7,11,12,13,16,17,18,23,26,27,28,29,30,31,32,33,34,35,36,37,38,39,40,41,42,43,44,45,46,47,48,49], 31[6,7,11,12,13,16,17,18,23,26,27,28,29,30,31,32,33,34,35,36,37,38,39,40,41,42,43,44,45,46,47,48,49], 33[6,7,11,12,13,16,17,18,23,26,27,28,29,30,31,32,33,34,35,36,37,38,39,40,41,42,43,44,45,46,47,48,49]]
   00:00:00:00:00:18    00:00:00:00:00:05  [6[1,2,3,4,5,8,9,10,11,12], 8[1,2,3,4,5,6,8,9,10,11,12,13,15,16,17,18,19], 10[1,2,3,4,5,8,9,10,11,12,15,16,17,18,19,25,26], 12[5,6,8,9,10,11,12,13,15,16,17,18,19,20,25,26,27,32,33], 14[5,6,8,9,10,11,12,13,15,16,17,18,19,20,24,25,26,27,31,32,33,34,39,40], 16[5,8,9,10,11,12,15,16,17,18,19,20,24,25,26,27,31,32,33,34,38,39,40,41,46,47], 18[5,8,9,10,11,12,15,16,17,18,19,20,24,25,26,27,30,31,32,33,34,37,38,39,40,41,45,46,47], 20[5,6,8,9,10,11,12,13,15,16,17,18,19,20,24,25,26,27,29,30,31,32,33,34,36,37,38,39,40,41,44,45,46,47], 22[5,6,8,9,10,11,12,13,15,16,17,18,19,20,24,25,26,27,29,30,31,32,33,34,36,37,38,39,40,41,43,44,45,46,47,48], 24[5,6,8,9,10,11,12,13,15,16,17,18,19,20,24,25,26,27,29,30,31,32,33,34,36,37,38,39,40,41,43,44,45,46,47,48], 26[5,6,8,9,10,11,12,13,18,19,20,24,25,26,27,29,30,31,32,33,34,36,37,38,39,40,41,43,44,45,46,47,48], 28[5,6,8,9,10,11,12,13,18,19,20,25,26,27,29,30,31,32,33,34,36,37,38,39,40,41,43,44,45,46,47,48], 30[5,6,8,9,10,11,12,13,18,19,20,25,26,27,29,30,31,32,33,34,36,37,38,39,40,41,43,44,45,46,47,48]]
   00:00:00:00:00:18    00:00:00:00:00:15  [4[8,15,22,29], 6[8,15,22,23,29,30], 8[8,15,22,23,29,30,36,37], 10[8,15,22,23,29,30,31,36,37,38], 12[8,15,22,23,29,30,31,32,36,37,38,39], 14[8,15,22,23,29,30,31,32,33,36,37,38,39,40,43,44,45,46], 16[8,15,22,23,29,30,31,32,33,34,36,37,38,39,40,41,43,44,45,46,47], 18[8,15,22,23,26,27,29,30,31,32,33,34,35,36,37,38,39,40,41,42,43,44,45,46,47,48], 20[8,15,22,23,26,27,28,29,30,31,32,33,34,35,36,37,38,39,40,41,42,43,44,45,46,47,48,49], 22[8,15,22,23,26,27,28,29,30,31,32,33,34,35,36,37,38,39,40,41,42,43,44,45,46,47,48,49], 24[8,15,22,23,26,27,28,29,30,31,32,33,34,35,36,37,38,39,40,41,42,43,44,45,46,47,48,49], 26[8,15,22,23,26,27,28,29,30,31,32,33,34,35,36,37,38,39,40,41,42,43,44,45,46,47,48,49], 28[8,15,22,23,26,27,28,29,30,31,32,33,34,35,36,37,38,39,40,41,42,43,44,45,46,47,48,49]]
   00:00:00:00:00:18    00:00:00:00:00:09  [8[8,9,10,11,12,13,14,15,16,17,18,19,20,21], 10[8,9,10,11,12,13,20,21,27,28], 12[8,9,10,11,12,13,20,21,27,28,34,35], 14[8,9,10,11,12,13,20,21,26,27,28,33,34,35,41,42], 16[8,9,10,11,12,13,20,21,26,27,28,33,34,35,40,41,42], 18[8,9,10,11,12,13,20,21,26,27,28,32,33,34,35,39,40,41,42,47,48,49], 20[8,9,10,11,12,13,20,21,26,27,28,31,32,33,34,35,38,39,40,41,42,46,47,48,49], 22[8,9,10,11,12,13,20,21,26,27,28,30,31,32,33,34,35,37,38,39,40,41,42,45,46,47,48,49], 24[8,9,10,11,12,13,20,21,26,27,28,29,30,31,32,33,34,35,36,37,38,39,40,41,42,44,45,46,47,48,49], 26[8,9,10,11,12,13,20,21,26,27,28,29,30,31,32,33,34,35,36,37,38,39,40,41,42,43,44,45,46,47,48,49], 28[8,9,10,11,12,13,20,21,26,27,28,29,30,31,32,33,34,35,36,37,38,39,40,41,42,43,44,45,46,47,48,49], 30[8,9,10,11,12,13,20,21,26,27,28,29,30,31,32,33,34,35,36,37,38,39,40,41,42,43,44,45,46,47,48,49], 32[8,9,10,11,12,13,20,21,26,27,28,29,30,31,32,33,34,35,36,37,38,39,40,41,42,43,44,45,46,47,48,49]]
   00:00:00:00:00:18    00:00:00:00:00:08  [7[8,9,10,11,12,13,14], 9[6,7,8,9,10,11,12,13,14,20,21], 11[8,9,10,11,12,13,14,20,21,27,28], 13[8,9,10,11,12,13,14,20,21,27,28,34,35], 15[8,9,10,11,12,13,14,20,21,26,27,28,33,34,35,41,42], 17[8,9,10,11,12,13,14,20,21,26,27,28,33,34,35,40,41,42], 19[8,9,10,11,12,13,14,20,21,26,27,28,32,33,34,35,39,40,41,42,47,48,49], 21[8,9,10,11,12,13,14,20,21,26,27,28,31,32,33,34,35,38,39,40,41,42,46,47,48,49], 23[8,9,10,11,12,13,14,20,21,26,27,28,30,31,32,33,34,35,37,38,39,40,41,42,45,46,47,48,49], 25[8,9,10,11,12,13,14,20,21,26,27,28,29,30,31,32,33,34,35,36,37,38,39,40,41,42,44,45,46,47,48,49], 27[8,9,10,11,12,13,14,20,21,26,27,28,29,30,31,32,33,34,35,36,37,38,39,40,41,42,43,44,45,46,47,48,49], 29[8,9,10,11,12,13,14,20,21,26,27,28,29,30,31,32,33,34,35,36,37,38,39,40,41,42,43,44,45,46,47,48,49], 31[8,9,10,11,12,13,14,20,21,26,27,28,29,30,31,32,33,34,35,36,37,38,39,40,41,42,43,44,45,46,47,48,49], 33[8,9,10,11,12,13,14,20,21,26,27,28,29,30,31,32,33,34,35,36,37,38,39,40,41,42,43,44,45,46,47,48,49]]
   00:00:00:00:00:18    00:00:00:00:00:0d  [12[8,9,16,17,18,19,20,21,27,28,34,35,42,49], 14[8,9,16,17,18,19,20,26,27,28,33,34,35,40,41,42,48,49], 16[8,9,16,17,18,19,20,26,27,28,32,33,34,35,39,40,41,42,47,48,49], 18[8,9,16,17,18,19,20,26,27,28,31,32,33,34,35,38,39,40,41,42,46,47,48,49], 20[8,9,16,17,18,19,20,26,27,28,30,31,32,33,34,35,37,38,39,40,41,42,45,46,47,48,49], 22[8,9,16,17,18,19,20,26,27,28,29,30,31,32,33,34,35,36,37,38,39,40,41,42,44,45,46,47,48,49], 24[8,9,16,17,18,19,20,26,27,28,29,30,31,32,33,34,35,36,37,38,39,40,41,42,43,44,45,46,47,48,49], 26[8,9,16,17,18,19,20,26,27,28,29,30,31,32,33,34,35,36,37,38,39,40,41,42,43,44,45,46,47,48,49], 28[8,9,16,17,18,19,20,26,27,28,29,30,31,32,33,34,35,36,37,38,39,40,41,42,43,44,45,46,47,48,49], 30[8,9,16,17,18,19,20,26,27,28,29,30,31,32,33,34,35,36,37,38,39,40,41,42,43,44,45,46,47,48,49]]
   00:00:00:00:00:18    00:00:00:00:00:04  [5[1,2,3,4,8,9,10,11], 7[1,2,3,4,5,8,9,10,11,12,15,16,17,18], 9[2,3,4,8,9,10,11,15,16,17,18,23,24,25], 11[3,4,8,10,11,15,16,17,18,23,24,25,30,31,32], 13[4,5,8,11,12,15,16,17,18,19,23,24,25,26,30,31,32,33,37,38,39], 15[4,5,8,11,12,15,16,17,18,19,23,24,25,26,30,31,32,33,37,38,39,40,45,46], 17[4,5,8,11,12,15,16,17,18,19,23,24,25,26,29,30,31,32,33,36,37,38,39,40,44,45,46,47], 19[4,5,8,11,12,15,16,17,18,19,23,24,25,26,29,30,31,32,33,36,37,38,39,40,43,44,45,46,47], 21[4,5,8,11,12,15,16,17,18,19,23,24,25,26,29,30,31,32,33,36,37,38,39,40,43,44,45,46,47], 23[4,5,8,11,12,15,16,17,18,19,23,24,25,26,29,30,31,32,33,36,37,38,39,40,43,44,45,46,47], 25[4,5,8,11,12,15,16,17,18,19,24,25,26,29,30,31,32,33,36,37,38,39,40,43,44,45,46,47]]
   00:00:00:00:00:18    00:00:00:00:00:02  [3[1,2,8,9], 5[2,3,8,9,10,15,16], 7[2,3,4,8,9,10,11,15,16,17,22,23], 9[2,3,8,9,10,15,16,17,22,23,24,29,30], 11[2,3,8,9,10,15,16,17,22,23,24,29,30,31,36,37], 13[2,3,4,8,9,10,11,15,16,17,18,22,23,24,25,29,30,31,32,36,37,38,43,44], 15[2,3,4,8,9,10,11,15,16,17,18,22,23,24,25,29,30,31,32,36,37,38,39,43,44,45], 17[2,3,4,8,9,10,11,15,16,17,18,22,23,24,25,29,30,31,32,36,37,38,39,43,44,45,46], 19[2,3,4,8,9,10,11,15,16,17,18,22,23,24,25,29,30,31,32,36,37,38,39,43,44,45,46], 21[2,3,4,8,9,10,11,15,16,17,18,22,23,24,25,29,30,31,32,36,37,38,39,43,44,45,46]]
   00:00:00:00:00:18    00:00:00:00:00:0b  [10[8,9,16,17,18,19,20,21,27,28,34,35], 12[8,9,16,17,18,19,20,26,27,33,34,35,41,42], 14[8,9,16,17,18,19,20,26,27,33,34,35,40,41,42], 16[8,9,16,17,18,19,20,26,27,32,33,34,35,39,40,41,42,47,48,49], 18[8,9,16,17,18,19,20,26,27,31,32,33,34,35,38,39,40,41,42,46,47,48,49], 20[8,9,16,17,18,19,20,26,27,30,31,32,33,34,35,37,38,39,40,41,42,45,46,47,48,49], 22[8,9,16,17,18,19,20,26,27,29,30,31,32,33,34,35,36,37,38,39,40,41,42,44,45,46,47,48,49], 24[8,9,16,17,18,19,20,26,27,29,30,31,32,33,34,35,36,37,38,39,40,41,42,43,44,45,46,47,48,49], 26[8,9,16,17,18,19,20,26,27,29,30,31,32,33,34,35,36,37,38,39,40,41,42,43,44,45,46,47,48,49], 28[8,9,16,17,18,19,20,26,27,29,30,31,32,33,34,35,36,37,38,39,40,41,42,43,44,45,46,47,48,49], 30[8,9,16,17,18,19,20,26,27,29,30,31,32,33,34,35,36,37,38,39,40,41,42,43,44,45,46,47,48,49]]
   00:00:00:00:00:18    00:00:00:00:00:17  [2[8,15], 4[8,9,15,16], 6[1,2,8,9,15,16,22,23], 8[8,9,15,16,22,23,29,30], 10[8,9,15,16,22,23,29,30,36,37], 12[8,9,15,16,22,23,29,30,31,36,37,38], 14[8,9,15,16,22,23,29,30,31,32,36,37,38,39], 16[8,9,15,16,22,23,29,30,31,32,33,36,37,38,39,40,43,44,45,46], 18[8,9,15,16,22,23,29,30,31,32,33,34,36,37,38,39,40,41,43,44,45,46,47], 20[8,9,15,16,22,23,26,27,29,30,31,32,33,34,35,36,37,38,39,40,41,42,43,44,45,46,47,48], 22[8,9,15,16,22,23,26,27,28,29,30,31,32,33,34,35,36,37,38,39,40,41,42,43,44,45,46,47,48,49], 24[8,9,15,16,22,23,26,27,28,29,30,31,32,33,34,35,36,37,38,39,40,41,42,43,44,45,46,47,48,49], 26[8,9,15,16,22,23,26,27,28,29,30,31,32,33,34,35,36,37,38,39,40,41,42,43,44,45,46,47,48,49], 28[8,9,15,16,22,23,26,27,28,29,30,31,32,33,34,35,36,37,38,39,40,41,42,43,44,45,46,47,48,49], 30[8,9,15,16,22,23,26,27,28,29,30,31,32,33,34,35,36,37,38,39,40,41,42,43,44,45,46,47,48,49]]
   00:00:00:00:00:18    00:00:00:00:00:03  [4[1,2,3,8,9,10], 6[1,2,3,4,8,9,10,11,15,16,17], 8[1,2,3,4,8,9,10,11,15,16,17,22,23,24], 10[2,3,8,9,10,15,16,17,22,23,24,29,30,31], 12[2,3,4,8,9,10,11,15,16,17,18,22,23,24,25,29,30,31,32,36,37,38], 14[2,3,4,5,8,9,10,11,12,15,16,17,18,19,22,23,24,25,26,29,30,31,32,33,36,37,38,39,43,44,45], 16[2,3,4,5,8,9,10,11,12,15,16,17,18,19,22,23,24,25,26,29,30,31,32,33,36,37,38,39,40,43,44,45,46], 18[2,3,4,5,8,9,10,11,12,15,16,17,18,19,22,23,24,25,26,29,30,31,32,33,36,37,38,39,40,43,44,45,46,47], 20[2,3,4,5,8,9,10,11,12,15,16,17,18,19,22,23,24,25,26,29,30,31,32,33,36,37,38,39,40,43,44,45,46,47], 22[3,4,5,8,10,11,12,15,17,18,19,22,24,25,26,29,30,31,32,33,36,37,38,39,40,43,44,45,46,47], 24[3,4,5,8,10,11,12,15,17,18,19,22,24,25,26,29,30,31,32,33,36,37,38,39,40,43,44,45,46,47]]
   00:00:00:00:00:18    00:00:00:00:00:07  [8[1,2,3,4,5,6,7,8,9,10,11,12,13,14], 10[4,5,6,7,8,9,10,11,12,13,14,20,21], 12[7,8,9,10,11,12,13,14,20,21,27,28], 14[7,8,9,10,11,12,13,14,20,21,27,28,34,35], 16[7,8,9,10,11,12,13,14,20,21,26,27,28,33,34,35,41,42], 18[7,8,9,10,11,12,13,14,20,21,26,27,28,33,34,35,40,41,42], 20[7,8,9,10,11,12,13,14,20,21,26,27,28,32,33,34,35,39,40,41,42,47,48,49], 22[7,8,9,10,11,12,13,14,20,21,26,27,28,31,32,33,34,35,38,39,40,41,42,46,47,48,49], 24[7,8,9,10,11,12,13,14,20,21,26,27,28,30,31,32,33,34,35,37,38,39,40,41,42,45,46,47,48,49], 26[7,8,9,10,11,12,13,14,20,21,26,27,28,29,30,31,32,33,34,35,36,37,38,39,40,41,42,44,45,46,47,48,49], 28[7,8,9,10,11,12,13,14,20,21,26,27,28,29,30,31,32,33,34,35,36,37,38,39,40,41,42,43,44,45,46,47,48,49], 30[7,8,9,10,11,12,13,14,20,21,26,27,28,29,30,31,32,33,34,35,36,37,38,39,40,41,42,43,44,45,46,47,48,49], 32[7,8,9,10,11,12,13,14,20,21,26,27,28,29,30,31,32,33,34,35,36,37,38,39,40,41,42,43,44,45,46,47,48,49], 34[7,8,9,10,11,12,13,14,20,21,26,27,28,29,30,31,32,33,34,35,36,37,38,39,40,41,42,43,44,45,46,47,48,49]]
   00:00:00:00:00:18    00:00:00:00:00:06  [7[1,2,3,4,5,6,8,9,10,11,12,13], 9[1,2,3,4,5,6,8,9,10,11,12,13,15,16,17,18,19,20], 11[6,8,9,10,11,12,13,15,16,17,18,19,20,26,27], 13[6,8,9,10,11,12,13,15,16,17,18,19,20,26,27,33,34], 15[6,8,9,10,11,12,13,15,16,17,18,19,20,26,27,33,34,40,41], 17[6,8,9,10,11,12,13,15,16,17,18,19,20,26,27,32,33,34,39,40,41,47,48], 19[6,8,9,10,11,12,13,15,16,17,18,19,20,26,27,31,32,33,34,38,39,40,41,46,47,48], 21[6,8,9,10,11,12,13,15,16,17,18,19,20,26,27,30,31,32,33,34,37,38,39,40,41,45,46,47,48], 23[6,8,9,10,11,12,13,15,16,17,18,19,20,26,27,29,30,31,32,33,34,36,37,38,39,40,41,44,45,46,47,48], 25[6,8,9,10,11,12,13,15,16,17,18,19,20,26,27,29,30,31,32,33,34,36,37,38,39,40,41,43,44,45,46,47,48], 27[6,8,9,10,11,12,13,15,16,17,18,19,20,26,27,29,30,31,32,33,34,36,37,38,39,40,41,43,44,45,46,47,48], 29[6,8,9,10,11,12,13,15,16,17,18,19,20,26,27,29,30,31,32,33,34,36,37,38,39,40,41,43,44,45,46,47,48]]
   00:00:00:00:00:18    00:00:00:00:00:16  [3[8,15,22], 5[8,15,16,22,23], 7[8,15,16,22,23,29,30], 9[8,15,16,22,23,29,30,36,37], 11[8,15,16,22,23,29,30,31,36,37,38], 13[8,15,16,22,23,29,30,31,32,36,37,38,39], 15[8,15,16,22,23,29,30,31,32,33,36,37,38,39,40,43,44,45,46], 17[8,15,16,22,23,29,30,31,32,33,34,36,37,38,39,40,41,43,44,45,46,47], 19[8,15,16,22,23,26,27,29,30,31,32,33,34,35,36,37,38,39,40,41,42,43,44,45,46,47,48], 21[8,15,16,22,23,26,27,28,29,30,31,32,33,34,35,36,37,38,39,40,41,42,43,44,45,46,47,48,49], 23[8,15,16,22,23,26,27,28,29,30,31,32,33,34,35,36,37,38,39,40,41,42,43,44,45,46,47,48,49], 25[8,15,16,22,23,26,27,28,29,30,31,32,33,34,35,36,37,38,39,40,41,42,43,44,45,46,47,48,49], 27[8,15,16,22,23,26,27,28,29,30,31,32,33,34,35,36,37,38,39,40,41,42,43,44,45,46,47,48,49], 29[8,15,16,22,23,26,27,28,29,30,31,32,33,34,35,36,37,38,39,40,41,42,43,44,45,46,47,48,49]]
   00:00:00:00:00:18    00:00:00:00:00:12  [7[8,9,16,23,30,37,44], 9[8,9,16,23,29,30,31,36,37,38,43,44], 11[8,9,16,23,29,30,31,32,36,37,38,39,44,45,46], 13[8,9,16,23,29,30,31,32,33,36,37,38,39,40,43,44,45,46,47], 15[8,9,16,23,29,30,31,32,33,34,36,37,38,39,40,41,43,44,45,46,47,48], 17[8,9,16,23,26,27,29,30,31,32,33,34,35,36,37,38,39,40,41,42,43,44,45,46,47,48,49], 19[8,9,16,23,26,27,28,29,30,31,32,33,34,35,36,37,38,39,40,41,42,43,44,45,46,47,48,49], 21[8,9,16,23,26,27,28,29,30,31,32,33,34,35,36,37,38,39,40,41,42,43,44,45,46,47,48,49], 23[8,9,16,23,26,27,28,29,30,31,32,33,34,35,36,37,38,39,40,41,42,43,44,45,46,47,48,49], 25[8,9,16,23,26,27,28,29,30,31,32,33,34,35,36,37,38,39,40,41,42,43,44,45,46,47,48,49], 27[8,9,16,23,26,27,28,29,30,31,32,33,34,35,36,37,38,39,40,41,42,43,44,45,46,47,48,49]]
   00:00:00:00:00:18    00:00:00:00:00:0e  [11[8,9,16,17,18,19,20,26,27,34,41,48], 13[8,9,16,17,18,19,26,27,28,33,34,35,40,41,42,47,48,49], 15[8,9,16,17,18,19,26,27,28,32,33,34,35,39,40,41,42,46,47,48,49], 17[8,9,16,17,18,19,26,27,28,31,32,33,34,35,38,39,40,41,42,45,46,47,48,49], 19[8,9,16,17,18,19,26,27,28,30,31,32,33,34,35,37,38,39,40,41,42,44,45,46,47,48,49], 21[8,9,16,17,18,19,26,27,28,29,30,31,32,33,34,35,36,37,38,39,40,41,42,43,44,45,46,47,48,49], 23[8,9,16,17,18,19,26,27,28,29,30,31,32,33,34,35,36,37,38,39,40,41,42,43,44,45,46,47,48,49], 25[8,9,16,17,18,19,26,27,28,29,30,31,32,33,34,35,36,37,38,39,40,41,42,43,44,45,46,47,48,49], 27[8,9,16,17,18,19,26,27,28,29,30,31,32,33,34,35,36,37,38,39,40,41,42,43,44,45,46,47,48,49], 29[8,9,16,17,18,19,26,27,28,29,30,31,32,33,34,35,36,37,38,39,40,41,42,43,44,45,46,47,48,49]]
   00:00:00:00:00:18    00:00:00:00:00:0f  [10[8,9,16,17,18,19,25,26,33,40,47], 12[8,9,16,17,18,25,26,27,33,34,40,47], 14[8,9,16,17,18,25,26,27,28,32,33,34,35,39,40,41,42,46,47,48,49], 16[8,9,16,17,18,25,26,27,28,31,32,33,34,35,38,39,40,41,42,45,46,47,48,49], 18[8,9,16,17,18,25,26,27,28,30,31,32,33,34,35,37,38,39,40,41,42,44,45,46,47,48,49], 20[8,9,16,17,18,25,26,27,28,29,30,31,32,33,34,35,36,37,38,39,40,41,42,43,44,45,46,47,48,49], 22[8,9,16,17,18,25,26,27,28,29,30,31,32,33,34,35,36,37,38,39,40,41,42,43,44,45,46,47,48,49], 24[8,9,16,17,18,25,26,27,28,29,30,31,32,33,34,35,36,37,38,39,40,41,42,43,44,45,46,47,48,49], 26[8,9,16,17,18,25,26,27,28,29,30,31,32,33,34,35,36,37,38,39,40,41,42,43,44,45,46,47,48,49], 28[8,9,16,17,18,25,26,27,28,29,30,31,32,33,34,35,36,37,38,39,40,41,42,43,44,45,46,47,48,49], 30[8,9,16,17,18,25,26,27,28,29,30,31,32,33,34,35,36,37,38,39,40,41,42,43,44,45,46,47,48,49]]
   00:00:00:00:00:18    00:00:00:00:00:0a  [9[8,9,16,17,18,19,20,21,27,28], 11[8,9,16,17,18,19,20,27,28,34,35], 13[8,9,16,17,18,19,20,26,27,28,33,34,35,41,42], 15[8,9,16,17,18,19,20,26,27,28,33,34,35,40,41,42], 17[8,9,16,17,18,19,20,26,27,28,32,33,34,35,39,40,41,42,47,48,49], 19[8,9,16,17,18,19,20,26,27,28,31,32,33,34,35,38,39,40,41,42,46,47,48,49], 21[8,9,16,17,18,19,20,26,27,28,30,31,32,33,34,35,37,38,39,40,41,42,45,46,47,48,49], 23[8,9,16,17,18,19,20,26,27,28,29,30,31,32,33,34,35,36,37,38,39,40,41,42,44,45,46,47,48,49], 25[8,9,16,17,18,19,20,26,27,28,29,30,31,32,33,34,35,36,37,38,39,40,41,42,43,44,45,46,47,48,49], 27[8,9,16,17,18,19,20,26,27,28,29,30,31,32,33,34,35,36,37,38,39,40,41,42,43,44,45,46,47,48,49], 29[8,9,16,17,18,19,20,26,27,28,29,30,31,32,33,34,35,36,37,38,39,40,41,42,43,44,45,46,47,48,49], 31[8,9,16,17,18,19,20,26,27,28,29,30,31,32,33,34,35,36,37,38,39,40,41,42,43,44,45,46,47,48,49]]
   00:00:00:00:00:18    00:00:00:00:00:01  [2[1,8], 4[1,2,8,9], 6[1,2,3,8,9,10,15,16], 8[1,2,3,4,8,9,10,11,15,16,17,22,23], 10[1,2,3,8,9,10,15,16,17,22,23,24,29,30], 12[1,2,3,8,9,10,15,16,17,22,23,24,29,30,31,36,37], 14[1,2,3,4,8,9,10,11,15,16,17,18,22,23,24,25,29,30,31,32,36,37,38,43,44], 16[1,2,3,4,8,9,10,11,15,16,17,18,22,23,24,25,29,30,31,32,36,37,38,39,43,44,45], 18[1,2,3,4,8,9,10,11,15,16,17,18,22,23,24,25,29,30,31,32,36,37,38,39,43,44,45,46], 20[1,2,3,4,8,9,10,11,15,16,17,18,22,23,24,25,29,30,31,32,36,37,38,39,43,44,45,46], 22[1,2,3,4,8,9,10,11,15,16,17,18,22,23,24,25,29,30,31,32,36,37,38,39,43,44,45,46]]
   00:00:00:00:00:18    00:00:00:00:00:11  [8[8,9,10,16,17,24,31,38,45], 10[8,9,10,17,24,30,31,32,37,38,39,44,45,46], 12[8,9,10,17,24,29,30,31,32,33,36,37,38,39,40,43,44,45,46,47], 14[8,9,10,17,24,29,30,31,32,33,34,36,37,38,39,40,41,43,44,45,46,47,48], 16[8,9,10,17,24,26,27,29,30,31,32,33,34,35,36,37,38,39,40,41,42,43,44,45,46,47,48,49], 18[8,9,10,17,24,26,27,28,29,30,31,32,33,34,35,36,37,38,39,40,41,42,43,44,45,46,47,48,49], 20[8,9,10,17,24,26,27,28,29,30,31,32,33,34,35,36,37,38,39,40,41,42,43,44,45,46,47,48,49], 22[8,9,10,17,24,26,27,28,29,30,31,32,33,34,35,36,37,38,39,40,41,42,43,44,45,46,47,48,49], 24[8,9,10,17,24,26,27,28,29,30,31,32,33,34,35,36,37,38,39,40,41,42,43,44,45,46,47,48,49], 26[8,9,10,17,24,26,27,28,29,30,31,32,33,34,35,36,37,38,39,40,41,42,43,44,45,46,47,48,49], 28[8,9,10,17,24,26,27,28,29,30,31,32,33,34,35,36,37,38,39,40,41,42,43,44,45,46,47,48,49]]
   00:00:00:00:00:18    00:00:00:00:00:14  [5[8,15,22,29,36], 7[8,15,22,29,30,36,37], 9[8,15,22,29,30,31,36,37,38], 11[8,15,22,29,30,31,32,36,37,38,39], 13[8,15,22,29,30,31,32,33,36,37,38,39,40,43,44,45,46], 15[8,15,22,29,30,31,32,33,34,36,37,38,39,40,41,43,44,45,46,47], 17[8,15,22,26,27,29,30,31,32,33,34,35,36,37,38,39,40,41,42,43,44,45,46,47,48], 19[8,15,22,26,27,28,29,30,31,32,33,34,35,36,37,38,39,40,41,42,43,44,45,46,47,48,49], 21[8,15,22,26,27,28,29,30,31,32,33,34,35,36,37,38,39,40,41,42,43,44,45,46,47,48,49], 23[8,15,22,26,27,28,29,30,31,32,33,34,35,36,37,38,39,40,41,42,43,44,45,46,47,48,49], 25[8,15,22,26,27,28,29,30,31,32,33,34,35,36,37,38,39,40,41,42,43,44,45,46,47,48,49], 27[8,15,22,26,27,28,29,30,31,32,33,34,35,36,37,38,39,40,41,42,43,44,45,46,47,48,49]]
   00:00:00:00:00:18    00:00:00:00:00:0c  [11[8,9,16,17,18,19,20,21,27,28,34,35,42], 13[8,9,16,17,18,19,20,26,27,28,33,34,35,40,41,42], 15[8,9,16,17,18,19,20,26,27,28,32,33,34,35,39,40,41,42,48,49], 17[8,9,16,17,18,19,20,26,27,28,31,32,33,34,35,38,39,40,41,42,47,48,49], 19[8,9,16,17,18,19,20,26,27,28,30,31,32,33,34,35,37,38,39,40,41,42,45,46,47,48,49], 21[8,9,16,17,18,19,20,26,27,28,29,30,31,32,33,34,35,36,37,38,39,40,41,42,44,45,46,47,48,49], 23[8,9,16,17,18,19,20,26,27,28,29,30,31,32,33,34,35,36,37,38,39,40,41,42,43,44,45,46,47,48,49], 25[8,9,16,17,18,19,20,26,27,28,29,30,31,32,33,34,35,36,37,38,39,40,41,42,43,44,45,46,47,48,49], 27[8,9,16,17,18,19,20,26,27,28,29,30,31,32,33,34,35,36,37,38,39,40,41,42,43,44,45,46,47,48,49], 29[8,9,16,17,18,19,20,26,27,28,29,30,31,32,33,34,35,36,37,38,39,40,41,42,43,44,45,46,47,48,49]]
   00:00:00:00:00:18    00:00:00:00:00:10  [9[8,9,10,11,16,17,18,25,32,39,46], 11[8,9,10,11,17,18,25,31,32,33,38,39,40,45,46,47], 13[8,9,10,11,17,18,25,30,31,32,33,34,37,38,39,40,41,44,45,46,47,48], 15[8,9,10,11,17,18,25,26,27,29,30,31,32,33,34,35,36,37,38,39,40,41,42,43,44,45,46,47,48,49], 17[8,9,10,11,17,18,25,26,27,28,29,30,31,32,33,34,35,36,37,38,39,40,41,42,43,44,45,46,47,48,49], 19[8,9,10,11,17,18,25,26,27,28,29,30,31,32,33,34,35,36,37,38,39,40,41,42,43,44,45,46,47,48,49], 21[8,9,10,11,17,18,25,26,27,28,29,30,31,32,33,34,35,36,37,38,39,40,41,42,43,44,45,46,47,48,49], 23[8,9,10,11,17,18,25,26,27,28,29,30,31,32,33,34,35,36,37,38,39,40,41,42,43,44,45,46,47,48,49], 25[8,9,10,11,17,18,25,26,27,28,29,30,31,32,33,34,35,36,37,38,39,40,41,42,43,44,45,46,47,48,49], 27[8,9,10,11,17,18,25,26,27,28,29,30,31,32,33,34,35,36,37,38,39,40,41,42,43,44,45,46,47,48,49], 29[8,9,10,11,18,25,26,27,28,29,30,31,32,33,34,35,36,37,38,39,40,41,42,43,44,45,46,47,48,49]]
   00:00:00:00:00:18    00:00:00:00:00:13  [6[8,15,22,29,36,43], 8[8,15,22,29,30,36,37,43], 10[8,15,22,29,30,31,36,37,38,43], 12[8,15,22,29,30,31,32,36,37,38,39,43,44,45,46], 14[8,15,22,29,30,31,32,33,36,37,38,39,40,43,44,45,46,47], 16[8,15,22,29,30,31,32,33,34,36,37,38,39,40,41,43,44,45,46,47,48], 18[8,15,22,26,27,29,30,31,32,33,34,35,36,37,38,39,40,41,42,43,44,45,46,47,48,49], 20[8,15,22,26,27,28,29,30,31,32,33,34,35,36,37,38,39,40,41,42,43,44,45,46,47,48,49], 22[8,15,22,26,27,28,29,30,31,32,33,34,35,36,37,38,39,40,41,42,43,44,45,46,47,48,49], 24[8,15,22,26,27,28,29,30,31,32,33,34,35,36,37,38,39,40,41,42,43,44,45,46,47,48,49], 26[8,15,22,26,27,28,29,30,31,32,33,34,35,36,37,38,39,40,41,42,43,44,45,46,47,48,49]]
   00:00:00:00:00:06    00:00:00:00:00:05  [2[5,6], 4[5,6,12,13], 6[4,5,6,7,11,12,13,14,19,20], 8[5,6,7,12,13,14,19,20,21,26,27], 10[4,5,6,7,11,12,13,14,18,19,20,21,25,26,27,28,33,34], 12[4,5,6,7,11,12,13,14,18,19,20,21,25,26,27,28,32,33,34,35,40,41], 14[4,5,6,7,11,12,13,14,18,19,20,21,25,26,27,28,32,33,34,35,39,40,41,42,47,48], 16[4,5,6,7,11,12,13,14,18,19,20,21,25,26,27,28,32,33,34,35,39,40,41,42,46,47,48,49], 18[4,5,6,7,11,12,13,14,18,19,20,21,25,26,27,28,32,33,34,35,39,40,41,42,46,47,48,49], 20[4,5,6,7,11,12,13,14,18,19,20,21,25,26,27,28,32,33,34,35,39,40,41,42,46,47,48,49], 22[4,5,6,11,12,13,18,19,20,25,26,27,28,32,33,34,35,39,40,41,42,46,47,48,49]]
   00:00:00:00:00:06    00:00:00:00:00:15  [10[6,11,12,13,16,17,18,22,23,29,30], 12[6,11,12,13,16,17,18,23,29,30,36,37], 14[6,11,12,13,16,17,18,23,29,30,31,36,37,38], 16[6,11,12,13,16,17,18,23,29,30,31,32,36,37,38,39], 18[6,11,12,13,16,17,18,23,29,30,31,32,33,36,37,38,39,40,43,44,45,46], 20[6,11,12,13,16,17,18,23,29,30,31,32,33,34,36,37,38,39,40,41,43,44,45,46,47], 22[6,11,12,13,16,17,18,23,26,27,29,30,31,32,33,34,35,36,37,38,39,40,41,42,43,44,45,46,47,48], 24[6,11,12,13,16,17,18,23,26,27,28,29,30,31,32,33,34,35,36,37,38,39,40,41,42,43,44,45,46,47,48,49], 26[6,11,12,13,16,17,18,23,26,27,28,29,30,31,32,33,34,35,36,37,38,39,40,41,42,43,44,45,46,47,48,49], 28[6,11,12,13,16,17,18,23,26,27,28,29,30,31,32,33,34,35,36,37,38,39,40,41,42,43,44,45,46,47,48,49], 30[6,11,12,13,16,17,18,23,26,27,28,29,30,31,32,33,34,35,36,37,38,39,40,41,42,43,44,45,46,47,48,49], 32[6,11,12,13,16,17,18,23,26,27,28,29,30,31,32,33,34,35,36,37,38,39,40,41,42,43,44,45,46,47,48,49]]
   00:00:00:00:00:06    00:00:00:00:00:09  [4[6,7,13,14,20,21], 6[6,13,20,21,27,28], 8[6,13,20,21,27,28,34,35], 10[6,13,20,21,26,27,28,33,34,35,41,42], 12[6,13,20,21,26,27,28,33,34,35,40,41,42], 14[6,13,20,21,26,27,28,32,33,34,35,39,40,41,42,47,48,49], 16[6,13,20,21,26,27,28,31,32,33,34,35,38,39,40,41,42,46,47,48,49], 18[6,13,20,21,26,27,28,30,31,32,33,34,35,37,38,39,40,41,42,45,46,47,48,49], 20[6,13,20,21,26,27,28,29,30,31,32,33,34,35,36,37,38,39,40,41,42,44,45,46,47,48,49], 22[6,13,20,21,26,27,28,29,30,31,32,33,34,35,36,37,38,39,40,41,42,43,44,45,46,47,48,49], 24[6,13,20,21,26,27,28,29,30,31,32,33,34,35,36,37,38,39,40,41,42,43,44,45,46,47,48,49], 26[6,13,20,21,26,27,28,29,30,31,32,33,34,35,36,37,38,39,40,41,42,43,44,45,46,47,48,49], 28[6,13,20,21,26,27,28,29,30,31,32,33,34,35,36,37,38,39,40,41,42,43,44,45,46,47,48,49]]
   00:00:00:00:00:06    00:00:00:00:00:08  [3[6,7,13,14], 5[6,13,14,20,21], 7[6,13,14,20,21,27,28], 9[6,13,14,20,21,27,28,34,35], 11[6,13,14,20,21,26,27,28,33,34,35,41,42], 13[6,13,14,20,21,26,27,28,33,34,35,40,41,42], 15[6,13,14,20,21,26,27,28,32,33,34,35,39,40,41,42,47,48,49], 17[6,13,14,20,21,26,27,28,31,32,33,34,35,38,39,40,41,42,46,47,48,49], 19[6,13,14,20,21,26,27,28,30,31,32,33,34,35,37,38,39,40,41,42,45,46,47,48,49], 21[6,13,14,20,21,26,27,28,29,30,31,32,33,34,35,36,37,38,39,40,41,42,44,45,46,47,48,49], 23[6,13,14,20,21,26,27,28,29,30,31,32,33,34,35,36,37,38,39,40,41,42,43,44,45,46,47,48,49], 25[6,13,14,20,21,26,27,28,29,30,31,32,33,34,35,36,37,38,39,40,41,42,43,44,45,46,47,48,49], 27[6,13,14,20,21,26,27,28,29,30,31,32,33,34,35,36,37,38,39,40,41,42,43,44,45,46,47,48,49], 29[6,13,14,20,21,26,27,28,29,30,31,32,33,34,35,36,37,38,39,40,41,42,43,44,45,46,47,48,49]]
   00:00:00:00:00:06    00:00:00:00:00:0d  [8[6,7,14,21,28,35,42,49], 10[6,7,14,21,27,28,34,35,41,42,49], 12[6,7,14,21,26,27,28,33,34,35,40,41,42,47,48,49], 14[6,7,14,21,26,27,28,32,33,34,35,39,40,41,42,46,47,48,49], 16[6,7,14,21,26,27,28,31,32,33,34,35,38,39,40,41,42,45,46,47,48,49], 18[6,7,14,21,26,27,28,30,31,32,33,34,35,37,38,39,40,41,42,44,45,46,47,48,49], 20[6,7,14,21,26,27,28,29,30,31,32,33,34,35,36,37,38,39,40,41,42,43,44,45,46,47,48,49], 22[6,7,14,21,26,27,28,29,30,31,32,33,34,35,36,37,38,39,40,41,42,43,44,45,46,47,48,49], 24[6,7,14,21,26,27,28,29,30,31,32,33,34,35,36,37,38,39,40,41,42,43,44,45,46,47,48,49], 26[6,7,14,21,26,27,28,29,30,31,32,33,34,35,36,37,38,39,40,41,42,43,44,45,46,47,48,49], 28[6,7,14,21,26,27,28,29,30,31,32,33,34,35,36,37,38,39,40,41,42,43,44,45,46,47,48,49]]
   00:00:00:00:00:06    00:00:00:00:00:04  [3[4,5,6], 5[4,5,6,11,12,13], 7[3,4,5,6,7,10,11,12,13,14,18,19,20], 9[4,5,6,11,12,13,18,19,20,25,26,27], 11[4,5,6,11,12,13,18,19,20,21,25,26,27,28,32,33,34], 13[4,5,6,11,12,13,18,19,20,21,25,26,27,28,32,33,34,35,39,40,41], 15[4,5,6,11,12,13,18,19,20,21,25,26,27,28,32,33,34,35,39,40,41,42,46,47,48], 17[4,5,6,11,12,13,18,19,20,21,25,26,27,28,32,33,34,35,39,40,41,42,46,47,48,49], 19[4,5,6,11,12,13,18,19,20,21,25,26,27,28,32,33,34,35,39,40,41,42,46,47,48,49], 21[4,5,6,11,12,13,18,19,20,21,25,26,27,28,32,33,34,35,39,40,41,42,46,47,48,49], 23[4,5,6,11,12,13,18,19,20,21,25,26,27,28,32,33,34,35,39,40,41,42,46,47,48,49]]
   00:00:00:00:00:06    00:00:00:00:00:02  [5[2,3,4,5,6], 7[2,3,4,5,6,9,10,11,12,13], 9[1,2,3,4,5,6,8,9,10,11,12,13,16,17,18,19,20], 11[2,6,9,13,16,17,18,19,20,23,24,25,26,27], 13[2,3,6,9,10,13,16,17,20,23,24,25,26,27,30,31,32], 15[1,2,6,8,9,13,15,16,20,22,23,24,25,26,27,29,30,31,32,37,38,39], 17[1,2,6,8,9,13,15,16,20,22,23,24,25,26,27,29,30,31,32,33,36,37,38,39,40,44,45], 19[1,2,6,8,9,13,15,16,20,22,23,24,25,26,27,29,30,31,32,33,34,36,37,38,39,40,41,43,44,45,46], 21[1,2,3,6,8,9,10,13,15,16,17,20,22,23,24,25,26,27,29,30,31,32,33,34,35,36,37,38,39,40,41,42,43,44,45,46,47], 23[1,2,3,6,8,9,10,13,15,16,17,20,22,23,24,25,26,27,29,30,31,32,33,34,35,36,37,38,39,40,41,42,43,44,45,46,47,48], 25[1,2,3,6,8,9,10,13,15,16,17,20,22,23,24,25,26,27,29,30,31,32,33,34,35,36,37,38,39,40,41,42,43,44,45,46,47,48,49], 27[1,2,3,6,8,9,10,13,15,16,17,20,22,23,24,25,26,27,29,30,31,32,33,34,35,36,37,38,39,40,41,42,43,44,45,46,47,48,49], 29[1,2,3,6,8,9,10,13,15,16,17,20,22,23,24,25,26,27,29,30,31,32,33,34,35,36,37,38,39,40,41,42,43,44,45,46,47,48,49], 31[1,2,6,8,9,13,15,16,20,22,23,25,26,27,29,30,31,32,33,34,35,36,37,38,39,40,41,42,43,44,45,46,47,48,49]]
   00:00:00:00:00:06    00:00:00:00:00:0b  [6[6,7,14,21,28,35], 8[6,7,14,21,27,28,34,35], 10[6,7,14,21,26,27,28,33,34,35,41,42], 12[6,7,14,21,26,27,28,33,34,35,40,41,42], 14[6,7,14,21,26,27,28,32,33,34,35,39,40,41,42,47,48,49], 16[6,7,14,21,26,27,28,31,32,33,34,35,38,39,40,41,42,46,47,48,49], 18[6,7,14,21,26,27,28,30,31,32,33,34,35,37,38,39,40,41,42,45,46,47,48,49], 20[6,7,14,21,26,27,28,29,30,31,32,33,34,35,36,37,38,39,40,41,42,44,45,46,47,48,49], 22[6,7,14,21,26,27,28,29,30,31,32,33,34,35,36,37,38,39,40,41,42,43,44,45,46,47,48,49], 24[6,7,14,21,26,27,28,29,30,31,32,33,34,35,36,37,38,39,40,41,42,43,44,45,46,47,48,49], 26[6,7,14,21,26,27,28,29,30,31,32,33,34,35,36,37,38,39,40,41,42,43,44,45,46,47,48,49], 28[6,7,14,21,26,27,28,29,30,31,32,33,34,35,36,37,38,39,40,41,42,43,44,45,46,47,48,49]]
   00:00:00:00:00:06    00:00:00:00:00:17  [8[1,2,3,4,5,6,8,9,10,11,12,13,15,16,17,18,19,20], 10[6,13,15,16,17,18,19,20,22,23,24,25,26,27], 12[6,13,15,16,20,22,23,24,25,26,27,29,30,31], 14[6,13,15,16,20,22,23,24,25,26,27,29,30,31,36,37,38], 16[6,13,15,16,20,22,23,24,25,26,27,29,30,31,32,36,37,38,39,43,44], 18[6,13,15,16,20,22,23,24,25,26,27,29,30,31,32,33,36,37,38,39,40,43,44,45], 20[6,13,15,16,20,22,23,24,25,26,27,29,30,31,32,33,34,36,37,38,39,40,41,43,44,45,46], 22[6,13,15,16,20,22,23,24,25,26,27,29,30,31,32,33,34,35,36,37,38,39,40,41,42,43,44,45,46,47], 24[6,13,15,16,20,22,23,24,25,26,27,29,30,31,32,33,34,35,36,37,38,39,40,41,42,43,44,45,46,47,48], 26[6,13,15,16,20,22,23,24,25,26,27,29,30,31,32,33,34,35,36,37,38,39,40,41,42,43,44,45,46,47,48,49], 28[6,13,15,16,20,22,23,24,25,26,27,29,30,31,32,33,34,35,36,37,38,39,40,41,42,43,44,45,46,47,48,49], 30[6,13,15,16,20,22,23,24,25,26,27,29,30,31,32,33,34,35,36,37,38,39,40,41,42,43,44,45,46,47,48,49]]
   00:00:00:00:00:06    00:00:00:00:00:03  [4[3,4,5,6], 6[3,4,5,6,10,11,12,13], 8[2,3,4,5,6,9,10,11,12,13,17,18,19,20], 10[3,4,6,10,11,13,17,18,19,20,24,25,26,27], 12[3,4,6,10,11,13,17,18,20,24,25,26,27,31,32,33], 14[2,3,6,9,10,13,16,17,20,23,24,25,26,27,30,31,32,33,38,39,40], 16[2,3,6,9,10,13,16,17,20,23,24,25,26,27,30,31,32,33,34,37,38,39,40,41,45,46], 18[2,3,4,6,9,10,11,13,16,17,18,20,23,24,25,26,27,30,31,32,33,34,35,37,38,39,40,41,42,44,45,46,47], 20[2,3,4,6,9,10,11,13,16,17,18,20,23,24,25,26,27,30,31,32,33,34,35,37,38,39,40,41,42,44,45,46,47,48], 22[2,3,4,6,9,10,11,13,16,17,18,20,23,24,25,26,27,30,31,32,33,34,35,37,38,39,40,41,42,44,45,46,47,48,49], 24[2,3,4,6,9,10,11,13,16,17,18,20,23,24,25,26,27,30,31,32,33,34,35,37,38,39,40,41,42,44,45,46,47,48,49], 26[2,3,4,6,9,10,11,13,16,17,18,20,23,24,25,26,27,30,31,32,33,34,35,37,38,39,40,41,42,44,45,46,47,48,49], 28[2,3,6,9,10,13,16,17,20,23,24,26,27,30,31,32,33,34,35,37,38,39,40,41,42,44,45,46,47,48,49]]
   00:00:00:00:00:06    00:00:00:00:00:07  [2[6,7], 4[6,7,13,14], 6[6,7,13,14,20,21], 8[6,7,13,14,20,21,27,28], 10[6,7,13,14,20,21,27,28,34,35], 12[6,7,13,14,20,21,26,27,28,33,34,35,41,42], 14[6,7,13,14,20,21,26,27,28,33,34,35,40,41,42], 16[6,7,13,14,20,21,26,27,28,32,33,34,35,39,40,41,42,47,48,49], 18[6,7,13,14,20,21,26,27,28,31,32,33,34,35,38,39,40,41,42,46,47,48,49], 20[6,7,13,14,20,21,26,27,28,30,31,32,33,34,35,37,38,39,40,41,42,45,46,47,48,49], 22[6,7,13,14,20,21,26,27,28,29,30,31,32,33,34,35,36,37,38,39,40,41,42,44,45,46,47,48,49], 24[6,7,13,14,20,21,26,27,28,29,30,31,32,33,34,35,36,37,38,39,40,41,42,43,44,45,46,47,48,49], 26[6,7,13,14,20,21,26,27,28,29,30,31,32,33,34,35,36,37,38,39,40,41,42,43,44,45,46,47,48,49], 28[6,7,13,14,20,21,26,27,28,29,30,31,32,33,34,35,36,37,38,39,40,41,42,43,44,45,46,47,48,49], 30[6,7,13,14,20,21,26,27,28,29,30,31,32,33,34,35,36,37,38,39,40,41,42,43,44,45,46,47,48,49]]
   00:00:00:00:00:06    00:00:00:00:00:18  [7[1,2,3,4,5,6,8,9,10,11,12,13], 9[1,2,3,4,5,6,8,9,10,11,12,13,15,16,17,18,19,20], 11[6,8,9,10,11,12,13,15,16,17,18,19,20,22,23,24,25,26,27], 13[6,8,9,10,13,15,16,17,20,22,23,24,25,26,27,29,30,31,32], 15[6,8,9,13,15,16,20,22,23,24,25,26,27,29,30,31,32,36,37,38,39], 17[6,8,9,13,15,16,20,22,23,24,25,26,27,29,30,31,32,33,36,37,38,39,40,43,44,45], 19[6,8,9,13,15,16,20,22,23,24,25,26,27,29,30,31,32,33,34,36,37,38,39,40,41,43,44,45,46], 21[6,8,9,10,13,15,16,17,20,22,23,24,25,26,27,29,30,31,32,33,34,35,36,37,38,39,40,41,42,43,44,45,46,47], 23[6,8,9,13,15,16,20,22,23,24,25,26,27,29,30,31,32,33,34,35,36,37,38,39,40,41,42,43,44,45,46,47,48], 25[6,8,9,13,15,16,20,22,23,24,25,26,27,29,30,31,32,33,34,35,36,37,38,39,40,41,42,43,44,45,46,47,48,49], 27[6,8,9,13,15,16,20,22,23,24,25,26,27,29,30,31,32,33,34,35,36,37,38,39,40,41,42,43,44,45,46,47,48,49], 29[6,8,9,13,15,16,20,22,23,24,25,26,27,29,30,31,32,33,34,35,36,37,38,39,40,41,42,43,44,45,46,47,48,49], 31[6,8,9,13,15,16,20,22,23,24,25,26,27,29,30,31,32,33,34,35,36,37,38,39,40,41,42,43,44,45,46,47,48,49]]
   00:00:00:00:00:06    00:00:00:00:00:16  [9[6,8,9,10,11,12,13,15,16,17,18,22,23], 11[6,9,10,11,12,13,16,22,23,29,30], 13[6,9,10,11,12,13,16,22,23,29,30,36,37], 15[6,9,10,11,12,13,16,22,23,29,30,31,36,37,38], 17[6,9,10,11,12,13,16,22,23,29,30,31,32,36,37,38,39], 19[6,9,10,11,12,13,16,22,23,29,30,31,32,33,36,37,38,39,40,43,44,45,46], 21[6,9,10,11,12,13,16,22,23,29,30,31,32,33,34,36,37,38,39,40,41,43,44,45,46,47], 23[6,9,10,11,12,13,16,22,23,26,27,29,30,31,32,33,34,35,36,37,38,39,40,41,42,43,44,45,46,47,48], 25[6,9,10,11,12,13,16,22,23,26,27,28,29,30,31,32,33,34,35,36,37,38,39,40,41,42,43,44,45,46,47,48,49], 27[6,9,10,11,12,13,16,22,23,26,27,28,29,30,31,32,33,34,35,36,37,38,39,40,41,42,43,44,45,46,47,48,49], 29[6,9,10,11,12,13,16,22,23,26,27,28,29,30,31,32,33,34,35,36,37,38,39,40,41,42,43,44,45,46,47,48,49], 31[6,9,10,11,12,13,16,22,23,26,27,28,29,30,31,32,33,34,35,36,37,38,39,40,41,42,43,44,45,46,47,48,49], 33[6,9,10,11,12,13,16,22,23,26,27,28,29,30,31,32,33,34,35,36,37,38,39,40,41,42,43,44,45,46,47,48,49]]
   00:00:00:00:00:06    00:00:00:00:00:12  [11[6,9,10,11,12,13,16,17,18,23,30,37,44], 13[6,9,10,11,12,13,16,23,29,30,31,36,37,38,43,44], 15[6,9,10,11,12,13,16,23,29,30,31,32,36,37,38,39,44,45,46], 17[6,9,10,11,12,13,16,23,29,30,31,32,33,36,37,38,39,40,43,44,45,46,47], 19[6,9,10,11,12,13,16,23,29,30,31,32,33,34,36,37,38,39,40,41,43,44,45,46,47,48], 21[6,9,10,11,12,13,16,23,26,27,29,30,31,32,33,34,35,36,37,38,39,40,41,42,43,44,45,46,47,48,49], 23[6,9,10,11,12,13,16,23,26,27,28,29,30,31,32,33,34,35,36,37,38,39,40,41,42,43,44,45,46,47,48,49], 25[6,9,10,11,12,13,16,23,26,27,28,29,30,31,32,33,34,35,36,37,38,39,40,41,42,43,44,45,46,47,48,49], 27[6,9,10,11,12,13,16,23,26,27,28,29,30,31,32,33,34,35,36,37,38,39,40,41,42,43,44,45,46,47,48,49], 29[6,9,10,11,12,13,16,23,26,27,28,29,30,31,32,33,34,35,36,37,38,39,40,41,42,43,44,45,46,47,48,49], 31[6,9,10,11,12,13,16,23,26,27,28,29,30,31,32,33,34,35,36,37,38,39,40,41,42,43,44,45,46,47,48,49]]
   00:00:00:00:00:06    00:00:00:00:00:0e  [7[6,13,20,27,34,41,48], 9[6,13,20,26,27,28,33,34,35,40,41,42,47,48], 11[6,13,20,26,27,28,32,33,34,35,39,40,41,42,46,47,48,49], 13[6,13,20,26,27,28,31,32,33,34,35,38,39,40,41,42,45,46,47,48,49], 15[6,13,20,26,27,28,30,31,32,33,34,35,37,38,39,40,41,42,44,45,46,47,48,49], 17[6,13,20,26,27,28,29,30,31,32,33,34,35,36,37,38,39,40,41,42,43,44,45,46,47,48,49], 19[6,13,20,26,27,28,29,30,31,32,33,34,35,36,37,38,39,40,41,42,43,44,45,46,47,48,49], 21[6,13,20,26,27,28,29,30,31,32,33,34,35,36,37,38,39,40,41,42,43,44,45,46,47,48,49], 23[6,13,20,26,27,28,29,30,31,32,33,34,35,36,37,38,39,40,41,42,43,44,45,46,47,48,49], 25[6,13,20,26,27,28,29,30,31,32,33,34,35,36,37,38,39,40,41,42,43,44,45,46,47,48,49]]
   00:00:00:00:00:06    00:00:00:00:00:0f  [8[6,12,13,19,20,26,27,33,34,40,47], 10[6,12,13,19,20,26,27,28,32,33,34,35,39,40,41,46,47,48], 12[6,12,13,19,20,26,27,28,31,32,33,34,35,38,39,40,41,42,45,46,47,48,49], 14[6,12,13,19,20,26,27,28,30,31,32,33,34,35,37,38,39,40,41,42,44,45,46,47,48,49], 16[6,12,13,19,20,26,27,28,29,30,31,32,33,34,35,36,37,38,39,40,41,42,43,44,45,46,47,48,49], 18[6,12,13,19,20,26,27,28,29,30,31,32,33,34,35,36,37,38,39,40,41,42,43,44,45,46,47,48,49], 20[6,12,13,19,20,26,27,28,29,30,31,32,33,34,35,36,37,38,39,40,41,42,43,44,45,46,47,48,49], 22[6,12,13,19,20,26,27,28,29,30,31,32,33,34,35,36,37,38,39,40,41,42,43,44,45,46,47,48,49], 24[6,12,13,19,20,26,27,28,29,30,31,32,33,34,35,36,37,38,39,40,41,42,43,44,45,46,47,48,49], 26[6,12,13,19,20,26,27,28,29,30,31,32,33,34,35,36,37,38,39,40,41,42,43,44,45,46,47,48,49], 28[6,12,13,19,26,27,28,29,30,31,32,33,34,35,36,37,38,39,40,41,42,43,44,45,46,47,48,49]]
   00:00:00:00:00:06    00:00:00:00:00:0a  [5[6,7,13,14,20,21,27,28], 7[6,13,20,27,28,34,35], 9[6,13,20,26,27,28,33,34,35,41,42], 11[6,13,20,26,27,28,33,34,35,40,41,42], 13[6,13,20,26,27,28,32,33,34,35,39,40,41,42,47,48,49], 15[6,13,20,26,27,28,31,32,33,34,35,38,39,40,41,42,46,47,48,49], 17[6,13,20,26,27,28,30,31,32,33,34,35,37,38,39,40,41,42,45,46,47,48,49], 19[6,13,20,26,27,28,29,30,31,32,33,34,35,36,37,38,39,40,41,42,44,45,46,47,48,49], 21[6,13,20,26,27,28,29,30,31,32,33,34,35,36,37,38,39,40,41,42,43,44,45,46,47,48,49], 23[6,13,20,26,27,28,29,30,31,32,33,34,35,36,37,38,39,40,41,42,43,44,45,46,47,48,49], 25[6,13,20,26,27,28,29,30,31,32,33,34,35,36,37,38,39,40,41,42,43,44,45,46,47,48,49], 27[6,13,20,26,27,28,29,30,31,32,33,34,35,36,37,38,39,40,41,42,43,44,45,46,47,48,49]]
   00:00:00:00:00:06    00:00:00:00:00:01  [6[1,2,3,4,5,6], 8[1,2,3,4,5,6,8,9,10,11,12,13], 10[1,2,3,4,5,6,8,9,10,11,12,13,15,16,17,18,19,20], 12[1,6,8,9,13,15,16,17,18,19,20,22,23,24,25,26,27], 14[1,2,3,6,8,9,10,13,15,16,17,20,22,23,24,25,26,27,29,30,31,32], 16[1,2,6,8,9,13,15,16,20,22,23,24,25,26,27,29,30,31,32,36,37,38], 18[1,2,6,8,9,13,15,16,20,22,23,24,25,26,27,29,30,31,32,36,37,38,43,44,45], 20[1,2,6,8,9,13,15,16,20,22,23,24,25,26,27,29,30,31,32,36,37,38,39,43,44,45,46], 22[1,2,6,8,9,13,15,16,20,22,23,24,25,26,27,29,30,31,32,36,37,38,39,40,43,44,45,46,47], 24[1,2,6,8,9,13,15,16,20,22,23,24,25,26,27,29,30,31,32,36,37,38,39,40,41,43,44,45,46,47,48], 26[1,2,6,8,9,13,15,16,20,22,23,24,25,26,27,29,30,31,32,33,34,36,37,38,39,40,41,42,43,44,45,46,47,48,49], 28[1,2,6,8,9,13,15,16,20,22,23,24,25,26,27,29,30,31,32,33,34,35,36,37,38,39,40,41,42,43,44,45,46,47,48,49], 30[1,2,6,8,9,13,15,16,20,22,23,24,25,26,27,29,30,31,32,33,34,35,36,37,38,39,40,41,42,43,44,45,46,47,48,49], 32[1,2,6,8,9,13,15,16,20,22,23,24,25,26,27,29,30,31,32,33,34,35,36,37,38,39,40,41,42,43,44,45,46,47,48,49]]
   00:00:00:00:00:06    00:00:00:00:00:11  [10[6,10,11,12,13,17,18,24,31,38,45], 12[6,10,11,12,13,17,24,30,31,32,37,38,39,44,45,46], 14[6,10,11,12,13,17,24,29,30,31,32,33,36,37,38,39,40,43,44,45,46,47], 16[6,10,11,12,13,17,24,29,30,31,32,33,34,36,37,38,39,40,41,43,44,45,46,47,48], 18[6,10,11,12,13,17,24,26,27,29,30,31,32,33,34,35,36,37,38,39,40,41,42,43,44,45,46,47,48,49], 20[6,10,11,12,13,17,24,26,27,28,29,30,31,32,33,34,35,36,37,38,39,40,41,42,43,44,45,46,47,48,49], 22[6,10,11,12,13,17,24,26,27,28,29,30,31,32,33,34,35,36,37,38,39,40,41,42,43,44,45,46,47,48,49], 24[6,10,11,12,13,17,24,26,27,28,29,30,31,32,33,34,35,36,37,38,39,40,41,42,43,44,45,46,47,48,49], 26[6,10,11,12,13,17,24,26,27,28,29,30,31,32,33,34,35,36,37,38,39,40,41,42,43,44,45,46,47,48,49], 28[6,10,11,12,13,17,24,26,27,28,29,30,31,32,33,34,35,36,37,38,39,40,41,42,43,44,45,46,47,48,49], 30[6,10,11,12,13,17,24,26,27,28,29,30,31,32,33,34,35,36,37,38,39,40,41,42,43,44,45,46,47,48,49]]
   00:00:00:00:00:06    00:00:00:00:00:14  [11[6,11,12,13,16,17,18,22,23,29,30,36,37], 13[6,11,12,13,16,17,18,23,30,31,36,37,38], 15[6,11,12,13,16,17,18,23,30,31,32,36,37,38,39], 17[6,11,12,13,16,17,18,23,30,31,32,33,36,37,38,39,40,43,44,45,46], 19[6,11,12,13,16,17,18,23,30,31,32,33,34,36,37,38,39,40,41,43,44,45,46,47], 21[6,11,12,13,16,17,18,23,26,27,30,31,32,33,34,35,36,37,38,39,40,41,42,43,44,45,46,47,48], 23[6,11,12,13,16,17,18,23,26,27,28,30,31,32,33,34,35,36,37,38,39,40,41,42,43,44,45,46,47,48,49], 25[6,11,12,13,16,17,18,23,26,27,28,30,31,32,33,34,35,36,37,38,39,40,41,42,43,44,45,46,47,48,49], 27[6,11,12,13,16,17,18,23,26,27,28,30,31,32,33,34,35,36,37,38,39,40,41,42,43,44,45,46,47,48,49], 29[6,11,12,13,16,17,18,23,26,27,28,30,31,32,33,34,35,36,37,38,39,40,41,42,43,44,45,46,47,48,49], 31[6,11,12,13,16,17,18,23,26,27,28,30,31,32,33,34,35,36,37,38,39,40,41,42,43,44,45,46,47,48,49]]
   00:00:00:00:00:06    00:00:00:00:00:0c  [7[6,7,14,21,28,35,42], 9[6,7,14,21,27,28,34,35,41,42], 11[6,7,14,21,26,27,28,33,34,35,40,41,42], 13[6,7,14,21,26,27,28,32,33,34,35,39,40,41,42,47,48,49], 15[6,7,14,21,26,27,28,31,32,33,34,35,38,39,40,41,42,46,47,48,49], 17[6,7,14,21,26,27,28,30,31,32,33,34,35,37,38,39,40,41,42,45,46,47,48,49], 19[6,7,14,21,26,27,28,29,30,31,32,33,34,35,36,37,38,39,40,41,42,44,45,46,47,48,49], 21[6,7,14,21,26,27,28,29,30,31,32,33,34,35,36,37,38,39,40,41,42,43,44,45,46,47,48,49], 23[6,7,14,21,26,27,28,29,30,31,32,33,34,35,36,37,38,39,40,41,42,43,44,45,46,47,48,49], 25[6,7,14,21,26,27,28,29,30,31,32,33,34,35,36,37,38,39,40,41,42,43,44,45,46,47,48,49], 27[6,7,14,21,26,27,28,29,30,31,32,33,34,35,36,37,38,39,40,41,42,43,44,45,46,47,48,49]]
   00:00:00:00:00:06    00:00:00:00:00:10  [9[6,11,12,13,18,19,25,26,32,33,39,46], 11[6,11,12,13,18,19,25,26,27,31,32,33,34,38,39,40,45,46,47], 13[6,11,12,13,18,19,25,26,27,28,30,31,32,33,34,35,37,38,39,40,41,44,45,46,47,48], 15[6,11,12,13,18,19,25,26,27,28,29,30,31,32,33,34,35,36,37,38,39,40,41,42,43,44,45,46,47,48,49], 17[6,11,12,13,18,19,25,26,27,28,29,30,31,32,33,34,35,36,37,38,39,40,41,42,43,44,45,46,47,48,49], 19[6,11,12,13,18,19,25,26,27,28,29,30,31,32,33,34,35,36,37,38,39,40,41,42,43,44,45,46,47,48,49], 21[6,11,12,13,18,19,25,26,27,28,29,30,31,32,33,34,35,36,37,38,39,40,41,42,43,44,45,46,47,48,49], 23[6,11,12,13,18,19,25,26,27,28,29,30,31,32,33,34,35,36,37,38,39,40,41,42,43,44,45,46,47,48,49], 25[6,11,12,13,18,19,25,26,27,28,29,30,31,32,33,34,35,36,37,38,39,40,41,42,43,44,45,46,47,48,49], 27[6,11,12,13,18,19,25,26,27,28,29,30,31,32,33,34,35,36,37,38,39,40,41,42,43,44,45,46,47,48,49], 29[6,11,12,13,18,25,26,27,28,29,30,31,32,33,34,35,36,37,38,39,40,41,42,43,44,45,46,47,48,49]]
   00:00:00:00:00:06    00:00:00:00:00:13  [12[6,11,12,13,16,17,18,22,23,29,30,36,37,43], 14[6,11,12,13,16,17,18,23,29,30,31,36,37,38,43,44], 16[6,11,12,13,16,17,18,23,29,30,31,32,36,37,38,39,43,44,45], 18[6,11,12,13,16,17,18,23,29,30,31,32,33,36,37,38,39,40,43,44,45,46], 20[6,11,12,13,16,17,18,23,29,30,31,32,33,34,36,37,38,39,40,41,43,44,45,46,47], 22[6,11,12,13,16,17,18,23,26,27,29,30,31,32,33,34,35,36,37,38,39,40,41,42,43,44,45,46,47,48,49], 24[6,11,12,13,16,17,18,23,26,27,28,29,30,31,32,33,34,35,36,37,38,39,40,41,42,43,44,45,46,47,48,49], 26[6,11,12,13,16,17,18,23,26,27,28,29,30,31,32,33,34,35,36,37,38,39,40,41,42,43,44,45,46,47,48,49], 28[6,11,12,13,16,17,18,23,26,27,28,29,30,31,32,33,34,35,36,37,38,39,40,41,42,43,44,45,46,47,48,49], 30[6,11,12,13,16,17,18,23,26,27,28,29,30,31,32,33,34,35,36,37,38,39,40,41,42,43,44,45,46,47,48,49], 32[6,11,12,13,16,17,18,23,26,27,28,29,30,31,32,33,34,35,36,37,38,39,40,41,42,43,44,45,46,47,48,49]]
   00:00:00:00:00:16    00:00:00:00:00:05  [8[2,3,4,5,8,9,10,11,12,15,16,17,18,19,22,23], 10[4,5,11,12,18,19,22,23,24,25,26,29,30,31,32,33], 12[4,5,6,11,12,13,18,19,20,22,23,24,25,26,27,29,30,31,32,33,34,38,39,40], 14[4,5,6,11,12,13,18,19,20,22,23,24,25,26,27,29,30,31,32,33,34,38,39,40,41,46,47], 16[4,5,6,11,12,13,18,19,20,22,23,24,25,26,27,29,30,31,32,33,34,38,39,40,41,45,46,47,48], 18[4,5,6,11,12,13,18,19,20,22,23,24,25,26,27,29,30,31,32,33,34,37,38,39,40,41,44,45,46,47,48], 20[4,5,6,11,12,13,18,19,20,22,23,24,25,26,27,29,30,31,32,33,34,36,37,38,39,40,41,43,44,45,46,47,48], 22[4,5,6,11,12,13,18,19,20,22,23,24,25,26,27,29,30,31,32,33,34,36,37,38,39,40,41,43,44,45,46,47,48], 24[4,5,6,11,12,13,18,19,20,22,25,26,27,29,30,31,32,33,34,36,37,38,39,40,41,43,44,45,46,47,48], 26[4,5,11,12,18,19,22,25,26,27,29,30,31,32,33,34,36,37,38,39,40,41,43,44,45,46,47,48]]
   00:00:00:00:00:16    00:00:00:00:00:15  [2[22,29], 4[22,23,29,30], 6[22,23,29,30,36,37], 8[22,23,29,30,31,36,37,38], 10[22,23,29,30,31,32,36,37,38,39], 12[22,23,29,30,31,32,33,36,37,38,39,40,43,44,45,46], 14[22,23,29,30,31,32,33,34,36,37,38,39,40,41,43,44,45,46,47], 16[22,23,26,27,29,30,31,32,33,34,35,36,37,38,39,40,41,42,43,44,45,46,47,48], 18[22,23,26,27,28,29,30,31,32,33,34,35,36,37,38,39,40,41,42,43,44,45,46,47,48,49], 20[22,23,26,27,28,29,30,31,32,33,34,35,36,37,38,39,40,41,42,43,44,45,46,47,48,49], 22[22,23,26,27,28,29,30,31,32,33,34,35,36,37,38,39,40,41,42,43,44,45,46,47,48,49], 24[22,23,26,27,28,29,30,31,32,33,34,35,36,37,38,39,40,41,42,43,44,45,46,47,48,49], 26[22,23,26,27,28,29,30,31,32,33,34,35,36,37,38,39,40,41,42,43,44,45,46,47,48,49]]
   00:00:00:00:00:16    00:00:00:00:00:09  [8[15,16,17,18,19,20,21,22,23], 10[18,19,20,21,22,23,24,25,26,27,28,29,30], 12[20,21,22,23,24,25,26,27,28,29,30,33,34,35], 14[20,21,22,23,24,25,26,27,28,29,30,33,34,35,40,41,42], 16[20,21,22,23,24,25,26,27,28,29,30,32,33,34,35,39,40,41,42,47,48,49], 18[20,21,22,23,24,25,26,27,28,29,30,31,32,33,34,35,38,39,40,41,42,46,47,48,49], 20[20,21,22,23,24,25,26,27,28,29,30,31,32,33,34,35,38,39,40,41,42,45,46,47,48,49], 22[20,21,22,23,24,25,26,27,28,29,30,31,32,33,34,35,37,38,39,40,41,42,44,45,46,47,48,49], 24[20,21,22,23,24,25,26,27,28,29,30,31,32,33,34,35,36,37,38,39,40,41,42,43,44,45,46,47,48,49], 26[20,21,22,23,24,25,26,27,28,29,30,31,32,33,34,35,36,37,38,39,40,41,42,43,44,45,46,47,48,49], 28[20,21,22,23,24,25,26,27,28,29,30,31,32,33,34,35,36,37,38,39,40,41,42,43,44,45,46,47,48,49], 30[20,21,22,23,24,25,26,27,28,29,30,31,32,33,34,35,36,37,38,39,40,41,42,43,44,45,46,47,48,49]]
   00:00:00:00:00:16    00:00:00:00:00:08  [9[9,10,11,12,13,14,15,16,17,18,19,20,21,22,23], 11[14,15,16,17,18,19,20,21,22,27,28], 13[14,15,16,17,18,19,20,21,22,27,28,34,35], 15[14,15,16,17,18,19,20,21,22,26,27,28,33,34,35,41,42], 17[14,15,16,17,18,19,20,21,22,26,27,28,33,34,35,40,41,42], 19[14,15,16,17,18,19,20,21,22,26,27,28,32,33,34,35,39,40,41,42,47,48,49], 21[14,15,16,17,18,19,20,21,22,26,27,28,31,32,33,34,35,38,39,40,41,42,46,47,48,49], 23[14,15,16,17,18,19,20,21,22,26,27,28,30,31,32,33,34,35,37,38,39,40,41,42,45,46,47,48,49], 25[14,15,16,17,18,19,20,21,22,26,27,28,29,30,31,32,33,34,35,36,37,38,39,40,41,42,44,45,46,47,48,49], 27[14,15,16,17,18,19,20,21,22,26,27,28,29,30,31,32,33,34,35,36,37,38,39,40,41,42,43,44,45,46,47,48,49], 29[14,15,16,17,18,19,20,21,22,26,27,28,29,30,31,32,33,34,35,36,37,38,39,40,41,42,43,44,45,46,47,48,49], 31[14,15,16,17,18,19,20,21,22,26,27,28,29,30,31,32,33,34,35,36,37,38,39,40,41,42,43,44,45,46,47,48,49], 33[14,15,16,17,18,19,20,21,22,26,27,28,29,30,31,32,33,34,35,36,37,38,39,40,41,42,43,44,45,46,47,48,49]]
   00:00:00:00:00:16    00:00:00:00:00:0d  [12[16,17,18,19,20,21,22,23,27,28,34,35,42,49], 14[16,17,18,19,20,22,23,26,27,28,33,34,35,40,41,42,48,49], 16[16,17,18,19,20,22,23,26,27,28,32,33,34,35,39,40,41,42,47,48,49], 18[16,17,18,19,20,22,23,26,27,28,31,32,33,34,35,38,39,40,41,42,46,47,48,49], 20[16,17,18,19,20,22,23,26,27,28,30,31,32,33,34,35,37,38,39,40,41,42,45,46,47,48,49], 22[16,17,18,19,20,22,23,26,27,28,29,30,31,32,33,34,35,36,37,38,39,40,41,42,44,45,46,47,48,49], 24[16,17,18,19,20,22,23,26,27,28,29,30,31,32,33,34,35,36,37,38,39,40,41,42,43,44,45,46,47,48,49], 26[16,17,18,19,20,22,23,26,27,28,29,30,31,32,33,34,35,36,37,38,39,40,41,42,43,44,45,46,47,48,49], 28[16,17,18,19,20,22,23,26,27,28,29,30,31,32,33,34,35,36,37,38,39,40,41,42,43,44,45,46,47,48,49], 30[16,17,18,19,20,22,23,26,27,28,29,30,31,32,33,34,35,36,37,38,39,40,41,42,43,44,45,46,47,48,49]]
   00:00:00:00:00:16    00:00:00:00:00:04  [7[2,3,4,8,9,10,11,15,16,17,18,22,23], 9[3,4,10,11,17,18,22,23,24,25,29,30,31,32], 11[3,4,5,10,11,12,17,18,19,22,24,25,26,29,30,31,32,33,37,38,39], 13[3,4,5,6,10,11,12,13,17,18,19,20,22,24,25,26,27,29,30,31,32,33,34,37,38,39,40,44,45,46], 15[3,4,5,6,10,11,12,13,17,18,19,20,22,24,25,26,27,29,30,31,32,33,34,36,37,38,39,40,41,43,44,45,46,47], 17[3,4,5,6,10,11,12,13,17,18,19,20,22,24,25,26,27,29,30,31,32,33,34,36,37,38,39,40,41,43,44,45,46,47,48], 19[3,4,5,6,10,11,12,13,17,18,19,20,22,24,25,26,27,29,30,31,32,33,34,36,37,38,39,40,41,43,44,45,46,47,48], 21[3,4,5,6,10,11,12,13,17,18,19,20,22,24,25,26,27,29,30,31,32,33,34,36,37,38,39,40,41,43,44,45,46,47,48], 23[4,5,6,11,12,13,18,19,20,22,25,26,27,29,30,31,32,33,34,36,37,38,39,40,41,43,44,45,46,47,48], 25[4,5,6,11,12,13,18,19,20,22,25,26,27,29,30,31,32,33,34,36,37,38,39,40,41,43,44,45,46,47,48]]
   00:00:00:00:00:16    00:00:00:00:00:02  [5[1,2,8,9,15,16,22,23], 7[1,2,3,8,9,10,15,16,17,22,23,29,30], 9[1,2,3,8,9,10,15,16,17,22,23,24,29,30,31,36,37], 11[1,2,3,4,8,9,10,11,15,16,17,18,22,23,24,25,29,30,31,32,36,37,38,43,44], 13[1,2,3,4,8,9,10,11,15,16,17,18,22,23,24,25,29,30,31,32,36,37,38,39,43,44,45], 15[1,2,3,4,8,9,10,11,15,16,17,18,22,23,24,25,29,30,31,32,36,37,38,39,43,44,45,46], 17[1,2,3,4,8,9,10,11,15,16,17,18,22,23,24,25,29,30,31,32,36,37,38,39,43,44,45,46], 19[1,2,3,4,8,9,10,11,16,17,18,22,23,24,25,29,30,31,32,36,37,38,39,43,44,45,46]]
   00:00:00:00:00:16    00:00:00:00:00:0b  [10[16,17,18,19,20,21,22,23,27,28,34,35], 12[16,17,18,19,20,22,23,26,27,33,34,35,41,42], 14[16,17,18,19,20,22,23,26,27,33,34,35,40,41,42], 16[16,17,18,19,20,22,23,26,27,32,33,34,35,39,40,41,42,47,48,49], 18[16,17,18,19,20,22,23,26,27,31,32,33,34,35,38,39,40,41,42,46,47,48,49], 20[16,17,18,19,20,22,23,26,27,30,31,32,33,34,35,37,38,39,40,41,42,45,46,47,48,49], 22[16,17,18,19,20,22,23,26,27,29,30,31,32,33,34,35,36,37,38,39,40,41,42,44,45,46,47,48,49], 24[16,17,18,19,20,22,23,26,27,29,30,31,32,33,34,35,36,37,38,39,40,41,42,43,44,45,46,47,48,49], 26[16,17,18,19,20,22,23,26,27,29,30,31,32,33,34,35,36,37,38,39,40,41,42,43,44,45,46,47,48,49], 28[16,17,18,19,20,22,23,26,27,29,30,31,32,33,34,35,36,37,38,39,40,41,42,43,44,45,46,47,48,49], 30[16,17,18,19,20,22,23,26,27,29,30,31,32,33,34,35,36,37,38,39,40,41,42,43,44,45,46,47,48,49]]
   00:00:00:00:00:16    00:00:00:00:00:17  [2[15,22], 4[15,16,22,23], 6[8,9,15,16,17,22,23,24,29,30], 8[8,9,15,16,17,22,23,24,29,30,31,36,37], 10[8,9,15,16,17,18,22,23,24,25,29,30,31,32,36,37,38,43,44], 12[8,9,15,16,17,18,19,22,23,24,25,26,29,30,31,32,33,36,37,38,39,43,44,45], 14[8,9,15,16,17,18,19,22,23,24,25,26,29,30,31,32,33,36,37,38,39,40,43,44,45,46], 16[8,9,15,16,17,18,19,22,23,24,25,26,29,30,31,32,33,36,37,38,39,40,43,44,45,46,47], 18[8,9,15,16,17,18,19,22,23,24,25,26,29,30,31,32,33,36,37,38,39,40,43,44,45,46,47], 20[15,16,17,18,19,22,23,24,25,26,29,30,31,32,33,36,37,38,39,40,43,44,45,46,47], 22[15,16,17,18,19,22,23,24,25,26,29,30,31,32,33,36,37,38,39,40,43,44,45,46,47]]
   00:00:00:00:00:16    00:00:00:00:00:03  [6[1,2,3,8,9,10,15,16,17,22,23,24], 8[2,3,9,10,16,17,22,23,24,29,30,31], 10[2,3,4,9,10,11,16,17,18,22,23,24,25,29,30,31,32,36,37,38], 12[2,3,4,5,9,10,11,12,16,17,18,19,22,23,24,25,26,29,30,31,32,33,36,37,38,39,43,44,45], 14[2,3,4,5,9,10,11,12,16,17,18,19,22,23,24,25,26,29,30,31,32,33,36,37,38,39,40,43,44,45,46], 16[2,3,4,5,9,10,11,12,16,17,18,19,22,23,24,25,26,29,30,31,32,33,36,37,38,39,40,43,44,45,46,47], 18[2,3,4,5,9,10,11,12,16,17,18,19,22,23,24,25,26,29,30,31,32,33,36,37,38,39,40,43,44,45,46,47], 20[3,4,5,10,11,12,17,18,19,22,24,25,26,29,30,31,32,33,36,37,38,39,40,43,44,45,46,47], 22[3,4,5,10,11,12,17,18,19,22,24,25,26,29,30,31,32,33,36,37,38,39,40,43,44,45,46,47]]
   00:00:00:00:00:16    00:00:00:00:00:07  [10[2,3,4,5,6,7,9,10,11,12,13,14,15,16,17,18,19,20,21,22,23], 12[7,14,15,16,17,18,19,20,21,22,27,28], 14[7,14,15,16,17,18,19,20,21,22,27,28,34,35], 16[7,14,15,16,17,18,19,20,21,22,26,27,28,33,34,35,41,42], 18[7,14,15,16,17,18,19,20,21,22,26,27,28,33,34,35,40,41,42], 20[7,14,15,16,17,18,19,20,21,22,26,27,28,32,33,34,35,39,40,41,42,47,48,49], 22[7,14,15,16,17,18,19,20,21,22,26,27,28,31,32,33,34,35,38,39,40,41,42,46,47,48,49], 24[7,14,15,16,17,18,19,20,21,22,26,27,28,30,31,32,33,34,35,37,38,39,40,41,42,45,46,47,48,49], 26[7,14,15,16,17,18,19,20,21,22,26,27,28,29,30,31,32,33,34,35,36,37,38,39,40,41,42,44,45,46,47,48,49], 28[7,14,15,16,17,18,19,20,21,22,26,27,28,29,30,31,32,33,34,35,36,37,38,39,40,41,42,43,44,45,46,47,48,49], 30[7,14,15,16,17,18,19,20,21,22,26,27,28,29,30,31,32,33,34,35,36,37,38,39,40,41,42,43,44,45,46,47,48,49], 32[7,14,15,16,17,18,19,20,21,22,26,27,28,29,30,31,32,33,34,35,36,37,38,39,40,41,42,43,44,45,46,47,48,49], 34[7,14,15,16,17,18,19,20,21,22,26,27,28,29,30,31,32,33,34,35,36,37,38,39,40,41,42,43,44,45,46,47,48,49]]
   00:00:00:00:00:16    00:00:00:00:00:18  [3[8,15,22], 5[8,9,15,16,22,23], 7[1,2,8,9,10,15,16,17,22,23,29,30], 9[1,2,8,9,10,15,16,17,22,23,24,29,30,31,36,37], 11[1,2,8,9,10,11,15,16,17,18,22,23,24,25,29,30,31,32,36,37,38,43,44], 13[1,2,8,9,10,11,15,16,17,18,22,23,24,25,29,30,31,32,36,37,38,39,43,44,45], 15[1,2,8,9,10,11,15,16,17,18,22,23,24,25,29,30,31,32,36,37,38,39,43,44,45,46], 17[1,2,8,9,10,11,15,16,17,18,22,23,24,25,29,30,31,32,36,37,38,39,43,44,45,46], 19[1,2,8,9,10,11,15,16,17,18,22,23,24,25,29,30,31,32,36,37,38,39,43,44,45,46]]
   00:00:00:00:00:16    00:00:00:00:00:06  [9[1,2,3,4,5,6,8,9,10,11,12,13,15,16,17,18,19,20,22,23], 11[5,6,12,13,15,16,17,18,19,20,22,23,24,25,26,27,29,30], 13[6,7,13,14,15,16,17,18,19,20,21,22,23,24,25,26,27,28,29,30,33,34], 15[6,7,13,14,15,16,17,18,19,20,21,22,23,24,25,26,27,28,29,30,33,34,35,40,41], 17[6,7,13,14,15,16,17,18,19,20,21,22,23,24,25,26,27,28,29,30,32,33,34,35,39,40,41,42,47,48], 19[6,7,13,14,15,16,17,18,19,20,21,22,23,24,25,26,27,28,29,30,31,32,33,34,35,38,39,40,41,42,46,47,48,49], 21[6,7,13,14,15,16,17,18,19,20,21,22,23,24,25,26,27,28,29,30,31,32,33,34,35,37,38,39,40,41,42,45,46,47,48,49], 23[6,7,13,14,15,16,17,18,19,20,21,22,23,24,25,26,27,28,29,30,31,32,33,34,35,36,37,38,39,40,41,42,44,45,46,47,48,49], 25[6,7,13,14,15,16,17,18,19,20,21,22,23,24,25,26,27,28,29,30,31,32,33,34,35,36,37,38,39,40,41,42,43,44,45,46,47,48,49], 27[6,7,13,14,15,16,17,18,19,20,21,22,23,24,25,26,27,28,29,30,31,32,33,34,35,36,37,38,39,40,41,42,43,44,45,46,47,48,49], 29[6,7,13,14,15,16,17,18,19,20,21,22,23,24,25,26,27,28,29,30,31,32,33,34,35,36,37,38,39,40,41,42,43,44,45,46,47,48,49], 31[6,7,13,14,20,21,22,23,24,25,26,27,28,29,30,31,32,33,34,35,36,37,38,39,40,41,42,43,44,45,46,47,48,49]]
   00:00:00:00:00:16    00:00:00:00:00:12  [5[22,23,29,30,37,44], 7[22,29,30,31,36,37,38,43,44,45], 9[22,29,30,31,32,36,37,38,39,43,44,45,46], 11[22,29,30,31,32,33,36,37,38,39,40,43,44,45,46,47], 13[22,29,30,31,32,33,34,36,37,38,39,40,41,43,44,45,46,47,48], 15[22,26,27,29,30,31,32,33,34,35,36,37,38,39,40,41,42,43,44,45,46,47,48,49], 17[22,26,27,28,29,30,31,32,33,34,35,36,37,38,39,40,41,42,43,44,45,46,47,48,49], 19[22,26,27,28,29,30,31,32,33,34,35,36,37,38,39,40,41,42,43,44,45,46,47,48,49], 21[22,26,27,28,29,30,31,32,33,34,35,36,37,38,39,40,41,42,43,44,45,46,47,48,49], 23[22,26,27,28,29,30,31,32,33,34,35,36,37,38,39,40,41,42,43,44,45,46,47,48,49], 25[22,26,27,28,29,30,31,32,33,34,35,36,37,38,39,40,41,42,43,44,45,46,47,48,49]]
   00:00:00:00:00:16    00:00:00:00:00:0e  [11[16,17,18,19,20,22,23,26,27,34,41,48], 13[16,17,18,19,22,23,26,27,28,33,34,35,40,41,42,47,48,49], 15[16,17,18,19,22,23,26,27,28,32,33,34,35,39,40,41,42,46,47,48,49], 17[16,17,18,19,22,23,26,27,28,31,32,33,34,35,38,39,40,41,42,45,46,47,48,49], 19[16,17,18,19,22,23,26,27,28,30,31,32,33,34,35,37,38,39,40,41,42,44,45,46,47,48,49], 21[16,17,18,19,22,23,26,27,28,29,30,31,32,33,34,35,36,37,38,39,40,41,42,43,44,45,46,47,48,49], 23[16,17,18,19,22,23,26,27,28,29,30,31,32,33,34,35,36,37,38,39,40,41,42,43,44,45,46,47,48,49], 25[16,17,18,19,22,23,26,27,28,29,30,31,32,33,34,35,36,37,38,39,40,41,42,43,44,45,46,47,48,49], 27[16,17,18,19,22,23,26,27,28,29,30,31,32,33,34,35,36,37,38,39,40,41,42,43,44,45,46,47,48,49], 29[16,17,18,19,22,23,26,27,28,29,30,31,32,33,34,35,36,37,38,39,40,41,42,43,44,45,46,47,48,49]]
   00:00:00:00:00:16    00:00:00:00:00:0f  [8[22,23,24,25,26,33,40,47], 10[22,23,24,25,26,27,33,34,40,47], 12[22,23,24,25,26,27,28,32,33,34,35,39,40,41,42,46,47,48,49], 14[22,23,24,25,26,27,28,31,32,33,34,35,38,39,40,41,42,45,46,47,48,49], 16[22,23,24,25,26,27,28,30,31,32,33,34,35,37,38,39,40,41,42,44,45,46,47,48,49], 18[22,23,24,25,26,27,28,29,30,31,32,33,34,35,36,37,38,39,40,41,42,43,44,45,46,47,48,49], 20[22,23,24,25,26,27,28,29,30,31,32,33,34,35,36,37,38,39,40,41,42,43,44,45,46,47,48,49], 22[22,23,24,25,26,27,28,29,30,31,32,33,34,35,36,37,38,39,40,41,42,43,44,45,46,47,48,49], 24[22,23,24,25,26,27,28,29,30,31,32,33,34,35,36,37,38,39,40,41,42,43,44,45,46,47,48,49], 26[22,23,24,25,26,27,28,29,30,31,32,33,34,35,36,37,38,39,40,41,42,43,44,45,46,47,48,49], 28[22,23,24,25,26,27,28,29,30,31,32,33,34,35,36,37,38,39,40,41,42,43,44,45,46,47,48,49]]
   00:00:00:00:00:16    00:00:00:00:00:0a  [9[16,17,18,19,20,21,22,23,27,28], 11[16,17,18,19,20,22,23,27,28,34,35], 13[16,17,18,19,20,22,23,26,27,28,33,34,35,41,42], 15[16,17,18,19,20,22,23,26,27,28,33,34,35,40,41,42], 17[16,17,18,19,20,22,23,26,27,28,32,33,34,35,39,40,41,42,47,48,49], 19[16,17,18,19,20,22,23,26,27,28,31,32,33,34,35,38,39,40,41,42,46,47,48,49], 21[16,17,18,19,20,22,23,26,27,28,30,31,32,33,34,35,37,38,39,40,41,42,45,46,47,48,49], 23[16,17,18,19,20,22,23,26,27,28,29,30,31,32,33,34,35,36,37,38,39,40,41,42,44,45,46,47,48,49], 25[16,17,18,19,20,22,23,26,27,28,29,30,31,32,33,34,35,36,37,38,39,40,41,42,43,44,45,46,47,48,49], 27[16,17,18,19,20,22,23,26,27,28,29,30,31,32,33,34,35,36,37,38,39,40,41,42,43,44,45,46,47,48,49], 29[16,17,18,19,20,22,23,26,27,28,29,30,31,32,33,34,35,36,37,38,39,40,41,42,43,44,45,46,47,48,49], 31[16,17,18,19,20,22,23,26,27,28,29,30,31,32,33,34,35,36,37,38,39,40,41,42,43,44,45,46,47,48,49]]
   00:00:00:00:00:16    00:00:00:00:00:01  [4[1,8,15,22], 6[1,2,8,9,15,16,22,23], 8[1,2,3,8,9,10,15,16,17,22,23,29,30], 10[1,2,3,8,9,10,15,16,17,22,23,24,29,30,31,36,37], 12[1,2,3,4,8,9,10,11,15,16,17,18,22,23,24,25,29,30,31,32,36,37,38,43,44], 14[1,2,3,4,8,9,10,11,15,16,17,18,22,23,24,25,29,30,31,32,36,37,38,39,43,44,45], 16[1,2,3,4,8,9,10,11,15,16,17,18,22,23,24,25,29,30,31,32,36,37,38,39,43,44,45,46], 18[1,2,3,4,8,9,10,11,15,16,17,18,22,23,24,25,29,30,31,32,36,37,38,39,43,44,45,46], 20[1,2,3,4,8,9,10,11,15,16,17,18,22,23,24,25,29,30,31,32,36,37,38,39,43,44,45,46]]
   00:00:00:00:00:16    00:00:00:00:00:11  [6[22,23,24,30,31,37,38,45], 8[22,23,29,30,31,32,36,37,38,39,43,44,45,46], 10[22,23,29,30,31,32,33,36,37,38,39,40,43,44,45,46,47], 12[22,23,29,30,31,32,33,34,36,37,38,39,40,41,43,44,45,46,47,48], 14[22,23,26,27,29,30,31,32,33,34,35,36,37,38,39,40,41,42,43,44,45,46,47,48,49], 16[22,23,26,27,28,29,30,31,32,33,34,35,36,37,38,39,40,41,42,43,44,45,46,47,48,49], 18[22,23,26,27,28,29,30,31,32,33,34,35,36,37,38,39,40,41,42,43,44,45,46,47,48,49], 20[22,23,26,27,28,29,30,31,32,33,34,35,36,37,38,39,40,41,42,43,44,45,46,47,48,49], 22[22,23,26,27,28,29,30,31,32,33,34,35,36,37,38,39,40,41,42,43,44,45,46,47,48,49], 24[22,23,26,27,28,29,30,31,32,33,34,35,36,37,38,39,40,41,42,43,44,45,46,47,48,49], 26[22,23,26,27,28,29,30,31,32,33,34,35,36,37,38,39,40,41,42,43,44,45,46,47,48,49]]
   00:00:00:00:00:16    00:00:00:00:00:14  [3[22,29,36], 5[22,29,30,36,37], 7[22,29,30,31,36,37,38], 9[22,29,30,31,32,36,37,38,39], 11[22,29,30,31,32,33,36,37,38,39,40,43,44,45,46], 13[22,29,30,31,32,33,34,36,37,38,39,40,41,43,44,45,46,47], 15[22,26,27,29,30,31,32,33,34,35,36,37,38,39,40,41,42,43,44,45,46,47,48], 17[22,26,27,28,29,30,31,32,33,34,35,36,37,38,39,40,41,42,43,44,45,46,47,48,49], 19[22,26,27,28,29,30,31,32,33,34,35,36,37,38,39,40,41,42,43,44,45,46,47,48,49], 21[22,26,27,28,29,30,31,32,33,34,35,36,37,38,39,40,41,42,43,44,45,46,47,48,49], 23[22,26,27,28,29,30,31,32,33,34,35,36,37,38,39,40,41,42,43,44,45,46,47,48,49], 25[22,26,27,28,29,30,31,32,33,34,35,36,37,38,39,40,41,42,43,44,45,46,47,48,49]]
   00:00:00:00:00:16    00:00:00:00:00:0c  [11[16,17,18,19,20,21,22,23,27,28,34,35,42], 13[16,17,18,19,20,22,23,26,27,28,33,34,35,40,41,42], 15[16,17,18,19,20,22,23,26,27,28,32,33,34,35,39,40,41,42,48,49], 17[16,17,18,19,20,22,23,26,27,28,31,32,33,34,35,38,39,40,41,42,47,48,49], 19[16,17,18,19,20,22,23,26,27,28,30,31,32,33,34,35,37,38,39,40,41,42,45,46,47,48,49], 21[16,17,18,19,20,22,23,26,27,28,29,30,31,32,33,34,35,36,37,38,39,40,41,42,44,45,46,47,48,49], 23[16,17,18,19,20,22,23,26,27,28,29,30,31,32,33,34,35,36,37,38,39,40,41,42,43,44,45,46,47,48,49], 25[16,17,18,19,20,22,23,26,27,28,29,30,31,32,33,34,35,36,37,38,39,40,41,42,43,44,45,46,47,48,49], 27[16,17,18,19,20,22,23,26,27,28,29,30,31,32,33,34,35,36,37,38,39,40,41,42,43,44,45,46,47,48,49], 29[16,17,18,19,20,22,23,26,27,28,29,30,31,32,33,34,35,36,37,38,39,40,41,42,43,44,45,46,47,48,49]]
   00:00:00:00:00:16    00:00:00:00:00:10  [7[22,23,24,25,31,32,38,39,46], 9[22,23,24,30,31,32,33,37,38,39,40,44,45,46,47], 11[22,23,24,29,30,31,32,33,34,36,37,38,39,40,41,43,44,45,46,47,48], 13[22,23,24,26,27,29,30,31,32,33,34,35,36,37,38,39,40,41,42,43,44,45,46,47,48,49], 15[22,23,24,26,27,28,29,30,31,32,33,34,35,36,37,38,39,40,41,42,43,44,45,46,47,48,49], 17[22,23,24,26,27,28,29,30,31,32,33,34,35,36,37,38,39,40,41,42,43,44,45,46,47,48,49], 19[22,23,24,26,27,28,29,30,31,32,33,34,35,36,37,38,39,40,41,42,43,44,45,46,47,48,49], 21[22,23,24,26,27,28,29,30,31,32,33,34,35,36,37,38,39,40,41,42,43,44,45,46,47,48,49], 23[22,23,24,26,27,28,29,30,31,32,33,34,35,36,37,38,39,40,41,42,43,44,45,46,47,48,49], 25[22,23,24,26,27,28,29,30,31,32,33,34,35,36,37,38,39,40,41,42,43,44,45,46,47,48,49], 27[22,23,24,26,27,28,29,30,31,32,33,34,35,36,37,38,39,40,41,42,43,44,45,46,47,48,49]]
   00:00:00:00:00:16    00:00:00:00:00:13  [4[22,29,36,43], 6[22,29,30,36,37,43], 8[22,29,30,31,36,37,38,43], 10[22,29,30,31,32,36,37,38,39,43,44,45,46], 12[22,29,30,31,32,33,36,37,38,39,40,43,44,45,46,47], 14[22,29,30,31,32,33,34,36,37,38,39,40,41,43,44,45,46,47,48], 16[22,26,27,29,30,31,32,33,34,35,36,37,38,39,40,41,42,43,44,45,46,47,48,49], 18[22,26,27,28,29,30,31,32,33,34,35,36,37,38,39,40,41,42,43,44,45,46,47,48,49], 20[22,26,27,28,29,30,31,32,33,34,35,36,37,38,39,40,41,42,43,44,45,46,47,48,49], 22[22,26,27,28,29,30,31,32,33,34,35,36,37,38,39,40,41,42,43,44,45,46,47,48,49], 24[22,26,27,28,29,30,31,32,33,34,35,36,37,38,39,40,41,42,43,44,45,46,47,48,49]]
   00:00:00:00:00:12    00:00:00:00:00:05  [10[4,5,11,12,18,19,23,24,25,26,30,31,32,33,37,44], 12[4,5,6,11,12,13,18,19,20,23,24,25,26,27,30,31,32,33,34,37,38,39,40,44], 14[4,5,6,11,12,13,18,19,20,23,24,25,26,27,30,31,32,33,34,37,38,39,40,41,44,45,46,47], 16[4,5,6,11,12,13,18,19,20,23,24,25,26,27,30,31,32,33,34,37,38,39,40,41,44,45,46,47,48], 18[4,5,6,11,12,13,18,19,20,23,24,25,26,27,30,31,32,33,34,37,38,39,40,41,44,45,46,47,48], 20[4,5,6,11,12,13,18,19,20,25,26,27,30,31,32,33,34,37,38,39,40,41,44,45,46,47,48], 22[4,5,11,12,18,19,25,26,27,30,31,32,33,34,37,38,39,40,41,44,45,46,47,48]]
   00:00:00:00:00:12    00:00:00:00:00:15  [4[29,30,36,37,43,44], 6[22,23,29,30,31,36,37,38,43,44,45], 8[15,16,22,23,24,29,30,31,32,36,37,38,39,43,44,45,46], 10[15,16,17,22,23,24,25,29,30,31,32,33,36,37,38,39,40,43,44,45,46,47], 12[15,16,17,22,23,24,25,26,29,30,31,32,33,36,37,38,39,40,43,44,45,46,47], 14[15,16,17,22,23,24,25,26,29,30,31,32,33,36,37,38,39,40,43,44,45,46,47], 16[15,16,17,22,23,24,25,26,29,30,31,32,33,36,37,38,39,40,43,44,45,46,47], 18[15,16,17,22,23,24,25,26,29,30,31,32,33,36,37,38,39,40,43,44,45,46,47], 20[22,23,24,25,26,29,30,31,32,33,36,37,38,39,40,43,44,45,46,47]]
   00:00:00:00:00:12    00:00:00:00:00:09  [10[18,19,20,21,23,24,25,26,27,28,30,37,44], 12[19,20,21,23,24,25,26,27,28,30,32,33,34,35,37,44], 14[19,20,21,23,24,25,26,27,28,30,32,33,34,35,37,39,40,41,42,44], 16[19,20,21,23,24,25,26,27,28,30,32,33,34,35,37,39,40,41,42,44,47,48,49], 18[19,20,21,23,24,25,26,27,28,30,31,32,33,34,35,37,38,39,40,41,42,44,46,47,48,49], 20[19,20,21,23,24,25,26,27,28,30,31,32,33,34,35,37,38,39,40,41,42,44,45,46,47,48,49], 22[19,20,21,23,24,25,26,27,28,30,31,32,33,34,35,37,38,39,40,41,42,44,45,46,47,48,49], 24[19,20,21,23,24,25,26,27,28,30,31,32,33,34,35,37,38,39,40,41,42,44,45,46,47,48,49], 26[19,20,21,23,24,25,26,27,28,30,31,32,33,34,35,37,38,39,40,41,42,44,45,46,47,48,49]]
   00:00:00:00:00:12    00:00:00:00:00:08  [11[13,14,18,19,20,21,23,24,25,26,27,28,30,37,44], 13[13,14,19,20,21,23,24,25,26,27,28,30,33,34,35,37,44], 15[13,14,19,20,21,23,24,25,26,27,28,30,33,34,35,37,40,41,42,44], 17[13,14,19,20,21,23,24,25,26,27,28,30,32,33,34,35,37,39,40,41,42,44,47,48,49], 19[13,14,19,20,21,23,24,25,26,27,28,30,31,32,33,34,35,37,38,39,40,41,42,44,46,47,48,49], 21[13,14,19,20,21,23,24,25,26,27,28,30,31,32,33,34,35,37,38,39,40,41,42,44,45,46,47,48,49], 23[13,14,19,20,21,23,24,25,26,27,28,30,31,32,33,34,35,37,38,39,40,41,42,44,45,46,47,48,49], 25[13,14,19,20,21,23,24,25,26,27,28,30,31,32,33,34,35,37,38,39,40,41,42,44,45,46,47,48,49], 27[13,14,19,20,21,23,24,25,26,27,28,30,31,32,33,34,35,37,38,39,40,41,42,44,45,46,47,48,49]]
   00:00:00:00:00:12    00:00:00:00:00:0d  [6[44,45,46,47,48,49], 8[37,38,39,40,41,42,44,45,46,47,48,49], 10[32,33,34,35,37,38,39,40,41,42,44,45,46,47,48,49], 12[26,27,28,32,33,34,35,37,38,39,40,41,42,44,45,46,47,48,49], 14[20,21,26,27,28,32,33,34,35,37,38,39,40,41,42,44,45,46,47,48,49], 16[20,21,26,27,28,32,33,34,35,37,38,39,40,41,42,44,45,46,47,48,49], 18[20,21,26,27,28,32,33,34,35,37,38,39,40,41,42,44,45,46,47,48,49], 20[20,21,26,27,28,32,33,34,35,37,38,39,40,41,42,44,45,46,47,48,49]]
   00:00:00:00:00:12    00:00:00:00:00:04  [9[3,4,10,11,17,18,23,24,25,30,31,32,37,38,39,44,45,46], 11[3,4,5,10,11,12,17,18,19,24,25,26,30,31,32,33,37,38,39,40,44,45,46,47], 13[3,4,5,6,10,11,12,13,17,18,19,20,24,25,26,27,30,31,32,33,34,37,38,39,40,44,45,46,47], 15[3,4,5,6,10,11,12,13,17,18,19,20,24,25,26,27,30,31,32,33,34,37,38,39,40,41,44,45,46,47], 17[4,5,6,11,12,13,18,19,20,25,26,27,30,31,32,33,34,37,38,39,40,41,44,45,46,47,48], 19[4,5,6,11,12,13,18,19,20,25,26,27,30,31,32,33,34,37,38,39,40,41,44,45,46,47,48], 21[4,5,6,11,12,13,18,19,20,25,26,27,30,31,32,33,34,37,38,39,40,41,44,45,46,47,48]]
   00:00:00:00:00:12    00:00:00:00:00:02  [7[2,9,16,23,30,37,44], 9[1,2,3,8,9,10,15,16,17,22,23,24,29,30,31,36,37,38,43,44,45], 11[1,2,3,4,8,9,10,11,15,16,17,18,22,23,24,25,29,30,31,32,36,37,38,39,43,44,45], 13[1,2,3,4,8,9,10,11,15,16,17,18,22,23,24,25,29,30,31,32,36,37,38,39,43,44,45,46], 15[1,2,3,4,8,9,10,11,15,16,17,18,22,23,24,25,29,30,31,32,36,37,38,39,43,44,45,46], 17[1,2,3,4,8,9,10,11,15,16,17,18,22,23,24,25,29,30,31,32,36,37,38,39,43,44,45,46]]
   00:00:00:00:00:12    00:00:00:00:00:0b  [10[23,24,25,26,27,28,30,32,33,34,35,37,44], 12[18,19,20,21,23,24,25,26,27,28,30,32,33,34,35,37,39,40,41,42,44], 14[19,20,21,23,24,25,26,27,28,30,31,32,33,34,35,37,38,39,40,41,42,44,46,47,48,49], 16[19,20,21,23,24,25,26,27,28,30,31,32,33,34,35,37,38,39,40,41,42,44,45,46,47,48,49], 18[19,20,21,23,24,25,26,27,28,30,31,32,33,34,35,37,38,39,40,41,42,44,45,46,47,48,49], 20[19,20,21,23,24,25,26,27,28,30,31,32,33,34,35,37,38,39,40,41,42,44,45,46,47,48,49], 22[19,20,21,23,24,25,26,27,28,30,31,32,33,34,35,37,38,39,40,41,42,44,45,46,47,48,49], 24[19,20,21,23,24,25,26,27,28,30,31,32,33,34,35,37,38,39,40,41,42,44,45,46,47,48,49], 26[20,21,23,24,25,26,27,28,30,31,32,33,34,35,37,38,39,40,41,42,44,45,46,47,48,49]]
   00:00:00:00:00:12    00:00:00:00:00:17  [6[15,16,22,23,29,30,36,37,43,44], 8[8,9,15,16,17,22,23,24,29,30,31,36,37,38,43,44,45], 10[8,9,15,16,17,18,22,23,24,25,29,30,31,32,36,37,38,39,43,44,45], 12[8,9,15,16,17,18,19,22,23,24,25,26,29,30,31,32,33,36,37,38,39,40,43,44,45,46], 14[8,9,15,16,17,18,19,22,23,24,25,26,29,30,31,32,33,36,37,38,39,40,44,45,46,47], 16[8,9,15,16,17,18,19,22,23,24,25,26,29,30,31,32,33,36,37,38,39,40,44,45,46,47], 18[15,16,17,18,19,22,23,24,25,26,29,30,31,32,33,36,37,38,39,40,44,45,46,47], 20[15,16,17,18,19,22,23,24,25,26,29,30,31,32,33,36,37,38,39,40,44,45,46,47]]
   00:00:00:00:00:12    00:00:00:00:00:03  [8[2,3,9,10,16,17,23,24,30,31,37,38,44,45], 10[2,3,4,9,10,11,16,17,18,23,24,25,30,31,32,37,38,39,44,45,46], 12[2,3,4,5,9,10,11,12,16,17,18,19,23,24,25,26,30,31,32,33,37,38,39,40,44,45,46,47], 14[2,3,4,5,9,10,11,12,16,17,18,19,23,24,25,26,30,31,32,33,37,38,39,40,44,45,46,47], 16[2,3,4,5,9,10,11,12,16,17,18,19,23,24,25,26,30,31,32,33,37,38,39,40,44,45,46,47], 18[3,4,5,10,11,12,17,18,19,24,25,26,30,31,32,33,37,38,39,40,44,45,46,47]]
   00:00:00:00:00:12    00:00:00:00:00:07  [12[6,7,13,14,18,19,20,21,23,24,25,26,27,28,30,37,44], 14[6,7,13,14,19,20,21,23,24,25,26,27,28,30,33,34,35,37,44], 16[6,7,13,14,19,20,21,23,24,25,26,27,28,30,33,34,35,37,40,41,42,44], 18[6,7,13,14,19,20,21,23,24,25,26,27,28,30,32,33,34,35,37,39,40,41,42,44,47,48,49], 20[6,7,13,14,19,20,21,23,24,25,26,27,28,30,31,32,33,34,35,37,38,39,40,41,42,44,46,47,48,49], 22[6,7,13,14,19,20,21,23,24,25,26,27,28,30,31,32,33,34,35,37,38,39,40,41,42,44,45,46,47,48,49], 24[6,7,13,14,19,20,21,23,24,25,26,27,28,30,31,32,33,34,35,37,38,39,40,41,42,44,45,46,47,48,49], 26[6,7,13,14,19,20,21,23,24,25,26,27,28,30,31,32,33,34,35,37,38,39,40,41,42,44,45,46,47,48,49], 28[6,7,13,14,19,20,21,23,24,25,26,27,28,30,31,32,33,34,35,37,38,39,40,41,42,44,45,46,47,48,49]]
   00:00:00:00:00:12    00:00:00:00:00:18  [7[8,9,15,16,22,23,29,30,36,37,43,44], 9[1,2,8,9,10,15,16,17,22,23,24,29,30,31,36,37,38,43,44,45], 11[1,2,8,9,10,11,15,16,17,18,22,23,24,25,29,30,31,32,36,37,38,39,43,44,45], 13[1,2,8,9,10,11,15,16,17,18,22,23,24,25,29,30,31,32,36,37,38,39,43,44,45,46], 15[1,2,8,9,10,11,15,16,17,18,22,23,24,25,29,30,31,32,36,37,38,39,43,44,45,46], 17[1,2,8,9,10,11,15,16,17,18,22,23,24,25,29,30,31,32,36,37,38,39,43,44,45,46]]
   00:00:00:00:00:12    00:00:00:00:00:06  [11[5,6,12,13,18,19,20,23,24,25,26,27,30,37,44], 13[6,7,13,14,20,21,23,24,25,26,27,28,30,33,34,37,44], 15[6,7,13,14,20,21,23,24,25,26,27,28,30,33,34,35,37,40,41,44], 17[6,7,13,14,20,21,23,24,25,26,27,28,30,32,33,34,35,37,39,40,41,42,44,47,48], 19[6,7,13,14,20,21,23,24,25,26,27,28,30,31,32,33,34,35,37,38,39,40,41,42,44,46,47,48,49], 21[6,7,13,14,20,21,23,24,25,26,27,28,30,31,32,33,34,35,37,38,39,40,41,42,44,45,46,47,48,49], 23[6,7,13,14,20,21,23,24,25,26,27,28,30,31,32,33,34,35,37,38,39,40,41,42,44,45,46,47,48,49], 25[6,7,13,14,20,21,23,24,25,26,27,28,30,31,32,33,34,35,37,38,39,40,41,42,44,45,46,47,48,49], 27[6,7,13,14,20,21,23,24,25,26,27,28,30,31,32,33,34,35,37,38,39,40,41,42,44,45,46,47,48,49]]
   00:00:00:00:00:12    00:00:00:00:00:16  [5[22,23,29,30,36,37,43,44], 7[15,16,22,23,24,29,30,31,36,37,38,43,44,45], 9[15,16,17,22,23,24,25,29,30,31,32,36,37,38,39,43,44,45,46], 11[15,16,17,22,23,24,25,26,29,30,31,32,33,36,37,38,39,40,43,44,45,46,47], 13[15,16,17,22,23,24,25,26,29,30,31,32,33,36,37,38,39,40,43,44,45,46,47], 15[15,16,17,22,23,24,25,26,29,30,31,32,33,36,37,38,39,40,43,44,45,46,47], 17[15,16,17,22,23,24,25,26,29,30,31,32,33,36,37,38,39,40,43,44,45,46,47], 19[15,16,17,22,23,24,25,26,29,30,31,32,33,36,37,38,39,40,43,44,45,46,47]]
   00:00:00:00:00:12    00:00:00:00:00:0e  [5[44,45,46,47,48], 7[37,38,39,40,41,44,45,46,47,48], 9[31,32,33,34,36,37,38,39,40,41,42,43,44,45,46,47,48,49], 11[26,27,31,32,33,34,35,36,37,38,39,40,41,42,43,44,45,46,47,48,49], 13[26,27,28,31,32,33,34,35,36,37,38,39,40,41,42,43,44,45,46,47,48,49], 15[26,27,28,31,32,33,34,35,36,37,38,39,40,41,42,43,44,45,46,47,48,49], 17[26,27,28,31,32,33,34,35,36,37,38,39,40,41,42,43,44,45,46,47,48,49], 19[26,27,28,31,32,33,34,35,36,37,38,39,40,41,42,43,44,45,46,47,48,49], 21[26,27,28,31,32,33,34,35,36,37,38,39,40,41,42,43,44,45,46,47,48,49]]
   00:00:00:00:00:12    00:00:00:00:00:0f  [4[44,45,46,47], 6[37,38,39,40,44,45,46,47], 8[31,32,33,36,37,38,39,40,41,43,44,45,46,47,48], 10[31,32,33,34,36,37,38,39,40,41,42,43,44,45,46,47,48,49], 12[26,27,31,32,33,34,35,36,37,38,39,40,41,42,43,44,45,46,47,48,49], 14[26,27,28,31,32,33,34,35,36,37,38,39,40,41,42,43,44,45,46,47,48,49], 16[26,27,28,31,32,33,34,35,36,37,38,39,40,41,42,43,44,45,46,47,48,49], 18[26,27,28,31,32,33,34,35,36,37,38,39,40,41,42,43,44,45,46,47,48,49], 20[26,27,28,31,32,33,34,35,36,37,38,39,40,41,42,43,44,45,46,47,48,49]]
   00:00:00:00:00:12    00:00:00:00:00:0a  [9[23,24,25,26,27,28,30,37,44], 11[18,19,20,21,23,24,25,26,27,28,30,32,33,34,35,37,44], 13[20,21,23,24,25,26,27,28,30,32,33,34,35,37,39,40,41,42,44], 15[20,21,23,24,25,26,27,28,30,31,32,33,34,35,37,38,39,40,41,42,44,46,47,48,49], 17[20,21,23,24,25,26,27,28,30,31,32,33,34,35,37,38,39,40,41,42,44,45,46,47,48,49], 19[20,21,23,24,25,26,27,28,30,31,32,33,34,35,37,38,39,40,41,42,44,45,46,47,48,49], 21[20,21,23,24,25,26,27,28,30,31,32,33,34,35,37,38,39,40,41,42,44,45,46,47,48,49], 23[20,21,23,24,25,26,27,28,30,31,32,33,34,35,37,38,39,40,41,42,44,45,46,47,48,49], 25[20,21,23,24,25,26,27,28,30,31,32,33,34,35,37,38,39,40,41,42,44,45,46,47,48,49]]
   00:00:00:00:00:12    00:00:00:00:00:01  [8[1,2,8,9,15,16,22,23,29,30,36,37,43,44], 10[1,2,3,8,9,10,15,16,17,22,23,24,29,30,31,36,37,38,43,44,45], 12[1,2,3,4,8,9,10,11,15,16,17,18,22,23,24,25,29,30,31,32,36,37,38,39,43,44,45], 14[1,2,3,4,8,9,10,11,15,16,17,18,22,23,24,25,29,30,31,32,36,37,38,39,43,44,45,46], 16[1,2,3,4,8,9,10,11,15,16,17,18,22,23,24,25,29,30,31,32,36,37,38,39,43,44,45,46], 18[1,2,3,4,8,9,10,11,15,16,17,18,22,23,24,25,29,30,31,32,36,37,38,39,44,45,46]]
   00:00:00:00:00:12    00:00:00:00:00:11  [2[44,45], 4[37,38,44,45], 6[30,31,36,37,38,39,43,44,45,46], 8[30,31,32,36,37,38,39,40,43,44,45,46,47], 10[30,31,32,33,36,37,38,39,40,41,43,44,45,46,47,48], 12[30,31,32,33,34,36,37,38,39,40,41,42,43,44,45,46,47,48,49], 14[26,27,30,31,32,33,34,35,36,37,38,39,40,41,42,43,44,45,46,47,48,49], 16[26,27,28,30,31,32,33,34,35,36,37,38,39,40,41,42,43,44,45,46,47,48,49], 18[26,27,28,30,31,32,33,34,35,36,37,38,39,40,41,42,43,44,45,46,47,48,49], 20[26,27,28,30,31,32,33,34,35,36,37,38,39,40,41,42,43,44,45,46,47,48,49], 22[26,27,28,30,31,32,33,34,35,36,37,38,39,40,41,42,43,44,45,46,47,48,49]]
   00:00:00:00:00:12    00:00:00:00:00:14  [3[36,37,43,44], 5[29,30,36,37,38,44,45], 7[22,23,29,30,31,36,37,38,39,44,45,46], 9[15,16,22,23,24,29,30,31,32,36,37,38,39,40,44,45,46,47], 11[15,16,17,22,23,24,25,29,30,31,32,33,36,37,38,39,40,41,44,45,46,47,48], 13[15,16,17,22,23,24,25,26,29,30,31,32,33,36,37,38,39,40,41,44,45,46,47,48], 15[15,16,17,22,23,24,25,26,29,30,31,32,33,36,37,38,39,40,41,44,45,46,47,48], 17[15,16,17,22,23,24,25,26,29,30,31,32,33,36,37,38,39,40,41,44,45,46,47,48], 19[15,16,22,23,24,25,26,29,30,31,32,33,36,37,38,39,40,41,44,45,46,47,48], 21[15,16,22,23,24,25,26,29,30,31,32,33,36,37,38,39,40,41,44,45,46,47,48]]
   00:00:00:00:00:12    00:00:00:00:00:0c  [7[37,38,39,40,41,42,44,45,46,47,48,49], 9[32,33,34,35,37,38,39,40,41,42,44,45,46,47,48,49], 11[26,27,28,32,33,34,35,37,38,39,40,41,42,44,45,46,47,48,49], 13[19,20,21,26,27,28,32,33,34,35,37,38,39,40,41,42,44,45,46,47,48,49], 15[13,14,19,20,21,26,27,28,32,33,34,35,37,38,39,40,41,42,44,45,46,47,48,49], 17[13,14,19,20,21,26,27,28,32,33,34,35,37,38,39,40,41,42,44,45,46,47,48,49], 19[13,14,19,20,21,26,27,28,32,33,34,35,37,38,39,40,41,42,44,45,46,47,48,49], 21[13,14,20,21,26,27,28,32,33,34,35,37,38,39,40,41,42,44,47,48,49]]
   00:00:00:00:00:12    00:00:00:00:00:10  [3[44,45,46], 5[37,38,39,44,45,46], 7[31,32,36,37,38,39,40,43,44,45,46,47], 9[31,32,33,36,37,38,39,40,41,43,44,45,46,47,48], 11[25,26,31,32,33,34,36,37,38,39,40,41,42,43,44,45,46,47,48,49], 13[25,26,27,31,32,33,34,35,36,37,38,39,40,41,42,43,44,45,46,47,48,49], 15[25,26,27,28,31,32,33,34,35,36,37,38,39,40,41,42,43,44,45,46,47,48,49], 17[25,26,27,28,31,32,33,34,35,36,37,38,39,40,41,42,43,44,45,46,47,48,49], 19[25,26,27,28,31,32,33,34,35,36,37,38,39,40,41,42,43,44,45,46,47,48,49], 21[25,26,27,28,31,32,33,34,35,36,37,38,39,40,41,42,43,44,46,47,48,49]]
   00:00:00:00:00:12    00:00:00:00:00:13  [2[43,44], 4[36,37,43,44], 6[29,30,36,37,38,43,44,45], 8[22,23,29,30,31,36,37,38,39,43,44,45,46], 10[15,16,22,23,24,29,30,31,32,36,37,38,39,40,43,44,45,46,47], 12[15,16,17,22,23,24,25,29,30,31,32,33,36,37,38,39,40,41,43,44,45,46,47,48], 14[15,16,17,22,23,24,25,26,29,30,31,32,33,36,37,38,39,40,41,43,44,45,46,47,48], 16[15,16,17,22,23,24,25,26,29,30,31,32,33,36,37,38,39,40,41,43,44,45,46,47,48], 18[15,16,17,22,23,24,25,26,29,30,31,32,33,36,37,38,39,40,41,43,44,45,46,47,48], 20[15,16,22,23,24,25,26,29,30,31,32,33,36,37,38,39,40,41,43,44,45,46,47,48], 22[15,16,22,23,24,25,26,29,30,31,32,33,36,37,38,39,40,41,43,44,45,46,47,48]]
   00:00:00:00:00:0e    00:00:00:00:00:05  [8[5,6,12,13,19,20,26,27,33,34,40,41,47,48], 10[4,5,6,7,11,12,13,14,18,19,20,21,25,26,27,28,32,33,34,35,39,40,41,42,46,47,48], 12[4,5,6,7,11,12,13,14,18,19,20,21,25,26,27,28,32,33,34,35,39,40,41,42,46,47,48], 14[4,5,6,7,11,12,13,14,18,19,20,21,25,26,27,28,32,33,34,35,39,40,41,42,46,47,48], 16[4,5,6,7,11,12,13,14,18,19,20,21,25,26,27,28,32,33,34,35,39,40,41,42,46,47,48], 18[4,5,11,12,18,19,25,26,27,28,32,33,34,35,39,40,41,42,46,47,48]]
   00:00:00:00:00:0e    00:00:00:00:00:15  [8[29,30,31,32,33,34,41,48], 10[22,23,24,25,26,27,29,30,31,32,33,34,36,37,38,39,40,41,48], 12[15,16,17,18,19,20,22,23,24,25,26,27,29,30,31,32,33,34,36,37,38,39,40,41,43,44,45,46,47,48], 14[15,16,22,23,24,25,26,27,29,30,31,32,33,34,36,37,38,39,40,41,43,44,45,46,47,48], 16[15,16,22,23,24,25,26,27,29,30,31,32,33,34,36,37,38,39,40,41,43,44,45,46,47,48], 18[15,16,22,23,24,25,26,27,29,30,31,32,33,34,36,37,38,39,40,41,43,44,45,46,47,48], 20[15,16,22,23,24,25,26,27,29,30,31,32,33,34,36,37,38,39,40,41,43,44,45,46,47,48], 22[15,16,22,23,24,25,26,27,29,30,31,32,33,34,36,37,38,39,40,41,43,44,45,46,47,48]]
   00:00:00:00:00:0e    00:00:00:00:00:09  [6[20,21,27,28,34,35,41,42,48,49], 8[13,14,19,20,21,26,27,28,33,34,35,40,41,42,47,48,49], 10[6,7,12,13,14,18,19,20,21,25,26,27,28,32,33,34,35,39,40,41,42,46,47,48,49], 12[6,7,12,13,14,17,18,19,20,21,24,25,26,27,28,31,32,33,34,35,39,40,41,42,46,47,48,49], 14[6,7,12,13,14,17,18,19,20,21,24,25,26,27,28,31,32,33,34,35,38,39,40,41,42,46,47,48,49], 16[6,7,12,13,14,17,18,19,20,21,24,25,26,27,28,31,32,33,34,35,38,39,40,41,42,45,46,47,48,49], 18[13,14,17,18,19,20,21,24,25,26,27,28,31,32,33,34,35,38,39,40,41,42,45,46,47,48,49], 20[13,14,17,18,19,20,21,24,25,26,27,28,31,32,33,34,35,38,39,40,41,42,45,46,47,48,49], 22[17,18,19,20,21,24,25,26,27,28,31,32,33,34,35,38,39,40,41,45,46,47,48]]
   00:00:00:00:00:0e    00:00:00:00:00:08  [7[13,14,20,21,27,28,34,35,41,42,48,49], 9[6,7,12,13,14,19,20,21,26,27,28,33,34,35,40,41,42,47,48,49], 11[5,6,7,11,12,13,14,18,19,20,21,25,26,27,28,32,33,34,35,39,40,41,42,47,48,49], 13[5,6,7,11,12,13,14,18,19,20,21,25,26,27,28,32,33,34,35,39,40,41,42,46,47,48,49], 15[5,6,7,11,12,13,14,18,19,20,21,25,26,27,28,32,33,34,35,39,40,41,42,46,47,48,49], 17[5,6,7,11,12,13,14,18,19,20,21,25,26,27,28,32,33,34,35,39,40,41,42,46,47,48,49], 19[11,12,13,14,18,19,20,21,25,26,27,28,32,33,34,35,39,40,41,42,46,47,48]]
   00:00:00:00:00:0e    00:00:00:00:00:0d  [2[48,49], 4[41,42,48,49], 6[34,35,40,41,42,47,48,49], 8[27,28,33,34,35,39,40,41,42,46,47,48,49], 10[20,21,26,27,28,32,33,34,35,38,39,40,41,42,45,46,47,48,49], 12[13,14,19,20,21,26,27,28,32,33,34,35,37,38,39,40,41,42,44,45,46,47,48,49], 14[12,13,14,18,19,20,21,25,26,27,28,32,33,34,35,37,38,39,40,41,42,44,45,46,47,48,49], 16[12,13,14,18,19,20,21,25,26,27,28,32,33,34,35,37,38,39,40,41,42,44,45,46,47,48,49], 18[12,13,14,18,19,20,21,25,26,27,28,32,33,34,35,37,38,39,40,41,42,44,45,46,47,48,49], 20[12,13,14,18,19,20,21,25,26,27,28,32,33,34,35,37,38,39,40,41,42,44,45,46,47,48,49], 22[13,14,19,20,21,26,27,28,32,33,34,35,37,38,39,40,41,42,44,45,46,47,48,49]]
   00:00:00:00:00:0e    00:00:00:00:00:04  [9[4,5,6,11,12,13,18,19,20,25,26,27,32,33,34,39,40,41,46,47,48], 11[3,4,5,6,10,11,12,13,17,18,19,20,24,25,26,27,31,32,33,34,38,39,40,41,45,46,47,48], 13[3,4,5,6,10,11,12,13,17,18,19,20,24,25,26,27,31,32,33,34,38,39,40,41,45,46,47,48], 15[3,4,5,6,10,11,12,13,17,18,19,20,24,25,26,27,31,32,33,34,38,39,40,41,45,46,47,48], 17[3,4,5,6,10,11,12,13,17,18,19,20,24,25,26,27,31,32,33,34,38,39,40,41,45,46,47,48], 19[3,4,10,11,17,18,24,25,26,27,31,32,33,34,38,39,40,41,45,46,47,48]]
   00:00:00:00:00:0e    00:00:00:00:00:02  [11[2,9,16,17,18,19,20,23,24,25,26,27,34,41,48], 13[2,3,9,10,16,17,23,24,25,26,27,30,31,32,34,41,48], 15[1,2,3,8,9,10,15,16,17,22,23,24,25,26,27,29,30,31,32,34,37,38,39,41,48], 17[1,2,3,8,9,10,15,16,17,22,23,24,25,26,27,29,30,31,32,33,34,36,37,38,39,40,41,44,45,48], 19[1,2,3,8,9,10,15,16,17,22,23,24,25,26,27,29,30,31,32,33,34,36,37,38,39,40,41,43,44,45,46,47,48], 21[1,2,3,8,9,10,15,16,17,22,23,24,25,26,27,29,30,31,32,33,34,36,37,38,39,40,41,43,44,45,46,47,48], 23[1,2,3,8,9,10,15,16,17,22,23,24,25,26,27,29,30,31,32,33,34,36,37,38,39,40,41,43,44,45,46,47,48], 25[1,2,3,8,9,10,15,16,17,22,23,24,25,26,27,29,30,31,32,33,34,36,37,38,39,40,41,43,44,45,46,47,48]]
   00:00:00:00:00:0e    00:00:00:00:00:0b  [4[34,35,41,42,48,49], 6[27,28,33,34,35,40,41,42,47,48,49], 8[20,21,26,27,28,32,33,34,35,39,40,41,42,46,47,48,49], 10[13,14,19,20,21,26,27,28,32,33,34,35,39,40,41,42,46,47,48,49], 12[12,13,14,18,19,20,21,25,26,27,28,32,33,34,35,39,40,41,42,46,47,48,49], 14[12,13,14,18,19,20,21,25,26,27,28,32,33,34,35,39,40,41,42,46,47,48,49], 16[12,13,14,18,19,20,21,25,26,27,28,32,33,34,35,39,40,41,42,46,47,48,49], 18[12,13,14,18,19,20,21,25,26,27,28,32,33,34,35,39,40,41,42,46,47,48,49], 20[18,19,20,21,25,26,27,28,32,33,34,35,39,40,41,42,46,47,48,49]]
   00:00:00:00:00:0e    00:00:00:00:00:17  [10[15,16,17,18,19,20,22,23,24,25,26,27,34,41,48], 12[15,16,17,22,23,24,25,26,27,29,30,31,32,34,41,48], 14[15,16,17,22,23,24,25,26,27,29,30,31,32,34,36,37,38,39,41,48], 16[15,16,17,22,23,24,25,26,27,29,30,31,32,33,34,36,37,38,39,40,41,43,44,45,48], 18[15,16,17,22,23,24,25,26,27,29,30,31,32,33,34,36,37,38,39,40,41,43,44,45,46,48], 20[15,16,17,22,23,24,25,26,27,29,30,31,32,33,34,36,37,38,39,40,41,43,44,45,46,47,48], 22[15,16,17,22,23,24,25,26,27,29,30,31,32,33,34,36,37,38,39,40,41,43,44,45,46,47,48], 24[15,16,22,23,24,25,26,27,29,30,31,32,33,34,36,37,38,39,40,41,43,44,45,46,47,48]]
   00:00:00:00:00:0e    00:00:00:00:00:03  [10[3,4,5,10,11,12,17,18,19,20,24,25,26,27,31,32,33,34,41,48], 12[2,3,4,9,10,11,16,17,18,23,24,25,26,27,30,31,32,33,34,38,39,40,41,48], 14[2,3,4,9,10,11,16,17,18,23,24,25,26,27,30,31,32,33,34,37,38,39,40,41,45,46,47,48], 16[2,3,4,9,10,11,16,17,18,23,24,25,26,27,30,31,32,33,34,37,38,39,40,41,44,45,46,47,48], 18[2,3,4,9,10,11,16,17,18,23,24,25,26,27,30,31,32,33,34,37,38,39,40,41,44,45,46,47,48], 20[2,3,4,9,10,11,16,17,18,23,24,25,26,27,30,31,32,33,34,37,38,39,40,41,44,45,46,47,48], 22[2,3,4,9,10,11,16,17,18,23,24,25,26,27,30,31,32,33,34,37,38,39,40,41,44,45,46,47,48]]
   00:00:00:00:00:0e    00:00:00:00:00:07  [8[6,7,13,14,20,21,27,28,34,35,41,42,48,49], 10[5,6,7,12,13,14,19,20,21,26,27,28,33,34,35,40,41,42,47,48,49], 12[4,5,6,7,11,12,13,14,18,19,20,21,25,26,27,28,32,33,34,35,40,41,42,47,48,49], 14[4,5,6,7,11,12,13,14,18,19,20,21,25,26,27,28,32,33,34,35,39,40,41,42,47,48,49], 16[4,5,6,7,11,12,13,14,18,19,20,21,25,26,27,28,32,33,34,35,39,40,41,42,46,47,48,49], 18[4,5,6,7,11,12,13,14,18,19,20,21,25,26,27,28,32,33,34,35,39,40,41,42,46,47,48,49], 20[4,5,6,7,11,12,13,14,18,19,20,21,25,26,27,28,32,33,34,35,39,40,41,46,47,48]]
   00:00:00:00:00:0e    00:00:00:00:00:18  [11[8,9,10,11,12,15,16,17,18,19,20,22,23,24,25,26,27,34,41,48], 13[8,9,10,15,16,17,22,23,24,25,26,27,29,30,31,32,34,41,48], 15[8,9,15,16,22,23,24,25,26,27,29,30,31,32,34,36,37,38,39,41,48], 17[8,9,10,15,16,17,22,23,24,25,26,27,29,30,31,32,33,34,36,37,38,39,40,41,43,44,45,48], 19[8,9,10,15,16,17,22,23,24,25,26,27,29,30,31,32,33,34,36,37,38,39,40,41,43,44,45,46,47,48], 21[8,9,10,15,16,17,22,23,24,25,26,27,29,30,31,32,33,34,36,37,38,39,40,41,43,44,45,46,47,48], 23[8,9,10,15,16,17,22,23,24,25,26,27,29,30,31,32,33,34,36,37,38,39,40,41,43,44,45,46,47,48], 25[8,9,10,15,16,17,22,23,24,25,26,27,29,30,31,32,33,34,36,37,38,39,40,41,43,44,45,46,47,48]]
   00:00:00:00:00:0e    00:00:00:00:00:06  [7[6,13,20,27,34,41,48], 9[5,6,7,12,13,14,19,20,21,26,27,28,33,34,35,40,41,42,47,48,49], 11[4,5,6,7,11,12,13,14,18,19,20,21,25,26,27,28,32,33,34,35,39,40,41,42,48,49], 13[4,5,6,7,11,12,13,14,18,19,20,21,25,26,27,28,32,33,34,35,39,40,41,42,46,47,48,49], 15[4,5,6,7,11,12,13,14,18,19,20,21,25,26,27,28,32,33,34,35,39,40,41,42,46,47,48,49], 17[4,5,6,11,12,13,18,19,20,25,26,27,28,32,33,34,35,39,40,41,42,46,47,48], 19[4,5,6,11,12,13,18,19,20,25,26,27,28,32,33,34,35,39,40,41,42,46,47,48]]
   00:00:00:00:00:0e    00:00:00:00:00:16  [9[22,23,24,25,26,27,29,30,31,32,33,34,40,41,48], 11[15,16,17,18,19,20,22,23,24,25,27,29,30,31,32,33,34,36,37,38,39,40,41,48], 13[15,16,22,23,24,25,29,30,31,32,33,34,36,37,38,39,40,41,43,44,45,46,47,48], 15[15,16,22,23,24,25,29,30,31,32,33,34,36,37,38,39,40,41,43,44,45,46,47,48], 17[15,16,22,23,24,25,29,30,31,32,33,34,36,37,38,39,40,41,43,44,45,46,47,48], 19[15,16,22,23,24,25,29,30,31,32,33,34,36,37,38,39,40,41,43,44,45,46,47,48], 21[15,16,22,23,24,25,29,30,31,32,33,34,36,37,38,39,40,41,43,44,45,46,47,48]]
   00:00:00:00:00:0e    00:00:00:00:00:12  [5[44,45,46,47,48], 7[37,38,39,40,41,44,45,46,47,48], 9[30,31,32,33,36,37,38,39,40,41,42,43,44,45,46,47,48,49], 11[23,24,25,26,29,30,31,32,33,36,37,38,39,40,41,42,43,44,45,46,47,48,49], 13[22,23,24,25,26,29,30,31,32,33,36,37,38,39,40,41,42,43,44,45,46,47,48,49], 15[22,23,24,25,26,29,30,31,32,33,36,37,38,39,40,41,42,43,44,45,46,47,48,49], 17[22,23,24,25,26,29,30,31,32,33,36,37,38,39,40,41,42,43,44,45,46,47,48,49], 19[22,23,24,25,26,29,30,31,32,33,36,37,38,39,40,41,43,44,45,46,47,48]]
   00:00:00:00:00:0e    00:00:00:00:00:0f  [2[47,48], 4[40,41,47,48], 6[33,34,39,40,41,46,47,48], 8[26,27,32,33,34,35,38,39,40,41,42,45,46,47,48], 10[26,27,28,31,32,33,34,35,37,38,39,40,41,42,44,45,46,47,48], 12[26,27,28,30,31,32,33,34,35,36,37,38,39,40,41,42,43,44,45,46,47,48], 14[26,27,28,29,30,31,32,33,34,35,36,37,38,39,40,41,42,43,44,45,46,47,48], 16[26,27,28,29,30,31,32,33,34,35,36,37,38,39,40,41,42,43,44,45,46,47,48], 18[26,27,28,29,30,31,32,33,34,35,36,37,38,39,40,41,42,43,44,45,46,47,48], 20[26,27,28,29,30,31,32,33,34,35,36,37,38,39,40,41,42,43,44,45,46,47,48], 22[26,27,28,29,30,31,32,33,34,35,36,37,38,39,40,41,42,43,44,45,46,47,48]]
   00:00:00:00:00:0e    00:00:00:00:00:0a  [5[27,28,34,35,41,42,48,49], 7[20,21,26,27,28,33,34,35,40,41,42,47,48,49], 9[13,14,19,20,21,26,27,28,33,34,35,40,41,42,47,48,49], 11[6,7,12,13,14,18,19,20,21,24,25,26,27,28,31,32,33,34,35,39,40,41,42,46,47,48,49], 13[6,7,12,13,14,17,18,19,20,21,24,25,26,27,28,31,32,33,34,35,38,39,40,41,42,46,47,48,49], 15[6,7,12,13,14,17,18,19,20,21,24,25,26,27,28,31,32,33,34,35,38,39,40,41,42,45,46,47,48,49], 17[6,7,12,13,14,17,18,19,20,21,24,25,26,27,28,31,32,33,34,35,38,39,40,41,42,45,46,47,48,49], 19[13,14,17,18,19,20,21,24,25,26,27,28,31,32,33,34,35,38,39,40,41,42,45,46,47,48,49], 21[13,14,17,18,19,20,21,24,25,26,27,28,31,32,33,34,38,39,40,41,45,46,47,48]]
   00:00:00:00:00:0e    00:00:00:00:00:01  [12[1,8,9,15,16,17,18,19,20,22,23,24,25,26,27,34,41,48], 14[1,2,3,8,9,10,15,16,17,22,23,24,25,26,27,29,30,31,32,34,41,48], 16[1,2,8,9,15,16,22,23,24,25,26,27,29,30,31,32,34,36,37,38,39,41,48], 18[1,2,3,8,9,10,15,16,17,22,23,24,25,26,27,29,30,31,32,33,34,36,37,38,39,40,41,43,44,45,48], 20[1,2,3,8,9,10,15,16,17,22,23,24,25,26,27,29,30,31,32,33,34,36,37,38,39,40,41,43,44,45,46,48], 22[1,2,3,8,9,10,15,16,17,22,23,24,25,26,27,29,30,31,32,33,34,36,37,38,39,40,41,43,44,45,46,47,48], 24[1,2,3,8,9,10,15,16,17,22,23,24,25,26,27,29,30,31,32,33,34,36,37,38,39,40,41,43,44,45,46,47,48], 26[1,2,8,9,15,16,22,23,24,25,26,27,29,30,31,32,33,34,36,37,38,39,40,41,43,44,45,46,47,48]]
   00:00:00:00:00:0e    00:00:00:00:00:11  [4[45,46,47,48], 6[38,39,40,41,45,46,47,48], 8[31,32,33,34,37,38,39,40,41,42,44,45,46,47,48,49], 10[24,25,26,30,31,32,33,34,36,37,38,39,40,41,42,43,44,45,46,47,48,49], 12[23,24,25,26,29,30,31,32,33,34,36,37,38,39,40,41,42,43,44,45,46,47,48,49], 14[22,23,24,25,26,29,30,31,32,33,34,36,37,38,39,40,41,42,43,44,45,46,47,48,49], 16[22,23,24,25,26,29,30,31,32,33,34,36,37,38,39,40,41,42,43,44,45,46,47,48,49], 18[22,23,24,25,26,29,30,31,32,33,34,36,37,38,39,40,41,42,43,44,45,46,47,48,49], 20[22,23,24,25,26,29,30,31,32,33,34,36,37,38,39,40,41,42,43,44,45,46,47,48,49]]
   00:00:00:00:00:0e    00:00:00:00:00:14  [7[36,37,38,39,40,41,43,44,45,46,47,48], 9[29,30,31,32,33,36,37,38,39,40,41,43,44,45,46,47,48], 11[22,23,24,25,26,29,30,31,32,33,36,37,38,39,40,41,43,44,45,46,47,48], 13[15,16,22,23,24,25,26,29,30,31,32,33,36,37,38,39,40,41,43,44,45,46,47,48], 15[15,16,22,23,24,25,26,29,30,31,32,33,36,37,38,39,40,41,43,44,45,46,47,48], 17[15,16,22,23,24,25,26,29,30,31,32,33,36,37,38,39,40,41,43,44,45,46,47,48], 19[15,16,22,23,24,25,26,29,30,31,32,33,36,37,38,39,40,41,43,44,45,46,47,48], 21[22,23,24,25,26,29,30,31,32,33,36,37,38,39,40,41,43,44,45,46,47,48]]
   00:00:00:00:00:0e    00:00:00:00:00:0c  [3[41,42,48,49], 5[34,35,40,41,42,47,48], 7[27,28,33,34,35,39,40,41,42,46,47,48], 9[20,21,26,27,28,32,33,34,35,38,39,40,41,42,45,46,47,48], 11[13,14,19,20,21,26,27,28,32,33,34,35,37,38,39,40,41,42,44,45,46,47,48], 13[12,13,14,18,19,20,21,25,26,27,28,32,33,34,35,37,38,39,40,41,42,44,45,46,47,48], 15[12,13,14,18,19,20,21,25,26,27,28,32,33,34,35,37,38,39,40,41,42,44,45,46,47,48], 17[12,13,14,18,19,20,21,25,26,27,28,32,33,34,35,37,38,39,40,41,42,44,45,46,47,48], 19[12,13,14,18,19,20,21,25,26,27,28,32,33,34,35,37,38,39,40,41,42,44,45,46,47,48], 21[13,14,19,20,21,26,27,28,32,33,34,35,37,38,39,40,41,42,44,45,46,47,48]]
   00:00:00:00:00:0e    00:00:00:00:00:10  [3[46,47,48], 5[39,40,41,46,47,48], 7[32,33,34,38,39,40,41,42,45,46,47,48,49], 9[25,26,31,32,33,34,35,37,38,39,40,41,42,44,45,46,47,48,49], 11[25,26,30,31,32,33,34,35,36,37,38,39,40,41,42,43,44,45,46,47,48,49], 13[25,26,29,30,31,32,33,34,35,36,37,38,39,40,41,42,43,44,45,46,47,48,49], 15[25,26,29,30,31,32,33,34,35,36,37,38,39,40,41,42,43,44,45,46,47,48,49], 17[25,26,29,30,31,32,33,34,35,36,37,38,39,40,41,42,43,44,45,46,47,48,49], 19[25,26,29,30,31,32,33,34,35,36,37,38,39,40,41,42,43,44,45,46,47,48,49]]
   00:00:00:00:00:0e    00:00:00:00:00:13  [6[43,44,45,46,47,48], 8[36,37,38,39,40,41,43,44,45,46,47,48], 10[29,30,31,32,33,36,37,38,39,40,41,43,44,45,46,47,48], 12[22,23,24,25,26,29,30,31,32,33,36,37,38,39,40,41,43,44,45,46,47,48], 14[15,16,22,23,24,25,26,29,30,31,32,33,36,37,38,39,40,41,43,44,45,46,47,48], 16[15,16,22,23,24,25,26,29,30,31,32,33,36,37,38,39,40,41,43,44,45,46,47,48], 18[15,16,22,23,24,25,26,29,30,31,32,33,36,37,38,39,40,41,43,44,45,46,47,48], 20[15,16,22,23,24,25,26,29,30,31,32,33,36,37,38,39,40,41,43,44,45,46,48]]
   00:00:00:00:00:0f    00:00:00:00:00:05  [7[5,12,19,26,33,40,47], 9[4,5,6,11,12,13,18,19,20,25,26,27,32,33,34,39,40,41,46,47,48], 11[4,5,6,7,11,12,13,14,18,19,20,21,25,26,27,28,32,33,34,35,39,40,41,42,47,48], 13[4,5,6,7,11,12,13,14,18,19,20,21,25,26,27,28,32,33,34,35,39,40,41,42,47,48,49], 15[4,5,6,7,11,12,13,14,18,19,20,21,25,26,27,28,32,33,34,35,39,40,41,42,47,48,49], 17[4,5,6,7,11,12,13,14,18,19,20,21,25,26,27,28,32,33,34,35,39,40,41,42,47,48,49]]
   00:00:00:00:00:0f    00:00:00:00:00:15  [7[29,30,31,32,33,36,37,38,39,40,43,44,45,46,47], 9[22,23,24,25,26,29,30,31,32,33,36,37,38,39,40,43,44,45,46,47], 11[15,16,22,23,24,25,26,29,30,31,32,33,36,37,38,39,40,43,44,45,46,47], 13[15,16,22,23,24,25,26,29,30,31,32,33,36,37,38,39,40,43,44,45,46,47], 15[15,16,22,23,24,25,26,29,30,31,32,33,36,37,38,39,40,43,44,45,46,47], 17[15,16,22,23,24,25,26,29,30,31,32,33,36,37,38,39,40,43,44,45,46,47], 19[15,16,22,23,24,25,26,29,30,31,32,33,36,37,38,39,40,43,44,45,46,47]]
   00:00:00:00:00:0f    00:00:00:00:00:09  [7[19,20,21,26,27,28,33,34,35,40,41,42,47,48,49], 9[12,13,14,18,19,20,21,25,26,27,28,32,33,34,35,39,40,41,42,46,47,48,49], 11[6,7,12,13,14,17,18,19,20,21,24,25,26,27,28,31,32,33,34,35,39,40,41,42,47,48,49], 13[6,7,12,13,14,17,18,19,20,21,24,25,26,27,28,31,32,33,34,35,38,39,40,41,42,47,48,49], 15[6,7,12,13,14,17,18,19,20,21,24,25,26,27,28,31,32,33,34,35,38,39,40,41,42,45,46,47,48,49], 17[6,7,12,13,14,18,19,20,21,24,25,26,27,28,31,32,33,34,35,38,39,40,41,42,45,46,47,48,49], 19[12,13,18,19,20,21,24,25,26,27,28,31,32,33,34,35,38,39,40,41,42,45,46,47,48,49], 21[21,24,25,26,27,28,31,32,33,34,35,38,39,40,41,42,45,46,47,48,49]]
   00:00:00:00:00:0f    00:00:00:00:00:08  [8[12,13,14,19,20,21,26,27,28,33,34,35,40,41,42,47,48,49], 10[5,6,7,11,12,13,14,18,19,20,21,25,26,27,28,32,33,34,35,39,40,41,42,46,47,48,49], 12[5,6,7,11,12,13,14,18,19,20,21,25,26,27,28,32,33,34,35,39,40,41,42,47,48,49], 14[5,6,7,11,12,13,14,18,19,20,21,25,26,27,28,32,33,34,35,39,40,41,42,47,48,49], 16[5,6,7,11,12,13,14,18,19,20,21,25,26,27,28,32,33,34,35,39,40,41,42,47,48,49], 18[5,6,7,11,12,13,14,18,19,20,21,25,26,27,28,32,33,34,35,39,40,41,42,47,48,49], 20[13,14,18,19,20,21,25,26,27,28,32,33,34,35,39,40,41,42,47,48,49]]
   00:00:00:00:00:0f    00:00:00:00:00:0d  [3[47,48,49], 5[40,41,42,47,48,49], 7[33,34,35,39,40,41,42,46,47,48,49], 9[26,27,28,32,33,34,35,38,39,40,41,42,45,46,47,48,49], 11[19,20,21,26,27,28,32,33,34,35,37,38,39,40,41,42,44,45,46,47,48,49], 13[12,13,14,18,19,20,21,25,26,27,28,32,33,34,35,37,38,39,40,41,42,44,45,46,47,48,49], 15[12,13,14,18,19,20,21,25,26,27,28,32,33,34,35,37,38,39,40,41,42,44,45,46,47,48,49], 17[12,13,14,19,20,21,26,27,28,32,33,34,35,37,38,39,40,41,42,44,45,46,47,48,49], 19[13,14,19,20,21,26,27,28,32,33,34,35,37,38,39,40,41,42,44,45,46,47,48,49], 21[13,14,19,20,21,26,27,28,32,33,34,35,37,38,39,40,41,42,44,45,46,47,48,49]]
   00:00:00:00:00:0f    00:00:00:00:00:04  [8[4,5,11,12,18,19,25,26,32,33,39,40,46,47], 10[3,4,5,6,10,11,12,13,17,18,19,20,24,25,26,27,31,32,33,34,38,39,40,41,45,46,47,48], 12[3,4,5,6,10,11,12,13,17,18,19,20,24,25,26,27,31,32,33,34,38,39,40,41,45,46,47,48], 14[3,4,5,6,10,11,12,13,17,18,19,20,24,25,26,27,31,32,33,34,38,39,40,41,45,46,47,48], 16[3,4,5,6,10,11,12,13,17,18,19,20,24,25,26,27,31,32,33,34,38,39,40,41,45,46,47,48], 18[3,4,5,6,10,11,12,13,17,18,19,20,24,25,26,27,31,32,33,34,38,39,40,41,45,46,47,48]]
   00:00:00:00:00:0f    00:00:00:00:00:02  [10[2,3,4,9,10,11,16,17,18,19,23,24,25,26,30,31,32,33,40,47], 12[1,2,3,8,9,10,15,16,17,22,23,24,25,26,29,30,31,32,33,37,38,39,40,47], 14[1,2,3,8,9,10,15,16,17,22,23,24,25,26,29,30,31,32,33,36,37,38,39,40,44,45,46,47], 16[1,2,3,8,9,10,15,16,17,22,23,24,25,26,29,30,31,32,33,36,37,38,39,40,43,44,45,46,47], 18[1,2,3,8,9,10,15,16,17,22,23,24,25,26,29,30,31,32,33,36,37,38,39,40,43,44,45,46,47], 20[1,2,3,8,9,10,15,16,17,22,23,24,25,26,29,30,31,32,33,36,37,38,39,40,43,44,45,46,47], 22[1,2,3,8,9,10,15,16,17,22,23,24,25,26,29,30,31,32,33,36,37,38,39,40,43,44,45,46,47]]
   00:00:00:00:00:0f    00:00:00:00:00:0b  [5[33,34,35,40,41,42,47,48,49], 7[26,27,28,32,33,34,35,39,40,41,42,46,47,48,49], 9[19,20,21,26,27,28,32,33,34,35,39,40,41,42,46,47,48,49], 11[12,13,14,18,19,20,21,25,26,27,28,32,33,34,35,39,40,41,42,46,47,48,49], 13[12,13,14,18,19,20,21,25,26,27,28,32,33,34,35,39,40,41,42,46,47,48,49], 15[12,13,14,18,19,20,21,25,26,27,28,32,33,34,35,39,40,41,42,46,47,48,49], 17[12,13,14,18,19,20,21,25,26,27,28,32,33,34,35,39,40,41,42,46,47,48,49], 19[12,13,14,18,19,20,21,25,26,27,28,32,33,34,35,39,40,41,42,46,47,48,49]]
   00:00:00:00:00:0f    00:00:00:00:00:17  [9[15,16,17,18,19,22,23,24,25,26,29,30,31,32,33,40,47], 11[15,16,17,22,23,24,25,26,29,30,31,32,33,36,37,38,39,40,47], 13[15,16,17,22,23,24,25,26,29,30,31,32,33,36,37,38,39,40,43,44,45,46,47], 15[15,16,17,22,23,24,25,26,29,30,31,32,33,36,37,38,39,40,43,44,45,46,47], 17[15,16,17,22,23,24,25,26,29,30,31,32,33,36,37,38,39,40,43,44,45,46,47], 19[15,16,17,22,23,24,25,26,29,30,31,32,33,36,37,38,39,40,43,44,45,46,47], 21[15,16,17,22,23,24,25,26,29,30,31,32,33,36,37,38,39,40,43,44,45,46,47]]
   00:00:00:00:00:0f    00:00:00:00:00:03  [9[3,4,5,10,11,12,17,18,19,24,25,26,31,32,33,38,39,40,45,46,47], 11[2,3,4,5,9,10,11,12,16,17,18,19,23,24,25,26,30,31,32,33,37,38,39,40,44,45,46,47], 13[2,3,4,5,9,10,11,12,16,17,18,19,23,24,25,26,30,31,32,33,37,38,39,40,44,45,46,47], 15[2,3,4,5,9,10,11,12,16,17,18,19,23,24,25,26,30,31,32,33,37,38,39,40,44,45,46,47], 17[2,3,4,5,9,10,11,12,16,17,18,19,23,24,25,26,30,31,32,33,37,38,39,40,44,45,46,47], 19[2,3,9,10,16,17,23,24,25,26,30,31,32,33,37,38,39,40,44,45,46,47]]
   00:00:00:00:00:0f    00:00:00:00:00:07  [9[5,6,7,12,13,14,19,20,21,26,27,28,33,34,35,40,41,42,47], 11[4,5,6,7,11,12,13,14,18,19,20,21,25,26,27,28,32,33,34,35,39,40,41,42,47,48,49], 13[4,5,6,7,11,12,13,14,18,19,20,21,25,26,27,28,32,33,34,35,39,40,41,42,47,48,49], 15[4,5,6,7,11,12,13,14,18,19,20,21,25,26,27,28,32,33,34,35,39,40,41,42,47,48,49], 17[4,5,6,7,11,12,13,14,18,19,20,21,25,26,27,28,32,33,34,35,39,40,41,42,47,48,49], 19[4,5,6,7,11,12,13,14,18,19,20,21,25,26,27,28,32,33,34,35,39,40,41,42,47,48,49], 21[6,7,13,14,18,19,20,21,25,26,27,28,32,33,34,35,39,40,41,42,47,48,49]]
   00:00:00:00:00:0f    00:00:00:00:00:18  [10[8,9,10,11,12,15,16,17,18,19,22,23,24,25,26,29,30,31,32,33,40,47], 12[8,9,10,15,16,17,22,23,24,25,26,29,30,31,32,33,36,37,38,39,40,47], 14[8,9,10,15,16,17,22,23,24,25,26,29,30,31,32,33,36,37,38,39,40,43,44,45,47], 16[8,9,10,15,16,17,22,23,24,25,26,29,30,31,32,33,36,37,38,39,40,43,44,45,46,47], 18[8,9,10,15,16,17,22,23,24,25,26,29,30,31,32,33,36,37,38,39,40,43,44,45,46,47], 20[8,9,10,15,16,17,22,23,24,25,26,29,30,31,32,33,36,37,38,39,40,43,44,45,46,47], 22[8,9,10,15,16,17,22,23,24,25,26,29,30,31,32,33,36,37,38,39,40,43,44,45,46,47]]
   00:00:00:00:00:0f    00:00:00:00:00:06  [8[5,6,12,13,19,20,26,27,33,34,40,41,47], 10[4,5,6,7,11,12,13,14,18,19,20,21,25,26,27,28,32,33,34,35,39,40,41,42,47], 12[4,5,6,7,11,12,13,14,18,19,20,21,25,26,27,28,32,33,34,35,39,40,41,42,47,48,49], 14[4,5,6,7,11,12,13,14,18,19,20,21,25,26,27,28,32,33,34,35,39,40,41,42,47,48,49], 16[4,5,6,7,11,12,13,14,18,19,20,21,25,26,27,28,32,33,34,35,40,41,42,47,48,49], 18[4,5,6,7,11,12,13,14,18,19,20,21,25,26,27,28,32,33,34,35,40,41,42,47,48,49]]
   00:00:00:00:00:0f    00:00:00:00:00:16  [8[22,23,24,25,26,29,30,31,32,33,36,37,38,39,40,43,44,45,46,47], 10[15,16,22,23,24,25,26,29,30,31,32,33,36,37,38,39,40,43,44,45,46,47], 12[15,16,22,23,24,25,26,29,30,31,32,33,36,37,38,39,40,43,44,45,46,47], 14[15,16,22,23,24,25,26,29,30,31,32,33,36,37,38,39,40,43,44,45,46,47], 16[15,16,22,23,24,25,26,29,30,31,32,33,36,37,38,39,40,43,44,45,46,47], 18[15,16,22,23,24,25,26,29,30,31,32,33,36,37,38,39,40,43,44,45,46,47], 20[22,23,24,25,26,29,30,31,32,33,36,37,38,39,40,43,44,45,46,47]]
   00:00:00:00:00:0f    00:00:00:00:00:12  [4[44,45,46,47], 6[37,38,39,40,44,45,46,47], 8[30,31,32,33,36,37,38,39,40,41,43,44,45,46,47,48], 10[23,24,25,26,29,30,31,32,33,36,37,38,39,40,41,42,43,44,45,46,47,48,49], 12[22,23,24,25,26,29,30,31,32,33,36,37,38,39,40,41,42,43,44,45,46,47,48,49], 14[22,23,24,25,26,29,30,31,32,33,36,37,38,39,40,41,42,43,44,45,46,47,48,49], 16[22,23,24,25,26,29,30,31,32,33,36,37,38,39,40,41,42,43,44,45,46,47,48,49], 18[22,23,24,25,26,29,30,31,32,33,36,37,38,39,40,41,42,43,44,45,46,47,48,49]]
   00:00:00:00:00:0f    00:00:00:00:00:0e  [2[47,48], 4[40,41,47,48], 6[33,34,39,40,41,42,46,47,48,49], 8[26,27,32,33,34,35,38,39,40,41,42,45,46,47,48,49], 10[19,20,26,27,28,31,32,33,34,35,37,38,39,40,41,42,44,45,46,47,48,49], 12[19,20,21,26,27,28,31,32,33,34,35,36,37,38,39,40,41,42,43,44,45,46,47,48,49], 14[19,20,21,26,27,28,31,32,33,34,35,36,37,38,39,40,41,42,43,44,45,46,47,48,49], 16[19,20,21,26,27,28,31,32,33,34,35,36,37,38,39,40,41,42,43,44,45,46,47,48,49], 18[19,20,21,26,27,28,31,32,33,34,35,36,37,38,39,40,41,42,43,44,45,46,47,48,49], 20[20,21,26,27,28,31,32,33,34,35,36,37,38,39,40,41,42,43,44,45,46,47,48,49], 22[20,21,26,27,28,31,32,33,34,35,36,37,38,39,40,41,42,43,44,45,46,47,48,49], 24[20,21,26,27,28,31,32,33,34,35,36,37,38,39,40,41,42,43,44,45,46,47,48,49]]
   00:00:00:00:00:0f    00:00:00:00:00:0a  [6[26,27,28,33,34,35,40,41,42,47,48,49], 8[19,20,21,26,27,28,32,33,34,35,39,40,41,42,47,48,49], 10[12,13,14,18,19,20,21,24,25,26,27,28,31,32,33,34,35,38,39,40,41,42,46,47,48,49], 12[6,7,12,13,14,17,18,19,20,21,24,25,26,27,28,31,32,33,34,35,38,39,40,41,42,46,47,48,49], 14[6,7,12,13,14,17,18,19,20,21,24,25,26,27,28,31,32,33,34,35,38,39,40,41,42,45,46,47,48,49], 16[6,7,12,13,14,17,18,19,20,21,24,25,26,27,28,31,32,33,34,35,38,39,40,41,42,45,46,47,48,49], 18[6,7,12,13,14,17,18,19,20,21,24,25,26,27,28,31,32,33,34,35,38,39,40,41,42,45,46,47,48,49], 20[12,13,14,17,18,19,20,21,24,25,26,27,28,31,32,33,34,35,38,39,40,41,42,45,46,47,48,49], 22[17,18,19,20,24,25,26,27,28,31,32,33,34,35,38,39,40,41,42,45,46,47,48,49]]
   00:00:00:00:00:0f    00:00:00:00:00:01  [11[1,8,9,15,16,17,18,19,22,23,24,25,26,33,40,47], 13[1,2,3,8,9,10,15,16,17,22,23,24,25,26,29,30,31,32,33,40,47], 15[1,2,3,8,9,10,15,16,17,22,23,24,25,26,29,30,31,32,33,36,37,38,39,40,47], 17[1,2,3,8,9,10,15,16,17,22,23,24,25,26,29,30,31,32,33,36,37,38,39,40,43,44,45,46,47], 19[1,2,3,8,9,10,15,16,17,22,23,24,25,26,29,30,31,32,33,36,37,38,39,40,43,44,45,46,47], 21[1,2,3,8,9,10,15,16,17,22,23,24,25,26,29,30,31,32,33,36,37,38,39,40,43,44,45,46,47], 23[1,2,3,8,9,10,15,16,17,22,23,24,25,26,29,30,31,32,33,36,37,38,39,40,43,44,45,46,47]]
   00:00:00:00:00:0f    00:00:00:00:00:11  [3[45,46,47], 5[38,39,40,45,46,47], 7[31,32,33,37,38,39,40,41,44,45,46,47,48], 9[24,25,26,30,31,32,33,34,36,37,38,39,40,41,42,43,44,45,46,47,48,49], 11[23,24,25,26,29,30,31,32,33,34,36,37,38,39,40,41,42,43,44,45,46,47,48,49], 13[22,23,24,25,26,29,30,31,32,33,34,36,37,38,39,40,41,42,43,44,45,46,47,48,49], 15[22,23,24,25,26,29,30,31,32,33,34,36,37,38,39,40,41,42,43,44,45,46,47,48,49], 17[22,23,24,25,26,29,30,31,32,33,34,36,37,38,39,40,41,42,43,44,45,46,47,48,49], 19[22,23,24,25,26,29,30,31,32,33,34,36,37,38,39,40,41,42,43,44,45,46,47,48,49]]
   00:00:00:00:00:0f    00:00:00:00:00:14  [6[36,37,38,39,40,43,44,45,46,47], 8[29,30,31,32,33,36,37,38,39,40,41,43,44,45,46,47,48], 10[22,23,24,25,26,29,30,31,32,33,36,37,38,39,40,41,43,44,45,46,47,48], 12[15,16,22,23,24,25,26,29,30,31,32,33,36,37,38,39,40,41,43,44,45,46,47,48], 14[15,16,22,23,24,25,26,29,30,31,32,33,36,37,38,39,40,41,43,44,45,46,47,48], 16[15,16,22,23,24,25,26,29,30,31,32,33,36,37,38,39,40,41,43,44,45,46,47,48], 18[15,16,22,23,24,25,26,29,30,31,32,33,36,37,38,39,40,43,44,45,46,47], 20[22,23,24,25,26,29,30,31,32,33,36,37,38,39,40,43,44,45,46,47]]
   00:00:00:00:00:0f    00:00:00:00:00:0c  [4[40,41,42,47,48,49], 6[33,34,35,39,40,41,42,46,47,48,49], 8[26,27,28,32,33,34,35,38,39,40,41,42,45,46,47,48,49], 10[19,20,21,26,27,28,32,33,34,35,37,38,39,40,41,42,44,45,46,47,48,49], 12[12,13,14,18,19,20,21,25,26,27,28,32,33,34,35,37,38,39,40,41,42,44,45,46,47,48,49], 14[12,13,14,18,19,20,21,25,26,27,28,32,33,34,35,37,38,39,40,41,42,44,45,46,47,48,49], 16[12,13,14,18,19,20,21,25,26,27,28,32,33,34,35,37,38,39,40,41,42,44,45,46,47,48,49], 18[12,13,14,18,19,20,21,25,26,27,28,32,33,34,35,37,38,39,40,41,42,44,45,46,47,48,49], 20[13,14,19,20,21,26,27,28,32,33,34,35,37,38,39,40,41,42,44,45,46,47,48,49], 22[13,14,20,21,26,27,28,32,33,34,35,37,38,39,40,41,42,44,45,46,47,48,49]]
   00:00:00:00:00:0f    00:00:00:00:00:10  [2[46,47], 4[39,40,46,47], 6[32,33,38,39,40,41,45,46,47,48], 8[25,26,31,32,33,34,37,38,39,40,41,42,44,45,46,47,48,49], 10[25,26,30,31,32,33,34,35,36,37,38,39,40,41,42,43,44,45,46,47,48,49], 12[25,26,29,30,31,32,33,34,35,36,37,38,39,40,41,42,43,44,45,46,47,48,49], 14[25,26,29,30,31,32,33,34,35,36,37,38,39,40,41,42,43,44,45,46,47,48,49], 16[25,26,29,30,31,32,33,34,35,36,37,38,39,40,41,42,43,44,45,46,47,48,49], 18[29,30,31,32,33,34,35,36,37,38,39,40,41,42,43,44,45,46,47,48,49], 20[29,30,31,32,33,34,35,36,37,38,39,40,41,42,43,44,45,46,47,48,49]]
   00:00:00:00:00:0f    00:00:00:00:00:13  [5[43,44,45,46,47], 7[36,37,38,39,40,43,44,45,46,47], 9[29,30,31,32,33,36,37,38,39,40,41,43,44,45,46,47,48], 11[22,23,24,25,26,29,30,31,32,33,36,37,38,39,40,41,43,44,45,46,47,48], 13[15,16,22,23,24,25,26,29,30,31,32,33,36,37,38,39,40,41,43,44,45,46,47,48], 15[15,16,22,23,24,25,26,29,30,31,32,33,36,37,38,39,40,41,43,44,45,46,47,48], 17[15,16,22,23,24,25,26,29,30,31,32,33,36,37,38,39,40,41,43,44,45,46,47,48], 19[15,16,22,23,24,25,26,29,30,31,32,33,36,37,38,39,40,41,43,44,45,46,47,48]]
   00:00:00:00:00:0a    00:00:00:00:00:05  [6[5,6,7,12,13,14,19,20,21,26,27,28], 8[4,5,6,11,12,13,18,19,20,21,25,26,27,28,33,34,35], 10[4,5,6,11,12,13,18,19,20,21,25,26,27,28,32,33,34,35,40,41,42], 12[4,5,6,11,12,13,18,19,20,21,25,26,27,28,32,33,34,35,39,40,41,42,47,48,49], 14[4,5,6,11,12,13,18,19,20,21,25,26,27,28,32,33,34,35,39,40,41,42,46,47,48,49], 16[4,5,6,11,12,13,18,19,20,21,25,26,27,28,32,33,34,35,39,40,41,42,46,47,48,49], 18[4,5,11,12,18,19,25,26,27,28,32,33,34,35,39,40,41,42,46,47,48,49], 20[4,5,11,12,18,19,25,26,27,28,32,33,34,35,39,40,41,42,46,47,48,49]]
   00:00:00:00:00:0a    00:00:00:00:00:15  [10[16,17,18,19,20,21,22,23,24,25,26,28,29,30], 12[16,17,18,19,20,21,23,24,25,26,28,29,30,36,37], 14[16,17,18,19,20,21,23,24,25,26,28,29,30,31,36,37,38,43,44], 16[16,17,18,19,20,21,23,24,25,26,28,29,30,31,32,36,37,38,39,43,44,45], 18[16,17,18,19,20,21,23,24,25,26,28,29,30,31,32,33,36,37,38,39,40,43,44,45,46], 20[16,17,18,19,20,21,23,24,25,26,28,29,30,31,32,33,34,36,37,38,39,40,41,43,44,45,46,47], 22[16,17,18,19,20,21,23,24,25,26,27,28,29,30,31,32,33,34,35,36,37,38,39,40,41,42,43,44,45,46,47,48], 24[16,17,18,19,20,21,23,24,25,26,27,28,29,30,31,32,33,34,35,36,37,38,39,40,41,42,43,44,45,46,47,48,49], 26[16,17,18,19,20,21,23,24,25,26,27,28,29,30,31,32,33,34,35,36,37,38,39,40,41,42,43,44,45,46,47,48,49], 28[16,17,18,19,20,21,23,24,25,26,27,28,29,30,31,32,33,34,35,36,37,38,39,40,41,42,43,44,45,46,47,48,49], 30[16,17,18,19,20,21,23,26,27,28,29,30,31,32,33,34,35,36,37,38,39,40,41,42,43,44,45,46,47,48,49]]
   00:00:00:00:00:0a    00:00:00:00:00:09  [2[21,28], 4[20,21,27,28], 6[13,14,19,20,21,26,27,28,34,35], 8[6,7,12,13,14,18,19,20,21,25,26,27,28,33,34,35,41,42], 10[6,7,12,13,14,18,19,20,21,25,26,27,28,32,33,34,35,40,41,42,48,49], 12[6,7,12,13,14,17,18,19,20,21,24,25,26,27,28,31,32,33,34,35,39,40,41,42,47,48,49], 14[6,7,12,13,14,17,18,19,20,21,24,25,26,27,28,31,32,33,34,35,38,39,40,41,42,46,47,48,49], 16[6,7,12,13,14,17,18,19,20,21,24,25,26,27,28,31,32,33,34,35,38,39,40,41,42,45,46,47,48,49], 18[6,7,13,14,17,18,19,20,21,24,25,26,27,28,31,32,33,34,35,38,39,40,41,42,45,46,47,48,49], 20[17,18,19,20,21,24,25,26,27,28,31,32,33,34,35,38,39,40,41,42,45,46,47,48,49], 22[17,18,19,20,21,24,25,26,27,28,31,32,33,34,35,38,39,40,41,42,45,46,47,48,49], 24[17,18,19,20,21,24,25,26,27,28,31,32,33,34,35,38,39,40,41,42,45,46,47,48,49]]
   00:00:00:00:00:0a    00:00:00:00:00:08  [3[14,21,28], 5[13,14,20,21,27,28], 7[6,7,12,13,14,19,20,21,26,27,28,34,35], 9[5,6,7,11,12,13,14,18,19,20,21,25,26,27,28,33,34,35,41,42], 11[5,6,7,11,12,13,14,18,19,20,21,25,26,27,28,32,33,34,35,40,41,42,48,49], 13[5,6,7,11,12,13,14,18,19,20,21,25,26,27,28,32,33,34,35,39,40,41,42,47,48,49], 15[5,6,7,11,12,13,14,18,19,20,21,25,26,27,28,32,33,34,35,39,40,41,42,46,47,48,49], 17[5,6,7,11,12,13,14,18,19,20,21,25,26,27,28,32,33,34,35,39,40,41,42,46,47,48,49], 19[11,12,13,14,18,19,20,21,25,26,27,28,32,33,34,35,39,40,41,42,46,47,48,49], 21[11,12,13,14,18,19,20,21,25,26,27,28,32,33,34,35,39,40,41,42,46,47,48,49]]
   00:00:00:00:00:0a    00:00:00:00:00:0d  [4[28,35,42,49], 6[27,28,34,35,41,42,49], 8[26,27,28,33,34,35,40,41,42,47,48,49], 10[26,27,28,32,33,34,35,39,40,41,42,46,47,48,49], 12[26,27,28,31,32,33,34,35,38,39,40,41,42,45,46,47,48,49], 14[26,27,28,30,31,32,33,34,35,37,38,39,40,41,42,44,45,46,47,48,49], 16[26,27,28,29,30,31,32,33,34,35,36,37,38,39,40,41,42,43,44,45,46,47,48,49], 18[26,27,28,29,30,31,32,33,34,35,36,37,38,39,40,41,42,43,44,45,46,47,48,49], 20[26,27,28,29,30,31,32,33,34,35,36,37,38,39,40,41,42,43,44,45,46,47,48,49], 22[26,27,28,29,30,31,32,33,34,35,36,37,38,39,40,41,42,43,44,45,46,47,48,49], 24[26,27,28,29,30,31,32,33,34,35,36,37,38,39,40,41,42,43,44,45,46,47,48,49]]
   00:00:00:00:00:0a    00:00:00:00:00:04  [7[4,5,11,12,13,14,18,19,20,21,25,26,27,28], 9[4,5,11,12,18,19,25,26,27,28,32,33,34], 11[3,4,5,10,11,12,17,18,19,24,25,26,27,28,31,32,33,34,39,40,41], 13[3,4,5,10,11,12,17,18,19,24,25,26,27,28,31,32,33,34,35,38,39,40,41,42,46,47,48], 15[3,4,5,10,11,12,17,18,19,24,25,26,27,28,31,32,33,34,35,38,39,40,41,42,45,46,47,48,49], 17[3,4,5,10,11,12,17,18,19,24,25,26,27,28,31,32,33,34,35,38,39,40,41,42,45,46,47,48,49], 19[3,4,5,10,11,12,17,18,19,24,25,26,27,28,31,32,33,34,35,38,39,40,41,42,45,46,47,48,49], 21[3,4,10,11,17,18,24,25,26,27,28,31,32,33,34,35,38,39,40,41,42,45,46,47,48,49], 23[3,4,10,11,17,18,24,25,26,27,28,31,32,33,34,35,38,39,40,41,42,45,46,47,48,49]]
   00:00:00:00:00:0a    00:00:00:00:00:02  [9[2,3,4,9,11,12,13,14,16,17,18,19,20,21,23,24,25,26,27,28], 11[2,3,9,10,16,17,23,24,25,26,27,28,30,31,32], 13[1,2,8,9,15,16,22,23,24,25,26,27,28,29,30,31,32,37,38,39], 15[1,2,8,9,15,16,22,23,24,25,26,27,28,29,30,31,32,33,36,37,38,39,40,44,45], 17[1,2,8,9,15,16,22,23,24,25,26,27,28,29,30,31,32,33,34,36,37,38,39,40,41,43,44,45,46], 19[1,2,3,8,9,10,15,16,17,22,23,24,25,26,27,28,29,30,31,32,33,34,35,36,37,38,39,40,41,42,43,44,45,46,47], 21[1,2,3,8,9,10,15,16,17,22,23,24,25,26,27,28,29,30,31,32,33,34,35,36,37,38,39,40,41,42,43,44,45,46,47,48], 23[1,2,3,8,9,10,15,16,17,22,23,24,25,26,27,28,29,30,31,32,33,34,35,36,37,38,39,40,41,42,43,44,45,46,47,48,49], 25[1,2,3,8,9,10,15,16,17,22,23,24,25,26,27,28,29,30,31,32,33,34,35,36,37,38,39,40,41,42,43,44,45,46,47,48,49], 27[1,2,3,8,9,10,15,16,17,22,23,24,25,26,27,28,29,30,31,32,33,34,35,36,37,38,39,40,41,42,43,44,45,46,47,48,49], 29[1,2,8,9,15,16,22,23,25,26,27,28,29,30,31,32,33,34,35,36,37,38,39,40,41,42,43,44,45,46,47,48,49]]
   00:00:00:00:00:0a    00:00:00:00:00:0b  [2[28,35], 4[27,28,34,35], 6[26,27,28,33,34,35,41,42], 8[26,27,28,33,34,35,40,41,42], 10[26,27,28,32,33,34,35,39,40,41,42,47,48,49], 12[26,27,28,31,32,33,34,35,38,39,40,41,42,46,47,48,49], 14[26,27,28,30,31,32,33,34,35,37,38,39,40,41,42,45,46,47,48,49], 16[26,27,28,29,30,31,32,33,34,35,36,37,38,39,40,41,42,44,45,46,47,48,49], 18[26,27,28,29,30,31,32,33,34,35,36,37,38,39,40,41,42,43,44,45,46,47,48,49], 20[26,27,28,29,30,31,32,33,34,35,36,37,38,39,40,41,42,43,44,45,46,47,48,49], 22[26,27,28,29,30,31,32,33,34,35,36,37,38,39,40,41,42,43,44,45,46,47,48,49], 24[26,27,28,29,30,31,32,33,34,35,36,37,38,39,40,41,42,43,44,45,46,47,48,49]]
   00:00:00:00:00:0a    00:00:00:00:00:17  [8[15,16,17,18,19,20,21,22,23,24,25,26,27,28], 10[15,16,22,23,24,25,26,27,28,29,30,31], 12[15,16,22,23,24,25,26,27,28,29,30,31,36,37,38], 14[15,16,22,23,24,25,26,27,28,29,30,31,32,36,37,38,39,43,44], 16[15,16,22,23,24,25,26,27,28,29,30,31,32,33,36,37,38,39,40,43,44,45], 18[15,16,22,23,24,25,26,27,28,29,30,31,32,33,34,36,37,38,39,40,41,43,44,45,46], 20[15,16,22,23,24,25,26,27,28,29,30,31,32,33,34,35,36,37,38,39,40,41,42,43,44,45,46,47], 22[15,16,22,23,24,25,26,27,28,29,30,31,32,33,34,35,36,37,38,39,40,41,42,43,44,45,46,47,48], 24[15,16,22,23,24,25,26,27,28,29,30,31,32,33,34,35,36,37,38,39,40,41,42,43,44,45,46,47,48,49], 26[15,16,22,23,24,25,26,27,28,29,30,31,32,33,34,35,36,37,38,39,40,41,42,43,44,45,46,47,48,49], 28[15,16,22,23,24,25,26,27,28,29,30,31,32,33,34,35,36,37,38,39,40,41,42,43,44,45,46,47,48,49]]
   00:00:00:00:00:0a    00:00:00:00:00:03  [8[3,4,10,11,12,13,14,17,18,19,20,21,24,25,26,27,28], 10[3,4,10,11,17,18,24,25,26,27,28,31,32,33], 12[2,3,9,10,16,17,23,24,25,26,27,28,30,31,32,33,38,39,40], 14[2,3,9,10,16,17,23,24,25,26,27,28,30,31,32,33,34,37,38,39,40,41,45,46], 16[2,3,4,9,10,11,16,17,18,23,24,25,26,27,28,30,31,32,33,34,35,37,38,39,40,41,42,44,45,46,47], 18[2,3,4,9,10,11,16,17,18,23,24,25,26,27,28,30,31,32,33,34,35,37,38,39,40,41,42,44,45,46,47,48], 20[2,3,4,9,10,11,16,17,18,23,24,25,26,27,28,30,31,32,33,34,35,37,38,39,40,41,42,44,45,46,47,48,49], 22[2,3,4,9,10,11,16,17,18,23,24,25,26,27,28,30,31,32,33,34,35,37,38,39,40,41,42,44,45,46,47,48,49], 24[2,3,4,9,10,11,16,17,18,23,24,25,26,27,28,30,31,32,33,34,35,37,38,39,40,41,42,44,45,46,47,48,49], 26[2,3,9,10,16,17,23,24,26,27,28,30,31,32,33,34,35,37,38,39,40,41,42,44,45,46,47,48,49]]
   00:00:00:00:00:0a    00:00:00:00:00:07  [4[7,14,21,28], 6[6,7,13,14,20,21,27,28], 8[5,6,7,12,13,14,19,20,21,26,27,28,34,35], 10[4,5,6,7,11,12,13,14,18,19,20,21,25,26,27,28,33,34,35,41,42], 12[4,5,6,7,11,12,13,14,18,19,20,21,25,26,27,28,32,33,34,35,40,41,42,48,49], 14[4,5,6,7,11,12,13,14,18,19,20,21,25,26,27,28,32,33,34,35,39,40,41,42,47,48,49], 16[4,5,6,7,11,12,13,14,18,19,20,21,25,26,27,28,32,33,34,35,39,40,41,42,46,47,48,49], 18[4,5,6,7,11,12,13,14,18,19,20,21,25,26,27,28,32,33,34,35,39,40,41,42,46,47,48,49], 20[4,5,6,7,11,12,13,14,18,19,20,21,25,26,27,28,32,33,34,35,39,40,41,42,46,47,48,49], 22[4,5,6,7,11,12,13,14,18,19,20,21,25,26,27,28,32,33,34,35,39,40,41,42,46,47,48,49]]
   00:00:00:00:00:0a    00:00:00:00:00:18  [9[8,9,10,11,12,15,16,17,18,19,20,21,22,23,24,25,26,27,28], 11[8,9,10,15,16,17,22,23,24,25,26,27,28,29,30,31,32], 13[8,9,15,16,22,23,24,25,26,27,28,29,30,31,32,36,37,38,39], 15[8,9,15,16,22,23,24,25,26,27,28,29,30,31,32,33,36,37,38,39,40,43,44,45], 17[8,9,15,16,22,23,24,25,26,27,28,29,30,31,32,33,34,36,37,38,39,40,41,43,44,45,46], 19[8,9,10,15,16,17,22,23,24,25,26,27,28,29,30,31,32,33,34,35,36,37,38,39,40,41,42,43,44,45,46,47], 21[8,9,10,15,16,17,22,23,24,25,26,27,28,29,30,31,32,33,34,35,36,37,38,39,40,41,42,43,44,45,46,47,48], 23[8,9,10,15,16,17,22,23,24,25,26,27,28,29,30,31,32,33,34,35,36,37,38,39,40,41,42,43,44,45,46,47,48,49], 25[8,9,10,15,16,17,22,23,24,25,26,27,28,29,30,31,32,33,34,35,36,37,38,39,40,41,42,43,44,45,46,47,48,49], 27[8,9,15,16,22,23,24,25,26,27,28,29,30,31,32,33,34,35,36,37,38,39,40,41,42,43,44,45,46,47,48,49], 29[8,9,15,16,22,23,24,25,26,27,28,29,30,31,32,33,34,35,36,37,38,39,40,41,42,43,44,45,46,47,48,49]]
   00:00:00:00:00:0a    00:00:00:00:00:06  [5[6,7,13,14,20,21,27,28], 7[5,6,7,12,13,14,19,20,21,26,27,28,34,35], 9[4,5,6,7,11,12,13,14,18,19,20,21,25,26,27,28,33,34,35,41,42], 11[4,5,6,7,11,12,13,14,18,19,20,21,25,26,27,28,32,33,34,35,40,41,42,48,49], 13[4,5,6,7,11,12,13,14,18,19,20,21,25,26,27,28,32,33,34,35,39,40,41,42,47,48,49], 15[4,5,6,7,11,12,13,14,18,19,20,21,25,26,27,28,32,33,34,35,39,40,41,42,46,47,48,49], 17[4,5,6,7,11,12,13,14,18,19,20,21,25,26,27,28,32,33,34,35,39,40,41,42,46,47,48,49], 19[4,5,6,11,12,13,18,19,20,25,26,27,28,32,33,34,35,39,40,41,42,46,47,48,49], 21[4,5,6,11,12,13,18,19,20,25,26,27,28,32,33,34,35,39,40,41,42,46,47,48,49]]
   00:00:00:00:00:0a    00:00:00:00:00:16  [9[16,17,18,19,20,21,22,23,24,25,26,28], 11[19,20,21,22,23,24,25,26,28,29,30,31,32,33], 13[15,16,19,20,21,22,23,24,25,26,27,28,29,30,31,32,33,34,36,37,38,39], 15[15,16,19,20,21,22,23,24,26,27,28,29,30,31,32,33,34,36,37,38,39,43,44,45,46], 17[15,16,19,20,21,22,23,24,26,27,28,29,30,31,32,33,34,36,37,38,39,40,43,44,45,46,47], 19[15,16,19,20,21,22,23,24,26,27,28,29,30,31,32,33,34,36,37,38,39,40,41,43,44,45,46,47,48], 21[15,16,19,20,21,22,23,24,26,27,28,29,30,31,32,33,34,36,37,38,39,40,41,42,43,44,45,46,47,48,49], 23[15,16,19,20,21,22,23,24,26,27,28,29,30,31,32,33,34,35,36,37,38,39,40,41,42,43,44,45,46,47,48,49], 25[15,16,19,20,21,22,23,24,26,27,28,29,30,31,32,33,34,35,36,37,38,39,40,41,42,43,44,45,46,47,48,49], 27[15,16,19,20,21,22,23,24,26,27,28,29,30,31,32,33,34,35,36,37,38,39,40,41,42,43,44,45,46,47,48,49], 29[15,16,19,20,21,22,23,24,26,28,29,30,31,32,33,34,35,36,37,38,39,40,41,42,43,44,45,46,47,48,49]]
   00:00:00:00:00:0a    00:00:00:00:00:12  [11[16,17,18,19,20,21,23,24,25,26,28,30,31,37,38,44,45], 13[19,20,21,23,24,25,26,28,29,30,31,32,36,37,38,39,43,44,45,46], 15[19,20,21,23,24,25,26,28,29,30,31,32,33,36,37,38,39,40,43,44,45,46,47], 17[19,20,21,23,24,25,26,28,29,30,31,32,33,34,36,37,38,39,40,41,43,44,45,46,47,48], 19[19,20,21,23,24,25,26,28,29,30,31,32,33,34,35,36,37,38,39,40,41,42,43,44,45,46,47,48,49], 21[19,20,21,23,24,25,26,28,29,30,31,32,33,34,35,36,37,38,39,40,41,42,43,44,45,46,47,48,49], 23[19,20,21,23,24,25,26,28,29,30,31,32,33,34,35,36,37,38,39,40,41,42,43,44,45,46,47,48,49], 25[19,20,21,23,24,25,26,28,29,30,31,32,33,34,35,36,37,38,39,40,41,42,43,44,45,46,47,48,49], 27[19,20,21,23,24,25,26,28,29,30,31,32,33,34,35,36,37,38,39,40,41,42,43,44,45,46,47,48,49]]
   00:00:00:00:00:0a    00:00:00:00:00:0e  [5[27,28,34,41,48], 7[26,27,28,33,34,35,40,41,42,47,48,49], 9[26,27,28,32,33,34,35,39,40,41,42,46,47,48,49], 11[26,27,28,31,32,33,34,35,38,39,40,41,42,45,46,47,48,49], 13[26,27,28,30,31,32,33,34,35,37,38,39,40,41,42,44,45,46,47,48,49], 15[26,27,28,29,30,31,32,33,34,35,36,37,38,39,40,41,42,43,44,45,46,47,48,49], 17[26,27,28,29,30,31,32,33,34,35,36,37,38,39,40,41,42,43,44,45,46,47,48,49], 19[26,27,28,29,30,31,32,33,34,35,36,37,38,39,40,41,42,43,44,45,46,47,48,49], 21[26,27,28,29,30,31,32,33,34,35,36,37,38,39,40,41,42,43,44,45,46,47,48,49], 23[26,27,28,29,30,31,32,33,34,35,36,37,38,39,40,41,42,43,44,45,46,47,48,49]]
   00:00:00:00:00:0a    00:00:00:00:00:0f  [6[26,27,28,33,34,35,40,41,47,48], 8[26,27,28,32,33,34,35,39,40,41,42,46,47,48,49], 10[26,27,28,31,32,33,34,35,38,39,40,41,42,45,46,47,48,49], 12[26,27,28,30,31,32,33,34,35,37,38,39,40,41,42,44,45,46,47,48,49], 14[26,27,28,29,30,31,32,33,34,35,36,37,38,39,40,41,42,43,44,45,46,47,48,49], 16[26,27,28,29,30,31,32,33,34,35,36,37,38,39,40,41,42,43,44,45,46,47,48,49], 18[26,27,28,29,30,31,32,33,34,35,36,37,38,39,40,41,42,43,44,45,46,47,48,49], 20[26,27,28,29,30,31,32,33,34,35,36,37,38,39,40,41,42,43,44,45,46,47,48,49], 22[26,27,28,29,30,31,32,33,34,35,36,37,38,39,40,41,42,43,44,45,46,47,48,49], 24[26,27,28,29,30,31,32,33,34,35,36,37,38,39,40,41,42,43,44,45,46,47,48,49]]
   00:00:00:00:00:0a    00:00:00:00:00:01  [10[1,2,3,4,8,9,11,12,13,14,15,16,17,18,19,20,21,22,23,24,25,26,27,28], 12[1,2,3,8,9,10,15,16,17,22,23,24,25,26,27,28,29,30,31,32], 14[1,2,8,9,15,16,22,23,24,25,26,27,28,29,30,31,32,36,37,38,39], 16[1,2,8,9,15,16,22,23,24,25,26,27,28,29,30,31,32,36,37,38,43,44,45], 18[1,2,8,9,15,16,22,23,24,25,26,27,28,29,30,31,32,36,37,38,39,43,44,45,46], 20[1,2,8,9,15,16,22,23,24,25,26,27,28,29,30,31,32,36,37,38,39,40,43,44,45,46,47], 22[1,2,8,9,15,16,22,23,24,25,26,27,28,29,30,31,32,36,37,38,39,40,41,43,44,45,46,47,48], 24[1,2,8,9,15,16,22,23,24,25,26,27,28,29,30,31,32,33,34,36,37,38,39,40,41,42,43,44,45,46,47,48,49], 26[1,2,8,9,15,16,22,23,24,25,26,27,28,29,30,31,32,33,34,35,36,37,38,39,40,41,42,43,44,45,46,47,48,49], 28[1,2,8,9,15,16,22,23,24,25,26,27,28,29,30,31,32,33,34,35,36,37,38,39,40,41,42,43,44,45,46,47,48,49], 30[1,2,8,9,15,16,22,23,24,25,26,27,28,29,30,31,32,33,34,35,36,37,38,39,40,41,42,43,44,45,46,47,48,49]]
   00:00:00:00:00:0a    00:00:00:00:00:11  [10[17,18,19,20,21,24,25,26,28,31,32,33,38,45], 12[19,20,21,26,27,28,31,32,33,34,38,39,40,41,45,46,47,48], 14[19,20,21,26,27,28,30,31,32,33,34,35,37,38,39,40,41,42,44,45,46,47,48,49], 16[19,20,21,26,27,28,29,30,31,32,33,34,35,36,37,38,39,40,41,42,43,44,45,46,47,48,49], 18[19,20,21,26,27,28,29,30,31,32,33,34,35,36,37,38,39,40,41,42,43,44,45,46,47,48,49], 20[19,20,21,26,27,28,29,30,31,32,33,34,35,36,37,38,39,40,41,42,43,44,45,46,47,48,49], 22[19,20,21,26,27,28,29,30,31,32,33,34,35,36,37,38,39,40,41,42,43,44,45,46,47,48,49], 24[19,20,21,26,27,28,29,30,31,32,33,34,35,36,37,38,39,40,41,42,43,44,45,46,47,48,49], 26[19,20,21,26,27,28,29,30,31,32,33,34,35,36,37,38,39,40,41,42,43,44,45,46,47,48,49]]
   00:00:00:00:00:0a    00:00:00:00:00:14  [11[16,17,18,19,20,21,22,23,24,25,26,28,29,30,36,37], 13[16,17,18,19,20,21,23,24,25,26,28,30,31,36,37,38,43,44], 15[16,17,18,19,20,21,23,24,25,26,28,30,31,32,36,37,38,39,43,44,45], 17[16,17,18,19,20,21,23,24,25,26,28,30,31,32,33,36,37,38,39,40,43,44,45,46], 19[16,17,18,19,20,21,23,24,25,26,28,30,31,32,33,34,36,37,38,39,40,41,43,44,45,46,47], 21[16,17,18,19,20,21,23,24,25,26,27,28,30,31,32,33,34,35,36,37,38,39,40,41,42,43,44,45,46,47,48], 23[16,17,18,19,20,21,23,24,25,26,27,28,30,31,32,33,34,35,36,37,38,39,40,41,42,43,44,45,46,47,48,49], 25[16,17,18,19,20,21,23,24,25,26,27,28,30,31,32,33,34,35,36,37,38,39,40,41,42,43,44,45,46,47,48,49], 27[16,17,18,19,20,21,23,24,25,26,27,28,30,31,32,33,34,35,36,37,38,39,40,41,42,43,44,45,46,47,48,49], 29[16,17,18,19,20,21,23,26,27,28,30,31,32,33,34,35,36,37,38,39,40,41,42,43,44,45,46,47,48,49]]
   00:00:00:00:00:0a    00:00:00:00:00:0c  [3[28,35,42], 5[27,28,34,35,41,42], 7[26,27,28,33,34,35,40,41,42], 9[26,27,28,32,33,34,35,39,40,41,42,47,48,49], 11[26,27,28,31,32,33,34,35,38,39,40,41,42,46,47,48,49], 13[26,27,28,30,31,32,33,34,35,37,38,39,40,41,42,45,46,47,48,49], 15[26,27,28,29,30,31,32,33,34,35,36,37,38,39,40,41,42,44,45,46,47,48,49], 17[26,27,28,29,30,31,32,33,34,35,36,37,38,39,40,41,42,43,44,45,46,47,48,49], 19[26,27,28,29,30,31,32,33,34,35,36,37,38,39,40,41,42,43,44,45,46,47,48,49], 21[26,27,28,29,30,31,32,33,34,35,36,37,38,39,40,41,42,43,44,45,46,47,48,49], 23[26,27,28,29,30,31,32,33,34,35,36,37,38,39,40,41,42,43,44,45,46,47,48,49]]
   00:00:00:00:00:0a    00:00:00:00:00:10  [9[18,19,20,21,25,26,28,32,33,39,40,46], 11[19,20,21,26,27,28,31,32,33,34,38,39,40,41,45,46,47,48], 13[19,20,21,26,27,28,30,31,32,33,34,35,37,38,39,40,41,42,44,45,46,47,48,49], 15[19,20,21,26,27,28,29,30,31,32,33,34,35,36,37,38,39,40,41,42,43,44,45,46,47,48,49], 17[19,20,21,26,27,28,29,30,31,32,33,34,35,36,37,38,39,40,41,42,43,44,45,46,47,48,49], 19[19,20,21,26,27,28,29,30,31,32,33,34,35,36,37,38,39,40,41,42,43,44,45,46,47,48,49], 21[19,20,21,26,27,28,29,30,31,32,33,34,35,36,37,38,39,40,41,42,43,44,45,46,47,48,49], 23[19,20,21,26,27,28,29,30,31,32,33,34,35,36,37,38,39,40,41,42,43,44,45,46,47,48,49], 25[19,20,21,26,27,28,29,30,31,32,33,34,35,36,37,38,39,40,41,42,43,44,45,46,47,48,49]]
   00:00:00:00:00:0a    00:00:00:00:00:13  [12[16,17,18,19,20,21,22,23,28,29,30,36,37,43,44], 14[16,17,18,19,20,21,23,28,29,30,31,36,37,38,43,44,45], 16[16,17,18,19,20,21,23,28,29,30,31,32,36,37,38,39,43,44,45,46], 18[16,17,18,19,20,21,23,28,29,30,31,32,33,36,37,38,39,40,43,44,45,46,47], 20[16,17,18,19,20,21,23,28,29,30,31,32,33,34,36,37,38,39,40,41,43,44,45,46,47,48], 22[16,17,18,19,20,21,23,26,27,28,29,30,31,32,33,34,35,36,37,38,39,40,41,42,43,44,45,46,47,48,49], 24[16,17,18,19,20,21,23,26,27,28,29,30,31,32,33,34,35,36,37,38,39,40,41,42,43,44,45,46,47,48,49], 26[16,17,18,19,20,21,23,26,27,28,29,30,31,32,33,34,35,36,37,38,39,40,41,42,43,44,45,46,47,48,49], 28[16,17,18,19,20,21,23,26,27,28,29,30,31,32,33,34,35,36,37,38,39,40,41,42,43,44,45,46,47,48,49], 30[16,17,18,19,20,21,23,26,27,28,29,30,31,32,33,34,35,36,37,38,39,40,41,42,43,44,45,46,47,48,49]]
   00:00:00:00:00:01    00:00:00:00:00:05  [5[1,2,3,4,5], 7[1,2,3,4,5,8,9,10,11,12], 9[1,2,3,4,5,6,8,9,10,11,12,13,15,16,17,18,19], 11[1,2,3,4,5,8,9,10,11,12,15,16,17,18,19,25,26], 13[1,2,3,4,5,8,9,10,11,12,15,16,17,18,19,25,26,32,33], 15[1,2,3,4,5,8,9,10,11,12,15,16,17,18,19,25,26,32,33,39,40], 17[1,2,3,4,5,8,9,10,11,12,15,16,17,18,19,25,26,31,32,33,38,39,40,46,47], 19[1,2,3,4,5,8,9,10,11,12,15,16,17,18,19,25,26,30,31,32,33,37,38,39,40,45,46,47], 21[1,2,3,4,5,8,9,10,11,12,15,16,17,18,19,25,26,29,30,31,32,33,36,37,38,39,40,44,45,46,47], 23[1,2,3,4,5,8,9,10,11,12,15,16,17,18,19,25,26,29,30,31,32,33,36,37,38,39,40,43,44,45,46,47], 25[1,2,3,4,5,8,9,10,11,12,15,16,17,18,19,25,26,29,30,31,32,33,36,37,38,39,40,43,44,45,46,47]]
   00:00:00:00:00:01    00:00:00:00:00:15  [5[1,8,15,22,29], 7[1,8,15,22,23,29,30], 9[1,8,15,22,23,29,30,36,37], 11[1,8,15,22,23,29,30,31,36,37,38], 13[1,8,15,22,23,29,30,31,32,36,37,38,39], 15[1,8,15,22,23,29,30,31,32,33,36,37,38,39,40,43,44,45,46], 17[1,8,15,22,23,29,30,31,32,33,34,36,37,38,39,40,41,43,44,45,46,47], 19[1,8,15,22,23,26,27,29,30,31,32,33,34,35,36,37,38,39,40,41,42,43,44,45,46,47,48], 21[1,8,15,22,23,26,27,28,29,30,31,32,33,34,35,36,37,38,39,40,41,42,43,44,45,46,47,48,49], 23[1,8,15,22,23,26,27,28,29,30,31,32,33,34,35,36,37,38,39,40,41,42,43,44,45,46,47,48,49], 25[1,8,15,22,23,26,27,28,29,30,31,32,33,34,35,36,37,38,39,40,41,42,43,44,45,46,47,48,49], 27[1,8,15,22,23,26,27,28,29,30,31,32,33,34,35,36,37,38,39,40,41,42,43,44,45,46,47,48,49], 29[1,8,15,22,23,26,27,28,29,30,31,32,33,34,35,36,37,38,39,40,41,42,43,44,45,46,47,48,49]]
   00:00:00:00:00:01    00:00:00:00:00:09  [9[1,2,3,4,11,12,13,14,20,21], 11[1,2,3,4,11,12,13,20,21,27,28], 13[1,2,3,4,11,12,13,20,21,27,28,34,35], 15[1,2,3,4,11,12,13,20,21,26,27,28,33,34,35,41,42], 17[1,2,3,4,11,12,13,20,21,26,27,28,33,34,35,40,41,42], 19[1,2,3,4,11,12,13,20,21,26,27,28,32,33,34,35,39,40,41,42,47,48,49], 21[1,2,3,4,11,12,13,20,21,26,27,28,31,32,33,34,35,38,39,40,41,42,46,47,48,49], 23[1,2,3,4,11,12,13,20,21,26,27,28,30,31,32,33,34,35,37,38,39,40,41,42,45,46,47,48,49], 25[1,2,3,4,11,12,13,20,21,26,27,28,29,30,31,32,33,34,35,36,37,38,39,40,41,42,44,45,46,47,48,49], 27[1,2,3,4,11,12,13,20,21,26,27,28,29,30,31,32,33,34,35,36,37,38,39,40,41,42,43,44,45,46,47,48,49], 29[1,2,3,4,11,12,13,20,21,26,27,28,29,30,31,32,33,34,35,36,37,38,39,40,41,42,43,44,45,46,47,48,49], 31[1,2,3,4,11,12,13,20,21,26,27,28,29,30,31,32,33,34,35,36,37,38,39,40,41,42,43,44,45,46,47,48,49], 33[1,2,3,4,11,12,13,20,21,26,27,28,29,30,31,32,33,34,35,36,37,38,39,40,41,42,43,44,45,46,47,48,49]]
   00:00:00:00:00:01    00:00:00:00:00:08  [8[1,2,3,4,5,6,7,8,9,10,11,12,13,14], 10[1,2,3,4,5,6,13,14,20,21], 12[1,2,3,4,5,6,13,14,20,21,27,28], 14[1,2,3,4,5,6,13,14,20,21,27,28,34,35], 16[1,2,3,4,5,6,13,14,20,21,26,27,28,33,34,35,41,42], 18[1,2,3,4,5,6,13,14,20,21,26,27,28,33,34,35,40,41,42], 20[1,2,3,4,5,6,13,14,20,21,26,27,28,32,33,34,35,39,40,41,42,47,48,49], 22[1,2,3,4,5,6,13,14,20,21,26,27,28,31,32,33,34,35,38,39,40,41,42,46,47,48,49], 24[1,2,3,4,5,6,13,14,20,21,26,27,28,30,31,32,33,34,35,37,38,39,40,41,42,45,46,47,48,49], 26[1,2,3,4,5,6,13,14,20,21,26,27,28,29,30,31,32,33,34,35,36,37,38,39,40,41,42,44,45,46,47,48,49], 28[1,2,3,4,5,6,13,14,20,21,26,27,28,29,30,31,32,33,34,35,36,37,38,39,40,41,42,43,44,45,46,47,48,49], 30[1,2,3,4,5,6,13,14,20,21,26,27,28,29,30,31,32,33,34,35,36,37,38,39,40,41,42,43,44,45,46,47,48,49], 32[1,2,3,4,5,6,13,14,20,21,26,27,28,29,30,31,32,33,34,35,36,37,38,39,40,41,42,43,44,45,46,47,48,49], 34[1,2,3,4,5,6,13,14,20,21,26,27,28,29,30,31,32,33,34,35,36,37,38,39,40,41,42,43,44,45,46,47,48,49]]
   00:00:00:00:00:01    00:00:00:00:00:0d  [13[1,2,3,4,11,12,13,14,20,21,27,28,34,35,42,49], 15[1,2,3,4,11,12,13,20,26,27,28,33,34,35,40,41,42,48,49], 17[1,2,3,4,11,12,13,20,26,27,28,32,33,34,35,39,40,41,42,47,48,49], 19[1,2,3,4,11,12,13,20,26,27,28,31,32,33,34,35,38,39,40,41,42,46,47,48,49], 21[1,2,3,4,11,12,13,20,26,27,28,30,31,32,33,34,35,37,38,39,40,41,42,45,46,47,48,49], 23[1,2,3,4,11,12,13,20,26,27,28,29,30,31,32,33,34,35,36,37,38,39,40,41,42,44,45,46,47,48,49], 25[1,2,3,4,11,12,13,20,26,27,28,29,30,31,32,33,34,35,36,37,38,39,40,41,42,43,44,45,46,47,48,49], 27[1,2,3,4,11,12,13,20,26,27,28,29,30,31,32,33,34,35,36,37,38,39,40,41,42,43,44,45,46,47,48,49], 29[1,2,3,4,11,12,13,20,26,27,28,29,30,31,32,33,34,35,36,37,38,39,40,41,42,43,44,45,46,47,48,49], 31[1,2,3,4,11,12,13,20,26,27,28,29,30,31,32,33,34,35,36,37,38,39,40,41,42,43,44,45,46,47,48,49]]
   00:00:00:00:00:01    00:00:00:00:00:04  [4[1,2,3,4], 6[1,2,3,4,8,9,10,11], 8[1,2,3,4,5,8,9,10,11,12,15,16,17,18], 10[1,2,3,4,8,9,10,11,15,16,17,18,23,24,25], 12[1,4,8,11,15,16,17,18,23,24,25,30,31,32], 14[1,4,5,8,11,12,15,16,17,18,19,23,24,25,26,30,31,32,33,38,39], 16[1,4,5,8,11,12,15,16,17,18,19,23,24,25,26,30,31,32,33,37,38,39,40,45,46], 18[1,4,5,8,11,12,15,16,17,18,19,23,24,25,26,29,30,31,32,33,36,37,38,39,40,44,45,46,47], 20[1,4,5,8,11,12,15,16,17,18,19,23,24,25,26,29,30,31,32,33,36,37,38,39,40,43,44,45,46,47], 22[1,4,5,8,11,12,15,16,17,18,19,23,24,25,26,29,30,31,32,33,36,37,38,39,40,43,44,45,46,47], 24[1,4,5,8,11,12,15,16,17,18,19,23,24,25,26,29,30,31,32,33,36,37,38,39,40,43,44,45,46,47], 26[1,4,5,8,11,12,15,16,17,18,19,24,25,26,29,30,31,32,33,36,37,38,39,40,43,44,45,46,47]]
   00:00:00:00:00:01    00:00:00:00:00:02  [2[1,2], 4[1,2,8,9], 6[1,2,3,8,9,10,15,16], 8[1,2,3,4,8,9,10,11,15,16,17,22,23], 10[1,2,3,8,9,10,15,16,17,22,23,24,29,30], 12[1,2,3,8,9,10,15,16,17,22,23,24,29,30,31,36,37], 14[1,2,3,4,8,9,10,11,15,16,17,18,22,23,24,25,29,30,31,32,36,37,38,43,44], 16[1,2,3,4,8,9,10,11,15,16,17,18,22,23,24,25,29,30,31,32,36,37,38,39,43,44,45], 18[1,2,3,4,8,9,10,11,15,16,17,18,22,23,24,25,29,30,31,32,36,37,38,39,43,44,45,46], 20[1,2,3,4,8,9,10,11,15,16,17,18,22,23,24,25,29,30,31,32,36,37,38,39,43,44,45,46], 22[1,2,3,4,8,9,10,11,15,16,17,18,22,23,24,25,29,30,31,32,36,37,38,39,43,44,45,46]]
   00:00:00:00:00:01    00:00:00:00:00:0b  [11[1,2,3,4,11,12,13,14,20,21,27,28,34,35], 13[1,2,3,4,11,12,13,20,26,27,33,34,35,41,42], 15[1,2,3,4,11,12,13,20,26,27,33,34,35,40,41,42], 17[1,2,3,4,11,12,13,20,26,27,32,33,34,35,39,40,41,42,47,48,49], 19[1,2,3,4,11,12,13,20,26,27,31,32,33,34,35,38,39,40,41,42,46,47,48,49], 21[1,2,3,4,11,12,13,20,26,27,30,31,32,33,34,35,37,38,39,40,41,42,45,46,47,48,49], 23[1,2,3,4,11,12,13,20,26,27,29,30,31,32,33,34,35,36,37,38,39,40,41,42,44,45,46,47,48,49], 25[1,2,3,4,11,12,13,20,26,27,29,30,31,32,33,34,35,36,37,38,39,40,41,42,43,44,45,46,47,48,49], 27[1,2,3,4,11,12,13,20,26,27,29,30,31,32,33,34,35,36,37,38,39,40,41,42,43,44,45,46,47,48,49], 29[1,2,3,4,11,12,13,20,26,27,29,30,31,32,33,34,35,36,37,38,39,40,41,42,43,44,45,46,47,48,49], 31[1,2,3,4,11,12,13,20,26,27,29,30,31,32,33,34,35,36,37,38,39,40,41,42,43,44,45,46,47,48,49]]
   00:00:00:00:00:01    00:00:00:00:00:17  [3[1,8,15], 5[1,2,8,9,15,16], 7[1,2,9,15,16,22,23], 9[1,2,9,15,16,22,23,29,30], 11[1,2,9,15,16,22,23,29,30,36,37], 13[1,2,9,15,16,22,23,29,30,31,36,37,38], 15[1,2,9,15,16,22,23,29,30,31,32,36,37,38,39], 17[1,2,9,15,16,22,23,29,30,31,32,33,36,37,38,39,40,43,44,45,46], 19[1,2,9,15,16,22,23,29,30,31,32,33,34,36,37,38,39,40,41,43,44,45,46,47], 21[1,2,9,15,16,22,23,26,27,29,30,31,32,33,34,35,36,37,38,39,40,41,42,43,44,45,46,47,48], 23[1,2,9,15,16,22,23,26,27,28,29,30,31,32,33,34,35,36,37,38,39,40,41,42,43,44,45,46,47,48,49], 25[1,2,9,15,16,22,23,26,27,28,29,30,31,32,33,34,35,36,37,38,39,40,41,42,43,44,45,46,47,48,49], 27[1,2,9,15,16,22,23,26,27,28,29,30,31,32,33,34,35,36,37,38,39,40,41,42,43,44,45,46,47,48,49], 29[1,2,9,15,16,22,23,26,27,28,29,30,31,32,33,34,35,36,37,38,39,40,41,42,43,44,45,46,47,48,49], 31[1,2,9,15,16,22,23,26,27,28,29,30,31,32,33,34,35,36,37,38,39,40,41,42,43,44,45,46,47,48,49]]
   00:00:00:00:00:01    00:00:00:00:00:03  [3[1,2,3], 5[1,2,3,8,9,10], 7[1,2,3,4,8,9,10,11,15,16,17], 9[1,2,3,4,8,9,10,11,15,16,17,22,23,24], 11[1,2,3,8,9,10,15,16,17,22,23,24,29,30,31], 13[1,2,3,4,8,9,10,11,15,16,17,18,22,23,24,25,29,30,31,32,36,37,38], 15[1,2,3,4,5,8,9,10,11,12,15,16,17,18,19,22,23,24,25,26,29,30,31,32,33,36,37,38,39,43,44,45], 17[1,2,3,4,5,8,9,10,11,12,15,16,17,18,19,22,23,24,25,26,29,30,31,32,33,36,37,38,39,40,43,44,45,46], 19[1,2,3,4,5,8,9,10,11,12,15,16,17,18,19,22,23,24,25,26,29,30,31,32,33,36,37,38,39,40,43,44,45,46,47], 21[1,2,3,4,5,8,9,10,11,12,15,16,17,18,19,22,23,24,25,26,29,30,31,32,33,36,37,38,39,40,43,44,45,46,47], 23[1,3,4,5,8,10,11,12,15,17,18,19,22,24,25,26,29,30,31,32,33,36,37,38,39,40,43,44,45,46,47], 25[1,3,4,5,8,10,11,12,15,17,18,19,22,24,25,26,29,30,31,32,33,36,37,38,39,40,43,44,45,46,47]]
   00:00:00:00:00:01    00:00:00:00:00:07  [7[1,2,3,4,5,6,7], 9[1,2,3,4,5,6,7,8,9,10,11,12,13,14], 11[1,2,3,4,5,6,7,13,14,20,21], 13[1,2,3,4,5,6,7,13,14,20,21,27,28], 15[1,2,3,4,5,6,7,13,14,20,21,27,28,34,35], 17[1,2,3,4,5,6,7,13,14,20,21,26,27,28,33,34,35,41,42], 19[1,2,3,4,5,6,7,13,14,20,21,26,27,28,33,34,35,40,41,42], 21[1,2,3,4,5,6,7,13,14,20,21,26,27,28,32,33,34,35,39,40,41,42,47,48,49], 23[1,2,3,4,5,6,7,13,14,20,21,26,27,28,31,32,33,34,35,38,39,40,41,42,46,47,48,49], 25[1,2,3,4,5,6,7,13,14,20,21,26,27,28,30,31,32,33,34,35,37,38,39,40,41,42,45,46,47,48,49], 27[1,2,3,4,5,6,7,13,14,20,21,26,27,28,29,30,31,32,33,34,35,36,37,38,39,40,41,42,44,45,46,47,48,49], 29[1,2,3,4,5,6,7,13,14,20,21,26,27,28,29,30,31,32,33,34,35,36,37,38,39,40,41,42,43,44,45,46,47,48,49], 31[1,2,3,4,5,6,7,13,14,20,21,26,27,28,29,30,31,32,33,34,35,36,37,38,39,40,41,42,43,44,45,46,47,48,49], 33[1,2,3,4,5,6,7,13,14,20,21,26,27,28,29,30,31,32,33,34,35,36,37,38,39,40,41,42,43,44,45,46,47,48,49], 35[1,2,3,4,5,6,7,13,14,20,21,26,27,28,29,30,31,32,33,34,35,36,37,38,39,40,41,42,43,44,45,46,47,48,49]]
   00:00:00:00:00:01    00:00:00:00:00:18  [2[1,8], 4[1,2,8,9], 6[1,2,3,8,9,10,15,16], 8[1,2,8,9,15,16,22,23], 10[1,2,8,9,15,16,22,23,29,30], 12[1,2,8,9,15,16,22,23,29,30,36,37], 14[1,2,8,9,15,16,22,23,29,30,31,36,37,38], 16[1,2,8,9,15,16,22,23,29,30,31,32,36,37,38,39], 18[1,2,8,9,15,16,22,23,29,30,31,32,33,36,37,38,39,40,43,44,45,46], 20[1,2,8,9,15,16,22,23,29,30,31,32,33,34,36,37,38,39,40,41,43,44,45,46,47], 22[1,2,8,9,15,16,22,23,26,27,29,30,31,32,33,34,35,36,37,38,39,40,41,42,43,44,45,46,47,48], 24[1,2,8,9,15,16,22,23,26,27,28,29,30,31,32,33,34,35,36,37,38,39,40,41,42,43,44,45,46,47,48,49], 26[1,2,8,9,15,16,22,23,26,27,28,29,30,31,32,33,34,35,36,37,38,39,40,41,42,43,44,45,46,47,48,49], 28[1,2,8,9,15,16,22,23,26,27,28,29,30,31,32,33,34,35,36,37,38,39,40,41,42,43,44,45,46,47,48,49], 30[1,2,8,9,15,16,22,23,26,27,28,29,30,31,32,33,34,35,36,37,38,39,40,41,42,43,44,45,46,47,48,49], 32[1,2,8,9,15,16,22,23,26,27,28,29,30,31,32,33,34,35,36,37,38,39,40,41,42,43,44,45,46,47,48,49]]
   00:00:00:00:00:01    00:00:00:00:00:06  [6[1,2,3,4,5,6], 8[1,2,3,4,5,6,8,9,10,11,12,13], 10[1,2,3,4,5,6,9,10,11,12,13,18,19,20], 12[1,2,3,6,9,10,11,12,13,18,19,20,26,27], 14[1,2,3,6,9,10,11,12,13,18,19,20,26,27,33,34], 16[1,2,3,6,9,10,11,12,13,18,19,20,26,27,33,34,40,41], 18[1,2,3,6,9,10,11,12,13,18,19,20,26,27,32,33,34,39,40,41,47,48], 20[1,2,3,6,9,10,11,12,13,18,19,20,26,27,31,32,33,34,38,39,40,41,46,47,48], 22[1,2,3,6,9,10,11,12,13,18,19,20,26,27,30,31,32,33,34,37,38,39,40,41,45,46,47,48], 24[1,2,3,6,9,10,11,12,13,18,19,20,26,27,29,30,31,32,33,34,36,37,38,39,40,41,44,45,46,47,48], 26[1,2,3,6,9,10,11,12,13,18,19,20,26,27,29,30,31,32,33,34,36,37,38,39,40,41,43,44,45,46,47,48], 28[1,2,3,6,9,10,11,12,13,18,19,20,26,27,29,30,31,32,33,34,36,37,38,39,40,41,43,44,45,46,47,48], 30[1,2,3,6,9,10,11,12,13,18,19,20,26,27,29,30,31,32,33,34,36,37,38,39,40,41,43,44,45,46,47,48]]
   00:00:00:00:00:01    00:00:00:00:00:16  [4[1,8,15,22], 6[1,8,15,16,22,23], 8[1,8,15,16,22,23,29,30], 10[1,8,15,16,22,23,29,30,36,37], 12[1,8,15,16,22,23,29,30,31,36,37,38], 14[1,8,15,16,22,23,29,30,31,32,36,37,38,39], 16[1,8,15,16,22,23,29,30,31,32,33,36,37,38,39,40,43,44,45,46], 18[1,8,15,16,22,23,29,30,31,32,33,34,36,37,38,39,40,41,43,44,45,46,47], 20[1,8,15,16,22,23,26,27,29,30,31,32,33,34,35,36,37,38,39,40,41,42,43,44,45,46,47,48], 22[1,8,15,16,22,23,26,27,28,29,30,31,32,33,34,35,36,37,38,39,40,41,42,43,44,45,46,47,48,49], 24[1,8,15,16,22,23,26,27,28,29,30,31,32,33,34,35,36,37,38,39,40,41,42,43,44,45,46,47,48,49], 26[1,8,15,16,22,23,26,27,28,29,30,31,32,33,34,35,36,37,38,39,40,41,42,43,44,45,46,47,48,49], 28[1,8,15,16,22,23,26,27,28,29,30,31,32,33,34,35,36,37,38,39,40,41,42,43,44,45,46,47,48,49], 30[1,8,15,16,22,23,26,27,28,29,30,31,32,33,34,35,36,37,38,39,40,41,42,43,44,45,46,47,48,49]]
   00:00:00:00:00:01    00:00:00:00:00:12  [8[1,2,9,16,23,30,37,44], 10[1,2,9,16,23,29,30,31,36,37,38,43,44], 12[1,2,9,16,23,29,30,31,32,36,37,38,39,44,45,46], 14[1,2,9,16,23,29,30,31,32,33,36,37,38,39,40,43,44,45,46,47], 16[1,2,9,16,23,29,30,31,32,33,34,36,37,38,39,40,41,43,44,45,46,47,48], 18[1,2,9,16,23,26,27,29,30,31,32,33,34,35,36,37,38,39,40,41,42,43,44,45,46,47,48,49], 20[1,2,9,16,23,26,27,28,29,30,31,32,33,34,35,36,37,38,39,40,41,42,43,44,45,46,47,48,49], 22[1,2,9,16,23,26,27,28,29,30,31,32,33,34,35,36,37,38,39,40,41,42,43,44,45,46,47,48,49], 24[1,2,9,16,23,26,27,28,29,30,31,32,33,34,35,36,37,38,39,40,41,42,43,44,45,46,47,48,49], 26[1,2,9,16,23,26,27,28,29,30,31,32,33,34,35,36,37,38,39,40,41,42,43,44,45,46,47,48,49], 28[1,2,9,16,23,26,27,28,29,30,31,32,33,34,35,36,37,38,39,40,41,42,43,44,45,46,47,48,49]]
   00:00:00:00:00:01    00:00:00:00:00:0e  [12[1,2,3,4,5,6,11,12,13,20,27,34,41,48], 14[1,2,3,4,5,6,13,20,26,27,28,33,34,35,40,41,42,47,48], 16[1,2,3,4,5,6,13,20,26,27,28,32,33,34,35,39,40,41,42,46,47,48,49], 18[1,2,3,4,5,6,13,20,26,27,28,31,32,33,34,35,38,39,40,41,42,45,46,47,48,49], 20[1,2,3,4,5,6,13,20,26,27,28,30,31,32,33,34,35,37,38,39,40,41,42,44,45,46,47,48,49], 22[1,2,3,4,5,6,13,20,26,27,28,29,30,31,32,33,34,35,36,37,38,39,40,41,42,43,44,45,46,47,48,49], 24[1,2,3,4,5,6,13,20,26,27,28,29,30,31,32,33,34,35,36,37,38,39,40,41,42,43,44,45,46,47,48,49], 26[1,2,3,4,5,6,13,20,26,27,28,29,30,31,32,33,34,35,36,37,38,39,40,41,42,43,44,45,46,47,48,49], 28[1,2,3,4,5,6,13,20,26,27,28,29,30,31,32,33,34,35,36,37,38,39,40,41,42,43,44,45,46,47,48,49], 30[1,2,3,4,5,6,13,20,26,27,28,29,30,31,32,33,34,35,36,37,38,39,40,41,42,43,44,45,46,47,48,49]]
   00:00:00:00:00:01    00:00:00:00:00:0f  [11[1,2,3,4,5,11,12,19,26,33,40,47], 13[1,2,3,4,5,11,12,19,26,32,33,34,39,40,41,46,47,48], 15[1,2,3,4,5,11,12,19,26,31,32,33,34,35,38,39,40,41,42,45,46,47,48,49], 17[1,2,3,4,5,11,12,19,26,27,28,30,31,32,33,34,35,37,38,39,40,41,42,44,45,46,47,48,49], 19[1,2,3,4,5,11,12,19,26,27,28,29,30,31,32,33,34,35,36,37,38,39,40,41,42,43,44,45,46,47,48,49], 21[1,2,3,4,5,11,12,19,26,27,28,29,30,31,32,33,34,35,36,37,38,39,40,41,42,43,44,45,46,47,48,49], 23[1,2,3,4,5,11,12,19,26,27,28,29,30,31,32,33,34,35,36,37,38,39,40,41,42,43,44,45,46,47,48,49], 25[1,2,3,4,5,11,12,19,26,27,28,29,30,31,32,33,34,35,36,37,38,39,40,41,42,43,44,45,46,47,48,49], 27[1,2,3,4,5,11,12,19,26,27,28,29,30,31,32,33,34,35,36,37,38,39,40,41,42,43,44,45,46,47,48,49], 29[1,2,3,4,5,11,12,19,26,27,28,29,30,31,32,33,34,35,36,37,38,39,40,41,42,43,44,45,46,47,48,49], 31[1,2,3,4,5,11,12,19,26,27,28,29,30,31,32,33,34,35,36,37,38,39,40,41,42,43,44,45,46,47,48,49]]
   00:00:00:00:00:01    00:00:00:00:00:0a  [10[1,2,3,4,11,12,13,14,20,21,27,28], 12[1,2,3,4,11,12,13,20,27,28,34,35], 14[1,2,3,4,11,12,13,20,26,27,28,33,34,35,41,42], 16[1,2,3,4,11,12,13,20,26,27,28,33,34,35,40,41,42], 18[1,2,3,4,11,12,13,20,26,27,28,32,33,34,35,39,40,41,42,47,48,49], 20[1,2,3,4,11,12,13,20,26,27,28,31,32,33,34,35,38,39,40,41,42,46,47,48,49], 22[1,2,3,4,11,12,13,20,26,27,28,30,31,32,33,34,35,37,38,39,40,41,42,45,46,47,48,49], 24[1,2,3,4,11,12,13,20,26,27,28,29,30,31,32,33,34,35,36,37,38,39,40,41,42,44,45,46,47,48,49], 26[1,2,3,4,11,12,13,20,26,27,28,29,30,31,32,33,34,35,36,37,38,39,40,41,42,43,44,45,46,47,48,49], 28[1,2,3,4,11,12,13,20,26,27,28,29,30,31,32,33,34,35,36,37,38,39,40,41,42,43,44,45,46,47,48,49], 30[1,2,3,4,11,12,13,20,26,27,28,29,30,31,32,33,34,35,36,37,38,39,40,41,42,43,44,45,46,47,48,49], 32[1,2,3,4,11,12,13,20,26,27,28,29,30,31,32,33,34,35,36,37,38,39,40,41,42,43,44,45,46,47,48,49]]
   00:00:00:00:00:01    00:00:00:00:00:11  [9[1,2,3,9,10,17,24,31,38,45], 11[1,2,3,10,17,24,30,31,32,37,38,39,44,45,46], 13[1,2,3,10,17,24,29,30,31,32,33,36,37,38,39,40,43,44,45,46,47], 15[1,2,3,10,17,24,29,30,31,32,33,34,36,37,38,39,40,41,43,44,45,46,47,48], 17[1,2,3,10,17,24,26,27,29,30,31,32,33,34,35,36,37,38,39,40,41,42,43,44,45,46,47,48,49], 19[1,2,3,10,17,24,26,27,28,29,30,31,32,33,34,35,36,37,38,39,40,41,42,43,44,45,46,47,48,49], 21[1,2,3,10,17,24,26,27,28,29,30,31,32,33,34,35,36,37,38,39,40,41,42,43,44,45,46,47,48,49], 23[1,2,3,10,17,24,26,27,28,29,30,31,32,33,34,35,36,37,38,39,40,41,42,43,44,45,46,47,48,49], 25[1,2,3,10,17,24,26,27,28,29,30,31,32,33,34,35,36,37,38,39,40,41,42,43,44,45,46,47,48,49], 27[1,2,3,10,17,24,26,27,28,29,30,31,32,33,34,35,36,37,38,39,40,41,42,43,44,45,46,47,48,49], 29[1,2,3,10,17,24,26,27,28,29,30,31,32,33,34,35,36,37,38,39,40,41,42,43,44,45,46,47,48,49]]
   00:00:00:00:00:01    00:00:00:00:00:14  [6[1,8,15,22,29,36], 8[1,8,15,22,29,30,36,37], 10[1,8,15,22,29,30,31,36,37,38], 12[1,8,15,22,29,30,31,32,36,37,38,39], 14[1,8,15,22,29,30,31,32,33,36,37,38,39,40,43,44,45,46], 16[1,8,15,22,29,30,31,32,33,34,36,37,38,39,40,41,43,44,45,46,47], 18[1,8,15,22,26,27,29,30,31,32,33,34,35,36,37,38,39,40,41,42,43,44,45,46,47,48], 20[1,8,15,22,26,27,28,29,30,31,32,33,34,35,36,37,38,39,40,41,42,43,44,45,46,47,48,49], 22[1,8,15,22,26,27,28,29,30,31,32,33,34,35,36,37,38,39,40,41,42,43,44,45,46,47,48,49], 24[1,8,15,22,26,27,28,29,30,31,32,33,34,35,36,37,38,39,40,41,42,43,44,45,46,47,48,49], 26[1,8,15,22,26,27,28,29,30,31,32,33,34,35,36,37,38,39,40,41,42,43,44,45,46,47,48,49], 28[1,8,15,22,26,27,28,29,30,31,32,33,34,35,36,37,38,39,40,41,42,43,44,45,46,47,48,49]]
   00:00:00:00:00:01    00:00:00:00:00:0c  [12[1,2,3,4,11,12,13,14,20,21,27,28,34,35,42], 14[1,2,3,4,11,12,13,20,26,27,28,33,34,35,40,41,42], 16[1,2,3,4,11,12,13,20,26,27,28,32,33,34,35,39,40,41,42,48,49], 18[1,2,3,4,11,12,13,20,26,27,28,31,32,33,34,35,38,39,40,41,42,47,48,49], 20[1,2,3,4,11,12,13,20,26,27,28,30,31,32,33,34,35,37,38,39,40,41,42,45,46,47,48,49], 22[1,2,3,4,11,12,13,20,26,27,28,29,30,31,32,33,34,35,36,37,38,39,40,41,42,44,45,46,47,48,49], 24[1,2,3,4,11,12,13,20,26,27,28,29,30,31,32,33,34,35,36,37,38,39,40,41,42,43,44,45,46,47,48,49], 26[1,2,3,4,11,12,13,20,26,27,28,29,30,31,32,33,34,35,36,37,38,39,40,41,42,43,44,45,46,47,48,49], 28[1,2,3,4,11,12,13,20,26,27,28,29,30,31,32,33,34,35,36,37,38,39,40,41,42,43,44,45,46,47,48,49], 30[1,2,3,4,11,12,13,20,26,27,28,29,30,31,32,33,34,35,36,37,38,39,40,41,42,43,44,45,46,47,48,49]]
   00:00:00:00:00:01    00:00:00:00:00:10  [10[1,2,3,4,10,11,17,18,25,32,39,46], 12[1,2,3,4,10,11,17,18,25,31,32,33,38,39,40,45,46,47], 14[1,2,3,4,10,11,17,18,25,30,31,32,33,34,37,38,39,40,41,44,45,46,47,48], 16[1,2,3,4,10,11,17,18,25,26,27,29,30,31,32,33,34,35,36,37,38,39,40,41,42,43,44,45,46,47,48,49], 18[1,2,3,4,10,11,17,18,25,26,27,28,29,30,31,32,33,34,35,36,37,38,39,40,41,42,43,44,45,46,47,48,49], 20[1,2,3,4,10,11,17,18,25,26,27,28,29,30,31,32,33,34,35,36,37,38,39,40,41,42,43,44,45,46,47,48,49], 22[1,2,3,4,10,11,17,18,25,26,27,28,29,30,31,32,33,34,35,36,37,38,39,40,41,42,43,44,45,46,47,48,49], 24[1,2,3,4,10,11,17,18,25,26,27,28,29,30,31,32,33,34,35,36,37,38,39,40,41,42,43,44,45,46,47,48,49], 26[1,2,3,4,10,11,17,18,25,26,27,28,29,30,31,32,33,34,35,36,37,38,39,40,41,42,43,44,45,46,47,48,49], 28[1,2,3,4,10,11,17,18,25,26,27,28,29,30,31,32,33,34,35,36,37,38,39,40,41,42,43,44,45,46,47,48,49], 30[1,2,3,4,11,18,25,26,27,28,29,30,31,32,33,34,35,36,37,38,39,40,41,42,43,44,45,46,47,48,49]]
   00:00:00:00:00:01    00:00:00:00:00:13  [7[1,8,15,22,29,36,43], 9[1,8,15,22,29,30,36,37,43], 11[1,8,15,22,29,30,31,36,37,38,43], 13[1,8,15,22,29,30,31,32,36,37,38,39,43,44,45,46], 15[1,8,15,22,29,30,31,32,33,36,37,38,39,40,43,44,45,46,47], 17[1,8,15,22,29,30,31,32,33,34,36,37,38,39,40,41,43,44,45,46,47,48], 19[1,8,15,22,26,27,29,30,31,32,33,34,35,36,37,38,39,40,41,42,43,44,45,46,47,48,49], 21[1,8,15,22,26,27,28,29,30,31,32,33,34,35,36,37,38,39,40,41,42,43,44,45,46,47,48,49], 23[1,8,15,22,26,27,28,29,30,31,32,33,34,35,36,37,38,39,40,41,42,43,44,45,46,47,48,49], 25[1,8,15,22,26,27,28,29,30,31,32,33,34,35,36,37,38,39,40,41,42,43,44,45,46,47,48,49], 27[1,8,15,22,26,27,28,29,30,31,32,33,34,35,36,37,38,39,40,41,42,43,44,45,46,47,48,49]]
   00:00:00:00:00:11    00:00:00:00:00:05  [9[4,5,11,12,18,19,24,25,26,31,32,33,38,39,40,45,46,47], 11[4,5,6,11,12,13,18,19,20,24,25,26,27,31,32,33,34,38,39,40,41,45,46,47,48], 13[4,5,6,7,11,12,13,14,18,19,20,21,24,25,26,27,28,31,32,33,34,35,38,39,40,41,45,46,47,48], 15[4,5,6,7,11,12,13,14,18,19,20,21,24,25,26,27,28,31,32,33,34,35,38,39,40,41,42,45,46,47,48], 17[4,5,6,7,11,12,13,14,18,19,20,21,25,26,27,28,31,32,33,34,35,38,39,40,41,42,45,46,47,48,49], 19[4,5,6,7,11,12,13,14,18,19,20,21,25,26,27,28,31,32,33,34,35,38,39,40,41,42,45,46,47,48,49], 21[4,5,6,7,11,12,13,14,18,19,20,21,25,26,27,28,31,32,33,34,35,38,39,40,41,42,45,46,47,48,49], 23[4,5,6,7,11,12,13,14,18,19,20,21,25,26,27,28,31,32,33,34,35,38,39,40,41,42,45,46,47,48,49]]
   00:00:00:00:00:11    00:00:00:00:00:15  [5[29,30,31,36,37,38,43,44,45], 7[22,23,24,29,30,31,32,36,37,38,39,43,44,45,46], 9[15,16,17,22,23,24,25,29,30,31,32,33,36,37,38,39,40,43,44,45,46,47], 11[8,9,15,16,17,22,23,24,25,26,29,30,31,32,33,36,37,38,39,40,43,44,45,46,47], 13[8,9,15,16,17,22,23,24,25,26,29,30,31,32,33,36,37,38,39,40,43,44,45,46,47], 15[8,9,15,16,17,22,23,24,25,26,29,30,31,32,33,36,37,38,39,40,43,44,45,46,47], 17[8,9,15,16,17,22,23,24,25,26,29,30,31,32,33,36,37,38,39,40,43,44,45,46,47], 19[8,9,15,16,17,22,23,24,25,26,29,30,31,32,33,36,37,38,39,40,43,44,45,46,47], 21[8,9,15,16,22,23,29,30,31,32,33,36,37,38,39,40,43,44,45,46,47]]
   00:00:00:00:00:11    00:00:00:00:00:09  [9[18,19,20,21,24,25,26,27,28,31,32,33,34,35,38,45], 11[19,20,21,24,25,26,27,28,31,32,33,34,35,38,40,41,42,45], 13[19,20,21,24,25,26,27,28,31,32,33,34,35,38,39,40,41,42,45,47,48,49], 15[19,20,21,24,25,26,27,28,31,32,33,34,35,38,39,40,41,42,45,46,47,48,49], 17[19,20,21,24,25,26,27,28,31,32,33,34,35,38,39,40,41,42,45,46,47,48,49], 19[19,20,21,24,25,26,27,28,31,32,33,34,35,38,39,40,41,42,45,46,47,48,49], 21[19,20,21,24,25,26,27,28,31,32,33,34,35,38,39,40,41,42,45,46,47,48,49], 23[19,20,21,24,25,26,27,28,31,32,33,34,35,38,39,40,41,42,45,46,47,48,49]]
   00:00:00:00:00:11    00:00:00:00:00:08  [10[12,13,14,18,19,20,21,24,25,26,27,28,31,38,45], 12[12,13,14,19,20,21,24,25,26,27,28,31,32,33,34,35,38,45], 14[12,13,14,19,20,21,24,25,26,27,28,31,32,33,34,35,38,39,40,41,42,45], 16[12,13,14,19,20,21,24,25,26,27,28,31,32,33,34,35,38,39,40,41,42,45,47,48,49], 18[12,13,14,19,20,21,24,25,26,27,28,31,32,33,34,35,38,39,40,41,42,45,46,47,48,49], 20[12,13,14,19,20,21,24,25,26,27,28,31,32,33,34,35,38,39,40,41,42,45,46,47,48,49], 22[12,13,14,19,20,21,24,25,26,27,28,31,32,33,34,35,38,39,40,41,42,45,46,47,48,49], 24[12,13,14,19,20,21,24,25,26,27,28,31,32,33,34,35,38,39,40,41,42,45,46,47,48,49]]
   00:00:00:00:00:11    00:00:00:00:00:0d  [5[45,46,47,48,49], 7[38,39,40,41,42,45,46,47,48,49], 9[32,33,34,35,37,38,39,40,41,42,44,45,46,47,48,49], 11[26,27,28,32,33,34,35,37,38,39,40,41,42,44,45,46,47,48,49], 13[19,20,21,26,27,28,32,33,34,35,37,38,39,40,41,42,44,45,46,47,48,49], 15[19,20,21,26,27,28,32,33,34,35,37,38,39,40,41,42,44,45,46,47,48,49], 17[19,20,21,26,27,28,32,33,34,35,37,38,39,40,41,42,44,45,46,47,48,49], 19[19,20,21,26,27,28,32,33,34,35,37,38,39,40,41,42,44,45,46,47,48,49], 21[19,20,21,26,27,28,32,33,34,35,37,38,39,40,41,42,44,45,47,48,49]]
   00:00:00:00:00:11    00:00:00:00:00:04  [8[3,4,10,11,17,18,24,25,31,32,38,39,45,46], 10[3,4,5,10,11,12,17,18,19,24,25,26,31,32,33,38,39,40,45,46,47], 12[3,4,5,6,10,11,12,13,17,18,19,20,24,25,26,27,31,32,33,34,38,39,40,41,45,46,47], 14[3,4,5,6,10,11,12,13,17,18,19,20,24,25,26,27,31,32,33,34,38,39,40,41,45,46,47,48], 16[3,4,5,6,10,11,12,13,17,18,19,20,24,25,26,27,31,32,33,34,38,39,40,41,45,46,47,48], 18[3,4,5,6,10,11,12,13,17,18,19,20,24,25,26,27,31,32,33,34,38,39,40,41,45,46,47,48]]
   00:00:00:00:00:11    00:00:00:00:00:02  [8[2,3,9,10,16,17,23,24,30,31,37,38,44,45], 10[1,2,3,4,8,9,10,11,15,16,17,18,22,23,24,25,29,30,31,32,36,37,38,39,43,44,45,46], 12[1,2,3,4,8,9,10,11,15,16,17,18,22,23,24,25,29,30,31,32,36,37,38,39,43,44,45,46], 14[1,2,3,4,8,9,10,11,15,16,17,18,22,23,24,25,29,30,31,32,36,37,38,39,43,44,45,46], 16[1,2,3,4,8,9,10,11,15,16,17,18,22,23,24,25,29,30,31,32,36,37,38,39,43,44,45,46]]
   00:00:00:00:00:11    00:00:00:00:00:0b  [7[31,32,33,34,35,38,39,40,41,42,45,46,47,48,49], 9[24,25,26,27,28,31,32,33,34,35,38,39,40,41,42,45,46,47,48,49], 11[18,19,20,21,24,25,26,27,28,31,32,33,34,35,38,39,40,41,42,45,46,47,48,49], 13[19,20,21,24,25,26,27,28,31,32,33,34,35,38,39,40,41,42,45,46,47,48,49], 15[19,20,21,24,25,26,27,28,31,32,33,34,35,38,39,40,41,42,45,46,47,48,49], 17[19,20,21,24,25,26,27,28,31,32,33,34,35,38,39,40,41,42,45,46,47,48,49], 19[19,20,21,24,25,26,27,28,31,32,33,34,35,38,39,40,41,42,45,46,47,48,49], 21[19,20,21,26,27,28,31,32,33,34,35,38,39,40,41,42,45,46,47,48,49]]
   00:00:00:00:00:11    00:00:00:00:00:17  [7[15,16,17,22,23,24,29,30,31,36,37,38,43,44,45], 9[8,9,15,16,17,18,22,23,24,25,29,30,31,32,36,37,38,39,43,44,45], 11[8,9,15,16,17,18,19,22,23,24,25,26,29,30,31,32,33,36,37,38,39,40,43,44,45], 13[8,9,15,16,17,18,19,22,23,24,25,26,29,30,31,32,33,36,37,38,39,40,43,44,45,46,47], 15[8,9,15,16,17,18,19,22,23,24,25,26,29,30,31,32,33,36,37,38,39,40,43,44,45,46,47], 17[15,16,17,18,19,22,23,24,25,26,29,30,31,32,33,36,37,38,39,40,43,44,45,46,47], 19[15,16,17,18,19,22,23,24,25,26,29,30,31,32,33,36,37,38,39,40,43,44,45,46,47], 21[15,16,17,18,19,22,23,24,25,26,29,30,31,32,33,36,37,38,39,40,43,44,45,46,47]]
   00:00:00:00:00:11    00:00:00:00:00:03  [7[3,10,17,24,31,38,45], 9[2,3,4,9,10,11,16,17,18,23,24,25,30,31,32,37,38,39,44,45,46], 11[1,2,3,4,5,8,9,10,11,12,15,16,17,18,19,22,23,24,25,26,29,30,31,32,33,37,38,39,40,44,45,46,47], 13[1,2,3,4,5,8,9,10,11,12,15,16,17,18,19,22,23,24,25,26,29,30,31,32,33,36,37,38,39,40,44,45,46,47], 15[1,2,3,4,5,8,9,10,11,12,15,16,17,18,19,22,23,24,25,26,29,30,31,32,33,36,37,38,39,40,43,44,45,46,47], 17[2,3,4,5,9,10,11,12,16,17,18,19,23,24,25,26,30,31,32,33,37,38,39,40,44,45,46,47], 19[2,3,9,10,16,17,23,24,25,26,30,31,32,33,37,38,39,40,44,45,46,47]]
   00:00:00:00:00:11    00:00:00:00:00:07  [11[5,6,7,12,13,14,18,19,20,21,24,25,26,27,28,31,38,45], 13[6,7,13,14,19,20,21,24,25,26,27,28,31,32,33,34,35,38,45], 15[6,7,13,14,19,20,21,24,25,26,27,28,31,32,33,34,35,38,40,41,42,45], 17[6,7,13,14,19,20,21,24,25,26,27,28,31,32,33,34,35,38,39,40,41,42,45,47,48,49], 19[6,7,13,14,19,20,21,24,25,26,27,28,31,32,33,34,35,38,39,40,41,42,45,46,47,48,49], 21[6,7,13,14,19,20,21,24,25,26,27,28,31,32,33,34,35,38,39,40,41,42,45,46,47,48,49], 23[6,7,13,14,19,20,21,24,25,26,27,28,31,32,33,34,35,38,39,40,41,42,45,46,47,48,49], 25[6,7,13,14,19,20,21,24,25,26,27,28,31,32,33,34,35,38,39,40,41,42,45,46,47,48,49]]
   00:00:00:00:00:11    00:00:00:00:00:18  [8[8,9,10,15,16,17,22,23,24,29,30,31,36,37,38,43,44,45], 10[1,2,8,9,10,11,15,16,17,18,22,23,24,25,29,30,31,32,36,37,38,39,43,44,45,46], 12[1,2,8,9,10,11,15,16,17,18,22,23,24,25,29,30,31,32,36,37,38,39,43,44,45,46], 14[1,2,8,9,10,11,15,16,17,18,22,23,24,25,29,30,31,32,36,37,38,39,43,44,45,46], 16[1,2,8,9,10,11,15,16,17,18,22,23,24,25,29,30,31,32,36,37,38,39,43,44,45,46]]
   00:00:00:00:00:11    00:00:00:00:00:06  [10[5,6,12,13,18,19,20,24,25,26,27,31,38,45], 12[5,6,7,12,13,14,19,20,21,24,25,26,27,28,31,32,33,34,38,45], 14[5,6,7,12,13,14,19,20,21,24,25,26,27,28,31,32,33,34,35,38,40,41,45], 16[5,6,7,12,13,14,19,20,21,24,25,26,27,28,31,32,33,34,35,38,39,40,41,42,45,47,48], 18[5,6,7,12,13,14,19,20,21,24,25,26,27,28,31,32,33,34,35,38,39,40,41,42,45,46,47,48,49], 20[5,6,7,12,13,14,19,20,21,24,25,26,27,28,31,32,33,34,35,38,39,40,41,42,45,46,47,48,49], 22[5,6,7,12,13,14,19,20,21,24,25,26,27,28,31,32,33,34,35,38,39,40,41,42,45,46,47,48,49], 24[5,6,7,12,13,14,19,20,21,24,25,26,27,28,31,32,33,34,35,38,39,40,41,42,45,46,47,48,49]]
   00:00:00:00:00:11    00:00:00:00:00:16  [6[22,23,24,29,30,31,36,37,38,43,44,45], 8[15,16,17,22,23,24,25,29,30,31,32,36,37,38,39,43,44,45,46], 10[15,16,17,22,23,24,25,26,29,30,31,32,33,36,37,38,39,40,43,44,45,46,47], 12[15,16,17,22,23,24,25,26,29,30,31,32,33,36,37,38,39,40,43,44,45,46,47], 14[15,16,17,22,23,24,25,26,29,30,31,32,33,36,37,38,39,40,43,44,45,46,47], 16[15,16,17,22,23,24,25,26,29,30,31,32,33,36,37,38,39,40,43,44,45,46,47], 18[15,16,17,22,23,24,25,26,29,30,31,32,33,36,37,38,39,40,43,44,45,46,47], 20[15,16,17,22,23,24,25,26,29,30,31,32,33,36,37,38,39,40,43,44,45,46,47]]
   00:00:00:00:00:11    00:00:00:00:00:12  [2[44,45], 4[37,38,44,45], 6[30,31,36,37,38,39,43,44,45,46], 8[23,24,29,30,31,32,36,37,38,39,40,43,44,45,46,47], 10[22,23,24,25,29,30,31,32,33,36,37,38,39,40,41,43,44,45,46,47,48], 12[22,23,24,25,26,29,30,31,32,33,36,37,38,39,40,41,42,43,44,45,46,47,48,49], 14[22,23,24,25,26,29,30,31,32,33,36,37,38,39,40,41,42,43,44,45,46,47,48,49], 16[22,23,24,25,26,29,30,31,32,33,36,37,38,39,40,41,42,43,44,45,46,47,48,49], 18[22,23,24,25,26,29,30,31,32,33,36,37,38,39,40,41,42,43,44,45,46,47,48,49], 20[22,23,24,25,26,29,30,31,32,33,36,37,38,39,40,41,43,44,45,46,47,48]]
   00:00:00:00:00:11    00:00:00:00:00:0e  [4[45,46,47,48], 6[38,39,40,41,45,46,47,48], 8[31,32,33,34,37,38,39,40,41,42,44,45,46,47,48,49], 10[26,27,31,32,33,34,35,36,37,38,39,40,41,42,43,44,45,46,47,48,49], 12[26,27,28,31,32,33,34,35,36,37,38,39,40,41,42,43,44,45,46,47,48,49], 14[26,27,28,31,32,33,34,35,36,37,38,39,40,41,42,43,44,45,46,47,48,49], 16[26,27,28,31,32,33,34,35,36,37,38,39,40,41,42,43,44,45,46,47,48,49], 18[26,27,28,31,32,33,34,35,36,37,38,39,40,41,42,43,44,45,46,47,48,49], 20[26,27,28,31,32,33,34,35,36,37,38,39,40,41,42,43,44,45,46,47,48,49], 22[26,27,28,31,32,33,34,35,36,37,38,39,40,41,42,43,44,45,46,47,48,49]]
   00:00:00:00:00:11    00:00:00:00:00:0f  [3[45,46,47], 5[38,39,40,45,46,47], 7[31,32,33,37,38,39,40,41,44,45,46,47,48], 9[25,26,31,32,33,34,36,37,38,39,40,41,42,43,44,45,46,47,48,49], 11[25,26,27,31,32,33,34,35,36,37,38,39,40,41,42,43,44,45,46,47,48,49], 13[25,26,27,28,31,32,33,34,35,36,37,38,39,40,41,42,43,44,45,46,47,48,49], 15[25,26,27,28,31,32,33,34,35,36,37,38,39,40,41,42,43,44,45,46,47,48,49], 17[25,26,27,28,31,32,33,34,35,36,37,38,39,40,41,42,43,44,45,46,47,48,49], 19[25,26,27,28,31,32,33,34,35,36,37,38,39,40,41,42,43,44,45,46,47,48,49], 21[26,27,28,31,32,33,34,35,36,37,38,39,40,41,42,43,44,45,46,47,48,49]]
   00:00:00:00:00:11    00:00:00:00:00:0a  [8[24,25,26,27,28,31,32,33,34,35,38,45], 10[18,19,20,21,24,25,26,27,28,31,32,33,34,35,38,39,40,41,42,45], 12[19,20,21,24,25,26,27,28,31,32,33,34,35,38,39,40,41,42,45,46,47,48,49], 14[19,20,21,24,25,26,27,28,31,32,33,34,35,38,39,40,41,42,45,46,47,48,49], 16[19,20,21,24,25,26,27,28,31,32,33,34,35,38,39,40,41,42,45,46,47,48,49], 18[19,20,21,24,25,26,27,28,31,32,33,34,35,38,39,40,41,42,45,46,47,48,49], 20[19,20,21,24,25,26,27,28,31,32,33,34,35,38,39,40,41,42,45,46,47,48,49], 22[19,20,21,24,25,26,27,28,31,32,33,34,35,38,39,40,41,42,45,46,47,48,49]]
   00:00:00:00:00:11    00:00:00:00:00:01  [9[1,2,3,8,9,10,15,16,17,22,23,24,29,30,31,36,37,38,43,44,45], 11[1,2,3,4,8,9,10,11,15,16,17,18,22,23,24,25,29,30,31,32,36,37,38,39,43,44,45], 13[1,2,3,4,8,9,10,11,15,16,17,18,22,23,24,25,29,30,31,32,36,37,38,39,43,44,45], 15[1,2,3,4,8,9,10,11,15,16,17,18,22,23,24,25,29,30,31,32,36,37,38,39,43,44,45], 17[1,2,3,4,8,9,10,11,15,16,17,18,22,23,24,25,29,30,31,32,36,37,38,39,43,44,45]]
   00:00:00:00:00:11    00:00:00:00:00:14  [4[36,37,38,43,44,45], 6[29,30,31,36,37,38,39,43,44,45,46], 8[22,23,24,29,30,31,32,36,37,38,39,40,43,44,45,46,47], 10[15,16,22,23,24,25,29,30,31,32,33,36,37,38,39,40,41,43,44,45,46,47,48], 12[15,16,22,23,24,25,26,29,30,31,32,33,36,37,38,39,40,41,43,44,45,46,47,48], 14[15,16,22,23,24,25,26,29,30,31,32,33,36,37,38,39,40,41,43,44,45,46,47,48], 16[15,16,22,23,24,25,26,29,30,31,32,33,36,37,38,39,40,41,43,44,45,46,47,48], 18[15,16,22,23,24,25,26,29,30,31,32,33,36,37,38,39,40,41,43,44,45,46,47,48], 20[22,23,24,25,26,29,30,31,32,33,36,37,38,39,40,41,43,44,45,46,47,48], 22[22,23,24,25,26,29,30,31,32,33,36,37,38,39,40,41,43,44,45,46,47,48]]
   00:00:00:00:00:11    00:00:00:00:00:0c  [6[38,39,40,41,42,45,46,47,48,49], 8[32,33,34,35,37,38,39,40,41,42,44,45,46,47,48,49], 10[26,27,28,32,33,34,35,37,38,39,40,41,42,44,45,46,47,48,49], 12[19,20,21,26,27,28,32,33,34,35,37,38,39,40,41,42,44,45,46,47,48,49], 14[13,14,19,20,21,26,27,28,32,33,34,35,37,38,39,40,41,42,44,45,46,47,48,49], 16[13,14,19,20,21,26,27,28,32,33,34,35,37,38,39,40,41,42,44,45,46,47,48,49], 18[13,14,19,20,21,26,27,28,32,33,34,35,37,38,39,40,41,42,44,45,46,47,48,49], 20[13,14,19,20,21,26,27,28,32,33,34,35,37,38,39,40,41,42,44,45,46,47,48,49]]
   00:00:00:00:00:11    00:00:00:00:00:10  [2[45,46], 4[38,39,45,46], 6[31,32,37,38,39,40,44,45,46,47], 8[31,32,33,36,37,38,39,40,41,43,44,45,46,47,48], 10[25,26,31,32,33,34,36,37,38,39,40,41,42,43,44,45,46,47,48,49], 12[25,26,27,31,32,33,34,35,36,37,38,39,40,41,42,43,44,45,46,47,48,49], 14[25,26,27,28,31,32,33,34,35,36,37,38,39,40,41,42,43,44,45,46,47,48,49], 16[25,26,27,28,31,32,33,34,35,36,37,38,39,40,41,42,43,44,45,46,47,48,49], 18[25,26,27,28,31,32,33,34,35,36,37,38,39,40,41,42,43,44,45,46,47,48,49], 20[25,26,27,28,31,32,33,34,35,36,37,38,39,40,41,42,43,44,45,46,47,48,49], 22[26,27,28,31,32,33,34,35,36,37,38,39,40,41,42,43,44,45,46,47,48,49]]
   00:00:00:00:00:11    00:00:00:00:00:13  [3[43,44,45], 5[36,37,38,43,44,45], 7[29,30,31,36,37,38,39,43,44,45,46], 9[22,23,24,29,30,31,32,36,37,38,39,40,43,44,45,46,47], 11[15,16,22,23,24,25,29,30,31,32,33,36,37,38,39,40,41,43,44,45,46,47,48], 13[15,16,22,23,24,25,26,29,30,31,32,33,36,37,38,39,40,41,43,44,45,46,47,48], 15[15,16,22,23,24,25,26,29,30,31,32,33,36,37,38,39,40,41,43,44,45,46,47,48], 17[15,16,22,23,24,25,26,29,30,31,32,33,36,37,38,39,40,41,43,44,45,46,47,48], 19[15,16,22,23,24,25,26,29,30,31,32,33,36,37,38,39,40,41,43,44,45,46,47,48]]
   00:00:00:00:00:14    00:00:00:00:00:05  [10[4,5,11,12,18,19,22,23,24,25,26,29,30,31,32,33,36], 12[4,5,6,11,12,13,18,19,20,22,23,24,25,26,27,29,30,31,32,33,34,36,38,39,40], 14[4,5,6,11,12,13,18,19,20,22,23,24,25,26,27,29,30,31,32,33,34,36,38,39,40,41,45,46,47], 16[4,5,6,11,12,13,18,19,20,22,23,24,25,26,27,29,30,31,32,33,34,36,37,38,39,40,41,44,45,46,47,48], 18[4,5,6,11,12,13,18,19,20,22,23,24,25,26,27,29,30,31,32,33,34,36,37,38,39,40,41,44,45,46,47,48], 20[4,5,6,11,12,13,18,19,20,22,23,24,25,26,27,29,30,31,32,33,34,36,37,38,39,40,41,44,45,46,47,48], 22[4,5,6,11,12,13,18,19,20,22,23,24,25,26,27,29,30,31,32,33,34,36,37,38,39,40,41,44,45,46,47,48], 24[4,5,11,12,18,19,25,26,27,29,30,31,32,33,34,36,37,38,39,40,41,44,45,46,47,48]]
   00:00:00:00:00:14    00:00:00:00:00:15  [2[29,36], 4[29,30,36,37], 6[22,23,29,30,31,36,37,38,43,44], 8[15,16,22,23,24,29,30,31,32,36,37,38,39,43,44,45], 10[15,16,17,22,23,24,25,29,30,31,32,33,36,37,38,39,40,43,44,45,46], 12[15,16,17,22,23,24,25,26,29,30,31,32,33,36,37,38,39,40,43,44,45,46,47], 14[15,16,17,22,23,24,25,26,29,30,31,32,33,36,37,38,39,40,43,44,45,46,47], 16[15,16,17,22,23,24,25,26,29,30,31,32,33,36,37,38,39,40,43,44,45,46,47], 18[15,16,22,23,24,25,26,29,30,31,32,33,36,37,38,39,40,43,44,45,46,47], 20[15,16,22,23,24,25,26,29,30,31,32,33,36,37,38,39,40,43,44,45,46,47]]
   00:00:00:00:00:14    00:00:00:00:00:09  [10[18,19,20,21,22,23,24,25,26,27,28,29,36], 12[20,21,22,23,24,25,26,27,28,29,33,34,35,36], 14[20,21,22,23,24,25,26,27,28,29,33,34,35,36,40,41,42], 16[20,21,22,23,24,25,26,27,28,29,32,33,34,35,36,39,40,41,42,48,49], 18[20,21,22,23,24,25,26,27,28,29,31,32,33,34,35,36,38,39,40,41,42,47,48,49], 20[20,21,22,23,24,25,26,27,28,29,30,31,32,33,34,35,36,37,38,39,40,41,42,45,46,47,48,49], 22[20,21,22,23,24,25,26,27,28,29,30,31,32,33,34,35,36,37,38,39,40,41,42,44,45,46,47,48,49], 24[20,21,22,23,24,25,26,27,28,29,30,31,32,33,34,35,36,37,38,39,40,41,42,44,45,46,47,48,49], 26[20,21,22,23,24,25,26,27,28,29,30,31,32,33,34,35,36,37,38,39,40,41,42,44,45,46,47,48,49], 28[20,21,22,23,24,25,26,27,28,29,30,31,32,33,34,35,36,37,38,39,40,41,42,44,45,46,47,48,49]]
   00:00:00:00:00:14    00:00:00:00:00:08  [11[13,14,18,19,20,21,22,23,24,25,26,27,28,29,36], 13[13,14,20,21,22,23,24,25,26,27,28,29,33,34,35,36], 15[13,14,20,21,22,23,24,25,26,27,28,29,33,34,35,36,40,41,42], 17[13,14,20,21,22,23,24,25,26,27,28,29,32,33,34,35,36,39,40,41,42,48,49], 19[13,14,20,21,22,23,24,25,26,27,28,29,31,32,33,34,35,36,38,39,40,41,42,47,48,49], 21[13,14,20,21,22,23,24,25,26,27,28,29,30,31,32,33,34,35,36,37,38,39,40,41,42,45,46,47,48,49], 23[13,14,20,21,22,23,24,25,26,27,28,29,30,31,32,33,34,35,36,37,38,39,40,41,42,44,45,46,47,48,49], 25[13,14,20,21,22,23,24,25,26,27,28,29,30,31,32,33,34,35,36,37,38,39,40,41,42,44,45,46,47,48,49], 27[13,14,20,21,22,23,24,25,26,27,28,29,30,31,32,33,34,35,36,37,38,39,40,41,42,44,45,46,47,48,49], 29[13,14,20,21,22,23,24,25,26,27,28,29,30,31,32,33,34,35,36,37,38,39,40,41,42,44,45,46,47,48,49]]
   00:00:00:00:00:14    00:00:00:00:00:0d  [8[36,37,38,39,40,41,42,43,44,45,46,47,48,49], 10[32,33,34,35,36,37,38,39,40,41,42,43,44,45,46,47,48,49], 12[26,27,28,32,33,34,35,36,37,38,39,40,41,42,43,44,45,46,47,48,49], 14[18,19,20,21,22,23,24,25,26,27,28,29,32,33,34,35,36,37,38,39,40,41,42,43,44,45,46,47,48,49], 16[26,27,28,32,33,34,35,36,37,38,39,40,41,42,43,44,45,46,47,48,49], 18[26,27,28,32,33,34,35,36,37,38,39,40,41,42,43,44,45,46,47,48,49], 20[26,27,28,32,33,34,35,36,37,38,39,40,41,42,43,44,45,46,47,48,49]]
   00:00:00:00:00:14    00:00:00:00:00:04  [9[3,4,10,11,17,18,22,23,24,25,29,30,31,32,36], 11[3,4,5,10,11,12,17,18,19,24,25,26,29,30,31,32,33,36,37,38,39], 13[3,4,5,6,10,11,12,13,17,18,19,20,24,25,26,27,29,30,31,32,33,34,36,37,38,39,40,44,45,46], 15[3,4,5,6,10,11,12,13,17,18,19,20,24,25,26,27,29,30,31,32,33,34,36,37,38,39,40,41,44,45,46,47], 17[3,4,5,6,10,11,12,13,17,18,19,20,24,25,26,27,29,30,31,32,33,34,36,37,38,39,40,41,44,45,46,47,48], 19[3,4,5,6,10,11,12,13,17,18,19,20,24,25,26,27,29,30,31,32,33,34,36,37,38,39,40,41,44,45,46,47,48], 21[4,5,6,11,12,13,18,19,20,25,26,27,29,30,31,32,33,34,36,37,38,39,40,41,44,45,46,47,48], 23[4,5,6,11,12,13,18,19,20,25,26,27,29,30,31,32,33,34,36,37,38,39,40,41,44,45,46,47,48]]
   00:00:00:00:00:14    00:00:00:00:00:02  [7[1,2,8,9,15,16,22,23,29,30,36,37], 9[1,2,3,8,9,10,15,16,17,22,23,24,29,30,31,36,37,38,43,44], 11[1,2,3,4,8,9,10,11,15,16,17,18,22,23,24,25,29,30,31,32,36,37,38,39,43,44,45], 13[1,2,3,4,8,9,10,11,15,16,17,18,22,23,24,25,29,30,31,32,36,37,38,39,43,44,45,46], 15[1,2,3,4,8,9,10,11,15,16,17,18,22,23,24,25,29,30,31,32,36,37,38,39,43,44,45,46], 17[2,3,4,9,10,11,16,17,18,23,24,25,29,30,31,32,36,37,38,39,43,44,45,46]]
   00:00:00:00:00:14    00:00:00:00:00:0b  [10[22,23,24,25,26,27,28,29,32,33,34,35,36], 12[18,19,20,21,22,23,24,25,26,27,28,29,32,33,34,35,36,39,40,41,42], 14[22,23,24,25,26,27,28,29,31,32,33,34,35,36,38,39,40,41,42,47,48,49], 16[22,23,24,25,26,27,28,29,30,31,32,33,34,35,36,37,38,39,40,41,42,46,47,48,49], 18[22,23,24,25,26,27,28,29,30,31,32,33,34,35,36,37,38,39,40,41,42,45,46,47,48,49], 20[22,23,24,25,26,27,28,29,30,31,32,33,34,35,36,37,38,39,40,41,42,44,45,46,47,48,49], 22[22,23,24,25,26,27,28,29,30,31,32,33,34,35,36,37,38,39,40,41,42,44,45,46,47,48,49], 24[22,23,24,25,26,27,28,29,30,31,32,33,34,35,36,37,38,39,40,41,42,44,45,46,47,48,49], 26[22,23,24,25,26,27,28,29,30,31,32,33,34,35,36,37,38,39,40,41,42,44,45,46,47,48,49]]
   00:00:00:00:00:14    00:00:00:00:00:17  [4[15,22,29,36], 6[15,16,22,23,29,30,36,37], 8[8,9,15,16,17,22,23,24,29,30,31,36,37,38,43,44], 10[8,9,15,16,17,18,22,23,24,25,29,30,31,32,36,37,38,43,44,45], 12[8,9,15,16,17,18,19,22,23,24,25,26,29,30,31,32,33,36,37,38,39,43,44,45], 14[15,16,17,18,19,22,23,24,25,26,29,30,31,32,33,36,37,38,39,40,44,45,46], 16[15,16,17,18,19,22,23,24,25,26,29,30,31,32,33,36,37,38,39,40,44,45,46,47], 18[15,16,17,18,19,22,23,24,25,26,29,30,31,32,33,36,37,38,39,40,44,45,46,47], 20[15,16,17,18,19,22,23,24,25,26,29,30,31,32,33,36,37,38,39,40,44,45,46,47]]
   00:00:00:00:00:14    00:00:00:00:00:03  [8[2,3,9,10,16,17,22,23,24,29,30,31,36,37,38], 10[2,3,4,9,10,11,16,17,18,23,24,25,29,30,31,32,36,37,38,39,43,44,45], 12[2,3,4,5,9,10,11,12,16,17,18,19,23,24,25,26,29,30,31,32,33,36,37,38,39,43,44,45,46], 14[2,3,4,5,9,10,11,12,16,17,18,19,23,24,25,26,29,30,31,32,33,36,37,38,39,40,43,44,45,46], 16[2,3,4,5,9,10,11,12,16,17,18,19,23,24,25,26,29,30,31,32,33,36,37,38,39,40,43,44,45,46,47], 18[3,4,5,10,11,12,17,18,19,24,25,26,29,30,31,32,33,36,37,38,39,40,44,45,46,47], 20[3,4,5,10,11,12,17,18,19,24,25,26,29,30,31,32,33,36,37,38,39,40,44,45,46,47]]
   00:00:00:00:00:14    00:00:00:00:00:07  [12[6,7,13,14,18,19,20,21,22,23,24,25,26,27,28,29,36], 14[6,7,13,14,20,21,22,23,24,25,26,27,28,29,33,34,35,36], 16[6,7,13,14,20,21,22,23,24,25,26,27,28,29,33,34,35,36,40,41,42], 18[6,7,13,14,20,21,22,23,24,25,26,27,28,29,32,33,34,35,36,39,40,41,42,48,49], 20[6,7,13,14,20,21,22,23,24,25,26,27,28,29,31,32,33,34,35,36,38,39,40,41,42,47,48,49], 22[6,7,13,14,20,21,22,23,24,25,26,27,28,29,30,31,32,33,34,35,36,37,38,39,40,41,42,46,47,48,49], 24[6,7,13,14,20,21,22,23,24,25,26,27,28,29,30,31,32,33,34,35,36,37,38,39,40,41,42,44,45,46,47,48,49], 26[6,7,13,14,20,21,22,23,24,25,26,27,28,29,30,31,32,33,34,35,36,37,38,39,40,41,42,44,45,46,47,48,49], 28[6,7,13,14,20,21,22,23,24,25,26,27,28,29,30,31,32,33,34,35,36,37,38,39,40,41,42,44,45,46,47,48,49], 30[6,7,13,14,20,21,22,23,24,25,26,27,28,29,30,31,32,33,34,35,36,37,38,39,40,41,42,44,45,46,47,48,49]]
   00:00:00:00:00:14    00:00:00:00:00:18  [5[8,15,22,29,36], 7[8,9,15,16,22,23,29,30,36,37], 9[1,2,8,9,10,15,16,17,22,23,24,29,30,31,36,37,38,43,44], 11[1,2,8,9,10,11,15,16,17,18,22,23,24,25,29,30,31,32,36,37,38,39,43,44,45], 13[1,2,8,9,10,11,15,16,17,18,22,23,24,25,29,30,31,32,36,37,38,39,43,44,45,46], 15[1,2,8,9,10,11,15,16,17,18,22,23,24,25,29,30,31,32,36,37,38,39,43,44,45,46], 17[8,9,10,11,15,16,17,18,22,23,24,25,29,30,31,32,36,37,38,39,43,44,45,46]]
   00:00:00:00:00:14    00:00:00:00:00:06  [11[5,6,12,13,18,19,20,22,23,24,25,26,27,29,36], 13[6,7,13,14,20,21,22,23,24,25,26,27,28,29,33,34,36], 15[6,7,13,14,20,21,22,23,24,25,26,27,28,29,33,34,35,36,40,41], 17[6,7,13,14,20,21,22,23,24,25,26,27,28,29,32,33,34,35,36,39,40,41,42,47,48], 19[6,7,13,14,20,21,22,23,24,25,26,27,28,29,31,32,33,34,35,36,38,39,40,41,42,46,47,48,49], 21[6,7,13,14,20,21,22,23,24,25,26,27,28,29,30,31,32,33,34,35,36,37,38,39,40,41,42,45,46,47,48,49], 23[6,7,13,14,20,21,22,23,24,25,26,27,28,29,30,31,32,33,34,35,36,37,38,39,40,41,42,44,45,46,47,48,49], 25[6,7,13,14,20,21,22,23,24,25,26,27,28,29,30,31,32,33,34,35,36,37,38,39,40,41,42,44,45,46,47,48,49], 27[6,7,13,14,20,21,22,23,24,25,26,27,28,29,30,31,32,33,34,35,36,37,38,39,40,41,42,44,45,46,47,48,49], 29[6,7,13,14,20,21,22,23,24,25,26,27,28,29,30,31,32,33,34,35,36,37,38,39,40,41,42,44,45,46,47,48,49], 31[6,7,13,14,20,21,22,23,24,25,26,27,28,29,30,31,32,33,34,35,36,37,38,39,40,41,42,44,45,46,47,48,49]]
   00:00:00:00:00:14    00:00:00:00:00:16  [3[22,29,36], 5[22,23,29,30,36,37], 7[15,16,22,23,24,29,30,31,36,37,38,43,44], 9[15,16,22,23,24,25,29,30,31,32,36,37,38,39,43,44,45], 11[15,16,22,23,24,25,26,29,30,31,32,33,36,37,38,39,40,43,44,45,46], 13[15,16,22,23,24,25,26,29,30,31,32,33,36,37,38,39,40,43,44,45,46,47], 15[15,16,22,23,24,25,26,29,30,31,32,33,36,37,38,39,40,43,44,45,46,47], 17[15,16,22,23,24,25,26,29,30,31,32,33,36,37,38,39,40,43,44,45,46,47], 19[15,16,22,23,24,25,26,29,30,31,32,33,36,37,38,39,40,43,44,45,46,47]]
   00:00:00:00:00:14    00:00:00:00:00:12  [3[36,37,43,44], 5[29,30,36,37,38,44,45], 7[29,30,31,36,37,38,39,44,45,46], 9[29,30,31,32,36,37,38,39,40,44,45,46,47], 11[29,30,31,32,33,36,37,38,39,40,41,44,45,46,47,48], 13[29,30,31,32,33,34,36,37,38,39,40,41,42,44,45,46,47,48,49], 15[26,27,29,30,31,32,33,34,35,36,37,38,39,40,41,42,44,45,46,47,48,49], 17[26,27,28,29,30,31,32,33,34,35,36,37,38,39,40,41,42,44,45,46,47,48,49], 19[26,27,28,29,30,31,32,33,34,35,36,37,38,39,40,41,42,44,45,46,47,48,49], 21[26,27,28,29,30,31,32,33,34,35,36,37,38,39,40,41,42,44,45,46,47,48,49], 23[26,27,28,29,30,31,32,33,34,35,36,37,38,39,40,41,42,44,45,46,47,48,49]]
   00:00:00:00:00:14    00:00:00:00:00:0e  [7[36,37,38,39,40,41,43,44,45,46,47,48], 9[31,32,33,34,36,37,38,39,40,41,42,43,44,45,46,47,48,49], 11[26,27,31,32,33,34,35,36,37,38,39,40,41,42,43,44,45,46,47,48,49], 13[26,27,28,31,32,33,34,35,36,37,38,39,40,41,42,43,44,45,46,47,48,49], 15[26,27,28,31,32,33,34,35,36,37,38,39,40,41,42,43,44,45,46,47,48,49], 17[26,27,28,31,32,33,34,35,36,37,38,39,40,41,42,43,44,45,46,47,48,49], 19[26,27,28,31,32,33,34,35,36,37,38,39,40,41,42,44,45,46,47,48,49], 21[26,27,28,31,32,33,34,35,36,37,38,39,40,41,42,44,45,46,47,48,49]]
   00:00:00:00:00:14    00:00:00:00:00:0f  [6[36,37,38,39,40,43,44,45,46,47], 8[31,32,33,36,37,38,39,40,41,43,44,45,46,47,48], 10[31,32,33,34,36,37,38,39,40,41,42,43,44,45,46,47,48,49], 12[26,27,31,32,33,34,35,36,37,38,39,40,41,42,43,44,45,46,47,48,49], 14[26,27,28,31,32,33,34,35,36,37,38,39,40,41,42,43,44,45,46,47,48,49], 16[26,27,28,31,32,33,34,35,36,37,38,39,40,41,42,43,44,45,46,47,48,49], 18[26,27,28,31,32,33,34,35,36,37,38,39,40,41,42,43,44,45,46,47,48,49], 20[26,27,28,31,32,33,34,35,36,37,38,39,40,41,42,43,44,45,46,47,48,49]]
   00:00:00:00:00:14    00:00:00:00:00:0a  [9[22,23,24,25,26,27,28,29,36], 11[18,19,20,21,22,23,24,25,26,27,28,29,32,33,34,35,36], 13[22,23,24,25,26,27,28,29,32,33,34,35,36,39,40,41,42], 15[22,23,24,25,26,27,28,29,31,32,33,34,35,36,38,39,40,41,42,46,47,48,49], 17[22,23,24,25,26,27,28,29,30,31,32,33,34,35,36,37,38,39,40,41,42,45,46,47,48,49], 19[22,23,24,25,26,27,28,29,30,31,32,33,34,35,36,37,38,39,40,41,42,44,45,46,47,48,49], 21[22,23,24,25,26,27,28,29,30,31,32,33,34,35,36,37,38,39,40,41,42,44,45,46,47,48,49], 23[22,23,24,25,26,27,28,29,30,31,32,33,34,35,36,37,38,39,40,41,42,44,45,46,47,48,49], 25[22,23,24,25,26,27,28,29,30,31,32,33,34,35,36,37,38,39,40,41,42,44,45,46,47,48,49], 27[22,23,24,25,26,27,28,29,30,31,32,33,34,35,36,37,38,39,40,41,42,44,45,46,47,48,49]]
   00:00:00:00:00:14    00:00:00:00:00:01  [6[1,8,15,22,29,36], 8[1,2,8,9,15,16,22,23,29,30,36,37], 10[1,2,3,8,9,10,15,16,17,22,23,24,29,30,31,36,37,38,43,44], 12[1,2,3,4,8,9,10,11,15,16,17,18,22,23,24,25,29,30,31,32,36,37,38,43,44,45], 14[1,2,3,4,8,9,10,11,15,16,17,18,22,23,24,25,29,30,31,32,36,37,38,39,43,44,45], 16[1,2,3,4,8,9,10,11,15,16,17,18,22,23,24,25,29,30,31,32,36,37,38,39,44,45,46], 18[1,2,3,4,8,9,10,11,15,16,17,18,22,23,24,25,29,30,31,32,36,37,38,39,44,45,46]]
   00:00:00:00:00:14    00:00:00:00:00:11  [4[36,37,38,43,44,45], 6[30,31,36,37,38,39,43,44,45,46], 8[30,31,32,36,37,38,39,40,43,44,45,46,47], 10[30,31,32,33,36,37,38,39,40,41,43,44,45,46,47,48], 12[30,31,32,33,34,36,37,38,39,40,41,42,43,44,45,46,47,48,49], 14[26,27,30,31,32,33,34,35,36,37,38,39,40,41,42,43,44,45,46,47,48,49], 16[26,27,28,30,31,32,33,34,35,36,37,38,39,40,41,42,43,44,45,46,47,48,49], 18[26,27,28,30,31,32,33,34,35,36,37,38,39,40,41,42,43,44,45,46,47,48,49], 20[26,27,28,30,31,32,33,34,35,36,37,38,39,40,41,42,43,44,45,46,47,48,49], 22[26,27,28,30,31,32,33,34,35,36,37,38,39,40,41,42,43,44,45,46,47,48,49]]
   00:00:00:00:00:14    00:00:00:00:00:0c  [7[36,37,38,39,40,41,42], 9[32,33,34,35,36,37,38,39,40,41,42,43,44,45,46,47,48,49], 11[26,27,28,32,33,34,35,36,37,38,39,40,41,42,43,44,45,46,47,48,49], 13[18,19,20,21,22,23,24,25,26,27,28,29,32,33,34,35,36,37,38,39,40,41,42,43,44,45,46,47,48,49], 15[19,20,21,26,27,28,32,33,34,35,36,37,38,39,40,41,42,43,44,45,46,47,48,49], 17[19,20,21,26,27,28,32,33,34,35,36,37,38,39,40,41,42,43,44,45,46,47,48,49], 19[19,20,21,26,27,28,32,33,34,35,36,37,38,39,40,41,42,43,44,45,46,47,48,49], 21[19,20,21,26,27,28,32,33,34,35,36,37,38,39,40,41,42,43,44,45,46,47,48,49]]
   00:00:00:00:00:14    00:00:00:00:00:10  [5[36,37,38,39,43,44,45,46], 7[31,32,36,37,38,39,40,43,44,45,46,47], 9[31,32,33,36,37,38,39,40,41,43,44,45,46,47,48], 11[31,32,33,34,36,37,38,39,40,41,42,43,44,45,46,47,48,49], 13[26,27,31,32,33,34,35,36,37,38,39,40,41,42,43,44,45,46,47,48,49], 15[26,27,28,31,32,33,34,35,36,37,38,39,40,41,42,43,44,45,46,47,48,49], 17[26,27,28,31,32,33,34,35,36,37,38,39,40,41,42,43,44,45,46,47,48,49], 19[26,27,28,31,32,33,34,35,36,37,38,39,40,41,42,43,44,45,46,47,48,49], 21[26,27,28,31,32,33,34,35,36,37,38,39,40,41,42,43,44,45,46,47,48,49]]
   00:00:00:00:00:14    00:00:00:00:00:13  [2[36,43], 4[36,37,43,44], 6[29,30,36,37,38,43,44,45], 8[29,30,31,36,37,38,43,44,45], 10[29,30,31,32,36,37,38,39,43,44,45,46], 12[29,30,31,32,33,36,37,38,39,40,43,44,45,46,47], 14[29,30,31,32,33,34,36,37,38,39,40,41,43,44,45,46,47,48], 16[26,27,29,30,31,32,33,34,35,36,37,38,39,40,41,42,43,44,45,46,47,48,49], 18[26,27,28,29,30,31,32,33,34,35,36,37,38,39,40,41,42,43,44,45,46,47,48,49], 20[26,27,28,29,30,31,32,33,34,35,36,37,38,39,40,41,42,43,44,45,46,47,48,49], 22[26,27,28,29,30,31,32,33,34,35,36,37,38,39,40,41,42,43,44,45,46,47,48,49], 24[26,27,28,29,30,31,32,33,34,35,36,37,38,39,40,41,42,43,44,45,46,47,48,49]]
   00:00:00:00:00:0c    00:00:00:00:00:05  [8[5,6,7,12,13,14,19,20,21,26,27,28,33,34,35,40,41,42], 10[4,5,6,7,11,12,13,14,18,19,20,21,25,26,27,28,32,33,34,35,39,40,41,42,47,48,49], 12[4,5,6,7,11,12,13,14,18,19,20,21,25,26,27,28,32,33,34,35,39,40,41,42,46,47,48,49], 14[4,5,6,7,11,12,13,14,18,19,20,21,25,26,27,28,32,33,34,35,39,40,41,42,46,47,48,49], 16[4,5,6,7,11,12,13,14,18,19,20,21,25,26,27,28,32,33,34,35,39,40,41,42,46,47,48,49], 18[4,5,11,12,18,19,25,26,27,28,32,33,34,35,39,40,41,42,46,47,48,49]]
   00:00:00:00:00:0c    00:00:00:00:00:15  [12[16,17,18,19,20,21,22,23,24,25,26,28,29,30,31,32,33,35,42], 14[16,17,18,19,20,21,22,23,24,25,26,28,29,30,31,32,33,35,36,37,38,39,42], 16[15,16,17,18,19,20,21,22,23,24,25,26,27,28,29,30,31,32,33,34,35,36,37,38,39,42,43,44,45,46], 18[15,16,17,18,19,20,21,22,23,24,25,26,27,28,29,30,31,32,33,34,35,36,37,38,39,40,42,43,44,45,46,47], 20[15,16,17,18,19,20,21,22,23,24,25,26,27,28,29,30,31,32,33,34,35,36,37,38,39,40,41,42,43,44,45,46,47,48], 22[15,16,17,18,19,20,21,22,23,24,25,26,27,28,29,30,31,32,33,34,35,36,37,38,39,40,41,42,43,44,45,46,47,48], 24[15,16,17,18,19,20,21,22,23,24,25,26,27,28,29,30,31,32,33,34,35,36,37,38,39,40,41,42,43,44,45,46,47,48], 26[15,16,17,18,19,20,21,22,23,24,25,26,27,28,29,30,31,32,33,34,35,36,37,38,39,40,41,42,43,44,45,46,47,48], 28[15,16,17,18,19,20,21,22,23,24,25,26,27,28,29,30,31,32,33,34,35,36,37,38,39,40,41,42,43,44,45,46,47,48], 30[16,17,18,19,20,21,23,26,27,28,29,30,31,32,33,34,35,36,37,38,39,40,41,42,43,44,45,46,47,48]]
   00:00:00:00:00:0c    00:00:00:00:00:09  [4[21,28,35,42], 6[20,21,27,28,34,35,41,42], 8[13,14,19,20,21,26,27,28,33,34,35,40,41,42,48,49], 10[6,7,12,13,14,18,19,20,21,25,26,27,28,32,33,34,35,39,40,41,42,47,48,49], 12[6,7,12,13,14,18,19,20,21,25,26,27,28,32,33,34,35,39,40,41,42,46,47,48,49], 14[6,7,12,13,14,17,18,19,20,21,24,25,26,27,28,31,32,33,34,35,39,40,41,42,46,47,48,49], 16[6,7,12,13,14,17,18,19,20,21,24,25,26,27,28,31,32,33,34,35,38,39,40,41,42,46,47,48,49], 18[17,18,19,20,21,24,25,26,27,28,31,32,33,34,35,38,39,40,41,42,45,46,47,48,49], 20[17,18,19,20,21,24,25,26,27,28,31,32,33,34,35,38,39,40,41,42,45,46,47,48,49], 22[17,18,19,20,21,24,25,26,27,28,31,32,33,34,35,38,39,40,41,42,45,46,47,48]]
   00:00:00:00:00:0c    00:00:00:00:00:08  [5[14,21,28,35,42], 7[13,14,20,21,27,28,34,35,41,42], 9[6,7,12,13,14,19,20,21,26,27,28,33,34,35,40,41,42,48,49], 11[5,6,7,11,12,13,14,18,19,20,21,25,26,27,28,32,33,34,35,40,41,42,47,48,49], 13[5,6,7,11,12,13,14,18,19,20,21,25,26,27,28,32,33,34,35,39,40,41,42,47,48,49], 15[5,6,7,11,12,13,14,18,19,20,21,25,26,27,28,32,33,34,35,39,40,41,42,46,47,48,49], 17[5,6,7,11,12,13,14,18,19,20,21,25,26,27,28,32,33,34,35,39,40,41,42,46,47,48,49], 19[11,12,13,14,18,19,20,21,25,26,27,28,32,33,34,35,39,40,41,42,46,47,48]]
   00:00:00:00:00:0c    00:00:00:00:00:0d  [2[42,49], 4[41,42,48,49], 6[34,35,41,42,48,49], 8[27,28,33,34,35,40,41,42,48,49], 10[26,27,28,32,33,34,35,39,40,41,42,47,48,49], 12[26,27,28,31,32,33,34,35,38,39,40,41,42,45,46,47,48,49], 14[26,27,28,30,31,32,33,34,35,37,38,39,40,41,42,44,45,46,47,48,49], 16[26,27,28,29,30,31,32,33,34,35,36,37,38,39,40,41,42,43,44,45,46,47,48,49], 18[26,27,28,29,30,31,32,33,34,35,36,37,38,39,40,41,42,43,44,45,46,47,48,49], 20[26,27,28,29,30,31,32,33,34,35,36,37,38,39,40,41,42,43,44,45,46,47,48,49], 22[26,27,28,29,30,31,32,33,34,35,36,37,38,39,40,41,42,43,44,45,46,47,48,49], 24[26,27,28,29,30,31,32,33,34,35,36,37,38,39,40,41,42,43,44,45,46,47,48,49]]
   00:00:00:00:00:0c    00:00:00:00:00:04  [9[4,5,6,11,12,13,14,18,19,20,21,25,26,27,28,32,33,34,35,42], 11[3,4,5,10,11,12,17,18,19,24,25,26,27,28,31,32,33,34,35,39,40,41,42], 13[3,4,5,10,11,12,17,18,19,24,25,26,27,28,31,32,33,34,35,38,39,40,41,42,46,47,48], 15[3,4,5,10,11,12,17,18,19,24,25,26,27,28,31,32,33,34,35,38,39,40,41,42,45,46,47,48], 17[3,4,5,10,11,12,17,18,19,24,25,26,27,28,31,32,33,34,35,38,39,40,41,42,45,46,47,48], 19[3,4,5,10,11,12,17,18,19,24,25,26,27,28,31,32,33,34,35,38,39,40,41,42,45,46,47,48], 21[3,4,5,10,11,12,17,18,19,24,25,26,27,28,31,32,33,34,35,38,39,40,41,42,45,46,47,48]]
   00:00:00:00:00:0c    00:00:00:00:00:02  [11[2,3,4,9,11,12,13,14,16,17,18,19,20,21,23,24,25,26,27,28,35,42], 13[2,3,9,10,16,17,23,24,25,26,27,28,30,31,32,35,42], 15[1,2,8,9,15,16,22,23,24,25,26,27,28,29,30,31,32,35,37,38,39,42], 17[1,2,8,9,15,16,22,23,24,25,26,27,28,29,30,31,32,33,35,36,37,38,39,40,42,44,45], 19[1,2,3,8,9,10,15,16,17,22,23,24,25,26,27,28,29,30,31,32,33,34,35,36,37,38,39,40,41,42,43,44,45,46], 21[1,2,3,8,9,10,15,16,17,22,23,24,25,26,27,28,29,30,31,32,33,34,35,36,37,38,39,40,41,42,43,44,45,46,47], 23[1,2,3,8,9,10,15,16,17,22,23,24,25,26,27,28,29,30,31,32,33,34,35,36,37,38,39,40,41,42,43,44,45,46,47,48], 25[1,2,3,8,9,10,15,16,17,22,23,24,25,26,27,28,29,30,31,32,33,34,35,36,37,38,39,40,41,42,43,44,45,46,47,48], 27[1,2,3,8,9,10,15,16,17,22,23,24,25,26,27,28,29,30,31,32,33,34,35,36,37,38,39,40,41,42,43,44,45,46,47,48], 29[1,2,8,9,15,16,22,23,25,26,27,28,29,30,31,32,33,34,35,36,37,38,39,40,41,42,43,44,45,46,47,48]]
   00:00:00:00:00:0c    00:00:00:00:00:0b  [2[35,42], 4[34,35,41,42], 6[27,28,33,34,35,40,41,42,48,49], 8[20,21,26,27,28,32,33,34,35,39,40,41,42,47,48,49], 10[13,14,19,20,21,26,27,28,32,33,34,35,39,40,41,42,46,47,48,49], 12[12,13,14,18,19,20,21,25,26,27,28,32,33,34,35,39,40,41,42,46,47,48,49], 14[12,13,14,18,19,20,21,25,26,27,28,32,33,34,35,39,40,41,42,46,47,48,49], 16[12,13,14,18,19,20,21,25,26,27,28,32,33,34,35,39,40,41,42,46,47,48,49], 18[12,13,14,18,19,20,21,25,26,27,28,32,33,34,35,39,40,41,42,46,47,48,49], 20[12,13,14,18,19,20,21,25,26,27,28,32,33,34,35,39,40,41,42,46,47,48,49]]
   00:00:00:00:00:0c    00:00:00:00:00:17  [10[15,16,17,18,19,20,21,22,23,24,25,26,27,28,35,42], 12[15,16,22,23,24,25,26,27,28,29,30,31,35,42], 14[15,16,22,23,24,25,26,27,28,29,30,31,35,36,37,38,42], 16[15,16,22,23,24,25,26,27,28,29,30,31,32,35,36,37,38,39,42,43,44], 18[15,16,22,23,24,25,26,27,28,29,30,31,32,33,35,36,37,38,39,40,42,43,44,45,46], 20[15,16,22,23,24,25,26,27,28,29,30,31,32,33,34,35,36,37,38,39,40,41,42,43,44,45,46,47], 22[15,16,22,23,24,25,26,27,28,29,30,31,32,33,34,35,36,37,38,39,40,41,42,43,44,45,46,47,48], 24[15,16,22,23,24,25,26,27,28,29,30,31,32,33,34,35,36,37,38,39,40,41,42,43,44,45,46,47,48], 26[15,16,22,23,24,25,26,27,28,29,30,31,32,33,34,35,36,37,38,39,40,41,42,43,44,45,46,47,48], 28[15,16,22,23,24,25,26,27,28,29,30,31,32,33,34,35,36,37,38,39,40,41,42,43,44,45,46,47,48]]
   00:00:00:00:00:0c    00:00:00:00:00:03  [10[3,4,10,11,12,13,14,17,18,19,20,21,24,25,26,27,28,35,42], 12[3,4,10,11,17,18,24,25,26,27,28,31,32,33,35,42], 14[2,3,4,9,10,11,16,17,18,23,24,25,26,27,28,30,31,32,33,35,38,39,40,42], 16[2,3,4,9,10,11,16,17,18,23,24,25,26,27,28,30,31,32,33,34,35,37,38,39,40,41,42,45,46], 18[2,3,4,9,10,11,16,17,18,23,24,25,26,27,28,30,31,32,33,34,35,37,38,39,40,41,42,44,45,46,47,48], 20[2,3,4,9,10,11,16,17,18,23,24,25,26,27,28,30,31,32,33,34,35,37,38,39,40,41,42,44,45,46,47,48], 22[2,3,4,9,10,11,16,17,18,23,24,25,26,27,28,30,31,32,33,34,35,37,38,39,40,41,42,44,45,46,47,48], 24[2,3,4,9,10,11,16,17,18,23,24,25,26,27,28,30,31,32,33,34,35,37,38,39,40,41,42,44,45,46,47,48]]
   00:00:00:00:00:0c    00:00:00:00:00:07  [6[7,14,21,28,35,42], 8[6,7,13,14,20,21,27,28,34,35,41,42], 10[5,6,7,12,13,14,19,20,21,26,27,28,33,34,35,40,41,42,48,49], 12[4,5,6,7,11,12,13,14,18,19,20,21,25,26,27,28,33,34,35,40,41,42,47,48,49], 14[4,5,6,7,11,12,13,14,18,19,20,21,25,26,27,28,32,33,34,35,40,41,42,47,48,49], 16[4,5,6,7,11,12,13,14,18,19,20,21,25,26,27,28,32,33,34,35,39,40,41,42,47,48,49], 18[4,5,6,7,11,12,13,14,18,19,20,21,25,26,27,28,32,33,34,35,39,40,41,42,46,47,48,49], 20[4,5,6,7,11,12,13,14,18,19,20,21,25,26,27,28,32,33,34,35,39,40,41,42,46,47,48]]
   00:00:00:00:00:0c    00:00:00:00:00:18  [11[8,9,10,11,12,15,16,17,18,19,20,21,22,23,24,25,26,27,28,35,42], 13[8,9,10,15,16,17,22,23,24,25,26,27,28,29,30,31,32,35,42], 15[8,9,15,16,22,23,24,25,26,27,28,29,30,31,32,35,36,37,38,39,42], 17[8,9,15,16,22,23,24,25,26,27,28,29,30,31,32,33,35,36,37,38,39,40,42,43,44,45], 19[8,9,10,15,16,17,22,23,24,25,26,27,28,29,30,31,32,33,34,35,36,37,38,39,40,41,42,43,44,45,46], 21[8,9,10,15,16,17,22,23,24,25,26,27,28,29,30,31,32,33,34,35,36,37,38,39,40,41,42,43,44,45,46,47], 23[8,9,10,15,16,17,22,23,24,25,26,27,28,29,30,31,32,33,34,35,36,37,38,39,40,41,42,43,44,45,46,47,48], 25[8,9,10,15,16,17,22,23,24,25,26,27,28,29,30,31,32,33,34,35,36,37,38,39,40,41,42,43,44,45,46,47,48], 27[8,9,10,15,16,17,22,23,24,25,26,27,28,29,30,31,32,33,34,35,36,37,38,39,40,41,42,43,44,45,46,47,48], 29[8,9,15,16,22,23,24,25,26,27,28,29,30,31,32,33,34,35,36,37,38,39,40,41,42,43,44,45,46,47,48]]
   00:00:00:00:00:0c    00:00:00:00:00:06  [7[6,7,13,14,20,21,27,28,34,35,41,42], 9[5,6,7,12,13,14,19,20,21,26,27,28,33,34,35,40,41,42,48,49], 11[4,5,6,7,11,12,13,14,18,19,20,21,25,26,27,28,32,33,34,35,40,41,42,47,48,49], 13[4,5,6,7,11,12,13,14,18,19,20,21,25,26,27,28,32,33,34,35,39,40,41,42,47,48,49], 15[4,5,6,7,11,12,13,14,18,19,20,21,25,26,27,28,32,33,34,35,39,40,41,42,46,47,48], 17[4,5,6,7,11,12,13,14,18,19,20,21,25,26,27,28,32,33,34,35,39,40,41,42,46,47,48], 19[4,5,6,11,12,13,18,19,20,25,26,27,28,32,33,34,35,39,40,41,42,46,47,48]]
   00:00:00:00:00:0c    00:00:00:00:00:16  [11[16,17,18,19,20,21,22,23,24,25,26,28,35,42], 13[19,20,21,22,23,24,25,26,28,29,30,31,32,33,35,42], 15[15,16,19,20,21,22,23,24,25,26,27,28,29,30,31,32,33,34,35,36,37,38,39,42], 17[15,16,19,20,21,22,23,24,25,26,27,28,29,30,31,32,33,34,35,36,37,38,39,40,42,43,44,45,46], 19[15,16,19,20,21,22,23,24,26,27,28,29,30,31,32,33,34,35,36,37,38,39,40,42,43,44,45,46,47], 21[15,16,19,20,21,22,23,24,26,27,28,29,30,31,32,33,34,35,36,37,38,39,40,41,42,43,44,45,46,47,48], 23[15,16,19,20,21,22,23,24,26,27,28,29,30,31,32,33,34,35,36,37,38,39,40,41,42,43,44,45,46,47,48], 25[15,16,19,20,21,22,23,24,26,27,28,29,30,31,32,33,34,35,36,37,38,39,40,41,42,43,44,45,46,47,48], 27[15,16,19,20,21,22,23,24,26,27,28,29,30,31,32,33,34,35,36,37,38,39,40,41,42,43,44,45,46,47,48], 29[15,16,19,20,21,22,23,24,26,27,28,29,30,31,32,33,34,35,36,37,38,39,40,41,42,43,44,45,46,47,48]]
   00:00:00:00:00:0c    00:00:00:00:00:12  [7[37,38,39,40,41,42,44,45,46,47,48,49], 9[30,31,32,33,36,37,38,39,40,41,42,43,44,45,46,47,48,49], 11[23,24,25,26,29,30,31,32,33,36,37,38,39,40,41,42,43,44,45,46,47,48,49], 13[22,23,24,25,26,29,30,31,32,33,36,37,38,39,40,41,42,43,44,45,46,47,48,49], 15[22,23,24,25,26,29,30,31,32,33,36,37,38,39,40,41,42,43,44,45,46,47,48,49], 17[22,23,24,25,26,29,30,31,32,33,36,37,38,39,40,41,42,43,44,45,46,47,48,49], 19[22,23,24,25,26,29,30,31,32,33,36,37,38,39,40,41,42,43,44,45,46]]
   00:00:00:00:00:0c    00:00:00:00:00:0e  [3[41,42,48,49], 5[34,35,40,41,42,47,48], 7[27,28,33,34,35,39,40,41,42,46,47,48], 9[26,27,28,32,33,34,35,38,39,40,41,42,45,46,47,48], 11[26,27,28,31,32,33,34,35,37,38,39,40,41,42,44,45,46,47,48], 13[26,27,28,30,31,32,33,34,35,36,37,38,39,40,41,42,43,44,45,46,47,48], 15[26,27,28,29,30,31,32,33,34,35,36,37,38,39,40,41,42,43,44,45,46,47,48], 17[26,27,28,29,30,31,32,33,34,35,36,37,38,39,40,41,42,43,44,45,46,47,48], 19[26,27,28,29,30,31,32,33,34,35,36,37,38,39,40,41,42,43,44,45,46,47,48], 21[26,27,28,29,30,31,32,33,34,35,36,37,38,39,40,41,42,43,44,45,46,47,48], 23[26,27,28,29,30,31,32,33,34,35,36,37,38,39,40,41,42,43,44,45,46,47,48]]
   00:00:00:00:00:0c    00:00:00:00:00:0f  [4[40,41,42,47,48,49], 6[33,34,35,39,40,41,42,46,47], 8[26,27,28,32,33,34,35,38,39,40,41,42,45,46,47], 10[26,27,28,31,32,33,34,35,37,38,39,40,41,42,44,45,46,47,48], 12[26,27,28,30,31,32,33,34,35,36,37,38,39,40,41,42,43,44,45,46,47,48], 14[26,27,28,29,30,31,32,33,34,35,36,37,38,39,40,41,42,43,44,45,46,47,48], 16[26,27,28,29,30,31,32,33,34,35,36,37,38,39,40,41,42,43,44,45,46,47,48], 18[26,27,28,29,30,31,32,33,34,35,36,37,38,39,40,41,42,43,44,45,46,47,48], 20[26,27,28,29,30,31,32,33,34,35,36,37,38,39,40,41,42,43,44,45,46,47,48], 22[26,27,28,29,30,31,32,33,34,35,36,37,38,39,40,41,42,43,44,45,46,47,48]]
   00:00:00:00:00:0c    00:00:00:00:00:0a  [3[28,35,42], 5[27,28,34,35,41,42], 7[20,21,26,27,28,33,34,35,40,41,42,48,49], 9[13,14,19,20,21,26,27,28,33,34,35,40,41,42,47,48,49], 11[6,7,12,13,14,18,19,20,21,24,25,26,27,28,31,32,33,34,35,39,40,41,42,47,48,49], 13[6,7,12,13,14,17,18,19,20,21,24,25,26,27,28,31,32,33,34,35,38,39,40,41,42,46,47,48,49], 15[6,7,12,13,14,17,18,19,20,21,24,25,26,27,28,31,32,33,34,35,38,39,40,41,42,45,46,47,48,49], 17[6,7,12,13,14,17,18,19,20,21,24,25,26,27,28,31,32,33,34,35,38,39,40,41,42,45,46,47,48,49], 19[13,14,17,18,19,20,21,24,25,26,27,28,31,32,33,34,35,38,39,40,41,42,45,46,47,48,49], 21[13,14,17,18,19,20,21,24,25,26,27,28,31,32,33,34,35,38,39,40,41,42,45,46,47,48], 23[13,14,17,18,19,20,21,24,25,26,27,28,31,32,33,34,35,38,39,40,41,42,45,46,47,48]]
   00:00:00:00:00:0c    00:00:00:00:00:01  [12[1,2,3,4,8,9,11,12,13,14,15,16,17,18,19,20,21,22,23,24,25,26,27,28,35,42], 14[1,2,3,8,9,10,15,16,17,22,23,24,25,26,27,28,29,30,31,32,35,42], 16[1,2,8,9,15,16,22,23,24,25,26,27,28,29,30,31,32,35,36,37,38,39,42], 18[1,2,8,9,15,16,22,23,24,25,26,27,28,29,30,31,32,33,35,36,37,38,39,40,42,43,44,45], 20[1,2,3,8,9,10,15,16,17,22,23,24,25,26,27,28,29,30,31,32,33,34,35,36,37,38,39,40,41,42,43,44,45,46], 22[1,2,3,8,9,10,15,16,17,22,23,24,25,26,27,28,29,30,31,32,33,34,35,36,37,38,39,40,41,42,43,44,45,46,47], 24[1,2,3,8,9,10,15,16,17,22,23,24,25,26,27,28,29,30,31,32,33,34,35,36,37,38,39,40,41,42,43,44,45,46,47,48], 26[1,2,3,8,9,10,15,16,17,22,23,24,25,26,27,28,29,30,31,32,33,34,35,36,37,38,39,40,41,42,43,44,45,46,47,48], 28[1,2,8,9,15,16,22,23,24,25,26,27,28,29,30,31,32,33,34,35,36,37,38,39,40,41,42,43,44,45,46,47,48], 30[1,2,8,9,15,16,22,23,24,25,26,27,28,29,30,31,32,33,34,35,36,37,38,39,40,41,42,43,44,45,46,47,48]]
   00:00:00:00:00:0c    00:00:00:00:00:11  [6[38,39,40,41,42,45,46,47,48,49], 8[31,32,33,34,37,38,39,40,41,42,44,45,46,47,48,49], 10[24,25,26,30,31,32,33,34,36,37,38,39,40,41,42,43,44,45,46,47,48,49], 12[24,25,26,29,30,31,32,33,34,36,37,38,39,40,41,42,43,44,45,46,47,48,49], 14[24,25,26,29,30,31,32,33,34,36,37,38,39,40,41,42,43,44,45,46,47,48,49], 16[24,25,26,29,30,31,32,33,34,36,37,38,39,40,41,42,43,44,45,46,47,48,49], 18[24,25,26,29,30,31,32,33,34,36,37,38,39,40,41,42,43,44,45,46,47,48,49], 20[24,25,26,29,30,31,32,33,34,36,37,38,39,40,41,42,43,44,45,46,47,48,49]]
   00:00:00:00:00:0c    00:00:00:00:00:14  [7[36,37,38,39,40,41,42], 9[29,30,31,32,33,36,37,38,39,40,41,42,43,44,45,46,47,48,49], 11[22,23,24,25,26,29,30,31,32,33,36,37,38,39,40,41,42,43,44,45,46,47,48,49], 13[15,16,17,18,19,20,21,22,23,24,25,26,28,29,30,31,32,33,35,36,37,38,39,40,41,42,43,44,45,46,47,48,49], 15[15,16,22,23,24,25,26,29,30,31,32,33,36,37,38,39,40,41,42,43,44,45,46,47,48,49], 17[15,16,22,23,24,25,26,29,30,31,32,33,36,37,38,39,40,41,42,43,44,45,46,47,48,49], 19[15,16,22,23,24,25,26,29,30,31,32,33,36,37,38,39,40,41,42,43,44,45,46,47], 21[22,23,24,25,26,29,30,31,32,33,36,37,38,39,40,41,42,43,44,45,46,47]]
   00:00:00:00:00:0c    00:00:00:00:00:10  [5[39,40,41,42,46,47,48,49], 7[32,33,34,35,38,39,40,41,42,45,46,47,48,49], 9[31,32,33,34,35,37,38,39,40,41,42,44,45,46,47,48,49], 11[30,31,32,33,34,35,36,37,38,39,40,41,42,43,44,45,46,47,48,49], 13[29,30,31,32,33,34,35,36,37,38,39,40,41,42,43,44,45,46,47,48,49], 15[29,30,31,32,33,34,35,36,37,38,39,40,41,42,43,44,45,46,47,48,49], 17[29,30,31,32,33,34,35,36,37,38,39,40,41,42,43,44,45,46,47,48,49], 19[29,30,31,32,33,34,35,36,37,38,39,40,41,42,43,44,45,46,47,48,49]]
   00:00:00:00:00:0c    00:00:00:00:00:13  [8[36,37,38,39,40,41,42,43,44,45,46,47,48,49], 10[29,30,31,36,37,38,39,40,41,42,43,44,45,46,47,48,49], 12[22,23,24,25,26,29,30,31,33,36,37,38,39,40,41,42,43,44,45,46,47,48,49], 14[15,16,17,18,19,20,21,22,23,24,25,26,28,29,30,31,33,35,36,37,38,39,40,41,42,43,44,45,46,47,48,49], 16[15,16,22,23,24,25,26,29,30,31,32,33,36,37,38,39,40,41,42,43,44,45,46,47,48,49], 18[15,16,22,23,24,25,26,29,30,31,33,36,37,38,39,40,41,42,43,44,45,46,47,48,49], 20[15,16,22,23,24,25,26,29,30,31,32,33,36,37,38,39,40,41,42,43,44,45,46,47,48,49]]
   00:00:00:00:00:10    00:00:00:00:00:05  [8[4,5,11,12,18,19,25,26,32,33,39,46], 10[3,4,5,6,10,11,12,13,17,18,19,20,24,25,26,27,31,32,33,34,39,46], 12[4,5,6,7,11,12,13,14,18,19,20,21,24,25,26,27,28,31,32,33,34,35,39,40,41,46], 14[4,5,6,7,11,12,13,14,18,19,20,21,24,25,26,27,28,31,32,33,34,35,39,40,41,42,46,47,48], 16[4,5,6,7,11,12,13,14,18,19,20,21,24,25,26,27,28,31,32,33,34,35,39,40,41,42,46,47,48,49], 18[4,5,6,7,11,12,13,14,18,19,20,21,24,25,26,27,28,31,32,33,34,35,39,40,41,42,46,47,48,49], 20[4,5,6,7,11,12,13,14,18,19,20,21,25,26,27,28,32,33,34,35,39,40,41,42,46,47,48,49]]
   00:00:00:00:00:10    00:00:00:00:00:15  [6[29,30,31,32,36,37,38,39,43,44,45,46], 8[22,23,24,25,29,30,31,32,33,36,37,38,39,40,43,44,45,46,47], 10[15,16,17,22,23,24,25,26,29,30,31,32,33,36,37,38,39,40,43,44,45,46,47], 12[15,16,17,22,23,24,25,26,29,30,31,32,33,36,37,38,39,40,43,44,45,46,47], 14[15,16,17,22,23,24,25,26,29,30,31,32,33,36,37,38,39,40,43,44,45,46,47], 16[15,16,17,22,23,24,25,26,29,30,31,32,33,36,37,38,39,40,43,44,45,46,47], 18[15,16,17,22,23,24,25,26,29,30,31,32,33,36,37,38,39,40,43,44,45,46,47], 20[15,16,22,23,24,25,26,29,30,31,32,33,36,37,38,39,40,43,44,45,46,47]]
   00:00:00:00:00:10    00:00:00:00:00:09  [8[18,19,20,21,25,26,27,28,32,33,34,35,39,40,41,42,46], 10[12,13,14,17,18,19,20,21,24,25,26,27,28,31,32,33,34,35,38,39,40,41,42,46,47,48,49], 12[6,7,12,13,14,18,19,20,21,24,25,26,27,28,31,32,33,34,35,38,39,40,41,42,46,47,48,49], 14[6,7,12,13,14,18,19,20,21,24,25,26,27,28,31,32,33,34,35,38,39,40,41,42,46,47,48,49], 16[6,7,12,13,14,18,19,20,21,24,25,26,27,28,31,32,33,34,35,38,39,40,41,42,46,47,48,49], 18[6,7,12,13,14,18,19,20,21,24,25,26,27,28,31,32,33,34,35,38,39,40,41,42,46,47,48,49], 20[6,7,12,13,14,18,19,20,21,24,25,26,27,28,31,32,33,34,35,38,39,40,41,42,46,47,48,49], 22[13,14,19,20,21,24,25,26,27,28,31,32,33,34,35,38,39,40,41,42,46,47,48,49]]
   00:00:00:00:00:10    00:00:00:00:00:08  [9[11,12,13,14,18,19,20,21,25,26,27,28,32,33,34,35,39,46], 11[5,6,7,12,13,14,18,19,20,21,24,25,26,27,28,31,32,33,34,35,39,40,41,42,46], 13[5,6,7,12,13,14,18,19,20,21,24,25,26,27,28,31,32,33,34,35,39,40,41,42,46,47,48,49], 15[5,6,7,12,13,14,18,19,20,21,24,25,26,27,28,31,32,33,34,35,39,40,41,42,46,47,48,49], 17[5,6,7,12,13,14,18,19,20,21,24,25,26,27,28,31,32,33,34,35,39,40,41,42,46,47,48,49], 19[5,6,7,12,13,14,18,19,20,21,24,25,26,27,28,31,32,33,34,35,39,40,41,42,46,47,48,49], 21[5,6,7,12,13,14,18,19,20,21,24,25,26,27,28,31,32,33,34,35,39,40,41,42,46,47,48,49]]
   00:00:00:00:00:10    00:00:00:00:00:0d  [4[46,47,48,49], 6[39,40,41,42,46,47,48,49], 8[32,33,34,35,38,39,40,41,42,45,46,47,48,49], 10[26,27,28,32,33,34,35,37,38,39,40,41,42,44,45,46,47,48,49], 12[19,20,21,26,27,28,32,33,34,35,37,38,39,40,41,42,44,45,46,47,48,49], 14[13,14,19,20,21,26,27,28,32,33,34,35,37,38,39,40,41,42,44,45,46,47,48,49], 16[19,20,21,26,27,28,32,33,34,35,37,38,39,40,41,42,44,45,46,47,48,49], 18[19,20,21,26,27,28,32,33,34,35,37,38,39,40,41,42,44,45,46,47,48,49], 20[19,20,21,26,27,28,32,33,34,35,37,38,39,40,41,42,44,45,46,47,48,49], 22[19,20,21,26,27,28,32,33,34,35,37,38,39,40,41,42,44,45,46,47,48,49]]
   00:00:00:00:00:10    00:00:00:00:00:04  [7[4,11,18,25,32,39,46], 9[3,4,5,10,11,12,17,18,19,24,25,26,31,32,33,38,39,40,45,46,47], 11[3,4,5,6,10,11,12,13,17,18,19,20,24,25,26,27,31,32,33,34,38,39,40,41,45,46,47], 13[3,4,5,6,10,11,12,13,17,18,19,20,24,25,26,27,31,32,33,34,38,39,40,41,45,46,47,48], 15[3,4,5,6,10,11,12,13,17,18,19,20,24,25,26,27,31,32,33,34,38,39,40,41,45,46,47,48], 17[3,4,5,6,10,11,12,13,17,18,19,20,24,25,26,27,31,32,33,34,38,39,40,41,45,46,47,48], 19[3,4,5,6,10,11,12,13,17,18,19,20,24,25,26,27,31,32,33,34,38,39,40,41,45,46,47,48]]
   00:00:00:00:00:10    00:00:00:00:00:02  [9[2,3,4,9,10,11,16,17,18,23,24,25,30,31,32,37,38,39,44,45,46], 11[1,2,3,4,8,9,10,11,15,16,17,18,22,23,24,25,29,30,31,32,36,37,38,39,43,44,45,46], 13[1,2,3,4,8,9,10,11,15,16,17,18,22,23,24,25,29,30,31,32,36,37,38,39,43,44,45,46], 15[1,2,3,4,8,9,10,11,15,16,17,18,22,23,24,25,29,30,31,32,36,37,38,39,43,44,45,46], 17[1,2,3,4,8,9,10,11,15,16,17,18,22,23,24,25,29,30,31,32,36,37,38,39,43,44,45,46]]
   00:00:00:00:00:10    00:00:00:00:00:0b  [6[32,33,34,35,39,40,41,42,46,47,48,49], 8[26,27,28,32,33,34,35,39,40,41,42,46,47,48,49], 10[18,19,20,21,25,26,27,28,32,33,34,35,39,40,41,42,46,47,48,49], 12[12,13,14,18,19,20,21,25,26,27,28,32,33,34,35,39,40,41,42,46,47,48,49], 14[12,13,14,18,19,20,21,25,26,27,28,32,33,34,35,39,40,41,42,46,47,48,49], 16[12,13,14,18,19,20,21,25,26,27,28,32,33,34,35,39,40,41,42,46,47,48,49], 18[12,13,14,18,19,20,21,25,26,27,28,32,33,34,35,39,40,41,42,46,47,48,49], 20[12,13,14,18,19,20,21,25,26,27,28,32,33,34,35,39,40,41,42,46,47,48,49]]
   00:00:00:00:00:10    00:00:00:00:00:17  [8[15,16,17,18,22,23,24,25,29,30,31,32,36,37,38,39,43,44,45,46], 10[8,9,15,16,17,18,19,22,23,24,25,26,29,30,31,32,33,36,37,38,39,40,43,44,45,46], 12[8,9,15,16,17,18,19,22,23,24,25,26,29,30,31,32,33,36,37,38,39,40,43,44,45,46], 14[8,9,15,16,17,18,19,22,23,24,25,26,29,30,31,32,33,36,37,38,39,40,43,44,45,46], 16[8,9,15,16,17,18,19,22,23,24,25,26,29,30,31,32,33,36,37,38,39,40,43,44,45,46], 18[15,16,17,18,19,22,23,24,25,26,29,30,31,32,33,36,37,38,39,40,43,44,45,46], 20[15,16,22,23,24,25,26,29,30,31,32,33,36,37,38,39,40,43,44,45,46]]
   00:00:00:00:00:10    00:00:00:00:00:03  [8[3,4,10,11,17,18,24,25,31,32,38,39,45,46], 10[2,3,4,5,9,10,11,12,16,17,18,19,23,24,25,26,30,31,32,33,37,38,39,40,44,45,46,47], 12[1,2,3,4,5,8,9,10,11,12,15,16,17,18,19,22,23,24,25,26,29,30,31,32,33,37,38,39,40,44,45,46,47], 14[1,2,3,4,5,8,9,10,11,12,15,16,17,18,19,22,23,24,25,26,29,30,31,32,33,36,37,38,39,40,44,45,46,47], 16[1,2,3,4,5,8,9,10,11,12,15,16,17,18,19,22,23,24,25,26,29,30,31,32,33,36,37,38,39,40,43,44,45,46,47], 18[1,2,3,4,5,8,9,10,11,12,15,16,17,18,19,22,23,24,25,26,29,30,31,32,33,36,37,38,39,40,43,44,45,46,47]]
   00:00:00:00:00:10    00:00:00:00:00:07  [10[4,5,6,7,11,12,13,14,18,19,20,21,25,26,27,28,32,33,34,35,39,46], 12[5,6,7,12,13,14,18,19,20,21,24,25,26,27,28,31,32,33,34,35,39,40,41,42,46], 14[5,6,7,12,13,14,18,19,20,21,25,26,27,28,32,33,34,35,39,40,41,42,46,47,48,49], 16[5,6,7,12,13,14,18,19,20,21,25,26,27,28,32,33,34,35,39,40,41,42,46,47,48,49], 18[5,6,7,12,13,14,18,19,20,21,25,26,27,28,32,33,34,35,39,40,41,42,46,47,48,49], 20[5,6,7,12,13,14,18,19,20,21,25,26,27,28,32,33,34,35,39,40,41,42,46,47,48,49], 22[6,7,13,14,18,19,20,21,25,26,27,28,32,33,34,35,39,40,41,42,46,47,48,49]]
   00:00:00:00:00:10    00:00:00:00:00:18  [9[8,9,10,11,15,16,17,18,22,23,24,25,29,30,31,32,36,37,38,39,43,44,45,46], 11[1,2,8,9,10,11,15,16,17,18,22,23,24,25,29,30,31,32,36,37,38,39,43,44,45,46], 13[1,2,8,9,10,11,15,16,17,18,22,23,24,25,29,30,31,32,36,37,38,39,43,44,45,46], 15[1,2,8,9,10,11,15,16,17,18,22,23,24,25,29,30,31,32,36,37,38,39,43,44,45,46], 17[1,2,8,9,10,11,15,16,17,18,22,23,24,25,29,30,31,32,36,37,38,39,43,44,45,46]]
   00:00:00:00:00:10    00:00:00:00:00:06  [9[4,5,6,11,12,13,18,19,20,25,26,27,32,33,34,39,46], 11[4,5,6,7,11,12,13,14,18,19,20,21,24,25,26,27,28,31,32,33,34,35,39,40,41,46], 13[5,6,7,12,13,14,18,19,20,21,24,25,26,27,28,31,32,33,34,35,39,40,41,42,46,47,48], 15[5,6,7,12,13,14,18,19,20,21,24,25,26,27,28,31,32,33,34,35,39,40,41,42,46,47,48,49], 17[5,6,7,12,13,14,18,19,20,21,24,25,26,27,28,31,32,33,34,35,39,40,41,42,46,47,48,49], 19[5,6,7,12,13,14,18,19,20,21,24,25,26,27,28,31,32,33,34,35,39,40,41,42,46,47,48,49], 21[6,7,13,14,18,19,20,21,24,25,26,27,28,31,32,33,34,35,39,40,41,42,46,47,48,49]]
   00:00:00:00:00:10    00:00:00:00:00:16  [7[22,23,24,25,29,30,31,32,36,37,38,39,43,44,45,46], 9[15,16,17,22,23,24,25,26,29,30,31,32,33,36,37,38,39,40,43,44,45,46,47], 11[15,16,17,22,23,24,25,26,29,30,31,32,33,36,37,38,39,40,43,44,45,46,47], 13[15,16,17,22,23,24,25,26,29,30,31,32,33,36,37,38,39,40,43,44,45,46,47], 15[15,16,17,22,23,24,25,26,29,30,31,32,33,36,37,38,39,40,43,44,45,46,47], 17[15,16,17,22,23,24,25,26,29,30,31,32,33,36,37,38,39,40,43,44,45,46,47], 19[15,16,22,23,24,25,26,29,30,31,32,33,36,37,38,39,40,43,44,45,46,47]]
   00:00:00:00:00:10    00:00:00:00:00:12  [3[44,45,46], 5[37,38,39,44,45,46], 7[30,31,32,36,37,38,39,40,43,44,45,46,47], 9[23,24,25,29,30,31,32,33,36,37,38,39,40,41,43,44,45,46,47,48], 11[22,23,24,25,26,29,30,31,32,33,36,37,38,39,40,41,42,43,44,45,46,47,48,49], 13[22,23,24,25,26,29,30,31,32,33,36,37,38,39,40,41,42,43,44,45,46,47,48,49], 15[22,23,24,25,26,29,30,31,32,33,36,37,38,39,40,41,42,43,44,45,46,47,48,49], 17[22,23,24,25,26,29,30,31,32,33,36,37,38,39,40,41,42,43,44,45,46,47,48,49], 19[23,24,25,26,29,30,31,32,33,36,37,38,39,40,41,43,44,46,47,48]]
   00:00:00:00:00:10    00:00:00:00:00:0e  [3[46,47,48], 5[39,40,41,46,47,48], 7[32,33,34,38,39,40,41,42,45,46,47,48,49], 9[26,27,31,32,33,34,35,37,38,39,40,41,42,44,45,46,47,48,49], 11[26,27,28,31,32,33,34,35,36,37,38,39,40,41,42,43,44,45,46,47,48,49], 13[20,21,26,27,28,31,32,33,34,35,36,37,38,39,40,41,42,43,44,45,46,47,48,49], 15[20,21,26,27,28,31,32,33,34,35,36,37,38,39,40,41,42,43,44,45,46,47,48,49], 17[20,21,26,27,28,31,32,33,34,35,36,37,38,39,40,41,42,43,44,45,46,47,48,49], 19[20,21,26,27,28,31,32,33,34,35,36,37,38,39,40,41,42,43,44,45,46,47,48,49], 21[20,21,26,27,28,31,32,33,34,35,36,37,38,39,40,41,42,43,44,45,46,47,48,49]]
   00:00:00:00:00:10    00:00:00:00:00:0f  [2[46,47], 4[39,40,46,47], 6[32,33,38,39,40,41,45,46,47,48], 8[25,26,31,32,33,34,37,38,39,40,41,42,44,45,46,47,48,49], 10[25,26,27,31,32,33,34,35,36,37,38,39,40,41,42,43,44,45,46,47,48,49], 12[25,26,27,28,31,32,33,34,35,36,37,38,39,40,41,42,43,44,45,46,47,48,49], 14[25,26,27,28,31,32,33,34,35,36,37,38,39,40,41,42,43,44,45,46,47,48,49], 16[25,26,27,28,31,32,33,34,35,36,37,38,39,40,41,42,43,44,45,46,47,48,49], 18[25,26,27,28,31,32,33,34,35,36,37,38,39,40,41,42,43,44,45,46,47,48,49], 20[26,27,28,31,32,33,34,35,36,37,38,39,40,41,42,43,44,45,46,47,48,49], 22[26,27,28,31,32,33,34,35,36,37,38,39,40,41,42,43,44,45,46,47,48,49]]
   00:00:00:00:00:10    00:00:00:00:00:0a  [7[26,27,28,32,33,34,35,39,40,41,42,46], 9[18,19,20,21,24,25,26,27,28,31,32,33,34,35,38,39,40,41,42,46,47,48,49], 11[12,13,14,17,18,19,20,21,24,25,26,27,28,31,32,33,34,35,38,39,40,41,42,46,47,48,49], 13[6,7,12,13,14,17,18,19,20,21,24,25,26,27,28,31,32,33,34,35,38,39,40,41,42,46,47,48,49], 15[6,7,12,13,14,17,18,19,20,21,24,25,26,27,28,31,32,33,34,35,38,39,40,41,42,46,47,48,49], 17[6,7,12,13,14,17,18,19,20,21,24,25,26,27,28,31,32,33,34,35,38,39,40,41,42,46,47,48,49], 19[6,7,12,13,14,17,18,19,20,21,24,25,26,27,28,31,32,33,34,35,38,39,40,41,42,46,47,48,49], 21[12,13,14,17,18,19,20,21,24,25,26,27,28,31,32,33,34,35,38,39,40,41,42,46,47,48,49]]
   00:00:00:00:00:10    00:00:00:00:00:01  [10[1,2,3,8,9,10,15,16,17,22,23,24,25,29,30,31,32,36,37,38,39,43,44,45,46], 12[1,2,3,8,9,10,15,16,17,22,23,24,29,30,31,32,36,37,38,39,43,44,45,46], 14[1,2,3,8,9,10,15,16,17,22,23,24,29,30,31,32,36,37,38,39,43,44,45,46], 16[1,2,3,8,9,10,15,16,17,22,23,24,29,30,31,32,36,37,38,39,43,44,45,46], 18[1,2,8,9,15,16,22,23,24,29,30,31,32,36,37,38,39,43,44,45,46]]
   00:00:00:00:00:10    00:00:00:00:00:11  [2[45,46], 4[38,39,45,46], 6[31,32,37,38,39,40,44,45,46,47], 8[24,25,30,31,32,33,36,37,38,39,40,41,43,44,45,46,47,48], 10[23,24,25,26,29,30,31,32,33,34,36,37,38,39,40,41,42,43,44,45,46,47,48,49], 12[22,23,24,25,26,29,30,31,32,33,34,36,37,38,39,40,41,42,43,44,45,46,47,48,49], 14[22,23,24,25,26,29,30,31,32,33,34,36,37,38,39,40,41,42,43,44,45,46,47,48,49], 16[22,23,24,25,26,29,30,31,32,33,34,36,37,38,39,40,41,42,43,44,45,46,47,48,49], 18[22,23,24,25,26,29,30,31,32,33,34,36,37,38,39,40,41,42,43,44,45,46,47,48,49], 20[22,23,24,25,26,29,30,31,32,33,34,36,37,38,39,40,41,42,43,44,45,46,47,48,49]]
   00:00:00:00:00:10    00:00:00:00:00:14  [5[36,37,38,39,43,44,45,46], 7[29,30,31,32,36,37,38,39,40,43,44,45,46,47], 9[22,23,24,25,29,30,31,32,33,36,37,38,39,40,41,43,44,45,46,47,48], 11[15,16,22,23,24,25,26,29,30,31,32,33,36,37,38,39,40,41,43,44,45,46,47,48], 13[15,16,22,23,24,25,26,29,30,31,32,33,36,37,38,39,40,41,43,44,45,46,47,48], 15[15,16,22,23,24,25,26,29,30,31,32,33,36,37,38,39,40,41,43,44,45,46,47,48], 17[15,16,22,23,24,25,26,29,30,31,32,33,36,37,38,39,40,41,43,44,45,46,47,48], 19[22,23,24,25,26,29,30,31,32,33,36,37,38,39,40,41,43,44,45,46,47,48], 21[22,23,24,25,26,29,30,31,32,33,36,37,38,39,40,41,43,44,45,46,47,48]]
   00:00:00:00:00:10    00:00:00:00:00:0c  [5[39,40,41,42,46,47,48,49], 7[32,33,34,35,38,39,40,41,42,45,46,47,48,49], 9[26,27,28,32,33,34,35,37,38,39,40,41,42,44,45,46,47,48,49], 11[18,19,20,21,25,26,27,28,32,33,34,35,37,38,39,40,41,42,44,45,46,47,48,49], 13[12,13,14,18,19,20,21,25,26,27,28,32,33,34,35,37,38,39,40,41,42,44,45,46,47,48,49], 15[12,13,14,18,19,20,21,25,26,27,28,32,33,34,35,37,38,39,40,41,42,44,45,46,47,48,49], 17[12,13,14,18,19,20,21,25,26,27,28,32,33,34,35,37,38,39,40,41,42,44,45,46,47,48,49], 19[13,14,18,19,20,21,25,26,27,28,32,33,34,35,37,38,39,40,41,42,44,45,46,47,48,49], 21[13,14,19,20,21,26,27,28,32,33,34,35,37,38,39,40,41,42,44,45,46,47,48,49], 23[13,14,20,21,26,27,28,32,33,34,35,37,38,39,40,41,42,44,45,46,47,48,49]]
   00:00:00:00:00:10    00:00:00:00:00:13  [4[43,44,45,46], 6[36,37,38,39,43,44,45,46], 8[29,30,31,32,36,37,38,39,40,43,44,45,46,47], 10[22,23,24,25,29,30,31,32,33,36,37,38,39,40,41,43,44,45,46,47,48], 12[15,16,22,23,24,25,26,29,30,31,32,33,36,37,38,39,40,41,43,44,45,46,47,48], 14[15,16,22,23,24,25,26,29,30,31,32,33,36,37,38,39,40,41,43,44,45,46,47,48], 16[15,16,22,23,24,25,26,29,30,31,32,33,36,37,38,39,40,41,43,44,45,46,47,48], 18[15,16,22,23,24,25,26,29,30,31,32,33,36,37,38,39,40,41,43,44,45,46,47,48], 20[22,23,24,25,26,29,30,31,32,33,36,37,38,39,40,43,44,45,46,47]]
   00:00:00:00:00:13    00:00:00:00:00:05  [11[4,5,11,12,18,19,22,23,24,25,26,29,30,31,32,33,36,43], 13[4,5,6,11,12,13,18,19,20,22,23,24,25,26,27,29,30,31,32,33,34,36,38,39,40,43], 15[4,5,6,11,12,13,18,19,20,22,23,24,25,26,27,29,30,31,32,33,34,36,38,39,40,41,43,45,46,47], 17[4,5,6,11,12,13,18,19,20,22,23,24,25,26,27,29,30,31,32,33,34,36,37,38,39,40,41,43,44,45,46,47,48], 19[4,5,6,11,12,13,18,19,20,22,23,24,25,26,27,29,30,31,32,33,34,36,37,38,39,40,41,43,44,45,46,47,48], 21[4,5,6,11,12,13,18,19,20,22,23,24,25,26,27,29,30,31,32,33,34,36,37,38,39,40,41,43,44,45,46,47,48], 23[4,5,6,11,12,13,18,19,20,22,23,24,25,26,27,29,30,31,32,33,34,36,37,38,39,40,41,43,44,45,46,47,48], 25[4,5,11,12,18,19,25,26,27,29,30,31,32,33,34,36,37,38,39,40,41,43,44,45,46,47,48]]
   00:00:00:00:00:13    00:00:00:00:00:15  [3[29,36,43], 5[29,30,36,37,43,44], 7[22,23,29,30,31,36,37,38,43,44,45], 9[15,16,22,23,24,29,30,31,32,36,37,38,39,43,44,45,46], 11[15,16,22,23,24,25,29,30,31,32,33,36,37,38,39,40,43,44,45,46,47], 13[15,16,22,23,24,25,26,29,30,31,32,33,36,37,38,39,40,43,44,45,46,47], 15[15,16,22,23,24,25,26,29,30,31,32,33,36,37,38,39,40,43,44,45,46,47], 17[15,16,22,23,24,25,26,29,30,31,32,33,36,37,38,39,40,43,44,45,46,47], 19[15,16,22,23,24,25,26,29,30,31,32,33,36,37,38,39,40,43,44,45,46,47]]
   00:00:00:00:00:13    00:00:00:00:00:09  [11[18,19,20,21,22,23,24,25,26,27,28,29,36,43], 13[20,21,22,23,24,25,26,27,28,29,33,34,35,36,43], 15[20,21,22,23,24,25,26,27,28,29,33,34,35,36,40,41,42,43], 17[20,21,22,23,24,25,26,27,28,29,32,33,34,35,36,39,40,41,42,43,48,49], 19[20,21,22,23,24,25,26,27,28,29,31,32,33,34,35,36,38,39,40,41,42,43,47,48,49], 21[20,21,22,23,24,25,26,27,28,29,30,31,32,33,34,35,36,37,38,39,40,41,42,43,45,46,47,48,49], 23[20,21,22,23,24,25,26,27,28,29,30,31,32,33,34,35,36,37,38,39,40,41,42,43,44,45,46,47,48,49], 25[20,21,22,23,24,25,26,27,28,29,30,31,32,33,34,35,36,37,38,39,40,41,42,43,44,45,46,47,48,49], 27[20,21,22,23,24,25,26,27,28,29,30,31,32,33,34,35,36,37,38,39,40,41,42,43,44,45,46,47,48,49], 29[20,21,22,23,24,25,26,27,28,29,30,31,32,33,34,35,36,37,38,39,40,41,42,43,44,45,46,47,48,49]]
   00:00:00:00:00:13    00:00:00:00:00:08  [12[13,14,18,19,20,21,22,23,24,25,26,27,28,29,36,43], 14[13,14,20,21,22,23,24,25,26,27,28,29,33,34,35,36,43], 16[13,14,20,21,22,23,24,25,26,27,28,29,33,34,35,36,40,41,42,43], 18[13,14,20,21,22,23,24,25,26,27,28,29,32,33,34,35,36,39,40,41,42,43,48,49], 20[13,14,20,21,22,23,24,25,26,27,28,29,31,32,33,34,35,36,38,39,40,41,42,43,47,48,49], 22[13,14,20,21,22,23,24,25,26,27,28,29,30,31,32,33,34,35,36,37,38,39,40,41,42,43,45,46,47,48,49], 24[13,14,20,21,22,23,24,25,26,27,28,29,30,31,32,33,34,35,36,37,38,39,40,41,42,43,44,45,46,47,48,49], 26[13,14,20,21,22,23,24,25,26,27,28,29,30,31,32,33,34,35,36,37,38,39,40,41,42,43,44,45,46,47,48,49], 28[13,14,20,21,22,23,24,25,26,27,28,29,30,31,32,33,34,35,36,37,38,39,40,41,42,43,44,45,46,47,48,49], 30[13,14,20,21,22,23,24,25,26,27,28,29,30,31,32,33,34,35,36,37,38,39,40,41,42,43,44,45,46,47,48,49]]
   00:00:00:00:00:13    00:00:00:00:00:0d  [7[43,44,45,46,47,48,49], 9[37,38,39,40,41,42,43,44,45,46,47,48,49], 11[32,33,34,35,37,38,39,40,41,42,43,44,45,46,47,48,49], 13[26,27,28,32,33,34,35,37,38,39,40,41,42,43,44,45,46,47,48,49], 15[20,21,26,27,28,32,33,34,35,37,38,39,40,41,42,43,44,45,46,47,48,49], 17[20,21,26,27,28,32,33,34,35,37,38,39,40,41,42,43,44,45,46,47,48,49], 19[20,21,26,27,28,32,33,34,35,37,38,39,40,41,42,43,44,45,46,47,48,49], 21[20,21,26,27,28,32,33,34,35,37,38,39,40,41,42,43,44,45,46,47,48,49]]
   00:00:00:00:00:13    00:00:00:00:00:04  [10[3,4,10,11,17,18,22,23,24,25,29,30,31,32,36,43], 12[3,4,5,10,11,12,17,18,19,24,25,26,29,30,31,32,33,36,37,38,39,43], 14[3,4,5,6,10,11,12,13,17,18,19,20,24,25,26,27,29,30,31,32,33,34,36,37,38,39,40,43,44,45,46], 16[3,4,5,6,10,11,12,13,17,18,19,20,24,25,26,27,29,30,31,32,33,34,36,37,38,39,40,41,43,44,45,46,47], 18[3,4,5,6,10,11,12,13,17,18,19,20,24,25,26,27,29,30,31,32,33,34,36,37,38,39,40,41,43,44,45,46,47,48], 20[3,4,5,6,10,11,12,13,17,18,19,20,24,25,26,27,29,30,31,32,33,34,36,37,38,39,40,41,43,44,45,46,47,48], 22[4,5,6,11,12,13,18,19,20,25,26,27,29,30,31,32,33,34,36,37,38,39,40,41,43,44,45,46,47,48], 24[4,5,6,11,12,13,18,19,20,25,26,27,29,30,31,32,33,34,36,37,38,39,40,41,43,44,45,46,47,48]]
   00:00:00:00:00:13    00:00:00:00:00:02  [8[1,2,8,9,15,16,22,23,29,30,36,37,43,44], 10[1,2,3,8,9,10,15,16,17,22,23,24,29,30,31,36,37,38,43,44,45], 12[1,2,3,4,8,9,10,11,15,16,17,18,22,23,24,25,29,30,31,32,36,37,38,39,43,44,45], 14[1,2,3,4,8,9,10,11,15,16,17,18,22,23,24,25,29,30,31,32,36,37,38,39,43,44,45,46], 16[1,2,3,4,8,9,10,11,15,16,17,18,22,23,24,25,29,30,31,32,36,37,38,39,43,44,45,46], 18[2,3,4,9,10,11,16,17,18,23,24,25,29,30,31,32,36,37,38,39,43,44,45,46]]
   00:00:00:00:00:13    00:00:00:00:00:0b  [11[22,23,24,25,26,27,28,29,32,33,34,35,36,43], 13[18,19,20,21,22,23,24,25,26,27,28,29,32,33,34,35,36,39,40,41,42,43], 15[22,23,24,25,26,27,28,29,31,32,33,34,35,36,38,39,40,41,42,43,47,48,49], 17[22,23,24,25,26,27,28,29,30,31,32,33,34,35,36,37,38,39,40,41,42,43,46,47,48,49], 19[22,23,24,25,26,27,28,29,30,31,32,33,34,35,36,37,38,39,40,41,42,43,45,46,47,48,49], 21[22,23,24,25,26,27,28,29,30,31,32,33,34,35,36,37,38,39,40,41,42,43,44,45,46,47,48,49], 23[22,23,24,25,26,27,28,29,30,31,32,33,34,35,36,37,38,39,40,41,42,43,44,45,46,47,48,49], 25[22,23,24,25,26,27,28,29,30,31,32,33,34,35,36,37,38,39,40,41,42,43,44,45,46,47,48,49], 27[22,23,24,25,26,27,28,29,30,31,32,33,34,35,36,37,38,39,40,41,42,43,44,45,46,47,48,49]]
   00:00:00:00:00:13    00:00:00:00:00:17  [5[15,22,29,36,43], 7[15,16,22,23,29,30,36,37,43,44], 9[8,9,15,16,17,22,23,24,29,30,31,36,37,38,43,44,45], 11[8,9,15,16,17,18,22,23,24,25,29,30,31,32,36,37,38,43,44,45], 13[8,9,15,16,17,18,19,22,23,24,25,26,29,30,31,32,33,36,37,38,39,43,44,45], 15[15,16,17,18,19,22,23,24,25,26,29,30,31,32,33,36,37,38,39,40,43,44,45,46], 17[15,16,17,18,19,22,23,24,25,26,29,30,31,32,33,36,37,38,39,40,43,44,45,46,47], 19[15,16,17,18,19,22,23,24,25,26,29,30,31,32,33,36,37,38,39,40,43,44,45,46,47], 21[15,16,17,18,19,22,23,24,25,26,29,30,31,32,33,36,37,38,39,40,43,44,45,46,47]]
   00:00:00:00:00:13    00:00:00:00:00:03  [9[2,3,9,10,16,17,22,23,24,29,30,31,36,37,38,43,44,45], 11[2,3,4,9,10,11,16,17,18,23,24,25,29,30,31,32,36,37,38,39,43,44,45,46], 13[2,3,4,5,9,10,11,12,16,17,18,19,23,24,25,26,29,30,31,32,33,36,37,38,39,43,44,45,46], 15[2,3,4,5,9,10,11,12,16,17,18,19,23,24,25,26,29,30,31,32,33,36,37,38,39,40,43,44,45,46], 17[3,4,5,10,11,12,17,18,19,24,25,26,29,30,31,32,33,36,37,38,39,40,43,44,45,46,47], 19[3,4,5,10,11,12,17,18,19,24,25,26,29,30,31,32,33,36,37,38,39,40,43,44,45,46,47], 21[3,4,5,10,11,12,17,18,19,24,25,26,29,30,31,32,33,36,37,38,39,40,43,44,45,46,47]]
   00:00:00:00:00:13    00:00:00:00:00:07  [13[6,7,13,14,18,19,20,21,22,23,24,25,26,27,28,29,36,43], 15[6,7,13,14,20,21,22,23,24,25,26,27,28,29,33,34,35,36,43], 17[6,7,13,14,20,21,22,23,24,25,26,27,28,29,33,34,35,36,40,41,42,43], 19[6,7,13,14,20,21,22,23,24,25,26,27,28,29,32,33,34,35,36,39,40,41,42,43,48,49], 21[6,7,13,14,20,21,22,23,24,25,26,27,28,29,31,32,33,34,35,36,38,39,40,41,42,43,47,48,49], 23[6,7,13,14,20,21,22,23,24,25,26,27,28,29,30,31,32,33,34,35,36,37,38,39,40,41,42,43,46,47,48,49], 25[6,7,13,14,20,21,22,23,24,25,26,27,28,29,30,31,32,33,34,35,36,37,38,39,40,41,42,43,44,45,46,47,48,49], 27[6,7,13,14,20,21,22,23,24,25,26,27,28,29,30,31,32,33,34,35,36,37,38,39,40,41,42,43,44,45,46,47,48,49], 29[6,7,13,14,20,21,22,23,24,25,26,27,28,29,30,31,32,33,34,35,36,37,38,39,40,41,42,43,44,45,46,47,48,49], 31[6,7,13,14,20,21,22,23,24,25,26,27,28,29,30,31,32,33,34,35,36,37,38,39,40,41,42,43,44,45,46,47,48,49]]
   00:00:00:00:00:13    00:00:00:00:00:18  [6[8,15,22,29,36,43], 8[8,9,15,16,22,23,29,30,36,37,43,44], 10[1,2,8,9,10,15,16,17,22,23,24,29,30,31,36,37,38,43,44,45], 12[1,2,8,9,10,11,15,16,17,18,22,23,24,25,29,30,31,32,36,37,38,39,43,44,45], 14[1,2,8,9,10,11,15,16,17,18,22,23,24,25,29,30,31,32,36,37,38,39,43,44,45,46], 16[1,2,8,9,10,11,15,16,17,18,22,23,24,25,29,30,31,32,36,37,38,39,43,44,45,46], 18[8,9,10,11,15,16,17,18,22,23,24,25,29,30,31,32,36,37,38,39,43,44,45,46]]
   00:00:00:00:00:13    00:00:00:00:00:06  [12[5,6,12,13,18,19,20,22,23,24,25,26,27,29,36,43], 14[6,7,13,14,20,21,22,23,24,25,26,27,28,29,33,34,36,43], 16[6,7,13,14,20,21,22,23,24,25,26,27,28,29,33,34,35,36,40,41,43], 18[6,7,13,14,20,21,22,23,24,25,26,27,28,29,32,33,34,35,36,39,40,41,42,43,47,48], 20[6,7,13,14,20,21,22,23,24,25,26,27,28,29,31,32,33,34,35,36,38,39,40,41,42,43,46,47,48,49], 22[6,7,13,14,20,21,22,23,24,25,26,27,28,29,30,31,32,33,34,35,36,37,38,39,40,41,42,43,45,46,47,48,49], 24[6,7,13,14,20,21,22,23,24,25,26,27,28,29,30,31,32,33,34,35,36,37,38,39,40,41,42,43,44,45,46,47,48,49], 26[6,7,13,14,20,21,22,23,24,25,26,27,28,29,30,31,32,33,34,35,36,37,38,39,40,41,42,43,44,45,46,47,48,49], 28[6,7,13,14,20,21,22,23,24,25,26,27,28,29,30,31,32,33,34,35,36,37,38,39,40,41,42,43,44,45,46,47,48,49], 30[6,7,13,14,20,21,22,23,24,25,26,27,28,29,30,31,32,33,34,35,36,37,38,39,40,41,42,43,44,45,46,47,48,49], 32[6,7,13,14,20,21,22,23,24,25,26,27,28,29,30,31,32,33,34,35,36,37,38,39,40,41,42,43,44,45,46,47,48,49]]
   00:00:00:00:00:13    00:00:00:00:00:16  [4[22,29,36,43], 6[22,23,29,30,36,37,43,44], 8[15,16,22,23,24,29,30,31,36,37,38,43,44,45], 10[15,16,22,23,24,25,29,30,31,32,36,37,38,39,43,44,45,46], 12[15,16,22,23,24,25,26,29,30,31,32,33,36,37,38,39,40,43,44,45,46,47], 14[15,16,22,23,24,25,26,29,30,31,32,33,36,37,38,39,40,43,44,45,46,47], 16[15,16,22,23,24,25,26,29,30,31,32,33,36,37,38,39,40,43,44,45,46,47], 18[15,16,22,23,24,25,26,29,30,31,32,33,36,37,38,39,40,43,44,45,46,47], 20[15,16,22,23,24,25,26,29,30,31,32,33,36,37,38,39,40,43,44,45,46,47]]
   00:00:00:00:00:13    00:00:00:00:00:12  [2[43,44], 4[36,37,43,44], 6[29,30,36,37,38,43,44,45], 8[29,30,31,36,37,38,43,44,45], 10[29,30,31,32,36,37,38,39,43,44,45,46], 12[29,30,31,32,33,36,37,38,39,40,43,44,45,46,47], 14[29,30,31,32,33,34,36,37,38,39,40,41,43,44,45,46,47,48], 16[26,27,29,30,31,32,33,34,35,36,37,38,39,40,41,42,43,44,45,46,47,48,49], 18[26,27,28,29,30,31,32,33,34,35,36,37,38,39,40,41,42,43,44,45,46,47,48,49], 20[26,27,28,29,30,31,32,33,34,35,36,37,38,39,40,41,42,43,44,45,46,47,48,49], 22[26,27,28,29,30,31,32,33,34,35,36,37,38,39,40,41,42,43,44,45,46,47,48,49], 24[26,27,28,29,30,31,32,33,34,35,36,37,38,39,40,41,42,43,44,45,46,47,48,49]]
   00:00:00:00:00:13    00:00:00:00:00:0e  [6[43,44,45,46,47,48], 8[36,37,38,39,40,41,43,44,45,46,47,48], 10[31,32,33,34,36,37,38,39,40,41,42,43,44,45,46,47,48,49], 12[26,27,31,32,33,34,35,36,37,38,39,40,41,42,43,44,45,46,47,48,49], 14[26,27,28,31,32,33,34,35,36,37,38,39,40,41,42,43,44,45,46,47,48,49], 16[26,27,28,31,32,33,34,35,36,37,38,39,40,41,42,43,44,45,46,47,48,49], 18[26,27,28,31,32,33,34,35,36,37,38,39,40,41,42,43,44,45,46,47,48,49], 20[26,27,28,31,32,33,34,35,36,37,38,39,40,41,42,43,44,45,46,47,48,49], 22[26,27,28,31,32,33,34,35,36,37,38,39,40,41,42,43,44,45,46,47,48,49]]
   00:00:00:00:00:13    00:00:00:00:00:0f  [5[43,44,45,46,47], 7[36,37,38,39,40,43,44,45,46,47], 9[31,32,33,36,37,38,39,40,41,43,44,45,46,47,48], 11[31,32,33,34,36,37,38,39,40,41,42,43,44,45,46,47,48,49], 13[26,27,31,32,33,34,35,36,37,38,39,40,41,42,43,44,45,46,47,48,49], 15[26,27,28,31,32,33,34,35,36,37,38,39,40,41,42,43,44,45,46,47,48,49], 17[26,27,28,31,32,33,34,35,36,37,38,39,40,41,42,43,44,45,46,47,48,49], 19[26,27,28,31,32,33,34,35,36,37,38,39,40,41,42,43,44,45,46,47,48,49], 21[26,27,28,31,32,33,34,35,36,37,38,39,40,41,42,43,44,45,46,47,48,49]]
   00:00:00:00:00:13    00:00:00:00:00:0a  [10[22,23,24,25,26,27,28,29,36,43], 12[18,19,20,21,22,23,24,25,26,27,28,29,32,33,34,35,36,43], 14[22,23,24,25,26,27,28,29,32,33,34,35,36,39,40,41,42,43], 16[22,23,24,25,26,27,28,29,31,32,33,34,35,36,38,39,40,41,42,43,46,47,48,49], 18[22,23,24,25,26,27,28,29,30,31,32,33,34,35,36,37,38,39,40,41,42,43,45,46,47,48,49], 20[22,23,24,25,26,27,28,29,30,31,32,33,34,35,36,37,38,39,40,41,42,43,44,45,46,47,48,49], 22[22,23,24,25,26,27,28,29,30,31,32,33,34,35,36,37,38,39,40,41,42,43,44,45,46,47,48,49], 24[22,23,24,25,26,27,28,29,30,31,32,33,34,35,36,37,38,39,40,41,42,43,44,45,46,47,48,49], 26[22,23,24,25,26,27,28,29,30,31,32,33,34,35,36,37,38,39,40,41,42,43,44,45,46,47,48,49], 28[22,23,24,25,26,27,28,29,30,31,32,33,34,35,36,37,38,39,40,41,42,43,44,45,46,47,48,49]]
   00:00:00:00:00:13    00:00:00:00:00:01  [7[1,8,15,22,29,36,43], 9[1,2,8,9,15,16,22,23,29,30,36,37,43,44], 11[1,2,3,8,9,10,15,16,17,22,23,24,29,30,31,36,37,38,43,44,45], 13[1,2,3,4,8,9,10,11,15,16,17,18,22,23,24,25,29,30,31,32,36,37,38,43,44,45], 15[1,2,3,4,8,9,10,11,15,16,17,18,22,23,24,25,29,30,31,32,36,37,38,39,43,44,45], 17[1,2,3,4,8,9,10,11,15,16,17,18,22,23,24,25,29,30,31,32,36,37,38,39,43,44,45,46], 19[1,2,3,4,8,9,10,11,15,16,17,18,22,23,24,25,29,30,31,32,36,37,38,39,43,44,45,46]]
   00:00:00:00:00:13    00:00:00:00:00:11  [3[43,44,45], 5[36,37,38,43,44,45], 7[30,31,36,37,38,39,43,44,45,46], 9[30,31,32,36,37,38,39,40,43,44,45,46,47], 11[30,31,32,33,36,37,38,39,40,41,43,44,45,46,47,48], 13[30,31,32,33,34,36,37,38,39,40,41,42,43,44,45,46,47,48,49], 15[26,27,30,31,32,33,34,35,36,37,38,39,40,41,42,43,44,45,46,47,48,49], 17[26,27,28,30,31,32,33,34,35,36,37,38,39,40,41,42,43,44,45,46,47,48,49], 19[26,27,28,30,31,32,33,34,35,36,37,38,39,40,41,42,43,44,45,46,47,48,49], 21[26,27,28,30,31,32,33,34,35,36,37,38,39,40,41,42,43,44,45,46,47,48,49]]
   00:00:00:00:00:13    00:00:00:00:00:14  [2[36,43], 4[36,37,43,44], 6[29,30,36,37,38,43,44,45], 8[22,23,29,30,31,36,37,38,39,43,44,45,46], 10[15,16,22,23,24,29,30,31,32,36,37,38,39,40,43,44,45,46,47], 12[15,16,17,22,23,24,25,29,30,31,32,33,36,37,38,39,40,41,43,44,45,46,47,48], 14[15,16,17,22,23,24,25,26,29,30,31,32,33,36,37,38,39,40,41,43,44,45,46,47,48], 16[15,16,17,22,23,24,25,26,29,30,31,32,33,36,37,38,39,40,41,43,44,45,46,47,48], 18[15,16,17,22,23,24,25,26,29,30,31,32,33,36,37,38,39,40,41,43,44,45,46,47,48], 20[15,16,22,23,24,25,26,29,30,31,32,33,36,37,38,39,40,41,43,44,45,46,47,48], 22[15,16,22,23,24,25,26,29,30,31,32,33,36,37,38,39,40,41,43,44,45,46,47,48]]
   00:00:00:00:00:13    00:00:00:00:00:0c  [8[36,37,38,39,40,41,42,43,44,45,46,47,48,49], 10[32,33,34,35,36,37,38,39,40,41,42,43,44,45,46,47,48,49], 12[26,27,28,32,33,34,35,36,37,38,39,40,41,42,43,44,45,46,47,48,49], 14[18,19,20,21,22,23,24,25,26,27,28,29,32,33,34,35,36,37,38,39,40,41,42,43,44,45,46,47,48,49], 16[19,20,21,26,27,28,32,33,34,35,36,37,38,39,40,41,42,43,44,45,46,47,48,49], 18[19,20,21,26,27,28,32,33,34,35,36,37,38,39,40,41,42,43,44,45,46,47,48,49], 20[19,20,21,26,27,28,32,33,34,35,36,37,38,39,40,41,42,43,44,45,46,47,48,49]]
   00:00:00:00:00:13    00:00:00:00:00:10  [4[43,44,45,46], 6[36,37,38,39,43,44,45,46], 8[31,32,36,37,38,39,40,43,44,45,46,47], 10[31,32,33,36,37,38,39,40,41,43,44,45,46,47,48], 12[31,32,33,34,36,37,38,39,40,41,42,43,44,45,46,47,48,49], 14[26,27,31,32,33,34,35,36,37,38,39,40,41,42,43,44,45,46,47,48,49], 16[26,27,28,31,32,33,34,35,36,37,38,39,40,41,42,43,44,45,46,47,48,49], 18[26,27,28,31,32,33,34,35,36,37,38,39,40,41,42,43,44,45,46,47,48,49], 20[26,27,28,31,32,33,34,35,36,37,38,39,40,41,42,43,44,45,46,47,48,49], 22[26,27,28,31,32,33,34,35,36,37,38,39,40,41,42,43,44,45,46,47,48,49]]
