# K-Shortest Paths Results
# Format: src_host dst_host path_index cost switch_path port_details
# ==================================================================

# h00:00:00:00:00:01 -> h00:00:00:00:00:03
   00:00:00:00:00:01    00:00:00:00:00:03 0      0  [1,3]     00:00:00:00:00:01    00:00:00:00:00:03 1    293  [1,5,7,3]     00:00:00:00:00:01    00:00:00:00:00:03 2    293  [1,5,13,3]     00:00:00:00:00:01    00:00:00:00:00:03 3    439  [1,5,8,13,3]     00:00:00:00:00:01    00:00:00:00:00:03 4    439  [1,16,22,7,3]     00:00:00:00:00:01    00:00:00:00:00:03 5    585  [1,5,7,6,13,3]     00:00:00:00:00:01    00:00:00:00:00:03 6    585  [1,5,13,6,7,3]     00:00:00:00:00:01    00:00:00:00:00:03 7    585  [1,5,15,2,7,3]     00:00:00:00:00:01    00:00:00:00:00:03 8    585  [1,5,11,22,7,3]     00:00:00:00:00:01    00:00:00:00:00:03 9    585  [1,5,15,22,7,3]     00:00:00:00:00:01    00:00:00:00:00:03 10    585  [1,5,15,12,13,3]     00:00:00:00:00:01    00:00:00:00:00:03 11    585  [1,5,19,22,7,3]     00:00:00:00:00:01    00:00:00:00:00:03 12    731  [1,5,8,13,6,7,3]     00:00:00:00:00:01    00:00:00:00:00:03 13    731  [1,5,15,2,14,7,3]     00:00:00:00:00:01    00:00:00:00:00:03 14    731  [1,10,21,4,5,7,3]     00:00:00:00:00:01    00:00:00:00:00:03 15    731  [1,10,21,4,5,13,3]  
# h00:00:00:00:00:01 -> h00:00:00:00:00:05
   00:00:00:00:00:01    00:00:00:00:00:05 0      0  [1,5]     00:00:00:00:00:01    00:00:00:00:00:05 1    293  [1,3,7,5]     00:00:00:00:00:01    00:00:00:00:00:05 2    293  [1,3,13,5]     00:00:00:00:00:01    00:00:00:00:00:05 3    439  [1,3,13,8,5]     00:00:00:00:00:01    00:00:00:00:00:05 4    439  [1,10,21,4,5]     00:00:00:00:00:01    00:00:00:00:00:05 5    439  [1,16,22,7,5]     00:00:00:00:00:01    00:00:00:00:00:05 6    439  [1,16,22,11,5]     00:00:00:00:00:01    00:00:00:00:00:05 7    439  [1,16,22,15,5]     00:00:00:00:00:01    00:00:00:00:00:05 8    439  [1,16,22,19,5]     00:00:00:00:00:01    00:00:00:00:00:05 9    585  [1,3,7,22,11,5]     00:00:00:00:00:01    00:00:00:00:00:05 10    585  [1,3,7,6,13,5]     00:00:00:00:00:01    00:00:00:00:00:05 11    585  [1,3,7,2,15,5]     00:00:00:00:00:01    00:00:00:00:00:05 12    585  [1,3,7,22,15,5]     00:00:00:00:00:01    00:00:00:00:00:05 13    585  [1,3,7,22,19,5]     00:00:00:00:00:01    00:00:00:00:00:05 14    585  [1,3,13,6,7,5]     00:00:00:00:00:01    00:00:00:00:00:05 15    585  [1,3,13,12,15,5]  
# h00:00:00:00:00:01 -> h00:00:00:00:00:0a
   00:00:00:00:00:01    00:00:00:00:00:0a 0      0  [1,10]     00:00:00:00:00:01    00:00:00:00:00:0a 1    293  [1,20,9,10]     00:00:00:00:00:01    00:00:00:00:00:0a 2    439  [1,5,4,21,10]     00:00:00:00:00:01    00:00:00:00:00:0a 3    731  [1,3,7,5,4,21,10]     00:00:00:00:00:01    00:00:00:00:00:0a 4    731  [1,3,13,5,4,21,10]     00:00:00:00:00:01    00:00:00:00:00:0a 5    731  [1,5,19,17,4,21,10]     00:00:00:00:00:01    00:00:00:00:00:0a 6    877  [1,3,13,8,5,4,21,10]     00:00:00:00:00:01    00:00:00:00:00:0a 7    877  [1,16,22,7,5,4,21,10]     00:00:00:00:00:01    00:00:00:00:00:0a 8    877  [1,16,22,11,5,4,21,10]     00:00:00:00:00:01    00:00:00:00:00:0a 9    877  [1,16,22,15,5,4,21,10]     00:00:00:00:00:01    00:00:00:00:00:0a 10    877  [1,16,22,19,5,4,21,10]     00:00:00:00:00:01    00:00:00:00:00:0a 11    877  [1,16,22,19,17,4,21,10]     00:00:00:00:00:01    00:00:00:00:00:0a 12   1023  [1,3,7,5,19,17,4,21,10]     00:00:00:00:00:01    00:00:00:00:00:0a 13   1023  [1,3,7,22,11,5,4,21,10]     00:00:00:00:00:01    00:00:00:00:00:0a 14   1023  [1,3,7,6,13,5,4,21,10]     00:00:00:00:00:01    00:00:00:00:00:0a 15   1023  [1,3,7,2,15,5,4,21,10]  
# h00:00:00:00:00:01 -> h00:00:00:00:00:10
   00:00:00:00:00:01    00:00:00:00:00:10 0      0  [1,16]     00:00:00:00:00:01    00:00:00:00:00:10 1    439  [1,3,7,22,16]     00:00:00:00:00:01    00:00:00:00:00:10 2    439  [1,5,7,22,16]     00:00:00:00:00:01    00:00:00:00:00:10 3    439  [1,5,11,22,16]     00:00:00:00:00:01    00:00:00:00:00:10 4    439  [1,5,15,22,16]     00:00:00:00:00:01    00:00:00:00:00:10 5    439  [1,5,19,22,16]     00:00:00:00:00:01    00:00:00:00:00:10 6    731  [1,3,7,5,11,22,16]     00:00:00:00:00:01    00:00:00:00:00:10 7    731  [1,3,7,2,15,22,16]     00:00:00:00:00:01    00:00:00:00:00:10 8    731  [1,3,7,5,15,22,16]     00:00:00:00:00:01    00:00:00:00:00:10 9    731  [1,3,7,5,19,22,16]     00:00:00:00:00:01    00:00:00:00:00:10 10    731  [1,3,7,6,18,22,16]     00:00:00:00:00:01    00:00:00:00:00:10 11    731  [1,3,13,5,7,22,16]     00:00:00:00:00:01    00:00:00:00:00:10 12    731  [1,3,13,5,11,22,16]     00:00:00:00:00:01    00:00:00:00:00:10 13    731  [1,3,13,5,15,22,16]     00:00:00:00:00:01    00:00:00:00:00:10 14    731  [1,3,13,5,19,22,16]     00:00:00:00:00:01    00:00:00:00:00:10 15    731  [1,3,13,6,7,22,16]  
# h00:00:00:00:00:01 -> h00:00:00:00:00:14
   00:00:00:00:00:01    00:00:00:00:00:14 0      0  [1,20]     00:00:00:00:00:01    00:00:00:00:00:14 1    293  [1,10,9,20]     00:00:00:00:00:01    00:00:00:00:00:14 2    731  [1,5,4,21,10,9,20]     00:00:00:00:00:01    00:00:00:00:00:14 3   1023  [1,3,7,5,4,21,10,9,20]     00:00:00:00:00:01    00:00:00:00:00:14 4   1023  [1,3,13,5,4,21,10,9,20]     00:00:00:00:00:01    00:00:00:00:00:14 5   1023  [1,5,19,17,4,21,10,9,20]     00:00:00:00:00:01    00:00:00:00:00:14 6   1170  [1,3,13,8,5,4,21,10,9,20]     00:00:00:00:00:01    00:00:00:00:00:14 7   1170  [1,16,22,7,5,4,21,10,9,20]     00:00:00:00:00:01    00:00:00:00:00:14 8   1170  [1,16,22,11,5,4,21,10,9,20]     00:00:00:00:00:01    00:00:00:00:00:14 9   1170  [1,16,22,15,5,4,21,10,9,20]     00:00:00:00:00:01    00:00:00:00:00:14 10   1170  [1,16,22,19,5,4,21,10,9,20]     00:00:00:00:00:01    00:00:00:00:00:14 11   1170  [1,16,22,19,17,4,21,10,9,20]     00:00:00:00:00:01    00:00:00:00:00:14 12   1316  [1,3,7,5,19,17,4,21,10,9,20]     00:00:00:00:00:01    00:00:00:00:00:14 13   1316  [1,3,7,22,11,5,4,21,10,9,20]     00:00:00:00:00:01    00:00:00:00:00:14 14   1316  [1,3,7,6,13,5,4,21,10,9,20]     00:00:00:00:00:01    00:00:00:00:00:14 15   1316  [1,3,7,2,15,5,4,21,10,9,20]  
# h00:00:00:00:00:01 -> h00:00:00:00:00:02
   00:00:00:00:00:01    00:00:00:00:00:02 0    293  [1,3,7,2]     00:00:00:00:00:01    00:00:00:00:00:02 1    293  [1,5,7,2]     00:00:00:00:00:01    00:00:00:00:00:02 2    293  [1,5,15,2]     00:00:00:00:00:01    00:00:00:00:00:02 3    439  [1,3,7,14,2]     00:00:00:00:00:01    00:00:00:00:00:02 4    439  [1,5,7,14,2]     00:00:00:00:00:01    00:00:00:00:00:02 5    439  [1,16,22,7,2]     00:00:00:00:00:01    00:00:00:00:00:02 6    439  [1,16,22,15,2]     00:00:00:00:00:01    00:00:00:00:00:02 7    585  [1,3,7,5,15,2]     00:00:00:00:00:01    00:00:00:00:00:02 8    585  [1,3,7,22,15,2]     00:00:00:00:00:01    00:00:00:00:00:02 9    585  [1,3,13,5,7,2]     00:00:00:00:00:01    00:00:00:00:00:02 10    585  [1,3,13,5,15,2]     00:00:00:00:00:01    00:00:00:00:00:02 11    585  [1,3,13,6,7,2]     00:00:00:00:00:01    00:00:00:00:00:02 12    585  [1,3,13,12,15,2]     00:00:00:00:00:01    00:00:00:00:00:02 13    585  [1,5,7,22,15,2]     00:00:00:00:00:01    00:00:00:00:00:02 14    585  [1,5,13,3,7,2]     00:00:00:00:00:01    00:00:00:00:00:02 15    585  [1,5,11,22,7,2]  
# h00:00:00:00:00:01 -> h00:00:00:00:00:07
   00:00:00:00:00:01    00:00:00:00:00:07 0    146  [1,3,7]     00:00:00:00:00:01    00:00:00:00:00:07 1    146  [1,5,7]     00:00:00:00:00:01    00:00:00:00:00:07 2    293  [1,16,22,7]     00:00:00:00:00:01    00:00:00:00:00:07 3    439  [1,3,13,5,7]     00:00:00:00:00:01    00:00:00:00:00:07 4    439  [1,3,13,6,7]     00:00:00:00:00:01    00:00:00:00:00:07 5    439  [1,5,15,2,7]     00:00:00:00:00:01    00:00:00:00:00:07 6    439  [1,5,13,3,7]     00:00:00:00:00:01    00:00:00:00:00:07 7    439  [1,5,11,22,7]     00:00:00:00:00:01    00:00:00:00:00:07 8    439  [1,5,13,6,7]     00:00:00:00:00:01    00:00:00:00:00:07 9    439  [1,5,15,22,7]     00:00:00:00:00:01    00:00:00:00:00:07 10    439  [1,5,19,22,7]     00:00:00:00:00:01    00:00:00:00:00:07 11    585  [1,3,13,8,5,7]     00:00:00:00:00:01    00:00:00:00:00:07 12    585  [1,5,8,13,3,7]     00:00:00:00:00:01    00:00:00:00:00:07 13    585  [1,5,8,13,6,7]     00:00:00:00:00:01    00:00:00:00:00:07 14    585  [1,5,15,2,14,7]     00:00:00:00:00:01    00:00:00:00:00:07 15    585  [1,10,21,4,5,7]  
# h00:00:00:00:00:01 -> h00:00:00:00:00:0e
   00:00:00:00:00:01    00:00:00:00:00:0e 0    293  [1,3,7,14]     00:00:00:00:00:01    00:00:00:00:00:0e 1    293  [1,5,7,14]     00:00:00:00:00:01    00:00:00:00:00:0e 2    439  [1,3,7,2,14]     00:00:00:00:00:01    00:00:00:00:00:0e 3    439  [1,5,7,2,14]     00:00:00:00:00:01    00:00:00:00:00:0e 4    439  [1,5,15,2,14]     00:00:00:00:00:01    00:00:00:00:00:0e 5    439  [1,16,22,7,14]     00:00:00:00:00:01    00:00:00:00:00:0e 6    585  [1,3,13,5,7,14]     00:00:00:00:00:01    00:00:00:00:00:0e 7    585  [1,3,13,6,7,14]     00:00:00:00:00:01    00:00:00:00:00:0e 8    585  [1,5,13,3,7,14]     00:00:00:00:00:01    00:00:00:00:00:0e 9    585  [1,5,11,22,7,14]     00:00:00:00:00:01    00:00:00:00:00:0e 10    585  [1,5,13,6,7,14]     00:00:00:00:00:01    00:00:00:00:00:0e 11    585  [1,5,15,2,7,14]     00:00:00:00:00:01    00:00:00:00:00:0e 12    585  [1,5,15,22,7,14]     00:00:00:00:00:01    00:00:00:00:00:0e 13    585  [1,5,19,22,7,14]     00:00:00:00:00:01    00:00:00:00:00:0e 14    585  [1,16,22,7,2,14]     00:00:00:00:00:01    00:00:00:00:00:0e 15    585  [1,16,22,15,2,14]  
# h00:00:00:00:00:01 -> h00:00:00:00:00:0f
   00:00:00:00:00:01    00:00:00:00:00:0f 0    146  [1,5,15]     00:00:00:00:00:01    00:00:00:00:00:0f 1    293  [1,16,22,15]     00:00:00:00:00:01    00:00:00:00:00:0f 2    439  [1,3,7,2,15]     00:00:00:00:00:01    00:00:00:00:00:0f 3    439  [1,3,7,5,15]     00:00:00:00:00:01    00:00:00:00:00:0f 4    439  [1,3,7,22,15]     00:00:00:00:00:01    00:00:00:00:00:0f 5    439  [1,3,13,5,15]     00:00:00:00:00:01    00:00:00:00:00:0f 6    439  [1,3,13,12,15]     00:00:00:00:00:01    00:00:00:00:00:0f 7    439  [1,5,7,2,15]     00:00:00:00:00:01    00:00:00:00:00:0f 8    439  [1,5,7,22,15]     00:00:00:00:00:01    00:00:00:00:00:0f 9    439  [1,5,13,12,15]     00:00:00:00:00:01    00:00:00:00:00:0f 10    439  [1,5,11,22,15]     00:00:00:00:00:01    00:00:00:00:00:0f 11    439  [1,5,19,22,15]     00:00:00:00:00:01    00:00:00:00:00:0f 12    585  [1,3,7,14,2,15]     00:00:00:00:00:01    00:00:00:00:00:0f 13    585  [1,3,13,8,5,15]     00:00:00:00:00:01    00:00:00:00:00:0f 14    585  [1,5,7,14,2,15]     00:00:00:00:00:01    00:00:00:00:00:0f 15    585  [1,5,8,13,12,15]  
# h00:00:00:00:00:01 -> h00:00:00:00:00:0d
   00:00:00:00:00:01    00:00:00:00:00:0d 0    146  [1,3,13]     00:00:00:00:00:01    00:00:00:00:00:0d 1    146  [1,5,13]     00:00:00:00:00:01    00:00:00:00:00:0d 2    293  [1,5,8,13]     00:00:00:00:00:01    00:00:00:00:00:0d 3    439  [1,3,7,5,13]     00:00:00:00:00:01    00:00:00:00:00:0d 4    439  [1,3,7,6,13]     00:00:00:00:00:01    00:00:00:00:00:0d 5    439  [1,5,7,3,13]     00:00:00:00:00:01    00:00:00:00:00:0d 6    439  [1,5,7,6,13]     00:00:00:00:00:01    00:00:00:00:00:0d 7    439  [1,5,15,12,13]     00:00:00:00:00:01    00:00:00:00:00:0d 8    585  [1,3,7,5,8,13]     00:00:00:00:00:01    00:00:00:00:00:0d 9    585  [1,16,22,7,3,13]     00:00:00:00:00:01    00:00:00:00:00:0d 10    585  [1,10,21,4,5,13]     00:00:00:00:00:01    00:00:00:00:00:0d 11    585  [1,16,22,7,5,13]     00:00:00:00:00:01    00:00:00:00:00:0d 12    585  [1,16,22,7,6,13]     00:00:00:00:00:01    00:00:00:00:00:0d 13    585  [1,16,22,11,5,13]     00:00:00:00:00:01    00:00:00:00:00:0d 14    585  [1,16,22,15,5,13]     00:00:00:00:00:01    00:00:00:00:00:0d 15    585  [1,16,22,15,12,13]  
# h00:00:00:00:00:01 -> h00:00:00:00:00:04
   00:00:00:00:00:01    00:00:00:00:00:04 0    146  [1,5,4]     00:00:00:00:00:01    00:00:00:00:00:04 1    293  [1,10,21,4]     00:00:00:00:00:01    00:00:00:00:00:04 2    439  [1,3,7,5,4]     00:00:00:00:00:01    00:00:00:00:00:04 3    439  [1,3,13,5,4]     00:00:00:00:00:01    00:00:00:00:00:04 4    439  [1,5,19,17,4]     00:00:00:00:00:01    00:00:00:00:00:04 5    585  [1,3,13,8,5,4]     00:00:00:00:00:01    00:00:00:00:00:04 6    585  [1,16,22,7,5,4]     00:00:00:00:00:01    00:00:00:00:00:04 7    585  [1,16,22,11,5,4]     00:00:00:00:00:01    00:00:00:00:00:04 8    585  [1,16,22,15,5,4]     00:00:00:00:00:01    00:00:00:00:00:04 9    585  [1,16,22,19,5,4]     00:00:00:00:00:01    00:00:00:00:00:04 10    585  [1,16,22,19,17,4]     00:00:00:00:00:01    00:00:00:00:00:04 11    585  [1,20,9,10,21,4]     00:00:00:00:00:01    00:00:00:00:00:04 12    731  [1,3,7,5,19,17,4]     00:00:00:00:00:01    00:00:00:00:00:04 13    731  [1,3,7,22,11,5,4]     00:00:00:00:00:01    00:00:00:00:00:04 14    731  [1,3,7,6,13,5,4]     00:00:00:00:00:01    00:00:00:00:00:04 15    731  [1,3,7,2,15,5,4]  
# h00:00:00:00:00:01 -> h00:00:00:00:00:11
   00:00:00:00:00:01    00:00:00:00:00:11 0    293  [1,5,4,17]     00:00:00:00:00:01    00:00:00:00:00:11 1    293  [1,5,19,17]     00:00:00:00:00:01    00:00:00:00:00:11 2    439  [1,10,21,4,17]     00:00:00:00:00:01    00:00:00:00:00:11 3    439  [1,16,22,19,17]     00:00:00:00:00:01    00:00:00:00:00:11 4    585  [1,3,7,5,4,17]     00:00:00:00:00:01    00:00:00:00:00:11 5    585  [1,3,7,5,19,17]     00:00:00:00:00:01    00:00:00:00:00:11 6    585  [1,3,7,22,19,17]     00:00:00:00:00:01    00:00:00:00:00:11 7    585  [1,3,13,5,4,17]     00:00:00:00:00:01    00:00:00:00:00:11 8    585  [1,3,13,5,19,17]     00:00:00:00:00:01    00:00:00:00:00:11 9    585  [1,5,7,22,19,17]     00:00:00:00:00:01    00:00:00:00:00:11 10    585  [1,5,11,22,19,17]     00:00:00:00:00:01    00:00:00:00:00:11 11    585  [1,5,15,22,19,17]     00:00:00:00:00:01    00:00:00:00:00:11 12    731  [1,3,13,8,5,4,17]     00:00:00:00:00:01    00:00:00:00:00:11 13    731  [1,3,13,8,5,19,17]     00:00:00:00:00:01    00:00:00:00:00:11 14    731  [1,10,21,4,5,19,17]     00:00:00:00:00:01    00:00:00:00:00:11 15    731  [1,16,22,7,5,4,17]  
# h00:00:00:00:00:01 -> h00:00:00:00:00:15
   00:00:00:00:00:01    00:00:00:00:00:15 0    146  [1,10,21]     00:00:00:00:00:01    00:00:00:00:00:15 1    293  [1,5,4,21]     00:00:00:00:00:01    00:00:00:00:00:15 2    439  [1,20,9,10,21]     00:00:00:00:00:01    00:00:00:00:00:15 3    585  [1,3,7,5,4,21]     00:00:00:00:00:01    00:00:00:00:00:15 4    585  [1,3,13,5,4,21]     00:00:00:00:00:01    00:00:00:00:00:15 5    585  [1,5,19,17,4,21]     00:00:00:00:00:01    00:00:00:00:00:15 6    731  [1,3,13,8,5,4,21]     00:00:00:00:00:01    00:00:00:00:00:15 7    731  [1,16,22,7,5,4,21]     00:00:00:00:00:01    00:00:00:00:00:15 8    731  [1,16,22,11,5,4,21]     00:00:00:00:00:01    00:00:00:00:00:15 9    731  [1,16,22,15,5,4,21]     00:00:00:00:00:01    00:00:00:00:00:15 10    731  [1,16,22,19,5,4,21]     00:00:00:00:00:01    00:00:00:00:00:15 11    731  [1,16,22,19,17,4,21]     00:00:00:00:00:01    00:00:00:00:00:15 12    877  [1,3,7,5,19,17,4,21]     00:00:00:00:00:01    00:00:00:00:00:15 13    877  [1,3,7,22,11,5,4,21]     00:00:00:00:00:01    00:00:00:00:00:15 14    877  [1,3,7,6,13,5,4,21]     00:00:00:00:00:01    00:00:00:00:00:15 15    877  [1,3,7,2,15,5,4,21]  
# h00:00:00:00:00:01 -> h00:00:00:00:00:08
   00:00:00:00:00:01    00:00:00:00:00:08 0    146  [1,5,8]     00:00:00:00:00:01    00:00:00:00:00:08 1    293  [1,3,13,8]     00:00:00:00:00:01    00:00:00:00:00:08 2    293  [1,5,13,8]     00:00:00:00:00:01    00:00:00:00:00:08 3    439  [1,3,7,5,8]     00:00:00:00:00:01    00:00:00:00:00:08 4    439  [1,3,13,5,8]     00:00:00:00:00:01    00:00:00:00:00:08 5    585  [1,3,7,5,13,8]     00:00:00:00:00:01    00:00:00:00:00:08 6    585  [1,3,7,6,13,8]     00:00:00:00:00:01    00:00:00:00:00:08 7    585  [1,5,7,3,13,8]     00:00:00:00:00:01    00:00:00:00:00:08 8    585  [1,5,7,6,13,8]     00:00:00:00:00:01    00:00:00:00:00:08 9    585  [1,5,15,12,13,8]     00:00:00:00:00:01    00:00:00:00:00:08 10    585  [1,10,21,4,5,8]     00:00:00:00:00:01    00:00:00:00:00:08 11    585  [1,16,22,7,5,8]     00:00:00:00:00:01    00:00:00:00:00:08 12    585  [1,16,22,11,5,8]     00:00:00:00:00:01    00:00:00:00:00:08 13    585  [1,16,22,15,5,8]     00:00:00:00:00:01    00:00:00:00:00:08 14    585  [1,16,22,19,5,8]     00:00:00:00:00:01    00:00:00:00:00:08 15    731  [1,3,7,6,13,5,8]  
# h00:00:00:00:00:01 -> h00:00:00:00:00:0b
   00:00:00:00:00:01    00:00:00:00:00:0b 0    146  [1,5,11]     00:00:00:00:00:01    00:00:00:00:00:0b 1    293  [1,16,22,11]     00:00:00:00:00:01    00:00:00:00:00:0b 2    439  [1,3,7,5,11]     00:00:00:00:00:01    00:00:00:00:00:0b 3    439  [1,3,7,22,11]     00:00:00:00:00:01    00:00:00:00:00:0b 4    439  [1,3,13,5,11]     00:00:00:00:00:01    00:00:00:00:00:0b 5    439  [1,5,7,22,11]     00:00:00:00:00:01    00:00:00:00:00:0b 6    439  [1,5,15,22,11]     00:00:00:00:00:01    00:00:00:00:00:0b 7    439  [1,5,19,22,11]     00:00:00:00:00:01    00:00:00:00:00:0b 8    585  [1,3,13,8,5,11]     00:00:00:00:00:01    00:00:00:00:00:0b 9    585  [1,10,21,4,5,11]     00:00:00:00:00:01    00:00:00:00:00:0b 10    585  [1,16,22,7,5,11]     00:00:00:00:00:01    00:00:00:00:00:0b 11    585  [1,16,22,15,5,11]     00:00:00:00:00:01    00:00:00:00:00:0b 12    585  [1,16,22,19,5,11]     00:00:00:00:00:01    00:00:00:00:00:0b 13    731  [1,3,7,5,15,22,11]     00:00:00:00:00:01    00:00:00:00:00:0b 14    731  [1,3,7,5,19,22,11]     00:00:00:00:00:01    00:00:00:00:00:0b 15    731  [1,3,7,6,13,5,11]  
# h00:00:00:00:00:01 -> h00:00:00:00:00:13
   00:00:00:00:00:01    00:00:00:00:00:13 0    146  [1,5,19]     00:00:00:00:00:01    00:00:00:00:00:13 1    293  [1,16,22,19]     00:00:00:00:00:01    00:00:00:00:00:13 2    439  [1,3,7,5,19]     00:00:00:00:00:01    00:00:00:00:00:13 3    439  [1,3,7,22,19]     00:00:00:00:00:01    00:00:00:00:00:13 4    439  [1,3,13,5,19]     00:00:00:00:00:01    00:00:00:00:00:13 5    439  [1,5,4,17,19]     00:00:00:00:00:01    00:00:00:00:00:13 6    439  [1,5,7,22,19]     00:00:00:00:00:01    00:00:00:00:00:13 7    439  [1,5,11,22,19]     00:00:00:00:00:01    00:00:00:00:00:13 8    439  [1,5,15,22,19]     00:00:00:00:00:01    00:00:00:00:00:13 9    585  [1,3,13,8,5,19]     00:00:00:00:00:01    00:00:00:00:00:13 10    585  [1,10,21,4,5,19]     00:00:00:00:00:01    00:00:00:00:00:13 11    585  [1,10,21,4,17,19]     00:00:00:00:00:01    00:00:00:00:00:13 12    585  [1,16,22,7,5,19]     00:00:00:00:00:01    00:00:00:00:00:13 13    585  [1,16,22,11,5,19]     00:00:00:00:00:01    00:00:00:00:00:13 14    585  [1,16,22,15,5,19]     00:00:00:00:00:01    00:00:00:00:00:13 15    731  [1,3,7,5,4,17,19]  
# h00:00:00:00:00:01 -> h00:00:00:00:00:06
   00:00:00:00:00:01    00:00:00:00:00:06 0    293  [1,3,7,6]     00:00:00:00:00:01    00:00:00:00:00:06 1    293  [1,3,13,6]     00:00:00:00:00:01    00:00:00:00:00:06 2    293  [1,5,7,6]     00:00:00:00:00:01    00:00:00:00:00:06 3    293  [1,5,13,6]     00:00:00:00:00:01    00:00:00:00:00:06 4    439  [1,5,8,13,6]     00:00:00:00:00:01    00:00:00:00:00:06 5    439  [1,16,22,7,6]     00:00:00:00:00:01    00:00:00:00:00:06 6    439  [1,16,22,18,6]     00:00:00:00:00:01    00:00:00:00:00:06 7    585  [1,3,7,5,13,6]     00:00:00:00:00:01    00:00:00:00:00:06 8    585  [1,3,7,22,18,6]     00:00:00:00:00:01    00:00:00:00:00:06 9    585  [1,3,13,5,7,6]     00:00:00:00:00:01    00:00:00:00:00:06 10    585  [1,5,7,3,13,6]     00:00:00:00:00:01    00:00:00:00:00:06 11    585  [1,5,7,22,18,6]     00:00:00:00:00:01    00:00:00:00:00:06 12    585  [1,5,13,3,7,6]     00:00:00:00:00:01    00:00:00:00:00:06 13    585  [1,5,15,2,7,6]     00:00:00:00:00:01    00:00:00:00:00:06 14    585  [1,5,11,22,7,6]     00:00:00:00:00:01    00:00:00:00:00:06 15    585  [1,5,11,22,18,6]  
# h00:00:00:00:00:01 -> h00:00:00:00:00:12
   00:00:00:00:00:01    00:00:00:00:00:12 0    293  [1,16,22,18]     00:00:00:00:00:01    00:00:00:00:00:12 1    439  [1,3,7,6,18]     00:00:00:00:00:01    00:00:00:00:00:12 2    439  [1,3,7,22,18]     00:00:00:00:00:01    00:00:00:00:00:12 3    439  [1,3,13,6,18]     00:00:00:00:00:01    00:00:00:00:00:12 4    439  [1,5,7,6,18]     00:00:00:00:00:01    00:00:00:00:00:12 5    439  [1,5,7,22,18]     00:00:00:00:00:01    00:00:00:00:00:12 6    439  [1,5,13,6,18]     00:00:00:00:00:01    00:00:00:00:00:12 7    439  [1,5,11,22,18]     00:00:00:00:00:01    00:00:00:00:00:12 8    439  [1,5,15,22,18]     00:00:00:00:00:01    00:00:00:00:00:12 9    439  [1,5,19,22,18]     00:00:00:00:00:01    00:00:00:00:00:12 10    585  [1,5,8,13,6,18]     00:00:00:00:00:01    00:00:00:00:00:12 11    585  [1,16,22,7,6,18]     00:00:00:00:00:01    00:00:00:00:00:12 12    731  [1,3,7,5,13,6,18]     00:00:00:00:00:01    00:00:00:00:00:12 13    731  [1,3,7,2,15,22,18]     00:00:00:00:00:01    00:00:00:00:00:12 14    731  [1,3,7,5,11,22,18]     00:00:00:00:00:01    00:00:00:00:00:12 15    731  [1,3,7,5,15,22,18]  
# h00:00:00:00:00:01 -> h00:00:00:00:00:16
   00:00:00:00:00:01    00:00:00:00:00:16 0    146  [1,16,22]     00:00:00:00:00:01    00:00:00:00:00:16 1    293  [1,3,7,22]     00:00:00:00:00:01    00:00:00:00:00:16 2    293  [1,5,7,22]     00:00:00:00:00:01    00:00:00:00:00:16 3    293  [1,5,11,22]     00:00:00:00:00:01    00:00:00:00:00:16 4    293  [1,5,15,22]     00:00:00:00:00:01    00:00:00:00:00:16 5    293  [1,5,19,22]     00:00:00:00:00:01    00:00:00:00:00:16 6    585  [1,3,7,5,11,22]     00:00:00:00:00:01    00:00:00:00:00:16 7    585  [1,3,7,2,15,22]     00:00:00:00:00:01    00:00:00:00:00:16 8    585  [1,3,7,5,15,22]     00:00:00:00:00:01    00:00:00:00:00:16 9    585  [1,3,7,5,19,22]     00:00:00:00:00:01    00:00:00:00:00:16 10    585  [1,3,7,6,18,22]     00:00:00:00:00:01    00:00:00:00:00:16 11    585  [1,3,13,5,7,22]     00:00:00:00:00:01    00:00:00:00:00:16 12    585  [1,3,13,5,11,22]     00:00:00:00:00:01    00:00:00:00:00:16 13    585  [1,3,13,5,15,22]     00:00:00:00:00:01    00:00:00:00:00:16 14    585  [1,3,13,5,19,22]     00:00:00:00:00:01    00:00:00:00:00:16 15    585  [1,3,13,6,7,22]  
# h00:00:00:00:00:01 -> h00:00:00:00:00:09
   00:00:00:00:00:01    00:00:00:00:00:09 0    146  [1,10,9]     00:00:00:00:00:01    00:00:00:00:00:09 1    146  [1,20,9]     00:00:00:00:00:01    00:00:00:00:00:09 2    585  [1,5,4,21,10,9]     00:00:00:00:00:01    00:00:00:00:00:09 3    877  [1,3,7,5,4,21,10,9]     00:00:00:00:00:01    00:00:00:00:00:09 4    877  [1,3,13,5,4,21,10,9]     00:00:00:00:00:01    00:00:00:00:00:09 5    877  [1,5,19,17,4,21,10,9]     00:00:00:00:00:01    00:00:00:00:00:09 6   1023  [1,3,13,8,5,4,21,10,9]     00:00:00:00:00:01    00:00:00:00:00:09 7   1023  [1,16,22,7,5,4,21,10,9]     00:00:00:00:00:01    00:00:00:00:00:09 8   1023  [1,16,22,11,5,4,21,10,9]     00:00:00:00:00:01    00:00:00:00:00:09 9   1023  [1,16,22,15,5,4,21,10,9]     00:00:00:00:00:01    00:00:00:00:00:09 10   1023  [1,16,22,19,5,4,21,10,9]     00:00:00:00:00:01    00:00:00:00:00:09 11   1023  [1,16,22,19,17,4,21,10,9]     00:00:00:00:00:01    00:00:00:00:00:09 12   1170  [1,3,7,5,19,17,4,21,10,9]     00:00:00:00:00:01    00:00:00:00:00:09 13   1170  [1,3,7,22,11,5,4,21,10,9]     00:00:00:00:00:01    00:00:00:00:00:09 14   1170  [1,3,7,6,13,5,4,21,10,9]     00:00:00:00:00:01    00:00:00:00:00:09 15   1170  [1,3,7,2,15,5,4,21,10,9]  
# h00:00:00:00:00:01 -> h00:00:00:00:00:0c
   00:00:00:00:00:01    00:00:00:00:00:0c 0    293  [1,3,13,12]     00:00:00:00:00:01    00:00:00:00:00:0c 1    293  [1,5,13,12]     00:00:00:00:00:01    00:00:00:00:00:0c 2    293  [1,5,15,12]     00:00:00:00:00:01    00:00:00:00:00:0c 3    439  [1,5,8,13,12]     00:00:00:00:00:01    00:00:00:00:00:0c 4    439  [1,16,22,15,12]     00:00:00:00:00:01    00:00:00:00:00:0c 5    585  [1,3,7,5,13,12]     00:00:00:00:00:01    00:00:00:00:00:0c 6    585  [1,3,7,5,15,12]     00:00:00:00:00:01    00:00:00:00:00:0c 7    585  [1,3,7,6,13,12]     00:00:00:00:00:01    00:00:00:00:00:0c 8    585  [1,3,7,2,15,12]     00:00:00:00:00:01    00:00:00:00:00:0c 9    585  [1,3,7,22,15,12]     00:00:00:00:00:01    00:00:00:00:00:0c 10    585  [1,3,13,5,15,12]     00:00:00:00:00:01    00:00:00:00:00:0c 11    585  [1,5,7,3,13,12]     00:00:00:00:00:01    00:00:00:00:00:0c 12    585  [1,5,7,6,13,12]     00:00:00:00:00:01    00:00:00:00:00:0c 13    585  [1,5,7,2,15,12]     00:00:00:00:00:01    00:00:00:00:00:0c 14    585  [1,5,7,22,15,12]     00:00:00:00:00:01    00:00:00:00:00:0c 15    585  [1,5,11,22,15,12]  
# h00:00:00:00:00:03 -> h00:00:00:00:00:01
   00:00:00:00:00:03    00:00:00:00:00:01 0      0  [3,1]     00:00:00:00:00:03    00:00:00:00:00:01 1    293  [3,7,5,1]     00:00:00:00:00:03    00:00:00:00:00:01 2    293  [3,13,5,1]     00:00:00:00:00:03    00:00:00:00:00:01 3    439  [3,7,22,16,1]     00:00:00:00:00:03    00:00:00:00:00:01 4    439  [3,13,8,5,1]     00:00:00:00:00:03    00:00:00:00:00:01 5    585  [3,7,6,13,5,1]     00:00:00:00:00:03    00:00:00:00:00:01 6    585  [3,7,2,15,5,1]     00:00:00:00:00:03    00:00:00:00:00:01 7    585  [3,7,22,11,5,1]     00:00:00:00:00:03    00:00:00:00:00:01 8    585  [3,7,22,15,5,1]     00:00:00:00:00:03    00:00:00:00:00:01 9    585  [3,7,22,19,5,1]     00:00:00:00:00:03    00:00:00:00:00:01 10    585  [3,13,6,7,5,1]     00:00:00:00:00:03    00:00:00:00:00:01 11    585  [3,13,12,15,5,1]     00:00:00:00:00:03    00:00:00:00:00:01 12    731  [3,7,2,15,22,16,1]     00:00:00:00:00:03    00:00:00:00:00:01 13    731  [3,7,5,4,21,10,1]     00:00:00:00:00:03    00:00:00:00:00:01 14    731  [3,7,5,11,22,16,1]     00:00:00:00:00:03    00:00:00:00:00:01 15    731  [3,7,5,15,22,16,1]  
# h00:00:00:00:00:03 -> h00:00:00:00:00:05
   00:00:00:00:00:03    00:00:00:00:00:05 0    146  [3,1,5]     00:00:00:00:00:03    00:00:00:00:00:05 1    146  [3,7,5]     00:00:00:00:00:03    00:00:00:00:00:05 2    146  [3,13,5]     00:00:00:00:00:03    00:00:00:00:00:05 3    293  [3,13,8,5]     00:00:00:00:00:03    00:00:00:00:00:05 4    439  [3,7,22,11,5]     00:00:00:00:00:03    00:00:00:00:00:05 5    439  [3,7,6,13,5]     00:00:00:00:00:03    00:00:00:00:00:05 6    439  [3,7,2,15,5]     00:00:00:00:00:03    00:00:00:00:00:05 7    439  [3,7,22,15,5]     00:00:00:00:00:03    00:00:00:00:00:05 8    439  [3,7,22,19,5]     00:00:00:00:00:03    00:00:00:00:00:05 9    439  [3,13,6,7,5]     00:00:00:00:00:03    00:00:00:00:00:05 10    439  [3,13,12,15,5]     00:00:00:00:00:03    00:00:00:00:00:05 11    585  [3,1,10,21,4,5]     00:00:00:00:00:03    00:00:00:00:00:05 12    585  [3,1,16,22,7,5]     00:00:00:00:00:03    00:00:00:00:00:05 13    585  [3,1,16,22,11,5]     00:00:00:00:00:03    00:00:00:00:00:05 14    585  [3,1,16,22,15,5]     00:00:00:00:00:03    00:00:00:00:00:05 15    585  [3,1,16,22,19,5]  
# h00:00:00:00:00:03 -> h00:00:00:00:00:0a
   00:00:00:00:00:03    00:00:00:00:00:0a 0    146  [3,1,10]     00:00:00:00:00:03    00:00:00:00:00:0a 1    439  [3,1,20,9,10]     00:00:00:00:00:03    00:00:00:00:00:0a 2    439  [3,7,5,1,10]     00:00:00:00:00:03    00:00:00:00:00:0a 3    439  [3,13,5,1,10]     00:00:00:00:00:03    00:00:00:00:00:0a 4    585  [3,1,5,4,21,10]     00:00:00:00:00:03    00:00:00:00:00:0a 5    585  [3,7,5,4,21,10]     00:00:00:00:00:03    00:00:00:00:00:0a 6    585  [3,7,22,16,1,10]     00:00:00:00:00:03    00:00:00:00:00:0a 7    585  [3,13,5,4,21,10]     00:00:00:00:00:03    00:00:00:00:00:0a 8    585  [3,13,8,5,1,10]     00:00:00:00:00:03    00:00:00:00:00:0a 9    731  [3,7,5,1,20,9,10]     00:00:00:00:00:03    00:00:00:00:00:0a 10    731  [3,7,6,13,5,1,10]     00:00:00:00:00:03    00:00:00:00:00:0a 11    731  [3,7,2,15,5,1,10]     00:00:00:00:00:03    00:00:00:00:00:0a 12    731  [3,7,22,11,5,1,10]     00:00:00:00:00:03    00:00:00:00:00:0a 13    731  [3,7,22,15,5,1,10]     00:00:00:00:00:03    00:00:00:00:00:0a 14    731  [3,7,22,19,5,1,10]     00:00:00:00:00:03    00:00:00:00:00:0a 15    731  [3,13,5,1,20,9,10]  
# h00:00:00:00:00:03 -> h00:00:00:00:00:10
   00:00:00:00:00:03    00:00:00:00:00:10 0    146  [3,1,16]     00:00:00:00:00:03    00:00:00:00:00:10 1    293  [3,7,22,16]     00:00:00:00:00:03    00:00:00:00:00:10 2    439  [3,7,5,1,16]     00:00:00:00:00:03    00:00:00:00:00:10 3    439  [3,13,5,1,16]     00:00:00:00:00:03    00:00:00:00:00:10 4    585  [3,1,5,7,22,16]     00:00:00:00:00:03    00:00:00:00:00:10 5    585  [3,1,5,11,22,16]     00:00:00:00:00:03    00:00:00:00:00:10 6    585  [3,1,5,15,22,16]     00:00:00:00:00:03    00:00:00:00:00:10 7    585  [3,1,5,19,22,16]     00:00:00:00:00:03    00:00:00:00:00:10 8    585  [3,7,2,15,22,16]     00:00:00:00:00:03    00:00:00:00:00:10 9    585  [3,7,5,11,22,16]     00:00:00:00:00:03    00:00:00:00:00:10 10    585  [3,7,5,15,22,16]     00:00:00:00:00:03    00:00:00:00:00:10 11    585  [3,7,5,19,22,16]     00:00:00:00:00:03    00:00:00:00:00:10 12    585  [3,7,6,18,22,16]     00:00:00:00:00:03    00:00:00:00:00:10 13    585  [3,13,5,7,22,16]     00:00:00:00:00:03    00:00:00:00:00:10 14    585  [3,13,5,11,22,16]     00:00:00:00:00:03    00:00:00:00:00:10 15    585  [3,13,5,15,22,16]  
# h00:00:00:00:00:03 -> h00:00:00:00:00:14
   00:00:00:00:00:03    00:00:00:00:00:14 0    146  [3,1,20]     00:00:00:00:00:03    00:00:00:00:00:14 1    439  [3,1,10,9,20]     00:00:00:00:00:03    00:00:00:00:00:14 2    439  [3,7,5,1,20]     00:00:00:00:00:03    00:00:00:00:00:14 3    439  [3,13,5,1,20]     00:00:00:00:00:03    00:00:00:00:00:14 4    585  [3,7,22,16,1,20]     00:00:00:00:00:03    00:00:00:00:00:14 5    585  [3,13,8,5,1,20]     00:00:00:00:00:03    00:00:00:00:00:14 6    731  [3,7,5,1,10,9,20]     00:00:00:00:00:03    00:00:00:00:00:14 7    731  [3,7,6,13,5,1,20]     00:00:00:00:00:03    00:00:00:00:00:14 8    731  [3,7,2,15,5,1,20]     00:00:00:00:00:03    00:00:00:00:00:14 9    731  [3,7,22,11,5,1,20]     00:00:00:00:00:03    00:00:00:00:00:14 10    731  [3,7,22,15,5,1,20]     00:00:00:00:00:03    00:00:00:00:00:14 11    731  [3,7,22,19,5,1,20]     00:00:00:00:00:03    00:00:00:00:00:14 12    731  [3,13,5,1,10,9,20]     00:00:00:00:00:03    00:00:00:00:00:14 13    731  [3,13,6,7,5,1,20]     00:00:00:00:00:03    00:00:00:00:00:14 14    731  [3,13,12,15,5,1,20]     00:00:00:00:00:03    00:00:00:00:00:14 15    877  [3,1,5,4,21,10,9,20]  
# h00:00:00:00:00:03 -> h00:00:00:00:00:02
   00:00:00:00:00:03    00:00:00:00:00:02 0    146  [3,7,2]     00:00:00:00:00:03    00:00:00:00:00:02 1    293  [3,7,14,2]     00:00:00:00:00:03    00:00:00:00:00:02 2    439  [3,1,5,7,2]     00:00:00:00:00:03    00:00:00:00:00:02 3    439  [3,1,5,15,2]     00:00:00:00:00:03    00:00:00:00:00:02 4    439  [3,7,5,15,2]     00:00:00:00:00:03    00:00:00:00:00:02 5    439  [3,7,22,15,2]     00:00:00:00:00:03    00:00:00:00:00:02 6    439  [3,13,5,7,2]     00:00:00:00:00:03    00:00:00:00:00:02 7    439  [3,13,5,15,2]     00:00:00:00:00:03    00:00:00:00:00:02 8    439  [3,13,6,7,2]     00:00:00:00:00:03    00:00:00:00:00:02 9    439  [3,13,12,15,2]     00:00:00:00:00:03    00:00:00:00:00:02 10    585  [3,1,5,7,14,2]     00:00:00:00:00:03    00:00:00:00:00:02 11    585  [3,1,16,22,7,2]     00:00:00:00:00:03    00:00:00:00:00:02 12    585  [3,1,16,22,15,2]     00:00:00:00:00:03    00:00:00:00:00:02 13    585  [3,13,5,7,14,2]     00:00:00:00:00:03    00:00:00:00:00:02 14    585  [3,13,6,7,14,2]     00:00:00:00:00:03    00:00:00:00:00:02 15    585  [3,13,8,5,7,2]  
# h00:00:00:00:00:03 -> h00:00:00:00:00:07
   00:00:00:00:00:03    00:00:00:00:00:07 0      0  [3,7]     00:00:00:00:00:03    00:00:00:00:00:07 1    293  [3,1,5,7]     00:00:00:00:00:03    00:00:00:00:00:07 2    293  [3,13,5,7]     00:00:00:00:00:03    00:00:00:00:00:07 3    293  [3,13,6,7]     00:00:00:00:00:03    00:00:00:00:00:07 4    439  [3,1,16,22,7]     00:00:00:00:00:03    00:00:00:00:00:07 5    439  [3,13,8,5,7]     00:00:00:00:00:03    00:00:00:00:00:07 6    585  [3,1,5,15,2,7]     00:00:00:00:00:03    00:00:00:00:00:07 7    585  [3,1,5,13,6,7]     00:00:00:00:00:03    00:00:00:00:00:07 8    585  [3,1,5,11,22,7]     00:00:00:00:00:03    00:00:00:00:00:07 9    585  [3,1,5,15,22,7]     00:00:00:00:00:03    00:00:00:00:00:07 10    585  [3,1,5,19,22,7]     00:00:00:00:00:03    00:00:00:00:00:07 11    585  [3,13,5,15,2,7]     00:00:00:00:00:03    00:00:00:00:00:07 12    585  [3,13,5,11,22,7]     00:00:00:00:00:03    00:00:00:00:00:07 13    585  [3,13,5,15,22,7]     00:00:00:00:00:03    00:00:00:00:00:07 14    585  [3,13,5,19,22,7]     00:00:00:00:00:03    00:00:00:00:00:07 15    585  [3,13,6,18,22,7]  
# h00:00:00:00:00:03 -> h00:00:00:00:00:0e
   00:00:00:00:00:03    00:00:00:00:00:0e 0    146  [3,7,14]     00:00:00:00:00:03    00:00:00:00:00:0e 1    293  [3,7,2,14]     00:00:00:00:00:03    00:00:00:00:00:0e 2    439  [3,1,5,7,14]     00:00:00:00:00:03    00:00:00:00:00:0e 3    439  [3,13,5,7,14]     00:00:00:00:00:03    00:00:00:00:00:0e 4    439  [3,13,6,7,14]     00:00:00:00:00:03    00:00:00:00:00:0e 5    585  [3,1,5,7,2,14]     00:00:00:00:00:03    00:00:00:00:00:0e 6    585  [3,1,5,15,2,14]     00:00:00:00:00:03    00:00:00:00:00:0e 7    585  [3,1,16,22,7,14]     00:00:00:00:00:03    00:00:00:00:00:0e 8    585  [3,7,5,15,2,14]     00:00:00:00:00:03    00:00:00:00:00:0e 9    585  [3,7,22,15,2,14]     00:00:00:00:00:03    00:00:00:00:00:0e 10    585  [3,13,5,7,2,14]     00:00:00:00:00:03    00:00:00:00:00:0e 11    585  [3,13,5,15,2,14]     00:00:00:00:00:03    00:00:00:00:00:0e 12    585  [3,13,6,7,2,14]     00:00:00:00:00:03    00:00:00:00:00:0e 13    585  [3,13,12,15,2,14]     00:00:00:00:00:03    00:00:00:00:00:0e 14    585  [3,13,8,5,7,14]     00:00:00:00:00:03    00:00:00:00:00:0e 15    731  [3,1,5,13,6,7,14]  
# h00:00:00:00:00:03 -> h00:00:00:00:00:0f
   00:00:00:00:00:03    00:00:00:00:00:0f 0    293  [3,7,2,15]     00:00:00:00:00:03    00:00:00:00:00:0f 1    293  [3,1,5,15]     00:00:00:00:00:03    00:00:00:00:00:0f 2    293  [3,7,5,15]     00:00:00:00:00:03    00:00:00:00:00:0f 3    293  [3,7,22,15]     00:00:00:00:00:03    00:00:00:00:00:0f 4    293  [3,13,5,15]     00:00:00:00:00:03    00:00:00:00:00:0f 5    293  [3,13,12,15]     00:00:00:00:00:03    00:00:00:00:00:0f 6    439  [3,1,16,22,15]     00:00:00:00:00:03    00:00:00:00:00:0f 7    439  [3,7,14,2,15]     00:00:00:00:00:03    00:00:00:00:00:0f 8    439  [3,13,8,5,15]     00:00:00:00:00:03    00:00:00:00:00:0f 9    585  [3,1,5,7,2,15]     00:00:00:00:00:03    00:00:00:00:00:0f 10    585  [3,1,5,7,22,15]     00:00:00:00:00:03    00:00:00:00:00:0f 11    585  [3,1,5,13,12,15]     00:00:00:00:00:03    00:00:00:00:00:0f 12    585  [3,1,5,11,22,15]     00:00:00:00:00:03    00:00:00:00:00:0f 13    585  [3,1,5,19,22,15]     00:00:00:00:00:03    00:00:00:00:00:0f 14    585  [3,7,5,13,12,15]     00:00:00:00:00:03    00:00:00:00:00:0f 15    585  [3,7,5,11,22,15]  
# h00:00:00:00:00:03 -> h00:00:00:00:00:0d
   00:00:00:00:00:03    00:00:00:00:00:0d 0      0  [3,13]     00:00:00:00:00:03    00:00:00:00:00:0d 1    293  [3,1,5,13]     00:00:00:00:00:03    00:00:00:00:00:0d 2    293  [3,7,5,13]     00:00:00:00:00:03    00:00:00:00:00:0d 3    293  [3,7,6,13]     00:00:00:00:00:03    00:00:00:00:00:0d 4    439  [3,1,5,8,13]     00:00:00:00:00:03    00:00:00:00:00:0d 5    439  [3,7,5,8,13]     00:00:00:00:00:03    00:00:00:00:00:0d 6    585  [3,1,5,7,6,13]     00:00:00:00:00:03    00:00:00:00:00:0d 7    585  [3,1,5,15,12,13]     00:00:00:00:00:03    00:00:00:00:00:0d 8    585  [3,7,5,15,12,13]     00:00:00:00:00:03    00:00:00:00:00:0d 9    585  [3,7,22,11,5,13]     00:00:00:00:00:03    00:00:00:00:00:0d 10    585  [3,7,2,15,5,13]     00:00:00:00:00:03    00:00:00:00:00:0d 11    585  [3,7,2,15,12,13]     00:00:00:00:00:03    00:00:00:00:00:0d 12    585  [3,7,22,15,5,13]     00:00:00:00:00:03    00:00:00:00:00:0d 13    585  [3,7,22,15,12,13]     00:00:00:00:00:03    00:00:00:00:00:0d 14    585  [3,7,22,19,5,13]     00:00:00:00:00:03    00:00:00:00:00:0d 15    585  [3,7,22,18,6,13]  
# h00:00:00:00:00:03 -> h00:00:00:00:00:04
   00:00:00:00:00:03    00:00:00:00:00:04 0    293  [3,1,5,4]     00:00:00:00:00:03    00:00:00:00:00:04 1    293  [3,7,5,4]     00:00:00:00:00:03    00:00:00:00:00:04 2    293  [3,13,5,4]     00:00:00:00:00:03    00:00:00:00:00:04 3    439  [3,1,10,21,4]     00:00:00:00:00:03    00:00:00:00:00:04 4    439  [3,13,8,5,4]     00:00:00:00:00:03    00:00:00:00:00:04 5    585  [3,1,5,19,17,4]     00:00:00:00:00:03    00:00:00:00:00:04 6    585  [3,7,5,19,17,4]     00:00:00:00:00:03    00:00:00:00:00:04 7    585  [3,7,22,11,5,4]     00:00:00:00:00:03    00:00:00:00:00:04 8    585  [3,7,6,13,5,4]     00:00:00:00:00:03    00:00:00:00:00:04 9    585  [3,7,2,15,5,4]     00:00:00:00:00:03    00:00:00:00:00:04 10    585  [3,7,22,15,5,4]     00:00:00:00:00:03    00:00:00:00:00:04 11    585  [3,7,22,19,5,4]     00:00:00:00:00:03    00:00:00:00:00:04 12    585  [3,7,22,19,17,4]     00:00:00:00:00:03    00:00:00:00:00:04 13    585  [3,13,5,19,17,4]     00:00:00:00:00:03    00:00:00:00:00:04 14    585  [3,13,6,7,5,4]     00:00:00:00:00:03    00:00:00:00:00:04 15    585  [3,13,12,15,5,4]  
# h00:00:00:00:00:03 -> h00:00:00:00:00:11
   00:00:00:00:00:03    00:00:00:00:00:11 0    439  [3,1,5,4,17]     00:00:00:00:00:03    00:00:00:00:00:11 1    439  [3,1,5,19,17]     00:00:00:00:00:03    00:00:00:00:00:11 2    439  [3,7,5,4,17]     00:00:00:00:00:03    00:00:00:00:00:11 3    439  [3,7,5,19,17]     00:00:00:00:00:03    00:00:00:00:00:11 4    439  [3,7,22,19,17]     00:00:00:00:00:03    00:00:00:00:00:11 5    439  [3,13,5,4,17]     00:00:00:00:00:03    00:00:00:00:00:11 6    439  [3,13,5,19,17]     00:00:00:00:00:03    00:00:00:00:00:11 7    585  [3,1,10,21,4,17]     00:00:00:00:00:03    00:00:00:00:00:11 8    585  [3,1,16,22,19,17]     00:00:00:00:00:03    00:00:00:00:00:11 9    585  [3,13,8,5,4,17]     00:00:00:00:00:03    00:00:00:00:00:11 10    585  [3,13,8,5,19,17]     00:00:00:00:00:03    00:00:00:00:00:11 11    731  [3,1,5,7,22,19,17]     00:00:00:00:00:03    00:00:00:00:00:11 12    731  [3,1,5,11,22,19,17]     00:00:00:00:00:03    00:00:00:00:00:11 13    731  [3,1,5,15,22,19,17]     00:00:00:00:00:03    00:00:00:00:00:11 14    731  [3,7,5,11,22,19,17]     00:00:00:00:00:03    00:00:00:00:00:11 15    731  [3,7,5,15,22,19,17]  
# h00:00:00:00:00:03 -> h00:00:00:00:00:15
   00:00:00:00:00:03    00:00:00:00:00:15 0    293  [3,1,10,21]     00:00:00:00:00:03    00:00:00:00:00:15 1    439  [3,1,5,4,21]     00:00:00:00:00:03    00:00:00:00:00:15 2    439  [3,7,5,4,21]     00:00:00:00:00:03    00:00:00:00:00:15 3    439  [3,13,5,4,21]     00:00:00:00:00:03    00:00:00:00:00:15 4    585  [3,1,20,9,10,21]     00:00:00:00:00:03    00:00:00:00:00:15 5    585  [3,7,5,1,10,21]     00:00:00:00:00:03    00:00:00:00:00:15 6    585  [3,13,5,1,10,21]     00:00:00:00:00:03    00:00:00:00:00:15 7    585  [3,13,8,5,4,21]     00:00:00:00:00:03    00:00:00:00:00:15 8    731  [3,1,5,19,17,4,21]     00:00:00:00:00:03    00:00:00:00:00:15 9    731  [3,7,5,19,17,4,21]     00:00:00:00:00:03    00:00:00:00:00:15 10    731  [3,7,22,11,5,4,21]     00:00:00:00:00:03    00:00:00:00:00:15 11    731  [3,7,6,13,5,4,21]     00:00:00:00:00:03    00:00:00:00:00:15 12    731  [3,7,2,15,5,4,21]     00:00:00:00:00:03    00:00:00:00:00:15 13    731  [3,7,22,15,5,4,21]     00:00:00:00:00:03    00:00:00:00:00:15 14    731  [3,7,22,19,5,4,21]     00:00:00:00:00:03    00:00:00:00:00:15 15    731  [3,7,22,16,1,10,21]  
# h00:00:00:00:00:03 -> h00:00:00:00:00:08
   00:00:00:00:00:03    00:00:00:00:00:08 0    146  [3,13,8]     00:00:00:00:00:03    00:00:00:00:00:08 1    293  [3,1,5,8]     00:00:00:00:00:03    00:00:00:00:00:08 2    293  [3,7,5,8]     00:00:00:00:00:03    00:00:00:00:00:08 3    293  [3,13,5,8]     00:00:00:00:00:03    00:00:00:00:00:08 4    439  [3,1,5,13,8]     00:00:00:00:00:03    00:00:00:00:00:08 5    439  [3,7,5,13,8]     00:00:00:00:00:03    00:00:00:00:00:08 6    439  [3,7,6,13,8]     00:00:00:00:00:03    00:00:00:00:00:08 7    585  [3,7,6,13,5,8]     00:00:00:00:00:03    00:00:00:00:00:08 8    585  [3,7,22,11,5,8]     00:00:00:00:00:03    00:00:00:00:00:08 9    585  [3,7,2,15,5,8]     00:00:00:00:00:03    00:00:00:00:00:08 10    585  [3,7,22,15,5,8]     00:00:00:00:00:03    00:00:00:00:00:08 11    585  [3,7,22,19,5,8]     00:00:00:00:00:03    00:00:00:00:00:08 12    585  [3,13,6,7,5,8]     00:00:00:00:00:03    00:00:00:00:00:08 13    585  [3,13,12,15,5,8]     00:00:00:00:00:03    00:00:00:00:00:08 14    731  [3,1,5,7,6,13,8]     00:00:00:00:00:03    00:00:00:00:00:08 15    731  [3,1,5,15,12,13,8]  
# h00:00:00:00:00:03 -> h00:00:00:00:00:0b
   00:00:00:00:00:03    00:00:00:00:00:0b 0    293  [3,1,5,11]     00:00:00:00:00:03    00:00:00:00:00:0b 1    293  [3,7,5,11]     00:00:00:00:00:03    00:00:00:00:00:0b 2    293  [3,7,22,11]     00:00:00:00:00:03    00:00:00:00:00:0b 3    293  [3,13,5,11]     00:00:00:00:00:03    00:00:00:00:00:0b 4    439  [3,1,16,22,11]     00:00:00:00:00:03    00:00:00:00:00:0b 5    439  [3,13,8,5,11]     00:00:00:00:00:03    00:00:00:00:00:0b 6    585  [3,1,5,7,22,11]     00:00:00:00:00:03    00:00:00:00:00:0b 7    585  [3,1,5,15,22,11]     00:00:00:00:00:03    00:00:00:00:00:0b 8    585  [3,1,5,19,22,11]     00:00:00:00:00:03    00:00:00:00:00:0b 9    585  [3,7,5,15,22,11]     00:00:00:00:00:03    00:00:00:00:00:0b 10    585  [3,7,5,19,22,11]     00:00:00:00:00:03    00:00:00:00:00:0b 11    585  [3,7,6,13,5,11]     00:00:00:00:00:03    00:00:00:00:00:0b 12    585  [3,7,2,15,5,11]     00:00:00:00:00:03    00:00:00:00:00:0b 13    585  [3,7,2,15,22,11]     00:00:00:00:00:03    00:00:00:00:00:0b 14    585  [3,7,6,18,22,11]     00:00:00:00:00:03    00:00:00:00:00:0b 15    585  [3,7,22,15,5,11]  
# h00:00:00:00:00:03 -> h00:00:00:00:00:13
   00:00:00:00:00:03    00:00:00:00:00:13 0    293  [3,1,5,19]     00:00:00:00:00:03    00:00:00:00:00:13 1    293  [3,7,5,19]     00:00:00:00:00:03    00:00:00:00:00:13 2    293  [3,7,22,19]     00:00:00:00:00:03    00:00:00:00:00:13 3    293  [3,13,5,19]     00:00:00:00:00:03    00:00:00:00:00:13 4    439  [3,1,16,22,19]     00:00:00:00:00:03    00:00:00:00:00:13 5    439  [3,13,8,5,19]     00:00:00:00:00:03    00:00:00:00:00:13 6    585  [3,1,5,4,17,19]     00:00:00:00:00:03    00:00:00:00:00:13 7    585  [3,1,5,7,22,19]     00:00:00:00:00:03    00:00:00:00:00:13 8    585  [3,1,5,11,22,19]     00:00:00:00:00:03    00:00:00:00:00:13 9    585  [3,1,5,15,22,19]     00:00:00:00:00:03    00:00:00:00:00:13 10    585  [3,7,5,4,17,19]     00:00:00:00:00:03    00:00:00:00:00:13 11    585  [3,7,5,11,22,19]     00:00:00:00:00:03    00:00:00:00:00:13 12    585  [3,7,5,15,22,19]     00:00:00:00:00:03    00:00:00:00:00:13 13    585  [3,7,6,13,5,19]     00:00:00:00:00:03    00:00:00:00:00:13 14    585  [3,7,2,15,5,19]     00:00:00:00:00:03    00:00:00:00:00:13 15    585  [3,7,2,15,22,19]  
# h00:00:00:00:00:03 -> h00:00:00:00:00:06
   00:00:00:00:00:03    00:00:00:00:00:06 0    146  [3,7,6]     00:00:00:00:00:03    00:00:00:00:00:06 1    146  [3,13,6]     00:00:00:00:00:03    00:00:00:00:00:06 2    439  [3,1,5,7,6]     00:00:00:00:00:03    00:00:00:00:00:06 3    439  [3,1,5,13,6]     00:00:00:00:00:03    00:00:00:00:00:06 4    439  [3,7,5,13,6]     00:00:00:00:00:03    00:00:00:00:00:06 5    439  [3,7,22,18,6]     00:00:00:00:00:03    00:00:00:00:00:06 6    439  [3,13,5,7,6]     00:00:00:00:00:03    00:00:00:00:00:06 7    585  [3,1,5,8,13,6]     00:00:00:00:00:03    00:00:00:00:00:06 8    585  [3,1,16,22,7,6]     00:00:00:00:00:03    00:00:00:00:00:06 9    585  [3,1,16,22,18,6]     00:00:00:00:00:03    00:00:00:00:00:06 10    585  [3,7,5,8,13,6]     00:00:00:00:00:03    00:00:00:00:00:06 11    585  [3,13,8,5,7,6]     00:00:00:00:00:03    00:00:00:00:00:06 12    731  [3,1,5,7,22,18,6]     00:00:00:00:00:03    00:00:00:00:00:06 13    731  [3,1,5,15,2,7,6]     00:00:00:00:00:03    00:00:00:00:00:06 14    731  [3,1,5,11,22,7,6]     00:00:00:00:00:03    00:00:00:00:00:06 15    731  [3,1,5,11,22,18,6]  
# h00:00:00:00:00:03 -> h00:00:00:00:00:12
   00:00:00:00:00:03    00:00:00:00:00:12 0    293  [3,7,6,18]     00:00:00:00:00:03    00:00:00:00:00:12 1    293  [3,7,22,18]     00:00:00:00:00:03    00:00:00:00:00:12 2    293  [3,13,6,18]     00:00:00:00:00:03    00:00:00:00:00:12 3    439  [3,1,16,22,18]     00:00:00:00:00:03    00:00:00:00:00:12 4    585  [3,1,5,7,6,18]     00:00:00:00:00:03    00:00:00:00:00:12 5    585  [3,1,5,7,22,18]     00:00:00:00:00:03    00:00:00:00:00:12 6    585  [3,1,5,13,6,18]     00:00:00:00:00:03    00:00:00:00:00:12 7    585  [3,1,5,11,22,18]     00:00:00:00:00:03    00:00:00:00:00:12 8    585  [3,1,5,15,22,18]     00:00:00:00:00:03    00:00:00:00:00:12 9    585  [3,1,5,19,22,18]     00:00:00:00:00:03    00:00:00:00:00:12 10    585  [3,7,5,13,6,18]     00:00:00:00:00:03    00:00:00:00:00:12 11    585  [3,7,2,15,22,18]     00:00:00:00:00:03    00:00:00:00:00:12 12    585  [3,7,5,11,22,18]     00:00:00:00:00:03    00:00:00:00:00:12 13    585  [3,7,5,15,22,18]     00:00:00:00:00:03    00:00:00:00:00:12 14    585  [3,7,5,19,22,18]     00:00:00:00:00:03    00:00:00:00:00:12 15    585  [3,13,5,7,6,18]  
# h00:00:00:00:00:03 -> h00:00:00:00:00:16
   00:00:00:00:00:03    00:00:00:00:00:16 0    146  [3,7,22]     00:00:00:00:00:03    00:00:00:00:00:16 1    293  [3,1,16,22]     00:00:00:00:00:03    00:00:00:00:00:16 2    439  [3,1,5,7,22]     00:00:00:00:00:03    00:00:00:00:00:16 3    439  [3,1,5,11,22]     00:00:00:00:00:03    00:00:00:00:00:16 4    439  [3,1,5,15,22]     00:00:00:00:00:03    00:00:00:00:00:16 5    439  [3,1,5,19,22]     00:00:00:00:00:03    00:00:00:00:00:16 6    439  [3,7,5,11,22]     00:00:00:00:00:03    00:00:00:00:00:16 7    439  [3,7,2,15,22]     00:00:00:00:00:03    00:00:00:00:00:16 8    439  [3,7,5,15,22]     00:00:00:00:00:03    00:00:00:00:00:16 9    439  [3,7,5,19,22]     00:00:00:00:00:03    00:00:00:00:00:16 10    439  [3,7,6,18,22]     00:00:00:00:00:03    00:00:00:00:00:16 11    439  [3,13,5,7,22]     00:00:00:00:00:03    00:00:00:00:00:16 12    439  [3,13,5,11,22]     00:00:00:00:00:03    00:00:00:00:00:16 13    439  [3,13,5,15,22]     00:00:00:00:00:03    00:00:00:00:00:16 14    439  [3,13,5,19,22]     00:00:00:00:00:03    00:00:00:00:00:16 15    439  [3,13,6,7,22]  
# h00:00:00:00:00:03 -> h00:00:00:00:00:09
   00:00:00:00:00:03    00:00:00:00:00:09 0    293  [3,1,10,9]     00:00:00:00:00:03    00:00:00:00:00:09 1    293  [3,1,20,9]     00:00:00:00:00:03    00:00:00:00:00:09 2    585  [3,7,5,1,10,9]     00:00:00:00:00:03    00:00:00:00:00:09 3    585  [3,7,5,1,20,9]     00:00:00:00:00:03    00:00:00:00:00:09 4    585  [3,13,5,1,10,9]     00:00:00:00:00:03    00:00:00:00:00:09 5    585  [3,13,5,1,20,9]     00:00:00:00:00:03    00:00:00:00:00:09 6    731  [3,1,5,4,21,10,9]     00:00:00:00:00:03    00:00:00:00:00:09 7    731  [3,7,5,4,21,10,9]     00:00:00:00:00:03    00:00:00:00:00:09 8    731  [3,7,22,16,1,10,9]     00:00:00:00:00:03    00:00:00:00:00:09 9    731  [3,7,22,16,1,20,9]     00:00:00:00:00:03    00:00:00:00:00:09 10    731  [3,13,5,4,21,10,9]     00:00:00:00:00:03    00:00:00:00:00:09 11    731  [3,13,8,5,1,10,9]     00:00:00:00:00:03    00:00:00:00:00:09 12    731  [3,13,8,5,1,20,9]     00:00:00:00:00:03    00:00:00:00:00:09 13    877  [3,7,6,13,5,1,10,9]     00:00:00:00:00:03    00:00:00:00:00:09 14    877  [3,7,2,15,5,1,10,9]     00:00:00:00:00:03    00:00:00:00:00:09 15    877  [3,7,2,15,5,1,20,9]  
# h00:00:00:00:00:03 -> h00:00:00:00:00:0c
   00:00:00:00:00:03    00:00:00:00:00:0c 0    146  [3,13,12]     00:00:00:00:00:03    00:00:00:00:00:0c 1    439  [3,1,5,13,12]     00:00:00:00:00:03    00:00:00:00:00:0c 2    439  [3,1,5,15,12]     00:00:00:00:00:03    00:00:00:00:00:0c 3    439  [3,7,5,13,12]     00:00:00:00:00:03    00:00:00:00:00:0c 4    439  [3,7,5,15,12]     00:00:00:00:00:03    00:00:00:00:00:0c 5    439  [3,7,6,13,12]     00:00:00:00:00:03    00:00:00:00:00:0c 6    439  [3,7,2,15,12]     00:00:00:00:00:03    00:00:00:00:00:0c 7    439  [3,7,22,15,12]     00:00:00:00:00:03    00:00:00:00:00:0c 8    439  [3,13,5,15,12]     00:00:00:00:00:03    00:00:00:00:00:0c 9    585  [3,1,5,8,13,12]     00:00:00:00:00:03    00:00:00:00:00:0c 10    585  [3,1,16,22,15,12]     00:00:00:00:00:03    00:00:00:00:00:0c 11    585  [3,7,5,8,13,12]     00:00:00:00:00:03    00:00:00:00:00:0c 12    585  [3,7,14,2,15,12]     00:00:00:00:00:03    00:00:00:00:00:0c 13    585  [3,13,8,5,15,12]     00:00:00:00:00:03    00:00:00:00:00:0c 14    731  [3,1,5,7,6,13,12]     00:00:00:00:00:03    00:00:00:00:00:0c 15    731  [3,1,5,7,2,15,12]  
# h00:00:00:00:00:05 -> h00:00:00:00:00:01
   00:00:00:00:00:05    00:00:00:00:00:01 0      0  [5,1]     00:00:00:00:00:05    00:00:00:00:00:01 1    293  [5,7,3,1]     00:00:00:00:00:05    00:00:00:00:00:01 2    293  [5,13,3,1]     00:00:00:00:00:05    00:00:00:00:00:01 3    439  [5,7,22,16,1]     00:00:00:00:00:05    00:00:00:00:00:01 4    439  [5,8,13,3,1]     00:00:00:00:00:05    00:00:00:00:00:01 5    439  [5,4,21,10,1]     00:00:00:00:00:05    00:00:00:00:00:01 6    439  [5,11,22,16,1]     00:00:00:00:00:05    00:00:00:00:00:01 7    439  [5,15,22,16,1]     00:00:00:00:00:05    00:00:00:00:00:01 8    439  [5,19,22,16,1]     00:00:00:00:00:05    00:00:00:00:00:01 9    585  [5,7,6,13,3,1]     00:00:00:00:00:05    00:00:00:00:00:01 10    585  [5,11,22,7,3,1]     00:00:00:00:00:05    00:00:00:00:00:01 11    585  [5,13,6,7,3,1]     00:00:00:00:00:05    00:00:00:00:00:01 12    585  [5,15,2,7,3,1]     00:00:00:00:00:05    00:00:00:00:00:01 13    585  [5,15,12,13,3,1]     00:00:00:00:00:05    00:00:00:00:00:01 14    585  [5,15,22,7,3,1]     00:00:00:00:00:05    00:00:00:00:00:01 15    585  [5,19,22,7,3,1]  
# h00:00:00:00:00:05 -> h00:00:00:00:00:03
   00:00:00:00:00:05    00:00:00:00:00:03 0    146  [5,1,3]     00:00:00:00:00:05    00:00:00:00:00:03 1    146  [5,7,3]     00:00:00:00:00:05    00:00:00:00:00:03 2    146  [5,13,3]     00:00:00:00:00:05    00:00:00:00:00:03 3    293  [5,8,13,3]     00:00:00:00:00:05    00:00:00:00:00:03 4    439  [5,7,6,13,3]     00:00:00:00:00:05    00:00:00:00:00:03 5    439  [5,13,6,7,3]     00:00:00:00:00:05    00:00:00:00:00:03 6    439  [5,15,2,7,3]     00:00:00:00:00:05    00:00:00:00:00:03 7    439  [5,11,22,7,3]     00:00:00:00:00:05    00:00:00:00:00:03 8    439  [5,15,22,7,3]     00:00:00:00:00:05    00:00:00:00:00:03 9    439  [5,15,12,13,3]     00:00:00:00:00:05    00:00:00:00:00:03 10    439  [5,19,22,7,3]     00:00:00:00:00:05    00:00:00:00:00:03 11    585  [5,1,16,22,7,3]     00:00:00:00:00:05    00:00:00:00:00:03 12    585  [5,4,21,10,1,3]     00:00:00:00:00:05    00:00:00:00:00:03 13    585  [5,7,22,16,1,3]     00:00:00:00:00:05    00:00:00:00:00:03 14    585  [5,8,13,6,7,3]     00:00:00:00:00:05    00:00:00:00:00:03 15    585  [5,11,22,16,1,3]  
# h00:00:00:00:00:05 -> h00:00:00:00:00:0a
   00:00:00:00:00:05    00:00:00:00:00:0a 0    146  [5,1,10]     00:00:00:00:00:05    00:00:00:00:00:0a 1    293  [5,4,21,10]     00:00:00:00:00:05    00:00:00:00:00:0a 2    439  [5,1,20,9,10]     00:00:00:00:00:05    00:00:00:00:00:0a 3    439  [5,7,3,1,10]     00:00:00:00:00:05    00:00:00:00:00:0a 4    439  [5,13,3,1,10]     00:00:00:00:00:05    00:00:00:00:00:0a 5    585  [5,7,22,16,1,10]     00:00:00:00:00:05    00:00:00:00:00:0a 6    585  [5,8,13,3,1,10]     00:00:00:00:00:05    00:00:00:00:00:0a 7    585  [5,11,22,16,1,10]     00:00:00:00:00:05    00:00:00:00:00:0a 8    585  [5,15,22,16,1,10]     00:00:00:00:00:05    00:00:00:00:00:0a 9    585  [5,19,22,16,1,10]     00:00:00:00:00:05    00:00:00:00:00:0a 10    585  [5,19,17,4,21,10]     00:00:00:00:00:05    00:00:00:00:00:0a 11    731  [5,7,3,1,20,9,10]     00:00:00:00:00:05    00:00:00:00:00:0a 12    731  [5,7,6,13,3,1,10]     00:00:00:00:00:05    00:00:00:00:00:0a 13    731  [5,11,22,7,3,1,10]     00:00:00:00:00:05    00:00:00:00:00:0a 14    731  [5,13,3,1,20,9,10]     00:00:00:00:00:05    00:00:00:00:00:0a 15    731  [5,13,6,7,3,1,10]  
# h00:00:00:00:00:05 -> h00:00:00:00:00:10
   00:00:00:00:00:05    00:00:00:00:00:10 0    146  [5,1,16]     00:00:00:00:00:05    00:00:00:00:00:10 1    293  [5,7,22,16]     00:00:00:00:00:05    00:00:00:00:00:10 2    293  [5,11,22,16]     00:00:00:00:00:05    00:00:00:00:00:10 3    293  [5,15,22,16]     00:00:00:00:00:05    00:00:00:00:00:10 4    293  [5,19,22,16]     00:00:00:00:00:05    00:00:00:00:00:10 5    439  [5,7,3,1,16]     00:00:00:00:00:05    00:00:00:00:00:10 6    439  [5,13,3,1,16]     00:00:00:00:00:05    00:00:00:00:00:10 7    585  [5,1,3,7,22,16]     00:00:00:00:00:05    00:00:00:00:00:10 8    585  [5,7,2,15,22,16]     00:00:00:00:00:05    00:00:00:00:00:10 9    585  [5,7,6,18,22,16]     00:00:00:00:00:05    00:00:00:00:00:10 10    585  [5,8,13,3,1,16]     00:00:00:00:00:05    00:00:00:00:00:10 11    585  [5,4,21,10,1,16]     00:00:00:00:00:05    00:00:00:00:00:10 12    585  [5,4,17,19,22,16]     00:00:00:00:00:05    00:00:00:00:00:10 13    585  [5,13,3,7,22,16]     00:00:00:00:00:05    00:00:00:00:00:10 14    585  [5,13,6,7,22,16]     00:00:00:00:00:05    00:00:00:00:00:10 15    585  [5,13,6,18,22,16]  
# h00:00:00:00:00:05 -> h00:00:00:00:00:14
   00:00:00:00:00:05    00:00:00:00:00:14 0    146  [5,1,20]     00:00:00:00:00:05    00:00:00:00:00:14 1    439  [5,1,10,9,20]     00:00:00:00:00:05    00:00:00:00:00:14 2    439  [5,7,3,1,20]     00:00:00:00:00:05    00:00:00:00:00:14 3    439  [5,13,3,1,20]     00:00:00:00:00:05    00:00:00:00:00:14 4    585  [5,7,22,16,1,20]     00:00:00:00:00:05    00:00:00:00:00:14 5    585  [5,8,13,3,1,20]     00:00:00:00:00:05    00:00:00:00:00:14 6    585  [5,4,21,10,1,20]     00:00:00:00:00:05    00:00:00:00:00:14 7    585  [5,4,21,10,9,20]     00:00:00:00:00:05    00:00:00:00:00:14 8    585  [5,11,22,16,1,20]     00:00:00:00:00:05    00:00:00:00:00:14 9    585  [5,15,22,16,1,20]     00:00:00:00:00:05    00:00:00:00:00:14 10    585  [5,19,22,16,1,20]     00:00:00:00:00:05    00:00:00:00:00:14 11    731  [5,7,3,1,10,9,20]     00:00:00:00:00:05    00:00:00:00:00:14 12    731  [5,7,6,13,3,1,20]     00:00:00:00:00:05    00:00:00:00:00:14 13    731  [5,11,22,7,3,1,20]     00:00:00:00:00:05    00:00:00:00:00:14 14    731  [5,13,3,1,10,9,20]     00:00:00:00:00:05    00:00:00:00:00:14 15    731  [5,13,6,7,3,1,20]  
# h00:00:00:00:00:05 -> h00:00:00:00:00:02
   00:00:00:00:00:05    00:00:00:00:00:02 0    146  [5,7,2]     00:00:00:00:00:05    00:00:00:00:00:02 1    146  [5,15,2]     00:00:00:00:00:05    00:00:00:00:00:02 2    293  [5,7,14,2]     00:00:00:00:00:05    00:00:00:00:00:02 3    439  [5,1,3,7,2]     00:00:00:00:00:05    00:00:00:00:00:02 4    439  [5,7,22,15,2]     00:00:00:00:00:05    00:00:00:00:00:02 5    439  [5,13,3,7,2]     00:00:00:00:00:05    00:00:00:00:00:02 6    439  [5,11,22,7,2]     00:00:00:00:00:05    00:00:00:00:00:02 7    439  [5,11,22,15,2]     00:00:00:00:00:05    00:00:00:00:00:02 8    439  [5,13,6,7,2]     00:00:00:00:00:05    00:00:00:00:00:02 9    439  [5,13,12,15,2]     00:00:00:00:00:05    00:00:00:00:00:02 10    439  [5,15,22,7,2]     00:00:00:00:00:05    00:00:00:00:00:02 11    439  [5,19,22,7,2]     00:00:00:00:00:05    00:00:00:00:00:02 12    439  [5,19,22,15,2]     00:00:00:00:00:05    00:00:00:00:00:02 13    585  [5,1,3,7,14,2]     00:00:00:00:00:05    00:00:00:00:00:02 14    585  [5,1,16,22,7,2]     00:00:00:00:00:05    00:00:00:00:00:02 15    585  [5,1,16,22,15,2]  
# h00:00:00:00:00:05 -> h00:00:00:00:00:07
   00:00:00:00:00:05    00:00:00:00:00:07 0      0  [5,7]     00:00:00:00:00:05    00:00:00:00:00:07 1    293  [5,15,2,7]     00:00:00:00:00:05    00:00:00:00:00:07 2    293  [5,1,3,7]     00:00:00:00:00:05    00:00:00:00:00:07 3    293  [5,13,3,7]     00:00:00:00:00:05    00:00:00:00:00:07 4    293  [5,11,22,7]     00:00:00:00:00:05    00:00:00:00:00:07 5    293  [5,13,6,7]     00:00:00:00:00:05    00:00:00:00:00:07 6    293  [5,15,22,7]     00:00:00:00:00:05    00:00:00:00:00:07 7    293  [5,19,22,7]     00:00:00:00:00:05    00:00:00:00:00:07 8    439  [5,1,16,22,7]     00:00:00:00:00:05    00:00:00:00:00:07 9    439  [5,8,13,3,7]     00:00:00:00:00:05    00:00:00:00:00:07 10    439  [5,8,13,6,7]     00:00:00:00:00:05    00:00:00:00:00:07 11    439  [5,15,2,14,7]     00:00:00:00:00:05    00:00:00:00:00:07 12    585  [5,1,3,13,6,7]     00:00:00:00:00:05    00:00:00:00:00:07 13    585  [5,4,17,19,22,7]     00:00:00:00:00:05    00:00:00:00:00:07 14    585  [5,11,22,15,2,7]     00:00:00:00:00:05    00:00:00:00:00:07 15    585  [5,11,22,18,6,7]  
# h00:00:00:00:00:05 -> h00:00:00:00:00:0e
   00:00:00:00:00:05    00:00:00:00:00:0e 0    146  [5,7,14]     00:00:00:00:00:05    00:00:00:00:00:0e 1    293  [5,7,2,14]     00:00:00:00:00:05    00:00:00:00:00:0e 2    293  [5,15,2,14]     00:00:00:00:00:05    00:00:00:00:00:0e 3    439  [5,1,3,7,14]     00:00:00:00:00:05    00:00:00:00:00:0e 4    439  [5,13,3,7,14]     00:00:00:00:00:05    00:00:00:00:00:0e 5    439  [5,11,22,7,14]     00:00:00:00:00:05    00:00:00:00:00:0e 6    439  [5,13,6,7,14]     00:00:00:00:00:05    00:00:00:00:00:0e 7    439  [5,15,2,7,14]     00:00:00:00:00:05    00:00:00:00:00:0e 8    439  [5,15,22,7,14]     00:00:00:00:00:05    00:00:00:00:00:0e 9    439  [5,19,22,7,14]     00:00:00:00:00:05    00:00:00:00:00:0e 10    585  [5,1,3,7,2,14]     00:00:00:00:00:05    00:00:00:00:00:0e 11    585  [5,1,16,22,7,14]     00:00:00:00:00:05    00:00:00:00:00:0e 12    585  [5,7,22,15,2,14]     00:00:00:00:00:05    00:00:00:00:00:0e 13    585  [5,8,13,3,7,14]     00:00:00:00:00:05    00:00:00:00:00:0e 14    585  [5,8,13,6,7,14]     00:00:00:00:00:05    00:00:00:00:00:0e 15    585  [5,11,22,7,2,14]  
# h00:00:00:00:00:05 -> h00:00:00:00:00:0f
   00:00:00:00:00:05    00:00:00:00:00:0f 0      0  [5,15]     00:00:00:00:00:05    00:00:00:00:00:0f 1    293  [5,7,2,15]     00:00:00:00:00:05    00:00:00:00:00:0f 2    293  [5,7,22,15]     00:00:00:00:00:05    00:00:00:00:00:0f 3    293  [5,13,12,15]     00:00:00:00:00:05    00:00:00:00:00:0f 4    293  [5,11,22,15]     00:00:00:00:00:05    00:00:00:00:00:0f 5    293  [5,19,22,15]     00:00:00:00:00:05    00:00:00:00:00:0f 6    439  [5,7,14,2,15]     00:00:00:00:00:05    00:00:00:00:00:0f 7    439  [5,8,13,12,15]     00:00:00:00:00:05    00:00:00:00:00:0f 8    439  [5,1,16,22,15]     00:00:00:00:00:05    00:00:00:00:00:0f 9    585  [5,1,3,7,2,15]     00:00:00:00:00:05    00:00:00:00:00:0f 10    585  [5,1,3,7,22,15]     00:00:00:00:00:05    00:00:00:00:00:0f 11    585  [5,1,3,13,12,15]     00:00:00:00:00:05    00:00:00:00:00:0f 12    585  [5,4,17,19,22,15]     00:00:00:00:00:05    00:00:00:00:00:0f 13    585  [5,7,3,13,12,15]     00:00:00:00:00:05    00:00:00:00:00:0f 14    585  [5,7,6,13,12,15]     00:00:00:00:00:05    00:00:00:00:00:0f 15    585  [5,7,6,18,22,15]  
# h00:00:00:00:00:05 -> h00:00:00:00:00:0d
   00:00:00:00:00:05    00:00:00:00:00:0d 0      0  [5,13]     00:00:00:00:00:05    00:00:00:00:00:0d 1    146  [5,8,13]     00:00:00:00:00:05    00:00:00:00:00:0d 2    293  [5,1,3,13]     00:00:00:00:00:05    00:00:00:00:00:0d 3    293  [5,7,3,13]     00:00:00:00:00:05    00:00:00:00:00:0d 4    293  [5,7,6,13]     00:00:00:00:00:05    00:00:00:00:00:0d 5    293  [5,15,12,13]     00:00:00:00:00:05    00:00:00:00:00:0d 6    585  [5,1,3,7,6,13]     00:00:00:00:00:05    00:00:00:00:00:0d 7    585  [5,7,22,18,6,13]     00:00:00:00:00:05    00:00:00:00:00:0d 8    585  [5,7,2,15,12,13]     00:00:00:00:00:05    00:00:00:00:00:0d 9    585  [5,7,22,15,12,13]     00:00:00:00:00:05    00:00:00:00:00:0d 10    585  [5,11,22,7,3,13]     00:00:00:00:00:05    00:00:00:00:00:0d 11    585  [5,11,22,7,6,13]     00:00:00:00:00:05    00:00:00:00:00:0d 12    585  [5,11,22,18,6,13]     00:00:00:00:00:05    00:00:00:00:00:0d 13    585  [5,11,22,15,12,13]     00:00:00:00:00:05    00:00:00:00:00:0d 14    585  [5,15,2,7,3,13]     00:00:00:00:00:05    00:00:00:00:00:0d 15    585  [5,15,2,7,6,13]  
# h00:00:00:00:00:05 -> h00:00:00:00:00:04
   00:00:00:00:00:05    00:00:00:00:00:04 0      0  [5,4]     00:00:00:00:00:05    00:00:00:00:00:04 1    293  [5,19,17,4]     00:00:00:00:00:05    00:00:00:00:00:04 2    439  [5,1,10,21,4]     00:00:00:00:00:05    00:00:00:00:00:04 3    585  [5,7,22,19,17,4]     00:00:00:00:00:05    00:00:00:00:00:04 4    585  [5,11,22,19,17,4]     00:00:00:00:00:05    00:00:00:00:00:04 5    585  [5,15,22,19,17,4]     00:00:00:00:00:05    00:00:00:00:00:04 6    731  [5,1,16,22,19,17,4]     00:00:00:00:00:05    00:00:00:00:00:04 7    731  [5,1,20,9,10,21,4]     00:00:00:00:00:05    00:00:00:00:00:04 8    731  [5,7,3,1,10,21,4]     00:00:00:00:00:05    00:00:00:00:00:04 9    731  [5,13,3,1,10,21,4]     00:00:00:00:00:05    00:00:00:00:00:04 10    877  [5,1,3,7,22,19,17,4]     00:00:00:00:00:05    00:00:00:00:00:04 11    877  [5,7,2,15,22,19,17,4]     00:00:00:00:00:05    00:00:00:00:00:04 12    877  [5,7,6,18,22,19,17,4]     00:00:00:00:00:05    00:00:00:00:00:04 13    877  [5,7,22,16,1,10,21,4]     00:00:00:00:00:05    00:00:00:00:00:04 14    877  [5,8,13,3,1,10,21,4]     00:00:00:00:00:05    00:00:00:00:00:04 15    877  [5,11,22,16,1,10,21,4]  
# h00:00:00:00:00:05 -> h00:00:00:00:00:11
   00:00:00:00:00:05    00:00:00:00:00:11 0    146  [5,4,17]     00:00:00:00:00:05    00:00:00:00:00:11 1    146  [5,19,17]     00:00:00:00:00:05    00:00:00:00:00:11 2    439  [5,7,22,19,17]     00:00:00:00:00:05    00:00:00:00:00:11 3    439  [5,11,22,19,17]     00:00:00:00:00:05    00:00:00:00:00:11 4    439  [5,15,22,19,17]     00:00:00:00:00:05    00:00:00:00:00:11 5    585  [5,1,10,21,4,17]     00:00:00:00:00:05    00:00:00:00:00:11 6    585  [5,1,16,22,19,17]     00:00:00:00:00:05    00:00:00:00:00:11 7    731  [5,1,3,7,22,19,17]     00:00:00:00:00:05    00:00:00:00:00:11 8    731  [5,7,2,15,22,19,17]     00:00:00:00:00:05    00:00:00:00:00:11 9    731  [5,7,6,18,22,19,17]     00:00:00:00:00:05    00:00:00:00:00:11 10    731  [5,13,3,7,22,19,17]     00:00:00:00:00:05    00:00:00:00:00:11 11    731  [5,13,6,7,22,19,17]     00:00:00:00:00:05    00:00:00:00:00:11 12    731  [5,13,6,18,22,19,17]     00:00:00:00:00:05    00:00:00:00:00:11 13    731  [5,13,12,15,22,19,17]     00:00:00:00:00:05    00:00:00:00:00:11 14    731  [5,15,2,7,22,19,17]     00:00:00:00:00:05    00:00:00:00:00:11 15    877  [5,1,20,9,10,21,4,17]  
# h00:00:00:00:00:05 -> h00:00:00:00:00:15
   00:00:00:00:00:05    00:00:00:00:00:15 0    146  [5,4,21]     00:00:00:00:00:05    00:00:00:00:00:15 1    293  [5,1,10,21]     00:00:00:00:00:05    00:00:00:00:00:15 2    439  [5,19,17,4,21]     00:00:00:00:00:05    00:00:00:00:00:15 3    585  [5,1,20,9,10,21]     00:00:00:00:00:05    00:00:00:00:00:15 4    585  [5,7,3,1,10,21]     00:00:00:00:00:05    00:00:00:00:00:15 5    585  [5,13,3,1,10,21]     00:00:00:00:00:05    00:00:00:00:00:15 6    731  [5,7,22,19,17,4,21]     00:00:00:00:00:05    00:00:00:00:00:15 7    731  [5,7,22,16,1,10,21]     00:00:00:00:00:05    00:00:00:00:00:15 8    731  [5,11,22,19,17,4,21]     00:00:00:00:00:05    00:00:00:00:00:15 9    731  [5,11,22,16,1,10,21]     00:00:00:00:00:05    00:00:00:00:00:15 10    731  [5,15,22,19,17,4,21]     00:00:00:00:00:05    00:00:00:00:00:15 11    731  [5,8,13,3,1,10,21]     00:00:00:00:00:05    00:00:00:00:00:15 12    731  [5,15,22,16,1,10,21]     00:00:00:00:00:05    00:00:00:00:00:15 13    731  [5,19,22,16,1,10,21]     00:00:00:00:00:05    00:00:00:00:00:15 14    877  [5,1,16,22,19,17,4,21]     00:00:00:00:00:05    00:00:00:00:00:15 15    877  [5,7,3,1,20,9,10,21]  
# h00:00:00:00:00:05 -> h00:00:00:00:00:08
   00:00:00:00:00:05    00:00:00:00:00:08 0      0  [5,8]     00:00:00:00:00:05    00:00:00:00:00:08 1    146  [5,13,8]     00:00:00:00:00:05    00:00:00:00:00:08 2    439  [5,1,3,13,8]     00:00:00:00:00:05    00:00:00:00:00:08 3    439  [5,7,3,13,8]     00:00:00:00:00:05    00:00:00:00:00:08 4    439  [5,7,6,13,8]     00:00:00:00:00:05    00:00:00:00:00:08 5    439  [5,15,12,13,8]     00:00:00:00:00:05    00:00:00:00:00:08 6    731  [5,1,3,7,6,13,8]     00:00:00:00:00:05    00:00:00:00:00:08 7    731  [5,7,22,18,6,13,8]     00:00:00:00:00:05    00:00:00:00:00:08 8    731  [5,7,2,15,12,13,8]     00:00:00:00:00:05    00:00:00:00:00:08 9    731  [5,7,22,15,12,13,8]     00:00:00:00:00:05    00:00:00:00:00:08 10    731  [5,11,22,7,3,13,8]     00:00:00:00:00:05    00:00:00:00:00:08 11    731  [5,11,22,7,6,13,8]     00:00:00:00:00:05    00:00:00:00:00:08 12    731  [5,11,22,18,6,13,8]     00:00:00:00:00:05    00:00:00:00:00:08 13    731  [5,11,22,15,12,13,8]     00:00:00:00:00:05    00:00:00:00:00:08 14    731  [5,15,2,7,3,13,8]     00:00:00:00:00:05    00:00:00:00:00:08 15    731  [5,15,2,7,6,13,8]  
# h00:00:00:00:00:05 -> h00:00:00:00:00:0b
   00:00:00:00:00:05    00:00:00:00:00:0b 0      0  [5,11]     00:00:00:00:00:05    00:00:00:00:00:0b 1    293  [5,7,22,11]     00:00:00:00:00:05    00:00:00:00:00:0b 2    293  [5,15,22,11]     00:00:00:00:00:05    00:00:00:00:00:0b 3    293  [5,19,22,11]     00:00:00:00:00:05    00:00:00:00:00:0b 4    439  [5,1,16,22,11]     00:00:00:00:00:05    00:00:00:00:00:0b 5    585  [5,1,3,7,22,11]     00:00:00:00:00:05    00:00:00:00:00:0b 6    585  [5,7,2,15,22,11]     00:00:00:00:00:05    00:00:00:00:00:0b 7    585  [5,7,6,18,22,11]     00:00:00:00:00:05    00:00:00:00:00:0b 8    585  [5,13,3,7,22,11]     00:00:00:00:00:05    00:00:00:00:00:0b 9    585  [5,4,17,19,22,11]     00:00:00:00:00:05    00:00:00:00:00:0b 10    585  [5,13,6,7,22,11]     00:00:00:00:00:05    00:00:00:00:00:0b 11    585  [5,13,6,18,22,11]     00:00:00:00:00:05    00:00:00:00:00:0b 12    585  [5,13,12,15,22,11]     00:00:00:00:00:05    00:00:00:00:00:0b 13    585  [5,15,2,7,22,11]     00:00:00:00:00:05    00:00:00:00:00:0b 14    731  [5,7,14,2,15,22,11]     00:00:00:00:00:05    00:00:00:00:00:0b 15    731  [5,7,3,1,16,22,11]  
# h00:00:00:00:00:05 -> h00:00:00:00:00:13
   00:00:00:00:00:05    00:00:00:00:00:13 0      0  [5,19]     00:00:00:00:00:05    00:00:00:00:00:13 1    293  [5,4,17,19]     00:00:00:00:00:05    00:00:00:00:00:13 2    293  [5,7,22,19]     00:00:00:00:00:05    00:00:00:00:00:13 3    293  [5,11,22,19]     00:00:00:00:00:05    00:00:00:00:00:13 4    293  [5,15,22,19]     00:00:00:00:00:05    00:00:00:00:00:13 5    439  [5,1,16,22,19]     00:00:00:00:00:05    00:00:00:00:00:13 6    585  [5,1,3,7,22,19]     00:00:00:00:00:05    00:00:00:00:00:13 7    585  [5,7,2,15,22,19]     00:00:00:00:00:05    00:00:00:00:00:13 8    585  [5,7,6,18,22,19]     00:00:00:00:00:05    00:00:00:00:00:13 9    585  [5,13,3,7,22,19]     00:00:00:00:00:05    00:00:00:00:00:13 10    585  [5,13,6,7,22,19]     00:00:00:00:00:05    00:00:00:00:00:13 11    585  [5,13,6,18,22,19]     00:00:00:00:00:05    00:00:00:00:00:13 12    585  [5,13,12,15,22,19]     00:00:00:00:00:05    00:00:00:00:00:13 13    585  [5,15,2,7,22,19]     00:00:00:00:00:05    00:00:00:00:00:13 14    731  [5,1,10,21,4,17,19]     00:00:00:00:00:05    00:00:00:00:00:13 15    731  [5,7,14,2,15,22,19]  
# h00:00:00:00:00:05 -> h00:00:00:00:00:06
   00:00:00:00:00:05    00:00:00:00:00:06 0    146  [5,7,6]     00:00:00:00:00:05    00:00:00:00:00:06 1    146  [5,13,6]     00:00:00:00:00:05    00:00:00:00:00:06 2    293  [5,8,13,6]     00:00:00:00:00:05    00:00:00:00:00:06 3    439  [5,7,3,13,6]     00:00:00:00:00:05    00:00:00:00:00:06 4    439  [5,7,22,18,6]     00:00:00:00:00:05    00:00:00:00:00:06 5    439  [5,13,3,7,6]     00:00:00:00:00:05    00:00:00:00:00:06 6    439  [5,15,2,7,6]     00:00:00:00:00:05    00:00:00:00:00:06 7    439  [5,1,3,7,6]     00:00:00:00:00:05    00:00:00:00:00:06 8    439  [5,1,3,13,6]     00:00:00:00:00:05    00:00:00:00:00:06 9    439  [5,11,22,7,6]     00:00:00:00:00:05    00:00:00:00:00:06 10    439  [5,11,22,18,6]     00:00:00:00:00:05    00:00:00:00:00:06 11    439  [5,15,22,7,6]     00:00:00:00:00:05    00:00:00:00:00:06 12    439  [5,15,12,13,6]     00:00:00:00:00:05    00:00:00:00:00:06 13    439  [5,15,22,18,6]     00:00:00:00:00:05    00:00:00:00:00:06 14    439  [5,19,22,7,6]     00:00:00:00:00:05    00:00:00:00:00:06 15    439  [5,19,22,18,6]  
# h00:00:00:00:00:05 -> h00:00:00:00:00:12
   00:00:00:00:00:05    00:00:00:00:00:12 0    293  [5,7,6,18]     00:00:00:00:00:05    00:00:00:00:00:12 1    293  [5,7,22,18]     00:00:00:00:00:05    00:00:00:00:00:12 2    293  [5,13,6,18]     00:00:00:00:00:05    00:00:00:00:00:12 3    293  [5,11,22,18]     00:00:00:00:00:05    00:00:00:00:00:12 4    293  [5,15,22,18]     00:00:00:00:00:05    00:00:00:00:00:12 5    293  [5,19,22,18]     00:00:00:00:00:05    00:00:00:00:00:12 6    439  [5,8,13,6,18]     00:00:00:00:00:05    00:00:00:00:00:12 7    439  [5,1,16,22,18]     00:00:00:00:00:05    00:00:00:00:00:12 8    585  [5,1,3,7,6,18]     00:00:00:00:00:05    00:00:00:00:00:12 9    585  [5,1,3,7,22,18]     00:00:00:00:00:05    00:00:00:00:00:12 10    585  [5,1,3,13,6,18]     00:00:00:00:00:05    00:00:00:00:00:12 11    585  [5,4,17,19,22,18]     00:00:00:00:00:05    00:00:00:00:00:12 12    585  [5,7,3,13,6,18]     00:00:00:00:00:05    00:00:00:00:00:12 13    585  [5,7,2,15,22,18]     00:00:00:00:00:05    00:00:00:00:00:12 14    585  [5,11,22,7,6,18]     00:00:00:00:00:05    00:00:00:00:00:12 15    585  [5,13,3,7,6,18]  
# h00:00:00:00:00:05 -> h00:00:00:00:00:16
   00:00:00:00:00:05    00:00:00:00:00:16 0    146  [5,7,22]     00:00:00:00:00:05    00:00:00:00:00:16 1    146  [5,11,22]     00:00:00:00:00:05    00:00:00:00:00:16 2    146  [5,15,22]     00:00:00:00:00:05    00:00:00:00:00:16 3    146  [5,19,22]     00:00:00:00:00:05    00:00:00:00:00:16 4    293  [5,1,16,22]     00:00:00:00:00:05    00:00:00:00:00:16 5    439  [5,1,3,7,22]     00:00:00:00:00:05    00:00:00:00:00:16 6    439  [5,7,2,15,22]     00:00:00:00:00:05    00:00:00:00:00:16 7    439  [5,7,6,18,22]     00:00:00:00:00:05    00:00:00:00:00:16 8    439  [5,13,3,7,22]     00:00:00:00:00:05    00:00:00:00:00:16 9    439  [5,4,17,19,22]     00:00:00:00:00:05    00:00:00:00:00:16 10    439  [5,13,6,7,22]     00:00:00:00:00:05    00:00:00:00:00:16 11    439  [5,13,6,18,22]     00:00:00:00:00:05    00:00:00:00:00:16 12    439  [5,13,12,15,22]     00:00:00:00:00:05    00:00:00:00:00:16 13    439  [5,15,2,7,22]     00:00:00:00:00:05    00:00:00:00:00:16 14    585  [5,7,14,2,15,22]     00:00:00:00:00:05    00:00:00:00:00:16 15    585  [5,7,3,1,16,22]  
# h00:00:00:00:00:05 -> h00:00:00:00:00:09
   00:00:00:00:00:05    00:00:00:00:00:09 0    293  [5,1,10,9]     00:00:00:00:00:05    00:00:00:00:00:09 1    293  [5,1,20,9]     00:00:00:00:00:05    00:00:00:00:00:09 2    439  [5,4,21,10,9]     00:00:00:00:00:05    00:00:00:00:00:09 3    585  [5,7,3,1,10,9]     00:00:00:00:00:05    00:00:00:00:00:09 4    585  [5,7,3,1,20,9]     00:00:00:00:00:05    00:00:00:00:00:09 5    585  [5,13,3,1,10,9]     00:00:00:00:00:05    00:00:00:00:00:09 6    585  [5,13,3,1,20,9]     00:00:00:00:00:05    00:00:00:00:00:09 7    731  [5,4,21,10,1,20,9]     00:00:00:00:00:05    00:00:00:00:00:09 8    731  [5,7,22,16,1,10,9]     00:00:00:00:00:05    00:00:00:00:00:09 9    731  [5,7,22,16,1,20,9]     00:00:00:00:00:05    00:00:00:00:00:09 10    731  [5,8,13,3,1,10,9]     00:00:00:00:00:05    00:00:00:00:00:09 11    731  [5,8,13,3,1,20,9]     00:00:00:00:00:05    00:00:00:00:00:09 12    731  [5,11,22,16,1,10,9]     00:00:00:00:00:05    00:00:00:00:00:09 13    731  [5,11,22,16,1,20,9]     00:00:00:00:00:05    00:00:00:00:00:09 14    731  [5,15,22,16,1,10,9]     00:00:00:00:00:05    00:00:00:00:00:09 15    731  [5,15,22,16,1,20,9]  
# h00:00:00:00:00:05 -> h00:00:00:00:00:0c
   00:00:00:00:00:05    00:00:00:00:00:0c 0    146  [5,13,12]     00:00:00:00:00:05    00:00:00:00:00:0c 1    146  [5,15,12]     00:00:00:00:00:05    00:00:00:00:00:0c 2    293  [5,8,13,12]     00:00:00:00:00:05    00:00:00:00:00:0c 3    439  [5,1,3,13,12]     00:00:00:00:00:05    00:00:00:00:00:0c 4    439  [5,7,3,13,12]     00:00:00:00:00:05    00:00:00:00:00:0c 5    439  [5,7,6,13,12]     00:00:00:00:00:05    00:00:00:00:00:0c 6    439  [5,7,2,15,12]     00:00:00:00:00:05    00:00:00:00:00:0c 7    439  [5,7,22,15,12]     00:00:00:00:00:05    00:00:00:00:00:0c 8    439  [5,11,22,15,12]     00:00:00:00:00:05    00:00:00:00:00:0c 9    439  [5,19,22,15,12]     00:00:00:00:00:05    00:00:00:00:00:0c 10    585  [5,1,16,22,15,12]     00:00:00:00:00:05    00:00:00:00:00:0c 11    585  [5,7,14,2,15,12]     00:00:00:00:00:05    00:00:00:00:00:0c 12    731  [5,1,3,7,6,13,12]     00:00:00:00:00:05    00:00:00:00:00:0c 13    731  [5,1,3,7,2,15,12]     00:00:00:00:00:05    00:00:00:00:00:0c 14    731  [5,1,3,7,22,15,12]     00:00:00:00:00:05    00:00:00:00:00:0c 15    731  [5,4,17,19,22,15,12]  
# h00:00:00:00:00:0a -> h00:00:00:00:00:01
   00:00:00:00:00:0a    00:00:00:00:00:01 0      0  [10,1]     00:00:00:00:00:0a    00:00:00:00:00:01 1    293  [10,9,20,1]     00:00:00:00:00:0a    00:00:00:00:00:01 2    439  [10,21,4,5,1]     00:00:00:00:00:0a    00:00:00:00:00:01 3    731  [10,21,4,5,7,3,1]     00:00:00:00:00:0a    00:00:00:00:00:01 4    731  [10,21,4,5,13,3,1]     00:00:00:00:00:0a    00:00:00:00:00:01 5    731  [10,21,4,17,19,5,1]     00:00:00:00:00:0a    00:00:00:00:00:01 6    877  [10,21,4,5,7,22,16,1]     00:00:00:00:00:0a    00:00:00:00:00:01 7    877  [10,21,4,5,8,13,3,1]     00:00:00:00:00:0a    00:00:00:00:00:01 8    877  [10,21,4,5,11,22,16,1]     00:00:00:00:00:0a    00:00:00:00:00:01 9    877  [10,21,4,5,15,22,16,1]     00:00:00:00:00:0a    00:00:00:00:00:01 10    877  [10,21,4,5,19,22,16,1]     00:00:00:00:00:0a    00:00:00:00:00:01 11    877  [10,21,4,17,19,22,16,1]     00:00:00:00:00:0a    00:00:00:00:00:01 12   1023  [10,21,4,5,7,6,13,3,1]     00:00:00:00:00:0a    00:00:00:00:00:01 13   1023  [10,21,4,5,11,22,7,3,1]     00:00:00:00:00:0a    00:00:00:00:00:01 14   1023  [10,21,4,5,13,6,7,3,1]     00:00:00:00:00:0a    00:00:00:00:00:01 15   1023  [10,21,4,5,15,2,7,3,1]  
# h00:00:00:00:00:0a -> h00:00:00:00:00:03
   00:00:00:00:00:0a    00:00:00:00:00:03 0    146  [10,1,3]     00:00:00:00:00:0a    00:00:00:00:00:03 1    439  [10,1,5,7,3]     00:00:00:00:00:0a    00:00:00:00:00:03 2    439  [10,1,5,13,3]     00:00:00:00:00:0a    00:00:00:00:00:03 3    439  [10,9,20,1,3]     00:00:00:00:00:0a    00:00:00:00:00:03 4    585  [10,1,5,8,13,3]     00:00:00:00:00:0a    00:00:00:00:00:03 5    585  [10,1,16,22,7,3]     00:00:00:00:00:0a    00:00:00:00:00:03 6    585  [10,21,4,5,1,3]     00:00:00:00:00:0a    00:00:00:00:00:03 7    585  [10,21,4,5,7,3]     00:00:00:00:00:0a    00:00:00:00:00:03 8    585  [10,21,4,5,13,3]     00:00:00:00:00:0a    00:00:00:00:00:03 9    731  [10,1,5,7,6,13,3]     00:00:00:00:00:0a    00:00:00:00:00:03 10    731  [10,1,5,13,6,7,3]     00:00:00:00:00:0a    00:00:00:00:00:03 11    731  [10,1,5,15,2,7,3]     00:00:00:00:00:0a    00:00:00:00:00:03 12    731  [10,1,5,11,22,7,3]     00:00:00:00:00:0a    00:00:00:00:00:03 13    731  [10,1,5,15,22,7,3]     00:00:00:00:00:0a    00:00:00:00:00:03 14    731  [10,1,5,15,12,13,3]     00:00:00:00:00:0a    00:00:00:00:00:03 15    731  [10,1,5,19,22,7,3]  
# h00:00:00:00:00:0a -> h00:00:00:00:00:05
   00:00:00:00:00:0a    00:00:00:00:00:05 0    146  [10,1,5]     00:00:00:00:00:0a    00:00:00:00:00:05 1    293  [10,21,4,5]     00:00:00:00:00:0a    00:00:00:00:00:05 2    439  [10,1,3,7,5]     00:00:00:00:00:0a    00:00:00:00:00:05 3    439  [10,1,3,13,5]     00:00:00:00:00:0a    00:00:00:00:00:05 4    439  [10,9,20,1,5]     00:00:00:00:00:0a    00:00:00:00:00:05 5    585  [10,1,3,13,8,5]     00:00:00:00:00:0a    00:00:00:00:00:05 6    585  [10,1,16,22,7,5]     00:00:00:00:00:0a    00:00:00:00:00:05 7    585  [10,1,16,22,11,5]     00:00:00:00:00:0a    00:00:00:00:00:05 8    585  [10,1,16,22,15,5]     00:00:00:00:00:0a    00:00:00:00:00:05 9    585  [10,1,16,22,19,5]     00:00:00:00:00:0a    00:00:00:00:00:05 10    585  [10,21,4,17,19,5]     00:00:00:00:00:0a    00:00:00:00:00:05 11    731  [10,1,3,7,22,11,5]     00:00:00:00:00:0a    00:00:00:00:00:05 12    731  [10,1,3,7,6,13,5]     00:00:00:00:00:0a    00:00:00:00:00:05 13    731  [10,1,3,7,2,15,5]     00:00:00:00:00:0a    00:00:00:00:00:05 14    731  [10,1,3,7,22,15,5]     00:00:00:00:00:0a    00:00:00:00:00:05 15    731  [10,1,3,7,22,19,5]  
# h00:00:00:00:00:0a -> h00:00:00:00:00:10
   00:00:00:00:00:0a    00:00:00:00:00:10 0    146  [10,1,16]     00:00:00:00:00:0a    00:00:00:00:00:10 1    439  [10,9,20,1,16]     00:00:00:00:00:0a    00:00:00:00:00:10 2    585  [10,1,3,7,22,16]     00:00:00:00:00:0a    00:00:00:00:00:10 3    585  [10,1,5,7,22,16]     00:00:00:00:00:0a    00:00:00:00:00:10 4    585  [10,1,5,11,22,16]     00:00:00:00:00:0a    00:00:00:00:00:10 5    585  [10,1,5,15,22,16]     00:00:00:00:00:0a    00:00:00:00:00:10 6    585  [10,1,5,19,22,16]     00:00:00:00:00:0a    00:00:00:00:00:10 7    585  [10,21,4,5,1,16]     00:00:00:00:00:0a    00:00:00:00:00:10 8    731  [10,21,4,5,7,22,16]     00:00:00:00:00:0a    00:00:00:00:00:10 9    731  [10,21,4,5,11,22,16]     00:00:00:00:00:0a    00:00:00:00:00:10 10    731  [10,21,4,5,15,22,16]     00:00:00:00:00:0a    00:00:00:00:00:10 11    731  [10,21,4,5,19,22,16]     00:00:00:00:00:0a    00:00:00:00:00:10 12    731  [10,21,4,17,19,22,16]     00:00:00:00:00:0a    00:00:00:00:00:10 13    877  [10,1,3,7,5,11,22,16]     00:00:00:00:00:0a    00:00:00:00:00:10 14    877  [10,1,3,7,2,15,22,16]     00:00:00:00:00:0a    00:00:00:00:00:10 15    877  [10,1,3,7,5,15,22,16]  
# h00:00:00:00:00:0a -> h00:00:00:00:00:14
   00:00:00:00:00:0a    00:00:00:00:00:14 0    146  [10,1,20]     00:00:00:00:00:0a    00:00:00:00:00:14 1    146  [10,9,20]     00:00:00:00:00:0a    00:00:00:00:00:14 2    585  [10,21,4,5,1,20]     00:00:00:00:00:0a    00:00:00:00:00:14 3    877  [10,21,4,5,7,3,1,20]     00:00:00:00:00:0a    00:00:00:00:00:14 4    877  [10,21,4,5,13,3,1,20]     00:00:00:00:00:0a    00:00:00:00:00:14 5    877  [10,21,4,17,19,5,1,20]     00:00:00:00:00:0a    00:00:00:00:00:14 6   1023  [10,21,4,5,7,22,16,1,20]     00:00:00:00:00:0a    00:00:00:00:00:14 7   1023  [10,21,4,5,8,13,3,1,20]     00:00:00:00:00:0a    00:00:00:00:00:14 8   1023  [10,21,4,5,11,22,16,1,20]     00:00:00:00:00:0a    00:00:00:00:00:14 9   1023  [10,21,4,5,15,22,16,1,20]     00:00:00:00:00:0a    00:00:00:00:00:14 10   1023  [10,21,4,5,19,22,16,1,20]     00:00:00:00:00:0a    00:00:00:00:00:14 11   1023  [10,21,4,17,19,22,16,1,20]     00:00:00:00:00:0a    00:00:00:00:00:14 12   1170  [10,21,4,5,7,6,13,3,1,20]     00:00:00:00:00:0a    00:00:00:00:00:14 13   1170  [10,21,4,5,11,22,7,3,1,20]     00:00:00:00:00:0a    00:00:00:00:00:14 14   1170  [10,21,4,5,13,6,7,3,1,20]     00:00:00:00:00:0a    00:00:00:00:00:14 15   1170  [10,21,4,5,15,2,7,3,1,20]  
# h00:00:00:00:00:0a -> h00:00:00:00:00:02
   00:00:00:00:00:0a    00:00:00:00:00:02 0    439  [10,1,3,7,2]     00:00:00:00:00:0a    00:00:00:00:00:02 1    439  [10,1,5,7,2]     00:00:00:00:00:0a    00:00:00:00:00:02 2    439  [10,1,5,15,2]     00:00:00:00:00:0a    00:00:00:00:00:02 3    585  [10,1,3,7,14,2]     00:00:00:00:00:0a    00:00:00:00:00:02 4    585  [10,1,5,7,14,2]     00:00:00:00:00:0a    00:00:00:00:00:02 5    585  [10,1,16,22,7,2]     00:00:00:00:00:0a    00:00:00:00:00:02 6    585  [10,1,16,22,15,2]     00:00:00:00:00:0a    00:00:00:00:00:02 7    585  [10,21,4,5,7,2]     00:00:00:00:00:0a    00:00:00:00:00:02 8    585  [10,21,4,5,15,2]     00:00:00:00:00:0a    00:00:00:00:00:02 9    731  [10,1,3,7,5,15,2]     00:00:00:00:00:0a    00:00:00:00:00:02 10    731  [10,1,3,7,22,15,2]     00:00:00:00:00:0a    00:00:00:00:00:02 11    731  [10,1,3,13,5,7,2]     00:00:00:00:00:0a    00:00:00:00:00:02 12    731  [10,1,3,13,5,15,2]     00:00:00:00:00:0a    00:00:00:00:00:02 13    731  [10,1,3,13,6,7,2]     00:00:00:00:00:0a    00:00:00:00:00:02 14    731  [10,1,3,13,12,15,2]     00:00:00:00:00:0a    00:00:00:00:00:02 15    731  [10,1,5,7,22,15,2]  
# h00:00:00:00:00:0a -> h00:00:00:00:00:07
   00:00:00:00:00:0a    00:00:00:00:00:07 0    293  [10,1,3,7]     00:00:00:00:00:0a    00:00:00:00:00:07 1    293  [10,1,5,7]     00:00:00:00:00:0a    00:00:00:00:00:07 2    439  [10,1,16,22,7]     00:00:00:00:00:0a    00:00:00:00:00:07 3    439  [10,21,4,5,7]     00:00:00:00:00:0a    00:00:00:00:00:07 4    585  [10,1,3,13,5,7]     00:00:00:00:00:0a    00:00:00:00:00:07 5    585  [10,1,3,13,6,7]     00:00:00:00:00:0a    00:00:00:00:00:07 6    585  [10,1,5,15,2,7]     00:00:00:00:00:0a    00:00:00:00:00:07 7    585  [10,1,5,13,3,7]     00:00:00:00:00:0a    00:00:00:00:00:07 8    585  [10,1,5,11,22,7]     00:00:00:00:00:0a    00:00:00:00:00:07 9    585  [10,1,5,13,6,7]     00:00:00:00:00:0a    00:00:00:00:00:07 10    585  [10,1,5,15,22,7]     00:00:00:00:00:0a    00:00:00:00:00:07 11    585  [10,1,5,19,22,7]     00:00:00:00:00:0a    00:00:00:00:00:07 12    585  [10,9,20,1,3,7]     00:00:00:00:00:0a    00:00:00:00:00:07 13    585  [10,9,20,1,5,7]     00:00:00:00:00:0a    00:00:00:00:00:07 14    731  [10,1,3,13,8,5,7]     00:00:00:00:00:0a    00:00:00:00:00:07 15    731  [10,1,5,8,13,3,7]  
# h00:00:00:00:00:0a -> h00:00:00:00:00:0e
   00:00:00:00:00:0a    00:00:00:00:00:0e 0    439  [10,1,3,7,14]     00:00:00:00:00:0a    00:00:00:00:00:0e 1    439  [10,1,5,7,14]     00:00:00:00:00:0a    00:00:00:00:00:0e 2    585  [10,1,3,7,2,14]     00:00:00:00:00:0a    00:00:00:00:00:0e 3    585  [10,1,5,7,2,14]     00:00:00:00:00:0a    00:00:00:00:00:0e 4    585  [10,1,5,15,2,14]     00:00:00:00:00:0a    00:00:00:00:00:0e 5    585  [10,1,16,22,7,14]     00:00:00:00:00:0a    00:00:00:00:00:0e 6    585  [10,21,4,5,7,14]     00:00:00:00:00:0a    00:00:00:00:00:0e 7    731  [10,1,3,13,5,7,14]     00:00:00:00:00:0a    00:00:00:00:00:0e 8    731  [10,1,3,13,6,7,14]     00:00:00:00:00:0a    00:00:00:00:00:0e 9    731  [10,1,5,13,3,7,14]     00:00:00:00:00:0a    00:00:00:00:00:0e 10    731  [10,1,5,11,22,7,14]     00:00:00:00:00:0a    00:00:00:00:00:0e 11    731  [10,1,5,13,6,7,14]     00:00:00:00:00:0a    00:00:00:00:00:0e 12    731  [10,1,5,15,2,7,14]     00:00:00:00:00:0a    00:00:00:00:00:0e 13    731  [10,1,5,15,22,7,14]     00:00:00:00:00:0a    00:00:00:00:00:0e 14    731  [10,1,5,19,22,7,14]     00:00:00:00:00:0a    00:00:00:00:00:0e 15    731  [10,1,16,22,7,2,14]  
# h00:00:00:00:00:0a -> h00:00:00:00:00:0f
   00:00:00:00:00:0a    00:00:00:00:00:0f 0    293  [10,1,5,15]     00:00:00:00:00:0a    00:00:00:00:00:0f 1    439  [10,1,16,22,15]     00:00:00:00:00:0a    00:00:00:00:00:0f 2    439  [10,21,4,5,15]     00:00:00:00:00:0a    00:00:00:00:00:0f 3    585  [10,1,3,7,2,15]     00:00:00:00:00:0a    00:00:00:00:00:0f 4    585  [10,1,3,7,5,15]     00:00:00:00:00:0a    00:00:00:00:00:0f 5    585  [10,1,3,7,22,15]     00:00:00:00:00:0a    00:00:00:00:00:0f 6    585  [10,1,3,13,5,15]     00:00:00:00:00:0a    00:00:00:00:00:0f 7    585  [10,1,3,13,12,15]     00:00:00:00:00:0a    00:00:00:00:00:0f 8    585  [10,1,5,7,2,15]     00:00:00:00:00:0a    00:00:00:00:00:0f 9    585  [10,1,5,7,22,15]     00:00:00:00:00:0a    00:00:00:00:00:0f 10    585  [10,1,5,13,12,15]     00:00:00:00:00:0a    00:00:00:00:00:0f 11    585  [10,1,5,11,22,15]     00:00:00:00:00:0a    00:00:00:00:00:0f 12    585  [10,1,5,19,22,15]     00:00:00:00:00:0a    00:00:00:00:00:0f 13    585  [10,9,20,1,5,15]     00:00:00:00:00:0a    00:00:00:00:00:0f 14    731  [10,1,3,7,14,2,15]     00:00:00:00:00:0a    00:00:00:00:00:0f 15    731  [10,1,3,13,8,5,15]  
# h00:00:00:00:00:0a -> h00:00:00:00:00:0d
   00:00:00:00:00:0a    00:00:00:00:00:0d 0    293  [10,1,3,13]     00:00:00:00:00:0a    00:00:00:00:00:0d 1    293  [10,1,5,13]     00:00:00:00:00:0a    00:00:00:00:00:0d 2    439  [10,1,5,8,13]     00:00:00:00:00:0a    00:00:00:00:00:0d 3    439  [10,21,4,5,13]     00:00:00:00:00:0a    00:00:00:00:00:0d 4    585  [10,1,3,7,5,13]     00:00:00:00:00:0a    00:00:00:00:00:0d 5    585  [10,1,3,7,6,13]     00:00:00:00:00:0a    00:00:00:00:00:0d 6    585  [10,1,5,7,3,13]     00:00:00:00:00:0a    00:00:00:00:00:0d 7    585  [10,1,5,7,6,13]     00:00:00:00:00:0a    00:00:00:00:00:0d 8    585  [10,1,5,15,12,13]     00:00:00:00:00:0a    00:00:00:00:00:0d 9    585  [10,9,20,1,3,13]     00:00:00:00:00:0a    00:00:00:00:00:0d 10    585  [10,9,20,1,5,13]     00:00:00:00:00:0a    00:00:00:00:00:0d 11    585  [10,21,4,5,8,13]     00:00:00:00:00:0a    00:00:00:00:00:0d 12    731  [10,1,3,7,5,8,13]     00:00:00:00:00:0a    00:00:00:00:00:0d 13    731  [10,1,16,22,7,3,13]     00:00:00:00:00:0a    00:00:00:00:00:0d 14    731  [10,1,16,22,7,5,13]     00:00:00:00:00:0a    00:00:00:00:00:0d 15    731  [10,1,16,22,7,6,13]  
# h00:00:00:00:00:0a -> h00:00:00:00:00:04
   00:00:00:00:00:0a    00:00:00:00:00:04 0    146  [10,21,4]     00:00:00:00:00:0a    00:00:00:00:00:04 1    293  [10,1,5,4]     00:00:00:00:00:0a    00:00:00:00:00:04 2    585  [10,1,3,7,5,4]     00:00:00:00:00:0a    00:00:00:00:00:04 3    585  [10,1,3,13,5,4]     00:00:00:00:00:0a    00:00:00:00:00:04 4    585  [10,1,5,19,17,4]     00:00:00:00:00:0a    00:00:00:00:00:04 5    585  [10,9,20,1,5,4]     00:00:00:00:00:0a    00:00:00:00:00:04 6    731  [10,1,3,13,8,5,4]     00:00:00:00:00:0a    00:00:00:00:00:04 7    731  [10,1,16,22,7,5,4]     00:00:00:00:00:0a    00:00:00:00:00:04 8    731  [10,1,16,22,11,5,4]     00:00:00:00:00:0a    00:00:00:00:00:04 9    731  [10,1,16,22,15,5,4]     00:00:00:00:00:0a    00:00:00:00:00:04 10    731  [10,1,16,22,19,5,4]     00:00:00:00:00:0a    00:00:00:00:00:04 11    731  [10,1,16,22,19,17,4]     00:00:00:00:00:0a    00:00:00:00:00:04 12    877  [10,1,3,7,5,19,17,4]     00:00:00:00:00:0a    00:00:00:00:00:04 13    877  [10,1,3,7,22,11,5,4]     00:00:00:00:00:0a    00:00:00:00:00:04 14    877  [10,1,3,7,6,13,5,4]     00:00:00:00:00:0a    00:00:00:00:00:04 15    877  [10,1,3,7,2,15,5,4]  
# h00:00:00:00:00:0a -> h00:00:00:00:00:11
   00:00:00:00:00:0a    00:00:00:00:00:11 0    293  [10,21,4,17]     00:00:00:00:00:0a    00:00:00:00:00:11 1    439  [10,1,5,4,17]     00:00:00:00:00:0a    00:00:00:00:00:11 2    439  [10,1,5,19,17]     00:00:00:00:00:0a    00:00:00:00:00:11 3    585  [10,1,16,22,19,17]     00:00:00:00:00:0a    00:00:00:00:00:11 4    585  [10,21,4,5,19,17]     00:00:00:00:00:0a    00:00:00:00:00:11 5    731  [10,1,3,7,5,4,17]     00:00:00:00:00:0a    00:00:00:00:00:11 6    731  [10,1,3,7,5,19,17]     00:00:00:00:00:0a    00:00:00:00:00:11 7    731  [10,1,3,7,22,19,17]     00:00:00:00:00:0a    00:00:00:00:00:11 8    731  [10,1,3,13,5,4,17]     00:00:00:00:00:0a    00:00:00:00:00:11 9    731  [10,1,3,13,5,19,17]     00:00:00:00:00:0a    00:00:00:00:00:11 10    731  [10,1,5,7,22,19,17]     00:00:00:00:00:0a    00:00:00:00:00:11 11    731  [10,1,5,11,22,19,17]     00:00:00:00:00:0a    00:00:00:00:00:11 12    731  [10,1,5,15,22,19,17]     00:00:00:00:00:0a    00:00:00:00:00:11 13    731  [10,9,20,1,5,4,17]     00:00:00:00:00:0a    00:00:00:00:00:11 14    731  [10,9,20,1,5,19,17]     00:00:00:00:00:0a    00:00:00:00:00:11 15    877  [10,1,3,13,8,5,4,17]  
# h00:00:00:00:00:0a -> h00:00:00:00:00:15
   00:00:00:00:00:0a    00:00:00:00:00:15 0      0  [10,21]     00:00:00:00:00:0a    00:00:00:00:00:15 1    439  [10,1,5,4,21]     00:00:00:00:00:0a    00:00:00:00:00:15 2    731  [10,1,3,7,5,4,21]     00:00:00:00:00:0a    00:00:00:00:00:15 3    731  [10,1,3,13,5,4,21]     00:00:00:00:00:0a    00:00:00:00:00:15 4    731  [10,1,5,19,17,4,21]     00:00:00:00:00:0a    00:00:00:00:00:15 5    731  [10,9,20,1,5,4,21]     00:00:00:00:00:0a    00:00:00:00:00:15 6    877  [10,1,3,13,8,5,4,21]     00:00:00:00:00:0a    00:00:00:00:00:15 7    877  [10,1,16,22,7,5,4,21]     00:00:00:00:00:0a    00:00:00:00:00:15 8    877  [10,1,16,22,11,5,4,21]     00:00:00:00:00:0a    00:00:00:00:00:15 9    877  [10,1,16,22,15,5,4,21]     00:00:00:00:00:0a    00:00:00:00:00:15 10    877  [10,1,16,22,19,5,4,21]     00:00:00:00:00:0a    00:00:00:00:00:15 11    877  [10,1,16,22,19,17,4,21]     00:00:00:00:00:0a    00:00:00:00:00:15 12   1023  [10,1,3,7,5,19,17,4,21]     00:00:00:00:00:0a    00:00:00:00:00:15 13   1023  [10,1,3,7,22,11,5,4,21]     00:00:00:00:00:0a    00:00:00:00:00:15 14   1023  [10,1,3,7,6,13,5,4,21]     00:00:00:00:00:0a    00:00:00:00:00:15 15   1023  [10,1,3,7,2,15,5,4,21]  
# h00:00:00:00:00:0a -> h00:00:00:00:00:08
   00:00:00:00:00:0a    00:00:00:00:00:08 0    293  [10,1,5,8]     00:00:00:00:00:0a    00:00:00:00:00:08 1    439  [10,1,3,13,8]     00:00:00:00:00:0a    00:00:00:00:00:08 2    439  [10,1,5,13,8]     00:00:00:00:00:0a    00:00:00:00:00:08 3    439  [10,21,4,5,8]     00:00:00:00:00:0a    00:00:00:00:00:08 4    585  [10,1,3,7,5,8]     00:00:00:00:00:0a    00:00:00:00:00:08 5    585  [10,1,3,13,5,8]     00:00:00:00:00:0a    00:00:00:00:00:08 6    585  [10,9,20,1,5,8]     00:00:00:00:00:0a    00:00:00:00:00:08 7    585  [10,21,4,5,13,8]     00:00:00:00:00:0a    00:00:00:00:00:08 8    731  [10,1,3,7,5,13,8]     00:00:00:00:00:0a    00:00:00:00:00:08 9    731  [10,1,3,7,6,13,8]     00:00:00:00:00:0a    00:00:00:00:00:08 10    731  [10,1,5,7,3,13,8]     00:00:00:00:00:0a    00:00:00:00:00:08 11    731  [10,1,5,7,6,13,8]     00:00:00:00:00:0a    00:00:00:00:00:08 12    731  [10,1,5,15,12,13,8]     00:00:00:00:00:0a    00:00:00:00:00:08 13    731  [10,1,16,22,7,5,8]     00:00:00:00:00:0a    00:00:00:00:00:08 14    731  [10,1,16,22,11,5,8]     00:00:00:00:00:0a    00:00:00:00:00:08 15    731  [10,1,16,22,15,5,8]  
# h00:00:00:00:00:0a -> h00:00:00:00:00:0b
   00:00:00:00:00:0a    00:00:00:00:00:0b 0    293  [10,1,5,11]     00:00:00:00:00:0a    00:00:00:00:00:0b 1    439  [10,1,16,22,11]     00:00:00:00:00:0a    00:00:00:00:00:0b 2    439  [10,21,4,5,11]     00:00:00:00:00:0a    00:00:00:00:00:0b 3    585  [10,1,3,7,5,11]     00:00:00:00:00:0a    00:00:00:00:00:0b 4    585  [10,1,3,7,22,11]     00:00:00:00:00:0a    00:00:00:00:00:0b 5    585  [10,1,3,13,5,11]     00:00:00:00:00:0a    00:00:00:00:00:0b 6    585  [10,1,5,7,22,11]     00:00:00:00:00:0a    00:00:00:00:00:0b 7    585  [10,1,5,15,22,11]     00:00:00:00:00:0a    00:00:00:00:00:0b 8    585  [10,1,5,19,22,11]     00:00:00:00:00:0a    00:00:00:00:00:0b 9    585  [10,9,20,1,5,11]     00:00:00:00:00:0a    00:00:00:00:00:0b 10    731  [10,1,3,13,8,5,11]     00:00:00:00:00:0a    00:00:00:00:00:0b 11    731  [10,1,16,22,7,5,11]     00:00:00:00:00:0a    00:00:00:00:00:0b 12    731  [10,1,16,22,15,5,11]     00:00:00:00:00:0a    00:00:00:00:00:0b 13    731  [10,1,16,22,19,5,11]     00:00:00:00:00:0a    00:00:00:00:00:0b 14    731  [10,9,20,1,16,22,11]     00:00:00:00:00:0a    00:00:00:00:00:0b 15    731  [10,21,4,5,7,22,11]  
# h00:00:00:00:00:0a -> h00:00:00:00:00:13
   00:00:00:00:00:0a    00:00:00:00:00:13 0    293  [10,1,5,19]     00:00:00:00:00:0a    00:00:00:00:00:13 1    439  [10,1,16,22,19]     00:00:00:00:00:0a    00:00:00:00:00:13 2    439  [10,21,4,5,19]     00:00:00:00:00:0a    00:00:00:00:00:13 3    439  [10,21,4,17,19]     00:00:00:00:00:0a    00:00:00:00:00:13 4    585  [10,1,3,7,5,19]     00:00:00:00:00:0a    00:00:00:00:00:13 5    585  [10,1,3,7,22,19]     00:00:00:00:00:0a    00:00:00:00:00:13 6    585  [10,1,3,13,5,19]     00:00:00:00:00:0a    00:00:00:00:00:13 7    585  [10,1,5,4,17,19]     00:00:00:00:00:0a    00:00:00:00:00:13 8    585  [10,1,5,7,22,19]     00:00:00:00:00:0a    00:00:00:00:00:13 9    585  [10,1,5,11,22,19]     00:00:00:00:00:0a    00:00:00:00:00:13 10    585  [10,1,5,15,22,19]     00:00:00:00:00:0a    00:00:00:00:00:13 11    585  [10,9,20,1,5,19]     00:00:00:00:00:0a    00:00:00:00:00:13 12    731  [10,1,3,13,8,5,19]     00:00:00:00:00:0a    00:00:00:00:00:13 13    731  [10,1,16,22,7,5,19]     00:00:00:00:00:0a    00:00:00:00:00:13 14    731  [10,1,16,22,11,5,19]     00:00:00:00:00:0a    00:00:00:00:00:13 15    731  [10,1,16,22,15,5,19]  
# h00:00:00:00:00:0a -> h00:00:00:00:00:06
   00:00:00:00:00:0a    00:00:00:00:00:06 0    439  [10,1,3,7,6]     00:00:00:00:00:0a    00:00:00:00:00:06 1    439  [10,1,3,13,6]     00:00:00:00:00:0a    00:00:00:00:00:06 2    439  [10,1,5,7,6]     00:00:00:00:00:0a    00:00:00:00:00:06 3    439  [10,1,5,13,6]     00:00:00:00:00:0a    00:00:00:00:00:06 4    585  [10,1,5,8,13,6]     00:00:00:00:00:0a    00:00:00:00:00:06 5    585  [10,1,16,22,7,6]     00:00:00:00:00:0a    00:00:00:00:00:06 6    585  [10,1,16,22,18,6]     00:00:00:00:00:0a    00:00:00:00:00:06 7    585  [10,21,4,5,7,6]     00:00:00:00:00:0a    00:00:00:00:00:06 8    585  [10,21,4,5,13,6]     00:00:00:00:00:0a    00:00:00:00:00:06 9    731  [10,1,3,7,5,13,6]     00:00:00:00:00:0a    00:00:00:00:00:06 10    731  [10,1,3,7,22,18,6]     00:00:00:00:00:0a    00:00:00:00:00:06 11    731  [10,1,3,13,5,7,6]     00:00:00:00:00:0a    00:00:00:00:00:06 12    731  [10,1,5,7,3,13,6]     00:00:00:00:00:0a    00:00:00:00:00:06 13    731  [10,1,5,7,22,18,6]     00:00:00:00:00:0a    00:00:00:00:00:06 14    731  [10,1,5,13,3,7,6]     00:00:00:00:00:0a    00:00:00:00:00:06 15    731  [10,1,5,15,2,7,6]  
# h00:00:00:00:00:0a -> h00:00:00:00:00:12
   00:00:00:00:00:0a    00:00:00:00:00:12 0    439  [10,1,16,22,18]     00:00:00:00:00:0a    00:00:00:00:00:12 1    585  [10,1,3,7,6,18]     00:00:00:00:00:0a    00:00:00:00:00:12 2    585  [10,1,3,7,22,18]     00:00:00:00:00:0a    00:00:00:00:00:12 3    585  [10,1,3,13,6,18]     00:00:00:00:00:0a    00:00:00:00:00:12 4    585  [10,1,5,7,6,18]     00:00:00:00:00:0a    00:00:00:00:00:12 5    585  [10,1,5,7,22,18]     00:00:00:00:00:0a    00:00:00:00:00:12 6    585  [10,1,5,13,6,18]     00:00:00:00:00:0a    00:00:00:00:00:12 7    585  [10,1,5,11,22,18]     00:00:00:00:00:0a    00:00:00:00:00:12 8    585  [10,1,5,15,22,18]     00:00:00:00:00:0a    00:00:00:00:00:12 9    585  [10,1,5,19,22,18]     00:00:00:00:00:0a    00:00:00:00:00:12 10    731  [10,1,5,8,13,6,18]     00:00:00:00:00:0a    00:00:00:00:00:12 11    731  [10,1,16,22,7,6,18]     00:00:00:00:00:0a    00:00:00:00:00:12 12    731  [10,21,4,5,7,6,18]     00:00:00:00:00:0a    00:00:00:00:00:12 13    731  [10,9,20,1,16,22,18]     00:00:00:00:00:0a    00:00:00:00:00:12 14    731  [10,21,4,5,7,22,18]     00:00:00:00:00:0a    00:00:00:00:00:12 15    731  [10,21,4,5,13,6,18]  
# h00:00:00:00:00:0a -> h00:00:00:00:00:16
   00:00:00:00:00:0a    00:00:00:00:00:16 0    293  [10,1,16,22]     00:00:00:00:00:0a    00:00:00:00:00:16 1    439  [10,1,3,7,22]     00:00:00:00:00:0a    00:00:00:00:00:16 2    439  [10,1,5,7,22]     00:00:00:00:00:0a    00:00:00:00:00:16 3    439  [10,1,5,11,22]     00:00:00:00:00:0a    00:00:00:00:00:16 4    439  [10,1,5,15,22]     00:00:00:00:00:0a    00:00:00:00:00:16 5    439  [10,1,5,19,22]     00:00:00:00:00:0a    00:00:00:00:00:16 6    585  [10,21,4,5,7,22]     00:00:00:00:00:0a    00:00:00:00:00:16 7    585  [10,9,20,1,16,22]     00:00:00:00:00:0a    00:00:00:00:00:16 8    585  [10,21,4,5,11,22]     00:00:00:00:00:0a    00:00:00:00:00:16 9    585  [10,21,4,5,15,22]     00:00:00:00:00:0a    00:00:00:00:00:16 10    585  [10,21,4,5,19,22]     00:00:00:00:00:0a    00:00:00:00:00:16 11    585  [10,21,4,17,19,22]     00:00:00:00:00:0a    00:00:00:00:00:16 12    731  [10,1,3,7,5,11,22]     00:00:00:00:00:0a    00:00:00:00:00:16 13    731  [10,1,3,7,2,15,22]     00:00:00:00:00:0a    00:00:00:00:00:16 14    731  [10,1,3,7,5,15,22]     00:00:00:00:00:0a    00:00:00:00:00:16 15    731  [10,1,3,7,5,19,22]  
# h00:00:00:00:00:0a -> h00:00:00:00:00:09
   00:00:00:00:00:0a    00:00:00:00:00:09 0      0  [10,9]     00:00:00:00:00:0a    00:00:00:00:00:09 1    293  [10,1,20,9]     00:00:00:00:00:0a    00:00:00:00:00:09 2    731  [10,21,4,5,1,20,9]     00:00:00:00:00:0a    00:00:00:00:00:09 3   1023  [10,21,4,5,7,3,1,20,9]     00:00:00:00:00:0a    00:00:00:00:00:09 4   1023  [10,21,4,5,13,3,1,20,9]     00:00:00:00:00:0a    00:00:00:00:00:09 5   1023  [10,21,4,17,19,5,1,20,9]     00:00:00:00:00:0a    00:00:00:00:00:09 6   1170  [10,21,4,5,7,22,16,1,20,9]     00:00:00:00:00:0a    00:00:00:00:00:09 7   1170  [10,21,4,5,8,13,3,1,20,9]     00:00:00:00:00:0a    00:00:00:00:00:09 8   1170  [10,21,4,5,11,22,16,1,20,9]     00:00:00:00:00:0a    00:00:00:00:00:09 9   1170  [10,21,4,5,15,22,16,1,20,9]     00:00:00:00:00:0a    00:00:00:00:00:09 10   1170  [10,21,4,5,19,22,16,1,20,9]     00:00:00:00:00:0a    00:00:00:00:00:09 11   1170  [10,21,4,17,19,22,16,1,20,9]     00:00:00:00:00:0a    00:00:00:00:00:09 12   1316  [10,21,4,5,7,6,13,3,1,20,9]     00:00:00:00:00:0a    00:00:00:00:00:09 13   1316  [10,21,4,5,11,22,7,3,1,20,9]     00:00:00:00:00:0a    00:00:00:00:00:09 14   1316  [10,21,4,5,13,6,7,3,1,20,9]     00:00:00:00:00:0a    00:00:00:00:00:09 15   1316  [10,21,4,5,15,2,7,3,1,20,9]  
# h00:00:00:00:00:0a -> h00:00:00:00:00:0c
   00:00:00:00:00:0a    00:00:00:00:00:0c 0    439  [10,1,3,13,12]     00:00:00:00:00:0a    00:00:00:00:00:0c 1    439  [10,1,5,13,12]     00:00:00:00:00:0a    00:00:00:00:00:0c 2    439  [10,1,5,15,12]     00:00:00:00:00:0a    00:00:00:00:00:0c 3    585  [10,1,5,8,13,12]     00:00:00:00:00:0a    00:00:00:00:00:0c 4    585  [10,1,16,22,15,12]     00:00:00:00:00:0a    00:00:00:00:00:0c 5    585  [10,21,4,5,13,12]     00:00:00:00:00:0a    00:00:00:00:00:0c 6    585  [10,21,4,5,15,12]     00:00:00:00:00:0a    00:00:00:00:00:0c 7    731  [10,1,3,7,5,13,12]     00:00:00:00:00:0a    00:00:00:00:00:0c 8    731  [10,1,3,7,5,15,12]     00:00:00:00:00:0a    00:00:00:00:00:0c 9    731  [10,1,3,7,6,13,12]     00:00:00:00:00:0a    00:00:00:00:00:0c 10    731  [10,1,3,7,2,15,12]     00:00:00:00:00:0a    00:00:00:00:00:0c 11    731  [10,1,3,7,22,15,12]     00:00:00:00:00:0a    00:00:00:00:00:0c 12    731  [10,1,3,13,5,15,12]     00:00:00:00:00:0a    00:00:00:00:00:0c 13    731  [10,1,5,7,3,13,12]     00:00:00:00:00:0a    00:00:00:00:00:0c 14    731  [10,1,5,7,6,13,12]     00:00:00:00:00:0a    00:00:00:00:00:0c 15    731  [10,1,5,7,2,15,12]  
# h00:00:00:00:00:10 -> h00:00:00:00:00:01
   00:00:00:00:00:10    00:00:00:00:00:01 0      0  [16,1]     00:00:00:00:00:10    00:00:00:00:00:01 1    439  [16,22,7,3,1]     00:00:00:00:00:10    00:00:00:00:00:01 2    439  [16,22,7,5,1]     00:00:00:00:00:10    00:00:00:00:00:01 3    439  [16,22,11,5,1]     00:00:00:00:00:10    00:00:00:00:00:01 4    439  [16,22,15,5,1]     00:00:00:00:00:10    00:00:00:00:00:01 5    439  [16,22,19,5,1]     00:00:00:00:00:10    00:00:00:00:00:01 6    731  [16,22,7,3,13,5,1]     00:00:00:00:00:10    00:00:00:00:00:01 7    731  [16,22,7,5,13,3,1]     00:00:00:00:00:10    00:00:00:00:00:01 8    731  [16,22,7,6,13,3,1]     00:00:00:00:00:10    00:00:00:00:00:01 9    731  [16,22,7,2,15,5,1]     00:00:00:00:00:10    00:00:00:00:00:01 10    731  [16,22,7,6,13,5,1]     00:00:00:00:00:10    00:00:00:00:00:01 11    731  [16,22,11,5,7,3,1]     00:00:00:00:00:10    00:00:00:00:00:01 12    731  [16,22,11,5,13,3,1]     00:00:00:00:00:10    00:00:00:00:00:01 13    731  [16,22,15,2,7,3,1]     00:00:00:00:00:10    00:00:00:00:00:01 14    731  [16,22,15,2,7,5,1]     00:00:00:00:00:10    00:00:00:00:00:01 15    731  [16,22,15,5,7,3,1]  
# h00:00:00:00:00:10 -> h00:00:00:00:00:03
   00:00:00:00:00:10    00:00:00:00:00:03 0    146  [16,1,3]     00:00:00:00:00:10    00:00:00:00:00:03 1    293  [16,22,7,3]     00:00:00:00:00:10    00:00:00:00:00:03 2    439  [16,1,5,7,3]     00:00:00:00:00:10    00:00:00:00:00:03 3    439  [16,1,5,13,3]     00:00:00:00:00:10    00:00:00:00:00:03 4    585  [16,1,5,8,13,3]     00:00:00:00:00:10    00:00:00:00:00:03 5    585  [16,22,7,5,1,3]     00:00:00:00:00:10    00:00:00:00:00:03 6    585  [16,22,7,5,13,3]     00:00:00:00:00:10    00:00:00:00:00:03 7    585  [16,22,7,6,13,3]     00:00:00:00:00:10    00:00:00:00:00:03 8    585  [16,22,11,5,1,3]     00:00:00:00:00:10    00:00:00:00:00:03 9    585  [16,22,11,5,7,3]     00:00:00:00:00:10    00:00:00:00:00:03 10    585  [16,22,11,5,13,3]     00:00:00:00:00:10    00:00:00:00:00:03 11    585  [16,22,15,5,1,3]     00:00:00:00:00:10    00:00:00:00:00:03 12    585  [16,22,15,2,7,3]     00:00:00:00:00:10    00:00:00:00:00:03 13    585  [16,22,15,5,7,3]     00:00:00:00:00:10    00:00:00:00:00:03 14    585  [16,22,15,5,13,3]     00:00:00:00:00:10    00:00:00:00:00:03 15    585  [16,22,15,12,13,3]  
# h00:00:00:00:00:10 -> h00:00:00:00:00:05
   00:00:00:00:00:10    00:00:00:00:00:05 0    146  [16,1,5]     00:00:00:00:00:10    00:00:00:00:00:05 1    293  [16,22,7,5]     00:00:00:00:00:10    00:00:00:00:00:05 2    293  [16,22,11,5]     00:00:00:00:00:10    00:00:00:00:00:05 3    293  [16,22,15,5]     00:00:00:00:00:10    00:00:00:00:00:05 4    293  [16,22,19,5]     00:00:00:00:00:10    00:00:00:00:00:05 5    439  [16,1,3,7,5]     00:00:00:00:00:10    00:00:00:00:00:05 6    439  [16,1,3,13,5]     00:00:00:00:00:10    00:00:00:00:00:05 7    585  [16,1,3,13,8,5]     00:00:00:00:00:10    00:00:00:00:00:05 8    585  [16,1,10,21,4,5]     00:00:00:00:00:10    00:00:00:00:00:05 9    585  [16,22,7,3,1,5]     00:00:00:00:00:10    00:00:00:00:00:05 10    585  [16,22,7,3,13,5]     00:00:00:00:00:10    00:00:00:00:00:05 11    585  [16,22,7,6,13,5]     00:00:00:00:00:10    00:00:00:00:00:05 12    585  [16,22,7,2,15,5]     00:00:00:00:00:10    00:00:00:00:00:05 13    585  [16,22,15,2,7,5]     00:00:00:00:00:10    00:00:00:00:00:05 14    585  [16,22,15,12,13,5]     00:00:00:00:00:10    00:00:00:00:00:05 15    585  [16,22,18,6,7,5]  
# h00:00:00:00:00:10 -> h00:00:00:00:00:0a
   00:00:00:00:00:10    00:00:00:00:00:0a 0    146  [16,1,10]     00:00:00:00:00:10    00:00:00:00:00:0a 1    439  [16,1,20,9,10]     00:00:00:00:00:10    00:00:00:00:00:0a 2    585  [16,1,5,4,21,10]     00:00:00:00:00:10    00:00:00:00:00:0a 3    585  [16,22,7,3,1,10]     00:00:00:00:00:10    00:00:00:00:00:0a 4    585  [16,22,7,5,1,10]     00:00:00:00:00:10    00:00:00:00:00:0a 5    585  [16,22,11,5,1,10]     00:00:00:00:00:10    00:00:00:00:00:0a 6    585  [16,22,15,5,1,10]     00:00:00:00:00:10    00:00:00:00:00:0a 7    585  [16,22,19,5,1,10]     00:00:00:00:00:10    00:00:00:00:00:0a 8    731  [16,22,7,5,4,21,10]     00:00:00:00:00:10    00:00:00:00:00:0a 9    731  [16,22,11,5,4,21,10]     00:00:00:00:00:10    00:00:00:00:00:0a 10    731  [16,22,15,5,4,21,10]     00:00:00:00:00:10    00:00:00:00:00:0a 11    731  [16,22,19,5,4,21,10]     00:00:00:00:00:10    00:00:00:00:00:0a 12    731  [16,22,19,17,4,21,10]     00:00:00:00:00:10    00:00:00:00:00:0a 13    877  [16,1,3,7,5,4,21,10]     00:00:00:00:00:10    00:00:00:00:00:0a 14    877  [16,1,3,13,5,4,21,10]     00:00:00:00:00:10    00:00:00:00:00:0a 15    877  [16,1,5,19,17,4,21,10]  
# h00:00:00:00:00:10 -> h00:00:00:00:00:14
   00:00:00:00:00:10    00:00:00:00:00:14 0    146  [16,1,20]     00:00:00:00:00:10    00:00:00:00:00:14 1    439  [16,1,10,9,20]     00:00:00:00:00:10    00:00:00:00:00:14 2    585  [16,22,7,3,1,20]     00:00:00:00:00:10    00:00:00:00:00:14 3    585  [16,22,7,5,1,20]     00:00:00:00:00:10    00:00:00:00:00:14 4    585  [16,22,11,5,1,20]     00:00:00:00:00:10    00:00:00:00:00:14 5    585  [16,22,15,5,1,20]     00:00:00:00:00:10    00:00:00:00:00:14 6    585  [16,22,19,5,1,20]     00:00:00:00:00:10    00:00:00:00:00:14 7    877  [16,1,5,4,21,10,9,20]     00:00:00:00:00:10    00:00:00:00:00:14 8    877  [16,22,7,3,1,10,9,20]     00:00:00:00:00:10    00:00:00:00:00:14 9    877  [16,22,7,3,13,5,1,20]     00:00:00:00:00:10    00:00:00:00:00:14 10    877  [16,22,7,5,1,10,9,20]     00:00:00:00:00:10    00:00:00:00:00:14 11    877  [16,22,7,5,13,3,1,20]     00:00:00:00:00:10    00:00:00:00:00:14 12    877  [16,22,7,6,13,3,1,20]     00:00:00:00:00:10    00:00:00:00:00:14 13    877  [16,22,7,2,15,5,1,20]     00:00:00:00:00:10    00:00:00:00:00:14 14    877  [16,22,7,6,13,5,1,20]     00:00:00:00:00:10    00:00:00:00:00:14 15    877  [16,22,11,5,1,10,9,20]  
# h00:00:00:00:00:10 -> h00:00:00:00:00:02
   00:00:00:00:00:10    00:00:00:00:00:02 0    293  [16,22,7,2]     00:00:00:00:00:10    00:00:00:00:00:02 1    293  [16,22,15,2]     00:00:00:00:00:10    00:00:00:00:00:02 2    439  [16,1,3,7,2]     00:00:00:00:00:10    00:00:00:00:00:02 3    439  [16,1,5,7,2]     00:00:00:00:00:10    00:00:00:00:00:02 4    439  [16,1,5,15,2]     00:00:00:00:00:10    00:00:00:00:00:02 5    439  [16,22,7,14,2]     00:00:00:00:00:10    00:00:00:00:00:02 6    585  [16,1,3,7,14,2]     00:00:00:00:00:10    00:00:00:00:00:02 7    585  [16,1,5,7,14,2]     00:00:00:00:00:10    00:00:00:00:00:02 8    585  [16,22,7,5,15,2]     00:00:00:00:00:10    00:00:00:00:00:02 9    585  [16,22,11,5,7,2]     00:00:00:00:00:10    00:00:00:00:00:02 10    585  [16,22,11,5,15,2]     00:00:00:00:00:10    00:00:00:00:00:02 11    585  [16,22,15,5,7,2]     00:00:00:00:00:10    00:00:00:00:00:02 12    585  [16,22,19,5,7,2]     00:00:00:00:00:10    00:00:00:00:00:02 13    585  [16,22,18,6,7,2]     00:00:00:00:00:10    00:00:00:00:00:02 14    585  [16,22,19,5,15,2]     00:00:00:00:00:10    00:00:00:00:00:02 15    731  [16,1,3,7,5,15,2]  
# h00:00:00:00:00:10 -> h00:00:00:00:00:07
   00:00:00:00:00:10    00:00:00:00:00:07 0    146  [16,22,7]     00:00:00:00:00:10    00:00:00:00:00:07 1    293  [16,1,3,7]     00:00:00:00:00:10    00:00:00:00:00:07 2    293  [16,1,5,7]     00:00:00:00:00:10    00:00:00:00:00:07 3    439  [16,22,15,2,7]     00:00:00:00:00:10    00:00:00:00:00:07 4    439  [16,22,11,5,7]     00:00:00:00:00:10    00:00:00:00:00:07 5    439  [16,22,15,5,7]     00:00:00:00:00:10    00:00:00:00:00:07 6    439  [16,22,19,5,7]     00:00:00:00:00:10    00:00:00:00:00:07 7    439  [16,22,18,6,7]     00:00:00:00:00:10    00:00:00:00:00:07 8    585  [16,1,3,13,5,7]     00:00:00:00:00:10    00:00:00:00:00:07 9    585  [16,1,3,13,6,7]     00:00:00:00:00:10    00:00:00:00:00:07 10    585  [16,1,5,15,2,7]     00:00:00:00:00:10    00:00:00:00:00:07 11    585  [16,1,5,13,3,7]     00:00:00:00:00:10    00:00:00:00:00:07 12    585  [16,1,5,11,22,7]     00:00:00:00:00:10    00:00:00:00:00:07 13    585  [16,1,5,13,6,7]     00:00:00:00:00:10    00:00:00:00:00:07 14    585  [16,1,5,15,22,7]     00:00:00:00:00:10    00:00:00:00:00:07 15    585  [16,1,5,19,22,7]  
# h00:00:00:00:00:10 -> h00:00:00:00:00:0e
   00:00:00:00:00:10    00:00:00:00:00:0e 0    293  [16,22,7,14]     00:00:00:00:00:10    00:00:00:00:00:0e 1    439  [16,1,3,7,14]     00:00:00:00:00:10    00:00:00:00:00:0e 2    439  [16,1,5,7,14]     00:00:00:00:00:10    00:00:00:00:00:0e 3    439  [16,22,7,2,14]     00:00:00:00:00:10    00:00:00:00:00:0e 4    439  [16,22,15,2,14]     00:00:00:00:00:10    00:00:00:00:00:0e 5    585  [16,1,3,7,2,14]     00:00:00:00:00:10    00:00:00:00:00:0e 6    585  [16,1,5,7,2,14]     00:00:00:00:00:10    00:00:00:00:00:0e 7    585  [16,1,5,15,2,14]     00:00:00:00:00:10    00:00:00:00:00:0e 8    585  [16,22,11,5,7,14]     00:00:00:00:00:10    00:00:00:00:00:0e 9    585  [16,22,15,2,7,14]     00:00:00:00:00:10    00:00:00:00:00:0e 10    585  [16,22,15,5,7,14]     00:00:00:00:00:10    00:00:00:00:00:0e 11    585  [16,22,19,5,7,14]     00:00:00:00:00:10    00:00:00:00:00:0e 12    585  [16,22,18,6,7,14]     00:00:00:00:00:10    00:00:00:00:00:0e 13    731  [16,1,3,13,5,7,14]     00:00:00:00:00:10    00:00:00:00:00:0e 14    731  [16,1,3,13,6,7,14]     00:00:00:00:00:10    00:00:00:00:00:0e 15    731  [16,1,5,13,3,7,14]  
# h00:00:00:00:00:10 -> h00:00:00:00:00:0f
   00:00:00:00:00:10    00:00:00:00:00:0f 0    146  [16,22,15]     00:00:00:00:00:10    00:00:00:00:00:0f 1    293  [16,1,5,15]     00:00:00:00:00:10    00:00:00:00:00:0f 2    439  [16,22,7,2,15]     00:00:00:00:00:10    00:00:00:00:00:0f 3    439  [16,22,7,5,15]     00:00:00:00:00:10    00:00:00:00:00:0f 4    439  [16,22,11,5,15]     00:00:00:00:00:10    00:00:00:00:00:0f 5    439  [16,22,19,5,15]     00:00:00:00:00:10    00:00:00:00:00:0f 6    585  [16,1,3,7,2,15]     00:00:00:00:00:10    00:00:00:00:00:0f 7    585  [16,1,3,7,5,15]     00:00:00:00:00:10    00:00:00:00:00:0f 8    585  [16,1,3,7,22,15]     00:00:00:00:00:10    00:00:00:00:00:0f 9    585  [16,1,3,13,5,15]     00:00:00:00:00:10    00:00:00:00:00:0f 10    585  [16,1,3,13,12,15]     00:00:00:00:00:10    00:00:00:00:00:0f 11    585  [16,1,5,7,2,15]     00:00:00:00:00:10    00:00:00:00:00:0f 12    585  [16,1,5,7,22,15]     00:00:00:00:00:10    00:00:00:00:00:0f 13    585  [16,1,5,13,12,15]     00:00:00:00:00:10    00:00:00:00:00:0f 14    585  [16,1,5,11,22,15]     00:00:00:00:00:10    00:00:00:00:00:0f 15    585  [16,1,5,19,22,15]  
# h00:00:00:00:00:10 -> h00:00:00:00:00:0d
   00:00:00:00:00:10    00:00:00:00:00:0d 0    293  [16,1,3,13]     00:00:00:00:00:10    00:00:00:00:00:0d 1    293  [16,1,5,13]     00:00:00:00:00:10    00:00:00:00:00:0d 2    439  [16,1,5,8,13]     00:00:00:00:00:10    00:00:00:00:00:0d 3    439  [16,22,7,3,13]     00:00:00:00:00:10    00:00:00:00:00:0d 4    439  [16,22,7,5,13]     00:00:00:00:00:10    00:00:00:00:00:0d 5    439  [16,22,7,6,13]     00:00:00:00:00:10    00:00:00:00:00:0d 6    439  [16,22,11,5,13]     00:00:00:00:00:10    00:00:00:00:00:0d 7    439  [16,22,15,5,13]     00:00:00:00:00:10    00:00:00:00:00:0d 8    439  [16,22,15,12,13]     00:00:00:00:00:10    00:00:00:00:00:0d 9    439  [16,22,19,5,13]     00:00:00:00:00:10    00:00:00:00:00:0d 10    439  [16,22,18,6,13]     00:00:00:00:00:10    00:00:00:00:00:0d 11    585  [16,1,3,7,5,13]     00:00:00:00:00:10    00:00:00:00:00:0d 12    585  [16,1,3,7,6,13]     00:00:00:00:00:10    00:00:00:00:00:0d 13    585  [16,1,5,7,3,13]     00:00:00:00:00:10    00:00:00:00:00:0d 14    585  [16,1,5,7,6,13]     00:00:00:00:00:10    00:00:00:00:00:0d 15    585  [16,1,5,15,12,13]  
# h00:00:00:00:00:10 -> h00:00:00:00:00:04
   00:00:00:00:00:10    00:00:00:00:00:04 0    293  [16,1,5,4]     00:00:00:00:00:10    00:00:00:00:00:04 1    439  [16,1,10,21,4]     00:00:00:00:00:10    00:00:00:00:00:04 2    439  [16,22,7,5,4]     00:00:00:00:00:10    00:00:00:00:00:04 3    439  [16,22,11,5,4]     00:00:00:00:00:10    00:00:00:00:00:04 4    439  [16,22,15,5,4]     00:00:00:00:00:10    00:00:00:00:00:04 5    439  [16,22,19,5,4]     00:00:00:00:00:10    00:00:00:00:00:04 6    439  [16,22,19,17,4]     00:00:00:00:00:10    00:00:00:00:00:04 7    585  [16,1,3,7,5,4]     00:00:00:00:00:10    00:00:00:00:00:04 8    585  [16,1,3,13,5,4]     00:00:00:00:00:10    00:00:00:00:00:04 9    585  [16,1,5,19,17,4]     00:00:00:00:00:10    00:00:00:00:00:04 10    731  [16,1,3,13,8,5,4]     00:00:00:00:00:10    00:00:00:00:00:04 11    731  [16,1,20,9,10,21,4]     00:00:00:00:00:10    00:00:00:00:00:04 12    731  [16,22,7,3,1,5,4]     00:00:00:00:00:10    00:00:00:00:00:04 13    731  [16,22,7,3,13,5,4]     00:00:00:00:00:10    00:00:00:00:00:04 14    731  [16,22,7,5,19,17,4]     00:00:00:00:00:10    00:00:00:00:00:04 15    731  [16,22,7,6,13,5,4]  
# h00:00:00:00:00:10 -> h00:00:00:00:00:11
   00:00:00:00:00:10    00:00:00:00:00:11 0    293  [16,22,19,17]     00:00:00:00:00:10    00:00:00:00:00:11 1    439  [16,1,5,4,17]     00:00:00:00:00:10    00:00:00:00:00:11 2    439  [16,1,5,19,17]     00:00:00:00:00:10    00:00:00:00:00:11 3    585  [16,1,10,21,4,17]     00:00:00:00:00:10    00:00:00:00:00:11 4    585  [16,22,7,5,4,17]     00:00:00:00:00:10    00:00:00:00:00:11 5    585  [16,22,7,5,19,17]     00:00:00:00:00:10    00:00:00:00:00:11 6    585  [16,22,11,5,4,17]     00:00:00:00:00:10    00:00:00:00:00:11 7    585  [16,22,11,5,19,17]     00:00:00:00:00:10    00:00:00:00:00:11 8    585  [16,22,15,5,4,17]     00:00:00:00:00:10    00:00:00:00:00:11 9    585  [16,22,15,5,19,17]     00:00:00:00:00:10    00:00:00:00:00:11 10    585  [16,22,19,5,4,17]     00:00:00:00:00:10    00:00:00:00:00:11 11    731  [16,1,3,7,5,4,17]     00:00:00:00:00:10    00:00:00:00:00:11 12    731  [16,1,3,7,5,19,17]     00:00:00:00:00:10    00:00:00:00:00:11 13    731  [16,1,3,7,22,19,17]     00:00:00:00:00:10    00:00:00:00:00:11 14    731  [16,1,3,13,5,4,17]     00:00:00:00:00:10    00:00:00:00:00:11 15    731  [16,1,3,13,5,19,17]  
# h00:00:00:00:00:10 -> h00:00:00:00:00:15
   00:00:00:00:00:10    00:00:00:00:00:15 0    293  [16,1,10,21]     00:00:00:00:00:10    00:00:00:00:00:15 1    439  [16,1,5,4,21]     00:00:00:00:00:10    00:00:00:00:00:15 2    585  [16,1,20,9,10,21]     00:00:00:00:00:10    00:00:00:00:00:15 3    585  [16,22,7,5,4,21]     00:00:00:00:00:10    00:00:00:00:00:15 4    585  [16,22,11,5,4,21]     00:00:00:00:00:10    00:00:00:00:00:15 5    585  [16,22,15,5,4,21]     00:00:00:00:00:10    00:00:00:00:00:15 6    585  [16,22,19,5,4,21]     00:00:00:00:00:10    00:00:00:00:00:15 7    585  [16,22,19,17,4,21]     00:00:00:00:00:10    00:00:00:00:00:15 8    731  [16,1,3,7,5,4,21]     00:00:00:00:00:10    00:00:00:00:00:15 9    731  [16,1,3,13,5,4,21]     00:00:00:00:00:10    00:00:00:00:00:15 10    731  [16,1,5,19,17,4,21]     00:00:00:00:00:10    00:00:00:00:00:15 11    731  [16,22,7,3,1,10,21]     00:00:00:00:00:10    00:00:00:00:00:15 12    731  [16,22,7,5,1,10,21]     00:00:00:00:00:10    00:00:00:00:00:15 13    731  [16,22,11,5,1,10,21]     00:00:00:00:00:10    00:00:00:00:00:15 14    731  [16,22,15,5,1,10,21]     00:00:00:00:00:10    00:00:00:00:00:15 15    731  [16,22,19,5,1,10,21]  
# h00:00:00:00:00:10 -> h00:00:00:00:00:08
   00:00:00:00:00:10    00:00:00:00:00:08 0    293  [16,1,5,8]     00:00:00:00:00:10    00:00:00:00:00:08 1    439  [16,1,3,13,8]     00:00:00:00:00:10    00:00:00:00:00:08 2    439  [16,1,5,13,8]     00:00:00:00:00:10    00:00:00:00:00:08 3    439  [16,22,7,5,8]     00:00:00:00:00:10    00:00:00:00:00:08 4    439  [16,22,11,5,8]     00:00:00:00:00:10    00:00:00:00:00:08 5    439  [16,22,15,5,8]     00:00:00:00:00:10    00:00:00:00:00:08 6    439  [16,22,19,5,8]     00:00:00:00:00:10    00:00:00:00:00:08 7    585  [16,1,3,7,5,8]     00:00:00:00:00:10    00:00:00:00:00:08 8    585  [16,1,3,13,5,8]     00:00:00:00:00:10    00:00:00:00:00:08 9    585  [16,22,7,3,13,8]     00:00:00:00:00:10    00:00:00:00:00:08 10    585  [16,22,7,5,13,8]     00:00:00:00:00:10    00:00:00:00:00:08 11    585  [16,22,7,6,13,8]     00:00:00:00:00:10    00:00:00:00:00:08 12    585  [16,22,11,5,13,8]     00:00:00:00:00:10    00:00:00:00:00:08 13    585  [16,22,15,5,13,8]     00:00:00:00:00:10    00:00:00:00:00:08 14    585  [16,22,15,12,13,8]     00:00:00:00:00:10    00:00:00:00:00:08 15    585  [16,22,18,6,13,8]  
# h00:00:00:00:00:10 -> h00:00:00:00:00:0b
   00:00:00:00:00:10    00:00:00:00:00:0b 0    146  [16,22,11]     00:00:00:00:00:10    00:00:00:00:00:0b 1    293  [16,1,5,11]     00:00:00:00:00:10    00:00:00:00:00:0b 2    439  [16,22,7,5,11]     00:00:00:00:00:10    00:00:00:00:00:0b 3    439  [16,22,15,5,11]     00:00:00:00:00:10    00:00:00:00:00:0b 4    439  [16,22,19,5,11]     00:00:00:00:00:10    00:00:00:00:00:0b 5    585  [16,1,3,7,5,11]     00:00:00:00:00:10    00:00:00:00:00:0b 6    585  [16,1,3,7,22,11]     00:00:00:00:00:10    00:00:00:00:00:0b 7    585  [16,1,3,13,5,11]     00:00:00:00:00:10    00:00:00:00:00:0b 8    585  [16,1,5,7,22,11]     00:00:00:00:00:10    00:00:00:00:00:0b 9    585  [16,1,5,15,22,11]     00:00:00:00:00:10    00:00:00:00:00:0b 10    585  [16,1,5,19,22,11]     00:00:00:00:00:10    00:00:00:00:00:0b 11    731  [16,1,3,13,8,5,11]     00:00:00:00:00:10    00:00:00:00:00:0b 12    731  [16,1,10,21,4,5,11]     00:00:00:00:00:10    00:00:00:00:00:0b 13    731  [16,22,7,3,1,5,11]     00:00:00:00:00:10    00:00:00:00:00:0b 14    731  [16,22,7,3,13,5,11]     00:00:00:00:00:10    00:00:00:00:00:0b 15    731  [16,22,7,6,13,5,11]  
# h00:00:00:00:00:10 -> h00:00:00:00:00:13
   00:00:00:00:00:10    00:00:00:00:00:13 0    146  [16,22,19]     00:00:00:00:00:10    00:00:00:00:00:13 1    293  [16,1,5,19]     00:00:00:00:00:10    00:00:00:00:00:13 2    439  [16,22,7,5,19]     00:00:00:00:00:10    00:00:00:00:00:13 3    439  [16,22,11,5,19]     00:00:00:00:00:10    00:00:00:00:00:13 4    439  [16,22,15,5,19]     00:00:00:00:00:10    00:00:00:00:00:13 5    585  [16,1,3,7,5,19]     00:00:00:00:00:10    00:00:00:00:00:13 6    585  [16,1,3,7,22,19]     00:00:00:00:00:10    00:00:00:00:00:13 7    585  [16,1,3,13,5,19]     00:00:00:00:00:10    00:00:00:00:00:13 8    585  [16,1,5,4,17,19]     00:00:00:00:00:10    00:00:00:00:00:13 9    585  [16,1,5,7,22,19]     00:00:00:00:00:10    00:00:00:00:00:13 10    585  [16,1,5,11,22,19]     00:00:00:00:00:10    00:00:00:00:00:13 11    585  [16,1,5,15,22,19]     00:00:00:00:00:10    00:00:00:00:00:13 12    731  [16,1,3,13,8,5,19]     00:00:00:00:00:10    00:00:00:00:00:13 13    731  [16,1,10,21,4,5,19]     00:00:00:00:00:10    00:00:00:00:00:13 14    731  [16,1,10,21,4,17,19]     00:00:00:00:00:10    00:00:00:00:00:13 15    731  [16,22,7,3,1,5,19]  
# h00:00:00:00:00:10 -> h00:00:00:00:00:06
   00:00:00:00:00:10    00:00:00:00:00:06 0    293  [16,22,7,6]     00:00:00:00:00:10    00:00:00:00:00:06 1    293  [16,22,18,6]     00:00:00:00:00:10    00:00:00:00:00:06 2    439  [16,1,3,7,6]     00:00:00:00:00:10    00:00:00:00:00:06 3    439  [16,1,3,13,6]     00:00:00:00:00:10    00:00:00:00:00:06 4    439  [16,1,5,7,6]     00:00:00:00:00:10    00:00:00:00:00:06 5    439  [16,1,5,13,6]     00:00:00:00:00:10    00:00:00:00:00:06 6    585  [16,1,5,8,13,6]     00:00:00:00:00:10    00:00:00:00:00:06 7    585  [16,22,7,3,13,6]     00:00:00:00:00:10    00:00:00:00:00:06 8    585  [16,22,7,5,13,6]     00:00:00:00:00:10    00:00:00:00:00:06 9    585  [16,22,15,2,7,6]     00:00:00:00:00:10    00:00:00:00:00:06 10    585  [16,22,11,5,7,6]     00:00:00:00:00:10    00:00:00:00:00:06 11    585  [16,22,11,5,13,6]     00:00:00:00:00:10    00:00:00:00:00:06 12    585  [16,22,15,5,7,6]     00:00:00:00:00:10    00:00:00:00:00:06 13    585  [16,22,15,5,13,6]     00:00:00:00:00:10    00:00:00:00:00:06 14    585  [16,22,15,12,13,6]     00:00:00:00:00:10    00:00:00:00:00:06 15    585  [16,22,19,5,7,6]  
# h00:00:00:00:00:10 -> h00:00:00:00:00:12
   00:00:00:00:00:10    00:00:00:00:00:12 0    146  [16,22,18]     00:00:00:00:00:10    00:00:00:00:00:12 1    439  [16,22,7,6,18]     00:00:00:00:00:10    00:00:00:00:00:12 2    585  [16,1,3,7,6,18]     00:00:00:00:00:10    00:00:00:00:00:12 3    585  [16,1,3,7,22,18]     00:00:00:00:00:10    00:00:00:00:00:12 4    585  [16,1,3,13,6,18]     00:00:00:00:00:10    00:00:00:00:00:12 5    585  [16,1,5,7,6,18]     00:00:00:00:00:10    00:00:00:00:00:12 6    585  [16,1,5,7,22,18]     00:00:00:00:00:10    00:00:00:00:00:12 7    585  [16,1,5,13,6,18]     00:00:00:00:00:10    00:00:00:00:00:12 8    585  [16,1,5,11,22,18]     00:00:00:00:00:10    00:00:00:00:00:12 9    585  [16,1,5,15,22,18]     00:00:00:00:00:10    00:00:00:00:00:12 10    585  [16,1,5,19,22,18]     00:00:00:00:00:10    00:00:00:00:00:12 11    731  [16,1,5,8,13,6,18]     00:00:00:00:00:10    00:00:00:00:00:12 12    731  [16,22,7,3,13,6,18]     00:00:00:00:00:10    00:00:00:00:00:12 13    731  [16,22,7,5,13,6,18]     00:00:00:00:00:10    00:00:00:00:00:12 14    731  [16,22,15,2,7,6,18]     00:00:00:00:00:10    00:00:00:00:00:12 15    731  [16,22,11,5,7,6,18]  
# h00:00:00:00:00:10 -> h00:00:00:00:00:16
   00:00:00:00:00:10    00:00:00:00:00:16 0      0  [16,22]     00:00:00:00:00:10    00:00:00:00:00:16 1    439  [16,1,3,7,22]     00:00:00:00:00:10    00:00:00:00:00:16 2    439  [16,1,5,7,22]     00:00:00:00:00:10    00:00:00:00:00:16 3    439  [16,1,5,11,22]     00:00:00:00:00:10    00:00:00:00:00:16 4    439  [16,1,5,15,22]     00:00:00:00:00:10    00:00:00:00:00:16 5    439  [16,1,5,19,22]     00:00:00:00:00:10    00:00:00:00:00:16 6    731  [16,1,3,7,5,11,22]     00:00:00:00:00:10    00:00:00:00:00:16 7    731  [16,1,3,7,2,15,22]     00:00:00:00:00:10    00:00:00:00:00:16 8    731  [16,1,3,7,5,15,22]     00:00:00:00:00:10    00:00:00:00:00:16 9    731  [16,1,3,7,5,19,22]     00:00:00:00:00:10    00:00:00:00:00:16 10    731  [16,1,3,7,6,18,22]     00:00:00:00:00:10    00:00:00:00:00:16 11    731  [16,1,3,13,5,7,22]     00:00:00:00:00:10    00:00:00:00:00:16 12    731  [16,1,3,13,5,11,22]     00:00:00:00:00:10    00:00:00:00:00:16 13    731  [16,1,3,13,5,15,22]     00:00:00:00:00:10    00:00:00:00:00:16 14    731  [16,1,3,13,5,19,22]     00:00:00:00:00:10    00:00:00:00:00:16 15    731  [16,1,3,13,6,7,22]  
# h00:00:00:00:00:10 -> h00:00:00:00:00:09
   00:00:00:00:00:10    00:00:00:00:00:09 0    293  [16,1,10,9]     00:00:00:00:00:10    00:00:00:00:00:09 1    293  [16,1,20,9]     00:00:00:00:00:10    00:00:00:00:00:09 2    731  [16,1,5,4,21,10,9]     00:00:00:00:00:10    00:00:00:00:00:09 3    731  [16,22,7,3,1,10,9]     00:00:00:00:00:10    00:00:00:00:00:09 4    731  [16,22,7,3,1,20,9]     00:00:00:00:00:10    00:00:00:00:00:09 5    731  [16,22,7,5,1,10,9]     00:00:00:00:00:10    00:00:00:00:00:09 6    731  [16,22,7,5,1,20,9]     00:00:00:00:00:10    00:00:00:00:00:09 7    731  [16,22,11,5,1,10,9]     00:00:00:00:00:10    00:00:00:00:00:09 8    731  [16,22,11,5,1,20,9]     00:00:00:00:00:10    00:00:00:00:00:09 9    731  [16,22,15,5,1,10,9]     00:00:00:00:00:10    00:00:00:00:00:09 10    731  [16,22,15,5,1,20,9]     00:00:00:00:00:10    00:00:00:00:00:09 11    731  [16,22,19,5,1,10,9]     00:00:00:00:00:10    00:00:00:00:00:09 12    731  [16,22,19,5,1,20,9]     00:00:00:00:00:10    00:00:00:00:00:09 13    877  [16,22,7,5,4,21,10,9]     00:00:00:00:00:10    00:00:00:00:00:09 14    877  [16,22,11,5,4,21,10,9]     00:00:00:00:00:10    00:00:00:00:00:09 15    877  [16,22,15,5,4,21,10,9]  
# h00:00:00:00:00:10 -> h00:00:00:00:00:0c
   00:00:00:00:00:10    00:00:00:00:00:0c 0    293  [16,22,15,12]     00:00:00:00:00:10    00:00:00:00:00:0c 1    439  [16,1,3,13,12]     00:00:00:00:00:10    00:00:00:00:00:0c 2    439  [16,1,5,13,12]     00:00:00:00:00:10    00:00:00:00:00:0c 3    439  [16,1,5,15,12]     00:00:00:00:00:10    00:00:00:00:00:0c 4    585  [16,1,5,8,13,12]     00:00:00:00:00:10    00:00:00:00:00:0c 5    585  [16,22,7,3,13,12]     00:00:00:00:00:10    00:00:00:00:00:0c 6    585  [16,22,7,5,13,12]     00:00:00:00:00:10    00:00:00:00:00:0c 7    585  [16,22,7,5,15,12]     00:00:00:00:00:10    00:00:00:00:00:0c 8    585  [16,22,7,6,13,12]     00:00:00:00:00:10    00:00:00:00:00:0c 9    585  [16,22,7,2,15,12]     00:00:00:00:00:10    00:00:00:00:00:0c 10    585  [16,22,11,5,13,12]     00:00:00:00:00:10    00:00:00:00:00:0c 11    585  [16,22,11,5,15,12]     00:00:00:00:00:10    00:00:00:00:00:0c 12    585  [16,22,15,5,13,12]     00:00:00:00:00:10    00:00:00:00:00:0c 13    585  [16,22,19,5,13,12]     00:00:00:00:00:10    00:00:00:00:00:0c 14    585  [16,22,18,6,13,12]     00:00:00:00:00:10    00:00:00:00:00:0c 15    585  [16,22,19,5,15,12]  
# h00:00:00:00:00:14 -> h00:00:00:00:00:01
   00:00:00:00:00:14    00:00:00:00:00:01 0      0  [20,1]     00:00:00:00:00:14    00:00:00:00:00:01 1    293  [20,9,10,1]     00:00:00:00:00:14    00:00:00:00:00:01 2    731  [20,9,10,21,4,5,1]     00:00:00:00:00:14    00:00:00:00:00:01 3   1023  [20,9,10,21,4,5,7,3,1]     00:00:00:00:00:14    00:00:00:00:00:01 4   1023  [20,9,10,21,4,5,13,3,1]     00:00:00:00:00:14    00:00:00:00:00:01 5   1023  [20,9,10,21,4,17,19,5,1]     00:00:00:00:00:14    00:00:00:00:00:01 6   1170  [20,9,10,21,4,5,7,22,16,1]     00:00:00:00:00:14    00:00:00:00:00:01 7   1170  [20,9,10,21,4,5,8,13,3,1]     00:00:00:00:00:14    00:00:00:00:00:01 8   1170  [20,9,10,21,4,5,11,22,16,1]     00:00:00:00:00:14    00:00:00:00:00:01 9   1170  [20,9,10,21,4,5,15,22,16,1]     00:00:00:00:00:14    00:00:00:00:00:01 10   1170  [20,9,10,21,4,5,19,22,16,1]     00:00:00:00:00:14    00:00:00:00:00:01 11   1170  [20,9,10,21,4,17,19,22,16,1]     00:00:00:00:00:14    00:00:00:00:00:01 12   1316  [20,9,10,21,4,5,7,6,13,3,1]     00:00:00:00:00:14    00:00:00:00:00:01 13   1316  [20,9,10,21,4,5,11,22,7,3,1]     00:00:00:00:00:14    00:00:00:00:00:01 14   1316  [20,9,10,21,4,5,13,6,7,3,1]     00:00:00:00:00:14    00:00:00:00:00:01 15   1316  [20,9,10,21,4,5,15,2,7,3,1]  
# h00:00:00:00:00:14 -> h00:00:00:00:00:03
   00:00:00:00:00:14    00:00:00:00:00:03 0    146  [20,1,3]     00:00:00:00:00:14    00:00:00:00:00:03 1    439  [20,1,5,7,3]     00:00:00:00:00:14    00:00:00:00:00:03 2    439  [20,1,5,13,3]     00:00:00:00:00:14    00:00:00:00:00:03 3    439  [20,9,10,1,3]     00:00:00:00:00:14    00:00:00:00:00:03 4    585  [20,1,5,8,13,3]     00:00:00:00:00:14    00:00:00:00:00:03 5    585  [20,1,16,22,7,3]     00:00:00:00:00:14    00:00:00:00:00:03 6    731  [20,1,5,7,6,13,3]     00:00:00:00:00:14    00:00:00:00:00:03 7    731  [20,1,5,13,6,7,3]     00:00:00:00:00:14    00:00:00:00:00:03 8    731  [20,1,5,15,2,7,3]     00:00:00:00:00:14    00:00:00:00:00:03 9    731  [20,1,5,11,22,7,3]     00:00:00:00:00:14    00:00:00:00:00:03 10    731  [20,1,5,15,22,7,3]     00:00:00:00:00:14    00:00:00:00:00:03 11    731  [20,1,5,15,12,13,3]     00:00:00:00:00:14    00:00:00:00:00:03 12    731  [20,1,5,19,22,7,3]     00:00:00:00:00:14    00:00:00:00:00:03 13    731  [20,9,10,1,5,7,3]     00:00:00:00:00:14    00:00:00:00:00:03 14    731  [20,9,10,1,5,13,3]     00:00:00:00:00:14    00:00:00:00:00:03 15    877  [20,1,5,8,13,6,7,3]  
# h00:00:00:00:00:14 -> h00:00:00:00:00:05
   00:00:00:00:00:14    00:00:00:00:00:05 0    146  [20,1,5]     00:00:00:00:00:14    00:00:00:00:00:05 1    439  [20,1,3,7,5]     00:00:00:00:00:14    00:00:00:00:00:05 2    439  [20,1,3,13,5]     00:00:00:00:00:14    00:00:00:00:00:05 3    439  [20,9,10,1,5]     00:00:00:00:00:14    00:00:00:00:00:05 4    585  [20,1,3,13,8,5]     00:00:00:00:00:14    00:00:00:00:00:05 5    585  [20,1,10,21,4,5]     00:00:00:00:00:14    00:00:00:00:00:05 6    585  [20,1,16,22,7,5]     00:00:00:00:00:14    00:00:00:00:00:05 7    585  [20,1,16,22,11,5]     00:00:00:00:00:14    00:00:00:00:00:05 8    585  [20,1,16,22,15,5]     00:00:00:00:00:14    00:00:00:00:00:05 9    585  [20,1,16,22,19,5]     00:00:00:00:00:14    00:00:00:00:00:05 10    585  [20,9,10,21,4,5]     00:00:00:00:00:14    00:00:00:00:00:05 11    731  [20,1,3,7,22,11,5]     00:00:00:00:00:14    00:00:00:00:00:05 12    731  [20,1,3,7,6,13,5]     00:00:00:00:00:14    00:00:00:00:00:05 13    731  [20,1,3,7,2,15,5]     00:00:00:00:00:14    00:00:00:00:00:05 14    731  [20,1,3,7,22,15,5]     00:00:00:00:00:14    00:00:00:00:00:05 15    731  [20,1,3,7,22,19,5]  
# h00:00:00:00:00:14 -> h00:00:00:00:00:0a
   00:00:00:00:00:14    00:00:00:00:00:0a 0    146  [20,1,10]     00:00:00:00:00:14    00:00:00:00:00:0a 1    146  [20,9,10]     00:00:00:00:00:14    00:00:00:00:00:0a 2    585  [20,1,5,4,21,10]     00:00:00:00:00:14    00:00:00:00:00:0a 3    877  [20,1,3,7,5,4,21,10]     00:00:00:00:00:14    00:00:00:00:00:0a 4    877  [20,1,3,13,5,4,21,10]     00:00:00:00:00:14    00:00:00:00:00:0a 5    877  [20,1,5,19,17,4,21,10]     00:00:00:00:00:14    00:00:00:00:00:0a 6   1023  [20,1,3,13,8,5,4,21,10]     00:00:00:00:00:14    00:00:00:00:00:0a 7   1023  [20,1,16,22,7,5,4,21,10]     00:00:00:00:00:14    00:00:00:00:00:0a 8   1023  [20,1,16,22,11,5,4,21,10]     00:00:00:00:00:14    00:00:00:00:00:0a 9   1023  [20,1,16,22,15,5,4,21,10]     00:00:00:00:00:14    00:00:00:00:00:0a 10   1023  [20,1,16,22,19,5,4,21,10]     00:00:00:00:00:14    00:00:00:00:00:0a 11   1023  [20,1,16,22,19,17,4,21,10]     00:00:00:00:00:14    00:00:00:00:00:0a 12   1170  [20,1,3,7,5,19,17,4,21,10]     00:00:00:00:00:14    00:00:00:00:00:0a 13   1170  [20,1,3,7,22,11,5,4,21,10]     00:00:00:00:00:14    00:00:00:00:00:0a 14   1170  [20,1,3,7,6,13,5,4,21,10]     00:00:00:00:00:14    00:00:00:00:00:0a 15   1170  [20,1,3,7,2,15,5,4,21,10]  
# h00:00:00:00:00:14 -> h00:00:00:00:00:10
   00:00:00:00:00:14    00:00:00:00:00:10 0    146  [20,1,16]     00:00:00:00:00:14    00:00:00:00:00:10 1    439  [20,9,10,1,16]     00:00:00:00:00:14    00:00:00:00:00:10 2    585  [20,1,3,7,22,16]     00:00:00:00:00:14    00:00:00:00:00:10 3    585  [20,1,5,7,22,16]     00:00:00:00:00:14    00:00:00:00:00:10 4    585  [20,1,5,11,22,16]     00:00:00:00:00:14    00:00:00:00:00:10 5    585  [20,1,5,15,22,16]     00:00:00:00:00:14    00:00:00:00:00:10 6    585  [20,1,5,19,22,16]     00:00:00:00:00:14    00:00:00:00:00:10 7    877  [20,1,3,7,5,11,22,16]     00:00:00:00:00:14    00:00:00:00:00:10 8    877  [20,1,3,7,2,15,22,16]     00:00:00:00:00:14    00:00:00:00:00:10 9    877  [20,1,3,7,5,15,22,16]     00:00:00:00:00:14    00:00:00:00:00:10 10    877  [20,1,3,7,5,19,22,16]     00:00:00:00:00:14    00:00:00:00:00:10 11    877  [20,1,3,7,6,18,22,16]     00:00:00:00:00:14    00:00:00:00:00:10 12    877  [20,1,3,13,5,7,22,16]     00:00:00:00:00:14    00:00:00:00:00:10 13    877  [20,1,3,13,5,11,22,16]     00:00:00:00:00:14    00:00:00:00:00:10 14    877  [20,1,3,13,5,15,22,16]     00:00:00:00:00:14    00:00:00:00:00:10 15    877  [20,1,3,13,5,19,22,16]  
# h00:00:00:00:00:14 -> h00:00:00:00:00:02
   00:00:00:00:00:14    00:00:00:00:00:02 0    439  [20,1,3,7,2]     00:00:00:00:00:14    00:00:00:00:00:02 1    439  [20,1,5,7,2]     00:00:00:00:00:14    00:00:00:00:00:02 2    439  [20,1,5,15,2]     00:00:00:00:00:14    00:00:00:00:00:02 3    585  [20,1,3,7,14,2]     00:00:00:00:00:14    00:00:00:00:00:02 4    585  [20,1,5,7,14,2]     00:00:00:00:00:14    00:00:00:00:00:02 5    585  [20,1,16,22,7,2]     00:00:00:00:00:14    00:00:00:00:00:02 6    585  [20,1,16,22,15,2]     00:00:00:00:00:14    00:00:00:00:00:02 7    731  [20,1,3,7,5,15,2]     00:00:00:00:00:14    00:00:00:00:00:02 8    731  [20,1,3,7,22,15,2]     00:00:00:00:00:14    00:00:00:00:00:02 9    731  [20,1,3,13,5,7,2]     00:00:00:00:00:14    00:00:00:00:00:02 10    731  [20,1,3,13,5,15,2]     00:00:00:00:00:14    00:00:00:00:00:02 11    731  [20,1,3,13,6,7,2]     00:00:00:00:00:14    00:00:00:00:00:02 12    731  [20,1,3,13,12,15,2]     00:00:00:00:00:14    00:00:00:00:00:02 13    731  [20,1,5,7,22,15,2]     00:00:00:00:00:14    00:00:00:00:00:02 14    731  [20,1,5,13,3,7,2]     00:00:00:00:00:14    00:00:00:00:00:02 15    731  [20,1,5,11,22,7,2]  
# h00:00:00:00:00:14 -> h00:00:00:00:00:07
   00:00:00:00:00:14    00:00:00:00:00:07 0    293  [20,1,3,7]     00:00:00:00:00:14    00:00:00:00:00:07 1    293  [20,1,5,7]     00:00:00:00:00:14    00:00:00:00:00:07 2    439  [20,1,16,22,7]     00:00:00:00:00:14    00:00:00:00:00:07 3    585  [20,1,3,13,5,7]     00:00:00:00:00:14    00:00:00:00:00:07 4    585  [20,1,3,13,6,7]     00:00:00:00:00:14    00:00:00:00:00:07 5    585  [20,1,5,15,2,7]     00:00:00:00:00:14    00:00:00:00:00:07 6    585  [20,1,5,13,3,7]     00:00:00:00:00:14    00:00:00:00:00:07 7    585  [20,1,5,11,22,7]     00:00:00:00:00:14    00:00:00:00:00:07 8    585  [20,1,5,13,6,7]     00:00:00:00:00:14    00:00:00:00:00:07 9    585  [20,1,5,15,22,7]     00:00:00:00:00:14    00:00:00:00:00:07 10    585  [20,1,5,19,22,7]     00:00:00:00:00:14    00:00:00:00:00:07 11    585  [20,9,10,1,3,7]     00:00:00:00:00:14    00:00:00:00:00:07 12    585  [20,9,10,1,5,7]     00:00:00:00:00:14    00:00:00:00:00:07 13    731  [20,1,3,13,8,5,7]     00:00:00:00:00:14    00:00:00:00:00:07 14    731  [20,1,5,8,13,3,7]     00:00:00:00:00:14    00:00:00:00:00:07 15    731  [20,1,5,8,13,6,7]  
# h00:00:00:00:00:14 -> h00:00:00:00:00:0e
   00:00:00:00:00:14    00:00:00:00:00:0e 0    439  [20,1,3,7,14]     00:00:00:00:00:14    00:00:00:00:00:0e 1    439  [20,1,5,7,14]     00:00:00:00:00:14    00:00:00:00:00:0e 2    585  [20,1,3,7,2,14]     00:00:00:00:00:14    00:00:00:00:00:0e 3    585  [20,1,5,7,2,14]     00:00:00:00:00:14    00:00:00:00:00:0e 4    585  [20,1,5,15,2,14]     00:00:00:00:00:14    00:00:00:00:00:0e 5    585  [20,1,16,22,7,14]     00:00:00:00:00:14    00:00:00:00:00:0e 6    731  [20,1,3,13,5,7,14]     00:00:00:00:00:14    00:00:00:00:00:0e 7    731  [20,1,3,13,6,7,14]     00:00:00:00:00:14    00:00:00:00:00:0e 8    731  [20,1,5,13,3,7,14]     00:00:00:00:00:14    00:00:00:00:00:0e 9    731  [20,1,5,11,22,7,14]     00:00:00:00:00:14    00:00:00:00:00:0e 10    731  [20,1,5,13,6,7,14]     00:00:00:00:00:14    00:00:00:00:00:0e 11    731  [20,1,5,15,2,7,14]     00:00:00:00:00:14    00:00:00:00:00:0e 12    731  [20,1,5,15,22,7,14]     00:00:00:00:00:14    00:00:00:00:00:0e 13    731  [20,1,5,19,22,7,14]     00:00:00:00:00:14    00:00:00:00:00:0e 14    731  [20,1,16,22,7,2,14]     00:00:00:00:00:14    00:00:00:00:00:0e 15    731  [20,1,16,22,15,2,14]  
# h00:00:00:00:00:14 -> h00:00:00:00:00:0f
   00:00:00:00:00:14    00:00:00:00:00:0f 0    293  [20,1,5,15]     00:00:00:00:00:14    00:00:00:00:00:0f 1    439  [20,1,16,22,15]     00:00:00:00:00:14    00:00:00:00:00:0f 2    585  [20,1,3,7,2,15]     00:00:00:00:00:14    00:00:00:00:00:0f 3    585  [20,1,3,7,5,15]     00:00:00:00:00:14    00:00:00:00:00:0f 4    585  [20,1,3,7,22,15]     00:00:00:00:00:14    00:00:00:00:00:0f 5    585  [20,1,3,13,5,15]     00:00:00:00:00:14    00:00:00:00:00:0f 6    585  [20,1,3,13,12,15]     00:00:00:00:00:14    00:00:00:00:00:0f 7    585  [20,1,5,7,2,15]     00:00:00:00:00:14    00:00:00:00:00:0f 8    585  [20,1,5,7,22,15]     00:00:00:00:00:14    00:00:00:00:00:0f 9    585  [20,1,5,13,12,15]     00:00:00:00:00:14    00:00:00:00:00:0f 10    585  [20,1,5,11,22,15]     00:00:00:00:00:14    00:00:00:00:00:0f 11    585  [20,1,5,19,22,15]     00:00:00:00:00:14    00:00:00:00:00:0f 12    585  [20,9,10,1,5,15]     00:00:00:00:00:14    00:00:00:00:00:0f 13    731  [20,1,3,7,14,2,15]     00:00:00:00:00:14    00:00:00:00:00:0f 14    731  [20,1,3,13,8,5,15]     00:00:00:00:00:14    00:00:00:00:00:0f 15    731  [20,1,5,7,14,2,15]  
# h00:00:00:00:00:14 -> h00:00:00:00:00:0d
   00:00:00:00:00:14    00:00:00:00:00:0d 0    293  [20,1,3,13]     00:00:00:00:00:14    00:00:00:00:00:0d 1    293  [20,1,5,13]     00:00:00:00:00:14    00:00:00:00:00:0d 2    439  [20,1,5,8,13]     00:00:00:00:00:14    00:00:00:00:00:0d 3    585  [20,1,3,7,5,13]     00:00:00:00:00:14    00:00:00:00:00:0d 4    585  [20,1,3,7,6,13]     00:00:00:00:00:14    00:00:00:00:00:0d 5    585  [20,1,5,7,3,13]     00:00:00:00:00:14    00:00:00:00:00:0d 6    585  [20,1,5,7,6,13]     00:00:00:00:00:14    00:00:00:00:00:0d 7    585  [20,1,5,15,12,13]     00:00:00:00:00:14    00:00:00:00:00:0d 8    585  [20,9,10,1,3,13]     00:00:00:00:00:14    00:00:00:00:00:0d 9    585  [20,9,10,1,5,13]     00:00:00:00:00:14    00:00:00:00:00:0d 10    731  [20,1,3,7,5,8,13]     00:00:00:00:00:14    00:00:00:00:00:0d 11    731  [20,1,16,22,7,3,13]     00:00:00:00:00:14    00:00:00:00:00:0d 12    731  [20,1,10,21,4,5,13]     00:00:00:00:00:14    00:00:00:00:00:0d 13    731  [20,1,16,22,7,5,13]     00:00:00:00:00:14    00:00:00:00:00:0d 14    731  [20,1,16,22,7,6,13]     00:00:00:00:00:14    00:00:00:00:00:0d 15    731  [20,1,16,22,11,5,13]  
# h00:00:00:00:00:14 -> h00:00:00:00:00:04
   00:00:00:00:00:14    00:00:00:00:00:04 0    293  [20,1,5,4]     00:00:00:00:00:14    00:00:00:00:00:04 1    439  [20,1,10,21,4]     00:00:00:00:00:14    00:00:00:00:00:04 2    439  [20,9,10,21,4]     00:00:00:00:00:14    00:00:00:00:00:04 3    585  [20,1,3,7,5,4]     00:00:00:00:00:14    00:00:00:00:00:04 4    585  [20,1,3,13,5,4]     00:00:00:00:00:14    00:00:00:00:00:04 5    585  [20,1,5,19,17,4]     00:00:00:00:00:14    00:00:00:00:00:04 6    585  [20,9,10,1,5,4]     00:00:00:00:00:14    00:00:00:00:00:04 7    731  [20,1,3,13,8,5,4]     00:00:00:00:00:14    00:00:00:00:00:04 8    731  [20,1,16,22,7,5,4]     00:00:00:00:00:14    00:00:00:00:00:04 9    731  [20,1,16,22,11,5,4]     00:00:00:00:00:14    00:00:00:00:00:04 10    731  [20,1,16,22,15,5,4]     00:00:00:00:00:14    00:00:00:00:00:04 11    731  [20,1,16,22,19,5,4]     00:00:00:00:00:14    00:00:00:00:00:04 12    731  [20,1,16,22,19,17,4]     00:00:00:00:00:14    00:00:00:00:00:04 13    877  [20,1,3,7,5,19,17,4]     00:00:00:00:00:14    00:00:00:00:00:04 14    877  [20,1,3,7,22,11,5,4]     00:00:00:00:00:14    00:00:00:00:00:04 15    877  [20,1,3,7,6,13,5,4]  
# h00:00:00:00:00:14 -> h00:00:00:00:00:11
   00:00:00:00:00:14    00:00:00:00:00:11 0    439  [20,1,5,4,17]     00:00:00:00:00:14    00:00:00:00:00:11 1    439  [20,1,5,19,17]     00:00:00:00:00:14    00:00:00:00:00:11 2    585  [20,1,10,21,4,17]     00:00:00:00:00:14    00:00:00:00:00:11 3    585  [20,1,16,22,19,17]     00:00:00:00:00:14    00:00:00:00:00:11 4    585  [20,9,10,21,4,17]     00:00:00:00:00:14    00:00:00:00:00:11 5    731  [20,1,3,7,5,4,17]     00:00:00:00:00:14    00:00:00:00:00:11 6    731  [20,1,3,7,5,19,17]     00:00:00:00:00:14    00:00:00:00:00:11 7    731  [20,1,3,7,22,19,17]     00:00:00:00:00:14    00:00:00:00:00:11 8    731  [20,1,3,13,5,4,17]     00:00:00:00:00:14    00:00:00:00:00:11 9    731  [20,1,3,13,5,19,17]     00:00:00:00:00:14    00:00:00:00:00:11 10    731  [20,1,5,7,22,19,17]     00:00:00:00:00:14    00:00:00:00:00:11 11    731  [20,1,5,11,22,19,17]     00:00:00:00:00:14    00:00:00:00:00:11 12    731  [20,1,5,15,22,19,17]     00:00:00:00:00:14    00:00:00:00:00:11 13    731  [20,9,10,1,5,4,17]     00:00:00:00:00:14    00:00:00:00:00:11 14    731  [20,9,10,1,5,19,17]     00:00:00:00:00:14    00:00:00:00:00:11 15    877  [20,1,3,13,8,5,4,17]  
# h00:00:00:00:00:14 -> h00:00:00:00:00:15
   00:00:00:00:00:14    00:00:00:00:00:15 0    293  [20,1,10,21]     00:00:00:00:00:14    00:00:00:00:00:15 1    293  [20,9,10,21]     00:00:00:00:00:14    00:00:00:00:00:15 2    439  [20,1,5,4,21]     00:00:00:00:00:14    00:00:00:00:00:15 3    731  [20,1,3,7,5,4,21]     00:00:00:00:00:14    00:00:00:00:00:15 4    731  [20,1,3,13,5,4,21]     00:00:00:00:00:14    00:00:00:00:00:15 5    731  [20,1,5,19,17,4,21]     00:00:00:00:00:14    00:00:00:00:00:15 6    731  [20,9,10,1,5,4,21]     00:00:00:00:00:14    00:00:00:00:00:15 7    877  [20,1,3,13,8,5,4,21]     00:00:00:00:00:14    00:00:00:00:00:15 8    877  [20,1,16,22,7,5,4,21]     00:00:00:00:00:14    00:00:00:00:00:15 9    877  [20,1,16,22,11,5,4,21]     00:00:00:00:00:14    00:00:00:00:00:15 10    877  [20,1,16,22,15,5,4,21]     00:00:00:00:00:14    00:00:00:00:00:15 11    877  [20,1,16,22,19,5,4,21]     00:00:00:00:00:14    00:00:00:00:00:15 12    877  [20,1,16,22,19,17,4,21]     00:00:00:00:00:14    00:00:00:00:00:15 13   1023  [20,1,3,7,5,19,17,4,21]     00:00:00:00:00:14    00:00:00:00:00:15 14   1023  [20,1,3,7,22,11,5,4,21]     00:00:00:00:00:14    00:00:00:00:00:15 15   1023  [20,1,3,7,6,13,5,4,21]  
# h00:00:00:00:00:14 -> h00:00:00:00:00:08
   00:00:00:00:00:14    00:00:00:00:00:08 0    293  [20,1,5,8]     00:00:00:00:00:14    00:00:00:00:00:08 1    439  [20,1,3,13,8]     00:00:00:00:00:14    00:00:00:00:00:08 2    439  [20,1,5,13,8]     00:00:00:00:00:14    00:00:00:00:00:08 3    585  [20,1,3,7,5,8]     00:00:00:00:00:14    00:00:00:00:00:08 4    585  [20,1,3,13,5,8]     00:00:00:00:00:14    00:00:00:00:00:08 5    585  [20,9,10,1,5,8]     00:00:00:00:00:14    00:00:00:00:00:08 6    731  [20,1,3,7,5,13,8]     00:00:00:00:00:14    00:00:00:00:00:08 7    731  [20,1,3,7,6,13,8]     00:00:00:00:00:14    00:00:00:00:00:08 8    731  [20,1,5,7,3,13,8]     00:00:00:00:00:14    00:00:00:00:00:08 9    731  [20,1,5,7,6,13,8]     00:00:00:00:00:14    00:00:00:00:00:08 10    731  [20,1,5,15,12,13,8]     00:00:00:00:00:14    00:00:00:00:00:08 11    731  [20,1,10,21,4,5,8]     00:00:00:00:00:14    00:00:00:00:00:08 12    731  [20,1,16,22,7,5,8]     00:00:00:00:00:14    00:00:00:00:00:08 13    731  [20,1,16,22,11,5,8]     00:00:00:00:00:14    00:00:00:00:00:08 14    731  [20,1,16,22,15,5,8]     00:00:00:00:00:14    00:00:00:00:00:08 15    731  [20,1,16,22,19,5,8]  
# h00:00:00:00:00:14 -> h00:00:00:00:00:0b
   00:00:00:00:00:14    00:00:00:00:00:0b 0    293  [20,1,5,11]     00:00:00:00:00:14    00:00:00:00:00:0b 1    439  [20,1,16,22,11]     00:00:00:00:00:14    00:00:00:00:00:0b 2    585  [20,1,3,7,5,11]     00:00:00:00:00:14    00:00:00:00:00:0b 3    585  [20,1,3,7,22,11]     00:00:00:00:00:14    00:00:00:00:00:0b 4    585  [20,1,3,13,5,11]     00:00:00:00:00:14    00:00:00:00:00:0b 5    585  [20,1,5,7,22,11]     00:00:00:00:00:14    00:00:00:00:00:0b 6    585  [20,1,5,15,22,11]     00:00:00:00:00:14    00:00:00:00:00:0b 7    585  [20,1,5,19,22,11]     00:00:00:00:00:14    00:00:00:00:00:0b 8    585  [20,9,10,1,5,11]     00:00:00:00:00:14    00:00:00:00:00:0b 9    731  [20,1,3,13,8,5,11]     00:00:00:00:00:14    00:00:00:00:00:0b 10    731  [20,1,10,21,4,5,11]     00:00:00:00:00:14    00:00:00:00:00:0b 11    731  [20,1,16,22,7,5,11]     00:00:00:00:00:14    00:00:00:00:00:0b 12    731  [20,1,16,22,15,5,11]     00:00:00:00:00:14    00:00:00:00:00:0b 13    731  [20,1,16,22,19,5,11]     00:00:00:00:00:14    00:00:00:00:00:0b 14    731  [20,9,10,1,16,22,11]     00:00:00:00:00:14    00:00:00:00:00:0b 15    731  [20,9,10,21,4,5,11]  
# h00:00:00:00:00:14 -> h00:00:00:00:00:13
   00:00:00:00:00:14    00:00:00:00:00:13 0    293  [20,1,5,19]     00:00:00:00:00:14    00:00:00:00:00:13 1    439  [20,1,16,22,19]     00:00:00:00:00:14    00:00:00:00:00:13 2    585  [20,1,3,7,5,19]     00:00:00:00:00:14    00:00:00:00:00:13 3    585  [20,1,3,7,22,19]     00:00:00:00:00:14    00:00:00:00:00:13 4    585  [20,1,3,13,5,19]     00:00:00:00:00:14    00:00:00:00:00:13 5    585  [20,1,5,4,17,19]     00:00:00:00:00:14    00:00:00:00:00:13 6    585  [20,1,5,7,22,19]     00:00:00:00:00:14    00:00:00:00:00:13 7    585  [20,1,5,11,22,19]     00:00:00:00:00:14    00:00:00:00:00:13 8    585  [20,1,5,15,22,19]     00:00:00:00:00:14    00:00:00:00:00:13 9    585  [20,9,10,1,5,19]     00:00:00:00:00:14    00:00:00:00:00:13 10    731  [20,1,3,13,8,5,19]     00:00:00:00:00:14    00:00:00:00:00:13 11    731  [20,1,10,21,4,5,19]     00:00:00:00:00:14    00:00:00:00:00:13 12    731  [20,1,10,21,4,17,19]     00:00:00:00:00:14    00:00:00:00:00:13 13    731  [20,1,16,22,7,5,19]     00:00:00:00:00:14    00:00:00:00:00:13 14    731  [20,1,16,22,11,5,19]     00:00:00:00:00:14    00:00:00:00:00:13 15    731  [20,1,16,22,15,5,19]  
# h00:00:00:00:00:14 -> h00:00:00:00:00:06
   00:00:00:00:00:14    00:00:00:00:00:06 0    439  [20,1,3,7,6]     00:00:00:00:00:14    00:00:00:00:00:06 1    439  [20,1,3,13,6]     00:00:00:00:00:14    00:00:00:00:00:06 2    439  [20,1,5,7,6]     00:00:00:00:00:14    00:00:00:00:00:06 3    439  [20,1,5,13,6]     00:00:00:00:00:14    00:00:00:00:00:06 4    585  [20,1,5,8,13,6]     00:00:00:00:00:14    00:00:00:00:00:06 5    585  [20,1,16,22,7,6]     00:00:00:00:00:14    00:00:00:00:00:06 6    585  [20,1,16,22,18,6]     00:00:00:00:00:14    00:00:00:00:00:06 7    731  [20,1,3,7,5,13,6]     00:00:00:00:00:14    00:00:00:00:00:06 8    731  [20,1,3,7,22,18,6]     00:00:00:00:00:14    00:00:00:00:00:06 9    731  [20,1,3,13,5,7,6]     00:00:00:00:00:14    00:00:00:00:00:06 10    731  [20,1,5,7,3,13,6]     00:00:00:00:00:14    00:00:00:00:00:06 11    731  [20,1,5,7,22,18,6]     00:00:00:00:00:14    00:00:00:00:00:06 12    731  [20,1,5,13,3,7,6]     00:00:00:00:00:14    00:00:00:00:00:06 13    731  [20,1,5,15,2,7,6]     00:00:00:00:00:14    00:00:00:00:00:06 14    731  [20,1,5,11,22,7,6]     00:00:00:00:00:14    00:00:00:00:00:06 15    731  [20,1,5,11,22,18,6]  
# h00:00:00:00:00:14 -> h00:00:00:00:00:12
   00:00:00:00:00:14    00:00:00:00:00:12 0    439  [20,1,16,22,18]     00:00:00:00:00:14    00:00:00:00:00:12 1    585  [20,1,3,7,6,18]     00:00:00:00:00:14    00:00:00:00:00:12 2    585  [20,1,3,7,22,18]     00:00:00:00:00:14    00:00:00:00:00:12 3    585  [20,1,3,13,6,18]     00:00:00:00:00:14    00:00:00:00:00:12 4    585  [20,1,5,7,6,18]     00:00:00:00:00:14    00:00:00:00:00:12 5    585  [20,1,5,7,22,18]     00:00:00:00:00:14    00:00:00:00:00:12 6    585  [20,1,5,13,6,18]     00:00:00:00:00:14    00:00:00:00:00:12 7    585  [20,1,5,11,22,18]     00:00:00:00:00:14    00:00:00:00:00:12 8    585  [20,1,5,15,22,18]     00:00:00:00:00:14    00:00:00:00:00:12 9    585  [20,1,5,19,22,18]     00:00:00:00:00:14    00:00:00:00:00:12 10    731  [20,1,5,8,13,6,18]     00:00:00:00:00:14    00:00:00:00:00:12 11    731  [20,1,16,22,7,6,18]     00:00:00:00:00:14    00:00:00:00:00:12 12    731  [20,9,10,1,16,22,18]     00:00:00:00:00:14    00:00:00:00:00:12 13    877  [20,1,3,7,5,13,6,18]     00:00:00:00:00:14    00:00:00:00:00:12 14    877  [20,1,3,7,2,15,22,18]     00:00:00:00:00:14    00:00:00:00:00:12 15    877  [20,1,3,7,5,11,22,18]  
# h00:00:00:00:00:14 -> h00:00:00:00:00:16
   00:00:00:00:00:14    00:00:00:00:00:16 0    293  [20,1,16,22]     00:00:00:00:00:14    00:00:00:00:00:16 1    439  [20,1,3,7,22]     00:00:00:00:00:14    00:00:00:00:00:16 2    439  [20,1,5,7,22]     00:00:00:00:00:14    00:00:00:00:00:16 3    439  [20,1,5,11,22]     00:00:00:00:00:14    00:00:00:00:00:16 4    439  [20,1,5,15,22]     00:00:00:00:00:14    00:00:00:00:00:16 5    439  [20,1,5,19,22]     00:00:00:00:00:14    00:00:00:00:00:16 6    585  [20,9,10,1,16,22]     00:00:00:00:00:14    00:00:00:00:00:16 7    731  [20,1,3,7,5,11,22]     00:00:00:00:00:14    00:00:00:00:00:16 8    731  [20,1,3,7,2,15,22]     00:00:00:00:00:14    00:00:00:00:00:16 9    731  [20,1,3,7,5,15,22]     00:00:00:00:00:14    00:00:00:00:00:16 10    731  [20,1,3,7,5,19,22]     00:00:00:00:00:14    00:00:00:00:00:16 11    731  [20,1,3,7,6,18,22]     00:00:00:00:00:14    00:00:00:00:00:16 12    731  [20,1,3,13,5,7,22]     00:00:00:00:00:14    00:00:00:00:00:16 13    731  [20,1,3,13,5,11,22]     00:00:00:00:00:14    00:00:00:00:00:16 14    731  [20,1,3,13,5,15,22]     00:00:00:00:00:14    00:00:00:00:00:16 15    731  [20,1,3,13,5,19,22]  
# h00:00:00:00:00:14 -> h00:00:00:00:00:09
   00:00:00:00:00:14    00:00:00:00:00:09 0      0  [20,9]     00:00:00:00:00:14    00:00:00:00:00:09 1    293  [20,1,10,9]     00:00:00:00:00:14    00:00:00:00:00:09 2    731  [20,1,5,4,21,10,9]     00:00:00:00:00:14    00:00:00:00:00:09 3   1023  [20,1,3,7,5,4,21,10,9]     00:00:00:00:00:14    00:00:00:00:00:09 4   1023  [20,1,3,13,5,4,21,10,9]     00:00:00:00:00:14    00:00:00:00:00:09 5   1023  [20,1,5,19,17,4,21,10,9]     00:00:00:00:00:14    00:00:00:00:00:09 6   1170  [20,1,3,13,8,5,4,21,10,9]     00:00:00:00:00:14    00:00:00:00:00:09 7   1170  [20,1,16,22,7,5,4,21,10,9]     00:00:00:00:00:14    00:00:00:00:00:09 8   1170  [20,1,16,22,11,5,4,21,10,9]     00:00:00:00:00:14    00:00:00:00:00:09 9   1170  [20,1,16,22,15,5,4,21,10,9]     00:00:00:00:00:14    00:00:00:00:00:09 10   1170  [20,1,16,22,19,5,4,21,10,9]     00:00:00:00:00:14    00:00:00:00:00:09 11   1170  [20,1,16,22,19,17,4,21,10,9]     00:00:00:00:00:14    00:00:00:00:00:09 12   1316  [20,1,3,7,5,19,17,4,21,10,9]     00:00:00:00:00:14    00:00:00:00:00:09 13   1316  [20,1,3,7,22,11,5,4,21,10,9]     00:00:00:00:00:14    00:00:00:00:00:09 14   1316  [20,1,3,7,6,13,5,4,21,10,9]     00:00:00:00:00:14    00:00:00:00:00:09 15   1316  [20,1,3,7,2,15,5,4,21,10,9]  
# h00:00:00:00:00:14 -> h00:00:00:00:00:0c
   00:00:00:00:00:14    00:00:00:00:00:0c 0    439  [20,1,3,13,12]     00:00:00:00:00:14    00:00:00:00:00:0c 1    439  [20,1,5,13,12]     00:00:00:00:00:14    00:00:00:00:00:0c 2    439  [20,1,5,15,12]     00:00:00:00:00:14    00:00:00:00:00:0c 3    585  [20,1,5,8,13,12]     00:00:00:00:00:14    00:00:00:00:00:0c 4    585  [20,1,16,22,15,12]     00:00:00:00:00:14    00:00:00:00:00:0c 5    731  [20,1,3,7,5,13,12]     00:00:00:00:00:14    00:00:00:00:00:0c 6    731  [20,1,3,7,5,15,12]     00:00:00:00:00:14    00:00:00:00:00:0c 7    731  [20,1,3,7,6,13,12]     00:00:00:00:00:14    00:00:00:00:00:0c 8    731  [20,1,3,7,2,15,12]     00:00:00:00:00:14    00:00:00:00:00:0c 9    731  [20,1,3,7,22,15,12]     00:00:00:00:00:14    00:00:00:00:00:0c 10    731  [20,1,3,13,5,15,12]     00:00:00:00:00:14    00:00:00:00:00:0c 11    731  [20,1,5,7,3,13,12]     00:00:00:00:00:14    00:00:00:00:00:0c 12    731  [20,1,5,7,6,13,12]     00:00:00:00:00:14    00:00:00:00:00:0c 13    731  [20,1,5,7,2,15,12]     00:00:00:00:00:14    00:00:00:00:00:0c 14    731  [20,1,5,7,22,15,12]     00:00:00:00:00:14    00:00:00:00:00:0c 15    731  [20,1,5,11,22,15,12]  
# h00:00:00:00:00:02 -> h00:00:00:00:00:01
   00:00:00:00:00:02    00:00:00:00:00:01 0    293  [2,7,3,1]     00:00:00:00:00:02    00:00:00:00:00:01 1    293  [2,7,5,1]     00:00:00:00:00:02    00:00:00:00:00:01 2    293  [2,15,5,1]     00:00:00:00:00:02    00:00:00:00:00:01 3    439  [2,7,22,16,1]     00:00:00:00:00:02    00:00:00:00:00:01 4    439  [2,14,7,3,1]     00:00:00:00:00:02    00:00:00:00:00:01 5    439  [2,14,7,5,1]     00:00:00:00:00:02    00:00:00:00:00:01 6    439  [2,15,22,16,1]     00:00:00:00:00:02    00:00:00:00:00:01 7    585  [2,7,3,13,5,1]     00:00:00:00:00:02    00:00:00:00:00:01 8    585  [2,7,5,13,3,1]     00:00:00:00:00:02    00:00:00:00:00:01 9    585  [2,7,6,13,3,1]     00:00:00:00:00:02    00:00:00:00:00:01 10    585  [2,7,6,13,5,1]     00:00:00:00:00:02    00:00:00:00:00:01 11    585  [2,7,22,11,5,1]     00:00:00:00:00:02    00:00:00:00:00:01 12    585  [2,7,22,15,5,1]     00:00:00:00:00:02    00:00:00:00:00:01 13    585  [2,7,22,19,5,1]     00:00:00:00:00:02    00:00:00:00:00:01 14    585  [2,14,7,22,16,1]     00:00:00:00:00:02    00:00:00:00:00:01 15    585  [2,15,5,7,3,1]  
# h00:00:00:00:00:02 -> h00:00:00:00:00:03
   00:00:00:00:00:02    00:00:00:00:00:03 0    146  [2,7,3]     00:00:00:00:00:02    00:00:00:00:00:03 1    293  [2,14,7,3]     00:00:00:00:00:02    00:00:00:00:00:03 2    439  [2,7,5,1,3]     00:00:00:00:00:02    00:00:00:00:00:03 3    439  [2,7,5,13,3]     00:00:00:00:00:02    00:00:00:00:00:03 4    439  [2,7,6,13,3]     00:00:00:00:00:02    00:00:00:00:00:03 5    439  [2,15,5,1,3]     00:00:00:00:00:02    00:00:00:00:00:03 6    439  [2,15,5,7,3]     00:00:00:00:00:02    00:00:00:00:00:03 7    439  [2,15,5,13,3]     00:00:00:00:00:02    00:00:00:00:00:03 8    439  [2,15,22,7,3]     00:00:00:00:00:02    00:00:00:00:00:03 9    439  [2,15,12,13,3]     00:00:00:00:00:02    00:00:00:00:00:03 10    585  [2,7,5,8,13,3]     00:00:00:00:00:02    00:00:00:00:00:03 11    585  [2,7,22,16,1,3]     00:00:00:00:00:02    00:00:00:00:00:03 12    585  [2,14,7,5,1,3]     00:00:00:00:00:02    00:00:00:00:00:03 13    585  [2,14,7,5,13,3]     00:00:00:00:00:02    00:00:00:00:00:03 14    585  [2,14,7,6,13,3]     00:00:00:00:00:02    00:00:00:00:00:03 15    585  [2,15,5,8,13,3]  
# h00:00:00:00:00:02 -> h00:00:00:00:00:05
   00:00:00:00:00:02    00:00:00:00:00:05 0    146  [2,7,5]     00:00:00:00:00:02    00:00:00:00:00:05 1    146  [2,15,5]     00:00:00:00:00:02    00:00:00:00:00:05 2    293  [2,14,7,5]     00:00:00:00:00:02    00:00:00:00:00:05 3    439  [2,7,3,1,5]     00:00:00:00:00:02    00:00:00:00:00:05 4    439  [2,7,3,13,5]     00:00:00:00:00:02    00:00:00:00:00:05 5    439  [2,7,22,11,5]     00:00:00:00:00:02    00:00:00:00:00:05 6    439  [2,7,6,13,5]     00:00:00:00:00:02    00:00:00:00:00:05 7    439  [2,7,22,15,5]     00:00:00:00:00:02    00:00:00:00:00:05 8    439  [2,7,22,19,5]     00:00:00:00:00:02    00:00:00:00:00:05 9    439  [2,15,22,7,5]     00:00:00:00:00:02    00:00:00:00:00:05 10    439  [2,15,12,13,5]     00:00:00:00:00:02    00:00:00:00:00:05 11    439  [2,15,22,11,5]     00:00:00:00:00:02    00:00:00:00:00:05 12    439  [2,15,22,19,5]     00:00:00:00:00:02    00:00:00:00:00:05 13    585  [2,7,3,13,8,5]     00:00:00:00:00:02    00:00:00:00:00:05 14    585  [2,7,6,13,8,5]     00:00:00:00:00:02    00:00:00:00:00:05 15    585  [2,7,22,16,1,5]  
# h00:00:00:00:00:02 -> h00:00:00:00:00:0a
   00:00:00:00:00:02    00:00:00:00:00:0a 0    439  [2,7,3,1,10]     00:00:00:00:00:02    00:00:00:00:00:0a 1    439  [2,7,5,1,10]     00:00:00:00:00:02    00:00:00:00:00:0a 2    439  [2,15,5,1,10]     00:00:00:00:00:02    00:00:00:00:00:0a 3    585  [2,7,5,4,21,10]     00:00:00:00:00:02    00:00:00:00:00:0a 4    585  [2,7,22,16,1,10]     00:00:00:00:00:02    00:00:00:00:00:0a 5    585  [2,14,7,3,1,10]     00:00:00:00:00:02    00:00:00:00:00:0a 6    585  [2,14,7,5,1,10]     00:00:00:00:00:02    00:00:00:00:00:0a 7    585  [2,15,5,4,21,10]     00:00:00:00:00:02    00:00:00:00:00:0a 8    585  [2,15,22,16,1,10]     00:00:00:00:00:02    00:00:00:00:00:0a 9    731  [2,7,3,1,20,9,10]     00:00:00:00:00:02    00:00:00:00:00:0a 10    731  [2,7,3,13,5,1,10]     00:00:00:00:00:02    00:00:00:00:00:0a 11    731  [2,7,5,1,20,9,10]     00:00:00:00:00:02    00:00:00:00:00:0a 12    731  [2,7,5,13,3,1,10]     00:00:00:00:00:02    00:00:00:00:00:0a 13    731  [2,7,6,13,3,1,10]     00:00:00:00:00:02    00:00:00:00:00:0a 14    731  [2,7,6,13,5,1,10]     00:00:00:00:00:02    00:00:00:00:00:0a 15    731  [2,7,22,11,5,1,10]  
# h00:00:00:00:00:02 -> h00:00:00:00:00:10
   00:00:00:00:00:02    00:00:00:00:00:10 0    293  [2,7,22,16]     00:00:00:00:00:02    00:00:00:00:00:10 1    293  [2,15,22,16]     00:00:00:00:00:02    00:00:00:00:00:10 2    439  [2,7,3,1,16]     00:00:00:00:00:02    00:00:00:00:00:10 3    439  [2,7,5,1,16]     00:00:00:00:00:02    00:00:00:00:00:10 4    439  [2,14,7,22,16]     00:00:00:00:00:02    00:00:00:00:00:10 5    439  [2,15,5,1,16]     00:00:00:00:00:02    00:00:00:00:00:10 6    585  [2,7,5,11,22,16]     00:00:00:00:00:02    00:00:00:00:00:10 7    585  [2,7,5,15,22,16]     00:00:00:00:00:02    00:00:00:00:00:10 8    585  [2,7,5,19,22,16]     00:00:00:00:00:02    00:00:00:00:00:10 9    585  [2,7,6,18,22,16]     00:00:00:00:00:02    00:00:00:00:00:10 10    585  [2,14,7,3,1,16]     00:00:00:00:00:02    00:00:00:00:00:10 11    585  [2,14,7,5,1,16]     00:00:00:00:00:02    00:00:00:00:00:10 12    585  [2,15,5,7,22,16]     00:00:00:00:00:02    00:00:00:00:00:10 13    585  [2,15,5,11,22,16]     00:00:00:00:00:02    00:00:00:00:00:10 14    585  [2,15,5,19,22,16]     00:00:00:00:00:02    00:00:00:00:00:10 15    731  [2,7,3,13,5,1,16]  
# h00:00:00:00:00:02 -> h00:00:00:00:00:14
   00:00:00:00:00:02    00:00:00:00:00:14 0    439  [2,7,3,1,20]     00:00:00:00:00:02    00:00:00:00:00:14 1    439  [2,7,5,1,20]     00:00:00:00:00:02    00:00:00:00:00:14 2    439  [2,15,5,1,20]     00:00:00:00:00:02    00:00:00:00:00:14 3    585  [2,7,22,16,1,20]     00:00:00:00:00:02    00:00:00:00:00:14 4    585  [2,14,7,3,1,20]     00:00:00:00:00:02    00:00:00:00:00:14 5    585  [2,14,7,5,1,20]     00:00:00:00:00:02    00:00:00:00:00:14 6    585  [2,15,22,16,1,20]     00:00:00:00:00:02    00:00:00:00:00:14 7    731  [2,7,3,1,10,9,20]     00:00:00:00:00:02    00:00:00:00:00:14 8    731  [2,7,3,13,5,1,20]     00:00:00:00:00:02    00:00:00:00:00:14 9    731  [2,7,5,1,10,9,20]     00:00:00:00:00:02    00:00:00:00:00:14 10    731  [2,7,5,13,3,1,20]     00:00:00:00:00:02    00:00:00:00:00:14 11    731  [2,7,6,13,3,1,20]     00:00:00:00:00:02    00:00:00:00:00:14 12    731  [2,7,6,13,5,1,20]     00:00:00:00:00:02    00:00:00:00:00:14 13    731  [2,7,22,11,5,1,20]     00:00:00:00:00:02    00:00:00:00:00:14 14    731  [2,7,22,15,5,1,20]     00:00:00:00:00:02    00:00:00:00:00:14 15    731  [2,7,22,19,5,1,20]  
# h00:00:00:00:00:02 -> h00:00:00:00:00:07
   00:00:00:00:00:02    00:00:00:00:00:07 0      0  [2,7]     00:00:00:00:00:02    00:00:00:00:00:07 1    146  [2,14,7]     00:00:00:00:00:02    00:00:00:00:00:07 2    293  [2,15,5,7]     00:00:00:00:00:02    00:00:00:00:00:07 3    293  [2,15,22,7]     00:00:00:00:00:02    00:00:00:00:00:07 4    585  [2,15,5,1,3,7]     00:00:00:00:00:02    00:00:00:00:00:07 5    585  [2,15,5,13,3,7]     00:00:00:00:00:02    00:00:00:00:00:07 6    585  [2,15,5,11,22,7]     00:00:00:00:00:02    00:00:00:00:00:07 7    585  [2,15,5,13,6,7]     00:00:00:00:00:02    00:00:00:00:00:07 8    585  [2,15,5,19,22,7]     00:00:00:00:00:02    00:00:00:00:00:07 9    585  [2,15,12,13,3,7]     00:00:00:00:00:02    00:00:00:00:00:07 10    585  [2,15,12,13,5,7]     00:00:00:00:00:02    00:00:00:00:00:07 11    585  [2,15,12,13,6,7]     00:00:00:00:00:02    00:00:00:00:00:07 12    585  [2,15,22,11,5,7]     00:00:00:00:00:02    00:00:00:00:00:07 13    585  [2,15,22,19,5,7]     00:00:00:00:00:02    00:00:00:00:00:07 14    585  [2,15,22,18,6,7]     00:00:00:00:00:02    00:00:00:00:00:07 15    731  [2,15,5,1,16,22,7]  
# h00:00:00:00:00:02 -> h00:00:00:00:00:0e
   00:00:00:00:00:02    00:00:00:00:00:0e 0      0  [2,14]     00:00:00:00:00:02    00:00:00:00:00:0e 1    146  [2,7,14]     00:00:00:00:00:02    00:00:00:00:00:0e 2    439  [2,15,5,7,14]     00:00:00:00:00:02    00:00:00:00:00:0e 3    439  [2,15,22,7,14]     00:00:00:00:00:02    00:00:00:00:00:0e 4    731  [2,15,5,1,3,7,14]     00:00:00:00:00:02    00:00:00:00:00:0e 5    731  [2,15,5,13,3,7,14]     00:00:00:00:00:02    00:00:00:00:00:0e 6    731  [2,15,5,11,22,7,14]     00:00:00:00:00:02    00:00:00:00:00:0e 7    731  [2,15,5,13,6,7,14]     00:00:00:00:00:02    00:00:00:00:00:0e 8    731  [2,15,5,19,22,7,14]     00:00:00:00:00:02    00:00:00:00:00:0e 9    731  [2,15,12,13,3,7,14]     00:00:00:00:00:02    00:00:00:00:00:0e 10    731  [2,15,12,13,5,7,14]     00:00:00:00:00:02    00:00:00:00:00:0e 11    731  [2,15,12,13,6,7,14]     00:00:00:00:00:02    00:00:00:00:00:0e 12    731  [2,15,22,11,5,7,14]     00:00:00:00:00:02    00:00:00:00:00:0e 13    731  [2,15,22,19,5,7,14]     00:00:00:00:00:02    00:00:00:00:00:0e 14    731  [2,15,22,18,6,7,14]     00:00:00:00:00:02    00:00:00:00:00:0e 15    877  [2,15,5,1,16,22,7,14]  
# h00:00:00:00:00:02 -> h00:00:00:00:00:0f
   00:00:00:00:00:02    00:00:00:00:00:0f 0      0  [2,15]     00:00:00:00:00:02    00:00:00:00:00:0f 1    293  [2,7,5,15]     00:00:00:00:00:02    00:00:00:00:00:0f 2    293  [2,7,22,15]     00:00:00:00:00:02    00:00:00:00:00:0f 3    439  [2,14,7,5,15]     00:00:00:00:00:02    00:00:00:00:00:0f 4    439  [2,14,7,22,15]     00:00:00:00:00:02    00:00:00:00:00:0f 5    585  [2,7,3,1,5,15]     00:00:00:00:00:02    00:00:00:00:00:0f 6    585  [2,7,3,13,5,15]     00:00:00:00:00:02    00:00:00:00:00:0f 7    585  [2,7,3,13,12,15]     00:00:00:00:00:02    00:00:00:00:00:0f 8    585  [2,7,5,13,12,15]     00:00:00:00:00:02    00:00:00:00:00:0f 9    585  [2,7,5,11,22,15]     00:00:00:00:00:02    00:00:00:00:00:0f 10    585  [2,7,5,19,22,15]     00:00:00:00:00:02    00:00:00:00:00:0f 11    585  [2,7,6,13,5,15]     00:00:00:00:00:02    00:00:00:00:00:0f 12    585  [2,7,6,13,12,15]     00:00:00:00:00:02    00:00:00:00:00:0f 13    585  [2,7,6,18,22,15]     00:00:00:00:00:02    00:00:00:00:00:0f 14    585  [2,7,22,11,5,15]     00:00:00:00:00:02    00:00:00:00:00:0f 15    585  [2,7,22,19,5,15]  
# h00:00:00:00:00:02 -> h00:00:00:00:00:0d
   00:00:00:00:00:02    00:00:00:00:00:0d 0    293  [2,7,3,13]     00:00:00:00:00:02    00:00:00:00:00:0d 1    293  [2,7,5,13]     00:00:00:00:00:02    00:00:00:00:00:0d 2    293  [2,7,6,13]     00:00:00:00:00:02    00:00:00:00:00:0d 3    293  [2,15,5,13]     00:00:00:00:00:02    00:00:00:00:00:0d 4    293  [2,15,12,13]     00:00:00:00:00:02    00:00:00:00:00:0d 5    439  [2,7,5,8,13]     00:00:00:00:00:02    00:00:00:00:00:0d 6    439  [2,14,7,3,13]     00:00:00:00:00:02    00:00:00:00:00:0d 7    439  [2,14,7,5,13]     00:00:00:00:00:02    00:00:00:00:00:0d 8    439  [2,14,7,6,13]     00:00:00:00:00:02    00:00:00:00:00:0d 9    439  [2,15,5,8,13]     00:00:00:00:00:02    00:00:00:00:00:0d 10    585  [2,7,3,1,5,13]     00:00:00:00:00:02    00:00:00:00:00:0d 11    585  [2,7,5,1,3,13]     00:00:00:00:00:02    00:00:00:00:00:0d 12    585  [2,7,5,15,12,13]     00:00:00:00:00:02    00:00:00:00:00:0d 13    585  [2,7,22,11,5,13]     00:00:00:00:00:02    00:00:00:00:00:0d 14    585  [2,7,22,15,5,13]     00:00:00:00:00:02    00:00:00:00:00:0d 15    585  [2,7,22,15,12,13]  
# h00:00:00:00:00:02 -> h00:00:00:00:00:04
   00:00:00:00:00:02    00:00:00:00:00:04 0    293  [2,7,5,4]     00:00:00:00:00:02    00:00:00:00:00:04 1    293  [2,15,5,4]     00:00:00:00:00:02    00:00:00:00:00:04 2    439  [2,14,7,5,4]     00:00:00:00:00:02    00:00:00:00:00:04 3    585  [2,7,3,1,5,4]     00:00:00:00:00:02    00:00:00:00:00:04 4    585  [2,7,3,13,5,4]     00:00:00:00:00:02    00:00:00:00:00:04 5    585  [2,7,5,19,17,4]     00:00:00:00:00:02    00:00:00:00:00:04 6    585  [2,7,22,11,5,4]     00:00:00:00:00:02    00:00:00:00:00:04 7    585  [2,7,6,13,5,4]     00:00:00:00:00:02    00:00:00:00:00:04 8    585  [2,7,22,15,5,4]     00:00:00:00:00:02    00:00:00:00:00:04 9    585  [2,7,22,19,5,4]     00:00:00:00:00:02    00:00:00:00:00:04 10    585  [2,7,22,19,17,4]     00:00:00:00:00:02    00:00:00:00:00:04 11    585  [2,15,5,19,17,4]     00:00:00:00:00:02    00:00:00:00:00:04 12    585  [2,15,22,7,5,4]     00:00:00:00:00:02    00:00:00:00:00:04 13    585  [2,15,12,13,5,4]     00:00:00:00:00:02    00:00:00:00:00:04 14    585  [2,15,22,11,5,4]     00:00:00:00:00:02    00:00:00:00:00:04 15    585  [2,15,22,19,5,4]  
# h00:00:00:00:00:02 -> h00:00:00:00:00:11
   00:00:00:00:00:02    00:00:00:00:00:11 0    439  [2,7,5,4,17]     00:00:00:00:00:02    00:00:00:00:00:11 1    439  [2,7,5,19,17]     00:00:00:00:00:02    00:00:00:00:00:11 2    439  [2,7,22,19,17]     00:00:00:00:00:02    00:00:00:00:00:11 3    439  [2,15,5,4,17]     00:00:00:00:00:02    00:00:00:00:00:11 4    439  [2,15,5,19,17]     00:00:00:00:00:02    00:00:00:00:00:11 5    439  [2,15,22,19,17]     00:00:00:00:00:02    00:00:00:00:00:11 6    585  [2,14,7,5,4,17]     00:00:00:00:00:02    00:00:00:00:00:11 7    585  [2,14,7,5,19,17]     00:00:00:00:00:02    00:00:00:00:00:11 8    585  [2,14,7,22,19,17]     00:00:00:00:00:02    00:00:00:00:00:11 9    731  [2,7,3,1,5,4,17]     00:00:00:00:00:02    00:00:00:00:00:11 10    731  [2,7,3,1,5,19,17]     00:00:00:00:00:02    00:00:00:00:00:11 11    731  [2,7,3,13,5,4,17]     00:00:00:00:00:02    00:00:00:00:00:11 12    731  [2,7,3,13,5,19,17]     00:00:00:00:00:02    00:00:00:00:00:11 13    731  [2,7,5,11,22,19,17]     00:00:00:00:00:02    00:00:00:00:00:11 14    731  [2,7,5,15,22,19,17]     00:00:00:00:00:02    00:00:00:00:00:11 15    731  [2,7,6,13,5,4,17]  
# h00:00:00:00:00:02 -> h00:00:00:00:00:15
   00:00:00:00:00:02    00:00:00:00:00:15 0    439  [2,7,5,4,21]     00:00:00:00:00:02    00:00:00:00:00:15 1    439  [2,15,5,4,21]     00:00:00:00:00:02    00:00:00:00:00:15 2    585  [2,7,3,1,10,21]     00:00:00:00:00:02    00:00:00:00:00:15 3    585  [2,7,5,1,10,21]     00:00:00:00:00:02    00:00:00:00:00:15 4    585  [2,14,7,5,4,21]     00:00:00:00:00:02    00:00:00:00:00:15 5    585  [2,15,5,1,10,21]     00:00:00:00:00:02    00:00:00:00:00:15 6    731  [2,7,3,1,5,4,21]     00:00:00:00:00:02    00:00:00:00:00:15 7    731  [2,7,3,13,5,4,21]     00:00:00:00:00:02    00:00:00:00:00:15 8    731  [2,7,5,19,17,4,21]     00:00:00:00:00:02    00:00:00:00:00:15 9    731  [2,7,22,11,5,4,21]     00:00:00:00:00:02    00:00:00:00:00:15 10    731  [2,7,6,13,5,4,21]     00:00:00:00:00:02    00:00:00:00:00:15 11    731  [2,7,22,15,5,4,21]     00:00:00:00:00:02    00:00:00:00:00:15 12    731  [2,7,22,19,5,4,21]     00:00:00:00:00:02    00:00:00:00:00:15 13    731  [2,7,22,16,1,10,21]     00:00:00:00:00:02    00:00:00:00:00:15 14    731  [2,7,22,19,17,4,21]     00:00:00:00:00:02    00:00:00:00:00:15 15    731  [2,14,7,3,1,10,21]  
# h00:00:00:00:00:02 -> h00:00:00:00:00:08
   00:00:00:00:00:02    00:00:00:00:00:08 0    293  [2,7,5,8]     00:00:00:00:00:02    00:00:00:00:00:08 1    293  [2,15,5,8]     00:00:00:00:00:02    00:00:00:00:00:08 2    439  [2,7,3,13,8]     00:00:00:00:00:02    00:00:00:00:00:08 3    439  [2,7,5,13,8]     00:00:00:00:00:02    00:00:00:00:00:08 4    439  [2,7,6,13,8]     00:00:00:00:00:02    00:00:00:00:00:08 5    439  [2,14,7,5,8]     00:00:00:00:00:02    00:00:00:00:00:08 6    439  [2,15,5,13,8]     00:00:00:00:00:02    00:00:00:00:00:08 7    439  [2,15,12,13,8]     00:00:00:00:00:02    00:00:00:00:00:08 8    585  [2,7,3,1,5,8]     00:00:00:00:00:02    00:00:00:00:00:08 9    585  [2,7,3,13,5,8]     00:00:00:00:00:02    00:00:00:00:00:08 10    585  [2,7,6,13,5,8]     00:00:00:00:00:02    00:00:00:00:00:08 11    585  [2,7,22,11,5,8]     00:00:00:00:00:02    00:00:00:00:00:08 12    585  [2,7,22,15,5,8]     00:00:00:00:00:02    00:00:00:00:00:08 13    585  [2,7,22,19,5,8]     00:00:00:00:00:02    00:00:00:00:00:08 14    585  [2,14,7,3,13,8]     00:00:00:00:00:02    00:00:00:00:00:08 15    585  [2,14,7,5,13,8]  
# h00:00:00:00:00:02 -> h00:00:00:00:00:0b
   00:00:00:00:00:02    00:00:00:00:00:0b 0    293  [2,7,5,11]     00:00:00:00:00:02    00:00:00:00:00:0b 1    293  [2,7,22,11]     00:00:00:00:00:02    00:00:00:00:00:0b 2    293  [2,15,5,11]     00:00:00:00:00:02    00:00:00:00:00:0b 3    293  [2,15,22,11]     00:00:00:00:00:02    00:00:00:00:00:0b 4    439  [2,14,7,5,11]     00:00:00:00:00:02    00:00:00:00:00:0b 5    439  [2,14,7,22,11]     00:00:00:00:00:02    00:00:00:00:00:0b 6    585  [2,7,3,1,5,11]     00:00:00:00:00:02    00:00:00:00:00:0b 7    585  [2,7,3,13,5,11]     00:00:00:00:00:02    00:00:00:00:00:0b 8    585  [2,7,5,15,22,11]     00:00:00:00:00:02    00:00:00:00:00:0b 9    585  [2,7,5,19,22,11]     00:00:00:00:00:02    00:00:00:00:00:0b 10    585  [2,7,6,13,5,11]     00:00:00:00:00:02    00:00:00:00:00:0b 11    585  [2,7,6,18,22,11]     00:00:00:00:00:02    00:00:00:00:00:0b 12    585  [2,7,22,15,5,11]     00:00:00:00:00:02    00:00:00:00:00:0b 13    585  [2,7,22,19,5,11]     00:00:00:00:00:02    00:00:00:00:00:0b 14    585  [2,15,5,7,22,11]     00:00:00:00:00:02    00:00:00:00:00:0b 15    585  [2,15,5,19,22,11]  
# h00:00:00:00:00:02 -> h00:00:00:00:00:13
   00:00:00:00:00:02    00:00:00:00:00:13 0    293  [2,7,5,19]     00:00:00:00:00:02    00:00:00:00:00:13 1    293  [2,7,22,19]     00:00:00:00:00:02    00:00:00:00:00:13 2    293  [2,15,5,19]     00:00:00:00:00:02    00:00:00:00:00:13 3    293  [2,15,22,19]     00:00:00:00:00:02    00:00:00:00:00:13 4    439  [2,14,7,5,19]     00:00:00:00:00:02    00:00:00:00:00:13 5    439  [2,14,7,22,19]     00:00:00:00:00:02    00:00:00:00:00:13 6    585  [2,7,3,1,5,19]     00:00:00:00:00:02    00:00:00:00:00:13 7    585  [2,7,3,13,5,19]     00:00:00:00:00:02    00:00:00:00:00:13 8    585  [2,7,5,4,17,19]     00:00:00:00:00:02    00:00:00:00:00:13 9    585  [2,7,5,11,22,19]     00:00:00:00:00:02    00:00:00:00:00:13 10    585  [2,7,5,15,22,19]     00:00:00:00:00:02    00:00:00:00:00:13 11    585  [2,7,6,13,5,19]     00:00:00:00:00:02    00:00:00:00:00:13 12    585  [2,7,6,18,22,19]     00:00:00:00:00:02    00:00:00:00:00:13 13    585  [2,7,22,11,5,19]     00:00:00:00:00:02    00:00:00:00:00:13 14    585  [2,7,22,15,5,19]     00:00:00:00:00:02    00:00:00:00:00:13 15    585  [2,15,5,4,17,19]  
# h00:00:00:00:00:02 -> h00:00:00:00:00:06
   00:00:00:00:00:02    00:00:00:00:00:06 0    146  [2,7,6]     00:00:00:00:00:02    00:00:00:00:00:06 1    293  [2,14,7,6]     00:00:00:00:00:02    00:00:00:00:00:06 2    439  [2,7,3,13,6]     00:00:00:00:00:02    00:00:00:00:00:06 3    439  [2,7,5,13,6]     00:00:00:00:00:02    00:00:00:00:00:06 4    439  [2,7,22,18,6]     00:00:00:00:00:02    00:00:00:00:00:06 5    439  [2,15,5,7,6]     00:00:00:00:00:02    00:00:00:00:00:06 6    439  [2,15,5,13,6]     00:00:00:00:00:02    00:00:00:00:00:06 7    439  [2,15,22,7,6]     00:00:00:00:00:02    00:00:00:00:00:06 8    439  [2,15,12,13,6]     00:00:00:00:00:02    00:00:00:00:00:06 9    439  [2,15,22,18,6]     00:00:00:00:00:02    00:00:00:00:00:06 10    585  [2,7,5,8,13,6]     00:00:00:00:00:02    00:00:00:00:00:06 11    585  [2,14,7,3,13,6]     00:00:00:00:00:02    00:00:00:00:00:06 12    585  [2,14,7,5,13,6]     00:00:00:00:00:02    00:00:00:00:00:06 13    585  [2,14,7,22,18,6]     00:00:00:00:00:02    00:00:00:00:00:06 14    585  [2,15,5,8,13,6]     00:00:00:00:00:02    00:00:00:00:00:06 15    731  [2,7,3,1,5,13,6]  
# h00:00:00:00:00:02 -> h00:00:00:00:00:12
   00:00:00:00:00:02    00:00:00:00:00:12 0    293  [2,7,6,18]     00:00:00:00:00:02    00:00:00:00:00:12 1    293  [2,7,22,18]     00:00:00:00:00:02    00:00:00:00:00:12 2    293  [2,15,22,18]     00:00:00:00:00:02    00:00:00:00:00:12 3    439  [2,14,7,6,18]     00:00:00:00:00:02    00:00:00:00:00:12 4    439  [2,14,7,22,18]     00:00:00:00:00:02    00:00:00:00:00:12 5    585  [2,7,3,13,6,18]     00:00:00:00:00:02    00:00:00:00:00:12 6    585  [2,7,5,13,6,18]     00:00:00:00:00:02    00:00:00:00:00:12 7    585  [2,7,5,11,22,18]     00:00:00:00:00:02    00:00:00:00:00:12 8    585  [2,7,5,15,22,18]     00:00:00:00:00:02    00:00:00:00:00:12 9    585  [2,7,5,19,22,18]     00:00:00:00:00:02    00:00:00:00:00:12 10    585  [2,15,5,7,6,18]     00:00:00:00:00:02    00:00:00:00:00:12 11    585  [2,15,5,7,22,18]     00:00:00:00:00:02    00:00:00:00:00:12 12    585  [2,15,5,13,6,18]     00:00:00:00:00:02    00:00:00:00:00:12 13    585  [2,15,5,11,22,18]     00:00:00:00:00:02    00:00:00:00:00:12 14    585  [2,15,5,19,22,18]     00:00:00:00:00:02    00:00:00:00:00:12 15    585  [2,15,12,13,6,18]  
# h00:00:00:00:00:02 -> h00:00:00:00:00:16
   00:00:00:00:00:02    00:00:00:00:00:16 0    146  [2,7,22]     00:00:00:00:00:02    00:00:00:00:00:16 1    146  [2,15,22]     00:00:00:00:00:02    00:00:00:00:00:16 2    293  [2,14,7,22]     00:00:00:00:00:02    00:00:00:00:00:16 3    439  [2,7,5,11,22]     00:00:00:00:00:02    00:00:00:00:00:16 4    439  [2,7,5,15,22]     00:00:00:00:00:02    00:00:00:00:00:16 5    439  [2,7,5,19,22]     00:00:00:00:00:02    00:00:00:00:00:16 6    439  [2,7,6,18,22]     00:00:00:00:00:02    00:00:00:00:00:16 7    439  [2,15,5,7,22]     00:00:00:00:00:02    00:00:00:00:00:16 8    439  [2,15,5,11,22]     00:00:00:00:00:02    00:00:00:00:00:16 9    439  [2,15,5,19,22]     00:00:00:00:00:02    00:00:00:00:00:16 10    585  [2,7,3,1,16,22]     00:00:00:00:00:02    00:00:00:00:00:16 11    585  [2,7,5,1,16,22]     00:00:00:00:00:02    00:00:00:00:00:16 12    585  [2,14,7,5,11,22]     00:00:00:00:00:02    00:00:00:00:00:16 13    585  [2,14,7,5,15,22]     00:00:00:00:00:02    00:00:00:00:00:16 14    585  [2,14,7,5,19,22]     00:00:00:00:00:02    00:00:00:00:00:16 15    585  [2,14,7,6,18,22]  
# h00:00:00:00:00:02 -> h00:00:00:00:00:09
   00:00:00:00:00:02    00:00:00:00:00:09 0    585  [2,7,3,1,10,9]     00:00:00:00:00:02    00:00:00:00:00:09 1    585  [2,7,3,1,20,9]     00:00:00:00:00:02    00:00:00:00:00:09 2    585  [2,7,5,1,10,9]     00:00:00:00:00:02    00:00:00:00:00:09 3    585  [2,7,5,1,20,9]     00:00:00:00:00:02    00:00:00:00:00:09 4    585  [2,15,5,1,10,9]     00:00:00:00:00:02    00:00:00:00:00:09 5    585  [2,15,5,1,20,9]     00:00:00:00:00:02    00:00:00:00:00:09 6    731  [2,7,5,4,21,10,9]     00:00:00:00:00:02    00:00:00:00:00:09 7    731  [2,7,22,16,1,10,9]     00:00:00:00:00:02    00:00:00:00:00:09 8    731  [2,7,22,16,1,20,9]     00:00:00:00:00:02    00:00:00:00:00:09 9    731  [2,14,7,3,1,10,9]     00:00:00:00:00:02    00:00:00:00:00:09 10    731  [2,14,7,3,1,20,9]     00:00:00:00:00:02    00:00:00:00:00:09 11    731  [2,14,7,5,1,10,9]     00:00:00:00:00:02    00:00:00:00:00:09 12    731  [2,14,7,5,1,20,9]     00:00:00:00:00:02    00:00:00:00:00:09 13    731  [2,15,5,4,21,10,9]     00:00:00:00:00:02    00:00:00:00:00:09 14    731  [2,15,22,16,1,10,9]     00:00:00:00:00:02    00:00:00:00:00:09 15    731  [2,15,22,16,1,20,9]  
# h00:00:00:00:00:02 -> h00:00:00:00:00:0c
   00:00:00:00:00:02    00:00:00:00:00:0c 0    146  [2,15,12]     00:00:00:00:00:02    00:00:00:00:00:0c 1    439  [2,7,3,13,12]     00:00:00:00:00:02    00:00:00:00:00:0c 2    439  [2,7,5,13,12]     00:00:00:00:00:02    00:00:00:00:00:0c 3    439  [2,7,5,15,12]     00:00:00:00:00:02    00:00:00:00:00:0c 4    439  [2,7,6,13,12]     00:00:00:00:00:02    00:00:00:00:00:0c 5    439  [2,7,22,15,12]     00:00:00:00:00:02    00:00:00:00:00:0c 6    439  [2,15,5,13,12]     00:00:00:00:00:02    00:00:00:00:00:0c 7    585  [2,7,5,8,13,12]     00:00:00:00:00:02    00:00:00:00:00:0c 8    585  [2,14,7,3,13,12]     00:00:00:00:00:02    00:00:00:00:00:0c 9    585  [2,14,7,5,13,12]     00:00:00:00:00:02    00:00:00:00:00:0c 10    585  [2,14,7,5,15,12]     00:00:00:00:00:02    00:00:00:00:00:0c 11    585  [2,14,7,6,13,12]     00:00:00:00:00:02    00:00:00:00:00:0c 12    585  [2,14,7,22,15,12]     00:00:00:00:00:02    00:00:00:00:00:0c 13    585  [2,15,5,8,13,12]     00:00:00:00:00:02    00:00:00:00:00:0c 14    731  [2,7,3,1,5,13,12]     00:00:00:00:00:02    00:00:00:00:00:0c 15    731  [2,7,3,1,5,15,12]  
# h00:00:00:00:00:07 -> h00:00:00:00:00:01
   00:00:00:00:00:07    00:00:00:00:00:01 0    146  [7,3,1]     00:00:00:00:00:07    00:00:00:00:00:01 1    146  [7,5,1]     00:00:00:00:00:07    00:00:00:00:00:01 2    293  [7,22,16,1]     00:00:00:00:00:07    00:00:00:00:00:01 3    439  [7,3,13,5,1]     00:00:00:00:00:07    00:00:00:00:00:01 4    439  [7,5,13,3,1]     00:00:00:00:00:07    00:00:00:00:00:01 5    439  [7,6,13,3,1]     00:00:00:00:00:07    00:00:00:00:00:01 6    439  [7,2,15,5,1]     00:00:00:00:00:07    00:00:00:00:00:01 7    439  [7,6,13,5,1]     00:00:00:00:00:07    00:00:00:00:00:01 8    439  [7,22,11,5,1]     00:00:00:00:00:07    00:00:00:00:00:01 9    439  [7,22,15,5,1]     00:00:00:00:00:07    00:00:00:00:00:01 10    439  [7,22,19,5,1]     00:00:00:00:00:07    00:00:00:00:00:01 11    585  [7,2,15,22,16,1]     00:00:00:00:00:07    00:00:00:00:00:01 12    585  [7,3,13,8,5,1]     00:00:00:00:00:07    00:00:00:00:00:01 13    585  [7,5,8,13,3,1]     00:00:00:00:00:07    00:00:00:00:00:01 14    585  [7,5,4,21,10,1]     00:00:00:00:00:07    00:00:00:00:00:01 15    585  [7,5,11,22,16,1]  
# h00:00:00:00:00:07 -> h00:00:00:00:00:03
   00:00:00:00:00:07    00:00:00:00:00:03 0      0  [7,3]     00:00:00:00:00:07    00:00:00:00:00:03 1    293  [7,5,1,3]     00:00:00:00:00:07    00:00:00:00:00:03 2    293  [7,5,13,3]     00:00:00:00:00:07    00:00:00:00:00:03 3    293  [7,6,13,3]     00:00:00:00:00:07    00:00:00:00:00:03 4    439  [7,5,8,13,3]     00:00:00:00:00:07    00:00:00:00:00:03 5    439  [7,22,16,1,3]     00:00:00:00:00:07    00:00:00:00:00:03 6    585  [7,2,15,5,1,3]     00:00:00:00:00:07    00:00:00:00:00:03 7    585  [7,2,15,5,13,3]     00:00:00:00:00:07    00:00:00:00:00:03 8    585  [7,2,15,12,13,3]     00:00:00:00:00:07    00:00:00:00:00:03 9    585  [7,5,15,12,13,3]     00:00:00:00:00:07    00:00:00:00:00:03 10    585  [7,6,13,5,1,3]     00:00:00:00:00:07    00:00:00:00:00:03 11    585  [7,22,11,5,1,3]     00:00:00:00:00:07    00:00:00:00:00:03 12    585  [7,22,11,5,13,3]     00:00:00:00:00:07    00:00:00:00:00:03 13    585  [7,22,15,5,1,3]     00:00:00:00:00:07    00:00:00:00:00:03 14    585  [7,22,15,5,13,3]     00:00:00:00:00:07    00:00:00:00:00:03 15    585  [7,22,15,12,13,3]  
# h00:00:00:00:00:07 -> h00:00:00:00:00:05
   00:00:00:00:00:07    00:00:00:00:00:05 0      0  [7,5]     00:00:00:00:00:07    00:00:00:00:00:05 1    293  [7,3,1,5]     00:00:00:00:00:07    00:00:00:00:00:05 2    293  [7,3,13,5]     00:00:00:00:00:07    00:00:00:00:00:05 3    293  [7,22,11,5]     00:00:00:00:00:07    00:00:00:00:00:05 4    293  [7,6,13,5]     00:00:00:00:00:07    00:00:00:00:00:05 5    293  [7,2,15,5]     00:00:00:00:00:07    00:00:00:00:00:05 6    293  [7,22,15,5]     00:00:00:00:00:07    00:00:00:00:00:05 7    293  [7,22,19,5]     00:00:00:00:00:07    00:00:00:00:00:05 8    439  [7,3,13,8,5]     00:00:00:00:00:07    00:00:00:00:00:05 9    439  [7,6,13,8,5]     00:00:00:00:00:07    00:00:00:00:00:05 10    439  [7,14,2,15,5]     00:00:00:00:00:07    00:00:00:00:00:05 11    439  [7,22,16,1,5]     00:00:00:00:00:07    00:00:00:00:00:05 12    585  [7,2,15,22,11,5]     00:00:00:00:00:07    00:00:00:00:00:05 13    585  [7,2,15,12,13,5]     00:00:00:00:00:07    00:00:00:00:00:05 14    585  [7,2,15,22,19,5]     00:00:00:00:00:07    00:00:00:00:00:05 15    585  [7,3,13,12,15,5]  
# h00:00:00:00:00:07 -> h00:00:00:00:00:0a
   00:00:00:00:00:07    00:00:00:00:00:0a 0    293  [7,3,1,10]     00:00:00:00:00:07    00:00:00:00:00:0a 1    293  [7,5,1,10]     00:00:00:00:00:07    00:00:00:00:00:0a 2    439  [7,5,4,21,10]     00:00:00:00:00:07    00:00:00:00:00:0a 3    439  [7,22,16,1,10]     00:00:00:00:00:07    00:00:00:00:00:0a 4    585  [7,3,1,20,9,10]     00:00:00:00:00:07    00:00:00:00:00:0a 5    585  [7,3,13,5,1,10]     00:00:00:00:00:07    00:00:00:00:00:0a 6    585  [7,5,1,20,9,10]     00:00:00:00:00:07    00:00:00:00:00:0a 7    585  [7,5,13,3,1,10]     00:00:00:00:00:07    00:00:00:00:00:0a 8    585  [7,6,13,3,1,10]     00:00:00:00:00:07    00:00:00:00:00:0a 9    585  [7,2,15,5,1,10]     00:00:00:00:00:07    00:00:00:00:00:0a 10    585  [7,6,13,5,1,10]     00:00:00:00:00:07    00:00:00:00:00:0a 11    585  [7,22,11,5,1,10]     00:00:00:00:00:07    00:00:00:00:00:0a 12    585  [7,22,15,5,1,10]     00:00:00:00:00:07    00:00:00:00:00:0a 13    585  [7,22,19,5,1,10]     00:00:00:00:00:07    00:00:00:00:00:0a 14    731  [7,2,15,5,4,21,10]     00:00:00:00:00:07    00:00:00:00:00:0a 15    731  [7,2,15,22,16,1,10]  
# h00:00:00:00:00:07 -> h00:00:00:00:00:10
   00:00:00:00:00:07    00:00:00:00:00:10 0    146  [7,22,16]     00:00:00:00:00:07    00:00:00:00:00:10 1    293  [7,3,1,16]     00:00:00:00:00:07    00:00:00:00:00:10 2    293  [7,5,1,16]     00:00:00:00:00:07    00:00:00:00:00:10 3    439  [7,2,15,22,16]     00:00:00:00:00:07    00:00:00:00:00:10 4    439  [7,5,11,22,16]     00:00:00:00:00:07    00:00:00:00:00:10 5    439  [7,5,15,22,16]     00:00:00:00:00:07    00:00:00:00:00:10 6    439  [7,5,19,22,16]     00:00:00:00:00:07    00:00:00:00:00:10 7    439  [7,6,18,22,16]     00:00:00:00:00:07    00:00:00:00:00:10 8    585  [7,2,15,5,1,16]     00:00:00:00:00:07    00:00:00:00:00:10 9    585  [7,3,13,5,1,16]     00:00:00:00:00:07    00:00:00:00:00:10 10    585  [7,5,13,3,1,16]     00:00:00:00:00:07    00:00:00:00:00:10 11    585  [7,6,13,3,1,16]     00:00:00:00:00:07    00:00:00:00:00:10 12    585  [7,6,13,5,1,16]     00:00:00:00:00:07    00:00:00:00:00:10 13    585  [7,14,2,15,22,16]     00:00:00:00:00:07    00:00:00:00:00:10 14    585  [7,22,11,5,1,16]     00:00:00:00:00:07    00:00:00:00:00:10 15    585  [7,22,15,5,1,16]  
# h00:00:00:00:00:07 -> h00:00:00:00:00:14
   00:00:00:00:00:07    00:00:00:00:00:14 0    293  [7,3,1,20]     00:00:00:00:00:07    00:00:00:00:00:14 1    293  [7,5,1,20]     00:00:00:00:00:07    00:00:00:00:00:14 2    439  [7,22,16,1,20]     00:00:00:00:00:07    00:00:00:00:00:14 3    585  [7,3,1,10,9,20]     00:00:00:00:00:07    00:00:00:00:00:14 4    585  [7,3,13,5,1,20]     00:00:00:00:00:07    00:00:00:00:00:14 5    585  [7,5,1,10,9,20]     00:00:00:00:00:07    00:00:00:00:00:14 6    585  [7,5,13,3,1,20]     00:00:00:00:00:07    00:00:00:00:00:14 7    585  [7,6,13,3,1,20]     00:00:00:00:00:07    00:00:00:00:00:14 8    585  [7,2,15,5,1,20]     00:00:00:00:00:07    00:00:00:00:00:14 9    585  [7,6,13,5,1,20]     00:00:00:00:00:07    00:00:00:00:00:14 10    585  [7,22,11,5,1,20]     00:00:00:00:00:07    00:00:00:00:00:14 11    585  [7,22,15,5,1,20]     00:00:00:00:00:07    00:00:00:00:00:14 12    585  [7,22,19,5,1,20]     00:00:00:00:00:07    00:00:00:00:00:14 13    731  [7,2,15,22,16,1,20]     00:00:00:00:00:07    00:00:00:00:00:14 14    731  [7,3,13,8,5,1,20]     00:00:00:00:00:07    00:00:00:00:00:14 15    731  [7,5,8,13,3,1,20]  
# h00:00:00:00:00:07 -> h00:00:00:00:00:02
   00:00:00:00:00:07    00:00:00:00:00:02 0      0  [7,2]     00:00:00:00:00:07    00:00:00:00:00:02 1    146  [7,14,2]     00:00:00:00:00:07    00:00:00:00:00:02 2    293  [7,5,15,2]     00:00:00:00:00:07    00:00:00:00:00:02 3    293  [7,22,15,2]     00:00:00:00:00:07    00:00:00:00:00:02 4    585  [7,3,1,5,15,2]     00:00:00:00:00:07    00:00:00:00:00:02 5    585  [7,3,13,5,15,2]     00:00:00:00:00:07    00:00:00:00:00:02 6    585  [7,3,13,12,15,2]     00:00:00:00:00:07    00:00:00:00:00:02 7    585  [7,5,13,12,15,2]     00:00:00:00:00:07    00:00:00:00:00:02 8    585  [7,5,11,22,15,2]     00:00:00:00:00:07    00:00:00:00:00:02 9    585  [7,5,19,22,15,2]     00:00:00:00:00:07    00:00:00:00:00:02 10    585  [7,6,13,5,15,2]     00:00:00:00:00:07    00:00:00:00:00:02 11    585  [7,6,13,12,15,2]     00:00:00:00:00:07    00:00:00:00:00:02 12    585  [7,6,18,22,15,2]     00:00:00:00:00:07    00:00:00:00:00:02 13    585  [7,22,11,5,15,2]     00:00:00:00:00:07    00:00:00:00:00:02 14    585  [7,22,19,5,15,2]     00:00:00:00:00:07    00:00:00:00:00:02 15    731  [7,3,1,16,22,15,2]  
# h00:00:00:00:00:07 -> h00:00:00:00:00:0e
   00:00:00:00:00:07    00:00:00:00:00:0e 0      0  [7,14]     00:00:00:00:00:07    00:00:00:00:00:0e 1    146  [7,2,14]     00:00:00:00:00:07    00:00:00:00:00:0e 2    439  [7,5,15,2,14]     00:00:00:00:00:07    00:00:00:00:00:0e 3    439  [7,22,15,2,14]     00:00:00:00:00:07    00:00:00:00:00:0e 4    731  [7,3,1,5,15,2,14]     00:00:00:00:00:07    00:00:00:00:00:0e 5    731  [7,3,13,5,15,2,14]     00:00:00:00:00:07    00:00:00:00:00:0e 6    731  [7,3,13,12,15,2,14]     00:00:00:00:00:07    00:00:00:00:00:0e 7    731  [7,5,13,12,15,2,14]     00:00:00:00:00:07    00:00:00:00:00:0e 8    731  [7,5,11,22,15,2,14]     00:00:00:00:00:07    00:00:00:00:00:0e 9    731  [7,5,19,22,15,2,14]     00:00:00:00:00:07    00:00:00:00:00:0e 10    731  [7,6,13,5,15,2,14]     00:00:00:00:00:07    00:00:00:00:00:0e 11    731  [7,6,13,12,15,2,14]     00:00:00:00:00:07    00:00:00:00:00:0e 12    731  [7,6,18,22,15,2,14]     00:00:00:00:00:07    00:00:00:00:00:0e 13    731  [7,22,11,5,15,2,14]     00:00:00:00:00:07    00:00:00:00:00:0e 14    731  [7,22,19,5,15,2,14]     00:00:00:00:00:07    00:00:00:00:00:0e 15    877  [7,3,1,16,22,15,2,14]  
# h00:00:00:00:00:07 -> h00:00:00:00:00:0f
   00:00:00:00:00:07    00:00:00:00:00:0f 0    146  [7,2,15]     00:00:00:00:00:07    00:00:00:00:00:0f 1    146  [7,5,15]     00:00:00:00:00:07    00:00:00:00:00:0f 2    146  [7,22,15]     00:00:00:00:00:07    00:00:00:00:00:0f 3    293  [7,14,2,15]     00:00:00:00:00:07    00:00:00:00:00:0f 4    439  [7,3,1,5,15]     00:00:00:00:00:07    00:00:00:00:00:0f 5    439  [7,3,13,5,15]     00:00:00:00:00:07    00:00:00:00:00:0f 6    439  [7,3,13,12,15]     00:00:00:00:00:07    00:00:00:00:00:0f 7    439  [7,5,13,12,15]     00:00:00:00:00:07    00:00:00:00:00:0f 8    439  [7,5,11,22,15]     00:00:00:00:00:07    00:00:00:00:00:0f 9    439  [7,5,19,22,15]     00:00:00:00:00:07    00:00:00:00:00:0f 10    439  [7,6,13,5,15]     00:00:00:00:00:07    00:00:00:00:00:0f 11    439  [7,6,13,12,15]     00:00:00:00:00:07    00:00:00:00:00:0f 12    439  [7,6,18,22,15]     00:00:00:00:00:07    00:00:00:00:00:0f 13    439  [7,22,11,5,15]     00:00:00:00:00:07    00:00:00:00:00:0f 14    439  [7,22,19,5,15]     00:00:00:00:00:07    00:00:00:00:00:0f 15    585  [7,3,1,16,22,15]  
# h00:00:00:00:00:07 -> h00:00:00:00:00:0d
   00:00:00:00:00:07    00:00:00:00:00:0d 0    146  [7,3,13]     00:00:00:00:00:07    00:00:00:00:00:0d 1    146  [7,5,13]     00:00:00:00:00:07    00:00:00:00:00:0d 2    146  [7,6,13]     00:00:00:00:00:07    00:00:00:00:00:0d 3    293  [7,5,8,13]     00:00:00:00:00:07    00:00:00:00:00:0d 4    439  [7,3,1,5,13]     00:00:00:00:00:07    00:00:00:00:00:0d 5    439  [7,5,1,3,13]     00:00:00:00:00:07    00:00:00:00:00:0d 6    439  [7,5,15,12,13]     00:00:00:00:00:07    00:00:00:00:00:0d 7    439  [7,22,11,5,13]     00:00:00:00:00:07    00:00:00:00:00:0d 8    439  [7,2,15,5,13]     00:00:00:00:00:07    00:00:00:00:00:0d 9    439  [7,2,15,12,13]     00:00:00:00:00:07    00:00:00:00:00:0d 10    439  [7,22,15,5,13]     00:00:00:00:00:07    00:00:00:00:00:0d 11    439  [7,22,15,12,13]     00:00:00:00:00:07    00:00:00:00:00:0d 12    439  [7,22,19,5,13]     00:00:00:00:00:07    00:00:00:00:00:0d 13    439  [7,22,18,6,13]     00:00:00:00:00:07    00:00:00:00:00:0d 14    585  [7,2,15,5,8,13]     00:00:00:00:00:07    00:00:00:00:00:0d 15    585  [7,3,1,5,8,13]  
# h00:00:00:00:00:07 -> h00:00:00:00:00:04
   00:00:00:00:00:07    00:00:00:00:00:04 0    146  [7,5,4]     00:00:00:00:00:07    00:00:00:00:00:04 1    439  [7,3,1,5,4]     00:00:00:00:00:07    00:00:00:00:00:04 2    439  [7,3,13,5,4]     00:00:00:00:00:07    00:00:00:00:00:04 3    439  [7,5,19,17,4]     00:00:00:00:00:07    00:00:00:00:00:04 4    439  [7,22,11,5,4]     00:00:00:00:00:07    00:00:00:00:00:04 5    439  [7,6,13,5,4]     00:00:00:00:00:07    00:00:00:00:00:04 6    439  [7,2,15,5,4]     00:00:00:00:00:07    00:00:00:00:00:04 7    439  [7,22,15,5,4]     00:00:00:00:00:07    00:00:00:00:00:04 8    439  [7,22,19,5,4]     00:00:00:00:00:07    00:00:00:00:00:04 9    439  [7,22,19,17,4]     00:00:00:00:00:07    00:00:00:00:00:04 10    585  [7,3,1,10,21,4]     00:00:00:00:00:07    00:00:00:00:00:04 11    585  [7,3,13,8,5,4]     00:00:00:00:00:07    00:00:00:00:00:04 12    585  [7,5,1,10,21,4]     00:00:00:00:00:07    00:00:00:00:00:04 13    585  [7,6,13,8,5,4]     00:00:00:00:00:07    00:00:00:00:00:04 14    585  [7,14,2,15,5,4]     00:00:00:00:00:07    00:00:00:00:00:04 15    585  [7,22,16,1,5,4]  
# h00:00:00:00:00:07 -> h00:00:00:00:00:11
   00:00:00:00:00:07    00:00:00:00:00:11 0    293  [7,5,4,17]     00:00:00:00:00:07    00:00:00:00:00:11 1    293  [7,5,19,17]     00:00:00:00:00:07    00:00:00:00:00:11 2    293  [7,22,19,17]     00:00:00:00:00:07    00:00:00:00:00:11 3    585  [7,3,1,5,4,17]     00:00:00:00:00:07    00:00:00:00:00:11 4    585  [7,3,1,5,19,17]     00:00:00:00:00:07    00:00:00:00:00:11 5    585  [7,3,13,5,4,17]     00:00:00:00:00:07    00:00:00:00:00:11 6    585  [7,3,13,5,19,17]     00:00:00:00:00:07    00:00:00:00:00:11 7    585  [7,5,11,22,19,17]     00:00:00:00:00:07    00:00:00:00:00:11 8    585  [7,5,15,22,19,17]     00:00:00:00:00:07    00:00:00:00:00:11 9    585  [7,6,13,5,4,17]     00:00:00:00:00:07    00:00:00:00:00:11 10    585  [7,2,15,5,4,17]     00:00:00:00:00:07    00:00:00:00:00:11 11    585  [7,2,15,5,19,17]     00:00:00:00:00:07    00:00:00:00:00:11 12    585  [7,2,15,22,19,17]     00:00:00:00:00:07    00:00:00:00:00:11 13    585  [7,6,13,5,19,17]     00:00:00:00:00:07    00:00:00:00:00:11 14    585  [7,6,18,22,19,17]     00:00:00:00:00:07    00:00:00:00:00:11 15    585  [7,22,11,5,4,17]  
# h00:00:00:00:00:07 -> h00:00:00:00:00:15
   00:00:00:00:00:07    00:00:00:00:00:15 0    293  [7,5,4,21]     00:00:00:00:00:07    00:00:00:00:00:15 1    439  [7,3,1,10,21]     00:00:00:00:00:07    00:00:00:00:00:15 2    439  [7,5,1,10,21]     00:00:00:00:00:07    00:00:00:00:00:15 3    585  [7,3,1,5,4,21]     00:00:00:00:00:07    00:00:00:00:00:15 4    585  [7,3,13,5,4,21]     00:00:00:00:00:07    00:00:00:00:00:15 5    585  [7,5,19,17,4,21]     00:00:00:00:00:07    00:00:00:00:00:15 6    585  [7,22,11,5,4,21]     00:00:00:00:00:07    00:00:00:00:00:15 7    585  [7,6,13,5,4,21]     00:00:00:00:00:07    00:00:00:00:00:15 8    585  [7,2,15,5,4,21]     00:00:00:00:00:07    00:00:00:00:00:15 9    585  [7,22,15,5,4,21]     00:00:00:00:00:07    00:00:00:00:00:15 10    585  [7,22,19,5,4,21]     00:00:00:00:00:07    00:00:00:00:00:15 11    585  [7,22,16,1,10,21]     00:00:00:00:00:07    00:00:00:00:00:15 12    585  [7,22,19,17,4,21]     00:00:00:00:00:07    00:00:00:00:00:15 13    731  [7,2,15,5,1,10,21]     00:00:00:00:00:07    00:00:00:00:00:15 14    731  [7,3,1,20,9,10,21]     00:00:00:00:00:07    00:00:00:00:00:15 15    731  [7,3,13,5,1,10,21]  
# h00:00:00:00:00:07 -> h00:00:00:00:00:08
   00:00:00:00:00:07    00:00:00:00:00:08 0    146  [7,5,8]     00:00:00:00:00:07    00:00:00:00:00:08 1    293  [7,3,13,8]     00:00:00:00:00:07    00:00:00:00:00:08 2    293  [7,5,13,8]     00:00:00:00:00:07    00:00:00:00:00:08 3    293  [7,6,13,8]     00:00:00:00:00:07    00:00:00:00:00:08 4    439  [7,3,1,5,8]     00:00:00:00:00:07    00:00:00:00:00:08 5    439  [7,3,13,5,8]     00:00:00:00:00:07    00:00:00:00:00:08 6    439  [7,6,13,5,8]     00:00:00:00:00:07    00:00:00:00:00:08 7    439  [7,22,11,5,8]     00:00:00:00:00:07    00:00:00:00:00:08 8    439  [7,2,15,5,8]     00:00:00:00:00:07    00:00:00:00:00:08 9    439  [7,22,15,5,8]     00:00:00:00:00:07    00:00:00:00:00:08 10    439  [7,22,19,5,8]     00:00:00:00:00:07    00:00:00:00:00:08 11    585  [7,2,15,5,13,8]     00:00:00:00:00:07    00:00:00:00:00:08 12    585  [7,2,15,12,13,8]     00:00:00:00:00:07    00:00:00:00:00:08 13    585  [7,3,1,5,13,8]     00:00:00:00:00:07    00:00:00:00:00:08 14    585  [7,5,1,3,13,8]     00:00:00:00:00:07    00:00:00:00:00:08 15    585  [7,5,15,12,13,8]  
# h00:00:00:00:00:07 -> h00:00:00:00:00:0b
   00:00:00:00:00:07    00:00:00:00:00:0b 0    146  [7,5,11]     00:00:00:00:00:07    00:00:00:00:00:0b 1    146  [7,22,11]     00:00:00:00:00:07    00:00:00:00:00:0b 2    439  [7,3,1,5,11]     00:00:00:00:00:07    00:00:00:00:00:0b 3    439  [7,3,13,5,11]     00:00:00:00:00:07    00:00:00:00:00:0b 4    439  [7,5,15,22,11]     00:00:00:00:00:07    00:00:00:00:00:0b 5    439  [7,5,19,22,11]     00:00:00:00:00:07    00:00:00:00:00:0b 6    439  [7,6,13,5,11]     00:00:00:00:00:07    00:00:00:00:00:0b 7    439  [7,2,15,5,11]     00:00:00:00:00:07    00:00:00:00:00:0b 8    439  [7,2,15,22,11]     00:00:00:00:00:07    00:00:00:00:00:0b 9    439  [7,6,18,22,11]     00:00:00:00:00:07    00:00:00:00:00:0b 10    439  [7,22,15,5,11]     00:00:00:00:00:07    00:00:00:00:00:0b 11    439  [7,22,19,5,11]     00:00:00:00:00:07    00:00:00:00:00:0b 12    585  [7,3,1,16,22,11]     00:00:00:00:00:07    00:00:00:00:00:0b 13    585  [7,3,13,8,5,11]     00:00:00:00:00:07    00:00:00:00:00:0b 14    585  [7,5,1,16,22,11]     00:00:00:00:00:07    00:00:00:00:00:0b 15    585  [7,6,13,8,5,11]  
# h00:00:00:00:00:07 -> h00:00:00:00:00:13
   00:00:00:00:00:07    00:00:00:00:00:13 0    146  [7,5,19]     00:00:00:00:00:07    00:00:00:00:00:13 1    146  [7,22,19]     00:00:00:00:00:07    00:00:00:00:00:13 2    439  [7,3,1,5,19]     00:00:00:00:00:07    00:00:00:00:00:13 3    439  [7,3,13,5,19]     00:00:00:00:00:07    00:00:00:00:00:13 4    439  [7,5,4,17,19]     00:00:00:00:00:07    00:00:00:00:00:13 5    439  [7,5,11,22,19]     00:00:00:00:00:07    00:00:00:00:00:13 6    439  [7,5,15,22,19]     00:00:00:00:00:07    00:00:00:00:00:13 7    439  [7,6,13,5,19]     00:00:00:00:00:07    00:00:00:00:00:13 8    439  [7,2,15,5,19]     00:00:00:00:00:07    00:00:00:00:00:13 9    439  [7,2,15,22,19]     00:00:00:00:00:07    00:00:00:00:00:13 10    439  [7,6,18,22,19]     00:00:00:00:00:07    00:00:00:00:00:13 11    439  [7,22,11,5,19]     00:00:00:00:00:07    00:00:00:00:00:13 12    439  [7,22,15,5,19]     00:00:00:00:00:07    00:00:00:00:00:13 13    585  [7,3,1,16,22,19]     00:00:00:00:00:07    00:00:00:00:00:13 14    585  [7,3,13,8,5,19]     00:00:00:00:00:07    00:00:00:00:00:13 15    585  [7,5,1,16,22,19]  
# h00:00:00:00:00:07 -> h00:00:00:00:00:06
   00:00:00:00:00:07    00:00:00:00:00:06 0      0  [7,6]     00:00:00:00:00:07    00:00:00:00:00:06 1    293  [7,3,13,6]     00:00:00:00:00:07    00:00:00:00:00:06 2    293  [7,5,13,6]     00:00:00:00:00:07    00:00:00:00:00:06 3    293  [7,22,18,6]     00:00:00:00:00:07    00:00:00:00:00:06 4    439  [7,5,8,13,6]     00:00:00:00:00:07    00:00:00:00:00:06 5    585  [7,2,15,5,13,6]     00:00:00:00:00:07    00:00:00:00:00:06 6    585  [7,2,15,12,13,6]     00:00:00:00:00:07    00:00:00:00:00:06 7    585  [7,2,15,22,18,6]     00:00:00:00:00:07    00:00:00:00:00:06 8    585  [7,3,1,5,13,6]     00:00:00:00:00:07    00:00:00:00:00:06 9    585  [7,5,1,3,13,6]     00:00:00:00:00:07    00:00:00:00:00:06 10    585  [7,5,15,12,13,6]     00:00:00:00:00:07    00:00:00:00:00:06 11    585  [7,5,11,22,18,6]     00:00:00:00:00:07    00:00:00:00:00:06 12    585  [7,5,15,22,18,6]     00:00:00:00:00:07    00:00:00:00:00:06 13    585  [7,5,19,22,18,6]     00:00:00:00:00:07    00:00:00:00:00:06 14    585  [7,22,11,5,13,6]     00:00:00:00:00:07    00:00:00:00:00:06 15    585  [7,22,15,5,13,6]  
# h00:00:00:00:00:07 -> h00:00:00:00:00:12
   00:00:00:00:00:07    00:00:00:00:00:12 0    146  [7,6,18]     00:00:00:00:00:07    00:00:00:00:00:12 1    146  [7,22,18]     00:00:00:00:00:07    00:00:00:00:00:12 2    439  [7,3,13,6,18]     00:00:00:00:00:07    00:00:00:00:00:12 3    439  [7,5,13,6,18]     00:00:00:00:00:07    00:00:00:00:00:12 4    439  [7,2,15,22,18]     00:00:00:00:00:07    00:00:00:00:00:12 5    439  [7,5,11,22,18]     00:00:00:00:00:07    00:00:00:00:00:12 6    439  [7,5,15,22,18]     00:00:00:00:00:07    00:00:00:00:00:12 7    439  [7,5,19,22,18]     00:00:00:00:00:07    00:00:00:00:00:12 8    585  [7,3,1,16,22,18]     00:00:00:00:00:07    00:00:00:00:00:12 9    585  [7,5,8,13,6,18]     00:00:00:00:00:07    00:00:00:00:00:12 10    585  [7,5,1,16,22,18]     00:00:00:00:00:07    00:00:00:00:00:12 11    585  [7,14,2,15,22,18]     00:00:00:00:00:07    00:00:00:00:00:12 12    731  [7,2,15,5,13,6,18]     00:00:00:00:00:07    00:00:00:00:00:12 13    731  [7,2,15,5,11,22,18]     00:00:00:00:00:07    00:00:00:00:00:12 14    731  [7,2,15,5,19,22,18]     00:00:00:00:00:07    00:00:00:00:00:12 15    731  [7,2,15,12,13,6,18]  
# h00:00:00:00:00:07 -> h00:00:00:00:00:16
   00:00:00:00:00:07    00:00:00:00:00:16 0      0  [7,22]     00:00:00:00:00:07    00:00:00:00:00:16 1    293  [7,5,11,22]     00:00:00:00:00:07    00:00:00:00:00:16 2    293  [7,2,15,22]     00:00:00:00:00:07    00:00:00:00:00:16 3    293  [7,5,15,22]     00:00:00:00:00:07    00:00:00:00:00:16 4    293  [7,5,19,22]     00:00:00:00:00:07    00:00:00:00:00:16 5    293  [7,6,18,22]     00:00:00:00:00:07    00:00:00:00:00:16 6    439  [7,5,1,16,22]     00:00:00:00:00:07    00:00:00:00:00:16 7    439  [7,14,2,15,22]     00:00:00:00:00:07    00:00:00:00:00:16 8    439  [7,3,1,16,22]     00:00:00:00:00:07    00:00:00:00:00:16 9    585  [7,2,15,5,11,22]     00:00:00:00:00:07    00:00:00:00:00:16 10    585  [7,2,15,5,19,22]     00:00:00:00:00:07    00:00:00:00:00:16 11    585  [7,3,1,5,11,22]     00:00:00:00:00:07    00:00:00:00:00:16 12    585  [7,3,1,5,15,22]     00:00:00:00:00:07    00:00:00:00:00:16 13    585  [7,3,1,5,19,22]     00:00:00:00:00:07    00:00:00:00:00:16 14    585  [7,3,13,5,11,22]     00:00:00:00:00:07    00:00:00:00:00:16 15    585  [7,3,13,5,15,22]  
# h00:00:00:00:00:07 -> h00:00:00:00:00:09
   00:00:00:00:00:07    00:00:00:00:00:09 0    439  [7,3,1,10,9]     00:00:00:00:00:07    00:00:00:00:00:09 1    439  [7,3,1,20,9]     00:00:00:00:00:07    00:00:00:00:00:09 2    439  [7,5,1,10,9]     00:00:00:00:00:07    00:00:00:00:00:09 3    439  [7,5,1,20,9]     00:00:00:00:00:07    00:00:00:00:00:09 4    585  [7,5,4,21,10,9]     00:00:00:00:00:07    00:00:00:00:00:09 5    585  [7,22,16,1,10,9]     00:00:00:00:00:07    00:00:00:00:00:09 6    585  [7,22,16,1,20,9]     00:00:00:00:00:07    00:00:00:00:00:09 7    731  [7,3,13,5,1,10,9]     00:00:00:00:00:07    00:00:00:00:00:09 8    731  [7,3,13,5,1,20,9]     00:00:00:00:00:07    00:00:00:00:00:09 9    731  [7,5,13,3,1,10,9]     00:00:00:00:00:07    00:00:00:00:00:09 10    731  [7,5,13,3,1,20,9]     00:00:00:00:00:07    00:00:00:00:00:09 11    731  [7,6,13,3,1,10,9]     00:00:00:00:00:07    00:00:00:00:00:09 12    731  [7,2,15,5,1,10,9]     00:00:00:00:00:07    00:00:00:00:00:09 13    731  [7,2,15,5,1,20,9]     00:00:00:00:00:07    00:00:00:00:00:09 14    731  [7,6,13,3,1,20,9]     00:00:00:00:00:07    00:00:00:00:00:09 15    731  [7,6,13,5,1,10,9]  
# h00:00:00:00:00:07 -> h00:00:00:00:00:0c
   00:00:00:00:00:07    00:00:00:00:00:0c 0    293  [7,3,13,12]     00:00:00:00:00:07    00:00:00:00:00:0c 1    293  [7,5,13,12]     00:00:00:00:00:07    00:00:00:00:00:0c 2    293  [7,5,15,12]     00:00:00:00:00:07    00:00:00:00:00:0c 3    293  [7,6,13,12]     00:00:00:00:00:07    00:00:00:00:00:0c 4    293  [7,2,15,12]     00:00:00:00:00:07    00:00:00:00:00:0c 5    293  [7,22,15,12]     00:00:00:00:00:07    00:00:00:00:00:0c 6    439  [7,5,8,13,12]     00:00:00:00:00:07    00:00:00:00:00:0c 7    439  [7,14,2,15,12]     00:00:00:00:00:07    00:00:00:00:00:0c 8    585  [7,2,15,5,13,12]     00:00:00:00:00:07    00:00:00:00:00:0c 9    585  [7,3,1,5,13,12]     00:00:00:00:00:07    00:00:00:00:00:0c 10    585  [7,3,1,5,15,12]     00:00:00:00:00:07    00:00:00:00:00:0c 11    585  [7,3,13,5,15,12]     00:00:00:00:00:07    00:00:00:00:00:0c 12    585  [7,5,1,3,13,12]     00:00:00:00:00:07    00:00:00:00:00:0c 13    585  [7,5,11,22,15,12]     00:00:00:00:00:07    00:00:00:00:00:0c 14    585  [7,5,19,22,15,12]     00:00:00:00:00:07    00:00:00:00:00:0c 15    585  [7,6,13,5,15,12]  
# h00:00:00:00:00:0e -> h00:00:00:00:00:01
   00:00:00:00:00:0e    00:00:00:00:00:01 0    293  [14,7,3,1]     00:00:00:00:00:0e    00:00:00:00:00:01 1    293  [14,7,5,1]     00:00:00:00:00:0e    00:00:00:00:00:01 2    439  [14,2,7,3,1]     00:00:00:00:00:0e    00:00:00:00:00:01 3    439  [14,2,7,5,1]     00:00:00:00:00:0e    00:00:00:00:00:01 4    439  [14,2,15,5,1]     00:00:00:00:00:0e    00:00:00:00:00:01 5    439  [14,7,22,16,1]     00:00:00:00:00:0e    00:00:00:00:00:01 6    585  [14,2,7,22,16,1]     00:00:00:00:00:0e    00:00:00:00:00:01 7    585  [14,2,15,22,16,1]     00:00:00:00:00:0e    00:00:00:00:00:01 8    585  [14,7,3,13,5,1]     00:00:00:00:00:0e    00:00:00:00:00:01 9    585  [14,7,5,13,3,1]     00:00:00:00:00:0e    00:00:00:00:00:01 10    585  [14,7,6,13,3,1]     00:00:00:00:00:0e    00:00:00:00:00:01 11    585  [14,7,2,15,5,1]     00:00:00:00:00:0e    00:00:00:00:00:01 12    585  [14,7,6,13,5,1]     00:00:00:00:00:0e    00:00:00:00:00:01 13    585  [14,7,22,11,5,1]     00:00:00:00:00:0e    00:00:00:00:00:01 14    585  [14,7,22,15,5,1]     00:00:00:00:00:0e    00:00:00:00:00:01 15    585  [14,7,22,19,5,1]  
# h00:00:00:00:00:0e -> h00:00:00:00:00:03
   00:00:00:00:00:0e    00:00:00:00:00:03 0    146  [14,7,3]     00:00:00:00:00:0e    00:00:00:00:00:03 1    293  [14,2,7,3]     00:00:00:00:00:0e    00:00:00:00:00:03 2    439  [14,7,5,1,3]     00:00:00:00:00:0e    00:00:00:00:00:03 3    439  [14,7,5,13,3]     00:00:00:00:00:0e    00:00:00:00:00:03 4    439  [14,7,6,13,3]     00:00:00:00:00:0e    00:00:00:00:00:03 5    585  [14,2,7,5,1,3]     00:00:00:00:00:0e    00:00:00:00:00:03 6    585  [14,2,7,5,13,3]     00:00:00:00:00:0e    00:00:00:00:00:03 7    585  [14,2,7,6,13,3]     00:00:00:00:00:0e    00:00:00:00:00:03 8    585  [14,2,15,5,1,3]     00:00:00:00:00:0e    00:00:00:00:00:03 9    585  [14,2,15,5,7,3]     00:00:00:00:00:0e    00:00:00:00:00:03 10    585  [14,2,15,5,13,3]     00:00:00:00:00:0e    00:00:00:00:00:03 11    585  [14,2,15,22,7,3]     00:00:00:00:00:0e    00:00:00:00:00:03 12    585  [14,2,15,12,13,3]     00:00:00:00:00:0e    00:00:00:00:00:03 13    585  [14,7,5,8,13,3]     00:00:00:00:00:0e    00:00:00:00:00:03 14    585  [14,7,22,16,1,3]     00:00:00:00:00:0e    00:00:00:00:00:03 15    731  [14,2,7,5,8,13,3]  
# h00:00:00:00:00:0e -> h00:00:00:00:00:05
   00:00:00:00:00:0e    00:00:00:00:00:05 0    146  [14,7,5]     00:00:00:00:00:0e    00:00:00:00:00:05 1    293  [14,2,7,5]     00:00:00:00:00:0e    00:00:00:00:00:05 2    293  [14,2,15,5]     00:00:00:00:00:0e    00:00:00:00:00:05 3    439  [14,7,3,1,5]     00:00:00:00:00:0e    00:00:00:00:00:05 4    439  [14,7,3,13,5]     00:00:00:00:00:0e    00:00:00:00:00:05 5    439  [14,7,22,11,5]     00:00:00:00:00:0e    00:00:00:00:00:05 6    439  [14,7,6,13,5]     00:00:00:00:00:0e    00:00:00:00:00:05 7    439  [14,7,2,15,5]     00:00:00:00:00:0e    00:00:00:00:00:05 8    439  [14,7,22,15,5]     00:00:00:00:00:0e    00:00:00:00:00:05 9    439  [14,7,22,19,5]     00:00:00:00:00:0e    00:00:00:00:00:05 10    585  [14,2,7,3,1,5]     00:00:00:00:00:0e    00:00:00:00:00:05 11    585  [14,2,7,3,13,5]     00:00:00:00:00:0e    00:00:00:00:00:05 12    585  [14,2,7,22,11,5]     00:00:00:00:00:0e    00:00:00:00:00:05 13    585  [14,2,7,6,13,5]     00:00:00:00:00:0e    00:00:00:00:00:05 14    585  [14,2,7,22,15,5]     00:00:00:00:00:0e    00:00:00:00:00:05 15    585  [14,2,7,22,19,5]  
# h00:00:00:00:00:0e -> h00:00:00:00:00:0a
   00:00:00:00:00:0e    00:00:00:00:00:0a 0    439  [14,7,3,1,10]     00:00:00:00:00:0e    00:00:00:00:00:0a 1    439  [14,7,5,1,10]     00:00:00:00:00:0e    00:00:00:00:00:0a 2    585  [14,2,7,3,1,10]     00:00:00:00:00:0e    00:00:00:00:00:0a 3    585  [14,2,7,5,1,10]     00:00:00:00:00:0e    00:00:00:00:00:0a 4    585  [14,2,15,5,1,10]     00:00:00:00:00:0e    00:00:00:00:00:0a 5    585  [14,7,5,4,21,10]     00:00:00:00:00:0e    00:00:00:00:00:0a 6    585  [14,7,22,16,1,10]     00:00:00:00:00:0e    00:00:00:00:00:0a 7    731  [14,2,7,5,4,21,10]     00:00:00:00:00:0e    00:00:00:00:00:0a 8    731  [14,2,7,22,16,1,10]     00:00:00:00:00:0e    00:00:00:00:00:0a 9    731  [14,2,15,5,4,21,10]     00:00:00:00:00:0e    00:00:00:00:00:0a 10    731  [14,2,15,22,16,1,10]     00:00:00:00:00:0e    00:00:00:00:00:0a 11    731  [14,7,3,1,20,9,10]     00:00:00:00:00:0e    00:00:00:00:00:0a 12    731  [14,7,3,13,5,1,10]     00:00:00:00:00:0e    00:00:00:00:00:0a 13    731  [14,7,5,1,20,9,10]     00:00:00:00:00:0e    00:00:00:00:00:0a 14    731  [14,7,5,13,3,1,10]     00:00:00:00:00:0e    00:00:00:00:00:0a 15    731  [14,7,6,13,3,1,10]  
# h00:00:00:00:00:0e -> h00:00:00:00:00:10
   00:00:00:00:00:0e    00:00:00:00:00:10 0    293  [14,7,22,16]     00:00:00:00:00:0e    00:00:00:00:00:10 1    439  [14,2,7,22,16]     00:00:00:00:00:0e    00:00:00:00:00:10 2    439  [14,2,15,22,16]     00:00:00:00:00:0e    00:00:00:00:00:10 3    439  [14,7,3,1,16]     00:00:00:00:00:0e    00:00:00:00:00:10 4    439  [14,7,5,1,16]     00:00:00:00:00:0e    00:00:00:00:00:10 5    585  [14,2,7,3,1,16]     00:00:00:00:00:0e    00:00:00:00:00:10 6    585  [14,2,7,5,1,16]     00:00:00:00:00:0e    00:00:00:00:00:10 7    585  [14,2,15,5,1,16]     00:00:00:00:00:0e    00:00:00:00:00:10 8    585  [14,7,2,15,22,16]     00:00:00:00:00:0e    00:00:00:00:00:10 9    585  [14,7,5,11,22,16]     00:00:00:00:00:0e    00:00:00:00:00:10 10    585  [14,7,5,15,22,16]     00:00:00:00:00:0e    00:00:00:00:00:10 11    585  [14,7,5,19,22,16]     00:00:00:00:00:0e    00:00:00:00:00:10 12    585  [14,7,6,18,22,16]     00:00:00:00:00:0e    00:00:00:00:00:10 13    731  [14,2,7,5,11,22,16]     00:00:00:00:00:0e    00:00:00:00:00:10 14    731  [14,2,7,5,15,22,16]     00:00:00:00:00:0e    00:00:00:00:00:10 15    731  [14,2,7,5,19,22,16]  
# h00:00:00:00:00:0e -> h00:00:00:00:00:14
   00:00:00:00:00:0e    00:00:00:00:00:14 0    439  [14,7,3,1,20]     00:00:00:00:00:0e    00:00:00:00:00:14 1    439  [14,7,5,1,20]     00:00:00:00:00:0e    00:00:00:00:00:14 2    585  [14,2,7,3,1,20]     00:00:00:00:00:0e    00:00:00:00:00:14 3    585  [14,2,7,5,1,20]     00:00:00:00:00:0e    00:00:00:00:00:14 4    585  [14,2,15,5,1,20]     00:00:00:00:00:0e    00:00:00:00:00:14 5    585  [14,7,22,16,1,20]     00:00:00:00:00:0e    00:00:00:00:00:14 6    731  [14,2,7,22,16,1,20]     00:00:00:00:00:0e    00:00:00:00:00:14 7    731  [14,2,15,22,16,1,20]     00:00:00:00:00:0e    00:00:00:00:00:14 8    731  [14,7,3,1,10,9,20]     00:00:00:00:00:0e    00:00:00:00:00:14 9    731  [14,7,3,13,5,1,20]     00:00:00:00:00:0e    00:00:00:00:00:14 10    731  [14,7,5,1,10,9,20]     00:00:00:00:00:0e    00:00:00:00:00:14 11    731  [14,7,5,13,3,1,20]     00:00:00:00:00:0e    00:00:00:00:00:14 12    731  [14,7,6,13,3,1,20]     00:00:00:00:00:0e    00:00:00:00:00:14 13    731  [14,7,2,15,5,1,20]     00:00:00:00:00:0e    00:00:00:00:00:14 14    731  [14,7,6,13,5,1,20]     00:00:00:00:00:0e    00:00:00:00:00:14 15    731  [14,7,22,11,5,1,20]  
# h00:00:00:00:00:0e -> h00:00:00:00:00:02
   00:00:00:00:00:0e    00:00:00:00:00:02 0      0  [14,2]     00:00:00:00:00:0e    00:00:00:00:00:02 1    146  [14,7,2]     00:00:00:00:00:0e    00:00:00:00:00:02 2    439  [14,7,5,15,2]     00:00:00:00:00:0e    00:00:00:00:00:02 3    439  [14,7,22,15,2]     00:00:00:00:00:0e    00:00:00:00:00:02 4    731  [14,7,3,1,5,15,2]     00:00:00:00:00:0e    00:00:00:00:00:02 5    731  [14,7,3,13,5,15,2]     00:00:00:00:00:0e    00:00:00:00:00:02 6    731  [14,7,3,13,12,15,2]     00:00:00:00:00:0e    00:00:00:00:00:02 7    731  [14,7,5,13,12,15,2]     00:00:00:00:00:0e    00:00:00:00:00:02 8    731  [14,7,5,11,22,15,2]     00:00:00:00:00:0e    00:00:00:00:00:02 9    731  [14,7,5,19,22,15,2]     00:00:00:00:00:0e    00:00:00:00:00:02 10    731  [14,7,6,13,5,15,2]     00:00:00:00:00:0e    00:00:00:00:00:02 11    731  [14,7,6,13,12,15,2]     00:00:00:00:00:0e    00:00:00:00:00:02 12    731  [14,7,6,18,22,15,2]     00:00:00:00:00:0e    00:00:00:00:00:02 13    731  [14,7,22,11,5,15,2]     00:00:00:00:00:0e    00:00:00:00:00:02 14    731  [14,7,22,19,5,15,2]     00:00:00:00:00:0e    00:00:00:00:00:02 15    877  [14,7,3,1,16,22,15,2]  
# h00:00:00:00:00:0e -> h00:00:00:00:00:07
   00:00:00:00:00:0e    00:00:00:00:00:07 0      0  [14,7]     00:00:00:00:00:0e    00:00:00:00:00:07 1    146  [14,2,7]     00:00:00:00:00:0e    00:00:00:00:00:07 2    439  [14,2,15,5,7]     00:00:00:00:00:0e    00:00:00:00:00:07 3    439  [14,2,15,22,7]     00:00:00:00:00:0e    00:00:00:00:00:07 4    731  [14,2,15,5,1,3,7]     00:00:00:00:00:0e    00:00:00:00:00:07 5    731  [14,2,15,5,13,3,7]     00:00:00:00:00:0e    00:00:00:00:00:07 6    731  [14,2,15,5,11,22,7]     00:00:00:00:00:0e    00:00:00:00:00:07 7    731  [14,2,15,5,13,6,7]     00:00:00:00:00:0e    00:00:00:00:00:07 8    731  [14,2,15,5,19,22,7]     00:00:00:00:00:0e    00:00:00:00:00:07 9    731  [14,2,15,12,13,3,7]     00:00:00:00:00:0e    00:00:00:00:00:07 10    731  [14,2,15,12,13,5,7]     00:00:00:00:00:0e    00:00:00:00:00:07 11    731  [14,2,15,12,13,6,7]     00:00:00:00:00:0e    00:00:00:00:00:07 12    731  [14,2,15,22,11,5,7]     00:00:00:00:00:0e    00:00:00:00:00:07 13    731  [14,2,15,22,19,5,7]     00:00:00:00:00:0e    00:00:00:00:00:07 14    731  [14,2,15,22,18,6,7]     00:00:00:00:00:0e    00:00:00:00:00:07 15    877  [14,2,15,5,1,16,22,7]  
# h00:00:00:00:00:0e -> h00:00:00:00:00:0f
   00:00:00:00:00:0e    00:00:00:00:00:0f 0    146  [14,2,15]     00:00:00:00:00:0e    00:00:00:00:00:0f 1    293  [14,7,2,15]     00:00:00:00:00:0e    00:00:00:00:00:0f 2    293  [14,7,5,15]     00:00:00:00:00:0e    00:00:00:00:00:0f 3    293  [14,7,22,15]     00:00:00:00:00:0e    00:00:00:00:00:0f 4    439  [14,2,7,5,15]     00:00:00:00:00:0e    00:00:00:00:00:0f 5    439  [14,2,7,22,15]     00:00:00:00:00:0e    00:00:00:00:00:0f 6    585  [14,7,3,1,5,15]     00:00:00:00:00:0e    00:00:00:00:00:0f 7    585  [14,7,3,13,5,15]     00:00:00:00:00:0e    00:00:00:00:00:0f 8    585  [14,7,3,13,12,15]     00:00:00:00:00:0e    00:00:00:00:00:0f 9    585  [14,7,5,13,12,15]     00:00:00:00:00:0e    00:00:00:00:00:0f 10    585  [14,7,5,11,22,15]     00:00:00:00:00:0e    00:00:00:00:00:0f 11    585  [14,7,5,19,22,15]     00:00:00:00:00:0e    00:00:00:00:00:0f 12    585  [14,7,6,13,5,15]     00:00:00:00:00:0e    00:00:00:00:00:0f 13    585  [14,7,6,13,12,15]     00:00:00:00:00:0e    00:00:00:00:00:0f 14    585  [14,7,6,18,22,15]     00:00:00:00:00:0e    00:00:00:00:00:0f 15    585  [14,7,22,11,5,15]  
# h00:00:00:00:00:0e -> h00:00:00:00:00:0d
   00:00:00:00:00:0e    00:00:00:00:00:0d 0    293  [14,7,3,13]     00:00:00:00:00:0e    00:00:00:00:00:0d 1    293  [14,7,5,13]     00:00:00:00:00:0e    00:00:00:00:00:0d 2    293  [14,7,6,13]     00:00:00:00:00:0e    00:00:00:00:00:0d 3    439  [14,2,7,3,13]     00:00:00:00:00:0e    00:00:00:00:00:0d 4    439  [14,2,7,5,13]     00:00:00:00:00:0e    00:00:00:00:00:0d 5    439  [14,2,7,6,13]     00:00:00:00:00:0e    00:00:00:00:00:0d 6    439  [14,2,15,5,13]     00:00:00:00:00:0e    00:00:00:00:00:0d 7    439  [14,2,15,12,13]     00:00:00:00:00:0e    00:00:00:00:00:0d 8    439  [14,7,5,8,13]     00:00:00:00:00:0e    00:00:00:00:00:0d 9    585  [14,2,7,5,8,13]     00:00:00:00:00:0e    00:00:00:00:00:0d 10    585  [14,2,15,5,8,13]     00:00:00:00:00:0e    00:00:00:00:00:0d 11    585  [14,7,3,1,5,13]     00:00:00:00:00:0e    00:00:00:00:00:0d 12    585  [14,7,5,1,3,13]     00:00:00:00:00:0e    00:00:00:00:00:0d 13    585  [14,7,5,15,12,13]     00:00:00:00:00:0e    00:00:00:00:00:0d 14    585  [14,7,22,11,5,13]     00:00:00:00:00:0e    00:00:00:00:00:0d 15    585  [14,7,2,15,5,13]  
# h00:00:00:00:00:0e -> h00:00:00:00:00:04
   00:00:00:00:00:0e    00:00:00:00:00:04 0    293  [14,7,5,4]     00:00:00:00:00:0e    00:00:00:00:00:04 1    439  [14,2,7,5,4]     00:00:00:00:00:0e    00:00:00:00:00:04 2    439  [14,2,15,5,4]     00:00:00:00:00:0e    00:00:00:00:00:04 3    585  [14,7,3,1,5,4]     00:00:00:00:00:0e    00:00:00:00:00:04 4    585  [14,7,3,13,5,4]     00:00:00:00:00:0e    00:00:00:00:00:04 5    585  [14,7,5,19,17,4]     00:00:00:00:00:0e    00:00:00:00:00:04 6    585  [14,7,22,11,5,4]     00:00:00:00:00:0e    00:00:00:00:00:04 7    585  [14,7,6,13,5,4]     00:00:00:00:00:0e    00:00:00:00:00:04 8    585  [14,7,2,15,5,4]     00:00:00:00:00:0e    00:00:00:00:00:04 9    585  [14,7,22,15,5,4]     00:00:00:00:00:0e    00:00:00:00:00:04 10    585  [14,7,22,19,5,4]     00:00:00:00:00:0e    00:00:00:00:00:04 11    585  [14,7,22,19,17,4]     00:00:00:00:00:0e    00:00:00:00:00:04 12    731  [14,2,7,3,1,5,4]     00:00:00:00:00:0e    00:00:00:00:00:04 13    731  [14,2,7,3,13,5,4]     00:00:00:00:00:0e    00:00:00:00:00:04 14    731  [14,2,7,5,19,17,4]     00:00:00:00:00:0e    00:00:00:00:00:04 15    731  [14,2,7,22,11,5,4]  
# h00:00:00:00:00:0e -> h00:00:00:00:00:11
   00:00:00:00:00:0e    00:00:00:00:00:11 0    439  [14,7,5,4,17]     00:00:00:00:00:0e    00:00:00:00:00:11 1    439  [14,7,5,19,17]     00:00:00:00:00:0e    00:00:00:00:00:11 2    439  [14,7,22,19,17]     00:00:00:00:00:0e    00:00:00:00:00:11 3    585  [14,2,7,5,4,17]     00:00:00:00:00:0e    00:00:00:00:00:11 4    585  [14,2,7,5,19,17]     00:00:00:00:00:0e    00:00:00:00:00:11 5    585  [14,2,7,22,19,17]     00:00:00:00:00:0e    00:00:00:00:00:11 6    585  [14,2,15,5,4,17]     00:00:00:00:00:0e    00:00:00:00:00:11 7    585  [14,2,15,5,19,17]     00:00:00:00:00:0e    00:00:00:00:00:11 8    585  [14,2,15,22,19,17]     00:00:00:00:00:0e    00:00:00:00:00:11 9    731  [14,7,3,1,5,4,17]     00:00:00:00:00:0e    00:00:00:00:00:11 10    731  [14,7,3,1,5,19,17]     00:00:00:00:00:0e    00:00:00:00:00:11 11    731  [14,7,3,13,5,4,17]     00:00:00:00:00:0e    00:00:00:00:00:11 12    731  [14,7,3,13,5,19,17]     00:00:00:00:00:0e    00:00:00:00:00:11 13    731  [14,7,5,11,22,19,17]     00:00:00:00:00:0e    00:00:00:00:00:11 14    731  [14,7,5,15,22,19,17]     00:00:00:00:00:0e    00:00:00:00:00:11 15    731  [14,7,6,13,5,4,17]  
# h00:00:00:00:00:0e -> h00:00:00:00:00:15
   00:00:00:00:00:0e    00:00:00:00:00:15 0    439  [14,7,5,4,21]     00:00:00:00:00:0e    00:00:00:00:00:15 1    585  [14,2,7,5,4,21]     00:00:00:00:00:0e    00:00:00:00:00:15 2    585  [14,2,15,5,4,21]     00:00:00:00:00:0e    00:00:00:00:00:15 3    585  [14,7,3,1,10,21]     00:00:00:00:00:0e    00:00:00:00:00:15 4    585  [14,7,5,1,10,21]     00:00:00:00:00:0e    00:00:00:00:00:15 5    731  [14,2,7,3,1,10,21]     00:00:00:00:00:0e    00:00:00:00:00:15 6    731  [14,2,7,5,1,10,21]     00:00:00:00:00:0e    00:00:00:00:00:15 7    731  [14,2,15,5,1,10,21]     00:00:00:00:00:0e    00:00:00:00:00:15 8    731  [14,7,3,1,5,4,21]     00:00:00:00:00:0e    00:00:00:00:00:15 9    731  [14,7,3,13,5,4,21]     00:00:00:00:00:0e    00:00:00:00:00:15 10    731  [14,7,5,19,17,4,21]     00:00:00:00:00:0e    00:00:00:00:00:15 11    731  [14,7,22,11,5,4,21]     00:00:00:00:00:0e    00:00:00:00:00:15 12    731  [14,7,6,13,5,4,21]     00:00:00:00:00:0e    00:00:00:00:00:15 13    731  [14,7,2,15,5,4,21]     00:00:00:00:00:0e    00:00:00:00:00:15 14    731  [14,7,22,15,5,4,21]     00:00:00:00:00:0e    00:00:00:00:00:15 15    731  [14,7,22,19,5,4,21]  
# h00:00:00:00:00:0e -> h00:00:00:00:00:08
   00:00:00:00:00:0e    00:00:00:00:00:08 0    293  [14,7,5,8]     00:00:00:00:00:0e    00:00:00:00:00:08 1    439  [14,2,7,5,8]     00:00:00:00:00:0e    00:00:00:00:00:08 2    439  [14,2,15,5,8]     00:00:00:00:00:0e    00:00:00:00:00:08 3    439  [14,7,3,13,8]     00:00:00:00:00:0e    00:00:00:00:00:08 4    439  [14,7,5,13,8]     00:00:00:00:00:0e    00:00:00:00:00:08 5    439  [14,7,6,13,8]     00:00:00:00:00:0e    00:00:00:00:00:08 6    585  [14,2,7,3,13,8]     00:00:00:00:00:0e    00:00:00:00:00:08 7    585  [14,2,7,5,13,8]     00:00:00:00:00:0e    00:00:00:00:00:08 8    585  [14,2,7,6,13,8]     00:00:00:00:00:0e    00:00:00:00:00:08 9    585  [14,2,15,5,13,8]     00:00:00:00:00:0e    00:00:00:00:00:08 10    585  [14,2,15,12,13,8]     00:00:00:00:00:0e    00:00:00:00:00:08 11    585  [14,7,3,1,5,8]     00:00:00:00:00:0e    00:00:00:00:00:08 12    585  [14,7,3,13,5,8]     00:00:00:00:00:0e    00:00:00:00:00:08 13    585  [14,7,6,13,5,8]     00:00:00:00:00:0e    00:00:00:00:00:08 14    585  [14,7,22,11,5,8]     00:00:00:00:00:0e    00:00:00:00:00:08 15    585  [14,7,2,15,5,8]  
# h00:00:00:00:00:0e -> h00:00:00:00:00:0b
   00:00:00:00:00:0e    00:00:00:00:00:0b 0    293  [14,7,5,11]     00:00:00:00:00:0e    00:00:00:00:00:0b 1    293  [14,7,22,11]     00:00:00:00:00:0e    00:00:00:00:00:0b 2    439  [14,2,7,5,11]     00:00:00:00:00:0e    00:00:00:00:00:0b 3    439  [14,2,7,22,11]     00:00:00:00:00:0e    00:00:00:00:00:0b 4    439  [14,2,15,5,11]     00:00:00:00:00:0e    00:00:00:00:00:0b 5    439  [14,2,15,22,11]     00:00:00:00:00:0e    00:00:00:00:00:0b 6    585  [14,7,3,1,5,11]     00:00:00:00:00:0e    00:00:00:00:00:0b 7    585  [14,7,3,13,5,11]     00:00:00:00:00:0e    00:00:00:00:00:0b 8    585  [14,7,5,15,22,11]     00:00:00:00:00:0e    00:00:00:00:00:0b 9    585  [14,7,5,19,22,11]     00:00:00:00:00:0e    00:00:00:00:00:0b 10    585  [14,7,6,13,5,11]     00:00:00:00:00:0e    00:00:00:00:00:0b 11    585  [14,7,2,15,5,11]     00:00:00:00:00:0e    00:00:00:00:00:0b 12    585  [14,7,2,15,22,11]     00:00:00:00:00:0e    00:00:00:00:00:0b 13    585  [14,7,6,18,22,11]     00:00:00:00:00:0e    00:00:00:00:00:0b 14    585  [14,7,22,15,5,11]     00:00:00:00:00:0e    00:00:00:00:00:0b 15    585  [14,7,22,19,5,11]  
# h00:00:00:00:00:0e -> h00:00:00:00:00:13
   00:00:00:00:00:0e    00:00:00:00:00:13 0    293  [14,7,5,19]     00:00:00:00:00:0e    00:00:00:00:00:13 1    293  [14,7,22,19]     00:00:00:00:00:0e    00:00:00:00:00:13 2    439  [14,2,7,5,19]     00:00:00:00:00:0e    00:00:00:00:00:13 3    439  [14,2,7,22,19]     00:00:00:00:00:0e    00:00:00:00:00:13 4    439  [14,2,15,5,19]     00:00:00:00:00:0e    00:00:00:00:00:13 5    439  [14,2,15,22,19]     00:00:00:00:00:0e    00:00:00:00:00:13 6    585  [14,7,3,1,5,19]     00:00:00:00:00:0e    00:00:00:00:00:13 7    585  [14,7,3,13,5,19]     00:00:00:00:00:0e    00:00:00:00:00:13 8    585  [14,7,5,4,17,19]     00:00:00:00:00:0e    00:00:00:00:00:13 9    585  [14,7,5,11,22,19]     00:00:00:00:00:0e    00:00:00:00:00:13 10    585  [14,7,5,15,22,19]     00:00:00:00:00:0e    00:00:00:00:00:13 11    585  [14,7,6,13,5,19]     00:00:00:00:00:0e    00:00:00:00:00:13 12    585  [14,7,2,15,5,19]     00:00:00:00:00:0e    00:00:00:00:00:13 13    585  [14,7,2,15,22,19]     00:00:00:00:00:0e    00:00:00:00:00:13 14    585  [14,7,6,18,22,19]     00:00:00:00:00:0e    00:00:00:00:00:13 15    585  [14,7,22,11,5,19]  
# h00:00:00:00:00:0e -> h00:00:00:00:00:06
   00:00:00:00:00:0e    00:00:00:00:00:06 0    146  [14,7,6]     00:00:00:00:00:0e    00:00:00:00:00:06 1    293  [14,2,7,6]     00:00:00:00:00:0e    00:00:00:00:00:06 2    439  [14,7,3,13,6]     00:00:00:00:00:0e    00:00:00:00:00:06 3    439  [14,7,5,13,6]     00:00:00:00:00:0e    00:00:00:00:00:06 4    439  [14,7,22,18,6]     00:00:00:00:00:0e    00:00:00:00:00:06 5    585  [14,2,7,3,13,6]     00:00:00:00:00:0e    00:00:00:00:00:06 6    585  [14,2,7,5,13,6]     00:00:00:00:00:0e    00:00:00:00:00:06 7    585  [14,2,7,22,18,6]     00:00:00:00:00:0e    00:00:00:00:00:06 8    585  [14,2,15,5,7,6]     00:00:00:00:00:0e    00:00:00:00:00:06 9    585  [14,2,15,5,13,6]     00:00:00:00:00:0e    00:00:00:00:00:06 10    585  [14,2,15,22,7,6]     00:00:00:00:00:0e    00:00:00:00:00:06 11    585  [14,2,15,12,13,6]     00:00:00:00:00:0e    00:00:00:00:00:06 12    585  [14,2,15,22,18,6]     00:00:00:00:00:0e    00:00:00:00:00:06 13    585  [14,7,5,8,13,6]     00:00:00:00:00:0e    00:00:00:00:00:06 14    731  [14,2,7,5,8,13,6]     00:00:00:00:00:0e    00:00:00:00:00:06 15    731  [14,2,15,5,8,13,6]  
# h00:00:00:00:00:0e -> h00:00:00:00:00:12
   00:00:00:00:00:0e    00:00:00:00:00:12 0    293  [14,7,6,18]     00:00:00:00:00:0e    00:00:00:00:00:12 1    293  [14,7,22,18]     00:00:00:00:00:0e    00:00:00:00:00:12 2    439  [14,2,7,6,18]     00:00:00:00:00:0e    00:00:00:00:00:12 3    439  [14,2,7,22,18]     00:00:00:00:00:0e    00:00:00:00:00:12 4    439  [14,2,15,22,18]     00:00:00:00:00:0e    00:00:00:00:00:12 5    585  [14,7,3,13,6,18]     00:00:00:00:00:0e    00:00:00:00:00:12 6    585  [14,7,5,13,6,18]     00:00:00:00:00:0e    00:00:00:00:00:12 7    585  [14,7,2,15,22,18]     00:00:00:00:00:0e    00:00:00:00:00:12 8    585  [14,7,5,11,22,18]     00:00:00:00:00:0e    00:00:00:00:00:12 9    585  [14,7,5,15,22,18]     00:00:00:00:00:0e    00:00:00:00:00:12 10    585  [14,7,5,19,22,18]     00:00:00:00:00:0e    00:00:00:00:00:12 11    731  [14,2,7,3,13,6,18]     00:00:00:00:00:0e    00:00:00:00:00:12 12    731  [14,2,7,5,13,6,18]     00:00:00:00:00:0e    00:00:00:00:00:12 13    731  [14,2,7,5,11,22,18]     00:00:00:00:00:0e    00:00:00:00:00:12 14    731  [14,2,7,5,15,22,18]     00:00:00:00:00:0e    00:00:00:00:00:12 15    731  [14,2,7,5,19,22,18]  
# h00:00:00:00:00:0e -> h00:00:00:00:00:16
   00:00:00:00:00:0e    00:00:00:00:00:16 0    146  [14,7,22]     00:00:00:00:00:0e    00:00:00:00:00:16 1    293  [14,2,7,22]     00:00:00:00:00:0e    00:00:00:00:00:16 2    293  [14,2,15,22]     00:00:00:00:00:0e    00:00:00:00:00:16 3    439  [14,7,5,11,22]     00:00:00:00:00:0e    00:00:00:00:00:16 4    439  [14,7,2,15,22]     00:00:00:00:00:0e    00:00:00:00:00:16 5    439  [14,7,5,15,22]     00:00:00:00:00:0e    00:00:00:00:00:16 6    439  [14,7,5,19,22]     00:00:00:00:00:0e    00:00:00:00:00:16 7    439  [14,7,6,18,22]     00:00:00:00:00:0e    00:00:00:00:00:16 8    585  [14,2,7,5,11,22]     00:00:00:00:00:0e    00:00:00:00:00:16 9    585  [14,2,7,5,15,22]     00:00:00:00:00:0e    00:00:00:00:00:16 10    585  [14,2,7,5,19,22]     00:00:00:00:00:0e    00:00:00:00:00:16 11    585  [14,2,7,6,18,22]     00:00:00:00:00:0e    00:00:00:00:00:16 12    585  [14,2,15,5,7,22]     00:00:00:00:00:0e    00:00:00:00:00:16 13    585  [14,2,15,5,11,22]     00:00:00:00:00:0e    00:00:00:00:00:16 14    585  [14,2,15,5,19,22]     00:00:00:00:00:0e    00:00:00:00:00:16 15    585  [14,7,3,1,16,22]  
# h00:00:00:00:00:0e -> h00:00:00:00:00:09
   00:00:00:00:00:0e    00:00:00:00:00:09 0    585  [14,7,3,1,10,9]     00:00:00:00:00:0e    00:00:00:00:00:09 1    585  [14,7,3,1,20,9]     00:00:00:00:00:0e    00:00:00:00:00:09 2    585  [14,7,5,1,10,9]     00:00:00:00:00:0e    00:00:00:00:00:09 3    585  [14,7,5,1,20,9]     00:00:00:00:00:0e    00:00:00:00:00:09 4    731  [14,2,7,3,1,10,9]     00:00:00:00:00:0e    00:00:00:00:00:09 5    731  [14,2,7,3,1,20,9]     00:00:00:00:00:0e    00:00:00:00:00:09 6    731  [14,2,7,5,1,10,9]     00:00:00:00:00:0e    00:00:00:00:00:09 7    731  [14,2,7,5,1,20,9]     00:00:00:00:00:0e    00:00:00:00:00:09 8    731  [14,2,15,5,1,10,9]     00:00:00:00:00:0e    00:00:00:00:00:09 9    731  [14,2,15,5,1,20,9]     00:00:00:00:00:0e    00:00:00:00:00:09 10    731  [14,7,5,4,21,10,9]     00:00:00:00:00:0e    00:00:00:00:00:09 11    731  [14,7,22,16,1,10,9]     00:00:00:00:00:0e    00:00:00:00:00:09 12    731  [14,7,22,16,1,20,9]     00:00:00:00:00:0e    00:00:00:00:00:09 13    877  [14,2,7,5,4,21,10,9]     00:00:00:00:00:0e    00:00:00:00:00:09 14    877  [14,2,7,22,16,1,10,9]     00:00:00:00:00:0e    00:00:00:00:00:09 15    877  [14,2,7,22,16,1,20,9]  
# h00:00:00:00:00:0e -> h00:00:00:00:00:0c
   00:00:00:00:00:0e    00:00:00:00:00:0c 0    293  [14,2,15,12]     00:00:00:00:00:0e    00:00:00:00:00:0c 1    439  [14,7,3,13,12]     00:00:00:00:00:0e    00:00:00:00:00:0c 2    439  [14,7,5,13,12]     00:00:00:00:00:0e    00:00:00:00:00:0c 3    439  [14,7,5,15,12]     00:00:00:00:00:0e    00:00:00:00:00:0c 4    439  [14,7,6,13,12]     00:00:00:00:00:0e    00:00:00:00:00:0c 5    439  [14,7,2,15,12]     00:00:00:00:00:0e    00:00:00:00:00:0c 6    439  [14,7,22,15,12]     00:00:00:00:00:0e    00:00:00:00:00:0c 7    585  [14,2,7,3,13,12]     00:00:00:00:00:0e    00:00:00:00:00:0c 8    585  [14,2,7,5,13,12]     00:00:00:00:00:0e    00:00:00:00:00:0c 9    585  [14,2,7,5,15,12]     00:00:00:00:00:0e    00:00:00:00:00:0c 10    585  [14,2,7,6,13,12]     00:00:00:00:00:0e    00:00:00:00:00:0c 11    585  [14,2,7,22,15,12]     00:00:00:00:00:0e    00:00:00:00:00:0c 12    585  [14,2,15,5,13,12]     00:00:00:00:00:0e    00:00:00:00:00:0c 13    585  [14,7,5,8,13,12]     00:00:00:00:00:0e    00:00:00:00:00:0c 14    731  [14,2,7,5,8,13,12]     00:00:00:00:00:0e    00:00:00:00:00:0c 15    731  [14,2,15,5,8,13,12]  
# h00:00:00:00:00:0f -> h00:00:00:00:00:01
   00:00:00:00:00:0f    00:00:00:00:00:01 0    146  [15,5,1]     00:00:00:00:00:0f    00:00:00:00:00:01 1    293  [15,22,16,1]     00:00:00:00:00:0f    00:00:00:00:00:01 2    439  [15,2,7,3,1]     00:00:00:00:00:0f    00:00:00:00:00:01 3    439  [15,2,7,5,1]     00:00:00:00:00:0f    00:00:00:00:00:01 4    439  [15,5,7,3,1]     00:00:00:00:00:0f    00:00:00:00:00:01 5    439  [15,5,13,3,1]     00:00:00:00:00:0f    00:00:00:00:00:01 6    439  [15,12,13,3,1]     00:00:00:00:00:0f    00:00:00:00:00:01 7    439  [15,12,13,5,1]     00:00:00:00:00:0f    00:00:00:00:00:01 8    439  [15,22,7,3,1]     00:00:00:00:00:0f    00:00:00:00:00:01 9    439  [15,22,7,5,1]     00:00:00:00:00:0f    00:00:00:00:00:01 10    439  [15,22,11,5,1]     00:00:00:00:00:0f    00:00:00:00:00:01 11    439  [15,22,19,5,1]     00:00:00:00:00:0f    00:00:00:00:00:01 12    585  [15,2,7,22,16,1]     00:00:00:00:00:0f    00:00:00:00:00:01 13    585  [15,2,14,7,3,1]     00:00:00:00:00:0f    00:00:00:00:00:01 14    585  [15,2,14,7,5,1]     00:00:00:00:00:0f    00:00:00:00:00:01 15    585  [15,5,7,22,16,1]  
# h00:00:00:00:00:0f -> h00:00:00:00:00:03
   00:00:00:00:00:0f    00:00:00:00:00:03 0    293  [15,5,1,3]     00:00:00:00:00:0f    00:00:00:00:00:03 1    293  [15,2,7,3]     00:00:00:00:00:0f    00:00:00:00:00:03 2    293  [15,5,7,3]     00:00:00:00:00:0f    00:00:00:00:00:03 3    293  [15,5,13,3]     00:00:00:00:00:0f    00:00:00:00:00:03 4    293  [15,22,7,3]     00:00:00:00:00:0f    00:00:00:00:00:03 5    293  [15,12,13,3]     00:00:00:00:00:0f    00:00:00:00:00:03 6    439  [15,2,14,7,3]     00:00:00:00:00:0f    00:00:00:00:00:03 7    439  [15,5,8,13,3]     00:00:00:00:00:0f    00:00:00:00:00:03 8    439  [15,22,16,1,3]     00:00:00:00:00:0f    00:00:00:00:00:03 9    585  [15,2,7,5,1,3]     00:00:00:00:00:0f    00:00:00:00:00:03 10    585  [15,2,7,5,13,3]     00:00:00:00:00:0f    00:00:00:00:00:03 11    585  [15,2,7,6,13,3]     00:00:00:00:00:0f    00:00:00:00:00:03 12    585  [15,5,7,6,13,3]     00:00:00:00:00:0f    00:00:00:00:00:03 13    585  [15,5,11,22,7,3]     00:00:00:00:00:0f    00:00:00:00:00:03 14    585  [15,5,13,6,7,3]     00:00:00:00:00:0f    00:00:00:00:00:03 15    585  [15,5,19,22,7,3]  
# h00:00:00:00:00:0f -> h00:00:00:00:00:05
   00:00:00:00:00:0f    00:00:00:00:00:05 0      0  [15,5]     00:00:00:00:00:0f    00:00:00:00:00:05 1    293  [15,2,7,5]     00:00:00:00:00:0f    00:00:00:00:00:05 2    293  [15,22,7,5]     00:00:00:00:00:0f    00:00:00:00:00:05 3    293  [15,12,13,5]     00:00:00:00:00:0f    00:00:00:00:00:05 4    293  [15,22,11,5]     00:00:00:00:00:0f    00:00:00:00:00:05 5    293  [15,22,19,5]     00:00:00:00:00:0f    00:00:00:00:00:05 6    439  [15,2,14,7,5]     00:00:00:00:00:0f    00:00:00:00:00:05 7    439  [15,12,13,8,5]     00:00:00:00:00:0f    00:00:00:00:00:05 8    439  [15,22,16,1,5]     00:00:00:00:00:0f    00:00:00:00:00:05 9    585  [15,2,7,3,1,5]     00:00:00:00:00:0f    00:00:00:00:00:05 10    585  [15,2,7,3,13,5]     00:00:00:00:00:0f    00:00:00:00:00:05 11    585  [15,2,7,22,11,5]     00:00:00:00:00:0f    00:00:00:00:00:05 12    585  [15,2,7,6,13,5]     00:00:00:00:00:0f    00:00:00:00:00:05 13    585  [15,2,7,22,19,5]     00:00:00:00:00:0f    00:00:00:00:00:05 14    585  [15,12,13,3,1,5]     00:00:00:00:00:0f    00:00:00:00:00:05 15    585  [15,12,13,3,7,5]  
# h00:00:00:00:00:0f -> h00:00:00:00:00:0a
   00:00:00:00:00:0f    00:00:00:00:00:0a 0    293  [15,5,1,10]     00:00:00:00:00:0f    00:00:00:00:00:0a 1    439  [15,5,4,21,10]     00:00:00:00:00:0f    00:00:00:00:00:0a 2    439  [15,22,16,1,10]     00:00:00:00:00:0f    00:00:00:00:00:0a 3    585  [15,2,7,3,1,10]     00:00:00:00:00:0f    00:00:00:00:00:0a 4    585  [15,2,7,5,1,10]     00:00:00:00:00:0f    00:00:00:00:00:0a 5    585  [15,5,1,20,9,10]     00:00:00:00:00:0f    00:00:00:00:00:0a 6    585  [15,5,7,3,1,10]     00:00:00:00:00:0f    00:00:00:00:00:0a 7    585  [15,5,13,3,1,10]     00:00:00:00:00:0f    00:00:00:00:00:0a 8    585  [15,12,13,3,1,10]     00:00:00:00:00:0f    00:00:00:00:00:0a 9    585  [15,12,13,5,1,10]     00:00:00:00:00:0f    00:00:00:00:00:0a 10    585  [15,22,7,3,1,10]     00:00:00:00:00:0f    00:00:00:00:00:0a 11    585  [15,22,7,5,1,10]     00:00:00:00:00:0f    00:00:00:00:00:0a 12    585  [15,22,11,5,1,10]     00:00:00:00:00:0f    00:00:00:00:00:0a 13    585  [15,22,19,5,1,10]     00:00:00:00:00:0f    00:00:00:00:00:0a 14    731  [15,2,7,5,4,21,10]     00:00:00:00:00:0f    00:00:00:00:00:0a 15    731  [15,2,7,22,16,1,10]  
# h00:00:00:00:00:0f -> h00:00:00:00:00:10
   00:00:00:00:00:0f    00:00:00:00:00:10 0    146  [15,22,16]     00:00:00:00:00:0f    00:00:00:00:00:10 1    293  [15,5,1,16]     00:00:00:00:00:0f    00:00:00:00:00:10 2    439  [15,2,7,22,16]     00:00:00:00:00:0f    00:00:00:00:00:10 3    439  [15,5,7,22,16]     00:00:00:00:00:0f    00:00:00:00:00:10 4    439  [15,5,11,22,16]     00:00:00:00:00:0f    00:00:00:00:00:10 5    439  [15,5,19,22,16]     00:00:00:00:00:0f    00:00:00:00:00:10 6    585  [15,2,7,3,1,16]     00:00:00:00:00:0f    00:00:00:00:00:10 7    585  [15,2,7,5,1,16]     00:00:00:00:00:0f    00:00:00:00:00:10 8    585  [15,2,14,7,22,16]     00:00:00:00:00:0f    00:00:00:00:00:10 9    585  [15,5,7,3,1,16]     00:00:00:00:00:0f    00:00:00:00:00:10 10    585  [15,5,13,3,1,16]     00:00:00:00:00:0f    00:00:00:00:00:10 11    585  [15,12,13,3,1,16]     00:00:00:00:00:0f    00:00:00:00:00:10 12    585  [15,12,13,5,1,16]     00:00:00:00:00:0f    00:00:00:00:00:10 13    585  [15,22,7,3,1,16]     00:00:00:00:00:0f    00:00:00:00:00:10 14    585  [15,22,7,5,1,16]     00:00:00:00:00:0f    00:00:00:00:00:10 15    585  [15,22,11,5,1,16]  
# h00:00:00:00:00:0f -> h00:00:00:00:00:14
   00:00:00:00:00:0f    00:00:00:00:00:14 0    293  [15,5,1,20]     00:00:00:00:00:0f    00:00:00:00:00:14 1    439  [15,22,16,1,20]     00:00:00:00:00:0f    00:00:00:00:00:14 2    585  [15,2,7,3,1,20]     00:00:00:00:00:0f    00:00:00:00:00:14 3    585  [15,2,7,5,1,20]     00:00:00:00:00:0f    00:00:00:00:00:14 4    585  [15,5,1,10,9,20]     00:00:00:00:00:0f    00:00:00:00:00:14 5    585  [15,5,7,3,1,20]     00:00:00:00:00:0f    00:00:00:00:00:14 6    585  [15,5,13,3,1,20]     00:00:00:00:00:0f    00:00:00:00:00:14 7    585  [15,12,13,3,1,20]     00:00:00:00:00:0f    00:00:00:00:00:14 8    585  [15,12,13,5,1,20]     00:00:00:00:00:0f    00:00:00:00:00:14 9    585  [15,22,7,3,1,20]     00:00:00:00:00:0f    00:00:00:00:00:14 10    585  [15,22,7,5,1,20]     00:00:00:00:00:0f    00:00:00:00:00:14 11    585  [15,22,11,5,1,20]     00:00:00:00:00:0f    00:00:00:00:00:14 12    585  [15,22,19,5,1,20]     00:00:00:00:00:0f    00:00:00:00:00:14 13    731  [15,2,7,22,16,1,20]     00:00:00:00:00:0f    00:00:00:00:00:14 14    731  [15,2,14,7,3,1,20]     00:00:00:00:00:0f    00:00:00:00:00:14 15    731  [15,2,14,7,5,1,20]  
# h00:00:00:00:00:0f -> h00:00:00:00:00:02
   00:00:00:00:00:0f    00:00:00:00:00:02 0      0  [15,2]     00:00:00:00:00:0f    00:00:00:00:00:02 1    293  [15,5,7,2]     00:00:00:00:00:0f    00:00:00:00:00:02 2    293  [15,22,7,2]     00:00:00:00:00:0f    00:00:00:00:00:02 3    439  [15,5,7,14,2]     00:00:00:00:00:0f    00:00:00:00:00:02 4    439  [15,22,7,14,2]     00:00:00:00:00:0f    00:00:00:00:00:02 5    585  [15,5,1,3,7,2]     00:00:00:00:00:0f    00:00:00:00:00:02 6    585  [15,5,13,3,7,2]     00:00:00:00:00:0f    00:00:00:00:00:02 7    585  [15,5,11,22,7,2]     00:00:00:00:00:0f    00:00:00:00:00:02 8    585  [15,5,13,6,7,2]     00:00:00:00:00:0f    00:00:00:00:00:02 9    585  [15,5,19,22,7,2]     00:00:00:00:00:0f    00:00:00:00:00:02 10    585  [15,12,13,3,7,2]     00:00:00:00:00:0f    00:00:00:00:00:02 11    585  [15,12,13,5,7,2]     00:00:00:00:00:0f    00:00:00:00:00:02 12    585  [15,12,13,6,7,2]     00:00:00:00:00:0f    00:00:00:00:00:02 13    585  [15,22,11,5,7,2]     00:00:00:00:00:0f    00:00:00:00:00:02 14    585  [15,22,19,5,7,2]     00:00:00:00:00:0f    00:00:00:00:00:02 15    585  [15,22,18,6,7,2]  
# h00:00:00:00:00:0f -> h00:00:00:00:00:07
   00:00:00:00:00:0f    00:00:00:00:00:07 0    146  [15,2,7]     00:00:00:00:00:0f    00:00:00:00:00:07 1    146  [15,5,7]     00:00:00:00:00:0f    00:00:00:00:00:07 2    146  [15,22,7]     00:00:00:00:00:0f    00:00:00:00:00:07 3    293  [15,2,14,7]     00:00:00:00:00:0f    00:00:00:00:00:07 4    439  [15,5,1,3,7]     00:00:00:00:00:0f    00:00:00:00:00:07 5    439  [15,5,13,3,7]     00:00:00:00:00:0f    00:00:00:00:00:07 6    439  [15,5,11,22,7]     00:00:00:00:00:0f    00:00:00:00:00:07 7    439  [15,5,13,6,7]     00:00:00:00:00:0f    00:00:00:00:00:07 8    439  [15,5,19,22,7]     00:00:00:00:00:0f    00:00:00:00:00:07 9    439  [15,12,13,3,7]     00:00:00:00:00:0f    00:00:00:00:00:07 10    439  [15,12,13,5,7]     00:00:00:00:00:0f    00:00:00:00:00:07 11    439  [15,12,13,6,7]     00:00:00:00:00:0f    00:00:00:00:00:07 12    439  [15,22,11,5,7]     00:00:00:00:00:0f    00:00:00:00:00:07 13    439  [15,22,19,5,7]     00:00:00:00:00:0f    00:00:00:00:00:07 14    439  [15,22,18,6,7]     00:00:00:00:00:0f    00:00:00:00:00:07 15    585  [15,5,1,16,22,7]  
# h00:00:00:00:00:0f -> h00:00:00:00:00:0e
   00:00:00:00:00:0f    00:00:00:00:00:0e 0    146  [15,2,14]     00:00:00:00:00:0f    00:00:00:00:00:0e 1    293  [15,2,7,14]     00:00:00:00:00:0f    00:00:00:00:00:0e 2    293  [15,5,7,14]     00:00:00:00:00:0f    00:00:00:00:00:0e 3    293  [15,22,7,14]     00:00:00:00:00:0f    00:00:00:00:00:0e 4    439  [15,5,7,2,14]     00:00:00:00:00:0f    00:00:00:00:00:0e 5    439  [15,22,7,2,14]     00:00:00:00:00:0f    00:00:00:00:00:0e 6    585  [15,5,1,3,7,14]     00:00:00:00:00:0f    00:00:00:00:00:0e 7    585  [15,5,13,3,7,14]     00:00:00:00:00:0f    00:00:00:00:00:0e 8    585  [15,5,11,22,7,14]     00:00:00:00:00:0f    00:00:00:00:00:0e 9    585  [15,5,13,6,7,14]     00:00:00:00:00:0f    00:00:00:00:00:0e 10    585  [15,5,19,22,7,14]     00:00:00:00:00:0f    00:00:00:00:00:0e 11    585  [15,12,13,3,7,14]     00:00:00:00:00:0f    00:00:00:00:00:0e 12    585  [15,12,13,5,7,14]     00:00:00:00:00:0f    00:00:00:00:00:0e 13    585  [15,12,13,6,7,14]     00:00:00:00:00:0f    00:00:00:00:00:0e 14    585  [15,22,11,5,7,14]     00:00:00:00:00:0f    00:00:00:00:00:0e 15    585  [15,22,19,5,7,14]  
# h00:00:00:00:00:0f -> h00:00:00:00:00:0d
   00:00:00:00:00:0f    00:00:00:00:00:0d 0    146  [15,5,13]     00:00:00:00:00:0f    00:00:00:00:00:0d 1    146  [15,12,13]     00:00:00:00:00:0f    00:00:00:00:00:0d 2    293  [15,5,8,13]     00:00:00:00:00:0f    00:00:00:00:00:0d 3    439  [15,2,7,3,13]     00:00:00:00:00:0f    00:00:00:00:00:0d 4    439  [15,2,7,5,13]     00:00:00:00:00:0f    00:00:00:00:00:0d 5    439  [15,2,7,6,13]     00:00:00:00:00:0f    00:00:00:00:00:0d 6    439  [15,5,1,3,13]     00:00:00:00:00:0f    00:00:00:00:00:0d 7    439  [15,5,7,3,13]     00:00:00:00:00:0f    00:00:00:00:00:0d 8    439  [15,5,7,6,13]     00:00:00:00:00:0f    00:00:00:00:00:0d 9    439  [15,22,7,3,13]     00:00:00:00:00:0f    00:00:00:00:00:0d 10    439  [15,22,7,5,13]     00:00:00:00:00:0f    00:00:00:00:00:0d 11    439  [15,22,7,6,13]     00:00:00:00:00:0f    00:00:00:00:00:0d 12    439  [15,22,11,5,13]     00:00:00:00:00:0f    00:00:00:00:00:0d 13    439  [15,22,19,5,13]     00:00:00:00:00:0f    00:00:00:00:00:0d 14    439  [15,22,18,6,13]     00:00:00:00:00:0f    00:00:00:00:00:0d 15    585  [15,2,7,5,8,13]  
# h00:00:00:00:00:0f -> h00:00:00:00:00:04
   00:00:00:00:00:0f    00:00:00:00:00:04 0    146  [15,5,4]     00:00:00:00:00:0f    00:00:00:00:00:04 1    439  [15,2,7,5,4]     00:00:00:00:00:0f    00:00:00:00:00:04 2    439  [15,5,19,17,4]     00:00:00:00:00:0f    00:00:00:00:00:04 3    439  [15,22,7,5,4]     00:00:00:00:00:0f    00:00:00:00:00:04 4    439  [15,12,13,5,4]     00:00:00:00:00:0f    00:00:00:00:00:04 5    439  [15,22,11,5,4]     00:00:00:00:00:0f    00:00:00:00:00:04 6    439  [15,22,19,5,4]     00:00:00:00:00:0f    00:00:00:00:00:04 7    439  [15,22,19,17,4]     00:00:00:00:00:0f    00:00:00:00:00:04 8    585  [15,2,14,7,5,4]     00:00:00:00:00:0f    00:00:00:00:00:04 9    585  [15,5,1,10,21,4]     00:00:00:00:00:0f    00:00:00:00:00:04 10    585  [15,12,13,8,5,4]     00:00:00:00:00:0f    00:00:00:00:00:04 11    585  [15,22,16,1,5,4]     00:00:00:00:00:0f    00:00:00:00:00:04 12    731  [15,2,7,3,1,5,4]     00:00:00:00:00:0f    00:00:00:00:00:04 13    731  [15,2,7,3,13,5,4]     00:00:00:00:00:0f    00:00:00:00:00:04 14    731  [15,2,7,5,19,17,4]     00:00:00:00:00:0f    00:00:00:00:00:04 15    731  [15,2,7,22,11,5,4]  
# h00:00:00:00:00:0f -> h00:00:00:00:00:11
   00:00:00:00:00:0f    00:00:00:00:00:11 0    293  [15,5,4,17]     00:00:00:00:00:0f    00:00:00:00:00:11 1    293  [15,5,19,17]     00:00:00:00:00:0f    00:00:00:00:00:11 2    293  [15,22,19,17]     00:00:00:00:00:0f    00:00:00:00:00:11 3    585  [15,2,7,5,4,17]     00:00:00:00:00:0f    00:00:00:00:00:11 4    585  [15,2,7,5,19,17]     00:00:00:00:00:0f    00:00:00:00:00:11 5    585  [15,2,7,22,19,17]     00:00:00:00:00:0f    00:00:00:00:00:11 6    585  [15,5,7,22,19,17]     00:00:00:00:00:0f    00:00:00:00:00:11 7    585  [15,5,11,22,19,17]     00:00:00:00:00:0f    00:00:00:00:00:11 8    585  [15,12,13,5,4,17]     00:00:00:00:00:0f    00:00:00:00:00:11 9    585  [15,12,13,5,19,17]     00:00:00:00:00:0f    00:00:00:00:00:11 10    585  [15,22,7,5,4,17]     00:00:00:00:00:0f    00:00:00:00:00:11 11    585  [15,22,7,5,19,17]     00:00:00:00:00:0f    00:00:00:00:00:11 12    585  [15,22,11,5,4,17]     00:00:00:00:00:0f    00:00:00:00:00:11 13    585  [15,22,11,5,19,17]     00:00:00:00:00:0f    00:00:00:00:00:11 14    585  [15,22,19,5,4,17]     00:00:00:00:00:0f    00:00:00:00:00:11 15    731  [15,2,14,7,5,4,17]  
# h00:00:00:00:00:0f -> h00:00:00:00:00:15
   00:00:00:00:00:0f    00:00:00:00:00:15 0    293  [15,5,4,21]     00:00:00:00:00:0f    00:00:00:00:00:15 1    439  [15,5,1,10,21]     00:00:00:00:00:0f    00:00:00:00:00:15 2    585  [15,2,7,5,4,21]     00:00:00:00:00:0f    00:00:00:00:00:15 3    585  [15,5,19,17,4,21]     00:00:00:00:00:0f    00:00:00:00:00:15 4    585  [15,22,7,5,4,21]     00:00:00:00:00:0f    00:00:00:00:00:15 5    585  [15,12,13,5,4,21]     00:00:00:00:00:0f    00:00:00:00:00:15 6    585  [15,22,11,5,4,21]     00:00:00:00:00:0f    00:00:00:00:00:15 7    585  [15,22,19,5,4,21]     00:00:00:00:00:0f    00:00:00:00:00:15 8    585  [15,22,16,1,10,21]     00:00:00:00:00:0f    00:00:00:00:00:15 9    585  [15,22,19,17,4,21]     00:00:00:00:00:0f    00:00:00:00:00:15 10    731  [15,2,7,3,1,10,21]     00:00:00:00:00:0f    00:00:00:00:00:15 11    731  [15,2,7,5,1,10,21]     00:00:00:00:00:0f    00:00:00:00:00:15 12    731  [15,2,14,7,5,4,21]     00:00:00:00:00:0f    00:00:00:00:00:15 13    731  [15,5,1,20,9,10,21]     00:00:00:00:00:0f    00:00:00:00:00:15 14    731  [15,5,7,3,1,10,21]     00:00:00:00:00:0f    00:00:00:00:00:15 15    731  [15,5,13,3,1,10,21]  
# h00:00:00:00:00:0f -> h00:00:00:00:00:08
   00:00:00:00:00:0f    00:00:00:00:00:08 0    146  [15,5,8]     00:00:00:00:00:0f    00:00:00:00:00:08 1    293  [15,5,13,8]     00:00:00:00:00:0f    00:00:00:00:00:08 2    293  [15,12,13,8]     00:00:00:00:00:0f    00:00:00:00:00:08 3    439  [15,2,7,5,8]     00:00:00:00:00:0f    00:00:00:00:00:08 4    439  [15,12,13,5,8]     00:00:00:00:00:0f    00:00:00:00:00:08 5    439  [15,22,7,5,8]     00:00:00:00:00:0f    00:00:00:00:00:08 6    439  [15,22,11,5,8]     00:00:00:00:00:0f    00:00:00:00:00:08 7    439  [15,22,19,5,8]     00:00:00:00:00:0f    00:00:00:00:00:08 8    585  [15,2,7,3,13,8]     00:00:00:00:00:0f    00:00:00:00:00:08 9    585  [15,2,7,5,13,8]     00:00:00:00:00:0f    00:00:00:00:00:08 10    585  [15,2,7,6,13,8]     00:00:00:00:00:0f    00:00:00:00:00:08 11    585  [15,2,14,7,5,8]     00:00:00:00:00:0f    00:00:00:00:00:08 12    585  [15,5,1,3,13,8]     00:00:00:00:00:0f    00:00:00:00:00:08 13    585  [15,5,7,3,13,8]     00:00:00:00:00:0f    00:00:00:00:00:08 14    585  [15,5,7,6,13,8]     00:00:00:00:00:0f    00:00:00:00:00:08 15    585  [15,22,7,3,13,8]  
# h00:00:00:00:00:0f -> h00:00:00:00:00:0b
   00:00:00:00:00:0f    00:00:00:00:00:0b 0    146  [15,5,11]     00:00:00:00:00:0f    00:00:00:00:00:0b 1    146  [15,22,11]     00:00:00:00:00:0f    00:00:00:00:00:0b 2    439  [15,2,7,5,11]     00:00:00:00:00:0f    00:00:00:00:00:0b 3    439  [15,2,7,22,11]     00:00:00:00:00:0f    00:00:00:00:00:0b 4    439  [15,5,7,22,11]     00:00:00:00:00:0f    00:00:00:00:00:0b 5    439  [15,5,19,22,11]     00:00:00:00:00:0f    00:00:00:00:00:0b 6    439  [15,12,13,5,11]     00:00:00:00:00:0f    00:00:00:00:00:0b 7    439  [15,22,7,5,11]     00:00:00:00:00:0f    00:00:00:00:00:0b 8    439  [15,22,19,5,11]     00:00:00:00:00:0f    00:00:00:00:00:0b 9    585  [15,2,14,7,5,11]     00:00:00:00:00:0f    00:00:00:00:00:0b 10    585  [15,2,14,7,22,11]     00:00:00:00:00:0f    00:00:00:00:00:0b 11    585  [15,5,1,16,22,11]     00:00:00:00:00:0f    00:00:00:00:00:0b 12    585  [15,12,13,8,5,11]     00:00:00:00:00:0f    00:00:00:00:00:0b 13    585  [15,22,16,1,5,11]     00:00:00:00:00:0f    00:00:00:00:00:0b 14    731  [15,2,7,3,1,5,11]     00:00:00:00:00:0f    00:00:00:00:00:0b 15    731  [15,2,7,3,13,5,11]  
# h00:00:00:00:00:0f -> h00:00:00:00:00:13
   00:00:00:00:00:0f    00:00:00:00:00:13 0    146  [15,5,19]     00:00:00:00:00:0f    00:00:00:00:00:13 1    146  [15,22,19]     00:00:00:00:00:0f    00:00:00:00:00:13 2    439  [15,2,7,5,19]     00:00:00:00:00:0f    00:00:00:00:00:13 3    439  [15,2,7,22,19]     00:00:00:00:00:0f    00:00:00:00:00:13 4    439  [15,5,4,17,19]     00:00:00:00:00:0f    00:00:00:00:00:13 5    439  [15,5,7,22,19]     00:00:00:00:00:0f    00:00:00:00:00:13 6    439  [15,5,11,22,19]     00:00:00:00:00:0f    00:00:00:00:00:13 7    439  [15,12,13,5,19]     00:00:00:00:00:0f    00:00:00:00:00:13 8    439  [15,22,7,5,19]     00:00:00:00:00:0f    00:00:00:00:00:13 9    439  [15,22,11,5,19]     00:00:00:00:00:0f    00:00:00:00:00:13 10    585  [15,2,14,7,5,19]     00:00:00:00:00:0f    00:00:00:00:00:13 11    585  [15,2,14,7,22,19]     00:00:00:00:00:0f    00:00:00:00:00:13 12    585  [15,5,1,16,22,19]     00:00:00:00:00:0f    00:00:00:00:00:13 13    585  [15,12,13,8,5,19]     00:00:00:00:00:0f    00:00:00:00:00:13 14    585  [15,22,16,1,5,19]     00:00:00:00:00:0f    00:00:00:00:00:13 15    731  [15,2,7,3,1,5,19]  
# h00:00:00:00:00:0f -> h00:00:00:00:00:06
   00:00:00:00:00:0f    00:00:00:00:00:06 0    293  [15,2,7,6]     00:00:00:00:00:0f    00:00:00:00:00:06 1    293  [15,5,7,6]     00:00:00:00:00:0f    00:00:00:00:00:06 2    293  [15,5,13,6]     00:00:00:00:00:0f    00:00:00:00:00:06 3    293  [15,22,7,6]     00:00:00:00:00:0f    00:00:00:00:00:06 4    293  [15,12,13,6]     00:00:00:00:00:0f    00:00:00:00:00:06 5    293  [15,22,18,6]     00:00:00:00:00:0f    00:00:00:00:00:06 6    439  [15,2,14,7,6]     00:00:00:00:00:0f    00:00:00:00:00:06 7    439  [15,5,8,13,6]     00:00:00:00:00:0f    00:00:00:00:00:06 8    585  [15,2,7,3,13,6]     00:00:00:00:00:0f    00:00:00:00:00:06 9    585  [15,2,7,5,13,6]     00:00:00:00:00:0f    00:00:00:00:00:06 10    585  [15,2,7,22,18,6]     00:00:00:00:00:0f    00:00:00:00:00:06 11    585  [15,5,1,3,7,6]     00:00:00:00:00:0f    00:00:00:00:00:06 12    585  [15,5,1,3,13,6]     00:00:00:00:00:0f    00:00:00:00:00:06 13    585  [15,5,7,3,13,6]     00:00:00:00:00:0f    00:00:00:00:00:06 14    585  [15,5,7,22,18,6]     00:00:00:00:00:0f    00:00:00:00:00:06 15    585  [15,5,11,22,7,6]  
# h00:00:00:00:00:0f -> h00:00:00:00:00:12
   00:00:00:00:00:0f    00:00:00:00:00:12 0    146  [15,22,18]     00:00:00:00:00:0f    00:00:00:00:00:12 1    439  [15,2,7,6,18]     00:00:00:00:00:0f    00:00:00:00:00:12 2    439  [15,2,7,22,18]     00:00:00:00:00:0f    00:00:00:00:00:12 3    439  [15,5,7,6,18]     00:00:00:00:00:0f    00:00:00:00:00:12 4    439  [15,5,7,22,18]     00:00:00:00:00:0f    00:00:00:00:00:12 5    439  [15,5,13,6,18]     00:00:00:00:00:0f    00:00:00:00:00:12 6    439  [15,5,11,22,18]     00:00:00:00:00:0f    00:00:00:00:00:12 7    439  [15,5,19,22,18]     00:00:00:00:00:0f    00:00:00:00:00:12 8    439  [15,12,13,6,18]     00:00:00:00:00:0f    00:00:00:00:00:12 9    439  [15,22,7,6,18]     00:00:00:00:00:0f    00:00:00:00:00:12 10    585  [15,2,14,7,6,18]     00:00:00:00:00:0f    00:00:00:00:00:12 11    585  [15,2,14,7,22,18]     00:00:00:00:00:0f    00:00:00:00:00:12 12    585  [15,5,8,13,6,18]     00:00:00:00:00:0f    00:00:00:00:00:12 13    585  [15,5,1,16,22,18]     00:00:00:00:00:0f    00:00:00:00:00:12 14    731  [15,2,7,3,13,6,18]     00:00:00:00:00:0f    00:00:00:00:00:12 15    731  [15,2,7,5,13,6,18]  
# h00:00:00:00:00:0f -> h00:00:00:00:00:16
   00:00:00:00:00:0f    00:00:00:00:00:16 0      0  [15,22]     00:00:00:00:00:0f    00:00:00:00:00:16 1    293  [15,2,7,22]     00:00:00:00:00:0f    00:00:00:00:00:16 2    293  [15,5,7,22]     00:00:00:00:00:0f    00:00:00:00:00:16 3    293  [15,5,11,22]     00:00:00:00:00:0f    00:00:00:00:00:16 4    293  [15,5,19,22]     00:00:00:00:00:0f    00:00:00:00:00:16 5    439  [15,2,14,7,22]     00:00:00:00:00:0f    00:00:00:00:00:16 6    439  [15,5,1,16,22]     00:00:00:00:00:0f    00:00:00:00:00:16 7    585  [15,2,7,5,11,22]     00:00:00:00:00:0f    00:00:00:00:00:16 8    585  [15,2,7,5,19,22]     00:00:00:00:00:0f    00:00:00:00:00:16 9    585  [15,2,7,6,18,22]     00:00:00:00:00:0f    00:00:00:00:00:16 10    585  [15,5,1,3,7,22]     00:00:00:00:00:0f    00:00:00:00:00:16 11    585  [15,5,7,6,18,22]     00:00:00:00:00:0f    00:00:00:00:00:16 12    585  [15,5,13,3,7,22]     00:00:00:00:00:0f    00:00:00:00:00:16 13    585  [15,5,4,17,19,22]     00:00:00:00:00:0f    00:00:00:00:00:16 14    585  [15,5,13,6,7,22]     00:00:00:00:00:0f    00:00:00:00:00:16 15    585  [15,5,13,6,18,22]  
# h00:00:00:00:00:0f -> h00:00:00:00:00:09
   00:00:00:00:00:0f    00:00:00:00:00:09 0    439  [15,5,1,10,9]     00:00:00:00:00:0f    00:00:00:00:00:09 1    439  [15,5,1,20,9]     00:00:00:00:00:0f    00:00:00:00:00:09 2    585  [15,5,4,21,10,9]     00:00:00:00:00:0f    00:00:00:00:00:09 3    585  [15,22,16,1,10,9]     00:00:00:00:00:0f    00:00:00:00:00:09 4    585  [15,22,16,1,20,9]     00:00:00:00:00:0f    00:00:00:00:00:09 5    731  [15,2,7,3,1,10,9]     00:00:00:00:00:0f    00:00:00:00:00:09 6    731  [15,2,7,3,1,20,9]     00:00:00:00:00:0f    00:00:00:00:00:09 7    731  [15,2,7,5,1,10,9]     00:00:00:00:00:0f    00:00:00:00:00:09 8    731  [15,2,7,5,1,20,9]     00:00:00:00:00:0f    00:00:00:00:00:09 9    731  [15,5,7,3,1,10,9]     00:00:00:00:00:0f    00:00:00:00:00:09 10    731  [15,5,7,3,1,20,9]     00:00:00:00:00:0f    00:00:00:00:00:09 11    731  [15,5,13,3,1,10,9]     00:00:00:00:00:0f    00:00:00:00:00:09 12    731  [15,5,13,3,1,20,9]     00:00:00:00:00:0f    00:00:00:00:00:09 13    731  [15,12,13,3,1,10,9]     00:00:00:00:00:0f    00:00:00:00:00:09 14    731  [15,12,13,3,1,20,9]     00:00:00:00:00:0f    00:00:00:00:00:09 15    731  [15,12,13,5,1,10,9]  
# h00:00:00:00:00:0f -> h00:00:00:00:00:0c
   00:00:00:00:00:0f    00:00:00:00:00:0c 0      0  [15,12]     00:00:00:00:00:0f    00:00:00:00:00:0c 1    293  [15,5,13,12]     00:00:00:00:00:0f    00:00:00:00:00:0c 2    439  [15,5,8,13,12]     00:00:00:00:00:0f    00:00:00:00:00:0c 3    585  [15,2,7,3,13,12]     00:00:00:00:00:0f    00:00:00:00:00:0c 4    585  [15,2,7,5,13,12]     00:00:00:00:00:0f    00:00:00:00:00:0c 5    585  [15,2,7,6,13,12]     00:00:00:00:00:0f    00:00:00:00:00:0c 6    585  [15,5,1,3,13,12]     00:00:00:00:00:0f    00:00:00:00:00:0c 7    585  [15,5,7,3,13,12]     00:00:00:00:00:0f    00:00:00:00:00:0c 8    585  [15,5,7,6,13,12]     00:00:00:00:00:0f    00:00:00:00:00:0c 9    585  [15,22,7,3,13,12]     00:00:00:00:00:0f    00:00:00:00:00:0c 10    585  [15,22,7,5,13,12]     00:00:00:00:00:0f    00:00:00:00:00:0c 11    585  [15,22,7,6,13,12]     00:00:00:00:00:0f    00:00:00:00:00:0c 12    585  [15,22,11,5,13,12]     00:00:00:00:00:0f    00:00:00:00:00:0c 13    585  [15,22,19,5,13,12]     00:00:00:00:00:0f    00:00:00:00:00:0c 14    585  [15,22,18,6,13,12]     00:00:00:00:00:0f    00:00:00:00:00:0c 15    731  [15,2,7,5,8,13,12]  
# h00:00:00:00:00:0d -> h00:00:00:00:00:01
   00:00:00:00:00:0d    00:00:00:00:00:01 0    146  [13,3,1]     00:00:00:00:00:0d    00:00:00:00:00:01 1    146  [13,5,1]     00:00:00:00:00:0d    00:00:00:00:00:01 2    293  [13,8,5,1]     00:00:00:00:00:0d    00:00:00:00:00:01 3    439  [13,3,7,5,1]     00:00:00:00:00:0d    00:00:00:00:00:01 4    439  [13,5,7,3,1]     00:00:00:00:00:0d    00:00:00:00:00:01 5    439  [13,6,7,3,1]     00:00:00:00:00:0d    00:00:00:00:00:01 6    439  [13,6,7,5,1]     00:00:00:00:00:0d    00:00:00:00:00:01 7    439  [13,12,15,5,1]     00:00:00:00:00:0d    00:00:00:00:00:01 8    585  [13,3,7,22,16,1]     00:00:00:00:00:0d    00:00:00:00:00:01 9    585  [13,5,4,21,10,1]     00:00:00:00:00:0d    00:00:00:00:00:01 10    585  [13,5,7,22,16,1]     00:00:00:00:00:0d    00:00:00:00:00:01 11    585  [13,5,11,22,16,1]     00:00:00:00:00:0d    00:00:00:00:00:01 12    585  [13,5,15,22,16,1]     00:00:00:00:00:0d    00:00:00:00:00:01 13    585  [13,5,19,22,16,1]     00:00:00:00:00:0d    00:00:00:00:00:01 14    585  [13,6,7,22,16,1]     00:00:00:00:00:0d    00:00:00:00:00:01 15    585  [13,6,18,22,16,1]  
# h00:00:00:00:00:0d -> h00:00:00:00:00:03
   00:00:00:00:00:0d    00:00:00:00:00:03 0      0  [13,3]     00:00:00:00:00:0d    00:00:00:00:00:03 1    293  [13,5,1,3]     00:00:00:00:00:0d    00:00:00:00:00:03 2    293  [13,5,7,3]     00:00:00:00:00:0d    00:00:00:00:00:03 3    293  [13,6,7,3]     00:00:00:00:00:0d    00:00:00:00:00:03 4    439  [13,8,5,1,3]     00:00:00:00:00:0d    00:00:00:00:00:03 5    439  [13,8,5,7,3]     00:00:00:00:00:0d    00:00:00:00:00:03 6    585  [13,5,15,2,7,3]     00:00:00:00:00:0d    00:00:00:00:00:03 7    585  [13,5,11,22,7,3]     00:00:00:00:00:0d    00:00:00:00:00:03 8    585  [13,5,15,22,7,3]     00:00:00:00:00:0d    00:00:00:00:00:03 9    585  [13,5,19,22,7,3]     00:00:00:00:00:0d    00:00:00:00:00:03 10    585  [13,6,7,5,1,3]     00:00:00:00:00:0d    00:00:00:00:00:03 11    585  [13,6,18,22,7,3]     00:00:00:00:00:0d    00:00:00:00:00:03 12    585  [13,12,15,5,1,3]     00:00:00:00:00:0d    00:00:00:00:00:03 13    585  [13,12,15,2,7,3]     00:00:00:00:00:0d    00:00:00:00:00:03 14    585  [13,12,15,5,7,3]     00:00:00:00:00:0d    00:00:00:00:00:03 15    585  [13,12,15,22,7,3]  
# h00:00:00:00:00:0d -> h00:00:00:00:00:05
   00:00:00:00:00:0d    00:00:00:00:00:05 0      0  [13,5]     00:00:00:00:00:0d    00:00:00:00:00:05 1    146  [13,8,5]     00:00:00:00:00:0d    00:00:00:00:00:05 2    293  [13,3,1,5]     00:00:00:00:00:0d    00:00:00:00:00:05 3    293  [13,3,7,5]     00:00:00:00:00:0d    00:00:00:00:00:05 4    293  [13,6,7,5]     00:00:00:00:00:0d    00:00:00:00:00:05 5    293  [13,12,15,5]     00:00:00:00:00:0d    00:00:00:00:00:05 6    585  [13,3,7,22,11,5]     00:00:00:00:00:0d    00:00:00:00:00:05 7    585  [13,3,7,2,15,5]     00:00:00:00:00:0d    00:00:00:00:00:05 8    585  [13,3,7,22,15,5]     00:00:00:00:00:0d    00:00:00:00:00:05 9    585  [13,3,7,22,19,5]     00:00:00:00:00:0d    00:00:00:00:00:05 10    585  [13,6,7,3,1,5]     00:00:00:00:00:0d    00:00:00:00:00:05 11    585  [13,6,7,22,11,5]     00:00:00:00:00:0d    00:00:00:00:00:05 12    585  [13,6,7,2,15,5]     00:00:00:00:00:0d    00:00:00:00:00:05 13    585  [13,6,7,22,15,5]     00:00:00:00:00:0d    00:00:00:00:00:05 14    585  [13,6,7,22,19,5]     00:00:00:00:00:0d    00:00:00:00:00:05 15    585  [13,6,18,22,7,5]  
# h00:00:00:00:00:0d -> h00:00:00:00:00:0a
   00:00:00:00:00:0d    00:00:00:00:00:0a 0    293  [13,3,1,10]     00:00:00:00:00:0d    00:00:00:00:00:0a 1    293  [13,5,1,10]     00:00:00:00:00:0d    00:00:00:00:00:0a 2    439  [13,5,4,21,10]     00:00:00:00:00:0d    00:00:00:00:00:0a 3    439  [13,8,5,1,10]     00:00:00:00:00:0d    00:00:00:00:00:0a 4    585  [13,3,1,20,9,10]     00:00:00:00:00:0d    00:00:00:00:00:0a 5    585  [13,3,7,5,1,10]     00:00:00:00:00:0d    00:00:00:00:00:0a 6    585  [13,5,1,20,9,10]     00:00:00:00:00:0d    00:00:00:00:00:0a 7    585  [13,5,7,3,1,10]     00:00:00:00:00:0d    00:00:00:00:00:0a 8    585  [13,6,7,3,1,10]     00:00:00:00:00:0d    00:00:00:00:00:0a 9    585  [13,6,7,5,1,10]     00:00:00:00:00:0d    00:00:00:00:00:0a 10    585  [13,8,5,4,21,10]     00:00:00:00:00:0d    00:00:00:00:00:0a 11    585  [13,12,15,5,1,10]     00:00:00:00:00:0d    00:00:00:00:00:0a 12    731  [13,3,1,5,4,21,10]     00:00:00:00:00:0d    00:00:00:00:00:0a 13    731  [13,3,7,5,4,21,10]     00:00:00:00:00:0d    00:00:00:00:00:0a 14    731  [13,3,7,22,16,1,10]     00:00:00:00:00:0d    00:00:00:00:00:0a 15    731  [13,5,7,22,16,1,10]  
# h00:00:00:00:00:0d -> h00:00:00:00:00:10
   00:00:00:00:00:0d    00:00:00:00:00:10 0    293  [13,3,1,16]     00:00:00:00:00:0d    00:00:00:00:00:10 1    293  [13,5,1,16]     00:00:00:00:00:0d    00:00:00:00:00:10 2    439  [13,3,7,22,16]     00:00:00:00:00:0d    00:00:00:00:00:10 3    439  [13,5,7,22,16]     00:00:00:00:00:0d    00:00:00:00:00:10 4    439  [13,5,11,22,16]     00:00:00:00:00:0d    00:00:00:00:00:10 5    439  [13,5,15,22,16]     00:00:00:00:00:0d    00:00:00:00:00:10 6    439  [13,5,19,22,16]     00:00:00:00:00:0d    00:00:00:00:00:10 7    439  [13,8,5,1,16]     00:00:00:00:00:0d    00:00:00:00:00:10 8    439  [13,6,7,22,16]     00:00:00:00:00:0d    00:00:00:00:00:10 9    439  [13,6,18,22,16]     00:00:00:00:00:0d    00:00:00:00:00:10 10    439  [13,12,15,22,16]     00:00:00:00:00:0d    00:00:00:00:00:10 11    585  [13,3,7,5,1,16]     00:00:00:00:00:0d    00:00:00:00:00:10 12    585  [13,5,7,3,1,16]     00:00:00:00:00:0d    00:00:00:00:00:10 13    585  [13,6,7,3,1,16]     00:00:00:00:00:0d    00:00:00:00:00:10 14    585  [13,6,7,5,1,16]     00:00:00:00:00:0d    00:00:00:00:00:10 15    585  [13,8,5,7,22,16]  
# h00:00:00:00:00:0d -> h00:00:00:00:00:14
   00:00:00:00:00:0d    00:00:00:00:00:14 0    293  [13,3,1,20]     00:00:00:00:00:0d    00:00:00:00:00:14 1    293  [13,5,1,20]     00:00:00:00:00:0d    00:00:00:00:00:14 2    439  [13,8,5,1,20]     00:00:00:00:00:0d    00:00:00:00:00:14 3    585  [13,3,1,10,9,20]     00:00:00:00:00:0d    00:00:00:00:00:14 4    585  [13,3,7,5,1,20]     00:00:00:00:00:0d    00:00:00:00:00:14 5    585  [13,5,1,10,9,20]     00:00:00:00:00:0d    00:00:00:00:00:14 6    585  [13,5,7,3,1,20]     00:00:00:00:00:0d    00:00:00:00:00:14 7    585  [13,6,7,3,1,20]     00:00:00:00:00:0d    00:00:00:00:00:14 8    585  [13,6,7,5,1,20]     00:00:00:00:00:0d    00:00:00:00:00:14 9    585  [13,12,15,5,1,20]     00:00:00:00:00:0d    00:00:00:00:00:14 10    731  [13,3,7,22,16,1,20]     00:00:00:00:00:0d    00:00:00:00:00:14 11    731  [13,5,4,21,10,1,20]     00:00:00:00:00:0d    00:00:00:00:00:14 12    731  [13,5,4,21,10,9,20]     00:00:00:00:00:0d    00:00:00:00:00:14 13    731  [13,5,7,22,16,1,20]     00:00:00:00:00:0d    00:00:00:00:00:14 14    731  [13,5,11,22,16,1,20]     00:00:00:00:00:0d    00:00:00:00:00:14 15    731  [13,5,15,22,16,1,20]  
# h00:00:00:00:00:0d -> h00:00:00:00:00:02
   00:00:00:00:00:0d    00:00:00:00:00:02 0    293  [13,3,7,2]     00:00:00:00:00:0d    00:00:00:00:00:02 1    293  [13,5,7,2]     00:00:00:00:00:0d    00:00:00:00:00:02 2    293  [13,5,15,2]     00:00:00:00:00:0d    00:00:00:00:00:02 3    293  [13,6,7,2]     00:00:00:00:00:0d    00:00:00:00:00:02 4    293  [13,12,15,2]     00:00:00:00:00:0d    00:00:00:00:00:02 5    439  [13,3,7,14,2]     00:00:00:00:00:0d    00:00:00:00:00:02 6    439  [13,5,7,14,2]     00:00:00:00:00:0d    00:00:00:00:00:02 7    439  [13,6,7,14,2]     00:00:00:00:00:0d    00:00:00:00:00:02 8    439  [13,8,5,7,2]     00:00:00:00:00:0d    00:00:00:00:00:02 9    439  [13,8,5,15,2]     00:00:00:00:00:0d    00:00:00:00:00:02 10    585  [13,3,1,5,7,2]     00:00:00:00:00:0d    00:00:00:00:00:02 11    585  [13,3,1,5,15,2]     00:00:00:00:00:0d    00:00:00:00:00:02 12    585  [13,3,7,5,15,2]     00:00:00:00:00:0d    00:00:00:00:00:02 13    585  [13,3,7,22,15,2]     00:00:00:00:00:0d    00:00:00:00:00:02 14    585  [13,5,1,3,7,2]     00:00:00:00:00:0d    00:00:00:00:00:02 15    585  [13,5,7,22,15,2]  
# h00:00:00:00:00:0d -> h00:00:00:00:00:07
   00:00:00:00:00:0d    00:00:00:00:00:07 0    146  [13,3,7]     00:00:00:00:00:0d    00:00:00:00:00:07 1    146  [13,5,7]     00:00:00:00:00:0d    00:00:00:00:00:07 2    146  [13,6,7]     00:00:00:00:00:0d    00:00:00:00:00:07 3    293  [13,8,5,7]     00:00:00:00:00:0d    00:00:00:00:00:07 4    439  [13,3,1,5,7]     00:00:00:00:00:0d    00:00:00:00:00:07 5    439  [13,5,15,2,7]     00:00:00:00:00:0d    00:00:00:00:00:07 6    439  [13,5,1,3,7]     00:00:00:00:00:0d    00:00:00:00:00:07 7    439  [13,5,11,22,7]     00:00:00:00:00:0d    00:00:00:00:00:07 8    439  [13,5,15,22,7]     00:00:00:00:00:0d    00:00:00:00:00:07 9    439  [13,5,19,22,7]     00:00:00:00:00:0d    00:00:00:00:00:07 10    439  [13,6,18,22,7]     00:00:00:00:00:0d    00:00:00:00:00:07 11    439  [13,12,15,2,7]     00:00:00:00:00:0d    00:00:00:00:00:07 12    439  [13,12,15,5,7]     00:00:00:00:00:0d    00:00:00:00:00:07 13    439  [13,12,15,22,7]     00:00:00:00:00:0d    00:00:00:00:00:07 14    585  [13,3,1,16,22,7]     00:00:00:00:00:0d    00:00:00:00:00:07 15    585  [13,5,1,16,22,7]  
# h00:00:00:00:00:0d -> h00:00:00:00:00:0e
   00:00:00:00:00:0d    00:00:00:00:00:0e 0    293  [13,3,7,14]     00:00:00:00:00:0d    00:00:00:00:00:0e 1    293  [13,5,7,14]     00:00:00:00:00:0d    00:00:00:00:00:0e 2    293  [13,6,7,14]     00:00:00:00:00:0d    00:00:00:00:00:0e 3    439  [13,3,7,2,14]     00:00:00:00:00:0d    00:00:00:00:00:0e 4    439  [13,5,7,2,14]     00:00:00:00:00:0d    00:00:00:00:00:0e 5    439  [13,5,15,2,14]     00:00:00:00:00:0d    00:00:00:00:00:0e 6    439  [13,6,7,2,14]     00:00:00:00:00:0d    00:00:00:00:00:0e 7    439  [13,12,15,2,14]     00:00:00:00:00:0d    00:00:00:00:00:0e 8    439  [13,8,5,7,14]     00:00:00:00:00:0d    00:00:00:00:00:0e 9    585  [13,3,1,5,7,14]     00:00:00:00:00:0d    00:00:00:00:00:0e 10    585  [13,5,1,3,7,14]     00:00:00:00:00:0d    00:00:00:00:00:0e 11    585  [13,5,11,22,7,14]     00:00:00:00:00:0d    00:00:00:00:00:0e 12    585  [13,5,15,2,7,14]     00:00:00:00:00:0d    00:00:00:00:00:0e 13    585  [13,5,15,22,7,14]     00:00:00:00:00:0d    00:00:00:00:00:0e 14    585  [13,5,19,22,7,14]     00:00:00:00:00:0d    00:00:00:00:00:0e 15    585  [13,6,18,22,7,14]  
# h00:00:00:00:00:0d -> h00:00:00:00:00:0f
   00:00:00:00:00:0d    00:00:00:00:00:0f 0    146  [13,5,15]     00:00:00:00:00:0d    00:00:00:00:00:0f 1    146  [13,12,15]     00:00:00:00:00:0d    00:00:00:00:00:0f 2    293  [13,8,5,15]     00:00:00:00:00:0d    00:00:00:00:00:0f 3    439  [13,3,7,2,15]     00:00:00:00:00:0d    00:00:00:00:00:0f 4    439  [13,3,1,5,15]     00:00:00:00:00:0d    00:00:00:00:00:0f 5    439  [13,3,7,5,15]     00:00:00:00:00:0d    00:00:00:00:00:0f 6    439  [13,3,7,22,15]     00:00:00:00:00:0d    00:00:00:00:00:0f 7    439  [13,5,7,2,15]     00:00:00:00:00:0d    00:00:00:00:00:0f 8    439  [13,5,7,22,15]     00:00:00:00:00:0d    00:00:00:00:00:0f 9    439  [13,5,11,22,15]     00:00:00:00:00:0d    00:00:00:00:00:0f 10    439  [13,5,19,22,15]     00:00:00:00:00:0d    00:00:00:00:00:0f 11    439  [13,6,7,2,15]     00:00:00:00:00:0d    00:00:00:00:00:0f 12    439  [13,6,7,5,15]     00:00:00:00:00:0d    00:00:00:00:00:0f 13    439  [13,6,7,22,15]     00:00:00:00:00:0d    00:00:00:00:00:0f 14    439  [13,6,18,22,15]     00:00:00:00:00:0d    00:00:00:00:00:0f 15    585  [13,3,1,16,22,15]  
# h00:00:00:00:00:0d -> h00:00:00:00:00:04
   00:00:00:00:00:0d    00:00:00:00:00:04 0    146  [13,5,4]     00:00:00:00:00:0d    00:00:00:00:00:04 1    293  [13,8,5,4]     00:00:00:00:00:0d    00:00:00:00:00:04 2    439  [13,3,1,5,4]     00:00:00:00:00:0d    00:00:00:00:00:04 3    439  [13,3,7,5,4]     00:00:00:00:00:0d    00:00:00:00:00:04 4    439  [13,5,19,17,4]     00:00:00:00:00:0d    00:00:00:00:00:04 5    439  [13,6,7,5,4]     00:00:00:00:00:0d    00:00:00:00:00:04 6    439  [13,12,15,5,4]     00:00:00:00:00:0d    00:00:00:00:00:04 7    585  [13,3,1,10,21,4]     00:00:00:00:00:0d    00:00:00:00:00:04 8    585  [13,5,1,10,21,4]     00:00:00:00:00:0d    00:00:00:00:00:04 9    585  [13,8,5,19,17,4]     00:00:00:00:00:0d    00:00:00:00:00:04 10    731  [13,3,1,5,19,17,4]     00:00:00:00:00:0d    00:00:00:00:00:04 11    731  [13,3,7,5,19,17,4]     00:00:00:00:00:0d    00:00:00:00:00:04 12    731  [13,3,7,22,11,5,4]     00:00:00:00:00:0d    00:00:00:00:00:04 13    731  [13,3,7,2,15,5,4]     00:00:00:00:00:0d    00:00:00:00:00:04 14    731  [13,3,7,22,15,5,4]     00:00:00:00:00:0d    00:00:00:00:00:04 15    731  [13,3,7,22,19,5,4]  
# h00:00:00:00:00:0d -> h00:00:00:00:00:11
   00:00:00:00:00:0d    00:00:00:00:00:11 0    293  [13,5,4,17]     00:00:00:00:00:0d    00:00:00:00:00:11 1    293  [13,5,19,17]     00:00:00:00:00:0d    00:00:00:00:00:11 2    439  [13,8,5,4,17]     00:00:00:00:00:0d    00:00:00:00:00:11 3    439  [13,8,5,19,17]     00:00:00:00:00:0d    00:00:00:00:00:11 4    585  [13,3,1,5,4,17]     00:00:00:00:00:0d    00:00:00:00:00:11 5    585  [13,3,1,5,19,17]     00:00:00:00:00:0d    00:00:00:00:00:11 6    585  [13,3,7,5,4,17]     00:00:00:00:00:0d    00:00:00:00:00:11 7    585  [13,3,7,5,19,17]     00:00:00:00:00:0d    00:00:00:00:00:11 8    585  [13,3,7,22,19,17]     00:00:00:00:00:0d    00:00:00:00:00:11 9    585  [13,5,7,22,19,17]     00:00:00:00:00:0d    00:00:00:00:00:11 10    585  [13,5,11,22,19,17]     00:00:00:00:00:0d    00:00:00:00:00:11 11    585  [13,5,15,22,19,17]     00:00:00:00:00:0d    00:00:00:00:00:11 12    585  [13,6,7,5,4,17]     00:00:00:00:00:0d    00:00:00:00:00:11 13    585  [13,6,7,5,19,17]     00:00:00:00:00:0d    00:00:00:00:00:11 14    585  [13,6,7,22,19,17]     00:00:00:00:00:0d    00:00:00:00:00:11 15    585  [13,6,18,22,19,17]  
# h00:00:00:00:00:0d -> h00:00:00:00:00:15
   00:00:00:00:00:0d    00:00:00:00:00:15 0    293  [13,5,4,21]     00:00:00:00:00:0d    00:00:00:00:00:15 1    439  [13,5,1,10,21]     00:00:00:00:00:0d    00:00:00:00:00:15 2    439  [13,8,5,4,21]     00:00:00:00:00:0d    00:00:00:00:00:15 3    439  [13,3,1,10,21]     00:00:00:00:00:0d    00:00:00:00:00:15 4    585  [13,3,1,5,4,21]     00:00:00:00:00:0d    00:00:00:00:00:15 5    585  [13,3,7,5,4,21]     00:00:00:00:00:0d    00:00:00:00:00:15 6    585  [13,5,19,17,4,21]     00:00:00:00:00:0d    00:00:00:00:00:15 7    585  [13,6,7,5,4,21]     00:00:00:00:00:0d    00:00:00:00:00:15 8    585  [13,8,5,1,10,21]     00:00:00:00:00:0d    00:00:00:00:00:15 9    585  [13,12,15,5,4,21]     00:00:00:00:00:0d    00:00:00:00:00:15 10    731  [13,3,1,20,9,10,21]     00:00:00:00:00:0d    00:00:00:00:00:15 11    731  [13,3,7,5,1,10,21]     00:00:00:00:00:0d    00:00:00:00:00:15 12    731  [13,5,1,20,9,10,21]     00:00:00:00:00:0d    00:00:00:00:00:15 13    731  [13,5,7,3,1,10,21]     00:00:00:00:00:0d    00:00:00:00:00:15 14    731  [13,6,7,3,1,10,21]     00:00:00:00:00:0d    00:00:00:00:00:15 15    731  [13,6,7,5,1,10,21]  
# h00:00:00:00:00:0d -> h00:00:00:00:00:08
   00:00:00:00:00:0d    00:00:00:00:00:08 0      0  [13,8]     00:00:00:00:00:0d    00:00:00:00:00:08 1    146  [13,5,8]     00:00:00:00:00:0d    00:00:00:00:00:08 2    439  [13,3,1,5,8]     00:00:00:00:00:0d    00:00:00:00:00:08 3    439  [13,3,7,5,8]     00:00:00:00:00:0d    00:00:00:00:00:08 4    439  [13,6,7,5,8]     00:00:00:00:00:0d    00:00:00:00:00:08 5    439  [13,12,15,5,8]     00:00:00:00:00:0d    00:00:00:00:00:08 6    731  [13,3,7,22,11,5,8]     00:00:00:00:00:0d    00:00:00:00:00:08 7    731  [13,3,7,2,15,5,8]     00:00:00:00:00:0d    00:00:00:00:00:08 8    731  [13,3,7,22,15,5,8]     00:00:00:00:00:0d    00:00:00:00:00:08 9    731  [13,3,7,22,19,5,8]     00:00:00:00:00:0d    00:00:00:00:00:08 10    731  [13,6,7,3,1,5,8]     00:00:00:00:00:0d    00:00:00:00:00:08 11    731  [13,6,7,22,11,5,8]     00:00:00:00:00:0d    00:00:00:00:00:08 12    731  [13,6,7,2,15,5,8]     00:00:00:00:00:0d    00:00:00:00:00:08 13    731  [13,6,7,22,15,5,8]     00:00:00:00:00:0d    00:00:00:00:00:08 14    731  [13,6,7,22,19,5,8]     00:00:00:00:00:0d    00:00:00:00:00:08 15    731  [13,6,18,22,7,5,8]  
# h00:00:00:00:00:0d -> h00:00:00:00:00:0b
   00:00:00:00:00:0d    00:00:00:00:00:0b 0    146  [13,5,11]     00:00:00:00:00:0d    00:00:00:00:00:0b 1    293  [13,8,5,11]     00:00:00:00:00:0d    00:00:00:00:00:0b 2    439  [13,3,1,5,11]     00:00:00:00:00:0d    00:00:00:00:00:0b 3    439  [13,3,7,5,11]     00:00:00:00:00:0d    00:00:00:00:00:0b 4    439  [13,3,7,22,11]     00:00:00:00:00:0d    00:00:00:00:00:0b 5    439  [13,5,7,22,11]     00:00:00:00:00:0d    00:00:00:00:00:0b 6    439  [13,5,15,22,11]     00:00:00:00:00:0d    00:00:00:00:00:0b 7    439  [13,5,19,22,11]     00:00:00:00:00:0d    00:00:00:00:00:0b 8    439  [13,6,7,5,11]     00:00:00:00:00:0d    00:00:00:00:00:0b 9    439  [13,6,7,22,11]     00:00:00:00:00:0d    00:00:00:00:00:0b 10    439  [13,6,18,22,11]     00:00:00:00:00:0d    00:00:00:00:00:0b 11    439  [13,12,15,5,11]     00:00:00:00:00:0d    00:00:00:00:00:0b 12    439  [13,12,15,22,11]     00:00:00:00:00:0d    00:00:00:00:00:0b 13    585  [13,3,1,16,22,11]     00:00:00:00:00:0d    00:00:00:00:00:0b 14    585  [13,5,1,16,22,11]     00:00:00:00:00:0d    00:00:00:00:00:0b 15    585  [13,8,5,7,22,11]  
# h00:00:00:00:00:0d -> h00:00:00:00:00:13
   00:00:00:00:00:0d    00:00:00:00:00:13 0    146  [13,5,19]     00:00:00:00:00:0d    00:00:00:00:00:13 1    293  [13,8,5,19]     00:00:00:00:00:0d    00:00:00:00:00:13 2    439  [13,3,1,5,19]     00:00:00:00:00:0d    00:00:00:00:00:13 3    439  [13,3,7,5,19]     00:00:00:00:00:0d    00:00:00:00:00:13 4    439  [13,3,7,22,19]     00:00:00:00:00:0d    00:00:00:00:00:13 5    439  [13,5,4,17,19]     00:00:00:00:00:0d    00:00:00:00:00:13 6    439  [13,5,7,22,19]     00:00:00:00:00:0d    00:00:00:00:00:13 7    439  [13,5,11,22,19]     00:00:00:00:00:0d    00:00:00:00:00:13 8    439  [13,5,15,22,19]     00:00:00:00:00:0d    00:00:00:00:00:13 9    439  [13,6,7,5,19]     00:00:00:00:00:0d    00:00:00:00:00:13 10    439  [13,6,7,22,19]     00:00:00:00:00:0d    00:00:00:00:00:13 11    439  [13,6,18,22,19]     00:00:00:00:00:0d    00:00:00:00:00:13 12    439  [13,12,15,5,19]     00:00:00:00:00:0d    00:00:00:00:00:13 13    439  [13,12,15,22,19]     00:00:00:00:00:0d    00:00:00:00:00:13 14    585  [13,3,1,16,22,19]     00:00:00:00:00:0d    00:00:00:00:00:13 15    585  [13,5,1,16,22,19]  
# h00:00:00:00:00:0d -> h00:00:00:00:00:06
   00:00:00:00:00:0d    00:00:00:00:00:06 0      0  [13,6]     00:00:00:00:00:0d    00:00:00:00:00:06 1    293  [13,3,7,6]     00:00:00:00:00:0d    00:00:00:00:00:06 2    293  [13,5,7,6]     00:00:00:00:00:0d    00:00:00:00:00:06 3    439  [13,8,5,7,6]     00:00:00:00:00:0d    00:00:00:00:00:06 4    585  [13,3,1,5,7,6]     00:00:00:00:00:0d    00:00:00:00:00:06 5    585  [13,3,7,22,18,6]     00:00:00:00:00:0d    00:00:00:00:00:06 6    585  [13,5,7,22,18,6]     00:00:00:00:00:0d    00:00:00:00:00:06 7    585  [13,5,15,2,7,6]     00:00:00:00:00:0d    00:00:00:00:00:06 8    585  [13,5,1,3,7,6]     00:00:00:00:00:0d    00:00:00:00:00:06 9    585  [13,5,11,22,7,6]     00:00:00:00:00:0d    00:00:00:00:00:06 10    585  [13,5,11,22,18,6]     00:00:00:00:00:0d    00:00:00:00:00:06 11    585  [13,5,15,22,7,6]     00:00:00:00:00:0d    00:00:00:00:00:06 12    585  [13,5,15,22,18,6]     00:00:00:00:00:0d    00:00:00:00:00:06 13    585  [13,5,19,22,7,6]     00:00:00:00:00:0d    00:00:00:00:00:06 14    585  [13,5,19,22,18,6]     00:00:00:00:00:0d    00:00:00:00:00:06 15    585  [13,12,15,2,7,6]  
# h00:00:00:00:00:0d -> h00:00:00:00:00:12
   00:00:00:00:00:0d    00:00:00:00:00:12 0    146  [13,6,18]     00:00:00:00:00:0d    00:00:00:00:00:12 1    439  [13,3,7,6,18]     00:00:00:00:00:0d    00:00:00:00:00:12 2    439  [13,3,7,22,18]     00:00:00:00:00:0d    00:00:00:00:00:12 3    439  [13,5,7,6,18]     00:00:00:00:00:0d    00:00:00:00:00:12 4    439  [13,5,7,22,18]     00:00:00:00:00:0d    00:00:00:00:00:12 5    439  [13,5,11,22,18]     00:00:00:00:00:0d    00:00:00:00:00:12 6    439  [13,5,15,22,18]     00:00:00:00:00:0d    00:00:00:00:00:12 7    439  [13,5,19,22,18]     00:00:00:00:00:0d    00:00:00:00:00:12 8    439  [13,6,7,22,18]     00:00:00:00:00:0d    00:00:00:00:00:12 9    439  [13,12,15,22,18]     00:00:00:00:00:0d    00:00:00:00:00:12 10    585  [13,3,1,16,22,18]     00:00:00:00:00:0d    00:00:00:00:00:12 11    585  [13,5,1,16,22,18]     00:00:00:00:00:0d    00:00:00:00:00:12 12    585  [13,8,5,7,6,18]     00:00:00:00:00:0d    00:00:00:00:00:12 13    585  [13,8,5,7,22,18]     00:00:00:00:00:0d    00:00:00:00:00:12 14    585  [13,8,5,11,22,18]     00:00:00:00:00:0d    00:00:00:00:00:12 15    585  [13,8,5,15,22,18]  
# h00:00:00:00:00:0d -> h00:00:00:00:00:16
   00:00:00:00:00:0d    00:00:00:00:00:16 0    293  [13,3,7,22]     00:00:00:00:00:0d    00:00:00:00:00:16 1    293  [13,5,7,22]     00:00:00:00:00:0d    00:00:00:00:00:16 2    293  [13,5,11,22]     00:00:00:00:00:0d    00:00:00:00:00:16 3    293  [13,5,15,22]     00:00:00:00:00:0d    00:00:00:00:00:16 4    293  [13,5,19,22]     00:00:00:00:00:0d    00:00:00:00:00:16 5    293  [13,6,7,22]     00:00:00:00:00:0d    00:00:00:00:00:16 6    293  [13,6,18,22]     00:00:00:00:00:0d    00:00:00:00:00:16 7    293  [13,12,15,22]     00:00:00:00:00:0d    00:00:00:00:00:16 8    439  [13,3,1,16,22]     00:00:00:00:00:0d    00:00:00:00:00:16 9    439  [13,5,1,16,22]     00:00:00:00:00:0d    00:00:00:00:00:16 10    439  [13,8,5,7,22]     00:00:00:00:00:0d    00:00:00:00:00:16 11    439  [13,8,5,11,22]     00:00:00:00:00:0d    00:00:00:00:00:16 12    439  [13,8,5,15,22]     00:00:00:00:00:0d    00:00:00:00:00:16 13    439  [13,8,5,19,22]     00:00:00:00:00:0d    00:00:00:00:00:16 14    585  [13,3,1,5,7,22]     00:00:00:00:00:0d    00:00:00:00:00:16 15    585  [13,3,1,5,11,22]  
# h00:00:00:00:00:0d -> h00:00:00:00:00:09
   00:00:00:00:00:0d    00:00:00:00:00:09 0    439  [13,3,1,10,9]     00:00:00:00:00:0d    00:00:00:00:00:09 1    439  [13,3,1,20,9]     00:00:00:00:00:0d    00:00:00:00:00:09 2    439  [13,5,1,10,9]     00:00:00:00:00:0d    00:00:00:00:00:09 3    439  [13,5,1,20,9]     00:00:00:00:00:0d    00:00:00:00:00:09 4    585  [13,5,4,21,10,9]     00:00:00:00:00:0d    00:00:00:00:00:09 5    585  [13,8,5,1,10,9]     00:00:00:00:00:0d    00:00:00:00:00:09 6    585  [13,8,5,1,20,9]     00:00:00:00:00:0d    00:00:00:00:00:09 7    731  [13,3,7,5,1,10,9]     00:00:00:00:00:0d    00:00:00:00:00:09 8    731  [13,3,7,5,1,20,9]     00:00:00:00:00:0d    00:00:00:00:00:09 9    731  [13,5,7,3,1,10,9]     00:00:00:00:00:0d    00:00:00:00:00:09 10    731  [13,5,7,3,1,20,9]     00:00:00:00:00:0d    00:00:00:00:00:09 11    731  [13,6,7,3,1,10,9]     00:00:00:00:00:0d    00:00:00:00:00:09 12    731  [13,6,7,3,1,20,9]     00:00:00:00:00:0d    00:00:00:00:00:09 13    731  [13,6,7,5,1,10,9]     00:00:00:00:00:0d    00:00:00:00:00:09 14    731  [13,6,7,5,1,20,9]     00:00:00:00:00:0d    00:00:00:00:00:09 15    731  [13,8,5,4,21,10,9]  
# h00:00:00:00:00:0d -> h00:00:00:00:00:0c
   00:00:00:00:00:0d    00:00:00:00:00:0c 0      0  [13,12]     00:00:00:00:00:0d    00:00:00:00:00:0c 1    293  [13,5,15,12]     00:00:00:00:00:0d    00:00:00:00:00:0c 2    439  [13,8,5,15,12]     00:00:00:00:00:0d    00:00:00:00:00:0c 3    585  [13,3,7,2,15,12]     00:00:00:00:00:0d    00:00:00:00:00:0c 4    585  [13,3,1,5,15,12]     00:00:00:00:00:0d    00:00:00:00:00:0c 5    585  [13,3,7,5,15,12]     00:00:00:00:00:0d    00:00:00:00:00:0c 6    585  [13,3,7,22,15,12]     00:00:00:00:00:0d    00:00:00:00:00:0c 7    585  [13,5,7,2,15,12]     00:00:00:00:00:0d    00:00:00:00:00:0c 8    585  [13,5,7,22,15,12]     00:00:00:00:00:0d    00:00:00:00:00:0c 9    585  [13,5,11,22,15,12]     00:00:00:00:00:0d    00:00:00:00:00:0c 10    585  [13,5,19,22,15,12]     00:00:00:00:00:0d    00:00:00:00:00:0c 11    585  [13,6,7,2,15,12]     00:00:00:00:00:0d    00:00:00:00:00:0c 12    585  [13,6,7,5,15,12]     00:00:00:00:00:0d    00:00:00:00:00:0c 13    585  [13,6,7,22,15,12]     00:00:00:00:00:0d    00:00:00:00:00:0c 14    585  [13,6,18,22,15,12]     00:00:00:00:00:0d    00:00:00:00:00:0c 15    731  [13,3,1,16,22,15,12]  
# h00:00:00:00:00:04 -> h00:00:00:00:00:01
   00:00:00:00:00:04    00:00:00:00:00:01 0    146  [4,5,1]     00:00:00:00:00:04    00:00:00:00:00:01 1    293  [4,21,10,1]     00:00:00:00:00:04    00:00:00:00:00:01 2    439  [4,5,7,3,1]     00:00:00:00:00:04    00:00:00:00:00:01 3    439  [4,5,13,3,1]     00:00:00:00:00:04    00:00:00:00:00:01 4    439  [4,17,19,5,1]     00:00:00:00:00:04    00:00:00:00:00:01 5    585  [4,5,7,22,16,1]     00:00:00:00:00:04    00:00:00:00:00:01 6    585  [4,5,8,13,3,1]     00:00:00:00:00:04    00:00:00:00:00:01 7    585  [4,5,11,22,16,1]     00:00:00:00:00:04    00:00:00:00:00:01 8    585  [4,5,15,22,16,1]     00:00:00:00:00:04    00:00:00:00:00:01 9    585  [4,5,19,22,16,1]     00:00:00:00:00:04    00:00:00:00:00:01 10    585  [4,17,19,22,16,1]     00:00:00:00:00:04    00:00:00:00:00:01 11    585  [4,21,10,9,20,1]     00:00:00:00:00:04    00:00:00:00:00:01 12    731  [4,5,7,6,13,3,1]     00:00:00:00:00:04    00:00:00:00:00:01 13    731  [4,5,11,22,7,3,1]     00:00:00:00:00:04    00:00:00:00:00:01 14    731  [4,5,13,6,7,3,1]     00:00:00:00:00:04    00:00:00:00:00:01 15    731  [4,5,15,2,7,3,1]  
# h00:00:00:00:00:04 -> h00:00:00:00:00:03
   00:00:00:00:00:04    00:00:00:00:00:03 0    293  [4,5,1,3]     00:00:00:00:00:04    00:00:00:00:00:03 1    293  [4,5,7,3]     00:00:00:00:00:04    00:00:00:00:00:03 2    293  [4,5,13,3]     00:00:00:00:00:04    00:00:00:00:00:03 3    439  [4,5,8,13,3]     00:00:00:00:00:04    00:00:00:00:00:03 4    439  [4,21,10,1,3]     00:00:00:00:00:04    00:00:00:00:00:03 5    585  [4,5,7,6,13,3]     00:00:00:00:00:04    00:00:00:00:00:03 6    585  [4,5,13,6,7,3]     00:00:00:00:00:04    00:00:00:00:00:03 7    585  [4,5,15,2,7,3]     00:00:00:00:00:04    00:00:00:00:00:03 8    585  [4,5,11,22,7,3]     00:00:00:00:00:04    00:00:00:00:00:03 9    585  [4,5,15,22,7,3]     00:00:00:00:00:04    00:00:00:00:00:03 10    585  [4,5,15,12,13,3]     00:00:00:00:00:04    00:00:00:00:00:03 11    585  [4,5,19,22,7,3]     00:00:00:00:00:04    00:00:00:00:00:03 12    585  [4,17,19,5,1,3]     00:00:00:00:00:04    00:00:00:00:00:03 13    585  [4,17,19,5,7,3]     00:00:00:00:00:04    00:00:00:00:00:03 14    585  [4,17,19,5,13,3]     00:00:00:00:00:04    00:00:00:00:00:03 15    585  [4,17,19,22,7,3]  
# h00:00:00:00:00:04 -> h00:00:00:00:00:05
   00:00:00:00:00:04    00:00:00:00:00:05 0      0  [4,5]     00:00:00:00:00:04    00:00:00:00:00:05 1    293  [4,17,19,5]     00:00:00:00:00:04    00:00:00:00:00:05 2    439  [4,21,10,1,5]     00:00:00:00:00:04    00:00:00:00:00:05 3    585  [4,17,19,22,7,5]     00:00:00:00:00:04    00:00:00:00:00:05 4    585  [4,17,19,22,11,5]     00:00:00:00:00:04    00:00:00:00:00:05 5    585  [4,17,19,22,15,5]     00:00:00:00:00:04    00:00:00:00:00:05 6    731  [4,17,19,22,16,1,5]     00:00:00:00:00:04    00:00:00:00:00:05 7    731  [4,21,10,1,3,7,5]     00:00:00:00:00:04    00:00:00:00:00:05 8    731  [4,21,10,1,3,13,5]     00:00:00:00:00:04    00:00:00:00:00:05 9    731  [4,21,10,9,20,1,5]     00:00:00:00:00:04    00:00:00:00:00:05 10    877  [4,17,19,22,7,3,1,5]     00:00:00:00:00:04    00:00:00:00:00:05 11    877  [4,17,19,22,7,3,13,5]     00:00:00:00:00:04    00:00:00:00:00:05 12    877  [4,17,19,22,7,6,13,5]     00:00:00:00:00:04    00:00:00:00:00:05 13    877  [4,17,19,22,7,2,15,5]     00:00:00:00:00:04    00:00:00:00:00:05 14    877  [4,17,19,22,15,2,7,5]     00:00:00:00:00:04    00:00:00:00:00:05 15    877  [4,17,19,22,15,12,13,5]  
# h00:00:00:00:00:04 -> h00:00:00:00:00:0a
   00:00:00:00:00:04    00:00:00:00:00:0a 0    146  [4,21,10]     00:00:00:00:00:04    00:00:00:00:00:0a 1    293  [4,5,1,10]     00:00:00:00:00:04    00:00:00:00:00:0a 2    585  [4,5,1,20,9,10]     00:00:00:00:00:04    00:00:00:00:00:0a 3    585  [4,5,7,3,1,10]     00:00:00:00:00:04    00:00:00:00:00:0a 4    585  [4,5,13,3,1,10]     00:00:00:00:00:04    00:00:00:00:00:0a 5    585  [4,17,19,5,1,10]     00:00:00:00:00:04    00:00:00:00:00:0a 6    731  [4,5,7,22,16,1,10]     00:00:00:00:00:04    00:00:00:00:00:0a 7    731  [4,5,8,13,3,1,10]     00:00:00:00:00:04    00:00:00:00:00:0a 8    731  [4,5,11,22,16,1,10]     00:00:00:00:00:04    00:00:00:00:00:0a 9    731  [4,5,15,22,16,1,10]     00:00:00:00:00:04    00:00:00:00:00:0a 10    731  [4,5,19,22,16,1,10]     00:00:00:00:00:04    00:00:00:00:00:0a 11    731  [4,17,19,22,16,1,10]     00:00:00:00:00:04    00:00:00:00:00:0a 12    877  [4,5,7,3,1,20,9,10]     00:00:00:00:00:04    00:00:00:00:00:0a 13    877  [4,5,7,6,13,3,1,10]     00:00:00:00:00:04    00:00:00:00:00:0a 14    877  [4,5,11,22,7,3,1,10]     00:00:00:00:00:04    00:00:00:00:00:0a 15    877  [4,5,13,3,1,20,9,10]  
# h00:00:00:00:00:04 -> h00:00:00:00:00:10
   00:00:00:00:00:04    00:00:00:00:00:10 0    293  [4,5,1,16]     00:00:00:00:00:04    00:00:00:00:00:10 1    439  [4,5,7,22,16]     00:00:00:00:00:04    00:00:00:00:00:10 2    439  [4,5,11,22,16]     00:00:00:00:00:04    00:00:00:00:00:10 3    439  [4,5,15,22,16]     00:00:00:00:00:04    00:00:00:00:00:10 4    439  [4,5,19,22,16]     00:00:00:00:00:04    00:00:00:00:00:10 5    439  [4,21,10,1,16]     00:00:00:00:00:04    00:00:00:00:00:10 6    439  [4,17,19,22,16]     00:00:00:00:00:04    00:00:00:00:00:10 7    585  [4,5,7,3,1,16]     00:00:00:00:00:04    00:00:00:00:00:10 8    585  [4,5,13,3,1,16]     00:00:00:00:00:04    00:00:00:00:00:10 9    585  [4,17,19,5,1,16]     00:00:00:00:00:04    00:00:00:00:00:10 10    731  [4,5,1,3,7,22,16]     00:00:00:00:00:04    00:00:00:00:00:10 11    731  [4,5,7,2,15,22,16]     00:00:00:00:00:04    00:00:00:00:00:10 12    731  [4,5,7,6,18,22,16]     00:00:00:00:00:04    00:00:00:00:00:10 13    731  [4,5,8,13,3,1,16]     00:00:00:00:00:04    00:00:00:00:00:10 14    731  [4,5,13,3,7,22,16]     00:00:00:00:00:04    00:00:00:00:00:10 15    731  [4,5,13,6,7,22,16]  
# h00:00:00:00:00:04 -> h00:00:00:00:00:14
   00:00:00:00:00:04    00:00:00:00:00:14 0    293  [4,5,1,20]     00:00:00:00:00:04    00:00:00:00:00:14 1    439  [4,21,10,1,20]     00:00:00:00:00:04    00:00:00:00:00:14 2    439  [4,21,10,9,20]     00:00:00:00:00:04    00:00:00:00:00:14 3    585  [4,5,1,10,9,20]     00:00:00:00:00:04    00:00:00:00:00:14 4    585  [4,5,7,3,1,20]     00:00:00:00:00:04    00:00:00:00:00:14 5    585  [4,5,13,3,1,20]     00:00:00:00:00:04    00:00:00:00:00:14 6    585  [4,17,19,5,1,20]     00:00:00:00:00:04    00:00:00:00:00:14 7    731  [4,5,7,22,16,1,20]     00:00:00:00:00:04    00:00:00:00:00:14 8    731  [4,5,8,13,3,1,20]     00:00:00:00:00:04    00:00:00:00:00:14 9    731  [4,5,11,22,16,1,20]     00:00:00:00:00:04    00:00:00:00:00:14 10    731  [4,5,15,22,16,1,20]     00:00:00:00:00:04    00:00:00:00:00:14 11    731  [4,5,19,22,16,1,20]     00:00:00:00:00:04    00:00:00:00:00:14 12    731  [4,17,19,22,16,1,20]     00:00:00:00:00:04    00:00:00:00:00:14 13    877  [4,5,7,3,1,10,9,20]     00:00:00:00:00:04    00:00:00:00:00:14 14    877  [4,5,7,6,13,3,1,20]     00:00:00:00:00:04    00:00:00:00:00:14 15    877  [4,5,11,22,7,3,1,20]  
# h00:00:00:00:00:04 -> h00:00:00:00:00:02
   00:00:00:00:00:04    00:00:00:00:00:02 0    293  [4,5,7,2]     00:00:00:00:00:04    00:00:00:00:00:02 1    293  [4,5,15,2]     00:00:00:00:00:04    00:00:00:00:00:02 2    439  [4,5,7,14,2]     00:00:00:00:00:04    00:00:00:00:00:02 3    585  [4,5,1,3,7,2]     00:00:00:00:00:04    00:00:00:00:00:02 4    585  [4,5,7,22,15,2]     00:00:00:00:00:04    00:00:00:00:00:02 5    585  [4,5,13,3,7,2]     00:00:00:00:00:04    00:00:00:00:00:02 6    585  [4,5,11,22,7,2]     00:00:00:00:00:04    00:00:00:00:00:02 7    585  [4,5,11,22,15,2]     00:00:00:00:00:04    00:00:00:00:00:02 8    585  [4,5,13,6,7,2]     00:00:00:00:00:04    00:00:00:00:00:02 9    585  [4,5,13,12,15,2]     00:00:00:00:00:04    00:00:00:00:00:02 10    585  [4,5,15,22,7,2]     00:00:00:00:00:04    00:00:00:00:00:02 11    585  [4,5,19,22,7,2]     00:00:00:00:00:04    00:00:00:00:00:02 12    585  [4,5,19,22,15,2]     00:00:00:00:00:04    00:00:00:00:00:02 13    585  [4,17,19,5,7,2]     00:00:00:00:00:04    00:00:00:00:00:02 14    585  [4,17,19,5,15,2]     00:00:00:00:00:04    00:00:00:00:00:02 15    585  [4,17,19,22,7,2]  
# h00:00:00:00:00:04 -> h00:00:00:00:00:07
   00:00:00:00:00:04    00:00:00:00:00:07 0    146  [4,5,7]     00:00:00:00:00:04    00:00:00:00:00:07 1    439  [4,5,15,2,7]     00:00:00:00:00:04    00:00:00:00:00:07 2    439  [4,5,1,3,7]     00:00:00:00:00:04    00:00:00:00:00:07 3    439  [4,5,13,3,7]     00:00:00:00:00:04    00:00:00:00:00:07 4    439  [4,5,11,22,7]     00:00:00:00:00:04    00:00:00:00:00:07 5    439  [4,5,13,6,7]     00:00:00:00:00:04    00:00:00:00:00:07 6    439  [4,5,15,22,7]     00:00:00:00:00:04    00:00:00:00:00:07 7    439  [4,5,19,22,7]     00:00:00:00:00:04    00:00:00:00:00:07 8    439  [4,17,19,5,7]     00:00:00:00:00:04    00:00:00:00:00:07 9    439  [4,17,19,22,7]     00:00:00:00:00:04    00:00:00:00:00:07 10    585  [4,5,1,16,22,7]     00:00:00:00:00:04    00:00:00:00:00:07 11    585  [4,5,8,13,3,7]     00:00:00:00:00:04    00:00:00:00:00:07 12    585  [4,5,8,13,6,7]     00:00:00:00:00:04    00:00:00:00:00:07 13    585  [4,5,15,2,14,7]     00:00:00:00:00:04    00:00:00:00:00:07 14    585  [4,21,10,1,3,7]     00:00:00:00:00:04    00:00:00:00:00:07 15    585  [4,21,10,1,5,7]  
# h00:00:00:00:00:04 -> h00:00:00:00:00:0e
   00:00:00:00:00:04    00:00:00:00:00:0e 0    293  [4,5,7,14]     00:00:00:00:00:04    00:00:00:00:00:0e 1    439  [4,5,7,2,14]     00:00:00:00:00:04    00:00:00:00:00:0e 2    439  [4,5,15,2,14]     00:00:00:00:00:04    00:00:00:00:00:0e 3    585  [4,5,1,3,7,14]     00:00:00:00:00:04    00:00:00:00:00:0e 4    585  [4,5,13,3,7,14]     00:00:00:00:00:04    00:00:00:00:00:0e 5    585  [4,5,11,22,7,14]     00:00:00:00:00:04    00:00:00:00:00:0e 6    585  [4,5,13,6,7,14]     00:00:00:00:00:04    00:00:00:00:00:0e 7    585  [4,5,15,2,7,14]     00:00:00:00:00:04    00:00:00:00:00:0e 8    585  [4,5,15,22,7,14]     00:00:00:00:00:04    00:00:00:00:00:0e 9    585  [4,5,19,22,7,14]     00:00:00:00:00:04    00:00:00:00:00:0e 10    585  [4,17,19,5,7,14]     00:00:00:00:00:04    00:00:00:00:00:0e 11    585  [4,17,19,22,7,14]     00:00:00:00:00:04    00:00:00:00:00:0e 12    731  [4,5,1,3,7,2,14]     00:00:00:00:00:04    00:00:00:00:00:0e 13    731  [4,5,1,16,22,7,14]     00:00:00:00:00:04    00:00:00:00:00:0e 14    731  [4,5,7,22,15,2,14]     00:00:00:00:00:04    00:00:00:00:00:0e 15    731  [4,5,8,13,3,7,14]  
# h00:00:00:00:00:04 -> h00:00:00:00:00:0f
   00:00:00:00:00:04    00:00:00:00:00:0f 0    146  [4,5,15]     00:00:00:00:00:04    00:00:00:00:00:0f 1    439  [4,5,7,2,15]     00:00:00:00:00:04    00:00:00:00:00:0f 2    439  [4,5,7,22,15]     00:00:00:00:00:04    00:00:00:00:00:0f 3    439  [4,5,13,12,15]     00:00:00:00:00:04    00:00:00:00:00:0f 4    439  [4,5,11,22,15]     00:00:00:00:00:04    00:00:00:00:00:0f 5    439  [4,5,19,22,15]     00:00:00:00:00:04    00:00:00:00:00:0f 6    439  [4,17,19,5,15]     00:00:00:00:00:04    00:00:00:00:00:0f 7    439  [4,17,19,22,15]     00:00:00:00:00:04    00:00:00:00:00:0f 8    585  [4,5,7,14,2,15]     00:00:00:00:00:04    00:00:00:00:00:0f 9    585  [4,5,8,13,12,15]     00:00:00:00:00:04    00:00:00:00:00:0f 10    585  [4,5,1,16,22,15]     00:00:00:00:00:04    00:00:00:00:00:0f 11    585  [4,21,10,1,5,15]     00:00:00:00:00:04    00:00:00:00:00:0f 12    731  [4,5,1,3,7,2,15]     00:00:00:00:00:04    00:00:00:00:00:0f 13    731  [4,5,1,3,7,22,15]     00:00:00:00:00:04    00:00:00:00:00:0f 14    731  [4,5,1,3,13,12,15]     00:00:00:00:00:04    00:00:00:00:00:0f 15    731  [4,5,7,3,13,12,15]  
# h00:00:00:00:00:04 -> h00:00:00:00:00:0d
   00:00:00:00:00:04    00:00:00:00:00:0d 0    146  [4,5,13]     00:00:00:00:00:04    00:00:00:00:00:0d 1    293  [4,5,8,13]     00:00:00:00:00:04    00:00:00:00:00:0d 2    439  [4,5,1,3,13]     00:00:00:00:00:04    00:00:00:00:00:0d 3    439  [4,5,7,3,13]     00:00:00:00:00:04    00:00:00:00:00:0d 4    439  [4,5,7,6,13]     00:00:00:00:00:04    00:00:00:00:00:0d 5    439  [4,5,15,12,13]     00:00:00:00:00:04    00:00:00:00:00:0d 6    439  [4,17,19,5,13]     00:00:00:00:00:04    00:00:00:00:00:0d 7    585  [4,17,19,5,8,13]     00:00:00:00:00:04    00:00:00:00:00:0d 8    585  [4,21,10,1,3,13]     00:00:00:00:00:04    00:00:00:00:00:0d 9    585  [4,21,10,1,5,13]     00:00:00:00:00:04    00:00:00:00:00:0d 10    731  [4,5,1,3,7,6,13]     00:00:00:00:00:04    00:00:00:00:00:0d 11    731  [4,5,7,22,18,6,13]     00:00:00:00:00:04    00:00:00:00:00:0d 12    731  [4,5,7,2,15,12,13]     00:00:00:00:00:04    00:00:00:00:00:0d 13    731  [4,5,7,22,15,12,13]     00:00:00:00:00:04    00:00:00:00:00:0d 14    731  [4,5,11,22,7,3,13]     00:00:00:00:00:04    00:00:00:00:00:0d 15    731  [4,5,11,22,7,6,13]  
# h00:00:00:00:00:04 -> h00:00:00:00:00:11
   00:00:00:00:00:04    00:00:00:00:00:11 0      0  [4,17]     00:00:00:00:00:04    00:00:00:00:00:11 1    293  [4,5,19,17]     00:00:00:00:00:04    00:00:00:00:00:11 2    585  [4,5,7,22,19,17]     00:00:00:00:00:04    00:00:00:00:00:11 3    585  [4,5,11,22,19,17]     00:00:00:00:00:04    00:00:00:00:00:11 4    585  [4,5,15,22,19,17]     00:00:00:00:00:04    00:00:00:00:00:11 5    731  [4,5,1,16,22,19,17]     00:00:00:00:00:04    00:00:00:00:00:11 6    731  [4,21,10,1,5,19,17]     00:00:00:00:00:04    00:00:00:00:00:11 7    877  [4,5,1,3,7,22,19,17]     00:00:00:00:00:04    00:00:00:00:00:11 8    877  [4,5,7,2,15,22,19,17]     00:00:00:00:00:04    00:00:00:00:00:11 9    877  [4,5,7,6,18,22,19,17]     00:00:00:00:00:04    00:00:00:00:00:11 10    877  [4,5,13,3,7,22,19,17]     00:00:00:00:00:04    00:00:00:00:00:11 11    877  [4,5,13,6,7,22,19,17]     00:00:00:00:00:04    00:00:00:00:00:11 12    877  [4,5,13,6,18,22,19,17]     00:00:00:00:00:04    00:00:00:00:00:11 13    877  [4,5,13,12,15,22,19,17]     00:00:00:00:00:04    00:00:00:00:00:11 14    877  [4,5,15,2,7,22,19,17]     00:00:00:00:00:04    00:00:00:00:00:11 15    877  [4,21,10,1,16,22,19,17]  
# h00:00:00:00:00:04 -> h00:00:00:00:00:15
   00:00:00:00:00:04    00:00:00:00:00:15 0      0  [4,21]     00:00:00:00:00:04    00:00:00:00:00:15 1    439  [4,5,1,10,21]     00:00:00:00:00:04    00:00:00:00:00:15 2    731  [4,5,1,20,9,10,21]     00:00:00:00:00:04    00:00:00:00:00:15 3    731  [4,5,7,3,1,10,21]     00:00:00:00:00:04    00:00:00:00:00:15 4    731  [4,5,13,3,1,10,21]     00:00:00:00:00:04    00:00:00:00:00:15 5    731  [4,17,19,5,1,10,21]     00:00:00:00:00:04    00:00:00:00:00:15 6    877  [4,5,7,22,16,1,10,21]     00:00:00:00:00:04    00:00:00:00:00:15 7    877  [4,5,8,13,3,1,10,21]     00:00:00:00:00:04    00:00:00:00:00:15 8    877  [4,5,11,22,16,1,10,21]     00:00:00:00:00:04    00:00:00:00:00:15 9    877  [4,5,15,22,16,1,10,21]     00:00:00:00:00:04    00:00:00:00:00:15 10    877  [4,5,19,22,16,1,10,21]     00:00:00:00:00:04    00:00:00:00:00:15 11    877  [4,17,19,22,16,1,10,21]     00:00:00:00:00:04    00:00:00:00:00:15 12   1023  [4,5,7,3,1,20,9,10,21]     00:00:00:00:00:04    00:00:00:00:00:15 13   1023  [4,5,7,6,13,3,1,10,21]     00:00:00:00:00:04    00:00:00:00:00:15 14   1023  [4,5,11,22,7,3,1,10,21]     00:00:00:00:00:04    00:00:00:00:00:15 15   1023  [4,5,13,3,1,20,9,10,21]  
# h00:00:00:00:00:04 -> h00:00:00:00:00:08
   00:00:00:00:00:04    00:00:00:00:00:08 0    146  [4,5,8]     00:00:00:00:00:04    00:00:00:00:00:08 1    293  [4,5,13,8]     00:00:00:00:00:04    00:00:00:00:00:08 2    439  [4,17,19,5,8]     00:00:00:00:00:04    00:00:00:00:00:08 3    585  [4,5,1,3,13,8]     00:00:00:00:00:04    00:00:00:00:00:08 4    585  [4,5,7,3,13,8]     00:00:00:00:00:04    00:00:00:00:00:08 5    585  [4,5,7,6,13,8]     00:00:00:00:00:04    00:00:00:00:00:08 6    585  [4,5,15,12,13,8]     00:00:00:00:00:04    00:00:00:00:00:08 7    585  [4,17,19,5,13,8]     00:00:00:00:00:04    00:00:00:00:00:08 8    585  [4,21,10,1,5,8]     00:00:00:00:00:04    00:00:00:00:00:08 9    731  [4,17,19,22,7,5,8]     00:00:00:00:00:04    00:00:00:00:00:08 10    731  [4,17,19,22,11,5,8]     00:00:00:00:00:04    00:00:00:00:00:08 11    731  [4,17,19,22,15,5,8]     00:00:00:00:00:04    00:00:00:00:00:08 12    731  [4,21,10,1,3,13,8]     00:00:00:00:00:04    00:00:00:00:00:08 13    731  [4,21,10,1,5,13,8]     00:00:00:00:00:04    00:00:00:00:00:08 14    877  [4,5,1,3,7,6,13,8]     00:00:00:00:00:04    00:00:00:00:00:08 15    877  [4,5,7,22,18,6,13,8]  
# h00:00:00:00:00:04 -> h00:00:00:00:00:0b
   00:00:00:00:00:04    00:00:00:00:00:0b 0    146  [4,5,11]     00:00:00:00:00:04    00:00:00:00:00:0b 1    439  [4,5,7,22,11]     00:00:00:00:00:04    00:00:00:00:00:0b 2    439  [4,5,15,22,11]     00:00:00:00:00:04    00:00:00:00:00:0b 3    439  [4,5,19,22,11]     00:00:00:00:00:04    00:00:00:00:00:0b 4    439  [4,17,19,5,11]     00:00:00:00:00:04    00:00:00:00:00:0b 5    439  [4,17,19,22,11]     00:00:00:00:00:04    00:00:00:00:00:0b 6    585  [4,5,1,16,22,11]     00:00:00:00:00:04    00:00:00:00:00:0b 7    585  [4,21,10,1,5,11]     00:00:00:00:00:04    00:00:00:00:00:0b 8    731  [4,5,1,3,7,22,11]     00:00:00:00:00:04    00:00:00:00:00:0b 9    731  [4,5,7,2,15,22,11]     00:00:00:00:00:04    00:00:00:00:00:0b 10    731  [4,5,7,6,18,22,11]     00:00:00:00:00:04    00:00:00:00:00:0b 11    731  [4,5,13,3,7,22,11]     00:00:00:00:00:04    00:00:00:00:00:0b 12    731  [4,5,13,6,7,22,11]     00:00:00:00:00:04    00:00:00:00:00:0b 13    731  [4,5,13,6,18,22,11]     00:00:00:00:00:04    00:00:00:00:00:0b 14    731  [4,5,13,12,15,22,11]     00:00:00:00:00:04    00:00:00:00:00:0b 15    731  [4,5,15,2,7,22,11]  
# h00:00:00:00:00:04 -> h00:00:00:00:00:13
   00:00:00:00:00:04    00:00:00:00:00:13 0    146  [4,5,19]     00:00:00:00:00:04    00:00:00:00:00:13 1    146  [4,17,19]     00:00:00:00:00:04    00:00:00:00:00:13 2    439  [4,5,7,22,19]     00:00:00:00:00:04    00:00:00:00:00:13 3    439  [4,5,11,22,19]     00:00:00:00:00:04    00:00:00:00:00:13 4    439  [4,5,15,22,19]     00:00:00:00:00:04    00:00:00:00:00:13 5    585  [4,5,1,16,22,19]     00:00:00:00:00:04    00:00:00:00:00:13 6    585  [4,21,10,1,5,19]     00:00:00:00:00:04    00:00:00:00:00:13 7    731  [4,5,1,3,7,22,19]     00:00:00:00:00:04    00:00:00:00:00:13 8    731  [4,5,7,2,15,22,19]     00:00:00:00:00:04    00:00:00:00:00:13 9    731  [4,5,7,6,18,22,19]     00:00:00:00:00:04    00:00:00:00:00:13 10    731  [4,5,13,3,7,22,19]     00:00:00:00:00:04    00:00:00:00:00:13 11    731  [4,5,13,6,7,22,19]     00:00:00:00:00:04    00:00:00:00:00:13 12    731  [4,5,13,6,18,22,19]     00:00:00:00:00:04    00:00:00:00:00:13 13    731  [4,5,13,12,15,22,19]     00:00:00:00:00:04    00:00:00:00:00:13 14    731  [4,5,15,2,7,22,19]     00:00:00:00:00:04    00:00:00:00:00:13 15    731  [4,21,10,1,16,22,19]  
# h00:00:00:00:00:04 -> h00:00:00:00:00:06
   00:00:00:00:00:04    00:00:00:00:00:06 0    293  [4,5,7,6]     00:00:00:00:00:04    00:00:00:00:00:06 1    293  [4,5,13,6]     00:00:00:00:00:04    00:00:00:00:00:06 2    439  [4,5,8,13,6]     00:00:00:00:00:04    00:00:00:00:00:06 3    585  [4,5,7,3,13,6]     00:00:00:00:00:04    00:00:00:00:00:06 4    585  [4,5,7,22,18,6]     00:00:00:00:00:04    00:00:00:00:00:06 5    585  [4,5,13,3,7,6]     00:00:00:00:00:04    00:00:00:00:00:06 6    585  [4,5,15,2,7,6]     00:00:00:00:00:04    00:00:00:00:00:06 7    585  [4,5,1,3,7,6]     00:00:00:00:00:04    00:00:00:00:00:06 8    585  [4,5,1,3,13,6]     00:00:00:00:00:04    00:00:00:00:00:06 9    585  [4,5,11,22,7,6]     00:00:00:00:00:04    00:00:00:00:00:06 10    585  [4,5,11,22,18,6]     00:00:00:00:00:04    00:00:00:00:00:06 11    585  [4,5,15,22,7,6]     00:00:00:00:00:04    00:00:00:00:00:06 12    585  [4,5,15,12,13,6]     00:00:00:00:00:04    00:00:00:00:00:06 13    585  [4,5,15,22,18,6]     00:00:00:00:00:04    00:00:00:00:00:06 14    585  [4,5,19,22,7,6]     00:00:00:00:00:04    00:00:00:00:00:06 15    585  [4,5,19,22,18,6]  
# h00:00:00:00:00:04 -> h00:00:00:00:00:12
   00:00:00:00:00:04    00:00:00:00:00:12 0    439  [4,5,7,6,18]     00:00:00:00:00:04    00:00:00:00:00:12 1    439  [4,5,7,22,18]     00:00:00:00:00:04    00:00:00:00:00:12 2    439  [4,5,13,6,18]     00:00:00:00:00:04    00:00:00:00:00:12 3    439  [4,5,11,22,18]     00:00:00:00:00:04    00:00:00:00:00:12 4    439  [4,5,15,22,18]     00:00:00:00:00:04    00:00:00:00:00:12 5    439  [4,5,19,22,18]     00:00:00:00:00:04    00:00:00:00:00:12 6    439  [4,17,19,22,18]     00:00:00:00:00:04    00:00:00:00:00:12 7    585  [4,5,8,13,6,18]     00:00:00:00:00:04    00:00:00:00:00:12 8    585  [4,5,1,16,22,18]     00:00:00:00:00:04    00:00:00:00:00:12 9    731  [4,5,1,3,7,6,18]     00:00:00:00:00:04    00:00:00:00:00:12 10    731  [4,5,1,3,7,22,18]     00:00:00:00:00:04    00:00:00:00:00:12 11    731  [4,5,1,3,13,6,18]     00:00:00:00:00:04    00:00:00:00:00:12 12    731  [4,5,7,3,13,6,18]     00:00:00:00:00:04    00:00:00:00:00:12 13    731  [4,5,7,2,15,22,18]     00:00:00:00:00:04    00:00:00:00:00:12 14    731  [4,5,11,22,7,6,18]     00:00:00:00:00:04    00:00:00:00:00:12 15    731  [4,5,13,3,7,6,18]  
# h00:00:00:00:00:04 -> h00:00:00:00:00:16
   00:00:00:00:00:04    00:00:00:00:00:16 0    293  [4,5,7,22]     00:00:00:00:00:04    00:00:00:00:00:16 1    293  [4,5,11,22]     00:00:00:00:00:04    00:00:00:00:00:16 2    293  [4,5,15,22]     00:00:00:00:00:04    00:00:00:00:00:16 3    293  [4,5,19,22]     00:00:00:00:00:04    00:00:00:00:00:16 4    293  [4,17,19,22]     00:00:00:00:00:04    00:00:00:00:00:16 5    439  [4,5,1,16,22]     00:00:00:00:00:04    00:00:00:00:00:16 6    585  [4,5,1,3,7,22]     00:00:00:00:00:04    00:00:00:00:00:16 7    585  [4,5,7,2,15,22]     00:00:00:00:00:04    00:00:00:00:00:16 8    585  [4,5,7,6,18,22]     00:00:00:00:00:04    00:00:00:00:00:16 9    585  [4,5,13,3,7,22]     00:00:00:00:00:04    00:00:00:00:00:16 10    585  [4,5,13,6,7,22]     00:00:00:00:00:04    00:00:00:00:00:16 11    585  [4,5,13,6,18,22]     00:00:00:00:00:04    00:00:00:00:00:16 12    585  [4,5,13,12,15,22]     00:00:00:00:00:04    00:00:00:00:00:16 13    585  [4,5,15,2,7,22]     00:00:00:00:00:04    00:00:00:00:00:16 14    585  [4,17,19,5,7,22]     00:00:00:00:00:04    00:00:00:00:00:16 15    585  [4,17,19,5,11,22]  
# h00:00:00:00:00:04 -> h00:00:00:00:00:09
   00:00:00:00:00:04    00:00:00:00:00:09 0    293  [4,21,10,9]     00:00:00:00:00:04    00:00:00:00:00:09 1    439  [4,5,1,10,9]     00:00:00:00:00:04    00:00:00:00:00:09 2    439  [4,5,1,20,9]     00:00:00:00:00:04    00:00:00:00:00:09 3    585  [4,21,10,1,20,9]     00:00:00:00:00:04    00:00:00:00:00:09 4    731  [4,5,7,3,1,10,9]     00:00:00:00:00:04    00:00:00:00:00:09 5    731  [4,5,7,3,1,20,9]     00:00:00:00:00:04    00:00:00:00:00:09 6    731  [4,5,13,3,1,10,9]     00:00:00:00:00:04    00:00:00:00:00:09 7    731  [4,5,13,3,1,20,9]     00:00:00:00:00:04    00:00:00:00:00:09 8    731  [4,17,19,5,1,10,9]     00:00:00:00:00:04    00:00:00:00:00:09 9    731  [4,17,19,5,1,20,9]     00:00:00:00:00:04    00:00:00:00:00:09 10    877  [4,5,7,22,16,1,10,9]     00:00:00:00:00:04    00:00:00:00:00:09 11    877  [4,5,7,22,16,1,20,9]     00:00:00:00:00:04    00:00:00:00:00:09 12    877  [4,5,8,13,3,1,10,9]     00:00:00:00:00:04    00:00:00:00:00:09 13    877  [4,5,8,13,3,1,20,9]     00:00:00:00:00:04    00:00:00:00:00:09 14    877  [4,5,11,22,16,1,10,9]     00:00:00:00:00:04    00:00:00:00:00:09 15    877  [4,5,11,22,16,1,20,9]  
# h00:00:00:00:00:04 -> h00:00:00:00:00:0c
   00:00:00:00:00:04    00:00:00:00:00:0c 0    293  [4,5,13,12]     00:00:00:00:00:04    00:00:00:00:00:0c 1    293  [4,5,15,12]     00:00:00:00:00:04    00:00:00:00:00:0c 2    439  [4,5,8,13,12]     00:00:00:00:00:04    00:00:00:00:00:0c 3    585  [4,5,1,3,13,12]     00:00:00:00:00:04    00:00:00:00:00:0c 4    585  [4,5,7,3,13,12]     00:00:00:00:00:04    00:00:00:00:00:0c 5    585  [4,5,7,6,13,12]     00:00:00:00:00:04    00:00:00:00:00:0c 6    585  [4,5,7,2,15,12]     00:00:00:00:00:04    00:00:00:00:00:0c 7    585  [4,5,7,22,15,12]     00:00:00:00:00:04    00:00:00:00:00:0c 8    585  [4,5,11,22,15,12]     00:00:00:00:00:04    00:00:00:00:00:0c 9    585  [4,5,19,22,15,12]     00:00:00:00:00:04    00:00:00:00:00:0c 10    585  [4,17,19,5,13,12]     00:00:00:00:00:04    00:00:00:00:00:0c 11    585  [4,17,19,5,15,12]     00:00:00:00:00:04    00:00:00:00:00:0c 12    585  [4,17,19,22,15,12]     00:00:00:00:00:04    00:00:00:00:00:0c 13    731  [4,5,1,16,22,15,12]     00:00:00:00:00:04    00:00:00:00:00:0c 14    731  [4,5,7,14,2,15,12]     00:00:00:00:00:04    00:00:00:00:00:0c 15    731  [4,17,19,5,8,13,12]  
# h00:00:00:00:00:11 -> h00:00:00:00:00:01
   00:00:00:00:00:11    00:00:00:00:00:01 0    293  [17,4,5,1]     00:00:00:00:00:11    00:00:00:00:00:01 1    293  [17,19,5,1]     00:00:00:00:00:11    00:00:00:00:00:01 2    439  [17,4,21,10,1]     00:00:00:00:00:11    00:00:00:00:00:01 3    439  [17,19,22,16,1]     00:00:00:00:00:11    00:00:00:00:00:01 4    585  [17,4,5,7,3,1]     00:00:00:00:00:11    00:00:00:00:00:01 5    585  [17,4,5,13,3,1]     00:00:00:00:00:11    00:00:00:00:00:01 6    585  [17,19,5,7,3,1]     00:00:00:00:00:11    00:00:00:00:00:01 7    585  [17,19,5,13,3,1]     00:00:00:00:00:11    00:00:00:00:00:01 8    585  [17,19,22,7,3,1]     00:00:00:00:00:11    00:00:00:00:00:01 9    585  [17,19,22,7,5,1]     00:00:00:00:00:11    00:00:00:00:00:01 10    585  [17,19,22,11,5,1]     00:00:00:00:00:11    00:00:00:00:00:01 11    585  [17,19,22,15,5,1]     00:00:00:00:00:11    00:00:00:00:00:01 12    731  [17,4,5,7,22,16,1]     00:00:00:00:00:11    00:00:00:00:00:01 13    731  [17,4,5,8,13,3,1]     00:00:00:00:00:11    00:00:00:00:00:01 14    731  [17,4,5,11,22,16,1]     00:00:00:00:00:11    00:00:00:00:00:01 15    731  [17,4,5,15,22,16,1]  
# h00:00:00:00:00:11 -> h00:00:00:00:00:03
   00:00:00:00:00:11    00:00:00:00:00:03 0    439  [17,4,5,1,3]     00:00:00:00:00:11    00:00:00:00:00:03 1    439  [17,4,5,7,3]     00:00:00:00:00:11    00:00:00:00:00:03 2    439  [17,4,5,13,3]     00:00:00:00:00:11    00:00:00:00:00:03 3    439  [17,19,5,1,3]     00:00:00:00:00:11    00:00:00:00:00:03 4    439  [17,19,5,7,3]     00:00:00:00:00:11    00:00:00:00:00:03 5    439  [17,19,5,13,3]     00:00:00:00:00:11    00:00:00:00:00:03 6    439  [17,19,22,7,3]     00:00:00:00:00:11    00:00:00:00:00:03 7    585  [17,4,5,8,13,3]     00:00:00:00:00:11    00:00:00:00:00:03 8    585  [17,4,21,10,1,3]     00:00:00:00:00:11    00:00:00:00:00:03 9    585  [17,19,5,8,13,3]     00:00:00:00:00:11    00:00:00:00:00:03 10    585  [17,19,22,16,1,3]     00:00:00:00:00:11    00:00:00:00:00:03 11    731  [17,4,5,7,6,13,3]     00:00:00:00:00:11    00:00:00:00:00:03 12    731  [17,4,5,13,6,7,3]     00:00:00:00:00:11    00:00:00:00:00:03 13    731  [17,4,5,15,2,7,3]     00:00:00:00:00:11    00:00:00:00:00:03 14    731  [17,4,5,11,22,7,3]     00:00:00:00:00:11    00:00:00:00:00:03 15    731  [17,4,5,15,22,7,3]  
# h00:00:00:00:00:11 -> h00:00:00:00:00:05
   00:00:00:00:00:11    00:00:00:00:00:05 0    146  [17,4,5]     00:00:00:00:00:11    00:00:00:00:00:05 1    146  [17,19,5]     00:00:00:00:00:11    00:00:00:00:00:05 2    439  [17,19,22,7,5]     00:00:00:00:00:11    00:00:00:00:00:05 3    439  [17,19,22,11,5]     00:00:00:00:00:11    00:00:00:00:00:05 4    439  [17,19,22,15,5]     00:00:00:00:00:11    00:00:00:00:00:05 5    585  [17,4,21,10,1,5]     00:00:00:00:00:11    00:00:00:00:00:05 6    585  [17,19,22,16,1,5]     00:00:00:00:00:11    00:00:00:00:00:05 7    731  [17,19,22,7,3,1,5]     00:00:00:00:00:11    00:00:00:00:00:05 8    731  [17,19,22,7,3,13,5]     00:00:00:00:00:11    00:00:00:00:00:05 9    731  [17,19,22,7,6,13,5]     00:00:00:00:00:11    00:00:00:00:00:05 10    731  [17,19,22,7,2,15,5]     00:00:00:00:00:11    00:00:00:00:00:05 11    731  [17,19,22,15,2,7,5]     00:00:00:00:00:11    00:00:00:00:00:05 12    731  [17,19,22,15,12,13,5]     00:00:00:00:00:11    00:00:00:00:00:05 13    731  [17,19,22,18,6,7,5]     00:00:00:00:00:11    00:00:00:00:00:05 14    731  [17,19,22,18,6,13,5]     00:00:00:00:00:11    00:00:00:00:00:05 15    877  [17,4,21,10,1,3,7,5]  
# h00:00:00:00:00:11 -> h00:00:00:00:00:0a
   00:00:00:00:00:11    00:00:00:00:00:0a 0    293  [17,4,21,10]     00:00:00:00:00:11    00:00:00:00:00:0a 1    439  [17,4,5,1,10]     00:00:00:00:00:11    00:00:00:00:00:0a 2    439  [17,19,5,1,10]     00:00:00:00:00:11    00:00:00:00:00:0a 3    585  [17,19,5,4,21,10]     00:00:00:00:00:11    00:00:00:00:00:0a 4    585  [17,19,22,16,1,10]     00:00:00:00:00:11    00:00:00:00:00:0a 5    731  [17,4,5,1,20,9,10]     00:00:00:00:00:11    00:00:00:00:00:0a 6    731  [17,4,5,7,3,1,10]     00:00:00:00:00:11    00:00:00:00:00:0a 7    731  [17,4,5,13,3,1,10]     00:00:00:00:00:11    00:00:00:00:00:0a 8    731  [17,19,5,1,20,9,10]     00:00:00:00:00:11    00:00:00:00:00:0a 9    731  [17,19,5,7,3,1,10]     00:00:00:00:00:11    00:00:00:00:00:0a 10    731  [17,19,5,13,3,1,10]     00:00:00:00:00:11    00:00:00:00:00:0a 11    731  [17,19,22,7,3,1,10]     00:00:00:00:00:11    00:00:00:00:00:0a 12    731  [17,19,22,7,5,1,10]     00:00:00:00:00:11    00:00:00:00:00:0a 13    731  [17,19,22,11,5,1,10]     00:00:00:00:00:11    00:00:00:00:00:0a 14    731  [17,19,22,15,5,1,10]     00:00:00:00:00:11    00:00:00:00:00:0a 15    877  [17,4,5,7,22,16,1,10]  
# h00:00:00:00:00:11 -> h00:00:00:00:00:10
   00:00:00:00:00:11    00:00:00:00:00:10 0    293  [17,19,22,16]     00:00:00:00:00:11    00:00:00:00:00:10 1    439  [17,4,5,1,16]     00:00:00:00:00:11    00:00:00:00:00:10 2    439  [17,19,5,1,16]     00:00:00:00:00:11    00:00:00:00:00:10 3    585  [17,4,5,7,22,16]     00:00:00:00:00:11    00:00:00:00:00:10 4    585  [17,4,5,11,22,16]     00:00:00:00:00:11    00:00:00:00:00:10 5    585  [17,4,5,15,22,16]     00:00:00:00:00:11    00:00:00:00:00:10 6    585  [17,4,5,19,22,16]     00:00:00:00:00:11    00:00:00:00:00:10 7    585  [17,4,21,10,1,16]     00:00:00:00:00:11    00:00:00:00:00:10 8    585  [17,19,5,7,22,16]     00:00:00:00:00:11    00:00:00:00:00:10 9    585  [17,19,5,11,22,16]     00:00:00:00:00:11    00:00:00:00:00:10 10    585  [17,19,5,15,22,16]     00:00:00:00:00:11    00:00:00:00:00:10 11    731  [17,4,5,7,3,1,16]     00:00:00:00:00:11    00:00:00:00:00:10 12    731  [17,4,5,13,3,1,16]     00:00:00:00:00:11    00:00:00:00:00:10 13    731  [17,19,5,7,3,1,16]     00:00:00:00:00:11    00:00:00:00:00:10 14    731  [17,19,5,13,3,1,16]     00:00:00:00:00:11    00:00:00:00:00:10 15    731  [17,19,22,7,3,1,16]  
# h00:00:00:00:00:11 -> h00:00:00:00:00:14
   00:00:00:00:00:11    00:00:00:00:00:14 0    439  [17,4,5,1,20]     00:00:00:00:00:11    00:00:00:00:00:14 1    439  [17,19,5,1,20]     00:00:00:00:00:11    00:00:00:00:00:14 2    585  [17,4,21,10,1,20]     00:00:00:00:00:11    00:00:00:00:00:14 3    585  [17,4,21,10,9,20]     00:00:00:00:00:11    00:00:00:00:00:14 4    585  [17,19,22,16,1,20]     00:00:00:00:00:11    00:00:00:00:00:14 5    731  [17,4,5,1,10,9,20]     00:00:00:00:00:11    00:00:00:00:00:14 6    731  [17,4,5,7,3,1,20]     00:00:00:00:00:11    00:00:00:00:00:14 7    731  [17,4,5,13,3,1,20]     00:00:00:00:00:11    00:00:00:00:00:14 8    731  [17,19,5,1,10,9,20]     00:00:00:00:00:11    00:00:00:00:00:14 9    731  [17,19,5,7,3,1,20]     00:00:00:00:00:11    00:00:00:00:00:14 10    731  [17,19,5,13,3,1,20]     00:00:00:00:00:11    00:00:00:00:00:14 11    731  [17,19,22,7,3,1,20]     00:00:00:00:00:11    00:00:00:00:00:14 12    731  [17,19,22,7,5,1,20]     00:00:00:00:00:11    00:00:00:00:00:14 13    731  [17,19,22,11,5,1,20]     00:00:00:00:00:11    00:00:00:00:00:14 14    731  [17,19,22,15,5,1,20]     00:00:00:00:00:11    00:00:00:00:00:14 15    877  [17,4,5,7,22,16,1,20]  
# h00:00:00:00:00:11 -> h00:00:00:00:00:02
   00:00:00:00:00:11    00:00:00:00:00:02 0    439  [17,4,5,7,2]     00:00:00:00:00:11    00:00:00:00:00:02 1    439  [17,4,5,15,2]     00:00:00:00:00:11    00:00:00:00:00:02 2    439  [17,19,5,7,2]     00:00:00:00:00:11    00:00:00:00:00:02 3    439  [17,19,5,15,2]     00:00:00:00:00:11    00:00:00:00:00:02 4    439  [17,19,22,7,2]     00:00:00:00:00:11    00:00:00:00:00:02 5    439  [17,19,22,15,2]     00:00:00:00:00:11    00:00:00:00:00:02 6    585  [17,4,5,7,14,2]     00:00:00:00:00:11    00:00:00:00:00:02 7    585  [17,19,5,7,14,2]     00:00:00:00:00:11    00:00:00:00:00:02 8    585  [17,19,22,7,14,2]     00:00:00:00:00:11    00:00:00:00:00:02 9    731  [17,4,5,1,3,7,2]     00:00:00:00:00:11    00:00:00:00:00:02 10    731  [17,4,5,7,22,15,2]     00:00:00:00:00:11    00:00:00:00:00:02 11    731  [17,4,5,13,3,7,2]     00:00:00:00:00:11    00:00:00:00:00:02 12    731  [17,4,5,11,22,7,2]     00:00:00:00:00:11    00:00:00:00:00:02 13    731  [17,4,5,11,22,15,2]     00:00:00:00:00:11    00:00:00:00:00:02 14    731  [17,4,5,13,6,7,2]     00:00:00:00:00:11    00:00:00:00:00:02 15    731  [17,4,5,13,12,15,2]  
# h00:00:00:00:00:11 -> h00:00:00:00:00:07
   00:00:00:00:00:11    00:00:00:00:00:07 0    293  [17,4,5,7]     00:00:00:00:00:11    00:00:00:00:00:07 1    293  [17,19,5,7]     00:00:00:00:00:11    00:00:00:00:00:07 2    293  [17,19,22,7]     00:00:00:00:00:11    00:00:00:00:00:07 3    585  [17,4,5,15,2,7]     00:00:00:00:00:11    00:00:00:00:00:07 4    585  [17,4,5,1,3,7]     00:00:00:00:00:11    00:00:00:00:00:07 5    585  [17,4,5,13,3,7]     00:00:00:00:00:11    00:00:00:00:00:07 6    585  [17,4,5,11,22,7]     00:00:00:00:00:11    00:00:00:00:00:07 7    585  [17,4,5,13,6,7]     00:00:00:00:00:11    00:00:00:00:00:07 8    585  [17,4,5,15,22,7]     00:00:00:00:00:11    00:00:00:00:00:07 9    585  [17,4,5,19,22,7]     00:00:00:00:00:11    00:00:00:00:00:07 10    585  [17,19,5,15,2,7]     00:00:00:00:00:11    00:00:00:00:00:07 11    585  [17,19,5,1,3,7]     00:00:00:00:00:11    00:00:00:00:00:07 12    585  [17,19,5,13,3,7]     00:00:00:00:00:11    00:00:00:00:00:07 13    585  [17,19,5,11,22,7]     00:00:00:00:00:11    00:00:00:00:00:07 14    585  [17,19,5,13,6,7]     00:00:00:00:00:11    00:00:00:00:00:07 15    585  [17,19,5,15,22,7]  
# h00:00:00:00:00:11 -> h00:00:00:00:00:0e
   00:00:00:00:00:11    00:00:00:00:00:0e 0    439  [17,4,5,7,14]     00:00:00:00:00:11    00:00:00:00:00:0e 1    439  [17,19,5,7,14]     00:00:00:00:00:11    00:00:00:00:00:0e 2    439  [17,19,22,7,14]     00:00:00:00:00:11    00:00:00:00:00:0e 3    585  [17,4,5,7,2,14]     00:00:00:00:00:11    00:00:00:00:00:0e 4    585  [17,4,5,15,2,14]     00:00:00:00:00:11    00:00:00:00:00:0e 5    585  [17,19,5,7,2,14]     00:00:00:00:00:11    00:00:00:00:00:0e 6    585  [17,19,5,15,2,14]     00:00:00:00:00:11    00:00:00:00:00:0e 7    585  [17,19,22,7,2,14]     00:00:00:00:00:11    00:00:00:00:00:0e 8    585  [17,19,22,15,2,14]     00:00:00:00:00:11    00:00:00:00:00:0e 9    731  [17,4,5,1,3,7,14]     00:00:00:00:00:11    00:00:00:00:00:0e 10    731  [17,4,5,13,3,7,14]     00:00:00:00:00:11    00:00:00:00:00:0e 11    731  [17,4,5,11,22,7,14]     00:00:00:00:00:11    00:00:00:00:00:0e 12    731  [17,4,5,13,6,7,14]     00:00:00:00:00:11    00:00:00:00:00:0e 13    731  [17,4,5,15,2,7,14]     00:00:00:00:00:11    00:00:00:00:00:0e 14    731  [17,4,5,15,22,7,14]     00:00:00:00:00:11    00:00:00:00:00:0e 15    731  [17,4,5,19,22,7,14]  
# h00:00:00:00:00:11 -> h00:00:00:00:00:0f
   00:00:00:00:00:11    00:00:00:00:00:0f 0    293  [17,4,5,15]     00:00:00:00:00:11    00:00:00:00:00:0f 1    293  [17,19,5,15]     00:00:00:00:00:11    00:00:00:00:00:0f 2    293  [17,19,22,15]     00:00:00:00:00:11    00:00:00:00:00:0f 3    585  [17,4,5,7,2,15]     00:00:00:00:00:11    00:00:00:00:00:0f 4    585  [17,4,5,7,22,15]     00:00:00:00:00:11    00:00:00:00:00:0f 5    585  [17,4,5,13,12,15]     00:00:00:00:00:11    00:00:00:00:00:0f 6    585  [17,4,5,11,22,15]     00:00:00:00:00:11    00:00:00:00:00:0f 7    585  [17,4,5,19,22,15]     00:00:00:00:00:11    00:00:00:00:00:0f 8    585  [17,19,5,7,2,15]     00:00:00:00:00:11    00:00:00:00:00:0f 9    585  [17,19,5,7,22,15]     00:00:00:00:00:11    00:00:00:00:00:0f 10    585  [17,19,5,13,12,15]     00:00:00:00:00:11    00:00:00:00:00:0f 11    585  [17,19,5,11,22,15]     00:00:00:00:00:11    00:00:00:00:00:0f 12    585  [17,19,22,7,2,15]     00:00:00:00:00:11    00:00:00:00:00:0f 13    585  [17,19,22,7,5,15]     00:00:00:00:00:11    00:00:00:00:00:0f 14    585  [17,19,22,11,5,15]     00:00:00:00:00:11    00:00:00:00:00:0f 15    731  [17,4,5,7,14,2,15]  
# h00:00:00:00:00:11 -> h00:00:00:00:00:0d
   00:00:00:00:00:11    00:00:00:00:00:0d 0    293  [17,4,5,13]     00:00:00:00:00:11    00:00:00:00:00:0d 1    293  [17,19,5,13]     00:00:00:00:00:11    00:00:00:00:00:0d 2    439  [17,4,5,8,13]     00:00:00:00:00:11    00:00:00:00:00:0d 3    439  [17,19,5,8,13]     00:00:00:00:00:11    00:00:00:00:00:0d 4    585  [17,4,5,1,3,13]     00:00:00:00:00:11    00:00:00:00:00:0d 5    585  [17,4,5,7,3,13]     00:00:00:00:00:11    00:00:00:00:00:0d 6    585  [17,4,5,7,6,13]     00:00:00:00:00:11    00:00:00:00:00:0d 7    585  [17,4,5,15,12,13]     00:00:00:00:00:11    00:00:00:00:00:0d 8    585  [17,19,5,1,3,13]     00:00:00:00:00:11    00:00:00:00:00:0d 9    585  [17,19,5,7,3,13]     00:00:00:00:00:11    00:00:00:00:00:0d 10    585  [17,19,5,7,6,13]     00:00:00:00:00:11    00:00:00:00:00:0d 11    585  [17,19,5,15,12,13]     00:00:00:00:00:11    00:00:00:00:00:0d 12    585  [17,19,22,7,3,13]     00:00:00:00:00:11    00:00:00:00:00:0d 13    585  [17,19,22,7,5,13]     00:00:00:00:00:11    00:00:00:00:00:0d 14    585  [17,19,22,7,6,13]     00:00:00:00:00:11    00:00:00:00:00:0d 15    585  [17,19,22,11,5,13]  
# h00:00:00:00:00:11 -> h00:00:00:00:00:04
   00:00:00:00:00:11    00:00:00:00:00:04 0      0  [17,4]     00:00:00:00:00:11    00:00:00:00:00:04 1    293  [17,19,5,4]     00:00:00:00:00:11    00:00:00:00:00:04 2    585  [17,19,22,7,5,4]     00:00:00:00:00:11    00:00:00:00:00:04 3    585  [17,19,22,11,5,4]     00:00:00:00:00:11    00:00:00:00:00:04 4    585  [17,19,22,15,5,4]     00:00:00:00:00:11    00:00:00:00:00:04 5    731  [17,19,5,1,10,21,4]     00:00:00:00:00:11    00:00:00:00:00:04 6    731  [17,19,22,16,1,5,4]     00:00:00:00:00:11    00:00:00:00:00:04 7    877  [17,19,22,7,3,1,5,4]     00:00:00:00:00:11    00:00:00:00:00:04 8    877  [17,19,22,7,3,13,5,4]     00:00:00:00:00:11    00:00:00:00:00:04 9    877  [17,19,22,7,6,13,5,4]     00:00:00:00:00:11    00:00:00:00:00:04 10    877  [17,19,22,7,2,15,5,4]     00:00:00:00:00:11    00:00:00:00:00:04 11    877  [17,19,22,15,2,7,5,4]     00:00:00:00:00:11    00:00:00:00:00:04 12    877  [17,19,22,15,12,13,5,4]     00:00:00:00:00:11    00:00:00:00:00:04 13    877  [17,19,22,16,1,10,21,4]     00:00:00:00:00:11    00:00:00:00:00:04 14    877  [17,19,22,18,6,7,5,4]     00:00:00:00:00:11    00:00:00:00:00:04 15    877  [17,19,22,18,6,13,5,4]  
# h00:00:00:00:00:11 -> h00:00:00:00:00:15
   00:00:00:00:00:11    00:00:00:00:00:15 0    146  [17,4,21]     00:00:00:00:00:11    00:00:00:00:00:15 1    439  [17,19,5,4,21]     00:00:00:00:00:11    00:00:00:00:00:15 2    585  [17,4,5,1,10,21]     00:00:00:00:00:11    00:00:00:00:00:15 3    585  [17,19,5,1,10,21]     00:00:00:00:00:11    00:00:00:00:00:15 4    731  [17,19,22,7,5,4,21]     00:00:00:00:00:11    00:00:00:00:00:15 5    731  [17,19,22,11,5,4,21]     00:00:00:00:00:11    00:00:00:00:00:15 6    731  [17,19,22,15,5,4,21]     00:00:00:00:00:11    00:00:00:00:00:15 7    731  [17,19,22,16,1,10,21]     00:00:00:00:00:11    00:00:00:00:00:15 8    877  [17,4,5,1,20,9,10,21]     00:00:00:00:00:11    00:00:00:00:00:15 9    877  [17,4,5,7,3,1,10,21]     00:00:00:00:00:11    00:00:00:00:00:15 10    877  [17,4,5,13,3,1,10,21]     00:00:00:00:00:11    00:00:00:00:00:15 11    877  [17,19,5,1,20,9,10,21]     00:00:00:00:00:11    00:00:00:00:00:15 12    877  [17,19,5,7,3,1,10,21]     00:00:00:00:00:11    00:00:00:00:00:15 13    877  [17,19,5,13,3,1,10,21]     00:00:00:00:00:11    00:00:00:00:00:15 14    877  [17,19,22,7,3,1,10,21]     00:00:00:00:00:11    00:00:00:00:00:15 15    877  [17,19,22,7,5,1,10,21]  
# h00:00:00:00:00:11 -> h00:00:00:00:00:08
   00:00:00:00:00:11    00:00:00:00:00:08 0    293  [17,4,5,8]     00:00:00:00:00:11    00:00:00:00:00:08 1    293  [17,19,5,8]     00:00:00:00:00:11    00:00:00:00:00:08 2    439  [17,4,5,13,8]     00:00:00:00:00:11    00:00:00:00:00:08 3    439  [17,19,5,13,8]     00:00:00:00:00:11    00:00:00:00:00:08 4    585  [17,19,22,7,5,8]     00:00:00:00:00:11    00:00:00:00:00:08 5    585  [17,19,22,11,5,8]     00:00:00:00:00:11    00:00:00:00:00:08 6    585  [17,19,22,15,5,8]     00:00:00:00:00:11    00:00:00:00:00:08 7    731  [17,4,5,1,3,13,8]     00:00:00:00:00:11    00:00:00:00:00:08 8    731  [17,4,5,7,3,13,8]     00:00:00:00:00:11    00:00:00:00:00:08 9    731  [17,4,5,7,6,13,8]     00:00:00:00:00:11    00:00:00:00:00:08 10    731  [17,4,5,15,12,13,8]     00:00:00:00:00:11    00:00:00:00:00:08 11    731  [17,4,21,10,1,5,8]     00:00:00:00:00:11    00:00:00:00:00:08 12    731  [17,19,5,1,3,13,8]     00:00:00:00:00:11    00:00:00:00:00:08 13    731  [17,19,5,7,3,13,8]     00:00:00:00:00:11    00:00:00:00:00:08 14    731  [17,19,5,7,6,13,8]     00:00:00:00:00:11    00:00:00:00:00:08 15    731  [17,19,5,15,12,13,8]  
# h00:00:00:00:00:11 -> h00:00:00:00:00:0b
   00:00:00:00:00:11    00:00:00:00:00:0b 0    293  [17,4,5,11]     00:00:00:00:00:11    00:00:00:00:00:0b 1    293  [17,19,5,11]     00:00:00:00:00:11    00:00:00:00:00:0b 2    293  [17,19,22,11]     00:00:00:00:00:11    00:00:00:00:00:0b 3    585  [17,4,5,7,22,11]     00:00:00:00:00:11    00:00:00:00:00:0b 4    585  [17,4,5,15,22,11]     00:00:00:00:00:11    00:00:00:00:00:0b 5    585  [17,4,5,19,22,11]     00:00:00:00:00:11    00:00:00:00:00:0b 6    585  [17,19,5,7,22,11]     00:00:00:00:00:11    00:00:00:00:00:0b 7    585  [17,19,5,15,22,11]     00:00:00:00:00:11    00:00:00:00:00:0b 8    585  [17,19,22,7,5,11]     00:00:00:00:00:11    00:00:00:00:00:0b 9    585  [17,19,22,15,5,11]     00:00:00:00:00:11    00:00:00:00:00:0b 10    731  [17,4,5,1,16,22,11]     00:00:00:00:00:11    00:00:00:00:00:0b 11    731  [17,4,21,10,1,5,11]     00:00:00:00:00:11    00:00:00:00:00:0b 12    731  [17,19,5,1,16,22,11]     00:00:00:00:00:11    00:00:00:00:00:0b 13    731  [17,19,22,16,1,5,11]     00:00:00:00:00:11    00:00:00:00:00:0b 14    877  [17,4,5,1,3,7,22,11]     00:00:00:00:00:11    00:00:00:00:00:0b 15    877  [17,4,5,7,2,15,22,11]  
# h00:00:00:00:00:11 -> h00:00:00:00:00:13
   00:00:00:00:00:11    00:00:00:00:00:13 0      0  [17,19]     00:00:00:00:00:11    00:00:00:00:00:13 1    293  [17,4,5,19]     00:00:00:00:00:11    00:00:00:00:00:13 2    585  [17,4,5,7,22,19]     00:00:00:00:00:11    00:00:00:00:00:13 3    585  [17,4,5,11,22,19]     00:00:00:00:00:11    00:00:00:00:00:13 4    585  [17,4,5,15,22,19]     00:00:00:00:00:11    00:00:00:00:00:13 5    731  [17,4,5,1,16,22,19]     00:00:00:00:00:11    00:00:00:00:00:13 6    731  [17,4,21,10,1,5,19]     00:00:00:00:00:11    00:00:00:00:00:13 7    877  [17,4,5,1,3,7,22,19]     00:00:00:00:00:11    00:00:00:00:00:13 8    877  [17,4,5,7,2,15,22,19]     00:00:00:00:00:11    00:00:00:00:00:13 9    877  [17,4,5,7,6,18,22,19]     00:00:00:00:00:11    00:00:00:00:00:13 10    877  [17,4,5,13,3,7,22,19]     00:00:00:00:00:11    00:00:00:00:00:13 11    877  [17,4,5,13,6,7,22,19]     00:00:00:00:00:11    00:00:00:00:00:13 12    877  [17,4,5,13,6,18,22,19]     00:00:00:00:00:11    00:00:00:00:00:13 13    877  [17,4,5,13,12,15,22,19]     00:00:00:00:00:11    00:00:00:00:00:13 14    877  [17,4,5,15,2,7,22,19]     00:00:00:00:00:11    00:00:00:00:00:13 15    877  [17,4,21,10,1,16,22,19]  
# h00:00:00:00:00:11 -> h00:00:00:00:00:06
   00:00:00:00:00:11    00:00:00:00:00:06 0    439  [17,4,5,7,6]     00:00:00:00:00:11    00:00:00:00:00:06 1    439  [17,4,5,13,6]     00:00:00:00:00:11    00:00:00:00:00:06 2    439  [17,19,5,7,6]     00:00:00:00:00:11    00:00:00:00:00:06 3    439  [17,19,5,13,6]     00:00:00:00:00:11    00:00:00:00:00:06 4    439  [17,19,22,7,6]     00:00:00:00:00:11    00:00:00:00:00:06 5    439  [17,19,22,18,6]     00:00:00:00:00:11    00:00:00:00:00:06 6    585  [17,4,5,8,13,6]     00:00:00:00:00:11    00:00:00:00:00:06 7    585  [17,19,5,8,13,6]     00:00:00:00:00:11    00:00:00:00:00:06 8    731  [17,4,5,7,3,13,6]     00:00:00:00:00:11    00:00:00:00:00:06 9    731  [17,4,5,7,22,18,6]     00:00:00:00:00:11    00:00:00:00:00:06 10    731  [17,4,5,13,3,7,6]     00:00:00:00:00:11    00:00:00:00:00:06 11    731  [17,4,5,15,2,7,6]     00:00:00:00:00:11    00:00:00:00:00:06 12    731  [17,4,5,1,3,7,6]     00:00:00:00:00:11    00:00:00:00:00:06 13    731  [17,4,5,1,3,13,6]     00:00:00:00:00:11    00:00:00:00:00:06 14    731  [17,4,5,11,22,7,6]     00:00:00:00:00:11    00:00:00:00:00:06 15    731  [17,4,5,11,22,18,6]  
# h00:00:00:00:00:11 -> h00:00:00:00:00:12
   00:00:00:00:00:11    00:00:00:00:00:12 0    293  [17,19,22,18]     00:00:00:00:00:11    00:00:00:00:00:12 1    585  [17,4,5,7,6,18]     00:00:00:00:00:11    00:00:00:00:00:12 2    585  [17,4,5,7,22,18]     00:00:00:00:00:11    00:00:00:00:00:12 3    585  [17,4,5,13,6,18]     00:00:00:00:00:11    00:00:00:00:00:12 4    585  [17,4,5,11,22,18]     00:00:00:00:00:11    00:00:00:00:00:12 5    585  [17,4,5,15,22,18]     00:00:00:00:00:11    00:00:00:00:00:12 6    585  [17,4,5,19,22,18]     00:00:00:00:00:11    00:00:00:00:00:12 7    585  [17,19,5,7,6,18]     00:00:00:00:00:11    00:00:00:00:00:12 8    585  [17,19,5,7,22,18]     00:00:00:00:00:11    00:00:00:00:00:12 9    585  [17,19,5,13,6,18]     00:00:00:00:00:11    00:00:00:00:00:12 10    585  [17,19,5,11,22,18]     00:00:00:00:00:11    00:00:00:00:00:12 11    585  [17,19,5,15,22,18]     00:00:00:00:00:11    00:00:00:00:00:12 12    585  [17,19,22,7,6,18]     00:00:00:00:00:11    00:00:00:00:00:12 13    731  [17,4,5,8,13,6,18]     00:00:00:00:00:11    00:00:00:00:00:12 14    731  [17,4,5,1,16,22,18]     00:00:00:00:00:11    00:00:00:00:00:12 15    731  [17,19,5,8,13,6,18]  
# h00:00:00:00:00:11 -> h00:00:00:00:00:16
   00:00:00:00:00:11    00:00:00:00:00:16 0    146  [17,19,22]     00:00:00:00:00:11    00:00:00:00:00:16 1    439  [17,4,5,7,22]     00:00:00:00:00:11    00:00:00:00:00:16 2    439  [17,4,5,11,22]     00:00:00:00:00:11    00:00:00:00:00:16 3    439  [17,4,5,15,22]     00:00:00:00:00:11    00:00:00:00:00:16 4    439  [17,4,5,19,22]     00:00:00:00:00:11    00:00:00:00:00:16 5    439  [17,19,5,7,22]     00:00:00:00:00:11    00:00:00:00:00:16 6    439  [17,19,5,11,22]     00:00:00:00:00:11    00:00:00:00:00:16 7    439  [17,19,5,15,22]     00:00:00:00:00:11    00:00:00:00:00:16 8    585  [17,4,5,1,16,22]     00:00:00:00:00:11    00:00:00:00:00:16 9    585  [17,19,5,1,16,22]     00:00:00:00:00:11    00:00:00:00:00:16 10    731  [17,4,5,1,3,7,22]     00:00:00:00:00:11    00:00:00:00:00:16 11    731  [17,4,5,7,2,15,22]     00:00:00:00:00:11    00:00:00:00:00:16 12    731  [17,4,5,7,6,18,22]     00:00:00:00:00:11    00:00:00:00:00:16 13    731  [17,4,5,13,3,7,22]     00:00:00:00:00:11    00:00:00:00:00:16 14    731  [17,4,5,13,6,7,22]     00:00:00:00:00:11    00:00:00:00:00:16 15    731  [17,4,5,13,6,18,22]  
# h00:00:00:00:00:11 -> h00:00:00:00:00:09
   00:00:00:00:00:11    00:00:00:00:00:09 0    439  [17,4,21,10,9]     00:00:00:00:00:11    00:00:00:00:00:09 1    585  [17,4,5,1,10,9]     00:00:00:00:00:11    00:00:00:00:00:09 2    585  [17,4,5,1,20,9]     00:00:00:00:00:11    00:00:00:00:00:09 3    585  [17,19,5,1,10,9]     00:00:00:00:00:11    00:00:00:00:00:09 4    585  [17,19,5,1,20,9]     00:00:00:00:00:11    00:00:00:00:00:09 5    731  [17,4,21,10,1,20,9]     00:00:00:00:00:11    00:00:00:00:00:09 6    731  [17,19,5,4,21,10,9]     00:00:00:00:00:11    00:00:00:00:00:09 7    731  [17,19,22,16,1,10,9]     00:00:00:00:00:11    00:00:00:00:00:09 8    731  [17,19,22,16,1,20,9]     00:00:00:00:00:11    00:00:00:00:00:09 9    877  [17,4,5,7,3,1,10,9]     00:00:00:00:00:11    00:00:00:00:00:09 10    877  [17,4,5,7,3,1,20,9]     00:00:00:00:00:11    00:00:00:00:00:09 11    877  [17,4,5,13,3,1,10,9]     00:00:00:00:00:11    00:00:00:00:00:09 12    877  [17,4,5,13,3,1,20,9]     00:00:00:00:00:11    00:00:00:00:00:09 13    877  [17,19,5,7,3,1,10,9]     00:00:00:00:00:11    00:00:00:00:00:09 14    877  [17,19,5,7,3,1,20,9]     00:00:00:00:00:11    00:00:00:00:00:09 15    877  [17,19,5,13,3,1,10,9]  
# h00:00:00:00:00:11 -> h00:00:00:00:00:0c
   00:00:00:00:00:11    00:00:00:00:00:0c 0    439  [17,4,5,13,12]     00:00:00:00:00:11    00:00:00:00:00:0c 1    439  [17,4,5,15,12]     00:00:00:00:00:11    00:00:00:00:00:0c 2    439  [17,19,5,13,12]     00:00:00:00:00:11    00:00:00:00:00:0c 3    439  [17,19,5,15,12]     00:00:00:00:00:11    00:00:00:00:00:0c 4    439  [17,19,22,15,12]     00:00:00:00:00:11    00:00:00:00:00:0c 5    585  [17,4,5,8,13,12]     00:00:00:00:00:11    00:00:00:00:00:0c 6    585  [17,19,5,8,13,12]     00:00:00:00:00:11    00:00:00:00:00:0c 7    731  [17,4,5,1,3,13,12]     00:00:00:00:00:11    00:00:00:00:00:0c 8    731  [17,4,5,7,3,13,12]     00:00:00:00:00:11    00:00:00:00:00:0c 9    731  [17,4,5,7,6,13,12]     00:00:00:00:00:11    00:00:00:00:00:0c 10    731  [17,4,5,7,2,15,12]     00:00:00:00:00:11    00:00:00:00:00:0c 11    731  [17,4,5,7,22,15,12]     00:00:00:00:00:11    00:00:00:00:00:0c 12    731  [17,4,5,11,22,15,12]     00:00:00:00:00:11    00:00:00:00:00:0c 13    731  [17,4,5,19,22,15,12]     00:00:00:00:00:11    00:00:00:00:00:0c 14    731  [17,19,5,1,3,13,12]     00:00:00:00:00:11    00:00:00:00:00:0c 15    731  [17,19,5,7,3,13,12]  
# h00:00:00:00:00:15 -> h00:00:00:00:00:01
   00:00:00:00:00:15    00:00:00:00:00:01 0    146  [21,10,1]     00:00:00:00:00:15    00:00:00:00:00:01 1    293  [21,4,5,1]     00:00:00:00:00:15    00:00:00:00:00:01 2    439  [21,10,9,20,1]     00:00:00:00:00:15    00:00:00:00:00:01 3    585  [21,4,5,7,3,1]     00:00:00:00:00:15    00:00:00:00:00:01 4    585  [21,4,5,13,3,1]     00:00:00:00:00:15    00:00:00:00:00:01 5    585  [21,4,17,19,5,1]     00:00:00:00:00:15    00:00:00:00:00:01 6    731  [21,4,5,7,22,16,1]     00:00:00:00:00:15    00:00:00:00:00:01 7    731  [21,4,5,8,13,3,1]     00:00:00:00:00:15    00:00:00:00:00:01 8    731  [21,4,5,11,22,16,1]     00:00:00:00:00:15    00:00:00:00:00:01 9    731  [21,4,5,15,22,16,1]     00:00:00:00:00:15    00:00:00:00:00:01 10    731  [21,4,5,19,22,16,1]     00:00:00:00:00:15    00:00:00:00:00:01 11    731  [21,4,17,19,22,16,1]     00:00:00:00:00:15    00:00:00:00:00:01 12    877  [21,4,5,7,6,13,3,1]     00:00:00:00:00:15    00:00:00:00:00:01 13    877  [21,4,5,11,22,7,3,1]     00:00:00:00:00:15    00:00:00:00:00:01 14    877  [21,4,5,13,6,7,3,1]     00:00:00:00:00:15    00:00:00:00:00:01 15    877  [21,4,5,15,2,7,3,1]  
# h00:00:00:00:00:15 -> h00:00:00:00:00:03
   00:00:00:00:00:15    00:00:00:00:00:03 0    293  [21,10,1,3]     00:00:00:00:00:15    00:00:00:00:00:03 1    439  [21,4,5,1,3]     00:00:00:00:00:15    00:00:00:00:00:03 2    439  [21,4,5,7,3]     00:00:00:00:00:15    00:00:00:00:00:03 3    439  [21,4,5,13,3]     00:00:00:00:00:15    00:00:00:00:00:03 4    585  [21,4,5,8,13,3]     00:00:00:00:00:15    00:00:00:00:00:03 5    585  [21,10,1,5,7,3]     00:00:00:00:00:15    00:00:00:00:00:03 6    585  [21,10,1,5,13,3]     00:00:00:00:00:15    00:00:00:00:00:03 7    585  [21,10,9,20,1,3]     00:00:00:00:00:15    00:00:00:00:00:03 8    731  [21,4,5,7,6,13,3]     00:00:00:00:00:15    00:00:00:00:00:03 9    731  [21,4,5,13,6,7,3]     00:00:00:00:00:15    00:00:00:00:00:03 10    731  [21,4,5,15,2,7,3]     00:00:00:00:00:15    00:00:00:00:00:03 11    731  [21,4,5,11,22,7,3]     00:00:00:00:00:15    00:00:00:00:00:03 12    731  [21,4,5,15,22,7,3]     00:00:00:00:00:15    00:00:00:00:00:03 13    731  [21,4,5,15,12,13,3]     00:00:00:00:00:15    00:00:00:00:00:03 14    731  [21,4,5,19,22,7,3]     00:00:00:00:00:15    00:00:00:00:00:03 15    731  [21,4,17,19,5,1,3]  
# h00:00:00:00:00:15 -> h00:00:00:00:00:05
   00:00:00:00:00:15    00:00:00:00:00:05 0    146  [21,4,5]     00:00:00:00:00:15    00:00:00:00:00:05 1    293  [21,10,1,5]     00:00:00:00:00:15    00:00:00:00:00:05 2    439  [21,4,17,19,5]     00:00:00:00:00:15    00:00:00:00:00:05 3    585  [21,10,1,3,7,5]     00:00:00:00:00:15    00:00:00:00:00:05 4    585  [21,10,1,3,13,5]     00:00:00:00:00:15    00:00:00:00:00:05 5    585  [21,10,9,20,1,5]     00:00:00:00:00:15    00:00:00:00:00:05 6    731  [21,4,17,19,22,7,5]     00:00:00:00:00:15    00:00:00:00:00:05 7    731  [21,4,17,19,22,11,5]     00:00:00:00:00:15    00:00:00:00:00:05 8    731  [21,4,17,19,22,15,5]     00:00:00:00:00:15    00:00:00:00:00:05 9    731  [21,10,1,3,13,8,5]     00:00:00:00:00:15    00:00:00:00:00:05 10    731  [21,10,1,16,22,7,5]     00:00:00:00:00:15    00:00:00:00:00:05 11    731  [21,10,1,16,22,11,5]     00:00:00:00:00:15    00:00:00:00:00:05 12    731  [21,10,1,16,22,15,5]     00:00:00:00:00:15    00:00:00:00:00:05 13    731  [21,10,1,16,22,19,5]     00:00:00:00:00:15    00:00:00:00:00:05 14    877  [21,4,17,19,22,16,1,5]     00:00:00:00:00:15    00:00:00:00:00:05 15    877  [21,10,1,3,7,22,11,5]  
# h00:00:00:00:00:15 -> h00:00:00:00:00:0a
   00:00:00:00:00:15    00:00:00:00:00:0a 0      0  [21,10]     00:00:00:00:00:15    00:00:00:00:00:0a 1    439  [21,4,5,1,10]     00:00:00:00:00:15    00:00:00:00:00:0a 2    731  [21,4,5,1,20,9,10]     00:00:00:00:00:15    00:00:00:00:00:0a 3    731  [21,4,5,7,3,1,10]     00:00:00:00:00:15    00:00:00:00:00:0a 4    731  [21,4,5,13,3,1,10]     00:00:00:00:00:15    00:00:00:00:00:0a 5    731  [21,4,17,19,5,1,10]     00:00:00:00:00:15    00:00:00:00:00:0a 6    877  [21,4,5,7,22,16,1,10]     00:00:00:00:00:15    00:00:00:00:00:0a 7    877  [21,4,5,8,13,3,1,10]     00:00:00:00:00:15    00:00:00:00:00:0a 8    877  [21,4,5,11,22,16,1,10]     00:00:00:00:00:15    00:00:00:00:00:0a 9    877  [21,4,5,15,22,16,1,10]     00:00:00:00:00:15    00:00:00:00:00:0a 10    877  [21,4,5,19,22,16,1,10]     00:00:00:00:00:15    00:00:00:00:00:0a 11    877  [21,4,17,19,22,16,1,10]     00:00:00:00:00:15    00:00:00:00:00:0a 12   1023  [21,4,5,7,3,1,20,9,10]     00:00:00:00:00:15    00:00:00:00:00:0a 13   1023  [21,4,5,7,6,13,3,1,10]     00:00:00:00:00:15    00:00:00:00:00:0a 14   1023  [21,4,5,11,22,7,3,1,10]     00:00:00:00:00:15    00:00:00:00:00:0a 15   1023  [21,4,5,13,3,1,20,9,10]  
# h00:00:00:00:00:15 -> h00:00:00:00:00:10
   00:00:00:00:00:15    00:00:00:00:00:10 0    293  [21,10,1,16]     00:00:00:00:00:15    00:00:00:00:00:10 1    439  [21,4,5,1,16]     00:00:00:00:00:15    00:00:00:00:00:10 2    585  [21,4,5,7,22,16]     00:00:00:00:00:15    00:00:00:00:00:10 3    585  [21,4,5,11,22,16]     00:00:00:00:00:15    00:00:00:00:00:10 4    585  [21,4,5,15,22,16]     00:00:00:00:00:15    00:00:00:00:00:10 5    585  [21,4,5,19,22,16]     00:00:00:00:00:15    00:00:00:00:00:10 6    585  [21,4,17,19,22,16]     00:00:00:00:00:15    00:00:00:00:00:10 7    585  [21,10,9,20,1,16]     00:00:00:00:00:15    00:00:00:00:00:10 8    731  [21,4,5,7,3,1,16]     00:00:00:00:00:15    00:00:00:00:00:10 9    731  [21,4,5,13,3,1,16]     00:00:00:00:00:15    00:00:00:00:00:10 10    731  [21,4,17,19,5,1,16]     00:00:00:00:00:15    00:00:00:00:00:10 11    731  [21,10,1,3,7,22,16]     00:00:00:00:00:15    00:00:00:00:00:10 12    731  [21,10,1,5,7,22,16]     00:00:00:00:00:15    00:00:00:00:00:10 13    731  [21,10,1,5,11,22,16]     00:00:00:00:00:15    00:00:00:00:00:10 14    731  [21,10,1,5,15,22,16]     00:00:00:00:00:15    00:00:00:00:00:10 15    731  [21,10,1,5,19,22,16]  
# h00:00:00:00:00:15 -> h00:00:00:00:00:14
   00:00:00:00:00:15    00:00:00:00:00:14 0    293  [21,10,1,20]     00:00:00:00:00:15    00:00:00:00:00:14 1    293  [21,10,9,20]     00:00:00:00:00:15    00:00:00:00:00:14 2    439  [21,4,5,1,20]     00:00:00:00:00:15    00:00:00:00:00:14 3    731  [21,4,5,1,10,9,20]     00:00:00:00:00:15    00:00:00:00:00:14 4    731  [21,4,5,7,3,1,20]     00:00:00:00:00:15    00:00:00:00:00:14 5    731  [21,4,5,13,3,1,20]     00:00:00:00:00:15    00:00:00:00:00:14 6    731  [21,4,17,19,5,1,20]     00:00:00:00:00:15    00:00:00:00:00:14 7    877  [21,4,5,7,22,16,1,20]     00:00:00:00:00:15    00:00:00:00:00:14 8    877  [21,4,5,8,13,3,1,20]     00:00:00:00:00:15    00:00:00:00:00:14 9    877  [21,4,5,11,22,16,1,20]     00:00:00:00:00:15    00:00:00:00:00:14 10    877  [21,4,5,15,22,16,1,20]     00:00:00:00:00:15    00:00:00:00:00:14 11    877  [21,4,5,19,22,16,1,20]     00:00:00:00:00:15    00:00:00:00:00:14 12    877  [21,4,17,19,22,16,1,20]     00:00:00:00:00:15    00:00:00:00:00:14 13   1023  [21,4,5,7,3,1,10,9,20]     00:00:00:00:00:15    00:00:00:00:00:14 14   1023  [21,4,5,7,6,13,3,1,20]     00:00:00:00:00:15    00:00:00:00:00:14 15   1023  [21,4,5,11,22,7,3,1,20]  
# h00:00:00:00:00:15 -> h00:00:00:00:00:02
   00:00:00:00:00:15    00:00:00:00:00:02 0    439  [21,4,5,7,2]     00:00:00:00:00:15    00:00:00:00:00:02 1    439  [21,4,5,15,2]     00:00:00:00:00:15    00:00:00:00:00:02 2    585  [21,4,5,7,14,2]     00:00:00:00:00:15    00:00:00:00:00:02 3    585  [21,10,1,3,7,2]     00:00:00:00:00:15    00:00:00:00:00:02 4    585  [21,10,1,5,7,2]     00:00:00:00:00:15    00:00:00:00:00:02 5    585  [21,10,1,5,15,2]     00:00:00:00:00:15    00:00:00:00:00:02 6    731  [21,4,5,1,3,7,2]     00:00:00:00:00:15    00:00:00:00:00:02 7    731  [21,4,5,7,22,15,2]     00:00:00:00:00:15    00:00:00:00:00:02 8    731  [21,4,5,13,3,7,2]     00:00:00:00:00:15    00:00:00:00:00:02 9    731  [21,4,5,11,22,7,2]     00:00:00:00:00:15    00:00:00:00:00:02 10    731  [21,4,5,11,22,15,2]     00:00:00:00:00:15    00:00:00:00:00:02 11    731  [21,4,5,13,6,7,2]     00:00:00:00:00:15    00:00:00:00:00:02 12    731  [21,4,5,13,12,15,2]     00:00:00:00:00:15    00:00:00:00:00:02 13    731  [21,4,5,15,22,7,2]     00:00:00:00:00:15    00:00:00:00:00:02 14    731  [21,4,5,19,22,7,2]     00:00:00:00:00:15    00:00:00:00:00:02 15    731  [21,4,5,19,22,15,2]  
# h00:00:00:00:00:15 -> h00:00:00:00:00:07
   00:00:00:00:00:15    00:00:00:00:00:07 0    293  [21,4,5,7]     00:00:00:00:00:15    00:00:00:00:00:07 1    439  [21,10,1,3,7]     00:00:00:00:00:15    00:00:00:00:00:07 2    439  [21,10,1,5,7]     00:00:00:00:00:15    00:00:00:00:00:07 3    585  [21,4,5,15,2,7]     00:00:00:00:00:15    00:00:00:00:00:07 4    585  [21,4,5,1,3,7]     00:00:00:00:00:15    00:00:00:00:00:07 5    585  [21,4,5,13,3,7]     00:00:00:00:00:15    00:00:00:00:00:07 6    585  [21,4,5,11,22,7]     00:00:00:00:00:15    00:00:00:00:00:07 7    585  [21,4,5,13,6,7]     00:00:00:00:00:15    00:00:00:00:00:07 8    585  [21,4,5,15,22,7]     00:00:00:00:00:15    00:00:00:00:00:07 9    585  [21,4,5,19,22,7]     00:00:00:00:00:15    00:00:00:00:00:07 10    585  [21,4,17,19,5,7]     00:00:00:00:00:15    00:00:00:00:00:07 11    585  [21,4,17,19,22,7]     00:00:00:00:00:15    00:00:00:00:00:07 12    585  [21,10,1,16,22,7]     00:00:00:00:00:15    00:00:00:00:00:07 13    731  [21,4,5,1,16,22,7]     00:00:00:00:00:15    00:00:00:00:00:07 14    731  [21,4,5,8,13,3,7]     00:00:00:00:00:15    00:00:00:00:00:07 15    731  [21,4,5,8,13,6,7]  
# h00:00:00:00:00:15 -> h00:00:00:00:00:0e
   00:00:00:00:00:15    00:00:00:00:00:0e 0    439  [21,4,5,7,14]     00:00:00:00:00:15    00:00:00:00:00:0e 1    585  [21,4,5,7,2,14]     00:00:00:00:00:15    00:00:00:00:00:0e 2    585  [21,4,5,15,2,14]     00:00:00:00:00:15    00:00:00:00:00:0e 3    585  [21,10,1,3,7,14]     00:00:00:00:00:15    00:00:00:00:00:0e 4    585  [21,10,1,5,7,14]     00:00:00:00:00:15    00:00:00:00:00:0e 5    731  [21,4,5,1,3,7,14]     00:00:00:00:00:15    00:00:00:00:00:0e 6    731  [21,4,5,13,3,7,14]     00:00:00:00:00:15    00:00:00:00:00:0e 7    731  [21,4,5,11,22,7,14]     00:00:00:00:00:15    00:00:00:00:00:0e 8    731  [21,4,5,13,6,7,14]     00:00:00:00:00:15    00:00:00:00:00:0e 9    731  [21,4,5,15,2,7,14]     00:00:00:00:00:15    00:00:00:00:00:0e 10    731  [21,4,5,15,22,7,14]     00:00:00:00:00:15    00:00:00:00:00:0e 11    731  [21,4,5,19,22,7,14]     00:00:00:00:00:15    00:00:00:00:00:0e 12    731  [21,4,17,19,5,7,14]     00:00:00:00:00:15    00:00:00:00:00:0e 13    731  [21,4,17,19,22,7,14]     00:00:00:00:00:15    00:00:00:00:00:0e 14    731  [21,10,1,3,7,2,14]     00:00:00:00:00:15    00:00:00:00:00:0e 15    731  [21,10,1,5,7,2,14]  
# h00:00:00:00:00:15 -> h00:00:00:00:00:0f
   00:00:00:00:00:15    00:00:00:00:00:0f 0    293  [21,4,5,15]     00:00:00:00:00:15    00:00:00:00:00:0f 1    439  [21,10,1,5,15]     00:00:00:00:00:15    00:00:00:00:00:0f 2    585  [21,4,5,7,2,15]     00:00:00:00:00:15    00:00:00:00:00:0f 3    585  [21,4,5,7,22,15]     00:00:00:00:00:15    00:00:00:00:00:0f 4    585  [21,4,5,13,12,15]     00:00:00:00:00:15    00:00:00:00:00:0f 5    585  [21,4,5,11,22,15]     00:00:00:00:00:15    00:00:00:00:00:0f 6    585  [21,4,5,19,22,15]     00:00:00:00:00:15    00:00:00:00:00:0f 7    585  [21,4,17,19,5,15]     00:00:00:00:00:15    00:00:00:00:00:0f 8    585  [21,4,17,19,22,15]     00:00:00:00:00:15    00:00:00:00:00:0f 9    585  [21,10,1,16,22,15]     00:00:00:00:00:15    00:00:00:00:00:0f 10    731  [21,4,5,7,14,2,15]     00:00:00:00:00:15    00:00:00:00:00:0f 11    731  [21,4,5,8,13,12,15]     00:00:00:00:00:15    00:00:00:00:00:0f 12    731  [21,4,5,1,16,22,15]     00:00:00:00:00:15    00:00:00:00:00:0f 13    731  [21,10,1,3,7,2,15]     00:00:00:00:00:15    00:00:00:00:00:0f 14    731  [21,10,1,3,7,5,15]     00:00:00:00:00:15    00:00:00:00:00:0f 15    731  [21,10,1,3,7,22,15]  
# h00:00:00:00:00:15 -> h00:00:00:00:00:0d
   00:00:00:00:00:15    00:00:00:00:00:0d 0    293  [21,4,5,13]     00:00:00:00:00:15    00:00:00:00:00:0d 1    439  [21,4,5,8,13]     00:00:00:00:00:15    00:00:00:00:00:0d 2    439  [21,10,1,3,13]     00:00:00:00:00:15    00:00:00:00:00:0d 3    439  [21,10,1,5,13]     00:00:00:00:00:15    00:00:00:00:00:0d 4    585  [21,4,5,1,3,13]     00:00:00:00:00:15    00:00:00:00:00:0d 5    585  [21,4,5,7,3,13]     00:00:00:00:00:15    00:00:00:00:00:0d 6    585  [21,4,5,7,6,13]     00:00:00:00:00:15    00:00:00:00:00:0d 7    585  [21,4,5,15,12,13]     00:00:00:00:00:15    00:00:00:00:00:0d 8    585  [21,4,17,19,5,13]     00:00:00:00:00:15    00:00:00:00:00:0d 9    585  [21,10,1,5,8,13]     00:00:00:00:00:15    00:00:00:00:00:0d 10    731  [21,4,17,19,5,8,13]     00:00:00:00:00:15    00:00:00:00:00:0d 11    731  [21,10,1,3,7,5,13]     00:00:00:00:00:15    00:00:00:00:00:0d 12    731  [21,10,1,3,7,6,13]     00:00:00:00:00:15    00:00:00:00:00:0d 13    731  [21,10,1,5,7,3,13]     00:00:00:00:00:15    00:00:00:00:00:0d 14    731  [21,10,1,5,7,6,13]     00:00:00:00:00:15    00:00:00:00:00:0d 15    731  [21,10,1,5,15,12,13]  
# h00:00:00:00:00:15 -> h00:00:00:00:00:04
   00:00:00:00:00:15    00:00:00:00:00:04 0      0  [21,4]     00:00:00:00:00:15    00:00:00:00:00:04 1    439  [21,10,1,5,4]     00:00:00:00:00:15    00:00:00:00:00:04 2    731  [21,10,1,3,7,5,4]     00:00:00:00:00:15    00:00:00:00:00:04 3    731  [21,10,1,3,13,5,4]     00:00:00:00:00:15    00:00:00:00:00:04 4    731  [21,10,1,5,19,17,4]     00:00:00:00:00:15    00:00:00:00:00:04 5    731  [21,10,9,20,1,5,4]     00:00:00:00:00:15    00:00:00:00:00:04 6    877  [21,10,1,3,13,8,5,4]     00:00:00:00:00:15    00:00:00:00:00:04 7    877  [21,10,1,16,22,7,5,4]     00:00:00:00:00:15    00:00:00:00:00:04 8    877  [21,10,1,16,22,11,5,4]     00:00:00:00:00:15    00:00:00:00:00:04 9    877  [21,10,1,16,22,15,5,4]     00:00:00:00:00:15    00:00:00:00:00:04 10    877  [21,10,1,16,22,19,5,4]     00:00:00:00:00:15    00:00:00:00:00:04 11    877  [21,10,1,16,22,19,17,4]     00:00:00:00:00:15    00:00:00:00:00:04 12   1023  [21,10,1,3,7,5,19,17,4]     00:00:00:00:00:15    00:00:00:00:00:04 13   1023  [21,10,1,3,7,22,11,5,4]     00:00:00:00:00:15    00:00:00:00:00:04 14   1023  [21,10,1,3,7,6,13,5,4]     00:00:00:00:00:15    00:00:00:00:00:04 15   1023  [21,10,1,3,7,2,15,5,4]  
# h00:00:00:00:00:15 -> h00:00:00:00:00:11
   00:00:00:00:00:15    00:00:00:00:00:11 0    146  [21,4,17]     00:00:00:00:00:15    00:00:00:00:00:11 1    439  [21,4,5,19,17]     00:00:00:00:00:15    00:00:00:00:00:11 2    585  [21,10,1,5,4,17]     00:00:00:00:00:15    00:00:00:00:00:11 3    585  [21,10,1,5,19,17]     00:00:00:00:00:15    00:00:00:00:00:11 4    731  [21,4,5,7,22,19,17]     00:00:00:00:00:15    00:00:00:00:00:11 5    731  [21,4,5,11,22,19,17]     00:00:00:00:00:15    00:00:00:00:00:11 6    731  [21,4,5,15,22,19,17]     00:00:00:00:00:15    00:00:00:00:00:11 7    731  [21,10,1,16,22,19,17]     00:00:00:00:00:15    00:00:00:00:00:11 8    877  [21,4,5,1,16,22,19,17]     00:00:00:00:00:15    00:00:00:00:00:11 9    877  [21,10,1,3,7,5,4,17]     00:00:00:00:00:15    00:00:00:00:00:11 10    877  [21,10,1,3,7,5,19,17]     00:00:00:00:00:15    00:00:00:00:00:11 11    877  [21,10,1,3,7,22,19,17]     00:00:00:00:00:15    00:00:00:00:00:11 12    877  [21,10,1,3,13,5,4,17]     00:00:00:00:00:15    00:00:00:00:00:11 13    877  [21,10,1,3,13,5,19,17]     00:00:00:00:00:15    00:00:00:00:00:11 14    877  [21,10,1,5,7,22,19,17]     00:00:00:00:00:15    00:00:00:00:00:11 15    877  [21,10,1,5,11,22,19,17]  
# h00:00:00:00:00:15 -> h00:00:00:00:00:08
   00:00:00:00:00:15    00:00:00:00:00:08 0    293  [21,4,5,8]     00:00:00:00:00:15    00:00:00:00:00:08 1    439  [21,4,5,13,8]     00:00:00:00:00:15    00:00:00:00:00:08 2    439  [21,10,1,5,8]     00:00:00:00:00:15    00:00:00:00:00:08 3    585  [21,4,17,19,5,8]     00:00:00:00:00:15    00:00:00:00:00:08 4    585  [21,10,1,3,13,8]     00:00:00:00:00:15    00:00:00:00:00:08 5    585  [21,10,1,5,13,8]     00:00:00:00:00:15    00:00:00:00:00:08 6    731  [21,4,5,1,3,13,8]     00:00:00:00:00:15    00:00:00:00:00:08 7    731  [21,4,5,7,3,13,8]     00:00:00:00:00:15    00:00:00:00:00:08 8    731  [21,4,5,7,6,13,8]     00:00:00:00:00:15    00:00:00:00:00:08 9    731  [21,4,5,15,12,13,8]     00:00:00:00:00:15    00:00:00:00:00:08 10    731  [21,4,17,19,5,13,8]     00:00:00:00:00:15    00:00:00:00:00:08 11    731  [21,10,1,3,7,5,8]     00:00:00:00:00:15    00:00:00:00:00:08 12    731  [21,10,1,3,13,5,8]     00:00:00:00:00:15    00:00:00:00:00:08 13    731  [21,10,9,20,1,5,8]     00:00:00:00:00:15    00:00:00:00:00:08 14    877  [21,4,17,19,22,7,5,8]     00:00:00:00:00:15    00:00:00:00:00:08 15    877  [21,4,17,19,22,11,5,8]  
# h00:00:00:00:00:15 -> h00:00:00:00:00:0b
   00:00:00:00:00:15    00:00:00:00:00:0b 0    293  [21,4,5,11]     00:00:00:00:00:15    00:00:00:00:00:0b 1    439  [21,10,1,5,11]     00:00:00:00:00:15    00:00:00:00:00:0b 2    585  [21,4,5,7,22,11]     00:00:00:00:00:15    00:00:00:00:00:0b 3    585  [21,4,5,15,22,11]     00:00:00:00:00:15    00:00:00:00:00:0b 4    585  [21,4,5,19,22,11]     00:00:00:00:00:15    00:00:00:00:00:0b 5    585  [21,4,17,19,5,11]     00:00:00:00:00:15    00:00:00:00:00:0b 6    585  [21,4,17,19,22,11]     00:00:00:00:00:15    00:00:00:00:00:0b 7    585  [21,10,1,16,22,11]     00:00:00:00:00:15    00:00:00:00:00:0b 8    731  [21,4,5,1,16,22,11]     00:00:00:00:00:15    00:00:00:00:00:0b 9    731  [21,10,1,3,7,5,11]     00:00:00:00:00:15    00:00:00:00:00:0b 10    731  [21,10,1,3,7,22,11]     00:00:00:00:00:15    00:00:00:00:00:0b 11    731  [21,10,1,3,13,5,11]     00:00:00:00:00:15    00:00:00:00:00:0b 12    731  [21,10,1,5,7,22,11]     00:00:00:00:00:15    00:00:00:00:00:0b 13    731  [21,10,1,5,15,22,11]     00:00:00:00:00:15    00:00:00:00:00:0b 14    731  [21,10,1,5,19,22,11]     00:00:00:00:00:15    00:00:00:00:00:0b 15    731  [21,10,9,20,1,5,11]  
# h00:00:00:00:00:15 -> h00:00:00:00:00:13
   00:00:00:00:00:15    00:00:00:00:00:13 0    293  [21,4,5,19]     00:00:00:00:00:15    00:00:00:00:00:13 1    293  [21,4,17,19]     00:00:00:00:00:15    00:00:00:00:00:13 2    439  [21,10,1,5,19]     00:00:00:00:00:15    00:00:00:00:00:13 3    585  [21,4,5,7,22,19]     00:00:00:00:00:15    00:00:00:00:00:13 4    585  [21,4,5,11,22,19]     00:00:00:00:00:15    00:00:00:00:00:13 5    585  [21,4,5,15,22,19]     00:00:00:00:00:15    00:00:00:00:00:13 6    585  [21,10,1,16,22,19]     00:00:00:00:00:15    00:00:00:00:00:13 7    731  [21,4,5,1,16,22,19]     00:00:00:00:00:15    00:00:00:00:00:13 8    731  [21,10,1,3,7,5,19]     00:00:00:00:00:15    00:00:00:00:00:13 9    731  [21,10,1,3,7,22,19]     00:00:00:00:00:15    00:00:00:00:00:13 10    731  [21,10,1,3,13,5,19]     00:00:00:00:00:15    00:00:00:00:00:13 11    731  [21,10,1,5,4,17,19]     00:00:00:00:00:15    00:00:00:00:00:13 12    731  [21,10,1,5,7,22,19]     00:00:00:00:00:15    00:00:00:00:00:13 13    731  [21,10,1,5,11,22,19]     00:00:00:00:00:15    00:00:00:00:00:13 14    731  [21,10,1,5,15,22,19]     00:00:00:00:00:15    00:00:00:00:00:13 15    731  [21,10,9,20,1,5,19]  
# h00:00:00:00:00:15 -> h00:00:00:00:00:06
   00:00:00:00:00:15    00:00:00:00:00:06 0    439  [21,4,5,7,6]     00:00:00:00:00:15    00:00:00:00:00:06 1    439  [21,4,5,13,6]     00:00:00:00:00:15    00:00:00:00:00:06 2    585  [21,4,5,8,13,6]     00:00:00:00:00:15    00:00:00:00:00:06 3    585  [21,10,1,3,7,6]     00:00:00:00:00:15    00:00:00:00:00:06 4    585  [21,10,1,3,13,6]     00:00:00:00:00:15    00:00:00:00:00:06 5    585  [21,10,1,5,7,6]     00:00:00:00:00:15    00:00:00:00:00:06 6    585  [21,10,1,5,13,6]     00:00:00:00:00:15    00:00:00:00:00:06 7    731  [21,4,5,7,3,13,6]     00:00:00:00:00:15    00:00:00:00:00:06 8    731  [21,4,5,7,22,18,6]     00:00:00:00:00:15    00:00:00:00:00:06 9    731  [21,4,5,13,3,7,6]     00:00:00:00:00:15    00:00:00:00:00:06 10    731  [21,4,5,15,2,7,6]     00:00:00:00:00:15    00:00:00:00:00:06 11    731  [21,4,5,1,3,7,6]     00:00:00:00:00:15    00:00:00:00:00:06 12    731  [21,4,5,1,3,13,6]     00:00:00:00:00:15    00:00:00:00:00:06 13    731  [21,4,5,11,22,7,6]     00:00:00:00:00:15    00:00:00:00:00:06 14    731  [21,4,5,11,22,18,6]     00:00:00:00:00:15    00:00:00:00:00:06 15    731  [21,4,5,15,22,7,6]  
# h00:00:00:00:00:15 -> h00:00:00:00:00:12
   00:00:00:00:00:15    00:00:00:00:00:12 0    585  [21,4,5,7,6,18]     00:00:00:00:00:15    00:00:00:00:00:12 1    585  [21,4,5,7,22,18]     00:00:00:00:00:15    00:00:00:00:00:12 2    585  [21,4,5,13,6,18]     00:00:00:00:00:15    00:00:00:00:00:12 3    585  [21,4,5,11,22,18]     00:00:00:00:00:15    00:00:00:00:00:12 4    585  [21,4,5,15,22,18]     00:00:00:00:00:15    00:00:00:00:00:12 5    585  [21,4,5,19,22,18]     00:00:00:00:00:15    00:00:00:00:00:12 6    585  [21,4,17,19,22,18]     00:00:00:00:00:15    00:00:00:00:00:12 7    585  [21,10,1,16,22,18]     00:00:00:00:00:15    00:00:00:00:00:12 8    731  [21,4,5,8,13,6,18]     00:00:00:00:00:15    00:00:00:00:00:12 9    731  [21,4,5,1,16,22,18]     00:00:00:00:00:15    00:00:00:00:00:12 10    731  [21,10,1,3,7,6,18]     00:00:00:00:00:15    00:00:00:00:00:12 11    731  [21,10,1,3,7,22,18]     00:00:00:00:00:15    00:00:00:00:00:12 12    731  [21,10,1,3,13,6,18]     00:00:00:00:00:15    00:00:00:00:00:12 13    731  [21,10,1,5,7,6,18]     00:00:00:00:00:15    00:00:00:00:00:12 14    731  [21,10,1,5,7,22,18]     00:00:00:00:00:15    00:00:00:00:00:12 15    731  [21,10,1,5,13,6,18]  
# h00:00:00:00:00:15 -> h00:00:00:00:00:16
   00:00:00:00:00:15    00:00:00:00:00:16 0    439  [21,4,5,7,22]     00:00:00:00:00:15    00:00:00:00:00:16 1    439  [21,4,5,11,22]     00:00:00:00:00:15    00:00:00:00:00:16 2    439  [21,4,5,15,22]     00:00:00:00:00:15    00:00:00:00:00:16 3    439  [21,4,5,19,22]     00:00:00:00:00:15    00:00:00:00:00:16 4    439  [21,4,17,19,22]     00:00:00:00:00:15    00:00:00:00:00:16 5    439  [21,10,1,16,22]     00:00:00:00:00:15    00:00:00:00:00:16 6    585  [21,4,5,1,16,22]     00:00:00:00:00:15    00:00:00:00:00:16 7    585  [21,10,1,3,7,22]     00:00:00:00:00:15    00:00:00:00:00:16 8    585  [21,10,1,5,7,22]     00:00:00:00:00:15    00:00:00:00:00:16 9    585  [21,10,1,5,11,22]     00:00:00:00:00:15    00:00:00:00:00:16 10    585  [21,10,1,5,15,22]     00:00:00:00:00:15    00:00:00:00:00:16 11    585  [21,10,1,5,19,22]     00:00:00:00:00:15    00:00:00:00:00:16 12    731  [21,4,5,1,3,7,22]     00:00:00:00:00:15    00:00:00:00:00:16 13    731  [21,4,5,7,2,15,22]     00:00:00:00:00:15    00:00:00:00:00:16 14    731  [21,4,5,7,6,18,22]     00:00:00:00:00:15    00:00:00:00:00:16 15    731  [21,4,5,13,3,7,22]  
# h00:00:00:00:00:15 -> h00:00:00:00:00:09
   00:00:00:00:00:15    00:00:00:00:00:09 0    146  [21,10,9]     00:00:00:00:00:15    00:00:00:00:00:09 1    439  [21,10,1,20,9]     00:00:00:00:00:15    00:00:00:00:00:09 2    585  [21,4,5,1,10,9]     00:00:00:00:00:15    00:00:00:00:00:09 3    585  [21,4,5,1,20,9]     00:00:00:00:00:15    00:00:00:00:00:09 4    877  [21,4,5,7,3,1,10,9]     00:00:00:00:00:15    00:00:00:00:00:09 5    877  [21,4,5,7,3,1,20,9]     00:00:00:00:00:15    00:00:00:00:00:09 6    877  [21,4,5,13,3,1,10,9]     00:00:00:00:00:15    00:00:00:00:00:09 7    877  [21,4,5,13,3,1,20,9]     00:00:00:00:00:15    00:00:00:00:00:09 8    877  [21,4,17,19,5,1,10,9]     00:00:00:00:00:15    00:00:00:00:00:09 9    877  [21,4,17,19,5,1,20,9]     00:00:00:00:00:15    00:00:00:00:00:09 10   1023  [21,4,5,7,22,16,1,10,9]     00:00:00:00:00:15    00:00:00:00:00:09 11   1023  [21,4,5,7,22,16,1,20,9]     00:00:00:00:00:15    00:00:00:00:00:09 12   1023  [21,4,5,8,13,3,1,10,9]     00:00:00:00:00:15    00:00:00:00:00:09 13   1023  [21,4,5,8,13,3,1,20,9]     00:00:00:00:00:15    00:00:00:00:00:09 14   1023  [21,4,5,11,22,16,1,10,9]     00:00:00:00:00:15    00:00:00:00:00:09 15   1023  [21,4,5,11,22,16,1,20,9]  
# h00:00:00:00:00:15 -> h00:00:00:00:00:0c
   00:00:00:00:00:15    00:00:00:00:00:0c 0    439  [21,4,5,13,12]     00:00:00:00:00:15    00:00:00:00:00:0c 1    439  [21,4,5,15,12]     00:00:00:00:00:15    00:00:00:00:00:0c 2    585  [21,4,5,8,13,12]     00:00:00:00:00:15    00:00:00:00:00:0c 3    585  [21,10,1,3,13,12]     00:00:00:00:00:15    00:00:00:00:00:0c 4    585  [21,10,1,5,13,12]     00:00:00:00:00:15    00:00:00:00:00:0c 5    585  [21,10,1,5,15,12]     00:00:00:00:00:15    00:00:00:00:00:0c 6    731  [21,4,5,1,3,13,12]     00:00:00:00:00:15    00:00:00:00:00:0c 7    731  [21,4,5,7,3,13,12]     00:00:00:00:00:15    00:00:00:00:00:0c 8    731  [21,4,5,7,6,13,12]     00:00:00:00:00:15    00:00:00:00:00:0c 9    731  [21,4,5,7,2,15,12]     00:00:00:00:00:15    00:00:00:00:00:0c 10    731  [21,4,5,7,22,15,12]     00:00:00:00:00:15    00:00:00:00:00:0c 11    731  [21,4,5,11,22,15,12]     00:00:00:00:00:15    00:00:00:00:00:0c 12    731  [21,4,5,19,22,15,12]     00:00:00:00:00:15    00:00:00:00:00:0c 13    731  [21,4,17,19,5,13,12]     00:00:00:00:00:15    00:00:00:00:00:0c 14    731  [21,4,17,19,5,15,12]     00:00:00:00:00:15    00:00:00:00:00:0c 15    731  [21,4,17,19,22,15,12]  
# h00:00:00:00:00:08 -> h00:00:00:00:00:01
   00:00:00:00:00:08    00:00:00:00:00:01 0    146  [8,5,1]     00:00:00:00:00:08    00:00:00:00:00:01 1    293  [8,13,3,1]     00:00:00:00:00:08    00:00:00:00:00:01 2    293  [8,13,5,1]     00:00:00:00:00:08    00:00:00:00:00:01 3    439  [8,5,7,3,1]     00:00:00:00:00:08    00:00:00:00:00:01 4    439  [8,5,13,3,1]     00:00:00:00:00:08    00:00:00:00:00:01 5    585  [8,5,4,21,10,1]     00:00:00:00:00:08    00:00:00:00:00:01 6    585  [8,5,7,22,16,1]     00:00:00:00:00:08    00:00:00:00:00:01 7    585  [8,5,11,22,16,1]     00:00:00:00:00:08    00:00:00:00:00:01 8    585  [8,5,15,22,16,1]     00:00:00:00:00:08    00:00:00:00:00:01 9    585  [8,5,19,22,16,1]     00:00:00:00:00:08    00:00:00:00:00:01 10    585  [8,13,3,7,5,1]     00:00:00:00:00:08    00:00:00:00:00:01 11    585  [8,13,5,7,3,1]     00:00:00:00:00:08    00:00:00:00:00:01 12    585  [8,13,6,7,3,1]     00:00:00:00:00:08    00:00:00:00:00:01 13    585  [8,13,6,7,5,1]     00:00:00:00:00:08    00:00:00:00:00:01 14    585  [8,13,12,15,5,1]     00:00:00:00:00:08    00:00:00:00:00:01 15    731  [8,5,7,6,13,3,1]  
# h00:00:00:00:00:08 -> h00:00:00:00:00:03
   00:00:00:00:00:08    00:00:00:00:00:03 0    146  [8,13,3]     00:00:00:00:00:08    00:00:00:00:00:03 1    293  [8,5,1,3]     00:00:00:00:00:08    00:00:00:00:00:03 2    293  [8,5,7,3]     00:00:00:00:00:08    00:00:00:00:00:03 3    293  [8,5,13,3]     00:00:00:00:00:08    00:00:00:00:00:03 4    439  [8,13,5,1,3]     00:00:00:00:00:08    00:00:00:00:00:03 5    439  [8,13,5,7,3]     00:00:00:00:00:08    00:00:00:00:00:03 6    439  [8,13,6,7,3]     00:00:00:00:00:08    00:00:00:00:00:03 7    585  [8,5,7,6,13,3]     00:00:00:00:00:08    00:00:00:00:00:03 8    585  [8,5,13,6,7,3]     00:00:00:00:00:08    00:00:00:00:00:03 9    585  [8,5,15,2,7,3]     00:00:00:00:00:08    00:00:00:00:00:03 10    585  [8,5,11,22,7,3]     00:00:00:00:00:08    00:00:00:00:00:03 11    585  [8,5,15,22,7,3]     00:00:00:00:00:08    00:00:00:00:00:03 12    585  [8,5,15,12,13,3]     00:00:00:00:00:08    00:00:00:00:00:03 13    585  [8,5,19,22,7,3]     00:00:00:00:00:08    00:00:00:00:00:03 14    731  [8,5,1,16,22,7,3]     00:00:00:00:00:08    00:00:00:00:00:03 15    731  [8,5,4,21,10,1,3]  
# h00:00:00:00:00:08 -> h00:00:00:00:00:05
   00:00:00:00:00:08    00:00:00:00:00:05 0      0  [8,5]     00:00:00:00:00:08    00:00:00:00:00:05 1    146  [8,13,5]     00:00:00:00:00:08    00:00:00:00:00:05 2    439  [8,13,3,1,5]     00:00:00:00:00:08    00:00:00:00:00:05 3    439  [8,13,3,7,5]     00:00:00:00:00:08    00:00:00:00:00:05 4    439  [8,13,6,7,5]     00:00:00:00:00:08    00:00:00:00:00:05 5    439  [8,13,12,15,5]     00:00:00:00:00:08    00:00:00:00:00:05 6    731  [8,13,3,7,22,11,5]     00:00:00:00:00:08    00:00:00:00:00:05 7    731  [8,13,3,7,2,15,5]     00:00:00:00:00:08    00:00:00:00:00:05 8    731  [8,13,3,7,22,15,5]     00:00:00:00:00:08    00:00:00:00:00:05 9    731  [8,13,3,7,22,19,5]     00:00:00:00:00:08    00:00:00:00:00:05 10    731  [8,13,6,7,3,1,5]     00:00:00:00:00:08    00:00:00:00:00:05 11    731  [8,13,6,7,22,11,5]     00:00:00:00:00:08    00:00:00:00:00:05 12    731  [8,13,6,7,2,15,5]     00:00:00:00:00:08    00:00:00:00:00:05 13    731  [8,13,6,7,22,15,5]     00:00:00:00:00:08    00:00:00:00:00:05 14    731  [8,13,6,7,22,19,5]     00:00:00:00:00:08    00:00:00:00:00:05 15    731  [8,13,6,18,22,7,5]  
# h00:00:00:00:00:08 -> h00:00:00:00:00:0a
   00:00:00:00:00:08    00:00:00:00:00:0a 0    293  [8,5,1,10]     00:00:00:00:00:08    00:00:00:00:00:0a 1    439  [8,5,4,21,10]     00:00:00:00:00:08    00:00:00:00:00:0a 2    439  [8,13,3,1,10]     00:00:00:00:00:08    00:00:00:00:00:0a 3    439  [8,13,5,1,10]     00:00:00:00:00:08    00:00:00:00:00:0a 4    585  [8,5,1,20,9,10]     00:00:00:00:00:08    00:00:00:00:00:0a 5    585  [8,5,7,3,1,10]     00:00:00:00:00:08    00:00:00:00:00:0a 6    585  [8,5,13,3,1,10]     00:00:00:00:00:08    00:00:00:00:00:0a 7    585  [8,13,5,4,21,10]     00:00:00:00:00:08    00:00:00:00:00:0a 8    731  [8,5,7,22,16,1,10]     00:00:00:00:00:08    00:00:00:00:00:0a 9    731  [8,5,11,22,16,1,10]     00:00:00:00:00:08    00:00:00:00:00:0a 10    731  [8,5,15,22,16,1,10]     00:00:00:00:00:08    00:00:00:00:00:0a 11    731  [8,5,19,22,16,1,10]     00:00:00:00:00:08    00:00:00:00:00:0a 12    731  [8,5,19,17,4,21,10]     00:00:00:00:00:08    00:00:00:00:00:0a 13    731  [8,13,3,1,20,9,10]     00:00:00:00:00:08    00:00:00:00:00:0a 14    731  [8,13,3,7,5,1,10]     00:00:00:00:00:08    00:00:00:00:00:0a 15    731  [8,13,5,1,20,9,10]  
# h00:00:00:00:00:08 -> h00:00:00:00:00:10
   00:00:00:00:00:08    00:00:00:00:00:10 0    293  [8,5,1,16]     00:00:00:00:00:08    00:00:00:00:00:10 1    439  [8,5,7,22,16]     00:00:00:00:00:08    00:00:00:00:00:10 2    439  [8,5,11,22,16]     00:00:00:00:00:08    00:00:00:00:00:10 3    439  [8,5,15,22,16]     00:00:00:00:00:08    00:00:00:00:00:10 4    439  [8,5,19,22,16]     00:00:00:00:00:08    00:00:00:00:00:10 5    439  [8,13,3,1,16]     00:00:00:00:00:08    00:00:00:00:00:10 6    439  [8,13,5,1,16]     00:00:00:00:00:08    00:00:00:00:00:10 7    585  [8,5,7,3,1,16]     00:00:00:00:00:08    00:00:00:00:00:10 8    585  [8,5,13,3,1,16]     00:00:00:00:00:08    00:00:00:00:00:10 9    585  [8,13,3,7,22,16]     00:00:00:00:00:08    00:00:00:00:00:10 10    585  [8,13,5,7,22,16]     00:00:00:00:00:08    00:00:00:00:00:10 11    585  [8,13,5,11,22,16]     00:00:00:00:00:08    00:00:00:00:00:10 12    585  [8,13,5,15,22,16]     00:00:00:00:00:08    00:00:00:00:00:10 13    585  [8,13,5,19,22,16]     00:00:00:00:00:08    00:00:00:00:00:10 14    585  [8,13,6,7,22,16]     00:00:00:00:00:08    00:00:00:00:00:10 15    585  [8,13,6,18,22,16]  
# h00:00:00:00:00:08 -> h00:00:00:00:00:14
   00:00:00:00:00:08    00:00:00:00:00:14 0    293  [8,5,1,20]     00:00:00:00:00:08    00:00:00:00:00:14 1    439  [8,13,3,1,20]     00:00:00:00:00:08    00:00:00:00:00:14 2    439  [8,13,5,1,20]     00:00:00:00:00:08    00:00:00:00:00:14 3    585  [8,5,1,10,9,20]     00:00:00:00:00:08    00:00:00:00:00:14 4    585  [8,5,7,3,1,20]     00:00:00:00:00:08    00:00:00:00:00:14 5    585  [8,5,13,3,1,20]     00:00:00:00:00:08    00:00:00:00:00:14 6    731  [8,5,4,21,10,1,20]     00:00:00:00:00:08    00:00:00:00:00:14 7    731  [8,5,4,21,10,9,20]     00:00:00:00:00:08    00:00:00:00:00:14 8    731  [8,5,7,22,16,1,20]     00:00:00:00:00:08    00:00:00:00:00:14 9    731  [8,5,11,22,16,1,20]     00:00:00:00:00:08    00:00:00:00:00:14 10    731  [8,5,15,22,16,1,20]     00:00:00:00:00:08    00:00:00:00:00:14 11    731  [8,5,19,22,16,1,20]     00:00:00:00:00:08    00:00:00:00:00:14 12    731  [8,13,3,1,10,9,20]     00:00:00:00:00:08    00:00:00:00:00:14 13    731  [8,13,3,7,5,1,20]     00:00:00:00:00:08    00:00:00:00:00:14 14    731  [8,13,5,1,10,9,20]     00:00:00:00:00:08    00:00:00:00:00:14 15    731  [8,13,5,7,3,1,20]  
# h00:00:00:00:00:08 -> h00:00:00:00:00:02
   00:00:00:00:00:08    00:00:00:00:00:02 0    293  [8,5,7,2]     00:00:00:00:00:08    00:00:00:00:00:02 1    293  [8,5,15,2]     00:00:00:00:00:08    00:00:00:00:00:02 2    439  [8,5,7,14,2]     00:00:00:00:00:08    00:00:00:00:00:02 3    439  [8,13,3,7,2]     00:00:00:00:00:08    00:00:00:00:00:02 4    439  [8,13,5,7,2]     00:00:00:00:00:08    00:00:00:00:00:02 5    439  [8,13,5,15,2]     00:00:00:00:00:08    00:00:00:00:00:02 6    439  [8,13,6,7,2]     00:00:00:00:00:08    00:00:00:00:00:02 7    439  [8,13,12,15,2]     00:00:00:00:00:08    00:00:00:00:00:02 8    585  [8,5,1,3,7,2]     00:00:00:00:00:08    00:00:00:00:00:02 9    585  [8,5,7,22,15,2]     00:00:00:00:00:08    00:00:00:00:00:02 10    585  [8,5,13,3,7,2]     00:00:00:00:00:08    00:00:00:00:00:02 11    585  [8,5,11,22,7,2]     00:00:00:00:00:08    00:00:00:00:00:02 12    585  [8,5,11,22,15,2]     00:00:00:00:00:08    00:00:00:00:00:02 13    585  [8,5,13,6,7,2]     00:00:00:00:00:08    00:00:00:00:00:02 14    585  [8,5,13,12,15,2]     00:00:00:00:00:08    00:00:00:00:00:02 15    585  [8,5,15,22,7,2]  
# h00:00:00:00:00:08 -> h00:00:00:00:00:07
   00:00:00:00:00:08    00:00:00:00:00:07 0    146  [8,5,7]     00:00:00:00:00:08    00:00:00:00:00:07 1    293  [8,13,3,7]     00:00:00:00:00:08    00:00:00:00:00:07 2    293  [8,13,5,7]     00:00:00:00:00:08    00:00:00:00:00:07 3    293  [8,13,6,7]     00:00:00:00:00:08    00:00:00:00:00:07 4    439  [8,5,15,2,7]     00:00:00:00:00:08    00:00:00:00:00:07 5    439  [8,5,1,3,7]     00:00:00:00:00:08    00:00:00:00:00:07 6    439  [8,5,13,3,7]     00:00:00:00:00:08    00:00:00:00:00:07 7    439  [8,5,11,22,7]     00:00:00:00:00:08    00:00:00:00:00:07 8    439  [8,5,13,6,7]     00:00:00:00:00:08    00:00:00:00:00:07 9    439  [8,5,15,22,7]     00:00:00:00:00:08    00:00:00:00:00:07 10    439  [8,5,19,22,7]     00:00:00:00:00:08    00:00:00:00:00:07 11    585  [8,5,1,16,22,7]     00:00:00:00:00:08    00:00:00:00:00:07 12    585  [8,5,15,2,14,7]     00:00:00:00:00:08    00:00:00:00:00:07 13    585  [8,13,3,1,5,7]     00:00:00:00:00:08    00:00:00:00:00:07 14    585  [8,13,5,15,2,7]     00:00:00:00:00:08    00:00:00:00:00:07 15    585  [8,13,5,1,3,7]  
# h00:00:00:00:00:08 -> h00:00:00:00:00:0e
   00:00:00:00:00:08    00:00:00:00:00:0e 0    293  [8,5,7,14]     00:00:00:00:00:08    00:00:00:00:00:0e 1    439  [8,5,7,2,14]     00:00:00:00:00:08    00:00:00:00:00:0e 2    439  [8,5,15,2,14]     00:00:00:00:00:08    00:00:00:00:00:0e 3    439  [8,13,3,7,14]     00:00:00:00:00:08    00:00:00:00:00:0e 4    439  [8,13,5,7,14]     00:00:00:00:00:08    00:00:00:00:00:0e 5    439  [8,13,6,7,14]     00:00:00:00:00:08    00:00:00:00:00:0e 6    585  [8,5,1,3,7,14]     00:00:00:00:00:08    00:00:00:00:00:0e 7    585  [8,5,13,3,7,14]     00:00:00:00:00:08    00:00:00:00:00:0e 8    585  [8,5,11,22,7,14]     00:00:00:00:00:08    00:00:00:00:00:0e 9    585  [8,5,13,6,7,14]     00:00:00:00:00:08    00:00:00:00:00:0e 10    585  [8,5,15,2,7,14]     00:00:00:00:00:08    00:00:00:00:00:0e 11    585  [8,5,15,22,7,14]     00:00:00:00:00:08    00:00:00:00:00:0e 12    585  [8,5,19,22,7,14]     00:00:00:00:00:08    00:00:00:00:00:0e 13    585  [8,13,3,7,2,14]     00:00:00:00:00:08    00:00:00:00:00:0e 14    585  [8,13,5,7,2,14]     00:00:00:00:00:08    00:00:00:00:00:0e 15    585  [8,13,5,15,2,14]  
# h00:00:00:00:00:08 -> h00:00:00:00:00:0f
   00:00:00:00:00:08    00:00:00:00:00:0f 0    146  [8,5,15]     00:00:00:00:00:08    00:00:00:00:00:0f 1    293  [8,13,5,15]     00:00:00:00:00:08    00:00:00:00:00:0f 2    293  [8,13,12,15]     00:00:00:00:00:08    00:00:00:00:00:0f 3    439  [8,5,7,2,15]     00:00:00:00:00:08    00:00:00:00:00:0f 4    439  [8,5,7,22,15]     00:00:00:00:00:08    00:00:00:00:00:0f 5    439  [8,5,13,12,15]     00:00:00:00:00:08    00:00:00:00:00:0f 6    439  [8,5,11,22,15]     00:00:00:00:00:08    00:00:00:00:00:0f 7    439  [8,5,19,22,15]     00:00:00:00:00:08    00:00:00:00:00:0f 8    585  [8,5,1,16,22,15]     00:00:00:00:00:08    00:00:00:00:00:0f 9    585  [8,5,7,14,2,15]     00:00:00:00:00:08    00:00:00:00:00:0f 10    585  [8,13,3,7,2,15]     00:00:00:00:00:08    00:00:00:00:00:0f 11    585  [8,13,3,1,5,15]     00:00:00:00:00:08    00:00:00:00:00:0f 12    585  [8,13,3,7,5,15]     00:00:00:00:00:08    00:00:00:00:00:0f 13    585  [8,13,3,7,22,15]     00:00:00:00:00:08    00:00:00:00:00:0f 14    585  [8,13,5,7,2,15]     00:00:00:00:00:08    00:00:00:00:00:0f 15    585  [8,13,5,7,22,15]  
# h00:00:00:00:00:08 -> h00:00:00:00:00:0d
   00:00:00:00:00:08    00:00:00:00:00:0d 0      0  [8,13]     00:00:00:00:00:08    00:00:00:00:00:0d 1    146  [8,5,13]     00:00:00:00:00:08    00:00:00:00:00:0d 2    439  [8,5,1,3,13]     00:00:00:00:00:08    00:00:00:00:00:0d 3    439  [8,5,7,3,13]     00:00:00:00:00:08    00:00:00:00:00:0d 4    439  [8,5,7,6,13]     00:00:00:00:00:08    00:00:00:00:00:0d 5    439  [8,5,15,12,13]     00:00:00:00:00:08    00:00:00:00:00:0d 6    731  [8,5,1,3,7,6,13]     00:00:00:00:00:08    00:00:00:00:00:0d 7    731  [8,5,7,22,18,6,13]     00:00:00:00:00:08    00:00:00:00:00:0d 8    731  [8,5,7,2,15,12,13]     00:00:00:00:00:08    00:00:00:00:00:0d 9    731  [8,5,7,22,15,12,13]     00:00:00:00:00:08    00:00:00:00:00:0d 10    731  [8,5,11,22,7,3,13]     00:00:00:00:00:08    00:00:00:00:00:0d 11    731  [8,5,11,22,7,6,13]     00:00:00:00:00:08    00:00:00:00:00:0d 12    731  [8,5,11,22,18,6,13]     00:00:00:00:00:08    00:00:00:00:00:0d 13    731  [8,5,11,22,15,12,13]     00:00:00:00:00:08    00:00:00:00:00:0d 14    731  [8,5,15,2,7,3,13]     00:00:00:00:00:08    00:00:00:00:00:0d 15    731  [8,5,15,2,7,6,13]  
# h00:00:00:00:00:08 -> h00:00:00:00:00:04
   00:00:00:00:00:08    00:00:00:00:00:04 0    146  [8,5,4]     00:00:00:00:00:08    00:00:00:00:00:04 1    293  [8,13,5,4]     00:00:00:00:00:08    00:00:00:00:00:04 2    439  [8,5,19,17,4]     00:00:00:00:00:08    00:00:00:00:00:04 3    585  [8,5,1,10,21,4]     00:00:00:00:00:08    00:00:00:00:00:04 4    585  [8,13,3,1,5,4]     00:00:00:00:00:08    00:00:00:00:00:04 5    585  [8,13,3,7,5,4]     00:00:00:00:00:08    00:00:00:00:00:04 6    585  [8,13,5,19,17,4]     00:00:00:00:00:08    00:00:00:00:00:04 7    585  [8,13,6,7,5,4]     00:00:00:00:00:08    00:00:00:00:00:04 8    585  [8,13,12,15,5,4]     00:00:00:00:00:08    00:00:00:00:00:04 9    731  [8,5,7,22,19,17,4]     00:00:00:00:00:08    00:00:00:00:00:04 10    731  [8,5,11,22,19,17,4]     00:00:00:00:00:08    00:00:00:00:00:04 11    731  [8,5,15,22,19,17,4]     00:00:00:00:00:08    00:00:00:00:00:04 12    731  [8,13,3,1,10,21,4]     00:00:00:00:00:08    00:00:00:00:00:04 13    731  [8,13,5,1,10,21,4]     00:00:00:00:00:08    00:00:00:00:00:04 14    877  [8,5,1,16,22,19,17,4]     00:00:00:00:00:08    00:00:00:00:00:04 15    877  [8,5,1,20,9,10,21,4]  
# h00:00:00:00:00:08 -> h00:00:00:00:00:11
   00:00:00:00:00:08    00:00:00:00:00:11 0    293  [8,5,4,17]     00:00:00:00:00:08    00:00:00:00:00:11 1    293  [8,5,19,17]     00:00:00:00:00:08    00:00:00:00:00:11 2    439  [8,13,5,4,17]     00:00:00:00:00:08    00:00:00:00:00:11 3    439  [8,13,5,19,17]     00:00:00:00:00:08    00:00:00:00:00:11 4    585  [8,5,7,22,19,17]     00:00:00:00:00:08    00:00:00:00:00:11 5    585  [8,5,11,22,19,17]     00:00:00:00:00:08    00:00:00:00:00:11 6    585  [8,5,15,22,19,17]     00:00:00:00:00:08    00:00:00:00:00:11 7    731  [8,5,1,10,21,4,17]     00:00:00:00:00:08    00:00:00:00:00:11 8    731  [8,5,1,16,22,19,17]     00:00:00:00:00:08    00:00:00:00:00:11 9    731  [8,13,3,1,5,4,17]     00:00:00:00:00:08    00:00:00:00:00:11 10    731  [8,13,3,1,5,19,17]     00:00:00:00:00:08    00:00:00:00:00:11 11    731  [8,13,3,7,5,4,17]     00:00:00:00:00:08    00:00:00:00:00:11 12    731  [8,13,3,7,5,19,17]     00:00:00:00:00:08    00:00:00:00:00:11 13    731  [8,13,3,7,22,19,17]     00:00:00:00:00:08    00:00:00:00:00:11 14    731  [8,13,5,7,22,19,17]     00:00:00:00:00:08    00:00:00:00:00:11 15    731  [8,13,5,11,22,19,17]  
# h00:00:00:00:00:08 -> h00:00:00:00:00:15
   00:00:00:00:00:08    00:00:00:00:00:15 0    293  [8,5,4,21]     00:00:00:00:00:08    00:00:00:00:00:15 1    439  [8,5,1,10,21]     00:00:00:00:00:08    00:00:00:00:00:15 2    439  [8,13,5,4,21]     00:00:00:00:00:08    00:00:00:00:00:15 3    585  [8,5,19,17,4,21]     00:00:00:00:00:08    00:00:00:00:00:15 4    585  [8,13,3,1,10,21]     00:00:00:00:00:08    00:00:00:00:00:15 5    585  [8,13,5,1,10,21]     00:00:00:00:00:08    00:00:00:00:00:15 6    731  [8,5,1,20,9,10,21]     00:00:00:00:00:08    00:00:00:00:00:15 7    731  [8,5,7,3,1,10,21]     00:00:00:00:00:08    00:00:00:00:00:15 8    731  [8,5,13,3,1,10,21]     00:00:00:00:00:08    00:00:00:00:00:15 9    731  [8,13,3,1,5,4,21]     00:00:00:00:00:08    00:00:00:00:00:15 10    731  [8,13,3,7,5,4,21]     00:00:00:00:00:08    00:00:00:00:00:15 11    731  [8,13,5,19,17,4,21]     00:00:00:00:00:08    00:00:00:00:00:15 12    731  [8,13,6,7,5,4,21]     00:00:00:00:00:08    00:00:00:00:00:15 13    731  [8,13,12,15,5,4,21]     00:00:00:00:00:08    00:00:00:00:00:15 14    877  [8,5,7,22,19,17,4,21]     00:00:00:00:00:08    00:00:00:00:00:15 15    877  [8,5,7,22,16,1,10,21]  
# h00:00:00:00:00:08 -> h00:00:00:00:00:0b
   00:00:00:00:00:08    00:00:00:00:00:0b 0    146  [8,5,11]     00:00:00:00:00:08    00:00:00:00:00:0b 1    293  [8,13,5,11]     00:00:00:00:00:08    00:00:00:00:00:0b 2    439  [8,5,7,22,11]     00:00:00:00:00:08    00:00:00:00:00:0b 3    439  [8,5,15,22,11]     00:00:00:00:00:08    00:00:00:00:00:0b 4    439  [8,5,19,22,11]     00:00:00:00:00:08    00:00:00:00:00:0b 5    585  [8,5,1,16,22,11]     00:00:00:00:00:08    00:00:00:00:00:0b 6    585  [8,13,3,1,5,11]     00:00:00:00:00:08    00:00:00:00:00:0b 7    585  [8,13,3,7,5,11]     00:00:00:00:00:08    00:00:00:00:00:0b 8    585  [8,13,3,7,22,11]     00:00:00:00:00:08    00:00:00:00:00:0b 9    585  [8,13,5,7,22,11]     00:00:00:00:00:08    00:00:00:00:00:0b 10    585  [8,13,5,15,22,11]     00:00:00:00:00:08    00:00:00:00:00:0b 11    585  [8,13,5,19,22,11]     00:00:00:00:00:08    00:00:00:00:00:0b 12    585  [8,13,6,7,5,11]     00:00:00:00:00:08    00:00:00:00:00:0b 13    585  [8,13,6,7,22,11]     00:00:00:00:00:08    00:00:00:00:00:0b 14    585  [8,13,6,18,22,11]     00:00:00:00:00:08    00:00:00:00:00:0b 15    585  [8,13,12,15,5,11]  
# h00:00:00:00:00:08 -> h00:00:00:00:00:13
   00:00:00:00:00:08    00:00:00:00:00:13 0    146  [8,5,19]     00:00:00:00:00:08    00:00:00:00:00:13 1    293  [8,13,5,19]     00:00:00:00:00:08    00:00:00:00:00:13 2    439  [8,5,4,17,19]     00:00:00:00:00:08    00:00:00:00:00:13 3    439  [8,5,7,22,19]     00:00:00:00:00:08    00:00:00:00:00:13 4    439  [8,5,11,22,19]     00:00:00:00:00:08    00:00:00:00:00:13 5    439  [8,5,15,22,19]     00:00:00:00:00:08    00:00:00:00:00:13 6    585  [8,5,1,16,22,19]     00:00:00:00:00:08    00:00:00:00:00:13 7    585  [8,13,3,1,5,19]     00:00:00:00:00:08    00:00:00:00:00:13 8    585  [8,13,3,7,5,19]     00:00:00:00:00:08    00:00:00:00:00:13 9    585  [8,13,3,7,22,19]     00:00:00:00:00:08    00:00:00:00:00:13 10    585  [8,13,5,4,17,19]     00:00:00:00:00:08    00:00:00:00:00:13 11    585  [8,13,5,7,22,19]     00:00:00:00:00:08    00:00:00:00:00:13 12    585  [8,13,5,11,22,19]     00:00:00:00:00:08    00:00:00:00:00:13 13    585  [8,13,5,15,22,19]     00:00:00:00:00:08    00:00:00:00:00:13 14    585  [8,13,6,7,5,19]     00:00:00:00:00:08    00:00:00:00:00:13 15    585  [8,13,6,7,22,19]  
# h00:00:00:00:00:08 -> h00:00:00:00:00:06
   00:00:00:00:00:08    00:00:00:00:00:06 0    146  [8,13,6]     00:00:00:00:00:08    00:00:00:00:00:06 1    293  [8,5,7,6]     00:00:00:00:00:08    00:00:00:00:00:06 2    293  [8,5,13,6]     00:00:00:00:00:08    00:00:00:00:00:06 3    439  [8,13,3,7,6]     00:00:00:00:00:08    00:00:00:00:00:06 4    439  [8,13,5,7,6]     00:00:00:00:00:08    00:00:00:00:00:06 5    585  [8,5,7,3,13,6]     00:00:00:00:00:08    00:00:00:00:00:06 6    585  [8,5,7,22,18,6]     00:00:00:00:00:08    00:00:00:00:00:06 7    585  [8,5,13,3,7,6]     00:00:00:00:00:08    00:00:00:00:00:06 8    585  [8,5,15,2,7,6]     00:00:00:00:00:08    00:00:00:00:00:06 9    585  [8,5,1,3,7,6]     00:00:00:00:00:08    00:00:00:00:00:06 10    585  [8,5,1,3,13,6]     00:00:00:00:00:08    00:00:00:00:00:06 11    585  [8,5,11,22,7,6]     00:00:00:00:00:08    00:00:00:00:00:06 12    585  [8,5,11,22,18,6]     00:00:00:00:00:08    00:00:00:00:00:06 13    585  [8,5,15,22,7,6]     00:00:00:00:00:08    00:00:00:00:00:06 14    585  [8,5,15,12,13,6]     00:00:00:00:00:08    00:00:00:00:00:06 15    585  [8,5,15,22,18,6]  
# h00:00:00:00:00:08 -> h00:00:00:00:00:12
   00:00:00:00:00:08    00:00:00:00:00:12 0    293  [8,13,6,18]     00:00:00:00:00:08    00:00:00:00:00:12 1    439  [8,5,7,6,18]     00:00:00:00:00:08    00:00:00:00:00:12 2    439  [8,5,7,22,18]     00:00:00:00:00:08    00:00:00:00:00:12 3    439  [8,5,13,6,18]     00:00:00:00:00:08    00:00:00:00:00:12 4    439  [8,5,11,22,18]     00:00:00:00:00:08    00:00:00:00:00:12 5    439  [8,5,15,22,18]     00:00:00:00:00:08    00:00:00:00:00:12 6    439  [8,5,19,22,18]     00:00:00:00:00:08    00:00:00:00:00:12 7    585  [8,5,1,16,22,18]     00:00:00:00:00:08    00:00:00:00:00:12 8    585  [8,13,3,7,6,18]     00:00:00:00:00:08    00:00:00:00:00:12 9    585  [8,13,3,7,22,18]     00:00:00:00:00:08    00:00:00:00:00:12 10    585  [8,13,5,7,6,18]     00:00:00:00:00:08    00:00:00:00:00:12 11    585  [8,13,5,7,22,18]     00:00:00:00:00:08    00:00:00:00:00:12 12    585  [8,13,5,11,22,18]     00:00:00:00:00:08    00:00:00:00:00:12 13    585  [8,13,5,15,22,18]     00:00:00:00:00:08    00:00:00:00:00:12 14    585  [8,13,5,19,22,18]     00:00:00:00:00:08    00:00:00:00:00:12 15    585  [8,13,6,7,22,18]  
# h00:00:00:00:00:08 -> h00:00:00:00:00:16
   00:00:00:00:00:08    00:00:00:00:00:16 0    293  [8,5,7,22]     00:00:00:00:00:08    00:00:00:00:00:16 1    293  [8,5,11,22]     00:00:00:00:00:08    00:00:00:00:00:16 2    293  [8,5,15,22]     00:00:00:00:00:08    00:00:00:00:00:16 3    293  [8,5,19,22]     00:00:00:00:00:08    00:00:00:00:00:16 4    439  [8,5,1,16,22]     00:00:00:00:00:08    00:00:00:00:00:16 5    439  [8,13,3,7,22]     00:00:00:00:00:08    00:00:00:00:00:16 6    439  [8,13,5,7,22]     00:00:00:00:00:08    00:00:00:00:00:16 7    439  [8,13,5,11,22]     00:00:00:00:00:08    00:00:00:00:00:16 8    439  [8,13,5,15,22]     00:00:00:00:00:08    00:00:00:00:00:16 9    439  [8,13,5,19,22]     00:00:00:00:00:08    00:00:00:00:00:16 10    439  [8,13,6,7,22]     00:00:00:00:00:08    00:00:00:00:00:16 11    439  [8,13,6,18,22]     00:00:00:00:00:08    00:00:00:00:00:16 12    439  [8,13,12,15,22]     00:00:00:00:00:08    00:00:00:00:00:16 13    585  [8,5,1,3,7,22]     00:00:00:00:00:08    00:00:00:00:00:16 14    585  [8,5,7,2,15,22]     00:00:00:00:00:08    00:00:00:00:00:16 15    585  [8,5,7,6,18,22]  
# h00:00:00:00:00:08 -> h00:00:00:00:00:09
   00:00:00:00:00:08    00:00:00:00:00:09 0    439  [8,5,1,10,9]     00:00:00:00:00:08    00:00:00:00:00:09 1    439  [8,5,1,20,9]     00:00:00:00:00:08    00:00:00:00:00:09 2    585  [8,5,4,21,10,9]     00:00:00:00:00:08    00:00:00:00:00:09 3    585  [8,13,3,1,10,9]     00:00:00:00:00:08    00:00:00:00:00:09 4    585  [8,13,3,1,20,9]     00:00:00:00:00:08    00:00:00:00:00:09 5    585  [8,13,5,1,10,9]     00:00:00:00:00:08    00:00:00:00:00:09 6    585  [8,13,5,1,20,9]     00:00:00:00:00:08    00:00:00:00:00:09 7    731  [8,5,7,3,1,10,9]     00:00:00:00:00:08    00:00:00:00:00:09 8    731  [8,5,7,3,1,20,9]     00:00:00:00:00:08    00:00:00:00:00:09 9    731  [8,5,13,3,1,10,9]     00:00:00:00:00:08    00:00:00:00:00:09 10    731  [8,5,13,3,1,20,9]     00:00:00:00:00:08    00:00:00:00:00:09 11    731  [8,13,5,4,21,10,9]     00:00:00:00:00:08    00:00:00:00:00:09 12    877  [8,5,4,21,10,1,20,9]     00:00:00:00:00:08    00:00:00:00:00:09 13    877  [8,5,7,22,16,1,10,9]     00:00:00:00:00:08    00:00:00:00:00:09 14    877  [8,5,7,22,16,1,20,9]     00:00:00:00:00:08    00:00:00:00:00:09 15    877  [8,5,11,22,16,1,10,9]  
# h00:00:00:00:00:08 -> h00:00:00:00:00:0c
   00:00:00:00:00:08    00:00:00:00:00:0c 0    146  [8,13,12]     00:00:00:00:00:08    00:00:00:00:00:0c 1    293  [8,5,13,12]     00:00:00:00:00:08    00:00:00:00:00:0c 2    293  [8,5,15,12]     00:00:00:00:00:08    00:00:00:00:00:0c 3    439  [8,13,5,15,12]     00:00:00:00:00:08    00:00:00:00:00:0c 4    585  [8,5,1,3,13,12]     00:00:00:00:00:08    00:00:00:00:00:0c 5    585  [8,5,7,3,13,12]     00:00:00:00:00:08    00:00:00:00:00:0c 6    585  [8,5,7,6,13,12]     00:00:00:00:00:08    00:00:00:00:00:0c 7    585  [8,5,7,2,15,12]     00:00:00:00:00:08    00:00:00:00:00:0c 8    585  [8,5,7,22,15,12]     00:00:00:00:00:08    00:00:00:00:00:0c 9    585  [8,5,11,22,15,12]     00:00:00:00:00:08    00:00:00:00:00:0c 10    585  [8,5,19,22,15,12]     00:00:00:00:00:08    00:00:00:00:00:0c 11    731  [8,5,1,16,22,15,12]     00:00:00:00:00:08    00:00:00:00:00:0c 12    731  [8,5,7,14,2,15,12]     00:00:00:00:00:08    00:00:00:00:00:0c 13    731  [8,13,3,7,2,15,12]     00:00:00:00:00:08    00:00:00:00:00:0c 14    731  [8,13,3,1,5,15,12]     00:00:00:00:00:08    00:00:00:00:00:0c 15    731  [8,13,3,7,5,15,12]  
# h00:00:00:00:00:0b -> h00:00:00:00:00:01
   00:00:00:00:00:0b    00:00:00:00:00:01 0    146  [11,5,1]     00:00:00:00:00:0b    00:00:00:00:00:01 1    293  [11,22,16,1]     00:00:00:00:00:0b    00:00:00:00:00:01 2    439  [11,5,7,3,1]     00:00:00:00:00:0b    00:00:00:00:00:01 3    439  [11,5,13,3,1]     00:00:00:00:00:0b    00:00:00:00:00:01 4    439  [11,22,7,3,1]     00:00:00:00:00:0b    00:00:00:00:00:01 5    439  [11,22,7,5,1]     00:00:00:00:00:0b    00:00:00:00:00:01 6    439  [11,22,15,5,1]     00:00:00:00:00:0b    00:00:00:00:00:01 7    439  [11,22,19,5,1]     00:00:00:00:00:0b    00:00:00:00:00:01 8    585  [11,5,7,22,16,1]     00:00:00:00:00:0b    00:00:00:00:00:01 9    585  [11,5,8,13,3,1]     00:00:00:00:00:0b    00:00:00:00:00:01 10    585  [11,5,4,21,10,1]     00:00:00:00:00:0b    00:00:00:00:00:01 11    585  [11,5,15,22,16,1]     00:00:00:00:00:0b    00:00:00:00:00:01 12    585  [11,5,19,22,16,1]     00:00:00:00:00:0b    00:00:00:00:00:01 13    731  [11,5,7,6,13,3,1]     00:00:00:00:00:0b    00:00:00:00:00:01 14    731  [11,5,13,6,7,3,1]     00:00:00:00:00:0b    00:00:00:00:00:01 15    731  [11,5,15,2,7,3,1]  
# h00:00:00:00:00:0b -> h00:00:00:00:00:03
   00:00:00:00:00:0b    00:00:00:00:00:03 0    293  [11,5,1,3]     00:00:00:00:00:0b    00:00:00:00:00:03 1    293  [11,5,7,3]     00:00:00:00:00:0b    00:00:00:00:00:03 2    293  [11,5,13,3]     00:00:00:00:00:0b    00:00:00:00:00:03 3    293  [11,22,7,3]     00:00:00:00:00:0b    00:00:00:00:00:03 4    439  [11,5,8,13,3]     00:00:00:00:00:0b    00:00:00:00:00:03 5    439  [11,22,16,1,3]     00:00:00:00:00:0b    00:00:00:00:00:03 6    585  [11,5,7,6,13,3]     00:00:00:00:00:0b    00:00:00:00:00:03 7    585  [11,5,13,6,7,3]     00:00:00:00:00:0b    00:00:00:00:00:03 8    585  [11,5,15,2,7,3]     00:00:00:00:00:0b    00:00:00:00:00:03 9    585  [11,5,15,22,7,3]     00:00:00:00:00:0b    00:00:00:00:00:03 10    585  [11,5,15,12,13,3]     00:00:00:00:00:0b    00:00:00:00:00:03 11    585  [11,5,19,22,7,3]     00:00:00:00:00:0b    00:00:00:00:00:03 12    585  [11,22,7,5,1,3]     00:00:00:00:00:0b    00:00:00:00:00:03 13    585  [11,22,7,5,13,3]     00:00:00:00:00:0b    00:00:00:00:00:03 14    585  [11,22,7,6,13,3]     00:00:00:00:00:0b    00:00:00:00:00:03 15    585  [11,22,15,5,1,3]  
# h00:00:00:00:00:0b -> h00:00:00:00:00:05
   00:00:00:00:00:0b    00:00:00:00:00:05 0      0  [11,5]     00:00:00:00:00:0b    00:00:00:00:00:05 1    293  [11,22,7,5]     00:00:00:00:00:0b    00:00:00:00:00:05 2    293  [11,22,15,5]     00:00:00:00:00:0b    00:00:00:00:00:05 3    293  [11,22,19,5]     00:00:00:00:00:0b    00:00:00:00:00:05 4    439  [11,22,16,1,5]     00:00:00:00:00:0b    00:00:00:00:00:05 5    585  [11,22,7,3,1,5]     00:00:00:00:00:0b    00:00:00:00:00:05 6    585  [11,22,7,3,13,5]     00:00:00:00:00:0b    00:00:00:00:00:05 7    585  [11,22,7,6,13,5]     00:00:00:00:00:0b    00:00:00:00:00:05 8    585  [11,22,7,2,15,5]     00:00:00:00:00:0b    00:00:00:00:00:05 9    585  [11,22,15,2,7,5]     00:00:00:00:00:0b    00:00:00:00:00:05 10    585  [11,22,15,12,13,5]     00:00:00:00:00:0b    00:00:00:00:00:05 11    585  [11,22,18,6,7,5]     00:00:00:00:00:0b    00:00:00:00:00:05 12    585  [11,22,18,6,13,5]     00:00:00:00:00:0b    00:00:00:00:00:05 13    585  [11,22,19,17,4,5]     00:00:00:00:00:0b    00:00:00:00:00:05 14    731  [11,22,7,3,13,8,5]     00:00:00:00:00:0b    00:00:00:00:00:05 15    731  [11,22,7,6,13,8,5]  
# h00:00:00:00:00:0b -> h00:00:00:00:00:0a
   00:00:00:00:00:0b    00:00:00:00:00:0a 0    293  [11,5,1,10]     00:00:00:00:00:0b    00:00:00:00:00:0a 1    439  [11,5,4,21,10]     00:00:00:00:00:0b    00:00:00:00:00:0a 2    439  [11,22,16,1,10]     00:00:00:00:00:0b    00:00:00:00:00:0a 3    585  [11,5,1,20,9,10]     00:00:00:00:00:0b    00:00:00:00:00:0a 4    585  [11,5,7,3,1,10]     00:00:00:00:00:0b    00:00:00:00:00:0a 5    585  [11,5,13,3,1,10]     00:00:00:00:00:0b    00:00:00:00:00:0a 6    585  [11,22,7,3,1,10]     00:00:00:00:00:0b    00:00:00:00:00:0a 7    585  [11,22,7,5,1,10]     00:00:00:00:00:0b    00:00:00:00:00:0a 8    585  [11,22,15,5,1,10]     00:00:00:00:00:0b    00:00:00:00:00:0a 9    585  [11,22,19,5,1,10]     00:00:00:00:00:0b    00:00:00:00:00:0a 10    731  [11,5,7,22,16,1,10]     00:00:00:00:00:0b    00:00:00:00:00:0a 11    731  [11,5,8,13,3,1,10]     00:00:00:00:00:0b    00:00:00:00:00:0a 12    731  [11,5,15,22,16,1,10]     00:00:00:00:00:0b    00:00:00:00:00:0a 13    731  [11,5,19,22,16,1,10]     00:00:00:00:00:0b    00:00:00:00:00:0a 14    731  [11,5,19,17,4,21,10]     00:00:00:00:00:0b    00:00:00:00:00:0a 15    731  [11,22,7,5,4,21,10]  
# h00:00:00:00:00:0b -> h00:00:00:00:00:10
   00:00:00:00:00:0b    00:00:00:00:00:10 0    146  [11,22,16]     00:00:00:00:00:0b    00:00:00:00:00:10 1    293  [11,5,1,16]     00:00:00:00:00:0b    00:00:00:00:00:10 2    439  [11,5,7,22,16]     00:00:00:00:00:0b    00:00:00:00:00:10 3    439  [11,5,15,22,16]     00:00:00:00:00:0b    00:00:00:00:00:10 4    439  [11,5,19,22,16]     00:00:00:00:00:0b    00:00:00:00:00:10 5    585  [11,5,7,3,1,16]     00:00:00:00:00:0b    00:00:00:00:00:10 6    585  [11,5,13,3,1,16]     00:00:00:00:00:0b    00:00:00:00:00:10 7    585  [11,22,7,3,1,16]     00:00:00:00:00:0b    00:00:00:00:00:10 8    585  [11,22,7,5,1,16]     00:00:00:00:00:0b    00:00:00:00:00:10 9    585  [11,22,15,5,1,16]     00:00:00:00:00:0b    00:00:00:00:00:10 10    585  [11,22,19,5,1,16]     00:00:00:00:00:0b    00:00:00:00:00:10 11    731  [11,5,1,3,7,22,16]     00:00:00:00:00:0b    00:00:00:00:00:10 12    731  [11,5,7,2,15,22,16]     00:00:00:00:00:0b    00:00:00:00:00:10 13    731  [11,5,7,6,18,22,16]     00:00:00:00:00:0b    00:00:00:00:00:10 14    731  [11,5,8,13,3,1,16]     00:00:00:00:00:0b    00:00:00:00:00:10 15    731  [11,5,4,21,10,1,16]  
# h00:00:00:00:00:0b -> h00:00:00:00:00:14
   00:00:00:00:00:0b    00:00:00:00:00:14 0    293  [11,5,1,20]     00:00:00:00:00:0b    00:00:00:00:00:14 1    439  [11,22,16,1,20]     00:00:00:00:00:0b    00:00:00:00:00:14 2    585  [11,5,1,10,9,20]     00:00:00:00:00:0b    00:00:00:00:00:14 3    585  [11,5,7,3,1,20]     00:00:00:00:00:0b    00:00:00:00:00:14 4    585  [11,5,13,3,1,20]     00:00:00:00:00:0b    00:00:00:00:00:14 5    585  [11,22,7,3,1,20]     00:00:00:00:00:0b    00:00:00:00:00:14 6    585  [11,22,7,5,1,20]     00:00:00:00:00:0b    00:00:00:00:00:14 7    585  [11,22,15,5,1,20]     00:00:00:00:00:0b    00:00:00:00:00:14 8    585  [11,22,19,5,1,20]     00:00:00:00:00:0b    00:00:00:00:00:14 9    731  [11,5,7,22,16,1,20]     00:00:00:00:00:0b    00:00:00:00:00:14 10    731  [11,5,8,13,3,1,20]     00:00:00:00:00:0b    00:00:00:00:00:14 11    731  [11,5,4,21,10,1,20]     00:00:00:00:00:0b    00:00:00:00:00:14 12    731  [11,5,4,21,10,9,20]     00:00:00:00:00:0b    00:00:00:00:00:14 13    731  [11,5,15,22,16,1,20]     00:00:00:00:00:0b    00:00:00:00:00:14 14    731  [11,5,19,22,16,1,20]     00:00:00:00:00:0b    00:00:00:00:00:14 15    731  [11,22,16,1,10,9,20]  
# h00:00:00:00:00:0b -> h00:00:00:00:00:02
   00:00:00:00:00:0b    00:00:00:00:00:02 0    293  [11,5,7,2]     00:00:00:00:00:0b    00:00:00:00:00:02 1    293  [11,5,15,2]     00:00:00:00:00:0b    00:00:00:00:00:02 2    293  [11,22,7,2]     00:00:00:00:00:0b    00:00:00:00:00:02 3    293  [11,22,15,2]     00:00:00:00:00:0b    00:00:00:00:00:02 4    439  [11,5,7,14,2]     00:00:00:00:00:0b    00:00:00:00:00:02 5    439  [11,22,7,14,2]     00:00:00:00:00:0b    00:00:00:00:00:02 6    585  [11,5,1,3,7,2]     00:00:00:00:00:0b    00:00:00:00:00:02 7    585  [11,5,7,22,15,2]     00:00:00:00:00:0b    00:00:00:00:00:02 8    585  [11,5,13,3,7,2]     00:00:00:00:00:0b    00:00:00:00:00:02 9    585  [11,5,13,6,7,2]     00:00:00:00:00:0b    00:00:00:00:00:02 10    585  [11,5,13,12,15,2]     00:00:00:00:00:0b    00:00:00:00:00:02 11    585  [11,5,15,22,7,2]     00:00:00:00:00:0b    00:00:00:00:00:02 12    585  [11,5,19,22,7,2]     00:00:00:00:00:0b    00:00:00:00:00:02 13    585  [11,5,19,22,15,2]     00:00:00:00:00:0b    00:00:00:00:00:02 14    585  [11,22,7,5,15,2]     00:00:00:00:00:0b    00:00:00:00:00:02 15    585  [11,22,15,5,7,2]  
# h00:00:00:00:00:0b -> h00:00:00:00:00:07
   00:00:00:00:00:0b    00:00:00:00:00:07 0    146  [11,5,7]     00:00:00:00:00:0b    00:00:00:00:00:07 1    146  [11,22,7]     00:00:00:00:00:0b    00:00:00:00:00:07 2    439  [11,5,15,2,7]     00:00:00:00:00:0b    00:00:00:00:00:07 3    439  [11,5,1,3,7]     00:00:00:00:00:0b    00:00:00:00:00:07 4    439  [11,5,13,3,7]     00:00:00:00:00:0b    00:00:00:00:00:07 5    439  [11,5,13,6,7]     00:00:00:00:00:0b    00:00:00:00:00:07 6    439  [11,5,15,22,7]     00:00:00:00:00:0b    00:00:00:00:00:07 7    439  [11,5,19,22,7]     00:00:00:00:00:0b    00:00:00:00:00:07 8    439  [11,22,15,2,7]     00:00:00:00:00:0b    00:00:00:00:00:07 9    439  [11,22,15,5,7]     00:00:00:00:00:0b    00:00:00:00:00:07 10    439  [11,22,19,5,7]     00:00:00:00:00:0b    00:00:00:00:00:07 11    439  [11,22,18,6,7]     00:00:00:00:00:0b    00:00:00:00:00:07 12    585  [11,5,1,16,22,7]     00:00:00:00:00:0b    00:00:00:00:00:07 13    585  [11,5,8,13,3,7]     00:00:00:00:00:0b    00:00:00:00:00:07 14    585  [11,5,8,13,6,7]     00:00:00:00:00:0b    00:00:00:00:00:07 15    585  [11,5,15,2,14,7]  
# h00:00:00:00:00:0b -> h00:00:00:00:00:0e
   00:00:00:00:00:0b    00:00:00:00:00:0e 0    293  [11,5,7,14]     00:00:00:00:00:0b    00:00:00:00:00:0e 1    293  [11,22,7,14]     00:00:00:00:00:0b    00:00:00:00:00:0e 2    439  [11,5,7,2,14]     00:00:00:00:00:0b    00:00:00:00:00:0e 3    439  [11,5,15,2,14]     00:00:00:00:00:0b    00:00:00:00:00:0e 4    439  [11,22,7,2,14]     00:00:00:00:00:0b    00:00:00:00:00:0e 5    439  [11,22,15,2,14]     00:00:00:00:00:0b    00:00:00:00:00:0e 6    585  [11,5,1,3,7,14]     00:00:00:00:00:0b    00:00:00:00:00:0e 7    585  [11,5,13,3,7,14]     00:00:00:00:00:0b    00:00:00:00:00:0e 8    585  [11,5,13,6,7,14]     00:00:00:00:00:0b    00:00:00:00:00:0e 9    585  [11,5,15,2,7,14]     00:00:00:00:00:0b    00:00:00:00:00:0e 10    585  [11,5,15,22,7,14]     00:00:00:00:00:0b    00:00:00:00:00:0e 11    585  [11,5,19,22,7,14]     00:00:00:00:00:0b    00:00:00:00:00:0e 12    585  [11,22,15,2,7,14]     00:00:00:00:00:0b    00:00:00:00:00:0e 13    585  [11,22,15,5,7,14]     00:00:00:00:00:0b    00:00:00:00:00:0e 14    585  [11,22,19,5,7,14]     00:00:00:00:00:0b    00:00:00:00:00:0e 15    585  [11,22,18,6,7,14]  
# h00:00:00:00:00:0b -> h00:00:00:00:00:0f
   00:00:00:00:00:0b    00:00:00:00:00:0f 0    146  [11,5,15]     00:00:00:00:00:0b    00:00:00:00:00:0f 1    146  [11,22,15]     00:00:00:00:00:0b    00:00:00:00:00:0f 2    439  [11,5,7,2,15]     00:00:00:00:00:0b    00:00:00:00:00:0f 3    439  [11,5,7,22,15]     00:00:00:00:00:0b    00:00:00:00:00:0f 4    439  [11,5,13,12,15]     00:00:00:00:00:0b    00:00:00:00:00:0f 5    439  [11,5,19,22,15]     00:00:00:00:00:0b    00:00:00:00:00:0f 6    439  [11,22,7,2,15]     00:00:00:00:00:0b    00:00:00:00:00:0f 7    439  [11,22,7,5,15]     00:00:00:00:00:0b    00:00:00:00:00:0f 8    439  [11,22,19,5,15]     00:00:00:00:00:0b    00:00:00:00:00:0f 9    585  [11,5,7,14,2,15]     00:00:00:00:00:0b    00:00:00:00:00:0f 10    585  [11,5,8,13,12,15]     00:00:00:00:00:0b    00:00:00:00:00:0f 11    585  [11,5,1,16,22,15]     00:00:00:00:00:0b    00:00:00:00:00:0f 12    585  [11,22,7,14,2,15]     00:00:00:00:00:0b    00:00:00:00:00:0f 13    585  [11,22,16,1,5,15]     00:00:00:00:00:0b    00:00:00:00:00:0f 14    731  [11,5,1,3,7,2,15]     00:00:00:00:00:0b    00:00:00:00:00:0f 15    731  [11,5,1,3,7,22,15]  
# h00:00:00:00:00:0b -> h00:00:00:00:00:0d
   00:00:00:00:00:0b    00:00:00:00:00:0d 0    146  [11,5,13]     00:00:00:00:00:0b    00:00:00:00:00:0d 1    293  [11,5,8,13]     00:00:00:00:00:0b    00:00:00:00:00:0d 2    439  [11,5,1,3,13]     00:00:00:00:00:0b    00:00:00:00:00:0d 3    439  [11,5,7,3,13]     00:00:00:00:00:0b    00:00:00:00:00:0d 4    439  [11,5,7,6,13]     00:00:00:00:00:0b    00:00:00:00:00:0d 5    439  [11,5,15,12,13]     00:00:00:00:00:0b    00:00:00:00:00:0d 6    439  [11,22,7,3,13]     00:00:00:00:00:0b    00:00:00:00:00:0d 7    439  [11,22,7,5,13]     00:00:00:00:00:0b    00:00:00:00:00:0d 8    439  [11,22,7,6,13]     00:00:00:00:00:0b    00:00:00:00:00:0d 9    439  [11,22,15,5,13]     00:00:00:00:00:0b    00:00:00:00:00:0d 10    439  [11,22,15,12,13]     00:00:00:00:00:0b    00:00:00:00:00:0d 11    439  [11,22,19,5,13]     00:00:00:00:00:0b    00:00:00:00:00:0d 12    439  [11,22,18,6,13]     00:00:00:00:00:0b    00:00:00:00:00:0d 13    585  [11,22,7,5,8,13]     00:00:00:00:00:0b    00:00:00:00:00:0d 14    585  [11,22,15,5,8,13]     00:00:00:00:00:0b    00:00:00:00:00:0d 15    585  [11,22,16,1,3,13]  
# h00:00:00:00:00:0b -> h00:00:00:00:00:04
   00:00:00:00:00:0b    00:00:00:00:00:04 0    146  [11,5,4]     00:00:00:00:00:0b    00:00:00:00:00:04 1    439  [11,5,19,17,4]     00:00:00:00:00:0b    00:00:00:00:00:04 2    439  [11,22,7,5,4]     00:00:00:00:00:0b    00:00:00:00:00:04 3    439  [11,22,15,5,4]     00:00:00:00:00:0b    00:00:00:00:00:04 4    439  [11,22,19,5,4]     00:00:00:00:00:0b    00:00:00:00:00:04 5    439  [11,22,19,17,4]     00:00:00:00:00:0b    00:00:00:00:00:04 6    585  [11,5,1,10,21,4]     00:00:00:00:00:0b    00:00:00:00:00:04 7    585  [11,22,16,1,5,4]     00:00:00:00:00:0b    00:00:00:00:00:04 8    731  [11,5,7,22,19,17,4]     00:00:00:00:00:0b    00:00:00:00:00:04 9    731  [11,5,15,22,19,17,4]     00:00:00:00:00:0b    00:00:00:00:00:04 10    731  [11,22,7,3,1,5,4]     00:00:00:00:00:0b    00:00:00:00:00:04 11    731  [11,22,7,3,13,5,4]     00:00:00:00:00:0b    00:00:00:00:00:04 12    731  [11,22,7,5,19,17,4]     00:00:00:00:00:0b    00:00:00:00:00:04 13    731  [11,22,7,6,13,5,4]     00:00:00:00:00:0b    00:00:00:00:00:04 14    731  [11,22,7,2,15,5,4]     00:00:00:00:00:0b    00:00:00:00:00:04 15    731  [11,22,15,2,7,5,4]  
# h00:00:00:00:00:0b -> h00:00:00:00:00:11
   00:00:00:00:00:0b    00:00:00:00:00:11 0    293  [11,5,4,17]     00:00:00:00:00:0b    00:00:00:00:00:11 1    293  [11,5,19,17]     00:00:00:00:00:0b    00:00:00:00:00:11 2    293  [11,22,19,17]     00:00:00:00:00:0b    00:00:00:00:00:11 3    585  [11,5,7,22,19,17]     00:00:00:00:00:0b    00:00:00:00:00:11 4    585  [11,5,15,22,19,17]     00:00:00:00:00:0b    00:00:00:00:00:11 5    585  [11,22,7,5,4,17]     00:00:00:00:00:0b    00:00:00:00:00:11 6    585  [11,22,7,5,19,17]     00:00:00:00:00:0b    00:00:00:00:00:11 7    585  [11,22,15,5,4,17]     00:00:00:00:00:0b    00:00:00:00:00:11 8    585  [11,22,15,5,19,17]     00:00:00:00:00:0b    00:00:00:00:00:11 9    585  [11,22,19,5,4,17]     00:00:00:00:00:0b    00:00:00:00:00:11 10    731  [11,5,1,10,21,4,17]     00:00:00:00:00:0b    00:00:00:00:00:11 11    731  [11,5,1,16,22,19,17]     00:00:00:00:00:0b    00:00:00:00:00:11 12    731  [11,22,16,1,5,4,17]     00:00:00:00:00:0b    00:00:00:00:00:11 13    731  [11,22,16,1,5,19,17]     00:00:00:00:00:0b    00:00:00:00:00:11 14    877  [11,5,1,3,7,22,19,17]     00:00:00:00:00:0b    00:00:00:00:00:11 15    877  [11,5,7,2,15,22,19,17]  
# h00:00:00:00:00:0b -> h00:00:00:00:00:15
   00:00:00:00:00:0b    00:00:00:00:00:15 0    293  [11,5,4,21]     00:00:00:00:00:0b    00:00:00:00:00:15 1    439  [11,5,1,10,21]     00:00:00:00:00:0b    00:00:00:00:00:15 2    585  [11,5,19,17,4,21]     00:00:00:00:00:0b    00:00:00:00:00:15 3    585  [11,22,7,5,4,21]     00:00:00:00:00:0b    00:00:00:00:00:15 4    585  [11,22,15,5,4,21]     00:00:00:00:00:0b    00:00:00:00:00:15 5    585  [11,22,19,5,4,21]     00:00:00:00:00:0b    00:00:00:00:00:15 6    585  [11,22,16,1,10,21]     00:00:00:00:00:0b    00:00:00:00:00:15 7    585  [11,22,19,17,4,21]     00:00:00:00:00:0b    00:00:00:00:00:15 8    731  [11,5,1,20,9,10,21]     00:00:00:00:00:0b    00:00:00:00:00:15 9    731  [11,5,7,3,1,10,21]     00:00:00:00:00:0b    00:00:00:00:00:15 10    731  [11,5,13,3,1,10,21]     00:00:00:00:00:0b    00:00:00:00:00:15 11    731  [11,22,7,3,1,10,21]     00:00:00:00:00:0b    00:00:00:00:00:15 12    731  [11,22,7,5,1,10,21]     00:00:00:00:00:0b    00:00:00:00:00:15 13    731  [11,22,15,5,1,10,21]     00:00:00:00:00:0b    00:00:00:00:00:15 14    731  [11,22,16,1,5,4,21]     00:00:00:00:00:0b    00:00:00:00:00:15 15    731  [11,22,19,5,1,10,21]  
# h00:00:00:00:00:0b -> h00:00:00:00:00:08
   00:00:00:00:00:0b    00:00:00:00:00:08 0    146  [11,5,8]     00:00:00:00:00:0b    00:00:00:00:00:08 1    293  [11,5,13,8]     00:00:00:00:00:0b    00:00:00:00:00:08 2    439  [11,22,7,5,8]     00:00:00:00:00:0b    00:00:00:00:00:08 3    439  [11,22,15,5,8]     00:00:00:00:00:0b    00:00:00:00:00:08 4    439  [11,22,19,5,8]     00:00:00:00:00:0b    00:00:00:00:00:08 5    585  [11,5,1,3,13,8]     00:00:00:00:00:0b    00:00:00:00:00:08 6    585  [11,5,7,3,13,8]     00:00:00:00:00:0b    00:00:00:00:00:08 7    585  [11,5,7,6,13,8]     00:00:00:00:00:0b    00:00:00:00:00:08 8    585  [11,5,15,12,13,8]     00:00:00:00:00:0b    00:00:00:00:00:08 9    585  [11,22,7,3,13,8]     00:00:00:00:00:0b    00:00:00:00:00:08 10    585  [11,22,7,5,13,8]     00:00:00:00:00:0b    00:00:00:00:00:08 11    585  [11,22,7,6,13,8]     00:00:00:00:00:0b    00:00:00:00:00:08 12    585  [11,22,15,5,13,8]     00:00:00:00:00:0b    00:00:00:00:00:08 13    585  [11,22,15,12,13,8]     00:00:00:00:00:0b    00:00:00:00:00:08 14    585  [11,22,16,1,5,8]     00:00:00:00:00:0b    00:00:00:00:00:08 15    585  [11,22,18,6,13,8]  
# h00:00:00:00:00:0b -> h00:00:00:00:00:13
   00:00:00:00:00:0b    00:00:00:00:00:13 0    146  [11,5,19]     00:00:00:00:00:0b    00:00:00:00:00:13 1    146  [11,22,19]     00:00:00:00:00:0b    00:00:00:00:00:13 2    439  [11,5,4,17,19]     00:00:00:00:00:0b    00:00:00:00:00:13 3    439  [11,5,7,22,19]     00:00:00:00:00:0b    00:00:00:00:00:13 4    439  [11,5,15,22,19]     00:00:00:00:00:0b    00:00:00:00:00:13 5    439  [11,22,7,5,19]     00:00:00:00:00:0b    00:00:00:00:00:13 6    439  [11,22,15,5,19]     00:00:00:00:00:0b    00:00:00:00:00:13 7    585  [11,5,1,16,22,19]     00:00:00:00:00:0b    00:00:00:00:00:13 8    585  [11,22,16,1,5,19]     00:00:00:00:00:0b    00:00:00:00:00:13 9    731  [11,5,1,3,7,22,19]     00:00:00:00:00:0b    00:00:00:00:00:13 10    731  [11,5,7,2,15,22,19]     00:00:00:00:00:0b    00:00:00:00:00:13 11    731  [11,5,7,6,18,22,19]     00:00:00:00:00:0b    00:00:00:00:00:13 12    731  [11,5,13,3,7,22,19]     00:00:00:00:00:0b    00:00:00:00:00:13 13    731  [11,5,13,6,7,22,19]     00:00:00:00:00:0b    00:00:00:00:00:13 14    731  [11,5,13,6,18,22,19]     00:00:00:00:00:0b    00:00:00:00:00:13 15    731  [11,5,13,12,15,22,19]  
# h00:00:00:00:00:0b -> h00:00:00:00:00:06
   00:00:00:00:00:0b    00:00:00:00:00:06 0    293  [11,5,7,6]     00:00:00:00:00:0b    00:00:00:00:00:06 1    293  [11,5,13,6]     00:00:00:00:00:0b    00:00:00:00:00:06 2    293  [11,22,7,6]     00:00:00:00:00:0b    00:00:00:00:00:06 3    293  [11,22,18,6]     00:00:00:00:00:0b    00:00:00:00:00:06 4    439  [11,5,8,13,6]     00:00:00:00:00:0b    00:00:00:00:00:06 5    585  [11,5,7,3,13,6]     00:00:00:00:00:0b    00:00:00:00:00:06 6    585  [11,5,7,22,18,6]     00:00:00:00:00:0b    00:00:00:00:00:06 7    585  [11,5,13,3,7,6]     00:00:00:00:00:0b    00:00:00:00:00:06 8    585  [11,5,15,2,7,6]     00:00:00:00:00:0b    00:00:00:00:00:06 9    585  [11,5,1,3,7,6]     00:00:00:00:00:0b    00:00:00:00:00:06 10    585  [11,5,1,3,13,6]     00:00:00:00:00:0b    00:00:00:00:00:06 11    585  [11,5,15,22,7,6]     00:00:00:00:00:0b    00:00:00:00:00:06 12    585  [11,5,15,12,13,6]     00:00:00:00:00:0b    00:00:00:00:00:06 13    585  [11,5,15,22,18,6]     00:00:00:00:00:0b    00:00:00:00:00:06 14    585  [11,5,19,22,7,6]     00:00:00:00:00:0b    00:00:00:00:00:06 15    585  [11,5,19,22,18,6]  
# h00:00:00:00:00:0b -> h00:00:00:00:00:12
   00:00:00:00:00:0b    00:00:00:00:00:12 0    146  [11,22,18]     00:00:00:00:00:0b    00:00:00:00:00:12 1    439  [11,5,7,6,18]     00:00:00:00:00:0b    00:00:00:00:00:12 2    439  [11,5,7,22,18]     00:00:00:00:00:0b    00:00:00:00:00:12 3    439  [11,5,13,6,18]     00:00:00:00:00:0b    00:00:00:00:00:12 4    439  [11,5,15,22,18]     00:00:00:00:00:0b    00:00:00:00:00:12 5    439  [11,5,19,22,18]     00:00:00:00:00:0b    00:00:00:00:00:12 6    439  [11,22,7,6,18]     00:00:00:00:00:0b    00:00:00:00:00:12 7    585  [11,5,8,13,6,18]     00:00:00:00:00:0b    00:00:00:00:00:12 8    585  [11,5,1,16,22,18]     00:00:00:00:00:0b    00:00:00:00:00:12 9    731  [11,5,1,3,7,6,18]     00:00:00:00:00:0b    00:00:00:00:00:12 10    731  [11,5,1,3,7,22,18]     00:00:00:00:00:0b    00:00:00:00:00:12 11    731  [11,5,1,3,13,6,18]     00:00:00:00:00:0b    00:00:00:00:00:12 12    731  [11,5,4,17,19,22,18]     00:00:00:00:00:0b    00:00:00:00:00:12 13    731  [11,5,7,3,13,6,18]     00:00:00:00:00:0b    00:00:00:00:00:12 14    731  [11,5,7,2,15,22,18]     00:00:00:00:00:0b    00:00:00:00:00:12 15    731  [11,5,13,3,7,6,18]  
# h00:00:00:00:00:0b -> h00:00:00:00:00:16
   00:00:00:00:00:0b    00:00:00:00:00:16 0      0  [11,22]     00:00:00:00:00:0b    00:00:00:00:00:16 1    293  [11,5,7,22]     00:00:00:00:00:0b    00:00:00:00:00:16 2    293  [11,5,15,22]     00:00:00:00:00:0b    00:00:00:00:00:16 3    293  [11,5,19,22]     00:00:00:00:00:0b    00:00:00:00:00:16 4    439  [11,5,1,16,22]     00:00:00:00:00:0b    00:00:00:00:00:16 5    585  [11,5,1,3,7,22]     00:00:00:00:00:0b    00:00:00:00:00:16 6    585  [11,5,7,2,15,22]     00:00:00:00:00:0b    00:00:00:00:00:16 7    585  [11,5,7,6,18,22]     00:00:00:00:00:0b    00:00:00:00:00:16 8    585  [11,5,13,3,7,22]     00:00:00:00:00:0b    00:00:00:00:00:16 9    585  [11,5,4,17,19,22]     00:00:00:00:00:0b    00:00:00:00:00:16 10    585  [11,5,13,6,7,22]     00:00:00:00:00:0b    00:00:00:00:00:16 11    585  [11,5,13,6,18,22]     00:00:00:00:00:0b    00:00:00:00:00:16 12    585  [11,5,13,12,15,22]     00:00:00:00:00:0b    00:00:00:00:00:16 13    585  [11,5,15,2,7,22]     00:00:00:00:00:0b    00:00:00:00:00:16 14    731  [11,5,7,14,2,15,22]     00:00:00:00:00:0b    00:00:00:00:00:16 15    731  [11,5,7,3,1,16,22]  
# h00:00:00:00:00:0b -> h00:00:00:00:00:09
   00:00:00:00:00:0b    00:00:00:00:00:09 0    439  [11,5,1,10,9]     00:00:00:00:00:0b    00:00:00:00:00:09 1    439  [11,5,1,20,9]     00:00:00:00:00:0b    00:00:00:00:00:09 2    585  [11,5,4,21,10,9]     00:00:00:00:00:0b    00:00:00:00:00:09 3    585  [11,22,16,1,10,9]     00:00:00:00:00:0b    00:00:00:00:00:09 4    585  [11,22,16,1,20,9]     00:00:00:00:00:0b    00:00:00:00:00:09 5    731  [11,5,7,3,1,10,9]     00:00:00:00:00:0b    00:00:00:00:00:09 6    731  [11,5,7,3,1,20,9]     00:00:00:00:00:0b    00:00:00:00:00:09 7    731  [11,5,13,3,1,10,9]     00:00:00:00:00:0b    00:00:00:00:00:09 8    731  [11,5,13,3,1,20,9]     00:00:00:00:00:0b    00:00:00:00:00:09 9    731  [11,22,7,3,1,10,9]     00:00:00:00:00:0b    00:00:00:00:00:09 10    731  [11,22,7,3,1,20,9]     00:00:00:00:00:0b    00:00:00:00:00:09 11    731  [11,22,7,5,1,10,9]     00:00:00:00:00:0b    00:00:00:00:00:09 12    731  [11,22,7,5,1,20,9]     00:00:00:00:00:0b    00:00:00:00:00:09 13    731  [11,22,15,5,1,10,9]     00:00:00:00:00:0b    00:00:00:00:00:09 14    731  [11,22,15,5,1,20,9]     00:00:00:00:00:0b    00:00:00:00:00:09 15    731  [11,22,19,5,1,10,9]  
# h00:00:00:00:00:0b -> h00:00:00:00:00:0c
   00:00:00:00:00:0b    00:00:00:00:00:0c 0    293  [11,5,13,12]     00:00:00:00:00:0b    00:00:00:00:00:0c 1    293  [11,5,15,12]     00:00:00:00:00:0b    00:00:00:00:00:0c 2    293  [11,22,15,12]     00:00:00:00:00:0b    00:00:00:00:00:0c 3    439  [11,5,8,13,12]     00:00:00:00:00:0b    00:00:00:00:00:0c 4    585  [11,5,1,3,13,12]     00:00:00:00:00:0b    00:00:00:00:00:0c 5    585  [11,5,7,3,13,12]     00:00:00:00:00:0b    00:00:00:00:00:0c 6    585  [11,5,7,6,13,12]     00:00:00:00:00:0b    00:00:00:00:00:0c 7    585  [11,5,7,2,15,12]     00:00:00:00:00:0b    00:00:00:00:00:0c 8    585  [11,5,7,22,15,12]     00:00:00:00:00:0b    00:00:00:00:00:0c 9    585  [11,5,19,22,15,12]     00:00:00:00:00:0b    00:00:00:00:00:0c 10    585  [11,22,7,3,13,12]     00:00:00:00:00:0b    00:00:00:00:00:0c 11    585  [11,22,7,5,13,12]     00:00:00:00:00:0b    00:00:00:00:00:0c 12    585  [11,22,7,5,15,12]     00:00:00:00:00:0b    00:00:00:00:00:0c 13    585  [11,22,7,6,13,12]     00:00:00:00:00:0b    00:00:00:00:00:0c 14    585  [11,22,7,2,15,12]     00:00:00:00:00:0b    00:00:00:00:00:0c 15    585  [11,22,15,5,13,12]  
# h00:00:00:00:00:13 -> h00:00:00:00:00:01
   00:00:00:00:00:13    00:00:00:00:00:01 0    146  [19,5,1]     00:00:00:00:00:13    00:00:00:00:00:01 1    293  [19,22,16,1]     00:00:00:00:00:13    00:00:00:00:00:01 2    439  [19,5,7,3,1]     00:00:00:00:00:13    00:00:00:00:00:01 3    439  [19,5,13,3,1]     00:00:00:00:00:13    00:00:00:00:00:01 4    439  [19,17,4,5,1]     00:00:00:00:00:13    00:00:00:00:00:01 5    439  [19,22,7,3,1]     00:00:00:00:00:13    00:00:00:00:00:01 6    439  [19,22,7,5,1]     00:00:00:00:00:13    00:00:00:00:00:01 7    439  [19,22,11,5,1]     00:00:00:00:00:13    00:00:00:00:00:01 8    439  [19,22,15,5,1]     00:00:00:00:00:13    00:00:00:00:00:01 9    585  [19,5,7,22,16,1]     00:00:00:00:00:13    00:00:00:00:00:01 10    585  [19,5,8,13,3,1]     00:00:00:00:00:13    00:00:00:00:00:01 11    585  [19,5,4,21,10,1]     00:00:00:00:00:13    00:00:00:00:00:01 12    585  [19,5,11,22,16,1]     00:00:00:00:00:13    00:00:00:00:00:01 13    585  [19,5,15,22,16,1]     00:00:00:00:00:13    00:00:00:00:00:01 14    585  [19,17,4,21,10,1]     00:00:00:00:00:13    00:00:00:00:00:01 15    731  [19,5,7,6,13,3,1]  
# h00:00:00:00:00:13 -> h00:00:00:00:00:03
   00:00:00:00:00:13    00:00:00:00:00:03 0    293  [19,5,1,3]     00:00:00:00:00:13    00:00:00:00:00:03 1    293  [19,5,7,3]     00:00:00:00:00:13    00:00:00:00:00:03 2    293  [19,5,13,3]     00:00:00:00:00:13    00:00:00:00:00:03 3    293  [19,22,7,3]     00:00:00:00:00:13    00:00:00:00:00:03 4    439  [19,5,8,13,3]     00:00:00:00:00:13    00:00:00:00:00:03 5    439  [19,22,16,1,3]     00:00:00:00:00:13    00:00:00:00:00:03 6    585  [19,5,7,6,13,3]     00:00:00:00:00:13    00:00:00:00:00:03 7    585  [19,5,13,6,7,3]     00:00:00:00:00:13    00:00:00:00:00:03 8    585  [19,5,15,2,7,3]     00:00:00:00:00:13    00:00:00:00:00:03 9    585  [19,5,11,22,7,3]     00:00:00:00:00:13    00:00:00:00:00:03 10    585  [19,5,15,22,7,3]     00:00:00:00:00:13    00:00:00:00:00:03 11    585  [19,5,15,12,13,3]     00:00:00:00:00:13    00:00:00:00:00:03 12    585  [19,17,4,5,1,3]     00:00:00:00:00:13    00:00:00:00:00:03 13    585  [19,17,4,5,7,3]     00:00:00:00:00:13    00:00:00:00:00:03 14    585  [19,17,4,5,13,3]     00:00:00:00:00:13    00:00:00:00:00:03 15    585  [19,22,7,5,1,3]  
# h00:00:00:00:00:13 -> h00:00:00:00:00:05
   00:00:00:00:00:13    00:00:00:00:00:05 0      0  [19,5]     00:00:00:00:00:13    00:00:00:00:00:05 1    293  [19,17,4,5]     00:00:00:00:00:13    00:00:00:00:00:05 2    293  [19,22,7,5]     00:00:00:00:00:13    00:00:00:00:00:05 3    293  [19,22,11,5]     00:00:00:00:00:13    00:00:00:00:00:05 4    293  [19,22,15,5]     00:00:00:00:00:13    00:00:00:00:00:05 5    439  [19,22,16,1,5]     00:00:00:00:00:13    00:00:00:00:00:05 6    585  [19,22,7,3,1,5]     00:00:00:00:00:13    00:00:00:00:00:05 7    585  [19,22,7,3,13,5]     00:00:00:00:00:13    00:00:00:00:00:05 8    585  [19,22,7,6,13,5]     00:00:00:00:00:13    00:00:00:00:00:05 9    585  [19,22,7,2,15,5]     00:00:00:00:00:13    00:00:00:00:00:05 10    585  [19,22,15,2,7,5]     00:00:00:00:00:13    00:00:00:00:00:05 11    585  [19,22,15,12,13,5]     00:00:00:00:00:13    00:00:00:00:00:05 12    585  [19,22,18,6,7,5]     00:00:00:00:00:13    00:00:00:00:00:05 13    585  [19,22,18,6,13,5]     00:00:00:00:00:13    00:00:00:00:00:05 14    731  [19,17,4,21,10,1,5]     00:00:00:00:00:13    00:00:00:00:00:05 15    731  [19,22,7,3,13,8,5]  
# h00:00:00:00:00:13 -> h00:00:00:00:00:0a
   00:00:00:00:00:13    00:00:00:00:00:0a 0    293  [19,5,1,10]     00:00:00:00:00:13    00:00:00:00:00:0a 1    439  [19,5,4,21,10]     00:00:00:00:00:13    00:00:00:00:00:0a 2    439  [19,22,16,1,10]     00:00:00:00:00:13    00:00:00:00:00:0a 3    439  [19,17,4,21,10]     00:00:00:00:00:13    00:00:00:00:00:0a 4    585  [19,5,1,20,9,10]     00:00:00:00:00:13    00:00:00:00:00:0a 5    585  [19,5,7,3,1,10]     00:00:00:00:00:13    00:00:00:00:00:0a 6    585  [19,5,13,3,1,10]     00:00:00:00:00:13    00:00:00:00:00:0a 7    585  [19,17,4,5,1,10]     00:00:00:00:00:13    00:00:00:00:00:0a 8    585  [19,22,7,3,1,10]     00:00:00:00:00:13    00:00:00:00:00:0a 9    585  [19,22,7,5,1,10]     00:00:00:00:00:13    00:00:00:00:00:0a 10    585  [19,22,11,5,1,10]     00:00:00:00:00:13    00:00:00:00:00:0a 11    585  [19,22,15,5,1,10]     00:00:00:00:00:13    00:00:00:00:00:0a 12    731  [19,5,7,22,16,1,10]     00:00:00:00:00:13    00:00:00:00:00:0a 13    731  [19,5,8,13,3,1,10]     00:00:00:00:00:13    00:00:00:00:00:0a 14    731  [19,5,11,22,16,1,10]     00:00:00:00:00:13    00:00:00:00:00:0a 15    731  [19,5,15,22,16,1,10]  
# h00:00:00:00:00:13 -> h00:00:00:00:00:10
   00:00:00:00:00:13    00:00:00:00:00:10 0    146  [19,22,16]     00:00:00:00:00:13    00:00:00:00:00:10 1    293  [19,5,1,16]     00:00:00:00:00:13    00:00:00:00:00:10 2    439  [19,5,7,22,16]     00:00:00:00:00:13    00:00:00:00:00:10 3    439  [19,5,11,22,16]     00:00:00:00:00:13    00:00:00:00:00:10 4    439  [19,5,15,22,16]     00:00:00:00:00:13    00:00:00:00:00:10 5    585  [19,5,7,3,1,16]     00:00:00:00:00:13    00:00:00:00:00:10 6    585  [19,5,13,3,1,16]     00:00:00:00:00:13    00:00:00:00:00:10 7    585  [19,17,4,5,1,16]     00:00:00:00:00:13    00:00:00:00:00:10 8    585  [19,22,7,3,1,16]     00:00:00:00:00:13    00:00:00:00:00:10 9    585  [19,22,7,5,1,16]     00:00:00:00:00:13    00:00:00:00:00:10 10    585  [19,22,11,5,1,16]     00:00:00:00:00:13    00:00:00:00:00:10 11    585  [19,22,15,5,1,16]     00:00:00:00:00:13    00:00:00:00:00:10 12    731  [19,5,1,3,7,22,16]     00:00:00:00:00:13    00:00:00:00:00:10 13    731  [19,5,7,2,15,22,16]     00:00:00:00:00:13    00:00:00:00:00:10 14    731  [19,5,7,6,18,22,16]     00:00:00:00:00:13    00:00:00:00:00:10 15    731  [19,5,8,13,3,1,16]  
# h00:00:00:00:00:13 -> h00:00:00:00:00:14
   00:00:00:00:00:13    00:00:00:00:00:14 0    293  [19,5,1,20]     00:00:00:00:00:13    00:00:00:00:00:14 1    439  [19,22,16,1,20]     00:00:00:00:00:13    00:00:00:00:00:14 2    585  [19,5,1,10,9,20]     00:00:00:00:00:13    00:00:00:00:00:14 3    585  [19,5,7,3,1,20]     00:00:00:00:00:13    00:00:00:00:00:14 4    585  [19,5,13,3,1,20]     00:00:00:00:00:13    00:00:00:00:00:14 5    585  [19,17,4,5,1,20]     00:00:00:00:00:13    00:00:00:00:00:14 6    585  [19,22,7,3,1,20]     00:00:00:00:00:13    00:00:00:00:00:14 7    585  [19,22,7,5,1,20]     00:00:00:00:00:13    00:00:00:00:00:14 8    585  [19,22,11,5,1,20]     00:00:00:00:00:13    00:00:00:00:00:14 9    585  [19,22,15,5,1,20]     00:00:00:00:00:13    00:00:00:00:00:14 10    731  [19,5,7,22,16,1,20]     00:00:00:00:00:13    00:00:00:00:00:14 11    731  [19,5,8,13,3,1,20]     00:00:00:00:00:13    00:00:00:00:00:14 12    731  [19,5,4,21,10,1,20]     00:00:00:00:00:13    00:00:00:00:00:14 13    731  [19,5,4,21,10,9,20]     00:00:00:00:00:13    00:00:00:00:00:14 14    731  [19,5,11,22,16,1,20]     00:00:00:00:00:13    00:00:00:00:00:14 15    731  [19,5,15,22,16,1,20]  
# h00:00:00:00:00:13 -> h00:00:00:00:00:02
   00:00:00:00:00:13    00:00:00:00:00:02 0    293  [19,5,7,2]     00:00:00:00:00:13    00:00:00:00:00:02 1    293  [19,5,15,2]     00:00:00:00:00:13    00:00:00:00:00:02 2    293  [19,22,7,2]     00:00:00:00:00:13    00:00:00:00:00:02 3    293  [19,22,15,2]     00:00:00:00:00:13    00:00:00:00:00:02 4    439  [19,5,7,14,2]     00:00:00:00:00:13    00:00:00:00:00:02 5    439  [19,22,7,14,2]     00:00:00:00:00:13    00:00:00:00:00:02 6    585  [19,5,1,3,7,2]     00:00:00:00:00:13    00:00:00:00:00:02 7    585  [19,5,7,22,15,2]     00:00:00:00:00:13    00:00:00:00:00:02 8    585  [19,5,13,3,7,2]     00:00:00:00:00:13    00:00:00:00:00:02 9    585  [19,5,11,22,7,2]     00:00:00:00:00:13    00:00:00:00:00:02 10    585  [19,5,11,22,15,2]     00:00:00:00:00:13    00:00:00:00:00:02 11    585  [19,5,13,6,7,2]     00:00:00:00:00:13    00:00:00:00:00:02 12    585  [19,5,13,12,15,2]     00:00:00:00:00:13    00:00:00:00:00:02 13    585  [19,5,15,22,7,2]     00:00:00:00:00:13    00:00:00:00:00:02 14    585  [19,17,4,5,7,2]     00:00:00:00:00:13    00:00:00:00:00:02 15    585  [19,17,4,5,15,2]  
# h00:00:00:00:00:13 -> h00:00:00:00:00:07
   00:00:00:00:00:13    00:00:00:00:00:07 0    146  [19,5,7]     00:00:00:00:00:13    00:00:00:00:00:07 1    146  [19,22,7]     00:00:00:00:00:13    00:00:00:00:00:07 2    439  [19,5,15,2,7]     00:00:00:00:00:13    00:00:00:00:00:07 3    439  [19,5,1,3,7]     00:00:00:00:00:13    00:00:00:00:00:07 4    439  [19,5,13,3,7]     00:00:00:00:00:13    00:00:00:00:00:07 5    439  [19,5,11,22,7]     00:00:00:00:00:13    00:00:00:00:00:07 6    439  [19,5,13,6,7]     00:00:00:00:00:13    00:00:00:00:00:07 7    439  [19,5,15,22,7]     00:00:00:00:00:13    00:00:00:00:00:07 8    439  [19,17,4,5,7]     00:00:00:00:00:13    00:00:00:00:00:07 9    439  [19,22,15,2,7]     00:00:00:00:00:13    00:00:00:00:00:07 10    439  [19,22,11,5,7]     00:00:00:00:00:13    00:00:00:00:00:07 11    439  [19,22,15,5,7]     00:00:00:00:00:13    00:00:00:00:00:07 12    439  [19,22,18,6,7]     00:00:00:00:00:13    00:00:00:00:00:07 13    585  [19,5,1,16,22,7]     00:00:00:00:00:13    00:00:00:00:00:07 14    585  [19,5,8,13,3,7]     00:00:00:00:00:13    00:00:00:00:00:07 15    585  [19,5,8,13,6,7]  
# h00:00:00:00:00:13 -> h00:00:00:00:00:0e
   00:00:00:00:00:13    00:00:00:00:00:0e 0    293  [19,5,7,14]     00:00:00:00:00:13    00:00:00:00:00:0e 1    293  [19,22,7,14]     00:00:00:00:00:13    00:00:00:00:00:0e 2    439  [19,5,7,2,14]     00:00:00:00:00:13    00:00:00:00:00:0e 3    439  [19,5,15,2,14]     00:00:00:00:00:13    00:00:00:00:00:0e 4    439  [19,22,7,2,14]     00:00:00:00:00:13    00:00:00:00:00:0e 5    439  [19,22,15,2,14]     00:00:00:00:00:13    00:00:00:00:00:0e 6    585  [19,5,1,3,7,14]     00:00:00:00:00:13    00:00:00:00:00:0e 7    585  [19,5,13,3,7,14]     00:00:00:00:00:13    00:00:00:00:00:0e 8    585  [19,5,11,22,7,14]     00:00:00:00:00:13    00:00:00:00:00:0e 9    585  [19,5,13,6,7,14]     00:00:00:00:00:13    00:00:00:00:00:0e 10    585  [19,5,15,2,7,14]     00:00:00:00:00:13    00:00:00:00:00:0e 11    585  [19,5,15,22,7,14]     00:00:00:00:00:13    00:00:00:00:00:0e 12    585  [19,17,4,5,7,14]     00:00:00:00:00:13    00:00:00:00:00:0e 13    585  [19,22,11,5,7,14]     00:00:00:00:00:13    00:00:00:00:00:0e 14    585  [19,22,15,2,7,14]     00:00:00:00:00:13    00:00:00:00:00:0e 15    585  [19,22,15,5,7,14]  
# h00:00:00:00:00:13 -> h00:00:00:00:00:0f
   00:00:00:00:00:13    00:00:00:00:00:0f 0    146  [19,5,15]     00:00:00:00:00:13    00:00:00:00:00:0f 1    146  [19,22,15]     00:00:00:00:00:13    00:00:00:00:00:0f 2    439  [19,5,7,2,15]     00:00:00:00:00:13    00:00:00:00:00:0f 3    439  [19,5,7,22,15]     00:00:00:00:00:13    00:00:00:00:00:0f 4    439  [19,5,13,12,15]     00:00:00:00:00:13    00:00:00:00:00:0f 5    439  [19,5,11,22,15]     00:00:00:00:00:13    00:00:00:00:00:0f 6    439  [19,17,4,5,15]     00:00:00:00:00:13    00:00:00:00:00:0f 7    439  [19,22,7,2,15]     00:00:00:00:00:13    00:00:00:00:00:0f 8    439  [19,22,7,5,15]     00:00:00:00:00:13    00:00:00:00:00:0f 9    439  [19,22,11,5,15]     00:00:00:00:00:13    00:00:00:00:00:0f 10    585  [19,5,7,14,2,15]     00:00:00:00:00:13    00:00:00:00:00:0f 11    585  [19,5,8,13,12,15]     00:00:00:00:00:13    00:00:00:00:00:0f 12    585  [19,5,1,16,22,15]     00:00:00:00:00:13    00:00:00:00:00:0f 13    585  [19,22,7,14,2,15]     00:00:00:00:00:13    00:00:00:00:00:0f 14    585  [19,22,16,1,5,15]     00:00:00:00:00:13    00:00:00:00:00:0f 15    731  [19,5,1,3,7,2,15]  
# h00:00:00:00:00:13 -> h00:00:00:00:00:0d
   00:00:00:00:00:13    00:00:00:00:00:0d 0    146  [19,5,13]     00:00:00:00:00:13    00:00:00:00:00:0d 1    293  [19,5,8,13]     00:00:00:00:00:13    00:00:00:00:00:0d 2    439  [19,5,1,3,13]     00:00:00:00:00:13    00:00:00:00:00:0d 3    439  [19,5,7,3,13]     00:00:00:00:00:13    00:00:00:00:00:0d 4    439  [19,5,7,6,13]     00:00:00:00:00:13    00:00:00:00:00:0d 5    439  [19,5,15,12,13]     00:00:00:00:00:13    00:00:00:00:00:0d 6    439  [19,22,7,3,13]     00:00:00:00:00:13    00:00:00:00:00:0d 7    439  [19,17,4,5,13]     00:00:00:00:00:13    00:00:00:00:00:0d 8    439  [19,22,7,5,13]     00:00:00:00:00:13    00:00:00:00:00:0d 9    439  [19,22,7,6,13]     00:00:00:00:00:13    00:00:00:00:00:0d 10    439  [19,22,11,5,13]     00:00:00:00:00:13    00:00:00:00:00:0d 11    439  [19,22,15,5,13]     00:00:00:00:00:13    00:00:00:00:00:0d 12    439  [19,22,15,12,13]     00:00:00:00:00:13    00:00:00:00:00:0d 13    439  [19,22,18,6,13]     00:00:00:00:00:13    00:00:00:00:00:0d 14    585  [19,17,4,5,8,13]     00:00:00:00:00:13    00:00:00:00:00:0d 15    585  [19,22,7,5,8,13]  
# h00:00:00:00:00:13 -> h00:00:00:00:00:04
   00:00:00:00:00:13    00:00:00:00:00:04 0    146  [19,5,4]     00:00:00:00:00:13    00:00:00:00:00:04 1    146  [19,17,4]     00:00:00:00:00:13    00:00:00:00:00:04 2    439  [19,22,7,5,4]     00:00:00:00:00:13    00:00:00:00:00:04 3    439  [19,22,11,5,4]     00:00:00:00:00:13    00:00:00:00:00:04 4    439  [19,22,15,5,4]     00:00:00:00:00:13    00:00:00:00:00:04 5    585  [19,5,1,10,21,4]     00:00:00:00:00:13    00:00:00:00:00:04 6    585  [19,22,16,1,5,4]     00:00:00:00:00:13    00:00:00:00:00:04 7    731  [19,22,7,3,1,5,4]     00:00:00:00:00:13    00:00:00:00:00:04 8    731  [19,22,7,3,13,5,4]     00:00:00:00:00:13    00:00:00:00:00:04 9    731  [19,22,7,6,13,5,4]     00:00:00:00:00:13    00:00:00:00:00:04 10    731  [19,22,7,2,15,5,4]     00:00:00:00:00:13    00:00:00:00:00:04 11    731  [19,22,15,2,7,5,4]     00:00:00:00:00:13    00:00:00:00:00:04 12    731  [19,22,15,12,13,5,4]     00:00:00:00:00:13    00:00:00:00:00:04 13    731  [19,22,16,1,10,21,4]     00:00:00:00:00:13    00:00:00:00:00:04 14    731  [19,22,18,6,7,5,4]     00:00:00:00:00:13    00:00:00:00:00:04 15    731  [19,22,18,6,13,5,4]  
# h00:00:00:00:00:13 -> h00:00:00:00:00:11
   00:00:00:00:00:13    00:00:00:00:00:11 0      0  [19,17]     00:00:00:00:00:13    00:00:00:00:00:11 1    293  [19,5,4,17]     00:00:00:00:00:13    00:00:00:00:00:11 2    585  [19,22,7,5,4,17]     00:00:00:00:00:13    00:00:00:00:00:11 3    585  [19,22,11,5,4,17]     00:00:00:00:00:13    00:00:00:00:00:11 4    585  [19,22,15,5,4,17]     00:00:00:00:00:13    00:00:00:00:00:11 5    731  [19,5,1,10,21,4,17]     00:00:00:00:00:13    00:00:00:00:00:11 6    731  [19,22,16,1,5,4,17]     00:00:00:00:00:13    00:00:00:00:00:11 7    877  [19,22,7,3,1,5,4,17]     00:00:00:00:00:13    00:00:00:00:00:11 8    877  [19,22,7,3,13,5,4,17]     00:00:00:00:00:13    00:00:00:00:00:11 9    877  [19,22,7,6,13,5,4,17]     00:00:00:00:00:13    00:00:00:00:00:11 10    877  [19,22,7,2,15,5,4,17]     00:00:00:00:00:13    00:00:00:00:00:11 11    877  [19,22,15,2,7,5,4,17]     00:00:00:00:00:13    00:00:00:00:00:11 12    877  [19,22,15,12,13,5,4,17]     00:00:00:00:00:13    00:00:00:00:00:11 13    877  [19,22,16,1,10,21,4,17]     00:00:00:00:00:13    00:00:00:00:00:11 14    877  [19,22,18,6,7,5,4,17]     00:00:00:00:00:13    00:00:00:00:00:11 15    877  [19,22,18,6,13,5,4,17]  
# h00:00:00:00:00:13 -> h00:00:00:00:00:15
   00:00:00:00:00:13    00:00:00:00:00:15 0    293  [19,5,4,21]     00:00:00:00:00:13    00:00:00:00:00:15 1    293  [19,17,4,21]     00:00:00:00:00:13    00:00:00:00:00:15 2    439  [19,5,1,10,21]     00:00:00:00:00:13    00:00:00:00:00:15 3    585  [19,22,7,5,4,21]     00:00:00:00:00:13    00:00:00:00:00:15 4    585  [19,22,11,5,4,21]     00:00:00:00:00:13    00:00:00:00:00:15 5    585  [19,22,15,5,4,21]     00:00:00:00:00:13    00:00:00:00:00:15 6    585  [19,22,16,1,10,21]     00:00:00:00:00:13    00:00:00:00:00:15 7    731  [19,5,1,20,9,10,21]     00:00:00:00:00:13    00:00:00:00:00:15 8    731  [19,5,7,3,1,10,21]     00:00:00:00:00:13    00:00:00:00:00:15 9    731  [19,5,13,3,1,10,21]     00:00:00:00:00:13    00:00:00:00:00:15 10    731  [19,17,4,5,1,10,21]     00:00:00:00:00:13    00:00:00:00:00:15 11    731  [19,22,7,3,1,10,21]     00:00:00:00:00:13    00:00:00:00:00:15 12    731  [19,22,7,5,1,10,21]     00:00:00:00:00:13    00:00:00:00:00:15 13    731  [19,22,11,5,1,10,21]     00:00:00:00:00:13    00:00:00:00:00:15 14    731  [19,22,15,5,1,10,21]     00:00:00:00:00:13    00:00:00:00:00:15 15    731  [19,22,16,1,5,4,21]  
# h00:00:00:00:00:13 -> h00:00:00:00:00:08
   00:00:00:00:00:13    00:00:00:00:00:08 0    146  [19,5,8]     00:00:00:00:00:13    00:00:00:00:00:08 1    293  [19,5,13,8]     00:00:00:00:00:13    00:00:00:00:00:08 2    439  [19,17,4,5,8]     00:00:00:00:00:13    00:00:00:00:00:08 3    439  [19,22,7,5,8]     00:00:00:00:00:13    00:00:00:00:00:08 4    439  [19,22,11,5,8]     00:00:00:00:00:13    00:00:00:00:00:08 5    439  [19,22,15,5,8]     00:00:00:00:00:13    00:00:00:00:00:08 6    585  [19,5,1,3,13,8]     00:00:00:00:00:13    00:00:00:00:00:08 7    585  [19,5,7,3,13,8]     00:00:00:00:00:13    00:00:00:00:00:08 8    585  [19,5,7,6,13,8]     00:00:00:00:00:13    00:00:00:00:00:08 9    585  [19,5,15,12,13,8]     00:00:00:00:00:13    00:00:00:00:00:08 10    585  [19,17,4,5,13,8]     00:00:00:00:00:13    00:00:00:00:00:08 11    585  [19,22,7,3,13,8]     00:00:00:00:00:13    00:00:00:00:00:08 12    585  [19,22,7,5,13,8]     00:00:00:00:00:13    00:00:00:00:00:08 13    585  [19,22,7,6,13,8]     00:00:00:00:00:13    00:00:00:00:00:08 14    585  [19,22,11,5,13,8]     00:00:00:00:00:13    00:00:00:00:00:08 15    585  [19,22,15,5,13,8]  
# h00:00:00:00:00:13 -> h00:00:00:00:00:0b
   00:00:00:00:00:13    00:00:00:00:00:0b 0    146  [19,5,11]     00:00:00:00:00:13    00:00:00:00:00:0b 1    146  [19,22,11]     00:00:00:00:00:13    00:00:00:00:00:0b 2    439  [19,5,7,22,11]     00:00:00:00:00:13    00:00:00:00:00:0b 3    439  [19,5,15,22,11]     00:00:00:00:00:13    00:00:00:00:00:0b 4    439  [19,17,4,5,11]     00:00:00:00:00:13    00:00:00:00:00:0b 5    439  [19,22,7,5,11]     00:00:00:00:00:13    00:00:00:00:00:0b 6    439  [19,22,15,5,11]     00:00:00:00:00:13    00:00:00:00:00:0b 7    585  [19,5,1,16,22,11]     00:00:00:00:00:13    00:00:00:00:00:0b 8    585  [19,22,16,1,5,11]     00:00:00:00:00:13    00:00:00:00:00:0b 9    731  [19,5,1,3,7,22,11]     00:00:00:00:00:13    00:00:00:00:00:0b 10    731  [19,5,7,2,15,22,11]     00:00:00:00:00:13    00:00:00:00:00:0b 11    731  [19,5,7,6,18,22,11]     00:00:00:00:00:13    00:00:00:00:00:0b 12    731  [19,5,13,3,7,22,11]     00:00:00:00:00:13    00:00:00:00:00:0b 13    731  [19,5,13,6,7,22,11]     00:00:00:00:00:13    00:00:00:00:00:0b 14    731  [19,5,13,6,18,22,11]     00:00:00:00:00:13    00:00:00:00:00:0b 15    731  [19,5,13,12,15,22,11]  
# h00:00:00:00:00:13 -> h00:00:00:00:00:06
   00:00:00:00:00:13    00:00:00:00:00:06 0    293  [19,5,7,6]     00:00:00:00:00:13    00:00:00:00:00:06 1    293  [19,5,13,6]     00:00:00:00:00:13    00:00:00:00:00:06 2    293  [19,22,7,6]     00:00:00:00:00:13    00:00:00:00:00:06 3    293  [19,22,18,6]     00:00:00:00:00:13    00:00:00:00:00:06 4    439  [19,5,8,13,6]     00:00:00:00:00:13    00:00:00:00:00:06 5    585  [19,5,7,3,13,6]     00:00:00:00:00:13    00:00:00:00:00:06 6    585  [19,5,7,22,18,6]     00:00:00:00:00:13    00:00:00:00:00:06 7    585  [19,5,13,3,7,6]     00:00:00:00:00:13    00:00:00:00:00:06 8    585  [19,5,15,2,7,6]     00:00:00:00:00:13    00:00:00:00:00:06 9    585  [19,5,1,3,7,6]     00:00:00:00:00:13    00:00:00:00:00:06 10    585  [19,5,1,3,13,6]     00:00:00:00:00:13    00:00:00:00:00:06 11    585  [19,5,11,22,7,6]     00:00:00:00:00:13    00:00:00:00:00:06 12    585  [19,5,11,22,18,6]     00:00:00:00:00:13    00:00:00:00:00:06 13    585  [19,5,15,22,7,6]     00:00:00:00:00:13    00:00:00:00:00:06 14    585  [19,5,15,12,13,6]     00:00:00:00:00:13    00:00:00:00:00:06 15    585  [19,5,15,22,18,6]  
# h00:00:00:00:00:13 -> h00:00:00:00:00:12
   00:00:00:00:00:13    00:00:00:00:00:12 0    146  [19,22,18]     00:00:00:00:00:13    00:00:00:00:00:12 1    439  [19,5,7,6,18]     00:00:00:00:00:13    00:00:00:00:00:12 2    439  [19,5,7,22,18]     00:00:00:00:00:13    00:00:00:00:00:12 3    439  [19,5,13,6,18]     00:00:00:00:00:13    00:00:00:00:00:12 4    439  [19,5,11,22,18]     00:00:00:00:00:13    00:00:00:00:00:12 5    439  [19,5,15,22,18]     00:00:00:00:00:13    00:00:00:00:00:12 6    439  [19,22,7,6,18]     00:00:00:00:00:13    00:00:00:00:00:12 7    585  [19,5,8,13,6,18]     00:00:00:00:00:13    00:00:00:00:00:12 8    585  [19,5,1,16,22,18]     00:00:00:00:00:13    00:00:00:00:00:12 9    731  [19,5,1,3,7,6,18]     00:00:00:00:00:13    00:00:00:00:00:12 10    731  [19,5,1,3,7,22,18]     00:00:00:00:00:13    00:00:00:00:00:12 11    731  [19,5,1,3,13,6,18]     00:00:00:00:00:13    00:00:00:00:00:12 12    731  [19,5,7,3,13,6,18]     00:00:00:00:00:13    00:00:00:00:00:12 13    731  [19,5,7,2,15,22,18]     00:00:00:00:00:13    00:00:00:00:00:12 14    731  [19,5,11,22,7,6,18]     00:00:00:00:00:13    00:00:00:00:00:12 15    731  [19,5,13,3,7,6,18]  
# h00:00:00:00:00:13 -> h00:00:00:00:00:16
   00:00:00:00:00:13    00:00:00:00:00:16 0      0  [19,22]     00:00:00:00:00:13    00:00:00:00:00:16 1    293  [19,5,7,22]     00:00:00:00:00:13    00:00:00:00:00:16 2    293  [19,5,11,22]     00:00:00:00:00:13    00:00:00:00:00:16 3    293  [19,5,15,22]     00:00:00:00:00:13    00:00:00:00:00:16 4    439  [19,5,1,16,22]     00:00:00:00:00:13    00:00:00:00:00:16 5    585  [19,5,1,3,7,22]     00:00:00:00:00:13    00:00:00:00:00:16 6    585  [19,5,7,2,15,22]     00:00:00:00:00:13    00:00:00:00:00:16 7    585  [19,5,7,6,18,22]     00:00:00:00:00:13    00:00:00:00:00:16 8    585  [19,5,13,3,7,22]     00:00:00:00:00:13    00:00:00:00:00:16 9    585  [19,5,13,6,7,22]     00:00:00:00:00:13    00:00:00:00:00:16 10    585  [19,5,13,6,18,22]     00:00:00:00:00:13    00:00:00:00:00:16 11    585  [19,5,13,12,15,22]     00:00:00:00:00:13    00:00:00:00:00:16 12    585  [19,5,15,2,7,22]     00:00:00:00:00:13    00:00:00:00:00:16 13    585  [19,17,4,5,7,22]     00:00:00:00:00:13    00:00:00:00:00:16 14    585  [19,17,4,5,11,22]     00:00:00:00:00:13    00:00:00:00:00:16 15    585  [19,17,4,5,15,22]  
# h00:00:00:00:00:13 -> h00:00:00:00:00:09
   00:00:00:00:00:13    00:00:00:00:00:09 0    439  [19,5,1,10,9]     00:00:00:00:00:13    00:00:00:00:00:09 1    439  [19,5,1,20,9]     00:00:00:00:00:13    00:00:00:00:00:09 2    585  [19,5,4,21,10,9]     00:00:00:00:00:13    00:00:00:00:00:09 3    585  [19,22,16,1,10,9]     00:00:00:00:00:13    00:00:00:00:00:09 4    585  [19,17,4,21,10,9]     00:00:00:00:00:13    00:00:00:00:00:09 5    585  [19,22,16,1,20,9]     00:00:00:00:00:13    00:00:00:00:00:09 6    731  [19,5,7,3,1,10,9]     00:00:00:00:00:13    00:00:00:00:00:09 7    731  [19,5,7,3,1,20,9]     00:00:00:00:00:13    00:00:00:00:00:09 8    731  [19,5,13,3,1,10,9]     00:00:00:00:00:13    00:00:00:00:00:09 9    731  [19,5,13,3,1,20,9]     00:00:00:00:00:13    00:00:00:00:00:09 10    731  [19,17,4,5,1,10,9]     00:00:00:00:00:13    00:00:00:00:00:09 11    731  [19,17,4,5,1,20,9]     00:00:00:00:00:13    00:00:00:00:00:09 12    731  [19,22,7,3,1,10,9]     00:00:00:00:00:13    00:00:00:00:00:09 13    731  [19,22,7,3,1,20,9]     00:00:00:00:00:13    00:00:00:00:00:09 14    731  [19,22,7,5,1,10,9]     00:00:00:00:00:13    00:00:00:00:00:09 15    731  [19,22,7,5,1,20,9]  
# h00:00:00:00:00:13 -> h00:00:00:00:00:0c
   00:00:00:00:00:13    00:00:00:00:00:0c 0    293  [19,5,13,12]     00:00:00:00:00:13    00:00:00:00:00:0c 1    293  [19,5,15,12]     00:00:00:00:00:13    00:00:00:00:00:0c 2    293  [19,22,15,12]     00:00:00:00:00:13    00:00:00:00:00:0c 3    439  [19,5,8,13,12]     00:00:00:00:00:13    00:00:00:00:00:0c 4    585  [19,5,1,3,13,12]     00:00:00:00:00:13    00:00:00:00:00:0c 5    585  [19,5,7,3,13,12]     00:00:00:00:00:13    00:00:00:00:00:0c 6    585  [19,5,7,6,13,12]     00:00:00:00:00:13    00:00:00:00:00:0c 7    585  [19,5,7,2,15,12]     00:00:00:00:00:13    00:00:00:00:00:0c 8    585  [19,5,7,22,15,12]     00:00:00:00:00:13    00:00:00:00:00:0c 9    585  [19,5,11,22,15,12]     00:00:00:00:00:13    00:00:00:00:00:0c 10    585  [19,17,4,5,13,12]     00:00:00:00:00:13    00:00:00:00:00:0c 11    585  [19,17,4,5,15,12]     00:00:00:00:00:13    00:00:00:00:00:0c 12    585  [19,22,7,3,13,12]     00:00:00:00:00:13    00:00:00:00:00:0c 13    585  [19,22,7,5,13,12]     00:00:00:00:00:13    00:00:00:00:00:0c 14    585  [19,22,7,5,15,12]     00:00:00:00:00:13    00:00:00:00:00:0c 15    585  [19,22,7,6,13,12]  
# h00:00:00:00:00:06 -> h00:00:00:00:00:01
   00:00:00:00:00:06    00:00:00:00:00:01 0    293  [6,7,3,1]     00:00:00:00:00:06    00:00:00:00:00:01 1    293  [6,7,5,1]     00:00:00:00:00:06    00:00:00:00:00:01 2    293  [6,13,3,1]     00:00:00:00:00:06    00:00:00:00:00:01 3    293  [6,13,5,1]     00:00:00:00:00:06    00:00:00:00:00:01 4    439  [6,7,22,16,1]     00:00:00:00:00:06    00:00:00:00:00:01 5    439  [6,13,8,5,1]     00:00:00:00:00:06    00:00:00:00:00:01 6    439  [6,18,22,16,1]     00:00:00:00:00:06    00:00:00:00:00:01 7    585  [6,7,2,15,5,1]     00:00:00:00:00:06    00:00:00:00:00:01 8    585  [6,7,3,13,5,1]     00:00:00:00:00:06    00:00:00:00:00:01 9    585  [6,7,5,13,3,1]     00:00:00:00:00:06    00:00:00:00:00:01 10    585  [6,7,22,11,5,1]     00:00:00:00:00:06    00:00:00:00:00:01 11    585  [6,7,22,15,5,1]     00:00:00:00:00:06    00:00:00:00:00:01 12    585  [6,7,22,19,5,1]     00:00:00:00:00:06    00:00:00:00:00:01 13    585  [6,13,3,7,5,1]     00:00:00:00:00:06    00:00:00:00:00:01 14    585  [6,13,5,7,3,1]     00:00:00:00:00:06    00:00:00:00:00:01 15    585  [6,13,12,15,5,1]  
# h00:00:00:00:00:06 -> h00:00:00:00:00:03
   00:00:00:00:00:06    00:00:00:00:00:03 0    146  [6,7,3]     00:00:00:00:00:06    00:00:00:00:00:03 1    146  [6,13,3]     00:00:00:00:00:06    00:00:00:00:00:03 2    439  [6,7,5,1,3]     00:00:00:00:00:06    00:00:00:00:00:03 3    439  [6,7,5,13,3]     00:00:00:00:00:06    00:00:00:00:00:03 4    439  [6,13,5,1,3]     00:00:00:00:00:06    00:00:00:00:00:03 5    439  [6,13,5,7,3]     00:00:00:00:00:06    00:00:00:00:00:03 6    439  [6,18,22,7,3]     00:00:00:00:00:06    00:00:00:00:00:03 7    585  [6,7,5,8,13,3]     00:00:00:00:00:06    00:00:00:00:00:03 8    585  [6,7,22,16,1,3]     00:00:00:00:00:06    00:00:00:00:00:03 9    585  [6,13,8,5,1,3]     00:00:00:00:00:06    00:00:00:00:00:03 10    585  [6,13,8,5,7,3]     00:00:00:00:00:06    00:00:00:00:00:03 11    585  [6,18,22,16,1,3]     00:00:00:00:00:06    00:00:00:00:00:03 12    731  [6,7,2,15,5,1,3]     00:00:00:00:00:06    00:00:00:00:00:03 13    731  [6,7,2,15,5,13,3]     00:00:00:00:00:06    00:00:00:00:00:03 14    731  [6,7,2,15,12,13,3]     00:00:00:00:00:06    00:00:00:00:00:03 15    731  [6,7,5,15,12,13,3]  
# h00:00:00:00:00:06 -> h00:00:00:00:00:05
   00:00:00:00:00:06    00:00:00:00:00:05 0    146  [6,7,5]     00:00:00:00:00:06    00:00:00:00:00:05 1    146  [6,13,5]     00:00:00:00:00:06    00:00:00:00:00:05 2    293  [6,13,8,5]     00:00:00:00:00:06    00:00:00:00:00:05 3    439  [6,7,3,1,5]     00:00:00:00:00:06    00:00:00:00:00:05 4    439  [6,7,3,13,5]     00:00:00:00:00:06    00:00:00:00:00:05 5    439  [6,7,22,11,5]     00:00:00:00:00:06    00:00:00:00:00:05 6    439  [6,7,2,15,5]     00:00:00:00:00:06    00:00:00:00:00:05 7    439  [6,7,22,15,5]     00:00:00:00:00:06    00:00:00:00:00:05 8    439  [6,7,22,19,5]     00:00:00:00:00:06    00:00:00:00:00:05 9    439  [6,13,3,1,5]     00:00:00:00:00:06    00:00:00:00:00:05 10    439  [6,13,3,7,5]     00:00:00:00:00:06    00:00:00:00:00:05 11    439  [6,13,12,15,5]     00:00:00:00:00:06    00:00:00:00:00:05 12    439  [6,18,22,7,5]     00:00:00:00:00:06    00:00:00:00:00:05 13    439  [6,18,22,11,5]     00:00:00:00:00:06    00:00:00:00:00:05 14    439  [6,18,22,15,5]     00:00:00:00:00:06    00:00:00:00:00:05 15    439  [6,18,22,19,5]  
# h00:00:00:00:00:06 -> h00:00:00:00:00:0a
   00:00:00:00:00:06    00:00:00:00:00:0a 0    439  [6,7,3,1,10]     00:00:00:00:00:06    00:00:00:00:00:0a 1    439  [6,7,5,1,10]     00:00:00:00:00:06    00:00:00:00:00:0a 2    439  [6,13,3,1,10]     00:00:00:00:00:06    00:00:00:00:00:0a 3    439  [6,13,5,1,10]     00:00:00:00:00:06    00:00:00:00:00:0a 4    585  [6,7,5,4,21,10]     00:00:00:00:00:06    00:00:00:00:00:0a 5    585  [6,7,22,16,1,10]     00:00:00:00:00:06    00:00:00:00:00:0a 6    585  [6,13,5,4,21,10]     00:00:00:00:00:06    00:00:00:00:00:0a 7    585  [6,13,8,5,1,10]     00:00:00:00:00:06    00:00:00:00:00:0a 8    585  [6,18,22,16,1,10]     00:00:00:00:00:06    00:00:00:00:00:0a 9    731  [6,7,2,15,5,1,10]     00:00:00:00:00:06    00:00:00:00:00:0a 10    731  [6,7,3,1,20,9,10]     00:00:00:00:00:06    00:00:00:00:00:0a 11    731  [6,7,3,13,5,1,10]     00:00:00:00:00:06    00:00:00:00:00:0a 12    731  [6,7,5,1,20,9,10]     00:00:00:00:00:06    00:00:00:00:00:0a 13    731  [6,7,5,13,3,1,10]     00:00:00:00:00:06    00:00:00:00:00:0a 14    731  [6,7,22,11,5,1,10]     00:00:00:00:00:06    00:00:00:00:00:0a 15    731  [6,7,22,15,5,1,10]  
# h00:00:00:00:00:06 -> h00:00:00:00:00:10
   00:00:00:00:00:06    00:00:00:00:00:10 0    293  [6,7,22,16]     00:00:00:00:00:06    00:00:00:00:00:10 1    293  [6,18,22,16]     00:00:00:00:00:06    00:00:00:00:00:10 2    439  [6,7,3,1,16]     00:00:00:00:00:06    00:00:00:00:00:10 3    439  [6,7,5,1,16]     00:00:00:00:00:06    00:00:00:00:00:10 4    439  [6,13,3,1,16]     00:00:00:00:00:06    00:00:00:00:00:10 5    439  [6,13,5,1,16]     00:00:00:00:00:06    00:00:00:00:00:10 6    585  [6,7,2,15,22,16]     00:00:00:00:00:06    00:00:00:00:00:10 7    585  [6,7,5,11,22,16]     00:00:00:00:00:06    00:00:00:00:00:10 8    585  [6,7,5,15,22,16]     00:00:00:00:00:06    00:00:00:00:00:10 9    585  [6,7,5,19,22,16]     00:00:00:00:00:06    00:00:00:00:00:10 10    585  [6,13,3,7,22,16]     00:00:00:00:00:06    00:00:00:00:00:10 11    585  [6,13,5,7,22,16]     00:00:00:00:00:06    00:00:00:00:00:10 12    585  [6,13,5,11,22,16]     00:00:00:00:00:06    00:00:00:00:00:10 13    585  [6,13,5,15,22,16]     00:00:00:00:00:06    00:00:00:00:00:10 14    585  [6,13,5,19,22,16]     00:00:00:00:00:06    00:00:00:00:00:10 15    585  [6,13,8,5,1,16]  
# h00:00:00:00:00:06 -> h00:00:00:00:00:14
   00:00:00:00:00:06    00:00:00:00:00:14 0    439  [6,7,3,1,20]     00:00:00:00:00:06    00:00:00:00:00:14 1    439  [6,7,5,1,20]     00:00:00:00:00:06    00:00:00:00:00:14 2    439  [6,13,3,1,20]     00:00:00:00:00:06    00:00:00:00:00:14 3    439  [6,13,5,1,20]     00:00:00:00:00:06    00:00:00:00:00:14 4    585  [6,7,22,16,1,20]     00:00:00:00:00:06    00:00:00:00:00:14 5    585  [6,13,8,5,1,20]     00:00:00:00:00:06    00:00:00:00:00:14 6    585  [6,18,22,16,1,20]     00:00:00:00:00:06    00:00:00:00:00:14 7    731  [6,7,2,15,5,1,20]     00:00:00:00:00:06    00:00:00:00:00:14 8    731  [6,7,3,1,10,9,20]     00:00:00:00:00:06    00:00:00:00:00:14 9    731  [6,7,3,13,5,1,20]     00:00:00:00:00:06    00:00:00:00:00:14 10    731  [6,7,5,1,10,9,20]     00:00:00:00:00:06    00:00:00:00:00:14 11    731  [6,7,5,13,3,1,20]     00:00:00:00:00:06    00:00:00:00:00:14 12    731  [6,7,22,11,5,1,20]     00:00:00:00:00:06    00:00:00:00:00:14 13    731  [6,7,22,15,5,1,20]     00:00:00:00:00:06    00:00:00:00:00:14 14    731  [6,7,22,19,5,1,20]     00:00:00:00:00:06    00:00:00:00:00:14 15    731  [6,13,3,1,10,9,20]  
# h00:00:00:00:00:06 -> h00:00:00:00:00:02
   00:00:00:00:00:06    00:00:00:00:00:02 0    146  [6,7,2]     00:00:00:00:00:06    00:00:00:00:00:02 1    293  [6,7,14,2]     00:00:00:00:00:06    00:00:00:00:00:02 2    439  [6,7,5,15,2]     00:00:00:00:00:06    00:00:00:00:00:02 3    439  [6,7,22,15,2]     00:00:00:00:00:06    00:00:00:00:00:02 4    439  [6,13,3,7,2]     00:00:00:00:00:06    00:00:00:00:00:02 5    439  [6,13,5,7,2]     00:00:00:00:00:06    00:00:00:00:00:02 6    439  [6,13,5,15,2]     00:00:00:00:00:06    00:00:00:00:00:02 7    439  [6,13,12,15,2]     00:00:00:00:00:06    00:00:00:00:00:02 8    439  [6,18,22,7,2]     00:00:00:00:00:06    00:00:00:00:00:02 9    439  [6,18,22,15,2]     00:00:00:00:00:06    00:00:00:00:00:02 10    585  [6,13,3,7,14,2]     00:00:00:00:00:06    00:00:00:00:00:02 11    585  [6,13,5,7,14,2]     00:00:00:00:00:06    00:00:00:00:00:02 12    585  [6,13,8,5,7,2]     00:00:00:00:00:06    00:00:00:00:00:02 13    585  [6,13,8,5,15,2]     00:00:00:00:00:06    00:00:00:00:00:02 14    585  [6,18,22,7,14,2]     00:00:00:00:00:06    00:00:00:00:00:02 15    731  [6,7,3,1,5,15,2]  
# h00:00:00:00:00:06 -> h00:00:00:00:00:07
   00:00:00:00:00:06    00:00:00:00:00:07 0      0  [6,7]     00:00:00:00:00:06    00:00:00:00:00:07 1    293  [6,13,3,7]     00:00:00:00:00:06    00:00:00:00:00:07 2    293  [6,13,5,7]     00:00:00:00:00:06    00:00:00:00:00:07 3    293  [6,18,22,7]     00:00:00:00:00:06    00:00:00:00:00:07 4    439  [6,13,8,5,7]     00:00:00:00:00:06    00:00:00:00:00:07 5    585  [6,13,3,1,5,7]     00:00:00:00:00:06    00:00:00:00:00:07 6    585  [6,13,5,15,2,7]     00:00:00:00:00:06    00:00:00:00:00:07 7    585  [6,13,5,1,3,7]     00:00:00:00:00:06    00:00:00:00:00:07 8    585  [6,13,5,11,22,7]     00:00:00:00:00:06    00:00:00:00:00:07 9    585  [6,13,5,15,22,7]     00:00:00:00:00:06    00:00:00:00:00:07 10    585  [6,13,5,19,22,7]     00:00:00:00:00:06    00:00:00:00:00:07 11    585  [6,13,12,15,2,7]     00:00:00:00:00:06    00:00:00:00:00:07 12    585  [6,13,12,15,5,7]     00:00:00:00:00:06    00:00:00:00:00:07 13    585  [6,13,12,15,22,7]     00:00:00:00:00:06    00:00:00:00:00:07 14    585  [6,18,22,15,2,7]     00:00:00:00:00:06    00:00:00:00:00:07 15    585  [6,18,22,11,5,7]  
# h00:00:00:00:00:06 -> h00:00:00:00:00:0e
   00:00:00:00:00:06    00:00:00:00:00:0e 0    146  [6,7,14]     00:00:00:00:00:06    00:00:00:00:00:0e 1    293  [6,7,2,14]     00:00:00:00:00:06    00:00:00:00:00:0e 2    439  [6,13,3,7,14]     00:00:00:00:00:06    00:00:00:00:00:0e 3    439  [6,13,5,7,14]     00:00:00:00:00:06    00:00:00:00:00:0e 4    439  [6,18,22,7,14]     00:00:00:00:00:06    00:00:00:00:00:0e 5    585  [6,7,5,15,2,14]     00:00:00:00:00:06    00:00:00:00:00:0e 6    585  [6,7,22,15,2,14]     00:00:00:00:00:06    00:00:00:00:00:0e 7    585  [6,13,3,7,2,14]     00:00:00:00:00:06    00:00:00:00:00:0e 8    585  [6,13,5,7,2,14]     00:00:00:00:00:06    00:00:00:00:00:0e 9    585  [6,13,5,15,2,14]     00:00:00:00:00:06    00:00:00:00:00:0e 10    585  [6,13,12,15,2,14]     00:00:00:00:00:06    00:00:00:00:00:0e 11    585  [6,13,8,5,7,14]     00:00:00:00:00:06    00:00:00:00:00:0e 12    585  [6,18,22,7,2,14]     00:00:00:00:00:06    00:00:00:00:00:0e 13    585  [6,18,22,15,2,14]     00:00:00:00:00:06    00:00:00:00:00:0e 14    731  [6,13,3,1,5,7,14]     00:00:00:00:00:06    00:00:00:00:00:0e 15    731  [6,13,5,1,3,7,14]  
# h00:00:00:00:00:06 -> h00:00:00:00:00:0f
   00:00:00:00:00:06    00:00:00:00:00:0f 0    293  [6,7,2,15]     00:00:00:00:00:06    00:00:00:00:00:0f 1    293  [6,7,5,15]     00:00:00:00:00:06    00:00:00:00:00:0f 2    293  [6,7,22,15]     00:00:00:00:00:06    00:00:00:00:00:0f 3    293  [6,13,5,15]     00:00:00:00:00:06    00:00:00:00:00:0f 4    293  [6,13,12,15]     00:00:00:00:00:06    00:00:00:00:00:0f 5    293  [6,18,22,15]     00:00:00:00:00:06    00:00:00:00:00:0f 6    439  [6,7,14,2,15]     00:00:00:00:00:06    00:00:00:00:00:0f 7    439  [6,13,8,5,15]     00:00:00:00:00:06    00:00:00:00:00:0f 8    585  [6,7,3,1,5,15]     00:00:00:00:00:06    00:00:00:00:00:0f 9    585  [6,7,3,13,5,15]     00:00:00:00:00:06    00:00:00:00:00:0f 10    585  [6,7,3,13,12,15]     00:00:00:00:00:06    00:00:00:00:00:0f 11    585  [6,7,5,13,12,15]     00:00:00:00:00:06    00:00:00:00:00:0f 12    585  [6,7,5,11,22,15]     00:00:00:00:00:06    00:00:00:00:00:0f 13    585  [6,7,5,19,22,15]     00:00:00:00:00:06    00:00:00:00:00:0f 14    585  [6,7,22,11,5,15]     00:00:00:00:00:06    00:00:00:00:00:0f 15    585  [6,7,22,19,5,15]  
# h00:00:00:00:00:06 -> h00:00:00:00:00:0d
   00:00:00:00:00:06    00:00:00:00:00:0d 0      0  [6,13]     00:00:00:00:00:06    00:00:00:00:00:0d 1    293  [6,7,3,13]     00:00:00:00:00:06    00:00:00:00:00:0d 2    293  [6,7,5,13]     00:00:00:00:00:06    00:00:00:00:00:0d 3    439  [6,7,5,8,13]     00:00:00:00:00:06    00:00:00:00:00:0d 4    585  [6,7,3,1,5,13]     00:00:00:00:00:06    00:00:00:00:00:0d 5    585  [6,7,5,1,3,13]     00:00:00:00:00:06    00:00:00:00:00:0d 6    585  [6,7,5,15,12,13]     00:00:00:00:00:06    00:00:00:00:00:0d 7    585  [6,7,22,11,5,13]     00:00:00:00:00:06    00:00:00:00:00:0d 8    585  [6,7,2,15,5,13]     00:00:00:00:00:06    00:00:00:00:00:0d 9    585  [6,7,2,15,12,13]     00:00:00:00:00:06    00:00:00:00:00:0d 10    585  [6,7,22,15,5,13]     00:00:00:00:00:06    00:00:00:00:00:0d 11    585  [6,7,22,15,12,13]     00:00:00:00:00:06    00:00:00:00:00:0d 12    585  [6,7,22,19,5,13]     00:00:00:00:00:06    00:00:00:00:00:0d 13    585  [6,18,22,7,3,13]     00:00:00:00:00:06    00:00:00:00:00:0d 14    585  [6,18,22,7,5,13]     00:00:00:00:00:06    00:00:00:00:00:0d 15    585  [6,18,22,11,5,13]  
# h00:00:00:00:00:06 -> h00:00:00:00:00:04
   00:00:00:00:00:06    00:00:00:00:00:04 0    293  [6,7,5,4]     00:00:00:00:00:06    00:00:00:00:00:04 1    293  [6,13,5,4]     00:00:00:00:00:06    00:00:00:00:00:04 2    439  [6,13,8,5,4]     00:00:00:00:00:06    00:00:00:00:00:04 3    585  [6,7,3,1,5,4]     00:00:00:00:00:06    00:00:00:00:00:04 4    585  [6,7,3,13,5,4]     00:00:00:00:00:06    00:00:00:00:00:04 5    585  [6,7,5,19,17,4]     00:00:00:00:00:06    00:00:00:00:00:04 6    585  [6,7,22,11,5,4]     00:00:00:00:00:06    00:00:00:00:00:04 7    585  [6,7,2,15,5,4]     00:00:00:00:00:06    00:00:00:00:00:04 8    585  [6,7,22,15,5,4]     00:00:00:00:00:06    00:00:00:00:00:04 9    585  [6,7,22,19,5,4]     00:00:00:00:00:06    00:00:00:00:00:04 10    585  [6,7,22,19,17,4]     00:00:00:00:00:06    00:00:00:00:00:04 11    585  [6,13,3,1,5,4]     00:00:00:00:00:06    00:00:00:00:00:04 12    585  [6,13,3,7,5,4]     00:00:00:00:00:06    00:00:00:00:00:04 13    585  [6,13,5,19,17,4]     00:00:00:00:00:06    00:00:00:00:00:04 14    585  [6,13,12,15,5,4]     00:00:00:00:00:06    00:00:00:00:00:04 15    585  [6,18,22,7,5,4]  
# h00:00:00:00:00:06 -> h00:00:00:00:00:11
   00:00:00:00:00:06    00:00:00:00:00:11 0    439  [6,7,5,4,17]     00:00:00:00:00:06    00:00:00:00:00:11 1    439  [6,7,5,19,17]     00:00:00:00:00:06    00:00:00:00:00:11 2    439  [6,7,22,19,17]     00:00:00:00:00:06    00:00:00:00:00:11 3    439  [6,13,5,4,17]     00:00:00:00:00:06    00:00:00:00:00:11 4    439  [6,13,5,19,17]     00:00:00:00:00:06    00:00:00:00:00:11 5    439  [6,18,22,19,17]     00:00:00:00:00:06    00:00:00:00:00:11 6    585  [6,13,8,5,4,17]     00:00:00:00:00:06    00:00:00:00:00:11 7    585  [6,13,8,5,19,17]     00:00:00:00:00:06    00:00:00:00:00:11 8    731  [6,7,3,1,5,4,17]     00:00:00:00:00:06    00:00:00:00:00:11 9    731  [6,7,2,15,5,4,17]     00:00:00:00:00:06    00:00:00:00:00:11 10    731  [6,7,2,15,5,19,17]     00:00:00:00:00:06    00:00:00:00:00:11 11    731  [6,7,2,15,22,19,17]     00:00:00:00:00:06    00:00:00:00:00:11 12    731  [6,7,3,1,5,19,17]     00:00:00:00:00:06    00:00:00:00:00:11 13    731  [6,7,3,13,5,4,17]     00:00:00:00:00:06    00:00:00:00:00:11 14    731  [6,7,3,13,5,19,17]     00:00:00:00:00:06    00:00:00:00:00:11 15    731  [6,7,5,11,22,19,17]  
# h00:00:00:00:00:06 -> h00:00:00:00:00:15
   00:00:00:00:00:06    00:00:00:00:00:15 0    439  [6,7,5,4,21]     00:00:00:00:00:06    00:00:00:00:00:15 1    439  [6,13,5,4,21]     00:00:00:00:00:06    00:00:00:00:00:15 2    585  [6,7,3,1,10,21]     00:00:00:00:00:06    00:00:00:00:00:15 3    585  [6,7,5,1,10,21]     00:00:00:00:00:06    00:00:00:00:00:15 4    585  [6,13,5,1,10,21]     00:00:00:00:00:06    00:00:00:00:00:15 5    585  [6,13,8,5,4,21]     00:00:00:00:00:06    00:00:00:00:00:15 6    585  [6,13,3,1,10,21]     00:00:00:00:00:06    00:00:00:00:00:15 7    731  [6,7,3,1,5,4,21]     00:00:00:00:00:06    00:00:00:00:00:15 8    731  [6,7,3,13,5,4,21]     00:00:00:00:00:06    00:00:00:00:00:15 9    731  [6,7,5,19,17,4,21]     00:00:00:00:00:06    00:00:00:00:00:15 10    731  [6,7,22,11,5,4,21]     00:00:00:00:00:06    00:00:00:00:00:15 11    731  [6,7,2,15,5,4,21]     00:00:00:00:00:06    00:00:00:00:00:15 12    731  [6,7,22,15,5,4,21]     00:00:00:00:00:06    00:00:00:00:00:15 13    731  [6,7,22,19,5,4,21]     00:00:00:00:00:06    00:00:00:00:00:15 14    731  [6,7,22,16,1,10,21]     00:00:00:00:00:06    00:00:00:00:00:15 15    731  [6,7,22,19,17,4,21]  
# h00:00:00:00:00:06 -> h00:00:00:00:00:08
   00:00:00:00:00:06    00:00:00:00:00:08 0    146  [6,13,8]     00:00:00:00:00:06    00:00:00:00:00:08 1    293  [6,7,5,8]     00:00:00:00:00:06    00:00:00:00:00:08 2    293  [6,13,5,8]     00:00:00:00:00:06    00:00:00:00:00:08 3    439  [6,7,3,13,8]     00:00:00:00:00:06    00:00:00:00:00:08 4    439  [6,7,5,13,8]     00:00:00:00:00:06    00:00:00:00:00:08 5    585  [6,7,3,1,5,8]     00:00:00:00:00:06    00:00:00:00:00:08 6    585  [6,7,3,13,5,8]     00:00:00:00:00:06    00:00:00:00:00:08 7    585  [6,7,22,11,5,8]     00:00:00:00:00:06    00:00:00:00:00:08 8    585  [6,7,2,15,5,8]     00:00:00:00:00:06    00:00:00:00:00:08 9    585  [6,7,22,15,5,8]     00:00:00:00:00:06    00:00:00:00:00:08 10    585  [6,7,22,19,5,8]     00:00:00:00:00:06    00:00:00:00:00:08 11    585  [6,13,3,1,5,8]     00:00:00:00:00:06    00:00:00:00:00:08 12    585  [6,13,3,7,5,8]     00:00:00:00:00:06    00:00:00:00:00:08 13    585  [6,13,12,15,5,8]     00:00:00:00:00:06    00:00:00:00:00:08 14    585  [6,18,22,7,5,8]     00:00:00:00:00:06    00:00:00:00:00:08 15    585  [6,18,22,11,5,8]  
# h00:00:00:00:00:06 -> h00:00:00:00:00:0b
   00:00:00:00:00:06    00:00:00:00:00:0b 0    293  [6,7,5,11]     00:00:00:00:00:06    00:00:00:00:00:0b 1    293  [6,7,22,11]     00:00:00:00:00:06    00:00:00:00:00:0b 2    293  [6,13,5,11]     00:00:00:00:00:06    00:00:00:00:00:0b 3    293  [6,18,22,11]     00:00:00:00:00:06    00:00:00:00:00:0b 4    439  [6,13,8,5,11]     00:00:00:00:00:06    00:00:00:00:00:0b 5    585  [6,7,3,1,5,11]     00:00:00:00:00:06    00:00:00:00:00:0b 6    585  [6,7,2,15,5,11]     00:00:00:00:00:06    00:00:00:00:00:0b 7    585  [6,7,2,15,22,11]     00:00:00:00:00:06    00:00:00:00:00:0b 8    585  [6,7,3,13,5,11]     00:00:00:00:00:06    00:00:00:00:00:0b 9    585  [6,7,5,15,22,11]     00:00:00:00:00:06    00:00:00:00:00:0b 10    585  [6,7,5,19,22,11]     00:00:00:00:00:06    00:00:00:00:00:0b 11    585  [6,7,22,15,5,11]     00:00:00:00:00:06    00:00:00:00:00:0b 12    585  [6,7,22,19,5,11]     00:00:00:00:00:06    00:00:00:00:00:0b 13    585  [6,13,3,1,5,11]     00:00:00:00:00:06    00:00:00:00:00:0b 14    585  [6,13,3,7,5,11]     00:00:00:00:00:06    00:00:00:00:00:0b 15    585  [6,13,3,7,22,11]  
# h00:00:00:00:00:06 -> h00:00:00:00:00:13
   00:00:00:00:00:06    00:00:00:00:00:13 0    293  [6,7,5,19]     00:00:00:00:00:06    00:00:00:00:00:13 1    293  [6,7,22,19]     00:00:00:00:00:06    00:00:00:00:00:13 2    293  [6,13,5,19]     00:00:00:00:00:06    00:00:00:00:00:13 3    293  [6,18,22,19]     00:00:00:00:00:06    00:00:00:00:00:13 4    439  [6,13,8,5,19]     00:00:00:00:00:06    00:00:00:00:00:13 5    585  [6,7,3,1,5,19]     00:00:00:00:00:06    00:00:00:00:00:13 6    585  [6,7,2,15,5,19]     00:00:00:00:00:06    00:00:00:00:00:13 7    585  [6,7,2,15,22,19]     00:00:00:00:00:06    00:00:00:00:00:13 8    585  [6,7,3,13,5,19]     00:00:00:00:00:06    00:00:00:00:00:13 9    585  [6,7,5,4,17,19]     00:00:00:00:00:06    00:00:00:00:00:13 10    585  [6,7,5,11,22,19]     00:00:00:00:00:06    00:00:00:00:00:13 11    585  [6,7,5,15,22,19]     00:00:00:00:00:06    00:00:00:00:00:13 12    585  [6,7,22,11,5,19]     00:00:00:00:00:06    00:00:00:00:00:13 13    585  [6,7,22,15,5,19]     00:00:00:00:00:06    00:00:00:00:00:13 14    585  [6,13,3,1,5,19]     00:00:00:00:00:06    00:00:00:00:00:13 15    585  [6,13,3,7,5,19]  
# h00:00:00:00:00:06 -> h00:00:00:00:00:12
   00:00:00:00:00:06    00:00:00:00:00:12 0      0  [6,18]     00:00:00:00:00:06    00:00:00:00:00:12 1    293  [6,7,22,18]     00:00:00:00:00:06    00:00:00:00:00:12 2    585  [6,7,5,11,22,18]     00:00:00:00:00:06    00:00:00:00:00:12 3    585  [6,7,2,15,22,18]     00:00:00:00:00:06    00:00:00:00:00:12 4    585  [6,7,5,15,22,18]     00:00:00:00:00:06    00:00:00:00:00:12 5    585  [6,7,5,19,22,18]     00:00:00:00:00:06    00:00:00:00:00:12 6    585  [6,13,3,7,22,18]     00:00:00:00:00:06    00:00:00:00:00:12 7    585  [6,13,5,7,22,18]     00:00:00:00:00:06    00:00:00:00:00:12 8    585  [6,13,5,11,22,18]     00:00:00:00:00:06    00:00:00:00:00:12 9    585  [6,13,5,15,22,18]     00:00:00:00:00:06    00:00:00:00:00:12 10    585  [6,13,5,19,22,18]     00:00:00:00:00:06    00:00:00:00:00:12 11    585  [6,13,12,15,22,18]     00:00:00:00:00:06    00:00:00:00:00:12 12    731  [6,7,5,1,16,22,18]     00:00:00:00:00:06    00:00:00:00:00:12 13    731  [6,7,14,2,15,22,18]     00:00:00:00:00:06    00:00:00:00:00:12 14    731  [6,7,3,1,16,22,18]     00:00:00:00:00:06    00:00:00:00:00:12 15    731  [6,13,3,1,16,22,18]  
# h00:00:00:00:00:06 -> h00:00:00:00:00:16
   00:00:00:00:00:06    00:00:00:00:00:16 0    146  [6,7,22]     00:00:00:00:00:06    00:00:00:00:00:16 1    146  [6,18,22]     00:00:00:00:00:06    00:00:00:00:00:16 2    439  [6,7,5,11,22]     00:00:00:00:00:06    00:00:00:00:00:16 3    439  [6,7,2,15,22]     00:00:00:00:00:06    00:00:00:00:00:16 4    439  [6,7,5,15,22]     00:00:00:00:00:06    00:00:00:00:00:16 5    439  [6,7,5,19,22]     00:00:00:00:00:06    00:00:00:00:00:16 6    439  [6,13,3,7,22]     00:00:00:00:00:06    00:00:00:00:00:16 7    439  [6,13,5,7,22]     00:00:00:00:00:06    00:00:00:00:00:16 8    439  [6,13,5,11,22]     00:00:00:00:00:06    00:00:00:00:00:16 9    439  [6,13,5,15,22]     00:00:00:00:00:06    00:00:00:00:00:16 10    439  [6,13,5,19,22]     00:00:00:00:00:06    00:00:00:00:00:16 11    439  [6,13,12,15,22]     00:00:00:00:00:06    00:00:00:00:00:16 12    585  [6,7,5,1,16,22]     00:00:00:00:00:06    00:00:00:00:00:16 13    585  [6,7,14,2,15,22]     00:00:00:00:00:06    00:00:00:00:00:16 14    585  [6,7,3,1,16,22]     00:00:00:00:00:06    00:00:00:00:00:16 15    585  [6,13,3,1,16,22]  
# h00:00:00:00:00:06 -> h00:00:00:00:00:09
   00:00:00:00:00:06    00:00:00:00:00:09 0    585  [6,7,3,1,10,9]     00:00:00:00:00:06    00:00:00:00:00:09 1    585  [6,7,3,1,20,9]     00:00:00:00:00:06    00:00:00:00:00:09 2    585  [6,7,5,1,10,9]     00:00:00:00:00:06    00:00:00:00:00:09 3    585  [6,7,5,1,20,9]     00:00:00:00:00:06    00:00:00:00:00:09 4    585  [6,13,3,1,10,9]     00:00:00:00:00:06    00:00:00:00:00:09 5    585  [6,13,3,1,20,9]     00:00:00:00:00:06    00:00:00:00:00:09 6    585  [6,13,5,1,10,9]     00:00:00:00:00:06    00:00:00:00:00:09 7    585  [6,13,5,1,20,9]     00:00:00:00:00:06    00:00:00:00:00:09 8    731  [6,7,5,4,21,10,9]     00:00:00:00:00:06    00:00:00:00:00:09 9    731  [6,7,22,16,1,10,9]     00:00:00:00:00:06    00:00:00:00:00:09 10    731  [6,7,22,16,1,20,9]     00:00:00:00:00:06    00:00:00:00:00:09 11    731  [6,13,5,4,21,10,9]     00:00:00:00:00:06    00:00:00:00:00:09 12    731  [6,13,8,5,1,10,9]     00:00:00:00:00:06    00:00:00:00:00:09 13    731  [6,13,8,5,1,20,9]     00:00:00:00:00:06    00:00:00:00:00:09 14    731  [6,18,22,16,1,10,9]     00:00:00:00:00:06    00:00:00:00:00:09 15    731  [6,18,22,16,1,20,9]  
# h00:00:00:00:00:06 -> h00:00:00:00:00:0c
   00:00:00:00:00:06    00:00:00:00:00:0c 0    146  [6,13,12]     00:00:00:00:00:06    00:00:00:00:00:0c 1    439  [6,7,3,13,12]     00:00:00:00:00:06    00:00:00:00:00:0c 2    439  [6,7,5,13,12]     00:00:00:00:00:06    00:00:00:00:00:0c 3    439  [6,7,2,15,12]     00:00:00:00:00:06    00:00:00:00:00:0c 4    439  [6,7,5,15,12]     00:00:00:00:00:06    00:00:00:00:00:0c 5    439  [6,7,22,15,12]     00:00:00:00:00:06    00:00:00:00:00:0c 6    439  [6,13,5,15,12]     00:00:00:00:00:06    00:00:00:00:00:0c 7    439  [6,18,22,15,12]     00:00:00:00:00:06    00:00:00:00:00:0c 8    585  [6,7,5,8,13,12]     00:00:00:00:00:06    00:00:00:00:00:0c 9    585  [6,7,14,2,15,12]     00:00:00:00:00:06    00:00:00:00:00:0c 10    585  [6,13,8,5,15,12]     00:00:00:00:00:06    00:00:00:00:00:0c 11    731  [6,7,2,15,5,13,12]     00:00:00:00:00:06    00:00:00:00:00:0c 12    731  [6,7,3,1,5,13,12]     00:00:00:00:00:06    00:00:00:00:00:0c 13    731  [6,7,3,1,5,15,12]     00:00:00:00:00:06    00:00:00:00:00:0c 14    731  [6,7,3,13,5,15,12]     00:00:00:00:00:06    00:00:00:00:00:0c 15    731  [6,7,5,1,3,13,12]  
# h00:00:00:00:00:12 -> h00:00:00:00:00:01
   00:00:00:00:00:12    00:00:00:00:00:01 0    293  [18,22,16,1]     00:00:00:00:00:12    00:00:00:00:00:01 1    439  [18,6,7,3,1]     00:00:00:00:00:12    00:00:00:00:00:01 2    439  [18,6,7,5,1]     00:00:00:00:00:12    00:00:00:00:00:01 3    439  [18,6,13,3,1]     00:00:00:00:00:12    00:00:00:00:00:01 4    439  [18,6,13,5,1]     00:00:00:00:00:12    00:00:00:00:00:01 5    439  [18,22,7,3,1]     00:00:00:00:00:12    00:00:00:00:00:01 6    439  [18,22,7,5,1]     00:00:00:00:00:12    00:00:00:00:00:01 7    439  [18,22,11,5,1]     00:00:00:00:00:12    00:00:00:00:00:01 8    439  [18,22,15,5,1]     00:00:00:00:00:12    00:00:00:00:00:01 9    439  [18,22,19,5,1]     00:00:00:00:00:12    00:00:00:00:00:01 10    585  [18,6,7,22,16,1]     00:00:00:00:00:12    00:00:00:00:00:01 11    585  [18,6,13,8,5,1]     00:00:00:00:00:12    00:00:00:00:00:01 12    731  [18,6,7,2,15,5,1]     00:00:00:00:00:12    00:00:00:00:00:01 13    731  [18,6,7,3,13,5,1]     00:00:00:00:00:12    00:00:00:00:00:01 14    731  [18,6,7,5,13,3,1]     00:00:00:00:00:12    00:00:00:00:00:01 15    731  [18,6,7,22,11,5,1]  
# h00:00:00:00:00:12 -> h00:00:00:00:00:03
   00:00:00:00:00:12    00:00:00:00:00:03 0    293  [18,6,7,3]     00:00:00:00:00:12    00:00:00:00:00:03 1    293  [18,6,13,3]     00:00:00:00:00:12    00:00:00:00:00:03 2    293  [18,22,7,3]     00:00:00:00:00:12    00:00:00:00:00:03 3    439  [18,22,16,1,3]     00:00:00:00:00:12    00:00:00:00:00:03 4    585  [18,6,7,5,1,3]     00:00:00:00:00:12    00:00:00:00:00:03 5    585  [18,6,7,5,13,3]     00:00:00:00:00:12    00:00:00:00:00:03 6    585  [18,6,13,5,1,3]     00:00:00:00:00:12    00:00:00:00:00:03 7    585  [18,6,13,5,7,3]     00:00:00:00:00:12    00:00:00:00:00:03 8    585  [18,22,7,5,1,3]     00:00:00:00:00:12    00:00:00:00:00:03 9    585  [18,22,7,5,13,3]     00:00:00:00:00:12    00:00:00:00:00:03 10    585  [18,22,7,6,13,3]     00:00:00:00:00:12    00:00:00:00:00:03 11    585  [18,22,11,5,1,3]     00:00:00:00:00:12    00:00:00:00:00:03 12    585  [18,22,11,5,7,3]     00:00:00:00:00:12    00:00:00:00:00:03 13    585  [18,22,11,5,13,3]     00:00:00:00:00:12    00:00:00:00:00:03 14    585  [18,22,15,5,1,3]     00:00:00:00:00:12    00:00:00:00:00:03 15    585  [18,22,15,2,7,3]  
# h00:00:00:00:00:12 -> h00:00:00:00:00:05
   00:00:00:00:00:12    00:00:00:00:00:05 0    293  [18,6,7,5]     00:00:00:00:00:12    00:00:00:00:00:05 1    293  [18,6,13,5]     00:00:00:00:00:12    00:00:00:00:00:05 2    293  [18,22,7,5]     00:00:00:00:00:12    00:00:00:00:00:05 3    293  [18,22,11,5]     00:00:00:00:00:12    00:00:00:00:00:05 4    293  [18,22,15,5]     00:00:00:00:00:12    00:00:00:00:00:05 5    293  [18,22,19,5]     00:00:00:00:00:12    00:00:00:00:00:05 6    439  [18,6,13,8,5]     00:00:00:00:00:12    00:00:00:00:00:05 7    439  [18,22,16,1,5]     00:00:00:00:00:12    00:00:00:00:00:05 8    585  [18,6,7,3,1,5]     00:00:00:00:00:12    00:00:00:00:00:05 9    585  [18,6,7,3,13,5]     00:00:00:00:00:12    00:00:00:00:00:05 10    585  [18,6,7,22,11,5]     00:00:00:00:00:12    00:00:00:00:00:05 11    585  [18,6,7,2,15,5]     00:00:00:00:00:12    00:00:00:00:00:05 12    585  [18,6,7,22,15,5]     00:00:00:00:00:12    00:00:00:00:00:05 13    585  [18,6,7,22,19,5]     00:00:00:00:00:12    00:00:00:00:00:05 14    585  [18,6,13,3,1,5]     00:00:00:00:00:12    00:00:00:00:00:05 15    585  [18,6,13,3,7,5]  
# h00:00:00:00:00:12 -> h00:00:00:00:00:0a
   00:00:00:00:00:12    00:00:00:00:00:0a 0    439  [18,22,16,1,10]     00:00:00:00:00:12    00:00:00:00:00:0a 1    585  [18,6,7,3,1,10]     00:00:00:00:00:12    00:00:00:00:00:0a 2    585  [18,6,7,5,1,10]     00:00:00:00:00:12    00:00:00:00:00:0a 3    585  [18,6,13,3,1,10]     00:00:00:00:00:12    00:00:00:00:00:0a 4    585  [18,6,13,5,1,10]     00:00:00:00:00:12    00:00:00:00:00:0a 5    585  [18,22,7,3,1,10]     00:00:00:00:00:12    00:00:00:00:00:0a 6    585  [18,22,7,5,1,10]     00:00:00:00:00:12    00:00:00:00:00:0a 7    585  [18,22,11,5,1,10]     00:00:00:00:00:12    00:00:00:00:00:0a 8    585  [18,22,15,5,1,10]     00:00:00:00:00:12    00:00:00:00:00:0a 9    585  [18,22,19,5,1,10]     00:00:00:00:00:12    00:00:00:00:00:0a 10    731  [18,6,7,5,4,21,10]     00:00:00:00:00:12    00:00:00:00:00:0a 11    731  [18,6,7,22,16,1,10]     00:00:00:00:00:12    00:00:00:00:00:0a 12    731  [18,6,13,5,4,21,10]     00:00:00:00:00:12    00:00:00:00:00:0a 13    731  [18,6,13,8,5,1,10]     00:00:00:00:00:12    00:00:00:00:00:0a 14    731  [18,22,7,5,4,21,10]     00:00:00:00:00:12    00:00:00:00:00:0a 15    731  [18,22,11,5,4,21,10]  
# h00:00:00:00:00:12 -> h00:00:00:00:00:10
   00:00:00:00:00:12    00:00:00:00:00:10 0    146  [18,22,16]     00:00:00:00:00:12    00:00:00:00:00:10 1    439  [18,6,7,22,16]     00:00:00:00:00:12    00:00:00:00:00:10 2    585  [18,6,7,3,1,16]     00:00:00:00:00:12    00:00:00:00:00:10 3    585  [18,6,7,5,1,16]     00:00:00:00:00:12    00:00:00:00:00:10 4    585  [18,6,13,3,1,16]     00:00:00:00:00:12    00:00:00:00:00:10 5    585  [18,6,13,5,1,16]     00:00:00:00:00:12    00:00:00:00:00:10 6    585  [18,22,7,3,1,16]     00:00:00:00:00:12    00:00:00:00:00:10 7    585  [18,22,7,5,1,16]     00:00:00:00:00:12    00:00:00:00:00:10 8    585  [18,22,11,5,1,16]     00:00:00:00:00:12    00:00:00:00:00:10 9    585  [18,22,15,5,1,16]     00:00:00:00:00:12    00:00:00:00:00:10 10    585  [18,22,19,5,1,16]     00:00:00:00:00:12    00:00:00:00:00:10 11    731  [18,6,7,2,15,22,16]     00:00:00:00:00:12    00:00:00:00:00:10 12    731  [18,6,7,5,11,22,16]     00:00:00:00:00:12    00:00:00:00:00:10 13    731  [18,6,7,5,15,22,16]     00:00:00:00:00:12    00:00:00:00:00:10 14    731  [18,6,7,5,19,22,16]     00:00:00:00:00:12    00:00:00:00:00:10 15    731  [18,6,13,3,7,22,16]  
# h00:00:00:00:00:12 -> h00:00:00:00:00:14
   00:00:00:00:00:12    00:00:00:00:00:14 0    439  [18,22,16,1,20]     00:00:00:00:00:12    00:00:00:00:00:14 1    585  [18,6,7,3,1,20]     00:00:00:00:00:12    00:00:00:00:00:14 2    585  [18,6,7,5,1,20]     00:00:00:00:00:12    00:00:00:00:00:14 3    585  [18,6,13,3,1,20]     00:00:00:00:00:12    00:00:00:00:00:14 4    585  [18,6,13,5,1,20]     00:00:00:00:00:12    00:00:00:00:00:14 5    585  [18,22,7,3,1,20]     00:00:00:00:00:12    00:00:00:00:00:14 6    585  [18,22,7,5,1,20]     00:00:00:00:00:12    00:00:00:00:00:14 7    585  [18,22,11,5,1,20]     00:00:00:00:00:12    00:00:00:00:00:14 8    585  [18,22,15,5,1,20]     00:00:00:00:00:12    00:00:00:00:00:14 9    585  [18,22,19,5,1,20]     00:00:00:00:00:12    00:00:00:00:00:14 10    731  [18,6,7,22,16,1,20]     00:00:00:00:00:12    00:00:00:00:00:14 11    731  [18,6,13,8,5,1,20]     00:00:00:00:00:12    00:00:00:00:00:14 12    731  [18,22,16,1,10,9,20]     00:00:00:00:00:12    00:00:00:00:00:14 13    877  [18,6,7,2,15,5,1,20]     00:00:00:00:00:12    00:00:00:00:00:14 14    877  [18,6,7,3,1,10,9,20]     00:00:00:00:00:12    00:00:00:00:00:14 15    877  [18,6,7,3,13,5,1,20]  
# h00:00:00:00:00:12 -> h00:00:00:00:00:02
   00:00:00:00:00:12    00:00:00:00:00:02 0    293  [18,6,7,2]     00:00:00:00:00:12    00:00:00:00:00:02 1    293  [18,22,7,2]     00:00:00:00:00:12    00:00:00:00:00:02 2    293  [18,22,15,2]     00:00:00:00:00:12    00:00:00:00:00:02 3    439  [18,6,7,14,2]     00:00:00:00:00:12    00:00:00:00:00:02 4    439  [18,22,7,14,2]     00:00:00:00:00:12    00:00:00:00:00:02 5    585  [18,6,7,5,15,2]     00:00:00:00:00:12    00:00:00:00:00:02 6    585  [18,6,7,22,15,2]     00:00:00:00:00:12    00:00:00:00:00:02 7    585  [18,6,13,3,7,2]     00:00:00:00:00:12    00:00:00:00:00:02 8    585  [18,6,13,5,7,2]     00:00:00:00:00:12    00:00:00:00:00:02 9    585  [18,6,13,5,15,2]     00:00:00:00:00:12    00:00:00:00:00:02 10    585  [18,6,13,12,15,2]     00:00:00:00:00:12    00:00:00:00:00:02 11    585  [18,22,7,5,15,2]     00:00:00:00:00:12    00:00:00:00:00:02 12    585  [18,22,11,5,7,2]     00:00:00:00:00:12    00:00:00:00:00:02 13    585  [18,22,11,5,15,2]     00:00:00:00:00:12    00:00:00:00:00:02 14    585  [18,22,15,5,7,2]     00:00:00:00:00:12    00:00:00:00:00:02 15    585  [18,22,19,5,7,2]  
# h00:00:00:00:00:12 -> h00:00:00:00:00:07
   00:00:00:00:00:12    00:00:00:00:00:07 0    146  [18,6,7]     00:00:00:00:00:12    00:00:00:00:00:07 1    146  [18,22,7]     00:00:00:00:00:12    00:00:00:00:00:07 2    439  [18,6,13,3,7]     00:00:00:00:00:12    00:00:00:00:00:07 3    439  [18,6,13,5,7]     00:00:00:00:00:12    00:00:00:00:00:07 4    439  [18,22,15,2,7]     00:00:00:00:00:12    00:00:00:00:00:07 5    439  [18,22,11,5,7]     00:00:00:00:00:12    00:00:00:00:00:07 6    439  [18,22,15,5,7]     00:00:00:00:00:12    00:00:00:00:00:07 7    439  [18,22,19,5,7]     00:00:00:00:00:12    00:00:00:00:00:07 8    585  [18,6,13,8,5,7]     00:00:00:00:00:12    00:00:00:00:00:07 9    585  [18,22,15,2,14,7]     00:00:00:00:00:12    00:00:00:00:00:07 10    585  [18,22,16,1,3,7]     00:00:00:00:00:12    00:00:00:00:00:07 11    585  [18,22,16,1,5,7]     00:00:00:00:00:12    00:00:00:00:00:07 12    731  [18,6,13,3,1,5,7]     00:00:00:00:00:12    00:00:00:00:00:07 13    731  [18,6,13,5,15,2,7]     00:00:00:00:00:12    00:00:00:00:00:07 14    731  [18,6,13,5,1,3,7]     00:00:00:00:00:12    00:00:00:00:00:07 15    731  [18,6,13,5,11,22,7]  
# h00:00:00:00:00:12 -> h00:00:00:00:00:0e
   00:00:00:00:00:12    00:00:00:00:00:0e 0    293  [18,6,7,14]     00:00:00:00:00:12    00:00:00:00:00:0e 1    293  [18,22,7,14]     00:00:00:00:00:12    00:00:00:00:00:0e 2    439  [18,6,7,2,14]     00:00:00:00:00:12    00:00:00:00:00:0e 3    439  [18,22,7,2,14]     00:00:00:00:00:12    00:00:00:00:00:0e 4    439  [18,22,15,2,14]     00:00:00:00:00:12    00:00:00:00:00:0e 5    585  [18,6,13,3,7,14]     00:00:00:00:00:12    00:00:00:00:00:0e 6    585  [18,6,13,5,7,14]     00:00:00:00:00:12    00:00:00:00:00:0e 7    585  [18,22,11,5,7,14]     00:00:00:00:00:12    00:00:00:00:00:0e 8    585  [18,22,15,2,7,14]     00:00:00:00:00:12    00:00:00:00:00:0e 9    585  [18,22,15,5,7,14]     00:00:00:00:00:12    00:00:00:00:00:0e 10    585  [18,22,19,5,7,14]     00:00:00:00:00:12    00:00:00:00:00:0e 11    731  [18,6,7,5,15,2,14]     00:00:00:00:00:12    00:00:00:00:00:0e 12    731  [18,6,7,22,15,2,14]     00:00:00:00:00:12    00:00:00:00:00:0e 13    731  [18,6,13,3,7,2,14]     00:00:00:00:00:12    00:00:00:00:00:0e 14    731  [18,6,13,5,7,2,14]     00:00:00:00:00:12    00:00:00:00:00:0e 15    731  [18,6,13,5,15,2,14]  
# h00:00:00:00:00:12 -> h00:00:00:00:00:0f
   00:00:00:00:00:12    00:00:00:00:00:0f 0    146  [18,22,15]     00:00:00:00:00:12    00:00:00:00:00:0f 1    439  [18,6,7,2,15]     00:00:00:00:00:12    00:00:00:00:00:0f 2    439  [18,6,7,5,15]     00:00:00:00:00:12    00:00:00:00:00:0f 3    439  [18,6,7,22,15]     00:00:00:00:00:12    00:00:00:00:00:0f 4    439  [18,6,13,5,15]     00:00:00:00:00:12    00:00:00:00:00:0f 5    439  [18,6,13,12,15]     00:00:00:00:00:12    00:00:00:00:00:0f 6    439  [18,22,7,2,15]     00:00:00:00:00:12    00:00:00:00:00:0f 7    439  [18,22,7,5,15]     00:00:00:00:00:12    00:00:00:00:00:0f 8    439  [18,22,11,5,15]     00:00:00:00:00:12    00:00:00:00:00:0f 9    439  [18,22,19,5,15]     00:00:00:00:00:12    00:00:00:00:00:0f 10    585  [18,6,7,14,2,15]     00:00:00:00:00:12    00:00:00:00:00:0f 11    585  [18,6,13,8,5,15]     00:00:00:00:00:12    00:00:00:00:00:0f 12    585  [18,22,7,14,2,15]     00:00:00:00:00:12    00:00:00:00:00:0f 13    585  [18,22,16,1,5,15]     00:00:00:00:00:12    00:00:00:00:00:0f 14    731  [18,6,7,3,1,5,15]     00:00:00:00:00:12    00:00:00:00:00:0f 15    731  [18,6,7,3,13,5,15]  
# h00:00:00:00:00:12 -> h00:00:00:00:00:0d
   00:00:00:00:00:12    00:00:00:00:00:0d 0    146  [18,6,13]     00:00:00:00:00:12    00:00:00:00:00:0d 1    439  [18,6,7,3,13]     00:00:00:00:00:12    00:00:00:00:00:0d 2    439  [18,6,7,5,13]     00:00:00:00:00:12    00:00:00:00:00:0d 3    439  [18,22,7,3,13]     00:00:00:00:00:12    00:00:00:00:00:0d 4    439  [18,22,7,5,13]     00:00:00:00:00:12    00:00:00:00:00:0d 5    439  [18,22,7,6,13]     00:00:00:00:00:12    00:00:00:00:00:0d 6    439  [18,22,11,5,13]     00:00:00:00:00:12    00:00:00:00:00:0d 7    439  [18,22,15,5,13]     00:00:00:00:00:12    00:00:00:00:00:0d 8    439  [18,22,15,12,13]     00:00:00:00:00:12    00:00:00:00:00:0d 9    439  [18,22,19,5,13]     00:00:00:00:00:12    00:00:00:00:00:0d 10    585  [18,6,7,5,8,13]     00:00:00:00:00:12    00:00:00:00:00:0d 11    585  [18,22,7,5,8,13]     00:00:00:00:00:12    00:00:00:00:00:0d 12    585  [18,22,11,5,8,13]     00:00:00:00:00:12    00:00:00:00:00:0d 13    585  [18,22,15,5,8,13]     00:00:00:00:00:12    00:00:00:00:00:0d 14    585  [18,22,16,1,3,13]     00:00:00:00:00:12    00:00:00:00:00:0d 15    585  [18,22,16,1,5,13]  
# h00:00:00:00:00:12 -> h00:00:00:00:00:04
   00:00:00:00:00:12    00:00:00:00:00:04 0    439  [18,6,7,5,4]     00:00:00:00:00:12    00:00:00:00:00:04 1    439  [18,6,13,5,4]     00:00:00:00:00:12    00:00:00:00:00:04 2    439  [18,22,7,5,4]     00:00:00:00:00:12    00:00:00:00:00:04 3    439  [18,22,11,5,4]     00:00:00:00:00:12    00:00:00:00:00:04 4    439  [18,22,15,5,4]     00:00:00:00:00:12    00:00:00:00:00:04 5    439  [18,22,19,5,4]     00:00:00:00:00:12    00:00:00:00:00:04 6    439  [18,22,19,17,4]     00:00:00:00:00:12    00:00:00:00:00:04 7    585  [18,6,13,8,5,4]     00:00:00:00:00:12    00:00:00:00:00:04 8    585  [18,22,16,1,5,4]     00:00:00:00:00:12    00:00:00:00:00:04 9    731  [18,6,7,3,1,5,4]     00:00:00:00:00:12    00:00:00:00:00:04 10    731  [18,6,7,3,13,5,4]     00:00:00:00:00:12    00:00:00:00:00:04 11    731  [18,6,7,5,19,17,4]     00:00:00:00:00:12    00:00:00:00:00:04 12    731  [18,6,7,22,11,5,4]     00:00:00:00:00:12    00:00:00:00:00:04 13    731  [18,6,7,2,15,5,4]     00:00:00:00:00:12    00:00:00:00:00:04 14    731  [18,6,7,22,15,5,4]     00:00:00:00:00:12    00:00:00:00:00:04 15    731  [18,6,7,22,19,5,4]  
# h00:00:00:00:00:12 -> h00:00:00:00:00:11
   00:00:00:00:00:12    00:00:00:00:00:11 0    293  [18,22,19,17]     00:00:00:00:00:12    00:00:00:00:00:11 1    585  [18,6,7,5,4,17]     00:00:00:00:00:12    00:00:00:00:00:11 2    585  [18,6,7,5,19,17]     00:00:00:00:00:12    00:00:00:00:00:11 3    585  [18,6,7,22,19,17]     00:00:00:00:00:12    00:00:00:00:00:11 4    585  [18,6,13,5,4,17]     00:00:00:00:00:12    00:00:00:00:00:11 5    585  [18,6,13,5,19,17]     00:00:00:00:00:12    00:00:00:00:00:11 6    585  [18,22,7,5,4,17]     00:00:00:00:00:12    00:00:00:00:00:11 7    585  [18,22,7,5,19,17]     00:00:00:00:00:12    00:00:00:00:00:11 8    585  [18,22,11,5,4,17]     00:00:00:00:00:12    00:00:00:00:00:11 9    585  [18,22,11,5,19,17]     00:00:00:00:00:12    00:00:00:00:00:11 10    585  [18,22,15,5,4,17]     00:00:00:00:00:12    00:00:00:00:00:11 11    585  [18,22,15,5,19,17]     00:00:00:00:00:12    00:00:00:00:00:11 12    585  [18,22,19,5,4,17]     00:00:00:00:00:12    00:00:00:00:00:11 13    731  [18,6,13,8,5,4,17]     00:00:00:00:00:12    00:00:00:00:00:11 14    731  [18,6,13,8,5,19,17]     00:00:00:00:00:12    00:00:00:00:00:11 15    731  [18,22,16,1,5,4,17]  
# h00:00:00:00:00:12 -> h00:00:00:00:00:15
   00:00:00:00:00:12    00:00:00:00:00:15 0    585  [18,6,7,5,4,21]     00:00:00:00:00:12    00:00:00:00:00:15 1    585  [18,6,13,5,4,21]     00:00:00:00:00:12    00:00:00:00:00:15 2    585  [18,22,7,5,4,21]     00:00:00:00:00:12    00:00:00:00:00:15 3    585  [18,22,11,5,4,21]     00:00:00:00:00:12    00:00:00:00:00:15 4    585  [18,22,15,5,4,21]     00:00:00:00:00:12    00:00:00:00:00:15 5    585  [18,22,19,5,4,21]     00:00:00:00:00:12    00:00:00:00:00:15 6    585  [18,22,16,1,10,21]     00:00:00:00:00:12    00:00:00:00:00:15 7    585  [18,22,19,17,4,21]     00:00:00:00:00:12    00:00:00:00:00:15 8    731  [18,6,7,3,1,10,21]     00:00:00:00:00:12    00:00:00:00:00:15 9    731  [18,6,7,5,1,10,21]     00:00:00:00:00:12    00:00:00:00:00:15 10    731  [18,6,13,5,1,10,21]     00:00:00:00:00:12    00:00:00:00:00:15 11    731  [18,6,13,8,5,4,21]     00:00:00:00:00:12    00:00:00:00:00:15 12    731  [18,6,13,3,1,10,21]     00:00:00:00:00:12    00:00:00:00:00:15 13    731  [18,22,7,3,1,10,21]     00:00:00:00:00:12    00:00:00:00:00:15 14    731  [18,22,7,5,1,10,21]     00:00:00:00:00:12    00:00:00:00:00:15 15    731  [18,22,11,5,1,10,21]  
# h00:00:00:00:00:12 -> h00:00:00:00:00:08
   00:00:00:00:00:12    00:00:00:00:00:08 0    293  [18,6,13,8]     00:00:00:00:00:12    00:00:00:00:00:08 1    439  [18,6,7,5,8]     00:00:00:00:00:12    00:00:00:00:00:08 2    439  [18,6,13,5,8]     00:00:00:00:00:12    00:00:00:00:00:08 3    439  [18,22,7,5,8]     00:00:00:00:00:12    00:00:00:00:00:08 4    439  [18,22,11,5,8]     00:00:00:00:00:12    00:00:00:00:00:08 5    439  [18,22,15,5,8]     00:00:00:00:00:12    00:00:00:00:00:08 6    439  [18,22,19,5,8]     00:00:00:00:00:12    00:00:00:00:00:08 7    585  [18,6,7,3,13,8]     00:00:00:00:00:12    00:00:00:00:00:08 8    585  [18,6,7,5,13,8]     00:00:00:00:00:12    00:00:00:00:00:08 9    585  [18,22,7,3,13,8]     00:00:00:00:00:12    00:00:00:00:00:08 10    585  [18,22,7,5,13,8]     00:00:00:00:00:12    00:00:00:00:00:08 11    585  [18,22,7,6,13,8]     00:00:00:00:00:12    00:00:00:00:00:08 12    585  [18,22,11,5,13,8]     00:00:00:00:00:12    00:00:00:00:00:08 13    585  [18,22,15,5,13,8]     00:00:00:00:00:12    00:00:00:00:00:08 14    585  [18,22,15,12,13,8]     00:00:00:00:00:12    00:00:00:00:00:08 15    585  [18,22,16,1,5,8]  
# h00:00:00:00:00:12 -> h00:00:00:00:00:0b
   00:00:00:00:00:12    00:00:00:00:00:0b 0    146  [18,22,11]     00:00:00:00:00:12    00:00:00:00:00:0b 1    439  [18,6,7,5,11]     00:00:00:00:00:12    00:00:00:00:00:0b 2    439  [18,6,7,22,11]     00:00:00:00:00:12    00:00:00:00:00:0b 3    439  [18,6,13,5,11]     00:00:00:00:00:12    00:00:00:00:00:0b 4    439  [18,22,7,5,11]     00:00:00:00:00:12    00:00:00:00:00:0b 5    439  [18,22,15,5,11]     00:00:00:00:00:12    00:00:00:00:00:0b 6    439  [18,22,19,5,11]     00:00:00:00:00:12    00:00:00:00:00:0b 7    585  [18,6,13,8,5,11]     00:00:00:00:00:12    00:00:00:00:00:0b 8    585  [18,22,16,1,5,11]     00:00:00:00:00:12    00:00:00:00:00:0b 9    731  [18,6,7,3,1,5,11]     00:00:00:00:00:12    00:00:00:00:00:0b 10    731  [18,6,7,2,15,5,11]     00:00:00:00:00:12    00:00:00:00:00:0b 11    731  [18,6,7,2,15,22,11]     00:00:00:00:00:12    00:00:00:00:00:0b 12    731  [18,6,7,3,13,5,11]     00:00:00:00:00:12    00:00:00:00:00:0b 13    731  [18,6,7,5,15,22,11]     00:00:00:00:00:12    00:00:00:00:00:0b 14    731  [18,6,7,5,19,22,11]     00:00:00:00:00:12    00:00:00:00:00:0b 15    731  [18,6,7,22,15,5,11]  
# h00:00:00:00:00:12 -> h00:00:00:00:00:13
   00:00:00:00:00:12    00:00:00:00:00:13 0    146  [18,22,19]     00:00:00:00:00:12    00:00:00:00:00:13 1    439  [18,6,7,5,19]     00:00:00:00:00:12    00:00:00:00:00:13 2    439  [18,6,7,22,19]     00:00:00:00:00:12    00:00:00:00:00:13 3    439  [18,6,13,5,19]     00:00:00:00:00:12    00:00:00:00:00:13 4    439  [18,22,7,5,19]     00:00:00:00:00:12    00:00:00:00:00:13 5    439  [18,22,11,5,19]     00:00:00:00:00:12    00:00:00:00:00:13 6    439  [18,22,15,5,19]     00:00:00:00:00:12    00:00:00:00:00:13 7    585  [18,6,13,8,5,19]     00:00:00:00:00:12    00:00:00:00:00:13 8    585  [18,22,16,1,5,19]     00:00:00:00:00:12    00:00:00:00:00:13 9    731  [18,6,7,3,1,5,19]     00:00:00:00:00:12    00:00:00:00:00:13 10    731  [18,6,7,2,15,5,19]     00:00:00:00:00:12    00:00:00:00:00:13 11    731  [18,6,7,2,15,22,19]     00:00:00:00:00:12    00:00:00:00:00:13 12    731  [18,6,7,3,13,5,19]     00:00:00:00:00:12    00:00:00:00:00:13 13    731  [18,6,7,5,4,17,19]     00:00:00:00:00:12    00:00:00:00:00:13 14    731  [18,6,7,5,11,22,19]     00:00:00:00:00:12    00:00:00:00:00:13 15    731  [18,6,7,5,15,22,19]  
# h00:00:00:00:00:12 -> h00:00:00:00:00:06
   00:00:00:00:00:12    00:00:00:00:00:06 0      0  [18,6]     00:00:00:00:00:12    00:00:00:00:00:06 1    293  [18,22,7,6]     00:00:00:00:00:12    00:00:00:00:00:06 2    585  [18,22,7,3,13,6]     00:00:00:00:00:12    00:00:00:00:00:06 3    585  [18,22,7,5,13,6]     00:00:00:00:00:12    00:00:00:00:00:06 4    585  [18,22,15,2,7,6]     00:00:00:00:00:12    00:00:00:00:00:06 5    585  [18,22,11,5,7,6]     00:00:00:00:00:12    00:00:00:00:00:06 6    585  [18,22,11,5,13,6]     00:00:00:00:00:12    00:00:00:00:00:06 7    585  [18,22,15,5,7,6]     00:00:00:00:00:12    00:00:00:00:00:06 8    585  [18,22,15,5,13,6]     00:00:00:00:00:12    00:00:00:00:00:06 9    585  [18,22,15,12,13,6]     00:00:00:00:00:12    00:00:00:00:00:06 10    585  [18,22,19,5,7,6]     00:00:00:00:00:12    00:00:00:00:00:06 11    585  [18,22,19,5,13,6]     00:00:00:00:00:12    00:00:00:00:00:06 12    731  [18,22,7,5,8,13,6]     00:00:00:00:00:12    00:00:00:00:00:06 13    731  [18,22,11,5,8,13,6]     00:00:00:00:00:12    00:00:00:00:00:06 14    731  [18,22,15,2,14,7,6]     00:00:00:00:00:12    00:00:00:00:00:06 15    731  [18,22,15,5,8,13,6]  
# h00:00:00:00:00:12 -> h00:00:00:00:00:16
   00:00:00:00:00:12    00:00:00:00:00:16 0      0  [18,22]     00:00:00:00:00:12    00:00:00:00:00:16 1    293  [18,6,7,22]     00:00:00:00:00:12    00:00:00:00:00:16 2    585  [18,6,7,5,11,22]     00:00:00:00:00:12    00:00:00:00:00:16 3    585  [18,6,7,2,15,22]     00:00:00:00:00:12    00:00:00:00:00:16 4    585  [18,6,7,5,15,22]     00:00:00:00:00:12    00:00:00:00:00:16 5    585  [18,6,7,5,19,22]     00:00:00:00:00:12    00:00:00:00:00:16 6    585  [18,6,13,3,7,22]     00:00:00:00:00:12    00:00:00:00:00:16 7    585  [18,6,13,5,7,22]     00:00:00:00:00:12    00:00:00:00:00:16 8    585  [18,6,13,5,11,22]     00:00:00:00:00:12    00:00:00:00:00:16 9    585  [18,6,13,5,15,22]     00:00:00:00:00:12    00:00:00:00:00:16 10    585  [18,6,13,5,19,22]     00:00:00:00:00:12    00:00:00:00:00:16 11    585  [18,6,13,12,15,22]     00:00:00:00:00:12    00:00:00:00:00:16 12    731  [18,6,7,5,1,16,22]     00:00:00:00:00:12    00:00:00:00:00:16 13    731  [18,6,7,14,2,15,22]     00:00:00:00:00:12    00:00:00:00:00:16 14    731  [18,6,7,3,1,16,22]     00:00:00:00:00:12    00:00:00:00:00:16 15    731  [18,6,13,3,1,16,22]  
# h00:00:00:00:00:12 -> h00:00:00:00:00:09
   00:00:00:00:00:12    00:00:00:00:00:09 0    585  [18,22,16,1,10,9]     00:00:00:00:00:12    00:00:00:00:00:09 1    585  [18,22,16,1,20,9]     00:00:00:00:00:12    00:00:00:00:00:09 2    731  [18,6,7,3,1,10,9]     00:00:00:00:00:12    00:00:00:00:00:09 3    731  [18,6,7,3,1,20,9]     00:00:00:00:00:12    00:00:00:00:00:09 4    731  [18,6,7,5,1,10,9]     00:00:00:00:00:12    00:00:00:00:00:09 5    731  [18,6,7,5,1,20,9]     00:00:00:00:00:12    00:00:00:00:00:09 6    731  [18,6,13,3,1,10,9]     00:00:00:00:00:12    00:00:00:00:00:09 7    731  [18,6,13,3,1,20,9]     00:00:00:00:00:12    00:00:00:00:00:09 8    731  [18,6,13,5,1,10,9]     00:00:00:00:00:12    00:00:00:00:00:09 9    731  [18,6,13,5,1,20,9]     00:00:00:00:00:12    00:00:00:00:00:09 10    731  [18,22,7,3,1,10,9]     00:00:00:00:00:12    00:00:00:00:00:09 11    731  [18,22,7,3,1,20,9]     00:00:00:00:00:12    00:00:00:00:00:09 12    731  [18,22,7,5,1,10,9]     00:00:00:00:00:12    00:00:00:00:00:09 13    731  [18,22,7,5,1,20,9]     00:00:00:00:00:12    00:00:00:00:00:09 14    731  [18,22,11,5,1,10,9]     00:00:00:00:00:12    00:00:00:00:00:09 15    731  [18,22,11,5,1,20,9]  
# h00:00:00:00:00:12 -> h00:00:00:00:00:0c
   00:00:00:00:00:12    00:00:00:00:00:0c 0    293  [18,6,13,12]     00:00:00:00:00:12    00:00:00:00:00:0c 1    293  [18,22,15,12]     00:00:00:00:00:12    00:00:00:00:00:0c 2    585  [18,6,7,3,13,12]     00:00:00:00:00:12    00:00:00:00:00:0c 3    585  [18,6,7,5,13,12]     00:00:00:00:00:12    00:00:00:00:00:0c 4    585  [18,6,7,2,15,12]     00:00:00:00:00:12    00:00:00:00:00:0c 5    585  [18,6,7,5,15,12]     00:00:00:00:00:12    00:00:00:00:00:0c 6    585  [18,6,7,22,15,12]     00:00:00:00:00:12    00:00:00:00:00:0c 7    585  [18,6,13,5,15,12]     00:00:00:00:00:12    00:00:00:00:00:0c 8    585  [18,22,7,3,13,12]     00:00:00:00:00:12    00:00:00:00:00:0c 9    585  [18,22,7,5,13,12]     00:00:00:00:00:12    00:00:00:00:00:0c 10    585  [18,22,7,5,15,12]     00:00:00:00:00:12    00:00:00:00:00:0c 11    585  [18,22,7,6,13,12]     00:00:00:00:00:12    00:00:00:00:00:0c 12    585  [18,22,7,2,15,12]     00:00:00:00:00:12    00:00:00:00:00:0c 13    585  [18,22,11,5,13,12]     00:00:00:00:00:12    00:00:00:00:00:0c 14    585  [18,22,11,5,15,12]     00:00:00:00:00:12    00:00:00:00:00:0c 15    585  [18,22,15,5,13,12]  
# h00:00:00:00:00:16 -> h00:00:00:00:00:01
   00:00:00:00:00:16    00:00:00:00:00:01 0    146  [22,16,1]     00:00:00:00:00:16    00:00:00:00:00:01 1    293  [22,7,3,1]     00:00:00:00:00:16    00:00:00:00:00:01 2    293  [22,7,5,1]     00:00:00:00:00:16    00:00:00:00:00:01 3    293  [22,11,5,1]     00:00:00:00:00:16    00:00:00:00:00:01 4    293  [22,15,5,1]     00:00:00:00:00:16    00:00:00:00:00:01 5    293  [22,19,5,1]     00:00:00:00:00:16    00:00:00:00:00:01 6    585  [22,7,3,13,5,1]     00:00:00:00:00:16    00:00:00:00:00:01 7    585  [22,7,5,13,3,1]     00:00:00:00:00:16    00:00:00:00:00:01 8    585  [22,7,6,13,3,1]     00:00:00:00:00:16    00:00:00:00:00:01 9    585  [22,7,2,15,5,1]     00:00:00:00:00:16    00:00:00:00:00:01 10    585  [22,7,6,13,5,1]     00:00:00:00:00:16    00:00:00:00:00:01 11    585  [22,11,5,7,3,1]     00:00:00:00:00:16    00:00:00:00:00:01 12    585  [22,11,5,13,3,1]     00:00:00:00:00:16    00:00:00:00:00:01 13    585  [22,15,2,7,3,1]     00:00:00:00:00:16    00:00:00:00:00:01 14    585  [22,15,2,7,5,1]     00:00:00:00:00:16    00:00:00:00:00:01 15    585  [22,15,5,7,3,1]  
# h00:00:00:00:00:16 -> h00:00:00:00:00:03
   00:00:00:00:00:16    00:00:00:00:00:03 0    146  [22,7,3]     00:00:00:00:00:16    00:00:00:00:00:03 1    293  [22,16,1,3]     00:00:00:00:00:16    00:00:00:00:00:03 2    439  [22,7,5,1,3]     00:00:00:00:00:16    00:00:00:00:00:03 3    439  [22,7,5,13,3]     00:00:00:00:00:16    00:00:00:00:00:03 4    439  [22,7,6,13,3]     00:00:00:00:00:16    00:00:00:00:00:03 5    439  [22,11,5,1,3]     00:00:00:00:00:16    00:00:00:00:00:03 6    439  [22,11,5,7,3]     00:00:00:00:00:16    00:00:00:00:00:03 7    439  [22,11,5,13,3]     00:00:00:00:00:16    00:00:00:00:00:03 8    439  [22,15,5,1,3]     00:00:00:00:00:16    00:00:00:00:00:03 9    439  [22,15,2,7,3]     00:00:00:00:00:16    00:00:00:00:00:03 10    439  [22,15,5,7,3]     00:00:00:00:00:16    00:00:00:00:00:03 11    439  [22,15,5,13,3]     00:00:00:00:00:16    00:00:00:00:00:03 12    439  [22,15,12,13,3]     00:00:00:00:00:16    00:00:00:00:00:03 13    439  [22,19,5,1,3]     00:00:00:00:00:16    00:00:00:00:00:03 14    439  [22,18,6,7,3]     00:00:00:00:00:16    00:00:00:00:00:03 15    439  [22,18,6,13,3]  
# h00:00:00:00:00:16 -> h00:00:00:00:00:05
   00:00:00:00:00:16    00:00:00:00:00:05 0    146  [22,7,5]     00:00:00:00:00:16    00:00:00:00:00:05 1    146  [22,11,5]     00:00:00:00:00:16    00:00:00:00:00:05 2    146  [22,15,5]     00:00:00:00:00:16    00:00:00:00:00:05 3    146  [22,19,5]     00:00:00:00:00:16    00:00:00:00:00:05 4    293  [22,16,1,5]     00:00:00:00:00:16    00:00:00:00:00:05 5    439  [22,7,3,1,5]     00:00:00:00:00:16    00:00:00:00:00:05 6    439  [22,7,3,13,5]     00:00:00:00:00:16    00:00:00:00:00:05 7    439  [22,7,6,13,5]     00:00:00:00:00:16    00:00:00:00:00:05 8    439  [22,7,2,15,5]     00:00:00:00:00:16    00:00:00:00:00:05 9    439  [22,15,2,7,5]     00:00:00:00:00:16    00:00:00:00:00:05 10    439  [22,15,12,13,5]     00:00:00:00:00:16    00:00:00:00:00:05 11    439  [22,18,6,7,5]     00:00:00:00:00:16    00:00:00:00:00:05 12    439  [22,18,6,13,5]     00:00:00:00:00:16    00:00:00:00:00:05 13    439  [22,19,17,4,5]     00:00:00:00:00:16    00:00:00:00:00:05 14    585  [22,7,3,13,8,5]     00:00:00:00:00:16    00:00:00:00:00:05 15    585  [22,7,6,13,8,5]  
# h00:00:00:00:00:16 -> h00:00:00:00:00:0a
   00:00:00:00:00:16    00:00:00:00:00:0a 0    293  [22,16,1,10]     00:00:00:00:00:16    00:00:00:00:00:0a 1    439  [22,7,3,1,10]     00:00:00:00:00:16    00:00:00:00:00:0a 2    439  [22,7,5,1,10]     00:00:00:00:00:16    00:00:00:00:00:0a 3    439  [22,11,5,1,10]     00:00:00:00:00:16    00:00:00:00:00:0a 4    439  [22,15,5,1,10]     00:00:00:00:00:16    00:00:00:00:00:0a 5    439  [22,19,5,1,10]     00:00:00:00:00:16    00:00:00:00:00:0a 6    585  [22,7,5,4,21,10]     00:00:00:00:00:16    00:00:00:00:00:0a 7    585  [22,11,5,4,21,10]     00:00:00:00:00:16    00:00:00:00:00:0a 8    585  [22,15,5,4,21,10]     00:00:00:00:00:16    00:00:00:00:00:0a 9    585  [22,16,1,20,9,10]     00:00:00:00:00:16    00:00:00:00:00:0a 10    585  [22,19,5,4,21,10]     00:00:00:00:00:16    00:00:00:00:00:0a 11    585  [22,19,17,4,21,10]     00:00:00:00:00:16    00:00:00:00:00:0a 12    731  [22,7,3,1,20,9,10]     00:00:00:00:00:16    00:00:00:00:00:0a 13    731  [22,7,3,13,5,1,10]     00:00:00:00:00:16    00:00:00:00:00:0a 14    731  [22,7,5,1,20,9,10]     00:00:00:00:00:16    00:00:00:00:00:0a 15    731  [22,7,5,13,3,1,10]  
# h00:00:00:00:00:16 -> h00:00:00:00:00:10
   00:00:00:00:00:16    00:00:00:00:00:10 0      0  [22,16]     00:00:00:00:00:16    00:00:00:00:00:10 1    439  [22,7,3,1,16]     00:00:00:00:00:16    00:00:00:00:00:10 2    439  [22,7,5,1,16]     00:00:00:00:00:16    00:00:00:00:00:10 3    439  [22,11,5,1,16]     00:00:00:00:00:16    00:00:00:00:00:10 4    439  [22,15,5,1,16]     00:00:00:00:00:16    00:00:00:00:00:10 5    439  [22,19,5,1,16]     00:00:00:00:00:16    00:00:00:00:00:10 6    731  [22,7,3,13,5,1,16]     00:00:00:00:00:16    00:00:00:00:00:10 7    731  [22,7,5,13,3,1,16]     00:00:00:00:00:16    00:00:00:00:00:10 8    731  [22,7,6,13,3,1,16]     00:00:00:00:00:16    00:00:00:00:00:10 9    731  [22,7,2,15,5,1,16]     00:00:00:00:00:16    00:00:00:00:00:10 10    731  [22,7,6,13,5,1,16]     00:00:00:00:00:16    00:00:00:00:00:10 11    731  [22,11,5,7,3,1,16]     00:00:00:00:00:16    00:00:00:00:00:10 12    731  [22,11,5,13,3,1,16]     00:00:00:00:00:16    00:00:00:00:00:10 13    731  [22,15,2,7,3,1,16]     00:00:00:00:00:16    00:00:00:00:00:10 14    731  [22,15,2,7,5,1,16]     00:00:00:00:00:16    00:00:00:00:00:10 15    731  [22,15,5,7,3,1,16]  
# h00:00:00:00:00:16 -> h00:00:00:00:00:14
   00:00:00:00:00:16    00:00:00:00:00:14 0    293  [22,16,1,20]     00:00:00:00:00:16    00:00:00:00:00:14 1    439  [22,7,3,1,20]     00:00:00:00:00:16    00:00:00:00:00:14 2    439  [22,7,5,1,20]     00:00:00:00:00:16    00:00:00:00:00:14 3    439  [22,11,5,1,20]     00:00:00:00:00:16    00:00:00:00:00:14 4    439  [22,15,5,1,20]     00:00:00:00:00:16    00:00:00:00:00:14 5    439  [22,19,5,1,20]     00:00:00:00:00:16    00:00:00:00:00:14 6    585  [22,16,1,10,9,20]     00:00:00:00:00:16    00:00:00:00:00:14 7    731  [22,7,3,1,10,9,20]     00:00:00:00:00:16    00:00:00:00:00:14 8    731  [22,7,3,13,5,1,20]     00:00:00:00:00:16    00:00:00:00:00:14 9    731  [22,7,5,1,10,9,20]     00:00:00:00:00:16    00:00:00:00:00:14 10    731  [22,7,5,13,3,1,20]     00:00:00:00:00:16    00:00:00:00:00:14 11    731  [22,7,6,13,3,1,20]     00:00:00:00:00:16    00:00:00:00:00:14 12    731  [22,7,2,15,5,1,20]     00:00:00:00:00:16    00:00:00:00:00:14 13    731  [22,7,6,13,5,1,20]     00:00:00:00:00:16    00:00:00:00:00:14 14    731  [22,11,5,1,10,9,20]     00:00:00:00:00:16    00:00:00:00:00:14 15    731  [22,11,5,7,3,1,20]  
# h00:00:00:00:00:16 -> h00:00:00:00:00:02
   00:00:00:00:00:16    00:00:00:00:00:02 0    146  [22,7,2]     00:00:00:00:00:16    00:00:00:00:00:02 1    146  [22,15,2]     00:00:00:00:00:16    00:00:00:00:00:02 2    293  [22,7,14,2]     00:00:00:00:00:16    00:00:00:00:00:02 3    439  [22,7,5,15,2]     00:00:00:00:00:16    00:00:00:00:00:02 4    439  [22,11,5,7,2]     00:00:00:00:00:16    00:00:00:00:00:02 5    439  [22,11,5,15,2]     00:00:00:00:00:16    00:00:00:00:00:02 6    439  [22,15,5,7,2]     00:00:00:00:00:16    00:00:00:00:00:02 7    439  [22,19,5,7,2]     00:00:00:00:00:16    00:00:00:00:00:02 8    439  [22,18,6,7,2]     00:00:00:00:00:16    00:00:00:00:00:02 9    439  [22,19,5,15,2]     00:00:00:00:00:16    00:00:00:00:00:02 10    585  [22,11,5,7,14,2]     00:00:00:00:00:16    00:00:00:00:00:02 11    585  [22,15,5,7,14,2]     00:00:00:00:00:16    00:00:00:00:00:02 12    585  [22,16,1,3,7,2]     00:00:00:00:00:16    00:00:00:00:00:02 13    585  [22,16,1,5,7,2]     00:00:00:00:00:16    00:00:00:00:00:02 14    585  [22,16,1,5,15,2]     00:00:00:00:00:16    00:00:00:00:00:02 15    585  [22,18,6,7,14,2]  
# h00:00:00:00:00:16 -> h00:00:00:00:00:07
   00:00:00:00:00:16    00:00:00:00:00:07 0      0  [22,7]     00:00:00:00:00:16    00:00:00:00:00:07 1    293  [22,15,2,7]     00:00:00:00:00:16    00:00:00:00:00:07 2    293  [22,11,5,7]     00:00:00:00:00:16    00:00:00:00:00:07 3    293  [22,15,5,7]     00:00:00:00:00:16    00:00:00:00:00:07 4    293  [22,19,5,7]     00:00:00:00:00:16    00:00:00:00:00:07 5    293  [22,18,6,7]     00:00:00:00:00:16    00:00:00:00:00:07 6    439  [22,15,2,14,7]     00:00:00:00:00:16    00:00:00:00:00:07 7    439  [22,16,1,3,7]     00:00:00:00:00:16    00:00:00:00:00:07 8    439  [22,16,1,5,7]     00:00:00:00:00:16    00:00:00:00:00:07 9    585  [22,11,5,15,2,7]     00:00:00:00:00:16    00:00:00:00:00:07 10    585  [22,11,5,1,3,7]     00:00:00:00:00:16    00:00:00:00:00:07 11    585  [22,11,5,13,3,7]     00:00:00:00:00:16    00:00:00:00:00:07 12    585  [22,11,5,13,6,7]     00:00:00:00:00:16    00:00:00:00:00:07 13    585  [22,15,5,1,3,7]     00:00:00:00:00:16    00:00:00:00:00:07 14    585  [22,15,5,13,3,7]     00:00:00:00:00:16    00:00:00:00:00:07 15    585  [22,15,5,13,6,7]  
# h00:00:00:00:00:16 -> h00:00:00:00:00:0e
   00:00:00:00:00:16    00:00:00:00:00:0e 0    146  [22,7,14]     00:00:00:00:00:16    00:00:00:00:00:0e 1    293  [22,7,2,14]     00:00:00:00:00:16    00:00:00:00:00:0e 2    293  [22,15,2,14]     00:00:00:00:00:16    00:00:00:00:00:0e 3    439  [22,11,5,7,14]     00:00:00:00:00:16    00:00:00:00:00:0e 4    439  [22,15,2,7,14]     00:00:00:00:00:16    00:00:00:00:00:0e 5    439  [22,15,5,7,14]     00:00:00:00:00:16    00:00:00:00:00:0e 6    439  [22,19,5,7,14]     00:00:00:00:00:16    00:00:00:00:00:0e 7    439  [22,18,6,7,14]     00:00:00:00:00:16    00:00:00:00:00:0e 8    585  [22,7,5,15,2,14]     00:00:00:00:00:16    00:00:00:00:00:0e 9    585  [22,11,5,7,2,14]     00:00:00:00:00:16    00:00:00:00:00:0e 10    585  [22,11,5,15,2,14]     00:00:00:00:00:16    00:00:00:00:00:0e 11    585  [22,15,5,7,2,14]     00:00:00:00:00:16    00:00:00:00:00:0e 12    585  [22,16,1,3,7,14]     00:00:00:00:00:16    00:00:00:00:00:0e 13    585  [22,16,1,5,7,14]     00:00:00:00:00:16    00:00:00:00:00:0e 14    585  [22,18,6,7,2,14]     00:00:00:00:00:16    00:00:00:00:00:0e 15    585  [22,19,5,7,2,14]  
# h00:00:00:00:00:16 -> h00:00:00:00:00:0f
   00:00:00:00:00:16    00:00:00:00:00:0f 0      0  [22,15]     00:00:00:00:00:16    00:00:00:00:00:0f 1    293  [22,7,2,15]     00:00:00:00:00:16    00:00:00:00:00:0f 2    293  [22,7,5,15]     00:00:00:00:00:16    00:00:00:00:00:0f 3    293  [22,11,5,15]     00:00:00:00:00:16    00:00:00:00:00:0f 4    293  [22,19,5,15]     00:00:00:00:00:16    00:00:00:00:00:0f 5    439  [22,7,14,2,15]     00:00:00:00:00:16    00:00:00:00:00:0f 6    439  [22,16,1,5,15]     00:00:00:00:00:16    00:00:00:00:00:0f 7    585  [22,7,3,1,5,15]     00:00:00:00:00:16    00:00:00:00:00:0f 8    585  [22,7,3,13,5,15]     00:00:00:00:00:16    00:00:00:00:00:0f 9    585  [22,7,3,13,12,15]     00:00:00:00:00:16    00:00:00:00:00:0f 10    585  [22,7,5,13,12,15]     00:00:00:00:00:16    00:00:00:00:00:0f 11    585  [22,7,6,13,5,15]     00:00:00:00:00:16    00:00:00:00:00:0f 12    585  [22,7,6,13,12,15]     00:00:00:00:00:16    00:00:00:00:00:0f 13    585  [22,11,5,7,2,15]     00:00:00:00:00:16    00:00:00:00:00:0f 14    585  [22,11,5,13,12,15]     00:00:00:00:00:16    00:00:00:00:00:0f 15    585  [22,18,6,7,2,15]  
# h00:00:00:00:00:16 -> h00:00:00:00:00:0d
   00:00:00:00:00:16    00:00:00:00:00:0d 0    293  [22,7,3,13]     00:00:00:00:00:16    00:00:00:00:00:0d 1    293  [22,7,5,13]     00:00:00:00:00:16    00:00:00:00:00:0d 2    293  [22,7,6,13]     00:00:00:00:00:16    00:00:00:00:00:0d 3    293  [22,11,5,13]     00:00:00:00:00:16    00:00:00:00:00:0d 4    293  [22,15,5,13]     00:00:00:00:00:16    00:00:00:00:00:0d 5    293  [22,15,12,13]     00:00:00:00:00:16    00:00:00:00:00:0d 6    293  [22,19,5,13]     00:00:00:00:00:16    00:00:00:00:00:0d 7    293  [22,18,6,13]     00:00:00:00:00:16    00:00:00:00:00:0d 8    439  [22,7,5,8,13]     00:00:00:00:00:16    00:00:00:00:00:0d 9    439  [22,11,5,8,13]     00:00:00:00:00:16    00:00:00:00:00:0d 10    439  [22,15,5,8,13]     00:00:00:00:00:16    00:00:00:00:00:0d 11    439  [22,16,1,3,13]     00:00:00:00:00:16    00:00:00:00:00:0d 12    439  [22,16,1,5,13]     00:00:00:00:00:16    00:00:00:00:00:0d 13    439  [22,19,5,8,13]     00:00:00:00:00:16    00:00:00:00:00:0d 14    585  [22,7,2,15,5,13]     00:00:00:00:00:16    00:00:00:00:00:0d 15    585  [22,7,2,15,12,13]  
# h00:00:00:00:00:16 -> h00:00:00:00:00:04
   00:00:00:00:00:16    00:00:00:00:00:04 0    293  [22,7,5,4]     00:00:00:00:00:16    00:00:00:00:00:04 1    293  [22,11,5,4]     00:00:00:00:00:16    00:00:00:00:00:04 2    293  [22,15,5,4]     00:00:00:00:00:16    00:00:00:00:00:04 3    293  [22,19,5,4]     00:00:00:00:00:16    00:00:00:00:00:04 4    293  [22,19,17,4]     00:00:00:00:00:16    00:00:00:00:00:04 5    439  [22,16,1,5,4]     00:00:00:00:00:16    00:00:00:00:00:04 6    585  [22,7,3,1,5,4]     00:00:00:00:00:16    00:00:00:00:00:04 7    585  [22,7,3,13,5,4]     00:00:00:00:00:16    00:00:00:00:00:04 8    585  [22,7,5,19,17,4]     00:00:00:00:00:16    00:00:00:00:00:04 9    585  [22,7,6,13,5,4]     00:00:00:00:00:16    00:00:00:00:00:04 10    585  [22,7,2,15,5,4]     00:00:00:00:00:16    00:00:00:00:00:04 11    585  [22,11,5,19,17,4]     00:00:00:00:00:16    00:00:00:00:00:04 12    585  [22,15,2,7,5,4]     00:00:00:00:00:16    00:00:00:00:00:04 13    585  [22,15,5,19,17,4]     00:00:00:00:00:16    00:00:00:00:00:04 14    585  [22,15,12,13,5,4]     00:00:00:00:00:16    00:00:00:00:00:04 15    585  [22,16,1,10,21,4]  
# h00:00:00:00:00:16 -> h00:00:00:00:00:11
   00:00:00:00:00:16    00:00:00:00:00:11 0    146  [22,19,17]     00:00:00:00:00:16    00:00:00:00:00:11 1    439  [22,7,5,4,17]     00:00:00:00:00:16    00:00:00:00:00:11 2    439  [22,7,5,19,17]     00:00:00:00:00:16    00:00:00:00:00:11 3    439  [22,11,5,4,17]     00:00:00:00:00:16    00:00:00:00:00:11 4    439  [22,11,5,19,17]     00:00:00:00:00:16    00:00:00:00:00:11 5    439  [22,15,5,4,17]     00:00:00:00:00:16    00:00:00:00:00:11 6    439  [22,15,5,19,17]     00:00:00:00:00:16    00:00:00:00:00:11 7    439  [22,19,5,4,17]     00:00:00:00:00:16    00:00:00:00:00:11 8    585  [22,16,1,5,4,17]     00:00:00:00:00:16    00:00:00:00:00:11 9    585  [22,16,1,5,19,17]     00:00:00:00:00:16    00:00:00:00:00:11 10    731  [22,7,3,1,5,4,17]     00:00:00:00:00:16    00:00:00:00:00:11 11    731  [22,7,3,1,5,19,17]     00:00:00:00:00:16    00:00:00:00:00:11 12    731  [22,7,3,13,5,4,17]     00:00:00:00:00:16    00:00:00:00:00:11 13    731  [22,7,3,13,5,19,17]     00:00:00:00:00:16    00:00:00:00:00:11 14    731  [22,7,6,13,5,4,17]     00:00:00:00:00:16    00:00:00:00:00:11 15    731  [22,7,2,15,5,4,17]  
# h00:00:00:00:00:16 -> h00:00:00:00:00:15
   00:00:00:00:00:16    00:00:00:00:00:15 0    439  [22,7,5,4,21]     00:00:00:00:00:16    00:00:00:00:00:15 1    439  [22,11,5,4,21]     00:00:00:00:00:16    00:00:00:00:00:15 2    439  [22,15,5,4,21]     00:00:00:00:00:16    00:00:00:00:00:15 3    439  [22,19,5,4,21]     00:00:00:00:00:16    00:00:00:00:00:15 4    439  [22,16,1,10,21]     00:00:00:00:00:16    00:00:00:00:00:15 5    439  [22,19,17,4,21]     00:00:00:00:00:16    00:00:00:00:00:15 6    585  [22,7,3,1,10,21]     00:00:00:00:00:16    00:00:00:00:00:15 7    585  [22,7,5,1,10,21]     00:00:00:00:00:16    00:00:00:00:00:15 8    585  [22,11,5,1,10,21]     00:00:00:00:00:16    00:00:00:00:00:15 9    585  [22,15,5,1,10,21]     00:00:00:00:00:16    00:00:00:00:00:15 10    585  [22,16,1,5,4,21]     00:00:00:00:00:16    00:00:00:00:00:15 11    585  [22,19,5,1,10,21]     00:00:00:00:00:16    00:00:00:00:00:15 12    731  [22,7,3,1,5,4,21]     00:00:00:00:00:16    00:00:00:00:00:15 13    731  [22,7,3,13,5,4,21]     00:00:00:00:00:16    00:00:00:00:00:15 14    731  [22,7,5,19,17,4,21]     00:00:00:00:00:16    00:00:00:00:00:15 15    731  [22,7,6,13,5,4,21]  
# h00:00:00:00:00:16 -> h00:00:00:00:00:08
   00:00:00:00:00:16    00:00:00:00:00:08 0    293  [22,7,5,8]     00:00:00:00:00:16    00:00:00:00:00:08 1    293  [22,11,5,8]     00:00:00:00:00:16    00:00:00:00:00:08 2    293  [22,15,5,8]     00:00:00:00:00:16    00:00:00:00:00:08 3    293  [22,19,5,8]     00:00:00:00:00:16    00:00:00:00:00:08 4    439  [22,7,3,13,8]     00:00:00:00:00:16    00:00:00:00:00:08 5    439  [22,7,5,13,8]     00:00:00:00:00:16    00:00:00:00:00:08 6    439  [22,7,6,13,8]     00:00:00:00:00:16    00:00:00:00:00:08 7    439  [22,11,5,13,8]     00:00:00:00:00:16    00:00:00:00:00:08 8    439  [22,15,5,13,8]     00:00:00:00:00:16    00:00:00:00:00:08 9    439  [22,15,12,13,8]     00:00:00:00:00:16    00:00:00:00:00:08 10    439  [22,16,1,5,8]     00:00:00:00:00:16    00:00:00:00:00:08 11    439  [22,18,6,13,8]     00:00:00:00:00:16    00:00:00:00:00:08 12    439  [22,19,5,13,8]     00:00:00:00:00:16    00:00:00:00:00:08 13    585  [22,7,2,15,5,8]     00:00:00:00:00:16    00:00:00:00:00:08 14    585  [22,7,3,1,5,8]     00:00:00:00:00:16    00:00:00:00:00:08 15    585  [22,7,3,13,5,8]  
# h00:00:00:00:00:16 -> h00:00:00:00:00:0b
   00:00:00:00:00:16    00:00:00:00:00:0b 0      0  [22,11]     00:00:00:00:00:16    00:00:00:00:00:0b 1    293  [22,7,5,11]     00:00:00:00:00:16    00:00:00:00:00:0b 2    293  [22,15,5,11]     00:00:00:00:00:16    00:00:00:00:00:0b 3    293  [22,19,5,11]     00:00:00:00:00:16    00:00:00:00:00:0b 4    439  [22,16,1,5,11]     00:00:00:00:00:16    00:00:00:00:00:0b 5    585  [22,7,3,1,5,11]     00:00:00:00:00:16    00:00:00:00:00:0b 6    585  [22,7,3,13,5,11]     00:00:00:00:00:16    00:00:00:00:00:0b 7    585  [22,7,6,13,5,11]     00:00:00:00:00:16    00:00:00:00:00:0b 8    585  [22,7,2,15,5,11]     00:00:00:00:00:16    00:00:00:00:00:0b 9    585  [22,15,2,7,5,11]     00:00:00:00:00:16    00:00:00:00:00:0b 10    585  [22,15,12,13,5,11]     00:00:00:00:00:16    00:00:00:00:00:0b 11    585  [22,18,6,7,5,11]     00:00:00:00:00:16    00:00:00:00:00:0b 12    585  [22,18,6,13,5,11]     00:00:00:00:00:16    00:00:00:00:00:0b 13    585  [22,19,17,4,5,11]     00:00:00:00:00:16    00:00:00:00:00:0b 14    731  [22,7,3,13,8,5,11]     00:00:00:00:00:16    00:00:00:00:00:0b 15    731  [22,7,6,13,8,5,11]  
# h00:00:00:00:00:16 -> h00:00:00:00:00:13
   00:00:00:00:00:16    00:00:00:00:00:13 0      0  [22,19]     00:00:00:00:00:16    00:00:00:00:00:13 1    293  [22,7,5,19]     00:00:00:00:00:16    00:00:00:00:00:13 2    293  [22,11,5,19]     00:00:00:00:00:16    00:00:00:00:00:13 3    293  [22,15,5,19]     00:00:00:00:00:16    00:00:00:00:00:13 4    439  [22,16,1,5,19]     00:00:00:00:00:16    00:00:00:00:00:13 5    585  [22,7,3,1,5,19]     00:00:00:00:00:16    00:00:00:00:00:13 6    585  [22,7,3,13,5,19]     00:00:00:00:00:16    00:00:00:00:00:13 7    585  [22,7,5,4,17,19]     00:00:00:00:00:16    00:00:00:00:00:13 8    585  [22,7,6,13,5,19]     00:00:00:00:00:16    00:00:00:00:00:13 9    585  [22,7,2,15,5,19]     00:00:00:00:00:16    00:00:00:00:00:13 10    585  [22,11,5,4,17,19]     00:00:00:00:00:16    00:00:00:00:00:13 11    585  [22,15,2,7,5,19]     00:00:00:00:00:16    00:00:00:00:00:13 12    585  [22,15,5,4,17,19]     00:00:00:00:00:16    00:00:00:00:00:13 13    585  [22,15,12,13,5,19]     00:00:00:00:00:16    00:00:00:00:00:13 14    585  [22,18,6,7,5,19]     00:00:00:00:00:16    00:00:00:00:00:13 15    585  [22,18,6,13,5,19]  
# h00:00:00:00:00:16 -> h00:00:00:00:00:06
   00:00:00:00:00:16    00:00:00:00:00:06 0    146  [22,7,6]     00:00:00:00:00:16    00:00:00:00:00:06 1    146  [22,18,6]     00:00:00:00:00:16    00:00:00:00:00:06 2    439  [22,7,3,13,6]     00:00:00:00:00:16    00:00:00:00:00:06 3    439  [22,7,5,13,6]     00:00:00:00:00:16    00:00:00:00:00:06 4    439  [22,15,2,7,6]     00:00:00:00:00:16    00:00:00:00:00:06 5    439  [22,11,5,7,6]     00:00:00:00:00:16    00:00:00:00:00:06 6    439  [22,11,5,13,6]     00:00:00:00:00:16    00:00:00:00:00:06 7    439  [22,15,5,7,6]     00:00:00:00:00:16    00:00:00:00:00:06 8    439  [22,15,5,13,6]     00:00:00:00:00:16    00:00:00:00:00:06 9    439  [22,15,12,13,6]     00:00:00:00:00:16    00:00:00:00:00:06 10    439  [22,19,5,7,6]     00:00:00:00:00:16    00:00:00:00:00:06 11    439  [22,19,5,13,6]     00:00:00:00:00:16    00:00:00:00:00:06 12    585  [22,7,5,8,13,6]     00:00:00:00:00:16    00:00:00:00:00:06 13    585  [22,11,5,8,13,6]     00:00:00:00:00:16    00:00:00:00:00:06 14    585  [22,15,2,14,7,6]     00:00:00:00:00:16    00:00:00:00:00:06 15    585  [22,15,5,8,13,6]  
# h00:00:00:00:00:16 -> h00:00:00:00:00:12
   00:00:00:00:00:16    00:00:00:00:00:12 0      0  [22,18]     00:00:00:00:00:16    00:00:00:00:00:12 1    293  [22,7,6,18]     00:00:00:00:00:16    00:00:00:00:00:12 2    585  [22,7,3,13,6,18]     00:00:00:00:00:16    00:00:00:00:00:12 3    585  [22,7,5,13,6,18]     00:00:00:00:00:16    00:00:00:00:00:12 4    585  [22,15,2,7,6,18]     00:00:00:00:00:16    00:00:00:00:00:12 5    585  [22,11,5,7,6,18]     00:00:00:00:00:16    00:00:00:00:00:12 6    585  [22,11,5,13,6,18]     00:00:00:00:00:16    00:00:00:00:00:12 7    585  [22,15,5,7,6,18]     00:00:00:00:00:16    00:00:00:00:00:12 8    585  [22,15,5,13,6,18]     00:00:00:00:00:16    00:00:00:00:00:12 9    585  [22,15,12,13,6,18]     00:00:00:00:00:16    00:00:00:00:00:12 10    585  [22,19,5,7,6,18]     00:00:00:00:00:16    00:00:00:00:00:12 11    585  [22,19,5,13,6,18]     00:00:00:00:00:16    00:00:00:00:00:12 12    731  [22,7,5,8,13,6,18]     00:00:00:00:00:16    00:00:00:00:00:12 13    731  [22,11,5,8,13,6,18]     00:00:00:00:00:16    00:00:00:00:00:12 14    731  [22,15,2,14,7,6,18]     00:00:00:00:00:16    00:00:00:00:00:12 15    731  [22,15,5,8,13,6,18]  
# h00:00:00:00:00:16 -> h00:00:00:00:00:09
   00:00:00:00:00:16    00:00:00:00:00:09 0    439  [22,16,1,10,9]     00:00:00:00:00:16    00:00:00:00:00:09 1    439  [22,16,1,20,9]     00:00:00:00:00:16    00:00:00:00:00:09 2    585  [22,7,3,1,10,9]     00:00:00:00:00:16    00:00:00:00:00:09 3    585  [22,7,3,1,20,9]     00:00:00:00:00:16    00:00:00:00:00:09 4    585  [22,7,5,1,10,9]     00:00:00:00:00:16    00:00:00:00:00:09 5    585  [22,7,5,1,20,9]     00:00:00:00:00:16    00:00:00:00:00:09 6    585  [22,11,5,1,10,9]     00:00:00:00:00:16    00:00:00:00:00:09 7    585  [22,11,5,1,20,9]     00:00:00:00:00:16    00:00:00:00:00:09 8    585  [22,15,5,1,10,9]     00:00:00:00:00:16    00:00:00:00:00:09 9    585  [22,15,5,1,20,9]     00:00:00:00:00:16    00:00:00:00:00:09 10    585  [22,19,5,1,10,9]     00:00:00:00:00:16    00:00:00:00:00:09 11    585  [22,19,5,1,20,9]     00:00:00:00:00:16    00:00:00:00:00:09 12    731  [22,7,5,4,21,10,9]     00:00:00:00:00:16    00:00:00:00:00:09 13    731  [22,11,5,4,21,10,9]     00:00:00:00:00:16    00:00:00:00:00:09 14    731  [22,15,5,4,21,10,9]     00:00:00:00:00:16    00:00:00:00:00:09 15    731  [22,19,5,4,21,10,9]  
# h00:00:00:00:00:16 -> h00:00:00:00:00:0c
   00:00:00:00:00:16    00:00:00:00:00:0c 0    146  [22,15,12]     00:00:00:00:00:16    00:00:00:00:00:0c 1    439  [22,7,3,13,12]     00:00:00:00:00:16    00:00:00:00:00:0c 2    439  [22,7,5,13,12]     00:00:00:00:00:16    00:00:00:00:00:0c 3    439  [22,7,5,15,12]     00:00:00:00:00:16    00:00:00:00:00:0c 4    439  [22,7,6,13,12]     00:00:00:00:00:16    00:00:00:00:00:0c 5    439  [22,7,2,15,12]     00:00:00:00:00:16    00:00:00:00:00:0c 6    439  [22,11,5,13,12]     00:00:00:00:00:16    00:00:00:00:00:0c 7    439  [22,11,5,15,12]     00:00:00:00:00:16    00:00:00:00:00:0c 8    439  [22,15,5,13,12]     00:00:00:00:00:16    00:00:00:00:00:0c 9    439  [22,19,5,13,12]     00:00:00:00:00:16    00:00:00:00:00:0c 10    439  [22,18,6,13,12]     00:00:00:00:00:16    00:00:00:00:00:0c 11    439  [22,19,5,15,12]     00:00:00:00:00:16    00:00:00:00:00:0c 12    585  [22,7,5,8,13,12]     00:00:00:00:00:16    00:00:00:00:00:0c 13    585  [22,7,14,2,15,12]     00:00:00:00:00:16    00:00:00:00:00:0c 14    585  [22,11,5,8,13,12]     00:00:00:00:00:16    00:00:00:00:00:0c 15    585  [22,15,5,8,13,12]  
# h00:00:00:00:00:09 -> h00:00:00:00:00:01
   00:00:00:00:00:09    00:00:00:00:00:01 0    146  [9,10,1]     00:00:00:00:00:09    00:00:00:00:00:01 1    146  [9,20,1]     00:00:00:00:00:09    00:00:00:00:00:01 2    585  [9,10,21,4,5,1]     00:00:00:00:00:09    00:00:00:00:00:01 3    877  [9,10,21,4,5,7,3,1]     00:00:00:00:00:09    00:00:00:00:00:01 4    877  [9,10,21,4,5,13,3,1]     00:00:00:00:00:09    00:00:00:00:00:01 5    877  [9,10,21,4,17,19,5,1]     00:00:00:00:00:09    00:00:00:00:00:01 6   1023  [9,10,21,4,5,7,22,16,1]     00:00:00:00:00:09    00:00:00:00:00:01 7   1023  [9,10,21,4,5,8,13,3,1]     00:00:00:00:00:09    00:00:00:00:00:01 8   1023  [9,10,21,4,5,11,22,16,1]     00:00:00:00:00:09    00:00:00:00:00:01 9   1023  [9,10,21,4,5,15,22,16,1]     00:00:00:00:00:09    00:00:00:00:00:01 10   1023  [9,10,21,4,5,19,22,16,1]     00:00:00:00:00:09    00:00:00:00:00:01 11   1023  [9,10,21,4,17,19,22,16,1]     00:00:00:00:00:09    00:00:00:00:00:01 12   1170  [9,10,21,4,5,7,6,13,3,1]     00:00:00:00:00:09    00:00:00:00:00:01 13   1170  [9,10,21,4,5,11,22,7,3,1]     00:00:00:00:00:09    00:00:00:00:00:01 14   1170  [9,10,21,4,5,13,6,7,3,1]     00:00:00:00:00:09    00:00:00:00:00:01 15   1170  [9,10,21,4,5,15,2,7,3,1]  
# h00:00:00:00:00:09 -> h00:00:00:00:00:03
   00:00:00:00:00:09    00:00:00:00:00:03 0    293  [9,10,1,3]     00:00:00:00:00:09    00:00:00:00:00:03 1    293  [9,20,1,3]     00:00:00:00:00:09    00:00:00:00:00:03 2    585  [9,10,1,5,7,3]     00:00:00:00:00:09    00:00:00:00:00:03 3    585  [9,10,1,5,13,3]     00:00:00:00:00:09    00:00:00:00:00:03 4    585  [9,20,1,5,7,3]     00:00:00:00:00:09    00:00:00:00:00:03 5    585  [9,20,1,5,13,3]     00:00:00:00:00:09    00:00:00:00:00:03 6    731  [9,10,1,5,8,13,3]     00:00:00:00:00:09    00:00:00:00:00:03 7    731  [9,10,1,16,22,7,3]     00:00:00:00:00:09    00:00:00:00:00:03 8    731  [9,10,21,4,5,1,3]     00:00:00:00:00:09    00:00:00:00:00:03 9    731  [9,10,21,4,5,7,3]     00:00:00:00:00:09    00:00:00:00:00:03 10    731  [9,10,21,4,5,13,3]     00:00:00:00:00:09    00:00:00:00:00:03 11    731  [9,20,1,5,8,13,3]     00:00:00:00:00:09    00:00:00:00:00:03 12    731  [9,20,1,16,22,7,3]     00:00:00:00:00:09    00:00:00:00:00:03 13    877  [9,10,1,5,7,6,13,3]     00:00:00:00:00:09    00:00:00:00:00:03 14    877  [9,10,1,5,13,6,7,3]     00:00:00:00:00:09    00:00:00:00:00:03 15    877  [9,10,1,5,15,2,7,3]  
# h00:00:00:00:00:09 -> h00:00:00:00:00:05
   00:00:00:00:00:09    00:00:00:00:00:05 0    293  [9,10,1,5]     00:00:00:00:00:09    00:00:00:00:00:05 1    293  [9,20,1,5]     00:00:00:00:00:09    00:00:00:00:00:05 2    439  [9,10,21,4,5]     00:00:00:00:00:09    00:00:00:00:00:05 3    585  [9,10,1,3,7,5]     00:00:00:00:00:09    00:00:00:00:00:05 4    585  [9,10,1,3,13,5]     00:00:00:00:00:09    00:00:00:00:00:05 5    585  [9,20,1,3,7,5]     00:00:00:00:00:09    00:00:00:00:00:05 6    585  [9,20,1,3,13,5]     00:00:00:00:00:09    00:00:00:00:00:05 7    731  [9,10,1,3,13,8,5]     00:00:00:00:00:09    00:00:00:00:00:05 8    731  [9,10,1,16,22,7,5]     00:00:00:00:00:09    00:00:00:00:00:05 9    731  [9,10,1,16,22,11,5]     00:00:00:00:00:09    00:00:00:00:00:05 10    731  [9,10,1,16,22,15,5]     00:00:00:00:00:09    00:00:00:00:00:05 11    731  [9,10,1,16,22,19,5]     00:00:00:00:00:09    00:00:00:00:00:05 12    731  [9,10,21,4,17,19,5]     00:00:00:00:00:09    00:00:00:00:00:05 13    731  [9,20,1,3,13,8,5]     00:00:00:00:00:09    00:00:00:00:00:05 14    731  [9,20,1,10,21,4,5]     00:00:00:00:00:09    00:00:00:00:00:05 15    731  [9,20,1,16,22,7,5]  
# h00:00:00:00:00:09 -> h00:00:00:00:00:0a
   00:00:00:00:00:09    00:00:00:00:00:0a 0      0  [9,10]     00:00:00:00:00:09    00:00:00:00:00:0a 1    293  [9,20,1,10]     00:00:00:00:00:09    00:00:00:00:00:0a 2    731  [9,20,1,5,4,21,10]     00:00:00:00:00:09    00:00:00:00:00:0a 3   1023  [9,20,1,3,7,5,4,21,10]     00:00:00:00:00:09    00:00:00:00:00:0a 4   1023  [9,20,1,3,13,5,4,21,10]     00:00:00:00:00:09    00:00:00:00:00:0a 5   1023  [9,20,1,5,19,17,4,21,10]     00:00:00:00:00:09    00:00:00:00:00:0a 6   1170  [9,20,1,3,13,8,5,4,21,10]     00:00:00:00:00:09    00:00:00:00:00:0a 7   1170  [9,20,1,16,22,7,5,4,21,10]     00:00:00:00:00:09    00:00:00:00:00:0a 8   1170  [9,20,1,16,22,11,5,4,21,10]     00:00:00:00:00:09    00:00:00:00:00:0a 9   1170  [9,20,1,16,22,15,5,4,21,10]     00:00:00:00:00:09    00:00:00:00:00:0a 10   1170  [9,20,1,16,22,19,5,4,21,10]     00:00:00:00:00:09    00:00:00:00:00:0a 11   1170  [9,20,1,16,22,19,17,4,21,10]     00:00:00:00:00:09    00:00:00:00:00:0a 12   1316  [9,20,1,3,7,5,19,17,4,21,10]     00:00:00:00:00:09    00:00:00:00:00:0a 13   1316  [9,20,1,3,7,22,11,5,4,21,10]     00:00:00:00:00:09    00:00:00:00:00:0a 14   1316  [9,20,1,3,7,6,13,5,4,21,10]     00:00:00:00:00:09    00:00:00:00:00:0a 15   1316  [9,20,1,3,7,2,15,5,4,21,10]  
# h00:00:00:00:00:09 -> h00:00:00:00:00:10
   00:00:00:00:00:09    00:00:00:00:00:10 0    293  [9,10,1,16]     00:00:00:00:00:09    00:00:00:00:00:10 1    293  [9,20,1,16]     00:00:00:00:00:09    00:00:00:00:00:10 2    731  [9,10,1,3,7,22,16]     00:00:00:00:00:09    00:00:00:00:00:10 3    731  [9,10,1,5,7,22,16]     00:00:00:00:00:09    00:00:00:00:00:10 4    731  [9,10,1,5,11,22,16]     00:00:00:00:00:09    00:00:00:00:00:10 5    731  [9,10,1,5,15,22,16]     00:00:00:00:00:09    00:00:00:00:00:10 6    731  [9,10,1,5,19,22,16]     00:00:00:00:00:09    00:00:00:00:00:10 7    731  [9,10,21,4,5,1,16]     00:00:00:00:00:09    00:00:00:00:00:10 8    731  [9,20,1,3,7,22,16]     00:00:00:00:00:09    00:00:00:00:00:10 9    731  [9,20,1,5,7,22,16]     00:00:00:00:00:09    00:00:00:00:00:10 10    731  [9,20,1,5,11,22,16]     00:00:00:00:00:09    00:00:00:00:00:10 11    731  [9,20,1,5,15,22,16]     00:00:00:00:00:09    00:00:00:00:00:10 12    731  [9,20,1,5,19,22,16]     00:00:00:00:00:09    00:00:00:00:00:10 13    877  [9,10,21,4,5,7,22,16]     00:00:00:00:00:09    00:00:00:00:00:10 14    877  [9,10,21,4,5,11,22,16]     00:00:00:00:00:09    00:00:00:00:00:10 15    877  [9,10,21,4,5,15,22,16]  
# h00:00:00:00:00:09 -> h00:00:00:00:00:14
   00:00:00:00:00:09    00:00:00:00:00:14 0      0  [9,20]     00:00:00:00:00:09    00:00:00:00:00:14 1    293  [9,10,1,20]     00:00:00:00:00:09    00:00:00:00:00:14 2    731  [9,10,21,4,5,1,20]     00:00:00:00:00:09    00:00:00:00:00:14 3   1023  [9,10,21,4,5,7,3,1,20]     00:00:00:00:00:09    00:00:00:00:00:14 4   1023  [9,10,21,4,5,13,3,1,20]     00:00:00:00:00:09    00:00:00:00:00:14 5   1023  [9,10,21,4,17,19,5,1,20]     00:00:00:00:00:09    00:00:00:00:00:14 6   1170  [9,10,21,4,5,7,22,16,1,20]     00:00:00:00:00:09    00:00:00:00:00:14 7   1170  [9,10,21,4,5,8,13,3,1,20]     00:00:00:00:00:09    00:00:00:00:00:14 8   1170  [9,10,21,4,5,11,22,16,1,20]     00:00:00:00:00:09    00:00:00:00:00:14 9   1170  [9,10,21,4,5,15,22,16,1,20]     00:00:00:00:00:09    00:00:00:00:00:14 10   1170  [9,10,21,4,5,19,22,16,1,20]     00:00:00:00:00:09    00:00:00:00:00:14 11   1170  [9,10,21,4,17,19,22,16,1,20]     00:00:00:00:00:09    00:00:00:00:00:14 12   1316  [9,10,21,4,5,7,6,13,3,1,20]     00:00:00:00:00:09    00:00:00:00:00:14 13   1316  [9,10,21,4,5,11,22,7,3,1,20]     00:00:00:00:00:09    00:00:00:00:00:14 14   1316  [9,10,21,4,5,13,6,7,3,1,20]     00:00:00:00:00:09    00:00:00:00:00:14 15   1316  [9,10,21,4,5,15,2,7,3,1,20]  
# h00:00:00:00:00:09 -> h00:00:00:00:00:02
   00:00:00:00:00:09    00:00:00:00:00:02 0    585  [9,10,1,3,7,2]     00:00:00:00:00:09    00:00:00:00:00:02 1    585  [9,10,1,5,7,2]     00:00:00:00:00:09    00:00:00:00:00:02 2    585  [9,10,1,5,15,2]     00:00:00:00:00:09    00:00:00:00:00:02 3    585  [9,20,1,3,7,2]     00:00:00:00:00:09    00:00:00:00:00:02 4    585  [9,20,1,5,7,2]     00:00:00:00:00:09    00:00:00:00:00:02 5    585  [9,20,1,5,15,2]     00:00:00:00:00:09    00:00:00:00:00:02 6    731  [9,10,1,3,7,14,2]     00:00:00:00:00:09    00:00:00:00:00:02 7    731  [9,10,1,5,7,14,2]     00:00:00:00:00:09    00:00:00:00:00:02 8    731  [9,10,1,16,22,7,2]     00:00:00:00:00:09    00:00:00:00:00:02 9    731  [9,10,1,16,22,15,2]     00:00:00:00:00:09    00:00:00:00:00:02 10    731  [9,10,21,4,5,7,2]     00:00:00:00:00:09    00:00:00:00:00:02 11    731  [9,10,21,4,5,15,2]     00:00:00:00:00:09    00:00:00:00:00:02 12    731  [9,20,1,3,7,14,2]     00:00:00:00:00:09    00:00:00:00:00:02 13    731  [9,20,1,5,7,14,2]     00:00:00:00:00:09    00:00:00:00:00:02 14    731  [9,20,1,16,22,7,2]     00:00:00:00:00:09    00:00:00:00:00:02 15    731  [9,20,1,16,22,15,2]  
# h00:00:00:00:00:09 -> h00:00:00:00:00:07
   00:00:00:00:00:09    00:00:00:00:00:07 0    439  [9,10,1,3,7]     00:00:00:00:00:09    00:00:00:00:00:07 1    439  [9,10,1,5,7]     00:00:00:00:00:09    00:00:00:00:00:07 2    439  [9,20,1,3,7]     00:00:00:00:00:09    00:00:00:00:00:07 3    439  [9,20,1,5,7]     00:00:00:00:00:09    00:00:00:00:00:07 4    585  [9,10,1,16,22,7]     00:00:00:00:00:09    00:00:00:00:00:07 5    585  [9,10,21,4,5,7]     00:00:00:00:00:09    00:00:00:00:00:07 6    585  [9,20,1,16,22,7]     00:00:00:00:00:09    00:00:00:00:00:07 7    731  [9,10,1,3,13,5,7]     00:00:00:00:00:09    00:00:00:00:00:07 8    731  [9,10,1,3,13,6,7]     00:00:00:00:00:09    00:00:00:00:00:07 9    731  [9,10,1,5,15,2,7]     00:00:00:00:00:09    00:00:00:00:00:07 10    731  [9,10,1,5,13,3,7]     00:00:00:00:00:09    00:00:00:00:00:07 11    731  [9,10,1,5,11,22,7]     00:00:00:00:00:09    00:00:00:00:00:07 12    731  [9,10,1,5,13,6,7]     00:00:00:00:00:09    00:00:00:00:00:07 13    731  [9,10,1,5,15,22,7]     00:00:00:00:00:09    00:00:00:00:00:07 14    731  [9,10,1,5,19,22,7]     00:00:00:00:00:09    00:00:00:00:00:07 15    731  [9,20,1,3,13,5,7]  
# h00:00:00:00:00:09 -> h00:00:00:00:00:0e
   00:00:00:00:00:09    00:00:00:00:00:0e 0    585  [9,10,1,3,7,14]     00:00:00:00:00:09    00:00:00:00:00:0e 1    585  [9,10,1,5,7,14]     00:00:00:00:00:09    00:00:00:00:00:0e 2    585  [9,20,1,3,7,14]     00:00:00:00:00:09    00:00:00:00:00:0e 3    585  [9,20,1,5,7,14]     00:00:00:00:00:09    00:00:00:00:00:0e 4    731  [9,10,1,3,7,2,14]     00:00:00:00:00:09    00:00:00:00:00:0e 5    731  [9,10,1,5,7,2,14]     00:00:00:00:00:09    00:00:00:00:00:0e 6    731  [9,10,1,5,15,2,14]     00:00:00:00:00:09    00:00:00:00:00:0e 7    731  [9,10,1,16,22,7,14]     00:00:00:00:00:09    00:00:00:00:00:0e 8    731  [9,10,21,4,5,7,14]     00:00:00:00:00:09    00:00:00:00:00:0e 9    731  [9,20,1,3,7,2,14]     00:00:00:00:00:09    00:00:00:00:00:0e 10    731  [9,20,1,5,7,2,14]     00:00:00:00:00:09    00:00:00:00:00:0e 11    731  [9,20,1,5,15,2,14]     00:00:00:00:00:09    00:00:00:00:00:0e 12    731  [9,20,1,16,22,7,14]     00:00:00:00:00:09    00:00:00:00:00:0e 13    877  [9,10,1,3,13,5,7,14]     00:00:00:00:00:09    00:00:00:00:00:0e 14    877  [9,10,1,3,13,6,7,14]     00:00:00:00:00:09    00:00:00:00:00:0e 15    877  [9,10,1,5,13,3,7,14]  
# h00:00:00:00:00:09 -> h00:00:00:00:00:0f
   00:00:00:00:00:09    00:00:00:00:00:0f 0    439  [9,10,1,5,15]     00:00:00:00:00:09    00:00:00:00:00:0f 1    439  [9,20,1,5,15]     00:00:00:00:00:09    00:00:00:00:00:0f 2    585  [9,10,1,16,22,15]     00:00:00:00:00:09    00:00:00:00:00:0f 3    585  [9,10,21,4,5,15]     00:00:00:00:00:09    00:00:00:00:00:0f 4    585  [9,20,1,16,22,15]     00:00:00:00:00:09    00:00:00:00:00:0f 5    731  [9,10,1,3,7,2,15]     00:00:00:00:00:09    00:00:00:00:00:0f 6    731  [9,10,1,3,7,5,15]     00:00:00:00:00:09    00:00:00:00:00:0f 7    731  [9,10,1,3,7,22,15]     00:00:00:00:00:09    00:00:00:00:00:0f 8    731  [9,10,1,3,13,5,15]     00:00:00:00:00:09    00:00:00:00:00:0f 9    731  [9,10,1,3,13,12,15]     00:00:00:00:00:09    00:00:00:00:00:0f 10    731  [9,10,1,5,7,2,15]     00:00:00:00:00:09    00:00:00:00:00:0f 11    731  [9,10,1,5,7,22,15]     00:00:00:00:00:09    00:00:00:00:00:0f 12    731  [9,10,1,5,13,12,15]     00:00:00:00:00:09    00:00:00:00:00:0f 13    731  [9,10,1,5,11,22,15]     00:00:00:00:00:09    00:00:00:00:00:0f 14    731  [9,10,1,5,19,22,15]     00:00:00:00:00:09    00:00:00:00:00:0f 15    731  [9,20,1,3,7,2,15]  
# h00:00:00:00:00:09 -> h00:00:00:00:00:0d
   00:00:00:00:00:09    00:00:00:00:00:0d 0    439  [9,10,1,3,13]     00:00:00:00:00:09    00:00:00:00:00:0d 1    439  [9,10,1,5,13]     00:00:00:00:00:09    00:00:00:00:00:0d 2    439  [9,20,1,3,13]     00:00:00:00:00:09    00:00:00:00:00:0d 3    439  [9,20,1,5,13]     00:00:00:00:00:09    00:00:00:00:00:0d 4    585  [9,10,1,5,8,13]     00:00:00:00:00:09    00:00:00:00:00:0d 5    585  [9,10,21,4,5,13]     00:00:00:00:00:09    00:00:00:00:00:0d 6    585  [9,20,1,5,8,13]     00:00:00:00:00:09    00:00:00:00:00:0d 7    731  [9,10,1,3,7,5,13]     00:00:00:00:00:09    00:00:00:00:00:0d 8    731  [9,10,1,3,7,6,13]     00:00:00:00:00:09    00:00:00:00:00:0d 9    731  [9,10,1,5,7,3,13]     00:00:00:00:00:09    00:00:00:00:00:0d 10    731  [9,10,1,5,7,6,13]     00:00:00:00:00:09    00:00:00:00:00:0d 11    731  [9,10,1,5,15,12,13]     00:00:00:00:00:09    00:00:00:00:00:0d 12    731  [9,10,21,4,5,8,13]     00:00:00:00:00:09    00:00:00:00:00:0d 13    731  [9,20,1,3,7,5,13]     00:00:00:00:00:09    00:00:00:00:00:0d 14    731  [9,20,1,3,7,6,13]     00:00:00:00:00:09    00:00:00:00:00:0d 15    731  [9,20,1,5,7,3,13]  
# h00:00:00:00:00:09 -> h00:00:00:00:00:04
   00:00:00:00:00:09    00:00:00:00:00:04 0    293  [9,10,21,4]     00:00:00:00:00:09    00:00:00:00:00:04 1    439  [9,10,1,5,4]     00:00:00:00:00:09    00:00:00:00:00:04 2    439  [9,20,1,5,4]     00:00:00:00:00:09    00:00:00:00:00:04 3    585  [9,20,1,10,21,4]     00:00:00:00:00:09    00:00:00:00:00:04 4    731  [9,10,1,3,7,5,4]     00:00:00:00:00:09    00:00:00:00:00:04 5    731  [9,10,1,3,13,5,4]     00:00:00:00:00:09    00:00:00:00:00:04 6    731  [9,10,1,5,19,17,4]     00:00:00:00:00:09    00:00:00:00:00:04 7    731  [9,20,1,3,7,5,4]     00:00:00:00:00:09    00:00:00:00:00:04 8    731  [9,20,1,3,13,5,4]     00:00:00:00:00:09    00:00:00:00:00:04 9    731  [9,20,1,5,19,17,4]     00:00:00:00:00:09    00:00:00:00:00:04 10    877  [9,10,1,3,13,8,5,4]     00:00:00:00:00:09    00:00:00:00:00:04 11    877  [9,10,1,16,22,7,5,4]     00:00:00:00:00:09    00:00:00:00:00:04 12    877  [9,10,1,16,22,11,5,4]     00:00:00:00:00:09    00:00:00:00:00:04 13    877  [9,10,1,16,22,15,5,4]     00:00:00:00:00:09    00:00:00:00:00:04 14    877  [9,10,1,16,22,19,5,4]     00:00:00:00:00:09    00:00:00:00:00:04 15    877  [9,10,1,16,22,19,17,4]  
# h00:00:00:00:00:09 -> h00:00:00:00:00:11
   00:00:00:00:00:09    00:00:00:00:00:11 0    439  [9,10,21,4,17]     00:00:00:00:00:09    00:00:00:00:00:11 1    585  [9,10,1,5,4,17]     00:00:00:00:00:09    00:00:00:00:00:11 2    585  [9,10,1,5,19,17]     00:00:00:00:00:09    00:00:00:00:00:11 3    585  [9,20,1,5,4,17]     00:00:00:00:00:09    00:00:00:00:00:11 4    585  [9,20,1,5,19,17]     00:00:00:00:00:09    00:00:00:00:00:11 5    731  [9,10,1,16,22,19,17]     00:00:00:00:00:09    00:00:00:00:00:11 6    731  [9,10,21,4,5,19,17]     00:00:00:00:00:09    00:00:00:00:00:11 7    731  [9,20,1,10,21,4,17]     00:00:00:00:00:09    00:00:00:00:00:11 8    731  [9,20,1,16,22,19,17]     00:00:00:00:00:09    00:00:00:00:00:11 9    877  [9,10,1,3,7,5,4,17]     00:00:00:00:00:09    00:00:00:00:00:11 10    877  [9,10,1,3,7,5,19,17]     00:00:00:00:00:09    00:00:00:00:00:11 11    877  [9,10,1,3,7,22,19,17]     00:00:00:00:00:09    00:00:00:00:00:11 12    877  [9,10,1,3,13,5,4,17]     00:00:00:00:00:09    00:00:00:00:00:11 13    877  [9,10,1,3,13,5,19,17]     00:00:00:00:00:09    00:00:00:00:00:11 14    877  [9,10,1,5,7,22,19,17]     00:00:00:00:00:09    00:00:00:00:00:11 15    877  [9,10,1,5,11,22,19,17]  
# h00:00:00:00:00:09 -> h00:00:00:00:00:15
   00:00:00:00:00:09    00:00:00:00:00:15 0    146  [9,10,21]     00:00:00:00:00:09    00:00:00:00:00:15 1    439  [9,20,1,10,21]     00:00:00:00:00:09    00:00:00:00:00:15 2    585  [9,10,1,5,4,21]     00:00:00:00:00:09    00:00:00:00:00:15 3    585  [9,20,1,5,4,21]     00:00:00:00:00:09    00:00:00:00:00:15 4    877  [9,10,1,3,7,5,4,21]     00:00:00:00:00:09    00:00:00:00:00:15 5    877  [9,10,1,3,13,5,4,21]     00:00:00:00:00:09    00:00:00:00:00:15 6    877  [9,10,1,5,19,17,4,21]     00:00:00:00:00:09    00:00:00:00:00:15 7    877  [9,20,1,3,7,5,4,21]     00:00:00:00:00:09    00:00:00:00:00:15 8    877  [9,20,1,3,13,5,4,21]     00:00:00:00:00:09    00:00:00:00:00:15 9    877  [9,20,1,5,19,17,4,21]     00:00:00:00:00:09    00:00:00:00:00:15 10   1023  [9,10,1,3,13,8,5,4,21]     00:00:00:00:00:09    00:00:00:00:00:15 11   1023  [9,10,1,16,22,7,5,4,21]     00:00:00:00:00:09    00:00:00:00:00:15 12   1023  [9,10,1,16,22,11,5,4,21]     00:00:00:00:00:09    00:00:00:00:00:15 13   1023  [9,10,1,16,22,15,5,4,21]     00:00:00:00:00:09    00:00:00:00:00:15 14   1023  [9,10,1,16,22,19,5,4,21]     00:00:00:00:00:09    00:00:00:00:00:15 15   1023  [9,10,1,16,22,19,17,4,21]  
# h00:00:00:00:00:09 -> h00:00:00:00:00:08
   00:00:00:00:00:09    00:00:00:00:00:08 0    439  [9,10,1,5,8]     00:00:00:00:00:09    00:00:00:00:00:08 1    439  [9,20,1,5,8]     00:00:00:00:00:09    00:00:00:00:00:08 2    585  [9,10,1,3,13,8]     00:00:00:00:00:09    00:00:00:00:00:08 3    585  [9,10,1,5,13,8]     00:00:00:00:00:09    00:00:00:00:00:08 4    585  [9,10,21,4,5,8]     00:00:00:00:00:09    00:00:00:00:00:08 5    585  [9,20,1,3,13,8]     00:00:00:00:00:09    00:00:00:00:00:08 6    585  [9,20,1,5,13,8]     00:00:00:00:00:09    00:00:00:00:00:08 7    731  [9,10,1,3,7,5,8]     00:00:00:00:00:09    00:00:00:00:00:08 8    731  [9,10,1,3,13,5,8]     00:00:00:00:00:09    00:00:00:00:00:08 9    731  [9,10,21,4,5,13,8]     00:00:00:00:00:09    00:00:00:00:00:08 10    731  [9,20,1,3,7,5,8]     00:00:00:00:00:09    00:00:00:00:00:08 11    731  [9,20,1,3,13,5,8]     00:00:00:00:00:09    00:00:00:00:00:08 12    877  [9,10,1,3,7,5,13,8]     00:00:00:00:00:09    00:00:00:00:00:08 13    877  [9,10,1,3,7,6,13,8]     00:00:00:00:00:09    00:00:00:00:00:08 14    877  [9,10,1,5,7,3,13,8]     00:00:00:00:00:09    00:00:00:00:00:08 15    877  [9,10,1,5,7,6,13,8]  
# h00:00:00:00:00:09 -> h00:00:00:00:00:0b
   00:00:00:00:00:09    00:00:00:00:00:0b 0    439  [9,10,1,5,11]     00:00:00:00:00:09    00:00:00:00:00:0b 1    439  [9,20,1,5,11]     00:00:00:00:00:09    00:00:00:00:00:0b 2    585  [9,10,1,16,22,11]     00:00:00:00:00:09    00:00:00:00:00:0b 3    585  [9,10,21,4,5,11]     00:00:00:00:00:09    00:00:00:00:00:0b 4    585  [9,20,1,16,22,11]     00:00:00:00:00:09    00:00:00:00:00:0b 5    731  [9,10,1,3,7,5,11]     00:00:00:00:00:09    00:00:00:00:00:0b 6    731  [9,10,1,3,7,22,11]     00:00:00:00:00:09    00:00:00:00:00:0b 7    731  [9,10,1,3,13,5,11]     00:00:00:00:00:09    00:00:00:00:00:0b 8    731  [9,10,1,5,7,22,11]     00:00:00:00:00:09    00:00:00:00:00:0b 9    731  [9,10,1,5,15,22,11]     00:00:00:00:00:09    00:00:00:00:00:0b 10    731  [9,10,1,5,19,22,11]     00:00:00:00:00:09    00:00:00:00:00:0b 11    731  [9,20,1,3,7,5,11]     00:00:00:00:00:09    00:00:00:00:00:0b 12    731  [9,20,1,3,7,22,11]     00:00:00:00:00:09    00:00:00:00:00:0b 13    731  [9,20,1,3,13,5,11]     00:00:00:00:00:09    00:00:00:00:00:0b 14    731  [9,20,1,5,7,22,11]     00:00:00:00:00:09    00:00:00:00:00:0b 15    731  [9,20,1,5,15,22,11]  
# h00:00:00:00:00:09 -> h00:00:00:00:00:13
   00:00:00:00:00:09    00:00:00:00:00:13 0    439  [9,10,1,5,19]     00:00:00:00:00:09    00:00:00:00:00:13 1    439  [9,20,1,5,19]     00:00:00:00:00:09    00:00:00:00:00:13 2    585  [9,10,1,16,22,19]     00:00:00:00:00:09    00:00:00:00:00:13 3    585  [9,10,21,4,5,19]     00:00:00:00:00:09    00:00:00:00:00:13 4    585  [9,10,21,4,17,19]     00:00:00:00:00:09    00:00:00:00:00:13 5    585  [9,20,1,16,22,19]     00:00:00:00:00:09    00:00:00:00:00:13 6    731  [9,10,1,3,7,5,19]     00:00:00:00:00:09    00:00:00:00:00:13 7    731  [9,10,1,3,7,22,19]     00:00:00:00:00:09    00:00:00:00:00:13 8    731  [9,10,1,3,13,5,19]     00:00:00:00:00:09    00:00:00:00:00:13 9    731  [9,10,1,5,4,17,19]     00:00:00:00:00:09    00:00:00:00:00:13 10    731  [9,10,1,5,7,22,19]     00:00:00:00:00:09    00:00:00:00:00:13 11    731  [9,10,1,5,11,22,19]     00:00:00:00:00:09    00:00:00:00:00:13 12    731  [9,10,1,5,15,22,19]     00:00:00:00:00:09    00:00:00:00:00:13 13    731  [9,20,1,3,7,5,19]     00:00:00:00:00:09    00:00:00:00:00:13 14    731  [9,20,1,3,7,22,19]     00:00:00:00:00:09    00:00:00:00:00:13 15    731  [9,20,1,3,13,5,19]  
# h00:00:00:00:00:09 -> h00:00:00:00:00:06
   00:00:00:00:00:09    00:00:00:00:00:06 0    585  [9,10,1,3,7,6]     00:00:00:00:00:09    00:00:00:00:00:06 1    585  [9,10,1,3,13,6]     00:00:00:00:00:09    00:00:00:00:00:06 2    585  [9,10,1,5,7,6]     00:00:00:00:00:09    00:00:00:00:00:06 3    585  [9,10,1,5,13,6]     00:00:00:00:00:09    00:00:00:00:00:06 4    585  [9,20,1,3,7,6]     00:00:00:00:00:09    00:00:00:00:00:06 5    585  [9,20,1,3,13,6]     00:00:00:00:00:09    00:00:00:00:00:06 6    585  [9,20,1,5,7,6]     00:00:00:00:00:09    00:00:00:00:00:06 7    585  [9,20,1,5,13,6]     00:00:00:00:00:09    00:00:00:00:00:06 8    731  [9,10,1,5,8,13,6]     00:00:00:00:00:09    00:00:00:00:00:06 9    731  [9,10,1,16,22,7,6]     00:00:00:00:00:09    00:00:00:00:00:06 10    731  [9,10,1,16,22,18,6]     00:00:00:00:00:09    00:00:00:00:00:06 11    731  [9,10,21,4,5,7,6]     00:00:00:00:00:09    00:00:00:00:00:06 12    731  [9,10,21,4,5,13,6]     00:00:00:00:00:09    00:00:00:00:00:06 13    731  [9,20,1,5,8,13,6]     00:00:00:00:00:09    00:00:00:00:00:06 14    731  [9,20,1,16,22,7,6]     00:00:00:00:00:09    00:00:00:00:00:06 15    731  [9,20,1,16,22,18,6]  
# h00:00:00:00:00:09 -> h00:00:00:00:00:12
   00:00:00:00:00:09    00:00:00:00:00:12 0    585  [9,10,1,16,22,18]     00:00:00:00:00:09    00:00:00:00:00:12 1    585  [9,20,1,16,22,18]     00:00:00:00:00:09    00:00:00:00:00:12 2    731  [9,10,1,3,7,6,18]     00:00:00:00:00:09    00:00:00:00:00:12 3    731  [9,10,1,3,7,22,18]     00:00:00:00:00:09    00:00:00:00:00:12 4    731  [9,10,1,3,13,6,18]     00:00:00:00:00:09    00:00:00:00:00:12 5    731  [9,10,1,5,7,6,18]     00:00:00:00:00:09    00:00:00:00:00:12 6    731  [9,10,1,5,7,22,18]     00:00:00:00:00:09    00:00:00:00:00:12 7    731  [9,10,1,5,13,6,18]     00:00:00:00:00:09    00:00:00:00:00:12 8    731  [9,10,1,5,11,22,18]     00:00:00:00:00:09    00:00:00:00:00:12 9    731  [9,10,1,5,15,22,18]     00:00:00:00:00:09    00:00:00:00:00:12 10    731  [9,10,1,5,19,22,18]     00:00:00:00:00:09    00:00:00:00:00:12 11    731  [9,20,1,3,7,6,18]     00:00:00:00:00:09    00:00:00:00:00:12 12    731  [9,20,1,3,7,22,18]     00:00:00:00:00:09    00:00:00:00:00:12 13    731  [9,20,1,3,13,6,18]     00:00:00:00:00:09    00:00:00:00:00:12 14    731  [9,20,1,5,7,6,18]     00:00:00:00:00:09    00:00:00:00:00:12 15    731  [9,20,1,5,7,22,18]  
# h00:00:00:00:00:09 -> h00:00:00:00:00:16
   00:00:00:00:00:09    00:00:00:00:00:16 0    439  [9,10,1,16,22]     00:00:00:00:00:09    00:00:00:00:00:16 1    439  [9,20,1,16,22]     00:00:00:00:00:09    00:00:00:00:00:16 2    585  [9,10,1,3,7,22]     00:00:00:00:00:09    00:00:00:00:00:16 3    585  [9,10,1,5,7,22]     00:00:00:00:00:09    00:00:00:00:00:16 4    585  [9,10,1,5,11,22]     00:00:00:00:00:09    00:00:00:00:00:16 5    585  [9,10,1,5,15,22]     00:00:00:00:00:09    00:00:00:00:00:16 6    585  [9,10,1,5,19,22]     00:00:00:00:00:09    00:00:00:00:00:16 7    585  [9,20,1,3,7,22]     00:00:00:00:00:09    00:00:00:00:00:16 8    585  [9,20,1,5,7,22]     00:00:00:00:00:09    00:00:00:00:00:16 9    585  [9,20,1,5,11,22]     00:00:00:00:00:09    00:00:00:00:00:16 10    585  [9,20,1,5,15,22]     00:00:00:00:00:09    00:00:00:00:00:16 11    585  [9,20,1,5,19,22]     00:00:00:00:00:09    00:00:00:00:00:16 12    731  [9,10,21,4,5,7,22]     00:00:00:00:00:09    00:00:00:00:00:16 13    731  [9,10,21,4,5,11,22]     00:00:00:00:00:09    00:00:00:00:00:16 14    731  [9,10,21,4,5,15,22]     00:00:00:00:00:09    00:00:00:00:00:16 15    731  [9,10,21,4,5,19,22]  
# h00:00:00:00:00:09 -> h00:00:00:00:00:0c
   00:00:00:00:00:09    00:00:00:00:00:0c 0    585  [9,10,1,3,13,12]     00:00:00:00:00:09    00:00:00:00:00:0c 1    585  [9,10,1,5,13,12]     00:00:00:00:00:09    00:00:00:00:00:0c 2    585  [9,10,1,5,15,12]     00:00:00:00:00:09    00:00:00:00:00:0c 3    585  [9,20,1,3,13,12]     00:00:00:00:00:09    00:00:00:00:00:0c 4    585  [9,20,1,5,13,12]     00:00:00:00:00:09    00:00:00:00:00:0c 5    585  [9,20,1,5,15,12]     00:00:00:00:00:09    00:00:00:00:00:0c 6    731  [9,10,1,5,8,13,12]     00:00:00:00:00:09    00:00:00:00:00:0c 7    731  [9,10,1,16,22,15,12]     00:00:00:00:00:09    00:00:00:00:00:0c 8    731  [9,10,21,4,5,13,12]     00:00:00:00:00:09    00:00:00:00:00:0c 9    731  [9,10,21,4,5,15,12]     00:00:00:00:00:09    00:00:00:00:00:0c 10    731  [9,20,1,5,8,13,12]     00:00:00:00:00:09    00:00:00:00:00:0c 11    731  [9,20,1,16,22,15,12]     00:00:00:00:00:09    00:00:00:00:00:0c 12    877  [9,10,1,3,7,5,13,12]     00:00:00:00:00:09    00:00:00:00:00:0c 13    877  [9,10,1,3,7,5,15,12]     00:00:00:00:00:09    00:00:00:00:00:0c 14    877  [9,10,1,3,7,6,13,12]     00:00:00:00:00:09    00:00:00:00:00:0c 15    877  [9,10,1,3,7,2,15,12]  
# h00:00:00:00:00:0c -> h00:00:00:00:00:01
   00:00:00:00:00:0c    00:00:00:00:00:01 0    293  [12,13,3,1]     00:00:00:00:00:0c    00:00:00:00:00:01 1    293  [12,13,5,1]     00:00:00:00:00:0c    00:00:00:00:00:01 2    293  [12,15,5,1]     00:00:00:00:00:0c    00:00:00:00:00:01 3    439  [12,13,8,5,1]     00:00:00:00:00:0c    00:00:00:00:00:01 4    439  [12,15,22,16,1]     00:00:00:00:00:0c    00:00:00:00:00:01 5    585  [12,13,3,7,5,1]     00:00:00:00:00:0c    00:00:00:00:00:01 6    585  [12,13,5,7,3,1]     00:00:00:00:00:0c    00:00:00:00:00:01 7    585  [12,13,6,7,3,1]     00:00:00:00:00:0c    00:00:00:00:00:01 8    585  [12,13,6,7,5,1]     00:00:00:00:00:0c    00:00:00:00:00:01 9    585  [12,15,2,7,3,1]     00:00:00:00:00:0c    00:00:00:00:00:01 10    585  [12,15,2,7,5,1]     00:00:00:00:00:0c    00:00:00:00:00:01 11    585  [12,15,5,7,3,1]     00:00:00:00:00:0c    00:00:00:00:00:01 12    585  [12,15,5,13,3,1]     00:00:00:00:00:0c    00:00:00:00:00:01 13    585  [12,15,22,7,3,1]     00:00:00:00:00:0c    00:00:00:00:00:01 14    585  [12,15,22,7,5,1]     00:00:00:00:00:0c    00:00:00:00:00:01 15    585  [12,15,22,11,5,1]  
# h00:00:00:00:00:0c -> h00:00:00:00:00:03
   00:00:00:00:00:0c    00:00:00:00:00:03 0    146  [12,13,3]     00:00:00:00:00:0c    00:00:00:00:00:03 1    439  [12,13,5,1,3]     00:00:00:00:00:0c    00:00:00:00:00:03 2    439  [12,13,5,7,3]     00:00:00:00:00:0c    00:00:00:00:00:03 3    439  [12,13,6,7,3]     00:00:00:00:00:0c    00:00:00:00:00:03 4    439  [12,15,5,1,3]     00:00:00:00:00:0c    00:00:00:00:00:03 5    439  [12,15,2,7,3]     00:00:00:00:00:0c    00:00:00:00:00:03 6    439  [12,15,5,7,3]     00:00:00:00:00:0c    00:00:00:00:00:03 7    439  [12,15,5,13,3]     00:00:00:00:00:0c    00:00:00:00:00:03 8    439  [12,15,22,7,3]     00:00:00:00:00:0c    00:00:00:00:00:03 9    585  [12,13,8,5,1,3]     00:00:00:00:00:0c    00:00:00:00:00:03 10    585  [12,13,8,5,7,3]     00:00:00:00:00:0c    00:00:00:00:00:03 11    585  [12,15,2,14,7,3]     00:00:00:00:00:0c    00:00:00:00:00:03 12    585  [12,15,5,8,13,3]     00:00:00:00:00:0c    00:00:00:00:00:03 13    585  [12,15,22,16,1,3]     00:00:00:00:00:0c    00:00:00:00:00:03 14    731  [12,13,5,15,2,7,3]     00:00:00:00:00:0c    00:00:00:00:00:03 15    731  [12,13,5,11,22,7,3]  
# h00:00:00:00:00:0c -> h00:00:00:00:00:05
   00:00:00:00:00:0c    00:00:00:00:00:05 0    146  [12,13,5]     00:00:00:00:00:0c    00:00:00:00:00:05 1    146  [12,15,5]     00:00:00:00:00:0c    00:00:00:00:00:05 2    293  [12,13,8,5]     00:00:00:00:00:0c    00:00:00:00:00:05 3    439  [12,13,3,1,5]     00:00:00:00:00:0c    00:00:00:00:00:05 4    439  [12,13,3,7,5]     00:00:00:00:00:0c    00:00:00:00:00:05 5    439  [12,13,6,7,5]     00:00:00:00:00:0c    00:00:00:00:00:05 6    439  [12,15,2,7,5]     00:00:00:00:00:0c    00:00:00:00:00:05 7    439  [12,15,22,7,5]     00:00:00:00:00:0c    00:00:00:00:00:05 8    439  [12,15,22,11,5]     00:00:00:00:00:0c    00:00:00:00:00:05 9    439  [12,15,22,19,5]     00:00:00:00:00:0c    00:00:00:00:00:05 10    585  [12,15,2,14,7,5]     00:00:00:00:00:0c    00:00:00:00:00:05 11    585  [12,15,22,16,1,5]     00:00:00:00:00:0c    00:00:00:00:00:05 12    731  [12,13,3,7,22,11,5]     00:00:00:00:00:0c    00:00:00:00:00:05 13    731  [12,13,3,7,2,15,5]     00:00:00:00:00:0c    00:00:00:00:00:05 14    731  [12,13,3,7,22,15,5]     00:00:00:00:00:0c    00:00:00:00:00:05 15    731  [12,13,3,7,22,19,5]  
# h00:00:00:00:00:0c -> h00:00:00:00:00:0a
   00:00:00:00:00:0c    00:00:00:00:00:0a 0    439  [12,13,3,1,10]     00:00:00:00:00:0c    00:00:00:00:00:0a 1    439  [12,13,5,1,10]     00:00:00:00:00:0c    00:00:00:00:00:0a 2    439  [12,15,5,1,10]     00:00:00:00:00:0c    00:00:00:00:00:0a 3    585  [12,13,5,4,21,10]     00:00:00:00:00:0c    00:00:00:00:00:0a 4    585  [12,13,8,5,1,10]     00:00:00:00:00:0c    00:00:00:00:00:0a 5    585  [12,15,5,4,21,10]     00:00:00:00:00:0c    00:00:00:00:00:0a 6    585  [12,15,22,16,1,10]     00:00:00:00:00:0c    00:00:00:00:00:0a 7    731  [12,13,3,1,20,9,10]     00:00:00:00:00:0c    00:00:00:00:00:0a 8    731  [12,13,3,7,5,1,10]     00:00:00:00:00:0c    00:00:00:00:00:0a 9    731  [12,13,5,1,20,9,10]     00:00:00:00:00:0c    00:00:00:00:00:0a 10    731  [12,13,5,7,3,1,10]     00:00:00:00:00:0c    00:00:00:00:00:0a 11    731  [12,13,6,7,3,1,10]     00:00:00:00:00:0c    00:00:00:00:00:0a 12    731  [12,13,6,7,5,1,10]     00:00:00:00:00:0c    00:00:00:00:00:0a 13    731  [12,13,8,5,4,21,10]     00:00:00:00:00:0c    00:00:00:00:00:0a 14    731  [12,15,2,7,3,1,10]     00:00:00:00:00:0c    00:00:00:00:00:0a 15    731  [12,15,2,7,5,1,10]  
# h00:00:00:00:00:0c -> h00:00:00:00:00:10
   00:00:00:00:00:0c    00:00:00:00:00:10 0    293  [12,15,22,16]     00:00:00:00:00:0c    00:00:00:00:00:10 1    439  [12,13,3,1,16]     00:00:00:00:00:0c    00:00:00:00:00:10 2    439  [12,13,5,1,16]     00:00:00:00:00:0c    00:00:00:00:00:10 3    439  [12,15,5,1,16]     00:00:00:00:00:0c    00:00:00:00:00:10 4    585  [12,13,3,7,22,16]     00:00:00:00:00:0c    00:00:00:00:00:10 5    585  [12,13,5,7,22,16]     00:00:00:00:00:0c    00:00:00:00:00:10 6    585  [12,13,5,11,22,16]     00:00:00:00:00:0c    00:00:00:00:00:10 7    585  [12,13,5,15,22,16]     00:00:00:00:00:0c    00:00:00:00:00:10 8    585  [12,13,5,19,22,16]     00:00:00:00:00:0c    00:00:00:00:00:10 9    585  [12,13,8,5,1,16]     00:00:00:00:00:0c    00:00:00:00:00:10 10    585  [12,13,6,7,22,16]     00:00:00:00:00:0c    00:00:00:00:00:10 11    585  [12,13,6,18,22,16]     00:00:00:00:00:0c    00:00:00:00:00:10 12    585  [12,15,2,7,22,16]     00:00:00:00:00:0c    00:00:00:00:00:10 13    585  [12,15,5,7,22,16]     00:00:00:00:00:0c    00:00:00:00:00:10 14    585  [12,15,5,11,22,16]     00:00:00:00:00:0c    00:00:00:00:00:10 15    585  [12,15,5,19,22,16]  
# h00:00:00:00:00:0c -> h00:00:00:00:00:14
   00:00:00:00:00:0c    00:00:00:00:00:14 0    439  [12,13,3,1,20]     00:00:00:00:00:0c    00:00:00:00:00:14 1    439  [12,13,5,1,20]     00:00:00:00:00:0c    00:00:00:00:00:14 2    439  [12,15,5,1,20]     00:00:00:00:00:0c    00:00:00:00:00:14 3    585  [12,13,8,5,1,20]     00:00:00:00:00:0c    00:00:00:00:00:14 4    585  [12,15,22,16,1,20]     00:00:00:00:00:0c    00:00:00:00:00:14 5    731  [12,13,3,1,10,9,20]     00:00:00:00:00:0c    00:00:00:00:00:14 6    731  [12,13,3,7,5,1,20]     00:00:00:00:00:0c    00:00:00:00:00:14 7    731  [12,13,5,1,10,9,20]     00:00:00:00:00:0c    00:00:00:00:00:14 8    731  [12,13,5,7,3,1,20]     00:00:00:00:00:0c    00:00:00:00:00:14 9    731  [12,13,6,7,3,1,20]     00:00:00:00:00:0c    00:00:00:00:00:14 10    731  [12,13,6,7,5,1,20]     00:00:00:00:00:0c    00:00:00:00:00:14 11    731  [12,15,2,7,3,1,20]     00:00:00:00:00:0c    00:00:00:00:00:14 12    731  [12,15,2,7,5,1,20]     00:00:00:00:00:0c    00:00:00:00:00:14 13    731  [12,15,5,1,10,9,20]     00:00:00:00:00:0c    00:00:00:00:00:14 14    731  [12,15,5,7,3,1,20]     00:00:00:00:00:0c    00:00:00:00:00:14 15    731  [12,15,5,13,3,1,20]  
# h00:00:00:00:00:0c -> h00:00:00:00:00:02
   00:00:00:00:00:0c    00:00:00:00:00:02 0    146  [12,15,2]     00:00:00:00:00:0c    00:00:00:00:00:02 1    439  [12,13,3,7,2]     00:00:00:00:00:0c    00:00:00:00:00:02 2    439  [12,13,5,7,2]     00:00:00:00:00:0c    00:00:00:00:00:02 3    439  [12,13,5,15,2]     00:00:00:00:00:0c    00:00:00:00:00:02 4    439  [12,13,6,7,2]     00:00:00:00:00:0c    00:00:00:00:00:02 5    439  [12,15,5,7,2]     00:00:00:00:00:0c    00:00:00:00:00:02 6    439  [12,15,22,7,2]     00:00:00:00:00:0c    00:00:00:00:00:02 7    585  [12,13,3,7,14,2]     00:00:00:00:00:0c    00:00:00:00:00:02 8    585  [12,13,5,7,14,2]     00:00:00:00:00:0c    00:00:00:00:00:02 9    585  [12,13,6,7,14,2]     00:00:00:00:00:0c    00:00:00:00:00:02 10    585  [12,13,8,5,7,2]     00:00:00:00:00:0c    00:00:00:00:00:02 11    585  [12,13,8,5,15,2]     00:00:00:00:00:0c    00:00:00:00:00:02 12    585  [12,15,5,7,14,2]     00:00:00:00:00:0c    00:00:00:00:00:02 13    585  [12,15,22,7,14,2]     00:00:00:00:00:0c    00:00:00:00:00:02 14    731  [12,13,3,1,5,7,2]     00:00:00:00:00:0c    00:00:00:00:00:02 15    731  [12,13,3,1,5,15,2]  
# h00:00:00:00:00:0c -> h00:00:00:00:00:07
   00:00:00:00:00:0c    00:00:00:00:00:07 0    293  [12,15,2,7]     00:00:00:00:00:0c    00:00:00:00:00:07 1    293  [12,13,3,7]     00:00:00:00:00:0c    00:00:00:00:00:07 2    293  [12,13,5,7]     00:00:00:00:00:0c    00:00:00:00:00:07 3    293  [12,13,6,7]     00:00:00:00:00:0c    00:00:00:00:00:07 4    293  [12,15,5,7]     00:00:00:00:00:0c    00:00:00:00:00:07 5    293  [12,15,22,7]     00:00:00:00:00:0c    00:00:00:00:00:07 6    439  [12,13,8,5,7]     00:00:00:00:00:0c    00:00:00:00:00:07 7    439  [12,15,2,14,7]     00:00:00:00:00:0c    00:00:00:00:00:07 8    585  [12,13,3,1,5,7]     00:00:00:00:00:0c    00:00:00:00:00:07 9    585  [12,13,5,15,2,7]     00:00:00:00:00:0c    00:00:00:00:00:07 10    585  [12,13,5,1,3,7]     00:00:00:00:00:0c    00:00:00:00:00:07 11    585  [12,13,5,11,22,7]     00:00:00:00:00:0c    00:00:00:00:00:07 12    585  [12,13,5,15,22,7]     00:00:00:00:00:0c    00:00:00:00:00:07 13    585  [12,13,5,19,22,7]     00:00:00:00:00:0c    00:00:00:00:00:07 14    585  [12,13,6,18,22,7]     00:00:00:00:00:0c    00:00:00:00:00:07 15    585  [12,15,5,1,3,7]  
# h00:00:00:00:00:0c -> h00:00:00:00:00:0e
   00:00:00:00:00:0c    00:00:00:00:00:0e 0    293  [12,15,2,14]     00:00:00:00:00:0c    00:00:00:00:00:0e 1    439  [12,13,3,7,14]     00:00:00:00:00:0c    00:00:00:00:00:0e 2    439  [12,13,5,7,14]     00:00:00:00:00:0c    00:00:00:00:00:0e 3    439  [12,13,6,7,14]     00:00:00:00:00:0c    00:00:00:00:00:0e 4    439  [12,15,2,7,14]     00:00:00:00:00:0c    00:00:00:00:00:0e 5    439  [12,15,5,7,14]     00:00:00:00:00:0c    00:00:00:00:00:0e 6    439  [12,15,22,7,14]     00:00:00:00:00:0c    00:00:00:00:00:0e 7    585  [12,13,3,7,2,14]     00:00:00:00:00:0c    00:00:00:00:00:0e 8    585  [12,13,5,7,2,14]     00:00:00:00:00:0c    00:00:00:00:00:0e 9    585  [12,13,5,15,2,14]     00:00:00:00:00:0c    00:00:00:00:00:0e 10    585  [12,13,6,7,2,14]     00:00:00:00:00:0c    00:00:00:00:00:0e 11    585  [12,13,8,5,7,14]     00:00:00:00:00:0c    00:00:00:00:00:0e 12    585  [12,15,5,7,2,14]     00:00:00:00:00:0c    00:00:00:00:00:0e 13    585  [12,15,22,7,2,14]     00:00:00:00:00:0c    00:00:00:00:00:0e 14    731  [12,13,3,1,5,7,14]     00:00:00:00:00:0c    00:00:00:00:00:0e 15    731  [12,13,5,1,3,7,14]  
# h00:00:00:00:00:0c -> h00:00:00:00:00:0f
   00:00:00:00:00:0c    00:00:00:00:00:0f 0      0  [12,15]     00:00:00:00:00:0c    00:00:00:00:00:0f 1    293  [12,13,5,15]     00:00:00:00:00:0c    00:00:00:00:00:0f 2    439  [12,13,8,5,15]     00:00:00:00:00:0c    00:00:00:00:00:0f 3    585  [12,13,3,7,2,15]     00:00:00:00:00:0c    00:00:00:00:00:0f 4    585  [12,13,3,1,5,15]     00:00:00:00:00:0c    00:00:00:00:00:0f 5    585  [12,13,3,7,5,15]     00:00:00:00:00:0c    00:00:00:00:00:0f 6    585  [12,13,3,7,22,15]     00:00:00:00:00:0c    00:00:00:00:00:0f 7    585  [12,13,5,7,2,15]     00:00:00:00:00:0c    00:00:00:00:00:0f 8    585  [12,13,5,7,22,15]     00:00:00:00:00:0c    00:00:00:00:00:0f 9    585  [12,13,5,11,22,15]     00:00:00:00:00:0c    00:00:00:00:00:0f 10    585  [12,13,5,19,22,15]     00:00:00:00:00:0c    00:00:00:00:00:0f 11    585  [12,13,6,7,2,15]     00:00:00:00:00:0c    00:00:00:00:00:0f 12    585  [12,13,6,7,5,15]     00:00:00:00:00:0c    00:00:00:00:00:0f 13    585  [12,13,6,7,22,15]     00:00:00:00:00:0c    00:00:00:00:00:0f 14    585  [12,13,6,18,22,15]     00:00:00:00:00:0c    00:00:00:00:00:0f 15    731  [12,13,3,1,16,22,15]  
# h00:00:00:00:00:0c -> h00:00:00:00:00:0d
   00:00:00:00:00:0c    00:00:00:00:00:0d 0      0  [12,13]     00:00:00:00:00:0c    00:00:00:00:00:0d 1    293  [12,15,5,13]     00:00:00:00:00:0c    00:00:00:00:00:0d 2    439  [12,15,5,8,13]     00:00:00:00:00:0c    00:00:00:00:00:0d 3    585  [12,15,2,7,3,13]     00:00:00:00:00:0c    00:00:00:00:00:0d 4    585  [12,15,2,7,5,13]     00:00:00:00:00:0c    00:00:00:00:00:0d 5    585  [12,15,2,7,6,13]     00:00:00:00:00:0c    00:00:00:00:00:0d 6    585  [12,15,5,1,3,13]     00:00:00:00:00:0c    00:00:00:00:00:0d 7    585  [12,15,5,7,3,13]     00:00:00:00:00:0c    00:00:00:00:00:0d 8    585  [12,15,5,7,6,13]     00:00:00:00:00:0c    00:00:00:00:00:0d 9    585  [12,15,22,7,3,13]     00:00:00:00:00:0c    00:00:00:00:00:0d 10    585  [12,15,22,7,5,13]     00:00:00:00:00:0c    00:00:00:00:00:0d 11    585  [12,15,22,7,6,13]     00:00:00:00:00:0c    00:00:00:00:00:0d 12    585  [12,15,22,11,5,13]     00:00:00:00:00:0c    00:00:00:00:00:0d 13    585  [12,15,22,19,5,13]     00:00:00:00:00:0c    00:00:00:00:00:0d 14    585  [12,15,22,18,6,13]     00:00:00:00:00:0c    00:00:00:00:00:0d 15    731  [12,15,2,7,5,8,13]  
# h00:00:00:00:00:0c -> h00:00:00:00:00:04
   00:00:00:00:00:0c    00:00:00:00:00:04 0    293  [12,13,5,4]     00:00:00:00:00:0c    00:00:00:00:00:04 1    293  [12,15,5,4]     00:00:00:00:00:0c    00:00:00:00:00:04 2    439  [12,13,8,5,4]     00:00:00:00:00:0c    00:00:00:00:00:04 3    585  [12,13,3,1,5,4]     00:00:00:00:00:0c    00:00:00:00:00:04 4    585  [12,13,3,7,5,4]     00:00:00:00:00:0c    00:00:00:00:00:04 5    585  [12,13,5,19,17,4]     00:00:00:00:00:0c    00:00:00:00:00:04 6    585  [12,13,6,7,5,4]     00:00:00:00:00:0c    00:00:00:00:00:04 7    585  [12,15,2,7,5,4]     00:00:00:00:00:0c    00:00:00:00:00:04 8    585  [12,15,5,19,17,4]     00:00:00:00:00:0c    00:00:00:00:00:04 9    585  [12,15,22,7,5,4]     00:00:00:00:00:0c    00:00:00:00:00:04 10    585  [12,15,22,11,5,4]     00:00:00:00:00:0c    00:00:00:00:00:04 11    585  [12,15,22,19,5,4]     00:00:00:00:00:0c    00:00:00:00:00:04 12    585  [12,15,22,19,17,4]     00:00:00:00:00:0c    00:00:00:00:00:04 13    731  [12,13,3,1,10,21,4]     00:00:00:00:00:0c    00:00:00:00:00:04 14    731  [12,13,5,1,10,21,4]     00:00:00:00:00:0c    00:00:00:00:00:04 15    731  [12,13,8,5,19,17,4]  
# h00:00:00:00:00:0c -> h00:00:00:00:00:11
   00:00:00:00:00:0c    00:00:00:00:00:11 0    439  [12,13,5,4,17]     00:00:00:00:00:0c    00:00:00:00:00:11 1    439  [12,13,5,19,17]     00:00:00:00:00:0c    00:00:00:00:00:11 2    439  [12,15,5,4,17]     00:00:00:00:00:0c    00:00:00:00:00:11 3    439  [12,15,5,19,17]     00:00:00:00:00:0c    00:00:00:00:00:11 4    439  [12,15,22,19,17]     00:00:00:00:00:0c    00:00:00:00:00:11 5    585  [12,13,8,5,4,17]     00:00:00:00:00:0c    00:00:00:00:00:11 6    585  [12,13,8,5,19,17]     00:00:00:00:00:0c    00:00:00:00:00:11 7    731  [12,13,3,1,5,4,17]     00:00:00:00:00:0c    00:00:00:00:00:11 8    731  [12,13,3,1,5,19,17]     00:00:00:00:00:0c    00:00:00:00:00:11 9    731  [12,13,3,7,5,4,17]     00:00:00:00:00:0c    00:00:00:00:00:11 10    731  [12,13,3,7,5,19,17]     00:00:00:00:00:0c    00:00:00:00:00:11 11    731  [12,13,3,7,22,19,17]     00:00:00:00:00:0c    00:00:00:00:00:11 12    731  [12,13,5,7,22,19,17]     00:00:00:00:00:0c    00:00:00:00:00:11 13    731  [12,13,5,11,22,19,17]     00:00:00:00:00:0c    00:00:00:00:00:11 14    731  [12,13,5,15,22,19,17]     00:00:00:00:00:0c    00:00:00:00:00:11 15    731  [12,13,6,7,5,4,17]  
# h00:00:00:00:00:0c -> h00:00:00:00:00:15
   00:00:00:00:00:0c    00:00:00:00:00:15 0    439  [12,13,5,4,21]     00:00:00:00:00:0c    00:00:00:00:00:15 1    439  [12,15,5,4,21]     00:00:00:00:00:0c    00:00:00:00:00:15 2    585  [12,13,5,1,10,21]     00:00:00:00:00:0c    00:00:00:00:00:15 3    585  [12,13,8,5,4,21]     00:00:00:00:00:0c    00:00:00:00:00:15 4    585  [12,13,3,1,10,21]     00:00:00:00:00:0c    00:00:00:00:00:15 5    585  [12,15,5,1,10,21]     00:00:00:00:00:0c    00:00:00:00:00:15 6    731  [12,13,3,1,5,4,21]     00:00:00:00:00:0c    00:00:00:00:00:15 7    731  [12,13,3,7,5,4,21]     00:00:00:00:00:0c    00:00:00:00:00:15 8    731  [12,13,5,19,17,4,21]     00:00:00:00:00:0c    00:00:00:00:00:15 9    731  [12,13,6,7,5,4,21]     00:00:00:00:00:0c    00:00:00:00:00:15 10    731  [12,13,8,5,1,10,21]     00:00:00:00:00:0c    00:00:00:00:00:15 11    731  [12,15,2,7,5,4,21]     00:00:00:00:00:0c    00:00:00:00:00:15 12    731  [12,15,5,19,17,4,21]     00:00:00:00:00:0c    00:00:00:00:00:15 13    731  [12,15,22,7,5,4,21]     00:00:00:00:00:0c    00:00:00:00:00:15 14    731  [12,15,22,11,5,4,21]     00:00:00:00:00:0c    00:00:00:00:00:15 15    731  [12,15,22,19,5,4,21]  
# h00:00:00:00:00:0c -> h00:00:00:00:00:08
   00:00:00:00:00:0c    00:00:00:00:00:08 0    146  [12,13,8]     00:00:00:00:00:0c    00:00:00:00:00:08 1    293  [12,13,5,8]     00:00:00:00:00:0c    00:00:00:00:00:08 2    293  [12,15,5,8]     00:00:00:00:00:0c    00:00:00:00:00:08 3    439  [12,15,5,13,8]     00:00:00:00:00:0c    00:00:00:00:00:08 4    585  [12,13,3,1,5,8]     00:00:00:00:00:0c    00:00:00:00:00:08 5    585  [12,13,3,7,5,8]     00:00:00:00:00:0c    00:00:00:00:00:08 6    585  [12,13,6,7,5,8]     00:00:00:00:00:0c    00:00:00:00:00:08 7    585  [12,15,2,7,5,8]     00:00:00:00:00:0c    00:00:00:00:00:08 8    585  [12,15,22,7,5,8]     00:00:00:00:00:0c    00:00:00:00:00:08 9    585  [12,15,22,11,5,8]     00:00:00:00:00:0c    00:00:00:00:00:08 10    585  [12,15,22,19,5,8]     00:00:00:00:00:0c    00:00:00:00:00:08 11    731  [12,15,2,7,3,13,8]     00:00:00:00:00:0c    00:00:00:00:00:08 12    731  [12,15,2,7,5,13,8]     00:00:00:00:00:0c    00:00:00:00:00:08 13    731  [12,15,2,7,6,13,8]     00:00:00:00:00:0c    00:00:00:00:00:08 14    731  [12,15,2,14,7,5,8]     00:00:00:00:00:0c    00:00:00:00:00:08 15    731  [12,15,5,1,3,13,8]  
# h00:00:00:00:00:0c -> h00:00:00:00:00:0b
   00:00:00:00:00:0c    00:00:00:00:00:0b 0    293  [12,13,5,11]     00:00:00:00:00:0c    00:00:00:00:00:0b 1    293  [12,15,5,11]     00:00:00:00:00:0c    00:00:00:00:00:0b 2    293  [12,15,22,11]     00:00:00:00:00:0c    00:00:00:00:00:0b 3    439  [12,13,8,5,11]     00:00:00:00:00:0c    00:00:00:00:00:0b 4    585  [12,13,3,1,5,11]     00:00:00:00:00:0c    00:00:00:00:00:0b 5    585  [12,13,3,7,5,11]     00:00:00:00:00:0c    00:00:00:00:00:0b 6    585  [12,13,3,7,22,11]     00:00:00:00:00:0c    00:00:00:00:00:0b 7    585  [12,13,5,7,22,11]     00:00:00:00:00:0c    00:00:00:00:00:0b 8    585  [12,13,5,15,22,11]     00:00:00:00:00:0c    00:00:00:00:00:0b 9    585  [12,13,5,19,22,11]     00:00:00:00:00:0c    00:00:00:00:00:0b 10    585  [12,13,6,7,5,11]     00:00:00:00:00:0c    00:00:00:00:00:0b 11    585  [12,13,6,7,22,11]     00:00:00:00:00:0c    00:00:00:00:00:0b 12    585  [12,13,6,18,22,11]     00:00:00:00:00:0c    00:00:00:00:00:0b 13    585  [12,15,2,7,5,11]     00:00:00:00:00:0c    00:00:00:00:00:0b 14    585  [12,15,2,7,22,11]     00:00:00:00:00:0c    00:00:00:00:00:0b 15    585  [12,15,5,7,22,11]  
# h00:00:00:00:00:0c -> h00:00:00:00:00:13
   00:00:00:00:00:0c    00:00:00:00:00:13 0    293  [12,13,5,19]     00:00:00:00:00:0c    00:00:00:00:00:13 1    293  [12,15,5,19]     00:00:00:00:00:0c    00:00:00:00:00:13 2    293  [12,15,22,19]     00:00:00:00:00:0c    00:00:00:00:00:13 3    439  [12,13,8,5,19]     00:00:00:00:00:0c    00:00:00:00:00:13 4    585  [12,13,3,1,5,19]     00:00:00:00:00:0c    00:00:00:00:00:13 5    585  [12,13,3,7,5,19]     00:00:00:00:00:0c    00:00:00:00:00:13 6    585  [12,13,3,7,22,19]     00:00:00:00:00:0c    00:00:00:00:00:13 7    585  [12,13,5,4,17,19]     00:00:00:00:00:0c    00:00:00:00:00:13 8    585  [12,13,5,7,22,19]     00:00:00:00:00:0c    00:00:00:00:00:13 9    585  [12,13,5,11,22,19]     00:00:00:00:00:0c    00:00:00:00:00:13 10    585  [12,13,5,15,22,19]     00:00:00:00:00:0c    00:00:00:00:00:13 11    585  [12,13,6,7,5,19]     00:00:00:00:00:0c    00:00:00:00:00:13 12    585  [12,13,6,7,22,19]     00:00:00:00:00:0c    00:00:00:00:00:13 13    585  [12,13,6,18,22,19]     00:00:00:00:00:0c    00:00:00:00:00:13 14    585  [12,15,2,7,5,19]     00:00:00:00:00:0c    00:00:00:00:00:13 15    585  [12,15,2,7,22,19]  
# h00:00:00:00:00:0c -> h00:00:00:00:00:06
   00:00:00:00:00:0c    00:00:00:00:00:06 0    146  [12,13,6]     00:00:00:00:00:0c    00:00:00:00:00:06 1    439  [12,13,3,7,6]     00:00:00:00:00:0c    00:00:00:00:00:06 2    439  [12,13,5,7,6]     00:00:00:00:00:0c    00:00:00:00:00:06 3    439  [12,15,2,7,6]     00:00:00:00:00:0c    00:00:00:00:00:06 4    439  [12,15,5,7,6]     00:00:00:00:00:0c    00:00:00:00:00:06 5    439  [12,15,5,13,6]     00:00:00:00:00:0c    00:00:00:00:00:06 6    439  [12,15,22,7,6]     00:00:00:00:00:0c    00:00:00:00:00:06 7    439  [12,15,22,18,6]     00:00:00:00:00:0c    00:00:00:00:00:06 8    585  [12,13,8,5,7,6]     00:00:00:00:00:0c    00:00:00:00:00:06 9    585  [12,15,2,14,7,6]     00:00:00:00:00:0c    00:00:00:00:00:06 10    585  [12,15,5,8,13,6]     00:00:00:00:00:0c    00:00:00:00:00:06 11    731  [12,13,3,1,5,7,6]     00:00:00:00:00:0c    00:00:00:00:00:06 12    731  [12,13,3,7,22,18,6]     00:00:00:00:00:0c    00:00:00:00:00:06 13    731  [12,13,5,7,22,18,6]     00:00:00:00:00:0c    00:00:00:00:00:06 14    731  [12,13,5,15,2,7,6]     00:00:00:00:00:0c    00:00:00:00:00:06 15    731  [12,13,5,1,3,7,6]  
# h00:00:00:00:00:0c -> h00:00:00:00:00:12
   00:00:00:00:00:0c    00:00:00:00:00:12 0    293  [12,13,6,18]     00:00:00:00:00:0c    00:00:00:00:00:12 1    293  [12,15,22,18]     00:00:00:00:00:0c    00:00:00:00:00:12 2    585  [12,13,3,7,6,18]     00:00:00:00:00:0c    00:00:00:00:00:12 3    585  [12,13,3,7,22,18]     00:00:00:00:00:0c    00:00:00:00:00:12 4    585  [12,13,5,7,6,18]     00:00:00:00:00:0c    00:00:00:00:00:12 5    585  [12,13,5,7,22,18]     00:00:00:00:00:0c    00:00:00:00:00:12 6    585  [12,13,5,11,22,18]     00:00:00:00:00:0c    00:00:00:00:00:12 7    585  [12,13,5,15,22,18]     00:00:00:00:00:0c    00:00:00:00:00:12 8    585  [12,13,5,19,22,18]     00:00:00:00:00:0c    00:00:00:00:00:12 9    585  [12,13,6,7,22,18]     00:00:00:00:00:0c    00:00:00:00:00:12 10    585  [12,15,2,7,6,18]     00:00:00:00:00:0c    00:00:00:00:00:12 11    585  [12,15,2,7,22,18]     00:00:00:00:00:0c    00:00:00:00:00:12 12    585  [12,15,5,7,6,18]     00:00:00:00:00:0c    00:00:00:00:00:12 13    585  [12,15,5,7,22,18]     00:00:00:00:00:0c    00:00:00:00:00:12 14    585  [12,15,5,13,6,18]     00:00:00:00:00:0c    00:00:00:00:00:12 15    585  [12,15,5,11,22,18]  
# h00:00:00:00:00:0c -> h00:00:00:00:00:16
   00:00:00:00:00:0c    00:00:00:00:00:16 0    146  [12,15,22]     00:00:00:00:00:0c    00:00:00:00:00:16 1    439  [12,13,3,7,22]     00:00:00:00:00:0c    00:00:00:00:00:16 2    439  [12,13,5,7,22]     00:00:00:00:00:0c    00:00:00:00:00:16 3    439  [12,13,5,11,22]     00:00:00:00:00:0c    00:00:00:00:00:16 4    439  [12,13,5,15,22]     00:00:00:00:00:0c    00:00:00:00:00:16 5    439  [12,13,5,19,22]     00:00:00:00:00:0c    00:00:00:00:00:16 6    439  [12,13,6,7,22]     00:00:00:00:00:0c    00:00:00:00:00:16 7    439  [12,13,6,18,22]     00:00:00:00:00:0c    00:00:00:00:00:16 8    439  [12,15,2,7,22]     00:00:00:00:00:0c    00:00:00:00:00:16 9    439  [12,15,5,7,22]     00:00:00:00:00:0c    00:00:00:00:00:16 10    439  [12,15,5,11,22]     00:00:00:00:00:0c    00:00:00:00:00:16 11    439  [12,15,5,19,22]     00:00:00:00:00:0c    00:00:00:00:00:16 12    585  [12,13,3,1,16,22]     00:00:00:00:00:0c    00:00:00:00:00:16 13    585  [12,13,5,1,16,22]     00:00:00:00:00:0c    00:00:00:00:00:16 14    585  [12,13,8,5,7,22]     00:00:00:00:00:0c    00:00:00:00:00:16 15    585  [12,13,8,5,11,22]  
# h00:00:00:00:00:0c -> h00:00:00:00:00:09
   00:00:00:00:00:0c    00:00:00:00:00:09 0    585  [12,13,3,1,10,9]     00:00:00:00:00:0c    00:00:00:00:00:09 1    585  [12,13,3,1,20,9]     00:00:00:00:00:0c    00:00:00:00:00:09 2    585  [12,13,5,1,10,9]     00:00:00:00:00:0c    00:00:00:00:00:09 3    585  [12,13,5,1,20,9]     00:00:00:00:00:0c    00:00:00:00:00:09 4    585  [12,15,5,1,10,9]     00:00:00:00:00:0c    00:00:00:00:00:09 5    585  [12,15,5,1,20,9]     00:00:00:00:00:0c    00:00:00:00:00:09 6    731  [12,13,5,4,21,10,9]     00:00:00:00:00:0c    00:00:00:00:00:09 7    731  [12,13,8,5,1,10,9]     00:00:00:00:00:0c    00:00:00:00:00:09 8    731  [12,13,8,5,1,20,9]     00:00:00:00:00:0c    00:00:00:00:00:09 9    731  [12,15,5,4,21,10,9]     00:00:00:00:00:0c    00:00:00:00:00:09 10    731  [12,15,22,16,1,10,9]     00:00:00:00:00:0c    00:00:00:00:00:09 11    731  [12,15,22,16,1,20,9]     00:00:00:00:00:0c    00:00:00:00:00:09 12    877  [12,13,3,7,5,1,10,9]     00:00:00:00:00:0c    00:00:00:00:00:09 13    877  [12,13,3,7,5,1,20,9]     00:00:00:00:00:0c    00:00:00:00:00:09 14    877  [12,13,5,7,3,1,10,9]     00:00:00:00:00:0c    00:00:00:00:00:09 15    877  [12,13,5,7,3,1,20,9]  