topo,seed_file,batch,n_switches,n_links,n_flows,energy_saving_percent,mip_gap,solve_time_sec,status
grid_5x5_31,seed_milpsnap_grid5x5_xlow_bw25.json,1,25,40,1,83.4783,0.0,0.068,OPTIMAL
grid_5x5_31,seed_milpsnap_grid5x5_xlow_bw25.json,2,25,40,3,69.5652,0.0,0.018,OPTIMAL
grid_5x5_31,seed_milpsnap_grid5x5_xlow_bw25.json,3,25,40,4,55.6522,0.0,0.158,OPTIMAL
grid_5x5_31,seed_milpsnap_grid5x5_xlow_bw25.json,4,25,40,5,52.1739,0.0,0.14,OPTIMAL
grid_5x5_31,seed_milpsnap_grid5x5_xlow_bw25.json,5,25,40,6,52.1739,0.0,0.076,OPTIMAL
grid_5x5_31,seed_milpsnap_grid5x5_xlow_bw25.json,6,25,40,7,52.1739,0.0,0.141,OPTIMAL
grid_5x5_31,seed_milpsnap_grid5x5_xlow_bw25.json,7,25,40,9,48.6957,0.0,0.359,OPTIMAL
grid_5x5_31,seed_milpsnap_grid5x5_xlow_bw25.json,8,25,40,11,45.2174,0.0,0.583,OPTIMAL
grid_5x5_31,seed_milpsnap_grid5x5_xlow_bw25.json,9,25,40,12,45.2174,0.0,0.66,OPTIMAL
grid_5x5_31,seed_milpsnap_grid5x5_xlow_bw25.json,10,25,40,14,44.3478,0.0,3.189,OPTIMAL
grid_5x5_31,seed_milpsnap_grid5x5_xlow_bw25.json,11,25,40,16,44.3478,0.0,2.349,OPTIMAL
grid_5x5_31,seed_milpsnap_grid5x5_xlow_bw25.json,12,25,40,16,44.3478,0.0,3.406,OPTIMAL
grid_5x5_31,seed_milpsnap_grid5x5_xlow_bw25.json,13,25,40,17,44.3478,0.0,3.727,OPTIMAL
grid_5x5_31,seed_milpsnap_grid5x5_xlow_bw25.json,14,25,40,17,40.8696,0.0,5.815,OPTIMAL
grid_5x5_31,seed_milpsnap_grid5x5_xlow_bw25.json,15,25,40,17,44.3478,0.0,2.626,OPTIMAL
grid_5x5_31,seed_milpsnap_grid5x5_xlow_bw25.json,16,25,40,18,44.3478,0.0,2.701,OPTIMAL
grid_5x5_31,seed_milpsnap_grid5x5_xlow_bw25.json,17,25,40,17,44.3478,0.0,3.777,OPTIMAL
grid_5x5_31,seed_milpsnap_grid5x5_xlow_bw25.json,18,25,40,18,40.8696,0.0,10.672,OPTIMAL
grid_5x5_31,seed_milpsnap_grid5x5_xlow_bw25.json,19,25,40,19,36.5217,0.0,5.708,OPTIMAL
grid_5x5_31,seed_milpsnap_grid5x5_xlow_bw25.json,20,25,40,17,40.8696,0.0,2.334,OPTIMAL
grid_5x5_31,seed_milpsnap_grid5x5_xlow_bw25.json,21,25,40,16,44.3478,0.0,1.314,OPTIMAL
grid_5x5_31,seed_milpsnap_grid5x5_xlow_bw25.json,22,25,40,16,44.3478,0.0,1.293,OPTIMAL
grid_5x5_31,seed_milpsnap_grid5x5_xlow_bw25.json,23,25,40,14,44.3478,0.0,1.496,OPTIMAL
grid_5x5_31,seed_milpsnap_grid5x5_xlow_bw25.json,24,25,40,14,45.2174,0.0,1.094,OPTIMAL
grid_5x5_31,seed_milpsnap_grid5x5_xlow_bw25.json,25,25,40,14,45.2174,0.0,2.179,OPTIMAL
grid_5x5_31,seed_milpsnap_grid5x5_xlow_bw25.json,26,25,40,13,45.2174,0.0,0.783,OPTIMAL
grid_5x5_31,seed_milpsnap_grid5x5_xlow_bw25.json,27,25,40,14,45.2174,0.0,2.483,OPTIMAL
grid_5x5_31,seed_milpsnap_grid5x5_xlow_bw25.json,28,25,40,14,48.6957,0.0,0.929,OPTIMAL
grid_5x5_31,seed_milpsnap_grid5x5_xlow_bw25.json,29,25,40,13,45.2174,0.0,2.264,OPTIMAL
grid_5x5_31,seed_milpsnap_grid5x5_xlow_bw25.json,30,25,40,15,45.2174,0.0,2.519,OPTIMAL
grid_5x5_31,seed_milpsnap_grid5x5_xlow_bw25.json,31,25,40,14,45.2174,0.0,2.472,OPTIMAL
grid_5x5_31,seed_milpsnap_grid5x5_xlow_bw25.json,32,25,40,12,52.1739,0.0,0.175,OPTIMAL
grid_5x5_31,seed_milpsnap_grid5x5_xlow_bw25.json,33,25,40,13,48.6957,0.0,0.849,OPTIMAL
grid_5x5_31,seed_milpsnap_grid5x5_xlow_bw25.json,34,25,40,15,45.2174,0.0,2.044,OPTIMAL
grid_5x5_31,seed_milpsnap_grid5x5_xlow_bw25.json,35,25,40,16,45.2174,0.0,2.242,OPTIMAL
grid_5x5_31,seed_milpsnap_grid5x5_xlow_bw25.json,36,25,40,14,45.2174,0.0,2.067,OPTIMAL
grid_5x5_31,seed_milpsnap_grid5x5_xlow_bw25.json,37,25,40,16,45.2174,0.0,1.841,OPTIMAL
grid_5x5_31,seed_milpsnap_grid5x5_xlow_bw25.json,38,25,40,18,45.2174,0.0,1.459,OPTIMAL
grid_5x5_31,seed_milpsnap_grid5x5_xlow_bw25.json,39,25,40,16,45.2174,0.0,1.586,OPTIMAL
grid_5x5_31,seed_milpsnap_grid5x5_xlow_bw25.json,40,25,40,15,45.2174,0.0,1.954,OPTIMAL
grid_5x5_31,seed_milpsnap_grid5x5_xlow_bw25.json,41,25,40,17,45.2174,0.0,1.788,OPTIMAL
grid_5x5_31,seed_milpsnap_grid5x5_xlow_bw25.json,42,25,40,16,45.2174,0.0,2.196,OPTIMAL
grid_5x5_31,seed_milpsnap_grid5x5_xlow_bw25.json,43,25,40,19,44.3478,0.0,2.258,OPTIMAL
grid_5x5_31,seed_milpsnap_grid5x5_xlow_bw25.json,44,25,40,20,44.3478,0.0,2.441,OPTIMAL
grid_5x5_31,seed_milpsnap_grid5x5_xlow_bw25.json,45,25,40,19,44.3478,0.0,2.609,OPTIMAL
grid_5x5_31,seed_milpsnap_grid5x5_xlow_bw25.json,46,25,40,20,44.3478,0.0,2.825,OPTIMAL
grid_5x5_31,seed_milpsnap_grid5x5_xlow_bw25.json,47,25,40,20,44.3478,0.0,1.358,OPTIMAL
grid_5x5_31,seed_milpsnap_grid5x5_xlow_bw25.json,48,25,40,21,44.3478,0.0,1.125,OPTIMAL
grid_5x5_31,seed_milpsnap_grid5x5_xlow_bw25.json,49,25,40,20,44.3478,0.0,1.187,OPTIMAL
grid_5x5_31,seed_milpsnap_grid5x5_xlow_bw25.json,50,25,40,19,44.3478,0.0,1.561,OPTIMAL
grid_5x5_31,seed_milpsnap_grid5x5_xlow_bw25.json,51,25,40,18,44.3478,0.0,2.181,OPTIMAL
grid_5x5_31,seed_milpsnap_grid5x5_xlow_bw25.json,52,25,40,17,44.3478,0.0,0.744,OPTIMAL
grid_5x5_31,seed_milpsnap_grid5x5_xlow_bw25.json,53,25,40,15,45.2174,0.0,1.477,OPTIMAL
grid_5x5_31,seed_milpsnap_grid5x5_xlow_bw25.json,54,25,40,16,44.3478,0.0,1.972,OPTIMAL
grid_5x5_31,seed_milpsnap_grid5x5_xlow_bw25.json,55,25,40,19,44.3478,0.0,1.223,OPTIMAL
grid_5x5_31,seed_milpsnap_grid5x5_xlow_bw25.json,56,25,40,18,45.2174,0.0,1.022,OPTIMAL
grid_5x5_31,seed_milpsnap_grid5x5_xlow_bw25.json,57,25,40,21,44.3478,0.0,1.239,OPTIMAL
grid_5x5_31,seed_milpsnap_grid5x5_xlow_bw25.json,58,25,40,18,48.6957,0.0,0.642,OPTIMAL
grid_5x5_31,seed_milpsnap_grid5x5_xlow_bw25.json,59,25,40,17,48.6957,0.0,0.969,OPTIMAL
grid_5x5_31,seed_milpsnap_grid5x5_xlow_bw25.json,60,25,40,18,45.2174,0.0,3.655,OPTIMAL
grid_5x5_31,seed_milpsnap_grid5x5_xlow_bw25.json,61,25,40,19,44.3478,0.0,2.816,OPTIMAL
grid_5x5_31,seed_milpsnap_grid5x5_xlow_bw25.json,62,25,40,19,44.3478,0.0,3.333,OPTIMAL
grid_5x5_31,seed_milpsnap_grid5x5_xlow_bw25.json,63,25,40,19,40.0,0.0,8.375,OPTIMAL
grid_5x5_31,seed_milpsnap_grid5x5_xlow_bw25.json,64,25,40,19,44.3478,0.0,2.527,OPTIMAL
grid_5x5_31,seed_milpsnap_grid5x5_xlow_bw25.json,65,25,40,20,40.8696,0.0,3.248,OPTIMAL
grid_5x5_31,seed_milpsnap_grid5x5_xlow_bw25.json,66,25,40,21,37.3913,0.0,5.767,OPTIMAL
grid_5x5_31,seed_milpsnap_grid5x5_xlow_bw25.json,67,25,40,20,37.3913,0.0,9.066,OPTIMAL
grid_5x5_31,seed_milpsnap_grid5x5_xlow_bw25.json,68,25,40,24,33.0435,0.0,10.8,OPTIMAL
grid_5x5_31,seed_milpsnap_grid5x5_xlow_bw25.json,69,25,40,24,29.5652,0.0,24.291,OPTIMAL
grid_5x5_31,seed_milpsnap_grid5x5_xlow_bw25.json,70,25,40,22,36.5217,0.0,6.933,OPTIMAL
grid_5x5_31,seed_milpsnap_grid5x5_xlow_bw25.json,71,25,40,21,36.5217,0.0,6.622,OPTIMAL
grid_5x5_31,seed_milpsnap_grid5x5_xlow_bw25.json,72,25,40,18,40.8696,0.0,2.737,OPTIMAL
grid_5x5_31,seed_milpsnap_grid5x5_xlow_bw25.json,73,25,40,17,40.8696,0.0,2.641,OPTIMAL
grid_5x5_31,seed_milpsnap_grid5x5_xlow_bw25.json,74,25,40,17,40.8696,0.0,2.825,OPTIMAL
grid_5x5_31,seed_milpsnap_grid5x5_xlow_bw25.json,75,25,40,15,44.3478,0.0,1.645,OPTIMAL
grid_5x5_31,seed_milpsnap_grid5x5_xlow_bw25.json,76,25,40,13,45.2174,0.0,0.562,OPTIMAL
grid_5x5_31,seed_milpsnap_grid5x5_xlow_bw25.json,77,25,40,15,44.3478,0.0,1.668,OPTIMAL
grid_5x5_31,seed_milpsnap_grid5x5_xlow_bw25.json,78,25,40,17,44.3478,0.0,2.582,OPTIMAL
grid_5x5_31,seed_milpsnap_grid5x5_xlow_bw25.json,79,25,40,16,44.3478,0.0,2.221,OPTIMAL
grid_5x5_31,seed_milpsnap_grid5x5_xlow_bw25.json,80,25,40,15,44.3478,0.0,1.852,OPTIMAL
grid_5x5_31,seed_milpsnap_grid5x5_xlow_bw25.json,81,25,40,15,44.3478,0.0,2.701,OPTIMAL
grid_5x5_31,seed_milpsnap_grid5x5_xlow_bw25.json,82,25,40,13,45.2174,0.0,1.434,OPTIMAL
grid_5x5_31,seed_milpsnap_grid5x5_xlow_bw25.json,83,25,40,15,44.3478,0.0,2.395,OPTIMAL
grid_5x5_31,seed_milpsnap_grid5x5_xlow_bw25.json,84,25,40,16,44.3478,0.0,2.446,OPTIMAL
grid_5x5_31,seed_milpsnap_grid5x5_xlow_bw25.json,85,25,40,20,33.913,0.0,9.042,OPTIMAL
grid_5x5_31,seed_milpsnap_grid5x5_xlow_bw25.json,86,25,40,21,33.0435,0.0,10.099,OPTIMAL
grid_5x5_31,seed_milpsnap_grid5x5_xlow_bw25.json,87,25,40,22,33.913,0.0,6.86,OPTIMAL
grid_5x5_31,seed_milpsnap_grid5x5_xlow_bw25.json,88,25,40,23,33.0435,0.0,6.354,OPTIMAL
grid_5x5_31,seed_milpsnap_grid5x5_xlow_bw25.json,89,25,40,24,33.0435,0.0,7.104,OPTIMAL
grid_5x5_31,seed_milpsnap_grid5x5_xlow_bw25.json,90,25,40,22,37.3913,0.0,7.915,OPTIMAL
grid_5x5_31,seed_milpsnap_grid5x5_xlow_bw25.json,91,25,40,19,44.3478,0.0,2.158,OPTIMAL
grid_5x5_31,seed_milpsnap_grid5x5_xlow_bw25.json,92,25,40,20,37.3913,0.0,10.975,OPTIMAL
grid_5x5_31,seed_milpsnap_grid5x5_xlow_bw25.json,93,25,40,19,44.3478,0.0,2.259,OPTIMAL
grid_5x5_31,seed_milpsnap_grid5x5_xlow_bw25.json,94,25,40,20,44.3478,0.0,2.083,OPTIMAL
grid_5x5_31,seed_milpsnap_grid5x5_xlow_bw25.json,95,25,40,18,44.3478,0.0,3.529,OPTIMAL
grid_5x5_31,seed_milpsnap_grid5x5_xlow_bw25.json,96,25,40,17,44.3478,0.0,3.185,OPTIMAL
grid_5x5_31,seed_milpsnap_grid5x5_xlow_bw25.json,97,25,40,18,45.2174,0.0,1.834,OPTIMAL
grid_5x5_31,seed_milpsnap_grid5x5_xlow_bw25.json,98,25,40,14,45.2174,0.0,1.809,OPTIMAL
grid_5x5_31,seed_milpsnap_grid5x5_xlow_bw25.json,99,25,40,13,48.6957,0.0,0.388,OPTIMAL
grid_5x5_31,seed_milpsnap_grid5x5_xlow_bw25.json,100,25,40,11,48.6957,0.0,0.262,OPTIMAL
grid_5x5_31,seed_milpsnap_grid5x5_xlow_bw25.json,101,25,40,14,45.2174,0.0,1.612,OPTIMAL
grid_5x5_31,seed_milpsnap_grid5x5_xlow_bw25.json,102,25,40,14,45.2174,0.0,1.269,OPTIMAL
grid_5x5_31,seed_milpsnap_grid5x5_xlow_bw25.json,103,25,40,14,45.2174,0.0,1.258,OPTIMAL
grid_5x5_31,seed_milpsnap_grid5x5_xlow_bw25.json,104,25,40,13,46.087,0.0,0.848,OPTIMAL
grid_5x5_31,seed_milpsnap_grid5x5_xlow_bw25.json,105,25,40,14,45.2174,0.0,2.198,OPTIMAL
grid_5x5_31,seed_milpsnap_grid5x5_xlow_bw25.json,106,25,40,16,44.3478,0.0,1.879,OPTIMAL
grid_5x5_31,seed_milpsnap_grid5x5_xlow_bw25.json,107,25,40,16,44.3478,0.0,2.153,OPTIMAL
grid_5x5_31,seed_milpsnap_grid5x5_xlow_bw25.json,108,25,40,18,44.3478,0.0,2.207,OPTIMAL
grid_5x5_31,seed_milpsnap_grid5x5_xlow_bw25.json,109,25,40,17,44.3478,0.0,3.019,OPTIMAL
grid_5x5_31,seed_milpsnap_grid5x5_xlow_bw25.json,110,25,40,15,44.3478,0.0,1.988,OPTIMAL
grid_5x5_31,seed_milpsnap_grid5x5_xlow_bw25.json,111,25,40,16,44.3478,0.0,1.774,OPTIMAL
grid_5x5_31,seed_milpsnap_grid5x5_xlow_bw25.json,112,25,40,17,44.3478,0.0,1.676,OPTIMAL
grid_5x5_31,seed_milpsnap_grid5x5_xlow_bw25.json,113,25,40,14,44.3478,0.0,1.273,OPTIMAL
grid_5x5_31,seed_milpsnap_grid5x5_xlow_bw25.json,114,25,40,13,44.3478,0.0,0.639,OPTIMAL
grid_5x5_31,seed_milpsnap_grid5x5_xlow_bw25.json,115,25,40,13,44.3478,0.0,1.248,OPTIMAL
grid_5x5_31,seed_milpsnap_grid5x5_xlow_bw25.json,116,25,40,17,44.3478,0.0,2.106,OPTIMAL
grid_5x5_31,seed_milpsnap_grid5x5_xlow_bw25.json,117,25,40,16,44.3478,0.0,1.649,OPTIMAL
grid_5x5_31,seed_milpsnap_grid5x5_xlow_bw25.json,118,25,40,15,44.3478,0.0,2.009,OPTIMAL
grid_5x5_31,seed_milpsnap_grid5x5_xlow_bw25.json,119,25,40,14,44.3478,0.0,1.692,OPTIMAL
grid_5x5_31,seed_milpsnap_grid5x5_xlow_bw25.json,120,25,40,12,45.2174,0.0,2.091,OPTIMAL
grid_5x5_31,seed_milpsnap_grid5x5_xlow_bw25.json,121,25,40,13,44.3478,0.0,3.091,OPTIMAL
grid_5x5_31,seed_milpsnap_grid5x5_xlow_bw25.json,122,25,40,13,44.3478,0.0,3.108,OPTIMAL
grid_5x5_31,seed_milpsnap_grid5x5_xlow_bw25.json,123,25,40,12,45.2174,0.0,2.275,OPTIMAL
grid_5x5_31,seed_milpsnap_grid5x5_xlow_bw25.json,124,25,40,13,44.3478,0.0,2.486,OPTIMAL
grid_5x5_31,seed_milpsnap_grid5x5_xlow_bw25.json,125,25,40,12,45.2174,0.0,2.666,OPTIMAL
grid_5x5_31,seed_milpsnap_grid5x5_xlow_bw25.json,126,25,40,13,45.2174,0.0,1.406,OPTIMAL
grid_5x5_31,seed_milpsnap_grid5x5_xlow_bw25.json,127,25,40,14,44.3478,0.0,2.765,OPTIMAL
grid_5x5_31,seed_milpsnap_grid5x5_xlow_bw25.json,128,25,40,13,45.2174,0.0,1.235,OPTIMAL
grid_5x5_31,seed_milpsnap_grid5x5_xlow_bw25.json,129,25,40,10,48.6957,0.0,0.22,OPTIMAL
grid_5x5_31,seed_milpsnap_grid5x5_xlow_bw25.json,130,25,40,11,48.6957,0.0,0.214,OPTIMAL
grid_5x5_31,seed_milpsnap_grid5x5_xlow_bw25.json,131,25,40,13,48.6957,0.0,0.54,OPTIMAL
grid_5x5_31,seed_milpsnap_grid5x5_xlow_bw25.json,132,25,40,13,52.1739,0.0,0.277,OPTIMAL
grid_5x5_31,seed_milpsnap_grid5x5_xlow_bw25.json,133,25,40,1,76.5217,0.0,0.017,OPTIMAL
grid_5x5_31,seed_milpsnap_grid5x5_xlow_bw25.json,134,25,40,2,66.087,0.0,0.098,OPTIMAL
grid_5x5_31,seed_milpsnap_grid5x5_xlow_bw25.json,135,25,40,3,66.087,0.0,0.042,OPTIMAL
grid_5x5_31,seed_milpsnap_grid5x5_xlow_bw25.json,136,25,40,5,59.1304,0.0,0.083,OPTIMAL
grid_5x5_31,seed_milpsnap_grid5x5_xlow_bw25.json,137,25,40,6,52.1739,0.0,0.353,OPTIMAL
grid_5x5_31,seed_milpsnap_grid5x5_xlow_bw25.json,138,25,40,7,52.1739,0.0,0.389,OPTIMAL
grid_5x5_31,seed_milpsnap_grid5x5_xlow_bw25.json,139,25,40,8,52.1739,0.0,0.277,OPTIMAL
grid_5x5_31,seed_milpsnap_grid5x5_xlow_bw25.json,140,25,40,9,52.1739,0.0,0.344,OPTIMAL
grid_5x5_31,seed_milpsnap_grid5x5_xlow_bw25.json,141,25,40,11,48.6957,0.0,0.178,OPTIMAL
grid_5x5_31,seed_milpsnap_grid5x5_xlow_bw25.json,142,25,40,12,44.3478,0.0,1.45,OPTIMAL
grid_5x5_31,seed_milpsnap_grid5x5_xlow_bw25.json,143,25,40,14,44.3478,0.0,1.626,OPTIMAL
grid_5x5_31,seed_milpsnap_grid5x5_xlow_bw25.json,144,25,40,15,44.3478,0.0,1.81,OPTIMAL
grid_5x5_31,seed_milpsnap_grid5x5_xlow_bw25.json,145,25,40,17,40.0,0.0,14.825,OPTIMAL
grid_5x5_31,seed_milpsnap_grid5x5_xlow_bw25.json,146,25,40,17,37.3913,0.0,12.0,OPTIMAL
grid_5x5_31,seed_milpsnap_grid5x5_xlow_bw25.json,147,25,40,18,32.1739,0.0,17.821,OPTIMAL
grid_5x5_31,seed_milpsnap_grid5x5_xlow_bw25.json,148,25,40,17,36.5217,0.0,9.856,OPTIMAL
grid_5x5_31,seed_milpsnap_grid5x5_xlow_bw25.json,149,25,40,15,44.3478,0.0,3.692,OPTIMAL
grid_5x5_31,seed_milpsnap_grid5x5_xlow_bw25.json,150,25,40,15,44.3478,0.0,3.05,OPTIMAL
grid_5x5_31,seed_milpsnap_grid5x5_xlow_bw25.json,151,25,40,14,44.3478,0.0,2.75,OPTIMAL
grid_5x5_31,seed_milpsnap_grid5x5_xlow_bw25.json,152,25,40,14,44.3478,0.0,2.278,OPTIMAL
grid_5x5_31,seed_milpsnap_grid5x5_xlow_bw25.json,153,25,40,14,44.3478,0.0,2.988,OPTIMAL
grid_5x5_31,seed_milpsnap_grid5x5_xlow_bw25.json,154,25,40,13,44.3478,0.0,2.602,OPTIMAL
grid_5x5_31,seed_milpsnap_grid5x5_xlow_bw25.json,155,25,40,12,44.3478,0.0,1.298,OPTIMAL
grid_5x5_31,seed_milpsnap_grid5x5_xlow_bw25.json,156,25,40,12,44.3478,0.0,1.384,OPTIMAL
grid_5x5_31,seed_milpsnap_grid5x5_xlow_bw25.json,157,25,40,12,44.3478,0.0,1.35,OPTIMAL
grid_5x5_31,seed_milpsnap_grid5x5_xlow_bw25.json,158,25,40,9,55.6522,0.0,0.215,OPTIMAL
grid_5x5_31,seed_milpsnap_grid5x5_xlow_bw25.json,159,25,40,9,52.1739,0.0,0.222,OPTIMAL
grid_5x5_31,seed_milpsnap_grid5x5_xlow_bw25.json,160,25,40,10,52.1739,0.0,0.164,OPTIMAL
grid_5x5_31,seed_milpsnap_grid5x5_xlow_bw25.json,161,25,40,11,52.1739,0.0,0.275,OPTIMAL
grid_5x5_31,seed_milpsnap_grid5x5_xlow_bw25.json,162,25,40,10,52.1739,0.0,0.224,OPTIMAL
grid_5x5_31,seed_milpsnap_grid5x5_xlow_bw25.json,163,25,40,13,52.1739,0.0,0.278,OPTIMAL
grid_5x5_31,seed_milpsnap_grid5x5_xlow_bw25.json,164,25,40,12,52.1739,0.0,0.184,OPTIMAL
grid_5x5_31,seed_milpsnap_grid5x5_xlow_bw25.json,165,25,40,14,52.1739,0.0,0.344,OPTIMAL
grid_5x5_31,seed_milpsnap_grid5x5_xlow_bw25.json,166,25,40,13,52.1739,0.0,0.175,OPTIMAL
grid_5x5_31,seed_milpsnap_grid5x5_xlow_bw25.json,167,25,40,14,44.3478,0.0,1.977,OPTIMAL
grid_5x5_31,seed_milpsnap_grid5x5_xlow_bw25.json,168,25,40,17,37.3913,0.0,7.667,OPTIMAL
grid_5x5_31,seed_milpsnap_grid5x5_xlow_bw25.json,169,25,40,19,33.913,0.0,6.908,OPTIMAL
grid_5x5_31,seed_milpsnap_grid5x5_xlow_bw25.json,170,25,40,23,28.6957,0.0,20.895,OPTIMAL
grid_5x5_31,seed_milpsnap_grid5x5_xlow_bw25.json,171,25,40,24,28.6957,0.0,22.377,OPTIMAL
grid_5x5_31,seed_milpsnap_grid5x5_xlow_bw25.json,172,25,40,24,26.087,0.0,46.542,OPTIMAL
grid_5x5_31,seed_milpsnap_grid5x5_xlow_bw25.json,173,25,40,22,29.5652,0.0,19.049,OPTIMAL
grid_5x5_31,seed_milpsnap_grid5x5_xlow_bw25.json,174,25,40,22,29.5652,0.0,28.482,OPTIMAL
grid_5x5_31,seed_milpsnap_grid5x5_xlow_bw25.json,175,25,40,23,29.5652,0.0,25.549,OPTIMAL
grid_5x5_31,seed_milpsnap_grid5x5_xlow_bw25.json,176,25,40,25,25.2174,0.0,49.65,OPTIMAL
grid_5x5_31,seed_milpsnap_grid5x5_xlow_bw25.json,177,25,40,22,26.087,0.0,52.943,OPTIMAL
grid_5x5_31,seed_milpsnap_grid5x5_xlow_bw25.json,178,25,40,20,29.5652,0.0,17.364,OPTIMAL
grid_5x5_31,seed_milpsnap_grid5x5_xlow_bw25.json,179,25,40,22,26.087,0.0,35.182,OPTIMAL
grid_5x5_31,seed_milpsnap_grid5x5_xlow_bw25.json,180,25,40,23,26.087,0.0,43.855,OPTIMAL
grid_5x5_31,seed_milpsnap_grid5x5_xlow_bw25.json,181,25,40,21,29.5652,0.0,20.766,OPTIMAL
grid_5x5_31,seed_milpsnap_grid5x5_xlow_bw25.json,182,25,40,20,40.8696,0.0,18.919,OPTIMAL
grid_5x5_31,seed_milpsnap_grid5x5_xlow_bw25.json,183,25,40,19,44.3478,0.0,3.444,OPTIMAL
grid_5x5_31,seed_milpsnap_grid5x5_xlow_bw25.json,184,25,40,15,44.3478,0.0,1.326,OPTIMAL
grid_5x5_31,seed_milpsnap_grid5x5_xlow_bw25.json,185,25,40,14,45.2174,0.0,0.566,OPTIMAL
grid_5x5_31,seed_milpsnap_grid5x5_xlow_bw25.json,186,25,40,15,44.3478,0.0,0.661,OPTIMAL
grid_5x5_31,seed_milpsnap_grid5x5_xlow_bw25.json,187,25,40,17,44.3478,0.0,1.107,OPTIMAL
grid_5x5_31,seed_milpsnap_grid5x5_xlow_bw25.json,188,25,40,17,44.3478,0.0,0.769,OPTIMAL
grid_5x5_31,seed_milpsnap_grid5x5_xlow_bw25.json,189,25,40,17,44.3478,0.0,2.351,OPTIMAL
grid_5x5_31,seed_milpsnap_grid5x5_xlow_bw25.json,190,25,40,15,45.2174,0.0,0.658,OPTIMAL
grid_5x5_31,seed_milpsnap_grid5x5_xlow_bw25.json,191,25,40,15,45.2174,0.0,1.294,OPTIMAL
grid_5x5_31,seed_milpsnap_grid5x5_xlow_bw25.json,192,25,40,14,49.5652,0.0,0.212,OPTIMAL
grid_5x5_31,seed_milpsnap_grid5x5_xlow_bw25.json,193,25,40,14,49.5652,0.0,0.229,OPTIMAL
grid_5x5_31,seed_milpsnap_grid5x5_xlow_bw25.json,194,25,40,16,45.2174,0.0,1.315,OPTIMAL
grid_5x5_31,seed_milpsnap_grid5x5_xlow_bw25.json,195,25,40,14,49.5652,0.0,0.205,OPTIMAL
grid_5x5_31,seed_milpsnap_grid5x5_xlow_bw25.json,196,25,40,15,45.2174,0.0,1.796,OPTIMAL
grid_5x5_31,seed_milpsnap_grid5x5_xlow_bw25.json,197,25,40,14,48.6957,0.0,0.959,OPTIMAL
grid_5x5_31,seed_milpsnap_grid5x5_xlow_bw25.json,198,25,40,13,48.6957,0.0,0.31,OPTIMAL
grid_5x5_31,seed_milpsnap_grid5x5_xlow_bw25.json,199,25,40,11,48.6957,0.0,0.242,OPTIMAL
grid_5x5_31,seed_milpsnap_grid5x5_xlow_bw25.json,200,25,40,12,48.6957,0.0,0.336,OPTIMAL
grid_5x5_31,seed_milpsnap_grid5x5_xlow_bw25.json,201,25,40,12,48.6957,0.0,0.26,OPTIMAL
grid_5x5_31,seed_milpsnap_grid5x5_xlow_bw25.json,202,25,40,14,48.6957,0.0,0.324,OPTIMAL
grid_5x5_31,seed_milpsnap_grid5x5_xlow_bw25.json,203,25,40,16,45.2174,0.0,2.217,OPTIMAL
grid_5x5_31,seed_milpsnap_grid5x5_xlow_bw25.json,204,25,40,17,45.2174,0.0,2.763,OPTIMAL
grid_5x5_31,seed_milpsnap_grid5x5_xlow_bw25.json,205,25,40,16,45.2174,0.0,2.299,OPTIMAL
grid_5x5_31,seed_milpsnap_grid5x5_xlow_bw25.json,206,25,40,16,45.2174,0.0,1.882,OPTIMAL
grid_5x5_31,seed_milpsnap_grid5x5_xlow_bw25.json,207,25,40,16,44.3478,0.0,2.68,OPTIMAL
grid_5x5_31,seed_milpsnap_grid5x5_xlow_bw25.json,208,25,40,13,48.6957,0.0,0.224,OPTIMAL
grid_5x5_31,seed_milpsnap_grid5x5_xlow_bw25.json,209,25,40,12,48.6957,0.0,0.543,OPTIMAL
grid_5x5_31,seed_milpsnap_grid5x5_xlow_bw25.json,210,25,40,13,48.6957,0.0,0.478,OPTIMAL
grid_5x5_31,seed_milpsnap_grid5x5_xlow_bw25.json,211,25,40,14,48.6957,0.0,0.421,OPTIMAL
grid_5x5_31,seed_milpsnap_grid5x5_xlow_bw25.json,212,25,40,13,48.6957,0.0,0.486,OPTIMAL
grid_5x5_31,seed_milpsnap_grid5x5_xlow_bw25.json,213,25,40,14,48.6957,0.0,1.337,OPTIMAL
grid_5x5_31,seed_milpsnap_grid5x5_xlow_bw25.json,214,25,40,12,48.6957,0.0,0.348,OPTIMAL
grid_5x5_31,seed_milpsnap_grid5x5_xlow_bw25.json,215,25,40,11,48.6957,0.0,0.423,OPTIMAL
grid_5x5_31,seed_milpsnap_grid5x5_xlow_bw25.json,216,25,40,9,55.6522,0.0,0.158,OPTIMAL
grid_5x5_31,seed_milpsnap_grid5x5_xlow_bw25.json,217,25,40,8,59.1304,0.0,0.147,OPTIMAL
grid_5x5_31,seed_milpsnap_grid5x5_xlow_bw25.json,218,25,40,9,55.6522,0.0,0.121,OPTIMAL
grid_5x5_31,seed_milpsnap_grid5x5_xlow_bw25.json,219,25,40,10,45.2174,0.0,0.983,OPTIMAL
grid_5x5_31,seed_milpsnap_grid5x5_xlow_bw25.json,220,25,40,10,45.2174,0.0,1.148,OPTIMAL
grid_5x5_31,seed_milpsnap_grid5x5_xlow_bw25.json,221,25,40,12,45.2174,0.0,1.039,OPTIMAL
grid_5x5_31,seed_milpsnap_grid5x5_xlow_bw25.json,222,25,40,12,45.2174,0.0,1.217,OPTIMAL
grid_5x5_31,seed_milpsnap_grid5x5_xlow_bw25.json,223,25,40,11,45.2174,0.0,1.219,OPTIMAL
grid_5x5_31,seed_milpsnap_grid5x5_xlow_bw25.json,224,25,40,12,44.3478,0.0,1.178,OPTIMAL
grid_5x5_31,seed_milpsnap_grid5x5_xlow_bw25.json,225,25,40,12,44.3478,0.0,2.187,OPTIMAL
grid_5x5_31,seed_milpsnap_grid5x5_xlow_bw25.json,226,25,40,15,44.3478,0.0,2.928,OPTIMAL
grid_5x5_31,seed_milpsnap_grid5x5_xlow_bw25.json,227,25,40,18,36.5217,0.0,10.251,OPTIMAL
grid_5x5_31,seed_milpsnap_grid5x5_xlow_bw25.json,228,25,40,19,33.913,0.0,12.433,OPTIMAL
grid_5x5_31,seed_milpsnap_grid5x5_xlow_bw25.json,229,25,40,18,44.3478,0.0,2.638,OPTIMAL
grid_5x5_31,seed_milpsnap_grid5x5_xlow_bw25.json,230,25,40,18,44.3478,0.0,2.697,OPTIMAL
grid_5x5_31,seed_milpsnap_grid5x5_xlow_bw25.json,231,25,40,17,44.3478,0.0,2.904,OPTIMAL
grid_5x5_31,seed_milpsnap_grid5x5_xlow_bw25.json,232,25,40,16,44.3478,0.0,3.193,OPTIMAL
grid_5x5_31,seed_milpsnap_grid5x5_xlow_bw25.json,233,25,40,14,45.2174,0.0,1.993,OPTIMAL
grid_5x5_31,seed_milpsnap_grid5x5_xlow_bw25.json,234,25,40,16,45.2174,0.0,1.738,OPTIMAL
grid_5x5_31,seed_milpsnap_grid5x5_xlow_bw25.json,235,25,40,19,44.3478,0.0,3.055,OPTIMAL
grid_5x5_31,seed_milpsnap_grid5x5_xlow_bw25.json,236,25,40,17,44.3478,0.0,2.894,OPTIMAL
grid_5x5_31,seed_milpsnap_grid5x5_xlow_bw25.json,237,25,40,17,44.3478,0.0,3.436,OPTIMAL
grid_5x5_31,seed_milpsnap_grid5x5_xlow_bw25.json,238,25,40,15,48.6957,0.0,0.751,OPTIMAL
grid_5x5_31,seed_milpsnap_grid5x5_xlow_bw25.json,239,25,40,13,48.6957,0.0,0.372,OPTIMAL
grid_5x5_31,seed_milpsnap_grid5x5_xlow_bw25.json,240,25,40,12,48.6957,0.0,0.307,OPTIMAL
grid_5x5_31,seed_milpsnap_grid5x5_xlow_bw25.json,241,25,40,12,48.6957,0.0,0.216,OPTIMAL
grid_5x5_31,seed_milpsnap_grid5x5_xlow_bw25.json,242,25,40,16,44.3478,0.0,2.825,OPTIMAL
grid_5x5_31,seed_milpsnap_grid5x5_xlow_bw25.json,243,25,40,18,44.3478,0.0,1.623,OPTIMAL
grid_5x5_31,seed_milpsnap_grid5x5_xlow_bw25.json,244,25,40,22,33.913,0.0,7.9,OPTIMAL
grid_5x5_31,seed_milpsnap_grid5x5_xlow_bw25.json,245,25,40,19,33.913,0.0,9.314,OPTIMAL
grid_5x5_31,seed_milpsnap_grid5x5_xlow_bw25.json,246,25,40,18,33.913,0.0,10.093,OPTIMAL
grid_5x5_31,seed_milpsnap_grid5x5_xlow_bw25.json,247,25,40,20,33.0435,0.0,11.851,OPTIMAL
grid_5x5_31,seed_milpsnap_grid5x5_xlow_bw25.json,248,25,40,19,33.913,0.0,9.093,OPTIMAL
grid_5x5_31,seed_milpsnap_grid5x5_xlow_bw25.json,249,25,40,19,33.913,0.0,9.229,OPTIMAL
grid_5x5_31,seed_milpsnap_grid5x5_xlow_bw25.json,250,25,40,20,33.0435,0.0,20.254,OPTIMAL
grid_5x5_31,seed_milpsnap_grid5x5_xlow_bw25.json,251,25,40,21,33.0435,0.0,15.796,OPTIMAL
grid_5x5_31,seed_milpsnap_grid5x5_xlow_bw25.json,252,25,40,22,33.0435,0.0,8.142,OPTIMAL
grid_5x5_31,seed_milpsnap_grid5x5_xlow_bw25.json,253,25,40,21,33.0435,0.0,9.201,OPTIMAL
grid_5x5_31,seed_milpsnap_grid5x5_xlow_bw25.json,254,25,40,18,44.3478,0.0,3.144,OPTIMAL
grid_5x5_31,seed_milpsnap_grid5x5_xlow_bw25.json,255,25,40,17,44.3478,0.0,2.303,OPTIMAL
grid_5x5_31,seed_milpsnap_grid5x5_xlow_bw25.json,256,25,40,13,47.8261,0.0,0.968,OPTIMAL
grid_5x5_31,seed_milpsnap_grid5x5_xlow_bw25.json,257,25,40,14,44.3478,0.0,2.183,OPTIMAL
grid_5x5_31,seed_milpsnap_grid5x5_xlow_bw25.json,258,25,40,12,45.2174,0.0,0.946,OPTIMAL
grid_5x5_31,seed_milpsnap_grid5x5_xlow_bw25.json,259,25,40,15,44.3478,0.0,3.075,OPTIMAL
grid_5x5_31,seed_milpsnap_grid5x5_xlow_bw25.json,260,25,40,1,93.913,0.0,0.014,OPTIMAL
grid_5x5_31,seed_milpsnap_grid5x5_xlow_bw25.json,261,25,40,3,60.8696,0.0,0.038,OPTIMAL
grid_5x5_31,seed_milpsnap_grid5x5_xlow_bw25.json,262,25,40,4,55.6522,0.0,0.073,OPTIMAL
grid_5x5_31,seed_milpsnap_grid5x5_xlow_bw25.json,263,25,40,5,53.0435,0.0,0.097,OPTIMAL
grid_5x5_31,seed_milpsnap_grid5x5_xlow_bw25.json,264,25,40,7,52.1739,0.0,0.092,OPTIMAL
grid_5x5_31,seed_milpsnap_grid5x5_xlow_bw25.json,265,25,40,9,48.6957,0.0,0.139,OPTIMAL
grid_5x5_31,seed_milpsnap_grid5x5_xlow_bw25.json,266,25,40,11,45.2174,0.0,0.201,OPTIMAL
grid_5x5_31,seed_milpsnap_grid5x5_xlow_bw25.json,267,25,40,13,45.2174,0.0,0.368,OPTIMAL
grid_5x5_31,seed_milpsnap_grid5x5_xlow_bw25.json,268,25,40,14,45.2174,0.0,0.459,OPTIMAL
grid_5x5_31,seed_milpsnap_grid5x5_xlow_bw25.json,269,25,40,17,45.2174,0.0,0.66,OPTIMAL
grid_5x5_31,seed_milpsnap_grid5x5_xlow_bw25.json,270,25,40,18,44.3478,0.0,1.981,OPTIMAL
grid_5x5_31,seed_milpsnap_grid5x5_xlow_bw25.json,271,25,40,18,41.7391,0.0,2.079,OPTIMAL
grid_5x5_31,seed_milpsnap_grid5x5_xlow_bw25.json,272,25,40,17,44.3478,0.0,3.289,OPTIMAL
grid_5x5_31,seed_milpsnap_grid5x5_xlow_bw25.json,273,25,40,21,37.3913,0.0,4.481,OPTIMAL
grid_5x5_31,seed_milpsnap_grid5x5_xlow_bw25.json,274,25,40,22,33.913,0.0,12.083,OPTIMAL
grid_5x5_31,seed_milpsnap_grid5x5_xlow_bw25.json,275,25,40,23,33.913,0.0,9.33,OPTIMAL
grid_5x5_31,seed_milpsnap_grid5x5_xlow_bw25.json,276,25,40,21,33.913,0.0,13.67,OPTIMAL
grid_5x5_31,seed_milpsnap_grid5x5_xlow_bw25.json,277,25,40,21,34.7826,0.0,5.8,OPTIMAL
grid_5x5_31,seed_milpsnap_grid5x5_xlow_bw25.json,278,25,40,21,33.913,0.0,8.289,OPTIMAL
grid_5x5_31,seed_milpsnap_grid5x5_xlow_bw25.json,279,25,40,20,33.913,0.0,9.565,OPTIMAL
grid_5x5_31,seed_milpsnap_grid5x5_xlow_bw25.json,280,25,40,20,34.7826,0.0,8.858,OPTIMAL
grid_5x5_31,seed_milpsnap_grid5x5_xlow_bw25.json,281,25,40,18,37.3913,0.0,4.661,OPTIMAL
grid_5x5_31,seed_milpsnap_grid5x5_xlow_bw25.json,282,25,40,19,37.3913,0.0,5.675,OPTIMAL
grid_5x5_31,seed_milpsnap_grid5x5_xlow_bw25.json,283,25,40,19,37.3913,0.0,4.557,OPTIMAL
grid_5x5_31,seed_milpsnap_grid5x5_xlow_bw25.json,284,25,40,22,33.0435,0.0,11.931,OPTIMAL
grid_5x5_31,seed_milpsnap_grid5x5_xlow_bw25.json,285,25,40,21,33.0435,0.0,10.669,OPTIMAL
grid_5x5_31,seed_milpsnap_grid5x5_xlow_bw25.json,286,25,40,21,33.913,0.0,9.41,OPTIMAL
grid_5x5_31,seed_milpsnap_grid5x5_xlow_bw25.json,287,25,40,18,44.3478,0.0,1.589,OPTIMAL
grid_5x5_31,seed_milpsnap_grid5x5_xlow_bw25.json,288,25,40,18,44.3478,0.0,1.78,OPTIMAL
grid_5x5_31,seed_milpsnap_grid5x5_xlow_bw25.json,289,25,40,17,44.3478,0.0,1.835,OPTIMAL
grid_5x5_31,seed_milpsnap_grid5x5_xlow_bw25.json,290,25,40,16,44.3478,0.0,1.697,OPTIMAL
grid_5x5_31,seed_milpsnap_grid5x5_xlow_bw25.json,291,25,40,16,44.3478,0.0,1.838,OPTIMAL
grid_5x5_31,seed_milpsnap_grid5x5_xlow_bw25.json,292,25,40,16,44.3478,0.0,1.831,OPTIMAL
grid_5x5_31,seed_milpsnap_grid5x5_xlow_bw25.json,293,25,40,16,44.3478,0.0,1.727,OPTIMAL
grid_5x5_31,seed_milpsnap_grid5x5_xlow_bw25.json,294,25,40,16,44.3478,0.0,1.454,OPTIMAL
grid_5x5_31,seed_milpsnap_grid5x5_xlow_bw25.json,295,25,40,16,44.3478,0.0,2.485,OPTIMAL
grid_5x5_31,seed_milpsnap_grid5x5_xlow_bw25.json,296,25,40,15,52.1739,0.0,0.366,OPTIMAL
grid_5x5_31,seed_milpsnap_grid5x5_xlow_bw25.json,297,25,40,12,52.1739,0.0,0.169,OPTIMAL
grid_5x5_31,seed_milpsnap_grid5x5_xlow_bw25.json,298,25,40,13,52.1739,0.0,0.185,OPTIMAL
grid_5x5_31,seed_milpsnap_grid5x5_xlow_bw25.json,299,25,40,14,52.1739,0.0,0.291,OPTIMAL
grid_5x5_31,seed_milpsnap_grid5x5_xlow_bw25.json,300,25,40,15,52.1739,0.0,0.479,OPTIMAL
grid_5x5_31,seed_milpsnap_grid5x5_xlow_bw25.json,301,25,40,13,52.1739,0.0,0.234,OPTIMAL
grid_5x5_31,seed_milpsnap_grid5x5_xlow_bw25.json,302,25,40,12,52.1739,0.0,0.298,OPTIMAL
grid_5x5_31,seed_milpsnap_grid5x5_xlow_bw25.json,303,25,40,11,52.1739,0.0,0.217,OPTIMAL
grid_5x5_31,seed_milpsnap_grid5x5_xlow_bw25.json,304,25,40,10,52.1739,0.0,0.306,OPTIMAL
grid_5x5_31,seed_milpsnap_grid5x5_xlow_bw25.json,305,25,40,9,52.1739,0.0,0.159,OPTIMAL
grid_5x5_31,seed_milpsnap_grid5x5_xlow_bw25.json,306,25,40,9,52.1739,0.0,0.121,OPTIMAL
grid_5x5_31,seed_milpsnap_grid5x5_xlow_bw25.json,307,25,40,8,52.1739,0.0,0.093,OPTIMAL
grid_5x5_31,seed_milpsnap_grid5x5_xlow_bw25.json,308,25,40,7,52.1739,0.0,0.161,OPTIMAL
grid_5x5_31,seed_milpsnap_grid5x5_xlow_bw25.json,309,25,40,6,52.1739,0.0,0.14,OPTIMAL
grid_5x5_31,seed_milpsnap_grid5x5_xlow_bw25.json,310,25,40,7,52.1739,0.0,0.205,OPTIMAL
grid_5x5_31,seed_milpsnap_grid5x5_xlow_bw25.json,311,25,40,7,52.1739,0.0,0.188,OPTIMAL
grid_5x5_31,seed_milpsnap_grid5x5_xlow_bw25.json,312,25,40,7,52.1739,0.0,0.236,OPTIMAL
grid_5x5_31,seed_milpsnap_grid5x5_xlow_bw25.json,313,25,40,6,55.6522,0.0,0.106,OPTIMAL
grid_5x5_31,seed_milpsnap_grid5x5_xlow_bw25.json,314,25,40,7,52.1739,0.0,0.169,OPTIMAL
grid_5x5_31,seed_milpsnap_grid5x5_xlow_bw25.json,315,25,40,8,48.6957,0.0,0.346,OPTIMAL
grid_5x5_31,seed_milpsnap_grid5x5_xlow_bw25.json,316,25,40,10,48.6957,0.0,1.286,OPTIMAL
grid_5x5_31,seed_milpsnap_grid5x5_xlow_bw25.json,317,25,40,10,55.6522,0.0,0.149,OPTIMAL
grid_5x5_31,seed_milpsnap_grid5x5_xlow_bw25.json,318,25,40,9,55.6522,0.0,0.135,OPTIMAL
grid_5x5_31,seed_milpsnap_grid5x5_xlow_bw25.json,319,25,40,11,45.2174,0.0,1.259,OPTIMAL
grid_5x5_31,seed_milpsnap_grid5x5_xlow_bw25.json,320,25,40,13,44.3478,0.0,2.552,OPTIMAL
grid_5x5_31,seed_milpsnap_grid5x5_xlow_bw25.json,321,25,40,15,44.3478,0.0,2.129,OPTIMAL
grid_5x5_31,seed_milpsnap_grid5x5_xlow_bw25.json,322,25,40,14,44.3478,0.0,1.314,OPTIMAL
grid_5x5_31,seed_milpsnap_grid5x5_xlow_bw25.json,323,25,40,15,44.3478,0.0,1.593,OPTIMAL
grid_5x5_31,seed_milpsnap_grid5x5_xlow_bw25.json,324,25,40,14,44.3478,0.0,2.109,OPTIMAL
grid_5x5_31,seed_milpsnap_grid5x5_xlow_bw25.json,325,25,40,14,45.2174,0.0,0.926,OPTIMAL
grid_5x5_31,seed_milpsnap_grid5x5_xlow_bw25.json,326,25,40,15,44.3478,0.0,0.76,OPTIMAL
grid_5x5_31,seed_milpsnap_grid5x5_xlow_bw25.json,327,25,40,14,44.3478,0.0,2.269,OPTIMAL
grid_5x5_31,seed_milpsnap_grid5x5_xlow_bw25.json,328,25,40,14,44.3478,0.0,1.96,OPTIMAL
grid_5x5_31,seed_milpsnap_grid5x5_xlow_bw25.json,329,25,40,14,48.6957,0.0,0.381,OPTIMAL
grid_5x5_31,seed_milpsnap_grid5x5_xlow_bw25.json,330,25,40,13,48.6957,0.0,0.155,OPTIMAL
grid_5x5_31,seed_milpsnap_grid5x5_xlow_bw25.json,331,25,40,11,48.6957,0.0,0.148,OPTIMAL
grid_5x5_31,seed_milpsnap_grid5x5_xlow_bw25.json,332,25,40,11,48.6957,0.0,0.201,OPTIMAL
grid_5x5_31,seed_milpsnap_grid5x5_xlow_bw25.json,333,25,40,9,52.1739,0.0,0.103,OPTIMAL
grid_5x5_31,seed_milpsnap_grid5x5_xlow_bw25.json,334,25,40,7,55.6522,0.0,0.185,OPTIMAL
grid_5x5_31,seed_milpsnap_grid5x5_xlow_bw25.json,335,25,40,8,48.6957,0.0,0.213,OPTIMAL
grid_5x5_31,seed_milpsnap_grid5x5_xlow_bw25.json,336,25,40,7,52.1739,0.0,0.117,OPTIMAL
grid_5x5_31,seed_milpsnap_grid5x5_xlow_bw25.json,337,25,40,8,52.1739,0.0,0.197,OPTIMAL
grid_5x5_31,seed_milpsnap_grid5x5_xlow_bw25.json,338,25,40,10,48.6957,0.0,0.434,OPTIMAL
grid_5x5_31,seed_milpsnap_grid5x5_xlow_bw25.json,339,25,40,10,48.6957,0.0,0.228,OPTIMAL
grid_5x5_31,seed_milpsnap_grid5x5_xlow_bw25.json,340,25,40,9,48.6957,0.0,0.173,OPTIMAL
grid_5x5_31,seed_milpsnap_grid5x5_xlow_bw25.json,341,25,40,10,48.6957,0.0,0.174,OPTIMAL
grid_5x5_31,seed_milpsnap_grid5x5_xlow_bw25.json,342,25,40,12,45.2174,0.0,1.188,OPTIMAL
grid_5x5_31,seed_milpsnap_grid5x5_xlow_bw25.json,343,25,40,13,44.3478,0.0,2.015,OPTIMAL
grid_5x5_31,seed_milpsnap_grid5x5_xlow_bw25.json,344,25,40,11,45.2174,0.0,1.133,OPTIMAL
grid_5x5_31,seed_milpsnap_grid5x5_xlow_bw25.json,345,25,40,13,44.3478,0.0,1.314,OPTIMAL
grid_5x5_31,seed_milpsnap_grid5x5_xlow_bw25.json,346,25,40,15,44.3478,0.0,3.152,OPTIMAL
grid_5x5_31,seed_milpsnap_grid5x5_xlow_bw25.json,347,25,40,13,44.3478,0.0,1.714,OPTIMAL
grid_5x5_31,seed_milpsnap_grid5x5_xlow_bw25.json,348,25,40,14,44.3478,0.0,4.119,OPTIMAL
grid_5x5_31,seed_milpsnap_grid5x5_xlow_bw25.json,349,25,40,13,44.3478,0.0,1.753,OPTIMAL
grid_5x5_31,seed_milpsnap_grid5x5_xlow_bw25.json,350,25,40,11,48.6957,0.0,0.386,OPTIMAL
grid_5x5_31,seed_milpsnap_grid5x5_xlow_bw25.json,351,25,40,11,48.6957,0.0,0.448,OPTIMAL
grid_5x5_31,seed_milpsnap_grid5x5_xlow_bw25.json,352,25,40,12,45.2174,0.0,1.3,OPTIMAL
grid_5x5_31,seed_milpsnap_grid5x5_xlow_bw25.json,353,25,40,11,45.2174,0.0,0.617,OPTIMAL
grid_5x5_31,seed_milpsnap_grid5x5_xlow_bw25.json,354,25,40,11,48.6957,0.0,0.355,OPTIMAL
grid_5x5_31,seed_milpsnap_grid5x5_xlow_bw25.json,355,25,40,13,47.8261,0.0,0.803,OPTIMAL
grid_5x5_31,seed_milpsnap_grid5x5_xlow_bw25.json,356,25,40,14,44.3478,0.0,1.842,OPTIMAL
grid_5x5_31,seed_milpsnap_grid5x5_xlow_bw25.json,357,25,40,12,47.8261,0.0,0.356,OPTIMAL
grid_5x5_31,seed_milpsnap_grid5x5_xlow_bw25.json,358,25,40,13,44.3478,0.0,1.26,OPTIMAL
grid_5x5_31,seed_milpsnap_grid5x5_xlow_bw25.json,359,25,40,13,48.6957,0.0,0.503,OPTIMAL
grid_5x5_31,seed_milpsnap_grid5x5_xlow_bw25.json,360,25,40,14,48.6957,0.0,0.533,OPTIMAL
grid_5x5_31,seed_milpsnap_grid5x5_xlow_bw25.json,361,25,40,14,48.6957,0.0,0.651,OPTIMAL
grid_5x5_31,seed_milpsnap_grid5x5_xlow_bw25.json,362,25,40,16,44.3478,0.0,2.937,OPTIMAL
grid_5x5_31,seed_milpsnap_grid5x5_xlow_bw25.json,363,25,40,17,37.3913,0.0,4.511,OPTIMAL
grid_5x5_31,seed_milpsnap_grid5x5_xlow_bw25.json,364,25,40,17,40.8696,0.0,3.993,OPTIMAL
grid_5x5_31,seed_milpsnap_grid5x5_xlow_bw25.json,365,25,40,16,44.3478,0.0,1.378,OPTIMAL
grid_5x5_31,seed_milpsnap_grid5x5_xlow_bw25.json,366,25,40,15,44.3478,0.0,1.487,OPTIMAL
grid_5x5_31,seed_milpsnap_grid5x5_xlow_bw25.json,367,25,40,15,45.2174,0.0,1.192,OPTIMAL
grid_5x5_31,seed_milpsnap_grid5x5_xlow_bw25.json,368,25,40,16,44.3478,0.0,1.861,OPTIMAL
grid_5x5_31,seed_milpsnap_grid5x5_xlow_bw25.json,369,25,40,17,44.3478,0.0,1.439,OPTIMAL
grid_5x5_31,seed_milpsnap_grid5x5_xlow_bw25.json,370,25,40,16,44.3478,0.0,1.383,OPTIMAL
grid_5x5_31,seed_milpsnap_grid5x5_xlow_bw25.json,371,25,40,14,44.3478,0.0,1.817,OPTIMAL
grid_5x5_31,seed_milpsnap_grid5x5_xlow_bw25.json,372,25,40,13,44.3478,0.0,2.99,OPTIMAL
grid_5x5_31,seed_milpsnap_grid5x5_xlow_bw25.json,373,25,40,12,45.2174,0.0,0.835,OPTIMAL
grid_5x5_31,seed_milpsnap_grid5x5_xlow_bw25.json,374,25,40,12,45.2174,0.0,0.729,OPTIMAL
grid_5x5_31,seed_milpsnap_grid5x5_xlow_bw25.json,375,25,40,11,48.6957,0.0,0.116,OPTIMAL
grid_5x5_31,seed_milpsnap_grid5x5_xlow_bw25.json,376,25,40,9,48.6957,0.0,0.149,OPTIMAL
grid_5x5_31,seed_milpsnap_grid5x5_xlow_bw25.json,377,25,40,11,45.2174,0.0,0.78,OPTIMAL
grid_5x5_31,seed_milpsnap_grid5x5_xlow_bw25.json,378,25,40,12,45.2174,0.0,1.128,OPTIMAL
grid_5x5_31,seed_milpsnap_grid5x5_xlow_bw25.json,379,25,40,14,45.2174,0.0,2.434,OPTIMAL
grid_5x5_31,seed_milpsnap_grid5x5_xlow_bw25.json,380,25,40,14,45.2174,0.0,3.25,OPTIMAL
grid_5x5_31,seed_milpsnap_grid5x5_xlow_bw25.json,381,25,40,13,45.2174,0.0,3.633,OPTIMAL
grid_5x5_31,seed_milpsnap_grid5x5_xlow_bw25.json,382,25,40,12,45.2174,0.0,3.677,OPTIMAL
grid_5x5_31,seed_milpsnap_grid5x5_xlow_bw25.json,383,25,40,16,44.3478,0.0,3.202,OPTIMAL
grid_5x5_31,seed_milpsnap_grid5x5_xlow_bw25.json,384,25,40,1,80.0,0.0,0.012,OPTIMAL
grid_5x5_31,seed_milpsnap_grid5x5_xlow_bw25.json,385,25,40,4,66.087,0.0,0.031,OPTIMAL
grid_5x5_31,seed_milpsnap_grid5x5_xlow_bw25.json,386,25,40,5,66.087,0.0,0.037,OPTIMAL
grid_5x5_31,seed_milpsnap_grid5x5_xlow_bw25.json,387,25,40,7,60.0,0.0,0.048,OPTIMAL
grid_5x5_31,seed_milpsnap_grid5x5_xlow_bw25.json,388,25,40,9,52.1739,0.0,0.096,OPTIMAL
grid_5x5_31,seed_milpsnap_grid5x5_xlow_bw25.json,389,25,40,10,49.5652,0.0,0.154,OPTIMAL
grid_5x5_31,seed_milpsnap_grid5x5_xlow_bw25.json,390,25,40,12,49.5652,0.0,0.137,OPTIMAL
grid_5x5_31,seed_milpsnap_grid5x5_xlow_bw25.json,391,25,40,14,48.6957,0.0,0.489,OPTIMAL
grid_5x5_31,seed_milpsnap_grid5x5_xlow_bw25.json,392,25,40,15,48.6957,0.0,0.542,OPTIMAL
grid_5x5_31,seed_milpsnap_grid5x5_xlow_bw25.json,393,25,40,18,44.3478,0.0,2.046,OPTIMAL
grid_5x5_31,seed_milpsnap_grid5x5_xlow_bw25.json,394,25,40,21,37.3913,0.0,6.212,OPTIMAL
grid_5x5_31,seed_milpsnap_grid5x5_xlow_bw25.json,395,25,40,22,36.5217,0.0,7.502,OPTIMAL
grid_5x5_31,seed_milpsnap_grid5x5_xlow_bw25.json,396,25,40,21,37.3913,0.0,5.048,OPTIMAL
grid_5x5_31,seed_milpsnap_grid5x5_xlow_bw25.json,397,25,40,19,44.3478,0.0,2.9,OPTIMAL
grid_5x5_31,seed_milpsnap_grid5x5_xlow_bw25.json,398,25,40,22,36.5217,0.0,6.701,OPTIMAL
grid_5x5_31,seed_milpsnap_grid5x5_xlow_bw25.json,399,25,40,20,37.3913,0.0,6.652,OPTIMAL
grid_5x5_31,seed_milpsnap_grid5x5_xlow_bw25.json,400,25,40,21,33.0435,0.0,18.588,OPTIMAL
grid_5x5_31,seed_milpsnap_grid5x5_xlow_bw25.json,401,25,40,19,36.5217,0.0,17.545,OPTIMAL
grid_5x5_31,seed_milpsnap_grid5x5_xlow_bw25.json,402,25,40,21,33.0435,0.0,6.965,OPTIMAL
grid_5x5_31,seed_milpsnap_grid5x5_xlow_bw25.json,403,25,40,19,33.0435,0.0,12.367,OPTIMAL
grid_5x5_31,seed_milpsnap_grid5x5_xlow_bw25.json,404,25,40,23,33.0435,0.0,7.364,OPTIMAL
grid_5x5_31,seed_milpsnap_grid5x5_xlow_bw25.json,405,25,40,22,33.0435,0.0,7.075,OPTIMAL
grid_5x5_31,seed_milpsnap_grid5x5_xlow_bw25.json,406,25,40,25,29.5652,0.0,15.69,OPTIMAL
grid_5x5_31,seed_milpsnap_grid5x5_xlow_bw25.json,407,25,40,23,33.0435,0.0,8.639,OPTIMAL
grid_5x5_31,seed_milpsnap_grid5x5_xlow_bw25.json,408,25,40,23,33.0435,0.0,12.298,OPTIMAL
grid_5x5_31,seed_milpsnap_grid5x5_xlow_bw25.json,409,25,40,22,37.3913,0.0,6.916,OPTIMAL
grid_5x5_31,seed_milpsnap_grid5x5_xlow_bw25.json,410,25,40,23,33.913,0.0,11.845,OPTIMAL
grid_5x5_31,seed_milpsnap_grid5x5_xlow_bw25.json,411,25,40,24,30.4348,0.0,21.971,OPTIMAL
grid_5x5_31,seed_milpsnap_grid5x5_xlow_bw25.json,412,25,40,25,30.4348,0.0,25.561,OPTIMAL
grid_5x5_31,seed_milpsnap_grid5x5_xlow_bw25.json,413,25,40,22,33.913,0.0,12.844,OPTIMAL
grid_5x5_31,seed_milpsnap_grid5x5_xlow_bw25.json,414,25,40,23,33.913,0.0,10.712,OPTIMAL
grid_5x5_31,seed_milpsnap_grid5x5_xlow_bw25.json,415,25,40,24,33.913,0.0,9.776,OPTIMAL
grid_5x5_31,seed_milpsnap_grid5x5_xlow_bw25.json,416,25,40,21,44.3478,0.0,1.517,OPTIMAL
grid_5x5_31,seed_milpsnap_grid5x5_xlow_bw25.json,417,25,40,17,45.2174,0.0,1.919,OPTIMAL
grid_5x5_31,seed_milpsnap_grid5x5_xlow_bw25.json,418,25,40,16,45.2174,0.0,1.576,OPTIMAL
grid_5x5_31,seed_milpsnap_grid5x5_xlow_bw25.json,419,25,40,14,45.2174,0.0,1.949,OPTIMAL
grid_5x5_31,seed_milpsnap_grid5x5_xlow_bw25.json,420,25,40,14,48.6957,0.0,1.307,OPTIMAL
grid_5x5_31,seed_milpsnap_grid5x5_xlow_bw25.json,421,25,40,12,55.6522,0.0,0.106,OPTIMAL
grid_5x5_31,seed_milpsnap_grid5x5_xlow_bw25.json,422,25,40,11,55.6522,0.0,0.109,OPTIMAL
grid_5x5_31,seed_milpsnap_grid5x5_xlow_bw25.json,423,25,40,12,55.6522,0.0,0.144,OPTIMAL
grid_5x5_31,seed_milpsnap_grid5x5_xlow_bw25.json,424,25,40,12,54.7826,0.0,0.344,OPTIMAL
grid_5x5_31,seed_milpsnap_grid5x5_xlow_bw25.json,425,25,40,13,47.8261,0.0,1.629,OPTIMAL
grid_5x5_31,seed_milpsnap_grid5x5_xlow_bw25.json,426,25,40,13,46.9565,0.0,1.386,OPTIMAL
grid_5x5_31,seed_milpsnap_grid5x5_xlow_bw25.json,427,25,40,12,45.2174,0.0,2.147,OPTIMAL
grid_5x5_31,seed_milpsnap_grid5x5_xlow_bw25.json,428,25,40,15,45.2174,0.0,2.6,OPTIMAL
grid_5x5_31,seed_milpsnap_grid5x5_xlow_bw25.json,429,25,40,16,44.3478,0.0,1.657,OPTIMAL
grid_5x5_31,seed_milpsnap_grid5x5_xlow_bw25.json,430,25,40,17,44.3478,0.0,1.56,OPTIMAL
grid_5x5_31,seed_milpsnap_grid5x5_xlow_bw25.json,431,25,40,15,45.2174,0.0,2.477,OPTIMAL
grid_5x5_31,seed_milpsnap_grid5x5_xlow_bw25.json,432,25,40,15,44.3478,0.0,3.325,OPTIMAL
grid_5x5_31,seed_milpsnap_grid5x5_xlow_bw25.json,433,25,40,15,40.8696,0.0,8.347,OPTIMAL
grid_5x5_31,seed_milpsnap_grid5x5_xlow_bw25.json,434,25,40,17,33.913,0.0,7.048,OPTIMAL
grid_5x5_31,seed_milpsnap_grid5x5_xlow_bw25.json,435,25,40,15,40.8696,0.0,3.827,OPTIMAL
grid_5x5_31,seed_milpsnap_grid5x5_xlow_bw25.json,436,25,40,13,44.3478,0.0,1.176,OPTIMAL
grid_5x5_31,seed_milpsnap_grid5x5_xlow_bw25.json,437,25,40,12,44.3478,0.0,1.28,OPTIMAL
grid_5x5_31,seed_milpsnap_grid5x5_xlow_bw25.json,438,25,40,12,44.3478,0.0,1.711,OPTIMAL
grid_5x5_31,seed_milpsnap_grid5x5_xlow_bw25.json,439,25,40,11,44.3478,0.0,1.963,OPTIMAL
grid_5x5_31,seed_milpsnap_grid5x5_xlow_bw25.json,440,25,40,8,45.2174,0.0,0.592,OPTIMAL
grid_5x5_31,seed_milpsnap_grid5x5_xlow_bw25.json,441,25,40,10,44.3478,0.0,1.7,OPTIMAL
grid_5x5_31,seed_milpsnap_grid5x5_xlow_bw25.json,442,25,40,11,44.3478,0.0,1.448,OPTIMAL
grid_5x5_31,seed_milpsnap_grid5x5_xlow_bw25.json,443,25,40,11,44.3478,0.0,1.592,OPTIMAL
grid_5x5_31,seed_milpsnap_grid5x5_xlow_bw25.json,444,25,40,10,44.3478,0.0,1.119,OPTIMAL
grid_5x5_31,seed_milpsnap_grid5x5_xlow_bw25.json,445,25,40,10,44.3478,0.0,0.61,OPTIMAL
grid_5x5_31,seed_milpsnap_grid5x5_xlow_bw25.json,446,25,40,10,44.3478,0.0,1.198,OPTIMAL
grid_5x5_31,seed_milpsnap_grid5x5_xlow_bw25.json,447,25,40,8,52.1739,0.0,0.083,OPTIMAL
grid_5x5_31,seed_milpsnap_grid5x5_xlow_bw25.json,448,25,40,9,48.6957,0.0,0.106,OPTIMAL
grid_5x5_31,seed_milpsnap_grid5x5_xlow_bw25.json,449,25,40,11,44.3478,0.0,0.427,OPTIMAL
grid_5x5_31,seed_milpsnap_grid5x5_xlow_bw25.json,450,25,40,12,44.3478,0.0,0.967,OPTIMAL
grid_5x5_31,seed_milpsnap_grid5x5_xlow_bw25.json,451,25,40,12,45.2174,0.0,0.765,OPTIMAL
grid_5x5_31,seed_milpsnap_grid5x5_xlow_bw25.json,452,25,40,13,44.3478,0.0,0.851,OPTIMAL
grid_5x5_31,seed_milpsnap_grid5x5_xlow_bw25.json,453,25,40,12,45.2174,0.0,1.148,OPTIMAL
grid_5x5_31,seed_milpsnap_grid5x5_xlow_bw25.json,454,25,40,13,45.2174,0.0,0.425,OPTIMAL
grid_5x5_31,seed_milpsnap_grid5x5_xlow_bw25.json,455,25,40,13,45.2174,0.0,0.878,OPTIMAL
grid_5x5_31,seed_milpsnap_grid5x5_xlow_bw25.json,456,25,40,15,44.3478,0.0,1.828,OPTIMAL
grid_5x5_31,seed_milpsnap_grid5x5_xlow_bw25.json,457,25,40,14,45.2174,0.0,2.355,OPTIMAL
grid_5x5_31,seed_milpsnap_grid5x5_xlow_bw25.json,458,25,40,14,44.3478,0.0,1.489,OPTIMAL
grid_5x5_31,seed_milpsnap_grid5x5_xlow_bw25.json,459,25,40,17,44.3478,0.0,2.28,OPTIMAL
grid_5x5_31,seed_milpsnap_grid5x5_xlow_bw25.json,460,25,40,18,44.3478,0.0,1.112,OPTIMAL
grid_5x5_31,seed_milpsnap_grid5x5_xlow_bw25.json,461,25,40,18,40.8696,0.0,3.868,OPTIMAL
grid_5x5_31,seed_milpsnap_grid5x5_xlow_bw25.json,462,25,40,17,40.8696,0.0,4.873,OPTIMAL
grid_5x5_31,seed_milpsnap_grid5x5_xlow_bw25.json,463,25,40,16,40.8696,0.0,4.064,OPTIMAL
grid_5x5_31,seed_milpsnap_grid5x5_xlow_bw25.json,464,25,40,16,44.3478,0.0,2.429,OPTIMAL
grid_5x5_31,seed_milpsnap_grid5x5_xlow_bw25.json,465,25,40,15,44.3478,0.0,2.56,OPTIMAL
grid_5x5_31,seed_milpsnap_grid5x5_xlow_bw25.json,466,25,40,13,45.2174,0.0,1.649,OPTIMAL
grid_5x5_31,seed_milpsnap_grid5x5_xlow_bw25.json,467,25,40,12,48.6957,0.0,0.228,OPTIMAL
grid_5x5_31,seed_milpsnap_grid5x5_xlow_bw25.json,468,25,40,13,44.3478,0.0,2.079,OPTIMAL
grid_5x5_31,seed_milpsnap_grid5x5_xlow_bw25.json,469,25,40,14,44.3478,0.0,2.783,OPTIMAL
grid_5x5_31,seed_milpsnap_grid5x5_xlow_bw25.json,470,25,40,16,44.3478,0.0,2.783,OPTIMAL
grid_5x5_31,seed_milpsnap_grid5x5_xlow_bw25.json,471,25,40,17,44.3478,0.0,4.184,OPTIMAL
grid_5x5_31,seed_milpsnap_grid5x5_xlow_bw25.json,472,25,40,14,45.2174,0.0,5.043,OPTIMAL
grid_5x5_31,seed_milpsnap_grid5x5_xlow_bw25.json,473,25,40,13,45.2174,0.0,1.82,OPTIMAL
grid_5x5_31,seed_milpsnap_grid5x5_xlow_bw25.json,474,25,40,12,46.087,0.0,0.675,OPTIMAL
grid_5x5_31,seed_milpsnap_grid5x5_xlow_bw25.json,475,25,40,13,46.087,0.0,0.844,OPTIMAL
grid_5x5_31,seed_milpsnap_grid5x5_xlow_bw25.json,476,25,40,15,45.2174,0.0,2.229,OPTIMAL
grid_5x5_31,seed_milpsnap_grid5x5_xlow_bw25.json,477,25,40,17,44.3478,0.0,3.457,OPTIMAL
grid_5x5_31,seed_milpsnap_grid5x5_xlow_bw25.json,478,25,40,17,44.3478,0.0,2.48,OPTIMAL
grid_5x5_31,seed_milpsnap_grid5x5_xlow_bw25.json,479,25,40,20,37.3913,0.0,8.14,OPTIMAL
grid_5x5_31,seed_milpsnap_grid5x5_xlow_bw25.json,480,25,40,19,44.3478,0.0,2.751,OPTIMAL
grid_5x5_31,seed_milpsnap_grid5x5_xlow_bw25.json,481,25,40,18,44.3478,0.0,2.666,OPTIMAL
grid_5x5_31,seed_milpsnap_grid5x5_xlow_bw25.json,482,25,40,17,44.3478,0.0,3.007,OPTIMAL
grid_5x5_31,seed_milpsnap_grid5x5_xlow_bw25.json,483,25,40,15,44.3478,0.0,2.097,OPTIMAL
grid_5x5_31,seed_milpsnap_grid5x5_xlow_bw25.json,484,25,40,19,33.913,0.0,12.422,OPTIMAL
grid_5x5_31,seed_milpsnap_grid5x5_xlow_bw25.json,485,25,40,19,40.8696,0.0,3.254,OPTIMAL
grid_5x5_31,seed_milpsnap_grid5x5_xlow_bw25.json,486,25,40,22,33.0435,0.0,8.455,OPTIMAL
grid_5x5_31,seed_milpsnap_grid5x5_xlow_bw25.json,487,25,40,20,33.0435,0.0,8.118,OPTIMAL
grid_5x5_31,seed_milpsnap_grid5x5_xlow_bw25.json,488,25,40,21,33.0435,0.0,5.99,OPTIMAL
grid_5x5_31,seed_milpsnap_grid5x5_xlow_bw25.json,489,25,40,19,36.5217,0.0,9.583,OPTIMAL
grid_5x5_31,seed_milpsnap_grid5x5_xlow_bw25.json,490,25,40,19,44.3478,0.0,1.058,OPTIMAL
grid_5x5_31,seed_milpsnap_grid5x5_xlow_bw25.json,491,25,40,20,40.8696,0.0,2.977,OPTIMAL
grid_5x5_31,seed_milpsnap_grid5x5_xlow_bw25.json,492,25,40,17,44.3478,0.0,2.217,OPTIMAL
grid_5x5_31,seed_milpsnap_grid5x5_xlow_bw25.json,493,25,40,17,44.3478,0.0,1.755,OPTIMAL
grid_5x5_31,seed_milpsnap_grid5x5_xlow_bw25.json,494,25,40,18,40.8696,0.0,3.895,OPTIMAL
grid_5x5_31,seed_milpsnap_grid5x5_xlow_bw25.json,495,25,40,18,44.3478,0.0,0.864,OPTIMAL
grid_5x5_31,seed_milpsnap_grid5x5_xlow_bw25.json,496,25,40,15,45.2174,0.0,1.802,OPTIMAL
grid_5x5_31,seed_milpsnap_grid5x5_xlow_bw25.json,497,25,40,16,44.3478,0.0,0.831,OPTIMAL
grid_5x5_31,seed_milpsnap_grid5x5_xlow_bw25.json,498,25,40,15,44.3478,0.0,3.237,OPTIMAL
grid_5x5_31,seed_milpsnap_grid5x5_xlow_bw25.json,499,25,40,17,40.0,0.0,4.315,OPTIMAL
grid_5x5_31,seed_milpsnap_grid5x5_xlow_bw25.json,500,25,40,14,44.3478,0.0,1.648,OPTIMAL
grid_5x5_31,seed_milpsnap_grid5x5_xlow_bw25.json,501,25,40,17,44.3478,0.0,2.749,OPTIMAL
grid_5x5_31,seed_milpsnap_grid5x5_xlow_bw25.json,502,25,40,19,37.3913,0.0,7.485,OPTIMAL
grid_5x5_31,seed_milpsnap_grid5x5_xlow_bw25.json,503,25,40,20,37.3913,0.0,7.497,OPTIMAL
grid_5x5_31,seed_milpsnap_grid5x5_xlow_bw25.json,504,25,40,21,37.3913,0.0,6.531,OPTIMAL
grid_5x5_31,seed_milpsnap_grid5x5_xlow_bw25.json,505,25,40,20,37.3913,0.0,6.887,OPTIMAL
grid_5x5_31,seed_milpsnap_grid5x5_xlow_bw25.json,506,25,40,20,40.8696,0.0,5.25,OPTIMAL
grid_5x5_31,seed_milpsnap_grid5x5_xlow_bw25.json,507,25,40,20,40.8696,0.0,5.149,OPTIMAL
grid_5x5_31,seed_milpsnap_grid5x5_xlow_bw25.json,508,25,40,19,40.8696,0.0,8.783,OPTIMAL
grid_5x5_31,seed_milpsnap_grid5x5_xlow_bw25.json,509,25,40,18,40.8696,0.0,9.866,OPTIMAL
grid_5x5_31,seed_milpsnap_grid5x5_xlow_bw25.json,510,25,40,17,44.3478,0.0,4.627,OPTIMAL
grid_5x5_31,seed_milpsnap_grid5x5_xlow_bw25.json,511,25,40,1,80.0,0.0,0.015,OPTIMAL
grid_5x5_31,seed_milpsnap_grid5x5_xlow_bw25.json,512,25,40,3,62.6087,0.0,0.064,OPTIMAL
grid_5x5_31,seed_milpsnap_grid5x5_xlow_bw25.json,513,25,40,5,59.1304,0.0,0.169,OPTIMAL
grid_5x5_31,seed_milpsnap_grid5x5_xlow_bw25.json,514,25,40,6,59.1304,0.0,0.22,OPTIMAL
grid_5x5_31,seed_milpsnap_grid5x5_xlow_bw25.json,515,25,40,8,55.6522,0.0,0.85,OPTIMAL
grid_5x5_31,seed_milpsnap_grid5x5_xlow_bw25.json,516,25,40,10,45.2174,0.0,9.421,OPTIMAL
grid_5x5_31,seed_milpsnap_grid5x5_xlow_bw25.json,517,25,40,11,45.2174,0.0,3.517,OPTIMAL
grid_5x5_31,seed_milpsnap_grid5x5_xlow_bw25.json,518,25,40,12,44.3478,0.0,1.553,OPTIMAL
grid_5x5_31,seed_milpsnap_grid5x5_xlow_bw25.json,519,25,40,13,44.3478,0.0,2.168,OPTIMAL
grid_5x5_31,seed_milpsnap_grid5x5_xlow_bw25.json,520,25,40,14,44.3478,0.0,2.986,OPTIMAL
grid_5x5_31,seed_milpsnap_grid5x5_xlow_bw25.json,521,25,40,16,37.3913,0.0,8.076,OPTIMAL
grid_5x5_31,seed_milpsnap_grid5x5_xlow_bw25.json,522,25,40,18,33.913,0.0,28.392,OPTIMAL
grid_5x5_31,seed_milpsnap_grid5x5_xlow_bw25.json,523,25,40,19,33.913,0.0,12.567,OPTIMAL
grid_5x5_31,seed_milpsnap_grid5x5_xlow_bw25.json,524,25,40,20,33.0435,0.0,12.894,OPTIMAL
grid_5x5_31,seed_milpsnap_grid5x5_xlow_bw25.json,525,25,40,19,36.5217,0.0,7.105,OPTIMAL
grid_5x5_31,seed_milpsnap_grid5x5_xlow_bw25.json,526,25,40,18,37.3913,0.0,4.952,OPTIMAL
grid_5x5_31,seed_milpsnap_grid5x5_xlow_bw25.json,527,25,40,19,36.5217,0.0,10.231,OPTIMAL
grid_5x5_31,seed_milpsnap_grid5x5_xlow_bw25.json,528,25,40,20,37.3913,0.0,7.264,OPTIMAL
grid_5x5_31,seed_milpsnap_grid5x5_xlow_bw25.json,529,25,40,19,37.3913,0.0,13.3,OPTIMAL
grid_5x5_31,seed_milpsnap_grid5x5_xlow_bw25.json,530,25,40,17,44.3478,0.0,5.082,OPTIMAL
grid_5x5_31,seed_milpsnap_grid5x5_xlow_bw25.json,531,25,40,17,38.2609,0.0,6.484,OPTIMAL
grid_5x5_31,seed_milpsnap_grid5x5_xlow_bw25.json,532,25,40,17,37.3913,0.0,5.243,OPTIMAL
grid_5x5_31,seed_milpsnap_grid5x5_xlow_bw25.json,533,25,40,18,36.5217,0.0,7.602,OPTIMAL
grid_5x5_31,seed_milpsnap_grid5x5_xlow_bw25.json,534,25,40,17,37.3913,0.0,7.086,OPTIMAL
grid_5x5_31,seed_milpsnap_grid5x5_xlow_bw25.json,535,25,40,16,44.3478,0.0,3.017,OPTIMAL
grid_5x5_31,seed_milpsnap_grid5x5_xlow_bw25.json,536,25,40,15,44.3478,0.0,2.82,OPTIMAL
grid_5x5_31,seed_milpsnap_grid5x5_xlow_bw25.json,537,25,40,15,44.3478,0.0,2.41,OPTIMAL
grid_5x5_31,seed_milpsnap_grid5x5_xlow_bw25.json,538,25,40,15,44.3478,0.0,2.857,OPTIMAL
grid_5x5_31,seed_milpsnap_grid5x5_xlow_bw25.json,539,25,40,14,45.2174,0.0,1.81,OPTIMAL
grid_5x5_31,seed_milpsnap_grid5x5_xlow_bw25.json,540,25,40,11,52.1739,0.0,0.201,OPTIMAL
grid_5x5_31,seed_milpsnap_grid5x5_xlow_bw25.json,541,25,40,12,44.3478,0.0,2.009,OPTIMAL
grid_5x5_31,seed_milpsnap_grid5x5_xlow_bw25.json,542,25,40,11,44.3478,0.0,2.298,OPTIMAL
grid_5x5_31,seed_milpsnap_grid5x5_xlow_bw25.json,543,25,40,14,44.3478,0.0,1.91,OPTIMAL
grid_5x5_31,seed_milpsnap_grid5x5_xlow_bw25.json,544,25,40,15,44.3478,0.0,2.154,OPTIMAL
grid_5x5_31,seed_milpsnap_grid5x5_xlow_bw25.json,545,25,40,14,44.3478,0.0,2.538,OPTIMAL
grid_5x5_31,seed_milpsnap_grid5x5_xlow_bw25.json,546,25,40,13,44.3478,0.0,1.294,OPTIMAL
grid_5x5_31,seed_milpsnap_grid5x5_xlow_bw25.json,547,25,40,11,45.2174,0.0,0.817,OPTIMAL
grid_5x5_31,seed_milpsnap_grid5x5_xlow_bw25.json,548,25,40,12,44.3478,0.0,0.612,OPTIMAL
grid_5x5_31,seed_milpsnap_grid5x5_xlow_bw25.json,549,25,40,12,44.3478,0.0,0.48,OPTIMAL
grid_5x5_31,seed_milpsnap_grid5x5_xlow_bw25.json,550,25,40,14,44.3478,0.0,2.12,OPTIMAL
grid_5x5_31,seed_milpsnap_grid5x5_xlow_bw25.json,551,25,40,15,40.0,0.0,5.91,OPTIMAL
grid_5x5_31,seed_milpsnap_grid5x5_xlow_bw25.json,552,25,40,14,40.0,0.0,4.956,OPTIMAL
grid_5x5_31,seed_milpsnap_grid5x5_xlow_bw25.json,553,25,40,18,40.0,0.0,2.706,OPTIMAL
grid_5x5_31,seed_milpsnap_grid5x5_xlow_bw25.json,554,25,40,16,44.3478,0.0,0.617,OPTIMAL
grid_5x5_31,seed_milpsnap_grid5x5_xlow_bw25.json,555,25,40,18,44.3478,0.0,0.829,OPTIMAL
grid_5x5_31,seed_milpsnap_grid5x5_xlow_bw25.json,556,25,40,15,44.3478,0.0,2.931,OPTIMAL
grid_5x5_31,seed_milpsnap_grid5x5_xlow_bw25.json,557,25,40,15,45.2174,0.0,2.572,OPTIMAL
grid_5x5_31,seed_milpsnap_grid5x5_xlow_bw25.json,558,25,40,17,44.3478,0.0,3.443,OPTIMAL
grid_5x5_31,seed_milpsnap_grid5x5_xlow_bw25.json,559,25,40,19,44.3478,0.0,3.589,OPTIMAL
grid_5x5_31,seed_milpsnap_grid5x5_xlow_bw25.json,560,25,40,20,44.3478,0.0,3.492,OPTIMAL
grid_5x5_31,seed_milpsnap_grid5x5_xlow_bw25.json,561,25,40,19,44.3478,0.0,4.137,OPTIMAL
grid_5x5_31,seed_milpsnap_grid5x5_xlow_bw25.json,562,25,40,19,44.3478,0.0,3.523,OPTIMAL
grid_5x5_31,seed_milpsnap_grid5x5_xlow_bw25.json,563,25,40,18,44.3478,0.0,3.027,OPTIMAL
grid_5x5_31,seed_milpsnap_grid5x5_xlow_bw25.json,564,25,40,18,44.3478,0.0,2.1,OPTIMAL
grid_5x5_31,seed_milpsnap_grid5x5_xlow_bw25.json,565,25,40,14,44.3478,0.0,2.173,OPTIMAL
grid_5x5_31,seed_milpsnap_grid5x5_xlow_bw25.json,566,25,40,15,44.3478,0.0,0.61,OPTIMAL
grid_5x5_31,seed_milpsnap_grid5x5_xlow_bw25.json,567,25,40,15,45.2174,0.0,1.438,OPTIMAL
grid_5x5_31,seed_milpsnap_grid5x5_xlow_bw25.json,568,25,40,14,45.2174,0.0,1.047,OPTIMAL
grid_5x5_31,seed_milpsnap_grid5x5_xlow_bw25.json,569,25,40,15,45.2174,0.0,0.702,OPTIMAL
grid_5x5_31,seed_milpsnap_grid5x5_xlow_bw25.json,570,25,40,15,44.3478,0.0,0.852,OPTIMAL
grid_5x5_31,seed_milpsnap_grid5x5_xlow_bw25.json,571,25,40,13,45.2174,0.0,0.687,OPTIMAL
grid_5x5_31,seed_milpsnap_grid5x5_xlow_bw25.json,572,25,40,12,45.2174,0.0,0.392,OPTIMAL
grid_5x5_31,seed_milpsnap_grid5x5_xlow_bw25.json,573,25,40,13,44.3478,0.0,1.755,OPTIMAL
grid_5x5_31,seed_milpsnap_grid5x5_xlow_bw25.json,574,25,40,16,44.3478,0.0,2.879,OPTIMAL
grid_5x5_31,seed_milpsnap_grid5x5_xlow_bw25.json,575,25,40,18,36.5217,0.0,4.289,OPTIMAL
grid_5x5_31,seed_milpsnap_grid5x5_xlow_bw25.json,576,25,40,17,37.3913,0.0,7.784,OPTIMAL
grid_5x5_31,seed_milpsnap_grid5x5_xlow_bw25.json,577,25,40,15,44.3478,0.0,3.075,OPTIMAL
grid_5x5_31,seed_milpsnap_grid5x5_xlow_bw25.json,578,25,40,16,44.3478,0.0,3.248,OPTIMAL
grid_5x5_31,seed_milpsnap_grid5x5_xlow_bw25.json,579,25,40,16,44.3478,0.0,3.843,OPTIMAL
grid_5x5_31,seed_milpsnap_grid5x5_xlow_bw25.json,580,25,40,16,44.3478,0.0,3.744,OPTIMAL
grid_5x5_31,seed_milpsnap_grid5x5_xlow_bw25.json,581,25,40,16,40.8696,0.0,6.553,OPTIMAL
grid_5x5_31,seed_milpsnap_grid5x5_xlow_bw25.json,582,25,40,16,37.3913,0.0,24.116,OPTIMAL
grid_5x5_31,seed_milpsnap_grid5x5_xlow_bw25.json,583,25,40,17,37.3913,0.0,11.067,OPTIMAL
grid_5x5_31,seed_milpsnap_grid5x5_xlow_bw25.json,584,25,40,20,33.0435,0.0,37.637,OPTIMAL
grid_5x5_31,seed_milpsnap_grid5x5_xlow_bw25.json,585,25,40,19,33.913,0.0,26.777,OPTIMAL
grid_5x5_31,seed_milpsnap_grid5x5_xlow_bw25.json,586,25,40,19,33.913,0.0,17.937,OPTIMAL
grid_5x5_31,seed_milpsnap_grid5x5_xlow_bw25.json,587,25,40,18,40.8696,0.0,3.446,OPTIMAL
grid_5x5_31,seed_milpsnap_grid5x5_xlow_bw25.json,588,25,40,16,44.3478,0.0,1.95,OPTIMAL
grid_5x5_31,seed_milpsnap_grid5x5_xlow_bw25.json,589,25,40,15,44.3478,0.0,2.587,OPTIMAL
grid_5x5_31,seed_milpsnap_grid5x5_xlow_bw25.json,590,25,40,16,44.3478,0.0,3.179,OPTIMAL
grid_5x5_31,seed_milpsnap_grid5x5_xlow_bw25.json,591,25,40,17,38.2609,0.0,10.489,OPTIMAL
grid_5x5_31,seed_milpsnap_grid5x5_xlow_bw25.json,592,25,40,19,37.3913,0.0,7.798,OPTIMAL
grid_5x5_31,seed_milpsnap_grid5x5_xlow_bw25.json,593,25,40,18,37.3913,0.0,6.828,OPTIMAL
grid_5x5_31,seed_milpsnap_grid5x5_xlow_bw25.json,594,25,40,18,37.3913,0.0,9.206,OPTIMAL
grid_5x5_31,seed_milpsnap_grid5x5_xlow_bw25.json,595,25,40,17,44.3478,0.0,2.751,OPTIMAL
grid_5x5_31,seed_milpsnap_grid5x5_xlow_bw25.json,596,25,40,16,44.3478,0.0,3.245,OPTIMAL
grid_5x5_31,seed_milpsnap_grid5x5_xlow_bw25.json,597,25,40,17,44.3478,0.0,2.662,OPTIMAL
grid_5x5_31,seed_milpsnap_grid5x5_xlow_bw25.json,598,25,40,16,44.3478,0.0,1.516,OPTIMAL
grid_5x5_31,seed_milpsnap_grid5x5_xlow_bw25.json,599,25,40,14,44.3478,0.0,2.286,OPTIMAL
grid_5x5_31,seed_milpsnap_grid5x5_xlow_bw25.json,600,25,40,14,45.2174,0.0,1.099,OPTIMAL
grid_5x5_31,seed_milpsnap_grid5x5_xlow_bw25.json,601,25,40,17,40.8696,0.0,8.757,OPTIMAL
grid_5x5_31,seed_milpsnap_grid5x5_xlow_bw25.json,602,25,40,16,44.3478,0.0,1.692,OPTIMAL
grid_5x5_31,seed_milpsnap_grid5x5_xlow_bw25.json,603,25,40,17,37.3913,0.0,7.066,OPTIMAL
grid_5x5_31,seed_milpsnap_grid5x5_xlow_bw25.json,604,25,40,16,40.8696,0.0,4.722,OPTIMAL
grid_5x5_31,seed_milpsnap_grid5x5_xlow_bw25.json,605,25,40,15,44.3478,0.0,1.847,OPTIMAL
grid_5x5_31,seed_milpsnap_grid5x5_xlow_bw25.json,606,25,40,13,44.3478,0.0,3.055,OPTIMAL
grid_5x5_31,seed_milpsnap_grid5x5_xlow_bw25.json,607,25,40,16,40.8696,0.0,5.114,OPTIMAL
grid_5x5_31,seed_milpsnap_grid5x5_xlow_bw25.json,608,25,40,15,44.3478,0.0,2.448,OPTIMAL
grid_5x5_31,seed_milpsnap_grid5x5_xlow_bw25.json,609,25,40,16,34.7826,0.0,19.272,OPTIMAL
grid_5x5_31,seed_milpsnap_grid5x5_xlow_bw25.json,610,25,40,18,33.913,0.0,10.103,OPTIMAL
grid_5x5_31,seed_milpsnap_grid5x5_xlow_bw25.json,611,25,40,16,37.3913,0.0,6.59,OPTIMAL
grid_5x5_31,seed_milpsnap_grid5x5_xlow_bw25.json,612,25,40,16,37.3913,0.0,4.772,OPTIMAL
grid_5x5_31,seed_milpsnap_grid5x5_xlow_bw25.json,613,25,40,15,44.3478,0.0,1.645,OPTIMAL
grid_5x5_31,seed_milpsnap_grid5x5_xlow_bw25.json,614,25,40,17,40.8696,0.0,2.833,OPTIMAL
grid_5x5_31,seed_milpsnap_grid5x5_xlow_bw25.json,615,25,40,15,45.2174,0.0,0.538,OPTIMAL
grid_5x5_31,seed_milpsnap_grid5x5_xlow_bw25.json,616,25,40,11,46.087,0.0,0.246,OPTIMAL
grid_5x5_31,seed_milpsnap_grid5x5_xlow_bw25.json,617,25,40,12,45.2174,0.0,0.63,OPTIMAL
grid_5x5_31,seed_milpsnap_grid5x5_xlow_bw25.json,618,25,40,12,46.087,0.0,0.262,OPTIMAL
grid_5x5_31,seed_milpsnap_grid5x5_xlow_bw25.json,619,25,40,13,45.2174,0.0,0.875,OPTIMAL
grid_5x5_31,seed_milpsnap_grid5x5_xlow_bw25.json,620,25,40,14,45.2174,0.0,0.663,OPTIMAL
grid_5x5_31,seed_milpsnap_grid5x5_xlow_bw25.json,621,25,40,11,48.6957,0.0,0.128,OPTIMAL
grid_5x5_31,seed_milpsnap_grid5x5_xlow_bw25.json,622,25,40,13,48.6957,0.0,0.261,OPTIMAL
grid_5x5_31,seed_milpsnap_grid5x5_xlow_bw25.json,623,25,40,14,45.2174,0.0,2.591,OPTIMAL
grid_5x5_31,seed_milpsnap_grid5x5_xlow_bw25.json,624,25,40,14,44.3478,0.0,4.613,OPTIMAL
grid_5x5_31,seed_milpsnap_grid5x5_xlow_bw25.json,625,25,40,15,44.3478,0.0,3.28,OPTIMAL
grid_5x5_31,seed_milpsnap_grid5x5_xlow_bw25.json,626,25,40,14,45.2174,0.0,2.366,OPTIMAL
grid_5x5_31,seed_milpsnap_grid5x5_xlow_bw25.json,627,25,40,15,45.2174,0.0,3.379,OPTIMAL
grid_5x5_31,seed_milpsnap_grid5x5_xlow_bw25.json,628,25,40,13,45.2174,0.0,2.699,OPTIMAL
grid_5x5_31,seed_milpsnap_grid5x5_xlow_bw25.json,629,25,40,15,44.3478,0.0,3.693,OPTIMAL
grid_5x5_31,seed_milpsnap_grid5x5_xlow_bw25.json,630,25,40,14,44.3478,0.0,3.352,OPTIMAL
grid_5x5_31,seed_milpsnap_grid5x5_xlow_bw25.json,631,25,40,13,45.2174,0.0,1.915,OPTIMAL
grid_5x5_31,seed_milpsnap_grid5x5_xlow_bw25.json,632,25,40,13,44.3478,0.0,4.232,OPTIMAL
grid_5x5_31,seed_milpsnap_grid5x5_xlow_bw25.json,633,25,40,14,44.3478,0.0,4.054,OPTIMAL
grid_5x5_31,seed_milpsnap_grid5x5_xlow_bw25.json,634,25,40,13,45.2174,0.0,5.532,OPTIMAL
grid_5x5_31,seed_milpsnap_grid5x5_xlow_bw25.json,635,25,40,14,44.3478,0.0,4.827,OPTIMAL
grid_5x5_31,seed_milpsnap_grid5x5_xlow_bw25.json,636,25,40,14,44.3478,0.0,5.565,OPTIMAL
grid_5x5_31,seed_milpsnap_grid5x5_xlow_bw25.json,637,25,40,14,44.3478,0.0,3.633,OPTIMAL
grid_5x5_31,seed_milpsnap_grid5x5_xlow_bw25.json,638,25,40,14,45.2174,0.0,1.931,OPTIMAL
grid_5x5_31,seed_milpsnap_grid5x5_xlow_bw25.json,639,25,40,13,45.2174,0.0,2.026,OPTIMAL
grid_5x5_31,seed_milpsnap_grid5x5_xlow_bw25.json,640,25,40,17,37.3913,0.0,8.8,OPTIMAL
grid_5x5_31,seed_milpsnap_grid5x5_xlow_bw25.json,641,25,40,16,44.3478,0.0,2.54,OPTIMAL
grid_5x5_31,seed_milpsnap_grid5x5_xlow_bw25.json,642,25,40,18,40.8696,0.0,4.915,OPTIMAL
grid_5x5_31,seed_milpsnap_grid5x5_xlow_bw25.json,643,25,40,18,36.5217,0.0,10.254,OPTIMAL
grid_5x5_31,seed_milpsnap_grid5x5_xlow_bw25.json,644,25,40,19,37.3913,0.0,10.223,OPTIMAL
grid_5x5_31,seed_milpsnap_grid5x5_xlow_bw25.json,645,25,40,19,36.5217,0.0,11.379,OPTIMAL
grid_5x5_31,seed_milpsnap_grid5x5_xlow_bw25.json,646,25,40,20,33.0435,0.0,38.287,OPTIMAL
grid_5x5_31,seed_milpsnap_grid5x5_xlow_bw25.json,647,25,40,19,37.3913,0.0,8.416,OPTIMAL
grid_5x5_31,seed_milpsnap_grid5x5_xlow_bw25.json,648,25,40,1,73.0435,0.0,0.017,OPTIMAL
grid_5x5_31,seed_milpsnap_grid5x5_xlow_bw25.json,649,25,40,2,69.5652,0.0,0.038,OPTIMAL
grid_5x5_31,seed_milpsnap_grid5x5_xlow_bw25.json,650,25,40,4,59.1304,0.0,0.066,OPTIMAL
grid_5x5_31,seed_milpsnap_grid5x5_xlow_bw25.json,651,25,40,8,52.1739,0.0,0.262,OPTIMAL
grid_5x5_31,seed_milpsnap_grid5x5_xlow_bw25.json,652,25,40,9,52.1739,0.0,0.3,OPTIMAL
grid_5x5_31,seed_milpsnap_grid5x5_xlow_bw25.json,653,25,40,10,45.2174,0.0,1.383,OPTIMAL
grid_5x5_31,seed_milpsnap_grid5x5_xlow_bw25.json,654,25,40,12,44.3478,0.0,1.706,OPTIMAL
grid_5x5_31,seed_milpsnap_grid5x5_xlow_bw25.json,655,25,40,14,40.8696,0.0,4.316,OPTIMAL
grid_5x5_31,seed_milpsnap_grid5x5_xlow_bw25.json,656,25,40,15,40.0,0.0,3.667,OPTIMAL
grid_5x5_31,seed_milpsnap_grid5x5_xlow_bw25.json,657,25,40,16,35.6522,0.0,8.429,OPTIMAL
grid_5x5_31,seed_milpsnap_grid5x5_xlow_bw25.json,658,25,40,17,33.913,0.0,8.689,OPTIMAL
grid_5x5_31,seed_milpsnap_grid5x5_xlow_bw25.json,659,25,40,16,37.3913,0.0,4.856,OPTIMAL
grid_5x5_31,seed_milpsnap_grid5x5_xlow_bw25.json,660,25,40,15,40.8696,0.0,6.218,OPTIMAL
grid_5x5_31,seed_milpsnap_grid5x5_xlow_bw25.json,661,25,40,13,45.2174,0.0,6.435,OPTIMAL
grid_5x5_31,seed_milpsnap_grid5x5_xlow_bw25.json,662,25,40,10,48.6957,0.0,0.593,OPTIMAL
grid_5x5_31,seed_milpsnap_grid5x5_xlow_bw25.json,663,25,40,13,44.3478,0.0,1.906,OPTIMAL
grid_5x5_31,seed_milpsnap_grid5x5_xlow_bw25.json,664,25,40,12,45.2174,0.0,0.712,OPTIMAL
grid_5x5_31,seed_milpsnap_grid5x5_xlow_bw25.json,665,25,40,11,48.6957,0.0,0.221,OPTIMAL
grid_5x5_31,seed_milpsnap_grid5x5_xlow_bw25.json,666,25,40,12,45.2174,0.0,0.192,OPTIMAL
grid_5x5_31,seed_milpsnap_grid5x5_xlow_bw25.json,667,25,40,11,45.2174,0.0,0.622,OPTIMAL
grid_5x5_31,seed_milpsnap_grid5x5_xlow_bw25.json,668,25,40,10,52.1739,0.0,0.175,OPTIMAL
grid_5x5_31,seed_milpsnap_grid5x5_xlow_bw25.json,669,25,40,9,52.1739,0.0,0.175,OPTIMAL
grid_5x5_31,seed_milpsnap_grid5x5_xlow_bw25.json,670,25,40,8,53.0435,0.0,0.137,OPTIMAL
grid_5x5_31,seed_milpsnap_grid5x5_xlow_bw25.json,671,25,40,10,48.6957,0.0,0.229,OPTIMAL
grid_5x5_31,seed_milpsnap_grid5x5_xlow_bw25.json,672,25,40,12,45.2174,0.0,0.584,OPTIMAL
grid_5x5_31,seed_milpsnap_grid5x5_xlow_bw25.json,673,25,40,13,44.3478,0.0,0.861,OPTIMAL
grid_5x5_31,seed_milpsnap_grid5x5_xlow_bw25.json,674,25,40,15,37.3913,0.0,5.679,OPTIMAL
grid_5x5_31,seed_milpsnap_grid5x5_xlow_bw25.json,675,25,40,15,37.3913,0.0,16.809,OPTIMAL
grid_5x5_31,seed_milpsnap_grid5x5_xlow_bw25.json,676,25,40,12,45.2174,0.0,0.388,OPTIMAL
grid_5x5_31,seed_milpsnap_grid5x5_xlow_bw25.json,677,25,40,18,44.3478,0.0,1.465,OPTIMAL
grid_5x5_31,seed_milpsnap_grid5x5_xlow_bw25.json,678,25,40,19,40.8696,0.0,6.987,OPTIMAL
grid_5x5_31,seed_milpsnap_grid5x5_xlow_bw25.json,679,25,40,20,44.3478,0.0,3.3,OPTIMAL
grid_5x5_31,seed_milpsnap_grid5x5_xlow_bw25.json,680,25,40,20,37.3913,0.0,8.564,OPTIMAL
grid_5x5_31,seed_milpsnap_grid5x5_xlow_bw25.json,681,25,40,21,37.3913,0.0,8.512,OPTIMAL
grid_5x5_31,seed_milpsnap_grid5x5_xlow_bw25.json,682,25,40,22,37.3913,0.0,8.077,OPTIMAL
grid_5x5_31,seed_milpsnap_grid5x5_xlow_bw25.json,683,25,40,23,33.0435,0.0,22.268,OPTIMAL
grid_5x5_31,seed_milpsnap_grid5x5_xlow_bw25.json,684,25,40,21,36.5217,0.0,12.185,OPTIMAL
grid_5x5_31,seed_milpsnap_grid5x5_xlow_bw25.json,685,25,40,19,44.3478,0.0,3.183,OPTIMAL
grid_5x5_31,seed_milpsnap_grid5x5_xlow_bw25.json,686,25,40,19,44.3478,0.0,5.812,OPTIMAL
grid_5x5_31,seed_milpsnap_grid5x5_xlow_bw25.json,687,25,40,17,45.2174,0.0,3.219,OPTIMAL
grid_5x5_31,seed_milpsnap_grid5x5_xlow_bw25.json,688,25,40,19,45.2174,0.0,4.163,OPTIMAL
grid_5x5_31,seed_milpsnap_grid5x5_xlow_bw25.json,689,25,40,20,44.3478,0.0,2.564,OPTIMAL
grid_5x5_31,seed_milpsnap_grid5x5_xlow_bw25.json,690,25,40,15,45.2174,0.0,2.19,OPTIMAL
grid_5x5_31,seed_milpsnap_grid5x5_xlow_bw25.json,691,25,40,17,44.3478,0.0,2.525,OPTIMAL
grid_5x5_31,seed_milpsnap_grid5x5_xlow_bw25.json,692,25,40,16,44.3478,0.0,2.582,OPTIMAL
grid_5x5_31,seed_milpsnap_grid5x5_xlow_bw25.json,693,25,40,15,44.3478,0.0,1.499,OPTIMAL
grid_5x5_31,seed_milpsnap_grid5x5_xlow_bw25.json,694,25,40,16,40.8696,0.0,4.042,OPTIMAL
grid_5x5_31,seed_milpsnap_grid5x5_xlow_bw25.json,695,25,40,15,44.3478,0.0,1.735,OPTIMAL
grid_5x5_31,seed_milpsnap_grid5x5_xlow_bw25.json,696,25,40,15,40.8696,0.0,4.065,OPTIMAL
grid_5x5_31,seed_milpsnap_grid5x5_xlow_bw25.json,697,25,40,15,44.3478,0.0,1.317,OPTIMAL
grid_5x5_31,seed_milpsnap_grid5x5_xlow_bw25.json,698,25,40,16,40.0,0.0,3.384,OPTIMAL
grid_5x5_31,seed_milpsnap_grid5x5_xlow_bw25.json,699,25,40,17,36.5217,0.0,4.144,OPTIMAL
grid_5x5_31,seed_milpsnap_grid5x5_xlow_bw25.json,700,25,40,17,44.3478,0.0,1.272,OPTIMAL
grid_5x5_31,seed_milpsnap_grid5x5_xlow_bw25.json,701,25,40,18,40.0,0.0,2.986,OPTIMAL
grid_5x5_31,seed_milpsnap_grid5x5_xlow_bw25.json,702,25,40,16,40.8696,0.0,3.113,OPTIMAL
grid_5x5_31,seed_milpsnap_grid5x5_xlow_bw25.json,703,25,40,17,36.5217,0.0,8.256,OPTIMAL
grid_5x5_31,seed_milpsnap_grid5x5_xlow_bw25.json,704,25,40,16,44.3478,0.0,2.102,OPTIMAL
grid_5x5_31,seed_milpsnap_grid5x5_xlow_bw25.json,705,25,40,14,44.3478,0.0,2.458,OPTIMAL
grid_5x5_31,seed_milpsnap_grid5x5_xlow_bw25.json,706,25,40,16,44.3478,0.0,1.869,OPTIMAL
grid_5x5_31,seed_milpsnap_grid5x5_xlow_bw25.json,707,25,40,16,44.3478,0.0,2.373,OPTIMAL
grid_5x5_31,seed_milpsnap_grid5x5_xlow_bw25.json,708,25,40,17,40.8696,0.0,4.425,OPTIMAL
grid_5x5_31,seed_milpsnap_grid5x5_xlow_bw25.json,709,25,40,17,40.8696,0.0,3.401,OPTIMAL
grid_5x5_31,seed_milpsnap_grid5x5_xlow_bw25.json,710,25,40,17,44.3478,0.0,2.271,OPTIMAL
grid_5x5_31,seed_milpsnap_grid5x5_xlow_bw25.json,711,25,40,18,44.3478,0.0,2.18,OPTIMAL
grid_5x5_31,seed_milpsnap_grid5x5_xlow_bw25.json,712,25,40,18,44.3478,0.0,3.962,OPTIMAL
grid_5x5_31,seed_milpsnap_grid5x5_xlow_bw25.json,713,25,40,21,36.5217,0.0,9.816,OPTIMAL
grid_5x5_31,seed_milpsnap_grid5x5_xlow_bw25.json,714,25,40,22,33.0435,0.0,10.035,OPTIMAL
grid_5x5_31,seed_milpsnap_grid5x5_xlow_bw25.json,715,25,40,22,29.5652,0.0,26.762,OPTIMAL
grid_5x5_31,seed_milpsnap_grid5x5_xlow_bw25.json,716,25,40,23,29.5652,0.0,48.232,OPTIMAL
grid_5x5_31,seed_milpsnap_grid5x5_xlow_bw25.json,717,25,40,22,30.4348,0.0,36.832,OPTIMAL
grid_5x5_31,seed_milpsnap_grid5x5_xlow_bw25.json,718,25,40,23,29.5652,0.0,44.137,OPTIMAL
grid_5x5_31,seed_milpsnap_grid5x5_xlow_bw25.json,719,25,40,24,28.6957,0.0,48.596,OPTIMAL
grid_5x5_31,seed_milpsnap_grid5x5_xlow_bw25.json,720,25,40,23,28.6957,0.0,39.046,OPTIMAL
grid_5x5_31,seed_milpsnap_grid5x5_xlow_bw25.json,721,25,40,24,28.6957,0.0,46.255,OPTIMAL
grid_5x5_31,seed_milpsnap_grid5x5_xlow_bw25.json,722,25,40,23,28.6957,0.0,38.915,OPTIMAL
grid_5x5_31,seed_milpsnap_grid5x5_xlow_bw25.json,723,25,40,21,33.0435,0.0,24.326,OPTIMAL
grid_5x5_31,seed_milpsnap_grid5x5_xlow_bw25.json,724,25,40,20,33.0435,0.0,52.698,OPTIMAL
grid_5x5_31,seed_milpsnap_grid5x5_xlow_bw25.json,725,25,40,19,36.5217,0.0,19.871,OPTIMAL
grid_5x5_31,seed_milpsnap_grid5x5_xlow_bw25.json,726,25,40,19,33.913,0.0,26.094,OPTIMAL
grid_5x5_31,seed_milpsnap_grid5x5_xlow_bw25.json,727,25,40,18,33.913,0.0,20.871,OPTIMAL
grid_5x5_31,seed_milpsnap_grid5x5_xlow_bw25.json,728,25,40,14,44.3478,0.0,2.812,OPTIMAL
grid_5x5_31,seed_milpsnap_grid5x5_xlow_bw25.json,729,25,40,14,44.3478,0.0,4.919,OPTIMAL
grid_5x5_31,seed_milpsnap_grid5x5_xlow_bw25.json,730,25,40,13,45.2174,0.0,3.869,OPTIMAL
grid_5x5_31,seed_milpsnap_grid5x5_xlow_bw25.json,731,25,40,11,53.0435,0.0,0.385,OPTIMAL
grid_5x5_31,seed_milpsnap_grid5x5_xlow_bw25.json,732,25,40,11,48.6957,0.0,1.265,OPTIMAL
grid_5x5_31,seed_milpsnap_grid5x5_xlow_bw25.json,733,25,40,10,48.6957,0.0,0.626,OPTIMAL
grid_5x5_31,seed_milpsnap_grid5x5_xlow_bw25.json,734,25,40,12,45.2174,0.0,4.82,OPTIMAL
grid_5x5_31,seed_milpsnap_grid5x5_xlow_bw25.json,735,25,40,10,52.1739,0.0,0.879,OPTIMAL
grid_5x5_31,seed_milpsnap_grid5x5_xlow_bw25.json,736,25,40,11,48.6957,0.0,0.83,OPTIMAL
grid_5x5_31,seed_milpsnap_grid5x5_xlow_bw25.json,737,25,40,12,48.6957,0.0,0.39,OPTIMAL
grid_5x5_31,seed_milpsnap_grid5x5_xlow_bw25.json,738,25,40,13,48.6957,0.0,0.493,OPTIMAL
grid_5x5_31,seed_milpsnap_grid5x5_xlow_bw25.json,739,25,40,12,52.1739,0.0,0.131,OPTIMAL
grid_5x5_31,seed_milpsnap_grid5x5_xlow_bw25.json,740,25,40,12,52.1739,0.0,0.141,OPTIMAL
grid_5x5_31,seed_milpsnap_grid5x5_xlow_bw25.json,741,25,40,14,47.8261,0.0,2.093,OPTIMAL
grid_5x5_31,seed_milpsnap_grid5x5_xlow_bw25.json,742,25,40,16,44.3478,0.0,2.877,OPTIMAL
grid_5x5_31,seed_milpsnap_grid5x5_xlow_bw25.json,743,25,40,17,40.8696,0.0,4.559,OPTIMAL
grid_5x5_31,seed_milpsnap_grid5x5_xlow_bw25.json,744,25,40,19,40.0,0.0,3.587,OPTIMAL
grid_5x5_31,seed_milpsnap_grid5x5_xlow_bw25.json,745,25,40,20,40.0,0.0,3.892,OPTIMAL
grid_5x5_31,seed_milpsnap_grid5x5_xlow_bw25.json,746,25,40,18,40.8696,0.0,7.894,OPTIMAL
grid_5x5_31,seed_milpsnap_grid5x5_xlow_bw25.json,747,25,40,20,40.0,0.0,4.091,OPTIMAL
grid_5x5_31,seed_milpsnap_grid5x5_xlow_bw25.json,748,25,40,18,40.0,0.0,9.575,OPTIMAL
grid_5x5_31,seed_milpsnap_grid5x5_xlow_bw25.json,749,25,40,20,40.0,0.0,5.249,OPTIMAL
grid_5x5_31,seed_milpsnap_grid5x5_xlow_bw25.json,750,25,40,21,40.0,0.0,6.126,OPTIMAL
grid_5x5_31,seed_milpsnap_grid5x5_xlow_bw25.json,751,25,40,22,33.0435,0.0,22.228,OPTIMAL
grid_5x5_31,seed_milpsnap_grid5x5_xlow_bw25.json,752,25,40,22,33.0435,0.0,19.273,OPTIMAL
grid_5x5_31,seed_milpsnap_grid5x5_xlow_bw25.json,753,25,40,21,36.5217,0.0,6.061,OPTIMAL
grid_5x5_31,seed_milpsnap_grid5x5_xlow_bw25.json,754,25,40,23,29.5652,0.0,26.763,OPTIMAL
grid_5x5_31,seed_milpsnap_grid5x5_xlow_bw25.json,755,25,40,24,28.6957,0.0,34.408,OPTIMAL
grid_5x5_31,seed_milpsnap_grid5x5_xlow_bw25.json,756,25,40,21,36.5217,0.0,5.5,OPTIMAL
grid_5x5_31,seed_milpsnap_grid5x5_xlow_bw25.json,757,25,40,19,40.8696,0.0,2.24,OPTIMAL
grid_5x5_31,seed_milpsnap_grid5x5_xlow_bw25.json,758,25,40,18,40.8696,0.0,2.667,OPTIMAL
grid_5x5_31,seed_milpsnap_grid5x5_xlow_bw25.json,759,25,40,16,44.3478,0.0,2.14,OPTIMAL
grid_5x5_31,seed_milpsnap_grid5x5_xlow_bw25.json,760,25,40,16,44.3478,0.0,2.466,OPTIMAL
grid_5x5_31,seed_milpsnap_grid5x5_xlow_bw25.json,761,25,40,17,40.8696,0.0,4.249,OPTIMAL
grid_5x5_31,seed_milpsnap_grid5x5_xlow_bw25.json,762,25,40,18,40.8696,0.0,4.091,OPTIMAL
grid_5x5_31,seed_milpsnap_grid5x5_xlow_bw25.json,763,25,40,20,36.5217,0.0,6.795,OPTIMAL
grid_5x5_31,seed_milpsnap_grid5x5_xlow_bw25.json,764,25,40,19,36.5217,0.0,8.668,OPTIMAL
grid_5x5_31,seed_milpsnap_grid5x5_xlow_bw25.json,765,25,40,19,37.3913,0.0,11.606,OPTIMAL
grid_5x5_31,seed_milpsnap_grid5x5_xlow_bw25.json,766,25,40,17,44.3478,0.0,2.312,OPTIMAL
grid_5x5_31,seed_milpsnap_grid5x5_xlow_bw25.json,767,25,40,16,44.3478,0.0,2.406,OPTIMAL
grid_5x5_31,seed_milpsnap_grid5x5_xlow_bw25.json,768,25,40,14,45.2174,0.0,1.977,OPTIMAL
grid_5x5_31,seed_milpsnap_grid5x5_xlow_bw25.json,769,25,40,14,45.2174,0.0,1.792,OPTIMAL
grid_5x5_31,seed_milpsnap_grid5x5_xlow_bw25.json,770,25,40,16,44.3478,0.0,1.925,OPTIMAL
grid_5x5_31,seed_milpsnap_grid5x5_xlow_bw25.json,771,25,40,17,44.3478,0.0,1.853,OPTIMAL
grid_5x5_31,seed_milpsnap_grid5x5_xlow_bw25.json,772,25,40,18,40.0,0.0,4.306,OPTIMAL
grid_5x5_31,seed_milpsnap_grid5x5_xlow_bw25.json,773,25,40,18,40.8696,0.0,6.457,OPTIMAL
grid_5x5_31,seed_milpsnap_grid5x5_xlow_bw25.json,774,25,40,18,40.8696,0.0,4.802,OPTIMAL
grid_5x5_31,seed_milpsnap_grid5x5_xlow_bw25.json,775,25,40,17,44.3478,0.0,2.717,OPTIMAL
grid_5x5_31,seed_milpsnap_grid5x5_xlow_bw25.json,776,25,40,14,44.3478,0.0,1.738,OPTIMAL
grid_5x5_31,seed_milpsnap_grid5x5_xlow_bw25.json,777,25,40,13,45.2174,0.0,1.038,OPTIMAL
grid_5x5_31,seed_milpsnap_grid5x5_xlow_bw25.json,778,25,40,13,45.2174,0.0,1.347,OPTIMAL
grid_5x5_31,seed_milpsnap_grid5x5_xlow_bw25.json,779,25,40,14,44.3478,0.0,3.109,OPTIMAL
grid_5x5_31,seed_milpsnap_grid5x5_xlow_bw25.json,780,25,40,15,44.3478,0.0,3.117,OPTIMAL
grid_5x5_31,seed_milpsnap_grid5x5_xlow_bw25.json,781,25,40,16,40.8696,0.0,6.501,OPTIMAL
grid_5x5_31,seed_milpsnap_grid5x5_xlow_bw25.json,782,25,40,16,40.8696,0.0,4.973,OPTIMAL
grid_5x5_31,seed_milpsnap_grid5x5_xlow_bw25.json,783,25,40,16,44.3478,0.0,3.556,OPTIMAL
grid_5x5_31,seed_milpsnap_grid5x5_xlow_bw25.json,784,25,40,1,76.5217,0.0,0.015,OPTIMAL
grid_5x5_31,seed_milpsnap_grid5x5_xlow_bw25.json,785,25,40,3,69.5652,0.0,0.02,OPTIMAL
grid_5x5_31,seed_milpsnap_grid5x5_xlow_bw25.json,786,25,40,4,63.4783,0.0,0.044,OPTIMAL
grid_5x5_31,seed_milpsnap_grid5x5_xlow_bw25.json,787,25,40,5,56.5217,0.0,0.098,OPTIMAL
grid_5x5_31,seed_milpsnap_grid5x5_xlow_bw25.json,788,25,40,7,53.0435,0.0,0.125,OPTIMAL
grid_5x5_31,seed_milpsnap_grid5x5_xlow_bw25.json,789,25,40,8,52.1739,0.0,0.124,OPTIMAL
grid_5x5_31,seed_milpsnap_grid5x5_xlow_bw25.json,790,25,40,10,52.1739,0.0,0.131,OPTIMAL
grid_5x5_31,seed_milpsnap_grid5x5_xlow_bw25.json,791,25,40,13,45.2174,0.0,0.711,OPTIMAL
grid_5x5_31,seed_milpsnap_grid5x5_xlow_bw25.json,792,25,40,14,44.3478,0.0,1.181,OPTIMAL
grid_5x5_31,seed_milpsnap_grid5x5_xlow_bw25.json,793,25,40,15,40.8696,0.0,5.479,OPTIMAL
grid_5x5_31,seed_milpsnap_grid5x5_xlow_bw25.json,794,25,40,16,40.8696,0.0,3.035,OPTIMAL
grid_5x5_31,seed_milpsnap_grid5x5_xlow_bw25.json,795,25,40,17,40.8696,0.0,2.883,OPTIMAL
grid_5x5_31,seed_milpsnap_grid5x5_xlow_bw25.json,796,25,40,18,40.8696,0.0,3.075,OPTIMAL
grid_5x5_31,seed_milpsnap_grid5x5_xlow_bw25.json,797,25,40,16,40.8696,0.0,3.733,OPTIMAL
grid_5x5_31,seed_milpsnap_grid5x5_xlow_bw25.json,798,25,40,17,40.8696,0.0,3.233,OPTIMAL
grid_5x5_31,seed_milpsnap_grid5x5_xlow_bw25.json,799,25,40,18,40.0,0.0,3.76,OPTIMAL
grid_5x5_31,seed_milpsnap_grid5x5_xlow_bw25.json,800,25,40,19,40.0,0.0,3.681,OPTIMAL
grid_5x5_31,seed_milpsnap_grid5x5_xlow_bw25.json,801,25,40,17,40.8696,0.0,3.463,OPTIMAL
grid_5x5_31,seed_milpsnap_grid5x5_xlow_bw25.json,802,25,40,16,44.3478,0.0,1.835,OPTIMAL
grid_5x5_31,seed_milpsnap_grid5x5_xlow_bw25.json,803,25,40,15,44.3478,0.0,1.81,OPTIMAL
grid_5x5_31,seed_milpsnap_grid5x5_xlow_bw25.json,804,25,40,20,37.3913,0.0,5.658,OPTIMAL
grid_5x5_31,seed_milpsnap_grid5x5_xlow_bw25.json,805,25,40,19,44.3478,0.0,1.777,OPTIMAL
grid_5x5_31,seed_milpsnap_grid5x5_xlow_bw25.json,806,25,40,20,40.0,0.0,5.903,OPTIMAL
grid_5x5_31,seed_milpsnap_grid5x5_xlow_bw25.json,807,25,40,20,44.3478,0.0,1.015,OPTIMAL
grid_5x5_31,seed_milpsnap_grid5x5_xlow_bw25.json,808,25,40,19,44.3478,0.0,1.131,OPTIMAL
grid_5x5_31,seed_milpsnap_grid5x5_xlow_bw25.json,809,25,40,20,44.3478,0.0,0.931,OPTIMAL
grid_5x5_31,seed_milpsnap_grid5x5_xlow_bw25.json,810,25,40,19,44.3478,0.0,0.792,OPTIMAL
grid_5x5_31,seed_milpsnap_grid5x5_xlow_bw25.json,811,25,40,20,44.3478,0.0,1.959,OPTIMAL
grid_5x5_31,seed_milpsnap_grid5x5_xlow_bw25.json,812,25,40,18,44.3478,0.0,2.82,OPTIMAL
grid_5x5_31,seed_milpsnap_grid5x5_xlow_bw25.json,813,25,40,18,44.3478,0.0,2.162,OPTIMAL
grid_5x5_31,seed_milpsnap_grid5x5_xlow_bw25.json,814,25,40,19,44.3478,0.0,1.505,OPTIMAL
grid_5x5_31,seed_milpsnap_grid5x5_xlow_bw25.json,815,25,40,20,44.3478,0.0,1.004,OPTIMAL
grid_5x5_31,seed_milpsnap_grid5x5_xlow_bw25.json,816,25,40,24,36.5217,0.0,4.054,OPTIMAL
grid_5x5_31,seed_milpsnap_grid5x5_xlow_bw25.json,817,25,40,25,33.0435,0.0,7.413,OPTIMAL
grid_5x5_31,seed_milpsnap_grid5x5_xlow_bw25.json,818,25,40,20,37.3913,0.0,4.311,OPTIMAL
grid_5x5_31,seed_milpsnap_grid5x5_xlow_bw25.json,819,25,40,18,44.3478,0.0,1.325,OPTIMAL
grid_5x5_31,seed_milpsnap_grid5x5_xlow_bw25.json,820,25,40,17,44.3478,0.0,0.664,OPTIMAL
grid_5x5_31,seed_milpsnap_grid5x5_xlow_bw25.json,821,25,40,16,44.3478,0.0,1.819,OPTIMAL
grid_5x5_31,seed_milpsnap_grid5x5_xlow_bw25.json,822,25,40,17,44.3478,0.0,2.861,OPTIMAL
grid_5x5_31,seed_milpsnap_grid5x5_xlow_bw25.json,823,25,40,17,37.3913,0.0,4.608,OPTIMAL
grid_5x5_31,seed_milpsnap_grid5x5_xlow_bw25.json,824,25,40,16,37.3913,0.0,9.561,OPTIMAL
grid_5x5_31,seed_milpsnap_grid5x5_xlow_bw25.json,825,25,40,14,44.3478,0.0,2.357,OPTIMAL
grid_5x5_31,seed_milpsnap_grid5x5_xlow_bw25.json,826,25,40,14,44.3478,0.0,1.161,OPTIMAL
grid_5x5_31,seed_milpsnap_grid5x5_xlow_bw25.json,827,25,40,16,44.3478,0.0,1.605,OPTIMAL
grid_5x5_31,seed_milpsnap_grid5x5_xlow_bw25.json,828,25,40,17,40.8696,0.0,4.898,OPTIMAL
grid_5x5_31,seed_milpsnap_grid5x5_xlow_bw25.json,829,25,40,16,44.3478,0.0,3.452,OPTIMAL
grid_5x5_31,seed_milpsnap_grid5x5_xlow_bw25.json,830,25,40,15,37.3913,0.0,20.564,OPTIMAL
grid_5x5_31,seed_milpsnap_grid5x5_xlow_bw25.json,831,25,40,17,33.913,0.0,13.693,OPTIMAL
grid_5x5_31,seed_milpsnap_grid5x5_xlow_bw25.json,832,25,40,18,33.913,0.0,13.009,OPTIMAL
grid_5x5_31,seed_milpsnap_grid5x5_xlow_bw25.json,833,25,40,18,36.5217,0.0,12.608,OPTIMAL
grid_5x5_31,seed_milpsnap_grid5x5_xlow_bw25.json,834,25,40,16,44.3478,0.0,3.51,OPTIMAL
grid_5x5_31,seed_milpsnap_grid5x5_xlow_bw25.json,835,25,40,17,44.3478,0.0,3.479,OPTIMAL
grid_5x5_31,seed_milpsnap_grid5x5_xlow_bw25.json,836,25,40,18,44.3478,0.0,3.356,OPTIMAL
grid_5x5_31,seed_milpsnap_grid5x5_xlow_bw25.json,837,25,40,19,44.3478,0.0,1.912,OPTIMAL
grid_5x5_31,seed_milpsnap_grid5x5_xlow_bw25.json,838,25,40,18,44.3478,0.0,2.37,OPTIMAL
grid_5x5_31,seed_milpsnap_grid5x5_xlow_bw25.json,839,25,40,18,44.3478,0.0,3.349,OPTIMAL
grid_5x5_31,seed_milpsnap_grid5x5_xlow_bw25.json,840,25,40,17,44.3478,0.0,3.035,OPTIMAL
grid_5x5_31,seed_milpsnap_grid5x5_xlow_bw25.json,841,25,40,16,44.3478,0.0,0.751,OPTIMAL
grid_5x5_31,seed_milpsnap_grid5x5_xlow_bw25.json,842,25,40,17,45.2174,0.0,0.886,OPTIMAL
grid_5x5_31,seed_milpsnap_grid5x5_xlow_bw25.json,843,25,40,18,44.3478,0.0,0.725,OPTIMAL
grid_5x5_31,seed_milpsnap_grid5x5_xlow_bw25.json,844,25,40,21,40.8696,0.0,2.751,OPTIMAL
grid_5x5_31,seed_milpsnap_grid5x5_xlow_bw25.json,845,25,40,19,44.3478,0.0,1.295,OPTIMAL
grid_5x5_31,seed_milpsnap_grid5x5_xlow_bw25.json,846,25,40,20,44.3478,0.0,0.871,OPTIMAL
grid_5x5_31,seed_milpsnap_grid5x5_xlow_bw25.json,847,25,40,20,40.8696,0.0,5.139,OPTIMAL
grid_5x5_31,seed_milpsnap_grid5x5_xlow_bw25.json,848,25,40,21,40.0,0.0,2.744,OPTIMAL
grid_5x5_31,seed_milpsnap_grid5x5_xlow_bw25.json,849,25,40,20,40.8696,0.0,2.896,OPTIMAL
grid_5x5_31,seed_milpsnap_grid5x5_xlow_bw25.json,850,25,40,21,36.5217,0.0,6.689,OPTIMAL
grid_5x5_31,seed_milpsnap_grid5x5_xlow_bw25.json,851,25,40,22,33.0435,0.0,24.818,OPTIMAL
grid_5x5_31,seed_milpsnap_grid5x5_xlow_bw25.json,852,25,40,22,33.0435,0.0,7.766,OPTIMAL
grid_5x5_31,seed_milpsnap_grid5x5_xlow_bw25.json,853,25,40,23,29.5652,0.0,21.233,OPTIMAL
grid_5x5_31,seed_milpsnap_grid5x5_xlow_bw25.json,854,25,40,21,33.0435,0.0,18.456,OPTIMAL
grid_5x5_31,seed_milpsnap_grid5x5_xlow_bw25.json,855,25,40,21,33.0435,0.0,9.265,OPTIMAL
grid_5x5_31,seed_milpsnap_grid5x5_xlow_bw25.json,856,25,40,20,33.913,0.0,15.088,OPTIMAL
grid_5x5_31,seed_milpsnap_grid5x5_xlow_bw25.json,857,25,40,19,33.913,0.0,13.123,OPTIMAL
grid_5x5_31,seed_milpsnap_grid5x5_xlow_bw25.json,858,25,40,21,33.0435,0.0,16.498,OPTIMAL
grid_5x5_31,seed_milpsnap_grid5x5_xlow_bw25.json,859,25,40,18,44.3478,0.0,2.642,OPTIMAL
grid_5x5_31,seed_milpsnap_grid5x5_xlow_bw25.json,860,25,40,18,44.3478,0.0,2.694,OPTIMAL
grid_5x5_31,seed_milpsnap_grid5x5_xlow_bw25.json,861,25,40,17,44.3478,0.0,2.764,OPTIMAL
grid_5x5_31,seed_milpsnap_grid5x5_xlow_bw25.json,862,25,40,18,44.3478,0.0,1.677,OPTIMAL
grid_5x5_31,seed_milpsnap_grid5x5_xlow_bw25.json,863,25,40,18,40.8696,0.0,3.112,OPTIMAL
grid_5x5_31,seed_milpsnap_grid5x5_xlow_bw25.json,864,25,40,16,44.3478,0.0,2.06,OPTIMAL
grid_5x5_31,seed_milpsnap_grid5x5_xlow_bw25.json,865,25,40,16,44.3478,0.0,3.352,OPTIMAL
grid_5x5_31,seed_milpsnap_grid5x5_xlow_bw25.json,866,25,40,16,44.3478,0.0,3.343,OPTIMAL
grid_5x5_31,seed_milpsnap_grid5x5_xlow_bw25.json,867,25,40,15,44.3478,0.0,2.693,OPTIMAL
grid_5x5_31,seed_milpsnap_grid5x5_xlow_bw25.json,868,25,40,14,45.2174,0.0,1.627,OPTIMAL
grid_5x5_31,seed_milpsnap_grid5x5_xlow_bw25.json,869,25,40,13,48.6957,0.0,0.839,OPTIMAL
grid_5x5_31,seed_milpsnap_grid5x5_xlow_bw25.json,870,25,40,14,52.1739,0.0,0.348,OPTIMAL
grid_5x5_31,seed_milpsnap_grid5x5_xlow_bw25.json,871,25,40,14,52.1739,0.0,0.644,OPTIMAL
grid_5x5_31,seed_milpsnap_grid5x5_xlow_bw25.json,872,25,40,11,52.1739,0.0,0.228,OPTIMAL
grid_5x5_31,seed_milpsnap_grid5x5_xlow_bw25.json,873,25,40,10,52.1739,0.0,0.243,OPTIMAL
grid_5x5_31,seed_milpsnap_grid5x5_xlow_bw25.json,874,25,40,10,48.6957,0.0,0.344,OPTIMAL
grid_5x5_31,seed_milpsnap_grid5x5_xlow_bw25.json,875,25,40,9,48.6957,0.0,0.339,OPTIMAL
grid_5x5_31,seed_milpsnap_grid5x5_xlow_bw25.json,876,25,40,8,48.6957,0.0,0.36,OPTIMAL
grid_5x5_31,seed_milpsnap_grid5x5_xlow_bw25.json,877,25,40,10,48.6957,0.0,0.282,OPTIMAL
grid_5x5_31,seed_milpsnap_grid5x5_xlow_bw25.json,878,25,40,11,48.6957,0.0,0.174,OPTIMAL
grid_5x5_31,seed_milpsnap_grid5x5_xlow_bw25.json,879,25,40,12,52.1739,0.0,0.159,OPTIMAL
grid_5x5_31,seed_milpsnap_grid5x5_xlow_bw25.json,880,25,40,13,48.6957,0.0,0.163,OPTIMAL
grid_5x5_31,seed_milpsnap_grid5x5_xlow_bw25.json,881,25,40,14,48.6957,0.0,0.227,OPTIMAL
grid_5x5_31,seed_milpsnap_grid5x5_xlow_bw25.json,882,25,40,13,48.6957,0.0,0.168,OPTIMAL
grid_5x5_31,seed_milpsnap_grid5x5_xlow_bw25.json,883,25,40,13,45.2174,0.0,0.312,OPTIMAL
grid_5x5_31,seed_milpsnap_grid5x5_xlow_bw25.json,884,25,40,14,45.2174,0.0,0.43,OPTIMAL
grid_5x5_31,seed_milpsnap_grid5x5_xlow_bw25.json,885,25,40,14,45.2174,0.0,0.418,OPTIMAL
grid_5x5_31,seed_milpsnap_grid5x5_xlow_bw25.json,886,25,40,13,45.2174,0.0,0.322,OPTIMAL
grid_5x5_31,seed_milpsnap_grid5x5_xlow_bw25.json,887,25,40,14,45.2174,0.0,0.352,OPTIMAL
grid_5x5_31,seed_milpsnap_grid5x5_xlow_bw25.json,888,25,40,16,44.3478,0.0,2.299,OPTIMAL
grid_5x5_31,seed_milpsnap_grid5x5_xlow_bw25.json,889,25,40,18,44.3478,0.0,2.655,OPTIMAL
grid_5x5_31,seed_milpsnap_grid5x5_xlow_bw25.json,890,25,40,17,44.3478,0.0,2.44,OPTIMAL
grid_5x5_31,seed_milpsnap_grid5x5_xlow_bw25.json,891,25,40,16,44.3478,0.0,2.288,OPTIMAL
grid_5x5_31,seed_milpsnap_grid5x5_xlow_bw25.json,892,25,40,14,44.3478,0.0,2.3,OPTIMAL
grid_5x5_31,seed_milpsnap_grid5x5_xlow_bw25.json,893,25,40,16,37.3913,0.0,12.143,OPTIMAL
grid_5x5_31,seed_milpsnap_grid5x5_xlow_bw25.json,894,25,40,15,44.3478,0.0,2.507,OPTIMAL
grid_5x5_31,seed_milpsnap_grid5x5_xlow_bw25.json,895,25,40,14,44.3478,0.0,3.538,OPTIMAL
grid_5x5_31,seed_milpsnap_grid5x5_xlow_bw25.json,896,25,40,13,44.3478,0.0,2.035,OPTIMAL
grid_5x5_31,seed_milpsnap_grid5x5_xlow_bw25.json,897,25,40,13,44.3478,0.0,3.062,OPTIMAL
grid_5x5_31,seed_milpsnap_grid5x5_xlow_bw25.json,898,25,40,14,44.3478,0.0,3.319,OPTIMAL
grid_5x5_31,seed_milpsnap_grid5x5_xlow_bw25.json,899,25,40,15,44.3478,0.0,2.372,OPTIMAL
grid_5x5_31,seed_milpsnap_grid5x5_xlow_bw25.json,900,25,40,15,33.913,0.0,18.009,OPTIMAL
grid_5x5_31,seed_milpsnap_grid5x5_xlow_bw25.json,901,25,40,16,33.0435,0.0,16.031,OPTIMAL
grid_5x5_31,seed_milpsnap_grid5x5_xlow_bw25.json,902,25,40,16,37.3913,0.0,6.01,OPTIMAL
grid_5x5_31,seed_milpsnap_grid5x5_xlow_bw25.json,903,25,40,13,40.8696,0.0,5.71,OPTIMAL
grid_5x5_31,seed_milpsnap_grid5x5_xlow_bw25.json,904,25,40,13,40.8696,0.0,5.111,OPTIMAL
grid_5x5_31,seed_milpsnap_grid5x5_xlow_bw25.json,905,25,40,14,36.5217,0.0,6.733,OPTIMAL
grid_5x5_31,seed_milpsnap_grid5x5_xlow_bw25.json,906,25,40,15,33.0435,0.0,5.983,OPTIMAL
grid_5x5_31,seed_milpsnap_grid5x5_xlow_bw25.json,907,25,40,16,33.0435,0.0,4.976,OPTIMAL
grid_5x5_31,seed_milpsnap_grid5x5_xlow_bw25.json,908,25,40,16,33.0435,0.0,11.725,OPTIMAL
grid_5x5_31,seed_milpsnap_grid5x5_xlow_bw25.json,909,25,40,17,33.0435,0.0,14.299,OPTIMAL
grid_5x5_31,seed_milpsnap_grid5x5_xlow_bw25.json,910,25,40,18,33.0435,0.0,8.646,OPTIMAL
grid_5x5_31,seed_milpsnap_grid5x5_xlow_bw25.json,911,25,40,17,33.0435,0.0,10.36,OPTIMAL
grid_5x5_31,seed_milpsnap_grid5x5_xlow_bw25.json,912,25,40,16,33.913,0.0,13.841,OPTIMAL
grid_5x5_31,seed_milpsnap_grid5x5_xlow_bw25.json,913,25,40,15,36.5217,0.0,10.94,OPTIMAL
grid_5x5_31,seed_milpsnap_grid5x5_xlow_bw25.json,914,25,40,15,44.3478,0.0,2.11,OPTIMAL
grid_5x5_31,seed_milpsnap_grid5x5_xlow_bw25.json,915,25,40,16,37.3913,0.0,6.871,OPTIMAL
grid_5x5_31,seed_milpsnap_grid5x5_xlow_bw25.json,916,25,40,16,40.0,0.0,4.593,OPTIMAL
grid_5x5_31,seed_milpsnap_grid5x5_xlow_bw25.json,917,25,40,15,44.3478,0.0,2.085,OPTIMAL
grid_5x5_31,seed_milpsnap_grid5x5_xlow_bw25.json,918,25,40,1,73.0435,0.0,0.023,OPTIMAL
grid_5x5_31,seed_milpsnap_grid5x5_xlow_bw25.json,919,25,40,2,73.0435,0.0,0.01,OPTIMAL
grid_5x5_31,seed_milpsnap_grid5x5_xlow_bw25.json,920,25,40,3,63.4783,0.0,0.04,OPTIMAL
grid_5x5_31,seed_milpsnap_grid5x5_xlow_bw25.json,921,25,40,4,56.5217,0.0,0.182,OPTIMAL
grid_5x5_31,seed_milpsnap_grid5x5_xlow_bw25.json,922,25,40,6,52.1739,0.0,0.278,OPTIMAL
grid_5x5_31,seed_milpsnap_grid5x5_xlow_bw25.json,923,25,40,5,52.1739,0.0,0.173,OPTIMAL
grid_5x5_31,seed_milpsnap_grid5x5_xlow_bw25.json,924,25,40,6,52.1739,0.0,0.204,OPTIMAL
grid_5x5_31,seed_milpsnap_grid5x5_xlow_bw25.json,925,25,40,7,52.1739,0.0,0.206,OPTIMAL
grid_5x5_31,seed_milpsnap_grid5x5_xlow_bw25.json,926,25,40,6,55.6522,0.0,0.168,OPTIMAL
grid_5x5_31,seed_milpsnap_grid5x5_xlow_bw25.json,927,25,40,5,62.6087,0.0,0.063,OPTIMAL
grid_5x5_31,seed_milpsnap_grid5x5_xlow_bw25.json,928,25,40,6,55.6522,0.0,0.288,OPTIMAL
grid_5x5_31,seed_milpsnap_grid5x5_xlow_bw25.json,929,25,40,7,55.6522,0.0,0.347,OPTIMAL
grid_5x5_31,seed_milpsnap_grid5x5_xlow_bw25.json,930,25,40,6,59.1304,0.0,0.216,OPTIMAL
grid_5x5_31,seed_milpsnap_grid5x5_xlow_bw25.json,931,25,40,4,69.5652,0.0,0.031,OPTIMAL
grid_5x5_31,seed_milpsnap_grid5x5_xlow_bw25.json,932,25,40,6,52.1739,0.0,0.549,OPTIMAL
grid_5x5_31,seed_milpsnap_grid5x5_xlow_bw25.json,933,25,40,7,52.1739,0.0,0.423,OPTIMAL
grid_5x5_31,seed_milpsnap_grid5x5_xlow_bw25.json,934,25,40,10,52.1739,0.0,0.534,OPTIMAL
grid_5x5_31,seed_milpsnap_grid5x5_xlow_bw25.json,935,25,40,11,48.6957,0.0,1.108,OPTIMAL
grid_5x5_31,seed_milpsnap_grid5x5_xlow_bw25.json,936,25,40,10,48.6957,0.0,1.356,OPTIMAL
grid_5x5_31,seed_milpsnap_grid5x5_xlow_bw25.json,937,25,40,9,48.6957,0.0,0.814,OPTIMAL
grid_5x5_31,seed_milpsnap_grid5x5_xlow_bw25.json,938,25,40,10,48.6957,0.0,0.793,OPTIMAL
grid_5x5_31,seed_milpsnap_grid5x5_xlow_bw25.json,939,25,40,11,48.6957,0.0,0.721,OPTIMAL
grid_5x5_31,seed_milpsnap_grid5x5_xlow_bw25.json,940,25,40,11,48.6957,0.0,0.957,OPTIMAL
grid_5x5_31,seed_milpsnap_grid5x5_xlow_bw25.json,941,25,40,10,48.6957,0.0,1.029,OPTIMAL
grid_5x5_31,seed_milpsnap_grid5x5_xlow_bw25.json,942,25,40,12,48.6957,0.0,0.869,OPTIMAL
grid_5x5_31,seed_milpsnap_grid5x5_xlow_bw25.json,943,25,40,14,44.3478,0.0,2.479,OPTIMAL
grid_5x5_31,seed_milpsnap_grid5x5_xlow_bw25.json,944,25,40,13,44.3478,0.0,1.521,OPTIMAL
grid_5x5_31,seed_milpsnap_grid5x5_xlow_bw25.json,945,25,40,14,44.3478,0.0,2.597,OPTIMAL
grid_5x5_31,seed_milpsnap_grid5x5_xlow_bw25.json,946,25,40,15,44.3478,0.0,2.85,OPTIMAL
grid_5x5_31,seed_milpsnap_grid5x5_xlow_bw25.json,947,25,40,14,44.3478,0.0,3.57,OPTIMAL
grid_5x5_31,seed_milpsnap_grid5x5_xlow_bw25.json,948,25,40,14,40.8696,0.0,7.787,OPTIMAL
grid_5x5_31,seed_milpsnap_grid5x5_xlow_bw25.json,949,25,40,15,37.3913,0.0,11.333,OPTIMAL
grid_5x5_31,seed_milpsnap_grid5x5_xlow_bw25.json,950,25,40,15,37.3913,0.0,9.717,OPTIMAL
grid_5x5_31,seed_milpsnap_grid5x5_xlow_bw25.json,951,25,40,14,40.8696,0.0,9.978,OPTIMAL
grid_5x5_31,seed_milpsnap_grid5x5_xlow_bw25.json,952,25,40,13,44.3478,0.0,2.161,OPTIMAL
grid_5x5_31,seed_milpsnap_grid5x5_xlow_bw25.json,953,25,40,16,40.8696,0.0,5.298,OPTIMAL
grid_5x5_31,seed_milpsnap_grid5x5_xlow_bw25.json,954,25,40,16,40.8696,0.0,4.571,OPTIMAL
grid_5x5_31,seed_milpsnap_grid5x5_xlow_bw25.json,955,25,40,16,37.3913,0.041666666666666664,60.067,TIME_LIMIT(次佳解)
grid_5x5_31,seed_milpsnap_grid5x5_xlow_bw25.json,956,25,40,17,40.0,0.0,5.84,OPTIMAL
grid_5x5_31,seed_milpsnap_grid5x5_xlow_bw25.json,957,25,40,15,44.3478,0.0,4.693,OPTIMAL
grid_5x5_31,seed_milpsnap_grid5x5_xlow_bw25.json,958,25,40,16,44.3478,0.0,5.662,OPTIMAL
grid_5x5_31,seed_milpsnap_grid5x5_xlow_bw25.json,959,25,40,15,45.2174,0.0,5.689,OPTIMAL
grid_5x5_31,seed_milpsnap_grid5x5_xlow_bw25.json,960,25,40,14,45.2174,0.0,6.932,OPTIMAL
grid_5x5_31,seed_milpsnap_grid5x5_xlow_bw25.json,961,25,40,14,45.2174,0.0,2.606,OPTIMAL
grid_5x5_31,seed_milpsnap_grid5x5_xlow_bw25.json,962,25,40,15,44.3478,0.0,3.465,OPTIMAL
grid_5x5_31,seed_milpsnap_grid5x5_xlow_bw25.json,963,25,40,15,44.3478,0.0,4.512,OPTIMAL
grid_5x5_31,seed_milpsnap_grid5x5_xlow_bw25.json,964,25,40,18,44.3478,0.0,3.767,OPTIMAL
grid_5x5_31,seed_milpsnap_grid5x5_xlow_bw25.json,965,25,40,19,44.3478,0.0,3.289,OPTIMAL
grid_5x5_31,seed_milpsnap_grid5x5_xlow_bw25.json,966,25,40,20,44.3478,0.0,2.617,OPTIMAL
grid_5x5_31,seed_milpsnap_grid5x5_xlow_bw25.json,967,25,40,18,44.3478,0.0,2.994,OPTIMAL
grid_5x5_31,seed_milpsnap_grid5x5_xlow_bw25.json,968,25,40,16,44.3478,0.0,3.037,OPTIMAL
grid_5x5_31,seed_milpsnap_grid5x5_xlow_bw25.json,969,25,40,14,44.3478,0.0,3.575,OPTIMAL
grid_5x5_31,seed_milpsnap_grid5x5_xlow_bw25.json,970,25,40,13,44.3478,0.0,1.555,OPTIMAL
grid_5x5_31,seed_milpsnap_grid5x5_xlow_bw25.json,971,25,40,15,44.3478,0.0,3.354,OPTIMAL
grid_5x5_31,seed_milpsnap_grid5x5_xlow_bw25.json,972,25,40,14,48.6957,0.0,0.649,OPTIMAL
grid_5x5_31,seed_milpsnap_grid5x5_xlow_bw25.json,973,25,40,14,48.6957,0.0,0.814,OPTIMAL
grid_5x5_31,seed_milpsnap_grid5x5_xlow_bw25.json,974,25,40,14,45.2174,0.0,2.117,OPTIMAL
grid_5x5_31,seed_milpsnap_grid5x5_xlow_bw25.json,975,25,40,16,44.3478,0.0,1.528,OPTIMAL
grid_5x5_31,seed_milpsnap_grid5x5_xlow_bw25.json,976,25,40,17,44.3478,0.0,1.733,OPTIMAL
grid_5x5_31,seed_milpsnap_grid5x5_xlow_bw25.json,977,25,40,14,44.3478,0.0,2.87,OPTIMAL
grid_5x5_31,seed_milpsnap_grid5x5_xlow_bw25.json,978,25,40,14,44.3478,0.0,3.08,OPTIMAL
grid_5x5_31,seed_milpsnap_grid5x5_xlow_bw25.json,979,25,40,13,44.3478,0.0,1.652,OPTIMAL
grid_5x5_31,seed_milpsnap_grid5x5_xlow_bw25.json,980,25,40,14,44.3478,0.0,3.134,OPTIMAL
grid_5x5_31,seed_milpsnap_grid5x5_xlow_bw25.json,981,25,40,15,44.3478,0.0,3.01,OPTIMAL
grid_5x5_31,seed_milpsnap_grid5x5_xlow_bw25.json,982,25,40,16,44.3478,0.0,2.236,OPTIMAL
grid_5x5_31,seed_milpsnap_grid5x5_xlow_bw25.json,983,25,40,16,44.3478,0.0,4.27,OPTIMAL
grid_5x5_31,seed_milpsnap_grid5x5_xlow_bw25.json,984,25,40,14,44.3478,0.0,5.83,OPTIMAL
grid_5x5_31,seed_milpsnap_grid5x5_xlow_bw25.json,985,25,40,14,44.3478,0.0,4.58,OPTIMAL
grid_5x5_31,seed_milpsnap_grid5x5_xlow_bw25.json,986,25,40,13,44.3478,0.0,3.375,OPTIMAL
grid_5x5_31,seed_milpsnap_grid5x5_xlow_bw25.json,987,25,40,15,44.3478,0.0,2.753,OPTIMAL
grid_5x5_31,seed_milpsnap_grid5x5_xlow_bw25.json,988,25,40,13,44.3478,0.0,4.784,OPTIMAL
grid_5x5_31,seed_milpsnap_grid5x5_xlow_bw25.json,989,25,40,12,47.8261,0.0,1.158,OPTIMAL
grid_5x5_31,seed_milpsnap_grid5x5_xlow_bw25.json,990,25,40,13,44.3478,0.0,6.05,OPTIMAL
grid_5x5_31,seed_milpsnap_grid5x5_xlow_bw25.json,991,25,40,14,44.3478,0.0,4.1,OPTIMAL
grid_5x5_31,seed_milpsnap_grid5x5_xlow_bw25.json,992,25,40,16,44.3478,0.0,2.717,OPTIMAL
grid_5x5_31,seed_milpsnap_grid5x5_xlow_bw25.json,993,25,40,14,44.3478,0.0,2.433,OPTIMAL
grid_5x5_31,seed_milpsnap_grid5x5_xlow_bw25.json,994,25,40,13,44.3478,0.0,1.668,OPTIMAL
grid_5x5_31,seed_milpsnap_grid5x5_xlow_bw25.json,995,25,40,12,44.3478,0.0,2.403,OPTIMAL
grid_5x5_31,seed_milpsnap_grid5x5_xlow_bw25.json,996,25,40,11,44.3478,0.0,2.05,OPTIMAL
grid_5x5_31,seed_milpsnap_grid5x5_xlow_bw25.json,997,25,40,10,48.6957,0.0,1.149,OPTIMAL
grid_5x5_31,seed_milpsnap_grid5x5_xlow_bw25.json,998,25,40,11,48.6957,0.0,0.913,OPTIMAL
grid_5x5_31,seed_milpsnap_grid5x5_xlow_bw25.json,999,25,40,12,47.8261,0.0,1.879,OPTIMAL
grid_5x5_31,seed_milpsnap_grid5x5_xlow_bw25.json,1000,25,40,9,59.1304,0.0,0.104,OPTIMAL
grid_5x5_31,seed_milpsnap_grid5x5_xlow_bw25.json,1001,25,40,9,59.1304,0.0,0.094,OPTIMAL
grid_5x5_31,seed_milpsnap_grid5x5_xlow_bw25.json,1002,25,40,9,59.1304,0.0,0.068,OPTIMAL
grid_5x5_31,seed_milpsnap_grid5x5_xlow_bw25.json,1003,25,40,9,52.1739,0.0,0.146,OPTIMAL
grid_5x5_31,seed_milpsnap_grid5x5_xlow_bw25.json,1004,25,40,11,48.6957,0.0,0.212,OPTIMAL
grid_5x5_31,seed_milpsnap_grid5x5_xlow_bw25.json,1005,25,40,14,45.2174,0.0,1.465,OPTIMAL
grid_5x5_31,seed_milpsnap_grid5x5_xlow_bw25.json,1006,25,40,15,45.2174,0.0,1.684,OPTIMAL
grid_5x5_31,seed_milpsnap_grid5x5_xlow_bw25.json,1007,25,40,16,44.3478,0.0,1.664,OPTIMAL
grid_5x5_31,seed_milpsnap_grid5x5_xlow_bw25.json,1008,25,40,18,44.3478,0.0,3.066,OPTIMAL
grid_5x5_31,seed_milpsnap_grid5x5_xlow_bw25.json,1009,25,40,19,44.3478,0.0,2.023,OPTIMAL
grid_5x5_31,seed_milpsnap_grid5x5_xlow_bw25.json,1010,25,40,21,40.8696,0.0,3.656,OPTIMAL
grid_5x5_31,seed_milpsnap_grid5x5_xlow_bw25.json,1011,25,40,21,33.913,0.0,14.024,OPTIMAL
grid_5x5_31,seed_milpsnap_grid5x5_xlow_bw25.json,1012,25,40,20,37.3913,0.0,5.428,OPTIMAL
grid_5x5_31,seed_milpsnap_grid5x5_xlow_bw25.json,1013,25,40,19,40.8696,0.0,4.449,OPTIMAL
grid_5x5_31,seed_milpsnap_grid5x5_xlow_bw25.json,1014,25,40,18,40.8696,0.0,3.951,OPTIMAL
grid_5x5_31,seed_milpsnap_grid5x5_xlow_bw25.json,1015,25,40,17,44.3478,0.0,1.799,OPTIMAL
grid_5x5_31,seed_milpsnap_grid5x5_xlow_bw25.json,1016,25,40,17,40.8696,0.0,6.691,OPTIMAL
grid_5x5_31,seed_milpsnap_grid5x5_xlow_bw25.json,1017,25,40,12,45.2174,0.0,4.828,OPTIMAL
grid_5x5_31,seed_milpsnap_grid5x5_xlow_bw25.json,1018,25,40,9,52.1739,0.0,0.376,OPTIMAL
grid_5x5_31,seed_milpsnap_grid5x5_xlow_bw25.json,1019,25,40,10,48.6957,0.0,0.474,OPTIMAL
grid_5x5_31,seed_milpsnap_grid5x5_xlow_bw25.json,1020,25,40,10,48.6957,0.0,0.294,OPTIMAL
grid_5x5_31,seed_milpsnap_grid5x5_xlow_bw25.json,1021,25,40,8,52.1739,0.0,0.133,OPTIMAL
grid_5x5_31,seed_milpsnap_grid5x5_xlow_bw25.json,1022,25,40,9,52.1739,0.0,0.183,OPTIMAL
grid_5x5_31,seed_milpsnap_grid5x5_xlow_bw25.json,1023,25,40,10,52.1739,0.0,0.156,OPTIMAL
grid_5x5_31,seed_milpsnap_grid5x5_xlow_bw25.json,1024,25,40,8,52.1739,0.0,0.159,OPTIMAL
grid_5x5_31,seed_milpsnap_grid5x5_xlow_bw25.json,1025,25,40,7,52.1739,0.0,0.122,OPTIMAL
grid_5x5_31,seed_milpsnap_grid5x5_xlow_bw25.json,1026,25,40,9,52.1739,0.0,0.121,OPTIMAL
grid_5x5_31,seed_milpsnap_grid5x5_xlow_bw25.json,1027,25,40,10,52.1739,0.0,0.135,OPTIMAL
grid_5x5_31,seed_milpsnap_grid5x5_xlow_bw25.json,1028,25,40,12,52.1739,0.0,0.137,OPTIMAL
grid_5x5_31,seed_milpsnap_grid5x5_xlow_bw25.json,1029,25,40,12,52.1739,0.0,0.137,OPTIMAL
grid_5x5_31,seed_milpsnap_grid5x5_xlow_bw25.json,1030,25,40,13,48.6957,0.0,0.202,OPTIMAL
grid_5x5_31,seed_milpsnap_grid5x5_xlow_bw25.json,1031,25,40,13,48.6957,0.0,0.272,OPTIMAL
grid_5x5_31,seed_milpsnap_grid5x5_xlow_bw25.json,1032,25,40,18,37.3913,0.0,5.358,OPTIMAL
grid_5x5_31,seed_milpsnap_grid5x5_xlow_bw25.json,1033,25,40,20,37.3913,0.0,3.85,OPTIMAL
grid_5x5_31,seed_milpsnap_grid5x5_xlow_bw25.json,1034,25,40,18,40.8696,0.0,3.09,OPTIMAL
grid_5x5_31,seed_milpsnap_grid5x5_xlow_bw25.json,1035,25,40,17,44.3478,0.0,0.981,OPTIMAL
grid_5x5_31,seed_milpsnap_grid5x5_xlow_bw25.json,1036,25,40,18,36.5217,0.0,5.277,OPTIMAL
grid_5x5_31,seed_milpsnap_grid5x5_xlow_bw25.json,1037,25,40,1,73.0435,0.0,0.021,OPTIMAL
grid_5x5_31,seed_milpsnap_grid5x5_xlow_bw25.json,1038,25,40,4,59.1304,0.0,0.095,OPTIMAL
grid_5x5_31,seed_milpsnap_grid5x5_xlow_bw25.json,1039,25,40,6,55.6522,0.0,0.167,OPTIMAL
grid_5x5_31,seed_milpsnap_grid5x5_xlow_bw25.json,1040,25,40,7,55.6522,0.0,0.204,OPTIMAL
grid_5x5_31,seed_milpsnap_grid5x5_xlow_bw25.json,1041,25,40,8,52.1739,0.0,0.791,OPTIMAL
grid_5x5_31,seed_milpsnap_grid5x5_xlow_bw25.json,1042,25,40,9,48.6957,0.0,2.119,OPTIMAL
grid_5x5_31,seed_milpsnap_grid5x5_xlow_bw25.json,1043,25,40,10,45.2174,0.0,4.103,OPTIMAL
grid_5x5_31,seed_milpsnap_grid5x5_xlow_bw25.json,1044,25,40,9,48.6957,0.0,1.07,OPTIMAL
grid_5x5_31,seed_milpsnap_grid5x5_xlow_bw25.json,1045,25,40,11,44.3478,0.0,5.405,OPTIMAL
grid_5x5_31,seed_milpsnap_grid5x5_xlow_bw25.json,1046,25,40,12,44.3478,0.0,3.082,OPTIMAL
grid_5x5_31,seed_milpsnap_grid5x5_xlow_bw25.json,1047,25,40,13,44.3478,0.0,2.835,OPTIMAL
grid_5x5_31,seed_milpsnap_grid5x5_xlow_bw25.json,1048,25,40,14,44.3478,0.0,3.539,OPTIMAL
grid_5x5_31,seed_milpsnap_grid5x5_xlow_bw25.json,1049,25,40,12,44.3478,0.0,2.383,OPTIMAL
grid_5x5_31,seed_milpsnap_grid5x5_xlow_bw25.json,1050,25,40,10,45.2174,0.0,2.967,OPTIMAL
grid_5x5_31,seed_milpsnap_grid5x5_xlow_bw25.json,1051,25,40,11,45.2174,0.0,3.515,OPTIMAL
grid_5x5_31,seed_milpsnap_grid5x5_xlow_bw25.json,1052,25,40,10,48.6957,0.0,2.876,OPTIMAL
grid_5x5_31,seed_milpsnap_grid5x5_xlow_bw25.json,1053,25,40,10,45.2174,0.0,2.591,OPTIMAL
grid_5x5_31,seed_milpsnap_grid5x5_xlow_bw25.json,1054,25,40,9,52.1739,0.0,0.623,OPTIMAL
grid_5x5_31,seed_milpsnap_grid5x5_xlow_bw25.json,1055,25,40,8,52.1739,0.0,0.448,OPTIMAL
grid_5x5_31,seed_milpsnap_grid5x5_xlow_bw25.json,1056,25,40,8,48.6957,0.0,0.601,OPTIMAL
grid_5x5_31,seed_milpsnap_grid5x5_xlow_bw25.json,1057,25,40,8,48.6957,0.0,0.624,OPTIMAL
grid_5x5_31,seed_milpsnap_grid5x5_xlow_bw25.json,1058,25,40,7,52.1739,0.0,0.174,OPTIMAL
grid_5x5_31,seed_milpsnap_grid5x5_xlow_bw25.json,1059,25,40,8,52.1739,0.0,0.106,OPTIMAL
grid_5x5_31,seed_milpsnap_grid5x5_xlow_bw25.json,1060,25,40,10,55.6522,0.0,0.113,OPTIMAL
grid_5x5_31,seed_milpsnap_grid5x5_xlow_bw25.json,1061,25,40,12,45.2174,0.0,1.984,OPTIMAL
grid_5x5_31,seed_milpsnap_grid5x5_xlow_bw25.json,1062,25,40,14,44.3478,0.0,2.802,OPTIMAL
grid_5x5_31,seed_milpsnap_grid5x5_xlow_bw25.json,1063,25,40,15,44.3478,0.0,2.846,OPTIMAL
grid_5x5_31,seed_milpsnap_grid5x5_xlow_bw25.json,1064,25,40,14,44.3478,0.0,1.8,OPTIMAL
grid_5x5_31,seed_milpsnap_grid5x5_xlow_bw25.json,1065,25,40,16,44.3478,0.0,1.349,OPTIMAL
grid_5x5_31,seed_milpsnap_grid5x5_xlow_bw25.json,1066,25,40,17,44.3478,0.0,1.007,OPTIMAL
grid_5x5_31,seed_milpsnap_grid5x5_xlow_bw25.json,1067,25,40,16,44.3478,0.0,1.942,OPTIMAL
grid_5x5_31,seed_milpsnap_grid5x5_xlow_bw25.json,1068,25,40,17,44.3478,0.0,3.033,OPTIMAL
grid_5x5_31,seed_milpsnap_grid5x5_xlow_bw25.json,1069,25,40,18,44.3478,0.0,2.218,OPTIMAL
grid_5x5_31,seed_milpsnap_grid5x5_xlow_bw25.json,1070,25,40,16,45.2174,0.0,2.563,OPTIMAL
grid_5x5_31,seed_milpsnap_grid5x5_xlow_bw25.json,1071,25,40,15,45.2174,0.0,2.968,OPTIMAL
grid_5x5_31,seed_milpsnap_grid5x5_xlow_bw25.json,1072,25,40,17,45.2174,0.0,2.278,OPTIMAL
grid_5x5_31,seed_milpsnap_grid5x5_xlow_bw25.json,1073,25,40,18,45.2174,0.0,2.61,OPTIMAL
grid_5x5_31,seed_milpsnap_grid5x5_xlow_bw25.json,1074,25,40,16,45.2174,0.0,2.18,OPTIMAL
grid_5x5_31,seed_milpsnap_grid5x5_xlow_bw25.json,1075,25,40,16,44.3478,0.0,3.151,OPTIMAL
grid_5x5_31,seed_milpsnap_grid5x5_xlow_bw25.json,1076,25,40,15,44.3478,0.0,3.24,OPTIMAL
grid_5x5_31,seed_milpsnap_grid5x5_xlow_bw25.json,1077,25,40,16,44.3478,0.0,3.824,OPTIMAL
grid_5x5_31,seed_milpsnap_grid5x5_xlow_bw25.json,1078,25,40,14,45.2174,0.0,1.539,OPTIMAL
grid_5x5_31,seed_milpsnap_grid5x5_xlow_bw25.json,1079,25,40,16,44.3478,0.0,2.886,OPTIMAL
grid_5x5_31,seed_milpsnap_grid5x5_xlow_bw25.json,1080,25,40,16,44.3478,0.0,2.763,OPTIMAL
grid_5x5_31,seed_milpsnap_grid5x5_xlow_bw25.json,1081,25,40,15,45.2174,0.0,1.581,OPTIMAL
grid_5x5_31,seed_milpsnap_grid5x5_xlow_bw25.json,1082,25,40,14,45.2174,0.0,1.221,OPTIMAL
grid_5x5_31,seed_milpsnap_grid5x5_xlow_bw25.json,1083,25,40,17,44.3478,0.0,1.157,OPTIMAL
grid_5x5_31,seed_milpsnap_grid5x5_xlow_bw25.json,1084,25,40,19,37.3913,0.0,11.565,OPTIMAL
grid_5x5_31,seed_milpsnap_grid5x5_xlow_bw25.json,1085,25,40,17,44.3478,0.0,1.833,OPTIMAL
grid_5x5_31,seed_milpsnap_grid5x5_xlow_bw25.json,1086,25,40,15,44.3478,0.0,2.659,OPTIMAL
grid_5x5_31,seed_milpsnap_grid5x5_xlow_bw25.json,1087,25,40,15,44.3478,0.0,2.111,OPTIMAL
grid_5x5_31,seed_milpsnap_grid5x5_xlow_bw25.json,1088,25,40,14,44.3478,0.0,2.242,OPTIMAL
grid_5x5_31,seed_milpsnap_grid5x5_xlow_bw25.json,1089,25,40,14,45.2174,0.0,2.374,OPTIMAL
grid_5x5_31,seed_milpsnap_grid5x5_xlow_bw25.json,1090,25,40,15,45.2174,0.0,2.064,OPTIMAL
grid_5x5_31,seed_milpsnap_grid5x5_xlow_bw25.json,1091,25,40,15,44.3478,0.0,3.462,OPTIMAL
grid_5x5_31,seed_milpsnap_grid5x5_xlow_bw25.json,1092,25,40,15,44.3478,0.0,1.792,OPTIMAL
grid_5x5_31,seed_milpsnap_grid5x5_xlow_bw25.json,1093,25,40,17,44.3478,0.0,2.329,OPTIMAL
grid_5x5_31,seed_milpsnap_grid5x5_xlow_bw25.json,1094,25,40,16,44.3478,0.0,1.815,OPTIMAL
grid_5x5_31,seed_milpsnap_grid5x5_xlow_bw25.json,1095,25,40,16,44.3478,0.0,1.219,OPTIMAL
grid_5x5_31,seed_milpsnap_grid5x5_xlow_bw25.json,1096,25,40,13,44.3478,0.0,2.724,OPTIMAL
grid_5x5_31,seed_milpsnap_grid5x5_xlow_bw25.json,1097,25,40,12,45.2174,0.0,2.191,OPTIMAL
grid_5x5_31,seed_milpsnap_grid5x5_xlow_bw25.json,1098,25,40,13,44.3478,0.0,4.374,OPTIMAL
grid_5x5_31,seed_milpsnap_grid5x5_xlow_bw25.json,1099,25,40,12,44.3478,0.0,3.438,OPTIMAL
grid_5x5_31,seed_milpsnap_grid5x5_xlow_bw25.json,1100,25,40,10,52.1739,0.0,0.361,OPTIMAL
grid_5x5_31,seed_milpsnap_grid5x5_xlow_bw25.json,1101,25,40,11,52.1739,0.0,0.201,OPTIMAL
grid_5x5_31,seed_milpsnap_grid5x5_xlow_bw25.json,1102,25,40,10,52.1739,0.0,0.173,OPTIMAL
grid_5x5_31,seed_milpsnap_grid5x5_xlow_bw25.json,1103,25,40,14,45.2174,0.0,2.387,OPTIMAL
grid_5x5_31,seed_milpsnap_grid5x5_xlow_bw25.json,1104,25,40,14,44.3478,0.0,3.816,OPTIMAL
grid_5x5_31,seed_milpsnap_grid5x5_xlow_bw25.json,1105,25,40,15,44.3478,0.0,3.244,OPTIMAL
grid_5x5_31,seed_milpsnap_grid5x5_xlow_bw25.json,1106,25,40,14,44.3478,0.0,2.802,OPTIMAL
grid_5x5_31,seed_milpsnap_grid5x5_xlow_bw25.json,1107,25,40,17,44.3478,0.0,2.483,OPTIMAL
grid_5x5_31,seed_milpsnap_grid5x5_xlow_bw25.json,1108,25,40,20,33.913,0.0,13.049,OPTIMAL
grid_5x5_31,seed_milpsnap_grid5x5_xlow_bw25.json,1109,25,40,20,33.913,0.0,12.32,OPTIMAL
grid_5x5_31,seed_milpsnap_grid5x5_xlow_bw25.json,1110,25,40,21,33.0435,0.0,20.55,OPTIMAL
grid_5x5_31,seed_milpsnap_grid5x5_xlow_bw25.json,1111,25,40,20,37.3913,0.0,6.649,OPTIMAL
grid_5x5_31,seed_milpsnap_grid5x5_xlow_bw25.json,1112,25,40,16,44.3478,0.0,4.112,OPTIMAL
grid_5x5_31,seed_milpsnap_grid5x5_xlow_bw25.json,1113,25,40,17,44.3478,0.0,4.567,OPTIMAL
grid_5x5_31,seed_milpsnap_grid5x5_xlow_bw25.json,1114,25,40,16,44.3478,0.0,3.716,OPTIMAL
grid_5x5_31,seed_milpsnap_grid5x5_xlow_bw25.json,1115,25,40,18,40.8696,0.0,16.484,OPTIMAL
grid_5x5_31,seed_milpsnap_grid5x5_xlow_bw25.json,1116,25,40,21,37.3913,0.0,6.377,OPTIMAL
grid_5x5_31,seed_milpsnap_grid5x5_xlow_bw25.json,1117,25,40,18,44.3478,0.0,1.871,OPTIMAL
grid_5x5_31,seed_milpsnap_grid5x5_xlow_bw25.json,1118,25,40,16,44.3478,0.0,2.243,OPTIMAL
grid_5x5_31,seed_milpsnap_grid5x5_xlow_bw25.json,1119,25,40,15,44.3478,0.0,2.392,OPTIMAL
grid_5x5_31,seed_milpsnap_grid5x5_xlow_bw25.json,1120,25,40,15,44.3478,0.0,3.285,OPTIMAL
grid_5x5_31,seed_milpsnap_grid5x5_xlow_bw25.json,1121,25,40,16,44.3478,0.0,3.054,OPTIMAL
grid_5x5_31,seed_milpsnap_grid5x5_xlow_bw25.json,1122,25,40,18,40.8696,0.0,4.632,OPTIMAL
grid_5x5_31,seed_milpsnap_grid5x5_xlow_bw25.json,1123,25,40,20,40.0,0.0,5.643,OPTIMAL
grid_5x5_31,seed_milpsnap_grid5x5_xlow_bw25.json,1124,25,40,19,40.8696,0.0,5.877,OPTIMAL
grid_5x5_31,seed_milpsnap_grid5x5_xlow_bw25.json,1125,25,40,21,37.3913,0.0,11.111,OPTIMAL
grid_5x5_31,seed_milpsnap_grid5x5_xlow_bw25.json,1126,25,40,26,28.6957,0.0,22.88,OPTIMAL
grid_5x5_31,seed_milpsnap_grid5x5_xlow_bw25.json,1127,25,40,23,33.0435,0.0,12.76,OPTIMAL
grid_5x5_31,seed_milpsnap_grid5x5_xlow_bw25.json,1128,25,40,22,37.3913,0.0,6.538,OPTIMAL
grid_5x5_31,seed_milpsnap_grid5x5_xlow_bw25.json,1129,25,40,24,32.1739,0.0,16.567,OPTIMAL
grid_5x5_31,seed_milpsnap_grid5x5_xlow_bw25.json,1130,25,40,22,33.913,0.0,18.216,OPTIMAL
grid_5x5_31,seed_milpsnap_grid5x5_xlow_bw25.json,1131,25,40,19,36.5217,0.0,7.806,OPTIMAL
grid_5x5_31,seed_milpsnap_grid5x5_xlow_bw25.json,1132,25,40,19,40.8696,0.0,4.933,OPTIMAL
grid_5x5_31,seed_milpsnap_grid5x5_xlow_bw25.json,1133,25,40,17,40.8696,0.0,6.13,OPTIMAL
grid_5x5_31,seed_milpsnap_grid5x5_xlow_bw25.json,1134,25,40,19,40.8696,0.0,7.104,OPTIMAL
grid_5x5_31,seed_milpsnap_grid5x5_xlow_bw25.json,1135,25,40,21,40.0,0.0,6.802,OPTIMAL
grid_5x5_31,seed_milpsnap_grid5x5_xlow_bw25.json,1136,25,40,22,36.5217,0.0,6.386,OPTIMAL
grid_5x5_31,seed_milpsnap_grid5x5_xlow_bw25.json,1137,25,40,20,44.3478,0.0,3.76,OPTIMAL
grid_5x5_31,seed_milpsnap_grid5x5_xlow_bw25.json,1138,25,40,20,44.3478,0.0,2.557,OPTIMAL
grid_5x5_31,seed_milpsnap_grid5x5_xlow_bw25.json,1139,25,40,21,36.5217,0.0,5.943,OPTIMAL
grid_5x5_31,seed_milpsnap_grid5x5_xlow_bw25.json,1140,25,40,19,44.3478,0.0,2.754,OPTIMAL
grid_5x5_31,seed_milpsnap_grid5x5_xlow_bw25.json,1141,25,40,14,44.3478,0.0,1.077,OPTIMAL
grid_5x5_31,seed_milpsnap_grid5x5_xlow_bw25.json,1142,25,40,15,44.3478,0.0,1.281,OPTIMAL
grid_5x5_31,seed_milpsnap_grid5x5_xlow_bw25.json,1143,25,40,16,44.3478,0.0,0.625,OPTIMAL
grid_5x5_31,seed_milpsnap_grid5x5_xlow_bw25.json,1144,25,40,17,45.2174,0.0,0.73,OPTIMAL
grid_5x5_31,seed_milpsnap_grid5x5_xlow_bw25.json,1145,25,40,16,45.2174,0.0,0.649,OPTIMAL
grid_5x5_31,seed_milpsnap_grid5x5_xlow_bw25.json,1146,25,40,18,44.3478,0.0,0.724,OPTIMAL
grid_5x5_31,seed_milpsnap_grid5x5_xlow_bw25.json,1147,25,40,16,44.3478,0.0,0.683,OPTIMAL
grid_5x5_31,seed_milpsnap_grid5x5_xlow_bw25.json,1148,25,40,16,44.3478,0.0,3.191,OPTIMAL
grid_5x5_31,seed_milpsnap_grid5x5_xlow_bw25.json,1149,25,40,14,45.2174,0.0,1.82,OPTIMAL
grid_5x5_31,seed_milpsnap_grid5x5_xlow_bw25.json,1150,25,40,15,44.3478,0.0,2.377,OPTIMAL
grid_5x5_31,seed_milpsnap_grid5x5_xlow_bw25.json,1151,25,40,14,44.3478,0.0,3.33,OPTIMAL
grid_5x5_31,seed_milpsnap_grid5x5_xlow_bw25.json,1152,25,40,15,44.3478,0.0,3.183,OPTIMAL
grid_5x5_31,seed_milpsnap_grid5x5_xlow_bw25.json,1153,25,40,17,44.3478,0.0,2.976,OPTIMAL
grid_5x5_31,seed_milpsnap_grid5x5_xlow_bw25.json,1154,25,40,16,44.3478,0.0,4.923,OPTIMAL
grid_5x5_31,seed_milpsnap_grid5x5_xlow_bw25.json,1155,25,40,14,44.3478,0.0,3.876,OPTIMAL
grid_5x5_31,seed_milpsnap_grid5x5_xlow_bw25.json,1156,25,40,14,44.3478,0.0,2.417,OPTIMAL
grid_5x5_31,seed_milpsnap_grid5x5_xlow_bw25.json,1157,25,40,1,80.0,0.0,0.0,OPTIMAL
grid_5x5_31,seed_milpsnap_grid5x5_xlow_bw25.json,1158,25,40,3,76.5217,0.0,0.036,OPTIMAL
grid_5x5_31,seed_milpsnap_grid5x5_xlow_bw25.json,1159,25,40,4,73.0435,0.0,0.03,OPTIMAL
grid_5x5_31,seed_milpsnap_grid5x5_xlow_bw25.json,1160,25,40,7,52.1739,0.0,0.201,OPTIMAL
grid_5x5_31,seed_milpsnap_grid5x5_xlow_bw25.json,1161,25,40,9,52.1739,0.0,0.125,OPTIMAL
grid_5x5_31,seed_milpsnap_grid5x5_xlow_bw25.json,1162,25,40,10,48.6957,0.0,0.374,OPTIMAL
grid_5x5_31,seed_milpsnap_grid5x5_xlow_bw25.json,1163,25,40,12,48.6957,0.0,0.334,OPTIMAL
grid_5x5_31,seed_milpsnap_grid5x5_xlow_bw25.json,1164,25,40,15,45.2174,0.0,0.972,OPTIMAL
grid_5x5_31,seed_milpsnap_grid5x5_xlow_bw25.json,1165,25,40,16,44.3478,0.0,1.528,OPTIMAL
grid_5x5_31,seed_milpsnap_grid5x5_xlow_bw25.json,1166,25,40,18,40.8696,0.0,3.563,OPTIMAL
grid_5x5_31,seed_milpsnap_grid5x5_xlow_bw25.json,1167,25,40,19,37.3913,0.0,5.297,OPTIMAL
grid_5x5_31,seed_milpsnap_grid5x5_xlow_bw25.json,1168,25,40,18,40.8696,0.0,2.739,OPTIMAL
grid_5x5_31,seed_milpsnap_grid5x5_xlow_bw25.json,1169,25,40,19,37.3913,0.0,4.195,OPTIMAL
grid_5x5_31,seed_milpsnap_grid5x5_xlow_bw25.json,1170,25,40,16,44.3478,0.0,2.763,OPTIMAL
grid_5x5_31,seed_milpsnap_grid5x5_xlow_bw25.json,1171,25,40,17,44.3478,0.0,2.6,OPTIMAL
grid_5x5_31,seed_milpsnap_grid5x5_xlow_bw25.json,1172,25,40,16,44.3478,0.0,1.754,OPTIMAL
grid_5x5_31,seed_milpsnap_grid5x5_xlow_bw25.json,1173,25,40,15,44.3478,0.0,3.541,OPTIMAL
grid_5x5_31,seed_milpsnap_grid5x5_xlow_bw25.json,1174,25,40,16,44.3478,0.0,2.82,OPTIMAL
grid_5x5_31,seed_milpsnap_grid5x5_xlow_bw25.json,1175,25,40,18,37.3913,0.0,20.331,OPTIMAL
grid_5x5_31,seed_milpsnap_grid5x5_xlow_bw25.json,1176,25,40,17,37.3913,0.0,13.895,OPTIMAL
grid_5x5_31,seed_milpsnap_grid5x5_xlow_bw25.json,1177,25,40,14,44.3478,0.0,2.25,OPTIMAL
grid_5x5_31,seed_milpsnap_grid5x5_xlow_bw25.json,1178,25,40,14,44.3478,0.0,3.079,OPTIMAL
grid_5x5_31,seed_milpsnap_grid5x5_xlow_bw25.json,1179,25,40,13,44.3478,0.0,2.048,OPTIMAL
grid_5x5_31,seed_milpsnap_grid5x5_xlow_bw25.json,1180,25,40,12,44.3478,0.0,1.754,OPTIMAL
grid_5x5_31,seed_milpsnap_grid5x5_xlow_bw25.json,1181,25,40,12,44.3478,0.0,1.438,OPTIMAL
grid_5x5_31,seed_milpsnap_grid5x5_xlow_bw25.json,1182,25,40,11,48.6957,0.0,0.435,OPTIMAL
grid_5x5_31,seed_milpsnap_grid5x5_xlow_bw25.json,1183,25,40,14,44.3478,0.0,2.754,OPTIMAL
grid_5x5_31,seed_milpsnap_grid5x5_xlow_bw25.json,1184,25,40,17,44.3478,0.0,3.474,OPTIMAL
grid_5x5_31,seed_milpsnap_grid5x5_xlow_bw25.json,1185,25,40,17,40.8696,0.0,8.687,OPTIMAL
grid_5x5_31,seed_milpsnap_grid5x5_xlow_bw25.json,1186,25,40,16,44.3478,0.0,4.308,OPTIMAL
grid_5x5_31,seed_milpsnap_grid5x5_xlow_bw25.json,1187,25,40,15,44.3478,0.0,4.259,OPTIMAL
grid_5x5_31,seed_milpsnap_grid5x5_xlow_bw25.json,1188,25,40,13,47.8261,0.0,2.378,OPTIMAL
grid_5x5_31,seed_milpsnap_grid5x5_xlow_bw25.json,1189,25,40,14,44.3478,0.0,2.787,OPTIMAL
grid_5x5_31,seed_milpsnap_grid5x5_xlow_bw25.json,1190,25,40,14,44.3478,0.0,3.215,OPTIMAL
grid_5x5_31,seed_milpsnap_grid5x5_xlow_bw25.json,1191,25,40,17,44.3478,0.0,3.102,OPTIMAL
grid_5x5_31,seed_milpsnap_grid5x5_xlow_bw25.json,1192,25,40,18,33.913,0.0,29.661,OPTIMAL
grid_5x5_31,seed_milpsnap_grid5x5_xlow_bw25.json,1193,25,40,19,30.4348,0.0,26.389,OPTIMAL
grid_5x5_31,seed_milpsnap_grid5x5_xlow_bw25.json,1194,25,40,19,29.5652,0.0,42.909,OPTIMAL
grid_5x5_31,seed_milpsnap_grid5x5_xlow_bw25.json,1195,25,40,18,33.0435,0.0,20.482,OPTIMAL
grid_5x5_31,seed_milpsnap_grid5x5_xlow_bw25.json,1196,25,40,17,33.913,0.0,11.761,OPTIMAL
grid_5x5_31,seed_milpsnap_grid5x5_xlow_bw25.json,1197,25,40,15,44.3478,0.0,1.595,OPTIMAL
grid_5x5_31,seed_milpsnap_grid5x5_xlow_bw25.json,1198,25,40,14,44.3478,0.0,2.531,OPTIMAL
grid_5x5_31,seed_milpsnap_grid5x5_xlow_bw25.json,1199,25,40,16,33.913,0.0,46.434,OPTIMAL
grid_5x5_31,seed_milpsnap_grid5x5_xlow_bw25.json,1200,25,40,18,28.6957,0.0,30.177,OPTIMAL
grid_5x5_31,seed_milpsnap_grid5x5_xlow_bw25.json,1201,25,40,17,33.0435,0.0,14.74,OPTIMAL
grid_5x5_31,seed_milpsnap_grid5x5_xlow_bw25.json,1202,25,40,17,33.913,0.06578947368421052,60.076,TIME_LIMIT(次佳解)
grid_5x5_31,seed_milpsnap_grid5x5_xlow_bw25.json,1203,25,40,20,29.5652,0.0,44.777,OPTIMAL
grid_5x5_31,seed_milpsnap_grid5x5_xlow_bw25.json,1204,25,40,16,40.8696,0.0,3.721,OPTIMAL
grid_5x5_31,seed_milpsnap_grid5x5_xlow_bw25.json,1205,25,40,16,37.3913,0.0,5.917,OPTIMAL
grid_5x5_31,seed_milpsnap_grid5x5_xlow_bw25.json,1206,25,40,16,40.8696,0.0,2.802,OPTIMAL
grid_5x5_31,seed_milpsnap_grid5x5_xlow_bw25.json,1207,25,40,15,44.3478,0.0,1.834,OPTIMAL
grid_5x5_31,seed_milpsnap_grid5x5_xlow_bw25.json,1208,25,40,13,44.3478,0.0,1.487,OPTIMAL
grid_5x5_31,seed_milpsnap_grid5x5_xlow_bw25.json,1209,25,40,14,44.3478,0.0,2.56,OPTIMAL
grid_5x5_31,seed_milpsnap_grid5x5_xlow_bw25.json,1210,25,40,15,44.3478,0.0,1.793,OPTIMAL
grid_5x5_31,seed_milpsnap_grid5x5_xlow_bw25.json,1211,25,40,15,45.2174,0.0,2.184,OPTIMAL
grid_5x5_31,seed_milpsnap_grid5x5_xlow_bw25.json,1212,25,40,16,44.3478,0.0,2.078,OPTIMAL
grid_5x5_31,seed_milpsnap_grid5x5_xlow_bw25.json,1213,25,40,17,44.3478,0.0,2.329,OPTIMAL
grid_5x5_31,seed_milpsnap_grid5x5_xlow_bw25.json,1214,25,40,18,44.3478,0.0,2.308,OPTIMAL
grid_5x5_31,seed_milpsnap_grid5x5_xlow_bw25.json,1215,25,40,17,44.3478,0.0,2.018,OPTIMAL
grid_5x5_31,seed_milpsnap_grid5x5_xlow_bw25.json,1216,25,40,16,44.3478,0.0,2.312,OPTIMAL
grid_5x5_31,seed_milpsnap_grid5x5_xlow_bw25.json,1217,25,40,18,44.3478,0.0,2.59,OPTIMAL
grid_5x5_31,seed_milpsnap_grid5x5_xlow_bw25.json,1218,25,40,19,44.3478,0.0,1.827,OPTIMAL
grid_5x5_31,seed_milpsnap_grid5x5_xlow_bw25.json,1219,25,40,18,44.3478,0.0,2.121,OPTIMAL
grid_5x5_31,seed_milpsnap_grid5x5_xlow_bw25.json,1220,25,40,19,44.3478,0.0,1.656,OPTIMAL
grid_5x5_31,seed_milpsnap_grid5x5_xlow_bw25.json,1221,25,40,17,44.3478,0.0,2.068,OPTIMAL
grid_5x5_31,seed_milpsnap_grid5x5_xlow_bw25.json,1222,25,40,18,44.3478,0.0,1.706,OPTIMAL
grid_5x5_31,seed_milpsnap_grid5x5_xlow_bw25.json,1223,25,40,19,44.3478,0.0,1.739,OPTIMAL
grid_5x5_31,seed_milpsnap_grid5x5_xlow_bw25.json,1224,25,40,17,44.3478,0.0,1.668,OPTIMAL
grid_5x5_31,seed_milpsnap_grid5x5_xlow_bw25.json,1225,25,40,16,44.3478,0.0,2.595,OPTIMAL
grid_5x5_31,seed_milpsnap_grid5x5_xlow_bw25.json,1226,25,40,15,44.3478,0.0,3.029,OPTIMAL
grid_5x5_31,seed_milpsnap_grid5x5_xlow_bw25.json,1227,25,40,16,44.3478,0.0,2.767,OPTIMAL
grid_5x5_31,seed_milpsnap_grid5x5_xlow_bw25.json,1228,25,40,15,44.3478,0.0,3.052,OPTIMAL
grid_5x5_31,seed_milpsnap_grid5x5_xlow_bw25.json,1229,25,40,13,44.3478,0.0,3.06,OPTIMAL
grid_5x5_31,seed_milpsnap_grid5x5_xlow_bw25.json,1230,25,40,10,48.6957,0.0,0.734,OPTIMAL
grid_5x5_31,seed_milpsnap_grid5x5_xlow_bw25.json,1231,25,40,9,48.6957,0.0,0.587,OPTIMAL
grid_5x5_31,seed_milpsnap_grid5x5_xlow_bw25.json,1232,25,40,9,48.6957,0.0,0.632,OPTIMAL
grid_5x5_31,seed_milpsnap_grid5x5_xlow_bw25.json,1233,25,40,11,45.2174,0.0,1.794,OPTIMAL
grid_5x5_31,seed_milpsnap_grid5x5_xlow_bw25.json,1234,25,40,13,44.3478,0.0,1.604,OPTIMAL
grid_5x5_31,seed_milpsnap_grid5x5_xlow_bw25.json,1235,25,40,14,44.3478,0.0,4.044,OPTIMAL
grid_5x5_31,seed_milpsnap_grid5x5_xlow_bw25.json,1236,25,40,15,44.3478,0.0,4.702,OPTIMAL
grid_5x5_31,seed_milpsnap_grid5x5_xlow_bw25.json,1237,25,40,16,44.3478,0.0,3.973,OPTIMAL
grid_5x5_31,seed_milpsnap_grid5x5_xlow_bw25.json,1238,25,40,18,44.3478,0.0,3.542,OPTIMAL
grid_5x5_31,seed_milpsnap_grid5x5_xlow_bw25.json,1239,25,40,17,44.3478,0.0,3.377,OPTIMAL
grid_5x5_31,seed_milpsnap_grid5x5_xlow_bw25.json,1240,25,40,17,44.3478,0.0,3.603,OPTIMAL
grid_5x5_31,seed_milpsnap_grid5x5_xlow_bw25.json,1241,25,40,18,44.3478,0.0,3.806,OPTIMAL
grid_5x5_31,seed_milpsnap_grid5x5_xlow_bw25.json,1242,25,40,18,40.8696,0.0,5.92,OPTIMAL
grid_5x5_31,seed_milpsnap_grid5x5_xlow_bw25.json,1243,25,40,19,40.8696,0.0,4.334,OPTIMAL
grid_5x5_31,seed_milpsnap_grid5x5_xlow_bw25.json,1244,25,40,20,40.8696,0.0,5.399,OPTIMAL
grid_5x5_31,seed_milpsnap_grid5x5_xlow_bw25.json,1245,25,40,19,40.8696,0.0,6.454,OPTIMAL
grid_5x5_31,seed_milpsnap_grid5x5_xlow_bw25.json,1246,25,40,19,40.8696,0.0,3.771,OPTIMAL
grid_5x5_31,seed_milpsnap_grid5x5_xlow_bw25.json,1247,25,40,17,44.3478,0.0,3.838,OPTIMAL
grid_5x5_31,seed_milpsnap_grid5x5_xlow_bw25.json,1248,25,40,18,44.3478,0.0,2.879,OPTIMAL
grid_5x5_31,seed_milpsnap_grid5x5_xlow_bw25.json,1249,25,40,19,40.8696,0.0,5.752,OPTIMAL
grid_5x5_31,seed_milpsnap_grid5x5_xlow_bw25.json,1250,25,40,21,40.0,0.0,4.514,OPTIMAL
grid_5x5_31,seed_milpsnap_grid5x5_xlow_bw25.json,1251,25,40,23,33.913,0.0,7.866,OPTIMAL
grid_5x5_31,seed_milpsnap_grid5x5_xlow_bw25.json,1252,25,40,23,33.0435,0.0,17.288,OPTIMAL
grid_5x5_31,seed_milpsnap_grid5x5_xlow_bw25.json,1253,25,40,23,33.0435,0.0,22.609,OPTIMAL
grid_5x5_31,seed_milpsnap_grid5x5_xlow_bw25.json,1254,25,40,22,36.5217,0.0,8.599,OPTIMAL
grid_5x5_31,seed_milpsnap_grid5x5_xlow_bw25.json,1255,25,40,23,33.0435,0.0,15.996,OPTIMAL
grid_5x5_31,seed_milpsnap_grid5x5_xlow_bw25.json,1256,25,40,25,29.5652,0.0,28.615,OPTIMAL
grid_5x5_31,seed_milpsnap_grid5x5_xlow_bw25.json,1257,25,40,27,28.6957,0.0,37.91,OPTIMAL
grid_5x5_31,seed_milpsnap_grid5x5_xlow_bw25.json,1258,25,40,25,33.0435,0.0,15.053,OPTIMAL
grid_5x5_31,seed_milpsnap_grid5x5_xlow_bw25.json,1259,25,40,26,33.0435,0.0,11.905,OPTIMAL
grid_5x5_31,seed_milpsnap_grid5x5_xlow_bw25.json,1260,25,40,25,33.0435,0.0,24.601,OPTIMAL
grid_5x5_31,seed_milpsnap_grid5x5_xlow_bw25.json,1261,25,40,25,33.0435,0.0,15.479,OPTIMAL
grid_5x5_31,seed_milpsnap_grid5x5_xlow_bw25.json,1262,25,40,25,33.0435,0.0,20.385,OPTIMAL
grid_5x5_31,seed_milpsnap_grid5x5_xlow_bw25.json,1263,25,40,22,37.3913,0.0,8.437,OPTIMAL
grid_5x5_31,seed_milpsnap_grid5x5_xlow_bw25.json,1264,25,40,24,33.913,0.0,9.766,OPTIMAL
grid_5x5_31,seed_milpsnap_grid5x5_xlow_bw25.json,1265,25,40,23,33.0435,0.0,10.325,OPTIMAL
grid_5x5_31,seed_milpsnap_grid5x5_xlow_bw25.json,1266,25,40,21,33.0435,0.0,11.608,OPTIMAL
grid_5x5_31,seed_milpsnap_grid5x5_xlow_bw25.json,1267,25,40,19,36.5217,0.0,6.483,OPTIMAL
grid_5x5_31,seed_milpsnap_grid5x5_xlow_bw25.json,1268,25,40,19,36.5217,0.0,8.94,OPTIMAL
grid_5x5_31,seed_milpsnap_grid5x5_xlow_bw25.json,1269,25,40,21,36.5217,0.0,5.812,OPTIMAL
grid_5x5_31,seed_milpsnap_grid5x5_xlow_bw25.json,1270,25,40,20,36.5217,0.0,5.702,OPTIMAL
grid_5x5_31,seed_milpsnap_grid5x5_xlow_bw25.json,1271,25,40,19,37.3913,0.0,6.798,OPTIMAL
grid_5x5_31,seed_milpsnap_grid5x5_xlow_bw25.json,1272,25,40,19,40.8696,0.0,3.756,OPTIMAL
grid_5x5_31,seed_milpsnap_grid5x5_xlow_bw25.json,1273,25,40,20,40.0,0.0,3.198,OPTIMAL
grid_5x5_31,seed_milpsnap_grid5x5_xlow_bw25.json,1274,25,40,20,40.0,0.0,3.26,OPTIMAL
grid_5x5_31,seed_milpsnap_grid5x5_xlow_bw25.json,1275,25,40,23,33.0435,0.0,10.159,OPTIMAL
grid_5x5_31,seed_milpsnap_grid5x5_xlow_bw25.json,1276,25,40,22,40.0,0.0,3.505,OPTIMAL
grid_5x5_31,seed_milpsnap_grid5x5_xlow_bw25.json,1277,25,40,21,40.8696,0.0,3.937,OPTIMAL
grid_5x5_31,seed_milpsnap_grid5x5_xlow_bw25.json,1278,25,40,22,36.5217,0.0,10.445,OPTIMAL
grid_5x5_31,seed_milpsnap_grid5x5_xlow_bw25.json,1279,25,40,19,44.3478,0.0,1.259,OPTIMAL
grid_5x5_31,seed_milpsnap_grid5x5_xlow_bw25.json,1280,25,40,16,45.2174,0.0,0.516,OPTIMAL
grid_5x5_31,seed_milpsnap_grid5x5_xlow_bw25.json,1281,25,40,16,45.2174,0.0,0.583,OPTIMAL
grid_5x5_31,seed_milpsnap_grid5x5_xlow_bw25.json,1282,25,40,17,45.2174,0.0,0.604,OPTIMAL
grid_5x5_31,seed_milpsnap_grid5x5_xlow_bw25.json,1283,25,40,17,44.3478,0.0,0.694,OPTIMAL
grid_5x5_31,seed_milpsnap_grid5x5_xlow_bw25.json,1284,25,40,17,44.3478,0.0,1.763,OPTIMAL
grid_5x5_31,seed_milpsnap_grid5x5_xlow_bw25.json,1285,25,40,18,44.3478,0.0,1.704,OPTIMAL
grid_5x5_31,seed_milpsnap_grid5x5_xlow_bw25.json,1286,25,40,17,44.3478,0.0,3.434,OPTIMAL
grid_5x5_31,seed_milpsnap_grid5x5_xlow_bw25.json,1287,25,40,16,44.3478,0.0,1.897,OPTIMAL
