topo,seed_file,batch,n_switches,n_links,n_flows,energy_saving_percent,mip_gap,solve_time_sec,status
grid_5x5_31,seed_milpsnap_grid5x5_high.json,1,25,40,1,83.4783,0.0,0.067,OPTIMAL
grid_5x5_31,seed_milpsnap_grid5x5_high.json,2,25,40,6,52.1739,0.0,0.187,OPTIMAL
grid_5x5_31,seed_milpsnap_grid5x5_high.json,3,25,40,15,48.6957,0.0,0.268,OPTIMAL
grid_5x5_31,seed_milpsnap_grid5x5_high.json,4,25,40,24,45.2174,0.0,0.442,OPTIMAL
grid_5x5_31,seed_milpsnap_grid5x5_high.json,5,25,40,31,45.2174,0.0,0.575,OPTIMAL
grid_5x5_31,seed_milpsnap_grid5x5_high.json,6,25,40,39,45.2174,0.0,0.927,OPTIMAL
grid_5x5_31,seed_milpsnap_grid5x5_high.json,7,25,40,49,45.2174,0.0,1.077,OPTIMAL
grid_5x5_31,seed_milpsnap_grid5x5_high.json,8,25,40,59,45.2174,0.0,1.84,OPTIMAL
grid_5x5_31,seed_milpsnap_grid5x5_high.json,9,25,40,67,45.2174,0.0,1.713,OPTIMAL
grid_5x5_31,seed_milpsnap_grid5x5_high.json,10,25,40,78,45.2174,0.0,2.042,OPTIMAL
grid_5x5_31,seed_milpsnap_grid5x5_high.json,11,25,40,81,45.2174,0.0,2.126,OPTIMAL
grid_5x5_31,seed_milpsnap_grid5x5_high.json,12,25,40,92,45.2174,0.0,2.746,OPTIMAL
grid_5x5_31,seed_milpsnap_grid5x5_high.json,13,25,40,100,45.2174,0.0,3.438,OPTIMAL
grid_5x5_31,seed_milpsnap_grid5x5_high.json,14,25,40,109,45.2174,0.0,3.114,OPTIMAL
grid_5x5_31,seed_milpsnap_grid5x5_high.json,15,25,40,120,45.2174,0.0,3.623,OPTIMAL
grid_5x5_31,seed_milpsnap_grid5x5_high.json,16,25,40,128,45.2174,0.0,3.489,OPTIMAL
grid_5x5_31,seed_milpsnap_grid5x5_high.json,17,25,40,131,45.2174,0.0,4.753,OPTIMAL
grid_5x5_31,seed_milpsnap_grid5x5_high.json,18,25,40,127,45.2174,0.0,3.463,OPTIMAL
grid_5x5_31,seed_milpsnap_grid5x5_high.json,19,25,40,124,45.2174,0.0,3.798,OPTIMAL
grid_5x5_31,seed_milpsnap_grid5x5_high.json,20,25,40,127,45.2174,0.0,3.167,OPTIMAL
grid_5x5_31,seed_milpsnap_grid5x5_high.json,21,25,40,128,45.2174,0.0,4.006,OPTIMAL
grid_5x5_31,seed_milpsnap_grid5x5_high.json,22,25,40,125,45.2174,0.0,4.192,OPTIMAL
grid_5x5_31,seed_milpsnap_grid5x5_high.json,23,25,40,120,45.2174,0.0,4.222,OPTIMAL
grid_5x5_31,seed_milpsnap_grid5x5_high.json,24,25,40,120,45.2174,0.0,4.138,OPTIMAL
grid_5x5_31,seed_milpsnap_grid5x5_high.json,25,25,40,116,45.2174,0.0,4.372,OPTIMAL
grid_5x5_31,seed_milpsnap_grid5x5_high.json,26,25,40,118,45.2174,0.0,3.809,OPTIMAL
grid_5x5_31,seed_milpsnap_grid5x5_high.json,27,25,40,118,45.2174,0.0,3.648,OPTIMAL
grid_5x5_31,seed_milpsnap_grid5x5_high.json,28,25,40,119,45.2174,0.0,4.034,OPTIMAL
grid_5x5_31,seed_milpsnap_grid5x5_high.json,29,25,40,117,45.2174,0.0,5.426,OPTIMAL
grid_5x5_31,seed_milpsnap_grid5x5_high.json,30,25,40,116,45.2174,0.0,4.169,OPTIMAL
grid_5x5_31,seed_milpsnap_grid5x5_high.json,31,25,40,119,45.2174,0.0,3.53,OPTIMAL
grid_5x5_31,seed_milpsnap_grid5x5_high.json,32,25,40,114,45.2174,0.0,3.413,OPTIMAL
grid_5x5_31,seed_milpsnap_grid5x5_high.json,33,25,40,117,45.2174,0.0,4.003,OPTIMAL
grid_5x5_31,seed_milpsnap_grid5x5_high.json,34,25,40,122,45.2174,0.0,4.69,OPTIMAL
grid_5x5_31,seed_milpsnap_grid5x5_high.json,35,25,40,121,45.2174,0.0,5.065,OPTIMAL
grid_5x5_31,seed_milpsnap_grid5x5_high.json,36,25,40,121,45.2174,0.0,3.338,OPTIMAL
grid_5x5_31,seed_milpsnap_grid5x5_high.json,37,25,40,123,45.2174,0.0,3.64,OPTIMAL
grid_5x5_31,seed_milpsnap_grid5x5_high.json,38,25,40,129,45.2174,0.0,5.628,OPTIMAL
grid_5x5_31,seed_milpsnap_grid5x5_high.json,39,25,40,134,45.2174,0.0,3.314,OPTIMAL
grid_5x5_31,seed_milpsnap_grid5x5_high.json,40,25,40,142,45.2174,0.0,5.884,OPTIMAL
grid_5x5_31,seed_milpsnap_grid5x5_high.json,41,25,40,148,45.2174,0.0,5.61,OPTIMAL
grid_5x5_31,seed_milpsnap_grid5x5_high.json,42,25,40,142,45.2174,0.0,5.451,OPTIMAL
grid_5x5_31,seed_milpsnap_grid5x5_high.json,43,25,40,140,45.2174,0.0,4.497,OPTIMAL
grid_5x5_31,seed_milpsnap_grid5x5_high.json,44,25,40,138,45.2174,0.0,3.525,OPTIMAL
grid_5x5_31,seed_milpsnap_grid5x5_high.json,45,25,40,130,45.2174,0.0,4.567,OPTIMAL
grid_5x5_31,seed_milpsnap_grid5x5_high.json,46,25,40,123,45.2174,0.0,3.577,OPTIMAL
grid_5x5_31,seed_milpsnap_grid5x5_high.json,47,25,40,129,45.2174,0.0,4.376,OPTIMAL
grid_5x5_31,seed_milpsnap_grid5x5_high.json,48,25,40,127,45.2174,0.0,5.838,OPTIMAL
grid_5x5_31,seed_milpsnap_grid5x5_high.json,49,25,40,120,45.2174,0.0,4.429,OPTIMAL
grid_5x5_31,seed_milpsnap_grid5x5_high.json,50,25,40,116,45.2174,0.0,3.724,OPTIMAL
grid_5x5_31,seed_milpsnap_grid5x5_high.json,51,25,40,115,45.2174,0.0,3.982,OPTIMAL
grid_5x5_31,seed_milpsnap_grid5x5_high.json,52,25,40,117,45.2174,0.0,3.766,OPTIMAL
grid_5x5_31,seed_milpsnap_grid5x5_high.json,53,25,40,114,45.2174,0.0,4.206,OPTIMAL
grid_5x5_31,seed_milpsnap_grid5x5_high.json,54,25,40,112,45.2174,0.0,3.289,OPTIMAL
grid_5x5_31,seed_milpsnap_grid5x5_high.json,55,25,40,105,45.2174,0.0,2.974,OPTIMAL
grid_5x5_31,seed_milpsnap_grid5x5_high.json,56,25,40,101,45.2174,0.0,4.246,OPTIMAL
grid_5x5_31,seed_milpsnap_grid5x5_high.json,57,25,40,105,45.2174,0.0,3.255,OPTIMAL
grid_5x5_31,seed_milpsnap_grid5x5_high.json,58,25,40,104,45.2174,0.0,3.477,OPTIMAL
grid_5x5_31,seed_milpsnap_grid5x5_high.json,59,25,40,105,45.2174,0.0,3.454,OPTIMAL
grid_5x5_31,seed_milpsnap_grid5x5_high.json,60,25,40,114,45.2174,0.0,4.112,OPTIMAL
grid_5x5_31,seed_milpsnap_grid5x5_high.json,61,25,40,119,45.2174,0.0,4.373,OPTIMAL
grid_5x5_31,seed_milpsnap_grid5x5_high.json,62,25,40,115,45.2174,0.0,3.349,OPTIMAL
grid_5x5_31,seed_milpsnap_grid5x5_high.json,63,25,40,120,45.2174,0.0,4.208,OPTIMAL
grid_5x5_31,seed_milpsnap_grid5x5_high.json,64,25,40,123,45.2174,0.0,5.117,OPTIMAL
grid_5x5_31,seed_milpsnap_grid5x5_high.json,65,25,40,129,45.2174,0.0,3.872,OPTIMAL
grid_5x5_31,seed_milpsnap_grid5x5_high.json,66,25,40,136,45.2174,0.0,4.284,OPTIMAL
grid_5x5_31,seed_milpsnap_grid5x5_high.json,67,25,40,137,45.2174,0.0,3.512,OPTIMAL
grid_5x5_31,seed_milpsnap_grid5x5_high.json,68,25,40,140,45.2174,0.0,5.803,OPTIMAL
grid_5x5_31,seed_milpsnap_grid5x5_high.json,69,25,40,139,45.2174,0.0,5.779,OPTIMAL
grid_5x5_31,seed_milpsnap_grid5x5_high.json,70,25,40,138,45.2174,0.0,3.401,OPTIMAL
grid_5x5_31,seed_milpsnap_grid5x5_high.json,71,25,40,138,45.2174,0.0,4.016,OPTIMAL
grid_5x5_31,seed_milpsnap_grid5x5_high.json,72,25,40,144,45.2174,0.0,5.57,OPTIMAL
grid_5x5_31,seed_milpsnap_grid5x5_high.json,73,25,40,145,45.2174,0.0,5.794,OPTIMAL
grid_5x5_31,seed_milpsnap_grid5x5_high.json,74,25,40,145,45.2174,0.0,5.241,OPTIMAL
grid_5x5_31,seed_milpsnap_grid5x5_high.json,75,25,40,141,45.2174,0.0,6.608,OPTIMAL
grid_5x5_31,seed_milpsnap_grid5x5_high.json,76,25,40,141,45.2174,0.0,5.083,OPTIMAL
grid_5x5_31,seed_milpsnap_grid5x5_high.json,77,25,40,142,45.2174,0.0,4.552,OPTIMAL
grid_5x5_31,seed_milpsnap_grid5x5_high.json,78,25,40,139,45.2174,0.0,4.755,OPTIMAL
grid_5x5_31,seed_milpsnap_grid5x5_high.json,79,25,40,141,45.2174,0.0,4.255,OPTIMAL
grid_5x5_31,seed_milpsnap_grid5x5_high.json,80,25,40,141,45.2174,0.0,4.785,OPTIMAL
grid_5x5_31,seed_milpsnap_grid5x5_high.json,81,25,40,136,45.2174,0.0,4.655,OPTIMAL
grid_5x5_31,seed_milpsnap_grid5x5_high.json,82,25,40,129,45.2174,0.0,4.015,OPTIMAL
grid_5x5_31,seed_milpsnap_grid5x5_high.json,83,25,40,129,45.2174,0.0,3.942,OPTIMAL
grid_5x5_31,seed_milpsnap_grid5x5_high.json,84,25,40,128,45.2174,0.0,3.854,OPTIMAL
grid_5x5_31,seed_milpsnap_grid5x5_high.json,85,25,40,132,45.2174,0.0,3.966,OPTIMAL
grid_5x5_31,seed_milpsnap_grid5x5_high.json,86,25,40,133,45.2174,0.0,4.295,OPTIMAL
grid_5x5_31,seed_milpsnap_grid5x5_high.json,87,25,40,123,45.2174,0.0,3.739,OPTIMAL
grid_5x5_31,seed_milpsnap_grid5x5_high.json,88,25,40,124,45.2174,0.0,4.162,OPTIMAL
grid_5x5_31,seed_milpsnap_grid5x5_high.json,89,25,40,124,45.2174,0.0,3.981,OPTIMAL
grid_5x5_31,seed_milpsnap_grid5x5_high.json,90,25,40,125,45.2174,0.0,4.232,OPTIMAL
grid_5x5_31,seed_milpsnap_grid5x5_high.json,91,25,40,121,45.2174,0.0,3.827,OPTIMAL
grid_5x5_31,seed_milpsnap_grid5x5_high.json,92,25,40,128,45.2174,0.0,3.561,OPTIMAL
grid_5x5_31,seed_milpsnap_grid5x5_high.json,93,25,40,127,45.2174,0.0,3.686,OPTIMAL
grid_5x5_31,seed_milpsnap_grid5x5_high.json,94,25,40,126,45.2174,0.0,4.219,OPTIMAL
grid_5x5_31,seed_milpsnap_grid5x5_high.json,95,25,40,122,45.2174,0.0,4.226,OPTIMAL
grid_5x5_31,seed_milpsnap_grid5x5_high.json,96,25,40,126,45.2174,0.0,5.726,OPTIMAL
grid_5x5_31,seed_milpsnap_grid5x5_high.json,97,25,40,134,45.2174,0.0,4.861,OPTIMAL
grid_5x5_31,seed_milpsnap_grid5x5_high.json,98,25,40,130,45.2174,0.0,3.908,OPTIMAL
grid_5x5_31,seed_milpsnap_grid5x5_high.json,99,25,40,133,45.2174,0.0,3.998,OPTIMAL
grid_5x5_31,seed_milpsnap_grid5x5_high.json,100,25,40,126,45.2174,0.0,3.907,OPTIMAL
grid_5x5_31,seed_milpsnap_grid5x5_high.json,101,25,40,123,45.2174,0.0,3.859,OPTIMAL
grid_5x5_31,seed_milpsnap_grid5x5_high.json,102,25,40,129,45.2174,0.0,3.558,OPTIMAL
grid_5x5_31,seed_milpsnap_grid5x5_high.json,103,25,40,136,45.2174,0.0,3.716,OPTIMAL
grid_5x5_31,seed_milpsnap_grid5x5_high.json,104,25,40,133,45.2174,0.0,4.424,OPTIMAL
grid_5x5_31,seed_milpsnap_grid5x5_high.json,105,25,40,133,45.2174,0.0,3.342,OPTIMAL
grid_5x5_31,seed_milpsnap_grid5x5_high.json,106,25,40,132,45.2174,0.0,3.977,OPTIMAL
grid_5x5_31,seed_milpsnap_grid5x5_high.json,107,25,40,132,45.2174,0.0,3.895,OPTIMAL
grid_5x5_31,seed_milpsnap_grid5x5_high.json,108,25,40,134,45.2174,0.0,4.163,OPTIMAL
grid_5x5_31,seed_milpsnap_grid5x5_high.json,109,25,40,134,45.2174,0.0,4.293,OPTIMAL
grid_5x5_31,seed_milpsnap_grid5x5_high.json,110,25,40,133,45.2174,0.0,4.654,OPTIMAL
grid_5x5_31,seed_milpsnap_grid5x5_high.json,111,25,40,128,45.2174,0.0,4.633,OPTIMAL
grid_5x5_31,seed_milpsnap_grid5x5_high.json,112,25,40,128,45.2174,0.0,3.571,OPTIMAL
grid_5x5_31,seed_milpsnap_grid5x5_high.json,113,25,40,126,45.2174,0.0,4.014,OPTIMAL
grid_5x5_31,seed_milpsnap_grid5x5_high.json,114,25,40,123,45.2174,0.0,3.923,OPTIMAL
grid_5x5_31,seed_milpsnap_grid5x5_high.json,115,25,40,127,45.2174,0.0,3.73,OPTIMAL
grid_5x5_31,seed_milpsnap_grid5x5_high.json,116,25,40,133,45.2174,0.0,4.604,OPTIMAL
grid_5x5_31,seed_milpsnap_grid5x5_high.json,117,25,40,134,45.2174,0.0,4.899,OPTIMAL
grid_5x5_31,seed_milpsnap_grid5x5_high.json,118,25,40,123,45.2174,0.0,3.535,OPTIMAL
grid_5x5_31,seed_milpsnap_grid5x5_high.json,119,25,40,131,45.2174,0.0,3.866,OPTIMAL
grid_5x5_31,seed_milpsnap_grid5x5_high.json,120,25,40,131,45.2174,0.0,4.178,OPTIMAL
grid_5x5_31,seed_milpsnap_grid5x5_high.json,121,25,40,140,45.2174,0.0,4.905,OPTIMAL
grid_5x5_31,seed_milpsnap_grid5x5_high.json,122,25,40,133,45.2174,0.0,4.879,OPTIMAL
grid_5x5_31,seed_milpsnap_grid5x5_high.json,123,25,40,134,45.2174,0.0,3.725,OPTIMAL
grid_5x5_31,seed_milpsnap_grid5x5_high.json,124,25,40,134,45.2174,0.0,4.118,OPTIMAL
grid_5x5_31,seed_milpsnap_grid5x5_high.json,125,25,40,133,45.2174,0.0,4.408,OPTIMAL
grid_5x5_31,seed_milpsnap_grid5x5_high.json,126,25,40,134,45.2174,0.0,3.732,OPTIMAL
grid_5x5_31,seed_milpsnap_grid5x5_high.json,127,25,40,129,45.2174,0.0,3.678,OPTIMAL
grid_5x5_31,seed_milpsnap_grid5x5_high.json,128,25,40,130,45.2174,0.0,3.796,OPTIMAL
grid_5x5_31,seed_milpsnap_grid5x5_high.json,129,25,40,130,45.2174,0.0,3.913,OPTIMAL
grid_5x5_31,seed_milpsnap_grid5x5_high.json,130,25,40,131,45.2174,0.0,3.708,OPTIMAL
grid_5x5_31,seed_milpsnap_grid5x5_high.json,131,25,40,125,45.2174,0.0,4.46,OPTIMAL
grid_5x5_31,seed_milpsnap_grid5x5_high.json,132,25,40,116,45.2174,0.0,3.439,OPTIMAL
grid_5x5_31,seed_milpsnap_grid5x5_high.json,133,25,40,116,45.2174,0.0,3.529,OPTIMAL
grid_5x5_31,seed_milpsnap_grid5x5_high.json,134,25,40,108,45.2174,0.0,3.143,OPTIMAL
grid_5x5_31,seed_milpsnap_grid5x5_high.json,135,25,40,106,45.2174,0.0,3.329,OPTIMAL
grid_5x5_31,seed_milpsnap_grid5x5_high.json,136,25,40,99,45.2174,0.0,3.899,OPTIMAL
grid_5x5_31,seed_milpsnap_grid5x5_high.json,137,25,40,104,45.2174,0.0,3.367,OPTIMAL
grid_5x5_31,seed_milpsnap_grid5x5_high.json,138,25,40,102,45.2174,0.0,2.885,OPTIMAL
grid_5x5_31,seed_milpsnap_grid5x5_high.json,139,25,40,100,45.2174,0.0,3.014,OPTIMAL
grid_5x5_31,seed_milpsnap_grid5x5_high.json,140,25,40,103,45.2174,0.0,3.854,OPTIMAL
grid_5x5_31,seed_milpsnap_grid5x5_high.json,141,25,40,103,45.2174,0.0,2.774,OPTIMAL
grid_5x5_31,seed_milpsnap_grid5x5_high.json,142,25,40,102,45.2174,0.0,3.039,OPTIMAL
grid_5x5_31,seed_milpsnap_grid5x5_high.json,143,25,40,104,45.2174,0.0,3.088,OPTIMAL
grid_5x5_31,seed_milpsnap_grid5x5_high.json,144,25,40,102,45.2174,0.0,4.129,OPTIMAL
grid_5x5_31,seed_milpsnap_grid5x5_high.json,145,25,40,102,45.2174,0.0,2.754,OPTIMAL
grid_5x5_31,seed_milpsnap_grid5x5_high.json,146,25,40,104,45.2174,0.0,3.194,OPTIMAL
grid_5x5_31,seed_milpsnap_grid5x5_high.json,147,25,40,107,45.2174,0.0,3.349,OPTIMAL
grid_5x5_31,seed_milpsnap_grid5x5_high.json,148,25,40,109,45.2174,0.0,4.993,OPTIMAL
grid_5x5_31,seed_milpsnap_grid5x5_high.json,149,25,40,111,45.2174,0.0,3.476,OPTIMAL
grid_5x5_31,seed_milpsnap_grid5x5_high.json,150,25,40,116,45.2174,0.0,4.023,OPTIMAL
grid_5x5_31,seed_milpsnap_grid5x5_high.json,151,25,40,118,45.2174,0.0,4.405,OPTIMAL
grid_5x5_31,seed_milpsnap_grid5x5_high.json,152,25,40,1,80.0,0.0,0.014,OPTIMAL
grid_5x5_31,seed_milpsnap_grid5x5_high.json,153,25,40,12,52.1739,0.0,0.172,OPTIMAL
grid_5x5_31,seed_milpsnap_grid5x5_high.json,154,25,40,15,48.6957,0.0,0.2,OPTIMAL
grid_5x5_31,seed_milpsnap_grid5x5_high.json,155,25,40,25,48.6957,0.0,0.382,OPTIMAL
grid_5x5_31,seed_milpsnap_grid5x5_high.json,156,25,40,35,48.6957,0.0,0.522,OPTIMAL
grid_5x5_31,seed_milpsnap_grid5x5_high.json,157,25,40,41,48.6957,0.0,0.653,OPTIMAL
grid_5x5_31,seed_milpsnap_grid5x5_high.json,158,25,40,45,45.2174,0.0,0.952,OPTIMAL
grid_5x5_31,seed_milpsnap_grid5x5_high.json,159,25,40,58,45.2174,0.0,1.517,OPTIMAL
grid_5x5_31,seed_milpsnap_grid5x5_high.json,160,25,40,65,45.2174,0.0,1.851,OPTIMAL
grid_5x5_31,seed_milpsnap_grid5x5_high.json,161,25,40,76,45.2174,0.0,2.128,OPTIMAL
grid_5x5_31,seed_milpsnap_grid5x5_high.json,162,25,40,82,45.2174,0.0,2.108,OPTIMAL
grid_5x5_31,seed_milpsnap_grid5x5_high.json,163,25,40,89,45.2174,0.0,3.545,OPTIMAL
grid_5x5_31,seed_milpsnap_grid5x5_high.json,164,25,40,102,45.2174,0.0,2.963,OPTIMAL
grid_5x5_31,seed_milpsnap_grid5x5_high.json,165,25,40,110,45.2174,0.0,3.539,OPTIMAL
grid_5x5_31,seed_milpsnap_grid5x5_high.json,166,25,40,115,45.2174,0.0,4.669,OPTIMAL
grid_5x5_31,seed_milpsnap_grid5x5_high.json,167,25,40,122,45.2174,0.0,4.581,OPTIMAL
grid_5x5_31,seed_milpsnap_grid5x5_high.json,168,25,40,122,45.2174,0.0,4.699,OPTIMAL
grid_5x5_31,seed_milpsnap_grid5x5_high.json,169,25,40,128,45.2174,0.0,3.625,OPTIMAL
grid_5x5_31,seed_milpsnap_grid5x5_high.json,170,25,40,130,45.2174,0.0,3.277,OPTIMAL
grid_5x5_31,seed_milpsnap_grid5x5_high.json,171,25,40,134,45.2174,0.0,5.44,OPTIMAL
grid_5x5_31,seed_milpsnap_grid5x5_high.json,172,25,40,136,45.2174,0.0,5.003,OPTIMAL
grid_5x5_31,seed_milpsnap_grid5x5_high.json,173,25,40,139,45.2174,0.0,5.66,OPTIMAL
grid_5x5_31,seed_milpsnap_grid5x5_high.json,174,25,40,137,45.2174,0.0,3.742,OPTIMAL
grid_5x5_31,seed_milpsnap_grid5x5_high.json,175,25,40,136,45.2174,0.0,4.03,OPTIMAL
grid_5x5_31,seed_milpsnap_grid5x5_high.json,176,25,40,134,45.2174,0.0,4.291,OPTIMAL
grid_5x5_31,seed_milpsnap_grid5x5_high.json,177,25,40,139,45.2174,0.0,4.518,OPTIMAL
grid_5x5_31,seed_milpsnap_grid5x5_high.json,178,25,40,142,45.2174,0.0,5.311,OPTIMAL
grid_5x5_31,seed_milpsnap_grid5x5_high.json,179,25,40,142,45.2174,0.0,4.686,OPTIMAL
grid_5x5_31,seed_milpsnap_grid5x5_high.json,180,25,40,146,45.2174,0.0,4.807,OPTIMAL
grid_5x5_31,seed_milpsnap_grid5x5_high.json,181,25,40,144,45.2174,0.0,4.798,OPTIMAL
grid_5x5_31,seed_milpsnap_grid5x5_high.json,182,25,40,149,45.2174,0.0,5.925,OPTIMAL
grid_5x5_31,seed_milpsnap_grid5x5_high.json,183,25,40,145,45.2174,0.0,5.189,OPTIMAL
grid_5x5_31,seed_milpsnap_grid5x5_high.json,184,25,40,143,45.2174,0.0,3.462,OPTIMAL
grid_5x5_31,seed_milpsnap_grid5x5_high.json,185,25,40,137,45.2174,0.0,5.233,OPTIMAL
grid_5x5_31,seed_milpsnap_grid5x5_high.json,186,25,40,133,45.2174,0.0,3.646,OPTIMAL
grid_5x5_31,seed_milpsnap_grid5x5_high.json,187,25,40,130,45.2174,0.0,3.984,OPTIMAL
grid_5x5_31,seed_milpsnap_grid5x5_high.json,188,25,40,129,45.2174,0.0,3.549,OPTIMAL
grid_5x5_31,seed_milpsnap_grid5x5_high.json,189,25,40,129,45.2174,0.0,3.457,OPTIMAL
grid_5x5_31,seed_milpsnap_grid5x5_high.json,190,25,40,137,45.2174,0.0,3.876,OPTIMAL
grid_5x5_31,seed_milpsnap_grid5x5_high.json,191,25,40,134,45.2174,0.0,4.718,OPTIMAL
grid_5x5_31,seed_milpsnap_grid5x5_high.json,192,25,40,134,45.2174,0.0,3.841,OPTIMAL
grid_5x5_31,seed_milpsnap_grid5x5_high.json,193,25,40,134,45.2174,0.0,3.657,OPTIMAL
grid_5x5_31,seed_milpsnap_grid5x5_high.json,194,25,40,133,45.2174,0.0,5.32,OPTIMAL
grid_5x5_31,seed_milpsnap_grid5x5_high.json,195,25,40,127,45.2174,0.0,4.738,OPTIMAL
grid_5x5_31,seed_milpsnap_grid5x5_high.json,196,25,40,127,45.2174,0.0,3.865,OPTIMAL
grid_5x5_31,seed_milpsnap_grid5x5_high.json,197,25,40,123,45.2174,0.0,5.021,OPTIMAL
grid_5x5_31,seed_milpsnap_grid5x5_high.json,198,25,40,123,45.2174,0.0,4.492,OPTIMAL
grid_5x5_31,seed_milpsnap_grid5x5_high.json,199,25,40,125,45.2174,0.0,5.243,OPTIMAL
grid_5x5_31,seed_milpsnap_grid5x5_high.json,200,25,40,123,45.2174,0.0,4.191,OPTIMAL
grid_5x5_31,seed_milpsnap_grid5x5_high.json,201,25,40,120,45.2174,0.0,4.81,OPTIMAL
grid_5x5_31,seed_milpsnap_grid5x5_high.json,202,25,40,120,45.2174,0.0,3.514,OPTIMAL
grid_5x5_31,seed_milpsnap_grid5x5_high.json,203,25,40,122,45.2174,0.0,3.674,OPTIMAL
grid_5x5_31,seed_milpsnap_grid5x5_high.json,204,25,40,123,45.2174,0.0,4.247,OPTIMAL
grid_5x5_31,seed_milpsnap_grid5x5_high.json,205,25,40,117,45.2174,0.0,3.609,OPTIMAL
grid_5x5_31,seed_milpsnap_grid5x5_high.json,206,25,40,124,45.2174,0.0,5.019,OPTIMAL
grid_5x5_31,seed_milpsnap_grid5x5_high.json,207,25,40,121,45.2174,0.0,3.39,OPTIMAL
grid_5x5_31,seed_milpsnap_grid5x5_high.json,208,25,40,115,45.2174,0.0,3.06,OPTIMAL
grid_5x5_31,seed_milpsnap_grid5x5_high.json,209,25,40,112,45.2174,0.0,3.861,OPTIMAL
grid_5x5_31,seed_milpsnap_grid5x5_high.json,210,25,40,113,45.2174,0.0,3.399,OPTIMAL
grid_5x5_31,seed_milpsnap_grid5x5_high.json,211,25,40,123,45.2174,0.0,3.531,OPTIMAL
grid_5x5_31,seed_milpsnap_grid5x5_high.json,212,25,40,123,45.2174,0.0,3.837,OPTIMAL
grid_5x5_31,seed_milpsnap_grid5x5_high.json,213,25,40,120,45.2174,0.0,3.503,OPTIMAL
grid_5x5_31,seed_milpsnap_grid5x5_high.json,214,25,40,117,45.2174,0.0,3.696,OPTIMAL
grid_5x5_31,seed_milpsnap_grid5x5_high.json,215,25,40,121,45.2174,0.0,4.83,OPTIMAL
grid_5x5_31,seed_milpsnap_grid5x5_high.json,216,25,40,123,45.2174,0.0,3.788,OPTIMAL
grid_5x5_31,seed_milpsnap_grid5x5_high.json,217,25,40,122,45.2174,0.0,3.946,OPTIMAL
grid_5x5_31,seed_milpsnap_grid5x5_high.json,218,25,40,120,45.2174,0.0,3.225,OPTIMAL
grid_5x5_31,seed_milpsnap_grid5x5_high.json,219,25,40,117,45.2174,0.0,4.533,OPTIMAL
grid_5x5_31,seed_milpsnap_grid5x5_high.json,220,25,40,116,45.2174,0.0,3.342,OPTIMAL
grid_5x5_31,seed_milpsnap_grid5x5_high.json,221,25,40,114,45.2174,0.0,3.33,OPTIMAL
grid_5x5_31,seed_milpsnap_grid5x5_high.json,222,25,40,116,45.2174,0.0,3.573,OPTIMAL
grid_5x5_31,seed_milpsnap_grid5x5_high.json,223,25,40,119,45.2174,0.0,3.961,OPTIMAL
grid_5x5_31,seed_milpsnap_grid5x5_high.json,224,25,40,119,45.2174,0.0,3.667,OPTIMAL
grid_5x5_31,seed_milpsnap_grid5x5_high.json,225,25,40,120,45.2174,0.0,3.653,OPTIMAL
grid_5x5_31,seed_milpsnap_grid5x5_high.json,226,25,40,121,45.2174,0.0,3.74,OPTIMAL
grid_5x5_31,seed_milpsnap_grid5x5_high.json,227,25,40,120,45.2174,0.0,3.89,OPTIMAL
grid_5x5_31,seed_milpsnap_grid5x5_high.json,228,25,40,128,45.2174,0.0,3.242,OPTIMAL
grid_5x5_31,seed_milpsnap_grid5x5_high.json,229,25,40,130,45.2174,0.0,4.971,OPTIMAL
grid_5x5_31,seed_milpsnap_grid5x5_high.json,230,25,40,133,45.2174,0.0,3.587,OPTIMAL
grid_5x5_31,seed_milpsnap_grid5x5_high.json,231,25,40,131,45.2174,0.0,4.25,OPTIMAL
grid_5x5_31,seed_milpsnap_grid5x5_high.json,232,25,40,137,45.2174,0.0,3.872,OPTIMAL
grid_5x5_31,seed_milpsnap_grid5x5_high.json,233,25,40,138,45.2174,0.0,4.333,OPTIMAL
grid_5x5_31,seed_milpsnap_grid5x5_high.json,234,25,40,140,45.2174,0.0,4.498,OPTIMAL
grid_5x5_31,seed_milpsnap_grid5x5_high.json,235,25,40,150,45.2174,0.0,5.291,OPTIMAL
grid_5x5_31,seed_milpsnap_grid5x5_high.json,236,25,40,147,45.2174,0.0,4.505,OPTIMAL
grid_5x5_31,seed_milpsnap_grid5x5_high.json,237,25,40,148,45.2174,0.0,3.309,OPTIMAL
grid_5x5_31,seed_milpsnap_grid5x5_high.json,238,25,40,145,45.2174,0.0,4.526,OPTIMAL
grid_5x5_31,seed_milpsnap_grid5x5_high.json,239,25,40,144,45.2174,0.0,4.111,OPTIMAL
grid_5x5_31,seed_milpsnap_grid5x5_high.json,240,25,40,144,45.2174,0.0,4.26,OPTIMAL
grid_5x5_31,seed_milpsnap_grid5x5_high.json,241,25,40,137,45.2174,0.0,3.576,OPTIMAL
grid_5x5_31,seed_milpsnap_grid5x5_high.json,242,25,40,133,45.2174,0.0,3.396,OPTIMAL
grid_5x5_31,seed_milpsnap_grid5x5_high.json,243,25,40,126,45.2174,0.0,3.38,OPTIMAL
grid_5x5_31,seed_milpsnap_grid5x5_high.json,244,25,40,126,45.2174,0.0,3.762,OPTIMAL
grid_5x5_31,seed_milpsnap_grid5x5_high.json,245,25,40,122,45.2174,0.0,3.374,OPTIMAL
grid_5x5_31,seed_milpsnap_grid5x5_high.json,246,25,40,118,45.2174,0.0,3.68,OPTIMAL
grid_5x5_31,seed_milpsnap_grid5x5_high.json,247,25,40,117,45.2174,0.0,3.654,OPTIMAL
grid_5x5_31,seed_milpsnap_grid5x5_high.json,248,25,40,115,45.2174,0.0,3.348,OPTIMAL
grid_5x5_31,seed_milpsnap_grid5x5_high.json,249,25,40,111,45.2174,0.0,3.419,OPTIMAL
grid_5x5_31,seed_milpsnap_grid5x5_high.json,250,25,40,105,45.2174,0.0,2.848,OPTIMAL
grid_5x5_31,seed_milpsnap_grid5x5_high.json,251,25,40,108,45.2174,0.0,3.169,OPTIMAL
grid_5x5_31,seed_milpsnap_grid5x5_high.json,252,25,40,102,45.2174,0.0,3.335,OPTIMAL
grid_5x5_31,seed_milpsnap_grid5x5_high.json,253,25,40,110,45.2174,0.0,2.983,OPTIMAL
grid_5x5_31,seed_milpsnap_grid5x5_high.json,254,25,40,112,45.2174,0.0,3.261,OPTIMAL
grid_5x5_31,seed_milpsnap_grid5x5_high.json,255,25,40,110,45.2174,0.0,2.92,OPTIMAL
grid_5x5_31,seed_milpsnap_grid5x5_high.json,256,25,40,106,45.2174,0.0,2.812,OPTIMAL
grid_5x5_31,seed_milpsnap_grid5x5_high.json,257,25,40,118,45.2174,0.0,4.155,OPTIMAL
grid_5x5_31,seed_milpsnap_grid5x5_high.json,258,25,40,118,45.2174,0.0,4.096,OPTIMAL
grid_5x5_31,seed_milpsnap_grid5x5_high.json,259,25,40,112,45.2174,0.0,3.617,OPTIMAL
grid_5x5_31,seed_milpsnap_grid5x5_high.json,260,25,40,110,45.2174,0.0,2.899,OPTIMAL
grid_5x5_31,seed_milpsnap_grid5x5_high.json,261,25,40,115,45.2174,0.0,3.125,OPTIMAL
grid_5x5_31,seed_milpsnap_grid5x5_high.json,262,25,40,110,45.2174,0.0,3.399,OPTIMAL
grid_5x5_31,seed_milpsnap_grid5x5_high.json,263,25,40,110,45.2174,0.0,3.472,OPTIMAL
grid_5x5_31,seed_milpsnap_grid5x5_high.json,264,25,40,111,45.2174,0.0,3.178,OPTIMAL
grid_5x5_31,seed_milpsnap_grid5x5_high.json,265,25,40,107,45.2174,0.0,3.183,OPTIMAL
grid_5x5_31,seed_milpsnap_grid5x5_high.json,266,25,40,102,45.2174,0.0,2.781,OPTIMAL
grid_5x5_31,seed_milpsnap_grid5x5_high.json,267,25,40,105,45.2174,0.0,3.587,OPTIMAL
grid_5x5_31,seed_milpsnap_grid5x5_high.json,268,25,40,112,45.2174,0.0,2.928,OPTIMAL
grid_5x5_31,seed_milpsnap_grid5x5_high.json,269,25,40,109,45.2174,0.0,3.446,OPTIMAL
grid_5x5_31,seed_milpsnap_grid5x5_high.json,270,25,40,111,45.2174,0.0,3.209,OPTIMAL
grid_5x5_31,seed_milpsnap_grid5x5_high.json,271,25,40,115,45.2174,0.0,3.142,OPTIMAL
grid_5x5_31,seed_milpsnap_grid5x5_high.json,272,25,40,104,45.2174,0.0,3.505,OPTIMAL
grid_5x5_31,seed_milpsnap_grid5x5_high.json,273,25,40,100,45.2174,0.0,2.433,OPTIMAL
grid_5x5_31,seed_milpsnap_grid5x5_high.json,274,25,40,105,45.2174,0.0,2.798,OPTIMAL
grid_5x5_31,seed_milpsnap_grid5x5_high.json,275,25,40,106,45.2174,0.0,2.88,OPTIMAL
grid_5x5_31,seed_milpsnap_grid5x5_high.json,276,25,40,107,45.2174,0.0,3.069,OPTIMAL
grid_5x5_31,seed_milpsnap_grid5x5_high.json,277,25,40,113,45.2174,0.0,4.571,OPTIMAL
grid_5x5_31,seed_milpsnap_grid5x5_high.json,278,25,40,115,45.2174,0.0,3.276,OPTIMAL
grid_5x5_31,seed_milpsnap_grid5x5_high.json,279,25,40,113,45.2174,0.0,3.222,OPTIMAL
grid_5x5_31,seed_milpsnap_grid5x5_high.json,280,25,40,115,45.2174,0.0,4.622,OPTIMAL
grid_5x5_31,seed_milpsnap_grid5x5_high.json,281,25,40,115,45.2174,0.0,3.167,OPTIMAL
grid_5x5_31,seed_milpsnap_grid5x5_high.json,282,25,40,113,45.2174,0.0,2.973,OPTIMAL
grid_5x5_31,seed_milpsnap_grid5x5_high.json,283,25,40,102,45.2174,0.0,3.165,OPTIMAL
grid_5x5_31,seed_milpsnap_grid5x5_high.json,284,25,40,101,45.2174,0.0,3.104,OPTIMAL
grid_5x5_31,seed_milpsnap_grid5x5_high.json,285,25,40,101,45.2174,0.0,2.894,OPTIMAL
grid_5x5_31,seed_milpsnap_grid5x5_high.json,286,25,40,100,45.2174,0.0,2.645,OPTIMAL
grid_5x5_31,seed_milpsnap_grid5x5_high.json,287,25,40,106,45.2174,0.0,2.944,OPTIMAL
grid_5x5_31,seed_milpsnap_grid5x5_high.json,288,25,40,113,45.2174,0.0,3.881,OPTIMAL
grid_5x5_31,seed_milpsnap_grid5x5_high.json,289,25,40,115,45.2174,0.0,3.288,OPTIMAL
grid_5x5_31,seed_milpsnap_grid5x5_high.json,290,25,40,117,45.2174,0.0,3.601,OPTIMAL
grid_5x5_31,seed_milpsnap_grid5x5_high.json,291,25,40,120,45.2174,0.0,3.58,OPTIMAL
grid_5x5_31,seed_milpsnap_grid5x5_high.json,292,25,40,117,45.2174,0.0,3.545,OPTIMAL
grid_5x5_31,seed_milpsnap_grid5x5_high.json,293,25,40,118,45.2174,0.0,3.97,OPTIMAL
grid_5x5_31,seed_milpsnap_grid5x5_high.json,294,25,40,121,45.2174,0.0,4.056,OPTIMAL
grid_5x5_31,seed_milpsnap_grid5x5_high.json,295,25,40,116,45.2174,0.0,3.143,OPTIMAL
grid_5x5_31,seed_milpsnap_grid5x5_high.json,296,25,40,116,45.2174,0.0,3.532,OPTIMAL
grid_5x5_31,seed_milpsnap_grid5x5_high.json,297,25,40,117,45.2174,0.0,3.677,OPTIMAL
grid_5x5_31,seed_milpsnap_grid5x5_high.json,298,25,40,119,45.2174,0.0,4.209,OPTIMAL
grid_5x5_31,seed_milpsnap_grid5x5_high.json,299,25,40,117,45.2174,0.0,3.553,OPTIMAL
grid_5x5_31,seed_milpsnap_grid5x5_high.json,300,25,40,120,45.2174,0.0,3.439,OPTIMAL
grid_5x5_31,seed_milpsnap_grid5x5_high.json,301,25,40,120,45.2174,0.0,4.512,OPTIMAL
grid_5x5_31,seed_milpsnap_grid5x5_high.json,302,25,40,120,45.2174,0.0,3.951,OPTIMAL
grid_5x5_31,seed_milpsnap_grid5x5_high.json,303,25,40,1,80.0,0.0,0.013,OPTIMAL
grid_5x5_31,seed_milpsnap_grid5x5_high.json,304,25,40,7,52.1739,0.0,0.471,OPTIMAL
grid_5x5_31,seed_milpsnap_grid5x5_high.json,305,25,40,23,45.2174,0.0,0.534,OPTIMAL
grid_5x5_31,seed_milpsnap_grid5x5_high.json,306,25,40,30,45.2174,0.0,0.751,OPTIMAL
grid_5x5_31,seed_milpsnap_grid5x5_high.json,307,25,40,38,45.2174,0.0,0.819,OPTIMAL
grid_5x5_31,seed_milpsnap_grid5x5_high.json,308,25,40,46,45.2174,0.0,0.957,OPTIMAL
grid_5x5_31,seed_milpsnap_grid5x5_high.json,309,25,40,58,45.2174,0.0,1.323,OPTIMAL
grid_5x5_31,seed_milpsnap_grid5x5_high.json,310,25,40,66,45.2174,0.0,2.33,OPTIMAL
grid_5x5_31,seed_milpsnap_grid5x5_high.json,311,25,40,75,45.2174,0.0,2.186,OPTIMAL
grid_5x5_31,seed_milpsnap_grid5x5_high.json,312,25,40,85,45.2174,0.0,2.585,OPTIMAL
grid_5x5_31,seed_milpsnap_grid5x5_high.json,313,25,40,97,45.2174,0.0,2.67,OPTIMAL
grid_5x5_31,seed_milpsnap_grid5x5_high.json,314,25,40,102,45.2174,0.0,3.224,OPTIMAL
grid_5x5_31,seed_milpsnap_grid5x5_high.json,315,25,40,106,45.2174,0.0,5.86,OPTIMAL
grid_5x5_31,seed_milpsnap_grid5x5_high.json,316,25,40,113,45.2174,0.0,3.797,OPTIMAL
grid_5x5_31,seed_milpsnap_grid5x5_high.json,317,25,40,121,45.2174,0.0,3.585,OPTIMAL
grid_5x5_31,seed_milpsnap_grid5x5_high.json,318,25,40,127,45.2174,0.0,4.531,OPTIMAL
grid_5x5_31,seed_milpsnap_grid5x5_high.json,319,25,40,130,45.2174,0.0,3.672,OPTIMAL
grid_5x5_31,seed_milpsnap_grid5x5_high.json,320,25,40,126,45.2174,0.0,4.064,OPTIMAL
grid_5x5_31,seed_milpsnap_grid5x5_high.json,321,25,40,130,45.2174,0.0,3.734,OPTIMAL
grid_5x5_31,seed_milpsnap_grid5x5_high.json,322,25,40,127,45.2174,0.0,3.772,OPTIMAL
grid_5x5_31,seed_milpsnap_grid5x5_high.json,323,25,40,124,45.2174,0.0,3.957,OPTIMAL
grid_5x5_31,seed_milpsnap_grid5x5_high.json,324,25,40,119,45.2174,0.0,4.126,OPTIMAL
grid_5x5_31,seed_milpsnap_grid5x5_high.json,325,25,40,118,45.2174,0.0,3.084,OPTIMAL
grid_5x5_31,seed_milpsnap_grid5x5_high.json,326,25,40,118,45.2174,0.0,3.511,OPTIMAL
grid_5x5_31,seed_milpsnap_grid5x5_high.json,327,25,40,114,45.2174,0.0,2.969,OPTIMAL
grid_5x5_31,seed_milpsnap_grid5x5_high.json,328,25,40,109,45.2174,0.0,3.234,OPTIMAL
grid_5x5_31,seed_milpsnap_grid5x5_high.json,329,25,40,114,45.2174,0.0,3.105,OPTIMAL
grid_5x5_31,seed_milpsnap_grid5x5_high.json,330,25,40,116,45.2174,0.0,3.439,OPTIMAL
grid_5x5_31,seed_milpsnap_grid5x5_high.json,331,25,40,115,45.2174,0.0,3.311,OPTIMAL
grid_5x5_31,seed_milpsnap_grid5x5_high.json,332,25,40,116,45.2174,0.0,3.036,OPTIMAL
grid_5x5_31,seed_milpsnap_grid5x5_high.json,333,25,40,119,45.2174,0.0,3.152,OPTIMAL
grid_5x5_31,seed_milpsnap_grid5x5_high.json,334,25,40,116,45.2174,0.0,3.012,OPTIMAL
grid_5x5_31,seed_milpsnap_grid5x5_high.json,335,25,40,112,45.2174,0.0,2.891,OPTIMAL
grid_5x5_31,seed_milpsnap_grid5x5_high.json,336,25,40,106,45.2174,0.0,2.978,OPTIMAL
grid_5x5_31,seed_milpsnap_grid5x5_high.json,337,25,40,107,45.2174,0.0,3.402,OPTIMAL
grid_5x5_31,seed_milpsnap_grid5x5_high.json,338,25,40,113,45.2174,0.0,3.31,OPTIMAL
grid_5x5_31,seed_milpsnap_grid5x5_high.json,339,25,40,116,45.2174,0.0,3.749,OPTIMAL
grid_5x5_31,seed_milpsnap_grid5x5_high.json,340,25,40,117,45.2174,0.0,3.608,OPTIMAL
grid_5x5_31,seed_milpsnap_grid5x5_high.json,341,25,40,113,45.2174,0.0,2.746,OPTIMAL
grid_5x5_31,seed_milpsnap_grid5x5_high.json,342,25,40,112,45.2174,0.0,3.158,OPTIMAL
grid_5x5_31,seed_milpsnap_grid5x5_high.json,343,25,40,112,45.2174,0.0,3.186,OPTIMAL
grid_5x5_31,seed_milpsnap_grid5x5_high.json,344,25,40,110,45.2174,0.0,2.76,OPTIMAL
grid_5x5_31,seed_milpsnap_grid5x5_high.json,345,25,40,114,45.2174,0.0,3.516,OPTIMAL
grid_5x5_31,seed_milpsnap_grid5x5_high.json,346,25,40,121,45.2174,0.0,3.174,OPTIMAL
grid_5x5_31,seed_milpsnap_grid5x5_high.json,347,25,40,121,45.2174,0.0,3.349,OPTIMAL
grid_5x5_31,seed_milpsnap_grid5x5_high.json,348,25,40,117,45.2174,0.0,3.722,OPTIMAL
grid_5x5_31,seed_milpsnap_grid5x5_high.json,349,25,40,122,45.2174,0.0,3.33,OPTIMAL
grid_5x5_31,seed_milpsnap_grid5x5_high.json,350,25,40,125,45.2174,0.0,3.356,OPTIMAL
grid_5x5_31,seed_milpsnap_grid5x5_high.json,351,25,40,132,45.2174,0.0,2.924,OPTIMAL
grid_5x5_31,seed_milpsnap_grid5x5_high.json,352,25,40,137,45.2174,0.0,4.277,OPTIMAL
grid_5x5_31,seed_milpsnap_grid5x5_high.json,353,25,40,135,45.2174,0.0,2.705,OPTIMAL
grid_5x5_31,seed_milpsnap_grid5x5_high.json,354,25,40,131,45.2174,0.0,2.598,OPTIMAL
grid_5x5_31,seed_milpsnap_grid5x5_high.json,355,25,40,134,45.2174,0.0,3.444,OPTIMAL
grid_5x5_31,seed_milpsnap_grid5x5_high.json,356,25,40,141,45.2174,0.0,2.92,OPTIMAL
grid_5x5_31,seed_milpsnap_grid5x5_high.json,357,25,40,144,45.2174,0.0,3.057,OPTIMAL
grid_5x5_31,seed_milpsnap_grid5x5_high.json,358,25,40,145,45.2174,0.0,3.435,OPTIMAL
grid_5x5_31,seed_milpsnap_grid5x5_high.json,359,25,40,145,45.2174,0.0,4.091,OPTIMAL
grid_5x5_31,seed_milpsnap_grid5x5_high.json,360,25,40,143,45.2174,0.0,3.502,OPTIMAL
grid_5x5_31,seed_milpsnap_grid5x5_high.json,361,25,40,141,45.2174,0.0,3.065,OPTIMAL
grid_5x5_31,seed_milpsnap_grid5x5_high.json,362,25,40,142,45.2174,0.0,3.276,OPTIMAL
grid_5x5_31,seed_milpsnap_grid5x5_high.json,363,25,40,147,45.2174,0.0,4.029,OPTIMAL
grid_5x5_31,seed_milpsnap_grid5x5_high.json,364,25,40,145,45.2174,0.0,4.23,OPTIMAL
grid_5x5_31,seed_milpsnap_grid5x5_high.json,365,25,40,140,45.2174,0.0,4.068,OPTIMAL
grid_5x5_31,seed_milpsnap_grid5x5_high.json,366,25,40,133,45.2174,0.0,2.845,OPTIMAL
grid_5x5_31,seed_milpsnap_grid5x5_high.json,367,25,40,131,45.2174,0.0,2.823,OPTIMAL
grid_5x5_31,seed_milpsnap_grid5x5_high.json,368,25,40,129,45.2174,0.0,2.751,OPTIMAL
grid_5x5_31,seed_milpsnap_grid5x5_high.json,369,25,40,138,45.2174,0.0,2.887,OPTIMAL
grid_5x5_31,seed_milpsnap_grid5x5_high.json,370,25,40,130,45.2174,0.0,2.932,OPTIMAL
grid_5x5_31,seed_milpsnap_grid5x5_high.json,371,25,40,126,45.2174,0.0,3.441,OPTIMAL
grid_5x5_31,seed_milpsnap_grid5x5_high.json,372,25,40,123,45.2174,0.0,2.953,OPTIMAL
grid_5x5_31,seed_milpsnap_grid5x5_high.json,373,25,40,126,45.2174,0.0,3.987,OPTIMAL
grid_5x5_31,seed_milpsnap_grid5x5_high.json,374,25,40,129,45.2174,0.0,2.975,OPTIMAL
grid_5x5_31,seed_milpsnap_grid5x5_high.json,375,25,40,127,45.2174,0.0,3.309,OPTIMAL
grid_5x5_31,seed_milpsnap_grid5x5_high.json,376,25,40,121,45.2174,0.0,3.02,OPTIMAL
grid_5x5_31,seed_milpsnap_grid5x5_high.json,377,25,40,122,45.2174,0.0,3.409,OPTIMAL
grid_5x5_31,seed_milpsnap_grid5x5_high.json,378,25,40,120,45.2174,0.0,2.971,OPTIMAL
grid_5x5_31,seed_milpsnap_grid5x5_high.json,379,25,40,121,45.2174,0.0,2.995,OPTIMAL
grid_5x5_31,seed_milpsnap_grid5x5_high.json,380,25,40,130,45.2174,0.0,2.976,OPTIMAL
grid_5x5_31,seed_milpsnap_grid5x5_high.json,381,25,40,135,45.2174,0.0,3.196,OPTIMAL
grid_5x5_31,seed_milpsnap_grid5x5_high.json,382,25,40,130,45.2174,0.0,2.835,OPTIMAL
grid_5x5_31,seed_milpsnap_grid5x5_high.json,383,25,40,133,45.2174,0.0,4.743,OPTIMAL
grid_5x5_31,seed_milpsnap_grid5x5_high.json,384,25,40,128,45.2174,0.0,4.012,OPTIMAL
grid_5x5_31,seed_milpsnap_grid5x5_high.json,385,25,40,135,45.2174,0.0,2.964,OPTIMAL
grid_5x5_31,seed_milpsnap_grid5x5_high.json,386,25,40,136,45.2174,0.0,2.892,OPTIMAL
grid_5x5_31,seed_milpsnap_grid5x5_high.json,387,25,40,140,45.2174,0.0,4.144,OPTIMAL
grid_5x5_31,seed_milpsnap_grid5x5_high.json,388,25,40,134,45.2174,0.0,4.429,OPTIMAL
grid_5x5_31,seed_milpsnap_grid5x5_high.json,389,25,40,132,45.2174,0.0,4.168,OPTIMAL
grid_5x5_31,seed_milpsnap_grid5x5_high.json,390,25,40,130,45.2174,0.0,3.564,OPTIMAL
grid_5x5_31,seed_milpsnap_grid5x5_high.json,391,25,40,135,45.2174,0.0,5.1,OPTIMAL
grid_5x5_31,seed_milpsnap_grid5x5_high.json,392,25,40,129,45.2174,0.0,4.268,OPTIMAL
grid_5x5_31,seed_milpsnap_grid5x5_high.json,393,25,40,123,45.2174,0.0,3.466,OPTIMAL
grid_5x5_31,seed_milpsnap_grid5x5_high.json,394,25,40,127,45.2174,0.0,2.868,OPTIMAL
grid_5x5_31,seed_milpsnap_grid5x5_high.json,395,25,40,117,45.2174,0.0,3.727,OPTIMAL
grid_5x5_31,seed_milpsnap_grid5x5_high.json,396,25,40,116,45.2174,0.0,3.24,OPTIMAL
grid_5x5_31,seed_milpsnap_grid5x5_high.json,397,25,40,125,45.2174,0.0,3.204,OPTIMAL
grid_5x5_31,seed_milpsnap_grid5x5_high.json,398,25,40,122,45.2174,0.0,3.254,OPTIMAL
grid_5x5_31,seed_milpsnap_grid5x5_high.json,399,25,40,123,45.2174,0.0,4.138,OPTIMAL
grid_5x5_31,seed_milpsnap_grid5x5_high.json,400,25,40,129,45.2174,0.0,2.998,OPTIMAL
grid_5x5_31,seed_milpsnap_grid5x5_high.json,401,25,40,126,45.2174,0.0,3.639,OPTIMAL
grid_5x5_31,seed_milpsnap_grid5x5_high.json,402,25,40,123,45.2174,0.0,4.359,OPTIMAL
grid_5x5_31,seed_milpsnap_grid5x5_high.json,403,25,40,128,45.2174,0.0,3.056,OPTIMAL
grid_5x5_31,seed_milpsnap_grid5x5_high.json,404,25,40,123,45.2174,0.0,3.428,OPTIMAL
grid_5x5_31,seed_milpsnap_grid5x5_high.json,405,25,40,125,45.2174,0.0,3.696,OPTIMAL
grid_5x5_31,seed_milpsnap_grid5x5_high.json,406,25,40,123,45.2174,0.0,3.783,OPTIMAL
grid_5x5_31,seed_milpsnap_grid5x5_high.json,407,25,40,121,45.2174,0.0,3.027,OPTIMAL
grid_5x5_31,seed_milpsnap_grid5x5_high.json,408,25,40,127,45.2174,0.0,3.871,OPTIMAL
grid_5x5_31,seed_milpsnap_grid5x5_high.json,409,25,40,128,45.2174,0.0,3.511,OPTIMAL
grid_5x5_31,seed_milpsnap_grid5x5_high.json,410,25,40,136,45.2174,0.0,3.762,OPTIMAL
grid_5x5_31,seed_milpsnap_grid5x5_high.json,411,25,40,132,45.2174,0.0,4.158,OPTIMAL
grid_5x5_31,seed_milpsnap_grid5x5_high.json,412,25,40,123,45.2174,0.0,3.491,OPTIMAL
grid_5x5_31,seed_milpsnap_grid5x5_high.json,413,25,40,130,45.2174,0.0,3.626,OPTIMAL
grid_5x5_31,seed_milpsnap_grid5x5_high.json,414,25,40,127,45.2174,0.0,3.949,OPTIMAL
grid_5x5_31,seed_milpsnap_grid5x5_high.json,415,25,40,116,45.2174,0.0,2.884,OPTIMAL
grid_5x5_31,seed_milpsnap_grid5x5_high.json,416,25,40,119,45.2174,0.0,3.6,OPTIMAL
grid_5x5_31,seed_milpsnap_grid5x5_high.json,417,25,40,124,45.2174,0.0,3.785,OPTIMAL
grid_5x5_31,seed_milpsnap_grid5x5_high.json,418,25,40,124,45.2174,0.0,2.982,OPTIMAL
grid_5x5_31,seed_milpsnap_grid5x5_high.json,419,25,40,130,45.2174,0.0,3.221,OPTIMAL
grid_5x5_31,seed_milpsnap_grid5x5_high.json,420,25,40,132,45.2174,0.0,4.499,OPTIMAL
grid_5x5_31,seed_milpsnap_grid5x5_high.json,421,25,40,131,45.2174,0.0,5.168,OPTIMAL
grid_5x5_31,seed_milpsnap_grid5x5_high.json,422,25,40,136,45.2174,0.0,3.318,OPTIMAL
grid_5x5_31,seed_milpsnap_grid5x5_high.json,423,25,40,131,45.2174,0.0,4.209,OPTIMAL
grid_5x5_31,seed_milpsnap_grid5x5_high.json,424,25,40,127,45.2174,0.0,3.059,OPTIMAL
grid_5x5_31,seed_milpsnap_grid5x5_high.json,425,25,40,120,45.2174,0.0,4.237,OPTIMAL
grid_5x5_31,seed_milpsnap_grid5x5_high.json,426,25,40,124,45.2174,0.0,3.653,OPTIMAL
grid_5x5_31,seed_milpsnap_grid5x5_high.json,427,25,40,130,45.2174,0.0,2.949,OPTIMAL
grid_5x5_31,seed_milpsnap_grid5x5_high.json,428,25,40,124,45.2174,0.0,3.309,OPTIMAL
grid_5x5_31,seed_milpsnap_grid5x5_high.json,429,25,40,123,45.2174,0.0,4.512,OPTIMAL
grid_5x5_31,seed_milpsnap_grid5x5_high.json,430,25,40,131,45.2174,0.0,2.758,OPTIMAL
grid_5x5_31,seed_milpsnap_grid5x5_high.json,431,25,40,130,45.2174,0.0,3.53,OPTIMAL
grid_5x5_31,seed_milpsnap_grid5x5_high.json,432,25,40,129,45.2174,0.0,3.524,OPTIMAL
grid_5x5_31,seed_milpsnap_grid5x5_high.json,433,25,40,131,45.2174,0.0,4.1,OPTIMAL
grid_5x5_31,seed_milpsnap_grid5x5_high.json,434,25,40,134,45.2174,0.0,3.271,OPTIMAL
grid_5x5_31,seed_milpsnap_grid5x5_high.json,435,25,40,129,45.2174,0.0,3.108,OPTIMAL
grid_5x5_31,seed_milpsnap_grid5x5_high.json,436,25,40,132,45.2174,0.0,3.202,OPTIMAL
grid_5x5_31,seed_milpsnap_grid5x5_high.json,437,25,40,131,45.2174,0.0,3.403,OPTIMAL
grid_5x5_31,seed_milpsnap_grid5x5_high.json,438,25,40,133,45.2174,0.0,3.411,OPTIMAL
grid_5x5_31,seed_milpsnap_grid5x5_high.json,439,25,40,134,45.2174,0.0,3.139,OPTIMAL
grid_5x5_31,seed_milpsnap_grid5x5_high.json,440,25,40,138,45.2174,0.0,3.659,OPTIMAL
grid_5x5_31,seed_milpsnap_grid5x5_high.json,441,25,40,134,45.2174,0.0,3.345,OPTIMAL
grid_5x5_31,seed_milpsnap_grid5x5_high.json,442,25,40,133,45.2174,0.0,2.911,OPTIMAL
grid_5x5_31,seed_milpsnap_grid5x5_high.json,443,25,40,136,45.2174,0.0,3.205,OPTIMAL
grid_5x5_31,seed_milpsnap_grid5x5_high.json,444,25,40,136,45.2174,0.0,3.4,OPTIMAL
grid_5x5_31,seed_milpsnap_grid5x5_high.json,445,25,40,137,45.2174,0.0,4.77,OPTIMAL
grid_5x5_31,seed_milpsnap_grid5x5_high.json,446,25,40,135,45.2174,0.0,3.486,OPTIMAL
grid_5x5_31,seed_milpsnap_grid5x5_high.json,447,25,40,131,45.2174,0.0,3.213,OPTIMAL
grid_5x5_31,seed_milpsnap_grid5x5_high.json,448,25,40,126,45.2174,0.0,4.003,OPTIMAL
grid_5x5_31,seed_milpsnap_grid5x5_high.json,449,25,40,123,45.2174,0.0,3.908,OPTIMAL
grid_5x5_31,seed_milpsnap_grid5x5_high.json,450,25,40,132,45.2174,0.0,4.111,OPTIMAL
grid_5x5_31,seed_milpsnap_grid5x5_high.json,451,25,40,129,45.2174,0.0,3.333,OPTIMAL
grid_5x5_31,seed_milpsnap_grid5x5_high.json,452,25,40,129,45.2174,0.0,3.251,OPTIMAL
grid_5x5_31,seed_milpsnap_grid5x5_high.json,453,25,40,129,45.2174,0.0,4.067,OPTIMAL
grid_5x5_31,seed_milpsnap_grid5x5_high.json,454,25,40,1,83.4783,0.0,0.01,OPTIMAL
grid_5x5_31,seed_milpsnap_grid5x5_high.json,455,25,40,6,55.6522,0.0,0.142,OPTIMAL
grid_5x5_31,seed_milpsnap_grid5x5_high.json,456,25,40,11,52.1739,0.0,0.127,OPTIMAL
grid_5x5_31,seed_milpsnap_grid5x5_high.json,457,25,40,22,45.2174,0.0,0.458,OPTIMAL
grid_5x5_31,seed_milpsnap_grid5x5_high.json,458,25,40,32,45.2174,0.0,0.541,OPTIMAL
grid_5x5_31,seed_milpsnap_grid5x5_high.json,459,25,40,43,45.2174,0.0,0.849,OPTIMAL
grid_5x5_31,seed_milpsnap_grid5x5_high.json,460,25,40,53,45.2174,0.0,1.533,OPTIMAL
grid_5x5_31,seed_milpsnap_grid5x5_high.json,461,25,40,63,45.2174,0.0,1.419,OPTIMAL
grid_5x5_31,seed_milpsnap_grid5x5_high.json,462,25,40,69,45.2174,0.0,1.589,OPTIMAL
grid_5x5_31,seed_milpsnap_grid5x5_high.json,463,25,40,77,45.2174,0.0,1.683,OPTIMAL
grid_5x5_31,seed_milpsnap_grid5x5_high.json,464,25,40,86,45.2174,0.0,2.517,OPTIMAL
grid_5x5_31,seed_milpsnap_grid5x5_high.json,465,25,40,93,45.2174,0.0,2.231,OPTIMAL
grid_5x5_31,seed_milpsnap_grid5x5_high.json,466,25,40,102,45.2174,0.0,2.961,OPTIMAL
grid_5x5_31,seed_milpsnap_grid5x5_high.json,467,25,40,112,45.2174,0.0,2.873,OPTIMAL
grid_5x5_31,seed_milpsnap_grid5x5_high.json,468,25,40,119,45.2174,0.0,3.58,OPTIMAL
grid_5x5_31,seed_milpsnap_grid5x5_high.json,469,25,40,127,45.2174,0.0,3.762,OPTIMAL
grid_5x5_31,seed_milpsnap_grid5x5_high.json,470,25,40,134,45.2174,0.0,3.631,OPTIMAL
grid_5x5_31,seed_milpsnap_grid5x5_high.json,471,25,40,140,45.2174,0.0,4.15,OPTIMAL
grid_5x5_31,seed_milpsnap_grid5x5_high.json,472,25,40,138,45.2174,0.0,4.824,OPTIMAL
grid_5x5_31,seed_milpsnap_grid5x5_high.json,473,25,40,137,45.2174,0.0,3.09,OPTIMAL
grid_5x5_31,seed_milpsnap_grid5x5_high.json,474,25,40,133,45.2174,0.0,2.782,OPTIMAL
grid_5x5_31,seed_milpsnap_grid5x5_high.json,475,25,40,131,45.2174,0.0,3.677,OPTIMAL
grid_5x5_31,seed_milpsnap_grid5x5_high.json,476,25,40,126,45.2174,0.0,3.7,OPTIMAL
grid_5x5_31,seed_milpsnap_grid5x5_high.json,477,25,40,124,45.2174,0.0,3.846,OPTIMAL
grid_5x5_31,seed_milpsnap_grid5x5_high.json,478,25,40,123,45.2174,0.0,3.15,OPTIMAL
grid_5x5_31,seed_milpsnap_grid5x5_high.json,479,25,40,118,45.2174,0.0,3.265,OPTIMAL
grid_5x5_31,seed_milpsnap_grid5x5_high.json,480,25,40,117,45.2174,0.0,3.05,OPTIMAL
grid_5x5_31,seed_milpsnap_grid5x5_high.json,481,25,40,118,45.2174,0.0,3.229,OPTIMAL
grid_5x5_31,seed_milpsnap_grid5x5_high.json,482,25,40,119,45.2174,0.0,3.246,OPTIMAL
grid_5x5_31,seed_milpsnap_grid5x5_high.json,483,25,40,122,45.2174,0.0,3.326,OPTIMAL
grid_5x5_31,seed_milpsnap_grid5x5_high.json,484,25,40,119,45.2174,0.0,2.953,OPTIMAL
grid_5x5_31,seed_milpsnap_grid5x5_high.json,485,25,40,111,45.2174,0.0,3.381,OPTIMAL
grid_5x5_31,seed_milpsnap_grid5x5_high.json,486,25,40,110,45.2174,0.0,2.993,OPTIMAL
grid_5x5_31,seed_milpsnap_grid5x5_high.json,487,25,40,110,45.2174,0.0,3.509,OPTIMAL
grid_5x5_31,seed_milpsnap_grid5x5_high.json,488,25,40,108,45.2174,0.0,2.823,OPTIMAL
grid_5x5_31,seed_milpsnap_grid5x5_high.json,489,25,40,106,45.2174,0.0,3.421,OPTIMAL
grid_5x5_31,seed_milpsnap_grid5x5_high.json,490,25,40,106,45.2174,0.0,2.649,OPTIMAL
grid_5x5_31,seed_milpsnap_grid5x5_high.json,491,25,40,109,45.2174,0.0,3.47,OPTIMAL
grid_5x5_31,seed_milpsnap_grid5x5_high.json,492,25,40,110,45.2174,0.0,3.013,OPTIMAL
grid_5x5_31,seed_milpsnap_grid5x5_high.json,493,25,40,119,45.2174,0.0,2.844,OPTIMAL
grid_5x5_31,seed_milpsnap_grid5x5_high.json,494,25,40,124,45.2174,0.0,3.857,OPTIMAL
grid_5x5_31,seed_milpsnap_grid5x5_high.json,495,25,40,129,45.2174,0.0,3.805,OPTIMAL
grid_5x5_31,seed_milpsnap_grid5x5_high.json,496,25,40,124,45.2174,0.0,4.235,OPTIMAL
grid_5x5_31,seed_milpsnap_grid5x5_high.json,497,25,40,122,45.2174,0.0,4.777,OPTIMAL
grid_5x5_31,seed_milpsnap_grid5x5_high.json,498,25,40,123,45.2174,0.0,3.24,OPTIMAL
grid_5x5_31,seed_milpsnap_grid5x5_high.json,499,25,40,126,45.2174,0.0,4.554,OPTIMAL
grid_5x5_31,seed_milpsnap_grid5x5_high.json,500,25,40,131,45.2174,0.0,4.248,OPTIMAL
grid_5x5_31,seed_milpsnap_grid5x5_high.json,501,25,40,131,45.2174,0.0,4.217,OPTIMAL
grid_5x5_31,seed_milpsnap_grid5x5_high.json,502,25,40,127,45.2174,0.0,2.846,OPTIMAL
grid_5x5_31,seed_milpsnap_grid5x5_high.json,503,25,40,125,45.2174,0.0,3.283,OPTIMAL
grid_5x5_31,seed_milpsnap_grid5x5_high.json,504,25,40,130,45.2174,0.0,3.729,OPTIMAL
grid_5x5_31,seed_milpsnap_grid5x5_high.json,505,25,40,134,45.2174,0.0,3.564,OPTIMAL
grid_5x5_31,seed_milpsnap_grid5x5_high.json,506,25,40,133,45.2174,0.0,3.628,OPTIMAL
grid_5x5_31,seed_milpsnap_grid5x5_high.json,507,25,40,136,45.2174,0.0,3.945,OPTIMAL
grid_5x5_31,seed_milpsnap_grid5x5_high.json,508,25,40,128,45.2174,0.0,3.313,OPTIMAL
grid_5x5_31,seed_milpsnap_grid5x5_high.json,509,25,40,123,45.2174,0.0,3.023,OPTIMAL
grid_5x5_31,seed_milpsnap_grid5x5_high.json,510,25,40,123,45.2174,0.0,3.882,OPTIMAL
grid_5x5_31,seed_milpsnap_grid5x5_high.json,511,25,40,127,45.2174,0.0,2.752,OPTIMAL
grid_5x5_31,seed_milpsnap_grid5x5_high.json,512,25,40,124,45.2174,0.0,3.378,OPTIMAL
grid_5x5_31,seed_milpsnap_grid5x5_high.json,513,25,40,120,45.2174,0.0,3.139,OPTIMAL
grid_5x5_31,seed_milpsnap_grid5x5_high.json,514,25,40,119,45.2174,0.0,3.117,OPTIMAL
grid_5x5_31,seed_milpsnap_grid5x5_high.json,515,25,40,119,45.2174,0.0,3.371,OPTIMAL
grid_5x5_31,seed_milpsnap_grid5x5_high.json,516,25,40,123,45.2174,0.0,3.326,OPTIMAL
grid_5x5_31,seed_milpsnap_grid5x5_high.json,517,25,40,129,45.2174,0.0,3.755,OPTIMAL
grid_5x5_31,seed_milpsnap_grid5x5_high.json,518,25,40,128,45.2174,0.0,3.462,OPTIMAL
grid_5x5_31,seed_milpsnap_grid5x5_high.json,519,25,40,124,45.2174,0.0,3.47,OPTIMAL
grid_5x5_31,seed_milpsnap_grid5x5_high.json,520,25,40,123,45.2174,0.0,4.685,OPTIMAL
grid_5x5_31,seed_milpsnap_grid5x5_high.json,521,25,40,121,45.2174,0.0,3.187,OPTIMAL
grid_5x5_31,seed_milpsnap_grid5x5_high.json,522,25,40,119,45.2174,0.0,3.399,OPTIMAL
grid_5x5_31,seed_milpsnap_grid5x5_high.json,523,25,40,120,45.2174,0.0,3.038,OPTIMAL
grid_5x5_31,seed_milpsnap_grid5x5_high.json,524,25,40,124,45.2174,0.0,3.099,OPTIMAL
grid_5x5_31,seed_milpsnap_grid5x5_high.json,525,25,40,124,45.2174,0.0,3.92,OPTIMAL
grid_5x5_31,seed_milpsnap_grid5x5_high.json,526,25,40,119,45.2174,0.0,3.836,OPTIMAL
grid_5x5_31,seed_milpsnap_grid5x5_high.json,527,25,40,127,45.2174,0.0,2.525,OPTIMAL
grid_5x5_31,seed_milpsnap_grid5x5_high.json,528,25,40,129,45.2174,0.0,3.746,OPTIMAL
grid_5x5_31,seed_milpsnap_grid5x5_high.json,529,25,40,136,45.2174,0.0,2.848,OPTIMAL
grid_5x5_31,seed_milpsnap_grid5x5_high.json,530,25,40,129,45.2174,0.0,3.708,OPTIMAL
grid_5x5_31,seed_milpsnap_grid5x5_high.json,531,25,40,126,45.2174,0.0,3.267,OPTIMAL
grid_5x5_31,seed_milpsnap_grid5x5_high.json,532,25,40,124,45.2174,0.0,3.91,OPTIMAL
grid_5x5_31,seed_milpsnap_grid5x5_high.json,533,25,40,130,45.2174,0.0,3.149,OPTIMAL
grid_5x5_31,seed_milpsnap_grid5x5_high.json,534,25,40,131,45.2174,0.0,3.72,OPTIMAL
grid_5x5_31,seed_milpsnap_grid5x5_high.json,535,25,40,133,45.2174,0.0,4.021,OPTIMAL
grid_5x5_31,seed_milpsnap_grid5x5_high.json,536,25,40,129,45.2174,0.0,2.895,OPTIMAL
grid_5x5_31,seed_milpsnap_grid5x5_high.json,537,25,40,127,45.2174,0.0,2.806,OPTIMAL
grid_5x5_31,seed_milpsnap_grid5x5_high.json,538,25,40,128,45.2174,0.0,3.174,OPTIMAL
grid_5x5_31,seed_milpsnap_grid5x5_high.json,539,25,40,125,45.2174,0.0,3.902,OPTIMAL
grid_5x5_31,seed_milpsnap_grid5x5_high.json,540,25,40,125,45.2174,0.0,4.226,OPTIMAL
grid_5x5_31,seed_milpsnap_grid5x5_high.json,541,25,40,130,45.2174,0.0,3.339,OPTIMAL
grid_5x5_31,seed_milpsnap_grid5x5_high.json,542,25,40,122,45.2174,0.0,3.15,OPTIMAL
grid_5x5_31,seed_milpsnap_grid5x5_high.json,543,25,40,119,45.2174,0.0,3.98,OPTIMAL
grid_5x5_31,seed_milpsnap_grid5x5_high.json,544,25,40,115,45.2174,0.0,3.777,OPTIMAL
grid_5x5_31,seed_milpsnap_grid5x5_high.json,545,25,40,121,45.2174,0.0,3.216,OPTIMAL
grid_5x5_31,seed_milpsnap_grid5x5_high.json,546,25,40,121,45.2174,0.0,3.568,OPTIMAL
grid_5x5_31,seed_milpsnap_grid5x5_high.json,547,25,40,118,45.2174,0.0,4.408,OPTIMAL
grid_5x5_31,seed_milpsnap_grid5x5_high.json,548,25,40,116,45.2174,0.0,4.088,OPTIMAL
grid_5x5_31,seed_milpsnap_grid5x5_high.json,549,25,40,116,45.2174,0.0,3.011,OPTIMAL
grid_5x5_31,seed_milpsnap_grid5x5_high.json,550,25,40,107,45.2174,0.0,3.448,OPTIMAL
grid_5x5_31,seed_milpsnap_grid5x5_high.json,551,25,40,116,45.2174,0.0,3.156,OPTIMAL
grid_5x5_31,seed_milpsnap_grid5x5_high.json,552,25,40,120,45.2174,0.0,4.161,OPTIMAL
grid_5x5_31,seed_milpsnap_grid5x5_high.json,553,25,40,117,45.2174,0.0,3.228,OPTIMAL
grid_5x5_31,seed_milpsnap_grid5x5_high.json,554,25,40,116,45.2174,0.0,3.191,OPTIMAL
grid_5x5_31,seed_milpsnap_grid5x5_high.json,555,25,40,115,45.2174,0.0,3.577,OPTIMAL
grid_5x5_31,seed_milpsnap_grid5x5_high.json,556,25,40,121,45.2174,0.0,3.748,OPTIMAL
grid_5x5_31,seed_milpsnap_grid5x5_high.json,557,25,40,124,45.2174,0.0,3.263,OPTIMAL
grid_5x5_31,seed_milpsnap_grid5x5_high.json,558,25,40,123,45.2174,0.0,4.342,OPTIMAL
grid_5x5_31,seed_milpsnap_grid5x5_high.json,559,25,40,125,45.2174,0.0,3.162,OPTIMAL
grid_5x5_31,seed_milpsnap_grid5x5_high.json,560,25,40,125,45.2174,0.0,3.883,OPTIMAL
grid_5x5_31,seed_milpsnap_grid5x5_high.json,561,25,40,125,45.2174,0.0,3.276,OPTIMAL
grid_5x5_31,seed_milpsnap_grid5x5_high.json,562,25,40,134,45.2174,0.0,3.859,OPTIMAL
grid_5x5_31,seed_milpsnap_grid5x5_high.json,563,25,40,129,45.2174,0.0,2.674,OPTIMAL
grid_5x5_31,seed_milpsnap_grid5x5_high.json,564,25,40,129,45.2174,0.0,4.036,OPTIMAL
grid_5x5_31,seed_milpsnap_grid5x5_high.json,565,25,40,137,45.2174,0.0,2.851,OPTIMAL
grid_5x5_31,seed_milpsnap_grid5x5_high.json,566,25,40,134,45.2174,0.0,3.299,OPTIMAL
grid_5x5_31,seed_milpsnap_grid5x5_high.json,567,25,40,130,45.2174,0.0,3.726,OPTIMAL
grid_5x5_31,seed_milpsnap_grid5x5_high.json,568,25,40,134,45.2174,0.0,2.508,OPTIMAL
grid_5x5_31,seed_milpsnap_grid5x5_high.json,569,25,40,132,45.2174,0.0,4.209,OPTIMAL
grid_5x5_31,seed_milpsnap_grid5x5_high.json,570,25,40,132,45.2174,0.0,3.313,OPTIMAL
grid_5x5_31,seed_milpsnap_grid5x5_high.json,571,25,40,124,45.2174,0.0,3.46,OPTIMAL
grid_5x5_31,seed_milpsnap_grid5x5_high.json,572,25,40,120,45.2174,0.0,3.386,OPTIMAL
grid_5x5_31,seed_milpsnap_grid5x5_high.json,573,25,40,123,45.2174,0.0,3.534,OPTIMAL
grid_5x5_31,seed_milpsnap_grid5x5_high.json,574,25,40,120,45.2174,0.0,3.251,OPTIMAL
grid_5x5_31,seed_milpsnap_grid5x5_high.json,575,25,40,125,45.2174,0.0,3.333,OPTIMAL
grid_5x5_31,seed_milpsnap_grid5x5_high.json,576,25,40,121,45.2174,0.0,3.137,OPTIMAL
grid_5x5_31,seed_milpsnap_grid5x5_high.json,577,25,40,111,45.2174,0.0,3.057,OPTIMAL
grid_5x5_31,seed_milpsnap_grid5x5_high.json,578,25,40,113,45.2174,0.0,2.719,OPTIMAL
grid_5x5_31,seed_milpsnap_grid5x5_high.json,579,25,40,114,45.2174,0.0,3.048,OPTIMAL
grid_5x5_31,seed_milpsnap_grid5x5_high.json,580,25,40,107,45.2174,0.0,2.949,OPTIMAL
grid_5x5_31,seed_milpsnap_grid5x5_high.json,581,25,40,111,45.2174,0.0,3.091,OPTIMAL
grid_5x5_31,seed_milpsnap_grid5x5_high.json,582,25,40,124,45.2174,0.0,4.331,OPTIMAL
grid_5x5_31,seed_milpsnap_grid5x5_high.json,583,25,40,125,45.2174,0.0,3.38,OPTIMAL
grid_5x5_31,seed_milpsnap_grid5x5_high.json,584,25,40,128,45.2174,0.0,2.901,OPTIMAL
grid_5x5_31,seed_milpsnap_grid5x5_high.json,585,25,40,119,45.2174,0.0,2.868,OPTIMAL
grid_5x5_31,seed_milpsnap_grid5x5_high.json,586,25,40,120,45.2174,0.0,3.157,OPTIMAL
grid_5x5_31,seed_milpsnap_grid5x5_high.json,587,25,40,119,45.2174,0.0,3.573,OPTIMAL
grid_5x5_31,seed_milpsnap_grid5x5_high.json,588,25,40,117,45.2174,0.0,3.32,OPTIMAL
grid_5x5_31,seed_milpsnap_grid5x5_high.json,589,25,40,116,45.2174,0.0,3.585,OPTIMAL
grid_5x5_31,seed_milpsnap_grid5x5_high.json,590,25,40,110,45.2174,0.0,4.072,OPTIMAL
grid_5x5_31,seed_milpsnap_grid5x5_high.json,591,25,40,111,45.2174,0.0,2.629,OPTIMAL
grid_5x5_31,seed_milpsnap_grid5x5_high.json,592,25,40,111,45.2174,0.0,2.793,OPTIMAL
grid_5x5_31,seed_milpsnap_grid5x5_high.json,593,25,40,116,45.2174,0.0,3.066,OPTIMAL
grid_5x5_31,seed_milpsnap_grid5x5_high.json,594,25,40,117,45.2174,0.0,3.225,OPTIMAL
grid_5x5_31,seed_milpsnap_grid5x5_high.json,595,25,40,122,45.2174,0.0,3.08,OPTIMAL
grid_5x5_31,seed_milpsnap_grid5x5_high.json,596,25,40,120,45.2174,0.0,3.546,OPTIMAL
grid_5x5_31,seed_milpsnap_grid5x5_high.json,597,25,40,106,45.2174,0.0,3.091,OPTIMAL
grid_5x5_31,seed_milpsnap_grid5x5_high.json,598,25,40,104,45.2174,0.0,3.089,OPTIMAL
grid_5x5_31,seed_milpsnap_grid5x5_high.json,599,25,40,106,45.2174,0.0,2.81,OPTIMAL
grid_5x5_31,seed_milpsnap_grid5x5_high.json,600,25,40,112,45.2174,0.0,2.95,OPTIMAL
grid_5x5_31,seed_milpsnap_grid5x5_high.json,601,25,40,118,45.2174,0.0,3.198,OPTIMAL
grid_5x5_31,seed_milpsnap_grid5x5_high.json,602,25,40,126,45.2174,0.0,4.654,OPTIMAL
grid_5x5_31,seed_milpsnap_grid5x5_high.json,603,25,40,124,45.2174,0.0,4.193,OPTIMAL
grid_5x5_31,seed_milpsnap_grid5x5_high.json,604,25,40,122,45.2174,0.0,3.572,OPTIMAL
grid_5x5_31,seed_milpsnap_grid5x5_high.json,605,25,40,1,83.4783,0.0,0.009,OPTIMAL
grid_5x5_31,seed_milpsnap_grid5x5_high.json,606,25,40,12,52.1739,0.0,0.119,OPTIMAL
grid_5x5_31,seed_milpsnap_grid5x5_high.json,607,25,40,23,45.2174,0.0,0.457,OPTIMAL
grid_5x5_31,seed_milpsnap_grid5x5_high.json,608,25,40,31,45.2174,0.0,0.627,OPTIMAL
grid_5x5_31,seed_milpsnap_grid5x5_high.json,609,25,40,40,45.2174,0.0,0.667,OPTIMAL
grid_5x5_31,seed_milpsnap_grid5x5_high.json,610,25,40,49,45.2174,0.0,1.162,OPTIMAL
grid_5x5_31,seed_milpsnap_grid5x5_high.json,611,25,40,56,45.2174,0.0,1.162,OPTIMAL
grid_5x5_31,seed_milpsnap_grid5x5_high.json,612,25,40,61,45.2174,0.0,1.386,OPTIMAL
grid_5x5_31,seed_milpsnap_grid5x5_high.json,613,25,40,67,45.2174,0.0,1.616,OPTIMAL
grid_5x5_31,seed_milpsnap_grid5x5_high.json,614,25,40,77,45.2174,0.0,1.574,OPTIMAL
grid_5x5_31,seed_milpsnap_grid5x5_high.json,615,25,40,83,45.2174,0.0,2.188,OPTIMAL
grid_5x5_31,seed_milpsnap_grid5x5_high.json,616,25,40,86,45.2174,0.0,2.083,OPTIMAL
grid_5x5_31,seed_milpsnap_grid5x5_high.json,617,25,40,91,45.2174,0.0,2.152,OPTIMAL
grid_5x5_31,seed_milpsnap_grid5x5_high.json,618,25,40,103,45.2174,0.0,2.531,OPTIMAL
grid_5x5_31,seed_milpsnap_grid5x5_high.json,619,25,40,112,45.2174,0.0,2.734,OPTIMAL
grid_5x5_31,seed_milpsnap_grid5x5_high.json,620,25,40,117,45.2174,0.0,3.58,OPTIMAL
grid_5x5_31,seed_milpsnap_grid5x5_high.json,621,25,40,113,45.2174,0.0,3.417,OPTIMAL
grid_5x5_31,seed_milpsnap_grid5x5_high.json,622,25,40,114,45.2174,0.0,3.273,OPTIMAL
grid_5x5_31,seed_milpsnap_grid5x5_high.json,623,25,40,113,45.2174,0.0,2.984,OPTIMAL
grid_5x5_31,seed_milpsnap_grid5x5_high.json,624,25,40,111,45.2174,0.0,3.122,OPTIMAL
grid_5x5_31,seed_milpsnap_grid5x5_high.json,625,25,40,113,45.2174,0.0,2.867,OPTIMAL
grid_5x5_31,seed_milpsnap_grid5x5_high.json,626,25,40,111,45.2174,0.0,3.073,OPTIMAL
grid_5x5_31,seed_milpsnap_grid5x5_high.json,627,25,40,118,45.2174,0.0,3.12,OPTIMAL
grid_5x5_31,seed_milpsnap_grid5x5_high.json,628,25,40,122,45.2174,0.0,3.07,OPTIMAL
grid_5x5_31,seed_milpsnap_grid5x5_high.json,629,25,40,120,45.2174,0.0,2.901,OPTIMAL
grid_5x5_31,seed_milpsnap_grid5x5_high.json,630,25,40,127,45.2174,0.0,3.478,OPTIMAL
grid_5x5_31,seed_milpsnap_grid5x5_high.json,631,25,40,130,45.2174,0.0,3.964,OPTIMAL
grid_5x5_31,seed_milpsnap_grid5x5_high.json,632,25,40,134,45.2174,0.0,3.763,OPTIMAL
grid_5x5_31,seed_milpsnap_grid5x5_high.json,633,25,40,133,45.2174,0.0,3.155,OPTIMAL
grid_5x5_31,seed_milpsnap_grid5x5_high.json,634,25,40,129,45.2174,0.0,2.976,OPTIMAL
grid_5x5_31,seed_milpsnap_grid5x5_high.json,635,25,40,131,45.2174,0.0,3.898,OPTIMAL
grid_5x5_31,seed_milpsnap_grid5x5_high.json,636,25,40,129,45.2174,0.0,3.89,OPTIMAL
grid_5x5_31,seed_milpsnap_grid5x5_high.json,637,25,40,125,45.2174,0.0,3.813,OPTIMAL
grid_5x5_31,seed_milpsnap_grid5x5_high.json,638,25,40,124,45.2174,0.0,4.474,OPTIMAL
grid_5x5_31,seed_milpsnap_grid5x5_high.json,639,25,40,127,45.2174,0.0,3.525,OPTIMAL
grid_5x5_31,seed_milpsnap_grid5x5_high.json,640,25,40,122,45.2174,0.0,3.309,OPTIMAL
grid_5x5_31,seed_milpsnap_grid5x5_high.json,641,25,40,123,45.2174,0.0,3.682,OPTIMAL
grid_5x5_31,seed_milpsnap_grid5x5_high.json,642,25,40,117,45.2174,0.0,2.979,OPTIMAL
grid_5x5_31,seed_milpsnap_grid5x5_high.json,643,25,40,118,45.2174,0.0,2.96,OPTIMAL
grid_5x5_31,seed_milpsnap_grid5x5_high.json,644,25,40,112,45.2174,0.0,2.691,OPTIMAL
grid_5x5_31,seed_milpsnap_grid5x5_high.json,645,25,40,104,45.2174,0.0,3.125,OPTIMAL
grid_5x5_31,seed_milpsnap_grid5x5_high.json,646,25,40,103,45.2174,0.0,3.893,OPTIMAL
grid_5x5_31,seed_milpsnap_grid5x5_high.json,647,25,40,104,45.2174,0.0,2.872,OPTIMAL
grid_5x5_31,seed_milpsnap_grid5x5_high.json,648,25,40,101,45.2174,0.0,2.328,OPTIMAL
grid_5x5_31,seed_milpsnap_grid5x5_high.json,649,25,40,102,45.2174,0.0,2.519,OPTIMAL
grid_5x5_31,seed_milpsnap_grid5x5_high.json,650,25,40,99,45.2174,0.0,2.236,OPTIMAL
grid_5x5_31,seed_milpsnap_grid5x5_high.json,651,25,40,105,45.2174,0.0,2.949,OPTIMAL
grid_5x5_31,seed_milpsnap_grid5x5_high.json,652,25,40,105,45.2174,0.0,2.89,OPTIMAL
grid_5x5_31,seed_milpsnap_grid5x5_high.json,653,25,40,105,45.2174,0.0,2.756,OPTIMAL
grid_5x5_31,seed_milpsnap_grid5x5_high.json,654,25,40,100,45.2174,0.0,2.307,OPTIMAL
grid_5x5_31,seed_milpsnap_grid5x5_high.json,655,25,40,110,45.2174,0.0,2.849,OPTIMAL
grid_5x5_31,seed_milpsnap_grid5x5_high.json,656,25,40,109,45.2174,0.0,3.083,OPTIMAL
grid_5x5_31,seed_milpsnap_grid5x5_high.json,657,25,40,110,45.2174,0.0,3.029,OPTIMAL
grid_5x5_31,seed_milpsnap_grid5x5_high.json,658,25,40,104,45.2174,0.0,2.714,OPTIMAL
grid_5x5_31,seed_milpsnap_grid5x5_high.json,659,25,40,104,45.2174,0.0,3.349,OPTIMAL
grid_5x5_31,seed_milpsnap_grid5x5_high.json,660,25,40,109,45.2174,0.0,3.016,OPTIMAL
grid_5x5_31,seed_milpsnap_grid5x5_high.json,661,25,40,114,45.2174,0.0,3.231,OPTIMAL
grid_5x5_31,seed_milpsnap_grid5x5_high.json,662,25,40,109,45.2174,0.0,2.849,OPTIMAL
grid_5x5_31,seed_milpsnap_grid5x5_high.json,663,25,40,108,45.2174,0.0,3.404,OPTIMAL
grid_5x5_31,seed_milpsnap_grid5x5_high.json,664,25,40,114,45.2174,0.0,4.166,OPTIMAL
grid_5x5_31,seed_milpsnap_grid5x5_high.json,665,25,40,124,45.2174,0.0,3.191,OPTIMAL
grid_5x5_31,seed_milpsnap_grid5x5_high.json,666,25,40,121,45.2174,0.0,2.996,OPTIMAL
grid_5x5_31,seed_milpsnap_grid5x5_high.json,667,25,40,123,45.2174,0.0,3.084,OPTIMAL
grid_5x5_31,seed_milpsnap_grid5x5_high.json,668,25,40,123,45.2174,0.0,3.073,OPTIMAL
grid_5x5_31,seed_milpsnap_grid5x5_high.json,669,25,40,130,45.2174,0.0,3.54,OPTIMAL
grid_5x5_31,seed_milpsnap_grid5x5_high.json,670,25,40,121,45.2174,0.0,3.999,OPTIMAL
grid_5x5_31,seed_milpsnap_grid5x5_high.json,671,25,40,126,45.2174,0.0,4.311,OPTIMAL
grid_5x5_31,seed_milpsnap_grid5x5_high.json,672,25,40,124,45.2174,0.0,3.089,OPTIMAL
grid_5x5_31,seed_milpsnap_grid5x5_high.json,673,25,40,126,45.2174,0.0,4.078,OPTIMAL
grid_5x5_31,seed_milpsnap_grid5x5_high.json,674,25,40,132,45.2174,0.0,4.639,OPTIMAL
grid_5x5_31,seed_milpsnap_grid5x5_high.json,675,25,40,128,45.2174,0.0,3.415,OPTIMAL
grid_5x5_31,seed_milpsnap_grid5x5_high.json,676,25,40,125,45.2174,0.0,3.142,OPTIMAL
grid_5x5_31,seed_milpsnap_grid5x5_high.json,677,25,40,135,45.2174,0.0,4.945,OPTIMAL
grid_5x5_31,seed_milpsnap_grid5x5_high.json,678,25,40,137,45.2174,0.0,3.201,OPTIMAL
grid_5x5_31,seed_milpsnap_grid5x5_high.json,679,25,40,132,45.2174,0.0,4.25,OPTIMAL
grid_5x5_31,seed_milpsnap_grid5x5_high.json,680,25,40,121,45.2174,0.0,3.031,OPTIMAL
grid_5x5_31,seed_milpsnap_grid5x5_high.json,681,25,40,121,45.2174,0.0,3.745,OPTIMAL
grid_5x5_31,seed_milpsnap_grid5x5_high.json,682,25,40,120,45.2174,0.0,3.652,OPTIMAL
grid_5x5_31,seed_milpsnap_grid5x5_high.json,683,25,40,127,45.2174,0.0,3.622,OPTIMAL
grid_5x5_31,seed_milpsnap_grid5x5_high.json,684,25,40,124,45.2174,0.0,3.063,OPTIMAL
grid_5x5_31,seed_milpsnap_grid5x5_high.json,685,25,40,121,45.2174,0.0,3.11,OPTIMAL
grid_5x5_31,seed_milpsnap_grid5x5_high.json,686,25,40,122,45.2174,0.0,3.307,OPTIMAL
grid_5x5_31,seed_milpsnap_grid5x5_high.json,687,25,40,126,45.2174,0.0,3.886,OPTIMAL
grid_5x5_31,seed_milpsnap_grid5x5_high.json,688,25,40,132,45.2174,0.0,3.07,OPTIMAL
grid_5x5_31,seed_milpsnap_grid5x5_high.json,689,25,40,129,45.2174,0.0,3.916,OPTIMAL
grid_5x5_31,seed_milpsnap_grid5x5_high.json,690,25,40,129,45.2174,0.0,2.925,OPTIMAL
grid_5x5_31,seed_milpsnap_grid5x5_high.json,691,25,40,132,45.2174,0.0,3.683,OPTIMAL
grid_5x5_31,seed_milpsnap_grid5x5_high.json,692,25,40,127,45.2174,0.0,2.938,OPTIMAL
grid_5x5_31,seed_milpsnap_grid5x5_high.json,693,25,40,131,45.2174,0.0,2.991,OPTIMAL
grid_5x5_31,seed_milpsnap_grid5x5_high.json,694,25,40,138,45.2174,0.0,3.246,OPTIMAL
grid_5x5_31,seed_milpsnap_grid5x5_high.json,695,25,40,142,45.2174,0.0,4.341,OPTIMAL
grid_5x5_31,seed_milpsnap_grid5x5_high.json,696,25,40,148,45.2174,0.0,3.977,OPTIMAL
grid_5x5_31,seed_milpsnap_grid5x5_high.json,697,25,40,146,45.2174,0.0,3.908,OPTIMAL
grid_5x5_31,seed_milpsnap_grid5x5_high.json,698,25,40,140,45.2174,0.0,2.926,OPTIMAL
grid_5x5_31,seed_milpsnap_grid5x5_high.json,699,25,40,139,45.2174,0.0,3.185,OPTIMAL
grid_5x5_31,seed_milpsnap_grid5x5_high.json,700,25,40,143,45.2174,0.0,4.165,OPTIMAL
grid_5x5_31,seed_milpsnap_grid5x5_high.json,701,25,40,139,45.2174,0.0,2.981,OPTIMAL
grid_5x5_31,seed_milpsnap_grid5x5_high.json,702,25,40,136,45.2174,0.0,3.296,OPTIMAL
grid_5x5_31,seed_milpsnap_grid5x5_high.json,703,25,40,132,45.2174,0.0,3.89,OPTIMAL
grid_5x5_31,seed_milpsnap_grid5x5_high.json,704,25,40,144,45.2174,0.0,5.623,OPTIMAL
grid_5x5_31,seed_milpsnap_grid5x5_high.json,705,25,40,145,45.2174,0.0,4.175,OPTIMAL
grid_5x5_31,seed_milpsnap_grid5x5_high.json,706,25,40,138,45.2174,0.0,3.839,OPTIMAL
grid_5x5_31,seed_milpsnap_grid5x5_high.json,707,25,40,142,45.2174,0.0,4.413,OPTIMAL
grid_5x5_31,seed_milpsnap_grid5x5_high.json,708,25,40,135,45.2174,0.0,4.17,OPTIMAL
grid_5x5_31,seed_milpsnap_grid5x5_high.json,709,25,40,134,45.2174,0.0,3.669,OPTIMAL
grid_5x5_31,seed_milpsnap_grid5x5_high.json,710,25,40,134,45.2174,0.0,3.134,OPTIMAL
grid_5x5_31,seed_milpsnap_grid5x5_high.json,711,25,40,127,45.2174,0.0,4.531,OPTIMAL
grid_5x5_31,seed_milpsnap_grid5x5_high.json,712,25,40,130,45.2174,0.0,4.127,OPTIMAL
grid_5x5_31,seed_milpsnap_grid5x5_high.json,713,25,40,129,45.2174,0.0,2.728,OPTIMAL
grid_5x5_31,seed_milpsnap_grid5x5_high.json,714,25,40,127,45.2174,0.0,3.605,OPTIMAL
grid_5x5_31,seed_milpsnap_grid5x5_high.json,715,25,40,125,45.2174,0.0,2.966,OPTIMAL
grid_5x5_31,seed_milpsnap_grid5x5_high.json,716,25,40,125,45.2174,0.0,3.276,OPTIMAL
grid_5x5_31,seed_milpsnap_grid5x5_high.json,717,25,40,132,45.2174,0.0,4.314,OPTIMAL
grid_5x5_31,seed_milpsnap_grid5x5_high.json,718,25,40,128,45.2174,0.0,4.045,OPTIMAL
grid_5x5_31,seed_milpsnap_grid5x5_high.json,719,25,40,118,45.2174,0.0,3.204,OPTIMAL
grid_5x5_31,seed_milpsnap_grid5x5_high.json,720,25,40,115,45.2174,0.0,2.96,OPTIMAL
grid_5x5_31,seed_milpsnap_grid5x5_high.json,721,25,40,116,45.2174,0.0,3.04,OPTIMAL
grid_5x5_31,seed_milpsnap_grid5x5_high.json,722,25,40,105,45.2174,0.0,2.624,OPTIMAL
grid_5x5_31,seed_milpsnap_grid5x5_high.json,723,25,40,106,45.2174,0.0,2.662,OPTIMAL
grid_5x5_31,seed_milpsnap_grid5x5_high.json,724,25,40,99,45.2174,0.0,2.201,OPTIMAL
grid_5x5_31,seed_milpsnap_grid5x5_high.json,725,25,40,97,45.2174,0.0,2.407,OPTIMAL
grid_5x5_31,seed_milpsnap_grid5x5_high.json,726,25,40,97,45.2174,0.0,2.36,OPTIMAL
grid_5x5_31,seed_milpsnap_grid5x5_high.json,727,25,40,93,45.2174,0.0,3.03,OPTIMAL
grid_5x5_31,seed_milpsnap_grid5x5_high.json,728,25,40,93,45.2174,0.0,2.395,OPTIMAL
grid_5x5_31,seed_milpsnap_grid5x5_high.json,729,25,40,103,45.2174,0.0,3.514,OPTIMAL
grid_5x5_31,seed_milpsnap_grid5x5_high.json,730,25,40,104,45.2174,0.0,2.727,OPTIMAL
grid_5x5_31,seed_milpsnap_grid5x5_high.json,731,25,40,100,45.2174,0.0,2.393,OPTIMAL
grid_5x5_31,seed_milpsnap_grid5x5_high.json,732,25,40,93,45.2174,0.0,2.348,OPTIMAL
grid_5x5_31,seed_milpsnap_grid5x5_high.json,733,25,40,94,45.2174,0.0,3.446,OPTIMAL
grid_5x5_31,seed_milpsnap_grid5x5_high.json,734,25,40,97,45.2174,0.0,2.3,OPTIMAL
grid_5x5_31,seed_milpsnap_grid5x5_high.json,735,25,40,98,45.2174,0.0,2.548,OPTIMAL
grid_5x5_31,seed_milpsnap_grid5x5_high.json,736,25,40,101,45.2174,0.0,2.419,OPTIMAL
grid_5x5_31,seed_milpsnap_grid5x5_high.json,737,25,40,102,45.2174,0.0,2.384,OPTIMAL
grid_5x5_31,seed_milpsnap_grid5x5_high.json,738,25,40,104,45.2174,0.0,3.343,OPTIMAL
grid_5x5_31,seed_milpsnap_grid5x5_high.json,739,25,40,109,45.2174,0.0,3.966,OPTIMAL
grid_5x5_31,seed_milpsnap_grid5x5_high.json,740,25,40,106,45.2174,0.0,2.606,OPTIMAL
grid_5x5_31,seed_milpsnap_grid5x5_high.json,741,25,40,107,45.2174,0.0,3.114,OPTIMAL
grid_5x5_31,seed_milpsnap_grid5x5_high.json,742,25,40,114,45.2174,0.0,3.037,OPTIMAL
grid_5x5_31,seed_milpsnap_grid5x5_high.json,743,25,40,114,45.2174,0.0,3.068,OPTIMAL
grid_5x5_31,seed_milpsnap_grid5x5_high.json,744,25,40,103,45.2174,0.0,2.591,OPTIMAL
grid_5x5_31,seed_milpsnap_grid5x5_high.json,745,25,40,106,45.2174,0.0,2.664,OPTIMAL
grid_5x5_31,seed_milpsnap_grid5x5_high.json,746,25,40,112,45.2174,0.0,3.635,OPTIMAL
grid_5x5_31,seed_milpsnap_grid5x5_high.json,747,25,40,111,45.2174,0.0,2.758,OPTIMAL
grid_5x5_31,seed_milpsnap_grid5x5_high.json,748,25,40,110,45.2174,0.0,2.792,OPTIMAL
grid_5x5_31,seed_milpsnap_grid5x5_high.json,749,25,40,106,45.2174,0.0,3.472,OPTIMAL
grid_5x5_31,seed_milpsnap_grid5x5_high.json,750,25,40,106,45.2174,0.0,2.942,OPTIMAL
grid_5x5_31,seed_milpsnap_grid5x5_high.json,751,25,40,107,45.2174,0.0,2.976,OPTIMAL
grid_5x5_31,seed_milpsnap_grid5x5_high.json,752,25,40,108,45.2174,0.0,3.154,OPTIMAL
grid_5x5_31,seed_milpsnap_grid5x5_high.json,753,25,40,106,45.2174,0.0,2.573,OPTIMAL
grid_5x5_31,seed_milpsnap_grid5x5_high.json,754,25,40,97,45.2174,0.0,2.601,OPTIMAL
grid_5x5_31,seed_milpsnap_grid5x5_high.json,755,25,40,99,45.2174,0.0,2.579,OPTIMAL
grid_5x5_31,seed_milpsnap_grid5x5_high.json,756,25,40,1,80.0,0.0,0.015,OPTIMAL
grid_5x5_31,seed_milpsnap_grid5x5_high.json,757,25,40,8,52.1739,0.0,0.112,OPTIMAL
grid_5x5_31,seed_milpsnap_grid5x5_high.json,758,25,40,12,52.1739,0.0,0.134,OPTIMAL
grid_5x5_31,seed_milpsnap_grid5x5_high.json,759,25,40,18,45.2174,0.0,0.449,OPTIMAL
grid_5x5_31,seed_milpsnap_grid5x5_high.json,760,25,40,25,45.2174,0.0,0.389,OPTIMAL
grid_5x5_31,seed_milpsnap_grid5x5_high.json,761,25,40,34,45.2174,0.0,0.553,OPTIMAL
grid_5x5_31,seed_milpsnap_grid5x5_high.json,762,25,40,43,45.2174,0.0,1.057,OPTIMAL
grid_5x5_31,seed_milpsnap_grid5x5_high.json,763,25,40,52,45.2174,0.0,1.128,OPTIMAL
grid_5x5_31,seed_milpsnap_grid5x5_high.json,764,25,40,62,45.2174,0.0,1.293,OPTIMAL
grid_5x5_31,seed_milpsnap_grid5x5_high.json,765,25,40,65,45.2174,0.0,1.539,OPTIMAL
grid_5x5_31,seed_milpsnap_grid5x5_high.json,766,25,40,73,45.2174,0.0,1.599,OPTIMAL
grid_5x5_31,seed_milpsnap_grid5x5_high.json,767,25,40,79,45.2174,0.0,2.261,OPTIMAL
grid_5x5_31,seed_milpsnap_grid5x5_high.json,768,25,40,86,45.2174,0.0,2.505,OPTIMAL
grid_5x5_31,seed_milpsnap_grid5x5_high.json,769,25,40,94,45.2174,0.0,2.475,OPTIMAL
grid_5x5_31,seed_milpsnap_grid5x5_high.json,770,25,40,104,45.2174,0.0,2.954,OPTIMAL
grid_5x5_31,seed_milpsnap_grid5x5_high.json,771,25,40,115,45.2174,0.0,4.231,OPTIMAL
grid_5x5_31,seed_milpsnap_grid5x5_high.json,772,25,40,113,45.2174,0.0,3.403,OPTIMAL
grid_5x5_31,seed_milpsnap_grid5x5_high.json,773,25,40,115,45.2174,0.0,3.314,OPTIMAL
grid_5x5_31,seed_milpsnap_grid5x5_high.json,774,25,40,122,45.2174,0.0,3.085,OPTIMAL
grid_5x5_31,seed_milpsnap_grid5x5_high.json,775,25,40,119,45.2174,0.0,2.906,OPTIMAL
grid_5x5_31,seed_milpsnap_grid5x5_high.json,776,25,40,116,45.2174,0.0,3.298,OPTIMAL
grid_5x5_31,seed_milpsnap_grid5x5_high.json,777,25,40,113,45.2174,0.0,3.384,OPTIMAL
grid_5x5_31,seed_milpsnap_grid5x5_high.json,778,25,40,111,45.2174,0.0,3.251,OPTIMAL
grid_5x5_31,seed_milpsnap_grid5x5_high.json,779,25,40,107,45.2174,0.0,3.024,OPTIMAL
grid_5x5_31,seed_milpsnap_grid5x5_high.json,780,25,40,115,45.2174,0.0,3.428,OPTIMAL
grid_5x5_31,seed_milpsnap_grid5x5_high.json,781,25,40,112,45.2174,0.0,2.801,OPTIMAL
grid_5x5_31,seed_milpsnap_grid5x5_high.json,782,25,40,113,45.2174,0.0,3.304,OPTIMAL
grid_5x5_31,seed_milpsnap_grid5x5_high.json,783,25,40,110,45.2174,0.0,4.021,OPTIMAL
grid_5x5_31,seed_milpsnap_grid5x5_high.json,784,25,40,109,45.2174,0.0,2.911,OPTIMAL
grid_5x5_31,seed_milpsnap_grid5x5_high.json,785,25,40,107,45.2174,0.0,2.611,OPTIMAL
grid_5x5_31,seed_milpsnap_grid5x5_high.json,786,25,40,100,45.2174,0.0,2.499,OPTIMAL
grid_5x5_31,seed_milpsnap_grid5x5_high.json,787,25,40,105,45.2174,0.0,2.617,OPTIMAL
grid_5x5_31,seed_milpsnap_grid5x5_high.json,788,25,40,103,45.2174,0.0,2.552,OPTIMAL
grid_5x5_31,seed_milpsnap_grid5x5_high.json,789,25,40,96,45.2174,0.0,2.402,OPTIMAL
grid_5x5_31,seed_milpsnap_grid5x5_high.json,790,25,40,101,45.2174,0.0,2.358,OPTIMAL
grid_5x5_31,seed_milpsnap_grid5x5_high.json,791,25,40,108,45.2174,0.0,3.325,OPTIMAL
grid_5x5_31,seed_milpsnap_grid5x5_high.json,792,25,40,106,45.2174,0.0,2.68,OPTIMAL
grid_5x5_31,seed_milpsnap_grid5x5_high.json,793,25,40,109,45.2174,0.0,2.994,OPTIMAL
grid_5x5_31,seed_milpsnap_grid5x5_high.json,794,25,40,111,45.2174,0.0,2.648,OPTIMAL
grid_5x5_31,seed_milpsnap_grid5x5_high.json,795,25,40,110,45.2174,0.0,2.584,OPTIMAL
grid_5x5_31,seed_milpsnap_grid5x5_high.json,796,25,40,112,45.2174,0.0,2.852,OPTIMAL
grid_5x5_31,seed_milpsnap_grid5x5_high.json,797,25,40,111,45.2174,0.0,2.705,OPTIMAL
grid_5x5_31,seed_milpsnap_grid5x5_high.json,798,25,40,117,45.2174,0.0,2.958,OPTIMAL
grid_5x5_31,seed_milpsnap_grid5x5_high.json,799,25,40,122,45.2174,0.0,3.207,OPTIMAL
grid_5x5_31,seed_milpsnap_grid5x5_high.json,800,25,40,120,45.2174,0.0,3.372,OPTIMAL
grid_5x5_31,seed_milpsnap_grid5x5_high.json,801,25,40,125,45.2174,0.0,3.216,OPTIMAL
grid_5x5_31,seed_milpsnap_grid5x5_high.json,802,25,40,126,45.2174,0.0,4.011,OPTIMAL
grid_5x5_31,seed_milpsnap_grid5x5_high.json,803,25,40,127,45.2174,0.0,3.363,OPTIMAL
grid_5x5_31,seed_milpsnap_grid5x5_high.json,804,25,40,126,45.2174,0.0,3.31,OPTIMAL
grid_5x5_31,seed_milpsnap_grid5x5_high.json,805,25,40,120,45.2174,0.0,4.403,OPTIMAL
grid_5x5_31,seed_milpsnap_grid5x5_high.json,806,25,40,114,45.2174,0.0,3.051,OPTIMAL
grid_5x5_31,seed_milpsnap_grid5x5_high.json,807,25,40,121,45.2174,0.0,2.936,OPTIMAL
grid_5x5_31,seed_milpsnap_grid5x5_high.json,808,25,40,117,45.2174,0.0,3.328,OPTIMAL
grid_5x5_31,seed_milpsnap_grid5x5_high.json,809,25,40,121,45.2174,0.0,3.745,OPTIMAL
grid_5x5_31,seed_milpsnap_grid5x5_high.json,810,25,40,120,45.2174,0.0,3.661,OPTIMAL
grid_5x5_31,seed_milpsnap_grid5x5_high.json,811,25,40,120,45.2174,0.0,3.717,OPTIMAL
grid_5x5_31,seed_milpsnap_grid5x5_high.json,812,25,40,120,45.2174,0.0,3.741,OPTIMAL
grid_5x5_31,seed_milpsnap_grid5x5_high.json,813,25,40,120,45.2174,0.0,3.283,OPTIMAL
grid_5x5_31,seed_milpsnap_grid5x5_high.json,814,25,40,114,45.2174,0.0,3.764,OPTIMAL
grid_5x5_31,seed_milpsnap_grid5x5_high.json,815,25,40,114,45.2174,0.0,2.802,OPTIMAL
grid_5x5_31,seed_milpsnap_grid5x5_high.json,816,25,40,112,45.2174,0.0,2.952,OPTIMAL
grid_5x5_31,seed_milpsnap_grid5x5_high.json,817,25,40,110,45.2174,0.0,3.95,OPTIMAL
grid_5x5_31,seed_milpsnap_grid5x5_high.json,818,25,40,111,45.2174,0.0,3.084,OPTIMAL
grid_5x5_31,seed_milpsnap_grid5x5_high.json,819,25,40,112,45.2174,0.0,3.6,OPTIMAL
grid_5x5_31,seed_milpsnap_grid5x5_high.json,820,25,40,115,45.2174,0.0,4.046,OPTIMAL
grid_5x5_31,seed_milpsnap_grid5x5_high.json,821,25,40,118,45.2174,0.0,3.37,OPTIMAL
grid_5x5_31,seed_milpsnap_grid5x5_high.json,822,25,40,116,45.2174,0.0,3.365,OPTIMAL
grid_5x5_31,seed_milpsnap_grid5x5_high.json,823,25,40,118,45.2174,0.0,3.071,OPTIMAL
grid_5x5_31,seed_milpsnap_grid5x5_high.json,824,25,40,114,45.2174,0.0,3.092,OPTIMAL
grid_5x5_31,seed_milpsnap_grid5x5_high.json,825,25,40,111,45.2174,0.0,3.579,OPTIMAL
grid_5x5_31,seed_milpsnap_grid5x5_high.json,826,25,40,115,45.2174,0.0,3.624,OPTIMAL
grid_5x5_31,seed_milpsnap_grid5x5_high.json,827,25,40,122,45.2174,0.0,3.528,OPTIMAL
grid_5x5_31,seed_milpsnap_grid5x5_high.json,828,25,40,118,45.2174,0.0,3.666,OPTIMAL
grid_5x5_31,seed_milpsnap_grid5x5_high.json,829,25,40,121,45.2174,0.0,3.155,OPTIMAL
grid_5x5_31,seed_milpsnap_grid5x5_high.json,830,25,40,125,45.2174,0.0,3.047,OPTIMAL
grid_5x5_31,seed_milpsnap_grid5x5_high.json,831,25,40,120,45.2174,0.0,3.072,OPTIMAL
grid_5x5_31,seed_milpsnap_grid5x5_high.json,832,25,40,118,45.2174,0.0,5.019,OPTIMAL
grid_5x5_31,seed_milpsnap_grid5x5_high.json,833,25,40,118,45.2174,0.0,3.315,OPTIMAL
grid_5x5_31,seed_milpsnap_grid5x5_high.json,834,25,40,119,45.2174,0.0,3.17,OPTIMAL
grid_5x5_31,seed_milpsnap_grid5x5_high.json,835,25,40,122,45.2174,0.0,2.839,OPTIMAL
grid_5x5_31,seed_milpsnap_grid5x5_high.json,836,25,40,124,45.2174,0.0,3.223,OPTIMAL
grid_5x5_31,seed_milpsnap_grid5x5_high.json,837,25,40,123,45.2174,0.0,4.093,OPTIMAL
grid_5x5_31,seed_milpsnap_grid5x5_high.json,838,25,40,128,45.2174,0.0,3.547,OPTIMAL
grid_5x5_31,seed_milpsnap_grid5x5_high.json,839,25,40,126,45.2174,0.0,3.624,OPTIMAL
grid_5x5_31,seed_milpsnap_grid5x5_high.json,840,25,40,123,45.2174,0.0,3.431,OPTIMAL
grid_5x5_31,seed_milpsnap_grid5x5_high.json,841,25,40,120,45.2174,0.0,3.043,OPTIMAL
grid_5x5_31,seed_milpsnap_grid5x5_high.json,842,25,40,115,45.2174,0.0,3.073,OPTIMAL
grid_5x5_31,seed_milpsnap_grid5x5_high.json,843,25,40,120,45.2174,0.0,3.28,OPTIMAL
grid_5x5_31,seed_milpsnap_grid5x5_high.json,844,25,40,115,45.2174,0.0,3.394,OPTIMAL
grid_5x5_31,seed_milpsnap_grid5x5_high.json,845,25,40,117,45.2174,0.0,2.856,OPTIMAL
grid_5x5_31,seed_milpsnap_grid5x5_high.json,846,25,40,117,45.2174,0.0,3.092,OPTIMAL
grid_5x5_31,seed_milpsnap_grid5x5_high.json,847,25,40,117,45.2174,0.0,3.261,OPTIMAL
grid_5x5_31,seed_milpsnap_grid5x5_high.json,848,25,40,121,45.2174,0.0,3.66,OPTIMAL
grid_5x5_31,seed_milpsnap_grid5x5_high.json,849,25,40,127,45.2174,0.0,3.163,OPTIMAL
grid_5x5_31,seed_milpsnap_grid5x5_high.json,850,25,40,125,45.2174,0.0,3.782,OPTIMAL
grid_5x5_31,seed_milpsnap_grid5x5_high.json,851,25,40,118,45.2174,0.0,3.086,OPTIMAL
grid_5x5_31,seed_milpsnap_grid5x5_high.json,852,25,40,113,45.2174,0.0,3.814,OPTIMAL
grid_5x5_31,seed_milpsnap_grid5x5_high.json,853,25,40,107,45.2174,0.0,3.772,OPTIMAL
grid_5x5_31,seed_milpsnap_grid5x5_high.json,854,25,40,116,45.2174,0.0,2.984,OPTIMAL
grid_5x5_31,seed_milpsnap_grid5x5_high.json,855,25,40,121,45.2174,0.0,3.245,OPTIMAL
grid_5x5_31,seed_milpsnap_grid5x5_high.json,856,25,40,123,45.2174,0.0,4.741,OPTIMAL
grid_5x5_31,seed_milpsnap_grid5x5_high.json,857,25,40,123,45.2174,0.0,4.346,OPTIMAL
grid_5x5_31,seed_milpsnap_grid5x5_high.json,858,25,40,125,45.2174,0.0,3.964,OPTIMAL
grid_5x5_31,seed_milpsnap_grid5x5_high.json,859,25,40,129,45.2174,0.0,3.35,OPTIMAL
grid_5x5_31,seed_milpsnap_grid5x5_high.json,860,25,40,126,45.2174,0.0,3.243,OPTIMAL
grid_5x5_31,seed_milpsnap_grid5x5_high.json,861,25,40,128,45.2174,0.0,2.856,OPTIMAL
grid_5x5_31,seed_milpsnap_grid5x5_high.json,862,25,40,127,45.2174,0.0,3.096,OPTIMAL
grid_5x5_31,seed_milpsnap_grid5x5_high.json,863,25,40,124,45.2174,0.0,3.326,OPTIMAL
grid_5x5_31,seed_milpsnap_grid5x5_high.json,864,25,40,120,45.2174,0.0,3.018,OPTIMAL
grid_5x5_31,seed_milpsnap_grid5x5_high.json,865,25,40,121,45.2174,0.0,3.239,OPTIMAL
grid_5x5_31,seed_milpsnap_grid5x5_high.json,866,25,40,121,45.2174,0.0,3.732,OPTIMAL
grid_5x5_31,seed_milpsnap_grid5x5_high.json,867,25,40,130,45.2174,0.0,2.863,OPTIMAL
grid_5x5_31,seed_milpsnap_grid5x5_high.json,868,25,40,130,45.2174,0.0,3.009,OPTIMAL
grid_5x5_31,seed_milpsnap_grid5x5_high.json,869,25,40,122,45.2174,0.0,3.477,OPTIMAL
grid_5x5_31,seed_milpsnap_grid5x5_high.json,870,25,40,126,45.2174,0.0,3.603,OPTIMAL
grid_5x5_31,seed_milpsnap_grid5x5_high.json,871,25,40,120,45.2174,0.0,3.154,OPTIMAL
grid_5x5_31,seed_milpsnap_grid5x5_high.json,872,25,40,121,45.2174,0.0,3.853,OPTIMAL
grid_5x5_31,seed_milpsnap_grid5x5_high.json,873,25,40,113,45.2174,0.0,3.307,OPTIMAL
grid_5x5_31,seed_milpsnap_grid5x5_high.json,874,25,40,113,45.2174,0.0,3.448,OPTIMAL
grid_5x5_31,seed_milpsnap_grid5x5_high.json,875,25,40,113,45.2174,0.0,3.353,OPTIMAL
grid_5x5_31,seed_milpsnap_grid5x5_high.json,876,25,40,119,45.2174,0.0,3.331,OPTIMAL
grid_5x5_31,seed_milpsnap_grid5x5_high.json,877,25,40,119,45.2174,0.0,3.034,OPTIMAL
grid_5x5_31,seed_milpsnap_grid5x5_high.json,878,25,40,117,45.2174,0.0,3.594,OPTIMAL
grid_5x5_31,seed_milpsnap_grid5x5_high.json,879,25,40,114,45.2174,0.0,3.989,OPTIMAL
grid_5x5_31,seed_milpsnap_grid5x5_high.json,880,25,40,113,45.2174,0.0,2.746,OPTIMAL
grid_5x5_31,seed_milpsnap_grid5x5_high.json,881,25,40,110,45.2174,0.0,2.542,OPTIMAL
grid_5x5_31,seed_milpsnap_grid5x5_high.json,882,25,40,104,45.2174,0.0,2.978,OPTIMAL
grid_5x5_31,seed_milpsnap_grid5x5_high.json,883,25,40,106,45.2174,0.0,2.887,OPTIMAL
grid_5x5_31,seed_milpsnap_grid5x5_high.json,884,25,40,106,45.2174,0.0,2.697,OPTIMAL
grid_5x5_31,seed_milpsnap_grid5x5_high.json,885,25,40,106,45.2174,0.0,2.842,OPTIMAL
grid_5x5_31,seed_milpsnap_grid5x5_high.json,886,25,40,106,45.2174,0.0,3.28,OPTIMAL
grid_5x5_31,seed_milpsnap_grid5x5_high.json,887,25,40,102,45.2174,0.0,2.408,OPTIMAL
grid_5x5_31,seed_milpsnap_grid5x5_high.json,888,25,40,102,45.2174,0.0,2.472,OPTIMAL
grid_5x5_31,seed_milpsnap_grid5x5_high.json,889,25,40,104,45.2174,0.0,3.297,OPTIMAL
grid_5x5_31,seed_milpsnap_grid5x5_high.json,890,25,40,101,45.2174,0.0,3.044,OPTIMAL
grid_5x5_31,seed_milpsnap_grid5x5_high.json,891,25,40,94,45.2174,0.0,3.304,OPTIMAL
grid_5x5_31,seed_milpsnap_grid5x5_high.json,892,25,40,98,45.2174,0.0,2.266,OPTIMAL
grid_5x5_31,seed_milpsnap_grid5x5_high.json,893,25,40,101,45.2174,0.0,2.599,OPTIMAL
grid_5x5_31,seed_milpsnap_grid5x5_high.json,894,25,40,109,45.2174,0.0,2.661,OPTIMAL
grid_5x5_31,seed_milpsnap_grid5x5_high.json,895,25,40,108,45.2174,0.0,2.783,OPTIMAL
grid_5x5_31,seed_milpsnap_grid5x5_high.json,896,25,40,111,45.2174,0.0,2.765,OPTIMAL
grid_5x5_31,seed_milpsnap_grid5x5_high.json,897,25,40,115,45.2174,0.0,2.952,OPTIMAL
grid_5x5_31,seed_milpsnap_grid5x5_high.json,898,25,40,116,45.2174,0.0,2.946,OPTIMAL
grid_5x5_31,seed_milpsnap_grid5x5_high.json,899,25,40,121,45.2174,0.0,3.335,OPTIMAL
grid_5x5_31,seed_milpsnap_grid5x5_high.json,900,25,40,113,45.2174,0.0,2.927,OPTIMAL
grid_5x5_31,seed_milpsnap_grid5x5_high.json,901,25,40,120,45.2174,0.0,3.763,OPTIMAL
grid_5x5_31,seed_milpsnap_grid5x5_high.json,902,25,40,123,45.2174,0.0,4.045,OPTIMAL
grid_5x5_31,seed_milpsnap_grid5x5_high.json,903,25,40,137,45.2174,0.0,4.27,OPTIMAL
grid_5x5_31,seed_milpsnap_grid5x5_high.json,904,25,40,131,45.2174,0.0,3.47,OPTIMAL
grid_5x5_31,seed_milpsnap_grid5x5_high.json,905,25,40,132,45.2174,0.0,4.125,OPTIMAL
grid_5x5_31,seed_milpsnap_grid5x5_high.json,906,25,40,137,45.2174,0.0,3.213,OPTIMAL
grid_5x5_31,seed_milpsnap_grid5x5_high.json,907,25,40,1,76.5217,0.0,0.015,OPTIMAL
grid_5x5_31,seed_milpsnap_grid5x5_high.json,908,25,40,12,48.6957,0.0,0.136,OPTIMAL
grid_5x5_31,seed_milpsnap_grid5x5_high.json,909,25,40,20,45.2174,0.0,0.404,OPTIMAL
grid_5x5_31,seed_milpsnap_grid5x5_high.json,910,25,40,26,45.2174,0.0,0.569,OPTIMAL
grid_5x5_31,seed_milpsnap_grid5x5_high.json,911,25,40,37,45.2174,0.0,0.69,OPTIMAL
grid_5x5_31,seed_milpsnap_grid5x5_high.json,912,25,40,48,45.2174,0.0,1.159,OPTIMAL
grid_5x5_31,seed_milpsnap_grid5x5_high.json,913,25,40,60,45.2174,0.0,1.318,OPTIMAL
grid_5x5_31,seed_milpsnap_grid5x5_high.json,914,25,40,70,45.2174,0.0,2.181,OPTIMAL
grid_5x5_31,seed_milpsnap_grid5x5_high.json,915,25,40,79,45.2174,0.0,2.018,OPTIMAL
grid_5x5_31,seed_milpsnap_grid5x5_high.json,916,25,40,89,45.2174,0.0,2.009,OPTIMAL
grid_5x5_31,seed_milpsnap_grid5x5_high.json,917,25,40,96,45.2174,0.0,2.517,OPTIMAL
grid_5x5_31,seed_milpsnap_grid5x5_high.json,918,25,40,103,45.2174,0.0,2.685,OPTIMAL
grid_5x5_31,seed_milpsnap_grid5x5_high.json,919,25,40,110,45.2174,0.0,4.772,OPTIMAL
grid_5x5_31,seed_milpsnap_grid5x5_high.json,920,25,40,118,45.2174,0.0,3.748,OPTIMAL
grid_5x5_31,seed_milpsnap_grid5x5_high.json,921,25,40,125,45.2174,0.0,3.981,OPTIMAL
grid_5x5_31,seed_milpsnap_grid5x5_high.json,922,25,40,126,45.2174,0.0,4.403,OPTIMAL
grid_5x5_31,seed_milpsnap_grid5x5_high.json,923,25,40,129,45.2174,0.0,2.956,OPTIMAL
grid_5x5_31,seed_milpsnap_grid5x5_high.json,924,25,40,126,45.2174,0.0,3.914,OPTIMAL
grid_5x5_31,seed_milpsnap_grid5x5_high.json,925,25,40,127,45.2174,0.0,3.422,OPTIMAL
grid_5x5_31,seed_milpsnap_grid5x5_high.json,926,25,40,117,45.2174,0.0,2.807,OPTIMAL
grid_5x5_31,seed_milpsnap_grid5x5_high.json,927,25,40,119,45.2174,0.0,3.065,OPTIMAL
grid_5x5_31,seed_milpsnap_grid5x5_high.json,928,25,40,113,45.2174,0.0,3.081,OPTIMAL
grid_5x5_31,seed_milpsnap_grid5x5_high.json,929,25,40,112,45.2174,0.0,3.38,OPTIMAL
grid_5x5_31,seed_milpsnap_grid5x5_high.json,930,25,40,110,45.2174,0.0,2.846,OPTIMAL
grid_5x5_31,seed_milpsnap_grid5x5_high.json,931,25,40,105,45.2174,0.0,2.58,OPTIMAL
grid_5x5_31,seed_milpsnap_grid5x5_high.json,932,25,40,107,45.2174,0.0,2.922,OPTIMAL
grid_5x5_31,seed_milpsnap_grid5x5_high.json,933,25,40,106,45.2174,0.0,2.864,OPTIMAL
grid_5x5_31,seed_milpsnap_grid5x5_high.json,934,25,40,105,45.2174,0.0,3.201,OPTIMAL
grid_5x5_31,seed_milpsnap_grid5x5_high.json,935,25,40,105,45.2174,0.0,3.742,OPTIMAL
grid_5x5_31,seed_milpsnap_grid5x5_high.json,936,25,40,105,45.2174,0.0,2.916,OPTIMAL
grid_5x5_31,seed_milpsnap_grid5x5_high.json,937,25,40,110,45.2174,0.0,2.915,OPTIMAL
grid_5x5_31,seed_milpsnap_grid5x5_high.json,938,25,40,110,45.2174,0.0,2.733,OPTIMAL
grid_5x5_31,seed_milpsnap_grid5x5_high.json,939,25,40,109,45.2174,0.0,3.154,OPTIMAL
grid_5x5_31,seed_milpsnap_grid5x5_high.json,940,25,40,112,45.2174,0.0,2.993,OPTIMAL
grid_5x5_31,seed_milpsnap_grid5x5_high.json,941,25,40,118,45.2174,0.0,4.065,OPTIMAL
grid_5x5_31,seed_milpsnap_grid5x5_high.json,942,25,40,118,45.2174,0.0,3.433,OPTIMAL
grid_5x5_31,seed_milpsnap_grid5x5_high.json,943,25,40,123,45.2174,0.0,4.234,OPTIMAL
grid_5x5_31,seed_milpsnap_grid5x5_high.json,944,25,40,125,45.2174,0.0,3.606,OPTIMAL
grid_5x5_31,seed_milpsnap_grid5x5_high.json,945,25,40,127,45.2174,0.0,2.854,OPTIMAL
grid_5x5_31,seed_milpsnap_grid5x5_high.json,946,25,40,132,45.2174,0.0,3.488,OPTIMAL
grid_5x5_31,seed_milpsnap_grid5x5_high.json,947,25,40,133,45.2174,0.0,5.77,OPTIMAL
grid_5x5_31,seed_milpsnap_grid5x5_high.json,948,25,40,137,45.2174,0.0,3.841,OPTIMAL
grid_5x5_31,seed_milpsnap_grid5x5_high.json,949,25,40,135,45.2174,0.0,4.626,OPTIMAL
grid_5x5_31,seed_milpsnap_grid5x5_high.json,950,25,40,137,45.2174,0.0,3.111,OPTIMAL
grid_5x5_31,seed_milpsnap_grid5x5_high.json,951,25,40,135,45.2174,0.0,4.788,OPTIMAL
grid_5x5_31,seed_milpsnap_grid5x5_high.json,952,25,40,131,45.2174,0.0,3.303,OPTIMAL
grid_5x5_31,seed_milpsnap_grid5x5_high.json,953,25,40,125,45.2174,0.0,3.398,OPTIMAL
grid_5x5_31,seed_milpsnap_grid5x5_high.json,954,25,40,127,45.2174,0.0,3.137,OPTIMAL
grid_5x5_31,seed_milpsnap_grid5x5_high.json,955,25,40,124,45.2174,0.0,3.854,OPTIMAL
grid_5x5_31,seed_milpsnap_grid5x5_high.json,956,25,40,128,45.2174,0.0,3.923,OPTIMAL
grid_5x5_31,seed_milpsnap_grid5x5_high.json,957,25,40,120,45.2174,0.0,3.393,OPTIMAL
grid_5x5_31,seed_milpsnap_grid5x5_high.json,958,25,40,113,45.2174,0.0,3.364,OPTIMAL
grid_5x5_31,seed_milpsnap_grid5x5_high.json,959,25,40,110,45.2174,0.0,3.014,OPTIMAL
grid_5x5_31,seed_milpsnap_grid5x5_high.json,960,25,40,106,45.2174,0.0,3.262,OPTIMAL
grid_5x5_31,seed_milpsnap_grid5x5_high.json,961,25,40,105,45.2174,0.0,2.906,OPTIMAL
grid_5x5_31,seed_milpsnap_grid5x5_high.json,962,25,40,106,45.2174,0.0,2.637,OPTIMAL
grid_5x5_31,seed_milpsnap_grid5x5_high.json,963,25,40,105,45.2174,0.0,2.915,OPTIMAL
grid_5x5_31,seed_milpsnap_grid5x5_high.json,964,25,40,109,45.2174,0.0,3.134,OPTIMAL
grid_5x5_31,seed_milpsnap_grid5x5_high.json,965,25,40,104,45.2174,0.0,2.677,OPTIMAL
grid_5x5_31,seed_milpsnap_grid5x5_high.json,966,25,40,105,45.2174,0.0,2.765,OPTIMAL
grid_5x5_31,seed_milpsnap_grid5x5_high.json,967,25,40,112,45.2174,0.0,3.035,OPTIMAL
grid_5x5_31,seed_milpsnap_grid5x5_high.json,968,25,40,112,45.2174,0.0,3.811,OPTIMAL
grid_5x5_31,seed_milpsnap_grid5x5_high.json,969,25,40,114,45.2174,0.0,3.518,OPTIMAL
grid_5x5_31,seed_milpsnap_grid5x5_high.json,970,25,40,116,45.2174,0.0,4.428,OPTIMAL
grid_5x5_31,seed_milpsnap_grid5x5_high.json,971,25,40,114,45.2174,0.0,2.736,OPTIMAL
grid_5x5_31,seed_milpsnap_grid5x5_high.json,972,25,40,114,45.2174,0.0,2.826,OPTIMAL
grid_5x5_31,seed_milpsnap_grid5x5_high.json,973,25,40,118,45.2174,0.0,2.814,OPTIMAL
grid_5x5_31,seed_milpsnap_grid5x5_high.json,974,25,40,120,45.2174,0.0,3.08,OPTIMAL
grid_5x5_31,seed_milpsnap_grid5x5_high.json,975,25,40,128,45.2174,0.0,3.305,OPTIMAL
grid_5x5_31,seed_milpsnap_grid5x5_high.json,976,25,40,126,45.2174,0.0,4.267,OPTIMAL
grid_5x5_31,seed_milpsnap_grid5x5_high.json,977,25,40,126,45.2174,0.0,3.115,OPTIMAL
grid_5x5_31,seed_milpsnap_grid5x5_high.json,978,25,40,122,45.2174,0.0,3.222,OPTIMAL
grid_5x5_31,seed_milpsnap_grid5x5_high.json,979,25,40,129,45.2174,0.0,2.817,OPTIMAL
grid_5x5_31,seed_milpsnap_grid5x5_high.json,980,25,40,132,45.2174,0.0,3.181,OPTIMAL
grid_5x5_31,seed_milpsnap_grid5x5_high.json,981,25,40,137,45.2174,0.0,3.383,OPTIMAL
grid_5x5_31,seed_milpsnap_grid5x5_high.json,982,25,40,135,45.2174,0.0,2.981,OPTIMAL
grid_5x5_31,seed_milpsnap_grid5x5_high.json,983,25,40,136,45.2174,0.0,4.03,OPTIMAL
grid_5x5_31,seed_milpsnap_grid5x5_high.json,984,25,40,134,45.2174,0.0,3.06,OPTIMAL
grid_5x5_31,seed_milpsnap_grid5x5_high.json,985,25,40,132,45.2174,0.0,4.16,OPTIMAL
grid_5x5_31,seed_milpsnap_grid5x5_high.json,986,25,40,132,45.2174,0.0,2.731,OPTIMAL
grid_5x5_31,seed_milpsnap_grid5x5_high.json,987,25,40,135,45.2174,0.0,4.023,OPTIMAL
grid_5x5_31,seed_milpsnap_grid5x5_high.json,988,25,40,134,45.2174,0.0,2.934,OPTIMAL
grid_5x5_31,seed_milpsnap_grid5x5_high.json,989,25,40,138,45.2174,0.0,3.58,OPTIMAL
grid_5x5_31,seed_milpsnap_grid5x5_high.json,990,25,40,140,45.2174,0.0,3.542,OPTIMAL
grid_5x5_31,seed_milpsnap_grid5x5_high.json,991,25,40,141,45.2174,0.0,4.018,OPTIMAL
grid_5x5_31,seed_milpsnap_grid5x5_high.json,992,25,40,138,45.2174,0.0,3.46,OPTIMAL
grid_5x5_31,seed_milpsnap_grid5x5_high.json,993,25,40,144,45.2174,0.0,6.827,OPTIMAL
grid_5x5_31,seed_milpsnap_grid5x5_high.json,994,25,40,138,45.2174,0.0,3.29,OPTIMAL
grid_5x5_31,seed_milpsnap_grid5x5_high.json,995,25,40,140,45.2174,0.0,4.441,OPTIMAL
grid_5x5_31,seed_milpsnap_grid5x5_high.json,996,25,40,140,45.2174,0.0,3.463,OPTIMAL
grid_5x5_31,seed_milpsnap_grid5x5_high.json,997,25,40,138,45.2174,0.0,3.677,OPTIMAL
grid_5x5_31,seed_milpsnap_grid5x5_high.json,998,25,40,140,45.2174,0.0,3.439,OPTIMAL
grid_5x5_31,seed_milpsnap_grid5x5_high.json,999,25,40,137,45.2174,0.0,4.321,OPTIMAL
grid_5x5_31,seed_milpsnap_grid5x5_high.json,1000,25,40,137,45.2174,0.0,4.119,OPTIMAL
grid_5x5_31,seed_milpsnap_grid5x5_high.json,1001,25,40,133,45.2174,0.0,3.802,OPTIMAL
grid_5x5_31,seed_milpsnap_grid5x5_high.json,1002,25,40,136,45.2174,0.0,3.591,OPTIMAL
grid_5x5_31,seed_milpsnap_grid5x5_high.json,1003,25,40,137,45.2174,0.0,4.056,OPTIMAL
grid_5x5_31,seed_milpsnap_grid5x5_high.json,1004,25,40,133,45.2174,0.0,4.473,OPTIMAL
grid_5x5_31,seed_milpsnap_grid5x5_high.json,1005,25,40,126,45.2174,0.0,4.389,OPTIMAL
grid_5x5_31,seed_milpsnap_grid5x5_high.json,1006,25,40,125,45.2174,0.0,4.334,OPTIMAL
grid_5x5_31,seed_milpsnap_grid5x5_high.json,1007,25,40,120,45.2174,0.0,3.359,OPTIMAL
grid_5x5_31,seed_milpsnap_grid5x5_high.json,1008,25,40,119,45.2174,0.0,3.48,OPTIMAL
grid_5x5_31,seed_milpsnap_grid5x5_high.json,1009,25,40,119,45.2174,0.0,3.284,OPTIMAL
grid_5x5_31,seed_milpsnap_grid5x5_high.json,1010,25,40,114,45.2174,0.0,3.08,OPTIMAL
grid_5x5_31,seed_milpsnap_grid5x5_high.json,1011,25,40,115,45.2174,0.0,3.183,OPTIMAL
grid_5x5_31,seed_milpsnap_grid5x5_high.json,1012,25,40,116,45.2174,0.0,2.98,OPTIMAL
grid_5x5_31,seed_milpsnap_grid5x5_high.json,1013,25,40,121,45.2174,0.0,3.641,OPTIMAL
grid_5x5_31,seed_milpsnap_grid5x5_high.json,1014,25,40,126,45.2174,0.0,4.48,OPTIMAL
grid_5x5_31,seed_milpsnap_grid5x5_high.json,1015,25,40,125,45.2174,0.0,3.365,OPTIMAL
grid_5x5_31,seed_milpsnap_grid5x5_high.json,1016,25,40,127,45.2174,0.0,2.743,OPTIMAL
grid_5x5_31,seed_milpsnap_grid5x5_high.json,1017,25,40,121,45.2174,0.0,3.029,OPTIMAL
grid_5x5_31,seed_milpsnap_grid5x5_high.json,1018,25,40,121,45.2174,0.0,3.155,OPTIMAL
grid_5x5_31,seed_milpsnap_grid5x5_high.json,1019,25,40,124,45.2174,0.0,3.266,OPTIMAL
grid_5x5_31,seed_milpsnap_grid5x5_high.json,1020,25,40,126,45.2174,0.0,3.641,OPTIMAL
grid_5x5_31,seed_milpsnap_grid5x5_high.json,1021,25,40,133,45.2174,0.0,3.044,OPTIMAL
grid_5x5_31,seed_milpsnap_grid5x5_high.json,1022,25,40,140,45.2174,0.0,5.288,OPTIMAL
grid_5x5_31,seed_milpsnap_grid5x5_high.json,1023,25,40,135,45.2174,0.0,4.822,OPTIMAL
grid_5x5_31,seed_milpsnap_grid5x5_high.json,1024,25,40,129,45.2174,0.0,2.657,OPTIMAL
grid_5x5_31,seed_milpsnap_grid5x5_high.json,1025,25,40,130,45.2174,0.0,3.378,OPTIMAL
grid_5x5_31,seed_milpsnap_grid5x5_high.json,1026,25,40,124,45.2174,0.0,3.42,OPTIMAL
grid_5x5_31,seed_milpsnap_grid5x5_high.json,1027,25,40,124,45.2174,0.0,3.344,OPTIMAL
grid_5x5_31,seed_milpsnap_grid5x5_high.json,1028,25,40,112,45.2174,0.0,3.849,OPTIMAL
grid_5x5_31,seed_milpsnap_grid5x5_high.json,1029,25,40,112,45.2174,0.0,2.607,OPTIMAL
grid_5x5_31,seed_milpsnap_grid5x5_high.json,1030,25,40,114,45.2174,0.0,3.054,OPTIMAL
grid_5x5_31,seed_milpsnap_grid5x5_high.json,1031,25,40,110,45.2174,0.0,2.744,OPTIMAL
grid_5x5_31,seed_milpsnap_grid5x5_high.json,1032,25,40,118,45.2174,0.0,4.279,OPTIMAL
grid_5x5_31,seed_milpsnap_grid5x5_high.json,1033,25,40,116,45.2174,0.0,3.318,OPTIMAL
grid_5x5_31,seed_milpsnap_grid5x5_high.json,1034,25,40,108,45.2174,0.0,3.256,OPTIMAL
grid_5x5_31,seed_milpsnap_grid5x5_high.json,1035,25,40,100,45.2174,0.0,3.185,OPTIMAL
grid_5x5_31,seed_milpsnap_grid5x5_high.json,1036,25,40,95,45.2174,0.0,2.533,OPTIMAL
grid_5x5_31,seed_milpsnap_grid5x5_high.json,1037,25,40,100,45.2174,0.0,2.534,OPTIMAL
grid_5x5_31,seed_milpsnap_grid5x5_high.json,1038,25,40,102,45.2174,0.0,3.164,OPTIMAL
grid_5x5_31,seed_milpsnap_grid5x5_high.json,1039,25,40,106,45.2174,0.0,2.9,OPTIMAL
grid_5x5_31,seed_milpsnap_grid5x5_high.json,1040,25,40,108,45.2174,0.0,3.71,OPTIMAL
grid_5x5_31,seed_milpsnap_grid5x5_high.json,1041,25,40,114,45.2174,0.0,4.075,OPTIMAL
grid_5x5_31,seed_milpsnap_grid5x5_high.json,1042,25,40,117,45.2174,0.0,3.079,OPTIMAL
grid_5x5_31,seed_milpsnap_grid5x5_high.json,1043,25,40,121,45.2174,0.0,3.227,OPTIMAL
grid_5x5_31,seed_milpsnap_grid5x5_high.json,1044,25,40,119,45.2174,0.0,2.971,OPTIMAL
grid_5x5_31,seed_milpsnap_grid5x5_high.json,1045,25,40,122,45.2174,0.0,3.649,OPTIMAL
grid_5x5_31,seed_milpsnap_grid5x5_high.json,1046,25,40,129,45.2174,0.0,2.712,OPTIMAL
grid_5x5_31,seed_milpsnap_grid5x5_high.json,1047,25,40,124,45.2174,0.0,3.635,OPTIMAL
grid_5x5_31,seed_milpsnap_grid5x5_high.json,1048,25,40,128,45.2174,0.0,3.065,OPTIMAL
grid_5x5_31,seed_milpsnap_grid5x5_high.json,1049,25,40,130,45.2174,0.0,3.545,OPTIMAL
grid_5x5_31,seed_milpsnap_grid5x5_high.json,1050,25,40,140,45.2174,0.0,4.037,OPTIMAL
grid_5x5_31,seed_milpsnap_grid5x5_high.json,1051,25,40,143,45.2174,0.0,4.372,OPTIMAL
grid_5x5_31,seed_milpsnap_grid5x5_high.json,1052,25,40,139,45.2174,0.0,4.869,OPTIMAL
grid_5x5_31,seed_milpsnap_grid5x5_high.json,1053,25,40,138,45.2174,0.0,4.018,OPTIMAL
grid_5x5_31,seed_milpsnap_grid5x5_high.json,1054,25,40,140,45.2174,0.0,3.459,OPTIMAL
grid_5x5_31,seed_milpsnap_grid5x5_high.json,1055,25,40,146,45.2174,0.0,5.338,OPTIMAL
grid_5x5_31,seed_milpsnap_grid5x5_high.json,1056,25,40,144,45.2174,0.0,3.95,OPTIMAL
grid_5x5_31,seed_milpsnap_grid5x5_high.json,1057,25,40,141,45.2174,0.0,4.646,OPTIMAL
grid_5x5_31,seed_milpsnap_grid5x5_high.json,1058,25,40,1,86.9565,0.0,0.01,OPTIMAL
grid_5x5_31,seed_milpsnap_grid5x5_high.json,1059,25,40,10,52.1739,0.0,0.177,OPTIMAL
grid_5x5_31,seed_milpsnap_grid5x5_high.json,1060,25,40,19,48.6957,0.0,0.252,OPTIMAL
grid_5x5_31,seed_milpsnap_grid5x5_high.json,1061,25,40,27,45.2174,0.0,0.673,OPTIMAL
grid_5x5_31,seed_milpsnap_grid5x5_high.json,1062,25,40,33,45.2174,0.0,0.6,OPTIMAL
grid_5x5_31,seed_milpsnap_grid5x5_high.json,1063,25,40,40,45.2174,0.0,0.683,OPTIMAL
grid_5x5_31,seed_milpsnap_grid5x5_high.json,1064,25,40,50,45.2174,0.0,0.98,OPTIMAL
grid_5x5_31,seed_milpsnap_grid5x5_high.json,1065,25,40,62,45.2174,0.0,1.365,OPTIMAL
grid_5x5_31,seed_milpsnap_grid5x5_high.json,1066,25,40,67,45.2174,0.0,1.513,OPTIMAL
grid_5x5_31,seed_milpsnap_grid5x5_high.json,1067,25,40,78,45.2174,0.0,1.646,OPTIMAL
grid_5x5_31,seed_milpsnap_grid5x5_high.json,1068,25,40,85,45.2174,0.0,1.894,OPTIMAL
grid_5x5_31,seed_milpsnap_grid5x5_high.json,1069,25,40,97,45.2174,0.0,2.451,OPTIMAL
grid_5x5_31,seed_milpsnap_grid5x5_high.json,1070,25,40,105,45.2174,0.0,2.642,OPTIMAL
grid_5x5_31,seed_milpsnap_grid5x5_high.json,1071,25,40,111,45.2174,0.0,2.824,OPTIMAL
grid_5x5_31,seed_milpsnap_grid5x5_high.json,1072,25,40,121,45.2174,0.0,2.989,OPTIMAL
grid_5x5_31,seed_milpsnap_grid5x5_high.json,1073,25,40,130,45.2174,0.0,3.091,OPTIMAL
grid_5x5_31,seed_milpsnap_grid5x5_high.json,1074,25,40,130,45.2174,0.0,3.01,OPTIMAL
grid_5x5_31,seed_milpsnap_grid5x5_high.json,1075,25,40,130,45.2174,0.0,2.773,OPTIMAL
grid_5x5_31,seed_milpsnap_grid5x5_high.json,1076,25,40,128,45.2174,0.0,3.144,OPTIMAL
grid_5x5_31,seed_milpsnap_grid5x5_high.json,1077,25,40,124,45.2174,0.0,3.119,OPTIMAL
grid_5x5_31,seed_milpsnap_grid5x5_high.json,1078,25,40,126,45.2174,0.0,3.491,OPTIMAL
grid_5x5_31,seed_milpsnap_grid5x5_high.json,1079,25,40,127,45.2174,0.0,3.488,OPTIMAL
grid_5x5_31,seed_milpsnap_grid5x5_high.json,1080,25,40,121,45.2174,0.0,3.596,OPTIMAL
grid_5x5_31,seed_milpsnap_grid5x5_high.json,1081,25,40,124,45.2174,0.0,4.584,OPTIMAL
grid_5x5_31,seed_milpsnap_grid5x5_high.json,1082,25,40,122,45.2174,0.0,3.287,OPTIMAL
grid_5x5_31,seed_milpsnap_grid5x5_high.json,1083,25,40,127,45.2174,0.0,2.524,OPTIMAL
grid_5x5_31,seed_milpsnap_grid5x5_high.json,1084,25,40,131,45.2174,0.0,2.948,OPTIMAL
grid_5x5_31,seed_milpsnap_grid5x5_high.json,1085,25,40,130,45.2174,0.0,2.932,OPTIMAL
grid_5x5_31,seed_milpsnap_grid5x5_high.json,1086,25,40,125,45.2174,0.0,3.361,OPTIMAL
grid_5x5_31,seed_milpsnap_grid5x5_high.json,1087,25,40,120,45.2174,0.0,3.158,OPTIMAL
grid_5x5_31,seed_milpsnap_grid5x5_high.json,1088,25,40,112,45.2174,0.0,2.683,OPTIMAL
grid_5x5_31,seed_milpsnap_grid5x5_high.json,1089,25,40,107,45.2174,0.0,2.708,OPTIMAL
grid_5x5_31,seed_milpsnap_grid5x5_high.json,1090,25,40,110,45.2174,0.0,3.44,OPTIMAL
grid_5x5_31,seed_milpsnap_grid5x5_high.json,1091,25,40,114,45.2174,0.0,2.935,OPTIMAL
grid_5x5_31,seed_milpsnap_grid5x5_high.json,1092,25,40,121,45.2174,0.0,4.037,OPTIMAL
grid_5x5_31,seed_milpsnap_grid5x5_high.json,1093,25,40,119,45.2174,0.0,3.606,OPTIMAL
grid_5x5_31,seed_milpsnap_grid5x5_high.json,1094,25,40,114,45.2174,0.0,3.707,OPTIMAL
grid_5x5_31,seed_milpsnap_grid5x5_high.json,1095,25,40,120,45.2174,0.0,3.036,OPTIMAL
grid_5x5_31,seed_milpsnap_grid5x5_high.json,1096,25,40,119,45.2174,0.0,4.287,OPTIMAL
grid_5x5_31,seed_milpsnap_grid5x5_high.json,1097,25,40,121,45.2174,0.0,3.573,OPTIMAL
grid_5x5_31,seed_milpsnap_grid5x5_high.json,1098,25,40,115,45.2174,0.0,3.384,OPTIMAL
grid_5x5_31,seed_milpsnap_grid5x5_high.json,1099,25,40,109,45.2174,0.0,2.736,OPTIMAL
grid_5x5_31,seed_milpsnap_grid5x5_high.json,1100,25,40,109,45.2174,0.0,2.568,OPTIMAL
grid_5x5_31,seed_milpsnap_grid5x5_high.json,1101,25,40,109,45.2174,0.0,2.944,OPTIMAL
grid_5x5_31,seed_milpsnap_grid5x5_high.json,1102,25,40,116,45.2174,0.0,3.119,OPTIMAL
grid_5x5_31,seed_milpsnap_grid5x5_high.json,1103,25,40,125,45.2174,0.0,3.908,OPTIMAL
grid_5x5_31,seed_milpsnap_grid5x5_high.json,1104,25,40,127,45.2174,0.0,3.845,OPTIMAL
grid_5x5_31,seed_milpsnap_grid5x5_high.json,1105,25,40,124,45.2174,0.0,3.178,OPTIMAL
grid_5x5_31,seed_milpsnap_grid5x5_high.json,1106,25,40,127,45.2174,0.0,4.08,OPTIMAL
grid_5x5_31,seed_milpsnap_grid5x5_high.json,1107,25,40,124,45.2174,0.0,3.111,OPTIMAL
grid_5x5_31,seed_milpsnap_grid5x5_high.json,1108,25,40,126,45.2174,0.0,3.981,OPTIMAL
grid_5x5_31,seed_milpsnap_grid5x5_high.json,1109,25,40,124,45.2174,0.0,3.275,OPTIMAL
grid_5x5_31,seed_milpsnap_grid5x5_high.json,1110,25,40,119,45.2174,0.0,3.978,OPTIMAL
grid_5x5_31,seed_milpsnap_grid5x5_high.json,1111,25,40,119,45.2174,0.0,3.026,OPTIMAL
grid_5x5_31,seed_milpsnap_grid5x5_high.json,1112,25,40,118,45.2174,0.0,3.488,OPTIMAL
grid_5x5_31,seed_milpsnap_grid5x5_high.json,1113,25,40,119,45.2174,0.0,3.707,OPTIMAL
grid_5x5_31,seed_milpsnap_grid5x5_high.json,1114,25,40,117,45.2174,0.0,2.841,OPTIMAL
grid_5x5_31,seed_milpsnap_grid5x5_high.json,1115,25,40,118,45.2174,0.0,2.989,OPTIMAL
grid_5x5_31,seed_milpsnap_grid5x5_high.json,1116,25,40,125,45.2174,0.0,4.478,OPTIMAL
grid_5x5_31,seed_milpsnap_grid5x5_high.json,1117,25,40,120,45.2174,0.0,4.456,OPTIMAL
grid_5x5_31,seed_milpsnap_grid5x5_high.json,1118,25,40,117,45.2174,0.0,3.969,OPTIMAL
grid_5x5_31,seed_milpsnap_grid5x5_high.json,1119,25,40,113,45.2174,0.0,2.975,OPTIMAL
grid_5x5_31,seed_milpsnap_grid5x5_high.json,1120,25,40,112,45.2174,0.0,3.81,OPTIMAL
grid_5x5_31,seed_milpsnap_grid5x5_high.json,1121,25,40,110,45.2174,0.0,3.356,OPTIMAL
grid_5x5_31,seed_milpsnap_grid5x5_high.json,1122,25,40,109,45.2174,0.0,3.915,OPTIMAL
grid_5x5_31,seed_milpsnap_grid5x5_high.json,1123,25,40,108,45.2174,0.0,3.926,OPTIMAL
grid_5x5_31,seed_milpsnap_grid5x5_high.json,1124,25,40,111,45.2174,0.0,3.134,OPTIMAL
grid_5x5_31,seed_milpsnap_grid5x5_high.json,1125,25,40,115,45.2174,0.0,3.161,OPTIMAL
grid_5x5_31,seed_milpsnap_grid5x5_high.json,1126,25,40,111,45.2174,0.0,3.145,OPTIMAL
grid_5x5_31,seed_milpsnap_grid5x5_high.json,1127,25,40,103,45.2174,0.0,2.643,OPTIMAL
grid_5x5_31,seed_milpsnap_grid5x5_high.json,1128,25,40,101,45.2174,0.0,2.423,OPTIMAL
grid_5x5_31,seed_milpsnap_grid5x5_high.json,1129,25,40,100,45.2174,0.0,2.753,OPTIMAL
grid_5x5_31,seed_milpsnap_grid5x5_high.json,1130,25,40,102,45.2174,0.0,2.666,OPTIMAL
grid_5x5_31,seed_milpsnap_grid5x5_high.json,1131,25,40,105,45.2174,0.0,3.211,OPTIMAL
grid_5x5_31,seed_milpsnap_grid5x5_high.json,1132,25,40,105,45.2174,0.0,2.796,OPTIMAL
grid_5x5_31,seed_milpsnap_grid5x5_high.json,1133,25,40,105,45.2174,0.0,2.634,OPTIMAL
grid_5x5_31,seed_milpsnap_grid5x5_high.json,1134,25,40,115,45.2174,0.0,4.157,OPTIMAL
grid_5x5_31,seed_milpsnap_grid5x5_high.json,1135,25,40,117,45.2174,0.0,3.91,OPTIMAL
grid_5x5_31,seed_milpsnap_grid5x5_high.json,1136,25,40,112,45.2174,0.0,3.287,OPTIMAL
grid_5x5_31,seed_milpsnap_grid5x5_high.json,1137,25,40,115,45.2174,0.0,2.904,OPTIMAL
grid_5x5_31,seed_milpsnap_grid5x5_high.json,1138,25,40,121,45.2174,0.0,3.134,OPTIMAL
grid_5x5_31,seed_milpsnap_grid5x5_high.json,1139,25,40,118,45.2174,0.0,3.162,OPTIMAL
grid_5x5_31,seed_milpsnap_grid5x5_high.json,1140,25,40,116,45.2174,0.0,2.823,OPTIMAL
grid_5x5_31,seed_milpsnap_grid5x5_high.json,1141,25,40,124,45.2174,0.0,2.964,OPTIMAL
grid_5x5_31,seed_milpsnap_grid5x5_high.json,1142,25,40,128,45.2174,0.0,3.708,OPTIMAL
grid_5x5_31,seed_milpsnap_grid5x5_high.json,1143,25,40,130,45.2174,0.0,2.95,OPTIMAL
grid_5x5_31,seed_milpsnap_grid5x5_high.json,1144,25,40,130,45.2174,0.0,4.427,OPTIMAL
grid_5x5_31,seed_milpsnap_grid5x5_high.json,1145,25,40,126,45.2174,0.0,4.672,OPTIMAL
grid_5x5_31,seed_milpsnap_grid5x5_high.json,1146,25,40,120,45.2174,0.0,3.109,OPTIMAL
grid_5x5_31,seed_milpsnap_grid5x5_high.json,1147,25,40,123,45.2174,0.0,4.071,OPTIMAL
grid_5x5_31,seed_milpsnap_grid5x5_high.json,1148,25,40,121,45.2174,0.0,3.884,OPTIMAL
grid_5x5_31,seed_milpsnap_grid5x5_high.json,1149,25,40,112,45.2174,0.0,3.81,OPTIMAL
grid_5x5_31,seed_milpsnap_grid5x5_high.json,1150,25,40,108,45.2174,0.0,3.425,OPTIMAL
grid_5x5_31,seed_milpsnap_grid5x5_high.json,1151,25,40,106,45.2174,0.0,3.067,OPTIMAL
grid_5x5_31,seed_milpsnap_grid5x5_high.json,1152,25,40,109,45.2174,0.0,3.586,OPTIMAL
grid_5x5_31,seed_milpsnap_grid5x5_high.json,1153,25,40,102,45.2174,0.0,2.461,OPTIMAL
grid_5x5_31,seed_milpsnap_grid5x5_high.json,1154,25,40,107,45.2174,0.0,2.678,OPTIMAL
grid_5x5_31,seed_milpsnap_grid5x5_high.json,1155,25,40,106,45.2174,0.0,2.827,OPTIMAL
grid_5x5_31,seed_milpsnap_grid5x5_high.json,1156,25,40,98,45.2174,0.0,2.435,OPTIMAL
grid_5x5_31,seed_milpsnap_grid5x5_high.json,1157,25,40,103,45.2174,0.0,2.578,OPTIMAL
grid_5x5_31,seed_milpsnap_grid5x5_high.json,1158,25,40,104,45.2174,0.0,3.532,OPTIMAL
grid_5x5_31,seed_milpsnap_grid5x5_high.json,1159,25,40,107,45.2174,0.0,3.139,OPTIMAL
grid_5x5_31,seed_milpsnap_grid5x5_high.json,1160,25,40,106,45.2174,0.0,2.665,OPTIMAL
grid_5x5_31,seed_milpsnap_grid5x5_high.json,1161,25,40,111,45.2174,0.0,3.406,OPTIMAL
grid_5x5_31,seed_milpsnap_grid5x5_high.json,1162,25,40,109,45.2174,0.0,3.037,OPTIMAL
grid_5x5_31,seed_milpsnap_grid5x5_high.json,1163,25,40,112,45.2174,0.0,3.661,OPTIMAL
grid_5x5_31,seed_milpsnap_grid5x5_high.json,1164,25,40,118,45.2174,0.0,2.952,OPTIMAL
grid_5x5_31,seed_milpsnap_grid5x5_high.json,1165,25,40,122,45.2174,0.0,3.012,OPTIMAL
grid_5x5_31,seed_milpsnap_grid5x5_high.json,1166,25,40,123,45.2174,0.0,3.348,OPTIMAL
grid_5x5_31,seed_milpsnap_grid5x5_high.json,1167,25,40,123,45.2174,0.0,3.662,OPTIMAL
grid_5x5_31,seed_milpsnap_grid5x5_high.json,1168,25,40,125,45.2174,0.0,3.538,OPTIMAL
grid_5x5_31,seed_milpsnap_grid5x5_high.json,1169,25,40,128,45.2174,0.0,5.023,OPTIMAL
grid_5x5_31,seed_milpsnap_grid5x5_high.json,1170,25,40,126,45.2174,0.0,3.813,OPTIMAL
grid_5x5_31,seed_milpsnap_grid5x5_high.json,1171,25,40,134,45.2174,0.0,4.056,OPTIMAL
grid_5x5_31,seed_milpsnap_grid5x5_high.json,1172,25,40,133,45.2174,0.0,3.02,OPTIMAL
grid_5x5_31,seed_milpsnap_grid5x5_high.json,1173,25,40,132,45.2174,0.0,3.182,OPTIMAL
grid_5x5_31,seed_milpsnap_grid5x5_high.json,1174,25,40,128,45.2174,0.0,3.885,OPTIMAL
grid_5x5_31,seed_milpsnap_grid5x5_high.json,1175,25,40,128,45.2174,0.0,3.117,OPTIMAL
grid_5x5_31,seed_milpsnap_grid5x5_high.json,1176,25,40,125,45.2174,0.0,4.605,OPTIMAL
grid_5x5_31,seed_milpsnap_grid5x5_high.json,1177,25,40,127,45.2174,0.0,4.457,OPTIMAL
grid_5x5_31,seed_milpsnap_grid5x5_high.json,1178,25,40,126,45.2174,0.0,3.232,OPTIMAL
grid_5x5_31,seed_milpsnap_grid5x5_high.json,1179,25,40,123,45.2174,0.0,3.237,OPTIMAL
grid_5x5_31,seed_milpsnap_grid5x5_high.json,1180,25,40,121,45.2174,0.0,2.954,OPTIMAL
grid_5x5_31,seed_milpsnap_grid5x5_high.json,1181,25,40,125,45.2174,0.0,3.279,OPTIMAL
grid_5x5_31,seed_milpsnap_grid5x5_high.json,1182,25,40,126,45.2174,0.0,3.327,OPTIMAL
grid_5x5_31,seed_milpsnap_grid5x5_high.json,1183,25,40,126,45.2174,0.0,3.752,OPTIMAL
grid_5x5_31,seed_milpsnap_grid5x5_high.json,1184,25,40,120,45.2174,0.0,2.976,OPTIMAL
grid_5x5_31,seed_milpsnap_grid5x5_high.json,1185,25,40,123,45.2174,0.0,3.308,OPTIMAL
grid_5x5_31,seed_milpsnap_grid5x5_high.json,1186,25,40,120,45.2174,0.0,4.748,OPTIMAL
grid_5x5_31,seed_milpsnap_grid5x5_high.json,1187,25,40,121,45.2174,0.0,3.193,OPTIMAL
grid_5x5_31,seed_milpsnap_grid5x5_high.json,1188,25,40,118,45.2174,0.0,2.976,OPTIMAL
grid_5x5_31,seed_milpsnap_grid5x5_high.json,1189,25,40,122,45.2174,0.0,4.5,OPTIMAL
grid_5x5_31,seed_milpsnap_grid5x5_high.json,1190,25,40,129,45.2174,0.0,3.266,OPTIMAL
grid_5x5_31,seed_milpsnap_grid5x5_high.json,1191,25,40,131,45.2174,0.0,3.258,OPTIMAL
grid_5x5_31,seed_milpsnap_grid5x5_high.json,1192,25,40,126,45.2174,0.0,3.263,OPTIMAL
grid_5x5_31,seed_milpsnap_grid5x5_high.json,1193,25,40,127,45.2174,0.0,2.976,OPTIMAL
grid_5x5_31,seed_milpsnap_grid5x5_high.json,1194,25,40,122,45.2174,0.0,3.175,OPTIMAL
grid_5x5_31,seed_milpsnap_grid5x5_high.json,1195,25,40,122,45.2174,0.0,2.98,OPTIMAL
grid_5x5_31,seed_milpsnap_grid5x5_high.json,1196,25,40,120,45.2174,0.0,2.879,OPTIMAL
grid_5x5_31,seed_milpsnap_grid5x5_high.json,1197,25,40,116,45.2174,0.0,3.775,OPTIMAL
grid_5x5_31,seed_milpsnap_grid5x5_high.json,1198,25,40,114,45.2174,0.0,3.799,OPTIMAL
grid_5x5_31,seed_milpsnap_grid5x5_high.json,1199,25,40,117,45.2174,0.0,3.3,OPTIMAL
grid_5x5_31,seed_milpsnap_grid5x5_high.json,1200,25,40,116,45.2174,0.0,3.234,OPTIMAL
grid_5x5_31,seed_milpsnap_grid5x5_high.json,1201,25,40,119,45.2174,0.0,3.624,OPTIMAL
grid_5x5_31,seed_milpsnap_grid5x5_high.json,1202,25,40,114,45.2174,0.0,3.618,OPTIMAL
grid_5x5_31,seed_milpsnap_grid5x5_high.json,1203,25,40,115,45.2174,0.0,3.307,OPTIMAL
grid_5x5_31,seed_milpsnap_grid5x5_high.json,1204,25,40,112,45.2174,0.0,3.155,OPTIMAL
grid_5x5_31,seed_milpsnap_grid5x5_high.json,1205,25,40,105,45.2174,0.0,2.542,OPTIMAL
grid_5x5_31,seed_milpsnap_grid5x5_high.json,1206,25,40,102,45.2174,0.0,2.496,OPTIMAL
grid_5x5_31,seed_milpsnap_grid5x5_high.json,1207,25,40,115,45.2174,0.0,2.726,OPTIMAL
grid_5x5_31,seed_milpsnap_grid5x5_high.json,1208,25,40,114,45.2174,0.0,2.85,OPTIMAL
grid_5x5_31,seed_milpsnap_grid5x5_high.json,1209,25,40,1,90.4348,0.0,0.011,OPTIMAL
grid_5x5_31,seed_milpsnap_grid5x5_high.json,1210,25,40,12,53.0435,0.0,0.117,OPTIMAL
grid_5x5_31,seed_milpsnap_grid5x5_high.json,1211,25,40,24,48.6957,0.0,0.389,OPTIMAL
grid_5x5_31,seed_milpsnap_grid5x5_high.json,1212,25,40,32,48.6957,0.0,0.346,OPTIMAL
grid_5x5_31,seed_milpsnap_grid5x5_high.json,1213,25,40,39,48.6957,0.0,0.533,OPTIMAL
grid_5x5_31,seed_milpsnap_grid5x5_high.json,1214,25,40,43,48.6957,0.0,0.649,OPTIMAL
grid_5x5_31,seed_milpsnap_grid5x5_high.json,1215,25,40,48,48.6957,0.0,0.582,OPTIMAL
grid_5x5_31,seed_milpsnap_grid5x5_high.json,1216,25,40,56,45.2174,0.0,1.113,OPTIMAL
grid_5x5_31,seed_milpsnap_grid5x5_high.json,1217,25,40,63,45.2174,0.0,1.37,OPTIMAL
grid_5x5_31,seed_milpsnap_grid5x5_high.json,1218,25,40,69,45.2174,0.0,1.46,OPTIMAL
grid_5x5_31,seed_milpsnap_grid5x5_high.json,1219,25,40,74,45.2174,0.0,1.697,OPTIMAL
grid_5x5_31,seed_milpsnap_grid5x5_high.json,1220,25,40,81,45.2174,0.0,2.072,OPTIMAL
grid_5x5_31,seed_milpsnap_grid5x5_high.json,1221,25,40,90,45.2174,0.0,2.082,OPTIMAL
grid_5x5_31,seed_milpsnap_grid5x5_high.json,1222,25,40,98,45.2174,0.0,2.409,OPTIMAL
grid_5x5_31,seed_milpsnap_grid5x5_high.json,1223,25,40,104,45.2174,0.0,2.944,OPTIMAL
grid_5x5_31,seed_milpsnap_grid5x5_high.json,1224,25,40,111,45.2174,0.0,2.885,OPTIMAL
grid_5x5_31,seed_milpsnap_grid5x5_high.json,1225,25,40,107,45.2174,0.0,2.927,OPTIMAL
grid_5x5_31,seed_milpsnap_grid5x5_high.json,1226,25,40,104,45.2174,0.0,2.801,OPTIMAL
grid_5x5_31,seed_milpsnap_grid5x5_high.json,1227,25,40,101,45.2174,0.0,2.512,OPTIMAL
grid_5x5_31,seed_milpsnap_grid5x5_high.json,1228,25,40,103,45.2174,0.0,2.674,OPTIMAL
grid_5x5_31,seed_milpsnap_grid5x5_high.json,1229,25,40,103,45.2174,0.0,3.672,OPTIMAL
grid_5x5_31,seed_milpsnap_grid5x5_high.json,1230,25,40,101,45.2174,0.0,2.765,OPTIMAL
grid_5x5_31,seed_milpsnap_grid5x5_high.json,1231,25,40,101,45.2174,0.0,2.537,OPTIMAL
grid_5x5_31,seed_milpsnap_grid5x5_high.json,1232,25,40,101,45.2174,0.0,2.307,OPTIMAL
grid_5x5_31,seed_milpsnap_grid5x5_high.json,1233,25,40,103,45.2174,0.0,2.426,OPTIMAL
grid_5x5_31,seed_milpsnap_grid5x5_high.json,1234,25,40,105,45.2174,0.0,2.947,OPTIMAL
grid_5x5_31,seed_milpsnap_grid5x5_high.json,1235,25,40,106,45.2174,0.0,2.729,OPTIMAL
grid_5x5_31,seed_milpsnap_grid5x5_high.json,1236,25,40,106,45.2174,0.0,2.912,OPTIMAL
grid_5x5_31,seed_milpsnap_grid5x5_high.json,1237,25,40,114,45.2174,0.0,3.214,OPTIMAL
grid_5x5_31,seed_milpsnap_grid5x5_high.json,1238,25,40,112,45.2174,0.0,2.953,OPTIMAL
grid_5x5_31,seed_milpsnap_grid5x5_high.json,1239,25,40,117,45.2174,0.0,3.678,OPTIMAL
grid_5x5_31,seed_milpsnap_grid5x5_high.json,1240,25,40,115,45.2174,0.0,3.61,OPTIMAL
grid_5x5_31,seed_milpsnap_grid5x5_high.json,1241,25,40,115,45.2174,0.0,3.778,OPTIMAL
grid_5x5_31,seed_milpsnap_grid5x5_high.json,1242,25,40,118,45.2174,0.0,3.382,OPTIMAL
grid_5x5_31,seed_milpsnap_grid5x5_high.json,1243,25,40,114,45.2174,0.0,3.45,OPTIMAL
grid_5x5_31,seed_milpsnap_grid5x5_high.json,1244,25,40,118,45.2174,0.0,3.069,OPTIMAL
grid_5x5_31,seed_milpsnap_grid5x5_high.json,1245,25,40,126,45.2174,0.0,3.363,OPTIMAL
grid_5x5_31,seed_milpsnap_grid5x5_high.json,1246,25,40,128,45.2174,0.0,3.068,OPTIMAL
grid_5x5_31,seed_milpsnap_grid5x5_high.json,1247,25,40,129,45.2174,0.0,3.026,OPTIMAL
grid_5x5_31,seed_milpsnap_grid5x5_high.json,1248,25,40,130,45.2174,0.0,2.958,OPTIMAL
grid_5x5_31,seed_milpsnap_grid5x5_high.json,1249,25,40,130,45.2174,0.0,3.505,OPTIMAL
grid_5x5_31,seed_milpsnap_grid5x5_high.json,1250,25,40,133,45.2174,0.0,3.235,OPTIMAL
grid_5x5_31,seed_milpsnap_grid5x5_high.json,1251,25,40,132,45.2174,0.0,2.99,OPTIMAL
grid_5x5_31,seed_milpsnap_grid5x5_high.json,1252,25,40,124,45.2174,0.0,3.675,OPTIMAL
grid_5x5_31,seed_milpsnap_grid5x5_high.json,1253,25,40,130,45.2174,0.0,4.933,OPTIMAL
grid_5x5_31,seed_milpsnap_grid5x5_high.json,1254,25,40,125,45.2174,0.0,5.617,OPTIMAL
grid_5x5_31,seed_milpsnap_grid5x5_high.json,1255,25,40,135,45.2174,0.0,3.707,OPTIMAL
grid_5x5_31,seed_milpsnap_grid5x5_high.json,1256,25,40,133,45.2174,0.0,3.31,OPTIMAL
grid_5x5_31,seed_milpsnap_grid5x5_high.json,1257,25,40,134,45.2174,0.0,6.742,OPTIMAL
grid_5x5_31,seed_milpsnap_grid5x5_high.json,1258,25,40,136,45.2174,0.0,3.464,OPTIMAL
grid_5x5_31,seed_milpsnap_grid5x5_high.json,1259,25,40,141,45.2174,0.0,3.498,OPTIMAL
grid_5x5_31,seed_milpsnap_grid5x5_high.json,1260,25,40,139,45.2174,0.0,6.218,OPTIMAL
grid_5x5_31,seed_milpsnap_grid5x5_high.json,1261,25,40,140,45.2174,0.0,5.214,OPTIMAL
grid_5x5_31,seed_milpsnap_grid5x5_high.json,1262,25,40,139,45.2174,0.0,6.325,OPTIMAL
grid_5x5_31,seed_milpsnap_grid5x5_high.json,1263,25,40,142,45.2174,0.0,4.653,OPTIMAL
grid_5x5_31,seed_milpsnap_grid5x5_high.json,1264,25,40,140,45.2174,0.0,3.614,OPTIMAL
grid_5x5_31,seed_milpsnap_grid5x5_high.json,1265,25,40,139,45.2174,0.0,3.751,OPTIMAL
grid_5x5_31,seed_milpsnap_grid5x5_high.json,1266,25,40,138,45.2174,0.0,3.335,OPTIMAL
grid_5x5_31,seed_milpsnap_grid5x5_high.json,1267,25,40,138,45.2174,0.0,3.746,OPTIMAL
grid_5x5_31,seed_milpsnap_grid5x5_high.json,1268,25,40,140,45.2174,0.0,8.355,OPTIMAL
grid_5x5_31,seed_milpsnap_grid5x5_high.json,1269,25,40,144,45.2174,0.0,5.66,OPTIMAL
grid_5x5_31,seed_milpsnap_grid5x5_high.json,1270,25,40,143,45.2174,0.0,5.487,OPTIMAL
grid_5x5_31,seed_milpsnap_grid5x5_high.json,1271,25,40,143,45.2174,0.0,4.165,OPTIMAL
grid_5x5_31,seed_milpsnap_grid5x5_high.json,1272,25,40,139,45.2174,0.0,4.082,OPTIMAL
grid_5x5_31,seed_milpsnap_grid5x5_high.json,1273,25,40,139,45.2174,0.0,3.728,OPTIMAL
grid_5x5_31,seed_milpsnap_grid5x5_high.json,1274,25,40,130,45.2174,0.0,3.753,OPTIMAL
grid_5x5_31,seed_milpsnap_grid5x5_high.json,1275,25,40,127,45.2174,0.0,3.116,OPTIMAL
grid_5x5_31,seed_milpsnap_grid5x5_high.json,1276,25,40,120,45.2174,0.0,3.409,OPTIMAL
grid_5x5_31,seed_milpsnap_grid5x5_high.json,1277,25,40,119,45.2174,0.0,3.783,OPTIMAL
grid_5x5_31,seed_milpsnap_grid5x5_high.json,1278,25,40,114,45.2174,0.0,3.863,OPTIMAL
grid_5x5_31,seed_milpsnap_grid5x5_high.json,1279,25,40,121,45.2174,0.0,3.71,OPTIMAL
grid_5x5_31,seed_milpsnap_grid5x5_high.json,1280,25,40,117,45.2174,0.0,3.441,OPTIMAL
grid_5x5_31,seed_milpsnap_grid5x5_high.json,1281,25,40,120,45.2174,0.0,5.001,OPTIMAL
grid_5x5_31,seed_milpsnap_grid5x5_high.json,1282,25,40,121,45.2174,0.0,3.566,OPTIMAL
grid_5x5_31,seed_milpsnap_grid5x5_high.json,1283,25,40,119,45.2174,0.0,3.859,OPTIMAL
grid_5x5_31,seed_milpsnap_grid5x5_high.json,1284,25,40,118,45.2174,0.0,3.567,OPTIMAL
grid_5x5_31,seed_milpsnap_grid5x5_high.json,1285,25,40,111,45.2174,0.0,3.44,OPTIMAL
grid_5x5_31,seed_milpsnap_grid5x5_high.json,1286,25,40,113,45.2174,0.0,3.155,OPTIMAL
grid_5x5_31,seed_milpsnap_grid5x5_high.json,1287,25,40,114,45.2174,0.0,3.182,OPTIMAL
grid_5x5_31,seed_milpsnap_grid5x5_high.json,1288,25,40,119,45.2174,0.0,3.176,OPTIMAL
grid_5x5_31,seed_milpsnap_grid5x5_high.json,1289,25,40,124,45.2174,0.0,3.613,OPTIMAL
grid_5x5_31,seed_milpsnap_grid5x5_high.json,1290,25,40,129,45.2174,0.0,3.402,OPTIMAL
grid_5x5_31,seed_milpsnap_grid5x5_high.json,1291,25,40,132,45.2174,0.0,4.03,OPTIMAL
grid_5x5_31,seed_milpsnap_grid5x5_high.json,1292,25,40,132,45.2174,0.0,4.209,OPTIMAL
grid_5x5_31,seed_milpsnap_grid5x5_high.json,1293,25,40,135,45.2174,0.0,4.307,OPTIMAL
grid_5x5_31,seed_milpsnap_grid5x5_high.json,1294,25,40,132,45.2174,0.0,4.327,OPTIMAL
grid_5x5_31,seed_milpsnap_grid5x5_high.json,1295,25,40,133,45.2174,0.0,3.718,OPTIMAL
grid_5x5_31,seed_milpsnap_grid5x5_high.json,1296,25,40,132,45.2174,0.0,3.07,OPTIMAL
grid_5x5_31,seed_milpsnap_grid5x5_high.json,1297,25,40,134,45.2174,0.0,2.863,OPTIMAL
grid_5x5_31,seed_milpsnap_grid5x5_high.json,1298,25,40,131,45.2174,0.0,4.612,OPTIMAL
grid_5x5_31,seed_milpsnap_grid5x5_high.json,1299,25,40,126,45.2174,0.0,4.525,OPTIMAL
grid_5x5_31,seed_milpsnap_grid5x5_high.json,1300,25,40,127,45.2174,0.0,2.966,OPTIMAL
grid_5x5_31,seed_milpsnap_grid5x5_high.json,1301,25,40,122,45.2174,0.0,3.271,OPTIMAL
grid_5x5_31,seed_milpsnap_grid5x5_high.json,1302,25,40,122,45.2174,0.0,3.537,OPTIMAL
grid_5x5_31,seed_milpsnap_grid5x5_high.json,1303,25,40,118,45.2174,0.0,3.988,OPTIMAL
grid_5x5_31,seed_milpsnap_grid5x5_high.json,1304,25,40,115,45.2174,0.0,4.295,OPTIMAL
grid_5x5_31,seed_milpsnap_grid5x5_high.json,1305,25,40,113,45.2174,0.0,3.27,OPTIMAL
grid_5x5_31,seed_milpsnap_grid5x5_high.json,1306,25,40,112,45.2174,0.0,3.112,OPTIMAL
grid_5x5_31,seed_milpsnap_grid5x5_high.json,1307,25,40,115,45.2174,0.0,3.503,OPTIMAL
grid_5x5_31,seed_milpsnap_grid5x5_high.json,1308,25,40,117,45.2174,0.0,3.449,OPTIMAL
grid_5x5_31,seed_milpsnap_grid5x5_high.json,1309,25,40,112,45.2174,0.0,2.917,OPTIMAL
grid_5x5_31,seed_milpsnap_grid5x5_high.json,1310,25,40,112,45.2174,0.0,4.176,OPTIMAL
grid_5x5_31,seed_milpsnap_grid5x5_high.json,1311,25,40,108,45.2174,0.0,3.017,OPTIMAL
grid_5x5_31,seed_milpsnap_grid5x5_high.json,1312,25,40,105,45.2174,0.0,3.455,OPTIMAL
grid_5x5_31,seed_milpsnap_grid5x5_high.json,1313,25,40,109,45.2174,0.0,3.143,OPTIMAL
grid_5x5_31,seed_milpsnap_grid5x5_high.json,1314,25,40,112,45.2174,0.0,3.299,OPTIMAL
grid_5x5_31,seed_milpsnap_grid5x5_high.json,1315,25,40,108,45.2174,0.0,3.533,OPTIMAL
grid_5x5_31,seed_milpsnap_grid5x5_high.json,1316,25,40,112,45.2174,0.0,2.983,OPTIMAL
grid_5x5_31,seed_milpsnap_grid5x5_high.json,1317,25,40,114,45.2174,0.0,3.308,OPTIMAL
grid_5x5_31,seed_milpsnap_grid5x5_high.json,1318,25,40,115,45.2174,0.0,3.136,OPTIMAL
grid_5x5_31,seed_milpsnap_grid5x5_high.json,1319,25,40,112,45.2174,0.0,2.995,OPTIMAL
grid_5x5_31,seed_milpsnap_grid5x5_high.json,1320,25,40,117,45.2174,0.0,3.49,OPTIMAL
grid_5x5_31,seed_milpsnap_grid5x5_high.json,1321,25,40,113,45.2174,0.0,3.131,OPTIMAL
grid_5x5_31,seed_milpsnap_grid5x5_high.json,1322,25,40,111,45.2174,0.0,2.768,OPTIMAL
grid_5x5_31,seed_milpsnap_grid5x5_high.json,1323,25,40,108,45.2174,0.0,2.875,OPTIMAL
grid_5x5_31,seed_milpsnap_grid5x5_high.json,1324,25,40,112,45.2174,0.0,2.936,OPTIMAL
grid_5x5_31,seed_milpsnap_grid5x5_high.json,1325,25,40,115,45.2174,0.0,3.443,OPTIMAL
grid_5x5_31,seed_milpsnap_grid5x5_high.json,1326,25,40,117,45.2174,0.0,3.529,OPTIMAL
grid_5x5_31,seed_milpsnap_grid5x5_high.json,1327,25,40,112,45.2174,0.0,3.096,OPTIMAL
grid_5x5_31,seed_milpsnap_grid5x5_high.json,1328,25,40,107,45.2174,0.0,3.091,OPTIMAL
grid_5x5_31,seed_milpsnap_grid5x5_high.json,1329,25,40,112,45.2174,0.0,3.205,OPTIMAL
grid_5x5_31,seed_milpsnap_grid5x5_high.json,1330,25,40,119,45.2174,0.0,3.508,OPTIMAL
grid_5x5_31,seed_milpsnap_grid5x5_high.json,1331,25,40,117,45.2174,0.0,3.623,OPTIMAL
grid_5x5_31,seed_milpsnap_grid5x5_high.json,1332,25,40,114,45.2174,0.0,2.983,OPTIMAL
grid_5x5_31,seed_milpsnap_grid5x5_high.json,1333,25,40,111,45.2174,0.0,3.008,OPTIMAL
grid_5x5_31,seed_milpsnap_grid5x5_high.json,1334,25,40,113,45.2174,0.0,3.517,OPTIMAL
grid_5x5_31,seed_milpsnap_grid5x5_high.json,1335,25,40,111,45.2174,0.0,2.999,OPTIMAL
grid_5x5_31,seed_milpsnap_grid5x5_high.json,1336,25,40,112,45.2174,0.0,3.06,OPTIMAL
grid_5x5_31,seed_milpsnap_grid5x5_high.json,1337,25,40,112,45.2174,0.0,3.16,OPTIMAL
grid_5x5_31,seed_milpsnap_grid5x5_high.json,1338,25,40,112,45.2174,0.0,3.057,OPTIMAL
grid_5x5_31,seed_milpsnap_grid5x5_high.json,1339,25,40,114,45.2174,0.0,3.758,OPTIMAL
grid_5x5_31,seed_milpsnap_grid5x5_high.json,1340,25,40,113,45.2174,0.0,3.347,OPTIMAL
grid_5x5_31,seed_milpsnap_grid5x5_high.json,1341,25,40,113,45.2174,0.0,4.575,OPTIMAL
grid_5x5_31,seed_milpsnap_grid5x5_high.json,1342,25,40,119,45.2174,0.0,3.926,OPTIMAL
grid_5x5_31,seed_milpsnap_grid5x5_high.json,1343,25,40,117,45.2174,0.0,2.896,OPTIMAL
grid_5x5_31,seed_milpsnap_grid5x5_high.json,1344,25,40,112,45.2174,0.0,3.59,OPTIMAL
grid_5x5_31,seed_milpsnap_grid5x5_high.json,1345,25,40,106,45.2174,0.0,2.917,OPTIMAL
grid_5x5_31,seed_milpsnap_grid5x5_high.json,1346,25,40,113,45.2174,0.0,4.4,OPTIMAL
grid_5x5_31,seed_milpsnap_grid5x5_high.json,1347,25,40,117,45.2174,0.0,3.54,OPTIMAL
grid_5x5_31,seed_milpsnap_grid5x5_high.json,1348,25,40,119,45.2174,0.0,3.323,OPTIMAL
grid_5x5_31,seed_milpsnap_grid5x5_high.json,1349,25,40,122,45.2174,0.0,2.98,OPTIMAL
grid_5x5_31,seed_milpsnap_grid5x5_high.json,1350,25,40,117,45.2174,0.0,3.105,OPTIMAL
grid_5x5_31,seed_milpsnap_grid5x5_high.json,1351,25,40,117,45.2174,0.0,3.11,OPTIMAL
grid_5x5_31,seed_milpsnap_grid5x5_high.json,1352,25,40,124,45.2174,0.0,3.151,OPTIMAL
grid_5x5_31,seed_milpsnap_grid5x5_high.json,1353,25,40,120,45.2174,0.0,4.284,OPTIMAL
grid_5x5_31,seed_milpsnap_grid5x5_high.json,1354,25,40,117,45.2174,0.0,3.446,OPTIMAL
grid_5x5_31,seed_milpsnap_grid5x5_high.json,1355,25,40,115,45.2174,0.0,3.172,OPTIMAL
grid_5x5_31,seed_milpsnap_grid5x5_high.json,1356,25,40,119,45.2174,0.0,3.095,OPTIMAL
grid_5x5_31,seed_milpsnap_grid5x5_high.json,1357,25,40,117,45.2174,0.0,3.033,OPTIMAL
grid_5x5_31,seed_milpsnap_grid5x5_high.json,1358,25,40,117,45.2174,0.0,3.083,OPTIMAL
grid_5x5_31,seed_milpsnap_grid5x5_high.json,1359,25,40,116,45.2174,0.0,2.854,OPTIMAL
grid_5x5_31,seed_milpsnap_grid5x5_high.json,1360,25,40,1,73.0435,0.0,0.02,OPTIMAL
grid_5x5_31,seed_milpsnap_grid5x5_high.json,1361,25,40,8,52.1739,0.0,0.112,OPTIMAL
grid_5x5_31,seed_milpsnap_grid5x5_high.json,1362,25,40,16,48.6957,0.0,0.215,OPTIMAL
grid_5x5_31,seed_milpsnap_grid5x5_high.json,1363,25,40,24,48.6957,0.0,0.278,OPTIMAL
grid_5x5_31,seed_milpsnap_grid5x5_high.json,1364,25,40,31,45.2174,0.0,0.536,OPTIMAL
grid_5x5_31,seed_milpsnap_grid5x5_high.json,1365,25,40,43,45.2174,0.0,0.775,OPTIMAL
grid_5x5_31,seed_milpsnap_grid5x5_high.json,1366,25,40,51,45.2174,0.0,1.646,OPTIMAL
grid_5x5_31,seed_milpsnap_grid5x5_high.json,1367,25,40,63,45.2174,0.0,1.372,OPTIMAL
grid_5x5_31,seed_milpsnap_grid5x5_high.json,1368,25,40,72,45.2174,0.0,1.646,OPTIMAL
grid_5x5_31,seed_milpsnap_grid5x5_high.json,1369,25,40,77,45.2174,0.0,2.457,OPTIMAL
grid_5x5_31,seed_milpsnap_grid5x5_high.json,1370,25,40,82,45.2174,0.0,2.019,OPTIMAL
grid_5x5_31,seed_milpsnap_grid5x5_high.json,1371,25,40,86,45.2174,0.0,2.764,OPTIMAL
grid_5x5_31,seed_milpsnap_grid5x5_high.json,1372,25,40,97,45.2174,0.0,2.5,OPTIMAL
grid_5x5_31,seed_milpsnap_grid5x5_high.json,1373,25,40,104,45.2174,0.0,2.917,OPTIMAL
grid_5x5_31,seed_milpsnap_grid5x5_high.json,1374,25,40,107,45.2174,0.0,2.617,OPTIMAL
grid_5x5_31,seed_milpsnap_grid5x5_high.json,1375,25,40,113,45.2174,0.0,3.301,OPTIMAL
grid_5x5_31,seed_milpsnap_grid5x5_high.json,1376,25,40,113,45.2174,0.0,2.85,OPTIMAL
grid_5x5_31,seed_milpsnap_grid5x5_high.json,1377,25,40,112,45.2174,0.0,3.18,OPTIMAL
grid_5x5_31,seed_milpsnap_grid5x5_high.json,1378,25,40,110,45.2174,0.0,4.115,OPTIMAL
grid_5x5_31,seed_milpsnap_grid5x5_high.json,1379,25,40,111,45.2174,0.0,2.916,OPTIMAL
grid_5x5_31,seed_milpsnap_grid5x5_high.json,1380,25,40,110,45.2174,0.0,2.887,OPTIMAL
grid_5x5_31,seed_milpsnap_grid5x5_high.json,1381,25,40,108,45.2174,0.0,3.351,OPTIMAL
grid_5x5_31,seed_milpsnap_grid5x5_high.json,1382,25,40,104,45.2174,0.0,3.179,OPTIMAL
grid_5x5_31,seed_milpsnap_grid5x5_high.json,1383,25,40,105,45.2174,0.0,2.917,OPTIMAL
grid_5x5_31,seed_milpsnap_grid5x5_high.json,1384,25,40,108,45.2174,0.0,2.8,OPTIMAL
grid_5x5_31,seed_milpsnap_grid5x5_high.json,1385,25,40,113,45.2174,0.0,3.067,OPTIMAL
grid_5x5_31,seed_milpsnap_grid5x5_high.json,1386,25,40,112,45.2174,0.0,3.35,OPTIMAL
grid_5x5_31,seed_milpsnap_grid5x5_high.json,1387,25,40,108,45.2174,0.0,2.933,OPTIMAL
grid_5x5_31,seed_milpsnap_grid5x5_high.json,1388,25,40,103,45.2174,0.0,3.044,OPTIMAL
grid_5x5_31,seed_milpsnap_grid5x5_high.json,1389,25,40,105,45.2174,0.0,3.137,OPTIMAL
grid_5x5_31,seed_milpsnap_grid5x5_high.json,1390,25,40,107,45.2174,0.0,2.588,OPTIMAL
grid_5x5_31,seed_milpsnap_grid5x5_high.json,1391,25,40,108,45.2174,0.0,3.124,OPTIMAL
grid_5x5_31,seed_milpsnap_grid5x5_high.json,1392,25,40,109,45.2174,0.0,3.16,OPTIMAL
grid_5x5_31,seed_milpsnap_grid5x5_high.json,1393,25,40,107,45.2174,0.0,2.961,OPTIMAL
grid_5x5_31,seed_milpsnap_grid5x5_high.json,1394,25,40,108,45.2174,0.0,2.928,OPTIMAL
grid_5x5_31,seed_milpsnap_grid5x5_high.json,1395,25,40,104,45.2174,0.0,2.699,OPTIMAL
grid_5x5_31,seed_milpsnap_grid5x5_high.json,1396,25,40,110,45.2174,0.0,3.086,OPTIMAL
grid_5x5_31,seed_milpsnap_grid5x5_high.json,1397,25,40,108,45.2174,0.0,3.118,OPTIMAL
grid_5x5_31,seed_milpsnap_grid5x5_high.json,1398,25,40,106,45.2174,0.0,3.578,OPTIMAL
grid_5x5_31,seed_milpsnap_grid5x5_high.json,1399,25,40,107,45.2174,0.0,2.851,OPTIMAL
grid_5x5_31,seed_milpsnap_grid5x5_high.json,1400,25,40,106,45.2174,0.0,3.055,OPTIMAL
grid_5x5_31,seed_milpsnap_grid5x5_high.json,1401,25,40,107,45.2174,0.0,3.733,OPTIMAL
grid_5x5_31,seed_milpsnap_grid5x5_high.json,1402,25,40,107,45.2174,0.0,2.955,OPTIMAL
grid_5x5_31,seed_milpsnap_grid5x5_high.json,1403,25,40,117,45.2174,0.0,3.09,OPTIMAL
grid_5x5_31,seed_milpsnap_grid5x5_high.json,1404,25,40,122,45.2174,0.0,3.881,OPTIMAL
grid_5x5_31,seed_milpsnap_grid5x5_high.json,1405,25,40,121,45.2174,0.0,3.121,OPTIMAL
grid_5x5_31,seed_milpsnap_grid5x5_high.json,1406,25,40,119,45.2174,0.0,3.528,OPTIMAL
grid_5x5_31,seed_milpsnap_grid5x5_high.json,1407,25,40,122,45.2174,0.0,3.648,OPTIMAL
grid_5x5_31,seed_milpsnap_grid5x5_high.json,1408,25,40,132,45.2174,0.0,3.531,OPTIMAL
grid_5x5_31,seed_milpsnap_grid5x5_high.json,1409,25,40,136,45.2174,0.0,3.607,OPTIMAL
grid_5x5_31,seed_milpsnap_grid5x5_high.json,1410,25,40,135,45.2174,0.0,3.71,OPTIMAL
grid_5x5_31,seed_milpsnap_grid5x5_high.json,1411,25,40,130,45.2174,0.0,2.9,OPTIMAL
grid_5x5_31,seed_milpsnap_grid5x5_high.json,1412,25,40,136,45.2174,0.0,2.885,OPTIMAL
grid_5x5_31,seed_milpsnap_grid5x5_high.json,1413,25,40,136,45.2174,0.0,3.377,OPTIMAL
grid_5x5_31,seed_milpsnap_grid5x5_high.json,1414,25,40,131,45.2174,0.0,3.168,OPTIMAL
grid_5x5_31,seed_milpsnap_grid5x5_high.json,1415,25,40,135,45.2174,0.0,3.345,OPTIMAL
grid_5x5_31,seed_milpsnap_grid5x5_high.json,1416,25,40,137,45.2174,0.0,3.453,OPTIMAL
grid_5x5_31,seed_milpsnap_grid5x5_high.json,1417,25,40,137,45.2174,0.0,2.867,OPTIMAL
grid_5x5_31,seed_milpsnap_grid5x5_high.json,1418,25,40,133,45.2174,0.0,3.217,OPTIMAL
grid_5x5_31,seed_milpsnap_grid5x5_high.json,1419,25,40,134,45.2174,0.0,3.305,OPTIMAL
grid_5x5_31,seed_milpsnap_grid5x5_high.json,1420,25,40,134,45.2174,0.0,2.9,OPTIMAL
grid_5x5_31,seed_milpsnap_grid5x5_high.json,1421,25,40,134,45.2174,0.0,4.05,OPTIMAL
grid_5x5_31,seed_milpsnap_grid5x5_high.json,1422,25,40,133,45.2174,0.0,3.817,OPTIMAL
grid_5x5_31,seed_milpsnap_grid5x5_high.json,1423,25,40,125,45.2174,0.0,3.467,OPTIMAL
grid_5x5_31,seed_milpsnap_grid5x5_high.json,1424,25,40,122,45.2174,0.0,3.307,OPTIMAL
grid_5x5_31,seed_milpsnap_grid5x5_high.json,1425,25,40,124,45.2174,0.0,3.768,OPTIMAL
grid_5x5_31,seed_milpsnap_grid5x5_high.json,1426,25,40,127,45.2174,0.0,4.812,OPTIMAL
grid_5x5_31,seed_milpsnap_grid5x5_high.json,1427,25,40,123,45.2174,0.0,3.753,OPTIMAL
grid_5x5_31,seed_milpsnap_grid5x5_high.json,1428,25,40,125,45.2174,0.0,3.563,OPTIMAL
grid_5x5_31,seed_milpsnap_grid5x5_high.json,1429,25,40,131,45.2174,0.0,3.0,OPTIMAL
grid_5x5_31,seed_milpsnap_grid5x5_high.json,1430,25,40,122,45.2174,0.0,3.001,OPTIMAL
grid_5x5_31,seed_milpsnap_grid5x5_high.json,1431,25,40,121,45.2174,0.0,4.8,OPTIMAL
grid_5x5_31,seed_milpsnap_grid5x5_high.json,1432,25,40,118,45.2174,0.0,3.05,OPTIMAL
grid_5x5_31,seed_milpsnap_grid5x5_high.json,1433,25,40,121,45.2174,0.0,3.24,OPTIMAL
grid_5x5_31,seed_milpsnap_grid5x5_high.json,1434,25,40,118,45.2174,0.0,4.44,OPTIMAL
grid_5x5_31,seed_milpsnap_grid5x5_high.json,1435,25,40,120,45.2174,0.0,3.283,OPTIMAL
grid_5x5_31,seed_milpsnap_grid5x5_high.json,1436,25,40,118,45.2174,0.0,3.617,OPTIMAL
grid_5x5_31,seed_milpsnap_grid5x5_high.json,1437,25,40,118,45.2174,0.0,3.231,OPTIMAL
grid_5x5_31,seed_milpsnap_grid5x5_high.json,1438,25,40,119,45.2174,0.0,3.275,OPTIMAL
grid_5x5_31,seed_milpsnap_grid5x5_high.json,1439,25,40,114,45.2174,0.0,3.104,OPTIMAL
grid_5x5_31,seed_milpsnap_grid5x5_high.json,1440,25,40,107,45.2174,0.0,3.5,OPTIMAL
grid_5x5_31,seed_milpsnap_grid5x5_high.json,1441,25,40,106,45.2174,0.0,2.784,OPTIMAL
grid_5x5_31,seed_milpsnap_grid5x5_high.json,1442,25,40,108,45.2174,0.0,2.7,OPTIMAL
grid_5x5_31,seed_milpsnap_grid5x5_high.json,1443,25,40,105,45.2174,0.0,2.66,OPTIMAL
grid_5x5_31,seed_milpsnap_grid5x5_high.json,1444,25,40,101,45.2174,0.0,2.35,OPTIMAL
grid_5x5_31,seed_milpsnap_grid5x5_high.json,1445,25,40,106,45.2174,0.0,3.1,OPTIMAL
grid_5x5_31,seed_milpsnap_grid5x5_high.json,1446,25,40,113,45.2174,0.0,2.867,OPTIMAL
grid_5x5_31,seed_milpsnap_grid5x5_high.json,1447,25,40,118,45.2174,0.0,3.653,OPTIMAL
grid_5x5_31,seed_milpsnap_grid5x5_high.json,1448,25,40,117,45.2174,0.0,3.646,OPTIMAL
grid_5x5_31,seed_milpsnap_grid5x5_high.json,1449,25,40,116,45.2174,0.0,3.43,OPTIMAL
grid_5x5_31,seed_milpsnap_grid5x5_high.json,1450,25,40,118,45.2174,0.0,3.204,OPTIMAL
grid_5x5_31,seed_milpsnap_grid5x5_high.json,1451,25,40,124,45.2174,0.0,3.799,OPTIMAL
grid_5x5_31,seed_milpsnap_grid5x5_high.json,1452,25,40,121,45.2174,0.0,3.571,OPTIMAL
grid_5x5_31,seed_milpsnap_grid5x5_high.json,1453,25,40,125,45.2174,0.0,3.689,OPTIMAL
grid_5x5_31,seed_milpsnap_grid5x5_high.json,1454,25,40,136,45.2174,0.0,4.422,OPTIMAL
grid_5x5_31,seed_milpsnap_grid5x5_high.json,1455,25,40,142,45.2174,0.0,3.923,OPTIMAL
grid_5x5_31,seed_milpsnap_grid5x5_high.json,1456,25,40,144,45.2174,0.0,4.144,OPTIMAL
grid_5x5_31,seed_milpsnap_grid5x5_high.json,1457,25,40,144,45.2174,0.0,4.366,OPTIMAL
grid_5x5_31,seed_milpsnap_grid5x5_high.json,1458,25,40,146,45.2174,0.0,4.797,OPTIMAL
grid_5x5_31,seed_milpsnap_grid5x5_high.json,1459,25,40,149,45.2174,0.0,4.929,OPTIMAL
grid_5x5_31,seed_milpsnap_grid5x5_high.json,1460,25,40,147,45.2174,0.0,5.72,OPTIMAL
grid_5x5_31,seed_milpsnap_grid5x5_high.json,1461,25,40,139,45.2174,0.0,4.082,OPTIMAL
grid_5x5_31,seed_milpsnap_grid5x5_high.json,1462,25,40,135,45.2174,0.0,3.645,OPTIMAL
grid_5x5_31,seed_milpsnap_grid5x5_high.json,1463,25,40,135,45.2174,0.0,3.725,OPTIMAL
grid_5x5_31,seed_milpsnap_grid5x5_high.json,1464,25,40,132,45.2174,0.0,3.332,OPTIMAL
grid_5x5_31,seed_milpsnap_grid5x5_high.json,1465,25,40,130,45.2174,0.0,3.014,OPTIMAL
grid_5x5_31,seed_milpsnap_grid5x5_high.json,1466,25,40,131,45.2174,0.0,3.634,OPTIMAL
grid_5x5_31,seed_milpsnap_grid5x5_high.json,1467,25,40,130,45.2174,0.0,3.899,OPTIMAL
grid_5x5_31,seed_milpsnap_grid5x5_high.json,1468,25,40,128,45.2174,0.0,2.899,OPTIMAL
grid_5x5_31,seed_milpsnap_grid5x5_high.json,1469,25,40,117,45.2174,0.0,3.739,OPTIMAL
grid_5x5_31,seed_milpsnap_grid5x5_high.json,1470,25,40,122,45.2174,0.0,3.21,OPTIMAL
grid_5x5_31,seed_milpsnap_grid5x5_high.json,1471,25,40,117,45.2174,0.0,3.533,OPTIMAL
grid_5x5_31,seed_milpsnap_grid5x5_high.json,1472,25,40,117,45.2174,0.0,3.617,OPTIMAL
grid_5x5_31,seed_milpsnap_grid5x5_high.json,1473,25,40,123,45.2174,0.0,3.421,OPTIMAL
grid_5x5_31,seed_milpsnap_grid5x5_high.json,1474,25,40,119,45.2174,0.0,3.865,OPTIMAL
grid_5x5_31,seed_milpsnap_grid5x5_high.json,1475,25,40,122,45.2174,0.0,4.397,OPTIMAL
grid_5x5_31,seed_milpsnap_grid5x5_high.json,1476,25,40,126,45.2174,0.0,3.244,OPTIMAL
grid_5x5_31,seed_milpsnap_grid5x5_high.json,1477,25,40,132,45.2174,0.0,2.822,OPTIMAL
grid_5x5_31,seed_milpsnap_grid5x5_high.json,1478,25,40,132,45.2174,0.0,4.264,OPTIMAL
grid_5x5_31,seed_milpsnap_grid5x5_high.json,1479,25,40,134,45.2174,0.0,3.696,OPTIMAL
grid_5x5_31,seed_milpsnap_grid5x5_high.json,1480,25,40,136,45.2174,0.0,3.847,OPTIMAL
grid_5x5_31,seed_milpsnap_grid5x5_high.json,1481,25,40,134,45.2174,0.0,3.923,OPTIMAL
grid_5x5_31,seed_milpsnap_grid5x5_high.json,1482,25,40,138,45.2174,0.0,5.013,OPTIMAL
grid_5x5_31,seed_milpsnap_grid5x5_high.json,1483,25,40,140,45.2174,0.0,3.434,OPTIMAL
grid_5x5_31,seed_milpsnap_grid5x5_high.json,1484,25,40,142,45.2174,0.0,5.023,OPTIMAL
grid_5x5_31,seed_milpsnap_grid5x5_high.json,1485,25,40,138,45.2174,0.0,4.627,OPTIMAL
grid_5x5_31,seed_milpsnap_grid5x5_high.json,1486,25,40,134,45.2174,0.0,3.398,OPTIMAL
grid_5x5_31,seed_milpsnap_grid5x5_high.json,1487,25,40,129,45.2174,0.0,3.46,OPTIMAL
grid_5x5_31,seed_milpsnap_grid5x5_high.json,1488,25,40,119,45.2174,0.0,3.006,OPTIMAL
grid_5x5_31,seed_milpsnap_grid5x5_high.json,1489,25,40,122,45.2174,0.0,3.072,OPTIMAL
grid_5x5_31,seed_milpsnap_grid5x5_high.json,1490,25,40,123,45.2174,0.0,3.56,OPTIMAL
grid_5x5_31,seed_milpsnap_grid5x5_high.json,1491,25,40,123,45.2174,0.0,3.801,OPTIMAL
grid_5x5_31,seed_milpsnap_grid5x5_high.json,1492,25,40,123,45.2174,0.0,3.982,OPTIMAL
grid_5x5_31,seed_milpsnap_grid5x5_high.json,1493,25,40,122,45.2174,0.0,4.317,OPTIMAL
grid_5x5_31,seed_milpsnap_grid5x5_high.json,1494,25,40,127,45.2174,0.0,3.498,OPTIMAL
grid_5x5_31,seed_milpsnap_grid5x5_high.json,1495,25,40,123,45.2174,0.0,3.4,OPTIMAL
grid_5x5_31,seed_milpsnap_grid5x5_high.json,1496,25,40,125,45.2174,0.0,4.187,OPTIMAL
grid_5x5_31,seed_milpsnap_grid5x5_high.json,1497,25,40,122,45.2174,0.0,3.295,OPTIMAL
grid_5x5_31,seed_milpsnap_grid5x5_high.json,1498,25,40,118,45.2174,0.0,3.565,OPTIMAL
grid_5x5_31,seed_milpsnap_grid5x5_high.json,1499,25,40,122,45.2174,0.0,3.124,OPTIMAL
grid_5x5_31,seed_milpsnap_grid5x5_high.json,1500,25,40,120,45.2174,0.0,3.335,OPTIMAL
grid_5x5_31,seed_milpsnap_grid5x5_high.json,1501,25,40,125,45.2174,0.0,4.337,OPTIMAL
grid_5x5_31,seed_milpsnap_grid5x5_high.json,1502,25,40,126,45.2174,0.0,3.325,OPTIMAL
grid_5x5_31,seed_milpsnap_grid5x5_high.json,1503,25,40,128,45.2174,0.0,3.928,OPTIMAL
grid_5x5_31,seed_milpsnap_grid5x5_high.json,1504,25,40,131,45.2174,0.0,3.267,OPTIMAL
grid_5x5_31,seed_milpsnap_grid5x5_high.json,1505,25,40,127,45.2174,0.0,2.892,OPTIMAL
grid_5x5_31,seed_milpsnap_grid5x5_high.json,1506,25,40,122,45.2174,0.0,3.942,OPTIMAL
grid_5x5_31,seed_milpsnap_grid5x5_high.json,1507,25,40,120,45.2174,0.0,3.3,OPTIMAL
grid_5x5_31,seed_milpsnap_grid5x5_high.json,1508,25,40,123,45.2174,0.0,4.105,OPTIMAL
grid_5x5_31,seed_milpsnap_grid5x5_high.json,1509,25,40,119,45.2174,0.0,3.448,OPTIMAL
grid_5x5_31,seed_milpsnap_grid5x5_high.json,1510,25,40,119,45.2174,0.0,3.966,OPTIMAL
