topo,seed_file,batch,n_switches,n_links,n_flows,energy_saving_percent,mip_gap,solve_time_sec,status
grid_5x5_31,seed_milpsnap_grid5x5_low_bw25.json,1,25,40,1,83.4783,0.0,0.067,OPTIMAL
grid_5x5_31,seed_milpsnap_grid5x5_low_bw25.json,2,25,40,3,69.5652,0.0,0.023,OPTIMAL
grid_5x5_31,seed_milpsnap_grid5x5_low_bw25.json,3,25,40,4,55.6522,0.0,0.136,OPTIMAL
grid_5x5_31,seed_milpsnap_grid5x5_low_bw25.json,4,25,40,6,52.1739,0.0,0.076,OPTIMAL
grid_5x5_31,seed_milpsnap_grid5x5_low_bw25.json,5,25,40,7,52.1739,0.0,0.102,OPTIMAL
grid_5x5_31,seed_milpsnap_grid5x5_low_bw25.json,6,25,40,9,48.6957,0.0,0.171,OPTIMAL
grid_5x5_31,seed_milpsnap_grid5x5_low_bw25.json,7,25,40,12,45.2174,0.0,0.68,OPTIMAL
grid_5x5_31,seed_milpsnap_grid5x5_low_bw25.json,8,25,40,15,44.3478,0.0,2.323,OPTIMAL
grid_5x5_31,seed_milpsnap_grid5x5_low_bw25.json,9,25,40,19,36.5217,0.0,6.188,OPTIMAL
grid_5x5_31,seed_milpsnap_grid5x5_low_bw25.json,10,25,40,21,28.6957,0.0,32.797,OPTIMAL
grid_5x5_31,seed_milpsnap_grid5x5_low_bw25.json,11,25,40,22,28.6957,0.0,21.73,OPTIMAL
grid_5x5_31,seed_milpsnap_grid5x5_low_bw25.json,12,25,40,24,25.2174,0.0,45.418,OPTIMAL
grid_5x5_31,seed_milpsnap_grid5x5_low_bw25.json,13,25,40,28,20.0,0.021739130434782608,60.132,TIME_LIMIT(次佳解)
grid_5x5_31,seed_milpsnap_grid5x5_low_bw25.json,14,25,40,30,16.5217,0.08333333333333333,60.132,TIME_LIMIT(次佳解)
grid_5x5_31,seed_milpsnap_grid5x5_low_bw25.json,15,25,40,30,17.3913,0.06315789473684211,60.142,TIME_LIMIT(次佳解)
grid_5x5_31,seed_milpsnap_grid5x5_low_bw25.json,16,25,40,30,16.5217,0.08333333333333333,60.108,TIME_LIMIT(次佳解)
grid_5x5_31,seed_milpsnap_grid5x5_low_bw25.json,17,25,40,30,17.3913,0.042105263157894736,60.136,TIME_LIMIT(次佳解)
grid_5x5_31,seed_milpsnap_grid5x5_low_bw25.json,18,25,40,32,15.6522,0.08247422680412371,60.123,TIME_LIMIT(次佳解)
grid_5x5_31,seed_milpsnap_grid5x5_low_bw25.json,19,25,40,32,15.6522,0.09278350515463918,60.14,TIME_LIMIT(次佳解)
grid_5x5_31,seed_milpsnap_grid5x5_low_bw25.json,20,25,40,30,20.8696,0.04395604395604396,60.126,TIME_LIMIT(次佳解)
grid_5x5_31,seed_milpsnap_grid5x5_low_bw25.json,21,25,40,29,24.3478,0.0,55.127,OPTIMAL
grid_5x5_31,seed_milpsnap_grid5x5_low_bw25.json,22,25,40,30,20.8696,0.04395604395604396,60.112,TIME_LIMIT(次佳解)
grid_5x5_31,seed_milpsnap_grid5x5_low_bw25.json,23,25,40,28,25.2174,0.0,47.406,OPTIMAL
grid_5x5_31,seed_milpsnap_grid5x5_low_bw25.json,24,25,40,31,24.3478,0.0,42.567,OPTIMAL
grid_5x5_31,seed_milpsnap_grid5x5_low_bw25.json,25,25,40,32,20.8696,0.04395604395604396,60.157,TIME_LIMIT(次佳解)
grid_5x5_31,seed_milpsnap_grid5x5_low_bw25.json,26,25,40,30,25.2174,0.0,41.285,OPTIMAL
grid_5x5_31,seed_milpsnap_grid5x5_low_bw25.json,27,25,40,33,24.3478,0.0,31.466,OPTIMAL
grid_5x5_31,seed_milpsnap_grid5x5_low_bw25.json,28,25,40,30,28.6957,0.0,17.777,OPTIMAL
grid_5x5_31,seed_milpsnap_grid5x5_low_bw25.json,29,25,40,32,25.2174,0.0,41.558,OPTIMAL
grid_5x5_31,seed_milpsnap_grid5x5_low_bw25.json,30,25,40,33,25.2174,0.0,39.864,OPTIMAL
grid_5x5_31,seed_milpsnap_grid5x5_low_bw25.json,31,25,40,36,24.3478,0.0,34.313,OPTIMAL
grid_5x5_31,seed_milpsnap_grid5x5_low_bw25.json,32,25,40,36,24.3478,0.0,40.739,OPTIMAL
grid_5x5_31,seed_milpsnap_grid5x5_low_bw25.json,33,25,40,37,17.3913,0.07368421052631578,60.165,TIME_LIMIT(次佳解)
grid_5x5_31,seed_milpsnap_grid5x5_low_bw25.json,34,25,40,39,11.3043,0.12745098039215685,60.167,TIME_LIMIT(次佳解)
grid_5x5_31,seed_milpsnap_grid5x5_low_bw25.json,35,25,40,39,13.0435,0.11,60.165,TIME_LIMIT(次佳解)
grid_5x5_31,seed_milpsnap_grid5x5_low_bw25.json,36,25,40,37,15.6522,0.08247422680412371,60.172,TIME_LIMIT(次佳解)
grid_5x5_31,seed_milpsnap_grid5x5_low_bw25.json,37,25,40,32,24.3478,0.0,49.944,OPTIMAL
grid_5x5_31,seed_milpsnap_grid5x5_low_bw25.json,38,25,40,29,24.3478,0.05747126436781609,60.129,TIME_LIMIT(次佳解)
grid_5x5_31,seed_milpsnap_grid5x5_low_bw25.json,39,25,40,32,22.6087,0.0,25.169,OPTIMAL
grid_5x5_31,seed_milpsnap_grid5x5_low_bw25.json,40,25,40,30,23.4783,0.0,28.428,OPTIMAL
grid_5x5_31,seed_milpsnap_grid5x5_low_bw25.json,41,25,40,28,24.3478,0.0,39.134,OPTIMAL
grid_5x5_31,seed_milpsnap_grid5x5_low_bw25.json,42,25,40,33,15.6522,0.041237113402061855,60.135,TIME_LIMIT(次佳解)
grid_5x5_31,seed_milpsnap_grid5x5_low_bw25.json,43,25,40,30,24.3478,0.0,32.965,OPTIMAL
grid_5x5_31,seed_milpsnap_grid5x5_low_bw25.json,44,25,40,27,24.3478,0.0,50.16,OPTIMAL
grid_5x5_31,seed_milpsnap_grid5x5_low_bw25.json,45,25,40,26,24.3478,0.011494252873563218,60.103,TIME_LIMIT(次佳解)
grid_5x5_31,seed_milpsnap_grid5x5_low_bw25.json,46,25,40,25,26.087,0.0,40.495,OPTIMAL
grid_5x5_31,seed_milpsnap_grid5x5_low_bw25.json,47,25,40,25,26.9565,0.0,37.498,OPTIMAL
grid_5x5_31,seed_milpsnap_grid5x5_low_bw25.json,48,25,40,28,25.2174,0.0,29.856,OPTIMAL
grid_5x5_31,seed_milpsnap_grid5x5_low_bw25.json,49,25,40,30,25.2174,0.0,32.747,OPTIMAL
grid_5x5_31,seed_milpsnap_grid5x5_low_bw25.json,50,25,40,33,20.0,0.043478260869565216,60.136,TIME_LIMIT(次佳解)
grid_5x5_31,seed_milpsnap_grid5x5_low_bw25.json,51,25,40,34,15.6522,0.08247422680412371,60.179,TIME_LIMIT(次佳解)
grid_5x5_31,seed_milpsnap_grid5x5_low_bw25.json,52,25,40,36,20.8696,0.06593406593406594,60.136,TIME_LIMIT(次佳解)
grid_5x5_31,seed_milpsnap_grid5x5_low_bw25.json,53,25,40,33,25.2174,0.0,32.903,OPTIMAL
grid_5x5_31,seed_milpsnap_grid5x5_low_bw25.json,54,25,40,33,28.6957,0.0,17.607,OPTIMAL
grid_5x5_31,seed_milpsnap_grid5x5_low_bw25.json,55,25,40,37,20.0,0.07608695652173914,60.152,TIME_LIMIT(次佳解)
grid_5x5_31,seed_milpsnap_grid5x5_low_bw25.json,56,25,40,34,25.2174,0.0,46.955,OPTIMAL
grid_5x5_31,seed_milpsnap_grid5x5_low_bw25.json,57,25,40,37,20.8696,0.06593406593406594,60.175,TIME_LIMIT(次佳解)
grid_5x5_31,seed_milpsnap_grid5x5_low_bw25.json,58,25,40,37,20.0,0.07608695652173914,60.144,TIME_LIMIT(次佳解)
grid_5x5_31,seed_milpsnap_grid5x5_low_bw25.json,59,25,40,37,19.1304,0.08602150537634409,60.152,TIME_LIMIT(次佳解)
grid_5x5_31,seed_milpsnap_grid5x5_low_bw25.json,60,25,40,34,24.3478,0.0,38.371,OPTIMAL
grid_5x5_31,seed_milpsnap_grid5x5_low_bw25.json,61,25,40,33,24.3478,0.0,32.402,OPTIMAL
grid_5x5_31,seed_milpsnap_grid5x5_low_bw25.json,62,25,40,31,24.3478,0.04597701149425287,60.133,TIME_LIMIT(次佳解)
grid_5x5_31,seed_milpsnap_grid5x5_low_bw25.json,63,25,40,31,27.8261,0.0,18.348,OPTIMAL
grid_5x5_31,seed_milpsnap_grid5x5_low_bw25.json,64,25,40,29,25.2174,0.03488372093023256,60.133,TIME_LIMIT(次佳解)
grid_5x5_31,seed_milpsnap_grid5x5_low_bw25.json,65,25,40,31,25.2174,0.0,43.478,OPTIMAL
grid_5x5_31,seed_milpsnap_grid5x5_low_bw25.json,66,25,40,29,25.2174,0.0,50.989,OPTIMAL
grid_5x5_31,seed_milpsnap_grid5x5_low_bw25.json,67,25,40,26,28.6957,0.0,22.276,OPTIMAL
grid_5x5_31,seed_milpsnap_grid5x5_low_bw25.json,68,25,40,27,25.2174,0.0,53.643,OPTIMAL
grid_5x5_31,seed_milpsnap_grid5x5_low_bw25.json,69,25,40,24,28.6957,0.0,26.777,OPTIMAL
grid_5x5_31,seed_milpsnap_grid5x5_low_bw25.json,70,25,40,22,33.0435,0.0,9.346,OPTIMAL
grid_5x5_31,seed_milpsnap_grid5x5_low_bw25.json,71,25,40,21,37.3913,0.0,11.602,OPTIMAL
grid_5x5_31,seed_milpsnap_grid5x5_low_bw25.json,72,25,40,26,28.6957,0.0,38.121,OPTIMAL
grid_5x5_31,seed_milpsnap_grid5x5_low_bw25.json,73,25,40,28,24.3478,0.034482758620689655,60.124,TIME_LIMIT(次佳解)
grid_5x5_31,seed_milpsnap_grid5x5_low_bw25.json,74,25,40,29,24.3478,0.0,54.492,OPTIMAL
grid_5x5_31,seed_milpsnap_grid5x5_low_bw25.json,75,25,40,30,24.3478,0.04597701149425287,60.124,TIME_LIMIT(次佳解)
grid_5x5_31,seed_milpsnap_grid5x5_low_bw25.json,76,25,40,31,20.8696,0.06593406593406594,60.125,TIME_LIMIT(次佳解)
grid_5x5_31,seed_milpsnap_grid5x5_low_bw25.json,77,25,40,30,19.1304,0.07526881720430108,60.13,TIME_LIMIT(次佳解)
grid_5x5_31,seed_milpsnap_grid5x5_low_bw25.json,78,25,40,32,15.6522,0.08247422680412371,60.128,TIME_LIMIT(次佳解)
grid_5x5_31,seed_milpsnap_grid5x5_low_bw25.json,79,25,40,32,14.7826,0.04081632653061224,60.148,TIME_LIMIT(次佳解)
grid_5x5_31,seed_milpsnap_grid5x5_low_bw25.json,80,25,40,31,15.6522,0.041237113402061855,60.115,TIME_LIMIT(次佳解)
grid_5x5_31,seed_milpsnap_grid5x5_low_bw25.json,81,25,40,32,15.6522,0.05154639175257732,60.132,TIME_LIMIT(次佳解)
grid_5x5_31,seed_milpsnap_grid5x5_low_bw25.json,82,25,40,34,13.913,0.04040404040404041,60.135,TIME_LIMIT(次佳解)
grid_5x5_31,seed_milpsnap_grid5x5_low_bw25.json,83,25,40,33,14.7826,0.05102040816326531,60.141,TIME_LIMIT(次佳解)
grid_5x5_31,seed_milpsnap_grid5x5_low_bw25.json,84,25,40,33,14.7826,0.061224489795918366,60.124,TIME_LIMIT(次佳解)
grid_5x5_31,seed_milpsnap_grid5x5_low_bw25.json,85,25,40,34,13.913,0.04040404040404041,60.126,TIME_LIMIT(次佳解)
grid_5x5_31,seed_milpsnap_grid5x5_low_bw25.json,86,25,40,33,13.913,0.04040404040404041,60.147,TIME_LIMIT(次佳解)
grid_5x5_31,seed_milpsnap_grid5x5_low_bw25.json,87,25,40,32,15.6522,0.09278350515463918,60.132,TIME_LIMIT(次佳解)
grid_5x5_31,seed_milpsnap_grid5x5_low_bw25.json,88,25,40,30,16.5217,0.07291666666666667,60.131,TIME_LIMIT(次佳解)
grid_5x5_31,seed_milpsnap_grid5x5_low_bw25.json,89,25,40,34,11.3043,0.06862745098039216,60.186,TIME_LIMIT(次佳解)
grid_5x5_31,seed_milpsnap_grid5x5_low_bw25.json,90,25,40,35,10.4348,0.06796116504854369,60.172,TIME_LIMIT(次佳解)
grid_5x5_31,seed_milpsnap_grid5x5_low_bw25.json,91,25,40,37,9.5652,0.125,60.195,TIME_LIMIT(次佳解)
grid_5x5_31,seed_milpsnap_grid5x5_low_bw25.json,92,25,40,37,10.4348,0.11650485436893204,60.151,TIME_LIMIT(次佳解)
grid_5x5_31,seed_milpsnap_grid5x5_low_bw25.json,93,25,40,37,15.6522,0.030927835051546393,60.15,TIME_LIMIT(次佳解)
grid_5x5_31,seed_milpsnap_grid5x5_low_bw25.json,94,25,40,34,15.6522,0.07216494845360824,60.118,TIME_LIMIT(次佳解)
grid_5x5_31,seed_milpsnap_grid5x5_low_bw25.json,95,25,40,37,15.6522,0.061855670103092786,60.165,TIME_LIMIT(次佳解)
grid_5x5_31,seed_milpsnap_grid5x5_low_bw25.json,96,25,40,38,15.6522,0.061855670103092786,60.131,TIME_LIMIT(次佳解)
grid_5x5_31,seed_milpsnap_grid5x5_low_bw25.json,97,25,40,39,13.913,0.08080808080808081,60.152,TIME_LIMIT(次佳解)
grid_5x5_31,seed_milpsnap_grid5x5_low_bw25.json,98,25,40,39,14.7826,0.07142857142857142,60.167,TIME_LIMIT(次佳解)
grid_5x5_31,seed_milpsnap_grid5x5_low_bw25.json,99,25,40,41,10.4348,0.1262135922330097,60.163,TIME_LIMIT(次佳解)
grid_5x5_31,seed_milpsnap_grid5x5_low_bw25.json,100,25,40,40,10.4348,0.11650485436893204,60.165,TIME_LIMIT(次佳解)
grid_5x5_31,seed_milpsnap_grid5x5_low_bw25.json,101,25,40,40,10.4348,0.10679611650485436,60.186,TIME_LIMIT(次佳解)
grid_5x5_31,seed_milpsnap_grid5x5_low_bw25.json,102,25,40,35,16.5217,0.10416666666666667,60.144,TIME_LIMIT(次佳解)
grid_5x5_31,seed_milpsnap_grid5x5_low_bw25.json,103,25,40,36,20.0,0.021739130434782608,60.153,TIME_LIMIT(次佳解)
grid_5x5_31,seed_milpsnap_grid5x5_low_bw25.json,104,25,40,35,24.3478,0.0,55.865,OPTIMAL
grid_5x5_31,seed_milpsnap_grid5x5_low_bw25.json,105,25,40,32,28.6957,0.0,20.784,OPTIMAL
grid_5x5_31,seed_milpsnap_grid5x5_low_bw25.json,106,25,40,31,28.6957,0.0,24.516,OPTIMAL
grid_5x5_31,seed_milpsnap_grid5x5_low_bw25.json,107,25,40,32,25.2174,0.046511627906976744,60.126,TIME_LIMIT(次佳解)
grid_5x5_31,seed_milpsnap_grid5x5_low_bw25.json,108,25,40,32,24.3478,0.034482758620689655,60.132,TIME_LIMIT(次佳解)
grid_5x5_31,seed_milpsnap_grid5x5_low_bw25.json,109,25,40,33,24.3478,0.0,46.536,OPTIMAL
grid_5x5_31,seed_milpsnap_grid5x5_low_bw25.json,110,25,40,31,25.2174,0.0,41.578,OPTIMAL
grid_5x5_31,seed_milpsnap_grid5x5_low_bw25.json,111,25,40,30,25.2174,0.0,50.398,OPTIMAL
grid_5x5_31,seed_milpsnap_grid5x5_low_bw25.json,112,25,40,29,26.087,0.0,56.634,OPTIMAL
grid_5x5_31,seed_milpsnap_grid5x5_low_bw25.json,113,25,40,29,26.087,0.0,25.382,OPTIMAL
grid_5x5_31,seed_milpsnap_grid5x5_low_bw25.json,114,25,40,26,33.0435,0.0,12.747,OPTIMAL
grid_5x5_31,seed_milpsnap_grid5x5_low_bw25.json,115,25,40,25,33.0435,0.0,12.835,OPTIMAL
grid_5x5_31,seed_milpsnap_grid5x5_low_bw25.json,116,25,40,27,32.1739,0.0,7.188,OPTIMAL
grid_5x5_31,seed_milpsnap_grid5x5_low_bw25.json,117,25,40,31,25.2174,0.0,28.686,OPTIMAL
grid_5x5_31,seed_milpsnap_grid5x5_low_bw25.json,118,25,40,30,28.6957,0.0,11.96,OPTIMAL
grid_5x5_31,seed_milpsnap_grid5x5_low_bw25.json,119,25,40,26,28.6957,0.0,13.924,OPTIMAL
grid_5x5_31,seed_milpsnap_grid5x5_low_bw25.json,120,25,40,26,26.087,0.011764705882352941,60.108,TIME_LIMIT(次佳解)
grid_5x5_31,seed_milpsnap_grid5x5_low_bw25.json,121,25,40,26,33.0435,0.0,10.131,OPTIMAL
grid_5x5_31,seed_milpsnap_grid5x5_low_bw25.json,122,25,40,26,33.0435,0.0,11.717,OPTIMAL
grid_5x5_31,seed_milpsnap_grid5x5_low_bw25.json,123,25,40,24,36.5217,0.0,5.55,OPTIMAL
grid_5x5_31,seed_milpsnap_grid5x5_low_bw25.json,124,25,40,24,36.5217,0.0,5.733,OPTIMAL
grid_5x5_31,seed_milpsnap_grid5x5_low_bw25.json,125,25,40,25,33.0435,0.0,13.716,OPTIMAL
grid_5x5_31,seed_milpsnap_grid5x5_low_bw25.json,126,25,40,25,33.0435,0.0,12.458,OPTIMAL
grid_5x5_31,seed_milpsnap_grid5x5_low_bw25.json,127,25,40,23,33.913,0.0,14.733,OPTIMAL
grid_5x5_31,seed_milpsnap_grid5x5_low_bw25.json,128,25,40,27,33.0435,0.0,19.284,OPTIMAL
grid_5x5_31,seed_milpsnap_grid5x5_low_bw25.json,129,25,40,28,33.0435,0.0,18.288,OPTIMAL
grid_5x5_31,seed_milpsnap_grid5x5_low_bw25.json,130,25,40,29,33.0435,0.0,21.834,OPTIMAL
grid_5x5_31,seed_milpsnap_grid5x5_low_bw25.json,131,25,40,27,36.5217,0.0,15.929,OPTIMAL
grid_5x5_31,seed_milpsnap_grid5x5_low_bw25.json,132,25,40,25,33.913,0.0,24.008,OPTIMAL
grid_5x5_31,seed_milpsnap_grid5x5_low_bw25.json,133,25,40,27,33.913,0.0,13.812,OPTIMAL
grid_5x5_31,seed_milpsnap_grid5x5_low_bw25.json,134,25,40,33,28.6957,0.0,12.572,OPTIMAL
grid_5x5_31,seed_milpsnap_grid5x5_low_bw25.json,135,25,40,33,28.6957,0.0,11.621,OPTIMAL
grid_5x5_31,seed_milpsnap_grid5x5_low_bw25.json,136,25,40,31,28.6957,0.0,20.66,OPTIMAL
grid_5x5_31,seed_milpsnap_grid5x5_low_bw25.json,137,25,40,31,28.6957,0.0,16.079,OPTIMAL
grid_5x5_31,seed_milpsnap_grid5x5_low_bw25.json,138,25,40,32,25.2174,0.0,35.403,OPTIMAL
grid_5x5_31,seed_milpsnap_grid5x5_low_bw25.json,139,25,40,34,24.3478,0.0,54.195,OPTIMAL
grid_5x5_31,seed_milpsnap_grid5x5_low_bw25.json,140,25,40,33,25.2174,0.0,33.03,OPTIMAL
grid_5x5_31,seed_milpsnap_grid5x5_low_bw25.json,141,25,40,35,20.8696,0.04395604395604396,60.146,TIME_LIMIT(次佳解)
grid_5x5_31,seed_milpsnap_grid5x5_low_bw25.json,142,25,40,31,25.2174,0.0,25.024,OPTIMAL
grid_5x5_31,seed_milpsnap_grid5x5_low_bw25.json,143,25,40,36,20.0,0.03260869565217391,60.153,TIME_LIMIT(次佳解)
grid_5x5_31,seed_milpsnap_grid5x5_low_bw25.json,144,25,40,1,73.0435,0.0,0.021,OPTIMAL
grid_5x5_31,seed_milpsnap_grid5x5_low_bw25.json,145,25,40,5,55.6522,0.0,0.208,OPTIMAL
grid_5x5_31,seed_milpsnap_grid5x5_low_bw25.json,146,25,40,9,48.6957,0.0,0.184,OPTIMAL
grid_5x5_31,seed_milpsnap_grid5x5_low_bw25.json,147,25,40,12,44.3478,0.0,1.312,OPTIMAL
grid_5x5_31,seed_milpsnap_grid5x5_low_bw25.json,148,25,40,13,44.3478,0.0,2.895,OPTIMAL
grid_5x5_31,seed_milpsnap_grid5x5_low_bw25.json,149,25,40,14,44.3478,0.0,3.086,OPTIMAL
grid_5x5_31,seed_milpsnap_grid5x5_low_bw25.json,150,25,40,18,37.3913,0.0,8.164,OPTIMAL
grid_5x5_31,seed_milpsnap_grid5x5_low_bw25.json,151,25,40,24,28.6957,0.0,43.265,OPTIMAL
grid_5x5_31,seed_milpsnap_grid5x5_low_bw25.json,152,25,40,26,26.087,0.023529411764705882,60.115,TIME_LIMIT(次佳解)
grid_5x5_31,seed_milpsnap_grid5x5_low_bw25.json,153,25,40,29,25.2174,0.0,55.686,OPTIMAL
grid_5x5_31,seed_milpsnap_grid5x5_low_bw25.json,154,25,40,31,20.8696,0.054945054945054944,60.175,TIME_LIMIT(次佳解)
grid_5x5_31,seed_milpsnap_grid5x5_low_bw25.json,155,25,40,34,14.7826,0.10204081632653061,60.135,TIME_LIMIT(次佳解)
grid_5x5_31,seed_milpsnap_grid5x5_low_bw25.json,156,25,40,36,14.7826,0.09183673469387756,60.179,TIME_LIMIT(次佳解)
grid_5x5_31,seed_milpsnap_grid5x5_low_bw25.json,157,25,40,39,11.3043,0.11764705882352941,60.15,TIME_LIMIT(次佳解)
grid_5x5_31,seed_milpsnap_grid5x5_low_bw25.json,158,25,40,41,11.3043,0.11764705882352941,60.181,TIME_LIMIT(次佳解)
grid_5x5_31,seed_milpsnap_grid5x5_low_bw25.json,159,25,40,42,10.4348,0.1262135922330097,60.182,TIME_LIMIT(次佳解)
grid_5x5_31,seed_milpsnap_grid5x5_low_bw25.json,160,25,40,39,11.3043,0.13725490196078433,60.148,TIME_LIMIT(次佳解)
grid_5x5_31,seed_milpsnap_grid5x5_low_bw25.json,161,25,40,37,14.7826,0.09183673469387756,60.149,TIME_LIMIT(次佳解)
grid_5x5_31,seed_milpsnap_grid5x5_low_bw25.json,162,25,40,37,15.6522,0.08247422680412371,60.147,TIME_LIMIT(次佳解)
grid_5x5_31,seed_milpsnap_grid5x5_low_bw25.json,163,25,40,36,15.6522,0.08247422680412371,60.196,TIME_LIMIT(次佳解)
grid_5x5_31,seed_milpsnap_grid5x5_low_bw25.json,164,25,40,36,15.6522,0.10309278350515463,60.149,TIME_LIMIT(次佳解)
grid_5x5_31,seed_milpsnap_grid5x5_low_bw25.json,165,25,40,35,19.1304,0.08602150537634409,60.126,TIME_LIMIT(次佳解)
grid_5x5_31,seed_milpsnap_grid5x5_low_bw25.json,166,25,40,29,25.2174,0.023255813953488372,60.14,TIME_LIMIT(次佳解)
grid_5x5_31,seed_milpsnap_grid5x5_low_bw25.json,167,25,40,27,25.2174,0.0,50.179,OPTIMAL
grid_5x5_31,seed_milpsnap_grid5x5_low_bw25.json,168,25,40,26,25.2174,0.0,49.948,OPTIMAL
grid_5x5_31,seed_milpsnap_grid5x5_low_bw25.json,169,25,40,24,29.5652,0.0,23.958,OPTIMAL
grid_5x5_31,seed_milpsnap_grid5x5_low_bw25.json,170,25,40,21,33.0435,0.0,20.382,OPTIMAL
grid_5x5_31,seed_milpsnap_grid5x5_low_bw25.json,171,25,40,21,37.3913,0.0,9.759,OPTIMAL
grid_5x5_31,seed_milpsnap_grid5x5_low_bw25.json,172,25,40,19,44.3478,0.0,2.807,OPTIMAL
grid_5x5_31,seed_milpsnap_grid5x5_low_bw25.json,173,25,40,17,44.3478,0.0,2.926,OPTIMAL
grid_5x5_31,seed_milpsnap_grid5x5_low_bw25.json,174,25,40,17,44.3478,0.0,2.89,OPTIMAL
grid_5x5_31,seed_milpsnap_grid5x5_low_bw25.json,175,25,40,19,44.3478,0.0,1.575,OPTIMAL
grid_5x5_31,seed_milpsnap_grid5x5_low_bw25.json,176,25,40,20,37.3913,0.0,7.362,OPTIMAL
grid_5x5_31,seed_milpsnap_grid5x5_low_bw25.json,177,25,40,17,44.3478,0.0,1.994,OPTIMAL
grid_5x5_31,seed_milpsnap_grid5x5_low_bw25.json,178,25,40,18,44.3478,0.0,2.137,OPTIMAL
grid_5x5_31,seed_milpsnap_grid5x5_low_bw25.json,179,25,40,18,44.3478,0.0,2.102,OPTIMAL
grid_5x5_31,seed_milpsnap_grid5x5_low_bw25.json,180,25,40,16,44.3478,0.0,1.868,OPTIMAL
grid_5x5_31,seed_milpsnap_grid5x5_low_bw25.json,181,25,40,17,44.3478,0.0,2.321,OPTIMAL
grid_5x5_31,seed_milpsnap_grid5x5_low_bw25.json,182,25,40,19,44.3478,0.0,1.533,OPTIMAL
grid_5x5_31,seed_milpsnap_grid5x5_low_bw25.json,183,25,40,19,44.3478,0.0,1.598,OPTIMAL
grid_5x5_31,seed_milpsnap_grid5x5_low_bw25.json,184,25,40,21,40.8696,0.0,3.412,OPTIMAL
grid_5x5_31,seed_milpsnap_grid5x5_low_bw25.json,185,25,40,20,40.8696,0.0,4.433,OPTIMAL
grid_5x5_31,seed_milpsnap_grid5x5_low_bw25.json,186,25,40,19,40.8696,0.0,3.29,OPTIMAL
grid_5x5_31,seed_milpsnap_grid5x5_low_bw25.json,187,25,40,20,37.3913,0.0,5.246,OPTIMAL
grid_5x5_31,seed_milpsnap_grid5x5_low_bw25.json,188,25,40,19,37.3913,0.0,4.516,OPTIMAL
grid_5x5_31,seed_milpsnap_grid5x5_low_bw25.json,189,25,40,17,45.2174,0.0,0.793,OPTIMAL
grid_5x5_31,seed_milpsnap_grid5x5_low_bw25.json,190,25,40,16,44.3478,0.0,1.133,OPTIMAL
grid_5x5_31,seed_milpsnap_grid5x5_low_bw25.json,191,25,40,19,40.0,0.0,4.035,OPTIMAL
grid_5x5_31,seed_milpsnap_grid5x5_low_bw25.json,192,25,40,19,36.5217,0.0,4.944,OPTIMAL
grid_5x5_31,seed_milpsnap_grid5x5_low_bw25.json,193,25,40,18,37.3913,0.0,14.001,OPTIMAL
grid_5x5_31,seed_milpsnap_grid5x5_low_bw25.json,194,25,40,18,40.8696,0.0,4.203,OPTIMAL
grid_5x5_31,seed_milpsnap_grid5x5_low_bw25.json,195,25,40,19,36.5217,0.0,4.179,OPTIMAL
grid_5x5_31,seed_milpsnap_grid5x5_low_bw25.json,196,25,40,19,44.3478,0.0,0.955,OPTIMAL
grid_5x5_31,seed_milpsnap_grid5x5_low_bw25.json,197,25,40,18,44.3478,0.0,2.569,OPTIMAL
grid_5x5_31,seed_milpsnap_grid5x5_low_bw25.json,198,25,40,20,44.3478,0.0,0.87,OPTIMAL
grid_5x5_31,seed_milpsnap_grid5x5_low_bw25.json,199,25,40,19,37.3913,0.0,4.866,OPTIMAL
grid_5x5_31,seed_milpsnap_grid5x5_low_bw25.json,200,25,40,19,33.913,0.0,25.362,OPTIMAL
grid_5x5_31,seed_milpsnap_grid5x5_low_bw25.json,201,25,40,21,28.6957,0.0,40.646,OPTIMAL
grid_5x5_31,seed_milpsnap_grid5x5_low_bw25.json,202,25,40,21,29.5652,0.0,16.005,OPTIMAL
grid_5x5_31,seed_milpsnap_grid5x5_low_bw25.json,203,25,40,25,25.2174,0.0,50.17,OPTIMAL
grid_5x5_31,seed_milpsnap_grid5x5_low_bw25.json,204,25,40,24,26.087,0.0,41.611,OPTIMAL
grid_5x5_31,seed_milpsnap_grid5x5_low_bw25.json,205,25,40,26,28.6957,0.0,15.95,OPTIMAL
grid_5x5_31,seed_milpsnap_grid5x5_low_bw25.json,206,25,40,24,33.0435,0.0,7.843,OPTIMAL
grid_5x5_31,seed_milpsnap_grid5x5_low_bw25.json,207,25,40,23,33.0435,0.0,8.902,OPTIMAL
grid_5x5_31,seed_milpsnap_grid5x5_low_bw25.json,208,25,40,27,24.3478,0.0,45.58,OPTIMAL
grid_5x5_31,seed_milpsnap_grid5x5_low_bw25.json,209,25,40,28,25.2174,0.0,48.898,OPTIMAL
grid_5x5_31,seed_milpsnap_grid5x5_low_bw25.json,210,25,40,28,25.2174,0.0,51.138,OPTIMAL
grid_5x5_31,seed_milpsnap_grid5x5_low_bw25.json,211,25,40,29,24.3478,0.0,58.957,OPTIMAL
grid_5x5_31,seed_milpsnap_grid5x5_low_bw25.json,212,25,40,29,20.0,0.06521739130434782,60.115,TIME_LIMIT(次佳解)
grid_5x5_31,seed_milpsnap_grid5x5_low_bw25.json,213,25,40,27,24.3478,0.0,58.898,OPTIMAL
grid_5x5_31,seed_milpsnap_grid5x5_low_bw25.json,214,25,40,26,25.2174,0.011627906976744186,60.104,TIME_LIMIT(次佳解)
grid_5x5_31,seed_milpsnap_grid5x5_low_bw25.json,215,25,40,27,25.2174,0.0,56.911,OPTIMAL
grid_5x5_31,seed_milpsnap_grid5x5_low_bw25.json,216,25,40,26,28.6957,0.0,18.853,OPTIMAL
grid_5x5_31,seed_milpsnap_grid5x5_low_bw25.json,217,25,40,29,25.2174,0.0,56.868,OPTIMAL
grid_5x5_31,seed_milpsnap_grid5x5_low_bw25.json,218,25,40,29,25.2174,0.0,57.875,OPTIMAL
grid_5x5_31,seed_milpsnap_grid5x5_low_bw25.json,219,25,40,25,29.5652,0.0,20.805,OPTIMAL
grid_5x5_31,seed_milpsnap_grid5x5_low_bw25.json,220,25,40,29,25.2174,0.0,31.726,OPTIMAL
grid_5x5_31,seed_milpsnap_grid5x5_low_bw25.json,221,25,40,32,20.0,0.021739130434782608,60.115,TIME_LIMIT(次佳解)
grid_5x5_31,seed_milpsnap_grid5x5_low_bw25.json,222,25,40,29,21.7391,0.03333333333333333,60.134,TIME_LIMIT(次佳解)
grid_5x5_31,seed_milpsnap_grid5x5_low_bw25.json,223,25,40,29,20.8696,0.054945054945054944,60.114,TIME_LIMIT(次佳解)
grid_5x5_31,seed_milpsnap_grid5x5_low_bw25.json,224,25,40,31,25.2174,0.0,54.563,OPTIMAL
grid_5x5_31,seed_milpsnap_grid5x5_low_bw25.json,225,25,40,31,24.3478,0.034482758620689655,60.138,TIME_LIMIT(次佳解)
grid_5x5_31,seed_milpsnap_grid5x5_low_bw25.json,226,25,40,32,24.3478,0.0,32.298,OPTIMAL
grid_5x5_31,seed_milpsnap_grid5x5_low_bw25.json,227,25,40,36,15.6522,0.07216494845360824,60.2,TIME_LIMIT(次佳解)
grid_5x5_31,seed_milpsnap_grid5x5_low_bw25.json,228,25,40,36,13.913,0.0707070707070707,60.175,TIME_LIMIT(次佳解)
grid_5x5_31,seed_milpsnap_grid5x5_low_bw25.json,229,25,40,36,13.913,0.06060606060606061,60.133,TIME_LIMIT(次佳解)
grid_5x5_31,seed_milpsnap_grid5x5_low_bw25.json,230,25,40,35,14.7826,0.04081632653061224,60.155,TIME_LIMIT(次佳解)
grid_5x5_31,seed_milpsnap_grid5x5_low_bw25.json,231,25,40,32,15.6522,0.041237113402061855,60.133,TIME_LIMIT(次佳解)
grid_5x5_31,seed_milpsnap_grid5x5_low_bw25.json,232,25,40,35,14.7826,0.030612244897959183,60.15,TIME_LIMIT(次佳解)
grid_5x5_31,seed_milpsnap_grid5x5_low_bw25.json,233,25,40,39,13.913,0.06060606060606061,60.159,TIME_LIMIT(次佳解)
grid_5x5_31,seed_milpsnap_grid5x5_low_bw25.json,234,25,40,40,13.0435,0.08,60.169,TIME_LIMIT(次佳解)
grid_5x5_31,seed_milpsnap_grid5x5_low_bw25.json,235,25,40,40,13.0435,0.1,60.154,TIME_LIMIT(次佳解)
grid_5x5_31,seed_milpsnap_grid5x5_low_bw25.json,236,25,40,42,9.5652,0.11538461538461539,60.19,TIME_LIMIT(次佳解)
grid_5x5_31,seed_milpsnap_grid5x5_low_bw25.json,237,25,40,41,9.5652,0.14423076923076922,60.184,TIME_LIMIT(次佳解)
grid_5x5_31,seed_milpsnap_grid5x5_low_bw25.json,238,25,40,43,8.6957,0.06666666666666667,60.16,TIME_LIMIT(次佳解)
grid_5x5_31,seed_milpsnap_grid5x5_low_bw25.json,239,25,40,41,9.5652,0.10576923076923077,60.15,TIME_LIMIT(次佳解)
grid_5x5_31,seed_milpsnap_grid5x5_low_bw25.json,240,25,40,40,9.5652,0.08653846153846154,60.179,TIME_LIMIT(次佳解)
grid_5x5_31,seed_milpsnap_grid5x5_low_bw25.json,241,25,40,45,4.3478,0.1,60.186,TIME_LIMIT(次佳解)
grid_5x5_31,seed_milpsnap_grid5x5_low_bw25.json,242,25,40,43,4.3478,0.12727272727272726,60.16,TIME_LIMIT(次佳解)
grid_5x5_31,seed_milpsnap_grid5x5_low_bw25.json,243,25,40,44,5.2174,0.11926605504587157,60.207,TIME_LIMIT(次佳解)
grid_5x5_31,seed_milpsnap_grid5x5_low_bw25.json,244,25,40,44,4.3478,0.15454545454545454,60.195,TIME_LIMIT(次佳解)
grid_5x5_31,seed_milpsnap_grid5x5_low_bw25.json,245,25,40,41,10.4348,0.14563106796116504,60.17,TIME_LIMIT(次佳解)
grid_5x5_31,seed_milpsnap_grid5x5_low_bw25.json,246,25,40,40,10.4348,0.11650485436893204,60.164,TIME_LIMIT(次佳解)
grid_5x5_31,seed_milpsnap_grid5x5_low_bw25.json,247,25,40,41,10.4348,0.0970873786407767,60.17,TIME_LIMIT(次佳解)
grid_5x5_31,seed_milpsnap_grid5x5_low_bw25.json,248,25,40,38,10.4348,0.10679611650485436,60.225,TIME_LIMIT(次佳解)
grid_5x5_31,seed_milpsnap_grid5x5_low_bw25.json,249,25,40,33,16.5217,0.10416666666666667,60.137,TIME_LIMIT(次佳解)
grid_5x5_31,seed_milpsnap_grid5x5_low_bw25.json,250,25,40,30,24.3478,0.0,24.818,OPTIMAL
grid_5x5_31,seed_milpsnap_grid5x5_low_bw25.json,251,25,40,30,24.3478,0.0,32.605,OPTIMAL
grid_5x5_31,seed_milpsnap_grid5x5_low_bw25.json,252,25,40,30,24.3478,0.0,40.787,OPTIMAL
grid_5x5_31,seed_milpsnap_grid5x5_low_bw25.json,253,25,40,25,25.2174,0.023255813953488372,60.161,TIME_LIMIT(次佳解)
grid_5x5_31,seed_milpsnap_grid5x5_low_bw25.json,254,25,40,25,25.2174,0.0,56.077,OPTIMAL
grid_5x5_31,seed_milpsnap_grid5x5_low_bw25.json,255,25,40,27,24.3478,0.034482758620689655,60.12,TIME_LIMIT(次佳解)
grid_5x5_31,seed_milpsnap_grid5x5_low_bw25.json,256,25,40,24,32.1739,0.0,14.341,OPTIMAL
grid_5x5_31,seed_milpsnap_grid5x5_low_bw25.json,257,25,40,23,32.1739,0.0,28.278,OPTIMAL
grid_5x5_31,seed_milpsnap_grid5x5_low_bw25.json,258,25,40,22,33.0435,0.0,12.165,OPTIMAL
grid_5x5_31,seed_milpsnap_grid5x5_low_bw25.json,259,25,40,24,32.1739,0.0,12.796,OPTIMAL
grid_5x5_31,seed_milpsnap_grid5x5_low_bw25.json,260,25,40,25,25.2174,0.023255813953488372,60.103,TIME_LIMIT(次佳解)
grid_5x5_31,seed_milpsnap_grid5x5_low_bw25.json,261,25,40,26,25.2174,0.0,54.982,OPTIMAL
grid_5x5_31,seed_milpsnap_grid5x5_low_bw25.json,262,25,40,26,25.2174,0.011627906976744186,60.116,TIME_LIMIT(次佳解)
grid_5x5_31,seed_milpsnap_grid5x5_low_bw25.json,263,25,40,30,16.5217,0.07291666666666667,60.125,TIME_LIMIT(次佳解)
grid_5x5_31,seed_milpsnap_grid5x5_low_bw25.json,264,25,40,31,17.3913,0.06315789473684211,60.115,TIME_LIMIT(次佳解)
grid_5x5_31,seed_milpsnap_grid5x5_low_bw25.json,265,25,40,33,16.5217,0.07291666666666667,60.132,TIME_LIMIT(次佳解)
grid_5x5_31,seed_milpsnap_grid5x5_low_bw25.json,266,25,40,33,16.5217,0.08333333333333333,60.135,TIME_LIMIT(次佳解)
grid_5x5_31,seed_milpsnap_grid5x5_low_bw25.json,267,25,40,38,9.5652,0.11538461538461539,60.161,TIME_LIMIT(次佳解)
grid_5x5_31,seed_milpsnap_grid5x5_low_bw25.json,268,25,40,38,10.4348,0.11650485436893204,60.193,TIME_LIMIT(次佳解)
grid_5x5_31,seed_milpsnap_grid5x5_low_bw25.json,269,25,40,38,11.3043,0.10784313725490197,60.215,TIME_LIMIT(次佳解)
grid_5x5_31,seed_milpsnap_grid5x5_low_bw25.json,270,25,40,37,12.1739,0.10891089108910891,60.181,TIME_LIMIT(次佳解)
grid_5x5_31,seed_milpsnap_grid5x5_low_bw25.json,271,25,40,38,10.4348,0.0970873786407767,60.166,TIME_LIMIT(次佳解)
grid_5x5_31,seed_milpsnap_grid5x5_low_bw25.json,272,25,40,40,10.4348,0.04854368932038835,60.167,TIME_LIMIT(次佳解)
grid_5x5_31,seed_milpsnap_grid5x5_low_bw25.json,273,25,40,40,9.5652,0.08653846153846154,60.181,TIME_LIMIT(次佳解)
grid_5x5_31,seed_milpsnap_grid5x5_low_bw25.json,274,25,40,39,9.5652,0.08653846153846154,60.181,TIME_LIMIT(次佳解)
grid_5x5_31,seed_milpsnap_grid5x5_low_bw25.json,275,25,40,38,11.3043,0.058823529411764705,60.159,TIME_LIMIT(次佳解)
grid_5x5_31,seed_milpsnap_grid5x5_low_bw25.json,276,25,40,38,10.4348,0.06796116504854369,60.155,TIME_LIMIT(次佳解)
grid_5x5_31,seed_milpsnap_grid5x5_low_bw25.json,277,25,40,37,14.7826,0.061224489795918366,60.177,TIME_LIMIT(次佳解)
grid_5x5_31,seed_milpsnap_grid5x5_low_bw25.json,278,25,40,35,16.5217,0.052083333333333336,60.184,TIME_LIMIT(次佳解)
grid_5x5_31,seed_milpsnap_grid5x5_low_bw25.json,279,25,40,34,16.5217,0.052083333333333336,60.163,TIME_LIMIT(次佳解)
grid_5x5_31,seed_milpsnap_grid5x5_low_bw25.json,280,25,40,33,17.3913,0.06315789473684211,60.14,TIME_LIMIT(次佳解)
grid_5x5_31,seed_milpsnap_grid5x5_low_bw25.json,281,25,40,32,20.0,0.0,54.635,OPTIMAL
grid_5x5_31,seed_milpsnap_grid5x5_low_bw25.json,282,25,40,28,28.6957,0.0,14.142,OPTIMAL
grid_5x5_31,seed_milpsnap_grid5x5_low_bw25.json,283,25,40,33,20.0,0.0,56.521,OPTIMAL
grid_5x5_31,seed_milpsnap_grid5x5_low_bw25.json,284,25,40,34,20.8696,0.0,39.472,OPTIMAL
grid_5x5_31,seed_milpsnap_grid5x5_low_bw25.json,285,25,40,35,20.0,0.0,36.181,OPTIMAL
grid_5x5_31,seed_milpsnap_grid5x5_low_bw25.json,286,25,40,37,20.8696,0.0,42.118,OPTIMAL
grid_5x5_31,seed_milpsnap_grid5x5_low_bw25.json,287,25,40,35,25.2174,0.0,26.964,OPTIMAL
grid_5x5_31,seed_milpsnap_grid5x5_low_bw25.json,288,25,40,35,28.6957,0.0,20.366,OPTIMAL
grid_5x5_31,seed_milpsnap_grid5x5_low_bw25.json,289,25,40,34,33.0435,0.0,9.434,OPTIMAL
grid_5x5_31,seed_milpsnap_grid5x5_low_bw25.json,290,25,40,34,33.0435,0.0,10.316,OPTIMAL
grid_5x5_31,seed_milpsnap_grid5x5_low_bw25.json,291,25,40,1,93.913,0.0,0.006,OPTIMAL
grid_5x5_31,seed_milpsnap_grid5x5_low_bw25.json,292,25,40,5,56.5217,0.0,0.312,OPTIMAL
grid_5x5_31,seed_milpsnap_grid5x5_low_bw25.json,293,25,40,8,55.6522,0.0,0.181,OPTIMAL
grid_5x5_31,seed_milpsnap_grid5x5_low_bw25.json,294,25,40,10,49.5652,0.0,0.257,OPTIMAL
grid_5x5_31,seed_milpsnap_grid5x5_low_bw25.json,295,25,40,13,44.3478,0.0,1.574,OPTIMAL
grid_5x5_31,seed_milpsnap_grid5x5_low_bw25.json,296,25,40,15,44.3478,0.0,2.236,OPTIMAL
grid_5x5_31,seed_milpsnap_grid5x5_low_bw25.json,297,25,40,18,37.3913,0.0,4.528,OPTIMAL
grid_5x5_31,seed_milpsnap_grid5x5_low_bw25.json,298,25,40,21,33.0435,0.0,9.047,OPTIMAL
grid_5x5_31,seed_milpsnap_grid5x5_low_bw25.json,299,25,40,22,33.0435,0.0,9.554,OPTIMAL
grid_5x5_31,seed_milpsnap_grid5x5_low_bw25.json,300,25,40,25,28.6957,0.0,17.563,OPTIMAL
grid_5x5_31,seed_milpsnap_grid5x5_low_bw25.json,301,25,40,27,24.3478,0.0,48.829,OPTIMAL
grid_5x5_31,seed_milpsnap_grid5x5_low_bw25.json,302,25,40,28,24.3478,0.0,40.754,OPTIMAL
grid_5x5_31,seed_milpsnap_grid5x5_low_bw25.json,303,25,40,29,24.3478,0.0,46.064,OPTIMAL
grid_5x5_31,seed_milpsnap_grid5x5_low_bw25.json,304,25,40,32,16.5217,0.08333333333333333,60.115,TIME_LIMIT(次佳解)
grid_5x5_31,seed_milpsnap_grid5x5_low_bw25.json,305,25,40,33,15.6522,0.08247422680412371,60.138,TIME_LIMIT(次佳解)
grid_5x5_31,seed_milpsnap_grid5x5_low_bw25.json,306,25,40,29,20.0,0.0,50.046,OPTIMAL
grid_5x5_31,seed_milpsnap_grid5x5_low_bw25.json,307,25,40,29,17.3913,0.09473684210526316,60.118,TIME_LIMIT(次佳解)
grid_5x5_31,seed_milpsnap_grid5x5_low_bw25.json,308,25,40,27,20.8696,0.02197802197802198,60.11,TIME_LIMIT(次佳解)
grid_5x5_31,seed_milpsnap_grid5x5_low_bw25.json,309,25,40,26,28.6957,0.0,15.58,OPTIMAL
grid_5x5_31,seed_milpsnap_grid5x5_low_bw25.json,310,25,40,27,28.6957,0.0,15.016,OPTIMAL
grid_5x5_31,seed_milpsnap_grid5x5_low_bw25.json,311,25,40,26,33.0435,0.0,8.566,OPTIMAL
grid_5x5_31,seed_milpsnap_grid5x5_low_bw25.json,312,25,40,29,28.6957,0.0,23.909,OPTIMAL
grid_5x5_31,seed_milpsnap_grid5x5_low_bw25.json,313,25,40,28,28.6957,0.0,21.257,OPTIMAL
grid_5x5_31,seed_milpsnap_grid5x5_low_bw25.json,314,25,40,29,33.0435,0.0,12.533,OPTIMAL
grid_5x5_31,seed_milpsnap_grid5x5_low_bw25.json,315,25,40,29,32.1739,0.0,19.717,OPTIMAL
grid_5x5_31,seed_milpsnap_grid5x5_low_bw25.json,316,25,40,30,28.6957,0.0,35.802,OPTIMAL
grid_5x5_31,seed_milpsnap_grid5x5_low_bw25.json,317,25,40,32,25.2174,0.03488372093023256,60.117,TIME_LIMIT(次佳解)
grid_5x5_31,seed_milpsnap_grid5x5_low_bw25.json,318,25,40,34,24.3478,0.034482758620689655,60.151,TIME_LIMIT(次佳解)
grid_5x5_31,seed_milpsnap_grid5x5_low_bw25.json,319,25,40,32,28.6957,0.0,35.156,OPTIMAL
grid_5x5_31,seed_milpsnap_grid5x5_low_bw25.json,320,25,40,34,25.2174,0.0,56.065,OPTIMAL
grid_5x5_31,seed_milpsnap_grid5x5_low_bw25.json,321,25,40,33,24.3478,0.0,38.101,OPTIMAL
grid_5x5_31,seed_milpsnap_grid5x5_low_bw25.json,322,25,40,34,24.3478,0.0,35.809,OPTIMAL
grid_5x5_31,seed_milpsnap_grid5x5_low_bw25.json,323,25,40,34,24.3478,0.0,30.966,OPTIMAL
grid_5x5_31,seed_milpsnap_grid5x5_low_bw25.json,324,25,40,34,24.3478,0.0,39.041,OPTIMAL
grid_5x5_31,seed_milpsnap_grid5x5_low_bw25.json,325,25,40,36,16.5217,0.07291666666666667,60.177,TIME_LIMIT(次佳解)
grid_5x5_31,seed_milpsnap_grid5x5_low_bw25.json,326,25,40,33,19.1304,0.043010752688172046,60.142,TIME_LIMIT(次佳解)
grid_5x5_31,seed_milpsnap_grid5x5_low_bw25.json,327,25,40,30,24.3478,0.0,40.788,OPTIMAL
grid_5x5_31,seed_milpsnap_grid5x5_low_bw25.json,328,25,40,31,24.3478,0.0,25.573,OPTIMAL
grid_5x5_31,seed_milpsnap_grid5x5_low_bw25.json,329,25,40,31,24.3478,0.0,42.526,OPTIMAL
grid_5x5_31,seed_milpsnap_grid5x5_low_bw25.json,330,25,40,29,25.2174,0.0,28.219,OPTIMAL
grid_5x5_31,seed_milpsnap_grid5x5_low_bw25.json,331,25,40,28,25.2174,0.0,47.596,OPTIMAL
grid_5x5_31,seed_milpsnap_grid5x5_low_bw25.json,332,25,40,31,20.8696,0.03296703296703297,60.135,TIME_LIMIT(次佳解)
grid_5x5_31,seed_milpsnap_grid5x5_low_bw25.json,333,25,40,30,24.3478,0.0,55.026,OPTIMAL
grid_5x5_31,seed_milpsnap_grid5x5_low_bw25.json,334,25,40,31,24.3478,0.0,47.851,OPTIMAL
grid_5x5_31,seed_milpsnap_grid5x5_low_bw25.json,335,25,40,32,24.3478,0.0,34.192,OPTIMAL
grid_5x5_31,seed_milpsnap_grid5x5_low_bw25.json,336,25,40,32,24.3478,0.0,51.839,OPTIMAL
grid_5x5_31,seed_milpsnap_grid5x5_low_bw25.json,337,25,40,30,24.3478,0.0,59.561,OPTIMAL
grid_5x5_31,seed_milpsnap_grid5x5_low_bw25.json,338,25,40,29,25.2174,0.03488372093023256,60.116,TIME_LIMIT(次佳解)
grid_5x5_31,seed_milpsnap_grid5x5_low_bw25.json,339,25,40,28,26.087,0.0,42.221,OPTIMAL
grid_5x5_31,seed_milpsnap_grid5x5_low_bw25.json,340,25,40,28,25.2174,0.0,49.446,OPTIMAL
grid_5x5_31,seed_milpsnap_grid5x5_low_bw25.json,341,25,40,29,25.2174,0.046511627906976744,60.11,TIME_LIMIT(次佳解)
grid_5x5_31,seed_milpsnap_grid5x5_low_bw25.json,342,25,40,29,25.2174,0.023255813953488372,60.123,TIME_LIMIT(次佳解)
grid_5x5_31,seed_milpsnap_grid5x5_low_bw25.json,343,25,40,28,25.2174,0.011627906976744186,60.115,TIME_LIMIT(次佳解)
grid_5x5_31,seed_milpsnap_grid5x5_low_bw25.json,344,25,40,27,28.6957,0.0,20.674,OPTIMAL
grid_5x5_31,seed_milpsnap_grid5x5_low_bw25.json,345,25,40,27,28.6957,0.0,25.39,OPTIMAL
grid_5x5_31,seed_milpsnap_grid5x5_low_bw25.json,346,25,40,27,28.6957,0.0,22.79,OPTIMAL
grid_5x5_31,seed_milpsnap_grid5x5_low_bw25.json,347,25,40,26,33.0435,0.0,15.143,OPTIMAL
grid_5x5_31,seed_milpsnap_grid5x5_low_bw25.json,348,25,40,26,29.5652,0.0,27.706,OPTIMAL
grid_5x5_31,seed_milpsnap_grid5x5_low_bw25.json,349,25,40,26,28.6957,0.0,25.325,OPTIMAL
grid_5x5_31,seed_milpsnap_grid5x5_low_bw25.json,350,25,40,26,28.6957,0.0,20.27,OPTIMAL
grid_5x5_31,seed_milpsnap_grid5x5_low_bw25.json,351,25,40,25,28.6957,0.0,12.712,OPTIMAL
grid_5x5_31,seed_milpsnap_grid5x5_low_bw25.json,352,25,40,28,24.3478,0.022988505747126436,60.124,TIME_LIMIT(次佳解)
grid_5x5_31,seed_milpsnap_grid5x5_low_bw25.json,353,25,40,30,20.8696,0.02197802197802198,60.127,TIME_LIMIT(次佳解)
grid_5x5_31,seed_milpsnap_grid5x5_low_bw25.json,354,25,40,28,28.6957,0.0,21.171,OPTIMAL
grid_5x5_31,seed_milpsnap_grid5x5_low_bw25.json,355,25,40,26,26.087,0.0,39.86,OPTIMAL
grid_5x5_31,seed_milpsnap_grid5x5_low_bw25.json,356,25,40,26,25.2174,0.03488372093023256,60.099,TIME_LIMIT(次佳解)
grid_5x5_31,seed_milpsnap_grid5x5_low_bw25.json,357,25,40,28,25.2174,0.0,46.488,OPTIMAL
grid_5x5_31,seed_milpsnap_grid5x5_low_bw25.json,358,25,40,27,25.2174,0.0,52.834,OPTIMAL
grid_5x5_31,seed_milpsnap_grid5x5_low_bw25.json,359,25,40,29,20.8696,0.054945054945054944,60.112,TIME_LIMIT(次佳解)
grid_5x5_31,seed_milpsnap_grid5x5_low_bw25.json,360,25,40,31,17.3913,0.08421052631578947,60.11,TIME_LIMIT(次佳解)
grid_5x5_31,seed_milpsnap_grid5x5_low_bw25.json,361,25,40,32,16.5217,0.10416666666666667,60.139,TIME_LIMIT(次佳解)
grid_5x5_31,seed_milpsnap_grid5x5_low_bw25.json,362,25,40,34,17.3913,0.042105263157894736,60.139,TIME_LIMIT(次佳解)
grid_5x5_31,seed_milpsnap_grid5x5_low_bw25.json,363,25,40,34,24.3478,0.0,27.579,OPTIMAL
grid_5x5_31,seed_milpsnap_grid5x5_low_bw25.json,364,25,40,36,20.0,0.03260869565217391,60.149,TIME_LIMIT(次佳解)
grid_5x5_31,seed_milpsnap_grid5x5_low_bw25.json,365,25,40,33,25.2174,0.0,29.573,OPTIMAL
grid_5x5_31,seed_milpsnap_grid5x5_low_bw25.json,366,25,40,34,25.2174,0.0,44.163,OPTIMAL
grid_5x5_31,seed_milpsnap_grid5x5_low_bw25.json,367,25,40,31,26.087,0.0,40.699,OPTIMAL
grid_5x5_31,seed_milpsnap_grid5x5_low_bw25.json,368,25,40,29,32.1739,0.0,9.701,OPTIMAL
grid_5x5_31,seed_milpsnap_grid5x5_low_bw25.json,369,25,40,30,25.2174,0.023255813953488372,60.134,TIME_LIMIT(次佳解)
grid_5x5_31,seed_milpsnap_grid5x5_low_bw25.json,370,25,40,31,26.087,0.0,40.157,OPTIMAL
grid_5x5_31,seed_milpsnap_grid5x5_low_bw25.json,371,25,40,31,26.087,0.0,35.651,OPTIMAL
grid_5x5_31,seed_milpsnap_grid5x5_low_bw25.json,372,25,40,30,27.8261,0.0,24.631,OPTIMAL
grid_5x5_31,seed_milpsnap_grid5x5_low_bw25.json,373,25,40,32,26.087,0.0,59.901,OPTIMAL
grid_5x5_31,seed_milpsnap_grid5x5_low_bw25.json,374,25,40,32,25.2174,0.023255813953488372,60.138,TIME_LIMIT(次佳解)
grid_5x5_31,seed_milpsnap_grid5x5_low_bw25.json,375,25,40,30,28.6957,0.0,37.212,OPTIMAL
grid_5x5_31,seed_milpsnap_grid5x5_low_bw25.json,376,25,40,27,33.0435,0.0,15.343,OPTIMAL
grid_5x5_31,seed_milpsnap_grid5x5_low_bw25.json,377,25,40,23,33.0435,0.0,9.624,OPTIMAL
grid_5x5_31,seed_milpsnap_grid5x5_low_bw25.json,378,25,40,21,33.0435,0.0,8.077,OPTIMAL
grid_5x5_31,seed_milpsnap_grid5x5_low_bw25.json,379,25,40,20,36.5217,0.0,6.089,OPTIMAL
grid_5x5_31,seed_milpsnap_grid5x5_low_bw25.json,380,25,40,23,30.4348,0.0,12.799,OPTIMAL
grid_5x5_31,seed_milpsnap_grid5x5_low_bw25.json,381,25,40,22,30.4348,0.0,12.531,OPTIMAL
grid_5x5_31,seed_milpsnap_grid5x5_low_bw25.json,382,25,40,23,29.5652,0.0,17.22,OPTIMAL
grid_5x5_31,seed_milpsnap_grid5x5_low_bw25.json,383,25,40,22,33.0435,0.0,6.631,OPTIMAL
grid_5x5_31,seed_milpsnap_grid5x5_low_bw25.json,384,25,40,21,33.0435,0.0,11.537,OPTIMAL
grid_5x5_31,seed_milpsnap_grid5x5_low_bw25.json,385,25,40,22,33.0435,0.0,9.705,OPTIMAL
grid_5x5_31,seed_milpsnap_grid5x5_low_bw25.json,386,25,40,23,33.0435,0.0,10.591,OPTIMAL
grid_5x5_31,seed_milpsnap_grid5x5_low_bw25.json,387,25,40,27,29.5652,0.0,14.725,OPTIMAL
grid_5x5_31,seed_milpsnap_grid5x5_low_bw25.json,388,25,40,28,26.087,0.0,48.139,OPTIMAL
grid_5x5_31,seed_milpsnap_grid5x5_low_bw25.json,389,25,40,28,29.5652,0.0,18.2,OPTIMAL
grid_5x5_31,seed_milpsnap_grid5x5_low_bw25.json,390,25,40,29,29.5652,0.0,15.325,OPTIMAL
grid_5x5_31,seed_milpsnap_grid5x5_low_bw25.json,391,25,40,30,29.5652,0.0,16.016,OPTIMAL
grid_5x5_31,seed_milpsnap_grid5x5_low_bw25.json,392,25,40,31,29.5652,0.0,14.5,OPTIMAL
grid_5x5_31,seed_milpsnap_grid5x5_low_bw25.json,393,25,40,32,24.3478,0.0,51.554,OPTIMAL
grid_5x5_31,seed_milpsnap_grid5x5_low_bw25.json,394,25,40,33,25.2174,0.0,41.522,OPTIMAL
grid_5x5_31,seed_milpsnap_grid5x5_low_bw25.json,395,25,40,34,24.3478,0.0,43.653,OPTIMAL
grid_5x5_31,seed_milpsnap_grid5x5_low_bw25.json,396,25,40,35,21.7391,0.0,49.123,OPTIMAL
grid_5x5_31,seed_milpsnap_grid5x5_low_bw25.json,397,25,40,35,16.5217,0.09375,60.144,TIME_LIMIT(次佳解)
grid_5x5_31,seed_milpsnap_grid5x5_low_bw25.json,398,25,40,35,23.4783,0.0,50.289,OPTIMAL
grid_5x5_31,seed_milpsnap_grid5x5_low_bw25.json,399,25,40,35,15.6522,0.08247422680412371,60.137,TIME_LIMIT(次佳解)
grid_5x5_31,seed_milpsnap_grid5x5_low_bw25.json,400,25,40,33,16.5217,0.09375,60.137,TIME_LIMIT(次佳解)
grid_5x5_31,seed_milpsnap_grid5x5_low_bw25.json,401,25,40,27,24.3478,0.0,56.642,OPTIMAL
grid_5x5_31,seed_milpsnap_grid5x5_low_bw25.json,402,25,40,23,29.5652,0.0,10.488,OPTIMAL
grid_5x5_31,seed_milpsnap_grid5x5_low_bw25.json,403,25,40,23,29.5652,0.0,14.136,OPTIMAL
grid_5x5_31,seed_milpsnap_grid5x5_low_bw25.json,404,25,40,22,29.5652,0.0,30.261,OPTIMAL
grid_5x5_31,seed_milpsnap_grid5x5_low_bw25.json,405,25,40,26,25.2174,0.0,54.08,OPTIMAL
grid_5x5_31,seed_milpsnap_grid5x5_low_bw25.json,406,25,40,25,28.6957,0.0,29.364,OPTIMAL
grid_5x5_31,seed_milpsnap_grid5x5_low_bw25.json,407,25,40,27,24.3478,0.0,44.184,OPTIMAL
grid_5x5_31,seed_milpsnap_grid5x5_low_bw25.json,408,25,40,29,24.3478,0.0,47.677,OPTIMAL
grid_5x5_31,seed_milpsnap_grid5x5_low_bw25.json,409,25,40,29,23.4783,0.0,55.678,OPTIMAL
grid_5x5_31,seed_milpsnap_grid5x5_low_bw25.json,410,25,40,31,14.7826,0.10204081632653061,60.14,TIME_LIMIT(次佳解)
grid_5x5_31,seed_milpsnap_grid5x5_low_bw25.json,411,25,40,33,13.0435,0.1,60.132,TIME_LIMIT(次佳解)
grid_5x5_31,seed_milpsnap_grid5x5_low_bw25.json,412,25,40,35,11.3043,0.10784313725490197,60.138,TIME_LIMIT(次佳解)
grid_5x5_31,seed_milpsnap_grid5x5_low_bw25.json,413,25,40,34,12.1739,0.10891089108910891,60.154,TIME_LIMIT(次佳解)
grid_5x5_31,seed_milpsnap_grid5x5_low_bw25.json,414,25,40,31,20.0,0.03260869565217391,60.125,TIME_LIMIT(次佳解)
grid_5x5_31,seed_milpsnap_grid5x5_low_bw25.json,415,25,40,33,14.7826,0.09183673469387756,60.168,TIME_LIMIT(次佳解)
grid_5x5_31,seed_milpsnap_grid5x5_low_bw25.json,416,25,40,34,15.6522,0.07216494845360824,60.132,TIME_LIMIT(次佳解)
grid_5x5_31,seed_milpsnap_grid5x5_low_bw25.json,417,25,40,35,15.6522,0.07216494845360824,60.156,TIME_LIMIT(次佳解)
grid_5x5_31,seed_milpsnap_grid5x5_low_bw25.json,418,25,40,34,15.6522,0.07216494845360824,60.148,TIME_LIMIT(次佳解)
grid_5x5_31,seed_milpsnap_grid5x5_low_bw25.json,419,25,40,37,10.4348,0.13592233009708737,60.143,TIME_LIMIT(次佳解)
grid_5x5_31,seed_milpsnap_grid5x5_low_bw25.json,420,25,40,35,11.3043,0.10784313725490197,60.133,TIME_LIMIT(次佳解)
grid_5x5_31,seed_milpsnap_grid5x5_low_bw25.json,421,25,40,36,11.3043,0.08823529411764706,60.201,TIME_LIMIT(次佳解)
grid_5x5_31,seed_milpsnap_grid5x5_low_bw25.json,422,25,40,34,15.6522,0.061855670103092786,60.136,TIME_LIMIT(次佳解)
grid_5x5_31,seed_milpsnap_grid5x5_low_bw25.json,423,25,40,30,16.5217,0.03125,60.14,TIME_LIMIT(次佳解)
grid_5x5_31,seed_milpsnap_grid5x5_low_bw25.json,424,25,40,27,24.3478,0.0,27.468,OPTIMAL
grid_5x5_31,seed_milpsnap_grid5x5_low_bw25.json,425,25,40,28,25.2174,0.0,26.552,OPTIMAL
grid_5x5_31,seed_milpsnap_grid5x5_low_bw25.json,426,25,40,26,33.0435,0.0,6.86,OPTIMAL
grid_5x5_31,seed_milpsnap_grid5x5_low_bw25.json,427,25,40,27,29.5652,0.0,11.507,OPTIMAL
grid_5x5_31,seed_milpsnap_grid5x5_low_bw25.json,428,25,40,28,29.5652,0.0,11.409,OPTIMAL
grid_5x5_31,seed_milpsnap_grid5x5_low_bw25.json,429,25,40,29,28.6957,0.0,18.62,OPTIMAL
grid_5x5_31,seed_milpsnap_grid5x5_low_bw25.json,430,25,40,28,29.5652,0.0,11.755,OPTIMAL
grid_5x5_31,seed_milpsnap_grid5x5_low_bw25.json,431,25,40,28,29.5652,0.0,10.58,OPTIMAL
grid_5x5_31,seed_milpsnap_grid5x5_low_bw25.json,432,25,40,31,25.2174,0.0,27.099,OPTIMAL
grid_5x5_31,seed_milpsnap_grid5x5_low_bw25.json,433,25,40,32,21.7391,0.044444444444444446,60.132,TIME_LIMIT(次佳解)
grid_5x5_31,seed_milpsnap_grid5x5_low_bw25.json,434,25,40,31,28.6957,0.0,15.883,OPTIMAL
grid_5x5_31,seed_milpsnap_grid5x5_low_bw25.json,435,25,40,33,26.087,0.047058823529411764,60.132,TIME_LIMIT(次佳解)
grid_5x5_31,seed_milpsnap_grid5x5_low_bw25.json,436,25,40,31,29.5652,0.0,22.648,OPTIMAL
grid_5x5_31,seed_milpsnap_grid5x5_low_bw25.json,437,25,40,31,29.5652,0.0,26.257,OPTIMAL
grid_5x5_31,seed_milpsnap_grid5x5_low_bw25.json,438,25,40,1,90.4348,0.0,0.009,OPTIMAL
grid_5x5_31,seed_milpsnap_grid5x5_low_bw25.json,439,25,40,3,66.9565,0.0,0.047,OPTIMAL
grid_5x5_31,seed_milpsnap_grid5x5_low_bw25.json,440,25,40,4,66.087,0.0,0.057,OPTIMAL
grid_5x5_31,seed_milpsnap_grid5x5_low_bw25.json,441,25,40,8,48.6957,0.0,0.373,OPTIMAL
grid_5x5_31,seed_milpsnap_grid5x5_low_bw25.json,442,25,40,10,48.6957,0.0,0.208,OPTIMAL
grid_5x5_31,seed_milpsnap_grid5x5_low_bw25.json,443,25,40,14,45.2174,0.0,2.711,OPTIMAL
grid_5x5_31,seed_milpsnap_grid5x5_low_bw25.json,444,25,40,16,41.7391,0.0,3.947,OPTIMAL
grid_5x5_31,seed_milpsnap_grid5x5_low_bw25.json,445,25,40,19,33.913,0.0,11.791,OPTIMAL
grid_5x5_31,seed_milpsnap_grid5x5_low_bw25.json,446,25,40,20,33.0435,0.0,9.052,OPTIMAL
grid_5x5_31,seed_milpsnap_grid5x5_low_bw25.json,447,25,40,22,29.5652,0.0,23.564,OPTIMAL
grid_5x5_31,seed_milpsnap_grid5x5_low_bw25.json,448,25,40,25,25.2174,0.0,44.17,OPTIMAL
grid_5x5_31,seed_milpsnap_grid5x5_low_bw25.json,449,25,40,27,25.2174,0.0,43.211,OPTIMAL
grid_5x5_31,seed_milpsnap_grid5x5_low_bw25.json,450,25,40,29,20.8696,0.0,59.206,OPTIMAL
grid_5x5_31,seed_milpsnap_grid5x5_low_bw25.json,451,25,40,31,16.5217,0.10416666666666667,60.141,TIME_LIMIT(次佳解)
grid_5x5_31,seed_milpsnap_grid5x5_low_bw25.json,452,25,40,33,16.5217,0.08333333333333333,60.153,TIME_LIMIT(次佳解)
grid_5x5_31,seed_milpsnap_grid5x5_low_bw25.json,453,25,40,34,15.6522,0.09278350515463918,60.177,TIME_LIMIT(次佳解)
grid_5x5_31,seed_milpsnap_grid5x5_low_bw25.json,454,25,40,35,15.6522,0.08247422680412371,60.157,TIME_LIMIT(次佳解)
grid_5x5_31,seed_milpsnap_grid5x5_low_bw25.json,455,25,40,33,20.0,0.06521739130434782,60.154,TIME_LIMIT(次佳解)
grid_5x5_31,seed_milpsnap_grid5x5_low_bw25.json,456,25,40,34,19.1304,0.08602150537634409,60.14,TIME_LIMIT(次佳解)
grid_5x5_31,seed_milpsnap_grid5x5_low_bw25.json,457,25,40,33,20.0,0.06521739130434782,60.123,TIME_LIMIT(次佳解)
grid_5x5_31,seed_milpsnap_grid5x5_low_bw25.json,458,25,40,37,19.1304,0.043010752688172046,60.148,TIME_LIMIT(次佳解)
grid_5x5_31,seed_milpsnap_grid5x5_low_bw25.json,459,25,40,38,10.4348,0.14563106796116504,60.198,TIME_LIMIT(次佳解)
grid_5x5_31,seed_milpsnap_grid5x5_low_bw25.json,460,25,40,38,13.0435,0.11,60.171,TIME_LIMIT(次佳解)
grid_5x5_31,seed_milpsnap_grid5x5_low_bw25.json,461,25,40,40,10.4348,0.0970873786407767,60.164,TIME_LIMIT(次佳解)
grid_5x5_31,seed_milpsnap_grid5x5_low_bw25.json,462,25,40,40,11.3043,0.09803921568627451,60.159,TIME_LIMIT(次佳解)
grid_5x5_31,seed_milpsnap_grid5x5_low_bw25.json,463,25,40,40,10.4348,0.08737864077669903,60.182,TIME_LIMIT(次佳解)
grid_5x5_31,seed_milpsnap_grid5x5_low_bw25.json,464,25,40,38,14.7826,0.05102040816326531,60.147,TIME_LIMIT(次佳解)
grid_5x5_31,seed_milpsnap_grid5x5_low_bw25.json,465,25,40,38,15.6522,0.061855670103092786,60.155,TIME_LIMIT(次佳解)
grid_5x5_31,seed_milpsnap_grid5x5_low_bw25.json,466,25,40,37,15.6522,0.07216494845360824,60.159,TIME_LIMIT(次佳解)
grid_5x5_31,seed_milpsnap_grid5x5_low_bw25.json,467,25,40,36,15.6522,0.08247422680412371,60.149,TIME_LIMIT(次佳解)
grid_5x5_31,seed_milpsnap_grid5x5_low_bw25.json,468,25,40,33,20.0,0.06521739130434782,60.132,TIME_LIMIT(次佳解)
grid_5x5_31,seed_milpsnap_grid5x5_low_bw25.json,469,25,40,35,20.0,0.05434782608695652,60.129,TIME_LIMIT(次佳解)
grid_5x5_31,seed_milpsnap_grid5x5_low_bw25.json,470,25,40,35,20.8696,0.0,57.349,OPTIMAL
grid_5x5_31,seed_milpsnap_grid5x5_low_bw25.json,471,25,40,35,20.0,0.06521739130434782,60.165,TIME_LIMIT(次佳解)
grid_5x5_31,seed_milpsnap_grid5x5_low_bw25.json,472,25,40,37,16.5217,0.07291666666666667,60.164,TIME_LIMIT(次佳解)
grid_5x5_31,seed_milpsnap_grid5x5_low_bw25.json,473,25,40,34,20.8696,0.07692307692307693,60.146,TIME_LIMIT(次佳解)
grid_5x5_31,seed_milpsnap_grid5x5_low_bw25.json,474,25,40,34,24.3478,0.011494252873563218,60.156,TIME_LIMIT(次佳解)
grid_5x5_31,seed_milpsnap_grid5x5_low_bw25.json,475,25,40,33,27.8261,0.0,26.658,OPTIMAL
grid_5x5_31,seed_milpsnap_grid5x5_low_bw25.json,476,25,40,31,28.6957,0.0,26.632,OPTIMAL
grid_5x5_31,seed_milpsnap_grid5x5_low_bw25.json,477,25,40,30,28.6957,0.0,27.383,OPTIMAL
grid_5x5_31,seed_milpsnap_grid5x5_low_bw25.json,478,25,40,29,29.5652,0.0,30.266,OPTIMAL
grid_5x5_31,seed_milpsnap_grid5x5_low_bw25.json,479,25,40,33,28.6957,0.0,20.466,OPTIMAL
grid_5x5_31,seed_milpsnap_grid5x5_low_bw25.json,480,25,40,35,24.3478,0.0,47.398,OPTIMAL
grid_5x5_31,seed_milpsnap_grid5x5_low_bw25.json,481,25,40,37,24.3478,0.0,44.885,OPTIMAL
grid_5x5_31,seed_milpsnap_grid5x5_low_bw25.json,482,25,40,39,24.3478,0.0,31.297,OPTIMAL
grid_5x5_31,seed_milpsnap_grid5x5_low_bw25.json,483,25,40,41,20.8696,0.03296703296703297,60.166,TIME_LIMIT(次佳解)
grid_5x5_31,seed_milpsnap_grid5x5_low_bw25.json,484,25,40,39,20.0,0.03260869565217391,60.175,TIME_LIMIT(次佳解)
grid_5x5_31,seed_milpsnap_grid5x5_low_bw25.json,485,25,40,37,20.8696,0.04395604395604396,60.142,TIME_LIMIT(次佳解)
grid_5x5_31,seed_milpsnap_grid5x5_low_bw25.json,486,25,40,34,25.2174,0.0,39.49,OPTIMAL
grid_5x5_31,seed_milpsnap_grid5x5_low_bw25.json,487,25,40,32,25.2174,0.0,31.335,OPTIMAL
grid_5x5_31,seed_milpsnap_grid5x5_low_bw25.json,488,25,40,34,20.0,0.06521739130434782,60.153,TIME_LIMIT(次佳解)
grid_5x5_31,seed_milpsnap_grid5x5_low_bw25.json,489,25,40,32,20.0,0.05434782608695652,60.135,TIME_LIMIT(次佳解)
grid_5x5_31,seed_milpsnap_grid5x5_low_bw25.json,490,25,40,34,15.6522,0.08247422680412371,60.126,TIME_LIMIT(次佳解)
grid_5x5_31,seed_milpsnap_grid5x5_low_bw25.json,491,25,40,36,15.6522,0.08247422680412371,60.161,TIME_LIMIT(次佳解)
grid_5x5_31,seed_milpsnap_grid5x5_low_bw25.json,492,25,40,38,11.3043,0.08823529411764706,60.171,TIME_LIMIT(次佳解)
grid_5x5_31,seed_milpsnap_grid5x5_low_bw25.json,493,25,40,37,14.7826,0.061224489795918366,60.163,TIME_LIMIT(次佳解)
grid_5x5_31,seed_milpsnap_grid5x5_low_bw25.json,494,25,40,35,15.6522,0.041237113402061855,60.152,TIME_LIMIT(次佳解)
grid_5x5_31,seed_milpsnap_grid5x5_low_bw25.json,495,25,40,32,20.8696,0.0,51.002,OPTIMAL
grid_5x5_31,seed_milpsnap_grid5x5_low_bw25.json,496,25,40,28,20.8696,0.07692307692307693,60.134,TIME_LIMIT(次佳解)
grid_5x5_31,seed_milpsnap_grid5x5_low_bw25.json,497,25,40,27,25.2174,0.0,50.166,OPTIMAL
grid_5x5_31,seed_milpsnap_grid5x5_low_bw25.json,498,25,40,26,26.087,0.0,53.063,OPTIMAL
grid_5x5_31,seed_milpsnap_grid5x5_low_bw25.json,499,25,40,27,25.2174,0.046511627906976744,60.129,TIME_LIMIT(次佳解)
grid_5x5_31,seed_milpsnap_grid5x5_low_bw25.json,500,25,40,30,24.3478,0.04597701149425287,60.124,TIME_LIMIT(次佳解)
grid_5x5_31,seed_milpsnap_grid5x5_low_bw25.json,501,25,40,32,20.8696,0.054945054945054944,60.149,TIME_LIMIT(次佳解)
grid_5x5_31,seed_milpsnap_grid5x5_low_bw25.json,502,25,40,31,24.3478,0.0,50.638,OPTIMAL
grid_5x5_31,seed_milpsnap_grid5x5_low_bw25.json,503,25,40,29,33.0435,0.0,9.483,OPTIMAL
grid_5x5_31,seed_milpsnap_grid5x5_low_bw25.json,504,25,40,29,29.5652,0.0,23.548,OPTIMAL
grid_5x5_31,seed_milpsnap_grid5x5_low_bw25.json,505,25,40,26,33.0435,0.0,8.588,OPTIMAL
grid_5x5_31,seed_milpsnap_grid5x5_low_bw25.json,506,25,40,29,25.2174,0.0,48.798,OPTIMAL
grid_5x5_31,seed_milpsnap_grid5x5_low_bw25.json,507,25,40,28,28.6957,0.0,23.195,OPTIMAL
grid_5x5_31,seed_milpsnap_grid5x5_low_bw25.json,508,25,40,29,25.2174,0.0,34.914,OPTIMAL
grid_5x5_31,seed_milpsnap_grid5x5_low_bw25.json,509,25,40,27,28.6957,0.0,20.419,OPTIMAL
grid_5x5_31,seed_milpsnap_grid5x5_low_bw25.json,510,25,40,26,29.5652,0.0,18.947,OPTIMAL
grid_5x5_31,seed_milpsnap_grid5x5_low_bw25.json,511,25,40,28,28.6957,0.0,13.226,OPTIMAL
grid_5x5_31,seed_milpsnap_grid5x5_low_bw25.json,512,25,40,29,25.2174,0.0,39.043,OPTIMAL
grid_5x5_31,seed_milpsnap_grid5x5_low_bw25.json,513,25,40,30,28.6957,0.0,25.762,OPTIMAL
grid_5x5_31,seed_milpsnap_grid5x5_low_bw25.json,514,25,40,30,25.2174,0.0,22.055,OPTIMAL
grid_5x5_31,seed_milpsnap_grid5x5_low_bw25.json,515,25,40,29,24.3478,0.0,57.561,OPTIMAL
grid_5x5_31,seed_milpsnap_grid5x5_low_bw25.json,516,25,40,28,25.2174,0.011627906976744186,60.121,TIME_LIMIT(次佳解)
grid_5x5_31,seed_milpsnap_grid5x5_low_bw25.json,517,25,40,29,20.8696,0.04395604395604396,60.117,TIME_LIMIT(次佳解)
grid_5x5_31,seed_milpsnap_grid5x5_low_bw25.json,518,25,40,29,24.3478,0.0,37.508,OPTIMAL
grid_5x5_31,seed_milpsnap_grid5x5_low_bw25.json,519,25,40,29,24.3478,0.0,26.603,OPTIMAL
grid_5x5_31,seed_milpsnap_grid5x5_low_bw25.json,520,25,40,28,24.3478,0.0,41.295,OPTIMAL
grid_5x5_31,seed_milpsnap_grid5x5_low_bw25.json,521,25,40,25,29.5652,0.0,25.449,OPTIMAL
grid_5x5_31,seed_milpsnap_grid5x5_low_bw25.json,522,25,40,25,29.5652,0.0,17.664,OPTIMAL
grid_5x5_31,seed_milpsnap_grid5x5_low_bw25.json,523,25,40,23,29.5652,0.0,23.916,OPTIMAL
grid_5x5_31,seed_milpsnap_grid5x5_low_bw25.json,524,25,40,25,29.5652,0.0,12.368,OPTIMAL
grid_5x5_31,seed_milpsnap_grid5x5_low_bw25.json,525,25,40,23,29.5652,0.0,35.71,OPTIMAL
grid_5x5_31,seed_milpsnap_grid5x5_low_bw25.json,526,25,40,21,33.0435,0.0,31.189,OPTIMAL
grid_5x5_31,seed_milpsnap_grid5x5_low_bw25.json,527,25,40,21,33.913,0.0,7.129,OPTIMAL
grid_5x5_31,seed_milpsnap_grid5x5_low_bw25.json,528,25,40,18,40.8696,0.0,5.404,OPTIMAL
grid_5x5_31,seed_milpsnap_grid5x5_low_bw25.json,529,25,40,17,40.8696,0.0,3.139,OPTIMAL
grid_5x5_31,seed_milpsnap_grid5x5_low_bw25.json,530,25,40,17,40.8696,0.0,5.05,OPTIMAL
grid_5x5_31,seed_milpsnap_grid5x5_low_bw25.json,531,25,40,14,45.2174,0.0,1.572,OPTIMAL
grid_5x5_31,seed_milpsnap_grid5x5_low_bw25.json,532,25,40,14,48.6957,0.0,0.806,OPTIMAL
grid_5x5_31,seed_milpsnap_grid5x5_low_bw25.json,533,25,40,14,48.6957,0.0,0.975,OPTIMAL
grid_5x5_31,seed_milpsnap_grid5x5_low_bw25.json,534,25,40,14,45.2174,0.0,2.273,OPTIMAL
grid_5x5_31,seed_milpsnap_grid5x5_low_bw25.json,535,25,40,15,44.3478,0.0,3.009,OPTIMAL
grid_5x5_31,seed_milpsnap_grid5x5_low_bw25.json,536,25,40,17,44.3478,0.0,3.651,OPTIMAL
grid_5x5_31,seed_milpsnap_grid5x5_low_bw25.json,537,25,40,21,37.3913,0.0,5.833,OPTIMAL
grid_5x5_31,seed_milpsnap_grid5x5_low_bw25.json,538,25,40,22,36.5217,0.0,3.933,OPTIMAL
grid_5x5_31,seed_milpsnap_grid5x5_low_bw25.json,539,25,40,26,24.3478,0.011494252873563218,60.116,TIME_LIMIT(次佳解)
grid_5x5_31,seed_milpsnap_grid5x5_low_bw25.json,540,25,40,27,24.3478,0.0,57.285,OPTIMAL
grid_5x5_31,seed_milpsnap_grid5x5_low_bw25.json,541,25,40,25,28.6957,0.0,19.618,OPTIMAL
grid_5x5_31,seed_milpsnap_grid5x5_low_bw25.json,542,25,40,26,28.6957,0.0,25.305,OPTIMAL
grid_5x5_31,seed_milpsnap_grid5x5_low_bw25.json,543,25,40,26,28.6957,0.0,10.978,OPTIMAL
grid_5x5_31,seed_milpsnap_grid5x5_low_bw25.json,544,25,40,25,29.5652,0.0,22.669,OPTIMAL
grid_5x5_31,seed_milpsnap_grid5x5_low_bw25.json,545,25,40,29,25.2174,0.0,52.146,OPTIMAL
grid_5x5_31,seed_milpsnap_grid5x5_low_bw25.json,546,25,40,31,24.3478,0.0,44.475,OPTIMAL
grid_5x5_31,seed_milpsnap_grid5x5_low_bw25.json,547,25,40,33,20.8696,0.054945054945054944,60.175,TIME_LIMIT(次佳解)
grid_5x5_31,seed_milpsnap_grid5x5_low_bw25.json,548,25,40,31,20.8696,0.054945054945054944,60.131,TIME_LIMIT(次佳解)
grid_5x5_31,seed_milpsnap_grid5x5_low_bw25.json,549,25,40,30,25.2174,0.0,60.143,TIME_LIMIT(次佳解)
grid_5x5_31,seed_milpsnap_grid5x5_low_bw25.json,550,25,40,30,25.2174,0.0,41.416,OPTIMAL
grid_5x5_31,seed_milpsnap_grid5x5_low_bw25.json,551,25,40,30,24.3478,0.0,50.248,OPTIMAL
grid_5x5_31,seed_milpsnap_grid5x5_low_bw25.json,552,25,40,27,25.2174,0.0,53.832,OPTIMAL
grid_5x5_31,seed_milpsnap_grid5x5_low_bw25.json,553,25,40,24,33.0435,0.0,9.712,OPTIMAL
grid_5x5_31,seed_milpsnap_grid5x5_low_bw25.json,554,25,40,23,33.0435,0.0,10.221,OPTIMAL
grid_5x5_31,seed_milpsnap_grid5x5_low_bw25.json,555,25,40,25,28.6957,0.0,29.682,OPTIMAL
grid_5x5_31,seed_milpsnap_grid5x5_low_bw25.json,556,25,40,25,28.6957,0.0,22.316,OPTIMAL
grid_5x5_31,seed_milpsnap_grid5x5_low_bw25.json,557,25,40,26,28.6957,0.0,24.048,OPTIMAL
grid_5x5_31,seed_milpsnap_grid5x5_low_bw25.json,558,25,40,29,20.8696,0.04395604395604396,60.175,TIME_LIMIT(次佳解)
grid_5x5_31,seed_milpsnap_grid5x5_low_bw25.json,559,25,40,31,20.0,0.021739130434782608,60.133,TIME_LIMIT(次佳解)
grid_5x5_31,seed_milpsnap_grid5x5_low_bw25.json,560,25,40,27,25.2174,0.0,49.83,OPTIMAL
grid_5x5_31,seed_milpsnap_grid5x5_low_bw25.json,561,25,40,27,20.8696,0.02197802197802198,60.111,TIME_LIMIT(次佳解)
grid_5x5_31,seed_milpsnap_grid5x5_low_bw25.json,562,25,40,27,20.8696,0.03296703296703297,60.112,TIME_LIMIT(次佳解)
grid_5x5_31,seed_milpsnap_grid5x5_low_bw25.json,563,25,40,26,24.3478,0.04597701149425287,60.129,TIME_LIMIT(次佳解)
grid_5x5_31,seed_milpsnap_grid5x5_low_bw25.json,564,25,40,25,27.8261,0.0,45.049,OPTIMAL
grid_5x5_31,seed_milpsnap_grid5x5_low_bw25.json,565,25,40,27,27.8261,0.0,20.8,OPTIMAL
grid_5x5_31,seed_milpsnap_grid5x5_low_bw25.json,566,25,40,24,28.6957,0.0,39.748,OPTIMAL
grid_5x5_31,seed_milpsnap_grid5x5_low_bw25.json,567,25,40,26,27.8261,0.0,28.777,OPTIMAL
grid_5x5_31,seed_milpsnap_grid5x5_low_bw25.json,568,25,40,28,22.6087,0.06741573033707865,60.126,TIME_LIMIT(次佳解)
grid_5x5_31,seed_milpsnap_grid5x5_low_bw25.json,569,25,40,27,27.8261,0.0,24.01,OPTIMAL
grid_5x5_31,seed_milpsnap_grid5x5_low_bw25.json,570,25,40,25,27.8261,0.0,27.162,OPTIMAL
grid_5x5_31,seed_milpsnap_grid5x5_low_bw25.json,571,25,40,25,26.087,0.0,46.935,OPTIMAL
grid_5x5_31,seed_milpsnap_grid5x5_low_bw25.json,572,25,40,24,25.2174,0.011627906976744186,60.101,TIME_LIMIT(次佳解)
grid_5x5_31,seed_milpsnap_grid5x5_low_bw25.json,573,25,40,23,28.6957,0.0,44.291,OPTIMAL
grid_5x5_31,seed_milpsnap_grid5x5_low_bw25.json,574,25,40,23,33.0435,0.0,8.794,OPTIMAL
grid_5x5_31,seed_milpsnap_grid5x5_low_bw25.json,575,25,40,29,20.8696,0.04395604395604396,60.125,TIME_LIMIT(次佳解)
grid_5x5_31,seed_milpsnap_grid5x5_low_bw25.json,576,25,40,27,24.3478,0.0,37.549,OPTIMAL
grid_5x5_31,seed_milpsnap_grid5x5_low_bw25.json,577,25,40,28,24.3478,0.0,24.935,OPTIMAL
grid_5x5_31,seed_milpsnap_grid5x5_low_bw25.json,578,25,40,30,24.3478,0.0,28.667,OPTIMAL
grid_5x5_31,seed_milpsnap_grid5x5_low_bw25.json,579,25,40,31,24.3478,0.0,29.484,OPTIMAL
grid_5x5_31,seed_milpsnap_grid5x5_low_bw25.json,580,25,40,27,25.2174,0.0,47.143,OPTIMAL
grid_5x5_31,seed_milpsnap_grid5x5_low_bw25.json,581,25,40,26,26.087,0.0,47.619,OPTIMAL
grid_5x5_31,seed_milpsnap_grid5x5_low_bw25.json,582,25,40,26,25.2174,0.0,44.347,OPTIMAL
grid_5x5_31,seed_milpsnap_grid5x5_low_bw25.json,583,25,40,23,29.5652,0.0,14.414,OPTIMAL
grid_5x5_31,seed_milpsnap_grid5x5_low_bw25.json,584,25,40,1,93.913,0.0,0.007,OPTIMAL
grid_5x5_31,seed_milpsnap_grid5x5_low_bw25.json,585,25,40,2,87.8261,0.0,0.01,OPTIMAL
grid_5x5_31,seed_milpsnap_grid5x5_low_bw25.json,586,25,40,4,81.7391,0.0,0.017,OPTIMAL
grid_5x5_31,seed_milpsnap_grid5x5_low_bw25.json,587,25,40,5,75.6522,0.0,0.045,OPTIMAL
grid_5x5_31,seed_milpsnap_grid5x5_low_bw25.json,588,25,40,6,72.1739,0.0,0.029,OPTIMAL
grid_5x5_31,seed_milpsnap_grid5x5_low_bw25.json,589,25,40,8,53.913,0.0,0.139,OPTIMAL
grid_5x5_31,seed_milpsnap_grid5x5_low_bw25.json,590,25,40,10,50.4348,0.0,0.159,OPTIMAL
grid_5x5_31,seed_milpsnap_grid5x5_low_bw25.json,591,25,40,13,48.6957,0.0,0.175,OPTIMAL
grid_5x5_31,seed_milpsnap_grid5x5_low_bw25.json,592,25,40,15,45.2174,0.0,1.615,OPTIMAL
grid_5x5_31,seed_milpsnap_grid5x5_low_bw25.json,593,25,40,22,33.913,0.0,10.131,OPTIMAL
grid_5x5_31,seed_milpsnap_grid5x5_low_bw25.json,594,25,40,23,33.0435,0.0,7.589,OPTIMAL
grid_5x5_31,seed_milpsnap_grid5x5_low_bw25.json,595,25,40,24,33.0435,0.0,7.417,OPTIMAL
grid_5x5_31,seed_milpsnap_grid5x5_low_bw25.json,596,25,40,25,26.087,0.0,42.928,OPTIMAL
grid_5x5_31,seed_milpsnap_grid5x5_low_bw25.json,597,25,40,27,25.2174,0.0,28.997,OPTIMAL
grid_5x5_31,seed_milpsnap_grid5x5_low_bw25.json,598,25,40,26,25.2174,0.0,36.091,OPTIMAL
grid_5x5_31,seed_milpsnap_grid5x5_low_bw25.json,599,25,40,25,25.2174,0.0,39.388,OPTIMAL
grid_5x5_31,seed_milpsnap_grid5x5_low_bw25.json,600,25,40,26,24.3478,0.0,21.278,OPTIMAL
grid_5x5_31,seed_milpsnap_grid5x5_low_bw25.json,601,25,40,27,20.8696,0.0,53.858,OPTIMAL
grid_5x5_31,seed_milpsnap_grid5x5_low_bw25.json,602,25,40,26,20.8696,0.0,55.28,OPTIMAL
grid_5x5_31,seed_milpsnap_grid5x5_low_bw25.json,603,25,40,25,20.0,0.03260869565217391,60.109,TIME_LIMIT(次佳解)
grid_5x5_31,seed_milpsnap_grid5x5_low_bw25.json,604,25,40,24,24.3478,0.0,43.069,OPTIMAL
grid_5x5_31,seed_milpsnap_grid5x5_low_bw25.json,605,25,40,18,33.0435,0.0,8.33,OPTIMAL
grid_5x5_31,seed_milpsnap_grid5x5_low_bw25.json,606,25,40,17,33.0435,0.0,9.62,OPTIMAL
grid_5x5_31,seed_milpsnap_grid5x5_low_bw25.json,607,25,40,18,33.0435,0.0,8.176,OPTIMAL
grid_5x5_31,seed_milpsnap_grid5x5_low_bw25.json,608,25,40,20,29.5652,0.0,16.198,OPTIMAL
grid_5x5_31,seed_milpsnap_grid5x5_low_bw25.json,609,25,40,24,25.2174,0.0,44.699,OPTIMAL
grid_5x5_31,seed_milpsnap_grid5x5_low_bw25.json,610,25,40,25,25.2174,0.0,44.746,OPTIMAL
grid_5x5_31,seed_milpsnap_grid5x5_low_bw25.json,611,25,40,27,24.3478,0.0,31.1,OPTIMAL
grid_5x5_31,seed_milpsnap_grid5x5_low_bw25.json,612,25,40,25,25.2174,0.0,20.45,OPTIMAL
grid_5x5_31,seed_milpsnap_grid5x5_low_bw25.json,613,25,40,26,24.3478,0.0,46.74,OPTIMAL
grid_5x5_31,seed_milpsnap_grid5x5_low_bw25.json,614,25,40,27,24.3478,0.0,31.757,OPTIMAL
grid_5x5_31,seed_milpsnap_grid5x5_low_bw25.json,615,25,40,29,20.8696,0.054945054945054944,60.127,TIME_LIMIT(次佳解)
grid_5x5_31,seed_milpsnap_grid5x5_low_bw25.json,616,25,40,26,25.2174,0.0,41.377,OPTIMAL
grid_5x5_31,seed_milpsnap_grid5x5_low_bw25.json,617,25,40,29,24.3478,0.0,32.763,OPTIMAL
grid_5x5_31,seed_milpsnap_grid5x5_low_bw25.json,618,25,40,27,25.2174,0.046511627906976744,60.104,TIME_LIMIT(次佳解)
grid_5x5_31,seed_milpsnap_grid5x5_low_bw25.json,619,25,40,28,25.2174,0.023255813953488372,60.115,TIME_LIMIT(次佳解)
grid_5x5_31,seed_milpsnap_grid5x5_low_bw25.json,620,25,40,29,24.3478,0.011494252873563218,60.132,TIME_LIMIT(次佳解)
grid_5x5_31,seed_milpsnap_grid5x5_low_bw25.json,621,25,40,32,20.8696,0.04395604395604396,60.149,TIME_LIMIT(次佳解)
grid_5x5_31,seed_milpsnap_grid5x5_low_bw25.json,622,25,40,35,17.3913,0.06315789473684211,60.189,TIME_LIMIT(次佳解)
grid_5x5_31,seed_milpsnap_grid5x5_low_bw25.json,623,25,40,34,17.3913,0.06315789473684211,60.187,TIME_LIMIT(次佳解)
grid_5x5_31,seed_milpsnap_grid5x5_low_bw25.json,624,25,40,30,24.3478,0.06896551724137931,60.118,TIME_LIMIT(次佳解)
grid_5x5_31,seed_milpsnap_grid5x5_low_bw25.json,625,25,40,31,24.3478,0.034482758620689655,60.132,TIME_LIMIT(次佳解)
grid_5x5_31,seed_milpsnap_grid5x5_low_bw25.json,626,25,40,31,24.3478,0.04597701149425287,60.132,TIME_LIMIT(次佳解)
grid_5x5_31,seed_milpsnap_grid5x5_low_bw25.json,627,25,40,31,24.3478,0.04597701149425287,60.123,TIME_LIMIT(次佳解)
grid_5x5_31,seed_milpsnap_grid5x5_low_bw25.json,628,25,40,31,24.3478,0.04597701149425287,60.133,TIME_LIMIT(次佳解)
grid_5x5_31,seed_milpsnap_grid5x5_low_bw25.json,629,25,40,32,24.3478,0.0,53.377,OPTIMAL
grid_5x5_31,seed_milpsnap_grid5x5_low_bw25.json,630,25,40,29,25.2174,0.0,57.055,OPTIMAL
grid_5x5_31,seed_milpsnap_grid5x5_low_bw25.json,631,25,40,31,24.3478,0.0,57.295,OPTIMAL
grid_5x5_31,seed_milpsnap_grid5x5_low_bw25.json,632,25,40,27,25.2174,0.0,57.114,OPTIMAL
grid_5x5_31,seed_milpsnap_grid5x5_low_bw25.json,633,25,40,28,25.2174,0.03488372093023256,60.116,TIME_LIMIT(次佳解)
grid_5x5_31,seed_milpsnap_grid5x5_low_bw25.json,634,25,40,32,15.6522,0.08247422680412371,60.13,TIME_LIMIT(次佳解)
grid_5x5_31,seed_milpsnap_grid5x5_low_bw25.json,635,25,40,30,20.8696,0.03296703296703297,60.117,TIME_LIMIT(次佳解)
grid_5x5_31,seed_milpsnap_grid5x5_low_bw25.json,636,25,40,30,19.1304,0.021505376344086023,60.126,TIME_LIMIT(次佳解)
grid_5x5_31,seed_milpsnap_grid5x5_low_bw25.json,637,25,40,27,25.2174,0.0,38.729,OPTIMAL
grid_5x5_31,seed_milpsnap_grid5x5_low_bw25.json,638,25,40,28,20.8696,0.0,59.56,OPTIMAL
grid_5x5_31,seed_milpsnap_grid5x5_low_bw25.json,639,25,40,30,20.0,0.05434782608695652,60.12,TIME_LIMIT(次佳解)
grid_5x5_31,seed_milpsnap_grid5x5_low_bw25.json,640,25,40,31,19.1304,0.043010752688172046,60.164,TIME_LIMIT(次佳解)
grid_5x5_31,seed_milpsnap_grid5x5_low_bw25.json,641,25,40,28,20.0,0.0,45.622,OPTIMAL
grid_5x5_31,seed_milpsnap_grid5x5_low_bw25.json,642,25,40,27,20.8696,0.03296703296703297,60.11,TIME_LIMIT(次佳解)
grid_5x5_31,seed_milpsnap_grid5x5_low_bw25.json,643,25,40,26,21.7391,0.03333333333333333,60.1,TIME_LIMIT(次佳解)
grid_5x5_31,seed_milpsnap_grid5x5_low_bw25.json,644,25,40,28,24.3478,0.022988505747126436,60.111,TIME_LIMIT(次佳解)
grid_5x5_31,seed_milpsnap_grid5x5_low_bw25.json,645,25,40,29,23.4783,0.0,42.004,OPTIMAL
grid_5x5_31,seed_milpsnap_grid5x5_low_bw25.json,646,25,40,31,19.1304,0.043010752688172046,60.124,TIME_LIMIT(次佳解)
grid_5x5_31,seed_milpsnap_grid5x5_low_bw25.json,647,25,40,34,15.6522,0.07216494845360824,60.189,TIME_LIMIT(次佳解)
grid_5x5_31,seed_milpsnap_grid5x5_low_bw25.json,648,25,40,34,19.1304,0.0,51.081,OPTIMAL
grid_5x5_31,seed_milpsnap_grid5x5_low_bw25.json,649,25,40,30,25.2174,0.0,38.599,OPTIMAL
grid_5x5_31,seed_milpsnap_grid5x5_low_bw25.json,650,25,40,33,16.5217,0.10416666666666667,60.132,TIME_LIMIT(次佳解)
grid_5x5_31,seed_milpsnap_grid5x5_low_bw25.json,651,25,40,32,20.8696,0.054945054945054944,60.13,TIME_LIMIT(次佳解)
grid_5x5_31,seed_milpsnap_grid5x5_low_bw25.json,652,25,40,36,15.6522,0.10309278350515463,60.14,TIME_LIMIT(次佳解)
grid_5x5_31,seed_milpsnap_grid5x5_low_bw25.json,653,25,40,37,16.5217,0.07291666666666667,60.192,TIME_LIMIT(次佳解)
grid_5x5_31,seed_milpsnap_grid5x5_low_bw25.json,654,25,40,34,16.5217,0.10416666666666667,60.127,TIME_LIMIT(次佳解)
grid_5x5_31,seed_milpsnap_grid5x5_low_bw25.json,655,25,40,32,20.0,0.03260869565217391,60.13,TIME_LIMIT(次佳解)
grid_5x5_31,seed_milpsnap_grid5x5_low_bw25.json,656,25,40,36,16.5217,0.09375,60.174,TIME_LIMIT(次佳解)
grid_5x5_31,seed_milpsnap_grid5x5_low_bw25.json,657,25,40,38,12.1739,0.09900990099009901,60.158,TIME_LIMIT(次佳解)
grid_5x5_31,seed_milpsnap_grid5x5_low_bw25.json,658,25,40,40,10.4348,0.1262135922330097,60.232,TIME_LIMIT(次佳解)
grid_5x5_31,seed_milpsnap_grid5x5_low_bw25.json,659,25,40,36,11.3043,0.10784313725490197,60.169,TIME_LIMIT(次佳解)
grid_5x5_31,seed_milpsnap_grid5x5_low_bw25.json,660,25,40,37,12.1739,0.10891089108910891,60.143,TIME_LIMIT(次佳解)
grid_5x5_31,seed_milpsnap_grid5x5_low_bw25.json,661,25,40,34,20.8696,0.03296703296703297,60.139,TIME_LIMIT(次佳解)
grid_5x5_31,seed_milpsnap_grid5x5_low_bw25.json,662,25,40,32,24.3478,0.0,27.421,OPTIMAL
grid_5x5_31,seed_milpsnap_grid5x5_low_bw25.json,663,25,40,32,24.3478,0.0,28.03,OPTIMAL
grid_5x5_31,seed_milpsnap_grid5x5_low_bw25.json,664,25,40,32,20.0,0.021739130434782608,60.121,TIME_LIMIT(次佳解)
grid_5x5_31,seed_milpsnap_grid5x5_low_bw25.json,665,25,40,29,25.2174,0.0,24.949,OPTIMAL
grid_5x5_31,seed_milpsnap_grid5x5_low_bw25.json,666,25,40,30,20.8696,0.02197802197802198,60.124,TIME_LIMIT(次佳解)
grid_5x5_31,seed_milpsnap_grid5x5_low_bw25.json,667,25,40,26,28.6957,0.0,12.005,OPTIMAL
grid_5x5_31,seed_milpsnap_grid5x5_low_bw25.json,668,25,40,26,29.5652,0.0,25.835,OPTIMAL
grid_5x5_31,seed_milpsnap_grid5x5_low_bw25.json,669,25,40,28,24.3478,0.034482758620689655,60.121,TIME_LIMIT(次佳解)
grid_5x5_31,seed_milpsnap_grid5x5_low_bw25.json,670,25,40,29,24.3478,0.0,45.344,OPTIMAL
grid_5x5_31,seed_milpsnap_grid5x5_low_bw25.json,671,25,40,25,29.5652,0.0,27.994,OPTIMAL
grid_5x5_31,seed_milpsnap_grid5x5_low_bw25.json,672,25,40,26,29.5652,0.0,17.365,OPTIMAL
grid_5x5_31,seed_milpsnap_grid5x5_low_bw25.json,673,25,40,24,33.0435,0.0,10.551,OPTIMAL
grid_5x5_31,seed_milpsnap_grid5x5_low_bw25.json,674,25,40,28,26.087,0.0,34.853,OPTIMAL
grid_5x5_31,seed_milpsnap_grid5x5_low_bw25.json,675,25,40,26,29.5652,0.0,12.508,OPTIMAL
grid_5x5_31,seed_milpsnap_grid5x5_low_bw25.json,676,25,40,26,25.2174,0.023255813953488372,60.103,TIME_LIMIT(次佳解)
grid_5x5_31,seed_milpsnap_grid5x5_low_bw25.json,677,25,40,25,28.6957,0.0,29.229,OPTIMAL
grid_5x5_31,seed_milpsnap_grid5x5_low_bw25.json,678,25,40,25,26.087,0.0,55.988,OPTIMAL
grid_5x5_31,seed_milpsnap_grid5x5_low_bw25.json,679,25,40,23,33.0435,0.0,12.186,OPTIMAL
grid_5x5_31,seed_milpsnap_grid5x5_low_bw25.json,680,25,40,26,29.5652,0.0,12.08,OPTIMAL
grid_5x5_31,seed_milpsnap_grid5x5_low_bw25.json,681,25,40,27,26.087,0.0,31.104,OPTIMAL
grid_5x5_31,seed_milpsnap_grid5x5_low_bw25.json,682,25,40,30,25.2174,0.0,31.62,OPTIMAL
grid_5x5_31,seed_milpsnap_grid5x5_low_bw25.json,683,25,40,28,25.2174,0.0,29.526,OPTIMAL
grid_5x5_31,seed_milpsnap_grid5x5_low_bw25.json,684,25,40,27,25.2174,0.0,44.78,OPTIMAL
grid_5x5_31,seed_milpsnap_grid5x5_low_bw25.json,685,25,40,26,29.5652,0.0,9.903,OPTIMAL
grid_5x5_31,seed_milpsnap_grid5x5_low_bw25.json,686,25,40,28,25.2174,0.0,44.663,OPTIMAL
grid_5x5_31,seed_milpsnap_grid5x5_low_bw25.json,687,25,40,26,26.087,0.03529411764705882,60.105,TIME_LIMIT(次佳解)
grid_5x5_31,seed_milpsnap_grid5x5_low_bw25.json,688,25,40,26,25.2174,0.046511627906976744,60.115,TIME_LIMIT(次佳解)
grid_5x5_31,seed_milpsnap_grid5x5_low_bw25.json,689,25,40,25,29.5652,0.0,13.775,OPTIMAL
grid_5x5_31,seed_milpsnap_grid5x5_low_bw25.json,690,25,40,25,29.5652,0.0,14.627,OPTIMAL
grid_5x5_31,seed_milpsnap_grid5x5_low_bw25.json,691,25,40,30,23.4783,0.011363636363636364,60.13,TIME_LIMIT(次佳解)
grid_5x5_31,seed_milpsnap_grid5x5_low_bw25.json,692,25,40,31,23.4783,0.0,43.158,OPTIMAL
grid_5x5_31,seed_milpsnap_grid5x5_low_bw25.json,693,25,40,30,23.4783,0.0,43.452,OPTIMAL
grid_5x5_31,seed_milpsnap_grid5x5_low_bw25.json,694,25,40,31,20.0,0.03260869565217391,60.12,TIME_LIMIT(次佳解)
grid_5x5_31,seed_milpsnap_grid5x5_low_bw25.json,695,25,40,30,24.3478,0.0,44.948,OPTIMAL
grid_5x5_31,seed_milpsnap_grid5x5_low_bw25.json,696,25,40,29,25.2174,0.0,29.639,OPTIMAL
grid_5x5_31,seed_milpsnap_grid5x5_low_bw25.json,697,25,40,25,28.6957,0.0,24.017,OPTIMAL
grid_5x5_31,seed_milpsnap_grid5x5_low_bw25.json,698,25,40,25,32.1739,0.0,10.254,OPTIMAL
grid_5x5_31,seed_milpsnap_grid5x5_low_bw25.json,699,25,40,26,28.6957,0.0,22.473,OPTIMAL
grid_5x5_31,seed_milpsnap_grid5x5_low_bw25.json,700,25,40,28,25.2174,0.0,59.873,OPTIMAL
grid_5x5_31,seed_milpsnap_grid5x5_low_bw25.json,701,25,40,26,25.2174,0.0,51.74,OPTIMAL
grid_5x5_31,seed_milpsnap_grid5x5_low_bw25.json,702,25,40,27,28.6957,0.0,15.965,OPTIMAL
grid_5x5_31,seed_milpsnap_grid5x5_low_bw25.json,703,25,40,31,25.2174,0.0,42.169,OPTIMAL
grid_5x5_31,seed_milpsnap_grid5x5_low_bw25.json,704,25,40,31,24.3478,0.0,33.591,OPTIMAL
grid_5x5_31,seed_milpsnap_grid5x5_low_bw25.json,705,25,40,32,24.3478,0.0,28.845,OPTIMAL
grid_5x5_31,seed_milpsnap_grid5x5_low_bw25.json,706,25,40,26,29.5652,0.0,16.733,OPTIMAL
grid_5x5_31,seed_milpsnap_grid5x5_low_bw25.json,707,25,40,28,25.2174,0.011627906976744186,60.118,TIME_LIMIT(次佳解)
grid_5x5_31,seed_milpsnap_grid5x5_low_bw25.json,708,25,40,30,25.2174,0.0,38.642,OPTIMAL
grid_5x5_31,seed_milpsnap_grid5x5_low_bw25.json,709,25,40,33,24.3478,0.0,28.266,OPTIMAL
grid_5x5_31,seed_milpsnap_grid5x5_low_bw25.json,710,25,40,32,24.3478,0.022988505747126436,60.134,TIME_LIMIT(次佳解)
grid_5x5_31,seed_milpsnap_grid5x5_low_bw25.json,711,25,40,33,24.3478,0.0,38.952,OPTIMAL
grid_5x5_31,seed_milpsnap_grid5x5_low_bw25.json,712,25,40,35,20.0,0.043478260869565216,60.162,TIME_LIMIT(次佳解)
grid_5x5_31,seed_milpsnap_grid5x5_low_bw25.json,713,25,40,33,24.3478,0.0,27.64,OPTIMAL
grid_5x5_31,seed_milpsnap_grid5x5_low_bw25.json,714,25,40,33,24.3478,0.0,36.578,OPTIMAL
grid_5x5_31,seed_milpsnap_grid5x5_low_bw25.json,715,25,40,32,24.3478,0.0,33.483,OPTIMAL
grid_5x5_31,seed_milpsnap_grid5x5_low_bw25.json,716,25,40,31,24.3478,0.0,43.578,OPTIMAL
grid_5x5_31,seed_milpsnap_grid5x5_low_bw25.json,717,25,40,30,28.6957,0.0,15.753,OPTIMAL
grid_5x5_31,seed_milpsnap_grid5x5_low_bw25.json,718,25,40,30,28.6957,0.0,15.926,OPTIMAL
grid_5x5_31,seed_milpsnap_grid5x5_low_bw25.json,719,25,40,32,25.2174,0.0,28.968,OPTIMAL
grid_5x5_31,seed_milpsnap_grid5x5_low_bw25.json,720,25,40,34,24.3478,0.0,47.944,OPTIMAL
grid_5x5_31,seed_milpsnap_grid5x5_low_bw25.json,721,25,40,31,25.2174,0.0,42.08,OPTIMAL
grid_5x5_31,seed_milpsnap_grid5x5_low_bw25.json,722,25,40,33,25.2174,0.0,28.018,OPTIMAL
grid_5x5_31,seed_milpsnap_grid5x5_low_bw25.json,723,25,40,33,28.6957,0.0,18.441,OPTIMAL
grid_5x5_31,seed_milpsnap_grid5x5_low_bw25.json,724,25,40,34,24.3478,0.0,52.585,OPTIMAL
grid_5x5_31,seed_milpsnap_grid5x5_low_bw25.json,725,25,40,32,25.2174,0.0,52.334,OPTIMAL
grid_5x5_31,seed_milpsnap_grid5x5_low_bw25.json,726,25,40,34,24.3478,0.0,40.957,OPTIMAL
grid_5x5_31,seed_milpsnap_grid5x5_low_bw25.json,727,25,40,35,24.3478,0.0,55.477,OPTIMAL
grid_5x5_31,seed_milpsnap_grid5x5_low_bw25.json,728,25,40,38,16.5217,0.0625,60.147,TIME_LIMIT(次佳解)
grid_5x5_31,seed_milpsnap_grid5x5_low_bw25.json,729,25,40,42,15.6522,0.041237113402061855,60.155,TIME_LIMIT(次佳解)
grid_5x5_31,seed_milpsnap_grid5x5_low_bw25.json,730,25,40,47,9.5652,0.07692307692307693,60.178,TIME_LIMIT(次佳解)
grid_5x5_31,seed_milpsnap_grid5x5_low_bw25.json,731,25,40,1,80.0,0.0,0.022,OPTIMAL
grid_5x5_31,seed_milpsnap_grid5x5_low_bw25.json,732,25,40,6,52.1739,0.0,0.189,OPTIMAL
grid_5x5_31,seed_milpsnap_grid5x5_low_bw25.json,733,25,40,7,52.1739,0.0,0.124,OPTIMAL
grid_5x5_31,seed_milpsnap_grid5x5_low_bw25.json,734,25,40,9,48.6957,0.0,0.542,OPTIMAL
grid_5x5_31,seed_milpsnap_grid5x5_low_bw25.json,735,25,40,16,44.3478,0.0,1.844,OPTIMAL
grid_5x5_31,seed_milpsnap_grid5x5_low_bw25.json,736,25,40,17,44.3478,0.0,0.908,OPTIMAL
grid_5x5_31,seed_milpsnap_grid5x5_low_bw25.json,737,25,40,19,40.8696,0.0,2.49,OPTIMAL
grid_5x5_31,seed_milpsnap_grid5x5_low_bw25.json,738,25,40,20,40.8696,0.0,2.275,OPTIMAL
grid_5x5_31,seed_milpsnap_grid5x5_low_bw25.json,739,25,40,25,32.1739,0.0,6.909,OPTIMAL
grid_5x5_31,seed_milpsnap_grid5x5_low_bw25.json,740,25,40,26,28.6957,0.0,11.695,OPTIMAL
grid_5x5_31,seed_milpsnap_grid5x5_low_bw25.json,741,25,40,29,25.2174,0.0,38.331,OPTIMAL
grid_5x5_31,seed_milpsnap_grid5x5_low_bw25.json,742,25,40,30,25.2174,0.0,22.723,OPTIMAL
grid_5x5_31,seed_milpsnap_grid5x5_low_bw25.json,743,25,40,32,24.3478,0.0,17.902,OPTIMAL
grid_5x5_31,seed_milpsnap_grid5x5_low_bw25.json,744,25,40,33,24.3478,0.0,14.544,OPTIMAL
grid_5x5_31,seed_milpsnap_grid5x5_low_bw25.json,745,25,40,34,20.8696,0.0,42.801,OPTIMAL
grid_5x5_31,seed_milpsnap_grid5x5_low_bw25.json,746,25,40,30,25.2174,0.0,43.117,OPTIMAL
grid_5x5_31,seed_milpsnap_grid5x5_low_bw25.json,747,25,40,30,25.2174,0.0,39.713,OPTIMAL
grid_5x5_31,seed_milpsnap_grid5x5_low_bw25.json,748,25,40,28,25.2174,0.0,50.708,OPTIMAL
grid_5x5_31,seed_milpsnap_grid5x5_low_bw25.json,749,25,40,23,33.0435,0.0,27.489,OPTIMAL
grid_5x5_31,seed_milpsnap_grid5x5_low_bw25.json,750,25,40,23,33.0435,0.0,12.583,OPTIMAL
grid_5x5_31,seed_milpsnap_grid5x5_low_bw25.json,751,25,40,24,33.0435,0.0,25.105,OPTIMAL
grid_5x5_31,seed_milpsnap_grid5x5_low_bw25.json,752,25,40,26,33.0435,0.0,22.546,OPTIMAL
grid_5x5_31,seed_milpsnap_grid5x5_low_bw25.json,753,25,40,21,40.8696,0.0,4.011,OPTIMAL
grid_5x5_31,seed_milpsnap_grid5x5_low_bw25.json,754,25,40,22,40.0,0.0,4.423,OPTIMAL
grid_5x5_31,seed_milpsnap_grid5x5_low_bw25.json,755,25,40,22,37.3913,0.0,15.033,OPTIMAL
grid_5x5_31,seed_milpsnap_grid5x5_low_bw25.json,756,25,40,21,40.8696,0.0,10.193,OPTIMAL
grid_5x5_31,seed_milpsnap_grid5x5_low_bw25.json,757,25,40,21,40.8696,0.0,6.137,OPTIMAL
grid_5x5_31,seed_milpsnap_grid5x5_low_bw25.json,758,25,40,23,36.5217,0.0,16.063,OPTIMAL
grid_5x5_31,seed_milpsnap_grid5x5_low_bw25.json,759,25,40,22,36.5217,0.0,13.921,OPTIMAL
grid_5x5_31,seed_milpsnap_grid5x5_low_bw25.json,760,25,40,25,28.6957,0.0,38.848,OPTIMAL
grid_5x5_31,seed_milpsnap_grid5x5_low_bw25.json,761,25,40,26,28.6957,0.0,34.32,OPTIMAL
grid_5x5_31,seed_milpsnap_grid5x5_low_bw25.json,762,25,40,28,25.2174,0.03488372093023256,60.136,TIME_LIMIT(次佳解)
grid_5x5_31,seed_milpsnap_grid5x5_low_bw25.json,763,25,40,29,24.3478,0.034482758620689655,60.128,TIME_LIMIT(次佳解)
grid_5x5_31,seed_milpsnap_grid5x5_low_bw25.json,764,25,40,30,25.2174,0.0,47.956,OPTIMAL
grid_5x5_31,seed_milpsnap_grid5x5_low_bw25.json,765,25,40,32,24.3478,0.0,57.433,OPTIMAL
grid_5x5_31,seed_milpsnap_grid5x5_low_bw25.json,766,25,40,31,24.3478,0.0,43.602,OPTIMAL
grid_5x5_31,seed_milpsnap_grid5x5_low_bw25.json,767,25,40,28,25.2174,0.0,47.555,OPTIMAL
grid_5x5_31,seed_milpsnap_grid5x5_low_bw25.json,768,25,40,29,25.2174,0.0,57.475,OPTIMAL
grid_5x5_31,seed_milpsnap_grid5x5_low_bw25.json,769,25,40,28,25.2174,0.0,32.665,OPTIMAL
grid_5x5_31,seed_milpsnap_grid5x5_low_bw25.json,770,25,40,25,25.2174,0.0,54.215,OPTIMAL
grid_5x5_31,seed_milpsnap_grid5x5_low_bw25.json,771,25,40,25,26.087,0.0,55.807,OPTIMAL
grid_5x5_31,seed_milpsnap_grid5x5_low_bw25.json,772,25,40,23,33.0435,0.0,7.487,OPTIMAL
grid_5x5_31,seed_milpsnap_grid5x5_low_bw25.json,773,25,40,24,33.0435,0.0,7.547,OPTIMAL
grid_5x5_31,seed_milpsnap_grid5x5_low_bw25.json,774,25,40,20,44.3478,0.0,1.281,OPTIMAL
grid_5x5_31,seed_milpsnap_grid5x5_low_bw25.json,775,25,40,21,44.3478,0.0,0.992,OPTIMAL
grid_5x5_31,seed_milpsnap_grid5x5_low_bw25.json,776,25,40,22,40.0,0.0,3.285,OPTIMAL
grid_5x5_31,seed_milpsnap_grid5x5_low_bw25.json,777,25,40,24,44.3478,0.0,1.437,OPTIMAL
grid_5x5_31,seed_milpsnap_grid5x5_low_bw25.json,778,25,40,27,37.3913,0.0,6.928,OPTIMAL
grid_5x5_31,seed_milpsnap_grid5x5_low_bw25.json,779,25,40,27,37.3913,0.0,5.357,OPTIMAL
grid_5x5_31,seed_milpsnap_grid5x5_low_bw25.json,780,25,40,26,30.4348,0.0,45.801,OPTIMAL
grid_5x5_31,seed_milpsnap_grid5x5_low_bw25.json,781,25,40,31,24.3478,0.0,37.93,OPTIMAL
grid_5x5_31,seed_milpsnap_grid5x5_low_bw25.json,782,25,40,32,20.0,0.03260869565217391,60.134,TIME_LIMIT(次佳解)
grid_5x5_31,seed_milpsnap_grid5x5_low_bw25.json,783,25,40,32,24.3478,0.0,29.278,OPTIMAL
grid_5x5_31,seed_milpsnap_grid5x5_low_bw25.json,784,25,40,34,20.8696,0.04395604395604396,60.139,TIME_LIMIT(次佳解)
grid_5x5_31,seed_milpsnap_grid5x5_low_bw25.json,785,25,40,38,14.7826,0.08163265306122448,60.162,TIME_LIMIT(次佳解)
grid_5x5_31,seed_milpsnap_grid5x5_low_bw25.json,786,25,40,40,10.4348,0.10679611650485436,60.191,TIME_LIMIT(次佳解)
grid_5x5_31,seed_milpsnap_grid5x5_low_bw25.json,787,25,40,40,10.4348,0.0970873786407767,60.158,TIME_LIMIT(次佳解)
grid_5x5_31,seed_milpsnap_grid5x5_low_bw25.json,788,25,40,39,11.3043,0.11764705882352941,60.171,TIME_LIMIT(次佳解)
grid_5x5_31,seed_milpsnap_grid5x5_low_bw25.json,789,25,40,42,10.4348,0.10679611650485436,60.172,TIME_LIMIT(次佳解)
grid_5x5_31,seed_milpsnap_grid5x5_low_bw25.json,790,25,40,41,10.4348,0.08737864077669903,60.169,TIME_LIMIT(次佳解)
grid_5x5_31,seed_milpsnap_grid5x5_low_bw25.json,791,25,40,42,10.4348,0.08737864077669903,60.18,TIME_LIMIT(次佳解)
grid_5x5_31,seed_milpsnap_grid5x5_low_bw25.json,792,25,40,40,10.4348,0.07766990291262135,60.163,TIME_LIMIT(次佳解)
grid_5x5_31,seed_milpsnap_grid5x5_low_bw25.json,793,25,40,35,13.913,0.06060606060606061,60.148,TIME_LIMIT(次佳解)
grid_5x5_31,seed_milpsnap_grid5x5_low_bw25.json,794,25,40,32,15.6522,0.07216494845360824,60.142,TIME_LIMIT(次佳解)
grid_5x5_31,seed_milpsnap_grid5x5_low_bw25.json,795,25,40,33,19.1304,0.043010752688172046,60.138,TIME_LIMIT(次佳解)
grid_5x5_31,seed_milpsnap_grid5x5_low_bw25.json,796,25,40,30,25.2174,0.0,49.264,OPTIMAL
grid_5x5_31,seed_milpsnap_grid5x5_low_bw25.json,797,25,40,32,20.8696,0.04395604395604396,60.138,TIME_LIMIT(次佳解)
grid_5x5_31,seed_milpsnap_grid5x5_low_bw25.json,798,25,40,33,20.0,0.06521739130434782,60.138,TIME_LIMIT(次佳解)
grid_5x5_31,seed_milpsnap_grid5x5_low_bw25.json,799,25,40,32,20.8696,0.04395604395604396,60.134,TIME_LIMIT(次佳解)
grid_5x5_31,seed_milpsnap_grid5x5_low_bw25.json,800,25,40,30,20.8696,0.054945054945054944,60.15,TIME_LIMIT(次佳解)
grid_5x5_31,seed_milpsnap_grid5x5_low_bw25.json,801,25,40,30,20.8696,0.0,57.023,OPTIMAL
grid_5x5_31,seed_milpsnap_grid5x5_low_bw25.json,802,25,40,32,16.5217,0.07291666666666667,60.156,TIME_LIMIT(次佳解)
grid_5x5_31,seed_milpsnap_grid5x5_low_bw25.json,803,25,40,33,12.1739,0.1188118811881188,60.131,TIME_LIMIT(次佳解)
grid_5x5_31,seed_milpsnap_grid5x5_low_bw25.json,804,25,40,33,16.5217,0.09375,60.135,TIME_LIMIT(次佳解)
grid_5x5_31,seed_milpsnap_grid5x5_low_bw25.json,805,25,40,33,16.5217,0.0625,60.142,TIME_LIMIT(次佳解)
grid_5x5_31,seed_milpsnap_grid5x5_low_bw25.json,806,25,40,32,20.0,0.03260869565217391,60.133,TIME_LIMIT(次佳解)
grid_5x5_31,seed_milpsnap_grid5x5_low_bw25.json,807,25,40,32,19.1304,0.043010752688172046,60.135,TIME_LIMIT(次佳解)
grid_5x5_31,seed_milpsnap_grid5x5_low_bw25.json,808,25,40,32,20.8696,0.03296703296703297,60.134,TIME_LIMIT(次佳解)
grid_5x5_31,seed_milpsnap_grid5x5_low_bw25.json,809,25,40,33,20.0,0.07608695652173914,60.143,TIME_LIMIT(次佳解)
grid_5x5_31,seed_milpsnap_grid5x5_low_bw25.json,810,25,40,32,20.8696,0.02197802197802198,60.133,TIME_LIMIT(次佳解)
grid_5x5_31,seed_milpsnap_grid5x5_low_bw25.json,811,25,40,31,20.0,0.043478260869565216,60.131,TIME_LIMIT(次佳解)
grid_5x5_31,seed_milpsnap_grid5x5_low_bw25.json,812,25,40,29,20.8696,0.04395604395604396,60.123,TIME_LIMIT(次佳解)
grid_5x5_31,seed_milpsnap_grid5x5_low_bw25.json,813,25,40,29,25.2174,0.0,49.933,OPTIMAL
grid_5x5_31,seed_milpsnap_grid5x5_low_bw25.json,814,25,40,29,25.2174,0.0,31.146,OPTIMAL
grid_5x5_31,seed_milpsnap_grid5x5_low_bw25.json,815,25,40,28,25.2174,0.03488372093023256,60.119,TIME_LIMIT(次佳解)
grid_5x5_31,seed_milpsnap_grid5x5_low_bw25.json,816,25,40,26,29.5652,0.0,34.734,OPTIMAL
grid_5x5_31,seed_milpsnap_grid5x5_low_bw25.json,817,25,40,26,29.5652,0.0,43.259,OPTIMAL
grid_5x5_31,seed_milpsnap_grid5x5_low_bw25.json,818,25,40,24,32.1739,0.0,26.676,OPTIMAL
grid_5x5_31,seed_milpsnap_grid5x5_low_bw25.json,819,25,40,22,33.0435,0.0,27.299,OPTIMAL
grid_5x5_31,seed_milpsnap_grid5x5_low_bw25.json,820,25,40,21,33.0435,0.0,31.46,OPTIMAL
grid_5x5_31,seed_milpsnap_grid5x5_low_bw25.json,821,25,40,18,37.3913,0.0,13.115,OPTIMAL
grid_5x5_31,seed_milpsnap_grid5x5_low_bw25.json,822,25,40,19,35.6522,0.0,6.148,OPTIMAL
grid_5x5_31,seed_milpsnap_grid5x5_low_bw25.json,823,25,40,20,33.0435,0.0,12.005,OPTIMAL
grid_5x5_31,seed_milpsnap_grid5x5_low_bw25.json,824,25,40,19,33.913,0.0,12.721,OPTIMAL
grid_5x5_31,seed_milpsnap_grid5x5_low_bw25.json,825,25,40,19,36.5217,0.0,7.855,OPTIMAL
grid_5x5_31,seed_milpsnap_grid5x5_low_bw25.json,826,25,40,18,37.3913,0.0,8.282,OPTIMAL
grid_5x5_31,seed_milpsnap_grid5x5_low_bw25.json,827,25,40,17,40.0,0.0,4.902,OPTIMAL
grid_5x5_31,seed_milpsnap_grid5x5_low_bw25.json,828,25,40,17,40.8696,0.0,3.042,OPTIMAL
grid_5x5_31,seed_milpsnap_grid5x5_low_bw25.json,829,25,40,20,36.5217,0.0,5.115,OPTIMAL
grid_5x5_31,seed_milpsnap_grid5x5_low_bw25.json,830,25,40,21,33.0435,0.0,6.025,OPTIMAL
grid_5x5_31,seed_milpsnap_grid5x5_low_bw25.json,831,25,40,22,26.087,0.0,53.391,OPTIMAL
grid_5x5_31,seed_milpsnap_grid5x5_low_bw25.json,832,25,40,21,33.913,0.0,5.591,OPTIMAL
grid_5x5_31,seed_milpsnap_grid5x5_low_bw25.json,833,25,40,24,29.5652,0.0,10.921,OPTIMAL
grid_5x5_31,seed_milpsnap_grid5x5_low_bw25.json,834,25,40,26,25.2174,0.0,58.174,OPTIMAL
grid_5x5_31,seed_milpsnap_grid5x5_low_bw25.json,835,25,40,28,25.2174,0.0,51.876,OPTIMAL
grid_5x5_31,seed_milpsnap_grid5x5_low_bw25.json,836,25,40,31,24.3478,0.0,29.529,OPTIMAL
grid_5x5_31,seed_milpsnap_grid5x5_low_bw25.json,837,25,40,30,24.3478,0.04597701149425287,60.121,TIME_LIMIT(次佳解)
grid_5x5_31,seed_milpsnap_grid5x5_low_bw25.json,838,25,40,31,25.2174,0.0,36.972,OPTIMAL
grid_5x5_31,seed_milpsnap_grid5x5_low_bw25.json,839,25,40,34,21.7391,0.05555555555555555,60.139,TIME_LIMIT(次佳解)
grid_5x5_31,seed_milpsnap_grid5x5_low_bw25.json,840,25,40,35,20.8696,0.08791208791208792,60.144,TIME_LIMIT(次佳解)
grid_5x5_31,seed_milpsnap_grid5x5_low_bw25.json,841,25,40,37,20.0,0.06521739130434782,60.15,TIME_LIMIT(次佳解)
grid_5x5_31,seed_milpsnap_grid5x5_low_bw25.json,842,25,40,37,20.0,0.05434782608695652,60.156,TIME_LIMIT(次佳解)
grid_5x5_31,seed_milpsnap_grid5x5_low_bw25.json,843,25,40,37,16.5217,0.08333333333333333,60.183,TIME_LIMIT(次佳解)
grid_5x5_31,seed_milpsnap_grid5x5_low_bw25.json,844,25,40,37,16.5217,0.125,60.151,TIME_LIMIT(次佳解)
grid_5x5_31,seed_milpsnap_grid5x5_low_bw25.json,845,25,40,36,20.8696,0.07692307692307693,60.152,TIME_LIMIT(次佳解)
grid_5x5_31,seed_milpsnap_grid5x5_low_bw25.json,846,25,40,34,24.3478,0.06896551724137931,60.139,TIME_LIMIT(次佳解)
grid_5x5_31,seed_milpsnap_grid5x5_low_bw25.json,847,25,40,36,20.0,0.043478260869565216,60.149,TIME_LIMIT(次佳解)
grid_5x5_31,seed_milpsnap_grid5x5_low_bw25.json,848,25,40,36,20.0,0.043478260869565216,60.149,TIME_LIMIT(次佳解)
grid_5x5_31,seed_milpsnap_grid5x5_low_bw25.json,849,25,40,34,24.3478,0.0,39.931,OPTIMAL
grid_5x5_31,seed_milpsnap_grid5x5_low_bw25.json,850,25,40,31,25.2174,0.03488372093023256,60.13,TIME_LIMIT(次佳解)
grid_5x5_31,seed_milpsnap_grid5x5_low_bw25.json,851,25,40,30,25.2174,0.05813953488372093,60.125,TIME_LIMIT(次佳解)
grid_5x5_31,seed_milpsnap_grid5x5_low_bw25.json,852,25,40,30,28.6957,0.0,21.866,OPTIMAL
grid_5x5_31,seed_milpsnap_grid5x5_low_bw25.json,853,25,40,30,25.2174,0.0,49.461,OPTIMAL
grid_5x5_31,seed_milpsnap_grid5x5_low_bw25.json,854,25,40,28,26.087,0.0,55.047,OPTIMAL
grid_5x5_31,seed_milpsnap_grid5x5_low_bw25.json,855,25,40,28,26.087,0.0,51.314,OPTIMAL
grid_5x5_31,seed_milpsnap_grid5x5_low_bw25.json,856,25,40,29,25.2174,0.0,31.075,OPTIMAL
grid_5x5_31,seed_milpsnap_grid5x5_low_bw25.json,857,25,40,30,25.2174,0.0,42.506,OPTIMAL
grid_5x5_31,seed_milpsnap_grid5x5_low_bw25.json,858,25,40,31,24.3478,0.0,46.417,OPTIMAL
grid_5x5_31,seed_milpsnap_grid5x5_low_bw25.json,859,25,40,31,25.2174,0.0,29.292,OPTIMAL
grid_5x5_31,seed_milpsnap_grid5x5_low_bw25.json,860,25,40,33,24.3478,0.0,27.147,OPTIMAL
grid_5x5_31,seed_milpsnap_grid5x5_low_bw25.json,861,25,40,34,24.3478,0.0,24.746,OPTIMAL
grid_5x5_31,seed_milpsnap_grid5x5_low_bw25.json,862,25,40,31,28.6957,0.0,12.322,OPTIMAL
grid_5x5_31,seed_milpsnap_grid5x5_low_bw25.json,863,25,40,30,28.6957,0.0,13.604,OPTIMAL
grid_5x5_31,seed_milpsnap_grid5x5_low_bw25.json,864,25,40,33,24.3478,0.0,24.944,OPTIMAL
grid_5x5_31,seed_milpsnap_grid5x5_low_bw25.json,865,25,40,36,20.0,0.0,44.533,OPTIMAL
grid_5x5_31,seed_milpsnap_grid5x5_low_bw25.json,866,25,40,34,20.8696,0.04395604395604396,60.145,TIME_LIMIT(次佳解)
grid_5x5_31,seed_milpsnap_grid5x5_low_bw25.json,867,25,40,35,24.3478,0.0,20.561,OPTIMAL
grid_5x5_31,seed_milpsnap_grid5x5_low_bw25.json,868,25,40,35,20.8696,0.04395604395604396,60.149,TIME_LIMIT(次佳解)
grid_5x5_31,seed_milpsnap_grid5x5_low_bw25.json,869,25,40,34,20.8696,0.04395604395604396,60.166,TIME_LIMIT(次佳解)
grid_5x5_31,seed_milpsnap_grid5x5_low_bw25.json,870,25,40,34,20.8696,0.0,52.433,OPTIMAL
grid_5x5_31,seed_milpsnap_grid5x5_low_bw25.json,871,25,40,31,25.2174,0.0,58.214,OPTIMAL
grid_5x5_31,seed_milpsnap_grid5x5_low_bw25.json,872,25,40,30,28.6957,0.0,16.936,OPTIMAL
grid_5x5_31,seed_milpsnap_grid5x5_low_bw25.json,873,25,40,28,33.0435,0.0,8.86,OPTIMAL
grid_5x5_31,seed_milpsnap_grid5x5_low_bw25.json,874,25,40,26,32.1739,0.0,13.322,OPTIMAL
grid_5x5_31,seed_milpsnap_grid5x5_low_bw25.json,875,25,40,24,33.0435,0.0,14.301,OPTIMAL
grid_5x5_31,seed_milpsnap_grid5x5_low_bw25.json,876,25,40,24,33.0435,0.0,15.521,OPTIMAL
grid_5x5_31,seed_milpsnap_grid5x5_low_bw25.json,877,25,40,26,33.0435,0.0,12.084,OPTIMAL
grid_5x5_31,seed_milpsnap_grid5x5_low_bw25.json,878,25,40,27,33.0435,0.0,12.962,OPTIMAL
grid_5x5_31,seed_milpsnap_grid5x5_low_bw25.json,879,25,40,1,83.4783,0.0,0.015,OPTIMAL
grid_5x5_31,seed_milpsnap_grid5x5_low_bw25.json,880,25,40,2,69.5652,0.0,0.022,OPTIMAL
grid_5x5_31,seed_milpsnap_grid5x5_low_bw25.json,881,25,40,4,62.6087,0.0,0.069,OPTIMAL
grid_5x5_31,seed_milpsnap_grid5x5_low_bw25.json,882,25,40,5,55.6522,0.0,0.213,OPTIMAL
grid_5x5_31,seed_milpsnap_grid5x5_low_bw25.json,883,25,40,7,52.1739,0.0,0.149,OPTIMAL
grid_5x5_31,seed_milpsnap_grid5x5_low_bw25.json,884,25,40,8,48.6957,0.0,0.172,OPTIMAL
grid_5x5_31,seed_milpsnap_grid5x5_low_bw25.json,885,25,40,9,48.6957,0.0,0.193,OPTIMAL
grid_5x5_31,seed_milpsnap_grid5x5_low_bw25.json,886,25,40,12,48.6957,0.0,0.155,OPTIMAL
grid_5x5_31,seed_milpsnap_grid5x5_low_bw25.json,887,25,40,13,45.2174,0.0,0.742,OPTIMAL
grid_5x5_31,seed_milpsnap_grid5x5_low_bw25.json,888,25,40,16,44.3478,0.0,0.726,OPTIMAL
grid_5x5_31,seed_milpsnap_grid5x5_low_bw25.json,889,25,40,21,37.3913,0.0,4.049,OPTIMAL
grid_5x5_31,seed_milpsnap_grid5x5_low_bw25.json,890,25,40,22,33.913,0.0,11.41,OPTIMAL
grid_5x5_31,seed_milpsnap_grid5x5_low_bw25.json,891,25,40,23,33.0435,0.0,17.255,OPTIMAL
grid_5x5_31,seed_milpsnap_grid5x5_low_bw25.json,892,25,40,25,33.0435,0.0,7.012,OPTIMAL
grid_5x5_31,seed_milpsnap_grid5x5_low_bw25.json,893,25,40,24,33.0435,0.0,10.439,OPTIMAL
grid_5x5_31,seed_milpsnap_grid5x5_low_bw25.json,894,25,40,27,29.5652,0.0,15.417,OPTIMAL
grid_5x5_31,seed_milpsnap_grid5x5_low_bw25.json,895,25,40,27,29.5652,0.0,15.62,OPTIMAL
grid_5x5_31,seed_milpsnap_grid5x5_low_bw25.json,896,25,40,26,26.087,0.0,50.306,OPTIMAL
grid_5x5_31,seed_milpsnap_grid5x5_low_bw25.json,897,25,40,28,28.6957,0.0,38.078,OPTIMAL
grid_5x5_31,seed_milpsnap_grid5x5_low_bw25.json,898,25,40,27,28.6957,0.0,27.304,OPTIMAL
grid_5x5_31,seed_milpsnap_grid5x5_low_bw25.json,899,25,40,30,25.2174,0.0,50.715,OPTIMAL
grid_5x5_31,seed_milpsnap_grid5x5_low_bw25.json,900,25,40,29,28.6957,0.0,15.976,OPTIMAL
grid_5x5_31,seed_milpsnap_grid5x5_low_bw25.json,901,25,40,27,29.5652,0.0,19.683,OPTIMAL
grid_5x5_31,seed_milpsnap_grid5x5_low_bw25.json,902,25,40,28,29.5652,0.0,17.872,OPTIMAL
grid_5x5_31,seed_milpsnap_grid5x5_low_bw25.json,903,25,40,26,29.5652,0.0,20.301,OPTIMAL
grid_5x5_31,seed_milpsnap_grid5x5_low_bw25.json,904,25,40,22,36.5217,0.0,5.739,OPTIMAL
grid_5x5_31,seed_milpsnap_grid5x5_low_bw25.json,905,25,40,21,40.0,0.0,2.909,OPTIMAL
grid_5x5_31,seed_milpsnap_grid5x5_low_bw25.json,906,25,40,21,40.0,0.0,2.53,OPTIMAL
grid_5x5_31,seed_milpsnap_grid5x5_low_bw25.json,907,25,40,21,40.8696,0.0,3.087,OPTIMAL
grid_5x5_31,seed_milpsnap_grid5x5_low_bw25.json,908,25,40,23,40.0,0.0,4.137,OPTIMAL
grid_5x5_31,seed_milpsnap_grid5x5_low_bw25.json,909,25,40,24,36.5217,0.0,8.338,OPTIMAL
grid_5x5_31,seed_milpsnap_grid5x5_low_bw25.json,910,25,40,23,40.0,0.0,2.813,OPTIMAL
grid_5x5_31,seed_milpsnap_grid5x5_low_bw25.json,911,25,40,23,36.5217,0.0,13.915,OPTIMAL
grid_5x5_31,seed_milpsnap_grid5x5_low_bw25.json,912,25,40,21,36.5217,0.0,4.97,OPTIMAL
grid_5x5_31,seed_milpsnap_grid5x5_low_bw25.json,913,25,40,22,33.913,0.0,6.575,OPTIMAL
grid_5x5_31,seed_milpsnap_grid5x5_low_bw25.json,914,25,40,19,37.3913,0.0,4.402,OPTIMAL
grid_5x5_31,seed_milpsnap_grid5x5_low_bw25.json,915,25,40,21,33.913,0.0,6.222,OPTIMAL
grid_5x5_31,seed_milpsnap_grid5x5_low_bw25.json,916,25,40,20,33.913,0.0,7.956,OPTIMAL
grid_5x5_31,seed_milpsnap_grid5x5_low_bw25.json,917,25,40,18,37.3913,0.0,3.661,OPTIMAL
grid_5x5_31,seed_milpsnap_grid5x5_low_bw25.json,918,25,40,20,33.0435,0.0,11.348,OPTIMAL
grid_5x5_31,seed_milpsnap_grid5x5_low_bw25.json,919,25,40,20,33.913,0.0,10.622,OPTIMAL
grid_5x5_31,seed_milpsnap_grid5x5_low_bw25.json,920,25,40,22,32.1739,0.0,8.925,OPTIMAL
grid_5x5_31,seed_milpsnap_grid5x5_low_bw25.json,921,25,40,22,32.1739,0.0,12.952,OPTIMAL
grid_5x5_31,seed_milpsnap_grid5x5_low_bw25.json,922,25,40,23,28.6957,0.0,26.876,OPTIMAL
grid_5x5_31,seed_milpsnap_grid5x5_low_bw25.json,923,25,40,22,29.5652,0.0,18.136,OPTIMAL
grid_5x5_31,seed_milpsnap_grid5x5_low_bw25.json,924,25,40,18,36.5217,0.0,10.158,OPTIMAL
grid_5x5_31,seed_milpsnap_grid5x5_low_bw25.json,925,25,40,19,36.5217,0.0,7.461,OPTIMAL
grid_5x5_31,seed_milpsnap_grid5x5_low_bw25.json,926,25,40,21,33.0435,0.0,17.731,OPTIMAL
grid_5x5_31,seed_milpsnap_grid5x5_low_bw25.json,927,25,40,24,29.5652,0.0,34.209,OPTIMAL
grid_5x5_31,seed_milpsnap_grid5x5_low_bw25.json,928,25,40,24,28.6957,0.0,30.068,OPTIMAL
grid_5x5_31,seed_milpsnap_grid5x5_low_bw25.json,929,25,40,25,25.2174,0.0,50.981,OPTIMAL
grid_5x5_31,seed_milpsnap_grid5x5_low_bw25.json,930,25,40,25,26.087,0.0,50.392,OPTIMAL
grid_5x5_31,seed_milpsnap_grid5x5_low_bw25.json,931,25,40,26,25.2174,0.0,50.386,OPTIMAL
grid_5x5_31,seed_milpsnap_grid5x5_low_bw25.json,932,25,40,28,24.3478,0.0,52.932,OPTIMAL
grid_5x5_31,seed_milpsnap_grid5x5_low_bw25.json,933,25,40,26,25.2174,0.0,52.45,OPTIMAL
grid_5x5_31,seed_milpsnap_grid5x5_low_bw25.json,934,25,40,29,24.3478,0.0,36.442,OPTIMAL
grid_5x5_31,seed_milpsnap_grid5x5_low_bw25.json,935,25,40,29,24.3478,0.0,36.196,OPTIMAL
grid_5x5_31,seed_milpsnap_grid5x5_low_bw25.json,936,25,40,30,23.4783,0.0,34.53,OPTIMAL
grid_5x5_31,seed_milpsnap_grid5x5_low_bw25.json,937,25,40,29,24.3478,0.0,40.503,OPTIMAL
grid_5x5_31,seed_milpsnap_grid5x5_low_bw25.json,938,25,40,30,24.3478,0.0,55.402,OPTIMAL
grid_5x5_31,seed_milpsnap_grid5x5_low_bw25.json,939,25,40,33,20.0,0.043478260869565216,60.155,TIME_LIMIT(次佳解)
grid_5x5_31,seed_milpsnap_grid5x5_low_bw25.json,940,25,40,35,17.3913,0.06315789473684211,60.148,TIME_LIMIT(次佳解)
grid_5x5_31,seed_milpsnap_grid5x5_low_bw25.json,941,25,40,33,20.0,0.06521739130434782,60.137,TIME_LIMIT(次佳解)
grid_5x5_31,seed_milpsnap_grid5x5_low_bw25.json,942,25,40,31,24.3478,0.0,43.015,OPTIMAL
grid_5x5_31,seed_milpsnap_grid5x5_low_bw25.json,943,25,40,31,25.2174,0.0,60.194,TIME_LIMIT(次佳解)
grid_5x5_31,seed_milpsnap_grid5x5_low_bw25.json,944,25,40,31,24.3478,0.0,49.18,OPTIMAL
grid_5x5_31,seed_milpsnap_grid5x5_low_bw25.json,945,25,40,31,24.3478,0.0,50.229,OPTIMAL
grid_5x5_31,seed_milpsnap_grid5x5_low_bw25.json,946,25,40,32,23.4783,0.011363636363636364,60.15,TIME_LIMIT(次佳解)
grid_5x5_31,seed_milpsnap_grid5x5_low_bw25.json,947,25,40,36,15.6522,0.09278350515463918,60.146,TIME_LIMIT(次佳解)
grid_5x5_31,seed_milpsnap_grid5x5_low_bw25.json,948,25,40,37,12.1739,0.1188118811881188,60.155,TIME_LIMIT(次佳解)
grid_5x5_31,seed_milpsnap_grid5x5_low_bw25.json,949,25,40,34,16.5217,0.052083333333333336,60.142,TIME_LIMIT(次佳解)
grid_5x5_31,seed_milpsnap_grid5x5_low_bw25.json,950,25,40,34,15.6522,0.08247422680412371,60.143,TIME_LIMIT(次佳解)
grid_5x5_31,seed_milpsnap_grid5x5_low_bw25.json,951,25,40,35,15.6522,0.07216494845360824,60.141,TIME_LIMIT(次佳解)
grid_5x5_31,seed_milpsnap_grid5x5_low_bw25.json,952,25,40,34,14.7826,0.08163265306122448,60.14,TIME_LIMIT(次佳解)
grid_5x5_31,seed_milpsnap_grid5x5_low_bw25.json,953,25,40,33,18.2609,0.0425531914893617,60.135,TIME_LIMIT(次佳解)
grid_5x5_31,seed_milpsnap_grid5x5_low_bw25.json,954,25,40,32,20.0,0.03260869565217391,60.133,TIME_LIMIT(次佳解)
grid_5x5_31,seed_milpsnap_grid5x5_low_bw25.json,955,25,40,34,13.913,0.09090909090909091,60.146,TIME_LIMIT(次佳解)
grid_5x5_31,seed_milpsnap_grid5x5_low_bw25.json,956,25,40,35,12.1739,0.07920792079207921,60.146,TIME_LIMIT(次佳解)
grid_5x5_31,seed_milpsnap_grid5x5_low_bw25.json,957,25,40,33,15.6522,0.07216494845360824,60.142,TIME_LIMIT(次佳解)
grid_5x5_31,seed_milpsnap_grid5x5_low_bw25.json,958,25,40,32,16.5217,0.10416666666666667,60.132,TIME_LIMIT(次佳解)
grid_5x5_31,seed_milpsnap_grid5x5_low_bw25.json,959,25,40,33,16.5217,0.08333333333333333,60.136,TIME_LIMIT(次佳解)
grid_5x5_31,seed_milpsnap_grid5x5_low_bw25.json,960,25,40,34,16.5217,0.0625,60.167,TIME_LIMIT(次佳解)
grid_5x5_31,seed_milpsnap_grid5x5_low_bw25.json,961,25,40,36,13.913,0.0707070707070707,60.148,TIME_LIMIT(次佳解)
grid_5x5_31,seed_milpsnap_grid5x5_low_bw25.json,962,25,40,31,24.3478,0.0,31.816,OPTIMAL
grid_5x5_31,seed_milpsnap_grid5x5_low_bw25.json,963,25,40,31,24.3478,0.0,31.83,OPTIMAL
grid_5x5_31,seed_milpsnap_grid5x5_low_bw25.json,964,25,40,33,24.3478,0.0,38.192,OPTIMAL
grid_5x5_31,seed_milpsnap_grid5x5_low_bw25.json,965,25,40,34,18.2609,0.0851063829787234,60.14,TIME_LIMIT(次佳解)
grid_5x5_31,seed_milpsnap_grid5x5_low_bw25.json,966,25,40,34,16.5217,0.07291666666666667,60.14,TIME_LIMIT(次佳解)
grid_5x5_31,seed_milpsnap_grid5x5_low_bw25.json,967,25,40,41,12.1739,0.0891089108910891,60.162,TIME_LIMIT(次佳解)
grid_5x5_31,seed_milpsnap_grid5x5_low_bw25.json,968,25,40,44,9.5652,0.10576923076923077,60.184,TIME_LIMIT(次佳解)
grid_5x5_31,seed_milpsnap_grid5x5_low_bw25.json,969,25,40,43,9.5652,0.10576923076923077,60.171,TIME_LIMIT(次佳解)
grid_5x5_31,seed_milpsnap_grid5x5_low_bw25.json,970,25,40,41,12.1739,0.0891089108910891,60.17,TIME_LIMIT(次佳解)
grid_5x5_31,seed_milpsnap_grid5x5_low_bw25.json,971,25,40,39,14.7826,0.07142857142857142,60.191,TIME_LIMIT(次佳解)
grid_5x5_31,seed_milpsnap_grid5x5_low_bw25.json,972,25,40,43,10.4348,0.06796116504854369,60.169,TIME_LIMIT(次佳解)
grid_5x5_31,seed_milpsnap_grid5x5_low_bw25.json,973,25,40,43,10.4348,0.10679611650485436,60.18,TIME_LIMIT(次佳解)
grid_5x5_31,seed_milpsnap_grid5x5_low_bw25.json,974,25,40,44,8.6957,0.05714285714285714,60.18,TIME_LIMIT(次佳解)
grid_5x5_31,seed_milpsnap_grid5x5_low_bw25.json,975,25,40,44,5.2174,0.10091743119266056,60.183,TIME_LIMIT(次佳解)
grid_5x5_31,seed_milpsnap_grid5x5_low_bw25.json,976,25,40,43,11.3043,0.05882352130051534,60.184,TIME_LIMIT(次佳解)
grid_5x5_31,seed_milpsnap_grid5x5_low_bw25.json,977,25,40,43,9.5652,0.09615384615384616,60.176,TIME_LIMIT(次佳解)
grid_5x5_31,seed_milpsnap_grid5x5_low_bw25.json,978,25,40,44,10.4348,0.10679611650485436,60.229,TIME_LIMIT(次佳解)
grid_5x5_31,seed_milpsnap_grid5x5_low_bw25.json,979,25,40,47,9.5652,0.04807692307692308,60.195,TIME_LIMIT(次佳解)
grid_5x5_31,seed_milpsnap_grid5x5_low_bw25.json,980,25,40,45,10.4348,0.05825242718446602,60.191,TIME_LIMIT(次佳解)
grid_5x5_31,seed_milpsnap_grid5x5_low_bw25.json,981,25,40,43,15.6522,0.041237113402061855,60.181,TIME_LIMIT(次佳解)
grid_5x5_31,seed_milpsnap_grid5x5_low_bw25.json,982,25,40,37,16.5217,0.09375,60.189,TIME_LIMIT(次佳解)
grid_5x5_31,seed_milpsnap_grid5x5_low_bw25.json,983,25,40,37,17.3913,0.08421052631578947,60.183,TIME_LIMIT(次佳解)
grid_5x5_31,seed_milpsnap_grid5x5_low_bw25.json,984,25,40,38,16.5217,0.08333333333333333,60.16,TIME_LIMIT(次佳解)
grid_5x5_31,seed_milpsnap_grid5x5_low_bw25.json,985,25,40,36,25.2174,0.0,37.011,OPTIMAL
grid_5x5_31,seed_milpsnap_grid5x5_low_bw25.json,986,25,40,38,16.5217,0.09375,60.161,TIME_LIMIT(次佳解)
grid_5x5_31,seed_milpsnap_grid5x5_low_bw25.json,987,25,40,36,18.2609,0.09574468085106383,60.158,TIME_LIMIT(次佳解)
grid_5x5_31,seed_milpsnap_grid5x5_low_bw25.json,988,25,40,36,20.8696,0.06593406593406594,60.148,TIME_LIMIT(次佳解)
grid_5x5_31,seed_milpsnap_grid5x5_low_bw25.json,989,25,40,33,29.5652,0.0,13.801,OPTIMAL
grid_5x5_31,seed_milpsnap_grid5x5_low_bw25.json,990,25,40,31,33.0435,0.0,10.011,OPTIMAL
grid_5x5_31,seed_milpsnap_grid5x5_low_bw25.json,991,25,40,28,33.0435,0.0,12.949,OPTIMAL
grid_5x5_31,seed_milpsnap_grid5x5_low_bw25.json,992,25,40,30,29.5652,0.0,22.715,OPTIMAL
grid_5x5_31,seed_milpsnap_grid5x5_low_bw25.json,993,25,40,27,29.5652,0.0,42.054,OPTIMAL
grid_5x5_31,seed_milpsnap_grid5x5_low_bw25.json,994,25,40,21,44.3478,0.0,2.591,OPTIMAL
grid_5x5_31,seed_milpsnap_grid5x5_low_bw25.json,995,25,40,22,33.0435,0.0,7.35,OPTIMAL
grid_5x5_31,seed_milpsnap_grid5x5_low_bw25.json,996,25,40,21,33.0435,0.0,15.604,OPTIMAL
grid_5x5_31,seed_milpsnap_grid5x5_low_bw25.json,997,25,40,24,26.087,0.0,46.495,OPTIMAL
grid_5x5_31,seed_milpsnap_grid5x5_low_bw25.json,998,25,40,21,29.5652,0.0,40.861,OPTIMAL
grid_5x5_31,seed_milpsnap_grid5x5_low_bw25.json,999,25,40,22,26.087,0.0,41.23,OPTIMAL
grid_5x5_31,seed_milpsnap_grid5x5_low_bw25.json,1000,25,40,21,26.087,0.0,45.156,OPTIMAL
grid_5x5_31,seed_milpsnap_grid5x5_low_bw25.json,1001,25,40,23,25.2174,0.0,56.865,OPTIMAL
grid_5x5_31,seed_milpsnap_grid5x5_low_bw25.json,1002,25,40,22,25.2174,0.023255813953488372,60.095,TIME_LIMIT(次佳解)
grid_5x5_31,seed_milpsnap_grid5x5_low_bw25.json,1003,25,40,23,25.2174,0.0,46.557,OPTIMAL
grid_5x5_31,seed_milpsnap_grid5x5_low_bw25.json,1004,25,40,24,25.2174,0.0,33.678,OPTIMAL
grid_5x5_31,seed_milpsnap_grid5x5_low_bw25.json,1005,25,40,24,25.2174,0.0,42.531,OPTIMAL
grid_5x5_31,seed_milpsnap_grid5x5_low_bw25.json,1006,25,40,25,25.2174,0.0,40.297,OPTIMAL
grid_5x5_31,seed_milpsnap_grid5x5_low_bw25.json,1007,25,40,22,26.087,0.0,46.316,OPTIMAL
grid_5x5_31,seed_milpsnap_grid5x5_low_bw25.json,1008,25,40,23,26.087,0.0,53.098,OPTIMAL
grid_5x5_31,seed_milpsnap_grid5x5_low_bw25.json,1009,25,40,22,29.5652,0.0,20.702,OPTIMAL
grid_5x5_31,seed_milpsnap_grid5x5_low_bw25.json,1010,25,40,24,28.6957,0.0,20.185,OPTIMAL
grid_5x5_31,seed_milpsnap_grid5x5_low_bw25.json,1011,25,40,22,33.0435,0.0,7.539,OPTIMAL
grid_5x5_31,seed_milpsnap_grid5x5_low_bw25.json,1012,25,40,24,26.087,0.0,47.673,OPTIMAL
grid_5x5_31,seed_milpsnap_grid5x5_low_bw25.json,1013,25,40,24,33.0435,0.0,7.891,OPTIMAL
grid_5x5_31,seed_milpsnap_grid5x5_low_bw25.json,1014,25,40,22,33.0435,0.0,16.145,OPTIMAL
grid_5x5_31,seed_milpsnap_grid5x5_low_bw25.json,1015,25,40,21,37.3913,0.0,10.44,OPTIMAL
grid_5x5_31,seed_milpsnap_grid5x5_low_bw25.json,1016,25,40,19,44.3478,0.0,3.088,OPTIMAL
grid_5x5_31,seed_milpsnap_grid5x5_low_bw25.json,1017,25,40,18,37.3913,0.0,20.138,OPTIMAL
grid_5x5_31,seed_milpsnap_grid5x5_low_bw25.json,1018,25,40,20,32.1739,0.0,12.371,OPTIMAL
grid_5x5_31,seed_milpsnap_grid5x5_low_bw25.json,1019,25,40,20,33.0435,0.0,6.511,OPTIMAL
grid_5x5_31,seed_milpsnap_grid5x5_low_bw25.json,1020,25,40,23,28.6957,0.0,36.113,OPTIMAL
grid_5x5_31,seed_milpsnap_grid5x5_low_bw25.json,1021,25,40,24,28.6957,0.0,29.971,OPTIMAL
grid_5x5_31,seed_milpsnap_grid5x5_low_bw25.json,1022,25,40,26,28.6957,0.0,15.669,OPTIMAL
grid_5x5_31,seed_milpsnap_grid5x5_low_bw25.json,1023,25,40,24,29.5652,0.0,20.375,OPTIMAL
grid_5x5_31,seed_milpsnap_grid5x5_low_bw25.json,1024,25,40,23,33.0435,0.0,6.727,OPTIMAL
grid_5x5_31,seed_milpsnap_grid5x5_low_bw25.json,1025,25,40,24,29.5652,0.0,22.517,OPTIMAL
grid_5x5_31,seed_milpsnap_grid5x5_low_bw25.json,1026,25,40,1,80.0,0.0,0.012,OPTIMAL
grid_5x5_31,seed_milpsnap_grid5x5_low_bw25.json,1027,25,40,3,62.6087,0.0,0.06,OPTIMAL
grid_5x5_31,seed_milpsnap_grid5x5_low_bw25.json,1028,25,40,8,48.6957,0.0,0.206,OPTIMAL
grid_5x5_31,seed_milpsnap_grid5x5_low_bw25.json,1029,25,40,9,48.6957,0.0,0.256,OPTIMAL
grid_5x5_31,seed_milpsnap_grid5x5_low_bw25.json,1030,25,40,12,48.6957,0.0,0.249,OPTIMAL
grid_5x5_31,seed_milpsnap_grid5x5_low_bw25.json,1031,25,40,14,48.6957,0.0,0.334,OPTIMAL
grid_5x5_31,seed_milpsnap_grid5x5_low_bw25.json,1032,25,40,17,44.3478,0.0,3.604,OPTIMAL
grid_5x5_31,seed_milpsnap_grid5x5_low_bw25.json,1033,25,40,19,44.3478,0.0,2.769,OPTIMAL
grid_5x5_31,seed_milpsnap_grid5x5_low_bw25.json,1034,25,40,20,44.3478,0.0,1.797,OPTIMAL
grid_5x5_31,seed_milpsnap_grid5x5_low_bw25.json,1035,25,40,22,44.3478,0.0,1.016,OPTIMAL
grid_5x5_31,seed_milpsnap_grid5x5_low_bw25.json,1036,25,40,26,33.913,0.0,8.406,OPTIMAL
grid_5x5_31,seed_milpsnap_grid5x5_low_bw25.json,1037,25,40,30,28.6957,0.0,15.096,OPTIMAL
grid_5x5_31,seed_milpsnap_grid5x5_low_bw25.json,1038,25,40,33,26.087,0.0,57.185,OPTIMAL
grid_5x5_31,seed_milpsnap_grid5x5_low_bw25.json,1039,25,40,36,24.3478,0.0,30.763,OPTIMAL
grid_5x5_31,seed_milpsnap_grid5x5_low_bw25.json,1040,25,40,37,24.3478,0.0,55.211,OPTIMAL
grid_5x5_31,seed_milpsnap_grid5x5_low_bw25.json,1041,25,40,36,24.3478,0.0,31.884,OPTIMAL
grid_5x5_31,seed_milpsnap_grid5x5_low_bw25.json,1042,25,40,38,20.0,0.021739130434782608,60.157,TIME_LIMIT(次佳解)
grid_5x5_31,seed_milpsnap_grid5x5_low_bw25.json,1043,25,40,36,20.8696,0.02197802197802198,60.163,TIME_LIMIT(次佳解)
grid_5x5_31,seed_milpsnap_grid5x5_low_bw25.json,1044,25,40,37,20.0,0.021739130434782608,60.15,TIME_LIMIT(次佳解)
grid_5x5_31,seed_milpsnap_grid5x5_low_bw25.json,1045,25,40,36,20.0,0.03260869565217391,60.151,TIME_LIMIT(次佳解)
grid_5x5_31,seed_milpsnap_grid5x5_low_bw25.json,1046,25,40,36,20.0,0.03260869565217391,60.148,TIME_LIMIT(次佳解)
grid_5x5_31,seed_milpsnap_grid5x5_low_bw25.json,1047,25,40,33,20.8696,0.054945054945054944,60.162,TIME_LIMIT(次佳解)
grid_5x5_31,seed_milpsnap_grid5x5_low_bw25.json,1048,25,40,32,24.3478,0.0,59.003,OPTIMAL
grid_5x5_31,seed_milpsnap_grid5x5_low_bw25.json,1049,25,40,31,24.3478,0.04597701149425287,60.13,TIME_LIMIT(次佳解)
grid_5x5_31,seed_milpsnap_grid5x5_low_bw25.json,1050,25,40,32,20.8696,0.054945054945054944,60.142,TIME_LIMIT(次佳解)
grid_5x5_31,seed_milpsnap_grid5x5_low_bw25.json,1051,25,40,30,20.8696,0.03296703296703297,60.129,TIME_LIMIT(次佳解)
grid_5x5_31,seed_milpsnap_grid5x5_low_bw25.json,1052,25,40,30,17.3913,0.09473684210526316,60.127,TIME_LIMIT(次佳解)
grid_5x5_31,seed_milpsnap_grid5x5_low_bw25.json,1053,25,40,30,20.8696,0.0,50.847,OPTIMAL
grid_5x5_31,seed_milpsnap_grid5x5_low_bw25.json,1054,25,40,31,20.0,0.03260869565217391,60.222,TIME_LIMIT(次佳解)
grid_5x5_31,seed_milpsnap_grid5x5_low_bw25.json,1055,25,40,31,17.3913,0.2,60.294,TIME_LIMIT(次佳解)
grid_5x5_31,seed_milpsnap_grid5x5_low_bw25.json,1056,25,40,37,12.1739,0.1188118811881188,60.178,TIME_LIMIT(次佳解)
grid_5x5_31,seed_milpsnap_grid5x5_low_bw25.json,1057,25,40,38,6.9565,0.08411214953271028,60.179,TIME_LIMIT(次佳解)
grid_5x5_31,seed_milpsnap_grid5x5_low_bw25.json,1058,25,40,36,11.3043,0.06862745098039216,60.186,TIME_LIMIT(次佳解)
grid_5x5_31,seed_milpsnap_grid5x5_low_bw25.json,1059,25,40,38,13.913,0.10101010101010101,60.193,TIME_LIMIT(次佳解)
grid_5x5_31,seed_milpsnap_grid5x5_low_bw25.json,1060,25,40,38,14.7826,0.08163265306122448,60.154,TIME_LIMIT(次佳解)
grid_5x5_31,seed_milpsnap_grid5x5_low_bw25.json,1061,25,40,37,14.7826,0.07142857142857142,60.169,TIME_LIMIT(次佳解)
grid_5x5_31,seed_milpsnap_grid5x5_low_bw25.json,1062,25,40,38,13.913,0.0707070707070707,60.183,TIME_LIMIT(次佳解)
grid_5x5_31,seed_milpsnap_grid5x5_low_bw25.json,1063,25,40,41,6.087,0.1111111111111111,60.163,TIME_LIMIT(次佳解)
grid_5x5_31,seed_milpsnap_grid5x5_low_bw25.json,1064,25,40,43,5.2174,0.11009174311926606,60.187,TIME_LIMIT(次佳解)
grid_5x5_31,seed_milpsnap_grid5x5_low_bw25.json,1065,25,40,41,7.8261,0.1320754716981132,60.187,TIME_LIMIT(次佳解)
grid_5x5_31,seed_milpsnap_grid5x5_low_bw25.json,1066,25,40,43,6.9565,0.1308411214953271,60.198,TIME_LIMIT(次佳解)
grid_5x5_31,seed_milpsnap_grid5x5_low_bw25.json,1067,25,40,41,10.4348,0.08737864077669903,60.169,TIME_LIMIT(次佳解)
grid_5x5_31,seed_milpsnap_grid5x5_low_bw25.json,1068,25,40,42,nan,,0.423,no feasible solution found
grid_5x5_31,seed_milpsnap_grid5x5_low_bw25.json,1069,25,40,41,7.8261,0.08490566037735849,60.202,TIME_LIMIT(次佳解)
grid_5x5_31,seed_milpsnap_grid5x5_low_bw25.json,1070,25,40,39,13.0435,0.06,60.217,TIME_LIMIT(次佳解)
grid_5x5_31,seed_milpsnap_grid5x5_low_bw25.json,1071,25,40,32,19.1304,0.053763440860215055,60.196,TIME_LIMIT(次佳解)
grid_5x5_31,seed_milpsnap_grid5x5_low_bw25.json,1072,25,40,31,24.3478,0.034482758620689655,60.139,TIME_LIMIT(次佳解)
grid_5x5_31,seed_milpsnap_grid5x5_low_bw25.json,1073,25,40,30,27.8261,0.0,31.451,OPTIMAL
grid_5x5_31,seed_milpsnap_grid5x5_low_bw25.json,1074,25,40,28,28.6957,0.0,30.561,OPTIMAL
grid_5x5_31,seed_milpsnap_grid5x5_low_bw25.json,1075,25,40,26,28.6957,0.0,38.162,OPTIMAL
grid_5x5_31,seed_milpsnap_grid5x5_low_bw25.json,1076,25,40,27,26.087,0.0,47.381,OPTIMAL
grid_5x5_31,seed_milpsnap_grid5x5_low_bw25.json,1077,25,40,27,29.5652,0.0,26.475,OPTIMAL
grid_5x5_31,seed_milpsnap_grid5x5_low_bw25.json,1078,25,40,24,29.5652,0.0,46.328,OPTIMAL
grid_5x5_31,seed_milpsnap_grid5x5_low_bw25.json,1079,25,40,26,33.0435,0.0,11.952,OPTIMAL
grid_5x5_31,seed_milpsnap_grid5x5_low_bw25.json,1080,25,40,26,40.8696,0.0,4.862,OPTIMAL
grid_5x5_31,seed_milpsnap_grid5x5_low_bw25.json,1081,25,40,25,40.0,0.0,4.037,OPTIMAL
grid_5x5_31,seed_milpsnap_grid5x5_low_bw25.json,1082,25,40,27,33.913,0.0,13.536,OPTIMAL
grid_5x5_31,seed_milpsnap_grid5x5_low_bw25.json,1083,25,40,24,33.913,0.0,9.553,OPTIMAL
grid_5x5_31,seed_milpsnap_grid5x5_low_bw25.json,1084,25,40,30,26.087,0.011764705882352941,60.125,TIME_LIMIT(次佳解)
grid_5x5_31,seed_milpsnap_grid5x5_low_bw25.json,1085,25,40,32,25.2174,0.0,52.654,OPTIMAL
grid_5x5_31,seed_milpsnap_grid5x5_low_bw25.json,1086,25,40,34,23.4783,0.0,39.583,OPTIMAL
grid_5x5_31,seed_milpsnap_grid5x5_low_bw25.json,1087,25,40,38,19.1304,0.053763440860215055,60.18,TIME_LIMIT(次佳解)
grid_5x5_31,seed_milpsnap_grid5x5_low_bw25.json,1088,25,40,38,13.0435,0.1,60.169,TIME_LIMIT(次佳解)
grid_5x5_31,seed_milpsnap_grid5x5_low_bw25.json,1089,25,40,41,10.4348,0.10679611650485436,60.178,TIME_LIMIT(次佳解)
grid_5x5_31,seed_milpsnap_grid5x5_low_bw25.json,1090,25,40,40,13.0435,0.06,60.153,TIME_LIMIT(次佳解)
grid_5x5_31,seed_milpsnap_grid5x5_low_bw25.json,1091,25,40,42,9.5652,0.09615384615384616,60.167,TIME_LIMIT(次佳解)
grid_5x5_31,seed_milpsnap_grid5x5_low_bw25.json,1092,25,40,42,9.5652,0.125,60.171,TIME_LIMIT(次佳解)
grid_5x5_31,seed_milpsnap_grid5x5_low_bw25.json,1093,25,40,42,10.4348,0.06796116504854369,60.203,TIME_LIMIT(次佳解)
grid_5x5_31,seed_milpsnap_grid5x5_low_bw25.json,1094,25,40,42,10.4348,0.038834951456310676,60.17,TIME_LIMIT(次佳解)
grid_5x5_31,seed_milpsnap_grid5x5_low_bw25.json,1095,25,40,41,9.5652,0.10576923076923077,60.201,TIME_LIMIT(次佳解)
grid_5x5_31,seed_milpsnap_grid5x5_low_bw25.json,1096,25,40,37,13.913,0.08080808080808081,60.277,TIME_LIMIT(次佳解)
grid_5x5_31,seed_milpsnap_grid5x5_low_bw25.json,1097,25,40,37,14.7826,0.08163265306122448,60.158,TIME_LIMIT(次佳解)
grid_5x5_31,seed_milpsnap_grid5x5_low_bw25.json,1098,25,40,29,24.3478,0.0,48.56,OPTIMAL
grid_5x5_31,seed_milpsnap_grid5x5_low_bw25.json,1099,25,40,31,24.3478,0.0,26.77,OPTIMAL
grid_5x5_31,seed_milpsnap_grid5x5_low_bw25.json,1100,25,40,31,24.3478,0.0,48.971,OPTIMAL
grid_5x5_31,seed_milpsnap_grid5x5_low_bw25.json,1101,25,40,31,28.6957,0.0,17.519,OPTIMAL
grid_5x5_31,seed_milpsnap_grid5x5_low_bw25.json,1102,25,40,30,25.2174,0.03488372093023256,60.149,TIME_LIMIT(次佳解)
grid_5x5_31,seed_milpsnap_grid5x5_low_bw25.json,1103,25,40,30,25.2174,0.0,58.831,OPTIMAL
grid_5x5_31,seed_milpsnap_grid5x5_low_bw25.json,1104,25,40,31,25.2174,0.03488372093023256,60.129,TIME_LIMIT(次佳解)
grid_5x5_31,seed_milpsnap_grid5x5_low_bw25.json,1105,25,40,32,25.2174,0.0,41.517,OPTIMAL
grid_5x5_31,seed_milpsnap_grid5x5_low_bw25.json,1106,25,40,30,26.087,0.0,30.469,OPTIMAL
grid_5x5_31,seed_milpsnap_grid5x5_low_bw25.json,1107,25,40,30,25.2174,0.046511627906976744,60.155,TIME_LIMIT(次佳解)
grid_5x5_31,seed_milpsnap_grid5x5_low_bw25.json,1108,25,40,28,26.087,0.023529411764705882,60.317,TIME_LIMIT(次佳解)
grid_5x5_31,seed_milpsnap_grid5x5_low_bw25.json,1109,25,40,27,28.6957,0.0,33.835,OPTIMAL
grid_5x5_31,seed_milpsnap_grid5x5_low_bw25.json,1110,25,40,27,29.5652,0.0,31.178,OPTIMAL
grid_5x5_31,seed_milpsnap_grid5x5_low_bw25.json,1111,25,40,28,26.087,0.07058823529411765,60.161,TIME_LIMIT(次佳解)
grid_5x5_31,seed_milpsnap_grid5x5_low_bw25.json,1112,25,40,33,24.3478,0.0,57.587,OPTIMAL
grid_5x5_31,seed_milpsnap_grid5x5_low_bw25.json,1113,25,40,33,24.3478,0.0,49.46,OPTIMAL
grid_5x5_31,seed_milpsnap_grid5x5_low_bw25.json,1114,25,40,31,25.2174,0.046511627906976744,60.169,TIME_LIMIT(次佳解)
grid_5x5_31,seed_milpsnap_grid5x5_low_bw25.json,1115,25,40,29,25.2174,0.0,59.723,OPTIMAL
grid_5x5_31,seed_milpsnap_grid5x5_low_bw25.json,1116,25,40,26,26.087,0.0,45.277,OPTIMAL
grid_5x5_31,seed_milpsnap_grid5x5_low_bw25.json,1117,25,40,24,29.5652,0.0,24.772,OPTIMAL
grid_5x5_31,seed_milpsnap_grid5x5_low_bw25.json,1118,25,40,25,29.5652,0.0,15.038,OPTIMAL
grid_5x5_31,seed_milpsnap_grid5x5_low_bw25.json,1119,25,40,22,33.0435,0.0,12.145,OPTIMAL
grid_5x5_31,seed_milpsnap_grid5x5_low_bw25.json,1120,25,40,22,33.0435,0.0,13.006,OPTIMAL
grid_5x5_31,seed_milpsnap_grid5x5_low_bw25.json,1121,25,40,24,33.0435,0.0,8.416,OPTIMAL
grid_5x5_31,seed_milpsnap_grid5x5_low_bw25.json,1122,25,40,26,26.087,0.0,39.003,OPTIMAL
grid_5x5_31,seed_milpsnap_grid5x5_low_bw25.json,1123,25,40,25,33.0435,0.0,8.21,OPTIMAL
grid_5x5_31,seed_milpsnap_grid5x5_low_bw25.json,1124,25,40,28,24.3478,0.0,45.011,OPTIMAL
grid_5x5_31,seed_milpsnap_grid5x5_low_bw25.json,1125,25,40,27,20.8696,0.07692307692307693,60.137,TIME_LIMIT(次佳解)
grid_5x5_31,seed_milpsnap_grid5x5_low_bw25.json,1126,25,40,26,18.2609,0.13829787234042554,60.194,TIME_LIMIT(次佳解)
grid_5x5_31,seed_milpsnap_grid5x5_low_bw25.json,1127,25,40,21,29.5652,0.0,26.753,OPTIMAL
grid_5x5_31,seed_milpsnap_grid5x5_low_bw25.json,1128,25,40,23,28.6957,0.0,14.196,OPTIMAL
grid_5x5_31,seed_milpsnap_grid5x5_low_bw25.json,1129,25,40,26,20.8696,0.03296703296703297,60.114,TIME_LIMIT(次佳解)
grid_5x5_31,seed_milpsnap_grid5x5_low_bw25.json,1130,25,40,27,20.8696,0.03296703296703297,60.133,TIME_LIMIT(次佳解)
grid_5x5_31,seed_milpsnap_grid5x5_low_bw25.json,1131,25,40,29,20.8696,0.02197802197802198,60.114,TIME_LIMIT(次佳解)
grid_5x5_31,seed_milpsnap_grid5x5_low_bw25.json,1132,25,40,28,25.2174,0.046511627906976744,60.119,TIME_LIMIT(次佳解)
grid_5x5_31,seed_milpsnap_grid5x5_low_bw25.json,1133,25,40,29,24.3478,0.022988505747126436,60.114,TIME_LIMIT(次佳解)
grid_5x5_31,seed_milpsnap_grid5x5_low_bw25.json,1134,25,40,30,25.2174,0.0,42.627,OPTIMAL
grid_5x5_31,seed_milpsnap_grid5x5_low_bw25.json,1135,25,40,29,25.2174,0.046511627906976744,60.129,TIME_LIMIT(次佳解)
grid_5x5_31,seed_milpsnap_grid5x5_low_bw25.json,1136,25,40,31,24.3478,0.06896551724137931,60.163,TIME_LIMIT(次佳解)
grid_5x5_31,seed_milpsnap_grid5x5_low_bw25.json,1137,25,40,34,19.1304,0.07526881720430108,60.223,TIME_LIMIT(次佳解)
grid_5x5_31,seed_milpsnap_grid5x5_low_bw25.json,1138,25,40,32,20.8696,0.0989010989010989,60.133,TIME_LIMIT(次佳解)
grid_5x5_31,seed_milpsnap_grid5x5_low_bw25.json,1139,25,40,35,17.3913,0.07368421052631578,60.147,TIME_LIMIT(次佳解)
grid_5x5_31,seed_milpsnap_grid5x5_low_bw25.json,1140,25,40,37,15.6522,0.08247422680412371,60.18,TIME_LIMIT(次佳解)
grid_5x5_31,seed_milpsnap_grid5x5_low_bw25.json,1141,25,40,38,15.6522,0.08247422680412371,60.164,TIME_LIMIT(次佳解)
grid_5x5_31,seed_milpsnap_grid5x5_low_bw25.json,1142,25,40,35,20.8696,0.04395604395604396,60.133,TIME_LIMIT(次佳解)
grid_5x5_31,seed_milpsnap_grid5x5_low_bw25.json,1143,25,40,38,19.1304,0.043010752688172046,60.174,TIME_LIMIT(次佳解)
grid_5x5_31,seed_milpsnap_grid5x5_low_bw25.json,1144,25,40,36,20.0,0.05434782608695652,60.148,TIME_LIMIT(次佳解)
grid_5x5_31,seed_milpsnap_grid5x5_low_bw25.json,1145,25,40,35,20.0,0.06521739130434782,60.182,TIME_LIMIT(次佳解)
grid_5x5_31,seed_milpsnap_grid5x5_low_bw25.json,1146,25,40,32,20.0,0.08695652173913043,60.132,TIME_LIMIT(次佳解)
grid_5x5_31,seed_milpsnap_grid5x5_low_bw25.json,1147,25,40,32,24.3478,0.0,59.052,OPTIMAL
grid_5x5_31,seed_milpsnap_grid5x5_low_bw25.json,1148,25,40,31,24.3478,0.04597701149425287,60.13,TIME_LIMIT(次佳解)
grid_5x5_31,seed_milpsnap_grid5x5_low_bw25.json,1149,25,40,30,25.2174,0.0,53.848,OPTIMAL
grid_5x5_31,seed_milpsnap_grid5x5_low_bw25.json,1150,25,40,30,25.2174,0.0,46.862,OPTIMAL
grid_5x5_31,seed_milpsnap_grid5x5_low_bw25.json,1151,25,40,26,32.1739,0.0,14.093,OPTIMAL
grid_5x5_31,seed_milpsnap_grid5x5_low_bw25.json,1152,25,40,26,33.0435,0.0,8.631,OPTIMAL
grid_5x5_31,seed_milpsnap_grid5x5_low_bw25.json,1153,25,40,27,32.1739,0.0,10.456,OPTIMAL
grid_5x5_31,seed_milpsnap_grid5x5_low_bw25.json,1154,25,40,25,32.1739,0.0,12.977,OPTIMAL
grid_5x5_31,seed_milpsnap_grid5x5_low_bw25.json,1155,25,40,27,29.5652,0.0,15.996,OPTIMAL
grid_5x5_31,seed_milpsnap_grid5x5_low_bw25.json,1156,25,40,29,28.6957,0.0,18.549,OPTIMAL
grid_5x5_31,seed_milpsnap_grid5x5_low_bw25.json,1157,25,40,31,25.2174,0.0,21.492,OPTIMAL
grid_5x5_31,seed_milpsnap_grid5x5_low_bw25.json,1158,25,40,32,25.2174,0.0,22.081,OPTIMAL
grid_5x5_31,seed_milpsnap_grid5x5_low_bw25.json,1159,25,40,34,20.0,0.03260869565217391,60.158,TIME_LIMIT(次佳解)
grid_5x5_31,seed_milpsnap_grid5x5_low_bw25.json,1160,25,40,36,20.0,0.03260869565217391,60.147,TIME_LIMIT(次佳解)
grid_5x5_31,seed_milpsnap_grid5x5_low_bw25.json,1161,25,40,37,16.5217,0.052083333333333336,60.152,TIME_LIMIT(次佳解)
grid_5x5_31,seed_milpsnap_grid5x5_low_bw25.json,1162,25,40,35,16.5217,0.0625,60.142,TIME_LIMIT(次佳解)
grid_5x5_31,seed_milpsnap_grid5x5_low_bw25.json,1163,25,40,37,12.1739,0.06930693069306931,60.133,TIME_LIMIT(次佳解)
grid_5x5_31,seed_milpsnap_grid5x5_low_bw25.json,1164,25,40,38,12.1739,0.0594059405940594,60.15,TIME_LIMIT(次佳解)
grid_5x5_31,seed_milpsnap_grid5x5_low_bw25.json,1165,25,40,36,15.6522,0.010309278350515464,60.162,TIME_LIMIT(次佳解)
grid_5x5_31,seed_milpsnap_grid5x5_low_bw25.json,1166,25,40,38,15.6522,0.041237113402061855,60.155,TIME_LIMIT(次佳解)
grid_5x5_31,seed_milpsnap_grid5x5_low_bw25.json,1167,25,40,36,15.6522,0.061855670103092786,60.141,TIME_LIMIT(次佳解)
grid_5x5_31,seed_milpsnap_grid5x5_low_bw25.json,1168,25,40,36,18.2609,0.06382978723404255,60.151,TIME_LIMIT(次佳解)
grid_5x5_31,seed_milpsnap_grid5x5_low_bw25.json,1169,25,40,35,23.4783,0.0,40.188,OPTIMAL
grid_5x5_31,seed_milpsnap_grid5x5_low_bw25.json,1170,25,40,34,24.3478,0.0,43.103,OPTIMAL
grid_5x5_31,seed_milpsnap_grid5x5_low_bw25.json,1171,25,40,32,24.3478,0.0,36.391,OPTIMAL
grid_5x5_31,seed_milpsnap_grid5x5_low_bw25.json,1172,25,40,32,24.3478,0.0,48.077,OPTIMAL
grid_5x5_31,seed_milpsnap_grid5x5_low_bw25.json,1173,25,40,30,25.2174,0.0,48.189,OPTIMAL
grid_5x5_31,seed_milpsnap_grid5x5_low_bw25.json,1174,25,40,1,83.4783,0.0,0.012,OPTIMAL
grid_5x5_31,seed_milpsnap_grid5x5_low_bw25.json,1175,25,40,2,70.4348,0.0,0.017,OPTIMAL
grid_5x5_31,seed_milpsnap_grid5x5_low_bw25.json,1176,25,40,5,55.6522,0.0,0.104,OPTIMAL
grid_5x5_31,seed_milpsnap_grid5x5_low_bw25.json,1177,25,40,9,52.1739,0.0,0.162,OPTIMAL
grid_5x5_31,seed_milpsnap_grid5x5_low_bw25.json,1178,25,40,12,45.2174,0.0,0.703,OPTIMAL
grid_5x5_31,seed_milpsnap_grid5x5_low_bw25.json,1179,25,40,13,45.2174,0.0,0.475,OPTIMAL
grid_5x5_31,seed_milpsnap_grid5x5_low_bw25.json,1180,25,40,16,44.3478,0.0,2.211,OPTIMAL
grid_5x5_31,seed_milpsnap_grid5x5_low_bw25.json,1181,25,40,18,40.8696,0.0,3.557,OPTIMAL
grid_5x5_31,seed_milpsnap_grid5x5_low_bw25.json,1182,25,40,19,40.8696,0.0,2.641,OPTIMAL
grid_5x5_31,seed_milpsnap_grid5x5_low_bw25.json,1183,25,40,20,33.913,0.0,16.029,OPTIMAL
grid_5x5_31,seed_milpsnap_grid5x5_low_bw25.json,1184,25,40,23,33.0435,0.0,8.429,OPTIMAL
grid_5x5_31,seed_milpsnap_grid5x5_low_bw25.json,1185,25,40,24,33.0435,0.0,8.551,OPTIMAL
grid_5x5_31,seed_milpsnap_grid5x5_low_bw25.json,1186,25,40,26,25.2174,0.03488372093023256,60.11,TIME_LIMIT(次佳解)
grid_5x5_31,seed_milpsnap_grid5x5_low_bw25.json,1187,25,40,31,24.3478,0.0,52.823,OPTIMAL
grid_5x5_31,seed_milpsnap_grid5x5_low_bw25.json,1188,25,40,35,16.5217,0.08333333333333333,60.13,TIME_LIMIT(次佳解)
grid_5x5_31,seed_milpsnap_grid5x5_low_bw25.json,1189,25,40,36,12.1739,0.12871287128712872,60.155,TIME_LIMIT(次佳解)
grid_5x5_31,seed_milpsnap_grid5x5_low_bw25.json,1190,25,40,35,16.5217,0.07291666666666667,60.126,TIME_LIMIT(次佳解)
grid_5x5_31,seed_milpsnap_grid5x5_low_bw25.json,1191,25,40,36,16.5217,0.08333333333333333,60.199,TIME_LIMIT(次佳解)
grid_5x5_31,seed_milpsnap_grid5x5_low_bw25.json,1192,25,40,34,16.5217,0.08333333333333333,60.127,TIME_LIMIT(次佳解)
grid_5x5_31,seed_milpsnap_grid5x5_low_bw25.json,1193,25,40,32,18.2609,0.07446808510638298,60.135,TIME_LIMIT(次佳解)
grid_5x5_31,seed_milpsnap_grid5x5_low_bw25.json,1194,25,40,33,17.3913,0.09473684210526316,60.117,TIME_LIMIT(次佳解)
grid_5x5_31,seed_milpsnap_grid5x5_low_bw25.json,1195,25,40,32,20.0,0.07608695652173914,60.134,TIME_LIMIT(次佳解)
grid_5x5_31,seed_milpsnap_grid5x5_low_bw25.json,1196,25,40,32,20.0,0.06521739130434782,60.191,TIME_LIMIT(次佳解)
grid_5x5_31,seed_milpsnap_grid5x5_low_bw25.json,1197,25,40,34,19.1304,0.07526881720430108,60.202,TIME_LIMIT(次佳解)
grid_5x5_31,seed_milpsnap_grid5x5_low_bw25.json,1198,25,40,33,20.8696,0.06593406593406594,60.13,TIME_LIMIT(次佳解)
grid_5x5_31,seed_milpsnap_grid5x5_low_bw25.json,1199,25,40,31,21.7391,0.06666666666666667,60.12,TIME_LIMIT(次佳解)
grid_5x5_31,seed_milpsnap_grid5x5_low_bw25.json,1200,25,40,32,23.4783,0.06818181818181818,60.138,TIME_LIMIT(次佳解)
grid_5x5_31,seed_milpsnap_grid5x5_low_bw25.json,1201,25,40,34,20.0,0.08695652173913043,60.133,TIME_LIMIT(次佳解)
grid_5x5_31,seed_milpsnap_grid5x5_low_bw25.json,1202,25,40,31,25.2174,0.0,48.543,OPTIMAL
grid_5x5_31,seed_milpsnap_grid5x5_low_bw25.json,1203,25,40,28,26.087,0.0,56.644,OPTIMAL
grid_5x5_31,seed_milpsnap_grid5x5_low_bw25.json,1204,25,40,28,29.5652,0.0,16.813,OPTIMAL
grid_5x5_31,seed_milpsnap_grid5x5_low_bw25.json,1205,25,40,27,25.2174,0.046511627906976744,60.105,TIME_LIMIT(次佳解)
grid_5x5_31,seed_milpsnap_grid5x5_low_bw25.json,1206,25,40,28,25.2174,0.0,48.766,OPTIMAL
grid_5x5_31,seed_milpsnap_grid5x5_low_bw25.json,1207,25,40,31,25.2174,0.0,59.363,OPTIMAL
grid_5x5_31,seed_milpsnap_grid5x5_low_bw25.json,1208,25,40,32,24.3478,0.0,33.934,OPTIMAL
grid_5x5_31,seed_milpsnap_grid5x5_low_bw25.json,1209,25,40,32,25.2174,0.0,26.975,OPTIMAL
grid_5x5_31,seed_milpsnap_grid5x5_low_bw25.json,1210,25,40,30,28.6957,0.0,15.709,OPTIMAL
grid_5x5_31,seed_milpsnap_grid5x5_low_bw25.json,1211,25,40,29,28.6957,0.0,15.648,OPTIMAL
grid_5x5_31,seed_milpsnap_grid5x5_low_bw25.json,1212,25,40,28,28.6957,0.0,12.821,OPTIMAL
grid_5x5_31,seed_milpsnap_grid5x5_low_bw25.json,1213,25,40,29,28.6957,0.0,13.27,OPTIMAL
grid_5x5_31,seed_milpsnap_grid5x5_low_bw25.json,1214,25,40,29,28.6957,0.0,16.898,OPTIMAL
grid_5x5_31,seed_milpsnap_grid5x5_low_bw25.json,1215,25,40,29,25.2174,0.0,22.357,OPTIMAL
grid_5x5_31,seed_milpsnap_grid5x5_low_bw25.json,1216,25,40,26,28.6957,0.0,13.666,OPTIMAL
grid_5x5_31,seed_milpsnap_grid5x5_low_bw25.json,1217,25,40,25,25.2174,0.05813953488372093,60.108,TIME_LIMIT(次佳解)
grid_5x5_31,seed_milpsnap_grid5x5_low_bw25.json,1218,25,40,25,20.8696,0.0,58.3,OPTIMAL
grid_5x5_31,seed_milpsnap_grid5x5_low_bw25.json,1219,25,40,28,20.0,0.010869565217391304,60.119,TIME_LIMIT(次佳解)
grid_5x5_31,seed_milpsnap_grid5x5_low_bw25.json,1220,25,40,30,17.3913,0.06315789473684211,60.123,TIME_LIMIT(次佳解)
grid_5x5_31,seed_milpsnap_grid5x5_low_bw25.json,1221,25,40,28,18.2609,0.07446808510638298,60.166,TIME_LIMIT(次佳解)
grid_5x5_31,seed_milpsnap_grid5x5_low_bw25.json,1222,25,40,25,29.5652,0.0,13.137,OPTIMAL
grid_5x5_31,seed_milpsnap_grid5x5_low_bw25.json,1223,25,40,28,17.3913,0.06315789473684211,60.182,TIME_LIMIT(次佳解)
grid_5x5_31,seed_milpsnap_grid5x5_low_bw25.json,1224,25,40,28,20.0,0.05434782608695652,60.151,TIME_LIMIT(次佳解)
grid_5x5_31,seed_milpsnap_grid5x5_low_bw25.json,1225,25,40,30,16.5217,0.10416666666666667,60.177,TIME_LIMIT(次佳解)
grid_5x5_31,seed_milpsnap_grid5x5_low_bw25.json,1226,25,40,32,16.5217,0.125,60.182,TIME_LIMIT(次佳解)
grid_5x5_31,seed_milpsnap_grid5x5_low_bw25.json,1227,25,40,33,16.5217,0.15625,60.211,TIME_LIMIT(次佳解)
grid_5x5_31,seed_milpsnap_grid5x5_low_bw25.json,1228,25,40,38,9.5652,0.17307692307692307,60.348,TIME_LIMIT(次佳解)
grid_5x5_31,seed_milpsnap_grid5x5_low_bw25.json,1229,25,40,40,12.1739,0.13861386138613863,60.267,TIME_LIMIT(次佳解)
grid_5x5_31,seed_milpsnap_grid5x5_low_bw25.json,1230,25,40,40,9.5652,0.1346153846153846,60.305,TIME_LIMIT(次佳解)
grid_5x5_31,seed_milpsnap_grid5x5_low_bw25.json,1231,25,40,41,9.5652,0.19230769230769232,60.305,TIME_LIMIT(次佳解)
grid_5x5_31,seed_milpsnap_grid5x5_low_bw25.json,1232,25,40,39,13.913,0.1111111111111111,60.242,TIME_LIMIT(次佳解)
grid_5x5_31,seed_milpsnap_grid5x5_low_bw25.json,1233,25,40,41,11.3043,0.09803921568627451,60.169,TIME_LIMIT(次佳解)
grid_5x5_31,seed_milpsnap_grid5x5_low_bw25.json,1234,25,40,38,15.6522,0.08247422680412371,60.168,TIME_LIMIT(次佳解)
grid_5x5_31,seed_milpsnap_grid5x5_low_bw25.json,1235,25,40,38,15.6522,0.07216494845360824,60.33,TIME_LIMIT(次佳解)
grid_5x5_31,seed_milpsnap_grid5x5_low_bw25.json,1236,25,40,38,14.7826,0.061224489795918366,60.191,TIME_LIMIT(次佳解)
grid_5x5_31,seed_milpsnap_grid5x5_low_bw25.json,1237,25,40,38,19.1304,0.0,49.003,OPTIMAL
grid_5x5_31,seed_milpsnap_grid5x5_low_bw25.json,1238,25,40,36,23.4783,0.0,47.861,OPTIMAL
grid_5x5_31,seed_milpsnap_grid5x5_low_bw25.json,1239,25,40,35,23.4783,0.0,36.336,OPTIMAL
grid_5x5_31,seed_milpsnap_grid5x5_low_bw25.json,1240,25,40,34,24.3478,0.0,31.956,OPTIMAL
grid_5x5_31,seed_milpsnap_grid5x5_low_bw25.json,1241,25,40,38,19.1304,0.053763440860215055,60.16,TIME_LIMIT(次佳解)
grid_5x5_31,seed_milpsnap_grid5x5_low_bw25.json,1242,25,40,34,24.3478,0.0,49.67,OPTIMAL
grid_5x5_31,seed_milpsnap_grid5x5_low_bw25.json,1243,25,40,36,16.5217,0.07291666666666667,60.154,TIME_LIMIT(次佳解)
grid_5x5_31,seed_milpsnap_grid5x5_low_bw25.json,1244,25,40,34,24.3478,0.0,40.173,OPTIMAL
grid_5x5_31,seed_milpsnap_grid5x5_low_bw25.json,1245,25,40,37,15.6522,0.05154639175257732,60.166,TIME_LIMIT(次佳解)
grid_5x5_31,seed_milpsnap_grid5x5_low_bw25.json,1246,25,40,33,23.4783,0.045454545454545456,60.147,TIME_LIMIT(次佳解)
grid_5x5_31,seed_milpsnap_grid5x5_low_bw25.json,1247,25,40,38,10.4348,0.1262135922330097,60.206,TIME_LIMIT(次佳解)
grid_5x5_31,seed_milpsnap_grid5x5_low_bw25.json,1248,25,40,35,19.1304,0.043010752688172046,60.141,TIME_LIMIT(次佳解)
grid_5x5_31,seed_milpsnap_grid5x5_low_bw25.json,1249,25,40,38,11.3043,0.09803921568627451,60.193,TIME_LIMIT(次佳解)
grid_5x5_31,seed_milpsnap_grid5x5_low_bw25.json,1250,25,40,38,15.6522,0.041237113402061855,60.148,TIME_LIMIT(次佳解)
grid_5x5_31,seed_milpsnap_grid5x5_low_bw25.json,1251,25,40,36,13.913,0.09090909090909091,60.212,TIME_LIMIT(次佳解)
grid_5x5_31,seed_milpsnap_grid5x5_low_bw25.json,1252,25,40,40,11.3043,0.12745098039215685,60.183,TIME_LIMIT(次佳解)
grid_5x5_31,seed_milpsnap_grid5x5_low_bw25.json,1253,25,40,40,10.4348,0.1262135922330097,60.187,TIME_LIMIT(次佳解)
grid_5x5_31,seed_milpsnap_grid5x5_low_bw25.json,1254,25,40,39,11.3043,0.08823529411764706,60.147,TIME_LIMIT(次佳解)
grid_5x5_31,seed_milpsnap_grid5x5_low_bw25.json,1255,25,40,34,20.8696,0.02197802197802198,60.16,TIME_LIMIT(次佳解)
grid_5x5_31,seed_milpsnap_grid5x5_low_bw25.json,1256,25,40,33,24.3478,0.0,50.42,OPTIMAL
grid_5x5_31,seed_milpsnap_grid5x5_low_bw25.json,1257,25,40,30,25.2174,0.0,53.933,OPTIMAL
grid_5x5_31,seed_milpsnap_grid5x5_low_bw25.json,1258,25,40,33,24.3478,0.0,24.722,OPTIMAL
grid_5x5_31,seed_milpsnap_grid5x5_low_bw25.json,1259,25,40,30,25.2174,0.0,41.302,OPTIMAL
grid_5x5_31,seed_milpsnap_grid5x5_low_bw25.json,1260,25,40,31,25.2174,0.0,29.35,OPTIMAL
grid_5x5_31,seed_milpsnap_grid5x5_low_bw25.json,1261,25,40,32,24.3478,0.0,39.727,OPTIMAL
grid_5x5_31,seed_milpsnap_grid5x5_low_bw25.json,1262,25,40,29,25.2174,0.0,50.216,OPTIMAL
grid_5x5_31,seed_milpsnap_grid5x5_low_bw25.json,1263,25,40,30,25.2174,0.0,50.427,OPTIMAL
grid_5x5_31,seed_milpsnap_grid5x5_low_bw25.json,1264,25,40,27,29.5652,0.0,16.364,OPTIMAL
grid_5x5_31,seed_milpsnap_grid5x5_low_bw25.json,1265,25,40,28,25.2174,0.05813953488372093,60.112,TIME_LIMIT(次佳解)
grid_5x5_31,seed_milpsnap_grid5x5_low_bw25.json,1266,25,40,26,29.5652,0.0,19.104,OPTIMAL
grid_5x5_31,seed_milpsnap_grid5x5_low_bw25.json,1267,25,40,23,33.0435,0.0,8.902,OPTIMAL
grid_5x5_31,seed_milpsnap_grid5x5_low_bw25.json,1268,25,40,25,26.087,0.0,35.473,OPTIMAL
grid_5x5_31,seed_milpsnap_grid5x5_low_bw25.json,1269,25,40,25,26.087,0.0,51.968,OPTIMAL
grid_5x5_31,seed_milpsnap_grid5x5_low_bw25.json,1270,25,40,23,29.5652,0.0,12.556,OPTIMAL
grid_5x5_31,seed_milpsnap_grid5x5_low_bw25.json,1271,25,40,24,25.2174,0.0,44.511,OPTIMAL
grid_5x5_31,seed_milpsnap_grid5x5_low_bw25.json,1272,25,40,23,25.2174,0.023255813953488372,60.111,TIME_LIMIT(次佳解)
grid_5x5_31,seed_milpsnap_grid5x5_low_bw25.json,1273,25,40,20,33.913,0.0,12.923,OPTIMAL
grid_5x5_31,seed_milpsnap_grid5x5_low_bw25.json,1274,25,40,20,33.913,0.0,8.994,OPTIMAL
grid_5x5_31,seed_milpsnap_grid5x5_low_bw25.json,1275,25,40,20,37.3913,0.0,4.754,OPTIMAL
grid_5x5_31,seed_milpsnap_grid5x5_low_bw25.json,1276,25,40,21,37.3913,0.0,5.546,OPTIMAL
grid_5x5_31,seed_milpsnap_grid5x5_low_bw25.json,1277,25,40,19,44.3478,0.0,2.275,OPTIMAL
grid_5x5_31,seed_milpsnap_grid5x5_low_bw25.json,1278,25,40,21,33.913,0.0,18.457,OPTIMAL
grid_5x5_31,seed_milpsnap_grid5x5_low_bw25.json,1279,25,40,24,33.913,0.0,9.71,OPTIMAL
grid_5x5_31,seed_milpsnap_grid5x5_low_bw25.json,1280,25,40,21,40.8696,0.0,5.676,OPTIMAL
grid_5x5_31,seed_milpsnap_grid5x5_low_bw25.json,1281,25,40,23,33.913,0.0,12.1,OPTIMAL
grid_5x5_31,seed_milpsnap_grid5x5_low_bw25.json,1282,25,40,23,33.0435,0.0,9.936,OPTIMAL
grid_5x5_31,seed_milpsnap_grid5x5_low_bw25.json,1283,25,40,23,33.0435,0.0,11.806,OPTIMAL
grid_5x5_31,seed_milpsnap_grid5x5_low_bw25.json,1284,25,40,24,33.0435,0.0,11.119,OPTIMAL
grid_5x5_31,seed_milpsnap_grid5x5_low_bw25.json,1285,25,40,26,33.0435,0.0,10.33,OPTIMAL
grid_5x5_31,seed_milpsnap_grid5x5_low_bw25.json,1286,25,40,26,29.5652,0.0,15.64,OPTIMAL
grid_5x5_31,seed_milpsnap_grid5x5_low_bw25.json,1287,25,40,27,26.087,0.0,56.619,OPTIMAL
grid_5x5_31,seed_milpsnap_grid5x5_low_bw25.json,1288,25,40,33,24.3478,0.0,29.762,OPTIMAL
grid_5x5_31,seed_milpsnap_grid5x5_low_bw25.json,1289,25,40,32,24.3478,0.0,38.886,OPTIMAL
grid_5x5_31,seed_milpsnap_grid5x5_low_bw25.json,1290,25,40,31,24.3478,0.0,23.194,OPTIMAL
grid_5x5_31,seed_milpsnap_grid5x5_low_bw25.json,1291,25,40,30,25.2174,0.0,36.557,OPTIMAL
grid_5x5_31,seed_milpsnap_grid5x5_low_bw25.json,1292,25,40,31,24.3478,0.0,44.171,OPTIMAL
grid_5x5_31,seed_milpsnap_grid5x5_low_bw25.json,1293,25,40,32,24.3478,0.022988505747126436,60.133,TIME_LIMIT(次佳解)
grid_5x5_31,seed_milpsnap_grid5x5_low_bw25.json,1294,25,40,31,24.3478,0.05747126436781609,60.153,TIME_LIMIT(次佳解)
grid_5x5_31,seed_milpsnap_grid5x5_low_bw25.json,1295,25,40,33,23.4783,0.06818181818181818,60.176,TIME_LIMIT(次佳解)
grid_5x5_31,seed_milpsnap_grid5x5_low_bw25.json,1296,25,40,34,24.3478,0.0,31.564,OPTIMAL
grid_5x5_31,seed_milpsnap_grid5x5_low_bw25.json,1297,25,40,34,24.3478,0.011494252873563218,60.145,TIME_LIMIT(次佳解)
grid_5x5_31,seed_milpsnap_grid5x5_low_bw25.json,1298,25,40,32,24.3478,0.04597701149425287,60.131,TIME_LIMIT(次佳解)
grid_5x5_31,seed_milpsnap_grid5x5_low_bw25.json,1299,25,40,33,25.2174,0.0,52.61,OPTIMAL
grid_5x5_31,seed_milpsnap_grid5x5_low_bw25.json,1300,25,40,34,24.3478,0.0,48.317,OPTIMAL
grid_5x5_31,seed_milpsnap_grid5x5_low_bw25.json,1301,25,40,32,25.2174,0.0,46.639,OPTIMAL
grid_5x5_31,seed_milpsnap_grid5x5_low_bw25.json,1302,25,40,32,25.2174,0.05813953488372093,60.154,TIME_LIMIT(次佳解)
grid_5x5_31,seed_milpsnap_grid5x5_low_bw25.json,1303,25,40,28,29.5652,0.0,31.086,OPTIMAL
grid_5x5_31,seed_milpsnap_grid5x5_low_bw25.json,1304,25,40,29,28.6957,0.0,25.529,OPTIMAL
grid_5x5_31,seed_milpsnap_grid5x5_low_bw25.json,1305,25,40,31,25.2174,0.05813953488372093,60.134,TIME_LIMIT(次佳解)
grid_5x5_31,seed_milpsnap_grid5x5_low_bw25.json,1306,25,40,31,25.2174,0.046511627906976744,60.127,TIME_LIMIT(次佳解)
grid_5x5_31,seed_milpsnap_grid5x5_low_bw25.json,1307,25,40,31,25.2174,0.05813953488372093,60.128,TIME_LIMIT(次佳解)
grid_5x5_31,seed_milpsnap_grid5x5_low_bw25.json,1308,25,40,29,29.5652,0.0,24.82,OPTIMAL
grid_5x5_31,seed_milpsnap_grid5x5_low_bw25.json,1309,25,40,28,29.5652,0.0,18.233,OPTIMAL
grid_5x5_31,seed_milpsnap_grid5x5_low_bw25.json,1310,25,40,27,33.0435,0.0,19.071,OPTIMAL
grid_5x5_31,seed_milpsnap_grid5x5_low_bw25.json,1311,25,40,25,33.0435,0.0,13.529,OPTIMAL
grid_5x5_31,seed_milpsnap_grid5x5_low_bw25.json,1312,25,40,28,33.0435,0.0,12.074,OPTIMAL
grid_5x5_31,seed_milpsnap_grid5x5_low_bw25.json,1313,25,40,27,33.0435,0.0,12.614,OPTIMAL
grid_5x5_31,seed_milpsnap_grid5x5_low_bw25.json,1314,25,40,27,33.0435,0.0,11.048,OPTIMAL
grid_5x5_31,seed_milpsnap_grid5x5_low_bw25.json,1315,25,40,24,33.0435,0.0,18.247,OPTIMAL
grid_5x5_31,seed_milpsnap_grid5x5_low_bw25.json,1316,25,40,25,33.0435,0.0,15.682,OPTIMAL
grid_5x5_31,seed_milpsnap_grid5x5_low_bw25.json,1317,25,40,23,33.0435,0.0,19.16,OPTIMAL
grid_5x5_31,seed_milpsnap_grid5x5_low_bw25.json,1318,25,40,23,33.0435,0.0,18.067,OPTIMAL
grid_5x5_31,seed_milpsnap_grid5x5_low_bw25.json,1319,25,40,24,28.6957,0.0,26.321,OPTIMAL
grid_5x5_31,seed_milpsnap_grid5x5_low_bw25.json,1320,25,40,24,28.6957,0.0,22.166,OPTIMAL
grid_5x5_31,seed_milpsnap_grid5x5_low_bw25.json,1321,25,40,1,76.5217,0.0,0.02,OPTIMAL
grid_5x5_31,seed_milpsnap_grid5x5_low_bw25.json,1322,25,40,3,66.9565,0.0,0.035,OPTIMAL
grid_5x5_31,seed_milpsnap_grid5x5_low_bw25.json,1323,25,40,4,59.1304,0.0,0.105,OPTIMAL
grid_5x5_31,seed_milpsnap_grid5x5_low_bw25.json,1324,25,40,5,59.1304,0.0,0.116,OPTIMAL
grid_5x5_31,seed_milpsnap_grid5x5_low_bw25.json,1325,25,40,7,55.6522,0.0,0.22,OPTIMAL
grid_5x5_31,seed_milpsnap_grid5x5_low_bw25.json,1326,25,40,9,52.1739,0.0,0.122,OPTIMAL
grid_5x5_31,seed_milpsnap_grid5x5_low_bw25.json,1327,25,40,12,45.2174,0.0,0.899,OPTIMAL
grid_5x5_31,seed_milpsnap_grid5x5_low_bw25.json,1328,25,40,13,45.2174,0.0,0.876,OPTIMAL
grid_5x5_31,seed_milpsnap_grid5x5_low_bw25.json,1329,25,40,15,44.3478,0.0,0.61,OPTIMAL
grid_5x5_31,seed_milpsnap_grid5x5_low_bw25.json,1330,25,40,19,33.0435,0.0,9.885,OPTIMAL
grid_5x5_31,seed_milpsnap_grid5x5_low_bw25.json,1331,25,40,24,33.0435,0.0,7.487,OPTIMAL
grid_5x5_31,seed_milpsnap_grid5x5_low_bw25.json,1332,25,40,26,29.5652,0.0,24.843,OPTIMAL
grid_5x5_31,seed_milpsnap_grid5x5_low_bw25.json,1333,25,40,28,25.2174,0.046511627906976744,60.126,TIME_LIMIT(次佳解)
grid_5x5_31,seed_milpsnap_grid5x5_low_bw25.json,1334,25,40,27,24.3478,0.05747126436781609,60.131,TIME_LIMIT(次佳解)
grid_5x5_31,seed_milpsnap_grid5x5_low_bw25.json,1335,25,40,26,28.6957,0.0,41.479,OPTIMAL
grid_5x5_31,seed_milpsnap_grid5x5_low_bw25.json,1336,25,40,31,28.6957,0.0,23.271,OPTIMAL
grid_5x5_31,seed_milpsnap_grid5x5_low_bw25.json,1337,25,40,29,29.5652,0.0,28.972,OPTIMAL
grid_5x5_31,seed_milpsnap_grid5x5_low_bw25.json,1338,25,40,27,33.0435,0.0,15.23,OPTIMAL
grid_5x5_31,seed_milpsnap_grid5x5_low_bw25.json,1339,25,40,31,28.6957,0.0,22.861,OPTIMAL
grid_5x5_31,seed_milpsnap_grid5x5_low_bw25.json,1340,25,40,30,28.6957,0.0,16.565,OPTIMAL
grid_5x5_31,seed_milpsnap_grid5x5_low_bw25.json,1341,25,40,29,28.6957,0.0,21.036,OPTIMAL
grid_5x5_31,seed_milpsnap_grid5x5_low_bw25.json,1342,25,40,27,33.0435,0.0,8.22,OPTIMAL
grid_5x5_31,seed_milpsnap_grid5x5_low_bw25.json,1343,25,40,24,37.3913,0.0,8.486,OPTIMAL
grid_5x5_31,seed_milpsnap_grid5x5_low_bw25.json,1344,25,40,20,44.3478,0.0,4.258,OPTIMAL
grid_5x5_31,seed_milpsnap_grid5x5_low_bw25.json,1345,25,40,23,44.3478,0.0,2.625,OPTIMAL
grid_5x5_31,seed_milpsnap_grid5x5_low_bw25.json,1346,25,40,21,44.3478,0.0,5.111,OPTIMAL
grid_5x5_31,seed_milpsnap_grid5x5_low_bw25.json,1347,25,40,18,45.2174,0.0,1.847,OPTIMAL
grid_5x5_31,seed_milpsnap_grid5x5_low_bw25.json,1348,25,40,17,48.6957,0.0,0.588,OPTIMAL
grid_5x5_31,seed_milpsnap_grid5x5_low_bw25.json,1349,25,40,19,44.3478,0.0,0.904,OPTIMAL
grid_5x5_31,seed_milpsnap_grid5x5_low_bw25.json,1350,25,40,16,44.3478,0.0,2.655,OPTIMAL
grid_5x5_31,seed_milpsnap_grid5x5_low_bw25.json,1351,25,40,17,44.3478,0.0,3.597,OPTIMAL
grid_5x5_31,seed_milpsnap_grid5x5_low_bw25.json,1352,25,40,21,33.0435,0.0,11.322,OPTIMAL
grid_5x5_31,seed_milpsnap_grid5x5_low_bw25.json,1353,25,40,17,40.8696,0.0,3.431,OPTIMAL
grid_5x5_31,seed_milpsnap_grid5x5_low_bw25.json,1354,25,40,20,37.3913,0.0,13.76,OPTIMAL
grid_5x5_31,seed_milpsnap_grid5x5_low_bw25.json,1355,25,40,18,44.3478,0.0,2.671,OPTIMAL
grid_5x5_31,seed_milpsnap_grid5x5_low_bw25.json,1356,25,40,23,33.0435,0.0,10.556,OPTIMAL
grid_5x5_31,seed_milpsnap_grid5x5_low_bw25.json,1357,25,40,25,28.6957,0.024390243902439025,60.11,TIME_LIMIT(次佳解)
grid_5x5_31,seed_milpsnap_grid5x5_low_bw25.json,1358,25,40,24,29.5652,0.0,33.094,OPTIMAL
grid_5x5_31,seed_milpsnap_grid5x5_low_bw25.json,1359,25,40,26,25.2174,0.06976744186046512,60.41,TIME_LIMIT(次佳解)
grid_5x5_31,seed_milpsnap_grid5x5_low_bw25.json,1360,25,40,24,28.6957,0.04878048780487805,60.286,TIME_LIMIT(次佳解)
grid_5x5_31,seed_milpsnap_grid5x5_low_bw25.json,1361,25,40,25,25.2174,0.0,57.712,OPTIMAL
grid_5x5_31,seed_milpsnap_grid5x5_low_bw25.json,1362,25,40,27,24.3478,0.0,53.106,OPTIMAL
grid_5x5_31,seed_milpsnap_grid5x5_low_bw25.json,1363,25,40,29,24.3478,0.0,42.379,OPTIMAL
grid_5x5_31,seed_milpsnap_grid5x5_low_bw25.json,1364,25,40,27,24.3478,0.0,43.313,OPTIMAL
grid_5x5_31,seed_milpsnap_grid5x5_low_bw25.json,1365,25,40,25,28.6957,0.0,21.286,OPTIMAL
grid_5x5_31,seed_milpsnap_grid5x5_low_bw25.json,1366,25,40,27,25.2174,0.0,57.254,OPTIMAL
grid_5x5_31,seed_milpsnap_grid5x5_low_bw25.json,1367,25,40,24,33.0435,0.0,11.132,OPTIMAL
grid_5x5_31,seed_milpsnap_grid5x5_low_bw25.json,1368,25,40,26,32.1739,0.0,10.844,OPTIMAL
grid_5x5_31,seed_milpsnap_grid5x5_low_bw25.json,1369,25,40,27,25.2174,0.0,49.74,OPTIMAL
grid_5x5_31,seed_milpsnap_grid5x5_low_bw25.json,1370,25,40,29,25.2174,0.03488372093023256,60.123,TIME_LIMIT(次佳解)
grid_5x5_31,seed_milpsnap_grid5x5_low_bw25.json,1371,25,40,25,32.1739,0.0,15.154,OPTIMAL
grid_5x5_31,seed_milpsnap_grid5x5_low_bw25.json,1372,25,40,26,32.1739,0.0,12.188,OPTIMAL
grid_5x5_31,seed_milpsnap_grid5x5_low_bw25.json,1373,25,40,29,28.6957,0.0,25.816,OPTIMAL
grid_5x5_31,seed_milpsnap_grid5x5_low_bw25.json,1374,25,40,26,29.5652,0.0,24.208,OPTIMAL
grid_5x5_31,seed_milpsnap_grid5x5_low_bw25.json,1375,25,40,25,29.5652,0.0,21.218,OPTIMAL
grid_5x5_31,seed_milpsnap_grid5x5_low_bw25.json,1376,25,40,26,29.5652,0.0,40.401,OPTIMAL
grid_5x5_31,seed_milpsnap_grid5x5_low_bw25.json,1377,25,40,27,33.0435,0.0,10.601,OPTIMAL
grid_5x5_31,seed_milpsnap_grid5x5_low_bw25.json,1378,25,40,27,29.5652,0.0,21.861,OPTIMAL
grid_5x5_31,seed_milpsnap_grid5x5_low_bw25.json,1379,25,40,28,29.5652,0.0,20.83,OPTIMAL
grid_5x5_31,seed_milpsnap_grid5x5_low_bw25.json,1380,25,40,29,25.2174,0.0,30.398,OPTIMAL
grid_5x5_31,seed_milpsnap_grid5x5_low_bw25.json,1381,25,40,29,24.3478,0.05747126436781609,60.175,TIME_LIMIT(次佳解)
grid_5x5_31,seed_milpsnap_grid5x5_low_bw25.json,1382,25,40,29,24.3478,0.08045977011494253,60.422,TIME_LIMIT(次佳解)
grid_5x5_31,seed_milpsnap_grid5x5_low_bw25.json,1383,25,40,29,24.3478,0.10344827586206896,60.138,TIME_LIMIT(次佳解)
grid_5x5_31,seed_milpsnap_grid5x5_low_bw25.json,1384,25,40,27,29.5652,0.0,18.35,OPTIMAL
grid_5x5_31,seed_milpsnap_grid5x5_low_bw25.json,1385,25,40,25,33.0435,0.0,10.724,OPTIMAL
grid_5x5_31,seed_milpsnap_grid5x5_low_bw25.json,1386,25,40,27,29.5652,0.0,16.809,OPTIMAL
grid_5x5_31,seed_milpsnap_grid5x5_low_bw25.json,1387,25,40,25,33.0435,0.0,7.073,OPTIMAL
grid_5x5_31,seed_milpsnap_grid5x5_low_bw25.json,1388,25,40,23,33.0435,0.0,9.278,OPTIMAL
grid_5x5_31,seed_milpsnap_grid5x5_low_bw25.json,1389,25,40,25,29.5652,0.0,16.018,OPTIMAL
grid_5x5_31,seed_milpsnap_grid5x5_low_bw25.json,1390,25,40,29,24.3478,0.022988505747126436,60.125,TIME_LIMIT(次佳解)
grid_5x5_31,seed_milpsnap_grid5x5_low_bw25.json,1391,25,40,30,24.3478,0.0,33.856,OPTIMAL
grid_5x5_31,seed_milpsnap_grid5x5_low_bw25.json,1392,25,40,30,25.2174,0.0,60.142,TIME_LIMIT(次佳解)
grid_5x5_31,seed_milpsnap_grid5x5_low_bw25.json,1393,25,40,30,25.2174,0.011627906976744186,60.138,TIME_LIMIT(次佳解)
grid_5x5_31,seed_milpsnap_grid5x5_low_bw25.json,1394,25,40,30,24.3478,0.0,44.899,OPTIMAL
grid_5x5_31,seed_milpsnap_grid5x5_low_bw25.json,1395,25,40,31,20.0,0.07608695652173914,60.141,TIME_LIMIT(次佳解)
grid_5x5_31,seed_milpsnap_grid5x5_low_bw25.json,1396,25,40,30,24.3478,0.0,57.098,OPTIMAL
grid_5x5_31,seed_milpsnap_grid5x5_low_bw25.json,1397,25,40,30,24.3478,0.04597701149425287,61.11,TIME_LIMIT(次佳解)
grid_5x5_31,seed_milpsnap_grid5x5_low_bw25.json,1398,25,40,28,25.2174,0.023255813953488372,60.319,TIME_LIMIT(次佳解)
grid_5x5_31,seed_milpsnap_grid5x5_low_bw25.json,1399,25,40,29,25.2174,0.0,45.459,OPTIMAL
grid_5x5_31,seed_milpsnap_grid5x5_low_bw25.json,1400,25,40,31,20.8696,0.04395604395604396,60.148,TIME_LIMIT(次佳解)
grid_5x5_31,seed_milpsnap_grid5x5_low_bw25.json,1401,25,40,30,20.8696,0.03296703296703297,60.142,TIME_LIMIT(次佳解)
grid_5x5_31,seed_milpsnap_grid5x5_low_bw25.json,1402,25,40,30,20.8696,0.07692307692307693,60.137,TIME_LIMIT(次佳解)
grid_5x5_31,seed_milpsnap_grid5x5_low_bw25.json,1403,25,40,31,17.3913,0.07368421052631578,60.169,TIME_LIMIT(次佳解)
grid_5x5_31,seed_milpsnap_grid5x5_low_bw25.json,1404,25,40,29,24.3478,0.0,35.512,OPTIMAL
grid_5x5_31,seed_milpsnap_grid5x5_low_bw25.json,1405,25,40,26,25.2174,0.0,24.951,OPTIMAL
grid_5x5_31,seed_milpsnap_grid5x5_low_bw25.json,1406,25,40,26,26.087,0.0,24.414,OPTIMAL
grid_5x5_31,seed_milpsnap_grid5x5_low_bw25.json,1407,25,40,23,33.0435,0.0,9.038,OPTIMAL
grid_5x5_31,seed_milpsnap_grid5x5_low_bw25.json,1408,25,40,24,33.0435,0.0,7.982,OPTIMAL
grid_5x5_31,seed_milpsnap_grid5x5_low_bw25.json,1409,25,40,26,26.087,0.0,23.092,OPTIMAL
grid_5x5_31,seed_milpsnap_grid5x5_low_bw25.json,1410,25,40,23,33.913,0.0,8.935,OPTIMAL
grid_5x5_31,seed_milpsnap_grid5x5_low_bw25.json,1411,25,40,24,33.0435,0.0,7.811,OPTIMAL
grid_5x5_31,seed_milpsnap_grid5x5_low_bw25.json,1412,25,40,27,33.0435,0.0,7.721,OPTIMAL
grid_5x5_31,seed_milpsnap_grid5x5_low_bw25.json,1413,25,40,28,33.0435,0.0,8.546,OPTIMAL
grid_5x5_31,seed_milpsnap_grid5x5_low_bw25.json,1414,25,40,28,29.5652,0.0,18.629,OPTIMAL
grid_5x5_31,seed_milpsnap_grid5x5_low_bw25.json,1415,25,40,27,29.5652,0.0,19.304,OPTIMAL
grid_5x5_31,seed_milpsnap_grid5x5_low_bw25.json,1416,25,40,26,33.0435,0.0,9.396,OPTIMAL
grid_5x5_31,seed_milpsnap_grid5x5_low_bw25.json,1417,25,40,27,33.0435,0.0,6.425,OPTIMAL
grid_5x5_31,seed_milpsnap_grid5x5_low_bw25.json,1418,25,40,30,28.6957,0.0,17.386,OPTIMAL
grid_5x5_31,seed_milpsnap_grid5x5_low_bw25.json,1419,25,40,31,28.6957,0.0,18.562,OPTIMAL
grid_5x5_31,seed_milpsnap_grid5x5_low_bw25.json,1420,25,40,34,24.3478,0.0,32.116,OPTIMAL
grid_5x5_31,seed_milpsnap_grid5x5_low_bw25.json,1421,25,40,33,25.2174,0.0,37.499,OPTIMAL
grid_5x5_31,seed_milpsnap_grid5x5_low_bw25.json,1422,25,40,36,20.0,0.08695652173913043,60.167,TIME_LIMIT(次佳解)
grid_5x5_31,seed_milpsnap_grid5x5_low_bw25.json,1423,25,40,34,20.0,0.08695652173913043,60.146,TIME_LIMIT(次佳解)
grid_5x5_31,seed_milpsnap_grid5x5_low_bw25.json,1424,25,40,32,24.3478,0.0,37.216,OPTIMAL
grid_5x5_31,seed_milpsnap_grid5x5_low_bw25.json,1425,25,40,34,20.0,0.021739130434782608,60.146,TIME_LIMIT(次佳解)
grid_5x5_31,seed_milpsnap_grid5x5_low_bw25.json,1426,25,40,33,20.8696,0.03296703296703297,60.138,TIME_LIMIT(次佳解)
grid_5x5_31,seed_milpsnap_grid5x5_low_bw25.json,1427,25,40,32,20.8696,0.01098901098901099,60.13,TIME_LIMIT(次佳解)
grid_5x5_31,seed_milpsnap_grid5x5_low_bw25.json,1428,25,40,34,16.5217,0.041666666666666664,60.143,TIME_LIMIT(次佳解)
grid_5x5_31,seed_milpsnap_grid5x5_low_bw25.json,1429,25,40,34,19.1304,0.043010752688172046,60.147,TIME_LIMIT(次佳解)
grid_5x5_31,seed_milpsnap_grid5x5_low_bw25.json,1430,25,40,35,14.7826,0.09183673469387756,60.208,TIME_LIMIT(次佳解)
grid_5x5_31,seed_milpsnap_grid5x5_low_bw25.json,1431,25,40,36,12.1739,0.16831683168316833,60.146,TIME_LIMIT(次佳解)
grid_5x5_31,seed_milpsnap_grid5x5_low_bw25.json,1432,25,40,38,11.3043,0.08823529411764706,60.18,TIME_LIMIT(次佳解)
grid_5x5_31,seed_milpsnap_grid5x5_low_bw25.json,1433,25,40,36,14.7826,0.07142857142857142,60.175,TIME_LIMIT(次佳解)
grid_5x5_31,seed_milpsnap_grid5x5_low_bw25.json,1434,25,40,37,14.7826,0.061224489795918366,60.153,TIME_LIMIT(次佳解)
grid_5x5_31,seed_milpsnap_grid5x5_low_bw25.json,1435,25,40,35,16.5217,0.03125,60.145,TIME_LIMIT(次佳解)
grid_5x5_31,seed_milpsnap_grid5x5_low_bw25.json,1436,25,40,36,12.1739,0.10891089108910891,60.138,TIME_LIMIT(次佳解)
grid_5x5_31,seed_milpsnap_grid5x5_low_bw25.json,1437,25,40,35,14.7826,0.09183673469387756,60.198,TIME_LIMIT(次佳解)
grid_5x5_31,seed_milpsnap_grid5x5_low_bw25.json,1438,25,40,34,15.6522,0.08247422680412371,60.181,TIME_LIMIT(次佳解)
grid_5x5_31,seed_milpsnap_grid5x5_low_bw25.json,1439,25,40,33,16.5217,0.07291666666666667,60.16,TIME_LIMIT(次佳解)
grid_5x5_31,seed_milpsnap_grid5x5_low_bw25.json,1440,25,40,34,20.0,0.021739130434782608,60.13,TIME_LIMIT(次佳解)
grid_5x5_31,seed_milpsnap_grid5x5_low_bw25.json,1441,25,40,35,15.6522,0.07216494845360824,60.187,TIME_LIMIT(次佳解)
grid_5x5_31,seed_milpsnap_grid5x5_low_bw25.json,1442,25,40,34,16.5217,0.0625,60.138,TIME_LIMIT(次佳解)
grid_5x5_31,seed_milpsnap_grid5x5_low_bw25.json,1443,25,40,36,13.913,0.050505050505050504,60.145,TIME_LIMIT(次佳解)
grid_5x5_31,seed_milpsnap_grid5x5_low_bw25.json,1444,25,40,34,15.6522,0.041237113402061855,60.122,TIME_LIMIT(次佳解)
grid_5x5_31,seed_milpsnap_grid5x5_low_bw25.json,1445,25,40,35,14.7826,0.061224489795918366,60.149,TIME_LIMIT(次佳解)
grid_5x5_31,seed_milpsnap_grid5x5_low_bw25.json,1446,25,40,38,13.913,0.0707070707070707,60.136,TIME_LIMIT(次佳解)
grid_5x5_31,seed_milpsnap_grid5x5_low_bw25.json,1447,25,40,36,13.913,0.09090909090909091,60.144,TIME_LIMIT(次佳解)
grid_5x5_31,seed_milpsnap_grid5x5_low_bw25.json,1448,25,40,36,19.1304,0.021505376344086023,60.153,TIME_LIMIT(次佳解)
grid_5x5_31,seed_milpsnap_grid5x5_low_bw25.json,1449,25,40,36,15.6522,0.05154639175257732,60.153,TIME_LIMIT(次佳解)
grid_5x5_31,seed_milpsnap_grid5x5_low_bw25.json,1450,25,40,37,14.7826,0.10204081632653061,60.163,TIME_LIMIT(次佳解)
grid_5x5_31,seed_milpsnap_grid5x5_low_bw25.json,1451,25,40,34,20.0,0.06521739130434782,60.151,TIME_LIMIT(次佳解)
grid_5x5_31,seed_milpsnap_grid5x5_low_bw25.json,1452,25,40,34,20.8696,0.04395604395604396,60.134,TIME_LIMIT(次佳解)
grid_5x5_31,seed_milpsnap_grid5x5_low_bw25.json,1453,25,40,37,20.0,0.043478260869565216,60.152,TIME_LIMIT(次佳解)
grid_5x5_31,seed_milpsnap_grid5x5_low_bw25.json,1454,25,40,38,16.5217,0.0625,60.175,TIME_LIMIT(次佳解)
grid_5x5_31,seed_milpsnap_grid5x5_low_bw25.json,1455,25,40,37,20.0,0.010869565217391304,60.147,TIME_LIMIT(次佳解)
grid_5x5_31,seed_milpsnap_grid5x5_low_bw25.json,1456,25,40,37,20.0,0.021739130434782608,60.14,TIME_LIMIT(次佳解)
grid_5x5_31,seed_milpsnap_grid5x5_low_bw25.json,1457,25,40,37,20.0,0.03260869565217391,60.153,TIME_LIMIT(次佳解)
grid_5x5_31,seed_milpsnap_grid5x5_low_bw25.json,1458,25,40,34,20.0,0.03260869565217391,60.139,TIME_LIMIT(次佳解)
grid_5x5_31,seed_milpsnap_grid5x5_low_bw25.json,1459,25,40,36,20.0,0.0,55.878,OPTIMAL
grid_5x5_31,seed_milpsnap_grid5x5_low_bw25.json,1460,25,40,35,19.1304,0.043010752688172046,60.145,TIME_LIMIT(次佳解)
grid_5x5_31,seed_milpsnap_grid5x5_low_bw25.json,1461,25,40,31,24.3478,0.0,33.211,OPTIMAL
grid_5x5_31,seed_milpsnap_grid5x5_low_bw25.json,1462,25,40,29,25.2174,0.05813953488372093,60.154,TIME_LIMIT(次佳解)
grid_5x5_31,seed_milpsnap_grid5x5_low_bw25.json,1463,25,40,27,28.6957,0.0,26.818,OPTIMAL
grid_5x5_31,seed_milpsnap_grid5x5_low_bw25.json,1464,25,40,26,33.0435,0.0,10.263,OPTIMAL
grid_5x5_31,seed_milpsnap_grid5x5_low_bw25.json,1465,25,40,27,26.087,0.047058823529411764,60.135,TIME_LIMIT(次佳解)
grid_5x5_31,seed_milpsnap_grid5x5_low_bw25.json,1466,25,40,30,24.3478,0.034482758620689655,60.238,TIME_LIMIT(次佳解)
grid_5x5_31,seed_milpsnap_grid5x5_low_bw25.json,1467,25,40,31,24.3478,0.0,48.406,OPTIMAL
