topo,seed_file,batch,n_switches,n_links,n_flows,energy_saving_percent,mip_gap,solve_time_sec,status
grid_5x5_31,seed_milpsnap_grid5x5_xlow.json,1,25,40,1,83.4783,0.0,0.101,OPTIMAL
grid_5x5_31,seed_milpsnap_grid5x5_xlow.json,2,25,40,3,69.5652,0.0,0.039,OPTIMAL
grid_5x5_31,seed_milpsnap_grid5x5_xlow.json,3,25,40,4,55.6522,0.0,0.169,OPTIMAL
grid_5x5_31,seed_milpsnap_grid5x5_xlow.json,4,25,40,5,52.1739,0.0,0.143,OPTIMAL
grid_5x5_31,seed_milpsnap_grid5x5_xlow.json,5,25,40,6,52.1739,0.0,0.162,OPTIMAL
grid_5x5_31,seed_milpsnap_grid5x5_xlow.json,6,25,40,7,52.1739,0.0,0.236,OPTIMAL
grid_5x5_31,seed_milpsnap_grid5x5_xlow.json,7,25,40,9,48.6957,0.0,0.333,OPTIMAL
grid_5x5_31,seed_milpsnap_grid5x5_xlow.json,8,25,40,11,48.6957,0.0,0.168,OPTIMAL
grid_5x5_31,seed_milpsnap_grid5x5_xlow.json,9,25,40,12,48.6957,0.0,0.155,OPTIMAL
grid_5x5_31,seed_milpsnap_grid5x5_xlow.json,10,25,40,14,48.6957,0.0,0.242,OPTIMAL
grid_5x5_31,seed_milpsnap_grid5x5_xlow.json,11,25,40,16,48.6957,0.0,0.29,OPTIMAL
grid_5x5_31,seed_milpsnap_grid5x5_xlow.json,12,25,40,16,48.6957,0.0,0.24,OPTIMAL
grid_5x5_31,seed_milpsnap_grid5x5_xlow.json,13,25,40,17,48.6957,0.0,0.353,OPTIMAL
grid_5x5_31,seed_milpsnap_grid5x5_xlow.json,14,25,40,17,48.6957,0.0,0.343,OPTIMAL
grid_5x5_31,seed_milpsnap_grid5x5_xlow.json,15,25,40,17,48.6957,0.0,0.277,OPTIMAL
grid_5x5_31,seed_milpsnap_grid5x5_xlow.json,16,25,40,18,48.6957,0.0,0.268,OPTIMAL
grid_5x5_31,seed_milpsnap_grid5x5_xlow.json,17,25,40,17,48.6957,0.0,0.299,OPTIMAL
grid_5x5_31,seed_milpsnap_grid5x5_xlow.json,18,25,40,18,48.6957,0.0,0.398,OPTIMAL
grid_5x5_31,seed_milpsnap_grid5x5_xlow.json,19,25,40,19,45.2174,0.0,0.456,OPTIMAL
grid_5x5_31,seed_milpsnap_grid5x5_xlow.json,20,25,40,17,45.2174,0.0,0.612,OPTIMAL
grid_5x5_31,seed_milpsnap_grid5x5_xlow.json,21,25,40,16,45.2174,0.0,0.422,OPTIMAL
grid_5x5_31,seed_milpsnap_grid5x5_xlow.json,22,25,40,16,45.2174,0.0,0.414,OPTIMAL
grid_5x5_31,seed_milpsnap_grid5x5_xlow.json,23,25,40,14,48.6957,0.0,0.211,OPTIMAL
grid_5x5_31,seed_milpsnap_grid5x5_xlow.json,24,25,40,14,48.6957,0.0,0.197,OPTIMAL
grid_5x5_31,seed_milpsnap_grid5x5_xlow.json,25,25,40,14,48.6957,0.0,0.254,OPTIMAL
grid_5x5_31,seed_milpsnap_grid5x5_xlow.json,26,25,40,13,48.6957,0.0,0.272,OPTIMAL
grid_5x5_31,seed_milpsnap_grid5x5_xlow.json,27,25,40,14,48.6957,0.0,0.279,OPTIMAL
grid_5x5_31,seed_milpsnap_grid5x5_xlow.json,28,25,40,14,48.6957,0.0,0.311,OPTIMAL
grid_5x5_31,seed_milpsnap_grid5x5_xlow.json,29,25,40,13,48.6957,0.0,0.214,OPTIMAL
grid_5x5_31,seed_milpsnap_grid5x5_xlow.json,30,25,40,15,48.6957,0.0,0.332,OPTIMAL
grid_5x5_31,seed_milpsnap_grid5x5_xlow.json,31,25,40,14,48.6957,0.0,0.243,OPTIMAL
grid_5x5_31,seed_milpsnap_grid5x5_xlow.json,32,25,40,12,52.1739,0.0,0.284,OPTIMAL
grid_5x5_31,seed_milpsnap_grid5x5_xlow.json,33,25,40,13,52.1739,0.0,0.251,OPTIMAL
grid_5x5_31,seed_milpsnap_grid5x5_xlow.json,34,25,40,15,48.6957,0.0,0.25,OPTIMAL
grid_5x5_31,seed_milpsnap_grid5x5_xlow.json,35,25,40,16,48.6957,0.0,0.286,OPTIMAL
grid_5x5_31,seed_milpsnap_grid5x5_xlow.json,36,25,40,14,48.6957,0.0,0.256,OPTIMAL
grid_5x5_31,seed_milpsnap_grid5x5_xlow.json,37,25,40,16,48.6957,0.0,0.234,OPTIMAL
grid_5x5_31,seed_milpsnap_grid5x5_xlow.json,38,25,40,18,48.6957,0.0,0.332,OPTIMAL
grid_5x5_31,seed_milpsnap_grid5x5_xlow.json,39,25,40,16,48.6957,0.0,0.214,OPTIMAL
grid_5x5_31,seed_milpsnap_grid5x5_xlow.json,40,25,40,15,48.6957,0.0,0.236,OPTIMAL
grid_5x5_31,seed_milpsnap_grid5x5_xlow.json,41,25,40,17,48.6957,0.0,0.246,OPTIMAL
grid_5x5_31,seed_milpsnap_grid5x5_xlow.json,42,25,40,16,48.6957,0.0,0.259,OPTIMAL
grid_5x5_31,seed_milpsnap_grid5x5_xlow.json,43,25,40,19,48.6957,0.0,0.263,OPTIMAL
grid_5x5_31,seed_milpsnap_grid5x5_xlow.json,44,25,40,20,48.6957,0.0,0.336,OPTIMAL
grid_5x5_31,seed_milpsnap_grid5x5_xlow.json,45,25,40,19,48.6957,0.0,0.368,OPTIMAL
grid_5x5_31,seed_milpsnap_grid5x5_xlow.json,46,25,40,20,48.6957,0.0,0.263,OPTIMAL
grid_5x5_31,seed_milpsnap_grid5x5_xlow.json,47,25,40,20,45.2174,0.0,0.394,OPTIMAL
grid_5x5_31,seed_milpsnap_grid5x5_xlow.json,48,25,40,21,45.2174,0.0,0.886,OPTIMAL
grid_5x5_31,seed_milpsnap_grid5x5_xlow.json,49,25,40,20,45.2174,0.0,0.587,OPTIMAL
grid_5x5_31,seed_milpsnap_grid5x5_xlow.json,50,25,40,19,45.2174,0.0,0.662,OPTIMAL
grid_5x5_31,seed_milpsnap_grid5x5_xlow.json,51,25,40,18,45.2174,0.0,0.566,OPTIMAL
grid_5x5_31,seed_milpsnap_grid5x5_xlow.json,52,25,40,17,45.2174,0.0,0.488,OPTIMAL
grid_5x5_31,seed_milpsnap_grid5x5_xlow.json,53,25,40,15,48.6957,0.0,0.313,OPTIMAL
grid_5x5_31,seed_milpsnap_grid5x5_xlow.json,54,25,40,16,48.6957,0.0,0.232,OPTIMAL
grid_5x5_31,seed_milpsnap_grid5x5_xlow.json,55,25,40,19,45.2174,0.0,0.42,OPTIMAL
grid_5x5_31,seed_milpsnap_grid5x5_xlow.json,56,25,40,18,45.2174,0.0,0.463,OPTIMAL
grid_5x5_31,seed_milpsnap_grid5x5_xlow.json,57,25,40,21,45.2174,0.0,0.784,OPTIMAL
grid_5x5_31,seed_milpsnap_grid5x5_xlow.json,58,25,40,18,48.6957,0.0,0.369,OPTIMAL
grid_5x5_31,seed_milpsnap_grid5x5_xlow.json,59,25,40,17,48.6957,0.0,0.31,OPTIMAL
grid_5x5_31,seed_milpsnap_grid5x5_xlow.json,60,25,40,18,48.6957,0.0,0.345,OPTIMAL
grid_5x5_31,seed_milpsnap_grid5x5_xlow.json,61,25,40,19,48.6957,0.0,0.285,OPTIMAL
grid_5x5_31,seed_milpsnap_grid5x5_xlow.json,62,25,40,19,48.6957,0.0,0.428,OPTIMAL
grid_5x5_31,seed_milpsnap_grid5x5_xlow.json,63,25,40,19,48.6957,0.0,0.44,OPTIMAL
grid_5x5_31,seed_milpsnap_grid5x5_xlow.json,64,25,40,19,48.6957,0.0,0.347,OPTIMAL
grid_5x5_31,seed_milpsnap_grid5x5_xlow.json,65,25,40,20,48.6957,0.0,0.322,OPTIMAL
grid_5x5_31,seed_milpsnap_grid5x5_xlow.json,66,25,40,21,48.6957,0.0,0.347,OPTIMAL
grid_5x5_31,seed_milpsnap_grid5x5_xlow.json,67,25,40,20,48.6957,0.0,0.346,OPTIMAL
grid_5x5_31,seed_milpsnap_grid5x5_xlow.json,68,25,40,24,48.6957,0.0,0.354,OPTIMAL
grid_5x5_31,seed_milpsnap_grid5x5_xlow.json,69,25,40,24,48.6957,0.0,0.422,OPTIMAL
grid_5x5_31,seed_milpsnap_grid5x5_xlow.json,70,25,40,22,48.6957,0.0,0.329,OPTIMAL
grid_5x5_31,seed_milpsnap_grid5x5_xlow.json,71,25,40,21,48.6957,0.0,0.312,OPTIMAL
grid_5x5_31,seed_milpsnap_grid5x5_xlow.json,72,25,40,18,48.6957,0.0,0.25,OPTIMAL
grid_5x5_31,seed_milpsnap_grid5x5_xlow.json,73,25,40,17,48.6957,0.0,0.253,OPTIMAL
grid_5x5_31,seed_milpsnap_grid5x5_xlow.json,74,25,40,17,45.2174,0.0,0.3,OPTIMAL
grid_5x5_31,seed_milpsnap_grid5x5_xlow.json,75,25,40,15,48.6957,0.0,0.225,OPTIMAL
grid_5x5_31,seed_milpsnap_grid5x5_xlow.json,76,25,40,13,48.6957,0.0,0.343,OPTIMAL
grid_5x5_31,seed_milpsnap_grid5x5_xlow.json,77,25,40,15,48.6957,0.0,0.385,OPTIMAL
grid_5x5_31,seed_milpsnap_grid5x5_xlow.json,78,25,40,17,48.6957,0.0,0.391,OPTIMAL
grid_5x5_31,seed_milpsnap_grid5x5_xlow.json,79,25,40,16,48.6957,0.0,0.394,OPTIMAL
grid_5x5_31,seed_milpsnap_grid5x5_xlow.json,80,25,40,15,48.6957,0.0,0.239,OPTIMAL
grid_5x5_31,seed_milpsnap_grid5x5_xlow.json,81,25,40,15,48.6957,0.0,0.211,OPTIMAL
grid_5x5_31,seed_milpsnap_grid5x5_xlow.json,82,25,40,13,52.1739,0.0,0.245,OPTIMAL
grid_5x5_31,seed_milpsnap_grid5x5_xlow.json,83,25,40,15,48.6957,0.0,0.249,OPTIMAL
grid_5x5_31,seed_milpsnap_grid5x5_xlow.json,84,25,40,16,48.6957,0.0,0.335,OPTIMAL
grid_5x5_31,seed_milpsnap_grid5x5_xlow.json,85,25,40,20,48.6957,0.0,0.497,OPTIMAL
grid_5x5_31,seed_milpsnap_grid5x5_xlow.json,86,25,40,21,48.6957,0.0,0.318,OPTIMAL
grid_5x5_31,seed_milpsnap_grid5x5_xlow.json,87,25,40,22,45.2174,0.0,0.492,OPTIMAL
grid_5x5_31,seed_milpsnap_grid5x5_xlow.json,88,25,40,23,45.2174,0.0,0.759,OPTIMAL
grid_5x5_31,seed_milpsnap_grid5x5_xlow.json,89,25,40,24,45.2174,0.0,0.547,OPTIMAL
grid_5x5_31,seed_milpsnap_grid5x5_xlow.json,90,25,40,22,48.6957,0.0,0.657,OPTIMAL
grid_5x5_31,seed_milpsnap_grid5x5_xlow.json,91,25,40,19,48.6957,0.0,0.378,OPTIMAL
grid_5x5_31,seed_milpsnap_grid5x5_xlow.json,92,25,40,20,48.6957,0.0,0.866,OPTIMAL
grid_5x5_31,seed_milpsnap_grid5x5_xlow.json,93,25,40,19,48.6957,0.0,0.867,OPTIMAL
grid_5x5_31,seed_milpsnap_grid5x5_xlow.json,94,25,40,20,48.6957,0.0,0.849,OPTIMAL
grid_5x5_31,seed_milpsnap_grid5x5_xlow.json,95,25,40,18,48.6957,0.0,0.496,OPTIMAL
grid_5x5_31,seed_milpsnap_grid5x5_xlow.json,96,25,40,17,48.6957,0.0,0.284,OPTIMAL
grid_5x5_31,seed_milpsnap_grid5x5_xlow.json,97,25,40,18,48.6957,0.0,0.337,OPTIMAL
grid_5x5_31,seed_milpsnap_grid5x5_xlow.json,98,25,40,14,48.6957,0.0,0.21,OPTIMAL
grid_5x5_31,seed_milpsnap_grid5x5_xlow.json,99,25,40,13,48.6957,0.0,0.316,OPTIMAL
grid_5x5_31,seed_milpsnap_grid5x5_xlow.json,100,25,40,11,48.6957,0.0,0.279,OPTIMAL
grid_5x5_31,seed_milpsnap_grid5x5_xlow.json,101,25,40,14,48.6957,0.0,0.2,OPTIMAL
grid_5x5_31,seed_milpsnap_grid5x5_xlow.json,102,25,40,14,48.6957,0.0,0.168,OPTIMAL
grid_5x5_31,seed_milpsnap_grid5x5_xlow.json,103,25,40,14,48.6957,0.0,0.201,OPTIMAL
grid_5x5_31,seed_milpsnap_grid5x5_xlow.json,104,25,40,13,52.1739,0.0,0.208,OPTIMAL
grid_5x5_31,seed_milpsnap_grid5x5_xlow.json,105,25,40,14,52.1739,0.0,0.171,OPTIMAL
grid_5x5_31,seed_milpsnap_grid5x5_xlow.json,106,25,40,16,48.6957,0.0,0.278,OPTIMAL
grid_5x5_31,seed_milpsnap_grid5x5_xlow.json,107,25,40,16,52.1739,0.0,0.18,OPTIMAL
grid_5x5_31,seed_milpsnap_grid5x5_xlow.json,108,25,40,18,52.1739,0.0,0.193,OPTIMAL
grid_5x5_31,seed_milpsnap_grid5x5_xlow.json,109,25,40,17,48.6957,0.0,0.232,OPTIMAL
grid_5x5_31,seed_milpsnap_grid5x5_xlow.json,110,25,40,15,48.6957,0.0,0.23,OPTIMAL
grid_5x5_31,seed_milpsnap_grid5x5_xlow.json,111,25,40,16,48.6957,0.0,0.242,OPTIMAL
grid_5x5_31,seed_milpsnap_grid5x5_xlow.json,112,25,40,17,48.6957,0.0,0.238,OPTIMAL
grid_5x5_31,seed_milpsnap_grid5x5_xlow.json,113,25,40,14,48.6957,0.0,0.266,OPTIMAL
grid_5x5_31,seed_milpsnap_grid5x5_xlow.json,114,25,40,13,48.6957,0.0,0.167,OPTIMAL
grid_5x5_31,seed_milpsnap_grid5x5_xlow.json,115,25,40,13,48.6957,0.0,0.226,OPTIMAL
grid_5x5_31,seed_milpsnap_grid5x5_xlow.json,116,25,40,17,48.6957,0.0,0.196,OPTIMAL
grid_5x5_31,seed_milpsnap_grid5x5_xlow.json,117,25,40,16,48.6957,0.0,0.234,OPTIMAL
grid_5x5_31,seed_milpsnap_grid5x5_xlow.json,118,25,40,15,48.6957,0.0,0.221,OPTIMAL
grid_5x5_31,seed_milpsnap_grid5x5_xlow.json,119,25,40,14,48.6957,0.0,0.194,OPTIMAL
grid_5x5_31,seed_milpsnap_grid5x5_xlow.json,120,25,40,12,52.1739,0.0,0.237,OPTIMAL
grid_5x5_31,seed_milpsnap_grid5x5_xlow.json,121,25,40,13,52.1739,0.0,0.201,OPTIMAL
grid_5x5_31,seed_milpsnap_grid5x5_xlow.json,122,25,40,13,52.1739,0.0,0.261,OPTIMAL
grid_5x5_31,seed_milpsnap_grid5x5_xlow.json,123,25,40,12,55.6522,0.0,0.165,OPTIMAL
grid_5x5_31,seed_milpsnap_grid5x5_xlow.json,124,25,40,13,52.1739,0.0,0.175,OPTIMAL
grid_5x5_31,seed_milpsnap_grid5x5_xlow.json,125,25,40,12,52.1739,0.0,0.313,OPTIMAL
grid_5x5_31,seed_milpsnap_grid5x5_xlow.json,126,25,40,13,52.1739,0.0,0.152,OPTIMAL
grid_5x5_31,seed_milpsnap_grid5x5_xlow.json,127,25,40,14,52.1739,0.0,0.202,OPTIMAL
grid_5x5_31,seed_milpsnap_grid5x5_xlow.json,128,25,40,13,52.1739,0.0,0.167,OPTIMAL
grid_5x5_31,seed_milpsnap_grid5x5_xlow.json,129,25,40,10,48.6957,0.0,0.181,OPTIMAL
grid_5x5_31,seed_milpsnap_grid5x5_xlow.json,130,25,40,11,48.6957,0.0,0.28,OPTIMAL
grid_5x5_31,seed_milpsnap_grid5x5_xlow.json,131,25,40,13,48.6957,0.0,0.182,OPTIMAL
grid_5x5_31,seed_milpsnap_grid5x5_xlow.json,132,25,40,13,52.1739,0.0,0.252,OPTIMAL
grid_5x5_31,seed_milpsnap_grid5x5_xlow.json,133,25,40,1,76.5217,0.0,0.059,OPTIMAL
grid_5x5_31,seed_milpsnap_grid5x5_xlow.json,134,25,40,2,66.087,0.0,0.1,OPTIMAL
grid_5x5_31,seed_milpsnap_grid5x5_xlow.json,135,25,40,3,66.087,0.0,0.046,OPTIMAL
grid_5x5_31,seed_milpsnap_grid5x5_xlow.json,136,25,40,5,59.1304,0.0,0.081,OPTIMAL
grid_5x5_31,seed_milpsnap_grid5x5_xlow.json,137,25,40,6,52.1739,0.0,0.475,OPTIMAL
grid_5x5_31,seed_milpsnap_grid5x5_xlow.json,138,25,40,7,52.1739,0.0,0.527,OPTIMAL
grid_5x5_31,seed_milpsnap_grid5x5_xlow.json,139,25,40,8,52.1739,0.0,0.411,OPTIMAL
grid_5x5_31,seed_milpsnap_grid5x5_xlow.json,140,25,40,9,52.1739,0.0,0.225,OPTIMAL
grid_5x5_31,seed_milpsnap_grid5x5_xlow.json,141,25,40,11,48.6957,0.0,0.193,OPTIMAL
grid_5x5_31,seed_milpsnap_grid5x5_xlow.json,142,25,40,12,48.6957,0.0,0.257,OPTIMAL
grid_5x5_31,seed_milpsnap_grid5x5_xlow.json,143,25,40,14,48.6957,0.0,0.242,OPTIMAL
grid_5x5_31,seed_milpsnap_grid5x5_xlow.json,144,25,40,15,48.6957,0.0,0.213,OPTIMAL
grid_5x5_31,seed_milpsnap_grid5x5_xlow.json,145,25,40,17,48.6957,0.0,0.299,OPTIMAL
grid_5x5_31,seed_milpsnap_grid5x5_xlow.json,146,25,40,17,48.6957,0.0,0.231,OPTIMAL
grid_5x5_31,seed_milpsnap_grid5x5_xlow.json,147,25,40,18,48.6957,0.0,0.3,OPTIMAL
grid_5x5_31,seed_milpsnap_grid5x5_xlow.json,148,25,40,17,48.6957,0.0,0.233,OPTIMAL
grid_5x5_31,seed_milpsnap_grid5x5_xlow.json,149,25,40,15,48.6957,0.0,0.277,OPTIMAL
grid_5x5_31,seed_milpsnap_grid5x5_xlow.json,150,25,40,15,48.6957,0.0,0.358,OPTIMAL
grid_5x5_31,seed_milpsnap_grid5x5_xlow.json,151,25,40,14,48.6957,0.0,0.294,OPTIMAL
grid_5x5_31,seed_milpsnap_grid5x5_xlow.json,152,25,40,14,48.6957,0.0,0.32,OPTIMAL
grid_5x5_31,seed_milpsnap_grid5x5_xlow.json,153,25,40,14,48.6957,0.0,0.276,OPTIMAL
grid_5x5_31,seed_milpsnap_grid5x5_xlow.json,154,25,40,13,48.6957,0.0,0.231,OPTIMAL
grid_5x5_31,seed_milpsnap_grid5x5_xlow.json,155,25,40,12,48.6957,0.0,0.177,OPTIMAL
grid_5x5_31,seed_milpsnap_grid5x5_xlow.json,156,25,40,12,48.6957,0.0,0.385,OPTIMAL
grid_5x5_31,seed_milpsnap_grid5x5_xlow.json,157,25,40,12,48.6957,0.0,0.286,OPTIMAL
grid_5x5_31,seed_milpsnap_grid5x5_xlow.json,158,25,40,9,55.6522,0.0,0.207,OPTIMAL
grid_5x5_31,seed_milpsnap_grid5x5_xlow.json,159,25,40,9,52.1739,0.0,0.204,OPTIMAL
grid_5x5_31,seed_milpsnap_grid5x5_xlow.json,160,25,40,10,52.1739,0.0,0.208,OPTIMAL
grid_5x5_31,seed_milpsnap_grid5x5_xlow.json,161,25,40,11,52.1739,0.0,0.195,OPTIMAL
grid_5x5_31,seed_milpsnap_grid5x5_xlow.json,162,25,40,10,52.1739,0.0,0.299,OPTIMAL
grid_5x5_31,seed_milpsnap_grid5x5_xlow.json,163,25,40,13,52.1739,0.0,0.276,OPTIMAL
grid_5x5_31,seed_milpsnap_grid5x5_xlow.json,164,25,40,12,52.1739,0.0,0.299,OPTIMAL
grid_5x5_31,seed_milpsnap_grid5x5_xlow.json,165,25,40,14,52.1739,0.0,0.152,OPTIMAL
grid_5x5_31,seed_milpsnap_grid5x5_xlow.json,166,25,40,13,52.1739,0.0,0.235,OPTIMAL
grid_5x5_31,seed_milpsnap_grid5x5_xlow.json,167,25,40,14,48.6957,0.0,0.22,OPTIMAL
grid_5x5_31,seed_milpsnap_grid5x5_xlow.json,168,25,40,17,48.6957,0.0,0.325,OPTIMAL
grid_5x5_31,seed_milpsnap_grid5x5_xlow.json,169,25,40,19,45.2174,0.0,0.596,OPTIMAL
grid_5x5_31,seed_milpsnap_grid5x5_xlow.json,170,25,40,23,45.2174,0.0,0.439,OPTIMAL
grid_5x5_31,seed_milpsnap_grid5x5_xlow.json,171,25,40,24,45.2174,0.0,0.671,OPTIMAL
grid_5x5_31,seed_milpsnap_grid5x5_xlow.json,172,25,40,24,45.2174,0.0,0.532,OPTIMAL
grid_5x5_31,seed_milpsnap_grid5x5_xlow.json,173,25,40,22,45.2174,0.0,0.475,OPTIMAL
grid_5x5_31,seed_milpsnap_grid5x5_xlow.json,174,25,40,22,48.6957,0.0,0.373,OPTIMAL
grid_5x5_31,seed_milpsnap_grid5x5_xlow.json,175,25,40,23,48.6957,0.0,0.418,OPTIMAL
grid_5x5_31,seed_milpsnap_grid5x5_xlow.json,176,25,40,25,45.2174,0.0,0.632,OPTIMAL
grid_5x5_31,seed_milpsnap_grid5x5_xlow.json,177,25,40,22,45.2174,0.0,0.499,OPTIMAL
grid_5x5_31,seed_milpsnap_grid5x5_xlow.json,178,25,40,20,45.2174,0.0,0.488,OPTIMAL
grid_5x5_31,seed_milpsnap_grid5x5_xlow.json,179,25,40,22,45.2174,0.0,0.516,OPTIMAL
grid_5x5_31,seed_milpsnap_grid5x5_xlow.json,180,25,40,23,45.2174,0.0,0.689,OPTIMAL
grid_5x5_31,seed_milpsnap_grid5x5_xlow.json,181,25,40,21,45.2174,0.0,0.476,OPTIMAL
grid_5x5_31,seed_milpsnap_grid5x5_xlow.json,182,25,40,20,48.6957,0.0,0.329,OPTIMAL
grid_5x5_31,seed_milpsnap_grid5x5_xlow.json,183,25,40,19,48.6957,0.0,0.418,OPTIMAL
grid_5x5_31,seed_milpsnap_grid5x5_xlow.json,184,25,40,15,48.6957,0.0,0.222,OPTIMAL
grid_5x5_31,seed_milpsnap_grid5x5_xlow.json,185,25,40,14,48.6957,0.0,0.24,OPTIMAL
grid_5x5_31,seed_milpsnap_grid5x5_xlow.json,186,25,40,15,46.087,0.0,0.253,OPTIMAL
grid_5x5_31,seed_milpsnap_grid5x5_xlow.json,187,25,40,17,46.087,0.0,0.347,OPTIMAL
grid_5x5_31,seed_milpsnap_grid5x5_xlow.json,188,25,40,17,46.087,0.0,0.318,OPTIMAL
grid_5x5_31,seed_milpsnap_grid5x5_xlow.json,189,25,40,17,46.087,0.0,0.43,OPTIMAL
grid_5x5_31,seed_milpsnap_grid5x5_xlow.json,190,25,40,15,46.087,0.0,0.323,OPTIMAL
grid_5x5_31,seed_milpsnap_grid5x5_xlow.json,191,25,40,15,49.5652,0.0,0.162,OPTIMAL
grid_5x5_31,seed_milpsnap_grid5x5_xlow.json,192,25,40,14,49.5652,0.0,0.22,OPTIMAL
grid_5x5_31,seed_milpsnap_grid5x5_xlow.json,193,25,40,14,49.5652,0.0,0.225,OPTIMAL
grid_5x5_31,seed_milpsnap_grid5x5_xlow.json,194,25,40,16,49.5652,0.0,0.189,OPTIMAL
grid_5x5_31,seed_milpsnap_grid5x5_xlow.json,195,25,40,14,49.5652,0.0,0.257,OPTIMAL
grid_5x5_31,seed_milpsnap_grid5x5_xlow.json,196,25,40,15,48.6957,0.0,0.247,OPTIMAL
grid_5x5_31,seed_milpsnap_grid5x5_xlow.json,197,25,40,14,48.6957,0.0,0.344,OPTIMAL
grid_5x5_31,seed_milpsnap_grid5x5_xlow.json,198,25,40,13,48.6957,0.0,0.408,OPTIMAL
grid_5x5_31,seed_milpsnap_grid5x5_xlow.json,199,25,40,11,48.6957,0.0,0.246,OPTIMAL
grid_5x5_31,seed_milpsnap_grid5x5_xlow.json,200,25,40,12,48.6957,0.0,0.394,OPTIMAL
grid_5x5_31,seed_milpsnap_grid5x5_xlow.json,201,25,40,12,48.6957,0.0,0.341,OPTIMAL
grid_5x5_31,seed_milpsnap_grid5x5_xlow.json,202,25,40,14,48.6957,0.0,0.266,OPTIMAL
grid_5x5_31,seed_milpsnap_grid5x5_xlow.json,203,25,40,16,48.6957,0.0,0.243,OPTIMAL
grid_5x5_31,seed_milpsnap_grid5x5_xlow.json,204,25,40,17,48.6957,0.0,0.207,OPTIMAL
grid_5x5_31,seed_milpsnap_grid5x5_xlow.json,205,25,40,16,48.6957,0.0,0.306,OPTIMAL
grid_5x5_31,seed_milpsnap_grid5x5_xlow.json,206,25,40,16,48.6957,0.0,0.247,OPTIMAL
grid_5x5_31,seed_milpsnap_grid5x5_xlow.json,207,25,40,16,48.6957,0.0,0.226,OPTIMAL
grid_5x5_31,seed_milpsnap_grid5x5_xlow.json,208,25,40,13,48.6957,0.0,0.243,OPTIMAL
grid_5x5_31,seed_milpsnap_grid5x5_xlow.json,209,25,40,12,48.6957,0.0,0.363,OPTIMAL
grid_5x5_31,seed_milpsnap_grid5x5_xlow.json,210,25,40,13,48.6957,0.0,0.522,OPTIMAL
grid_5x5_31,seed_milpsnap_grid5x5_xlow.json,211,25,40,14,48.6957,0.0,0.452,OPTIMAL
grid_5x5_31,seed_milpsnap_grid5x5_xlow.json,212,25,40,13,48.6957,0.0,0.4,OPTIMAL
grid_5x5_31,seed_milpsnap_grid5x5_xlow.json,213,25,40,14,48.6957,0.0,0.501,OPTIMAL
grid_5x5_31,seed_milpsnap_grid5x5_xlow.json,214,25,40,12,48.6957,0.0,0.314,OPTIMAL
grid_5x5_31,seed_milpsnap_grid5x5_xlow.json,215,25,40,11,48.6957,0.0,0.398,OPTIMAL
grid_5x5_31,seed_milpsnap_grid5x5_xlow.json,216,25,40,9,55.6522,0.0,0.216,OPTIMAL
grid_5x5_31,seed_milpsnap_grid5x5_xlow.json,217,25,40,8,59.1304,0.0,0.161,OPTIMAL
grid_5x5_31,seed_milpsnap_grid5x5_xlow.json,218,25,40,9,55.6522,0.0,0.142,OPTIMAL
grid_5x5_31,seed_milpsnap_grid5x5_xlow.json,219,25,40,10,55.6522,0.0,0.145,OPTIMAL
grid_5x5_31,seed_milpsnap_grid5x5_xlow.json,220,25,40,10,55.6522,0.0,0.145,OPTIMAL
grid_5x5_31,seed_milpsnap_grid5x5_xlow.json,221,25,40,12,48.6957,0.0,0.187,OPTIMAL
grid_5x5_31,seed_milpsnap_grid5x5_xlow.json,222,25,40,12,48.6957,0.0,0.281,OPTIMAL
grid_5x5_31,seed_milpsnap_grid5x5_xlow.json,223,25,40,11,48.6957,0.0,0.226,OPTIMAL
grid_5x5_31,seed_milpsnap_grid5x5_xlow.json,224,25,40,12,48.6957,0.0,0.215,OPTIMAL
grid_5x5_31,seed_milpsnap_grid5x5_xlow.json,225,25,40,12,52.1739,0.0,0.189,OPTIMAL
grid_5x5_31,seed_milpsnap_grid5x5_xlow.json,226,25,40,15,48.6957,0.0,0.361,OPTIMAL
grid_5x5_31,seed_milpsnap_grid5x5_xlow.json,227,25,40,18,48.6957,0.0,0.334,OPTIMAL
grid_5x5_31,seed_milpsnap_grid5x5_xlow.json,228,25,40,19,48.6957,0.0,0.338,OPTIMAL
grid_5x5_31,seed_milpsnap_grid5x5_xlow.json,229,25,40,18,48.6957,0.0,0.364,OPTIMAL
grid_5x5_31,seed_milpsnap_grid5x5_xlow.json,230,25,40,18,48.6957,0.0,0.373,OPTIMAL
grid_5x5_31,seed_milpsnap_grid5x5_xlow.json,231,25,40,17,48.6957,0.0,0.285,OPTIMAL
grid_5x5_31,seed_milpsnap_grid5x5_xlow.json,232,25,40,16,48.6957,0.0,0.228,OPTIMAL
grid_5x5_31,seed_milpsnap_grid5x5_xlow.json,233,25,40,14,48.6957,0.0,0.306,OPTIMAL
grid_5x5_31,seed_milpsnap_grid5x5_xlow.json,234,25,40,16,48.6957,0.0,0.267,OPTIMAL
grid_5x5_31,seed_milpsnap_grid5x5_xlow.json,235,25,40,19,48.6957,0.0,0.235,OPTIMAL
grid_5x5_31,seed_milpsnap_grid5x5_xlow.json,236,25,40,17,48.6957,0.0,0.38,OPTIMAL
grid_5x5_31,seed_milpsnap_grid5x5_xlow.json,237,25,40,17,48.6957,0.0,0.326,OPTIMAL
grid_5x5_31,seed_milpsnap_grid5x5_xlow.json,238,25,40,15,48.6957,0.0,0.289,OPTIMAL
grid_5x5_31,seed_milpsnap_grid5x5_xlow.json,239,25,40,13,48.6957,0.0,0.389,OPTIMAL
grid_5x5_31,seed_milpsnap_grid5x5_xlow.json,240,25,40,12,48.6957,0.0,0.329,OPTIMAL
grid_5x5_31,seed_milpsnap_grid5x5_xlow.json,241,25,40,12,48.6957,0.0,0.215,OPTIMAL
grid_5x5_31,seed_milpsnap_grid5x5_xlow.json,242,25,40,16,48.6957,0.0,0.23,OPTIMAL
grid_5x5_31,seed_milpsnap_grid5x5_xlow.json,243,25,40,18,48.6957,0.0,0.258,OPTIMAL
grid_5x5_31,seed_milpsnap_grid5x5_xlow.json,244,25,40,22,48.6957,0.0,0.349,OPTIMAL
grid_5x5_31,seed_milpsnap_grid5x5_xlow.json,245,25,40,19,48.6957,0.0,0.271,OPTIMAL
grid_5x5_31,seed_milpsnap_grid5x5_xlow.json,246,25,40,18,48.6957,0.0,0.375,OPTIMAL
grid_5x5_31,seed_milpsnap_grid5x5_xlow.json,247,25,40,20,48.6957,0.0,0.269,OPTIMAL
grid_5x5_31,seed_milpsnap_grid5x5_xlow.json,248,25,40,19,48.6957,0.0,0.31,OPTIMAL
grid_5x5_31,seed_milpsnap_grid5x5_xlow.json,249,25,40,19,48.6957,0.0,0.335,OPTIMAL
grid_5x5_31,seed_milpsnap_grid5x5_xlow.json,250,25,40,20,48.6957,0.0,0.333,OPTIMAL
grid_5x5_31,seed_milpsnap_grid5x5_xlow.json,251,25,40,21,48.6957,0.0,0.315,OPTIMAL
grid_5x5_31,seed_milpsnap_grid5x5_xlow.json,252,25,40,22,45.2174,0.0,0.482,OPTIMAL
grid_5x5_31,seed_milpsnap_grid5x5_xlow.json,253,25,40,21,48.6957,0.0,0.355,OPTIMAL
grid_5x5_31,seed_milpsnap_grid5x5_xlow.json,254,25,40,18,48.6957,0.0,0.255,OPTIMAL
grid_5x5_31,seed_milpsnap_grid5x5_xlow.json,255,25,40,17,48.6957,0.0,0.365,OPTIMAL
grid_5x5_31,seed_milpsnap_grid5x5_xlow.json,256,25,40,13,52.1739,0.0,0.288,OPTIMAL
grid_5x5_31,seed_milpsnap_grid5x5_xlow.json,257,25,40,14,48.6957,0.0,0.276,OPTIMAL
grid_5x5_31,seed_milpsnap_grid5x5_xlow.json,258,25,40,12,48.6957,0.0,0.348,OPTIMAL
grid_5x5_31,seed_milpsnap_grid5x5_xlow.json,259,25,40,15,48.6957,0.0,0.258,OPTIMAL
grid_5x5_31,seed_milpsnap_grid5x5_xlow.json,260,25,40,1,93.913,0.0,0.007,OPTIMAL
grid_5x5_31,seed_milpsnap_grid5x5_xlow.json,261,25,40,3,60.8696,0.0,0.044,OPTIMAL
grid_5x5_31,seed_milpsnap_grid5x5_xlow.json,262,25,40,4,55.6522,0.0,0.102,OPTIMAL
grid_5x5_31,seed_milpsnap_grid5x5_xlow.json,263,25,40,5,53.0435,0.0,0.137,OPTIMAL
grid_5x5_31,seed_milpsnap_grid5x5_xlow.json,264,25,40,7,52.1739,0.0,0.124,OPTIMAL
grid_5x5_31,seed_milpsnap_grid5x5_xlow.json,265,25,40,9,48.6957,0.0,0.124,OPTIMAL
grid_5x5_31,seed_milpsnap_grid5x5_xlow.json,266,25,40,11,45.2174,0.0,0.269,OPTIMAL
grid_5x5_31,seed_milpsnap_grid5x5_xlow.json,267,25,40,13,45.2174,0.0,0.307,OPTIMAL
grid_5x5_31,seed_milpsnap_grid5x5_xlow.json,268,25,40,14,45.2174,0.0,0.297,OPTIMAL
grid_5x5_31,seed_milpsnap_grid5x5_xlow.json,269,25,40,17,45.2174,0.0,0.355,OPTIMAL
grid_5x5_31,seed_milpsnap_grid5x5_xlow.json,270,25,40,18,45.2174,0.0,0.463,OPTIMAL
grid_5x5_31,seed_milpsnap_grid5x5_xlow.json,271,25,40,18,45.2174,0.0,0.375,OPTIMAL
grid_5x5_31,seed_milpsnap_grid5x5_xlow.json,272,25,40,17,48.6957,0.0,0.26,OPTIMAL
grid_5x5_31,seed_milpsnap_grid5x5_xlow.json,273,25,40,21,45.2174,0.0,0.532,OPTIMAL
grid_5x5_31,seed_milpsnap_grid5x5_xlow.json,274,25,40,22,45.2174,0.0,0.434,OPTIMAL
grid_5x5_31,seed_milpsnap_grid5x5_xlow.json,275,25,40,23,45.2174,0.0,0.587,OPTIMAL
grid_5x5_31,seed_milpsnap_grid5x5_xlow.json,276,25,40,21,45.2174,0.0,0.491,OPTIMAL
grid_5x5_31,seed_milpsnap_grid5x5_xlow.json,277,25,40,21,45.2174,0.0,0.533,OPTIMAL
grid_5x5_31,seed_milpsnap_grid5x5_xlow.json,278,25,40,21,45.2174,0.0,0.453,OPTIMAL
grid_5x5_31,seed_milpsnap_grid5x5_xlow.json,279,25,40,20,45.2174,0.0,0.523,OPTIMAL
grid_5x5_31,seed_milpsnap_grid5x5_xlow.json,280,25,40,20,48.6957,0.0,0.257,OPTIMAL
grid_5x5_31,seed_milpsnap_grid5x5_xlow.json,281,25,40,18,45.2174,0.0,0.556,OPTIMAL
grid_5x5_31,seed_milpsnap_grid5x5_xlow.json,282,25,40,19,45.2174,0.0,0.349,OPTIMAL
grid_5x5_31,seed_milpsnap_grid5x5_xlow.json,283,25,40,19,45.2174,0.0,0.456,OPTIMAL
grid_5x5_31,seed_milpsnap_grid5x5_xlow.json,284,25,40,22,45.2174,0.0,0.534,OPTIMAL
grid_5x5_31,seed_milpsnap_grid5x5_xlow.json,285,25,40,21,45.2174,0.0,0.442,OPTIMAL
grid_5x5_31,seed_milpsnap_grid5x5_xlow.json,286,25,40,21,45.2174,0.0,0.483,OPTIMAL
grid_5x5_31,seed_milpsnap_grid5x5_xlow.json,287,25,40,18,48.6957,0.0,0.294,OPTIMAL
grid_5x5_31,seed_milpsnap_grid5x5_xlow.json,288,25,40,18,48.6957,0.0,0.246,OPTIMAL
grid_5x5_31,seed_milpsnap_grid5x5_xlow.json,289,25,40,17,48.6957,0.0,0.3,OPTIMAL
grid_5x5_31,seed_milpsnap_grid5x5_xlow.json,290,25,40,16,48.6957,0.0,0.214,OPTIMAL
grid_5x5_31,seed_milpsnap_grid5x5_xlow.json,291,25,40,16,52.1739,0.0,0.234,OPTIMAL
grid_5x5_31,seed_milpsnap_grid5x5_xlow.json,292,25,40,16,52.1739,0.0,0.184,OPTIMAL
grid_5x5_31,seed_milpsnap_grid5x5_xlow.json,293,25,40,16,52.1739,0.0,0.205,OPTIMAL
grid_5x5_31,seed_milpsnap_grid5x5_xlow.json,294,25,40,16,52.1739,0.0,0.202,OPTIMAL
grid_5x5_31,seed_milpsnap_grid5x5_xlow.json,295,25,40,16,52.1739,0.0,0.189,OPTIMAL
grid_5x5_31,seed_milpsnap_grid5x5_xlow.json,296,25,40,15,52.1739,0.0,0.289,OPTIMAL
grid_5x5_31,seed_milpsnap_grid5x5_xlow.json,297,25,40,12,52.1739,0.0,0.152,OPTIMAL
grid_5x5_31,seed_milpsnap_grid5x5_xlow.json,298,25,40,13,52.1739,0.0,0.227,OPTIMAL
grid_5x5_31,seed_milpsnap_grid5x5_xlow.json,299,25,40,14,52.1739,0.0,0.229,OPTIMAL
grid_5x5_31,seed_milpsnap_grid5x5_xlow.json,300,25,40,15,52.1739,0.0,0.179,OPTIMAL
grid_5x5_31,seed_milpsnap_grid5x5_xlow.json,301,25,40,13,52.1739,0.0,0.303,OPTIMAL
grid_5x5_31,seed_milpsnap_grid5x5_xlow.json,302,25,40,12,52.1739,0.0,0.544,OPTIMAL
grid_5x5_31,seed_milpsnap_grid5x5_xlow.json,303,25,40,11,52.1739,0.0,0.214,OPTIMAL
grid_5x5_31,seed_milpsnap_grid5x5_xlow.json,304,25,40,10,52.1739,0.0,0.461,OPTIMAL
grid_5x5_31,seed_milpsnap_grid5x5_xlow.json,305,25,40,9,52.1739,0.0,0.262,OPTIMAL
grid_5x5_31,seed_milpsnap_grid5x5_xlow.json,306,25,40,9,52.1739,0.0,0.151,OPTIMAL
grid_5x5_31,seed_milpsnap_grid5x5_xlow.json,307,25,40,8,52.1739,0.0,0.101,OPTIMAL
grid_5x5_31,seed_milpsnap_grid5x5_xlow.json,308,25,40,7,52.1739,0.0,0.258,OPTIMAL
grid_5x5_31,seed_milpsnap_grid5x5_xlow.json,309,25,40,6,52.1739,0.0,0.204,OPTIMAL
grid_5x5_31,seed_milpsnap_grid5x5_xlow.json,310,25,40,7,52.1739,0.0,0.27,OPTIMAL
grid_5x5_31,seed_milpsnap_grid5x5_xlow.json,311,25,40,7,52.1739,0.0,0.214,OPTIMAL
grid_5x5_31,seed_milpsnap_grid5x5_xlow.json,312,25,40,7,52.1739,0.0,0.258,OPTIMAL
grid_5x5_31,seed_milpsnap_grid5x5_xlow.json,313,25,40,6,55.6522,0.0,0.142,OPTIMAL
grid_5x5_31,seed_milpsnap_grid5x5_xlow.json,314,25,40,7,52.1739,0.0,0.321,OPTIMAL
grid_5x5_31,seed_milpsnap_grid5x5_xlow.json,315,25,40,8,48.6957,0.0,0.929,OPTIMAL
grid_5x5_31,seed_milpsnap_grid5x5_xlow.json,316,25,40,10,48.6957,0.0,0.816,OPTIMAL
grid_5x5_31,seed_milpsnap_grid5x5_xlow.json,317,25,40,10,55.6522,0.0,0.282,OPTIMAL
grid_5x5_31,seed_milpsnap_grid5x5_xlow.json,318,25,40,9,55.6522,0.0,0.168,OPTIMAL
grid_5x5_31,seed_milpsnap_grid5x5_xlow.json,319,25,40,11,52.1739,0.0,0.197,OPTIMAL
grid_5x5_31,seed_milpsnap_grid5x5_xlow.json,320,25,40,13,52.1739,0.0,0.301,OPTIMAL
grid_5x5_31,seed_milpsnap_grid5x5_xlow.json,321,25,40,15,52.1739,0.0,0.167,OPTIMAL
grid_5x5_31,seed_milpsnap_grid5x5_xlow.json,322,25,40,14,52.1739,0.0,0.284,OPTIMAL
grid_5x5_31,seed_milpsnap_grid5x5_xlow.json,323,25,40,15,52.1739,0.0,0.163,OPTIMAL
grid_5x5_31,seed_milpsnap_grid5x5_xlow.json,324,25,40,14,52.1739,0.0,0.187,OPTIMAL
grid_5x5_31,seed_milpsnap_grid5x5_xlow.json,325,25,40,14,46.087,0.0,0.316,OPTIMAL
grid_5x5_31,seed_milpsnap_grid5x5_xlow.json,326,25,40,15,46.087,0.0,0.296,OPTIMAL
grid_5x5_31,seed_milpsnap_grid5x5_xlow.json,327,25,40,14,48.6957,0.0,0.226,OPTIMAL
grid_5x5_31,seed_milpsnap_grid5x5_xlow.json,328,25,40,14,48.6957,0.0,0.261,OPTIMAL
grid_5x5_31,seed_milpsnap_grid5x5_xlow.json,329,25,40,14,48.6957,0.0,0.219,OPTIMAL
grid_5x5_31,seed_milpsnap_grid5x5_xlow.json,330,25,40,13,48.6957,0.0,0.208,OPTIMAL
grid_5x5_31,seed_milpsnap_grid5x5_xlow.json,331,25,40,11,48.6957,0.0,0.22,OPTIMAL
grid_5x5_31,seed_milpsnap_grid5x5_xlow.json,332,25,40,11,48.6957,0.0,0.222,OPTIMAL
grid_5x5_31,seed_milpsnap_grid5x5_xlow.json,333,25,40,9,52.1739,0.0,0.165,OPTIMAL
grid_5x5_31,seed_milpsnap_grid5x5_xlow.json,334,25,40,7,55.6522,0.0,0.158,OPTIMAL
grid_5x5_31,seed_milpsnap_grid5x5_xlow.json,335,25,40,8,48.6957,0.0,0.326,OPTIMAL
grid_5x5_31,seed_milpsnap_grid5x5_xlow.json,336,25,40,7,52.1739,0.0,0.204,OPTIMAL
grid_5x5_31,seed_milpsnap_grid5x5_xlow.json,337,25,40,8,52.1739,0.0,0.272,OPTIMAL
grid_5x5_31,seed_milpsnap_grid5x5_xlow.json,338,25,40,10,48.6957,0.0,0.413,OPTIMAL
grid_5x5_31,seed_milpsnap_grid5x5_xlow.json,339,25,40,10,48.6957,0.0,0.262,OPTIMAL
grid_5x5_31,seed_milpsnap_grid5x5_xlow.json,340,25,40,9,48.6957,0.0,0.382,OPTIMAL
grid_5x5_31,seed_milpsnap_grid5x5_xlow.json,341,25,40,10,48.6957,0.0,0.359,OPTIMAL
grid_5x5_31,seed_milpsnap_grid5x5_xlow.json,342,25,40,12,48.6957,0.0,0.244,OPTIMAL
grid_5x5_31,seed_milpsnap_grid5x5_xlow.json,343,25,40,13,48.6957,0.0,0.351,OPTIMAL
grid_5x5_31,seed_milpsnap_grid5x5_xlow.json,344,25,40,11,48.6957,0.0,0.231,OPTIMAL
grid_5x5_31,seed_milpsnap_grid5x5_xlow.json,345,25,40,13,48.6957,0.0,0.395,OPTIMAL
grid_5x5_31,seed_milpsnap_grid5x5_xlow.json,346,25,40,15,48.6957,0.0,0.425,OPTIMAL
grid_5x5_31,seed_milpsnap_grid5x5_xlow.json,347,25,40,13,48.6957,0.0,0.293,OPTIMAL
grid_5x5_31,seed_milpsnap_grid5x5_xlow.json,348,25,40,14,48.6957,0.0,0.315,OPTIMAL
grid_5x5_31,seed_milpsnap_grid5x5_xlow.json,349,25,40,13,48.6957,0.0,0.566,OPTIMAL
grid_5x5_31,seed_milpsnap_grid5x5_xlow.json,350,25,40,11,48.6957,0.0,0.469,OPTIMAL
grid_5x5_31,seed_milpsnap_grid5x5_xlow.json,351,25,40,11,48.6957,0.0,0.368,OPTIMAL
grid_5x5_31,seed_milpsnap_grid5x5_xlow.json,352,25,40,12,48.6957,0.0,0.289,OPTIMAL
grid_5x5_31,seed_milpsnap_grid5x5_xlow.json,353,25,40,11,48.6957,0.0,0.312,OPTIMAL
grid_5x5_31,seed_milpsnap_grid5x5_xlow.json,354,25,40,11,52.1739,0.0,0.151,OPTIMAL
grid_5x5_31,seed_milpsnap_grid5x5_xlow.json,355,25,40,13,52.1739,0.0,0.207,OPTIMAL
grid_5x5_31,seed_milpsnap_grid5x5_xlow.json,356,25,40,14,52.1739,0.0,0.17,OPTIMAL
grid_5x5_31,seed_milpsnap_grid5x5_xlow.json,357,25,40,12,52.1739,0.0,0.19,OPTIMAL
grid_5x5_31,seed_milpsnap_grid5x5_xlow.json,358,25,40,13,48.6957,0.0,0.216,OPTIMAL
grid_5x5_31,seed_milpsnap_grid5x5_xlow.json,359,25,40,13,52.1739,0.0,0.185,OPTIMAL
grid_5x5_31,seed_milpsnap_grid5x5_xlow.json,360,25,40,14,48.6957,0.0,0.444,OPTIMAL
grid_5x5_31,seed_milpsnap_grid5x5_xlow.json,361,25,40,14,48.6957,0.0,0.264,OPTIMAL
grid_5x5_31,seed_milpsnap_grid5x5_xlow.json,362,25,40,16,48.6957,0.0,0.394,OPTIMAL
grid_5x5_31,seed_milpsnap_grid5x5_xlow.json,363,25,40,17,48.6957,0.0,0.257,OPTIMAL
grid_5x5_31,seed_milpsnap_grid5x5_xlow.json,364,25,40,17,45.2174,0.0,0.516,OPTIMAL
grid_5x5_31,seed_milpsnap_grid5x5_xlow.json,365,25,40,16,45.2174,0.0,0.378,OPTIMAL
grid_5x5_31,seed_milpsnap_grid5x5_xlow.json,366,25,40,15,45.2174,0.0,0.391,OPTIMAL
grid_5x5_31,seed_milpsnap_grid5x5_xlow.json,367,25,40,15,45.2174,0.0,0.281,OPTIMAL
grid_5x5_31,seed_milpsnap_grid5x5_xlow.json,368,25,40,16,45.2174,0.0,0.418,OPTIMAL
grid_5x5_31,seed_milpsnap_grid5x5_xlow.json,369,25,40,17,45.2174,0.0,0.507,OPTIMAL
grid_5x5_31,seed_milpsnap_grid5x5_xlow.json,370,25,40,16,45.2174,0.0,0.36,OPTIMAL
grid_5x5_31,seed_milpsnap_grid5x5_xlow.json,371,25,40,14,48.6957,0.0,0.2,OPTIMAL
grid_5x5_31,seed_milpsnap_grid5x5_xlow.json,372,25,40,13,48.6957,0.0,0.349,OPTIMAL
grid_5x5_31,seed_milpsnap_grid5x5_xlow.json,373,25,40,12,48.6957,0.0,0.24,OPTIMAL
grid_5x5_31,seed_milpsnap_grid5x5_xlow.json,374,25,40,12,48.6957,0.0,0.231,OPTIMAL
grid_5x5_31,seed_milpsnap_grid5x5_xlow.json,375,25,40,11,48.6957,0.0,0.15,OPTIMAL
grid_5x5_31,seed_milpsnap_grid5x5_xlow.json,376,25,40,9,48.6957,0.0,0.22,OPTIMAL
grid_5x5_31,seed_milpsnap_grid5x5_xlow.json,377,25,40,11,48.6957,0.0,0.21,OPTIMAL
grid_5x5_31,seed_milpsnap_grid5x5_xlow.json,378,25,40,12,48.6957,0.0,0.195,OPTIMAL
grid_5x5_31,seed_milpsnap_grid5x5_xlow.json,379,25,40,14,52.1739,0.0,0.274,OPTIMAL
grid_5x5_31,seed_milpsnap_grid5x5_xlow.json,380,25,40,14,52.1739,0.0,0.178,OPTIMAL
grid_5x5_31,seed_milpsnap_grid5x5_xlow.json,381,25,40,13,52.1739,0.0,0.42,OPTIMAL
grid_5x5_31,seed_milpsnap_grid5x5_xlow.json,382,25,40,12,52.1739,0.0,0.379,OPTIMAL
grid_5x5_31,seed_milpsnap_grid5x5_xlow.json,383,25,40,16,52.1739,0.0,0.247,OPTIMAL
grid_5x5_31,seed_milpsnap_grid5x5_xlow.json,384,25,40,1,80.0,0.0,0.011,OPTIMAL
grid_5x5_31,seed_milpsnap_grid5x5_xlow.json,385,25,40,4,66.087,0.0,0.124,OPTIMAL
grid_5x5_31,seed_milpsnap_grid5x5_xlow.json,386,25,40,5,66.087,0.0,0.07,OPTIMAL
grid_5x5_31,seed_milpsnap_grid5x5_xlow.json,387,25,40,7,60.0,0.0,0.055,OPTIMAL
grid_5x5_31,seed_milpsnap_grid5x5_xlow.json,388,25,40,9,52.1739,0.0,0.097,OPTIMAL
grid_5x5_31,seed_milpsnap_grid5x5_xlow.json,389,25,40,10,49.5652,0.0,0.147,OPTIMAL
grid_5x5_31,seed_milpsnap_grid5x5_xlow.json,390,25,40,12,49.5652,0.0,0.227,OPTIMAL
grid_5x5_31,seed_milpsnap_grid5x5_xlow.json,391,25,40,14,48.6957,0.0,0.214,OPTIMAL
grid_5x5_31,seed_milpsnap_grid5x5_xlow.json,392,25,40,15,48.6957,0.0,0.285,OPTIMAL
grid_5x5_31,seed_milpsnap_grid5x5_xlow.json,393,25,40,18,48.6957,0.0,0.281,OPTIMAL
grid_5x5_31,seed_milpsnap_grid5x5_xlow.json,394,25,40,21,48.6957,0.0,0.385,OPTIMAL
grid_5x5_31,seed_milpsnap_grid5x5_xlow.json,395,25,40,22,48.6957,0.0,0.337,OPTIMAL
grid_5x5_31,seed_milpsnap_grid5x5_xlow.json,396,25,40,21,48.6957,0.0,0.377,OPTIMAL
grid_5x5_31,seed_milpsnap_grid5x5_xlow.json,397,25,40,19,48.6957,0.0,0.579,OPTIMAL
grid_5x5_31,seed_milpsnap_grid5x5_xlow.json,398,25,40,22,48.6957,0.0,0.442,OPTIMAL
grid_5x5_31,seed_milpsnap_grid5x5_xlow.json,399,25,40,20,48.6957,0.0,0.357,OPTIMAL
grid_5x5_31,seed_milpsnap_grid5x5_xlow.json,400,25,40,21,48.6957,0.0,0.326,OPTIMAL
grid_5x5_31,seed_milpsnap_grid5x5_xlow.json,401,25,40,19,48.6957,0.0,0.423,OPTIMAL
grid_5x5_31,seed_milpsnap_grid5x5_xlow.json,402,25,40,21,45.2174,0.0,0.481,OPTIMAL
grid_5x5_31,seed_milpsnap_grid5x5_xlow.json,403,25,40,19,45.2174,0.0,0.471,OPTIMAL
grid_5x5_31,seed_milpsnap_grid5x5_xlow.json,404,25,40,23,45.2174,0.0,0.641,OPTIMAL
grid_5x5_31,seed_milpsnap_grid5x5_xlow.json,405,25,40,22,45.2174,0.0,0.555,OPTIMAL
grid_5x5_31,seed_milpsnap_grid5x5_xlow.json,406,25,40,25,45.2174,0.0,0.975,OPTIMAL
grid_5x5_31,seed_milpsnap_grid5x5_xlow.json,407,25,40,23,48.6957,0.0,0.411,OPTIMAL
grid_5x5_31,seed_milpsnap_grid5x5_xlow.json,408,25,40,23,48.6957,0.0,0.431,OPTIMAL
grid_5x5_31,seed_milpsnap_grid5x5_xlow.json,409,25,40,22,48.6957,0.0,0.301,OPTIMAL
grid_5x5_31,seed_milpsnap_grid5x5_xlow.json,410,25,40,23,48.6957,0.0,0.576,OPTIMAL
grid_5x5_31,seed_milpsnap_grid5x5_xlow.json,411,25,40,24,48.6957,0.0,0.34,OPTIMAL
grid_5x5_31,seed_milpsnap_grid5x5_xlow.json,412,25,40,25,48.6957,0.0,0.444,OPTIMAL
grid_5x5_31,seed_milpsnap_grid5x5_xlow.json,413,25,40,22,48.6957,0.0,0.866,OPTIMAL
grid_5x5_31,seed_milpsnap_grid5x5_xlow.json,414,25,40,23,45.2174,0.0,0.754,OPTIMAL
grid_5x5_31,seed_milpsnap_grid5x5_xlow.json,415,25,40,24,45.2174,0.0,1.047,OPTIMAL
grid_5x5_31,seed_milpsnap_grid5x5_xlow.json,416,25,40,21,45.2174,0.0,0.692,OPTIMAL
grid_5x5_31,seed_milpsnap_grid5x5_xlow.json,417,25,40,17,48.6957,0.0,0.326,OPTIMAL
grid_5x5_31,seed_milpsnap_grid5x5_xlow.json,418,25,40,16,48.6957,0.0,0.33,OPTIMAL
grid_5x5_31,seed_milpsnap_grid5x5_xlow.json,419,25,40,14,52.1739,0.0,0.186,OPTIMAL
grid_5x5_31,seed_milpsnap_grid5x5_xlow.json,420,25,40,14,55.6522,0.0,0.2,OPTIMAL
grid_5x5_31,seed_milpsnap_grid5x5_xlow.json,421,25,40,12,55.6522,0.0,0.18,OPTIMAL
grid_5x5_31,seed_milpsnap_grid5x5_xlow.json,422,25,40,11,55.6522,0.0,0.192,OPTIMAL
grid_5x5_31,seed_milpsnap_grid5x5_xlow.json,423,25,40,12,55.6522,0.0,0.204,OPTIMAL
grid_5x5_31,seed_milpsnap_grid5x5_xlow.json,424,25,40,12,59.1304,0.0,0.16,OPTIMAL
grid_5x5_31,seed_milpsnap_grid5x5_xlow.json,425,25,40,13,55.6522,0.0,0.397,OPTIMAL
grid_5x5_31,seed_milpsnap_grid5x5_xlow.json,426,25,40,13,55.6522,0.0,0.248,OPTIMAL
grid_5x5_31,seed_milpsnap_grid5x5_xlow.json,427,25,40,12,55.6522,0.0,0.278,OPTIMAL
grid_5x5_31,seed_milpsnap_grid5x5_xlow.json,428,25,40,15,48.6957,0.0,0.425,OPTIMAL
grid_5x5_31,seed_milpsnap_grid5x5_xlow.json,429,25,40,16,48.6957,0.0,0.672,OPTIMAL
grid_5x5_31,seed_milpsnap_grid5x5_xlow.json,430,25,40,17,48.6957,0.0,0.327,OPTIMAL
grid_5x5_31,seed_milpsnap_grid5x5_xlow.json,431,25,40,15,48.6957,0.0,0.449,OPTIMAL
grid_5x5_31,seed_milpsnap_grid5x5_xlow.json,432,25,40,15,48.6957,0.0,0.39,OPTIMAL
grid_5x5_31,seed_milpsnap_grid5x5_xlow.json,433,25,40,15,48.6957,0.0,0.507,OPTIMAL
grid_5x5_31,seed_milpsnap_grid5x5_xlow.json,434,25,40,17,48.6957,0.0,0.239,OPTIMAL
grid_5x5_31,seed_milpsnap_grid5x5_xlow.json,435,25,40,15,48.6957,0.0,0.243,OPTIMAL
grid_5x5_31,seed_milpsnap_grid5x5_xlow.json,436,25,40,13,48.6957,0.0,0.201,OPTIMAL
grid_5x5_31,seed_milpsnap_grid5x5_xlow.json,437,25,40,12,48.6957,0.0,0.286,OPTIMAL
grid_5x5_31,seed_milpsnap_grid5x5_xlow.json,438,25,40,12,48.6957,0.0,0.483,OPTIMAL
grid_5x5_31,seed_milpsnap_grid5x5_xlow.json,439,25,40,11,52.1739,0.0,0.224,OPTIMAL
grid_5x5_31,seed_milpsnap_grid5x5_xlow.json,440,25,40,8,52.1739,0.0,0.156,OPTIMAL
grid_5x5_31,seed_milpsnap_grid5x5_xlow.json,441,25,40,10,52.1739,0.0,0.372,OPTIMAL
grid_5x5_31,seed_milpsnap_grid5x5_xlow.json,442,25,40,11,52.1739,0.0,0.127,OPTIMAL
grid_5x5_31,seed_milpsnap_grid5x5_xlow.json,443,25,40,11,52.1739,0.0,0.164,OPTIMAL
grid_5x5_31,seed_milpsnap_grid5x5_xlow.json,444,25,40,10,52.1739,0.0,0.244,OPTIMAL
grid_5x5_31,seed_milpsnap_grid5x5_xlow.json,445,25,40,10,52.1739,0.0,0.107,OPTIMAL
grid_5x5_31,seed_milpsnap_grid5x5_xlow.json,446,25,40,10,52.1739,0.0,0.135,OPTIMAL
grid_5x5_31,seed_milpsnap_grid5x5_xlow.json,447,25,40,8,52.1739,0.0,0.138,OPTIMAL
grid_5x5_31,seed_milpsnap_grid5x5_xlow.json,448,25,40,9,48.6957,0.0,0.142,OPTIMAL
grid_5x5_31,seed_milpsnap_grid5x5_xlow.json,449,25,40,11,48.6957,0.0,0.157,OPTIMAL
grid_5x5_31,seed_milpsnap_grid5x5_xlow.json,450,25,40,12,48.6957,0.0,0.364,OPTIMAL
grid_5x5_31,seed_milpsnap_grid5x5_xlow.json,451,25,40,12,48.6957,0.0,0.242,OPTIMAL
grid_5x5_31,seed_milpsnap_grid5x5_xlow.json,452,25,40,13,48.6957,0.0,0.295,OPTIMAL
grid_5x5_31,seed_milpsnap_grid5x5_xlow.json,453,25,40,12,48.6957,0.0,0.234,OPTIMAL
grid_5x5_31,seed_milpsnap_grid5x5_xlow.json,454,25,40,13,48.6957,0.0,0.204,OPTIMAL
grid_5x5_31,seed_milpsnap_grid5x5_xlow.json,455,25,40,13,48.6957,0.0,0.272,OPTIMAL
grid_5x5_31,seed_milpsnap_grid5x5_xlow.json,456,25,40,15,48.6957,0.0,0.277,OPTIMAL
grid_5x5_31,seed_milpsnap_grid5x5_xlow.json,457,25,40,14,48.6957,0.0,0.228,OPTIMAL
grid_5x5_31,seed_milpsnap_grid5x5_xlow.json,458,25,40,14,48.6957,0.0,0.415,OPTIMAL
grid_5x5_31,seed_milpsnap_grid5x5_xlow.json,459,25,40,17,48.6957,0.0,0.34,OPTIMAL
grid_5x5_31,seed_milpsnap_grid5x5_xlow.json,460,25,40,18,48.6957,0.0,0.249,OPTIMAL
grid_5x5_31,seed_milpsnap_grid5x5_xlow.json,461,25,40,18,45.2174,0.0,0.702,OPTIMAL
grid_5x5_31,seed_milpsnap_grid5x5_xlow.json,462,25,40,17,45.2174,0.0,0.443,OPTIMAL
grid_5x5_31,seed_milpsnap_grid5x5_xlow.json,463,25,40,16,45.2174,0.0,0.442,OPTIMAL
grid_5x5_31,seed_milpsnap_grid5x5_xlow.json,464,25,40,16,48.6957,0.0,0.606,OPTIMAL
grid_5x5_31,seed_milpsnap_grid5x5_xlow.json,465,25,40,15,48.6957,0.0,0.63,OPTIMAL
grid_5x5_31,seed_milpsnap_grid5x5_xlow.json,466,25,40,13,48.6957,0.0,0.347,OPTIMAL
grid_5x5_31,seed_milpsnap_grid5x5_xlow.json,467,25,40,12,48.6957,0.0,0.505,OPTIMAL
grid_5x5_31,seed_milpsnap_grid5x5_xlow.json,468,25,40,13,48.6957,0.0,0.328,OPTIMAL
grid_5x5_31,seed_milpsnap_grid5x5_xlow.json,469,25,40,14,48.6957,0.0,0.243,OPTIMAL
grid_5x5_31,seed_milpsnap_grid5x5_xlow.json,470,25,40,16,48.6957,0.0,0.354,OPTIMAL
grid_5x5_31,seed_milpsnap_grid5x5_xlow.json,471,25,40,17,48.6957,0.0,0.301,OPTIMAL
grid_5x5_31,seed_milpsnap_grid5x5_xlow.json,472,25,40,14,52.1739,0.0,0.469,OPTIMAL
grid_5x5_31,seed_milpsnap_grid5x5_xlow.json,473,25,40,13,52.1739,0.0,0.342,OPTIMAL
grid_5x5_31,seed_milpsnap_grid5x5_xlow.json,474,25,40,12,52.1739,0.0,0.137,OPTIMAL
grid_5x5_31,seed_milpsnap_grid5x5_xlow.json,475,25,40,13,52.1739,0.0,0.19,OPTIMAL
grid_5x5_31,seed_milpsnap_grid5x5_xlow.json,476,25,40,15,52.1739,0.0,0.241,OPTIMAL
grid_5x5_31,seed_milpsnap_grid5x5_xlow.json,477,25,40,17,52.1739,0.0,0.392,OPTIMAL
grid_5x5_31,seed_milpsnap_grid5x5_xlow.json,478,25,40,17,52.1739,0.0,0.209,OPTIMAL
grid_5x5_31,seed_milpsnap_grid5x5_xlow.json,479,25,40,20,48.6957,0.0,0.356,OPTIMAL
grid_5x5_31,seed_milpsnap_grid5x5_xlow.json,480,25,40,19,48.6957,0.0,0.529,OPTIMAL
grid_5x5_31,seed_milpsnap_grid5x5_xlow.json,481,25,40,18,48.6957,0.0,0.493,OPTIMAL
grid_5x5_31,seed_milpsnap_grid5x5_xlow.json,482,25,40,17,48.6957,0.0,0.496,OPTIMAL
grid_5x5_31,seed_milpsnap_grid5x5_xlow.json,483,25,40,15,48.6957,0.0,0.286,OPTIMAL
grid_5x5_31,seed_milpsnap_grid5x5_xlow.json,484,25,40,19,48.6957,0.0,0.377,OPTIMAL
grid_5x5_31,seed_milpsnap_grid5x5_xlow.json,485,25,40,19,48.6957,0.0,0.39,OPTIMAL
grid_5x5_31,seed_milpsnap_grid5x5_xlow.json,486,25,40,22,45.2174,0.0,0.936,OPTIMAL
grid_5x5_31,seed_milpsnap_grid5x5_xlow.json,487,25,40,20,45.2174,0.0,0.593,OPTIMAL
grid_5x5_31,seed_milpsnap_grid5x5_xlow.json,488,25,40,21,45.2174,0.0,0.644,OPTIMAL
grid_5x5_31,seed_milpsnap_grid5x5_xlow.json,489,25,40,19,45.2174,0.0,0.572,OPTIMAL
grid_5x5_31,seed_milpsnap_grid5x5_xlow.json,490,25,40,19,45.2174,0.0,0.56,OPTIMAL
grid_5x5_31,seed_milpsnap_grid5x5_xlow.json,491,25,40,20,45.2174,0.0,0.766,OPTIMAL
grid_5x5_31,seed_milpsnap_grid5x5_xlow.json,492,25,40,17,48.6957,0.0,0.243,OPTIMAL
grid_5x5_31,seed_milpsnap_grid5x5_xlow.json,493,25,40,17,48.6957,0.0,0.433,OPTIMAL
grid_5x5_31,seed_milpsnap_grid5x5_xlow.json,494,25,40,18,48.6957,0.0,0.301,OPTIMAL
grid_5x5_31,seed_milpsnap_grid5x5_xlow.json,495,25,40,18,45.2174,0.0,0.64,OPTIMAL
grid_5x5_31,seed_milpsnap_grid5x5_xlow.json,496,25,40,15,48.6957,0.0,0.313,OPTIMAL
grid_5x5_31,seed_milpsnap_grid5x5_xlow.json,497,25,40,16,45.2174,0.0,0.412,OPTIMAL
grid_5x5_31,seed_milpsnap_grid5x5_xlow.json,498,25,40,15,52.1739,0.0,0.212,OPTIMAL
grid_5x5_31,seed_milpsnap_grid5x5_xlow.json,499,25,40,17,48.6957,0.0,0.341,OPTIMAL
grid_5x5_31,seed_milpsnap_grid5x5_xlow.json,500,25,40,14,48.6957,0.0,0.236,OPTIMAL
grid_5x5_31,seed_milpsnap_grid5x5_xlow.json,501,25,40,17,48.6957,0.0,0.386,OPTIMAL
grid_5x5_31,seed_milpsnap_grid5x5_xlow.json,502,25,40,19,48.6957,0.0,0.379,OPTIMAL
grid_5x5_31,seed_milpsnap_grid5x5_xlow.json,503,25,40,20,48.6957,0.0,0.418,OPTIMAL
grid_5x5_31,seed_milpsnap_grid5x5_xlow.json,504,25,40,21,48.6957,0.0,0.352,OPTIMAL
grid_5x5_31,seed_milpsnap_grid5x5_xlow.json,505,25,40,20,48.6957,0.0,0.373,OPTIMAL
grid_5x5_31,seed_milpsnap_grid5x5_xlow.json,506,25,40,20,48.6957,0.0,0.522,OPTIMAL
grid_5x5_31,seed_milpsnap_grid5x5_xlow.json,507,25,40,20,48.6957,0.0,0.442,OPTIMAL
grid_5x5_31,seed_milpsnap_grid5x5_xlow.json,508,25,40,19,48.6957,0.0,0.616,OPTIMAL
grid_5x5_31,seed_milpsnap_grid5x5_xlow.json,509,25,40,18,48.6957,0.0,0.489,OPTIMAL
grid_5x5_31,seed_milpsnap_grid5x5_xlow.json,510,25,40,17,48.6957,0.0,0.506,OPTIMAL
grid_5x5_31,seed_milpsnap_grid5x5_xlow.json,511,25,40,1,80.0,0.0,0.015,OPTIMAL
grid_5x5_31,seed_milpsnap_grid5x5_xlow.json,512,25,40,3,62.6087,0.0,0.103,OPTIMAL
grid_5x5_31,seed_milpsnap_grid5x5_xlow.json,513,25,40,5,59.1304,0.0,0.256,OPTIMAL
grid_5x5_31,seed_milpsnap_grid5x5_xlow.json,514,25,40,6,59.1304,0.0,0.227,OPTIMAL
grid_5x5_31,seed_milpsnap_grid5x5_xlow.json,515,25,40,8,59.1304,0.0,0.209,OPTIMAL
grid_5x5_31,seed_milpsnap_grid5x5_xlow.json,516,25,40,10,55.6522,0.0,0.208,OPTIMAL
grid_5x5_31,seed_milpsnap_grid5x5_xlow.json,517,25,40,11,55.6522,0.0,0.149,OPTIMAL
grid_5x5_31,seed_milpsnap_grid5x5_xlow.json,518,25,40,12,49.5652,0.0,0.236,OPTIMAL
grid_5x5_31,seed_milpsnap_grid5x5_xlow.json,519,25,40,13,48.6957,0.0,0.492,OPTIMAL
grid_5x5_31,seed_milpsnap_grid5x5_xlow.json,520,25,40,14,48.6957,0.0,0.386,OPTIMAL
grid_5x5_31,seed_milpsnap_grid5x5_xlow.json,521,25,40,16,48.6957,0.0,0.306,OPTIMAL
grid_5x5_31,seed_milpsnap_grid5x5_xlow.json,522,25,40,18,48.6957,0.0,0.363,OPTIMAL
grid_5x5_31,seed_milpsnap_grid5x5_xlow.json,523,25,40,19,48.6957,0.0,0.433,OPTIMAL
grid_5x5_31,seed_milpsnap_grid5x5_xlow.json,524,25,40,20,48.6957,0.0,0.324,OPTIMAL
grid_5x5_31,seed_milpsnap_grid5x5_xlow.json,525,25,40,19,48.6957,0.0,0.382,OPTIMAL
grid_5x5_31,seed_milpsnap_grid5x5_xlow.json,526,25,40,18,52.1739,0.0,0.261,OPTIMAL
grid_5x5_31,seed_milpsnap_grid5x5_xlow.json,527,25,40,19,48.6957,0.0,0.317,OPTIMAL
grid_5x5_31,seed_milpsnap_grid5x5_xlow.json,528,25,40,20,48.6957,0.0,0.439,OPTIMAL
grid_5x5_31,seed_milpsnap_grid5x5_xlow.json,529,25,40,19,48.6957,0.0,0.538,OPTIMAL
grid_5x5_31,seed_milpsnap_grid5x5_xlow.json,530,25,40,17,48.6957,0.0,0.494,OPTIMAL
grid_5x5_31,seed_milpsnap_grid5x5_xlow.json,531,25,40,17,48.6957,0.0,0.4,OPTIMAL
grid_5x5_31,seed_milpsnap_grid5x5_xlow.json,532,25,40,17,48.6957,0.0,0.384,OPTIMAL
grid_5x5_31,seed_milpsnap_grid5x5_xlow.json,533,25,40,18,48.6957,0.0,0.34,OPTIMAL
grid_5x5_31,seed_milpsnap_grid5x5_xlow.json,534,25,40,17,48.6957,0.0,0.313,OPTIMAL
grid_5x5_31,seed_milpsnap_grid5x5_xlow.json,535,25,40,16,48.6957,0.0,0.497,OPTIMAL
grid_5x5_31,seed_milpsnap_grid5x5_xlow.json,536,25,40,15,52.1739,0.0,0.245,OPTIMAL
grid_5x5_31,seed_milpsnap_grid5x5_xlow.json,537,25,40,15,52.1739,0.0,0.207,OPTIMAL
grid_5x5_31,seed_milpsnap_grid5x5_xlow.json,538,25,40,15,52.1739,0.0,0.189,OPTIMAL
grid_5x5_31,seed_milpsnap_grid5x5_xlow.json,539,25,40,14,52.1739,0.0,0.256,OPTIMAL
grid_5x5_31,seed_milpsnap_grid5x5_xlow.json,540,25,40,11,52.1739,0.0,0.191,OPTIMAL
grid_5x5_31,seed_milpsnap_grid5x5_xlow.json,541,25,40,12,52.1739,0.0,0.283,OPTIMAL
grid_5x5_31,seed_milpsnap_grid5x5_xlow.json,542,25,40,11,52.1739,0.0,0.174,OPTIMAL
grid_5x5_31,seed_milpsnap_grid5x5_xlow.json,543,25,40,14,48.6957,0.0,0.386,OPTIMAL
grid_5x5_31,seed_milpsnap_grid5x5_xlow.json,544,25,40,15,48.6957,0.0,0.297,OPTIMAL
grid_5x5_31,seed_milpsnap_grid5x5_xlow.json,545,25,40,14,48.6957,0.0,0.287,OPTIMAL
grid_5x5_31,seed_milpsnap_grid5x5_xlow.json,546,25,40,13,48.6957,0.0,0.379,OPTIMAL
grid_5x5_31,seed_milpsnap_grid5x5_xlow.json,547,25,40,11,48.6957,0.0,0.45,OPTIMAL
grid_5x5_31,seed_milpsnap_grid5x5_xlow.json,548,25,40,12,48.6957,0.0,0.186,OPTIMAL
grid_5x5_31,seed_milpsnap_grid5x5_xlow.json,549,25,40,12,48.6957,0.0,0.156,OPTIMAL
grid_5x5_31,seed_milpsnap_grid5x5_xlow.json,550,25,40,14,48.6957,0.0,0.286,OPTIMAL
grid_5x5_31,seed_milpsnap_grid5x5_xlow.json,551,25,40,15,48.6957,0.0,0.324,OPTIMAL
grid_5x5_31,seed_milpsnap_grid5x5_xlow.json,552,25,40,14,48.6957,0.0,0.255,OPTIMAL
grid_5x5_31,seed_milpsnap_grid5x5_xlow.json,553,25,40,18,45.2174,0.0,0.511,OPTIMAL
grid_5x5_31,seed_milpsnap_grid5x5_xlow.json,554,25,40,16,45.2174,0.0,0.311,OPTIMAL
grid_5x5_31,seed_milpsnap_grid5x5_xlow.json,555,25,40,18,45.2174,0.0,0.616,OPTIMAL
grid_5x5_31,seed_milpsnap_grid5x5_xlow.json,556,25,40,15,48.6957,0.0,0.28,OPTIMAL
grid_5x5_31,seed_milpsnap_grid5x5_xlow.json,557,25,40,15,48.6957,0.0,0.241,OPTIMAL
grid_5x5_31,seed_milpsnap_grid5x5_xlow.json,558,25,40,17,48.6957,0.0,0.463,OPTIMAL
grid_5x5_31,seed_milpsnap_grid5x5_xlow.json,559,25,40,19,48.6957,0.0,0.465,OPTIMAL
grid_5x5_31,seed_milpsnap_grid5x5_xlow.json,560,25,40,20,48.6957,0.0,0.499,OPTIMAL
grid_5x5_31,seed_milpsnap_grid5x5_xlow.json,561,25,40,19,48.6957,0.0,0.43,OPTIMAL
grid_5x5_31,seed_milpsnap_grid5x5_xlow.json,562,25,40,19,48.6957,0.0,0.494,OPTIMAL
grid_5x5_31,seed_milpsnap_grid5x5_xlow.json,563,25,40,18,48.6957,0.0,0.516,OPTIMAL
grid_5x5_31,seed_milpsnap_grid5x5_xlow.json,564,25,40,18,48.6957,0.0,0.295,OPTIMAL
grid_5x5_31,seed_milpsnap_grid5x5_xlow.json,565,25,40,14,48.6957,0.0,0.33,OPTIMAL
grid_5x5_31,seed_milpsnap_grid5x5_xlow.json,566,25,40,15,45.2174,0.0,0.245,OPTIMAL
grid_5x5_31,seed_milpsnap_grid5x5_xlow.json,567,25,40,15,45.2174,0.0,0.4,OPTIMAL
grid_5x5_31,seed_milpsnap_grid5x5_xlow.json,568,25,40,14,48.6957,0.0,0.339,OPTIMAL
grid_5x5_31,seed_milpsnap_grid5x5_xlow.json,569,25,40,15,45.2174,0.0,0.435,OPTIMAL
grid_5x5_31,seed_milpsnap_grid5x5_xlow.json,570,25,40,15,45.2174,0.0,0.573,OPTIMAL
grid_5x5_31,seed_milpsnap_grid5x5_xlow.json,571,25,40,13,48.6957,0.0,0.192,OPTIMAL
grid_5x5_31,seed_milpsnap_grid5x5_xlow.json,572,25,40,12,48.6957,0.0,0.297,OPTIMAL
grid_5x5_31,seed_milpsnap_grid5x5_xlow.json,573,25,40,13,53.0435,0.0,0.2,OPTIMAL
grid_5x5_31,seed_milpsnap_grid5x5_xlow.json,574,25,40,16,48.6957,0.0,0.386,OPTIMAL
grid_5x5_31,seed_milpsnap_grid5x5_xlow.json,575,25,40,18,48.6957,0.0,0.347,OPTIMAL
grid_5x5_31,seed_milpsnap_grid5x5_xlow.json,576,25,40,17,48.6957,0.0,0.396,OPTIMAL
grid_5x5_31,seed_milpsnap_grid5x5_xlow.json,577,25,40,15,55.6522,0.0,0.146,OPTIMAL
grid_5x5_31,seed_milpsnap_grid5x5_xlow.json,578,25,40,16,55.6522,0.0,0.176,OPTIMAL
grid_5x5_31,seed_milpsnap_grid5x5_xlow.json,579,25,40,16,55.6522,0.0,0.152,OPTIMAL
grid_5x5_31,seed_milpsnap_grid5x5_xlow.json,580,25,40,16,55.6522,0.0,0.16,OPTIMAL
grid_5x5_31,seed_milpsnap_grid5x5_xlow.json,581,25,40,16,52.1739,0.0,0.226,OPTIMAL
grid_5x5_31,seed_milpsnap_grid5x5_xlow.json,582,25,40,16,52.1739,0.0,0.341,OPTIMAL
grid_5x5_31,seed_milpsnap_grid5x5_xlow.json,583,25,40,17,52.1739,0.0,0.235,OPTIMAL
grid_5x5_31,seed_milpsnap_grid5x5_xlow.json,584,25,40,20,52.1739,0.0,0.306,OPTIMAL
grid_5x5_31,seed_milpsnap_grid5x5_xlow.json,585,25,40,19,52.1739,0.0,0.351,OPTIMAL
grid_5x5_31,seed_milpsnap_grid5x5_xlow.json,586,25,40,19,52.1739,0.0,0.271,OPTIMAL
grid_5x5_31,seed_milpsnap_grid5x5_xlow.json,587,25,40,18,52.1739,0.0,0.295,OPTIMAL
grid_5x5_31,seed_milpsnap_grid5x5_xlow.json,588,25,40,16,52.1739,0.0,0.344,OPTIMAL
grid_5x5_31,seed_milpsnap_grid5x5_xlow.json,589,25,40,15,52.1739,0.0,0.219,OPTIMAL
grid_5x5_31,seed_milpsnap_grid5x5_xlow.json,590,25,40,16,48.6957,0.0,0.267,OPTIMAL
grid_5x5_31,seed_milpsnap_grid5x5_xlow.json,591,25,40,17,48.6957,0.0,0.306,OPTIMAL
grid_5x5_31,seed_milpsnap_grid5x5_xlow.json,592,25,40,19,48.6957,0.0,0.504,OPTIMAL
grid_5x5_31,seed_milpsnap_grid5x5_xlow.json,593,25,40,18,49.5652,0.0,0.43,OPTIMAL
grid_5x5_31,seed_milpsnap_grid5x5_xlow.json,594,25,40,18,48.6957,0.0,0.486,OPTIMAL
grid_5x5_31,seed_milpsnap_grid5x5_xlow.json,595,25,40,17,48.6957,0.0,0.28,OPTIMAL
grid_5x5_31,seed_milpsnap_grid5x5_xlow.json,596,25,40,16,48.6957,0.0,0.388,OPTIMAL
grid_5x5_31,seed_milpsnap_grid5x5_xlow.json,597,25,40,17,48.6957,0.0,0.335,OPTIMAL
grid_5x5_31,seed_milpsnap_grid5x5_xlow.json,598,25,40,16,45.2174,0.0,0.502,OPTIMAL
grid_5x5_31,seed_milpsnap_grid5x5_xlow.json,599,25,40,14,48.6957,0.0,0.248,OPTIMAL
grid_5x5_31,seed_milpsnap_grid5x5_xlow.json,600,25,40,14,48.6957,0.0,0.406,OPTIMAL
grid_5x5_31,seed_milpsnap_grid5x5_xlow.json,601,25,40,17,48.6957,0.0,0.372,OPTIMAL
grid_5x5_31,seed_milpsnap_grid5x5_xlow.json,602,25,40,16,48.6957,0.0,0.291,OPTIMAL
grid_5x5_31,seed_milpsnap_grid5x5_xlow.json,603,25,40,17,48.6957,0.0,0.253,OPTIMAL
grid_5x5_31,seed_milpsnap_grid5x5_xlow.json,604,25,40,16,52.1739,0.0,0.182,OPTIMAL
grid_5x5_31,seed_milpsnap_grid5x5_xlow.json,605,25,40,15,52.1739,0.0,0.577,OPTIMAL
grid_5x5_31,seed_milpsnap_grid5x5_xlow.json,606,25,40,13,52.1739,0.0,0.273,OPTIMAL
grid_5x5_31,seed_milpsnap_grid5x5_xlow.json,607,25,40,16,52.1739,0.0,0.191,OPTIMAL
grid_5x5_31,seed_milpsnap_grid5x5_xlow.json,608,25,40,15,52.1739,0.0,0.254,OPTIMAL
grid_5x5_31,seed_milpsnap_grid5x5_xlow.json,609,25,40,16,52.1739,0.0,0.304,OPTIMAL
grid_5x5_31,seed_milpsnap_grid5x5_xlow.json,610,25,40,18,48.6957,0.0,0.468,OPTIMAL
grid_5x5_31,seed_milpsnap_grid5x5_xlow.json,611,25,40,16,48.6957,0.0,0.517,OPTIMAL
grid_5x5_31,seed_milpsnap_grid5x5_xlow.json,612,25,40,16,48.6957,0.0,0.274,OPTIMAL
grid_5x5_31,seed_milpsnap_grid5x5_xlow.json,613,25,40,15,48.6957,0.0,0.601,OPTIMAL
grid_5x5_31,seed_milpsnap_grid5x5_xlow.json,614,25,40,17,45.2174,0.0,0.662,OPTIMAL
grid_5x5_31,seed_milpsnap_grid5x5_xlow.json,615,25,40,15,45.2174,0.0,0.443,OPTIMAL
grid_5x5_31,seed_milpsnap_grid5x5_xlow.json,616,25,40,11,48.6957,0.0,0.266,OPTIMAL
grid_5x5_31,seed_milpsnap_grid5x5_xlow.json,617,25,40,12,48.6957,0.0,0.149,OPTIMAL
grid_5x5_31,seed_milpsnap_grid5x5_xlow.json,618,25,40,12,46.087,0.0,0.211,OPTIMAL
grid_5x5_31,seed_milpsnap_grid5x5_xlow.json,619,25,40,13,46.087,0.0,0.267,OPTIMAL
grid_5x5_31,seed_milpsnap_grid5x5_xlow.json,620,25,40,14,45.2174,0.0,0.54,OPTIMAL
grid_5x5_31,seed_milpsnap_grid5x5_xlow.json,621,25,40,11,48.6957,0.0,0.147,OPTIMAL
grid_5x5_31,seed_milpsnap_grid5x5_xlow.json,622,25,40,13,48.6957,0.0,0.272,OPTIMAL
grid_5x5_31,seed_milpsnap_grid5x5_xlow.json,623,25,40,14,48.6957,0.0,0.375,OPTIMAL
grid_5x5_31,seed_milpsnap_grid5x5_xlow.json,624,25,40,14,52.1739,0.0,0.488,OPTIMAL
grid_5x5_31,seed_milpsnap_grid5x5_xlow.json,625,25,40,15,52.1739,0.0,0.216,OPTIMAL
grid_5x5_31,seed_milpsnap_grid5x5_xlow.json,626,25,40,14,52.1739,0.0,0.338,OPTIMAL
grid_5x5_31,seed_milpsnap_grid5x5_xlow.json,627,25,40,15,52.1739,0.0,0.535,OPTIMAL
grid_5x5_31,seed_milpsnap_grid5x5_xlow.json,628,25,40,13,52.1739,0.0,0.184,OPTIMAL
grid_5x5_31,seed_milpsnap_grid5x5_xlow.json,629,25,40,15,52.1739,0.0,0.234,OPTIMAL
grid_5x5_31,seed_milpsnap_grid5x5_xlow.json,630,25,40,14,52.1739,0.0,0.26,OPTIMAL
grid_5x5_31,seed_milpsnap_grid5x5_xlow.json,631,25,40,13,52.1739,0.0,0.314,OPTIMAL
grid_5x5_31,seed_milpsnap_grid5x5_xlow.json,632,25,40,13,55.6522,0.0,0.146,OPTIMAL
grid_5x5_31,seed_milpsnap_grid5x5_xlow.json,633,25,40,14,55.6522,0.0,0.188,OPTIMAL
grid_5x5_31,seed_milpsnap_grid5x5_xlow.json,634,25,40,13,55.6522,0.0,0.36,OPTIMAL
grid_5x5_31,seed_milpsnap_grid5x5_xlow.json,635,25,40,14,55.6522,0.0,0.399,OPTIMAL
grid_5x5_31,seed_milpsnap_grid5x5_xlow.json,636,25,40,14,52.1739,0.0,0.578,OPTIMAL
grid_5x5_31,seed_milpsnap_grid5x5_xlow.json,637,25,40,14,48.6957,0.0,0.61,OPTIMAL
grid_5x5_31,seed_milpsnap_grid5x5_xlow.json,638,25,40,14,48.6957,0.0,0.526,OPTIMAL
grid_5x5_31,seed_milpsnap_grid5x5_xlow.json,639,25,40,13,48.6957,0.0,0.372,OPTIMAL
grid_5x5_31,seed_milpsnap_grid5x5_xlow.json,640,25,40,17,48.6957,0.0,0.471,OPTIMAL
grid_5x5_31,seed_milpsnap_grid5x5_xlow.json,641,25,40,16,48.6957,0.0,0.539,OPTIMAL
grid_5x5_31,seed_milpsnap_grid5x5_xlow.json,642,25,40,18,48.6957,0.0,0.539,OPTIMAL
grid_5x5_31,seed_milpsnap_grid5x5_xlow.json,643,25,40,18,48.6957,0.0,0.426,OPTIMAL
grid_5x5_31,seed_milpsnap_grid5x5_xlow.json,644,25,40,19,48.6957,0.0,0.596,OPTIMAL
grid_5x5_31,seed_milpsnap_grid5x5_xlow.json,645,25,40,19,48.6957,0.0,0.628,OPTIMAL
grid_5x5_31,seed_milpsnap_grid5x5_xlow.json,646,25,40,20,48.6957,0.0,0.596,OPTIMAL
grid_5x5_31,seed_milpsnap_grid5x5_xlow.json,647,25,40,19,48.6957,0.0,0.994,OPTIMAL
grid_5x5_31,seed_milpsnap_grid5x5_xlow.json,648,25,40,1,73.0435,0.0,0.039,OPTIMAL
grid_5x5_31,seed_milpsnap_grid5x5_xlow.json,649,25,40,2,69.5652,0.0,0.076,OPTIMAL
grid_5x5_31,seed_milpsnap_grid5x5_xlow.json,650,25,40,4,59.1304,0.0,0.129,OPTIMAL
grid_5x5_31,seed_milpsnap_grid5x5_xlow.json,651,25,40,8,52.1739,0.0,0.357,OPTIMAL
grid_5x5_31,seed_milpsnap_grid5x5_xlow.json,652,25,40,9,52.1739,0.0,0.251,OPTIMAL
grid_5x5_31,seed_milpsnap_grid5x5_xlow.json,653,25,40,10,52.1739,0.0,0.381,OPTIMAL
grid_5x5_31,seed_milpsnap_grid5x5_xlow.json,654,25,40,12,52.1739,0.0,0.225,OPTIMAL
grid_5x5_31,seed_milpsnap_grid5x5_xlow.json,655,25,40,14,52.1739,0.0,0.232,OPTIMAL
grid_5x5_31,seed_milpsnap_grid5x5_xlow.json,656,25,40,15,52.1739,0.0,0.207,OPTIMAL
grid_5x5_31,seed_milpsnap_grid5x5_xlow.json,657,25,40,16,52.1739,0.0,0.348,OPTIMAL
grid_5x5_31,seed_milpsnap_grid5x5_xlow.json,658,25,40,17,52.1739,0.0,0.239,OPTIMAL
grid_5x5_31,seed_milpsnap_grid5x5_xlow.json,659,25,40,16,52.1739,0.0,0.416,OPTIMAL
grid_5x5_31,seed_milpsnap_grid5x5_xlow.json,660,25,40,15,52.1739,0.0,0.335,OPTIMAL
grid_5x5_31,seed_milpsnap_grid5x5_xlow.json,661,25,40,13,52.1739,0.0,0.661,OPTIMAL
grid_5x5_31,seed_milpsnap_grid5x5_xlow.json,662,25,40,10,52.1739,0.0,0.622,OPTIMAL
grid_5x5_31,seed_milpsnap_grid5x5_xlow.json,663,25,40,13,48.6957,0.0,0.441,OPTIMAL
grid_5x5_31,seed_milpsnap_grid5x5_xlow.json,664,25,40,12,48.6957,0.0,0.415,OPTIMAL
grid_5x5_31,seed_milpsnap_grid5x5_xlow.json,665,25,40,11,48.6957,0.0,0.361,OPTIMAL
grid_5x5_31,seed_milpsnap_grid5x5_xlow.json,666,25,40,12,45.2174,0.0,0.337,OPTIMAL
grid_5x5_31,seed_milpsnap_grid5x5_xlow.json,667,25,40,11,52.1739,0.0,0.215,OPTIMAL
grid_5x5_31,seed_milpsnap_grid5x5_xlow.json,668,25,40,10,52.1739,0.0,0.196,OPTIMAL
grid_5x5_31,seed_milpsnap_grid5x5_xlow.json,669,25,40,9,52.1739,0.0,0.272,OPTIMAL
grid_5x5_31,seed_milpsnap_grid5x5_xlow.json,670,25,40,8,53.0435,0.0,0.196,OPTIMAL
grid_5x5_31,seed_milpsnap_grid5x5_xlow.json,671,25,40,10,48.6957,0.0,0.435,OPTIMAL
grid_5x5_31,seed_milpsnap_grid5x5_xlow.json,672,25,40,12,52.1739,0.0,0.143,OPTIMAL
grid_5x5_31,seed_milpsnap_grid5x5_xlow.json,673,25,40,13,48.6957,0.0,0.297,OPTIMAL
grid_5x5_31,seed_milpsnap_grid5x5_xlow.json,674,25,40,15,48.6957,0.0,0.196,OPTIMAL
grid_5x5_31,seed_milpsnap_grid5x5_xlow.json,675,25,40,15,48.6957,0.0,0.208,OPTIMAL
grid_5x5_31,seed_milpsnap_grid5x5_xlow.json,676,25,40,12,48.6957,0.0,0.184,OPTIMAL
grid_5x5_31,seed_milpsnap_grid5x5_xlow.json,677,25,40,18,48.6957,0.0,0.418,OPTIMAL
grid_5x5_31,seed_milpsnap_grid5x5_xlow.json,678,25,40,19,48.6957,0.0,0.283,OPTIMAL
grid_5x5_31,seed_milpsnap_grid5x5_xlow.json,679,25,40,20,48.6957,0.0,0.552,OPTIMAL
grid_5x5_31,seed_milpsnap_grid5x5_xlow.json,680,25,40,20,48.6957,0.0,0.337,OPTIMAL
grid_5x5_31,seed_milpsnap_grid5x5_xlow.json,681,25,40,21,48.6957,0.0,0.403,OPTIMAL
grid_5x5_31,seed_milpsnap_grid5x5_xlow.json,682,25,40,22,48.6957,0.0,0.442,OPTIMAL
grid_5x5_31,seed_milpsnap_grid5x5_xlow.json,683,25,40,23,48.6957,0.0,0.446,OPTIMAL
grid_5x5_31,seed_milpsnap_grid5x5_xlow.json,684,25,40,21,48.6957,0.0,0.567,OPTIMAL
grid_5x5_31,seed_milpsnap_grid5x5_xlow.json,685,25,40,19,48.6957,0.0,0.443,OPTIMAL
grid_5x5_31,seed_milpsnap_grid5x5_xlow.json,686,25,40,19,48.6957,0.0,0.471,OPTIMAL
grid_5x5_31,seed_milpsnap_grid5x5_xlow.json,687,25,40,17,48.6957,0.0,0.487,OPTIMAL
grid_5x5_31,seed_milpsnap_grid5x5_xlow.json,688,25,40,19,48.6957,0.0,0.674,OPTIMAL
grid_5x5_31,seed_milpsnap_grid5x5_xlow.json,689,25,40,20,48.6957,0.0,0.381,OPTIMAL
grid_5x5_31,seed_milpsnap_grid5x5_xlow.json,690,25,40,15,52.1739,0.0,0.202,OPTIMAL
grid_5x5_31,seed_milpsnap_grid5x5_xlow.json,691,25,40,17,48.6957,0.0,0.405,OPTIMAL
grid_5x5_31,seed_milpsnap_grid5x5_xlow.json,692,25,40,16,48.6957,0.0,0.336,OPTIMAL
grid_5x5_31,seed_milpsnap_grid5x5_xlow.json,693,25,40,15,48.6957,0.0,0.286,OPTIMAL
grid_5x5_31,seed_milpsnap_grid5x5_xlow.json,694,25,40,16,48.6957,0.0,0.235,OPTIMAL
grid_5x5_31,seed_milpsnap_grid5x5_xlow.json,695,25,40,15,48.6957,0.0,0.181,OPTIMAL
grid_5x5_31,seed_milpsnap_grid5x5_xlow.json,696,25,40,15,48.6957,0.0,0.299,OPTIMAL
grid_5x5_31,seed_milpsnap_grid5x5_xlow.json,697,25,40,15,45.2174,0.0,0.394,OPTIMAL
grid_5x5_31,seed_milpsnap_grid5x5_xlow.json,698,25,40,16,45.2174,0.0,0.421,OPTIMAL
grid_5x5_31,seed_milpsnap_grid5x5_xlow.json,699,25,40,17,45.2174,0.0,0.642,OPTIMAL
grid_5x5_31,seed_milpsnap_grid5x5_xlow.json,700,25,40,17,45.2174,0.0,0.432,OPTIMAL
grid_5x5_31,seed_milpsnap_grid5x5_xlow.json,701,25,40,18,45.2174,0.0,0.415,OPTIMAL
grid_5x5_31,seed_milpsnap_grid5x5_xlow.json,702,25,40,16,48.6957,0.0,0.224,OPTIMAL
grid_5x5_31,seed_milpsnap_grid5x5_xlow.json,703,25,40,17,48.6957,0.0,0.278,OPTIMAL
grid_5x5_31,seed_milpsnap_grid5x5_xlow.json,704,25,40,16,48.6957,0.0,0.405,OPTIMAL
grid_5x5_31,seed_milpsnap_grid5x5_xlow.json,705,25,40,14,48.6957,0.0,0.353,OPTIMAL
grid_5x5_31,seed_milpsnap_grid5x5_xlow.json,706,25,40,16,48.6957,0.0,0.26,OPTIMAL
grid_5x5_31,seed_milpsnap_grid5x5_xlow.json,707,25,40,16,48.6957,0.0,0.349,OPTIMAL
grid_5x5_31,seed_milpsnap_grid5x5_xlow.json,708,25,40,17,48.6957,0.0,0.416,OPTIMAL
grid_5x5_31,seed_milpsnap_grid5x5_xlow.json,709,25,40,17,48.6957,0.0,0.392,OPTIMAL
grid_5x5_31,seed_milpsnap_grid5x5_xlow.json,710,25,40,17,48.6957,0.0,0.36,OPTIMAL
grid_5x5_31,seed_milpsnap_grid5x5_xlow.json,711,25,40,18,48.6957,0.0,0.254,OPTIMAL
grid_5x5_31,seed_milpsnap_grid5x5_xlow.json,712,25,40,18,48.6957,0.0,0.522,OPTIMAL
grid_5x5_31,seed_milpsnap_grid5x5_xlow.json,713,25,40,21,48.6957,0.0,0.387,OPTIMAL
grid_5x5_31,seed_milpsnap_grid5x5_xlow.json,714,25,40,22,45.2174,0.0,0.55,OPTIMAL
grid_5x5_31,seed_milpsnap_grid5x5_xlow.json,715,25,40,22,45.2174,0.0,0.81,OPTIMAL
grid_5x5_31,seed_milpsnap_grid5x5_xlow.json,716,25,40,23,48.6957,0.0,0.428,OPTIMAL
grid_5x5_31,seed_milpsnap_grid5x5_xlow.json,717,25,40,22,48.6957,0.0,0.366,OPTIMAL
grid_5x5_31,seed_milpsnap_grid5x5_xlow.json,718,25,40,23,48.6957,0.0,0.505,OPTIMAL
grid_5x5_31,seed_milpsnap_grid5x5_xlow.json,719,25,40,24,48.6957,0.0,0.448,OPTIMAL
grid_5x5_31,seed_milpsnap_grid5x5_xlow.json,720,25,40,23,48.6957,0.0,0.327,OPTIMAL
grid_5x5_31,seed_milpsnap_grid5x5_xlow.json,721,25,40,24,48.6957,0.0,0.498,OPTIMAL
grid_5x5_31,seed_milpsnap_grid5x5_xlow.json,722,25,40,23,48.6957,0.0,0.505,OPTIMAL
grid_5x5_31,seed_milpsnap_grid5x5_xlow.json,723,25,40,21,48.6957,0.0,0.503,OPTIMAL
grid_5x5_31,seed_milpsnap_grid5x5_xlow.json,724,25,40,20,48.6957,0.0,0.421,OPTIMAL
grid_5x5_31,seed_milpsnap_grid5x5_xlow.json,725,25,40,19,48.6957,0.0,0.587,OPTIMAL
grid_5x5_31,seed_milpsnap_grid5x5_xlow.json,726,25,40,19,48.6957,0.0,0.463,OPTIMAL
grid_5x5_31,seed_milpsnap_grid5x5_xlow.json,727,25,40,18,52.1739,0.0,0.343,OPTIMAL
grid_5x5_31,seed_milpsnap_grid5x5_xlow.json,728,25,40,14,52.1739,0.0,0.239,OPTIMAL
grid_5x5_31,seed_milpsnap_grid5x5_xlow.json,729,25,40,14,52.1739,0.0,0.315,OPTIMAL
grid_5x5_31,seed_milpsnap_grid5x5_xlow.json,730,25,40,13,52.1739,0.0,0.297,OPTIMAL
grid_5x5_31,seed_milpsnap_grid5x5_xlow.json,731,25,40,11,53.0435,0.0,0.531,OPTIMAL
grid_5x5_31,seed_milpsnap_grid5x5_xlow.json,732,25,40,11,53.0435,0.0,0.426,OPTIMAL
grid_5x5_31,seed_milpsnap_grid5x5_xlow.json,733,25,40,10,53.0435,0.0,0.184,OPTIMAL
grid_5x5_31,seed_milpsnap_grid5x5_xlow.json,734,25,40,12,52.1739,0.0,0.487,OPTIMAL
grid_5x5_31,seed_milpsnap_grid5x5_xlow.json,735,25,40,10,55.6522,0.0,0.312,OPTIMAL
grid_5x5_31,seed_milpsnap_grid5x5_xlow.json,736,25,40,11,52.1739,0.0,0.261,OPTIMAL
grid_5x5_31,seed_milpsnap_grid5x5_xlow.json,737,25,40,12,52.1739,0.0,0.275,OPTIMAL
grid_5x5_31,seed_milpsnap_grid5x5_xlow.json,738,25,40,13,52.1739,0.0,0.152,OPTIMAL
grid_5x5_31,seed_milpsnap_grid5x5_xlow.json,739,25,40,12,52.1739,0.0,0.177,OPTIMAL
grid_5x5_31,seed_milpsnap_grid5x5_xlow.json,740,25,40,12,52.1739,0.0,0.205,OPTIMAL
grid_5x5_31,seed_milpsnap_grid5x5_xlow.json,741,25,40,14,52.1739,0.0,0.162,OPTIMAL
grid_5x5_31,seed_milpsnap_grid5x5_xlow.json,742,25,40,16,48.6957,0.0,0.439,OPTIMAL
grid_5x5_31,seed_milpsnap_grid5x5_xlow.json,743,25,40,17,48.6957,0.0,0.451,OPTIMAL
grid_5x5_31,seed_milpsnap_grid5x5_xlow.json,744,25,40,19,48.6957,0.0,0.292,OPTIMAL
grid_5x5_31,seed_milpsnap_grid5x5_xlow.json,745,25,40,20,48.6957,0.0,0.293,OPTIMAL
grid_5x5_31,seed_milpsnap_grid5x5_xlow.json,746,25,40,18,48.6957,0.0,0.357,OPTIMAL
grid_5x5_31,seed_milpsnap_grid5x5_xlow.json,747,25,40,20,48.6957,0.0,0.241,OPTIMAL
grid_5x5_31,seed_milpsnap_grid5x5_xlow.json,748,25,40,18,48.6957,0.0,0.495,OPTIMAL
grid_5x5_31,seed_milpsnap_grid5x5_xlow.json,749,25,40,20,48.6957,0.0,0.37,OPTIMAL
grid_5x5_31,seed_milpsnap_grid5x5_xlow.json,750,25,40,21,48.6957,0.0,0.285,OPTIMAL
grid_5x5_31,seed_milpsnap_grid5x5_xlow.json,751,25,40,22,48.6957,0.0,0.359,OPTIMAL
grid_5x5_31,seed_milpsnap_grid5x5_xlow.json,752,25,40,22,48.6957,0.0,0.51,OPTIMAL
grid_5x5_31,seed_milpsnap_grid5x5_xlow.json,753,25,40,21,48.6957,0.0,0.33,OPTIMAL
grid_5x5_31,seed_milpsnap_grid5x5_xlow.json,754,25,40,23,45.2174,0.0,0.615,OPTIMAL
grid_5x5_31,seed_milpsnap_grid5x5_xlow.json,755,25,40,24,45.2174,0.0,0.993,OPTIMAL
grid_5x5_31,seed_milpsnap_grid5x5_xlow.json,756,25,40,21,45.2174,0.0,0.514,OPTIMAL
grid_5x5_31,seed_milpsnap_grid5x5_xlow.json,757,25,40,19,45.2174,0.0,0.616,OPTIMAL
grid_5x5_31,seed_milpsnap_grid5x5_xlow.json,758,25,40,18,45.2174,0.0,0.398,OPTIMAL
grid_5x5_31,seed_milpsnap_grid5x5_xlow.json,759,25,40,16,48.6957,0.0,0.591,OPTIMAL
grid_5x5_31,seed_milpsnap_grid5x5_xlow.json,760,25,40,16,48.6957,0.0,0.327,OPTIMAL
grid_5x5_31,seed_milpsnap_grid5x5_xlow.json,761,25,40,17,48.6957,0.0,0.395,OPTIMAL
grid_5x5_31,seed_milpsnap_grid5x5_xlow.json,762,25,40,18,48.6957,0.0,0.31,OPTIMAL
grid_5x5_31,seed_milpsnap_grid5x5_xlow.json,763,25,40,20,48.6957,0.0,0.317,OPTIMAL
grid_5x5_31,seed_milpsnap_grid5x5_xlow.json,764,25,40,19,48.6957,0.0,0.464,OPTIMAL
grid_5x5_31,seed_milpsnap_grid5x5_xlow.json,765,25,40,19,48.6957,0.0,0.351,OPTIMAL
grid_5x5_31,seed_milpsnap_grid5x5_xlow.json,766,25,40,17,52.1739,0.0,0.202,OPTIMAL
grid_5x5_31,seed_milpsnap_grid5x5_xlow.json,767,25,40,16,55.6522,0.0,0.254,OPTIMAL
grid_5x5_31,seed_milpsnap_grid5x5_xlow.json,768,25,40,14,55.6522,0.0,0.135,OPTIMAL
grid_5x5_31,seed_milpsnap_grid5x5_xlow.json,769,25,40,14,55.6522,0.0,0.12,OPTIMAL
grid_5x5_31,seed_milpsnap_grid5x5_xlow.json,770,25,40,16,55.6522,0.0,0.145,OPTIMAL
grid_5x5_31,seed_milpsnap_grid5x5_xlow.json,771,25,40,17,55.6522,0.0,0.282,OPTIMAL
grid_5x5_31,seed_milpsnap_grid5x5_xlow.json,772,25,40,18,48.6957,0.0,0.397,OPTIMAL
grid_5x5_31,seed_milpsnap_grid5x5_xlow.json,773,25,40,18,48.6957,0.0,0.336,OPTIMAL
grid_5x5_31,seed_milpsnap_grid5x5_xlow.json,774,25,40,18,48.6957,0.0,0.319,OPTIMAL
grid_5x5_31,seed_milpsnap_grid5x5_xlow.json,775,25,40,17,48.6957,0.0,0.453,OPTIMAL
grid_5x5_31,seed_milpsnap_grid5x5_xlow.json,776,25,40,14,48.6957,0.0,0.195,OPTIMAL
grid_5x5_31,seed_milpsnap_grid5x5_xlow.json,777,25,40,13,48.6957,0.0,0.325,OPTIMAL
grid_5x5_31,seed_milpsnap_grid5x5_xlow.json,778,25,40,13,48.6957,0.0,0.317,OPTIMAL
grid_5x5_31,seed_milpsnap_grid5x5_xlow.json,779,25,40,14,48.6957,0.0,0.317,OPTIMAL
grid_5x5_31,seed_milpsnap_grid5x5_xlow.json,780,25,40,15,48.6957,0.0,0.432,OPTIMAL
grid_5x5_31,seed_milpsnap_grid5x5_xlow.json,781,25,40,16,48.6957,0.0,0.339,OPTIMAL
grid_5x5_31,seed_milpsnap_grid5x5_xlow.json,782,25,40,16,48.6957,0.0,0.348,OPTIMAL
grid_5x5_31,seed_milpsnap_grid5x5_xlow.json,783,25,40,16,52.1739,0.0,0.264,OPTIMAL
grid_5x5_31,seed_milpsnap_grid5x5_xlow.json,784,25,40,1,76.5217,0.0,0.017,OPTIMAL
grid_5x5_31,seed_milpsnap_grid5x5_xlow.json,785,25,40,3,69.5652,0.0,0.022,OPTIMAL
grid_5x5_31,seed_milpsnap_grid5x5_xlow.json,786,25,40,4,63.4783,0.0,0.047,OPTIMAL
grid_5x5_31,seed_milpsnap_grid5x5_xlow.json,787,25,40,5,56.5217,0.0,0.154,OPTIMAL
grid_5x5_31,seed_milpsnap_grid5x5_xlow.json,788,25,40,7,53.0435,0.0,0.246,OPTIMAL
grid_5x5_31,seed_milpsnap_grid5x5_xlow.json,789,25,40,8,52.1739,0.0,0.164,OPTIMAL
grid_5x5_31,seed_milpsnap_grid5x5_xlow.json,790,25,40,10,52.1739,0.0,0.192,OPTIMAL
grid_5x5_31,seed_milpsnap_grid5x5_xlow.json,791,25,40,13,48.6957,0.0,0.275,OPTIMAL
grid_5x5_31,seed_milpsnap_grid5x5_xlow.json,792,25,40,14,48.6957,0.0,0.237,OPTIMAL
grid_5x5_31,seed_milpsnap_grid5x5_xlow.json,793,25,40,15,48.6957,0.0,0.298,OPTIMAL
grid_5x5_31,seed_milpsnap_grid5x5_xlow.json,794,25,40,16,48.6957,0.0,0.774,OPTIMAL
grid_5x5_31,seed_milpsnap_grid5x5_xlow.json,795,25,40,17,48.6957,0.0,0.361,OPTIMAL
grid_5x5_31,seed_milpsnap_grid5x5_xlow.json,796,25,40,18,48.6957,0.0,0.368,OPTIMAL
grid_5x5_31,seed_milpsnap_grid5x5_xlow.json,797,25,40,16,48.6957,0.0,0.43,OPTIMAL
grid_5x5_31,seed_milpsnap_grid5x5_xlow.json,798,25,40,17,48.6957,0.0,0.295,OPTIMAL
grid_5x5_31,seed_milpsnap_grid5x5_xlow.json,799,25,40,18,48.6957,0.0,0.245,OPTIMAL
grid_5x5_31,seed_milpsnap_grid5x5_xlow.json,800,25,40,19,48.6957,0.0,0.304,OPTIMAL
grid_5x5_31,seed_milpsnap_grid5x5_xlow.json,801,25,40,17,48.6957,0.0,0.199,OPTIMAL
grid_5x5_31,seed_milpsnap_grid5x5_xlow.json,802,25,40,16,48.6957,0.0,0.239,OPTIMAL
grid_5x5_31,seed_milpsnap_grid5x5_xlow.json,803,25,40,15,45.2174,0.0,0.408,OPTIMAL
grid_5x5_31,seed_milpsnap_grid5x5_xlow.json,804,25,40,20,45.2174,0.0,0.449,OPTIMAL
grid_5x5_31,seed_milpsnap_grid5x5_xlow.json,805,25,40,19,48.6957,0.0,0.307,OPTIMAL
grid_5x5_31,seed_milpsnap_grid5x5_xlow.json,806,25,40,20,48.6957,0.0,0.24,OPTIMAL
grid_5x5_31,seed_milpsnap_grid5x5_xlow.json,807,25,40,20,45.2174,0.0,0.528,OPTIMAL
grid_5x5_31,seed_milpsnap_grid5x5_xlow.json,808,25,40,19,45.2174,0.0,0.446,OPTIMAL
grid_5x5_31,seed_milpsnap_grid5x5_xlow.json,809,25,40,20,45.2174,0.0,0.641,OPTIMAL
grid_5x5_31,seed_milpsnap_grid5x5_xlow.json,810,25,40,19,46.087,0.0,0.689,OPTIMAL
grid_5x5_31,seed_milpsnap_grid5x5_xlow.json,811,25,40,20,52.1739,0.0,0.215,OPTIMAL
grid_5x5_31,seed_milpsnap_grid5x5_xlow.json,812,25,40,18,52.1739,0.0,0.303,OPTIMAL
grid_5x5_31,seed_milpsnap_grid5x5_xlow.json,813,25,40,18,52.1739,0.0,0.282,OPTIMAL
grid_5x5_31,seed_milpsnap_grid5x5_xlow.json,814,25,40,19,48.6957,0.0,0.383,OPTIMAL
grid_5x5_31,seed_milpsnap_grid5x5_xlow.json,815,25,40,20,45.2174,0.0,0.551,OPTIMAL
grid_5x5_31,seed_milpsnap_grid5x5_xlow.json,816,25,40,24,45.2174,0.0,1.024,OPTIMAL
grid_5x5_31,seed_milpsnap_grid5x5_xlow.json,817,25,40,25,45.2174,0.0,0.926,OPTIMAL
grid_5x5_31,seed_milpsnap_grid5x5_xlow.json,818,25,40,20,45.2174,0.0,0.731,OPTIMAL
grid_5x5_31,seed_milpsnap_grid5x5_xlow.json,819,25,40,18,45.2174,0.0,0.577,OPTIMAL
grid_5x5_31,seed_milpsnap_grid5x5_xlow.json,820,25,40,17,45.2174,0.0,0.575,OPTIMAL
grid_5x5_31,seed_milpsnap_grid5x5_xlow.json,821,25,40,16,48.6957,0.0,0.19,OPTIMAL
grid_5x5_31,seed_milpsnap_grid5x5_xlow.json,822,25,40,17,48.6957,0.0,0.288,OPTIMAL
grid_5x5_31,seed_milpsnap_grid5x5_xlow.json,823,25,40,17,48.6957,0.0,0.321,OPTIMAL
grid_5x5_31,seed_milpsnap_grid5x5_xlow.json,824,25,40,16,48.6957,0.0,0.293,OPTIMAL
grid_5x5_31,seed_milpsnap_grid5x5_xlow.json,825,25,40,14,48.6957,0.0,0.38,OPTIMAL
grid_5x5_31,seed_milpsnap_grid5x5_xlow.json,826,25,40,14,48.6957,0.0,0.206,OPTIMAL
grid_5x5_31,seed_milpsnap_grid5x5_xlow.json,827,25,40,16,48.6957,0.0,0.329,OPTIMAL
grid_5x5_31,seed_milpsnap_grid5x5_xlow.json,828,25,40,17,48.6957,0.0,0.522,OPTIMAL
grid_5x5_31,seed_milpsnap_grid5x5_xlow.json,829,25,40,16,48.6957,0.0,0.634,OPTIMAL
grid_5x5_31,seed_milpsnap_grid5x5_xlow.json,830,25,40,15,48.6957,0.0,0.354,OPTIMAL
grid_5x5_31,seed_milpsnap_grid5x5_xlow.json,831,25,40,17,48.6957,0.0,0.313,OPTIMAL
grid_5x5_31,seed_milpsnap_grid5x5_xlow.json,832,25,40,18,48.6957,0.0,0.36,OPTIMAL
grid_5x5_31,seed_milpsnap_grid5x5_xlow.json,833,25,40,18,48.6957,0.0,0.719,OPTIMAL
grid_5x5_31,seed_milpsnap_grid5x5_xlow.json,834,25,40,16,48.6957,0.0,0.394,OPTIMAL
grid_5x5_31,seed_milpsnap_grid5x5_xlow.json,835,25,40,17,48.6957,0.0,0.535,OPTIMAL
grid_5x5_31,seed_milpsnap_grid5x5_xlow.json,836,25,40,18,48.6957,0.0,0.488,OPTIMAL
grid_5x5_31,seed_milpsnap_grid5x5_xlow.json,837,25,40,19,48.6957,0.0,0.386,OPTIMAL
grid_5x5_31,seed_milpsnap_grid5x5_xlow.json,838,25,40,18,48.6957,0.0,0.351,OPTIMAL
grid_5x5_31,seed_milpsnap_grid5x5_xlow.json,839,25,40,18,48.6957,0.0,0.311,OPTIMAL
grid_5x5_31,seed_milpsnap_grid5x5_xlow.json,840,25,40,17,48.6957,0.0,0.352,OPTIMAL
grid_5x5_31,seed_milpsnap_grid5x5_xlow.json,841,25,40,16,45.2174,0.0,0.435,OPTIMAL
grid_5x5_31,seed_milpsnap_grid5x5_xlow.json,842,25,40,17,45.2174,0.0,0.517,OPTIMAL
grid_5x5_31,seed_milpsnap_grid5x5_xlow.json,843,25,40,18,45.2174,0.0,0.498,OPTIMAL
grid_5x5_31,seed_milpsnap_grid5x5_xlow.json,844,25,40,21,45.2174,0.0,0.663,OPTIMAL
grid_5x5_31,seed_milpsnap_grid5x5_xlow.json,845,25,40,19,45.2174,0.0,0.46,OPTIMAL
grid_5x5_31,seed_milpsnap_grid5x5_xlow.json,846,25,40,20,45.2174,0.0,0.555,OPTIMAL
grid_5x5_31,seed_milpsnap_grid5x5_xlow.json,847,25,40,20,45.2174,0.0,0.598,OPTIMAL
grid_5x5_31,seed_milpsnap_grid5x5_xlow.json,848,25,40,21,45.2174,0.0,0.651,OPTIMAL
grid_5x5_31,seed_milpsnap_grid5x5_xlow.json,849,25,40,20,45.2174,0.0,0.55,OPTIMAL
grid_5x5_31,seed_milpsnap_grid5x5_xlow.json,850,25,40,21,45.2174,0.0,1.053,OPTIMAL
grid_5x5_31,seed_milpsnap_grid5x5_xlow.json,851,25,40,22,45.2174,0.0,0.638,OPTIMAL
grid_5x5_31,seed_milpsnap_grid5x5_xlow.json,852,25,40,22,45.2174,0.0,0.623,OPTIMAL
grid_5x5_31,seed_milpsnap_grid5x5_xlow.json,853,25,40,23,45.2174,0.0,0.761,OPTIMAL
grid_5x5_31,seed_milpsnap_grid5x5_xlow.json,854,25,40,21,45.2174,0.0,0.509,OPTIMAL
grid_5x5_31,seed_milpsnap_grid5x5_xlow.json,855,25,40,21,45.2174,0.0,0.914,OPTIMAL
grid_5x5_31,seed_milpsnap_grid5x5_xlow.json,856,25,40,20,45.2174,0.0,0.697,OPTIMAL
grid_5x5_31,seed_milpsnap_grid5x5_xlow.json,857,25,40,19,48.6957,0.0,0.778,OPTIMAL
grid_5x5_31,seed_milpsnap_grid5x5_xlow.json,858,25,40,21,48.6957,0.0,0.475,OPTIMAL
grid_5x5_31,seed_milpsnap_grid5x5_xlow.json,859,25,40,18,48.6957,0.0,0.952,OPTIMAL
grid_5x5_31,seed_milpsnap_grid5x5_xlow.json,860,25,40,18,48.6957,0.0,0.513,OPTIMAL
grid_5x5_31,seed_milpsnap_grid5x5_xlow.json,861,25,40,17,48.6957,0.0,0.328,OPTIMAL
grid_5x5_31,seed_milpsnap_grid5x5_xlow.json,862,25,40,18,48.6957,0.0,0.331,OPTIMAL
grid_5x5_31,seed_milpsnap_grid5x5_xlow.json,863,25,40,18,48.6957,0.0,0.307,OPTIMAL
grid_5x5_31,seed_milpsnap_grid5x5_xlow.json,864,25,40,16,48.6957,0.0,0.349,OPTIMAL
grid_5x5_31,seed_milpsnap_grid5x5_xlow.json,865,25,40,16,48.6957,0.0,0.628,OPTIMAL
grid_5x5_31,seed_milpsnap_grid5x5_xlow.json,866,25,40,16,48.6957,0.0,1.133,OPTIMAL
grid_5x5_31,seed_milpsnap_grid5x5_xlow.json,867,25,40,15,48.6957,0.0,0.36,OPTIMAL
grid_5x5_31,seed_milpsnap_grid5x5_xlow.json,868,25,40,14,48.6957,0.0,0.413,OPTIMAL
grid_5x5_31,seed_milpsnap_grid5x5_xlow.json,869,25,40,13,52.1739,0.0,0.397,OPTIMAL
grid_5x5_31,seed_milpsnap_grid5x5_xlow.json,870,25,40,14,52.1739,0.0,0.342,OPTIMAL
grid_5x5_31,seed_milpsnap_grid5x5_xlow.json,871,25,40,14,52.1739,0.0,0.542,OPTIMAL
grid_5x5_31,seed_milpsnap_grid5x5_xlow.json,872,25,40,11,52.1739,0.0,0.415,OPTIMAL
grid_5x5_31,seed_milpsnap_grid5x5_xlow.json,873,25,40,10,52.1739,0.0,0.427,OPTIMAL
grid_5x5_31,seed_milpsnap_grid5x5_xlow.json,874,25,40,10,48.6957,0.0,0.542,OPTIMAL
grid_5x5_31,seed_milpsnap_grid5x5_xlow.json,875,25,40,9,48.6957,0.0,0.723,OPTIMAL
grid_5x5_31,seed_milpsnap_grid5x5_xlow.json,876,25,40,8,48.6957,0.0,0.867,OPTIMAL
grid_5x5_31,seed_milpsnap_grid5x5_xlow.json,877,25,40,10,48.6957,0.0,0.403,OPTIMAL
grid_5x5_31,seed_milpsnap_grid5x5_xlow.json,878,25,40,11,48.6957,0.0,0.3,OPTIMAL
grid_5x5_31,seed_milpsnap_grid5x5_xlow.json,879,25,40,12,52.1739,0.0,0.183,OPTIMAL
grid_5x5_31,seed_milpsnap_grid5x5_xlow.json,880,25,40,13,48.6957,0.0,0.273,OPTIMAL
grid_5x5_31,seed_milpsnap_grid5x5_xlow.json,881,25,40,14,48.6957,0.0,0.247,OPTIMAL
grid_5x5_31,seed_milpsnap_grid5x5_xlow.json,882,25,40,13,48.6957,0.0,0.284,OPTIMAL
grid_5x5_31,seed_milpsnap_grid5x5_xlow.json,883,25,40,13,48.6957,0.0,0.194,OPTIMAL
grid_5x5_31,seed_milpsnap_grid5x5_xlow.json,884,25,40,14,48.6957,0.0,0.316,OPTIMAL
grid_5x5_31,seed_milpsnap_grid5x5_xlow.json,885,25,40,14,48.6957,0.0,0.199,OPTIMAL
grid_5x5_31,seed_milpsnap_grid5x5_xlow.json,886,25,40,13,48.6957,0.0,0.291,OPTIMAL
grid_5x5_31,seed_milpsnap_grid5x5_xlow.json,887,25,40,14,45.2174,0.0,0.31,OPTIMAL
grid_5x5_31,seed_milpsnap_grid5x5_xlow.json,888,25,40,16,48.6957,0.0,0.305,OPTIMAL
grid_5x5_31,seed_milpsnap_grid5x5_xlow.json,889,25,40,18,48.6957,0.0,0.402,OPTIMAL
grid_5x5_31,seed_milpsnap_grid5x5_xlow.json,890,25,40,17,48.6957,0.0,0.345,OPTIMAL
grid_5x5_31,seed_milpsnap_grid5x5_xlow.json,891,25,40,16,48.6957,0.0,0.3,OPTIMAL
grid_5x5_31,seed_milpsnap_grid5x5_xlow.json,892,25,40,14,48.6957,0.0,0.405,OPTIMAL
grid_5x5_31,seed_milpsnap_grid5x5_xlow.json,893,25,40,16,48.6957,0.0,0.579,OPTIMAL
grid_5x5_31,seed_milpsnap_grid5x5_xlow.json,894,25,40,15,48.6957,0.0,0.267,OPTIMAL
grid_5x5_31,seed_milpsnap_grid5x5_xlow.json,895,25,40,14,52.1739,0.0,0.266,OPTIMAL
grid_5x5_31,seed_milpsnap_grid5x5_xlow.json,896,25,40,13,52.1739,0.0,0.287,OPTIMAL
grid_5x5_31,seed_milpsnap_grid5x5_xlow.json,897,25,40,13,55.6522,0.0,0.213,OPTIMAL
grid_5x5_31,seed_milpsnap_grid5x5_xlow.json,898,25,40,14,55.6522,0.0,0.243,OPTIMAL
grid_5x5_31,seed_milpsnap_grid5x5_xlow.json,899,25,40,15,55.6522,0.0,0.3,OPTIMAL
grid_5x5_31,seed_milpsnap_grid5x5_xlow.json,900,25,40,15,52.1739,0.0,0.234,OPTIMAL
grid_5x5_31,seed_milpsnap_grid5x5_xlow.json,901,25,40,16,52.1739,0.0,0.244,OPTIMAL
grid_5x5_31,seed_milpsnap_grid5x5_xlow.json,902,25,40,16,52.1739,0.0,0.263,OPTIMAL
grid_5x5_31,seed_milpsnap_grid5x5_xlow.json,903,25,40,13,48.6957,0.0,0.335,OPTIMAL
grid_5x5_31,seed_milpsnap_grid5x5_xlow.json,904,25,40,13,48.6957,0.0,0.435,OPTIMAL
grid_5x5_31,seed_milpsnap_grid5x5_xlow.json,905,25,40,14,48.6957,0.0,0.23,OPTIMAL
grid_5x5_31,seed_milpsnap_grid5x5_xlow.json,906,25,40,15,45.2174,0.0,0.361,OPTIMAL
grid_5x5_31,seed_milpsnap_grid5x5_xlow.json,907,25,40,16,45.2174,0.0,0.415,OPTIMAL
grid_5x5_31,seed_milpsnap_grid5x5_xlow.json,908,25,40,16,48.6957,0.0,0.301,OPTIMAL
grid_5x5_31,seed_milpsnap_grid5x5_xlow.json,909,25,40,17,48.6957,0.0,0.744,OPTIMAL
grid_5x5_31,seed_milpsnap_grid5x5_xlow.json,910,25,40,18,48.6957,0.0,0.328,OPTIMAL
grid_5x5_31,seed_milpsnap_grid5x5_xlow.json,911,25,40,17,48.6957,0.0,0.246,OPTIMAL
grid_5x5_31,seed_milpsnap_grid5x5_xlow.json,912,25,40,16,48.6957,0.0,0.379,OPTIMAL
grid_5x5_31,seed_milpsnap_grid5x5_xlow.json,913,25,40,15,48.6957,0.0,0.272,OPTIMAL
grid_5x5_31,seed_milpsnap_grid5x5_xlow.json,914,25,40,15,52.1739,0.0,0.2,OPTIMAL
grid_5x5_31,seed_milpsnap_grid5x5_xlow.json,915,25,40,16,52.1739,0.0,0.401,OPTIMAL
grid_5x5_31,seed_milpsnap_grid5x5_xlow.json,916,25,40,16,48.6957,0.0,0.303,OPTIMAL
grid_5x5_31,seed_milpsnap_grid5x5_xlow.json,917,25,40,15,48.6957,0.0,0.358,OPTIMAL
grid_5x5_31,seed_milpsnap_grid5x5_xlow.json,918,25,40,1,73.0435,0.0,0.033,OPTIMAL
grid_5x5_31,seed_milpsnap_grid5x5_xlow.json,919,25,40,2,73.0435,0.0,0.023,OPTIMAL
grid_5x5_31,seed_milpsnap_grid5x5_xlow.json,920,25,40,3,63.4783,0.0,0.048,OPTIMAL
grid_5x5_31,seed_milpsnap_grid5x5_xlow.json,921,25,40,4,56.5217,0.0,0.651,OPTIMAL
grid_5x5_31,seed_milpsnap_grid5x5_xlow.json,922,25,40,6,52.1739,0.0,0.731,OPTIMAL
grid_5x5_31,seed_milpsnap_grid5x5_xlow.json,923,25,40,5,52.1739,0.0,0.351,OPTIMAL
grid_5x5_31,seed_milpsnap_grid5x5_xlow.json,924,25,40,6,52.1739,0.0,0.195,OPTIMAL
grid_5x5_31,seed_milpsnap_grid5x5_xlow.json,925,25,40,7,52.1739,0.0,0.296,OPTIMAL
grid_5x5_31,seed_milpsnap_grid5x5_xlow.json,926,25,40,6,55.6522,0.0,0.193,OPTIMAL
grid_5x5_31,seed_milpsnap_grid5x5_xlow.json,927,25,40,5,62.6087,0.0,0.096,OPTIMAL
grid_5x5_31,seed_milpsnap_grid5x5_xlow.json,928,25,40,6,55.6522,0.0,0.467,OPTIMAL
grid_5x5_31,seed_milpsnap_grid5x5_xlow.json,929,25,40,7,55.6522,0.0,0.502,OPTIMAL
grid_5x5_31,seed_milpsnap_grid5x5_xlow.json,930,25,40,6,59.1304,0.0,0.296,OPTIMAL
grid_5x5_31,seed_milpsnap_grid5x5_xlow.json,931,25,40,4,69.5652,0.0,0.036,OPTIMAL
grid_5x5_31,seed_milpsnap_grid5x5_xlow.json,932,25,40,6,52.1739,0.0,0.559,OPTIMAL
grid_5x5_31,seed_milpsnap_grid5x5_xlow.json,933,25,40,7,52.1739,0.0,0.623,OPTIMAL
grid_5x5_31,seed_milpsnap_grid5x5_xlow.json,934,25,40,10,52.1739,0.0,0.575,OPTIMAL
grid_5x5_31,seed_milpsnap_grid5x5_xlow.json,935,25,40,11,52.1739,0.0,0.47,OPTIMAL
grid_5x5_31,seed_milpsnap_grid5x5_xlow.json,936,25,40,10,52.1739,0.0,0.351,OPTIMAL
grid_5x5_31,seed_milpsnap_grid5x5_xlow.json,937,25,40,9,52.1739,0.0,0.251,OPTIMAL
grid_5x5_31,seed_milpsnap_grid5x5_xlow.json,938,25,40,10,52.1739,0.0,0.355,OPTIMAL
grid_5x5_31,seed_milpsnap_grid5x5_xlow.json,939,25,40,11,52.1739,0.0,0.322,OPTIMAL
grid_5x5_31,seed_milpsnap_grid5x5_xlow.json,940,25,40,11,52.1739,0.0,0.279,OPTIMAL
grid_5x5_31,seed_milpsnap_grid5x5_xlow.json,941,25,40,10,52.1739,0.0,0.324,OPTIMAL
grid_5x5_31,seed_milpsnap_grid5x5_xlow.json,942,25,40,12,48.6957,0.0,0.903,OPTIMAL
grid_5x5_31,seed_milpsnap_grid5x5_xlow.json,943,25,40,14,48.6957,0.0,0.249,OPTIMAL
grid_5x5_31,seed_milpsnap_grid5x5_xlow.json,944,25,40,13,48.6957,0.0,0.445,OPTIMAL
grid_5x5_31,seed_milpsnap_grid5x5_xlow.json,945,25,40,14,48.6957,0.0,0.353,OPTIMAL
grid_5x5_31,seed_milpsnap_grid5x5_xlow.json,946,25,40,15,48.6957,0.0,0.512,OPTIMAL
grid_5x5_31,seed_milpsnap_grid5x5_xlow.json,947,25,40,14,52.1739,0.0,0.257,OPTIMAL
grid_5x5_31,seed_milpsnap_grid5x5_xlow.json,948,25,40,14,52.1739,0.0,0.205,OPTIMAL
grid_5x5_31,seed_milpsnap_grid5x5_xlow.json,949,25,40,15,52.1739,0.0,0.2,OPTIMAL
grid_5x5_31,seed_milpsnap_grid5x5_xlow.json,950,25,40,15,48.6957,0.0,0.234,OPTIMAL
grid_5x5_31,seed_milpsnap_grid5x5_xlow.json,951,25,40,14,52.1739,0.0,0.167,OPTIMAL
grid_5x5_31,seed_milpsnap_grid5x5_xlow.json,952,25,40,13,52.1739,0.0,0.153,OPTIMAL
grid_5x5_31,seed_milpsnap_grid5x5_xlow.json,953,25,40,16,48.6957,0.0,0.349,OPTIMAL
grid_5x5_31,seed_milpsnap_grid5x5_xlow.json,954,25,40,16,48.6957,0.0,0.237,OPTIMAL
grid_5x5_31,seed_milpsnap_grid5x5_xlow.json,955,25,40,16,48.6957,0.0,0.272,OPTIMAL
grid_5x5_31,seed_milpsnap_grid5x5_xlow.json,956,25,40,17,48.6957,0.0,0.347,OPTIMAL
grid_5x5_31,seed_milpsnap_grid5x5_xlow.json,957,25,40,15,48.6957,0.0,0.398,OPTIMAL
grid_5x5_31,seed_milpsnap_grid5x5_xlow.json,958,25,40,16,48.6957,0.0,0.846,OPTIMAL
grid_5x5_31,seed_milpsnap_grid5x5_xlow.json,959,25,40,15,48.6957,0.0,1.089,OPTIMAL
grid_5x5_31,seed_milpsnap_grid5x5_xlow.json,960,25,40,14,48.6957,0.0,0.776,OPTIMAL
grid_5x5_31,seed_milpsnap_grid5x5_xlow.json,961,25,40,14,48.6957,0.0,0.818,OPTIMAL
grid_5x5_31,seed_milpsnap_grid5x5_xlow.json,962,25,40,15,48.6957,0.0,0.424,OPTIMAL
grid_5x5_31,seed_milpsnap_grid5x5_xlow.json,963,25,40,15,48.6957,0.0,0.417,OPTIMAL
grid_5x5_31,seed_milpsnap_grid5x5_xlow.json,964,25,40,18,48.6957,0.0,0.454,OPTIMAL
grid_5x5_31,seed_milpsnap_grid5x5_xlow.json,965,25,40,19,48.6957,0.0,0.397,OPTIMAL
grid_5x5_31,seed_milpsnap_grid5x5_xlow.json,966,25,40,20,48.6957,0.0,0.44,OPTIMAL
grid_5x5_31,seed_milpsnap_grid5x5_xlow.json,967,25,40,18,48.6957,0.0,0.327,OPTIMAL
grid_5x5_31,seed_milpsnap_grid5x5_xlow.json,968,25,40,16,48.6957,0.0,0.386,OPTIMAL
grid_5x5_31,seed_milpsnap_grid5x5_xlow.json,969,25,40,14,48.6957,0.0,0.306,OPTIMAL
grid_5x5_31,seed_milpsnap_grid5x5_xlow.json,970,25,40,13,48.6957,0.0,0.308,OPTIMAL
grid_5x5_31,seed_milpsnap_grid5x5_xlow.json,971,25,40,15,48.6957,0.0,0.329,OPTIMAL
grid_5x5_31,seed_milpsnap_grid5x5_xlow.json,972,25,40,14,48.6957,0.0,0.234,OPTIMAL
grid_5x5_31,seed_milpsnap_grid5x5_xlow.json,973,25,40,14,48.6957,0.0,0.319,OPTIMAL
grid_5x5_31,seed_milpsnap_grid5x5_xlow.json,974,25,40,14,48.6957,0.0,0.243,OPTIMAL
grid_5x5_31,seed_milpsnap_grid5x5_xlow.json,975,25,40,16,48.6957,0.0,0.224,OPTIMAL
grid_5x5_31,seed_milpsnap_grid5x5_xlow.json,976,25,40,17,48.6957,0.0,0.2,OPTIMAL
grid_5x5_31,seed_milpsnap_grid5x5_xlow.json,977,25,40,14,48.6957,0.0,0.245,OPTIMAL
grid_5x5_31,seed_milpsnap_grid5x5_xlow.json,978,25,40,14,48.6957,0.0,0.249,OPTIMAL
grid_5x5_31,seed_milpsnap_grid5x5_xlow.json,979,25,40,13,48.6957,0.0,0.409,OPTIMAL
grid_5x5_31,seed_milpsnap_grid5x5_xlow.json,980,25,40,14,48.6957,0.0,0.398,OPTIMAL
grid_5x5_31,seed_milpsnap_grid5x5_xlow.json,981,25,40,15,48.6957,0.0,0.266,OPTIMAL
grid_5x5_31,seed_milpsnap_grid5x5_xlow.json,982,25,40,16,48.6957,0.0,0.368,OPTIMAL
grid_5x5_31,seed_milpsnap_grid5x5_xlow.json,983,25,40,16,48.6957,0.0,0.54,OPTIMAL
grid_5x5_31,seed_milpsnap_grid5x5_xlow.json,984,25,40,14,52.1739,0.0,0.331,OPTIMAL
grid_5x5_31,seed_milpsnap_grid5x5_xlow.json,985,25,40,14,48.6957,0.0,0.275,OPTIMAL
grid_5x5_31,seed_milpsnap_grid5x5_xlow.json,986,25,40,13,48.6957,0.0,0.308,OPTIMAL
grid_5x5_31,seed_milpsnap_grid5x5_xlow.json,987,25,40,15,48.6957,0.0,0.337,OPTIMAL
grid_5x5_31,seed_milpsnap_grid5x5_xlow.json,988,25,40,13,52.1739,0.0,0.243,OPTIMAL
grid_5x5_31,seed_milpsnap_grid5x5_xlow.json,989,25,40,12,52.1739,0.0,0.334,OPTIMAL
grid_5x5_31,seed_milpsnap_grid5x5_xlow.json,990,25,40,13,52.1739,0.0,0.384,OPTIMAL
grid_5x5_31,seed_milpsnap_grid5x5_xlow.json,991,25,40,14,48.6957,0.0,0.441,OPTIMAL
grid_5x5_31,seed_milpsnap_grid5x5_xlow.json,992,25,40,16,48.6957,0.0,0.435,OPTIMAL
grid_5x5_31,seed_milpsnap_grid5x5_xlow.json,993,25,40,14,48.6957,0.0,0.31,OPTIMAL
grid_5x5_31,seed_milpsnap_grid5x5_xlow.json,994,25,40,13,52.1739,0.0,0.206,OPTIMAL
grid_5x5_31,seed_milpsnap_grid5x5_xlow.json,995,25,40,12,52.1739,0.0,0.233,OPTIMAL
grid_5x5_31,seed_milpsnap_grid5x5_xlow.json,996,25,40,11,52.1739,0.0,0.177,OPTIMAL
grid_5x5_31,seed_milpsnap_grid5x5_xlow.json,997,25,40,10,55.6522,0.0,0.118,OPTIMAL
grid_5x5_31,seed_milpsnap_grid5x5_xlow.json,998,25,40,11,55.6522,0.0,0.254,OPTIMAL
grid_5x5_31,seed_milpsnap_grid5x5_xlow.json,999,25,40,12,55.6522,0.0,0.156,OPTIMAL
grid_5x5_31,seed_milpsnap_grid5x5_xlow.json,1000,25,40,9,59.1304,0.0,0.121,OPTIMAL
grid_5x5_31,seed_milpsnap_grid5x5_xlow.json,1001,25,40,9,59.1304,0.0,0.147,OPTIMAL
grid_5x5_31,seed_milpsnap_grid5x5_xlow.json,1002,25,40,9,59.1304,0.0,0.081,OPTIMAL
grid_5x5_31,seed_milpsnap_grid5x5_xlow.json,1003,25,40,9,52.1739,0.0,0.166,OPTIMAL
grid_5x5_31,seed_milpsnap_grid5x5_xlow.json,1004,25,40,11,48.6957,0.0,0.432,OPTIMAL
grid_5x5_31,seed_milpsnap_grid5x5_xlow.json,1005,25,40,14,48.6957,0.0,0.424,OPTIMAL
grid_5x5_31,seed_milpsnap_grid5x5_xlow.json,1006,25,40,15,48.6957,0.0,0.167,OPTIMAL
grid_5x5_31,seed_milpsnap_grid5x5_xlow.json,1007,25,40,16,48.6957,0.0,0.231,OPTIMAL
grid_5x5_31,seed_milpsnap_grid5x5_xlow.json,1008,25,40,18,48.6957,0.0,0.227,OPTIMAL
grid_5x5_31,seed_milpsnap_grid5x5_xlow.json,1009,25,40,19,48.6957,0.0,0.363,OPTIMAL
grid_5x5_31,seed_milpsnap_grid5x5_xlow.json,1010,25,40,21,45.2174,0.0,0.52,OPTIMAL
grid_5x5_31,seed_milpsnap_grid5x5_xlow.json,1011,25,40,21,45.2174,0.0,0.627,OPTIMAL
grid_5x5_31,seed_milpsnap_grid5x5_xlow.json,1012,25,40,20,45.2174,0.0,0.545,OPTIMAL
grid_5x5_31,seed_milpsnap_grid5x5_xlow.json,1013,25,40,19,48.6957,0.0,0.389,OPTIMAL
grid_5x5_31,seed_milpsnap_grid5x5_xlow.json,1014,25,40,18,48.6957,0.0,0.34,OPTIMAL
grid_5x5_31,seed_milpsnap_grid5x5_xlow.json,1015,25,40,17,48.6957,0.0,0.256,OPTIMAL
grid_5x5_31,seed_milpsnap_grid5x5_xlow.json,1016,25,40,17,48.6957,0.0,0.307,OPTIMAL
grid_5x5_31,seed_milpsnap_grid5x5_xlow.json,1017,25,40,12,55.6522,0.0,0.178,OPTIMAL
grid_5x5_31,seed_milpsnap_grid5x5_xlow.json,1018,25,40,9,55.6522,0.0,0.217,OPTIMAL
grid_5x5_31,seed_milpsnap_grid5x5_xlow.json,1019,25,40,10,52.1739,0.0,0.14,OPTIMAL
grid_5x5_31,seed_milpsnap_grid5x5_xlow.json,1020,25,40,10,52.1739,0.0,0.138,OPTIMAL
grid_5x5_31,seed_milpsnap_grid5x5_xlow.json,1021,25,40,8,52.1739,0.0,0.117,OPTIMAL
grid_5x5_31,seed_milpsnap_grid5x5_xlow.json,1022,25,40,9,52.1739,0.0,0.186,OPTIMAL
grid_5x5_31,seed_milpsnap_grid5x5_xlow.json,1023,25,40,10,52.1739,0.0,0.588,OPTIMAL
grid_5x5_31,seed_milpsnap_grid5x5_xlow.json,1024,25,40,8,52.1739,0.0,0.216,OPTIMAL
grid_5x5_31,seed_milpsnap_grid5x5_xlow.json,1025,25,40,7,52.1739,0.0,0.265,OPTIMAL
grid_5x5_31,seed_milpsnap_grid5x5_xlow.json,1026,25,40,9,52.1739,0.0,0.136,OPTIMAL
grid_5x5_31,seed_milpsnap_grid5x5_xlow.json,1027,25,40,10,52.1739,0.0,0.242,OPTIMAL
grid_5x5_31,seed_milpsnap_grid5x5_xlow.json,1028,25,40,12,52.1739,0.0,0.156,OPTIMAL
grid_5x5_31,seed_milpsnap_grid5x5_xlow.json,1029,25,40,12,52.1739,0.0,0.182,OPTIMAL
grid_5x5_31,seed_milpsnap_grid5x5_xlow.json,1030,25,40,13,48.6957,0.0,0.28,OPTIMAL
grid_5x5_31,seed_milpsnap_grid5x5_xlow.json,1031,25,40,13,48.6957,0.0,0.496,OPTIMAL
grid_5x5_31,seed_milpsnap_grid5x5_xlow.json,1032,25,40,18,48.6957,0.0,0.221,OPTIMAL
grid_5x5_31,seed_milpsnap_grid5x5_xlow.json,1033,25,40,20,45.2174,0.0,0.468,OPTIMAL
grid_5x5_31,seed_milpsnap_grid5x5_xlow.json,1034,25,40,18,45.2174,0.0,0.762,OPTIMAL
grid_5x5_31,seed_milpsnap_grid5x5_xlow.json,1035,25,40,17,45.2174,0.0,0.513,OPTIMAL
grid_5x5_31,seed_milpsnap_grid5x5_xlow.json,1036,25,40,18,45.2174,0.0,0.588,OPTIMAL
grid_5x5_31,seed_milpsnap_grid5x5_xlow.json,1037,25,40,1,73.0435,0.0,0.024,OPTIMAL
grid_5x5_31,seed_milpsnap_grid5x5_xlow.json,1038,25,40,4,59.1304,0.0,0.133,OPTIMAL
grid_5x5_31,seed_milpsnap_grid5x5_xlow.json,1039,25,40,6,55.6522,0.0,0.329,OPTIMAL
grid_5x5_31,seed_milpsnap_grid5x5_xlow.json,1040,25,40,7,55.6522,0.0,0.216,OPTIMAL
grid_5x5_31,seed_milpsnap_grid5x5_xlow.json,1041,25,40,8,55.6522,0.0,0.349,OPTIMAL
grid_5x5_31,seed_milpsnap_grid5x5_xlow.json,1042,25,40,9,55.6522,0.0,0.353,OPTIMAL
grid_5x5_31,seed_milpsnap_grid5x5_xlow.json,1043,25,40,10,52.1739,0.0,0.593,OPTIMAL
grid_5x5_31,seed_milpsnap_grid5x5_xlow.json,1044,25,40,9,52.1739,0.0,0.307,OPTIMAL
grid_5x5_31,seed_milpsnap_grid5x5_xlow.json,1045,25,40,11,48.6957,0.0,0.962,OPTIMAL
grid_5x5_31,seed_milpsnap_grid5x5_xlow.json,1046,25,40,12,48.6957,0.0,1.498,OPTIMAL
grid_5x5_31,seed_milpsnap_grid5x5_xlow.json,1047,25,40,13,48.6957,0.0,0.67,OPTIMAL
grid_5x5_31,seed_milpsnap_grid5x5_xlow.json,1048,25,40,14,48.6957,0.0,0.581,OPTIMAL
grid_5x5_31,seed_milpsnap_grid5x5_xlow.json,1049,25,40,12,52.1739,0.0,0.578,OPTIMAL
grid_5x5_31,seed_milpsnap_grid5x5_xlow.json,1050,25,40,10,52.1739,0.0,0.342,OPTIMAL
grid_5x5_31,seed_milpsnap_grid5x5_xlow.json,1051,25,40,11,52.1739,0.0,0.954,OPTIMAL
grid_5x5_31,seed_milpsnap_grid5x5_xlow.json,1052,25,40,10,55.6522,0.0,0.335,OPTIMAL
grid_5x5_31,seed_milpsnap_grid5x5_xlow.json,1053,25,40,10,52.1739,0.0,0.361,OPTIMAL
grid_5x5_31,seed_milpsnap_grid5x5_xlow.json,1054,25,40,9,55.6522,0.0,0.152,OPTIMAL
grid_5x5_31,seed_milpsnap_grid5x5_xlow.json,1055,25,40,8,55.6522,0.0,0.255,OPTIMAL
grid_5x5_31,seed_milpsnap_grid5x5_xlow.json,1056,25,40,8,52.1739,0.0,0.168,OPTIMAL
grid_5x5_31,seed_milpsnap_grid5x5_xlow.json,1057,25,40,8,52.1739,0.0,0.195,OPTIMAL
grid_5x5_31,seed_milpsnap_grid5x5_xlow.json,1058,25,40,7,52.1739,0.0,0.343,OPTIMAL
grid_5x5_31,seed_milpsnap_grid5x5_xlow.json,1059,25,40,8,52.1739,0.0,0.136,OPTIMAL
grid_5x5_31,seed_milpsnap_grid5x5_xlow.json,1060,25,40,10,55.6522,0.0,0.185,OPTIMAL
grid_5x5_31,seed_milpsnap_grid5x5_xlow.json,1061,25,40,12,55.6522,0.0,0.154,OPTIMAL
grid_5x5_31,seed_milpsnap_grid5x5_xlow.json,1062,25,40,14,52.1739,0.0,0.159,OPTIMAL
grid_5x5_31,seed_milpsnap_grid5x5_xlow.json,1063,25,40,15,48.6957,0.0,0.261,OPTIMAL
grid_5x5_31,seed_milpsnap_grid5x5_xlow.json,1064,25,40,14,48.6957,0.0,0.196,OPTIMAL
grid_5x5_31,seed_milpsnap_grid5x5_xlow.json,1065,25,40,16,45.2174,0.0,0.452,OPTIMAL
grid_5x5_31,seed_milpsnap_grid5x5_xlow.json,1066,25,40,17,45.2174,0.0,0.452,OPTIMAL
grid_5x5_31,seed_milpsnap_grid5x5_xlow.json,1067,25,40,16,48.6957,0.0,0.196,OPTIMAL
grid_5x5_31,seed_milpsnap_grid5x5_xlow.json,1068,25,40,17,48.6957,0.0,0.236,OPTIMAL
grid_5x5_31,seed_milpsnap_grid5x5_xlow.json,1069,25,40,18,48.6957,0.0,0.223,OPTIMAL
grid_5x5_31,seed_milpsnap_grid5x5_xlow.json,1070,25,40,16,48.6957,0.0,0.36,OPTIMAL
grid_5x5_31,seed_milpsnap_grid5x5_xlow.json,1071,25,40,15,52.1739,0.0,0.209,OPTIMAL
grid_5x5_31,seed_milpsnap_grid5x5_xlow.json,1072,25,40,17,48.6957,0.0,0.274,OPTIMAL
grid_5x5_31,seed_milpsnap_grid5x5_xlow.json,1073,25,40,18,48.6957,0.0,0.384,OPTIMAL
grid_5x5_31,seed_milpsnap_grid5x5_xlow.json,1074,25,40,16,52.1739,0.0,0.244,OPTIMAL
grid_5x5_31,seed_milpsnap_grid5x5_xlow.json,1075,25,40,16,52.1739,0.0,0.274,OPTIMAL
grid_5x5_31,seed_milpsnap_grid5x5_xlow.json,1076,25,40,15,52.1739,0.0,0.192,OPTIMAL
grid_5x5_31,seed_milpsnap_grid5x5_xlow.json,1077,25,40,16,52.1739,0.0,0.211,OPTIMAL
grid_5x5_31,seed_milpsnap_grid5x5_xlow.json,1078,25,40,14,52.1739,0.0,0.17,OPTIMAL
grid_5x5_31,seed_milpsnap_grid5x5_xlow.json,1079,25,40,16,52.1739,0.0,0.206,OPTIMAL
grid_5x5_31,seed_milpsnap_grid5x5_xlow.json,1080,25,40,16,52.1739,0.0,0.25,OPTIMAL
grid_5x5_31,seed_milpsnap_grid5x5_xlow.json,1081,25,40,15,52.1739,0.0,0.208,OPTIMAL
grid_5x5_31,seed_milpsnap_grid5x5_xlow.json,1082,25,40,14,48.6957,0.0,0.266,OPTIMAL
grid_5x5_31,seed_milpsnap_grid5x5_xlow.json,1083,25,40,17,45.2174,0.0,0.398,OPTIMAL
grid_5x5_31,seed_milpsnap_grid5x5_xlow.json,1084,25,40,19,45.2174,0.0,0.434,OPTIMAL
grid_5x5_31,seed_milpsnap_grid5x5_xlow.json,1085,25,40,17,48.6957,0.0,0.284,OPTIMAL
grid_5x5_31,seed_milpsnap_grid5x5_xlow.json,1086,25,40,15,48.6957,0.0,0.243,OPTIMAL
grid_5x5_31,seed_milpsnap_grid5x5_xlow.json,1087,25,40,15,48.6957,0.0,0.258,OPTIMAL
grid_5x5_31,seed_milpsnap_grid5x5_xlow.json,1088,25,40,14,48.6957,0.0,0.373,OPTIMAL
grid_5x5_31,seed_milpsnap_grid5x5_xlow.json,1089,25,40,14,48.6957,0.0,0.212,OPTIMAL
grid_5x5_31,seed_milpsnap_grid5x5_xlow.json,1090,25,40,15,48.6957,0.0,0.402,OPTIMAL
grid_5x5_31,seed_milpsnap_grid5x5_xlow.json,1091,25,40,15,48.6957,0.0,0.289,OPTIMAL
grid_5x5_31,seed_milpsnap_grid5x5_xlow.json,1092,25,40,15,48.6957,0.0,0.241,OPTIMAL
grid_5x5_31,seed_milpsnap_grid5x5_xlow.json,1093,25,40,17,48.6957,0.0,0.269,OPTIMAL
grid_5x5_31,seed_milpsnap_grid5x5_xlow.json,1094,25,40,16,48.6957,0.0,0.218,OPTIMAL
grid_5x5_31,seed_milpsnap_grid5x5_xlow.json,1095,25,40,16,48.6957,0.0,0.28,OPTIMAL
grid_5x5_31,seed_milpsnap_grid5x5_xlow.json,1096,25,40,13,52.1739,0.0,0.203,OPTIMAL
grid_5x5_31,seed_milpsnap_grid5x5_xlow.json,1097,25,40,12,48.6957,0.0,0.483,OPTIMAL
grid_5x5_31,seed_milpsnap_grid5x5_xlow.json,1098,25,40,13,48.6957,0.0,0.456,OPTIMAL
grid_5x5_31,seed_milpsnap_grid5x5_xlow.json,1099,25,40,12,48.6957,0.0,0.411,OPTIMAL
grid_5x5_31,seed_milpsnap_grid5x5_xlow.json,1100,25,40,10,52.1739,0.0,0.424,OPTIMAL
grid_5x5_31,seed_milpsnap_grid5x5_xlow.json,1101,25,40,11,52.1739,0.0,0.265,OPTIMAL
grid_5x5_31,seed_milpsnap_grid5x5_xlow.json,1102,25,40,10,52.1739,0.0,0.185,OPTIMAL
grid_5x5_31,seed_milpsnap_grid5x5_xlow.json,1103,25,40,14,48.6957,0.0,0.337,OPTIMAL
grid_5x5_31,seed_milpsnap_grid5x5_xlow.json,1104,25,40,14,48.6957,0.0,0.327,OPTIMAL
grid_5x5_31,seed_milpsnap_grid5x5_xlow.json,1105,25,40,15,48.6957,0.0,0.352,OPTIMAL
grid_5x5_31,seed_milpsnap_grid5x5_xlow.json,1106,25,40,14,48.6957,0.0,0.334,OPTIMAL
grid_5x5_31,seed_milpsnap_grid5x5_xlow.json,1107,25,40,17,48.6957,0.0,0.39,OPTIMAL
grid_5x5_31,seed_milpsnap_grid5x5_xlow.json,1108,25,40,20,48.6957,0.0,0.266,OPTIMAL
grid_5x5_31,seed_milpsnap_grid5x5_xlow.json,1109,25,40,20,48.6957,0.0,0.303,OPTIMAL
grid_5x5_31,seed_milpsnap_grid5x5_xlow.json,1110,25,40,21,48.6957,0.0,0.296,OPTIMAL
grid_5x5_31,seed_milpsnap_grid5x5_xlow.json,1111,25,40,20,48.6957,0.0,0.351,OPTIMAL
grid_5x5_31,seed_milpsnap_grid5x5_xlow.json,1112,25,40,16,48.6957,0.0,0.355,OPTIMAL
grid_5x5_31,seed_milpsnap_grid5x5_xlow.json,1113,25,40,17,48.6957,0.0,0.473,OPTIMAL
grid_5x5_31,seed_milpsnap_grid5x5_xlow.json,1114,25,40,16,48.6957,0.0,0.342,OPTIMAL
grid_5x5_31,seed_milpsnap_grid5x5_xlow.json,1115,25,40,18,48.6957,0.0,0.392,OPTIMAL
grid_5x5_31,seed_milpsnap_grid5x5_xlow.json,1116,25,40,21,48.6957,0.0,0.321,OPTIMAL
grid_5x5_31,seed_milpsnap_grid5x5_xlow.json,1117,25,40,18,48.6957,0.0,0.247,OPTIMAL
grid_5x5_31,seed_milpsnap_grid5x5_xlow.json,1118,25,40,16,48.6957,0.0,0.221,OPTIMAL
grid_5x5_31,seed_milpsnap_grid5x5_xlow.json,1119,25,40,15,48.6957,0.0,0.294,OPTIMAL
grid_5x5_31,seed_milpsnap_grid5x5_xlow.json,1120,25,40,15,48.6957,0.0,0.329,OPTIMAL
grid_5x5_31,seed_milpsnap_grid5x5_xlow.json,1121,25,40,16,48.6957,0.0,0.341,OPTIMAL
grid_5x5_31,seed_milpsnap_grid5x5_xlow.json,1122,25,40,18,48.6957,0.0,0.328,OPTIMAL
grid_5x5_31,seed_milpsnap_grid5x5_xlow.json,1123,25,40,20,48.6957,0.0,0.41,OPTIMAL
grid_5x5_31,seed_milpsnap_grid5x5_xlow.json,1124,25,40,19,48.6957,0.0,0.511,OPTIMAL
grid_5x5_31,seed_milpsnap_grid5x5_xlow.json,1125,25,40,21,48.6957,0.0,0.445,OPTIMAL
grid_5x5_31,seed_milpsnap_grid5x5_xlow.json,1126,25,40,26,48.6957,0.0,0.372,OPTIMAL
grid_5x5_31,seed_milpsnap_grid5x5_xlow.json,1127,25,40,23,48.6957,0.0,0.402,OPTIMAL
grid_5x5_31,seed_milpsnap_grid5x5_xlow.json,1128,25,40,22,52.1739,0.0,0.285,OPTIMAL
grid_5x5_31,seed_milpsnap_grid5x5_xlow.json,1129,25,40,24,52.1739,0.0,0.303,OPTIMAL
grid_5x5_31,seed_milpsnap_grid5x5_xlow.json,1130,25,40,22,52.1739,0.0,0.316,OPTIMAL
grid_5x5_31,seed_milpsnap_grid5x5_xlow.json,1131,25,40,19,52.1739,0.0,0.232,OPTIMAL
grid_5x5_31,seed_milpsnap_grid5x5_xlow.json,1132,25,40,19,52.1739,0.0,0.283,OPTIMAL
grid_5x5_31,seed_milpsnap_grid5x5_xlow.json,1133,25,40,17,52.1739,0.0,0.193,OPTIMAL
grid_5x5_31,seed_milpsnap_grid5x5_xlow.json,1134,25,40,19,52.1739,0.0,0.218,OPTIMAL
grid_5x5_31,seed_milpsnap_grid5x5_xlow.json,1135,25,40,21,48.6957,0.0,0.397,OPTIMAL
grid_5x5_31,seed_milpsnap_grid5x5_xlow.json,1136,25,40,22,48.6957,0.0,0.395,OPTIMAL
grid_5x5_31,seed_milpsnap_grid5x5_xlow.json,1137,25,40,20,48.6957,0.0,0.514,OPTIMAL
grid_5x5_31,seed_milpsnap_grid5x5_xlow.json,1138,25,40,20,48.6957,0.0,0.352,OPTIMAL
grid_5x5_31,seed_milpsnap_grid5x5_xlow.json,1139,25,40,21,48.6957,0.0,0.263,OPTIMAL
grid_5x5_31,seed_milpsnap_grid5x5_xlow.json,1140,25,40,19,48.6957,0.0,0.358,OPTIMAL
grid_5x5_31,seed_milpsnap_grid5x5_xlow.json,1141,25,40,14,48.6957,0.0,0.214,OPTIMAL
grid_5x5_31,seed_milpsnap_grid5x5_xlow.json,1142,25,40,15,48.6957,0.0,0.204,OPTIMAL
grid_5x5_31,seed_milpsnap_grid5x5_xlow.json,1143,25,40,16,46.087,0.0,0.371,OPTIMAL
grid_5x5_31,seed_milpsnap_grid5x5_xlow.json,1144,25,40,17,45.2174,0.0,0.666,OPTIMAL
grid_5x5_31,seed_milpsnap_grid5x5_xlow.json,1145,25,40,16,45.2174,0.0,0.44,OPTIMAL
grid_5x5_31,seed_milpsnap_grid5x5_xlow.json,1146,25,40,18,45.2174,0.0,0.547,OPTIMAL
grid_5x5_31,seed_milpsnap_grid5x5_xlow.json,1147,25,40,16,45.2174,0.0,0.319,OPTIMAL
grid_5x5_31,seed_milpsnap_grid5x5_xlow.json,1148,25,40,16,48.6957,0.0,0.305,OPTIMAL
grid_5x5_31,seed_milpsnap_grid5x5_xlow.json,1149,25,40,14,48.6957,0.0,0.43,OPTIMAL
grid_5x5_31,seed_milpsnap_grid5x5_xlow.json,1150,25,40,15,48.6957,0.0,0.236,OPTIMAL
grid_5x5_31,seed_milpsnap_grid5x5_xlow.json,1151,25,40,14,48.6957,0.0,0.317,OPTIMAL
grid_5x5_31,seed_milpsnap_grid5x5_xlow.json,1152,25,40,15,48.6957,0.0,0.287,OPTIMAL
grid_5x5_31,seed_milpsnap_grid5x5_xlow.json,1153,25,40,17,48.6957,0.0,0.379,OPTIMAL
grid_5x5_31,seed_milpsnap_grid5x5_xlow.json,1154,25,40,16,48.6957,0.0,0.493,OPTIMAL
grid_5x5_31,seed_milpsnap_grid5x5_xlow.json,1155,25,40,14,48.6957,0.0,0.466,OPTIMAL
grid_5x5_31,seed_milpsnap_grid5x5_xlow.json,1156,25,40,14,48.6957,0.0,0.239,OPTIMAL
grid_5x5_31,seed_milpsnap_grid5x5_xlow.json,1157,25,40,1,80.0,0.0,0.013,OPTIMAL
grid_5x5_31,seed_milpsnap_grid5x5_xlow.json,1158,25,40,3,76.5217,0.0,0.028,OPTIMAL
grid_5x5_31,seed_milpsnap_grid5x5_xlow.json,1159,25,40,4,73.0435,0.0,0.033,OPTIMAL
grid_5x5_31,seed_milpsnap_grid5x5_xlow.json,1160,25,40,7,52.1739,0.0,0.218,OPTIMAL
grid_5x5_31,seed_milpsnap_grid5x5_xlow.json,1161,25,40,9,52.1739,0.0,0.226,OPTIMAL
grid_5x5_31,seed_milpsnap_grid5x5_xlow.json,1162,25,40,10,52.1739,0.0,0.162,OPTIMAL
grid_5x5_31,seed_milpsnap_grid5x5_xlow.json,1163,25,40,12,48.6957,0.0,0.253,OPTIMAL
grid_5x5_31,seed_milpsnap_grid5x5_xlow.json,1164,25,40,15,48.6957,0.0,0.201,OPTIMAL
grid_5x5_31,seed_milpsnap_grid5x5_xlow.json,1165,25,40,16,48.6957,0.0,0.25,OPTIMAL
grid_5x5_31,seed_milpsnap_grid5x5_xlow.json,1166,25,40,18,45.2174,0.0,0.59,OPTIMAL
grid_5x5_31,seed_milpsnap_grid5x5_xlow.json,1167,25,40,19,45.2174,0.0,0.396,OPTIMAL
grid_5x5_31,seed_milpsnap_grid5x5_xlow.json,1168,25,40,18,45.2174,0.0,0.307,OPTIMAL
grid_5x5_31,seed_milpsnap_grid5x5_xlow.json,1169,25,40,19,45.2174,0.0,0.409,OPTIMAL
grid_5x5_31,seed_milpsnap_grid5x5_xlow.json,1170,25,40,16,48.6957,0.0,0.247,OPTIMAL
grid_5x5_31,seed_milpsnap_grid5x5_xlow.json,1171,25,40,17,48.6957,0.0,0.28,OPTIMAL
grid_5x5_31,seed_milpsnap_grid5x5_xlow.json,1172,25,40,16,48.6957,0.0,0.243,OPTIMAL
grid_5x5_31,seed_milpsnap_grid5x5_xlow.json,1173,25,40,15,48.6957,0.0,0.225,OPTIMAL
grid_5x5_31,seed_milpsnap_grid5x5_xlow.json,1174,25,40,16,48.6957,0.0,0.214,OPTIMAL
grid_5x5_31,seed_milpsnap_grid5x5_xlow.json,1175,25,40,18,48.6957,0.0,0.302,OPTIMAL
grid_5x5_31,seed_milpsnap_grid5x5_xlow.json,1176,25,40,17,52.1739,0.0,0.209,OPTIMAL
grid_5x5_31,seed_milpsnap_grid5x5_xlow.json,1177,25,40,14,52.1739,0.0,0.287,OPTIMAL
grid_5x5_31,seed_milpsnap_grid5x5_xlow.json,1178,25,40,14,52.1739,0.0,0.216,OPTIMAL
grid_5x5_31,seed_milpsnap_grid5x5_xlow.json,1179,25,40,13,52.1739,0.0,0.218,OPTIMAL
grid_5x5_31,seed_milpsnap_grid5x5_xlow.json,1180,25,40,12,52.1739,0.0,0.214,OPTIMAL
grid_5x5_31,seed_milpsnap_grid5x5_xlow.json,1181,25,40,12,52.1739,0.0,0.181,OPTIMAL
grid_5x5_31,seed_milpsnap_grid5x5_xlow.json,1182,25,40,11,52.1739,0.0,0.205,OPTIMAL
grid_5x5_31,seed_milpsnap_grid5x5_xlow.json,1183,25,40,14,52.1739,0.0,0.198,OPTIMAL
grid_5x5_31,seed_milpsnap_grid5x5_xlow.json,1184,25,40,17,52.1739,0.0,0.305,OPTIMAL
grid_5x5_31,seed_milpsnap_grid5x5_xlow.json,1185,25,40,17,52.1739,0.0,0.194,OPTIMAL
grid_5x5_31,seed_milpsnap_grid5x5_xlow.json,1186,25,40,16,52.1739,0.0,0.324,OPTIMAL
grid_5x5_31,seed_milpsnap_grid5x5_xlow.json,1187,25,40,15,52.1739,0.0,0.277,OPTIMAL
grid_5x5_31,seed_milpsnap_grid5x5_xlow.json,1188,25,40,13,59.1304,0.0,0.18,OPTIMAL
grid_5x5_31,seed_milpsnap_grid5x5_xlow.json,1189,25,40,14,52.1739,0.0,0.248,OPTIMAL
grid_5x5_31,seed_milpsnap_grid5x5_xlow.json,1190,25,40,14,52.1739,0.0,0.336,OPTIMAL
grid_5x5_31,seed_milpsnap_grid5x5_xlow.json,1191,25,40,17,52.1739,0.0,0.23,OPTIMAL
grid_5x5_31,seed_milpsnap_grid5x5_xlow.json,1192,25,40,18,52.1739,0.0,0.235,OPTIMAL
grid_5x5_31,seed_milpsnap_grid5x5_xlow.json,1193,25,40,19,52.1739,0.0,0.213,OPTIMAL
grid_5x5_31,seed_milpsnap_grid5x5_xlow.json,1194,25,40,19,52.1739,0.0,0.28,OPTIMAL
grid_5x5_31,seed_milpsnap_grid5x5_xlow.json,1195,25,40,18,52.1739,0.0,0.218,OPTIMAL
grid_5x5_31,seed_milpsnap_grid5x5_xlow.json,1196,25,40,17,52.1739,0.0,0.245,OPTIMAL
grid_5x5_31,seed_milpsnap_grid5x5_xlow.json,1197,25,40,15,48.6957,0.0,0.248,OPTIMAL
grid_5x5_31,seed_milpsnap_grid5x5_xlow.json,1198,25,40,14,48.6957,0.0,0.315,OPTIMAL
grid_5x5_31,seed_milpsnap_grid5x5_xlow.json,1199,25,40,16,48.6957,0.0,0.248,OPTIMAL
grid_5x5_31,seed_milpsnap_grid5x5_xlow.json,1200,25,40,18,48.6957,0.0,0.402,OPTIMAL
grid_5x5_31,seed_milpsnap_grid5x5_xlow.json,1201,25,40,17,48.6957,0.0,0.399,OPTIMAL
grid_5x5_31,seed_milpsnap_grid5x5_xlow.json,1202,25,40,17,48.6957,0.0,0.337,OPTIMAL
grid_5x5_31,seed_milpsnap_grid5x5_xlow.json,1203,25,40,20,48.6957,0.0,0.357,OPTIMAL
grid_5x5_31,seed_milpsnap_grid5x5_xlow.json,1204,25,40,16,48.6957,0.0,0.246,OPTIMAL
grid_5x5_31,seed_milpsnap_grid5x5_xlow.json,1205,25,40,16,48.6957,0.0,0.217,OPTIMAL
grid_5x5_31,seed_milpsnap_grid5x5_xlow.json,1206,25,40,16,48.6957,0.0,0.33,OPTIMAL
grid_5x5_31,seed_milpsnap_grid5x5_xlow.json,1207,25,40,15,48.6957,0.0,0.25,OPTIMAL
grid_5x5_31,seed_milpsnap_grid5x5_xlow.json,1208,25,40,13,48.6957,0.0,0.254,OPTIMAL
grid_5x5_31,seed_milpsnap_grid5x5_xlow.json,1209,25,40,14,48.6957,0.0,0.271,OPTIMAL
grid_5x5_31,seed_milpsnap_grid5x5_xlow.json,1210,25,40,15,48.6957,0.0,0.322,OPTIMAL
grid_5x5_31,seed_milpsnap_grid5x5_xlow.json,1211,25,40,15,48.6957,0.0,0.316,OPTIMAL
grid_5x5_31,seed_milpsnap_grid5x5_xlow.json,1212,25,40,16,48.6957,0.0,0.191,OPTIMAL
grid_5x5_31,seed_milpsnap_grid5x5_xlow.json,1213,25,40,17,48.6957,0.0,0.306,OPTIMAL
grid_5x5_31,seed_milpsnap_grid5x5_xlow.json,1214,25,40,18,48.6957,0.0,0.247,OPTIMAL
grid_5x5_31,seed_milpsnap_grid5x5_xlow.json,1215,25,40,17,48.6957,0.0,0.324,OPTIMAL
grid_5x5_31,seed_milpsnap_grid5x5_xlow.json,1216,25,40,16,48.6957,0.0,0.228,OPTIMAL
grid_5x5_31,seed_milpsnap_grid5x5_xlow.json,1217,25,40,18,48.6957,0.0,0.363,OPTIMAL
grid_5x5_31,seed_milpsnap_grid5x5_xlow.json,1218,25,40,19,48.6957,0.0,0.229,OPTIMAL
grid_5x5_31,seed_milpsnap_grid5x5_xlow.json,1219,25,40,18,48.6957,0.0,0.234,OPTIMAL
grid_5x5_31,seed_milpsnap_grid5x5_xlow.json,1220,25,40,19,48.6957,0.0,0.219,OPTIMAL
grid_5x5_31,seed_milpsnap_grid5x5_xlow.json,1221,25,40,17,48.6957,0.0,0.252,OPTIMAL
grid_5x5_31,seed_milpsnap_grid5x5_xlow.json,1222,25,40,18,48.6957,0.0,0.253,OPTIMAL
grid_5x5_31,seed_milpsnap_grid5x5_xlow.json,1223,25,40,19,48.6957,0.0,0.29,OPTIMAL
grid_5x5_31,seed_milpsnap_grid5x5_xlow.json,1224,25,40,17,48.6957,0.0,0.2,OPTIMAL
grid_5x5_31,seed_milpsnap_grid5x5_xlow.json,1225,25,40,16,48.6957,0.0,0.285,OPTIMAL
grid_5x5_31,seed_milpsnap_grid5x5_xlow.json,1226,25,40,15,48.6957,0.0,0.329,OPTIMAL
grid_5x5_31,seed_milpsnap_grid5x5_xlow.json,1227,25,40,16,52.1739,0.0,0.225,OPTIMAL
grid_5x5_31,seed_milpsnap_grid5x5_xlow.json,1228,25,40,15,52.1739,0.0,0.167,OPTIMAL
grid_5x5_31,seed_milpsnap_grid5x5_xlow.json,1229,25,40,13,52.1739,0.0,0.288,OPTIMAL
grid_5x5_31,seed_milpsnap_grid5x5_xlow.json,1230,25,40,10,52.1739,0.0,0.171,OPTIMAL
grid_5x5_31,seed_milpsnap_grid5x5_xlow.json,1231,25,40,9,52.1739,0.0,0.331,OPTIMAL
grid_5x5_31,seed_milpsnap_grid5x5_xlow.json,1232,25,40,9,52.1739,0.0,0.393,OPTIMAL
grid_5x5_31,seed_milpsnap_grid5x5_xlow.json,1233,25,40,11,52.1739,0.0,0.256,OPTIMAL
grid_5x5_31,seed_milpsnap_grid5x5_xlow.json,1234,25,40,13,48.6957,0.0,0.422,OPTIMAL
grid_5x5_31,seed_milpsnap_grid5x5_xlow.json,1235,25,40,14,52.1739,0.0,0.252,OPTIMAL
grid_5x5_31,seed_milpsnap_grid5x5_xlow.json,1236,25,40,15,52.1739,0.0,0.305,OPTIMAL
grid_5x5_31,seed_milpsnap_grid5x5_xlow.json,1237,25,40,16,52.1739,0.0,0.333,OPTIMAL
grid_5x5_31,seed_milpsnap_grid5x5_xlow.json,1238,25,40,18,48.6957,0.0,0.442,OPTIMAL
grid_5x5_31,seed_milpsnap_grid5x5_xlow.json,1239,25,40,17,48.6957,0.0,0.297,OPTIMAL
grid_5x5_31,seed_milpsnap_grid5x5_xlow.json,1240,25,40,17,48.6957,0.0,0.417,OPTIMAL
grid_5x5_31,seed_milpsnap_grid5x5_xlow.json,1241,25,40,18,48.6957,0.0,0.431,OPTIMAL
grid_5x5_31,seed_milpsnap_grid5x5_xlow.json,1242,25,40,18,48.6957,0.0,0.359,OPTIMAL
grid_5x5_31,seed_milpsnap_grid5x5_xlow.json,1243,25,40,19,48.6957,0.0,0.349,OPTIMAL
grid_5x5_31,seed_milpsnap_grid5x5_xlow.json,1244,25,40,20,48.6957,0.0,0.426,OPTIMAL
grid_5x5_31,seed_milpsnap_grid5x5_xlow.json,1245,25,40,19,48.6957,0.0,0.316,OPTIMAL
grid_5x5_31,seed_milpsnap_grid5x5_xlow.json,1246,25,40,19,48.6957,0.0,0.26,OPTIMAL
grid_5x5_31,seed_milpsnap_grid5x5_xlow.json,1247,25,40,17,48.6957,0.0,0.336,OPTIMAL
grid_5x5_31,seed_milpsnap_grid5x5_xlow.json,1248,25,40,18,48.6957,0.0,0.325,OPTIMAL
grid_5x5_31,seed_milpsnap_grid5x5_xlow.json,1249,25,40,19,48.6957,0.0,0.307,OPTIMAL
grid_5x5_31,seed_milpsnap_grid5x5_xlow.json,1250,25,40,21,45.2174,0.0,0.571,OPTIMAL
grid_5x5_31,seed_milpsnap_grid5x5_xlow.json,1251,25,40,23,45.2174,0.0,0.696,OPTIMAL
grid_5x5_31,seed_milpsnap_grid5x5_xlow.json,1252,25,40,23,48.6957,0.0,0.371,OPTIMAL
grid_5x5_31,seed_milpsnap_grid5x5_xlow.json,1253,25,40,23,48.6957,0.0,0.399,OPTIMAL
grid_5x5_31,seed_milpsnap_grid5x5_xlow.json,1254,25,40,22,48.6957,0.0,0.353,OPTIMAL
grid_5x5_31,seed_milpsnap_grid5x5_xlow.json,1255,25,40,23,48.6957,0.0,0.406,OPTIMAL
grid_5x5_31,seed_milpsnap_grid5x5_xlow.json,1256,25,40,25,48.6957,0.0,0.373,OPTIMAL
grid_5x5_31,seed_milpsnap_grid5x5_xlow.json,1257,25,40,27,48.6957,0.0,0.397,OPTIMAL
grid_5x5_31,seed_milpsnap_grid5x5_xlow.json,1258,25,40,25,48.6957,0.0,0.485,OPTIMAL
grid_5x5_31,seed_milpsnap_grid5x5_xlow.json,1259,25,40,26,48.6957,0.0,0.449,OPTIMAL
grid_5x5_31,seed_milpsnap_grid5x5_xlow.json,1260,25,40,25,52.1739,0.0,0.336,OPTIMAL
grid_5x5_31,seed_milpsnap_grid5x5_xlow.json,1261,25,40,25,52.1739,0.0,0.32,OPTIMAL
grid_5x5_31,seed_milpsnap_grid5x5_xlow.json,1262,25,40,25,52.1739,0.0,0.329,OPTIMAL
grid_5x5_31,seed_milpsnap_grid5x5_xlow.json,1263,25,40,22,52.1739,0.0,0.378,OPTIMAL
grid_5x5_31,seed_milpsnap_grid5x5_xlow.json,1264,25,40,24,48.6957,0.0,0.317,OPTIMAL
grid_5x5_31,seed_milpsnap_grid5x5_xlow.json,1265,25,40,23,48.6957,0.0,0.295,OPTIMAL
grid_5x5_31,seed_milpsnap_grid5x5_xlow.json,1266,25,40,21,48.6957,0.0,0.349,OPTIMAL
grid_5x5_31,seed_milpsnap_grid5x5_xlow.json,1267,25,40,19,48.6957,0.0,0.355,OPTIMAL
grid_5x5_31,seed_milpsnap_grid5x5_xlow.json,1268,25,40,19,48.6957,0.0,0.309,OPTIMAL
grid_5x5_31,seed_milpsnap_grid5x5_xlow.json,1269,25,40,21,48.6957,0.0,0.306,OPTIMAL
grid_5x5_31,seed_milpsnap_grid5x5_xlow.json,1270,25,40,20,48.6957,0.0,0.228,OPTIMAL
grid_5x5_31,seed_milpsnap_grid5x5_xlow.json,1271,25,40,19,48.6957,0.0,0.272,OPTIMAL
grid_5x5_31,seed_milpsnap_grid5x5_xlow.json,1272,25,40,19,45.2174,0.0,0.391,OPTIMAL
grid_5x5_31,seed_milpsnap_grid5x5_xlow.json,1273,25,40,20,45.2174,0.0,0.674,OPTIMAL
grid_5x5_31,seed_milpsnap_grid5x5_xlow.json,1274,25,40,20,45.2174,0.0,0.338,OPTIMAL
grid_5x5_31,seed_milpsnap_grid5x5_xlow.json,1275,25,40,23,45.2174,0.0,0.684,OPTIMAL
grid_5x5_31,seed_milpsnap_grid5x5_xlow.json,1276,25,40,22,45.2174,0.0,0.552,OPTIMAL
grid_5x5_31,seed_milpsnap_grid5x5_xlow.json,1277,25,40,21,45.2174,0.0,0.657,OPTIMAL
grid_5x5_31,seed_milpsnap_grid5x5_xlow.json,1278,25,40,22,45.2174,0.0,0.526,OPTIMAL
grid_5x5_31,seed_milpsnap_grid5x5_xlow.json,1279,25,40,19,45.2174,0.0,0.68,OPTIMAL
grid_5x5_31,seed_milpsnap_grid5x5_xlow.json,1280,25,40,16,45.2174,0.0,0.679,OPTIMAL
grid_5x5_31,seed_milpsnap_grid5x5_xlow.json,1281,25,40,16,45.2174,0.0,0.384,OPTIMAL
grid_5x5_31,seed_milpsnap_grid5x5_xlow.json,1282,25,40,17,45.2174,0.0,0.346,OPTIMAL
grid_5x5_31,seed_milpsnap_grid5x5_xlow.json,1283,25,40,17,45.2174,0.0,0.346,OPTIMAL
grid_5x5_31,seed_milpsnap_grid5x5_xlow.json,1284,25,40,17,48.6957,0.0,0.336,OPTIMAL
grid_5x5_31,seed_milpsnap_grid5x5_xlow.json,1285,25,40,18,48.6957,0.0,0.252,OPTIMAL
grid_5x5_31,seed_milpsnap_grid5x5_xlow.json,1286,25,40,17,48.6957,0.0,0.434,OPTIMAL
grid_5x5_31,seed_milpsnap_grid5x5_xlow.json,1287,25,40,16,48.6957,0.0,0.23,OPTIMAL
