topo,seed_file,batch,n_switches,n_links,n_flows,energy_saving_percent,mip_gap,solve_time_sec,status
grid_5x5_31,seed_milpsnap_grid5x5_k03.json,1,25,40,1,83.4783,0.0,0.074,OPTIMAL
grid_5x5_31,seed_milpsnap_grid5x5_k03.json,2,25,40,3,69.5652,0.0,0.029,OPTIMAL
grid_5x5_31,seed_milpsnap_grid5x5_k03.json,3,25,40,4,55.6522,0.0,0.195,OPTIMAL
grid_5x5_31,seed_milpsnap_grid5x5_k03.json,4,25,40,6,52.1739,0.0,0.182,OPTIMAL
grid_5x5_31,seed_milpsnap_grid5x5_k03.json,5,25,40,7,52.1739,0.0,0.109,OPTIMAL
grid_5x5_31,seed_milpsnap_grid5x5_k03.json,6,25,40,9,48.6957,0.0,0.215,OPTIMAL
grid_5x5_31,seed_milpsnap_grid5x5_k03.json,7,25,40,12,48.6957,0.0,0.129,OPTIMAL
grid_5x5_31,seed_milpsnap_grid5x5_k03.json,8,25,40,15,48.6957,0.0,0.215,OPTIMAL
grid_5x5_31,seed_milpsnap_grid5x5_k03.json,9,25,40,16,48.6957,0.0,0.213,OPTIMAL
grid_5x5_31,seed_milpsnap_grid5x5_k03.json,10,25,40,19,48.6957,0.0,0.255,OPTIMAL
grid_5x5_31,seed_milpsnap_grid5x5_k03.json,11,25,40,20,48.6957,0.0,0.233,OPTIMAL
grid_5x5_31,seed_milpsnap_grid5x5_k03.json,12,25,40,21,45.2174,0.0,0.637,OPTIMAL
grid_5x5_31,seed_milpsnap_grid5x5_k03.json,13,25,40,22,45.2174,0.0,0.593,OPTIMAL
grid_5x5_31,seed_milpsnap_grid5x5_k03.json,14,25,40,23,45.2174,0.0,0.456,OPTIMAL
grid_5x5_31,seed_milpsnap_grid5x5_k03.json,15,25,40,24,45.2174,0.0,0.708,OPTIMAL
grid_5x5_31,seed_milpsnap_grid5x5_k03.json,16,25,40,25,45.2174,0.0,1.076,OPTIMAL
grid_5x5_31,seed_milpsnap_grid5x5_k03.json,17,25,40,24,45.2174,0.0,0.577,OPTIMAL
grid_5x5_31,seed_milpsnap_grid5x5_k03.json,18,25,40,25,45.2174,0.0,0.607,OPTIMAL
grid_5x5_31,seed_milpsnap_grid5x5_k03.json,19,25,40,24,45.2174,0.0,0.381,OPTIMAL
grid_5x5_31,seed_milpsnap_grid5x5_k03.json,20,25,40,24,45.2174,0.0,0.507,OPTIMAL
grid_5x5_31,seed_milpsnap_grid5x5_k03.json,21,25,40,25,45.2174,0.0,0.593,OPTIMAL
grid_5x5_31,seed_milpsnap_grid5x5_k03.json,22,25,40,23,45.2174,0.0,0.53,OPTIMAL
grid_5x5_31,seed_milpsnap_grid5x5_k03.json,23,25,40,22,45.2174,0.0,0.444,OPTIMAL
grid_5x5_31,seed_milpsnap_grid5x5_k03.json,24,25,40,23,45.2174,0.0,0.5,OPTIMAL
grid_5x5_31,seed_milpsnap_grid5x5_k03.json,25,25,40,20,45.2174,0.0,0.361,OPTIMAL
grid_5x5_31,seed_milpsnap_grid5x5_k03.json,26,25,40,21,48.6957,0.0,0.252,OPTIMAL
grid_5x5_31,seed_milpsnap_grid5x5_k03.json,27,25,40,22,48.6957,0.0,0.312,OPTIMAL
grid_5x5_31,seed_milpsnap_grid5x5_k03.json,28,25,40,22,48.6957,0.0,0.311,OPTIMAL
grid_5x5_31,seed_milpsnap_grid5x5_k03.json,29,25,40,25,48.6957,0.0,0.386,OPTIMAL
grid_5x5_31,seed_milpsnap_grid5x5_k03.json,30,25,40,22,48.6957,0.0,0.283,OPTIMAL
grid_5x5_31,seed_milpsnap_grid5x5_k03.json,31,25,40,21,48.6957,0.0,0.272,OPTIMAL
grid_5x5_31,seed_milpsnap_grid5x5_k03.json,32,25,40,23,48.6957,0.0,0.279,OPTIMAL
grid_5x5_31,seed_milpsnap_grid5x5_k03.json,33,25,40,25,48.6957,0.0,0.305,OPTIMAL
grid_5x5_31,seed_milpsnap_grid5x5_k03.json,34,25,40,27,48.6957,0.0,0.383,OPTIMAL
grid_5x5_31,seed_milpsnap_grid5x5_k03.json,35,25,40,27,48.6957,0.0,0.319,OPTIMAL
grid_5x5_31,seed_milpsnap_grid5x5_k03.json,36,25,40,28,52.1739,0.0,0.304,OPTIMAL
grid_5x5_31,seed_milpsnap_grid5x5_k03.json,37,25,40,28,52.1739,0.0,0.319,OPTIMAL
grid_5x5_31,seed_milpsnap_grid5x5_k03.json,38,25,40,27,52.1739,0.0,0.346,OPTIMAL
grid_5x5_31,seed_milpsnap_grid5x5_k03.json,39,25,40,25,52.1739,0.0,0.309,OPTIMAL
grid_5x5_31,seed_milpsnap_grid5x5_k03.json,40,25,40,27,48.6957,0.0,0.396,OPTIMAL
grid_5x5_31,seed_milpsnap_grid5x5_k03.json,41,25,40,28,48.6957,0.0,0.306,OPTIMAL
grid_5x5_31,seed_milpsnap_grid5x5_k03.json,42,25,40,29,48.6957,0.0,0.329,OPTIMAL
grid_5x5_31,seed_milpsnap_grid5x5_k03.json,43,25,40,29,48.6957,0.0,0.377,OPTIMAL
grid_5x5_31,seed_milpsnap_grid5x5_k03.json,44,25,40,27,48.6957,0.0,0.276,OPTIMAL
grid_5x5_31,seed_milpsnap_grid5x5_k03.json,45,25,40,30,48.6957,0.0,0.348,OPTIMAL
grid_5x5_31,seed_milpsnap_grid5x5_k03.json,46,25,40,33,48.6957,0.0,0.446,OPTIMAL
grid_5x5_31,seed_milpsnap_grid5x5_k03.json,47,25,40,32,48.6957,0.0,0.385,OPTIMAL
grid_5x5_31,seed_milpsnap_grid5x5_k03.json,48,25,40,28,48.6957,0.0,0.395,OPTIMAL
grid_5x5_31,seed_milpsnap_grid5x5_k03.json,49,25,40,30,48.6957,0.0,0.337,OPTIMAL
grid_5x5_31,seed_milpsnap_grid5x5_k03.json,50,25,40,29,48.6957,0.0,0.357,OPTIMAL
grid_5x5_31,seed_milpsnap_grid5x5_k03.json,51,25,40,28,48.6957,0.0,0.371,OPTIMAL
grid_5x5_31,seed_milpsnap_grid5x5_k03.json,52,25,40,27,48.6957,0.0,0.365,OPTIMAL
grid_5x5_31,seed_milpsnap_grid5x5_k03.json,53,25,40,27,48.6957,0.0,0.359,OPTIMAL
grid_5x5_31,seed_milpsnap_grid5x5_k03.json,54,25,40,28,48.6957,0.0,0.467,OPTIMAL
grid_5x5_31,seed_milpsnap_grid5x5_k03.json,55,25,40,29,48.6957,0.0,0.434,OPTIMAL
grid_5x5_31,seed_milpsnap_grid5x5_k03.json,56,25,40,26,48.6957,0.0,0.312,OPTIMAL
grid_5x5_31,seed_milpsnap_grid5x5_k03.json,57,25,40,25,48.6957,0.0,0.334,OPTIMAL
grid_5x5_31,seed_milpsnap_grid5x5_k03.json,58,25,40,23,48.6957,0.0,0.324,OPTIMAL
grid_5x5_31,seed_milpsnap_grid5x5_k03.json,59,25,40,21,48.6957,0.0,0.257,OPTIMAL
grid_5x5_31,seed_milpsnap_grid5x5_k03.json,60,25,40,20,45.2174,0.0,0.46,OPTIMAL
grid_5x5_31,seed_milpsnap_grid5x5_k03.json,61,25,40,22,45.2174,0.0,0.43,OPTIMAL
grid_5x5_31,seed_milpsnap_grid5x5_k03.json,62,25,40,26,45.2174,0.0,0.533,OPTIMAL
grid_5x5_31,seed_milpsnap_grid5x5_k03.json,63,25,40,24,45.2174,0.0,0.512,OPTIMAL
grid_5x5_31,seed_milpsnap_grid5x5_k03.json,64,25,40,24,45.2174,0.0,0.553,OPTIMAL
grid_5x5_31,seed_milpsnap_grid5x5_k03.json,65,25,40,25,45.2174,0.0,0.572,OPTIMAL
grid_5x5_31,seed_milpsnap_grid5x5_k03.json,66,25,40,26,45.2174,0.0,0.452,OPTIMAL
grid_5x5_31,seed_milpsnap_grid5x5_k03.json,67,25,40,27,45.2174,0.0,0.659,OPTIMAL
grid_5x5_31,seed_milpsnap_grid5x5_k03.json,68,25,40,29,45.2174,0.0,0.597,OPTIMAL
grid_5x5_31,seed_milpsnap_grid5x5_k03.json,69,25,40,28,45.2174,0.0,0.407,OPTIMAL
grid_5x5_31,seed_milpsnap_grid5x5_k03.json,70,25,40,25,48.6957,0.0,0.275,OPTIMAL
grid_5x5_31,seed_milpsnap_grid5x5_k03.json,71,25,40,24,48.6957,0.0,0.347,OPTIMAL
grid_5x5_31,seed_milpsnap_grid5x5_k03.json,72,25,40,29,48.6957,0.0,0.313,OPTIMAL
grid_5x5_31,seed_milpsnap_grid5x5_k03.json,73,25,40,31,45.2174,0.0,0.518,OPTIMAL
grid_5x5_31,seed_milpsnap_grid5x5_k03.json,74,25,40,31,45.2174,0.0,0.696,OPTIMAL
grid_5x5_31,seed_milpsnap_grid5x5_k03.json,75,25,40,30,45.2174,0.0,0.525,OPTIMAL
grid_5x5_31,seed_milpsnap_grid5x5_k03.json,76,25,40,26,45.2174,0.0,0.6,OPTIMAL
grid_5x5_31,seed_milpsnap_grid5x5_k03.json,77,25,40,24,45.2174,0.0,0.468,OPTIMAL
grid_5x5_31,seed_milpsnap_grid5x5_k03.json,78,25,40,24,45.2174,0.0,0.536,OPTIMAL
grid_5x5_31,seed_milpsnap_grid5x5_k03.json,79,25,40,22,45.2174,0.0,0.55,OPTIMAL
grid_5x5_31,seed_milpsnap_grid5x5_k03.json,80,25,40,24,45.2174,0.0,0.408,OPTIMAL
grid_5x5_31,seed_milpsnap_grid5x5_k03.json,81,25,40,24,48.6957,0.0,0.321,OPTIMAL
grid_5x5_31,seed_milpsnap_grid5x5_k03.json,82,25,40,22,48.6957,0.0,0.312,OPTIMAL
grid_5x5_31,seed_milpsnap_grid5x5_k03.json,83,25,40,22,45.2174,0.0,0.396,OPTIMAL
grid_5x5_31,seed_milpsnap_grid5x5_k03.json,84,25,40,22,45.2174,0.0,0.55,OPTIMAL
grid_5x5_31,seed_milpsnap_grid5x5_k03.json,85,25,40,23,45.2174,0.0,0.37,OPTIMAL
grid_5x5_31,seed_milpsnap_grid5x5_k03.json,86,25,40,25,45.2174,0.0,0.533,OPTIMAL
grid_5x5_31,seed_milpsnap_grid5x5_k03.json,87,25,40,21,45.2174,0.0,0.43,OPTIMAL
grid_5x5_31,seed_milpsnap_grid5x5_k03.json,88,25,40,18,48.6957,0.0,0.261,OPTIMAL
grid_5x5_31,seed_milpsnap_grid5x5_k03.json,89,25,40,16,48.6957,0.0,0.241,OPTIMAL
grid_5x5_31,seed_milpsnap_grid5x5_k03.json,90,25,40,15,48.6957,0.0,0.231,OPTIMAL
grid_5x5_31,seed_milpsnap_grid5x5_k03.json,91,25,40,15,48.6957,0.0,0.269,OPTIMAL
grid_5x5_31,seed_milpsnap_grid5x5_k03.json,92,25,40,16,48.6957,0.0,0.237,OPTIMAL
grid_5x5_31,seed_milpsnap_grid5x5_k03.json,93,25,40,17,48.6957,0.0,0.246,OPTIMAL
grid_5x5_31,seed_milpsnap_grid5x5_k03.json,94,25,40,20,48.6957,0.0,0.249,OPTIMAL
grid_5x5_31,seed_milpsnap_grid5x5_k03.json,95,25,40,18,48.6957,0.0,0.253,OPTIMAL
grid_5x5_31,seed_milpsnap_grid5x5_k03.json,96,25,40,17,48.6957,0.0,0.313,OPTIMAL
grid_5x5_31,seed_milpsnap_grid5x5_k03.json,97,25,40,16,48.6957,0.0,0.322,OPTIMAL
grid_5x5_31,seed_milpsnap_grid5x5_k03.json,98,25,40,16,48.6957,0.0,0.274,OPTIMAL
grid_5x5_31,seed_milpsnap_grid5x5_k03.json,99,25,40,16,48.6957,0.0,0.236,OPTIMAL
grid_5x5_31,seed_milpsnap_grid5x5_k03.json,100,25,40,15,48.6957,0.0,0.297,OPTIMAL
grid_5x5_31,seed_milpsnap_grid5x5_k03.json,101,25,40,16,48.6957,0.0,0.324,OPTIMAL
grid_5x5_31,seed_milpsnap_grid5x5_k03.json,102,25,40,20,48.6957,0.0,0.215,OPTIMAL
grid_5x5_31,seed_milpsnap_grid5x5_k03.json,103,25,40,21,48.6957,0.0,0.273,OPTIMAL
grid_5x5_31,seed_milpsnap_grid5x5_k03.json,104,25,40,20,48.6957,0.0,0.226,OPTIMAL
grid_5x5_31,seed_milpsnap_grid5x5_k03.json,105,25,40,20,45.2174,0.0,0.44,OPTIMAL
grid_5x5_31,seed_milpsnap_grid5x5_k03.json,106,25,40,20,45.2174,0.0,0.368,OPTIMAL
grid_5x5_31,seed_milpsnap_grid5x5_k03.json,107,25,40,18,48.6957,0.0,0.224,OPTIMAL
grid_5x5_31,seed_milpsnap_grid5x5_k03.json,108,25,40,16,48.6957,0.0,0.201,OPTIMAL
grid_5x5_31,seed_milpsnap_grid5x5_k03.json,109,25,40,17,45.2174,0.0,0.396,OPTIMAL
grid_5x5_31,seed_milpsnap_grid5x5_k03.json,110,25,40,16,45.2174,0.0,0.303,OPTIMAL
grid_5x5_31,seed_milpsnap_grid5x5_k03.json,111,25,40,20,45.2174,0.0,0.359,OPTIMAL
grid_5x5_31,seed_milpsnap_grid5x5_k03.json,112,25,40,20,45.2174,0.0,0.441,OPTIMAL
grid_5x5_31,seed_milpsnap_grid5x5_k03.json,113,25,40,19,45.2174,0.0,0.367,OPTIMAL
grid_5x5_31,seed_milpsnap_grid5x5_k03.json,114,25,40,19,45.2174,0.0,0.397,OPTIMAL
grid_5x5_31,seed_milpsnap_grid5x5_k03.json,115,25,40,19,45.2174,0.0,0.408,OPTIMAL
grid_5x5_31,seed_milpsnap_grid5x5_k03.json,116,25,40,18,45.2174,0.0,0.312,OPTIMAL
grid_5x5_31,seed_milpsnap_grid5x5_k03.json,117,25,40,15,48.6957,0.0,0.16,OPTIMAL
grid_5x5_31,seed_milpsnap_grid5x5_k03.json,118,25,40,15,45.2174,0.0,0.347,OPTIMAL
grid_5x5_31,seed_milpsnap_grid5x5_k03.json,119,25,40,17,45.2174,0.0,0.373,OPTIMAL
grid_5x5_31,seed_milpsnap_grid5x5_k03.json,120,25,40,18,45.2174,0.0,0.372,OPTIMAL
grid_5x5_31,seed_milpsnap_grid5x5_k03.json,121,25,40,21,45.2174,0.0,0.366,OPTIMAL
grid_5x5_31,seed_milpsnap_grid5x5_k03.json,122,25,40,21,48.6957,0.0,0.28,OPTIMAL
grid_5x5_31,seed_milpsnap_grid5x5_k03.json,123,25,40,22,48.6957,0.0,0.262,OPTIMAL
grid_5x5_31,seed_milpsnap_grid5x5_k03.json,124,25,40,23,48.6957,0.0,0.272,OPTIMAL
grid_5x5_31,seed_milpsnap_grid5x5_k03.json,125,25,40,26,48.6957,0.0,0.268,OPTIMAL
grid_5x5_31,seed_milpsnap_grid5x5_k03.json,126,25,40,31,45.2174,0.0,0.547,OPTIMAL
grid_5x5_31,seed_milpsnap_grid5x5_k03.json,127,25,40,30,45.2174,0.0,0.589,OPTIMAL
grid_5x5_31,seed_milpsnap_grid5x5_k03.json,128,25,40,30,45.2174,0.0,0.768,OPTIMAL
grid_5x5_31,seed_milpsnap_grid5x5_k03.json,129,25,40,30,45.2174,0.0,0.736,OPTIMAL
grid_5x5_31,seed_milpsnap_grid5x5_k03.json,130,25,40,31,45.2174,0.0,0.708,OPTIMAL
grid_5x5_31,seed_milpsnap_grid5x5_k03.json,131,25,40,30,45.2174,0.0,0.763,OPTIMAL
grid_5x5_31,seed_milpsnap_grid5x5_k03.json,132,25,40,33,45.2174,0.0,0.606,OPTIMAL
grid_5x5_31,seed_milpsnap_grid5x5_k03.json,133,25,40,31,45.2174,0.0,0.628,OPTIMAL
grid_5x5_31,seed_milpsnap_grid5x5_k03.json,134,25,40,32,45.2174,0.0,0.801,OPTIMAL
grid_5x5_31,seed_milpsnap_grid5x5_k03.json,135,25,40,33,45.2174,0.0,0.66,OPTIMAL
grid_5x5_31,seed_milpsnap_grid5x5_k03.json,136,25,40,31,45.2174,0.0,0.682,OPTIMAL
grid_5x5_31,seed_milpsnap_grid5x5_k03.json,137,25,40,31,45.2174,0.0,0.681,OPTIMAL
grid_5x5_31,seed_milpsnap_grid5x5_k03.json,138,25,40,32,45.2174,0.0,0.629,OPTIMAL
grid_5x5_31,seed_milpsnap_grid5x5_k03.json,139,25,40,28,45.2174,0.0,0.562,OPTIMAL
grid_5x5_31,seed_milpsnap_grid5x5_k03.json,140,25,40,24,45.2174,0.0,0.482,OPTIMAL
grid_5x5_31,seed_milpsnap_grid5x5_k03.json,141,25,40,19,45.2174,0.0,0.63,OPTIMAL
grid_5x5_31,seed_milpsnap_grid5x5_k03.json,142,25,40,21,45.2174,0.0,0.487,OPTIMAL
grid_5x5_31,seed_milpsnap_grid5x5_k03.json,143,25,40,22,45.2174,0.0,0.412,OPTIMAL
grid_5x5_31,seed_milpsnap_grid5x5_k03.json,144,25,40,1,90.4348,0.0,0.009,OPTIMAL
grid_5x5_31,seed_milpsnap_grid5x5_k03.json,145,25,40,2,66.9565,0.0,0.024,OPTIMAL
grid_5x5_31,seed_milpsnap_grid5x5_k03.json,146,25,40,4,66.9565,0.0,0.027,OPTIMAL
grid_5x5_31,seed_milpsnap_grid5x5_k03.json,147,25,40,5,59.1304,0.0,0.078,OPTIMAL
grid_5x5_31,seed_milpsnap_grid5x5_k03.json,148,25,40,8,52.1739,0.0,0.195,OPTIMAL
grid_5x5_31,seed_milpsnap_grid5x5_k03.json,149,25,40,9,52.1739,0.0,0.188,OPTIMAL
grid_5x5_31,seed_milpsnap_grid5x5_k03.json,150,25,40,12,52.1739,0.0,0.133,OPTIMAL
grid_5x5_31,seed_milpsnap_grid5x5_k03.json,151,25,40,15,48.6957,0.0,0.257,OPTIMAL
grid_5x5_31,seed_milpsnap_grid5x5_k03.json,152,25,40,17,48.6957,0.0,0.219,OPTIMAL
grid_5x5_31,seed_milpsnap_grid5x5_k03.json,153,25,40,19,48.6957,0.0,0.299,OPTIMAL
grid_5x5_31,seed_milpsnap_grid5x5_k03.json,154,25,40,20,48.6957,0.0,0.287,OPTIMAL
grid_5x5_31,seed_milpsnap_grid5x5_k03.json,155,25,40,22,48.6957,0.0,0.301,OPTIMAL
grid_5x5_31,seed_milpsnap_grid5x5_k03.json,156,25,40,25,45.2174,0.0,0.603,OPTIMAL
grid_5x5_31,seed_milpsnap_grid5x5_k03.json,157,25,40,25,45.2174,0.0,0.444,OPTIMAL
grid_5x5_31,seed_milpsnap_grid5x5_k03.json,158,25,40,24,45.2174,0.0,0.471,OPTIMAL
grid_5x5_31,seed_milpsnap_grid5x5_k03.json,159,25,40,23,45.2174,0.0,0.324,OPTIMAL
grid_5x5_31,seed_milpsnap_grid5x5_k03.json,160,25,40,25,45.2174,0.0,0.595,OPTIMAL
grid_5x5_31,seed_milpsnap_grid5x5_k03.json,161,25,40,23,48.6957,0.0,0.349,OPTIMAL
grid_5x5_31,seed_milpsnap_grid5x5_k03.json,162,25,40,25,48.6957,0.0,0.392,OPTIMAL
grid_5x5_31,seed_milpsnap_grid5x5_k03.json,163,25,40,24,48.6957,0.0,0.385,OPTIMAL
grid_5x5_31,seed_milpsnap_grid5x5_k03.json,164,25,40,22,48.6957,0.0,0.348,OPTIMAL
grid_5x5_31,seed_milpsnap_grid5x5_k03.json,165,25,40,21,48.6957,0.0,0.288,OPTIMAL
grid_5x5_31,seed_milpsnap_grid5x5_k03.json,166,25,40,19,52.1739,0.0,0.298,OPTIMAL
grid_5x5_31,seed_milpsnap_grid5x5_k03.json,167,25,40,21,48.6957,0.0,0.388,OPTIMAL
grid_5x5_31,seed_milpsnap_grid5x5_k03.json,168,25,40,21,48.6957,0.0,0.418,OPTIMAL
grid_5x5_31,seed_milpsnap_grid5x5_k03.json,169,25,40,19,48.6957,0.0,0.345,OPTIMAL
grid_5x5_31,seed_milpsnap_grid5x5_k03.json,170,25,40,19,48.6957,0.0,0.233,OPTIMAL
grid_5x5_31,seed_milpsnap_grid5x5_k03.json,171,25,40,20,48.6957,0.0,0.25,OPTIMAL
grid_5x5_31,seed_milpsnap_grid5x5_k03.json,172,25,40,20,48.6957,0.0,0.216,OPTIMAL
grid_5x5_31,seed_milpsnap_grid5x5_k03.json,173,25,40,21,48.6957,0.0,0.223,OPTIMAL
grid_5x5_31,seed_milpsnap_grid5x5_k03.json,174,25,40,20,48.6957,0.0,0.242,OPTIMAL
grid_5x5_31,seed_milpsnap_grid5x5_k03.json,175,25,40,19,48.6957,0.0,0.217,OPTIMAL
grid_5x5_31,seed_milpsnap_grid5x5_k03.json,176,25,40,18,48.6957,0.0,0.21,OPTIMAL
grid_5x5_31,seed_milpsnap_grid5x5_k03.json,177,25,40,19,48.6957,0.0,0.244,OPTIMAL
grid_5x5_31,seed_milpsnap_grid5x5_k03.json,178,25,40,22,48.6957,0.0,0.343,OPTIMAL
grid_5x5_31,seed_milpsnap_grid5x5_k03.json,179,25,40,25,48.6957,0.0,0.335,OPTIMAL
grid_5x5_31,seed_milpsnap_grid5x5_k03.json,180,25,40,27,48.6957,0.0,0.39,OPTIMAL
grid_5x5_31,seed_milpsnap_grid5x5_k03.json,181,25,40,25,48.6957,0.0,0.355,OPTIMAL
grid_5x5_31,seed_milpsnap_grid5x5_k03.json,182,25,40,27,48.6957,0.0,0.367,OPTIMAL
grid_5x5_31,seed_milpsnap_grid5x5_k03.json,183,25,40,27,48.6957,0.0,0.301,OPTIMAL
grid_5x5_31,seed_milpsnap_grid5x5_k03.json,184,25,40,30,48.6957,0.0,0.387,OPTIMAL
grid_5x5_31,seed_milpsnap_grid5x5_k03.json,185,25,40,27,45.2174,0.0,0.549,OPTIMAL
grid_5x5_31,seed_milpsnap_grid5x5_k03.json,186,25,40,26,48.6957,0.0,0.376,OPTIMAL
grid_5x5_31,seed_milpsnap_grid5x5_k03.json,187,25,40,26,48.6957,0.0,0.3,OPTIMAL
grid_5x5_31,seed_milpsnap_grid5x5_k03.json,188,25,40,27,48.6957,0.0,0.482,OPTIMAL
grid_5x5_31,seed_milpsnap_grid5x5_k03.json,189,25,40,26,48.6957,0.0,0.362,OPTIMAL
grid_5x5_31,seed_milpsnap_grid5x5_k03.json,190,25,40,27,48.6957,0.0,0.392,OPTIMAL
grid_5x5_31,seed_milpsnap_grid5x5_k03.json,191,25,40,28,45.2174,0.0,0.472,OPTIMAL
grid_5x5_31,seed_milpsnap_grid5x5_k03.json,192,25,40,29,45.2174,0.0,0.6,OPTIMAL
grid_5x5_31,seed_milpsnap_grid5x5_k03.json,193,25,40,25,45.2174,0.0,0.622,OPTIMAL
grid_5x5_31,seed_milpsnap_grid5x5_k03.json,194,25,40,24,48.6957,0.0,0.272,OPTIMAL
grid_5x5_31,seed_milpsnap_grid5x5_k03.json,195,25,40,23,45.2174,0.0,0.386,OPTIMAL
grid_5x5_31,seed_milpsnap_grid5x5_k03.json,196,25,40,27,45.2174,0.0,0.532,OPTIMAL
grid_5x5_31,seed_milpsnap_grid5x5_k03.json,197,25,40,27,45.2174,0.0,0.614,OPTIMAL
grid_5x5_31,seed_milpsnap_grid5x5_k03.json,198,25,40,28,45.2174,0.0,0.582,OPTIMAL
grid_5x5_31,seed_milpsnap_grid5x5_k03.json,199,25,40,28,45.2174,0.0,0.458,OPTIMAL
grid_5x5_31,seed_milpsnap_grid5x5_k03.json,200,25,40,30,45.2174,0.0,0.556,OPTIMAL
grid_5x5_31,seed_milpsnap_grid5x5_k03.json,201,25,40,33,45.2174,0.0,0.581,OPTIMAL
grid_5x5_31,seed_milpsnap_grid5x5_k03.json,202,25,40,34,45.2174,0.0,0.606,OPTIMAL
grid_5x5_31,seed_milpsnap_grid5x5_k03.json,203,25,40,34,45.2174,0.0,0.707,OPTIMAL
grid_5x5_31,seed_milpsnap_grid5x5_k03.json,204,25,40,37,45.2174,0.0,0.684,OPTIMAL
grid_5x5_31,seed_milpsnap_grid5x5_k03.json,205,25,40,37,45.2174,0.0,0.916,OPTIMAL
grid_5x5_31,seed_milpsnap_grid5x5_k03.json,206,25,40,34,45.2174,0.0,0.767,OPTIMAL
grid_5x5_31,seed_milpsnap_grid5x5_k03.json,207,25,40,32,45.2174,0.0,0.581,OPTIMAL
grid_5x5_31,seed_milpsnap_grid5x5_k03.json,208,25,40,33,45.2174,0.0,0.882,OPTIMAL
grid_5x5_31,seed_milpsnap_grid5x5_k03.json,209,25,40,31,45.2174,0.0,0.69,OPTIMAL
grid_5x5_31,seed_milpsnap_grid5x5_k03.json,210,25,40,30,45.2174,0.0,0.711,OPTIMAL
grid_5x5_31,seed_milpsnap_grid5x5_k03.json,211,25,40,29,48.6957,0.0,0.359,OPTIMAL
grid_5x5_31,seed_milpsnap_grid5x5_k03.json,212,25,40,28,48.6957,0.0,0.359,OPTIMAL
grid_5x5_31,seed_milpsnap_grid5x5_k03.json,213,25,40,27,45.2174,0.0,0.596,OPTIMAL
grid_5x5_31,seed_milpsnap_grid5x5_k03.json,214,25,40,28,45.2174,0.0,0.55,OPTIMAL
grid_5x5_31,seed_milpsnap_grid5x5_k03.json,215,25,40,27,45.2174,0.0,0.552,OPTIMAL
grid_5x5_31,seed_milpsnap_grid5x5_k03.json,216,25,40,26,48.6957,0.0,0.285,OPTIMAL
grid_5x5_31,seed_milpsnap_grid5x5_k03.json,217,25,40,25,48.6957,0.0,0.299,OPTIMAL
grid_5x5_31,seed_milpsnap_grid5x5_k03.json,218,25,40,23,52.1739,0.0,0.245,OPTIMAL
grid_5x5_31,seed_milpsnap_grid5x5_k03.json,219,25,40,21,52.1739,0.0,0.218,OPTIMAL
grid_5x5_31,seed_milpsnap_grid5x5_k03.json,220,25,40,23,48.6957,0.0,0.249,OPTIMAL
grid_5x5_31,seed_milpsnap_grid5x5_k03.json,221,25,40,24,48.6957,0.0,0.283,OPTIMAL
grid_5x5_31,seed_milpsnap_grid5x5_k03.json,222,25,40,25,48.6957,0.0,0.312,OPTIMAL
grid_5x5_31,seed_milpsnap_grid5x5_k03.json,223,25,40,25,48.6957,0.0,0.341,OPTIMAL
grid_5x5_31,seed_milpsnap_grid5x5_k03.json,224,25,40,26,45.2174,0.0,0.584,OPTIMAL
grid_5x5_31,seed_milpsnap_grid5x5_k03.json,225,25,40,29,45.2174,0.0,0.459,OPTIMAL
grid_5x5_31,seed_milpsnap_grid5x5_k03.json,226,25,40,27,45.2174,0.0,0.69,OPTIMAL
grid_5x5_31,seed_milpsnap_grid5x5_k03.json,227,25,40,26,45.2174,0.0,0.5,OPTIMAL
grid_5x5_31,seed_milpsnap_grid5x5_k03.json,228,25,40,25,45.2174,0.0,0.543,OPTIMAL
grid_5x5_31,seed_milpsnap_grid5x5_k03.json,229,25,40,23,45.2174,0.0,0.481,OPTIMAL
grid_5x5_31,seed_milpsnap_grid5x5_k03.json,230,25,40,21,45.2174,0.0,0.517,OPTIMAL
grid_5x5_31,seed_milpsnap_grid5x5_k03.json,231,25,40,19,45.2174,0.0,0.313,OPTIMAL
grid_5x5_31,seed_milpsnap_grid5x5_k03.json,232,25,40,18,45.2174,0.0,0.365,OPTIMAL
grid_5x5_31,seed_milpsnap_grid5x5_k03.json,233,25,40,20,45.2174,0.0,0.384,OPTIMAL
grid_5x5_31,seed_milpsnap_grid5x5_k03.json,234,25,40,20,45.2174,0.0,0.451,OPTIMAL
grid_5x5_31,seed_milpsnap_grid5x5_k03.json,235,25,40,18,45.2174,0.0,0.425,OPTIMAL
grid_5x5_31,seed_milpsnap_grid5x5_k03.json,236,25,40,18,48.6957,0.0,0.233,OPTIMAL
grid_5x5_31,seed_milpsnap_grid5x5_k03.json,237,25,40,15,48.6957,0.0,0.15,OPTIMAL
grid_5x5_31,seed_milpsnap_grid5x5_k03.json,238,25,40,17,48.6957,0.0,0.182,OPTIMAL
grid_5x5_31,seed_milpsnap_grid5x5_k03.json,239,25,40,15,48.6957,0.0,0.184,OPTIMAL
grid_5x5_31,seed_milpsnap_grid5x5_k03.json,240,25,40,12,48.6957,0.0,0.149,OPTIMAL
grid_5x5_31,seed_milpsnap_grid5x5_k03.json,241,25,40,11,48.6957,0.0,0.136,OPTIMAL
grid_5x5_31,seed_milpsnap_grid5x5_k03.json,242,25,40,13,48.6957,0.0,0.185,OPTIMAL
grid_5x5_31,seed_milpsnap_grid5x5_k03.json,243,25,40,11,48.6957,0.0,0.218,OPTIMAL
grid_5x5_31,seed_milpsnap_grid5x5_k03.json,244,25,40,13,48.6957,0.0,0.163,OPTIMAL
grid_5x5_31,seed_milpsnap_grid5x5_k03.json,245,25,40,13,48.6957,0.0,0.15,OPTIMAL
grid_5x5_31,seed_milpsnap_grid5x5_k03.json,246,25,40,15,48.6957,0.0,0.156,OPTIMAL
grid_5x5_31,seed_milpsnap_grid5x5_k03.json,247,25,40,15,45.2174,0.0,0.232,OPTIMAL
grid_5x5_31,seed_milpsnap_grid5x5_k03.json,248,25,40,14,45.2174,0.0,0.274,OPTIMAL
grid_5x5_31,seed_milpsnap_grid5x5_k03.json,249,25,40,13,48.6957,0.0,0.161,OPTIMAL
grid_5x5_31,seed_milpsnap_grid5x5_k03.json,250,25,40,13,48.6957,0.0,0.16,OPTIMAL
grid_5x5_31,seed_milpsnap_grid5x5_k03.json,251,25,40,15,48.6957,0.0,0.213,OPTIMAL
grid_5x5_31,seed_milpsnap_grid5x5_k03.json,252,25,40,13,48.6957,0.0,0.194,OPTIMAL
grid_5x5_31,seed_milpsnap_grid5x5_k03.json,253,25,40,14,48.6957,0.0,0.17,OPTIMAL
grid_5x5_31,seed_milpsnap_grid5x5_k03.json,254,25,40,15,48.6957,0.0,0.173,OPTIMAL
grid_5x5_31,seed_milpsnap_grid5x5_k03.json,255,25,40,17,48.6957,0.0,0.188,OPTIMAL
grid_5x5_31,seed_milpsnap_grid5x5_k03.json,256,25,40,15,48.6957,0.0,0.193,OPTIMAL
grid_5x5_31,seed_milpsnap_grid5x5_k03.json,257,25,40,16,48.6957,0.0,0.193,OPTIMAL
grid_5x5_31,seed_milpsnap_grid5x5_k03.json,258,25,40,15,48.6957,0.0,0.249,OPTIMAL
grid_5x5_31,seed_milpsnap_grid5x5_k03.json,259,25,40,16,48.6957,0.0,0.209,OPTIMAL
grid_5x5_31,seed_milpsnap_grid5x5_k03.json,260,25,40,16,48.6957,0.0,0.179,OPTIMAL
grid_5x5_31,seed_milpsnap_grid5x5_k03.json,261,25,40,17,48.6957,0.0,0.18,OPTIMAL
grid_5x5_31,seed_milpsnap_grid5x5_k03.json,262,25,40,18,48.6957,0.0,0.206,OPTIMAL
grid_5x5_31,seed_milpsnap_grid5x5_k03.json,263,25,40,19,48.6957,0.0,0.233,OPTIMAL
grid_5x5_31,seed_milpsnap_grid5x5_k03.json,264,25,40,21,48.6957,0.0,0.319,OPTIMAL
grid_5x5_31,seed_milpsnap_grid5x5_k03.json,265,25,40,19,48.6957,0.0,0.295,OPTIMAL
grid_5x5_31,seed_milpsnap_grid5x5_k03.json,266,25,40,19,48.6957,0.0,0.242,OPTIMAL
grid_5x5_31,seed_milpsnap_grid5x5_k03.json,267,25,40,20,48.6957,0.0,0.257,OPTIMAL
grid_5x5_31,seed_milpsnap_grid5x5_k03.json,268,25,40,21,48.6957,0.0,0.244,OPTIMAL
grid_5x5_31,seed_milpsnap_grid5x5_k03.json,269,25,40,21,48.6957,0.0,0.286,OPTIMAL
grid_5x5_31,seed_milpsnap_grid5x5_k03.json,270,25,40,22,48.6957,0.0,0.298,OPTIMAL
grid_5x5_31,seed_milpsnap_grid5x5_k03.json,271,25,40,24,45.2174,0.0,0.577,OPTIMAL
grid_5x5_31,seed_milpsnap_grid5x5_k03.json,272,25,40,25,45.2174,0.0,0.469,OPTIMAL
grid_5x5_31,seed_milpsnap_grid5x5_k03.json,273,25,40,25,45.2174,0.0,0.443,OPTIMAL
grid_5x5_31,seed_milpsnap_grid5x5_k03.json,274,25,40,23,45.2174,0.0,0.48,OPTIMAL
grid_5x5_31,seed_milpsnap_grid5x5_k03.json,275,25,40,21,45.2174,0.0,0.362,OPTIMAL
grid_5x5_31,seed_milpsnap_grid5x5_k03.json,276,25,40,18,45.2174,0.0,0.422,OPTIMAL
grid_5x5_31,seed_milpsnap_grid5x5_k03.json,277,25,40,19,45.2174,0.0,0.389,OPTIMAL
grid_5x5_31,seed_milpsnap_grid5x5_k03.json,278,25,40,19,45.2174,0.0,0.358,OPTIMAL
grid_5x5_31,seed_milpsnap_grid5x5_k03.json,279,25,40,18,48.6957,0.0,0.242,OPTIMAL
grid_5x5_31,seed_milpsnap_grid5x5_k03.json,280,25,40,21,48.6957,0.0,0.289,OPTIMAL
grid_5x5_31,seed_milpsnap_grid5x5_k03.json,281,25,40,24,48.6957,0.0,0.293,OPTIMAL
grid_5x5_31,seed_milpsnap_grid5x5_k03.json,282,25,40,22,48.6957,0.0,0.252,OPTIMAL
grid_5x5_31,seed_milpsnap_grid5x5_k03.json,283,25,40,20,48.6957,0.0,0.303,OPTIMAL
grid_5x5_31,seed_milpsnap_grid5x5_k03.json,284,25,40,20,48.6957,0.0,0.311,OPTIMAL
grid_5x5_31,seed_milpsnap_grid5x5_k03.json,285,25,40,21,48.6957,0.0,0.305,OPTIMAL
grid_5x5_31,seed_milpsnap_grid5x5_k03.json,286,25,40,22,48.6957,0.0,0.297,OPTIMAL
grid_5x5_31,seed_milpsnap_grid5x5_k03.json,287,25,40,21,48.6957,0.0,0.227,OPTIMAL
grid_5x5_31,seed_milpsnap_grid5x5_k03.json,288,25,40,25,45.2174,0.0,0.486,OPTIMAL
grid_5x5_31,seed_milpsnap_grid5x5_k03.json,289,25,40,1,86.9565,0.0,0.011,OPTIMAL
grid_5x5_31,seed_milpsnap_grid5x5_k03.json,290,25,40,2,80.0,0.0,0.014,OPTIMAL
grid_5x5_31,seed_milpsnap_grid5x5_k03.json,291,25,40,4,60.8696,0.0,0.04,OPTIMAL
grid_5x5_31,seed_milpsnap_grid5x5_k03.json,292,25,40,5,60.0,0.0,0.04,OPTIMAL
grid_5x5_31,seed_milpsnap_grid5x5_k03.json,293,25,40,9,55.6522,0.0,0.089,OPTIMAL
grid_5x5_31,seed_milpsnap_grid5x5_k03.json,294,25,40,12,55.6522,0.0,0.124,OPTIMAL
grid_5x5_31,seed_milpsnap_grid5x5_k03.json,295,25,40,13,52.1739,0.0,0.125,OPTIMAL
grid_5x5_31,seed_milpsnap_grid5x5_k03.json,296,25,40,18,48.6957,0.0,0.194,OPTIMAL
grid_5x5_31,seed_milpsnap_grid5x5_k03.json,297,25,40,19,45.2174,0.0,0.328,OPTIMAL
grid_5x5_31,seed_milpsnap_grid5x5_k03.json,298,25,40,22,45.2174,0.0,0.543,OPTIMAL
grid_5x5_31,seed_milpsnap_grid5x5_k03.json,299,25,40,25,45.2174,0.0,0.65,OPTIMAL
grid_5x5_31,seed_milpsnap_grid5x5_k03.json,300,25,40,28,45.2174,0.0,0.715,OPTIMAL
grid_5x5_31,seed_milpsnap_grid5x5_k03.json,301,25,40,31,45.2174,0.0,0.521,OPTIMAL
grid_5x5_31,seed_milpsnap_grid5x5_k03.json,302,25,40,33,45.2174,0.0,0.644,OPTIMAL
grid_5x5_31,seed_milpsnap_grid5x5_k03.json,303,25,40,32,45.2174,0.0,0.78,OPTIMAL
grid_5x5_31,seed_milpsnap_grid5x5_k03.json,304,25,40,34,45.2174,0.0,0.668,OPTIMAL
grid_5x5_31,seed_milpsnap_grid5x5_k03.json,305,25,40,35,45.2174,0.0,0.639,OPTIMAL
grid_5x5_31,seed_milpsnap_grid5x5_k03.json,306,25,40,33,45.2174,0.0,0.636,OPTIMAL
grid_5x5_31,seed_milpsnap_grid5x5_k03.json,307,25,40,31,45.2174,0.0,0.569,OPTIMAL
grid_5x5_31,seed_milpsnap_grid5x5_k03.json,308,25,40,30,45.2174,0.0,0.766,OPTIMAL
grid_5x5_31,seed_milpsnap_grid5x5_k03.json,309,25,40,26,45.2174,0.0,0.578,OPTIMAL
grid_5x5_31,seed_milpsnap_grid5x5_k03.json,310,25,40,28,45.2174,0.0,0.471,OPTIMAL
grid_5x5_31,seed_milpsnap_grid5x5_k03.json,311,25,40,28,45.2174,0.0,0.491,OPTIMAL
grid_5x5_31,seed_milpsnap_grid5x5_k03.json,312,25,40,25,45.2174,0.0,0.415,OPTIMAL
grid_5x5_31,seed_milpsnap_grid5x5_k03.json,313,25,40,25,48.6957,0.0,0.274,OPTIMAL
grid_5x5_31,seed_milpsnap_grid5x5_k03.json,314,25,40,24,48.6957,0.0,0.303,OPTIMAL
grid_5x5_31,seed_milpsnap_grid5x5_k03.json,315,25,40,23,48.6957,0.0,0.242,OPTIMAL
grid_5x5_31,seed_milpsnap_grid5x5_k03.json,316,25,40,22,48.6957,0.0,0.291,OPTIMAL
grid_5x5_31,seed_milpsnap_grid5x5_k03.json,317,25,40,22,48.6957,0.0,0.299,OPTIMAL
grid_5x5_31,seed_milpsnap_grid5x5_k03.json,318,25,40,20,48.6957,0.0,0.291,OPTIMAL
grid_5x5_31,seed_milpsnap_grid5x5_k03.json,319,25,40,20,48.6957,0.0,0.267,OPTIMAL
grid_5x5_31,seed_milpsnap_grid5x5_k03.json,320,25,40,19,48.6957,0.0,0.255,OPTIMAL
grid_5x5_31,seed_milpsnap_grid5x5_k03.json,321,25,40,20,48.6957,0.0,0.206,OPTIMAL
grid_5x5_31,seed_milpsnap_grid5x5_k03.json,322,25,40,21,45.2174,0.0,0.556,OPTIMAL
grid_5x5_31,seed_milpsnap_grid5x5_k03.json,323,25,40,20,45.2174,0.0,0.376,OPTIMAL
grid_5x5_31,seed_milpsnap_grid5x5_k03.json,324,25,40,20,48.6957,0.0,0.262,OPTIMAL
grid_5x5_31,seed_milpsnap_grid5x5_k03.json,325,25,40,19,48.6957,0.0,0.258,OPTIMAL
grid_5x5_31,seed_milpsnap_grid5x5_k03.json,326,25,40,21,48.6957,0.0,0.263,OPTIMAL
grid_5x5_31,seed_milpsnap_grid5x5_k03.json,327,25,40,20,45.2174,0.0,0.433,OPTIMAL
grid_5x5_31,seed_milpsnap_grid5x5_k03.json,328,25,40,17,48.6957,0.0,0.229,OPTIMAL
grid_5x5_31,seed_milpsnap_grid5x5_k03.json,329,25,40,16,52.1739,0.0,0.204,OPTIMAL
grid_5x5_31,seed_milpsnap_grid5x5_k03.json,330,25,40,15,52.1739,0.0,0.269,OPTIMAL
grid_5x5_31,seed_milpsnap_grid5x5_k03.json,331,25,40,15,52.1739,0.0,0.202,OPTIMAL
grid_5x5_31,seed_milpsnap_grid5x5_k03.json,332,25,40,16,48.6957,0.0,0.314,OPTIMAL
grid_5x5_31,seed_milpsnap_grid5x5_k03.json,333,25,40,17,48.6957,0.0,0.435,OPTIMAL
grid_5x5_31,seed_milpsnap_grid5x5_k03.json,334,25,40,17,48.6957,0.0,0.267,OPTIMAL
grid_5x5_31,seed_milpsnap_grid5x5_k03.json,335,25,40,16,48.6957,0.0,0.215,OPTIMAL
grid_5x5_31,seed_milpsnap_grid5x5_k03.json,336,25,40,16,48.6957,0.0,0.26,OPTIMAL
grid_5x5_31,seed_milpsnap_grid5x5_k03.json,337,25,40,19,45.2174,0.0,0.333,OPTIMAL
grid_5x5_31,seed_milpsnap_grid5x5_k03.json,338,25,40,21,45.2174,0.0,0.514,OPTIMAL
grid_5x5_31,seed_milpsnap_grid5x5_k03.json,339,25,40,19,45.2174,0.0,0.344,OPTIMAL
grid_5x5_31,seed_milpsnap_grid5x5_k03.json,340,25,40,22,45.2174,0.0,0.41,OPTIMAL
grid_5x5_31,seed_milpsnap_grid5x5_k03.json,341,25,40,22,45.2174,0.0,0.39,OPTIMAL
grid_5x5_31,seed_milpsnap_grid5x5_k03.json,342,25,40,25,45.2174,0.0,0.408,OPTIMAL
grid_5x5_31,seed_milpsnap_grid5x5_k03.json,343,25,40,26,45.2174,0.0,0.511,OPTIMAL
grid_5x5_31,seed_milpsnap_grid5x5_k03.json,344,25,40,26,45.2174,0.0,0.495,OPTIMAL
grid_5x5_31,seed_milpsnap_grid5x5_k03.json,345,25,40,27,45.2174,0.0,0.503,OPTIMAL
grid_5x5_31,seed_milpsnap_grid5x5_k03.json,346,25,40,28,45.2174,0.0,0.541,OPTIMAL
grid_5x5_31,seed_milpsnap_grid5x5_k03.json,347,25,40,29,45.2174,0.0,0.574,OPTIMAL
grid_5x5_31,seed_milpsnap_grid5x5_k03.json,348,25,40,32,45.2174,0.0,0.675,OPTIMAL
grid_5x5_31,seed_milpsnap_grid5x5_k03.json,349,25,40,31,45.2174,0.0,0.773,OPTIMAL
grid_5x5_31,seed_milpsnap_grid5x5_k03.json,350,25,40,31,45.2174,0.0,0.57,OPTIMAL
grid_5x5_31,seed_milpsnap_grid5x5_k03.json,351,25,40,31,45.2174,0.0,0.707,OPTIMAL
grid_5x5_31,seed_milpsnap_grid5x5_k03.json,352,25,40,30,45.2174,0.0,0.575,OPTIMAL
grid_5x5_31,seed_milpsnap_grid5x5_k03.json,353,25,40,30,45.2174,0.0,0.627,OPTIMAL
grid_5x5_31,seed_milpsnap_grid5x5_k03.json,354,25,40,32,45.2174,0.0,0.698,OPTIMAL
grid_5x5_31,seed_milpsnap_grid5x5_k03.json,355,25,40,32,45.2174,0.0,0.716,OPTIMAL
grid_5x5_31,seed_milpsnap_grid5x5_k03.json,356,25,40,30,45.2174,0.0,0.518,OPTIMAL
grid_5x5_31,seed_milpsnap_grid5x5_k03.json,357,25,40,27,45.2174,0.0,0.705,OPTIMAL
grid_5x5_31,seed_milpsnap_grid5x5_k03.json,358,25,40,27,45.2174,0.0,0.522,OPTIMAL
grid_5x5_31,seed_milpsnap_grid5x5_k03.json,359,25,40,26,45.2174,0.0,0.485,OPTIMAL
grid_5x5_31,seed_milpsnap_grid5x5_k03.json,360,25,40,26,45.2174,0.0,0.645,OPTIMAL
grid_5x5_31,seed_milpsnap_grid5x5_k03.json,361,25,40,26,45.2174,0.0,0.456,OPTIMAL
grid_5x5_31,seed_milpsnap_grid5x5_k03.json,362,25,40,24,45.2174,0.0,0.419,OPTIMAL
grid_5x5_31,seed_milpsnap_grid5x5_k03.json,363,25,40,22,45.2174,0.0,0.434,OPTIMAL
grid_5x5_31,seed_milpsnap_grid5x5_k03.json,364,25,40,22,45.2174,0.0,0.4,OPTIMAL
grid_5x5_31,seed_milpsnap_grid5x5_k03.json,365,25,40,21,45.2174,0.0,0.509,OPTIMAL
grid_5x5_31,seed_milpsnap_grid5x5_k03.json,366,25,40,22,45.2174,0.0,0.442,OPTIMAL
grid_5x5_31,seed_milpsnap_grid5x5_k03.json,367,25,40,21,45.2174,0.0,0.401,OPTIMAL
grid_5x5_31,seed_milpsnap_grid5x5_k03.json,368,25,40,20,45.2174,0.0,0.509,OPTIMAL
grid_5x5_31,seed_milpsnap_grid5x5_k03.json,369,25,40,21,48.6957,0.0,0.569,OPTIMAL
grid_5x5_31,seed_milpsnap_grid5x5_k03.json,370,25,40,23,48.6957,0.0,0.285,OPTIMAL
grid_5x5_31,seed_milpsnap_grid5x5_k03.json,371,25,40,22,48.6957,0.0,0.428,OPTIMAL
grid_5x5_31,seed_milpsnap_grid5x5_k03.json,372,25,40,25,45.2174,0.0,0.496,OPTIMAL
grid_5x5_31,seed_milpsnap_grid5x5_k03.json,373,25,40,29,45.2174,0.0,0.534,OPTIMAL
grid_5x5_31,seed_milpsnap_grid5x5_k03.json,374,25,40,28,45.2174,0.0,0.586,OPTIMAL
grid_5x5_31,seed_milpsnap_grid5x5_k03.json,375,25,40,27,45.2174,0.0,0.486,OPTIMAL
grid_5x5_31,seed_milpsnap_grid5x5_k03.json,376,25,40,27,45.2174,0.0,0.595,OPTIMAL
grid_5x5_31,seed_milpsnap_grid5x5_k03.json,377,25,40,25,45.2174,0.0,0.484,OPTIMAL
grid_5x5_31,seed_milpsnap_grid5x5_k03.json,378,25,40,27,45.2174,0.0,0.465,OPTIMAL
grid_5x5_31,seed_milpsnap_grid5x5_k03.json,379,25,40,32,45.2174,0.0,0.504,OPTIMAL
grid_5x5_31,seed_milpsnap_grid5x5_k03.json,380,25,40,31,45.2174,0.0,0.575,OPTIMAL
grid_5x5_31,seed_milpsnap_grid5x5_k03.json,381,25,40,31,45.2174,0.0,0.703,OPTIMAL
grid_5x5_31,seed_milpsnap_grid5x5_k03.json,382,25,40,31,45.2174,0.0,0.808,OPTIMAL
grid_5x5_31,seed_milpsnap_grid5x5_k03.json,383,25,40,29,45.2174,0.0,0.537,OPTIMAL
grid_5x5_31,seed_milpsnap_grid5x5_k03.json,384,25,40,29,45.2174,0.0,0.47,OPTIMAL
grid_5x5_31,seed_milpsnap_grid5x5_k03.json,385,25,40,29,45.2174,0.0,0.563,OPTIMAL
grid_5x5_31,seed_milpsnap_grid5x5_k03.json,386,25,40,26,45.2174,0.0,0.604,OPTIMAL
grid_5x5_31,seed_milpsnap_grid5x5_k03.json,387,25,40,23,45.2174,0.0,0.629,OPTIMAL
grid_5x5_31,seed_milpsnap_grid5x5_k03.json,388,25,40,24,45.2174,0.0,0.709,OPTIMAL
grid_5x5_31,seed_milpsnap_grid5x5_k03.json,389,25,40,24,45.2174,0.0,0.376,OPTIMAL
grid_5x5_31,seed_milpsnap_grid5x5_k03.json,390,25,40,24,45.2174,0.0,0.551,OPTIMAL
grid_5x5_31,seed_milpsnap_grid5x5_k03.json,391,25,40,23,45.2174,0.0,0.433,OPTIMAL
grid_5x5_31,seed_milpsnap_grid5x5_k03.json,392,25,40,24,45.2174,0.0,0.531,OPTIMAL
grid_5x5_31,seed_milpsnap_grid5x5_k03.json,393,25,40,22,48.6957,0.0,0.313,OPTIMAL
grid_5x5_31,seed_milpsnap_grid5x5_k03.json,394,25,40,19,48.6957,0.0,0.357,OPTIMAL
grid_5x5_31,seed_milpsnap_grid5x5_k03.json,395,25,40,17,48.6957,0.0,0.295,OPTIMAL
grid_5x5_31,seed_milpsnap_grid5x5_k03.json,396,25,40,16,48.6957,0.0,0.358,OPTIMAL
grid_5x5_31,seed_milpsnap_grid5x5_k03.json,397,25,40,17,48.6957,0.0,0.26,OPTIMAL
grid_5x5_31,seed_milpsnap_grid5x5_k03.json,398,25,40,20,48.6957,0.0,0.271,OPTIMAL
grid_5x5_31,seed_milpsnap_grid5x5_k03.json,399,25,40,19,48.6957,0.0,0.256,OPTIMAL
grid_5x5_31,seed_milpsnap_grid5x5_k03.json,400,25,40,18,48.6957,0.0,0.213,OPTIMAL
grid_5x5_31,seed_milpsnap_grid5x5_k03.json,401,25,40,18,48.6957,0.0,0.228,OPTIMAL
grid_5x5_31,seed_milpsnap_grid5x5_k03.json,402,25,40,19,48.6957,0.0,0.261,OPTIMAL
grid_5x5_31,seed_milpsnap_grid5x5_k03.json,403,25,40,17,48.6957,0.0,0.454,OPTIMAL
grid_5x5_31,seed_milpsnap_grid5x5_k03.json,404,25,40,17,48.6957,0.0,0.402,OPTIMAL
grid_5x5_31,seed_milpsnap_grid5x5_k03.json,405,25,40,18,48.6957,0.0,0.454,OPTIMAL
grid_5x5_31,seed_milpsnap_grid5x5_k03.json,406,25,40,21,48.6957,0.0,0.439,OPTIMAL
grid_5x5_31,seed_milpsnap_grid5x5_k03.json,407,25,40,23,48.6957,0.0,0.387,OPTIMAL
grid_5x5_31,seed_milpsnap_grid5x5_k03.json,408,25,40,22,48.6957,0.0,0.525,OPTIMAL
grid_5x5_31,seed_milpsnap_grid5x5_k03.json,409,25,40,21,48.6957,0.0,0.308,OPTIMAL
grid_5x5_31,seed_milpsnap_grid5x5_k03.json,410,25,40,22,48.6957,0.0,0.27,OPTIMAL
grid_5x5_31,seed_milpsnap_grid5x5_k03.json,411,25,40,23,48.6957,0.0,0.334,OPTIMAL
grid_5x5_31,seed_milpsnap_grid5x5_k03.json,412,25,40,18,48.6957,0.0,0.239,OPTIMAL
grid_5x5_31,seed_milpsnap_grid5x5_k03.json,413,25,40,21,45.2174,0.0,0.48,OPTIMAL
grid_5x5_31,seed_milpsnap_grid5x5_k03.json,414,25,40,22,45.2174,0.0,0.496,OPTIMAL
grid_5x5_31,seed_milpsnap_grid5x5_k03.json,415,25,40,22,45.2174,0.0,0.381,OPTIMAL
grid_5x5_31,seed_milpsnap_grid5x5_k03.json,416,25,40,21,45.2174,0.0,0.549,OPTIMAL
grid_5x5_31,seed_milpsnap_grid5x5_k03.json,417,25,40,24,45.2174,0.0,0.48,OPTIMAL
grid_5x5_31,seed_milpsnap_grid5x5_k03.json,418,25,40,25,45.2174,0.0,0.619,OPTIMAL
grid_5x5_31,seed_milpsnap_grid5x5_k03.json,419,25,40,24,45.2174,0.0,0.45,OPTIMAL
grid_5x5_31,seed_milpsnap_grid5x5_k03.json,420,25,40,23,45.2174,0.0,0.492,OPTIMAL
grid_5x5_31,seed_milpsnap_grid5x5_k03.json,421,25,40,23,45.2174,0.0,0.43,OPTIMAL
grid_5x5_31,seed_milpsnap_grid5x5_k03.json,422,25,40,22,45.2174,0.0,0.438,OPTIMAL
grid_5x5_31,seed_milpsnap_grid5x5_k03.json,423,25,40,23,45.2174,0.0,0.511,OPTIMAL
grid_5x5_31,seed_milpsnap_grid5x5_k03.json,424,25,40,24,45.2174,0.0,0.516,OPTIMAL
grid_5x5_31,seed_milpsnap_grid5x5_k03.json,425,25,40,22,48.6957,0.0,0.264,OPTIMAL
grid_5x5_31,seed_milpsnap_grid5x5_k03.json,426,25,40,23,48.6957,0.0,0.274,OPTIMAL
grid_5x5_31,seed_milpsnap_grid5x5_k03.json,427,25,40,22,48.6957,0.0,0.229,OPTIMAL
grid_5x5_31,seed_milpsnap_grid5x5_k03.json,428,25,40,24,48.6957,0.0,0.24,OPTIMAL
grid_5x5_31,seed_milpsnap_grid5x5_k03.json,429,25,40,26,45.2174,0.0,0.431,OPTIMAL
grid_5x5_31,seed_milpsnap_grid5x5_k03.json,430,25,40,1,80.0,0.0,0.011,OPTIMAL
grid_5x5_31,seed_milpsnap_grid5x5_k03.json,431,25,40,2,80.0,0.0,0.016,OPTIMAL
grid_5x5_31,seed_milpsnap_grid5x5_k03.json,432,25,40,4,59.1304,0.0,0.116,OPTIMAL
grid_5x5_31,seed_milpsnap_grid5x5_k03.json,433,25,40,5,59.1304,0.0,0.215,OPTIMAL
grid_5x5_31,seed_milpsnap_grid5x5_k03.json,434,25,40,7,59.1304,0.0,0.181,OPTIMAL
grid_5x5_31,seed_milpsnap_grid5x5_k03.json,435,25,40,12,48.6957,0.0,0.288,OPTIMAL
grid_5x5_31,seed_milpsnap_grid5x5_k03.json,436,25,40,14,48.6957,0.0,0.256,OPTIMAL
grid_5x5_31,seed_milpsnap_grid5x5_k03.json,437,25,40,17,48.6957,0.0,0.349,OPTIMAL
grid_5x5_31,seed_milpsnap_grid5x5_k03.json,438,25,40,21,48.6957,0.0,0.342,OPTIMAL
grid_5x5_31,seed_milpsnap_grid5x5_k03.json,439,25,40,23,48.6957,0.0,0.249,OPTIMAL
grid_5x5_31,seed_milpsnap_grid5x5_k03.json,440,25,40,25,48.6957,0.0,0.34,OPTIMAL
grid_5x5_31,seed_milpsnap_grid5x5_k03.json,441,25,40,24,48.6957,0.0,0.255,OPTIMAL
grid_5x5_31,seed_milpsnap_grid5x5_k03.json,442,25,40,26,48.6957,0.0,0.378,OPTIMAL
grid_5x5_31,seed_milpsnap_grid5x5_k03.json,443,25,40,28,45.2174,0.0,0.663,OPTIMAL
grid_5x5_31,seed_milpsnap_grid5x5_k03.json,444,25,40,28,45.2174,0.0,0.536,OPTIMAL
grid_5x5_31,seed_milpsnap_grid5x5_k03.json,445,25,40,27,45.2174,0.0,0.512,OPTIMAL
grid_5x5_31,seed_milpsnap_grid5x5_k03.json,446,25,40,27,45.2174,0.0,0.512,OPTIMAL
grid_5x5_31,seed_milpsnap_grid5x5_k03.json,447,25,40,26,45.2174,0.0,0.523,OPTIMAL
grid_5x5_31,seed_milpsnap_grid5x5_k03.json,448,25,40,22,48.6957,0.0,0.32,OPTIMAL
grid_5x5_31,seed_milpsnap_grid5x5_k03.json,449,25,40,21,48.6957,0.0,0.256,OPTIMAL
grid_5x5_31,seed_milpsnap_grid5x5_k03.json,450,25,40,20,48.6957,0.0,0.263,OPTIMAL
grid_5x5_31,seed_milpsnap_grid5x5_k03.json,451,25,40,18,48.6957,0.0,0.276,OPTIMAL
grid_5x5_31,seed_milpsnap_grid5x5_k03.json,452,25,40,20,48.6957,0.0,0.251,OPTIMAL
grid_5x5_31,seed_milpsnap_grid5x5_k03.json,453,25,40,20,48.6957,0.0,0.254,OPTIMAL
grid_5x5_31,seed_milpsnap_grid5x5_k03.json,454,25,40,19,48.6957,0.0,0.244,OPTIMAL
grid_5x5_31,seed_milpsnap_grid5x5_k03.json,455,25,40,20,48.6957,0.0,0.26,OPTIMAL
grid_5x5_31,seed_milpsnap_grid5x5_k03.json,456,25,40,20,48.6957,0.0,0.262,OPTIMAL
grid_5x5_31,seed_milpsnap_grid5x5_k03.json,457,25,40,18,48.6957,0.0,0.216,OPTIMAL
grid_5x5_31,seed_milpsnap_grid5x5_k03.json,458,25,40,19,45.2174,0.0,0.313,OPTIMAL
grid_5x5_31,seed_milpsnap_grid5x5_k03.json,459,25,40,20,48.6957,0.0,0.277,OPTIMAL
grid_5x5_31,seed_milpsnap_grid5x5_k03.json,460,25,40,22,48.6957,0.0,0.326,OPTIMAL
grid_5x5_31,seed_milpsnap_grid5x5_k03.json,461,25,40,21,48.6957,0.0,0.27,OPTIMAL
grid_5x5_31,seed_milpsnap_grid5x5_k03.json,462,25,40,21,48.6957,0.0,0.309,OPTIMAL
grid_5x5_31,seed_milpsnap_grid5x5_k03.json,463,25,40,23,48.6957,0.0,0.312,OPTIMAL
grid_5x5_31,seed_milpsnap_grid5x5_k03.json,464,25,40,22,48.6957,0.0,0.343,OPTIMAL
grid_5x5_31,seed_milpsnap_grid5x5_k03.json,465,25,40,22,48.6957,0.0,0.278,OPTIMAL
grid_5x5_31,seed_milpsnap_grid5x5_k03.json,466,25,40,21,52.1739,0.0,0.271,OPTIMAL
grid_5x5_31,seed_milpsnap_grid5x5_k03.json,467,25,40,20,52.1739,0.0,0.219,OPTIMAL
grid_5x5_31,seed_milpsnap_grid5x5_k03.json,468,25,40,20,48.6957,0.0,0.252,OPTIMAL
grid_5x5_31,seed_milpsnap_grid5x5_k03.json,469,25,40,22,48.6957,0.0,0.275,OPTIMAL
grid_5x5_31,seed_milpsnap_grid5x5_k03.json,470,25,40,22,48.6957,0.0,0.32,OPTIMAL
grid_5x5_31,seed_milpsnap_grid5x5_k03.json,471,25,40,24,48.6957,0.0,0.349,OPTIMAL
grid_5x5_31,seed_milpsnap_grid5x5_k03.json,472,25,40,27,48.6957,0.0,0.414,OPTIMAL
grid_5x5_31,seed_milpsnap_grid5x5_k03.json,473,25,40,27,45.2174,0.0,0.576,OPTIMAL
grid_5x5_31,seed_milpsnap_grid5x5_k03.json,474,25,40,27,45.2174,0.0,0.556,OPTIMAL
grid_5x5_31,seed_milpsnap_grid5x5_k03.json,475,25,40,25,48.6957,0.0,0.314,OPTIMAL
grid_5x5_31,seed_milpsnap_grid5x5_k03.json,476,25,40,28,48.6957,0.0,0.364,OPTIMAL
grid_5x5_31,seed_milpsnap_grid5x5_k03.json,477,25,40,28,48.6957,0.0,0.344,OPTIMAL
grid_5x5_31,seed_milpsnap_grid5x5_k03.json,478,25,40,28,48.6957,0.0,0.413,OPTIMAL
grid_5x5_31,seed_milpsnap_grid5x5_k03.json,479,25,40,30,48.6957,0.0,0.395,OPTIMAL
grid_5x5_31,seed_milpsnap_grid5x5_k03.json,480,25,40,29,48.6957,0.0,0.307,OPTIMAL
grid_5x5_31,seed_milpsnap_grid5x5_k03.json,481,25,40,29,48.6957,0.0,0.346,OPTIMAL
grid_5x5_31,seed_milpsnap_grid5x5_k03.json,482,25,40,29,48.6957,0.0,0.406,OPTIMAL
grid_5x5_31,seed_milpsnap_grid5x5_k03.json,483,25,40,28,48.6957,0.0,0.372,OPTIMAL
grid_5x5_31,seed_milpsnap_grid5x5_k03.json,484,25,40,28,48.6957,0.0,0.366,OPTIMAL
grid_5x5_31,seed_milpsnap_grid5x5_k03.json,485,25,40,28,48.6957,0.0,0.344,OPTIMAL
grid_5x5_31,seed_milpsnap_grid5x5_k03.json,486,25,40,25,48.6957,0.0,0.273,OPTIMAL
grid_5x5_31,seed_milpsnap_grid5x5_k03.json,487,25,40,22,48.6957,0.0,0.245,OPTIMAL
grid_5x5_31,seed_milpsnap_grid5x5_k03.json,488,25,40,20,48.6957,0.0,0.305,OPTIMAL
grid_5x5_31,seed_milpsnap_grid5x5_k03.json,489,25,40,19,48.6957,0.0,0.286,OPTIMAL
grid_5x5_31,seed_milpsnap_grid5x5_k03.json,490,25,40,19,48.6957,0.0,0.253,OPTIMAL
grid_5x5_31,seed_milpsnap_grid5x5_k03.json,491,25,40,18,48.6957,0.0,0.244,OPTIMAL
grid_5x5_31,seed_milpsnap_grid5x5_k03.json,492,25,40,18,48.6957,0.0,0.327,OPTIMAL
grid_5x5_31,seed_milpsnap_grid5x5_k03.json,493,25,40,18,48.6957,0.0,0.309,OPTIMAL
grid_5x5_31,seed_milpsnap_grid5x5_k03.json,494,25,40,16,48.6957,0.0,0.43,OPTIMAL
grid_5x5_31,seed_milpsnap_grid5x5_k03.json,495,25,40,16,48.6957,0.0,0.575,OPTIMAL
grid_5x5_31,seed_milpsnap_grid5x5_k03.json,496,25,40,16,52.1739,0.0,0.434,OPTIMAL
grid_5x5_31,seed_milpsnap_grid5x5_k03.json,497,25,40,15,52.1739,0.0,0.343,OPTIMAL
grid_5x5_31,seed_milpsnap_grid5x5_k03.json,498,25,40,15,48.6957,0.0,0.577,OPTIMAL
grid_5x5_31,seed_milpsnap_grid5x5_k03.json,499,25,40,15,48.6957,0.0,0.25,OPTIMAL
grid_5x5_31,seed_milpsnap_grid5x5_k03.json,500,25,40,15,48.6957,0.0,0.283,OPTIMAL
grid_5x5_31,seed_milpsnap_grid5x5_k03.json,501,25,40,16,48.6957,0.0,0.223,OPTIMAL
grid_5x5_31,seed_milpsnap_grid5x5_k03.json,502,25,40,18,48.6957,0.0,0.279,OPTIMAL
grid_5x5_31,seed_milpsnap_grid5x5_k03.json,503,25,40,19,48.6957,0.0,0.402,OPTIMAL
grid_5x5_31,seed_milpsnap_grid5x5_k03.json,504,25,40,20,48.6957,0.0,0.232,OPTIMAL
grid_5x5_31,seed_milpsnap_grid5x5_k03.json,505,25,40,23,48.6957,0.0,0.277,OPTIMAL
grid_5x5_31,seed_milpsnap_grid5x5_k03.json,506,25,40,22,48.6957,0.0,0.25,OPTIMAL
grid_5x5_31,seed_milpsnap_grid5x5_k03.json,507,25,40,23,48.6957,0.0,0.237,OPTIMAL
grid_5x5_31,seed_milpsnap_grid5x5_k03.json,508,25,40,24,45.2174,0.0,0.438,OPTIMAL
grid_5x5_31,seed_milpsnap_grid5x5_k03.json,509,25,40,26,45.2174,0.0,0.452,OPTIMAL
grid_5x5_31,seed_milpsnap_grid5x5_k03.json,510,25,40,26,45.2174,0.0,0.533,OPTIMAL
grid_5x5_31,seed_milpsnap_grid5x5_k03.json,511,25,40,27,45.2174,0.0,0.567,OPTIMAL
grid_5x5_31,seed_milpsnap_grid5x5_k03.json,512,25,40,32,45.2174,0.0,0.904,OPTIMAL
grid_5x5_31,seed_milpsnap_grid5x5_k03.json,513,25,40,33,45.2174,0.0,0.742,OPTIMAL
grid_5x5_31,seed_milpsnap_grid5x5_k03.json,514,25,40,31,45.2174,0.0,0.596,OPTIMAL
grid_5x5_31,seed_milpsnap_grid5x5_k03.json,515,25,40,30,45.2174,0.0,0.696,OPTIMAL
grid_5x5_31,seed_milpsnap_grid5x5_k03.json,516,25,40,30,45.2174,0.0,0.535,OPTIMAL
grid_5x5_31,seed_milpsnap_grid5x5_k03.json,517,25,40,29,45.2174,0.0,0.785,OPTIMAL
grid_5x5_31,seed_milpsnap_grid5x5_k03.json,518,25,40,29,45.2174,0.0,0.542,OPTIMAL
grid_5x5_31,seed_milpsnap_grid5x5_k03.json,519,25,40,27,45.2174,0.0,0.468,OPTIMAL
grid_5x5_31,seed_milpsnap_grid5x5_k03.json,520,25,40,23,48.6957,0.0,0.25,OPTIMAL
grid_5x5_31,seed_milpsnap_grid5x5_k03.json,521,25,40,22,48.6957,0.0,0.255,OPTIMAL
grid_5x5_31,seed_milpsnap_grid5x5_k03.json,522,25,40,21,48.6957,0.0,0.22,OPTIMAL
grid_5x5_31,seed_milpsnap_grid5x5_k03.json,523,25,40,20,48.6957,0.0,0.246,OPTIMAL
grid_5x5_31,seed_milpsnap_grid5x5_k03.json,524,25,40,18,48.6957,0.0,0.253,OPTIMAL
grid_5x5_31,seed_milpsnap_grid5x5_k03.json,525,25,40,20,48.6957,0.0,0.281,OPTIMAL
grid_5x5_31,seed_milpsnap_grid5x5_k03.json,526,25,40,19,48.6957,0.0,0.25,OPTIMAL
grid_5x5_31,seed_milpsnap_grid5x5_k03.json,527,25,40,17,52.1739,0.0,0.176,OPTIMAL
grid_5x5_31,seed_milpsnap_grid5x5_k03.json,528,25,40,16,52.1739,0.0,0.178,OPTIMAL
grid_5x5_31,seed_milpsnap_grid5x5_k03.json,529,25,40,17,52.1739,0.0,0.167,OPTIMAL
grid_5x5_31,seed_milpsnap_grid5x5_k03.json,530,25,40,20,52.1739,0.0,0.22,OPTIMAL
grid_5x5_31,seed_milpsnap_grid5x5_k03.json,531,25,40,23,45.2174,0.0,0.586,OPTIMAL
grid_5x5_31,seed_milpsnap_grid5x5_k03.json,532,25,40,23,45.2174,0.0,0.469,OPTIMAL
grid_5x5_31,seed_milpsnap_grid5x5_k03.json,533,25,40,24,45.2174,0.0,0.58,OPTIMAL
grid_5x5_31,seed_milpsnap_grid5x5_k03.json,534,25,40,26,45.2174,0.0,0.537,OPTIMAL
grid_5x5_31,seed_milpsnap_grid5x5_k03.json,535,25,40,28,45.2174,0.0,0.792,OPTIMAL
grid_5x5_31,seed_milpsnap_grid5x5_k03.json,536,25,40,31,45.2174,0.0,0.754,OPTIMAL
grid_5x5_31,seed_milpsnap_grid5x5_k03.json,537,25,40,30,48.6957,0.0,0.366,OPTIMAL
grid_5x5_31,seed_milpsnap_grid5x5_k03.json,538,25,40,28,48.6957,0.0,0.411,OPTIMAL
grid_5x5_31,seed_milpsnap_grid5x5_k03.json,539,25,40,30,48.6957,0.0,0.402,OPTIMAL
grid_5x5_31,seed_milpsnap_grid5x5_k03.json,540,25,40,28,48.6957,0.0,0.337,OPTIMAL
grid_5x5_31,seed_milpsnap_grid5x5_k03.json,541,25,40,27,48.6957,0.0,0.424,OPTIMAL
grid_5x5_31,seed_milpsnap_grid5x5_k03.json,542,25,40,25,48.6957,0.0,0.388,OPTIMAL
grid_5x5_31,seed_milpsnap_grid5x5_k03.json,543,25,40,25,48.6957,0.0,0.325,OPTIMAL
grid_5x5_31,seed_milpsnap_grid5x5_k03.json,544,25,40,24,48.6957,0.0,0.306,OPTIMAL
grid_5x5_31,seed_milpsnap_grid5x5_k03.json,545,25,40,24,48.6957,0.0,0.354,OPTIMAL
grid_5x5_31,seed_milpsnap_grid5x5_k03.json,546,25,40,21,48.6957,0.0,0.357,OPTIMAL
grid_5x5_31,seed_milpsnap_grid5x5_k03.json,547,25,40,20,48.6957,0.0,0.642,OPTIMAL
grid_5x5_31,seed_milpsnap_grid5x5_k03.json,548,25,40,19,48.6957,0.0,0.443,OPTIMAL
grid_5x5_31,seed_milpsnap_grid5x5_k03.json,549,25,40,19,48.6957,0.0,0.332,OPTIMAL
grid_5x5_31,seed_milpsnap_grid5x5_k03.json,550,25,40,18,48.6957,0.0,0.316,OPTIMAL
grid_5x5_31,seed_milpsnap_grid5x5_k03.json,551,25,40,18,48.6957,0.0,0.316,OPTIMAL
grid_5x5_31,seed_milpsnap_grid5x5_k03.json,552,25,40,20,48.6957,0.0,0.221,OPTIMAL
grid_5x5_31,seed_milpsnap_grid5x5_k03.json,553,25,40,23,48.6957,0.0,0.319,OPTIMAL
grid_5x5_31,seed_milpsnap_grid5x5_k03.json,554,25,40,24,48.6957,0.0,0.296,OPTIMAL
grid_5x5_31,seed_milpsnap_grid5x5_k03.json,555,25,40,26,48.6957,0.0,0.325,OPTIMAL
grid_5x5_31,seed_milpsnap_grid5x5_k03.json,556,25,40,27,45.2174,0.0,0.474,OPTIMAL
grid_5x5_31,seed_milpsnap_grid5x5_k03.json,557,25,40,29,45.2174,0.0,0.6,OPTIMAL
grid_5x5_31,seed_milpsnap_grid5x5_k03.json,558,25,40,31,45.2174,0.0,0.91,OPTIMAL
grid_5x5_31,seed_milpsnap_grid5x5_k03.json,559,25,40,30,45.2174,0.0,0.676,OPTIMAL
grid_5x5_31,seed_milpsnap_grid5x5_k03.json,560,25,40,29,45.2174,0.0,0.546,OPTIMAL
grid_5x5_31,seed_milpsnap_grid5x5_k03.json,561,25,40,33,45.2174,0.0,1.026,OPTIMAL
grid_5x5_31,seed_milpsnap_grid5x5_k03.json,562,25,40,32,45.2174,0.0,0.651,OPTIMAL
grid_5x5_31,seed_milpsnap_grid5x5_k03.json,563,25,40,31,45.2174,0.0,0.663,OPTIMAL
grid_5x5_31,seed_milpsnap_grid5x5_k03.json,564,25,40,32,45.2174,0.0,0.861,OPTIMAL
grid_5x5_31,seed_milpsnap_grid5x5_k03.json,565,25,40,29,45.2174,0.0,0.791,OPTIMAL
grid_5x5_31,seed_milpsnap_grid5x5_k03.json,566,25,40,30,45.2174,0.0,0.541,OPTIMAL
grid_5x5_31,seed_milpsnap_grid5x5_k03.json,567,25,40,28,48.6957,0.0,0.333,OPTIMAL
grid_5x5_31,seed_milpsnap_grid5x5_k03.json,568,25,40,25,48.6957,0.0,0.315,OPTIMAL
grid_5x5_31,seed_milpsnap_grid5x5_k03.json,569,25,40,22,48.6957,0.0,0.284,OPTIMAL
grid_5x5_31,seed_milpsnap_grid5x5_k03.json,570,25,40,24,48.6957,0.0,0.338,OPTIMAL
grid_5x5_31,seed_milpsnap_grid5x5_k03.json,571,25,40,25,48.6957,0.0,0.334,OPTIMAL
grid_5x5_31,seed_milpsnap_grid5x5_k03.json,572,25,40,22,48.6957,0.0,0.328,OPTIMAL
grid_5x5_31,seed_milpsnap_grid5x5_k03.json,573,25,40,23,48.6957,0.0,0.517,OPTIMAL
grid_5x5_31,seed_milpsnap_grid5x5_k03.json,574,25,40,21,48.6957,0.0,0.384,OPTIMAL
grid_5x5_31,seed_milpsnap_grid5x5_k03.json,575,25,40,1,80.0,0.0,0.016,OPTIMAL
grid_5x5_31,seed_milpsnap_grid5x5_k03.json,576,25,40,3,76.5217,0.0,0.022,OPTIMAL
grid_5x5_31,seed_milpsnap_grid5x5_k03.json,577,25,40,8,52.1739,0.0,0.115,OPTIMAL
grid_5x5_31,seed_milpsnap_grid5x5_k03.json,578,25,40,12,48.6957,0.0,0.196,OPTIMAL
grid_5x5_31,seed_milpsnap_grid5x5_k03.json,579,25,40,13,48.6957,0.0,0.213,OPTIMAL
grid_5x5_31,seed_milpsnap_grid5x5_k03.json,580,25,40,14,48.6957,0.0,0.235,OPTIMAL
grid_5x5_31,seed_milpsnap_grid5x5_k03.json,581,25,40,16,48.6957,0.0,0.304,OPTIMAL
grid_5x5_31,seed_milpsnap_grid5x5_k03.json,582,25,40,18,48.6957,0.0,0.224,OPTIMAL
grid_5x5_31,seed_milpsnap_grid5x5_k03.json,583,25,40,19,48.6957,0.0,0.264,OPTIMAL
grid_5x5_31,seed_milpsnap_grid5x5_k03.json,584,25,40,20,48.6957,0.0,0.283,OPTIMAL
grid_5x5_31,seed_milpsnap_grid5x5_k03.json,585,25,40,22,45.2174,0.0,0.474,OPTIMAL
grid_5x5_31,seed_milpsnap_grid5x5_k03.json,586,25,40,24,45.2174,0.0,0.623,OPTIMAL
grid_5x5_31,seed_milpsnap_grid5x5_k03.json,587,25,40,24,45.2174,0.0,0.465,OPTIMAL
grid_5x5_31,seed_milpsnap_grid5x5_k03.json,588,25,40,24,45.2174,0.0,0.404,OPTIMAL
grid_5x5_31,seed_milpsnap_grid5x5_k03.json,589,25,40,20,45.2174,0.0,0.484,OPTIMAL
grid_5x5_31,seed_milpsnap_grid5x5_k03.json,590,25,40,18,45.2174,0.0,0.356,OPTIMAL
grid_5x5_31,seed_milpsnap_grid5x5_k03.json,591,25,40,20,45.2174,0.0,0.365,OPTIMAL
grid_5x5_31,seed_milpsnap_grid5x5_k03.json,592,25,40,19,45.2174,0.0,0.309,OPTIMAL
grid_5x5_31,seed_milpsnap_grid5x5_k03.json,593,25,40,21,45.2174,0.0,0.501,OPTIMAL
grid_5x5_31,seed_milpsnap_grid5x5_k03.json,594,25,40,26,45.2174,0.0,0.644,OPTIMAL
grid_5x5_31,seed_milpsnap_grid5x5_k03.json,595,25,40,26,45.2174,0.0,0.485,OPTIMAL
grid_5x5_31,seed_milpsnap_grid5x5_k03.json,596,25,40,27,45.2174,0.0,0.41,OPTIMAL
grid_5x5_31,seed_milpsnap_grid5x5_k03.json,597,25,40,27,45.2174,0.0,0.6,OPTIMAL
grid_5x5_31,seed_milpsnap_grid5x5_k03.json,598,25,40,27,45.2174,0.0,0.663,OPTIMAL
grid_5x5_31,seed_milpsnap_grid5x5_k03.json,599,25,40,28,45.2174,0.0,0.601,OPTIMAL
grid_5x5_31,seed_milpsnap_grid5x5_k03.json,600,25,40,28,45.2174,0.0,0.688,OPTIMAL
grid_5x5_31,seed_milpsnap_grid5x5_k03.json,601,25,40,28,45.2174,0.0,0.755,OPTIMAL
grid_5x5_31,seed_milpsnap_grid5x5_k03.json,602,25,40,31,45.2174,0.0,0.6,OPTIMAL
grid_5x5_31,seed_milpsnap_grid5x5_k03.json,603,25,40,31,45.2174,0.0,0.596,OPTIMAL
grid_5x5_31,seed_milpsnap_grid5x5_k03.json,604,25,40,30,45.2174,0.0,0.561,OPTIMAL
grid_5x5_31,seed_milpsnap_grid5x5_k03.json,605,25,40,29,45.2174,0.0,0.471,OPTIMAL
grid_5x5_31,seed_milpsnap_grid5x5_k03.json,606,25,40,28,45.2174,0.0,0.645,OPTIMAL
grid_5x5_31,seed_milpsnap_grid5x5_k03.json,607,25,40,30,45.2174,0.0,0.688,OPTIMAL
grid_5x5_31,seed_milpsnap_grid5x5_k03.json,608,25,40,27,45.2174,0.0,0.507,OPTIMAL
grid_5x5_31,seed_milpsnap_grid5x5_k03.json,609,25,40,22,45.2174,0.0,0.433,OPTIMAL
grid_5x5_31,seed_milpsnap_grid5x5_k03.json,610,25,40,22,45.2174,0.0,0.394,OPTIMAL
grid_5x5_31,seed_milpsnap_grid5x5_k03.json,611,25,40,25,48.6957,0.0,0.256,OPTIMAL
grid_5x5_31,seed_milpsnap_grid5x5_k03.json,612,25,40,26,45.2174,0.0,0.447,OPTIMAL
grid_5x5_31,seed_milpsnap_grid5x5_k03.json,613,25,40,27,45.2174,0.0,0.583,OPTIMAL
grid_5x5_31,seed_milpsnap_grid5x5_k03.json,614,25,40,25,45.2174,0.0,0.457,OPTIMAL
grid_5x5_31,seed_milpsnap_grid5x5_k03.json,615,25,40,26,45.2174,0.0,0.525,OPTIMAL
grid_5x5_31,seed_milpsnap_grid5x5_k03.json,616,25,40,26,45.2174,0.0,0.428,OPTIMAL
grid_5x5_31,seed_milpsnap_grid5x5_k03.json,617,25,40,22,48.6957,0.0,0.302,OPTIMAL
grid_5x5_31,seed_milpsnap_grid5x5_k03.json,618,25,40,22,48.6957,0.0,0.26,OPTIMAL
grid_5x5_31,seed_milpsnap_grid5x5_k03.json,619,25,40,22,52.1739,0.0,0.232,OPTIMAL
grid_5x5_31,seed_milpsnap_grid5x5_k03.json,620,25,40,25,48.6957,0.0,0.337,OPTIMAL
grid_5x5_31,seed_milpsnap_grid5x5_k03.json,621,25,40,26,45.2174,0.0,0.383,OPTIMAL
grid_5x5_31,seed_milpsnap_grid5x5_k03.json,622,25,40,28,45.2174,0.0,0.627,OPTIMAL
grid_5x5_31,seed_milpsnap_grid5x5_k03.json,623,25,40,31,45.2174,0.0,0.55,OPTIMAL
grid_5x5_31,seed_milpsnap_grid5x5_k03.json,624,25,40,32,45.2174,0.0,0.706,OPTIMAL
grid_5x5_31,seed_milpsnap_grid5x5_k03.json,625,25,40,30,45.2174,0.0,0.502,OPTIMAL
grid_5x5_31,seed_milpsnap_grid5x5_k03.json,626,25,40,28,45.2174,0.0,0.505,OPTIMAL
grid_5x5_31,seed_milpsnap_grid5x5_k03.json,627,25,40,27,45.2174,0.0,0.46,OPTIMAL
grid_5x5_31,seed_milpsnap_grid5x5_k03.json,628,25,40,30,45.2174,0.0,0.599,OPTIMAL
grid_5x5_31,seed_milpsnap_grid5x5_k03.json,629,25,40,29,45.2174,0.0,0.511,OPTIMAL
grid_5x5_31,seed_milpsnap_grid5x5_k03.json,630,25,40,28,45.2174,0.0,0.464,OPTIMAL
grid_5x5_31,seed_milpsnap_grid5x5_k03.json,631,25,40,30,45.2174,0.0,0.553,OPTIMAL
grid_5x5_31,seed_milpsnap_grid5x5_k03.json,632,25,40,29,45.2174,0.0,0.525,OPTIMAL
grid_5x5_31,seed_milpsnap_grid5x5_k03.json,633,25,40,32,45.2174,0.0,0.901,OPTIMAL
grid_5x5_31,seed_milpsnap_grid5x5_k03.json,634,25,40,33,45.2174,0.0,0.859,OPTIMAL
grid_5x5_31,seed_milpsnap_grid5x5_k03.json,635,25,40,31,45.2174,0.0,0.487,OPTIMAL
grid_5x5_31,seed_milpsnap_grid5x5_k03.json,636,25,40,29,45.2174,0.0,0.532,OPTIMAL
grid_5x5_31,seed_milpsnap_grid5x5_k03.json,637,25,40,27,45.2174,0.0,0.479,OPTIMAL
grid_5x5_31,seed_milpsnap_grid5x5_k03.json,638,25,40,25,45.2174,0.0,0.539,OPTIMAL
grid_5x5_31,seed_milpsnap_grid5x5_k03.json,639,25,40,24,45.2174,0.0,0.588,OPTIMAL
grid_5x5_31,seed_milpsnap_grid5x5_k03.json,640,25,40,22,45.2174,0.0,0.538,OPTIMAL
grid_5x5_31,seed_milpsnap_grid5x5_k03.json,641,25,40,23,45.2174,0.0,0.503,OPTIMAL
grid_5x5_31,seed_milpsnap_grid5x5_k03.json,642,25,40,23,48.6957,0.0,0.303,OPTIMAL
grid_5x5_31,seed_milpsnap_grid5x5_k03.json,643,25,40,20,48.6957,0.0,0.275,OPTIMAL
grid_5x5_31,seed_milpsnap_grid5x5_k03.json,644,25,40,18,48.6957,0.0,0.221,OPTIMAL
grid_5x5_31,seed_milpsnap_grid5x5_k03.json,645,25,40,19,48.6957,0.0,0.233,OPTIMAL
grid_5x5_31,seed_milpsnap_grid5x5_k03.json,646,25,40,17,48.6957,0.0,0.196,OPTIMAL
grid_5x5_31,seed_milpsnap_grid5x5_k03.json,647,25,40,18,48.6957,0.0,0.339,OPTIMAL
grid_5x5_31,seed_milpsnap_grid5x5_k03.json,648,25,40,17,48.6957,0.0,0.333,OPTIMAL
grid_5x5_31,seed_milpsnap_grid5x5_k03.json,649,25,40,18,48.6957,0.0,0.368,OPTIMAL
grid_5x5_31,seed_milpsnap_grid5x5_k03.json,650,25,40,17,48.6957,0.0,0.335,OPTIMAL
grid_5x5_31,seed_milpsnap_grid5x5_k03.json,651,25,40,18,48.6957,0.0,0.335,OPTIMAL
grid_5x5_31,seed_milpsnap_grid5x5_k03.json,652,25,40,19,48.6957,0.0,0.31,OPTIMAL
grid_5x5_31,seed_milpsnap_grid5x5_k03.json,653,25,40,19,48.6957,0.0,0.304,OPTIMAL
grid_5x5_31,seed_milpsnap_grid5x5_k03.json,654,25,40,18,48.6957,0.0,0.32,OPTIMAL
grid_5x5_31,seed_milpsnap_grid5x5_k03.json,655,25,40,17,48.6957,0.0,0.38,OPTIMAL
grid_5x5_31,seed_milpsnap_grid5x5_k03.json,656,25,40,22,48.6957,0.0,0.37,OPTIMAL
grid_5x5_31,seed_milpsnap_grid5x5_k03.json,657,25,40,23,48.6957,0.0,0.384,OPTIMAL
grid_5x5_31,seed_milpsnap_grid5x5_k03.json,658,25,40,24,48.6957,0.0,0.327,OPTIMAL
grid_5x5_31,seed_milpsnap_grid5x5_k03.json,659,25,40,24,48.6957,0.0,0.349,OPTIMAL
grid_5x5_31,seed_milpsnap_grid5x5_k03.json,660,25,40,22,48.6957,0.0,0.354,OPTIMAL
grid_5x5_31,seed_milpsnap_grid5x5_k03.json,661,25,40,21,48.6957,0.0,0.375,OPTIMAL
grid_5x5_31,seed_milpsnap_grid5x5_k03.json,662,25,40,21,48.6957,0.0,0.349,OPTIMAL
grid_5x5_31,seed_milpsnap_grid5x5_k03.json,663,25,40,21,48.6957,0.0,0.329,OPTIMAL
grid_5x5_31,seed_milpsnap_grid5x5_k03.json,664,25,40,20,48.6957,0.0,0.319,OPTIMAL
grid_5x5_31,seed_milpsnap_grid5x5_k03.json,665,25,40,22,48.6957,0.0,0.267,OPTIMAL
grid_5x5_31,seed_milpsnap_grid5x5_k03.json,666,25,40,23,48.6957,0.0,0.324,OPTIMAL
grid_5x5_31,seed_milpsnap_grid5x5_k03.json,667,25,40,25,48.6957,0.0,0.306,OPTIMAL
grid_5x5_31,seed_milpsnap_grid5x5_k03.json,668,25,40,27,48.6957,0.0,0.35,OPTIMAL
grid_5x5_31,seed_milpsnap_grid5x5_k03.json,669,25,40,26,48.6957,0.0,0.354,OPTIMAL
grid_5x5_31,seed_milpsnap_grid5x5_k03.json,670,25,40,22,48.6957,0.0,0.328,OPTIMAL
grid_5x5_31,seed_milpsnap_grid5x5_k03.json,671,25,40,21,48.6957,0.0,0.461,OPTIMAL
grid_5x5_31,seed_milpsnap_grid5x5_k03.json,672,25,40,20,48.6957,0.0,0.308,OPTIMAL
grid_5x5_31,seed_milpsnap_grid5x5_k03.json,673,25,40,21,48.6957,0.0,0.289,OPTIMAL
grid_5x5_31,seed_milpsnap_grid5x5_k03.json,674,25,40,22,48.6957,0.0,0.293,OPTIMAL
grid_5x5_31,seed_milpsnap_grid5x5_k03.json,675,25,40,23,48.6957,0.0,0.322,OPTIMAL
grid_5x5_31,seed_milpsnap_grid5x5_k03.json,676,25,40,22,48.6957,0.0,0.272,OPTIMAL
grid_5x5_31,seed_milpsnap_grid5x5_k03.json,677,25,40,19,48.6957,0.0,0.23,OPTIMAL
grid_5x5_31,seed_milpsnap_grid5x5_k03.json,678,25,40,19,48.6957,0.0,0.227,OPTIMAL
grid_5x5_31,seed_milpsnap_grid5x5_k03.json,679,25,40,19,48.6957,0.0,0.21,OPTIMAL
grid_5x5_31,seed_milpsnap_grid5x5_k03.json,680,25,40,16,48.6957,0.0,0.228,OPTIMAL
grid_5x5_31,seed_milpsnap_grid5x5_k03.json,681,25,40,15,48.6957,0.0,0.194,OPTIMAL
grid_5x5_31,seed_milpsnap_grid5x5_k03.json,682,25,40,14,48.6957,0.0,0.273,OPTIMAL
grid_5x5_31,seed_milpsnap_grid5x5_k03.json,683,25,40,12,52.1739,0.0,0.282,OPTIMAL
grid_5x5_31,seed_milpsnap_grid5x5_k03.json,684,25,40,10,52.1739,0.0,0.21,OPTIMAL
grid_5x5_31,seed_milpsnap_grid5x5_k03.json,685,25,40,11,52.1739,0.0,0.192,OPTIMAL
grid_5x5_31,seed_milpsnap_grid5x5_k03.json,686,25,40,12,52.1739,0.0,0.205,OPTIMAL
grid_5x5_31,seed_milpsnap_grid5x5_k03.json,687,25,40,9,55.6522,0.0,0.142,OPTIMAL
grid_5x5_31,seed_milpsnap_grid5x5_k03.json,688,25,40,8,55.6522,0.0,0.197,OPTIMAL
grid_5x5_31,seed_milpsnap_grid5x5_k03.json,689,25,40,8,55.6522,0.0,0.15,OPTIMAL
grid_5x5_31,seed_milpsnap_grid5x5_k03.json,690,25,40,9,55.6522,0.0,0.177,OPTIMAL
grid_5x5_31,seed_milpsnap_grid5x5_k03.json,691,25,40,11,52.1739,0.0,0.141,OPTIMAL
grid_5x5_31,seed_milpsnap_grid5x5_k03.json,692,25,40,10,52.1739,0.0,0.146,OPTIMAL
grid_5x5_31,seed_milpsnap_grid5x5_k03.json,693,25,40,14,48.6957,0.0,0.231,OPTIMAL
grid_5x5_31,seed_milpsnap_grid5x5_k03.json,694,25,40,13,48.6957,0.0,0.25,OPTIMAL
grid_5x5_31,seed_milpsnap_grid5x5_k03.json,695,25,40,11,48.6957,0.0,0.189,OPTIMAL
grid_5x5_31,seed_milpsnap_grid5x5_k03.json,696,25,40,12,48.6957,0.0,0.211,OPTIMAL
grid_5x5_31,seed_milpsnap_grid5x5_k03.json,697,25,40,14,48.6957,0.0,0.208,OPTIMAL
grid_5x5_31,seed_milpsnap_grid5x5_k03.json,698,25,40,13,48.6957,0.0,0.191,OPTIMAL
grid_5x5_31,seed_milpsnap_grid5x5_k03.json,699,25,40,16,48.6957,0.0,0.273,OPTIMAL
grid_5x5_31,seed_milpsnap_grid5x5_k03.json,700,25,40,17,48.6957,0.0,0.212,OPTIMAL
grid_5x5_31,seed_milpsnap_grid5x5_k03.json,701,25,40,21,48.6957,0.0,0.312,OPTIMAL
grid_5x5_31,seed_milpsnap_grid5x5_k03.json,702,25,40,22,45.2174,0.0,0.392,OPTIMAL
grid_5x5_31,seed_milpsnap_grid5x5_k03.json,703,25,40,21,45.2174,0.0,0.372,OPTIMAL
grid_5x5_31,seed_milpsnap_grid5x5_k03.json,704,25,40,22,45.2174,0.0,0.438,OPTIMAL
grid_5x5_31,seed_milpsnap_grid5x5_k03.json,705,25,40,19,48.6957,0.0,0.265,OPTIMAL
grid_5x5_31,seed_milpsnap_grid5x5_k03.json,706,25,40,20,45.2174,0.0,0.365,OPTIMAL
grid_5x5_31,seed_milpsnap_grid5x5_k03.json,707,25,40,16,48.6957,0.0,0.212,OPTIMAL
grid_5x5_31,seed_milpsnap_grid5x5_k03.json,708,25,40,19,48.6957,0.0,0.2,OPTIMAL
grid_5x5_31,seed_milpsnap_grid5x5_k03.json,709,25,40,19,48.6957,0.0,0.326,OPTIMAL
grid_5x5_31,seed_milpsnap_grid5x5_k03.json,710,25,40,21,45.2174,0.0,0.44,OPTIMAL
grid_5x5_31,seed_milpsnap_grid5x5_k03.json,711,25,40,23,45.2174,0.0,0.455,OPTIMAL
grid_5x5_31,seed_milpsnap_grid5x5_k03.json,712,25,40,20,48.6957,0.0,0.381,OPTIMAL
grid_5x5_31,seed_milpsnap_grid5x5_k03.json,713,25,40,21,48.6957,0.0,0.22,OPTIMAL
grid_5x5_31,seed_milpsnap_grid5x5_k03.json,714,25,40,18,48.6957,0.0,0.215,OPTIMAL
grid_5x5_31,seed_milpsnap_grid5x5_k03.json,715,25,40,1,90.4348,0.0,0.012,OPTIMAL
grid_5x5_31,seed_milpsnap_grid5x5_k03.json,716,25,40,4,66.087,0.0,0.059,OPTIMAL
grid_5x5_31,seed_milpsnap_grid5x5_k03.json,717,25,40,5,59.1304,0.0,0.173,OPTIMAL
grid_5x5_31,seed_milpsnap_grid5x5_k03.json,718,25,40,6,59.1304,0.0,0.156,OPTIMAL
grid_5x5_31,seed_milpsnap_grid5x5_k03.json,719,25,40,7,55.6522,0.0,0.082,OPTIMAL
grid_5x5_31,seed_milpsnap_grid5x5_k03.json,720,25,40,10,48.6957,0.0,0.151,OPTIMAL
grid_5x5_31,seed_milpsnap_grid5x5_k03.json,721,25,40,11,48.6957,0.0,0.128,OPTIMAL
grid_5x5_31,seed_milpsnap_grid5x5_k03.json,722,25,40,14,48.6957,0.0,0.17,OPTIMAL
grid_5x5_31,seed_milpsnap_grid5x5_k03.json,723,25,40,16,48.6957,0.0,0.152,OPTIMAL
grid_5x5_31,seed_milpsnap_grid5x5_k03.json,724,25,40,17,48.6957,0.0,0.206,OPTIMAL
grid_5x5_31,seed_milpsnap_grid5x5_k03.json,725,25,40,18,48.6957,0.0,0.242,OPTIMAL
grid_5x5_31,seed_milpsnap_grid5x5_k03.json,726,25,40,21,48.6957,0.0,0.23,OPTIMAL
grid_5x5_31,seed_milpsnap_grid5x5_k03.json,727,25,40,23,45.2174,0.0,0.576,OPTIMAL
grid_5x5_31,seed_milpsnap_grid5x5_k03.json,728,25,40,22,45.2174,0.0,0.342,OPTIMAL
grid_5x5_31,seed_milpsnap_grid5x5_k03.json,729,25,40,20,45.2174,0.0,0.348,OPTIMAL
grid_5x5_31,seed_milpsnap_grid5x5_k03.json,730,25,40,19,45.2174,0.0,0.352,OPTIMAL
grid_5x5_31,seed_milpsnap_grid5x5_k03.json,731,25,40,22,45.2174,0.0,0.38,OPTIMAL
grid_5x5_31,seed_milpsnap_grid5x5_k03.json,732,25,40,23,48.6957,0.0,0.271,OPTIMAL
grid_5x5_31,seed_milpsnap_grid5x5_k03.json,733,25,40,21,48.6957,0.0,0.295,OPTIMAL
grid_5x5_31,seed_milpsnap_grid5x5_k03.json,734,25,40,23,48.6957,0.0,0.296,OPTIMAL
grid_5x5_31,seed_milpsnap_grid5x5_k03.json,735,25,40,20,52.1739,0.0,0.248,OPTIMAL
grid_5x5_31,seed_milpsnap_grid5x5_k03.json,736,25,40,18,52.1739,0.0,0.203,OPTIMAL
grid_5x5_31,seed_milpsnap_grid5x5_k03.json,737,25,40,17,52.1739,0.0,0.174,OPTIMAL
grid_5x5_31,seed_milpsnap_grid5x5_k03.json,738,25,40,16,52.1739,0.0,0.177,OPTIMAL
grid_5x5_31,seed_milpsnap_grid5x5_k03.json,739,25,40,18,52.1739,0.0,0.179,OPTIMAL
grid_5x5_31,seed_milpsnap_grid5x5_k03.json,740,25,40,16,52.1739,0.0,0.166,OPTIMAL
grid_5x5_31,seed_milpsnap_grid5x5_k03.json,741,25,40,15,52.1739,0.0,0.144,OPTIMAL
grid_5x5_31,seed_milpsnap_grid5x5_k03.json,742,25,40,16,48.6957,0.0,0.201,OPTIMAL
grid_5x5_31,seed_milpsnap_grid5x5_k03.json,743,25,40,18,48.6957,0.0,0.211,OPTIMAL
grid_5x5_31,seed_milpsnap_grid5x5_k03.json,744,25,40,23,45.2174,0.0,0.516,OPTIMAL
grid_5x5_31,seed_milpsnap_grid5x5_k03.json,745,25,40,20,48.6957,0.0,0.284,OPTIMAL
grid_5x5_31,seed_milpsnap_grid5x5_k03.json,746,25,40,23,48.6957,0.0,0.292,OPTIMAL
grid_5x5_31,seed_milpsnap_grid5x5_k03.json,747,25,40,22,48.6957,0.0,0.335,OPTIMAL
grid_5x5_31,seed_milpsnap_grid5x5_k03.json,748,25,40,22,48.6957,0.0,0.292,OPTIMAL
grid_5x5_31,seed_milpsnap_grid5x5_k03.json,749,25,40,21,48.6957,0.0,0.35,OPTIMAL
grid_5x5_31,seed_milpsnap_grid5x5_k03.json,750,25,40,23,48.6957,0.0,0.262,OPTIMAL
grid_5x5_31,seed_milpsnap_grid5x5_k03.json,751,25,40,21,52.1739,0.0,0.253,OPTIMAL
grid_5x5_31,seed_milpsnap_grid5x5_k03.json,752,25,40,21,52.1739,0.0,0.326,OPTIMAL
grid_5x5_31,seed_milpsnap_grid5x5_k03.json,753,25,40,21,52.1739,0.0,0.396,OPTIMAL
grid_5x5_31,seed_milpsnap_grid5x5_k03.json,754,25,40,22,52.1739,0.0,0.357,OPTIMAL
grid_5x5_31,seed_milpsnap_grid5x5_k03.json,755,25,40,21,52.1739,0.0,0.439,OPTIMAL
grid_5x5_31,seed_milpsnap_grid5x5_k03.json,756,25,40,16,52.1739,0.0,0.24,OPTIMAL
grid_5x5_31,seed_milpsnap_grid5x5_k03.json,757,25,40,15,52.1739,0.0,0.362,OPTIMAL
grid_5x5_31,seed_milpsnap_grid5x5_k03.json,758,25,40,14,48.6957,0.0,0.42,OPTIMAL
grid_5x5_31,seed_milpsnap_grid5x5_k03.json,759,25,40,13,48.6957,0.0,0.428,OPTIMAL
grid_5x5_31,seed_milpsnap_grid5x5_k03.json,760,25,40,13,48.6957,0.0,0.419,OPTIMAL
grid_5x5_31,seed_milpsnap_grid5x5_k03.json,761,25,40,13,48.6957,0.0,0.276,OPTIMAL
grid_5x5_31,seed_milpsnap_grid5x5_k03.json,762,25,40,15,48.6957,0.0,0.187,OPTIMAL
grid_5x5_31,seed_milpsnap_grid5x5_k03.json,763,25,40,16,48.6957,0.0,0.255,OPTIMAL
grid_5x5_31,seed_milpsnap_grid5x5_k03.json,764,25,40,22,48.6957,0.0,0.436,OPTIMAL
grid_5x5_31,seed_milpsnap_grid5x5_k03.json,765,25,40,22,48.6957,0.0,0.265,OPTIMAL
grid_5x5_31,seed_milpsnap_grid5x5_k03.json,766,25,40,23,48.6957,0.0,0.297,OPTIMAL
grid_5x5_31,seed_milpsnap_grid5x5_k03.json,767,25,40,22,48.6957,0.0,0.273,OPTIMAL
grid_5x5_31,seed_milpsnap_grid5x5_k03.json,768,25,40,21,48.6957,0.0,0.219,OPTIMAL
grid_5x5_31,seed_milpsnap_grid5x5_k03.json,769,25,40,20,48.6957,0.0,0.271,OPTIMAL
grid_5x5_31,seed_milpsnap_grid5x5_k03.json,770,25,40,18,48.6957,0.0,0.221,OPTIMAL
grid_5x5_31,seed_milpsnap_grid5x5_k03.json,771,25,40,19,45.2174,0.0,0.47,OPTIMAL
grid_5x5_31,seed_milpsnap_grid5x5_k03.json,772,25,40,19,48.6957,0.0,0.234,OPTIMAL
grid_5x5_31,seed_milpsnap_grid5x5_k03.json,773,25,40,21,48.6957,0.0,0.245,OPTIMAL
grid_5x5_31,seed_milpsnap_grid5x5_k03.json,774,25,40,20,48.6957,0.0,0.247,OPTIMAL
grid_5x5_31,seed_milpsnap_grid5x5_k03.json,775,25,40,19,48.6957,0.0,0.246,OPTIMAL
grid_5x5_31,seed_milpsnap_grid5x5_k03.json,776,25,40,19,48.6957,0.0,0.21,OPTIMAL
grid_5x5_31,seed_milpsnap_grid5x5_k03.json,777,25,40,18,48.6957,0.0,0.206,OPTIMAL
grid_5x5_31,seed_milpsnap_grid5x5_k03.json,778,25,40,14,52.1739,0.0,0.143,OPTIMAL
grid_5x5_31,seed_milpsnap_grid5x5_k03.json,779,25,40,13,52.1739,0.0,0.133,OPTIMAL
grid_5x5_31,seed_milpsnap_grid5x5_k03.json,780,25,40,13,52.1739,0.0,0.14,OPTIMAL
grid_5x5_31,seed_milpsnap_grid5x5_k03.json,781,25,40,15,52.1739,0.0,0.154,OPTIMAL
grid_5x5_31,seed_milpsnap_grid5x5_k03.json,782,25,40,16,52.1739,0.0,0.166,OPTIMAL
grid_5x5_31,seed_milpsnap_grid5x5_k03.json,783,25,40,15,52.1739,0.0,0.154,OPTIMAL
grid_5x5_31,seed_milpsnap_grid5x5_k03.json,784,25,40,16,48.6957,0.0,0.186,OPTIMAL
grid_5x5_31,seed_milpsnap_grid5x5_k03.json,785,25,40,16,48.6957,0.0,0.213,OPTIMAL
grid_5x5_31,seed_milpsnap_grid5x5_k03.json,786,25,40,14,48.6957,0.0,0.315,OPTIMAL
grid_5x5_31,seed_milpsnap_grid5x5_k03.json,787,25,40,15,48.6957,0.0,0.174,OPTIMAL
grid_5x5_31,seed_milpsnap_grid5x5_k03.json,788,25,40,19,48.6957,0.0,0.275,OPTIMAL
grid_5x5_31,seed_milpsnap_grid5x5_k03.json,789,25,40,18,48.6957,0.0,0.254,OPTIMAL
grid_5x5_31,seed_milpsnap_grid5x5_k03.json,790,25,40,19,48.6957,0.0,0.285,OPTIMAL
grid_5x5_31,seed_milpsnap_grid5x5_k03.json,791,25,40,22,48.6957,0.0,0.284,OPTIMAL
grid_5x5_31,seed_milpsnap_grid5x5_k03.json,792,25,40,20,48.6957,0.0,0.271,OPTIMAL
grid_5x5_31,seed_milpsnap_grid5x5_k03.json,793,25,40,21,48.6957,0.0,0.266,OPTIMAL
grid_5x5_31,seed_milpsnap_grid5x5_k03.json,794,25,40,21,45.2174,0.0,0.379,OPTIMAL
grid_5x5_31,seed_milpsnap_grid5x5_k03.json,795,25,40,20,48.6957,0.0,0.221,OPTIMAL
grid_5x5_31,seed_milpsnap_grid5x5_k03.json,796,25,40,22,48.6957,0.0,0.393,OPTIMAL
grid_5x5_31,seed_milpsnap_grid5x5_k03.json,797,25,40,24,48.6957,0.0,0.306,OPTIMAL
grid_5x5_31,seed_milpsnap_grid5x5_k03.json,798,25,40,25,48.6957,0.0,0.343,OPTIMAL
grid_5x5_31,seed_milpsnap_grid5x5_k03.json,799,25,40,24,48.6957,0.0,0.314,OPTIMAL
grid_5x5_31,seed_milpsnap_grid5x5_k03.json,800,25,40,26,48.6957,0.0,0.365,OPTIMAL
grid_5x5_31,seed_milpsnap_grid5x5_k03.json,801,25,40,24,48.6957,0.0,0.333,OPTIMAL
grid_5x5_31,seed_milpsnap_grid5x5_k03.json,802,25,40,23,48.6957,0.0,0.317,OPTIMAL
grid_5x5_31,seed_milpsnap_grid5x5_k03.json,803,25,40,21,48.6957,0.0,0.307,OPTIMAL
grid_5x5_31,seed_milpsnap_grid5x5_k03.json,804,25,40,21,48.6957,0.0,0.233,OPTIMAL
grid_5x5_31,seed_milpsnap_grid5x5_k03.json,805,25,40,24,45.2174,0.0,0.48,OPTIMAL
grid_5x5_31,seed_milpsnap_grid5x5_k03.json,806,25,40,24,48.6957,0.0,0.3,OPTIMAL
grid_5x5_31,seed_milpsnap_grid5x5_k03.json,807,25,40,24,48.6957,0.0,0.307,OPTIMAL
grid_5x5_31,seed_milpsnap_grid5x5_k03.json,808,25,40,24,48.6957,0.0,0.299,OPTIMAL
grid_5x5_31,seed_milpsnap_grid5x5_k03.json,809,25,40,21,48.6957,0.0,0.282,OPTIMAL
grid_5x5_31,seed_milpsnap_grid5x5_k03.json,810,25,40,24,45.2174,0.0,0.519,OPTIMAL
grid_5x5_31,seed_milpsnap_grid5x5_k03.json,811,25,40,25,45.2174,0.0,0.389,OPTIMAL
grid_5x5_31,seed_milpsnap_grid5x5_k03.json,812,25,40,25,45.2174,0.0,0.536,OPTIMAL
grid_5x5_31,seed_milpsnap_grid5x5_k03.json,813,25,40,26,45.2174,0.0,0.528,OPTIMAL
grid_5x5_31,seed_milpsnap_grid5x5_k03.json,814,25,40,25,45.2174,0.0,0.552,OPTIMAL
grid_5x5_31,seed_milpsnap_grid5x5_k03.json,815,25,40,25,45.2174,0.0,0.541,OPTIMAL
grid_5x5_31,seed_milpsnap_grid5x5_k03.json,816,25,40,22,45.2174,0.0,0.367,OPTIMAL
grid_5x5_31,seed_milpsnap_grid5x5_k03.json,817,25,40,23,45.2174,0.0,0.31,OPTIMAL
grid_5x5_31,seed_milpsnap_grid5x5_k03.json,818,25,40,26,45.2174,0.0,0.482,OPTIMAL
grid_5x5_31,seed_milpsnap_grid5x5_k03.json,819,25,40,28,45.2174,0.0,0.557,OPTIMAL
grid_5x5_31,seed_milpsnap_grid5x5_k03.json,820,25,40,25,45.2174,0.0,0.393,OPTIMAL
grid_5x5_31,seed_milpsnap_grid5x5_k03.json,821,25,40,23,45.2174,0.0,0.441,OPTIMAL
grid_5x5_31,seed_milpsnap_grid5x5_k03.json,822,25,40,28,45.2174,0.0,0.575,OPTIMAL
grid_5x5_31,seed_milpsnap_grid5x5_k03.json,823,25,40,29,45.2174,0.0,0.499,OPTIMAL
grid_5x5_31,seed_milpsnap_grid5x5_k03.json,824,25,40,31,45.2174,0.0,0.618,OPTIMAL
grid_5x5_31,seed_milpsnap_grid5x5_k03.json,825,25,40,28,45.2174,0.0,0.603,OPTIMAL
grid_5x5_31,seed_milpsnap_grid5x5_k03.json,826,25,40,24,48.6957,0.0,0.325,OPTIMAL
grid_5x5_31,seed_milpsnap_grid5x5_k03.json,827,25,40,24,48.6957,0.0,0.341,OPTIMAL
grid_5x5_31,seed_milpsnap_grid5x5_k03.json,828,25,40,23,48.6957,0.0,0.297,OPTIMAL
grid_5x5_31,seed_milpsnap_grid5x5_k03.json,829,25,40,27,48.6957,0.0,0.376,OPTIMAL
grid_5x5_31,seed_milpsnap_grid5x5_k03.json,830,25,40,27,48.6957,0.0,0.32,OPTIMAL
grid_5x5_31,seed_milpsnap_grid5x5_k03.json,831,25,40,30,48.6957,0.0,0.405,OPTIMAL
grid_5x5_31,seed_milpsnap_grid5x5_k03.json,832,25,40,31,45.2174,0.0,0.79,OPTIMAL
grid_5x5_31,seed_milpsnap_grid5x5_k03.json,833,25,40,29,48.6957,0.0,0.37,OPTIMAL
grid_5x5_31,seed_milpsnap_grid5x5_k03.json,834,25,40,26,48.6957,0.0,0.337,OPTIMAL
grid_5x5_31,seed_milpsnap_grid5x5_k03.json,835,25,40,27,48.6957,0.0,0.418,OPTIMAL
grid_5x5_31,seed_milpsnap_grid5x5_k03.json,836,25,40,28,48.6957,0.0,0.35,OPTIMAL
grid_5x5_31,seed_milpsnap_grid5x5_k03.json,837,25,40,24,48.6957,0.0,0.31,OPTIMAL
grid_5x5_31,seed_milpsnap_grid5x5_k03.json,838,25,40,24,48.6957,0.0,0.286,OPTIMAL
grid_5x5_31,seed_milpsnap_grid5x5_k03.json,839,25,40,27,48.6957,0.0,0.36,OPTIMAL
grid_5x5_31,seed_milpsnap_grid5x5_k03.json,840,25,40,28,48.6957,0.0,0.457,OPTIMAL
grid_5x5_31,seed_milpsnap_grid5x5_k03.json,841,25,40,30,45.2174,0.0,0.749,OPTIMAL
grid_5x5_31,seed_milpsnap_grid5x5_k03.json,842,25,40,30,45.2174,0.0,0.688,OPTIMAL
grid_5x5_31,seed_milpsnap_grid5x5_k03.json,843,25,40,28,45.2174,0.0,0.547,OPTIMAL
grid_5x5_31,seed_milpsnap_grid5x5_k03.json,844,25,40,29,45.2174,0.0,0.503,OPTIMAL
grid_5x5_31,seed_milpsnap_grid5x5_k03.json,845,25,40,28,45.2174,0.0,0.533,OPTIMAL
grid_5x5_31,seed_milpsnap_grid5x5_k03.json,846,25,40,28,48.6957,0.0,0.427,OPTIMAL
grid_5x5_31,seed_milpsnap_grid5x5_k03.json,847,25,40,27,48.6957,0.0,0.404,OPTIMAL
grid_5x5_31,seed_milpsnap_grid5x5_k03.json,848,25,40,25,48.6957,0.0,0.479,OPTIMAL
grid_5x5_31,seed_milpsnap_grid5x5_k03.json,849,25,40,27,48.6957,0.0,0.417,OPTIMAL
grid_5x5_31,seed_milpsnap_grid5x5_k03.json,850,25,40,27,48.6957,0.0,0.44,OPTIMAL
grid_5x5_31,seed_milpsnap_grid5x5_k03.json,851,25,40,26,48.6957,0.0,0.359,OPTIMAL
grid_5x5_31,seed_milpsnap_grid5x5_k03.json,852,25,40,24,48.6957,0.0,0.494,OPTIMAL
grid_5x5_31,seed_milpsnap_grid5x5_k03.json,853,25,40,20,48.6957,0.0,0.469,OPTIMAL
grid_5x5_31,seed_milpsnap_grid5x5_k03.json,854,25,40,21,48.6957,0.0,0.322,OPTIMAL
grid_5x5_31,seed_milpsnap_grid5x5_k03.json,855,25,40,1,80.0,0.0,0.011,OPTIMAL
grid_5x5_31,seed_milpsnap_grid5x5_k03.json,856,25,40,3,59.1304,0.0,0.15,OPTIMAL
grid_5x5_31,seed_milpsnap_grid5x5_k03.json,857,25,40,4,55.6522,0.0,0.154,OPTIMAL
grid_5x5_31,seed_milpsnap_grid5x5_k03.json,858,25,40,6,52.1739,0.0,0.321,OPTIMAL
grid_5x5_31,seed_milpsnap_grid5x5_k03.json,859,25,40,8,52.1739,0.0,0.14,OPTIMAL
grid_5x5_31,seed_milpsnap_grid5x5_k03.json,860,25,40,10,48.6957,0.0,0.264,OPTIMAL
grid_5x5_31,seed_milpsnap_grid5x5_k03.json,861,25,40,11,48.6957,0.0,0.172,OPTIMAL
grid_5x5_31,seed_milpsnap_grid5x5_k03.json,862,25,40,12,48.6957,0.0,0.181,OPTIMAL
grid_5x5_31,seed_milpsnap_grid5x5_k03.json,863,25,40,13,48.6957,0.0,0.226,OPTIMAL
grid_5x5_31,seed_milpsnap_grid5x5_k03.json,864,25,40,15,48.6957,0.0,0.197,OPTIMAL
grid_5x5_31,seed_milpsnap_grid5x5_k03.json,865,25,40,16,48.6957,0.0,0.19,OPTIMAL
grid_5x5_31,seed_milpsnap_grid5x5_k03.json,866,25,40,18,48.6957,0.0,0.288,OPTIMAL
grid_5x5_31,seed_milpsnap_grid5x5_k03.json,867,25,40,21,48.6957,0.0,0.229,OPTIMAL
grid_5x5_31,seed_milpsnap_grid5x5_k03.json,868,25,40,21,48.6957,0.0,0.291,OPTIMAL
grid_5x5_31,seed_milpsnap_grid5x5_k03.json,869,25,40,19,48.6957,0.0,0.227,OPTIMAL
grid_5x5_31,seed_milpsnap_grid5x5_k03.json,870,25,40,20,45.2174,0.0,0.305,OPTIMAL
grid_5x5_31,seed_milpsnap_grid5x5_k03.json,871,25,40,19,45.2174,0.0,0.416,OPTIMAL
grid_5x5_31,seed_milpsnap_grid5x5_k03.json,872,25,40,21,48.6957,0.0,0.297,OPTIMAL
grid_5x5_31,seed_milpsnap_grid5x5_k03.json,873,25,40,22,45.2174,0.0,0.511,OPTIMAL
grid_5x5_31,seed_milpsnap_grid5x5_k03.json,874,25,40,22,45.2174,0.0,0.344,OPTIMAL
grid_5x5_31,seed_milpsnap_grid5x5_k03.json,875,25,40,24,45.2174,0.0,0.439,OPTIMAL
grid_5x5_31,seed_milpsnap_grid5x5_k03.json,876,25,40,25,45.2174,0.0,0.447,OPTIMAL
grid_5x5_31,seed_milpsnap_grid5x5_k03.json,877,25,40,24,45.2174,0.0,0.586,OPTIMAL
grid_5x5_31,seed_milpsnap_grid5x5_k03.json,878,25,40,24,45.2174,0.0,0.502,OPTIMAL
grid_5x5_31,seed_milpsnap_grid5x5_k03.json,879,25,40,25,45.2174,0.0,0.447,OPTIMAL
grid_5x5_31,seed_milpsnap_grid5x5_k03.json,880,25,40,24,45.2174,0.0,0.472,OPTIMAL
grid_5x5_31,seed_milpsnap_grid5x5_k03.json,881,25,40,23,45.2174,0.0,0.446,OPTIMAL
grid_5x5_31,seed_milpsnap_grid5x5_k03.json,882,25,40,27,45.2174,0.0,0.466,OPTIMAL
grid_5x5_31,seed_milpsnap_grid5x5_k03.json,883,25,40,29,45.2174,0.0,0.53,OPTIMAL
grid_5x5_31,seed_milpsnap_grid5x5_k03.json,884,25,40,28,45.2174,0.0,0.474,OPTIMAL
grid_5x5_31,seed_milpsnap_grid5x5_k03.json,885,25,40,24,45.2174,0.0,0.414,OPTIMAL
grid_5x5_31,seed_milpsnap_grid5x5_k03.json,886,25,40,21,45.2174,0.0,0.377,OPTIMAL
grid_5x5_31,seed_milpsnap_grid5x5_k03.json,887,25,40,21,45.2174,0.0,0.362,OPTIMAL
grid_5x5_31,seed_milpsnap_grid5x5_k03.json,888,25,40,20,48.6957,0.0,0.293,OPTIMAL
grid_5x5_31,seed_milpsnap_grid5x5_k03.json,889,25,40,23,48.6957,0.0,0.32,OPTIMAL
grid_5x5_31,seed_milpsnap_grid5x5_k03.json,890,25,40,21,48.6957,0.0,0.27,OPTIMAL
grid_5x5_31,seed_milpsnap_grid5x5_k03.json,891,25,40,20,48.6957,0.0,0.256,OPTIMAL
grid_5x5_31,seed_milpsnap_grid5x5_k03.json,892,25,40,21,48.6957,0.0,0.259,OPTIMAL
grid_5x5_31,seed_milpsnap_grid5x5_k03.json,893,25,40,22,48.6957,0.0,0.253,OPTIMAL
grid_5x5_31,seed_milpsnap_grid5x5_k03.json,894,25,40,20,45.2174,0.0,0.484,OPTIMAL
grid_5x5_31,seed_milpsnap_grid5x5_k03.json,895,25,40,20,45.2174,0.0,0.34,OPTIMAL
grid_5x5_31,seed_milpsnap_grid5x5_k03.json,896,25,40,21,45.2174,0.0,0.405,OPTIMAL
grid_5x5_31,seed_milpsnap_grid5x5_k03.json,897,25,40,19,45.2174,0.0,0.349,OPTIMAL
grid_5x5_31,seed_milpsnap_grid5x5_k03.json,898,25,40,18,48.6957,0.0,0.247,OPTIMAL
grid_5x5_31,seed_milpsnap_grid5x5_k03.json,899,25,40,21,45.2174,0.0,0.446,OPTIMAL
grid_5x5_31,seed_milpsnap_grid5x5_k03.json,900,25,40,23,45.2174,0.0,0.468,OPTIMAL
grid_5x5_31,seed_milpsnap_grid5x5_k03.json,901,25,40,25,45.2174,0.0,0.635,OPTIMAL
grid_5x5_31,seed_milpsnap_grid5x5_k03.json,902,25,40,24,45.2174,0.0,0.388,OPTIMAL
grid_5x5_31,seed_milpsnap_grid5x5_k03.json,903,25,40,23,45.2174,0.0,0.471,OPTIMAL
grid_5x5_31,seed_milpsnap_grid5x5_k03.json,904,25,40,22,45.2174,0.0,0.475,OPTIMAL
grid_5x5_31,seed_milpsnap_grid5x5_k03.json,905,25,40,23,45.2174,0.0,0.485,OPTIMAL
grid_5x5_31,seed_milpsnap_grid5x5_k03.json,906,25,40,25,45.2174,0.0,0.533,OPTIMAL
grid_5x5_31,seed_milpsnap_grid5x5_k03.json,907,25,40,28,45.2174,0.0,0.663,OPTIMAL
grid_5x5_31,seed_milpsnap_grid5x5_k03.json,908,25,40,26,45.2174,0.0,0.39,OPTIMAL
grid_5x5_31,seed_milpsnap_grid5x5_k03.json,909,25,40,27,45.2174,0.0,0.474,OPTIMAL
grid_5x5_31,seed_milpsnap_grid5x5_k03.json,910,25,40,27,45.2174,0.0,0.487,OPTIMAL
grid_5x5_31,seed_milpsnap_grid5x5_k03.json,911,25,40,26,45.2174,0.0,0.424,OPTIMAL
grid_5x5_31,seed_milpsnap_grid5x5_k03.json,912,25,40,27,45.2174,0.0,0.437,OPTIMAL
grid_5x5_31,seed_milpsnap_grid5x5_k03.json,913,25,40,25,45.2174,0.0,0.481,OPTIMAL
grid_5x5_31,seed_milpsnap_grid5x5_k03.json,914,25,40,23,48.6957,0.0,0.254,OPTIMAL
grid_5x5_31,seed_milpsnap_grid5x5_k03.json,915,25,40,21,48.6957,0.0,0.255,OPTIMAL
grid_5x5_31,seed_milpsnap_grid5x5_k03.json,916,25,40,21,48.6957,0.0,0.203,OPTIMAL
grid_5x5_31,seed_milpsnap_grid5x5_k03.json,917,25,40,22,45.2174,0.0,0.364,OPTIMAL
grid_5x5_31,seed_milpsnap_grid5x5_k03.json,918,25,40,21,48.6957,0.0,0.269,OPTIMAL
grid_5x5_31,seed_milpsnap_grid5x5_k03.json,919,25,40,21,48.6957,0.0,0.23,OPTIMAL
grid_5x5_31,seed_milpsnap_grid5x5_k03.json,920,25,40,22,48.6957,0.0,0.254,OPTIMAL
grid_5x5_31,seed_milpsnap_grid5x5_k03.json,921,25,40,21,48.6957,0.0,0.225,OPTIMAL
grid_5x5_31,seed_milpsnap_grid5x5_k03.json,922,25,40,17,48.6957,0.0,0.491,OPTIMAL
grid_5x5_31,seed_milpsnap_grid5x5_k03.json,923,25,40,16,48.6957,0.0,0.294,OPTIMAL
grid_5x5_31,seed_milpsnap_grid5x5_k03.json,924,25,40,17,48.6957,0.0,0.22,OPTIMAL
grid_5x5_31,seed_milpsnap_grid5x5_k03.json,925,25,40,19,48.6957,0.0,0.233,OPTIMAL
grid_5x5_31,seed_milpsnap_grid5x5_k03.json,926,25,40,20,48.6957,0.0,0.366,OPTIMAL
grid_5x5_31,seed_milpsnap_grid5x5_k03.json,927,25,40,22,48.6957,0.0,0.255,OPTIMAL
grid_5x5_31,seed_milpsnap_grid5x5_k03.json,928,25,40,23,48.6957,0.0,0.302,OPTIMAL
grid_5x5_31,seed_milpsnap_grid5x5_k03.json,929,25,40,25,48.6957,0.0,0.299,OPTIMAL
grid_5x5_31,seed_milpsnap_grid5x5_k03.json,930,25,40,24,48.6957,0.0,0.358,OPTIMAL
grid_5x5_31,seed_milpsnap_grid5x5_k03.json,931,25,40,23,48.6957,0.0,0.328,OPTIMAL
grid_5x5_31,seed_milpsnap_grid5x5_k03.json,932,25,40,23,48.6957,0.0,0.317,OPTIMAL
grid_5x5_31,seed_milpsnap_grid5x5_k03.json,933,25,40,23,48.6957,0.0,0.294,OPTIMAL
grid_5x5_31,seed_milpsnap_grid5x5_k03.json,934,25,40,26,48.6957,0.0,0.41,OPTIMAL
grid_5x5_31,seed_milpsnap_grid5x5_k03.json,935,25,40,29,45.2174,0.0,0.562,OPTIMAL
grid_5x5_31,seed_milpsnap_grid5x5_k03.json,936,25,40,33,45.2174,0.0,0.58,OPTIMAL
grid_5x5_31,seed_milpsnap_grid5x5_k03.json,937,25,40,36,45.2174,0.0,0.912,OPTIMAL
grid_5x5_31,seed_milpsnap_grid5x5_k03.json,938,25,40,36,45.2174,0.0,0.75,OPTIMAL
grid_5x5_31,seed_milpsnap_grid5x5_k03.json,939,25,40,37,45.2174,0.0,0.721,OPTIMAL
grid_5x5_31,seed_milpsnap_grid5x5_k03.json,940,25,40,36,48.6957,0.0,0.541,OPTIMAL
grid_5x5_31,seed_milpsnap_grid5x5_k03.json,941,25,40,34,48.6957,0.0,0.424,OPTIMAL
grid_5x5_31,seed_milpsnap_grid5x5_k03.json,942,25,40,32,48.6957,0.0,0.455,OPTIMAL
grid_5x5_31,seed_milpsnap_grid5x5_k03.json,943,25,40,31,48.6957,0.0,0.457,OPTIMAL
grid_5x5_31,seed_milpsnap_grid5x5_k03.json,944,25,40,34,48.6957,0.0,0.512,OPTIMAL
grid_5x5_31,seed_milpsnap_grid5x5_k03.json,945,25,40,32,48.6957,0.0,0.385,OPTIMAL
grid_5x5_31,seed_milpsnap_grid5x5_k03.json,946,25,40,35,48.6957,0.0,0.425,OPTIMAL
grid_5x5_31,seed_milpsnap_grid5x5_k03.json,947,25,40,32,48.6957,0.0,0.472,OPTIMAL
grid_5x5_31,seed_milpsnap_grid5x5_k03.json,948,25,40,32,48.6957,0.0,0.472,OPTIMAL
grid_5x5_31,seed_milpsnap_grid5x5_k03.json,949,25,40,31,48.6957,0.0,0.5,OPTIMAL
grid_5x5_31,seed_milpsnap_grid5x5_k03.json,950,25,40,27,48.6957,0.0,0.41,OPTIMAL
grid_5x5_31,seed_milpsnap_grid5x5_k03.json,951,25,40,25,48.6957,0.0,0.376,OPTIMAL
grid_5x5_31,seed_milpsnap_grid5x5_k03.json,952,25,40,23,48.6957,0.0,0.463,OPTIMAL
grid_5x5_31,seed_milpsnap_grid5x5_k03.json,953,25,40,22,48.6957,0.0,0.407,OPTIMAL
grid_5x5_31,seed_milpsnap_grid5x5_k03.json,954,25,40,23,48.6957,0.0,0.322,OPTIMAL
grid_5x5_31,seed_milpsnap_grid5x5_k03.json,955,25,40,24,48.6957,0.0,0.383,OPTIMAL
grid_5x5_31,seed_milpsnap_grid5x5_k03.json,956,25,40,25,48.6957,0.0,0.339,OPTIMAL
grid_5x5_31,seed_milpsnap_grid5x5_k03.json,957,25,40,23,48.6957,0.0,0.344,OPTIMAL
grid_5x5_31,seed_milpsnap_grid5x5_k03.json,958,25,40,26,45.2174,0.0,0.538,OPTIMAL
grid_5x5_31,seed_milpsnap_grid5x5_k03.json,959,25,40,27,45.2174,0.0,0.628,OPTIMAL
grid_5x5_31,seed_milpsnap_grid5x5_k03.json,960,25,40,24,45.2174,0.0,0.457,OPTIMAL
grid_5x5_31,seed_milpsnap_grid5x5_k03.json,961,25,40,23,48.6957,0.0,0.266,OPTIMAL
grid_5x5_31,seed_milpsnap_grid5x5_k03.json,962,25,40,24,48.6957,0.0,0.378,OPTIMAL
grid_5x5_31,seed_milpsnap_grid5x5_k03.json,963,25,40,21,48.6957,0.0,0.293,OPTIMAL
grid_5x5_31,seed_milpsnap_grid5x5_k03.json,964,25,40,21,48.6957,0.0,0.296,OPTIMAL
grid_5x5_31,seed_milpsnap_grid5x5_k03.json,965,25,40,19,48.6957,0.0,0.269,OPTIMAL
grid_5x5_31,seed_milpsnap_grid5x5_k03.json,966,25,40,24,48.6957,0.0,0.357,OPTIMAL
grid_5x5_31,seed_milpsnap_grid5x5_k03.json,967,25,40,23,48.6957,0.0,0.295,OPTIMAL
grid_5x5_31,seed_milpsnap_grid5x5_k03.json,968,25,40,22,48.6957,0.0,0.291,OPTIMAL
grid_5x5_31,seed_milpsnap_grid5x5_k03.json,969,25,40,23,45.2174,0.0,0.401,OPTIMAL
grid_5x5_31,seed_milpsnap_grid5x5_k03.json,970,25,40,23,45.2174,0.0,0.424,OPTIMAL
grid_5x5_31,seed_milpsnap_grid5x5_k03.json,971,25,40,24,45.2174,0.0,0.415,OPTIMAL
grid_5x5_31,seed_milpsnap_grid5x5_k03.json,972,25,40,24,45.2174,0.0,0.58,OPTIMAL
grid_5x5_31,seed_milpsnap_grid5x5_k03.json,973,25,40,24,45.2174,0.0,0.603,OPTIMAL
grid_5x5_31,seed_milpsnap_grid5x5_k03.json,974,25,40,24,45.2174,0.0,0.408,OPTIMAL
grid_5x5_31,seed_milpsnap_grid5x5_k03.json,975,25,40,24,45.2174,0.0,0.349,OPTIMAL
grid_5x5_31,seed_milpsnap_grid5x5_k03.json,976,25,40,25,45.2174,0.0,0.411,OPTIMAL
grid_5x5_31,seed_milpsnap_grid5x5_k03.json,977,25,40,25,45.2174,0.0,0.442,OPTIMAL
grid_5x5_31,seed_milpsnap_grid5x5_k03.json,978,25,40,26,45.2174,0.0,0.598,OPTIMAL
grid_5x5_31,seed_milpsnap_grid5x5_k03.json,979,25,40,25,45.2174,0.0,0.622,OPTIMAL
grid_5x5_31,seed_milpsnap_grid5x5_k03.json,980,25,40,27,45.2174,0.0,0.562,OPTIMAL
grid_5x5_31,seed_milpsnap_grid5x5_k03.json,981,25,40,23,45.2174,0.0,0.494,OPTIMAL
grid_5x5_31,seed_milpsnap_grid5x5_k03.json,982,25,40,23,48.6957,0.0,0.304,OPTIMAL
grid_5x5_31,seed_milpsnap_grid5x5_k03.json,983,25,40,22,48.6957,0.0,0.254,OPTIMAL
grid_5x5_31,seed_milpsnap_grid5x5_k03.json,984,25,40,22,52.1739,0.0,0.244,OPTIMAL
grid_5x5_31,seed_milpsnap_grid5x5_k03.json,985,25,40,21,52.1739,0.0,0.225,OPTIMAL
grid_5x5_31,seed_milpsnap_grid5x5_k03.json,986,25,40,22,52.1739,0.0,0.247,OPTIMAL
grid_5x5_31,seed_milpsnap_grid5x5_k03.json,987,25,40,22,52.1739,0.0,0.224,OPTIMAL
grid_5x5_31,seed_milpsnap_grid5x5_k03.json,988,25,40,25,45.2174,0.0,0.423,OPTIMAL
grid_5x5_31,seed_milpsnap_grid5x5_k03.json,989,25,40,24,45.2174,0.0,0.6,OPTIMAL
grid_5x5_31,seed_milpsnap_grid5x5_k03.json,990,25,40,26,45.2174,0.0,0.491,OPTIMAL
grid_5x5_31,seed_milpsnap_grid5x5_k03.json,991,25,40,27,45.2174,0.0,0.568,OPTIMAL
grid_5x5_31,seed_milpsnap_grid5x5_k03.json,992,25,40,28,45.2174,0.0,0.599,OPTIMAL
grid_5x5_31,seed_milpsnap_grid5x5_k03.json,993,25,40,26,45.2174,0.0,0.503,OPTIMAL
grid_5x5_31,seed_milpsnap_grid5x5_k03.json,994,25,40,25,45.2174,0.0,0.432,OPTIMAL
grid_5x5_31,seed_milpsnap_grid5x5_k03.json,995,25,40,27,45.2174,0.0,0.55,OPTIMAL
grid_5x5_31,seed_milpsnap_grid5x5_k03.json,996,25,40,1,86.9565,0.0,0.011,OPTIMAL
grid_5x5_31,seed_milpsnap_grid5x5_k03.json,997,25,40,2,70.4348,0.0,0.015,OPTIMAL
grid_5x5_31,seed_milpsnap_grid5x5_k03.json,998,25,40,5,55.6522,0.0,0.075,OPTIMAL
grid_5x5_31,seed_milpsnap_grid5x5_k03.json,999,25,40,7,55.6522,0.0,0.071,OPTIMAL
grid_5x5_31,seed_milpsnap_grid5x5_k03.json,1000,25,40,9,49.5652,0.0,0.123,OPTIMAL
grid_5x5_31,seed_milpsnap_grid5x5_k03.json,1001,25,40,10,49.5652,0.0,0.147,OPTIMAL
grid_5x5_31,seed_milpsnap_grid5x5_k03.json,1002,25,40,11,48.6957,0.0,0.183,OPTIMAL
grid_5x5_31,seed_milpsnap_grid5x5_k03.json,1003,25,40,14,48.6957,0.0,0.17,OPTIMAL
grid_5x5_31,seed_milpsnap_grid5x5_k03.json,1004,25,40,15,48.6957,0.0,0.178,OPTIMAL
grid_5x5_31,seed_milpsnap_grid5x5_k03.json,1005,25,40,18,45.2174,0.0,0.419,OPTIMAL
grid_5x5_31,seed_milpsnap_grid5x5_k03.json,1006,25,40,24,45.2174,0.0,0.335,OPTIMAL
grid_5x5_31,seed_milpsnap_grid5x5_k03.json,1007,25,40,25,45.2174,0.0,0.472,OPTIMAL
grid_5x5_31,seed_milpsnap_grid5x5_k03.json,1008,25,40,27,45.2174,0.0,0.456,OPTIMAL
grid_5x5_31,seed_milpsnap_grid5x5_k03.json,1009,25,40,30,45.2174,0.0,0.552,OPTIMAL
grid_5x5_31,seed_milpsnap_grid5x5_k03.json,1010,25,40,30,45.2174,0.0,0.472,OPTIMAL
grid_5x5_31,seed_milpsnap_grid5x5_k03.json,1011,25,40,30,45.2174,0.0,0.48,OPTIMAL
grid_5x5_31,seed_milpsnap_grid5x5_k03.json,1012,25,40,27,45.2174,0.0,0.63,OPTIMAL
grid_5x5_31,seed_milpsnap_grid5x5_k03.json,1013,25,40,25,48.6957,0.0,0.357,OPTIMAL
grid_5x5_31,seed_milpsnap_grid5x5_k03.json,1014,25,40,27,45.2174,0.0,0.645,OPTIMAL
grid_5x5_31,seed_milpsnap_grid5x5_k03.json,1015,25,40,27,45.2174,0.0,0.595,OPTIMAL
grid_5x5_31,seed_milpsnap_grid5x5_k03.json,1016,25,40,29,45.2174,0.0,0.545,OPTIMAL
grid_5x5_31,seed_milpsnap_grid5x5_k03.json,1017,25,40,27,45.2174,0.0,0.598,OPTIMAL
grid_5x5_31,seed_milpsnap_grid5x5_k03.json,1018,25,40,27,45.2174,0.0,0.484,OPTIMAL
grid_5x5_31,seed_milpsnap_grid5x5_k03.json,1019,25,40,25,45.2174,0.0,0.398,OPTIMAL
grid_5x5_31,seed_milpsnap_grid5x5_k03.json,1020,25,40,21,45.2174,0.0,0.389,OPTIMAL
grid_5x5_31,seed_milpsnap_grid5x5_k03.json,1021,25,40,24,45.2174,0.0,0.395,OPTIMAL
grid_5x5_31,seed_milpsnap_grid5x5_k03.json,1022,25,40,22,48.6957,0.0,0.224,OPTIMAL
grid_5x5_31,seed_milpsnap_grid5x5_k03.json,1023,25,40,23,48.6957,0.0,0.281,OPTIMAL
grid_5x5_31,seed_milpsnap_grid5x5_k03.json,1024,25,40,24,48.6957,0.0,0.254,OPTIMAL
grid_5x5_31,seed_milpsnap_grid5x5_k03.json,1025,25,40,25,48.6957,0.0,0.329,OPTIMAL
grid_5x5_31,seed_milpsnap_grid5x5_k03.json,1026,25,40,27,48.6957,0.0,0.293,OPTIMAL
grid_5x5_31,seed_milpsnap_grid5x5_k03.json,1027,25,40,30,45.2174,0.0,0.686,OPTIMAL
grid_5x5_31,seed_milpsnap_grid5x5_k03.json,1028,25,40,27,45.2174,0.0,0.656,OPTIMAL
grid_5x5_31,seed_milpsnap_grid5x5_k03.json,1029,25,40,26,45.2174,0.0,0.47,OPTIMAL
grid_5x5_31,seed_milpsnap_grid5x5_k03.json,1030,25,40,24,45.2174,0.0,0.521,OPTIMAL
grid_5x5_31,seed_milpsnap_grid5x5_k03.json,1031,25,40,24,45.2174,0.0,0.456,OPTIMAL
grid_5x5_31,seed_milpsnap_grid5x5_k03.json,1032,25,40,24,45.2174,0.0,0.56,OPTIMAL
grid_5x5_31,seed_milpsnap_grid5x5_k03.json,1033,25,40,24,45.2174,0.0,0.455,OPTIMAL
grid_5x5_31,seed_milpsnap_grid5x5_k03.json,1034,25,40,23,48.6957,0.0,0.277,OPTIMAL
grid_5x5_31,seed_milpsnap_grid5x5_k03.json,1035,25,40,20,48.6957,0.0,0.279,OPTIMAL
grid_5x5_31,seed_milpsnap_grid5x5_k03.json,1036,25,40,22,48.6957,0.0,0.274,OPTIMAL
grid_5x5_31,seed_milpsnap_grid5x5_k03.json,1037,25,40,19,48.6957,0.0,0.231,OPTIMAL
grid_5x5_31,seed_milpsnap_grid5x5_k03.json,1038,25,40,18,48.6957,0.0,0.186,OPTIMAL
grid_5x5_31,seed_milpsnap_grid5x5_k03.json,1039,25,40,17,48.6957,0.0,0.216,OPTIMAL
grid_5x5_31,seed_milpsnap_grid5x5_k03.json,1040,25,40,14,48.6957,0.0,0.212,OPTIMAL
grid_5x5_31,seed_milpsnap_grid5x5_k03.json,1041,25,40,17,48.6957,0.0,0.271,OPTIMAL
grid_5x5_31,seed_milpsnap_grid5x5_k03.json,1042,25,40,16,48.6957,0.0,0.235,OPTIMAL
grid_5x5_31,seed_milpsnap_grid5x5_k03.json,1043,25,40,15,48.6957,0.0,0.315,OPTIMAL
grid_5x5_31,seed_milpsnap_grid5x5_k03.json,1044,25,40,16,48.6957,0.0,0.383,OPTIMAL
grid_5x5_31,seed_milpsnap_grid5x5_k03.json,1045,25,40,15,48.6957,0.0,0.26,OPTIMAL
grid_5x5_31,seed_milpsnap_grid5x5_k03.json,1046,25,40,14,48.6957,0.0,0.318,OPTIMAL
grid_5x5_31,seed_milpsnap_grid5x5_k03.json,1047,25,40,15,48.6957,0.0,0.245,OPTIMAL
grid_5x5_31,seed_milpsnap_grid5x5_k03.json,1048,25,40,15,48.6957,0.0,0.21,OPTIMAL
grid_5x5_31,seed_milpsnap_grid5x5_k03.json,1049,25,40,15,48.6957,0.0,0.167,OPTIMAL
grid_5x5_31,seed_milpsnap_grid5x5_k03.json,1050,25,40,13,48.6957,0.0,0.158,OPTIMAL
grid_5x5_31,seed_milpsnap_grid5x5_k03.json,1051,25,40,13,48.6957,0.0,0.137,OPTIMAL
grid_5x5_31,seed_milpsnap_grid5x5_k03.json,1052,25,40,12,48.6957,0.0,0.14,OPTIMAL
grid_5x5_31,seed_milpsnap_grid5x5_k03.json,1053,25,40,13,48.6957,0.0,0.175,OPTIMAL
grid_5x5_31,seed_milpsnap_grid5x5_k03.json,1054,25,40,11,48.6957,0.0,0.222,OPTIMAL
grid_5x5_31,seed_milpsnap_grid5x5_k03.json,1055,25,40,11,48.6957,0.0,0.18,OPTIMAL
grid_5x5_31,seed_milpsnap_grid5x5_k03.json,1056,25,40,14,48.6957,0.0,0.167,OPTIMAL
grid_5x5_31,seed_milpsnap_grid5x5_k03.json,1057,25,40,16,48.6957,0.0,0.211,OPTIMAL
grid_5x5_31,seed_milpsnap_grid5x5_k03.json,1058,25,40,16,48.6957,0.0,0.174,OPTIMAL
grid_5x5_31,seed_milpsnap_grid5x5_k03.json,1059,25,40,17,48.6957,0.0,0.216,OPTIMAL
grid_5x5_31,seed_milpsnap_grid5x5_k03.json,1060,25,40,19,45.2174,0.0,0.331,OPTIMAL
grid_5x5_31,seed_milpsnap_grid5x5_k03.json,1061,25,40,20,45.2174,0.0,0.371,OPTIMAL
grid_5x5_31,seed_milpsnap_grid5x5_k03.json,1062,25,40,21,45.2174,0.0,0.322,OPTIMAL
grid_5x5_31,seed_milpsnap_grid5x5_k03.json,1063,25,40,22,45.2174,0.0,0.353,OPTIMAL
grid_5x5_31,seed_milpsnap_grid5x5_k03.json,1064,25,40,25,45.2174,0.0,0.598,OPTIMAL
grid_5x5_31,seed_milpsnap_grid5x5_k03.json,1065,25,40,26,45.2174,0.0,0.638,OPTIMAL
grid_5x5_31,seed_milpsnap_grid5x5_k03.json,1066,25,40,27,45.2174,0.0,0.534,OPTIMAL
grid_5x5_31,seed_milpsnap_grid5x5_k03.json,1067,25,40,29,48.6957,0.0,0.416,OPTIMAL
grid_5x5_31,seed_milpsnap_grid5x5_k03.json,1068,25,40,31,45.2174,0.0,0.533,OPTIMAL
grid_5x5_31,seed_milpsnap_grid5x5_k03.json,1069,25,40,30,45.2174,0.0,0.568,OPTIMAL
grid_5x5_31,seed_milpsnap_grid5x5_k03.json,1070,25,40,29,45.2174,0.0,0.642,OPTIMAL
grid_5x5_31,seed_milpsnap_grid5x5_k03.json,1071,25,40,28,45.2174,0.0,0.498,OPTIMAL
grid_5x5_31,seed_milpsnap_grid5x5_k03.json,1072,25,40,27,45.2174,0.0,0.503,OPTIMAL
grid_5x5_31,seed_milpsnap_grid5x5_k03.json,1073,25,40,28,45.2174,0.0,0.677,OPTIMAL
grid_5x5_31,seed_milpsnap_grid5x5_k03.json,1074,25,40,29,45.2174,0.0,0.495,OPTIMAL
grid_5x5_31,seed_milpsnap_grid5x5_k03.json,1075,25,40,27,46.087,0.0,0.448,OPTIMAL
grid_5x5_31,seed_milpsnap_grid5x5_k03.json,1076,25,40,26,46.087,0.0,0.457,OPTIMAL
grid_5x5_31,seed_milpsnap_grid5x5_k03.json,1077,25,40,24,46.087,0.0,0.468,OPTIMAL
grid_5x5_31,seed_milpsnap_grid5x5_k03.json,1078,25,40,24,45.2174,0.0,0.58,OPTIMAL
grid_5x5_31,seed_milpsnap_grid5x5_k03.json,1079,25,40,24,45.2174,0.0,0.59,OPTIMAL
grid_5x5_31,seed_milpsnap_grid5x5_k03.json,1080,25,40,26,45.2174,0.0,0.492,OPTIMAL
grid_5x5_31,seed_milpsnap_grid5x5_k03.json,1081,25,40,27,45.2174,0.0,0.587,OPTIMAL
grid_5x5_31,seed_milpsnap_grid5x5_k03.json,1082,25,40,24,48.6957,0.0,0.328,OPTIMAL
grid_5x5_31,seed_milpsnap_grid5x5_k03.json,1083,25,40,22,48.6957,0.0,0.559,OPTIMAL
grid_5x5_31,seed_milpsnap_grid5x5_k03.json,1084,25,40,22,48.6957,0.0,0.642,OPTIMAL
grid_5x5_31,seed_milpsnap_grid5x5_k03.json,1085,25,40,20,48.6957,0.0,0.617,OPTIMAL
grid_5x5_31,seed_milpsnap_grid5x5_k03.json,1086,25,40,21,48.6957,0.0,0.645,OPTIMAL
grid_5x5_31,seed_milpsnap_grid5x5_k03.json,1087,25,40,22,48.6957,0.0,0.295,OPTIMAL
grid_5x5_31,seed_milpsnap_grid5x5_k03.json,1088,25,40,21,48.6957,0.0,0.295,OPTIMAL
grid_5x5_31,seed_milpsnap_grid5x5_k03.json,1089,25,40,19,48.6957,0.0,0.267,OPTIMAL
grid_5x5_31,seed_milpsnap_grid5x5_k03.json,1090,25,40,20,48.6957,0.0,0.272,OPTIMAL
grid_5x5_31,seed_milpsnap_grid5x5_k03.json,1091,25,40,22,45.2174,0.0,0.339,OPTIMAL
grid_5x5_31,seed_milpsnap_grid5x5_k03.json,1092,25,40,23,45.2174,0.0,0.455,OPTIMAL
grid_5x5_31,seed_milpsnap_grid5x5_k03.json,1093,25,40,20,45.2174,0.0,0.35,OPTIMAL
grid_5x5_31,seed_milpsnap_grid5x5_k03.json,1094,25,40,22,48.6957,0.0,0.284,OPTIMAL
grid_5x5_31,seed_milpsnap_grid5x5_k03.json,1095,25,40,22,48.6957,0.0,0.323,OPTIMAL
grid_5x5_31,seed_milpsnap_grid5x5_k03.json,1096,25,40,24,48.6957,0.0,0.361,OPTIMAL
grid_5x5_31,seed_milpsnap_grid5x5_k03.json,1097,25,40,25,48.6957,0.0,0.376,OPTIMAL
grid_5x5_31,seed_milpsnap_grid5x5_k03.json,1098,25,40,26,48.6957,0.0,0.296,OPTIMAL
grid_5x5_31,seed_milpsnap_grid5x5_k03.json,1099,25,40,26,48.6957,0.0,0.376,OPTIMAL
grid_5x5_31,seed_milpsnap_grid5x5_k03.json,1100,25,40,27,48.6957,0.0,0.414,OPTIMAL
grid_5x5_31,seed_milpsnap_grid5x5_k03.json,1101,25,40,28,48.6957,0.0,0.369,OPTIMAL
grid_5x5_31,seed_milpsnap_grid5x5_k03.json,1102,25,40,29,48.6957,0.0,0.346,OPTIMAL
grid_5x5_31,seed_milpsnap_grid5x5_k03.json,1103,25,40,30,48.6957,0.0,0.41,OPTIMAL
grid_5x5_31,seed_milpsnap_grid5x5_k03.json,1104,25,40,29,48.6957,0.0,0.403,OPTIMAL
grid_5x5_31,seed_milpsnap_grid5x5_k03.json,1105,25,40,29,48.6957,0.0,0.309,OPTIMAL
grid_5x5_31,seed_milpsnap_grid5x5_k03.json,1106,25,40,27,48.6957,0.0,0.322,OPTIMAL
grid_5x5_31,seed_milpsnap_grid5x5_k03.json,1107,25,40,28,48.6957,0.0,0.372,OPTIMAL
grid_5x5_31,seed_milpsnap_grid5x5_k03.json,1108,25,40,24,48.6957,0.0,0.295,OPTIMAL
grid_5x5_31,seed_milpsnap_grid5x5_k03.json,1109,25,40,23,48.6957,0.0,0.259,OPTIMAL
grid_5x5_31,seed_milpsnap_grid5x5_k03.json,1110,25,40,20,48.6957,0.0,0.206,OPTIMAL
grid_5x5_31,seed_milpsnap_grid5x5_k03.json,1111,25,40,20,48.6957,0.0,0.205,OPTIMAL
grid_5x5_31,seed_milpsnap_grid5x5_k03.json,1112,25,40,18,48.6957,0.0,0.199,OPTIMAL
grid_5x5_31,seed_milpsnap_grid5x5_k03.json,1113,25,40,19,48.6957,0.0,0.189,OPTIMAL
grid_5x5_31,seed_milpsnap_grid5x5_k03.json,1114,25,40,19,48.6957,0.0,0.255,OPTIMAL
grid_5x5_31,seed_milpsnap_grid5x5_k03.json,1115,25,40,17,48.6957,0.0,0.29,OPTIMAL
grid_5x5_31,seed_milpsnap_grid5x5_k03.json,1116,25,40,14,48.6957,0.0,0.187,OPTIMAL
grid_5x5_31,seed_milpsnap_grid5x5_k03.json,1117,25,40,16,48.6957,0.0,0.263,OPTIMAL
grid_5x5_31,seed_milpsnap_grid5x5_k03.json,1118,25,40,18,48.6957,0.0,0.283,OPTIMAL
grid_5x5_31,seed_milpsnap_grid5x5_k03.json,1119,25,40,17,48.6957,0.0,0.245,OPTIMAL
grid_5x5_31,seed_milpsnap_grid5x5_k03.json,1120,25,40,17,48.6957,0.0,0.243,OPTIMAL
grid_5x5_31,seed_milpsnap_grid5x5_k03.json,1121,25,40,16,48.6957,0.0,0.23,OPTIMAL
grid_5x5_31,seed_milpsnap_grid5x5_k03.json,1122,25,40,17,48.6957,0.0,0.171,OPTIMAL
grid_5x5_31,seed_milpsnap_grid5x5_k03.json,1123,25,40,15,48.6957,0.0,0.193,OPTIMAL
grid_5x5_31,seed_milpsnap_grid5x5_k03.json,1124,25,40,16,48.6957,0.0,0.19,OPTIMAL
grid_5x5_31,seed_milpsnap_grid5x5_k03.json,1125,25,40,16,48.6957,0.0,0.177,OPTIMAL
grid_5x5_31,seed_milpsnap_grid5x5_k03.json,1126,25,40,15,48.6957,0.0,0.18,OPTIMAL
grid_5x5_31,seed_milpsnap_grid5x5_k03.json,1127,25,40,17,48.6957,0.0,0.23,OPTIMAL
grid_5x5_31,seed_milpsnap_grid5x5_k03.json,1128,25,40,17,48.6957,0.0,0.243,OPTIMAL
grid_5x5_31,seed_milpsnap_grid5x5_k03.json,1129,25,40,20,48.6957,0.0,0.306,OPTIMAL
grid_5x5_31,seed_milpsnap_grid5x5_k03.json,1130,25,40,17,48.6957,0.0,0.279,OPTIMAL
grid_5x5_31,seed_milpsnap_grid5x5_k03.json,1131,25,40,15,48.6957,0.0,0.21,OPTIMAL
grid_5x5_31,seed_milpsnap_grid5x5_k03.json,1132,25,40,15,48.6957,0.0,0.305,OPTIMAL
grid_5x5_31,seed_milpsnap_grid5x5_k03.json,1133,25,40,18,48.6957,0.0,0.39,OPTIMAL
grid_5x5_31,seed_milpsnap_grid5x5_k03.json,1134,25,40,20,48.6957,0.0,0.372,OPTIMAL
grid_5x5_31,seed_milpsnap_grid5x5_k03.json,1135,25,40,21,48.6957,0.0,0.449,OPTIMAL
grid_5x5_31,seed_milpsnap_grid5x5_k03.json,1136,25,40,21,48.6957,0.0,0.215,OPTIMAL
grid_5x5_31,seed_milpsnap_grid5x5_k03.json,1137,25,40,23,48.6957,0.0,0.253,OPTIMAL
grid_5x5_31,seed_milpsnap_grid5x5_k03.json,1138,25,40,22,48.6957,0.0,0.274,OPTIMAL
grid_5x5_31,seed_milpsnap_grid5x5_k03.json,1139,25,40,1,93.913,0.0,0.008,OPTIMAL
grid_5x5_31,seed_milpsnap_grid5x5_k03.json,1140,25,40,3,62.6087,0.0,0.047,OPTIMAL
grid_5x5_31,seed_milpsnap_grid5x5_k03.json,1141,25,40,6,59.1304,0.0,0.071,OPTIMAL
grid_5x5_31,seed_milpsnap_grid5x5_k03.json,1142,25,40,8,53.0435,0.0,0.102,OPTIMAL
grid_5x5_31,seed_milpsnap_grid5x5_k03.json,1143,25,40,9,52.1739,0.0,0.135,OPTIMAL
grid_5x5_31,seed_milpsnap_grid5x5_k03.json,1144,25,40,13,49.5652,0.0,0.156,OPTIMAL
grid_5x5_31,seed_milpsnap_grid5x5_k03.json,1145,25,40,15,49.5652,0.0,0.234,OPTIMAL
grid_5x5_31,seed_milpsnap_grid5x5_k03.json,1146,25,40,16,49.5652,0.0,0.181,OPTIMAL
grid_5x5_31,seed_milpsnap_grid5x5_k03.json,1147,25,40,18,46.087,0.0,0.316,OPTIMAL
grid_5x5_31,seed_milpsnap_grid5x5_k03.json,1148,25,40,21,45.2174,0.0,0.461,OPTIMAL
grid_5x5_31,seed_milpsnap_grid5x5_k03.json,1149,25,40,22,45.2174,0.0,0.454,OPTIMAL
grid_5x5_31,seed_milpsnap_grid5x5_k03.json,1150,25,40,23,45.2174,0.0,0.388,OPTIMAL
grid_5x5_31,seed_milpsnap_grid5x5_k03.json,1151,25,40,27,45.2174,0.0,0.558,OPTIMAL
grid_5x5_31,seed_milpsnap_grid5x5_k03.json,1152,25,40,26,45.2174,0.0,0.516,OPTIMAL
grid_5x5_31,seed_milpsnap_grid5x5_k03.json,1153,25,40,24,45.2174,0.0,0.479,OPTIMAL
grid_5x5_31,seed_milpsnap_grid5x5_k03.json,1154,25,40,22,45.2174,0.0,0.447,OPTIMAL
grid_5x5_31,seed_milpsnap_grid5x5_k03.json,1155,25,40,20,45.2174,0.0,0.474,OPTIMAL
grid_5x5_31,seed_milpsnap_grid5x5_k03.json,1156,25,40,23,45.2174,0.0,0.388,OPTIMAL
grid_5x5_31,seed_milpsnap_grid5x5_k03.json,1157,25,40,23,45.2174,0.0,0.37,OPTIMAL
grid_5x5_31,seed_milpsnap_grid5x5_k03.json,1158,25,40,20,48.6957,0.0,0.267,OPTIMAL
grid_5x5_31,seed_milpsnap_grid5x5_k03.json,1159,25,40,19,48.6957,0.0,0.419,OPTIMAL
grid_5x5_31,seed_milpsnap_grid5x5_k03.json,1160,25,40,18,48.6957,0.0,0.317,OPTIMAL
grid_5x5_31,seed_milpsnap_grid5x5_k03.json,1161,25,40,18,48.6957,0.0,0.294,OPTIMAL
grid_5x5_31,seed_milpsnap_grid5x5_k03.json,1162,25,40,16,48.6957,0.0,0.304,OPTIMAL
grid_5x5_31,seed_milpsnap_grid5x5_k03.json,1163,25,40,16,48.6957,0.0,0.278,OPTIMAL
grid_5x5_31,seed_milpsnap_grid5x5_k03.json,1164,25,40,16,52.1739,0.0,0.185,OPTIMAL
grid_5x5_31,seed_milpsnap_grid5x5_k03.json,1165,25,40,13,52.1739,0.0,0.201,OPTIMAL
grid_5x5_31,seed_milpsnap_grid5x5_k03.json,1166,25,40,14,48.6957,0.0,0.246,OPTIMAL
grid_5x5_31,seed_milpsnap_grid5x5_k03.json,1167,25,40,17,48.6957,0.0,0.323,OPTIMAL
grid_5x5_31,seed_milpsnap_grid5x5_k03.json,1168,25,40,16,48.6957,0.0,0.32,OPTIMAL
grid_5x5_31,seed_milpsnap_grid5x5_k03.json,1169,25,40,17,48.6957,0.0,0.306,OPTIMAL
grid_5x5_31,seed_milpsnap_grid5x5_k03.json,1170,25,40,14,52.1739,0.0,0.174,OPTIMAL
grid_5x5_31,seed_milpsnap_grid5x5_k03.json,1171,25,40,13,52.1739,0.0,0.153,OPTIMAL
grid_5x5_31,seed_milpsnap_grid5x5_k03.json,1172,25,40,13,52.1739,0.0,0.171,OPTIMAL
grid_5x5_31,seed_milpsnap_grid5x5_k03.json,1173,25,40,16,48.6957,0.0,0.264,OPTIMAL
grid_5x5_31,seed_milpsnap_grid5x5_k03.json,1174,25,40,18,48.6957,0.0,0.26,OPTIMAL
grid_5x5_31,seed_milpsnap_grid5x5_k03.json,1175,25,40,20,48.6957,0.0,0.255,OPTIMAL
grid_5x5_31,seed_milpsnap_grid5x5_k03.json,1176,25,40,20,45.2174,0.0,0.386,OPTIMAL
grid_5x5_31,seed_milpsnap_grid5x5_k03.json,1177,25,40,20,45.2174,0.0,0.337,OPTIMAL
grid_5x5_31,seed_milpsnap_grid5x5_k03.json,1178,25,40,21,45.2174,0.0,0.462,OPTIMAL
grid_5x5_31,seed_milpsnap_grid5x5_k03.json,1179,25,40,21,48.6957,0.0,0.29,OPTIMAL
grid_5x5_31,seed_milpsnap_grid5x5_k03.json,1180,25,40,22,45.2174,0.0,0.567,OPTIMAL
grid_5x5_31,seed_milpsnap_grid5x5_k03.json,1181,25,40,21,45.2174,0.0,0.408,OPTIMAL
grid_5x5_31,seed_milpsnap_grid5x5_k03.json,1182,25,40,18,48.6957,0.0,0.357,OPTIMAL
grid_5x5_31,seed_milpsnap_grid5x5_k03.json,1183,25,40,21,48.6957,0.0,0.452,OPTIMAL
grid_5x5_31,seed_milpsnap_grid5x5_k03.json,1184,25,40,22,48.6957,0.0,0.457,OPTIMAL
grid_5x5_31,seed_milpsnap_grid5x5_k03.json,1185,25,40,24,48.6957,0.0,0.6,OPTIMAL
grid_5x5_31,seed_milpsnap_grid5x5_k03.json,1186,25,40,26,48.6957,0.0,0.45,OPTIMAL
grid_5x5_31,seed_milpsnap_grid5x5_k03.json,1187,25,40,23,48.6957,0.0,0.311,OPTIMAL
grid_5x5_31,seed_milpsnap_grid5x5_k03.json,1188,25,40,24,48.6957,0.0,0.325,OPTIMAL
grid_5x5_31,seed_milpsnap_grid5x5_k03.json,1189,25,40,24,45.2174,0.0,0.47,OPTIMAL
grid_5x5_31,seed_milpsnap_grid5x5_k03.json,1190,25,40,24,45.2174,0.0,0.404,OPTIMAL
grid_5x5_31,seed_milpsnap_grid5x5_k03.json,1191,25,40,25,45.2174,0.0,0.385,OPTIMAL
grid_5x5_31,seed_milpsnap_grid5x5_k03.json,1192,25,40,24,45.2174,0.0,0.455,OPTIMAL
grid_5x5_31,seed_milpsnap_grid5x5_k03.json,1193,25,40,24,45.2174,0.0,0.645,OPTIMAL
grid_5x5_31,seed_milpsnap_grid5x5_k03.json,1194,25,40,23,45.2174,0.0,0.512,OPTIMAL
grid_5x5_31,seed_milpsnap_grid5x5_k03.json,1195,25,40,24,45.2174,0.0,0.586,OPTIMAL
grid_5x5_31,seed_milpsnap_grid5x5_k03.json,1196,25,40,27,45.2174,0.0,0.627,OPTIMAL
grid_5x5_31,seed_milpsnap_grid5x5_k03.json,1197,25,40,25,45.2174,0.0,0.416,OPTIMAL
grid_5x5_31,seed_milpsnap_grid5x5_k03.json,1198,25,40,23,45.2174,0.0,0.354,OPTIMAL
grid_5x5_31,seed_milpsnap_grid5x5_k03.json,1199,25,40,26,45.2174,0.0,0.521,OPTIMAL
grid_5x5_31,seed_milpsnap_grid5x5_k03.json,1200,25,40,29,45.2174,0.0,0.785,OPTIMAL
grid_5x5_31,seed_milpsnap_grid5x5_k03.json,1201,25,40,28,45.2174,0.0,0.675,OPTIMAL
grid_5x5_31,seed_milpsnap_grid5x5_k03.json,1202,25,40,28,45.2174,0.0,0.515,OPTIMAL
grid_5x5_31,seed_milpsnap_grid5x5_k03.json,1203,25,40,25,48.6957,0.0,0.309,OPTIMAL
grid_5x5_31,seed_milpsnap_grid5x5_k03.json,1204,25,40,25,48.6957,0.0,0.364,OPTIMAL
grid_5x5_31,seed_milpsnap_grid5x5_k03.json,1205,25,40,26,48.6957,0.0,0.337,OPTIMAL
grid_5x5_31,seed_milpsnap_grid5x5_k03.json,1206,25,40,25,48.6957,0.0,0.354,OPTIMAL
grid_5x5_31,seed_milpsnap_grid5x5_k03.json,1207,25,40,25,48.6957,0.0,0.331,OPTIMAL
grid_5x5_31,seed_milpsnap_grid5x5_k03.json,1208,25,40,25,48.6957,0.0,0.322,OPTIMAL
grid_5x5_31,seed_milpsnap_grid5x5_k03.json,1209,25,40,25,48.6957,0.0,0.4,OPTIMAL
grid_5x5_31,seed_milpsnap_grid5x5_k03.json,1210,25,40,27,45.2174,0.0,0.507,OPTIMAL
grid_5x5_31,seed_milpsnap_grid5x5_k03.json,1211,25,40,26,45.2174,0.0,0.615,OPTIMAL
grid_5x5_31,seed_milpsnap_grid5x5_k03.json,1212,25,40,27,45.2174,0.0,0.657,OPTIMAL
grid_5x5_31,seed_milpsnap_grid5x5_k03.json,1213,25,40,23,48.6957,0.0,0.402,OPTIMAL
grid_5x5_31,seed_milpsnap_grid5x5_k03.json,1214,25,40,21,48.6957,0.0,0.355,OPTIMAL
grid_5x5_31,seed_milpsnap_grid5x5_k03.json,1215,25,40,21,48.6957,0.0,0.307,OPTIMAL
grid_5x5_31,seed_milpsnap_grid5x5_k03.json,1216,25,40,22,45.2174,0.0,0.517,OPTIMAL
grid_5x5_31,seed_milpsnap_grid5x5_k03.json,1217,25,40,25,45.2174,0.0,0.522,OPTIMAL
grid_5x5_31,seed_milpsnap_grid5x5_k03.json,1218,25,40,26,45.2174,0.0,0.503,OPTIMAL
grid_5x5_31,seed_milpsnap_grid5x5_k03.json,1219,25,40,23,48.6957,0.0,0.339,OPTIMAL
grid_5x5_31,seed_milpsnap_grid5x5_k03.json,1220,25,40,24,45.2174,0.0,0.627,OPTIMAL
grid_5x5_31,seed_milpsnap_grid5x5_k03.json,1221,25,40,25,45.2174,0.0,0.583,OPTIMAL
grid_5x5_31,seed_milpsnap_grid5x5_k03.json,1222,25,40,28,45.2174,0.0,0.491,OPTIMAL
grid_5x5_31,seed_milpsnap_grid5x5_k03.json,1223,25,40,28,45.2174,0.0,0.65,OPTIMAL
grid_5x5_31,seed_milpsnap_grid5x5_k03.json,1224,25,40,27,48.6957,0.0,0.431,OPTIMAL
grid_5x5_31,seed_milpsnap_grid5x5_k03.json,1225,25,40,27,48.6957,0.0,0.349,OPTIMAL
grid_5x5_31,seed_milpsnap_grid5x5_k03.json,1226,25,40,27,48.6957,0.0,0.386,OPTIMAL
grid_5x5_31,seed_milpsnap_grid5x5_k03.json,1227,25,40,28,48.6957,0.0,0.394,OPTIMAL
grid_5x5_31,seed_milpsnap_grid5x5_k03.json,1228,25,40,29,48.6957,0.0,0.425,OPTIMAL
grid_5x5_31,seed_milpsnap_grid5x5_k03.json,1229,25,40,28,48.6957,0.0,0.363,OPTIMAL
grid_5x5_31,seed_milpsnap_grid5x5_k03.json,1230,25,40,30,45.2174,0.0,0.469,OPTIMAL
grid_5x5_31,seed_milpsnap_grid5x5_k03.json,1231,25,40,28,45.2174,0.0,0.524,OPTIMAL
grid_5x5_31,seed_milpsnap_grid5x5_k03.json,1232,25,40,25,45.2174,0.0,0.569,OPTIMAL
grid_5x5_31,seed_milpsnap_grid5x5_k03.json,1233,25,40,26,45.2174,0.0,0.469,OPTIMAL
grid_5x5_31,seed_milpsnap_grid5x5_k03.json,1234,25,40,28,45.2174,0.0,0.729,OPTIMAL
grid_5x5_31,seed_milpsnap_grid5x5_k03.json,1235,25,40,27,45.2174,0.0,0.579,OPTIMAL
grid_5x5_31,seed_milpsnap_grid5x5_k03.json,1236,25,40,26,45.2174,0.0,0.499,OPTIMAL
grid_5x5_31,seed_milpsnap_grid5x5_k03.json,1237,25,40,25,45.2174,0.0,0.462,OPTIMAL
grid_5x5_31,seed_milpsnap_grid5x5_k03.json,1238,25,40,25,45.2174,0.0,0.57,OPTIMAL
grid_5x5_31,seed_milpsnap_grid5x5_k03.json,1239,25,40,25,45.2174,0.0,0.52,OPTIMAL
grid_5x5_31,seed_milpsnap_grid5x5_k03.json,1240,25,40,24,45.2174,0.0,0.43,OPTIMAL
grid_5x5_31,seed_milpsnap_grid5x5_k03.json,1241,25,40,24,45.2174,0.0,0.514,OPTIMAL
grid_5x5_31,seed_milpsnap_grid5x5_k03.json,1242,25,40,25,48.6957,0.0,0.307,OPTIMAL
grid_5x5_31,seed_milpsnap_grid5x5_k03.json,1243,25,40,25,48.6957,0.0,0.351,OPTIMAL
grid_5x5_31,seed_milpsnap_grid5x5_k03.json,1244,25,40,28,45.2174,0.0,0.52,OPTIMAL
grid_5x5_31,seed_milpsnap_grid5x5_k03.json,1245,25,40,24,45.2174,0.0,0.477,OPTIMAL
grid_5x5_31,seed_milpsnap_grid5x5_k03.json,1246,25,40,25,45.2174,0.0,0.599,OPTIMAL
grid_5x5_31,seed_milpsnap_grid5x5_k03.json,1247,25,40,29,45.2174,0.0,0.717,OPTIMAL
grid_5x5_31,seed_milpsnap_grid5x5_k03.json,1248,25,40,27,48.6957,0.0,0.409,OPTIMAL
grid_5x5_31,seed_milpsnap_grid5x5_k03.json,1249,25,40,27,48.6957,0.0,0.378,OPTIMAL
grid_5x5_31,seed_milpsnap_grid5x5_k03.json,1250,25,40,28,48.6957,0.0,0.382,OPTIMAL
grid_5x5_31,seed_milpsnap_grid5x5_k03.json,1251,25,40,28,48.6957,0.0,0.384,OPTIMAL
grid_5x5_31,seed_milpsnap_grid5x5_k03.json,1252,25,40,26,48.6957,0.0,0.355,OPTIMAL
grid_5x5_31,seed_milpsnap_grid5x5_k03.json,1253,25,40,26,48.6957,0.0,0.325,OPTIMAL
grid_5x5_31,seed_milpsnap_grid5x5_k03.json,1254,25,40,26,48.6957,0.0,0.393,OPTIMAL
grid_5x5_31,seed_milpsnap_grid5x5_k03.json,1255,25,40,27,45.2174,0.0,0.586,OPTIMAL
grid_5x5_31,seed_milpsnap_grid5x5_k03.json,1256,25,40,27,45.2174,0.0,0.646,OPTIMAL
grid_5x5_31,seed_milpsnap_grid5x5_k03.json,1257,25,40,26,45.2174,0.0,0.495,OPTIMAL
grid_5x5_31,seed_milpsnap_grid5x5_k03.json,1258,25,40,24,45.2174,0.0,0.709,OPTIMAL
grid_5x5_31,seed_milpsnap_grid5x5_k03.json,1259,25,40,23,48.6957,0.0,0.35,OPTIMAL
grid_5x5_31,seed_milpsnap_grid5x5_k03.json,1260,25,40,24,48.6957,0.0,0.333,OPTIMAL
grid_5x5_31,seed_milpsnap_grid5x5_k03.json,1261,25,40,24,48.6957,0.0,0.364,OPTIMAL
grid_5x5_31,seed_milpsnap_grid5x5_k03.json,1262,25,40,21,48.6957,0.0,0.353,OPTIMAL
grid_5x5_31,seed_milpsnap_grid5x5_k03.json,1263,25,40,19,48.6957,0.0,0.387,OPTIMAL
grid_5x5_31,seed_milpsnap_grid5x5_k03.json,1264,25,40,17,48.6957,0.0,0.478,OPTIMAL
grid_5x5_31,seed_milpsnap_grid5x5_k03.json,1265,25,40,17,48.6957,0.0,0.281,OPTIMAL
grid_5x5_31,seed_milpsnap_grid5x5_k03.json,1266,25,40,17,48.6957,0.0,0.283,OPTIMAL
grid_5x5_31,seed_milpsnap_grid5x5_k03.json,1267,25,40,16,48.6957,0.0,0.208,OPTIMAL
grid_5x5_31,seed_milpsnap_grid5x5_k03.json,1268,25,40,15,48.6957,0.0,0.193,OPTIMAL
grid_5x5_31,seed_milpsnap_grid5x5_k03.json,1269,25,40,14,48.6957,0.0,0.175,OPTIMAL
grid_5x5_31,seed_milpsnap_grid5x5_k03.json,1270,25,40,13,48.6957,0.0,0.212,OPTIMAL
grid_5x5_31,seed_milpsnap_grid5x5_k03.json,1271,25,40,11,48.6957,0.0,0.32,OPTIMAL
grid_5x5_31,seed_milpsnap_grid5x5_k03.json,1272,25,40,15,48.6957,0.0,0.325,OPTIMAL
grid_5x5_31,seed_milpsnap_grid5x5_k03.json,1273,25,40,16,48.6957,0.0,0.228,OPTIMAL
grid_5x5_31,seed_milpsnap_grid5x5_k03.json,1274,25,40,16,48.6957,0.0,0.175,OPTIMAL
grid_5x5_31,seed_milpsnap_grid5x5_k03.json,1275,25,40,16,48.6957,0.0,0.225,OPTIMAL
grid_5x5_31,seed_milpsnap_grid5x5_k03.json,1276,25,40,15,48.6957,0.0,0.335,OPTIMAL
grid_5x5_31,seed_milpsnap_grid5x5_k03.json,1277,25,40,17,48.6957,0.0,0.307,OPTIMAL
grid_5x5_31,seed_milpsnap_grid5x5_k03.json,1278,25,40,18,48.6957,0.0,0.234,OPTIMAL
grid_5x5_31,seed_milpsnap_grid5x5_k03.json,1279,25,40,19,48.6957,0.0,0.27,OPTIMAL
grid_5x5_31,seed_milpsnap_grid5x5_k03.json,1280,25,40,19,48.6957,0.0,0.275,OPTIMAL
grid_5x5_31,seed_milpsnap_grid5x5_k03.json,1281,25,40,18,48.6957,0.0,0.234,OPTIMAL
grid_5x5_31,seed_milpsnap_grid5x5_k03.json,1282,25,40,20,48.6957,0.0,0.237,OPTIMAL
grid_5x5_31,seed_milpsnap_grid5x5_k03.json,1283,25,40,22,48.6957,0.0,0.33,OPTIMAL
grid_5x5_31,seed_milpsnap_grid5x5_k03.json,1284,25,40,21,48.6957,0.0,0.311,OPTIMAL
grid_5x5_31,seed_milpsnap_grid5x5_k03.json,1285,25,40,1,69.5652,0.0,0.029,OPTIMAL
grid_5x5_31,seed_milpsnap_grid5x5_k03.json,1286,25,40,2,69.5652,0.0,0.034,OPTIMAL
grid_5x5_31,seed_milpsnap_grid5x5_k03.json,1287,25,40,4,66.087,0.0,0.044,OPTIMAL
grid_5x5_31,seed_milpsnap_grid5x5_k03.json,1288,25,40,5,62.6087,0.0,0.067,OPTIMAL
grid_5x5_31,seed_milpsnap_grid5x5_k03.json,1289,25,40,10,48.6957,0.0,0.327,OPTIMAL
grid_5x5_31,seed_milpsnap_grid5x5_k03.json,1290,25,40,12,48.6957,0.0,0.231,OPTIMAL
grid_5x5_31,seed_milpsnap_grid5x5_k03.json,1291,25,40,13,48.6957,0.0,0.22,OPTIMAL
grid_5x5_31,seed_milpsnap_grid5x5_k03.json,1292,25,40,14,48.6957,0.0,0.219,OPTIMAL
grid_5x5_31,seed_milpsnap_grid5x5_k03.json,1293,25,40,15,48.6957,0.0,0.206,OPTIMAL
grid_5x5_31,seed_milpsnap_grid5x5_k03.json,1294,25,40,15,46.087,0.0,0.246,OPTIMAL
grid_5x5_31,seed_milpsnap_grid5x5_k03.json,1295,25,40,16,46.087,0.0,0.308,OPTIMAL
grid_5x5_31,seed_milpsnap_grid5x5_k03.json,1296,25,40,19,45.2174,0.0,0.484,OPTIMAL
grid_5x5_31,seed_milpsnap_grid5x5_k03.json,1297,25,40,20,45.2174,0.0,0.521,OPTIMAL
grid_5x5_31,seed_milpsnap_grid5x5_k03.json,1298,25,40,21,48.6957,0.0,0.484,OPTIMAL
grid_5x5_31,seed_milpsnap_grid5x5_k03.json,1299,25,40,19,48.6957,0.0,0.334,OPTIMAL
grid_5x5_31,seed_milpsnap_grid5x5_k03.json,1300,25,40,20,48.6957,0.0,0.304,OPTIMAL
grid_5x5_31,seed_milpsnap_grid5x5_k03.json,1301,25,40,16,48.6957,0.0,0.325,OPTIMAL
grid_5x5_31,seed_milpsnap_grid5x5_k03.json,1302,25,40,15,48.6957,0.0,0.393,OPTIMAL
grid_5x5_31,seed_milpsnap_grid5x5_k03.json,1303,25,40,16,48.6957,0.0,0.419,OPTIMAL
grid_5x5_31,seed_milpsnap_grid5x5_k03.json,1304,25,40,19,45.2174,0.0,0.461,OPTIMAL
grid_5x5_31,seed_milpsnap_grid5x5_k03.json,1305,25,40,20,45.2174,0.0,0.303,OPTIMAL
grid_5x5_31,seed_milpsnap_grid5x5_k03.json,1306,25,40,20,45.2174,0.0,0.388,OPTIMAL
grid_5x5_31,seed_milpsnap_grid5x5_k03.json,1307,25,40,22,45.2174,0.0,0.464,OPTIMAL
grid_5x5_31,seed_milpsnap_grid5x5_k03.json,1308,25,40,23,45.2174,0.0,0.407,OPTIMAL
grid_5x5_31,seed_milpsnap_grid5x5_k03.json,1309,25,40,25,45.2174,0.0,0.529,OPTIMAL
grid_5x5_31,seed_milpsnap_grid5x5_k03.json,1310,25,40,24,45.2174,0.0,0.425,OPTIMAL
grid_5x5_31,seed_milpsnap_grid5x5_k03.json,1311,25,40,25,45.2174,0.0,0.638,OPTIMAL
grid_5x5_31,seed_milpsnap_grid5x5_k03.json,1312,25,40,25,45.2174,0.0,0.663,OPTIMAL
grid_5x5_31,seed_milpsnap_grid5x5_k03.json,1313,25,40,26,45.2174,0.0,0.485,OPTIMAL
grid_5x5_31,seed_milpsnap_grid5x5_k03.json,1314,25,40,27,45.2174,0.0,0.651,OPTIMAL
grid_5x5_31,seed_milpsnap_grid5x5_k03.json,1315,25,40,26,45.2174,0.0,0.818,OPTIMAL
grid_5x5_31,seed_milpsnap_grid5x5_k03.json,1316,25,40,25,45.2174,0.0,0.615,OPTIMAL
grid_5x5_31,seed_milpsnap_grid5x5_k03.json,1317,25,40,25,45.2174,0.0,0.589,OPTIMAL
grid_5x5_31,seed_milpsnap_grid5x5_k03.json,1318,25,40,25,45.2174,0.0,0.737,OPTIMAL
grid_5x5_31,seed_milpsnap_grid5x5_k03.json,1319,25,40,28,45.2174,0.0,0.608,OPTIMAL
grid_5x5_31,seed_milpsnap_grid5x5_k03.json,1320,25,40,28,45.2174,0.0,0.912,OPTIMAL
grid_5x5_31,seed_milpsnap_grid5x5_k03.json,1321,25,40,30,45.2174,0.0,0.761,OPTIMAL
grid_5x5_31,seed_milpsnap_grid5x5_k03.json,1322,25,40,30,45.2174,0.0,0.897,OPTIMAL
grid_5x5_31,seed_milpsnap_grid5x5_k03.json,1323,25,40,29,45.2174,0.0,0.971,OPTIMAL
grid_5x5_31,seed_milpsnap_grid5x5_k03.json,1324,25,40,28,45.2174,0.0,0.617,OPTIMAL
grid_5x5_31,seed_milpsnap_grid5x5_k03.json,1325,25,40,28,45.2174,0.0,0.894,OPTIMAL
grid_5x5_31,seed_milpsnap_grid5x5_k03.json,1326,25,40,26,45.2174,0.0,0.495,OPTIMAL
grid_5x5_31,seed_milpsnap_grid5x5_k03.json,1327,25,40,25,45.2174,0.0,0.636,OPTIMAL
grid_5x5_31,seed_milpsnap_grid5x5_k03.json,1328,25,40,25,45.2174,0.0,0.789,OPTIMAL
grid_5x5_31,seed_milpsnap_grid5x5_k03.json,1329,25,40,26,45.2174,0.0,0.625,OPTIMAL
grid_5x5_31,seed_milpsnap_grid5x5_k03.json,1330,25,40,25,45.2174,0.0,0.485,OPTIMAL
grid_5x5_31,seed_milpsnap_grid5x5_k03.json,1331,25,40,23,45.2174,0.0,0.665,OPTIMAL
grid_5x5_31,seed_milpsnap_grid5x5_k03.json,1332,25,40,23,45.2174,0.0,0.741,OPTIMAL
grid_5x5_31,seed_milpsnap_grid5x5_k03.json,1333,25,40,20,48.6957,0.0,0.366,OPTIMAL
grid_5x5_31,seed_milpsnap_grid5x5_k03.json,1334,25,40,23,48.6957,0.0,0.388,OPTIMAL
grid_5x5_31,seed_milpsnap_grid5x5_k03.json,1335,25,40,23,45.2174,0.0,0.534,OPTIMAL
grid_5x5_31,seed_milpsnap_grid5x5_k03.json,1336,25,40,22,45.2174,0.0,0.592,OPTIMAL
grid_5x5_31,seed_milpsnap_grid5x5_k03.json,1337,25,40,20,48.6957,0.0,0.356,OPTIMAL
grid_5x5_31,seed_milpsnap_grid5x5_k03.json,1338,25,40,24,48.6957,0.0,0.357,OPTIMAL
grid_5x5_31,seed_milpsnap_grid5x5_k03.json,1339,25,40,24,48.6957,0.0,0.299,OPTIMAL
grid_5x5_31,seed_milpsnap_grid5x5_k03.json,1340,25,40,27,45.2174,0.0,0.635,OPTIMAL
grid_5x5_31,seed_milpsnap_grid5x5_k03.json,1341,25,40,28,45.2174,0.0,0.751,OPTIMAL
grid_5x5_31,seed_milpsnap_grid5x5_k03.json,1342,25,40,26,45.2174,0.0,0.797,OPTIMAL
grid_5x5_31,seed_milpsnap_grid5x5_k03.json,1343,25,40,24,48.6957,0.0,0.359,OPTIMAL
grid_5x5_31,seed_milpsnap_grid5x5_k03.json,1344,25,40,23,48.6957,0.0,0.438,OPTIMAL
grid_5x5_31,seed_milpsnap_grid5x5_k03.json,1345,25,40,25,48.6957,0.0,0.451,OPTIMAL
grid_5x5_31,seed_milpsnap_grid5x5_k03.json,1346,25,40,27,45.2174,0.0,0.784,OPTIMAL
grid_5x5_31,seed_milpsnap_grid5x5_k03.json,1347,25,40,26,45.2174,0.0,0.73,OPTIMAL
grid_5x5_31,seed_milpsnap_grid5x5_k03.json,1348,25,40,25,45.2174,0.0,0.617,OPTIMAL
grid_5x5_31,seed_milpsnap_grid5x5_k03.json,1349,25,40,20,45.2174,0.0,0.461,OPTIMAL
grid_5x5_31,seed_milpsnap_grid5x5_k03.json,1350,25,40,18,45.2174,0.0,0.442,OPTIMAL
grid_5x5_31,seed_milpsnap_grid5x5_k03.json,1351,25,40,18,45.2174,0.0,0.512,OPTIMAL
grid_5x5_31,seed_milpsnap_grid5x5_k03.json,1352,25,40,19,45.2174,0.0,0.483,OPTIMAL
grid_5x5_31,seed_milpsnap_grid5x5_k03.json,1353,25,40,14,48.6957,0.0,0.17,OPTIMAL
grid_5x5_31,seed_milpsnap_grid5x5_k03.json,1354,25,40,12,52.1739,0.0,0.13,OPTIMAL
grid_5x5_31,seed_milpsnap_grid5x5_k03.json,1355,25,40,10,52.1739,0.0,0.106,OPTIMAL
grid_5x5_31,seed_milpsnap_grid5x5_k03.json,1356,25,40,10,52.1739,0.0,0.112,OPTIMAL
grid_5x5_31,seed_milpsnap_grid5x5_k03.json,1357,25,40,11,52.1739,0.0,0.12,OPTIMAL
grid_5x5_31,seed_milpsnap_grid5x5_k03.json,1358,25,40,12,48.6957,0.0,0.134,OPTIMAL
grid_5x5_31,seed_milpsnap_grid5x5_k03.json,1359,25,40,11,48.6957,0.0,0.173,OPTIMAL
grid_5x5_31,seed_milpsnap_grid5x5_k03.json,1360,25,40,9,52.1739,0.0,0.155,OPTIMAL
grid_5x5_31,seed_milpsnap_grid5x5_k03.json,1361,25,40,8,52.1739,0.0,0.231,OPTIMAL
grid_5x5_31,seed_milpsnap_grid5x5_k03.json,1362,25,40,9,52.1739,0.0,0.124,OPTIMAL
grid_5x5_31,seed_milpsnap_grid5x5_k03.json,1363,25,40,10,52.1739,0.0,0.11,OPTIMAL
grid_5x5_31,seed_milpsnap_grid5x5_k03.json,1364,25,40,11,52.1739,0.0,0.14,OPTIMAL
grid_5x5_31,seed_milpsnap_grid5x5_k03.json,1365,25,40,10,52.1739,0.0,0.147,OPTIMAL
grid_5x5_31,seed_milpsnap_grid5x5_k03.json,1366,25,40,12,48.6957,0.0,0.282,OPTIMAL
grid_5x5_31,seed_milpsnap_grid5x5_k03.json,1367,25,40,14,48.6957,0.0,0.26,OPTIMAL
grid_5x5_31,seed_milpsnap_grid5x5_k03.json,1368,25,40,16,48.6957,0.0,0.302,OPTIMAL
grid_5x5_31,seed_milpsnap_grid5x5_k03.json,1369,25,40,17,48.6957,0.0,0.469,OPTIMAL
grid_5x5_31,seed_milpsnap_grid5x5_k03.json,1370,25,40,18,48.6957,0.0,0.368,OPTIMAL
grid_5x5_31,seed_milpsnap_grid5x5_k03.json,1371,25,40,19,48.6957,0.0,0.43,OPTIMAL
grid_5x5_31,seed_milpsnap_grid5x5_k03.json,1372,25,40,19,48.6957,0.0,0.583,OPTIMAL
grid_5x5_31,seed_milpsnap_grid5x5_k03.json,1373,25,40,19,48.6957,0.0,0.35,OPTIMAL
grid_5x5_31,seed_milpsnap_grid5x5_k03.json,1374,25,40,20,48.6957,0.0,0.422,OPTIMAL
grid_5x5_31,seed_milpsnap_grid5x5_k03.json,1375,25,40,20,48.6957,0.0,0.372,OPTIMAL
grid_5x5_31,seed_milpsnap_grid5x5_k03.json,1376,25,40,20,48.6957,0.0,0.459,OPTIMAL
grid_5x5_31,seed_milpsnap_grid5x5_k03.json,1377,25,40,23,45.2174,0.0,0.547,OPTIMAL
grid_5x5_31,seed_milpsnap_grid5x5_k03.json,1378,25,40,25,45.2174,0.0,0.981,OPTIMAL
grid_5x5_31,seed_milpsnap_grid5x5_k03.json,1379,25,40,23,45.2174,0.0,0.594,OPTIMAL
grid_5x5_31,seed_milpsnap_grid5x5_k03.json,1380,25,40,21,45.2174,0.0,0.427,OPTIMAL
grid_5x5_31,seed_milpsnap_grid5x5_k03.json,1381,25,40,20,45.2174,0.0,0.507,OPTIMAL
grid_5x5_31,seed_milpsnap_grid5x5_k03.json,1382,25,40,18,45.2174,0.0,0.39,OPTIMAL
grid_5x5_31,seed_milpsnap_grid5x5_k03.json,1383,25,40,18,45.2174,0.0,0.434,OPTIMAL
grid_5x5_31,seed_milpsnap_grid5x5_k03.json,1384,25,40,17,45.2174,0.0,0.412,OPTIMAL
grid_5x5_31,seed_milpsnap_grid5x5_k03.json,1385,25,40,16,45.2174,0.0,0.307,OPTIMAL
grid_5x5_31,seed_milpsnap_grid5x5_k03.json,1386,25,40,15,45.2174,0.0,0.331,OPTIMAL
grid_5x5_31,seed_milpsnap_grid5x5_k03.json,1387,25,40,16,45.2174,0.0,0.315,OPTIMAL
grid_5x5_31,seed_milpsnap_grid5x5_k03.json,1388,25,40,16,45.2174,0.0,0.282,OPTIMAL
grid_5x5_31,seed_milpsnap_grid5x5_k03.json,1389,25,40,16,45.2174,0.0,0.435,OPTIMAL
grid_5x5_31,seed_milpsnap_grid5x5_k03.json,1390,25,40,15,48.6957,0.0,0.224,OPTIMAL
grid_5x5_31,seed_milpsnap_grid5x5_k03.json,1391,25,40,14,48.6957,0.0,0.266,OPTIMAL
grid_5x5_31,seed_milpsnap_grid5x5_k03.json,1392,25,40,15,48.6957,0.0,0.206,OPTIMAL
grid_5x5_31,seed_milpsnap_grid5x5_k03.json,1393,25,40,18,48.6957,0.0,0.466,OPTIMAL
grid_5x5_31,seed_milpsnap_grid5x5_k03.json,1394,25,40,20,48.6957,0.0,0.315,OPTIMAL
grid_5x5_31,seed_milpsnap_grid5x5_k03.json,1395,25,40,20,45.2174,0.0,0.353,OPTIMAL
grid_5x5_31,seed_milpsnap_grid5x5_k03.json,1396,25,40,24,45.2174,0.0,0.325,OPTIMAL
grid_5x5_31,seed_milpsnap_grid5x5_k03.json,1397,25,40,27,45.2174,0.0,0.584,OPTIMAL
grid_5x5_31,seed_milpsnap_grid5x5_k03.json,1398,25,40,26,45.2174,0.0,0.567,OPTIMAL
grid_5x5_31,seed_milpsnap_grid5x5_k03.json,1399,25,40,28,45.2174,0.0,0.587,OPTIMAL
grid_5x5_31,seed_milpsnap_grid5x5_k03.json,1400,25,40,31,45.2174,0.0,0.696,OPTIMAL
grid_5x5_31,seed_milpsnap_grid5x5_k03.json,1401,25,40,31,45.2174,0.0,0.52,OPTIMAL
grid_5x5_31,seed_milpsnap_grid5x5_k03.json,1402,25,40,35,45.2174,0.0,0.603,OPTIMAL
grid_5x5_31,seed_milpsnap_grid5x5_k03.json,1403,25,40,37,45.2174,0.0,0.645,OPTIMAL
grid_5x5_31,seed_milpsnap_grid5x5_k03.json,1404,25,40,37,45.2174,0.0,0.802,OPTIMAL
grid_5x5_31,seed_milpsnap_grid5x5_k03.json,1405,25,40,36,45.2174,0.0,0.885,OPTIMAL
grid_5x5_31,seed_milpsnap_grid5x5_k03.json,1406,25,40,37,45.2174,0.0,0.947,OPTIMAL
grid_5x5_31,seed_milpsnap_grid5x5_k03.json,1407,25,40,37,45.2174,0.0,0.653,OPTIMAL
grid_5x5_31,seed_milpsnap_grid5x5_k03.json,1408,25,40,34,45.2174,0.0,0.657,OPTIMAL
grid_5x5_31,seed_milpsnap_grid5x5_k03.json,1409,25,40,32,45.2174,0.0,0.552,OPTIMAL
grid_5x5_31,seed_milpsnap_grid5x5_k03.json,1410,25,40,33,45.2174,0.0,0.693,OPTIMAL
grid_5x5_31,seed_milpsnap_grid5x5_k03.json,1411,25,40,31,45.2174,0.0,0.527,OPTIMAL
grid_5x5_31,seed_milpsnap_grid5x5_k03.json,1412,25,40,29,45.2174,0.0,0.619,OPTIMAL
grid_5x5_31,seed_milpsnap_grid5x5_k03.json,1413,25,40,30,45.2174,0.0,0.6,OPTIMAL
grid_5x5_31,seed_milpsnap_grid5x5_k03.json,1414,25,40,30,45.2174,0.0,0.538,OPTIMAL
grid_5x5_31,seed_milpsnap_grid5x5_k03.json,1415,25,40,29,45.2174,0.0,0.552,OPTIMAL
grid_5x5_31,seed_milpsnap_grid5x5_k03.json,1416,25,40,29,45.2174,0.0,0.46,OPTIMAL
grid_5x5_31,seed_milpsnap_grid5x5_k03.json,1417,25,40,27,45.2174,0.0,0.426,OPTIMAL
grid_5x5_31,seed_milpsnap_grid5x5_k03.json,1418,25,40,25,45.2174,0.0,0.468,OPTIMAL
grid_5x5_31,seed_milpsnap_grid5x5_k03.json,1419,25,40,26,45.2174,0.0,0.517,OPTIMAL
grid_5x5_31,seed_milpsnap_grid5x5_k03.json,1420,25,40,27,48.6957,0.0,0.363,OPTIMAL
grid_5x5_31,seed_milpsnap_grid5x5_k03.json,1421,25,40,27,48.6957,0.0,0.387,OPTIMAL
