topo,seed_file,batch,n_switches,n_links,n_flows,energy_saving_percent,mip_gap,solve_time_sec,status
grid_4x4_31,seed_milpsnap_grid4x4_low.json,1,16,24,1,79.1667,0.0,0.01,OPTIMAL
grid_4x4_31,seed_milpsnap_grid4x4_low.json,2,16,24,2,62.5,0.0,0.01,OPTIMAL
grid_4x4_31,seed_milpsnap_grid4x4_low.json,3,16,24,5,45.8333,0.0,0.084,OPTIMAL
grid_4x4_31,seed_milpsnap_grid4x4_low.json,4,16,24,6,45.8333,0.0,0.04,OPTIMAL
grid_4x4_31,seed_milpsnap_grid4x4_low.json,5,16,24,8,40.2778,0.0,0.064,OPTIMAL
grid_4x4_31,seed_milpsnap_grid4x4_low.json,6,16,24,10,40.2778,0.0,0.149,OPTIMAL
grid_4x4_31,seed_milpsnap_grid4x4_low.json,7,16,24,11,40.2778,0.0,0.096,OPTIMAL
grid_4x4_31,seed_milpsnap_grid4x4_low.json,8,16,24,14,34.7222,0.0,0.114,OPTIMAL
grid_4x4_31,seed_milpsnap_grid4x4_low.json,9,16,24,16,34.7222,0.0,0.127,OPTIMAL
grid_4x4_31,seed_milpsnap_grid4x4_low.json,10,16,24,17,34.7222,0.0,0.146,OPTIMAL
grid_4x4_31,seed_milpsnap_grid4x4_low.json,11,16,24,19,34.7222,0.0,0.152,OPTIMAL
grid_4x4_31,seed_milpsnap_grid4x4_low.json,12,16,24,20,34.7222,0.0,0.161,OPTIMAL
grid_4x4_31,seed_milpsnap_grid4x4_low.json,13,16,24,19,34.7222,0.0,0.142,OPTIMAL
grid_4x4_31,seed_milpsnap_grid4x4_low.json,14,16,24,18,34.7222,0.0,0.14,OPTIMAL
grid_4x4_31,seed_milpsnap_grid4x4_low.json,15,16,24,15,34.7222,0.0,0.215,OPTIMAL
grid_4x4_31,seed_milpsnap_grid4x4_low.json,16,16,24,14,34.7222,0.0,0.144,OPTIMAL
grid_4x4_31,seed_milpsnap_grid4x4_low.json,17,16,24,13,40.2778,0.0,0.091,OPTIMAL
grid_4x4_31,seed_milpsnap_grid4x4_low.json,18,16,24,12,40.2778,0.0,0.079,OPTIMAL
grid_4x4_31,seed_milpsnap_grid4x4_low.json,19,16,24,12,40.2778,0.0,0.073,OPTIMAL
grid_4x4_31,seed_milpsnap_grid4x4_low.json,20,16,24,10,40.2778,0.0,0.086,OPTIMAL
grid_4x4_31,seed_milpsnap_grid4x4_low.json,21,16,24,8,40.2778,0.0,0.065,OPTIMAL
grid_4x4_31,seed_milpsnap_grid4x4_low.json,22,16,24,8,40.2778,0.0,0.069,OPTIMAL
grid_4x4_31,seed_milpsnap_grid4x4_low.json,23,16,24,11,40.2778,0.0,0.066,OPTIMAL
grid_4x4_31,seed_milpsnap_grid4x4_low.json,24,16,24,9,40.2778,0.0,0.056,OPTIMAL
grid_4x4_31,seed_milpsnap_grid4x4_low.json,25,16,24,8,40.2778,0.0,0.054,OPTIMAL
grid_4x4_31,seed_milpsnap_grid4x4_low.json,26,16,24,11,40.2778,0.0,0.076,OPTIMAL
grid_4x4_31,seed_milpsnap_grid4x4_low.json,27,16,24,12,34.7222,0.0,0.092,OPTIMAL
grid_4x4_31,seed_milpsnap_grid4x4_low.json,28,16,24,14,40.2778,0.0,0.086,OPTIMAL
grid_4x4_31,seed_milpsnap_grid4x4_low.json,29,16,24,13,40.2778,0.0,0.084,OPTIMAL
grid_4x4_31,seed_milpsnap_grid4x4_low.json,30,16,24,13,40.2778,0.0,0.091,OPTIMAL
grid_4x4_31,seed_milpsnap_grid4x4_low.json,31,16,24,13,40.2778,0.0,0.096,OPTIMAL
grid_4x4_31,seed_milpsnap_grid4x4_low.json,32,16,24,12,40.2778,0.0,0.107,OPTIMAL
grid_4x4_31,seed_milpsnap_grid4x4_low.json,33,16,24,11,40.2778,0.0,0.115,OPTIMAL
grid_4x4_31,seed_milpsnap_grid4x4_low.json,34,16,24,14,40.2778,0.0,0.085,OPTIMAL
grid_4x4_31,seed_milpsnap_grid4x4_low.json,35,16,24,16,40.2778,0.0,0.099,OPTIMAL
grid_4x4_31,seed_milpsnap_grid4x4_low.json,36,16,24,15,34.7222,0.0,0.285,OPTIMAL
grid_4x4_31,seed_milpsnap_grid4x4_low.json,37,16,24,17,34.7222,0.0,0.441,OPTIMAL
grid_4x4_31,seed_milpsnap_grid4x4_low.json,38,16,24,18,34.7222,0.0,0.175,OPTIMAL
grid_4x4_31,seed_milpsnap_grid4x4_low.json,39,16,24,16,34.7222,0.0,0.136,OPTIMAL
grid_4x4_31,seed_milpsnap_grid4x4_low.json,40,16,24,16,34.7222,0.0,0.127,OPTIMAL
grid_4x4_31,seed_milpsnap_grid4x4_low.json,41,16,24,19,34.7222,0.0,0.149,OPTIMAL
grid_4x4_31,seed_milpsnap_grid4x4_low.json,42,16,24,20,34.7222,0.0,0.152,OPTIMAL
grid_4x4_31,seed_milpsnap_grid4x4_low.json,43,16,24,21,34.7222,0.0,0.162,OPTIMAL
grid_4x4_31,seed_milpsnap_grid4x4_low.json,44,16,24,20,34.7222,0.0,0.122,OPTIMAL
grid_4x4_31,seed_milpsnap_grid4x4_low.json,45,16,24,17,34.7222,0.0,0.123,OPTIMAL
grid_4x4_31,seed_milpsnap_grid4x4_low.json,46,16,24,15,34.7222,0.0,0.105,OPTIMAL
grid_4x4_31,seed_milpsnap_grid4x4_low.json,47,16,24,16,34.7222,0.0,0.105,OPTIMAL
grid_4x4_31,seed_milpsnap_grid4x4_low.json,48,16,24,15,40.2778,0.0,0.082,OPTIMAL
grid_4x4_31,seed_milpsnap_grid4x4_low.json,49,16,24,16,40.2778,0.0,0.092,OPTIMAL
grid_4x4_31,seed_milpsnap_grid4x4_low.json,50,16,24,14,40.2778,0.0,0.077,OPTIMAL
grid_4x4_31,seed_milpsnap_grid4x4_low.json,51,16,24,14,34.7222,0.0,0.096,OPTIMAL
grid_4x4_31,seed_milpsnap_grid4x4_low.json,52,16,24,15,34.7222,0.0,0.11,OPTIMAL
grid_4x4_31,seed_milpsnap_grid4x4_low.json,53,16,24,15,34.7222,0.0,0.106,OPTIMAL
grid_4x4_31,seed_milpsnap_grid4x4_low.json,54,16,24,14,34.7222,0.0,0.091,OPTIMAL
grid_4x4_31,seed_milpsnap_grid4x4_low.json,55,16,24,14,34.7222,0.0,0.094,OPTIMAL
grid_4x4_31,seed_milpsnap_grid4x4_low.json,56,16,24,14,34.7222,0.0,0.098,OPTIMAL
grid_4x4_31,seed_milpsnap_grid4x4_low.json,57,16,24,15,34.7222,0.0,0.108,OPTIMAL
grid_4x4_31,seed_milpsnap_grid4x4_low.json,58,16,24,17,34.7222,0.0,0.119,OPTIMAL
grid_4x4_31,seed_milpsnap_grid4x4_low.json,59,16,24,18,34.7222,0.0,0.13,OPTIMAL
grid_4x4_31,seed_milpsnap_grid4x4_low.json,60,16,24,16,34.7222,0.0,0.124,OPTIMAL
grid_4x4_31,seed_milpsnap_grid4x4_low.json,61,16,24,15,34.7222,0.0,0.11,OPTIMAL
grid_4x4_31,seed_milpsnap_grid4x4_low.json,62,16,24,16,34.7222,0.0,0.125,OPTIMAL
grid_4x4_31,seed_milpsnap_grid4x4_low.json,63,16,24,18,34.7222,0.0,0.125,OPTIMAL
grid_4x4_31,seed_milpsnap_grid4x4_low.json,64,16,24,18,34.7222,0.0,0.132,OPTIMAL
grid_4x4_31,seed_milpsnap_grid4x4_low.json,65,16,24,18,34.7222,0.0,0.129,OPTIMAL
grid_4x4_31,seed_milpsnap_grid4x4_low.json,66,16,24,15,34.7222,0.0,0.109,OPTIMAL
grid_4x4_31,seed_milpsnap_grid4x4_low.json,67,16,24,18,34.7222,0.0,0.148,OPTIMAL
grid_4x4_31,seed_milpsnap_grid4x4_low.json,68,16,24,18,40.2778,0.0,0.105,OPTIMAL
grid_4x4_31,seed_milpsnap_grid4x4_low.json,69,16,24,17,40.2778,0.0,0.1,OPTIMAL
grid_4x4_31,seed_milpsnap_grid4x4_low.json,70,16,24,16,40.2778,0.0,0.144,OPTIMAL
grid_4x4_31,seed_milpsnap_grid4x4_low.json,71,16,24,18,40.2778,0.0,0.109,OPTIMAL
grid_4x4_31,seed_milpsnap_grid4x4_low.json,72,16,24,20,40.2778,0.0,0.122,OPTIMAL
grid_4x4_31,seed_milpsnap_grid4x4_low.json,73,16,24,21,40.2778,0.0,0.129,OPTIMAL
grid_4x4_31,seed_milpsnap_grid4x4_low.json,74,16,24,19,40.2778,0.0,0.108,OPTIMAL
grid_4x4_31,seed_milpsnap_grid4x4_low.json,75,16,24,20,40.2778,0.0,0.118,OPTIMAL
grid_4x4_31,seed_milpsnap_grid4x4_low.json,76,16,24,17,40.2778,0.0,0.097,OPTIMAL
grid_4x4_31,seed_milpsnap_grid4x4_low.json,77,16,24,19,34.7222,0.0,0.132,OPTIMAL
grid_4x4_31,seed_milpsnap_grid4x4_low.json,78,16,24,19,34.7222,0.0,0.132,OPTIMAL
grid_4x4_31,seed_milpsnap_grid4x4_low.json,79,16,24,21,34.7222,0.0,0.151,OPTIMAL
grid_4x4_31,seed_milpsnap_grid4x4_low.json,80,16,24,25,34.7222,0.0,0.174,OPTIMAL
grid_4x4_31,seed_milpsnap_grid4x4_low.json,81,16,24,22,34.7222,0.0,0.163,OPTIMAL
grid_4x4_31,seed_milpsnap_grid4x4_low.json,82,16,24,21,34.7222,0.0,0.15,OPTIMAL
grid_4x4_31,seed_milpsnap_grid4x4_low.json,83,16,24,23,34.7222,0.0,0.186,OPTIMAL
grid_4x4_31,seed_milpsnap_grid4x4_low.json,84,16,24,23,34.7222,0.0,0.183,OPTIMAL
grid_4x4_31,seed_milpsnap_grid4x4_low.json,85,16,24,24,34.7222,0.0,0.209,OPTIMAL
grid_4x4_31,seed_milpsnap_grid4x4_low.json,86,16,24,21,34.7222,0.0,0.216,OPTIMAL
grid_4x4_31,seed_milpsnap_grid4x4_low.json,87,16,24,20,34.7222,0.0,0.146,OPTIMAL
grid_4x4_31,seed_milpsnap_grid4x4_low.json,88,16,24,19,34.7222,0.0,0.125,OPTIMAL
grid_4x4_31,seed_milpsnap_grid4x4_low.json,89,16,24,19,34.7222,0.0,0.129,OPTIMAL
grid_4x4_31,seed_milpsnap_grid4x4_low.json,90,16,24,20,34.7222,0.0,0.144,OPTIMAL
grid_4x4_31,seed_milpsnap_grid4x4_low.json,91,16,24,18,34.7222,0.0,0.131,OPTIMAL
grid_4x4_31,seed_milpsnap_grid4x4_low.json,92,16,24,19,34.7222,0.0,0.146,OPTIMAL
grid_4x4_31,seed_milpsnap_grid4x4_low.json,93,16,24,18,34.7222,0.0,0.135,OPTIMAL
grid_4x4_31,seed_milpsnap_grid4x4_low.json,94,16,24,15,34.7222,0.0,0.108,OPTIMAL
grid_4x4_31,seed_milpsnap_grid4x4_low.json,95,16,24,14,34.7222,0.0,0.105,OPTIMAL
grid_4x4_31,seed_milpsnap_grid4x4_low.json,96,16,24,11,40.2778,0.0,0.064,OPTIMAL
grid_4x4_31,seed_milpsnap_grid4x4_low.json,97,16,24,14,40.2778,0.0,0.078,OPTIMAL
grid_4x4_31,seed_milpsnap_grid4x4_low.json,98,16,24,13,40.2778,0.0,0.07,OPTIMAL
grid_4x4_31,seed_milpsnap_grid4x4_low.json,99,16,24,15,34.7222,0.0,0.104,OPTIMAL
grid_4x4_31,seed_milpsnap_grid4x4_low.json,100,16,24,13,34.7222,0.0,0.089,OPTIMAL
grid_4x4_31,seed_milpsnap_grid4x4_low.json,101,16,24,15,34.7222,0.0,0.1,OPTIMAL
grid_4x4_31,seed_milpsnap_grid4x4_low.json,102,16,24,15,34.7222,0.0,0.104,OPTIMAL
grid_4x4_31,seed_milpsnap_grid4x4_low.json,103,16,24,16,34.7222,0.0,0.155,OPTIMAL
grid_4x4_31,seed_milpsnap_grid4x4_low.json,104,16,24,18,34.7222,0.0,0.148,OPTIMAL
grid_4x4_31,seed_milpsnap_grid4x4_low.json,105,16,24,17,34.7222,0.0,0.125,OPTIMAL
grid_4x4_31,seed_milpsnap_grid4x4_low.json,106,16,24,16,34.7222,0.0,0.113,OPTIMAL
grid_4x4_31,seed_milpsnap_grid4x4_low.json,107,16,24,16,34.7222,0.0,0.121,OPTIMAL
grid_4x4_31,seed_milpsnap_grid4x4_low.json,108,16,24,17,34.7222,0.0,0.12,OPTIMAL
grid_4x4_31,seed_milpsnap_grid4x4_low.json,109,16,24,14,34.7222,0.0,0.102,OPTIMAL
grid_4x4_31,seed_milpsnap_grid4x4_low.json,110,16,24,13,40.2778,0.0,0.073,OPTIMAL
grid_4x4_31,seed_milpsnap_grid4x4_low.json,111,16,24,17,40.2778,0.0,0.102,OPTIMAL
grid_4x4_31,seed_milpsnap_grid4x4_low.json,112,16,24,16,40.2778,0.0,0.096,OPTIMAL
grid_4x4_31,seed_milpsnap_grid4x4_low.json,113,16,24,15,40.2778,0.0,0.101,OPTIMAL
grid_4x4_31,seed_milpsnap_grid4x4_low.json,114,16,24,14,40.2778,0.0,0.091,OPTIMAL
grid_4x4_31,seed_milpsnap_grid4x4_low.json,115,16,24,12,40.2778,0.0,0.078,OPTIMAL
grid_4x4_31,seed_milpsnap_grid4x4_low.json,116,16,24,13,40.2778,0.0,0.079,OPTIMAL
grid_4x4_31,seed_milpsnap_grid4x4_low.json,117,16,24,13,40.2778,0.0,0.089,OPTIMAL
grid_4x4_31,seed_milpsnap_grid4x4_low.json,118,16,24,12,45.8333,0.0,0.083,OPTIMAL
grid_4x4_31,seed_milpsnap_grid4x4_low.json,119,16,24,12,40.2778,0.0,0.069,OPTIMAL
grid_4x4_31,seed_milpsnap_grid4x4_low.json,120,16,24,12,40.2778,0.0,0.07,OPTIMAL
grid_4x4_31,seed_milpsnap_grid4x4_low.json,121,16,24,13,34.7222,0.0,0.095,OPTIMAL
grid_4x4_31,seed_milpsnap_grid4x4_low.json,122,16,24,13,34.7222,0.0,0.095,OPTIMAL
grid_4x4_31,seed_milpsnap_grid4x4_low.json,123,16,24,10,40.2778,0.0,0.059,OPTIMAL
grid_4x4_31,seed_milpsnap_grid4x4_low.json,124,16,24,1,68.0556,0.0,0.01,OPTIMAL
grid_4x4_31,seed_milpsnap_grid4x4_low.json,125,16,24,3,62.5,0.0,0.015,OPTIMAL
grid_4x4_31,seed_milpsnap_grid4x4_low.json,126,16,24,4,51.3889,0.0,0.025,OPTIMAL
grid_4x4_31,seed_milpsnap_grid4x4_low.json,127,16,24,5,45.8333,0.0,0.043,OPTIMAL
grid_4x4_31,seed_milpsnap_grid4x4_low.json,128,16,24,7,45.8333,0.0,0.043,OPTIMAL
grid_4x4_31,seed_milpsnap_grid4x4_low.json,129,16,24,8,45.8333,0.0,0.047,OPTIMAL
grid_4x4_31,seed_milpsnap_grid4x4_low.json,130,16,24,9,40.2778,0.0,0.051,OPTIMAL
grid_4x4_31,seed_milpsnap_grid4x4_low.json,131,16,24,11,40.2778,0.0,0.061,OPTIMAL
grid_4x4_31,seed_milpsnap_grid4x4_low.json,132,16,24,12,40.2778,0.0,0.063,OPTIMAL
grid_4x4_31,seed_milpsnap_grid4x4_low.json,133,16,24,13,40.2778,0.0,0.07,OPTIMAL
grid_4x4_31,seed_milpsnap_grid4x4_low.json,134,16,24,16,34.7222,0.0,0.103,OPTIMAL
grid_4x4_31,seed_milpsnap_grid4x4_low.json,135,16,24,17,34.7222,0.0,0.143,OPTIMAL
grid_4x4_31,seed_milpsnap_grid4x4_low.json,136,16,24,18,34.7222,0.0,0.135,OPTIMAL
grid_4x4_31,seed_milpsnap_grid4x4_low.json,137,16,24,18,34.7222,0.0,0.124,OPTIMAL
grid_4x4_31,seed_milpsnap_grid4x4_low.json,138,16,24,16,34.7222,0.0,0.1,OPTIMAL
grid_4x4_31,seed_milpsnap_grid4x4_low.json,139,16,24,16,40.2778,0.0,0.089,OPTIMAL
grid_4x4_31,seed_milpsnap_grid4x4_low.json,140,16,24,17,40.2778,0.0,0.098,OPTIMAL
grid_4x4_31,seed_milpsnap_grid4x4_low.json,141,16,24,17,34.7222,0.0,0.166,OPTIMAL
grid_4x4_31,seed_milpsnap_grid4x4_low.json,142,16,24,17,34.7222,0.0,0.124,OPTIMAL
grid_4x4_31,seed_milpsnap_grid4x4_low.json,143,16,24,16,34.7222,0.0,0.117,OPTIMAL
grid_4x4_31,seed_milpsnap_grid4x4_low.json,144,16,24,15,34.7222,0.0,0.106,OPTIMAL
grid_4x4_31,seed_milpsnap_grid4x4_low.json,145,16,24,15,34.7222,0.0,0.114,OPTIMAL
grid_4x4_31,seed_milpsnap_grid4x4_low.json,146,16,24,15,34.7222,0.0,0.109,OPTIMAL
grid_4x4_31,seed_milpsnap_grid4x4_low.json,147,16,24,12,34.7222,0.0,0.087,OPTIMAL
grid_4x4_31,seed_milpsnap_grid4x4_low.json,148,16,24,12,34.7222,0.0,0.111,OPTIMAL
grid_4x4_31,seed_milpsnap_grid4x4_low.json,149,16,24,12,40.2778,0.0,0.072,OPTIMAL
grid_4x4_31,seed_milpsnap_grid4x4_low.json,150,16,24,12,40.2778,0.0,0.087,OPTIMAL
grid_4x4_31,seed_milpsnap_grid4x4_low.json,151,16,24,12,40.2778,0.0,0.072,OPTIMAL
grid_4x4_31,seed_milpsnap_grid4x4_low.json,152,16,24,10,40.2778,0.0,0.056,OPTIMAL
grid_4x4_31,seed_milpsnap_grid4x4_low.json,153,16,24,8,40.2778,0.0,0.047,OPTIMAL
grid_4x4_31,seed_milpsnap_grid4x4_low.json,154,16,24,11,40.2778,0.0,0.065,OPTIMAL
grid_4x4_31,seed_milpsnap_grid4x4_low.json,155,16,24,11,40.2778,0.0,0.086,OPTIMAL
grid_4x4_31,seed_milpsnap_grid4x4_low.json,156,16,24,10,40.2778,0.0,0.104,OPTIMAL
grid_4x4_31,seed_milpsnap_grid4x4_low.json,157,16,24,11,40.2778,0.0,0.071,OPTIMAL
grid_4x4_31,seed_milpsnap_grid4x4_low.json,158,16,24,12,40.2778,0.0,0.098,OPTIMAL
grid_4x4_31,seed_milpsnap_grid4x4_low.json,159,16,24,12,40.2778,0.0,0.085,OPTIMAL
grid_4x4_31,seed_milpsnap_grid4x4_low.json,160,16,24,14,40.2778,0.0,0.12,OPTIMAL
grid_4x4_31,seed_milpsnap_grid4x4_low.json,161,16,24,13,40.2778,0.0,0.098,OPTIMAL
grid_4x4_31,seed_milpsnap_grid4x4_low.json,162,16,24,13,40.2778,0.0,0.072,OPTIMAL
grid_4x4_31,seed_milpsnap_grid4x4_low.json,163,16,24,13,40.2778,0.0,0.072,OPTIMAL
grid_4x4_31,seed_milpsnap_grid4x4_low.json,164,16,24,15,34.7222,0.0,0.094,OPTIMAL
grid_4x4_31,seed_milpsnap_grid4x4_low.json,165,16,24,14,34.7222,0.0,0.095,OPTIMAL
grid_4x4_31,seed_milpsnap_grid4x4_low.json,166,16,24,15,34.7222,0.0,0.112,OPTIMAL
grid_4x4_31,seed_milpsnap_grid4x4_low.json,167,16,24,14,40.2778,0.0,0.078,OPTIMAL
grid_4x4_31,seed_milpsnap_grid4x4_low.json,168,16,24,17,40.2778,0.0,0.093,OPTIMAL
grid_4x4_31,seed_milpsnap_grid4x4_low.json,169,16,24,20,40.2778,0.0,0.115,OPTIMAL
grid_4x4_31,seed_milpsnap_grid4x4_low.json,170,16,24,21,34.7222,0.0,0.134,OPTIMAL
grid_4x4_31,seed_milpsnap_grid4x4_low.json,171,16,24,21,34.7222,0.0,0.168,OPTIMAL
grid_4x4_31,seed_milpsnap_grid4x4_low.json,172,16,24,21,34.7222,0.0,0.162,OPTIMAL
grid_4x4_31,seed_milpsnap_grid4x4_low.json,173,16,24,21,34.7222,0.0,0.156,OPTIMAL
grid_4x4_31,seed_milpsnap_grid4x4_low.json,174,16,24,20,34.7222,0.0,0.151,OPTIMAL
grid_4x4_31,seed_milpsnap_grid4x4_low.json,175,16,24,21,34.7222,0.0,0.158,OPTIMAL
grid_4x4_31,seed_milpsnap_grid4x4_low.json,176,16,24,22,34.7222,0.0,0.162,OPTIMAL
grid_4x4_31,seed_milpsnap_grid4x4_low.json,177,16,24,20,34.7222,0.0,0.149,OPTIMAL
grid_4x4_31,seed_milpsnap_grid4x4_low.json,178,16,24,22,34.7222,0.0,0.169,OPTIMAL
grid_4x4_31,seed_milpsnap_grid4x4_low.json,179,16,24,24,34.7222,0.0,0.197,OPTIMAL
grid_4x4_31,seed_milpsnap_grid4x4_low.json,180,16,24,23,34.7222,0.0,0.183,OPTIMAL
grid_4x4_31,seed_milpsnap_grid4x4_low.json,181,16,24,22,34.7222,0.0,0.169,OPTIMAL
grid_4x4_31,seed_milpsnap_grid4x4_low.json,182,16,24,20,34.7222,0.0,0.159,OPTIMAL
grid_4x4_31,seed_milpsnap_grid4x4_low.json,183,16,24,18,34.7222,0.0,0.133,OPTIMAL
grid_4x4_31,seed_milpsnap_grid4x4_low.json,184,16,24,18,34.7222,0.0,0.126,OPTIMAL
grid_4x4_31,seed_milpsnap_grid4x4_low.json,185,16,24,18,34.7222,0.0,0.112,OPTIMAL
grid_4x4_31,seed_milpsnap_grid4x4_low.json,186,16,24,17,34.7222,0.0,0.117,OPTIMAL
grid_4x4_31,seed_milpsnap_grid4x4_low.json,187,16,24,16,34.7222,0.0,0.114,OPTIMAL
grid_4x4_31,seed_milpsnap_grid4x4_low.json,188,16,24,15,34.7222,0.0,0.102,OPTIMAL
grid_4x4_31,seed_milpsnap_grid4x4_low.json,189,16,24,14,34.7222,0.0,0.099,OPTIMAL
grid_4x4_31,seed_milpsnap_grid4x4_low.json,190,16,24,13,34.7222,0.0,0.093,OPTIMAL
grid_4x4_31,seed_milpsnap_grid4x4_low.json,191,16,24,15,34.7222,0.0,0.103,OPTIMAL
grid_4x4_31,seed_milpsnap_grid4x4_low.json,192,16,24,15,40.2778,0.0,0.088,OPTIMAL
grid_4x4_31,seed_milpsnap_grid4x4_low.json,193,16,24,14,40.2778,0.0,0.084,OPTIMAL
grid_4x4_31,seed_milpsnap_grid4x4_low.json,194,16,24,15,40.2778,0.0,0.088,OPTIMAL
grid_4x4_31,seed_milpsnap_grid4x4_low.json,195,16,24,14,40.2778,0.0,0.08,OPTIMAL
grid_4x4_31,seed_milpsnap_grid4x4_low.json,196,16,24,13,34.7222,0.0,0.091,OPTIMAL
grid_4x4_31,seed_milpsnap_grid4x4_low.json,197,16,24,12,34.7222,0.0,0.104,OPTIMAL
grid_4x4_31,seed_milpsnap_grid4x4_low.json,198,16,24,12,34.7222,0.0,0.088,OPTIMAL
grid_4x4_31,seed_milpsnap_grid4x4_low.json,199,16,24,13,40.2778,0.0,0.077,OPTIMAL
grid_4x4_31,seed_milpsnap_grid4x4_low.json,200,16,24,13,40.2778,0.0,0.075,OPTIMAL
grid_4x4_31,seed_milpsnap_grid4x4_low.json,201,16,24,16,40.2778,0.0,0.092,OPTIMAL
grid_4x4_31,seed_milpsnap_grid4x4_low.json,202,16,24,17,40.2778,0.0,0.098,OPTIMAL
grid_4x4_31,seed_milpsnap_grid4x4_low.json,203,16,24,18,34.7222,0.0,0.132,OPTIMAL
grid_4x4_31,seed_milpsnap_grid4x4_low.json,204,16,24,18,34.7222,0.0,0.146,OPTIMAL
grid_4x4_31,seed_milpsnap_grid4x4_low.json,205,16,24,19,34.7222,0.0,0.147,OPTIMAL
grid_4x4_31,seed_milpsnap_grid4x4_low.json,206,16,24,19,34.7222,0.0,0.127,OPTIMAL
grid_4x4_31,seed_milpsnap_grid4x4_low.json,207,16,24,17,34.7222,0.0,0.13,OPTIMAL
grid_4x4_31,seed_milpsnap_grid4x4_low.json,208,16,24,16,34.7222,0.0,0.118,OPTIMAL
grid_4x4_31,seed_milpsnap_grid4x4_low.json,209,16,24,15,34.7222,0.0,0.111,OPTIMAL
grid_4x4_31,seed_milpsnap_grid4x4_low.json,210,16,24,16,34.7222,0.0,0.125,OPTIMAL
grid_4x4_31,seed_milpsnap_grid4x4_low.json,211,16,24,16,34.7222,0.0,0.118,OPTIMAL
grid_4x4_31,seed_milpsnap_grid4x4_low.json,212,16,24,17,34.7222,0.0,0.108,OPTIMAL
grid_4x4_31,seed_milpsnap_grid4x4_low.json,213,16,24,17,34.7222,0.0,0.111,OPTIMAL
grid_4x4_31,seed_milpsnap_grid4x4_low.json,214,16,24,18,34.7222,0.0,0.121,OPTIMAL
grid_4x4_31,seed_milpsnap_grid4x4_low.json,215,16,24,18,34.7222,0.0,0.127,OPTIMAL
grid_4x4_31,seed_milpsnap_grid4x4_low.json,216,16,24,15,34.7222,0.0,0.101,OPTIMAL
grid_4x4_31,seed_milpsnap_grid4x4_low.json,217,16,24,15,34.7222,0.0,0.109,OPTIMAL
grid_4x4_31,seed_milpsnap_grid4x4_low.json,218,16,24,14,34.7222,0.0,0.101,OPTIMAL
grid_4x4_31,seed_milpsnap_grid4x4_low.json,219,16,24,13,34.7222,0.0,0.085,OPTIMAL
grid_4x4_31,seed_milpsnap_grid4x4_low.json,220,16,24,14,40.2778,0.0,0.084,OPTIMAL
grid_4x4_31,seed_milpsnap_grid4x4_low.json,221,16,24,15,40.2778,0.0,0.089,OPTIMAL
grid_4x4_31,seed_milpsnap_grid4x4_low.json,222,16,24,18,34.7222,0.0,0.121,OPTIMAL
grid_4x4_31,seed_milpsnap_grid4x4_low.json,223,16,24,19,34.7222,0.0,0.139,OPTIMAL
grid_4x4_31,seed_milpsnap_grid4x4_low.json,224,16,24,19,34.7222,0.0,0.156,OPTIMAL
grid_4x4_31,seed_milpsnap_grid4x4_low.json,225,16,24,19,34.7222,0.0,0.143,OPTIMAL
grid_4x4_31,seed_milpsnap_grid4x4_low.json,226,16,24,19,34.7222,0.0,0.151,OPTIMAL
grid_4x4_31,seed_milpsnap_grid4x4_low.json,227,16,24,18,34.7222,0.0,0.163,OPTIMAL
grid_4x4_31,seed_milpsnap_grid4x4_low.json,228,16,24,15,34.7222,0.0,0.111,OPTIMAL
grid_4x4_31,seed_milpsnap_grid4x4_low.json,229,16,24,16,34.7222,0.0,0.11,OPTIMAL
grid_4x4_31,seed_milpsnap_grid4x4_low.json,230,16,24,19,34.7222,0.0,0.133,OPTIMAL
grid_4x4_31,seed_milpsnap_grid4x4_low.json,231,16,24,19,34.7222,0.0,0.14,OPTIMAL
grid_4x4_31,seed_milpsnap_grid4x4_low.json,232,16,24,20,34.7222,0.0,0.127,OPTIMAL
grid_4x4_31,seed_milpsnap_grid4x4_low.json,233,16,24,18,34.7222,0.0,0.126,OPTIMAL
grid_4x4_31,seed_milpsnap_grid4x4_low.json,234,16,24,15,34.7222,0.0,0.111,OPTIMAL
grid_4x4_31,seed_milpsnap_grid4x4_low.json,235,16,24,13,40.2778,0.0,0.074,OPTIMAL
grid_4x4_31,seed_milpsnap_grid4x4_low.json,236,16,24,14,34.7222,0.0,0.098,OPTIMAL
grid_4x4_31,seed_milpsnap_grid4x4_low.json,237,16,24,13,34.7222,0.0,0.089,OPTIMAL
grid_4x4_31,seed_milpsnap_grid4x4_low.json,238,16,24,13,34.7222,0.0,0.105,OPTIMAL
grid_4x4_31,seed_milpsnap_grid4x4_low.json,239,16,24,16,34.7222,0.0,0.111,OPTIMAL
grid_4x4_31,seed_milpsnap_grid4x4_low.json,240,16,24,18,34.7222,0.0,0.121,OPTIMAL
grid_4x4_31,seed_milpsnap_grid4x4_low.json,241,16,24,22,34.7222,0.0,0.159,OPTIMAL
grid_4x4_31,seed_milpsnap_grid4x4_low.json,242,16,24,20,34.7222,0.0,0.14,OPTIMAL
grid_4x4_31,seed_milpsnap_grid4x4_low.json,243,16,24,18,34.7222,0.0,0.124,OPTIMAL
grid_4x4_31,seed_milpsnap_grid4x4_low.json,244,16,24,18,34.7222,0.0,0.126,OPTIMAL
grid_4x4_31,seed_milpsnap_grid4x4_low.json,245,16,24,19,34.7222,0.0,0.153,OPTIMAL
grid_4x4_31,seed_milpsnap_grid4x4_low.json,246,16,24,19,34.7222,0.0,0.131,OPTIMAL
grid_4x4_31,seed_milpsnap_grid4x4_low.json,247,16,24,18,34.7222,0.0,0.124,OPTIMAL
grid_4x4_31,seed_milpsnap_grid4x4_low.json,248,16,24,20,34.7222,0.0,0.156,OPTIMAL
grid_4x4_31,seed_milpsnap_grid4x4_low.json,249,16,24,21,34.7222,0.0,0.156,OPTIMAL
grid_4x4_31,seed_milpsnap_grid4x4_low.json,250,16,24,22,34.7222,0.0,0.161,OPTIMAL
grid_4x4_31,seed_milpsnap_grid4x4_low.json,251,16,24,20,34.7222,0.0,0.16,OPTIMAL
grid_4x4_31,seed_milpsnap_grid4x4_low.json,252,16,24,21,34.7222,0.0,0.167,OPTIMAL
grid_4x4_31,seed_milpsnap_grid4x4_low.json,253,16,24,20,34.7222,0.0,0.177,OPTIMAL
grid_4x4_31,seed_milpsnap_grid4x4_low.json,254,16,24,18,40.2778,0.0,0.119,OPTIMAL
grid_4x4_31,seed_milpsnap_grid4x4_low.json,255,16,24,17,40.2778,0.0,0.108,OPTIMAL
grid_4x4_31,seed_milpsnap_grid4x4_low.json,256,16,24,13,40.2778,0.0,0.114,OPTIMAL
grid_4x4_31,seed_milpsnap_grid4x4_low.json,257,16,24,13,40.2778,0.0,0.077,OPTIMAL
grid_4x4_31,seed_milpsnap_grid4x4_low.json,258,16,24,13,40.2778,0.0,0.077,OPTIMAL
grid_4x4_31,seed_milpsnap_grid4x4_low.json,259,16,24,15,40.2778,0.0,0.093,OPTIMAL
grid_4x4_31,seed_milpsnap_grid4x4_low.json,260,16,24,17,34.7222,0.0,0.121,OPTIMAL
grid_4x4_31,seed_milpsnap_grid4x4_low.json,261,16,24,1,73.6111,0.0,0.007,OPTIMAL
grid_4x4_31,seed_milpsnap_grid4x4_low.json,262,16,24,3,51.3889,0.0,0.023,OPTIMAL
grid_4x4_31,seed_milpsnap_grid4x4_low.json,263,16,24,6,40.2778,0.0,0.074,OPTIMAL
grid_4x4_31,seed_milpsnap_grid4x4_low.json,264,16,24,7,40.2778,0.0,0.082,OPTIMAL
grid_4x4_31,seed_milpsnap_grid4x4_low.json,265,16,24,9,40.2778,0.0,0.069,OPTIMAL
grid_4x4_31,seed_milpsnap_grid4x4_low.json,266,16,24,10,40.2778,0.0,0.08,OPTIMAL
grid_4x4_31,seed_milpsnap_grid4x4_low.json,267,16,24,13,40.2778,0.0,0.082,OPTIMAL
grid_4x4_31,seed_milpsnap_grid4x4_low.json,268,16,24,16,40.2778,0.0,0.093,OPTIMAL
grid_4x4_31,seed_milpsnap_grid4x4_low.json,269,16,24,17,40.2778,0.0,0.099,OPTIMAL
grid_4x4_31,seed_milpsnap_grid4x4_low.json,270,16,24,18,40.2778,0.0,0.101,OPTIMAL
grid_4x4_31,seed_milpsnap_grid4x4_low.json,271,16,24,19,34.7222,0.0,0.144,OPTIMAL
grid_4x4_31,seed_milpsnap_grid4x4_low.json,272,16,24,22,34.7222,0.0,0.15,OPTIMAL
grid_4x4_31,seed_milpsnap_grid4x4_low.json,273,16,24,20,34.7222,0.0,0.146,OPTIMAL
grid_4x4_31,seed_milpsnap_grid4x4_low.json,274,16,24,21,34.7222,0.0,0.164,OPTIMAL
grid_4x4_31,seed_milpsnap_grid4x4_low.json,275,16,24,21,34.7222,0.0,0.171,OPTIMAL
grid_4x4_31,seed_milpsnap_grid4x4_low.json,276,16,24,22,34.7222,0.0,0.183,OPTIMAL
grid_4x4_31,seed_milpsnap_grid4x4_low.json,277,16,24,22,34.7222,0.0,0.162,OPTIMAL
grid_4x4_31,seed_milpsnap_grid4x4_low.json,278,16,24,22,34.7222,0.0,0.146,OPTIMAL
grid_4x4_31,seed_milpsnap_grid4x4_low.json,279,16,24,23,34.7222,0.0,0.176,OPTIMAL
grid_4x4_31,seed_milpsnap_grid4x4_low.json,280,16,24,22,34.7222,0.0,0.168,OPTIMAL
grid_4x4_31,seed_milpsnap_grid4x4_low.json,281,16,24,23,34.7222,0.0,0.188,OPTIMAL
grid_4x4_31,seed_milpsnap_grid4x4_low.json,282,16,24,20,45.8333,0.0,0.092,OPTIMAL
grid_4x4_31,seed_milpsnap_grid4x4_low.json,283,16,24,20,45.8333,0.0,0.088,OPTIMAL
grid_4x4_31,seed_milpsnap_grid4x4_low.json,284,16,24,20,45.8333,0.0,0.09,OPTIMAL
grid_4x4_31,seed_milpsnap_grid4x4_low.json,285,16,24,20,45.8333,0.0,0.091,OPTIMAL
grid_4x4_31,seed_milpsnap_grid4x4_low.json,286,16,24,17,45.8333,0.0,0.076,OPTIMAL
grid_4x4_31,seed_milpsnap_grid4x4_low.json,287,16,24,18,40.2778,0.0,0.103,OPTIMAL
grid_4x4_31,seed_milpsnap_grid4x4_low.json,288,16,24,18,40.2778,0.0,0.101,OPTIMAL
grid_4x4_31,seed_milpsnap_grid4x4_low.json,289,16,24,17,40.2778,0.0,0.09,OPTIMAL
grid_4x4_31,seed_milpsnap_grid4x4_low.json,290,16,24,16,34.7222,0.0,0.111,OPTIMAL
grid_4x4_31,seed_milpsnap_grid4x4_low.json,291,16,24,17,34.7222,0.0,0.121,OPTIMAL
grid_4x4_31,seed_milpsnap_grid4x4_low.json,292,16,24,15,34.7222,0.0,0.102,OPTIMAL
grid_4x4_31,seed_milpsnap_grid4x4_low.json,293,16,24,15,34.7222,0.0,0.099,OPTIMAL
grid_4x4_31,seed_milpsnap_grid4x4_low.json,294,16,24,15,34.7222,0.0,0.1,OPTIMAL
grid_4x4_31,seed_milpsnap_grid4x4_low.json,295,16,24,13,34.7222,0.0,0.085,OPTIMAL
grid_4x4_31,seed_milpsnap_grid4x4_low.json,296,16,24,12,34.7222,0.0,0.085,OPTIMAL
grid_4x4_31,seed_milpsnap_grid4x4_low.json,297,16,24,13,34.7222,0.0,0.118,OPTIMAL
grid_4x4_31,seed_milpsnap_grid4x4_low.json,298,16,24,13,40.2778,0.0,0.074,OPTIMAL
grid_4x4_31,seed_milpsnap_grid4x4_low.json,299,16,24,14,40.2778,0.0,0.081,OPTIMAL
grid_4x4_31,seed_milpsnap_grid4x4_low.json,300,16,24,13,40.2778,0.0,0.071,OPTIMAL
grid_4x4_31,seed_milpsnap_grid4x4_low.json,301,16,24,13,40.2778,0.0,0.076,OPTIMAL
grid_4x4_31,seed_milpsnap_grid4x4_low.json,302,16,24,14,40.2778,0.0,0.083,OPTIMAL
grid_4x4_31,seed_milpsnap_grid4x4_low.json,303,16,24,13,40.2778,0.0,0.082,OPTIMAL
grid_4x4_31,seed_milpsnap_grid4x4_low.json,304,16,24,12,40.2778,0.0,0.07,OPTIMAL
grid_4x4_31,seed_milpsnap_grid4x4_low.json,305,16,24,11,40.2778,0.0,0.068,OPTIMAL
grid_4x4_31,seed_milpsnap_grid4x4_low.json,306,16,24,10,40.2778,0.0,0.061,OPTIMAL
grid_4x4_31,seed_milpsnap_grid4x4_low.json,307,16,24,11,40.2778,0.0,0.065,OPTIMAL
grid_4x4_31,seed_milpsnap_grid4x4_low.json,308,16,24,11,36.1111,0.0,0.063,OPTIMAL
grid_4x4_31,seed_milpsnap_grid4x4_low.json,309,16,24,10,36.1111,0.0,0.068,OPTIMAL
grid_4x4_31,seed_milpsnap_grid4x4_low.json,310,16,24,11,36.1111,0.0,0.072,OPTIMAL
grid_4x4_31,seed_milpsnap_grid4x4_low.json,311,16,24,11,36.1111,0.0,0.082,OPTIMAL
grid_4x4_31,seed_milpsnap_grid4x4_low.json,312,16,24,12,40.2778,0.0,0.072,OPTIMAL
grid_4x4_31,seed_milpsnap_grid4x4_low.json,313,16,24,11,40.2778,0.0,0.067,OPTIMAL
grid_4x4_31,seed_milpsnap_grid4x4_low.json,314,16,24,10,40.2778,0.0,0.064,OPTIMAL
grid_4x4_31,seed_milpsnap_grid4x4_low.json,315,16,24,10,40.2778,0.0,0.056,OPTIMAL
grid_4x4_31,seed_milpsnap_grid4x4_low.json,316,16,24,12,40.2778,0.0,0.07,OPTIMAL
grid_4x4_31,seed_milpsnap_grid4x4_low.json,317,16,24,13,40.2778,0.0,0.073,OPTIMAL
grid_4x4_31,seed_milpsnap_grid4x4_low.json,318,16,24,15,40.2778,0.0,0.089,OPTIMAL
grid_4x4_31,seed_milpsnap_grid4x4_low.json,319,16,24,14,40.2778,0.0,0.102,OPTIMAL
grid_4x4_31,seed_milpsnap_grid4x4_low.json,320,16,24,14,40.2778,0.0,0.083,OPTIMAL
grid_4x4_31,seed_milpsnap_grid4x4_low.json,321,16,24,15,40.2778,0.0,0.09,OPTIMAL
grid_4x4_31,seed_milpsnap_grid4x4_low.json,322,16,24,14,40.2778,0.0,0.091,OPTIMAL
grid_4x4_31,seed_milpsnap_grid4x4_low.json,323,16,24,14,40.2778,0.0,0.078,OPTIMAL
grid_4x4_31,seed_milpsnap_grid4x4_low.json,324,16,24,14,40.2778,0.0,0.077,OPTIMAL
grid_4x4_31,seed_milpsnap_grid4x4_low.json,325,16,24,13,40.2778,0.0,0.071,OPTIMAL
grid_4x4_31,seed_milpsnap_grid4x4_low.json,326,16,24,11,40.2778,0.0,0.062,OPTIMAL
grid_4x4_31,seed_milpsnap_grid4x4_low.json,327,16,24,11,40.2778,0.0,0.062,OPTIMAL
grid_4x4_31,seed_milpsnap_grid4x4_low.json,328,16,24,9,40.2778,0.0,0.06,OPTIMAL
grid_4x4_31,seed_milpsnap_grid4x4_low.json,329,16,24,7,45.8333,0.0,0.045,OPTIMAL
grid_4x4_31,seed_milpsnap_grid4x4_low.json,330,16,24,8,40.2778,0.0,0.069,OPTIMAL
grid_4x4_31,seed_milpsnap_grid4x4_low.json,331,16,24,7,40.2778,0.0,0.05,OPTIMAL
grid_4x4_31,seed_milpsnap_grid4x4_low.json,332,16,24,8,40.2778,0.0,0.059,OPTIMAL
grid_4x4_31,seed_milpsnap_grid4x4_low.json,333,16,24,10,40.2778,0.0,0.063,OPTIMAL
grid_4x4_31,seed_milpsnap_grid4x4_low.json,334,16,24,9,40.2778,0.0,0.061,OPTIMAL
grid_4x4_31,seed_milpsnap_grid4x4_low.json,335,16,24,7,45.8333,0.0,0.07,OPTIMAL
grid_4x4_31,seed_milpsnap_grid4x4_low.json,336,16,24,8,45.8333,0.0,0.096,OPTIMAL
grid_4x4_31,seed_milpsnap_grid4x4_low.json,337,16,24,9,45.8333,0.0,0.065,OPTIMAL
grid_4x4_31,seed_milpsnap_grid4x4_low.json,338,16,24,11,40.2778,0.0,0.095,OPTIMAL
grid_4x4_31,seed_milpsnap_grid4x4_low.json,339,16,24,13,40.2778,0.0,0.081,OPTIMAL
grid_4x4_31,seed_milpsnap_grid4x4_low.json,340,16,24,11,40.2778,0.0,0.066,OPTIMAL
grid_4x4_31,seed_milpsnap_grid4x4_low.json,341,16,24,12,40.2778,0.0,0.085,OPTIMAL
grid_4x4_31,seed_milpsnap_grid4x4_low.json,342,16,24,13,40.2778,0.0,0.087,OPTIMAL
grid_4x4_31,seed_milpsnap_grid4x4_low.json,343,16,24,14,40.2778,0.0,0.083,OPTIMAL
grid_4x4_31,seed_milpsnap_grid4x4_low.json,344,16,24,13,40.2778,0.0,0.118,OPTIMAL
grid_4x4_31,seed_milpsnap_grid4x4_low.json,345,16,24,16,40.2778,0.0,0.098,OPTIMAL
grid_4x4_31,seed_milpsnap_grid4x4_low.json,346,16,24,18,34.7222,0.0,0.141,OPTIMAL
grid_4x4_31,seed_milpsnap_grid4x4_low.json,347,16,24,16,40.2778,0.0,0.102,OPTIMAL
grid_4x4_31,seed_milpsnap_grid4x4_low.json,348,16,24,17,34.7222,0.0,0.124,OPTIMAL
grid_4x4_31,seed_milpsnap_grid4x4_low.json,349,16,24,19,34.7222,0.0,0.145,OPTIMAL
grid_4x4_31,seed_milpsnap_grid4x4_low.json,350,16,24,21,34.7222,0.0,0.155,OPTIMAL
grid_4x4_31,seed_milpsnap_grid4x4_low.json,351,16,24,21,34.7222,0.0,0.155,OPTIMAL
grid_4x4_31,seed_milpsnap_grid4x4_low.json,352,16,24,21,34.7222,0.0,0.155,OPTIMAL
grid_4x4_31,seed_milpsnap_grid4x4_low.json,353,16,24,19,40.2778,0.0,0.116,OPTIMAL
grid_4x4_31,seed_milpsnap_grid4x4_low.json,354,16,24,21,40.2778,0.0,0.122,OPTIMAL
grid_4x4_31,seed_milpsnap_grid4x4_low.json,355,16,24,23,40.2778,0.0,0.133,OPTIMAL
grid_4x4_31,seed_milpsnap_grid4x4_low.json,356,16,24,22,40.2778,0.0,0.14,OPTIMAL
grid_4x4_31,seed_milpsnap_grid4x4_low.json,357,16,24,23,40.2778,0.0,0.149,OPTIMAL
grid_4x4_31,seed_milpsnap_grid4x4_low.json,358,16,24,23,40.2778,0.0,0.138,OPTIMAL
grid_4x4_31,seed_milpsnap_grid4x4_low.json,359,16,24,21,34.7222,0.0,0.162,OPTIMAL
grid_4x4_31,seed_milpsnap_grid4x4_low.json,360,16,24,19,34.7222,0.0,0.146,OPTIMAL
grid_4x4_31,seed_milpsnap_grid4x4_low.json,361,16,24,21,34.7222,0.0,0.153,OPTIMAL
grid_4x4_31,seed_milpsnap_grid4x4_low.json,362,16,24,21,34.7222,0.0,0.155,OPTIMAL
grid_4x4_31,seed_milpsnap_grid4x4_low.json,363,16,24,19,34.7222,0.0,0.121,OPTIMAL
grid_4x4_31,seed_milpsnap_grid4x4_low.json,364,16,24,16,34.7222,0.0,0.119,OPTIMAL
grid_4x4_31,seed_milpsnap_grid4x4_low.json,365,16,24,15,34.7222,0.0,0.106,OPTIMAL
grid_4x4_31,seed_milpsnap_grid4x4_low.json,366,16,24,13,34.7222,0.0,0.097,OPTIMAL
grid_4x4_31,seed_milpsnap_grid4x4_low.json,367,16,24,12,34.7222,0.0,0.091,OPTIMAL
grid_4x4_31,seed_milpsnap_grid4x4_low.json,368,16,24,11,40.2778,0.0,0.078,OPTIMAL
grid_4x4_31,seed_milpsnap_grid4x4_low.json,369,16,24,9,45.8333,0.0,0.057,OPTIMAL
grid_4x4_31,seed_milpsnap_grid4x4_low.json,370,16,24,10,45.8333,0.0,0.067,OPTIMAL
grid_4x4_31,seed_milpsnap_grid4x4_low.json,371,16,24,12,40.2778,0.0,0.07,OPTIMAL
grid_4x4_31,seed_milpsnap_grid4x4_low.json,372,16,24,14,40.2778,0.0,0.081,OPTIMAL
grid_4x4_31,seed_milpsnap_grid4x4_low.json,373,16,24,13,40.2778,0.0,0.082,OPTIMAL
grid_4x4_31,seed_milpsnap_grid4x4_low.json,374,16,24,12,40.2778,0.0,0.071,OPTIMAL
grid_4x4_31,seed_milpsnap_grid4x4_low.json,375,16,24,14,40.2778,0.0,0.082,OPTIMAL
grid_4x4_31,seed_milpsnap_grid4x4_low.json,376,16,24,15,40.2778,0.0,0.09,OPTIMAL
grid_4x4_31,seed_milpsnap_grid4x4_low.json,377,16,24,17,40.2778,0.0,0.099,OPTIMAL
grid_4x4_31,seed_milpsnap_grid4x4_low.json,378,16,24,16,40.2778,0.0,0.091,OPTIMAL
grid_4x4_31,seed_milpsnap_grid4x4_low.json,379,16,24,15,34.7222,0.0,0.107,OPTIMAL
grid_4x4_31,seed_milpsnap_grid4x4_low.json,380,16,24,16,34.7222,0.0,0.117,OPTIMAL
grid_4x4_31,seed_milpsnap_grid4x4_low.json,381,16,24,14,40.2778,0.0,0.08,OPTIMAL
grid_4x4_31,seed_milpsnap_grid4x4_low.json,382,16,24,13,40.2778,0.0,0.099,OPTIMAL
grid_4x4_31,seed_milpsnap_grid4x4_low.json,383,16,24,11,40.2778,0.0,0.083,OPTIMAL
grid_4x4_31,seed_milpsnap_grid4x4_low.json,384,16,24,11,40.2778,0.0,0.06,OPTIMAL
grid_4x4_31,seed_milpsnap_grid4x4_low.json,385,16,24,14,34.7222,0.0,0.096,OPTIMAL
grid_4x4_31,seed_milpsnap_grid4x4_low.json,386,16,24,15,34.7222,0.0,0.105,OPTIMAL
grid_4x4_31,seed_milpsnap_grid4x4_low.json,387,16,24,16,34.7222,0.0,0.107,OPTIMAL
grid_4x4_31,seed_milpsnap_grid4x4_low.json,388,16,24,14,40.2778,0.0,0.08,OPTIMAL
grid_4x4_31,seed_milpsnap_grid4x4_low.json,389,16,24,15,40.2778,0.0,0.083,OPTIMAL
grid_4x4_31,seed_milpsnap_grid4x4_low.json,390,16,24,1,62.5,0.0,0.011,OPTIMAL
grid_4x4_31,seed_milpsnap_grid4x4_low.json,391,16,24,2,51.3889,0.0,0.015,OPTIMAL
grid_4x4_31,seed_milpsnap_grid4x4_low.json,392,16,24,3,45.8333,0.0,0.042,OPTIMAL
grid_4x4_31,seed_milpsnap_grid4x4_low.json,393,16,24,6,45.8333,0.0,0.036,OPTIMAL
grid_4x4_31,seed_milpsnap_grid4x4_low.json,394,16,24,7,40.2778,0.0,0.04,OPTIMAL
grid_4x4_31,seed_milpsnap_grid4x4_low.json,395,16,24,10,40.2778,0.0,0.062,OPTIMAL
grid_4x4_31,seed_milpsnap_grid4x4_low.json,396,16,24,14,40.2778,0.0,0.079,OPTIMAL
grid_4x4_31,seed_milpsnap_grid4x4_low.json,397,16,24,15,40.2778,0.0,0.082,OPTIMAL
grid_4x4_31,seed_milpsnap_grid4x4_low.json,398,16,24,14,40.2778,0.0,0.08,OPTIMAL
grid_4x4_31,seed_milpsnap_grid4x4_low.json,399,16,24,17,40.2778,0.0,0.098,OPTIMAL
grid_4x4_31,seed_milpsnap_grid4x4_low.json,400,16,24,16,40.2778,0.0,0.099,OPTIMAL
grid_4x4_31,seed_milpsnap_grid4x4_low.json,401,16,24,19,34.7222,0.0,0.135,OPTIMAL
grid_4x4_31,seed_milpsnap_grid4x4_low.json,402,16,24,20,34.7222,0.0,0.143,OPTIMAL
grid_4x4_31,seed_milpsnap_grid4x4_low.json,403,16,24,24,34.7222,0.0,0.187,OPTIMAL
grid_4x4_31,seed_milpsnap_grid4x4_low.json,404,16,24,22,34.7222,0.0,0.173,OPTIMAL
grid_4x4_31,seed_milpsnap_grid4x4_low.json,405,16,24,24,34.7222,0.0,0.176,OPTIMAL
grid_4x4_31,seed_milpsnap_grid4x4_low.json,406,16,24,22,34.7222,0.0,0.163,OPTIMAL
grid_4x4_31,seed_milpsnap_grid4x4_low.json,407,16,24,23,34.7222,0.0,0.171,OPTIMAL
grid_4x4_31,seed_milpsnap_grid4x4_low.json,408,16,24,25,34.7222,0.0,0.189,OPTIMAL
grid_4x4_31,seed_milpsnap_grid4x4_low.json,409,16,24,22,34.7222,0.0,0.168,OPTIMAL
grid_4x4_31,seed_milpsnap_grid4x4_low.json,410,16,24,23,34.7222,0.0,0.187,OPTIMAL
grid_4x4_31,seed_milpsnap_grid4x4_low.json,411,16,24,24,34.7222,0.0,0.183,OPTIMAL
grid_4x4_31,seed_milpsnap_grid4x4_low.json,412,16,24,21,34.7222,0.0,0.144,OPTIMAL
grid_4x4_31,seed_milpsnap_grid4x4_low.json,413,16,24,17,34.7222,0.0,0.12,OPTIMAL
grid_4x4_31,seed_milpsnap_grid4x4_low.json,414,16,24,16,34.7222,0.0,0.12,OPTIMAL
grid_4x4_31,seed_milpsnap_grid4x4_low.json,415,16,24,14,34.7222,0.0,0.099,OPTIMAL
grid_4x4_31,seed_milpsnap_grid4x4_low.json,416,16,24,14,40.2778,0.0,0.075,OPTIMAL
grid_4x4_31,seed_milpsnap_grid4x4_low.json,417,16,24,12,40.2778,0.0,0.069,OPTIMAL
grid_4x4_31,seed_milpsnap_grid4x4_low.json,418,16,24,11,40.2778,0.0,0.061,OPTIMAL
grid_4x4_31,seed_milpsnap_grid4x4_low.json,419,16,24,12,34.7222,0.0,0.082,OPTIMAL
grid_4x4_31,seed_milpsnap_grid4x4_low.json,420,16,24,12,40.2778,0.0,0.068,OPTIMAL
grid_4x4_31,seed_milpsnap_grid4x4_low.json,421,16,24,13,40.2778,0.0,0.077,OPTIMAL
grid_4x4_31,seed_milpsnap_grid4x4_low.json,422,16,24,13,45.8333,0.0,0.06,OPTIMAL
grid_4x4_31,seed_milpsnap_grid4x4_low.json,423,16,24,12,45.8333,0.0,0.056,OPTIMAL
grid_4x4_31,seed_milpsnap_grid4x4_low.json,424,16,24,15,34.7222,0.0,0.102,OPTIMAL
grid_4x4_31,seed_milpsnap_grid4x4_low.json,425,16,24,16,34.7222,0.0,0.121,OPTIMAL
grid_4x4_31,seed_milpsnap_grid4x4_low.json,426,16,24,17,34.7222,0.0,0.124,OPTIMAL
grid_4x4_31,seed_milpsnap_grid4x4_low.json,427,16,24,15,40.2778,0.0,0.084,OPTIMAL
grid_4x4_31,seed_milpsnap_grid4x4_low.json,428,16,24,15,34.7222,0.0,0.108,OPTIMAL
grid_4x4_31,seed_milpsnap_grid4x4_low.json,429,16,24,15,34.7222,0.0,0.119,OPTIMAL
grid_4x4_31,seed_milpsnap_grid4x4_low.json,430,16,24,17,34.7222,0.0,0.113,OPTIMAL
grid_4x4_31,seed_milpsnap_grid4x4_low.json,431,16,24,15,34.7222,0.0,0.111,OPTIMAL
grid_4x4_31,seed_milpsnap_grid4x4_low.json,432,16,24,13,40.2778,0.0,0.083,OPTIMAL
grid_4x4_31,seed_milpsnap_grid4x4_low.json,433,16,24,12,34.7222,0.0,0.097,OPTIMAL
grid_4x4_31,seed_milpsnap_grid4x4_low.json,434,16,24,13,34.7222,0.0,0.094,OPTIMAL
grid_4x4_31,seed_milpsnap_grid4x4_low.json,435,16,24,12,40.2778,0.0,0.074,OPTIMAL
grid_4x4_31,seed_milpsnap_grid4x4_low.json,436,16,24,9,40.2778,0.0,0.055,OPTIMAL
grid_4x4_31,seed_milpsnap_grid4x4_low.json,437,16,24,10,40.2778,0.0,0.058,OPTIMAL
grid_4x4_31,seed_milpsnap_grid4x4_low.json,438,16,24,10,40.2778,0.0,0.06,OPTIMAL
grid_4x4_31,seed_milpsnap_grid4x4_low.json,439,16,24,10,40.2778,0.0,0.06,OPTIMAL
grid_4x4_31,seed_milpsnap_grid4x4_low.json,440,16,24,10,40.2778,0.0,0.06,OPTIMAL
grid_4x4_31,seed_milpsnap_grid4x4_low.json,441,16,24,9,45.8333,0.0,0.043,OPTIMAL
grid_4x4_31,seed_milpsnap_grid4x4_low.json,442,16,24,8,51.3889,0.0,0.037,OPTIMAL
grid_4x4_31,seed_milpsnap_grid4x4_low.json,443,16,24,9,45.8333,0.0,0.058,OPTIMAL
grid_4x4_31,seed_milpsnap_grid4x4_low.json,444,16,24,11,45.8333,0.0,0.071,OPTIMAL
grid_4x4_31,seed_milpsnap_grid4x4_low.json,445,16,24,11,40.2778,0.0,0.063,OPTIMAL
grid_4x4_31,seed_milpsnap_grid4x4_low.json,446,16,24,10,40.2778,0.0,0.074,OPTIMAL
grid_4x4_31,seed_milpsnap_grid4x4_low.json,447,16,24,11,40.2778,0.0,0.061,OPTIMAL
grid_4x4_31,seed_milpsnap_grid4x4_low.json,448,16,24,12,40.2778,0.0,0.066,OPTIMAL
grid_4x4_31,seed_milpsnap_grid4x4_low.json,449,16,24,12,40.2778,0.0,0.066,OPTIMAL
grid_4x4_31,seed_milpsnap_grid4x4_low.json,450,16,24,14,40.2778,0.0,0.09,OPTIMAL
grid_4x4_31,seed_milpsnap_grid4x4_low.json,451,16,24,14,40.2778,0.0,0.097,OPTIMAL
grid_4x4_31,seed_milpsnap_grid4x4_low.json,452,16,24,15,40.2778,0.0,0.129,OPTIMAL
grid_4x4_31,seed_milpsnap_grid4x4_low.json,453,16,24,14,40.2778,0.0,0.111,OPTIMAL
grid_4x4_31,seed_milpsnap_grid4x4_low.json,454,16,24,15,40.2778,0.0,0.111,OPTIMAL
grid_4x4_31,seed_milpsnap_grid4x4_low.json,455,16,24,15,40.2778,0.0,0.081,OPTIMAL
grid_4x4_31,seed_milpsnap_grid4x4_low.json,456,16,24,15,40.2778,0.0,0.081,OPTIMAL
grid_4x4_31,seed_milpsnap_grid4x4_low.json,457,16,24,15,40.2778,0.0,0.091,OPTIMAL
grid_4x4_31,seed_milpsnap_grid4x4_low.json,458,16,24,16,40.2778,0.0,0.095,OPTIMAL
grid_4x4_31,seed_milpsnap_grid4x4_low.json,459,16,24,16,40.2778,0.0,0.094,OPTIMAL
grid_4x4_31,seed_milpsnap_grid4x4_low.json,460,16,24,16,34.7222,0.0,0.115,OPTIMAL
grid_4x4_31,seed_milpsnap_grid4x4_low.json,461,16,24,15,34.7222,0.0,0.16,OPTIMAL
grid_4x4_31,seed_milpsnap_grid4x4_low.json,462,16,24,14,34.7222,0.0,0.106,OPTIMAL
grid_4x4_31,seed_milpsnap_grid4x4_low.json,463,16,24,15,34.7222,0.0,0.107,OPTIMAL
grid_4x4_31,seed_milpsnap_grid4x4_low.json,464,16,24,12,40.2778,0.0,0.069,OPTIMAL
grid_4x4_31,seed_milpsnap_grid4x4_low.json,465,16,24,11,40.2778,0.0,0.075,OPTIMAL
grid_4x4_31,seed_milpsnap_grid4x4_low.json,466,16,24,11,40.2778,0.0,0.068,OPTIMAL
grid_4x4_31,seed_milpsnap_grid4x4_low.json,467,16,24,13,40.2778,0.0,0.085,OPTIMAL
grid_4x4_31,seed_milpsnap_grid4x4_low.json,468,16,24,15,34.7222,0.0,0.109,OPTIMAL
grid_4x4_31,seed_milpsnap_grid4x4_low.json,469,16,24,14,34.7222,0.0,0.113,OPTIMAL
grid_4x4_31,seed_milpsnap_grid4x4_low.json,470,16,24,15,34.7222,0.0,0.112,OPTIMAL
grid_4x4_31,seed_milpsnap_grid4x4_low.json,471,16,24,13,34.7222,0.0,0.095,OPTIMAL
grid_4x4_31,seed_milpsnap_grid4x4_low.json,472,16,24,14,34.7222,0.0,0.108,OPTIMAL
grid_4x4_31,seed_milpsnap_grid4x4_low.json,473,16,24,13,34.7222,0.0,0.095,OPTIMAL
grid_4x4_31,seed_milpsnap_grid4x4_low.json,474,16,24,12,34.7222,0.0,0.103,OPTIMAL
grid_4x4_31,seed_milpsnap_grid4x4_low.json,475,16,24,13,40.2778,0.0,0.076,OPTIMAL
grid_4x4_31,seed_milpsnap_grid4x4_low.json,476,16,24,16,40.2778,0.0,0.093,OPTIMAL
grid_4x4_31,seed_milpsnap_grid4x4_low.json,477,16,24,17,40.2778,0.0,0.1,OPTIMAL
grid_4x4_31,seed_milpsnap_grid4x4_low.json,478,16,24,17,34.7222,0.0,0.12,OPTIMAL
grid_4x4_31,seed_milpsnap_grid4x4_low.json,479,16,24,20,34.7222,0.0,0.139,OPTIMAL
grid_4x4_31,seed_milpsnap_grid4x4_low.json,480,16,24,20,40.2778,0.0,0.113,OPTIMAL
grid_4x4_31,seed_milpsnap_grid4x4_low.json,481,16,24,21,34.7222,0.0,0.161,OPTIMAL
grid_4x4_31,seed_milpsnap_grid4x4_low.json,482,16,24,19,34.7222,0.0,0.13,OPTIMAL
grid_4x4_31,seed_milpsnap_grid4x4_low.json,483,16,24,18,34.7222,0.0,0.128,OPTIMAL
grid_4x4_31,seed_milpsnap_grid4x4_low.json,484,16,24,17,34.7222,0.0,0.127,OPTIMAL
grid_4x4_31,seed_milpsnap_grid4x4_low.json,485,16,24,16,40.2778,0.0,0.094,OPTIMAL
grid_4x4_31,seed_milpsnap_grid4x4_low.json,486,16,24,17,40.2778,0.0,0.108,OPTIMAL
grid_4x4_31,seed_milpsnap_grid4x4_low.json,487,16,24,17,40.2778,0.0,0.102,OPTIMAL
grid_4x4_31,seed_milpsnap_grid4x4_low.json,488,16,24,17,34.7222,0.0,0.125,OPTIMAL
grid_4x4_31,seed_milpsnap_grid4x4_low.json,489,16,24,16,34.7222,0.0,0.15,OPTIMAL
grid_4x4_31,seed_milpsnap_grid4x4_low.json,490,16,24,15,34.7222,0.0,0.106,OPTIMAL
grid_4x4_31,seed_milpsnap_grid4x4_low.json,491,16,24,18,34.7222,0.0,0.137,OPTIMAL
grid_4x4_31,seed_milpsnap_grid4x4_low.json,492,16,24,16,34.7222,0.0,0.128,OPTIMAL
grid_4x4_31,seed_milpsnap_grid4x4_low.json,493,16,24,15,34.7222,0.0,0.106,OPTIMAL
grid_4x4_31,seed_milpsnap_grid4x4_low.json,494,16,24,13,34.7222,0.0,0.093,OPTIMAL
grid_4x4_31,seed_milpsnap_grid4x4_low.json,495,16,24,12,34.7222,0.0,0.121,OPTIMAL
grid_4x4_31,seed_milpsnap_grid4x4_low.json,496,16,24,13,40.2778,0.0,0.075,OPTIMAL
grid_4x4_31,seed_milpsnap_grid4x4_low.json,497,16,24,14,34.7222,0.0,0.093,OPTIMAL
grid_4x4_31,seed_milpsnap_grid4x4_low.json,498,16,24,15,34.7222,0.0,0.123,OPTIMAL
grid_4x4_31,seed_milpsnap_grid4x4_low.json,499,16,24,18,34.7222,0.0,0.122,OPTIMAL
grid_4x4_31,seed_milpsnap_grid4x4_low.json,500,16,24,17,34.7222,0.0,0.127,OPTIMAL
grid_4x4_31,seed_milpsnap_grid4x4_low.json,501,16,24,16,34.7222,0.0,0.117,OPTIMAL
grid_4x4_31,seed_milpsnap_grid4x4_low.json,502,16,24,13,40.2778,0.0,0.081,OPTIMAL
grid_4x4_31,seed_milpsnap_grid4x4_low.json,503,16,24,12,40.2778,0.0,0.079,OPTIMAL
grid_4x4_31,seed_milpsnap_grid4x4_low.json,504,16,24,12,40.2778,0.0,0.069,OPTIMAL
grid_4x4_31,seed_milpsnap_grid4x4_low.json,505,16,24,15,40.2778,0.0,0.087,OPTIMAL
grid_4x4_31,seed_milpsnap_grid4x4_low.json,506,16,24,14,40.2778,0.0,0.084,OPTIMAL
grid_4x4_31,seed_milpsnap_grid4x4_low.json,507,16,24,15,40.2778,0.0,0.088,OPTIMAL
grid_4x4_31,seed_milpsnap_grid4x4_low.json,508,16,24,18,40.2778,0.0,0.097,OPTIMAL
grid_4x4_31,seed_milpsnap_grid4x4_low.json,509,16,24,16,40.2778,0.0,0.096,OPTIMAL
grid_4x4_31,seed_milpsnap_grid4x4_low.json,510,16,24,16,40.2778,0.0,0.094,OPTIMAL
grid_4x4_31,seed_milpsnap_grid4x4_low.json,511,16,24,16,40.2778,0.0,0.09,OPTIMAL
grid_4x4_31,seed_milpsnap_grid4x4_low.json,512,16,24,14,40.2778,0.0,0.078,OPTIMAL
grid_4x4_31,seed_milpsnap_grid4x4_low.json,513,16,24,15,34.7222,0.0,0.11,OPTIMAL
grid_4x4_31,seed_milpsnap_grid4x4_low.json,514,16,24,17,34.7222,0.0,0.125,OPTIMAL
grid_4x4_31,seed_milpsnap_grid4x4_low.json,515,16,24,1,79.1667,0.0,0.007,OPTIMAL
grid_4x4_31,seed_milpsnap_grid4x4_low.json,516,16,24,3,56.9444,0.0,0.015,OPTIMAL
grid_4x4_31,seed_milpsnap_grid4x4_low.json,517,16,24,4,47.2222,0.0,0.035,OPTIMAL
grid_4x4_31,seed_milpsnap_grid4x4_low.json,518,16,24,5,45.8333,0.0,0.044,OPTIMAL
grid_4x4_31,seed_milpsnap_grid4x4_low.json,519,16,24,6,45.8333,0.0,0.039,OPTIMAL
grid_4x4_31,seed_milpsnap_grid4x4_low.json,520,16,24,8,40.2778,0.0,0.05,OPTIMAL
grid_4x4_31,seed_milpsnap_grid4x4_low.json,521,16,24,11,40.2778,0.0,0.064,OPTIMAL
grid_4x4_31,seed_milpsnap_grid4x4_low.json,522,16,24,12,40.2778,0.0,0.073,OPTIMAL
grid_4x4_31,seed_milpsnap_grid4x4_low.json,523,16,24,14,40.2778,0.0,0.083,OPTIMAL
grid_4x4_31,seed_milpsnap_grid4x4_low.json,524,16,24,14,40.2778,0.0,0.079,OPTIMAL
grid_4x4_31,seed_milpsnap_grid4x4_low.json,525,16,24,13,40.2778,0.0,0.076,OPTIMAL
grid_4x4_31,seed_milpsnap_grid4x4_low.json,526,16,24,12,40.2778,0.0,0.088,OPTIMAL
grid_4x4_31,seed_milpsnap_grid4x4_low.json,527,16,24,12,40.2778,0.0,0.093,OPTIMAL
grid_4x4_31,seed_milpsnap_grid4x4_low.json,528,16,24,13,40.2778,0.0,0.074,OPTIMAL
grid_4x4_31,seed_milpsnap_grid4x4_low.json,529,16,24,13,34.7222,0.0,0.127,OPTIMAL
grid_4x4_31,seed_milpsnap_grid4x4_low.json,530,16,24,15,34.7222,0.0,0.105,OPTIMAL
grid_4x4_31,seed_milpsnap_grid4x4_low.json,531,16,24,14,34.7222,0.0,0.105,OPTIMAL
grid_4x4_31,seed_milpsnap_grid4x4_low.json,532,16,24,12,34.7222,0.0,0.086,OPTIMAL
grid_4x4_31,seed_milpsnap_grid4x4_low.json,533,16,24,12,40.2778,0.0,0.067,OPTIMAL
grid_4x4_31,seed_milpsnap_grid4x4_low.json,534,16,24,10,40.2778,0.0,0.081,OPTIMAL
grid_4x4_31,seed_milpsnap_grid4x4_low.json,535,16,24,10,40.2778,0.0,0.062,OPTIMAL
grid_4x4_31,seed_milpsnap_grid4x4_low.json,536,16,24,11,40.2778,0.0,0.075,OPTIMAL
grid_4x4_31,seed_milpsnap_grid4x4_low.json,537,16,24,10,45.8333,0.0,0.062,OPTIMAL
grid_4x4_31,seed_milpsnap_grid4x4_low.json,538,16,24,9,45.8333,0.0,0.066,OPTIMAL
grid_4x4_31,seed_milpsnap_grid4x4_low.json,539,16,24,11,40.2778,0.0,0.068,OPTIMAL
grid_4x4_31,seed_milpsnap_grid4x4_low.json,540,16,24,14,34.7222,0.0,0.121,OPTIMAL
grid_4x4_31,seed_milpsnap_grid4x4_low.json,541,16,24,14,34.7222,0.0,0.119,OPTIMAL
grid_4x4_31,seed_milpsnap_grid4x4_low.json,542,16,24,13,34.7222,0.0,0.091,OPTIMAL
grid_4x4_31,seed_milpsnap_grid4x4_low.json,543,16,24,13,34.7222,0.0,0.088,OPTIMAL
grid_4x4_31,seed_milpsnap_grid4x4_low.json,544,16,24,14,34.7222,0.0,0.092,OPTIMAL
grid_4x4_31,seed_milpsnap_grid4x4_low.json,545,16,24,14,34.7222,0.0,0.097,OPTIMAL
grid_4x4_31,seed_milpsnap_grid4x4_low.json,546,16,24,13,34.7222,0.0,0.097,OPTIMAL
grid_4x4_31,seed_milpsnap_grid4x4_low.json,547,16,24,11,34.7222,0.0,0.076,OPTIMAL
grid_4x4_31,seed_milpsnap_grid4x4_low.json,548,16,24,14,34.7222,0.0,0.096,OPTIMAL
grid_4x4_31,seed_milpsnap_grid4x4_low.json,549,16,24,17,34.7222,0.0,0.114,OPTIMAL
grid_4x4_31,seed_milpsnap_grid4x4_low.json,550,16,24,18,34.7222,0.0,0.127,OPTIMAL
grid_4x4_31,seed_milpsnap_grid4x4_low.json,551,16,24,15,34.7222,0.0,0.112,OPTIMAL
grid_4x4_31,seed_milpsnap_grid4x4_low.json,552,16,24,12,34.7222,0.0,0.108,OPTIMAL
grid_4x4_31,seed_milpsnap_grid4x4_low.json,553,16,24,10,34.7222,0.0,0.08,OPTIMAL
grid_4x4_31,seed_milpsnap_grid4x4_low.json,554,16,24,11,34.7222,0.0,0.076,OPTIMAL
grid_4x4_31,seed_milpsnap_grid4x4_low.json,555,16,24,12,34.7222,0.0,0.1,OPTIMAL
grid_4x4_31,seed_milpsnap_grid4x4_low.json,556,16,24,13,34.7222,0.0,0.087,OPTIMAL
grid_4x4_31,seed_milpsnap_grid4x4_low.json,557,16,24,15,34.7222,0.0,0.111,OPTIMAL
grid_4x4_31,seed_milpsnap_grid4x4_low.json,558,16,24,14,34.7222,0.0,0.103,OPTIMAL
grid_4x4_31,seed_milpsnap_grid4x4_low.json,559,16,24,18,34.7222,0.0,0.192,OPTIMAL
grid_4x4_31,seed_milpsnap_grid4x4_low.json,560,16,24,16,34.7222,0.0,0.122,OPTIMAL
grid_4x4_31,seed_milpsnap_grid4x4_low.json,561,16,24,17,34.7222,0.0,0.13,OPTIMAL
grid_4x4_31,seed_milpsnap_grid4x4_low.json,562,16,24,15,34.7222,0.0,0.117,OPTIMAL
grid_4x4_31,seed_milpsnap_grid4x4_low.json,563,16,24,14,34.7222,0.0,0.105,OPTIMAL
grid_4x4_31,seed_milpsnap_grid4x4_low.json,564,16,24,17,34.7222,0.0,0.122,OPTIMAL
grid_4x4_31,seed_milpsnap_grid4x4_low.json,565,16,24,19,34.7222,0.0,0.146,OPTIMAL
grid_4x4_31,seed_milpsnap_grid4x4_low.json,566,16,24,19,34.7222,0.0,0.154,OPTIMAL
grid_4x4_31,seed_milpsnap_grid4x4_low.json,567,16,24,18,34.7222,0.0,0.129,OPTIMAL
grid_4x4_31,seed_milpsnap_grid4x4_low.json,568,16,24,18,34.7222,0.0,0.129,OPTIMAL
grid_4x4_31,seed_milpsnap_grid4x4_low.json,569,16,24,17,40.2778,0.0,0.097,OPTIMAL
grid_4x4_31,seed_milpsnap_grid4x4_low.json,570,16,24,18,40.2778,0.0,0.102,OPTIMAL
grid_4x4_31,seed_milpsnap_grid4x4_low.json,571,16,24,15,40.2778,0.0,0.083,OPTIMAL
grid_4x4_31,seed_milpsnap_grid4x4_low.json,572,16,24,15,40.2778,0.0,0.082,OPTIMAL
grid_4x4_31,seed_milpsnap_grid4x4_low.json,573,16,24,14,40.2778,0.0,0.08,OPTIMAL
grid_4x4_31,seed_milpsnap_grid4x4_low.json,574,16,24,14,40.2778,0.0,0.08,OPTIMAL
grid_4x4_31,seed_milpsnap_grid4x4_low.json,575,16,24,15,40.2778,0.0,0.098,OPTIMAL
grid_4x4_31,seed_milpsnap_grid4x4_low.json,576,16,24,13,40.2778,0.0,0.08,OPTIMAL
grid_4x4_31,seed_milpsnap_grid4x4_low.json,577,16,24,14,34.7222,0.0,0.102,OPTIMAL
grid_4x4_31,seed_milpsnap_grid4x4_low.json,578,16,24,14,34.7222,0.0,0.14,OPTIMAL
grid_4x4_31,seed_milpsnap_grid4x4_low.json,579,16,24,15,34.7222,0.0,0.152,OPTIMAL
grid_4x4_31,seed_milpsnap_grid4x4_low.json,580,16,24,17,34.7222,0.0,0.13,OPTIMAL
grid_4x4_31,seed_milpsnap_grid4x4_low.json,581,16,24,17,34.7222,0.0,0.121,OPTIMAL
grid_4x4_31,seed_milpsnap_grid4x4_low.json,582,16,24,16,34.7222,0.0,0.127,OPTIMAL
grid_4x4_31,seed_milpsnap_grid4x4_low.json,583,16,24,15,34.7222,0.0,0.114,OPTIMAL
grid_4x4_31,seed_milpsnap_grid4x4_low.json,584,16,24,16,34.7222,0.0,0.122,OPTIMAL
grid_4x4_31,seed_milpsnap_grid4x4_low.json,585,16,24,15,34.7222,0.0,0.12,OPTIMAL
grid_4x4_31,seed_milpsnap_grid4x4_low.json,586,16,24,17,34.7222,0.0,0.184,OPTIMAL
grid_4x4_31,seed_milpsnap_grid4x4_low.json,587,16,24,16,40.2778,0.0,0.095,OPTIMAL
grid_4x4_31,seed_milpsnap_grid4x4_low.json,588,16,24,17,40.2778,0.0,0.101,OPTIMAL
grid_4x4_31,seed_milpsnap_grid4x4_low.json,589,16,24,19,40.2778,0.0,0.117,OPTIMAL
grid_4x4_31,seed_milpsnap_grid4x4_low.json,590,16,24,20,40.2778,0.0,0.116,OPTIMAL
grid_4x4_31,seed_milpsnap_grid4x4_low.json,591,16,24,18,40.2778,0.0,0.111,OPTIMAL
grid_4x4_31,seed_milpsnap_grid4x4_low.json,592,16,24,16,40.2778,0.0,0.095,OPTIMAL
grid_4x4_31,seed_milpsnap_grid4x4_low.json,593,16,24,16,40.2778,0.0,0.097,OPTIMAL
grid_4x4_31,seed_milpsnap_grid4x4_low.json,594,16,24,17,40.2778,0.0,0.098,OPTIMAL
grid_4x4_31,seed_milpsnap_grid4x4_low.json,595,16,24,18,34.7222,0.0,0.172,OPTIMAL
grid_4x4_31,seed_milpsnap_grid4x4_low.json,596,16,24,21,34.7222,0.0,0.176,OPTIMAL
grid_4x4_31,seed_milpsnap_grid4x4_low.json,597,16,24,22,34.7222,0.0,0.197,OPTIMAL
grid_4x4_31,seed_milpsnap_grid4x4_low.json,598,16,24,23,34.7222,0.0,0.165,OPTIMAL
grid_4x4_31,seed_milpsnap_grid4x4_low.json,599,16,24,22,34.7222,0.0,0.144,OPTIMAL
grid_4x4_31,seed_milpsnap_grid4x4_low.json,600,16,24,22,34.7222,0.0,0.172,OPTIMAL
grid_4x4_31,seed_milpsnap_grid4x4_low.json,601,16,24,22,34.7222,0.0,0.187,OPTIMAL
grid_4x4_31,seed_milpsnap_grid4x4_low.json,602,16,24,20,34.7222,0.0,0.152,OPTIMAL
grid_4x4_31,seed_milpsnap_grid4x4_low.json,603,16,24,18,34.7222,0.0,0.134,OPTIMAL
grid_4x4_31,seed_milpsnap_grid4x4_low.json,604,16,24,19,34.7222,0.0,0.16,OPTIMAL
grid_4x4_31,seed_milpsnap_grid4x4_low.json,605,16,24,20,34.7222,0.0,0.163,OPTIMAL
grid_4x4_31,seed_milpsnap_grid4x4_low.json,606,16,24,18,34.7222,0.0,0.198,OPTIMAL
grid_4x4_31,seed_milpsnap_grid4x4_low.json,607,16,24,17,34.7222,0.0,0.128,OPTIMAL
grid_4x4_31,seed_milpsnap_grid4x4_low.json,608,16,24,15,34.7222,0.0,0.149,OPTIMAL
grid_4x4_31,seed_milpsnap_grid4x4_low.json,609,16,24,12,34.7222,0.0,0.102,OPTIMAL
grid_4x4_31,seed_milpsnap_grid4x4_low.json,610,16,24,11,34.7222,0.0,0.094,OPTIMAL
grid_4x4_31,seed_milpsnap_grid4x4_low.json,611,16,24,11,34.7222,0.0,0.086,OPTIMAL
grid_4x4_31,seed_milpsnap_grid4x4_low.json,612,16,24,11,34.7222,0.0,0.105,OPTIMAL
grid_4x4_31,seed_milpsnap_grid4x4_low.json,613,16,24,13,34.7222,0.0,0.097,OPTIMAL
grid_4x4_31,seed_milpsnap_grid4x4_low.json,614,16,24,11,34.7222,0.0,0.092,OPTIMAL
grid_4x4_31,seed_milpsnap_grid4x4_low.json,615,16,24,12,34.7222,0.0,0.128,OPTIMAL
grid_4x4_31,seed_milpsnap_grid4x4_low.json,616,16,24,11,40.2778,0.0,0.087,OPTIMAL
grid_4x4_31,seed_milpsnap_grid4x4_low.json,617,16,24,12,45.8333,0.0,0.068,OPTIMAL
grid_4x4_31,seed_milpsnap_grid4x4_low.json,618,16,24,13,40.2778,0.0,0.074,OPTIMAL
grid_4x4_31,seed_milpsnap_grid4x4_low.json,619,16,24,12,40.2778,0.0,0.071,OPTIMAL
grid_4x4_31,seed_milpsnap_grid4x4_low.json,620,16,24,11,40.2778,0.0,0.063,OPTIMAL
grid_4x4_31,seed_milpsnap_grid4x4_low.json,621,16,24,13,40.2778,0.0,0.073,OPTIMAL
grid_4x4_31,seed_milpsnap_grid4x4_low.json,622,16,24,11,40.2778,0.0,0.07,OPTIMAL
grid_4x4_31,seed_milpsnap_grid4x4_low.json,623,16,24,12,40.2778,0.0,0.073,OPTIMAL
grid_4x4_31,seed_milpsnap_grid4x4_low.json,624,16,24,14,34.7222,0.0,0.099,OPTIMAL
grid_4x4_31,seed_milpsnap_grid4x4_low.json,625,16,24,13,34.7222,0.0,0.107,OPTIMAL
grid_4x4_31,seed_milpsnap_grid4x4_low.json,626,16,24,14,40.2778,0.0,0.085,OPTIMAL
grid_4x4_31,seed_milpsnap_grid4x4_low.json,627,16,24,13,40.2778,0.0,0.074,OPTIMAL
grid_4x4_31,seed_milpsnap_grid4x4_low.json,628,16,24,15,40.2778,0.0,0.084,OPTIMAL
grid_4x4_31,seed_milpsnap_grid4x4_low.json,629,16,24,16,40.2778,0.0,0.1,OPTIMAL
grid_4x4_31,seed_milpsnap_grid4x4_low.json,630,16,24,15,40.2778,0.0,0.129,OPTIMAL
grid_4x4_31,seed_milpsnap_grid4x4_low.json,631,16,24,14,40.2778,0.0,0.105,OPTIMAL
grid_4x4_31,seed_milpsnap_grid4x4_low.json,632,16,24,13,40.2778,0.0,0.102,OPTIMAL
grid_4x4_31,seed_milpsnap_grid4x4_low.json,633,16,24,15,40.2778,0.0,0.093,OPTIMAL
grid_4x4_31,seed_milpsnap_grid4x4_low.json,634,16,24,13,40.2778,0.0,0.077,OPTIMAL
grid_4x4_31,seed_milpsnap_grid4x4_low.json,635,16,24,14,40.2778,0.0,0.081,OPTIMAL
grid_4x4_31,seed_milpsnap_grid4x4_low.json,636,16,24,15,40.2778,0.0,0.086,OPTIMAL
grid_4x4_31,seed_milpsnap_grid4x4_low.json,637,16,24,13,40.2778,0.0,0.087,OPTIMAL
grid_4x4_31,seed_milpsnap_grid4x4_low.json,638,16,24,14,40.2778,0.0,0.091,OPTIMAL
grid_4x4_31,seed_milpsnap_grid4x4_low.json,639,16,24,1,68.0556,0.0,0.011,OPTIMAL
grid_4x4_31,seed_milpsnap_grid4x4_low.json,640,16,24,2,68.0556,0.0,0.012,OPTIMAL
grid_4x4_31,seed_milpsnap_grid4x4_low.json,641,16,24,3,62.5,0.0,0.019,OPTIMAL
grid_4x4_31,seed_milpsnap_grid4x4_low.json,642,16,24,4,62.5,0.0,0.02,OPTIMAL
grid_4x4_31,seed_milpsnap_grid4x4_low.json,643,16,24,6,51.3889,0.0,0.035,OPTIMAL
grid_4x4_31,seed_milpsnap_grid4x4_low.json,644,16,24,8,40.2778,0.0,0.051,OPTIMAL
grid_4x4_31,seed_milpsnap_grid4x4_low.json,645,16,24,10,40.2778,0.0,0.062,OPTIMAL
grid_4x4_31,seed_milpsnap_grid4x4_low.json,646,16,24,12,40.2778,0.0,0.078,OPTIMAL
grid_4x4_31,seed_milpsnap_grid4x4_low.json,647,16,24,13,40.2778,0.0,0.078,OPTIMAL
grid_4x4_31,seed_milpsnap_grid4x4_low.json,648,16,24,13,40.2778,0.0,0.079,OPTIMAL
grid_4x4_31,seed_milpsnap_grid4x4_low.json,649,16,24,12,40.2778,0.0,0.069,OPTIMAL
grid_4x4_31,seed_milpsnap_grid4x4_low.json,650,16,24,13,40.2778,0.0,0.079,OPTIMAL
grid_4x4_31,seed_milpsnap_grid4x4_low.json,651,16,24,14,34.7222,0.0,0.097,OPTIMAL
grid_4x4_31,seed_milpsnap_grid4x4_low.json,652,16,24,15,34.7222,0.0,0.107,OPTIMAL
grid_4x4_31,seed_milpsnap_grid4x4_low.json,653,16,24,16,34.7222,0.0,0.097,OPTIMAL
grid_4x4_31,seed_milpsnap_grid4x4_low.json,654,16,24,16,34.7222,0.0,0.119,OPTIMAL
grid_4x4_31,seed_milpsnap_grid4x4_low.json,655,16,24,15,40.2778,0.0,0.09,OPTIMAL
grid_4x4_31,seed_milpsnap_grid4x4_low.json,656,16,24,16,40.2778,0.0,0.096,OPTIMAL
grid_4x4_31,seed_milpsnap_grid4x4_low.json,657,16,24,15,40.2778,0.0,0.082,OPTIMAL
grid_4x4_31,seed_milpsnap_grid4x4_low.json,658,16,24,15,40.2778,0.0,0.093,OPTIMAL
grid_4x4_31,seed_milpsnap_grid4x4_low.json,659,16,24,14,40.2778,0.0,0.094,OPTIMAL
grid_4x4_31,seed_milpsnap_grid4x4_low.json,660,16,24,15,40.2778,0.0,0.107,OPTIMAL
grid_4x4_31,seed_milpsnap_grid4x4_low.json,661,16,24,14,40.2778,0.0,0.101,OPTIMAL
grid_4x4_31,seed_milpsnap_grid4x4_low.json,662,16,24,15,40.2778,0.0,0.089,OPTIMAL
grid_4x4_31,seed_milpsnap_grid4x4_low.json,663,16,24,14,40.2778,0.0,0.08,OPTIMAL
grid_4x4_31,seed_milpsnap_grid4x4_low.json,664,16,24,14,34.7222,0.0,0.095,OPTIMAL
grid_4x4_31,seed_milpsnap_grid4x4_low.json,665,16,24,14,34.7222,0.0,0.098,OPTIMAL
grid_4x4_31,seed_milpsnap_grid4x4_low.json,666,16,24,16,34.7222,0.0,0.119,OPTIMAL
grid_4x4_31,seed_milpsnap_grid4x4_low.json,667,16,24,15,34.7222,0.0,0.113,OPTIMAL
grid_4x4_31,seed_milpsnap_grid4x4_low.json,668,16,24,16,34.7222,0.0,0.116,OPTIMAL
grid_4x4_31,seed_milpsnap_grid4x4_low.json,669,16,24,15,34.7222,0.0,0.106,OPTIMAL
grid_4x4_31,seed_milpsnap_grid4x4_low.json,670,16,24,14,34.7222,0.0,0.099,OPTIMAL
grid_4x4_31,seed_milpsnap_grid4x4_low.json,671,16,24,14,34.7222,0.0,0.1,OPTIMAL
grid_4x4_31,seed_milpsnap_grid4x4_low.json,672,16,24,16,34.7222,0.0,0.116,OPTIMAL
grid_4x4_31,seed_milpsnap_grid4x4_low.json,673,16,24,16,40.2778,0.0,0.091,OPTIMAL
grid_4x4_31,seed_milpsnap_grid4x4_low.json,674,16,24,19,34.7222,0.0,0.146,OPTIMAL
grid_4x4_31,seed_milpsnap_grid4x4_low.json,675,16,24,20,34.7222,0.0,0.15,OPTIMAL
grid_4x4_31,seed_milpsnap_grid4x4_low.json,676,16,24,21,34.7222,0.0,0.197,OPTIMAL
grid_4x4_31,seed_milpsnap_grid4x4_low.json,677,16,24,20,40.2778,0.0,0.122,OPTIMAL
grid_4x4_31,seed_milpsnap_grid4x4_low.json,678,16,24,20,40.2778,0.0,0.115,OPTIMAL
grid_4x4_31,seed_milpsnap_grid4x4_low.json,679,16,24,17,40.2778,0.0,0.103,OPTIMAL
grid_4x4_31,seed_milpsnap_grid4x4_low.json,680,16,24,22,34.7222,0.0,0.161,OPTIMAL
grid_4x4_31,seed_milpsnap_grid4x4_low.json,681,16,24,24,34.7222,0.0,0.194,OPTIMAL
grid_4x4_31,seed_milpsnap_grid4x4_low.json,682,16,24,25,34.7222,0.0,0.175,OPTIMAL
grid_4x4_31,seed_milpsnap_grid4x4_low.json,683,16,24,25,34.7222,0.0,0.161,OPTIMAL
grid_4x4_31,seed_milpsnap_grid4x4_low.json,684,16,24,27,34.7222,0.0,0.176,OPTIMAL
grid_4x4_31,seed_milpsnap_grid4x4_low.json,685,16,24,26,34.7222,0.0,0.201,OPTIMAL
grid_4x4_31,seed_milpsnap_grid4x4_low.json,686,16,24,24,34.7222,0.0,0.18,OPTIMAL
grid_4x4_31,seed_milpsnap_grid4x4_low.json,687,16,24,22,34.7222,0.0,0.173,OPTIMAL
grid_4x4_31,seed_milpsnap_grid4x4_low.json,688,16,24,19,34.7222,0.0,0.143,OPTIMAL
grid_4x4_31,seed_milpsnap_grid4x4_low.json,689,16,24,19,40.2778,0.0,0.116,OPTIMAL
grid_4x4_31,seed_milpsnap_grid4x4_low.json,690,16,24,18,34.7222,0.0,0.132,OPTIMAL
grid_4x4_31,seed_milpsnap_grid4x4_low.json,691,16,24,19,34.7222,0.0,0.14,OPTIMAL
grid_4x4_31,seed_milpsnap_grid4x4_low.json,692,16,24,20,34.7222,0.0,0.151,OPTIMAL
grid_4x4_31,seed_milpsnap_grid4x4_low.json,693,16,24,21,34.7222,0.0,0.177,OPTIMAL
grid_4x4_31,seed_milpsnap_grid4x4_low.json,694,16,24,20,34.7222,0.0,0.157,OPTIMAL
grid_4x4_31,seed_milpsnap_grid4x4_low.json,695,16,24,20,34.7222,0.0,0.15,OPTIMAL
grid_4x4_31,seed_milpsnap_grid4x4_low.json,696,16,24,20,34.7222,0.0,0.152,OPTIMAL
grid_4x4_31,seed_milpsnap_grid4x4_low.json,697,16,24,18,34.7222,0.0,0.134,OPTIMAL
grid_4x4_31,seed_milpsnap_grid4x4_low.json,698,16,24,19,34.7222,0.0,0.136,OPTIMAL
grid_4x4_31,seed_milpsnap_grid4x4_low.json,699,16,24,17,34.7222,0.0,0.133,OPTIMAL
grid_4x4_31,seed_milpsnap_grid4x4_low.json,700,16,24,18,34.7222,0.0,0.138,OPTIMAL
grid_4x4_31,seed_milpsnap_grid4x4_low.json,701,16,24,18,40.2778,0.0,0.109,OPTIMAL
grid_4x4_31,seed_milpsnap_grid4x4_low.json,702,16,24,19,40.2778,0.0,0.114,OPTIMAL
grid_4x4_31,seed_milpsnap_grid4x4_low.json,703,16,24,20,40.2778,0.0,0.115,OPTIMAL
grid_4x4_31,seed_milpsnap_grid4x4_low.json,704,16,24,18,40.2778,0.0,0.1,OPTIMAL
grid_4x4_31,seed_milpsnap_grid4x4_low.json,705,16,24,17,40.2778,0.0,0.094,OPTIMAL
grid_4x4_31,seed_milpsnap_grid4x4_low.json,706,16,24,16,40.2778,0.0,0.096,OPTIMAL
grid_4x4_31,seed_milpsnap_grid4x4_low.json,707,16,24,14,40.2778,0.0,0.1,OPTIMAL
grid_4x4_31,seed_milpsnap_grid4x4_low.json,708,16,24,13,40.2778,0.0,0.08,OPTIMAL
grid_4x4_31,seed_milpsnap_grid4x4_low.json,709,16,24,9,45.8333,0.0,0.053,OPTIMAL
grid_4x4_31,seed_milpsnap_grid4x4_low.json,710,16,24,8,40.2778,0.0,0.044,OPTIMAL
grid_4x4_31,seed_milpsnap_grid4x4_low.json,711,16,24,8,40.2778,0.0,0.061,OPTIMAL
grid_4x4_31,seed_milpsnap_grid4x4_low.json,712,16,24,9,40.2778,0.0,0.061,OPTIMAL
grid_4x4_31,seed_milpsnap_grid4x4_low.json,713,16,24,8,40.2778,0.0,0.06,OPTIMAL
grid_4x4_31,seed_milpsnap_grid4x4_low.json,714,16,24,10,40.2778,0.0,0.074,OPTIMAL
grid_4x4_31,seed_milpsnap_grid4x4_low.json,715,16,24,10,40.2778,0.0,0.073,OPTIMAL
grid_4x4_31,seed_milpsnap_grid4x4_low.json,716,16,24,9,40.2778,0.0,0.086,OPTIMAL
grid_4x4_31,seed_milpsnap_grid4x4_low.json,717,16,24,9,40.2778,0.0,0.126,OPTIMAL
grid_4x4_31,seed_milpsnap_grid4x4_low.json,718,16,24,10,40.2778,0.0,0.173,OPTIMAL
grid_4x4_31,seed_milpsnap_grid4x4_low.json,719,16,24,11,40.2778,0.0,0.168,OPTIMAL
grid_4x4_31,seed_milpsnap_grid4x4_low.json,720,16,24,13,40.2778,0.0,0.218,OPTIMAL
grid_4x4_31,seed_milpsnap_grid4x4_low.json,721,16,24,14,40.2778,0.0,0.233,OPTIMAL
grid_4x4_31,seed_milpsnap_grid4x4_low.json,722,16,24,17,40.2778,0.0,0.12,OPTIMAL
grid_4x4_31,seed_milpsnap_grid4x4_low.json,723,16,24,18,40.2778,0.0,0.15,OPTIMAL
grid_4x4_31,seed_milpsnap_grid4x4_low.json,724,16,24,20,40.2778,0.0,0.119,OPTIMAL
grid_4x4_31,seed_milpsnap_grid4x4_low.json,725,16,24,19,40.2778,0.0,0.114,OPTIMAL
grid_4x4_31,seed_milpsnap_grid4x4_low.json,726,16,24,20,40.2778,0.0,0.118,OPTIMAL
grid_4x4_31,seed_milpsnap_grid4x4_low.json,727,16,24,18,40.2778,0.0,0.109,OPTIMAL
grid_4x4_31,seed_milpsnap_grid4x4_low.json,728,16,24,18,40.2778,0.0,0.105,OPTIMAL
grid_4x4_31,seed_milpsnap_grid4x4_low.json,729,16,24,19,40.2778,0.0,0.115,OPTIMAL
grid_4x4_31,seed_milpsnap_grid4x4_low.json,730,16,24,20,40.2778,0.0,0.113,OPTIMAL
grid_4x4_31,seed_milpsnap_grid4x4_low.json,731,16,24,19,40.2778,0.0,0.108,OPTIMAL
grid_4x4_31,seed_milpsnap_grid4x4_low.json,732,16,24,20,40.2778,0.0,0.11,OPTIMAL
grid_4x4_31,seed_milpsnap_grid4x4_low.json,733,16,24,19,34.7222,0.0,0.123,OPTIMAL
grid_4x4_31,seed_milpsnap_grid4x4_low.json,734,16,24,18,34.7222,0.0,0.118,OPTIMAL
grid_4x4_31,seed_milpsnap_grid4x4_low.json,735,16,24,15,34.7222,0.0,0.102,OPTIMAL
grid_4x4_31,seed_milpsnap_grid4x4_low.json,736,16,24,15,34.7222,0.0,0.103,OPTIMAL
grid_4x4_31,seed_milpsnap_grid4x4_low.json,737,16,24,12,34.7222,0.0,0.121,OPTIMAL
grid_4x4_31,seed_milpsnap_grid4x4_low.json,738,16,24,13,34.7222,0.0,0.098,OPTIMAL
grid_4x4_31,seed_milpsnap_grid4x4_low.json,739,16,24,13,40.2778,0.0,0.083,OPTIMAL
grid_4x4_31,seed_milpsnap_grid4x4_low.json,740,16,24,12,40.2778,0.0,0.068,OPTIMAL
grid_4x4_31,seed_milpsnap_grid4x4_low.json,741,16,24,11,40.2778,0.0,0.068,OPTIMAL
grid_4x4_31,seed_milpsnap_grid4x4_low.json,742,16,24,10,34.7222,0.0,0.071,OPTIMAL
grid_4x4_31,seed_milpsnap_grid4x4_low.json,743,16,24,9,40.2778,0.0,0.056,OPTIMAL
grid_4x4_31,seed_milpsnap_grid4x4_low.json,744,16,24,7,40.2778,0.0,0.05,OPTIMAL
grid_4x4_31,seed_milpsnap_grid4x4_low.json,745,16,24,7,40.2778,0.0,0.046,OPTIMAL
grid_4x4_31,seed_milpsnap_grid4x4_low.json,746,16,24,9,34.7222,0.0,0.067,OPTIMAL
grid_4x4_31,seed_milpsnap_grid4x4_low.json,747,16,24,10,34.7222,0.0,0.07,OPTIMAL
grid_4x4_31,seed_milpsnap_grid4x4_low.json,748,16,24,11,34.7222,0.0,0.103,OPTIMAL
grid_4x4_31,seed_milpsnap_grid4x4_low.json,749,16,24,9,47.2222,0.0,0.041,OPTIMAL
grid_4x4_31,seed_milpsnap_grid4x4_low.json,750,16,24,10,41.6667,0.0,0.056,OPTIMAL
grid_4x4_31,seed_milpsnap_grid4x4_low.json,751,16,24,9,47.2222,0.0,0.041,OPTIMAL
grid_4x4_31,seed_milpsnap_grid4x4_low.json,752,16,24,8,52.7778,0.0,0.037,OPTIMAL
grid_4x4_31,seed_milpsnap_grid4x4_low.json,753,16,24,10,52.7778,0.0,0.047,OPTIMAL
grid_4x4_31,seed_milpsnap_grid4x4_low.json,754,16,24,10,51.3889,0.0,0.046,OPTIMAL
grid_4x4_31,seed_milpsnap_grid4x4_low.json,755,16,24,12,45.8333,0.0,0.055,OPTIMAL
grid_4x4_31,seed_milpsnap_grid4x4_low.json,756,16,24,11,45.8333,0.0,0.051,OPTIMAL
grid_4x4_31,seed_milpsnap_grid4x4_low.json,757,16,24,12,45.8333,0.0,0.056,OPTIMAL
grid_4x4_31,seed_milpsnap_grid4x4_low.json,758,16,24,12,45.8333,0.0,0.055,OPTIMAL
grid_4x4_31,seed_milpsnap_grid4x4_low.json,759,16,24,14,36.1111,0.0,0.1,OPTIMAL
grid_4x4_31,seed_milpsnap_grid4x4_low.json,760,16,24,14,36.1111,0.0,0.094,OPTIMAL
grid_4x4_31,seed_milpsnap_grid4x4_low.json,761,16,24,16,34.7222,0.0,0.154,OPTIMAL
grid_4x4_31,seed_milpsnap_grid4x4_low.json,762,16,24,16,34.7222,0.0,0.119,OPTIMAL
grid_4x4_31,seed_milpsnap_grid4x4_low.json,763,16,24,19,34.7222,0.0,0.136,OPTIMAL
grid_4x4_31,seed_milpsnap_grid4x4_low.json,764,16,24,18,34.7222,0.0,0.132,OPTIMAL
grid_4x4_31,seed_milpsnap_grid4x4_low.json,765,16,24,19,34.7222,0.0,0.145,OPTIMAL
grid_4x4_31,seed_milpsnap_grid4x4_low.json,766,16,24,20,34.7222,0.0,0.144,OPTIMAL
grid_4x4_31,seed_milpsnap_grid4x4_low.json,767,16,24,21,34.7222,0.0,0.147,OPTIMAL
grid_4x4_31,seed_milpsnap_grid4x4_low.json,768,16,24,20,34.7222,0.0,0.143,OPTIMAL
grid_4x4_31,seed_milpsnap_grid4x4_low.json,769,16,24,19,34.7222,0.0,0.133,OPTIMAL
grid_4x4_31,seed_milpsnap_grid4x4_low.json,770,16,24,21,34.7222,0.0,0.131,OPTIMAL
grid_4x4_31,seed_milpsnap_grid4x4_low.json,771,16,24,22,34.7222,0.0,0.158,OPTIMAL
grid_4x4_31,seed_milpsnap_grid4x4_low.json,772,16,24,1,90.2778,0.0,0.005,OPTIMAL
grid_4x4_31,seed_milpsnap_grid4x4_low.json,773,16,24,4,52.7778,0.0,0.03,OPTIMAL
grid_4x4_31,seed_milpsnap_grid4x4_low.json,774,16,24,6,45.8333,0.0,0.027,OPTIMAL
grid_4x4_31,seed_milpsnap_grid4x4_low.json,775,16,24,7,40.2778,0.0,0.044,OPTIMAL
grid_4x4_31,seed_milpsnap_grid4x4_low.json,776,16,24,9,34.7222,0.0,0.074,OPTIMAL
grid_4x4_31,seed_milpsnap_grid4x4_low.json,777,16,24,12,34.7222,0.0,0.086,OPTIMAL
grid_4x4_31,seed_milpsnap_grid4x4_low.json,778,16,24,13,34.7222,0.0,0.095,OPTIMAL
grid_4x4_31,seed_milpsnap_grid4x4_low.json,779,16,24,14,34.7222,0.0,0.105,OPTIMAL
grid_4x4_31,seed_milpsnap_grid4x4_low.json,780,16,24,16,34.7222,0.0,0.126,OPTIMAL
grid_4x4_31,seed_milpsnap_grid4x4_low.json,781,16,24,14,40.2778,0.0,0.084,OPTIMAL
grid_4x4_31,seed_milpsnap_grid4x4_low.json,782,16,24,15,40.2778,0.0,0.084,OPTIMAL
grid_4x4_31,seed_milpsnap_grid4x4_low.json,783,16,24,16,40.2778,0.0,0.095,OPTIMAL
grid_4x4_31,seed_milpsnap_grid4x4_low.json,784,16,24,15,40.2778,0.0,0.089,OPTIMAL
grid_4x4_31,seed_milpsnap_grid4x4_low.json,785,16,24,15,34.7222,0.0,0.116,OPTIMAL
grid_4x4_31,seed_milpsnap_grid4x4_low.json,786,16,24,18,34.7222,0.0,0.136,OPTIMAL
grid_4x4_31,seed_milpsnap_grid4x4_low.json,787,16,24,17,34.7222,0.0,0.138,OPTIMAL
grid_4x4_31,seed_milpsnap_grid4x4_low.json,788,16,24,21,34.7222,0.0,0.178,OPTIMAL
grid_4x4_31,seed_milpsnap_grid4x4_low.json,789,16,24,21,34.7222,0.0,0.168,OPTIMAL
grid_4x4_31,seed_milpsnap_grid4x4_low.json,790,16,24,21,40.2778,0.0,0.126,OPTIMAL
grid_4x4_31,seed_milpsnap_grid4x4_low.json,791,16,24,19,34.7222,0.0,0.144,OPTIMAL
grid_4x4_31,seed_milpsnap_grid4x4_low.json,792,16,24,19,34.7222,0.0,0.146,OPTIMAL
grid_4x4_31,seed_milpsnap_grid4x4_low.json,793,16,24,20,34.7222,0.0,0.142,OPTIMAL
grid_4x4_31,seed_milpsnap_grid4x4_low.json,794,16,24,17,34.7222,0.0,0.113,OPTIMAL
grid_4x4_31,seed_milpsnap_grid4x4_low.json,795,16,24,16,34.7222,0.0,0.143,OPTIMAL
grid_4x4_31,seed_milpsnap_grid4x4_low.json,796,16,24,17,34.7222,0.0,0.111,OPTIMAL
grid_4x4_31,seed_milpsnap_grid4x4_low.json,797,16,24,16,40.2778,0.0,0.087,OPTIMAL
grid_4x4_31,seed_milpsnap_grid4x4_low.json,798,16,24,14,40.2778,0.0,0.081,OPTIMAL
grid_4x4_31,seed_milpsnap_grid4x4_low.json,799,16,24,12,40.2778,0.0,0.067,OPTIMAL
grid_4x4_31,seed_milpsnap_grid4x4_low.json,800,16,24,9,40.2778,0.0,0.051,OPTIMAL
grid_4x4_31,seed_milpsnap_grid4x4_low.json,801,16,24,10,40.2778,0.0,0.059,OPTIMAL
grid_4x4_31,seed_milpsnap_grid4x4_low.json,802,16,24,12,40.2778,0.0,0.069,OPTIMAL
grid_4x4_31,seed_milpsnap_grid4x4_low.json,803,16,24,13,40.2778,0.0,0.077,OPTIMAL
grid_4x4_31,seed_milpsnap_grid4x4_low.json,804,16,24,14,40.2778,0.0,0.086,OPTIMAL
grid_4x4_31,seed_milpsnap_grid4x4_low.json,805,16,24,14,40.2778,0.0,0.083,OPTIMAL
grid_4x4_31,seed_milpsnap_grid4x4_low.json,806,16,24,15,40.2778,0.0,0.089,OPTIMAL
grid_4x4_31,seed_milpsnap_grid4x4_low.json,807,16,24,14,40.2778,0.0,0.087,OPTIMAL
grid_4x4_31,seed_milpsnap_grid4x4_low.json,808,16,24,16,40.2778,0.0,0.09,OPTIMAL
grid_4x4_31,seed_milpsnap_grid4x4_low.json,809,16,24,15,40.2778,0.0,0.087,OPTIMAL
grid_4x4_31,seed_milpsnap_grid4x4_low.json,810,16,24,14,45.8333,0.0,0.063,OPTIMAL
grid_4x4_31,seed_milpsnap_grid4x4_low.json,811,16,24,17,40.2778,0.0,0.109,OPTIMAL
grid_4x4_31,seed_milpsnap_grid4x4_low.json,812,16,24,20,40.2778,0.0,0.127,OPTIMAL
grid_4x4_31,seed_milpsnap_grid4x4_low.json,813,16,24,19,40.2778,0.0,0.112,OPTIMAL
grid_4x4_31,seed_milpsnap_grid4x4_low.json,814,16,24,17,40.2778,0.0,0.106,OPTIMAL
grid_4x4_31,seed_milpsnap_grid4x4_low.json,815,16,24,15,40.2778,0.0,0.086,OPTIMAL
grid_4x4_31,seed_milpsnap_grid4x4_low.json,816,16,24,15,40.2778,0.0,0.09,OPTIMAL
grid_4x4_31,seed_milpsnap_grid4x4_low.json,817,16,24,14,40.2778,0.0,0.083,OPTIMAL
grid_4x4_31,seed_milpsnap_grid4x4_low.json,818,16,24,13,40.2778,0.0,0.076,OPTIMAL
grid_4x4_31,seed_milpsnap_grid4x4_low.json,819,16,24,12,40.2778,0.0,0.068,OPTIMAL
grid_4x4_31,seed_milpsnap_grid4x4_low.json,820,16,24,13,40.2778,0.0,0.08,OPTIMAL
grid_4x4_31,seed_milpsnap_grid4x4_low.json,821,16,24,14,40.2778,0.0,0.081,OPTIMAL
grid_4x4_31,seed_milpsnap_grid4x4_low.json,822,16,24,15,40.2778,0.0,0.084,OPTIMAL
grid_4x4_31,seed_milpsnap_grid4x4_low.json,823,16,24,16,40.2778,0.0,0.1,OPTIMAL
grid_4x4_31,seed_milpsnap_grid4x4_low.json,824,16,24,14,40.2778,0.0,0.098,OPTIMAL
grid_4x4_31,seed_milpsnap_grid4x4_low.json,825,16,24,11,40.2778,0.0,0.065,OPTIMAL
grid_4x4_31,seed_milpsnap_grid4x4_low.json,826,16,24,12,40.2778,0.0,0.068,OPTIMAL
grid_4x4_31,seed_milpsnap_grid4x4_low.json,827,16,24,14,40.2778,0.0,0.078,OPTIMAL
grid_4x4_31,seed_milpsnap_grid4x4_low.json,828,16,24,13,40.2778,0.0,0.079,OPTIMAL
grid_4x4_31,seed_milpsnap_grid4x4_low.json,829,16,24,13,40.2778,0.0,0.097,OPTIMAL
grid_4x4_31,seed_milpsnap_grid4x4_low.json,830,16,24,14,40.2778,0.0,0.075,OPTIMAL
grid_4x4_31,seed_milpsnap_grid4x4_low.json,831,16,24,15,40.2778,0.0,0.087,OPTIMAL
grid_4x4_31,seed_milpsnap_grid4x4_low.json,832,16,24,14,40.2778,0.0,0.078,OPTIMAL
grid_4x4_31,seed_milpsnap_grid4x4_low.json,833,16,24,11,40.2778,0.0,0.061,OPTIMAL
grid_4x4_31,seed_milpsnap_grid4x4_low.json,834,16,24,11,40.2778,0.0,0.059,OPTIMAL
grid_4x4_31,seed_milpsnap_grid4x4_low.json,835,16,24,10,40.2778,0.0,0.055,OPTIMAL
grid_4x4_31,seed_milpsnap_grid4x4_low.json,836,16,24,11,40.2778,0.0,0.061,OPTIMAL
grid_4x4_31,seed_milpsnap_grid4x4_low.json,837,16,24,11,40.2778,0.0,0.076,OPTIMAL
grid_4x4_31,seed_milpsnap_grid4x4_low.json,838,16,24,12,40.2778,0.0,0.067,OPTIMAL
grid_4x4_31,seed_milpsnap_grid4x4_low.json,839,16,24,13,40.2778,0.0,0.073,OPTIMAL
grid_4x4_31,seed_milpsnap_grid4x4_low.json,840,16,24,11,45.8333,0.0,0.049,OPTIMAL
grid_4x4_31,seed_milpsnap_grid4x4_low.json,841,16,24,12,36.1111,0.0,0.08,OPTIMAL
grid_4x4_31,seed_milpsnap_grid4x4_low.json,842,16,24,13,36.1111,0.0,0.083,OPTIMAL
grid_4x4_31,seed_milpsnap_grid4x4_low.json,843,16,24,13,36.1111,0.0,0.099,OPTIMAL
grid_4x4_31,seed_milpsnap_grid4x4_low.json,844,16,24,12,36.1111,0.0,0.088,OPTIMAL
grid_4x4_31,seed_milpsnap_grid4x4_low.json,845,16,24,13,36.1111,0.0,0.092,OPTIMAL
grid_4x4_31,seed_milpsnap_grid4x4_low.json,846,16,24,12,36.1111,0.0,0.082,OPTIMAL
grid_4x4_31,seed_milpsnap_grid4x4_low.json,847,16,24,15,36.1111,0.0,0.111,OPTIMAL
grid_4x4_31,seed_milpsnap_grid4x4_low.json,848,16,24,15,36.1111,0.0,0.101,OPTIMAL
grid_4x4_31,seed_milpsnap_grid4x4_low.json,849,16,24,17,36.1111,0.0,0.121,OPTIMAL
grid_4x4_31,seed_milpsnap_grid4x4_low.json,850,16,24,17,36.1111,0.0,0.127,OPTIMAL
grid_4x4_31,seed_milpsnap_grid4x4_low.json,851,16,24,16,40.2778,0.0,0.098,OPTIMAL
grid_4x4_31,seed_milpsnap_grid4x4_low.json,852,16,24,18,40.2778,0.0,0.111,OPTIMAL
grid_4x4_31,seed_milpsnap_grid4x4_low.json,853,16,24,18,40.2778,0.0,0.108,OPTIMAL
grid_4x4_31,seed_milpsnap_grid4x4_low.json,854,16,24,20,40.2778,0.0,0.124,OPTIMAL
grid_4x4_31,seed_milpsnap_grid4x4_low.json,855,16,24,21,45.8333,0.0,0.096,OPTIMAL
grid_4x4_31,seed_milpsnap_grid4x4_low.json,856,16,24,21,45.8333,0.0,0.098,OPTIMAL
grid_4x4_31,seed_milpsnap_grid4x4_low.json,857,16,24,21,45.8333,0.0,0.099,OPTIMAL
grid_4x4_31,seed_milpsnap_grid4x4_low.json,858,16,24,20,45.8333,0.0,0.095,OPTIMAL
grid_4x4_31,seed_milpsnap_grid4x4_low.json,859,16,24,20,45.8333,0.0,0.091,OPTIMAL
grid_4x4_31,seed_milpsnap_grid4x4_low.json,860,16,24,18,45.8333,0.0,0.079,OPTIMAL
grid_4x4_31,seed_milpsnap_grid4x4_low.json,861,16,24,18,36.1111,0.0,0.11,OPTIMAL
grid_4x4_31,seed_milpsnap_grid4x4_low.json,862,16,24,17,40.2778,0.0,0.097,OPTIMAL
grid_4x4_31,seed_milpsnap_grid4x4_low.json,863,16,24,17,36.1111,0.0,0.116,OPTIMAL
grid_4x4_31,seed_milpsnap_grid4x4_low.json,864,16,24,16,36.1111,0.0,0.107,OPTIMAL
grid_4x4_31,seed_milpsnap_grid4x4_low.json,865,16,24,13,36.1111,0.0,0.08,OPTIMAL
grid_4x4_31,seed_milpsnap_grid4x4_low.json,866,16,24,13,36.1111,0.0,0.087,OPTIMAL
grid_4x4_31,seed_milpsnap_grid4x4_low.json,867,16,24,12,40.2778,0.0,0.068,OPTIMAL
grid_4x4_31,seed_milpsnap_grid4x4_low.json,868,16,24,10,41.6667,0.0,0.058,OPTIMAL
grid_4x4_31,seed_milpsnap_grid4x4_low.json,869,16,24,9,41.6667,0.0,0.052,OPTIMAL
grid_4x4_31,seed_milpsnap_grid4x4_low.json,870,16,24,8,41.6667,0.0,0.046,OPTIMAL
grid_4x4_31,seed_milpsnap_grid4x4_low.json,871,16,24,9,41.6667,0.0,0.056,OPTIMAL
grid_4x4_31,seed_milpsnap_grid4x4_low.json,872,16,24,9,41.6667,0.0,0.052,OPTIMAL
grid_4x4_31,seed_milpsnap_grid4x4_low.json,873,16,24,10,40.2778,0.0,0.055,OPTIMAL
grid_4x4_31,seed_milpsnap_grid4x4_low.json,874,16,24,9,40.2778,0.0,0.073,OPTIMAL
grid_4x4_31,seed_milpsnap_grid4x4_low.json,875,16,24,11,40.2778,0.0,0.065,OPTIMAL
grid_4x4_31,seed_milpsnap_grid4x4_low.json,876,16,24,10,40.2778,0.0,0.073,OPTIMAL
grid_4x4_31,seed_milpsnap_grid4x4_low.json,877,16,24,11,40.2778,0.0,0.061,OPTIMAL
grid_4x4_31,seed_milpsnap_grid4x4_low.json,878,16,24,13,36.1111,0.0,0.093,OPTIMAL
grid_4x4_31,seed_milpsnap_grid4x4_low.json,879,16,24,12,40.2778,0.0,0.075,OPTIMAL
grid_4x4_31,seed_milpsnap_grid4x4_low.json,880,16,24,13,40.2778,0.0,0.086,OPTIMAL
grid_4x4_31,seed_milpsnap_grid4x4_low.json,881,16,24,14,40.2778,0.0,0.086,OPTIMAL
grid_4x4_31,seed_milpsnap_grid4x4_low.json,882,16,24,17,34.7222,0.0,0.125,OPTIMAL
grid_4x4_31,seed_milpsnap_grid4x4_low.json,883,16,24,16,34.7222,0.0,0.111,OPTIMAL
grid_4x4_31,seed_milpsnap_grid4x4_low.json,884,16,24,18,34.7222,0.0,0.132,OPTIMAL
grid_4x4_31,seed_milpsnap_grid4x4_low.json,885,16,24,18,34.7222,0.0,0.133,OPTIMAL
grid_4x4_31,seed_milpsnap_grid4x4_low.json,886,16,24,17,34.7222,0.0,0.123,OPTIMAL
grid_4x4_31,seed_milpsnap_grid4x4_low.json,887,16,24,18,34.7222,0.0,0.135,OPTIMAL
grid_4x4_31,seed_milpsnap_grid4x4_low.json,888,16,24,15,34.7222,0.0,0.103,OPTIMAL
grid_4x4_31,seed_milpsnap_grid4x4_low.json,889,16,24,16,34.7222,0.0,0.143,OPTIMAL
grid_4x4_31,seed_milpsnap_grid4x4_low.json,890,16,24,16,34.7222,0.0,0.123,OPTIMAL
grid_4x4_31,seed_milpsnap_grid4x4_low.json,891,16,24,15,40.2778,0.0,0.087,OPTIMAL
grid_4x4_31,seed_milpsnap_grid4x4_low.json,892,16,24,14,40.2778,0.0,0.082,OPTIMAL
grid_4x4_31,seed_milpsnap_grid4x4_low.json,893,16,24,13,40.2778,0.0,0.075,OPTIMAL
grid_4x4_31,seed_milpsnap_grid4x4_low.json,894,16,24,15,40.2778,0.0,0.084,OPTIMAL
grid_4x4_31,seed_milpsnap_grid4x4_low.json,895,16,24,14,40.2778,0.0,0.079,OPTIMAL
grid_4x4_31,seed_milpsnap_grid4x4_low.json,896,16,24,11,40.2778,0.0,0.073,OPTIMAL
grid_4x4_31,seed_milpsnap_grid4x4_low.json,897,16,24,9,40.2778,0.0,0.071,OPTIMAL
grid_4x4_31,seed_milpsnap_grid4x4_low.json,898,16,24,1,90.2778,0.0,0.004,OPTIMAL
grid_4x4_31,seed_milpsnap_grid4x4_low.json,899,16,24,2,73.6111,0.0,0.011,OPTIMAL
grid_4x4_31,seed_milpsnap_grid4x4_low.json,900,16,24,4,45.8333,0.0,0.026,OPTIMAL
grid_4x4_31,seed_milpsnap_grid4x4_low.json,901,16,24,5,45.8333,0.0,0.036,OPTIMAL
grid_4x4_31,seed_milpsnap_grid4x4_low.json,902,16,24,6,41.6667,0.0,0.044,OPTIMAL
grid_4x4_31,seed_milpsnap_grid4x4_low.json,903,16,24,7,40.2778,0.0,0.056,OPTIMAL
grid_4x4_31,seed_milpsnap_grid4x4_low.json,904,16,24,9,40.2778,0.0,0.059,OPTIMAL
grid_4x4_31,seed_milpsnap_grid4x4_low.json,905,16,24,9,40.2778,0.0,0.054,OPTIMAL
grid_4x4_31,seed_milpsnap_grid4x4_low.json,906,16,24,13,40.2778,0.0,0.073,OPTIMAL
grid_4x4_31,seed_milpsnap_grid4x4_low.json,907,16,24,14,40.2778,0.0,0.077,OPTIMAL
grid_4x4_31,seed_milpsnap_grid4x4_low.json,908,16,24,15,34.7222,0.0,0.152,OPTIMAL
grid_4x4_31,seed_milpsnap_grid4x4_low.json,909,16,24,16,34.7222,0.0,0.118,OPTIMAL
grid_4x4_31,seed_milpsnap_grid4x4_low.json,910,16,24,17,34.7222,0.0,0.125,OPTIMAL
grid_4x4_31,seed_milpsnap_grid4x4_low.json,911,16,24,17,34.7222,0.0,0.124,OPTIMAL
grid_4x4_31,seed_milpsnap_grid4x4_low.json,912,16,24,18,34.7222,0.0,0.133,OPTIMAL
grid_4x4_31,seed_milpsnap_grid4x4_low.json,913,16,24,20,34.7222,0.0,0.142,OPTIMAL
grid_4x4_31,seed_milpsnap_grid4x4_low.json,914,16,24,21,34.7222,0.0,0.157,OPTIMAL
grid_4x4_31,seed_milpsnap_grid4x4_low.json,915,16,24,22,34.7222,0.0,0.162,OPTIMAL
grid_4x4_31,seed_milpsnap_grid4x4_low.json,916,16,24,22,34.7222,0.0,0.145,OPTIMAL
grid_4x4_31,seed_milpsnap_grid4x4_low.json,917,16,24,23,34.7222,0.0,0.162,OPTIMAL
grid_4x4_31,seed_milpsnap_grid4x4_low.json,918,16,24,21,34.7222,0.0,0.156,OPTIMAL
grid_4x4_31,seed_milpsnap_grid4x4_low.json,919,16,24,21,34.7222,0.0,0.155,OPTIMAL
grid_4x4_31,seed_milpsnap_grid4x4_low.json,920,16,24,17,34.7222,0.0,0.127,OPTIMAL
grid_4x4_31,seed_milpsnap_grid4x4_low.json,921,16,24,16,34.7222,0.0,0.104,OPTIMAL
grid_4x4_31,seed_milpsnap_grid4x4_low.json,922,16,24,13,34.7222,0.0,0.088,OPTIMAL
grid_4x4_31,seed_milpsnap_grid4x4_low.json,923,16,24,12,34.7222,0.0,0.088,OPTIMAL
grid_4x4_31,seed_milpsnap_grid4x4_low.json,924,16,24,13,34.7222,0.0,0.091,OPTIMAL
grid_4x4_31,seed_milpsnap_grid4x4_low.json,925,16,24,12,34.7222,0.0,0.083,OPTIMAL
grid_4x4_31,seed_milpsnap_grid4x4_low.json,926,16,24,12,34.7222,0.0,0.078,OPTIMAL
grid_4x4_31,seed_milpsnap_grid4x4_low.json,927,16,24,12,34.7222,0.0,0.087,OPTIMAL
grid_4x4_31,seed_milpsnap_grid4x4_low.json,928,16,24,12,40.2778,0.0,0.066,OPTIMAL
grid_4x4_31,seed_milpsnap_grid4x4_low.json,929,16,24,11,40.2778,0.0,0.061,OPTIMAL
grid_4x4_31,seed_milpsnap_grid4x4_low.json,930,16,24,12,40.2778,0.0,0.068,OPTIMAL
grid_4x4_31,seed_milpsnap_grid4x4_low.json,931,16,24,12,40.2778,0.0,0.069,OPTIMAL
grid_4x4_31,seed_milpsnap_grid4x4_low.json,932,16,24,11,45.8333,0.0,0.047,OPTIMAL
grid_4x4_31,seed_milpsnap_grid4x4_low.json,933,16,24,11,45.8333,0.0,0.051,OPTIMAL
grid_4x4_31,seed_milpsnap_grid4x4_low.json,934,16,24,11,40.2778,0.0,0.059,OPTIMAL
grid_4x4_31,seed_milpsnap_grid4x4_low.json,935,16,24,13,34.7222,0.0,0.12,OPTIMAL
grid_4x4_31,seed_milpsnap_grid4x4_low.json,936,16,24,12,34.7222,0.0,0.097,OPTIMAL
grid_4x4_31,seed_milpsnap_grid4x4_low.json,937,16,24,13,34.7222,0.0,0.092,OPTIMAL
grid_4x4_31,seed_milpsnap_grid4x4_low.json,938,16,24,14,34.7222,0.0,0.104,OPTIMAL
grid_4x4_31,seed_milpsnap_grid4x4_low.json,939,16,24,14,40.2778,0.0,0.08,OPTIMAL
grid_4x4_31,seed_milpsnap_grid4x4_low.json,940,16,24,12,40.2778,0.0,0.069,OPTIMAL
grid_4x4_31,seed_milpsnap_grid4x4_low.json,941,16,24,13,40.2778,0.0,0.08,OPTIMAL
grid_4x4_31,seed_milpsnap_grid4x4_low.json,942,16,24,11,40.2778,0.0,0.101,OPTIMAL
grid_4x4_31,seed_milpsnap_grid4x4_low.json,943,16,24,10,40.2778,0.0,0.094,OPTIMAL
grid_4x4_31,seed_milpsnap_grid4x4_low.json,944,16,24,9,40.2778,0.0,0.1,OPTIMAL
grid_4x4_31,seed_milpsnap_grid4x4_low.json,945,16,24,9,40.2778,0.0,0.077,OPTIMAL
grid_4x4_31,seed_milpsnap_grid4x4_low.json,946,16,24,9,45.8333,0.0,0.06,OPTIMAL
grid_4x4_31,seed_milpsnap_grid4x4_low.json,947,16,24,7,45.8333,0.0,0.056,OPTIMAL
grid_4x4_31,seed_milpsnap_grid4x4_low.json,948,16,24,8,40.2778,0.0,0.07,OPTIMAL
grid_4x4_31,seed_milpsnap_grid4x4_low.json,949,16,24,10,40.2778,0.0,0.073,OPTIMAL
grid_4x4_31,seed_milpsnap_grid4x4_low.json,950,16,24,9,40.2778,0.0,0.06,OPTIMAL
grid_4x4_31,seed_milpsnap_grid4x4_low.json,951,16,24,7,40.2778,0.0,0.056,OPTIMAL
grid_4x4_31,seed_milpsnap_grid4x4_low.json,952,16,24,6,40.2778,0.0,0.057,OPTIMAL
grid_4x4_31,seed_milpsnap_grid4x4_low.json,953,16,24,5,51.3889,0.0,0.031,OPTIMAL
grid_4x4_31,seed_milpsnap_grid4x4_low.json,954,16,24,6,45.8333,0.0,0.047,OPTIMAL
grid_4x4_31,seed_milpsnap_grid4x4_low.json,955,16,24,7,45.8333,0.0,0.042,OPTIMAL
grid_4x4_31,seed_milpsnap_grid4x4_low.json,956,16,24,6,45.8333,0.0,0.044,OPTIMAL
grid_4x4_31,seed_milpsnap_grid4x4_low.json,957,16,24,5,51.3889,0.0,0.03,OPTIMAL
grid_4x4_31,seed_milpsnap_grid4x4_low.json,958,16,24,6,45.8333,0.0,0.037,OPTIMAL
grid_4x4_31,seed_milpsnap_grid4x4_low.json,959,16,24,7,45.8333,0.0,0.042,OPTIMAL
grid_4x4_31,seed_milpsnap_grid4x4_low.json,960,16,24,6,45.8333,0.0,0.037,OPTIMAL
grid_4x4_31,seed_milpsnap_grid4x4_low.json,961,16,24,4,51.3889,0.0,0.026,OPTIMAL
grid_4x4_31,seed_milpsnap_grid4x4_low.json,962,16,24,7,40.2778,0.0,0.04,OPTIMAL
grid_4x4_31,seed_milpsnap_grid4x4_low.json,963,16,24,8,40.2778,0.0,0.046,OPTIMAL
grid_4x4_31,seed_milpsnap_grid4x4_low.json,964,16,24,9,40.2778,0.0,0.052,OPTIMAL
grid_4x4_31,seed_milpsnap_grid4x4_low.json,965,16,24,9,40.2778,0.0,0.08,OPTIMAL
grid_4x4_31,seed_milpsnap_grid4x4_low.json,966,16,24,8,45.8333,0.0,0.054,OPTIMAL
grid_4x4_31,seed_milpsnap_grid4x4_low.json,967,16,24,9,40.2778,0.0,0.083,OPTIMAL
grid_4x4_31,seed_milpsnap_grid4x4_low.json,968,16,24,11,40.2778,0.0,0.089,OPTIMAL
grid_4x4_31,seed_milpsnap_grid4x4_low.json,969,16,24,12,40.2778,0.0,0.098,OPTIMAL
grid_4x4_31,seed_milpsnap_grid4x4_low.json,970,16,24,11,40.2778,0.0,0.089,OPTIMAL
grid_4x4_31,seed_milpsnap_grid4x4_low.json,971,16,24,11,40.2778,0.0,0.091,OPTIMAL
grid_4x4_31,seed_milpsnap_grid4x4_low.json,972,16,24,12,40.2778,0.0,0.069,OPTIMAL
grid_4x4_31,seed_milpsnap_grid4x4_low.json,973,16,24,13,40.2778,0.0,0.082,OPTIMAL
grid_4x4_31,seed_milpsnap_grid4x4_low.json,974,16,24,11,45.8333,0.0,0.065,OPTIMAL
grid_4x4_31,seed_milpsnap_grid4x4_low.json,975,16,24,10,45.8333,0.0,0.061,OPTIMAL
grid_4x4_31,seed_milpsnap_grid4x4_low.json,976,16,24,11,45.8333,0.0,0.063,OPTIMAL
grid_4x4_31,seed_milpsnap_grid4x4_low.json,977,16,24,12,45.8333,0.0,0.053,OPTIMAL
grid_4x4_31,seed_milpsnap_grid4x4_low.json,978,16,24,13,45.8333,0.0,0.058,OPTIMAL
grid_4x4_31,seed_milpsnap_grid4x4_low.json,979,16,24,13,45.8333,0.0,0.06,OPTIMAL
grid_4x4_31,seed_milpsnap_grid4x4_low.json,980,16,24,14,40.2778,0.0,0.078,OPTIMAL
grid_4x4_31,seed_milpsnap_grid4x4_low.json,981,16,24,15,40.2778,0.0,0.082,OPTIMAL
grid_4x4_31,seed_milpsnap_grid4x4_low.json,982,16,24,13,40.2778,0.0,0.076,OPTIMAL
grid_4x4_31,seed_milpsnap_grid4x4_low.json,983,16,24,12,40.2778,0.0,0.084,OPTIMAL
grid_4x4_31,seed_milpsnap_grid4x4_low.json,984,16,24,13,40.2778,0.0,0.1,OPTIMAL
grid_4x4_31,seed_milpsnap_grid4x4_low.json,985,16,24,12,41.6667,0.0,0.087,OPTIMAL
grid_4x4_31,seed_milpsnap_grid4x4_low.json,986,16,24,11,41.6667,0.0,0.071,OPTIMAL
grid_4x4_31,seed_milpsnap_grid4x4_low.json,987,16,24,12,40.2778,0.0,0.089,OPTIMAL
grid_4x4_31,seed_milpsnap_grid4x4_low.json,988,16,24,12,40.2778,0.0,0.079,OPTIMAL
grid_4x4_31,seed_milpsnap_grid4x4_low.json,989,16,24,15,40.2778,0.0,0.089,OPTIMAL
grid_4x4_31,seed_milpsnap_grid4x4_low.json,990,16,24,15,40.2778,0.0,0.088,OPTIMAL
grid_4x4_31,seed_milpsnap_grid4x4_low.json,991,16,24,15,34.7222,0.0,0.111,OPTIMAL
grid_4x4_31,seed_milpsnap_grid4x4_low.json,992,16,24,16,34.7222,0.0,0.107,OPTIMAL
grid_4x4_31,seed_milpsnap_grid4x4_low.json,993,16,24,15,34.7222,0.0,0.11,OPTIMAL
grid_4x4_31,seed_milpsnap_grid4x4_low.json,994,16,24,15,34.7222,0.0,0.116,OPTIMAL
grid_4x4_31,seed_milpsnap_grid4x4_low.json,995,16,24,13,40.2778,0.0,0.12,OPTIMAL
grid_4x4_31,seed_milpsnap_grid4x4_low.json,996,16,24,15,40.2778,0.0,0.086,OPTIMAL
grid_4x4_31,seed_milpsnap_grid4x4_low.json,997,16,24,16,40.2778,0.0,0.09,OPTIMAL
grid_4x4_31,seed_milpsnap_grid4x4_low.json,998,16,24,18,34.7222,0.0,0.128,OPTIMAL
grid_4x4_31,seed_milpsnap_grid4x4_low.json,999,16,24,19,34.7222,0.0,0.196,OPTIMAL
grid_4x4_31,seed_milpsnap_grid4x4_low.json,1000,16,24,17,34.7222,0.0,0.123,OPTIMAL
grid_4x4_31,seed_milpsnap_grid4x4_low.json,1001,16,24,17,34.7222,0.0,0.113,OPTIMAL
grid_4x4_31,seed_milpsnap_grid4x4_low.json,1002,16,24,15,40.2778,0.0,0.088,OPTIMAL
grid_4x4_31,seed_milpsnap_grid4x4_low.json,1003,16,24,14,40.2778,0.0,0.08,OPTIMAL
grid_4x4_31,seed_milpsnap_grid4x4_low.json,1004,16,24,12,40.2778,0.0,0.065,OPTIMAL
grid_4x4_31,seed_milpsnap_grid4x4_low.json,1005,16,24,10,40.2778,0.0,0.054,OPTIMAL
grid_4x4_31,seed_milpsnap_grid4x4_low.json,1006,16,24,11,34.7222,0.0,0.068,OPTIMAL
grid_4x4_31,seed_milpsnap_grid4x4_low.json,1007,16,24,12,34.7222,0.0,0.114,OPTIMAL
grid_4x4_31,seed_milpsnap_grid4x4_low.json,1008,16,24,13,34.7222,0.0,0.093,OPTIMAL
grid_4x4_31,seed_milpsnap_grid4x4_low.json,1009,16,24,12,34.7222,0.0,0.079,OPTIMAL
grid_4x4_31,seed_milpsnap_grid4x4_low.json,1010,16,24,13,45.8333,0.0,0.056,OPTIMAL
grid_4x4_31,seed_milpsnap_grid4x4_low.json,1011,16,24,12,45.8333,0.0,0.053,OPTIMAL
grid_4x4_31,seed_milpsnap_grid4x4_low.json,1012,16,24,13,40.2778,0.0,0.069,OPTIMAL
grid_4x4_31,seed_milpsnap_grid4x4_low.json,1013,16,24,16,34.7222,0.0,0.115,OPTIMAL
grid_4x4_31,seed_milpsnap_grid4x4_low.json,1014,16,24,17,34.7222,0.0,0.133,OPTIMAL
grid_4x4_31,seed_milpsnap_grid4x4_low.json,1015,16,24,17,34.7222,0.0,0.177,OPTIMAL
grid_4x4_31,seed_milpsnap_grid4x4_low.json,1016,16,24,18,34.7222,0.0,0.131,OPTIMAL
grid_4x4_31,seed_milpsnap_grid4x4_low.json,1017,16,24,19,34.7222,0.0,0.143,OPTIMAL
grid_4x4_31,seed_milpsnap_grid4x4_low.json,1018,16,24,20,34.7222,0.0,0.158,OPTIMAL
grid_4x4_31,seed_milpsnap_grid4x4_low.json,1019,16,24,21,34.7222,0.0,0.173,OPTIMAL
grid_4x4_31,seed_milpsnap_grid4x4_low.json,1020,16,24,19,40.2778,0.0,0.15,OPTIMAL
grid_4x4_31,seed_milpsnap_grid4x4_low.json,1021,16,24,20,40.2778,0.0,0.121,OPTIMAL
grid_4x4_31,seed_milpsnap_grid4x4_low.json,1022,16,24,19,40.2778,0.0,0.116,OPTIMAL
grid_4x4_31,seed_milpsnap_grid4x4_low.json,1023,16,24,1,68.0556,0.0,0.01,OPTIMAL
grid_4x4_31,seed_milpsnap_grid4x4_low.json,1024,16,24,3,51.3889,0.0,0.028,OPTIMAL
grid_4x4_31,seed_milpsnap_grid4x4_low.json,1025,16,24,4,45.8333,0.0,0.048,OPTIMAL
grid_4x4_31,seed_milpsnap_grid4x4_low.json,1026,16,24,5,45.8333,0.0,0.038,OPTIMAL
grid_4x4_31,seed_milpsnap_grid4x4_low.json,1027,16,24,6,45.8333,0.0,0.038,OPTIMAL
grid_4x4_31,seed_milpsnap_grid4x4_low.json,1028,16,24,8,45.8333,0.0,0.05,OPTIMAL
grid_4x4_31,seed_milpsnap_grid4x4_low.json,1029,16,24,9,40.2778,0.0,0.069,OPTIMAL
grid_4x4_31,seed_milpsnap_grid4x4_low.json,1030,16,24,11,40.2778,0.0,0.063,OPTIMAL
grid_4x4_31,seed_milpsnap_grid4x4_low.json,1031,16,24,13,40.2778,0.0,0.076,OPTIMAL
grid_4x4_31,seed_milpsnap_grid4x4_low.json,1032,16,24,13,40.2778,0.0,0.078,OPTIMAL
grid_4x4_31,seed_milpsnap_grid4x4_low.json,1033,16,24,11,40.2778,0.0,0.063,OPTIMAL
grid_4x4_31,seed_milpsnap_grid4x4_low.json,1034,16,24,12,40.2778,0.0,0.071,OPTIMAL
grid_4x4_31,seed_milpsnap_grid4x4_low.json,1035,16,24,13,40.2778,0.0,0.073,OPTIMAL
grid_4x4_31,seed_milpsnap_grid4x4_low.json,1036,16,24,12,40.2778,0.0,0.074,OPTIMAL
grid_4x4_31,seed_milpsnap_grid4x4_low.json,1037,16,24,12,40.2778,0.0,0.069,OPTIMAL
grid_4x4_31,seed_milpsnap_grid4x4_low.json,1038,16,24,11,45.8333,0.0,0.047,OPTIMAL
grid_4x4_31,seed_milpsnap_grid4x4_low.json,1039,16,24,11,40.2778,0.0,0.062,OPTIMAL
grid_4x4_31,seed_milpsnap_grid4x4_low.json,1040,16,24,12,34.7222,0.0,0.081,OPTIMAL
grid_4x4_31,seed_milpsnap_grid4x4_low.json,1041,16,24,12,34.7222,0.0,0.109,OPTIMAL
grid_4x4_31,seed_milpsnap_grid4x4_low.json,1042,16,24,11,40.2778,0.0,0.072,OPTIMAL
grid_4x4_31,seed_milpsnap_grid4x4_low.json,1043,16,24,10,40.2778,0.0,0.058,OPTIMAL
grid_4x4_31,seed_milpsnap_grid4x4_low.json,1044,16,24,9,40.2778,0.0,0.058,OPTIMAL
grid_4x4_31,seed_milpsnap_grid4x4_low.json,1045,16,24,10,40.2778,0.0,0.056,OPTIMAL
grid_4x4_31,seed_milpsnap_grid4x4_low.json,1046,16,24,10,40.2778,0.0,0.076,OPTIMAL
grid_4x4_31,seed_milpsnap_grid4x4_low.json,1047,16,24,9,40.2778,0.0,0.066,OPTIMAL
grid_4x4_31,seed_milpsnap_grid4x4_low.json,1048,16,24,12,40.2778,0.0,0.067,OPTIMAL
grid_4x4_31,seed_milpsnap_grid4x4_low.json,1049,16,24,11,40.2778,0.0,0.062,OPTIMAL
grid_4x4_31,seed_milpsnap_grid4x4_low.json,1050,16,24,14,40.2778,0.0,0.084,OPTIMAL
grid_4x4_31,seed_milpsnap_grid4x4_low.json,1051,16,24,13,40.2778,0.0,0.073,OPTIMAL
grid_4x4_31,seed_milpsnap_grid4x4_low.json,1052,16,24,13,40.2778,0.0,0.082,OPTIMAL
grid_4x4_31,seed_milpsnap_grid4x4_low.json,1053,16,24,13,40.2778,0.0,0.071,OPTIMAL
grid_4x4_31,seed_milpsnap_grid4x4_low.json,1054,16,24,13,40.2778,0.0,0.076,OPTIMAL
grid_4x4_31,seed_milpsnap_grid4x4_low.json,1055,16,24,14,40.2778,0.0,0.084,OPTIMAL
grid_4x4_31,seed_milpsnap_grid4x4_low.json,1056,16,24,16,40.2778,0.0,0.094,OPTIMAL
grid_4x4_31,seed_milpsnap_grid4x4_low.json,1057,16,24,16,40.2778,0.0,0.114,OPTIMAL
grid_4x4_31,seed_milpsnap_grid4x4_low.json,1058,16,24,15,40.2778,0.0,0.086,OPTIMAL
grid_4x4_31,seed_milpsnap_grid4x4_low.json,1059,16,24,17,40.2778,0.0,0.097,OPTIMAL
grid_4x4_31,seed_milpsnap_grid4x4_low.json,1060,16,24,19,34.7222,0.0,0.152,OPTIMAL
grid_4x4_31,seed_milpsnap_grid4x4_low.json,1061,16,24,21,34.7222,0.0,0.161,OPTIMAL
grid_4x4_31,seed_milpsnap_grid4x4_low.json,1062,16,24,19,34.7222,0.0,0.137,OPTIMAL
grid_4x4_31,seed_milpsnap_grid4x4_low.json,1063,16,24,18,34.7222,0.0,0.132,OPTIMAL
grid_4x4_31,seed_milpsnap_grid4x4_low.json,1064,16,24,17,34.7222,0.0,0.122,OPTIMAL
grid_4x4_31,seed_milpsnap_grid4x4_low.json,1065,16,24,16,40.2778,0.0,0.091,OPTIMAL
grid_4x4_31,seed_milpsnap_grid4x4_low.json,1066,16,24,17,40.2778,0.0,0.102,OPTIMAL
grid_4x4_31,seed_milpsnap_grid4x4_low.json,1067,16,24,16,40.2778,0.0,0.094,OPTIMAL
grid_4x4_31,seed_milpsnap_grid4x4_low.json,1068,16,24,14,40.2778,0.0,0.09,OPTIMAL
grid_4x4_31,seed_milpsnap_grid4x4_low.json,1069,16,24,12,40.2778,0.0,0.076,OPTIMAL
grid_4x4_31,seed_milpsnap_grid4x4_low.json,1070,16,24,13,34.7222,0.0,0.094,OPTIMAL
grid_4x4_31,seed_milpsnap_grid4x4_low.json,1071,16,24,14,34.7222,0.0,0.103,OPTIMAL
grid_4x4_31,seed_milpsnap_grid4x4_low.json,1072,16,24,14,34.7222,0.0,0.092,OPTIMAL
grid_4x4_31,seed_milpsnap_grid4x4_low.json,1073,16,24,9,41.6667,0.0,0.06,OPTIMAL
grid_4x4_31,seed_milpsnap_grid4x4_low.json,1074,16,24,7,51.3889,0.0,0.044,OPTIMAL
grid_4x4_31,seed_milpsnap_grid4x4_low.json,1075,16,24,8,51.3889,0.0,0.044,OPTIMAL
grid_4x4_31,seed_milpsnap_grid4x4_low.json,1076,16,24,8,51.3889,0.0,0.034,OPTIMAL
grid_4x4_31,seed_milpsnap_grid4x4_low.json,1077,16,24,9,45.8333,0.0,0.04,OPTIMAL
grid_4x4_31,seed_milpsnap_grid4x4_low.json,1078,16,24,10,45.8333,0.0,0.044,OPTIMAL
grid_4x4_31,seed_milpsnap_grid4x4_low.json,1079,16,24,11,40.2778,0.0,0.063,OPTIMAL
grid_4x4_31,seed_milpsnap_grid4x4_low.json,1080,16,24,12,40.2778,0.0,0.068,OPTIMAL
grid_4x4_31,seed_milpsnap_grid4x4_low.json,1081,16,24,11,40.2778,0.0,0.067,OPTIMAL
grid_4x4_31,seed_milpsnap_grid4x4_low.json,1082,16,24,10,40.2778,0.0,0.068,OPTIMAL
grid_4x4_31,seed_milpsnap_grid4x4_low.json,1083,16,24,9,45.8333,0.0,0.056,OPTIMAL
grid_4x4_31,seed_milpsnap_grid4x4_low.json,1084,16,24,10,45.8333,0.0,0.059,OPTIMAL
grid_4x4_31,seed_milpsnap_grid4x4_low.json,1085,16,24,11,45.8333,0.0,0.065,OPTIMAL
grid_4x4_31,seed_milpsnap_grid4x4_low.json,1086,16,24,10,45.8333,0.0,0.061,OPTIMAL
grid_4x4_31,seed_milpsnap_grid4x4_low.json,1087,16,24,9,45.8333,0.0,0.066,OPTIMAL
grid_4x4_31,seed_milpsnap_grid4x4_low.json,1088,16,24,10,45.8333,0.0,0.048,OPTIMAL
grid_4x4_31,seed_milpsnap_grid4x4_low.json,1089,16,24,9,45.8333,0.0,0.044,OPTIMAL
grid_4x4_31,seed_milpsnap_grid4x4_low.json,1090,16,24,8,45.8333,0.0,0.037,OPTIMAL
grid_4x4_31,seed_milpsnap_grid4x4_low.json,1091,16,24,9,45.8333,0.0,0.043,OPTIMAL
grid_4x4_31,seed_milpsnap_grid4x4_low.json,1092,16,24,7,45.8333,0.0,0.042,OPTIMAL
grid_4x4_31,seed_milpsnap_grid4x4_low.json,1093,16,24,6,45.8333,0.0,0.036,OPTIMAL
grid_4x4_31,seed_milpsnap_grid4x4_low.json,1094,16,24,8,45.8333,0.0,0.038,OPTIMAL
grid_4x4_31,seed_milpsnap_grid4x4_low.json,1095,16,24,10,34.7222,0.0,0.072,OPTIMAL
grid_4x4_31,seed_milpsnap_grid4x4_low.json,1096,16,24,9,40.2778,0.0,0.056,OPTIMAL
grid_4x4_31,seed_milpsnap_grid4x4_low.json,1097,16,24,10,40.2778,0.0,0.075,OPTIMAL
grid_4x4_31,seed_milpsnap_grid4x4_low.json,1098,16,24,9,45.8333,0.0,0.063,OPTIMAL
grid_4x4_31,seed_milpsnap_grid4x4_low.json,1099,16,24,8,45.8333,0.0,0.052,OPTIMAL
grid_4x4_31,seed_milpsnap_grid4x4_low.json,1100,16,24,7,45.8333,0.0,0.045,OPTIMAL
grid_4x4_31,seed_milpsnap_grid4x4_low.json,1101,16,24,11,40.2778,0.0,0.079,OPTIMAL
grid_4x4_31,seed_milpsnap_grid4x4_low.json,1102,16,24,13,40.2778,0.0,0.076,OPTIMAL
grid_4x4_31,seed_milpsnap_grid4x4_low.json,1103,16,24,14,40.2778,0.0,0.085,OPTIMAL
grid_4x4_31,seed_milpsnap_grid4x4_low.json,1104,16,24,16,34.7222,0.0,0.122,OPTIMAL
grid_4x4_31,seed_milpsnap_grid4x4_low.json,1105,16,24,15,34.7222,0.0,0.144,OPTIMAL
grid_4x4_31,seed_milpsnap_grid4x4_low.json,1106,16,24,13,34.7222,0.0,0.096,OPTIMAL
grid_4x4_31,seed_milpsnap_grid4x4_low.json,1107,16,24,12,40.2778,0.0,0.071,OPTIMAL
grid_4x4_31,seed_milpsnap_grid4x4_low.json,1108,16,24,14,40.2778,0.0,0.083,OPTIMAL
grid_4x4_31,seed_milpsnap_grid4x4_low.json,1109,16,24,15,40.2778,0.0,0.087,OPTIMAL
grid_4x4_31,seed_milpsnap_grid4x4_low.json,1110,16,24,20,34.7222,0.0,0.147,OPTIMAL
grid_4x4_31,seed_milpsnap_grid4x4_low.json,1111,16,24,21,34.7222,0.0,0.174,OPTIMAL
grid_4x4_31,seed_milpsnap_grid4x4_low.json,1112,16,24,17,34.7222,0.0,0.125,OPTIMAL
grid_4x4_31,seed_milpsnap_grid4x4_low.json,1113,16,24,15,34.7222,0.0,0.133,OPTIMAL
grid_4x4_31,seed_milpsnap_grid4x4_low.json,1114,16,24,13,40.2778,0.0,0.072,OPTIMAL
grid_4x4_31,seed_milpsnap_grid4x4_low.json,1115,16,24,11,40.2778,0.0,0.061,OPTIMAL
grid_4x4_31,seed_milpsnap_grid4x4_low.json,1116,16,24,10,40.2778,0.0,0.056,OPTIMAL
grid_4x4_31,seed_milpsnap_grid4x4_low.json,1117,16,24,11,40.2778,0.0,0.062,OPTIMAL
grid_4x4_31,seed_milpsnap_grid4x4_low.json,1118,16,24,12,40.2778,0.0,0.068,OPTIMAL
grid_4x4_31,seed_milpsnap_grid4x4_low.json,1119,16,24,11,40.2778,0.0,0.06,OPTIMAL
grid_4x4_31,seed_milpsnap_grid4x4_low.json,1120,16,24,15,34.7222,0.0,0.11,OPTIMAL
grid_4x4_31,seed_milpsnap_grid4x4_low.json,1121,16,24,14,40.2778,0.0,0.076,OPTIMAL
grid_4x4_31,seed_milpsnap_grid4x4_low.json,1122,16,24,14,40.2778,0.0,0.079,OPTIMAL
grid_4x4_31,seed_milpsnap_grid4x4_low.json,1123,16,24,9,45.8333,0.0,0.054,OPTIMAL
grid_4x4_31,seed_milpsnap_grid4x4_low.json,1124,16,24,8,45.8333,0.0,0.077,OPTIMAL
grid_4x4_31,seed_milpsnap_grid4x4_low.json,1125,16,24,10,45.8333,0.0,0.056,OPTIMAL
grid_4x4_31,seed_milpsnap_grid4x4_low.json,1126,16,24,11,45.8333,0.0,0.068,OPTIMAL
grid_4x4_31,seed_milpsnap_grid4x4_low.json,1127,16,24,12,45.8333,0.0,0.056,OPTIMAL
grid_4x4_31,seed_milpsnap_grid4x4_low.json,1128,16,24,13,40.2778,0.0,0.079,OPTIMAL
grid_4x4_31,seed_milpsnap_grid4x4_low.json,1129,16,24,13,40.2778,0.0,0.072,OPTIMAL
grid_4x4_31,seed_milpsnap_grid4x4_low.json,1130,16,24,12,40.2778,0.0,0.073,OPTIMAL
grid_4x4_31,seed_milpsnap_grid4x4_low.json,1131,16,24,8,40.2778,0.0,0.048,OPTIMAL
grid_4x4_31,seed_milpsnap_grid4x4_low.json,1132,16,24,10,40.2778,0.0,0.056,OPTIMAL
grid_4x4_31,seed_milpsnap_grid4x4_low.json,1133,16,24,10,40.2778,0.0,0.061,OPTIMAL
grid_4x4_31,seed_milpsnap_grid4x4_low.json,1134,16,24,11,40.2778,0.0,0.065,OPTIMAL
grid_4x4_31,seed_milpsnap_grid4x4_low.json,1135,16,24,9,40.2778,0.0,0.053,OPTIMAL
grid_4x4_31,seed_milpsnap_grid4x4_low.json,1136,16,24,11,40.2778,0.0,0.066,OPTIMAL
grid_4x4_31,seed_milpsnap_grid4x4_low.json,1137,16,24,12,40.2778,0.0,0.066,OPTIMAL
grid_4x4_31,seed_milpsnap_grid4x4_low.json,1138,16,24,13,34.7222,0.0,0.093,OPTIMAL
grid_4x4_31,seed_milpsnap_grid4x4_low.json,1139,16,24,14,34.7222,0.0,0.098,OPTIMAL
grid_4x4_31,seed_milpsnap_grid4x4_low.json,1140,16,24,13,34.7222,0.0,0.091,OPTIMAL
grid_4x4_31,seed_milpsnap_grid4x4_low.json,1141,16,24,1,79.1667,0.0,0.01,OPTIMAL
grid_4x4_31,seed_milpsnap_grid4x4_low.json,1142,16,24,2,68.0556,0.0,0.011,OPTIMAL
grid_4x4_31,seed_milpsnap_grid4x4_low.json,1143,16,24,3,62.5,0.0,0.02,OPTIMAL
grid_4x4_31,seed_milpsnap_grid4x4_low.json,1144,16,24,4,45.8333,0.0,0.057,OPTIMAL
grid_4x4_31,seed_milpsnap_grid4x4_low.json,1145,16,24,5,45.8333,0.0,0.055,OPTIMAL
grid_4x4_31,seed_milpsnap_grid4x4_low.json,1146,16,24,6,45.8333,0.0,0.052,OPTIMAL
grid_4x4_31,seed_milpsnap_grid4x4_low.json,1147,16,24,7,40.2778,0.0,0.077,OPTIMAL
grid_4x4_31,seed_milpsnap_grid4x4_low.json,1148,16,24,8,40.2778,0.0,0.095,OPTIMAL
grid_4x4_31,seed_milpsnap_grid4x4_low.json,1149,16,24,9,40.2778,0.0,0.069,OPTIMAL
grid_4x4_31,seed_milpsnap_grid4x4_low.json,1150,16,24,10,40.2778,0.0,0.055,OPTIMAL
grid_4x4_31,seed_milpsnap_grid4x4_low.json,1151,16,24,10,34.7222,0.0,0.072,OPTIMAL
grid_4x4_31,seed_milpsnap_grid4x4_low.json,1152,16,24,10,34.7222,0.0,0.094,OPTIMAL
grid_4x4_31,seed_milpsnap_grid4x4_low.json,1153,16,24,11,34.7222,0.0,0.083,OPTIMAL
grid_4x4_31,seed_milpsnap_grid4x4_low.json,1154,16,24,10,34.7222,0.0,0.067,OPTIMAL
grid_4x4_31,seed_milpsnap_grid4x4_low.json,1155,16,24,13,34.7222,0.0,0.118,OPTIMAL
grid_4x4_31,seed_milpsnap_grid4x4_low.json,1156,16,24,13,34.7222,0.0,0.114,OPTIMAL
grid_4x4_31,seed_milpsnap_grid4x4_low.json,1157,16,24,14,34.7222,0.0,0.096,OPTIMAL
grid_4x4_31,seed_milpsnap_grid4x4_low.json,1158,16,24,14,34.7222,0.0,0.089,OPTIMAL
grid_4x4_31,seed_milpsnap_grid4x4_low.json,1159,16,24,13,40.2778,0.0,0.072,OPTIMAL
grid_4x4_31,seed_milpsnap_grid4x4_low.json,1160,16,24,14,40.2778,0.0,0.076,OPTIMAL
grid_4x4_31,seed_milpsnap_grid4x4_low.json,1161,16,24,13,40.2778,0.0,0.074,OPTIMAL
grid_4x4_31,seed_milpsnap_grid4x4_low.json,1162,16,24,12,40.2778,0.0,0.067,OPTIMAL
grid_4x4_31,seed_milpsnap_grid4x4_low.json,1163,16,24,15,40.2778,0.0,0.084,OPTIMAL
grid_4x4_31,seed_milpsnap_grid4x4_low.json,1164,16,24,14,40.2778,0.0,0.078,OPTIMAL
grid_4x4_31,seed_milpsnap_grid4x4_low.json,1165,16,24,15,34.7222,0.0,0.117,OPTIMAL
grid_4x4_31,seed_milpsnap_grid4x4_low.json,1166,16,24,17,34.7222,0.0,0.125,OPTIMAL
grid_4x4_31,seed_milpsnap_grid4x4_low.json,1167,16,24,18,34.7222,0.0,0.127,OPTIMAL
grid_4x4_31,seed_milpsnap_grid4x4_low.json,1168,16,24,15,34.7222,0.0,0.108,OPTIMAL
grid_4x4_31,seed_milpsnap_grid4x4_low.json,1169,16,24,16,34.7222,0.0,0.116,OPTIMAL
grid_4x4_31,seed_milpsnap_grid4x4_low.json,1170,16,24,15,34.7222,0.0,0.147,OPTIMAL
grid_4x4_31,seed_milpsnap_grid4x4_low.json,1171,16,24,16,34.7222,0.0,0.123,OPTIMAL
grid_4x4_31,seed_milpsnap_grid4x4_low.json,1172,16,24,17,34.7222,0.0,0.128,OPTIMAL
grid_4x4_31,seed_milpsnap_grid4x4_low.json,1173,16,24,19,34.7222,0.0,0.146,OPTIMAL
grid_4x4_31,seed_milpsnap_grid4x4_low.json,1174,16,24,20,34.7222,0.0,0.206,OPTIMAL
grid_4x4_31,seed_milpsnap_grid4x4_low.json,1175,16,24,19,34.7222,0.0,0.138,OPTIMAL
grid_4x4_31,seed_milpsnap_grid4x4_low.json,1176,16,24,22,34.7222,0.0,0.174,OPTIMAL
grid_4x4_31,seed_milpsnap_grid4x4_low.json,1177,16,24,25,34.7222,0.0,0.206,OPTIMAL
grid_4x4_31,seed_milpsnap_grid4x4_low.json,1178,16,24,21,34.7222,0.0,0.165,OPTIMAL
grid_4x4_31,seed_milpsnap_grid4x4_low.json,1179,16,24,22,34.7222,0.0,0.16,OPTIMAL
grid_4x4_31,seed_milpsnap_grid4x4_low.json,1180,16,24,23,34.7222,0.0,0.181,OPTIMAL
grid_4x4_31,seed_milpsnap_grid4x4_low.json,1181,16,24,20,34.7222,0.0,0.143,OPTIMAL
grid_4x4_31,seed_milpsnap_grid4x4_low.json,1182,16,24,20,34.7222,0.0,0.152,OPTIMAL
grid_4x4_31,seed_milpsnap_grid4x4_low.json,1183,16,24,19,34.7222,0.0,0.125,OPTIMAL
grid_4x4_31,seed_milpsnap_grid4x4_low.json,1184,16,24,17,34.7222,0.0,0.167,OPTIMAL
grid_4x4_31,seed_milpsnap_grid4x4_low.json,1185,16,24,21,34.7222,0.0,0.146,OPTIMAL
grid_4x4_31,seed_milpsnap_grid4x4_low.json,1186,16,24,20,34.7222,0.0,0.145,OPTIMAL
grid_4x4_31,seed_milpsnap_grid4x4_low.json,1187,16,24,21,34.7222,0.0,0.17,OPTIMAL
grid_4x4_31,seed_milpsnap_grid4x4_low.json,1188,16,24,20,34.7222,0.0,0.152,OPTIMAL
grid_4x4_31,seed_milpsnap_grid4x4_low.json,1189,16,24,20,34.7222,0.0,0.154,OPTIMAL
grid_4x4_31,seed_milpsnap_grid4x4_low.json,1190,16,24,21,34.7222,0.0,0.157,OPTIMAL
grid_4x4_31,seed_milpsnap_grid4x4_low.json,1191,16,24,18,34.7222,0.0,0.126,OPTIMAL
grid_4x4_31,seed_milpsnap_grid4x4_low.json,1192,16,24,14,40.2778,0.0,0.09,OPTIMAL
grid_4x4_31,seed_milpsnap_grid4x4_low.json,1193,16,24,15,40.2778,0.0,0.093,OPTIMAL
grid_4x4_31,seed_milpsnap_grid4x4_low.json,1194,16,24,17,34.7222,0.0,0.176,OPTIMAL
grid_4x4_31,seed_milpsnap_grid4x4_low.json,1195,16,24,17,34.7222,0.0,0.129,OPTIMAL
grid_4x4_31,seed_milpsnap_grid4x4_low.json,1196,16,24,16,34.7222,0.0,0.121,OPTIMAL
grid_4x4_31,seed_milpsnap_grid4x4_low.json,1197,16,24,18,34.7222,0.0,0.166,OPTIMAL
grid_4x4_31,seed_milpsnap_grid4x4_low.json,1198,16,24,16,34.7222,0.0,0.146,OPTIMAL
grid_4x4_31,seed_milpsnap_grid4x4_low.json,1199,16,24,16,34.7222,0.0,0.122,OPTIMAL
grid_4x4_31,seed_milpsnap_grid4x4_low.json,1200,16,24,14,40.2778,0.0,0.079,OPTIMAL
grid_4x4_31,seed_milpsnap_grid4x4_low.json,1201,16,24,14,40.2778,0.0,0.088,OPTIMAL
grid_4x4_31,seed_milpsnap_grid4x4_low.json,1202,16,24,14,40.2778,0.0,0.081,OPTIMAL
grid_4x4_31,seed_milpsnap_grid4x4_low.json,1203,16,24,16,34.7222,0.0,0.109,OPTIMAL
grid_4x4_31,seed_milpsnap_grid4x4_low.json,1204,16,24,18,34.7222,0.0,0.146,OPTIMAL
grid_4x4_31,seed_milpsnap_grid4x4_low.json,1205,16,24,18,34.7222,0.0,0.126,OPTIMAL
grid_4x4_31,seed_milpsnap_grid4x4_low.json,1206,16,24,15,34.7222,0.0,0.104,OPTIMAL
grid_4x4_31,seed_milpsnap_grid4x4_low.json,1207,16,24,14,40.2778,0.0,0.083,OPTIMAL
grid_4x4_31,seed_milpsnap_grid4x4_low.json,1208,16,24,15,40.2778,0.0,0.1,OPTIMAL
grid_4x4_31,seed_milpsnap_grid4x4_low.json,1209,16,24,14,40.2778,0.0,0.092,OPTIMAL
grid_4x4_31,seed_milpsnap_grid4x4_low.json,1210,16,24,13,34.7222,0.0,0.091,OPTIMAL
grid_4x4_31,seed_milpsnap_grid4x4_low.json,1211,16,24,12,40.2778,0.0,0.066,OPTIMAL
grid_4x4_31,seed_milpsnap_grid4x4_low.json,1212,16,24,13,40.2778,0.0,0.074,OPTIMAL
grid_4x4_31,seed_milpsnap_grid4x4_low.json,1213,16,24,13,40.2778,0.0,0.077,OPTIMAL
grid_4x4_31,seed_milpsnap_grid4x4_low.json,1214,16,24,12,34.7222,0.0,0.085,OPTIMAL
grid_4x4_31,seed_milpsnap_grid4x4_low.json,1215,16,24,14,34.7222,0.0,0.1,OPTIMAL
grid_4x4_31,seed_milpsnap_grid4x4_low.json,1216,16,24,12,40.2778,0.0,0.07,OPTIMAL
grid_4x4_31,seed_milpsnap_grid4x4_low.json,1217,16,24,11,40.2778,0.0,0.065,OPTIMAL
grid_4x4_31,seed_milpsnap_grid4x4_low.json,1218,16,24,11,40.2778,0.0,0.065,OPTIMAL
grid_4x4_31,seed_milpsnap_grid4x4_low.json,1219,16,24,13,40.2778,0.0,0.074,OPTIMAL
grid_4x4_31,seed_milpsnap_grid4x4_low.json,1220,16,24,12,40.2778,0.0,0.067,OPTIMAL
grid_4x4_31,seed_milpsnap_grid4x4_low.json,1221,16,24,16,34.7222,0.0,0.113,OPTIMAL
grid_4x4_31,seed_milpsnap_grid4x4_low.json,1222,16,24,18,34.7222,0.0,0.133,OPTIMAL
grid_4x4_31,seed_milpsnap_grid4x4_low.json,1223,16,24,18,40.2778,0.0,0.105,OPTIMAL
grid_4x4_31,seed_milpsnap_grid4x4_low.json,1224,16,24,20,34.7222,0.0,0.156,OPTIMAL
grid_4x4_31,seed_milpsnap_grid4x4_low.json,1225,16,24,21,34.7222,0.0,0.151,OPTIMAL
grid_4x4_31,seed_milpsnap_grid4x4_low.json,1226,16,24,19,34.7222,0.0,0.126,OPTIMAL
grid_4x4_31,seed_milpsnap_grid4x4_low.json,1227,16,24,19,34.7222,0.0,0.131,OPTIMAL
grid_4x4_31,seed_milpsnap_grid4x4_low.json,1228,16,24,18,34.7222,0.0,0.138,OPTIMAL
grid_4x4_31,seed_milpsnap_grid4x4_low.json,1229,16,24,16,34.7222,0.0,0.165,OPTIMAL
grid_4x4_31,seed_milpsnap_grid4x4_low.json,1230,16,24,17,34.7222,0.0,0.129,OPTIMAL
grid_4x4_31,seed_milpsnap_grid4x4_low.json,1231,16,24,18,34.7222,0.0,0.138,OPTIMAL
grid_4x4_31,seed_milpsnap_grid4x4_low.json,1232,16,24,18,34.7222,0.0,0.122,OPTIMAL
grid_4x4_31,seed_milpsnap_grid4x4_low.json,1233,16,24,18,40.2778,0.0,0.101,OPTIMAL
grid_4x4_31,seed_milpsnap_grid4x4_low.json,1234,16,24,19,40.2778,0.0,0.109,OPTIMAL
grid_4x4_31,seed_milpsnap_grid4x4_low.json,1235,16,24,16,40.2778,0.0,0.088,OPTIMAL
grid_4x4_31,seed_milpsnap_grid4x4_low.json,1236,16,24,13,40.2778,0.0,0.074,OPTIMAL
grid_4x4_31,seed_milpsnap_grid4x4_low.json,1237,16,24,16,34.7222,0.0,0.115,OPTIMAL
grid_4x4_31,seed_milpsnap_grid4x4_low.json,1238,16,24,17,34.7222,0.0,0.122,OPTIMAL
grid_4x4_31,seed_milpsnap_grid4x4_low.json,1239,16,24,19,34.7222,0.0,0.135,OPTIMAL
grid_4x4_31,seed_milpsnap_grid4x4_low.json,1240,16,24,21,34.7222,0.0,0.168,OPTIMAL
grid_4x4_31,seed_milpsnap_grid4x4_low.json,1241,16,24,21,34.7222,0.0,0.175,OPTIMAL
grid_4x4_31,seed_milpsnap_grid4x4_low.json,1242,16,24,25,34.7222,0.0,0.196,OPTIMAL
grid_4x4_31,seed_milpsnap_grid4x4_low.json,1243,16,24,25,34.7222,0.0,0.271,OPTIMAL
grid_4x4_31,seed_milpsnap_grid4x4_low.json,1244,16,24,26,34.7222,0.0,0.232,OPTIMAL
grid_4x4_31,seed_milpsnap_grid4x4_low.json,1245,16,24,27,34.7222,0.0,0.227,OPTIMAL
grid_4x4_31,seed_milpsnap_grid4x4_low.json,1246,16,24,26,40.2778,0.0,0.166,OPTIMAL
grid_4x4_31,seed_milpsnap_grid4x4_low.json,1247,16,24,24,40.2778,0.0,0.146,OPTIMAL
grid_4x4_31,seed_milpsnap_grid4x4_low.json,1248,16,24,25,40.2778,0.0,0.157,OPTIMAL
grid_4x4_31,seed_milpsnap_grid4x4_low.json,1249,16,24,24,40.2778,0.0,0.148,OPTIMAL
grid_4x4_31,seed_milpsnap_grid4x4_low.json,1250,16,24,25,40.2778,0.0,0.161,OPTIMAL
grid_4x4_31,seed_milpsnap_grid4x4_low.json,1251,16,24,22,40.2778,0.0,0.128,OPTIMAL
grid_4x4_31,seed_milpsnap_grid4x4_low.json,1252,16,24,20,40.2778,0.0,0.112,OPTIMAL
grid_4x4_31,seed_milpsnap_grid4x4_low.json,1253,16,24,19,40.2778,0.0,0.108,OPTIMAL
grid_4x4_31,seed_milpsnap_grid4x4_low.json,1254,16,24,18,40.2778,0.0,0.1,OPTIMAL
grid_4x4_31,seed_milpsnap_grid4x4_low.json,1255,16,24,19,40.2778,0.0,0.122,OPTIMAL
grid_4x4_31,seed_milpsnap_grid4x4_low.json,1256,16,24,15,40.2778,0.0,0.126,OPTIMAL
grid_4x4_31,seed_milpsnap_grid4x4_low.json,1257,16,24,16,40.2778,0.0,0.14,OPTIMAL
grid_4x4_31,seed_milpsnap_grid4x4_low.json,1258,16,24,15,40.2778,0.0,0.117,OPTIMAL
grid_4x4_31,seed_milpsnap_grid4x4_low.json,1259,16,24,14,40.2778,0.0,0.107,OPTIMAL
grid_4x4_31,seed_milpsnap_grid4x4_low.json,1260,16,24,13,40.2778,0.0,0.112,OPTIMAL
grid_4x4_31,seed_milpsnap_grid4x4_low.json,1261,16,24,15,40.2778,0.0,0.117,OPTIMAL
grid_4x4_31,seed_milpsnap_grid4x4_low.json,1262,16,24,16,40.2778,0.0,0.094,OPTIMAL
grid_4x4_31,seed_milpsnap_grid4x4_low.json,1263,16,24,15,40.2778,0.0,0.106,OPTIMAL
grid_4x4_31,seed_milpsnap_grid4x4_low.json,1264,16,24,17,34.7222,0.0,0.123,OPTIMAL
grid_4x4_31,seed_milpsnap_grid4x4_low.json,1265,16,24,16,34.7222,0.0,0.12,OPTIMAL
grid_4x4_31,seed_milpsnap_grid4x4_low.json,1266,16,24,16,34.7222,0.0,0.112,OPTIMAL
grid_4x4_31,seed_milpsnap_grid4x4_low.json,1267,16,24,14,34.7222,0.0,0.091,OPTIMAL
grid_4x4_31,seed_milpsnap_grid4x4_low.json,1268,16,24,15,34.7222,0.0,0.113,OPTIMAL
grid_4x4_31,seed_milpsnap_grid4x4_low.json,1269,16,24,13,34.7222,0.0,0.095,OPTIMAL
grid_4x4_31,seed_milpsnap_grid4x4_low.json,1270,16,24,13,34.7222,0.0,0.092,OPTIMAL
grid_4x4_31,seed_milpsnap_grid4x4_low.json,1271,16,24,13,34.7222,0.0,0.098,OPTIMAL
grid_4x4_31,seed_milpsnap_grid4x4_low.json,1272,16,24,14,34.7222,0.0,0.101,OPTIMAL
