topo,seed_file,batch,n_switches,n_links,n_flows,energy_saving_percent,mip_gap,solve_time_sec,status
grid_5x5_31,seed_milpsnap_grid5x5_low.json,1,25,40,1,83.4783,0.0,0.07,OPTIMAL
grid_5x5_31,seed_milpsnap_grid5x5_low.json,2,25,40,3,69.5652,0.0,0.026,OPTIMAL
grid_5x5_31,seed_milpsnap_grid5x5_low.json,3,25,40,4,55.6522,0.0,0.333,OPTIMAL
grid_5x5_31,seed_milpsnap_grid5x5_low.json,4,25,40,6,52.1739,0.0,0.177,OPTIMAL
grid_5x5_31,seed_milpsnap_grid5x5_low.json,5,25,40,7,52.1739,0.0,0.134,OPTIMAL
grid_5x5_31,seed_milpsnap_grid5x5_low.json,6,25,40,9,48.6957,0.0,0.305,OPTIMAL
grid_5x5_31,seed_milpsnap_grid5x5_low.json,7,25,40,12,48.6957,0.0,0.186,OPTIMAL
grid_5x5_31,seed_milpsnap_grid5x5_low.json,8,25,40,15,48.6957,0.0,0.309,OPTIMAL
grid_5x5_31,seed_milpsnap_grid5x5_low.json,9,25,40,19,48.6957,0.0,0.302,OPTIMAL
grid_5x5_31,seed_milpsnap_grid5x5_low.json,10,25,40,21,45.2174,0.0,0.643,OPTIMAL
grid_5x5_31,seed_milpsnap_grid5x5_low.json,11,25,40,22,45.2174,0.0,0.745,OPTIMAL
grid_5x5_31,seed_milpsnap_grid5x5_low.json,12,25,40,24,45.2174,0.0,0.724,OPTIMAL
grid_5x5_31,seed_milpsnap_grid5x5_low.json,13,25,40,28,45.2174,0.0,0.804,OPTIMAL
grid_5x5_31,seed_milpsnap_grid5x5_low.json,14,25,40,30,45.2174,0.0,1.019,OPTIMAL
grid_5x5_31,seed_milpsnap_grid5x5_low.json,15,25,40,30,45.2174,0.0,0.849,OPTIMAL
grid_5x5_31,seed_milpsnap_grid5x5_low.json,16,25,40,30,45.2174,0.0,1.141,OPTIMAL
grid_5x5_31,seed_milpsnap_grid5x5_low.json,17,25,40,30,45.2174,0.0,1.176,OPTIMAL
grid_5x5_31,seed_milpsnap_grid5x5_low.json,18,25,40,32,45.2174,0.0,1.052,OPTIMAL
grid_5x5_31,seed_milpsnap_grid5x5_low.json,19,25,40,32,45.2174,0.0,0.721,OPTIMAL
grid_5x5_31,seed_milpsnap_grid5x5_low.json,20,25,40,30,45.2174,0.0,0.719,OPTIMAL
grid_5x5_31,seed_milpsnap_grid5x5_low.json,21,25,40,29,45.2174,0.0,0.554,OPTIMAL
grid_5x5_31,seed_milpsnap_grid5x5_low.json,22,25,40,30,45.2174,0.0,0.646,OPTIMAL
grid_5x5_31,seed_milpsnap_grid5x5_low.json,23,25,40,28,45.2174,0.0,0.911,OPTIMAL
grid_5x5_31,seed_milpsnap_grid5x5_low.json,24,25,40,31,45.2174,0.0,0.97,OPTIMAL
grid_5x5_31,seed_milpsnap_grid5x5_low.json,25,25,40,32,45.2174,0.0,0.904,OPTIMAL
grid_5x5_31,seed_milpsnap_grid5x5_low.json,26,25,40,30,45.2174,0.0,0.751,OPTIMAL
grid_5x5_31,seed_milpsnap_grid5x5_low.json,27,25,40,33,45.2174,0.0,0.939,OPTIMAL
grid_5x5_31,seed_milpsnap_grid5x5_low.json,28,25,40,30,45.2174,0.0,1.173,OPTIMAL
grid_5x5_31,seed_milpsnap_grid5x5_low.json,29,25,40,32,45.2174,0.0,0.857,OPTIMAL
grid_5x5_31,seed_milpsnap_grid5x5_low.json,30,25,40,33,45.2174,0.0,1.201,OPTIMAL
grid_5x5_31,seed_milpsnap_grid5x5_low.json,31,25,40,36,45.2174,0.0,1.244,OPTIMAL
grid_5x5_31,seed_milpsnap_grid5x5_low.json,32,25,40,36,45.2174,0.0,1.262,OPTIMAL
grid_5x5_31,seed_milpsnap_grid5x5_low.json,33,25,40,37,45.2174,0.0,0.854,OPTIMAL
grid_5x5_31,seed_milpsnap_grid5x5_low.json,34,25,40,39,45.2174,0.0,1.121,OPTIMAL
grid_5x5_31,seed_milpsnap_grid5x5_low.json,35,25,40,39,45.2174,0.0,1.267,OPTIMAL
grid_5x5_31,seed_milpsnap_grid5x5_low.json,36,25,40,37,45.2174,0.0,0.836,OPTIMAL
grid_5x5_31,seed_milpsnap_grid5x5_low.json,37,25,40,32,45.2174,0.0,0.747,OPTIMAL
grid_5x5_31,seed_milpsnap_grid5x5_low.json,38,25,40,29,45.2174,0.0,0.784,OPTIMAL
grid_5x5_31,seed_milpsnap_grid5x5_low.json,39,25,40,32,45.2174,0.0,0.607,OPTIMAL
grid_5x5_31,seed_milpsnap_grid5x5_low.json,40,25,40,30,45.2174,0.0,0.966,OPTIMAL
grid_5x5_31,seed_milpsnap_grid5x5_low.json,41,25,40,28,45.2174,0.0,0.776,OPTIMAL
grid_5x5_31,seed_milpsnap_grid5x5_low.json,42,25,40,33,45.2174,0.0,0.825,OPTIMAL
grid_5x5_31,seed_milpsnap_grid5x5_low.json,43,25,40,30,45.2174,0.0,1.034,OPTIMAL
grid_5x5_31,seed_milpsnap_grid5x5_low.json,44,25,40,27,45.2174,0.0,0.851,OPTIMAL
grid_5x5_31,seed_milpsnap_grid5x5_low.json,45,25,40,26,48.6957,0.0,0.453,OPTIMAL
grid_5x5_31,seed_milpsnap_grid5x5_low.json,46,25,40,25,48.6957,0.0,0.391,OPTIMAL
grid_5x5_31,seed_milpsnap_grid5x5_low.json,47,25,40,25,48.6957,0.0,0.321,OPTIMAL
grid_5x5_31,seed_milpsnap_grid5x5_low.json,48,25,40,28,48.6957,0.0,0.455,OPTIMAL
grid_5x5_31,seed_milpsnap_grid5x5_low.json,49,25,40,30,48.6957,0.0,0.615,OPTIMAL
grid_5x5_31,seed_milpsnap_grid5x5_low.json,50,25,40,33,45.2174,0.0,0.717,OPTIMAL
grid_5x5_31,seed_milpsnap_grid5x5_low.json,51,25,40,34,45.2174,0.0,1.022,OPTIMAL
grid_5x5_31,seed_milpsnap_grid5x5_low.json,52,25,40,36,45.2174,0.0,1.004,OPTIMAL
grid_5x5_31,seed_milpsnap_grid5x5_low.json,53,25,40,33,45.2174,0.0,1.297,OPTIMAL
grid_5x5_31,seed_milpsnap_grid5x5_low.json,54,25,40,33,45.2174,0.0,0.84,OPTIMAL
grid_5x5_31,seed_milpsnap_grid5x5_low.json,55,25,40,37,45.2174,0.0,1.031,OPTIMAL
grid_5x5_31,seed_milpsnap_grid5x5_low.json,56,25,40,34,45.2174,0.0,0.986,OPTIMAL
grid_5x5_31,seed_milpsnap_grid5x5_low.json,57,25,40,37,45.2174,0.0,0.945,OPTIMAL
grid_5x5_31,seed_milpsnap_grid5x5_low.json,58,25,40,37,45.2174,0.0,0.845,OPTIMAL
grid_5x5_31,seed_milpsnap_grid5x5_low.json,59,25,40,37,45.2174,0.0,1.323,OPTIMAL
grid_5x5_31,seed_milpsnap_grid5x5_low.json,60,25,40,34,45.2174,0.0,0.89,OPTIMAL
grid_5x5_31,seed_milpsnap_grid5x5_low.json,61,25,40,33,45.2174,0.0,0.816,OPTIMAL
grid_5x5_31,seed_milpsnap_grid5x5_low.json,62,25,40,31,45.2174,0.0,0.921,OPTIMAL
grid_5x5_31,seed_milpsnap_grid5x5_low.json,63,25,40,31,45.2174,0.0,0.716,OPTIMAL
grid_5x5_31,seed_milpsnap_grid5x5_low.json,64,25,40,29,45.2174,0.0,1.373,OPTIMAL
grid_5x5_31,seed_milpsnap_grid5x5_low.json,65,25,40,31,45.2174,0.0,1.062,OPTIMAL
grid_5x5_31,seed_milpsnap_grid5x5_low.json,66,25,40,29,45.2174,0.0,1.182,OPTIMAL
grid_5x5_31,seed_milpsnap_grid5x5_low.json,67,25,40,26,45.2174,0.0,0.8,OPTIMAL
grid_5x5_31,seed_milpsnap_grid5x5_low.json,68,25,40,27,45.2174,0.0,0.973,OPTIMAL
grid_5x5_31,seed_milpsnap_grid5x5_low.json,69,25,40,24,48.6957,0.0,0.318,OPTIMAL
grid_5x5_31,seed_milpsnap_grid5x5_low.json,70,25,40,22,48.6957,0.0,0.309,OPTIMAL
grid_5x5_31,seed_milpsnap_grid5x5_low.json,71,25,40,21,48.6957,0.0,0.42,OPTIMAL
grid_5x5_31,seed_milpsnap_grid5x5_low.json,72,25,40,26,48.6957,0.0,0.53,OPTIMAL
grid_5x5_31,seed_milpsnap_grid5x5_low.json,73,25,40,28,48.6957,0.0,0.521,OPTIMAL
grid_5x5_31,seed_milpsnap_grid5x5_low.json,74,25,40,29,48.6957,0.0,0.775,OPTIMAL
grid_5x5_31,seed_milpsnap_grid5x5_low.json,75,25,40,30,48.6957,0.0,0.559,OPTIMAL
grid_5x5_31,seed_milpsnap_grid5x5_low.json,76,25,40,31,48.6957,0.0,0.6,OPTIMAL
grid_5x5_31,seed_milpsnap_grid5x5_low.json,77,25,40,30,48.6957,0.0,0.441,OPTIMAL
grid_5x5_31,seed_milpsnap_grid5x5_low.json,78,25,40,32,48.6957,0.0,0.512,OPTIMAL
grid_5x5_31,seed_milpsnap_grid5x5_low.json,79,25,40,32,45.2174,0.0,1.213,OPTIMAL
grid_5x5_31,seed_milpsnap_grid5x5_low.json,80,25,40,31,45.2174,0.0,0.786,OPTIMAL
grid_5x5_31,seed_milpsnap_grid5x5_low.json,81,25,40,32,45.2174,0.0,0.747,OPTIMAL
grid_5x5_31,seed_milpsnap_grid5x5_low.json,82,25,40,34,45.2174,0.0,0.904,OPTIMAL
grid_5x5_31,seed_milpsnap_grid5x5_low.json,83,25,40,33,45.2174,0.0,0.904,OPTIMAL
grid_5x5_31,seed_milpsnap_grid5x5_low.json,84,25,40,33,45.2174,0.0,0.982,OPTIMAL
grid_5x5_31,seed_milpsnap_grid5x5_low.json,85,25,40,34,45.2174,0.0,0.808,OPTIMAL
grid_5x5_31,seed_milpsnap_grid5x5_low.json,86,25,40,33,48.6957,0.0,0.572,OPTIMAL
grid_5x5_31,seed_milpsnap_grid5x5_low.json,87,25,40,32,48.6957,0.0,0.413,OPTIMAL
grid_5x5_31,seed_milpsnap_grid5x5_low.json,88,25,40,30,48.6957,0.0,0.477,OPTIMAL
grid_5x5_31,seed_milpsnap_grid5x5_low.json,89,25,40,34,45.2174,0.0,1.117,OPTIMAL
grid_5x5_31,seed_milpsnap_grid5x5_low.json,90,25,40,35,45.2174,0.0,1.138,OPTIMAL
grid_5x5_31,seed_milpsnap_grid5x5_low.json,91,25,40,37,45.2174,0.0,1.035,OPTIMAL
grid_5x5_31,seed_milpsnap_grid5x5_low.json,92,25,40,37,45.2174,0.0,1.996,OPTIMAL
grid_5x5_31,seed_milpsnap_grid5x5_low.json,93,25,40,37,45.2174,0.0,1.68,OPTIMAL
grid_5x5_31,seed_milpsnap_grid5x5_low.json,94,25,40,34,45.2174,0.0,0.958,OPTIMAL
grid_5x5_31,seed_milpsnap_grid5x5_low.json,95,25,40,37,45.2174,0.0,1.101,OPTIMAL
grid_5x5_31,seed_milpsnap_grid5x5_low.json,96,25,40,38,45.2174,0.0,1.234,OPTIMAL
grid_5x5_31,seed_milpsnap_grid5x5_low.json,97,25,40,39,45.2174,0.0,1.255,OPTIMAL
grid_5x5_31,seed_milpsnap_grid5x5_low.json,98,25,40,39,45.2174,0.0,0.999,OPTIMAL
grid_5x5_31,seed_milpsnap_grid5x5_low.json,99,25,40,41,45.2174,0.0,1.187,OPTIMAL
grid_5x5_31,seed_milpsnap_grid5x5_low.json,100,25,40,40,45.2174,0.0,1.053,OPTIMAL
grid_5x5_31,seed_milpsnap_grid5x5_low.json,101,25,40,40,45.2174,0.0,0.898,OPTIMAL
grid_5x5_31,seed_milpsnap_grid5x5_low.json,102,25,40,35,45.2174,0.0,0.784,OPTIMAL
grid_5x5_31,seed_milpsnap_grid5x5_low.json,103,25,40,36,45.2174,0.0,0.753,OPTIMAL
grid_5x5_31,seed_milpsnap_grid5x5_low.json,104,25,40,35,45.2174,0.0,1.339,OPTIMAL
grid_5x5_31,seed_milpsnap_grid5x5_low.json,105,25,40,32,45.2174,0.0,0.758,OPTIMAL
grid_5x5_31,seed_milpsnap_grid5x5_low.json,106,25,40,31,45.2174,0.0,0.74,OPTIMAL
grid_5x5_31,seed_milpsnap_grid5x5_low.json,107,25,40,32,45.2174,0.0,1.071,OPTIMAL
grid_5x5_31,seed_milpsnap_grid5x5_low.json,108,25,40,32,45.2174,0.0,0.92,OPTIMAL
grid_5x5_31,seed_milpsnap_grid5x5_low.json,109,25,40,33,45.2174,0.0,0.917,OPTIMAL
grid_5x5_31,seed_milpsnap_grid5x5_low.json,110,25,40,31,45.2174,0.0,0.713,OPTIMAL
grid_5x5_31,seed_milpsnap_grid5x5_low.json,111,25,40,30,45.2174,0.0,0.934,OPTIMAL
grid_5x5_31,seed_milpsnap_grid5x5_low.json,112,25,40,29,45.2174,0.0,1.348,OPTIMAL
grid_5x5_31,seed_milpsnap_grid5x5_low.json,113,25,40,29,45.2174,0.0,0.74,OPTIMAL
grid_5x5_31,seed_milpsnap_grid5x5_low.json,114,25,40,26,48.6957,0.0,0.382,OPTIMAL
grid_5x5_31,seed_milpsnap_grid5x5_low.json,115,25,40,25,48.6957,0.0,0.485,OPTIMAL
grid_5x5_31,seed_milpsnap_grid5x5_low.json,116,25,40,27,45.2174,0.0,1.488,OPTIMAL
grid_5x5_31,seed_milpsnap_grid5x5_low.json,117,25,40,31,45.2174,0.0,0.66,OPTIMAL
grid_5x5_31,seed_milpsnap_grid5x5_low.json,118,25,40,30,45.2174,0.0,0.986,OPTIMAL
grid_5x5_31,seed_milpsnap_grid5x5_low.json,119,25,40,26,45.2174,0.0,0.749,OPTIMAL
grid_5x5_31,seed_milpsnap_grid5x5_low.json,120,25,40,26,45.2174,0.0,0.686,OPTIMAL
grid_5x5_31,seed_milpsnap_grid5x5_low.json,121,25,40,26,48.6957,0.0,0.346,OPTIMAL
grid_5x5_31,seed_milpsnap_grid5x5_low.json,122,25,40,26,48.6957,0.0,0.36,OPTIMAL
grid_5x5_31,seed_milpsnap_grid5x5_low.json,123,25,40,24,48.6957,0.0,0.34,OPTIMAL
grid_5x5_31,seed_milpsnap_grid5x5_low.json,124,25,40,24,48.6957,0.0,0.465,OPTIMAL
grid_5x5_31,seed_milpsnap_grid5x5_low.json,125,25,40,25,48.6957,0.0,0.369,OPTIMAL
grid_5x5_31,seed_milpsnap_grid5x5_low.json,126,25,40,25,48.6957,0.0,0.372,OPTIMAL
grid_5x5_31,seed_milpsnap_grid5x5_low.json,127,25,40,23,48.6957,0.0,0.274,OPTIMAL
grid_5x5_31,seed_milpsnap_grid5x5_low.json,128,25,40,27,48.6957,0.0,0.701,OPTIMAL
grid_5x5_31,seed_milpsnap_grid5x5_low.json,129,25,40,28,48.6957,0.0,0.485,OPTIMAL
grid_5x5_31,seed_milpsnap_grid5x5_low.json,130,25,40,29,48.6957,0.0,0.876,OPTIMAL
grid_5x5_31,seed_milpsnap_grid5x5_low.json,131,25,40,27,48.6957,0.0,0.655,OPTIMAL
grid_5x5_31,seed_milpsnap_grid5x5_low.json,132,25,40,25,48.6957,0.0,0.339,OPTIMAL
grid_5x5_31,seed_milpsnap_grid5x5_low.json,133,25,40,27,48.6957,0.0,0.455,OPTIMAL
grid_5x5_31,seed_milpsnap_grid5x5_low.json,134,25,40,33,45.2174,0.0,0.798,OPTIMAL
grid_5x5_31,seed_milpsnap_grid5x5_low.json,135,25,40,33,45.2174,0.0,1.211,OPTIMAL
grid_5x5_31,seed_milpsnap_grid5x5_low.json,136,25,40,31,45.2174,0.0,0.674,OPTIMAL
grid_5x5_31,seed_milpsnap_grid5x5_low.json,137,25,40,31,45.2174,0.0,0.876,OPTIMAL
grid_5x5_31,seed_milpsnap_grid5x5_low.json,138,25,40,32,45.2174,0.0,1.042,OPTIMAL
grid_5x5_31,seed_milpsnap_grid5x5_low.json,139,25,40,34,45.2174,0.0,1.492,OPTIMAL
grid_5x5_31,seed_milpsnap_grid5x5_low.json,140,25,40,33,45.2174,0.0,1.05,OPTIMAL
grid_5x5_31,seed_milpsnap_grid5x5_low.json,141,25,40,35,45.2174,0.0,1.436,OPTIMAL
grid_5x5_31,seed_milpsnap_grid5x5_low.json,142,25,40,31,45.2174,0.0,1.127,OPTIMAL
grid_5x5_31,seed_milpsnap_grid5x5_low.json,143,25,40,36,45.2174,0.0,0.878,OPTIMAL
grid_5x5_31,seed_milpsnap_grid5x5_low.json,144,25,40,1,73.0435,0.0,0.023,OPTIMAL
grid_5x5_31,seed_milpsnap_grid5x5_low.json,145,25,40,5,55.6522,0.0,0.284,OPTIMAL
grid_5x5_31,seed_milpsnap_grid5x5_low.json,146,25,40,9,48.6957,0.0,0.195,OPTIMAL
grid_5x5_31,seed_milpsnap_grid5x5_low.json,147,25,40,12,48.6957,0.0,0.233,OPTIMAL
grid_5x5_31,seed_milpsnap_grid5x5_low.json,148,25,40,13,48.6957,0.0,0.269,OPTIMAL
grid_5x5_31,seed_milpsnap_grid5x5_low.json,149,25,40,14,48.6957,0.0,0.228,OPTIMAL
grid_5x5_31,seed_milpsnap_grid5x5_low.json,150,25,40,18,48.6957,0.0,0.356,OPTIMAL
grid_5x5_31,seed_milpsnap_grid5x5_low.json,151,25,40,24,48.6957,0.0,0.287,OPTIMAL
grid_5x5_31,seed_milpsnap_grid5x5_low.json,152,25,40,26,48.6957,0.0,0.36,OPTIMAL
grid_5x5_31,seed_milpsnap_grid5x5_low.json,153,25,40,29,48.6957,0.0,0.363,OPTIMAL
grid_5x5_31,seed_milpsnap_grid5x5_low.json,154,25,40,31,48.6957,0.0,0.557,OPTIMAL
grid_5x5_31,seed_milpsnap_grid5x5_low.json,155,25,40,34,45.2174,0.0,0.678,OPTIMAL
grid_5x5_31,seed_milpsnap_grid5x5_low.json,156,25,40,36,45.2174,0.0,0.883,OPTIMAL
grid_5x5_31,seed_milpsnap_grid5x5_low.json,157,25,40,39,45.2174,0.0,0.875,OPTIMAL
grid_5x5_31,seed_milpsnap_grid5x5_low.json,158,25,40,41,45.2174,0.0,1.073,OPTIMAL
grid_5x5_31,seed_milpsnap_grid5x5_low.json,159,25,40,42,45.2174,0.0,1.346,OPTIMAL
grid_5x5_31,seed_milpsnap_grid5x5_low.json,160,25,40,39,45.2174,0.0,1.315,OPTIMAL
grid_5x5_31,seed_milpsnap_grid5x5_low.json,161,25,40,37,45.2174,0.0,0.847,OPTIMAL
grid_5x5_31,seed_milpsnap_grid5x5_low.json,162,25,40,37,45.2174,0.0,1.256,OPTIMAL
grid_5x5_31,seed_milpsnap_grid5x5_low.json,163,25,40,36,45.2174,0.0,0.922,OPTIMAL
grid_5x5_31,seed_milpsnap_grid5x5_low.json,164,25,40,36,45.2174,0.0,0.887,OPTIMAL
grid_5x5_31,seed_milpsnap_grid5x5_low.json,165,25,40,35,45.2174,0.0,1.191,OPTIMAL
grid_5x5_31,seed_milpsnap_grid5x5_low.json,166,25,40,29,45.2174,0.0,1.37,OPTIMAL
grid_5x5_31,seed_milpsnap_grid5x5_low.json,167,25,40,27,45.2174,0.0,0.709,OPTIMAL
grid_5x5_31,seed_milpsnap_grid5x5_low.json,168,25,40,26,45.2174,0.0,0.926,OPTIMAL
grid_5x5_31,seed_milpsnap_grid5x5_low.json,169,25,40,24,45.2174,0.0,0.514,OPTIMAL
grid_5x5_31,seed_milpsnap_grid5x5_low.json,170,25,40,21,48.6957,0.0,0.336,OPTIMAL
grid_5x5_31,seed_milpsnap_grid5x5_low.json,171,25,40,21,48.6957,0.0,0.287,OPTIMAL
grid_5x5_31,seed_milpsnap_grid5x5_low.json,172,25,40,19,48.6957,0.0,0.303,OPTIMAL
grid_5x5_31,seed_milpsnap_grid5x5_low.json,173,25,40,17,48.6957,0.0,0.327,OPTIMAL
grid_5x5_31,seed_milpsnap_grid5x5_low.json,174,25,40,17,48.6957,0.0,0.248,OPTIMAL
grid_5x5_31,seed_milpsnap_grid5x5_low.json,175,25,40,19,48.6957,0.0,0.37,OPTIMAL
grid_5x5_31,seed_milpsnap_grid5x5_low.json,176,25,40,20,48.6957,0.0,0.292,OPTIMAL
grid_5x5_31,seed_milpsnap_grid5x5_low.json,177,25,40,17,48.6957,0.0,0.242,OPTIMAL
grid_5x5_31,seed_milpsnap_grid5x5_low.json,178,25,40,18,48.6957,0.0,0.344,OPTIMAL
grid_5x5_31,seed_milpsnap_grid5x5_low.json,179,25,40,18,48.6957,0.0,0.223,OPTIMAL
grid_5x5_31,seed_milpsnap_grid5x5_low.json,180,25,40,16,48.6957,0.0,0.311,OPTIMAL
grid_5x5_31,seed_milpsnap_grid5x5_low.json,181,25,40,17,48.6957,0.0,0.235,OPTIMAL
grid_5x5_31,seed_milpsnap_grid5x5_low.json,182,25,40,19,48.6957,0.0,0.287,OPTIMAL
grid_5x5_31,seed_milpsnap_grid5x5_low.json,183,25,40,19,48.6957,0.0,0.366,OPTIMAL
grid_5x5_31,seed_milpsnap_grid5x5_low.json,184,25,40,21,48.6957,0.0,0.252,OPTIMAL
grid_5x5_31,seed_milpsnap_grid5x5_low.json,185,25,40,20,48.6957,0.0,0.357,OPTIMAL
grid_5x5_31,seed_milpsnap_grid5x5_low.json,186,25,40,19,48.6957,0.0,0.257,OPTIMAL
grid_5x5_31,seed_milpsnap_grid5x5_low.json,187,25,40,20,45.2174,0.0,0.496,OPTIMAL
grid_5x5_31,seed_milpsnap_grid5x5_low.json,188,25,40,19,45.2174,0.0,0.594,OPTIMAL
grid_5x5_31,seed_milpsnap_grid5x5_low.json,189,25,40,17,45.2174,0.0,0.37,OPTIMAL
grid_5x5_31,seed_milpsnap_grid5x5_low.json,190,25,40,16,45.2174,0.0,0.333,OPTIMAL
grid_5x5_31,seed_milpsnap_grid5x5_low.json,191,25,40,19,45.2174,0.0,0.405,OPTIMAL
grid_5x5_31,seed_milpsnap_grid5x5_low.json,192,25,40,19,45.2174,0.0,0.68,OPTIMAL
grid_5x5_31,seed_milpsnap_grid5x5_low.json,193,25,40,18,48.6957,0.0,0.286,OPTIMAL
grid_5x5_31,seed_milpsnap_grid5x5_low.json,194,25,40,18,48.6957,0.0,0.26,OPTIMAL
grid_5x5_31,seed_milpsnap_grid5x5_low.json,195,25,40,19,45.2174,0.0,0.354,OPTIMAL
grid_5x5_31,seed_milpsnap_grid5x5_low.json,196,25,40,19,45.2174,0.0,0.545,OPTIMAL
grid_5x5_31,seed_milpsnap_grid5x5_low.json,197,25,40,18,48.6957,0.0,0.262,OPTIMAL
grid_5x5_31,seed_milpsnap_grid5x5_low.json,198,25,40,20,45.2174,0.0,0.4,OPTIMAL
grid_5x5_31,seed_milpsnap_grid5x5_low.json,199,25,40,19,45.2174,0.0,0.297,OPTIMAL
grid_5x5_31,seed_milpsnap_grid5x5_low.json,200,25,40,19,48.6957,0.0,0.416,OPTIMAL
grid_5x5_31,seed_milpsnap_grid5x5_low.json,201,25,40,21,45.2174,0.0,0.454,OPTIMAL
grid_5x5_31,seed_milpsnap_grid5x5_low.json,202,25,40,21,48.6957,0.0,0.233,OPTIMAL
grid_5x5_31,seed_milpsnap_grid5x5_low.json,203,25,40,25,45.2174,0.0,0.522,OPTIMAL
grid_5x5_31,seed_milpsnap_grid5x5_low.json,204,25,40,24,45.2174,0.0,0.768,OPTIMAL
grid_5x5_31,seed_milpsnap_grid5x5_low.json,205,25,40,26,45.2174,0.0,0.544,OPTIMAL
grid_5x5_31,seed_milpsnap_grid5x5_low.json,206,25,40,24,45.2174,0.0,0.667,OPTIMAL
grid_5x5_31,seed_milpsnap_grid5x5_low.json,207,25,40,23,45.2174,0.0,0.502,OPTIMAL
grid_5x5_31,seed_milpsnap_grid5x5_low.json,208,25,40,27,45.2174,0.0,0.61,OPTIMAL
grid_5x5_31,seed_milpsnap_grid5x5_low.json,209,25,40,28,45.2174,0.0,0.823,OPTIMAL
grid_5x5_31,seed_milpsnap_grid5x5_low.json,210,25,40,28,45.2174,0.0,0.881,OPTIMAL
grid_5x5_31,seed_milpsnap_grid5x5_low.json,211,25,40,29,45.2174,0.0,0.622,OPTIMAL
grid_5x5_31,seed_milpsnap_grid5x5_low.json,212,25,40,29,45.2174,0.0,0.921,OPTIMAL
grid_5x5_31,seed_milpsnap_grid5x5_low.json,213,25,40,27,45.2174,0.0,0.778,OPTIMAL
grid_5x5_31,seed_milpsnap_grid5x5_low.json,214,25,40,26,45.2174,0.0,0.499,OPTIMAL
grid_5x5_31,seed_milpsnap_grid5x5_low.json,215,25,40,27,45.2174,0.0,0.599,OPTIMAL
grid_5x5_31,seed_milpsnap_grid5x5_low.json,216,25,40,26,45.2174,0.0,0.678,OPTIMAL
grid_5x5_31,seed_milpsnap_grid5x5_low.json,217,25,40,29,45.2174,0.0,0.725,OPTIMAL
grid_5x5_31,seed_milpsnap_grid5x5_low.json,218,25,40,29,45.2174,0.0,0.739,OPTIMAL
grid_5x5_31,seed_milpsnap_grid5x5_low.json,219,25,40,25,45.2174,0.0,0.653,OPTIMAL
grid_5x5_31,seed_milpsnap_grid5x5_low.json,220,25,40,29,45.2174,0.0,0.625,OPTIMAL
grid_5x5_31,seed_milpsnap_grid5x5_low.json,221,25,40,32,45.2174,0.0,0.86,OPTIMAL
grid_5x5_31,seed_milpsnap_grid5x5_low.json,222,25,40,29,45.2174,0.0,0.64,OPTIMAL
grid_5x5_31,seed_milpsnap_grid5x5_low.json,223,25,40,29,45.2174,0.0,0.745,OPTIMAL
grid_5x5_31,seed_milpsnap_grid5x5_low.json,224,25,40,31,45.2174,0.0,0.746,OPTIMAL
grid_5x5_31,seed_milpsnap_grid5x5_low.json,225,25,40,31,48.6957,0.0,0.526,OPTIMAL
grid_5x5_31,seed_milpsnap_grid5x5_low.json,226,25,40,32,45.2174,0.0,0.76,OPTIMAL
grid_5x5_31,seed_milpsnap_grid5x5_low.json,227,25,40,36,45.2174,0.0,0.83,OPTIMAL
grid_5x5_31,seed_milpsnap_grid5x5_low.json,228,25,40,36,45.2174,0.0,1.153,OPTIMAL
grid_5x5_31,seed_milpsnap_grid5x5_low.json,229,25,40,36,45.2174,0.0,0.844,OPTIMAL
grid_5x5_31,seed_milpsnap_grid5x5_low.json,230,25,40,35,45.2174,0.0,0.726,OPTIMAL
grid_5x5_31,seed_milpsnap_grid5x5_low.json,231,25,40,32,45.2174,0.0,1.042,OPTIMAL
grid_5x5_31,seed_milpsnap_grid5x5_low.json,232,25,40,35,45.2174,0.0,0.767,OPTIMAL
grid_5x5_31,seed_milpsnap_grid5x5_low.json,233,25,40,39,45.2174,0.0,0.944,OPTIMAL
grid_5x5_31,seed_milpsnap_grid5x5_low.json,234,25,40,40,45.2174,0.0,1.159,OPTIMAL
grid_5x5_31,seed_milpsnap_grid5x5_low.json,235,25,40,40,45.2174,0.0,1.211,OPTIMAL
grid_5x5_31,seed_milpsnap_grid5x5_low.json,236,25,40,42,45.2174,0.0,0.821,OPTIMAL
grid_5x5_31,seed_milpsnap_grid5x5_low.json,237,25,40,41,45.2174,0.0,1.231,OPTIMAL
grid_5x5_31,seed_milpsnap_grid5x5_low.json,238,25,40,43,45.2174,0.0,1.064,OPTIMAL
grid_5x5_31,seed_milpsnap_grid5x5_low.json,239,25,40,41,45.2174,0.0,1.104,OPTIMAL
grid_5x5_31,seed_milpsnap_grid5x5_low.json,240,25,40,40,45.2174,0.0,0.868,OPTIMAL
grid_5x5_31,seed_milpsnap_grid5x5_low.json,241,25,40,45,45.2174,0.0,1.401,OPTIMAL
grid_5x5_31,seed_milpsnap_grid5x5_low.json,242,25,40,43,45.2174,0.0,1.019,OPTIMAL
grid_5x5_31,seed_milpsnap_grid5x5_low.json,243,25,40,44,45.2174,0.0,1.181,OPTIMAL
grid_5x5_31,seed_milpsnap_grid5x5_low.json,244,25,40,44,45.2174,0.0,1.082,OPTIMAL
grid_5x5_31,seed_milpsnap_grid5x5_low.json,245,25,40,41,45.2174,0.0,1.039,OPTIMAL
grid_5x5_31,seed_milpsnap_grid5x5_low.json,246,25,40,40,45.2174,0.0,0.912,OPTIMAL
grid_5x5_31,seed_milpsnap_grid5x5_low.json,247,25,40,41,45.2174,0.0,1.225,OPTIMAL
grid_5x5_31,seed_milpsnap_grid5x5_low.json,248,25,40,38,45.2174,0.0,1.256,OPTIMAL
grid_5x5_31,seed_milpsnap_grid5x5_low.json,249,25,40,33,45.2174,0.0,0.787,OPTIMAL
grid_5x5_31,seed_milpsnap_grid5x5_low.json,250,25,40,30,45.2174,0.0,0.694,OPTIMAL
grid_5x5_31,seed_milpsnap_grid5x5_low.json,251,25,40,30,45.2174,0.0,0.736,OPTIMAL
grid_5x5_31,seed_milpsnap_grid5x5_low.json,252,25,40,30,45.2174,0.0,0.696,OPTIMAL
grid_5x5_31,seed_milpsnap_grid5x5_low.json,253,25,40,25,45.2174,0.0,0.6,OPTIMAL
grid_5x5_31,seed_milpsnap_grid5x5_low.json,254,25,40,25,45.2174,0.0,0.647,OPTIMAL
grid_5x5_31,seed_milpsnap_grid5x5_low.json,255,25,40,27,45.2174,0.0,0.825,OPTIMAL
grid_5x5_31,seed_milpsnap_grid5x5_low.json,256,25,40,24,45.2174,0.0,0.608,OPTIMAL
grid_5x5_31,seed_milpsnap_grid5x5_low.json,257,25,40,23,48.6957,0.0,0.376,OPTIMAL
grid_5x5_31,seed_milpsnap_grid5x5_low.json,258,25,40,22,48.6957,0.0,0.291,OPTIMAL
grid_5x5_31,seed_milpsnap_grid5x5_low.json,259,25,40,24,48.6957,0.0,0.374,OPTIMAL
grid_5x5_31,seed_milpsnap_grid5x5_low.json,260,25,40,25,45.2174,0.0,0.515,OPTIMAL
grid_5x5_31,seed_milpsnap_grid5x5_low.json,261,25,40,26,45.2174,0.0,0.561,OPTIMAL
grid_5x5_31,seed_milpsnap_grid5x5_low.json,262,25,40,26,45.2174,0.0,0.746,OPTIMAL
grid_5x5_31,seed_milpsnap_grid5x5_low.json,263,25,40,30,45.2174,0.0,0.642,OPTIMAL
grid_5x5_31,seed_milpsnap_grid5x5_low.json,264,25,40,31,45.2174,0.0,0.718,OPTIMAL
grid_5x5_31,seed_milpsnap_grid5x5_low.json,265,25,40,33,45.2174,0.0,0.973,OPTIMAL
grid_5x5_31,seed_milpsnap_grid5x5_low.json,266,25,40,33,45.2174,0.0,0.771,OPTIMAL
grid_5x5_31,seed_milpsnap_grid5x5_low.json,267,25,40,38,45.2174,0.0,0.961,OPTIMAL
grid_5x5_31,seed_milpsnap_grid5x5_low.json,268,25,40,38,45.2174,0.0,1.037,OPTIMAL
grid_5x5_31,seed_milpsnap_grid5x5_low.json,269,25,40,38,45.2174,0.0,1.102,OPTIMAL
grid_5x5_31,seed_milpsnap_grid5x5_low.json,270,25,40,37,45.2174,0.0,1.27,OPTIMAL
grid_5x5_31,seed_milpsnap_grid5x5_low.json,271,25,40,38,45.2174,0.0,0.796,OPTIMAL
grid_5x5_31,seed_milpsnap_grid5x5_low.json,272,25,40,40,45.2174,0.0,0.95,OPTIMAL
grid_5x5_31,seed_milpsnap_grid5x5_low.json,273,25,40,40,45.2174,0.0,1.151,OPTIMAL
grid_5x5_31,seed_milpsnap_grid5x5_low.json,274,25,40,39,45.2174,0.0,0.869,OPTIMAL
grid_5x5_31,seed_milpsnap_grid5x5_low.json,275,25,40,38,45.2174,0.0,0.908,OPTIMAL
grid_5x5_31,seed_milpsnap_grid5x5_low.json,276,25,40,38,45.2174,0.0,0.829,OPTIMAL
grid_5x5_31,seed_milpsnap_grid5x5_low.json,277,25,40,37,45.2174,0.0,1.214,OPTIMAL
grid_5x5_31,seed_milpsnap_grid5x5_low.json,278,25,40,35,45.2174,0.0,0.972,OPTIMAL
grid_5x5_31,seed_milpsnap_grid5x5_low.json,279,25,40,34,45.2174,0.0,0.837,OPTIMAL
grid_5x5_31,seed_milpsnap_grid5x5_low.json,280,25,40,33,45.2174,0.0,0.862,OPTIMAL
grid_5x5_31,seed_milpsnap_grid5x5_low.json,281,25,40,32,45.2174,0.0,0.805,OPTIMAL
grid_5x5_31,seed_milpsnap_grid5x5_low.json,282,25,40,28,45.2174,0.0,0.735,OPTIMAL
grid_5x5_31,seed_milpsnap_grid5x5_low.json,283,25,40,33,45.2174,0.0,0.898,OPTIMAL
grid_5x5_31,seed_milpsnap_grid5x5_low.json,284,25,40,34,45.2174,0.0,0.935,OPTIMAL
grid_5x5_31,seed_milpsnap_grid5x5_low.json,285,25,40,35,45.2174,0.0,0.732,OPTIMAL
grid_5x5_31,seed_milpsnap_grid5x5_low.json,286,25,40,37,45.2174,0.0,1.046,OPTIMAL
grid_5x5_31,seed_milpsnap_grid5x5_low.json,287,25,40,35,45.2174,0.0,1.196,OPTIMAL
grid_5x5_31,seed_milpsnap_grid5x5_low.json,288,25,40,35,45.2174,0.0,0.997,OPTIMAL
grid_5x5_31,seed_milpsnap_grid5x5_low.json,289,25,40,34,45.2174,0.0,1.066,OPTIMAL
grid_5x5_31,seed_milpsnap_grid5x5_low.json,290,25,40,34,45.2174,0.0,0.792,OPTIMAL
grid_5x5_31,seed_milpsnap_grid5x5_low.json,291,25,40,1,93.913,0.0,0.006,OPTIMAL
grid_5x5_31,seed_milpsnap_grid5x5_low.json,292,25,40,5,56.5217,0.0,0.301,OPTIMAL
grid_5x5_31,seed_milpsnap_grid5x5_low.json,293,25,40,8,55.6522,0.0,0.184,OPTIMAL
grid_5x5_31,seed_milpsnap_grid5x5_low.json,294,25,40,10,49.5652,0.0,0.257,OPTIMAL
grid_5x5_31,seed_milpsnap_grid5x5_low.json,295,25,40,13,48.6957,0.0,0.184,OPTIMAL
grid_5x5_31,seed_milpsnap_grid5x5_low.json,296,25,40,15,48.6957,0.0,0.219,OPTIMAL
grid_5x5_31,seed_milpsnap_grid5x5_low.json,297,25,40,18,48.6957,0.0,0.269,OPTIMAL
grid_5x5_31,seed_milpsnap_grid5x5_low.json,298,25,40,21,48.6957,0.0,0.321,OPTIMAL
grid_5x5_31,seed_milpsnap_grid5x5_low.json,299,25,40,22,48.6957,0.0,0.415,OPTIMAL
grid_5x5_31,seed_milpsnap_grid5x5_low.json,300,25,40,25,48.6957,0.0,0.453,OPTIMAL
grid_5x5_31,seed_milpsnap_grid5x5_low.json,301,25,40,27,45.2174,0.0,0.625,OPTIMAL
grid_5x5_31,seed_milpsnap_grid5x5_low.json,302,25,40,28,45.2174,0.0,0.555,OPTIMAL
grid_5x5_31,seed_milpsnap_grid5x5_low.json,303,25,40,29,45.2174,0.0,0.914,OPTIMAL
grid_5x5_31,seed_milpsnap_grid5x5_low.json,304,25,40,32,45.2174,0.0,0.685,OPTIMAL
grid_5x5_31,seed_milpsnap_grid5x5_low.json,305,25,40,33,45.2174,0.0,0.948,OPTIMAL
grid_5x5_31,seed_milpsnap_grid5x5_low.json,306,25,40,29,45.2174,0.0,0.767,OPTIMAL
grid_5x5_31,seed_milpsnap_grid5x5_low.json,307,25,40,29,45.2174,0.0,0.722,OPTIMAL
grid_5x5_31,seed_milpsnap_grid5x5_low.json,308,25,40,27,45.2174,0.0,0.887,OPTIMAL
grid_5x5_31,seed_milpsnap_grid5x5_low.json,309,25,40,26,45.2174,0.0,0.516,OPTIMAL
grid_5x5_31,seed_milpsnap_grid5x5_low.json,310,25,40,27,45.2174,0.0,0.831,OPTIMAL
grid_5x5_31,seed_milpsnap_grid5x5_low.json,311,25,40,26,45.2174,0.0,0.706,OPTIMAL
grid_5x5_31,seed_milpsnap_grid5x5_low.json,312,25,40,29,45.2174,0.0,1.042,OPTIMAL
grid_5x5_31,seed_milpsnap_grid5x5_low.json,313,25,40,28,45.2174,0.0,0.759,OPTIMAL
grid_5x5_31,seed_milpsnap_grid5x5_low.json,314,25,40,29,48.6957,0.0,0.384,OPTIMAL
grid_5x5_31,seed_milpsnap_grid5x5_low.json,315,25,40,29,48.6957,0.0,0.367,OPTIMAL
grid_5x5_31,seed_milpsnap_grid5x5_low.json,316,25,40,30,48.6957,0.0,0.502,OPTIMAL
grid_5x5_31,seed_milpsnap_grid5x5_low.json,317,25,40,32,48.6957,0.0,0.538,OPTIMAL
grid_5x5_31,seed_milpsnap_grid5x5_low.json,318,25,40,34,48.6957,0.0,0.528,OPTIMAL
grid_5x5_31,seed_milpsnap_grid5x5_low.json,319,25,40,32,48.6957,0.0,0.507,OPTIMAL
grid_5x5_31,seed_milpsnap_grid5x5_low.json,320,25,40,34,48.6957,0.0,0.544,OPTIMAL
grid_5x5_31,seed_milpsnap_grid5x5_low.json,321,25,40,33,45.2174,0.0,0.994,OPTIMAL
grid_5x5_31,seed_milpsnap_grid5x5_low.json,322,25,40,34,45.2174,0.0,0.814,OPTIMAL
grid_5x5_31,seed_milpsnap_grid5x5_low.json,323,25,40,34,45.2174,0.0,0.865,OPTIMAL
grid_5x5_31,seed_milpsnap_grid5x5_low.json,324,25,40,34,45.2174,0.0,1.151,OPTIMAL
grid_5x5_31,seed_milpsnap_grid5x5_low.json,325,25,40,36,45.2174,0.0,1.044,OPTIMAL
grid_5x5_31,seed_milpsnap_grid5x5_low.json,326,25,40,33,45.2174,0.0,0.983,OPTIMAL
grid_5x5_31,seed_milpsnap_grid5x5_low.json,327,25,40,30,45.2174,0.0,0.824,OPTIMAL
grid_5x5_31,seed_milpsnap_grid5x5_low.json,328,25,40,31,45.2174,0.0,0.812,OPTIMAL
grid_5x5_31,seed_milpsnap_grid5x5_low.json,329,25,40,31,45.2174,0.0,0.743,OPTIMAL
grid_5x5_31,seed_milpsnap_grid5x5_low.json,330,25,40,29,45.2174,0.0,0.771,OPTIMAL
grid_5x5_31,seed_milpsnap_grid5x5_low.json,331,25,40,28,45.2174,0.0,0.92,OPTIMAL
grid_5x5_31,seed_milpsnap_grid5x5_low.json,332,25,40,31,45.2174,0.0,0.676,OPTIMAL
grid_5x5_31,seed_milpsnap_grid5x5_low.json,333,25,40,30,45.2174,0.0,0.608,OPTIMAL
grid_5x5_31,seed_milpsnap_grid5x5_low.json,334,25,40,31,45.2174,0.0,0.859,OPTIMAL
grid_5x5_31,seed_milpsnap_grid5x5_low.json,335,25,40,32,45.2174,0.0,0.968,OPTIMAL
grid_5x5_31,seed_milpsnap_grid5x5_low.json,336,25,40,32,45.2174,0.0,0.718,OPTIMAL
grid_5x5_31,seed_milpsnap_grid5x5_low.json,337,25,40,30,45.2174,0.0,0.757,OPTIMAL
grid_5x5_31,seed_milpsnap_grid5x5_low.json,338,25,40,29,45.2174,0.0,0.651,OPTIMAL
grid_5x5_31,seed_milpsnap_grid5x5_low.json,339,25,40,28,45.2174,0.0,0.877,OPTIMAL
grid_5x5_31,seed_milpsnap_grid5x5_low.json,340,25,40,28,45.2174,0.0,0.531,OPTIMAL
grid_5x5_31,seed_milpsnap_grid5x5_low.json,341,25,40,29,45.2174,0.0,0.609,OPTIMAL
grid_5x5_31,seed_milpsnap_grid5x5_low.json,342,25,40,29,45.2174,0.0,0.897,OPTIMAL
grid_5x5_31,seed_milpsnap_grid5x5_low.json,343,25,40,28,45.2174,0.0,0.534,OPTIMAL
grid_5x5_31,seed_milpsnap_grid5x5_low.json,344,25,40,27,45.2174,0.0,0.674,OPTIMAL
grid_5x5_31,seed_milpsnap_grid5x5_low.json,345,25,40,27,45.2174,0.0,0.63,OPTIMAL
grid_5x5_31,seed_milpsnap_grid5x5_low.json,346,25,40,27,45.2174,0.0,0.803,OPTIMAL
grid_5x5_31,seed_milpsnap_grid5x5_low.json,347,25,40,26,48.6957,0.0,0.421,OPTIMAL
grid_5x5_31,seed_milpsnap_grid5x5_low.json,348,25,40,26,48.6957,0.0,0.406,OPTIMAL
grid_5x5_31,seed_milpsnap_grid5x5_low.json,349,25,40,26,48.6957,0.0,0.495,OPTIMAL
grid_5x5_31,seed_milpsnap_grid5x5_low.json,350,25,40,26,45.2174,0.0,0.997,OPTIMAL
grid_5x5_31,seed_milpsnap_grid5x5_low.json,351,25,40,25,45.2174,0.0,0.838,OPTIMAL
grid_5x5_31,seed_milpsnap_grid5x5_low.json,352,25,40,28,45.2174,0.0,0.615,OPTIMAL
grid_5x5_31,seed_milpsnap_grid5x5_low.json,353,25,40,30,45.2174,0.0,0.762,OPTIMAL
grid_5x5_31,seed_milpsnap_grid5x5_low.json,354,25,40,28,45.2174,0.0,0.674,OPTIMAL
grid_5x5_31,seed_milpsnap_grid5x5_low.json,355,25,40,26,45.2174,0.0,0.669,OPTIMAL
grid_5x5_31,seed_milpsnap_grid5x5_low.json,356,25,40,26,45.2174,0.0,0.649,OPTIMAL
grid_5x5_31,seed_milpsnap_grid5x5_low.json,357,25,40,28,45.2174,0.0,0.694,OPTIMAL
grid_5x5_31,seed_milpsnap_grid5x5_low.json,358,25,40,27,45.2174,0.0,0.753,OPTIMAL
grid_5x5_31,seed_milpsnap_grid5x5_low.json,359,25,40,29,45.2174,0.0,1.007,OPTIMAL
grid_5x5_31,seed_milpsnap_grid5x5_low.json,360,25,40,31,45.2174,0.0,0.662,OPTIMAL
grid_5x5_31,seed_milpsnap_grid5x5_low.json,361,25,40,32,45.2174,0.0,1.064,OPTIMAL
grid_5x5_31,seed_milpsnap_grid5x5_low.json,362,25,40,34,45.2174,0.0,0.745,OPTIMAL
grid_5x5_31,seed_milpsnap_grid5x5_low.json,363,25,40,34,45.2174,0.0,0.79,OPTIMAL
grid_5x5_31,seed_milpsnap_grid5x5_low.json,364,25,40,36,45.2174,0.0,0.879,OPTIMAL
grid_5x5_31,seed_milpsnap_grid5x5_low.json,365,25,40,33,45.2174,0.0,1.046,OPTIMAL
grid_5x5_31,seed_milpsnap_grid5x5_low.json,366,25,40,34,45.2174,0.0,1.09,OPTIMAL
grid_5x5_31,seed_milpsnap_grid5x5_low.json,367,25,40,31,45.2174,0.0,0.764,OPTIMAL
grid_5x5_31,seed_milpsnap_grid5x5_low.json,368,25,40,29,45.2174,0.0,0.946,OPTIMAL
grid_5x5_31,seed_milpsnap_grid5x5_low.json,369,25,40,30,45.2174,0.0,0.763,OPTIMAL
grid_5x5_31,seed_milpsnap_grid5x5_low.json,370,25,40,31,45.2174,0.0,0.802,OPTIMAL
grid_5x5_31,seed_milpsnap_grid5x5_low.json,371,25,40,31,45.2174,0.0,0.699,OPTIMAL
grid_5x5_31,seed_milpsnap_grid5x5_low.json,372,25,40,30,48.6957,0.0,0.552,OPTIMAL
grid_5x5_31,seed_milpsnap_grid5x5_low.json,373,25,40,32,48.6957,0.0,0.533,OPTIMAL
grid_5x5_31,seed_milpsnap_grid5x5_low.json,374,25,40,32,48.6957,0.0,0.566,OPTIMAL
grid_5x5_31,seed_milpsnap_grid5x5_low.json,375,25,40,30,48.6957,0.0,0.41,OPTIMAL
grid_5x5_31,seed_milpsnap_grid5x5_low.json,376,25,40,27,48.6957,0.0,0.418,OPTIMAL
grid_5x5_31,seed_milpsnap_grid5x5_low.json,377,25,40,23,48.6957,0.0,0.403,OPTIMAL
grid_5x5_31,seed_milpsnap_grid5x5_low.json,378,25,40,21,45.2174,0.0,0.521,OPTIMAL
grid_5x5_31,seed_milpsnap_grid5x5_low.json,379,25,40,20,45.2174,0.0,0.546,OPTIMAL
grid_5x5_31,seed_milpsnap_grid5x5_low.json,380,25,40,23,45.2174,0.0,0.61,OPTIMAL
grid_5x5_31,seed_milpsnap_grid5x5_low.json,381,25,40,22,45.2174,0.0,0.525,OPTIMAL
grid_5x5_31,seed_milpsnap_grid5x5_low.json,382,25,40,23,45.2174,0.0,0.632,OPTIMAL
grid_5x5_31,seed_milpsnap_grid5x5_low.json,383,25,40,22,45.2174,0.0,0.442,OPTIMAL
grid_5x5_31,seed_milpsnap_grid5x5_low.json,384,25,40,21,48.6957,0.0,0.262,OPTIMAL
grid_5x5_31,seed_milpsnap_grid5x5_low.json,385,25,40,22,45.2174,0.0,0.558,OPTIMAL
grid_5x5_31,seed_milpsnap_grid5x5_low.json,386,25,40,23,45.2174,0.0,0.659,OPTIMAL
grid_5x5_31,seed_milpsnap_grid5x5_low.json,387,25,40,27,45.2174,0.0,0.717,OPTIMAL
grid_5x5_31,seed_milpsnap_grid5x5_low.json,388,25,40,28,45.2174,0.0,0.654,OPTIMAL
grid_5x5_31,seed_milpsnap_grid5x5_low.json,389,25,40,28,45.2174,0.0,0.585,OPTIMAL
grid_5x5_31,seed_milpsnap_grid5x5_low.json,390,25,40,29,45.2174,0.0,0.83,OPTIMAL
grid_5x5_31,seed_milpsnap_grid5x5_low.json,391,25,40,30,45.2174,0.0,0.676,OPTIMAL
grid_5x5_31,seed_milpsnap_grid5x5_low.json,392,25,40,31,45.2174,0.0,0.986,OPTIMAL
grid_5x5_31,seed_milpsnap_grid5x5_low.json,393,25,40,32,45.2174,0.0,0.739,OPTIMAL
grid_5x5_31,seed_milpsnap_grid5x5_low.json,394,25,40,33,45.2174,0.0,1.281,OPTIMAL
grid_5x5_31,seed_milpsnap_grid5x5_low.json,395,25,40,34,45.2174,0.0,1.058,OPTIMAL
grid_5x5_31,seed_milpsnap_grid5x5_low.json,396,25,40,35,45.2174,0.0,0.741,OPTIMAL
grid_5x5_31,seed_milpsnap_grid5x5_low.json,397,25,40,35,45.2174,0.0,0.938,OPTIMAL
grid_5x5_31,seed_milpsnap_grid5x5_low.json,398,25,40,35,45.2174,0.0,0.78,OPTIMAL
grid_5x5_31,seed_milpsnap_grid5x5_low.json,399,25,40,35,45.2174,0.0,0.796,OPTIMAL
grid_5x5_31,seed_milpsnap_grid5x5_low.json,400,25,40,33,45.2174,0.0,0.679,OPTIMAL
grid_5x5_31,seed_milpsnap_grid5x5_low.json,401,25,40,27,45.2174,0.0,0.87,OPTIMAL
grid_5x5_31,seed_milpsnap_grid5x5_low.json,402,25,40,23,45.2174,0.0,0.652,OPTIMAL
grid_5x5_31,seed_milpsnap_grid5x5_low.json,403,25,40,23,48.6957,0.0,0.387,OPTIMAL
grid_5x5_31,seed_milpsnap_grid5x5_low.json,404,25,40,22,48.6957,0.0,0.366,OPTIMAL
grid_5x5_31,seed_milpsnap_grid5x5_low.json,405,25,40,26,48.6957,0.0,0.365,OPTIMAL
grid_5x5_31,seed_milpsnap_grid5x5_low.json,406,25,40,25,48.6957,0.0,0.404,OPTIMAL
grid_5x5_31,seed_milpsnap_grid5x5_low.json,407,25,40,27,48.6957,0.0,0.492,OPTIMAL
grid_5x5_31,seed_milpsnap_grid5x5_low.json,408,25,40,29,48.6957,0.0,0.372,OPTIMAL
grid_5x5_31,seed_milpsnap_grid5x5_low.json,409,25,40,29,48.6957,0.0,0.378,OPTIMAL
grid_5x5_31,seed_milpsnap_grid5x5_low.json,410,25,40,31,48.6957,0.0,0.531,OPTIMAL
grid_5x5_31,seed_milpsnap_grid5x5_low.json,411,25,40,33,45.2174,0.0,1.033,OPTIMAL
grid_5x5_31,seed_milpsnap_grid5x5_low.json,412,25,40,35,45.2174,0.0,0.841,OPTIMAL
grid_5x5_31,seed_milpsnap_grid5x5_low.json,413,25,40,34,45.2174,0.0,0.894,OPTIMAL
grid_5x5_31,seed_milpsnap_grid5x5_low.json,414,25,40,31,45.2174,0.0,0.912,OPTIMAL
grid_5x5_31,seed_milpsnap_grid5x5_low.json,415,25,40,33,45.2174,0.0,0.986,OPTIMAL
grid_5x5_31,seed_milpsnap_grid5x5_low.json,416,25,40,34,45.2174,0.0,0.95,OPTIMAL
grid_5x5_31,seed_milpsnap_grid5x5_low.json,417,25,40,35,45.2174,0.0,1.13,OPTIMAL
grid_5x5_31,seed_milpsnap_grid5x5_low.json,418,25,40,34,45.2174,0.0,1.189,OPTIMAL
grid_5x5_31,seed_milpsnap_grid5x5_low.json,419,25,40,37,45.2174,0.0,2.486,OPTIMAL
grid_5x5_31,seed_milpsnap_grid5x5_low.json,420,25,40,35,45.2174,0.0,1.579,OPTIMAL
grid_5x5_31,seed_milpsnap_grid5x5_low.json,421,25,40,36,45.2174,0.0,1.379,OPTIMAL
grid_5x5_31,seed_milpsnap_grid5x5_low.json,422,25,40,34,45.2174,0.0,1.64,OPTIMAL
grid_5x5_31,seed_milpsnap_grid5x5_low.json,423,25,40,30,45.2174,0.0,0.905,OPTIMAL
grid_5x5_31,seed_milpsnap_grid5x5_low.json,424,25,40,27,48.6957,0.0,0.911,OPTIMAL
grid_5x5_31,seed_milpsnap_grid5x5_low.json,425,25,40,28,45.2174,0.0,0.922,OPTIMAL
grid_5x5_31,seed_milpsnap_grid5x5_low.json,426,25,40,26,45.2174,0.0,1.139,OPTIMAL
grid_5x5_31,seed_milpsnap_grid5x5_low.json,427,25,40,27,45.2174,0.0,0.822,OPTIMAL
grid_5x5_31,seed_milpsnap_grid5x5_low.json,428,25,40,28,45.2174,0.0,0.771,OPTIMAL
grid_5x5_31,seed_milpsnap_grid5x5_low.json,429,25,40,29,45.2174,0.0,0.635,OPTIMAL
grid_5x5_31,seed_milpsnap_grid5x5_low.json,430,25,40,28,45.2174,0.0,0.854,OPTIMAL
grid_5x5_31,seed_milpsnap_grid5x5_low.json,431,25,40,28,45.2174,0.0,0.923,OPTIMAL
grid_5x5_31,seed_milpsnap_grid5x5_low.json,432,25,40,31,45.2174,0.0,0.652,OPTIMAL
grid_5x5_31,seed_milpsnap_grid5x5_low.json,433,25,40,32,45.2174,0.0,0.664,OPTIMAL
grid_5x5_31,seed_milpsnap_grid5x5_low.json,434,25,40,31,45.2174,0.0,0.762,OPTIMAL
grid_5x5_31,seed_milpsnap_grid5x5_low.json,435,25,40,33,45.2174,0.0,0.92,OPTIMAL
grid_5x5_31,seed_milpsnap_grid5x5_low.json,436,25,40,31,45.2174,0.0,1.044,OPTIMAL
grid_5x5_31,seed_milpsnap_grid5x5_low.json,437,25,40,31,45.2174,0.0,1.363,OPTIMAL
grid_5x5_31,seed_milpsnap_grid5x5_low.json,438,25,40,1,90.4348,0.0,0.014,OPTIMAL
grid_5x5_31,seed_milpsnap_grid5x5_low.json,439,25,40,3,66.9565,0.0,0.051,OPTIMAL
grid_5x5_31,seed_milpsnap_grid5x5_low.json,440,25,40,4,66.087,0.0,0.08,OPTIMAL
grid_5x5_31,seed_milpsnap_grid5x5_low.json,441,25,40,8,52.1739,0.0,0.207,OPTIMAL
grid_5x5_31,seed_milpsnap_grid5x5_low.json,442,25,40,10,48.6957,0.0,0.208,OPTIMAL
grid_5x5_31,seed_milpsnap_grid5x5_low.json,443,25,40,14,48.6957,0.0,0.316,OPTIMAL
grid_5x5_31,seed_milpsnap_grid5x5_low.json,444,25,40,16,48.6957,0.0,0.214,OPTIMAL
grid_5x5_31,seed_milpsnap_grid5x5_low.json,445,25,40,19,48.6957,0.0,0.196,OPTIMAL
grid_5x5_31,seed_milpsnap_grid5x5_low.json,446,25,40,20,48.6957,0.0,0.307,OPTIMAL
grid_5x5_31,seed_milpsnap_grid5x5_low.json,447,25,40,22,48.6957,0.0,0.281,OPTIMAL
grid_5x5_31,seed_milpsnap_grid5x5_low.json,448,25,40,25,45.2174,0.0,0.858,OPTIMAL
grid_5x5_31,seed_milpsnap_grid5x5_low.json,449,25,40,27,45.2174,0.0,0.736,OPTIMAL
grid_5x5_31,seed_milpsnap_grid5x5_low.json,450,25,40,29,45.2174,0.0,0.709,OPTIMAL
grid_5x5_31,seed_milpsnap_grid5x5_low.json,451,25,40,31,45.2174,0.0,3.953,OPTIMAL
grid_5x5_31,seed_milpsnap_grid5x5_low.json,452,25,40,33,45.2174,0.0,1.193,OPTIMAL
grid_5x5_31,seed_milpsnap_grid5x5_low.json,453,25,40,34,45.2174,0.0,1.037,OPTIMAL
grid_5x5_31,seed_milpsnap_grid5x5_low.json,454,25,40,35,45.2174,0.0,1.55,OPTIMAL
grid_5x5_31,seed_milpsnap_grid5x5_low.json,455,25,40,33,45.2174,0.0,1.324,OPTIMAL
grid_5x5_31,seed_milpsnap_grid5x5_low.json,456,25,40,34,45.2174,0.0,0.985,OPTIMAL
grid_5x5_31,seed_milpsnap_grid5x5_low.json,457,25,40,33,45.2174,0.0,0.954,OPTIMAL
grid_5x5_31,seed_milpsnap_grid5x5_low.json,458,25,40,37,45.2174,0.0,1.205,OPTIMAL
grid_5x5_31,seed_milpsnap_grid5x5_low.json,459,25,40,38,45.2174,0.0,2.123,OPTIMAL
grid_5x5_31,seed_milpsnap_grid5x5_low.json,460,25,40,38,45.2174,0.0,1.305,OPTIMAL
grid_5x5_31,seed_milpsnap_grid5x5_low.json,461,25,40,40,45.2174,0.0,2.154,OPTIMAL
grid_5x5_31,seed_milpsnap_grid5x5_low.json,462,25,40,40,45.2174,0.0,1.135,OPTIMAL
grid_5x5_31,seed_milpsnap_grid5x5_low.json,463,25,40,40,45.2174,0.0,0.994,OPTIMAL
grid_5x5_31,seed_milpsnap_grid5x5_low.json,464,25,40,38,45.2174,0.0,0.979,OPTIMAL
grid_5x5_31,seed_milpsnap_grid5x5_low.json,465,25,40,38,45.2174,0.0,1.039,OPTIMAL
grid_5x5_31,seed_milpsnap_grid5x5_low.json,466,25,40,37,45.2174,0.0,1.049,OPTIMAL
grid_5x5_31,seed_milpsnap_grid5x5_low.json,467,25,40,36,45.2174,0.0,1.177,OPTIMAL
grid_5x5_31,seed_milpsnap_grid5x5_low.json,468,25,40,33,45.2174,0.0,0.913,OPTIMAL
grid_5x5_31,seed_milpsnap_grid5x5_low.json,469,25,40,35,45.2174,0.0,0.871,OPTIMAL
grid_5x5_31,seed_milpsnap_grid5x5_low.json,470,25,40,35,45.2174,0.0,1.024,OPTIMAL
grid_5x5_31,seed_milpsnap_grid5x5_low.json,471,25,40,35,45.2174,0.0,1.072,OPTIMAL
grid_5x5_31,seed_milpsnap_grid5x5_low.json,472,25,40,37,45.2174,0.0,0.739,OPTIMAL
grid_5x5_31,seed_milpsnap_grid5x5_low.json,473,25,40,34,45.2174,0.0,0.737,OPTIMAL
grid_5x5_31,seed_milpsnap_grid5x5_low.json,474,25,40,34,45.2174,0.0,0.774,OPTIMAL
grid_5x5_31,seed_milpsnap_grid5x5_low.json,475,25,40,33,45.2174,0.0,0.773,OPTIMAL
grid_5x5_31,seed_milpsnap_grid5x5_low.json,476,25,40,31,45.2174,0.0,0.768,OPTIMAL
grid_5x5_31,seed_milpsnap_grid5x5_low.json,477,25,40,30,45.2174,0.0,0.992,OPTIMAL
grid_5x5_31,seed_milpsnap_grid5x5_low.json,478,25,40,29,45.2174,0.0,1.104,OPTIMAL
grid_5x5_31,seed_milpsnap_grid5x5_low.json,479,25,40,33,45.2174,0.0,1.068,OPTIMAL
grid_5x5_31,seed_milpsnap_grid5x5_low.json,480,25,40,35,45.2174,0.0,3.786,OPTIMAL
grid_5x5_31,seed_milpsnap_grid5x5_low.json,481,25,40,37,45.2174,0.0,1.273,OPTIMAL
grid_5x5_31,seed_milpsnap_grid5x5_low.json,482,25,40,39,45.2174,0.0,1.277,OPTIMAL
grid_5x5_31,seed_milpsnap_grid5x5_low.json,483,25,40,41,45.2174,0.0,1.1,OPTIMAL
grid_5x5_31,seed_milpsnap_grid5x5_low.json,484,25,40,39,45.2174,0.0,1.211,OPTIMAL
grid_5x5_31,seed_milpsnap_grid5x5_low.json,485,25,40,37,45.2174,0.0,1.377,OPTIMAL
grid_5x5_31,seed_milpsnap_grid5x5_low.json,486,25,40,34,45.2174,0.0,1.14,OPTIMAL
grid_5x5_31,seed_milpsnap_grid5x5_low.json,487,25,40,32,45.2174,0.0,0.967,OPTIMAL
grid_5x5_31,seed_milpsnap_grid5x5_low.json,488,25,40,34,45.2174,0.0,1.129,OPTIMAL
grid_5x5_31,seed_milpsnap_grid5x5_low.json,489,25,40,32,45.2174,0.0,0.953,OPTIMAL
grid_5x5_31,seed_milpsnap_grid5x5_low.json,490,25,40,34,45.2174,0.0,0.842,OPTIMAL
grid_5x5_31,seed_milpsnap_grid5x5_low.json,491,25,40,36,45.2174,0.0,1.454,OPTIMAL
grid_5x5_31,seed_milpsnap_grid5x5_low.json,492,25,40,38,45.2174,0.0,1.076,OPTIMAL
grid_5x5_31,seed_milpsnap_grid5x5_low.json,493,25,40,37,45.2174,0.0,1.272,OPTIMAL
grid_5x5_31,seed_milpsnap_grid5x5_low.json,494,25,40,35,45.2174,0.0,0.897,OPTIMAL
grid_5x5_31,seed_milpsnap_grid5x5_low.json,495,25,40,32,45.2174,0.0,1.065,OPTIMAL
grid_5x5_31,seed_milpsnap_grid5x5_low.json,496,25,40,28,48.6957,0.0,0.436,OPTIMAL
grid_5x5_31,seed_milpsnap_grid5x5_low.json,497,25,40,27,48.6957,0.0,0.47,OPTIMAL
grid_5x5_31,seed_milpsnap_grid5x5_low.json,498,25,40,26,48.6957,0.0,0.603,OPTIMAL
grid_5x5_31,seed_milpsnap_grid5x5_low.json,499,25,40,27,45.2174,0.0,0.994,OPTIMAL
grid_5x5_31,seed_milpsnap_grid5x5_low.json,500,25,40,30,45.2174,0.0,0.936,OPTIMAL
grid_5x5_31,seed_milpsnap_grid5x5_low.json,501,25,40,32,45.2174,0.0,1.055,OPTIMAL
grid_5x5_31,seed_milpsnap_grid5x5_low.json,502,25,40,31,45.2174,0.0,1.253,OPTIMAL
grid_5x5_31,seed_milpsnap_grid5x5_low.json,503,25,40,29,45.2174,0.0,0.938,OPTIMAL
grid_5x5_31,seed_milpsnap_grid5x5_low.json,504,25,40,29,45.2174,0.0,0.85,OPTIMAL
grid_5x5_31,seed_milpsnap_grid5x5_low.json,505,25,40,26,45.2174,0.0,0.518,OPTIMAL
grid_5x5_31,seed_milpsnap_grid5x5_low.json,506,25,40,29,48.6957,0.0,0.518,OPTIMAL
grid_5x5_31,seed_milpsnap_grid5x5_low.json,507,25,40,28,48.6957,0.0,0.374,OPTIMAL
grid_5x5_31,seed_milpsnap_grid5x5_low.json,508,25,40,29,45.2174,0.0,0.91,OPTIMAL
grid_5x5_31,seed_milpsnap_grid5x5_low.json,509,25,40,27,45.2174,0.0,0.658,OPTIMAL
grid_5x5_31,seed_milpsnap_grid5x5_low.json,510,25,40,26,45.2174,0.0,0.907,OPTIMAL
grid_5x5_31,seed_milpsnap_grid5x5_low.json,511,25,40,28,45.2174,0.0,1.226,OPTIMAL
grid_5x5_31,seed_milpsnap_grid5x5_low.json,512,25,40,29,45.2174,0.0,0.857,OPTIMAL
grid_5x5_31,seed_milpsnap_grid5x5_low.json,513,25,40,30,48.6957,0.0,0.458,OPTIMAL
grid_5x5_31,seed_milpsnap_grid5x5_low.json,514,25,40,30,45.2174,0.0,0.734,OPTIMAL
grid_5x5_31,seed_milpsnap_grid5x5_low.json,515,25,40,29,45.2174,0.0,0.756,OPTIMAL
grid_5x5_31,seed_milpsnap_grid5x5_low.json,516,25,40,28,45.2174,0.0,0.993,OPTIMAL
grid_5x5_31,seed_milpsnap_grid5x5_low.json,517,25,40,29,45.2174,0.0,0.782,OPTIMAL
grid_5x5_31,seed_milpsnap_grid5x5_low.json,518,25,40,29,45.2174,0.0,0.692,OPTIMAL
grid_5x5_31,seed_milpsnap_grid5x5_low.json,519,25,40,29,45.2174,0.0,0.673,OPTIMAL
grid_5x5_31,seed_milpsnap_grid5x5_low.json,520,25,40,28,45.2174,0.0,0.891,OPTIMAL
grid_5x5_31,seed_milpsnap_grid5x5_low.json,521,25,40,25,45.2174,0.0,0.515,OPTIMAL
grid_5x5_31,seed_milpsnap_grid5x5_low.json,522,25,40,25,45.2174,0.0,0.97,OPTIMAL
grid_5x5_31,seed_milpsnap_grid5x5_low.json,523,25,40,23,45.2174,0.0,0.741,OPTIMAL
grid_5x5_31,seed_milpsnap_grid5x5_low.json,524,25,40,25,45.2174,0.0,0.74,OPTIMAL
grid_5x5_31,seed_milpsnap_grid5x5_low.json,525,25,40,23,45.2174,0.0,0.822,OPTIMAL
grid_5x5_31,seed_milpsnap_grid5x5_low.json,526,25,40,21,45.2174,0.0,0.919,OPTIMAL
grid_5x5_31,seed_milpsnap_grid5x5_low.json,527,25,40,21,45.2174,0.0,0.693,OPTIMAL
grid_5x5_31,seed_milpsnap_grid5x5_low.json,528,25,40,18,48.6957,0.0,0.373,OPTIMAL
grid_5x5_31,seed_milpsnap_grid5x5_low.json,529,25,40,17,45.2174,0.0,0.308,OPTIMAL
grid_5x5_31,seed_milpsnap_grid5x5_low.json,530,25,40,17,48.6957,0.0,0.282,OPTIMAL
grid_5x5_31,seed_milpsnap_grid5x5_low.json,531,25,40,14,48.6957,0.0,0.172,OPTIMAL
grid_5x5_31,seed_milpsnap_grid5x5_low.json,532,25,40,14,48.6957,0.0,0.311,OPTIMAL
grid_5x5_31,seed_milpsnap_grid5x5_low.json,533,25,40,14,48.6957,0.0,0.269,OPTIMAL
grid_5x5_31,seed_milpsnap_grid5x5_low.json,534,25,40,14,48.6957,0.0,0.362,OPTIMAL
grid_5x5_31,seed_milpsnap_grid5x5_low.json,535,25,40,15,48.6957,0.0,0.441,OPTIMAL
grid_5x5_31,seed_milpsnap_grid5x5_low.json,536,25,40,17,48.6957,0.0,0.288,OPTIMAL
grid_5x5_31,seed_milpsnap_grid5x5_low.json,537,25,40,21,48.6957,0.0,0.289,OPTIMAL
grid_5x5_31,seed_milpsnap_grid5x5_low.json,538,25,40,22,45.2174,0.0,0.733,OPTIMAL
grid_5x5_31,seed_milpsnap_grid5x5_low.json,539,25,40,26,45.2174,0.0,0.714,OPTIMAL
grid_5x5_31,seed_milpsnap_grid5x5_low.json,540,25,40,27,45.2174,0.0,0.725,OPTIMAL
grid_5x5_31,seed_milpsnap_grid5x5_low.json,541,25,40,25,48.6957,0.0,0.382,OPTIMAL
grid_5x5_31,seed_milpsnap_grid5x5_low.json,542,25,40,26,48.6957,0.0,0.346,OPTIMAL
grid_5x5_31,seed_milpsnap_grid5x5_low.json,543,25,40,26,45.2174,0.0,1.124,OPTIMAL
grid_5x5_31,seed_milpsnap_grid5x5_low.json,544,25,40,25,45.2174,0.0,0.537,OPTIMAL
grid_5x5_31,seed_milpsnap_grid5x5_low.json,545,25,40,29,45.2174,0.0,0.933,OPTIMAL
grid_5x5_31,seed_milpsnap_grid5x5_low.json,546,25,40,31,45.2174,0.0,1.797,OPTIMAL
grid_5x5_31,seed_milpsnap_grid5x5_low.json,547,25,40,33,45.2174,0.0,0.829,OPTIMAL
grid_5x5_31,seed_milpsnap_grid5x5_low.json,548,25,40,31,45.2174,0.0,0.842,OPTIMAL
grid_5x5_31,seed_milpsnap_grid5x5_low.json,549,25,40,30,45.2174,0.0,0.662,OPTIMAL
grid_5x5_31,seed_milpsnap_grid5x5_low.json,550,25,40,30,45.2174,0.0,0.565,OPTIMAL
grid_5x5_31,seed_milpsnap_grid5x5_low.json,551,25,40,30,45.2174,0.0,0.87,OPTIMAL
grid_5x5_31,seed_milpsnap_grid5x5_low.json,552,25,40,27,45.2174,0.0,0.797,OPTIMAL
grid_5x5_31,seed_milpsnap_grid5x5_low.json,553,25,40,24,48.6957,0.0,0.286,OPTIMAL
grid_5x5_31,seed_milpsnap_grid5x5_low.json,554,25,40,23,48.6957,0.0,0.367,OPTIMAL
grid_5x5_31,seed_milpsnap_grid5x5_low.json,555,25,40,25,48.6957,0.0,0.332,OPTIMAL
grid_5x5_31,seed_milpsnap_grid5x5_low.json,556,25,40,25,48.6957,0.0,0.305,OPTIMAL
grid_5x5_31,seed_milpsnap_grid5x5_low.json,557,25,40,26,48.6957,0.0,0.32,OPTIMAL
grid_5x5_31,seed_milpsnap_grid5x5_low.json,558,25,40,29,45.2174,0.0,0.618,OPTIMAL
grid_5x5_31,seed_milpsnap_grid5x5_low.json,559,25,40,31,45.2174,0.0,0.794,OPTIMAL
grid_5x5_31,seed_milpsnap_grid5x5_low.json,560,25,40,27,45.2174,0.0,0.702,OPTIMAL
grid_5x5_31,seed_milpsnap_grid5x5_low.json,561,25,40,27,45.2174,0.0,0.822,OPTIMAL
grid_5x5_31,seed_milpsnap_grid5x5_low.json,562,25,40,27,45.2174,0.0,0.677,OPTIMAL
grid_5x5_31,seed_milpsnap_grid5x5_low.json,563,25,40,26,45.2174,0.0,0.565,OPTIMAL
grid_5x5_31,seed_milpsnap_grid5x5_low.json,564,25,40,25,48.6957,0.0,0.423,OPTIMAL
grid_5x5_31,seed_milpsnap_grid5x5_low.json,565,25,40,27,48.6957,0.0,0.429,OPTIMAL
grid_5x5_31,seed_milpsnap_grid5x5_low.json,566,25,40,24,48.6957,0.0,0.299,OPTIMAL
grid_5x5_31,seed_milpsnap_grid5x5_low.json,567,25,40,26,48.6957,0.0,0.436,OPTIMAL
grid_5x5_31,seed_milpsnap_grid5x5_low.json,568,25,40,28,48.6957,0.0,0.486,OPTIMAL
grid_5x5_31,seed_milpsnap_grid5x5_low.json,569,25,40,27,48.6957,0.0,0.396,OPTIMAL
grid_5x5_31,seed_milpsnap_grid5x5_low.json,570,25,40,25,48.6957,0.0,0.507,OPTIMAL
grid_5x5_31,seed_milpsnap_grid5x5_low.json,571,25,40,25,48.6957,0.0,0.378,OPTIMAL
grid_5x5_31,seed_milpsnap_grid5x5_low.json,572,25,40,24,45.2174,0.0,0.552,OPTIMAL
grid_5x5_31,seed_milpsnap_grid5x5_low.json,573,25,40,23,45.2174,0.0,0.592,OPTIMAL
grid_5x5_31,seed_milpsnap_grid5x5_low.json,574,25,40,23,45.2174,0.0,0.617,OPTIMAL
grid_5x5_31,seed_milpsnap_grid5x5_low.json,575,25,40,29,45.2174,0.0,0.557,OPTIMAL
grid_5x5_31,seed_milpsnap_grid5x5_low.json,576,25,40,27,45.2174,0.0,0.736,OPTIMAL
grid_5x5_31,seed_milpsnap_grid5x5_low.json,577,25,40,28,45.2174,0.0,0.588,OPTIMAL
grid_5x5_31,seed_milpsnap_grid5x5_low.json,578,25,40,30,45.2174,0.0,0.886,OPTIMAL
grid_5x5_31,seed_milpsnap_grid5x5_low.json,579,25,40,31,45.2174,0.0,0.964,OPTIMAL
grid_5x5_31,seed_milpsnap_grid5x5_low.json,580,25,40,27,45.2174,0.0,1.192,OPTIMAL
grid_5x5_31,seed_milpsnap_grid5x5_low.json,581,25,40,26,45.2174,0.0,0.924,OPTIMAL
grid_5x5_31,seed_milpsnap_grid5x5_low.json,582,25,40,26,45.2174,0.0,1.166,OPTIMAL
grid_5x5_31,seed_milpsnap_grid5x5_low.json,583,25,40,23,45.2174,0.0,0.594,OPTIMAL
grid_5x5_31,seed_milpsnap_grid5x5_low.json,584,25,40,1,93.913,0.0,0.026,OPTIMAL
grid_5x5_31,seed_milpsnap_grid5x5_low.json,585,25,40,2,87.8261,0.0,0.016,OPTIMAL
grid_5x5_31,seed_milpsnap_grid5x5_low.json,586,25,40,4,81.7391,0.0,0.031,OPTIMAL
grid_5x5_31,seed_milpsnap_grid5x5_low.json,587,25,40,5,75.6522,0.0,0.098,OPTIMAL
grid_5x5_31,seed_milpsnap_grid5x5_low.json,588,25,40,6,72.1739,0.0,0.042,OPTIMAL
grid_5x5_31,seed_milpsnap_grid5x5_low.json,589,25,40,8,53.913,0.0,0.117,OPTIMAL
grid_5x5_31,seed_milpsnap_grid5x5_low.json,590,25,40,10,50.4348,0.0,0.143,OPTIMAL
grid_5x5_31,seed_milpsnap_grid5x5_low.json,591,25,40,13,48.6957,0.0,0.347,OPTIMAL
grid_5x5_31,seed_milpsnap_grid5x5_low.json,592,25,40,15,48.6957,0.0,0.327,OPTIMAL
grid_5x5_31,seed_milpsnap_grid5x5_low.json,593,25,40,22,45.2174,0.0,0.657,OPTIMAL
grid_5x5_31,seed_milpsnap_grid5x5_low.json,594,25,40,23,45.2174,0.0,0.563,OPTIMAL
grid_5x5_31,seed_milpsnap_grid5x5_low.json,595,25,40,24,45.2174,0.0,3.42,OPTIMAL
grid_5x5_31,seed_milpsnap_grid5x5_low.json,596,25,40,25,45.2174,0.0,2.766,OPTIMAL
grid_5x5_31,seed_milpsnap_grid5x5_low.json,597,25,40,27,45.2174,0.0,0.882,OPTIMAL
grid_5x5_31,seed_milpsnap_grid5x5_low.json,598,25,40,26,45.2174,0.0,0.93,OPTIMAL
grid_5x5_31,seed_milpsnap_grid5x5_low.json,599,25,40,25,45.2174,0.0,0.558,OPTIMAL
grid_5x5_31,seed_milpsnap_grid5x5_low.json,600,25,40,26,45.2174,0.0,0.895,OPTIMAL
grid_5x5_31,seed_milpsnap_grid5x5_low.json,601,25,40,27,45.2174,0.0,1.033,OPTIMAL
grid_5x5_31,seed_milpsnap_grid5x5_low.json,602,25,40,26,45.2174,0.0,0.797,OPTIMAL
grid_5x5_31,seed_milpsnap_grid5x5_low.json,603,25,40,25,48.6957,0.0,0.695,OPTIMAL
grid_5x5_31,seed_milpsnap_grid5x5_low.json,604,25,40,24,48.6957,0.0,0.38,OPTIMAL
grid_5x5_31,seed_milpsnap_grid5x5_low.json,605,25,40,18,45.2174,0.0,0.528,OPTIMAL
grid_5x5_31,seed_milpsnap_grid5x5_low.json,606,25,40,17,48.6957,0.0,0.224,OPTIMAL
grid_5x5_31,seed_milpsnap_grid5x5_low.json,607,25,40,18,48.6957,0.0,0.36,OPTIMAL
grid_5x5_31,seed_milpsnap_grid5x5_low.json,608,25,40,20,48.6957,0.0,0.392,OPTIMAL
grid_5x5_31,seed_milpsnap_grid5x5_low.json,609,25,40,24,48.6957,0.0,0.437,OPTIMAL
grid_5x5_31,seed_milpsnap_grid5x5_low.json,610,25,40,25,48.6957,0.0,0.487,OPTIMAL
grid_5x5_31,seed_milpsnap_grid5x5_low.json,611,25,40,27,45.2174,0.0,0.87,OPTIMAL
grid_5x5_31,seed_milpsnap_grid5x5_low.json,612,25,40,25,45.2174,0.0,0.581,OPTIMAL
grid_5x5_31,seed_milpsnap_grid5x5_low.json,613,25,40,26,45.2174,0.0,0.704,OPTIMAL
grid_5x5_31,seed_milpsnap_grid5x5_low.json,614,25,40,27,45.2174,0.0,0.677,OPTIMAL
grid_5x5_31,seed_milpsnap_grid5x5_low.json,615,25,40,29,45.2174,0.0,0.577,OPTIMAL
grid_5x5_31,seed_milpsnap_grid5x5_low.json,616,25,40,26,45.2174,0.0,0.617,OPTIMAL
grid_5x5_31,seed_milpsnap_grid5x5_low.json,617,25,40,29,45.2174,0.0,0.57,OPTIMAL
grid_5x5_31,seed_milpsnap_grid5x5_low.json,618,25,40,27,45.2174,0.0,0.658,OPTIMAL
grid_5x5_31,seed_milpsnap_grid5x5_low.json,619,25,40,28,45.2174,0.0,0.699,OPTIMAL
grid_5x5_31,seed_milpsnap_grid5x5_low.json,620,25,40,29,45.2174,0.0,0.569,OPTIMAL
grid_5x5_31,seed_milpsnap_grid5x5_low.json,621,25,40,32,45.2174,0.0,0.947,OPTIMAL
grid_5x5_31,seed_milpsnap_grid5x5_low.json,622,25,40,35,45.2174,0.0,1.088,OPTIMAL
grid_5x5_31,seed_milpsnap_grid5x5_low.json,623,25,40,34,45.2174,0.0,0.731,OPTIMAL
grid_5x5_31,seed_milpsnap_grid5x5_low.json,624,25,40,30,48.6957,0.0,0.355,OPTIMAL
grid_5x5_31,seed_milpsnap_grid5x5_low.json,625,25,40,31,48.6957,0.0,0.467,OPTIMAL
grid_5x5_31,seed_milpsnap_grid5x5_low.json,626,25,40,31,48.6957,0.0,0.438,OPTIMAL
grid_5x5_31,seed_milpsnap_grid5x5_low.json,627,25,40,31,48.6957,0.0,0.525,OPTIMAL
grid_5x5_31,seed_milpsnap_grid5x5_low.json,628,25,40,31,48.6957,0.0,0.497,OPTIMAL
grid_5x5_31,seed_milpsnap_grid5x5_low.json,629,25,40,32,48.6957,0.0,0.58,OPTIMAL
grid_5x5_31,seed_milpsnap_grid5x5_low.json,630,25,40,29,48.6957,0.0,0.398,OPTIMAL
grid_5x5_31,seed_milpsnap_grid5x5_low.json,631,25,40,31,48.6957,0.0,0.502,OPTIMAL
grid_5x5_31,seed_milpsnap_grid5x5_low.json,632,25,40,27,48.6957,0.0,0.478,OPTIMAL
grid_5x5_31,seed_milpsnap_grid5x5_low.json,633,25,40,28,48.6957,0.0,0.383,OPTIMAL
grid_5x5_31,seed_milpsnap_grid5x5_low.json,634,25,40,32,45.2174,0.0,0.781,OPTIMAL
grid_5x5_31,seed_milpsnap_grid5x5_low.json,635,25,40,30,45.2174,0.0,0.971,OPTIMAL
grid_5x5_31,seed_milpsnap_grid5x5_low.json,636,25,40,30,45.2174,0.0,1.034,OPTIMAL
grid_5x5_31,seed_milpsnap_grid5x5_low.json,637,25,40,27,45.2174,0.0,0.656,OPTIMAL
grid_5x5_31,seed_milpsnap_grid5x5_low.json,638,25,40,28,45.2174,0.0,0.456,OPTIMAL
grid_5x5_31,seed_milpsnap_grid5x5_low.json,639,25,40,30,45.2174,0.0,0.863,OPTIMAL
grid_5x5_31,seed_milpsnap_grid5x5_low.json,640,25,40,31,45.2174,0.0,0.952,OPTIMAL
grid_5x5_31,seed_milpsnap_grid5x5_low.json,641,25,40,28,45.2174,0.0,0.624,OPTIMAL
grid_5x5_31,seed_milpsnap_grid5x5_low.json,642,25,40,27,45.2174,0.0,0.711,OPTIMAL
grid_5x5_31,seed_milpsnap_grid5x5_low.json,643,25,40,26,45.2174,0.0,0.576,OPTIMAL
grid_5x5_31,seed_milpsnap_grid5x5_low.json,644,25,40,28,45.2174,0.0,0.704,OPTIMAL
grid_5x5_31,seed_milpsnap_grid5x5_low.json,645,25,40,29,48.6957,0.0,0.437,OPTIMAL
grid_5x5_31,seed_milpsnap_grid5x5_low.json,646,25,40,31,48.6957,0.0,0.453,OPTIMAL
grid_5x5_31,seed_milpsnap_grid5x5_low.json,647,25,40,34,45.2174,0.0,1.071,OPTIMAL
grid_5x5_31,seed_milpsnap_grid5x5_low.json,648,25,40,34,45.2174,0.0,1.163,OPTIMAL
grid_5x5_31,seed_milpsnap_grid5x5_low.json,649,25,40,30,45.2174,0.0,0.728,OPTIMAL
grid_5x5_31,seed_milpsnap_grid5x5_low.json,650,25,40,33,45.2174,0.0,0.92,OPTIMAL
grid_5x5_31,seed_milpsnap_grid5x5_low.json,651,25,40,32,45.2174,0.0,1.01,OPTIMAL
grid_5x5_31,seed_milpsnap_grid5x5_low.json,652,25,40,36,45.2174,0.0,0.863,OPTIMAL
grid_5x5_31,seed_milpsnap_grid5x5_low.json,653,25,40,37,45.2174,0.0,0.945,OPTIMAL
grid_5x5_31,seed_milpsnap_grid5x5_low.json,654,25,40,34,45.2174,0.0,0.851,OPTIMAL
grid_5x5_31,seed_milpsnap_grid5x5_low.json,655,25,40,32,45.2174,0.0,1.048,OPTIMAL
grid_5x5_31,seed_milpsnap_grid5x5_low.json,656,25,40,36,45.2174,0.0,1.203,OPTIMAL
grid_5x5_31,seed_milpsnap_grid5x5_low.json,657,25,40,38,45.2174,0.0,0.917,OPTIMAL
grid_5x5_31,seed_milpsnap_grid5x5_low.json,658,25,40,40,45.2174,0.0,1.389,OPTIMAL
grid_5x5_31,seed_milpsnap_grid5x5_low.json,659,25,40,36,45.2174,0.0,0.853,OPTIMAL
grid_5x5_31,seed_milpsnap_grid5x5_low.json,660,25,40,37,45.2174,0.0,1.02,OPTIMAL
grid_5x5_31,seed_milpsnap_grid5x5_low.json,661,25,40,34,45.2174,0.0,0.91,OPTIMAL
grid_5x5_31,seed_milpsnap_grid5x5_low.json,662,25,40,32,45.2174,0.0,0.581,OPTIMAL
grid_5x5_31,seed_milpsnap_grid5x5_low.json,663,25,40,32,45.2174,0.0,0.901,OPTIMAL
grid_5x5_31,seed_milpsnap_grid5x5_low.json,664,25,40,32,45.2174,0.0,0.74,OPTIMAL
grid_5x5_31,seed_milpsnap_grid5x5_low.json,665,25,40,29,45.2174,0.0,0.9,OPTIMAL
grid_5x5_31,seed_milpsnap_grid5x5_low.json,666,25,40,30,45.2174,0.0,0.921,OPTIMAL
grid_5x5_31,seed_milpsnap_grid5x5_low.json,667,25,40,26,45.2174,0.0,0.574,OPTIMAL
grid_5x5_31,seed_milpsnap_grid5x5_low.json,668,25,40,26,48.6957,0.0,0.373,OPTIMAL
grid_5x5_31,seed_milpsnap_grid5x5_low.json,669,25,40,28,48.6957,0.0,0.428,OPTIMAL
grid_5x5_31,seed_milpsnap_grid5x5_low.json,670,25,40,29,48.6957,0.0,0.484,OPTIMAL
grid_5x5_31,seed_milpsnap_grid5x5_low.json,671,25,40,25,48.6957,0.0,0.299,OPTIMAL
grid_5x5_31,seed_milpsnap_grid5x5_low.json,672,25,40,26,48.6957,0.0,0.315,OPTIMAL
grid_5x5_31,seed_milpsnap_grid5x5_low.json,673,25,40,24,48.6957,0.0,0.323,OPTIMAL
grid_5x5_31,seed_milpsnap_grid5x5_low.json,674,25,40,28,45.2174,0.0,0.834,OPTIMAL
grid_5x5_31,seed_milpsnap_grid5x5_low.json,675,25,40,26,45.2174,0.0,0.538,OPTIMAL
grid_5x5_31,seed_milpsnap_grid5x5_low.json,676,25,40,26,48.6957,0.0,0.348,OPTIMAL
grid_5x5_31,seed_milpsnap_grid5x5_low.json,677,25,40,25,48.6957,0.0,0.463,OPTIMAL
grid_5x5_31,seed_milpsnap_grid5x5_low.json,678,25,40,25,48.6957,0.0,0.374,OPTIMAL
grid_5x5_31,seed_milpsnap_grid5x5_low.json,679,25,40,23,48.6957,0.0,0.394,OPTIMAL
grid_5x5_31,seed_milpsnap_grid5x5_low.json,680,25,40,26,45.2174,0.0,0.612,OPTIMAL
grid_5x5_31,seed_milpsnap_grid5x5_low.json,681,25,40,27,45.2174,0.0,0.65,OPTIMAL
grid_5x5_31,seed_milpsnap_grid5x5_low.json,682,25,40,30,45.2174,0.0,0.772,OPTIMAL
grid_5x5_31,seed_milpsnap_grid5x5_low.json,683,25,40,28,45.2174,0.0,0.58,OPTIMAL
grid_5x5_31,seed_milpsnap_grid5x5_low.json,684,25,40,27,45.2174,0.0,0.578,OPTIMAL
grid_5x5_31,seed_milpsnap_grid5x5_low.json,685,25,40,26,45.2174,0.0,0.774,OPTIMAL
grid_5x5_31,seed_milpsnap_grid5x5_low.json,686,25,40,28,45.2174,0.0,0.698,OPTIMAL
grid_5x5_31,seed_milpsnap_grid5x5_low.json,687,25,40,26,45.2174,0.0,0.629,OPTIMAL
grid_5x5_31,seed_milpsnap_grid5x5_low.json,688,25,40,26,45.2174,0.0,0.716,OPTIMAL
grid_5x5_31,seed_milpsnap_grid5x5_low.json,689,25,40,25,45.2174,0.0,0.664,OPTIMAL
grid_5x5_31,seed_milpsnap_grid5x5_low.json,690,25,40,25,45.2174,0.0,0.498,OPTIMAL
grid_5x5_31,seed_milpsnap_grid5x5_low.json,691,25,40,30,45.2174,0.0,0.593,OPTIMAL
grid_5x5_31,seed_milpsnap_grid5x5_low.json,692,25,40,31,45.2174,0.0,0.686,OPTIMAL
grid_5x5_31,seed_milpsnap_grid5x5_low.json,693,25,40,30,45.2174,0.0,0.61,OPTIMAL
grid_5x5_31,seed_milpsnap_grid5x5_low.json,694,25,40,31,45.2174,0.0,0.78,OPTIMAL
grid_5x5_31,seed_milpsnap_grid5x5_low.json,695,25,40,30,45.2174,0.0,0.673,OPTIMAL
grid_5x5_31,seed_milpsnap_grid5x5_low.json,696,25,40,29,45.2174,0.0,1.035,OPTIMAL
grid_5x5_31,seed_milpsnap_grid5x5_low.json,697,25,40,25,45.2174,0.0,1.213,OPTIMAL
grid_5x5_31,seed_milpsnap_grid5x5_low.json,698,25,40,25,45.2174,0.0,0.694,OPTIMAL
grid_5x5_31,seed_milpsnap_grid5x5_low.json,699,25,40,26,45.2174,0.0,0.506,OPTIMAL
grid_5x5_31,seed_milpsnap_grid5x5_low.json,700,25,40,28,45.2174,0.0,1.499,OPTIMAL
grid_5x5_31,seed_milpsnap_grid5x5_low.json,701,25,40,26,45.2174,0.0,0.585,OPTIMAL
grid_5x5_31,seed_milpsnap_grid5x5_low.json,702,25,40,27,45.2174,0.0,0.579,OPTIMAL
grid_5x5_31,seed_milpsnap_grid5x5_low.json,703,25,40,31,45.2174,0.0,0.893,OPTIMAL
grid_5x5_31,seed_milpsnap_grid5x5_low.json,704,25,40,31,45.2174,0.0,0.928,OPTIMAL
grid_5x5_31,seed_milpsnap_grid5x5_low.json,705,25,40,32,45.2174,0.0,0.843,OPTIMAL
grid_5x5_31,seed_milpsnap_grid5x5_low.json,706,25,40,26,48.6957,0.0,0.39,OPTIMAL
grid_5x5_31,seed_milpsnap_grid5x5_low.json,707,25,40,28,45.2174,0.0,0.636,OPTIMAL
grid_5x5_31,seed_milpsnap_grid5x5_low.json,708,25,40,30,45.2174,0.0,0.702,OPTIMAL
grid_5x5_31,seed_milpsnap_grid5x5_low.json,709,25,40,33,45.2174,0.0,0.803,OPTIMAL
grid_5x5_31,seed_milpsnap_grid5x5_low.json,710,25,40,32,45.2174,0.0,0.853,OPTIMAL
grid_5x5_31,seed_milpsnap_grid5x5_low.json,711,25,40,33,45.2174,0.0,0.805,OPTIMAL
grid_5x5_31,seed_milpsnap_grid5x5_low.json,712,25,40,35,45.2174,0.0,0.835,OPTIMAL
grid_5x5_31,seed_milpsnap_grid5x5_low.json,713,25,40,33,45.2174,0.0,0.908,OPTIMAL
grid_5x5_31,seed_milpsnap_grid5x5_low.json,714,25,40,33,45.2174,0.0,1.263,OPTIMAL
grid_5x5_31,seed_milpsnap_grid5x5_low.json,715,25,40,32,45.2174,0.0,0.747,OPTIMAL
grid_5x5_31,seed_milpsnap_grid5x5_low.json,716,25,40,31,45.2174,0.0,1.104,OPTIMAL
grid_5x5_31,seed_milpsnap_grid5x5_low.json,717,25,40,30,45.2174,0.0,1.0,OPTIMAL
grid_5x5_31,seed_milpsnap_grid5x5_low.json,718,25,40,30,45.2174,0.0,0.947,OPTIMAL
grid_5x5_31,seed_milpsnap_grid5x5_low.json,719,25,40,32,45.2174,0.0,0.866,OPTIMAL
grid_5x5_31,seed_milpsnap_grid5x5_low.json,720,25,40,34,45.2174,0.0,0.778,OPTIMAL
grid_5x5_31,seed_milpsnap_grid5x5_low.json,721,25,40,31,45.2174,0.0,0.896,OPTIMAL
grid_5x5_31,seed_milpsnap_grid5x5_low.json,722,25,40,33,45.2174,0.0,1.179,OPTIMAL
grid_5x5_31,seed_milpsnap_grid5x5_low.json,723,25,40,33,45.2174,0.0,1.008,OPTIMAL
grid_5x5_31,seed_milpsnap_grid5x5_low.json,724,25,40,34,45.2174,0.0,0.887,OPTIMAL
grid_5x5_31,seed_milpsnap_grid5x5_low.json,725,25,40,32,45.2174,0.0,1.218,OPTIMAL
grid_5x5_31,seed_milpsnap_grid5x5_low.json,726,25,40,34,45.2174,0.0,0.805,OPTIMAL
grid_5x5_31,seed_milpsnap_grid5x5_low.json,727,25,40,35,45.2174,0.0,0.868,OPTIMAL
grid_5x5_31,seed_milpsnap_grid5x5_low.json,728,25,40,38,45.2174,0.0,0.816,OPTIMAL
grid_5x5_31,seed_milpsnap_grid5x5_low.json,729,25,40,42,45.2174,0.0,1.039,OPTIMAL
grid_5x5_31,seed_milpsnap_grid5x5_low.json,730,25,40,47,45.2174,0.0,1.115,OPTIMAL
grid_5x5_31,seed_milpsnap_grid5x5_low.json,731,25,40,1,80.0,0.0,0.013,OPTIMAL
grid_5x5_31,seed_milpsnap_grid5x5_low.json,732,25,40,6,52.1739,0.0,0.338,OPTIMAL
grid_5x5_31,seed_milpsnap_grid5x5_low.json,733,25,40,7,52.1739,0.0,0.112,OPTIMAL
grid_5x5_31,seed_milpsnap_grid5x5_low.json,734,25,40,9,52.1739,0.0,0.223,OPTIMAL
grid_5x5_31,seed_milpsnap_grid5x5_low.json,735,25,40,16,48.6957,0.0,0.208,OPTIMAL
grid_5x5_31,seed_milpsnap_grid5x5_low.json,736,25,40,17,45.2174,0.0,0.463,OPTIMAL
grid_5x5_31,seed_milpsnap_grid5x5_low.json,737,25,40,19,45.2174,0.0,0.415,OPTIMAL
grid_5x5_31,seed_milpsnap_grid5x5_low.json,738,25,40,20,45.2174,0.0,0.548,OPTIMAL
grid_5x5_31,seed_milpsnap_grid5x5_low.json,739,25,40,25,45.2174,0.0,0.52,OPTIMAL
grid_5x5_31,seed_milpsnap_grid5x5_low.json,740,25,40,26,45.2174,0.0,0.556,OPTIMAL
grid_5x5_31,seed_milpsnap_grid5x5_low.json,741,25,40,29,45.2174,0.0,0.615,OPTIMAL
grid_5x5_31,seed_milpsnap_grid5x5_low.json,742,25,40,30,45.2174,0.0,0.879,OPTIMAL
grid_5x5_31,seed_milpsnap_grid5x5_low.json,743,25,40,32,45.2174,0.0,0.804,OPTIMAL
grid_5x5_31,seed_milpsnap_grid5x5_low.json,744,25,40,33,45.2174,0.0,0.789,OPTIMAL
grid_5x5_31,seed_milpsnap_grid5x5_low.json,745,25,40,34,45.2174,0.0,0.764,OPTIMAL
grid_5x5_31,seed_milpsnap_grid5x5_low.json,746,25,40,30,45.2174,0.0,0.788,OPTIMAL
grid_5x5_31,seed_milpsnap_grid5x5_low.json,747,25,40,30,45.2174,0.0,0.954,OPTIMAL
grid_5x5_31,seed_milpsnap_grid5x5_low.json,748,25,40,28,45.2174,0.0,0.678,OPTIMAL
grid_5x5_31,seed_milpsnap_grid5x5_low.json,749,25,40,23,48.6957,0.0,0.339,OPTIMAL
grid_5x5_31,seed_milpsnap_grid5x5_low.json,750,25,40,23,45.2174,0.0,0.558,OPTIMAL
grid_5x5_31,seed_milpsnap_grid5x5_low.json,751,25,40,24,45.2174,0.0,0.697,OPTIMAL
grid_5x5_31,seed_milpsnap_grid5x5_low.json,752,25,40,26,45.2174,0.0,0.824,OPTIMAL
grid_5x5_31,seed_milpsnap_grid5x5_low.json,753,25,40,21,45.2174,0.0,0.496,OPTIMAL
grid_5x5_31,seed_milpsnap_grid5x5_low.json,754,25,40,22,45.2174,0.0,0.407,OPTIMAL
grid_5x5_31,seed_milpsnap_grid5x5_low.json,755,25,40,22,48.6957,0.0,0.489,OPTIMAL
grid_5x5_31,seed_milpsnap_grid5x5_low.json,756,25,40,21,48.6957,0.0,0.346,OPTIMAL
grid_5x5_31,seed_milpsnap_grid5x5_low.json,757,25,40,21,48.6957,0.0,0.429,OPTIMAL
grid_5x5_31,seed_milpsnap_grid5x5_low.json,758,25,40,23,45.2174,0.0,0.562,OPTIMAL
grid_5x5_31,seed_milpsnap_grid5x5_low.json,759,25,40,22,48.6957,0.0,0.248,OPTIMAL
grid_5x5_31,seed_milpsnap_grid5x5_low.json,760,25,40,25,48.6957,0.0,0.421,OPTIMAL
grid_5x5_31,seed_milpsnap_grid5x5_low.json,761,25,40,26,48.6957,0.0,0.41,OPTIMAL
grid_5x5_31,seed_milpsnap_grid5x5_low.json,762,25,40,28,48.6957,0.0,0.493,OPTIMAL
grid_5x5_31,seed_milpsnap_grid5x5_low.json,763,25,40,29,48.6957,0.0,0.521,OPTIMAL
grid_5x5_31,seed_milpsnap_grid5x5_low.json,764,25,40,30,48.6957,0.0,0.522,OPTIMAL
grid_5x5_31,seed_milpsnap_grid5x5_low.json,765,25,40,32,48.6957,0.0,0.58,OPTIMAL
grid_5x5_31,seed_milpsnap_grid5x5_low.json,766,25,40,31,48.6957,0.0,0.446,OPTIMAL
grid_5x5_31,seed_milpsnap_grid5x5_low.json,767,25,40,28,48.6957,0.0,0.375,OPTIMAL
grid_5x5_31,seed_milpsnap_grid5x5_low.json,768,25,40,29,48.6957,0.0,0.545,OPTIMAL
grid_5x5_31,seed_milpsnap_grid5x5_low.json,769,25,40,28,48.6957,0.0,0.459,OPTIMAL
grid_5x5_31,seed_milpsnap_grid5x5_low.json,770,25,40,25,48.6957,0.0,0.437,OPTIMAL
grid_5x5_31,seed_milpsnap_grid5x5_low.json,771,25,40,25,45.2174,0.0,0.653,OPTIMAL
grid_5x5_31,seed_milpsnap_grid5x5_low.json,772,25,40,23,45.2174,0.0,0.506,OPTIMAL
grid_5x5_31,seed_milpsnap_grid5x5_low.json,773,25,40,24,45.2174,0.0,0.625,OPTIMAL
grid_5x5_31,seed_milpsnap_grid5x5_low.json,774,25,40,20,45.2174,0.0,0.436,OPTIMAL
grid_5x5_31,seed_milpsnap_grid5x5_low.json,775,25,40,21,45.2174,0.0,0.41,OPTIMAL
grid_5x5_31,seed_milpsnap_grid5x5_low.json,776,25,40,22,45.2174,0.0,0.584,OPTIMAL
grid_5x5_31,seed_milpsnap_grid5x5_low.json,777,25,40,24,45.2174,0.0,0.658,OPTIMAL
grid_5x5_31,seed_milpsnap_grid5x5_low.json,778,25,40,27,45.2174,0.0,0.691,OPTIMAL
grid_5x5_31,seed_milpsnap_grid5x5_low.json,779,25,40,27,45.2174,0.0,0.704,OPTIMAL
grid_5x5_31,seed_milpsnap_grid5x5_low.json,780,25,40,26,48.6957,0.0,0.442,OPTIMAL
grid_5x5_31,seed_milpsnap_grid5x5_low.json,781,25,40,31,45.2174,0.0,0.913,OPTIMAL
grid_5x5_31,seed_milpsnap_grid5x5_low.json,782,25,40,32,45.2174,0.0,0.998,OPTIMAL
grid_5x5_31,seed_milpsnap_grid5x5_low.json,783,25,40,32,45.2174,0.0,0.763,OPTIMAL
grid_5x5_31,seed_milpsnap_grid5x5_low.json,784,25,40,34,45.2174,0.0,0.711,OPTIMAL
grid_5x5_31,seed_milpsnap_grid5x5_low.json,785,25,40,38,45.2174,0.0,1.256,OPTIMAL
grid_5x5_31,seed_milpsnap_grid5x5_low.json,786,25,40,40,45.2174,0.0,0.923,OPTIMAL
grid_5x5_31,seed_milpsnap_grid5x5_low.json,787,25,40,40,45.2174,0.0,0.992,OPTIMAL
grid_5x5_31,seed_milpsnap_grid5x5_low.json,788,25,40,39,45.2174,0.0,1.02,OPTIMAL
grid_5x5_31,seed_milpsnap_grid5x5_low.json,789,25,40,42,45.2174,0.0,1.065,OPTIMAL
grid_5x5_31,seed_milpsnap_grid5x5_low.json,790,25,40,41,45.2174,0.0,0.839,OPTIMAL
grid_5x5_31,seed_milpsnap_grid5x5_low.json,791,25,40,42,45.2174,0.0,1.566,OPTIMAL
grid_5x5_31,seed_milpsnap_grid5x5_low.json,792,25,40,40,48.6957,0.0,0.75,OPTIMAL
grid_5x5_31,seed_milpsnap_grid5x5_low.json,793,25,40,35,48.6957,0.0,0.58,OPTIMAL
grid_5x5_31,seed_milpsnap_grid5x5_low.json,794,25,40,32,48.6957,0.0,0.491,OPTIMAL
grid_5x5_31,seed_milpsnap_grid5x5_low.json,795,25,40,33,48.6957,0.0,0.59,OPTIMAL
grid_5x5_31,seed_milpsnap_grid5x5_low.json,796,25,40,30,48.6957,0.0,0.682,OPTIMAL
grid_5x5_31,seed_milpsnap_grid5x5_low.json,797,25,40,32,48.6957,0.0,0.579,OPTIMAL
grid_5x5_31,seed_milpsnap_grid5x5_low.json,798,25,40,33,48.6957,0.0,0.476,OPTIMAL
grid_5x5_31,seed_milpsnap_grid5x5_low.json,799,25,40,32,48.6957,0.0,0.491,OPTIMAL
grid_5x5_31,seed_milpsnap_grid5x5_low.json,800,25,40,30,48.6957,0.0,0.62,OPTIMAL
grid_5x5_31,seed_milpsnap_grid5x5_low.json,801,25,40,30,48.6957,0.0,0.472,OPTIMAL
grid_5x5_31,seed_milpsnap_grid5x5_low.json,802,25,40,32,48.6957,0.0,0.526,OPTIMAL
grid_5x5_31,seed_milpsnap_grid5x5_low.json,803,25,40,33,48.6957,0.0,0.559,OPTIMAL
grid_5x5_31,seed_milpsnap_grid5x5_low.json,804,25,40,33,48.6957,0.0,0.63,OPTIMAL
grid_5x5_31,seed_milpsnap_grid5x5_low.json,805,25,40,33,45.2174,0.0,0.848,OPTIMAL
grid_5x5_31,seed_milpsnap_grid5x5_low.json,806,25,40,32,45.2174,0.0,0.877,OPTIMAL
grid_5x5_31,seed_milpsnap_grid5x5_low.json,807,25,40,32,45.2174,0.0,0.926,OPTIMAL
grid_5x5_31,seed_milpsnap_grid5x5_low.json,808,25,40,32,45.2174,0.0,1.062,OPTIMAL
grid_5x5_31,seed_milpsnap_grid5x5_low.json,809,25,40,33,45.2174,0.0,0.676,OPTIMAL
grid_5x5_31,seed_milpsnap_grid5x5_low.json,810,25,40,32,45.2174,0.0,0.823,OPTIMAL
grid_5x5_31,seed_milpsnap_grid5x5_low.json,811,25,40,31,48.6957,0.0,0.5,OPTIMAL
grid_5x5_31,seed_milpsnap_grid5x5_low.json,812,25,40,29,45.2174,0.0,0.783,OPTIMAL
grid_5x5_31,seed_milpsnap_grid5x5_low.json,813,25,40,29,45.2174,0.0,0.78,OPTIMAL
grid_5x5_31,seed_milpsnap_grid5x5_low.json,814,25,40,29,45.2174,0.0,0.723,OPTIMAL
grid_5x5_31,seed_milpsnap_grid5x5_low.json,815,25,40,28,48.6957,0.0,0.883,OPTIMAL
grid_5x5_31,seed_milpsnap_grid5x5_low.json,816,25,40,26,48.6957,0.0,0.514,OPTIMAL
grid_5x5_31,seed_milpsnap_grid5x5_low.json,817,25,40,26,48.6957,0.0,0.699,OPTIMAL
grid_5x5_31,seed_milpsnap_grid5x5_low.json,818,25,40,24,48.6957,0.0,1.528,OPTIMAL
grid_5x5_31,seed_milpsnap_grid5x5_low.json,819,25,40,22,48.6957,0.0,1.305,OPTIMAL
grid_5x5_31,seed_milpsnap_grid5x5_low.json,820,25,40,21,48.6957,0.0,0.435,OPTIMAL
grid_5x5_31,seed_milpsnap_grid5x5_low.json,821,25,40,18,48.6957,0.0,0.439,OPTIMAL
grid_5x5_31,seed_milpsnap_grid5x5_low.json,822,25,40,19,48.6957,0.0,0.29,OPTIMAL
grid_5x5_31,seed_milpsnap_grid5x5_low.json,823,25,40,20,48.6957,0.0,0.294,OPTIMAL
grid_5x5_31,seed_milpsnap_grid5x5_low.json,824,25,40,19,48.6957,0.0,0.283,OPTIMAL
grid_5x5_31,seed_milpsnap_grid5x5_low.json,825,25,40,19,48.6957,0.0,0.396,OPTIMAL
grid_5x5_31,seed_milpsnap_grid5x5_low.json,826,25,40,18,48.6957,0.0,0.375,OPTIMAL
grid_5x5_31,seed_milpsnap_grid5x5_low.json,827,25,40,17,48.6957,0.0,0.284,OPTIMAL
grid_5x5_31,seed_milpsnap_grid5x5_low.json,828,25,40,17,48.6957,0.0,0.236,OPTIMAL
grid_5x5_31,seed_milpsnap_grid5x5_low.json,829,25,40,20,45.2174,0.0,0.415,OPTIMAL
grid_5x5_31,seed_milpsnap_grid5x5_low.json,830,25,40,21,45.2174,0.0,0.829,OPTIMAL
grid_5x5_31,seed_milpsnap_grid5x5_low.json,831,25,40,22,45.2174,0.0,0.765,OPTIMAL
grid_5x5_31,seed_milpsnap_grid5x5_low.json,832,25,40,21,45.2174,0.0,0.563,OPTIMAL
grid_5x5_31,seed_milpsnap_grid5x5_low.json,833,25,40,24,45.2174,0.0,0.784,OPTIMAL
grid_5x5_31,seed_milpsnap_grid5x5_low.json,834,25,40,26,45.2174,0.0,1.332,OPTIMAL
grid_5x5_31,seed_milpsnap_grid5x5_low.json,835,25,40,28,45.2174,0.0,1.021,OPTIMAL
grid_5x5_31,seed_milpsnap_grid5x5_low.json,836,25,40,31,45.2174,0.0,0.606,OPTIMAL
grid_5x5_31,seed_milpsnap_grid5x5_low.json,837,25,40,30,45.2174,0.0,0.669,OPTIMAL
grid_5x5_31,seed_milpsnap_grid5x5_low.json,838,25,40,31,45.2174,0.0,0.881,OPTIMAL
grid_5x5_31,seed_milpsnap_grid5x5_low.json,839,25,40,34,45.2174,0.0,1.139,OPTIMAL
grid_5x5_31,seed_milpsnap_grid5x5_low.json,840,25,40,35,45.2174,0.0,0.837,OPTIMAL
grid_5x5_31,seed_milpsnap_grid5x5_low.json,841,25,40,37,45.2174,0.0,0.981,OPTIMAL
grid_5x5_31,seed_milpsnap_grid5x5_low.json,842,25,40,37,45.2174,0.0,0.895,OPTIMAL
grid_5x5_31,seed_milpsnap_grid5x5_low.json,843,25,40,37,45.2174,0.0,0.911,OPTIMAL
grid_5x5_31,seed_milpsnap_grid5x5_low.json,844,25,40,37,48.6957,0.0,0.56,OPTIMAL
grid_5x5_31,seed_milpsnap_grid5x5_low.json,845,25,40,36,48.6957,0.0,0.682,OPTIMAL
grid_5x5_31,seed_milpsnap_grid5x5_low.json,846,25,40,34,48.6957,0.0,0.43,OPTIMAL
grid_5x5_31,seed_milpsnap_grid5x5_low.json,847,25,40,36,45.2174,0.0,1.229,OPTIMAL
grid_5x5_31,seed_milpsnap_grid5x5_low.json,848,25,40,36,45.2174,0.0,1.098,OPTIMAL
grid_5x5_31,seed_milpsnap_grid5x5_low.json,849,25,40,34,45.2174,0.0,0.773,OPTIMAL
grid_5x5_31,seed_milpsnap_grid5x5_low.json,850,25,40,31,45.2174,0.0,0.978,OPTIMAL
grid_5x5_31,seed_milpsnap_grid5x5_low.json,851,25,40,30,45.2174,0.0,0.864,OPTIMAL
grid_5x5_31,seed_milpsnap_grid5x5_low.json,852,25,40,30,45.2174,0.0,0.852,OPTIMAL
grid_5x5_31,seed_milpsnap_grid5x5_low.json,853,25,40,30,45.2174,0.0,0.932,OPTIMAL
grid_5x5_31,seed_milpsnap_grid5x5_low.json,854,25,40,28,45.2174,0.0,0.584,OPTIMAL
grid_5x5_31,seed_milpsnap_grid5x5_low.json,855,25,40,28,45.2174,0.0,0.457,OPTIMAL
grid_5x5_31,seed_milpsnap_grid5x5_low.json,856,25,40,29,45.2174,0.0,0.83,OPTIMAL
grid_5x5_31,seed_milpsnap_grid5x5_low.json,857,25,40,30,45.2174,0.0,0.644,OPTIMAL
grid_5x5_31,seed_milpsnap_grid5x5_low.json,858,25,40,31,45.2174,0.0,0.736,OPTIMAL
grid_5x5_31,seed_milpsnap_grid5x5_low.json,859,25,40,31,45.2174,0.0,0.718,OPTIMAL
grid_5x5_31,seed_milpsnap_grid5x5_low.json,860,25,40,33,45.2174,0.0,0.867,OPTIMAL
grid_5x5_31,seed_milpsnap_grid5x5_low.json,861,25,40,34,45.2174,0.0,1.035,OPTIMAL
grid_5x5_31,seed_milpsnap_grid5x5_low.json,862,25,40,31,45.2174,0.0,0.904,OPTIMAL
grid_5x5_31,seed_milpsnap_grid5x5_low.json,863,25,40,30,45.2174,0.0,0.822,OPTIMAL
grid_5x5_31,seed_milpsnap_grid5x5_low.json,864,25,40,33,45.2174,0.0,0.854,OPTIMAL
grid_5x5_31,seed_milpsnap_grid5x5_low.json,865,25,40,36,45.2174,0.0,0.956,OPTIMAL
grid_5x5_31,seed_milpsnap_grid5x5_low.json,866,25,40,34,45.2174,0.0,0.883,OPTIMAL
grid_5x5_31,seed_milpsnap_grid5x5_low.json,867,25,40,35,45.2174,0.0,0.828,OPTIMAL
grid_5x5_31,seed_milpsnap_grid5x5_low.json,868,25,40,35,45.2174,0.0,0.736,OPTIMAL
grid_5x5_31,seed_milpsnap_grid5x5_low.json,869,25,40,34,45.2174,0.0,0.909,OPTIMAL
grid_5x5_31,seed_milpsnap_grid5x5_low.json,870,25,40,34,45.2174,0.0,1.136,OPTIMAL
grid_5x5_31,seed_milpsnap_grid5x5_low.json,871,25,40,31,45.2174,0.0,0.927,OPTIMAL
grid_5x5_31,seed_milpsnap_grid5x5_low.json,872,25,40,30,45.2174,0.0,0.798,OPTIMAL
grid_5x5_31,seed_milpsnap_grid5x5_low.json,873,25,40,28,45.2174,0.0,0.701,OPTIMAL
grid_5x5_31,seed_milpsnap_grid5x5_low.json,874,25,40,26,48.6957,0.0,0.328,OPTIMAL
grid_5x5_31,seed_milpsnap_grid5x5_low.json,875,25,40,24,48.6957,0.0,0.393,OPTIMAL
grid_5x5_31,seed_milpsnap_grid5x5_low.json,876,25,40,24,48.6957,0.0,0.28,OPTIMAL
grid_5x5_31,seed_milpsnap_grid5x5_low.json,877,25,40,26,48.6957,0.0,0.389,OPTIMAL
grid_5x5_31,seed_milpsnap_grid5x5_low.json,878,25,40,27,48.6957,0.0,0.412,OPTIMAL
grid_5x5_31,seed_milpsnap_grid5x5_low.json,879,25,40,1,83.4783,0.0,0.012,OPTIMAL
grid_5x5_31,seed_milpsnap_grid5x5_low.json,880,25,40,2,69.5652,0.0,0.022,OPTIMAL
grid_5x5_31,seed_milpsnap_grid5x5_low.json,881,25,40,4,62.6087,0.0,0.154,OPTIMAL
grid_5x5_31,seed_milpsnap_grid5x5_low.json,882,25,40,5,55.6522,0.0,0.294,OPTIMAL
grid_5x5_31,seed_milpsnap_grid5x5_low.json,883,25,40,7,52.1739,0.0,0.23,OPTIMAL
grid_5x5_31,seed_milpsnap_grid5x5_low.json,884,25,40,8,48.6957,0.0,0.174,OPTIMAL
grid_5x5_31,seed_milpsnap_grid5x5_low.json,885,25,40,9,48.6957,0.0,0.216,OPTIMAL
grid_5x5_31,seed_milpsnap_grid5x5_low.json,886,25,40,12,48.6957,0.0,0.175,OPTIMAL
grid_5x5_31,seed_milpsnap_grid5x5_low.json,887,25,40,13,48.6957,0.0,0.154,OPTIMAL
grid_5x5_31,seed_milpsnap_grid5x5_low.json,888,25,40,16,45.2174,0.0,0.536,OPTIMAL
grid_5x5_31,seed_milpsnap_grid5x5_low.json,889,25,40,21,45.2174,0.0,0.408,OPTIMAL
grid_5x5_31,seed_milpsnap_grid5x5_low.json,890,25,40,22,45.2174,0.0,0.458,OPTIMAL
grid_5x5_31,seed_milpsnap_grid5x5_low.json,891,25,40,23,45.2174,0.0,1.439,OPTIMAL
grid_5x5_31,seed_milpsnap_grid5x5_low.json,892,25,40,25,45.2174,0.0,1.135,OPTIMAL
grid_5x5_31,seed_milpsnap_grid5x5_low.json,893,25,40,24,45.2174,0.0,0.96,OPTIMAL
grid_5x5_31,seed_milpsnap_grid5x5_low.json,894,25,40,27,45.2174,0.0,0.654,OPTIMAL
grid_5x5_31,seed_milpsnap_grid5x5_low.json,895,25,40,27,48.6957,0.0,0.364,OPTIMAL
grid_5x5_31,seed_milpsnap_grid5x5_low.json,896,25,40,26,48.6957,0.0,0.297,OPTIMAL
grid_5x5_31,seed_milpsnap_grid5x5_low.json,897,25,40,28,48.6957,0.0,0.43,OPTIMAL
grid_5x5_31,seed_milpsnap_grid5x5_low.json,898,25,40,27,48.6957,0.0,0.481,OPTIMAL
grid_5x5_31,seed_milpsnap_grid5x5_low.json,899,25,40,30,45.2174,0.0,0.593,OPTIMAL
grid_5x5_31,seed_milpsnap_grid5x5_low.json,900,25,40,29,45.2174,0.0,0.733,OPTIMAL
grid_5x5_31,seed_milpsnap_grid5x5_low.json,901,25,40,27,45.2174,0.0,0.509,OPTIMAL
grid_5x5_31,seed_milpsnap_grid5x5_low.json,902,25,40,28,45.2174,0.0,0.496,OPTIMAL
grid_5x5_31,seed_milpsnap_grid5x5_low.json,903,25,40,26,45.2174,0.0,0.681,OPTIMAL
grid_5x5_31,seed_milpsnap_grid5x5_low.json,904,25,40,22,45.2174,0.0,0.496,OPTIMAL
grid_5x5_31,seed_milpsnap_grid5x5_low.json,905,25,40,21,45.2174,0.0,0.563,OPTIMAL
grid_5x5_31,seed_milpsnap_grid5x5_low.json,906,25,40,21,45.2174,0.0,0.33,OPTIMAL
grid_5x5_31,seed_milpsnap_grid5x5_low.json,907,25,40,21,45.2174,0.0,0.406,OPTIMAL
grid_5x5_31,seed_milpsnap_grid5x5_low.json,908,25,40,23,45.2174,0.0,0.405,OPTIMAL
grid_5x5_31,seed_milpsnap_grid5x5_low.json,909,25,40,24,45.2174,0.0,0.516,OPTIMAL
grid_5x5_31,seed_milpsnap_grid5x5_low.json,910,25,40,23,45.2174,0.0,0.504,OPTIMAL
grid_5x5_31,seed_milpsnap_grid5x5_low.json,911,25,40,23,45.2174,0.0,0.57,OPTIMAL
grid_5x5_31,seed_milpsnap_grid5x5_low.json,912,25,40,21,45.2174,0.0,0.64,OPTIMAL
grid_5x5_31,seed_milpsnap_grid5x5_low.json,913,25,40,22,45.2174,0.0,0.615,OPTIMAL
grid_5x5_31,seed_milpsnap_grid5x5_low.json,914,25,40,19,48.6957,0.0,0.224,OPTIMAL
grid_5x5_31,seed_milpsnap_grid5x5_low.json,915,25,40,21,45.2174,0.0,0.566,OPTIMAL
grid_5x5_31,seed_milpsnap_grid5x5_low.json,916,25,40,20,45.2174,0.0,0.452,OPTIMAL
grid_5x5_31,seed_milpsnap_grid5x5_low.json,917,25,40,18,45.2174,0.0,0.343,OPTIMAL
grid_5x5_31,seed_milpsnap_grid5x5_low.json,918,25,40,20,48.6957,0.0,0.214,OPTIMAL
grid_5x5_31,seed_milpsnap_grid5x5_low.json,919,25,40,20,48.6957,0.0,0.303,OPTIMAL
grid_5x5_31,seed_milpsnap_grid5x5_low.json,920,25,40,22,48.6957,0.0,0.232,OPTIMAL
grid_5x5_31,seed_milpsnap_grid5x5_low.json,921,25,40,22,52.1739,0.0,0.283,OPTIMAL
grid_5x5_31,seed_milpsnap_grid5x5_low.json,922,25,40,23,48.6957,0.0,0.393,OPTIMAL
grid_5x5_31,seed_milpsnap_grid5x5_low.json,923,25,40,22,48.6957,0.0,0.364,OPTIMAL
grid_5x5_31,seed_milpsnap_grid5x5_low.json,924,25,40,18,48.6957,0.0,0.432,OPTIMAL
grid_5x5_31,seed_milpsnap_grid5x5_low.json,925,25,40,19,48.6957,0.0,0.43,OPTIMAL
grid_5x5_31,seed_milpsnap_grid5x5_low.json,926,25,40,21,48.6957,0.0,0.511,OPTIMAL
grid_5x5_31,seed_milpsnap_grid5x5_low.json,927,25,40,24,48.6957,0.0,0.503,OPTIMAL
grid_5x5_31,seed_milpsnap_grid5x5_low.json,928,25,40,24,48.6957,0.0,0.356,OPTIMAL
grid_5x5_31,seed_milpsnap_grid5x5_low.json,929,25,40,25,48.6957,0.0,0.473,OPTIMAL
grid_5x5_31,seed_milpsnap_grid5x5_low.json,930,25,40,25,48.6957,0.0,0.355,OPTIMAL
grid_5x5_31,seed_milpsnap_grid5x5_low.json,931,25,40,26,48.6957,0.0,0.461,OPTIMAL
grid_5x5_31,seed_milpsnap_grid5x5_low.json,932,25,40,28,48.6957,0.0,0.518,OPTIMAL
grid_5x5_31,seed_milpsnap_grid5x5_low.json,933,25,40,26,48.6957,0.0,0.295,OPTIMAL
grid_5x5_31,seed_milpsnap_grid5x5_low.json,934,25,40,29,48.6957,0.0,0.544,OPTIMAL
grid_5x5_31,seed_milpsnap_grid5x5_low.json,935,25,40,29,48.6957,0.0,0.417,OPTIMAL
grid_5x5_31,seed_milpsnap_grid5x5_low.json,936,25,40,30,45.2174,0.0,0.636,OPTIMAL
grid_5x5_31,seed_milpsnap_grid5x5_low.json,937,25,40,29,45.2174,0.0,0.848,OPTIMAL
grid_5x5_31,seed_milpsnap_grid5x5_low.json,938,25,40,30,45.2174,0.0,0.612,OPTIMAL
grid_5x5_31,seed_milpsnap_grid5x5_low.json,939,25,40,33,45.2174,0.0,0.918,OPTIMAL
grid_5x5_31,seed_milpsnap_grid5x5_low.json,940,25,40,35,45.2174,0.0,0.737,OPTIMAL
grid_5x5_31,seed_milpsnap_grid5x5_low.json,941,25,40,33,45.2174,0.0,0.779,OPTIMAL
grid_5x5_31,seed_milpsnap_grid5x5_low.json,942,25,40,31,45.2174,0.0,0.854,OPTIMAL
grid_5x5_31,seed_milpsnap_grid5x5_low.json,943,25,40,31,45.2174,0.0,0.83,OPTIMAL
grid_5x5_31,seed_milpsnap_grid5x5_low.json,944,25,40,31,45.2174,0.0,0.585,OPTIMAL
grid_5x5_31,seed_milpsnap_grid5x5_low.json,945,25,40,31,45.2174,0.0,0.664,OPTIMAL
grid_5x5_31,seed_milpsnap_grid5x5_low.json,946,25,40,32,45.2174,0.0,0.661,OPTIMAL
grid_5x5_31,seed_milpsnap_grid5x5_low.json,947,25,40,36,45.2174,0.0,0.867,OPTIMAL
grid_5x5_31,seed_milpsnap_grid5x5_low.json,948,25,40,37,45.2174,0.0,0.81,OPTIMAL
grid_5x5_31,seed_milpsnap_grid5x5_low.json,949,25,40,34,45.2174,0.0,0.944,OPTIMAL
grid_5x5_31,seed_milpsnap_grid5x5_low.json,950,25,40,34,45.2174,0.0,0.924,OPTIMAL
grid_5x5_31,seed_milpsnap_grid5x5_low.json,951,25,40,35,45.2174,0.0,0.663,OPTIMAL
grid_5x5_31,seed_milpsnap_grid5x5_low.json,952,25,40,34,45.2174,0.0,0.783,OPTIMAL
grid_5x5_31,seed_milpsnap_grid5x5_low.json,953,25,40,33,45.2174,0.0,0.656,OPTIMAL
grid_5x5_31,seed_milpsnap_grid5x5_low.json,954,25,40,32,45.2174,0.0,0.87,OPTIMAL
grid_5x5_31,seed_milpsnap_grid5x5_low.json,955,25,40,34,48.6957,0.0,0.473,OPTIMAL
grid_5x5_31,seed_milpsnap_grid5x5_low.json,956,25,40,35,48.6957,0.0,0.485,OPTIMAL
grid_5x5_31,seed_milpsnap_grid5x5_low.json,957,25,40,33,48.6957,0.0,0.576,OPTIMAL
grid_5x5_31,seed_milpsnap_grid5x5_low.json,958,25,40,32,48.6957,0.0,0.455,OPTIMAL
grid_5x5_31,seed_milpsnap_grid5x5_low.json,959,25,40,33,45.2174,0.0,0.935,OPTIMAL
grid_5x5_31,seed_milpsnap_grid5x5_low.json,960,25,40,34,45.2174,0.0,0.705,OPTIMAL
grid_5x5_31,seed_milpsnap_grid5x5_low.json,961,25,40,36,45.2174,0.0,0.864,OPTIMAL
grid_5x5_31,seed_milpsnap_grid5x5_low.json,962,25,40,31,45.2174,0.0,0.875,OPTIMAL
grid_5x5_31,seed_milpsnap_grid5x5_low.json,963,25,40,31,48.6957,0.0,0.559,OPTIMAL
grid_5x5_31,seed_milpsnap_grid5x5_low.json,964,25,40,33,48.6957,0.0,0.496,OPTIMAL
grid_5x5_31,seed_milpsnap_grid5x5_low.json,965,25,40,34,48.6957,0.0,0.488,OPTIMAL
grid_5x5_31,seed_milpsnap_grid5x5_low.json,966,25,40,34,45.2174,0.0,0.666,OPTIMAL
grid_5x5_31,seed_milpsnap_grid5x5_low.json,967,25,40,41,45.2174,0.0,0.983,OPTIMAL
grid_5x5_31,seed_milpsnap_grid5x5_low.json,968,25,40,44,45.2174,0.0,0.886,OPTIMAL
grid_5x5_31,seed_milpsnap_grid5x5_low.json,969,25,40,43,45.2174,0.0,1.008,OPTIMAL
grid_5x5_31,seed_milpsnap_grid5x5_low.json,970,25,40,41,45.2174,0.0,0.978,OPTIMAL
grid_5x5_31,seed_milpsnap_grid5x5_low.json,971,25,40,39,45.2174,0.0,0.774,OPTIMAL
grid_5x5_31,seed_milpsnap_grid5x5_low.json,972,25,40,43,45.2174,0.0,0.926,OPTIMAL
grid_5x5_31,seed_milpsnap_grid5x5_low.json,973,25,40,43,45.2174,0.0,1.069,OPTIMAL
grid_5x5_31,seed_milpsnap_grid5x5_low.json,974,25,40,44,45.2174,0.0,0.887,OPTIMAL
grid_5x5_31,seed_milpsnap_grid5x5_low.json,975,25,40,44,45.2174,0.0,1.273,OPTIMAL
grid_5x5_31,seed_milpsnap_grid5x5_low.json,976,25,40,43,45.2174,0.0,0.831,OPTIMAL
grid_5x5_31,seed_milpsnap_grid5x5_low.json,977,25,40,43,45.2174,0.0,1.075,OPTIMAL
grid_5x5_31,seed_milpsnap_grid5x5_low.json,978,25,40,44,45.2174,0.0,1.109,OPTIMAL
grid_5x5_31,seed_milpsnap_grid5x5_low.json,979,25,40,47,45.2174,0.0,1.13,OPTIMAL
grid_5x5_31,seed_milpsnap_grid5x5_low.json,980,25,40,45,45.2174,0.0,1.003,OPTIMAL
grid_5x5_31,seed_milpsnap_grid5x5_low.json,981,25,40,43,45.2174,0.0,1.304,OPTIMAL
grid_5x5_31,seed_milpsnap_grid5x5_low.json,982,25,40,37,48.6957,0.0,0.717,OPTIMAL
grid_5x5_31,seed_milpsnap_grid5x5_low.json,983,25,40,37,48.6957,0.0,0.548,OPTIMAL
grid_5x5_31,seed_milpsnap_grid5x5_low.json,984,25,40,38,48.6957,0.0,0.587,OPTIMAL
grid_5x5_31,seed_milpsnap_grid5x5_low.json,985,25,40,36,48.6957,0.0,0.557,OPTIMAL
grid_5x5_31,seed_milpsnap_grid5x5_low.json,986,25,40,38,48.6957,0.0,0.558,OPTIMAL
grid_5x5_31,seed_milpsnap_grid5x5_low.json,987,25,40,36,45.2174,0.0,0.855,OPTIMAL
grid_5x5_31,seed_milpsnap_grid5x5_low.json,988,25,40,36,45.2174,0.0,0.85,OPTIMAL
grid_5x5_31,seed_milpsnap_grid5x5_low.json,989,25,40,33,45.2174,0.0,0.79,OPTIMAL
grid_5x5_31,seed_milpsnap_grid5x5_low.json,990,25,40,31,45.2174,0.0,0.758,OPTIMAL
grid_5x5_31,seed_milpsnap_grid5x5_low.json,991,25,40,28,48.6957,0.0,0.322,OPTIMAL
grid_5x5_31,seed_milpsnap_grid5x5_low.json,992,25,40,30,48.6957,0.0,0.491,OPTIMAL
grid_5x5_31,seed_milpsnap_grid5x5_low.json,993,25,40,27,48.6957,0.0,0.312,OPTIMAL
grid_5x5_31,seed_milpsnap_grid5x5_low.json,994,25,40,21,48.6957,0.0,0.248,OPTIMAL
grid_5x5_31,seed_milpsnap_grid5x5_low.json,995,25,40,22,45.2174,0.0,0.535,OPTIMAL
grid_5x5_31,seed_milpsnap_grid5x5_low.json,996,25,40,21,48.6957,0.0,0.33,OPTIMAL
grid_5x5_31,seed_milpsnap_grid5x5_low.json,997,25,40,24,48.6957,0.0,0.339,OPTIMAL
grid_5x5_31,seed_milpsnap_grid5x5_low.json,998,25,40,21,48.6957,0.0,0.235,OPTIMAL
grid_5x5_31,seed_milpsnap_grid5x5_low.json,999,25,40,22,48.6957,0.0,0.327,OPTIMAL
grid_5x5_31,seed_milpsnap_grid5x5_low.json,1000,25,40,21,48.6957,0.0,0.279,OPTIMAL
grid_5x5_31,seed_milpsnap_grid5x5_low.json,1001,25,40,23,48.6957,0.0,0.401,OPTIMAL
grid_5x5_31,seed_milpsnap_grid5x5_low.json,1002,25,40,22,48.6957,0.0,0.287,OPTIMAL
grid_5x5_31,seed_milpsnap_grid5x5_low.json,1003,25,40,23,48.6957,0.0,0.274,OPTIMAL
grid_5x5_31,seed_milpsnap_grid5x5_low.json,1004,25,40,24,45.2174,0.0,0.528,OPTIMAL
grid_5x5_31,seed_milpsnap_grid5x5_low.json,1005,25,40,24,45.2174,0.0,0.56,OPTIMAL
grid_5x5_31,seed_milpsnap_grid5x5_low.json,1006,25,40,25,45.2174,0.0,0.486,OPTIMAL
grid_5x5_31,seed_milpsnap_grid5x5_low.json,1007,25,40,22,45.2174,0.0,0.398,OPTIMAL
grid_5x5_31,seed_milpsnap_grid5x5_low.json,1008,25,40,23,45.2174,0.0,0.505,OPTIMAL
grid_5x5_31,seed_milpsnap_grid5x5_low.json,1009,25,40,22,45.2174,0.0,0.536,OPTIMAL
grid_5x5_31,seed_milpsnap_grid5x5_low.json,1010,25,40,24,45.2174,0.0,0.398,OPTIMAL
grid_5x5_31,seed_milpsnap_grid5x5_low.json,1011,25,40,22,45.2174,0.0,0.541,OPTIMAL
grid_5x5_31,seed_milpsnap_grid5x5_low.json,1012,25,40,24,45.2174,0.0,0.515,OPTIMAL
grid_5x5_31,seed_milpsnap_grid5x5_low.json,1013,25,40,24,45.2174,0.0,0.511,OPTIMAL
grid_5x5_31,seed_milpsnap_grid5x5_low.json,1014,25,40,22,48.6957,0.0,0.45,OPTIMAL
grid_5x5_31,seed_milpsnap_grid5x5_low.json,1015,25,40,21,48.6957,0.0,0.299,OPTIMAL
grid_5x5_31,seed_milpsnap_grid5x5_low.json,1016,25,40,19,48.6957,0.0,0.294,OPTIMAL
grid_5x5_31,seed_milpsnap_grid5x5_low.json,1017,25,40,18,48.6957,0.0,0.383,OPTIMAL
grid_5x5_31,seed_milpsnap_grid5x5_low.json,1018,25,40,20,45.2174,0.0,0.517,OPTIMAL
grid_5x5_31,seed_milpsnap_grid5x5_low.json,1019,25,40,20,45.2174,0.0,0.51,OPTIMAL
grid_5x5_31,seed_milpsnap_grid5x5_low.json,1020,25,40,23,45.2174,0.0,0.532,OPTIMAL
grid_5x5_31,seed_milpsnap_grid5x5_low.json,1021,25,40,24,45.2174,0.0,0.627,OPTIMAL
grid_5x5_31,seed_milpsnap_grid5x5_low.json,1022,25,40,26,45.2174,0.0,0.526,OPTIMAL
grid_5x5_31,seed_milpsnap_grid5x5_low.json,1023,25,40,24,45.2174,0.0,0.401,OPTIMAL
grid_5x5_31,seed_milpsnap_grid5x5_low.json,1024,25,40,23,45.2174,0.0,0.493,OPTIMAL
grid_5x5_31,seed_milpsnap_grid5x5_low.json,1025,25,40,24,45.2174,0.0,0.448,OPTIMAL
grid_5x5_31,seed_milpsnap_grid5x5_low.json,1026,25,40,1,80.0,0.0,0.013,OPTIMAL
grid_5x5_31,seed_milpsnap_grid5x5_low.json,1027,25,40,3,62.6087,0.0,0.066,OPTIMAL
grid_5x5_31,seed_milpsnap_grid5x5_low.json,1028,25,40,8,48.6957,0.0,0.384,OPTIMAL
grid_5x5_31,seed_milpsnap_grid5x5_low.json,1029,25,40,9,48.6957,0.0,0.244,OPTIMAL
grid_5x5_31,seed_milpsnap_grid5x5_low.json,1030,25,40,12,48.6957,0.0,0.279,OPTIMAL
grid_5x5_31,seed_milpsnap_grid5x5_low.json,1031,25,40,14,48.6957,0.0,0.221,OPTIMAL
grid_5x5_31,seed_milpsnap_grid5x5_low.json,1032,25,40,17,48.6957,0.0,0.273,OPTIMAL
grid_5x5_31,seed_milpsnap_grid5x5_low.json,1033,25,40,19,48.6957,0.0,0.317,OPTIMAL
grid_5x5_31,seed_milpsnap_grid5x5_low.json,1034,25,40,20,48.6957,0.0,0.268,OPTIMAL
grid_5x5_31,seed_milpsnap_grid5x5_low.json,1035,25,40,22,45.2174,0.0,0.464,OPTIMAL
grid_5x5_31,seed_milpsnap_grid5x5_low.json,1036,25,40,26,45.2174,0.0,0.485,OPTIMAL
grid_5x5_31,seed_milpsnap_grid5x5_low.json,1037,25,40,30,45.2174,0.0,0.603,OPTIMAL
grid_5x5_31,seed_milpsnap_grid5x5_low.json,1038,25,40,33,45.2174,0.0,0.638,OPTIMAL
grid_5x5_31,seed_milpsnap_grid5x5_low.json,1039,25,40,36,45.2174,0.0,0.68,OPTIMAL
grid_5x5_31,seed_milpsnap_grid5x5_low.json,1040,25,40,37,45.2174,0.0,0.751,OPTIMAL
grid_5x5_31,seed_milpsnap_grid5x5_low.json,1041,25,40,36,45.2174,0.0,0.718,OPTIMAL
grid_5x5_31,seed_milpsnap_grid5x5_low.json,1042,25,40,38,45.2174,0.0,0.772,OPTIMAL
grid_5x5_31,seed_milpsnap_grid5x5_low.json,1043,25,40,36,45.2174,0.0,0.732,OPTIMAL
grid_5x5_31,seed_milpsnap_grid5x5_low.json,1044,25,40,37,45.2174,0.0,0.835,OPTIMAL
grid_5x5_31,seed_milpsnap_grid5x5_low.json,1045,25,40,36,45.2174,0.0,0.692,OPTIMAL
grid_5x5_31,seed_milpsnap_grid5x5_low.json,1046,25,40,36,45.2174,0.0,0.719,OPTIMAL
grid_5x5_31,seed_milpsnap_grid5x5_low.json,1047,25,40,33,45.2174,0.0,0.759,OPTIMAL
grid_5x5_31,seed_milpsnap_grid5x5_low.json,1048,25,40,32,45.2174,0.0,0.871,OPTIMAL
grid_5x5_31,seed_milpsnap_grid5x5_low.json,1049,25,40,31,45.2174,0.0,0.507,OPTIMAL
grid_5x5_31,seed_milpsnap_grid5x5_low.json,1050,25,40,32,45.2174,0.0,0.662,OPTIMAL
grid_5x5_31,seed_milpsnap_grid5x5_low.json,1051,25,40,30,45.2174,0.0,0.596,OPTIMAL
grid_5x5_31,seed_milpsnap_grid5x5_low.json,1052,25,40,30,45.2174,0.0,0.637,OPTIMAL
grid_5x5_31,seed_milpsnap_grid5x5_low.json,1053,25,40,30,45.2174,0.0,0.905,OPTIMAL
grid_5x5_31,seed_milpsnap_grid5x5_low.json,1054,25,40,31,45.2174,0.0,0.606,OPTIMAL
grid_5x5_31,seed_milpsnap_grid5x5_low.json,1055,25,40,31,45.2174,0.0,0.646,OPTIMAL
grid_5x5_31,seed_milpsnap_grid5x5_low.json,1056,25,40,37,45.2174,0.0,0.808,OPTIMAL
grid_5x5_31,seed_milpsnap_grid5x5_low.json,1057,25,40,38,45.2174,0.0,1.082,OPTIMAL
grid_5x5_31,seed_milpsnap_grid5x5_low.json,1058,25,40,36,45.2174,0.0,0.647,OPTIMAL
grid_5x5_31,seed_milpsnap_grid5x5_low.json,1059,25,40,38,45.2174,0.0,1.005,OPTIMAL
grid_5x5_31,seed_milpsnap_grid5x5_low.json,1060,25,40,38,45.2174,0.0,1.009,OPTIMAL
grid_5x5_31,seed_milpsnap_grid5x5_low.json,1061,25,40,37,45.2174,0.0,0.744,OPTIMAL
grid_5x5_31,seed_milpsnap_grid5x5_low.json,1062,25,40,38,45.2174,0.0,0.878,OPTIMAL
grid_5x5_31,seed_milpsnap_grid5x5_low.json,1063,25,40,41,45.2174,0.0,1.201,OPTIMAL
grid_5x5_31,seed_milpsnap_grid5x5_low.json,1064,25,40,43,45.2174,0.0,0.832,OPTIMAL
grid_5x5_31,seed_milpsnap_grid5x5_low.json,1065,25,40,41,48.6957,0.0,0.721,OPTIMAL
grid_5x5_31,seed_milpsnap_grid5x5_low.json,1066,25,40,43,45.2174,0.0,0.96,OPTIMAL
grid_5x5_31,seed_milpsnap_grid5x5_low.json,1067,25,40,41,45.2174,0.0,0.982,OPTIMAL
grid_5x5_31,seed_milpsnap_grid5x5_low.json,1068,25,40,42,45.2174,0.0,0.99,OPTIMAL
grid_5x5_31,seed_milpsnap_grid5x5_low.json,1069,25,40,41,45.2174,0.0,1.121,OPTIMAL
grid_5x5_31,seed_milpsnap_grid5x5_low.json,1070,25,40,39,45.2174,0.0,0.888,OPTIMAL
grid_5x5_31,seed_milpsnap_grid5x5_low.json,1071,25,40,32,45.2174,0.0,0.627,OPTIMAL
grid_5x5_31,seed_milpsnap_grid5x5_low.json,1072,25,40,31,45.2174,0.0,0.638,OPTIMAL
grid_5x5_31,seed_milpsnap_grid5x5_low.json,1073,25,40,30,48.6957,0.0,0.496,OPTIMAL
grid_5x5_31,seed_milpsnap_grid5x5_low.json,1074,25,40,28,48.6957,0.0,0.462,OPTIMAL
grid_5x5_31,seed_milpsnap_grid5x5_low.json,1075,25,40,26,48.6957,0.0,0.6,OPTIMAL
grid_5x5_31,seed_milpsnap_grid5x5_low.json,1076,25,40,27,48.6957,0.0,0.422,OPTIMAL
grid_5x5_31,seed_milpsnap_grid5x5_low.json,1077,25,40,27,48.6957,0.0,0.42,OPTIMAL
grid_5x5_31,seed_milpsnap_grid5x5_low.json,1078,25,40,24,48.6957,0.0,0.327,OPTIMAL
grid_5x5_31,seed_milpsnap_grid5x5_low.json,1079,25,40,26,48.6957,0.0,0.348,OPTIMAL
grid_5x5_31,seed_milpsnap_grid5x5_low.json,1080,25,40,26,48.6957,0.0,0.35,OPTIMAL
grid_5x5_31,seed_milpsnap_grid5x5_low.json,1081,25,40,25,45.2174,0.0,0.491,OPTIMAL
grid_5x5_31,seed_milpsnap_grid5x5_low.json,1082,25,40,27,45.2174,0.0,0.58,OPTIMAL
grid_5x5_31,seed_milpsnap_grid5x5_low.json,1083,25,40,24,45.2174,0.0,0.432,OPTIMAL
grid_5x5_31,seed_milpsnap_grid5x5_low.json,1084,25,40,30,45.2174,0.0,0.579,OPTIMAL
grid_5x5_31,seed_milpsnap_grid5x5_low.json,1085,25,40,32,45.2174,0.0,0.777,OPTIMAL
grid_5x5_31,seed_milpsnap_grid5x5_low.json,1086,25,40,34,45.2174,0.0,0.926,OPTIMAL
grid_5x5_31,seed_milpsnap_grid5x5_low.json,1087,25,40,38,45.2174,0.0,0.702,OPTIMAL
grid_5x5_31,seed_milpsnap_grid5x5_low.json,1088,25,40,38,45.2174,0.0,0.974,OPTIMAL
grid_5x5_31,seed_milpsnap_grid5x5_low.json,1089,25,40,41,45.2174,0.0,1.328,OPTIMAL
grid_5x5_31,seed_milpsnap_grid5x5_low.json,1090,25,40,40,45.2174,0.0,0.851,OPTIMAL
grid_5x5_31,seed_milpsnap_grid5x5_low.json,1091,25,40,42,45.2174,0.0,1.116,OPTIMAL
grid_5x5_31,seed_milpsnap_grid5x5_low.json,1092,25,40,42,45.2174,0.0,1.264,OPTIMAL
grid_5x5_31,seed_milpsnap_grid5x5_low.json,1093,25,40,42,45.2174,0.0,0.942,OPTIMAL
grid_5x5_31,seed_milpsnap_grid5x5_low.json,1094,25,40,42,45.2174,0.0,0.992,OPTIMAL
grid_5x5_31,seed_milpsnap_grid5x5_low.json,1095,25,40,41,48.6957,0.0,0.686,OPTIMAL
grid_5x5_31,seed_milpsnap_grid5x5_low.json,1096,25,40,37,48.6957,0.0,0.604,OPTIMAL
grid_5x5_31,seed_milpsnap_grid5x5_low.json,1097,25,40,37,48.6957,0.0,0.607,OPTIMAL
grid_5x5_31,seed_milpsnap_grid5x5_low.json,1098,25,40,29,48.6957,0.0,0.409,OPTIMAL
grid_5x5_31,seed_milpsnap_grid5x5_low.json,1099,25,40,31,48.6957,0.0,0.414,OPTIMAL
grid_5x5_31,seed_milpsnap_grid5x5_low.json,1100,25,40,31,48.6957,0.0,0.359,OPTIMAL
grid_5x5_31,seed_milpsnap_grid5x5_low.json,1101,25,40,31,45.2174,0.0,0.661,OPTIMAL
grid_5x5_31,seed_milpsnap_grid5x5_low.json,1102,25,40,30,45.2174,0.0,0.754,OPTIMAL
grid_5x5_31,seed_milpsnap_grid5x5_low.json,1103,25,40,30,45.2174,0.0,0.566,OPTIMAL
grid_5x5_31,seed_milpsnap_grid5x5_low.json,1104,25,40,31,45.2174,0.0,0.654,OPTIMAL
grid_5x5_31,seed_milpsnap_grid5x5_low.json,1105,25,40,32,45.2174,0.0,0.586,OPTIMAL
grid_5x5_31,seed_milpsnap_grid5x5_low.json,1106,25,40,30,45.2174,0.0,0.609,OPTIMAL
grid_5x5_31,seed_milpsnap_grid5x5_low.json,1107,25,40,30,45.2174,0.0,0.633,OPTIMAL
grid_5x5_31,seed_milpsnap_grid5x5_low.json,1108,25,40,28,48.6957,0.0,0.395,OPTIMAL
grid_5x5_31,seed_milpsnap_grid5x5_low.json,1109,25,40,27,48.6957,0.0,0.357,OPTIMAL
grid_5x5_31,seed_milpsnap_grid5x5_low.json,1110,25,40,27,48.6957,0.0,0.42,OPTIMAL
grid_5x5_31,seed_milpsnap_grid5x5_low.json,1111,25,40,28,48.6957,0.0,0.399,OPTIMAL
grid_5x5_31,seed_milpsnap_grid5x5_low.json,1112,25,40,33,45.2174,0.0,0.589,OPTIMAL
grid_5x5_31,seed_milpsnap_grid5x5_low.json,1113,25,40,33,45.2174,0.0,0.737,OPTIMAL
grid_5x5_31,seed_milpsnap_grid5x5_low.json,1114,25,40,31,45.2174,0.0,0.696,OPTIMAL
grid_5x5_31,seed_milpsnap_grid5x5_low.json,1115,25,40,29,45.2174,0.0,0.669,OPTIMAL
grid_5x5_31,seed_milpsnap_grid5x5_low.json,1116,25,40,26,45.2174,0.0,0.617,OPTIMAL
grid_5x5_31,seed_milpsnap_grid5x5_low.json,1117,25,40,24,45.2174,0.0,0.506,OPTIMAL
grid_5x5_31,seed_milpsnap_grid5x5_low.json,1118,25,40,25,45.2174,0.0,0.516,OPTIMAL
grid_5x5_31,seed_milpsnap_grid5x5_low.json,1119,25,40,22,48.6957,0.0,0.284,OPTIMAL
grid_5x5_31,seed_milpsnap_grid5x5_low.json,1120,25,40,22,48.6957,0.0,0.325,OPTIMAL
grid_5x5_31,seed_milpsnap_grid5x5_low.json,1121,25,40,24,45.2174,0.0,0.572,OPTIMAL
grid_5x5_31,seed_milpsnap_grid5x5_low.json,1122,25,40,26,45.2174,0.0,0.678,OPTIMAL
grid_5x5_31,seed_milpsnap_grid5x5_low.json,1123,25,40,25,45.2174,0.0,0.627,OPTIMAL
grid_5x5_31,seed_milpsnap_grid5x5_low.json,1124,25,40,28,45.2174,0.0,0.546,OPTIMAL
grid_5x5_31,seed_milpsnap_grid5x5_low.json,1125,25,40,27,45.2174,0.0,0.57,OPTIMAL
grid_5x5_31,seed_milpsnap_grid5x5_low.json,1126,25,40,26,45.2174,0.0,0.614,OPTIMAL
grid_5x5_31,seed_milpsnap_grid5x5_low.json,1127,25,40,21,45.2174,0.0,0.444,OPTIMAL
grid_5x5_31,seed_milpsnap_grid5x5_low.json,1128,25,40,23,45.2174,0.0,0.573,OPTIMAL
grid_5x5_31,seed_milpsnap_grid5x5_low.json,1129,25,40,26,45.2174,0.0,0.639,OPTIMAL
grid_5x5_31,seed_milpsnap_grid5x5_low.json,1130,25,40,27,45.2174,0.0,0.727,OPTIMAL
grid_5x5_31,seed_milpsnap_grid5x5_low.json,1131,25,40,29,45.2174,0.0,0.658,OPTIMAL
grid_5x5_31,seed_milpsnap_grid5x5_low.json,1132,25,40,28,45.2174,0.0,0.538,OPTIMAL
grid_5x5_31,seed_milpsnap_grid5x5_low.json,1133,25,40,29,45.2174,0.0,0.697,OPTIMAL
grid_5x5_31,seed_milpsnap_grid5x5_low.json,1134,25,40,30,45.2174,0.0,0.658,OPTIMAL
grid_5x5_31,seed_milpsnap_grid5x5_low.json,1135,25,40,29,45.2174,0.0,0.606,OPTIMAL
grid_5x5_31,seed_milpsnap_grid5x5_low.json,1136,25,40,31,45.2174,0.0,0.861,OPTIMAL
grid_5x5_31,seed_milpsnap_grid5x5_low.json,1137,25,40,34,48.6957,0.0,0.532,OPTIMAL
grid_5x5_31,seed_milpsnap_grid5x5_low.json,1138,25,40,32,48.6957,0.0,0.586,OPTIMAL
grid_5x5_31,seed_milpsnap_grid5x5_low.json,1139,25,40,35,45.2174,0.0,0.828,OPTIMAL
grid_5x5_31,seed_milpsnap_grid5x5_low.json,1140,25,40,37,45.2174,0.0,1.09,OPTIMAL
grid_5x5_31,seed_milpsnap_grid5x5_low.json,1141,25,40,38,45.2174,0.0,0.781,OPTIMAL
grid_5x5_31,seed_milpsnap_grid5x5_low.json,1142,25,40,35,45.2174,0.0,0.957,OPTIMAL
grid_5x5_31,seed_milpsnap_grid5x5_low.json,1143,25,40,38,45.2174,0.0,0.906,OPTIMAL
grid_5x5_31,seed_milpsnap_grid5x5_low.json,1144,25,40,36,45.2174,0.0,0.82,OPTIMAL
grid_5x5_31,seed_milpsnap_grid5x5_low.json,1145,25,40,35,45.2174,0.0,0.764,OPTIMAL
grid_5x5_31,seed_milpsnap_grid5x5_low.json,1146,25,40,32,45.2174,0.0,0.652,OPTIMAL
grid_5x5_31,seed_milpsnap_grid5x5_low.json,1147,25,40,32,45.2174,0.0,0.862,OPTIMAL
grid_5x5_31,seed_milpsnap_grid5x5_low.json,1148,25,40,31,45.2174,0.0,0.853,OPTIMAL
grid_5x5_31,seed_milpsnap_grid5x5_low.json,1149,25,40,30,45.2174,0.0,0.783,OPTIMAL
grid_5x5_31,seed_milpsnap_grid5x5_low.json,1150,25,40,30,45.2174,0.0,0.614,OPTIMAL
grid_5x5_31,seed_milpsnap_grid5x5_low.json,1151,25,40,26,45.2174,0.0,0.586,OPTIMAL
grid_5x5_31,seed_milpsnap_grid5x5_low.json,1152,25,40,26,45.2174,0.0,0.541,OPTIMAL
grid_5x5_31,seed_milpsnap_grid5x5_low.json,1153,25,40,27,48.6957,0.0,0.396,OPTIMAL
grid_5x5_31,seed_milpsnap_grid5x5_low.json,1154,25,40,25,48.6957,0.0,0.351,OPTIMAL
grid_5x5_31,seed_milpsnap_grid5x5_low.json,1155,25,40,27,48.6957,0.0,0.409,OPTIMAL
grid_5x5_31,seed_milpsnap_grid5x5_low.json,1156,25,40,29,48.6957,0.0,0.41,OPTIMAL
grid_5x5_31,seed_milpsnap_grid5x5_low.json,1157,25,40,31,48.6957,0.0,0.378,OPTIMAL
grid_5x5_31,seed_milpsnap_grid5x5_low.json,1158,25,40,32,48.6957,0.0,0.525,OPTIMAL
grid_5x5_31,seed_milpsnap_grid5x5_low.json,1159,25,40,34,48.6957,0.0,0.55,OPTIMAL
grid_5x5_31,seed_milpsnap_grid5x5_low.json,1160,25,40,36,45.2174,0.0,1.124,OPTIMAL
grid_5x5_31,seed_milpsnap_grid5x5_low.json,1161,25,40,37,45.2174,0.0,0.759,OPTIMAL
grid_5x5_31,seed_milpsnap_grid5x5_low.json,1162,25,40,35,45.2174,0.0,0.777,OPTIMAL
grid_5x5_31,seed_milpsnap_grid5x5_low.json,1163,25,40,37,45.2174,0.0,1.064,OPTIMAL
grid_5x5_31,seed_milpsnap_grid5x5_low.json,1164,25,40,38,45.2174,0.0,0.835,OPTIMAL
grid_5x5_31,seed_milpsnap_grid5x5_low.json,1165,25,40,36,45.2174,0.0,0.663,OPTIMAL
grid_5x5_31,seed_milpsnap_grid5x5_low.json,1166,25,40,38,45.2174,0.0,0.806,OPTIMAL
grid_5x5_31,seed_milpsnap_grid5x5_low.json,1167,25,40,36,45.2174,0.0,0.858,OPTIMAL
grid_5x5_31,seed_milpsnap_grid5x5_low.json,1168,25,40,36,45.2174,0.0,1.087,OPTIMAL
grid_5x5_31,seed_milpsnap_grid5x5_low.json,1169,25,40,35,45.2174,0.0,0.691,OPTIMAL
grid_5x5_31,seed_milpsnap_grid5x5_low.json,1170,25,40,34,45.2174,0.0,0.734,OPTIMAL
grid_5x5_31,seed_milpsnap_grid5x5_low.json,1171,25,40,32,45.2174,0.0,0.769,OPTIMAL
grid_5x5_31,seed_milpsnap_grid5x5_low.json,1172,25,40,32,45.2174,0.0,0.846,OPTIMAL
grid_5x5_31,seed_milpsnap_grid5x5_low.json,1173,25,40,30,45.2174,0.0,0.635,OPTIMAL
grid_5x5_31,seed_milpsnap_grid5x5_low.json,1174,25,40,1,83.4783,0.0,0.012,OPTIMAL
grid_5x5_31,seed_milpsnap_grid5x5_low.json,1175,25,40,2,70.4348,0.0,0.017,OPTIMAL
grid_5x5_31,seed_milpsnap_grid5x5_low.json,1176,25,40,5,55.6522,0.0,0.085,OPTIMAL
grid_5x5_31,seed_milpsnap_grid5x5_low.json,1177,25,40,9,52.1739,0.0,0.17,OPTIMAL
grid_5x5_31,seed_milpsnap_grid5x5_low.json,1178,25,40,12,48.6957,0.0,0.186,OPTIMAL
grid_5x5_31,seed_milpsnap_grid5x5_low.json,1179,25,40,13,48.6957,0.0,0.159,OPTIMAL
grid_5x5_31,seed_milpsnap_grid5x5_low.json,1180,25,40,16,48.6957,0.0,0.182,OPTIMAL
grid_5x5_31,seed_milpsnap_grid5x5_low.json,1181,25,40,18,45.2174,0.0,0.338,OPTIMAL
grid_5x5_31,seed_milpsnap_grid5x5_low.json,1182,25,40,19,45.2174,0.0,0.418,OPTIMAL
grid_5x5_31,seed_milpsnap_grid5x5_low.json,1183,25,40,20,45.2174,0.0,0.489,OPTIMAL
grid_5x5_31,seed_milpsnap_grid5x5_low.json,1184,25,40,23,45.2174,0.0,0.465,OPTIMAL
grid_5x5_31,seed_milpsnap_grid5x5_low.json,1185,25,40,24,45.2174,0.0,0.501,OPTIMAL
grid_5x5_31,seed_milpsnap_grid5x5_low.json,1186,25,40,26,45.2174,0.0,0.702,OPTIMAL
grid_5x5_31,seed_milpsnap_grid5x5_low.json,1187,25,40,31,45.2174,0.0,1.033,OPTIMAL
grid_5x5_31,seed_milpsnap_grid5x5_low.json,1188,25,40,35,45.2174,0.0,0.697,OPTIMAL
grid_5x5_31,seed_milpsnap_grid5x5_low.json,1189,25,40,36,45.2174,0.0,0.753,OPTIMAL
grid_5x5_31,seed_milpsnap_grid5x5_low.json,1190,25,40,35,45.2174,0.0,0.586,OPTIMAL
grid_5x5_31,seed_milpsnap_grid5x5_low.json,1191,25,40,36,45.2174,0.0,1.035,OPTIMAL
grid_5x5_31,seed_milpsnap_grid5x5_low.json,1192,25,40,34,45.2174,0.0,0.917,OPTIMAL
grid_5x5_31,seed_milpsnap_grid5x5_low.json,1193,25,40,32,45.2174,0.0,0.93,OPTIMAL
grid_5x5_31,seed_milpsnap_grid5x5_low.json,1194,25,40,33,45.2174,0.0,0.805,OPTIMAL
grid_5x5_31,seed_milpsnap_grid5x5_low.json,1195,25,40,32,48.6957,0.0,0.541,OPTIMAL
grid_5x5_31,seed_milpsnap_grid5x5_low.json,1196,25,40,32,48.6957,0.0,0.468,OPTIMAL
grid_5x5_31,seed_milpsnap_grid5x5_low.json,1197,25,40,34,48.6957,0.0,0.445,OPTIMAL
grid_5x5_31,seed_milpsnap_grid5x5_low.json,1198,25,40,33,48.6957,0.0,0.532,OPTIMAL
grid_5x5_31,seed_milpsnap_grid5x5_low.json,1199,25,40,31,48.6957,0.0,0.37,OPTIMAL
grid_5x5_31,seed_milpsnap_grid5x5_low.json,1200,25,40,32,48.6957,0.0,0.416,OPTIMAL
grid_5x5_31,seed_milpsnap_grid5x5_low.json,1201,25,40,34,48.6957,0.0,0.523,OPTIMAL
grid_5x5_31,seed_milpsnap_grid5x5_low.json,1202,25,40,31,45.2174,0.0,0.809,OPTIMAL
grid_5x5_31,seed_milpsnap_grid5x5_low.json,1203,25,40,28,45.2174,0.0,0.648,OPTIMAL
grid_5x5_31,seed_milpsnap_grid5x5_low.json,1204,25,40,28,45.2174,0.0,0.679,OPTIMAL
grid_5x5_31,seed_milpsnap_grid5x5_low.json,1205,25,40,27,45.2174,0.0,0.484,OPTIMAL
grid_5x5_31,seed_milpsnap_grid5x5_low.json,1206,25,40,28,45.2174,0.0,0.828,OPTIMAL
grid_5x5_31,seed_milpsnap_grid5x5_low.json,1207,25,40,31,45.2174,0.0,0.846,OPTIMAL
grid_5x5_31,seed_milpsnap_grid5x5_low.json,1208,25,40,32,45.2174,0.0,0.789,OPTIMAL
grid_5x5_31,seed_milpsnap_grid5x5_low.json,1209,25,40,32,45.2174,0.0,0.933,OPTIMAL
grid_5x5_31,seed_milpsnap_grid5x5_low.json,1210,25,40,30,45.2174,0.0,0.884,OPTIMAL
grid_5x5_31,seed_milpsnap_grid5x5_low.json,1211,25,40,29,45.2174,0.0,0.693,OPTIMAL
grid_5x5_31,seed_milpsnap_grid5x5_low.json,1212,25,40,28,45.2174,0.0,0.609,OPTIMAL
grid_5x5_31,seed_milpsnap_grid5x5_low.json,1213,25,40,29,45.2174,0.0,0.795,OPTIMAL
grid_5x5_31,seed_milpsnap_grid5x5_low.json,1214,25,40,29,45.2174,0.0,0.633,OPTIMAL
grid_5x5_31,seed_milpsnap_grid5x5_low.json,1215,25,40,29,45.2174,0.0,0.885,OPTIMAL
grid_5x5_31,seed_milpsnap_grid5x5_low.json,1216,25,40,26,45.2174,0.0,0.562,OPTIMAL
grid_5x5_31,seed_milpsnap_grid5x5_low.json,1217,25,40,25,45.2174,0.0,0.547,OPTIMAL
grid_5x5_31,seed_milpsnap_grid5x5_low.json,1218,25,40,25,45.2174,0.0,0.561,OPTIMAL
grid_5x5_31,seed_milpsnap_grid5x5_low.json,1219,25,40,28,45.2174,0.0,0.533,OPTIMAL
grid_5x5_31,seed_milpsnap_grid5x5_low.json,1220,25,40,30,45.2174,0.0,0.858,OPTIMAL
grid_5x5_31,seed_milpsnap_grid5x5_low.json,1221,25,40,28,45.2174,0.0,0.458,OPTIMAL
grid_5x5_31,seed_milpsnap_grid5x5_low.json,1222,25,40,25,45.2174,0.0,0.573,OPTIMAL
grid_5x5_31,seed_milpsnap_grid5x5_low.json,1223,25,40,28,45.2174,0.0,0.639,OPTIMAL
grid_5x5_31,seed_milpsnap_grid5x5_low.json,1224,25,40,28,45.2174,0.0,0.684,OPTIMAL
grid_5x5_31,seed_milpsnap_grid5x5_low.json,1225,25,40,30,45.2174,0.0,0.862,OPTIMAL
grid_5x5_31,seed_milpsnap_grid5x5_low.json,1226,25,40,32,45.2174,0.0,0.876,OPTIMAL
grid_5x5_31,seed_milpsnap_grid5x5_low.json,1227,25,40,33,45.2174,0.0,0.891,OPTIMAL
grid_5x5_31,seed_milpsnap_grid5x5_low.json,1228,25,40,38,45.2174,0.0,0.973,OPTIMAL
grid_5x5_31,seed_milpsnap_grid5x5_low.json,1229,25,40,40,45.2174,0.0,0.754,OPTIMAL
grid_5x5_31,seed_milpsnap_grid5x5_low.json,1230,25,40,40,45.2174,0.0,1.339,OPTIMAL
grid_5x5_31,seed_milpsnap_grid5x5_low.json,1231,25,40,41,45.2174,0.0,1.193,OPTIMAL
grid_5x5_31,seed_milpsnap_grid5x5_low.json,1232,25,40,39,45.2174,0.0,0.758,OPTIMAL
grid_5x5_31,seed_milpsnap_grid5x5_low.json,1233,25,40,41,45.2174,0.0,0.854,OPTIMAL
grid_5x5_31,seed_milpsnap_grid5x5_low.json,1234,25,40,38,45.2174,0.0,1.082,OPTIMAL
grid_5x5_31,seed_milpsnap_grid5x5_low.json,1235,25,40,38,45.2174,0.0,0.766,OPTIMAL
grid_5x5_31,seed_milpsnap_grid5x5_low.json,1236,25,40,38,45.2174,0.0,1.005,OPTIMAL
grid_5x5_31,seed_milpsnap_grid5x5_low.json,1237,25,40,38,45.2174,0.0,0.889,OPTIMAL
grid_5x5_31,seed_milpsnap_grid5x5_low.json,1238,25,40,36,45.2174,0.0,0.829,OPTIMAL
grid_5x5_31,seed_milpsnap_grid5x5_low.json,1239,25,40,35,45.2174,0.0,0.594,OPTIMAL
grid_5x5_31,seed_milpsnap_grid5x5_low.json,1240,25,40,34,45.2174,0.0,0.751,OPTIMAL
grid_5x5_31,seed_milpsnap_grid5x5_low.json,1241,25,40,38,45.2174,0.0,0.823,OPTIMAL
grid_5x5_31,seed_milpsnap_grid5x5_low.json,1242,25,40,34,45.2174,0.0,0.998,OPTIMAL
grid_5x5_31,seed_milpsnap_grid5x5_low.json,1243,25,40,36,45.2174,0.0,0.681,OPTIMAL
grid_5x5_31,seed_milpsnap_grid5x5_low.json,1244,25,40,34,45.2174,0.0,0.898,OPTIMAL
grid_5x5_31,seed_milpsnap_grid5x5_low.json,1245,25,40,37,45.2174,0.0,1.051,OPTIMAL
grid_5x5_31,seed_milpsnap_grid5x5_low.json,1246,25,40,33,45.2174,0.0,0.578,OPTIMAL
grid_5x5_31,seed_milpsnap_grid5x5_low.json,1247,25,40,38,45.2174,0.0,0.795,OPTIMAL
grid_5x5_31,seed_milpsnap_grid5x5_low.json,1248,25,40,35,45.2174,0.0,0.685,OPTIMAL
grid_5x5_31,seed_milpsnap_grid5x5_low.json,1249,25,40,38,45.2174,0.0,0.968,OPTIMAL
grid_5x5_31,seed_milpsnap_grid5x5_low.json,1250,25,40,38,45.2174,0.0,1.295,OPTIMAL
grid_5x5_31,seed_milpsnap_grid5x5_low.json,1251,25,40,36,45.2174,0.0,0.663,OPTIMAL
grid_5x5_31,seed_milpsnap_grid5x5_low.json,1252,25,40,40,45.2174,0.0,0.848,OPTIMAL
grid_5x5_31,seed_milpsnap_grid5x5_low.json,1253,25,40,40,45.2174,0.0,0.877,OPTIMAL
grid_5x5_31,seed_milpsnap_grid5x5_low.json,1254,25,40,39,45.2174,0.0,0.875,OPTIMAL
grid_5x5_31,seed_milpsnap_grid5x5_low.json,1255,25,40,34,45.2174,0.0,0.804,OPTIMAL
grid_5x5_31,seed_milpsnap_grid5x5_low.json,1256,25,40,33,45.2174,0.0,0.645,OPTIMAL
grid_5x5_31,seed_milpsnap_grid5x5_low.json,1257,25,40,30,45.2174,0.0,0.66,OPTIMAL
grid_5x5_31,seed_milpsnap_grid5x5_low.json,1258,25,40,33,45.2174,0.0,0.82,OPTIMAL
grid_5x5_31,seed_milpsnap_grid5x5_low.json,1259,25,40,30,45.2174,0.0,0.73,OPTIMAL
grid_5x5_31,seed_milpsnap_grid5x5_low.json,1260,25,40,31,45.2174,0.0,0.68,OPTIMAL
grid_5x5_31,seed_milpsnap_grid5x5_low.json,1261,25,40,32,45.2174,0.0,0.751,OPTIMAL
grid_5x5_31,seed_milpsnap_grid5x5_low.json,1262,25,40,29,45.2174,0.0,0.692,OPTIMAL
grid_5x5_31,seed_milpsnap_grid5x5_low.json,1263,25,40,30,45.2174,0.0,0.604,OPTIMAL
grid_5x5_31,seed_milpsnap_grid5x5_low.json,1264,25,40,27,45.2174,0.0,0.734,OPTIMAL
grid_5x5_31,seed_milpsnap_grid5x5_low.json,1265,25,40,28,45.2174,0.0,0.784,OPTIMAL
grid_5x5_31,seed_milpsnap_grid5x5_low.json,1266,25,40,26,45.2174,0.0,0.66,OPTIMAL
grid_5x5_31,seed_milpsnap_grid5x5_low.json,1267,25,40,23,45.2174,0.0,0.485,OPTIMAL
grid_5x5_31,seed_milpsnap_grid5x5_low.json,1268,25,40,25,45.2174,0.0,0.469,OPTIMAL
grid_5x5_31,seed_milpsnap_grid5x5_low.json,1269,25,40,25,45.2174,0.0,0.463,OPTIMAL
grid_5x5_31,seed_milpsnap_grid5x5_low.json,1270,25,40,23,48.6957,0.0,0.335,OPTIMAL
grid_5x5_31,seed_milpsnap_grid5x5_low.json,1271,25,40,24,48.6957,0.0,0.26,OPTIMAL
grid_5x5_31,seed_milpsnap_grid5x5_low.json,1272,25,40,23,48.6957,0.0,0.262,OPTIMAL
grid_5x5_31,seed_milpsnap_grid5x5_low.json,1273,25,40,20,48.6957,0.0,0.247,OPTIMAL
grid_5x5_31,seed_milpsnap_grid5x5_low.json,1274,25,40,20,48.6957,0.0,0.255,OPTIMAL
grid_5x5_31,seed_milpsnap_grid5x5_low.json,1275,25,40,20,48.6957,0.0,0.217,OPTIMAL
grid_5x5_31,seed_milpsnap_grid5x5_low.json,1276,25,40,21,48.6957,0.0,0.337,OPTIMAL
grid_5x5_31,seed_milpsnap_grid5x5_low.json,1277,25,40,19,48.6957,0.0,0.289,OPTIMAL
grid_5x5_31,seed_milpsnap_grid5x5_low.json,1278,25,40,21,48.6957,0.0,0.258,OPTIMAL
grid_5x5_31,seed_milpsnap_grid5x5_low.json,1279,25,40,24,48.6957,0.0,0.346,OPTIMAL
grid_5x5_31,seed_milpsnap_grid5x5_low.json,1280,25,40,21,48.6957,0.0,0.282,OPTIMAL
grid_5x5_31,seed_milpsnap_grid5x5_low.json,1281,25,40,23,48.6957,0.0,0.329,OPTIMAL
grid_5x5_31,seed_milpsnap_grid5x5_low.json,1282,25,40,23,45.2174,0.0,0.442,OPTIMAL
grid_5x5_31,seed_milpsnap_grid5x5_low.json,1283,25,40,23,48.6957,0.0,0.24,OPTIMAL
grid_5x5_31,seed_milpsnap_grid5x5_low.json,1284,25,40,24,48.6957,0.0,0.29,OPTIMAL
grid_5x5_31,seed_milpsnap_grid5x5_low.json,1285,25,40,26,45.2174,0.0,0.541,OPTIMAL
grid_5x5_31,seed_milpsnap_grid5x5_low.json,1286,25,40,26,45.2174,0.0,0.492,OPTIMAL
grid_5x5_31,seed_milpsnap_grid5x5_low.json,1287,25,40,27,45.2174,0.0,0.754,OPTIMAL
grid_5x5_31,seed_milpsnap_grid5x5_low.json,1288,25,40,33,45.2174,0.0,0.868,OPTIMAL
grid_5x5_31,seed_milpsnap_grid5x5_low.json,1289,25,40,32,45.2174,0.0,0.889,OPTIMAL
grid_5x5_31,seed_milpsnap_grid5x5_low.json,1290,25,40,31,45.2174,0.0,0.591,OPTIMAL
grid_5x5_31,seed_milpsnap_grid5x5_low.json,1291,25,40,30,45.2174,0.0,0.949,OPTIMAL
grid_5x5_31,seed_milpsnap_grid5x5_low.json,1292,25,40,31,45.2174,0.0,0.626,OPTIMAL
grid_5x5_31,seed_milpsnap_grid5x5_low.json,1293,25,40,32,45.2174,0.0,0.649,OPTIMAL
grid_5x5_31,seed_milpsnap_grid5x5_low.json,1294,25,40,31,48.6957,0.0,0.505,OPTIMAL
grid_5x5_31,seed_milpsnap_grid5x5_low.json,1295,25,40,33,48.6957,0.0,0.418,OPTIMAL
grid_5x5_31,seed_milpsnap_grid5x5_low.json,1296,25,40,34,45.2174,0.0,0.998,OPTIMAL
grid_5x5_31,seed_milpsnap_grid5x5_low.json,1297,25,40,34,45.2174,0.0,0.939,OPTIMAL
grid_5x5_31,seed_milpsnap_grid5x5_low.json,1298,25,40,32,45.2174,0.0,0.712,OPTIMAL
grid_5x5_31,seed_milpsnap_grid5x5_low.json,1299,25,40,33,45.2174,0.0,0.709,OPTIMAL
grid_5x5_31,seed_milpsnap_grid5x5_low.json,1300,25,40,34,45.2174,0.0,0.719,OPTIMAL
grid_5x5_31,seed_milpsnap_grid5x5_low.json,1301,25,40,32,45.2174,0.0,0.844,OPTIMAL
grid_5x5_31,seed_milpsnap_grid5x5_low.json,1302,25,40,32,45.2174,0.0,0.933,OPTIMAL
grid_5x5_31,seed_milpsnap_grid5x5_low.json,1303,25,40,28,45.2174,0.0,0.856,OPTIMAL
grid_5x5_31,seed_milpsnap_grid5x5_low.json,1304,25,40,29,45.2174,0.0,0.73,OPTIMAL
grid_5x5_31,seed_milpsnap_grid5x5_low.json,1305,25,40,31,45.2174,0.0,0.621,OPTIMAL
grid_5x5_31,seed_milpsnap_grid5x5_low.json,1306,25,40,31,45.2174,0.0,0.935,OPTIMAL
grid_5x5_31,seed_milpsnap_grid5x5_low.json,1307,25,40,31,45.2174,0.0,0.971,OPTIMAL
grid_5x5_31,seed_milpsnap_grid5x5_low.json,1308,25,40,29,45.2174,0.0,0.589,OPTIMAL
grid_5x5_31,seed_milpsnap_grid5x5_low.json,1309,25,40,28,45.2174,0.0,0.543,OPTIMAL
grid_5x5_31,seed_milpsnap_grid5x5_low.json,1310,25,40,27,48.6957,0.0,0.442,OPTIMAL
grid_5x5_31,seed_milpsnap_grid5x5_low.json,1311,25,40,25,48.6957,0.0,0.355,OPTIMAL
grid_5x5_31,seed_milpsnap_grid5x5_low.json,1312,25,40,28,48.6957,0.0,0.38,OPTIMAL
grid_5x5_31,seed_milpsnap_grid5x5_low.json,1313,25,40,27,48.6957,0.0,0.303,OPTIMAL
grid_5x5_31,seed_milpsnap_grid5x5_low.json,1314,25,40,27,48.6957,0.0,0.43,OPTIMAL
grid_5x5_31,seed_milpsnap_grid5x5_low.json,1315,25,40,24,48.6957,0.0,0.42,OPTIMAL
grid_5x5_31,seed_milpsnap_grid5x5_low.json,1316,25,40,25,48.6957,0.0,0.314,OPTIMAL
grid_5x5_31,seed_milpsnap_grid5x5_low.json,1317,25,40,23,48.6957,0.0,0.263,OPTIMAL
grid_5x5_31,seed_milpsnap_grid5x5_low.json,1318,25,40,23,48.6957,0.0,0.389,OPTIMAL
grid_5x5_31,seed_milpsnap_grid5x5_low.json,1319,25,40,24,45.2174,0.0,0.486,OPTIMAL
grid_5x5_31,seed_milpsnap_grid5x5_low.json,1320,25,40,24,45.2174,0.0,0.447,OPTIMAL
grid_5x5_31,seed_milpsnap_grid5x5_low.json,1321,25,40,1,76.5217,0.0,0.019,OPTIMAL
grid_5x5_31,seed_milpsnap_grid5x5_low.json,1322,25,40,3,66.9565,0.0,0.048,OPTIMAL
grid_5x5_31,seed_milpsnap_grid5x5_low.json,1323,25,40,4,59.1304,0.0,0.08,OPTIMAL
grid_5x5_31,seed_milpsnap_grid5x5_low.json,1324,25,40,5,59.1304,0.0,0.079,OPTIMAL
grid_5x5_31,seed_milpsnap_grid5x5_low.json,1325,25,40,7,55.6522,0.0,0.164,OPTIMAL
grid_5x5_31,seed_milpsnap_grid5x5_low.json,1326,25,40,9,52.1739,0.0,0.193,OPTIMAL
grid_5x5_31,seed_milpsnap_grid5x5_low.json,1327,25,40,12,52.1739,0.0,0.119,OPTIMAL
grid_5x5_31,seed_milpsnap_grid5x5_low.json,1328,25,40,13,52.1739,0.0,0.136,OPTIMAL
grid_5x5_31,seed_milpsnap_grid5x5_low.json,1329,25,40,15,45.2174,0.0,0.404,OPTIMAL
grid_5x5_31,seed_milpsnap_grid5x5_low.json,1330,25,40,19,45.2174,0.0,0.381,OPTIMAL
grid_5x5_31,seed_milpsnap_grid5x5_low.json,1331,25,40,24,45.2174,0.0,0.578,OPTIMAL
grid_5x5_31,seed_milpsnap_grid5x5_low.json,1332,25,40,26,45.2174,0.0,0.439,OPTIMAL
grid_5x5_31,seed_milpsnap_grid5x5_low.json,1333,25,40,28,45.2174,0.0,0.715,OPTIMAL
grid_5x5_31,seed_milpsnap_grid5x5_low.json,1334,25,40,27,48.6957,0.0,0.411,OPTIMAL
grid_5x5_31,seed_milpsnap_grid5x5_low.json,1335,25,40,26,48.6957,0.0,0.391,OPTIMAL
grid_5x5_31,seed_milpsnap_grid5x5_low.json,1336,25,40,31,48.6957,0.0,0.351,OPTIMAL
grid_5x5_31,seed_milpsnap_grid5x5_low.json,1337,25,40,29,48.6957,0.0,0.319,OPTIMAL
grid_5x5_31,seed_milpsnap_grid5x5_low.json,1338,25,40,27,48.6957,0.0,0.448,OPTIMAL
grid_5x5_31,seed_milpsnap_grid5x5_low.json,1339,25,40,31,48.6957,0.0,0.448,OPTIMAL
grid_5x5_31,seed_milpsnap_grid5x5_low.json,1340,25,40,30,45.2174,0.0,0.642,OPTIMAL
grid_5x5_31,seed_milpsnap_grid5x5_low.json,1341,25,40,29,45.2174,0.0,0.838,OPTIMAL
grid_5x5_31,seed_milpsnap_grid5x5_low.json,1342,25,40,27,45.2174,0.0,0.674,OPTIMAL
grid_5x5_31,seed_milpsnap_grid5x5_low.json,1343,25,40,24,45.2174,0.0,0.547,OPTIMAL
grid_5x5_31,seed_milpsnap_grid5x5_low.json,1344,25,40,20,48.6957,0.0,0.336,OPTIMAL
grid_5x5_31,seed_milpsnap_grid5x5_low.json,1345,25,40,23,48.6957,0.0,0.251,OPTIMAL
grid_5x5_31,seed_milpsnap_grid5x5_low.json,1346,25,40,21,48.6957,0.0,0.249,OPTIMAL
grid_5x5_31,seed_milpsnap_grid5x5_low.json,1347,25,40,18,48.6957,0.0,0.189,OPTIMAL
grid_5x5_31,seed_milpsnap_grid5x5_low.json,1348,25,40,17,48.6957,0.0,0.282,OPTIMAL
grid_5x5_31,seed_milpsnap_grid5x5_low.json,1349,25,40,19,45.2174,0.0,0.451,OPTIMAL
grid_5x5_31,seed_milpsnap_grid5x5_low.json,1350,25,40,16,45.2174,0.0,0.478,OPTIMAL
grid_5x5_31,seed_milpsnap_grid5x5_low.json,1351,25,40,17,45.2174,0.0,0.369,OPTIMAL
grid_5x5_31,seed_milpsnap_grid5x5_low.json,1352,25,40,21,45.2174,0.0,0.496,OPTIMAL
grid_5x5_31,seed_milpsnap_grid5x5_low.json,1353,25,40,17,48.6957,0.0,0.227,OPTIMAL
grid_5x5_31,seed_milpsnap_grid5x5_low.json,1354,25,40,20,48.6957,0.0,0.273,OPTIMAL
grid_5x5_31,seed_milpsnap_grid5x5_low.json,1355,25,40,18,48.6957,0.0,0.215,OPTIMAL
grid_5x5_31,seed_milpsnap_grid5x5_low.json,1356,25,40,23,45.2174,0.0,0.462,OPTIMAL
grid_5x5_31,seed_milpsnap_grid5x5_low.json,1357,25,40,25,45.2174,0.0,0.567,OPTIMAL
grid_5x5_31,seed_milpsnap_grid5x5_low.json,1358,25,40,24,45.2174,0.0,0.418,OPTIMAL
grid_5x5_31,seed_milpsnap_grid5x5_low.json,1359,25,40,26,45.2174,0.0,0.593,OPTIMAL
grid_5x5_31,seed_milpsnap_grid5x5_low.json,1360,25,40,24,48.6957,0.0,0.267,OPTIMAL
grid_5x5_31,seed_milpsnap_grid5x5_low.json,1361,25,40,25,48.6957,0.0,0.39,OPTIMAL
grid_5x5_31,seed_milpsnap_grid5x5_low.json,1362,25,40,27,48.6957,0.0,0.367,OPTIMAL
grid_5x5_31,seed_milpsnap_grid5x5_low.json,1363,25,40,29,45.2174,0.0,0.777,OPTIMAL
grid_5x5_31,seed_milpsnap_grid5x5_low.json,1364,25,40,27,45.2174,0.0,0.708,OPTIMAL
grid_5x5_31,seed_milpsnap_grid5x5_low.json,1365,25,40,25,45.2174,0.0,0.608,OPTIMAL
grid_5x5_31,seed_milpsnap_grid5x5_low.json,1366,25,40,27,45.2174,0.0,0.805,OPTIMAL
grid_5x5_31,seed_milpsnap_grid5x5_low.json,1367,25,40,24,45.2174,0.0,0.538,OPTIMAL
grid_5x5_31,seed_milpsnap_grid5x5_low.json,1368,25,40,26,45.2174,0.0,0.662,OPTIMAL
grid_5x5_31,seed_milpsnap_grid5x5_low.json,1369,25,40,27,45.2174,0.0,0.538,OPTIMAL
grid_5x5_31,seed_milpsnap_grid5x5_low.json,1370,25,40,29,45.2174,0.0,0.625,OPTIMAL
grid_5x5_31,seed_milpsnap_grid5x5_low.json,1371,25,40,25,45.2174,0.0,0.696,OPTIMAL
grid_5x5_31,seed_milpsnap_grid5x5_low.json,1372,25,40,26,45.2174,0.0,0.632,OPTIMAL
grid_5x5_31,seed_milpsnap_grid5x5_low.json,1373,25,40,29,45.2174,0.0,0.484,OPTIMAL
grid_5x5_31,seed_milpsnap_grid5x5_low.json,1374,25,40,26,45.2174,0.0,0.594,OPTIMAL
grid_5x5_31,seed_milpsnap_grid5x5_low.json,1375,25,40,25,45.2174,0.0,0.534,OPTIMAL
grid_5x5_31,seed_milpsnap_grid5x5_low.json,1376,25,40,26,48.6957,0.0,0.355,OPTIMAL
grid_5x5_31,seed_milpsnap_grid5x5_low.json,1377,25,40,27,48.6957,0.0,0.426,OPTIMAL
grid_5x5_31,seed_milpsnap_grid5x5_low.json,1378,25,40,27,48.6957,0.0,0.314,OPTIMAL
grid_5x5_31,seed_milpsnap_grid5x5_low.json,1379,25,40,28,48.6957,0.0,0.36,OPTIMAL
grid_5x5_31,seed_milpsnap_grid5x5_low.json,1380,25,40,29,48.6957,0.0,0.342,OPTIMAL
grid_5x5_31,seed_milpsnap_grid5x5_low.json,1381,25,40,29,48.6957,0.0,0.504,OPTIMAL
grid_5x5_31,seed_milpsnap_grid5x5_low.json,1382,25,40,29,48.6957,0.0,0.526,OPTIMAL
grid_5x5_31,seed_milpsnap_grid5x5_low.json,1383,25,40,29,48.6957,0.0,0.525,OPTIMAL
grid_5x5_31,seed_milpsnap_grid5x5_low.json,1384,25,40,27,48.6957,0.0,0.334,OPTIMAL
grid_5x5_31,seed_milpsnap_grid5x5_low.json,1385,25,40,25,48.6957,0.0,0.341,OPTIMAL
grid_5x5_31,seed_milpsnap_grid5x5_low.json,1386,25,40,27,48.6957,0.0,0.456,OPTIMAL
grid_5x5_31,seed_milpsnap_grid5x5_low.json,1387,25,40,25,48.6957,0.0,0.341,OPTIMAL
grid_5x5_31,seed_milpsnap_grid5x5_low.json,1388,25,40,23,48.6957,0.0,0.277,OPTIMAL
grid_5x5_31,seed_milpsnap_grid5x5_low.json,1389,25,40,25,45.2174,0.0,0.551,OPTIMAL
grid_5x5_31,seed_milpsnap_grid5x5_low.json,1390,25,40,29,45.2174,0.0,0.617,OPTIMAL
grid_5x5_31,seed_milpsnap_grid5x5_low.json,1391,25,40,30,45.2174,0.0,0.857,OPTIMAL
grid_5x5_31,seed_milpsnap_grid5x5_low.json,1392,25,40,30,45.2174,0.0,0.701,OPTIMAL
grid_5x5_31,seed_milpsnap_grid5x5_low.json,1393,25,40,30,45.2174,0.0,0.576,OPTIMAL
grid_5x5_31,seed_milpsnap_grid5x5_low.json,1394,25,40,30,45.2174,0.0,0.617,OPTIMAL
grid_5x5_31,seed_milpsnap_grid5x5_low.json,1395,25,40,31,45.2174,0.0,0.829,OPTIMAL
grid_5x5_31,seed_milpsnap_grid5x5_low.json,1396,25,40,30,45.2174,0.0,0.851,OPTIMAL
grid_5x5_31,seed_milpsnap_grid5x5_low.json,1397,25,40,30,45.2174,0.0,0.706,OPTIMAL
grid_5x5_31,seed_milpsnap_grid5x5_low.json,1398,25,40,28,45.2174,0.0,0.539,OPTIMAL
grid_5x5_31,seed_milpsnap_grid5x5_low.json,1399,25,40,29,45.2174,0.0,0.893,OPTIMAL
grid_5x5_31,seed_milpsnap_grid5x5_low.json,1400,25,40,31,45.2174,0.0,0.633,OPTIMAL
grid_5x5_31,seed_milpsnap_grid5x5_low.json,1401,25,40,30,45.2174,0.0,0.587,OPTIMAL
grid_5x5_31,seed_milpsnap_grid5x5_low.json,1402,25,40,30,45.2174,0.0,0.921,OPTIMAL
grid_5x5_31,seed_milpsnap_grid5x5_low.json,1403,25,40,31,45.2174,0.0,0.929,OPTIMAL
grid_5x5_31,seed_milpsnap_grid5x5_low.json,1404,25,40,29,45.2174,0.0,0.576,OPTIMAL
grid_5x5_31,seed_milpsnap_grid5x5_low.json,1405,25,40,26,45.2174,0.0,0.515,OPTIMAL
grid_5x5_31,seed_milpsnap_grid5x5_low.json,1406,25,40,26,45.2174,0.0,0.452,OPTIMAL
grid_5x5_31,seed_milpsnap_grid5x5_low.json,1407,25,40,23,45.2174,0.0,0.499,OPTIMAL
grid_5x5_31,seed_milpsnap_grid5x5_low.json,1408,25,40,24,45.2174,0.0,0.538,OPTIMAL
grid_5x5_31,seed_milpsnap_grid5x5_low.json,1409,25,40,26,45.2174,0.0,0.698,OPTIMAL
grid_5x5_31,seed_milpsnap_grid5x5_low.json,1410,25,40,23,45.2174,0.0,0.599,OPTIMAL
grid_5x5_31,seed_milpsnap_grid5x5_low.json,1411,25,40,24,45.2174,0.0,0.674,OPTIMAL
grid_5x5_31,seed_milpsnap_grid5x5_low.json,1412,25,40,27,45.2174,0.0,0.615,OPTIMAL
grid_5x5_31,seed_milpsnap_grid5x5_low.json,1413,25,40,28,45.2174,0.0,0.597,OPTIMAL
grid_5x5_31,seed_milpsnap_grid5x5_low.json,1414,25,40,28,45.2174,0.0,0.921,OPTIMAL
grid_5x5_31,seed_milpsnap_grid5x5_low.json,1415,25,40,27,45.2174,0.0,0.543,OPTIMAL
grid_5x5_31,seed_milpsnap_grid5x5_low.json,1416,25,40,26,45.2174,0.0,0.469,OPTIMAL
grid_5x5_31,seed_milpsnap_grid5x5_low.json,1417,25,40,27,45.2174,0.0,0.526,OPTIMAL
grid_5x5_31,seed_milpsnap_grid5x5_low.json,1418,25,40,30,45.2174,0.0,0.542,OPTIMAL
grid_5x5_31,seed_milpsnap_grid5x5_low.json,1419,25,40,31,45.2174,0.0,0.699,OPTIMAL
grid_5x5_31,seed_milpsnap_grid5x5_low.json,1420,25,40,34,45.2174,0.0,0.656,OPTIMAL
grid_5x5_31,seed_milpsnap_grid5x5_low.json,1421,25,40,33,45.2174,0.0,0.707,OPTIMAL
grid_5x5_31,seed_milpsnap_grid5x5_low.json,1422,25,40,36,45.2174,0.0,1.163,OPTIMAL
grid_5x5_31,seed_milpsnap_grid5x5_low.json,1423,25,40,34,45.2174,0.0,1.007,OPTIMAL
grid_5x5_31,seed_milpsnap_grid5x5_low.json,1424,25,40,32,45.2174,0.0,0.897,OPTIMAL
grid_5x5_31,seed_milpsnap_grid5x5_low.json,1425,25,40,34,45.2174,0.0,0.834,OPTIMAL
grid_5x5_31,seed_milpsnap_grid5x5_low.json,1426,25,40,33,45.2174,0.0,0.65,OPTIMAL
grid_5x5_31,seed_milpsnap_grid5x5_low.json,1427,25,40,32,45.2174,0.0,0.592,OPTIMAL
grid_5x5_31,seed_milpsnap_grid5x5_low.json,1428,25,40,34,45.2174,0.0,0.529,OPTIMAL
grid_5x5_31,seed_milpsnap_grid5x5_low.json,1429,25,40,34,45.2174,0.0,0.739,OPTIMAL
grid_5x5_31,seed_milpsnap_grid5x5_low.json,1430,25,40,35,45.2174,0.0,0.687,OPTIMAL
grid_5x5_31,seed_milpsnap_grid5x5_low.json,1431,25,40,36,45.2174,0.0,0.69,OPTIMAL
grid_5x5_31,seed_milpsnap_grid5x5_low.json,1432,25,40,38,45.2174,0.0,1.299,OPTIMAL
grid_5x5_31,seed_milpsnap_grid5x5_low.json,1433,25,40,36,45.2174,0.0,0.726,OPTIMAL
grid_5x5_31,seed_milpsnap_grid5x5_low.json,1434,25,40,37,45.2174,0.0,0.761,OPTIMAL
grid_5x5_31,seed_milpsnap_grid5x5_low.json,1435,25,40,35,45.2174,0.0,0.945,OPTIMAL
grid_5x5_31,seed_milpsnap_grid5x5_low.json,1436,25,40,36,45.2174,0.0,0.728,OPTIMAL
grid_5x5_31,seed_milpsnap_grid5x5_low.json,1437,25,40,35,45.2174,0.0,0.958,OPTIMAL
grid_5x5_31,seed_milpsnap_grid5x5_low.json,1438,25,40,34,45.2174,0.0,0.746,OPTIMAL
grid_5x5_31,seed_milpsnap_grid5x5_low.json,1439,25,40,33,45.2174,0.0,0.669,OPTIMAL
grid_5x5_31,seed_milpsnap_grid5x5_low.json,1440,25,40,34,45.2174,0.0,0.696,OPTIMAL
grid_5x5_31,seed_milpsnap_grid5x5_low.json,1441,25,40,35,45.2174,0.0,0.73,OPTIMAL
grid_5x5_31,seed_milpsnap_grid5x5_low.json,1442,25,40,34,45.2174,0.0,0.663,OPTIMAL
grid_5x5_31,seed_milpsnap_grid5x5_low.json,1443,25,40,36,45.2174,0.0,0.768,OPTIMAL
grid_5x5_31,seed_milpsnap_grid5x5_low.json,1444,25,40,34,45.2174,0.0,0.791,OPTIMAL
grid_5x5_31,seed_milpsnap_grid5x5_low.json,1445,25,40,35,45.2174,0.0,0.65,OPTIMAL
grid_5x5_31,seed_milpsnap_grid5x5_low.json,1446,25,40,38,45.2174,0.0,0.999,OPTIMAL
grid_5x5_31,seed_milpsnap_grid5x5_low.json,1447,25,40,36,45.2174,0.0,0.666,OPTIMAL
grid_5x5_31,seed_milpsnap_grid5x5_low.json,1448,25,40,36,45.2174,0.0,0.67,OPTIMAL
grid_5x5_31,seed_milpsnap_grid5x5_low.json,1449,25,40,36,45.2174,0.0,1.286,OPTIMAL
grid_5x5_31,seed_milpsnap_grid5x5_low.json,1450,25,40,37,45.2174,0.0,0.657,OPTIMAL
grid_5x5_31,seed_milpsnap_grid5x5_low.json,1451,25,40,34,45.2174,0.0,0.758,OPTIMAL
grid_5x5_31,seed_milpsnap_grid5x5_low.json,1452,25,40,34,45.2174,0.0,0.775,OPTIMAL
grid_5x5_31,seed_milpsnap_grid5x5_low.json,1453,25,40,37,45.2174,0.0,0.802,OPTIMAL
grid_5x5_31,seed_milpsnap_grid5x5_low.json,1454,25,40,38,45.2174,0.0,0.924,OPTIMAL
grid_5x5_31,seed_milpsnap_grid5x5_low.json,1455,25,40,37,45.2174,0.0,0.844,OPTIMAL
grid_5x5_31,seed_milpsnap_grid5x5_low.json,1456,25,40,37,45.2174,0.0,0.7,OPTIMAL
grid_5x5_31,seed_milpsnap_grid5x5_low.json,1457,25,40,37,45.2174,0.0,0.88,OPTIMAL
grid_5x5_31,seed_milpsnap_grid5x5_low.json,1458,25,40,34,45.2174,0.0,1.104,OPTIMAL
grid_5x5_31,seed_milpsnap_grid5x5_low.json,1459,25,40,36,45.2174,0.0,0.692,OPTIMAL
grid_5x5_31,seed_milpsnap_grid5x5_low.json,1460,25,40,35,45.2174,0.0,0.825,OPTIMAL
grid_5x5_31,seed_milpsnap_grid5x5_low.json,1461,25,40,31,45.2174,0.0,0.963,OPTIMAL
grid_5x5_31,seed_milpsnap_grid5x5_low.json,1462,25,40,29,45.2174,0.0,0.592,OPTIMAL
grid_5x5_31,seed_milpsnap_grid5x5_low.json,1463,25,40,27,45.2174,0.0,0.628,OPTIMAL
grid_5x5_31,seed_milpsnap_grid5x5_low.json,1464,25,40,26,45.2174,0.0,0.581,OPTIMAL
grid_5x5_31,seed_milpsnap_grid5x5_low.json,1465,25,40,27,45.2174,0.0,0.723,OPTIMAL
grid_5x5_31,seed_milpsnap_grid5x5_low.json,1466,25,40,30,45.2174,0.0,0.717,OPTIMAL
grid_5x5_31,seed_milpsnap_grid5x5_low.json,1467,25,40,31,45.2174,0.0,0.695,OPTIMAL
