# K-Shortest Paths Results
# Format: src_host dst_host path_index cost switch_path port_details
# ==================================================================

# h00:00:00:00:00:01 -> h00:00:00:00:00:04
   00:00:00:00:00:01    00:00:00:00:00:04 0    293  [1,2,3,4]     00:00:00:00:00:01    00:00:00:00:00:04 1    585  [1,2,3,8,9,4]     00:00:00:00:00:01    00:00:00:00:00:04 2    585  [1,2,7,8,3,4]     00:00:00:00:00:01    00:00:00:00:00:04 3    585  [1,2,7,8,9,4]     00:00:00:00:00:01    00:00:00:00:00:04 4    585  [1,6,7,2,3,4]     00:00:00:00:00:01    00:00:00:00:00:04 5    585  [1,6,7,8,3,4]     00:00:00:00:00:01    00:00:00:00:00:04 6    585  [1,6,7,8,9,4]     00:00:00:00:00:01    00:00:00:00:00:04 7    877  [1,2,3,8,9,10,5,4]     00:00:00:00:00:01    00:00:00:00:00:04 8    877  [1,2,3,8,13,14,9,4]     00:00:00:00:00:01    00:00:00:00:00:04 9    877  [1,2,7,8,9,10,5,4]     00:00:00:00:00:01    00:00:00:00:00:04 10    877  [1,2,7,8,13,14,9,4]     00:00:00:00:00:01    00:00:00:00:00:04 11    877  [1,2,7,12,13,8,3,4]     00:00:00:00:00:01    00:00:00:00:00:04 12    877  [1,2,7,12,13,8,9,4]     00:00:00:00:00:01    00:00:00:00:00:04 13    877  [1,2,7,12,13,14,9,4]     00:00:00:00:00:01    00:00:00:00:00:04 14    877  [1,6,7,2,3,8,9,4]     00:00:00:00:00:01    00:00:00:00:00:04 15    877  [1,6,7,8,9,10,5,4]  
# h00:00:00:00:00:01 -> h00:00:00:00:00:02
   00:00:00:00:00:01    00:00:00:00:00:02 0      0  [1,2]     00:00:00:00:00:01    00:00:00:00:00:02 1    293  [1,6,7,2]     00:00:00:00:00:01    00:00:00:00:00:02 2    585  [1,6,7,8,3,2]     00:00:00:00:00:01    00:00:00:00:00:02 3    585  [1,6,11,12,7,2]     00:00:00:00:00:01    00:00:00:00:00:02 4    877  [1,6,7,8,9,4,3,2]     00:00:00:00:00:01    00:00:00:00:00:02 5    877  [1,6,7,8,13,12,7,2]     00:00:00:00:00:01    00:00:00:00:00:02 6    877  [1,6,7,12,13,8,3,2]     00:00:00:00:00:01    00:00:00:00:00:02 7    877  [1,6,7,12,13,8,7,2]     00:00:00:00:00:01    00:00:00:00:00:02 8    877  [1,6,11,12,7,8,3,2]     00:00:00:00:00:01    00:00:00:00:00:02 9    877  [1,6,11,12,13,8,3,2]     00:00:00:00:00:01    00:00:00:00:00:02 10    877  [1,6,11,12,13,8,7,2]     00:00:00:00:00:01    00:00:00:00:00:02 11    877  [1,6,11,16,17,12,7,2]     00:00:00:00:00:01    00:00:00:00:00:02 12   1170  [1,6,7,8,9,10,5,4,3,2]     00:00:00:00:00:01    00:00:00:00:00:02 13   1170  [1,6,7,8,9,14,13,8,3,2]     00:00:00:00:00:01    00:00:00:00:00:02 14   1170  [1,6,7,8,9,14,13,12,7,2]     00:00:00:00:00:01    00:00:00:00:00:02 15   1170  [1,6,7,8,13,14,9,4,3,2]  
# h00:00:00:00:00:01 -> h00:00:00:00:00:06
   00:00:00:00:00:01    00:00:00:00:00:06 0    585  [1,2,3,4,5,10]     00:00:00:00:00:01    00:00:00:00:00:06 1    585  [1,2,3,4,9,10]     00:00:00:00:00:01    00:00:00:00:00:06 2    585  [1,2,3,8,9,10]     00:00:00:00:00:01    00:00:00:00:00:06 3    585  [1,2,7,8,9,10]     00:00:00:00:00:01    00:00:00:00:00:06 4    585  [1,6,7,8,9,10]     00:00:00:00:00:01    00:00:00:00:00:06 5    877  [1,2,3,4,9,14,15,10]     00:00:00:00:00:01    00:00:00:00:00:06 6    877  [1,2,3,8,9,4,5,10]     00:00:00:00:00:01    00:00:00:00:00:06 7    877  [1,2,3,8,9,14,15,10]     00:00:00:00:00:01    00:00:00:00:00:06 8    877  [1,2,3,8,13,14,9,10]     00:00:00:00:00:01    00:00:00:00:00:06 9    877  [1,2,3,8,13,14,15,10]     00:00:00:00:00:01    00:00:00:00:00:06 10    877  [1,2,7,8,3,4,5,10]     00:00:00:00:00:01    00:00:00:00:00:06 11    877  [1,2,7,8,3,4,9,10]     00:00:00:00:00:01    00:00:00:00:00:06 12    877  [1,2,7,8,9,4,5,10]     00:00:00:00:00:01    00:00:00:00:00:06 13    877  [1,2,7,8,9,14,15,10]     00:00:00:00:00:01    00:00:00:00:00:06 14    877  [1,2,7,8,13,14,9,10]     00:00:00:00:00:01    00:00:00:00:00:06 15    877  [1,2,7,8,13,14,15,10]  
# h00:00:00:00:00:01 -> h00:00:00:00:00:10
   00:00:00:00:00:01    00:00:00:00:00:10 0      0  [1,6]     00:00:00:00:00:01    00:00:00:00:00:10 1    293  [1,2,7,6]     00:00:00:00:00:01    00:00:00:00:00:10 2    585  [1,2,3,8,7,6]     00:00:00:00:00:01    00:00:00:00:00:10 3    585  [1,2,7,12,11,6]     00:00:00:00:00:01    00:00:00:00:00:10 4    877  [1,2,3,4,9,8,7,6]     00:00:00:00:00:01    00:00:00:00:00:10 5    877  [1,2,3,8,7,12,11,6]     00:00:00:00:00:01    00:00:00:00:00:10 6    877  [1,2,3,8,13,12,7,6]     00:00:00:00:00:01    00:00:00:00:00:10 7    877  [1,2,3,8,13,12,11,6]     00:00:00:00:00:01    00:00:00:00:00:10 8    877  [1,2,7,8,13,12,11,6]     00:00:00:00:00:01    00:00:00:00:00:10 9    877  [1,2,7,8,13,12,7,6]     00:00:00:00:00:01    00:00:00:00:00:10 10    877  [1,2,7,12,13,8,7,6]     00:00:00:00:00:01    00:00:00:00:00:10 11    877  [1,2,7,12,17,16,11,6]     00:00:00:00:00:01    00:00:00:00:00:10 12   1170  [1,2,3,4,5,10,9,8,7,6]     00:00:00:00:00:01    00:00:00:00:00:10 13   1170  [1,2,3,4,9,8,7,12,11,6]     00:00:00:00:00:01    00:00:00:00:00:10 14   1170  [1,2,3,4,9,8,13,12,7,6]     00:00:00:00:00:01    00:00:00:00:00:10 15   1170  [1,2,3,4,9,8,13,12,11,6]  
# h00:00:00:00:00:01 -> h00:00:00:00:00:0f
   00:00:00:00:00:01    00:00:00:00:00:0f 0    146  [1,6,11]     00:00:00:00:00:01    00:00:00:00:00:0f 1    439  [1,2,7,6,11]     00:00:00:00:00:01    00:00:00:00:00:0f 2    439  [1,2,7,12,11]     00:00:00:00:00:01    00:00:00:00:00:0f 3    439  [1,6,7,12,11]     00:00:00:00:00:01    00:00:00:00:00:0f 4    731  [1,2,3,8,7,6,11]     00:00:00:00:00:01    00:00:00:00:00:0f 5    731  [1,2,3,8,7,12,11]     00:00:00:00:00:01    00:00:00:00:00:0f 6    731  [1,2,3,8,13,12,11]     00:00:00:00:00:01    00:00:00:00:00:0f 7    731  [1,2,7,8,13,12,11]     00:00:00:00:00:01    00:00:00:00:00:0f 8    731  [1,2,7,12,17,16,11]     00:00:00:00:00:01    00:00:00:00:00:0f 9    731  [1,6,7,8,13,12,11]     00:00:00:00:00:01    00:00:00:00:00:0f 10    731  [1,6,7,12,17,16,11]     00:00:00:00:00:01    00:00:00:00:00:0f 11   1023  [1,2,3,4,9,8,7,6,11]     00:00:00:00:00:01    00:00:00:00:00:0f 12   1023  [1,2,3,4,9,8,7,12,11]     00:00:00:00:00:01    00:00:00:00:00:0f 13   1023  [1,2,3,4,9,8,13,12,11]     00:00:00:00:00:01    00:00:00:00:00:0f 14   1023  [1,2,3,4,9,14,13,12,11]     00:00:00:00:00:01    00:00:00:00:00:0f 15   1023  [1,2,3,8,7,12,17,16,11]  
# h00:00:00:00:00:01 -> h00:00:00:00:00:0d
   00:00:00:00:00:01    00:00:00:00:00:0d 0    439  [1,6,11,16,21]     00:00:00:00:00:01    00:00:00:00:00:0d 1    731  [1,2,7,6,11,16,21]     00:00:00:00:00:01    00:00:00:00:00:0d 2    731  [1,2,7,12,11,16,21]     00:00:00:00:00:01    00:00:00:00:00:0d 3    731  [1,2,7,12,17,16,21]     00:00:00:00:00:01    00:00:00:00:00:0d 4    731  [1,2,7,12,17,22,21]     00:00:00:00:00:01    00:00:00:00:00:0d 5    731  [1,6,7,12,11,16,21]     00:00:00:00:00:01    00:00:00:00:00:0d 6    731  [1,6,7,12,17,16,21]     00:00:00:00:00:01    00:00:00:00:00:0d 7    731  [1,6,7,12,17,22,21]     00:00:00:00:00:01    00:00:00:00:00:0d 8    731  [1,6,11,12,17,16,21]     00:00:00:00:00:01    00:00:00:00:00:0d 9    731  [1,6,11,12,17,22,21]     00:00:00:00:00:01    00:00:00:00:00:0d 10    731  [1,6,11,16,17,22,21]     00:00:00:00:00:01    00:00:00:00:00:0d 11   1023  [1,2,3,8,7,6,11,16,21]     00:00:00:00:00:01    00:00:00:00:00:0d 12   1023  [1,2,3,8,7,12,11,16,21]     00:00:00:00:00:01    00:00:00:00:00:0d 13   1023  [1,2,3,8,7,12,17,16,21]     00:00:00:00:00:01    00:00:00:00:00:0d 14   1023  [1,2,3,8,7,12,17,22,21]     00:00:00:00:00:01    00:00:00:00:00:0d 15   1023  [1,2,3,8,13,12,11,16,21]  
# h00:00:00:00:00:01 -> h00:00:00:00:00:05
   00:00:00:00:00:01    00:00:00:00:00:05 0    439  [1,2,3,4,5]     00:00:00:00:00:01    00:00:00:00:00:05 1    731  [1,2,3,4,9,10,5]     00:00:00:00:00:01    00:00:00:00:00:05 2    731  [1,2,3,8,9,4,5]     00:00:00:00:00:01    00:00:00:00:00:05 3    731  [1,2,3,8,9,10,5]     00:00:00:00:00:01    00:00:00:00:00:05 4    731  [1,2,7,8,3,4,5]     00:00:00:00:00:01    00:00:00:00:00:05 5    731  [1,2,7,8,9,4,5]     00:00:00:00:00:01    00:00:00:00:00:05 6    731  [1,2,7,8,9,10,5]     00:00:00:00:00:01    00:00:00:00:00:05 7    731  [1,6,7,2,3,4,5]     00:00:00:00:00:01    00:00:00:00:00:05 8    731  [1,6,7,8,3,4,5]     00:00:00:00:00:01    00:00:00:00:00:05 9    731  [1,6,7,8,9,4,5]     00:00:00:00:00:01    00:00:00:00:00:05 10    731  [1,6,7,8,9,10,5]     00:00:00:00:00:01    00:00:00:00:00:05 11   1023  [1,2,3,4,9,14,15,10,5]     00:00:00:00:00:01    00:00:00:00:00:05 12   1023  [1,2,3,8,9,14,15,10,5]     00:00:00:00:00:01    00:00:00:00:00:05 13   1023  [1,2,3,8,13,14,9,4,5]     00:00:00:00:00:01    00:00:00:00:00:05 14   1023  [1,2,3,8,13,14,9,10,5]     00:00:00:00:00:01    00:00:00:00:00:05 15   1023  [1,2,3,8,13,14,15,10,5]  
# h00:00:00:00:00:01 -> h00:00:00:00:00:03
   00:00:00:00:00:01    00:00:00:00:00:03 0    146  [1,2,3]     00:00:00:00:00:01    00:00:00:00:00:03 1    439  [1,2,7,8,3]     00:00:00:00:00:01    00:00:00:00:00:03 2    439  [1,6,7,2,3]     00:00:00:00:00:01    00:00:00:00:00:03 3    439  [1,6,7,8,3]     00:00:00:00:00:01    00:00:00:00:00:03 4    731  [1,2,7,8,9,4,3]     00:00:00:00:00:01    00:00:00:00:00:03 5    731  [1,2,7,12,13,8,3]     00:00:00:00:00:01    00:00:00:00:00:03 6    731  [1,6,7,8,9,4,3]     00:00:00:00:00:01    00:00:00:00:00:03 7    731  [1,6,7,12,13,8,3]     00:00:00:00:00:01    00:00:00:00:00:03 8    731  [1,6,11,12,7,2,3]     00:00:00:00:00:01    00:00:00:00:00:03 9    731  [1,6,11,12,7,8,3]     00:00:00:00:00:01    00:00:00:00:00:03 10    731  [1,6,11,12,13,8,3]     00:00:00:00:00:01    00:00:00:00:00:03 11   1023  [1,2,7,6,11,12,13,8,3]     00:00:00:00:00:01    00:00:00:00:00:03 12   1023  [1,2,7,6,11,12,7,8,3]     00:00:00:00:00:01    00:00:00:00:00:03 13   1023  [1,2,7,8,9,10,5,4,3]     00:00:00:00:00:01    00:00:00:00:00:03 14   1023  [1,2,7,8,9,14,13,8,3]     00:00:00:00:00:01    00:00:00:00:00:03 15   1023  [1,2,7,8,13,14,9,4,3]  
# h00:00:00:00:00:01 -> h00:00:00:00:00:0a
   00:00:00:00:00:01    00:00:00:00:00:0a 0    877  [1,2,3,4,9,14,19,24]     00:00:00:00:00:01    00:00:00:00:00:0a 1    877  [1,2,3,8,9,14,19,24]     00:00:00:00:00:01    00:00:00:00:00:0a 2    877  [1,2,3,8,13,14,19,24]     00:00:00:00:00:01    00:00:00:00:00:0a 3    877  [1,2,3,8,13,18,19,24]     00:00:00:00:00:01    00:00:00:00:00:0a 4    877  [1,2,3,8,13,18,23,24]     00:00:00:00:00:01    00:00:00:00:00:0a 5    877  [1,2,7,8,9,14,19,24]     00:00:00:00:00:01    00:00:00:00:00:0a 6    877  [1,2,7,8,13,14,19,24]     00:00:00:00:00:01    00:00:00:00:00:0a 7    877  [1,2,7,8,13,18,19,24]     00:00:00:00:00:01    00:00:00:00:00:0a 8    877  [1,2,7,8,13,18,23,24]     00:00:00:00:00:01    00:00:00:00:00:0a 9    877  [1,2,7,12,13,14,19,24]     00:00:00:00:00:01    00:00:00:00:00:0a 10    877  [1,2,7,12,13,18,19,24]     00:00:00:00:00:01    00:00:00:00:00:0a 11    877  [1,2,7,12,13,18,23,24]     00:00:00:00:00:01    00:00:00:00:00:0a 12    877  [1,2,7,12,17,18,19,24]     00:00:00:00:00:01    00:00:00:00:00:0a 13    877  [1,2,7,12,17,18,23,24]     00:00:00:00:00:01    00:00:00:00:00:0a 14    877  [1,2,7,12,17,22,23,24]     00:00:00:00:00:01    00:00:00:00:00:0a 15    877  [1,6,7,8,9,14,19,24]  
# h00:00:00:00:00:01 -> h00:00:00:00:00:07
   00:00:00:00:00:01    00:00:00:00:00:07 0    731  [1,2,3,4,5,10,15]     00:00:00:00:00:01    00:00:00:00:00:07 1    731  [1,2,3,4,9,10,15]     00:00:00:00:00:01    00:00:00:00:00:07 2    731  [1,2,3,4,9,14,15]     00:00:00:00:00:01    00:00:00:00:00:07 3    731  [1,2,3,8,9,10,15]     00:00:00:00:00:01    00:00:00:00:00:07 4    731  [1,2,3,8,9,14,15]     00:00:00:00:00:01    00:00:00:00:00:07 5    731  [1,2,3,8,13,14,15]     00:00:00:00:00:01    00:00:00:00:00:07 6    731  [1,2,7,8,9,10,15]     00:00:00:00:00:01    00:00:00:00:00:07 7    731  [1,2,7,8,9,14,15]     00:00:00:00:00:01    00:00:00:00:00:07 8    731  [1,2,7,8,13,14,15]     00:00:00:00:00:01    00:00:00:00:00:07 9    731  [1,2,7,12,13,14,15]     00:00:00:00:00:01    00:00:00:00:00:07 10    731  [1,6,7,8,9,10,15]     00:00:00:00:00:01    00:00:00:00:00:07 11    731  [1,6,7,8,9,14,15]     00:00:00:00:00:01    00:00:00:00:00:07 12    731  [1,6,7,8,13,14,15]     00:00:00:00:00:01    00:00:00:00:00:07 13    731  [1,6,7,12,13,14,15]     00:00:00:00:00:01    00:00:00:00:00:07 14    731  [1,6,11,12,13,14,15]     00:00:00:00:00:01    00:00:00:00:00:07 15   1023  [1,2,3,4,5,10,9,14,15]  
# h00:00:00:00:00:01 -> h00:00:00:00:00:0c
   00:00:00:00:00:01    00:00:00:00:00:0c 0    585  [1,2,7,12,17,22]     00:00:00:00:00:01    00:00:00:00:00:0c 1    585  [1,6,7,12,17,22]     00:00:00:00:00:01    00:00:00:00:00:0c 2    585  [1,6,11,12,17,22]     00:00:00:00:00:01    00:00:00:00:00:0c 3    585  [1,6,11,16,17,22]     00:00:00:00:00:01    00:00:00:00:00:0c 4    585  [1,6,11,16,21,22]     00:00:00:00:00:01    00:00:00:00:00:0c 5    877  [1,2,3,8,7,12,17,22]     00:00:00:00:00:01    00:00:00:00:00:0c 6    877  [1,2,3,8,13,12,17,22]     00:00:00:00:00:01    00:00:00:00:00:0c 7    877  [1,2,3,8,13,18,17,22]     00:00:00:00:00:01    00:00:00:00:00:0c 8    877  [1,2,3,8,13,18,23,22]     00:00:00:00:00:01    00:00:00:00:00:0c 9    877  [1,2,7,6,11,12,17,22]     00:00:00:00:00:01    00:00:00:00:00:0c 10    877  [1,2,7,6,11,16,17,22]     00:00:00:00:00:01    00:00:00:00:00:0c 11    877  [1,2,7,6,11,16,21,22]     00:00:00:00:00:01    00:00:00:00:00:0c 12    877  [1,2,7,8,13,12,17,22]     00:00:00:00:00:01    00:00:00:00:00:0c 13    877  [1,2,7,8,13,18,17,22]     00:00:00:00:00:01    00:00:00:00:00:0c 14    877  [1,2,7,8,13,18,23,22]     00:00:00:00:00:01    00:00:00:00:00:0c 15    877  [1,2,7,12,11,16,17,22]  
# h00:00:00:00:00:01 -> h00:00:00:00:00:0e
   00:00:00:00:00:01    00:00:00:00:00:0e 0    293  [1,6,11,16]     00:00:00:00:00:01    00:00:00:00:00:0e 1    585  [1,2,7,6,11,16]     00:00:00:00:00:01    00:00:00:00:00:0e 2    585  [1,2,7,12,11,16]     00:00:00:00:00:01    00:00:00:00:00:0e 3    585  [1,2,7,12,17,16]     00:00:00:00:00:01    00:00:00:00:00:0e 4    585  [1,6,7,12,11,16]     00:00:00:00:00:01    00:00:00:00:00:0e 5    585  [1,6,7,12,17,16]     00:00:00:00:00:01    00:00:00:00:00:0e 6    585  [1,6,11,12,17,16]     00:00:00:00:00:01    00:00:00:00:00:0e 7    877  [1,2,3,8,7,6,11,16]     00:00:00:00:00:01    00:00:00:00:00:0e 8    877  [1,2,3,8,7,12,11,16]     00:00:00:00:00:01    00:00:00:00:00:0e 9    877  [1,2,3,8,7,12,17,16]     00:00:00:00:00:01    00:00:00:00:00:0e 10    877  [1,2,3,8,13,12,11,16]     00:00:00:00:00:01    00:00:00:00:00:0e 11    877  [1,2,3,8,13,12,17,16]     00:00:00:00:00:01    00:00:00:00:00:0e 12    877  [1,2,3,8,13,18,17,16]     00:00:00:00:00:01    00:00:00:00:00:0e 13    877  [1,2,7,6,11,12,17,16]     00:00:00:00:00:01    00:00:00:00:00:0e 14    877  [1,2,7,8,13,12,11,16]     00:00:00:00:00:01    00:00:00:00:00:0e 15    877  [1,2,7,8,13,12,17,16]  
# h00:00:00:00:00:01 -> h00:00:00:00:00:0b
   00:00:00:00:00:01    00:00:00:00:00:0b 0    731  [1,2,3,8,13,18,23]     00:00:00:00:00:01    00:00:00:00:00:0b 1    731  [1,2,7,8,13,18,23]     00:00:00:00:00:01    00:00:00:00:00:0b 2    731  [1,2,7,12,13,18,23]     00:00:00:00:00:01    00:00:00:00:00:0b 3    731  [1,2,7,12,17,18,23]     00:00:00:00:00:01    00:00:00:00:00:0b 4    731  [1,2,7,12,17,22,23]     00:00:00:00:00:01    00:00:00:00:00:0b 5    731  [1,6,7,8,13,18,23]     00:00:00:00:00:01    00:00:00:00:00:0b 6    731  [1,6,7,12,13,18,23]     00:00:00:00:00:01    00:00:00:00:00:0b 7    731  [1,6,7,12,17,18,23]     00:00:00:00:00:01    00:00:00:00:00:0b 8    731  [1,6,7,12,17,22,23]     00:00:00:00:00:01    00:00:00:00:00:0b 9    731  [1,6,11,12,13,18,23]     00:00:00:00:00:01    00:00:00:00:00:0b 10    731  [1,6,11,12,17,18,23]     00:00:00:00:00:01    00:00:00:00:00:0b 11    731  [1,6,11,12,17,22,23]     00:00:00:00:00:01    00:00:00:00:00:0b 12    731  [1,6,11,16,17,18,23]     00:00:00:00:00:01    00:00:00:00:00:0b 13    731  [1,6,11,16,17,22,23]     00:00:00:00:00:01    00:00:00:00:00:0b 14    731  [1,6,11,16,21,22,23]     00:00:00:00:00:01    00:00:00:00:00:0b 15   1023  [1,2,3,4,9,8,13,18,23]  
# h00:00:00:00:00:01 -> h00:00:00:00:00:09
   00:00:00:00:00:01    00:00:00:00:00:09 0   1023  [1,2,3,4,5,10,15,20,25]     00:00:00:00:00:01    00:00:00:00:00:09 1   1023  [1,2,3,4,9,10,15,20,25]     00:00:00:00:00:01    00:00:00:00:00:09 2   1023  [1,2,3,4,9,14,15,20,25]     00:00:00:00:00:01    00:00:00:00:00:09 3   1023  [1,2,3,4,9,14,19,20,25]     00:00:00:00:00:01    00:00:00:00:00:09 4   1023  [1,2,3,4,9,14,19,24,25]     00:00:00:00:00:01    00:00:00:00:00:09 5   1023  [1,2,3,8,9,10,15,20,25]     00:00:00:00:00:01    00:00:00:00:00:09 6   1023  [1,2,3,8,9,14,15,20,25]     00:00:00:00:00:01    00:00:00:00:00:09 7   1023  [1,2,3,8,9,14,19,20,25]     00:00:00:00:00:01    00:00:00:00:00:09 8   1023  [1,2,3,8,9,14,19,24,25]     00:00:00:00:00:01    00:00:00:00:00:09 9   1023  [1,2,3,8,13,14,15,20,25]     00:00:00:00:00:01    00:00:00:00:00:09 10   1023  [1,2,3,8,13,14,19,20,25]     00:00:00:00:00:01    00:00:00:00:00:09 11   1023  [1,2,3,8,13,14,19,24,25]     00:00:00:00:00:01    00:00:00:00:00:09 12   1023  [1,2,3,8,13,18,19,20,25]     00:00:00:00:00:01    00:00:00:00:00:09 13   1023  [1,2,3,8,13,18,19,24,25]     00:00:00:00:00:01    00:00:00:00:00:09 14   1023  [1,2,3,8,13,18,23,24,25]     00:00:00:00:00:01    00:00:00:00:00:09 15   1023  [1,2,7,8,9,10,15,20,25]  
# h00:00:00:00:00:01 -> h00:00:00:00:00:08
   00:00:00:00:00:01    00:00:00:00:00:08 0    877  [1,2,3,4,5,10,15,20]     00:00:00:00:00:01    00:00:00:00:00:08 1    877  [1,2,3,4,9,10,15,20]     00:00:00:00:00:01    00:00:00:00:00:08 2    877  [1,2,3,4,9,14,15,20]     00:00:00:00:00:01    00:00:00:00:00:08 3    877  [1,2,3,4,9,14,19,20]     00:00:00:00:00:01    00:00:00:00:00:08 4    877  [1,2,3,8,9,10,15,20]     00:00:00:00:00:01    00:00:00:00:00:08 5    877  [1,2,3,8,9,14,15,20]     00:00:00:00:00:01    00:00:00:00:00:08 6    877  [1,2,3,8,9,14,19,20]     00:00:00:00:00:01    00:00:00:00:00:08 7    877  [1,2,3,8,13,14,15,20]     00:00:00:00:00:01    00:00:00:00:00:08 8    877  [1,2,3,8,13,14,19,20]     00:00:00:00:00:01    00:00:00:00:00:08 9    877  [1,2,3,8,13,18,19,20]     00:00:00:00:00:01    00:00:00:00:00:08 10    877  [1,2,7,8,9,10,15,20]     00:00:00:00:00:01    00:00:00:00:00:08 11    877  [1,2,7,8,9,14,15,20]     00:00:00:00:00:01    00:00:00:00:00:08 12    877  [1,2,7,8,9,14,19,20]     00:00:00:00:00:01    00:00:00:00:00:08 13    877  [1,2,7,8,13,14,15,20]     00:00:00:00:00:01    00:00:00:00:00:08 14    877  [1,2,7,8,13,14,19,20]     00:00:00:00:00:01    00:00:00:00:00:08 15    877  [1,2,7,8,13,18,19,20]  
# h00:00:00:00:00:04 -> h00:00:00:00:00:01
   00:00:00:00:00:04    00:00:00:00:00:01 0    293  [4,3,2,1]     00:00:00:00:00:04    00:00:00:00:00:01 1    585  [4,3,2,7,6,1]     00:00:00:00:00:04    00:00:00:00:00:01 2    585  [4,3,8,7,2,1]     00:00:00:00:00:04    00:00:00:00:00:01 3    585  [4,3,8,7,6,1]     00:00:00:00:00:04    00:00:00:00:00:01 4    585  [4,9,8,3,2,1]     00:00:00:00:00:04    00:00:00:00:00:01 5    585  [4,9,8,7,2,1]     00:00:00:00:00:04    00:00:00:00:00:01 6    585  [4,9,8,7,6,1]     00:00:00:00:00:04    00:00:00:00:00:01 7    877  [4,3,2,7,12,11,6,1]     00:00:00:00:00:04    00:00:00:00:00:01 8    877  [4,3,8,7,12,11,6,1]     00:00:00:00:00:04    00:00:00:00:00:01 9    877  [4,3,8,13,12,7,2,1]     00:00:00:00:00:04    00:00:00:00:00:01 10    877  [4,3,8,13,12,7,6,1]     00:00:00:00:00:04    00:00:00:00:00:01 11    877  [4,3,8,13,12,11,6,1]     00:00:00:00:00:04    00:00:00:00:00:01 12    877  [4,5,10,9,8,3,2,1]     00:00:00:00:00:04    00:00:00:00:00:01 13    877  [4,5,10,9,4,3,2,1]     00:00:00:00:00:04    00:00:00:00:00:01 14    877  [4,5,10,9,8,7,2,1]     00:00:00:00:00:04    00:00:00:00:00:01 15    877  [4,5,10,9,8,7,6,1]  
# h00:00:00:00:00:04 -> h00:00:00:00:00:02
   00:00:00:00:00:04    00:00:00:00:00:02 0    146  [4,3,2]     00:00:00:00:00:04    00:00:00:00:00:02 1    439  [4,3,8,7,2]     00:00:00:00:00:04    00:00:00:00:00:02 2    439  [4,9,8,3,2]     00:00:00:00:00:04    00:00:00:00:00:02 3    439  [4,9,8,7,2]     00:00:00:00:00:04    00:00:00:00:00:02 4    731  [4,3,8,7,6,1,2]     00:00:00:00:00:04    00:00:00:00:00:02 5    731  [4,3,8,13,12,7,2]     00:00:00:00:00:04    00:00:00:00:00:02 6    731  [4,5,10,9,8,3,2]     00:00:00:00:00:04    00:00:00:00:00:02 7    731  [4,5,10,9,4,3,2]     00:00:00:00:00:04    00:00:00:00:00:02 8    731  [4,5,10,9,8,7,2]     00:00:00:00:00:04    00:00:00:00:00:02 9    731  [4,9,8,7,6,1,2]     00:00:00:00:00:04    00:00:00:00:00:02 10    731  [4,9,8,13,12,7,2]     00:00:00:00:00:04    00:00:00:00:00:02 11    731  [4,9,10,5,4,3,2]     00:00:00:00:00:04    00:00:00:00:00:02 12    731  [4,9,14,13,8,3,2]     00:00:00:00:00:04    00:00:00:00:00:02 13    731  [4,9,14,13,8,7,2]     00:00:00:00:00:04    00:00:00:00:00:02 14    731  [4,9,14,13,12,7,2]     00:00:00:00:00:04    00:00:00:00:00:02 15   1023  [4,3,8,7,6,11,12,7,2]  
# h00:00:00:00:00:04 -> h00:00:00:00:00:06
   00:00:00:00:00:04    00:00:00:00:00:06 0    146  [4,5,10]     00:00:00:00:00:04    00:00:00:00:00:06 1    146  [4,9,10]     00:00:00:00:00:04    00:00:00:00:00:06 2    439  [4,3,8,9,10]     00:00:00:00:00:04    00:00:00:00:00:06 3    439  [4,9,14,15,10]     00:00:00:00:00:04    00:00:00:00:00:06 4    731  [4,3,2,7,8,9,10]     00:00:00:00:00:04    00:00:00:00:00:06 5    731  [4,3,8,9,4,5,10]     00:00:00:00:00:04    00:00:00:00:00:06 6    731  [4,3,8,9,14,15,10]     00:00:00:00:00:04    00:00:00:00:00:06 7    731  [4,3,8,13,14,9,10]     00:00:00:00:00:04    00:00:00:00:00:06 8    731  [4,3,8,13,14,15,10]     00:00:00:00:00:04    00:00:00:00:00:06 9    731  [4,9,8,3,4,5,10]     00:00:00:00:00:04    00:00:00:00:00:06 10    731  [4,9,8,13,14,9,10]     00:00:00:00:00:04    00:00:00:00:00:06 11    731  [4,9,8,13,14,15,10]     00:00:00:00:00:04    00:00:00:00:00:06 12    731  [4,9,14,13,8,9,10]     00:00:00:00:00:04    00:00:00:00:00:06 13    731  [4,9,14,19,20,15,10]     00:00:00:00:00:04    00:00:00:00:00:06 14   1023  [4,3,2,1,6,7,8,9,10]     00:00:00:00:00:04    00:00:00:00:00:06 15   1023  [4,3,2,7,8,9,4,5,10]  
# h00:00:00:00:00:04 -> h00:00:00:00:00:10
   00:00:00:00:00:04    00:00:00:00:00:10 0    439  [4,3,2,1,6]     00:00:00:00:00:04    00:00:00:00:00:10 1    439  [4,3,2,7,6]     00:00:00:00:00:04    00:00:00:00:00:10 2    439  [4,3,8,7,6]     00:00:00:00:00:04    00:00:00:00:00:10 3    439  [4,9,8,7,6]     00:00:00:00:00:04    00:00:00:00:00:10 4    731  [4,3,2,7,12,11,6]     00:00:00:00:00:04    00:00:00:00:00:10 5    731  [4,3,8,7,2,1,6]     00:00:00:00:00:04    00:00:00:00:00:10 6    731  [4,3,8,7,12,11,6]     00:00:00:00:00:04    00:00:00:00:00:10 7    731  [4,3,8,13,12,7,6]     00:00:00:00:00:04    00:00:00:00:00:10 8    731  [4,3,8,13,12,11,6]     00:00:00:00:00:04    00:00:00:00:00:10 9    731  [4,5,10,9,8,7,6]     00:00:00:00:00:04    00:00:00:00:00:10 10    731  [4,9,8,3,2,1,6]     00:00:00:00:00:04    00:00:00:00:00:10 11    731  [4,9,8,3,2,7,6]     00:00:00:00:00:04    00:00:00:00:00:10 12    731  [4,9,8,7,2,1,6]     00:00:00:00:00:04    00:00:00:00:00:10 13    731  [4,9,8,7,12,11,6]     00:00:00:00:00:04    00:00:00:00:00:10 14    731  [4,9,8,13,12,7,6]     00:00:00:00:00:04    00:00:00:00:00:10 15    731  [4,9,8,13,12,11,6]  
# h00:00:00:00:00:04 -> h00:00:00:00:00:0f
   00:00:00:00:00:04    00:00:00:00:00:0f 0    585  [4,3,2,1,6,11]     00:00:00:00:00:04    00:00:00:00:00:0f 1    585  [4,3,2,7,6,11]     00:00:00:00:00:04    00:00:00:00:00:0f 2    585  [4,3,2,7,12,11]     00:00:00:00:00:04    00:00:00:00:00:0f 3    585  [4,3,8,7,6,11]     00:00:00:00:00:04    00:00:00:00:00:0f 4    585  [4,3,8,7,12,11]     00:00:00:00:00:04    00:00:00:00:00:0f 5    585  [4,3,8,13,12,11]     00:00:00:00:00:04    00:00:00:00:00:0f 6    585  [4,9,8,7,6,11]     00:00:00:00:00:04    00:00:00:00:00:0f 7    585  [4,9,8,7,12,11]     00:00:00:00:00:04    00:00:00:00:00:0f 8    585  [4,9,8,13,12,11]     00:00:00:00:00:04    00:00:00:00:00:0f 9    585  [4,9,14,13,12,11]     00:00:00:00:00:04    00:00:00:00:00:0f 10    877  [4,3,2,1,6,7,12,11]     00:00:00:00:00:04    00:00:00:00:00:0f 11    877  [4,3,2,7,8,13,12,11]     00:00:00:00:00:04    00:00:00:00:00:0f 12    877  [4,3,2,7,12,17,16,11]     00:00:00:00:00:04    00:00:00:00:00:0f 13    877  [4,3,8,7,2,1,6,11]     00:00:00:00:00:04    00:00:00:00:00:0f 14    877  [4,3,8,7,12,17,16,11]     00:00:00:00:00:04    00:00:00:00:00:0f 15    877  [4,3,8,9,14,13,12,11]  
# h00:00:00:00:00:04 -> h00:00:00:00:00:0d
   00:00:00:00:00:04    00:00:00:00:00:0d 0    877  [4,3,2,1,6,11,16,21]     00:00:00:00:00:04    00:00:00:00:00:0d 1    877  [4,3,2,7,6,11,16,21]     00:00:00:00:00:04    00:00:00:00:00:0d 2    877  [4,3,2,7,12,11,16,21]     00:00:00:00:00:04    00:00:00:00:00:0d 3    877  [4,3,2,7,12,17,16,21]     00:00:00:00:00:04    00:00:00:00:00:0d 4    877  [4,3,2,7,12,17,22,21]     00:00:00:00:00:04    00:00:00:00:00:0d 5    877  [4,3,8,7,6,11,16,21]     00:00:00:00:00:04    00:00:00:00:00:0d 6    877  [4,3,8,7,12,11,16,21]     00:00:00:00:00:04    00:00:00:00:00:0d 7    877  [4,3,8,7,12,17,16,21]     00:00:00:00:00:04    00:00:00:00:00:0d 8    877  [4,3,8,7,12,17,22,21]     00:00:00:00:00:04    00:00:00:00:00:0d 9    877  [4,3,8,13,12,11,16,21]     00:00:00:00:00:04    00:00:00:00:00:0d 10    877  [4,3,8,13,12,17,16,21]     00:00:00:00:00:04    00:00:00:00:00:0d 11    877  [4,3,8,13,12,17,22,21]     00:00:00:00:00:04    00:00:00:00:00:0d 12    877  [4,3,8,13,18,17,16,21]     00:00:00:00:00:04    00:00:00:00:00:0d 13    877  [4,3,8,13,18,17,22,21]     00:00:00:00:00:04    00:00:00:00:00:0d 14    877  [4,3,8,13,18,23,22,21]     00:00:00:00:00:04    00:00:00:00:00:0d 15    877  [4,9,8,7,6,11,16,21]  
# h00:00:00:00:00:04 -> h00:00:00:00:00:05
   00:00:00:00:00:04    00:00:00:00:00:05 0      0  [4,5]     00:00:00:00:00:04    00:00:00:00:00:05 1    293  [4,9,10,5]     00:00:00:00:00:04    00:00:00:00:00:05 2    585  [4,3,8,9,10,5]     00:00:00:00:00:04    00:00:00:00:00:05 3    585  [4,3,8,9,4,5]     00:00:00:00:00:04    00:00:00:00:00:05 4    585  [4,9,8,3,4,5]     00:00:00:00:00:04    00:00:00:00:00:05 5    585  [4,9,14,15,10,5]     00:00:00:00:00:04    00:00:00:00:00:05 6    877  [4,3,2,7,8,9,4,5]     00:00:00:00:00:04    00:00:00:00:00:05 7    877  [4,3,2,7,8,9,10,5]     00:00:00:00:00:04    00:00:00:00:00:05 8    877  [4,3,8,9,14,15,10,5]     00:00:00:00:00:04    00:00:00:00:00:05 9    877  [4,3,8,13,14,9,4,5]     00:00:00:00:00:04    00:00:00:00:00:05 10    877  [4,3,8,13,14,9,10,5]     00:00:00:00:00:04    00:00:00:00:00:05 11    877  [4,3,8,13,14,15,10,5]     00:00:00:00:00:04    00:00:00:00:00:05 12    877  [4,9,8,7,2,3,4,5]     00:00:00:00:00:04    00:00:00:00:00:05 13    877  [4,9,8,13,14,9,10,5]     00:00:00:00:00:04    00:00:00:00:00:05 14    877  [4,9,8,13,14,15,10,5]     00:00:00:00:00:04    00:00:00:00:00:05 15    877  [4,9,14,13,8,3,4,5]  
# h00:00:00:00:00:04 -> h00:00:00:00:00:03
   00:00:00:00:00:04    00:00:00:00:00:03 0      0  [4,3]     00:00:00:00:00:04    00:00:00:00:00:03 1    293  [4,9,8,3]     00:00:00:00:00:04    00:00:00:00:00:03 2    585  [4,5,10,9,8,3]     00:00:00:00:00:04    00:00:00:00:00:03 3    585  [4,5,10,9,4,3]     00:00:00:00:00:04    00:00:00:00:00:03 4    585  [4,9,8,7,2,3]     00:00:00:00:00:04    00:00:00:00:00:03 5    585  [4,9,10,5,4,3]     00:00:00:00:00:04    00:00:00:00:00:03 6    585  [4,9,14,13,8,3]     00:00:00:00:00:04    00:00:00:00:00:03 7    877  [4,5,10,9,8,7,2,3]     00:00:00:00:00:04    00:00:00:00:00:03 8    877  [4,5,10,9,14,13,8,3]     00:00:00:00:00:04    00:00:00:00:00:03 9    877  [4,5,10,15,14,9,4,3]     00:00:00:00:00:04    00:00:00:00:00:03 10    877  [4,5,10,15,14,9,8,3]     00:00:00:00:00:04    00:00:00:00:00:03 11    877  [4,5,10,15,14,13,8,3]     00:00:00:00:00:04    00:00:00:00:00:03 12    877  [4,9,8,7,6,1,2,3]     00:00:00:00:00:04    00:00:00:00:00:03 13    877  [4,9,8,7,12,13,8,3]     00:00:00:00:00:04    00:00:00:00:00:03 14    877  [4,9,8,13,12,7,2,3]     00:00:00:00:00:04    00:00:00:00:00:03 15    877  [4,9,8,13,12,7,8,3]  
# h00:00:00:00:00:04 -> h00:00:00:00:00:0a
   00:00:00:00:00:04    00:00:00:00:00:0a 0    439  [4,9,14,19,24]     00:00:00:00:00:04    00:00:00:00:00:0a 1    731  [4,3,8,9,14,19,24]     00:00:00:00:00:04    00:00:00:00:00:0a 2    731  [4,3,8,13,14,19,24]     00:00:00:00:00:04    00:00:00:00:00:0a 3    731  [4,3,8,13,18,19,24]     00:00:00:00:00:04    00:00:00:00:00:0a 4    731  [4,3,8,13,18,23,24]     00:00:00:00:00:04    00:00:00:00:00:0a 5    731  [4,5,10,9,14,19,24]     00:00:00:00:00:04    00:00:00:00:00:0a 6    731  [4,5,10,15,14,19,24]     00:00:00:00:00:04    00:00:00:00:00:0a 7    731  [4,5,10,15,20,19,24]     00:00:00:00:00:04    00:00:00:00:00:0a 8    731  [4,5,10,15,20,25,24]     00:00:00:00:00:04    00:00:00:00:00:0a 9    731  [4,9,8,13,14,19,24]     00:00:00:00:00:04    00:00:00:00:00:0a 10    731  [4,9,8,13,18,19,24]     00:00:00:00:00:04    00:00:00:00:00:0a 11    731  [4,9,8,13,18,23,24]     00:00:00:00:00:04    00:00:00:00:00:0a 12    731  [4,9,10,15,14,19,24]     00:00:00:00:00:04    00:00:00:00:00:0a 13    731  [4,9,10,15,20,19,24]     00:00:00:00:00:04    00:00:00:00:00:0a 14    731  [4,9,10,15,20,25,24]     00:00:00:00:00:04    00:00:00:00:00:0a 15    731  [4,9,14,13,18,19,24]  
# h00:00:00:00:00:04 -> h00:00:00:00:00:07
   00:00:00:00:00:04    00:00:00:00:00:07 0    293  [4,5,10,15]     00:00:00:00:00:04    00:00:00:00:00:07 1    293  [4,9,10,15]     00:00:00:00:00:04    00:00:00:00:00:07 2    293  [4,9,14,15]     00:00:00:00:00:04    00:00:00:00:00:07 3    585  [4,3,8,9,10,15]     00:00:00:00:00:04    00:00:00:00:00:07 4    585  [4,3,8,9,14,15]     00:00:00:00:00:04    00:00:00:00:00:07 5    585  [4,3,8,13,14,15]     00:00:00:00:00:04    00:00:00:00:00:07 6    585  [4,5,10,9,14,15]     00:00:00:00:00:04    00:00:00:00:00:07 7    585  [4,9,8,13,14,15]     00:00:00:00:00:04    00:00:00:00:00:07 8    585  [4,9,14,19,20,15]     00:00:00:00:00:04    00:00:00:00:00:07 9    877  [4,3,2,7,8,9,10,15]     00:00:00:00:00:04    00:00:00:00:00:07 10    877  [4,3,2,7,8,9,14,15]     00:00:00:00:00:04    00:00:00:00:00:07 11    877  [4,3,2,7,8,13,14,15]     00:00:00:00:00:04    00:00:00:00:00:07 12    877  [4,3,2,7,12,13,14,15]     00:00:00:00:00:04    00:00:00:00:00:07 13    877  [4,3,8,7,12,13,14,15]     00:00:00:00:00:04    00:00:00:00:00:07 14    877  [4,3,8,9,4,5,10,15]     00:00:00:00:00:04    00:00:00:00:00:07 15    877  [4,3,8,9,14,19,20,15]  
# h00:00:00:00:00:04 -> h00:00:00:00:00:0c
   00:00:00:00:00:04    00:00:00:00:00:0c 0    731  [4,3,2,7,12,17,22]     00:00:00:00:00:04    00:00:00:00:00:0c 1    731  [4,3,8,7,12,17,22]     00:00:00:00:00:04    00:00:00:00:00:0c 2    731  [4,3,8,13,12,17,22]     00:00:00:00:00:04    00:00:00:00:00:0c 3    731  [4,3,8,13,18,17,22]     00:00:00:00:00:04    00:00:00:00:00:0c 4    731  [4,3,8,13,18,23,22]     00:00:00:00:00:04    00:00:00:00:00:0c 5    731  [4,9,8,7,12,17,22]     00:00:00:00:00:04    00:00:00:00:00:0c 6    731  [4,9,8,13,12,17,22]     00:00:00:00:00:04    00:00:00:00:00:0c 7    731  [4,9,8,13,18,17,22]     00:00:00:00:00:04    00:00:00:00:00:0c 8    731  [4,9,8,13,18,23,22]     00:00:00:00:00:04    00:00:00:00:00:0c 9    731  [4,9,14,13,12,17,22]     00:00:00:00:00:04    00:00:00:00:00:0c 10    731  [4,9,14,13,18,17,22]     00:00:00:00:00:04    00:00:00:00:00:0c 11    731  [4,9,14,13,18,23,22]     00:00:00:00:00:04    00:00:00:00:00:0c 12    731  [4,9,14,19,18,17,22]     00:00:00:00:00:04    00:00:00:00:00:0c 13    731  [4,9,14,19,18,23,22]     00:00:00:00:00:04    00:00:00:00:00:0c 14    731  [4,9,14,19,24,23,22]     00:00:00:00:00:04    00:00:00:00:00:0c 15   1023  [4,3,2,1,6,7,12,17,22]  
# h00:00:00:00:00:04 -> h00:00:00:00:00:0e
   00:00:00:00:00:04    00:00:00:00:00:0e 0    731  [4,3,2,1,6,11,16]     00:00:00:00:00:04    00:00:00:00:00:0e 1    731  [4,3,2,7,6,11,16]     00:00:00:00:00:04    00:00:00:00:00:0e 2    731  [4,3,2,7,12,11,16]     00:00:00:00:00:04    00:00:00:00:00:0e 3    731  [4,3,2,7,12,17,16]     00:00:00:00:00:04    00:00:00:00:00:0e 4    731  [4,3,8,7,6,11,16]     00:00:00:00:00:04    00:00:00:00:00:0e 5    731  [4,3,8,7,12,11,16]     00:00:00:00:00:04    00:00:00:00:00:0e 6    731  [4,3,8,7,12,17,16]     00:00:00:00:00:04    00:00:00:00:00:0e 7    731  [4,3,8,13,12,11,16]     00:00:00:00:00:04    00:00:00:00:00:0e 8    731  [4,3,8,13,12,17,16]     00:00:00:00:00:04    00:00:00:00:00:0e 9    731  [4,3,8,13,18,17,16]     00:00:00:00:00:04    00:00:00:00:00:0e 10    731  [4,9,8,7,6,11,16]     00:00:00:00:00:04    00:00:00:00:00:0e 11    731  [4,9,8,7,12,11,16]     00:00:00:00:00:04    00:00:00:00:00:0e 12    731  [4,9,8,7,12,17,16]     00:00:00:00:00:04    00:00:00:00:00:0e 13    731  [4,9,8,13,12,11,16]     00:00:00:00:00:04    00:00:00:00:00:0e 14    731  [4,9,8,13,12,17,16]     00:00:00:00:00:04    00:00:00:00:00:0e 15    731  [4,9,8,13,18,17,16]  
# h00:00:00:00:00:04 -> h00:00:00:00:00:0b
   00:00:00:00:00:04    00:00:00:00:00:0b 0    585  [4,3,8,13,18,23]     00:00:00:00:00:04    00:00:00:00:00:0b 1    585  [4,9,8,13,18,23]     00:00:00:00:00:04    00:00:00:00:00:0b 2    585  [4,9,14,13,18,23]     00:00:00:00:00:04    00:00:00:00:00:0b 3    585  [4,9,14,19,18,23]     00:00:00:00:00:04    00:00:00:00:00:0b 4    585  [4,9,14,19,24,23]     00:00:00:00:00:04    00:00:00:00:00:0b 5    877  [4,3,2,7,8,13,18,23]     00:00:00:00:00:04    00:00:00:00:00:0b 6    877  [4,3,2,7,12,13,18,23]     00:00:00:00:00:04    00:00:00:00:00:0b 7    877  [4,3,2,7,12,17,18,23]     00:00:00:00:00:04    00:00:00:00:00:0b 8    877  [4,3,2,7,12,17,22,23]     00:00:00:00:00:04    00:00:00:00:00:0b 9    877  [4,3,8,7,12,13,18,23]     00:00:00:00:00:04    00:00:00:00:00:0b 10    877  [4,3,8,7,12,17,18,23]     00:00:00:00:00:04    00:00:00:00:00:0b 11    877  [4,3,8,7,12,17,22,23]     00:00:00:00:00:04    00:00:00:00:00:0b 12    877  [4,3,8,9,14,13,18,23]     00:00:00:00:00:04    00:00:00:00:00:0b 13    877  [4,3,8,9,14,19,18,23]     00:00:00:00:00:04    00:00:00:00:00:0b 14    877  [4,3,8,9,14,19,24,23]     00:00:00:00:00:04    00:00:00:00:00:0b 15    877  [4,3,8,13,12,17,18,23]  
# h00:00:00:00:00:04 -> h00:00:00:00:00:09
   00:00:00:00:00:04    00:00:00:00:00:09 0    585  [4,5,10,15,20,25]     00:00:00:00:00:04    00:00:00:00:00:09 1    585  [4,9,10,15,20,25]     00:00:00:00:00:04    00:00:00:00:00:09 2    585  [4,9,14,15,20,25]     00:00:00:00:00:04    00:00:00:00:00:09 3    585  [4,9,14,19,20,25]     00:00:00:00:00:04    00:00:00:00:00:09 4    585  [4,9,14,19,24,25]     00:00:00:00:00:04    00:00:00:00:00:09 5    877  [4,3,8,9,10,15,20,25]     00:00:00:00:00:04    00:00:00:00:00:09 6    877  [4,3,8,9,14,15,20,25]     00:00:00:00:00:04    00:00:00:00:00:09 7    877  [4,3,8,9,14,19,20,25]     00:00:00:00:00:04    00:00:00:00:00:09 8    877  [4,3,8,9,14,19,24,25]     00:00:00:00:00:04    00:00:00:00:00:09 9    877  [4,3,8,13,14,15,20,25]     00:00:00:00:00:04    00:00:00:00:00:09 10    877  [4,3,8,13,14,19,20,25]     00:00:00:00:00:04    00:00:00:00:00:09 11    877  [4,3,8,13,14,19,24,25]     00:00:00:00:00:04    00:00:00:00:00:09 12    877  [4,3,8,13,18,19,20,25]     00:00:00:00:00:04    00:00:00:00:00:09 13    877  [4,3,8,13,18,19,24,25]     00:00:00:00:00:04    00:00:00:00:00:09 14    877  [4,3,8,13,18,23,24,25]     00:00:00:00:00:04    00:00:00:00:00:09 15    877  [4,5,10,9,14,15,20,25]  
# h00:00:00:00:00:04 -> h00:00:00:00:00:08
   00:00:00:00:00:04    00:00:00:00:00:08 0    439  [4,5,10,15,20]     00:00:00:00:00:04    00:00:00:00:00:08 1    439  [4,9,10,15,20]     00:00:00:00:00:04    00:00:00:00:00:08 2    439  [4,9,14,15,20]     00:00:00:00:00:04    00:00:00:00:00:08 3    439  [4,9,14,19,20]     00:00:00:00:00:04    00:00:00:00:00:08 4    731  [4,3,8,9,10,15,20]     00:00:00:00:00:04    00:00:00:00:00:08 5    731  [4,3,8,9,14,15,20]     00:00:00:00:00:04    00:00:00:00:00:08 6    731  [4,3,8,9,14,19,20]     00:00:00:00:00:04    00:00:00:00:00:08 7    731  [4,3,8,13,14,15,20]     00:00:00:00:00:04    00:00:00:00:00:08 8    731  [4,3,8,13,14,19,20]     00:00:00:00:00:04    00:00:00:00:00:08 9    731  [4,3,8,13,18,19,20]     00:00:00:00:00:04    00:00:00:00:00:08 10    731  [4,5,10,9,14,15,20]     00:00:00:00:00:04    00:00:00:00:00:08 11    731  [4,5,10,9,14,19,20]     00:00:00:00:00:04    00:00:00:00:00:08 12    731  [4,5,10,15,14,19,20]     00:00:00:00:00:04    00:00:00:00:00:08 13    731  [4,9,8,13,14,15,20]     00:00:00:00:00:04    00:00:00:00:00:08 14    731  [4,9,8,13,14,19,20]     00:00:00:00:00:04    00:00:00:00:00:08 15    731  [4,9,8,13,18,19,20]  
# h00:00:00:00:00:02 -> h00:00:00:00:00:01
   00:00:00:00:00:02    00:00:00:00:00:01 0      0  [2,1]     00:00:00:00:00:02    00:00:00:00:00:01 1    293  [2,7,6,1]     00:00:00:00:00:02    00:00:00:00:00:01 2    585  [2,3,8,7,6,1]     00:00:00:00:00:02    00:00:00:00:00:01 3    585  [2,3,8,7,2,1]     00:00:00:00:00:02    00:00:00:00:00:01 4    585  [2,7,8,3,2,1]     00:00:00:00:00:02    00:00:00:00:00:01 5    585  [2,7,12,11,6,1]     00:00:00:00:00:02    00:00:00:00:00:01 6    877  [2,3,4,9,8,7,2,1]     00:00:00:00:00:02    00:00:00:00:00:01 7    877  [2,3,4,9,8,7,6,1]     00:00:00:00:00:02    00:00:00:00:00:01 8    877  [2,3,8,7,12,11,6,1]     00:00:00:00:00:02    00:00:00:00:00:01 9    877  [2,3,8,13,12,7,2,1]     00:00:00:00:00:02    00:00:00:00:00:01 10    877  [2,3,8,13,12,7,6,1]     00:00:00:00:00:02    00:00:00:00:00:01 11    877  [2,3,8,13,12,11,6,1]     00:00:00:00:00:02    00:00:00:00:00:01 12    877  [2,7,8,9,4,3,2,1]     00:00:00:00:00:02    00:00:00:00:00:01 13    877  [2,7,8,13,12,7,6,1]     00:00:00:00:00:02    00:00:00:00:00:01 14    877  [2,7,8,13,12,11,6,1]     00:00:00:00:00:02    00:00:00:00:00:01 15    877  [2,7,12,13,8,3,2,1]  
# h00:00:00:00:00:02 -> h00:00:00:00:00:04
   00:00:00:00:00:02    00:00:00:00:00:04 0    146  [2,3,4]     00:00:00:00:00:02    00:00:00:00:00:04 1    439  [2,3,8,9,4]     00:00:00:00:00:02    00:00:00:00:00:04 2    439  [2,7,8,3,4]     00:00:00:00:00:02    00:00:00:00:00:04 3    439  [2,7,8,9,4]     00:00:00:00:00:02    00:00:00:00:00:04 4    731  [2,1,6,7,8,3,4]     00:00:00:00:00:02    00:00:00:00:00:04 5    731  [2,1,6,7,2,3,4]     00:00:00:00:00:02    00:00:00:00:00:04 6    731  [2,1,6,7,8,9,4]     00:00:00:00:00:02    00:00:00:00:00:04 7    731  [2,3,8,9,10,5,4]     00:00:00:00:00:02    00:00:00:00:00:04 8    731  [2,3,8,13,14,9,4]     00:00:00:00:00:02    00:00:00:00:00:04 9    731  [2,7,6,1,2,3,4]     00:00:00:00:00:02    00:00:00:00:00:04 10    731  [2,7,8,9,10,5,4]     00:00:00:00:00:02    00:00:00:00:00:04 11    731  [2,7,8,13,14,9,4]     00:00:00:00:00:02    00:00:00:00:00:04 12    731  [2,7,12,13,8,3,4]     00:00:00:00:00:02    00:00:00:00:00:04 13    731  [2,7,12,13,8,9,4]     00:00:00:00:00:02    00:00:00:00:00:04 14    731  [2,7,12,13,14,9,4]     00:00:00:00:00:02    00:00:00:00:00:04 15   1023  [2,1,6,7,2,3,8,9,4]  
# h00:00:00:00:00:02 -> h00:00:00:00:00:06
   00:00:00:00:00:02    00:00:00:00:00:06 0    439  [2,3,4,5,10]     00:00:00:00:00:02    00:00:00:00:00:06 1    439  [2,3,4,9,10]     00:00:00:00:00:02    00:00:00:00:00:06 2    439  [2,3,8,9,10]     00:00:00:00:00:02    00:00:00:00:00:06 3    439  [2,7,8,9,10]     00:00:00:00:00:02    00:00:00:00:00:06 4    731  [2,1,6,7,8,9,10]     00:00:00:00:00:02    00:00:00:00:00:06 5    731  [2,3,4,9,14,15,10]     00:00:00:00:00:02    00:00:00:00:00:06 6    731  [2,3,8,9,4,5,10]     00:00:00:00:00:02    00:00:00:00:00:06 7    731  [2,3,8,9,14,15,10]     00:00:00:00:00:02    00:00:00:00:00:06 8    731  [2,3,8,13,14,9,10]     00:00:00:00:00:02    00:00:00:00:00:06 9    731  [2,3,8,13,14,15,10]     00:00:00:00:00:02    00:00:00:00:00:06 10    731  [2,7,8,3,4,5,10]     00:00:00:00:00:02    00:00:00:00:00:06 11    731  [2,7,8,3,4,9,10]     00:00:00:00:00:02    00:00:00:00:00:06 12    731  [2,7,8,9,4,5,10]     00:00:00:00:00:02    00:00:00:00:00:06 13    731  [2,7,8,9,14,15,10]     00:00:00:00:00:02    00:00:00:00:00:06 14    731  [2,7,8,13,14,9,10]     00:00:00:00:00:02    00:00:00:00:00:06 15    731  [2,7,8,13,14,15,10]  
# h00:00:00:00:00:02 -> h00:00:00:00:00:10
   00:00:00:00:00:02    00:00:00:00:00:10 0    146  [2,1,6]     00:00:00:00:00:02    00:00:00:00:00:10 1    146  [2,7,6]     00:00:00:00:00:02    00:00:00:00:00:10 2    439  [2,3,8,7,6]     00:00:00:00:00:02    00:00:00:00:00:10 3    439  [2,7,12,11,6]     00:00:00:00:00:02    00:00:00:00:00:10 4    731  [2,3,4,9,8,7,6]     00:00:00:00:00:02    00:00:00:00:00:10 5    731  [2,3,8,7,2,1,6]     00:00:00:00:00:02    00:00:00:00:00:10 6    731  [2,3,8,7,12,11,6]     00:00:00:00:00:02    00:00:00:00:00:10 7    731  [2,3,8,13,12,7,6]     00:00:00:00:00:02    00:00:00:00:00:10 8    731  [2,3,8,13,12,11,6]     00:00:00:00:00:02    00:00:00:00:00:10 9    731  [2,7,8,3,2,1,6]     00:00:00:00:00:02    00:00:00:00:00:10 10    731  [2,7,8,13,12,7,6]     00:00:00:00:00:02    00:00:00:00:00:10 11    731  [2,7,8,13,12,11,6]     00:00:00:00:00:02    00:00:00:00:00:10 12    731  [2,7,12,13,8,7,6]     00:00:00:00:00:02    00:00:00:00:00:10 13    731  [2,7,12,17,16,11,6]     00:00:00:00:00:02    00:00:00:00:00:10 14   1023  [2,3,4,5,10,9,8,7,6]     00:00:00:00:00:02    00:00:00:00:00:10 15   1023  [2,3,4,9,8,7,2,1,6]  
# h00:00:00:00:00:02 -> h00:00:00:00:00:0f
   00:00:00:00:00:02    00:00:00:00:00:0f 0    293  [2,1,6,11]     00:00:00:00:00:02    00:00:00:00:00:0f 1    293  [2,7,6,11]     00:00:00:00:00:02    00:00:00:00:00:0f 2    293  [2,7,12,11]     00:00:00:00:00:02    00:00:00:00:00:0f 3    585  [2,1,6,7,12,11]     00:00:00:00:00:02    00:00:00:00:00:0f 4    585  [2,3,8,7,6,11]     00:00:00:00:00:02    00:00:00:00:00:0f 5    585  [2,3,8,7,12,11]     00:00:00:00:00:02    00:00:00:00:00:0f 6    585  [2,3,8,13,12,11]     00:00:00:00:00:02    00:00:00:00:00:0f 7    585  [2,7,8,13,12,11]     00:00:00:00:00:02    00:00:00:00:00:0f 8    585  [2,7,12,17,16,11]     00:00:00:00:00:02    00:00:00:00:00:0f 9    877  [2,1,6,7,8,13,12,11]     00:00:00:00:00:02    00:00:00:00:00:0f 10    877  [2,1,6,7,12,17,16,11]     00:00:00:00:00:02    00:00:00:00:00:0f 11    877  [2,3,4,9,8,7,6,11]     00:00:00:00:00:02    00:00:00:00:00:0f 12    877  [2,3,4,9,8,7,12,11]     00:00:00:00:00:02    00:00:00:00:00:0f 13    877  [2,3,4,9,8,13,12,11]     00:00:00:00:00:02    00:00:00:00:00:0f 14    877  [2,3,4,9,14,13,12,11]     00:00:00:00:00:02    00:00:00:00:00:0f 15    877  [2,3,8,7,2,1,6,11]  
# h00:00:00:00:00:02 -> h00:00:00:00:00:0d
   00:00:00:00:00:02    00:00:00:00:00:0d 0    585  [2,1,6,11,16,21]     00:00:00:00:00:02    00:00:00:00:00:0d 1    585  [2,7,6,11,16,21]     00:00:00:00:00:02    00:00:00:00:00:0d 2    585  [2,7,12,11,16,21]     00:00:00:00:00:02    00:00:00:00:00:0d 3    585  [2,7,12,17,16,21]     00:00:00:00:00:02    00:00:00:00:00:0d 4    585  [2,7,12,17,22,21]     00:00:00:00:00:02    00:00:00:00:00:0d 5    877  [2,1,6,7,12,11,16,21]     00:00:00:00:00:02    00:00:00:00:00:0d 6    877  [2,1,6,7,12,17,16,21]     00:00:00:00:00:02    00:00:00:00:00:0d 7    877  [2,1,6,7,12,17,22,21]     00:00:00:00:00:02    00:00:00:00:00:0d 8    877  [2,1,6,11,12,17,16,21]     00:00:00:00:00:02    00:00:00:00:00:0d 9    877  [2,1,6,11,12,17,22,21]     00:00:00:00:00:02    00:00:00:00:00:0d 10    877  [2,1,6,11,16,17,22,21]     00:00:00:00:00:02    00:00:00:00:00:0d 11    877  [2,3,8,7,6,11,16,21]     00:00:00:00:00:02    00:00:00:00:00:0d 12    877  [2,3,8,7,12,11,16,21]     00:00:00:00:00:02    00:00:00:00:00:0d 13    877  [2,3,8,7,12,17,16,21]     00:00:00:00:00:02    00:00:00:00:00:0d 14    877  [2,3,8,7,12,17,22,21]     00:00:00:00:00:02    00:00:00:00:00:0d 15    877  [2,3,8,13,12,11,16,21]  
# h00:00:00:00:00:02 -> h00:00:00:00:00:05
   00:00:00:00:00:02    00:00:00:00:00:05 0    293  [2,3,4,5]     00:00:00:00:00:02    00:00:00:00:00:05 1    585  [2,3,4,9,10,5]     00:00:00:00:00:02    00:00:00:00:00:05 2    585  [2,3,8,9,4,5]     00:00:00:00:00:02    00:00:00:00:00:05 3    585  [2,3,8,9,10,5]     00:00:00:00:00:02    00:00:00:00:00:05 4    585  [2,7,8,3,4,5]     00:00:00:00:00:02    00:00:00:00:00:05 5    585  [2,7,8,9,4,5]     00:00:00:00:00:02    00:00:00:00:00:05 6    585  [2,7,8,9,10,5]     00:00:00:00:00:02    00:00:00:00:00:05 7    877  [2,1,6,7,8,3,4,5]     00:00:00:00:00:02    00:00:00:00:00:05 8    877  [2,1,6,7,2,3,4,5]     00:00:00:00:00:02    00:00:00:00:00:05 9    877  [2,1,6,7,8,9,4,5]     00:00:00:00:00:02    00:00:00:00:00:05 10    877  [2,1,6,7,8,9,10,5]     00:00:00:00:00:02    00:00:00:00:00:05 11    877  [2,3,4,9,14,15,10,5]     00:00:00:00:00:02    00:00:00:00:00:05 12    877  [2,3,8,9,14,15,10,5]     00:00:00:00:00:02    00:00:00:00:00:05 13    877  [2,3,8,13,14,9,4,5]     00:00:00:00:00:02    00:00:00:00:00:05 14    877  [2,3,8,13,14,9,10,5]     00:00:00:00:00:02    00:00:00:00:00:05 15    877  [2,3,8,13,14,15,10,5]  
# h00:00:00:00:00:02 -> h00:00:00:00:00:03
   00:00:00:00:00:02    00:00:00:00:00:03 0      0  [2,3]     00:00:00:00:00:02    00:00:00:00:00:03 1    293  [2,7,8,3]     00:00:00:00:00:02    00:00:00:00:00:03 2    585  [2,1,6,7,8,3]     00:00:00:00:00:02    00:00:00:00:00:03 3    585  [2,1,6,7,2,3]     00:00:00:00:00:02    00:00:00:00:00:03 4    585  [2,7,6,1,2,3]     00:00:00:00:00:02    00:00:00:00:00:03 5    585  [2,7,8,9,4,3]     00:00:00:00:00:02    00:00:00:00:00:03 6    585  [2,7,12,13,8,3]     00:00:00:00:00:02    00:00:00:00:00:03 7    877  [2,1,6,7,8,9,4,3]     00:00:00:00:00:02    00:00:00:00:00:03 8    877  [2,1,6,7,12,13,8,3]     00:00:00:00:00:02    00:00:00:00:00:03 9    877  [2,1,6,11,12,7,2,3]     00:00:00:00:00:02    00:00:00:00:00:03 10    877  [2,1,6,11,12,7,8,3]     00:00:00:00:00:02    00:00:00:00:00:03 11    877  [2,1,6,11,12,13,8,3]     00:00:00:00:00:02    00:00:00:00:00:03 12    877  [2,7,6,11,12,7,8,3]     00:00:00:00:00:02    00:00:00:00:00:03 13    877  [2,7,6,11,12,13,8,3]     00:00:00:00:00:02    00:00:00:00:00:03 14    877  [2,7,8,9,10,5,4,3]     00:00:00:00:00:02    00:00:00:00:00:03 15    877  [2,7,8,9,14,13,8,3]  
# h00:00:00:00:00:02 -> h00:00:00:00:00:0a
   00:00:00:00:00:02    00:00:00:00:00:0a 0    731  [2,3,4,9,14,19,24]     00:00:00:00:00:02    00:00:00:00:00:0a 1    731  [2,3,8,9,14,19,24]     00:00:00:00:00:02    00:00:00:00:00:0a 2    731  [2,3,8,13,14,19,24]     00:00:00:00:00:02    00:00:00:00:00:0a 3    731  [2,3,8,13,18,19,24]     00:00:00:00:00:02    00:00:00:00:00:0a 4    731  [2,3,8,13,18,23,24]     00:00:00:00:00:02    00:00:00:00:00:0a 5    731  [2,7,8,9,14,19,24]     00:00:00:00:00:02    00:00:00:00:00:0a 6    731  [2,7,8,13,14,19,24]     00:00:00:00:00:02    00:00:00:00:00:0a 7    731  [2,7,8,13,18,19,24]     00:00:00:00:00:02    00:00:00:00:00:0a 8    731  [2,7,8,13,18,23,24]     00:00:00:00:00:02    00:00:00:00:00:0a 9    731  [2,7,12,13,14,19,24]     00:00:00:00:00:02    00:00:00:00:00:0a 10    731  [2,7,12,13,18,19,24]     00:00:00:00:00:02    00:00:00:00:00:0a 11    731  [2,7,12,13,18,23,24]     00:00:00:00:00:02    00:00:00:00:00:0a 12    731  [2,7,12,17,18,19,24]     00:00:00:00:00:02    00:00:00:00:00:0a 13    731  [2,7,12,17,18,23,24]     00:00:00:00:00:02    00:00:00:00:00:0a 14    731  [2,7,12,17,22,23,24]     00:00:00:00:00:02    00:00:00:00:00:0a 15   1023  [2,1,6,7,8,9,14,19,24]  
# h00:00:00:00:00:02 -> h00:00:00:00:00:07
   00:00:00:00:00:02    00:00:00:00:00:07 0    585  [2,3,4,5,10,15]     00:00:00:00:00:02    00:00:00:00:00:07 1    585  [2,3,4,9,10,15]     00:00:00:00:00:02    00:00:00:00:00:07 2    585  [2,3,4,9,14,15]     00:00:00:00:00:02    00:00:00:00:00:07 3    585  [2,3,8,9,10,15]     00:00:00:00:00:02    00:00:00:00:00:07 4    585  [2,3,8,9,14,15]     00:00:00:00:00:02    00:00:00:00:00:07 5    585  [2,3,8,13,14,15]     00:00:00:00:00:02    00:00:00:00:00:07 6    585  [2,7,8,9,10,15]     00:00:00:00:00:02    00:00:00:00:00:07 7    585  [2,7,8,9,14,15]     00:00:00:00:00:02    00:00:00:00:00:07 8    585  [2,7,8,13,14,15]     00:00:00:00:00:02    00:00:00:00:00:07 9    585  [2,7,12,13,14,15]     00:00:00:00:00:02    00:00:00:00:00:07 10    877  [2,1,6,7,8,9,10,15]     00:00:00:00:00:02    00:00:00:00:00:07 11    877  [2,1,6,7,8,9,14,15]     00:00:00:00:00:02    00:00:00:00:00:07 12    877  [2,1,6,7,8,13,14,15]     00:00:00:00:00:02    00:00:00:00:00:07 13    877  [2,1,6,7,12,13,14,15]     00:00:00:00:00:02    00:00:00:00:00:07 14    877  [2,1,6,11,12,13,14,15]     00:00:00:00:00:02    00:00:00:00:00:07 15    877  [2,3,4,5,10,9,14,15]  
# h00:00:00:00:00:02 -> h00:00:00:00:00:0c
   00:00:00:00:00:02    00:00:00:00:00:0c 0    439  [2,7,12,17,22]     00:00:00:00:00:02    00:00:00:00:00:0c 1    731  [2,1,6,7,12,17,22]     00:00:00:00:00:02    00:00:00:00:00:0c 2    731  [2,1,6,11,12,17,22]     00:00:00:00:00:02    00:00:00:00:00:0c 3    731  [2,1,6,11,16,17,22]     00:00:00:00:00:02    00:00:00:00:00:0c 4    731  [2,1,6,11,16,21,22]     00:00:00:00:00:02    00:00:00:00:00:0c 5    731  [2,3,8,7,12,17,22]     00:00:00:00:00:02    00:00:00:00:00:0c 6    731  [2,3,8,13,12,17,22]     00:00:00:00:00:02    00:00:00:00:00:0c 7    731  [2,3,8,13,18,17,22]     00:00:00:00:00:02    00:00:00:00:00:0c 8    731  [2,3,8,13,18,23,22]     00:00:00:00:00:02    00:00:00:00:00:0c 9    731  [2,7,6,11,12,17,22]     00:00:00:00:00:02    00:00:00:00:00:0c 10    731  [2,7,6,11,16,17,22]     00:00:00:00:00:02    00:00:00:00:00:0c 11    731  [2,7,6,11,16,21,22]     00:00:00:00:00:02    00:00:00:00:00:0c 12    731  [2,7,8,13,12,17,22]     00:00:00:00:00:02    00:00:00:00:00:0c 13    731  [2,7,8,13,18,17,22]     00:00:00:00:00:02    00:00:00:00:00:0c 14    731  [2,7,8,13,18,23,22]     00:00:00:00:00:02    00:00:00:00:00:0c 15    731  [2,7,12,11,16,17,22]  
# h00:00:00:00:00:02 -> h00:00:00:00:00:0e
   00:00:00:00:00:02    00:00:00:00:00:0e 0    439  [2,1,6,11,16]     00:00:00:00:00:02    00:00:00:00:00:0e 1    439  [2,7,6,11,16]     00:00:00:00:00:02    00:00:00:00:00:0e 2    439  [2,7,12,11,16]     00:00:00:00:00:02    00:00:00:00:00:0e 3    439  [2,7,12,17,16]     00:00:00:00:00:02    00:00:00:00:00:0e 4    731  [2,1,6,7,12,11,16]     00:00:00:00:00:02    00:00:00:00:00:0e 5    731  [2,1,6,7,12,17,16]     00:00:00:00:00:02    00:00:00:00:00:0e 6    731  [2,1,6,11,12,17,16]     00:00:00:00:00:02    00:00:00:00:00:0e 7    731  [2,3,8,7,6,11,16]     00:00:00:00:00:02    00:00:00:00:00:0e 8    731  [2,3,8,7,12,11,16]     00:00:00:00:00:02    00:00:00:00:00:0e 9    731  [2,3,8,7,12,17,16]     00:00:00:00:00:02    00:00:00:00:00:0e 10    731  [2,3,8,13,12,11,16]     00:00:00:00:00:02    00:00:00:00:00:0e 11    731  [2,3,8,13,12,17,16]     00:00:00:00:00:02    00:00:00:00:00:0e 12    731  [2,3,8,13,18,17,16]     00:00:00:00:00:02    00:00:00:00:00:0e 13    731  [2,7,6,11,12,17,16]     00:00:00:00:00:02    00:00:00:00:00:0e 14    731  [2,7,8,13,12,11,16]     00:00:00:00:00:02    00:00:00:00:00:0e 15    731  [2,7,8,13,12,17,16]  
# h00:00:00:00:00:02 -> h00:00:00:00:00:0b
   00:00:00:00:00:02    00:00:00:00:00:0b 0    585  [2,3,8,13,18,23]     00:00:00:00:00:02    00:00:00:00:00:0b 1    585  [2,7,8,13,18,23]     00:00:00:00:00:02    00:00:00:00:00:0b 2    585  [2,7,12,13,18,23]     00:00:00:00:00:02    00:00:00:00:00:0b 3    585  [2,7,12,17,18,23]     00:00:00:00:00:02    00:00:00:00:00:0b 4    585  [2,7,12,17,22,23]     00:00:00:00:00:02    00:00:00:00:00:0b 5    877  [2,1,6,7,8,13,18,23]     00:00:00:00:00:02    00:00:00:00:00:0b 6    877  [2,1,6,7,12,13,18,23]     00:00:00:00:00:02    00:00:00:00:00:0b 7    877  [2,1,6,7,12,17,18,23]     00:00:00:00:00:02    00:00:00:00:00:0b 8    877  [2,1,6,7,12,17,22,23]     00:00:00:00:00:02    00:00:00:00:00:0b 9    877  [2,1,6,11,12,13,18,23]     00:00:00:00:00:02    00:00:00:00:00:0b 10    877  [2,1,6,11,12,17,18,23]     00:00:00:00:00:02    00:00:00:00:00:0b 11    877  [2,1,6,11,12,17,22,23]     00:00:00:00:00:02    00:00:00:00:00:0b 12    877  [2,1,6,11,16,17,18,23]     00:00:00:00:00:02    00:00:00:00:00:0b 13    877  [2,1,6,11,16,17,22,23]     00:00:00:00:00:02    00:00:00:00:00:0b 14    877  [2,1,6,11,16,21,22,23]     00:00:00:00:00:02    00:00:00:00:00:0b 15    877  [2,3,4,9,8,13,18,23]  
# h00:00:00:00:00:02 -> h00:00:00:00:00:09
   00:00:00:00:00:02    00:00:00:00:00:09 0    877  [2,3,4,5,10,15,20,25]     00:00:00:00:00:02    00:00:00:00:00:09 1    877  [2,3,4,9,10,15,20,25]     00:00:00:00:00:02    00:00:00:00:00:09 2    877  [2,3,4,9,14,15,20,25]     00:00:00:00:00:02    00:00:00:00:00:09 3    877  [2,3,4,9,14,19,20,25]     00:00:00:00:00:02    00:00:00:00:00:09 4    877  [2,3,4,9,14,19,24,25]     00:00:00:00:00:02    00:00:00:00:00:09 5    877  [2,3,8,9,10,15,20,25]     00:00:00:00:00:02    00:00:00:00:00:09 6    877  [2,3,8,9,14,15,20,25]     00:00:00:00:00:02    00:00:00:00:00:09 7    877  [2,3,8,9,14,19,20,25]     00:00:00:00:00:02    00:00:00:00:00:09 8    877  [2,3,8,9,14,19,24,25]     00:00:00:00:00:02    00:00:00:00:00:09 9    877  [2,3,8,13,14,15,20,25]     00:00:00:00:00:02    00:00:00:00:00:09 10    877  [2,3,8,13,14,19,20,25]     00:00:00:00:00:02    00:00:00:00:00:09 11    877  [2,3,8,13,14,19,24,25]     00:00:00:00:00:02    00:00:00:00:00:09 12    877  [2,3,8,13,18,19,20,25]     00:00:00:00:00:02    00:00:00:00:00:09 13    877  [2,3,8,13,18,19,24,25]     00:00:00:00:00:02    00:00:00:00:00:09 14    877  [2,3,8,13,18,23,24,25]     00:00:00:00:00:02    00:00:00:00:00:09 15    877  [2,7,8,9,10,15,20,25]  
# h00:00:00:00:00:02 -> h00:00:00:00:00:08
   00:00:00:00:00:02    00:00:00:00:00:08 0    731  [2,3,4,5,10,15,20]     00:00:00:00:00:02    00:00:00:00:00:08 1    731  [2,3,4,9,10,15,20]     00:00:00:00:00:02    00:00:00:00:00:08 2    731  [2,3,4,9,14,15,20]     00:00:00:00:00:02    00:00:00:00:00:08 3    731  [2,3,4,9,14,19,20]     00:00:00:00:00:02    00:00:00:00:00:08 4    731  [2,3,8,9,10,15,20]     00:00:00:00:00:02    00:00:00:00:00:08 5    731  [2,3,8,9,14,15,20]     00:00:00:00:00:02    00:00:00:00:00:08 6    731  [2,3,8,9,14,19,20]     00:00:00:00:00:02    00:00:00:00:00:08 7    731  [2,3,8,13,14,15,20]     00:00:00:00:00:02    00:00:00:00:00:08 8    731  [2,3,8,13,14,19,20]     00:00:00:00:00:02    00:00:00:00:00:08 9    731  [2,3,8,13,18,19,20]     00:00:00:00:00:02    00:00:00:00:00:08 10    731  [2,7,8,9,10,15,20]     00:00:00:00:00:02    00:00:00:00:00:08 11    731  [2,7,8,9,14,15,20]     00:00:00:00:00:02    00:00:00:00:00:08 12    731  [2,7,8,9,14,19,20]     00:00:00:00:00:02    00:00:00:00:00:08 13    731  [2,7,8,13,14,15,20]     00:00:00:00:00:02    00:00:00:00:00:08 14    731  [2,7,8,13,14,19,20]     00:00:00:00:00:02    00:00:00:00:00:08 15    731  [2,7,8,13,18,19,20]  
# h00:00:00:00:00:06 -> h00:00:00:00:00:01
   00:00:00:00:00:06    00:00:00:00:00:01 0    585  [10,5,4,3,2,1]     00:00:00:00:00:06    00:00:00:00:00:01 1    585  [10,9,4,3,2,1]     00:00:00:00:00:06    00:00:00:00:00:01 2    585  [10,9,8,3,2,1]     00:00:00:00:00:06    00:00:00:00:00:01 3    585  [10,9,8,7,2,1]     00:00:00:00:00:06    00:00:00:00:00:01 4    585  [10,9,8,7,6,1]     00:00:00:00:00:06    00:00:00:00:00:01 5    877  [10,5,4,3,2,7,6,1]     00:00:00:00:00:06    00:00:00:00:00:01 6    877  [10,5,4,3,8,7,2,1]     00:00:00:00:00:06    00:00:00:00:00:01 7    877  [10,5,4,3,8,7,6,1]     00:00:00:00:00:06    00:00:00:00:00:01 8    877  [10,5,4,9,8,3,2,1]     00:00:00:00:00:06    00:00:00:00:00:01 9    877  [10,5,4,9,8,7,2,1]     00:00:00:00:00:06    00:00:00:00:00:01 10    877  [10,5,4,9,8,7,6,1]     00:00:00:00:00:06    00:00:00:00:00:01 11    877  [10,9,4,3,2,7,6,1]     00:00:00:00:00:06    00:00:00:00:00:01 12    877  [10,9,4,3,8,7,2,1]     00:00:00:00:00:06    00:00:00:00:00:01 13    877  [10,9,4,3,8,7,6,1]     00:00:00:00:00:06    00:00:00:00:00:01 14    877  [10,9,8,3,2,7,6,1]     00:00:00:00:00:06    00:00:00:00:00:01 15    877  [10,9,8,7,12,11,6,1]  
# h00:00:00:00:00:06 -> h00:00:00:00:00:04
   00:00:00:00:00:06    00:00:00:00:00:04 0    146  [10,5,4]     00:00:00:00:00:06    00:00:00:00:00:04 1    146  [10,9,4]     00:00:00:00:00:06    00:00:00:00:00:04 2    439  [10,9,8,3,4]     00:00:00:00:00:06    00:00:00:00:00:04 3    439  [10,15,14,9,4]     00:00:00:00:00:06    00:00:00:00:00:04 4    731  [10,9,8,7,2,3,4]     00:00:00:00:00:06    00:00:00:00:00:04 5    731  [10,9,8,13,14,9,4]     00:00:00:00:00:06    00:00:00:00:00:04 6    731  [10,9,14,13,8,3,4]     00:00:00:00:00:06    00:00:00:00:00:04 7    731  [10,9,14,13,8,9,4]     00:00:00:00:00:06    00:00:00:00:00:04 8    731  [10,9,14,15,10,5,4]     00:00:00:00:00:06    00:00:00:00:00:04 9    731  [10,15,14,9,8,3,4]     00:00:00:00:00:06    00:00:00:00:00:04 10    731  [10,15,14,9,10,5,4]     00:00:00:00:00:06    00:00:00:00:00:04 11    731  [10,15,14,13,8,3,4]     00:00:00:00:00:06    00:00:00:00:00:04 12    731  [10,15,14,13,8,9,4]     00:00:00:00:00:06    00:00:00:00:00:04 13    731  [10,15,20,19,14,9,4]     00:00:00:00:00:06    00:00:00:00:00:04 14   1023  [10,9,8,7,6,1,2,3,4]     00:00:00:00:00:06    00:00:00:00:00:04 15   1023  [10,9,8,7,12,13,8,3,4]  
# h00:00:00:00:00:06 -> h00:00:00:00:00:02
   00:00:00:00:00:06    00:00:00:00:00:02 0    439  [10,5,4,3,2]     00:00:00:00:00:06    00:00:00:00:00:02 1    439  [10,9,4,3,2]     00:00:00:00:00:06    00:00:00:00:00:02 2    439  [10,9,8,3,2]     00:00:00:00:00:06    00:00:00:00:00:02 3    439  [10,9,8,7,2]     00:00:00:00:00:06    00:00:00:00:00:02 4    731  [10,5,4,3,8,7,2]     00:00:00:00:00:06    00:00:00:00:00:02 5    731  [10,5,4,9,8,3,2]     00:00:00:00:00:06    00:00:00:00:00:02 6    731  [10,5,4,9,8,7,2]     00:00:00:00:00:06    00:00:00:00:00:02 7    731  [10,9,4,3,8,7,2]     00:00:00:00:00:06    00:00:00:00:00:02 8    731  [10,9,8,7,6,1,2]     00:00:00:00:00:06    00:00:00:00:00:02 9    731  [10,9,8,13,12,7,2]     00:00:00:00:00:06    00:00:00:00:00:02 10    731  [10,9,14,13,8,3,2]     00:00:00:00:00:06    00:00:00:00:00:02 11    731  [10,9,14,13,8,7,2]     00:00:00:00:00:06    00:00:00:00:00:02 12    731  [10,9,14,13,12,7,2]     00:00:00:00:00:06    00:00:00:00:00:02 13    731  [10,15,14,9,4,3,2]     00:00:00:00:00:06    00:00:00:00:00:02 14    731  [10,15,14,9,8,3,2]     00:00:00:00:00:06    00:00:00:00:00:02 15    731  [10,15,14,9,8,7,2]  
# h00:00:00:00:00:06 -> h00:00:00:00:00:10
   00:00:00:00:00:06    00:00:00:00:00:10 0    439  [10,9,8,7,6]     00:00:00:00:00:06    00:00:00:00:00:10 1    731  [10,5,4,3,2,1,6]     00:00:00:00:00:06    00:00:00:00:00:10 2    731  [10,5,4,3,2,7,6]     00:00:00:00:00:06    00:00:00:00:00:10 3    731  [10,5,4,3,8,7,6]     00:00:00:00:00:06    00:00:00:00:00:10 4    731  [10,5,4,9,8,7,6]     00:00:00:00:00:06    00:00:00:00:00:10 5    731  [10,9,4,3,2,1,6]     00:00:00:00:00:06    00:00:00:00:00:10 6    731  [10,9,4,3,2,7,6]     00:00:00:00:00:06    00:00:00:00:00:10 7    731  [10,9,4,3,8,7,6]     00:00:00:00:00:06    00:00:00:00:00:10 8    731  [10,9,8,3,2,1,6]     00:00:00:00:00:06    00:00:00:00:00:10 9    731  [10,9,8,3,2,7,6]     00:00:00:00:00:06    00:00:00:00:00:10 10    731  [10,9,8,7,2,1,6]     00:00:00:00:00:06    00:00:00:00:00:10 11    731  [10,9,8,7,12,11,6]     00:00:00:00:00:06    00:00:00:00:00:10 12    731  [10,9,8,13,12,7,6]     00:00:00:00:00:06    00:00:00:00:00:10 13    731  [10,9,8,13,12,11,6]     00:00:00:00:00:06    00:00:00:00:00:10 14    731  [10,9,14,13,8,7,6]     00:00:00:00:00:06    00:00:00:00:00:10 15    731  [10,9,14,13,12,7,6]  
# h00:00:00:00:00:06 -> h00:00:00:00:00:0f
   00:00:00:00:00:06    00:00:00:00:00:0f 0    585  [10,9,8,7,6,11]     00:00:00:00:00:06    00:00:00:00:00:0f 1    585  [10,9,8,7,12,11]     00:00:00:00:00:06    00:00:00:00:00:0f 2    585  [10,9,8,13,12,11]     00:00:00:00:00:06    00:00:00:00:00:0f 3    585  [10,9,14,13,12,11]     00:00:00:00:00:06    00:00:00:00:00:0f 4    585  [10,15,14,13,12,11]     00:00:00:00:00:06    00:00:00:00:00:0f 5    877  [10,5,4,3,2,1,6,11]     00:00:00:00:00:06    00:00:00:00:00:0f 6    877  [10,5,4,3,2,7,6,11]     00:00:00:00:00:06    00:00:00:00:00:0f 7    877  [10,5,4,3,2,7,12,11]     00:00:00:00:00:06    00:00:00:00:00:0f 8    877  [10,5,4,3,8,7,6,11]     00:00:00:00:00:06    00:00:00:00:00:0f 9    877  [10,5,4,3,8,7,12,11]     00:00:00:00:00:06    00:00:00:00:00:0f 10    877  [10,5,4,3,8,13,12,11]     00:00:00:00:00:06    00:00:00:00:00:0f 11    877  [10,5,4,9,8,7,6,11]     00:00:00:00:00:06    00:00:00:00:00:0f 12    877  [10,5,4,9,8,7,12,11]     00:00:00:00:00:06    00:00:00:00:00:0f 13    877  [10,5,4,9,8,13,12,11]     00:00:00:00:00:06    00:00:00:00:00:0f 14    877  [10,5,4,9,14,13,12,11]     00:00:00:00:00:06    00:00:00:00:00:0f 15    877  [10,9,4,3,2,1,6,11]  
# h00:00:00:00:00:06 -> h00:00:00:00:00:0d
   00:00:00:00:00:06    00:00:00:00:00:0d 0    877  [10,9,8,7,6,11,16,21]     00:00:00:00:00:06    00:00:00:00:00:0d 1    877  [10,9,8,7,12,11,16,21]     00:00:00:00:00:06    00:00:00:00:00:0d 2    877  [10,9,8,7,12,17,16,21]     00:00:00:00:00:06    00:00:00:00:00:0d 3    877  [10,9,8,7,12,17,22,21]     00:00:00:00:00:06    00:00:00:00:00:0d 4    877  [10,9,8,13,12,11,16,21]     00:00:00:00:00:06    00:00:00:00:00:0d 5    877  [10,9,8,13,12,17,16,21]     00:00:00:00:00:06    00:00:00:00:00:0d 6    877  [10,9,8,13,12,17,22,21]     00:00:00:00:00:06    00:00:00:00:00:0d 7    877  [10,9,8,13,18,17,16,21]     00:00:00:00:00:06    00:00:00:00:00:0d 8    877  [10,9,8,13,18,17,22,21]     00:00:00:00:00:06    00:00:00:00:00:0d 9    877  [10,9,8,13,18,23,22,21]     00:00:00:00:00:06    00:00:00:00:00:0d 10    877  [10,9,14,13,12,11,16,21]     00:00:00:00:00:06    00:00:00:00:00:0d 11    877  [10,9,14,13,12,17,16,21]     00:00:00:00:00:06    00:00:00:00:00:0d 12    877  [10,9,14,13,12,17,22,21]     00:00:00:00:00:06    00:00:00:00:00:0d 13    877  [10,9,14,13,18,17,16,21]     00:00:00:00:00:06    00:00:00:00:00:0d 14    877  [10,9,14,13,18,17,22,21]     00:00:00:00:00:06    00:00:00:00:00:0d 15    877  [10,9,14,13,18,23,22,21]  
# h00:00:00:00:00:06 -> h00:00:00:00:00:05
   00:00:00:00:00:06    00:00:00:00:00:05 0      0  [10,5]     00:00:00:00:00:06    00:00:00:00:00:05 1    293  [10,9,4,5]     00:00:00:00:00:06    00:00:00:00:00:05 2    585  [10,9,8,3,4,5]     00:00:00:00:00:06    00:00:00:00:00:05 3    585  [10,9,14,15,10,5]     00:00:00:00:00:06    00:00:00:00:00:05 4    585  [10,15,14,9,4,5]     00:00:00:00:00:06    00:00:00:00:00:05 5    585  [10,15,14,9,10,5]     00:00:00:00:00:06    00:00:00:00:00:05 6    877  [10,9,8,7,2,3,4,5]     00:00:00:00:00:06    00:00:00:00:00:05 7    877  [10,9,8,13,14,9,4,5]     00:00:00:00:00:06    00:00:00:00:00:05 8    877  [10,9,8,13,14,15,10,5]     00:00:00:00:00:06    00:00:00:00:00:05 9    877  [10,9,14,13,8,3,4,5]     00:00:00:00:00:06    00:00:00:00:00:05 10    877  [10,9,14,13,8,9,4,5]     00:00:00:00:00:06    00:00:00:00:00:05 11    877  [10,9,14,19,20,15,10,5]     00:00:00:00:00:06    00:00:00:00:00:05 12    877  [10,15,14,9,8,3,4,5]     00:00:00:00:00:06    00:00:00:00:00:05 13    877  [10,15,14,13,8,3,4,5]     00:00:00:00:00:06    00:00:00:00:00:05 14    877  [10,15,14,13,8,9,4,5]     00:00:00:00:00:06    00:00:00:00:00:05 15    877  [10,15,14,13,8,9,10,5]  
# h00:00:00:00:00:06 -> h00:00:00:00:00:03
   00:00:00:00:00:06    00:00:00:00:00:03 0    293  [10,5,4,3]     00:00:00:00:00:06    00:00:00:00:00:03 1    293  [10,9,4,3]     00:00:00:00:00:06    00:00:00:00:00:03 2    293  [10,9,8,3]     00:00:00:00:00:06    00:00:00:00:00:03 3    585  [10,5,4,9,8,3]     00:00:00:00:00:06    00:00:00:00:00:03 4    585  [10,9,8,7,2,3]     00:00:00:00:00:06    00:00:00:00:00:03 5    585  [10,9,14,13,8,3]     00:00:00:00:00:06    00:00:00:00:00:03 6    585  [10,15,14,9,4,3]     00:00:00:00:00:06    00:00:00:00:00:03 7    585  [10,15,14,9,8,3]     00:00:00:00:00:06    00:00:00:00:00:03 8    585  [10,15,14,13,8,3]     00:00:00:00:00:06    00:00:00:00:00:03 9    877  [10,5,4,9,8,7,2,3]     00:00:00:00:00:06    00:00:00:00:00:03 10    877  [10,5,4,9,14,13,8,3]     00:00:00:00:00:06    00:00:00:00:00:03 11    877  [10,9,8,7,6,1,2,3]     00:00:00:00:00:06    00:00:00:00:00:03 12    877  [10,9,8,7,12,13,8,3]     00:00:00:00:00:06    00:00:00:00:00:03 13    877  [10,9,8,13,12,7,2,3]     00:00:00:00:00:06    00:00:00:00:00:03 14    877  [10,9,8,13,12,7,8,3]     00:00:00:00:00:06    00:00:00:00:00:03 15    877  [10,9,8,13,14,9,4,3]  
# h00:00:00:00:00:06 -> h00:00:00:00:00:0a
   00:00:00:00:00:06    00:00:00:00:00:0a 0    439  [10,9,14,19,24]     00:00:00:00:00:06    00:00:00:00:00:0a 1    439  [10,15,14,19,24]     00:00:00:00:00:06    00:00:00:00:00:0a 2    439  [10,15,20,19,24]     00:00:00:00:00:06    00:00:00:00:00:0a 3    439  [10,15,20,25,24]     00:00:00:00:00:06    00:00:00:00:00:0a 4    731  [10,5,4,9,14,19,24]     00:00:00:00:00:06    00:00:00:00:00:0a 5    731  [10,9,8,13,14,19,24]     00:00:00:00:00:06    00:00:00:00:00:0a 6    731  [10,9,8,13,18,19,24]     00:00:00:00:00:06    00:00:00:00:00:0a 7    731  [10,9,8,13,18,23,24]     00:00:00:00:00:06    00:00:00:00:00:0a 8    731  [10,9,14,13,18,19,24]     00:00:00:00:00:06    00:00:00:00:00:0a 9    731  [10,9,14,13,18,23,24]     00:00:00:00:00:06    00:00:00:00:00:0a 10    731  [10,9,14,15,20,19,24]     00:00:00:00:00:06    00:00:00:00:00:0a 11    731  [10,9,14,15,20,25,24]     00:00:00:00:00:06    00:00:00:00:00:0a 12    731  [10,9,14,19,18,23,24]     00:00:00:00:00:06    00:00:00:00:00:0a 13    731  [10,9,14,19,20,25,24]     00:00:00:00:00:06    00:00:00:00:00:0a 14    731  [10,15,14,13,18,19,24]     00:00:00:00:00:06    00:00:00:00:00:0a 15    731  [10,15,14,13,18,23,24]  
# h00:00:00:00:00:06 -> h00:00:00:00:00:07
   00:00:00:00:00:06    00:00:00:00:00:07 0      0  [10,15]     00:00:00:00:00:06    00:00:00:00:00:07 1    293  [10,9,14,15]     00:00:00:00:00:06    00:00:00:00:00:07 2    585  [10,5,4,9,14,15]     00:00:00:00:00:06    00:00:00:00:00:07 3    585  [10,5,4,9,10,15]     00:00:00:00:00:06    00:00:00:00:00:07 4    585  [10,9,4,5,10,15]     00:00:00:00:00:06    00:00:00:00:00:07 5    585  [10,9,8,13,14,15]     00:00:00:00:00:06    00:00:00:00:00:07 6    585  [10,9,14,19,20,15]     00:00:00:00:00:06    00:00:00:00:00:07 7    877  [10,5,4,3,8,9,10,15]     00:00:00:00:00:06    00:00:00:00:00:07 8    877  [10,5,4,3,8,9,14,15]     00:00:00:00:00:06    00:00:00:00:00:07 9    877  [10,5,4,3,8,13,14,15]     00:00:00:00:00:06    00:00:00:00:00:07 10    877  [10,5,4,9,8,13,14,15]     00:00:00:00:00:06    00:00:00:00:00:07 11    877  [10,5,4,9,14,19,20,15]     00:00:00:00:00:06    00:00:00:00:00:07 12    877  [10,9,4,3,8,9,14,15]     00:00:00:00:00:06    00:00:00:00:00:07 13    877  [10,9,4,3,8,13,14,15]     00:00:00:00:00:06    00:00:00:00:00:07 14    877  [10,9,8,3,4,5,10,15]     00:00:00:00:00:06    00:00:00:00:00:07 15    877  [10,9,8,3,4,9,14,15]  
# h00:00:00:00:00:06 -> h00:00:00:00:00:0c
   00:00:00:00:00:06    00:00:00:00:00:0c 0    731  [10,9,8,7,12,17,22]     00:00:00:00:00:06    00:00:00:00:00:0c 1    731  [10,9,8,13,12,17,22]     00:00:00:00:00:06    00:00:00:00:00:0c 2    731  [10,9,8,13,18,17,22]     00:00:00:00:00:06    00:00:00:00:00:0c 3    731  [10,9,8,13,18,23,22]     00:00:00:00:00:06    00:00:00:00:00:0c 4    731  [10,9,14,13,12,17,22]     00:00:00:00:00:06    00:00:00:00:00:0c 5    731  [10,9,14,13,18,17,22]     00:00:00:00:00:06    00:00:00:00:00:0c 6    731  [10,9,14,13,18,23,22]     00:00:00:00:00:06    00:00:00:00:00:0c 7    731  [10,9,14,19,18,17,22]     00:00:00:00:00:06    00:00:00:00:00:0c 8    731  [10,9,14,19,18,23,22]     00:00:00:00:00:06    00:00:00:00:00:0c 9    731  [10,9,14,19,24,23,22]     00:00:00:00:00:06    00:00:00:00:00:0c 10    731  [10,15,14,13,12,17,22]     00:00:00:00:00:06    00:00:00:00:00:0c 11    731  [10,15,14,13,18,17,22]     00:00:00:00:00:06    00:00:00:00:00:0c 12    731  [10,15,14,13,18,23,22]     00:00:00:00:00:06    00:00:00:00:00:0c 13    731  [10,15,14,19,18,17,22]     00:00:00:00:00:06    00:00:00:00:00:0c 14    731  [10,15,14,19,18,23,22]     00:00:00:00:00:06    00:00:00:00:00:0c 15    731  [10,15,14,19,24,23,22]  
# h00:00:00:00:00:06 -> h00:00:00:00:00:0e
   00:00:00:00:00:06    00:00:00:00:00:0e 0    731  [10,9,8,7,6,11,16]     00:00:00:00:00:06    00:00:00:00:00:0e 1    731  [10,9,8,7,12,11,16]     00:00:00:00:00:06    00:00:00:00:00:0e 2    731  [10,9,8,7,12,17,16]     00:00:00:00:00:06    00:00:00:00:00:0e 3    731  [10,9,8,13,12,11,16]     00:00:00:00:00:06    00:00:00:00:00:0e 4    731  [10,9,8,13,12,17,16]     00:00:00:00:00:06    00:00:00:00:00:0e 5    731  [10,9,8,13,18,17,16]     00:00:00:00:00:06    00:00:00:00:00:0e 6    731  [10,9,14,13,12,11,16]     00:00:00:00:00:06    00:00:00:00:00:0e 7    731  [10,9,14,13,12,17,16]     00:00:00:00:00:06    00:00:00:00:00:0e 8    731  [10,9,14,13,18,17,16]     00:00:00:00:00:06    00:00:00:00:00:0e 9    731  [10,9,14,19,18,17,16]     00:00:00:00:00:06    00:00:00:00:00:0e 10    731  [10,15,14,13,12,11,16]     00:00:00:00:00:06    00:00:00:00:00:0e 11    731  [10,15,14,13,12,17,16]     00:00:00:00:00:06    00:00:00:00:00:0e 12    731  [10,15,14,13,18,17,16]     00:00:00:00:00:06    00:00:00:00:00:0e 13    731  [10,15,14,19,18,17,16]     00:00:00:00:00:06    00:00:00:00:00:0e 14    731  [10,15,20,19,18,17,16]     00:00:00:00:00:06    00:00:00:00:00:0e 15   1023  [10,5,4,3,2,1,6,11,16]  
# h00:00:00:00:00:06 -> h00:00:00:00:00:0b
   00:00:00:00:00:06    00:00:00:00:00:0b 0    585  [10,9,8,13,18,23]     00:00:00:00:00:06    00:00:00:00:00:0b 1    585  [10,9,14,13,18,23]     00:00:00:00:00:06    00:00:00:00:00:0b 2    585  [10,9,14,19,18,23]     00:00:00:00:00:06    00:00:00:00:00:0b 3    585  [10,9,14,19,24,23]     00:00:00:00:00:06    00:00:00:00:00:0b 4    585  [10,15,14,13,18,23]     00:00:00:00:00:06    00:00:00:00:00:0b 5    585  [10,15,14,19,18,23]     00:00:00:00:00:06    00:00:00:00:00:0b 6    585  [10,15,14,19,24,23]     00:00:00:00:00:06    00:00:00:00:00:0b 7    585  [10,15,20,19,18,23]     00:00:00:00:00:06    00:00:00:00:00:0b 8    585  [10,15,20,19,24,23]     00:00:00:00:00:06    00:00:00:00:00:0b 9    585  [10,15,20,25,24,23]     00:00:00:00:00:06    00:00:00:00:00:0b 10    877  [10,5,4,3,8,13,18,23]     00:00:00:00:00:06    00:00:00:00:00:0b 11    877  [10,5,4,9,8,13,18,23]     00:00:00:00:00:06    00:00:00:00:00:0b 12    877  [10,5,4,9,14,13,18,23]     00:00:00:00:00:06    00:00:00:00:00:0b 13    877  [10,5,4,9,14,19,18,23]     00:00:00:00:00:06    00:00:00:00:00:0b 14    877  [10,5,4,9,14,19,24,23]     00:00:00:00:00:06    00:00:00:00:00:0b 15    877  [10,9,4,3,8,13,18,23]  
# h00:00:00:00:00:06 -> h00:00:00:00:00:09
   00:00:00:00:00:06    00:00:00:00:00:09 0    293  [10,15,20,25]     00:00:00:00:00:06    00:00:00:00:00:09 1    585  [10,9,14,15,20,25]     00:00:00:00:00:06    00:00:00:00:00:09 2    585  [10,9,14,19,20,25]     00:00:00:00:00:06    00:00:00:00:00:09 3    585  [10,9,14,19,24,25]     00:00:00:00:00:06    00:00:00:00:00:09 4    585  [10,15,14,19,20,25]     00:00:00:00:00:06    00:00:00:00:00:09 5    585  [10,15,14,19,24,25]     00:00:00:00:00:06    00:00:00:00:00:09 6    585  [10,15,20,19,24,25]     00:00:00:00:00:06    00:00:00:00:00:09 7    877  [10,5,4,9,14,15,20,25]     00:00:00:00:00:06    00:00:00:00:00:09 8    877  [10,5,4,9,10,15,20,25]     00:00:00:00:00:06    00:00:00:00:00:09 9    877  [10,5,4,9,14,19,20,25]     00:00:00:00:00:06    00:00:00:00:00:09 10    877  [10,5,4,9,14,19,24,25]     00:00:00:00:00:06    00:00:00:00:00:09 11    877  [10,9,4,5,10,15,20,25]     00:00:00:00:00:06    00:00:00:00:00:09 12    877  [10,9,8,13,14,15,20,25]     00:00:00:00:00:06    00:00:00:00:00:09 13    877  [10,9,8,13,14,19,20,25]     00:00:00:00:00:06    00:00:00:00:00:09 14    877  [10,9,8,13,14,19,24,25]     00:00:00:00:00:06    00:00:00:00:00:09 15    877  [10,9,8,13,18,19,20,25]  
# h00:00:00:00:00:06 -> h00:00:00:00:00:08
   00:00:00:00:00:06    00:00:00:00:00:08 0    146  [10,15,20]     00:00:00:00:00:06    00:00:00:00:00:08 1    439  [10,9,14,15,20]     00:00:00:00:00:06    00:00:00:00:00:08 2    439  [10,9,14,19,20]     00:00:00:00:00:06    00:00:00:00:00:08 3    439  [10,15,14,19,20]     00:00:00:00:00:06    00:00:00:00:00:08 4    731  [10,5,4,9,14,15,20]     00:00:00:00:00:06    00:00:00:00:00:08 5    731  [10,5,4,9,10,15,20]     00:00:00:00:00:06    00:00:00:00:00:08 6    731  [10,5,4,9,14,19,20]     00:00:00:00:00:06    00:00:00:00:00:08 7    731  [10,9,4,5,10,15,20]     00:00:00:00:00:06    00:00:00:00:00:08 8    731  [10,9,8,13,14,15,20]     00:00:00:00:00:06    00:00:00:00:00:08 9    731  [10,9,8,13,14,19,20]     00:00:00:00:00:06    00:00:00:00:00:08 10    731  [10,9,8,13,18,19,20]     00:00:00:00:00:06    00:00:00:00:00:08 11    731  [10,9,14,13,18,19,20]     00:00:00:00:00:06    00:00:00:00:00:08 12    731  [10,9,14,19,24,25,20]     00:00:00:00:00:06    00:00:00:00:00:08 13    731  [10,15,14,13,18,19,20]     00:00:00:00:00:06    00:00:00:00:00:08 14    731  [10,15,14,19,24,25,20]     00:00:00:00:00:06    00:00:00:00:00:08 15   1023  [10,5,4,3,8,9,10,15,20]  
# h00:00:00:00:00:10 -> h00:00:00:00:00:01
   00:00:00:00:00:10    00:00:00:00:00:01 0      0  [6,1]     00:00:00:00:00:10    00:00:00:00:00:01 1    293  [6,7,2,1]     00:00:00:00:00:10    00:00:00:00:00:01 2    585  [6,7,8,3,2,1]     00:00:00:00:00:10    00:00:00:00:00:01 3    585  [6,7,12,11,6,1]     00:00:00:00:00:10    00:00:00:00:00:01 4    585  [6,11,12,7,2,1]     00:00:00:00:00:10    00:00:00:00:00:01 5    585  [6,11,12,7,6,1]     00:00:00:00:00:10    00:00:00:00:00:01 6    877  [6,7,8,9,4,3,2,1]     00:00:00:00:00:10    00:00:00:00:00:01 7    877  [6,7,8,13,12,7,2,1]     00:00:00:00:00:10    00:00:00:00:00:01 8    877  [6,7,8,13,12,11,6,1]     00:00:00:00:00:10    00:00:00:00:00:01 9    877  [6,7,12,13,8,3,2,1]     00:00:00:00:00:10    00:00:00:00:00:01 10    877  [6,7,12,13,8,7,2,1]     00:00:00:00:00:10    00:00:00:00:00:01 11    877  [6,7,12,17,16,11,6,1]     00:00:00:00:00:10    00:00:00:00:00:01 12    877  [6,11,12,7,8,3,2,1]     00:00:00:00:00:10    00:00:00:00:00:01 13    877  [6,11,12,13,8,3,2,1]     00:00:00:00:00:10    00:00:00:00:00:01 14    877  [6,11,12,13,8,7,2,1]     00:00:00:00:00:10    00:00:00:00:00:01 15    877  [6,11,12,13,8,7,6,1]  
# h00:00:00:00:00:10 -> h00:00:00:00:00:04
   00:00:00:00:00:10    00:00:00:00:00:04 0    439  [6,1,2,3,4]     00:00:00:00:00:10    00:00:00:00:00:04 1    439  [6,7,2,3,4]     00:00:00:00:00:10    00:00:00:00:00:04 2    439  [6,7,8,3,4]     00:00:00:00:00:10    00:00:00:00:00:04 3    439  [6,7,8,9,4]     00:00:00:00:00:10    00:00:00:00:00:04 4    731  [6,1,2,3,8,9,4]     00:00:00:00:00:10    00:00:00:00:00:04 5    731  [6,1,2,7,8,3,4]     00:00:00:00:00:10    00:00:00:00:00:04 6    731  [6,1,2,7,8,9,4]     00:00:00:00:00:10    00:00:00:00:00:04 7    731  [6,7,2,3,8,9,4]     00:00:00:00:00:10    00:00:00:00:00:04 8    731  [6,7,8,9,10,5,4]     00:00:00:00:00:10    00:00:00:00:00:04 9    731  [6,7,8,13,14,9,4]     00:00:00:00:00:10    00:00:00:00:00:04 10    731  [6,7,12,13,8,3,4]     00:00:00:00:00:10    00:00:00:00:00:04 11    731  [6,7,12,13,8,9,4]     00:00:00:00:00:10    00:00:00:00:00:04 12    731  [6,7,12,13,14,9,4]     00:00:00:00:00:10    00:00:00:00:00:04 13    731  [6,11,12,7,2,3,4]     00:00:00:00:00:10    00:00:00:00:00:04 14    731  [6,11,12,7,8,3,4]     00:00:00:00:00:10    00:00:00:00:00:04 15    731  [6,11,12,7,8,9,4]  
# h00:00:00:00:00:10 -> h00:00:00:00:00:02
   00:00:00:00:00:10    00:00:00:00:00:02 0    146  [6,1,2]     00:00:00:00:00:10    00:00:00:00:00:02 1    146  [6,7,2]     00:00:00:00:00:10    00:00:00:00:00:02 2    439  [6,7,8,3,2]     00:00:00:00:00:10    00:00:00:00:00:02 3    439  [6,11,12,7,2]     00:00:00:00:00:10    00:00:00:00:00:02 4    731  [6,7,8,9,4,3,2]     00:00:00:00:00:10    00:00:00:00:00:02 5    731  [6,7,8,13,12,7,2]     00:00:00:00:00:10    00:00:00:00:00:02 6    731  [6,7,12,11,6,1,2]     00:00:00:00:00:10    00:00:00:00:00:02 7    731  [6,7,12,13,8,3,2]     00:00:00:00:00:10    00:00:00:00:00:02 8    731  [6,7,12,13,8,7,2]     00:00:00:00:00:10    00:00:00:00:00:02 9    731  [6,11,12,7,6,1,2]     00:00:00:00:00:10    00:00:00:00:00:02 10    731  [6,11,12,7,8,3,2]     00:00:00:00:00:10    00:00:00:00:00:02 11    731  [6,11,12,13,8,3,2]     00:00:00:00:00:10    00:00:00:00:00:02 12    731  [6,11,12,13,8,7,2]     00:00:00:00:00:10    00:00:00:00:00:02 13    731  [6,11,16,17,12,7,2]     00:00:00:00:00:10    00:00:00:00:00:02 14   1023  [6,7,8,9,10,5,4,3,2]     00:00:00:00:00:10    00:00:00:00:00:02 15   1023  [6,7,8,9,14,13,8,3,2]  
# h00:00:00:00:00:10 -> h00:00:00:00:00:06
   00:00:00:00:00:10    00:00:00:00:00:06 0    439  [6,7,8,9,10]     00:00:00:00:00:10    00:00:00:00:00:06 1    731  [6,1,2,3,4,5,10]     00:00:00:00:00:10    00:00:00:00:00:06 2    731  [6,1,2,3,4,9,10]     00:00:00:00:00:10    00:00:00:00:00:06 3    731  [6,1,2,3,8,9,10]     00:00:00:00:00:10    00:00:00:00:00:06 4    731  [6,1,2,7,8,9,10]     00:00:00:00:00:10    00:00:00:00:00:06 5    731  [6,7,2,3,4,5,10]     00:00:00:00:00:10    00:00:00:00:00:06 6    731  [6,7,2,3,4,9,10]     00:00:00:00:00:10    00:00:00:00:00:06 7    731  [6,7,2,3,8,9,10]     00:00:00:00:00:10    00:00:00:00:00:06 8    731  [6,7,8,3,4,5,10]     00:00:00:00:00:10    00:00:00:00:00:06 9    731  [6,7,8,3,4,9,10]     00:00:00:00:00:10    00:00:00:00:00:06 10    731  [6,7,8,9,4,5,10]     00:00:00:00:00:10    00:00:00:00:00:06 11    731  [6,7,8,9,14,15,10]     00:00:00:00:00:10    00:00:00:00:00:06 12    731  [6,7,8,13,14,9,10]     00:00:00:00:00:10    00:00:00:00:00:06 13    731  [6,7,8,13,14,15,10]     00:00:00:00:00:10    00:00:00:00:00:06 14    731  [6,7,12,13,8,9,10]     00:00:00:00:00:10    00:00:00:00:00:06 15    731  [6,7,12,13,14,9,10]  
# h00:00:00:00:00:10 -> h00:00:00:00:00:0f
   00:00:00:00:00:10    00:00:00:00:00:0f 0      0  [6,11]     00:00:00:00:00:10    00:00:00:00:00:0f 1    293  [6,7,12,11]     00:00:00:00:00:10    00:00:00:00:00:0f 2    585  [6,1,2,7,12,11]     00:00:00:00:00:10    00:00:00:00:00:0f 3    585  [6,1,2,7,6,11]     00:00:00:00:00:10    00:00:00:00:00:0f 4    585  [6,7,2,1,6,11]     00:00:00:00:00:10    00:00:00:00:00:0f 5    585  [6,7,8,13,12,11]     00:00:00:00:00:10    00:00:00:00:00:0f 6    585  [6,7,12,17,16,11]     00:00:00:00:00:10    00:00:00:00:00:0f 7    877  [6,1,2,3,8,7,6,11]     00:00:00:00:00:10    00:00:00:00:00:0f 8    877  [6,1,2,3,8,7,12,11]     00:00:00:00:00:10    00:00:00:00:00:0f 9    877  [6,1,2,3,8,13,12,11]     00:00:00:00:00:10    00:00:00:00:00:0f 10    877  [6,1,2,7,8,13,12,11]     00:00:00:00:00:10    00:00:00:00:00:0f 11    877  [6,1,2,7,12,17,16,11]     00:00:00:00:00:10    00:00:00:00:00:0f 12    877  [6,7,2,3,8,7,12,11]     00:00:00:00:00:10    00:00:00:00:00:0f 13    877  [6,7,2,3,8,13,12,11]     00:00:00:00:00:10    00:00:00:00:00:0f 14    877  [6,7,8,3,2,1,6,11]     00:00:00:00:00:10    00:00:00:00:00:0f 15    877  [6,7,8,3,2,7,12,11]  
# h00:00:00:00:00:10 -> h00:00:00:00:00:0d
   00:00:00:00:00:10    00:00:00:00:00:0d 0    293  [6,11,16,21]     00:00:00:00:00:10    00:00:00:00:00:0d 1    585  [6,7,12,11,16,21]     00:00:00:00:00:10    00:00:00:00:00:0d 2    585  [6,7,12,17,16,21]     00:00:00:00:00:10    00:00:00:00:00:0d 3    585  [6,7,12,17,22,21]     00:00:00:00:00:10    00:00:00:00:00:0d 4    585  [6,11,12,17,16,21]     00:00:00:00:00:10    00:00:00:00:00:0d 5    585  [6,11,12,17,22,21]     00:00:00:00:00:10    00:00:00:00:00:0d 6    585  [6,11,16,17,22,21]     00:00:00:00:00:10    00:00:00:00:00:0d 7    877  [6,1,2,7,12,11,16,21]     00:00:00:00:00:10    00:00:00:00:00:0d 8    877  [6,1,2,7,6,11,16,21]     00:00:00:00:00:10    00:00:00:00:00:0d 9    877  [6,1,2,7,12,17,16,21]     00:00:00:00:00:10    00:00:00:00:00:0d 10    877  [6,1,2,7,12,17,22,21]     00:00:00:00:00:10    00:00:00:00:00:0d 11    877  [6,7,2,1,6,11,16,21]     00:00:00:00:00:10    00:00:00:00:00:0d 12    877  [6,7,8,13,12,11,16,21]     00:00:00:00:00:10    00:00:00:00:00:0d 13    877  [6,7,8,13,12,17,16,21]     00:00:00:00:00:10    00:00:00:00:00:0d 14    877  [6,7,8,13,12,17,22,21]     00:00:00:00:00:10    00:00:00:00:00:0d 15    877  [6,7,8,13,18,17,16,21]  
# h00:00:00:00:00:10 -> h00:00:00:00:00:05
   00:00:00:00:00:10    00:00:00:00:00:05 0    585  [6,1,2,3,4,5]     00:00:00:00:00:10    00:00:00:00:00:05 1    585  [6,7,2,3,4,5]     00:00:00:00:00:10    00:00:00:00:00:05 2    585  [6,7,8,3,4,5]     00:00:00:00:00:10    00:00:00:00:00:05 3    585  [6,7,8,9,4,5]     00:00:00:00:00:10    00:00:00:00:00:05 4    585  [6,7,8,9,10,5]     00:00:00:00:00:10    00:00:00:00:00:05 5    877  [6,1,2,3,4,9,10,5]     00:00:00:00:00:10    00:00:00:00:00:05 6    877  [6,1,2,3,8,9,4,5]     00:00:00:00:00:10    00:00:00:00:00:05 7    877  [6,1,2,3,8,9,10,5]     00:00:00:00:00:10    00:00:00:00:00:05 8    877  [6,1,2,7,8,3,4,5]     00:00:00:00:00:10    00:00:00:00:00:05 9    877  [6,1,2,7,8,9,4,5]     00:00:00:00:00:10    00:00:00:00:00:05 10    877  [6,1,2,7,8,9,10,5]     00:00:00:00:00:10    00:00:00:00:00:05 11    877  [6,7,2,3,4,9,10,5]     00:00:00:00:00:10    00:00:00:00:00:05 12    877  [6,7,2,3,8,9,4,5]     00:00:00:00:00:10    00:00:00:00:00:05 13    877  [6,7,2,3,8,9,10,5]     00:00:00:00:00:10    00:00:00:00:00:05 14    877  [6,7,8,3,4,9,10,5]     00:00:00:00:00:10    00:00:00:00:00:05 15    877  [6,7,8,9,14,15,10,5]  
# h00:00:00:00:00:10 -> h00:00:00:00:00:03
   00:00:00:00:00:10    00:00:00:00:00:03 0    293  [6,1,2,3]     00:00:00:00:00:10    00:00:00:00:00:03 1    293  [6,7,2,3]     00:00:00:00:00:10    00:00:00:00:00:03 2    293  [6,7,8,3]     00:00:00:00:00:10    00:00:00:00:00:03 3    585  [6,1,2,7,8,3]     00:00:00:00:00:10    00:00:00:00:00:03 4    585  [6,7,8,9,4,3]     00:00:00:00:00:10    00:00:00:00:00:03 5    585  [6,7,12,13,8,3]     00:00:00:00:00:10    00:00:00:00:00:03 6    585  [6,11,12,7,2,3]     00:00:00:00:00:10    00:00:00:00:00:03 7    585  [6,11,12,7,8,3]     00:00:00:00:00:10    00:00:00:00:00:03 8    585  [6,11,12,13,8,3]     00:00:00:00:00:10    00:00:00:00:00:03 9    877  [6,1,2,7,8,9,4,3]     00:00:00:00:00:10    00:00:00:00:00:03 10    877  [6,1,2,7,12,13,8,3]     00:00:00:00:00:10    00:00:00:00:00:03 11    877  [6,7,8,9,10,5,4,3]     00:00:00:00:00:10    00:00:00:00:00:03 12    877  [6,7,8,9,14,13,8,3]     00:00:00:00:00:10    00:00:00:00:00:03 13    877  [6,7,8,13,12,7,2,3]     00:00:00:00:00:10    00:00:00:00:00:03 14    877  [6,7,8,13,14,9,4,3]     00:00:00:00:00:10    00:00:00:00:00:03 15    877  [6,7,8,13,14,9,8,3]  
# h00:00:00:00:00:10 -> h00:00:00:00:00:0a
   00:00:00:00:00:10    00:00:00:00:00:0a 0    731  [6,7,8,9,14,19,24]     00:00:00:00:00:10    00:00:00:00:00:0a 1    731  [6,7,8,13,14,19,24]     00:00:00:00:00:10    00:00:00:00:00:0a 2    731  [6,7,8,13,18,19,24]     00:00:00:00:00:10    00:00:00:00:00:0a 3    731  [6,7,8,13,18,23,24]     00:00:00:00:00:10    00:00:00:00:00:0a 4    731  [6,7,12,13,14,19,24]     00:00:00:00:00:10    00:00:00:00:00:0a 5    731  [6,7,12,13,18,19,24]     00:00:00:00:00:10    00:00:00:00:00:0a 6    731  [6,7,12,13,18,23,24]     00:00:00:00:00:10    00:00:00:00:00:0a 7    731  [6,7,12,17,18,19,24]     00:00:00:00:00:10    00:00:00:00:00:0a 8    731  [6,7,12,17,18,23,24]     00:00:00:00:00:10    00:00:00:00:00:0a 9    731  [6,7,12,17,22,23,24]     00:00:00:00:00:10    00:00:00:00:00:0a 10    731  [6,11,12,13,14,19,24]     00:00:00:00:00:10    00:00:00:00:00:0a 11    731  [6,11,12,13,18,19,24]     00:00:00:00:00:10    00:00:00:00:00:0a 12    731  [6,11,12,13,18,23,24]     00:00:00:00:00:10    00:00:00:00:00:0a 13    731  [6,11,12,17,18,19,24]     00:00:00:00:00:10    00:00:00:00:00:0a 14    731  [6,11,12,17,18,23,24]     00:00:00:00:00:10    00:00:00:00:00:0a 15    731  [6,11,12,17,22,23,24]  
# h00:00:00:00:00:10 -> h00:00:00:00:00:07
   00:00:00:00:00:10    00:00:00:00:00:07 0    585  [6,7,8,9,10,15]     00:00:00:00:00:10    00:00:00:00:00:07 1    585  [6,7,8,9,14,15]     00:00:00:00:00:10    00:00:00:00:00:07 2    585  [6,7,8,13,14,15]     00:00:00:00:00:10    00:00:00:00:00:07 3    585  [6,7,12,13,14,15]     00:00:00:00:00:10    00:00:00:00:00:07 4    585  [6,11,12,13,14,15]     00:00:00:00:00:10    00:00:00:00:00:07 5    877  [6,1,2,3,4,5,10,15]     00:00:00:00:00:10    00:00:00:00:00:07 6    877  [6,1,2,3,4,9,10,15]     00:00:00:00:00:10    00:00:00:00:00:07 7    877  [6,1,2,3,4,9,14,15]     00:00:00:00:00:10    00:00:00:00:00:07 8    877  [6,1,2,3,8,9,10,15]     00:00:00:00:00:10    00:00:00:00:00:07 9    877  [6,1,2,3,8,9,14,15]     00:00:00:00:00:10    00:00:00:00:00:07 10    877  [6,1,2,3,8,13,14,15]     00:00:00:00:00:10    00:00:00:00:00:07 11    877  [6,1,2,7,8,9,10,15]     00:00:00:00:00:10    00:00:00:00:00:07 12    877  [6,1,2,7,8,9,14,15]     00:00:00:00:00:10    00:00:00:00:00:07 13    877  [6,1,2,7,8,13,14,15]     00:00:00:00:00:10    00:00:00:00:00:07 14    877  [6,1,2,7,12,13,14,15]     00:00:00:00:00:10    00:00:00:00:00:07 15    877  [6,7,2,3,4,5,10,15]  
# h00:00:00:00:00:10 -> h00:00:00:00:00:0c
   00:00:00:00:00:10    00:00:00:00:00:0c 0    439  [6,7,12,17,22]     00:00:00:00:00:10    00:00:00:00:00:0c 1    439  [6,11,12,17,22]     00:00:00:00:00:10    00:00:00:00:00:0c 2    439  [6,11,16,17,22]     00:00:00:00:00:10    00:00:00:00:00:0c 3    439  [6,11,16,21,22]     00:00:00:00:00:10    00:00:00:00:00:0c 4    731  [6,1,2,7,12,17,22]     00:00:00:00:00:10    00:00:00:00:00:0c 5    731  [6,7,8,13,12,17,22]     00:00:00:00:00:10    00:00:00:00:00:0c 6    731  [6,7,8,13,18,17,22]     00:00:00:00:00:10    00:00:00:00:00:0c 7    731  [6,7,8,13,18,23,22]     00:00:00:00:00:10    00:00:00:00:00:0c 8    731  [6,7,12,11,16,17,22]     00:00:00:00:00:10    00:00:00:00:00:0c 9    731  [6,7,12,11,16,21,22]     00:00:00:00:00:10    00:00:00:00:00:0c 10    731  [6,7,12,13,18,17,22]     00:00:00:00:00:10    00:00:00:00:00:0c 11    731  [6,7,12,13,18,23,22]     00:00:00:00:00:10    00:00:00:00:00:0c 12    731  [6,7,12,17,16,21,22]     00:00:00:00:00:10    00:00:00:00:00:0c 13    731  [6,7,12,17,18,23,22]     00:00:00:00:00:10    00:00:00:00:00:0c 14    731  [6,11,12,13,18,17,22]     00:00:00:00:00:10    00:00:00:00:00:0c 15    731  [6,11,12,13,18,23,22]  
# h00:00:00:00:00:10 -> h00:00:00:00:00:0e
   00:00:00:00:00:10    00:00:00:00:00:0e 0    146  [6,11,16]     00:00:00:00:00:10    00:00:00:00:00:0e 1    439  [6,7,12,11,16]     00:00:00:00:00:10    00:00:00:00:00:0e 2    439  [6,7,12,17,16]     00:00:00:00:00:10    00:00:00:00:00:0e 3    439  [6,11,12,17,16]     00:00:00:00:00:10    00:00:00:00:00:0e 4    731  [6,1,2,7,12,11,16]     00:00:00:00:00:10    00:00:00:00:00:0e 5    731  [6,1,2,7,6,11,16]     00:00:00:00:00:10    00:00:00:00:00:0e 6    731  [6,1,2,7,12,17,16]     00:00:00:00:00:10    00:00:00:00:00:0e 7    731  [6,7,2,1,6,11,16]     00:00:00:00:00:10    00:00:00:00:00:0e 8    731  [6,7,8,13,12,11,16]     00:00:00:00:00:10    00:00:00:00:00:0e 9    731  [6,7,8,13,12,17,16]     00:00:00:00:00:10    00:00:00:00:00:0e 10    731  [6,7,8,13,18,17,16]     00:00:00:00:00:10    00:00:00:00:00:0e 11    731  [6,7,12,13,18,17,16]     00:00:00:00:00:10    00:00:00:00:00:0e 12    731  [6,7,12,17,22,21,16]     00:00:00:00:00:10    00:00:00:00:00:0e 13    731  [6,11,12,13,18,17,16]     00:00:00:00:00:10    00:00:00:00:00:0e 14    731  [6,11,12,17,22,21,16]     00:00:00:00:00:10    00:00:00:00:00:0e 15   1023  [6,1,2,3,8,7,6,11,16]  
# h00:00:00:00:00:10 -> h00:00:00:00:00:0b
   00:00:00:00:00:10    00:00:00:00:00:0b 0    585  [6,7,8,13,18,23]     00:00:00:00:00:10    00:00:00:00:00:0b 1    585  [6,7,12,13,18,23]     00:00:00:00:00:10    00:00:00:00:00:0b 2    585  [6,7,12,17,18,23]     00:00:00:00:00:10    00:00:00:00:00:0b 3    585  [6,7,12,17,22,23]     00:00:00:00:00:10    00:00:00:00:00:0b 4    585  [6,11,12,13,18,23]     00:00:00:00:00:10    00:00:00:00:00:0b 5    585  [6,11,12,17,18,23]     00:00:00:00:00:10    00:00:00:00:00:0b 6    585  [6,11,12,17,22,23]     00:00:00:00:00:10    00:00:00:00:00:0b 7    585  [6,11,16,17,18,23]     00:00:00:00:00:10    00:00:00:00:00:0b 8    585  [6,11,16,17,22,23]     00:00:00:00:00:10    00:00:00:00:00:0b 9    585  [6,11,16,21,22,23]     00:00:00:00:00:10    00:00:00:00:00:0b 10    877  [6,1,2,3,8,13,18,23]     00:00:00:00:00:10    00:00:00:00:00:0b 11    877  [6,1,2,7,8,13,18,23]     00:00:00:00:00:10    00:00:00:00:00:0b 12    877  [6,1,2,7,12,13,18,23]     00:00:00:00:00:10    00:00:00:00:00:0b 13    877  [6,1,2,7,12,17,18,23]     00:00:00:00:00:10    00:00:00:00:00:0b 14    877  [6,1,2,7,12,17,22,23]     00:00:00:00:00:10    00:00:00:00:00:0b 15    877  [6,7,2,3,8,13,18,23]  
# h00:00:00:00:00:10 -> h00:00:00:00:00:09
   00:00:00:00:00:10    00:00:00:00:00:09 0    877  [6,7,8,9,10,15,20,25]     00:00:00:00:00:10    00:00:00:00:00:09 1    877  [6,7,8,9,14,15,20,25]     00:00:00:00:00:10    00:00:00:00:00:09 2    877  [6,7,8,9,14,19,20,25]     00:00:00:00:00:10    00:00:00:00:00:09 3    877  [6,7,8,9,14,19,24,25]     00:00:00:00:00:10    00:00:00:00:00:09 4    877  [6,7,8,13,14,15,20,25]     00:00:00:00:00:10    00:00:00:00:00:09 5    877  [6,7,8,13,14,19,20,25]     00:00:00:00:00:10    00:00:00:00:00:09 6    877  [6,7,8,13,14,19,24,25]     00:00:00:00:00:10    00:00:00:00:00:09 7    877  [6,7,8,13,18,19,20,25]     00:00:00:00:00:10    00:00:00:00:00:09 8    877  [6,7,8,13,18,19,24,25]     00:00:00:00:00:10    00:00:00:00:00:09 9    877  [6,7,8,13,18,23,24,25]     00:00:00:00:00:10    00:00:00:00:00:09 10    877  [6,7,12,13,14,15,20,25]     00:00:00:00:00:10    00:00:00:00:00:09 11    877  [6,7,12,13,14,19,20,25]     00:00:00:00:00:10    00:00:00:00:00:09 12    877  [6,7,12,13,14,19,24,25]     00:00:00:00:00:10    00:00:00:00:00:09 13    877  [6,7,12,13,18,19,20,25]     00:00:00:00:00:10    00:00:00:00:00:09 14    877  [6,7,12,13,18,19,24,25]     00:00:00:00:00:10    00:00:00:00:00:09 15    877  [6,7,12,13,18,23,24,25]  
# h00:00:00:00:00:10 -> h00:00:00:00:00:08
   00:00:00:00:00:10    00:00:00:00:00:08 0    731  [6,7,8,9,10,15,20]     00:00:00:00:00:10    00:00:00:00:00:08 1    731  [6,7,8,9,14,15,20]     00:00:00:00:00:10    00:00:00:00:00:08 2    731  [6,7,8,9,14,19,20]     00:00:00:00:00:10    00:00:00:00:00:08 3    731  [6,7,8,13,14,15,20]     00:00:00:00:00:10    00:00:00:00:00:08 4    731  [6,7,8,13,14,19,20]     00:00:00:00:00:10    00:00:00:00:00:08 5    731  [6,7,8,13,18,19,20]     00:00:00:00:00:10    00:00:00:00:00:08 6    731  [6,7,12,13,14,15,20]     00:00:00:00:00:10    00:00:00:00:00:08 7    731  [6,7,12,13,14,19,20]     00:00:00:00:00:10    00:00:00:00:00:08 8    731  [6,7,12,13,18,19,20]     00:00:00:00:00:10    00:00:00:00:00:08 9    731  [6,7,12,17,18,19,20]     00:00:00:00:00:10    00:00:00:00:00:08 10    731  [6,11,12,13,14,15,20]     00:00:00:00:00:10    00:00:00:00:00:08 11    731  [6,11,12,13,14,19,20]     00:00:00:00:00:10    00:00:00:00:00:08 12    731  [6,11,12,13,18,19,20]     00:00:00:00:00:10    00:00:00:00:00:08 13    731  [6,11,12,17,18,19,20]     00:00:00:00:00:10    00:00:00:00:00:08 14    731  [6,11,16,17,18,19,20]     00:00:00:00:00:10    00:00:00:00:00:08 15   1023  [6,1,2,3,4,5,10,15,20]  
# h00:00:00:00:00:0f -> h00:00:00:00:00:01
   00:00:00:00:00:0f    00:00:00:00:00:01 0    146  [11,6,1]     00:00:00:00:00:0f    00:00:00:00:00:01 1    439  [11,6,7,2,1]     00:00:00:00:00:0f    00:00:00:00:00:01 2    439  [11,12,7,2,1]     00:00:00:00:00:0f    00:00:00:00:00:01 3    439  [11,12,7,6,1]     00:00:00:00:00:0f    00:00:00:00:00:01 4    731  [11,6,7,8,3,2,1]     00:00:00:00:00:0f    00:00:00:00:00:01 5    731  [11,12,7,8,3,2,1]     00:00:00:00:00:0f    00:00:00:00:00:01 6    731  [11,12,13,8,3,2,1]     00:00:00:00:00:0f    00:00:00:00:00:01 7    731  [11,12,13,8,7,2,1]     00:00:00:00:00:0f    00:00:00:00:00:01 8    731  [11,12,13,8,7,6,1]     00:00:00:00:00:0f    00:00:00:00:00:01 9    731  [11,12,17,16,11,6,1]     00:00:00:00:00:0f    00:00:00:00:00:01 10    731  [11,16,17,12,7,2,1]     00:00:00:00:00:0f    00:00:00:00:00:01 11    731  [11,16,17,12,7,6,1]     00:00:00:00:00:0f    00:00:00:00:00:01 12    731  [11,16,17,12,11,6,1]     00:00:00:00:00:0f    00:00:00:00:00:01 13   1023  [11,6,7,8,9,4,3,2,1]     00:00:00:00:00:0f    00:00:00:00:00:01 14   1023  [11,6,7,8,13,12,7,2,1]     00:00:00:00:00:0f    00:00:00:00:00:01 15   1023  [11,6,7,12,13,8,3,2,1]  
# h00:00:00:00:00:0f -> h00:00:00:00:00:04
   00:00:00:00:00:0f    00:00:00:00:00:04 0    585  [11,6,1,2,3,4]     00:00:00:00:00:0f    00:00:00:00:00:04 1    585  [11,6,7,2,3,4]     00:00:00:00:00:0f    00:00:00:00:00:04 2    585  [11,6,7,8,3,4]     00:00:00:00:00:0f    00:00:00:00:00:04 3    585  [11,6,7,8,9,4]     00:00:00:00:00:0f    00:00:00:00:00:04 4    585  [11,12,7,2,3,4]     00:00:00:00:00:0f    00:00:00:00:00:04 5    585  [11,12,7,8,3,4]     00:00:00:00:00:0f    00:00:00:00:00:04 6    585  [11,12,7,8,9,4]     00:00:00:00:00:0f    00:00:00:00:00:04 7    585  [11,12,13,8,3,4]     00:00:00:00:00:0f    00:00:00:00:00:04 8    585  [11,12,13,8,9,4]     00:00:00:00:00:0f    00:00:00:00:00:04 9    585  [11,12,13,14,9,4]     00:00:00:00:00:0f    00:00:00:00:00:04 10    877  [11,6,1,2,3,8,9,4]     00:00:00:00:00:0f    00:00:00:00:00:04 11    877  [11,6,1,2,7,8,3,4]     00:00:00:00:00:0f    00:00:00:00:00:04 12    877  [11,6,1,2,7,8,9,4]     00:00:00:00:00:0f    00:00:00:00:00:04 13    877  [11,6,7,2,3,8,9,4]     00:00:00:00:00:0f    00:00:00:00:00:04 14    877  [11,6,7,8,9,10,5,4]     00:00:00:00:00:0f    00:00:00:00:00:04 15    877  [11,6,7,8,13,14,9,4]  
# h00:00:00:00:00:0f -> h00:00:00:00:00:02
   00:00:00:00:00:0f    00:00:00:00:00:02 0    293  [11,6,1,2]     00:00:00:00:00:0f    00:00:00:00:00:02 1    293  [11,6,7,2]     00:00:00:00:00:0f    00:00:00:00:00:02 2    293  [11,12,7,2]     00:00:00:00:00:0f    00:00:00:00:00:02 3    585  [11,6,7,8,3,2]     00:00:00:00:00:0f    00:00:00:00:00:02 4    585  [11,12,7,6,1,2]     00:00:00:00:00:0f    00:00:00:00:00:02 5    585  [11,12,7,8,3,2]     00:00:00:00:00:0f    00:00:00:00:00:02 6    585  [11,12,13,8,3,2]     00:00:00:00:00:0f    00:00:00:00:00:02 7    585  [11,12,13,8,7,2]     00:00:00:00:00:0f    00:00:00:00:00:02 8    585  [11,16,17,12,7,2]     00:00:00:00:00:0f    00:00:00:00:00:02 9    877  [11,6,7,8,9,4,3,2]     00:00:00:00:00:0f    00:00:00:00:00:02 10    877  [11,6,7,8,13,12,7,2]     00:00:00:00:00:0f    00:00:00:00:00:02 11    877  [11,6,7,12,13,8,3,2]     00:00:00:00:00:0f    00:00:00:00:00:02 12    877  [11,6,7,12,13,8,7,2]     00:00:00:00:00:0f    00:00:00:00:00:02 13    877  [11,12,7,8,9,4,3,2]     00:00:00:00:00:0f    00:00:00:00:00:02 14    877  [11,12,13,8,7,6,1,2]     00:00:00:00:00:0f    00:00:00:00:00:02 15    877  [11,12,13,8,9,4,3,2]  
# h00:00:00:00:00:0f -> h00:00:00:00:00:06
   00:00:00:00:00:0f    00:00:00:00:00:06 0    585  [11,6,7,8,9,10]     00:00:00:00:00:0f    00:00:00:00:00:06 1    585  [11,12,7,8,9,10]     00:00:00:00:00:0f    00:00:00:00:00:06 2    585  [11,12,13,8,9,10]     00:00:00:00:00:0f    00:00:00:00:00:06 3    585  [11,12,13,14,9,10]     00:00:00:00:00:0f    00:00:00:00:00:06 4    585  [11,12,13,14,15,10]     00:00:00:00:00:0f    00:00:00:00:00:06 5    877  [11,6,1,2,3,4,5,10]     00:00:00:00:00:0f    00:00:00:00:00:06 6    877  [11,6,1,2,3,4,9,10]     00:00:00:00:00:0f    00:00:00:00:00:06 7    877  [11,6,1,2,3,8,9,10]     00:00:00:00:00:0f    00:00:00:00:00:06 8    877  [11,6,1,2,7,8,9,10]     00:00:00:00:00:0f    00:00:00:00:00:06 9    877  [11,6,7,2,3,4,5,10]     00:00:00:00:00:0f    00:00:00:00:00:06 10    877  [11,6,7,2,3,4,9,10]     00:00:00:00:00:0f    00:00:00:00:00:06 11    877  [11,6,7,2,3,8,9,10]     00:00:00:00:00:0f    00:00:00:00:00:06 12    877  [11,6,7,8,3,4,5,10]     00:00:00:00:00:0f    00:00:00:00:00:06 13    877  [11,6,7,8,3,4,9,10]     00:00:00:00:00:0f    00:00:00:00:00:06 14    877  [11,6,7,8,9,4,5,10]     00:00:00:00:00:0f    00:00:00:00:00:06 15    877  [11,6,7,8,9,14,15,10]  
# h00:00:00:00:00:0f -> h00:00:00:00:00:10
   00:00:00:00:00:0f    00:00:00:00:00:10 0      0  [11,6]     00:00:00:00:00:0f    00:00:00:00:00:10 1    293  [11,12,7,6]     00:00:00:00:00:0f    00:00:00:00:00:10 2    585  [11,12,7,2,1,6]     00:00:00:00:00:0f    00:00:00:00:00:10 3    585  [11,12,13,8,7,6]     00:00:00:00:00:0f    00:00:00:00:00:10 4    585  [11,12,17,16,11,6]     00:00:00:00:00:0f    00:00:00:00:00:10 5    585  [11,16,17,12,7,6]     00:00:00:00:00:0f    00:00:00:00:00:10 6    585  [11,16,17,12,11,6]     00:00:00:00:00:0f    00:00:00:00:00:10 7    877  [11,12,7,2,3,8,7,6]     00:00:00:00:00:0f    00:00:00:00:00:10 8    877  [11,12,7,8,3,2,1,6]     00:00:00:00:00:0f    00:00:00:00:00:10 9    877  [11,12,7,8,3,2,7,6]     00:00:00:00:00:0f    00:00:00:00:00:10 10    877  [11,12,13,8,3,2,1,6]     00:00:00:00:00:0f    00:00:00:00:00:10 11    877  [11,12,13,8,3,2,7,6]     00:00:00:00:00:0f    00:00:00:00:00:10 12    877  [11,12,13,8,7,2,1,6]     00:00:00:00:00:0f    00:00:00:00:00:10 13    877  [11,12,13,14,9,8,7,6]     00:00:00:00:00:0f    00:00:00:00:00:10 14    877  [11,12,13,18,17,12,7,6]     00:00:00:00:00:0f    00:00:00:00:00:10 15    877  [11,12,13,18,17,16,11,6]  
# h00:00:00:00:00:0f -> h00:00:00:00:00:0d
   00:00:00:00:00:0f    00:00:00:00:00:0d 0    146  [11,16,21]     00:00:00:00:00:0f    00:00:00:00:00:0d 1    439  [11,12,17,16,21]     00:00:00:00:00:0f    00:00:00:00:00:0d 2    439  [11,12,17,22,21]     00:00:00:00:00:0f    00:00:00:00:00:0d 3    439  [11,16,17,22,21]     00:00:00:00:00:0f    00:00:00:00:00:0d 4    731  [11,6,7,12,17,16,21]     00:00:00:00:00:0f    00:00:00:00:00:0d 5    731  [11,6,7,12,11,16,21]     00:00:00:00:00:0f    00:00:00:00:00:0d 6    731  [11,6,7,12,17,22,21]     00:00:00:00:00:0f    00:00:00:00:00:0d 7    731  [11,12,7,6,11,16,21]     00:00:00:00:00:0f    00:00:00:00:00:0d 8    731  [11,12,13,18,17,16,21]     00:00:00:00:00:0f    00:00:00:00:00:0d 9    731  [11,12,13,18,17,22,21]     00:00:00:00:00:0f    00:00:00:00:00:0d 10    731  [11,12,13,18,23,22,21]     00:00:00:00:00:0f    00:00:00:00:00:0d 11    731  [11,12,17,18,23,22,21]     00:00:00:00:00:0f    00:00:00:00:00:0d 12    731  [11,16,17,18,23,22,21]     00:00:00:00:00:0f    00:00:00:00:00:0d 13   1023  [11,6,1,2,7,12,11,16,21]     00:00:00:00:00:0f    00:00:00:00:00:0d 14   1023  [11,6,1,2,7,12,17,16,21]     00:00:00:00:00:0f    00:00:00:00:00:0d 15   1023  [11,6,1,2,7,12,17,22,21]  
# h00:00:00:00:00:0f -> h00:00:00:00:00:05
   00:00:00:00:00:0f    00:00:00:00:00:05 0    731  [11,6,1,2,3,4,5]     00:00:00:00:00:0f    00:00:00:00:00:05 1    731  [11,6,7,2,3,4,5]     00:00:00:00:00:0f    00:00:00:00:00:05 2    731  [11,6,7,8,3,4,5]     00:00:00:00:00:0f    00:00:00:00:00:05 3    731  [11,6,7,8,9,4,5]     00:00:00:00:00:0f    00:00:00:00:00:05 4    731  [11,6,7,8,9,10,5]     00:00:00:00:00:0f    00:00:00:00:00:05 5    731  [11,12,7,2,3,4,5]     00:00:00:00:00:0f    00:00:00:00:00:05 6    731  [11,12,7,8,3,4,5]     00:00:00:00:00:0f    00:00:00:00:00:05 7    731  [11,12,7,8,9,4,5]     00:00:00:00:00:0f    00:00:00:00:00:05 8    731  [11,12,7,8,9,10,5]     00:00:00:00:00:0f    00:00:00:00:00:05 9    731  [11,12,13,8,3,4,5]     00:00:00:00:00:0f    00:00:00:00:00:05 10    731  [11,12,13,8,9,4,5]     00:00:00:00:00:0f    00:00:00:00:00:05 11    731  [11,12,13,8,9,10,5]     00:00:00:00:00:0f    00:00:00:00:00:05 12    731  [11,12,13,14,9,4,5]     00:00:00:00:00:0f    00:00:00:00:00:05 13    731  [11,12,13,14,9,10,5]     00:00:00:00:00:0f    00:00:00:00:00:05 14    731  [11,12,13,14,15,10,5]     00:00:00:00:00:0f    00:00:00:00:00:05 15   1023  [11,6,1,2,3,4,9,10,5]  
# h00:00:00:00:00:0f -> h00:00:00:00:00:03
   00:00:00:00:00:0f    00:00:00:00:00:03 0    439  [11,6,1,2,3]     00:00:00:00:00:0f    00:00:00:00:00:03 1    439  [11,6,7,2,3]     00:00:00:00:00:0f    00:00:00:00:00:03 2    439  [11,6,7,8,3]     00:00:00:00:00:0f    00:00:00:00:00:03 3    439  [11,12,7,2,3]     00:00:00:00:00:0f    00:00:00:00:00:03 4    439  [11,12,7,8,3]     00:00:00:00:00:0f    00:00:00:00:00:03 5    439  [11,12,13,8,3]     00:00:00:00:00:0f    00:00:00:00:00:03 6    731  [11,6,1,2,7,8,3]     00:00:00:00:00:0f    00:00:00:00:00:03 7    731  [11,6,7,8,9,4,3]     00:00:00:00:00:0f    00:00:00:00:00:03 8    731  [11,6,7,12,13,8,3]     00:00:00:00:00:0f    00:00:00:00:00:03 9    731  [11,12,7,6,1,2,3]     00:00:00:00:00:0f    00:00:00:00:00:03 10    731  [11,12,7,8,9,4,3]     00:00:00:00:00:0f    00:00:00:00:00:03 11    731  [11,12,13,8,7,2,3]     00:00:00:00:00:0f    00:00:00:00:00:03 12    731  [11,12,13,8,9,4,3]     00:00:00:00:00:0f    00:00:00:00:00:03 13    731  [11,12,13,14,9,4,3]     00:00:00:00:00:0f    00:00:00:00:00:03 14    731  [11,12,13,14,9,8,3]     00:00:00:00:00:0f    00:00:00:00:00:03 15    731  [11,12,17,18,13,8,3]  
# h00:00:00:00:00:0f -> h00:00:00:00:00:0a
   00:00:00:00:00:0f    00:00:00:00:00:0a 0    585  [11,12,13,14,19,24]     00:00:00:00:00:0f    00:00:00:00:00:0a 1    585  [11,12,13,18,19,24]     00:00:00:00:00:0f    00:00:00:00:00:0a 2    585  [11,12,13,18,23,24]     00:00:00:00:00:0f    00:00:00:00:00:0a 3    585  [11,12,17,18,19,24]     00:00:00:00:00:0f    00:00:00:00:00:0a 4    585  [11,12,17,18,23,24]     00:00:00:00:00:0f    00:00:00:00:00:0a 5    585  [11,12,17,22,23,24]     00:00:00:00:00:0f    00:00:00:00:00:0a 6    585  [11,16,17,18,19,24]     00:00:00:00:00:0f    00:00:00:00:00:0a 7    585  [11,16,17,18,23,24]     00:00:00:00:00:0f    00:00:00:00:00:0a 8    585  [11,16,17,22,23,24]     00:00:00:00:00:0f    00:00:00:00:00:0a 9    585  [11,16,21,22,23,24]     00:00:00:00:00:0f    00:00:00:00:00:0a 10    877  [11,6,7,8,9,14,19,24]     00:00:00:00:00:0f    00:00:00:00:00:0a 11    877  [11,6,7,8,13,14,19,24]     00:00:00:00:00:0f    00:00:00:00:00:0a 12    877  [11,6,7,8,13,18,19,24]     00:00:00:00:00:0f    00:00:00:00:00:0a 13    877  [11,6,7,8,13,18,23,24]     00:00:00:00:00:0f    00:00:00:00:00:0a 14    877  [11,6,7,12,13,14,19,24]     00:00:00:00:00:0f    00:00:00:00:00:0a 15    877  [11,6,7,12,13,18,19,24]  
# h00:00:00:00:00:0f -> h00:00:00:00:00:07
   00:00:00:00:00:0f    00:00:00:00:00:07 0    439  [11,12,13,14,15]     00:00:00:00:00:0f    00:00:00:00:00:07 1    731  [11,6,7,8,9,10,15]     00:00:00:00:00:0f    00:00:00:00:00:07 2    731  [11,6,7,8,9,14,15]     00:00:00:00:00:0f    00:00:00:00:00:07 3    731  [11,6,7,8,13,14,15]     00:00:00:00:00:0f    00:00:00:00:00:07 4    731  [11,6,7,12,13,14,15]     00:00:00:00:00:0f    00:00:00:00:00:07 5    731  [11,12,7,8,9,10,15]     00:00:00:00:00:0f    00:00:00:00:00:07 6    731  [11,12,7,8,9,14,15]     00:00:00:00:00:0f    00:00:00:00:00:07 7    731  [11,12,7,8,13,14,15]     00:00:00:00:00:0f    00:00:00:00:00:07 8    731  [11,12,13,8,9,10,15]     00:00:00:00:00:0f    00:00:00:00:00:07 9    731  [11,12,13,8,9,14,15]     00:00:00:00:00:0f    00:00:00:00:00:07 10    731  [11,12,13,14,9,10,15]     00:00:00:00:00:0f    00:00:00:00:00:07 11    731  [11,12,13,14,19,20,15]     00:00:00:00:00:0f    00:00:00:00:00:07 12    731  [11,12,13,18,19,14,15]     00:00:00:00:00:0f    00:00:00:00:00:07 13    731  [11,12,13,18,19,20,15]     00:00:00:00:00:0f    00:00:00:00:00:07 14    731  [11,12,17,18,13,14,15]     00:00:00:00:00:0f    00:00:00:00:00:07 15    731  [11,12,17,18,19,14,15]  
# h00:00:00:00:00:0f -> h00:00:00:00:00:0c
   00:00:00:00:00:0f    00:00:00:00:00:0c 0    293  [11,12,17,22]     00:00:00:00:00:0f    00:00:00:00:00:0c 1    293  [11,16,17,22]     00:00:00:00:00:0f    00:00:00:00:00:0c 2    293  [11,16,21,22]     00:00:00:00:00:0f    00:00:00:00:00:0c 3    585  [11,6,7,12,17,22]     00:00:00:00:00:0f    00:00:00:00:00:0c 4    585  [11,12,13,18,17,22]     00:00:00:00:00:0f    00:00:00:00:00:0c 5    585  [11,12,13,18,23,22]     00:00:00:00:00:0f    00:00:00:00:00:0c 6    585  [11,12,17,16,21,22]     00:00:00:00:00:0f    00:00:00:00:00:0c 7    585  [11,12,17,18,23,22]     00:00:00:00:00:0f    00:00:00:00:00:0c 8    585  [11,16,17,18,23,22]     00:00:00:00:00:0f    00:00:00:00:00:0c 9    877  [11,6,1,2,7,12,17,22]     00:00:00:00:00:0f    00:00:00:00:00:0c 10    877  [11,6,7,8,13,12,17,22]     00:00:00:00:00:0f    00:00:00:00:00:0c 11    877  [11,6,7,8,13,18,17,22]     00:00:00:00:00:0f    00:00:00:00:00:0c 12    877  [11,6,7,8,13,18,23,22]     00:00:00:00:00:0f    00:00:00:00:00:0c 13    877  [11,6,7,12,11,16,17,22]     00:00:00:00:00:0f    00:00:00:00:00:0c 14    877  [11,6,7,12,11,16,21,22]     00:00:00:00:00:0f    00:00:00:00:00:0c 15    877  [11,6,7,12,13,18,17,22]  
# h00:00:00:00:00:0f -> h00:00:00:00:00:0e
   00:00:00:00:00:0f    00:00:00:00:00:0e 0      0  [11,16]     00:00:00:00:00:0f    00:00:00:00:00:0e 1    293  [11,12,17,16]     00:00:00:00:00:0f    00:00:00:00:00:0e 2    585  [11,6,7,12,17,16]     00:00:00:00:00:0f    00:00:00:00:00:0e 3    585  [11,6,7,12,11,16]     00:00:00:00:00:0f    00:00:00:00:00:0e 4    585  [11,12,7,6,11,16]     00:00:00:00:00:0f    00:00:00:00:00:0e 5    585  [11,12,13,18,17,16]     00:00:00:00:00:0f    00:00:00:00:00:0e 6    585  [11,12,17,22,21,16]     00:00:00:00:00:0f    00:00:00:00:00:0e 7    877  [11,6,1,2,7,12,11,16]     00:00:00:00:00:0f    00:00:00:00:00:0e 8    877  [11,6,1,2,7,12,17,16]     00:00:00:00:00:0f    00:00:00:00:00:0e 9    877  [11,6,7,8,13,12,11,16]     00:00:00:00:00:0f    00:00:00:00:00:0e 10    877  [11,6,7,8,13,12,17,16]     00:00:00:00:00:0f    00:00:00:00:00:0e 11    877  [11,6,7,8,13,18,17,16]     00:00:00:00:00:0f    00:00:00:00:00:0e 12    877  [11,6,7,12,13,18,17,16]     00:00:00:00:00:0f    00:00:00:00:00:0e 13    877  [11,6,7,12,17,22,21,16]     00:00:00:00:00:0f    00:00:00:00:00:0e 14    877  [11,12,7,2,1,6,11,16]     00:00:00:00:00:0f    00:00:00:00:00:0e 15    877  [11,12,7,8,13,12,17,16]  
# h00:00:00:00:00:0f -> h00:00:00:00:00:0b
   00:00:00:00:00:0f    00:00:00:00:00:0b 0    439  [11,12,13,18,23]     00:00:00:00:00:0f    00:00:00:00:00:0b 1    439  [11,12,17,18,23]     00:00:00:00:00:0f    00:00:00:00:00:0b 2    439  [11,12,17,22,23]     00:00:00:00:00:0f    00:00:00:00:00:0b 3    439  [11,16,17,18,23]     00:00:00:00:00:0f    00:00:00:00:00:0b 4    439  [11,16,17,22,23]     00:00:00:00:00:0f    00:00:00:00:00:0b 5    439  [11,16,21,22,23]     00:00:00:00:00:0f    00:00:00:00:00:0b 6    731  [11,6,7,8,13,18,23]     00:00:00:00:00:0f    00:00:00:00:00:0b 7    731  [11,6,7,12,13,18,23]     00:00:00:00:00:0f    00:00:00:00:00:0b 8    731  [11,6,7,12,17,18,23]     00:00:00:00:00:0f    00:00:00:00:00:0b 9    731  [11,6,7,12,17,22,23]     00:00:00:00:00:0f    00:00:00:00:00:0b 10    731  [11,12,7,8,13,18,23]     00:00:00:00:00:0f    00:00:00:00:00:0b 11    731  [11,12,13,14,19,18,23]     00:00:00:00:00:0f    00:00:00:00:00:0b 12    731  [11,12,13,14,19,24,23]     00:00:00:00:00:0f    00:00:00:00:00:0b 13    731  [11,12,13,18,17,22,23]     00:00:00:00:00:0f    00:00:00:00:00:0b 14    731  [11,12,13,18,19,24,23]     00:00:00:00:00:0f    00:00:00:00:00:0b 15    731  [11,12,17,16,21,22,23]  
# h00:00:00:00:00:0f -> h00:00:00:00:00:09
   00:00:00:00:00:0f    00:00:00:00:00:09 0    731  [11,12,13,14,15,20,25]     00:00:00:00:00:0f    00:00:00:00:00:09 1    731  [11,12,13,14,19,20,25]     00:00:00:00:00:0f    00:00:00:00:00:09 2    731  [11,12,13,14,19,24,25]     00:00:00:00:00:0f    00:00:00:00:00:09 3    731  [11,12,13,18,19,20,25]     00:00:00:00:00:0f    00:00:00:00:00:09 4    731  [11,12,13,18,19,24,25]     00:00:00:00:00:0f    00:00:00:00:00:09 5    731  [11,12,13,18,23,24,25]     00:00:00:00:00:0f    00:00:00:00:00:09 6    731  [11,12,17,18,19,20,25]     00:00:00:00:00:0f    00:00:00:00:00:09 7    731  [11,12,17,18,19,24,25]     00:00:00:00:00:0f    00:00:00:00:00:09 8    731  [11,12,17,18,23,24,25]     00:00:00:00:00:0f    00:00:00:00:00:09 9    731  [11,12,17,22,23,24,25]     00:00:00:00:00:0f    00:00:00:00:00:09 10    731  [11,16,17,18,19,20,25]     00:00:00:00:00:0f    00:00:00:00:00:09 11    731  [11,16,17,18,19,24,25]     00:00:00:00:00:0f    00:00:00:00:00:09 12    731  [11,16,17,18,23,24,25]     00:00:00:00:00:0f    00:00:00:00:00:09 13    731  [11,16,17,22,23,24,25]     00:00:00:00:00:0f    00:00:00:00:00:09 14    731  [11,16,21,22,23,24,25]     00:00:00:00:00:0f    00:00:00:00:00:09 15   1023  [11,6,7,8,9,10,15,20,25]  
# h00:00:00:00:00:0f -> h00:00:00:00:00:08
   00:00:00:00:00:0f    00:00:00:00:00:08 0    585  [11,12,13,14,15,20]     00:00:00:00:00:0f    00:00:00:00:00:08 1    585  [11,12,13,14,19,20]     00:00:00:00:00:0f    00:00:00:00:00:08 2    585  [11,12,13,18,19,20]     00:00:00:00:00:0f    00:00:00:00:00:08 3    585  [11,12,17,18,19,20]     00:00:00:00:00:0f    00:00:00:00:00:08 4    585  [11,16,17,18,19,20]     00:00:00:00:00:0f    00:00:00:00:00:08 5    877  [11,6,7,8,9,10,15,20]     00:00:00:00:00:0f    00:00:00:00:00:08 6    877  [11,6,7,8,9,14,15,20]     00:00:00:00:00:0f    00:00:00:00:00:08 7    877  [11,6,7,8,9,14,19,20]     00:00:00:00:00:0f    00:00:00:00:00:08 8    877  [11,6,7,8,13,14,15,20]     00:00:00:00:00:0f    00:00:00:00:00:08 9    877  [11,6,7,8,13,14,19,20]     00:00:00:00:00:0f    00:00:00:00:00:08 10    877  [11,6,7,8,13,18,19,20]     00:00:00:00:00:0f    00:00:00:00:00:08 11    877  [11,6,7,12,13,14,15,20]     00:00:00:00:00:0f    00:00:00:00:00:08 12    877  [11,6,7,12,13,14,19,20]     00:00:00:00:00:0f    00:00:00:00:00:08 13    877  [11,6,7,12,13,18,19,20]     00:00:00:00:00:0f    00:00:00:00:00:08 14    877  [11,6,7,12,17,18,19,20]     00:00:00:00:00:0f    00:00:00:00:00:08 15    877  [11,12,7,8,9,10,15,20]  
# h00:00:00:00:00:0d -> h00:00:00:00:00:01
   00:00:00:00:00:0d    00:00:00:00:00:01 0    439  [21,16,11,6,1]     00:00:00:00:00:0d    00:00:00:00:00:01 1    731  [21,16,11,6,7,2,1]     00:00:00:00:00:0d    00:00:00:00:00:01 2    731  [21,16,11,12,7,2,1]     00:00:00:00:00:0d    00:00:00:00:00:01 3    731  [21,16,11,12,7,6,1]     00:00:00:00:00:0d    00:00:00:00:00:01 4    731  [21,16,17,12,7,2,1]     00:00:00:00:00:0d    00:00:00:00:00:01 5    731  [21,16,17,12,7,6,1]     00:00:00:00:00:0d    00:00:00:00:00:01 6    731  [21,16,17,12,11,6,1]     00:00:00:00:00:0d    00:00:00:00:00:01 7    731  [21,22,17,12,7,2,1]     00:00:00:00:00:0d    00:00:00:00:00:01 8    731  [21,22,17,12,7,6,1]     00:00:00:00:00:0d    00:00:00:00:00:01 9    731  [21,22,17,12,11,6,1]     00:00:00:00:00:0d    00:00:00:00:00:01 10    731  [21,22,17,16,11,6,1]     00:00:00:00:00:0d    00:00:00:00:00:01 11   1023  [21,16,11,6,7,8,3,2,1]     00:00:00:00:00:0d    00:00:00:00:00:01 12   1023  [21,16,11,12,7,8,3,2,1]     00:00:00:00:00:0d    00:00:00:00:00:01 13   1023  [21,16,11,12,13,8,3,2,1]     00:00:00:00:00:0d    00:00:00:00:00:01 14   1023  [21,16,11,12,13,8,7,2,1]     00:00:00:00:00:0d    00:00:00:00:00:01 15   1023  [21,16,11,12,13,8,7,6,1]  
# h00:00:00:00:00:0d -> h00:00:00:00:00:04
   00:00:00:00:00:0d    00:00:00:00:00:04 0    877  [21,16,11,6,1,2,3,4]     00:00:00:00:00:0d    00:00:00:00:00:04 1    877  [21,16,11,6,7,2,3,4]     00:00:00:00:00:0d    00:00:00:00:00:04 2    877  [21,16,11,6,7,8,3,4]     00:00:00:00:00:0d    00:00:00:00:00:04 3    877  [21,16,11,6,7,8,9,4]     00:00:00:00:00:0d    00:00:00:00:00:04 4    877  [21,16,11,12,7,2,3,4]     00:00:00:00:00:0d    00:00:00:00:00:04 5    877  [21,16,11,12,7,8,3,4]     00:00:00:00:00:0d    00:00:00:00:00:04 6    877  [21,16,11,12,7,8,9,4]     00:00:00:00:00:0d    00:00:00:00:00:04 7    877  [21,16,11,12,13,8,3,4]     00:00:00:00:00:0d    00:00:00:00:00:04 8    877  [21,16,11,12,13,8,9,4]     00:00:00:00:00:0d    00:00:00:00:00:04 9    877  [21,16,11,12,13,14,9,4]     00:00:00:00:00:0d    00:00:00:00:00:04 10    877  [21,16,17,12,7,2,3,4]     00:00:00:00:00:0d    00:00:00:00:00:04 11    877  [21,16,17,12,7,8,3,4]     00:00:00:00:00:0d    00:00:00:00:00:04 12    877  [21,16,17,12,7,8,9,4]     00:00:00:00:00:0d    00:00:00:00:00:04 13    877  [21,16,17,12,13,8,3,4]     00:00:00:00:00:0d    00:00:00:00:00:04 14    877  [21,16,17,12,13,8,9,4]     00:00:00:00:00:0d    00:00:00:00:00:04 15    877  [21,16,17,12,13,14,9,4]  
# h00:00:00:00:00:0d -> h00:00:00:00:00:02
   00:00:00:00:00:0d    00:00:00:00:00:02 0    585  [21,16,11,6,1,2]     00:00:00:00:00:0d    00:00:00:00:00:02 1    585  [21,16,11,6,7,2]     00:00:00:00:00:0d    00:00:00:00:00:02 2    585  [21,16,11,12,7,2]     00:00:00:00:00:0d    00:00:00:00:00:02 3    585  [21,16,17,12,7,2]     00:00:00:00:00:0d    00:00:00:00:00:02 4    585  [21,22,17,12,7,2]     00:00:00:00:00:0d    00:00:00:00:00:02 5    877  [21,16,11,6,7,8,3,2]     00:00:00:00:00:0d    00:00:00:00:00:02 6    877  [21,16,11,12,7,6,1,2]     00:00:00:00:00:0d    00:00:00:00:00:02 7    877  [21,16,11,12,7,8,3,2]     00:00:00:00:00:0d    00:00:00:00:00:02 8    877  [21,16,11,12,13,8,3,2]     00:00:00:00:00:0d    00:00:00:00:00:02 9    877  [21,16,11,12,13,8,7,2]     00:00:00:00:00:0d    00:00:00:00:00:02 10    877  [21,16,17,12,7,6,1,2]     00:00:00:00:00:0d    00:00:00:00:00:02 11    877  [21,16,17,12,7,8,3,2]     00:00:00:00:00:0d    00:00:00:00:00:02 12    877  [21,16,17,12,11,6,1,2]     00:00:00:00:00:0d    00:00:00:00:00:02 13    877  [21,16,17,12,11,6,7,2]     00:00:00:00:00:0d    00:00:00:00:00:02 14    877  [21,16,17,12,13,8,3,2]     00:00:00:00:00:0d    00:00:00:00:00:02 15    877  [21,16,17,12,13,8,7,2]  
# h00:00:00:00:00:0d -> h00:00:00:00:00:06
   00:00:00:00:00:0d    00:00:00:00:00:06 0    877  [21,16,11,6,7,8,9,10]     00:00:00:00:00:0d    00:00:00:00:00:06 1    877  [21,16,11,12,7,8,9,10]     00:00:00:00:00:0d    00:00:00:00:00:06 2    877  [21,16,11,12,13,8,9,10]     00:00:00:00:00:0d    00:00:00:00:00:06 3    877  [21,16,11,12,13,14,9,10]     00:00:00:00:00:0d    00:00:00:00:00:06 4    877  [21,16,11,12,13,14,15,10]     00:00:00:00:00:0d    00:00:00:00:00:06 5    877  [21,16,17,12,7,8,9,10]     00:00:00:00:00:0d    00:00:00:00:00:06 6    877  [21,16,17,12,13,8,9,10]     00:00:00:00:00:0d    00:00:00:00:00:06 7    877  [21,16,17,12,13,14,9,10]     00:00:00:00:00:0d    00:00:00:00:00:06 8    877  [21,16,17,12,13,14,15,10]     00:00:00:00:00:0d    00:00:00:00:00:06 9    877  [21,16,17,18,13,8,9,10]     00:00:00:00:00:0d    00:00:00:00:00:06 10    877  [21,16,17,18,13,14,9,10]     00:00:00:00:00:0d    00:00:00:00:00:06 11    877  [21,16,17,18,13,14,15,10]     00:00:00:00:00:0d    00:00:00:00:00:06 12    877  [21,16,17,18,19,14,9,10]     00:00:00:00:00:0d    00:00:00:00:00:06 13    877  [21,16,17,18,19,14,15,10]     00:00:00:00:00:0d    00:00:00:00:00:06 14    877  [21,16,17,18,19,20,15,10]     00:00:00:00:00:0d    00:00:00:00:00:06 15    877  [21,22,17,12,7,8,9,10]  
# h00:00:00:00:00:0d -> h00:00:00:00:00:10
   00:00:00:00:00:0d    00:00:00:00:00:10 0    293  [21,16,11,6]     00:00:00:00:00:0d    00:00:00:00:00:10 1    585  [21,16,11,12,7,6]     00:00:00:00:00:0d    00:00:00:00:00:10 2    585  [21,16,17,12,7,6]     00:00:00:00:00:0d    00:00:00:00:00:10 3    585  [21,16,17,12,11,6]     00:00:00:00:00:0d    00:00:00:00:00:10 4    585  [21,22,17,12,7,6]     00:00:00:00:00:0d    00:00:00:00:00:10 5    585  [21,22,17,12,11,6]     00:00:00:00:00:0d    00:00:00:00:00:10 6    585  [21,22,17,16,11,6]     00:00:00:00:00:0d    00:00:00:00:00:10 7    877  [21,16,11,12,7,2,1,6]     00:00:00:00:00:0d    00:00:00:00:00:10 8    877  [21,16,11,12,13,8,7,6]     00:00:00:00:00:0d    00:00:00:00:00:10 9    877  [21,16,17,12,7,2,1,6]     00:00:00:00:00:0d    00:00:00:00:00:10 10    877  [21,16,17,12,13,8,7,6]     00:00:00:00:00:0d    00:00:00:00:00:10 11    877  [21,16,17,18,13,8,7,6]     00:00:00:00:00:0d    00:00:00:00:00:10 12    877  [21,16,17,18,13,12,7,6]     00:00:00:00:00:0d    00:00:00:00:00:10 13    877  [21,16,17,18,13,12,11,6]     00:00:00:00:00:0d    00:00:00:00:00:10 14    877  [21,22,17,12,7,2,1,6]     00:00:00:00:00:0d    00:00:00:00:00:10 15    877  [21,22,17,12,13,8,7,6]  
# h00:00:00:00:00:0d -> h00:00:00:00:00:0f
   00:00:00:00:00:0d    00:00:00:00:00:0f 0    146  [21,16,11]     00:00:00:00:00:0d    00:00:00:00:00:0f 1    439  [21,16,17,12,11]     00:00:00:00:00:0d    00:00:00:00:00:0f 2    439  [21,22,17,12,11]     00:00:00:00:00:0d    00:00:00:00:00:0f 3    439  [21,22,17,16,11]     00:00:00:00:00:0d    00:00:00:00:00:0f 4    731  [21,16,17,12,7,6,11]     00:00:00:00:00:0d    00:00:00:00:00:0f 5    731  [21,16,17,18,13,12,11]     00:00:00:00:00:0d    00:00:00:00:00:0f 6    731  [21,22,17,12,7,6,11]     00:00:00:00:00:0d    00:00:00:00:00:0f 7    731  [21,22,17,18,13,12,11]     00:00:00:00:00:0d    00:00:00:00:00:0f 8    731  [21,22,23,18,13,12,11]     00:00:00:00:00:0d    00:00:00:00:00:0f 9    731  [21,22,23,18,17,12,11]     00:00:00:00:00:0d    00:00:00:00:00:0f 10    731  [21,22,23,18,17,16,11]     00:00:00:00:00:0d    00:00:00:00:00:0f 11   1023  [21,16,17,12,7,2,1,6,11]     00:00:00:00:00:0d    00:00:00:00:00:0f 12   1023  [21,16,17,12,7,8,13,12,11]     00:00:00:00:00:0d    00:00:00:00:00:0f 13   1023  [21,16,17,12,13,8,7,6,11]     00:00:00:00:00:0d    00:00:00:00:00:0f 14   1023  [21,16,17,12,13,8,7,12,11]     00:00:00:00:00:0d    00:00:00:00:00:0f 15   1023  [21,16,17,18,13,8,7,6,11]  
# h00:00:00:00:00:0d -> h00:00:00:00:00:05
   00:00:00:00:00:0d    00:00:00:00:00:05 0   1023  [21,16,11,6,1,2,3,4,5]     00:00:00:00:00:0d    00:00:00:00:00:05 1   1023  [21,16,11,6,7,2,3,4,5]     00:00:00:00:00:0d    00:00:00:00:00:05 2   1023  [21,16,11,6,7,8,3,4,5]     00:00:00:00:00:0d    00:00:00:00:00:05 3   1023  [21,16,11,6,7,8,9,4,5]     00:00:00:00:00:0d    00:00:00:00:00:05 4   1023  [21,16,11,6,7,8,9,10,5]     00:00:00:00:00:0d    00:00:00:00:00:05 5   1023  [21,16,11,12,7,2,3,4,5]     00:00:00:00:00:0d    00:00:00:00:00:05 6   1023  [21,16,11,12,7,8,3,4,5]     00:00:00:00:00:0d    00:00:00:00:00:05 7   1023  [21,16,11,12,7,8,9,4,5]     00:00:00:00:00:0d    00:00:00:00:00:05 8   1023  [21,16,11,12,7,8,9,10,5]     00:00:00:00:00:0d    00:00:00:00:00:05 9   1023  [21,16,11,12,13,8,3,4,5]     00:00:00:00:00:0d    00:00:00:00:00:05 10   1023  [21,16,11,12,13,8,9,4,5]     00:00:00:00:00:0d    00:00:00:00:00:05 11   1023  [21,16,11,12,13,8,9,10,5]     00:00:00:00:00:0d    00:00:00:00:00:05 12   1023  [21,16,11,12,13,14,9,4,5]     00:00:00:00:00:0d    00:00:00:00:00:05 13   1023  [21,16,11,12,13,14,9,10,5]     00:00:00:00:00:0d    00:00:00:00:00:05 14   1023  [21,16,11,12,13,14,15,10,5]     00:00:00:00:00:0d    00:00:00:00:00:05 15   1023  [21,16,17,12,7,2,3,4,5]  
# h00:00:00:00:00:0d -> h00:00:00:00:00:03
   00:00:00:00:00:0d    00:00:00:00:00:03 0    731  [21,16,11,6,1,2,3]     00:00:00:00:00:0d    00:00:00:00:00:03 1    731  [21,16,11,6,7,2,3]     00:00:00:00:00:0d    00:00:00:00:00:03 2    731  [21,16,11,6,7,8,3]     00:00:00:00:00:0d    00:00:00:00:00:03 3    731  [21,16,11,12,7,2,3]     00:00:00:00:00:0d    00:00:00:00:00:03 4    731  [21,16,11,12,7,8,3]     00:00:00:00:00:0d    00:00:00:00:00:03 5    731  [21,16,11,12,13,8,3]     00:00:00:00:00:0d    00:00:00:00:00:03 6    731  [21,16,17,12,7,2,3]     00:00:00:00:00:0d    00:00:00:00:00:03 7    731  [21,16,17,12,7,8,3]     00:00:00:00:00:0d    00:00:00:00:00:03 8    731  [21,16,17,12,13,8,3]     00:00:00:00:00:0d    00:00:00:00:00:03 9    731  [21,16,17,18,13,8,3]     00:00:00:00:00:0d    00:00:00:00:00:03 10    731  [21,22,17,12,7,2,3]     00:00:00:00:00:0d    00:00:00:00:00:03 11    731  [21,22,17,12,7,8,3]     00:00:00:00:00:0d    00:00:00:00:00:03 12    731  [21,22,17,12,13,8,3]     00:00:00:00:00:0d    00:00:00:00:00:03 13    731  [21,22,17,18,13,8,3]     00:00:00:00:00:0d    00:00:00:00:00:03 14    731  [21,22,23,18,13,8,3]     00:00:00:00:00:0d    00:00:00:00:00:03 15   1023  [21,16,11,6,1,2,7,8,3]  
# h00:00:00:00:00:0d -> h00:00:00:00:00:0a
   00:00:00:00:00:0d    00:00:00:00:00:0a 0    293  [21,22,23,24]     00:00:00:00:00:0d    00:00:00:00:00:0a 1    585  [21,16,17,18,19,24]     00:00:00:00:00:0d    00:00:00:00:00:0a 2    585  [21,16,17,18,23,24]     00:00:00:00:00:0d    00:00:00:00:00:0a 3    585  [21,16,17,22,23,24]     00:00:00:00:00:0d    00:00:00:00:00:0a 4    585  [21,22,17,18,19,24]     00:00:00:00:00:0d    00:00:00:00:00:0a 5    585  [21,22,17,18,23,24]     00:00:00:00:00:0d    00:00:00:00:00:0a 6    585  [21,22,23,18,19,24]     00:00:00:00:00:0d    00:00:00:00:00:0a 7    877  [21,16,11,12,13,14,19,24]     00:00:00:00:00:0d    00:00:00:00:00:0a 8    877  [21,16,11,12,13,18,19,24]     00:00:00:00:00:0d    00:00:00:00:00:0a 9    877  [21,16,11,12,13,18,23,24]     00:00:00:00:00:0d    00:00:00:00:00:0a 10    877  [21,16,11,12,17,18,19,24]     00:00:00:00:00:0d    00:00:00:00:00:0a 11    877  [21,16,11,12,17,18,23,24]     00:00:00:00:00:0d    00:00:00:00:00:0a 12    877  [21,16,11,12,17,22,23,24]     00:00:00:00:00:0d    00:00:00:00:00:0a 13    877  [21,16,17,12,13,14,19,24]     00:00:00:00:00:0d    00:00:00:00:00:0a 14    877  [21,16,17,12,13,18,19,24]     00:00:00:00:00:0d    00:00:00:00:00:0a 15    877  [21,16,17,12,13,18,23,24]  
# h00:00:00:00:00:0d -> h00:00:00:00:00:07
   00:00:00:00:00:0d    00:00:00:00:00:07 0    731  [21,16,11,12,13,14,15]     00:00:00:00:00:0d    00:00:00:00:00:07 1    731  [21,16,17,12,13,14,15]     00:00:00:00:00:0d    00:00:00:00:00:07 2    731  [21,16,17,18,13,14,15]     00:00:00:00:00:0d    00:00:00:00:00:07 3    731  [21,16,17,18,19,14,15]     00:00:00:00:00:0d    00:00:00:00:00:07 4    731  [21,16,17,18,19,20,15]     00:00:00:00:00:0d    00:00:00:00:00:07 5    731  [21,22,17,12,13,14,15]     00:00:00:00:00:0d    00:00:00:00:00:07 6    731  [21,22,17,18,13,14,15]     00:00:00:00:00:0d    00:00:00:00:00:07 7    731  [21,22,17,18,19,14,15]     00:00:00:00:00:0d    00:00:00:00:00:07 8    731  [21,22,17,18,19,20,15]     00:00:00:00:00:0d    00:00:00:00:00:07 9    731  [21,22,23,18,13,14,15]     00:00:00:00:00:0d    00:00:00:00:00:07 10    731  [21,22,23,18,19,14,15]     00:00:00:00:00:0d    00:00:00:00:00:07 11    731  [21,22,23,18,19,20,15]     00:00:00:00:00:0d    00:00:00:00:00:07 12    731  [21,22,23,24,19,14,15]     00:00:00:00:00:0d    00:00:00:00:00:07 13    731  [21,22,23,24,19,20,15]     00:00:00:00:00:0d    00:00:00:00:00:07 14    731  [21,22,23,24,25,20,15]     00:00:00:00:00:0d    00:00:00:00:00:07 15   1023  [21,16,11,6,7,8,9,10,15]  
# h00:00:00:00:00:0d -> h00:00:00:00:00:0c
   00:00:00:00:00:0d    00:00:00:00:00:0c 0      0  [21,22]     00:00:00:00:00:0d    00:00:00:00:00:0c 1    293  [21,16,17,22]     00:00:00:00:00:0d    00:00:00:00:00:0c 2    585  [21,16,11,12,17,22]     00:00:00:00:00:0d    00:00:00:00:00:0c 3    585  [21,16,17,18,23,22]     00:00:00:00:00:0d    00:00:00:00:00:0c 4    877  [21,16,11,6,7,12,17,22]     00:00:00:00:00:0d    00:00:00:00:00:0c 5    877  [21,16,11,12,13,18,17,22]     00:00:00:00:00:0d    00:00:00:00:00:0c 6    877  [21,16,11,12,13,18,23,22]     00:00:00:00:00:0d    00:00:00:00:00:0c 7    877  [21,16,11,12,17,18,23,22]     00:00:00:00:00:0d    00:00:00:00:00:0c 8    877  [21,16,17,12,13,18,23,22]     00:00:00:00:00:0d    00:00:00:00:00:0c 9    877  [21,16,17,12,13,18,17,22]     00:00:00:00:00:0d    00:00:00:00:00:0c 10    877  [21,16,17,18,13,12,17,22]     00:00:00:00:00:0d    00:00:00:00:00:0c 11    877  [21,16,17,18,19,24,23,22]     00:00:00:00:00:0d    00:00:00:00:00:0c 12   1170  [21,16,11,6,1,2,7,12,17,22]     00:00:00:00:00:0d    00:00:00:00:00:0c 13   1170  [21,16,11,6,7,8,13,12,17,22]     00:00:00:00:00:0d    00:00:00:00:00:0c 14   1170  [21,16,11,6,7,8,13,18,17,22]     00:00:00:00:00:0d    00:00:00:00:00:0c 15   1170  [21,16,11,6,7,8,13,18,23,22]  
# h00:00:00:00:00:0d -> h00:00:00:00:00:0e
   00:00:00:00:00:0d    00:00:00:00:00:0e 0      0  [21,16]     00:00:00:00:00:0d    00:00:00:00:00:0e 1    293  [21,22,17,16]     00:00:00:00:00:0d    00:00:00:00:00:0e 2    585  [21,22,17,12,11,16]     00:00:00:00:00:0d    00:00:00:00:00:0e 3    585  [21,22,23,18,17,16]     00:00:00:00:00:0d    00:00:00:00:00:0e 4    877  [21,22,17,12,7,6,11,16]     00:00:00:00:00:0d    00:00:00:00:00:0e 5    877  [21,22,17,12,13,18,17,16]     00:00:00:00:00:0d    00:00:00:00:00:0e 6    877  [21,22,17,18,13,12,11,16]     00:00:00:00:00:0d    00:00:00:00:00:0e 7    877  [21,22,17,18,13,12,17,16]     00:00:00:00:00:0d    00:00:00:00:00:0e 8    877  [21,22,23,18,13,12,11,16]     00:00:00:00:00:0d    00:00:00:00:00:0e 9    877  [21,22,23,18,13,12,17,16]     00:00:00:00:00:0d    00:00:00:00:00:0e 10    877  [21,22,23,18,17,12,11,16]     00:00:00:00:00:0d    00:00:00:00:00:0e 11    877  [21,22,23,24,19,18,17,16]     00:00:00:00:00:0d    00:00:00:00:00:0e 12   1170  [21,22,17,12,7,2,1,6,11,16]     00:00:00:00:00:0d    00:00:00:00:00:0e 13   1170  [21,22,17,12,7,8,13,12,11,16]     00:00:00:00:00:0d    00:00:00:00:00:0e 14   1170  [21,22,17,12,7,8,13,18,17,16]     00:00:00:00:00:0d    00:00:00:00:00:0e 15   1170  [21,22,17,12,13,8,7,6,11,16]  
# h00:00:00:00:00:0d -> h00:00:00:00:00:0b
   00:00:00:00:00:0d    00:00:00:00:00:0b 0    146  [21,22,23]     00:00:00:00:00:0d    00:00:00:00:00:0b 1    439  [21,16,17,18,23]     00:00:00:00:00:0d    00:00:00:00:00:0b 2    439  [21,16,17,22,23]     00:00:00:00:00:0d    00:00:00:00:00:0b 3    439  [21,22,17,18,23]     00:00:00:00:00:0d    00:00:00:00:00:0b 4    731  [21,16,11,12,13,18,23]     00:00:00:00:00:0d    00:00:00:00:00:0b 5    731  [21,16,11,12,17,18,23]     00:00:00:00:00:0d    00:00:00:00:00:0b 6    731  [21,16,11,12,17,22,23]     00:00:00:00:00:0d    00:00:00:00:00:0b 7    731  [21,16,17,12,13,18,23]     00:00:00:00:00:0d    00:00:00:00:00:0b 8    731  [21,16,17,18,19,24,23]     00:00:00:00:00:0d    00:00:00:00:00:0b 9    731  [21,22,17,12,13,18,23]     00:00:00:00:00:0d    00:00:00:00:00:0b 10    731  [21,22,17,18,19,24,23]     00:00:00:00:00:0d    00:00:00:00:00:0b 11   1023  [21,16,11,6,7,8,13,18,23]     00:00:00:00:00:0d    00:00:00:00:00:0b 12   1023  [21,16,11,6,7,12,13,18,23]     00:00:00:00:00:0d    00:00:00:00:00:0b 13   1023  [21,16,11,6,7,12,17,18,23]     00:00:00:00:00:0d    00:00:00:00:00:0b 14   1023  [21,16,11,6,7,12,17,22,23]     00:00:00:00:00:0d    00:00:00:00:00:0b 15   1023  [21,16,11,12,7,8,13,18,23]  
# h00:00:00:00:00:0d -> h00:00:00:00:00:09
   00:00:00:00:00:0d    00:00:00:00:00:09 0    439  [21,22,23,24,25]     00:00:00:00:00:0d    00:00:00:00:00:09 1    731  [21,16,17,18,19,20,25]     00:00:00:00:00:0d    00:00:00:00:00:09 2    731  [21,16,17,18,19,24,25]     00:00:00:00:00:0d    00:00:00:00:00:09 3    731  [21,16,17,18,23,24,25]     00:00:00:00:00:0d    00:00:00:00:00:09 4    731  [21,16,17,22,23,24,25]     00:00:00:00:00:0d    00:00:00:00:00:09 5    731  [21,22,17,18,19,20,25]     00:00:00:00:00:0d    00:00:00:00:00:09 6    731  [21,22,17,18,19,24,25]     00:00:00:00:00:0d    00:00:00:00:00:09 7    731  [21,22,17,18,23,24,25]     00:00:00:00:00:0d    00:00:00:00:00:09 8    731  [21,22,23,18,19,20,25]     00:00:00:00:00:0d    00:00:00:00:00:09 9    731  [21,22,23,18,19,24,25]     00:00:00:00:00:0d    00:00:00:00:00:09 10    731  [21,22,23,24,19,20,25]     00:00:00:00:00:0d    00:00:00:00:00:09 11   1023  [21,16,11,12,13,14,15,20,25]     00:00:00:00:00:0d    00:00:00:00:00:09 12   1023  [21,16,11,12,13,14,19,20,25]     00:00:00:00:00:0d    00:00:00:00:00:09 13   1023  [21,16,11,12,13,14,19,24,25]     00:00:00:00:00:0d    00:00:00:00:00:09 14   1023  [21,16,11,12,13,18,19,20,25]     00:00:00:00:00:0d    00:00:00:00:00:09 15   1023  [21,16,11,12,13,18,19,24,25]  
# h00:00:00:00:00:0d -> h00:00:00:00:00:08
   00:00:00:00:00:0d    00:00:00:00:00:08 0    585  [21,16,17,18,19,20]     00:00:00:00:00:0d    00:00:00:00:00:08 1    585  [21,22,17,18,19,20]     00:00:00:00:00:0d    00:00:00:00:00:08 2    585  [21,22,23,18,19,20]     00:00:00:00:00:0d    00:00:00:00:00:08 3    585  [21,22,23,24,19,20]     00:00:00:00:00:0d    00:00:00:00:00:08 4    585  [21,22,23,24,25,20]     00:00:00:00:00:0d    00:00:00:00:00:08 5    877  [21,16,11,12,13,14,15,20]     00:00:00:00:00:0d    00:00:00:00:00:08 6    877  [21,16,11,12,13,14,19,20]     00:00:00:00:00:0d    00:00:00:00:00:08 7    877  [21,16,11,12,13,18,19,20]     00:00:00:00:00:0d    00:00:00:00:00:08 8    877  [21,16,11,12,17,18,19,20]     00:00:00:00:00:0d    00:00:00:00:00:08 9    877  [21,16,17,12,13,14,15,20]     00:00:00:00:00:0d    00:00:00:00:00:08 10    877  [21,16,17,12,13,14,19,20]     00:00:00:00:00:0d    00:00:00:00:00:08 11    877  [21,16,17,12,13,18,19,20]     00:00:00:00:00:0d    00:00:00:00:00:08 12    877  [21,16,17,18,13,14,15,20]     00:00:00:00:00:0d    00:00:00:00:00:08 13    877  [21,16,17,18,13,14,19,20]     00:00:00:00:00:0d    00:00:00:00:00:08 14    877  [21,16,17,18,19,14,15,20]     00:00:00:00:00:0d    00:00:00:00:00:08 15    877  [21,16,17,18,19,24,25,20]  
# h00:00:00:00:00:05 -> h00:00:00:00:00:01
   00:00:00:00:00:05    00:00:00:00:00:01 0    439  [5,4,3,2,1]     00:00:00:00:00:05    00:00:00:00:00:01 1    731  [5,4,3,2,7,6,1]     00:00:00:00:00:05    00:00:00:00:00:01 2    731  [5,4,3,8,7,2,1]     00:00:00:00:00:05    00:00:00:00:00:01 3    731  [5,4,3,8,7,6,1]     00:00:00:00:00:05    00:00:00:00:00:01 4    731  [5,4,9,8,3,2,1]     00:00:00:00:00:05    00:00:00:00:00:01 5    731  [5,4,9,8,7,2,1]     00:00:00:00:00:05    00:00:00:00:00:01 6    731  [5,4,9,8,7,6,1]     00:00:00:00:00:05    00:00:00:00:00:01 7    731  [5,10,9,4,3,2,1]     00:00:00:00:00:05    00:00:00:00:00:01 8    731  [5,10,9,8,3,2,1]     00:00:00:00:00:05    00:00:00:00:00:01 9    731  [5,10,9,8,7,2,1]     00:00:00:00:00:05    00:00:00:00:00:01 10    731  [5,10,9,8,7,6,1]     00:00:00:00:00:05    00:00:00:00:00:01 11   1023  [5,4,3,2,7,12,11,6,1]     00:00:00:00:00:05    00:00:00:00:00:01 12   1023  [5,4,3,8,7,12,11,6,1]     00:00:00:00:00:05    00:00:00:00:00:01 13   1023  [5,4,3,8,13,12,7,2,1]     00:00:00:00:00:05    00:00:00:00:00:01 14   1023  [5,4,3,8,13,12,7,6,1]     00:00:00:00:00:05    00:00:00:00:00:01 15   1023  [5,4,3,8,13,12,11,6,1]  
# h00:00:00:00:00:05 -> h00:00:00:00:00:04
   00:00:00:00:00:05    00:00:00:00:00:04 0      0  [5,4]     00:00:00:00:00:05    00:00:00:00:00:04 1    293  [5,10,9,4]     00:00:00:00:00:05    00:00:00:00:00:04 2    585  [5,10,9,8,3,4]     00:00:00:00:00:05    00:00:00:00:00:04 3    585  [5,10,15,14,9,4]     00:00:00:00:00:05    00:00:00:00:00:04 4    877  [5,10,9,8,7,2,3,4]     00:00:00:00:00:05    00:00:00:00:00:04 5    877  [5,10,9,8,13,14,9,4]     00:00:00:00:00:05    00:00:00:00:00:04 6    877  [5,10,9,14,13,8,3,4]     00:00:00:00:00:05    00:00:00:00:00:04 7    877  [5,10,9,14,13,8,9,4]     00:00:00:00:00:05    00:00:00:00:00:04 8    877  [5,10,15,14,9,8,3,4]     00:00:00:00:00:05    00:00:00:00:00:04 9    877  [5,10,15,14,13,8,3,4]     00:00:00:00:00:05    00:00:00:00:00:04 10    877  [5,10,15,14,13,8,9,4]     00:00:00:00:00:05    00:00:00:00:00:04 11    877  [5,10,15,20,19,14,9,4]     00:00:00:00:00:05    00:00:00:00:00:04 12   1170  [5,10,9,8,7,6,1,2,3,4]     00:00:00:00:00:05    00:00:00:00:00:04 13   1170  [5,10,9,8,7,12,13,8,3,4]     00:00:00:00:00:05    00:00:00:00:00:04 14   1170  [5,10,9,8,7,12,13,14,9,4]     00:00:00:00:00:05    00:00:00:00:00:04 15   1170  [5,10,9,8,13,12,7,2,3,4]  
# h00:00:00:00:00:05 -> h00:00:00:00:00:02
   00:00:00:00:00:05    00:00:00:00:00:02 0    293  [5,4,3,2]     00:00:00:00:00:05    00:00:00:00:00:02 1    585  [5,4,3,8,7,2]     00:00:00:00:00:05    00:00:00:00:00:02 2    585  [5,4,9,8,3,2]     00:00:00:00:00:05    00:00:00:00:00:02 3    585  [5,4,9,8,7,2]     00:00:00:00:00:05    00:00:00:00:00:02 4    585  [5,10,9,4,3,2]     00:00:00:00:00:05    00:00:00:00:00:02 5    585  [5,10,9,8,3,2]     00:00:00:00:00:05    00:00:00:00:00:02 6    585  [5,10,9,8,7,2]     00:00:00:00:00:05    00:00:00:00:00:02 7    877  [5,4,3,8,7,6,1,2]     00:00:00:00:00:05    00:00:00:00:00:02 8    877  [5,4,3,8,13,12,7,2]     00:00:00:00:00:05    00:00:00:00:00:02 9    877  [5,4,9,8,7,6,1,2]     00:00:00:00:00:05    00:00:00:00:00:02 10    877  [5,4,9,8,13,12,7,2]     00:00:00:00:00:05    00:00:00:00:00:02 11    877  [5,4,9,14,13,8,3,2]     00:00:00:00:00:05    00:00:00:00:00:02 12    877  [5,4,9,14,13,8,7,2]     00:00:00:00:00:05    00:00:00:00:00:02 13    877  [5,4,9,14,13,12,7,2]     00:00:00:00:00:05    00:00:00:00:00:02 14    877  [5,10,9,4,3,8,7,2]     00:00:00:00:00:05    00:00:00:00:00:02 15    877  [5,10,9,8,7,6,1,2]  
# h00:00:00:00:00:05 -> h00:00:00:00:00:06
   00:00:00:00:00:05    00:00:00:00:00:06 0      0  [5,10]     00:00:00:00:00:05    00:00:00:00:00:06 1    293  [5,4,9,10]     00:00:00:00:00:05    00:00:00:00:00:06 2    585  [5,4,3,8,9,10]     00:00:00:00:00:05    00:00:00:00:00:06 3    585  [5,4,9,14,15,10]     00:00:00:00:00:05    00:00:00:00:00:06 4    877  [5,4,3,2,7,8,9,10]     00:00:00:00:00:05    00:00:00:00:00:06 5    877  [5,4,3,8,9,14,15,10]     00:00:00:00:00:05    00:00:00:00:00:06 6    877  [5,4,3,8,13,14,9,10]     00:00:00:00:00:05    00:00:00:00:00:06 7    877  [5,4,3,8,13,14,15,10]     00:00:00:00:00:05    00:00:00:00:00:06 8    877  [5,4,9,8,13,14,15,10]     00:00:00:00:00:05    00:00:00:00:00:06 9    877  [5,4,9,8,13,14,9,10]     00:00:00:00:00:05    00:00:00:00:00:06 10    877  [5,4,9,14,13,8,9,10]     00:00:00:00:00:05    00:00:00:00:00:06 11    877  [5,4,9,14,19,20,15,10]     00:00:00:00:00:05    00:00:00:00:00:06 12   1170  [5,4,3,2,1,6,7,8,9,10]     00:00:00:00:00:05    00:00:00:00:00:06 13   1170  [5,4,3,2,7,8,9,14,15,10]     00:00:00:00:00:05    00:00:00:00:00:06 14   1170  [5,4,3,2,7,8,13,14,9,10]     00:00:00:00:00:05    00:00:00:00:00:06 15   1170  [5,4,3,2,7,8,13,14,15,10]  
# h00:00:00:00:00:05 -> h00:00:00:00:00:10
   00:00:00:00:00:05    00:00:00:00:00:10 0    585  [5,4,3,2,1,6]     00:00:00:00:00:05    00:00:00:00:00:10 1    585  [5,4,3,2,7,6]     00:00:00:00:00:05    00:00:00:00:00:10 2    585  [5,4,3,8,7,6]     00:00:00:00:00:05    00:00:00:00:00:10 3    585  [5,4,9,8,7,6]     00:00:00:00:00:05    00:00:00:00:00:10 4    585  [5,10,9,8,7,6]     00:00:00:00:00:05    00:00:00:00:00:10 5    877  [5,4,3,2,7,12,11,6]     00:00:00:00:00:05    00:00:00:00:00:10 6    877  [5,4,3,8,7,2,1,6]     00:00:00:00:00:05    00:00:00:00:00:10 7    877  [5,4,3,8,7,12,11,6]     00:00:00:00:00:05    00:00:00:00:00:10 8    877  [5,4,3,8,13,12,7,6]     00:00:00:00:00:05    00:00:00:00:00:10 9    877  [5,4,3,8,13,12,11,6]     00:00:00:00:00:05    00:00:00:00:00:10 10    877  [5,4,9,8,3,2,1,6]     00:00:00:00:00:05    00:00:00:00:00:10 11    877  [5,4,9,8,3,2,7,6]     00:00:00:00:00:05    00:00:00:00:00:10 12    877  [5,4,9,8,7,2,1,6]     00:00:00:00:00:05    00:00:00:00:00:10 13    877  [5,4,9,8,7,12,11,6]     00:00:00:00:00:05    00:00:00:00:00:10 14    877  [5,4,9,8,13,12,7,6]     00:00:00:00:00:05    00:00:00:00:00:10 15    877  [5,4,9,8,13,12,11,6]  
# h00:00:00:00:00:05 -> h00:00:00:00:00:0f
   00:00:00:00:00:05    00:00:00:00:00:0f 0    731  [5,4,3,2,1,6,11]     00:00:00:00:00:05    00:00:00:00:00:0f 1    731  [5,4,3,2,7,6,11]     00:00:00:00:00:05    00:00:00:00:00:0f 2    731  [5,4,3,2,7,12,11]     00:00:00:00:00:05    00:00:00:00:00:0f 3    731  [5,4,3,8,7,6,11]     00:00:00:00:00:05    00:00:00:00:00:0f 4    731  [5,4,3,8,7,12,11]     00:00:00:00:00:05    00:00:00:00:00:0f 5    731  [5,4,3,8,13,12,11]     00:00:00:00:00:05    00:00:00:00:00:0f 6    731  [5,4,9,8,7,6,11]     00:00:00:00:00:05    00:00:00:00:00:0f 7    731  [5,4,9,8,7,12,11]     00:00:00:00:00:05    00:00:00:00:00:0f 8    731  [5,4,9,8,13,12,11]     00:00:00:00:00:05    00:00:00:00:00:0f 9    731  [5,4,9,14,13,12,11]     00:00:00:00:00:05    00:00:00:00:00:0f 10    731  [5,10,9,8,7,6,11]     00:00:00:00:00:05    00:00:00:00:00:0f 11    731  [5,10,9,8,7,12,11]     00:00:00:00:00:05    00:00:00:00:00:0f 12    731  [5,10,9,8,13,12,11]     00:00:00:00:00:05    00:00:00:00:00:0f 13    731  [5,10,9,14,13,12,11]     00:00:00:00:00:05    00:00:00:00:00:0f 14    731  [5,10,15,14,13,12,11]     00:00:00:00:00:05    00:00:00:00:00:0f 15   1023  [5,4,3,2,1,6,7,12,11]  
# h00:00:00:00:00:05 -> h00:00:00:00:00:0d
   00:00:00:00:00:05    00:00:00:00:00:0d 0   1023  [5,4,3,2,1,6,11,16,21]     00:00:00:00:00:05    00:00:00:00:00:0d 1   1023  [5,4,3,2,7,6,11,16,21]     00:00:00:00:00:05    00:00:00:00:00:0d 2   1023  [5,4,3,2,7,12,11,16,21]     00:00:00:00:00:05    00:00:00:00:00:0d 3   1023  [5,4,3,2,7,12,17,16,21]     00:00:00:00:00:05    00:00:00:00:00:0d 4   1023  [5,4,3,2,7,12,17,22,21]     00:00:00:00:00:05    00:00:00:00:00:0d 5   1023  [5,4,3,8,7,6,11,16,21]     00:00:00:00:00:05    00:00:00:00:00:0d 6   1023  [5,4,3,8,7,12,11,16,21]     00:00:00:00:00:05    00:00:00:00:00:0d 7   1023  [5,4,3,8,7,12,17,16,21]     00:00:00:00:00:05    00:00:00:00:00:0d 8   1023  [5,4,3,8,7,12,17,22,21]     00:00:00:00:00:05    00:00:00:00:00:0d 9   1023  [5,4,3,8,13,12,11,16,21]     00:00:00:00:00:05    00:00:00:00:00:0d 10   1023  [5,4,3,8,13,12,17,16,21]     00:00:00:00:00:05    00:00:00:00:00:0d 11   1023  [5,4,3,8,13,12,17,22,21]     00:00:00:00:00:05    00:00:00:00:00:0d 12   1023  [5,4,3,8,13,18,17,16,21]     00:00:00:00:00:05    00:00:00:00:00:0d 13   1023  [5,4,3,8,13,18,17,22,21]     00:00:00:00:00:05    00:00:00:00:00:0d 14   1023  [5,4,3,8,13,18,23,22,21]     00:00:00:00:00:05    00:00:00:00:00:0d 15   1023  [5,4,9,8,7,6,11,16,21]  
# h00:00:00:00:00:05 -> h00:00:00:00:00:03
   00:00:00:00:00:05    00:00:00:00:00:03 0    146  [5,4,3]     00:00:00:00:00:05    00:00:00:00:00:03 1    439  [5,4,9,8,3]     00:00:00:00:00:05    00:00:00:00:00:03 2    439  [5,10,9,4,3]     00:00:00:00:00:05    00:00:00:00:00:03 3    439  [5,10,9,8,3]     00:00:00:00:00:05    00:00:00:00:00:03 4    731  [5,4,9,8,7,2,3]     00:00:00:00:00:05    00:00:00:00:00:03 5    731  [5,4,9,14,13,8,3]     00:00:00:00:00:05    00:00:00:00:00:03 6    731  [5,10,9,8,7,2,3]     00:00:00:00:00:05    00:00:00:00:00:03 7    731  [5,10,9,14,13,8,3]     00:00:00:00:00:05    00:00:00:00:00:03 8    731  [5,10,15,14,9,4,3]     00:00:00:00:00:05    00:00:00:00:00:03 9    731  [5,10,15,14,9,8,3]     00:00:00:00:00:05    00:00:00:00:00:03 10    731  [5,10,15,14,13,8,3]     00:00:00:00:00:05    00:00:00:00:00:03 11   1023  [5,4,9,8,7,6,1,2,3]     00:00:00:00:00:05    00:00:00:00:00:03 12   1023  [5,4,9,8,7,12,13,8,3]     00:00:00:00:00:05    00:00:00:00:00:03 13   1023  [5,4,9,8,13,12,7,2,3]     00:00:00:00:00:05    00:00:00:00:00:03 14   1023  [5,4,9,8,13,12,7,8,3]     00:00:00:00:00:05    00:00:00:00:00:03 15   1023  [5,4,9,10,15,14,13,8,3]  
# h00:00:00:00:00:05 -> h00:00:00:00:00:0a
   00:00:00:00:00:05    00:00:00:00:00:0a 0    585  [5,4,9,14,19,24]     00:00:00:00:00:05    00:00:00:00:00:0a 1    585  [5,10,9,14,19,24]     00:00:00:00:00:05    00:00:00:00:00:0a 2    585  [5,10,15,14,19,24]     00:00:00:00:00:05    00:00:00:00:00:0a 3    585  [5,10,15,20,19,24]     00:00:00:00:00:05    00:00:00:00:00:0a 4    585  [5,10,15,20,25,24]     00:00:00:00:00:05    00:00:00:00:00:0a 5    877  [5,4,3,8,9,14,19,24]     00:00:00:00:00:05    00:00:00:00:00:0a 6    877  [5,4,3,8,13,14,19,24]     00:00:00:00:00:05    00:00:00:00:00:0a 7    877  [5,4,3,8,13,18,19,24]     00:00:00:00:00:05    00:00:00:00:00:0a 8    877  [5,4,3,8,13,18,23,24]     00:00:00:00:00:05    00:00:00:00:00:0a 9    877  [5,4,9,8,13,14,19,24]     00:00:00:00:00:05    00:00:00:00:00:0a 10    877  [5,4,9,8,13,18,19,24]     00:00:00:00:00:05    00:00:00:00:00:0a 11    877  [5,4,9,8,13,18,23,24]     00:00:00:00:00:05    00:00:00:00:00:0a 12    877  [5,4,9,10,15,14,19,24]     00:00:00:00:00:05    00:00:00:00:00:0a 13    877  [5,4,9,10,15,20,19,24]     00:00:00:00:00:05    00:00:00:00:00:0a 14    877  [5,4,9,10,15,20,25,24]     00:00:00:00:00:05    00:00:00:00:00:0a 15    877  [5,4,9,14,13,18,19,24]  
# h00:00:00:00:00:05 -> h00:00:00:00:00:07
   00:00:00:00:00:05    00:00:00:00:00:07 0    146  [5,10,15]     00:00:00:00:00:05    00:00:00:00:00:07 1    439  [5,4,9,10,15]     00:00:00:00:00:05    00:00:00:00:00:07 2    439  [5,4,9,14,15]     00:00:00:00:00:05    00:00:00:00:00:07 3    439  [5,10,9,14,15]     00:00:00:00:00:05    00:00:00:00:00:07 4    731  [5,4,3,8,9,10,15]     00:00:00:00:00:05    00:00:00:00:00:07 5    731  [5,4,3,8,9,14,15]     00:00:00:00:00:05    00:00:00:00:00:07 6    731  [5,4,3,8,13,14,15]     00:00:00:00:00:05    00:00:00:00:00:07 7    731  [5,4,9,8,13,14,15]     00:00:00:00:00:05    00:00:00:00:00:07 8    731  [5,4,9,14,19,20,15]     00:00:00:00:00:05    00:00:00:00:00:07 9    731  [5,10,9,8,13,14,15]     00:00:00:00:00:05    00:00:00:00:00:07 10    731  [5,10,9,14,19,20,15]     00:00:00:00:00:05    00:00:00:00:00:07 11   1023  [5,4,3,2,7,8,9,10,15]     00:00:00:00:00:05    00:00:00:00:00:07 12   1023  [5,4,3,2,7,8,9,14,15]     00:00:00:00:00:05    00:00:00:00:00:07 13   1023  [5,4,3,2,7,8,13,14,15]     00:00:00:00:00:05    00:00:00:00:00:07 14   1023  [5,4,3,2,7,12,13,14,15]     00:00:00:00:00:05    00:00:00:00:00:07 15   1023  [5,4,3,8,7,12,13,14,15]  
# h00:00:00:00:00:05 -> h00:00:00:00:00:0c
   00:00:00:00:00:05    00:00:00:00:00:0c 0    877  [5,4,3,2,7,12,17,22]     00:00:00:00:00:05    00:00:00:00:00:0c 1    877  [5,4,3,8,7,12,17,22]     00:00:00:00:00:05    00:00:00:00:00:0c 2    877  [5,4,3,8,13,12,17,22]     00:00:00:00:00:05    00:00:00:00:00:0c 3    877  [5,4,3,8,13,18,17,22]     00:00:00:00:00:05    00:00:00:00:00:0c 4    877  [5,4,3,8,13,18,23,22]     00:00:00:00:00:05    00:00:00:00:00:0c 5    877  [5,4,9,8,7,12,17,22]     00:00:00:00:00:05    00:00:00:00:00:0c 6    877  [5,4,9,8,13,12,17,22]     00:00:00:00:00:05    00:00:00:00:00:0c 7    877  [5,4,9,8,13,18,17,22]     00:00:00:00:00:05    00:00:00:00:00:0c 8    877  [5,4,9,8,13,18,23,22]     00:00:00:00:00:05    00:00:00:00:00:0c 9    877  [5,4,9,14,13,12,17,22]     00:00:00:00:00:05    00:00:00:00:00:0c 10    877  [5,4,9,14,13,18,17,22]     00:00:00:00:00:05    00:00:00:00:00:0c 11    877  [5,4,9,14,13,18,23,22]     00:00:00:00:00:05    00:00:00:00:00:0c 12    877  [5,4,9,14,19,18,17,22]     00:00:00:00:00:05    00:00:00:00:00:0c 13    877  [5,4,9,14,19,18,23,22]     00:00:00:00:00:05    00:00:00:00:00:0c 14    877  [5,4,9,14,19,24,23,22]     00:00:00:00:00:05    00:00:00:00:00:0c 15    877  [5,10,9,8,7,12,17,22]  
# h00:00:00:00:00:05 -> h00:00:00:00:00:0e
   00:00:00:00:00:05    00:00:00:00:00:0e 0    877  [5,4,3,2,1,6,11,16]     00:00:00:00:00:05    00:00:00:00:00:0e 1    877  [5,4,3,2,7,6,11,16]     00:00:00:00:00:05    00:00:00:00:00:0e 2    877  [5,4,3,2,7,12,11,16]     00:00:00:00:00:05    00:00:00:00:00:0e 3    877  [5,4,3,2,7,12,17,16]     00:00:00:00:00:05    00:00:00:00:00:0e 4    877  [5,4,3,8,7,6,11,16]     00:00:00:00:00:05    00:00:00:00:00:0e 5    877  [5,4,3,8,7,12,11,16]     00:00:00:00:00:05    00:00:00:00:00:0e 6    877  [5,4,3,8,7,12,17,16]     00:00:00:00:00:05    00:00:00:00:00:0e 7    877  [5,4,3,8,13,12,11,16]     00:00:00:00:00:05    00:00:00:00:00:0e 8    877  [5,4,3,8,13,12,17,16]     00:00:00:00:00:05    00:00:00:00:00:0e 9    877  [5,4,3,8,13,18,17,16]     00:00:00:00:00:05    00:00:00:00:00:0e 10    877  [5,4,9,8,7,6,11,16]     00:00:00:00:00:05    00:00:00:00:00:0e 11    877  [5,4,9,8,7,12,11,16]     00:00:00:00:00:05    00:00:00:00:00:0e 12    877  [5,4,9,8,7,12,17,16]     00:00:00:00:00:05    00:00:00:00:00:0e 13    877  [5,4,9,8,13,12,11,16]     00:00:00:00:00:05    00:00:00:00:00:0e 14    877  [5,4,9,8,13,12,17,16]     00:00:00:00:00:05    00:00:00:00:00:0e 15    877  [5,4,9,8,13,18,17,16]  
# h00:00:00:00:00:05 -> h00:00:00:00:00:0b
   00:00:00:00:00:05    00:00:00:00:00:0b 0    731  [5,4,3,8,13,18,23]     00:00:00:00:00:05    00:00:00:00:00:0b 1    731  [5,4,9,8,13,18,23]     00:00:00:00:00:05    00:00:00:00:00:0b 2    731  [5,4,9,14,13,18,23]     00:00:00:00:00:05    00:00:00:00:00:0b 3    731  [5,4,9,14,19,18,23]     00:00:00:00:00:05    00:00:00:00:00:0b 4    731  [5,4,9,14,19,24,23]     00:00:00:00:00:05    00:00:00:00:00:0b 5    731  [5,10,9,8,13,18,23]     00:00:00:00:00:05    00:00:00:00:00:0b 6    731  [5,10,9,14,13,18,23]     00:00:00:00:00:05    00:00:00:00:00:0b 7    731  [5,10,9,14,19,18,23]     00:00:00:00:00:05    00:00:00:00:00:0b 8    731  [5,10,9,14,19,24,23]     00:00:00:00:00:05    00:00:00:00:00:0b 9    731  [5,10,15,14,13,18,23]     00:00:00:00:00:05    00:00:00:00:00:0b 10    731  [5,10,15,14,19,18,23]     00:00:00:00:00:05    00:00:00:00:00:0b 11    731  [5,10,15,14,19,24,23]     00:00:00:00:00:05    00:00:00:00:00:0b 12    731  [5,10,15,20,19,18,23]     00:00:00:00:00:05    00:00:00:00:00:0b 13    731  [5,10,15,20,19,24,23]     00:00:00:00:00:05    00:00:00:00:00:0b 14    731  [5,10,15,20,25,24,23]     00:00:00:00:00:05    00:00:00:00:00:0b 15   1023  [5,4,3,2,7,8,13,18,23]  
# h00:00:00:00:00:05 -> h00:00:00:00:00:09
   00:00:00:00:00:05    00:00:00:00:00:09 0    439  [5,10,15,20,25]     00:00:00:00:00:05    00:00:00:00:00:09 1    731  [5,4,9,10,15,20,25]     00:00:00:00:00:05    00:00:00:00:00:09 2    731  [5,4,9,14,15,20,25]     00:00:00:00:00:05    00:00:00:00:00:09 3    731  [5,4,9,14,19,20,25]     00:00:00:00:00:05    00:00:00:00:00:09 4    731  [5,4,9,14,19,24,25]     00:00:00:00:00:05    00:00:00:00:00:09 5    731  [5,10,9,14,15,20,25]     00:00:00:00:00:05    00:00:00:00:00:09 6    731  [5,10,9,14,19,20,25]     00:00:00:00:00:05    00:00:00:00:00:09 7    731  [5,10,9,14,19,24,25]     00:00:00:00:00:05    00:00:00:00:00:09 8    731  [5,10,15,14,19,20,25]     00:00:00:00:00:05    00:00:00:00:00:09 9    731  [5,10,15,14,19,24,25]     00:00:00:00:00:05    00:00:00:00:00:09 10    731  [5,10,15,20,19,24,25]     00:00:00:00:00:05    00:00:00:00:00:09 11   1023  [5,4,3,8,9,10,15,20,25]     00:00:00:00:00:05    00:00:00:00:00:09 12   1023  [5,4,3,8,9,14,15,20,25]     00:00:00:00:00:05    00:00:00:00:00:09 13   1023  [5,4,3,8,9,14,19,20,25]     00:00:00:00:00:05    00:00:00:00:00:09 14   1023  [5,4,3,8,9,14,19,24,25]     00:00:00:00:00:05    00:00:00:00:00:09 15   1023  [5,4,3,8,13,14,15,20,25]  
# h00:00:00:00:00:05 -> h00:00:00:00:00:08
   00:00:00:00:00:05    00:00:00:00:00:08 0    293  [5,10,15,20]     00:00:00:00:00:05    00:00:00:00:00:08 1    585  [5,4,9,10,15,20]     00:00:00:00:00:05    00:00:00:00:00:08 2    585  [5,4,9,14,15,20]     00:00:00:00:00:05    00:00:00:00:00:08 3    585  [5,4,9,14,19,20]     00:00:00:00:00:05    00:00:00:00:00:08 4    585  [5,10,9,14,15,20]     00:00:00:00:00:05    00:00:00:00:00:08 5    585  [5,10,9,14,19,20]     00:00:00:00:00:05    00:00:00:00:00:08 6    585  [5,10,15,14,19,20]     00:00:00:00:00:05    00:00:00:00:00:08 7    877  [5,4,3,8,9,10,15,20]     00:00:00:00:00:05    00:00:00:00:00:08 8    877  [5,4,3,8,9,14,15,20]     00:00:00:00:00:05    00:00:00:00:00:08 9    877  [5,4,3,8,9,14,19,20]     00:00:00:00:00:05    00:00:00:00:00:08 10    877  [5,4,3,8,13,14,15,20]     00:00:00:00:00:05    00:00:00:00:00:08 11    877  [5,4,3,8,13,14,19,20]     00:00:00:00:00:05    00:00:00:00:00:08 12    877  [5,4,3,8,13,18,19,20]     00:00:00:00:00:05    00:00:00:00:00:08 13    877  [5,4,9,8,13,14,15,20]     00:00:00:00:00:05    00:00:00:00:00:08 14    877  [5,4,9,8,13,14,19,20]     00:00:00:00:00:05    00:00:00:00:00:08 15    877  [5,4,9,8,13,18,19,20]  
# h00:00:00:00:00:03 -> h00:00:00:00:00:01
   00:00:00:00:00:03    00:00:00:00:00:01 0    146  [3,2,1]     00:00:00:00:00:03    00:00:00:00:00:01 1    439  [3,2,7,6,1]     00:00:00:00:00:03    00:00:00:00:00:01 2    439  [3,8,7,2,1]     00:00:00:00:00:03    00:00:00:00:00:01 3    439  [3,8,7,6,1]     00:00:00:00:00:03    00:00:00:00:00:01 4    731  [3,2,7,12,11,6,1]     00:00:00:00:00:03    00:00:00:00:00:01 5    731  [3,4,9,8,7,2,1]     00:00:00:00:00:03    00:00:00:00:00:01 6    731  [3,4,9,8,3,2,1]     00:00:00:00:00:03    00:00:00:00:00:01 7    731  [3,4,9,8,7,6,1]     00:00:00:00:00:03    00:00:00:00:00:01 8    731  [3,8,7,12,11,6,1]     00:00:00:00:00:03    00:00:00:00:00:01 9    731  [3,8,9,4,3,2,1]     00:00:00:00:00:03    00:00:00:00:00:01 10    731  [3,8,13,12,7,2,1]     00:00:00:00:00:03    00:00:00:00:00:01 11    731  [3,8,13,12,7,6,1]     00:00:00:00:00:03    00:00:00:00:00:01 12    731  [3,8,13,12,11,6,1]     00:00:00:00:00:03    00:00:00:00:00:01 13   1023  [3,2,7,8,13,12,11,6,1]     00:00:00:00:00:03    00:00:00:00:00:01 14   1023  [3,2,7,8,13,12,7,6,1]     00:00:00:00:00:03    00:00:00:00:00:01 15   1023  [3,2,7,12,13,8,7,6,1]  
# h00:00:00:00:00:03 -> h00:00:00:00:00:04
   00:00:00:00:00:03    00:00:00:00:00:04 0      0  [3,4]     00:00:00:00:00:03    00:00:00:00:00:04 1    293  [3,8,9,4]     00:00:00:00:00:03    00:00:00:00:00:04 2    585  [3,2,7,8,9,4]     00:00:00:00:00:03    00:00:00:00:00:04 3    585  [3,2,7,8,3,4]     00:00:00:00:00:03    00:00:00:00:00:04 4    585  [3,8,7,2,3,4]     00:00:00:00:00:03    00:00:00:00:00:04 5    585  [3,8,9,10,5,4]     00:00:00:00:00:03    00:00:00:00:00:04 6    585  [3,8,13,14,9,4]     00:00:00:00:00:03    00:00:00:00:00:04 7    877  [3,2,1,6,7,8,3,4]     00:00:00:00:00:03    00:00:00:00:00:04 8    877  [3,2,1,6,7,8,9,4]     00:00:00:00:00:03    00:00:00:00:00:04 9    877  [3,2,7,8,9,10,5,4]     00:00:00:00:00:03    00:00:00:00:00:04 10    877  [3,2,7,8,13,14,9,4]     00:00:00:00:00:03    00:00:00:00:00:04 11    877  [3,2,7,12,13,8,3,4]     00:00:00:00:00:03    00:00:00:00:00:04 12    877  [3,2,7,12,13,8,9,4]     00:00:00:00:00:03    00:00:00:00:00:04 13    877  [3,2,7,12,13,14,9,4]     00:00:00:00:00:03    00:00:00:00:00:04 14    877  [3,8,7,6,1,2,3,4]     00:00:00:00:00:03    00:00:00:00:00:04 15    877  [3,8,7,12,13,8,9,4]  
# h00:00:00:00:00:03 -> h00:00:00:00:00:02
   00:00:00:00:00:03    00:00:00:00:00:02 0      0  [3,2]     00:00:00:00:00:03    00:00:00:00:00:02 1    293  [3,8,7,2]     00:00:00:00:00:03    00:00:00:00:00:02 2    585  [3,4,9,8,7,2]     00:00:00:00:00:03    00:00:00:00:00:02 3    585  [3,4,9,8,3,2]     00:00:00:00:00:03    00:00:00:00:00:02 4    585  [3,8,7,6,1,2]     00:00:00:00:00:03    00:00:00:00:00:02 5    585  [3,8,9,4,3,2]     00:00:00:00:00:03    00:00:00:00:00:02 6    585  [3,8,13,12,7,2]     00:00:00:00:00:03    00:00:00:00:00:02 7    877  [3,4,5,10,9,8,3,2]     00:00:00:00:00:03    00:00:00:00:00:02 8    877  [3,4,5,10,9,8,7,2]     00:00:00:00:00:03    00:00:00:00:00:02 9    877  [3,4,9,8,7,6,1,2]     00:00:00:00:00:03    00:00:00:00:00:02 10    877  [3,4,9,8,13,12,7,2]     00:00:00:00:00:03    00:00:00:00:00:02 11    877  [3,4,9,14,13,8,3,2]     00:00:00:00:00:03    00:00:00:00:00:02 12    877  [3,4,9,14,13,8,7,2]     00:00:00:00:00:03    00:00:00:00:00:02 13    877  [3,4,9,14,13,12,7,2]     00:00:00:00:00:03    00:00:00:00:00:02 14    877  [3,8,7,6,11,12,7,2]     00:00:00:00:00:03    00:00:00:00:00:02 15    877  [3,8,7,12,11,6,1,2]  
# h00:00:00:00:00:03 -> h00:00:00:00:00:06
   00:00:00:00:00:03    00:00:00:00:00:06 0    293  [3,4,5,10]     00:00:00:00:00:03    00:00:00:00:00:06 1    293  [3,4,9,10]     00:00:00:00:00:03    00:00:00:00:00:06 2    293  [3,8,9,10]     00:00:00:00:00:03    00:00:00:00:00:06 3    585  [3,2,7,8,9,10]     00:00:00:00:00:03    00:00:00:00:00:06 4    585  [3,4,9,14,15,10]     00:00:00:00:00:03    00:00:00:00:00:06 5    585  [3,8,9,4,5,10]     00:00:00:00:00:03    00:00:00:00:00:06 6    585  [3,8,9,14,15,10]     00:00:00:00:00:03    00:00:00:00:00:06 7    585  [3,8,13,14,9,10]     00:00:00:00:00:03    00:00:00:00:00:06 8    585  [3,8,13,14,15,10]     00:00:00:00:00:03    00:00:00:00:00:06 9    877  [3,2,1,6,7,8,9,10]     00:00:00:00:00:03    00:00:00:00:00:06 10    877  [3,2,7,8,3,4,5,10]     00:00:00:00:00:03    00:00:00:00:00:06 11    877  [3,2,7,8,3,4,9,10]     00:00:00:00:00:03    00:00:00:00:00:06 12    877  [3,2,7,8,9,4,5,10]     00:00:00:00:00:03    00:00:00:00:00:06 13    877  [3,2,7,8,9,14,15,10]     00:00:00:00:00:03    00:00:00:00:00:06 14    877  [3,2,7,8,13,14,9,10]     00:00:00:00:00:03    00:00:00:00:00:06 15    877  [3,2,7,8,13,14,15,10]  
# h00:00:00:00:00:03 -> h00:00:00:00:00:10
   00:00:00:00:00:03    00:00:00:00:00:10 0    293  [3,2,1,6]     00:00:00:00:00:03    00:00:00:00:00:10 1    293  [3,2,7,6]     00:00:00:00:00:03    00:00:00:00:00:10 2    293  [3,8,7,6]     00:00:00:00:00:03    00:00:00:00:00:10 3    585  [3,2,7,12,11,6]     00:00:00:00:00:03    00:00:00:00:00:10 4    585  [3,4,9,8,7,6]     00:00:00:00:00:03    00:00:00:00:00:10 5    585  [3,8,7,2,1,6]     00:00:00:00:00:03    00:00:00:00:00:10 6    585  [3,8,7,12,11,6]     00:00:00:00:00:03    00:00:00:00:00:10 7    585  [3,8,13,12,7,6]     00:00:00:00:00:03    00:00:00:00:00:10 8    585  [3,8,13,12,11,6]     00:00:00:00:00:03    00:00:00:00:00:10 9    877  [3,2,7,8,13,12,11,6]     00:00:00:00:00:03    00:00:00:00:00:10 10    877  [3,2,7,8,13,12,7,6]     00:00:00:00:00:03    00:00:00:00:00:10 11    877  [3,2,7,12,13,8,7,6]     00:00:00:00:00:03    00:00:00:00:00:10 12    877  [3,2,7,12,17,16,11,6]     00:00:00:00:00:03    00:00:00:00:00:10 13    877  [3,4,5,10,9,8,7,6]     00:00:00:00:00:03    00:00:00:00:00:10 14    877  [3,4,9,8,3,2,1,6]     00:00:00:00:00:03    00:00:00:00:00:10 15    877  [3,4,9,8,3,2,7,6]  
# h00:00:00:00:00:03 -> h00:00:00:00:00:0f
   00:00:00:00:00:03    00:00:00:00:00:0f 0    439  [3,2,1,6,11]     00:00:00:00:00:03    00:00:00:00:00:0f 1    439  [3,2,7,6,11]     00:00:00:00:00:03    00:00:00:00:00:0f 2    439  [3,2,7,12,11]     00:00:00:00:00:03    00:00:00:00:00:0f 3    439  [3,8,7,6,11]     00:00:00:00:00:03    00:00:00:00:00:0f 4    439  [3,8,7,12,11]     00:00:00:00:00:03    00:00:00:00:00:0f 5    439  [3,8,13,12,11]     00:00:00:00:00:03    00:00:00:00:00:0f 6    731  [3,2,1,6,7,12,11]     00:00:00:00:00:03    00:00:00:00:00:0f 7    731  [3,2,7,8,13,12,11]     00:00:00:00:00:03    00:00:00:00:00:0f 8    731  [3,2,7,12,17,16,11]     00:00:00:00:00:03    00:00:00:00:00:0f 9    731  [3,4,9,8,7,6,11]     00:00:00:00:00:03    00:00:00:00:00:0f 10    731  [3,4,9,8,7,12,11]     00:00:00:00:00:03    00:00:00:00:00:0f 11    731  [3,4,9,8,13,12,11]     00:00:00:00:00:03    00:00:00:00:00:0f 12    731  [3,4,9,14,13,12,11]     00:00:00:00:00:03    00:00:00:00:00:0f 13    731  [3,8,7,2,1,6,11]     00:00:00:00:00:03    00:00:00:00:00:0f 14    731  [3,8,7,12,17,16,11]     00:00:00:00:00:03    00:00:00:00:00:0f 15    731  [3,8,9,14,13,12,11]  
# h00:00:00:00:00:03 -> h00:00:00:00:00:0d
   00:00:00:00:00:03    00:00:00:00:00:0d 0    731  [3,2,1,6,11,16,21]     00:00:00:00:00:03    00:00:00:00:00:0d 1    731  [3,2,7,6,11,16,21]     00:00:00:00:00:03    00:00:00:00:00:0d 2    731  [3,2,7,12,11,16,21]     00:00:00:00:00:03    00:00:00:00:00:0d 3    731  [3,2,7,12,17,16,21]     00:00:00:00:00:03    00:00:00:00:00:0d 4    731  [3,2,7,12,17,22,21]     00:00:00:00:00:03    00:00:00:00:00:0d 5    731  [3,8,7,6,11,16,21]     00:00:00:00:00:03    00:00:00:00:00:0d 6    731  [3,8,7,12,11,16,21]     00:00:00:00:00:03    00:00:00:00:00:0d 7    731  [3,8,7,12,17,16,21]     00:00:00:00:00:03    00:00:00:00:00:0d 8    731  [3,8,7,12,17,22,21]     00:00:00:00:00:03    00:00:00:00:00:0d 9    731  [3,8,13,12,11,16,21]     00:00:00:00:00:03    00:00:00:00:00:0d 10    731  [3,8,13,12,17,16,21]     00:00:00:00:00:03    00:00:00:00:00:0d 11    731  [3,8,13,12,17,22,21]     00:00:00:00:00:03    00:00:00:00:00:0d 12    731  [3,8,13,18,17,16,21]     00:00:00:00:00:03    00:00:00:00:00:0d 13    731  [3,8,13,18,17,22,21]     00:00:00:00:00:03    00:00:00:00:00:0d 14    731  [3,8,13,18,23,22,21]     00:00:00:00:00:03    00:00:00:00:00:0d 15   1023  [3,2,1,6,7,12,11,16,21]  
# h00:00:00:00:00:03 -> h00:00:00:00:00:05
   00:00:00:00:00:03    00:00:00:00:00:05 0    146  [3,4,5]     00:00:00:00:00:03    00:00:00:00:00:05 1    439  [3,4,9,10,5]     00:00:00:00:00:03    00:00:00:00:00:05 2    439  [3,8,9,4,5]     00:00:00:00:00:03    00:00:00:00:00:05 3    439  [3,8,9,10,5]     00:00:00:00:00:03    00:00:00:00:00:05 4    731  [3,2,7,8,9,4,5]     00:00:00:00:00:03    00:00:00:00:00:05 5    731  [3,2,7,8,3,4,5]     00:00:00:00:00:03    00:00:00:00:00:05 6    731  [3,2,7,8,9,10,5]     00:00:00:00:00:03    00:00:00:00:00:05 7    731  [3,4,9,14,15,10,5]     00:00:00:00:00:03    00:00:00:00:00:05 8    731  [3,8,7,2,3,4,5]     00:00:00:00:00:03    00:00:00:00:00:05 9    731  [3,8,9,14,15,10,5]     00:00:00:00:00:03    00:00:00:00:00:05 10    731  [3,8,13,14,9,4,5]     00:00:00:00:00:03    00:00:00:00:00:05 11    731  [3,8,13,14,9,10,5]     00:00:00:00:00:03    00:00:00:00:00:05 12    731  [3,8,13,14,15,10,5]     00:00:00:00:00:03    00:00:00:00:00:05 13   1023  [3,2,1,6,7,8,3,4,5]     00:00:00:00:00:03    00:00:00:00:00:05 14   1023  [3,2,1,6,7,8,9,4,5]     00:00:00:00:00:03    00:00:00:00:00:05 15   1023  [3,2,1,6,7,8,9,10,5]  
# h00:00:00:00:00:03 -> h00:00:00:00:00:0a
   00:00:00:00:00:03    00:00:00:00:00:0a 0    585  [3,4,9,14,19,24]     00:00:00:00:00:03    00:00:00:00:00:0a 1    585  [3,8,9,14,19,24]     00:00:00:00:00:03    00:00:00:00:00:0a 2    585  [3,8,13,14,19,24]     00:00:00:00:00:03    00:00:00:00:00:0a 3    585  [3,8,13,18,19,24]     00:00:00:00:00:03    00:00:00:00:00:0a 4    585  [3,8,13,18,23,24]     00:00:00:00:00:03    00:00:00:00:00:0a 5    877  [3,2,7,8,9,14,19,24]     00:00:00:00:00:03    00:00:00:00:00:0a 6    877  [3,2,7,8,13,14,19,24]     00:00:00:00:00:03    00:00:00:00:00:0a 7    877  [3,2,7,8,13,18,19,24]     00:00:00:00:00:03    00:00:00:00:00:0a 8    877  [3,2,7,8,13,18,23,24]     00:00:00:00:00:03    00:00:00:00:00:0a 9    877  [3,2,7,12,13,14,19,24]     00:00:00:00:00:03    00:00:00:00:00:0a 10    877  [3,2,7,12,13,18,19,24]     00:00:00:00:00:03    00:00:00:00:00:0a 11    877  [3,2,7,12,13,18,23,24]     00:00:00:00:00:03    00:00:00:00:00:0a 12    877  [3,2,7,12,17,18,19,24]     00:00:00:00:00:03    00:00:00:00:00:0a 13    877  [3,2,7,12,17,18,23,24]     00:00:00:00:00:03    00:00:00:00:00:0a 14    877  [3,2,7,12,17,22,23,24]     00:00:00:00:00:03    00:00:00:00:00:0a 15    877  [3,4,5,10,9,14,19,24]  
# h00:00:00:00:00:03 -> h00:00:00:00:00:07
   00:00:00:00:00:03    00:00:00:00:00:07 0    439  [3,4,5,10,15]     00:00:00:00:00:03    00:00:00:00:00:07 1    439  [3,4,9,10,15]     00:00:00:00:00:03    00:00:00:00:00:07 2    439  [3,4,9,14,15]     00:00:00:00:00:03    00:00:00:00:00:07 3    439  [3,8,9,10,15]     00:00:00:00:00:03    00:00:00:00:00:07 4    439  [3,8,9,14,15]     00:00:00:00:00:03    00:00:00:00:00:07 5    439  [3,8,13,14,15]     00:00:00:00:00:03    00:00:00:00:00:07 6    731  [3,2,7,8,9,10,15]     00:00:00:00:00:03    00:00:00:00:00:07 7    731  [3,2,7,8,9,14,15]     00:00:00:00:00:03    00:00:00:00:00:07 8    731  [3,2,7,8,13,14,15]     00:00:00:00:00:03    00:00:00:00:00:07 9    731  [3,2,7,12,13,14,15]     00:00:00:00:00:03    00:00:00:00:00:07 10    731  [3,4,5,10,9,14,15]     00:00:00:00:00:03    00:00:00:00:00:07 11    731  [3,4,9,8,13,14,15]     00:00:00:00:00:03    00:00:00:00:00:07 12    731  [3,4,9,14,19,20,15]     00:00:00:00:00:03    00:00:00:00:00:07 13    731  [3,8,7,12,13,14,15]     00:00:00:00:00:03    00:00:00:00:00:07 14    731  [3,8,9,4,5,10,15]     00:00:00:00:00:03    00:00:00:00:00:07 15    731  [3,8,9,14,19,20,15]  
# h00:00:00:00:00:03 -> h00:00:00:00:00:0c
   00:00:00:00:00:03    00:00:00:00:00:0c 0    585  [3,2,7,12,17,22]     00:00:00:00:00:03    00:00:00:00:00:0c 1    585  [3,8,7,12,17,22]     00:00:00:00:00:03    00:00:00:00:00:0c 2    585  [3,8,13,12,17,22]     00:00:00:00:00:03    00:00:00:00:00:0c 3    585  [3,8,13,18,17,22]     00:00:00:00:00:03    00:00:00:00:00:0c 4    585  [3,8,13,18,23,22]     00:00:00:00:00:03    00:00:00:00:00:0c 5    877  [3,2,1,6,7,12,17,22]     00:00:00:00:00:03    00:00:00:00:00:0c 6    877  [3,2,1,6,11,12,17,22]     00:00:00:00:00:03    00:00:00:00:00:0c 7    877  [3,2,1,6,11,16,17,22]     00:00:00:00:00:03    00:00:00:00:00:0c 8    877  [3,2,1,6,11,16,21,22]     00:00:00:00:00:03    00:00:00:00:00:0c 9    877  [3,2,7,6,11,12,17,22]     00:00:00:00:00:03    00:00:00:00:00:0c 10    877  [3,2,7,6,11,16,17,22]     00:00:00:00:00:03    00:00:00:00:00:0c 11    877  [3,2,7,6,11,16,21,22]     00:00:00:00:00:03    00:00:00:00:00:0c 12    877  [3,2,7,8,13,12,17,22]     00:00:00:00:00:03    00:00:00:00:00:0c 13    877  [3,2,7,8,13,18,17,22]     00:00:00:00:00:03    00:00:00:00:00:0c 14    877  [3,2,7,8,13,18,23,22]     00:00:00:00:00:03    00:00:00:00:00:0c 15    877  [3,2,7,12,11,16,17,22]  
# h00:00:00:00:00:03 -> h00:00:00:00:00:0e
   00:00:00:00:00:03    00:00:00:00:00:0e 0    585  [3,2,1,6,11,16]     00:00:00:00:00:03    00:00:00:00:00:0e 1    585  [3,2,7,6,11,16]     00:00:00:00:00:03    00:00:00:00:00:0e 2    585  [3,2,7,12,11,16]     00:00:00:00:00:03    00:00:00:00:00:0e 3    585  [3,2,7,12,17,16]     00:00:00:00:00:03    00:00:00:00:00:0e 4    585  [3,8,7,6,11,16]     00:00:00:00:00:03    00:00:00:00:00:0e 5    585  [3,8,7,12,11,16]     00:00:00:00:00:03    00:00:00:00:00:0e 6    585  [3,8,7,12,17,16]     00:00:00:00:00:03    00:00:00:00:00:0e 7    585  [3,8,13,12,11,16]     00:00:00:00:00:03    00:00:00:00:00:0e 8    585  [3,8,13,12,17,16]     00:00:00:00:00:03    00:00:00:00:00:0e 9    585  [3,8,13,18,17,16]     00:00:00:00:00:03    00:00:00:00:00:0e 10    877  [3,2,1,6,7,12,11,16]     00:00:00:00:00:03    00:00:00:00:00:0e 11    877  [3,2,1,6,7,12,17,16]     00:00:00:00:00:03    00:00:00:00:00:0e 12    877  [3,2,1,6,11,12,17,16]     00:00:00:00:00:03    00:00:00:00:00:0e 13    877  [3,2,7,6,11,12,17,16]     00:00:00:00:00:03    00:00:00:00:00:0e 14    877  [3,2,7,8,13,12,11,16]     00:00:00:00:00:03    00:00:00:00:00:0e 15    877  [3,2,7,8,13,12,17,16]  
# h00:00:00:00:00:03 -> h00:00:00:00:00:0b
   00:00:00:00:00:03    00:00:00:00:00:0b 0    439  [3,8,13,18,23]     00:00:00:00:00:03    00:00:00:00:00:0b 1    731  [3,2,7,8,13,18,23]     00:00:00:00:00:03    00:00:00:00:00:0b 2    731  [3,2,7,12,13,18,23]     00:00:00:00:00:03    00:00:00:00:00:0b 3    731  [3,2,7,12,17,18,23]     00:00:00:00:00:03    00:00:00:00:00:0b 4    731  [3,2,7,12,17,22,23]     00:00:00:00:00:03    00:00:00:00:00:0b 5    731  [3,4,9,8,13,18,23]     00:00:00:00:00:03    00:00:00:00:00:0b 6    731  [3,4,9,14,13,18,23]     00:00:00:00:00:03    00:00:00:00:00:0b 7    731  [3,4,9,14,19,18,23]     00:00:00:00:00:03    00:00:00:00:00:0b 8    731  [3,4,9,14,19,24,23]     00:00:00:00:00:03    00:00:00:00:00:0b 9    731  [3,8,7,12,13,18,23]     00:00:00:00:00:03    00:00:00:00:00:0b 10    731  [3,8,7,12,17,18,23]     00:00:00:00:00:03    00:00:00:00:00:0b 11    731  [3,8,7,12,17,22,23]     00:00:00:00:00:03    00:00:00:00:00:0b 12    731  [3,8,9,14,13,18,23]     00:00:00:00:00:03    00:00:00:00:00:0b 13    731  [3,8,9,14,19,18,23]     00:00:00:00:00:03    00:00:00:00:00:0b 14    731  [3,8,9,14,19,24,23]     00:00:00:00:00:03    00:00:00:00:00:0b 15    731  [3,8,13,12,17,18,23]  
# h00:00:00:00:00:03 -> h00:00:00:00:00:09
   00:00:00:00:00:03    00:00:00:00:00:09 0    731  [3,4,5,10,15,20,25]     00:00:00:00:00:03    00:00:00:00:00:09 1    731  [3,4,9,10,15,20,25]     00:00:00:00:00:03    00:00:00:00:00:09 2    731  [3,4,9,14,15,20,25]     00:00:00:00:00:03    00:00:00:00:00:09 3    731  [3,4,9,14,19,20,25]     00:00:00:00:00:03    00:00:00:00:00:09 4    731  [3,4,9,14,19,24,25]     00:00:00:00:00:03    00:00:00:00:00:09 5    731  [3,8,9,10,15,20,25]     00:00:00:00:00:03    00:00:00:00:00:09 6    731  [3,8,9,14,15,20,25]     00:00:00:00:00:03    00:00:00:00:00:09 7    731  [3,8,9,14,19,20,25]     00:00:00:00:00:03    00:00:00:00:00:09 8    731  [3,8,9,14,19,24,25]     00:00:00:00:00:03    00:00:00:00:00:09 9    731  [3,8,13,14,15,20,25]     00:00:00:00:00:03    00:00:00:00:00:09 10    731  [3,8,13,14,19,20,25]     00:00:00:00:00:03    00:00:00:00:00:09 11    731  [3,8,13,14,19,24,25]     00:00:00:00:00:03    00:00:00:00:00:09 12    731  [3,8,13,18,19,20,25]     00:00:00:00:00:03    00:00:00:00:00:09 13    731  [3,8,13,18,19,24,25]     00:00:00:00:00:03    00:00:00:00:00:09 14    731  [3,8,13,18,23,24,25]     00:00:00:00:00:03    00:00:00:00:00:09 15   1023  [3,2,7,8,9,10,15,20,25]  
# h00:00:00:00:00:03 -> h00:00:00:00:00:08
   00:00:00:00:00:03    00:00:00:00:00:08 0    585  [3,4,5,10,15,20]     00:00:00:00:00:03    00:00:00:00:00:08 1    585  [3,4,9,10,15,20]     00:00:00:00:00:03    00:00:00:00:00:08 2    585  [3,4,9,14,15,20]     00:00:00:00:00:03    00:00:00:00:00:08 3    585  [3,4,9,14,19,20]     00:00:00:00:00:03    00:00:00:00:00:08 4    585  [3,8,9,10,15,20]     00:00:00:00:00:03    00:00:00:00:00:08 5    585  [3,8,9,14,15,20]     00:00:00:00:00:03    00:00:00:00:00:08 6    585  [3,8,9,14,19,20]     00:00:00:00:00:03    00:00:00:00:00:08 7    585  [3,8,13,14,15,20]     00:00:00:00:00:03    00:00:00:00:00:08 8    585  [3,8,13,14,19,20]     00:00:00:00:00:03    00:00:00:00:00:08 9    585  [3,8,13,18,19,20]     00:00:00:00:00:03    00:00:00:00:00:08 10    877  [3,2,7,8,9,10,15,20]     00:00:00:00:00:03    00:00:00:00:00:08 11    877  [3,2,7,8,9,14,15,20]     00:00:00:00:00:03    00:00:00:00:00:08 12    877  [3,2,7,8,9,14,19,20]     00:00:00:00:00:03    00:00:00:00:00:08 13    877  [3,2,7,8,13,14,15,20]     00:00:00:00:00:03    00:00:00:00:00:08 14    877  [3,2,7,8,13,14,19,20]     00:00:00:00:00:03    00:00:00:00:00:08 15    877  [3,2,7,8,13,18,19,20]  
# h00:00:00:00:00:0a -> h00:00:00:00:00:01
   00:00:00:00:00:0a    00:00:00:00:00:01 0    877  [24,19,14,9,4,3,2,1]     00:00:00:00:00:0a    00:00:00:00:00:01 1    877  [24,19,14,9,8,3,2,1]     00:00:00:00:00:0a    00:00:00:00:00:01 2    877  [24,19,14,9,8,7,2,1]     00:00:00:00:00:0a    00:00:00:00:00:01 3    877  [24,19,14,9,8,7,6,1]     00:00:00:00:00:0a    00:00:00:00:00:01 4    877  [24,19,14,13,8,3,2,1]     00:00:00:00:00:0a    00:00:00:00:00:01 5    877  [24,19,14,13,8,7,2,1]     00:00:00:00:00:0a    00:00:00:00:00:01 6    877  [24,19,14,13,8,7,6,1]     00:00:00:00:00:0a    00:00:00:00:00:01 7    877  [24,19,14,13,12,7,2,1]     00:00:00:00:00:0a    00:00:00:00:00:01 8    877  [24,19,14,13,12,7,6,1]     00:00:00:00:00:0a    00:00:00:00:00:01 9    877  [24,19,14,13,12,11,6,1]     00:00:00:00:00:0a    00:00:00:00:00:01 10    877  [24,19,18,13,8,3,2,1]     00:00:00:00:00:0a    00:00:00:00:00:01 11    877  [24,19,18,13,8,7,2,1]     00:00:00:00:00:0a    00:00:00:00:00:01 12    877  [24,19,18,13,8,7,6,1]     00:00:00:00:00:0a    00:00:00:00:00:01 13    877  [24,19,18,13,12,7,2,1]     00:00:00:00:00:0a    00:00:00:00:00:01 14    877  [24,19,18,13,12,7,6,1]     00:00:00:00:00:0a    00:00:00:00:00:01 15    877  [24,19,18,13,12,11,6,1]  
# h00:00:00:00:00:0a -> h00:00:00:00:00:04
   00:00:00:00:00:0a    00:00:00:00:00:04 0    439  [24,19,14,9,4]     00:00:00:00:00:0a    00:00:00:00:00:04 1    731  [24,19,14,9,8,3,4]     00:00:00:00:00:0a    00:00:00:00:00:04 2    731  [24,19,14,9,10,5,4]     00:00:00:00:00:0a    00:00:00:00:00:04 3    731  [24,19,14,13,8,3,4]     00:00:00:00:00:0a    00:00:00:00:00:04 4    731  [24,19,14,13,8,9,4]     00:00:00:00:00:0a    00:00:00:00:00:04 5    731  [24,19,14,15,10,5,4]     00:00:00:00:00:0a    00:00:00:00:00:04 6    731  [24,19,14,15,10,9,4]     00:00:00:00:00:0a    00:00:00:00:00:04 7    731  [24,19,18,13,8,3,4]     00:00:00:00:00:0a    00:00:00:00:00:04 8    731  [24,19,18,13,8,9,4]     00:00:00:00:00:0a    00:00:00:00:00:04 9    731  [24,19,18,13,14,9,4]     00:00:00:00:00:0a    00:00:00:00:00:04 10    731  [24,19,20,15,10,5,4]     00:00:00:00:00:0a    00:00:00:00:00:04 11    731  [24,19,20,15,10,9,4]     00:00:00:00:00:0a    00:00:00:00:00:04 12    731  [24,19,20,15,14,9,4]     00:00:00:00:00:0a    00:00:00:00:00:04 13    731  [24,23,18,13,8,3,4]     00:00:00:00:00:0a    00:00:00:00:00:04 14    731  [24,23,18,13,8,9,4]     00:00:00:00:00:0a    00:00:00:00:00:04 15    731  [24,23,18,13,14,9,4]  
# h00:00:00:00:00:0a -> h00:00:00:00:00:02
   00:00:00:00:00:0a    00:00:00:00:00:02 0    731  [24,19,14,9,4,3,2]     00:00:00:00:00:0a    00:00:00:00:00:02 1    731  [24,19,14,9,8,3,2]     00:00:00:00:00:0a    00:00:00:00:00:02 2    731  [24,19,14,9,8,7,2]     00:00:00:00:00:0a    00:00:00:00:00:02 3    731  [24,19,14,13,8,3,2]     00:00:00:00:00:0a    00:00:00:00:00:02 4    731  [24,19,14,13,8,7,2]     00:00:00:00:00:0a    00:00:00:00:00:02 5    731  [24,19,14,13,12,7,2]     00:00:00:00:00:0a    00:00:00:00:00:02 6    731  [24,19,18,13,8,3,2]     00:00:00:00:00:0a    00:00:00:00:00:02 7    731  [24,19,18,13,8,7,2]     00:00:00:00:00:0a    00:00:00:00:00:02 8    731  [24,19,18,13,12,7,2]     00:00:00:00:00:0a    00:00:00:00:00:02 9    731  [24,19,18,17,12,7,2]     00:00:00:00:00:0a    00:00:00:00:00:02 10    731  [24,23,18,13,8,3,2]     00:00:00:00:00:0a    00:00:00:00:00:02 11    731  [24,23,18,13,8,7,2]     00:00:00:00:00:0a    00:00:00:00:00:02 12    731  [24,23,18,13,12,7,2]     00:00:00:00:00:0a    00:00:00:00:00:02 13    731  [24,23,18,17,12,7,2]     00:00:00:00:00:0a    00:00:00:00:00:02 14    731  [24,23,22,17,12,7,2]     00:00:00:00:00:0a    00:00:00:00:00:02 15   1023  [24,19,14,9,4,3,8,7,2]  
# h00:00:00:00:00:0a -> h00:00:00:00:00:06
   00:00:00:00:00:0a    00:00:00:00:00:06 0    439  [24,19,14,9,10]     00:00:00:00:00:0a    00:00:00:00:00:06 1    439  [24,19,14,15,10]     00:00:00:00:00:0a    00:00:00:00:00:06 2    439  [24,19,20,15,10]     00:00:00:00:00:0a    00:00:00:00:00:06 3    439  [24,25,20,15,10]     00:00:00:00:00:0a    00:00:00:00:00:06 4    731  [24,19,14,9,4,5,10]     00:00:00:00:00:0a    00:00:00:00:00:06 5    731  [24,19,14,13,8,9,10]     00:00:00:00:00:0a    00:00:00:00:00:06 6    731  [24,19,18,13,8,9,10]     00:00:00:00:00:0a    00:00:00:00:00:06 7    731  [24,19,18,13,14,9,10]     00:00:00:00:00:0a    00:00:00:00:00:06 8    731  [24,19,18,13,14,15,10]     00:00:00:00:00:0a    00:00:00:00:00:06 9    731  [24,19,20,15,14,9,10]     00:00:00:00:00:0a    00:00:00:00:00:06 10    731  [24,23,18,13,8,9,10]     00:00:00:00:00:0a    00:00:00:00:00:06 11    731  [24,23,18,13,14,9,10]     00:00:00:00:00:0a    00:00:00:00:00:06 12    731  [24,23,18,13,14,15,10]     00:00:00:00:00:0a    00:00:00:00:00:06 13    731  [24,23,18,19,14,9,10]     00:00:00:00:00:0a    00:00:00:00:00:06 14    731  [24,23,18,19,14,15,10]     00:00:00:00:00:0a    00:00:00:00:00:06 15    731  [24,23,18,19,20,15,10]  
# h00:00:00:00:00:0a -> h00:00:00:00:00:10
   00:00:00:00:00:0a    00:00:00:00:00:10 0    731  [24,19,14,9,8,7,6]     00:00:00:00:00:0a    00:00:00:00:00:10 1    731  [24,19,14,13,8,7,6]     00:00:00:00:00:0a    00:00:00:00:00:10 2    731  [24,19,14,13,12,7,6]     00:00:00:00:00:0a    00:00:00:00:00:10 3    731  [24,19,14,13,12,11,6]     00:00:00:00:00:0a    00:00:00:00:00:10 4    731  [24,19,18,13,8,7,6]     00:00:00:00:00:0a    00:00:00:00:00:10 5    731  [24,19,18,13,12,7,6]     00:00:00:00:00:0a    00:00:00:00:00:10 6    731  [24,19,18,13,12,11,6]     00:00:00:00:00:0a    00:00:00:00:00:10 7    731  [24,19,18,17,12,7,6]     00:00:00:00:00:0a    00:00:00:00:00:10 8    731  [24,19,18,17,12,11,6]     00:00:00:00:00:0a    00:00:00:00:00:10 9    731  [24,19,18,17,16,11,6]     00:00:00:00:00:0a    00:00:00:00:00:10 10    731  [24,23,18,13,8,7,6]     00:00:00:00:00:0a    00:00:00:00:00:10 11    731  [24,23,18,13,12,7,6]     00:00:00:00:00:0a    00:00:00:00:00:10 12    731  [24,23,18,13,12,11,6]     00:00:00:00:00:0a    00:00:00:00:00:10 13    731  [24,23,18,17,12,7,6]     00:00:00:00:00:0a    00:00:00:00:00:10 14    731  [24,23,18,17,12,11,6]     00:00:00:00:00:0a    00:00:00:00:00:10 15    731  [24,23,18,17,16,11,6]  
# h00:00:00:00:00:0a -> h00:00:00:00:00:0f
   00:00:00:00:00:0a    00:00:00:00:00:0f 0    585  [24,19,14,13,12,11]     00:00:00:00:00:0a    00:00:00:00:00:0f 1    585  [24,19,18,13,12,11]     00:00:00:00:00:0a    00:00:00:00:00:0f 2    585  [24,19,18,17,12,11]     00:00:00:00:00:0a    00:00:00:00:00:0f 3    585  [24,19,18,17,16,11]     00:00:00:00:00:0a    00:00:00:00:00:0f 4    585  [24,23,18,13,12,11]     00:00:00:00:00:0a    00:00:00:00:00:0f 5    585  [24,23,18,17,12,11]     00:00:00:00:00:0a    00:00:00:00:00:0f 6    585  [24,23,18,17,16,11]     00:00:00:00:00:0a    00:00:00:00:00:0f 7    585  [24,23,22,17,12,11]     00:00:00:00:00:0a    00:00:00:00:00:0f 8    585  [24,23,22,17,16,11]     00:00:00:00:00:0a    00:00:00:00:00:0f 9    585  [24,23,22,21,16,11]     00:00:00:00:00:0a    00:00:00:00:00:0f 10    877  [24,19,14,9,8,7,6,11]     00:00:00:00:00:0a    00:00:00:00:00:0f 11    877  [24,19,14,9,8,7,12,11]     00:00:00:00:00:0a    00:00:00:00:00:0f 12    877  [24,19,14,9,8,13,12,11]     00:00:00:00:00:0a    00:00:00:00:00:0f 13    877  [24,19,14,13,8,7,6,11]     00:00:00:00:00:0a    00:00:00:00:00:0f 14    877  [24,19,14,13,8,7,12,11]     00:00:00:00:00:0a    00:00:00:00:00:0f 15    877  [24,19,14,13,12,7,6,11]  
# h00:00:00:00:00:0a -> h00:00:00:00:00:0d
   00:00:00:00:00:0a    00:00:00:00:00:0d 0    293  [24,23,22,21]     00:00:00:00:00:0a    00:00:00:00:00:0d 1    585  [24,19,18,17,16,21]     00:00:00:00:00:0a    00:00:00:00:00:0d 2    585  [24,19,18,17,22,21]     00:00:00:00:00:0a    00:00:00:00:00:0d 3    585  [24,19,18,23,22,21]     00:00:00:00:00:0a    00:00:00:00:00:0d 4    585  [24,23,18,17,16,21]     00:00:00:00:00:0a    00:00:00:00:00:0d 5    585  [24,23,18,17,22,21]     00:00:00:00:00:0a    00:00:00:00:00:0d 6    585  [24,23,22,17,16,21]     00:00:00:00:00:0a    00:00:00:00:00:0d 7    877  [24,19,14,13,12,11,16,21]     00:00:00:00:00:0a    00:00:00:00:00:0d 8    877  [24,19,14,13,12,17,16,21]     00:00:00:00:00:0a    00:00:00:00:00:0d 9    877  [24,19,14,13,12,17,22,21]     00:00:00:00:00:0a    00:00:00:00:00:0d 10    877  [24,19,14,13,18,17,16,21]     00:00:00:00:00:0a    00:00:00:00:00:0d 11    877  [24,19,14,13,18,17,22,21]     00:00:00:00:00:0a    00:00:00:00:00:0d 12    877  [24,19,14,13,18,23,22,21]     00:00:00:00:00:0a    00:00:00:00:00:0d 13    877  [24,19,18,13,12,11,16,21]     00:00:00:00:00:0a    00:00:00:00:00:0d 14    877  [24,19,18,13,12,17,16,21]     00:00:00:00:00:0a    00:00:00:00:00:0d 15    877  [24,19,18,13,12,17,22,21]  
# h00:00:00:00:00:0a -> h00:00:00:00:00:05
   00:00:00:00:00:0a    00:00:00:00:00:05 0    585  [24,19,14,9,4,5]     00:00:00:00:00:0a    00:00:00:00:00:05 1    585  [24,19,14,9,10,5]     00:00:00:00:00:0a    00:00:00:00:00:05 2    585  [24,19,14,15,10,5]     00:00:00:00:00:0a    00:00:00:00:00:05 3    585  [24,19,20,15,10,5]     00:00:00:00:00:0a    00:00:00:00:00:05 4    585  [24,25,20,15,10,5]     00:00:00:00:00:0a    00:00:00:00:00:05 5    877  [24,19,14,9,8,3,4,5]     00:00:00:00:00:0a    00:00:00:00:00:05 6    877  [24,19,14,13,8,3,4,5]     00:00:00:00:00:0a    00:00:00:00:00:05 7    877  [24,19,14,13,8,9,4,5]     00:00:00:00:00:0a    00:00:00:00:00:05 8    877  [24,19,14,13,8,9,10,5]     00:00:00:00:00:0a    00:00:00:00:00:05 9    877  [24,19,14,15,10,9,4,5]     00:00:00:00:00:0a    00:00:00:00:00:05 10    877  [24,19,18,13,8,3,4,5]     00:00:00:00:00:0a    00:00:00:00:00:05 11    877  [24,19,18,13,8,9,4,5]     00:00:00:00:00:0a    00:00:00:00:00:05 12    877  [24,19,18,13,8,9,10,5]     00:00:00:00:00:0a    00:00:00:00:00:05 13    877  [24,19,18,13,14,9,4,5]     00:00:00:00:00:0a    00:00:00:00:00:05 14    877  [24,19,18,13,14,9,10,5]     00:00:00:00:00:0a    00:00:00:00:00:05 15    877  [24,19,18,13,14,15,10,5]  
# h00:00:00:00:00:0a -> h00:00:00:00:00:03
   00:00:00:00:00:0a    00:00:00:00:00:03 0    585  [24,19,14,9,4,3]     00:00:00:00:00:0a    00:00:00:00:00:03 1    585  [24,19,14,9,8,3]     00:00:00:00:00:0a    00:00:00:00:00:03 2    585  [24,19,14,13,8,3]     00:00:00:00:00:0a    00:00:00:00:00:03 3    585  [24,19,18,13,8,3]     00:00:00:00:00:0a    00:00:00:00:00:03 4    585  [24,23,18,13,8,3]     00:00:00:00:00:0a    00:00:00:00:00:03 5    877  [24,19,14,9,8,7,2,3]     00:00:00:00:00:0a    00:00:00:00:00:03 6    877  [24,19,14,9,10,5,4,3]     00:00:00:00:00:0a    00:00:00:00:00:03 7    877  [24,19,14,13,8,7,2,3]     00:00:00:00:00:0a    00:00:00:00:00:03 8    877  [24,19,14,13,8,9,4,3]     00:00:00:00:00:0a    00:00:00:00:00:03 9    877  [24,19,14,13,12,7,2,3]     00:00:00:00:00:0a    00:00:00:00:00:03 10    877  [24,19,14,13,12,7,8,3]     00:00:00:00:00:0a    00:00:00:00:00:03 11    877  [24,19,14,15,10,5,4,3]     00:00:00:00:00:0a    00:00:00:00:00:03 12    877  [24,19,14,15,10,9,4,3]     00:00:00:00:00:0a    00:00:00:00:00:03 13    877  [24,19,14,15,10,9,8,3]     00:00:00:00:00:0a    00:00:00:00:00:03 14    877  [24,19,18,13,8,7,2,3]     00:00:00:00:00:0a    00:00:00:00:00:03 15    877  [24,19,18,13,8,9,4,3]  
# h00:00:00:00:00:0a -> h00:00:00:00:00:07
   00:00:00:00:00:0a    00:00:00:00:00:07 0    293  [24,19,14,15]     00:00:00:00:00:0a    00:00:00:00:00:07 1    293  [24,19,20,15]     00:00:00:00:00:0a    00:00:00:00:00:07 2    293  [24,25,20,15]     00:00:00:00:00:0a    00:00:00:00:00:07 3    585  [24,19,14,9,10,15]     00:00:00:00:00:0a    00:00:00:00:00:07 4    585  [24,19,18,13,14,15]     00:00:00:00:00:0a    00:00:00:00:00:07 5    585  [24,23,18,13,14,15]     00:00:00:00:00:0a    00:00:00:00:00:07 6    585  [24,23,18,19,14,15]     00:00:00:00:00:0a    00:00:00:00:00:07 7    585  [24,23,18,19,20,15]     00:00:00:00:00:0a    00:00:00:00:00:07 8    585  [24,25,20,19,14,15]     00:00:00:00:00:0a    00:00:00:00:00:07 9    877  [24,19,14,9,4,5,10,15]     00:00:00:00:00:0a    00:00:00:00:00:07 10    877  [24,19,14,9,8,13,14,15]     00:00:00:00:00:0a    00:00:00:00:00:07 11    877  [24,19,14,13,8,9,10,15]     00:00:00:00:00:0a    00:00:00:00:00:07 12    877  [24,19,14,13,8,9,14,15]     00:00:00:00:00:0a    00:00:00:00:00:07 13    877  [24,19,14,13,18,19,20,15]     00:00:00:00:00:0a    00:00:00:00:00:07 14    877  [24,19,18,13,8,9,10,15]     00:00:00:00:00:0a    00:00:00:00:00:07 15    877  [24,19,18,13,8,9,14,15]  
# h00:00:00:00:00:0a -> h00:00:00:00:00:0c
   00:00:00:00:00:0a    00:00:00:00:00:0c 0    146  [24,23,22]     00:00:00:00:00:0a    00:00:00:00:00:0c 1    439  [24,19,18,17,22]     00:00:00:00:00:0a    00:00:00:00:00:0c 2    439  [24,19,18,23,22]     00:00:00:00:00:0a    00:00:00:00:00:0c 3    439  [24,23,18,17,22]     00:00:00:00:00:0a    00:00:00:00:00:0c 4    731  [24,19,14,13,12,17,22]     00:00:00:00:00:0a    00:00:00:00:00:0c 5    731  [24,19,14,13,18,17,22]     00:00:00:00:00:0a    00:00:00:00:00:0c 6    731  [24,19,14,13,18,23,22]     00:00:00:00:00:0a    00:00:00:00:00:0c 7    731  [24,19,18,13,12,17,22]     00:00:00:00:00:0a    00:00:00:00:00:0c 8    731  [24,19,18,17,16,21,22]     00:00:00:00:00:0a    00:00:00:00:00:0c 9    731  [24,19,20,25,24,23,22]     00:00:00:00:00:0a    00:00:00:00:00:0c 10    731  [24,23,18,13,12,17,22]     00:00:00:00:00:0a    00:00:00:00:00:0c 11    731  [24,23,18,17,16,21,22]     00:00:00:00:00:0a    00:00:00:00:00:0c 12    731  [24,25,20,19,18,17,22]     00:00:00:00:00:0a    00:00:00:00:00:0c 13    731  [24,25,20,19,18,23,22]     00:00:00:00:00:0a    00:00:00:00:00:0c 14    731  [24,25,20,19,24,23,22]     00:00:00:00:00:0a    00:00:00:00:00:0c 15   1023  [24,19,14,9,8,7,12,17,22]  
# h00:00:00:00:00:0a -> h00:00:00:00:00:0e
   00:00:00:00:00:0a    00:00:00:00:00:0e 0    439  [24,19,18,17,16]     00:00:00:00:00:0a    00:00:00:00:00:0e 1    439  [24,23,18,17,16]     00:00:00:00:00:0a    00:00:00:00:00:0e 2    439  [24,23,22,17,16]     00:00:00:00:00:0a    00:00:00:00:00:0e 3    439  [24,23,22,21,16]     00:00:00:00:00:0a    00:00:00:00:00:0e 4    731  [24,19,14,13,12,11,16]     00:00:00:00:00:0a    00:00:00:00:00:0e 5    731  [24,19,14,13,12,17,16]     00:00:00:00:00:0a    00:00:00:00:00:0e 6    731  [24,19,14,13,18,17,16]     00:00:00:00:00:0a    00:00:00:00:00:0e 7    731  [24,19,18,13,12,11,16]     00:00:00:00:00:0a    00:00:00:00:00:0e 8    731  [24,19,18,13,12,17,16]     00:00:00:00:00:0a    00:00:00:00:00:0e 9    731  [24,19,18,17,12,11,16]     00:00:00:00:00:0a    00:00:00:00:00:0e 10    731  [24,19,18,17,22,21,16]     00:00:00:00:00:0a    00:00:00:00:00:0e 11    731  [24,19,18,23,22,17,16]     00:00:00:00:00:0a    00:00:00:00:00:0e 12    731  [24,19,18,23,22,21,16]     00:00:00:00:00:0a    00:00:00:00:00:0e 13    731  [24,23,18,13,12,11,16]     00:00:00:00:00:0a    00:00:00:00:00:0e 14    731  [24,23,18,13,12,17,16]     00:00:00:00:00:0a    00:00:00:00:00:0e 15    731  [24,23,18,17,12,11,16]  
# h00:00:00:00:00:0a -> h00:00:00:00:00:0b
   00:00:00:00:00:0a    00:00:00:00:00:0b 0      0  [24,23]     00:00:00:00:00:0a    00:00:00:00:00:0b 1    293  [24,19,18,23]     00:00:00:00:00:0a    00:00:00:00:00:0b 2    585  [24,19,14,13,18,23]     00:00:00:00:00:0a    00:00:00:00:00:0b 3    585  [24,19,18,17,22,23]     00:00:00:00:00:0a    00:00:00:00:00:0b 4    585  [24,19,20,25,24,23]     00:00:00:00:00:0a    00:00:00:00:00:0b 5    585  [24,25,20,19,18,23]     00:00:00:00:00:0a    00:00:00:00:00:0b 6    585  [24,25,20,19,24,23]     00:00:00:00:00:0a    00:00:00:00:00:0b 7    877  [24,19,14,9,8,13,18,23]     00:00:00:00:00:0a    00:00:00:00:00:0b 8    877  [24,19,14,13,12,17,18,23]     00:00:00:00:00:0a    00:00:00:00:00:0b 9    877  [24,19,14,13,12,17,22,23]     00:00:00:00:00:0a    00:00:00:00:00:0b 10    877  [24,19,14,13,18,17,22,23]     00:00:00:00:00:0a    00:00:00:00:00:0b 11    877  [24,19,14,15,20,19,18,23]     00:00:00:00:00:0a    00:00:00:00:00:0b 12    877  [24,19,14,15,20,25,24,23]     00:00:00:00:00:0a    00:00:00:00:00:0b 13    877  [24,19,18,13,12,17,22,23]     00:00:00:00:00:0a    00:00:00:00:00:0b 14    877  [24,19,18,13,12,17,18,23]     00:00:00:00:00:0a    00:00:00:00:00:0b 15    877  [24,19,18,17,12,13,18,23]  
# h00:00:00:00:00:0a -> h00:00:00:00:00:09
   00:00:00:00:00:0a    00:00:00:00:00:09 0      0  [24,25]     00:00:00:00:00:0a    00:00:00:00:00:09 1    293  [24,19,20,25]     00:00:00:00:00:0a    00:00:00:00:00:09 2    585  [24,19,14,15,20,25]     00:00:00:00:00:0a    00:00:00:00:00:09 3    585  [24,19,18,23,24,25]     00:00:00:00:00:0a    00:00:00:00:00:09 4    585  [24,23,18,19,20,25]     00:00:00:00:00:0a    00:00:00:00:00:09 5    585  [24,23,18,19,24,25]     00:00:00:00:00:0a    00:00:00:00:00:09 6    877  [24,19,14,9,10,15,20,25]     00:00:00:00:00:0a    00:00:00:00:00:09 7    877  [24,19,14,13,18,19,20,25]     00:00:00:00:00:0a    00:00:00:00:00:09 8    877  [24,19,14,13,18,23,24,25]     00:00:00:00:00:0a    00:00:00:00:00:09 9    877  [24,19,18,13,14,15,20,25]     00:00:00:00:00:0a    00:00:00:00:00:09 10    877  [24,19,18,13,14,19,20,25]     00:00:00:00:00:0a    00:00:00:00:00:09 11    877  [24,19,18,17,22,23,24,25]     00:00:00:00:00:0a    00:00:00:00:00:09 12    877  [24,23,18,13,14,15,20,25]     00:00:00:00:00:0a    00:00:00:00:00:09 13    877  [24,23,18,13,14,19,20,25]     00:00:00:00:00:0a    00:00:00:00:00:09 14    877  [24,23,18,13,14,19,24,25]     00:00:00:00:00:0a    00:00:00:00:00:09 15    877  [24,23,18,19,14,15,20,25]  
# h00:00:00:00:00:0a -> h00:00:00:00:00:08
   00:00:00:00:00:0a    00:00:00:00:00:08 0    146  [24,19,20]     00:00:00:00:00:0a    00:00:00:00:00:08 1    146  [24,25,20]     00:00:00:00:00:0a    00:00:00:00:00:08 2    439  [24,19,14,15,20]     00:00:00:00:00:0a    00:00:00:00:00:08 3    439  [24,23,18,19,20]     00:00:00:00:00:0a    00:00:00:00:00:08 4    731  [24,19,14,9,10,15,20]     00:00:00:00:00:0a    00:00:00:00:00:08 5    731  [24,19,14,13,18,19,20]     00:00:00:00:00:0a    00:00:00:00:00:08 6    731  [24,19,18,13,14,15,20]     00:00:00:00:00:0a    00:00:00:00:00:08 7    731  [24,19,18,13,14,19,20]     00:00:00:00:00:0a    00:00:00:00:00:08 8    731  [24,19,18,23,24,25,20]     00:00:00:00:00:0a    00:00:00:00:00:08 9    731  [24,23,18,13,14,15,20]     00:00:00:00:00:0a    00:00:00:00:00:08 10    731  [24,23,18,13,14,19,20]     00:00:00:00:00:0a    00:00:00:00:00:08 11    731  [24,23,18,19,14,15,20]     00:00:00:00:00:0a    00:00:00:00:00:08 12    731  [24,23,18,19,24,25,20]     00:00:00:00:00:0a    00:00:00:00:00:08 13    731  [24,23,22,17,18,19,20]     00:00:00:00:00:0a    00:00:00:00:00:08 14   1023  [24,19,14,9,4,5,10,15,20]     00:00:00:00:00:0a    00:00:00:00:00:08 15   1023  [24,19,14,9,8,13,14,15,20]  
# h00:00:00:00:00:07 -> h00:00:00:00:00:01
   00:00:00:00:00:07    00:00:00:00:00:01 0    731  [15,10,5,4,3,2,1]     00:00:00:00:00:07    00:00:00:00:00:01 1    731  [15,10,9,4,3,2,1]     00:00:00:00:00:07    00:00:00:00:00:01 2    731  [15,10,9,8,3,2,1]     00:00:00:00:00:07    00:00:00:00:00:01 3    731  [15,10,9,8,7,2,1]     00:00:00:00:00:07    00:00:00:00:00:01 4    731  [15,10,9,8,7,6,1]     00:00:00:00:00:07    00:00:00:00:00:01 5    731  [15,14,9,4,3,2,1]     00:00:00:00:00:07    00:00:00:00:00:01 6    731  [15,14,9,8,3,2,1]     00:00:00:00:00:07    00:00:00:00:00:01 7    731  [15,14,9,8,7,2,1]     00:00:00:00:00:07    00:00:00:00:00:01 8    731  [15,14,9,8,7,6,1]     00:00:00:00:00:07    00:00:00:00:00:01 9    731  [15,14,13,8,3,2,1]     00:00:00:00:00:07    00:00:00:00:00:01 10    731  [15,14,13,8,7,2,1]     00:00:00:00:00:07    00:00:00:00:00:01 11    731  [15,14,13,8,7,6,1]     00:00:00:00:00:07    00:00:00:00:00:01 12    731  [15,14,13,12,7,2,1]     00:00:00:00:00:07    00:00:00:00:00:01 13    731  [15,14,13,12,7,6,1]     00:00:00:00:00:07    00:00:00:00:00:01 14    731  [15,14,13,12,11,6,1]     00:00:00:00:00:07    00:00:00:00:00:01 15   1023  [15,10,5,4,3,2,7,6,1]  
# h00:00:00:00:00:07 -> h00:00:00:00:00:04
   00:00:00:00:00:07    00:00:00:00:00:04 0    293  [15,10,5,4]     00:00:00:00:00:07    00:00:00:00:00:04 1    293  [15,10,9,4]     00:00:00:00:00:07    00:00:00:00:00:04 2    293  [15,14,9,4]     00:00:00:00:00:07    00:00:00:00:00:04 3    585  [15,10,9,8,3,4]     00:00:00:00:00:07    00:00:00:00:00:04 4    585  [15,14,9,8,3,4]     00:00:00:00:00:07    00:00:00:00:00:04 5    585  [15,14,9,10,5,4]     00:00:00:00:00:07    00:00:00:00:00:04 6    585  [15,14,13,8,3,4]     00:00:00:00:00:07    00:00:00:00:00:04 7    585  [15,14,13,8,9,4]     00:00:00:00:00:07    00:00:00:00:00:04 8    585  [15,20,19,14,9,4]     00:00:00:00:00:07    00:00:00:00:00:04 9    877  [15,10,9,8,7,2,3,4]     00:00:00:00:00:07    00:00:00:00:00:04 10    877  [15,10,9,8,13,14,9,4]     00:00:00:00:00:07    00:00:00:00:00:04 11    877  [15,10,9,14,13,8,3,4]     00:00:00:00:00:07    00:00:00:00:00:04 12    877  [15,10,9,14,13,8,9,4]     00:00:00:00:00:07    00:00:00:00:00:04 13    877  [15,14,9,8,7,2,3,4]     00:00:00:00:00:07    00:00:00:00:00:04 14    877  [15,14,13,8,7,2,3,4]     00:00:00:00:00:07    00:00:00:00:00:04 15    877  [15,14,13,8,9,10,5,4]  
# h00:00:00:00:00:07 -> h00:00:00:00:00:02
   00:00:00:00:00:07    00:00:00:00:00:02 0    585  [15,10,5,4,3,2]     00:00:00:00:00:07    00:00:00:00:00:02 1    585  [15,10,9,4,3,2]     00:00:00:00:00:07    00:00:00:00:00:02 2    585  [15,10,9,8,3,2]     00:00:00:00:00:07    00:00:00:00:00:02 3    585  [15,10,9,8,7,2]     00:00:00:00:00:07    00:00:00:00:00:02 4    585  [15,14,9,4,3,2]     00:00:00:00:00:07    00:00:00:00:00:02 5    585  [15,14,9,8,3,2]     00:00:00:00:00:07    00:00:00:00:00:02 6    585  [15,14,9,8,7,2]     00:00:00:00:00:07    00:00:00:00:00:02 7    585  [15,14,13,8,3,2]     00:00:00:00:00:07    00:00:00:00:00:02 8    585  [15,14,13,8,7,2]     00:00:00:00:00:07    00:00:00:00:00:02 9    585  [15,14,13,12,7,2]     00:00:00:00:00:07    00:00:00:00:00:02 10    877  [15,10,5,4,3,8,7,2]     00:00:00:00:00:07    00:00:00:00:00:02 11    877  [15,10,5,4,9,8,3,2]     00:00:00:00:00:07    00:00:00:00:00:02 12    877  [15,10,5,4,9,8,7,2]     00:00:00:00:00:07    00:00:00:00:00:02 13    877  [15,10,9,4,3,8,7,2]     00:00:00:00:00:07    00:00:00:00:00:02 14    877  [15,10,9,8,7,6,1,2]     00:00:00:00:00:07    00:00:00:00:00:02 15    877  [15,10,9,8,13,12,7,2]  
# h00:00:00:00:00:07 -> h00:00:00:00:00:06
   00:00:00:00:00:07    00:00:00:00:00:06 0      0  [15,10]     00:00:00:00:00:07    00:00:00:00:00:06 1    293  [15,14,9,10]     00:00:00:00:00:07    00:00:00:00:00:06 2    585  [15,14,9,4,5,10]     00:00:00:00:00:07    00:00:00:00:00:06 3    585  [15,14,13,8,9,10]     00:00:00:00:00:07    00:00:00:00:00:06 4    585  [15,14,19,20,15,10]     00:00:00:00:00:07    00:00:00:00:00:06 5    585  [15,20,19,14,9,10]     00:00:00:00:00:07    00:00:00:00:00:06 6    585  [15,20,19,14,15,10]     00:00:00:00:00:07    00:00:00:00:00:06 7    877  [15,14,9,4,3,8,9,10]     00:00:00:00:00:07    00:00:00:00:00:06 8    877  [15,14,9,8,3,4,5,10]     00:00:00:00:00:07    00:00:00:00:00:06 9    877  [15,14,9,8,3,4,9,10]     00:00:00:00:00:07    00:00:00:00:00:06 10    877  [15,14,13,8,3,4,5,10]     00:00:00:00:00:07    00:00:00:00:00:06 11    877  [15,14,13,8,3,4,9,10]     00:00:00:00:00:07    00:00:00:00:00:06 12    877  [15,14,13,8,9,4,5,10]     00:00:00:00:00:07    00:00:00:00:00:06 13    877  [15,14,13,12,7,8,9,10]     00:00:00:00:00:07    00:00:00:00:00:06 14    877  [15,14,13,18,19,14,9,10]     00:00:00:00:00:07    00:00:00:00:00:06 15    877  [15,14,13,18,19,20,15,10]  
# h00:00:00:00:00:07 -> h00:00:00:00:00:10
   00:00:00:00:00:07    00:00:00:00:00:10 0    585  [15,10,9,8,7,6]     00:00:00:00:00:07    00:00:00:00:00:10 1    585  [15,14,9,8,7,6]     00:00:00:00:00:07    00:00:00:00:00:10 2    585  [15,14,13,8,7,6]     00:00:00:00:00:07    00:00:00:00:00:10 3    585  [15,14,13,12,7,6]     00:00:00:00:00:07    00:00:00:00:00:10 4    585  [15,14,13,12,11,6]     00:00:00:00:00:07    00:00:00:00:00:10 5    877  [15,10,5,4,3,2,1,6]     00:00:00:00:00:07    00:00:00:00:00:10 6    877  [15,10,5,4,3,2,7,6]     00:00:00:00:00:07    00:00:00:00:00:10 7    877  [15,10,5,4,3,8,7,6]     00:00:00:00:00:07    00:00:00:00:00:10 8    877  [15,10,5,4,9,8,7,6]     00:00:00:00:00:07    00:00:00:00:00:10 9    877  [15,10,9,4,3,2,1,6]     00:00:00:00:00:07    00:00:00:00:00:10 10    877  [15,10,9,4,3,2,7,6]     00:00:00:00:00:07    00:00:00:00:00:10 11    877  [15,10,9,4,3,8,7,6]     00:00:00:00:00:07    00:00:00:00:00:10 12    877  [15,10,9,8,3,2,1,6]     00:00:00:00:00:07    00:00:00:00:00:10 13    877  [15,10,9,8,3,2,7,6]     00:00:00:00:00:07    00:00:00:00:00:10 14    877  [15,10,9,8,7,2,1,6]     00:00:00:00:00:07    00:00:00:00:00:10 15    877  [15,10,9,8,7,12,11,6]  
# h00:00:00:00:00:07 -> h00:00:00:00:00:0f
   00:00:00:00:00:07    00:00:00:00:00:0f 0    439  [15,14,13,12,11]     00:00:00:00:00:07    00:00:00:00:00:0f 1    731  [15,10,9,8,7,6,11]     00:00:00:00:00:07    00:00:00:00:00:0f 2    731  [15,10,9,8,7,12,11]     00:00:00:00:00:07    00:00:00:00:00:0f 3    731  [15,10,9,8,13,12,11]     00:00:00:00:00:07    00:00:00:00:00:0f 4    731  [15,10,9,14,13,12,11]     00:00:00:00:00:07    00:00:00:00:00:0f 5    731  [15,14,9,8,7,6,11]     00:00:00:00:00:07    00:00:00:00:00:0f 6    731  [15,14,9,8,7,12,11]     00:00:00:00:00:07    00:00:00:00:00:0f 7    731  [15,14,9,8,13,12,11]     00:00:00:00:00:07    00:00:00:00:00:0f 8    731  [15,14,13,8,7,6,11]     00:00:00:00:00:07    00:00:00:00:00:0f 9    731  [15,14,13,8,7,12,11]     00:00:00:00:00:07    00:00:00:00:00:0f 10    731  [15,14,13,12,7,6,11]     00:00:00:00:00:07    00:00:00:00:00:0f 11    731  [15,14,13,12,17,16,11]     00:00:00:00:00:07    00:00:00:00:00:0f 12    731  [15,14,13,18,17,12,11]     00:00:00:00:00:07    00:00:00:00:00:0f 13    731  [15,14,13,18,17,16,11]     00:00:00:00:00:07    00:00:00:00:00:0f 14    731  [15,14,19,18,13,12,11]     00:00:00:00:00:07    00:00:00:00:00:0f 15    731  [15,14,19,18,17,12,11]  
# h00:00:00:00:00:07 -> h00:00:00:00:00:0d
   00:00:00:00:00:07    00:00:00:00:00:0d 0    731  [15,14,13,12,11,16,21]     00:00:00:00:00:07    00:00:00:00:00:0d 1    731  [15,14,13,12,17,16,21]     00:00:00:00:00:07    00:00:00:00:00:0d 2    731  [15,14,13,12,17,22,21]     00:00:00:00:00:07    00:00:00:00:00:0d 3    731  [15,14,13,18,17,16,21]     00:00:00:00:00:07    00:00:00:00:00:0d 4    731  [15,14,13,18,17,22,21]     00:00:00:00:00:07    00:00:00:00:00:0d 5    731  [15,14,13,18,23,22,21]     00:00:00:00:00:07    00:00:00:00:00:0d 6    731  [15,14,19,18,17,16,21]     00:00:00:00:00:07    00:00:00:00:00:0d 7    731  [15,14,19,18,17,22,21]     00:00:00:00:00:07    00:00:00:00:00:0d 8    731  [15,14,19,18,23,22,21]     00:00:00:00:00:07    00:00:00:00:00:0d 9    731  [15,14,19,24,23,22,21]     00:00:00:00:00:07    00:00:00:00:00:0d 10    731  [15,20,19,18,17,16,21]     00:00:00:00:00:07    00:00:00:00:00:0d 11    731  [15,20,19,18,17,22,21]     00:00:00:00:00:07    00:00:00:00:00:0d 12    731  [15,20,19,18,23,22,21]     00:00:00:00:00:07    00:00:00:00:00:0d 13    731  [15,20,19,24,23,22,21]     00:00:00:00:00:07    00:00:00:00:00:0d 14    731  [15,20,25,24,23,22,21]     00:00:00:00:00:07    00:00:00:00:00:0d 15   1023  [15,10,9,8,7,6,11,16,21]  
# h00:00:00:00:00:07 -> h00:00:00:00:00:05
   00:00:00:00:00:07    00:00:00:00:00:05 0    146  [15,10,5]     00:00:00:00:00:07    00:00:00:00:00:05 1    439  [15,10,9,4,5]     00:00:00:00:00:07    00:00:00:00:00:05 2    439  [15,14,9,4,5]     00:00:00:00:00:07    00:00:00:00:00:05 3    439  [15,14,9,10,5]     00:00:00:00:00:07    00:00:00:00:00:05 4    731  [15,10,9,8,3,4,5]     00:00:00:00:00:07    00:00:00:00:00:05 5    731  [15,14,9,8,3,4,5]     00:00:00:00:00:07    00:00:00:00:00:05 6    731  [15,14,13,8,3,4,5]     00:00:00:00:00:07    00:00:00:00:00:05 7    731  [15,14,13,8,9,4,5]     00:00:00:00:00:07    00:00:00:00:00:05 8    731  [15,14,13,8,9,10,5]     00:00:00:00:00:07    00:00:00:00:00:05 9    731  [15,14,19,20,15,10,5]     00:00:00:00:00:07    00:00:00:00:00:05 10    731  [15,20,19,14,9,4,5]     00:00:00:00:00:07    00:00:00:00:00:05 11    731  [15,20,19,14,9,10,5]     00:00:00:00:00:07    00:00:00:00:00:05 12    731  [15,20,19,14,15,10,5]     00:00:00:00:00:07    00:00:00:00:00:05 13   1023  [15,10,9,8,7,2,3,4,5]     00:00:00:00:00:07    00:00:00:00:00:05 14   1023  [15,10,9,8,13,14,9,4,5]     00:00:00:00:00:07    00:00:00:00:00:05 15   1023  [15,10,9,14,13,8,3,4,5]  
# h00:00:00:00:00:07 -> h00:00:00:00:00:03
   00:00:00:00:00:07    00:00:00:00:00:03 0    439  [15,10,5,4,3]     00:00:00:00:00:07    00:00:00:00:00:03 1    439  [15,10,9,4,3]     00:00:00:00:00:07    00:00:00:00:00:03 2    439  [15,10,9,8,3]     00:00:00:00:00:07    00:00:00:00:00:03 3    439  [15,14,9,4,3]     00:00:00:00:00:07    00:00:00:00:00:03 4    439  [15,14,9,8,3]     00:00:00:00:00:07    00:00:00:00:00:03 5    439  [15,14,13,8,3]     00:00:00:00:00:07    00:00:00:00:00:03 6    731  [15,10,5,4,9,8,3]     00:00:00:00:00:07    00:00:00:00:00:03 7    731  [15,10,9,8,7,2,3]     00:00:00:00:00:07    00:00:00:00:00:03 8    731  [15,10,9,14,13,8,3]     00:00:00:00:00:07    00:00:00:00:00:03 9    731  [15,14,9,8,7,2,3]     00:00:00:00:00:07    00:00:00:00:00:03 10    731  [15,14,9,10,5,4,3]     00:00:00:00:00:07    00:00:00:00:00:03 11    731  [15,14,13,8,7,2,3]     00:00:00:00:00:07    00:00:00:00:00:03 12    731  [15,14,13,8,9,4,3]     00:00:00:00:00:07    00:00:00:00:00:03 13    731  [15,14,13,12,7,2,3]     00:00:00:00:00:07    00:00:00:00:00:03 14    731  [15,14,13,12,7,8,3]     00:00:00:00:00:07    00:00:00:00:00:03 15    731  [15,14,19,18,13,8,3]  
# h00:00:00:00:00:07 -> h00:00:00:00:00:0a
   00:00:00:00:00:07    00:00:00:00:00:0a 0    293  [15,14,19,24]     00:00:00:00:00:07    00:00:00:00:00:0a 1    293  [15,20,19,24]     00:00:00:00:00:07    00:00:00:00:00:0a 2    293  [15,20,25,24]     00:00:00:00:00:07    00:00:00:00:00:0a 3    585  [15,10,9,14,19,24]     00:00:00:00:00:07    00:00:00:00:00:0a 4    585  [15,14,13,18,19,24]     00:00:00:00:00:07    00:00:00:00:00:0a 5    585  [15,14,13,18,23,24]     00:00:00:00:00:07    00:00:00:00:00:0a 6    585  [15,14,19,18,23,24]     00:00:00:00:00:07    00:00:00:00:00:0a 7    585  [15,14,19,20,25,24]     00:00:00:00:00:07    00:00:00:00:00:0a 8    585  [15,20,19,18,23,24]     00:00:00:00:00:07    00:00:00:00:00:0a 9    877  [15,10,5,4,9,14,19,24]     00:00:00:00:00:07    00:00:00:00:00:0a 10    877  [15,10,9,8,13,14,19,24]     00:00:00:00:00:07    00:00:00:00:00:0a 11    877  [15,10,9,8,13,18,19,24]     00:00:00:00:00:07    00:00:00:00:00:0a 12    877  [15,10,9,8,13,18,23,24]     00:00:00:00:00:07    00:00:00:00:00:0a 13    877  [15,10,9,14,13,18,19,24]     00:00:00:00:00:07    00:00:00:00:00:0a 14    877  [15,10,9,14,13,18,23,24]     00:00:00:00:00:07    00:00:00:00:00:0a 15    877  [15,10,9,14,15,20,19,24]  
# h00:00:00:00:00:07 -> h00:00:00:00:00:0c
   00:00:00:00:00:07    00:00:00:00:00:0c 0    585  [15,14,13,12,17,22]     00:00:00:00:00:07    00:00:00:00:00:0c 1    585  [15,14,13,18,17,22]     00:00:00:00:00:07    00:00:00:00:00:0c 2    585  [15,14,13,18,23,22]     00:00:00:00:00:07    00:00:00:00:00:0c 3    585  [15,14,19,18,17,22]     00:00:00:00:00:07    00:00:00:00:00:0c 4    585  [15,14,19,18,23,22]     00:00:00:00:00:07    00:00:00:00:00:0c 5    585  [15,14,19,24,23,22]     00:00:00:00:00:07    00:00:00:00:00:0c 6    585  [15,20,19,18,17,22]     00:00:00:00:00:07    00:00:00:00:00:0c 7    585  [15,20,19,18,23,22]     00:00:00:00:00:07    00:00:00:00:00:0c 8    585  [15,20,19,24,23,22]     00:00:00:00:00:07    00:00:00:00:00:0c 9    585  [15,20,25,24,23,22]     00:00:00:00:00:07    00:00:00:00:00:0c 10    877  [15,10,9,8,7,12,17,22]     00:00:00:00:00:07    00:00:00:00:00:0c 11    877  [15,10,9,8,13,12,17,22]     00:00:00:00:00:07    00:00:00:00:00:0c 12    877  [15,10,9,8,13,18,17,22]     00:00:00:00:00:07    00:00:00:00:00:0c 13    877  [15,10,9,8,13,18,23,22]     00:00:00:00:00:07    00:00:00:00:00:0c 14    877  [15,10,9,14,13,12,17,22]     00:00:00:00:00:07    00:00:00:00:00:0c 15    877  [15,10,9,14,13,18,17,22]  
# h00:00:00:00:00:07 -> h00:00:00:00:00:0e
   00:00:00:00:00:07    00:00:00:00:00:0e 0    585  [15,14,13,12,11,16]     00:00:00:00:00:07    00:00:00:00:00:0e 1    585  [15,14,13,12,17,16]     00:00:00:00:00:07    00:00:00:00:00:0e 2    585  [15,14,13,18,17,16]     00:00:00:00:00:07    00:00:00:00:00:0e 3    585  [15,14,19,18,17,16]     00:00:00:00:00:07    00:00:00:00:00:0e 4    585  [15,20,19,18,17,16]     00:00:00:00:00:07    00:00:00:00:00:0e 5    877  [15,10,9,8,7,6,11,16]     00:00:00:00:00:07    00:00:00:00:00:0e 6    877  [15,10,9,8,7,12,11,16]     00:00:00:00:00:07    00:00:00:00:00:0e 7    877  [15,10,9,8,7,12,17,16]     00:00:00:00:00:07    00:00:00:00:00:0e 8    877  [15,10,9,8,13,12,11,16]     00:00:00:00:00:07    00:00:00:00:00:0e 9    877  [15,10,9,8,13,12,17,16]     00:00:00:00:00:07    00:00:00:00:00:0e 10    877  [15,10,9,8,13,18,17,16]     00:00:00:00:00:07    00:00:00:00:00:0e 11    877  [15,10,9,14,13,12,11,16]     00:00:00:00:00:07    00:00:00:00:00:0e 12    877  [15,10,9,14,13,12,17,16]     00:00:00:00:00:07    00:00:00:00:00:0e 13    877  [15,10,9,14,13,18,17,16]     00:00:00:00:00:07    00:00:00:00:00:0e 14    877  [15,10,9,14,19,18,17,16]     00:00:00:00:00:07    00:00:00:00:00:0e 15    877  [15,14,9,8,7,6,11,16]  
# h00:00:00:00:00:07 -> h00:00:00:00:00:0b
   00:00:00:00:00:07    00:00:00:00:00:0b 0    439  [15,14,13,18,23]     00:00:00:00:00:07    00:00:00:00:00:0b 1    439  [15,14,19,18,23]     00:00:00:00:00:07    00:00:00:00:00:0b 2    439  [15,14,19,24,23]     00:00:00:00:00:07    00:00:00:00:00:0b 3    439  [15,20,19,18,23]     00:00:00:00:00:07    00:00:00:00:00:0b 4    439  [15,20,19,24,23]     00:00:00:00:00:07    00:00:00:00:00:0b 5    439  [15,20,25,24,23]     00:00:00:00:00:07    00:00:00:00:00:0b 6    731  [15,10,9,8,13,18,23]     00:00:00:00:00:07    00:00:00:00:00:0b 7    731  [15,10,9,14,13,18,23]     00:00:00:00:00:07    00:00:00:00:00:0b 8    731  [15,10,9,14,19,18,23]     00:00:00:00:00:07    00:00:00:00:00:0b 9    731  [15,10,9,14,19,24,23]     00:00:00:00:00:07    00:00:00:00:00:0b 10    731  [15,14,9,8,13,18,23]     00:00:00:00:00:07    00:00:00:00:00:0b 11    731  [15,14,13,12,17,18,23]     00:00:00:00:00:07    00:00:00:00:00:0b 12    731  [15,14,13,12,17,22,23]     00:00:00:00:00:07    00:00:00:00:00:0b 13    731  [15,14,13,18,17,22,23]     00:00:00:00:00:07    00:00:00:00:00:0b 14    731  [15,14,13,18,19,24,23]     00:00:00:00:00:07    00:00:00:00:00:0b 15    731  [15,14,19,18,17,22,23]  
# h00:00:00:00:00:07 -> h00:00:00:00:00:09
   00:00:00:00:00:07    00:00:00:00:00:09 0    146  [15,20,25]     00:00:00:00:00:07    00:00:00:00:00:09 1    439  [15,14,19,20,25]     00:00:00:00:00:07    00:00:00:00:00:09 2    439  [15,14,19,24,25]     00:00:00:00:00:07    00:00:00:00:00:09 3    439  [15,20,19,24,25]     00:00:00:00:00:07    00:00:00:00:00:09 4    731  [15,10,9,14,19,20,25]     00:00:00:00:00:07    00:00:00:00:00:09 5    731  [15,10,9,14,15,20,25]     00:00:00:00:00:07    00:00:00:00:00:09 6    731  [15,10,9,14,19,24,25]     00:00:00:00:00:07    00:00:00:00:00:09 7    731  [15,14,9,10,15,20,25]     00:00:00:00:00:07    00:00:00:00:00:09 8    731  [15,14,13,18,19,20,25]     00:00:00:00:00:07    00:00:00:00:00:09 9    731  [15,14,13,18,19,24,25]     00:00:00:00:00:07    00:00:00:00:00:09 10    731  [15,14,13,18,23,24,25]     00:00:00:00:00:07    00:00:00:00:00:09 11    731  [15,14,19,18,23,24,25]     00:00:00:00:00:07    00:00:00:00:00:09 12    731  [15,20,19,18,23,24,25]     00:00:00:00:00:07    00:00:00:00:00:09 13   1023  [15,10,5,4,9,14,15,20,25]     00:00:00:00:00:07    00:00:00:00:00:09 14   1023  [15,10,5,4,9,14,19,20,25]     00:00:00:00:00:07    00:00:00:00:00:09 15   1023  [15,10,5,4,9,14,19,24,25]  
# h00:00:00:00:00:07 -> h00:00:00:00:00:08
   00:00:00:00:00:07    00:00:00:00:00:08 0      0  [15,20]     00:00:00:00:00:07    00:00:00:00:00:08 1    293  [15,14,19,20]     00:00:00:00:00:07    00:00:00:00:00:08 2    585  [15,10,9,14,19,20]     00:00:00:00:00:07    00:00:00:00:00:08 3    585  [15,10,9,14,15,20]     00:00:00:00:00:07    00:00:00:00:00:08 4    585  [15,14,9,10,15,20]     00:00:00:00:00:07    00:00:00:00:00:08 5    585  [15,14,13,18,19,20]     00:00:00:00:00:07    00:00:00:00:00:08 6    585  [15,14,19,24,25,20]     00:00:00:00:00:07    00:00:00:00:00:08 7    877  [15,10,5,4,9,14,15,20]     00:00:00:00:00:07    00:00:00:00:00:08 8    877  [15,10,5,4,9,14,19,20]     00:00:00:00:00:07    00:00:00:00:00:08 9    877  [15,10,9,8,13,14,15,20]     00:00:00:00:00:07    00:00:00:00:00:08 10    877  [15,10,9,8,13,14,19,20]     00:00:00:00:00:07    00:00:00:00:00:08 11    877  [15,10,9,8,13,18,19,20]     00:00:00:00:00:07    00:00:00:00:00:08 12    877  [15,10,9,14,13,18,19,20]     00:00:00:00:00:07    00:00:00:00:00:08 13    877  [15,10,9,14,19,24,25,20]     00:00:00:00:00:07    00:00:00:00:00:08 14    877  [15,14,9,4,5,10,15,20]     00:00:00:00:00:07    00:00:00:00:00:08 15    877  [15,14,9,8,13,14,19,20]  
# h00:00:00:00:00:0c -> h00:00:00:00:00:01
   00:00:00:00:00:0c    00:00:00:00:00:01 0    585  [22,17,12,7,2,1]     00:00:00:00:00:0c    00:00:00:00:00:01 1    585  [22,17,12,7,6,1]     00:00:00:00:00:0c    00:00:00:00:00:01 2    585  [22,17,12,11,6,1]     00:00:00:00:00:0c    00:00:00:00:00:01 3    585  [22,17,16,11,6,1]     00:00:00:00:00:0c    00:00:00:00:00:01 4    585  [22,21,16,11,6,1]     00:00:00:00:00:0c    00:00:00:00:00:01 5    877  [22,17,12,7,8,3,2,1]     00:00:00:00:00:0c    00:00:00:00:00:01 6    877  [22,17,12,11,6,7,2,1]     00:00:00:00:00:0c    00:00:00:00:00:01 7    877  [22,17,12,13,8,3,2,1]     00:00:00:00:00:0c    00:00:00:00:00:01 8    877  [22,17,12,13,8,7,2,1]     00:00:00:00:00:0c    00:00:00:00:00:01 9    877  [22,17,12,13,8,7,6,1]     00:00:00:00:00:0c    00:00:00:00:00:01 10    877  [22,17,16,11,6,7,2,1]     00:00:00:00:00:0c    00:00:00:00:00:01 11    877  [22,17,16,11,12,7,2,1]     00:00:00:00:00:0c    00:00:00:00:00:01 12    877  [22,17,16,11,12,7,6,1]     00:00:00:00:00:0c    00:00:00:00:00:01 13    877  [22,17,18,13,8,3,2,1]     00:00:00:00:00:0c    00:00:00:00:00:01 14    877  [22,17,18,13,8,7,2,1]     00:00:00:00:00:0c    00:00:00:00:00:01 15    877  [22,17,18,13,8,7,6,1]  
# h00:00:00:00:00:0c -> h00:00:00:00:00:04
   00:00:00:00:00:0c    00:00:00:00:00:04 0    731  [22,17,12,7,2,3,4]     00:00:00:00:00:0c    00:00:00:00:00:04 1    731  [22,17,12,7,8,3,4]     00:00:00:00:00:0c    00:00:00:00:00:04 2    731  [22,17,12,7,8,9,4]     00:00:00:00:00:0c    00:00:00:00:00:04 3    731  [22,17,12,13,8,3,4]     00:00:00:00:00:0c    00:00:00:00:00:04 4    731  [22,17,12,13,8,9,4]     00:00:00:00:00:0c    00:00:00:00:00:04 5    731  [22,17,12,13,14,9,4]     00:00:00:00:00:0c    00:00:00:00:00:04 6    731  [22,17,18,13,8,3,4]     00:00:00:00:00:0c    00:00:00:00:00:04 7    731  [22,17,18,13,8,9,4]     00:00:00:00:00:0c    00:00:00:00:00:04 8    731  [22,17,18,13,14,9,4]     00:00:00:00:00:0c    00:00:00:00:00:04 9    731  [22,17,18,19,14,9,4]     00:00:00:00:00:0c    00:00:00:00:00:04 10    731  [22,23,18,13,8,3,4]     00:00:00:00:00:0c    00:00:00:00:00:04 11    731  [22,23,18,13,8,9,4]     00:00:00:00:00:0c    00:00:00:00:00:04 12    731  [22,23,18,13,14,9,4]     00:00:00:00:00:0c    00:00:00:00:00:04 13    731  [22,23,18,19,14,9,4]     00:00:00:00:00:0c    00:00:00:00:00:04 14    731  [22,23,24,19,14,9,4]     00:00:00:00:00:0c    00:00:00:00:00:04 15   1023  [22,17,12,7,2,3,8,9,4]  
# h00:00:00:00:00:0c -> h00:00:00:00:00:02
   00:00:00:00:00:0c    00:00:00:00:00:02 0    439  [22,17,12,7,2]     00:00:00:00:00:0c    00:00:00:00:00:02 1    731  [22,17,12,7,6,1,2]     00:00:00:00:00:0c    00:00:00:00:00:02 2    731  [22,17,12,7,8,3,2]     00:00:00:00:00:0c    00:00:00:00:00:02 3    731  [22,17,12,11,6,1,2]     00:00:00:00:00:0c    00:00:00:00:00:02 4    731  [22,17,12,11,6,7,2]     00:00:00:00:00:0c    00:00:00:00:00:02 5    731  [22,17,12,13,8,3,2]     00:00:00:00:00:0c    00:00:00:00:00:02 6    731  [22,17,12,13,8,7,2]     00:00:00:00:00:0c    00:00:00:00:00:02 7    731  [22,17,16,11,6,1,2]     00:00:00:00:00:0c    00:00:00:00:00:02 8    731  [22,17,16,11,6,7,2]     00:00:00:00:00:0c    00:00:00:00:00:02 9    731  [22,17,16,11,12,7,2]     00:00:00:00:00:0c    00:00:00:00:00:02 10    731  [22,17,18,13,8,3,2]     00:00:00:00:00:0c    00:00:00:00:00:02 11    731  [22,17,18,13,8,7,2]     00:00:00:00:00:0c    00:00:00:00:00:02 12    731  [22,17,18,13,12,7,2]     00:00:00:00:00:0c    00:00:00:00:00:02 13    731  [22,21,16,11,6,1,2]     00:00:00:00:00:0c    00:00:00:00:00:02 14    731  [22,21,16,11,6,7,2]     00:00:00:00:00:0c    00:00:00:00:00:02 15    731  [22,21,16,11,12,7,2]  
# h00:00:00:00:00:0c -> h00:00:00:00:00:06
   00:00:00:00:00:0c    00:00:00:00:00:06 0    731  [22,17,12,7,8,9,10]     00:00:00:00:00:0c    00:00:00:00:00:06 1    731  [22,17,12,13,8,9,10]     00:00:00:00:00:0c    00:00:00:00:00:06 2    731  [22,17,12,13,14,9,10]     00:00:00:00:00:0c    00:00:00:00:00:06 3    731  [22,17,12,13,14,15,10]     00:00:00:00:00:0c    00:00:00:00:00:06 4    731  [22,17,18,13,8,9,10]     00:00:00:00:00:0c    00:00:00:00:00:06 5    731  [22,17,18,13,14,9,10]     00:00:00:00:00:0c    00:00:00:00:00:06 6    731  [22,17,18,13,14,15,10]     00:00:00:00:00:0c    00:00:00:00:00:06 7    731  [22,17,18,19,14,9,10]     00:00:00:00:00:0c    00:00:00:00:00:06 8    731  [22,17,18,19,14,15,10]     00:00:00:00:00:0c    00:00:00:00:00:06 9    731  [22,17,18,19,20,15,10]     00:00:00:00:00:0c    00:00:00:00:00:06 10    731  [22,23,18,13,8,9,10]     00:00:00:00:00:0c    00:00:00:00:00:06 11    731  [22,23,18,13,14,9,10]     00:00:00:00:00:0c    00:00:00:00:00:06 12    731  [22,23,18,13,14,15,10]     00:00:00:00:00:0c    00:00:00:00:00:06 13    731  [22,23,18,19,14,9,10]     00:00:00:00:00:0c    00:00:00:00:00:06 14    731  [22,23,18,19,14,15,10]     00:00:00:00:00:0c    00:00:00:00:00:06 15    731  [22,23,18,19,20,15,10]  
# h00:00:00:00:00:0c -> h00:00:00:00:00:10
   00:00:00:00:00:0c    00:00:00:00:00:10 0    439  [22,17,12,7,6]     00:00:00:00:00:0c    00:00:00:00:00:10 1    439  [22,17,12,11,6]     00:00:00:00:00:0c    00:00:00:00:00:10 2    439  [22,17,16,11,6]     00:00:00:00:00:0c    00:00:00:00:00:10 3    439  [22,21,16,11,6]     00:00:00:00:00:0c    00:00:00:00:00:10 4    731  [22,17,12,7,2,1,6]     00:00:00:00:00:0c    00:00:00:00:00:10 5    731  [22,17,12,13,8,7,6]     00:00:00:00:00:0c    00:00:00:00:00:10 6    731  [22,17,16,11,12,7,6]     00:00:00:00:00:0c    00:00:00:00:00:10 7    731  [22,17,18,13,8,7,6]     00:00:00:00:00:0c    00:00:00:00:00:10 8    731  [22,17,18,13,12,7,6]     00:00:00:00:00:0c    00:00:00:00:00:10 9    731  [22,17,18,13,12,11,6]     00:00:00:00:00:0c    00:00:00:00:00:10 10    731  [22,21,16,11,12,7,6]     00:00:00:00:00:0c    00:00:00:00:00:10 11    731  [22,21,16,17,12,7,6]     00:00:00:00:00:0c    00:00:00:00:00:10 12    731  [22,21,16,17,12,11,6]     00:00:00:00:00:0c    00:00:00:00:00:10 13    731  [22,23,18,13,8,7,6]     00:00:00:00:00:0c    00:00:00:00:00:10 14    731  [22,23,18,13,12,7,6]     00:00:00:00:00:0c    00:00:00:00:00:10 15    731  [22,23,18,13,12,11,6]  
# h00:00:00:00:00:0c -> h00:00:00:00:00:0f
   00:00:00:00:00:0c    00:00:00:00:00:0f 0    293  [22,17,12,11]     00:00:00:00:00:0c    00:00:00:00:00:0f 1    293  [22,17,16,11]     00:00:00:00:00:0c    00:00:00:00:00:0f 2    293  [22,21,16,11]     00:00:00:00:00:0c    00:00:00:00:00:0f 3    585  [22,17,12,7,6,11]     00:00:00:00:00:0c    00:00:00:00:00:0f 4    585  [22,17,18,13,12,11]     00:00:00:00:00:0c    00:00:00:00:00:0f 5    585  [22,21,16,17,12,11]     00:00:00:00:00:0c    00:00:00:00:00:0f 6    585  [22,23,18,13,12,11]     00:00:00:00:00:0c    00:00:00:00:00:0f 7    585  [22,23,18,17,12,11]     00:00:00:00:00:0c    00:00:00:00:00:0f 8    585  [22,23,18,17,16,11]     00:00:00:00:00:0c    00:00:00:00:00:0f 9    877  [22,17,12,7,2,1,6,11]     00:00:00:00:00:0c    00:00:00:00:00:0f 10    877  [22,17,12,7,8,13,12,11]     00:00:00:00:00:0c    00:00:00:00:00:0f 11    877  [22,17,12,13,8,7,6,11]     00:00:00:00:00:0c    00:00:00:00:00:0f 12    877  [22,17,12,13,8,7,12,11]     00:00:00:00:00:0c    00:00:00:00:00:0f 13    877  [22,17,12,13,18,17,16,11]     00:00:00:00:00:0c    00:00:00:00:00:0f 14    877  [22,17,18,13,8,7,6,11]     00:00:00:00:00:0c    00:00:00:00:00:0f 15    877  [22,17,18,13,8,7,12,11]  
# h00:00:00:00:00:0c -> h00:00:00:00:00:0d
   00:00:00:00:00:0c    00:00:00:00:00:0d 0      0  [22,21]     00:00:00:00:00:0c    00:00:00:00:00:0d 1    293  [22,17,16,21]     00:00:00:00:00:0c    00:00:00:00:00:0d 2    585  [22,17,12,11,16,21]     00:00:00:00:00:0c    00:00:00:00:00:0d 3    585  [22,17,18,23,22,21]     00:00:00:00:00:0c    00:00:00:00:00:0d 4    585  [22,23,18,17,16,21]     00:00:00:00:00:0c    00:00:00:00:00:0d 5    585  [22,23,18,17,22,21]     00:00:00:00:00:0c    00:00:00:00:00:0d 6    877  [22,17,12,7,6,11,16,21]     00:00:00:00:00:0c    00:00:00:00:00:0d 7    877  [22,17,12,13,18,17,16,21]     00:00:00:00:00:0c    00:00:00:00:00:0d 8    877  [22,17,12,13,18,23,22,21]     00:00:00:00:00:0c    00:00:00:00:00:0d 9    877  [22,17,18,13,12,11,16,21]     00:00:00:00:00:0c    00:00:00:00:00:0d 10    877  [22,17,18,13,12,17,16,21]     00:00:00:00:00:0c    00:00:00:00:00:0d 11    877  [22,17,18,19,24,23,22,21]     00:00:00:00:00:0c    00:00:00:00:00:0d 12    877  [22,23,18,13,12,11,16,21]     00:00:00:00:00:0c    00:00:00:00:00:0d 13    877  [22,23,18,13,12,17,16,21]     00:00:00:00:00:0c    00:00:00:00:00:0d 14    877  [22,23,18,13,12,17,22,21]     00:00:00:00:00:0c    00:00:00:00:00:0d 15    877  [22,23,18,17,12,11,16,21]  
# h00:00:00:00:00:0c -> h00:00:00:00:00:05
   00:00:00:00:00:0c    00:00:00:00:00:05 0    877  [22,17,12,7,2,3,4,5]     00:00:00:00:00:0c    00:00:00:00:00:05 1    877  [22,17,12,7,8,3,4,5]     00:00:00:00:00:0c    00:00:00:00:00:05 2    877  [22,17,12,7,8,9,4,5]     00:00:00:00:00:0c    00:00:00:00:00:05 3    877  [22,17,12,7,8,9,10,5]     00:00:00:00:00:0c    00:00:00:00:00:05 4    877  [22,17,12,13,8,3,4,5]     00:00:00:00:00:0c    00:00:00:00:00:05 5    877  [22,17,12,13,8,9,4,5]     00:00:00:00:00:0c    00:00:00:00:00:05 6    877  [22,17,12,13,8,9,10,5]     00:00:00:00:00:0c    00:00:00:00:00:05 7    877  [22,17,12,13,14,9,4,5]     00:00:00:00:00:0c    00:00:00:00:00:05 8    877  [22,17,12,13,14,9,10,5]     00:00:00:00:00:0c    00:00:00:00:00:05 9    877  [22,17,12,13,14,15,10,5]     00:00:00:00:00:0c    00:00:00:00:00:05 10    877  [22,17,18,13,8,3,4,5]     00:00:00:00:00:0c    00:00:00:00:00:05 11    877  [22,17,18,13,8,9,4,5]     00:00:00:00:00:0c    00:00:00:00:00:05 12    877  [22,17,18,13,8,9,10,5]     00:00:00:00:00:0c    00:00:00:00:00:05 13    877  [22,17,18,13,14,9,4,5]     00:00:00:00:00:0c    00:00:00:00:00:05 14    877  [22,17,18,13,14,9,10,5]     00:00:00:00:00:0c    00:00:00:00:00:05 15    877  [22,17,18,13,14,15,10,5]  
# h00:00:00:00:00:0c -> h00:00:00:00:00:03
   00:00:00:00:00:0c    00:00:00:00:00:03 0    585  [22,17,12,7,2,3]     00:00:00:00:00:0c    00:00:00:00:00:03 1    585  [22,17,12,7,8,3]     00:00:00:00:00:0c    00:00:00:00:00:03 2    585  [22,17,12,13,8,3]     00:00:00:00:00:0c    00:00:00:00:00:03 3    585  [22,17,18,13,8,3]     00:00:00:00:00:0c    00:00:00:00:00:03 4    585  [22,23,18,13,8,3]     00:00:00:00:00:0c    00:00:00:00:00:03 5    877  [22,17,12,7,6,1,2,3]     00:00:00:00:00:0c    00:00:00:00:00:03 6    877  [22,17,12,7,8,9,4,3]     00:00:00:00:00:0c    00:00:00:00:00:03 7    877  [22,17,12,11,6,1,2,3]     00:00:00:00:00:0c    00:00:00:00:00:03 8    877  [22,17,12,11,6,7,2,3]     00:00:00:00:00:0c    00:00:00:00:00:03 9    877  [22,17,12,11,6,7,8,3]     00:00:00:00:00:0c    00:00:00:00:00:03 10    877  [22,17,12,13,8,7,2,3]     00:00:00:00:00:0c    00:00:00:00:00:03 11    877  [22,17,12,13,8,9,4,3]     00:00:00:00:00:0c    00:00:00:00:00:03 12    877  [22,17,12,13,14,9,4,3]     00:00:00:00:00:0c    00:00:00:00:00:03 13    877  [22,17,12,13,14,9,8,3]     00:00:00:00:00:0c    00:00:00:00:00:03 14    877  [22,17,16,11,6,1,2,3]     00:00:00:00:00:0c    00:00:00:00:00:03 15    877  [22,17,16,11,6,7,2,3]  
# h00:00:00:00:00:0c -> h00:00:00:00:00:0a
   00:00:00:00:00:0c    00:00:00:00:00:0a 0    146  [22,23,24]     00:00:00:00:00:0c    00:00:00:00:00:0a 1    439  [22,17,18,19,24]     00:00:00:00:00:0c    00:00:00:00:00:0a 2    439  [22,17,18,23,24]     00:00:00:00:00:0c    00:00:00:00:00:0a 3    439  [22,23,18,19,24]     00:00:00:00:00:0c    00:00:00:00:00:0a 4    731  [22,17,12,13,14,19,24]     00:00:00:00:00:0c    00:00:00:00:00:0a 5    731  [22,17,12,13,18,19,24]     00:00:00:00:00:0c    00:00:00:00:00:0a 6    731  [22,17,12,13,18,23,24]     00:00:00:00:00:0c    00:00:00:00:00:0a 7    731  [22,17,16,21,22,23,24]     00:00:00:00:00:0c    00:00:00:00:00:0a 8    731  [22,17,18,13,14,19,24]     00:00:00:00:00:0c    00:00:00:00:00:0a 9    731  [22,17,18,19,20,25,24]     00:00:00:00:00:0c    00:00:00:00:00:0a 10    731  [22,21,16,17,18,19,24]     00:00:00:00:00:0c    00:00:00:00:00:0a 11    731  [22,21,16,17,18,23,24]     00:00:00:00:00:0c    00:00:00:00:00:0a 12    731  [22,21,16,17,22,23,24]     00:00:00:00:00:0c    00:00:00:00:00:0a 13    731  [22,23,18,13,14,19,24]     00:00:00:00:00:0c    00:00:00:00:00:0a 14    731  [22,23,18,19,20,25,24]     00:00:00:00:00:0c    00:00:00:00:00:0a 15   1023  [22,17,12,7,8,9,14,19,24]  
# h00:00:00:00:00:0c -> h00:00:00:00:00:07
   00:00:00:00:00:0c    00:00:00:00:00:07 0    585  [22,17,12,13,14,15]     00:00:00:00:00:0c    00:00:00:00:00:07 1    585  [22,17,18,13,14,15]     00:00:00:00:00:0c    00:00:00:00:00:07 2    585  [22,17,18,19,14,15]     00:00:00:00:00:0c    00:00:00:00:00:07 3    585  [22,17,18,19,20,15]     00:00:00:00:00:0c    00:00:00:00:00:07 4    585  [22,23,18,13,14,15]     00:00:00:00:00:0c    00:00:00:00:00:07 5    585  [22,23,18,19,14,15]     00:00:00:00:00:0c    00:00:00:00:00:07 6    585  [22,23,18,19,20,15]     00:00:00:00:00:0c    00:00:00:00:00:07 7    585  [22,23,24,19,14,15]     00:00:00:00:00:0c    00:00:00:00:00:07 8    585  [22,23,24,19,20,15]     00:00:00:00:00:0c    00:00:00:00:00:07 9    585  [22,23,24,25,20,15]     00:00:00:00:00:0c    00:00:00:00:00:07 10    877  [22,17,12,7,8,9,10,15]     00:00:00:00:00:0c    00:00:00:00:00:07 11    877  [22,17,12,7,8,9,14,15]     00:00:00:00:00:0c    00:00:00:00:00:07 12    877  [22,17,12,7,8,13,14,15]     00:00:00:00:00:0c    00:00:00:00:00:07 13    877  [22,17,12,13,8,9,10,15]     00:00:00:00:00:0c    00:00:00:00:00:07 14    877  [22,17,12,13,8,9,14,15]     00:00:00:00:00:0c    00:00:00:00:00:07 15    877  [22,17,12,13,14,9,10,15]  
# h00:00:00:00:00:0c -> h00:00:00:00:00:0e
   00:00:00:00:00:0c    00:00:00:00:00:0e 0    146  [22,17,16]     00:00:00:00:00:0c    00:00:00:00:00:0e 1    146  [22,21,16]     00:00:00:00:00:0c    00:00:00:00:00:0e 2    439  [22,17,12,11,16]     00:00:00:00:00:0c    00:00:00:00:00:0e 3    439  [22,23,18,17,16]     00:00:00:00:00:0c    00:00:00:00:00:0e 4    731  [22,17,12,7,6,11,16]     00:00:00:00:00:0c    00:00:00:00:00:0e 5    731  [22,17,12,13,18,17,16]     00:00:00:00:00:0c    00:00:00:00:00:0e 6    731  [22,17,18,13,12,11,16]     00:00:00:00:00:0c    00:00:00:00:00:0e 7    731  [22,17,18,13,12,17,16]     00:00:00:00:00:0c    00:00:00:00:00:0e 8    731  [22,17,18,23,22,21,16]     00:00:00:00:00:0c    00:00:00:00:00:0e 9    731  [22,23,18,13,12,11,16]     00:00:00:00:00:0c    00:00:00:00:00:0e 10    731  [22,23,18,13,12,17,16]     00:00:00:00:00:0c    00:00:00:00:00:0e 11    731  [22,23,18,17,12,11,16]     00:00:00:00:00:0c    00:00:00:00:00:0e 12    731  [22,23,18,17,22,21,16]     00:00:00:00:00:0c    00:00:00:00:00:0e 13    731  [22,23,24,19,18,17,16]     00:00:00:00:00:0c    00:00:00:00:00:0e 14   1023  [22,17,12,7,2,1,6,11,16]     00:00:00:00:00:0c    00:00:00:00:00:0e 15   1023  [22,17,12,7,8,13,12,11,16]  
# h00:00:00:00:00:0c -> h00:00:00:00:00:0b
   00:00:00:00:00:0c    00:00:00:00:00:0b 0      0  [22,23]     00:00:00:00:00:0c    00:00:00:00:00:0b 1    293  [22,17,18,23]     00:00:00:00:00:0c    00:00:00:00:00:0b 2    585  [22,17,12,13,18,23]     00:00:00:00:00:0c    00:00:00:00:00:0b 3    585  [22,17,16,21,22,23]     00:00:00:00:00:0c    00:00:00:00:00:0b 4    585  [22,17,18,19,24,23]     00:00:00:00:00:0c    00:00:00:00:00:0b 5    585  [22,21,16,17,18,23]     00:00:00:00:00:0c    00:00:00:00:00:0b 6    585  [22,21,16,17,22,23]     00:00:00:00:00:0c    00:00:00:00:00:0b 7    877  [22,17,12,7,8,13,18,23]     00:00:00:00:00:0c    00:00:00:00:00:0b 8    877  [22,17,12,11,16,17,18,23]     00:00:00:00:00:0c    00:00:00:00:00:0b 9    877  [22,17,12,11,16,21,22,23]     00:00:00:00:00:0c    00:00:00:00:00:0b 10    877  [22,17,12,13,14,19,18,23]     00:00:00:00:00:0c    00:00:00:00:00:0b 11    877  [22,17,12,13,14,19,24,23]     00:00:00:00:00:0c    00:00:00:00:00:0b 12    877  [22,17,12,13,18,19,24,23]     00:00:00:00:00:0c    00:00:00:00:00:0b 13    877  [22,17,16,11,12,13,18,23]     00:00:00:00:00:0c    00:00:00:00:00:0b 14    877  [22,17,16,11,12,17,18,23]     00:00:00:00:00:0c    00:00:00:00:00:0b 15    877  [22,17,18,13,14,19,24,23]  
# h00:00:00:00:00:0c -> h00:00:00:00:00:09
   00:00:00:00:00:0c    00:00:00:00:00:09 0    293  [22,23,24,25]     00:00:00:00:00:0c    00:00:00:00:00:09 1    585  [22,17,18,19,20,25]     00:00:00:00:00:0c    00:00:00:00:00:09 2    585  [22,17,18,19,24,25]     00:00:00:00:00:0c    00:00:00:00:00:09 3    585  [22,17,18,23,24,25]     00:00:00:00:00:0c    00:00:00:00:00:09 4    585  [22,23,18,19,20,25]     00:00:00:00:00:0c    00:00:00:00:00:09 5    585  [22,23,18,19,24,25]     00:00:00:00:00:0c    00:00:00:00:00:09 6    585  [22,23,24,19,20,25]     00:00:00:00:00:0c    00:00:00:00:00:09 7    877  [22,17,12,13,14,15,20,25]     00:00:00:00:00:0c    00:00:00:00:00:09 8    877  [22,17,12,13,14,19,20,25]     00:00:00:00:00:0c    00:00:00:00:00:09 9    877  [22,17,12,13,14,19,24,25]     00:00:00:00:00:0c    00:00:00:00:00:09 10    877  [22,17,12,13,18,19,20,25]     00:00:00:00:00:0c    00:00:00:00:00:09 11    877  [22,17,12,13,18,19,24,25]     00:00:00:00:00:0c    00:00:00:00:00:09 12    877  [22,17,12,13,18,23,24,25]     00:00:00:00:00:0c    00:00:00:00:00:09 13    877  [22,17,16,21,22,23,24,25]     00:00:00:00:00:0c    00:00:00:00:00:09 14    877  [22,17,18,13,14,15,20,25]     00:00:00:00:00:0c    00:00:00:00:00:09 15    877  [22,17,18,13,14,19,20,25]  
# h00:00:00:00:00:0c -> h00:00:00:00:00:08
   00:00:00:00:00:0c    00:00:00:00:00:08 0    439  [22,17,18,19,20]     00:00:00:00:00:0c    00:00:00:00:00:08 1    439  [22,23,18,19,20]     00:00:00:00:00:0c    00:00:00:00:00:08 2    439  [22,23,24,19,20]     00:00:00:00:00:0c    00:00:00:00:00:08 3    439  [22,23,24,25,20]     00:00:00:00:00:0c    00:00:00:00:00:08 4    731  [22,17,12,13,14,15,20]     00:00:00:00:00:0c    00:00:00:00:00:08 5    731  [22,17,12,13,14,19,20]     00:00:00:00:00:0c    00:00:00:00:00:08 6    731  [22,17,12,13,18,19,20]     00:00:00:00:00:0c    00:00:00:00:00:08 7    731  [22,17,18,13,14,15,20]     00:00:00:00:00:0c    00:00:00:00:00:08 8    731  [22,17,18,13,14,19,20]     00:00:00:00:00:0c    00:00:00:00:00:08 9    731  [22,17,18,19,14,15,20]     00:00:00:00:00:0c    00:00:00:00:00:08 10    731  [22,17,18,19,24,25,20]     00:00:00:00:00:0c    00:00:00:00:00:08 11    731  [22,17,18,23,24,19,20]     00:00:00:00:00:0c    00:00:00:00:00:08 12    731  [22,17,18,23,24,25,20]     00:00:00:00:00:0c    00:00:00:00:00:08 13    731  [22,21,16,17,18,19,20]     00:00:00:00:00:0c    00:00:00:00:00:08 14    731  [22,23,18,13,14,15,20]     00:00:00:00:00:0c    00:00:00:00:00:08 15    731  [22,23,18,13,14,19,20]  
# h00:00:00:00:00:0e -> h00:00:00:00:00:01
   00:00:00:00:00:0e    00:00:00:00:00:01 0    293  [16,11,6,1]     00:00:00:00:00:0e    00:00:00:00:00:01 1    585  [16,11,6,7,2,1]     00:00:00:00:00:0e    00:00:00:00:00:01 2    585  [16,11,12,7,2,1]     00:00:00:00:00:0e    00:00:00:00:00:01 3    585  [16,11,12,7,6,1]     00:00:00:00:00:0e    00:00:00:00:00:01 4    585  [16,17,12,7,2,1]     00:00:00:00:00:0e    00:00:00:00:00:01 5    585  [16,17,12,7,6,1]     00:00:00:00:00:0e    00:00:00:00:00:01 6    585  [16,17,12,11,6,1]     00:00:00:00:00:0e    00:00:00:00:00:01 7    877  [16,11,6,7,8,3,2,1]     00:00:00:00:00:0e    00:00:00:00:00:01 8    877  [16,11,12,7,8,3,2,1]     00:00:00:00:00:0e    00:00:00:00:00:01 9    877  [16,11,12,13,8,3,2,1]     00:00:00:00:00:0e    00:00:00:00:00:01 10    877  [16,11,12,13,8,7,2,1]     00:00:00:00:00:0e    00:00:00:00:00:01 11    877  [16,11,12,13,8,7,6,1]     00:00:00:00:00:0e    00:00:00:00:00:01 12    877  [16,17,12,7,8,3,2,1]     00:00:00:00:00:0e    00:00:00:00:00:01 13    877  [16,17,12,11,6,7,2,1]     00:00:00:00:00:0e    00:00:00:00:00:01 14    877  [16,17,12,13,8,3,2,1]     00:00:00:00:00:0e    00:00:00:00:00:01 15    877  [16,17,12,13,8,7,2,1]  
# h00:00:00:00:00:0e -> h00:00:00:00:00:04
   00:00:00:00:00:0e    00:00:00:00:00:04 0    731  [16,11,6,1,2,3,4]     00:00:00:00:00:0e    00:00:00:00:00:04 1    731  [16,11,6,7,2,3,4]     00:00:00:00:00:0e    00:00:00:00:00:04 2    731  [16,11,6,7,8,3,4]     00:00:00:00:00:0e    00:00:00:00:00:04 3    731  [16,11,6,7,8,9,4]     00:00:00:00:00:0e    00:00:00:00:00:04 4    731  [16,11,12,7,2,3,4]     00:00:00:00:00:0e    00:00:00:00:00:04 5    731  [16,11,12,7,8,3,4]     00:00:00:00:00:0e    00:00:00:00:00:04 6    731  [16,11,12,7,8,9,4]     00:00:00:00:00:0e    00:00:00:00:00:04 7    731  [16,11,12,13,8,3,4]     00:00:00:00:00:0e    00:00:00:00:00:04 8    731  [16,11,12,13,8,9,4]     00:00:00:00:00:0e    00:00:00:00:00:04 9    731  [16,11,12,13,14,9,4]     00:00:00:00:00:0e    00:00:00:00:00:04 10    731  [16,17,12,7,2,3,4]     00:00:00:00:00:0e    00:00:00:00:00:04 11    731  [16,17,12,7,8,3,4]     00:00:00:00:00:0e    00:00:00:00:00:04 12    731  [16,17,12,7,8,9,4]     00:00:00:00:00:0e    00:00:00:00:00:04 13    731  [16,17,12,13,8,3,4]     00:00:00:00:00:0e    00:00:00:00:00:04 14    731  [16,17,12,13,8,9,4]     00:00:00:00:00:0e    00:00:00:00:00:04 15    731  [16,17,12,13,14,9,4]  
# h00:00:00:00:00:0e -> h00:00:00:00:00:02
   00:00:00:00:00:0e    00:00:00:00:00:02 0    439  [16,11,6,1,2]     00:00:00:00:00:0e    00:00:00:00:00:02 1    439  [16,11,6,7,2]     00:00:00:00:00:0e    00:00:00:00:00:02 2    439  [16,11,12,7,2]     00:00:00:00:00:0e    00:00:00:00:00:02 3    439  [16,17,12,7,2]     00:00:00:00:00:0e    00:00:00:00:00:02 4    731  [16,11,6,7,8,3,2]     00:00:00:00:00:0e    00:00:00:00:00:02 5    731  [16,11,12,7,6,1,2]     00:00:00:00:00:0e    00:00:00:00:00:02 6    731  [16,11,12,7,8,3,2]     00:00:00:00:00:0e    00:00:00:00:00:02 7    731  [16,11,12,13,8,3,2]     00:00:00:00:00:0e    00:00:00:00:00:02 8    731  [16,11,12,13,8,7,2]     00:00:00:00:00:0e    00:00:00:00:00:02 9    731  [16,17,12,7,6,1,2]     00:00:00:00:00:0e    00:00:00:00:00:02 10    731  [16,17,12,7,8,3,2]     00:00:00:00:00:0e    00:00:00:00:00:02 11    731  [16,17,12,11,6,1,2]     00:00:00:00:00:0e    00:00:00:00:00:02 12    731  [16,17,12,11,6,7,2]     00:00:00:00:00:0e    00:00:00:00:00:02 13    731  [16,17,12,13,8,3,2]     00:00:00:00:00:0e    00:00:00:00:00:02 14    731  [16,17,12,13,8,7,2]     00:00:00:00:00:0e    00:00:00:00:00:02 15    731  [16,17,18,13,8,3,2]  
# h00:00:00:00:00:0e -> h00:00:00:00:00:06
   00:00:00:00:00:0e    00:00:00:00:00:06 0    731  [16,11,6,7,8,9,10]     00:00:00:00:00:0e    00:00:00:00:00:06 1    731  [16,11,12,7,8,9,10]     00:00:00:00:00:0e    00:00:00:00:00:06 2    731  [16,11,12,13,8,9,10]     00:00:00:00:00:0e    00:00:00:00:00:06 3    731  [16,11,12,13,14,9,10]     00:00:00:00:00:0e    00:00:00:00:00:06 4    731  [16,11,12,13,14,15,10]     00:00:00:00:00:0e    00:00:00:00:00:06 5    731  [16,17,12,7,8,9,10]     00:00:00:00:00:0e    00:00:00:00:00:06 6    731  [16,17,12,13,8,9,10]     00:00:00:00:00:0e    00:00:00:00:00:06 7    731  [16,17,12,13,14,9,10]     00:00:00:00:00:0e    00:00:00:00:00:06 8    731  [16,17,12,13,14,15,10]     00:00:00:00:00:0e    00:00:00:00:00:06 9    731  [16,17,18,13,8,9,10]     00:00:00:00:00:0e    00:00:00:00:00:06 10    731  [16,17,18,13,14,9,10]     00:00:00:00:00:0e    00:00:00:00:00:06 11    731  [16,17,18,13,14,15,10]     00:00:00:00:00:0e    00:00:00:00:00:06 12    731  [16,17,18,19,14,9,10]     00:00:00:00:00:0e    00:00:00:00:00:06 13    731  [16,17,18,19,14,15,10]     00:00:00:00:00:0e    00:00:00:00:00:06 14    731  [16,17,18,19,20,15,10]     00:00:00:00:00:0e    00:00:00:00:00:06 15   1023  [16,11,6,1,2,3,4,5,10]  
# h00:00:00:00:00:0e -> h00:00:00:00:00:10
   00:00:00:00:00:0e    00:00:00:00:00:10 0    146  [16,11,6]     00:00:00:00:00:0e    00:00:00:00:00:10 1    439  [16,11,12,7,6]     00:00:00:00:00:0e    00:00:00:00:00:10 2    439  [16,17,12,7,6]     00:00:00:00:00:0e    00:00:00:00:00:10 3    439  [16,17,12,11,6]     00:00:00:00:00:0e    00:00:00:00:00:10 4    731  [16,11,12,7,2,1,6]     00:00:00:00:00:0e    00:00:00:00:00:10 5    731  [16,11,12,13,8,7,6]     00:00:00:00:00:0e    00:00:00:00:00:10 6    731  [16,17,12,7,2,1,6]     00:00:00:00:00:0e    00:00:00:00:00:10 7    731  [16,17,12,13,8,7,6]     00:00:00:00:00:0e    00:00:00:00:00:10 8    731  [16,17,18,13,8,7,6]     00:00:00:00:00:0e    00:00:00:00:00:10 9    731  [16,17,18,13,12,7,6]     00:00:00:00:00:0e    00:00:00:00:00:10 10    731  [16,17,18,13,12,11,6]     00:00:00:00:00:0e    00:00:00:00:00:10 11    731  [16,17,22,21,16,11,6]     00:00:00:00:00:0e    00:00:00:00:00:10 12    731  [16,21,22,17,12,7,6]     00:00:00:00:00:0e    00:00:00:00:00:10 13    731  [16,21,22,17,12,11,6]     00:00:00:00:00:0e    00:00:00:00:00:10 14    731  [16,21,22,17,16,11,6]     00:00:00:00:00:0e    00:00:00:00:00:10 15   1023  [16,11,12,7,2,3,8,7,6]  
# h00:00:00:00:00:0e -> h00:00:00:00:00:0f
   00:00:00:00:00:0e    00:00:00:00:00:0f 0      0  [16,11]     00:00:00:00:00:0e    00:00:00:00:00:0f 1    293  [16,17,12,11]     00:00:00:00:00:0e    00:00:00:00:00:0f 2    585  [16,17,12,7,6,11]     00:00:00:00:00:0e    00:00:00:00:00:0f 3    585  [16,17,18,13,12,11]     00:00:00:00:00:0e    00:00:00:00:00:0f 4    585  [16,17,22,21,16,11]     00:00:00:00:00:0e    00:00:00:00:00:0f 5    585  [16,21,22,17,12,11]     00:00:00:00:00:0e    00:00:00:00:00:0f 6    585  [16,21,22,17,16,11]     00:00:00:00:00:0e    00:00:00:00:00:0f 7    877  [16,17,12,7,2,1,6,11]     00:00:00:00:00:0e    00:00:00:00:00:0f 8    877  [16,17,12,7,8,13,12,11]     00:00:00:00:00:0e    00:00:00:00:00:0f 9    877  [16,17,12,13,8,7,6,11]     00:00:00:00:00:0e    00:00:00:00:00:0f 10    877  [16,17,12,13,8,7,12,11]     00:00:00:00:00:0e    00:00:00:00:00:0f 11    877  [16,17,18,13,8,7,6,11]     00:00:00:00:00:0e    00:00:00:00:00:0f 12    877  [16,17,18,13,8,7,12,11]     00:00:00:00:00:0e    00:00:00:00:00:0f 13    877  [16,17,18,13,12,7,6,11]     00:00:00:00:00:0e    00:00:00:00:00:0f 14    877  [16,17,18,19,14,13,12,11]     00:00:00:00:00:0e    00:00:00:00:00:0f 15    877  [16,17,18,23,22,17,12,11]  
# h00:00:00:00:00:0e -> h00:00:00:00:00:0d
   00:00:00:00:00:0e    00:00:00:00:00:0d 0      0  [16,21]     00:00:00:00:00:0e    00:00:00:00:00:0d 1    293  [16,17,22,21]     00:00:00:00:00:0e    00:00:00:00:00:0d 2    585  [16,11,12,17,22,21]     00:00:00:00:00:0e    00:00:00:00:00:0d 3    585  [16,11,12,17,16,21]     00:00:00:00:00:0e    00:00:00:00:00:0d 4    585  [16,17,12,11,16,21]     00:00:00:00:00:0e    00:00:00:00:00:0d 5    585  [16,17,18,23,22,21]     00:00:00:00:00:0e    00:00:00:00:00:0d 6    877  [16,11,6,7,12,17,16,21]     00:00:00:00:00:0e    00:00:00:00:00:0d 7    877  [16,11,6,7,12,17,22,21]     00:00:00:00:00:0e    00:00:00:00:00:0d 8    877  [16,11,12,13,18,17,16,21]     00:00:00:00:00:0e    00:00:00:00:00:0d 9    877  [16,11,12,13,18,17,22,21]     00:00:00:00:00:0e    00:00:00:00:00:0d 10    877  [16,11,12,13,18,23,22,21]     00:00:00:00:00:0e    00:00:00:00:00:0d 11    877  [16,11,12,17,18,23,22,21]     00:00:00:00:00:0e    00:00:00:00:00:0d 12    877  [16,17,12,7,6,11,16,21]     00:00:00:00:00:0e    00:00:00:00:00:0d 13    877  [16,17,12,13,18,17,22,21]     00:00:00:00:00:0e    00:00:00:00:00:0d 14    877  [16,17,12,13,18,23,22,21]     00:00:00:00:00:0e    00:00:00:00:00:0d 15    877  [16,17,18,13,12,11,16,21]  
# h00:00:00:00:00:0e -> h00:00:00:00:00:05
   00:00:00:00:00:0e    00:00:00:00:00:05 0    877  [16,11,6,1,2,3,4,5]     00:00:00:00:00:0e    00:00:00:00:00:05 1    877  [16,11,6,7,2,3,4,5]     00:00:00:00:00:0e    00:00:00:00:00:05 2    877  [16,11,6,7,8,3,4,5]     00:00:00:00:00:0e    00:00:00:00:00:05 3    877  [16,11,6,7,8,9,4,5]     00:00:00:00:00:0e    00:00:00:00:00:05 4    877  [16,11,6,7,8,9,10,5]     00:00:00:00:00:0e    00:00:00:00:00:05 5    877  [16,11,12,7,2,3,4,5]     00:00:00:00:00:0e    00:00:00:00:00:05 6    877  [16,11,12,7,8,3,4,5]     00:00:00:00:00:0e    00:00:00:00:00:05 7    877  [16,11,12,7,8,9,4,5]     00:00:00:00:00:0e    00:00:00:00:00:05 8    877  [16,11,12,7,8,9,10,5]     00:00:00:00:00:0e    00:00:00:00:00:05 9    877  [16,11,12,13,8,3,4,5]     00:00:00:00:00:0e    00:00:00:00:00:05 10    877  [16,11,12,13,8,9,4,5]     00:00:00:00:00:0e    00:00:00:00:00:05 11    877  [16,11,12,13,8,9,10,5]     00:00:00:00:00:0e    00:00:00:00:00:05 12    877  [16,11,12,13,14,9,4,5]     00:00:00:00:00:0e    00:00:00:00:00:05 13    877  [16,11,12,13,14,9,10,5]     00:00:00:00:00:0e    00:00:00:00:00:05 14    877  [16,11,12,13,14,15,10,5]     00:00:00:00:00:0e    00:00:00:00:00:05 15    877  [16,17,12,7,2,3,4,5]  
# h00:00:00:00:00:0e -> h00:00:00:00:00:03
   00:00:00:00:00:0e    00:00:00:00:00:03 0    585  [16,11,6,1,2,3]     00:00:00:00:00:0e    00:00:00:00:00:03 1    585  [16,11,6,7,2,3]     00:00:00:00:00:0e    00:00:00:00:00:03 2    585  [16,11,6,7,8,3]     00:00:00:00:00:0e    00:00:00:00:00:03 3    585  [16,11,12,7,2,3]     00:00:00:00:00:0e    00:00:00:00:00:03 4    585  [16,11,12,7,8,3]     00:00:00:00:00:0e    00:00:00:00:00:03 5    585  [16,11,12,13,8,3]     00:00:00:00:00:0e    00:00:00:00:00:03 6    585  [16,17,12,7,2,3]     00:00:00:00:00:0e    00:00:00:00:00:03 7    585  [16,17,12,7,8,3]     00:00:00:00:00:0e    00:00:00:00:00:03 8    585  [16,17,12,13,8,3]     00:00:00:00:00:0e    00:00:00:00:00:03 9    585  [16,17,18,13,8,3]     00:00:00:00:00:0e    00:00:00:00:00:03 10    877  [16,11,6,1,2,7,8,3]     00:00:00:00:00:0e    00:00:00:00:00:03 11    877  [16,11,6,7,8,9,4,3]     00:00:00:00:00:0e    00:00:00:00:00:03 12    877  [16,11,6,7,12,13,8,3]     00:00:00:00:00:0e    00:00:00:00:00:03 13    877  [16,11,12,7,6,1,2,3]     00:00:00:00:00:0e    00:00:00:00:00:03 14    877  [16,11,12,7,8,9,4,3]     00:00:00:00:00:0e    00:00:00:00:00:03 15    877  [16,11,12,13,8,7,2,3]  
# h00:00:00:00:00:0e -> h00:00:00:00:00:0a
   00:00:00:00:00:0e    00:00:00:00:00:0a 0    439  [16,17,18,19,24]     00:00:00:00:00:0e    00:00:00:00:00:0a 1    439  [16,17,18,23,24]     00:00:00:00:00:0e    00:00:00:00:00:0a 2    439  [16,17,22,23,24]     00:00:00:00:00:0e    00:00:00:00:00:0a 3    439  [16,21,22,23,24]     00:00:00:00:00:0e    00:00:00:00:00:0a 4    731  [16,11,12,13,14,19,24]     00:00:00:00:00:0e    00:00:00:00:00:0a 5    731  [16,11,12,13,18,19,24]     00:00:00:00:00:0e    00:00:00:00:00:0a 6    731  [16,11,12,13,18,23,24]     00:00:00:00:00:0e    00:00:00:00:00:0a 7    731  [16,11,12,17,18,19,24]     00:00:00:00:00:0e    00:00:00:00:00:0a 8    731  [16,11,12,17,18,23,24]     00:00:00:00:00:0e    00:00:00:00:00:0a 9    731  [16,11,12,17,22,23,24]     00:00:00:00:00:0e    00:00:00:00:00:0a 10    731  [16,17,12,13,14,19,24]     00:00:00:00:00:0e    00:00:00:00:00:0a 11    731  [16,17,12,13,18,19,24]     00:00:00:00:00:0e    00:00:00:00:00:0a 12    731  [16,17,12,13,18,23,24]     00:00:00:00:00:0e    00:00:00:00:00:0a 13    731  [16,17,18,13,14,19,24]     00:00:00:00:00:0e    00:00:00:00:00:0a 14    731  [16,17,18,19,20,25,24]     00:00:00:00:00:0e    00:00:00:00:00:0a 15    731  [16,17,22,23,18,19,24]  
# h00:00:00:00:00:0e -> h00:00:00:00:00:07
   00:00:00:00:00:0e    00:00:00:00:00:07 0    585  [16,11,12,13,14,15]     00:00:00:00:00:0e    00:00:00:00:00:07 1    585  [16,17,12,13,14,15]     00:00:00:00:00:0e    00:00:00:00:00:07 2    585  [16,17,18,13,14,15]     00:00:00:00:00:0e    00:00:00:00:00:07 3    585  [16,17,18,19,14,15]     00:00:00:00:00:0e    00:00:00:00:00:07 4    585  [16,17,18,19,20,15]     00:00:00:00:00:0e    00:00:00:00:00:07 5    877  [16,11,6,7,8,9,10,15]     00:00:00:00:00:0e    00:00:00:00:00:07 6    877  [16,11,6,7,8,9,14,15]     00:00:00:00:00:0e    00:00:00:00:00:07 7    877  [16,11,6,7,8,13,14,15]     00:00:00:00:00:0e    00:00:00:00:00:07 8    877  [16,11,6,7,12,13,14,15]     00:00:00:00:00:0e    00:00:00:00:00:07 9    877  [16,11,12,7,8,9,10,15]     00:00:00:00:00:0e    00:00:00:00:00:07 10    877  [16,11,12,7,8,9,14,15]     00:00:00:00:00:0e    00:00:00:00:00:07 11    877  [16,11,12,7,8,13,14,15]     00:00:00:00:00:0e    00:00:00:00:00:07 12    877  [16,11,12,13,8,9,10,15]     00:00:00:00:00:0e    00:00:00:00:00:07 13    877  [16,11,12,13,8,9,14,15]     00:00:00:00:00:0e    00:00:00:00:00:07 14    877  [16,11,12,13,14,9,10,15]     00:00:00:00:00:0e    00:00:00:00:00:07 15    877  [16,11,12,13,14,19,20,15]  
# h00:00:00:00:00:0e -> h00:00:00:00:00:0c
   00:00:00:00:00:0e    00:00:00:00:00:0c 0    146  [16,17,22]     00:00:00:00:00:0e    00:00:00:00:00:0c 1    146  [16,21,22]     00:00:00:00:00:0e    00:00:00:00:00:0c 2    439  [16,11,12,17,22]     00:00:00:00:00:0e    00:00:00:00:00:0c 3    439  [16,17,18,23,22]     00:00:00:00:00:0e    00:00:00:00:00:0c 4    731  [16,11,6,7,12,17,22]     00:00:00:00:00:0e    00:00:00:00:00:0c 5    731  [16,11,12,13,18,17,22]     00:00:00:00:00:0e    00:00:00:00:00:0c 6    731  [16,11,12,13,18,23,22]     00:00:00:00:00:0e    00:00:00:00:00:0c 7    731  [16,11,12,17,16,21,22]     00:00:00:00:00:0e    00:00:00:00:00:0c 8    731  [16,11,12,17,18,23,22]     00:00:00:00:00:0e    00:00:00:00:00:0c 9    731  [16,17,12,11,16,21,22]     00:00:00:00:00:0e    00:00:00:00:00:0c 10    731  [16,17,12,13,18,17,22]     00:00:00:00:00:0e    00:00:00:00:00:0c 11    731  [16,17,12,13,18,23,22]     00:00:00:00:00:0e    00:00:00:00:00:0c 12    731  [16,17,18,13,12,17,22]     00:00:00:00:00:0e    00:00:00:00:00:0c 13    731  [16,17,18,19,24,23,22]     00:00:00:00:00:0e    00:00:00:00:00:0c 14   1023  [16,11,6,1,2,7,12,17,22]     00:00:00:00:00:0e    00:00:00:00:00:0c 15   1023  [16,11,6,7,8,13,12,17,22]  
# h00:00:00:00:00:0e -> h00:00:00:00:00:0b
   00:00:00:00:00:0e    00:00:00:00:00:0b 0    293  [16,17,18,23]     00:00:00:00:00:0e    00:00:00:00:00:0b 1    293  [16,17,22,23]     00:00:00:00:00:0e    00:00:00:00:00:0b 2    293  [16,21,22,23]     00:00:00:00:00:0e    00:00:00:00:00:0b 3    585  [16,11,12,13,18,23]     00:00:00:00:00:0e    00:00:00:00:00:0b 4    585  [16,11,12,17,18,23]     00:00:00:00:00:0e    00:00:00:00:00:0b 5    585  [16,11,12,17,22,23]     00:00:00:00:00:0e    00:00:00:00:00:0b 6    585  [16,17,12,13,18,23]     00:00:00:00:00:0e    00:00:00:00:00:0b 7    585  [16,17,18,19,24,23]     00:00:00:00:00:0e    00:00:00:00:00:0b 8    585  [16,21,22,17,18,23]     00:00:00:00:00:0e    00:00:00:00:00:0b 9    877  [16,11,6,7,8,13,18,23]     00:00:00:00:00:0e    00:00:00:00:00:0b 10    877  [16,11,6,7,12,13,18,23]     00:00:00:00:00:0e    00:00:00:00:00:0b 11    877  [16,11,6,7,12,17,18,23]     00:00:00:00:00:0e    00:00:00:00:00:0b 12    877  [16,11,6,7,12,17,22,23]     00:00:00:00:00:0e    00:00:00:00:00:0b 13    877  [16,11,12,7,8,13,18,23]     00:00:00:00:00:0e    00:00:00:00:00:0b 14    877  [16,11,12,13,14,19,18,23]     00:00:00:00:00:0e    00:00:00:00:00:0b 15    877  [16,11,12,13,14,19,24,23]  
# h00:00:00:00:00:0e -> h00:00:00:00:00:09
   00:00:00:00:00:0e    00:00:00:00:00:09 0    585  [16,17,18,19,20,25]     00:00:00:00:00:0e    00:00:00:00:00:09 1    585  [16,17,18,19,24,25]     00:00:00:00:00:0e    00:00:00:00:00:09 2    585  [16,17,18,23,24,25]     00:00:00:00:00:0e    00:00:00:00:00:09 3    585  [16,17,22,23,24,25]     00:00:00:00:00:0e    00:00:00:00:00:09 4    585  [16,21,22,23,24,25]     00:00:00:00:00:0e    00:00:00:00:00:09 5    877  [16,11,12,13,14,15,20,25]     00:00:00:00:00:0e    00:00:00:00:00:09 6    877  [16,11,12,13,14,19,20,25]     00:00:00:00:00:0e    00:00:00:00:00:09 7    877  [16,11,12,13,14,19,24,25]     00:00:00:00:00:0e    00:00:00:00:00:09 8    877  [16,11,12,13,18,19,20,25]     00:00:00:00:00:0e    00:00:00:00:00:09 9    877  [16,11,12,13,18,19,24,25]     00:00:00:00:00:0e    00:00:00:00:00:09 10    877  [16,11,12,13,18,23,24,25]     00:00:00:00:00:0e    00:00:00:00:00:09 11    877  [16,11,12,17,18,19,20,25]     00:00:00:00:00:0e    00:00:00:00:00:09 12    877  [16,11,12,17,18,19,24,25]     00:00:00:00:00:0e    00:00:00:00:00:09 13    877  [16,11,12,17,18,23,24,25]     00:00:00:00:00:0e    00:00:00:00:00:09 14    877  [16,11,12,17,22,23,24,25]     00:00:00:00:00:0e    00:00:00:00:00:09 15    877  [16,17,12,13,14,15,20,25]  
# h00:00:00:00:00:0e -> h00:00:00:00:00:08
   00:00:00:00:00:0e    00:00:00:00:00:08 0    439  [16,17,18,19,20]     00:00:00:00:00:0e    00:00:00:00:00:08 1    731  [16,11,12,13,14,15,20]     00:00:00:00:00:0e    00:00:00:00:00:08 2    731  [16,11,12,13,14,19,20]     00:00:00:00:00:0e    00:00:00:00:00:08 3    731  [16,11,12,13,18,19,20]     00:00:00:00:00:0e    00:00:00:00:00:08 4    731  [16,11,12,17,18,19,20]     00:00:00:00:00:0e    00:00:00:00:00:08 5    731  [16,17,12,13,14,15,20]     00:00:00:00:00:0e    00:00:00:00:00:08 6    731  [16,17,12,13,14,19,20]     00:00:00:00:00:0e    00:00:00:00:00:08 7    731  [16,17,12,13,18,19,20]     00:00:00:00:00:0e    00:00:00:00:00:08 8    731  [16,17,18,13,14,15,20]     00:00:00:00:00:0e    00:00:00:00:00:08 9    731  [16,17,18,13,14,19,20]     00:00:00:00:00:0e    00:00:00:00:00:08 10    731  [16,17,18,19,14,15,20]     00:00:00:00:00:0e    00:00:00:00:00:08 11    731  [16,17,18,19,24,25,20]     00:00:00:00:00:0e    00:00:00:00:00:08 12    731  [16,17,18,23,24,19,20]     00:00:00:00:00:0e    00:00:00:00:00:08 13    731  [16,17,18,23,24,25,20]     00:00:00:00:00:0e    00:00:00:00:00:08 14    731  [16,17,22,23,18,19,20]     00:00:00:00:00:0e    00:00:00:00:00:08 15    731  [16,17,22,23,24,19,20]  
# h00:00:00:00:00:0b -> h00:00:00:00:00:01
   00:00:00:00:00:0b    00:00:00:00:00:01 0    731  [23,18,13,8,3,2,1]     00:00:00:00:00:0b    00:00:00:00:00:01 1    731  [23,18,13,8,7,2,1]     00:00:00:00:00:0b    00:00:00:00:00:01 2    731  [23,18,13,8,7,6,1]     00:00:00:00:00:0b    00:00:00:00:00:01 3    731  [23,18,13,12,7,2,1]     00:00:00:00:00:0b    00:00:00:00:00:01 4    731  [23,18,13,12,7,6,1]     00:00:00:00:00:0b    00:00:00:00:00:01 5    731  [23,18,13,12,11,6,1]     00:00:00:00:00:0b    00:00:00:00:00:01 6    731  [23,18,17,12,7,2,1]     00:00:00:00:00:0b    00:00:00:00:00:01 7    731  [23,18,17,12,7,6,1]     00:00:00:00:00:0b    00:00:00:00:00:01 8    731  [23,18,17,12,11,6,1]     00:00:00:00:00:0b    00:00:00:00:00:01 9    731  [23,18,17,16,11,6,1]     00:00:00:00:00:0b    00:00:00:00:00:01 10    731  [23,22,17,12,7,2,1]     00:00:00:00:00:0b    00:00:00:00:00:01 11    731  [23,22,17,12,7,6,1]     00:00:00:00:00:0b    00:00:00:00:00:01 12    731  [23,22,17,12,11,6,1]     00:00:00:00:00:0b    00:00:00:00:00:01 13    731  [23,22,17,16,11,6,1]     00:00:00:00:00:0b    00:00:00:00:00:01 14    731  [23,22,21,16,11,6,1]     00:00:00:00:00:0b    00:00:00:00:00:01 15   1023  [23,18,13,8,3,2,7,6,1]  
# h00:00:00:00:00:0b -> h00:00:00:00:00:04
   00:00:00:00:00:0b    00:00:00:00:00:04 0    585  [23,18,13,8,3,4]     00:00:00:00:00:0b    00:00:00:00:00:04 1    585  [23,18,13,8,9,4]     00:00:00:00:00:0b    00:00:00:00:00:04 2    585  [23,18,13,14,9,4]     00:00:00:00:00:0b    00:00:00:00:00:04 3    585  [23,18,19,14,9,4]     00:00:00:00:00:0b    00:00:00:00:00:04 4    585  [23,24,19,14,9,4]     00:00:00:00:00:0b    00:00:00:00:00:04 5    877  [23,18,13,8,7,2,3,4]     00:00:00:00:00:0b    00:00:00:00:00:04 6    877  [23,18,13,8,9,10,5,4]     00:00:00:00:00:0b    00:00:00:00:00:04 7    877  [23,18,13,12,7,2,3,4]     00:00:00:00:00:0b    00:00:00:00:00:04 8    877  [23,18,13,12,7,8,3,4]     00:00:00:00:00:0b    00:00:00:00:00:04 9    877  [23,18,13,12,7,8,9,4]     00:00:00:00:00:0b    00:00:00:00:00:04 10    877  [23,18,13,14,9,8,3,4]     00:00:00:00:00:0b    00:00:00:00:00:04 11    877  [23,18,13,14,9,10,5,4]     00:00:00:00:00:0b    00:00:00:00:00:04 12    877  [23,18,13,14,15,10,5,4]     00:00:00:00:00:0b    00:00:00:00:00:04 13    877  [23,18,13,14,15,10,9,4]     00:00:00:00:00:0b    00:00:00:00:00:04 14    877  [23,18,17,12,7,2,3,4]     00:00:00:00:00:0b    00:00:00:00:00:04 15    877  [23,18,17,12,7,8,3,4]  
# h00:00:00:00:00:0b -> h00:00:00:00:00:02
   00:00:00:00:00:0b    00:00:00:00:00:02 0    585  [23,18,13,8,3,2]     00:00:00:00:00:0b    00:00:00:00:00:02 1    585  [23,18,13,8,7,2]     00:00:00:00:00:0b    00:00:00:00:00:02 2    585  [23,18,13,12,7,2]     00:00:00:00:00:0b    00:00:00:00:00:02 3    585  [23,18,17,12,7,2]     00:00:00:00:00:0b    00:00:00:00:00:02 4    585  [23,22,17,12,7,2]     00:00:00:00:00:0b    00:00:00:00:00:02 5    877  [23,18,13,8,7,6,1,2]     00:00:00:00:00:0b    00:00:00:00:00:02 6    877  [23,18,13,8,9,4,3,2]     00:00:00:00:00:0b    00:00:00:00:00:02 7    877  [23,18,13,12,7,6,1,2]     00:00:00:00:00:0b    00:00:00:00:00:02 8    877  [23,18,13,12,7,8,3,2]     00:00:00:00:00:0b    00:00:00:00:00:02 9    877  [23,18,13,12,11,6,1,2]     00:00:00:00:00:0b    00:00:00:00:00:02 10    877  [23,18,13,12,11,6,7,2]     00:00:00:00:00:0b    00:00:00:00:00:02 11    877  [23,18,13,14,9,4,3,2]     00:00:00:00:00:0b    00:00:00:00:00:02 12    877  [23,18,13,14,9,8,3,2]     00:00:00:00:00:0b    00:00:00:00:00:02 13    877  [23,18,13,14,9,8,7,2]     00:00:00:00:00:0b    00:00:00:00:00:02 14    877  [23,18,17,12,7,6,1,2]     00:00:00:00:00:0b    00:00:00:00:00:02 15    877  [23,18,17,12,7,8,3,2]  
# h00:00:00:00:00:0b -> h00:00:00:00:00:06
   00:00:00:00:00:0b    00:00:00:00:00:06 0    585  [23,18,13,8,9,10]     00:00:00:00:00:0b    00:00:00:00:00:06 1    585  [23,18,13,14,9,10]     00:00:00:00:00:0b    00:00:00:00:00:06 2    585  [23,18,13,14,15,10]     00:00:00:00:00:0b    00:00:00:00:00:06 3    585  [23,18,19,14,9,10]     00:00:00:00:00:0b    00:00:00:00:00:06 4    585  [23,18,19,14,15,10]     00:00:00:00:00:0b    00:00:00:00:00:06 5    585  [23,18,19,20,15,10]     00:00:00:00:00:0b    00:00:00:00:00:06 6    585  [23,24,19,14,9,10]     00:00:00:00:00:0b    00:00:00:00:00:06 7    585  [23,24,19,14,15,10]     00:00:00:00:00:0b    00:00:00:00:00:06 8    585  [23,24,19,20,15,10]     00:00:00:00:00:0b    00:00:00:00:00:06 9    585  [23,24,25,20,15,10]     00:00:00:00:00:0b    00:00:00:00:00:06 10    877  [23,18,13,8,3,4,5,10]     00:00:00:00:00:0b    00:00:00:00:00:06 11    877  [23,18,13,8,3,4,9,10]     00:00:00:00:00:0b    00:00:00:00:00:06 12    877  [23,18,13,8,9,4,5,10]     00:00:00:00:00:0b    00:00:00:00:00:06 13    877  [23,18,13,8,9,14,15,10]     00:00:00:00:00:0b    00:00:00:00:00:06 14    877  [23,18,13,12,7,8,9,10]     00:00:00:00:00:0b    00:00:00:00:00:06 15    877  [23,18,13,14,9,4,5,10]  
# h00:00:00:00:00:0b -> h00:00:00:00:00:10
   00:00:00:00:00:0b    00:00:00:00:00:10 0    585  [23,18,13,8,7,6]     00:00:00:00:00:0b    00:00:00:00:00:10 1    585  [23,18,13,12,7,6]     00:00:00:00:00:0b    00:00:00:00:00:10 2    585  [23,18,13,12,11,6]     00:00:00:00:00:0b    00:00:00:00:00:10 3    585  [23,18,17,12,7,6]     00:00:00:00:00:0b    00:00:00:00:00:10 4    585  [23,18,17,12,11,6]     00:00:00:00:00:0b    00:00:00:00:00:10 5    585  [23,18,17,16,11,6]     00:00:00:00:00:0b    00:00:00:00:00:10 6    585  [23,22,17,12,7,6]     00:00:00:00:00:0b    00:00:00:00:00:10 7    585  [23,22,17,12,11,6]     00:00:00:00:00:0b    00:00:00:00:00:10 8    585  [23,22,17,16,11,6]     00:00:00:00:00:0b    00:00:00:00:00:10 9    585  [23,22,21,16,11,6]     00:00:00:00:00:0b    00:00:00:00:00:10 10    877  [23,18,13,8,3,2,1,6]     00:00:00:00:00:0b    00:00:00:00:00:10 11    877  [23,18,13,8,3,2,7,6]     00:00:00:00:00:0b    00:00:00:00:00:10 12    877  [23,18,13,8,7,2,1,6]     00:00:00:00:00:0b    00:00:00:00:00:10 13    877  [23,18,13,8,7,12,11,6]     00:00:00:00:00:0b    00:00:00:00:00:10 14    877  [23,18,13,12,7,2,1,6]     00:00:00:00:00:0b    00:00:00:00:00:10 15    877  [23,18,13,12,17,16,11,6]  
# h00:00:00:00:00:0b -> h00:00:00:00:00:0f
   00:00:00:00:00:0b    00:00:00:00:00:0f 0    439  [23,18,13,12,11]     00:00:00:00:00:0b    00:00:00:00:00:0f 1    439  [23,18,17,12,11]     00:00:00:00:00:0b    00:00:00:00:00:0f 2    439  [23,18,17,16,11]     00:00:00:00:00:0b    00:00:00:00:00:0f 3    439  [23,22,17,12,11]     00:00:00:00:00:0b    00:00:00:00:00:0f 4    439  [23,22,17,16,11]     00:00:00:00:00:0b    00:00:00:00:00:0f 5    439  [23,22,21,16,11]     00:00:00:00:00:0b    00:00:00:00:00:0f 6    731  [23,18,13,8,7,6,11]     00:00:00:00:00:0b    00:00:00:00:00:0f 7    731  [23,18,13,8,7,12,11]     00:00:00:00:00:0b    00:00:00:00:00:0f 8    731  [23,18,13,12,7,6,11]     00:00:00:00:00:0b    00:00:00:00:00:0f 9    731  [23,18,13,12,17,16,11]     00:00:00:00:00:0b    00:00:00:00:00:0f 10    731  [23,18,17,12,7,6,11]     00:00:00:00:00:0b    00:00:00:00:00:0f 11    731  [23,18,17,22,21,16,11]     00:00:00:00:00:0b    00:00:00:00:00:0f 12    731  [23,18,19,14,13,12,11]     00:00:00:00:00:0b    00:00:00:00:00:0f 13    731  [23,22,17,12,7,6,11]     00:00:00:00:00:0b    00:00:00:00:00:0f 14    731  [23,22,17,18,13,12,11]     00:00:00:00:00:0b    00:00:00:00:00:0f 15    731  [23,22,21,16,17,12,11]  
# h00:00:00:00:00:0b -> h00:00:00:00:00:0d
   00:00:00:00:00:0b    00:00:00:00:00:0d 0    146  [23,22,21]     00:00:00:00:00:0b    00:00:00:00:00:0d 1    439  [23,18,17,16,21]     00:00:00:00:00:0b    00:00:00:00:00:0d 2    439  [23,18,17,22,21]     00:00:00:00:00:0b    00:00:00:00:00:0d 3    439  [23,22,17,16,21]     00:00:00:00:00:0b    00:00:00:00:00:0d 4    731  [23,18,13,12,11,16,21]     00:00:00:00:00:0b    00:00:00:00:00:0d 5    731  [23,18,13,12,17,16,21]     00:00:00:00:00:0b    00:00:00:00:00:0d 6    731  [23,18,13,12,17,22,21]     00:00:00:00:00:0b    00:00:00:00:00:0d 7    731  [23,18,17,12,11,16,21]     00:00:00:00:00:0b    00:00:00:00:00:0d 8    731  [23,18,19,24,23,22,21]     00:00:00:00:00:0b    00:00:00:00:00:0d 9    731  [23,22,17,12,11,16,21]     00:00:00:00:00:0b    00:00:00:00:00:0d 10    731  [23,24,19,18,17,16,21]     00:00:00:00:00:0b    00:00:00:00:00:0d 11    731  [23,24,19,18,17,22,21]     00:00:00:00:00:0b    00:00:00:00:00:0d 12    731  [23,24,19,18,23,22,21]     00:00:00:00:00:0b    00:00:00:00:00:0d 13   1023  [23,18,13,8,7,6,11,16,21]     00:00:00:00:00:0b    00:00:00:00:00:0d 14   1023  [23,18,13,8,7,12,11,16,21]     00:00:00:00:00:0b    00:00:00:00:00:0d 15   1023  [23,18,13,8,7,12,17,16,21]  
# h00:00:00:00:00:0b -> h00:00:00:00:00:05
   00:00:00:00:00:0b    00:00:00:00:00:05 0    731  [23,18,13,8,3,4,5]     00:00:00:00:00:0b    00:00:00:00:00:05 1    731  [23,18,13,8,9,4,5]     00:00:00:00:00:0b    00:00:00:00:00:05 2    731  [23,18,13,8,9,10,5]     00:00:00:00:00:0b    00:00:00:00:00:05 3    731  [23,18,13,14,9,4,5]     00:00:00:00:00:0b    00:00:00:00:00:05 4    731  [23,18,13,14,9,10,5]     00:00:00:00:00:0b    00:00:00:00:00:05 5    731  [23,18,13,14,15,10,5]     00:00:00:00:00:0b    00:00:00:00:00:05 6    731  [23,18,19,14,9,4,5]     00:00:00:00:00:0b    00:00:00:00:00:05 7    731  [23,18,19,14,9,10,5]     00:00:00:00:00:0b    00:00:00:00:00:05 8    731  [23,18,19,14,15,10,5]     00:00:00:00:00:0b    00:00:00:00:00:05 9    731  [23,18,19,20,15,10,5]     00:00:00:00:00:0b    00:00:00:00:00:05 10    731  [23,24,19,14,9,4,5]     00:00:00:00:00:0b    00:00:00:00:00:05 11    731  [23,24,19,14,9,10,5]     00:00:00:00:00:0b    00:00:00:00:00:05 12    731  [23,24,19,14,15,10,5]     00:00:00:00:00:0b    00:00:00:00:00:05 13    731  [23,24,19,20,15,10,5]     00:00:00:00:00:0b    00:00:00:00:00:05 14    731  [23,24,25,20,15,10,5]     00:00:00:00:00:0b    00:00:00:00:00:05 15   1023  [23,18,13,8,3,4,9,10,5]  
# h00:00:00:00:00:0b -> h00:00:00:00:00:03
   00:00:00:00:00:0b    00:00:00:00:00:03 0    439  [23,18,13,8,3]     00:00:00:00:00:0b    00:00:00:00:00:03 1    731  [23,18,13,8,7,2,3]     00:00:00:00:00:0b    00:00:00:00:00:03 2    731  [23,18,13,8,9,4,3]     00:00:00:00:00:0b    00:00:00:00:00:03 3    731  [23,18,13,12,7,2,3]     00:00:00:00:00:0b    00:00:00:00:00:03 4    731  [23,18,13,12,7,8,3]     00:00:00:00:00:0b    00:00:00:00:00:03 5    731  [23,18,13,14,9,4,3]     00:00:00:00:00:0b    00:00:00:00:00:03 6    731  [23,18,13,14,9,8,3]     00:00:00:00:00:0b    00:00:00:00:00:03 7    731  [23,18,17,12,7,2,3]     00:00:00:00:00:0b    00:00:00:00:00:03 8    731  [23,18,17,12,7,8,3]     00:00:00:00:00:0b    00:00:00:00:00:03 9    731  [23,18,17,12,13,8,3]     00:00:00:00:00:0b    00:00:00:00:00:03 10    731  [23,18,19,14,9,4,3]     00:00:00:00:00:0b    00:00:00:00:00:03 11    731  [23,18,19,14,9,8,3]     00:00:00:00:00:0b    00:00:00:00:00:03 12    731  [23,18,19,14,13,8,3]     00:00:00:00:00:0b    00:00:00:00:00:03 13    731  [23,22,17,12,7,2,3]     00:00:00:00:00:0b    00:00:00:00:00:03 14    731  [23,22,17,12,7,8,3]     00:00:00:00:00:0b    00:00:00:00:00:03 15    731  [23,22,17,12,13,8,3]  
# h00:00:00:00:00:0b -> h00:00:00:00:00:0a
   00:00:00:00:00:0b    00:00:00:00:00:0a 0      0  [23,24]     00:00:00:00:00:0b    00:00:00:00:00:0a 1    293  [23,18,19,24]     00:00:00:00:00:0b    00:00:00:00:00:0a 2    585  [23,18,13,14,19,24]     00:00:00:00:00:0b    00:00:00:00:00:0a 3    585  [23,18,17,22,23,24]     00:00:00:00:00:0b    00:00:00:00:00:0a 4    585  [23,18,19,20,25,24]     00:00:00:00:00:0b    00:00:00:00:00:0a 5    585  [23,22,17,18,19,24]     00:00:00:00:00:0b    00:00:00:00:00:0a 6    585  [23,22,17,18,23,24]     00:00:00:00:00:0b    00:00:00:00:00:0a 7    877  [23,18,13,8,9,14,19,24]     00:00:00:00:00:0b    00:00:00:00:00:0a 8    877  [23,18,13,12,17,18,19,24]     00:00:00:00:00:0b    00:00:00:00:00:0a 9    877  [23,18,13,12,17,22,23,24]     00:00:00:00:00:0b    00:00:00:00:00:0a 10    877  [23,18,13,14,15,20,19,24]     00:00:00:00:00:0b    00:00:00:00:00:0a 11    877  [23,18,13,14,15,20,25,24]     00:00:00:00:00:0b    00:00:00:00:00:0a 12    877  [23,18,13,14,19,20,25,24]     00:00:00:00:00:0b    00:00:00:00:00:0a 13    877  [23,18,17,12,13,14,19,24]     00:00:00:00:00:0b    00:00:00:00:00:0a 14    877  [23,18,17,12,13,18,19,24]     00:00:00:00:00:0b    00:00:00:00:00:0a 15    877  [23,18,17,16,21,22,23,24]  
# h00:00:00:00:00:0b -> h00:00:00:00:00:07
   00:00:00:00:00:0b    00:00:00:00:00:07 0    439  [23,18,13,14,15]     00:00:00:00:00:0b    00:00:00:00:00:07 1    439  [23,18,19,14,15]     00:00:00:00:00:0b    00:00:00:00:00:07 2    439  [23,18,19,20,15]     00:00:00:00:00:0b    00:00:00:00:00:07 3    439  [23,24,19,14,15]     00:00:00:00:00:0b    00:00:00:00:00:07 4    439  [23,24,19,20,15]     00:00:00:00:00:0b    00:00:00:00:00:07 5    439  [23,24,25,20,15]     00:00:00:00:00:0b    00:00:00:00:00:07 6    731  [23,18,13,8,9,10,15]     00:00:00:00:00:0b    00:00:00:00:00:07 7    731  [23,18,13,8,9,14,15]     00:00:00:00:00:0b    00:00:00:00:00:07 8    731  [23,18,13,14,9,10,15]     00:00:00:00:00:0b    00:00:00:00:00:07 9    731  [23,18,13,14,19,20,15]     00:00:00:00:00:0b    00:00:00:00:00:07 10    731  [23,18,17,12,13,14,15]     00:00:00:00:00:0b    00:00:00:00:00:07 11    731  [23,18,19,14,9,10,15]     00:00:00:00:00:0b    00:00:00:00:00:07 12    731  [23,18,19,24,25,20,15]     00:00:00:00:00:0b    00:00:00:00:00:07 13    731  [23,22,17,12,13,14,15]     00:00:00:00:00:0b    00:00:00:00:00:07 14    731  [23,22,17,18,13,14,15]     00:00:00:00:00:0b    00:00:00:00:00:07 15    731  [23,22,17,18,19,14,15]  
# h00:00:00:00:00:0b -> h00:00:00:00:00:0c
   00:00:00:00:00:0b    00:00:00:00:00:0c 0      0  [23,22]     00:00:00:00:00:0b    00:00:00:00:00:0c 1    293  [23,18,17,22]     00:00:00:00:00:0b    00:00:00:00:00:0c 2    585  [23,18,13,12,17,22]     00:00:00:00:00:0b    00:00:00:00:00:0c 3    585  [23,18,17,16,21,22]     00:00:00:00:00:0b    00:00:00:00:00:0c 4    585  [23,18,19,24,23,22]     00:00:00:00:00:0b    00:00:00:00:00:0c 5    585  [23,24,19,18,17,22]     00:00:00:00:00:0b    00:00:00:00:00:0c 6    585  [23,24,19,18,23,22]     00:00:00:00:00:0b    00:00:00:00:00:0c 7    877  [23,18,13,8,7,12,17,22]     00:00:00:00:00:0b    00:00:00:00:00:0c 8    877  [23,18,13,12,11,16,17,22]     00:00:00:00:00:0b    00:00:00:00:00:0c 9    877  [23,18,13,12,11,16,21,22]     00:00:00:00:00:0b    00:00:00:00:00:0c 10    877  [23,18,13,12,17,16,21,22]     00:00:00:00:00:0b    00:00:00:00:00:0c 11    877  [23,18,13,14,19,18,17,22]     00:00:00:00:00:0b    00:00:00:00:00:0c 12    877  [23,18,13,14,19,24,23,22]     00:00:00:00:00:0b    00:00:00:00:00:0c 13    877  [23,18,17,12,11,16,21,22]     00:00:00:00:00:0b    00:00:00:00:00:0c 14    877  [23,18,17,12,11,16,17,22]     00:00:00:00:00:0b    00:00:00:00:00:0c 15    877  [23,18,17,16,11,12,17,22]  
# h00:00:00:00:00:0b -> h00:00:00:00:00:0e
   00:00:00:00:00:0b    00:00:00:00:00:0e 0    293  [23,18,17,16]     00:00:00:00:00:0b    00:00:00:00:00:0e 1    293  [23,22,17,16]     00:00:00:00:00:0b    00:00:00:00:00:0e 2    293  [23,22,21,16]     00:00:00:00:00:0b    00:00:00:00:00:0e 3    585  [23,18,13,12,11,16]     00:00:00:00:00:0b    00:00:00:00:00:0e 4    585  [23,18,13,12,17,16]     00:00:00:00:00:0b    00:00:00:00:00:0e 5    585  [23,18,17,12,11,16]     00:00:00:00:00:0b    00:00:00:00:00:0e 6    585  [23,18,17,22,21,16]     00:00:00:00:00:0b    00:00:00:00:00:0e 7    585  [23,22,17,12,11,16]     00:00:00:00:00:0b    00:00:00:00:00:0e 8    585  [23,24,19,18,17,16]     00:00:00:00:00:0b    00:00:00:00:00:0e 9    877  [23,18,13,8,7,6,11,16]     00:00:00:00:00:0b    00:00:00:00:00:0e 10    877  [23,18,13,8,7,12,11,16]     00:00:00:00:00:0b    00:00:00:00:00:0e 11    877  [23,18,13,8,7,12,17,16]     00:00:00:00:00:0b    00:00:00:00:00:0e 12    877  [23,18,13,12,7,6,11,16]     00:00:00:00:00:0b    00:00:00:00:00:0e 13    877  [23,18,13,12,17,22,21,16]     00:00:00:00:00:0b    00:00:00:00:00:0e 14    877  [23,18,13,14,19,18,17,16]     00:00:00:00:00:0b    00:00:00:00:00:0e 15    877  [23,18,17,12,7,6,11,16]  
# h00:00:00:00:00:0b -> h00:00:00:00:00:09
   00:00:00:00:00:0b    00:00:00:00:00:09 0    146  [23,24,25]     00:00:00:00:00:0b    00:00:00:00:00:09 1    439  [23,18,19,20,25]     00:00:00:00:00:0b    00:00:00:00:00:09 2    439  [23,18,19,24,25]     00:00:00:00:00:0b    00:00:00:00:00:09 3    439  [23,24,19,20,25]     00:00:00:00:00:0b    00:00:00:00:00:09 4    731  [23,18,13,14,15,20,25]     00:00:00:00:00:0b    00:00:00:00:00:09 5    731  [23,18,13,14,19,20,25]     00:00:00:00:00:0b    00:00:00:00:00:09 6    731  [23,18,13,14,19,24,25]     00:00:00:00:00:0b    00:00:00:00:00:09 7    731  [23,18,17,22,23,24,25]     00:00:00:00:00:0b    00:00:00:00:00:09 8    731  [23,18,19,14,15,20,25]     00:00:00:00:00:0b    00:00:00:00:00:09 9    731  [23,22,17,18,19,20,25]     00:00:00:00:00:0b    00:00:00:00:00:09 10    731  [23,22,17,18,19,24,25]     00:00:00:00:00:0b    00:00:00:00:00:09 11    731  [23,22,17,18,23,24,25]     00:00:00:00:00:0b    00:00:00:00:00:09 12    731  [23,24,19,14,15,20,25]     00:00:00:00:00:0b    00:00:00:00:00:09 13   1023  [23,18,13,8,9,10,15,20,25]     00:00:00:00:00:0b    00:00:00:00:00:09 14   1023  [23,18,13,8,9,14,15,20,25]     00:00:00:00:00:0b    00:00:00:00:00:09 15   1023  [23,18,13,8,9,14,19,20,25]  
# h00:00:00:00:00:0b -> h00:00:00:00:00:08
   00:00:00:00:00:0b    00:00:00:00:00:08 0    293  [23,18,19,20]     00:00:00:00:00:0b    00:00:00:00:00:08 1    293  [23,24,19,20]     00:00:00:00:00:0b    00:00:00:00:00:08 2    293  [23,24,25,20]     00:00:00:00:00:0b    00:00:00:00:00:08 3    585  [23,18,13,14,15,20]     00:00:00:00:00:0b    00:00:00:00:00:08 4    585  [23,18,13,14,19,20]     00:00:00:00:00:0b    00:00:00:00:00:08 5    585  [23,18,19,14,15,20]     00:00:00:00:00:0b    00:00:00:00:00:08 6    585  [23,18,19,24,25,20]     00:00:00:00:00:0b    00:00:00:00:00:08 7    585  [23,22,17,18,19,20]     00:00:00:00:00:0b    00:00:00:00:00:08 8    585  [23,24,19,14,15,20]     00:00:00:00:00:0b    00:00:00:00:00:08 9    877  [23,18,13,8,9,10,15,20]     00:00:00:00:00:0b    00:00:00:00:00:08 10    877  [23,18,13,8,9,14,15,20]     00:00:00:00:00:0b    00:00:00:00:00:08 11    877  [23,18,13,8,9,14,19,20]     00:00:00:00:00:0b    00:00:00:00:00:08 12    877  [23,18,13,12,17,18,19,20]     00:00:00:00:00:0b    00:00:00:00:00:08 13    877  [23,18,13,14,9,10,15,20]     00:00:00:00:00:0b    00:00:00:00:00:08 14    877  [23,18,13,14,19,24,25,20]     00:00:00:00:00:0b    00:00:00:00:00:08 15    877  [23,18,17,12,13,14,15,20]  
# h00:00:00:00:00:09 -> h00:00:00:00:00:01
   00:00:00:00:00:09    00:00:00:00:00:01 0   1023  [25,20,15,10,5,4,3,2,1]     00:00:00:00:00:09    00:00:00:00:00:01 1   1023  [25,20,15,10,9,4,3,2,1]     00:00:00:00:00:09    00:00:00:00:00:01 2   1023  [25,20,15,10,9,8,3,2,1]     00:00:00:00:00:09    00:00:00:00:00:01 3   1023  [25,20,15,10,9,8,7,2,1]     00:00:00:00:00:09    00:00:00:00:00:01 4   1023  [25,20,15,10,9,8,7,6,1]     00:00:00:00:00:09    00:00:00:00:00:01 5   1023  [25,20,15,14,9,4,3,2,1]     00:00:00:00:00:09    00:00:00:00:00:01 6   1023  [25,20,15,14,9,8,3,2,1]     00:00:00:00:00:09    00:00:00:00:00:01 7   1023  [25,20,15,14,9,8,7,2,1]     00:00:00:00:00:09    00:00:00:00:00:01 8   1023  [25,20,15,14,9,8,7,6,1]     00:00:00:00:00:09    00:00:00:00:00:01 9   1023  [25,20,15,14,13,8,3,2,1]     00:00:00:00:00:09    00:00:00:00:00:01 10   1023  [25,20,15,14,13,8,7,2,1]     00:00:00:00:00:09    00:00:00:00:00:01 11   1023  [25,20,15,14,13,8,7,6,1]     00:00:00:00:00:09    00:00:00:00:00:01 12   1023  [25,20,15,14,13,12,7,2,1]     00:00:00:00:00:09    00:00:00:00:00:01 13   1023  [25,20,15,14,13,12,7,6,1]     00:00:00:00:00:09    00:00:00:00:00:01 14   1023  [25,20,15,14,13,12,11,6,1]     00:00:00:00:00:09    00:00:00:00:00:01 15   1023  [25,20,19,14,9,4,3,2,1]  
# h00:00:00:00:00:09 -> h00:00:00:00:00:04
   00:00:00:00:00:09    00:00:00:00:00:04 0    585  [25,20,15,10,5,4]     00:00:00:00:00:09    00:00:00:00:00:04 1    585  [25,20,15,10,9,4]     00:00:00:00:00:09    00:00:00:00:00:04 2    585  [25,20,15,14,9,4]     00:00:00:00:00:09    00:00:00:00:00:04 3    585  [25,20,19,14,9,4]     00:00:00:00:00:09    00:00:00:00:00:04 4    585  [25,24,19,14,9,4]     00:00:00:00:00:09    00:00:00:00:00:04 5    877  [25,20,15,10,9,8,3,4]     00:00:00:00:00:09    00:00:00:00:00:04 6    877  [25,20,15,14,9,8,3,4]     00:00:00:00:00:09    00:00:00:00:00:04 7    877  [25,20,15,14,9,10,5,4]     00:00:00:00:00:09    00:00:00:00:00:04 8    877  [25,20,15,14,13,8,3,4]     00:00:00:00:00:09    00:00:00:00:00:04 9    877  [25,20,15,14,13,8,9,4]     00:00:00:00:00:09    00:00:00:00:00:04 10    877  [25,20,19,14,9,8,3,4]     00:00:00:00:00:09    00:00:00:00:00:04 11    877  [25,20,19,14,9,10,5,4]     00:00:00:00:00:09    00:00:00:00:00:04 12    877  [25,20,19,14,13,8,3,4]     00:00:00:00:00:09    00:00:00:00:00:04 13    877  [25,20,19,14,13,8,9,4]     00:00:00:00:00:09    00:00:00:00:00:04 14    877  [25,20,19,14,15,10,5,4]     00:00:00:00:00:09    00:00:00:00:00:04 15    877  [25,20,19,14,15,10,9,4]  
# h00:00:00:00:00:09 -> h00:00:00:00:00:02
   00:00:00:00:00:09    00:00:00:00:00:02 0    877  [25,20,15,10,5,4,3,2]     00:00:00:00:00:09    00:00:00:00:00:02 1    877  [25,20,15,10,9,4,3,2]     00:00:00:00:00:09    00:00:00:00:00:02 2    877  [25,20,15,10,9,8,3,2]     00:00:00:00:00:09    00:00:00:00:00:02 3    877  [25,20,15,10,9,8,7,2]     00:00:00:00:00:09    00:00:00:00:00:02 4    877  [25,20,15,14,9,4,3,2]     00:00:00:00:00:09    00:00:00:00:00:02 5    877  [25,20,15,14,9,8,3,2]     00:00:00:00:00:09    00:00:00:00:00:02 6    877  [25,20,15,14,9,8,7,2]     00:00:00:00:00:09    00:00:00:00:00:02 7    877  [25,20,15,14,13,8,3,2]     00:00:00:00:00:09    00:00:00:00:00:02 8    877  [25,20,15,14,13,8,7,2]     00:00:00:00:00:09    00:00:00:00:00:02 9    877  [25,20,15,14,13,12,7,2]     00:00:00:00:00:09    00:00:00:00:00:02 10    877  [25,20,19,14,9,4,3,2]     00:00:00:00:00:09    00:00:00:00:00:02 11    877  [25,20,19,14,9,8,3,2]     00:00:00:00:00:09    00:00:00:00:00:02 12    877  [25,20,19,14,9,8,7,2]     00:00:00:00:00:09    00:00:00:00:00:02 13    877  [25,20,19,14,13,8,3,2]     00:00:00:00:00:09    00:00:00:00:00:02 14    877  [25,20,19,14,13,8,7,2]     00:00:00:00:00:09    00:00:00:00:00:02 15    877  [25,20,19,14,13,12,7,2]  
# h00:00:00:00:00:09 -> h00:00:00:00:00:06
   00:00:00:00:00:09    00:00:00:00:00:06 0    293  [25,20,15,10]     00:00:00:00:00:09    00:00:00:00:00:06 1    585  [25,20,15,14,9,10]     00:00:00:00:00:09    00:00:00:00:00:06 2    585  [25,20,19,14,9,10]     00:00:00:00:00:09    00:00:00:00:00:06 3    585  [25,20,19,14,15,10]     00:00:00:00:00:09    00:00:00:00:00:06 4    585  [25,24,19,14,9,10]     00:00:00:00:00:09    00:00:00:00:00:06 5    585  [25,24,19,14,15,10]     00:00:00:00:00:09    00:00:00:00:00:06 6    585  [25,24,19,20,15,10]     00:00:00:00:00:09    00:00:00:00:00:06 7    877  [25,20,15,14,9,4,5,10]     00:00:00:00:00:09    00:00:00:00:00:06 8    877  [25,20,15,14,13,8,9,10]     00:00:00:00:00:09    00:00:00:00:00:06 9    877  [25,20,19,14,9,4,5,10]     00:00:00:00:00:09    00:00:00:00:00:06 10    877  [25,20,19,14,13,8,9,10]     00:00:00:00:00:09    00:00:00:00:00:06 11    877  [25,20,19,18,13,8,9,10]     00:00:00:00:00:09    00:00:00:00:00:06 12    877  [25,20,19,18,13,14,9,10]     00:00:00:00:00:09    00:00:00:00:00:06 13    877  [25,20,19,18,13,14,15,10]     00:00:00:00:00:09    00:00:00:00:00:06 14    877  [25,24,19,14,9,4,5,10]     00:00:00:00:00:09    00:00:00:00:00:06 15    877  [25,24,19,14,13,8,9,10]  
# h00:00:00:00:00:09 -> h00:00:00:00:00:10
   00:00:00:00:00:09    00:00:00:00:00:10 0    877  [25,20,15,10,9,8,7,6]     00:00:00:00:00:09    00:00:00:00:00:10 1    877  [25,20,15,14,9,8,7,6]     00:00:00:00:00:09    00:00:00:00:00:10 2    877  [25,20,15,14,13,8,7,6]     00:00:00:00:00:09    00:00:00:00:00:10 3    877  [25,20,15,14,13,12,7,6]     00:00:00:00:00:09    00:00:00:00:00:10 4    877  [25,20,15,14,13,12,11,6]     00:00:00:00:00:09    00:00:00:00:00:10 5    877  [25,20,19,14,9,8,7,6]     00:00:00:00:00:09    00:00:00:00:00:10 6    877  [25,20,19,14,13,8,7,6]     00:00:00:00:00:09    00:00:00:00:00:10 7    877  [25,20,19,14,13,12,7,6]     00:00:00:00:00:09    00:00:00:00:00:10 8    877  [25,20,19,14,13,12,11,6]     00:00:00:00:00:09    00:00:00:00:00:10 9    877  [25,20,19,18,13,8,7,6]     00:00:00:00:00:09    00:00:00:00:00:10 10    877  [25,20,19,18,13,12,7,6]     00:00:00:00:00:09    00:00:00:00:00:10 11    877  [25,20,19,18,13,12,11,6]     00:00:00:00:00:09    00:00:00:00:00:10 12    877  [25,20,19,18,17,12,7,6]     00:00:00:00:00:09    00:00:00:00:00:10 13    877  [25,20,19,18,17,12,11,6]     00:00:00:00:00:09    00:00:00:00:00:10 14    877  [25,20,19,18,17,16,11,6]     00:00:00:00:00:09    00:00:00:00:00:10 15    877  [25,24,19,14,9,8,7,6]  
# h00:00:00:00:00:09 -> h00:00:00:00:00:0f
   00:00:00:00:00:09    00:00:00:00:00:0f 0    731  [25,20,15,14,13,12,11]     00:00:00:00:00:09    00:00:00:00:00:0f 1    731  [25,20,19,14,13,12,11]     00:00:00:00:00:09    00:00:00:00:00:0f 2    731  [25,20,19,18,13,12,11]     00:00:00:00:00:09    00:00:00:00:00:0f 3    731  [25,20,19,18,17,12,11]     00:00:00:00:00:09    00:00:00:00:00:0f 4    731  [25,20,19,18,17,16,11]     00:00:00:00:00:09    00:00:00:00:00:0f 5    731  [25,24,19,14,13,12,11]     00:00:00:00:00:09    00:00:00:00:00:0f 6    731  [25,24,19,18,13,12,11]     00:00:00:00:00:09    00:00:00:00:00:0f 7    731  [25,24,19,18,17,12,11]     00:00:00:00:00:09    00:00:00:00:00:0f 8    731  [25,24,19,18,17,16,11]     00:00:00:00:00:09    00:00:00:00:00:0f 9    731  [25,24,23,18,13,12,11]     00:00:00:00:00:09    00:00:00:00:00:0f 10    731  [25,24,23,18,17,12,11]     00:00:00:00:00:09    00:00:00:00:00:0f 11    731  [25,24,23,18,17,16,11]     00:00:00:00:00:09    00:00:00:00:00:0f 12    731  [25,24,23,22,17,12,11]     00:00:00:00:00:09    00:00:00:00:00:0f 13    731  [25,24,23,22,17,16,11]     00:00:00:00:00:09    00:00:00:00:00:0f 14    731  [25,24,23,22,21,16,11]     00:00:00:00:00:09    00:00:00:00:00:0f 15   1023  [25,20,15,10,9,8,7,6,11]  
# h00:00:00:00:00:09 -> h00:00:00:00:00:0d
   00:00:00:00:00:09    00:00:00:00:00:0d 0    439  [25,24,23,22,21]     00:00:00:00:00:09    00:00:00:00:00:0d 1    731  [25,20,19,18,17,16,21]     00:00:00:00:00:09    00:00:00:00:00:0d 2    731  [25,20,19,18,17,22,21]     00:00:00:00:00:09    00:00:00:00:00:0d 3    731  [25,20,19,18,23,22,21]     00:00:00:00:00:09    00:00:00:00:00:0d 4    731  [25,20,19,24,23,22,21]     00:00:00:00:00:09    00:00:00:00:00:0d 5    731  [25,24,19,18,17,16,21]     00:00:00:00:00:09    00:00:00:00:00:0d 6    731  [25,24,19,18,17,22,21]     00:00:00:00:00:09    00:00:00:00:00:0d 7    731  [25,24,19,18,23,22,21]     00:00:00:00:00:09    00:00:00:00:00:0d 8    731  [25,24,23,18,17,16,21]     00:00:00:00:00:09    00:00:00:00:00:0d 9    731  [25,24,23,18,17,22,21]     00:00:00:00:00:09    00:00:00:00:00:0d 10    731  [25,24,23,22,17,16,21]     00:00:00:00:00:09    00:00:00:00:00:0d 11   1023  [25,20,15,14,13,12,11,16,21]     00:00:00:00:00:09    00:00:00:00:00:0d 12   1023  [25,20,15,14,13,12,17,16,21]     00:00:00:00:00:09    00:00:00:00:00:0d 13   1023  [25,20,15,14,13,12,17,22,21]     00:00:00:00:00:09    00:00:00:00:00:0d 14   1023  [25,20,15,14,13,18,17,16,21]     00:00:00:00:00:09    00:00:00:00:00:0d 15   1023  [25,20,15,14,13,18,17,22,21]  
# h00:00:00:00:00:09 -> h00:00:00:00:00:05
   00:00:00:00:00:09    00:00:00:00:00:05 0    439  [25,20,15,10,5]     00:00:00:00:00:09    00:00:00:00:00:05 1    731  [25,20,15,10,9,4,5]     00:00:00:00:00:09    00:00:00:00:00:05 2    731  [25,20,15,14,9,4,5]     00:00:00:00:00:09    00:00:00:00:00:05 3    731  [25,20,15,14,9,10,5]     00:00:00:00:00:09    00:00:00:00:00:05 4    731  [25,20,19,14,9,4,5]     00:00:00:00:00:09    00:00:00:00:00:05 5    731  [25,20,19,14,9,10,5]     00:00:00:00:00:09    00:00:00:00:00:05 6    731  [25,20,19,14,15,10,5]     00:00:00:00:00:09    00:00:00:00:00:05 7    731  [25,24,19,14,9,4,5]     00:00:00:00:00:09    00:00:00:00:00:05 8    731  [25,24,19,14,9,10,5]     00:00:00:00:00:09    00:00:00:00:00:05 9    731  [25,24,19,14,15,10,5]     00:00:00:00:00:09    00:00:00:00:00:05 10    731  [25,24,19,20,15,10,5]     00:00:00:00:00:09    00:00:00:00:00:05 11   1023  [25,20,15,10,9,8,3,4,5]     00:00:00:00:00:09    00:00:00:00:00:05 12   1023  [25,20,15,14,9,8,3,4,5]     00:00:00:00:00:09    00:00:00:00:00:05 13   1023  [25,20,15,14,13,8,3,4,5]     00:00:00:00:00:09    00:00:00:00:00:05 14   1023  [25,20,15,14,13,8,9,4,5]     00:00:00:00:00:09    00:00:00:00:00:05 15   1023  [25,20,15,14,13,8,9,10,5]  
# h00:00:00:00:00:09 -> h00:00:00:00:00:03
   00:00:00:00:00:09    00:00:00:00:00:03 0    731  [25,20,15,10,5,4,3]     00:00:00:00:00:09    00:00:00:00:00:03 1    731  [25,20,15,10,9,4,3]     00:00:00:00:00:09    00:00:00:00:00:03 2    731  [25,20,15,10,9,8,3]     00:00:00:00:00:09    00:00:00:00:00:03 3    731  [25,20,15,14,9,4,3]     00:00:00:00:00:09    00:00:00:00:00:03 4    731  [25,20,15,14,9,8,3]     00:00:00:00:00:09    00:00:00:00:00:03 5    731  [25,20,15,14,13,8,3]     00:00:00:00:00:09    00:00:00:00:00:03 6    731  [25,20,19,14,9,4,3]     00:00:00:00:00:09    00:00:00:00:00:03 7    731  [25,20,19,14,9,8,3]     00:00:00:00:00:09    00:00:00:00:00:03 8    731  [25,20,19,14,13,8,3]     00:00:00:00:00:09    00:00:00:00:00:03 9    731  [25,20,19,18,13,8,3]     00:00:00:00:00:09    00:00:00:00:00:03 10    731  [25,24,19,14,9,4,3]     00:00:00:00:00:09    00:00:00:00:00:03 11    731  [25,24,19,14,9,8,3]     00:00:00:00:00:09    00:00:00:00:00:03 12    731  [25,24,19,14,13,8,3]     00:00:00:00:00:09    00:00:00:00:00:03 13    731  [25,24,19,18,13,8,3]     00:00:00:00:00:09    00:00:00:00:00:03 14    731  [25,24,23,18,13,8,3]     00:00:00:00:00:09    00:00:00:00:00:03 15   1023  [25,20,15,10,5,4,9,8,3]  
# h00:00:00:00:00:09 -> h00:00:00:00:00:0a
   00:00:00:00:00:09    00:00:00:00:00:0a 0      0  [25,24]     00:00:00:00:00:09    00:00:00:00:00:0a 1    293  [25,20,19,24]     00:00:00:00:00:09    00:00:00:00:00:0a 2    585  [25,20,15,14,19,24]     00:00:00:00:00:09    00:00:00:00:00:0a 3    585  [25,20,19,18,23,24]     00:00:00:00:00:09    00:00:00:00:00:0a 4    877  [25,20,15,10,9,14,19,24]     00:00:00:00:00:09    00:00:00:00:00:0a 5    877  [25,20,15,14,13,18,19,24]     00:00:00:00:00:09    00:00:00:00:00:0a 6    877  [25,20,15,14,13,18,23,24]     00:00:00:00:00:09    00:00:00:00:00:0a 7    877  [25,20,15,14,19,18,23,24]     00:00:00:00:00:09    00:00:00:00:00:0a 8    877  [25,20,19,14,13,18,23,24]     00:00:00:00:00:09    00:00:00:00:00:0a 9    877  [25,20,19,14,13,18,19,24]     00:00:00:00:00:09    00:00:00:00:00:0a 10    877  [25,20,19,18,13,14,19,24]     00:00:00:00:00:09    00:00:00:00:00:0a 11    877  [25,20,19,18,17,22,23,24]     00:00:00:00:00:09    00:00:00:00:00:0a 12   1170  [25,20,15,10,5,4,9,14,19,24]     00:00:00:00:00:09    00:00:00:00:00:0a 13   1170  [25,20,15,10,9,8,13,14,19,24]     00:00:00:00:00:09    00:00:00:00:00:0a 14   1170  [25,20,15,10,9,8,13,18,19,24]     00:00:00:00:00:09    00:00:00:00:00:0a 15   1170  [25,20,15,10,9,8,13,18,23,24]  
# h00:00:00:00:00:09 -> h00:00:00:00:00:07
   00:00:00:00:00:09    00:00:00:00:00:07 0    146  [25,20,15]     00:00:00:00:00:09    00:00:00:00:00:07 1    439  [25,20,19,14,15]     00:00:00:00:00:09    00:00:00:00:00:07 2    439  [25,24,19,14,15]     00:00:00:00:00:09    00:00:00:00:00:07 3    439  [25,24,19,20,15]     00:00:00:00:00:09    00:00:00:00:00:07 4    731  [25,20,19,14,9,10,15]     00:00:00:00:00:09    00:00:00:00:00:07 5    731  [25,20,19,18,13,14,15]     00:00:00:00:00:09    00:00:00:00:00:07 6    731  [25,24,19,14,9,10,15]     00:00:00:00:00:09    00:00:00:00:00:07 7    731  [25,24,19,18,13,14,15]     00:00:00:00:00:09    00:00:00:00:00:07 8    731  [25,24,23,18,13,14,15]     00:00:00:00:00:09    00:00:00:00:00:07 9    731  [25,24,23,18,19,14,15]     00:00:00:00:00:09    00:00:00:00:00:07 10    731  [25,24,23,18,19,20,15]     00:00:00:00:00:09    00:00:00:00:00:07 11   1023  [25,20,19,14,9,4,5,10,15]     00:00:00:00:00:09    00:00:00:00:00:07 12   1023  [25,20,19,14,9,8,13,14,15]     00:00:00:00:00:09    00:00:00:00:00:07 13   1023  [25,20,19,14,13,8,9,10,15]     00:00:00:00:00:09    00:00:00:00:00:07 14   1023  [25,20,19,14,13,8,9,14,15]     00:00:00:00:00:09    00:00:00:00:00:07 15   1023  [25,20,19,18,13,8,9,10,15]  
# h00:00:00:00:00:09 -> h00:00:00:00:00:0c
   00:00:00:00:00:09    00:00:00:00:00:0c 0    293  [25,24,23,22]     00:00:00:00:00:09    00:00:00:00:00:0c 1    585  [25,20,19,18,17,22]     00:00:00:00:00:09    00:00:00:00:00:0c 2    585  [25,20,19,18,23,22]     00:00:00:00:00:09    00:00:00:00:00:0c 3    585  [25,20,19,24,23,22]     00:00:00:00:00:09    00:00:00:00:00:0c 4    585  [25,24,19,18,17,22]     00:00:00:00:00:09    00:00:00:00:00:0c 5    585  [25,24,19,18,23,22]     00:00:00:00:00:09    00:00:00:00:00:0c 6    585  [25,24,23,18,17,22]     00:00:00:00:00:09    00:00:00:00:00:0c 7    877  [25,20,15,14,13,12,17,22]     00:00:00:00:00:09    00:00:00:00:00:0c 8    877  [25,20,15,14,13,18,17,22]     00:00:00:00:00:09    00:00:00:00:00:0c 9    877  [25,20,15,14,13,18,23,22]     00:00:00:00:00:09    00:00:00:00:00:0c 10    877  [25,20,15,14,19,18,17,22]     00:00:00:00:00:09    00:00:00:00:00:0c 11    877  [25,20,15,14,19,18,23,22]     00:00:00:00:00:09    00:00:00:00:00:0c 12    877  [25,20,15,14,19,24,23,22]     00:00:00:00:00:09    00:00:00:00:00:0c 13    877  [25,20,19,14,13,12,17,22]     00:00:00:00:00:09    00:00:00:00:00:0c 14    877  [25,20,19,14,13,18,17,22]     00:00:00:00:00:09    00:00:00:00:00:0c 15    877  [25,20,19,14,13,18,23,22]  
# h00:00:00:00:00:09 -> h00:00:00:00:00:0e
   00:00:00:00:00:09    00:00:00:00:00:0e 0    585  [25,20,19,18,17,16]     00:00:00:00:00:09    00:00:00:00:00:0e 1    585  [25,24,19,18,17,16]     00:00:00:00:00:09    00:00:00:00:00:0e 2    585  [25,24,23,18,17,16]     00:00:00:00:00:09    00:00:00:00:00:0e 3    585  [25,24,23,22,17,16]     00:00:00:00:00:09    00:00:00:00:00:0e 4    585  [25,24,23,22,21,16]     00:00:00:00:00:09    00:00:00:00:00:0e 5    877  [25,20,15,14,13,12,11,16]     00:00:00:00:00:09    00:00:00:00:00:0e 6    877  [25,20,15,14,13,12,17,16]     00:00:00:00:00:09    00:00:00:00:00:0e 7    877  [25,20,15,14,13,18,17,16]     00:00:00:00:00:09    00:00:00:00:00:0e 8    877  [25,20,15,14,19,18,17,16]     00:00:00:00:00:09    00:00:00:00:00:0e 9    877  [25,20,19,14,13,12,11,16]     00:00:00:00:00:09    00:00:00:00:00:0e 10    877  [25,20,19,14,13,12,17,16]     00:00:00:00:00:09    00:00:00:00:00:0e 11    877  [25,20,19,14,13,18,17,16]     00:00:00:00:00:09    00:00:00:00:00:0e 12    877  [25,20,19,18,13,12,11,16]     00:00:00:00:00:09    00:00:00:00:00:0e 13    877  [25,20,19,18,13,12,17,16]     00:00:00:00:00:09    00:00:00:00:00:0e 14    877  [25,20,19,18,17,12,11,16]     00:00:00:00:00:09    00:00:00:00:00:0e 15    877  [25,20,19,18,17,22,21,16]  
# h00:00:00:00:00:09 -> h00:00:00:00:00:0b
   00:00:00:00:00:09    00:00:00:00:00:0b 0    146  [25,24,23]     00:00:00:00:00:09    00:00:00:00:00:0b 1    439  [25,20,19,18,23]     00:00:00:00:00:09    00:00:00:00:00:0b 2    439  [25,20,19,24,23]     00:00:00:00:00:09    00:00:00:00:00:0b 3    439  [25,24,19,18,23]     00:00:00:00:00:09    00:00:00:00:00:0b 4    731  [25,20,15,14,13,18,23]     00:00:00:00:00:09    00:00:00:00:00:0b 5    731  [25,20,15,14,19,18,23]     00:00:00:00:00:09    00:00:00:00:00:0b 6    731  [25,20,15,14,19,24,23]     00:00:00:00:00:09    00:00:00:00:00:0b 7    731  [25,20,19,14,13,18,23]     00:00:00:00:00:09    00:00:00:00:00:0b 8    731  [25,20,19,18,17,22,23]     00:00:00:00:00:09    00:00:00:00:00:0b 9    731  [25,24,19,14,13,18,23]     00:00:00:00:00:09    00:00:00:00:00:0b 10    731  [25,24,19,18,17,22,23]     00:00:00:00:00:09    00:00:00:00:00:0b 11   1023  [25,20,15,10,9,8,13,18,23]     00:00:00:00:00:09    00:00:00:00:00:0b 12   1023  [25,20,15,10,9,14,13,18,23]     00:00:00:00:00:09    00:00:00:00:00:0b 13   1023  [25,20,15,10,9,14,19,18,23]     00:00:00:00:00:09    00:00:00:00:00:0b 14   1023  [25,20,15,10,9,14,19,24,23]     00:00:00:00:00:09    00:00:00:00:00:0b 15   1023  [25,20,15,14,9,8,13,18,23]  
# h00:00:00:00:00:09 -> h00:00:00:00:00:08
   00:00:00:00:00:09    00:00:00:00:00:08 0      0  [25,20]     00:00:00:00:00:09    00:00:00:00:00:08 1    293  [25,24,19,20]     00:00:00:00:00:09    00:00:00:00:00:08 2    585  [25,24,19,14,15,20]     00:00:00:00:00:09    00:00:00:00:00:08 3    585  [25,24,23,18,19,20]     00:00:00:00:00:09    00:00:00:00:00:08 4    877  [25,24,19,14,9,10,15,20]     00:00:00:00:00:09    00:00:00:00:00:08 5    877  [25,24,19,14,13,18,19,20]     00:00:00:00:00:09    00:00:00:00:00:08 6    877  [25,24,19,18,13,14,15,20]     00:00:00:00:00:09    00:00:00:00:00:08 7    877  [25,24,19,18,13,14,19,20]     00:00:00:00:00:09    00:00:00:00:00:08 8    877  [25,24,23,18,13,14,15,20]     00:00:00:00:00:09    00:00:00:00:00:08 9    877  [25,24,23,18,13,14,19,20]     00:00:00:00:00:09    00:00:00:00:00:08 10    877  [25,24,23,18,19,14,15,20]     00:00:00:00:00:09    00:00:00:00:00:08 11    877  [25,24,23,22,17,18,19,20]     00:00:00:00:00:09    00:00:00:00:00:08 12   1170  [25,24,19,14,9,4,5,10,15,20]     00:00:00:00:00:09    00:00:00:00:00:08 13   1170  [25,24,19,14,9,8,13,14,15,20]     00:00:00:00:00:09    00:00:00:00:00:08 14   1170  [25,24,19,14,9,8,13,18,19,20]     00:00:00:00:00:09    00:00:00:00:00:08 15   1170  [25,24,19,14,13,8,9,10,15,20]  
# h00:00:00:00:00:08 -> h00:00:00:00:00:01
   00:00:00:00:00:08    00:00:00:00:00:01 0    877  [20,15,10,5,4,3,2,1]     00:00:00:00:00:08    00:00:00:00:00:01 1    877  [20,15,10,9,4,3,2,1]     00:00:00:00:00:08    00:00:00:00:00:01 2    877  [20,15,10,9,8,3,2,1]     00:00:00:00:00:08    00:00:00:00:00:01 3    877  [20,15,10,9,8,7,2,1]     00:00:00:00:00:08    00:00:00:00:00:01 4    877  [20,15,10,9,8,7,6,1]     00:00:00:00:00:08    00:00:00:00:00:01 5    877  [20,15,14,9,4,3,2,1]     00:00:00:00:00:08    00:00:00:00:00:01 6    877  [20,15,14,9,8,3,2,1]     00:00:00:00:00:08    00:00:00:00:00:01 7    877  [20,15,14,9,8,7,2,1]     00:00:00:00:00:08    00:00:00:00:00:01 8    877  [20,15,14,9,8,7,6,1]     00:00:00:00:00:08    00:00:00:00:00:01 9    877  [20,15,14,13,8,3,2,1]     00:00:00:00:00:08    00:00:00:00:00:01 10    877  [20,15,14,13,8,7,2,1]     00:00:00:00:00:08    00:00:00:00:00:01 11    877  [20,15,14,13,8,7,6,1]     00:00:00:00:00:08    00:00:00:00:00:01 12    877  [20,15,14,13,12,7,2,1]     00:00:00:00:00:08    00:00:00:00:00:01 13    877  [20,15,14,13,12,7,6,1]     00:00:00:00:00:08    00:00:00:00:00:01 14    877  [20,15,14,13,12,11,6,1]     00:00:00:00:00:08    00:00:00:00:00:01 15    877  [20,19,14,9,4,3,2,1]  
# h00:00:00:00:00:08 -> h00:00:00:00:00:04
   00:00:00:00:00:08    00:00:00:00:00:04 0    439  [20,15,10,5,4]     00:00:00:00:00:08    00:00:00:00:00:04 1    439  [20,15,10,9,4]     00:00:00:00:00:08    00:00:00:00:00:04 2    439  [20,15,14,9,4]     00:00:00:00:00:08    00:00:00:00:00:04 3    439  [20,19,14,9,4]     00:00:00:00:00:08    00:00:00:00:00:04 4    731  [20,15,10,9,8,3,4]     00:00:00:00:00:08    00:00:00:00:00:04 5    731  [20,15,14,9,8,3,4]     00:00:00:00:00:08    00:00:00:00:00:04 6    731  [20,15,14,9,10,5,4]     00:00:00:00:00:08    00:00:00:00:00:04 7    731  [20,15,14,13,8,3,4]     00:00:00:00:00:08    00:00:00:00:00:04 8    731  [20,15,14,13,8,9,4]     00:00:00:00:00:08    00:00:00:00:00:04 9    731  [20,19,14,9,8,3,4]     00:00:00:00:00:08    00:00:00:00:00:04 10    731  [20,19,14,9,10,5,4]     00:00:00:00:00:08    00:00:00:00:00:04 11    731  [20,19,14,13,8,3,4]     00:00:00:00:00:08    00:00:00:00:00:04 12    731  [20,19,14,13,8,9,4]     00:00:00:00:00:08    00:00:00:00:00:04 13    731  [20,19,14,15,10,5,4]     00:00:00:00:00:08    00:00:00:00:00:04 14    731  [20,19,14,15,10,9,4]     00:00:00:00:00:08    00:00:00:00:00:04 15    731  [20,19,18,13,8,3,4]  
# h00:00:00:00:00:08 -> h00:00:00:00:00:02
   00:00:00:00:00:08    00:00:00:00:00:02 0    731  [20,15,10,5,4,3,2]     00:00:00:00:00:08    00:00:00:00:00:02 1    731  [20,15,10,9,4,3,2]     00:00:00:00:00:08    00:00:00:00:00:02 2    731  [20,15,10,9,8,3,2]     00:00:00:00:00:08    00:00:00:00:00:02 3    731  [20,15,10,9,8,7,2]     00:00:00:00:00:08    00:00:00:00:00:02 4    731  [20,15,14,9,4,3,2]     00:00:00:00:00:08    00:00:00:00:00:02 5    731  [20,15,14,9,8,3,2]     00:00:00:00:00:08    00:00:00:00:00:02 6    731  [20,15,14,9,8,7,2]     00:00:00:00:00:08    00:00:00:00:00:02 7    731  [20,15,14,13,8,3,2]     00:00:00:00:00:08    00:00:00:00:00:02 8    731  [20,15,14,13,8,7,2]     00:00:00:00:00:08    00:00:00:00:00:02 9    731  [20,15,14,13,12,7,2]     00:00:00:00:00:08    00:00:00:00:00:02 10    731  [20,19,14,9,4,3,2]     00:00:00:00:00:08    00:00:00:00:00:02 11    731  [20,19,14,9,8,3,2]     00:00:00:00:00:08    00:00:00:00:00:02 12    731  [20,19,14,9,8,7,2]     00:00:00:00:00:08    00:00:00:00:00:02 13    731  [20,19,14,13,8,3,2]     00:00:00:00:00:08    00:00:00:00:00:02 14    731  [20,19,14,13,8,7,2]     00:00:00:00:00:08    00:00:00:00:00:02 15    731  [20,19,14,13,12,7,2]  
# h00:00:00:00:00:08 -> h00:00:00:00:00:06
   00:00:00:00:00:08    00:00:00:00:00:06 0    146  [20,15,10]     00:00:00:00:00:08    00:00:00:00:00:06 1    439  [20,15,14,9,10]     00:00:00:00:00:08    00:00:00:00:00:06 2    439  [20,19,14,9,10]     00:00:00:00:00:08    00:00:00:00:00:06 3    439  [20,19,14,15,10]     00:00:00:00:00:08    00:00:00:00:00:06 4    731  [20,15,14,9,4,5,10]     00:00:00:00:00:08    00:00:00:00:00:06 5    731  [20,15,14,13,8,9,10]     00:00:00:00:00:08    00:00:00:00:00:06 6    731  [20,19,14,9,4,5,10]     00:00:00:00:00:08    00:00:00:00:00:06 7    731  [20,19,14,13,8,9,10]     00:00:00:00:00:08    00:00:00:00:00:06 8    731  [20,19,18,13,8,9,10]     00:00:00:00:00:08    00:00:00:00:00:06 9    731  [20,19,18,13,14,9,10]     00:00:00:00:00:08    00:00:00:00:00:06 10    731  [20,19,18,13,14,15,10]     00:00:00:00:00:08    00:00:00:00:00:06 11    731  [20,19,24,25,20,15,10]     00:00:00:00:00:08    00:00:00:00:00:06 12    731  [20,25,24,19,14,9,10]     00:00:00:00:00:08    00:00:00:00:00:06 13    731  [20,25,24,19,14,15,10]     00:00:00:00:00:08    00:00:00:00:00:06 14    731  [20,25,24,19,20,15,10]     00:00:00:00:00:08    00:00:00:00:00:06 15   1023  [20,15,14,9,4,3,8,9,10]  
# h00:00:00:00:00:08 -> h00:00:00:00:00:10
   00:00:00:00:00:08    00:00:00:00:00:10 0    731  [20,15,10,9,8,7,6]     00:00:00:00:00:08    00:00:00:00:00:10 1    731  [20,15,14,9,8,7,6]     00:00:00:00:00:08    00:00:00:00:00:10 2    731  [20,15,14,13,8,7,6]     00:00:00:00:00:08    00:00:00:00:00:10 3    731  [20,15,14,13,12,7,6]     00:00:00:00:00:08    00:00:00:00:00:10 4    731  [20,15,14,13,12,11,6]     00:00:00:00:00:08    00:00:00:00:00:10 5    731  [20,19,14,9,8,7,6]     00:00:00:00:00:08    00:00:00:00:00:10 6    731  [20,19,14,13,8,7,6]     00:00:00:00:00:08    00:00:00:00:00:10 7    731  [20,19,14,13,12,7,6]     00:00:00:00:00:08    00:00:00:00:00:10 8    731  [20,19,14,13,12,11,6]     00:00:00:00:00:08    00:00:00:00:00:10 9    731  [20,19,18,13,8,7,6]     00:00:00:00:00:08    00:00:00:00:00:10 10    731  [20,19,18,13,12,7,6]     00:00:00:00:00:08    00:00:00:00:00:10 11    731  [20,19,18,13,12,11,6]     00:00:00:00:00:08    00:00:00:00:00:10 12    731  [20,19,18,17,12,7,6]     00:00:00:00:00:08    00:00:00:00:00:10 13    731  [20,19,18,17,12,11,6]     00:00:00:00:00:08    00:00:00:00:00:10 14    731  [20,19,18,17,16,11,6]     00:00:00:00:00:08    00:00:00:00:00:10 15   1023  [20,15,10,5,4,3,2,1,6]  
# h00:00:00:00:00:08 -> h00:00:00:00:00:0f
   00:00:00:00:00:08    00:00:00:00:00:0f 0    585  [20,15,14,13,12,11]     00:00:00:00:00:08    00:00:00:00:00:0f 1    585  [20,19,14,13,12,11]     00:00:00:00:00:08    00:00:00:00:00:0f 2    585  [20,19,18,13,12,11]     00:00:00:00:00:08    00:00:00:00:00:0f 3    585  [20,19,18,17,12,11]     00:00:00:00:00:08    00:00:00:00:00:0f 4    585  [20,19,18,17,16,11]     00:00:00:00:00:08    00:00:00:00:00:0f 5    877  [20,15,10,9,8,7,6,11]     00:00:00:00:00:08    00:00:00:00:00:0f 6    877  [20,15,10,9,8,7,12,11]     00:00:00:00:00:08    00:00:00:00:00:0f 7    877  [20,15,10,9,8,13,12,11]     00:00:00:00:00:08    00:00:00:00:00:0f 8    877  [20,15,10,9,14,13,12,11]     00:00:00:00:00:08    00:00:00:00:00:0f 9    877  [20,15,14,9,8,7,6,11]     00:00:00:00:00:08    00:00:00:00:00:0f 10    877  [20,15,14,9,8,7,12,11]     00:00:00:00:00:08    00:00:00:00:00:0f 11    877  [20,15,14,9,8,13,12,11]     00:00:00:00:00:08    00:00:00:00:00:0f 12    877  [20,15,14,13,8,7,6,11]     00:00:00:00:00:08    00:00:00:00:00:0f 13    877  [20,15,14,13,8,7,12,11]     00:00:00:00:00:08    00:00:00:00:00:0f 14    877  [20,15,14,13,12,7,6,11]     00:00:00:00:00:08    00:00:00:00:00:0f 15    877  [20,15,14,13,12,17,16,11]  
# h00:00:00:00:00:08 -> h00:00:00:00:00:0d
   00:00:00:00:00:08    00:00:00:00:00:0d 0    585  [20,19,18,17,16,21]     00:00:00:00:00:08    00:00:00:00:00:0d 1    585  [20,19,18,17,22,21]     00:00:00:00:00:08    00:00:00:00:00:0d 2    585  [20,19,18,23,22,21]     00:00:00:00:00:08    00:00:00:00:00:0d 3    585  [20,19,24,23,22,21]     00:00:00:00:00:08    00:00:00:00:00:0d 4    585  [20,25,24,23,22,21]     00:00:00:00:00:08    00:00:00:00:00:0d 5    877  [20,15,14,13,12,11,16,21]     00:00:00:00:00:08    00:00:00:00:00:0d 6    877  [20,15,14,13,12,17,16,21]     00:00:00:00:00:08    00:00:00:00:00:0d 7    877  [20,15,14,13,12,17,22,21]     00:00:00:00:00:08    00:00:00:00:00:0d 8    877  [20,15,14,13,18,17,16,21]     00:00:00:00:00:08    00:00:00:00:00:0d 9    877  [20,15,14,13,18,17,22,21]     00:00:00:00:00:08    00:00:00:00:00:0d 10    877  [20,15,14,13,18,23,22,21]     00:00:00:00:00:08    00:00:00:00:00:0d 11    877  [20,15,14,19,18,17,16,21]     00:00:00:00:00:08    00:00:00:00:00:0d 12    877  [20,15,14,19,18,17,22,21]     00:00:00:00:00:08    00:00:00:00:00:0d 13    877  [20,15,14,19,18,23,22,21]     00:00:00:00:00:08    00:00:00:00:00:0d 14    877  [20,15,14,19,24,23,22,21]     00:00:00:00:00:08    00:00:00:00:00:0d 15    877  [20,19,14,13,12,11,16,21]  
# h00:00:00:00:00:08 -> h00:00:00:00:00:05
   00:00:00:00:00:08    00:00:00:00:00:05 0    293  [20,15,10,5]     00:00:00:00:00:08    00:00:00:00:00:05 1    585  [20,15,10,9,4,5]     00:00:00:00:00:08    00:00:00:00:00:05 2    585  [20,15,14,9,4,5]     00:00:00:00:00:08    00:00:00:00:00:05 3    585  [20,15,14,9,10,5]     00:00:00:00:00:08    00:00:00:00:00:05 4    585  [20,19,14,9,4,5]     00:00:00:00:00:08    00:00:00:00:00:05 5    585  [20,19,14,9,10,5]     00:00:00:00:00:08    00:00:00:00:00:05 6    585  [20,19,14,15,10,5]     00:00:00:00:00:08    00:00:00:00:00:05 7    877  [20,15,10,9,8,3,4,5]     00:00:00:00:00:08    00:00:00:00:00:05 8    877  [20,15,14,9,8,3,4,5]     00:00:00:00:00:08    00:00:00:00:00:05 9    877  [20,15,14,13,8,3,4,5]     00:00:00:00:00:08    00:00:00:00:00:05 10    877  [20,15,14,13,8,9,4,5]     00:00:00:00:00:08    00:00:00:00:00:05 11    877  [20,15,14,13,8,9,10,5]     00:00:00:00:00:08    00:00:00:00:00:05 12    877  [20,19,14,9,8,3,4,5]     00:00:00:00:00:08    00:00:00:00:00:05 13    877  [20,19,14,13,8,3,4,5]     00:00:00:00:00:08    00:00:00:00:00:05 14    877  [20,19,14,13,8,9,4,5]     00:00:00:00:00:08    00:00:00:00:00:05 15    877  [20,19,14,13,8,9,10,5]  
# h00:00:00:00:00:08 -> h00:00:00:00:00:03
   00:00:00:00:00:08    00:00:00:00:00:03 0    585  [20,15,10,5,4,3]     00:00:00:00:00:08    00:00:00:00:00:03 1    585  [20,15,10,9,4,3]     00:00:00:00:00:08    00:00:00:00:00:03 2    585  [20,15,10,9,8,3]     00:00:00:00:00:08    00:00:00:00:00:03 3    585  [20,15,14,9,4,3]     00:00:00:00:00:08    00:00:00:00:00:03 4    585  [20,15,14,9,8,3]     00:00:00:00:00:08    00:00:00:00:00:03 5    585  [20,15,14,13,8,3]     00:00:00:00:00:08    00:00:00:00:00:03 6    585  [20,19,14,9,4,3]     00:00:00:00:00:08    00:00:00:00:00:03 7    585  [20,19,14,9,8,3]     00:00:00:00:00:08    00:00:00:00:00:03 8    585  [20,19,14,13,8,3]     00:00:00:00:00:08    00:00:00:00:00:03 9    585  [20,19,18,13,8,3]     00:00:00:00:00:08    00:00:00:00:00:03 10    877  [20,15,10,5,4,9,8,3]     00:00:00:00:00:08    00:00:00:00:00:03 11    877  [20,15,10,9,8,7,2,3]     00:00:00:00:00:08    00:00:00:00:00:03 12    877  [20,15,10,9,14,13,8,3]     00:00:00:00:00:08    00:00:00:00:00:03 13    877  [20,15,14,9,8,7,2,3]     00:00:00:00:00:08    00:00:00:00:00:03 14    877  [20,15,14,9,10,5,4,3]     00:00:00:00:00:08    00:00:00:00:00:03 15    877  [20,15,14,13,8,7,2,3]  
# h00:00:00:00:00:08 -> h00:00:00:00:00:0a
   00:00:00:00:00:08    00:00:00:00:00:0a 0    146  [20,19,24]     00:00:00:00:00:08    00:00:00:00:00:0a 1    146  [20,25,24]     00:00:00:00:00:08    00:00:00:00:00:0a 2    439  [20,15,14,19,24]     00:00:00:00:00:08    00:00:00:00:00:0a 3    439  [20,19,18,23,24]     00:00:00:00:00:08    00:00:00:00:00:0a 4    731  [20,15,10,9,14,19,24]     00:00:00:00:00:08    00:00:00:00:00:0a 5    731  [20,15,14,13,18,19,24]     00:00:00:00:00:08    00:00:00:00:00:0a 6    731  [20,15,14,13,18,23,24]     00:00:00:00:00:08    00:00:00:00:00:0a 7    731  [20,15,14,19,18,23,24]     00:00:00:00:00:08    00:00:00:00:00:0a 8    731  [20,15,14,19,20,25,24]     00:00:00:00:00:08    00:00:00:00:00:0a 9    731  [20,19,14,13,18,23,24]     00:00:00:00:00:08    00:00:00:00:00:0a 10    731  [20,19,14,13,18,19,24]     00:00:00:00:00:08    00:00:00:00:00:0a 11    731  [20,19,14,15,20,25,24]     00:00:00:00:00:08    00:00:00:00:00:0a 12    731  [20,19,18,13,14,19,24]     00:00:00:00:00:08    00:00:00:00:00:0a 13    731  [20,19,18,17,22,23,24]     00:00:00:00:00:08    00:00:00:00:00:0a 14   1023  [20,15,10,5,4,9,14,19,24]     00:00:00:00:00:08    00:00:00:00:00:0a 15   1023  [20,15,10,9,8,13,14,19,24]  
# h00:00:00:00:00:08 -> h00:00:00:00:00:07
   00:00:00:00:00:08    00:00:00:00:00:07 0      0  [20,15]     00:00:00:00:00:08    00:00:00:00:00:07 1    293  [20,19,14,15]     00:00:00:00:00:08    00:00:00:00:00:07 2    585  [20,19,14,9,10,15]     00:00:00:00:00:08    00:00:00:00:00:07 3    585  [20,19,18,13,14,15]     00:00:00:00:00:08    00:00:00:00:00:07 4    585  [20,19,24,25,20,15]     00:00:00:00:00:08    00:00:00:00:00:07 5    585  [20,25,24,19,14,15]     00:00:00:00:00:08    00:00:00:00:00:07 6    585  [20,25,24,19,20,15]     00:00:00:00:00:08    00:00:00:00:00:07 7    877  [20,19,14,9,4,5,10,15]     00:00:00:00:00:08    00:00:00:00:00:07 8    877  [20,19,14,9,8,13,14,15]     00:00:00:00:00:08    00:00:00:00:00:07 9    877  [20,19,14,13,8,9,10,15]     00:00:00:00:00:08    00:00:00:00:00:07 10    877  [20,19,14,13,8,9,14,15]     00:00:00:00:00:08    00:00:00:00:00:07 11    877  [20,19,18,13,8,9,10,15]     00:00:00:00:00:08    00:00:00:00:00:07 12    877  [20,19,18,13,8,9,14,15]     00:00:00:00:00:08    00:00:00:00:00:07 13    877  [20,19,18,13,14,9,10,15]     00:00:00:00:00:08    00:00:00:00:00:07 14    877  [20,19,18,17,12,13,14,15]     00:00:00:00:00:08    00:00:00:00:00:07 15    877  [20,19,18,23,24,19,14,15]  
# h00:00:00:00:00:08 -> h00:00:00:00:00:0c
   00:00:00:00:00:08    00:00:00:00:00:0c 0    439  [20,19,18,17,22]     00:00:00:00:00:08    00:00:00:00:00:0c 1    439  [20,19,18,23,22]     00:00:00:00:00:08    00:00:00:00:00:0c 2    439  [20,19,24,23,22]     00:00:00:00:00:08    00:00:00:00:00:0c 3    439  [20,25,24,23,22]     00:00:00:00:00:08    00:00:00:00:00:0c 4    731  [20,15,14,13,12,17,22]     00:00:00:00:00:08    00:00:00:00:00:0c 5    731  [20,15,14,13,18,17,22]     00:00:00:00:00:08    00:00:00:00:00:0c 6    731  [20,15,14,13,18,23,22]     00:00:00:00:00:08    00:00:00:00:00:0c 7    731  [20,15,14,19,18,17,22]     00:00:00:00:00:08    00:00:00:00:00:0c 8    731  [20,15,14,19,18,23,22]     00:00:00:00:00:08    00:00:00:00:00:0c 9    731  [20,15,14,19,24,23,22]     00:00:00:00:00:08    00:00:00:00:00:0c 10    731  [20,19,14,13,12,17,22]     00:00:00:00:00:08    00:00:00:00:00:0c 11    731  [20,19,14,13,18,17,22]     00:00:00:00:00:08    00:00:00:00:00:0c 12    731  [20,19,14,13,18,23,22]     00:00:00:00:00:08    00:00:00:00:00:0c 13    731  [20,19,18,13,12,17,22]     00:00:00:00:00:08    00:00:00:00:00:0c 14    731  [20,19,18,17,16,21,22]     00:00:00:00:00:08    00:00:00:00:00:0c 15    731  [20,19,24,23,18,17,22]  
# h00:00:00:00:00:08 -> h00:00:00:00:00:0e
   00:00:00:00:00:08    00:00:00:00:00:0e 0    439  [20,19,18,17,16]     00:00:00:00:00:08    00:00:00:00:00:0e 1    731  [20,15,14,13,12,11,16]     00:00:00:00:00:08    00:00:00:00:00:0e 2    731  [20,15,14,13,12,17,16]     00:00:00:00:00:08    00:00:00:00:00:0e 3    731  [20,15,14,13,18,17,16]     00:00:00:00:00:08    00:00:00:00:00:0e 4    731  [20,15,14,19,18,17,16]     00:00:00:00:00:08    00:00:00:00:00:0e 5    731  [20,19,14,13,12,11,16]     00:00:00:00:00:08    00:00:00:00:00:0e 6    731  [20,19,14,13,12,17,16]     00:00:00:00:00:08    00:00:00:00:00:0e 7    731  [20,19,14,13,18,17,16]     00:00:00:00:00:08    00:00:00:00:00:0e 8    731  [20,19,18,13,12,11,16]     00:00:00:00:00:08    00:00:00:00:00:0e 9    731  [20,19,18,13,12,17,16]     00:00:00:00:00:08    00:00:00:00:00:0e 10    731  [20,19,18,17,12,11,16]     00:00:00:00:00:08    00:00:00:00:00:0e 11    731  [20,19,18,17,22,21,16]     00:00:00:00:00:08    00:00:00:00:00:0e 12    731  [20,19,18,23,22,17,16]     00:00:00:00:00:08    00:00:00:00:00:0e 13    731  [20,19,18,23,22,21,16]     00:00:00:00:00:08    00:00:00:00:00:0e 14    731  [20,19,24,23,18,17,16]     00:00:00:00:00:08    00:00:00:00:00:0e 15    731  [20,19,24,23,22,17,16]  
# h00:00:00:00:00:08 -> h00:00:00:00:00:0b
   00:00:00:00:00:08    00:00:00:00:00:0b 0    293  [20,19,18,23]     00:00:00:00:00:08    00:00:00:00:00:0b 1    293  [20,19,24,23]     00:00:00:00:00:08    00:00:00:00:00:0b 2    293  [20,25,24,23]     00:00:00:00:00:08    00:00:00:00:00:0b 3    585  [20,15,14,13,18,23]     00:00:00:00:00:08    00:00:00:00:00:0b 4    585  [20,15,14,19,18,23]     00:00:00:00:00:08    00:00:00:00:00:0b 5    585  [20,15,14,19,24,23]     00:00:00:00:00:08    00:00:00:00:00:0b 6    585  [20,19,14,13,18,23]     00:00:00:00:00:08    00:00:00:00:00:0b 7    585  [20,19,18,17,22,23]     00:00:00:00:00:08    00:00:00:00:00:0b 8    585  [20,25,24,19,18,23]     00:00:00:00:00:08    00:00:00:00:00:0b 9    877  [20,15,10,9,8,13,18,23]     00:00:00:00:00:08    00:00:00:00:00:0b 10    877  [20,15,10,9,14,13,18,23]     00:00:00:00:00:08    00:00:00:00:00:0b 11    877  [20,15,10,9,14,19,18,23]     00:00:00:00:00:08    00:00:00:00:00:0b 12    877  [20,15,10,9,14,19,24,23]     00:00:00:00:00:08    00:00:00:00:00:0b 13    877  [20,15,14,9,8,13,18,23]     00:00:00:00:00:08    00:00:00:00:00:0b 14    877  [20,15,14,13,12,17,18,23]     00:00:00:00:00:08    00:00:00:00:00:0b 15    877  [20,15,14,13,12,17,22,23]  
# h00:00:00:00:00:08 -> h00:00:00:00:00:09
   00:00:00:00:00:08    00:00:00:00:00:09 0      0  [20,25]     00:00:00:00:00:08    00:00:00:00:00:09 1    293  [20,19,24,25]     00:00:00:00:00:08    00:00:00:00:00:09 2    585  [20,15,14,19,24,25]     00:00:00:00:00:08    00:00:00:00:00:09 3    585  [20,15,14,19,20,25]     00:00:00:00:00:08    00:00:00:00:00:09 4    585  [20,19,14,15,20,25]     00:00:00:00:00:08    00:00:00:00:00:09 5    585  [20,19,18,23,24,25]     00:00:00:00:00:08    00:00:00:00:00:09 6    877  [20,15,10,9,14,19,20,25]     00:00:00:00:00:08    00:00:00:00:00:09 7    877  [20,15,10,9,14,19,24,25]     00:00:00:00:00:08    00:00:00:00:00:09 8    877  [20,15,14,13,18,19,20,25]     00:00:00:00:00:08    00:00:00:00:00:09 9    877  [20,15,14,13,18,19,24,25]     00:00:00:00:00:08    00:00:00:00:00:09 10    877  [20,15,14,13,18,23,24,25]     00:00:00:00:00:08    00:00:00:00:00:09 11    877  [20,15,14,19,18,23,24,25]     00:00:00:00:00:08    00:00:00:00:00:09 12    877  [20,19,14,9,10,15,20,25]     00:00:00:00:00:08    00:00:00:00:00:09 13    877  [20,19,14,13,18,19,24,25]     00:00:00:00:00:08    00:00:00:00:00:09 14    877  [20,19,14,13,18,23,24,25]     00:00:00:00:00:08    00:00:00:00:00:09 15    877  [20,19,18,13,14,15,20,25]  