topo,seed_file,batch,n_switches,n_links,n_flows,energy_saving_percent,mip_gap,solve_time_sec,status
grid_3x3,seed_milpsnap_grid3x3_high.json,1,9,12,1,66.694,0.0,0.121,OPTIMAL
grid_3x3,seed_milpsnap_grid3x3_high.json,2,9,12,3,33.3744,0.0,0.034,OPTIMAL
grid_3x3,seed_milpsnap_grid3x3_high.json,3,9,12,4,33.3744,0.0,0.027,OPTIMAL
grid_3x3,seed_milpsnap_grid3x3_high.json,4,9,12,6,22.2678,0.0,0.049,OPTIMAL
grid_3x3,seed_milpsnap_grid3x3_high.json,5,9,12,7,22.2678,0.0,0.033,OPTIMAL
grid_3x3,seed_milpsnap_grid3x3_high.json,6,9,12,9,11.1613,0.0,0.072,OPTIMAL
grid_3x3,seed_milpsnap_grid3x3_high.json,7,9,12,11,11.1613,0.0,0.102,OPTIMAL
grid_3x3,seed_milpsnap_grid3x3_high.json,8,9,12,14,11.1613,0.0,0.125,OPTIMAL
grid_3x3,seed_milpsnap_grid3x3_high.json,9,9,12,15,11.1613,0.0,0.116,OPTIMAL
grid_3x3,seed_milpsnap_grid3x3_high.json,10,9,12,20,11.1613,0.0,0.133,OPTIMAL
grid_3x3,seed_milpsnap_grid3x3_high.json,11,9,12,21,11.1613,0.0,0.213,OPTIMAL
grid_3x3,seed_milpsnap_grid3x3_high.json,12,9,12,22,11.1613,6.841934214796302e-05,0.151,OPTIMAL
grid_3x3,seed_milpsnap_grid3x3_high.json,13,9,12,23,11.1613,0.0,0.15,OPTIMAL
grid_3x3,seed_milpsnap_grid3x3_high.json,14,9,12,27,11.1613,0.0,0.227,OPTIMAL
grid_3x3,seed_milpsnap_grid3x3_high.json,15,9,12,27,11.1613,0.0,0.185,OPTIMAL
grid_3x3,seed_milpsnap_grid3x3_high.json,16,9,12,27,11.1613,0.0,0.212,OPTIMAL
grid_3x3,seed_milpsnap_grid3x3_high.json,17,9,12,26,11.1613,0.0,0.219,OPTIMAL
grid_3x3,seed_milpsnap_grid3x3_high.json,18,9,12,27,11.1613,6.841934214796302e-05,0.202,OPTIMAL
grid_3x3,seed_milpsnap_grid3x3_high.json,19,9,12,27,11.1613,0.0,0.249,OPTIMAL
grid_3x3,seed_milpsnap_grid3x3_high.json,20,9,12,27,11.1613,0.0,0.193,OPTIMAL
grid_3x3,seed_milpsnap_grid3x3_high.json,21,9,12,26,11.1613,0.0,0.167,OPTIMAL
grid_3x3,seed_milpsnap_grid3x3_high.json,22,9,12,27,11.1613,0.0,0.264,OPTIMAL
grid_3x3,seed_milpsnap_grid3x3_high.json,23,9,12,24,11.1613,0.0,0.143,OPTIMAL
grid_3x3,seed_milpsnap_grid3x3_high.json,24,9,12,28,11.1613,0.0,0.204,OPTIMAL
grid_3x3,seed_milpsnap_grid3x3_high.json,25,9,12,29,11.1613,0.0,0.21,OPTIMAL
grid_3x3,seed_milpsnap_grid3x3_high.json,26,9,12,29,11.1613,6.841934214796302e-05,0.189,OPTIMAL
grid_3x3,seed_milpsnap_grid3x3_high.json,27,9,12,31,11.1613,0.0,0.256,OPTIMAL
grid_3x3,seed_milpsnap_grid3x3_high.json,28,9,12,29,11.1613,0.0,0.192,OPTIMAL
grid_3x3,seed_milpsnap_grid3x3_high.json,29,9,12,28,11.1613,0.0,0.223,OPTIMAL
grid_3x3,seed_milpsnap_grid3x3_high.json,30,9,12,29,11.1613,0.0,0.213,OPTIMAL
grid_3x3,seed_milpsnap_grid3x3_high.json,31,9,12,31,11.1613,0.0,0.217,OPTIMAL
grid_3x3,seed_milpsnap_grid3x3_high.json,32,9,12,29,11.1613,0.0,0.249,OPTIMAL
grid_3x3,seed_milpsnap_grid3x3_high.json,33,9,12,28,11.1613,0.0,0.201,OPTIMAL
grid_3x3,seed_milpsnap_grid3x3_high.json,34,9,12,30,11.1613,0.0,0.249,OPTIMAL
grid_3x3,seed_milpsnap_grid3x3_high.json,35,9,12,32,11.1613,0.0,0.216,OPTIMAL
grid_3x3,seed_milpsnap_grid3x3_high.json,36,9,12,32,11.1613,0.0,0.271,OPTIMAL
grid_3x3,seed_milpsnap_grid3x3_high.json,37,9,12,34,11.1613,0.0,0.222,OPTIMAL
grid_3x3,seed_milpsnap_grid3x3_high.json,38,9,12,31,11.1613,0.0,0.216,OPTIMAL
grid_3x3,seed_milpsnap_grid3x3_high.json,39,9,12,32,11.1613,0.0,0.248,OPTIMAL
grid_3x3,seed_milpsnap_grid3x3_high.json,40,9,12,31,11.1613,0.0,0.268,OPTIMAL
grid_3x3,seed_milpsnap_grid3x3_high.json,41,9,12,31,11.1613,6.841934214796302e-05,0.296,OPTIMAL
grid_3x3,seed_milpsnap_grid3x3_high.json,42,9,12,28,11.1613,0.0,0.172,OPTIMAL
grid_3x3,seed_milpsnap_grid3x3_high.json,43,9,12,26,11.1613,0.0,0.241,OPTIMAL
grid_3x3,seed_milpsnap_grid3x3_high.json,44,9,12,25,11.1613,0.0,0.308,OPTIMAL
grid_3x3,seed_milpsnap_grid3x3_high.json,45,9,12,24,11.1613,0.0,0.318,OPTIMAL
grid_3x3,seed_milpsnap_grid3x3_high.json,46,9,12,24,11.1613,0.0,0.221,OPTIMAL
grid_3x3,seed_milpsnap_grid3x3_high.json,47,9,12,26,11.1613,0.0,0.201,OPTIMAL
grid_3x3,seed_milpsnap_grid3x3_high.json,48,9,12,26,11.1613,0.0,0.163,OPTIMAL
grid_3x3,seed_milpsnap_grid3x3_high.json,49,9,12,29,11.1613,0.0,0.185,OPTIMAL
grid_3x3,seed_milpsnap_grid3x3_high.json,50,9,12,25,11.1613,0.0,0.202,OPTIMAL
grid_3x3,seed_milpsnap_grid3x3_high.json,51,9,12,24,11.1613,0.0,0.147,OPTIMAL
grid_3x3,seed_milpsnap_grid3x3_high.json,52,9,12,21,11.1613,0.0,0.121,OPTIMAL
grid_3x3,seed_milpsnap_grid3x3_high.json,53,9,12,24,11.1613,0.0,0.183,OPTIMAL
grid_3x3,seed_milpsnap_grid3x3_high.json,54,9,12,25,11.1613,6.841934214796302e-05,0.163,OPTIMAL
grid_3x3,seed_milpsnap_grid3x3_high.json,55,9,12,24,11.1613,0.0,0.152,OPTIMAL
grid_3x3,seed_milpsnap_grid3x3_high.json,56,9,12,25,11.1613,0.0,0.197,OPTIMAL
grid_3x3,seed_milpsnap_grid3x3_high.json,57,9,12,27,11.1613,0.0,0.179,OPTIMAL
grid_3x3,seed_milpsnap_grid3x3_high.json,58,9,12,28,11.1613,0.0,0.188,OPTIMAL
grid_3x3,seed_milpsnap_grid3x3_high.json,59,9,12,31,11.1613,0.0,0.26,OPTIMAL
grid_3x3,seed_milpsnap_grid3x3_high.json,60,9,12,32,11.1613,0.0,0.209,OPTIMAL
grid_3x3,seed_milpsnap_grid3x3_high.json,61,9,12,31,11.1613,0.0,0.244,OPTIMAL
grid_3x3,seed_milpsnap_grid3x3_high.json,62,9,12,32,11.1613,0.0,0.229,OPTIMAL
grid_3x3,seed_milpsnap_grid3x3_high.json,63,9,12,31,11.1613,0.0,0.221,OPTIMAL
grid_3x3,seed_milpsnap_grid3x3_high.json,64,9,12,25,11.1613,0.0,0.189,OPTIMAL
grid_3x3,seed_milpsnap_grid3x3_high.json,65,9,12,30,11.1613,6.841934214796302e-05,0.201,OPTIMAL
grid_3x3,seed_milpsnap_grid3x3_high.json,66,9,12,29,11.1613,0.0,0.294,OPTIMAL
grid_3x3,seed_milpsnap_grid3x3_high.json,67,9,12,31,11.1613,0.0,0.276,OPTIMAL
grid_3x3,seed_milpsnap_grid3x3_high.json,68,9,12,31,11.1613,6.841934214796302e-05,0.343,OPTIMAL
grid_3x3,seed_milpsnap_grid3x3_high.json,69,9,12,30,11.1613,0.0,0.227,OPTIMAL
grid_3x3,seed_milpsnap_grid3x3_high.json,70,9,12,31,11.1613,0.0,0.326,OPTIMAL
grid_3x3,seed_milpsnap_grid3x3_high.json,71,9,12,29,11.1613,6.841934214796302e-05,0.192,OPTIMAL
grid_3x3,seed_milpsnap_grid3x3_high.json,72,9,12,29,11.1613,0.0,0.242,OPTIMAL
grid_3x3,seed_milpsnap_grid3x3_high.json,73,9,12,30,11.1613,0.0,0.198,OPTIMAL
grid_3x3,seed_milpsnap_grid3x3_high.json,74,9,12,29,11.1613,0.0,0.238,OPTIMAL
grid_3x3,seed_milpsnap_grid3x3_high.json,75,9,12,28,11.1613,0.0,0.184,OPTIMAL
grid_3x3,seed_milpsnap_grid3x3_high.json,76,9,12,27,11.1613,0.0,0.169,OPTIMAL
grid_3x3,seed_milpsnap_grid3x3_high.json,77,9,12,25,11.1613,0.0,0.196,OPTIMAL
grid_3x3,seed_milpsnap_grid3x3_high.json,78,9,12,27,11.1613,0.0,0.165,OPTIMAL
grid_3x3,seed_milpsnap_grid3x3_high.json,79,9,12,26,11.1613,6.841934214796302e-05,0.164,OPTIMAL
grid_3x3,seed_milpsnap_grid3x3_high.json,80,9,12,21,11.1613,0.0,0.167,OPTIMAL
grid_3x3,seed_milpsnap_grid3x3_high.json,81,9,12,26,11.1613,0.0,0.152,OPTIMAL
grid_3x3,seed_milpsnap_grid3x3_high.json,82,9,12,24,11.1613,6.841934214796302e-05,0.159,OPTIMAL
grid_3x3,seed_milpsnap_grid3x3_high.json,83,9,12,23,11.1613,6.841934214796302e-05,0.162,OPTIMAL
grid_3x3,seed_milpsnap_grid3x3_high.json,84,9,12,24,11.1613,0.0,0.178,OPTIMAL
grid_3x3,seed_milpsnap_grid3x3_high.json,85,9,12,25,11.1613,6.841934214796302e-05,0.174,OPTIMAL
grid_3x3,seed_milpsnap_grid3x3_high.json,86,9,12,30,11.1613,0.0,0.249,OPTIMAL
grid_3x3,seed_milpsnap_grid3x3_high.json,87,9,12,29,11.1613,0.0,0.191,OPTIMAL
grid_3x3,seed_milpsnap_grid3x3_high.json,88,9,12,27,11.1613,0.0,0.177,OPTIMAL
grid_3x3,seed_milpsnap_grid3x3_high.json,89,9,12,27,11.1613,0.0,0.232,OPTIMAL
grid_3x3,seed_milpsnap_grid3x3_high.json,90,9,12,27,11.1613,0.0,0.181,OPTIMAL
grid_3x3,seed_milpsnap_grid3x3_high.json,91,9,12,28,11.1613,6.841934214796302e-05,0.232,OPTIMAL
grid_3x3,seed_milpsnap_grid3x3_high.json,92,9,12,29,11.1613,0.0,0.192,OPTIMAL
grid_3x3,seed_milpsnap_grid3x3_high.json,93,9,12,28,11.1613,0.0,0.193,OPTIMAL
grid_3x3,seed_milpsnap_grid3x3_high.json,94,9,12,29,11.1613,0.0,0.213,OPTIMAL
grid_3x3,seed_milpsnap_grid3x3_high.json,95,9,12,30,11.1613,0.0,0.2,OPTIMAL
grid_3x3,seed_milpsnap_grid3x3_high.json,96,9,12,26,11.1613,0.0,0.204,OPTIMAL
grid_3x3,seed_milpsnap_grid3x3_high.json,97,9,12,27,11.1613,6.841934214796302e-05,0.192,OPTIMAL
grid_3x3,seed_milpsnap_grid3x3_high.json,98,9,12,25,11.1613,0.0,0.151,OPTIMAL
grid_3x3,seed_milpsnap_grid3x3_high.json,99,9,12,24,11.1613,0.0,0.188,OPTIMAL
grid_3x3,seed_milpsnap_grid3x3_high.json,100,9,12,25,11.1613,6.841934214796302e-05,0.171,OPTIMAL
grid_3x3,seed_milpsnap_grid3x3_high.json,101,9,12,21,11.1613,6.841934214796302e-05,0.117,OPTIMAL
grid_3x3,seed_milpsnap_grid3x3_high.json,102,9,12,21,11.1613,0.0,0.132,OPTIMAL
grid_3x3,seed_milpsnap_grid3x3_high.json,103,9,12,22,11.1613,0.0,0.194,OPTIMAL
grid_3x3,seed_milpsnap_grid3x3_high.json,104,9,12,21,11.1613,0.0,0.129,OPTIMAL
grid_3x3,seed_milpsnap_grid3x3_high.json,105,9,12,20,11.1613,0.0,0.133,OPTIMAL
grid_3x3,seed_milpsnap_grid3x3_high.json,106,9,12,23,11.1613,0.0,0.142,OPTIMAL
grid_3x3,seed_milpsnap_grid3x3_high.json,107,9,12,25,11.1613,0.0,0.168,OPTIMAL
grid_3x3,seed_milpsnap_grid3x3_high.json,108,9,12,30,11.1613,0.0,0.232,OPTIMAL
grid_3x3,seed_milpsnap_grid3x3_high.json,109,9,12,31,11.1613,0.0,0.258,OPTIMAL
grid_3x3,seed_milpsnap_grid3x3_high.json,110,9,12,34,11.1613,0.0,0.22,OPTIMAL
grid_3x3,seed_milpsnap_grid3x3_high.json,111,9,12,33,11.1613,0.0,0.265,OPTIMAL
grid_3x3,seed_milpsnap_grid3x3_high.json,112,9,12,35,11.1613,0.0,0.241,OPTIMAL
grid_3x3,seed_milpsnap_grid3x3_high.json,113,9,12,38,11.1613,0.0,0.362,OPTIMAL
grid_3x3,seed_milpsnap_grid3x3_high.json,114,9,12,42,11.1613,0.0,0.344,OPTIMAL
grid_3x3,seed_milpsnap_grid3x3_high.json,115,9,12,42,11.1613,0.0,0.328,OPTIMAL
grid_3x3,seed_milpsnap_grid3x3_high.json,116,9,12,46,11.1613,6.841934214796302e-05,0.367,OPTIMAL
grid_3x3,seed_milpsnap_grid3x3_high.json,117,9,12,44,11.1613,0.0,0.308,OPTIMAL
grid_3x3,seed_milpsnap_grid3x3_high.json,118,9,12,44,11.1613,0.0,0.35,OPTIMAL
grid_3x3,seed_milpsnap_grid3x3_high.json,119,9,12,46,11.1613,0.0,0.38,OPTIMAL
grid_3x3,seed_milpsnap_grid3x3_high.json,120,9,12,48,11.1613,0.0,0.337,OPTIMAL
grid_3x3,seed_milpsnap_grid3x3_high.json,121,9,12,46,11.1613,0.0,0.391,OPTIMAL
grid_3x3,seed_milpsnap_grid3x3_high.json,122,9,12,45,11.1613,0.0,0.376,OPTIMAL
grid_3x3,seed_milpsnap_grid3x3_high.json,123,9,12,41,11.1613,0.0,0.3,OPTIMAL
grid_3x3,seed_milpsnap_grid3x3_high.json,124,9,12,39,11.1613,0.0,0.309,OPTIMAL
grid_3x3,seed_milpsnap_grid3x3_high.json,125,9,12,36,11.1613,0.0,0.275,OPTIMAL
grid_3x3,seed_milpsnap_grid3x3_high.json,126,9,12,38,11.1613,0.0,0.325,OPTIMAL
grid_3x3,seed_milpsnap_grid3x3_high.json,127,9,12,38,11.1613,0.0,0.311,OPTIMAL
grid_3x3,seed_milpsnap_grid3x3_high.json,128,9,12,34,11.1613,0.0,0.255,OPTIMAL
grid_3x3,seed_milpsnap_grid3x3_high.json,129,9,12,32,11.1613,0.0,0.232,OPTIMAL
grid_3x3,seed_milpsnap_grid3x3_high.json,130,9,12,33,11.1613,0.0,0.255,OPTIMAL
grid_3x3,seed_milpsnap_grid3x3_high.json,131,9,12,29,11.1613,0.0,0.187,OPTIMAL
grid_3x3,seed_milpsnap_grid3x3_high.json,132,9,12,30,11.1613,0.0,0.258,OPTIMAL
grid_3x3,seed_milpsnap_grid3x3_high.json,133,9,12,30,11.1613,0.0,0.249,OPTIMAL
grid_3x3,seed_milpsnap_grid3x3_high.json,134,9,12,29,11.1613,0.0,0.246,OPTIMAL
grid_3x3,seed_milpsnap_grid3x3_high.json,135,9,12,28,11.1613,0.0,0.215,OPTIMAL
grid_3x3,seed_milpsnap_grid3x3_high.json,136,9,12,25,11.1613,0.0,0.234,OPTIMAL
grid_3x3,seed_milpsnap_grid3x3_high.json,137,9,12,28,11.1613,0.0,0.178,OPTIMAL
grid_3x3,seed_milpsnap_grid3x3_high.json,138,9,12,26,11.1613,0.0,0.166,OPTIMAL
grid_3x3,seed_milpsnap_grid3x3_high.json,139,9,12,28,11.1613,0.0,0.225,OPTIMAL
grid_3x3,seed_milpsnap_grid3x3_high.json,140,9,12,28,11.1613,6.841934214796302e-05,0.392,OPTIMAL
grid_3x3,seed_milpsnap_grid3x3_high.json,141,9,12,28,11.1613,0.0,0.212,OPTIMAL
grid_3x3,seed_milpsnap_grid3x3_high.json,142,9,12,28,11.1613,0.0,0.185,OPTIMAL
grid_3x3,seed_milpsnap_grid3x3_high.json,143,9,12,35,11.1613,0.0,0.279,OPTIMAL
grid_3x3,seed_milpsnap_grid3x3_high.json,144,9,12,33,11.1613,0.0,0.222,OPTIMAL
grid_3x3,seed_milpsnap_grid3x3_high.json,145,9,12,31,11.1613,0.0,0.265,OPTIMAL
grid_3x3,seed_milpsnap_grid3x3_high.json,146,9,12,31,11.1613,0.0,0.198,OPTIMAL
grid_3x3,seed_milpsnap_grid3x3_high.json,147,9,12,34,11.1613,0.0,0.251,OPTIMAL
grid_3x3,seed_milpsnap_grid3x3_high.json,148,9,12,1,55.5875,0.0,0.03,OPTIMAL
grid_3x3,seed_milpsnap_grid3x3_high.json,149,9,12,2,33.388,0.0,0.017,OPTIMAL
grid_3x3,seed_milpsnap_grid3x3_high.json,150,9,12,3,33.3744,9.12304709773531e-05,0.025,OPTIMAL
grid_3x3,seed_milpsnap_grid3x3_high.json,151,9,12,5,22.2678,0.0,0.045,OPTIMAL
grid_3x3,seed_milpsnap_grid3x3_high.json,152,9,12,6,22.2678,0.0,0.046,OPTIMAL
grid_3x3,seed_milpsnap_grid3x3_high.json,153,9,12,9,11.1613,6.841934214796302e-05,0.063,OPTIMAL
grid_3x3,seed_milpsnap_grid3x3_high.json,154,9,12,13,11.1613,0.0,0.089,OPTIMAL
grid_3x3,seed_milpsnap_grid3x3_high.json,155,9,12,14,11.1613,0.0,0.127,OPTIMAL
grid_3x3,seed_milpsnap_grid3x3_high.json,156,9,12,18,11.1613,0.0,0.156,OPTIMAL
grid_3x3,seed_milpsnap_grid3x3_high.json,157,9,12,23,11.1613,0.0,0.165,OPTIMAL
grid_3x3,seed_milpsnap_grid3x3_high.json,158,9,12,26,11.1613,0.0,0.184,OPTIMAL
grid_3x3,seed_milpsnap_grid3x3_high.json,159,9,12,29,11.1613,0.0,0.282,OPTIMAL
grid_3x3,seed_milpsnap_grid3x3_high.json,160,9,12,31,11.1613,0.0,0.23,OPTIMAL
grid_3x3,seed_milpsnap_grid3x3_high.json,161,9,12,35,11.1613,0.0,0.267,OPTIMAL
grid_3x3,seed_milpsnap_grid3x3_high.json,162,9,12,40,11.1613,0.0,0.312,OPTIMAL
grid_3x3,seed_milpsnap_grid3x3_high.json,163,9,12,40,11.1613,0.0,0.337,OPTIMAL
grid_3x3,seed_milpsnap_grid3x3_high.json,164,9,12,42,11.1613,0.0,0.349,OPTIMAL
grid_3x3,seed_milpsnap_grid3x3_high.json,165,9,12,44,11.1613,0.0,0.302,OPTIMAL
grid_3x3,seed_milpsnap_grid3x3_high.json,166,9,12,42,11.1613,0.0,0.347,OPTIMAL
grid_3x3,seed_milpsnap_grid3x3_high.json,167,9,12,44,11.1613,0.0,0.412,OPTIMAL
grid_3x3,seed_milpsnap_grid3x3_high.json,168,9,12,43,11.1613,0.0,0.297,OPTIMAL
grid_3x3,seed_milpsnap_grid3x3_high.json,169,9,12,40,11.1613,0.0,0.299,OPTIMAL
grid_3x3,seed_milpsnap_grid3x3_high.json,170,9,12,40,11.1613,0.0,0.281,OPTIMAL
grid_3x3,seed_milpsnap_grid3x3_high.json,171,9,12,39,11.1613,0.0,0.313,OPTIMAL
grid_3x3,seed_milpsnap_grid3x3_high.json,172,9,12,34,11.1613,0.0,0.24,OPTIMAL
grid_3x3,seed_milpsnap_grid3x3_high.json,173,9,12,32,11.1613,0.0,0.279,OPTIMAL
grid_3x3,seed_milpsnap_grid3x3_high.json,174,9,12,33,11.1613,6.841934214796302e-05,0.2,OPTIMAL
grid_3x3,seed_milpsnap_grid3x3_high.json,175,9,12,32,11.1613,0.0,0.252,OPTIMAL
grid_3x3,seed_milpsnap_grid3x3_high.json,176,9,12,28,11.1613,0.0,0.168,OPTIMAL
grid_3x3,seed_milpsnap_grid3x3_high.json,177,9,12,24,11.1613,0.0,0.15,OPTIMAL
grid_3x3,seed_milpsnap_grid3x3_high.json,178,9,12,25,11.1613,0.0,0.22,OPTIMAL
grid_3x3,seed_milpsnap_grid3x3_high.json,179,9,12,23,11.1613,6.841934214796302e-05,0.161,OPTIMAL
grid_3x3,seed_milpsnap_grid3x3_high.json,180,9,12,21,11.1613,0.0,0.132,OPTIMAL
grid_3x3,seed_milpsnap_grid3x3_high.json,181,9,12,22,11.1613,0.0,0.177,OPTIMAL
grid_3x3,seed_milpsnap_grid3x3_high.json,182,9,12,20,11.1613,0.0,0.138,OPTIMAL
grid_3x3,seed_milpsnap_grid3x3_high.json,183,9,12,19,11.1613,0.0,0.144,OPTIMAL
grid_3x3,seed_milpsnap_grid3x3_high.json,184,9,12,21,22.2678,0.0,0.107,OPTIMAL
grid_3x3,seed_milpsnap_grid3x3_high.json,185,9,12,23,11.1613,6.841934214796302e-05,0.276,OPTIMAL
grid_3x3,seed_milpsnap_grid3x3_high.json,186,9,12,21,11.1613,0.0,0.173,OPTIMAL
grid_3x3,seed_milpsnap_grid3x3_high.json,187,9,12,23,11.1613,6.841934214796302e-05,0.334,OPTIMAL
grid_3x3,seed_milpsnap_grid3x3_high.json,188,9,12,24,11.1613,0.0,0.131,OPTIMAL
grid_3x3,seed_milpsnap_grid3x3_high.json,189,9,12,20,11.1613,0.0,0.119,OPTIMAL
grid_3x3,seed_milpsnap_grid3x3_high.json,190,9,12,21,11.1613,0.0,0.13,OPTIMAL
grid_3x3,seed_milpsnap_grid3x3_high.json,191,9,12,24,11.1613,0.0,0.108,OPTIMAL
grid_3x3,seed_milpsnap_grid3x3_high.json,192,9,12,24,11.1613,0.0,0.285,OPTIMAL
grid_3x3,seed_milpsnap_grid3x3_high.json,193,9,12,23,11.1613,0.0,0.388,OPTIMAL
grid_3x3,seed_milpsnap_grid3x3_high.json,194,9,12,23,11.1613,0.0,0.096,OPTIMAL
grid_3x3,seed_milpsnap_grid3x3_high.json,195,9,12,24,11.1613,0.0,0.104,OPTIMAL
grid_3x3,seed_milpsnap_grid3x3_high.json,196,9,12,25,11.1613,0.0,0.132,OPTIMAL
grid_3x3,seed_milpsnap_grid3x3_high.json,197,9,12,24,11.1613,0.0,0.095,OPTIMAL
grid_3x3,seed_milpsnap_grid3x3_high.json,198,9,12,25,11.1613,0.0,0.09,OPTIMAL
grid_3x3,seed_milpsnap_grid3x3_high.json,199,9,12,24,11.1613,0.0,0.089,OPTIMAL
grid_3x3,seed_milpsnap_grid3x3_high.json,200,9,12,22,11.1613,6.841934214796302e-05,0.076,OPTIMAL
grid_3x3,seed_milpsnap_grid3x3_high.json,201,9,12,23,11.1613,0.0,0.122,OPTIMAL
grid_3x3,seed_milpsnap_grid3x3_high.json,202,9,12,23,11.1613,6.841934214796302e-05,0.092,OPTIMAL
grid_3x3,seed_milpsnap_grid3x3_high.json,203,9,12,26,11.1613,0.0,0.106,OPTIMAL
grid_3x3,seed_milpsnap_grid3x3_high.json,204,9,12,28,11.1613,0.0,0.105,OPTIMAL
grid_3x3,seed_milpsnap_grid3x3_high.json,205,9,12,27,11.1613,0.0,0.102,OPTIMAL
grid_3x3,seed_milpsnap_grid3x3_high.json,206,9,12,29,11.1613,0.0,0.132,OPTIMAL
grid_3x3,seed_milpsnap_grid3x3_high.json,207,9,12,30,11.1613,0.0,0.117,OPTIMAL
grid_3x3,seed_milpsnap_grid3x3_high.json,208,9,12,33,11.1613,0.0,0.125,OPTIMAL
grid_3x3,seed_milpsnap_grid3x3_high.json,209,9,12,35,11.1613,0.0,0.134,OPTIMAL
grid_3x3,seed_milpsnap_grid3x3_high.json,210,9,12,34,11.1613,0.0,0.18,OPTIMAL
grid_3x3,seed_milpsnap_grid3x3_high.json,211,9,12,35,11.1613,0.0,0.139,OPTIMAL
grid_3x3,seed_milpsnap_grid3x3_high.json,212,9,12,36,11.1613,0.0,0.153,OPTIMAL
grid_3x3,seed_milpsnap_grid3x3_high.json,213,9,12,35,11.1613,0.0,0.155,OPTIMAL
grid_3x3,seed_milpsnap_grid3x3_high.json,214,9,12,35,11.1613,0.0,0.156,OPTIMAL
grid_3x3,seed_milpsnap_grid3x3_high.json,215,9,12,36,11.1613,6.841934214796302e-05,0.151,OPTIMAL
grid_3x3,seed_milpsnap_grid3x3_high.json,216,9,12,35,11.1613,0.0,0.137,OPTIMAL
grid_3x3,seed_milpsnap_grid3x3_high.json,217,9,12,36,11.1613,0.0,0.196,OPTIMAL
grid_3x3,seed_milpsnap_grid3x3_high.json,218,9,12,32,11.1613,0.0,0.133,OPTIMAL
grid_3x3,seed_milpsnap_grid3x3_high.json,219,9,12,31,11.1613,0.0,0.115,OPTIMAL
grid_3x3,seed_milpsnap_grid3x3_high.json,220,9,12,32,11.1613,0.0,0.125,OPTIMAL
grid_3x3,seed_milpsnap_grid3x3_high.json,221,9,12,28,11.1613,0.0,0.137,OPTIMAL
grid_3x3,seed_milpsnap_grid3x3_high.json,222,9,12,28,11.1613,0.0,0.099,OPTIMAL
grid_3x3,seed_milpsnap_grid3x3_high.json,223,9,12,26,11.1613,0.0,0.098,OPTIMAL
grid_3x3,seed_milpsnap_grid3x3_high.json,224,9,12,27,11.1613,0.0,0.105,OPTIMAL
grid_3x3,seed_milpsnap_grid3x3_high.json,225,9,12,28,11.1613,0.0,0.138,OPTIMAL
grid_3x3,seed_milpsnap_grid3x3_high.json,226,9,12,26,11.1613,0.0,0.094,OPTIMAL
grid_3x3,seed_milpsnap_grid3x3_high.json,227,9,12,28,11.1613,0.0,0.102,OPTIMAL
grid_3x3,seed_milpsnap_grid3x3_high.json,228,9,12,30,11.1613,0.0,0.117,OPTIMAL
grid_3x3,seed_milpsnap_grid3x3_high.json,229,9,12,28,11.1613,0.0,0.102,OPTIMAL
grid_3x3,seed_milpsnap_grid3x3_high.json,230,9,12,30,11.1613,0.0,0.134,OPTIMAL
grid_3x3,seed_milpsnap_grid3x3_high.json,231,9,12,32,11.1613,0.0,0.124,OPTIMAL
grid_3x3,seed_milpsnap_grid3x3_high.json,232,9,12,30,11.1613,0.0,0.114,OPTIMAL
grid_3x3,seed_milpsnap_grid3x3_high.json,233,9,12,32,11.1613,0.0,0.119,OPTIMAL
grid_3x3,seed_milpsnap_grid3x3_high.json,234,9,12,36,11.1613,0.0,0.174,OPTIMAL
grid_3x3,seed_milpsnap_grid3x3_high.json,235,9,12,37,11.1613,0.0,0.156,OPTIMAL
grid_3x3,seed_milpsnap_grid3x3_high.json,236,9,12,39,11.1613,0.0,0.156,OPTIMAL
grid_3x3,seed_milpsnap_grid3x3_high.json,237,9,12,41,11.1613,6.841934214796302e-05,0.21,OPTIMAL
grid_3x3,seed_milpsnap_grid3x3_high.json,238,9,12,39,11.1613,6.841934214796302e-05,0.159,OPTIMAL
grid_3x3,seed_milpsnap_grid3x3_high.json,239,9,12,36,11.1613,0.0,0.143,OPTIMAL
grid_3x3,seed_milpsnap_grid3x3_high.json,240,9,12,36,11.1613,0.0,0.148,OPTIMAL
grid_3x3,seed_milpsnap_grid3x3_high.json,241,9,12,38,11.1613,0.0,0.188,OPTIMAL
grid_3x3,seed_milpsnap_grid3x3_high.json,242,9,12,39,11.1613,0.0,0.158,OPTIMAL
grid_3x3,seed_milpsnap_grid3x3_high.json,243,9,12,39,11.1613,0.0,0.154,OPTIMAL
grid_3x3,seed_milpsnap_grid3x3_high.json,244,9,12,42,11.1613,6.841934214796302e-05,0.184,OPTIMAL
grid_3x3,seed_milpsnap_grid3x3_high.json,245,9,12,39,11.1613,0.0,0.155,OPTIMAL
grid_3x3,seed_milpsnap_grid3x3_high.json,246,9,12,38,11.1613,6.841934214796302e-05,0.155,OPTIMAL
grid_3x3,seed_milpsnap_grid3x3_high.json,247,9,12,39,11.1613,0.0,0.192,OPTIMAL
grid_3x3,seed_milpsnap_grid3x3_high.json,248,9,12,39,11.1613,0.0,0.151,OPTIMAL
grid_3x3,seed_milpsnap_grid3x3_high.json,249,9,12,34,11.1613,0.0,0.13,OPTIMAL
grid_3x3,seed_milpsnap_grid3x3_high.json,250,9,12,32,11.1613,0.0,0.13,OPTIMAL
grid_3x3,seed_milpsnap_grid3x3_high.json,251,9,12,31,11.1613,6.841934214796302e-05,0.141,OPTIMAL
grid_3x3,seed_milpsnap_grid3x3_high.json,252,9,12,29,11.1613,0.0,0.108,OPTIMAL
grid_3x3,seed_milpsnap_grid3x3_high.json,253,9,12,30,11.1613,0.0,0.111,OPTIMAL
grid_3x3,seed_milpsnap_grid3x3_high.json,254,9,12,29,11.1613,0.0,0.113,OPTIMAL
grid_3x3,seed_milpsnap_grid3x3_high.json,255,9,12,28,11.1613,0.0,0.122,OPTIMAL
grid_3x3,seed_milpsnap_grid3x3_high.json,256,9,12,27,11.1613,0.0,0.124,OPTIMAL
grid_3x3,seed_milpsnap_grid3x3_high.json,257,9,12,25,11.1613,0.0,0.093,OPTIMAL
grid_3x3,seed_milpsnap_grid3x3_high.json,258,9,12,25,11.1613,0.0,0.09,OPTIMAL
grid_3x3,seed_milpsnap_grid3x3_high.json,259,9,12,27,11.1613,0.0,0.101,OPTIMAL
grid_3x3,seed_milpsnap_grid3x3_high.json,260,9,12,25,11.1613,0.0,0.124,OPTIMAL
grid_3x3,seed_milpsnap_grid3x3_high.json,261,9,12,25,11.1613,0.0,0.099,OPTIMAL
grid_3x3,seed_milpsnap_grid3x3_high.json,262,9,12,24,11.1613,0.0,0.083,OPTIMAL
grid_3x3,seed_milpsnap_grid3x3_high.json,263,9,12,28,11.1613,0.0,0.103,OPTIMAL
grid_3x3,seed_milpsnap_grid3x3_high.json,264,9,12,29,11.1613,6.841934214796302e-05,0.106,OPTIMAL
grid_3x3,seed_milpsnap_grid3x3_high.json,265,9,12,30,11.1613,0.0,0.14,OPTIMAL
grid_3x3,seed_milpsnap_grid3x3_high.json,266,9,12,29,11.1613,0.0,0.131,OPTIMAL
grid_3x3,seed_milpsnap_grid3x3_high.json,267,9,12,30,11.1613,0.0,0.118,OPTIMAL
grid_3x3,seed_milpsnap_grid3x3_high.json,268,9,12,30,11.1613,0.0,0.109,OPTIMAL
grid_3x3,seed_milpsnap_grid3x3_high.json,269,9,12,30,11.1613,0.0,0.114,OPTIMAL
grid_3x3,seed_milpsnap_grid3x3_high.json,270,9,12,30,11.1613,0.0,0.144,OPTIMAL
grid_3x3,seed_milpsnap_grid3x3_high.json,271,9,12,27,11.1613,0.0,0.104,OPTIMAL
grid_3x3,seed_milpsnap_grid3x3_high.json,272,9,12,27,11.1613,0.0,0.103,OPTIMAL
grid_3x3,seed_milpsnap_grid3x3_high.json,273,9,12,27,11.1613,0.0,0.104,OPTIMAL
grid_3x3,seed_milpsnap_grid3x3_high.json,274,9,12,25,11.1613,6.841934214796302e-05,0.125,OPTIMAL
grid_3x3,seed_milpsnap_grid3x3_high.json,275,9,12,26,11.1613,6.841934214796302e-05,0.102,OPTIMAL
grid_3x3,seed_milpsnap_grid3x3_high.json,276,9,12,28,11.1613,0.0,0.101,OPTIMAL
grid_3x3,seed_milpsnap_grid3x3_high.json,277,9,12,28,11.1613,0.0,0.102,OPTIMAL
grid_3x3,seed_milpsnap_grid3x3_high.json,278,9,12,27,11.1613,0.0,0.1,OPTIMAL
grid_3x3,seed_milpsnap_grid3x3_high.json,279,9,12,27,11.1613,0.0,0.137,OPTIMAL
grid_3x3,seed_milpsnap_grid3x3_high.json,280,9,12,25,11.1613,6.841934214796302e-05,0.09,OPTIMAL
grid_3x3,seed_milpsnap_grid3x3_high.json,281,9,12,24,11.1613,0.0,0.086,OPTIMAL
grid_3x3,seed_milpsnap_grid3x3_high.json,282,9,12,27,11.1613,0.0,0.1,OPTIMAL
grid_3x3,seed_milpsnap_grid3x3_high.json,283,9,12,26,11.1613,0.0,0.095,OPTIMAL
grid_3x3,seed_milpsnap_grid3x3_high.json,284,9,12,30,11.1613,0.0,0.127,OPTIMAL
grid_3x3,seed_milpsnap_grid3x3_high.json,285,9,12,30,11.1613,0.0,0.138,OPTIMAL
grid_3x3,seed_milpsnap_grid3x3_high.json,286,9,12,36,11.1613,0.0,0.141,OPTIMAL
grid_3x3,seed_milpsnap_grid3x3_high.json,287,9,12,38,11.1613,0.0,0.16,OPTIMAL
grid_3x3,seed_milpsnap_grid3x3_high.json,288,9,12,36,11.1613,0.0,0.17,OPTIMAL
grid_3x3,seed_milpsnap_grid3x3_high.json,289,9,12,35,11.1613,0.0,0.147,OPTIMAL
grid_3x3,seed_milpsnap_grid3x3_high.json,290,9,12,36,11.1613,6.841934214796302e-05,0.145,OPTIMAL
grid_3x3,seed_milpsnap_grid3x3_high.json,291,9,12,33,11.1613,6.841934214796302e-05,0.169,OPTIMAL
grid_3x3,seed_milpsnap_grid3x3_high.json,292,9,12,34,11.1613,0.0,0.13,OPTIMAL
grid_3x3,seed_milpsnap_grid3x3_high.json,293,9,12,33,11.1613,0.0,0.127,OPTIMAL
grid_3x3,seed_milpsnap_grid3x3_high.json,294,9,12,32,11.1613,0.0,0.122,OPTIMAL
grid_3x3,seed_milpsnap_grid3x3_high.json,295,9,12,31,11.1613,0.0,0.15,OPTIMAL
grid_3x3,seed_milpsnap_grid3x3_high.json,296,9,12,34,11.1613,0.0,0.131,OPTIMAL
grid_3x3,seed_milpsnap_grid3x3_high.json,297,9,12,37,11.1613,0.0,0.148,OPTIMAL
grid_3x3,seed_milpsnap_grid3x3_high.json,298,9,12,1,77.8006,0.0,0.003,OPTIMAL
grid_3x3,seed_milpsnap_grid3x3_high.json,299,9,12,3,44.4809,0.0,0.011,OPTIMAL
grid_3x3,seed_milpsnap_grid3x3_high.json,300,9,12,5,22.2678,0.0,0.021,OPTIMAL
grid_3x3,seed_milpsnap_grid3x3_high.json,301,9,12,8,11.1613,0.0,0.031,OPTIMAL
grid_3x3,seed_milpsnap_grid3x3_high.json,302,9,12,12,11.1613,0.0,0.046,OPTIMAL
grid_3x3,seed_milpsnap_grid3x3_high.json,303,9,12,14,11.1613,0.0,0.05,OPTIMAL
grid_3x3,seed_milpsnap_grid3x3_high.json,304,9,12,19,11.1613,0.0,0.107,OPTIMAL
grid_3x3,seed_milpsnap_grid3x3_high.json,305,9,12,23,11.1613,0.0,0.086,OPTIMAL
grid_3x3,seed_milpsnap_grid3x3_high.json,306,9,12,24,11.1613,0.0,0.095,OPTIMAL
grid_3x3,seed_milpsnap_grid3x3_high.json,307,9,12,25,11.1613,0.0,0.099,OPTIMAL
grid_3x3,seed_milpsnap_grid3x3_high.json,308,9,12,29,11.1613,6.841934214796302e-05,0.111,OPTIMAL
grid_3x3,seed_milpsnap_grid3x3_high.json,309,9,12,32,11.1613,0.0,0.152,OPTIMAL
grid_3x3,seed_milpsnap_grid3x3_high.json,310,9,12,33,11.1613,0.0,0.131,OPTIMAL
grid_3x3,seed_milpsnap_grid3x3_high.json,311,9,12,38,11.1613,0.0,0.153,OPTIMAL
grid_3x3,seed_milpsnap_grid3x3_high.json,312,9,12,37,11.1613,0.0,0.159,OPTIMAL
grid_3x3,seed_milpsnap_grid3x3_high.json,313,9,12,40,11.1613,0.0,0.188,OPTIMAL
grid_3x3,seed_milpsnap_grid3x3_high.json,314,9,12,41,11.1613,0.0,0.164,OPTIMAL
grid_3x3,seed_milpsnap_grid3x3_high.json,315,9,12,41,11.1613,0.0,0.171,OPTIMAL
grid_3x3,seed_milpsnap_grid3x3_high.json,316,9,12,40,11.1613,0.0,0.188,OPTIMAL
grid_3x3,seed_milpsnap_grid3x3_high.json,317,9,12,38,11.1613,0.0,0.153,OPTIMAL
grid_3x3,seed_milpsnap_grid3x3_high.json,318,9,12,38,11.1613,0.0,0.16,OPTIMAL
grid_3x3,seed_milpsnap_grid3x3_high.json,319,9,12,36,11.1613,0.0,0.164,OPTIMAL
grid_3x3,seed_milpsnap_grid3x3_high.json,320,9,12,33,11.1613,0.0,0.126,OPTIMAL
grid_3x3,seed_milpsnap_grid3x3_high.json,321,9,12,33,11.1613,0.0,0.124,OPTIMAL
grid_3x3,seed_milpsnap_grid3x3_high.json,322,9,12,34,11.1613,0.0,0.152,OPTIMAL
grid_3x3,seed_milpsnap_grid3x3_high.json,323,9,12,34,11.1613,0.0,0.153,OPTIMAL
grid_3x3,seed_milpsnap_grid3x3_high.json,324,9,12,35,11.1613,0.0,0.153,OPTIMAL
grid_3x3,seed_milpsnap_grid3x3_high.json,325,9,12,35,11.1613,0.0,0.132,OPTIMAL
grid_3x3,seed_milpsnap_grid3x3_high.json,326,9,12,31,11.1613,0.0,0.141,OPTIMAL
grid_3x3,seed_milpsnap_grid3x3_high.json,327,9,12,32,11.1613,0.0,0.124,OPTIMAL
grid_3x3,seed_milpsnap_grid3x3_high.json,328,9,12,32,11.1613,0.0,0.122,OPTIMAL
grid_3x3,seed_milpsnap_grid3x3_high.json,329,9,12,30,11.1613,0.0,0.112,OPTIMAL
grid_3x3,seed_milpsnap_grid3x3_high.json,330,9,12,28,11.1613,6.841934214796302e-05,0.12,OPTIMAL
grid_3x3,seed_milpsnap_grid3x3_high.json,331,9,12,29,11.1613,0.0,0.132,OPTIMAL
grid_3x3,seed_milpsnap_grid3x3_high.json,332,9,12,32,11.1613,6.841934214796302e-05,0.126,OPTIMAL
grid_3x3,seed_milpsnap_grid3x3_high.json,333,9,12,31,11.1613,0.0,0.117,OPTIMAL
grid_3x3,seed_milpsnap_grid3x3_high.json,334,9,12,30,11.1613,0.0,0.116,OPTIMAL
grid_3x3,seed_milpsnap_grid3x3_high.json,335,9,12,31,11.1613,0.0,0.14,OPTIMAL
grid_3x3,seed_milpsnap_grid3x3_high.json,336,9,12,31,11.1613,0.0,0.121,OPTIMAL
grid_3x3,seed_milpsnap_grid3x3_high.json,337,9,12,31,11.1613,0.0,0.123,OPTIMAL
grid_3x3,seed_milpsnap_grid3x3_high.json,338,9,12,30,11.1613,0.0,0.121,OPTIMAL
grid_3x3,seed_milpsnap_grid3x3_high.json,339,9,12,28,11.1613,0.0,0.125,OPTIMAL
grid_3x3,seed_milpsnap_grid3x3_high.json,340,9,12,28,11.1613,6.841934214796302e-05,0.107,OPTIMAL
grid_3x3,seed_milpsnap_grid3x3_high.json,341,9,12,28,11.1613,0.0,0.099,OPTIMAL
grid_3x3,seed_milpsnap_grid3x3_high.json,342,9,12,29,11.1613,0.0,0.105,OPTIMAL
grid_3x3,seed_milpsnap_grid3x3_high.json,343,9,12,27,11.1613,0.0,0.096,OPTIMAL
grid_3x3,seed_milpsnap_grid3x3_high.json,344,9,12,27,11.1613,0.0,0.139,OPTIMAL
grid_3x3,seed_milpsnap_grid3x3_high.json,345,9,12,30,11.1613,0.0,0.119,OPTIMAL
grid_3x3,seed_milpsnap_grid3x3_high.json,346,9,12,29,11.1613,0.0,0.11,OPTIMAL
grid_3x3,seed_milpsnap_grid3x3_high.json,347,9,12,27,11.1613,0.0,0.103,OPTIMAL
grid_3x3,seed_milpsnap_grid3x3_high.json,348,9,12,27,11.1613,0.0,0.095,OPTIMAL
grid_3x3,seed_milpsnap_grid3x3_high.json,349,9,12,28,11.1613,0.0,0.125,OPTIMAL
grid_3x3,seed_milpsnap_grid3x3_high.json,350,9,12,26,11.1613,0.0,0.09,OPTIMAL
grid_3x3,seed_milpsnap_grid3x3_high.json,351,9,12,28,11.1613,0.0,0.106,OPTIMAL
grid_3x3,seed_milpsnap_grid3x3_high.json,352,9,12,30,11.1613,0.0,0.109,OPTIMAL
grid_3x3,seed_milpsnap_grid3x3_high.json,353,9,12,28,11.1613,0.0,0.099,OPTIMAL
grid_3x3,seed_milpsnap_grid3x3_high.json,354,9,12,27,11.1613,0.0,0.117,OPTIMAL
grid_3x3,seed_milpsnap_grid3x3_high.json,355,9,12,27,11.1613,0.0,0.098,OPTIMAL
grid_3x3,seed_milpsnap_grid3x3_high.json,356,9,12,29,11.1613,0.0,0.109,OPTIMAL
grid_3x3,seed_milpsnap_grid3x3_high.json,357,9,12,28,11.1613,0.0,0.104,OPTIMAL
grid_3x3,seed_milpsnap_grid3x3_high.json,358,9,12,29,11.1613,0.0,0.155,OPTIMAL
grid_3x3,seed_milpsnap_grid3x3_high.json,359,9,12,31,11.1613,0.0,0.138,OPTIMAL
grid_3x3,seed_milpsnap_grid3x3_high.json,360,9,12,31,11.1613,0.0,0.121,OPTIMAL
grid_3x3,seed_milpsnap_grid3x3_high.json,361,9,12,34,11.1613,0.0,0.138,OPTIMAL
grid_3x3,seed_milpsnap_grid3x3_high.json,362,9,12,34,11.1613,0.0,0.176,OPTIMAL
grid_3x3,seed_milpsnap_grid3x3_high.json,363,9,12,36,11.1613,0.0,0.145,OPTIMAL
grid_3x3,seed_milpsnap_grid3x3_high.json,364,9,12,33,11.1613,0.0,0.133,OPTIMAL
grid_3x3,seed_milpsnap_grid3x3_high.json,365,9,12,35,11.1613,6.841934214796302e-05,0.136,OPTIMAL
grid_3x3,seed_milpsnap_grid3x3_high.json,366,9,12,35,11.1613,0.0,0.163,OPTIMAL
grid_3x3,seed_milpsnap_grid3x3_high.json,367,9,12,33,11.1613,0.0,0.125,OPTIMAL
grid_3x3,seed_milpsnap_grid3x3_high.json,368,9,12,36,11.1613,0.0,0.143,OPTIMAL
grid_3x3,seed_milpsnap_grid3x3_high.json,369,9,12,36,11.1613,0.0,0.181,OPTIMAL
grid_3x3,seed_milpsnap_grid3x3_high.json,370,9,12,40,11.1613,0.0,0.171,OPTIMAL
grid_3x3,seed_milpsnap_grid3x3_high.json,371,9,12,39,11.1613,0.0,0.153,OPTIMAL
grid_3x3,seed_milpsnap_grid3x3_high.json,372,9,12,39,11.1613,0.0,0.169,OPTIMAL
grid_3x3,seed_milpsnap_grid3x3_high.json,373,9,12,37,11.1613,0.0,0.165,OPTIMAL
grid_3x3,seed_milpsnap_grid3x3_high.json,374,9,12,35,11.1613,6.841934214796302e-05,0.136,OPTIMAL
grid_3x3,seed_milpsnap_grid3x3_high.json,375,9,12,33,11.1613,0.0,0.121,OPTIMAL
grid_3x3,seed_milpsnap_grid3x3_high.json,376,9,12,29,11.1613,0.0,0.112,OPTIMAL
grid_3x3,seed_milpsnap_grid3x3_high.json,377,9,12,29,11.1613,0.0,0.131,OPTIMAL
grid_3x3,seed_milpsnap_grid3x3_high.json,378,9,12,27,11.1613,0.0,0.099,OPTIMAL
grid_3x3,seed_milpsnap_grid3x3_high.json,379,9,12,31,11.1613,0.0,0.126,OPTIMAL
grid_3x3,seed_milpsnap_grid3x3_high.json,380,9,12,30,11.1613,0.0,0.116,OPTIMAL
grid_3x3,seed_milpsnap_grid3x3_high.json,381,9,12,31,11.1613,0.0,0.145,OPTIMAL
grid_3x3,seed_milpsnap_grid3x3_high.json,382,9,12,32,11.1613,0.0,0.134,OPTIMAL
grid_3x3,seed_milpsnap_grid3x3_high.json,383,9,12,31,11.1613,6.841934214796302e-05,0.12,OPTIMAL
grid_3x3,seed_milpsnap_grid3x3_high.json,384,9,12,32,11.1613,0.0,0.123,OPTIMAL
grid_3x3,seed_milpsnap_grid3x3_high.json,385,9,12,29,11.1613,6.841934214796302e-05,0.138,OPTIMAL
grid_3x3,seed_milpsnap_grid3x3_high.json,386,9,12,32,11.1613,0.0,0.127,OPTIMAL
grid_3x3,seed_milpsnap_grid3x3_high.json,387,9,12,34,11.1613,0.0,0.13,OPTIMAL
grid_3x3,seed_milpsnap_grid3x3_high.json,388,9,12,36,11.1613,0.0,0.146,OPTIMAL
grid_3x3,seed_milpsnap_grid3x3_high.json,389,9,12,36,11.1613,0.0,0.169,OPTIMAL
grid_3x3,seed_milpsnap_grid3x3_high.json,390,9,12,36,11.1613,0.0,0.144,OPTIMAL
grid_3x3,seed_milpsnap_grid3x3_high.json,391,9,12,35,11.1613,0.0,0.136,OPTIMAL
grid_3x3,seed_milpsnap_grid3x3_high.json,392,9,12,32,11.1613,0.0,0.171,OPTIMAL
grid_3x3,seed_milpsnap_grid3x3_high.json,393,9,12,33,11.1613,0.0,0.128,OPTIMAL
grid_3x3,seed_milpsnap_grid3x3_high.json,394,9,12,30,11.1613,0.0,0.122,OPTIMAL
grid_3x3,seed_milpsnap_grid3x3_high.json,395,9,12,29,11.1613,0.0,0.104,OPTIMAL
grid_3x3,seed_milpsnap_grid3x3_high.json,396,9,12,25,11.1613,0.0,0.131,OPTIMAL
grid_3x3,seed_milpsnap_grid3x3_high.json,397,9,12,24,11.1613,0.0,0.086,OPTIMAL
grid_3x3,seed_milpsnap_grid3x3_high.json,398,9,12,25,11.1613,0.0,0.09,OPTIMAL
grid_3x3,seed_milpsnap_grid3x3_high.json,399,9,12,27,11.1613,6.841934214796302e-05,0.1,OPTIMAL
grid_3x3,seed_milpsnap_grid3x3_high.json,400,9,12,29,11.1613,0.0,0.104,OPTIMAL
grid_3x3,seed_milpsnap_grid3x3_high.json,401,9,12,28,11.1613,0.0,0.103,OPTIMAL
grid_3x3,seed_milpsnap_grid3x3_high.json,402,9,12,27,11.1613,0.0,0.127,OPTIMAL
grid_3x3,seed_milpsnap_grid3x3_high.json,403,9,12,26,11.1613,0.0,0.093,OPTIMAL
grid_3x3,seed_milpsnap_grid3x3_high.json,404,9,12,26,11.1613,0.0,0.1,OPTIMAL
grid_3x3,seed_milpsnap_grid3x3_high.json,405,9,12,26,11.1613,0.0,0.096,OPTIMAL
grid_3x3,seed_milpsnap_grid3x3_high.json,406,9,12,27,11.1613,0.0,0.103,OPTIMAL
grid_3x3,seed_milpsnap_grid3x3_high.json,407,9,12,26,11.1613,0.0,0.124,OPTIMAL
grid_3x3,seed_milpsnap_grid3x3_high.json,408,9,12,28,11.1613,0.0,0.103,OPTIMAL
grid_3x3,seed_milpsnap_grid3x3_high.json,409,9,12,30,11.1613,0.0,0.125,OPTIMAL
grid_3x3,seed_milpsnap_grid3x3_high.json,410,9,12,32,11.1613,0.0,0.122,OPTIMAL
grid_3x3,seed_milpsnap_grid3x3_high.json,411,9,12,31,11.1613,0.0,0.156,OPTIMAL
grid_3x3,seed_milpsnap_grid3x3_high.json,412,9,12,28,11.1613,0.0,0.108,OPTIMAL
grid_3x3,seed_milpsnap_grid3x3_high.json,413,9,12,25,11.1613,0.0,0.089,OPTIMAL
grid_3x3,seed_milpsnap_grid3x3_high.json,414,9,12,25,11.1613,6.841934214796302e-05,0.091,OPTIMAL
grid_3x3,seed_milpsnap_grid3x3_high.json,415,9,12,24,11.1613,0.0,0.089,OPTIMAL
grid_3x3,seed_milpsnap_grid3x3_high.json,416,9,12,24,11.1613,0.0,0.1,OPTIMAL
grid_3x3,seed_milpsnap_grid3x3_high.json,417,9,12,24,11.1613,0.0,0.112,OPTIMAL
grid_3x3,seed_milpsnap_grid3x3_high.json,418,9,12,25,11.1613,0.0,0.094,OPTIMAL
grid_3x3,seed_milpsnap_grid3x3_high.json,419,9,12,29,11.1613,0.0,0.107,OPTIMAL
grid_3x3,seed_milpsnap_grid3x3_high.json,420,9,12,33,11.1613,0.0,0.126,OPTIMAL
grid_3x3,seed_milpsnap_grid3x3_high.json,421,9,12,33,11.1613,6.841934214796302e-05,0.154,OPTIMAL
grid_3x3,seed_milpsnap_grid3x3_high.json,422,9,12,34,11.1613,0.0,0.13,OPTIMAL
grid_3x3,seed_milpsnap_grid3x3_high.json,423,9,12,32,11.1613,0.0,0.127,OPTIMAL
grid_3x3,seed_milpsnap_grid3x3_high.json,424,9,12,30,11.1613,0.0,0.108,OPTIMAL
grid_3x3,seed_milpsnap_grid3x3_high.json,425,9,12,31,11.1613,0.0,0.143,OPTIMAL
grid_3x3,seed_milpsnap_grid3x3_high.json,426,9,12,34,11.1613,0.0,0.126,OPTIMAL
grid_3x3,seed_milpsnap_grid3x3_high.json,427,9,12,35,11.1613,0.0,0.135,OPTIMAL
grid_3x3,seed_milpsnap_grid3x3_high.json,428,9,12,37,11.1613,0.0,0.151,OPTIMAL
grid_3x3,seed_milpsnap_grid3x3_high.json,429,9,12,34,11.1613,6.841934214796302e-05,0.16,OPTIMAL
grid_3x3,seed_milpsnap_grid3x3_high.json,430,9,12,33,11.1613,0.0,0.127,OPTIMAL
grid_3x3,seed_milpsnap_grid3x3_high.json,431,9,12,34,11.1613,0.0,0.13,OPTIMAL
grid_3x3,seed_milpsnap_grid3x3_high.json,432,9,12,34,11.1613,6.841934214796302e-05,0.13,OPTIMAL
grid_3x3,seed_milpsnap_grid3x3_high.json,433,9,12,32,11.1613,0.0,0.149,OPTIMAL
grid_3x3,seed_milpsnap_grid3x3_high.json,434,9,12,28,11.1613,0.0,0.107,OPTIMAL
grid_3x3,seed_milpsnap_grid3x3_high.json,435,9,12,28,11.1613,6.841934214796302e-05,0.102,OPTIMAL
grid_3x3,seed_milpsnap_grid3x3_high.json,436,9,12,29,11.1613,0.0,0.122,OPTIMAL
grid_3x3,seed_milpsnap_grid3x3_high.json,437,9,12,29,11.1613,0.0,0.144,OPTIMAL
grid_3x3,seed_milpsnap_grid3x3_high.json,438,9,12,31,11.1613,0.0,0.128,OPTIMAL
grid_3x3,seed_milpsnap_grid3x3_high.json,439,9,12,36,11.1613,0.0,0.148,OPTIMAL
grid_3x3,seed_milpsnap_grid3x3_high.json,440,9,12,35,11.1613,0.0,0.139,OPTIMAL
grid_3x3,seed_milpsnap_grid3x3_high.json,441,9,12,35,11.1613,0.0,0.16,OPTIMAL
grid_3x3,seed_milpsnap_grid3x3_high.json,442,9,12,36,11.1613,6.841934214796302e-05,0.146,OPTIMAL
grid_3x3,seed_milpsnap_grid3x3_high.json,443,9,12,34,11.1613,0.0,0.137,OPTIMAL
grid_3x3,seed_milpsnap_grid3x3_high.json,444,9,12,35,11.1613,0.0,0.14,OPTIMAL
grid_3x3,seed_milpsnap_grid3x3_high.json,445,9,12,34,11.1613,0.0,0.149,OPTIMAL
grid_3x3,seed_milpsnap_grid3x3_high.json,446,9,12,32,11.1613,6.841934214796302e-05,0.124,OPTIMAL
grid_3x3,seed_milpsnap_grid3x3_high.json,447,9,12,1,77.8006,0.0,0.007,OPTIMAL
grid_3x3,seed_milpsnap_grid3x3_high.json,448,9,12,3,33.388,0.0,0.009,OPTIMAL
grid_3x3,seed_milpsnap_grid3x3_high.json,449,9,12,4,22.2678,0.0,0.014,OPTIMAL
grid_3x3,seed_milpsnap_grid3x3_high.json,450,9,12,7,22.2678,0.0,0.022,OPTIMAL
grid_3x3,seed_milpsnap_grid3x3_high.json,451,9,12,9,22.2678,0.0,0.027,OPTIMAL
grid_3x3,seed_milpsnap_grid3x3_high.json,452,9,12,10,22.2678,0.0,0.025,OPTIMAL
grid_3x3,seed_milpsnap_grid3x3_high.json,453,9,12,14,11.1613,6.841934214796302e-05,0.054,OPTIMAL
grid_3x3,seed_milpsnap_grid3x3_high.json,454,9,12,19,11.1613,0.0,0.086,OPTIMAL
grid_3x3,seed_milpsnap_grid3x3_high.json,455,9,12,22,11.1613,0.0,0.101,OPTIMAL
grid_3x3,seed_milpsnap_grid3x3_high.json,456,9,12,23,11.1613,0.0,0.089,OPTIMAL
grid_3x3,seed_milpsnap_grid3x3_high.json,457,9,12,27,11.1613,0.0,0.098,OPTIMAL
grid_3x3,seed_milpsnap_grid3x3_high.json,458,9,12,32,11.1613,0.0,0.126,OPTIMAL
grid_3x3,seed_milpsnap_grid3x3_high.json,459,9,12,33,11.1613,0.0,0.164,OPTIMAL
grid_3x3,seed_milpsnap_grid3x3_high.json,460,9,12,32,11.1613,0.0,0.135,OPTIMAL
grid_3x3,seed_milpsnap_grid3x3_high.json,461,9,12,37,11.1613,0.0,0.153,OPTIMAL
grid_3x3,seed_milpsnap_grid3x3_high.json,462,9,12,38,11.1613,0.0,0.154,OPTIMAL
grid_3x3,seed_milpsnap_grid3x3_high.json,463,9,12,39,11.1613,0.0,0.182,OPTIMAL
grid_3x3,seed_milpsnap_grid3x3_high.json,464,9,12,43,11.1613,6.841934214796302e-05,0.166,OPTIMAL
grid_3x3,seed_milpsnap_grid3x3_high.json,465,9,12,43,11.1613,0.0,0.172,OPTIMAL
grid_3x3,seed_milpsnap_grid3x3_high.json,466,9,12,43,11.1613,0.0,0.208,OPTIMAL
grid_3x3,seed_milpsnap_grid3x3_high.json,467,9,12,40,11.1613,0.0,0.165,OPTIMAL
grid_3x3,seed_milpsnap_grid3x3_high.json,468,9,12,36,11.1613,0.0,0.148,OPTIMAL
grid_3x3,seed_milpsnap_grid3x3_high.json,469,9,12,37,11.1613,0.0,0.17,OPTIMAL
grid_3x3,seed_milpsnap_grid3x3_high.json,470,9,12,38,11.1613,0.0,0.153,OPTIMAL
grid_3x3,seed_milpsnap_grid3x3_high.json,471,9,12,34,11.1613,0.0,0.134,OPTIMAL
grid_3x3,seed_milpsnap_grid3x3_high.json,472,9,12,31,11.1613,0.0,0.12,OPTIMAL
grid_3x3,seed_milpsnap_grid3x3_high.json,473,9,12,30,11.1613,0.0,0.14,OPTIMAL
grid_3x3,seed_milpsnap_grid3x3_high.json,474,9,12,31,11.1613,0.0,0.123,OPTIMAL
grid_3x3,seed_milpsnap_grid3x3_high.json,475,9,12,27,11.1613,0.0,0.096,OPTIMAL
grid_3x3,seed_milpsnap_grid3x3_high.json,476,9,12,27,11.1613,0.0,0.097,OPTIMAL
grid_3x3,seed_milpsnap_grid3x3_high.json,477,9,12,23,11.1613,0.0,0.084,OPTIMAL
grid_3x3,seed_milpsnap_grid3x3_high.json,478,9,12,24,11.1613,0.0,0.116,OPTIMAL
grid_3x3,seed_milpsnap_grid3x3_high.json,479,9,12,23,11.1613,0.0,0.092,OPTIMAL
grid_3x3,seed_milpsnap_grid3x3_high.json,480,9,12,23,11.1613,0.0,0.083,OPTIMAL
grid_3x3,seed_milpsnap_grid3x3_high.json,481,9,12,22,11.1613,0.0,0.084,OPTIMAL
grid_3x3,seed_milpsnap_grid3x3_high.json,482,9,12,21,11.1613,0.0,0.073,OPTIMAL
grid_3x3,seed_milpsnap_grid3x3_high.json,483,9,12,23,11.1613,0.0,0.086,OPTIMAL
grid_3x3,seed_milpsnap_grid3x3_high.json,484,9,12,21,11.1613,0.0,0.108,OPTIMAL
grid_3x3,seed_milpsnap_grid3x3_high.json,485,9,12,23,11.1613,0.0,0.085,OPTIMAL
grid_3x3,seed_milpsnap_grid3x3_high.json,486,9,12,22,11.1613,0.0,0.076,OPTIMAL
grid_3x3,seed_milpsnap_grid3x3_high.json,487,9,12,23,11.1613,0.0,0.091,OPTIMAL
grid_3x3,seed_milpsnap_grid3x3_high.json,488,9,12,25,11.1613,0.0,0.091,OPTIMAL
grid_3x3,seed_milpsnap_grid3x3_high.json,489,9,12,26,11.1613,0.0,0.127,OPTIMAL
grid_3x3,seed_milpsnap_grid3x3_high.json,490,9,12,25,11.1613,0.0,0.089,OPTIMAL
grid_3x3,seed_milpsnap_grid3x3_high.json,491,9,12,28,11.1613,0.0,0.109,OPTIMAL
grid_3x3,seed_milpsnap_grid3x3_high.json,492,9,12,29,11.1613,0.0,0.103,OPTIMAL
grid_3x3,seed_milpsnap_grid3x3_high.json,493,9,12,26,11.1613,6.841934214796302e-05,0.089,OPTIMAL
grid_3x3,seed_milpsnap_grid3x3_high.json,494,9,12,29,11.1613,0.0,0.149,OPTIMAL
grid_3x3,seed_milpsnap_grid3x3_high.json,495,9,12,30,11.1613,0.0,0.121,OPTIMAL
grid_3x3,seed_milpsnap_grid3x3_high.json,496,9,12,31,11.1613,0.0,0.121,OPTIMAL
grid_3x3,seed_milpsnap_grid3x3_high.json,497,9,12,29,11.1613,0.0,0.105,OPTIMAL
grid_3x3,seed_milpsnap_grid3x3_high.json,498,9,12,28,11.1613,0.0,0.112,OPTIMAL
grid_3x3,seed_milpsnap_grid3x3_high.json,499,9,12,30,11.1613,0.0,0.131,OPTIMAL
grid_3x3,seed_milpsnap_grid3x3_high.json,500,9,12,32,11.1613,0.0,0.122,OPTIMAL
grid_3x3,seed_milpsnap_grid3x3_high.json,501,9,12,33,11.1613,6.841934214796302e-05,0.125,OPTIMAL
grid_3x3,seed_milpsnap_grid3x3_high.json,502,9,12,31,11.1613,0.0,0.114,OPTIMAL
grid_3x3,seed_milpsnap_grid3x3_high.json,503,9,12,28,11.1613,0.0,0.134,OPTIMAL
grid_3x3,seed_milpsnap_grid3x3_high.json,504,9,12,27,11.1613,0.0,0.099,OPTIMAL
grid_3x3,seed_milpsnap_grid3x3_high.json,505,9,12,29,11.1613,0.0,0.104,OPTIMAL
grid_3x3,seed_milpsnap_grid3x3_high.json,506,9,12,28,11.1613,0.0,0.106,OPTIMAL
grid_3x3,seed_milpsnap_grid3x3_high.json,507,9,12,29,11.1613,6.841934214796302e-05,0.109,OPTIMAL
grid_3x3,seed_milpsnap_grid3x3_high.json,508,9,12,33,11.1613,6.841934214796302e-05,0.157,OPTIMAL
grid_3x3,seed_milpsnap_grid3x3_high.json,509,9,12,30,11.1613,0.0,0.122,OPTIMAL
grid_3x3,seed_milpsnap_grid3x3_high.json,510,9,12,31,11.1613,0.0,0.122,OPTIMAL
grid_3x3,seed_milpsnap_grid3x3_high.json,511,9,12,30,11.1613,0.0,0.118,OPTIMAL
grid_3x3,seed_milpsnap_grid3x3_high.json,512,9,12,30,11.1613,6.841934214796302e-05,0.135,OPTIMAL
grid_3x3,seed_milpsnap_grid3x3_high.json,513,9,12,32,11.1613,0.0,0.124,OPTIMAL
grid_3x3,seed_milpsnap_grid3x3_high.json,514,9,12,27,11.1613,0.0,0.101,OPTIMAL
grid_3x3,seed_milpsnap_grid3x3_high.json,515,9,12,25,11.1613,0.0,0.09,OPTIMAL
grid_3x3,seed_milpsnap_grid3x3_high.json,516,9,12,24,11.1613,0.0,0.086,OPTIMAL
grid_3x3,seed_milpsnap_grid3x3_high.json,517,9,12,26,11.1613,0.0,0.118,OPTIMAL
grid_3x3,seed_milpsnap_grid3x3_high.json,518,9,12,26,11.1613,0.0,0.094,OPTIMAL
grid_3x3,seed_milpsnap_grid3x3_high.json,519,9,12,26,11.1613,0.0,0.095,OPTIMAL
grid_3x3,seed_milpsnap_grid3x3_high.json,520,9,12,23,11.1613,0.0,0.082,OPTIMAL
grid_3x3,seed_milpsnap_grid3x3_high.json,521,9,12,21,11.1613,0.0,0.074,OPTIMAL
grid_3x3,seed_milpsnap_grid3x3_high.json,522,9,12,20,11.1613,0.0,0.073,OPTIMAL
grid_3x3,seed_milpsnap_grid3x3_high.json,523,9,12,16,11.1613,0.0,0.088,OPTIMAL
grid_3x3,seed_milpsnap_grid3x3_high.json,524,9,12,15,11.1613,0.0,0.055,OPTIMAL
grid_3x3,seed_milpsnap_grid3x3_high.json,525,9,12,15,11.1613,0.0,0.06,OPTIMAL
grid_3x3,seed_milpsnap_grid3x3_high.json,526,9,12,16,11.1613,0.0,0.064,OPTIMAL
grid_3x3,seed_milpsnap_grid3x3_high.json,527,9,12,20,11.1613,0.0,0.072,OPTIMAL
grid_3x3,seed_milpsnap_grid3x3_high.json,528,9,12,18,11.1613,0.0,0.063,OPTIMAL
grid_3x3,seed_milpsnap_grid3x3_high.json,529,9,12,19,11.1613,0.0,0.069,OPTIMAL
grid_3x3,seed_milpsnap_grid3x3_high.json,530,9,12,21,11.1613,0.0,0.082,OPTIMAL
grid_3x3,seed_milpsnap_grid3x3_high.json,531,9,12,24,11.1613,0.0,0.119,OPTIMAL
grid_3x3,seed_milpsnap_grid3x3_high.json,532,9,12,23,11.1613,0.0,0.085,OPTIMAL
grid_3x3,seed_milpsnap_grid3x3_high.json,533,9,12,26,11.1613,0.0,0.094,OPTIMAL
grid_3x3,seed_milpsnap_grid3x3_high.json,534,9,12,29,11.1613,0.0,0.107,OPTIMAL
grid_3x3,seed_milpsnap_grid3x3_high.json,535,9,12,31,11.1613,0.0,0.148,OPTIMAL
grid_3x3,seed_milpsnap_grid3x3_high.json,536,9,12,36,11.1613,0.0,0.15,OPTIMAL
grid_3x3,seed_milpsnap_grid3x3_high.json,537,9,12,35,11.1613,0.0,0.141,OPTIMAL
grid_3x3,seed_milpsnap_grid3x3_high.json,538,9,12,38,11.1613,0.0,0.149,OPTIMAL
grid_3x3,seed_milpsnap_grid3x3_high.json,539,9,12,37,11.1613,6.841934214796302e-05,0.173,OPTIMAL
grid_3x3,seed_milpsnap_grid3x3_high.json,540,9,12,37,11.1613,0.0,0.152,OPTIMAL
grid_3x3,seed_milpsnap_grid3x3_high.json,541,9,12,36,11.1613,0.0,0.148,OPTIMAL
grid_3x3,seed_milpsnap_grid3x3_high.json,542,9,12,34,11.1613,0.0,0.171,OPTIMAL
grid_3x3,seed_milpsnap_grid3x3_high.json,543,9,12,35,11.1613,0.0,0.128,OPTIMAL
grid_3x3,seed_milpsnap_grid3x3_high.json,544,9,12,36,11.1613,6.841934214796302e-05,0.14,OPTIMAL
grid_3x3,seed_milpsnap_grid3x3_high.json,545,9,12,37,11.1613,0.0,0.14,OPTIMAL
grid_3x3,seed_milpsnap_grid3x3_high.json,546,9,12,33,11.1613,0.0,0.154,OPTIMAL
grid_3x3,seed_milpsnap_grid3x3_high.json,547,9,12,33,11.1613,0.0,0.132,OPTIMAL
grid_3x3,seed_milpsnap_grid3x3_high.json,548,9,12,33,11.1613,0.0,0.129,OPTIMAL
grid_3x3,seed_milpsnap_grid3x3_high.json,549,9,12,33,11.1613,0.0,0.131,OPTIMAL
grid_3x3,seed_milpsnap_grid3x3_high.json,550,9,12,34,11.1613,6.841934214796302e-05,0.156,OPTIMAL
grid_3x3,seed_milpsnap_grid3x3_high.json,551,9,12,30,11.1613,0.0,0.111,OPTIMAL
grid_3x3,seed_milpsnap_grid3x3_high.json,552,9,12,32,11.1613,0.0,0.123,OPTIMAL
grid_3x3,seed_milpsnap_grid3x3_high.json,553,9,12,29,11.1613,0.0,0.113,OPTIMAL
grid_3x3,seed_milpsnap_grid3x3_high.json,554,9,12,28,11.1613,0.0,0.133,OPTIMAL
grid_3x3,seed_milpsnap_grid3x3_high.json,555,9,12,29,11.1613,0.0,0.107,OPTIMAL
grid_3x3,seed_milpsnap_grid3x3_high.json,556,9,12,28,11.1613,0.0,0.104,OPTIMAL
grid_3x3,seed_milpsnap_grid3x3_high.json,557,9,12,28,11.1613,0.0,0.102,OPTIMAL
grid_3x3,seed_milpsnap_grid3x3_high.json,558,9,12,32,11.1613,0.0,0.121,OPTIMAL
grid_3x3,seed_milpsnap_grid3x3_high.json,559,9,12,31,11.1613,0.0,0.14,OPTIMAL
grid_3x3,seed_milpsnap_grid3x3_high.json,560,9,12,32,11.1613,0.0,0.127,OPTIMAL
grid_3x3,seed_milpsnap_grid3x3_high.json,561,9,12,33,11.1613,0.0,0.127,OPTIMAL
grid_3x3,seed_milpsnap_grid3x3_high.json,562,9,12,31,11.1613,6.841934214796302e-05,0.119,OPTIMAL
grid_3x3,seed_milpsnap_grid3x3_high.json,563,9,12,28,11.1613,0.0,0.136,OPTIMAL
grid_3x3,seed_milpsnap_grid3x3_high.json,564,9,12,25,11.1613,6.841934214796302e-05,0.095,OPTIMAL
grid_3x3,seed_milpsnap_grid3x3_high.json,565,9,12,24,11.1613,0.0,0.09,OPTIMAL
grid_3x3,seed_milpsnap_grid3x3_high.json,566,9,12,23,11.1613,0.0,0.088,OPTIMAL
grid_3x3,seed_milpsnap_grid3x3_high.json,567,9,12,24,11.1613,6.841934214796302e-05,0.102,OPTIMAL
grid_3x3,seed_milpsnap_grid3x3_high.json,568,9,12,26,11.1613,0.0,0.123,OPTIMAL
grid_3x3,seed_milpsnap_grid3x3_high.json,569,9,12,27,11.1613,0.0,0.102,OPTIMAL
grid_3x3,seed_milpsnap_grid3x3_high.json,570,9,12,26,11.1613,0.0,0.095,OPTIMAL
grid_3x3,seed_milpsnap_grid3x3_high.json,571,9,12,26,11.1613,0.0,0.093,OPTIMAL
grid_3x3,seed_milpsnap_grid3x3_high.json,572,9,12,26,11.1613,6.841934214796302e-05,0.095,OPTIMAL
grid_3x3,seed_milpsnap_grid3x3_high.json,573,9,12,21,11.1613,0.0,0.097,OPTIMAL
grid_3x3,seed_milpsnap_grid3x3_high.json,574,9,12,19,11.1613,0.0,0.084,OPTIMAL
grid_3x3,seed_milpsnap_grid3x3_high.json,575,9,12,20,11.1613,0.0,0.079,OPTIMAL
grid_3x3,seed_milpsnap_grid3x3_high.json,576,9,12,21,11.1613,0.0,0.076,OPTIMAL
grid_3x3,seed_milpsnap_grid3x3_high.json,577,9,12,21,11.1613,0.0,0.077,OPTIMAL
grid_3x3,seed_milpsnap_grid3x3_high.json,578,9,12,21,11.1613,0.0,0.077,OPTIMAL
grid_3x3,seed_milpsnap_grid3x3_high.json,579,9,12,22,11.1613,6.841934214796302e-05,0.078,OPTIMAL
grid_3x3,seed_milpsnap_grid3x3_high.json,580,9,12,23,11.1613,0.0,0.104,OPTIMAL
grid_3x3,seed_milpsnap_grid3x3_high.json,581,9,12,22,11.1613,0.0,0.078,OPTIMAL
grid_3x3,seed_milpsnap_grid3x3_high.json,582,9,12,21,11.1613,0.0,0.071,OPTIMAL
grid_3x3,seed_milpsnap_grid3x3_high.json,583,9,12,20,11.1613,0.0,0.072,OPTIMAL
grid_3x3,seed_milpsnap_grid3x3_high.json,584,9,12,18,11.1613,0.0,0.065,OPTIMAL
grid_3x3,seed_milpsnap_grid3x3_high.json,585,9,12,19,11.1613,0.0,0.072,OPTIMAL
grid_3x3,seed_milpsnap_grid3x3_high.json,586,9,12,18,11.1613,0.0,0.064,OPTIMAL
grid_3x3,seed_milpsnap_grid3x3_high.json,587,9,12,19,11.1613,0.0,0.111,OPTIMAL
grid_3x3,seed_milpsnap_grid3x3_high.json,588,9,12,17,11.1613,0.0,0.06,OPTIMAL
grid_3x3,seed_milpsnap_grid3x3_high.json,589,9,12,20,11.1613,0.0,0.073,OPTIMAL
grid_3x3,seed_milpsnap_grid3x3_high.json,590,9,12,19,11.1613,0.0,0.064,OPTIMAL
grid_3x3,seed_milpsnap_grid3x3_high.json,591,9,12,21,11.1613,6.841934214796302e-05,0.076,OPTIMAL
grid_3x3,seed_milpsnap_grid3x3_high.json,592,9,12,1,77.8006,0.0,0.003,OPTIMAL
grid_3x3,seed_milpsnap_grid3x3_high.json,593,9,12,4,22.2815,0.0,0.016,OPTIMAL
grid_3x3,seed_milpsnap_grid3x3_high.json,594,9,12,6,22.2678,0.0,0.019,OPTIMAL
grid_3x3,seed_milpsnap_grid3x3_high.json,595,9,12,9,11.1613,0.0,0.039,OPTIMAL
grid_3x3,seed_milpsnap_grid3x3_high.json,596,9,12,12,11.1613,0.0,0.043,OPTIMAL
grid_3x3,seed_milpsnap_grid3x3_high.json,597,9,12,14,11.1613,0.0,0.051,OPTIMAL
grid_3x3,seed_milpsnap_grid3x3_high.json,598,9,12,18,11.1613,0.0,0.093,OPTIMAL
grid_3x3,seed_milpsnap_grid3x3_high.json,599,9,12,19,11.1613,0.0,0.067,OPTIMAL
grid_3x3,seed_milpsnap_grid3x3_high.json,600,9,12,21,11.1613,0.0,0.077,OPTIMAL
grid_3x3,seed_milpsnap_grid3x3_high.json,601,9,12,23,11.1613,0.0,0.084,OPTIMAL
grid_3x3,seed_milpsnap_grid3x3_high.json,602,9,12,24,11.1613,0.0,0.089,OPTIMAL
grid_3x3,seed_milpsnap_grid3x3_high.json,603,9,12,26,11.1613,0.0,0.094,OPTIMAL
grid_3x3,seed_milpsnap_grid3x3_high.json,604,9,12,29,11.1613,0.0,0.133,OPTIMAL
grid_3x3,seed_milpsnap_grid3x3_high.json,605,9,12,30,11.1613,0.0,0.117,OPTIMAL
grid_3x3,seed_milpsnap_grid3x3_high.json,606,9,12,32,11.1613,0.0,0.125,OPTIMAL
grid_3x3,seed_milpsnap_grid3x3_high.json,607,9,12,31,11.1613,0.0,0.125,OPTIMAL
grid_3x3,seed_milpsnap_grid3x3_high.json,608,9,12,32,11.1613,0.0,0.156,OPTIMAL
grid_3x3,seed_milpsnap_grid3x3_high.json,609,9,12,31,11.1613,0.0,0.122,OPTIMAL
grid_3x3,seed_milpsnap_grid3x3_high.json,610,9,12,34,11.1613,0.0,0.306,OPTIMAL
grid_3x3,seed_milpsnap_grid3x3_high.json,611,9,12,32,11.1613,0.0,0.216,OPTIMAL
grid_3x3,seed_milpsnap_grid3x3_high.json,612,9,12,32,11.1613,6.841934214796302e-05,0.119,OPTIMAL
grid_3x3,seed_milpsnap_grid3x3_high.json,613,9,12,30,11.1613,0.0,0.111,OPTIMAL
grid_3x3,seed_milpsnap_grid3x3_high.json,614,9,12,30,11.1613,0.0,0.141,OPTIMAL
grid_3x3,seed_milpsnap_grid3x3_high.json,615,9,12,30,11.1613,0.0,0.111,OPTIMAL
grid_3x3,seed_milpsnap_grid3x3_high.json,616,9,12,28,11.1613,6.841934214796302e-05,0.104,OPTIMAL
grid_3x3,seed_milpsnap_grid3x3_high.json,617,9,12,28,11.1613,0.0,0.099,OPTIMAL
grid_3x3,seed_milpsnap_grid3x3_high.json,618,9,12,30,11.1613,0.0,0.117,OPTIMAL
grid_3x3,seed_milpsnap_grid3x3_high.json,619,9,12,29,11.1613,0.0,0.138,OPTIMAL
grid_3x3,seed_milpsnap_grid3x3_high.json,620,9,12,29,11.1613,0.0,0.122,OPTIMAL
grid_3x3,seed_milpsnap_grid3x3_high.json,621,9,12,29,11.1613,0.0,0.107,OPTIMAL
grid_3x3,seed_milpsnap_grid3x3_high.json,622,9,12,28,11.1613,0.0,0.103,OPTIMAL
grid_3x3,seed_milpsnap_grid3x3_high.json,623,9,12,28,11.1613,0.0,0.101,OPTIMAL
grid_3x3,seed_milpsnap_grid3x3_high.json,624,9,12,32,11.1613,0.0,0.157,OPTIMAL
grid_3x3,seed_milpsnap_grid3x3_high.json,625,9,12,28,11.1613,0.0,0.102,OPTIMAL
grid_3x3,seed_milpsnap_grid3x3_high.json,626,9,12,27,11.1613,0.0,0.099,OPTIMAL
grid_3x3,seed_milpsnap_grid3x3_high.json,627,9,12,26,11.1613,0.0,0.1,OPTIMAL
grid_3x3,seed_milpsnap_grid3x3_high.json,628,9,12,26,11.1613,6.841934214796302e-05,0.128,OPTIMAL
grid_3x3,seed_milpsnap_grid3x3_high.json,629,9,12,28,11.1613,0.0,0.106,OPTIMAL
grid_3x3,seed_milpsnap_grid3x3_high.json,630,9,12,30,11.1613,0.0,0.113,OPTIMAL
grid_3x3,seed_milpsnap_grid3x3_high.json,631,9,12,33,11.1613,6.841934214796302e-05,0.128,OPTIMAL
grid_3x3,seed_milpsnap_grid3x3_high.json,632,9,12,36,11.1613,0.0,0.143,OPTIMAL
grid_3x3,seed_milpsnap_grid3x3_high.json,633,9,12,32,11.1613,0.0,0.15,OPTIMAL
grid_3x3,seed_milpsnap_grid3x3_high.json,634,9,12,32,11.1613,0.0,0.134,OPTIMAL
grid_3x3,seed_milpsnap_grid3x3_high.json,635,9,12,31,11.1613,0.0,0.119,OPTIMAL
grid_3x3,seed_milpsnap_grid3x3_high.json,636,9,12,30,11.1613,0.0,0.112,OPTIMAL
grid_3x3,seed_milpsnap_grid3x3_high.json,637,9,12,32,11.1613,0.0,0.144,OPTIMAL
grid_3x3,seed_milpsnap_grid3x3_high.json,638,9,12,33,11.1613,6.841934214796302e-05,0.125,OPTIMAL
grid_3x3,seed_milpsnap_grid3x3_high.json,639,9,12,28,11.1613,0.0,0.103,OPTIMAL
grid_3x3,seed_milpsnap_grid3x3_high.json,640,9,12,29,11.1613,0.0,0.104,OPTIMAL
grid_3x3,seed_milpsnap_grid3x3_high.json,641,9,12,32,11.1613,6.841934214796302e-05,0.152,OPTIMAL
grid_3x3,seed_milpsnap_grid3x3_high.json,642,9,12,34,11.1613,0.0,0.13,OPTIMAL
grid_3x3,seed_milpsnap_grid3x3_high.json,643,9,12,35,11.1613,0.0,0.131,OPTIMAL
grid_3x3,seed_milpsnap_grid3x3_high.json,644,9,12,34,11.1613,0.0,0.131,OPTIMAL
grid_3x3,seed_milpsnap_grid3x3_high.json,645,9,12,32,11.1613,6.841934214796302e-05,0.151,OPTIMAL
grid_3x3,seed_milpsnap_grid3x3_high.json,646,9,12,32,11.1613,0.0,0.128,OPTIMAL
grid_3x3,seed_milpsnap_grid3x3_high.json,647,9,12,32,11.1613,0.0,0.138,OPTIMAL
grid_3x3,seed_milpsnap_grid3x3_high.json,648,9,12,33,11.1613,0.0,0.133,OPTIMAL
grid_3x3,seed_milpsnap_grid3x3_high.json,649,9,12,34,11.1613,0.0,0.156,OPTIMAL
grid_3x3,seed_milpsnap_grid3x3_high.json,650,9,12,35,11.1613,0.0,0.138,OPTIMAL
grid_3x3,seed_milpsnap_grid3x3_high.json,651,9,12,34,11.1613,0.0,0.136,OPTIMAL
grid_3x3,seed_milpsnap_grid3x3_high.json,652,9,12,32,11.1613,0.0,0.132,OPTIMAL
grid_3x3,seed_milpsnap_grid3x3_high.json,653,9,12,33,11.1613,0.0,0.15,OPTIMAL
grid_3x3,seed_milpsnap_grid3x3_high.json,654,9,12,36,11.1613,0.0,0.147,OPTIMAL
grid_3x3,seed_milpsnap_grid3x3_high.json,655,9,12,35,11.1613,0.0,0.144,OPTIMAL
grid_3x3,seed_milpsnap_grid3x3_high.json,656,9,12,36,11.1613,0.0,0.18,OPTIMAL
grid_3x3,seed_milpsnap_grid3x3_high.json,657,9,12,33,11.1613,0.0,0.146,OPTIMAL
grid_3x3,seed_milpsnap_grid3x3_high.json,658,9,12,31,11.1613,0.0,0.126,OPTIMAL
grid_3x3,seed_milpsnap_grid3x3_high.json,659,9,12,33,11.1613,0.0,0.133,OPTIMAL
grid_3x3,seed_milpsnap_grid3x3_high.json,660,9,12,35,11.1613,6.841934214796302e-05,0.16,OPTIMAL
grid_3x3,seed_milpsnap_grid3x3_high.json,661,9,12,35,11.1613,0.0,0.141,OPTIMAL
grid_3x3,seed_milpsnap_grid3x3_high.json,662,9,12,32,11.1613,0.0,0.125,OPTIMAL
grid_3x3,seed_milpsnap_grid3x3_high.json,663,9,12,32,11.1613,6.841934214796302e-05,0.122,OPTIMAL
grid_3x3,seed_milpsnap_grid3x3_high.json,664,9,12,31,11.1613,6.841934214796302e-05,0.152,OPTIMAL
grid_3x3,seed_milpsnap_grid3x3_high.json,665,9,12,31,11.1613,0.0,0.114,OPTIMAL
grid_3x3,seed_milpsnap_grid3x3_high.json,666,9,12,33,11.1613,0.0,0.124,OPTIMAL
grid_3x3,seed_milpsnap_grid3x3_high.json,667,9,12,34,11.1613,6.841934214796302e-05,0.134,OPTIMAL
grid_3x3,seed_milpsnap_grid3x3_high.json,668,9,12,34,11.1613,0.0,0.163,OPTIMAL
grid_3x3,seed_milpsnap_grid3x3_high.json,669,9,12,33,11.1613,0.0,0.125,OPTIMAL
grid_3x3,seed_milpsnap_grid3x3_high.json,670,9,12,34,11.1613,0.0,0.136,OPTIMAL
grid_3x3,seed_milpsnap_grid3x3_high.json,671,9,12,30,11.1613,0.0,0.156,OPTIMAL
grid_3x3,seed_milpsnap_grid3x3_high.json,672,9,12,31,11.1613,6.841934214796302e-05,0.126,OPTIMAL
grid_3x3,seed_milpsnap_grid3x3_high.json,673,9,12,31,11.1613,0.0,0.119,OPTIMAL
grid_3x3,seed_milpsnap_grid3x3_high.json,674,9,12,27,11.1613,0.0,0.097,OPTIMAL
grid_3x3,seed_milpsnap_grid3x3_high.json,675,9,12,24,11.1613,6.841934214796302e-05,0.087,OPTIMAL
grid_3x3,seed_milpsnap_grid3x3_high.json,676,9,12,25,11.1613,0.0,0.127,OPTIMAL
grid_3x3,seed_milpsnap_grid3x3_high.json,677,9,12,26,11.1613,0.0,0.098,OPTIMAL
grid_3x3,seed_milpsnap_grid3x3_high.json,678,9,12,24,11.1613,0.0,0.086,OPTIMAL
grid_3x3,seed_milpsnap_grid3x3_high.json,679,9,12,24,11.1613,0.0,0.09,OPTIMAL
grid_3x3,seed_milpsnap_grid3x3_high.json,680,9,12,24,11.1613,0.0,0.084,OPTIMAL
grid_3x3,seed_milpsnap_grid3x3_high.json,681,9,12,24,11.1613,0.0,0.087,OPTIMAL
grid_3x3,seed_milpsnap_grid3x3_high.json,682,9,12,24,11.1613,0.0,0.114,OPTIMAL
grid_3x3,seed_milpsnap_grid3x3_high.json,683,9,12,24,11.1613,0.0,0.091,OPTIMAL
grid_3x3,seed_milpsnap_grid3x3_high.json,684,9,12,24,11.1613,0.0,0.09,OPTIMAL
grid_3x3,seed_milpsnap_grid3x3_high.json,685,9,12,27,11.1613,0.0,0.096,OPTIMAL
grid_3x3,seed_milpsnap_grid3x3_high.json,686,9,12,25,11.1613,0.0,0.094,OPTIMAL
grid_3x3,seed_milpsnap_grid3x3_high.json,687,9,12,23,11.1613,0.0,0.118,OPTIMAL
grid_3x3,seed_milpsnap_grid3x3_high.json,688,9,12,25,11.1613,0.0,0.089,OPTIMAL
grid_3x3,seed_milpsnap_grid3x3_high.json,689,9,12,26,11.1613,0.0,0.099,OPTIMAL
grid_3x3,seed_milpsnap_grid3x3_high.json,690,9,12,26,11.1613,6.841934214796302e-05,0.093,OPTIMAL
grid_3x3,seed_milpsnap_grid3x3_high.json,691,9,12,27,11.1613,6.841934214796302e-05,0.099,OPTIMAL
grid_3x3,seed_milpsnap_grid3x3_high.json,692,9,12,29,11.1613,0.0,0.144,OPTIMAL
grid_3x3,seed_milpsnap_grid3x3_high.json,693,9,12,27,11.1613,0.0,0.099,OPTIMAL
grid_3x3,seed_milpsnap_grid3x3_high.json,694,9,12,27,11.1613,0.0,0.108,OPTIMAL
grid_3x3,seed_milpsnap_grid3x3_high.json,695,9,12,25,11.1613,0.0,0.093,OPTIMAL
grid_3x3,seed_milpsnap_grid3x3_high.json,696,9,12,27,11.1613,0.0,0.102,OPTIMAL
grid_3x3,seed_milpsnap_grid3x3_high.json,697,9,12,24,11.1613,0.0,0.098,OPTIMAL
grid_3x3,seed_milpsnap_grid3x3_high.json,698,9,12,25,11.1613,0.0,0.112,OPTIMAL
grid_3x3,seed_milpsnap_grid3x3_high.json,699,9,12,26,11.1613,0.0,0.107,OPTIMAL
grid_3x3,seed_milpsnap_grid3x3_high.json,700,9,12,26,11.1613,0.0,0.093,OPTIMAL
grid_3x3,seed_milpsnap_grid3x3_high.json,701,9,12,26,11.1613,0.0,0.094,OPTIMAL
grid_3x3,seed_milpsnap_grid3x3_high.json,702,9,12,27,11.1613,0.0,0.147,OPTIMAL
grid_3x3,seed_milpsnap_grid3x3_high.json,703,9,12,29,11.1613,0.0,0.11,OPTIMAL
grid_3x3,seed_milpsnap_grid3x3_high.json,704,9,12,30,11.1613,0.0,0.11,OPTIMAL
grid_3x3,seed_milpsnap_grid3x3_high.json,705,9,12,29,11.1613,0.0,0.106,OPTIMAL
grid_3x3,seed_milpsnap_grid3x3_high.json,706,9,12,30,11.1613,0.0,0.113,OPTIMAL
grid_3x3,seed_milpsnap_grid3x3_high.json,707,9,12,32,11.1613,0.0,0.146,OPTIMAL
grid_3x3,seed_milpsnap_grid3x3_high.json,708,9,12,34,11.1613,0.0,0.129,OPTIMAL
grid_3x3,seed_milpsnap_grid3x3_high.json,709,9,12,35,11.1613,0.0,0.136,OPTIMAL
grid_3x3,seed_milpsnap_grid3x3_high.json,710,9,12,36,11.1613,0.0,0.184,OPTIMAL
grid_3x3,seed_milpsnap_grid3x3_high.json,711,9,12,38,11.1613,0.0,0.149,OPTIMAL
grid_3x3,seed_milpsnap_grid3x3_high.json,712,9,12,38,11.1613,0.0,0.142,OPTIMAL
grid_3x3,seed_milpsnap_grid3x3_high.json,713,9,12,40,11.1613,0.0,0.162,OPTIMAL
grid_3x3,seed_milpsnap_grid3x3_high.json,714,9,12,40,11.1613,0.0,0.195,OPTIMAL
grid_3x3,seed_milpsnap_grid3x3_high.json,715,9,12,41,11.1613,0.0,0.164,OPTIMAL
grid_3x3,seed_milpsnap_grid3x3_high.json,716,9,12,43,11.1613,6.841934214796302e-05,0.169,OPTIMAL
grid_3x3,seed_milpsnap_grid3x3_high.json,717,9,12,39,11.1613,0.0,0.182,OPTIMAL
grid_3x3,seed_milpsnap_grid3x3_high.json,718,9,12,38,11.1613,0.0,0.153,OPTIMAL
grid_3x3,seed_milpsnap_grid3x3_high.json,719,9,12,38,11.1613,0.0,0.16,OPTIMAL
grid_3x3,seed_milpsnap_grid3x3_high.json,720,9,12,37,11.1613,0.0,0.185,OPTIMAL
grid_3x3,seed_milpsnap_grid3x3_high.json,721,9,12,37,11.1613,0.0,0.15,OPTIMAL
grid_3x3,seed_milpsnap_grid3x3_high.json,722,9,12,35,11.1613,0.0,0.133,OPTIMAL
grid_3x3,seed_milpsnap_grid3x3_high.json,723,9,12,32,11.1613,0.0,0.137,OPTIMAL
grid_3x3,seed_milpsnap_grid3x3_high.json,724,9,12,32,11.1613,0.0,0.15,OPTIMAL
grid_3x3,seed_milpsnap_grid3x3_high.json,725,9,12,31,11.1613,0.0,0.125,OPTIMAL
grid_3x3,seed_milpsnap_grid3x3_high.json,726,9,12,31,11.1613,0.0,0.118,OPTIMAL
grid_3x3,seed_milpsnap_grid3x3_high.json,727,9,12,29,11.1613,0.0,0.108,OPTIMAL
grid_3x3,seed_milpsnap_grid3x3_high.json,728,9,12,28,11.1613,0.0,0.128,OPTIMAL
grid_3x3,seed_milpsnap_grid3x3_high.json,729,9,12,27,11.1613,0.0,0.103,OPTIMAL
grid_3x3,seed_milpsnap_grid3x3_high.json,730,9,12,26,11.1613,0.0,0.098,OPTIMAL
grid_3x3,seed_milpsnap_grid3x3_high.json,731,9,12,27,11.1613,6.841934214796302e-05,0.101,OPTIMAL
grid_3x3,seed_milpsnap_grid3x3_high.json,732,9,12,29,11.1613,6.841934214796302e-05,0.102,OPTIMAL
grid_3x3,seed_milpsnap_grid3x3_high.json,733,9,12,26,11.1613,0.0,0.125,OPTIMAL
grid_3x3,seed_milpsnap_grid3x3_high.json,734,9,12,25,11.1613,6.841934214796302e-05,0.086,OPTIMAL
grid_3x3,seed_milpsnap_grid3x3_high.json,735,9,12,30,11.1613,6.841934214796302e-05,0.115,OPTIMAL
grid_3x3,seed_milpsnap_grid3x3_high.json,736,9,12,28,11.1613,0.0,0.104,OPTIMAL
grid_3x3,seed_milpsnap_grid3x3_high.json,737,9,12,1,66.694,0.0,0.003,OPTIMAL
grid_3x3,seed_milpsnap_grid3x3_high.json,738,9,12,2,44.4809,0.0,0.011,OPTIMAL
grid_3x3,seed_milpsnap_grid3x3_high.json,739,9,12,5,22.2678,7.819525354803851e-05,0.021,OPTIMAL
grid_3x3,seed_milpsnap_grid3x3_high.json,740,9,12,8,22.2678,0.0,0.027,OPTIMAL
grid_3x3,seed_milpsnap_grid3x3_high.json,741,9,12,11,11.1613,0.0,0.049,OPTIMAL
grid_3x3,seed_milpsnap_grid3x3_high.json,742,9,12,14,11.1613,0.0,0.065,OPTIMAL
grid_3x3,seed_milpsnap_grid3x3_high.json,743,9,12,15,11.1613,0.0,0.052,OPTIMAL
grid_3x3,seed_milpsnap_grid3x3_high.json,744,9,12,18,11.1613,0.0,0.064,OPTIMAL
grid_3x3,seed_milpsnap_grid3x3_high.json,745,9,12,19,11.1613,0.0,0.075,OPTIMAL
grid_3x3,seed_milpsnap_grid3x3_high.json,746,9,12,22,11.1613,0.0,0.078,OPTIMAL
grid_3x3,seed_milpsnap_grid3x3_high.json,747,9,12,23,11.1613,0.0,0.083,OPTIMAL
grid_3x3,seed_milpsnap_grid3x3_high.json,748,9,12,25,11.1613,0.0,0.09,OPTIMAL
grid_3x3,seed_milpsnap_grid3x3_high.json,749,9,12,25,11.1613,0.0,0.115,OPTIMAL
grid_3x3,seed_milpsnap_grid3x3_high.json,750,9,12,25,11.1613,6.841934214796302e-05,0.09,OPTIMAL
grid_3x3,seed_milpsnap_grid3x3_high.json,751,9,12,25,11.1613,0.0,0.088,OPTIMAL
grid_3x3,seed_milpsnap_grid3x3_high.json,752,9,12,27,11.1613,0.0,0.099,OPTIMAL
grid_3x3,seed_milpsnap_grid3x3_high.json,753,9,12,24,11.1613,0.0,0.086,OPTIMAL
grid_3x3,seed_milpsnap_grid3x3_high.json,754,9,12,22,11.1613,0.0,0.086,OPTIMAL
grid_3x3,seed_milpsnap_grid3x3_high.json,755,9,12,24,11.1613,0.0,0.11,OPTIMAL
grid_3x3,seed_milpsnap_grid3x3_high.json,756,9,12,26,11.1613,0.0,0.095,OPTIMAL
grid_3x3,seed_milpsnap_grid3x3_high.json,757,9,12,25,11.1613,6.841934214796302e-05,0.09,OPTIMAL
grid_3x3,seed_milpsnap_grid3x3_high.json,758,9,12,30,11.1613,0.0,0.113,OPTIMAL
grid_3x3,seed_milpsnap_grid3x3_high.json,759,9,12,28,11.1613,0.0,0.113,OPTIMAL
grid_3x3,seed_milpsnap_grid3x3_high.json,760,9,12,29,11.1613,0.0,0.136,OPTIMAL
grid_3x3,seed_milpsnap_grid3x3_high.json,761,9,12,26,11.1613,0.0,0.098,OPTIMAL
grid_3x3,seed_milpsnap_grid3x3_high.json,762,9,12,28,11.1613,0.0,0.103,OPTIMAL
grid_3x3,seed_milpsnap_grid3x3_high.json,763,9,12,29,11.1613,0.0,0.111,OPTIMAL
grid_3x3,seed_milpsnap_grid3x3_high.json,764,9,12,29,11.1613,0.0,0.144,OPTIMAL
grid_3x3,seed_milpsnap_grid3x3_high.json,765,9,12,31,11.1613,0.0,0.124,OPTIMAL
grid_3x3,seed_milpsnap_grid3x3_high.json,766,9,12,30,11.1613,0.0,0.114,OPTIMAL
grid_3x3,seed_milpsnap_grid3x3_high.json,767,9,12,29,11.1613,0.0,0.109,OPTIMAL
grid_3x3,seed_milpsnap_grid3x3_high.json,768,9,12,31,11.1613,0.0,0.115,OPTIMAL
grid_3x3,seed_milpsnap_grid3x3_high.json,769,9,12,31,11.1613,0.0,0.144,OPTIMAL
grid_3x3,seed_milpsnap_grid3x3_high.json,770,9,12,30,11.1613,0.0,0.116,OPTIMAL
grid_3x3,seed_milpsnap_grid3x3_high.json,771,9,12,30,11.1613,0.0,0.11,OPTIMAL
grid_3x3,seed_milpsnap_grid3x3_high.json,772,9,12,31,11.1613,6.841934214796302e-05,0.112,OPTIMAL
grid_3x3,seed_milpsnap_grid3x3_high.json,773,9,12,29,11.1613,0.0,0.132,OPTIMAL
grid_3x3,seed_milpsnap_grid3x3_high.json,774,9,12,30,11.1613,0.0,0.114,OPTIMAL
grid_3x3,seed_milpsnap_grid3x3_high.json,775,9,12,30,11.1613,0.0,0.12,OPTIMAL
grid_3x3,seed_milpsnap_grid3x3_high.json,776,9,12,33,11.1613,0.0,0.131,OPTIMAL
grid_3x3,seed_milpsnap_grid3x3_high.json,777,9,12,31,11.1613,0.0,0.151,OPTIMAL
grid_3x3,seed_milpsnap_grid3x3_high.json,778,9,12,29,11.1613,0.0,0.112,OPTIMAL
grid_3x3,seed_milpsnap_grid3x3_high.json,779,9,12,28,11.1613,0.0,0.108,OPTIMAL
grid_3x3,seed_milpsnap_grid3x3_high.json,780,9,12,29,11.1613,0.0,0.11,OPTIMAL
grid_3x3,seed_milpsnap_grid3x3_high.json,781,9,12,29,11.1613,0.0,0.107,OPTIMAL
grid_3x3,seed_milpsnap_grid3x3_high.json,782,9,12,28,11.1613,0.0,0.127,OPTIMAL
grid_3x3,seed_milpsnap_grid3x3_high.json,783,9,12,27,11.1613,0.0,0.103,OPTIMAL
grid_3x3,seed_milpsnap_grid3x3_high.json,784,9,12,26,11.1613,0.0,0.096,OPTIMAL
grid_3x3,seed_milpsnap_grid3x3_high.json,785,9,12,23,11.1613,6.841934214796302e-05,0.084,OPTIMAL
grid_3x3,seed_milpsnap_grid3x3_high.json,786,9,12,23,11.1613,0.0,0.085,OPTIMAL
grid_3x3,seed_milpsnap_grid3x3_high.json,787,9,12,23,11.1613,0.0,0.105,OPTIMAL
grid_3x3,seed_milpsnap_grid3x3_high.json,788,9,12,21,11.1613,0.0,0.077,OPTIMAL
grid_3x3,seed_milpsnap_grid3x3_high.json,789,9,12,21,11.1613,0.0,0.074,OPTIMAL
grid_3x3,seed_milpsnap_grid3x3_high.json,790,9,12,20,11.1613,0.0,0.078,OPTIMAL
grid_3x3,seed_milpsnap_grid3x3_high.json,791,9,12,22,11.1613,0.0,0.079,OPTIMAL
grid_3x3,seed_milpsnap_grid3x3_high.json,792,9,12,24,11.1613,0.0,0.09,OPTIMAL
grid_3x3,seed_milpsnap_grid3x3_high.json,793,9,12,25,11.1613,0.0,0.124,OPTIMAL
grid_3x3,seed_milpsnap_grid3x3_high.json,794,9,12,26,11.1613,6.841934214796302e-05,0.096,OPTIMAL
grid_3x3,seed_milpsnap_grid3x3_high.json,795,9,12,24,11.1613,0.0,0.085,OPTIMAL
grid_3x3,seed_milpsnap_grid3x3_high.json,796,9,12,24,11.1613,0.0,0.085,OPTIMAL
grid_3x3,seed_milpsnap_grid3x3_high.json,797,9,12,24,11.1613,0.0,0.086,OPTIMAL
grid_3x3,seed_milpsnap_grid3x3_high.json,798,9,12,25,11.1613,6.841934214796302e-05,0.092,OPTIMAL
grid_3x3,seed_milpsnap_grid3x3_high.json,799,9,12,27,11.1613,0.0,0.126,OPTIMAL
grid_3x3,seed_milpsnap_grid3x3_high.json,800,9,12,26,11.1613,0.0,0.092,OPTIMAL
grid_3x3,seed_milpsnap_grid3x3_high.json,801,9,12,28,11.1613,0.0,0.104,OPTIMAL
grid_3x3,seed_milpsnap_grid3x3_high.json,802,9,12,29,11.1613,0.0,0.107,OPTIMAL
grid_3x3,seed_milpsnap_grid3x3_high.json,803,9,12,28,11.1613,0.0,0.1,OPTIMAL
grid_3x3,seed_milpsnap_grid3x3_high.json,804,9,12,27,11.1613,0.0,0.133,OPTIMAL
grid_3x3,seed_milpsnap_grid3x3_high.json,805,9,12,23,11.1613,0.0,0.089,OPTIMAL
grid_3x3,seed_milpsnap_grid3x3_high.json,806,9,12,24,11.1613,0.0,0.093,OPTIMAL
grid_3x3,seed_milpsnap_grid3x3_high.json,807,9,12,24,11.1613,0.0,0.091,OPTIMAL
grid_3x3,seed_milpsnap_grid3x3_high.json,808,9,12,24,11.1613,0.0,0.085,OPTIMAL
grid_3x3,seed_milpsnap_grid3x3_high.json,809,9,12,24,11.1613,0.0,0.133,OPTIMAL
grid_3x3,seed_milpsnap_grid3x3_high.json,810,9,12,25,11.1613,0.0,0.093,OPTIMAL
grid_3x3,seed_milpsnap_grid3x3_high.json,811,9,12,27,11.1613,0.0,0.1,OPTIMAL
grid_3x3,seed_milpsnap_grid3x3_high.json,812,9,12,27,11.1613,6.841934214796302e-05,0.098,OPTIMAL
grid_3x3,seed_milpsnap_grid3x3_high.json,813,9,12,30,11.1613,0.0,0.114,OPTIMAL
grid_3x3,seed_milpsnap_grid3x3_high.json,814,9,12,30,11.1613,0.0,0.145,OPTIMAL
grid_3x3,seed_milpsnap_grid3x3_high.json,815,9,12,31,11.1613,6.841934214796302e-05,0.114,OPTIMAL
grid_3x3,seed_milpsnap_grid3x3_high.json,816,9,12,32,11.1613,6.841934214796302e-05,0.119,OPTIMAL
grid_3x3,seed_milpsnap_grid3x3_high.json,817,9,12,32,11.1613,0.0,0.115,OPTIMAL
grid_3x3,seed_milpsnap_grid3x3_high.json,818,9,12,35,11.1613,0.0,0.146,OPTIMAL
grid_3x3,seed_milpsnap_grid3x3_high.json,819,9,12,37,11.1613,0.0,0.175,OPTIMAL
grid_3x3,seed_milpsnap_grid3x3_high.json,820,9,12,41,11.1613,0.0,0.174,OPTIMAL
grid_3x3,seed_milpsnap_grid3x3_high.json,821,9,12,38,11.1613,0.0,0.185,OPTIMAL
grid_3x3,seed_milpsnap_grid3x3_high.json,822,9,12,38,11.1613,0.0,0.147,OPTIMAL
grid_3x3,seed_milpsnap_grid3x3_high.json,823,9,12,38,11.1613,0.0,0.155,OPTIMAL
grid_3x3,seed_milpsnap_grid3x3_high.json,824,9,12,38,11.1613,0.0,0.161,OPTIMAL
grid_3x3,seed_milpsnap_grid3x3_high.json,825,9,12,38,11.1613,0.0,0.169,OPTIMAL
grid_3x3,seed_milpsnap_grid3x3_high.json,826,9,12,38,11.1613,6.841934214796302e-05,0.151,OPTIMAL
grid_3x3,seed_milpsnap_grid3x3_high.json,827,9,12,38,11.1613,0.0,0.154,OPTIMAL
grid_3x3,seed_milpsnap_grid3x3_high.json,828,9,12,37,11.1613,0.0,0.175,OPTIMAL
grid_3x3,seed_milpsnap_grid3x3_high.json,829,9,12,35,11.1613,0.0,0.139,OPTIMAL
grid_3x3,seed_milpsnap_grid3x3_high.json,830,9,12,33,11.1613,0.0,0.129,OPTIMAL
grid_3x3,seed_milpsnap_grid3x3_high.json,831,9,12,33,11.1613,0.0,0.148,OPTIMAL
grid_3x3,seed_milpsnap_grid3x3_high.json,832,9,12,33,11.1613,0.0,0.153,OPTIMAL
grid_3x3,seed_milpsnap_grid3x3_high.json,833,9,12,30,11.1613,0.0,0.112,OPTIMAL
grid_3x3,seed_milpsnap_grid3x3_high.json,834,9,12,28,11.1613,0.0,0.107,OPTIMAL
grid_3x3,seed_milpsnap_grid3x3_high.json,835,9,12,25,11.1613,0.0,0.091,OPTIMAL
grid_3x3,seed_milpsnap_grid3x3_high.json,836,9,12,27,11.1613,0.0,0.124,OPTIMAL
grid_3x3,seed_milpsnap_grid3x3_high.json,837,9,12,27,11.1613,0.0,0.096,OPTIMAL
grid_3x3,seed_milpsnap_grid3x3_high.json,838,9,12,27,11.1613,0.0,0.102,OPTIMAL
grid_3x3,seed_milpsnap_grid3x3_high.json,839,9,12,31,11.1613,0.0,0.123,OPTIMAL
grid_3x3,seed_milpsnap_grid3x3_high.json,840,9,12,30,11.1613,0.0,0.112,OPTIMAL
grid_3x3,seed_milpsnap_grid3x3_high.json,841,9,12,31,11.1613,0.0,0.148,OPTIMAL
grid_3x3,seed_milpsnap_grid3x3_high.json,842,9,12,31,11.1613,6.841934214796302e-05,0.114,OPTIMAL
grid_3x3,seed_milpsnap_grid3x3_high.json,843,9,12,30,11.1613,0.0,0.109,OPTIMAL
grid_3x3,seed_milpsnap_grid3x3_high.json,844,9,12,33,11.1613,0.0,0.132,OPTIMAL
grid_3x3,seed_milpsnap_grid3x3_high.json,845,9,12,36,11.1613,0.0,0.169,OPTIMAL
grid_3x3,seed_milpsnap_grid3x3_high.json,846,9,12,32,11.1613,0.0,0.121,OPTIMAL
grid_3x3,seed_milpsnap_grid3x3_high.json,847,9,12,33,11.1613,0.0,0.129,OPTIMAL
grid_3x3,seed_milpsnap_grid3x3_high.json,848,9,12,34,11.1613,0.0,0.128,OPTIMAL
grid_3x3,seed_milpsnap_grid3x3_high.json,849,9,12,34,11.1613,0.0,0.16,OPTIMAL
grid_3x3,seed_milpsnap_grid3x3_high.json,850,9,12,33,11.1613,0.0,0.127,OPTIMAL
grid_3x3,seed_milpsnap_grid3x3_high.json,851,9,12,33,11.1613,0.0,0.135,OPTIMAL
grid_3x3,seed_milpsnap_grid3x3_high.json,852,9,12,34,11.1613,0.0,0.136,OPTIMAL
grid_3x3,seed_milpsnap_grid3x3_high.json,853,9,12,31,11.1613,0.0,0.144,OPTIMAL
grid_3x3,seed_milpsnap_grid3x3_high.json,854,9,12,31,11.1613,0.0,0.12,OPTIMAL
grid_3x3,seed_milpsnap_grid3x3_high.json,855,9,12,28,11.1613,0.0,0.102,OPTIMAL
grid_3x3,seed_milpsnap_grid3x3_high.json,856,9,12,29,11.1613,6.841934214796302e-05,0.104,OPTIMAL
grid_3x3,seed_milpsnap_grid3x3_high.json,857,9,12,28,11.1613,0.0,0.143,OPTIMAL
grid_3x3,seed_milpsnap_grid3x3_high.json,858,9,12,24,11.1613,0.0,0.089,OPTIMAL
grid_3x3,seed_milpsnap_grid3x3_high.json,859,9,12,24,11.1613,6.841934214796302e-05,0.091,OPTIMAL
grid_3x3,seed_milpsnap_grid3x3_high.json,860,9,12,25,11.1613,0.0,0.092,OPTIMAL
grid_3x3,seed_milpsnap_grid3x3_high.json,861,9,12,23,11.1613,0.0,0.083,OPTIMAL
grid_3x3,seed_milpsnap_grid3x3_high.json,862,9,12,24,11.1613,0.0,0.099,OPTIMAL
grid_3x3,seed_milpsnap_grid3x3_high.json,863,9,12,25,11.1613,0.0,0.115,OPTIMAL
grid_3x3,seed_milpsnap_grid3x3_high.json,864,9,12,26,11.1613,0.0,0.099,OPTIMAL
grid_3x3,seed_milpsnap_grid3x3_high.json,865,9,12,29,11.1613,0.0,0.106,OPTIMAL
grid_3x3,seed_milpsnap_grid3x3_high.json,866,9,12,28,11.1613,0.0,0.105,OPTIMAL
grid_3x3,seed_milpsnap_grid3x3_high.json,867,9,12,27,11.1613,0.0,0.101,OPTIMAL
grid_3x3,seed_milpsnap_grid3x3_high.json,868,9,12,26,11.1613,6.841934214796302e-05,0.126,OPTIMAL
grid_3x3,seed_milpsnap_grid3x3_high.json,869,9,12,24,11.1613,0.0,0.09,OPTIMAL
grid_3x3,seed_milpsnap_grid3x3_high.json,870,9,12,27,11.1613,6.841934214796302e-05,0.101,OPTIMAL
grid_3x3,seed_milpsnap_grid3x3_high.json,871,9,12,27,11.1613,0.0,0.1,OPTIMAL
grid_3x3,seed_milpsnap_grid3x3_high.json,872,9,12,28,11.1613,0.0,0.105,OPTIMAL
grid_3x3,seed_milpsnap_grid3x3_high.json,873,9,12,32,11.1613,0.0,0.156,OPTIMAL
grid_3x3,seed_milpsnap_grid3x3_high.json,874,9,12,30,11.1613,0.0,0.112,OPTIMAL
grid_3x3,seed_milpsnap_grid3x3_high.json,875,9,12,31,11.1613,6.841934214796302e-05,0.114,OPTIMAL
grid_3x3,seed_milpsnap_grid3x3_high.json,876,9,12,31,11.1613,0.0,0.125,OPTIMAL
grid_3x3,seed_milpsnap_grid3x3_high.json,877,9,12,32,11.1613,0.0,0.149,OPTIMAL
grid_3x3,seed_milpsnap_grid3x3_high.json,878,9,12,32,11.1613,0.0,0.129,OPTIMAL
grid_3x3,seed_milpsnap_grid3x3_high.json,879,9,12,31,11.1613,0.0,0.12,OPTIMAL
grid_3x3,seed_milpsnap_grid3x3_high.json,880,9,12,27,11.1613,0.0,0.107,OPTIMAL
grid_3x3,seed_milpsnap_grid3x3_high.json,881,9,12,27,11.1613,0.0,0.131,OPTIMAL
grid_3x3,seed_milpsnap_grid3x3_high.json,882,9,12,28,11.1613,0.0,0.1,OPTIMAL
grid_3x3,seed_milpsnap_grid3x3_high.json,883,9,12,1,77.8006,0.0,0.004,OPTIMAL
grid_3x3,seed_milpsnap_grid3x3_high.json,884,9,12,3,44.4809,0.0,0.014,OPTIMAL
grid_3x3,seed_milpsnap_grid3x3_high.json,885,9,12,4,33.3744,0.0,0.015,OPTIMAL
grid_3x3,seed_milpsnap_grid3x3_high.json,886,9,12,6,33.3744,0.0,0.027,OPTIMAL
grid_3x3,seed_milpsnap_grid3x3_high.json,887,9,12,11,22.2678,0.0,0.03,OPTIMAL
grid_3x3,seed_milpsnap_grid3x3_high.json,888,9,12,12,22.2678,0.0,0.035,OPTIMAL
grid_3x3,seed_milpsnap_grid3x3_high.json,889,9,12,15,11.1613,0.0,0.057,OPTIMAL
grid_3x3,seed_milpsnap_grid3x3_high.json,890,9,12,16,11.1613,6.841934214796302e-05,0.062,OPTIMAL
grid_3x3,seed_milpsnap_grid3x3_high.json,891,9,12,19,11.1613,0.0,0.069,OPTIMAL
grid_3x3,seed_milpsnap_grid3x3_high.json,892,9,12,23,11.1613,0.0,0.132,OPTIMAL
grid_3x3,seed_milpsnap_grid3x3_high.json,893,9,12,24,11.1613,0.0,0.089,OPTIMAL
grid_3x3,seed_milpsnap_grid3x3_high.json,894,9,12,23,11.1613,0.0,0.091,OPTIMAL
grid_3x3,seed_milpsnap_grid3x3_high.json,895,9,12,22,11.1613,0.0,0.075,OPTIMAL
grid_3x3,seed_milpsnap_grid3x3_high.json,896,9,12,24,11.1613,0.0,0.088,OPTIMAL
grid_3x3,seed_milpsnap_grid3x3_high.json,897,9,12,23,11.1613,0.0,0.078,OPTIMAL
grid_3x3,seed_milpsnap_grid3x3_high.json,898,9,12,25,11.1613,0.0,0.119,OPTIMAL
grid_3x3,seed_milpsnap_grid3x3_high.json,899,9,12,26,11.1613,0.0,0.094,OPTIMAL
grid_3x3,seed_milpsnap_grid3x3_high.json,900,9,12,23,11.1613,0.0,0.087,OPTIMAL
grid_3x3,seed_milpsnap_grid3x3_high.json,901,9,12,22,11.1613,0.0,0.076,OPTIMAL
grid_3x3,seed_milpsnap_grid3x3_high.json,902,9,12,19,11.1613,0.0,0.068,OPTIMAL
grid_3x3,seed_milpsnap_grid3x3_high.json,903,9,12,19,11.1613,0.0,0.067,OPTIMAL
grid_3x3,seed_milpsnap_grid3x3_high.json,904,9,12,20,11.1613,0.0,0.108,OPTIMAL
grid_3x3,seed_milpsnap_grid3x3_high.json,905,9,12,21,11.1613,0.0,0.08,OPTIMAL
grid_3x3,seed_milpsnap_grid3x3_high.json,906,9,12,17,11.1613,6.841934214796302e-05,0.098,OPTIMAL
grid_3x3,seed_milpsnap_grid3x3_high.json,907,9,12,18,11.1613,0.0,0.12,OPTIMAL
grid_3x3,seed_milpsnap_grid3x3_high.json,908,9,12,20,11.1613,0.0,0.074,OPTIMAL
grid_3x3,seed_milpsnap_grid3x3_high.json,909,9,12,25,11.1613,0.0,0.126,OPTIMAL
grid_3x3,seed_milpsnap_grid3x3_high.json,910,9,12,24,11.1613,0.0,0.097,OPTIMAL
grid_3x3,seed_milpsnap_grid3x3_high.json,911,9,12,25,11.1613,0.0,0.098,OPTIMAL
grid_3x3,seed_milpsnap_grid3x3_high.json,912,9,12,24,11.1613,0.0,0.084,OPTIMAL
grid_3x3,seed_milpsnap_grid3x3_high.json,913,9,12,24,11.1613,0.0,0.095,OPTIMAL
grid_3x3,seed_milpsnap_grid3x3_high.json,914,9,12,24,11.1613,0.0,0.09,OPTIMAL
grid_3x3,seed_milpsnap_grid3x3_high.json,915,9,12,28,11.1613,0.0,0.133,OPTIMAL
grid_3x3,seed_milpsnap_grid3x3_high.json,916,9,12,30,11.1613,0.0,0.117,OPTIMAL
grid_3x3,seed_milpsnap_grid3x3_high.json,917,9,12,32,11.1613,0.0,0.125,OPTIMAL
grid_3x3,seed_milpsnap_grid3x3_high.json,918,9,12,34,11.1613,0.0,0.133,OPTIMAL
grid_3x3,seed_milpsnap_grid3x3_high.json,919,9,12,34,11.1613,0.0,0.154,OPTIMAL
grid_3x3,seed_milpsnap_grid3x3_high.json,920,9,12,32,11.1613,0.0,0.123,OPTIMAL
grid_3x3,seed_milpsnap_grid3x3_high.json,921,9,12,35,11.1613,0.0,0.134,OPTIMAL
grid_3x3,seed_milpsnap_grid3x3_high.json,922,9,12,33,11.1613,0.0,0.135,OPTIMAL
grid_3x3,seed_milpsnap_grid3x3_high.json,923,9,12,32,11.1613,0.0,0.147,OPTIMAL
grid_3x3,seed_milpsnap_grid3x3_high.json,924,9,12,30,11.1613,0.0,0.109,OPTIMAL
grid_3x3,seed_milpsnap_grid3x3_high.json,925,9,12,29,11.1613,0.0,0.113,OPTIMAL
grid_3x3,seed_milpsnap_grid3x3_high.json,926,9,12,29,11.1613,0.0,0.105,OPTIMAL
grid_3x3,seed_milpsnap_grid3x3_high.json,927,9,12,31,11.1613,6.841934214796302e-05,0.158,OPTIMAL
grid_3x3,seed_milpsnap_grid3x3_high.json,928,9,12,35,11.1613,0.0,0.137,OPTIMAL
grid_3x3,seed_milpsnap_grid3x3_high.json,929,9,12,34,11.1613,0.0,0.134,OPTIMAL
grid_3x3,seed_milpsnap_grid3x3_high.json,930,9,12,32,11.1613,0.0,0.129,OPTIMAL
grid_3x3,seed_milpsnap_grid3x3_high.json,931,9,12,31,11.1613,0.0,0.145,OPTIMAL
grid_3x3,seed_milpsnap_grid3x3_high.json,932,9,12,33,11.1613,0.0,0.132,OPTIMAL
grid_3x3,seed_milpsnap_grid3x3_high.json,933,9,12,31,11.1613,0.0,0.114,OPTIMAL
grid_3x3,seed_milpsnap_grid3x3_high.json,934,9,12,34,11.1613,0.0,0.125,OPTIMAL
grid_3x3,seed_milpsnap_grid3x3_high.json,935,9,12,42,11.1613,0.0,0.194,OPTIMAL
grid_3x3,seed_milpsnap_grid3x3_high.json,936,9,12,39,11.1613,0.0,0.155,OPTIMAL
grid_3x3,seed_milpsnap_grid3x3_high.json,937,9,12,41,11.1613,0.0,0.174,OPTIMAL
grid_3x3,seed_milpsnap_grid3x3_high.json,938,9,12,45,11.1613,0.0,0.215,OPTIMAL
grid_3x3,seed_milpsnap_grid3x3_high.json,939,9,12,43,11.1613,0.0,0.17,OPTIMAL
grid_3x3,seed_milpsnap_grid3x3_high.json,940,9,12,45,11.1613,0.0,0.181,OPTIMAL
grid_3x3,seed_milpsnap_grid3x3_high.json,941,9,12,45,11.1613,0.0,0.22,OPTIMAL
grid_3x3,seed_milpsnap_grid3x3_high.json,942,9,12,45,11.1613,0.0,0.182,OPTIMAL
grid_3x3,seed_milpsnap_grid3x3_high.json,943,9,12,42,11.1613,0.0,0.172,OPTIMAL
grid_3x3,seed_milpsnap_grid3x3_high.json,944,9,12,44,11.1613,6.841934214796302e-05,0.204,OPTIMAL
grid_3x3,seed_milpsnap_grid3x3_high.json,945,9,12,47,11.1613,0.0,0.191,OPTIMAL
grid_3x3,seed_milpsnap_grid3x3_high.json,946,9,12,48,11.1613,0.0,0.226,OPTIMAL
grid_3x3,seed_milpsnap_grid3x3_high.json,947,9,12,46,11.1613,6.841934214796302e-05,0.18,OPTIMAL
grid_3x3,seed_milpsnap_grid3x3_high.json,948,9,12,45,11.1613,6.841934214796302e-05,0.177,OPTIMAL
grid_3x3,seed_milpsnap_grid3x3_high.json,949,9,12,43,11.1613,0.0,0.187,OPTIMAL
grid_3x3,seed_milpsnap_grid3x3_high.json,950,9,12,35,11.1613,0.0,0.133,OPTIMAL
grid_3x3,seed_milpsnap_grid3x3_high.json,951,9,12,36,11.1613,0.0,0.143,OPTIMAL
grid_3x3,seed_milpsnap_grid3x3_high.json,952,9,12,39,11.1613,0.0,0.201,OPTIMAL
grid_3x3,seed_milpsnap_grid3x3_high.json,953,9,12,35,11.1613,0.0,0.138,OPTIMAL
grid_3x3,seed_milpsnap_grid3x3_high.json,954,9,12,36,11.1613,6.841934214796302e-05,0.141,OPTIMAL
grid_3x3,seed_milpsnap_grid3x3_high.json,955,9,12,33,11.1613,0.0,0.129,OPTIMAL
grid_3x3,seed_milpsnap_grid3x3_high.json,956,9,12,33,11.1613,0.0,0.161,OPTIMAL
grid_3x3,seed_milpsnap_grid3x3_high.json,957,9,12,33,11.1613,0.0,0.131,OPTIMAL
grid_3x3,seed_milpsnap_grid3x3_high.json,958,9,12,32,11.1613,0.0,0.124,OPTIMAL
grid_3x3,seed_milpsnap_grid3x3_high.json,959,9,12,34,11.1613,0.0,0.13,OPTIMAL
grid_3x3,seed_milpsnap_grid3x3_high.json,960,9,12,30,11.1613,0.0,0.139,OPTIMAL
grid_3x3,seed_milpsnap_grid3x3_high.json,961,9,12,30,11.1613,0.0,0.108,OPTIMAL
grid_3x3,seed_milpsnap_grid3x3_high.json,962,9,12,28,11.1613,0.0,0.103,OPTIMAL
grid_3x3,seed_milpsnap_grid3x3_high.json,963,9,12,32,11.1613,0.0,0.122,OPTIMAL
grid_3x3,seed_milpsnap_grid3x3_high.json,964,9,12,32,11.1613,0.0,0.163,OPTIMAL
grid_3x3,seed_milpsnap_grid3x3_high.json,965,9,12,31,11.1613,0.0,0.119,OPTIMAL
grid_3x3,seed_milpsnap_grid3x3_high.json,966,9,12,32,11.1613,0.0,0.127,OPTIMAL
grid_3x3,seed_milpsnap_grid3x3_high.json,967,9,12,27,11.1613,6.841934214796302e-05,0.101,OPTIMAL
grid_3x3,seed_milpsnap_grid3x3_high.json,968,9,12,27,11.1613,0.0,0.1,OPTIMAL
grid_3x3,seed_milpsnap_grid3x3_high.json,969,9,12,29,11.1613,0.0,0.14,OPTIMAL
grid_3x3,seed_milpsnap_grid3x3_high.json,970,9,12,33,11.1613,0.0,0.131,OPTIMAL
grid_3x3,seed_milpsnap_grid3x3_high.json,971,9,12,31,11.1613,0.0,0.116,OPTIMAL
grid_3x3,seed_milpsnap_grid3x3_high.json,972,9,12,30,11.1613,6.841934214796302e-05,0.114,OPTIMAL
grid_3x3,seed_milpsnap_grid3x3_high.json,973,9,12,31,11.1613,0.0,0.14,OPTIMAL
grid_3x3,seed_milpsnap_grid3x3_high.json,974,9,12,27,11.1613,0.0,0.097,OPTIMAL
grid_3x3,seed_milpsnap_grid3x3_high.json,975,9,12,26,11.1613,0.0,0.096,OPTIMAL
grid_3x3,seed_milpsnap_grid3x3_high.json,976,9,12,27,11.1613,6.841934214796302e-05,0.099,OPTIMAL
grid_3x3,seed_milpsnap_grid3x3_high.json,977,9,12,25,11.1613,6.841934214796302e-05,0.088,OPTIMAL
grid_3x3,seed_milpsnap_grid3x3_high.json,978,9,12,24,11.1613,0.0,0.131,OPTIMAL
grid_3x3,seed_milpsnap_grid3x3_high.json,979,9,12,26,11.1613,0.0,0.101,OPTIMAL
grid_3x3,seed_milpsnap_grid3x3_high.json,980,9,12,26,11.1613,0.0,0.095,OPTIMAL
grid_3x3,seed_milpsnap_grid3x3_high.json,981,9,12,28,11.1613,0.0,0.114,OPTIMAL
grid_3x3,seed_milpsnap_grid3x3_high.json,982,9,12,28,11.1613,0.0,0.106,OPTIMAL
grid_3x3,seed_milpsnap_grid3x3_high.json,983,9,12,24,11.1613,6.841934214796302e-05,0.131,OPTIMAL
grid_3x3,seed_milpsnap_grid3x3_high.json,984,9,12,20,11.1613,6.841934214796302e-05,0.073,OPTIMAL
grid_3x3,seed_milpsnap_grid3x3_high.json,985,9,12,24,11.1613,6.841934214796302e-05,0.086,OPTIMAL
grid_3x3,seed_milpsnap_grid3x3_high.json,986,9,12,24,11.1613,0.0,0.089,OPTIMAL
grid_3x3,seed_milpsnap_grid3x3_high.json,987,9,12,25,11.1613,0.0,0.09,OPTIMAL
grid_3x3,seed_milpsnap_grid3x3_high.json,988,9,12,24,11.1613,0.0,0.095,OPTIMAL
grid_3x3,seed_milpsnap_grid3x3_high.json,989,9,12,28,11.1613,0.0,0.125,OPTIMAL
grid_3x3,seed_milpsnap_grid3x3_high.json,990,9,12,28,11.1613,0.0,0.099,OPTIMAL
grid_3x3,seed_milpsnap_grid3x3_high.json,991,9,12,32,11.1613,0.0,0.132,OPTIMAL
grid_3x3,seed_milpsnap_grid3x3_high.json,992,9,12,31,11.1613,0.0,0.121,OPTIMAL
grid_3x3,seed_milpsnap_grid3x3_high.json,993,9,12,31,11.1613,6.841934214796302e-05,0.163,OPTIMAL
grid_3x3,seed_milpsnap_grid3x3_high.json,994,9,12,30,11.1613,0.0,0.108,OPTIMAL
grid_3x3,seed_milpsnap_grid3x3_high.json,995,9,12,29,11.1613,0.0,0.108,OPTIMAL
grid_3x3,seed_milpsnap_grid3x3_high.json,996,9,12,29,11.1613,0.0,0.102,OPTIMAL
grid_3x3,seed_milpsnap_grid3x3_high.json,997,9,12,31,11.1613,0.0,0.13,OPTIMAL
grid_3x3,seed_milpsnap_grid3x3_high.json,998,9,12,33,11.1613,0.0,0.154,OPTIMAL
grid_3x3,seed_milpsnap_grid3x3_high.json,999,9,12,38,11.1613,0.0,0.148,OPTIMAL
grid_3x3,seed_milpsnap_grid3x3_high.json,1000,9,12,36,11.1613,0.0,0.138,OPTIMAL
grid_3x3,seed_milpsnap_grid3x3_high.json,1001,9,12,35,11.1613,0.0,0.161,OPTIMAL
grid_3x3,seed_milpsnap_grid3x3_high.json,1002,9,12,33,11.1613,0.0,0.134,OPTIMAL
grid_3x3,seed_milpsnap_grid3x3_high.json,1003,9,12,36,11.1613,0.0,0.149,OPTIMAL
grid_3x3,seed_milpsnap_grid3x3_high.json,1004,9,12,34,11.1613,0.0,0.14,OPTIMAL
grid_3x3,seed_milpsnap_grid3x3_high.json,1005,9,12,31,11.1613,6.841934214796302e-05,0.14,OPTIMAL
grid_3x3,seed_milpsnap_grid3x3_high.json,1006,9,12,27,11.1613,0.0,0.106,OPTIMAL
grid_3x3,seed_milpsnap_grid3x3_high.json,1007,9,12,31,11.1613,0.0,0.118,OPTIMAL
grid_3x3,seed_milpsnap_grid3x3_high.json,1008,9,12,32,11.1613,6.841934214796302e-05,0.136,OPTIMAL
grid_3x3,seed_milpsnap_grid3x3_high.json,1009,9,12,31,11.1613,0.0,0.152,OPTIMAL
grid_3x3,seed_milpsnap_grid3x3_high.json,1010,9,12,30,11.1613,0.0,0.123,OPTIMAL
grid_3x3,seed_milpsnap_grid3x3_high.json,1011,9,12,29,11.1613,0.0,0.112,OPTIMAL
grid_3x3,seed_milpsnap_grid3x3_high.json,1012,9,12,29,11.1613,6.841934214796302e-05,0.109,OPTIMAL
grid_3x3,seed_milpsnap_grid3x3_high.json,1013,9,12,26,11.1613,6.841934214796302e-05,0.117,OPTIMAL
grid_3x3,seed_milpsnap_grid3x3_high.json,1014,9,12,23,11.1613,0.0,0.084,OPTIMAL
grid_3x3,seed_milpsnap_grid3x3_high.json,1015,9,12,24,11.1613,0.0,0.088,OPTIMAL
grid_3x3,seed_milpsnap_grid3x3_high.json,1016,9,12,25,11.1613,0.0,0.089,OPTIMAL
grid_3x3,seed_milpsnap_grid3x3_high.json,1017,9,12,27,11.1613,0.0,0.107,OPTIMAL
grid_3x3,seed_milpsnap_grid3x3_high.json,1018,9,12,26,11.1613,0.0,0.093,OPTIMAL
grid_3x3,seed_milpsnap_grid3x3_high.json,1019,9,12,27,11.1613,0.0,0.129,OPTIMAL
grid_3x3,seed_milpsnap_grid3x3_high.json,1020,9,12,30,11.1613,0.0,0.115,OPTIMAL
grid_3x3,seed_milpsnap_grid3x3_high.json,1021,9,12,25,11.1613,0.0,0.089,OPTIMAL
grid_3x3,seed_milpsnap_grid3x3_high.json,1022,9,12,24,11.1613,0.0,0.09,OPTIMAL
grid_3x3,seed_milpsnap_grid3x3_high.json,1023,9,12,24,11.1613,0.0,0.086,OPTIMAL
grid_3x3,seed_milpsnap_grid3x3_high.json,1024,9,12,24,11.1613,0.0,0.113,OPTIMAL
grid_3x3,seed_milpsnap_grid3x3_high.json,1025,9,12,24,11.1613,0.0,0.092,OPTIMAL
grid_3x3,seed_milpsnap_grid3x3_high.json,1026,9,12,1,55.5875,0.0,0.008,OPTIMAL
grid_3x3,seed_milpsnap_grid3x3_high.json,1027,9,12,4,55.5875,0.0,0.011,OPTIMAL
grid_3x3,seed_milpsnap_grid3x3_high.json,1028,9,12,6,33.3744,0.0,0.029,OPTIMAL
grid_3x3,seed_milpsnap_grid3x3_high.json,1029,9,12,7,22.2678,0.0,0.03,OPTIMAL
grid_3x3,seed_milpsnap_grid3x3_high.json,1030,9,12,12,11.1613,0.0,0.04,OPTIMAL
grid_3x3,seed_milpsnap_grid3x3_high.json,1031,9,12,13,11.1613,0.0,0.046,OPTIMAL
grid_3x3,seed_milpsnap_grid3x3_high.json,1032,9,12,14,11.1613,0.0,0.05,OPTIMAL
grid_3x3,seed_milpsnap_grid3x3_high.json,1033,9,12,15,11.1613,0.0,0.055,OPTIMAL
grid_3x3,seed_milpsnap_grid3x3_high.json,1034,9,12,16,11.1613,0.0,0.057,OPTIMAL
grid_3x3,seed_milpsnap_grid3x3_high.json,1035,9,12,19,11.1613,0.0,0.093,OPTIMAL
grid_3x3,seed_milpsnap_grid3x3_high.json,1036,9,12,21,11.1613,0.0,0.081,OPTIMAL
grid_3x3,seed_milpsnap_grid3x3_high.json,1037,9,12,25,11.1613,0.0,0.091,OPTIMAL
grid_3x3,seed_milpsnap_grid3x3_high.json,1038,9,12,28,11.1613,0.0,0.101,OPTIMAL
grid_3x3,seed_milpsnap_grid3x3_high.json,1039,9,12,30,11.1613,0.0,0.112,OPTIMAL
grid_3x3,seed_milpsnap_grid3x3_high.json,1040,9,12,29,11.1613,0.0,0.14,OPTIMAL
grid_3x3,seed_milpsnap_grid3x3_high.json,1041,9,12,28,11.1613,0.0,0.1,OPTIMAL
grid_3x3,seed_milpsnap_grid3x3_high.json,1042,9,12,28,11.1613,6.841934214796302e-05,0.102,OPTIMAL
grid_3x3,seed_milpsnap_grid3x3_high.json,1043,9,12,26,11.1613,6.841934214796302e-05,0.094,OPTIMAL
grid_3x3,seed_milpsnap_grid3x3_high.json,1044,9,12,28,11.1613,0.0,0.106,OPTIMAL
grid_3x3,seed_milpsnap_grid3x3_high.json,1045,9,12,33,11.1613,0.0,0.155,OPTIMAL
grid_3x3,seed_milpsnap_grid3x3_high.json,1046,9,12,34,11.1613,0.0,0.127,OPTIMAL
grid_3x3,seed_milpsnap_grid3x3_high.json,1047,9,12,37,11.1613,0.0,0.149,OPTIMAL
grid_3x3,seed_milpsnap_grid3x3_high.json,1048,9,12,39,11.1613,0.0,0.165,OPTIMAL
grid_3x3,seed_milpsnap_grid3x3_high.json,1049,9,12,37,11.1613,6.841934214796302e-05,0.167,OPTIMAL
grid_3x3,seed_milpsnap_grid3x3_high.json,1050,9,12,37,11.1613,0.0,0.15,OPTIMAL
grid_3x3,seed_milpsnap_grid3x3_high.json,1051,9,12,39,11.1613,0.0,0.159,OPTIMAL
grid_3x3,seed_milpsnap_grid3x3_high.json,1052,9,12,36,11.1613,6.841934214796302e-05,0.168,OPTIMAL
grid_3x3,seed_milpsnap_grid3x3_high.json,1053,9,12,37,11.1613,0.0,0.154,OPTIMAL
grid_3x3,seed_milpsnap_grid3x3_high.json,1054,9,12,37,11.1613,0.0,0.147,OPTIMAL
grid_3x3,seed_milpsnap_grid3x3_high.json,1055,9,12,37,11.1613,0.0,0.172,OPTIMAL
grid_3x3,seed_milpsnap_grid3x3_high.json,1056,9,12,39,11.1613,6.841934214796302e-05,0.167,OPTIMAL
grid_3x3,seed_milpsnap_grid3x3_high.json,1057,9,12,40,11.1613,6.841934214796302e-05,0.183,OPTIMAL
grid_3x3,seed_milpsnap_grid3x3_high.json,1058,9,12,40,11.1613,0.0,0.185,OPTIMAL
grid_3x3,seed_milpsnap_grid3x3_high.json,1059,9,12,37,11.1613,0.0,0.15,OPTIMAL
grid_3x3,seed_milpsnap_grid3x3_high.json,1060,9,12,35,11.1613,0.0,0.135,OPTIMAL
grid_3x3,seed_milpsnap_grid3x3_high.json,1061,9,12,35,11.1613,0.0,0.138,OPTIMAL
grid_3x3,seed_milpsnap_grid3x3_high.json,1062,9,12,34,11.1613,0.0,0.167,OPTIMAL
grid_3x3,seed_milpsnap_grid3x3_high.json,1063,9,12,35,11.1613,6.841934214796302e-05,0.14,OPTIMAL
grid_3x3,seed_milpsnap_grid3x3_high.json,1064,9,12,37,11.1613,0.0,0.15,OPTIMAL
grid_3x3,seed_milpsnap_grid3x3_high.json,1065,9,12,36,11.1613,0.0,0.184,OPTIMAL
grid_3x3,seed_milpsnap_grid3x3_high.json,1066,9,12,36,11.1613,0.0,0.14,OPTIMAL
grid_3x3,seed_milpsnap_grid3x3_high.json,1067,9,12,36,11.1613,0.0,0.14,OPTIMAL
grid_3x3,seed_milpsnap_grid3x3_high.json,1068,9,12,37,11.1613,0.0,0.154,OPTIMAL
grid_3x3,seed_milpsnap_grid3x3_high.json,1069,9,12,36,11.1613,0.0,0.172,OPTIMAL
grid_3x3,seed_milpsnap_grid3x3_high.json,1070,9,12,35,11.1613,0.0,0.135,OPTIMAL
grid_3x3,seed_milpsnap_grid3x3_high.json,1071,9,12,33,11.1613,0.0,0.126,OPTIMAL
grid_3x3,seed_milpsnap_grid3x3_high.json,1072,9,12,32,11.1613,0.0,0.139,OPTIMAL
grid_3x3,seed_milpsnap_grid3x3_high.json,1073,9,12,30,11.1613,0.0,0.13,OPTIMAL
grid_3x3,seed_milpsnap_grid3x3_high.json,1074,9,12,31,11.1613,0.0,0.12,OPTIMAL
grid_3x3,seed_milpsnap_grid3x3_high.json,1075,9,12,29,11.1613,0.0,0.109,OPTIMAL
grid_3x3,seed_milpsnap_grid3x3_high.json,1076,9,12,32,11.1613,6.841934214796302e-05,0.129,OPTIMAL
grid_3x3,seed_milpsnap_grid3x3_high.json,1077,9,12,31,11.1613,0.0,0.143,OPTIMAL
grid_3x3,seed_milpsnap_grid3x3_high.json,1078,9,12,27,11.1613,0.0,0.101,OPTIMAL
grid_3x3,seed_milpsnap_grid3x3_high.json,1079,9,12,24,11.1613,0.0,0.086,OPTIMAL
grid_3x3,seed_milpsnap_grid3x3_high.json,1080,9,12,24,11.1613,0.0,0.091,OPTIMAL
grid_3x3,seed_milpsnap_grid3x3_high.json,1081,9,12,25,11.1613,0.0,0.11,OPTIMAL
grid_3x3,seed_milpsnap_grid3x3_high.json,1082,9,12,26,11.1613,0.0,0.132,OPTIMAL
grid_3x3,seed_milpsnap_grid3x3_high.json,1083,9,12,23,11.1613,0.0,0.084,OPTIMAL
grid_3x3,seed_milpsnap_grid3x3_high.json,1084,9,12,23,11.1613,0.0,0.085,OPTIMAL
grid_3x3,seed_milpsnap_grid3x3_high.json,1085,9,12,22,11.1613,6.841934214796302e-05,0.082,OPTIMAL
grid_3x3,seed_milpsnap_grid3x3_high.json,1086,9,12,22,11.1613,0.0,0.09,OPTIMAL
grid_3x3,seed_milpsnap_grid3x3_high.json,1087,9,12,23,11.1613,0.0,0.092,OPTIMAL
grid_3x3,seed_milpsnap_grid3x3_high.json,1088,9,12,25,11.1613,0.0,0.111,OPTIMAL
grid_3x3,seed_milpsnap_grid3x3_high.json,1089,9,12,29,11.1613,0.0,0.109,OPTIMAL
grid_3x3,seed_milpsnap_grid3x3_high.json,1090,9,12,29,11.1613,0.0,0.109,OPTIMAL
grid_3x3,seed_milpsnap_grid3x3_high.json,1091,9,12,26,11.1613,0.0,0.094,OPTIMAL
grid_3x3,seed_milpsnap_grid3x3_high.json,1092,9,12,27,11.1613,6.841934214796302e-05,0.108,OPTIMAL
grid_3x3,seed_milpsnap_grid3x3_high.json,1093,9,12,30,11.1613,0.0,0.139,OPTIMAL
grid_3x3,seed_milpsnap_grid3x3_high.json,1094,9,12,31,11.1613,0.0,0.124,OPTIMAL
grid_3x3,seed_milpsnap_grid3x3_high.json,1095,9,12,32,11.1613,0.0,0.127,OPTIMAL
grid_3x3,seed_milpsnap_grid3x3_high.json,1096,9,12,29,11.1613,0.0,0.117,OPTIMAL
grid_3x3,seed_milpsnap_grid3x3_high.json,1097,9,12,30,11.1613,0.0,0.14,OPTIMAL
grid_3x3,seed_milpsnap_grid3x3_high.json,1098,9,12,32,11.1613,0.0,0.119,OPTIMAL
grid_3x3,seed_milpsnap_grid3x3_high.json,1099,9,12,32,11.1613,0.0,0.122,OPTIMAL
grid_3x3,seed_milpsnap_grid3x3_high.json,1100,9,12,33,11.1613,6.841934214796302e-05,0.133,OPTIMAL
grid_3x3,seed_milpsnap_grid3x3_high.json,1101,9,12,38,11.1613,0.0,0.17,OPTIMAL
grid_3x3,seed_milpsnap_grid3x3_high.json,1102,9,12,39,11.1613,0.0,0.151,OPTIMAL
grid_3x3,seed_milpsnap_grid3x3_high.json,1103,9,12,37,11.1613,0.0,0.154,OPTIMAL
grid_3x3,seed_milpsnap_grid3x3_high.json,1104,9,12,35,11.1613,0.0,0.166,OPTIMAL
grid_3x3,seed_milpsnap_grid3x3_high.json,1105,9,12,36,11.1613,0.0,0.143,OPTIMAL
grid_3x3,seed_milpsnap_grid3x3_high.json,1106,9,12,36,11.1613,0.0,0.142,OPTIMAL
grid_3x3,seed_milpsnap_grid3x3_high.json,1107,9,12,35,11.1613,6.841934214796302e-05,0.169,OPTIMAL
grid_3x3,seed_milpsnap_grid3x3_high.json,1108,9,12,33,11.1613,0.0,0.132,OPTIMAL
grid_3x3,seed_milpsnap_grid3x3_high.json,1109,9,12,34,11.1613,6.841934214796302e-05,0.138,OPTIMAL
grid_3x3,seed_milpsnap_grid3x3_high.json,1110,9,12,35,11.1613,0.0,0.132,OPTIMAL
grid_3x3,seed_milpsnap_grid3x3_high.json,1111,9,12,38,11.1613,6.841934214796302e-05,0.18,OPTIMAL
grid_3x3,seed_milpsnap_grid3x3_high.json,1112,9,12,36,11.1613,6.841934214796302e-05,0.139,OPTIMAL
grid_3x3,seed_milpsnap_grid3x3_high.json,1113,9,12,35,11.1613,0.0,0.211,OPTIMAL
grid_3x3,seed_milpsnap_grid3x3_high.json,1114,9,12,34,11.1613,0.0,0.173,OPTIMAL
grid_3x3,seed_milpsnap_grid3x3_high.json,1115,9,12,34,11.1613,0.0,0.129,OPTIMAL
grid_3x3,seed_milpsnap_grid3x3_high.json,1116,9,12,30,11.1613,0.0,0.109,OPTIMAL
grid_3x3,seed_milpsnap_grid3x3_high.json,1117,9,12,27,11.1613,0.0,0.1,OPTIMAL
grid_3x3,seed_milpsnap_grid3x3_high.json,1118,9,12,28,11.1613,6.841934214796302e-05,0.117,OPTIMAL
grid_3x3,seed_milpsnap_grid3x3_high.json,1119,9,12,26,11.1613,0.0,0.106,OPTIMAL
grid_3x3,seed_milpsnap_grid3x3_high.json,1120,9,12,24,11.1613,0.0,0.086,OPTIMAL
grid_3x3,seed_milpsnap_grid3x3_high.json,1121,9,12,24,11.1613,6.841934214796302e-05,0.087,OPTIMAL
grid_3x3,seed_milpsnap_grid3x3_high.json,1122,9,12,26,11.1613,6.841934214796302e-05,0.099,OPTIMAL
grid_3x3,seed_milpsnap_grid3x3_high.json,1123,9,12,29,11.1613,0.0,0.107,OPTIMAL
grid_3x3,seed_milpsnap_grid3x3_high.json,1124,9,12,30,11.1613,0.0,0.132,OPTIMAL
grid_3x3,seed_milpsnap_grid3x3_high.json,1125,9,12,29,11.1613,0.0,0.11,OPTIMAL
grid_3x3,seed_milpsnap_grid3x3_high.json,1126,9,12,30,11.1613,0.0,0.111,OPTIMAL
grid_3x3,seed_milpsnap_grid3x3_high.json,1127,9,12,29,11.1613,0.0,0.105,OPTIMAL
grid_3x3,seed_milpsnap_grid3x3_high.json,1128,9,12,29,11.1613,0.0,0.131,OPTIMAL
grid_3x3,seed_milpsnap_grid3x3_high.json,1129,9,12,30,11.1613,0.0,0.123,OPTIMAL
grid_3x3,seed_milpsnap_grid3x3_high.json,1130,9,12,31,11.1613,0.0,0.119,OPTIMAL
grid_3x3,seed_milpsnap_grid3x3_high.json,1131,9,12,30,11.1613,0.0,0.113,OPTIMAL
grid_3x3,seed_milpsnap_grid3x3_high.json,1132,9,12,33,11.1613,0.0,0.13,OPTIMAL
grid_3x3,seed_milpsnap_grid3x3_high.json,1133,9,12,33,11.1613,0.0,0.156,OPTIMAL
grid_3x3,seed_milpsnap_grid3x3_high.json,1134,9,12,34,11.1613,0.0,0.132,OPTIMAL
grid_3x3,seed_milpsnap_grid3x3_high.json,1135,9,12,38,11.1613,0.0,0.163,OPTIMAL
grid_3x3,seed_milpsnap_grid3x3_high.json,1136,9,12,39,11.1613,6.841934214796302e-05,0.175,OPTIMAL
grid_3x3,seed_milpsnap_grid3x3_high.json,1137,9,12,38,11.1613,0.0,0.147,OPTIMAL
grid_3x3,seed_milpsnap_grid3x3_high.json,1138,9,12,40,11.1613,0.0,0.161,OPTIMAL
grid_3x3,seed_milpsnap_grid3x3_high.json,1139,9,12,39,11.1613,0.0,0.159,OPTIMAL
grid_3x3,seed_milpsnap_grid3x3_high.json,1140,9,12,41,11.1613,0.0,0.197,OPTIMAL
grid_3x3,seed_milpsnap_grid3x3_high.json,1141,9,12,39,11.1613,0.0,0.15,OPTIMAL
grid_3x3,seed_milpsnap_grid3x3_high.json,1142,9,12,41,11.1613,0.0,0.198,OPTIMAL
grid_3x3,seed_milpsnap_grid3x3_high.json,1143,9,12,45,11.1613,0.0,0.178,OPTIMAL
grid_3x3,seed_milpsnap_grid3x3_high.json,1144,9,12,45,11.1613,0.0,0.19,OPTIMAL
grid_3x3,seed_milpsnap_grid3x3_high.json,1145,9,12,44,11.1613,0.0,0.206,OPTIMAL
grid_3x3,seed_milpsnap_grid3x3_high.json,1146,9,12,46,11.1613,0.0,0.192,OPTIMAL
grid_3x3,seed_milpsnap_grid3x3_high.json,1147,9,12,43,11.1613,0.0,0.173,OPTIMAL
grid_3x3,seed_milpsnap_grid3x3_high.json,1148,9,12,42,11.1613,0.0,0.195,OPTIMAL
grid_3x3,seed_milpsnap_grid3x3_high.json,1149,9,12,41,11.1613,0.0,0.169,OPTIMAL
grid_3x3,seed_milpsnap_grid3x3_high.json,1150,9,12,37,11.1613,0.0,0.16,OPTIMAL
grid_3x3,seed_milpsnap_grid3x3_high.json,1151,9,12,34,11.1613,0.0,0.165,OPTIMAL
grid_3x3,seed_milpsnap_grid3x3_high.json,1152,9,12,35,11.1613,0.0,0.136,OPTIMAL
grid_3x3,seed_milpsnap_grid3x3_high.json,1153,9,12,31,11.1613,0.0,0.118,OPTIMAL
grid_3x3,seed_milpsnap_grid3x3_high.json,1154,9,12,33,11.1613,0.0,0.123,OPTIMAL
grid_3x3,seed_milpsnap_grid3x3_high.json,1155,9,12,29,11.1613,0.0,0.133,OPTIMAL
grid_3x3,seed_milpsnap_grid3x3_high.json,1156,9,12,28,11.1613,0.0,0.105,OPTIMAL
grid_3x3,seed_milpsnap_grid3x3_high.json,1157,9,12,28,11.1613,6.841934214796302e-05,0.104,OPTIMAL
grid_3x3,seed_milpsnap_grid3x3_high.json,1158,9,12,22,11.1613,0.0,0.082,OPTIMAL
grid_3x3,seed_milpsnap_grid3x3_high.json,1159,9,12,21,11.1613,0.0,0.081,OPTIMAL
grid_3x3,seed_milpsnap_grid3x3_high.json,1160,9,12,21,11.1613,0.0,0.079,OPTIMAL
grid_3x3,seed_milpsnap_grid3x3_high.json,1161,9,12,21,11.1613,0.0,0.167,OPTIMAL
grid_3x3,seed_milpsnap_grid3x3_high.json,1162,9,12,22,11.1613,0.0,0.077,OPTIMAL
grid_3x3,seed_milpsnap_grid3x3_high.json,1163,9,12,23,11.1613,0.0,0.081,OPTIMAL
grid_3x3,seed_milpsnap_grid3x3_high.json,1164,9,12,23,11.1613,0.0,0.085,OPTIMAL
grid_3x3,seed_milpsnap_grid3x3_high.json,1165,9,12,24,11.1613,0.0,0.086,OPTIMAL
grid_3x3,seed_milpsnap_grid3x3_high.json,1166,9,12,28,11.1613,0.0,0.127,OPTIMAL
grid_3x3,seed_milpsnap_grid3x3_high.json,1167,9,12,29,11.1613,0.0,0.105,OPTIMAL
grid_3x3,seed_milpsnap_grid3x3_high.json,1168,9,12,28,11.1613,0.0,0.1,OPTIMAL
grid_3x3,seed_milpsnap_grid3x3_high.json,1169,9,12,27,11.1613,0.0,0.1,OPTIMAL
grid_3x3,seed_milpsnap_grid3x3_high.json,1170,9,12,27,11.1613,0.0,0.106,OPTIMAL
grid_3x3,seed_milpsnap_grid3x3_high.json,1171,9,12,27,11.1613,6.841934214796302e-05,0.126,OPTIMAL
grid_3x3,seed_milpsnap_grid3x3_high.json,1172,9,12,28,11.1613,0.0,0.103,OPTIMAL
grid_3x3,seed_milpsnap_grid3x3_high.json,1173,9,12,30,11.1613,6.841934214796302e-05,0.12,OPTIMAL
grid_3x3,seed_milpsnap_grid3x3_high.json,1174,9,12,1,77.8006,0.0,0.004,OPTIMAL
grid_3x3,seed_milpsnap_grid3x3_high.json,1175,9,12,2,44.4946,0.0,0.008,OPTIMAL
grid_3x3,seed_milpsnap_grid3x3_high.json,1176,9,12,5,22.2815,0.0,0.019,OPTIMAL
grid_3x3,seed_milpsnap_grid3x3_high.json,1177,9,12,8,11.1613,0.0,0.031,OPTIMAL
grid_3x3,seed_milpsnap_grid3x3_high.json,1178,9,12,9,11.1613,0.0,0.039,OPTIMAL
grid_3x3,seed_milpsnap_grid3x3_high.json,1179,9,12,12,11.1613,0.0,0.042,OPTIMAL
grid_3x3,seed_milpsnap_grid3x3_high.json,1180,9,12,16,11.1613,0.0,0.061,OPTIMAL
grid_3x3,seed_milpsnap_grid3x3_high.json,1181,9,12,17,11.1613,0.0,0.085,OPTIMAL
grid_3x3,seed_milpsnap_grid3x3_high.json,1182,9,12,20,11.1613,0.0,0.076,OPTIMAL
grid_3x3,seed_milpsnap_grid3x3_high.json,1183,9,12,23,11.1613,0.0,0.085,OPTIMAL
grid_3x3,seed_milpsnap_grid3x3_high.json,1184,9,12,28,11.1613,0.0,0.103,OPTIMAL
grid_3x3,seed_milpsnap_grid3x3_high.json,1185,9,12,32,11.1613,0.0,0.122,OPTIMAL
grid_3x3,seed_milpsnap_grid3x3_high.json,1186,9,12,35,11.1613,0.0,0.172,OPTIMAL
grid_3x3,seed_milpsnap_grid3x3_high.json,1187,9,12,38,11.1613,0.0,0.155,OPTIMAL
grid_3x3,seed_milpsnap_grid3x3_high.json,1188,9,12,39,11.1613,6.841934214796302e-05,0.155,OPTIMAL
grid_3x3,seed_milpsnap_grid3x3_high.json,1189,9,12,40,11.1613,0.0,0.199,OPTIMAL
grid_3x3,seed_milpsnap_grid3x3_high.json,1190,9,12,42,11.1613,0.0,0.175,OPTIMAL
grid_3x3,seed_milpsnap_grid3x3_high.json,1191,9,12,44,11.1613,0.0,0.181,OPTIMAL
grid_3x3,seed_milpsnap_grid3x3_high.json,1192,9,12,41,11.1613,0.0,0.189,OPTIMAL
grid_3x3,seed_milpsnap_grid3x3_high.json,1193,9,12,41,11.1613,0.0,0.165,OPTIMAL
grid_3x3,seed_milpsnap_grid3x3_high.json,1194,9,12,40,11.1613,0.0,0.164,OPTIMAL
grid_3x3,seed_milpsnap_grid3x3_high.json,1195,9,12,40,11.1613,0.0,0.185,OPTIMAL
grid_3x3,seed_milpsnap_grid3x3_high.json,1196,9,12,42,11.1613,0.0,0.168,OPTIMAL
grid_3x3,seed_milpsnap_grid3x3_high.json,1197,9,12,43,11.1613,0.0,0.183,OPTIMAL
grid_3x3,seed_milpsnap_grid3x3_high.json,1198,9,12,41,11.1613,0.0,0.236,OPTIMAL
grid_3x3,seed_milpsnap_grid3x3_high.json,1199,9,12,39,11.1613,0.0,0.157,OPTIMAL
grid_3x3,seed_milpsnap_grid3x3_high.json,1200,9,12,35,11.1613,0.0,0.145,OPTIMAL
grid_3x3,seed_milpsnap_grid3x3_high.json,1201,9,12,34,11.1613,0.0,0.164,OPTIMAL
grid_3x3,seed_milpsnap_grid3x3_high.json,1202,9,12,31,11.1613,0.0,0.121,OPTIMAL
grid_3x3,seed_milpsnap_grid3x3_high.json,1203,9,12,31,11.1613,0.0,0.124,OPTIMAL
grid_3x3,seed_milpsnap_grid3x3_high.json,1204,9,12,34,11.1613,0.0,0.125,OPTIMAL
grid_3x3,seed_milpsnap_grid3x3_high.json,1205,9,12,31,11.1613,0.0,0.142,OPTIMAL
grid_3x3,seed_milpsnap_grid3x3_high.json,1206,9,12,29,11.1613,0.0,0.104,OPTIMAL
grid_3x3,seed_milpsnap_grid3x3_high.json,1207,9,12,30,11.1613,6.841934214796302e-05,0.109,OPTIMAL
grid_3x3,seed_milpsnap_grid3x3_high.json,1208,9,12,33,11.1613,0.0,0.127,OPTIMAL
grid_3x3,seed_milpsnap_grid3x3_high.json,1209,9,12,34,11.1613,0.0,0.196,OPTIMAL
grid_3x3,seed_milpsnap_grid3x3_high.json,1210,9,12,32,11.1613,6.841934214796302e-05,0.129,OPTIMAL
grid_3x3,seed_milpsnap_grid3x3_high.json,1211,9,12,30,11.1613,0.0,0.12,OPTIMAL
grid_3x3,seed_milpsnap_grid3x3_high.json,1212,9,12,27,11.1613,0.0,0.1,OPTIMAL
grid_3x3,seed_milpsnap_grid3x3_high.json,1213,9,12,28,11.1613,0.0,0.103,OPTIMAL
grid_3x3,seed_milpsnap_grid3x3_high.json,1214,9,12,26,11.1613,0.0,0.128,OPTIMAL
grid_3x3,seed_milpsnap_grid3x3_high.json,1215,9,12,30,11.1613,0.0,0.113,OPTIMAL
grid_3x3,seed_milpsnap_grid3x3_high.json,1216,9,12,29,11.1613,0.0,0.11,OPTIMAL
grid_3x3,seed_milpsnap_grid3x3_high.json,1217,9,12,31,11.1613,0.0,0.113,OPTIMAL
grid_3x3,seed_milpsnap_grid3x3_high.json,1218,9,12,31,11.1613,6.841934214796302e-05,0.146,OPTIMAL
grid_3x3,seed_milpsnap_grid3x3_high.json,1219,9,12,28,11.1613,0.0,0.111,OPTIMAL
grid_3x3,seed_milpsnap_grid3x3_high.json,1220,9,12,30,11.1613,0.0,0.117,OPTIMAL
grid_3x3,seed_milpsnap_grid3x3_high.json,1221,9,12,30,11.1613,0.0,0.11,OPTIMAL
grid_3x3,seed_milpsnap_grid3x3_high.json,1222,9,12,30,11.1613,0.0,0.153,OPTIMAL
grid_3x3,seed_milpsnap_grid3x3_high.json,1223,9,12,28,11.1613,0.0,0.108,OPTIMAL
grid_3x3,seed_milpsnap_grid3x3_high.json,1224,9,12,30,11.1613,0.0,0.115,OPTIMAL
grid_3x3,seed_milpsnap_grid3x3_high.json,1225,9,12,30,11.1613,0.0,0.113,OPTIMAL
grid_3x3,seed_milpsnap_grid3x3_high.json,1226,9,12,30,11.1613,0.0,0.118,OPTIMAL
grid_3x3,seed_milpsnap_grid3x3_high.json,1227,9,12,33,11.1613,0.0,0.149,OPTIMAL
grid_3x3,seed_milpsnap_grid3x3_high.json,1228,9,12,33,11.1613,0.0,0.126,OPTIMAL
grid_3x3,seed_milpsnap_grid3x3_high.json,1229,9,12,36,11.1613,0.0,0.22,OPTIMAL
grid_3x3,seed_milpsnap_grid3x3_high.json,1230,9,12,34,11.1613,0.0,0.155,OPTIMAL
grid_3x3,seed_milpsnap_grid3x3_high.json,1231,9,12,34,11.1613,0.0,0.128,OPTIMAL
grid_3x3,seed_milpsnap_grid3x3_high.json,1232,9,12,34,11.1613,0.0,0.135,OPTIMAL
grid_3x3,seed_milpsnap_grid3x3_high.json,1233,9,12,36,11.1613,0.0,0.141,OPTIMAL
grid_3x3,seed_milpsnap_grid3x3_high.json,1234,9,12,35,11.1613,0.0,0.161,OPTIMAL
grid_3x3,seed_milpsnap_grid3x3_high.json,1235,9,12,36,11.1613,6.841934214796302e-05,0.141,OPTIMAL
grid_3x3,seed_milpsnap_grid3x3_high.json,1236,9,12,33,11.1613,0.0,0.13,OPTIMAL
grid_3x3,seed_milpsnap_grid3x3_high.json,1237,9,12,36,11.1613,0.0,0.155,OPTIMAL
grid_3x3,seed_milpsnap_grid3x3_high.json,1238,9,12,39,11.1613,0.0,0.182,OPTIMAL
grid_3x3,seed_milpsnap_grid3x3_high.json,1239,9,12,35,11.1613,6.841934214796302e-05,0.131,OPTIMAL
grid_3x3,seed_milpsnap_grid3x3_high.json,1240,9,12,34,11.1613,0.0,0.133,OPTIMAL
grid_3x3,seed_milpsnap_grid3x3_high.json,1241,9,12,34,11.1613,0.0,0.155,OPTIMAL
grid_3x3,seed_milpsnap_grid3x3_high.json,1242,9,12,34,11.1613,0.0,0.135,OPTIMAL
grid_3x3,seed_milpsnap_grid3x3_high.json,1243,9,12,35,11.1613,0.0,0.137,OPTIMAL
grid_3x3,seed_milpsnap_grid3x3_high.json,1244,9,12,32,11.1613,0.0,0.121,OPTIMAL
grid_3x3,seed_milpsnap_grid3x3_high.json,1245,9,12,33,11.1613,0.0,0.152,OPTIMAL
grid_3x3,seed_milpsnap_grid3x3_high.json,1246,9,12,33,11.1613,0.0,0.13,OPTIMAL
grid_3x3,seed_milpsnap_grid3x3_high.json,1247,9,12,33,11.1613,0.0,0.128,OPTIMAL
grid_3x3,seed_milpsnap_grid3x3_high.json,1248,9,12,31,11.1613,0.0,0.119,OPTIMAL
grid_3x3,seed_milpsnap_grid3x3_high.json,1249,9,12,33,11.1613,0.0,0.158,OPTIMAL
grid_3x3,seed_milpsnap_grid3x3_high.json,1250,9,12,34,11.1613,0.0,0.126,OPTIMAL
grid_3x3,seed_milpsnap_grid3x3_high.json,1251,9,12,35,11.1613,0.0,0.14,OPTIMAL
grid_3x3,seed_milpsnap_grid3x3_high.json,1252,9,12,32,11.1613,0.0,0.126,OPTIMAL
grid_3x3,seed_milpsnap_grid3x3_high.json,1253,9,12,30,11.1613,0.0,0.135,OPTIMAL
grid_3x3,seed_milpsnap_grid3x3_high.json,1254,9,12,31,11.1613,0.0,0.121,OPTIMAL
grid_3x3,seed_milpsnap_grid3x3_high.json,1255,9,12,32,11.1613,0.0,0.126,OPTIMAL
grid_3x3,seed_milpsnap_grid3x3_high.json,1256,9,12,33,11.1613,0.0,0.128,OPTIMAL
grid_3x3,seed_milpsnap_grid3x3_high.json,1257,9,12,30,11.1613,0.0,0.135,OPTIMAL
grid_3x3,seed_milpsnap_grid3x3_high.json,1258,9,12,27,11.1613,0.0,0.1,OPTIMAL
grid_3x3,seed_milpsnap_grid3x3_high.json,1259,9,12,29,11.1613,0.0,0.105,OPTIMAL
grid_3x3,seed_milpsnap_grid3x3_high.json,1260,9,12,28,11.1613,0.0,0.105,OPTIMAL
grid_3x3,seed_milpsnap_grid3x3_high.json,1261,9,12,29,11.1613,0.0,0.116,OPTIMAL
grid_3x3,seed_milpsnap_grid3x3_high.json,1262,9,12,28,11.1613,0.0,0.134,OPTIMAL
grid_3x3,seed_milpsnap_grid3x3_high.json,1263,9,12,29,11.1613,0.0,0.111,OPTIMAL
grid_3x3,seed_milpsnap_grid3x3_high.json,1264,9,12,27,11.1613,0.0,0.098,OPTIMAL
grid_3x3,seed_milpsnap_grid3x3_high.json,1265,9,12,23,11.1613,0.0,0.085,OPTIMAL
grid_3x3,seed_milpsnap_grid3x3_high.json,1266,9,12,25,11.1613,0.0,0.107,OPTIMAL
grid_3x3,seed_milpsnap_grid3x3_high.json,1267,9,12,26,11.1613,0.0,0.112,OPTIMAL
grid_3x3,seed_milpsnap_grid3x3_high.json,1268,9,12,25,11.1613,0.0,0.095,OPTIMAL
grid_3x3,seed_milpsnap_grid3x3_high.json,1269,9,12,26,11.1613,0.0,0.094,OPTIMAL
grid_3x3,seed_milpsnap_grid3x3_high.json,1270,9,12,25,11.1613,6.841934214796302e-05,0.096,OPTIMAL
grid_3x3,seed_milpsnap_grid3x3_high.json,1271,9,12,24,11.1613,0.0,0.086,OPTIMAL
grid_3x3,seed_milpsnap_grid3x3_high.json,1272,9,12,24,11.1613,0.0,0.116,OPTIMAL
grid_3x3,seed_milpsnap_grid3x3_high.json,1273,9,12,25,11.1613,0.0,0.092,OPTIMAL
grid_3x3,seed_milpsnap_grid3x3_high.json,1274,9,12,26,11.1613,6.841934214796302e-05,0.099,OPTIMAL
grid_3x3,seed_milpsnap_grid3x3_high.json,1275,9,12,26,11.1613,0.0,0.095,OPTIMAL
grid_3x3,seed_milpsnap_grid3x3_high.json,1276,9,12,25,11.1613,0.0,0.091,OPTIMAL
grid_3x3,seed_milpsnap_grid3x3_high.json,1277,9,12,27,11.1613,0.0,0.107,OPTIMAL
grid_3x3,seed_milpsnap_grid3x3_high.json,1278,9,12,28,11.1613,0.0,0.135,OPTIMAL
grid_3x3,seed_milpsnap_grid3x3_high.json,1279,9,12,30,11.1613,0.0,0.112,OPTIMAL
grid_3x3,seed_milpsnap_grid3x3_high.json,1280,9,12,34,11.1613,0.0,0.129,OPTIMAL
grid_3x3,seed_milpsnap_grid3x3_high.json,1281,9,12,32,11.1613,0.0,0.126,OPTIMAL
grid_3x3,seed_milpsnap_grid3x3_high.json,1282,9,12,34,11.1613,0.0,0.158,OPTIMAL
grid_3x3,seed_milpsnap_grid3x3_high.json,1283,9,12,35,11.1613,0.0,0.131,OPTIMAL
grid_3x3,seed_milpsnap_grid3x3_high.json,1284,9,12,32,11.1613,0.0,0.127,OPTIMAL
grid_3x3,seed_milpsnap_grid3x3_high.json,1285,9,12,35,11.1613,0.0,0.145,OPTIMAL
grid_3x3,seed_milpsnap_grid3x3_high.json,1286,9,12,35,11.1613,0.0,0.154,OPTIMAL
grid_3x3,seed_milpsnap_grid3x3_high.json,1287,9,12,34,11.1613,0.0,0.126,OPTIMAL
grid_3x3,seed_milpsnap_grid3x3_high.json,1288,9,12,33,11.1613,0.0,0.131,OPTIMAL
grid_3x3,seed_milpsnap_grid3x3_high.json,1289,9,12,30,11.1613,0.0,0.15,OPTIMAL
grid_3x3,seed_milpsnap_grid3x3_high.json,1290,9,12,29,11.1613,0.0,0.108,OPTIMAL
grid_3x3,seed_milpsnap_grid3x3_high.json,1291,9,12,31,11.1613,0.0,0.129,OPTIMAL
grid_3x3,seed_milpsnap_grid3x3_high.json,1292,9,12,28,11.1613,0.0,0.104,OPTIMAL
grid_3x3,seed_milpsnap_grid3x3_high.json,1293,9,12,25,11.1613,0.0,0.101,OPTIMAL
grid_3x3,seed_milpsnap_grid3x3_high.json,1294,9,12,23,11.1613,0.0,0.114,OPTIMAL
grid_3x3,seed_milpsnap_grid3x3_high.json,1295,9,12,20,11.1613,0.0,0.076,OPTIMAL
grid_3x3,seed_milpsnap_grid3x3_high.json,1296,9,12,22,11.1613,0.0,0.084,OPTIMAL
grid_3x3,seed_milpsnap_grid3x3_high.json,1297,9,12,22,11.1613,0.0,0.083,OPTIMAL
grid_3x3,seed_milpsnap_grid3x3_high.json,1298,9,12,20,11.1613,0.0,0.071,OPTIMAL
grid_3x3,seed_milpsnap_grid3x3_high.json,1299,9,12,25,11.1613,6.841934214796302e-05,0.093,OPTIMAL
grid_3x3,seed_milpsnap_grid3x3_high.json,1300,9,12,21,11.1613,0.0,0.101,OPTIMAL
grid_3x3,seed_milpsnap_grid3x3_high.json,1301,9,12,22,11.1613,6.841934214796302e-05,0.136,OPTIMAL
grid_3x3,seed_milpsnap_grid3x3_high.json,1302,9,12,23,11.1613,0.0,0.083,OPTIMAL
grid_3x3,seed_milpsnap_grid3x3_high.json,1303,9,12,25,11.1613,0.0,0.093,OPTIMAL
grid_3x3,seed_milpsnap_grid3x3_high.json,1304,9,12,25,11.1613,0.0,0.092,OPTIMAL
grid_3x3,seed_milpsnap_grid3x3_high.json,1305,9,12,23,11.1613,0.0,0.117,OPTIMAL
grid_3x3,seed_milpsnap_grid3x3_high.json,1306,9,12,24,11.1613,0.0,0.087,OPTIMAL
grid_3x3,seed_milpsnap_grid3x3_high.json,1307,9,12,26,11.1613,0.0,0.097,OPTIMAL
grid_3x3,seed_milpsnap_grid3x3_high.json,1308,9,12,25,11.1613,0.0,0.099,OPTIMAL
grid_3x3,seed_milpsnap_grid3x3_high.json,1309,9,12,27,11.1613,6.841934214796302e-05,0.1,OPTIMAL
grid_3x3,seed_milpsnap_grid3x3_high.json,1310,9,12,26,11.1613,0.0,0.121,OPTIMAL
grid_3x3,seed_milpsnap_grid3x3_high.json,1311,9,12,22,11.1613,0.0,0.087,OPTIMAL
grid_3x3,seed_milpsnap_grid3x3_high.json,1312,9,12,23,11.1613,0.0,0.077,OPTIMAL
grid_3x3,seed_milpsnap_grid3x3_high.json,1313,9,12,20,11.1613,0.0,0.074,OPTIMAL
grid_3x3,seed_milpsnap_grid3x3_high.json,1314,9,12,24,11.1613,6.841934214796302e-05,0.088,OPTIMAL
grid_3x3,seed_milpsnap_grid3x3_high.json,1315,9,12,22,11.1613,6.841934214796302e-05,0.077,OPTIMAL
grid_3x3,seed_milpsnap_grid3x3_high.json,1316,9,12,24,11.1613,0.0,0.123,OPTIMAL
grid_3x3,seed_milpsnap_grid3x3_high.json,1317,9,12,21,11.1613,0.0,0.076,OPTIMAL
grid_3x3,seed_milpsnap_grid3x3_high.json,1318,9,12,21,11.1613,0.0,0.075,OPTIMAL
grid_3x3,seed_milpsnap_grid3x3_high.json,1319,9,12,25,11.1613,0.0,0.088,OPTIMAL
grid_3x3,seed_milpsnap_grid3x3_high.json,1320,9,12,26,11.1613,0.0,0.096,OPTIMAL
grid_3x3,seed_milpsnap_grid3x3_high.json,1321,9,12,24,11.1613,0.0,0.088,OPTIMAL
grid_3x3,seed_milpsnap_grid3x3_high.json,1322,9,12,25,11.1613,0.0,0.129,OPTIMAL
grid_3x3,seed_milpsnap_grid3x3_high.json,1323,9,12,1,55.5875,0.0,0.006,OPTIMAL
grid_3x3,seed_milpsnap_grid3x3_high.json,1324,9,12,4,22.2678,0.0,0.02,OPTIMAL
grid_3x3,seed_milpsnap_grid3x3_high.json,1325,9,12,8,22.2678,0.0,0.026,OPTIMAL
grid_3x3,seed_milpsnap_grid3x3_high.json,1326,9,12,10,11.1613,6.841934214796302e-05,0.038,OPTIMAL
grid_3x3,seed_milpsnap_grid3x3_high.json,1327,9,12,13,11.1613,0.0,0.048,OPTIMAL
grid_3x3,seed_milpsnap_grid3x3_high.json,1328,9,12,15,11.1613,0.0,0.058,OPTIMAL
grid_3x3,seed_milpsnap_grid3x3_high.json,1329,9,12,19,11.1613,0.0,0.076,OPTIMAL
grid_3x3,seed_milpsnap_grid3x3_high.json,1330,9,12,21,11.1613,0.0,0.076,OPTIMAL
grid_3x3,seed_milpsnap_grid3x3_high.json,1331,9,12,22,11.1613,6.841934214796302e-05,0.083,OPTIMAL
grid_3x3,seed_milpsnap_grid3x3_high.json,1332,9,12,25,11.1613,0.0,0.118,OPTIMAL
grid_3x3,seed_milpsnap_grid3x3_high.json,1333,9,12,28,11.1613,0.0,0.107,OPTIMAL
grid_3x3,seed_milpsnap_grid3x3_high.json,1334,9,12,29,11.1613,0.0,0.108,OPTIMAL
grid_3x3,seed_milpsnap_grid3x3_high.json,1335,9,12,31,11.1613,0.0,0.124,OPTIMAL
grid_3x3,seed_milpsnap_grid3x3_high.json,1336,9,12,32,11.1613,0.0,0.171,OPTIMAL
grid_3x3,seed_milpsnap_grid3x3_high.json,1337,9,12,30,11.1613,0.0,0.117,OPTIMAL
grid_3x3,seed_milpsnap_grid3x3_high.json,1338,9,12,28,11.1613,0.0,0.102,OPTIMAL
grid_3x3,seed_milpsnap_grid3x3_high.json,1339,9,12,30,11.1613,0.0,0.114,OPTIMAL
grid_3x3,seed_milpsnap_grid3x3_high.json,1340,9,12,30,11.1613,0.0,0.106,OPTIMAL
grid_3x3,seed_milpsnap_grid3x3_high.json,1341,9,12,29,11.1613,0.0,0.137,OPTIMAL
grid_3x3,seed_milpsnap_grid3x3_high.json,1342,9,12,29,11.1613,0.0,0.107,OPTIMAL
grid_3x3,seed_milpsnap_grid3x3_high.json,1343,9,12,28,11.1613,0.0,0.102,OPTIMAL
grid_3x3,seed_milpsnap_grid3x3_high.json,1344,9,12,26,11.1613,0.0,0.096,OPTIMAL
grid_3x3,seed_milpsnap_grid3x3_high.json,1345,9,12,28,11.1613,6.841934214796302e-05,0.101,OPTIMAL
grid_3x3,seed_milpsnap_grid3x3_high.json,1346,9,12,28,11.1613,0.0,0.122,OPTIMAL
grid_3x3,seed_milpsnap_grid3x3_high.json,1347,9,12,25,11.1613,0.0,0.092,OPTIMAL
grid_3x3,seed_milpsnap_grid3x3_high.json,1348,9,12,27,11.1613,0.0,0.1,OPTIMAL
grid_3x3,seed_milpsnap_grid3x3_high.json,1349,9,12,30,11.1613,6.841934214796302e-05,0.115,OPTIMAL
grid_3x3,seed_milpsnap_grid3x3_high.json,1350,9,12,29,11.1613,6.841934214796302e-05,0.105,OPTIMAL
grid_3x3,seed_milpsnap_grid3x3_high.json,1351,9,12,31,11.1613,0.0,0.148,OPTIMAL
grid_3x3,seed_milpsnap_grid3x3_high.json,1352,9,12,31,11.1613,0.0,0.118,OPTIMAL
grid_3x3,seed_milpsnap_grid3x3_high.json,1353,9,12,29,11.1613,0.0,0.111,OPTIMAL
grid_3x3,seed_milpsnap_grid3x3_high.json,1354,9,12,30,11.1613,0.0,0.114,OPTIMAL
grid_3x3,seed_milpsnap_grid3x3_high.json,1355,9,12,32,11.1613,0.0,0.154,OPTIMAL
grid_3x3,seed_milpsnap_grid3x3_high.json,1356,9,12,32,11.1613,0.0,0.127,OPTIMAL
grid_3x3,seed_milpsnap_grid3x3_high.json,1357,9,12,33,11.1613,0.0,0.129,OPTIMAL
grid_3x3,seed_milpsnap_grid3x3_high.json,1358,9,12,33,11.1613,0.0,0.139,OPTIMAL
grid_3x3,seed_milpsnap_grid3x3_high.json,1359,9,12,35,11.1613,0.0,0.169,OPTIMAL
grid_3x3,seed_milpsnap_grid3x3_high.json,1360,9,12,33,11.1613,0.0,0.126,OPTIMAL
grid_3x3,seed_milpsnap_grid3x3_high.json,1361,9,12,30,11.1613,0.0,0.112,OPTIMAL
grid_3x3,seed_milpsnap_grid3x3_high.json,1362,9,12,32,11.1613,6.841934214796302e-05,0.121,OPTIMAL
grid_3x3,seed_milpsnap_grid3x3_high.json,1363,9,12,32,11.1613,0.0,0.154,OPTIMAL
grid_3x3,seed_milpsnap_grid3x3_high.json,1364,9,12,32,11.1613,0.0,0.127,OPTIMAL
grid_3x3,seed_milpsnap_grid3x3_high.json,1365,9,12,31,11.1613,6.841934214796302e-05,0.121,OPTIMAL
grid_3x3,seed_milpsnap_grid3x3_high.json,1366,9,12,32,11.1613,0.0,0.124,OPTIMAL
grid_3x3,seed_milpsnap_grid3x3_high.json,1367,9,12,34,11.1613,0.0,0.158,OPTIMAL
grid_3x3,seed_milpsnap_grid3x3_high.json,1368,9,12,35,11.1613,0.0,0.134,OPTIMAL
grid_3x3,seed_milpsnap_grid3x3_high.json,1369,9,12,35,11.1613,0.0,0.132,OPTIMAL
grid_3x3,seed_milpsnap_grid3x3_high.json,1370,9,12,35,11.1613,0.0,0.138,OPTIMAL
grid_3x3,seed_milpsnap_grid3x3_high.json,1371,9,12,35,11.1613,0.0,0.166,OPTIMAL
grid_3x3,seed_milpsnap_grid3x3_high.json,1372,9,12,35,11.1613,0.0,0.131,OPTIMAL
grid_3x3,seed_milpsnap_grid3x3_high.json,1373,9,12,34,11.1613,6.841934214796302e-05,0.129,OPTIMAL
grid_3x3,seed_milpsnap_grid3x3_high.json,1374,9,12,35,11.1613,0.0,0.164,OPTIMAL
grid_3x3,seed_milpsnap_grid3x3_high.json,1375,9,12,34,11.1613,0.0,0.137,OPTIMAL
grid_3x3,seed_milpsnap_grid3x3_high.json,1376,9,12,34,11.1613,0.0,0.129,OPTIMAL
grid_3x3,seed_milpsnap_grid3x3_high.json,1377,9,12,36,11.1613,0.0,0.143,OPTIMAL
grid_3x3,seed_milpsnap_grid3x3_high.json,1378,9,12,34,11.1613,0.0,0.161,OPTIMAL
grid_3x3,seed_milpsnap_grid3x3_high.json,1379,9,12,36,11.1613,0.0,0.148,OPTIMAL
grid_3x3,seed_milpsnap_grid3x3_high.json,1380,9,12,33,11.1613,0.0,0.131,OPTIMAL
grid_3x3,seed_milpsnap_grid3x3_high.json,1381,9,12,32,11.1613,6.841934214796302e-05,0.128,OPTIMAL
grid_3x3,seed_milpsnap_grid3x3_high.json,1382,9,12,33,11.1613,6.841934214796302e-05,0.166,OPTIMAL
grid_3x3,seed_milpsnap_grid3x3_high.json,1383,9,12,34,11.1613,0.0,0.131,OPTIMAL
grid_3x3,seed_milpsnap_grid3x3_high.json,1384,9,12,31,11.1613,0.0,0.123,OPTIMAL
grid_3x3,seed_milpsnap_grid3x3_high.json,1385,9,12,30,11.1613,0.0,0.11,OPTIMAL
grid_3x3,seed_milpsnap_grid3x3_high.json,1386,9,12,28,11.1613,0.0,0.136,OPTIMAL
grid_3x3,seed_milpsnap_grid3x3_high.json,1387,9,12,28,11.1613,0.0,0.101,OPTIMAL
grid_3x3,seed_milpsnap_grid3x3_high.json,1388,9,12,27,11.1613,0.0,0.104,OPTIMAL
grid_3x3,seed_milpsnap_grid3x3_high.json,1389,9,12,29,11.1613,0.0,0.106,OPTIMAL
grid_3x3,seed_milpsnap_grid3x3_high.json,1390,9,12,29,11.1613,0.0,0.115,OPTIMAL
grid_3x3,seed_milpsnap_grid3x3_high.json,1391,9,12,27,11.1613,0.0,0.121,OPTIMAL
grid_3x3,seed_milpsnap_grid3x3_high.json,1392,9,12,28,11.1613,0.0,0.102,OPTIMAL
grid_3x3,seed_milpsnap_grid3x3_high.json,1393,9,12,27,11.1613,0.0,0.099,OPTIMAL
grid_3x3,seed_milpsnap_grid3x3_high.json,1394,9,12,28,11.1613,0.0,0.102,OPTIMAL
grid_3x3,seed_milpsnap_grid3x3_high.json,1395,9,12,29,11.1613,0.0,0.147,OPTIMAL
grid_3x3,seed_milpsnap_grid3x3_high.json,1396,9,12,28,11.1613,0.0,0.101,OPTIMAL
grid_3x3,seed_milpsnap_grid3x3_high.json,1397,9,12,27,11.1613,0.0,0.105,OPTIMAL
grid_3x3,seed_milpsnap_grid3x3_high.json,1398,9,12,29,11.1613,0.0,0.108,OPTIMAL
grid_3x3,seed_milpsnap_grid3x3_high.json,1399,9,12,30,11.1613,0.0,0.115,OPTIMAL
grid_3x3,seed_milpsnap_grid3x3_high.json,1400,9,12,30,11.1613,0.0,0.136,OPTIMAL
grid_3x3,seed_milpsnap_grid3x3_high.json,1401,9,12,29,11.1613,0.0,0.108,OPTIMAL
grid_3x3,seed_milpsnap_grid3x3_high.json,1402,9,12,27,11.1613,0.0,0.105,OPTIMAL
grid_3x3,seed_milpsnap_grid3x3_high.json,1403,9,12,26,11.1613,0.0,0.098,OPTIMAL
grid_3x3,seed_milpsnap_grid3x3_high.json,1404,9,12,30,11.1613,0.0,0.128,OPTIMAL
grid_3x3,seed_milpsnap_grid3x3_high.json,1405,9,12,31,11.1613,0.0,0.138,OPTIMAL
grid_3x3,seed_milpsnap_grid3x3_high.json,1406,9,12,32,11.1613,0.0,0.13,OPTIMAL
grid_3x3,seed_milpsnap_grid3x3_high.json,1407,9,12,30,11.1613,0.0,0.116,OPTIMAL
grid_3x3,seed_milpsnap_grid3x3_high.json,1408,9,12,30,11.1613,0.0,0.113,OPTIMAL
grid_3x3,seed_milpsnap_grid3x3_high.json,1409,9,12,31,11.1613,0.0,0.15,OPTIMAL
grid_3x3,seed_milpsnap_grid3x3_high.json,1410,9,12,32,11.1613,0.0,0.115,OPTIMAL
grid_3x3,seed_milpsnap_grid3x3_high.json,1411,9,12,34,11.1613,0.0,0.132,OPTIMAL
grid_3x3,seed_milpsnap_grid3x3_high.json,1412,9,12,33,11.1613,0.0,0.124,OPTIMAL
grid_3x3,seed_milpsnap_grid3x3_high.json,1413,9,12,33,11.1613,0.0,0.152,OPTIMAL
grid_3x3,seed_milpsnap_grid3x3_high.json,1414,9,12,34,11.1613,0.0,0.132,OPTIMAL
grid_3x3,seed_milpsnap_grid3x3_high.json,1415,9,12,35,11.1613,0.0,0.14,OPTIMAL
grid_3x3,seed_milpsnap_grid3x3_high.json,1416,9,12,38,11.1613,0.0,0.184,OPTIMAL
grid_3x3,seed_milpsnap_grid3x3_high.json,1417,9,12,41,11.1613,0.0,0.168,OPTIMAL
grid_3x3,seed_milpsnap_grid3x3_high.json,1418,9,12,44,11.1613,0.0,0.178,OPTIMAL
grid_3x3,seed_milpsnap_grid3x3_high.json,1419,9,12,40,11.1613,0.0,0.173,OPTIMAL
grid_3x3,seed_milpsnap_grid3x3_high.json,1420,9,12,41,11.1613,0.0,0.188,OPTIMAL
grid_3x3,seed_milpsnap_grid3x3_high.json,1421,9,12,42,11.1613,6.841934214796302e-05,0.173,OPTIMAL
grid_3x3,seed_milpsnap_grid3x3_high.json,1422,9,12,42,11.1613,6.841934214796302e-05,0.204,OPTIMAL
grid_3x3,seed_milpsnap_grid3x3_high.json,1423,9,12,44,11.1613,0.0,0.181,OPTIMAL
grid_3x3,seed_milpsnap_grid3x3_high.json,1424,9,12,42,11.1613,0.0,0.17,OPTIMAL
grid_3x3,seed_milpsnap_grid3x3_high.json,1425,9,12,39,11.1613,0.0,0.201,OPTIMAL
grid_3x3,seed_milpsnap_grid3x3_high.json,1426,9,12,37,11.1613,0.0,0.157,OPTIMAL
grid_3x3,seed_milpsnap_grid3x3_high.json,1427,9,12,35,11.1613,0.0,0.129,OPTIMAL
grid_3x3,seed_milpsnap_grid3x3_high.json,1428,9,12,33,11.1613,0.0,0.127,OPTIMAL
grid_3x3,seed_milpsnap_grid3x3_high.json,1429,9,12,31,11.1613,0.0,0.151,OPTIMAL
grid_3x3,seed_milpsnap_grid3x3_high.json,1430,9,12,31,11.1613,0.0,0.114,OPTIMAL
grid_3x3,seed_milpsnap_grid3x3_high.json,1431,9,12,28,11.1613,0.0,0.105,OPTIMAL
grid_3x3,seed_milpsnap_grid3x3_high.json,1432,9,12,27,11.1613,6.841934214796302e-05,0.101,OPTIMAL
grid_3x3,seed_milpsnap_grid3x3_high.json,1433,9,12,24,11.1613,0.0,0.124,OPTIMAL
grid_3x3,seed_milpsnap_grid3x3_high.json,1434,9,12,25,11.1613,0.0,0.09,OPTIMAL
grid_3x3,seed_milpsnap_grid3x3_high.json,1435,9,12,23,11.1613,0.0,0.083,OPTIMAL
grid_3x3,seed_milpsnap_grid3x3_high.json,1436,9,12,20,11.1613,0.0,0.069,OPTIMAL
grid_3x3,seed_milpsnap_grid3x3_high.json,1437,9,12,21,11.1613,0.0,0.077,OPTIMAL
grid_3x3,seed_milpsnap_grid3x3_high.json,1438,9,12,18,11.1613,0.0,0.064,OPTIMAL
grid_3x3,seed_milpsnap_grid3x3_high.json,1439,9,12,19,11.1613,0.0,0.07,OPTIMAL
grid_3x3,seed_milpsnap_grid3x3_high.json,1440,9,12,20,11.1613,0.0,0.099,OPTIMAL
grid_3x3,seed_milpsnap_grid3x3_high.json,1441,9,12,21,11.1613,0.0,0.074,OPTIMAL
grid_3x3,seed_milpsnap_grid3x3_high.json,1442,9,12,23,11.1613,6.841934214796302e-05,0.088,OPTIMAL
grid_3x3,seed_milpsnap_grid3x3_high.json,1443,9,12,23,11.1613,0.0,0.083,OPTIMAL
grid_3x3,seed_milpsnap_grid3x3_high.json,1444,9,12,25,11.1613,6.841934214796302e-05,0.089,OPTIMAL
grid_3x3,seed_milpsnap_grid3x3_high.json,1445,9,12,24,11.1613,0.0,0.089,OPTIMAL
grid_3x3,seed_milpsnap_grid3x3_high.json,1446,9,12,23,11.1613,0.0,0.107,OPTIMAL
grid_3x3,seed_milpsnap_grid3x3_high.json,1447,9,12,22,11.1613,0.0,0.083,OPTIMAL
grid_3x3,seed_milpsnap_grid3x3_high.json,1448,9,12,24,11.1613,0.0,0.085,OPTIMAL
grid_3x3,seed_milpsnap_grid3x3_high.json,1449,9,12,24,11.1613,0.0,0.097,OPTIMAL
grid_3x3,seed_milpsnap_grid3x3_high.json,1450,9,12,25,11.1613,6.841934214796302e-05,0.091,OPTIMAL
grid_3x3,seed_milpsnap_grid3x3_high.json,1451,9,12,27,11.1613,0.0,0.109,OPTIMAL
grid_3x3,seed_milpsnap_grid3x3_high.json,1452,9,12,28,11.1613,0.0,0.126,OPTIMAL
grid_3x3,seed_milpsnap_grid3x3_high.json,1453,9,12,31,11.1613,0.0,0.119,OPTIMAL
grid_3x3,seed_milpsnap_grid3x3_high.json,1454,9,12,31,11.1613,0.0,0.128,OPTIMAL
grid_3x3,seed_milpsnap_grid3x3_high.json,1455,9,12,32,11.1613,0.0,0.13,OPTIMAL
grid_3x3,seed_milpsnap_grid3x3_high.json,1456,9,12,34,11.1613,0.0,0.152,OPTIMAL
grid_3x3,seed_milpsnap_grid3x3_high.json,1457,9,12,36,11.1613,0.0,0.146,OPTIMAL
grid_3x3,seed_milpsnap_grid3x3_high.json,1458,9,12,40,11.1613,6.841934214796302e-05,0.155,OPTIMAL
grid_3x3,seed_milpsnap_grid3x3_high.json,1459,9,12,38,11.1613,0.0,0.184,OPTIMAL
grid_3x3,seed_milpsnap_grid3x3_high.json,1460,9,12,38,11.1613,0.0,0.154,OPTIMAL
grid_3x3,seed_milpsnap_grid3x3_high.json,1461,9,12,41,11.1613,0.0,0.172,OPTIMAL
grid_3x3,seed_milpsnap_grid3x3_high.json,1462,9,12,45,11.1613,0.0,0.209,OPTIMAL
grid_3x3,seed_milpsnap_grid3x3_high.json,1463,9,12,42,11.1613,0.0,0.155,OPTIMAL
grid_3x3,seed_milpsnap_grid3x3_high.json,1464,9,12,42,11.1613,0.0,0.157,OPTIMAL
grid_3x3,seed_milpsnap_grid3x3_high.json,1465,9,12,42,11.1613,6.841934214796302e-05,0.189,OPTIMAL
grid_3x3,seed_milpsnap_grid3x3_high.json,1466,9,12,40,11.1613,0.0,0.167,OPTIMAL
grid_3x3,seed_milpsnap_grid3x3_high.json,1467,9,12,39,11.1613,0.0,0.155,OPTIMAL
grid_3x3,seed_milpsnap_grid3x3_high.json,1468,9,12,37,11.1613,0.0,0.159,OPTIMAL
