topo,seed_file,batch,n_switches,n_links,n_flows,energy_saving_percent,mip_gap,solve_time_sec,status
geant,seed_milpsnap_geant_k13.json,1,22,36,1,81.838,0.0,0.064,OPTIMAL
geant,seed_milpsnap_geant_k13.json,2,22,36,2,68.2179,0.0,0.018,OPTIMAL
geant,seed_milpsnap_geant_k13.json,3,22,36,3,68.2123,7.819525354803851e-05,0.029,OPTIMAL
geant,seed_milpsnap_geant_k13.json,4,22,36,4,59.1285,9.122422915535351e-05,0.042,OPTIMAL
geant,seed_milpsnap_geant_k13.json,5,22,36,5,50.0447,0.0,0.06,OPTIMAL
geant,seed_milpsnap_geant_k13.json,6,22,36,6,50.0447,0.0,0.043,OPTIMAL
geant,seed_milpsnap_geant_k13.json,7,22,36,7,40.961,0.0,0.049,OPTIMAL
geant,seed_milpsnap_geant_k13.json,8,22,36,8,36.4191,0.0,0.077,OPTIMAL
geant,seed_milpsnap_geant_k13.json,9,22,36,9,31.8772,8.209731268122356e-05,0.143,OPTIMAL
geant,seed_milpsnap_geant_k13.json,10,22,36,10,27.3353,7.696583572082398e-05,0.162,OPTIMAL
geant,seed_milpsnap_geant_k13.json,11,22,36,9,31.8772,8.209731268143097e-05,0.093,OPTIMAL
geant,seed_milpsnap_geant_k13.json,12,22,36,9,31.8772,8.209731268143097e-05,0.141,OPTIMAL
geant,seed_milpsnap_geant_k13.json,13,22,36,10,31.8772,0.0,0.165,OPTIMAL
geant,seed_milpsnap_geant_k13.json,14,22,36,10,31.8772,0.0,0.113,OPTIMAL
geant,seed_milpsnap_geant_k13.json,15,22,36,10,31.8772,0.0,0.107,OPTIMAL
geant,seed_milpsnap_geant_k13.json,16,22,36,10,36.4191,0.0,0.066,OPTIMAL
geant,seed_milpsnap_geant_k13.json,17,22,36,10,31.8772,8.209731268143096e-05,0.136,OPTIMAL
geant,seed_milpsnap_geant_k13.json,18,22,36,11,31.8772,8.209731268122356e-05,0.154,OPTIMAL
geant,seed_milpsnap_geant_k13.json,19,22,36,10,36.4191,8.79619222610167e-05,0.116,OPTIMAL
geant,seed_milpsnap_geant_k13.json,20,22,36,9,36.4191,8.79619222612389e-05,0.101,OPTIMAL
geant,seed_milpsnap_geant_k13.json,21,22,36,8,40.961,9.472886493784261e-05,0.056,OPTIMAL
geant,seed_milpsnap_geant_k13.json,22,22,36,9,36.4191,5.864128150752965e-05,0.08,OPTIMAL
geant,seed_milpsnap_geant_k13.json,23,22,36,8,40.961,0.0,0.077,OPTIMAL
geant,seed_milpsnap_geant_k13.json,24,22,36,7,40.961,4.210171775028523e-05,0.067,OPTIMAL
geant,seed_milpsnap_geant_k13.json,25,22,36,6,40.9665,9.473783934559116e-05,0.091,OPTIMAL
geant,seed_milpsnap_geant_k13.json,26,22,36,5,45.5084,4.5615235488741364e-05,0.043,OPTIMAL
geant,seed_milpsnap_geant_k13.json,27,22,36,5,45.5084,0.0,0.09,OPTIMAL
geant,seed_milpsnap_geant_k13.json,28,22,36,6,45.5084,4.5615235488741364e-05,0.078,OPTIMAL
geant,seed_milpsnap_geant_k13.json,29,22,36,7,40.9665,9.47378393458305e-05,0.075,OPTIMAL
geant,seed_milpsnap_geant_k13.json,30,22,36,8,27.3353,7.696583572082398e-05,0.339,OPTIMAL
geant,seed_milpsnap_geant_k13.json,31,22,36,9,27.3353,7.696583572101842e-05,0.215,OPTIMAL
geant,seed_milpsnap_geant_k13.json,32,22,36,7,36.4191,8.796192226112781e-05,0.072,OPTIMAL
geant,seed_milpsnap_geant_k13.json,33,22,36,10,22.7934,7.243810566353326e-05,0.117,OPTIMAL
geant,seed_milpsnap_geant_k13.json,34,22,36,11,22.7934,7.243810566335025e-05,0.118,OPTIMAL
geant,seed_milpsnap_geant_k13.json,35,22,36,12,22.7934,7.243810566335025e-05,0.179,OPTIMAL
geant,seed_milpsnap_geant_k13.json,36,22,36,13,22.7934,7.243810566335025e-05,0.187,OPTIMAL
geant,seed_milpsnap_geant_k13.json,37,22,36,12,27.3353,7.696583572121286e-05,0.122,OPTIMAL
geant,seed_milpsnap_geant_k13.json,38,22,36,11,27.3353,7.69658357214073e-05,0.107,OPTIMAL
geant,seed_milpsnap_geant_k13.json,39,22,36,12,27.3353,7.69658357214073e-05,0.11,OPTIMAL
geant,seed_milpsnap_geant_k13.json,40,22,36,12,31.8772,8.209731268163836e-05,0.106,OPTIMAL
geant,seed_milpsnap_geant_k13.json,41,22,36,10,40.961,9.472886493784261e-05,0.076,OPTIMAL
geant,seed_milpsnap_geant_k13.json,42,22,36,11,31.8772,8.209731268143096e-05,0.149,OPTIMAL
geant,seed_milpsnap_geant_k13.json,43,22,36,13,31.8772,8.209731268143096e-05,0.181,OPTIMAL
geant,seed_milpsnap_geant_k13.json,44,22,36,12,13.7096,9.361812446897577e-05,1.802,OPTIMAL
geant,seed_milpsnap_geant_k13.json,45,22,36,13,13.7096,6.481254770966879e-05,0.26,OPTIMAL
geant,seed_milpsnap_geant_k13.json,46,22,36,14,13.7096,6.481254770983253e-05,0.301,OPTIMAL
geant,seed_milpsnap_geant_k13.json,47,22,36,16,9.1677,6.157172079271413e-05,3.755,OPTIMAL
geant,seed_milpsnap_geant_k13.json,48,22,36,15,18.2515,6.841349114056352e-05,0.882,OPTIMAL
geant,seed_milpsnap_geant_k13.json,49,22,36,14,22.7934,7.243810566335025e-05,0.461,OPTIMAL
geant,seed_milpsnap_geant_k13.json,50,22,36,14,18.2515,6.841349114056352e-05,1.015,OPTIMAL
geant,seed_milpsnap_geant_k13.json,51,22,36,14,22.7934,7.243810566316725e-05,0.861,OPTIMAL
geant,seed_milpsnap_geant_k13.json,52,22,36,18,22.7934,7.243810566316725e-05,1.004,OPTIMAL
geant,seed_milpsnap_geant_k13.json,53,22,36,17,27.3353,7.696583572101841e-05,0.409,OPTIMAL
geant,seed_milpsnap_geant_k13.json,54,22,36,19,27.3353,7.696583572160175e-05,0.165,OPTIMAL
geant,seed_milpsnap_geant_k13.json,55,22,36,17,27.3353,0.0,0.151,OPTIMAL
geant,seed_milpsnap_geant_k13.json,56,22,36,18,27.3353,7.696583572082397e-05,0.156,OPTIMAL
geant,seed_milpsnap_geant_k13.json,57,22,36,17,27.3353,7.696583572160175e-05,0.169,OPTIMAL
geant,seed_milpsnap_geant_k13.json,58,22,36,18,27.3353,7.696583572082397e-05,0.206,OPTIMAL
geant,seed_milpsnap_geant_k13.json,59,22,36,18,18.2571,6.841817186655835e-05,0.602,OPTIMAL
geant,seed_milpsnap_geant_k13.json,60,22,36,17,22.7934,7.243810566316725e-05,0.343,OPTIMAL
geant,seed_milpsnap_geant_k13.json,61,22,36,14,27.3353,7.696583572101841e-05,0.179,OPTIMAL
geant,seed_milpsnap_geant_k13.json,62,22,36,15,18.2571,6.841817186673118e-05,0.395,OPTIMAL
geant,seed_milpsnap_geant_k13.json,63,22,36,15,18.2515,6.841349114056352e-05,1.204,OPTIMAL
geant,seed_milpsnap_geant_k13.json,64,22,36,15,18.2515,6.841349114090918e-05,1.006,OPTIMAL
geant,seed_milpsnap_geant_k13.json,65,22,36,14,22.7934,7.243810566335025e-05,0.335,OPTIMAL
geant,seed_milpsnap_geant_k13.json,66,22,36,15,22.7934,7.243810566353326e-05,0.182,OPTIMAL
geant,seed_milpsnap_geant_k13.json,67,22,36,14,18.2515,9.881948720295935e-05,0.228,OPTIMAL
geant,seed_milpsnap_geant_k13.json,68,22,36,16,18.2515,9.881948720295935e-05,0.307,OPTIMAL
geant,seed_milpsnap_geant_k13.json,69,22,36,15,18.2515,9.881948720295935e-05,0.26,OPTIMAL
geant,seed_milpsnap_geant_k13.json,70,22,36,15,18.2515,9.881948720313217e-05,0.235,OPTIMAL
geant,seed_milpsnap_geant_k13.json,71,22,36,16,22.7934,8.04867840701655e-05,0.245,OPTIMAL
geant,seed_milpsnap_geant_k13.json,72,22,36,16,18.2515,9.881948720313217e-05,0.26,OPTIMAL
geant,seed_milpsnap_geant_k13.json,73,22,36,16,18.2515,6.841349114073634e-05,0.86,OPTIMAL
geant,seed_milpsnap_geant_k13.json,74,22,36,19,9.1677,6.157172079302521e-05,2.027,OPTIMAL
geant,seed_milpsnap_geant_k13.json,75,22,36,19,4.6258,5.863956215817884e-05,2.482,OPTIMAL
geant,seed_milpsnap_geant_k13.json,76,22,36,20,4.6258,5.863956215817884e-05,2.263,OPTIMAL
geant,seed_milpsnap_geant_k13.json,77,22,36,19,9.1677,6.157172079333631e-05,0.338,OPTIMAL
geant,seed_milpsnap_geant_k13.json,78,22,36,19,9.1677,6.157172079318077e-05,0.65,OPTIMAL
geant,seed_milpsnap_geant_k13.json,79,22,36,19,13.7096,6.481254770966877e-05,0.431,OPTIMAL
geant,seed_milpsnap_geant_k13.json,80,22,36,18,18.2515,6.841349114073635e-05,0.513,OPTIMAL
geant,seed_milpsnap_geant_k13.json,81,22,36,18,9.1733,6.157551210326411e-05,1.149,OPTIMAL
geant,seed_milpsnap_geant_k13.json,82,22,36,16,13.7152,6.481674864811916e-05,0.289,OPTIMAL
geant,seed_milpsnap_geant_k13.json,83,22,36,15,13.7152,6.48167486482829e-05,0.243,OPTIMAL
geant,seed_milpsnap_geant_k13.json,84,22,36,14,18.2515,6.841349114056352e-05,0.9,OPTIMAL
geant,seed_milpsnap_geant_k13.json,85,22,36,13,18.2571,6.841817186638551e-05,0.553,OPTIMAL
geant,seed_milpsnap_geant_k13.json,86,22,36,12,18.2571,6.841817186638551e-05,0.802,OPTIMAL
geant,seed_milpsnap_geant_k13.json,87,22,36,10,22.7934,7.243810566353325e-05,0.139,OPTIMAL
geant,seed_milpsnap_geant_k13.json,88,22,36,12,13.7096,6.48125477093413e-05,0.516,OPTIMAL
geant,seed_milpsnap_geant_k13.json,89,22,36,15,18.2515,6.841349114073634e-05,0.41,OPTIMAL
geant,seed_milpsnap_geant_k13.json,90,22,36,14,18.2515,6.841349114073634e-05,0.337,OPTIMAL
geant,seed_milpsnap_geant_k13.json,91,22,36,13,18.2515,6.841349114073634e-05,0.393,OPTIMAL
geant,seed_milpsnap_geant_k13.json,92,22,36,11,18.2515,6.841349114073635e-05,0.336,OPTIMAL
geant,seed_milpsnap_geant_k13.json,93,22,36,11,22.7934,7.243810566389926e-05,0.11,OPTIMAL
geant,seed_milpsnap_geant_k13.json,94,22,36,11,27.3353,7.696583572121287e-05,0.12,OPTIMAL
geant,seed_milpsnap_geant_k13.json,95,22,36,14,27.3353,7.69658357214073e-05,0.139,OPTIMAL
geant,seed_milpsnap_geant_k13.json,96,22,36,16,22.7934,7.243810566371625e-05,0.162,OPTIMAL
geant,seed_milpsnap_geant_k13.json,97,22,36,19,18.2515,6.841349114090918e-05,0.223,OPTIMAL
geant,seed_milpsnap_geant_k13.json,98,22,36,19,18.2515,6.841349114090918e-05,0.294,OPTIMAL
geant,seed_milpsnap_geant_k13.json,99,22,36,22,4.6258,5.863956215817884e-05,11.928,OPTIMAL
geant,seed_milpsnap_geant_k13.json,100,22,36,22,4.6258,5.86395621580307e-05,8.639,OPTIMAL
geant,seed_milpsnap_geant_k13.json,101,22,36,20,4.6258,5.863956215817884e-05,9.021,OPTIMAL
geant,seed_milpsnap_geant_k13.json,102,22,36,17,9.1677,6.157172079286967e-05,2.526,OPTIMAL
geant,seed_milpsnap_geant_k13.json,103,22,36,19,9.1677,8.893693003407593e-05,2.073,OPTIMAL
geant,seed_milpsnap_geant_k13.json,104,22,36,18,9.1677,6.157172079286967e-05,2.71,OPTIMAL
geant,seed_milpsnap_geant_k13.json,105,22,36,18,9.1677,8.893693003423148e-05,2.045,OPTIMAL
geant,seed_milpsnap_geant_k13.json,106,22,36,17,9.1677,6.157172079302521e-05,2.129,OPTIMAL
geant,seed_milpsnap_geant_k13.json,107,22,36,15,13.7096,9.361812446881204e-05,0.269,OPTIMAL
geant,seed_milpsnap_geant_k13.json,108,22,36,13,13.7096,9.361812446897577e-05,0.265,OPTIMAL
geant,seed_milpsnap_geant_k13.json,109,22,36,12,13.7096,6.48125477093413e-05,0.135,OPTIMAL
geant,seed_milpsnap_geant_k13.json,110,22,36,13,9.1677,6.157172079286967e-05,2.076,OPTIMAL
geant,seed_milpsnap_geant_k13.json,111,22,36,14,9.1677,6.157172079286967e-05,0.455,OPTIMAL
geant,seed_milpsnap_geant_k13.json,112,22,36,11,22.7934,7.243810566335025e-05,0.178,OPTIMAL
geant,seed_milpsnap_geant_k13.json,113,22,36,10,27.3353,7.696583572121286e-05,0.098,OPTIMAL
geant,seed_milpsnap_geant_k13.json,114,22,36,9,27.3353,7.696583572101841e-05,0.105,OPTIMAL
geant,seed_milpsnap_geant_k13.json,115,22,36,13,13.7096,6.481254770950503e-05,1.374,OPTIMAL
geant,seed_milpsnap_geant_k13.json,116,22,36,11,22.7934,7.243810566335025e-05,0.465,OPTIMAL
geant,seed_milpsnap_geant_k13.json,117,22,36,13,22.7934,7.243810566335025e-05,0.615,OPTIMAL
geant,seed_milpsnap_geant_k13.json,118,22,36,1,90.9218,0.0,0.007,OPTIMAL
geant,seed_milpsnap_geant_k13.json,119,22,36,2,77.3017,0.0,0.013,OPTIMAL
geant,seed_milpsnap_geant_k13.json,120,22,36,3,63.676,6.842987648401071e-05,0.023,OPTIMAL
geant,seed_milpsnap_geant_k13.json,121,22,36,5,54.5866,0.0,0.038,OPTIMAL
geant,seed_milpsnap_geant_k13.json,122,22,36,7,50.0447,7.463614877479676e-05,0.066,OPTIMAL
geant,seed_milpsnap_geant_k13.json,123,22,36,8,40.961,9.47288649376033e-05,0.094,OPTIMAL
geant,seed_milpsnap_geant_k13.json,124,22,36,9,36.4191,8.796192226123892e-05,0.101,OPTIMAL
geant,seed_milpsnap_geant_k13.json,125,22,36,10,31.8772,8.209731268143097e-05,0.114,OPTIMAL
geant,seed_milpsnap_geant_k13.json,126,22,36,11,27.3353,7.696583572121285e-05,0.119,OPTIMAL
geant,seed_milpsnap_geant_k13.json,127,22,36,12,27.3353,7.696583572101841e-05,0.127,OPTIMAL
geant,seed_milpsnap_geant_k13.json,128,22,36,12,22.799,7.244335332263281e-05,0.165,OPTIMAL
geant,seed_milpsnap_geant_k13.json,129,22,36,15,27.3353,7.696583572140731e-05,0.136,OPTIMAL
geant,seed_milpsnap_geant_k13.json,130,22,36,14,27.3353,7.696583572140731e-05,0.179,OPTIMAL
geant,seed_milpsnap_geant_k13.json,131,22,36,12,31.8772,0.0,0.115,OPTIMAL
geant,seed_milpsnap_geant_k13.json,132,22,36,11,31.8772,8.209731268163836e-05,0.179,OPTIMAL
geant,seed_milpsnap_geant_k13.json,133,22,36,12,27.3353,7.696583572101841e-05,0.2,OPTIMAL
geant,seed_milpsnap_geant_k13.json,134,22,36,11,27.3409,7.69717599168473e-05,0.148,OPTIMAL
geant,seed_milpsnap_geant_k13.json,135,22,36,11,31.8828,8.210405320355922e-05,0.143,OPTIMAL
geant,seed_milpsnap_geant_k13.json,136,22,36,11,36.4246,8.796966024143222e-05,0.128,OPTIMAL
geant,seed_milpsnap_geant_k13.json,137,22,36,12,36.4191,8.796192226123892e-05,0.131,OPTIMAL
geant,seed_milpsnap_geant_k13.json,138,22,36,11,36.4191,8.796192226112781e-05,0.117,OPTIMAL
geant,seed_milpsnap_geant_k13.json,139,22,36,12,31.8772,8.209731268163838e-05,0.189,OPTIMAL
geant,seed_milpsnap_geant_k13.json,140,22,36,11,31.8772,8.209731268122356e-05,0.249,OPTIMAL
geant,seed_milpsnap_geant_k13.json,141,22,36,12,22.7934,7.243810566316725e-05,1.404,OPTIMAL
geant,seed_milpsnap_geant_k13.json,142,22,36,9,31.8772,9.121923631226322e-05,0.178,OPTIMAL
geant,seed_milpsnap_geant_k13.json,143,22,36,10,22.7934,7.243810566353326e-05,0.205,OPTIMAL
geant,seed_milpsnap_geant_k13.json,144,22,36,9,22.7934,7.243810566353326e-05,0.15,OPTIMAL
geant,seed_milpsnap_geant_k13.json,145,22,36,10,18.2515,9.881948720278653e-05,0.46,OPTIMAL
geant,seed_milpsnap_geant_k13.json,146,22,36,13,18.2515,6.841349114073635e-05,0.245,OPTIMAL
geant,seed_milpsnap_geant_k13.json,147,22,36,12,22.7934,7.243810566353326e-05,0.112,OPTIMAL
geant,seed_milpsnap_geant_k13.json,148,22,36,13,22.7934,7.243810566371626e-05,0.136,OPTIMAL
geant,seed_milpsnap_geant_k13.json,149,22,36,12,22.7934,7.243810566389927e-05,0.134,OPTIMAL
geant,seed_milpsnap_geant_k13.json,150,22,36,13,18.2515,6.841349114090919e-05,0.118,OPTIMAL
geant,seed_milpsnap_geant_k13.json,151,22,36,14,22.7934,7.243810566316725e-05,0.104,OPTIMAL
geant,seed_milpsnap_geant_k13.json,152,22,36,15,22.7934,7.243810566298424e-05,0.108,OPTIMAL
geant,seed_milpsnap_geant_k13.json,153,22,36,14,22.7934,7.243810566316725e-05,0.1,OPTIMAL
geant,seed_milpsnap_geant_k13.json,154,22,36,14,22.7934,7.243810566298424e-05,0.113,OPTIMAL
geant,seed_milpsnap_geant_k13.json,155,22,36,15,22.7934,7.243810566298424e-05,0.112,OPTIMAL
geant,seed_milpsnap_geant_k13.json,156,22,36,17,18.2515,6.841349114108201e-05,0.171,OPTIMAL
geant,seed_milpsnap_geant_k13.json,157,22,36,17,22.7934,7.243810566316726e-05,0.277,OPTIMAL
geant,seed_milpsnap_geant_k13.json,158,22,36,14,27.3353,7.696583572082398e-05,0.308,OPTIMAL
geant,seed_milpsnap_geant_k13.json,159,22,36,13,27.3353,7.696583572082398e-05,0.196,OPTIMAL
geant,seed_milpsnap_geant_k13.json,160,22,36,14,27.3353,7.696583572082398e-05,0.234,OPTIMAL
geant,seed_milpsnap_geant_k13.json,161,22,36,16,22.7934,7.243810566353326e-05,0.168,OPTIMAL
geant,seed_milpsnap_geant_k13.json,162,22,36,15,18.2515,6.841349114090918e-05,0.254,OPTIMAL
geant,seed_milpsnap_geant_k13.json,163,22,36,14,22.7934,7.243810566353326e-05,0.183,OPTIMAL
geant,seed_milpsnap_geant_k13.json,164,22,36,14,22.7934,7.243810566353326e-05,0.191,OPTIMAL
geant,seed_milpsnap_geant_k13.json,165,22,36,13,22.7934,7.243810566353326e-05,0.17,OPTIMAL
geant,seed_milpsnap_geant_k13.json,166,22,36,12,31.8772,8.209731268143097e-05,0.151,OPTIMAL
geant,seed_milpsnap_geant_k13.json,167,22,36,11,36.4191,8.796192226112781e-05,0.159,OPTIMAL
geant,seed_milpsnap_geant_k13.json,168,22,36,10,40.961,9.472886493748365e-05,0.119,OPTIMAL
geant,seed_milpsnap_geant_k13.json,169,22,36,11,40.961,9.47288649376033e-05,0.109,OPTIMAL
geant,seed_milpsnap_geant_k13.json,170,22,36,11,45.5028,0.0,0.125,OPTIMAL
geant,seed_milpsnap_geant_k13.json,171,22,36,10,45.5028,0.0,0.132,OPTIMAL
geant,seed_milpsnap_geant_k13.json,172,22,36,8,50.0447,0.0,0.075,OPTIMAL
geant,seed_milpsnap_geant_k13.json,173,22,36,7,50.0447,0.0,0.064,OPTIMAL
geant,seed_milpsnap_geant_k13.json,174,22,36,10,40.961,9.472886493748363e-05,0.095,OPTIMAL
geant,seed_milpsnap_geant_k13.json,175,22,36,10,40.961,9.472886493736399e-05,0.11,OPTIMAL
geant,seed_milpsnap_geant_k13.json,176,22,36,8,40.961,9.472886493748363e-05,0.09,OPTIMAL
geant,seed_milpsnap_geant_k13.json,177,22,36,11,31.8772,8.209731268184578e-05,0.139,OPTIMAL
geant,seed_milpsnap_geant_k13.json,178,22,36,10,31.8772,8.209731268163836e-05,0.541,OPTIMAL
geant,seed_milpsnap_geant_k13.json,179,22,36,13,22.7934,7.243810566335025e-05,0.494,OPTIMAL
geant,seed_milpsnap_geant_k13.json,180,22,36,12,22.7934,7.243810566316726e-05,0.619,OPTIMAL
geant,seed_milpsnap_geant_k13.json,181,22,36,11,27.3353,7.696583572062955e-05,0.299,OPTIMAL
geant,seed_milpsnap_geant_k13.json,182,22,36,12,18.2515,6.841349114073634e-05,0.568,OPTIMAL
geant,seed_milpsnap_geant_k13.json,183,22,36,15,18.2515,9.881948720278653e-05,0.706,OPTIMAL
geant,seed_milpsnap_geant_k13.json,184,22,36,17,13.7096,6.481254770950503e-05,0.874,OPTIMAL
geant,seed_milpsnap_geant_k13.json,185,22,36,18,13.7096,6.481254770950503e-05,0.672,OPTIMAL
geant,seed_milpsnap_geant_k13.json,186,22,36,21,9.1677,6.157172079286967e-05,0.913,OPTIMAL
geant,seed_milpsnap_geant_k13.json,187,22,36,21,13.7096,6.481254770950503e-05,0.659,OPTIMAL
geant,seed_milpsnap_geant_k13.json,188,22,36,21,13.7096,6.481254770950503e-05,0.584,OPTIMAL
geant,seed_milpsnap_geant_k13.json,189,22,36,22,13.7096,6.481254770950503e-05,0.62,OPTIMAL
geant,seed_milpsnap_geant_k13.json,190,22,36,20,18.2515,6.841349114056352e-05,0.248,OPTIMAL
geant,seed_milpsnap_geant_k13.json,191,22,36,22,13.7096,6.481254770950503e-05,0.251,OPTIMAL
geant,seed_milpsnap_geant_k13.json,192,22,36,19,22.7934,7.243810566335025e-05,0.192,OPTIMAL
geant,seed_milpsnap_geant_k13.json,193,22,36,20,22.7934,7.243810566316725e-05,0.219,OPTIMAL
geant,seed_milpsnap_geant_k13.json,194,22,36,17,18.2515,6.841349114090918e-05,0.198,OPTIMAL
geant,seed_milpsnap_geant_k13.json,195,22,36,16,13.7096,6.481254770966877e-05,0.292,OPTIMAL
geant,seed_milpsnap_geant_k13.json,196,22,36,16,13.7096,6.481254770966877e-05,0.196,OPTIMAL
geant,seed_milpsnap_geant_k13.json,197,22,36,15,18.2515,6.841349114108201e-05,0.133,OPTIMAL
geant,seed_milpsnap_geant_k13.json,198,22,36,13,22.7934,7.243810566371626e-05,0.134,OPTIMAL
geant,seed_milpsnap_geant_k13.json,199,22,36,12,27.3353,7.696583572062955e-05,0.109,OPTIMAL
geant,seed_milpsnap_geant_k13.json,200,22,36,13,27.3353,7.69658357214073e-05,0.117,OPTIMAL
geant,seed_milpsnap_geant_k13.json,201,22,36,15,27.3353,7.69658357214073e-05,0.141,OPTIMAL
geant,seed_milpsnap_geant_k13.json,202,22,36,14,27.3353,7.696583572121287e-05,0.114,OPTIMAL
geant,seed_milpsnap_geant_k13.json,203,22,36,15,18.2571,6.84181718667312e-05,0.233,OPTIMAL
geant,seed_milpsnap_geant_k13.json,204,22,36,14,18.2571,6.841817186655836e-05,0.182,OPTIMAL
geant,seed_milpsnap_geant_k13.json,205,22,36,15,18.2571,6.84181718667312e-05,0.33,OPTIMAL
geant,seed_milpsnap_geant_k13.json,206,22,36,13,27.3353,7.696583572082398e-05,0.295,OPTIMAL
geant,seed_milpsnap_geant_k13.json,207,22,36,12,27.3353,7.696583572101841e-05,0.226,OPTIMAL
geant,seed_milpsnap_geant_k13.json,208,22,36,12,27.3353,7.696583572082398e-05,0.248,OPTIMAL
geant,seed_milpsnap_geant_k13.json,209,22,36,12,22.7934,7.243810566353325e-05,0.385,OPTIMAL
geant,seed_milpsnap_geant_k13.json,210,22,36,11,22.799,0.0,0.453,OPTIMAL
geant,seed_milpsnap_geant_k13.json,211,22,36,12,27.3353,7.696583572101842e-05,0.159,OPTIMAL
geant,seed_milpsnap_geant_k13.json,212,22,36,13,27.3353,7.696583572101842e-05,0.162,OPTIMAL
geant,seed_milpsnap_geant_k13.json,213,22,36,13,31.8772,8.209731268122356e-05,0.094,OPTIMAL
geant,seed_milpsnap_geant_k13.json,214,22,36,12,36.4191,8.796192226101671e-05,0.109,OPTIMAL
geant,seed_milpsnap_geant_k13.json,215,22,36,11,36.4191,8.796192226112781e-05,0.086,OPTIMAL
geant,seed_milpsnap_geant_k13.json,216,22,36,10,40.961,9.472886493748365e-05,0.081,OPTIMAL
geant,seed_milpsnap_geant_k13.json,217,22,36,9,40.961,9.472886493772294e-05,0.074,OPTIMAL
geant,seed_milpsnap_geant_k13.json,218,22,36,10,40.961,9.472886493772294e-05,0.093,OPTIMAL
geant,seed_milpsnap_geant_k13.json,219,22,36,12,36.4191,8.796192226135002e-05,0.119,OPTIMAL
geant,seed_milpsnap_geant_k13.json,220,22,36,13,31.8772,8.209731268184577e-05,0.124,OPTIMAL
geant,seed_milpsnap_geant_k13.json,221,22,36,15,27.3353,7.696583572140729e-05,0.144,OPTIMAL
geant,seed_milpsnap_geant_k13.json,222,22,36,15,22.7934,7.243810566353326e-05,0.164,OPTIMAL
geant,seed_milpsnap_geant_k13.json,223,22,36,15,18.2515,9.881948720278653e-05,0.237,OPTIMAL
geant,seed_milpsnap_geant_k13.json,224,22,36,14,22.7934,8.853546247716375e-05,0.251,OPTIMAL
geant,seed_milpsnap_geant_k13.json,225,22,36,13,18.2515,9.881948720278653e-05,0.271,OPTIMAL
geant,seed_milpsnap_geant_k13.json,226,22,36,13,18.2515,6.84134911405635e-05,0.31,OPTIMAL
geant,seed_milpsnap_geant_k13.json,227,22,36,12,18.2515,9.881948720295935e-05,0.27,OPTIMAL
geant,seed_milpsnap_geant_k13.json,228,22,36,11,22.7934,7.243810566316725e-05,0.233,OPTIMAL
geant,seed_milpsnap_geant_k13.json,229,22,36,11,22.7934,9.658414088416197e-05,0.353,OPTIMAL
geant,seed_milpsnap_geant_k13.json,230,22,36,12,22.7934,7.243810566353326e-05,0.168,OPTIMAL
geant,seed_milpsnap_geant_k13.json,231,22,36,13,22.7934,7.243810566353326e-05,0.159,OPTIMAL
geant,seed_milpsnap_geant_k13.json,232,22,36,12,22.7934,7.243810566316725e-05,0.133,OPTIMAL
geant,seed_milpsnap_geant_k13.json,233,22,36,11,27.3353,7.696583572082397e-05,0.101,OPTIMAL
geant,seed_milpsnap_geant_k13.json,234,22,36,10,27.3353,7.696583572121286e-05,0.089,OPTIMAL
geant,seed_milpsnap_geant_k13.json,235,22,36,8,36.4191,8.796192226123892e-05,0.1,OPTIMAL
geant,seed_milpsnap_geant_k13.json,236,22,36,7,40.961,9.472886493760329e-05,0.068,OPTIMAL
geant,seed_milpsnap_geant_k13.json,237,22,36,6,45.5028,0.0,0.056,OPTIMAL
geant,seed_milpsnap_geant_k13.json,238,22,36,7,40.961,9.472886493784261e-05,0.056,OPTIMAL
geant,seed_milpsnap_geant_k13.json,239,22,36,7,40.961,9.472886493760332e-05,0.102,OPTIMAL
geant,seed_milpsnap_geant_k13.json,240,22,36,7,45.5028,0.0,0.1,OPTIMAL
geant,seed_milpsnap_geant_k13.json,241,22,36,1,90.9218,0.0,0.006,OPTIMAL
geant,seed_milpsnap_geant_k13.json,242,22,36,4,54.5866,0.0,0.027,OPTIMAL
geant,seed_milpsnap_geant_k13.json,243,22,36,5,40.961,9.472886493784261e-05,0.055,OPTIMAL
geant,seed_milpsnap_geant_k13.json,244,22,36,6,31.8772,8.209731268163838e-05,0.068,OPTIMAL
geant,seed_milpsnap_geant_k13.json,245,22,36,7,31.8772,8.209731268143096e-05,0.051,OPTIMAL
geant,seed_milpsnap_geant_k13.json,246,22,36,8,31.8772,8.209731268143096e-05,0.054,OPTIMAL
geant,seed_milpsnap_geant_k13.json,247,22,36,9,31.8772,8.209731268143096e-05,0.058,OPTIMAL
geant,seed_milpsnap_geant_k13.json,248,22,36,11,22.7934,7.243810566353326e-05,0.101,OPTIMAL
geant,seed_milpsnap_geant_k13.json,249,22,36,12,22.7934,7.243810566353326e-05,0.106,OPTIMAL
geant,seed_milpsnap_geant_k13.json,250,22,36,15,13.7096,6.48125477093413e-05,0.435,OPTIMAL
geant,seed_milpsnap_geant_k13.json,251,22,36,16,9.1677,6.157172079286967e-05,3.913,OPTIMAL
geant,seed_milpsnap_geant_k13.json,252,22,36,15,13.7096,6.481254770950503e-05,0.356,OPTIMAL
geant,seed_milpsnap_geant_k13.json,253,22,36,17,13.7096,6.48125477093413e-05,0.531,OPTIMAL
geant,seed_milpsnap_geant_k13.json,254,22,36,14,18.2515,9.881948720295935e-05,0.613,OPTIMAL
geant,seed_milpsnap_geant_k13.json,255,22,36,13,22.7934,7.243810566316725e-05,0.316,OPTIMAL
geant,seed_milpsnap_geant_k13.json,256,22,36,13,22.7934,7.243810566316725e-05,0.264,OPTIMAL
geant,seed_milpsnap_geant_k13.json,257,22,36,14,18.2515,6.841349114073635e-05,0.15,OPTIMAL
geant,seed_milpsnap_geant_k13.json,258,22,36,16,4.6258,5.863956215817884e-05,1.76,OPTIMAL
geant,seed_milpsnap_geant_k13.json,259,22,36,16,4.6258,5.863956215817884e-05,1.45,OPTIMAL
geant,seed_milpsnap_geant_k13.json,260,22,36,14,13.7096,6.481254770983251e-05,0.164,OPTIMAL
geant,seed_milpsnap_geant_k13.json,261,22,36,13,18.2515,9.881948720295935e-05,0.104,OPTIMAL
geant,seed_milpsnap_geant_k13.json,262,22,36,11,18.2515,9.881948720295935e-05,0.283,OPTIMAL
geant,seed_milpsnap_geant_k13.json,263,22,36,11,22.7934,7.243810566298424e-05,0.124,OPTIMAL
geant,seed_milpsnap_geant_k13.json,264,22,36,10,27.3353,7.696583572101841e-05,0.161,OPTIMAL
geant,seed_milpsnap_geant_k13.json,265,22,36,12,22.7934,7.243810566316725e-05,0.3,OPTIMAL
geant,seed_milpsnap_geant_k13.json,266,22,36,12,22.7934,7.243810566316725e-05,0.398,OPTIMAL
geant,seed_milpsnap_geant_k13.json,267,22,36,14,18.2515,9.881948720278653e-05,1.048,OPTIMAL
geant,seed_milpsnap_geant_k13.json,268,22,36,17,13.7096,9.361812446881204e-05,1.016,OPTIMAL
geant,seed_milpsnap_geant_k13.json,269,22,36,18,9.1677,8.893693003392039e-05,1.246,OPTIMAL
geant,seed_milpsnap_geant_k13.json,270,22,36,17,22.7934,7.243810566316725e-05,0.154,OPTIMAL
geant,seed_milpsnap_geant_k13.json,271,22,36,16,22.7934,7.243810566316725e-05,0.128,OPTIMAL
geant,seed_milpsnap_geant_k13.json,272,22,36,18,22.7934,7.243810566371626e-05,0.181,OPTIMAL
geant,seed_milpsnap_geant_k13.json,273,22,36,17,22.7934,7.243810566316725e-05,0.153,OPTIMAL
geant,seed_milpsnap_geant_k13.json,274,22,36,18,27.3353,7.696583572121287e-05,0.159,OPTIMAL
geant,seed_milpsnap_geant_k13.json,275,22,36,17,27.3353,7.696583572062955e-05,0.159,OPTIMAL
geant,seed_milpsnap_geant_k13.json,276,22,36,19,22.7934,7.243810566371626e-05,0.176,OPTIMAL
geant,seed_milpsnap_geant_k13.json,277,22,36,19,22.7934,7.243810566371626e-05,0.171,OPTIMAL
geant,seed_milpsnap_geant_k13.json,278,22,36,20,18.2515,6.841349114073635e-05,0.307,OPTIMAL
geant,seed_milpsnap_geant_k13.json,279,22,36,19,18.2515,6.841349114090918e-05,0.337,OPTIMAL
geant,seed_milpsnap_geant_k13.json,280,22,36,18,18.2515,6.841349114090918e-05,0.384,OPTIMAL
geant,seed_milpsnap_geant_k13.json,281,22,36,15,31.8772,8.209731268163838e-05,0.182,OPTIMAL
geant,seed_milpsnap_geant_k13.json,282,22,36,13,31.8772,8.209731268143097e-05,0.165,OPTIMAL
geant,seed_milpsnap_geant_k13.json,283,22,36,13,31.8772,8.209731268143097e-05,0.196,OPTIMAL
geant,seed_milpsnap_geant_k13.json,284,22,36,11,31.8772,8.209731268143097e-05,0.309,OPTIMAL
geant,seed_milpsnap_geant_k13.json,285,22,36,12,27.3353,7.696583572082397e-05,0.477,OPTIMAL
geant,seed_milpsnap_geant_k13.json,286,22,36,10,31.8772,8.209731268163838e-05,0.089,OPTIMAL
geant,seed_milpsnap_geant_k13.json,287,22,36,13,22.7934,7.243810566371625e-05,0.122,OPTIMAL
geant,seed_milpsnap_geant_k13.json,288,22,36,16,18.2515,6.841349114073635e-05,0.291,OPTIMAL
geant,seed_milpsnap_geant_k13.json,289,22,36,15,18.2515,6.841349114073635e-05,0.279,OPTIMAL
geant,seed_milpsnap_geant_k13.json,290,22,36,13,22.7934,7.243810566371625e-05,0.138,OPTIMAL
geant,seed_milpsnap_geant_k13.json,291,22,36,12,22.7934,7.243810566371625e-05,0.119,OPTIMAL
geant,seed_milpsnap_geant_k13.json,292,22,36,14,13.7096,6.48125477093413e-05,0.411,OPTIMAL
geant,seed_milpsnap_geant_k13.json,293,22,36,14,18.2515,6.841349114108201e-05,0.184,OPTIMAL
geant,seed_milpsnap_geant_k13.json,294,22,36,15,18.2515,6.841349114108201e-05,0.204,OPTIMAL
geant,seed_milpsnap_geant_k13.json,295,22,36,16,18.2515,6.841349114108201e-05,0.199,OPTIMAL
geant,seed_milpsnap_geant_k13.json,296,22,36,16,22.7934,7.243810566353326e-05,0.195,OPTIMAL
geant,seed_milpsnap_geant_k13.json,297,22,36,17,18.2515,6.841349114090918e-05,0.21,OPTIMAL
geant,seed_milpsnap_geant_k13.json,298,22,36,19,13.7096,6.481254770950503e-05,0.644,OPTIMAL
geant,seed_milpsnap_geant_k13.json,299,22,36,21,4.6258,5.86395621580307e-05,12.423,OPTIMAL
geant,seed_milpsnap_geant_k13.json,300,22,36,20,4.6258,5.86395621580307e-05,14.799,OPTIMAL
geant,seed_milpsnap_geant_k13.json,301,22,36,21,4.6258,5.86395621580307e-05,13.753,OPTIMAL
geant,seed_milpsnap_geant_k13.json,302,22,36,18,9.1677,6.157172079286967e-05,6.228,OPTIMAL
geant,seed_milpsnap_geant_k13.json,303,22,36,15,9.1733,6.1575512102953e-05,3.585,OPTIMAL
geant,seed_milpsnap_geant_k13.json,304,22,36,15,13.7152,6.481674864779165e-05,2.406,OPTIMAL
geant,seed_milpsnap_geant_k13.json,305,22,36,17,13.7096,6.481254770917756e-05,5.401,OPTIMAL
geant,seed_milpsnap_geant_k13.json,306,22,36,19,4.6258,5.863956215788256e-05,13.333,OPTIMAL
geant,seed_milpsnap_geant_k13.json,307,22,36,19,13.7096,6.48125477093413e-05,1.775,OPTIMAL
geant,seed_milpsnap_geant_k13.json,308,22,36,20,13.7096,6.481254770950503e-05,2.284,OPTIMAL
geant,seed_milpsnap_geant_k13.json,309,22,36,18,18.2515,6.841349114090916e-05,1.056,OPTIMAL
geant,seed_milpsnap_geant_k13.json,310,22,36,16,22.7934,7.243810566335025e-05,0.313,OPTIMAL
geant,seed_milpsnap_geant_k13.json,311,22,36,18,18.2515,6.841349114090918e-05,0.545,OPTIMAL
geant,seed_milpsnap_geant_k13.json,312,22,36,17,22.7934,7.243810566353326e-05,0.168,OPTIMAL
geant,seed_milpsnap_geant_k13.json,313,22,36,16,22.7934,7.243810566335025e-05,0.222,OPTIMAL
geant,seed_milpsnap_geant_k13.json,314,22,36,17,18.2515,6.841349114090919e-05,0.175,OPTIMAL
geant,seed_milpsnap_geant_k13.json,315,22,36,17,13.7096,6.481254770950503e-05,0.351,OPTIMAL
geant,seed_milpsnap_geant_k13.json,316,22,36,18,13.7096,6.48125477093413e-05,0.253,OPTIMAL
geant,seed_milpsnap_geant_k13.json,317,22,36,19,13.7096,6.481254770950503e-05,0.274,OPTIMAL
geant,seed_milpsnap_geant_k13.json,318,22,36,19,13.7096,6.481254770950503e-05,0.282,OPTIMAL
geant,seed_milpsnap_geant_k13.json,319,22,36,21,9.1677,6.157172079302521e-05,5.757,OPTIMAL
geant,seed_milpsnap_geant_k13.json,320,22,36,19,13.7096,6.481254770950503e-05,0.72,OPTIMAL
geant,seed_milpsnap_geant_k13.json,321,22,36,15,18.2515,6.841349114090918e-05,0.183,OPTIMAL
geant,seed_milpsnap_geant_k13.json,322,22,36,15,13.7096,9.361812446897577e-05,0.163,OPTIMAL
geant,seed_milpsnap_geant_k13.json,323,22,36,14,13.7096,6.481254770983251e-05,0.127,OPTIMAL
geant,seed_milpsnap_geant_k13.json,324,22,36,15,13.7096,6.481254770983251e-05,0.129,OPTIMAL
geant,seed_milpsnap_geant_k13.json,325,22,36,16,9.1677,6.157172079318077e-05,0.505,OPTIMAL
geant,seed_milpsnap_geant_k13.json,326,22,36,14,13.7096,6.481254770966877e-05,0.525,OPTIMAL
geant,seed_milpsnap_geant_k13.json,327,22,36,13,27.3353,7.696583572082397e-05,0.253,OPTIMAL
geant,seed_milpsnap_geant_k13.json,328,22,36,13,27.3409,7.697175991665286e-05,0.453,OPTIMAL
geant,seed_milpsnap_geant_k13.json,329,22,36,14,27.3464,7.69776850245435e-05,0.367,OPTIMAL
geant,seed_milpsnap_geant_k13.json,330,22,36,14,22.8046,7.244860174210351e-05,0.317,OPTIMAL
geant,seed_milpsnap_geant_k13.json,331,22,36,14,13.7208,9.36302613005309e-05,0.331,OPTIMAL
geant,seed_milpsnap_geant_k13.json,332,22,36,14,9.1789,6.157930388043549e-05,0.836,OPTIMAL
geant,seed_milpsnap_geant_k13.json,333,22,36,14,13.7152,6.48167486482829e-05,0.58,OPTIMAL
geant,seed_milpsnap_geant_k13.json,334,22,36,12,18.2571,6.841817186690403e-05,0.135,OPTIMAL
geant,seed_milpsnap_geant_k13.json,335,22,36,12,18.2571,6.841817186690403e-05,0.129,OPTIMAL
geant,seed_milpsnap_geant_k13.json,336,22,36,12,18.2571,6.841817186673121e-05,0.109,OPTIMAL
geant,seed_milpsnap_geant_k13.json,337,22,36,12,13.7152,6.481674864811916e-05,0.133,OPTIMAL
geant,seed_milpsnap_geant_k13.json,338,22,36,12,13.7096,6.481254770917756e-05,0.238,OPTIMAL
geant,seed_milpsnap_geant_k13.json,339,22,36,11,18.2515,6.841349114056352e-05,0.215,OPTIMAL
geant,seed_milpsnap_geant_k13.json,340,22,36,10,22.7934,7.243810566371625e-05,0.096,OPTIMAL
geant,seed_milpsnap_geant_k13.json,341,22,36,8,31.8772,8.209731268143097e-05,0.15,OPTIMAL
geant,seed_milpsnap_geant_k13.json,342,22,36,7,31.8828,8.210405320376665e-05,0.116,OPTIMAL
geant,seed_milpsnap_geant_k13.json,343,22,36,7,45.5028,0.0,0.053,OPTIMAL
geant,seed_milpsnap_geant_k13.json,344,22,36,7,50.0447,0.0,0.081,OPTIMAL
geant,seed_milpsnap_geant_k13.json,345,22,36,6,50.0447,0.0,0.081,OPTIMAL
geant,seed_milpsnap_geant_k13.json,346,22,36,5,50.0447,0.0,0.067,OPTIMAL
geant,seed_milpsnap_geant_k13.json,347,22,36,5,54.5922,5.474052988827953e-05,0.035,OPTIMAL
geant,seed_milpsnap_geant_k13.json,348,22,36,5,50.0559,4.976857612099191e-05,0.037,OPTIMAL
geant,seed_milpsnap_geant_k13.json,349,22,36,4,59.1397,0.0,0.027,OPTIMAL
geant,seed_milpsnap_geant_k13.json,350,22,36,5,54.5978,8.212090935228379e-05,0.039,OPTIMAL
geant,seed_milpsnap_geant_k13.json,351,22,36,6,54.5922,0.0,0.048,OPTIMAL
geant,seed_milpsnap_geant_k13.json,352,22,36,7,45.5084,7.982666210507051e-05,0.068,OPTIMAL
geant,seed_milpsnap_geant_k13.json,353,22,36,6,50.0503,4.976300369485776e-05,0.066,OPTIMAL
geant,seed_milpsnap_geant_k13.json,354,22,36,8,45.5028,0.0,0.083,OPTIMAL
geant,seed_milpsnap_geant_k13.json,355,22,36,9,40.961,9.472886493784261e-05,0.077,OPTIMAL
geant,seed_milpsnap_geant_k13.json,356,22,36,11,31.8828,8.210405320376663e-05,0.097,OPTIMAL
geant,seed_milpsnap_geant_k13.json,357,22,36,11,27.3409,7.697175991704176e-05,0.172,OPTIMAL
geant,seed_milpsnap_geant_k13.json,358,22,36,12,27.3464,7.69776850245435e-05,0.087,OPTIMAL
geant,seed_milpsnap_geant_k13.json,359,22,36,13,22.8046,0.0,0.125,OPTIMAL
geant,seed_milpsnap_geant_k13.json,360,22,36,12,22.8046,7.244860174192049e-05,0.112,OPTIMAL
geant,seed_milpsnap_geant_k13.json,361,22,36,13,22.799,7.244335332263281e-05,0.172,OPTIMAL
geant,seed_milpsnap_geant_k13.json,362,22,36,14,22.799,7.244335332263281e-05,0.182,OPTIMAL
geant,seed_milpsnap_geant_k13.json,363,22,36,14,22.799,7.24433533224498e-05,0.196,OPTIMAL
geant,seed_milpsnap_geant_k13.json,364,22,36,1,81.838,0.0,0.011,OPTIMAL
geant,seed_milpsnap_geant_k13.json,365,22,36,3,68.2123,0.0,0.021,OPTIMAL
geant,seed_milpsnap_geant_k13.json,366,22,36,4,54.5922,0.0,0.035,OPTIMAL
geant,seed_milpsnap_geant_k13.json,367,22,36,5,50.0447,4.9757432516436896e-05,0.061,OPTIMAL
geant,seed_milpsnap_geant_k13.json,368,22,36,6,50.0447,0.0,0.059,OPTIMAL
geant,seed_milpsnap_geant_k13.json,369,22,36,7,40.961,9.472886493772294e-05,0.068,OPTIMAL
geant,seed_milpsnap_geant_k13.json,370,22,36,7,45.5028,0.0,0.063,OPTIMAL
geant,seed_milpsnap_geant_k13.json,371,22,36,7,54.5866,0.0,0.051,OPTIMAL
geant,seed_milpsnap_geant_k13.json,372,22,36,8,54.5866,5.473378853611377e-05,0.062,OPTIMAL
geant,seed_milpsnap_geant_k13.json,373,22,36,9,50.0447,0.0,0.071,OPTIMAL
geant,seed_milpsnap_geant_k13.json,374,22,36,8,59.1285,6.081615277029329e-05,0.051,OPTIMAL
geant,seed_milpsnap_geant_k13.json,375,22,36,7,59.1285,6.081615277012044e-05,0.044,OPTIMAL
geant,seed_milpsnap_geant_k13.json,376,22,36,8,54.5866,0.0,0.047,OPTIMAL
geant,seed_milpsnap_geant_k13.json,377,22,36,10,40.961,9.472886493784261e-05,0.073,OPTIMAL
geant,seed_milpsnap_geant_k13.json,378,22,36,10,36.4246,8.796966024176555e-05,0.089,OPTIMAL
geant,seed_milpsnap_geant_k13.json,379,22,36,10,31.8772,8.209731268143097e-05,0.116,OPTIMAL
geant,seed_milpsnap_geant_k13.json,380,22,36,10,36.4191,8.796192226123892e-05,0.118,OPTIMAL
geant,seed_milpsnap_geant_k13.json,381,22,36,9,40.961,9.472886493772294e-05,0.091,OPTIMAL
geant,seed_milpsnap_geant_k13.json,382,22,36,9,40.961,9.47288649376033e-05,0.097,OPTIMAL
geant,seed_milpsnap_geant_k13.json,383,22,36,8,45.5028,0.0,0.108,OPTIMAL
geant,seed_milpsnap_geant_k13.json,384,22,36,9,45.5028,0.0,0.107,OPTIMAL
geant,seed_milpsnap_geant_k13.json,385,22,36,9,40.961,9.47288649376033e-05,0.1,OPTIMAL
geant,seed_milpsnap_geant_k13.json,386,22,36,8,31.8772,8.209731268143097e-05,0.14,OPTIMAL
geant,seed_milpsnap_geant_k13.json,387,22,36,9,27.3353,7.696583572101842e-05,0.118,OPTIMAL
geant,seed_milpsnap_geant_k13.json,388,22,36,10,27.3353,7.696583572121286e-05,0.125,OPTIMAL
geant,seed_milpsnap_geant_k13.json,389,22,36,10,22.7934,9.658414088434498e-05,0.103,OPTIMAL
geant,seed_milpsnap_geant_k13.json,390,22,36,11,18.2515,6.841349114073635e-05,0.161,OPTIMAL
geant,seed_milpsnap_geant_k13.json,391,22,36,11,18.2515,9.121798818718757e-05,0.099,OPTIMAL
geant,seed_milpsnap_geant_k13.json,392,22,36,12,18.2515,6.841349114090919e-05,0.156,OPTIMAL
geant,seed_milpsnap_geant_k13.json,393,22,36,11,27.3353,7.696583572082397e-05,0.078,OPTIMAL
geant,seed_milpsnap_geant_k13.json,394,22,36,11,18.2515,7.601499015616246e-05,0.086,OPTIMAL
geant,seed_milpsnap_geant_k13.json,395,22,36,12,18.2515,9.12179881873604e-05,0.094,OPTIMAL
geant,seed_milpsnap_geant_k13.json,396,22,36,14,18.2515,6.841349114125486e-05,0.118,OPTIMAL
geant,seed_milpsnap_geant_k13.json,397,22,36,13,22.7934,7.243810566371626e-05,0.113,OPTIMAL
geant,seed_milpsnap_geant_k13.json,398,22,36,14,22.7934,7.243810566371626e-05,0.121,OPTIMAL
geant,seed_milpsnap_geant_k13.json,399,22,36,13,22.7878,7.243285876482257e-05,0.123,OPTIMAL
geant,seed_milpsnap_geant_k13.json,400,22,36,13,22.7934,7.243810566371626e-05,0.113,OPTIMAL
geant,seed_milpsnap_geant_k13.json,401,22,36,14,22.7934,7.243810566371626e-05,0.124,OPTIMAL
geant,seed_milpsnap_geant_k13.json,402,22,36,14,18.2515,6.841349114039068e-05,0.174,OPTIMAL
geant,seed_milpsnap_geant_k13.json,403,22,36,15,13.7152,6.481674864795541e-05,0.232,OPTIMAL
geant,seed_milpsnap_geant_k13.json,404,22,36,13,22.799,7.244335332263281e-05,0.157,OPTIMAL
geant,seed_milpsnap_geant_k13.json,405,22,36,13,22.7934,7.243810566335025e-05,0.266,OPTIMAL
geant,seed_milpsnap_geant_k13.json,406,22,36,13,27.3353,7.696583572101841e-05,0.333,OPTIMAL
geant,seed_milpsnap_geant_k13.json,407,22,36,14,22.7934,7.243810566335025e-05,0.269,OPTIMAL
geant,seed_milpsnap_geant_k13.json,408,22,36,15,18.2515,6.841349114090918e-05,0.425,OPTIMAL
geant,seed_milpsnap_geant_k13.json,409,22,36,14,22.7934,7.243810566335025e-05,0.428,OPTIMAL
geant,seed_milpsnap_geant_k13.json,410,22,36,13,31.8772,8.209731268184577e-05,0.136,OPTIMAL
geant,seed_milpsnap_geant_k13.json,411,22,36,12,31.8772,8.209731268163838e-05,0.137,OPTIMAL
geant,seed_milpsnap_geant_k13.json,412,22,36,11,40.961,9.472886493772294e-05,0.092,OPTIMAL
geant,seed_milpsnap_geant_k13.json,413,22,36,9,50.0447,0.0,0.082,OPTIMAL
geant,seed_milpsnap_geant_k13.json,414,22,36,9,50.0447,0.0,0.087,OPTIMAL
geant,seed_milpsnap_geant_k13.json,415,22,36,8,59.1285,0.0,0.07,OPTIMAL
geant,seed_milpsnap_geant_k13.json,416,22,36,9,50.0447,0.0,0.087,OPTIMAL
geant,seed_milpsnap_geant_k13.json,417,22,36,8,50.0447,0.0,0.076,OPTIMAL
geant,seed_milpsnap_geant_k13.json,418,22,36,8,40.961,9.47288649376033e-05,0.115,OPTIMAL
geant,seed_milpsnap_geant_k13.json,419,22,36,8,40.961,9.472886493760332e-05,0.059,OPTIMAL
geant,seed_milpsnap_geant_k13.json,420,22,36,9,36.4191,0.0,0.084,OPTIMAL
geant,seed_milpsnap_geant_k13.json,421,22,36,11,36.4191,0.0,0.072,OPTIMAL
geant,seed_milpsnap_geant_k13.json,422,22,36,12,31.8772,0.0,0.105,OPTIMAL
geant,seed_milpsnap_geant_k13.json,423,22,36,15,27.3353,7.696583572101841e-05,0.171,OPTIMAL
geant,seed_milpsnap_geant_k13.json,424,22,36,16,27.3353,7.696583572101841e-05,0.184,OPTIMAL
geant,seed_milpsnap_geant_k13.json,425,22,36,18,27.3353,7.696583572121286e-05,0.179,OPTIMAL
geant,seed_milpsnap_geant_k13.json,426,22,36,18,18.2515,6.841349114090919e-05,0.183,OPTIMAL
geant,seed_milpsnap_geant_k13.json,427,22,36,17,22.7934,7.243810566389927e-05,0.148,OPTIMAL
geant,seed_milpsnap_geant_k13.json,428,22,36,18,22.7934,7.243810566335025e-05,0.252,OPTIMAL
geant,seed_milpsnap_geant_k13.json,429,22,36,21,18.2515,6.841349114056352e-05,0.312,OPTIMAL
geant,seed_milpsnap_geant_k13.json,430,22,36,18,22.7934,7.243810566335026e-05,0.2,OPTIMAL
geant,seed_milpsnap_geant_k13.json,431,22,36,16,27.3297,7.69599124370407e-05,0.142,OPTIMAL
geant,seed_milpsnap_geant_k13.json,432,22,36,15,27.3353,7.69658357214073e-05,0.123,OPTIMAL
geant,seed_milpsnap_geant_k13.json,433,22,36,16,27.3353,7.69658357214073e-05,0.137,OPTIMAL
geant,seed_milpsnap_geant_k13.json,434,22,36,17,22.7878,7.243285876463959e-05,0.149,OPTIMAL
geant,seed_milpsnap_geant_k13.json,435,22,36,18,22.7878,7.243285876445661e-05,0.152,OPTIMAL
geant,seed_milpsnap_geant_k13.json,436,22,36,15,22.799,7.244335332281584e-05,0.149,OPTIMAL
geant,seed_milpsnap_geant_k13.json,437,22,36,14,22.799,7.244335332281584e-05,0.206,OPTIMAL
geant,seed_milpsnap_geant_k13.json,438,22,36,13,31.8772,8.209731268143096e-05,0.128,OPTIMAL
geant,seed_milpsnap_geant_k13.json,439,22,36,16,27.3353,7.696583572082397e-05,0.118,OPTIMAL
geant,seed_milpsnap_geant_k13.json,440,22,36,17,22.7878,7.243285876409061e-05,0.155,OPTIMAL
geant,seed_milpsnap_geant_k13.json,441,22,36,18,13.7096,6.481254770950503e-05,0.407,OPTIMAL
geant,seed_milpsnap_geant_k13.json,442,22,36,16,18.2515,6.841349114090918e-05,0.196,OPTIMAL
geant,seed_milpsnap_geant_k13.json,443,22,36,12,31.8772,8.209731268143097e-05,0.54,OPTIMAL
geant,seed_milpsnap_geant_k13.json,444,22,36,13,27.3353,7.696583572082398e-05,0.394,OPTIMAL
geant,seed_milpsnap_geant_k13.json,445,22,36,17,18.2515,6.841349114056352e-05,1.815,OPTIMAL
geant,seed_milpsnap_geant_k13.json,446,22,36,16,18.2515,6.841349114073634e-05,1.077,OPTIMAL
geant,seed_milpsnap_geant_k13.json,447,22,36,15,18.2515,6.841349114073634e-05,1.29,OPTIMAL
geant,seed_milpsnap_geant_k13.json,448,22,36,15,22.7934,7.243810566353326e-05,0.197,OPTIMAL
geant,seed_milpsnap_geant_k13.json,449,22,36,17,13.7096,6.48125477093413e-05,0.985,OPTIMAL
geant,seed_milpsnap_geant_k13.json,450,22,36,20,13.7096,6.48125477093413e-05,0.934,OPTIMAL
geant,seed_milpsnap_geant_k13.json,451,22,36,19,13.7096,6.48125477093413e-05,1.076,OPTIMAL
geant,seed_milpsnap_geant_k13.json,452,22,36,18,13.7096,6.48125477093413e-05,0.528,OPTIMAL
geant,seed_milpsnap_geant_k13.json,453,22,36,20,9.1677,6.157172079286967e-05,1.286,OPTIMAL
geant,seed_milpsnap_geant_k13.json,454,22,36,20,9.1677,6.157172079286967e-05,1.603,OPTIMAL
geant,seed_milpsnap_geant_k13.json,455,22,36,22,4.6258,5.863956215817884e-05,1.594,OPTIMAL
geant,seed_milpsnap_geant_k13.json,456,22,36,22,9.1677,6.157172079286967e-05,0.724,OPTIMAL
geant,seed_milpsnap_geant_k13.json,457,22,36,19,9.1733,6.157551210326411e-05,0.947,OPTIMAL
geant,seed_milpsnap_geant_k13.json,458,22,36,21,9.1677,6.157172079302521e-05,1.324,OPTIMAL
geant,seed_milpsnap_geant_k13.json,459,22,36,22,9.1677,6.157172079302521e-05,1.234,OPTIMAL
geant,seed_milpsnap_geant_k13.json,460,22,36,23,9.1677,6.157172079286967e-05,1.579,OPTIMAL
geant,seed_milpsnap_geant_k13.json,461,22,36,21,13.7096,6.481254770966877e-05,0.367,OPTIMAL
geant,seed_milpsnap_geant_k13.json,462,22,36,18,18.2515,6.841349114073635e-05,0.473,OPTIMAL
geant,seed_milpsnap_geant_k13.json,463,22,36,17,18.2515,6.841349114073635e-05,0.416,OPTIMAL
geant,seed_milpsnap_geant_k13.json,464,22,36,14,22.7934,7.243810566335025e-05,0.277,OPTIMAL
geant,seed_milpsnap_geant_k13.json,465,22,36,11,31.8772,8.209731268143097e-05,0.221,OPTIMAL
geant,seed_milpsnap_geant_k13.json,466,22,36,10,31.8828,8.210405320355922e-05,0.12,OPTIMAL
geant,seed_milpsnap_geant_k13.json,467,22,36,10,40.961,9.472886493772296e-05,0.067,OPTIMAL
geant,seed_milpsnap_geant_k13.json,468,22,36,11,36.4191,8.796192226112781e-05,0.075,OPTIMAL
geant,seed_milpsnap_geant_k13.json,469,22,36,11,31.8772,8.209731268205318e-05,0.095,OPTIMAL
geant,seed_milpsnap_geant_k13.json,470,22,36,10,36.4191,8.796192226112781e-05,0.087,OPTIMAL
geant,seed_milpsnap_geant_k13.json,471,22,36,8,40.9665,9.473783934571083e-05,0.06,OPTIMAL
geant,seed_milpsnap_geant_k13.json,472,22,36,9,36.4246,8.796966024165444e-05,0.098,OPTIMAL
geant,seed_milpsnap_geant_k13.json,473,22,36,9,36.4191,5.8641281507529645e-05,0.223,OPTIMAL
geant,seed_milpsnap_geant_k13.json,474,22,36,10,36.4191,8.796192226135002e-05,0.115,OPTIMAL
geant,seed_milpsnap_geant_k13.json,475,22,36,11,27.3353,7.696583572101841e-05,0.207,OPTIMAL
geant,seed_milpsnap_geant_k13.json,476,22,36,12,27.3353,7.696583572101841e-05,0.193,OPTIMAL
geant,seed_milpsnap_geant_k13.json,477,22,36,14,27.3353,7.696583572101842e-05,0.153,OPTIMAL
geant,seed_milpsnap_geant_k13.json,478,22,36,15,27.3353,7.696583572121286e-05,0.166,OPTIMAL
geant,seed_milpsnap_geant_k13.json,479,22,36,16,18.2515,6.841349114073635e-05,0.205,OPTIMAL
geant,seed_milpsnap_geant_k13.json,480,22,36,1,81.838,0.0,0.009,OPTIMAL
geant,seed_milpsnap_geant_k13.json,481,22,36,2,72.7542,0.0,0.015,OPTIMAL
geant,seed_milpsnap_geant_k13.json,482,22,36,3,68.2123,0.0,0.022,OPTIMAL
geant,seed_milpsnap_geant_k13.json,483,22,36,5,63.6704,0.0,0.035,OPTIMAL
geant,seed_milpsnap_geant_k13.json,484,22,36,6,63.6704,0.0,0.042,OPTIMAL
geant,seed_milpsnap_geant_k13.json,485,22,36,7,59.1285,6.0816152770293284e-05,0.051,OPTIMAL
geant,seed_milpsnap_geant_k13.json,486,22,36,8,50.0447,7.463614877465535e-05,0.091,OPTIMAL
geant,seed_milpsnap_geant_k13.json,487,22,36,8,45.5028,4.561055428234906e-05,0.169,OPTIMAL
geant,seed_milpsnap_geant_k13.json,488,22,36,9,40.961,9.47288649376033e-05,0.149,OPTIMAL
geant,seed_milpsnap_geant_k13.json,489,22,36,9,40.961,9.472886493760332e-05,0.351,OPTIMAL
geant,seed_milpsnap_geant_k13.json,490,22,36,8,40.961,9.472886493760332e-05,0.266,OPTIMAL
geant,seed_milpsnap_geant_k13.json,491,22,36,7,40.961,9.472886493772296e-05,0.248,OPTIMAL
geant,seed_milpsnap_geant_k13.json,492,22,36,8,40.961,9.472886493760332e-05,0.237,OPTIMAL
geant,seed_milpsnap_geant_k13.json,493,22,36,9,36.4191,8.796192226123892e-05,0.357,OPTIMAL
geant,seed_milpsnap_geant_k13.json,494,22,36,11,31.8772,8.209731268184578e-05,0.101,OPTIMAL
geant,seed_milpsnap_geant_k13.json,495,22,36,10,31.8772,8.209731268184578e-05,0.092,OPTIMAL
geant,seed_milpsnap_geant_k13.json,496,22,36,9,40.961,9.472886493760329e-05,0.076,OPTIMAL
geant,seed_milpsnap_geant_k13.json,497,22,36,10,31.8772,8.209731268184578e-05,0.086,OPTIMAL
geant,seed_milpsnap_geant_k13.json,498,22,36,11,27.3353,7.696583572101841e-05,0.234,OPTIMAL
geant,seed_milpsnap_geant_k13.json,499,22,36,11,27.3353,7.696583572101841e-05,0.181,OPTIMAL
geant,seed_milpsnap_geant_k13.json,500,22,36,11,36.4191,8.796192226112781e-05,0.127,OPTIMAL
geant,seed_milpsnap_geant_k13.json,501,22,36,11,31.8772,8.209731268122356e-05,0.124,OPTIMAL
geant,seed_milpsnap_geant_k13.json,502,22,36,10,31.8772,8.209731268122356e-05,0.118,OPTIMAL
geant,seed_milpsnap_geant_k13.json,503,22,36,12,27.3353,7.696583572082397e-05,0.182,OPTIMAL
geant,seed_milpsnap_geant_k13.json,504,22,36,13,27.3353,7.696583572082397e-05,0.199,OPTIMAL
geant,seed_milpsnap_geant_k13.json,505,22,36,14,22.7934,7.243810566316725e-05,0.154,OPTIMAL
geant,seed_milpsnap_geant_k13.json,506,22,36,13,27.3353,7.696583572101842e-05,0.243,OPTIMAL
geant,seed_milpsnap_geant_k13.json,507,22,36,13,27.3353,7.696583572062955e-05,0.132,OPTIMAL
geant,seed_milpsnap_geant_k13.json,508,22,36,13,18.2515,6.841349114125486e-05,0.111,OPTIMAL
geant,seed_milpsnap_geant_k13.json,509,22,36,15,9.1677,6.157172079302521e-05,0.926,OPTIMAL
geant,seed_milpsnap_geant_k13.json,510,22,36,16,9.1677,6.157172079302521e-05,1.469,OPTIMAL
geant,seed_milpsnap_geant_k13.json,511,22,36,16,13.7096,6.481254770966877e-05,0.56,OPTIMAL
geant,seed_milpsnap_geant_k13.json,512,22,36,16,13.7096,6.481254770950503e-05,1.428,OPTIMAL
geant,seed_milpsnap_geant_k13.json,513,22,36,15,13.7096,6.481254770950503e-05,0.928,OPTIMAL
geant,seed_milpsnap_geant_k13.json,514,22,36,15,18.2571,6.841817186655835e-05,0.292,OPTIMAL
geant,seed_milpsnap_geant_k13.json,515,22,36,14,18.2571,6.841817186655835e-05,0.208,OPTIMAL
geant,seed_milpsnap_geant_k13.json,516,22,36,13,22.799,7.244335332244981e-05,0.242,OPTIMAL
geant,seed_milpsnap_geant_k13.json,517,22,36,12,22.799,7.244335332263281e-05,0.219,OPTIMAL
geant,seed_milpsnap_geant_k13.json,518,22,36,10,36.4246,8.796966024165444e-05,0.097,OPTIMAL
geant,seed_milpsnap_geant_k13.json,519,22,36,11,31.8828,8.210405320355922e-05,0.158,OPTIMAL
geant,seed_milpsnap_geant_k13.json,520,22,36,12,27.3409,7.69717599168473e-05,0.482,OPTIMAL
geant,seed_milpsnap_geant_k13.json,521,22,36,13,31.8772,8.209731268184577e-05,0.179,OPTIMAL
geant,seed_milpsnap_geant_k13.json,522,22,36,11,40.961,9.472886493772296e-05,0.097,OPTIMAL
geant,seed_milpsnap_geant_k13.json,523,22,36,12,36.4191,8.796192226123892e-05,0.088,OPTIMAL
geant,seed_milpsnap_geant_k13.json,524,22,36,11,36.4191,8.796192226101671e-05,0.137,OPTIMAL
geant,seed_milpsnap_geant_k13.json,525,22,36,11,31.8772,8.209731268122356e-05,0.115,OPTIMAL
geant,seed_milpsnap_geant_k13.json,526,22,36,11,31.8772,3.6487694525195654e-05,0.135,OPTIMAL
geant,seed_milpsnap_geant_k13.json,527,22,36,13,22.7934,7.243810566298424e-05,0.149,OPTIMAL
geant,seed_milpsnap_geant_k13.json,528,22,36,14,22.7934,7.243810566335023e-05,0.321,OPTIMAL
geant,seed_milpsnap_geant_k13.json,529,22,36,16,18.2515,9.881948720295935e-05,0.281,OPTIMAL
geant,seed_milpsnap_geant_k13.json,530,22,36,17,13.7096,9.361812446881204e-05,4.601,OPTIMAL
geant,seed_milpsnap_geant_k13.json,531,22,36,18,9.1677,9.577823234453305e-05,4.706,OPTIMAL
geant,seed_milpsnap_geant_k13.json,532,22,36,17,9.1677,8.893693003407593e-05,3.377,OPTIMAL
geant,seed_milpsnap_geant_k13.json,533,22,36,15,18.2515,6.841349114090918e-05,0.299,OPTIMAL
geant,seed_milpsnap_geant_k13.json,534,22,36,17,18.2515,6.841349114073635e-05,0.275,OPTIMAL
geant,seed_milpsnap_geant_k13.json,535,22,36,17,22.7934,7.243810566335025e-05,0.201,OPTIMAL
geant,seed_milpsnap_geant_k13.json,536,22,36,16,22.7934,7.243810566335025e-05,0.179,OPTIMAL
geant,seed_milpsnap_geant_k13.json,537,22,36,17,22.7934,7.243810566335025e-05,0.186,OPTIMAL
geant,seed_milpsnap_geant_k13.json,538,22,36,16,27.3353,7.696583572062955e-05,0.158,OPTIMAL
geant,seed_milpsnap_geant_k13.json,539,22,36,14,27.3353,7.696583572082397e-05,0.134,OPTIMAL
geant,seed_milpsnap_geant_k13.json,540,22,36,13,36.4191,8.796192226112781e-05,0.111,OPTIMAL
geant,seed_milpsnap_geant_k13.json,541,22,36,12,40.961,9.472886493772294e-05,0.104,OPTIMAL
geant,seed_milpsnap_geant_k13.json,542,22,36,13,36.4191,8.796192226112781e-05,0.118,OPTIMAL
geant,seed_milpsnap_geant_k13.json,543,22,36,15,36.4191,8.796192226123892e-05,0.185,OPTIMAL
geant,seed_milpsnap_geant_k13.json,544,22,36,13,36.4191,8.796192226123892e-05,0.125,OPTIMAL
geant,seed_milpsnap_geant_k13.json,545,22,36,13,27.3353,7.696583572101841e-05,0.622,OPTIMAL
geant,seed_milpsnap_geant_k13.json,546,22,36,14,22.7934,7.243810566335025e-05,0.496,OPTIMAL
geant,seed_milpsnap_geant_k13.json,547,22,36,13,27.3353,7.696583572121286e-05,0.139,OPTIMAL
geant,seed_milpsnap_geant_k13.json,548,22,36,11,27.3353,7.696583572121286e-05,0.132,OPTIMAL
geant,seed_milpsnap_geant_k13.json,549,22,36,12,27.3353,7.696583572101842e-05,0.128,OPTIMAL
geant,seed_milpsnap_geant_k13.json,550,22,36,11,27.3353,7.696583572101842e-05,0.125,OPTIMAL
geant,seed_milpsnap_geant_k13.json,551,22,36,13,27.3353,7.696583572101842e-05,0.146,OPTIMAL
geant,seed_milpsnap_geant_k13.json,552,22,36,14,27.3353,7.696583572121286e-05,0.15,OPTIMAL
geant,seed_milpsnap_geant_k13.json,553,22,36,14,27.3353,7.696583572101842e-05,0.175,OPTIMAL
geant,seed_milpsnap_geant_k13.json,554,22,36,13,31.8772,8.209731268163838e-05,0.128,OPTIMAL
geant,seed_milpsnap_geant_k13.json,555,22,36,12,36.4191,8.796192226135002e-05,0.169,OPTIMAL
geant,seed_milpsnap_geant_k13.json,556,22,36,11,45.5028,0.0,0.185,OPTIMAL
geant,seed_milpsnap_geant_k13.json,557,22,36,13,36.4191,8.796192226112781e-05,0.142,OPTIMAL
geant,seed_milpsnap_geant_k13.json,558,22,36,14,31.8772,8.209731268122356e-05,0.232,OPTIMAL
geant,seed_milpsnap_geant_k13.json,559,22,36,13,40.961,9.472886493772296e-05,0.293,OPTIMAL
geant,seed_milpsnap_geant_k13.json,560,22,36,13,45.5028,0.0,0.129,OPTIMAL
geant,seed_milpsnap_geant_k13.json,561,22,36,15,36.4191,8.796192226090559e-05,0.173,OPTIMAL
geant,seed_milpsnap_geant_k13.json,562,22,36,17,31.8772,8.209731268143097e-05,0.199,OPTIMAL
geant,seed_milpsnap_geant_k13.json,563,22,36,19,22.7934,7.243810566335025e-05,0.255,OPTIMAL
geant,seed_milpsnap_geant_k13.json,564,22,36,21,22.7934,7.243810566335025e-05,0.307,OPTIMAL
geant,seed_milpsnap_geant_k13.json,565,22,36,19,22.7934,7.243810566335025e-05,0.249,OPTIMAL
geant,seed_milpsnap_geant_k13.json,566,22,36,18,27.3353,7.696583572082397e-05,0.23,OPTIMAL
geant,seed_milpsnap_geant_k13.json,567,22,36,18,27.3353,7.696583572082397e-05,0.269,OPTIMAL
geant,seed_milpsnap_geant_k13.json,568,22,36,19,27.3353,7.696583572121286e-05,0.233,OPTIMAL
geant,seed_milpsnap_geant_k13.json,569,22,36,19,22.7934,7.243810566316725e-05,0.841,OPTIMAL
geant,seed_milpsnap_geant_k13.json,570,22,36,18,22.7934,7.243810566316725e-05,0.654,OPTIMAL
geant,seed_milpsnap_geant_k13.json,571,22,36,16,22.7934,7.243810566316725e-05,0.555,OPTIMAL
geant,seed_milpsnap_geant_k13.json,572,22,36,14,27.3353,7.696583572082398e-05,0.289,OPTIMAL
geant,seed_milpsnap_geant_k13.json,573,22,36,15,31.8772,8.209731268143097e-05,0.324,OPTIMAL
geant,seed_milpsnap_geant_k13.json,574,22,36,15,27.3353,7.696583572101841e-05,0.355,OPTIMAL
geant,seed_milpsnap_geant_k13.json,575,22,36,18,22.7934,7.243810566316725e-05,0.628,OPTIMAL
geant,seed_milpsnap_geant_k13.json,576,22,36,17,13.7096,6.48125477093413e-05,1.87,OPTIMAL
geant,seed_milpsnap_geant_k13.json,577,22,36,15,22.7934,7.243810566316725e-05,0.231,OPTIMAL
geant,seed_milpsnap_geant_k13.json,578,22,36,15,18.2515,6.841349114056352e-05,0.368,OPTIMAL
geant,seed_milpsnap_geant_k13.json,579,22,36,14,27.3353,7.696583572101841e-05,0.178,OPTIMAL
geant,seed_milpsnap_geant_k13.json,580,22,36,16,22.7934,7.243810566335025e-05,0.401,OPTIMAL
geant,seed_milpsnap_geant_k13.json,581,22,36,16,18.2515,6.841349114056352e-05,0.304,OPTIMAL
geant,seed_milpsnap_geant_k13.json,582,22,36,16,22.7934,7.243810566335025e-05,0.346,OPTIMAL
geant,seed_milpsnap_geant_k13.json,583,22,36,16,18.2515,6.841349114073635e-05,0.364,OPTIMAL
geant,seed_milpsnap_geant_k13.json,584,22,36,17,13.7096,6.481254770950504e-05,0.376,OPTIMAL
geant,seed_milpsnap_geant_k13.json,585,22,36,19,9.1677,6.157172079271413e-05,1.222,OPTIMAL
geant,seed_milpsnap_geant_k13.json,586,22,36,17,9.1677,6.157172079286967e-05,1.079,OPTIMAL
geant,seed_milpsnap_geant_k13.json,587,22,36,19,9.1677,6.157172079286967e-05,4.45,OPTIMAL
geant,seed_milpsnap_geant_k13.json,588,22,36,17,18.2515,6.841349114056352e-05,0.533,OPTIMAL
geant,seed_milpsnap_geant_k13.json,589,22,36,15,22.7934,7.243810566353326e-05,0.152,OPTIMAL
geant,seed_milpsnap_geant_k13.json,590,22,36,16,22.7934,7.243810566353326e-05,0.174,OPTIMAL
geant,seed_milpsnap_geant_k13.json,591,22,36,15,18.2515,6.841349114090918e-05,0.151,OPTIMAL
geant,seed_milpsnap_geant_k13.json,592,22,36,16,18.2515,6.841349114108201e-05,0.181,OPTIMAL
geant,seed_milpsnap_geant_k13.json,593,22,36,18,13.7096,6.481254770983251e-05,0.21,OPTIMAL
geant,seed_milpsnap_geant_k13.json,594,22,36,17,13.7096,6.481254770983251e-05,0.186,OPTIMAL
geant,seed_milpsnap_geant_k13.json,595,22,36,16,13.7096,9.361812446897577e-05,0.893,OPTIMAL
geant,seed_milpsnap_geant_k13.json,596,22,36,15,13.7096,9.361812446897577e-05,1.189,OPTIMAL
geant,seed_milpsnap_geant_k13.json,597,22,36,15,13.7096,6.481254770966877e-05,0.26,OPTIMAL
geant,seed_milpsnap_geant_k13.json,598,22,36,14,18.2515,6.841349114108201e-05,0.152,OPTIMAL
geant,seed_milpsnap_geant_k13.json,599,22,36,13,18.2515,6.841349114108201e-05,0.146,OPTIMAL
geant,seed_milpsnap_geant_k13.json,600,22,36,15,13.7096,6.481254770966879e-05,0.236,OPTIMAL
geant,seed_milpsnap_geant_k13.json,601,22,36,12,22.7934,7.243810566389927e-05,0.131,OPTIMAL
geant,seed_milpsnap_geant_k13.json,602,22,36,12,22.7934,7.243810566389927e-05,0.126,OPTIMAL
geant,seed_milpsnap_geant_k13.json,603,22,36,13,22.7934,7.243810566389927e-05,0.12,OPTIMAL
geant,seed_milpsnap_geant_k13.json,604,22,36,13,27.3353,7.696583572160175e-05,0.121,OPTIMAL
geant,seed_milpsnap_geant_k13.json,605,22,36,13,27.3409,7.697175991723623e-05,0.138,OPTIMAL
geant,seed_milpsnap_geant_k13.json,606,22,36,11,27.3409,7.697175991723623e-05,0.154,OPTIMAL
geant,seed_milpsnap_geant_k13.json,607,22,36,1,86.3799,0.0,0.012,OPTIMAL
geant,seed_milpsnap_geant_k13.json,608,22,36,3,63.6704,6.841934214815747e-05,0.032,OPTIMAL
geant,seed_milpsnap_geant_k13.json,609,22,36,5,63.6704,0.0,0.036,OPTIMAL
geant,seed_milpsnap_geant_k13.json,610,22,36,6,54.5866,0.0,0.048,OPTIMAL
geant,seed_milpsnap_geant_k13.json,611,22,36,7,50.0447,0.0,0.055,OPTIMAL
geant,seed_milpsnap_geant_k13.json,612,22,36,8,45.5028,0.0,0.059,OPTIMAL
geant,seed_milpsnap_geant_k13.json,613,22,36,9,40.961,9.472886493772296e-05,0.064,OPTIMAL
geant,seed_milpsnap_geant_k13.json,614,22,36,10,31.8772,8.209731268184577e-05,0.228,OPTIMAL
geant,seed_milpsnap_geant_k13.json,615,22,36,14,22.7934,7.243810566316725e-05,1.298,OPTIMAL
geant,seed_milpsnap_geant_k13.json,616,22,36,13,27.3353,7.696583572101841e-05,0.252,OPTIMAL
geant,seed_milpsnap_geant_k13.json,617,22,36,15,22.7934,7.243810566316725e-05,0.294,OPTIMAL
geant,seed_milpsnap_geant_k13.json,618,22,36,14,27.3353,7.696583572082397e-05,0.14,OPTIMAL
geant,seed_milpsnap_geant_k13.json,619,22,36,14,22.799,2.414778444057258e-05,0.147,OPTIMAL
geant,seed_milpsnap_geant_k13.json,620,22,36,14,22.799,7.24433533222668e-05,0.124,OPTIMAL
geant,seed_milpsnap_geant_k13.json,621,22,36,17,13.7096,6.481254770966877e-05,0.17,OPTIMAL
geant,seed_milpsnap_geant_k13.json,622,22,36,18,13.7096,6.481254770983251e-05,0.172,OPTIMAL
geant,seed_milpsnap_geant_k13.json,623,22,36,18,9.1677,6.157172079333631e-05,0.348,OPTIMAL
geant,seed_milpsnap_geant_k13.json,624,22,36,17,9.1677,6.157172079318077e-05,0.224,OPTIMAL
geant,seed_milpsnap_geant_k13.json,625,22,36,13,22.7934,7.243810566371626e-05,0.119,OPTIMAL
geant,seed_milpsnap_geant_k13.json,626,22,36,15,22.7934,7.243810566371626e-05,0.132,OPTIMAL
geant,seed_milpsnap_geant_k13.json,627,22,36,17,22.7934,7.243810566371626e-05,0.146,OPTIMAL
geant,seed_milpsnap_geant_k13.json,628,22,36,18,18.2515,6.841349114073635e-05,0.31,OPTIMAL
geant,seed_milpsnap_geant_k13.json,629,22,36,14,27.3353,7.696583572121286e-05,0.141,OPTIMAL
geant,seed_milpsnap_geant_k13.json,630,22,36,13,27.3353,7.696583572121286e-05,0.112,OPTIMAL
geant,seed_milpsnap_geant_k13.json,631,22,36,13,31.8772,8.209731268184577e-05,0.125,OPTIMAL
geant,seed_milpsnap_geant_k13.json,632,22,36,13,31.8772,8.209731268143097e-05,0.175,OPTIMAL
geant,seed_milpsnap_geant_k13.json,633,22,36,11,31.8772,8.209731268143097e-05,0.258,OPTIMAL
geant,seed_milpsnap_geant_k13.json,634,22,36,12,31.8772,8.209731268143097e-05,0.224,OPTIMAL
geant,seed_milpsnap_geant_k13.json,635,22,36,10,40.961,9.47288649376033e-05,0.119,OPTIMAL
geant,seed_milpsnap_geant_k13.json,636,22,36,10,45.5028,0.0,0.096,OPTIMAL
geant,seed_milpsnap_geant_k13.json,637,22,36,11,40.961,9.472886493748363e-05,0.096,OPTIMAL
geant,seed_milpsnap_geant_k13.json,638,22,36,13,40.961,9.472886493748363e-05,0.117,OPTIMAL
geant,seed_milpsnap_geant_k13.json,639,22,36,13,36.4191,8.796192226135002e-05,0.09,OPTIMAL
geant,seed_milpsnap_geant_k13.json,640,22,36,12,36.4191,8.796192226112781e-05,0.135,OPTIMAL
geant,seed_milpsnap_geant_k13.json,641,22,36,14,31.8772,8.209731268143096e-05,0.184,OPTIMAL
geant,seed_milpsnap_geant_k13.json,642,22,36,15,31.8772,8.209731268122356e-05,0.106,OPTIMAL
geant,seed_milpsnap_geant_k13.json,643,22,36,14,36.4191,0.0,0.087,OPTIMAL
geant,seed_milpsnap_geant_k13.json,644,22,36,13,36.4191,0.0,0.086,OPTIMAL
geant,seed_milpsnap_geant_k13.json,645,22,36,14,31.8772,0.0,0.09,OPTIMAL
geant,seed_milpsnap_geant_k13.json,646,22,36,14,31.8772,0.0,0.089,OPTIMAL
geant,seed_milpsnap_geant_k13.json,647,22,36,14,31.8772,0.0,0.093,OPTIMAL
geant,seed_milpsnap_geant_k13.json,648,22,36,15,27.3353,7.696583572101842e-05,0.141,OPTIMAL
geant,seed_milpsnap_geant_k13.json,649,22,36,14,27.3353,7.696583572101842e-05,0.128,OPTIMAL
geant,seed_milpsnap_geant_k13.json,650,22,36,15,22.7934,7.243810566353326e-05,0.137,OPTIMAL
geant,seed_milpsnap_geant_k13.json,651,22,36,15,22.7934,7.243810566335025e-05,0.186,OPTIMAL
geant,seed_milpsnap_geant_k13.json,652,22,36,15,27.3353,7.696583572101841e-05,0.174,OPTIMAL
geant,seed_milpsnap_geant_k13.json,653,22,36,14,27.3353,7.696583572082398e-05,0.158,OPTIMAL
geant,seed_milpsnap_geant_k13.json,654,22,36,14,18.2571,6.841817186673118e-05,0.25,OPTIMAL
geant,seed_milpsnap_geant_k13.json,655,22,36,14,18.2571,6.84181718667312e-05,0.451,OPTIMAL
geant,seed_milpsnap_geant_k13.json,656,22,36,15,18.2571,6.84181718667312e-05,0.439,OPTIMAL
geant,seed_milpsnap_geant_k13.json,657,22,36,17,18.2571,6.841817186690403e-05,0.561,OPTIMAL
geant,seed_milpsnap_geant_k13.json,658,22,36,16,18.2571,6.841817186690403e-05,0.524,OPTIMAL
geant,seed_milpsnap_geant_k13.json,659,22,36,17,13.7152,6.481674864811915e-05,1.083,OPTIMAL
geant,seed_milpsnap_geant_k13.json,660,22,36,16,18.2571,6.841817186655835e-05,0.372,OPTIMAL
geant,seed_milpsnap_geant_k13.json,661,22,36,15,18.2571,6.841817186655835e-05,0.386,OPTIMAL
geant,seed_milpsnap_geant_k13.json,662,22,36,16,18.2571,6.841817186673118e-05,0.338,OPTIMAL
geant,seed_milpsnap_geant_k13.json,663,22,36,14,22.799,7.24433533224498e-05,0.323,OPTIMAL
geant,seed_milpsnap_geant_k13.json,664,22,36,13,31.8772,8.209731268163836e-05,0.279,OPTIMAL
geant,seed_milpsnap_geant_k13.json,665,22,36,13,31.8772,8.209731268184577e-05,0.177,OPTIMAL
geant,seed_milpsnap_geant_k13.json,666,22,36,11,31.8772,9.121923631267801e-05,0.107,OPTIMAL
geant,seed_milpsnap_geant_k13.json,667,22,36,10,36.4191,8.796192226123892e-05,0.097,OPTIMAL
geant,seed_milpsnap_geant_k13.json,668,22,36,11,31.8772,8.209731268184577e-05,0.153,OPTIMAL
geant,seed_milpsnap_geant_k13.json,669,22,36,16,22.7934,7.243810566335025e-05,0.37,OPTIMAL
geant,seed_milpsnap_geant_k13.json,670,22,36,15,18.2515,6.841349114073635e-05,0.382,OPTIMAL
geant,seed_milpsnap_geant_k13.json,671,22,36,13,22.7934,7.243810566316726e-05,0.248,OPTIMAL
geant,seed_milpsnap_geant_k13.json,672,22,36,15,13.7096,6.48125477093413e-05,0.819,OPTIMAL
geant,seed_milpsnap_geant_k13.json,673,22,36,14,18.2515,6.841349114108201e-05,0.187,OPTIMAL
geant,seed_milpsnap_geant_k13.json,674,22,36,14,27.3353,7.696583572101842e-05,0.133,OPTIMAL
geant,seed_milpsnap_geant_k13.json,675,22,36,15,22.7934,7.243810566353326e-05,0.224,OPTIMAL
geant,seed_milpsnap_geant_k13.json,676,22,36,15,18.2515,6.841349114090919e-05,0.212,OPTIMAL
geant,seed_milpsnap_geant_k13.json,677,22,36,13,18.2515,9.881948720278653e-05,2.59,OPTIMAL
geant,seed_milpsnap_geant_k13.json,678,22,36,10,27.3409,7.697175991704176e-05,0.122,OPTIMAL
geant,seed_milpsnap_geant_k13.json,679,22,36,10,27.3409,7.697175991704176e-05,0.113,OPTIMAL
geant,seed_milpsnap_geant_k13.json,680,22,36,11,22.799,7.244335332281584e-05,0.12,OPTIMAL
geant,seed_milpsnap_geant_k13.json,681,22,36,12,18.2571,6.841817186655835e-05,0.404,OPTIMAL
geant,seed_milpsnap_geant_k13.json,682,22,36,13,18.2571,6.841817186655835e-05,0.418,OPTIMAL
geant,seed_milpsnap_geant_k13.json,683,22,36,11,31.8772,8.209731268163836e-05,0.12,OPTIMAL
geant,seed_milpsnap_geant_k13.json,684,22,36,10,36.4191,8.79619222610167e-05,0.094,OPTIMAL
geant,seed_milpsnap_geant_k13.json,685,22,36,11,18.2515,6.841349114090918e-05,0.506,OPTIMAL
geant,seed_milpsnap_geant_k13.json,686,22,36,11,13.7096,9.361812446881204e-05,0.771,OPTIMAL
geant,seed_milpsnap_geant_k13.json,687,22,36,13,13.7096,6.481254770950503e-05,0.198,OPTIMAL
geant,seed_milpsnap_geant_k13.json,688,22,36,14,13.7096,6.48125477093413e-05,0.249,OPTIMAL
geant,seed_milpsnap_geant_k13.json,689,22,36,12,22.7934,7.243810566316725e-05,0.114,OPTIMAL
geant,seed_milpsnap_geant_k13.json,690,22,36,13,22.7934,7.243810566335023e-05,0.131,OPTIMAL
geant,seed_milpsnap_geant_k13.json,691,22,36,12,27.3353,7.696583572062955e-05,0.122,OPTIMAL
geant,seed_milpsnap_geant_k13.json,692,22,36,12,27.3353,7.696583572082397e-05,0.128,OPTIMAL
geant,seed_milpsnap_geant_k13.json,693,22,36,13,27.3353,7.696583572082397e-05,0.126,OPTIMAL
geant,seed_milpsnap_geant_k13.json,694,22,36,12,27.3353,7.696583572082397e-05,0.121,OPTIMAL
geant,seed_milpsnap_geant_k13.json,695,22,36,11,31.8772,8.209731268143096e-05,0.093,OPTIMAL
geant,seed_milpsnap_geant_k13.json,696,22,36,11,27.3409,7.697175991645839e-05,0.113,OPTIMAL
geant,seed_milpsnap_geant_k13.json,697,22,36,13,18.2571,6.841817186690403e-05,0.128,OPTIMAL
geant,seed_milpsnap_geant_k13.json,698,22,36,13,22.8046,7.244860174210351e-05,0.091,OPTIMAL
geant,seed_milpsnap_geant_k13.json,699,22,36,11,27.3464,7.69776850245435e-05,0.072,OPTIMAL
geant,seed_milpsnap_geant_k13.json,700,22,36,11,27.3409,7.697175991723623e-05,0.085,OPTIMAL
geant,seed_milpsnap_geant_k13.json,701,22,36,10,36.4246,3.909762677401926e-05,0.067,OPTIMAL
geant,seed_milpsnap_geant_k13.json,702,22,36,11,36.4246,0.0,0.068,OPTIMAL
geant,seed_milpsnap_geant_k13.json,703,22,36,13,31.8772,8.209731268122356e-05,0.097,OPTIMAL
geant,seed_milpsnap_geant_k13.json,704,22,36,12,31.8772,8.209731268122356e-05,0.092,OPTIMAL
geant,seed_milpsnap_geant_k13.json,705,22,36,13,27.3353,7.696583572121286e-05,0.109,OPTIMAL
geant,seed_milpsnap_geant_k13.json,706,22,36,15,18.2571,9.882624825161857e-05,0.11,OPTIMAL
geant,seed_milpsnap_geant_k13.json,707,22,36,14,18.2571,6.841817186690404e-05,0.118,OPTIMAL
geant,seed_milpsnap_geant_k13.json,708,22,36,16,13.7152,6.481674864779167e-05,0.196,OPTIMAL
geant,seed_milpsnap_geant_k13.json,709,22,36,18,13.7096,6.481254770950503e-05,0.57,OPTIMAL
geant,seed_milpsnap_geant_k13.json,710,22,36,17,13.7096,6.481254770950503e-05,0.492,OPTIMAL
geant,seed_milpsnap_geant_k13.json,711,22,36,15,18.2515,6.841349114039068e-05,0.156,OPTIMAL
geant,seed_milpsnap_geant_k13.json,712,22,36,17,18.2515,6.841349114073635e-05,0.193,OPTIMAL
geant,seed_milpsnap_geant_k13.json,713,22,36,16,18.2515,6.841349114090918e-05,0.228,OPTIMAL
geant,seed_milpsnap_geant_k13.json,714,22,36,18,18.2515,6.841349114090918e-05,0.269,OPTIMAL
geant,seed_milpsnap_geant_k13.json,715,22,36,18,18.2515,6.841349114056352e-05,0.285,OPTIMAL
geant,seed_milpsnap_geant_k13.json,716,22,36,17,18.2515,6.841349114090918e-05,0.334,OPTIMAL
geant,seed_milpsnap_geant_k13.json,717,22,36,17,18.2515,6.841349114073635e-05,0.266,OPTIMAL
geant,seed_milpsnap_geant_k13.json,718,22,36,17,13.7096,6.481254770950503e-05,3.457,OPTIMAL
geant,seed_milpsnap_geant_k13.json,719,22,36,17,13.7096,6.48125477093413e-05,3.034,OPTIMAL
geant,seed_milpsnap_geant_k13.json,720,22,36,15,22.7934,7.243810566335025e-05,0.693,OPTIMAL
geant,seed_milpsnap_geant_k13.json,721,22,36,16,22.7934,7.243810566316725e-05,0.64,OPTIMAL
geant,seed_milpsnap_geant_k13.json,722,22,36,15,18.2515,6.841349114073634e-05,1.396,OPTIMAL
geant,seed_milpsnap_geant_k13.json,723,22,36,13,18.2515,6.841349114056352e-05,1.005,OPTIMAL
geant,seed_milpsnap_geant_k13.json,724,22,36,14,18.2515,6.841349114073634e-05,1.013,OPTIMAL
geant,seed_milpsnap_geant_k13.json,725,22,36,15,18.2515,6.841349114073634e-05,1.463,OPTIMAL
geant,seed_milpsnap_geant_k13.json,726,22,36,13,27.3353,7.696583572101841e-05,0.31,OPTIMAL
geant,seed_milpsnap_geant_k13.json,727,22,36,13,22.7934,7.243810566335025e-05,0.282,OPTIMAL
geant,seed_milpsnap_geant_k13.json,728,22,36,12,27.3353,7.696583572160174e-05,0.127,OPTIMAL
geant,seed_milpsnap_geant_k13.json,729,22,36,1,81.838,0.0,0.014,OPTIMAL
geant,seed_milpsnap_geant_k13.json,730,22,36,2,68.2123,7.819525354803851e-05,0.025,OPTIMAL
geant,seed_milpsnap_geant_k13.json,731,22,36,3,63.6704,0.0,0.025,OPTIMAL
geant,seed_milpsnap_geant_k13.json,732,22,36,4,59.1285,6.081615277012044e-05,0.054,OPTIMAL
geant,seed_milpsnap_geant_k13.json,733,22,36,5,54.5866,0.0,0.063,OPTIMAL
geant,seed_milpsnap_geant_k13.json,734,22,36,6,45.5084,0.0,0.075,OPTIMAL
geant,seed_milpsnap_geant_k13.json,735,22,36,8,31.8828,9.122672578170943e-05,0.087,OPTIMAL
geant,seed_milpsnap_geant_k13.json,736,22,36,9,27.3353,7.696583572101841e-05,0.136,OPTIMAL
geant,seed_milpsnap_geant_k13.json,737,22,36,10,22.7934,7.243810566316725e-05,0.1,OPTIMAL
geant,seed_milpsnap_geant_k13.json,738,22,36,9,31.8772,8.209731268163838e-05,0.075,OPTIMAL
geant,seed_milpsnap_geant_k13.json,739,22,36,9,40.961,9.472886493784261e-05,0.064,OPTIMAL
geant,seed_milpsnap_geant_k13.json,740,22,36,8,45.5028,0.0,0.064,OPTIMAL
geant,seed_milpsnap_geant_k13.json,741,22,36,8,50.0503,0.0,0.058,OPTIMAL
geant,seed_milpsnap_geant_k13.json,742,22,36,7,54.5922,0.0,0.051,OPTIMAL
geant,seed_milpsnap_geant_k13.json,743,22,36,9,45.5084,0.0,0.084,OPTIMAL
geant,seed_milpsnap_geant_k13.json,744,22,36,12,31.8828,8.210405320376665e-05,0.192,OPTIMAL
geant,seed_milpsnap_geant_k13.json,745,22,36,13,31.8828,8.210405320376665e-05,0.163,OPTIMAL
geant,seed_milpsnap_geant_k13.json,746,22,36,14,31.8772,8.209731268163838e-05,0.245,OPTIMAL
geant,seed_milpsnap_geant_k13.json,747,22,36,12,36.4191,8.796192226101671e-05,0.231,OPTIMAL
geant,seed_milpsnap_geant_k13.json,748,22,36,11,36.4191,8.796192226112781e-05,0.542,OPTIMAL
geant,seed_milpsnap_geant_k13.json,749,22,36,12,36.4191,8.796192226101671e-05,0.575,OPTIMAL
geant,seed_milpsnap_geant_k13.json,750,22,36,14,31.8772,8.209731268122356e-05,0.403,OPTIMAL
geant,seed_milpsnap_geant_k13.json,751,22,36,17,22.7934,7.243810566316725e-05,0.953,OPTIMAL
geant,seed_milpsnap_geant_k13.json,752,22,36,17,18.2515,6.841349114056352e-05,2.139,OPTIMAL
geant,seed_milpsnap_geant_k13.json,753,22,36,18,18.2515,6.841349114073634e-05,2.062,OPTIMAL
geant,seed_milpsnap_geant_k13.json,754,22,36,19,13.7096,6.481254770950503e-05,2.536,OPTIMAL
geant,seed_milpsnap_geant_k13.json,755,22,36,21,13.7096,6.481254770950503e-05,2.223,OPTIMAL
geant,seed_milpsnap_geant_k13.json,756,22,36,22,13.7096,6.481254770950503e-05,1.866,OPTIMAL
geant,seed_milpsnap_geant_k13.json,757,22,36,21,13.7096,6.481254770966877e-05,0.395,OPTIMAL
geant,seed_milpsnap_geant_k13.json,758,22,36,18,13.7096,6.481254770966877e-05,0.444,OPTIMAL
geant,seed_milpsnap_geant_k13.json,759,22,36,17,18.2515,6.841349114108202e-05,0.214,OPTIMAL
geant,seed_milpsnap_geant_k13.json,760,22,36,15,18.2515,6.841349114125486e-05,0.355,OPTIMAL
geant,seed_milpsnap_geant_k13.json,761,22,36,17,13.7096,6.481254770983251e-05,0.194,OPTIMAL
geant,seed_milpsnap_geant_k13.json,762,22,36,18,13.7096,6.481254770983251e-05,0.168,OPTIMAL
geant,seed_milpsnap_geant_k13.json,763,22,36,18,13.7096,6.481254770983251e-05,0.17,OPTIMAL
geant,seed_milpsnap_geant_k13.json,764,22,36,16,18.2515,9.881948720295935e-05,0.13,OPTIMAL
geant,seed_milpsnap_geant_k13.json,765,22,36,14,13.7096,9.361812446897577e-05,0.776,OPTIMAL
geant,seed_milpsnap_geant_k13.json,766,22,36,14,13.7152,9.362419249125461e-05,0.138,OPTIMAL
geant,seed_milpsnap_geant_k13.json,767,22,36,17,13.7096,9.361812446897577e-05,0.128,OPTIMAL
geant,seed_milpsnap_geant_k13.json,768,22,36,16,18.2515,8.36164891715886e-05,0.484,OPTIMAL
geant,seed_milpsnap_geant_k13.json,769,22,36,17,13.7096,9.361812446881204e-05,0.753,OPTIMAL
geant,seed_milpsnap_geant_k13.json,770,22,36,16,22.7934,7.243810566335025e-05,0.189,OPTIMAL
geant,seed_milpsnap_geant_k13.json,771,22,36,16,22.7934,7.243810566371626e-05,0.162,OPTIMAL
geant,seed_milpsnap_geant_k13.json,772,22,36,15,22.7934,7.243810566316725e-05,0.141,OPTIMAL
geant,seed_milpsnap_geant_k13.json,773,22,36,17,9.1677,9.57782323443775e-05,0.521,OPTIMAL
geant,seed_milpsnap_geant_k13.json,774,22,36,18,9.1677,6.157172079318077e-05,0.417,OPTIMAL
geant,seed_milpsnap_geant_k13.json,775,22,36,19,9.1677,7.52543254134728e-05,0.614,OPTIMAL
geant,seed_milpsnap_geant_k13.json,776,22,36,17,13.7096,6.481254770950503e-05,0.322,OPTIMAL
geant,seed_milpsnap_geant_k13.json,777,22,36,16,13.7096,6.48125477093413e-05,0.489,OPTIMAL
geant,seed_milpsnap_geant_k13.json,778,22,36,16,13.7096,6.481254770950503e-05,0.558,OPTIMAL
geant,seed_milpsnap_geant_k13.json,779,22,36,17,9.1677,6.157172079286967e-05,0.515,OPTIMAL
geant,seed_milpsnap_geant_k13.json,780,22,36,17,9.1677,6.157172079302521e-05,0.529,OPTIMAL
geant,seed_milpsnap_geant_k13.json,781,22,36,16,9.1677,8.893693003407593e-05,0.341,OPTIMAL
geant,seed_milpsnap_geant_k13.json,782,22,36,13,18.2515,6.841349114090919e-05,0.347,OPTIMAL
geant,seed_milpsnap_geant_k13.json,783,22,36,15,9.1677,6.157172079286967e-05,3.325,OPTIMAL
geant,seed_milpsnap_geant_k13.json,784,22,36,14,9.1677,6.157172079302521e-05,1.673,OPTIMAL
geant,seed_milpsnap_geant_k13.json,785,22,36,13,13.7096,6.481254770966877e-05,0.281,OPTIMAL
geant,seed_milpsnap_geant_k13.json,786,22,36,14,18.2515,9.881948720313217e-05,0.137,OPTIMAL
geant,seed_milpsnap_geant_k13.json,787,22,36,16,13.7096,9.361812446881204e-05,0.413,OPTIMAL
geant,seed_milpsnap_geant_k13.json,788,22,36,14,22.7934,7.243810566316725e-05,0.169,OPTIMAL
geant,seed_milpsnap_geant_k13.json,789,22,36,14,18.2515,9.881948720295935e-05,0.284,OPTIMAL
geant,seed_milpsnap_geant_k13.json,790,22,36,15,22.7934,7.243810566371626e-05,0.297,OPTIMAL
geant,seed_milpsnap_geant_k13.json,791,22,36,17,22.7934,7.243810566353326e-05,0.287,OPTIMAL
geant,seed_milpsnap_geant_k13.json,792,22,36,20,22.7934,7.243810566353326e-05,0.315,OPTIMAL
geant,seed_milpsnap_geant_k13.json,793,22,36,21,18.2515,9.881948720278653e-05,0.258,OPTIMAL
geant,seed_milpsnap_geant_k13.json,794,22,36,19,18.2515,9.881948720295935e-05,0.223,OPTIMAL
geant,seed_milpsnap_geant_k13.json,795,22,36,19,13.7096,9.361812446881204e-05,0.217,OPTIMAL
geant,seed_milpsnap_geant_k13.json,796,22,36,20,13.7096,9.361812446897577e-05,0.289,OPTIMAL
geant,seed_milpsnap_geant_k13.json,797,22,36,19,13.7096,9.361812446897577e-05,0.235,OPTIMAL
geant,seed_milpsnap_geant_k13.json,798,22,36,17,18.2515,6.84134911405635e-05,0.142,OPTIMAL
geant,seed_milpsnap_geant_k13.json,799,22,36,19,18.2515,6.841349114039068e-05,0.159,OPTIMAL
geant,seed_milpsnap_geant_k13.json,800,22,36,17,18.2515,6.84134911405635e-05,0.143,OPTIMAL
geant,seed_milpsnap_geant_k13.json,801,22,36,15,18.2515,9.881948720295935e-05,0.112,OPTIMAL
geant,seed_milpsnap_geant_k13.json,802,22,36,16,13.7152,6.48167486482829e-05,0.251,OPTIMAL
geant,seed_milpsnap_geant_k13.json,803,22,36,15,18.2571,6.84181718667312e-05,0.196,OPTIMAL
geant,seed_milpsnap_geant_k13.json,804,22,36,13,18.2571,6.84181718667312e-05,0.174,OPTIMAL
geant,seed_milpsnap_geant_k13.json,805,22,36,12,18.2571,6.84181718667312e-05,0.144,OPTIMAL
geant,seed_milpsnap_geant_k13.json,806,22,36,9,22.799,7.24433533224498e-05,0.264,OPTIMAL
geant,seed_milpsnap_geant_k13.json,807,22,36,7,31.8828,8.210405320335178e-05,0.072,OPTIMAL
geant,seed_milpsnap_geant_k13.json,808,22,36,6,36.4246,8.796966024154333e-05,0.057,OPTIMAL
geant,seed_milpsnap_geant_k13.json,809,22,36,5,45.5084,6.842285323291758e-05,0.052,OPTIMAL
geant,seed_milpsnap_geant_k13.json,810,22,36,6,36.4246,8.796966024154333e-05,0.098,OPTIMAL
geant,seed_milpsnap_geant_k13.json,811,22,36,6,40.9665,9.473783934571083e-05,0.097,OPTIMAL
geant,seed_milpsnap_geant_k13.json,812,22,36,7,31.8772,8.209731268122356e-05,0.133,OPTIMAL
geant,seed_milpsnap_geant_k13.json,813,22,36,5,50.0447,0.0,0.044,OPTIMAL
geant,seed_milpsnap_geant_k13.json,814,22,36,7,50.0447,0.0,0.062,OPTIMAL
geant,seed_milpsnap_geant_k13.json,815,22,36,7,50.0447,7.463614877493816e-05,0.052,OPTIMAL
geant,seed_milpsnap_geant_k13.json,816,22,36,9,31.8772,8.209731268122356e-05,0.123,OPTIMAL
geant,seed_milpsnap_geant_k13.json,817,22,36,8,31.8772,8.209731268143096e-05,0.239,OPTIMAL
geant,seed_milpsnap_geant_k13.json,818,22,36,9,27.3353,7.696583572082397e-05,0.409,OPTIMAL
geant,seed_milpsnap_geant_k13.json,819,22,36,10,27.3353,7.696583572140731e-05,0.087,OPTIMAL
geant,seed_milpsnap_geant_k13.json,820,22,36,9,31.8772,8.209731268122356e-05,0.066,OPTIMAL
geant,seed_milpsnap_geant_k13.json,821,22,36,8,31.8772,8.209731268122356e-05,0.059,OPTIMAL
geant,seed_milpsnap_geant_k13.json,822,22,36,9,31.8772,8.209731268163838e-05,0.112,OPTIMAL
geant,seed_milpsnap_geant_k13.json,823,22,36,10,22.799,7.244335332281584e-05,0.119,OPTIMAL
geant,seed_milpsnap_geant_k13.json,824,22,36,9,27.3409,7.697175991684732e-05,0.109,OPTIMAL
geant,seed_milpsnap_geant_k13.json,825,22,36,9,27.3409,9.40765954536436e-05,0.18,OPTIMAL
geant,seed_milpsnap_geant_k13.json,826,22,36,7,31.8828,8.210405320355922e-05,0.157,OPTIMAL
geant,seed_milpsnap_geant_k13.json,827,22,36,9,27.3353,7.696583572101841e-05,0.359,OPTIMAL
geant,seed_milpsnap_geant_k13.json,828,22,36,9,31.8772,8.209731268143097e-05,0.251,OPTIMAL
geant,seed_milpsnap_geant_k13.json,829,22,36,10,22.7934,7.243810566335025e-05,0.329,OPTIMAL
geant,seed_milpsnap_geant_k13.json,830,22,36,10,27.3353,7.696583572121286e-05,0.149,OPTIMAL
geant,seed_milpsnap_geant_k13.json,831,22,36,12,18.2515,6.841349114073635e-05,0.149,OPTIMAL
geant,seed_milpsnap_geant_k13.json,832,22,36,13,18.2515,6.841349114073635e-05,0.154,OPTIMAL
geant,seed_milpsnap_geant_k13.json,833,22,36,12,22.7934,8.853546247716375e-05,0.437,OPTIMAL
geant,seed_milpsnap_geant_k13.json,834,22,36,11,27.3353,7.69658357214073e-05,0.094,OPTIMAL
geant,seed_milpsnap_geant_k13.json,835,22,36,10,27.3353,7.696583572062955e-05,0.072,OPTIMAL
geant,seed_milpsnap_geant_k13.json,836,22,36,11,27.3353,7.696583572062955e-05,0.078,OPTIMAL
geant,seed_milpsnap_geant_k13.json,837,22,36,11,27.3353,7.696583572121287e-05,0.09,OPTIMAL
geant,seed_milpsnap_geant_k13.json,838,22,36,12,22.7934,7.243810566335025e-05,0.29,OPTIMAL
geant,seed_milpsnap_geant_k13.json,839,22,36,16,18.2515,6.841349114073634e-05,0.835,OPTIMAL
geant,seed_milpsnap_geant_k13.json,840,22,36,15,18.2571,6.84181718663855e-05,0.976,OPTIMAL
geant,seed_milpsnap_geant_k13.json,841,22,36,14,18.2571,6.84181718663855e-05,0.44,OPTIMAL
geant,seed_milpsnap_geant_k13.json,842,22,36,13,27.3409,7.697175991645839e-05,0.392,OPTIMAL
geant,seed_milpsnap_geant_k13.json,843,22,36,14,22.799,7.244335332263281e-05,0.382,OPTIMAL
geant,seed_milpsnap_geant_k13.json,844,22,36,13,22.799,7.244335332263281e-05,0.32,OPTIMAL
geant,seed_milpsnap_geant_k13.json,845,22,36,12,27.3409,7.697175991665286e-05,0.163,OPTIMAL
geant,seed_milpsnap_geant_k13.json,846,22,36,11,27.3409,7.69717599168473e-05,0.15,OPTIMAL
geant,seed_milpsnap_geant_k13.json,847,22,36,10,31.8828,8.210405320376663e-05,0.112,OPTIMAL
geant,seed_milpsnap_geant_k13.json,848,22,36,11,31.8828,8.210405320376663e-05,0.107,OPTIMAL
geant,seed_milpsnap_geant_k13.json,849,22,36,11,31.8828,8.210405320355922e-05,0.129,OPTIMAL
geant,seed_milpsnap_geant_k13.json,850,22,36,12,27.3409,7.697175991704176e-05,0.12,OPTIMAL
geant,seed_milpsnap_geant_k13.json,851,22,36,12,27.3409,7.697175991684732e-05,0.12,OPTIMAL
geant,seed_milpsnap_geant_k13.json,852,22,36,10,31.8828,8.210405320355922e-05,0.102,OPTIMAL
geant,seed_milpsnap_geant_k13.json,853,22,36,11,36.4191,8.796192226146112e-05,0.087,OPTIMAL
geant,seed_milpsnap_geant_k13.json,854,22,36,10,36.4191,8.796192226135002e-05,0.079,OPTIMAL
geant,seed_milpsnap_geant_k13.json,855,22,36,1,81.838,0.0,0.01,OPTIMAL
geant,seed_milpsnap_geant_k13.json,856,22,36,2,68.2123,0.0,0.019,OPTIMAL
geant,seed_milpsnap_geant_k13.json,857,22,36,5,50.0447,0.0,0.045,OPTIMAL
geant,seed_milpsnap_geant_k13.json,858,22,36,7,40.961,9.472886493772294e-05,0.073,OPTIMAL
geant,seed_milpsnap_geant_k13.json,859,22,36,9,36.4191,8.796192226112781e-05,0.065,OPTIMAL
geant,seed_milpsnap_geant_k13.json,860,22,36,10,36.4191,8.796192226123892e-05,0.072,OPTIMAL
geant,seed_milpsnap_geant_k13.json,861,22,36,11,31.8772,8.209731268122356e-05,0.079,OPTIMAL
geant,seed_milpsnap_geant_k13.json,862,22,36,12,31.8772,8.209731268143096e-05,0.085,OPTIMAL
geant,seed_milpsnap_geant_k13.json,863,22,36,13,27.3353,7.696583572082397e-05,0.121,OPTIMAL
geant,seed_milpsnap_geant_k13.json,864,22,36,14,27.3353,7.696583572121286e-05,0.122,OPTIMAL
geant,seed_milpsnap_geant_k13.json,865,22,36,16,22.7934,7.243810566335023e-05,0.148,OPTIMAL
geant,seed_milpsnap_geant_k13.json,866,22,36,16,22.7934,7.243810566353326e-05,0.139,OPTIMAL
geant,seed_milpsnap_geant_k13.json,867,22,36,16,27.3353,7.696583572121286e-05,0.147,OPTIMAL
geant,seed_milpsnap_geant_k13.json,868,22,36,14,27.3353,7.696583572082397e-05,0.135,OPTIMAL
geant,seed_milpsnap_geant_k13.json,869,22,36,13,27.3353,7.696583572062952e-05,0.127,OPTIMAL
geant,seed_milpsnap_geant_k13.json,870,22,36,13,27.3353,7.696583572082398e-05,0.219,OPTIMAL
geant,seed_milpsnap_geant_k13.json,871,22,36,12,31.8772,8.209731268143097e-05,0.156,OPTIMAL
geant,seed_milpsnap_geant_k13.json,872,22,36,11,31.8772,8.209731268163836e-05,0.143,OPTIMAL
geant,seed_milpsnap_geant_k13.json,873,22,36,11,31.8772,8.209731268163836e-05,0.13,OPTIMAL
geant,seed_milpsnap_geant_k13.json,874,22,36,12,31.8772,8.209731268163836e-05,0.143,OPTIMAL
geant,seed_milpsnap_geant_k13.json,875,22,36,14,31.8772,8.209731268143097e-05,0.155,OPTIMAL
geant,seed_milpsnap_geant_k13.json,876,22,36,15,27.3353,7.696583572082398e-05,0.217,OPTIMAL
geant,seed_milpsnap_geant_k13.json,877,22,36,14,27.3353,7.696583572062955e-05,0.41,OPTIMAL
geant,seed_milpsnap_geant_k13.json,878,22,36,14,22.7934,7.243810566298425e-05,0.427,OPTIMAL
geant,seed_milpsnap_geant_k13.json,879,22,36,13,22.7934,7.243810566316725e-05,0.318,OPTIMAL
geant,seed_milpsnap_geant_k13.json,880,22,36,13,27.3353,7.696583572082397e-05,0.474,OPTIMAL
geant,seed_milpsnap_geant_k13.json,881,22,36,14,22.7934,7.243810566316725e-05,0.339,OPTIMAL
geant,seed_milpsnap_geant_k13.json,882,22,36,14,27.3353,7.696583572082397e-05,0.194,OPTIMAL
geant,seed_milpsnap_geant_k13.json,883,22,36,13,27.3353,7.696583572082397e-05,0.156,OPTIMAL
geant,seed_milpsnap_geant_k13.json,884,22,36,13,31.8772,8.209731268163836e-05,0.167,OPTIMAL
geant,seed_milpsnap_geant_k13.json,885,22,36,13,31.8772,8.209731268143097e-05,0.139,OPTIMAL
geant,seed_milpsnap_geant_k13.json,886,22,36,14,31.8772,8.209731268163836e-05,0.176,OPTIMAL
geant,seed_milpsnap_geant_k13.json,887,22,36,13,31.8772,8.209731268143097e-05,0.16,OPTIMAL
geant,seed_milpsnap_geant_k13.json,888,22,36,14,31.8772,8.209731268163838e-05,0.161,OPTIMAL
geant,seed_milpsnap_geant_k13.json,889,22,36,14,31.8772,8.209731268184577e-05,0.161,OPTIMAL
geant,seed_milpsnap_geant_k13.json,890,22,36,16,22.7934,7.243810566298425e-05,0.54,OPTIMAL
geant,seed_milpsnap_geant_k13.json,891,22,36,16,13.7152,6.481674864795541e-05,1.328,OPTIMAL
geant,seed_milpsnap_geant_k13.json,892,22,36,15,13.7152,6.481674864811915e-05,0.766,OPTIMAL
geant,seed_milpsnap_geant_k13.json,893,22,36,16,13.7152,6.481674864811915e-05,1.573,OPTIMAL
geant,seed_milpsnap_geant_k13.json,894,22,36,15,13.7152,6.481674864811915e-05,0.822,OPTIMAL
geant,seed_milpsnap_geant_k13.json,895,22,36,16,9.1677,6.157172079302521e-05,2.569,OPTIMAL
geant,seed_milpsnap_geant_k13.json,896,22,36,14,13.7096,6.481254770950503e-05,1.569,OPTIMAL
geant,seed_milpsnap_geant_k13.json,897,22,36,15,13.7096,6.481254770950503e-05,2.611,OPTIMAL
geant,seed_milpsnap_geant_k13.json,898,22,36,17,13.7096,6.481254770950503e-05,1.642,OPTIMAL
geant,seed_milpsnap_geant_k13.json,899,22,36,16,13.7096,6.481254770950503e-05,1.479,OPTIMAL
geant,seed_milpsnap_geant_k13.json,900,22,36,16,13.7096,6.481254770966877e-05,0.549,OPTIMAL
geant,seed_milpsnap_geant_k13.json,901,22,36,15,18.2515,6.841349114073635e-05,0.327,OPTIMAL
geant,seed_milpsnap_geant_k13.json,902,22,36,14,18.2515,6.841349114073635e-05,0.428,OPTIMAL
geant,seed_milpsnap_geant_k13.json,903,22,36,13,22.7934,7.243810566371626e-05,0.155,OPTIMAL
geant,seed_milpsnap_geant_k13.json,904,22,36,14,22.7934,8.853546247734673e-05,0.131,OPTIMAL
geant,seed_milpsnap_geant_k13.json,905,22,36,15,18.2459,6.840881105497447e-05,0.131,OPTIMAL
geant,seed_milpsnap_geant_k13.json,906,22,36,18,13.7096,6.481254770966877e-05,0.206,OPTIMAL
geant,seed_milpsnap_geant_k13.json,907,22,36,16,13.7096,6.481254770950503e-05,1.307,OPTIMAL
geant,seed_milpsnap_geant_k13.json,908,22,36,18,9.1677,6.157172079302521e-05,0.898,OPTIMAL
geant,seed_milpsnap_geant_k13.json,909,22,36,16,13.7096,6.48125477093413e-05,1.52,OPTIMAL
geant,seed_milpsnap_geant_k13.json,910,22,36,18,9.1677,6.157172079302521e-05,1.592,OPTIMAL
geant,seed_milpsnap_geant_k13.json,911,22,36,17,9.1677,6.157172079302521e-05,1.288,OPTIMAL
geant,seed_milpsnap_geant_k13.json,912,22,36,16,13.7096,6.48125477093413e-05,0.769,OPTIMAL
geant,seed_milpsnap_geant_k13.json,913,22,36,17,13.7096,6.481254770950503e-05,0.601,OPTIMAL
geant,seed_milpsnap_geant_k13.json,914,22,36,16,18.2515,6.841349114073635e-05,0.162,OPTIMAL
geant,seed_milpsnap_geant_k13.json,915,22,36,18,13.7096,9.361812446897577e-05,0.432,OPTIMAL
geant,seed_milpsnap_geant_k13.json,916,22,36,19,9.1677,6.157172079302521e-05,4.635,OPTIMAL
geant,seed_milpsnap_geant_k13.json,917,22,36,17,9.1677,6.157172079302521e-05,4.391,OPTIMAL
geant,seed_milpsnap_geant_k13.json,918,22,36,19,4.6258,5.86395621580307e-05,5.368,OPTIMAL
geant,seed_milpsnap_geant_k13.json,919,22,36,18,4.6258,5.863956215817884e-05,4.903,OPTIMAL
geant,seed_milpsnap_geant_k13.json,920,22,36,15,18.2515,6.841349114073634e-05,0.173,OPTIMAL
geant,seed_milpsnap_geant_k13.json,921,22,36,16,18.2515,6.841349114073634e-05,0.182,OPTIMAL
geant,seed_milpsnap_geant_k13.json,922,22,36,14,22.7934,7.243810566335023e-05,0.145,OPTIMAL
geant,seed_milpsnap_geant_k13.json,923,22,36,15,13.7096,6.481254770950503e-05,0.777,OPTIMAL
geant,seed_milpsnap_geant_k13.json,924,22,36,15,18.2515,6.841349114073635e-05,0.639,OPTIMAL
geant,seed_milpsnap_geant_k13.json,925,22,36,15,18.2515,6.841349114073635e-05,0.76,OPTIMAL
geant,seed_milpsnap_geant_k13.json,926,22,36,14,27.3353,7.696583572082398e-05,0.21,OPTIMAL
geant,seed_milpsnap_geant_k13.json,927,22,36,12,31.8772,8.209731268163838e-05,0.315,OPTIMAL
geant,seed_milpsnap_geant_k13.json,928,22,36,11,31.8772,8.209731268163838e-05,0.314,OPTIMAL
geant,seed_milpsnap_geant_k13.json,929,22,36,12,27.3353,8.551759524533836e-05,0.801,OPTIMAL
geant,seed_milpsnap_geant_k13.json,930,22,36,10,27.3353,8.551759524533836e-05,0.516,OPTIMAL
geant,seed_milpsnap_geant_k13.json,931,22,36,10,22.7934,7.243810566316725e-05,0.256,OPTIMAL
geant,seed_milpsnap_geant_k13.json,932,22,36,12,22.7934,7.243810566316725e-05,0.172,OPTIMAL
geant,seed_milpsnap_geant_k13.json,933,22,36,14,22.7934,7.243810566316725e-05,0.277,OPTIMAL
geant,seed_milpsnap_geant_k13.json,934,22,36,15,22.7934,7.243810566316725e-05,0.298,OPTIMAL
geant,seed_milpsnap_geant_k13.json,935,22,36,14,22.7934,7.243810566316725e-05,0.235,OPTIMAL
geant,seed_milpsnap_geant_k13.json,936,22,36,15,27.3353,7.696583572082398e-05,0.152,OPTIMAL
geant,seed_milpsnap_geant_k13.json,937,22,36,16,22.7934,7.243810566335025e-05,0.188,OPTIMAL
geant,seed_milpsnap_geant_k13.json,938,22,36,16,13.7152,6.48167486482829e-05,0.207,OPTIMAL
geant,seed_milpsnap_geant_k13.json,939,22,36,17,13.7096,6.481254770966877e-05,0.371,OPTIMAL
geant,seed_milpsnap_geant_k13.json,940,22,36,18,13.7096,6.481254770966877e-05,0.368,OPTIMAL
geant,seed_milpsnap_geant_k13.json,941,22,36,16,18.2515,6.841349114090918e-05,0.158,OPTIMAL
geant,seed_milpsnap_geant_k13.json,942,22,36,15,18.2515,6.841349114090918e-05,0.141,OPTIMAL
geant,seed_milpsnap_geant_k13.json,943,22,36,13,27.3297,7.695991243684629e-05,0.104,OPTIMAL
geant,seed_milpsnap_geant_k13.json,944,22,36,13,27.3353,8.551759524533836e-05,0.139,OPTIMAL
geant,seed_milpsnap_geant_k13.json,945,22,36,13,22.7934,7.243810566316725e-05,0.127,OPTIMAL
geant,seed_milpsnap_geant_k13.json,946,22,36,13,22.7934,7.243810566335023e-05,0.151,OPTIMAL
geant,seed_milpsnap_geant_k13.json,947,22,36,15,22.7934,9.658414088416197e-05,0.148,OPTIMAL
geant,seed_milpsnap_geant_k13.json,948,22,36,17,18.2515,6.841349114056352e-05,0.638,OPTIMAL
geant,seed_milpsnap_geant_k13.json,949,22,36,15,22.7934,7.243810566353326e-05,0.167,OPTIMAL
geant,seed_milpsnap_geant_k13.json,950,22,36,16,13.7096,6.48125477093413e-05,1.4,OPTIMAL
geant,seed_milpsnap_geant_k13.json,951,22,36,16,13.7096,6.481254770950503e-05,0.478,OPTIMAL
geant,seed_milpsnap_geant_k13.json,952,22,36,18,13.7096,6.48125477093413e-05,0.627,OPTIMAL
geant,seed_milpsnap_geant_k13.json,953,22,36,19,13.7096,6.481254770966877e-05,0.508,OPTIMAL
geant,seed_milpsnap_geant_k13.json,954,22,36,20,13.7096,6.481254770966877e-05,0.759,OPTIMAL
geant,seed_milpsnap_geant_k13.json,955,22,36,19,13.7096,6.48125477093413e-05,1.066,OPTIMAL
geant,seed_milpsnap_geant_k13.json,956,22,36,19,18.2515,6.841349114090918e-05,0.517,OPTIMAL
geant,seed_milpsnap_geant_k13.json,957,22,36,21,13.7096,6.48125477093413e-05,0.785,OPTIMAL
geant,seed_milpsnap_geant_k13.json,958,22,36,20,18.2515,6.841349114090918e-05,0.3,OPTIMAL
geant,seed_milpsnap_geant_k13.json,959,22,36,18,22.7934,7.243810566335025e-05,0.18,OPTIMAL
geant,seed_milpsnap_geant_k13.json,960,22,36,19,18.2515,6.841349114090918e-05,0.211,OPTIMAL
geant,seed_milpsnap_geant_k13.json,961,22,36,18,22.7934,7.243810566316726e-05,0.206,OPTIMAL
geant,seed_milpsnap_geant_k13.json,962,22,36,17,22.7934,7.243810566335025e-05,0.259,OPTIMAL
geant,seed_milpsnap_geant_k13.json,963,22,36,18,18.2515,6.841349114073635e-05,0.295,OPTIMAL
geant,seed_milpsnap_geant_k13.json,964,22,36,16,18.2515,6.841349114090918e-05,0.484,OPTIMAL
geant,seed_milpsnap_geant_k13.json,965,22,36,17,18.2515,6.841349114090918e-05,0.492,OPTIMAL
geant,seed_milpsnap_geant_k13.json,966,22,36,16,18.2515,6.841349114090918e-05,0.441,OPTIMAL
geant,seed_milpsnap_geant_k13.json,967,22,36,15,22.7934,7.243810566353326e-05,0.205,OPTIMAL
geant,seed_milpsnap_geant_k13.json,968,22,36,15,18.2515,6.841349114090918e-05,0.802,OPTIMAL
geant,seed_milpsnap_geant_k13.json,969,22,36,16,13.7096,6.481254770950503e-05,1.306,OPTIMAL
geant,seed_milpsnap_geant_k13.json,970,22,36,17,9.1677,6.157172079302521e-05,4.926,OPTIMAL
geant,seed_milpsnap_geant_k13.json,971,22,36,17,9.1677,6.157172079302521e-05,4.45,OPTIMAL
geant,seed_milpsnap_geant_k13.json,972,22,36,15,13.7096,6.481254770950503e-05,1.56,OPTIMAL
geant,seed_milpsnap_geant_k13.json,973,22,36,14,13.7152,6.481674864795541e-05,0.814,OPTIMAL
geant,seed_milpsnap_geant_k13.json,974,22,36,13,18.2571,6.841817186655835e-05,0.364,OPTIMAL
geant,seed_milpsnap_geant_k13.json,975,22,36,13,18.2571,6.841817186655835e-05,0.291,OPTIMAL
geant,seed_milpsnap_geant_k13.json,976,22,36,13,18.2515,6.841349114108201e-05,0.131,OPTIMAL
geant,seed_milpsnap_geant_k13.json,977,22,36,12,18.2515,6.841349114108201e-05,0.127,OPTIMAL
geant,seed_milpsnap_geant_k13.json,978,22,36,11,22.7934,7.243810566389927e-05,0.091,OPTIMAL
geant,seed_milpsnap_geant_k13.json,979,22,36,11,27.3353,7.696583572082397e-05,0.132,OPTIMAL
geant,seed_milpsnap_geant_k13.json,980,22,36,11,22.7934,7.243810566335025e-05,0.156,OPTIMAL
geant,seed_milpsnap_geant_k13.json,981,22,36,9,27.3409,0.0,0.091,OPTIMAL
geant,seed_milpsnap_geant_k13.json,982,22,36,8,36.4246,0.0,0.052,OPTIMAL
geant,seed_milpsnap_geant_k13.json,983,22,36,7,36.4246,0.0,0.046,OPTIMAL
geant,seed_milpsnap_geant_k13.json,984,22,36,7,31.8828,0.0,0.057,OPTIMAL
geant,seed_milpsnap_geant_k13.json,985,22,36,8,27.3409,0.0,0.066,OPTIMAL
geant,seed_milpsnap_geant_k13.json,986,22,36,1,77.2961,0.0,0.011,OPTIMAL
geant,seed_milpsnap_geant_k13.json,987,22,36,2,63.6704,6.841934214796302e-05,0.034,OPTIMAL
geant,seed_milpsnap_geant_k13.json,988,22,36,3,63.6704,0.0,0.036,OPTIMAL
geant,seed_milpsnap_geant_k13.json,989,22,36,5,45.5028,4.561055428221943e-05,0.076,OPTIMAL
geant,seed_milpsnap_geant_k13.json,990,22,36,6,45.5028,0.0,0.056,OPTIMAL
geant,seed_milpsnap_geant_k13.json,991,22,36,8,40.961,9.472886493784261e-05,0.076,OPTIMAL
geant,seed_milpsnap_geant_k13.json,992,22,36,9,36.4191,8.796192226123892e-05,0.075,OPTIMAL
geant,seed_milpsnap_geant_k13.json,993,22,36,10,31.8772,8.209731268122356e-05,0.263,OPTIMAL
geant,seed_milpsnap_geant_k13.json,994,22,36,11,27.3353,9.406935476965831e-05,0.303,OPTIMAL
geant,seed_milpsnap_geant_k13.json,995,22,36,12,27.3353,7.696583572121286e-05,0.205,OPTIMAL
geant,seed_milpsnap_geant_k13.json,996,22,36,13,18.2515,9.881948720295935e-05,0.448,OPTIMAL
geant,seed_milpsnap_geant_k13.json,997,22,36,12,22.7934,7.243810566335025e-05,0.138,OPTIMAL
geant,seed_milpsnap_geant_k13.json,998,22,36,12,22.7934,8.853546247716375e-05,0.117,OPTIMAL
geant,seed_milpsnap_geant_k13.json,999,22,36,15,27.3353,7.696583572121286e-05,0.165,OPTIMAL
geant,seed_milpsnap_geant_k13.json,1000,22,36,15,22.7934,7.243810566353325e-05,0.277,OPTIMAL
geant,seed_milpsnap_geant_k13.json,1001,22,36,14,22.7934,7.243810566353325e-05,0.225,OPTIMAL
geant,seed_milpsnap_geant_k13.json,1002,22,36,13,27.3353,7.696583572101841e-05,0.21,OPTIMAL
geant,seed_milpsnap_geant_k13.json,1003,22,36,14,18.2571,6.841817186655836e-05,0.821,OPTIMAL
geant,seed_milpsnap_geant_k13.json,1004,22,36,13,22.799,7.244335332263281e-05,0.185,OPTIMAL
geant,seed_milpsnap_geant_k13.json,1005,22,36,14,27.3353,7.696583572121285e-05,0.467,OPTIMAL
geant,seed_milpsnap_geant_k13.json,1006,22,36,13,31.8772,8.209731268163836e-05,0.399,OPTIMAL
geant,seed_milpsnap_geant_k13.json,1007,22,36,12,36.4191,8.796192226112781e-05,0.296,OPTIMAL
geant,seed_milpsnap_geant_k13.json,1008,22,36,12,40.961,9.47288649376033e-05,0.105,OPTIMAL
geant,seed_milpsnap_geant_k13.json,1009,22,36,13,31.8772,8.209731268143097e-05,0.139,OPTIMAL
geant,seed_milpsnap_geant_k13.json,1010,22,36,14,31.8772,8.209731268163836e-05,0.17,OPTIMAL
geant,seed_milpsnap_geant_k13.json,1011,22,36,11,40.961,9.472886493784261e-05,0.114,OPTIMAL
geant,seed_milpsnap_geant_k13.json,1012,22,36,9,40.961,9.472886493796225e-05,0.174,OPTIMAL
geant,seed_milpsnap_geant_k13.json,1013,22,36,10,31.8772,8.209731268163836e-05,0.18,OPTIMAL
geant,seed_milpsnap_geant_k13.json,1014,22,36,10,31.8772,8.209731268205318e-05,0.089,OPTIMAL
geant,seed_milpsnap_geant_k13.json,1015,22,36,11,27.3353,9.406935476965832e-05,0.358,OPTIMAL
geant,seed_milpsnap_geant_k13.json,1016,22,36,12,27.3353,7.696583572082397e-05,0.605,OPTIMAL
geant,seed_milpsnap_geant_k13.json,1017,22,36,12,27.3353,7.696583572101841e-05,0.212,OPTIMAL
geant,seed_milpsnap_geant_k13.json,1018,22,36,14,27.3353,7.696583572101841e-05,0.275,OPTIMAL
geant,seed_milpsnap_geant_k13.json,1019,22,36,16,27.3353,7.696583572082398e-05,0.433,OPTIMAL
geant,seed_milpsnap_geant_k13.json,1020,22,36,16,22.7934,7.243810566335025e-05,0.214,OPTIMAL
geant,seed_milpsnap_geant_k13.json,1021,22,36,16,18.2515,6.841349114056352e-05,0.285,OPTIMAL
geant,seed_milpsnap_geant_k13.json,1022,22,36,14,22.7934,7.243810566335025e-05,0.175,OPTIMAL
geant,seed_milpsnap_geant_k13.json,1023,22,36,13,27.3353,7.696583572101841e-05,0.168,OPTIMAL
geant,seed_milpsnap_geant_k13.json,1024,22,36,13,22.7934,7.243810566316725e-05,0.413,OPTIMAL
geant,seed_milpsnap_geant_k13.json,1025,22,36,14,22.7934,7.243810566316725e-05,0.554,OPTIMAL
geant,seed_milpsnap_geant_k13.json,1026,22,36,13,27.3353,7.696583572101841e-05,0.288,OPTIMAL
geant,seed_milpsnap_geant_k13.json,1027,22,36,12,31.8772,8.209731268163836e-05,0.156,OPTIMAL
geant,seed_milpsnap_geant_k13.json,1028,22,36,11,36.4191,8.796192226123892e-05,0.077,OPTIMAL
geant,seed_milpsnap_geant_k13.json,1029,22,36,9,36.4191,8.796192226112781e-05,0.118,OPTIMAL
geant,seed_milpsnap_geant_k13.json,1030,22,36,7,50.0503,0.0,0.08,OPTIMAL
geant,seed_milpsnap_geant_k13.json,1031,22,36,7,50.0447,7.463614877479676e-05,0.065,OPTIMAL
geant,seed_milpsnap_geant_k13.json,1032,22,36,7,40.9665,9.473783934571083e-05,0.064,OPTIMAL
geant,seed_milpsnap_geant_k13.json,1033,22,36,8,27.3409,7.697175991665284e-05,0.092,OPTIMAL
geant,seed_milpsnap_geant_k13.json,1034,22,36,7,27.3353,7.696583572121287e-05,0.094,OPTIMAL
geant,seed_milpsnap_geant_k13.json,1035,22,36,7,36.4246,0.0,0.047,OPTIMAL
geant,seed_milpsnap_geant_k13.json,1036,22,36,6,40.961,9.472886493772296e-05,0.048,OPTIMAL
geant,seed_milpsnap_geant_k13.json,1037,22,36,5,45.5028,0.0,0.038,OPTIMAL
geant,seed_milpsnap_geant_k13.json,1038,22,36,6,40.961,9.47288649376033e-05,0.061,OPTIMAL
geant,seed_milpsnap_geant_k13.json,1039,22,36,6,45.5028,0.0,0.054,OPTIMAL
geant,seed_milpsnap_geant_k13.json,1040,22,36,5,50.0447,0.0,0.046,OPTIMAL
geant,seed_milpsnap_geant_k13.json,1041,22,36,5,54.5866,5.473378853611377e-05,0.041,OPTIMAL
geant,seed_milpsnap_geant_k13.json,1042,22,36,4,68.2123,7.819525354814963e-05,0.029,OPTIMAL
geant,seed_milpsnap_geant_k13.json,1043,22,36,6,54.5866,5.473378853626933e-05,0.042,OPTIMAL
geant,seed_milpsnap_geant_k13.json,1044,22,36,7,45.5028,6.841583142332915e-05,0.057,OPTIMAL
geant,seed_milpsnap_geant_k13.json,1045,22,36,8,40.961,9.472886493772296e-05,0.083,OPTIMAL
geant,seed_milpsnap_geant_k13.json,1046,22,36,9,36.4191,8.796192226112781e-05,0.117,OPTIMAL
geant,seed_milpsnap_geant_k13.json,1047,22,36,10,36.4191,8.796192226123892e-05,0.107,OPTIMAL
geant,seed_milpsnap_geant_k13.json,1048,22,36,11,31.8772,8.209731268122356e-05,0.116,OPTIMAL
geant,seed_milpsnap_geant_k13.json,1049,22,36,14,27.3353,7.696583572121286e-05,0.431,OPTIMAL
geant,seed_milpsnap_geant_k13.json,1050,22,36,15,22.7934,7.243810566316726e-05,0.907,OPTIMAL
geant,seed_milpsnap_geant_k13.json,1051,22,36,16,22.7934,7.243810566335025e-05,0.878,OPTIMAL
geant,seed_milpsnap_geant_k13.json,1052,22,36,17,22.7934,7.243810566316726e-05,0.394,OPTIMAL
geant,seed_milpsnap_geant_k13.json,1053,22,36,18,18.2515,6.841349114056352e-05,0.913,OPTIMAL
geant,seed_milpsnap_geant_k13.json,1054,22,36,19,18.2515,6.841349114073635e-05,0.407,OPTIMAL
geant,seed_milpsnap_geant_k13.json,1055,22,36,18,18.2515,6.841349114090918e-05,0.435,OPTIMAL
geant,seed_milpsnap_geant_k13.json,1056,22,36,19,18.2515,6.841349114073635e-05,0.486,OPTIMAL
geant,seed_milpsnap_geant_k13.json,1057,22,36,17,18.2515,6.841349114073635e-05,0.412,OPTIMAL
geant,seed_milpsnap_geant_k13.json,1058,22,36,17,22.7934,7.243810566316725e-05,1.216,OPTIMAL
geant,seed_milpsnap_geant_k13.json,1059,22,36,15,27.3353,7.696583572062955e-05,0.991,OPTIMAL
geant,seed_milpsnap_geant_k13.json,1060,22,36,14,31.8772,8.209731268143097e-05,0.421,OPTIMAL
geant,seed_milpsnap_geant_k13.json,1061,22,36,12,27.3353,7.696583572082398e-05,0.262,OPTIMAL
geant,seed_milpsnap_geant_k13.json,1062,22,36,12,27.3353,7.696583572101841e-05,0.129,OPTIMAL
geant,seed_milpsnap_geant_k13.json,1063,22,36,13,22.7934,7.243810566316726e-05,0.142,OPTIMAL
geant,seed_milpsnap_geant_k13.json,1064,22,36,12,22.7934,7.243810566371625e-05,0.146,OPTIMAL
geant,seed_milpsnap_geant_k13.json,1065,22,36,13,27.3353,7.696583572121286e-05,0.157,OPTIMAL
geant,seed_milpsnap_geant_k13.json,1066,22,36,13,27.3353,7.696583572101841e-05,0.213,OPTIMAL
geant,seed_milpsnap_geant_k13.json,1067,22,36,14,22.7934,7.243810566316726e-05,0.401,OPTIMAL
geant,seed_milpsnap_geant_k13.json,1068,22,36,12,31.8772,8.209731268143096e-05,0.118,OPTIMAL
geant,seed_milpsnap_geant_k13.json,1069,22,36,13,31.8772,8.209731268143096e-05,0.118,OPTIMAL
geant,seed_milpsnap_geant_k13.json,1070,22,36,13,27.3353,7.696583572082397e-05,0.116,OPTIMAL
geant,seed_milpsnap_geant_k13.json,1071,22,36,14,27.3353,7.696583572082397e-05,0.126,OPTIMAL
geant,seed_milpsnap_geant_k13.json,1072,22,36,15,27.3353,7.696583572082397e-05,0.128,OPTIMAL
geant,seed_milpsnap_geant_k13.json,1073,22,36,16,22.7934,7.243810566335023e-05,0.155,OPTIMAL
geant,seed_milpsnap_geant_k13.json,1074,22,36,17,22.7934,7.243810566353326e-05,0.147,OPTIMAL
geant,seed_milpsnap_geant_k13.json,1075,22,36,16,18.2515,6.84134911405635e-05,0.147,OPTIMAL
geant,seed_milpsnap_geant_k13.json,1076,22,36,15,22.7934,7.243810566353326e-05,0.172,OPTIMAL
geant,seed_milpsnap_geant_k13.json,1077,22,36,15,22.7934,7.243810566353326e-05,0.167,OPTIMAL
geant,seed_milpsnap_geant_k13.json,1078,22,36,13,22.7934,9.6584140884162e-05,0.509,OPTIMAL
geant,seed_milpsnap_geant_k13.json,1079,22,36,12,22.7934,8.853546247734673e-05,0.503,OPTIMAL
geant,seed_milpsnap_geant_k13.json,1080,22,36,10,22.7934,7.243810566316725e-05,0.587,OPTIMAL
geant,seed_milpsnap_geant_k13.json,1081,22,36,11,22.7934,7.243810566335025e-05,0.168,OPTIMAL
geant,seed_milpsnap_geant_k13.json,1082,22,36,12,22.7934,7.243810566335025e-05,0.658,OPTIMAL
geant,seed_milpsnap_geant_k13.json,1083,22,36,13,22.7934,7.243810566335025e-05,0.2,OPTIMAL
geant,seed_milpsnap_geant_k13.json,1084,22,36,13,27.3353,7.69658357214073e-05,0.129,OPTIMAL
geant,seed_milpsnap_geant_k13.json,1085,22,36,12,27.3353,7.69658357214073e-05,0.109,OPTIMAL
geant,seed_milpsnap_geant_k13.json,1086,22,36,11,31.8772,8.209731268184578e-05,0.099,OPTIMAL
geant,seed_milpsnap_geant_k13.json,1087,22,36,14,18.2515,6.841349114073635e-05,0.274,OPTIMAL
geant,seed_milpsnap_geant_k13.json,1088,22,36,14,18.2515,6.841349114090918e-05,0.413,OPTIMAL
geant,seed_milpsnap_geant_k13.json,1089,22,36,14,27.3353,7.696583572121286e-05,0.154,OPTIMAL
geant,seed_milpsnap_geant_k13.json,1090,22,36,13,31.8772,8.209731268163838e-05,0.153,OPTIMAL
geant,seed_milpsnap_geant_k13.json,1091,22,36,12,36.4191,8.796192226112781e-05,0.115,OPTIMAL
geant,seed_milpsnap_geant_k13.json,1092,22,36,12,31.8772,8.209731268143097e-05,0.287,OPTIMAL
geant,seed_milpsnap_geant_k13.json,1093,22,36,15,18.2515,6.841349114056352e-05,1.126,OPTIMAL
geant,seed_milpsnap_geant_k13.json,1094,22,36,14,18.2515,6.841349114056352e-05,0.68,OPTIMAL
geant,seed_milpsnap_geant_k13.json,1095,22,36,14,22.7934,7.243810566335025e-05,0.173,OPTIMAL
geant,seed_milpsnap_geant_k13.json,1096,22,36,13,22.7934,7.243810566335025e-05,0.148,OPTIMAL
geant,seed_milpsnap_geant_k13.json,1097,22,36,12,27.3353,7.69658357214073e-05,0.111,OPTIMAL
geant,seed_milpsnap_geant_k13.json,1098,22,36,13,27.3353,7.69658357214073e-05,0.128,OPTIMAL
geant,seed_milpsnap_geant_k13.json,1099,22,36,10,40.961,9.472886493760332e-05,0.065,OPTIMAL
geant,seed_milpsnap_geant_k13.json,1100,22,36,1,86.3799,0.0,0.01,OPTIMAL
geant,seed_milpsnap_geant_k13.json,1101,22,36,3,54.5866,5.473378853611377e-05,0.023,OPTIMAL
geant,seed_milpsnap_geant_k13.json,1102,22,36,4,54.5866,0.0,0.028,OPTIMAL
geant,seed_milpsnap_geant_k13.json,1103,22,36,6,54.5866,0.0,0.039,OPTIMAL
geant,seed_milpsnap_geant_k13.json,1104,22,36,7,54.5866,0.0,0.045,OPTIMAL
geant,seed_milpsnap_geant_k13.json,1105,22,36,8,45.5028,0.0,0.077,OPTIMAL
geant,seed_milpsnap_geant_k13.json,1106,22,36,10,40.961,9.472886493760332e-05,0.075,OPTIMAL
geant,seed_milpsnap_geant_k13.json,1107,22,36,9,40.961,9.472886493784261e-05,0.074,OPTIMAL
geant,seed_milpsnap_geant_k13.json,1108,22,36,8,40.961,9.472886493784261e-05,0.075,OPTIMAL
geant,seed_milpsnap_geant_k13.json,1109,22,36,8,36.4191,8.796192226135002e-05,0.214,OPTIMAL
geant,seed_milpsnap_geant_k13.json,1110,22,36,7,45.5028,0.0,0.168,OPTIMAL
geant,seed_milpsnap_geant_k13.json,1111,22,36,8,40.961,9.472886493772294e-05,0.107,OPTIMAL
geant,seed_milpsnap_geant_k13.json,1112,22,36,7,45.5028,0.0,0.085,OPTIMAL
geant,seed_milpsnap_geant_k13.json,1113,22,36,7,45.5028,0.0,0.077,OPTIMAL
geant,seed_milpsnap_geant_k13.json,1114,22,36,7,45.5028,0.0,0.057,OPTIMAL
geant,seed_milpsnap_geant_k13.json,1115,22,36,10,27.3353,7.696583572101841e-05,0.211,OPTIMAL
geant,seed_milpsnap_geant_k13.json,1116,22,36,15,18.2515,6.841349114090919e-05,0.139,OPTIMAL
geant,seed_milpsnap_geant_k13.json,1117,22,36,16,13.7096,6.481254770983251e-05,0.177,OPTIMAL
geant,seed_milpsnap_geant_k13.json,1118,22,36,19,9.1677,6.157172079302521e-05,1.439,OPTIMAL
geant,seed_milpsnap_geant_k13.json,1119,22,36,18,13.7096,6.481254770950503e-05,0.508,OPTIMAL
geant,seed_milpsnap_geant_k13.json,1120,22,36,18,13.7096,6.48125477093413e-05,0.612,OPTIMAL
geant,seed_milpsnap_geant_k13.json,1121,22,36,20,9.1677,6.157172079302521e-05,2.273,OPTIMAL
geant,seed_milpsnap_geant_k13.json,1122,22,36,19,13.7096,6.481254770950503e-05,0.654,OPTIMAL
geant,seed_milpsnap_geant_k13.json,1123,22,36,18,13.7096,6.481254770950503e-05,0.889,OPTIMAL
geant,seed_milpsnap_geant_k13.json,1124,22,36,17,13.7096,6.48125477093413e-05,1.027,OPTIMAL
geant,seed_milpsnap_geant_k13.json,1125,22,36,15,18.2515,6.841349114073635e-05,0.483,OPTIMAL
geant,seed_milpsnap_geant_k13.json,1126,22,36,12,31.8828,8.210405320376663e-05,0.286,OPTIMAL
geant,seed_milpsnap_geant_k13.json,1127,22,36,9,45.5028,9.12211085645685e-05,0.084,OPTIMAL
geant,seed_milpsnap_geant_k13.json,1128,22,36,8,45.5028,6.841583142332915e-05,0.16,OPTIMAL
geant,seed_milpsnap_geant_k13.json,1129,22,36,9,36.4191,8.796192226112781e-05,0.142,OPTIMAL
geant,seed_milpsnap_geant_k13.json,1130,22,36,6,40.9665,9.47378393458305e-05,0.075,OPTIMAL
geant,seed_milpsnap_geant_k13.json,1131,22,36,7,40.9665,4.2105706375818295e-05,0.064,OPTIMAL
geant,seed_milpsnap_geant_k13.json,1132,22,36,8,45.5084,4.5615235488741364e-05,0.125,OPTIMAL
geant,seed_milpsnap_geant_k13.json,1133,22,36,7,40.9665,9.473783934571083e-05,0.093,OPTIMAL
geant,seed_milpsnap_geant_k13.json,1134,22,36,8,40.9665,4.210570637593796e-05,0.312,OPTIMAL
geant,seed_milpsnap_geant_k13.json,1135,22,36,9,31.8828,8.210405320335181e-05,0.276,OPTIMAL
geant,seed_milpsnap_geant_k13.json,1136,22,36,8,36.4246,8.796966024154332e-05,0.186,OPTIMAL
geant,seed_milpsnap_geant_k13.json,1137,22,36,9,36.4246,8.796966024154332e-05,0.331,OPTIMAL
geant,seed_milpsnap_geant_k13.json,1138,22,36,11,27.3353,7.696583572062955e-05,0.551,OPTIMAL
geant,seed_milpsnap_geant_k13.json,1139,22,36,11,31.8772,8.209731268184577e-05,0.371,OPTIMAL
geant,seed_milpsnap_geant_k13.json,1140,22,36,12,22.7934,7.243810566335025e-05,0.538,OPTIMAL
geant,seed_milpsnap_geant_k13.json,1141,22,36,11,22.7934,7.243810566353325e-05,1.113,OPTIMAL
geant,seed_milpsnap_geant_k13.json,1142,22,36,12,18.2515,6.841349114056352e-05,1.93,OPTIMAL
geant,seed_milpsnap_geant_k13.json,1143,22,36,16,22.7934,7.243810566298425e-05,0.663,OPTIMAL
geant,seed_milpsnap_geant_k13.json,1144,22,36,15,22.7934,7.243810566316725e-05,1.062,OPTIMAL
geant,seed_milpsnap_geant_k13.json,1145,22,36,17,18.2515,6.841349114073634e-05,1.411,OPTIMAL
geant,seed_milpsnap_geant_k13.json,1146,22,36,18,18.2515,6.841349114073634e-05,1.096,OPTIMAL
geant,seed_milpsnap_geant_k13.json,1147,22,36,17,18.2515,6.841349114073634e-05,1.304,OPTIMAL
geant,seed_milpsnap_geant_k13.json,1148,22,36,16,22.7934,7.243810566316725e-05,0.549,OPTIMAL
geant,seed_milpsnap_geant_k13.json,1149,22,36,15,27.3353,7.696583572121286e-05,0.231,OPTIMAL
geant,seed_milpsnap_geant_k13.json,1150,22,36,15,31.8772,8.209731268184578e-05,0.158,OPTIMAL
geant,seed_milpsnap_geant_k13.json,1151,22,36,13,31.8772,8.209731268184578e-05,0.155,OPTIMAL
geant,seed_milpsnap_geant_k13.json,1152,22,36,12,31.8772,8.209731268184578e-05,0.162,OPTIMAL
geant,seed_milpsnap_geant_k13.json,1153,22,36,11,31.8772,8.209731268205318e-05,0.123,OPTIMAL
geant,seed_milpsnap_geant_k13.json,1154,22,36,11,27.3409,7.697175991665284e-05,0.282,OPTIMAL
geant,seed_milpsnap_geant_k13.json,1155,22,36,6,40.961,9.472886493784261e-05,0.066,OPTIMAL
geant,seed_milpsnap_geant_k13.json,1156,22,36,8,31.8772,8.209731268122356e-05,0.134,OPTIMAL
geant,seed_milpsnap_geant_k13.json,1157,22,36,7,31.8772,8.209731268122356e-05,0.098,OPTIMAL
geant,seed_milpsnap_geant_k13.json,1158,22,36,7,27.3464,7.697768502473795e-05,0.081,OPTIMAL
geant,seed_milpsnap_geant_k13.json,1159,22,36,9,22.799,7.244335332263281e-05,0.139,OPTIMAL
geant,seed_milpsnap_geant_k13.json,1160,22,36,11,22.7934,7.243810566335025e-05,0.167,OPTIMAL
geant,seed_milpsnap_geant_k13.json,1161,22,36,12,22.7934,7.243810566371625e-05,0.123,OPTIMAL
geant,seed_milpsnap_geant_k13.json,1162,22,36,11,27.3353,7.696583572121286e-05,0.118,OPTIMAL
geant,seed_milpsnap_geant_k13.json,1163,22,36,12,27.3353,7.696583572121286e-05,0.12,OPTIMAL
geant,seed_milpsnap_geant_k13.json,1164,22,36,12,27.3409,7.697175991645839e-05,0.174,OPTIMAL
geant,seed_milpsnap_geant_k13.json,1165,22,36,12,31.8828,8.210405320376665e-05,0.136,OPTIMAL
geant,seed_milpsnap_geant_k13.json,1166,22,36,11,36.4191,8.79619222610167e-05,0.131,OPTIMAL
geant,seed_milpsnap_geant_k13.json,1167,22,36,10,40.961,9.472886493760329e-05,0.12,OPTIMAL
geant,seed_milpsnap_geant_k13.json,1168,22,36,10,40.961,9.472886493772296e-05,0.13,OPTIMAL
geant,seed_milpsnap_geant_k13.json,1169,22,36,8,50.0447,0.0,0.096,OPTIMAL
geant,seed_milpsnap_geant_k13.json,1170,22,36,6,54.5866,0.0,0.051,OPTIMAL
geant,seed_milpsnap_geant_k13.json,1171,22,36,5,59.1341,0.0,0.037,OPTIMAL
geant,seed_milpsnap_geant_k13.json,1172,22,36,6,50.0503,0.0,0.052,OPTIMAL
geant,seed_milpsnap_geant_k13.json,1173,22,36,5,50.0503,0.0,0.044,OPTIMAL
geant,seed_milpsnap_geant_k13.json,1174,22,36,6,45.5028,0.0,0.07,OPTIMAL
geant,seed_milpsnap_geant_k13.json,1175,22,36,6,40.961,9.472886493784261e-05,0.066,OPTIMAL
geant,seed_milpsnap_geant_k13.json,1176,22,36,5,45.5028,0.0,0.087,OPTIMAL
geant,seed_milpsnap_geant_k13.json,1177,22,36,6,45.5028,6.841583142332915e-05,0.067,OPTIMAL
geant,seed_milpsnap_geant_k13.json,1178,22,36,8,31.8772,8.209731268143096e-05,0.109,OPTIMAL
geant,seed_milpsnap_geant_k13.json,1179,22,36,9,36.4191,8.796192226123892e-05,0.082,OPTIMAL
geant,seed_milpsnap_geant_k13.json,1180,22,36,10,31.8772,8.209731268184577e-05,0.125,OPTIMAL
geant,seed_milpsnap_geant_k13.json,1181,22,36,12,27.3353,7.696583572101841e-05,0.508,OPTIMAL
geant,seed_milpsnap_geant_k13.json,1182,22,36,13,27.3353,7.696583572101841e-05,0.559,OPTIMAL
geant,seed_milpsnap_geant_k13.json,1183,22,36,14,18.2515,6.841349114073634e-05,1.26,OPTIMAL
geant,seed_milpsnap_geant_k13.json,1184,22,36,15,18.2515,6.841349114073634e-05,1.491,OPTIMAL
geant,seed_milpsnap_geant_k13.json,1185,22,36,16,18.2515,6.841349114073634e-05,1.395,OPTIMAL
geant,seed_milpsnap_geant_k13.json,1186,22,36,14,18.2571,6.84181718667312e-05,1.037,OPTIMAL
geant,seed_milpsnap_geant_k13.json,1187,22,36,14,18.2571,6.84181718667312e-05,1.046,OPTIMAL
geant,seed_milpsnap_geant_k13.json,1188,22,36,15,18.2571,9.882624825161857e-05,0.662,OPTIMAL
geant,seed_milpsnap_geant_k13.json,1189,22,36,16,18.2571,6.84181718667312e-05,0.491,OPTIMAL
geant,seed_milpsnap_geant_k13.json,1190,22,36,15,18.2571,6.84181718667312e-05,0.555,OPTIMAL
geant,seed_milpsnap_geant_k13.json,1191,22,36,13,18.2571,6.84181718667312e-05,0.379,OPTIMAL
geant,seed_milpsnap_geant_k13.json,1192,22,36,15,18.2515,6.841349114056352e-05,0.541,OPTIMAL
geant,seed_milpsnap_geant_k13.json,1193,22,36,14,18.2515,6.841349114073634e-05,0.933,OPTIMAL
geant,seed_milpsnap_geant_k13.json,1194,22,36,13,18.2515,6.841349114073635e-05,0.27,OPTIMAL
geant,seed_milpsnap_geant_k13.json,1195,22,36,12,18.2515,6.841349114090918e-05,0.18,OPTIMAL
geant,seed_milpsnap_geant_k13.json,1196,22,36,15,13.7096,6.481254770950503e-05,0.346,OPTIMAL
geant,seed_milpsnap_geant_k13.json,1197,22,36,14,18.2515,6.841349114073635e-05,0.211,OPTIMAL
geant,seed_milpsnap_geant_k13.json,1198,22,36,13,22.7934,7.243810566335025e-05,0.129,OPTIMAL
geant,seed_milpsnap_geant_k13.json,1199,22,36,14,18.2515,6.84134911405635e-05,0.193,OPTIMAL
geant,seed_milpsnap_geant_k13.json,1200,22,36,15,18.2515,6.841349114073635e-05,0.202,OPTIMAL
geant,seed_milpsnap_geant_k13.json,1201,22,36,14,18.2571,6.841817186655836e-05,0.169,OPTIMAL
geant,seed_milpsnap_geant_k13.json,1202,22,36,13,18.2571,9.882624825161857e-05,0.18,OPTIMAL
geant,seed_milpsnap_geant_k13.json,1203,22,36,12,22.799,9.65911377630224e-05,0.202,OPTIMAL
geant,seed_milpsnap_geant_k13.json,1204,22,36,13,22.7934,8.853546247716375e-05,0.263,OPTIMAL
geant,seed_milpsnap_geant_k13.json,1205,22,36,15,13.7096,6.481254770917756e-05,1.32,OPTIMAL
geant,seed_milpsnap_geant_k13.json,1206,22,36,15,13.7096,6.481254770950503e-05,1.038,OPTIMAL
geant,seed_milpsnap_geant_k13.json,1207,22,36,15,18.2515,6.841349114108201e-05,0.179,OPTIMAL
geant,seed_milpsnap_geant_k13.json,1208,22,36,14,18.2515,6.841349114108201e-05,0.161,OPTIMAL
geant,seed_milpsnap_geant_k13.json,1209,22,36,12,22.7934,7.243810566298425e-05,0.852,OPTIMAL
geant,seed_milpsnap_geant_k13.json,1210,22,36,13,27.3353,8.551759524533836e-05,0.449,OPTIMAL
