topo,seed_file,batch,n_switches,n_links,n_flows,energy_saving_percent,mip_gap,solve_time_sec,status
grid_4x4,seed_milpsnap_grid4x4_k15.json,1,16,24,1,75.0231,0.0,0.011,OPTIMAL
grid_4x4,seed_milpsnap_grid4x4_k15.json,2,16,24,7,37.5461,0.0,0.08,OPTIMAL
grid_4x4,seed_milpsnap_grid4x4_k15.json,3,16,24,11,31.3,0.0,0.051,OPTIMAL
grid_4x4,seed_milpsnap_grid4x4_k15.json,4,16,24,17,25.0538,0.0,0.122,OPTIMAL
grid_4x4,seed_milpsnap_grid4x4_k15.json,5,16,24,20,25.0538,0.0,0.132,OPTIMAL
grid_4x4,seed_milpsnap_grid4x4_k15.json,6,16,24,21,25.0538,0.0,0.301,OPTIMAL
grid_4x4,seed_milpsnap_grid4x4_k15.json,7,16,24,23,25.0538,0.0,0.183,OPTIMAL
grid_4x4,seed_milpsnap_grid4x4_k15.json,8,16,24,28,25.0538,0.0,0.18,OPTIMAL
grid_4x4,seed_milpsnap_grid4x4_k15.json,9,16,24,30,25.0538,0.0,0.205,OPTIMAL
grid_4x4,seed_milpsnap_grid4x4_k15.json,10,16,24,32,25.0538,0.0,0.245,OPTIMAL
grid_4x4,seed_milpsnap_grid4x4_k15.json,11,16,24,34,25.0538,0.0,0.229,OPTIMAL
grid_4x4,seed_milpsnap_grid4x4_k15.json,12,16,24,39,25.0538,0.0,0.3,OPTIMAL
grid_4x4,seed_milpsnap_grid4x4_k15.json,13,16,24,42,25.0538,0.0,0.311,OPTIMAL
grid_4x4,seed_milpsnap_grid4x4_k15.json,14,16,24,48,25.0538,4.5610554282478685e-05,0.369,OPTIMAL
grid_4x4,seed_milpsnap_grid4x4_k15.json,15,16,24,54,25.0538,0.0,0.408,OPTIMAL
grid_4x4,seed_milpsnap_grid4x4_k15.json,16,16,24,59,25.0538,0.0,0.438,OPTIMAL
grid_4x4,seed_milpsnap_grid4x4_k15.json,17,16,24,57,25.0538,4.5610554282478685e-05,0.746,OPTIMAL
grid_4x4,seed_milpsnap_grid4x4_k15.json,18,16,24,59,25.0538,0.0,0.487,OPTIMAL
grid_4x4,seed_milpsnap_grid4x4_k15.json,19,16,24,59,25.0538,0.0,0.42,OPTIMAL
grid_4x4,seed_milpsnap_grid4x4_k15.json,20,16,24,58,25.0538,0.0,0.391,OPTIMAL
grid_4x4,seed_milpsnap_grid4x4_k15.json,21,16,24,57,25.0538,0.0,0.463,OPTIMAL
grid_4x4,seed_milpsnap_grid4x4_k15.json,22,16,24,59,25.0538,0.0,0.41,OPTIMAL
grid_4x4,seed_milpsnap_grid4x4_k15.json,23,16,24,59,25.0538,0.0,0.401,OPTIMAL
grid_4x4,seed_milpsnap_grid4x4_k15.json,24,16,24,61,25.0538,0.0,0.419,OPTIMAL
grid_4x4,seed_milpsnap_grid4x4_k15.json,25,16,24,61,25.0538,0.0,0.445,OPTIMAL
grid_4x4,seed_milpsnap_grid4x4_k15.json,26,16,24,63,25.0538,0.0,0.429,OPTIMAL
grid_4x4,seed_milpsnap_grid4x4_k15.json,27,16,24,60,25.0538,0.0,0.412,OPTIMAL
grid_4x4,seed_milpsnap_grid4x4_k15.json,28,16,24,62,25.0538,0.0,0.443,OPTIMAL
grid_4x4,seed_milpsnap_grid4x4_k15.json,29,16,24,60,25.0538,0.0,0.419,OPTIMAL
grid_4x4,seed_milpsnap_grid4x4_k15.json,30,16,24,57,25.0538,0.0,0.395,OPTIMAL
grid_4x4,seed_milpsnap_grid4x4_k15.json,31,16,24,58,25.0538,0.0,0.408,OPTIMAL
grid_4x4,seed_milpsnap_grid4x4_k15.json,32,16,24,54,25.0538,0.0,0.369,OPTIMAL
grid_4x4,seed_milpsnap_grid4x4_k15.json,33,16,24,52,25.0538,0.0,0.372,OPTIMAL
grid_4x4,seed_milpsnap_grid4x4_k15.json,34,16,24,48,25.0538,0.0,0.329,OPTIMAL
grid_4x4,seed_milpsnap_grid4x4_k15.json,35,16,24,50,25.0538,0.0,0.358,OPTIMAL
grid_4x4,seed_milpsnap_grid4x4_k15.json,36,16,24,54,25.0538,0.0,0.372,OPTIMAL
grid_4x4,seed_milpsnap_grid4x4_k15.json,37,16,24,54,25.0538,0.0,0.382,OPTIMAL
grid_4x4,seed_milpsnap_grid4x4_k15.json,38,16,24,49,25.0538,4.5610554282478685e-05,0.32,OPTIMAL
grid_4x4,seed_milpsnap_grid4x4_k15.json,39,16,24,48,25.0538,0.0,0.322,OPTIMAL
grid_4x4,seed_milpsnap_grid4x4_k15.json,40,16,24,50,25.0538,0.0,0.347,OPTIMAL
grid_4x4,seed_milpsnap_grid4x4_k15.json,41,16,24,49,25.0538,0.0,0.341,OPTIMAL
grid_4x4,seed_milpsnap_grid4x4_k15.json,42,16,24,50,25.0538,0.0,0.327,OPTIMAL
grid_4x4,seed_milpsnap_grid4x4_k15.json,43,16,24,49,25.0538,4.5610554282478685e-05,0.345,OPTIMAL
grid_4x4,seed_milpsnap_grid4x4_k15.json,44,16,24,49,25.0538,0.0,0.362,OPTIMAL
grid_4x4,seed_milpsnap_grid4x4_k15.json,45,16,24,49,25.0538,4.5610554282478685e-05,0.308,OPTIMAL
grid_4x4,seed_milpsnap_grid4x4_k15.json,46,16,24,46,25.0538,0.0,0.297,OPTIMAL
grid_4x4,seed_milpsnap_grid4x4_k15.json,47,16,24,49,25.0538,0.0,0.345,OPTIMAL
grid_4x4,seed_milpsnap_grid4x4_k15.json,48,16,24,47,25.0538,0.0,0.322,OPTIMAL
grid_4x4,seed_milpsnap_grid4x4_k15.json,49,16,24,50,25.0538,0.0,0.323,OPTIMAL
grid_4x4,seed_milpsnap_grid4x4_k15.json,50,16,24,52,25.0538,0.0,0.373,OPTIMAL
grid_4x4,seed_milpsnap_grid4x4_k15.json,51,16,24,60,25.0538,4.5610554282478685e-05,0.419,OPTIMAL
grid_4x4,seed_milpsnap_grid4x4_k15.json,52,16,24,62,25.0538,4.5610554282478685e-05,0.452,OPTIMAL
grid_4x4,seed_milpsnap_grid4x4_k15.json,53,16,24,68,25.0538,0.0,0.54,OPTIMAL
grid_4x4,seed_milpsnap_grid4x4_k15.json,54,16,24,71,25.0538,0.0,0.559,OPTIMAL
grid_4x4,seed_milpsnap_grid4x4_k15.json,55,16,24,73,25.0538,0.0,0.596,OPTIMAL
grid_4x4,seed_milpsnap_grid4x4_k15.json,56,16,24,77,25.0538,0.0,0.669,OPTIMAL
grid_4x4,seed_milpsnap_grid4x4_k15.json,57,16,24,78,25.0538,0.0,0.724,OPTIMAL
grid_4x4,seed_milpsnap_grid4x4_k15.json,58,16,24,83,25.0538,0.0,0.783,OPTIMAL
grid_4x4,seed_milpsnap_grid4x4_k15.json,59,16,24,82,25.0538,0.0,0.755,OPTIMAL
grid_4x4,seed_milpsnap_grid4x4_k15.json,60,16,24,79,25.0538,0.0,0.718,OPTIMAL
grid_4x4,seed_milpsnap_grid4x4_k15.json,61,16,24,76,25.0538,0.0,0.706,OPTIMAL
grid_4x4,seed_milpsnap_grid4x4_k15.json,62,16,24,79,25.0538,0.0,0.752,OPTIMAL
grid_4x4,seed_milpsnap_grid4x4_k15.json,63,16,24,78,25.0538,0.0,0.7,OPTIMAL
grid_4x4,seed_milpsnap_grid4x4_k15.json,64,16,24,77,25.0538,0.0,0.729,OPTIMAL
grid_4x4,seed_milpsnap_grid4x4_k15.json,65,16,24,74,25.0538,0.0,0.589,OPTIMAL
grid_4x4,seed_milpsnap_grid4x4_k15.json,66,16,24,65,25.0538,0.0,0.457,OPTIMAL
grid_4x4,seed_milpsnap_grid4x4_k15.json,67,16,24,60,25.0538,0.0,0.434,OPTIMAL
grid_4x4,seed_milpsnap_grid4x4_k15.json,68,16,24,58,25.0538,4.5610554282478685e-05,0.368,OPTIMAL
grid_4x4,seed_milpsnap_grid4x4_k15.json,69,16,24,59,25.0538,4.5610554282478685e-05,0.418,OPTIMAL
grid_4x4,seed_milpsnap_grid4x4_k15.json,70,16,24,56,25.0538,4.5610554282478685e-05,0.403,OPTIMAL
grid_4x4,seed_milpsnap_grid4x4_k15.json,71,16,24,54,25.0538,4.5610554282478685e-05,0.367,OPTIMAL
grid_4x4,seed_milpsnap_grid4x4_k15.json,72,16,24,52,25.0538,0.0,0.362,OPTIMAL
grid_4x4,seed_milpsnap_grid4x4_k15.json,73,16,24,46,25.0538,0.0,0.318,OPTIMAL
grid_4x4,seed_milpsnap_grid4x4_k15.json,74,16,24,46,25.0538,0.0,0.31,OPTIMAL
grid_4x4,seed_milpsnap_grid4x4_k15.json,75,16,24,52,25.0538,0.0,0.343,OPTIMAL
grid_4x4,seed_milpsnap_grid4x4_k15.json,76,16,24,54,25.0538,0.0,0.368,OPTIMAL
grid_4x4,seed_milpsnap_grid4x4_k15.json,77,16,24,53,25.0538,0.0,0.369,OPTIMAL
grid_4x4,seed_milpsnap_grid4x4_k15.json,78,16,24,58,25.0538,0.0,0.393,OPTIMAL
grid_4x4,seed_milpsnap_grid4x4_k15.json,79,16,24,59,25.0538,0.0,0.427,OPTIMAL
grid_4x4,seed_milpsnap_grid4x4_k15.json,80,16,24,60,25.0538,0.0,0.428,OPTIMAL
grid_4x4,seed_milpsnap_grid4x4_k15.json,81,16,24,58,25.0538,0.0,0.398,OPTIMAL
grid_4x4,seed_milpsnap_grid4x4_k15.json,82,16,24,64,25.0538,0.0,0.44,OPTIMAL
grid_4x4,seed_milpsnap_grid4x4_k15.json,83,16,24,64,25.0538,0.0,0.451,OPTIMAL
grid_4x4,seed_milpsnap_grid4x4_k15.json,84,16,24,60,25.0538,0.0,0.522,OPTIMAL
grid_4x4,seed_milpsnap_grid4x4_k15.json,85,16,24,61,25.0538,0.0,0.446,OPTIMAL
grid_4x4,seed_milpsnap_grid4x4_k15.json,86,16,24,61,25.0538,0.0,0.45,OPTIMAL
grid_4x4,seed_milpsnap_grid4x4_k15.json,87,16,24,63,25.0538,0.0,0.426,OPTIMAL
grid_4x4,seed_milpsnap_grid4x4_k15.json,88,16,24,61,25.0538,0.0,0.437,OPTIMAL
grid_4x4,seed_milpsnap_grid4x4_k15.json,89,16,24,64,25.0538,0.0,0.472,OPTIMAL
grid_4x4,seed_milpsnap_grid4x4_k15.json,90,16,24,61,25.0538,0.0,0.408,OPTIMAL
grid_4x4,seed_milpsnap_grid4x4_k15.json,91,16,24,60,25.0538,0.0,0.409,OPTIMAL
grid_4x4,seed_milpsnap_grid4x4_k15.json,92,16,24,59,25.0538,0.0,0.407,OPTIMAL
grid_4x4,seed_milpsnap_grid4x4_k15.json,93,16,24,57,25.0538,0.0,0.398,OPTIMAL
grid_4x4,seed_milpsnap_grid4x4_k15.json,94,16,24,56,25.0538,0.0,0.351,OPTIMAL
grid_4x4,seed_milpsnap_grid4x4_k15.json,95,16,24,57,25.0538,4.5610554282478685e-05,0.4,OPTIMAL
grid_4x4,seed_milpsnap_grid4x4_k15.json,96,16,24,60,25.0538,0.0,0.431,OPTIMAL
grid_4x4,seed_milpsnap_grid4x4_k15.json,97,16,24,58,25.0538,0.0,0.405,OPTIMAL
grid_4x4,seed_milpsnap_grid4x4_k15.json,98,16,24,57,25.0538,0.0,0.391,OPTIMAL
grid_4x4,seed_milpsnap_grid4x4_k15.json,99,16,24,58,25.0538,0.0,0.398,OPTIMAL
grid_4x4,seed_milpsnap_grid4x4_k15.json,100,16,24,57,25.0538,4.5610554282478685e-05,0.372,OPTIMAL
grid_4x4,seed_milpsnap_grid4x4_k15.json,101,16,24,55,25.0538,0.0,0.41,OPTIMAL
grid_4x4,seed_milpsnap_grid4x4_k15.json,102,16,24,53,25.0538,0.0,0.386,OPTIMAL
grid_4x4,seed_milpsnap_grid4x4_k15.json,103,16,24,56,25.0538,0.0,0.391,OPTIMAL
grid_4x4,seed_milpsnap_grid4x4_k15.json,104,16,24,56,25.0538,0.0,0.39,OPTIMAL
grid_4x4,seed_milpsnap_grid4x4_k15.json,105,16,24,57,25.0538,0.0,0.402,OPTIMAL
grid_4x4,seed_milpsnap_grid4x4_k15.json,106,16,24,60,25.0538,0.0,0.434,OPTIMAL
grid_4x4,seed_milpsnap_grid4x4_k15.json,107,16,24,58,25.0538,0.0,0.404,OPTIMAL
grid_4x4,seed_milpsnap_grid4x4_k15.json,108,16,24,56,25.0538,0.0,0.4,OPTIMAL
grid_4x4,seed_milpsnap_grid4x4_k15.json,109,16,24,55,25.0538,0.0,0.385,OPTIMAL
grid_4x4,seed_milpsnap_grid4x4_k15.json,110,16,24,52,25.0538,0.0,0.372,OPTIMAL
grid_4x4,seed_milpsnap_grid4x4_k15.json,111,16,24,55,25.0538,0.0,0.374,OPTIMAL
grid_4x4,seed_milpsnap_grid4x4_k15.json,112,16,24,52,25.0538,4.5610554282478685e-05,0.367,OPTIMAL
grid_4x4,seed_milpsnap_grid4x4_k15.json,113,16,24,51,25.0538,0.0,0.352,OPTIMAL
grid_4x4,seed_milpsnap_grid4x4_k15.json,114,16,24,55,25.0538,0.0,0.382,OPTIMAL
grid_4x4,seed_milpsnap_grid4x4_k15.json,115,16,24,53,25.0538,4.5610554282478685e-05,0.383,OPTIMAL
grid_4x4,seed_milpsnap_grid4x4_k15.json,116,16,24,58,25.0538,4.5610554282478685e-05,0.415,OPTIMAL
grid_4x4,seed_milpsnap_grid4x4_k15.json,117,16,24,58,25.0538,0.0,0.42,OPTIMAL
grid_4x4,seed_milpsnap_grid4x4_k15.json,118,16,24,59,25.0538,0.0,0.432,OPTIMAL
grid_4x4,seed_milpsnap_grid4x4_k15.json,119,16,24,53,25.0538,0.0,0.365,OPTIMAL
grid_4x4,seed_milpsnap_grid4x4_k15.json,120,16,24,52,25.0538,0.0,0.378,OPTIMAL
grid_4x4,seed_milpsnap_grid4x4_k15.json,121,16,24,50,25.0538,0.0,0.34,OPTIMAL
grid_4x4,seed_milpsnap_grid4x4_k15.json,122,16,24,53,25.0538,0.0,0.373,OPTIMAL
grid_4x4,seed_milpsnap_grid4x4_k15.json,123,16,24,56,25.0538,0.0,0.39,OPTIMAL
grid_4x4,seed_milpsnap_grid4x4_k15.json,124,16,24,59,25.0538,0.0,0.425,OPTIMAL
grid_4x4,seed_milpsnap_grid4x4_k15.json,125,16,24,60,25.0538,0.0,0.422,OPTIMAL
grid_4x4,seed_milpsnap_grid4x4_k15.json,126,16,24,57,25.0538,0.0,0.408,OPTIMAL
grid_4x4,seed_milpsnap_grid4x4_k15.json,127,16,24,57,25.0538,0.0,0.411,OPTIMAL
grid_4x4,seed_milpsnap_grid4x4_k15.json,128,16,24,57,25.0538,0.0,0.393,OPTIMAL
grid_4x4,seed_milpsnap_grid4x4_k15.json,129,16,24,53,25.0538,0.0,0.378,OPTIMAL
grid_4x4,seed_milpsnap_grid4x4_k15.json,130,16,24,55,25.0538,0.0,0.343,OPTIMAL
grid_4x4,seed_milpsnap_grid4x4_k15.json,131,16,24,52,25.0538,0.0,0.364,OPTIMAL
grid_4x4,seed_milpsnap_grid4x4_k15.json,132,16,24,55,25.0538,0.0,0.374,OPTIMAL
grid_4x4,seed_milpsnap_grid4x4_k15.json,133,16,24,53,25.0538,0.0,0.399,OPTIMAL
grid_4x4,seed_milpsnap_grid4x4_k15.json,134,16,24,57,25.0538,0.0,0.402,OPTIMAL
grid_4x4,seed_milpsnap_grid4x4_k15.json,135,16,24,55,25.0538,0.0,0.376,OPTIMAL
grid_4x4,seed_milpsnap_grid4x4_k15.json,136,16,24,55,25.0538,0.0,0.377,OPTIMAL
grid_4x4,seed_milpsnap_grid4x4_k15.json,137,16,24,53,25.0538,0.0,0.389,OPTIMAL
grid_4x4,seed_milpsnap_grid4x4_k15.json,138,16,24,51,25.0538,0.0,0.359,OPTIMAL
grid_4x4,seed_milpsnap_grid4x4_k15.json,139,16,24,51,25.0538,0.0,0.364,OPTIMAL
grid_4x4,seed_milpsnap_grid4x4_k15.json,140,16,24,52,25.0538,0.0,0.371,OPTIMAL
grid_4x4,seed_milpsnap_grid4x4_k15.json,141,16,24,53,25.0538,0.0,0.376,OPTIMAL
grid_4x4,seed_milpsnap_grid4x4_k15.json,142,16,24,54,25.0538,4.5610554282478685e-05,0.379,OPTIMAL
grid_4x4,seed_milpsnap_grid4x4_k15.json,143,16,24,56,25.0538,4.5610554282478685e-05,0.379,OPTIMAL
grid_4x4,seed_milpsnap_grid4x4_k15.json,144,16,24,55,25.0538,0.0,0.382,OPTIMAL
grid_4x4,seed_milpsnap_grid4x4_k15.json,145,16,24,54,25.0538,4.5610554282478685e-05,0.343,OPTIMAL
grid_4x4,seed_milpsnap_grid4x4_k15.json,146,16,24,54,25.0538,0.0,0.371,OPTIMAL
grid_4x4,seed_milpsnap_grid4x4_k15.json,147,16,24,57,25.0538,0.0,0.377,OPTIMAL
grid_4x4,seed_milpsnap_grid4x4_k15.json,148,16,24,55,25.0538,0.0,0.37,OPTIMAL
grid_4x4,seed_milpsnap_grid4x4_k15.json,149,16,24,54,25.0538,0.0,0.363,OPTIMAL
grid_4x4,seed_milpsnap_grid4x4_k15.json,150,16,24,56,25.0538,0.0,0.366,OPTIMAL
grid_4x4,seed_milpsnap_grid4x4_k15.json,151,16,24,56,25.0538,0.0,0.357,OPTIMAL
grid_4x4,seed_milpsnap_grid4x4_k15.json,152,16,24,1,68.7769,0.0,0.007,OPTIMAL
grid_4x4,seed_milpsnap_grid4x4_k15.json,153,16,24,5,37.5461,0.0,0.041,OPTIMAL
grid_4x4,seed_milpsnap_grid4x4_k15.json,154,16,24,6,37.5461,0.0,0.036,OPTIMAL
grid_4x4,seed_milpsnap_grid4x4_k15.json,155,16,24,11,25.0538,0.0,0.067,OPTIMAL
grid_4x4,seed_milpsnap_grid4x4_k15.json,156,16,24,16,25.0538,0.0,0.107,OPTIMAL
grid_4x4,seed_milpsnap_grid4x4_k15.json,157,16,24,18,25.0538,0.0,0.119,OPTIMAL
grid_4x4,seed_milpsnap_grid4x4_k15.json,158,16,24,21,25.0538,0.0,0.119,OPTIMAL
grid_4x4,seed_milpsnap_grid4x4_k15.json,159,16,24,23,25.0538,4.5610554282478685e-05,0.129,OPTIMAL
grid_4x4,seed_milpsnap_grid4x4_k15.json,160,16,24,27,25.0538,0.0,0.166,OPTIMAL
grid_4x4,seed_milpsnap_grid4x4_k15.json,161,16,24,35,25.0538,0.0,0.216,OPTIMAL
grid_4x4,seed_milpsnap_grid4x4_k15.json,162,16,24,36,25.0538,0.0,0.225,OPTIMAL
grid_4x4,seed_milpsnap_grid4x4_k15.json,163,16,24,38,25.0538,0.0,0.234,OPTIMAL
grid_4x4,seed_milpsnap_grid4x4_k15.json,164,16,24,42,25.0538,0.0,0.274,OPTIMAL
grid_4x4,seed_milpsnap_grid4x4_k15.json,165,16,24,45,25.0538,0.0,0.283,OPTIMAL
grid_4x4,seed_milpsnap_grid4x4_k15.json,166,16,24,50,25.0538,0.0,0.333,OPTIMAL
grid_4x4,seed_milpsnap_grid4x4_k15.json,167,16,24,49,25.0538,0.0,0.344,OPTIMAL
grid_4x4,seed_milpsnap_grid4x4_k15.json,168,16,24,53,25.0538,0.0,0.381,OPTIMAL
grid_4x4,seed_milpsnap_grid4x4_k15.json,169,16,24,48,25.0538,0.0,0.307,OPTIMAL
grid_4x4,seed_milpsnap_grid4x4_k15.json,170,16,24,44,25.0538,0.0,0.295,OPTIMAL
grid_4x4,seed_milpsnap_grid4x4_k15.json,171,16,24,46,25.0538,0.0,0.318,OPTIMAL
grid_4x4,seed_milpsnap_grid4x4_k15.json,172,16,24,47,25.0538,0.0,0.308,OPTIMAL
grid_4x4,seed_milpsnap_grid4x4_k15.json,173,16,24,48,25.0538,0.0,0.33,OPTIMAL
grid_4x4,seed_milpsnap_grid4x4_k15.json,174,16,24,48,25.0538,4.5610554282478685e-05,0.326,OPTIMAL
grid_4x4,seed_milpsnap_grid4x4_k15.json,175,16,24,55,25.0538,0.0,0.381,OPTIMAL
grid_4x4,seed_milpsnap_grid4x4_k15.json,176,16,24,48,25.0538,0.0,0.336,OPTIMAL
grid_4x4,seed_milpsnap_grid4x4_k15.json,177,16,24,51,25.0538,0.0,0.322,OPTIMAL
grid_4x4,seed_milpsnap_grid4x4_k15.json,178,16,24,52,25.0538,0.0,0.363,OPTIMAL
grid_4x4,seed_milpsnap_grid4x4_k15.json,179,16,24,51,25.0538,0.0,0.353,OPTIMAL
grid_4x4,seed_milpsnap_grid4x4_k15.json,180,16,24,51,25.0538,0.0,0.339,OPTIMAL
grid_4x4,seed_milpsnap_grid4x4_k15.json,181,16,24,50,25.0538,4.5610554282478685e-05,0.347,OPTIMAL
grid_4x4,seed_milpsnap_grid4x4_k15.json,182,16,24,51,25.0538,0.0,0.368,OPTIMAL
grid_4x4,seed_milpsnap_grid4x4_k15.json,183,16,24,50,25.0538,0.0,0.344,OPTIMAL
grid_4x4,seed_milpsnap_grid4x4_k15.json,184,16,24,53,25.0538,0.0,0.359,OPTIMAL
grid_4x4,seed_milpsnap_grid4x4_k15.json,185,16,24,54,25.0538,4.5610554282478685e-05,0.365,OPTIMAL
grid_4x4,seed_milpsnap_grid4x4_k15.json,186,16,24,55,25.0538,4.5610554282478685e-05,0.393,OPTIMAL
grid_4x4,seed_milpsnap_grid4x4_k15.json,187,16,24,53,25.0538,0.0,0.373,OPTIMAL
grid_4x4,seed_milpsnap_grid4x4_k15.json,188,16,24,55,25.0538,0.0,0.367,OPTIMAL
grid_4x4,seed_milpsnap_grid4x4_k15.json,189,16,24,57,25.0538,0.0,0.377,OPTIMAL
grid_4x4,seed_milpsnap_grid4x4_k15.json,190,16,24,55,25.0538,0.0,0.386,OPTIMAL
grid_4x4,seed_milpsnap_grid4x4_k15.json,191,16,24,57,25.0538,0.0,0.395,OPTIMAL
grid_4x4,seed_milpsnap_grid4x4_k15.json,192,16,24,57,25.0538,0.0,0.399,OPTIMAL
grid_4x4,seed_milpsnap_grid4x4_k15.json,193,16,24,59,25.0538,6.841583142371803e-05,0.414,OPTIMAL
grid_4x4,seed_milpsnap_grid4x4_k15.json,194,16,24,62,25.0538,0.0,0.452,OPTIMAL
grid_4x4,seed_milpsnap_grid4x4_k15.json,195,16,24,60,25.0538,0.0,0.44,OPTIMAL
grid_4x4,seed_milpsnap_grid4x4_k15.json,196,16,24,61,25.0538,4.5610554282478685e-05,0.457,OPTIMAL
grid_4x4,seed_milpsnap_grid4x4_k15.json,197,16,24,61,25.0538,6.841583142371803e-05,0.42,OPTIMAL
grid_4x4,seed_milpsnap_grid4x4_k15.json,198,16,24,63,25.0538,4.5610554282478685e-05,0.431,OPTIMAL
grid_4x4,seed_milpsnap_grid4x4_k15.json,199,16,24,63,25.0538,4.5610554282478685e-05,0.436,OPTIMAL
grid_4x4,seed_milpsnap_grid4x4_k15.json,200,16,24,62,25.0538,0.0,0.456,OPTIMAL
grid_4x4,seed_milpsnap_grid4x4_k15.json,201,16,24,59,25.0538,0.0,0.413,OPTIMAL
grid_4x4,seed_milpsnap_grid4x4_k15.json,202,16,24,60,25.0538,0.0,0.433,OPTIMAL
grid_4x4,seed_milpsnap_grid4x4_k15.json,203,16,24,65,25.0538,0.0,0.458,OPTIMAL
grid_4x4,seed_milpsnap_grid4x4_k15.json,204,16,24,63,25.0538,0.0,0.412,OPTIMAL
grid_4x4,seed_milpsnap_grid4x4_k15.json,205,16,24,63,25.0538,0.0,0.431,OPTIMAL
grid_4x4,seed_milpsnap_grid4x4_k15.json,206,16,24,66,25.0538,0.0,0.453,OPTIMAL
grid_4x4,seed_milpsnap_grid4x4_k15.json,207,16,24,65,25.0538,0.0,0.437,OPTIMAL
grid_4x4,seed_milpsnap_grid4x4_k15.json,208,16,24,62,25.0538,0.0,0.42,OPTIMAL
grid_4x4,seed_milpsnap_grid4x4_k15.json,209,16,24,56,25.0538,0.0,0.397,OPTIMAL
grid_4x4,seed_milpsnap_grid4x4_k15.json,210,16,24,57,25.0538,0.0,0.374,OPTIMAL
grid_4x4,seed_milpsnap_grid4x4_k15.json,211,16,24,56,25.0538,0.0,0.395,OPTIMAL
grid_4x4,seed_milpsnap_grid4x4_k15.json,212,16,24,57,25.0538,0.0,0.396,OPTIMAL
grid_4x4,seed_milpsnap_grid4x4_k15.json,213,16,24,59,25.0538,0.0,0.398,OPTIMAL
grid_4x4,seed_milpsnap_grid4x4_k15.json,214,16,24,59,25.0538,0.0,0.412,OPTIMAL
grid_4x4,seed_milpsnap_grid4x4_k15.json,215,16,24,62,25.0538,0.0,0.414,OPTIMAL
grid_4x4,seed_milpsnap_grid4x4_k15.json,216,16,24,61,25.0538,0.0,0.441,OPTIMAL
grid_4x4,seed_milpsnap_grid4x4_k15.json,217,16,24,58,25.0538,0.0,0.415,OPTIMAL
grid_4x4,seed_milpsnap_grid4x4_k15.json,218,16,24,50,25.0538,4.561055428221943e-05,0.355,OPTIMAL
grid_4x4,seed_milpsnap_grid4x4_k15.json,219,16,24,48,25.0538,4.5610554282478685e-05,0.332,OPTIMAL
grid_4x4,seed_milpsnap_grid4x4_k15.json,220,16,24,46,25.0538,0.0,0.322,OPTIMAL
grid_4x4,seed_milpsnap_grid4x4_k15.json,221,16,24,42,25.0538,0.0,0.279,OPTIMAL
grid_4x4,seed_milpsnap_grid4x4_k15.json,222,16,24,41,25.0538,0.0,0.25,OPTIMAL
grid_4x4,seed_milpsnap_grid4x4_k15.json,223,16,24,44,25.0538,0.0,0.295,OPTIMAL
grid_4x4,seed_milpsnap_grid4x4_k15.json,224,16,24,46,25.0538,0.0,0.298,OPTIMAL
grid_4x4,seed_milpsnap_grid4x4_k15.json,225,16,24,50,25.0538,0.0,0.353,OPTIMAL
grid_4x4,seed_milpsnap_grid4x4_k15.json,226,16,24,51,25.0538,0.0,0.336,OPTIMAL
grid_4x4,seed_milpsnap_grid4x4_k15.json,227,16,24,49,25.0538,0.0,0.334,OPTIMAL
grid_4x4,seed_milpsnap_grid4x4_k15.json,228,16,24,44,25.0538,0.0,0.292,OPTIMAL
grid_4x4,seed_milpsnap_grid4x4_k15.json,229,16,24,46,25.0538,0.0,0.311,OPTIMAL
grid_4x4,seed_milpsnap_grid4x4_k15.json,230,16,24,47,25.0538,0.0,0.315,OPTIMAL
grid_4x4,seed_milpsnap_grid4x4_k15.json,231,16,24,48,25.0538,0.0,0.337,OPTIMAL
grid_4x4,seed_milpsnap_grid4x4_k15.json,232,16,24,53,25.0538,0.0,0.356,OPTIMAL
grid_4x4,seed_milpsnap_grid4x4_k15.json,233,16,24,54,25.0538,0.0,0.37,OPTIMAL
grid_4x4,seed_milpsnap_grid4x4_k15.json,234,16,24,59,25.0538,4.5610554282478685e-05,0.426,OPTIMAL
grid_4x4,seed_milpsnap_grid4x4_k15.json,235,16,24,61,25.0538,4.5610554282478685e-05,0.446,OPTIMAL
grid_4x4,seed_milpsnap_grid4x4_k15.json,236,16,24,62,25.0538,0.0,0.448,OPTIMAL
grid_4x4,seed_milpsnap_grid4x4_k15.json,237,16,24,65,25.0538,0.0,0.422,OPTIMAL
grid_4x4,seed_milpsnap_grid4x4_k15.json,238,16,24,65,25.0538,0.0,0.455,OPTIMAL
grid_4x4,seed_milpsnap_grid4x4_k15.json,239,16,24,65,25.0538,0.0,0.459,OPTIMAL
grid_4x4,seed_milpsnap_grid4x4_k15.json,240,16,24,61,25.0538,0.0,0.452,OPTIMAL
grid_4x4,seed_milpsnap_grid4x4_k15.json,241,16,24,56,25.0538,0.0,0.365,OPTIMAL
grid_4x4,seed_milpsnap_grid4x4_k15.json,242,16,24,59,25.0538,0.0,0.406,OPTIMAL
grid_4x4,seed_milpsnap_grid4x4_k15.json,243,16,24,63,25.0538,0.0,0.403,OPTIMAL
grid_4x4,seed_milpsnap_grid4x4_k15.json,244,16,24,61,25.0538,0.0,0.451,OPTIMAL
grid_4x4,seed_milpsnap_grid4x4_k15.json,245,16,24,60,25.0538,0.0,0.433,OPTIMAL
grid_4x4,seed_milpsnap_grid4x4_k15.json,246,16,24,61,25.0538,0.0,0.425,OPTIMAL
grid_4x4,seed_milpsnap_grid4x4_k15.json,247,16,24,57,25.0538,0.0,0.393,OPTIMAL
grid_4x4,seed_milpsnap_grid4x4_k15.json,248,16,24,58,25.0538,0.0,0.434,OPTIMAL
grid_4x4,seed_milpsnap_grid4x4_k15.json,249,16,24,51,25.0538,0.0,0.367,OPTIMAL
grid_4x4,seed_milpsnap_grid4x4_k15.json,250,16,24,52,25.0538,4.5610554282478685e-05,0.36,OPTIMAL
grid_4x4,seed_milpsnap_grid4x4_k15.json,251,16,24,55,25.0538,0.0,0.38,OPTIMAL
grid_4x4,seed_milpsnap_grid4x4_k15.json,252,16,24,53,25.0538,0.0,0.382,OPTIMAL
grid_4x4,seed_milpsnap_grid4x4_k15.json,253,16,24,52,25.0538,0.0,0.374,OPTIMAL
grid_4x4,seed_milpsnap_grid4x4_k15.json,254,16,24,52,25.0538,0.0,0.37,OPTIMAL
grid_4x4,seed_milpsnap_grid4x4_k15.json,255,16,24,53,25.0538,0.0,0.356,OPTIMAL
grid_4x4,seed_milpsnap_grid4x4_k15.json,256,16,24,54,25.0538,0.0,0.393,OPTIMAL
grid_4x4,seed_milpsnap_grid4x4_k15.json,257,16,24,51,25.0538,4.5610554282478685e-05,0.379,OPTIMAL
grid_4x4,seed_milpsnap_grid4x4_k15.json,258,16,24,49,25.0538,4.5610554282478685e-05,0.35,OPTIMAL
grid_4x4,seed_milpsnap_grid4x4_k15.json,259,16,24,49,25.0538,0.0,0.328,OPTIMAL
grid_4x4,seed_milpsnap_grid4x4_k15.json,260,16,24,51,25.0538,4.5610554282478685e-05,0.345,OPTIMAL
grid_4x4,seed_milpsnap_grid4x4_k15.json,261,16,24,52,25.0538,0.0,0.372,OPTIMAL
grid_4x4,seed_milpsnap_grid4x4_k15.json,262,16,24,56,25.0538,0.0,0.391,OPTIMAL
grid_4x4,seed_milpsnap_grid4x4_k15.json,263,16,24,54,25.0538,0.0,0.369,OPTIMAL
grid_4x4,seed_milpsnap_grid4x4_k15.json,264,16,24,60,25.0538,0.0,0.411,OPTIMAL
grid_4x4,seed_milpsnap_grid4x4_k15.json,265,16,24,56,25.0538,0.0,0.388,OPTIMAL
grid_4x4,seed_milpsnap_grid4x4_k15.json,266,16,24,56,25.0538,0.0,0.39,OPTIMAL
grid_4x4,seed_milpsnap_grid4x4_k15.json,267,16,24,58,25.0538,0.0,0.425,OPTIMAL
grid_4x4,seed_milpsnap_grid4x4_k15.json,268,16,24,58,25.0538,0.0,0.4,OPTIMAL
grid_4x4,seed_milpsnap_grid4x4_k15.json,269,16,24,63,25.0538,0.0,0.445,OPTIMAL
grid_4x4,seed_milpsnap_grid4x4_k15.json,270,16,24,60,25.0538,0.0,0.419,OPTIMAL
grid_4x4,seed_milpsnap_grid4x4_k15.json,271,16,24,62,25.0538,0.0,0.441,OPTIMAL
grid_4x4,seed_milpsnap_grid4x4_k15.json,272,16,24,63,25.0538,0.0,0.461,OPTIMAL
grid_4x4,seed_milpsnap_grid4x4_k15.json,273,16,24,64,25.0538,4.561055428221943e-05,0.454,OPTIMAL
grid_4x4,seed_milpsnap_grid4x4_k15.json,274,16,24,67,25.0538,4.5610554282478685e-05,0.459,OPTIMAL
grid_4x4,seed_milpsnap_grid4x4_k15.json,275,16,24,61,25.0538,0.0,0.441,OPTIMAL
grid_4x4,seed_milpsnap_grid4x4_k15.json,276,16,24,59,25.0538,0.0,0.412,OPTIMAL
grid_4x4,seed_milpsnap_grid4x4_k15.json,277,16,24,55,25.0538,0.0,0.366,OPTIMAL
grid_4x4,seed_milpsnap_grid4x4_k15.json,278,16,24,56,25.0538,0.0,0.393,OPTIMAL
grid_4x4,seed_milpsnap_grid4x4_k15.json,279,16,24,53,25.0538,0.0,0.378,OPTIMAL
grid_4x4,seed_milpsnap_grid4x4_k15.json,280,16,24,54,25.0538,0.0,0.369,OPTIMAL
grid_4x4,seed_milpsnap_grid4x4_k15.json,281,16,24,51,25.0538,4.5610554282478685e-05,0.348,OPTIMAL
grid_4x4,seed_milpsnap_grid4x4_k15.json,282,16,24,48,25.0538,4.5610554282478685e-05,0.312,OPTIMAL
grid_4x4,seed_milpsnap_grid4x4_k15.json,283,16,24,48,25.0538,4.5610554282478685e-05,0.319,OPTIMAL
grid_4x4,seed_milpsnap_grid4x4_k15.json,284,16,24,50,25.0538,0.0,0.356,OPTIMAL
grid_4x4,seed_milpsnap_grid4x4_k15.json,285,16,24,52,25.0538,0.0,0.367,OPTIMAL
grid_4x4,seed_milpsnap_grid4x4_k15.json,286,16,24,51,25.0538,0.0,0.347,OPTIMAL
grid_4x4,seed_milpsnap_grid4x4_k15.json,287,16,24,52,25.0538,0.0,0.361,OPTIMAL
grid_4x4,seed_milpsnap_grid4x4_k15.json,288,16,24,49,25.0538,0.0,0.329,OPTIMAL
grid_4x4,seed_milpsnap_grid4x4_k15.json,289,16,24,49,25.0538,0.0,0.338,OPTIMAL
grid_4x4,seed_milpsnap_grid4x4_k15.json,290,16,24,52,25.0538,0.0,0.36,OPTIMAL
grid_4x4,seed_milpsnap_grid4x4_k15.json,291,16,24,54,25.0538,0.0,0.365,OPTIMAL
grid_4x4,seed_milpsnap_grid4x4_k15.json,292,16,24,58,25.0538,0.0,0.382,OPTIMAL
grid_4x4,seed_milpsnap_grid4x4_k15.json,293,16,24,61,25.0538,0.0,0.421,OPTIMAL
grid_4x4,seed_milpsnap_grid4x4_k15.json,294,16,24,60,25.0538,0.0,0.412,OPTIMAL
grid_4x4,seed_milpsnap_grid4x4_k15.json,295,16,24,61,25.0538,0.0,0.437,OPTIMAL
grid_4x4,seed_milpsnap_grid4x4_k15.json,296,16,24,61,25.0538,0.0,0.432,OPTIMAL
grid_4x4,seed_milpsnap_grid4x4_k15.json,297,16,24,64,25.0538,0.0,0.445,OPTIMAL
grid_4x4,seed_milpsnap_grid4x4_k15.json,298,16,24,62,25.0538,0.0,0.446,OPTIMAL
grid_4x4,seed_milpsnap_grid4x4_k15.json,299,16,24,57,25.0538,0.0,0.383,OPTIMAL
grid_4x4,seed_milpsnap_grid4x4_k15.json,300,16,24,61,25.0538,0.0,0.44,OPTIMAL
grid_4x4,seed_milpsnap_grid4x4_k15.json,301,16,24,60,25.0538,4.5610554282478685e-05,0.429,OPTIMAL
grid_4x4,seed_milpsnap_grid4x4_k15.json,302,16,24,1,75.0231,0.0,0.007,OPTIMAL
grid_4x4,seed_milpsnap_grid4x4_k15.json,303,16,24,4,56.2846,0.0,0.018,OPTIMAL
grid_4x4,seed_milpsnap_grid4x4_k15.json,304,16,24,6,43.7923,0.0,0.027,OPTIMAL
grid_4x4,seed_milpsnap_grid4x4_k15.json,305,16,24,11,31.3,0.0,0.046,OPTIMAL
grid_4x4,seed_milpsnap_grid4x4_k15.json,306,16,24,15,25.0538,0.0,0.095,OPTIMAL
grid_4x4,seed_milpsnap_grid4x4_k15.json,307,16,24,18,25.0538,0.0,0.112,OPTIMAL
grid_4x4,seed_milpsnap_grid4x4_k15.json,308,16,24,23,25.0538,0.0,0.124,OPTIMAL
grid_4x4,seed_milpsnap_grid4x4_k15.json,309,16,24,27,25.0538,0.0,0.192,OPTIMAL
grid_4x4,seed_milpsnap_grid4x4_k15.json,310,16,24,29,25.0538,0.0,0.178,OPTIMAL
grid_4x4,seed_milpsnap_grid4x4_k15.json,311,16,24,31,25.0538,0.0,0.2,OPTIMAL
grid_4x4,seed_milpsnap_grid4x4_k15.json,312,16,24,32,25.0538,0.0,0.2,OPTIMAL
grid_4x4,seed_milpsnap_grid4x4_k15.json,313,16,24,33,25.0538,0.0,0.196,OPTIMAL
grid_4x4,seed_milpsnap_grid4x4_k15.json,314,16,24,38,25.0538,0.0,0.247,OPTIMAL
grid_4x4,seed_milpsnap_grid4x4_k15.json,315,16,24,39,25.0538,0.0,0.247,OPTIMAL
grid_4x4,seed_milpsnap_grid4x4_k15.json,316,16,24,44,25.0538,0.0,0.296,OPTIMAL
grid_4x4,seed_milpsnap_grid4x4_k15.json,317,16,24,45,25.0538,0.0,0.299,OPTIMAL
grid_4x4,seed_milpsnap_grid4x4_k15.json,318,16,24,47,25.0538,0.0,0.329,OPTIMAL
grid_4x4,seed_milpsnap_grid4x4_k15.json,319,16,24,51,25.0538,4.5610554282478685e-05,0.36,OPTIMAL
grid_4x4,seed_milpsnap_grid4x4_k15.json,320,16,24,49,25.0538,4.5610554282478685e-05,0.336,OPTIMAL
grid_4x4,seed_milpsnap_grid4x4_k15.json,321,16,24,49,25.0538,4.5610554282478685e-05,0.326,OPTIMAL
grid_4x4,seed_milpsnap_grid4x4_k15.json,322,16,24,51,25.0538,4.561055428221943e-05,0.331,OPTIMAL
grid_4x4,seed_milpsnap_grid4x4_k15.json,323,16,24,50,25.0538,0.0,0.363,OPTIMAL
grid_4x4,seed_milpsnap_grid4x4_k15.json,324,16,24,52,25.0538,4.561055428221943e-05,0.365,OPTIMAL
grid_4x4,seed_milpsnap_grid4x4_k15.json,325,16,24,53,25.0538,0.0,0.376,OPTIMAL
grid_4x4,seed_milpsnap_grid4x4_k15.json,326,16,24,52,25.0538,0.0,0.354,OPTIMAL
grid_4x4,seed_milpsnap_grid4x4_k15.json,327,16,24,53,25.0538,0.0,0.361,OPTIMAL
grid_4x4,seed_milpsnap_grid4x4_k15.json,328,16,24,56,25.0538,0.0,0.382,OPTIMAL
grid_4x4,seed_milpsnap_grid4x4_k15.json,329,16,24,54,25.0538,0.0,0.373,OPTIMAL
grid_4x4,seed_milpsnap_grid4x4_k15.json,330,16,24,59,25.0538,0.0,0.42,OPTIMAL
grid_4x4,seed_milpsnap_grid4x4_k15.json,331,16,24,57,25.0538,0.0,0.397,OPTIMAL
grid_4x4,seed_milpsnap_grid4x4_k15.json,332,16,24,59,25.0538,0.0,0.415,OPTIMAL
grid_4x4,seed_milpsnap_grid4x4_k15.json,333,16,24,60,25.0538,0.0,0.411,OPTIMAL
grid_4x4,seed_milpsnap_grid4x4_k15.json,334,16,24,60,25.0538,0.0,0.44,OPTIMAL
grid_4x4,seed_milpsnap_grid4x4_k15.json,335,16,24,59,25.0538,0.0,0.424,OPTIMAL
grid_4x4,seed_milpsnap_grid4x4_k15.json,336,16,24,57,25.0538,0.0,0.41,OPTIMAL
grid_4x4,seed_milpsnap_grid4x4_k15.json,337,16,24,57,25.0538,0.0,0.385,OPTIMAL
grid_4x4,seed_milpsnap_grid4x4_k15.json,338,16,24,56,25.0538,0.0,0.395,OPTIMAL
grid_4x4,seed_milpsnap_grid4x4_k15.json,339,16,24,52,25.0538,4.5610554282478685e-05,0.375,OPTIMAL
grid_4x4,seed_milpsnap_grid4x4_k15.json,340,16,24,53,25.0538,0.0,0.372,OPTIMAL
grid_4x4,seed_milpsnap_grid4x4_k15.json,341,16,24,52,25.0538,0.0,0.368,OPTIMAL
grid_4x4,seed_milpsnap_grid4x4_k15.json,342,16,24,52,25.0538,0.0,0.381,OPTIMAL
grid_4x4,seed_milpsnap_grid4x4_k15.json,343,16,24,57,25.0538,0.0,0.407,OPTIMAL
grid_4x4,seed_milpsnap_grid4x4_k15.json,344,16,24,60,25.0538,0.0,0.403,OPTIMAL
grid_4x4,seed_milpsnap_grid4x4_k15.json,345,16,24,57,25.0538,4.5610554282478685e-05,0.398,OPTIMAL
grid_4x4,seed_milpsnap_grid4x4_k15.json,346,16,24,57,25.0538,0.0,0.399,OPTIMAL
grid_4x4,seed_milpsnap_grid4x4_k15.json,347,16,24,57,25.0538,0.0,0.373,OPTIMAL
grid_4x4,seed_milpsnap_grid4x4_k15.json,348,16,24,54,25.0538,0.0,0.359,OPTIMAL
grid_4x4,seed_milpsnap_grid4x4_k15.json,349,16,24,52,25.0538,4.5610554282478685e-05,0.349,OPTIMAL
grid_4x4,seed_milpsnap_grid4x4_k15.json,350,16,24,52,25.0538,0.0,0.361,OPTIMAL
grid_4x4,seed_milpsnap_grid4x4_k15.json,351,16,24,58,25.0538,0.0,0.407,OPTIMAL
grid_4x4,seed_milpsnap_grid4x4_k15.json,352,16,24,56,25.0538,0.0,0.399,OPTIMAL
grid_4x4,seed_milpsnap_grid4x4_k15.json,353,16,24,55,25.0538,4.561055428221943e-05,0.385,OPTIMAL
grid_4x4,seed_milpsnap_grid4x4_k15.json,354,16,24,58,25.0538,0.0,0.437,OPTIMAL
grid_4x4,seed_milpsnap_grid4x4_k15.json,355,16,24,56,25.0538,4.5610554282478685e-05,0.39,OPTIMAL
grid_4x4,seed_milpsnap_grid4x4_k15.json,356,16,24,58,25.0538,0.0,0.418,OPTIMAL
grid_4x4,seed_milpsnap_grid4x4_k15.json,357,16,24,59,25.0538,0.0,0.422,OPTIMAL
grid_4x4,seed_milpsnap_grid4x4_k15.json,358,16,24,54,25.0538,0.0,0.373,OPTIMAL
grid_4x4,seed_milpsnap_grid4x4_k15.json,359,16,24,51,25.0538,0.0,0.361,OPTIMAL
grid_4x4,seed_milpsnap_grid4x4_k15.json,360,16,24,52,25.0538,0.0,0.367,OPTIMAL
grid_4x4,seed_milpsnap_grid4x4_k15.json,361,16,24,52,25.0538,0.0,0.385,OPTIMAL
grid_4x4,seed_milpsnap_grid4x4_k15.json,362,16,24,48,25.0538,0.0,0.327,OPTIMAL
grid_4x4,seed_milpsnap_grid4x4_k15.json,363,16,24,51,25.0538,0.0,0.351,OPTIMAL
grid_4x4,seed_milpsnap_grid4x4_k15.json,364,16,24,50,25.0538,0.0,0.334,OPTIMAL
grid_4x4,seed_milpsnap_grid4x4_k15.json,365,16,24,52,25.0538,0.0,0.37,OPTIMAL
grid_4x4,seed_milpsnap_grid4x4_k15.json,366,16,24,47,25.0538,0.0,0.336,OPTIMAL
grid_4x4,seed_milpsnap_grid4x4_k15.json,367,16,24,47,25.0538,0.0,0.29,OPTIMAL
grid_4x4,seed_milpsnap_grid4x4_k15.json,368,16,24,48,25.0538,0.0,0.319,OPTIMAL
grid_4x4,seed_milpsnap_grid4x4_k15.json,369,16,24,47,25.0538,0.0,0.285,OPTIMAL
grid_4x4,seed_milpsnap_grid4x4_k15.json,370,16,24,48,25.0538,0.0,0.305,OPTIMAL
grid_4x4,seed_milpsnap_grid4x4_k15.json,371,16,24,46,25.0538,0.0,0.34,OPTIMAL
grid_4x4,seed_milpsnap_grid4x4_k15.json,372,16,24,48,25.0538,0.0,0.328,OPTIMAL
grid_4x4,seed_milpsnap_grid4x4_k15.json,373,16,24,45,25.0538,0.0,0.308,OPTIMAL
grid_4x4,seed_milpsnap_grid4x4_k15.json,374,16,24,44,25.0538,0.0,0.284,OPTIMAL
grid_4x4,seed_milpsnap_grid4x4_k15.json,375,16,24,46,25.0538,0.0,0.298,OPTIMAL
grid_4x4,seed_milpsnap_grid4x4_k15.json,376,16,24,43,25.0538,0.0,0.282,OPTIMAL
grid_4x4,seed_milpsnap_grid4x4_k15.json,377,16,24,51,25.0538,0.0,0.355,OPTIMAL
grid_4x4,seed_milpsnap_grid4x4_k15.json,378,16,24,51,25.0538,0.0,0.35,OPTIMAL
grid_4x4,seed_milpsnap_grid4x4_k15.json,379,16,24,52,25.0538,0.0,0.362,OPTIMAL
grid_4x4,seed_milpsnap_grid4x4_k15.json,380,16,24,50,25.0538,0.0,0.354,OPTIMAL
grid_4x4,seed_milpsnap_grid4x4_k15.json,381,16,24,51,25.0538,0.0,0.362,OPTIMAL
grid_4x4,seed_milpsnap_grid4x4_k15.json,382,16,24,50,25.0538,0.0,0.336,OPTIMAL
grid_4x4,seed_milpsnap_grid4x4_k15.json,383,16,24,51,25.0538,0.0,0.357,OPTIMAL
grid_4x4,seed_milpsnap_grid4x4_k15.json,384,16,24,52,25.0538,0.0,0.365,OPTIMAL
grid_4x4,seed_milpsnap_grid4x4_k15.json,385,16,24,53,25.0538,0.0,0.378,OPTIMAL
grid_4x4,seed_milpsnap_grid4x4_k15.json,386,16,24,56,25.0538,0.0,0.4,OPTIMAL
grid_4x4,seed_milpsnap_grid4x4_k15.json,387,16,24,54,25.0538,4.5610554282478685e-05,0.388,OPTIMAL
grid_4x4,seed_milpsnap_grid4x4_k15.json,388,16,24,56,25.0538,0.0,0.403,OPTIMAL
grid_4x4,seed_milpsnap_grid4x4_k15.json,389,16,24,58,25.0538,0.0,0.406,OPTIMAL
grid_4x4,seed_milpsnap_grid4x4_k15.json,390,16,24,55,25.0538,0.0,0.385,OPTIMAL
grid_4x4,seed_milpsnap_grid4x4_k15.json,391,16,24,57,25.0538,4.5610554282478685e-05,0.413,OPTIMAL
grid_4x4,seed_milpsnap_grid4x4_k15.json,392,16,24,52,25.0538,0.0,0.374,OPTIMAL
grid_4x4,seed_milpsnap_grid4x4_k15.json,393,16,24,51,25.0538,0.0,0.352,OPTIMAL
grid_4x4,seed_milpsnap_grid4x4_k15.json,394,16,24,51,25.0538,0.0,0.344,OPTIMAL
grid_4x4,seed_milpsnap_grid4x4_k15.json,395,16,24,53,25.0538,0.0,0.373,OPTIMAL
grid_4x4,seed_milpsnap_grid4x4_k15.json,396,16,24,56,25.0538,0.0,0.374,OPTIMAL
grid_4x4,seed_milpsnap_grid4x4_k15.json,397,16,24,56,25.0538,0.0,0.391,OPTIMAL
grid_4x4,seed_milpsnap_grid4x4_k15.json,398,16,24,58,25.0538,0.0,0.414,OPTIMAL
grid_4x4,seed_milpsnap_grid4x4_k15.json,399,16,24,54,25.0538,0.0,0.368,OPTIMAL
grid_4x4,seed_milpsnap_grid4x4_k15.json,400,16,24,52,25.0538,0.0,0.363,OPTIMAL
grid_4x4,seed_milpsnap_grid4x4_k15.json,401,16,24,53,25.0538,0.0,0.38,OPTIMAL
grid_4x4,seed_milpsnap_grid4x4_k15.json,402,16,24,52,25.0538,4.5610554282478685e-05,0.356,OPTIMAL
grid_4x4,seed_milpsnap_grid4x4_k15.json,403,16,24,53,25.0538,0.0,0.372,OPTIMAL
grid_4x4,seed_milpsnap_grid4x4_k15.json,404,16,24,53,25.0538,0.0,0.358,OPTIMAL
grid_4x4,seed_milpsnap_grid4x4_k15.json,405,16,24,57,25.0538,0.0,0.383,OPTIMAL
grid_4x4,seed_milpsnap_grid4x4_k15.json,406,16,24,59,25.0538,0.0,0.428,OPTIMAL
grid_4x4,seed_milpsnap_grid4x4_k15.json,407,16,24,57,25.0538,0.0,0.404,OPTIMAL
grid_4x4,seed_milpsnap_grid4x4_k15.json,408,16,24,57,25.0538,0.0,0.392,OPTIMAL
grid_4x4,seed_milpsnap_grid4x4_k15.json,409,16,24,59,25.0538,0.0,0.419,OPTIMAL
grid_4x4,seed_milpsnap_grid4x4_k15.json,410,16,24,59,25.0538,0.0,0.431,OPTIMAL
grid_4x4,seed_milpsnap_grid4x4_k15.json,411,16,24,58,25.0538,0.0,0.4,OPTIMAL
grid_4x4,seed_milpsnap_grid4x4_k15.json,412,16,24,61,25.0538,0.0,0.407,OPTIMAL
grid_4x4,seed_milpsnap_grid4x4_k15.json,413,16,24,60,25.0538,0.0,0.442,OPTIMAL
grid_4x4,seed_milpsnap_grid4x4_k15.json,414,16,24,64,25.0538,0.0,0.43,OPTIMAL
grid_4x4,seed_milpsnap_grid4x4_k15.json,415,16,24,66,25.0538,4.5610554282478685e-05,0.463,OPTIMAL
grid_4x4,seed_milpsnap_grid4x4_k15.json,416,16,24,65,25.0538,0.0,0.492,OPTIMAL
grid_4x4,seed_milpsnap_grid4x4_k15.json,417,16,24,70,25.0538,0.0,0.535,OPTIMAL
grid_4x4,seed_milpsnap_grid4x4_k15.json,418,16,24,73,25.0538,0.0,0.587,OPTIMAL
grid_4x4,seed_milpsnap_grid4x4_k15.json,419,16,24,73,25.0538,0.0,0.574,OPTIMAL
grid_4x4,seed_milpsnap_grid4x4_k15.json,420,16,24,68,25.0538,0.0,0.521,OPTIMAL
grid_4x4,seed_milpsnap_grid4x4_k15.json,421,16,24,68,25.0538,0.0,0.53,OPTIMAL
grid_4x4,seed_milpsnap_grid4x4_k15.json,422,16,24,66,25.0538,0.0,0.48,OPTIMAL
grid_4x4,seed_milpsnap_grid4x4_k15.json,423,16,24,66,25.0538,0.0,0.46,OPTIMAL
grid_4x4,seed_milpsnap_grid4x4_k15.json,424,16,24,63,25.0538,0.0,0.433,OPTIMAL
grid_4x4,seed_milpsnap_grid4x4_k15.json,425,16,24,66,25.0538,0.0,0.449,OPTIMAL
grid_4x4,seed_milpsnap_grid4x4_k15.json,426,16,24,64,25.0538,0.0,0.443,OPTIMAL
grid_4x4,seed_milpsnap_grid4x4_k15.json,427,16,24,64,25.0538,0.0,0.44,OPTIMAL
grid_4x4,seed_milpsnap_grid4x4_k15.json,428,16,24,63,25.0538,0.0,0.431,OPTIMAL
grid_4x4,seed_milpsnap_grid4x4_k15.json,429,16,24,62,25.0538,0.0,0.444,OPTIMAL
grid_4x4,seed_milpsnap_grid4x4_k15.json,430,16,24,62,25.0538,4.5610554282478685e-05,0.449,OPTIMAL
grid_4x4,seed_milpsnap_grid4x4_k15.json,431,16,24,62,25.0538,0.0,0.456,OPTIMAL
grid_4x4,seed_milpsnap_grid4x4_k15.json,432,16,24,56,25.0538,0.0,0.389,OPTIMAL
grid_4x4,seed_milpsnap_grid4x4_k15.json,433,16,24,55,25.0538,0.0,0.383,OPTIMAL
grid_4x4,seed_milpsnap_grid4x4_k15.json,434,16,24,57,25.0538,0.0,0.391,OPTIMAL
grid_4x4,seed_milpsnap_grid4x4_k15.json,435,16,24,59,25.0538,0.0,0.386,OPTIMAL
grid_4x4,seed_milpsnap_grid4x4_k15.json,436,16,24,56,25.0538,0.0,0.39,OPTIMAL
grid_4x4,seed_milpsnap_grid4x4_k15.json,437,16,24,60,25.0538,0.0,0.435,OPTIMAL
grid_4x4,seed_milpsnap_grid4x4_k15.json,438,16,24,61,25.0538,0.0,0.448,OPTIMAL
grid_4x4,seed_milpsnap_grid4x4_k15.json,439,16,24,60,25.0538,4.5610554282478685e-05,0.434,OPTIMAL
grid_4x4,seed_milpsnap_grid4x4_k15.json,440,16,24,59,25.0538,0.0,0.411,OPTIMAL
grid_4x4,seed_milpsnap_grid4x4_k15.json,441,16,24,60,25.0538,4.5610554282478685e-05,0.413,OPTIMAL
grid_4x4,seed_milpsnap_grid4x4_k15.json,442,16,24,62,25.0538,0.0,0.444,OPTIMAL
grid_4x4,seed_milpsnap_grid4x4_k15.json,443,16,24,62,25.0538,4.5610554282478685e-05,0.435,OPTIMAL
grid_4x4,seed_milpsnap_grid4x4_k15.json,444,16,24,60,25.0538,0.0,0.419,OPTIMAL
grid_4x4,seed_milpsnap_grid4x4_k15.json,445,16,24,62,25.0538,0.0,0.429,OPTIMAL
grid_4x4,seed_milpsnap_grid4x4_k15.json,446,16,24,61,25.0538,0.0,0.377,OPTIMAL
grid_4x4,seed_milpsnap_grid4x4_k15.json,447,16,24,65,25.0538,0.0,0.441,OPTIMAL
grid_4x4,seed_milpsnap_grid4x4_k15.json,448,16,24,61,25.0538,0.0,0.41,OPTIMAL
grid_4x4,seed_milpsnap_grid4x4_k15.json,449,16,24,61,25.0538,0.0,0.425,OPTIMAL
grid_4x4,seed_milpsnap_grid4x4_k15.json,450,16,24,60,25.0538,0.0,0.385,OPTIMAL
grid_4x4,seed_milpsnap_grid4x4_k15.json,451,16,24,62,25.0538,0.0,0.442,OPTIMAL
grid_4x4,seed_milpsnap_grid4x4_k15.json,452,16,24,1,87.5154,0.0,0.005,OPTIMAL
grid_4x4,seed_milpsnap_grid4x4_k15.json,453,16,24,5,37.5461,0.0,0.023,OPTIMAL
grid_4x4,seed_milpsnap_grid4x4_k15.json,454,16,24,7,37.5461,0.0,0.03,OPTIMAL
grid_4x4,seed_milpsnap_grid4x4_k15.json,455,16,24,14,31.3,0.0,0.08,OPTIMAL
grid_4x4,seed_milpsnap_grid4x4_k15.json,456,16,24,17,31.3,0.0,0.072,OPTIMAL
grid_4x4,seed_milpsnap_grid4x4_k15.json,457,16,24,19,31.3,0.0,0.08,OPTIMAL
grid_4x4,seed_milpsnap_grid4x4_k15.json,458,16,24,25,25.0538,0.0,0.162,OPTIMAL
grid_4x4,seed_milpsnap_grid4x4_k15.json,459,16,24,29,25.0538,0.0,0.166,OPTIMAL
grid_4x4,seed_milpsnap_grid4x4_k15.json,460,16,24,32,25.0538,0.0,0.218,OPTIMAL
grid_4x4,seed_milpsnap_grid4x4_k15.json,461,16,24,34,25.0538,0.0,0.218,OPTIMAL
grid_4x4,seed_milpsnap_grid4x4_k15.json,462,16,24,36,25.0538,0.0,0.226,OPTIMAL
grid_4x4,seed_milpsnap_grid4x4_k15.json,463,16,24,37,25.0538,0.0,0.245,OPTIMAL
grid_4x4,seed_milpsnap_grid4x4_k15.json,464,16,24,41,25.0538,0.0,0.278,OPTIMAL
grid_4x4,seed_milpsnap_grid4x4_k15.json,465,16,24,43,25.0538,0.0,0.289,OPTIMAL
grid_4x4,seed_milpsnap_grid4x4_k15.json,466,16,24,45,25.0538,0.0,0.324,OPTIMAL
grid_4x4,seed_milpsnap_grid4x4_k15.json,467,16,24,47,25.0538,0.0,0.336,OPTIMAL
grid_4x4,seed_milpsnap_grid4x4_k15.json,468,16,24,46,25.0538,0.0,0.295,OPTIMAL
grid_4x4,seed_milpsnap_grid4x4_k15.json,469,16,24,44,25.0538,0.0,0.286,OPTIMAL
grid_4x4,seed_milpsnap_grid4x4_k15.json,470,16,24,43,25.0538,4.5610554282478685e-05,0.307,OPTIMAL
grid_4x4,seed_milpsnap_grid4x4_k15.json,471,16,24,43,25.0538,0.0,0.279,OPTIMAL
grid_4x4,seed_milpsnap_grid4x4_k15.json,472,16,24,42,25.0538,0.0,0.263,OPTIMAL
grid_4x4,seed_milpsnap_grid4x4_k15.json,473,16,24,39,25.0538,0.0,0.257,OPTIMAL
grid_4x4,seed_milpsnap_grid4x4_k15.json,474,16,24,42,25.0538,0.0,0.274,OPTIMAL
grid_4x4,seed_milpsnap_grid4x4_k15.json,475,16,24,45,25.0538,0.0,0.317,OPTIMAL
grid_4x4,seed_milpsnap_grid4x4_k15.json,476,16,24,47,25.0538,0.0,0.327,OPTIMAL
grid_4x4,seed_milpsnap_grid4x4_k15.json,477,16,24,48,25.0538,0.0,0.32,OPTIMAL
grid_4x4,seed_milpsnap_grid4x4_k15.json,478,16,24,48,25.0538,0.0,0.32,OPTIMAL
grid_4x4,seed_milpsnap_grid4x4_k15.json,479,16,24,45,25.0538,4.5610554282478685e-05,0.314,OPTIMAL
grid_4x4,seed_milpsnap_grid4x4_k15.json,480,16,24,50,25.0538,4.5610554282478685e-05,0.349,OPTIMAL
grid_4x4,seed_milpsnap_grid4x4_k15.json,481,16,24,54,25.0538,0.0,0.357,OPTIMAL
grid_4x4,seed_milpsnap_grid4x4_k15.json,482,16,24,55,25.0538,0.0,0.372,OPTIMAL
grid_4x4,seed_milpsnap_grid4x4_k15.json,483,16,24,59,25.0538,0.0,0.397,OPTIMAL
grid_4x4,seed_milpsnap_grid4x4_k15.json,484,16,24,63,25.0538,0.0,0.44,OPTIMAL
grid_4x4,seed_milpsnap_grid4x4_k15.json,485,16,24,60,25.0538,0.0,0.424,OPTIMAL
grid_4x4,seed_milpsnap_grid4x4_k15.json,486,16,24,59,25.0538,0.0,0.434,OPTIMAL
grid_4x4,seed_milpsnap_grid4x4_k15.json,487,16,24,64,25.0538,0.0,0.431,OPTIMAL
grid_4x4,seed_milpsnap_grid4x4_k15.json,488,16,24,64,25.0538,0.0,0.446,OPTIMAL
grid_4x4,seed_milpsnap_grid4x4_k15.json,489,16,24,61,25.0538,0.0,0.443,OPTIMAL
grid_4x4,seed_milpsnap_grid4x4_k15.json,490,16,24,60,25.0538,4.5610554282478685e-05,0.415,OPTIMAL
grid_4x4,seed_milpsnap_grid4x4_k15.json,491,16,24,59,25.0538,0.0,0.396,OPTIMAL
grid_4x4,seed_milpsnap_grid4x4_k15.json,492,16,24,60,25.0538,0.0,0.434,OPTIMAL
grid_4x4,seed_milpsnap_grid4x4_k15.json,493,16,24,64,25.0538,0.0,0.422,OPTIMAL
grid_4x4,seed_milpsnap_grid4x4_k15.json,494,16,24,68,25.0538,0.0,0.501,OPTIMAL
grid_4x4,seed_milpsnap_grid4x4_k15.json,495,16,24,64,25.0538,0.0,0.449,OPTIMAL
grid_4x4,seed_milpsnap_grid4x4_k15.json,496,16,24,63,25.0538,0.0,0.437,OPTIMAL
grid_4x4,seed_milpsnap_grid4x4_k15.json,497,16,24,61,25.0538,0.0,0.441,OPTIMAL
grid_4x4,seed_milpsnap_grid4x4_k15.json,498,16,24,59,25.0538,0.0,0.422,OPTIMAL
grid_4x4,seed_milpsnap_grid4x4_k15.json,499,16,24,58,25.0538,4.5610554282478685e-05,0.41,OPTIMAL
grid_4x4,seed_milpsnap_grid4x4_k15.json,500,16,24,59,25.0538,0.0,0.384,OPTIMAL
grid_4x4,seed_milpsnap_grid4x4_k15.json,501,16,24,59,25.0538,0.0,0.423,OPTIMAL
grid_4x4,seed_milpsnap_grid4x4_k15.json,502,16,24,55,25.0538,0.0,0.384,OPTIMAL
grid_4x4,seed_milpsnap_grid4x4_k15.json,503,16,24,56,25.0538,0.0,0.395,OPTIMAL
grid_4x4,seed_milpsnap_grid4x4_k15.json,504,16,24,55,25.0538,0.0,0.389,OPTIMAL
grid_4x4,seed_milpsnap_grid4x4_k15.json,505,16,24,51,25.0538,0.0,0.353,OPTIMAL
grid_4x4,seed_milpsnap_grid4x4_k15.json,506,16,24,52,25.0538,0.0,0.378,OPTIMAL
grid_4x4,seed_milpsnap_grid4x4_k15.json,507,16,24,51,25.0538,0.0,0.36,OPTIMAL
grid_4x4,seed_milpsnap_grid4x4_k15.json,508,16,24,49,25.0538,0.0,0.334,OPTIMAL
grid_4x4,seed_milpsnap_grid4x4_k15.json,509,16,24,45,25.0538,0.0,0.278,OPTIMAL
grid_4x4,seed_milpsnap_grid4x4_k15.json,510,16,24,45,25.0538,0.0,0.31,OPTIMAL
grid_4x4,seed_milpsnap_grid4x4_k15.json,511,16,24,44,25.0538,0.0,0.281,OPTIMAL
grid_4x4,seed_milpsnap_grid4x4_k15.json,512,16,24,48,25.0538,0.0,0.326,OPTIMAL
grid_4x4,seed_milpsnap_grid4x4_k15.json,513,16,24,46,25.0538,0.0,0.303,OPTIMAL
grid_4x4,seed_milpsnap_grid4x4_k15.json,514,16,24,45,25.0538,0.0,0.309,OPTIMAL
grid_4x4,seed_milpsnap_grid4x4_k15.json,515,16,24,45,25.0538,0.0,0.309,OPTIMAL
grid_4x4,seed_milpsnap_grid4x4_k15.json,516,16,24,45,25.0538,0.0,0.319,OPTIMAL
grid_4x4,seed_milpsnap_grid4x4_k15.json,517,16,24,48,25.0538,0.0,0.31,OPTIMAL
grid_4x4,seed_milpsnap_grid4x4_k15.json,518,16,24,49,25.0538,0.0,0.344,OPTIMAL
grid_4x4,seed_milpsnap_grid4x4_k15.json,519,16,24,51,25.0538,0.0,0.343,OPTIMAL
grid_4x4,seed_milpsnap_grid4x4_k15.json,520,16,24,55,25.0538,0.0,0.399,OPTIMAL
grid_4x4,seed_milpsnap_grid4x4_k15.json,521,16,24,58,25.0538,0.0,0.424,OPTIMAL
grid_4x4,seed_milpsnap_grid4x4_k15.json,522,16,24,58,25.0538,0.0,0.419,OPTIMAL
grid_4x4,seed_milpsnap_grid4x4_k15.json,523,16,24,56,25.0538,0.0,0.399,OPTIMAL
grid_4x4,seed_milpsnap_grid4x4_k15.json,524,16,24,58,25.0538,0.0,0.421,OPTIMAL
grid_4x4,seed_milpsnap_grid4x4_k15.json,525,16,24,62,25.0538,0.0,0.443,OPTIMAL
grid_4x4,seed_milpsnap_grid4x4_k15.json,526,16,24,66,25.0538,4.5610554282478685e-05,0.463,OPTIMAL
grid_4x4,seed_milpsnap_grid4x4_k15.json,527,16,24,61,25.0538,0.0,0.445,OPTIMAL
grid_4x4,seed_milpsnap_grid4x4_k15.json,528,16,24,64,25.0538,0.0,0.428,OPTIMAL
grid_4x4,seed_milpsnap_grid4x4_k15.json,529,16,24,69,25.0538,0.0,0.558,OPTIMAL
grid_4x4,seed_milpsnap_grid4x4_k15.json,530,16,24,71,25.0538,0.0,0.558,OPTIMAL
grid_4x4,seed_milpsnap_grid4x4_k15.json,531,16,24,73,25.0538,0.0,0.577,OPTIMAL
grid_4x4,seed_milpsnap_grid4x4_k15.json,532,16,24,70,25.0538,0.0,0.559,OPTIMAL
grid_4x4,seed_milpsnap_grid4x4_k15.json,533,16,24,70,25.0538,4.5610554282478685e-05,0.55,OPTIMAL
grid_4x4,seed_milpsnap_grid4x4_k15.json,534,16,24,66,25.0538,0.0,0.466,OPTIMAL
grid_4x4,seed_milpsnap_grid4x4_k15.json,535,16,24,63,25.0538,0.0,0.444,OPTIMAL
grid_4x4,seed_milpsnap_grid4x4_k15.json,536,16,24,64,25.0538,0.0,0.411,OPTIMAL
grid_4x4,seed_milpsnap_grid4x4_k15.json,537,16,24,65,25.0538,0.0,0.425,OPTIMAL
grid_4x4,seed_milpsnap_grid4x4_k15.json,538,16,24,69,25.0538,0.0,0.55,OPTIMAL
grid_4x4,seed_milpsnap_grid4x4_k15.json,539,16,24,67,25.0538,0.0,0.45,OPTIMAL
grid_4x4,seed_milpsnap_grid4x4_k15.json,540,16,24,61,25.0538,0.0,0.468,OPTIMAL
grid_4x4,seed_milpsnap_grid4x4_k15.json,541,16,24,57,25.0538,0.0,0.407,OPTIMAL
grid_4x4,seed_milpsnap_grid4x4_k15.json,542,16,24,60,25.0538,0.0,0.432,OPTIMAL
grid_4x4,seed_milpsnap_grid4x4_k15.json,543,16,24,60,25.0538,0.0,0.444,OPTIMAL
grid_4x4,seed_milpsnap_grid4x4_k15.json,544,16,24,56,25.0538,4.5610554282478685e-05,0.388,OPTIMAL
grid_4x4,seed_milpsnap_grid4x4_k15.json,545,16,24,52,25.0538,0.0,0.373,OPTIMAL
grid_4x4,seed_milpsnap_grid4x4_k15.json,546,16,24,52,25.0538,0.0,0.378,OPTIMAL
grid_4x4,seed_milpsnap_grid4x4_k15.json,547,16,24,55,25.0538,0.0,0.347,OPTIMAL
grid_4x4,seed_milpsnap_grid4x4_k15.json,548,16,24,56,25.0538,4.5610554282478685e-05,0.387,OPTIMAL
grid_4x4,seed_milpsnap_grid4x4_k15.json,549,16,24,58,25.0538,0.0,0.411,OPTIMAL
grid_4x4,seed_milpsnap_grid4x4_k15.json,550,16,24,61,25.0538,0.0,0.441,OPTIMAL
grid_4x4,seed_milpsnap_grid4x4_k15.json,551,16,24,57,25.0538,0.0,0.395,OPTIMAL
grid_4x4,seed_milpsnap_grid4x4_k15.json,552,16,24,58,25.0538,0.0,0.404,OPTIMAL
grid_4x4,seed_milpsnap_grid4x4_k15.json,553,16,24,59,25.0538,0.0,0.413,OPTIMAL
grid_4x4,seed_milpsnap_grid4x4_k15.json,554,16,24,61,25.0538,0.0,0.436,OPTIMAL
grid_4x4,seed_milpsnap_grid4x4_k15.json,555,16,24,64,25.0538,0.0,0.451,OPTIMAL
grid_4x4,seed_milpsnap_grid4x4_k15.json,556,16,24,66,25.0538,0.0,0.478,OPTIMAL
grid_4x4,seed_milpsnap_grid4x4_k15.json,557,16,24,67,25.0538,4.5610554282478685e-05,0.525,OPTIMAL
grid_4x4,seed_milpsnap_grid4x4_k15.json,558,16,24,66,25.0538,0.0,0.443,OPTIMAL
grid_4x4,seed_milpsnap_grid4x4_k15.json,559,16,24,66,25.0538,0.0,0.464,OPTIMAL
grid_4x4,seed_milpsnap_grid4x4_k15.json,560,16,24,67,25.0538,0.0,0.446,OPTIMAL
grid_4x4,seed_milpsnap_grid4x4_k15.json,561,16,24,68,25.0538,0.0,0.541,OPTIMAL
grid_4x4,seed_milpsnap_grid4x4_k15.json,562,16,24,68,25.0538,0.0,0.504,OPTIMAL
grid_4x4,seed_milpsnap_grid4x4_k15.json,563,16,24,69,25.0538,0.0,0.544,OPTIMAL
grid_4x4,seed_milpsnap_grid4x4_k15.json,564,16,24,69,25.0538,4.5610554282478685e-05,0.553,OPTIMAL
grid_4x4,seed_milpsnap_grid4x4_k15.json,565,16,24,66,25.0538,4.5610554282478685e-05,0.453,OPTIMAL
grid_4x4,seed_milpsnap_grid4x4_k15.json,566,16,24,65,25.0538,0.0,0.448,OPTIMAL
grid_4x4,seed_milpsnap_grid4x4_k15.json,567,16,24,65,25.0538,0.0,0.448,OPTIMAL
grid_4x4,seed_milpsnap_grid4x4_k15.json,568,16,24,60,25.0538,0.0,0.431,OPTIMAL
grid_4x4,seed_milpsnap_grid4x4_k15.json,569,16,24,59,25.0538,4.5610554282478685e-05,0.435,OPTIMAL
grid_4x4,seed_milpsnap_grid4x4_k15.json,570,16,24,62,25.0538,0.0,0.431,OPTIMAL
grid_4x4,seed_milpsnap_grid4x4_k15.json,571,16,24,57,25.0538,0.0,0.405,OPTIMAL
grid_4x4,seed_milpsnap_grid4x4_k15.json,572,16,24,59,25.0538,0.0,0.434,OPTIMAL
grid_4x4,seed_milpsnap_grid4x4_k15.json,573,16,24,61,25.0538,4.5610554282478685e-05,0.441,OPTIMAL
grid_4x4,seed_milpsnap_grid4x4_k15.json,574,16,24,64,25.0538,0.0,0.44,OPTIMAL
grid_4x4,seed_milpsnap_grid4x4_k15.json,575,16,24,63,25.0538,0.0,0.455,OPTIMAL
grid_4x4,seed_milpsnap_grid4x4_k15.json,576,16,24,62,25.0538,4.5610554282478685e-05,0.425,OPTIMAL
grid_4x4,seed_milpsnap_grid4x4_k15.json,577,16,24,63,25.0538,0.0,0.415,OPTIMAL
grid_4x4,seed_milpsnap_grid4x4_k15.json,578,16,24,59,25.0538,0.0,0.398,OPTIMAL
grid_4x4,seed_milpsnap_grid4x4_k15.json,579,16,24,63,25.0538,0.0,0.419,OPTIMAL
grid_4x4,seed_milpsnap_grid4x4_k15.json,580,16,24,64,25.0538,0.0,0.45,OPTIMAL
grid_4x4,seed_milpsnap_grid4x4_k15.json,581,16,24,66,25.0538,0.0,0.469,OPTIMAL
grid_4x4,seed_milpsnap_grid4x4_k15.json,582,16,24,63,25.0538,0.0,0.413,OPTIMAL
grid_4x4,seed_milpsnap_grid4x4_k15.json,583,16,24,65,25.0538,0.0,0.457,OPTIMAL
grid_4x4,seed_milpsnap_grid4x4_k15.json,584,16,24,68,25.0538,6.84158314235884e-05,0.534,OPTIMAL
grid_4x4,seed_milpsnap_grid4x4_k15.json,585,16,24,66,25.0538,0.0,0.476,OPTIMAL
grid_4x4,seed_milpsnap_grid4x4_k15.json,586,16,24,67,25.0538,0.0,0.502,OPTIMAL
grid_4x4,seed_milpsnap_grid4x4_k15.json,587,16,24,63,25.0538,0.0,0.451,OPTIMAL
grid_4x4,seed_milpsnap_grid4x4_k15.json,588,16,24,62,25.0538,4.5610554282478685e-05,0.443,OPTIMAL
grid_4x4,seed_milpsnap_grid4x4_k15.json,589,16,24,60,25.0538,4.5610554282478685e-05,0.406,OPTIMAL
grid_4x4,seed_milpsnap_grid4x4_k15.json,590,16,24,62,25.0538,0.0,0.456,OPTIMAL
grid_4x4,seed_milpsnap_grid4x4_k15.json,591,16,24,61,25.0538,0.0,0.445,OPTIMAL
grid_4x4,seed_milpsnap_grid4x4_k15.json,592,16,24,62,25.0538,0.0,0.416,OPTIMAL
grid_4x4,seed_milpsnap_grid4x4_k15.json,593,16,24,60,25.0538,0.0,0.429,OPTIMAL
grid_4x4,seed_milpsnap_grid4x4_k15.json,594,16,24,54,25.0538,0.0,0.382,OPTIMAL
grid_4x4,seed_milpsnap_grid4x4_k15.json,595,16,24,55,25.0538,0.0,0.37,OPTIMAL
grid_4x4,seed_milpsnap_grid4x4_k15.json,596,16,24,57,25.0538,0.0,0.402,OPTIMAL
grid_4x4,seed_milpsnap_grid4x4_k15.json,597,16,24,61,25.0538,0.0,0.423,OPTIMAL
grid_4x4,seed_milpsnap_grid4x4_k15.json,598,16,24,63,25.0538,0.0,0.431,OPTIMAL
grid_4x4,seed_milpsnap_grid4x4_k15.json,599,16,24,64,25.0538,4.5610554282478685e-05,0.433,OPTIMAL
grid_4x4,seed_milpsnap_grid4x4_k15.json,600,16,24,66,25.0538,0.0,0.49,OPTIMAL
grid_4x4,seed_milpsnap_grid4x4_k15.json,601,16,24,65,25.0538,0.0,0.46,OPTIMAL
grid_4x4,seed_milpsnap_grid4x4_k15.json,602,16,24,64,25.0538,0.0,0.458,OPTIMAL
grid_4x4,seed_milpsnap_grid4x4_k15.json,603,16,24,1,62.5308,0.0,0.011,OPTIMAL
grid_4x4,seed_milpsnap_grid4x4_k15.json,604,16,24,5,31.3,0.0,0.033,OPTIMAL
grid_4x4,seed_milpsnap_grid4x4_k15.json,605,16,24,7,31.3,0.0,0.039,OPTIMAL
grid_4x4,seed_milpsnap_grid4x4_k15.json,606,16,24,10,31.3,0.0,0.042,OPTIMAL
grid_4x4,seed_milpsnap_grid4x4_k15.json,607,16,24,12,31.3,0.0,0.05,OPTIMAL
grid_4x4,seed_milpsnap_grid4x4_k15.json,608,16,24,15,31.3,0.0,0.064,OPTIMAL
grid_4x4,seed_milpsnap_grid4x4_k15.json,609,16,24,22,31.3,0.0,0.098,OPTIMAL
grid_4x4,seed_milpsnap_grid4x4_k15.json,610,16,24,27,25.0538,0.0,0.164,OPTIMAL
grid_4x4,seed_milpsnap_grid4x4_k15.json,611,16,24,30,25.0538,0.0,0.209,OPTIMAL
grid_4x4,seed_milpsnap_grid4x4_k15.json,612,16,24,32,25.0538,4.561055428221943e-05,0.201,OPTIMAL
grid_4x4,seed_milpsnap_grid4x4_k15.json,613,16,24,40,25.0538,0.0,0.261,OPTIMAL
grid_4x4,seed_milpsnap_grid4x4_k15.json,614,16,24,42,25.0538,0.0,0.284,OPTIMAL
grid_4x4,seed_milpsnap_grid4x4_k15.json,615,16,24,45,25.0538,0.0,0.291,OPTIMAL
grid_4x4,seed_milpsnap_grid4x4_k15.json,616,16,24,49,25.0538,4.561055428221943e-05,0.337,OPTIMAL
grid_4x4,seed_milpsnap_grid4x4_k15.json,617,16,24,51,25.0538,0.0,0.356,OPTIMAL
grid_4x4,seed_milpsnap_grid4x4_k15.json,618,16,24,53,25.0538,0.0,0.375,OPTIMAL
grid_4x4,seed_milpsnap_grid4x4_k15.json,619,16,24,54,25.0538,0.0,0.362,OPTIMAL
grid_4x4,seed_milpsnap_grid4x4_k15.json,620,16,24,54,25.0538,0.0,0.357,OPTIMAL
grid_4x4,seed_milpsnap_grid4x4_k15.json,621,16,24,55,25.0538,0.0,0.381,OPTIMAL
grid_4x4,seed_milpsnap_grid4x4_k15.json,622,16,24,58,25.0538,0.0,0.422,OPTIMAL
grid_4x4,seed_milpsnap_grid4x4_k15.json,623,16,24,54,25.0538,0.0,0.338,OPTIMAL
grid_4x4,seed_milpsnap_grid4x4_k15.json,624,16,24,52,25.0538,0.0,0.372,OPTIMAL
grid_4x4,seed_milpsnap_grid4x4_k15.json,625,16,24,52,25.0538,0.0,0.37,OPTIMAL
grid_4x4,seed_milpsnap_grid4x4_k15.json,626,16,24,56,25.0538,0.0,0.379,OPTIMAL
grid_4x4,seed_milpsnap_grid4x4_k15.json,627,16,24,51,25.0538,4.5610554282478685e-05,0.36,OPTIMAL
grid_4x4,seed_milpsnap_grid4x4_k15.json,628,16,24,54,25.0538,0.0,0.376,OPTIMAL
grid_4x4,seed_milpsnap_grid4x4_k15.json,629,16,24,57,25.0538,0.0,0.391,OPTIMAL
grid_4x4,seed_milpsnap_grid4x4_k15.json,630,16,24,59,25.0538,0.0,0.432,OPTIMAL
grid_4x4,seed_milpsnap_grid4x4_k15.json,631,16,24,65,25.0538,0.0,0.454,OPTIMAL
grid_4x4,seed_milpsnap_grid4x4_k15.json,632,16,24,66,25.0538,4.5610554282478685e-05,0.449,OPTIMAL
grid_4x4,seed_milpsnap_grid4x4_k15.json,633,16,24,62,25.0538,0.0,0.411,OPTIMAL
grid_4x4,seed_milpsnap_grid4x4_k15.json,634,16,24,62,25.0538,0.0,0.423,OPTIMAL
grid_4x4,seed_milpsnap_grid4x4_k15.json,635,16,24,65,25.0538,0.0,0.436,OPTIMAL
grid_4x4,seed_milpsnap_grid4x4_k15.json,636,16,24,64,25.0538,0.0,0.448,OPTIMAL
grid_4x4,seed_milpsnap_grid4x4_k15.json,637,16,24,62,25.0538,0.0,0.457,OPTIMAL
grid_4x4,seed_milpsnap_grid4x4_k15.json,638,16,24,66,25.0538,0.0,0.453,OPTIMAL
grid_4x4,seed_milpsnap_grid4x4_k15.json,639,16,24,66,25.0538,0.0,0.449,OPTIMAL
grid_4x4,seed_milpsnap_grid4x4_k15.json,640,16,24,66,25.0538,0.0,0.476,OPTIMAL
grid_4x4,seed_milpsnap_grid4x4_k15.json,641,16,24,63,25.0538,0.0,0.436,OPTIMAL
grid_4x4,seed_milpsnap_grid4x4_k15.json,642,16,24,62,25.0538,0.0,0.452,OPTIMAL
grid_4x4,seed_milpsnap_grid4x4_k15.json,643,16,24,58,25.0538,0.0,0.42,OPTIMAL
grid_4x4,seed_milpsnap_grid4x4_k15.json,644,16,24,55,25.0538,6.841583142371803e-05,0.362,OPTIMAL
grid_4x4,seed_milpsnap_grid4x4_k15.json,645,16,24,51,25.0538,0.0,0.366,OPTIMAL
grid_4x4,seed_milpsnap_grid4x4_k15.json,646,16,24,47,25.0538,0.0,0.311,OPTIMAL
grid_4x4,seed_milpsnap_grid4x4_k15.json,647,16,24,45,25.0538,4.5610554282478685e-05,0.279,OPTIMAL
grid_4x4,seed_milpsnap_grid4x4_k15.json,648,16,24,55,25.0538,0.0,0.381,OPTIMAL
grid_4x4,seed_milpsnap_grid4x4_k15.json,649,16,24,56,25.0538,0.0,0.397,OPTIMAL
grid_4x4,seed_milpsnap_grid4x4_k15.json,650,16,24,52,25.0538,4.5610554282478685e-05,0.357,OPTIMAL
grid_4x4,seed_milpsnap_grid4x4_k15.json,651,16,24,54,25.0538,0.0,0.374,OPTIMAL
grid_4x4,seed_milpsnap_grid4x4_k15.json,652,16,24,58,25.0538,0.0,0.378,OPTIMAL
grid_4x4,seed_milpsnap_grid4x4_k15.json,653,16,24,52,25.0538,0.0,0.351,OPTIMAL
grid_4x4,seed_milpsnap_grid4x4_k15.json,654,16,24,52,25.0538,0.0,0.363,OPTIMAL
grid_4x4,seed_milpsnap_grid4x4_k15.json,655,16,24,54,25.0538,0.0,0.383,OPTIMAL
grid_4x4,seed_milpsnap_grid4x4_k15.json,656,16,24,55,25.0538,4.5610554282478685e-05,0.384,OPTIMAL
grid_4x4,seed_milpsnap_grid4x4_k15.json,657,16,24,55,25.0538,0.0,0.374,OPTIMAL
grid_4x4,seed_milpsnap_grid4x4_k15.json,658,16,24,58,25.0538,0.0,0.409,OPTIMAL
grid_4x4,seed_milpsnap_grid4x4_k15.json,659,16,24,60,25.0538,0.0,0.423,OPTIMAL
grid_4x4,seed_milpsnap_grid4x4_k15.json,660,16,24,61,25.0538,0.0,0.443,OPTIMAL
grid_4x4,seed_milpsnap_grid4x4_k15.json,661,16,24,64,25.0538,0.0,0.446,OPTIMAL
grid_4x4,seed_milpsnap_grid4x4_k15.json,662,16,24,63,25.0538,4.5610554282478685e-05,0.415,OPTIMAL
grid_4x4,seed_milpsnap_grid4x4_k15.json,663,16,24,53,25.0538,0.0,0.367,OPTIMAL
grid_4x4,seed_milpsnap_grid4x4_k15.json,664,16,24,50,25.0538,4.5610554282478685e-05,0.364,OPTIMAL
grid_4x4,seed_milpsnap_grid4x4_k15.json,665,16,24,56,25.0538,0.0,0.388,OPTIMAL
grid_4x4,seed_milpsnap_grid4x4_k15.json,666,16,24,54,25.0538,0.0,0.372,OPTIMAL
grid_4x4,seed_milpsnap_grid4x4_k15.json,667,16,24,52,25.0538,0.0,0.374,OPTIMAL
grid_4x4,seed_milpsnap_grid4x4_k15.json,668,16,24,55,25.0538,0.0,0.392,OPTIMAL
grid_4x4,seed_milpsnap_grid4x4_k15.json,669,16,24,56,25.0538,4.5610554282478685e-05,0.385,OPTIMAL
grid_4x4,seed_milpsnap_grid4x4_k15.json,670,16,24,57,25.0538,0.0,0.425,OPTIMAL
grid_4x4,seed_milpsnap_grid4x4_k15.json,671,16,24,56,25.0538,0.0,0.381,OPTIMAL
grid_4x4,seed_milpsnap_grid4x4_k15.json,672,16,24,55,25.0538,0.0,0.361,OPTIMAL
grid_4x4,seed_milpsnap_grid4x4_k15.json,673,16,24,56,25.0538,0.0,0.392,OPTIMAL
grid_4x4,seed_milpsnap_grid4x4_k15.json,674,16,24,55,25.0538,0.0,0.4,OPTIMAL
grid_4x4,seed_milpsnap_grid4x4_k15.json,675,16,24,54,25.0538,0.0,0.389,OPTIMAL
grid_4x4,seed_milpsnap_grid4x4_k15.json,676,16,24,50,25.0538,0.0,0.36,OPTIMAL
grid_4x4,seed_milpsnap_grid4x4_k15.json,677,16,24,52,25.0538,0.0,0.354,OPTIMAL
grid_4x4,seed_milpsnap_grid4x4_k15.json,678,16,24,54,25.0538,3.420791571192383e-05,0.38,OPTIMAL
grid_4x4,seed_milpsnap_grid4x4_k15.json,679,16,24,54,25.0538,0.0,0.36,OPTIMAL
grid_4x4,seed_milpsnap_grid4x4_k15.json,680,16,24,46,25.0538,0.0,0.295,OPTIMAL
grid_4x4,seed_milpsnap_grid4x4_k15.json,681,16,24,48,25.0538,0.0,0.323,OPTIMAL
grid_4x4,seed_milpsnap_grid4x4_k15.json,682,16,24,49,25.0538,0.0,0.342,OPTIMAL
grid_4x4,seed_milpsnap_grid4x4_k15.json,683,16,24,51,25.0538,0.0,0.357,OPTIMAL
grid_4x4,seed_milpsnap_grid4x4_k15.json,684,16,24,49,25.0538,6.841583142371803e-05,0.322,OPTIMAL
grid_4x4,seed_milpsnap_grid4x4_k15.json,685,16,24,45,25.0538,0.0,0.302,OPTIMAL
grid_4x4,seed_milpsnap_grid4x4_k15.json,686,16,24,44,25.0538,4.5610554282478685e-05,0.29,OPTIMAL
grid_4x4,seed_milpsnap_grid4x4_k15.json,687,16,24,46,25.0538,0.0,0.309,OPTIMAL
grid_4x4,seed_milpsnap_grid4x4_k15.json,688,16,24,46,25.0538,0.0,0.32,OPTIMAL
grid_4x4,seed_milpsnap_grid4x4_k15.json,689,16,24,45,25.0538,4.5610554282478685e-05,0.311,OPTIMAL
grid_4x4,seed_milpsnap_grid4x4_k15.json,690,16,24,48,25.0538,0.0,0.334,OPTIMAL
grid_4x4,seed_milpsnap_grid4x4_k15.json,691,16,24,52,25.0538,0.0,0.366,OPTIMAL
grid_4x4,seed_milpsnap_grid4x4_k15.json,692,16,24,54,25.0538,0.0,0.364,OPTIMAL
grid_4x4,seed_milpsnap_grid4x4_k15.json,693,16,24,55,25.0538,0.0,0.414,OPTIMAL
grid_4x4,seed_milpsnap_grid4x4_k15.json,694,16,24,58,25.0538,0.0,0.396,OPTIMAL
grid_4x4,seed_milpsnap_grid4x4_k15.json,695,16,24,61,25.0538,0.0,0.424,OPTIMAL
grid_4x4,seed_milpsnap_grid4x4_k15.json,696,16,24,61,25.0538,0.0,0.446,OPTIMAL
grid_4x4,seed_milpsnap_grid4x4_k15.json,697,16,24,55,25.0538,0.0,0.369,OPTIMAL
grid_4x4,seed_milpsnap_grid4x4_k15.json,698,16,24,49,25.0538,0.0,0.335,OPTIMAL
grid_4x4,seed_milpsnap_grid4x4_k15.json,699,16,24,49,25.0538,4.561055428221943e-05,0.328,OPTIMAL
grid_4x4,seed_milpsnap_grid4x4_k15.json,700,16,24,53,25.0538,4.5610554282478685e-05,0.394,OPTIMAL
grid_4x4,seed_milpsnap_grid4x4_k15.json,701,16,24,55,25.0538,0.0,0.382,OPTIMAL
grid_4x4,seed_milpsnap_grid4x4_k15.json,702,16,24,57,25.0538,0.0,0.373,OPTIMAL
grid_4x4,seed_milpsnap_grid4x4_k15.json,703,16,24,56,25.0538,0.0,0.388,OPTIMAL
grid_4x4,seed_milpsnap_grid4x4_k15.json,704,16,24,60,25.0538,0.0,0.434,OPTIMAL
grid_4x4,seed_milpsnap_grid4x4_k15.json,705,16,24,58,25.0538,0.0,0.392,OPTIMAL
grid_4x4,seed_milpsnap_grid4x4_k15.json,706,16,24,56,25.0538,0.0,0.358,OPTIMAL
grid_4x4,seed_milpsnap_grid4x4_k15.json,707,16,24,58,25.0538,0.0,0.404,OPTIMAL
grid_4x4,seed_milpsnap_grid4x4_k15.json,708,16,24,55,25.0538,0.0,0.378,OPTIMAL
grid_4x4,seed_milpsnap_grid4x4_k15.json,709,16,24,52,25.0538,4.5610554282478685e-05,0.357,OPTIMAL
grid_4x4,seed_milpsnap_grid4x4_k15.json,710,16,24,51,25.0538,0.0,0.346,OPTIMAL
grid_4x4,seed_milpsnap_grid4x4_k15.json,711,16,24,49,25.0538,0.0,0.336,OPTIMAL
grid_4x4,seed_milpsnap_grid4x4_k15.json,712,16,24,50,25.0538,0.0,0.342,OPTIMAL
grid_4x4,seed_milpsnap_grid4x4_k15.json,713,16,24,52,25.0538,0.0,0.359,OPTIMAL
grid_4x4,seed_milpsnap_grid4x4_k15.json,714,16,24,55,25.0538,0.0,0.352,OPTIMAL
grid_4x4,seed_milpsnap_grid4x4_k15.json,715,16,24,54,25.0538,0.0,0.38,OPTIMAL
grid_4x4,seed_milpsnap_grid4x4_k15.json,716,16,24,54,25.0538,0.0,0.384,OPTIMAL
grid_4x4,seed_milpsnap_grid4x4_k15.json,717,16,24,53,25.0538,0.0,0.343,OPTIMAL
grid_4x4,seed_milpsnap_grid4x4_k15.json,718,16,24,54,25.0538,0.0,0.365,OPTIMAL
grid_4x4,seed_milpsnap_grid4x4_k15.json,719,16,24,50,25.0538,0.0,0.362,OPTIMAL
grid_4x4,seed_milpsnap_grid4x4_k15.json,720,16,24,50,25.0538,0.0,0.342,OPTIMAL
grid_4x4,seed_milpsnap_grid4x4_k15.json,721,16,24,55,25.0538,0.0,0.37,OPTIMAL
grid_4x4,seed_milpsnap_grid4x4_k15.json,722,16,24,51,25.0538,0.0,0.347,OPTIMAL
grid_4x4,seed_milpsnap_grid4x4_k15.json,723,16,24,51,25.0538,4.5610554282478685e-05,0.352,OPTIMAL
grid_4x4,seed_milpsnap_grid4x4_k15.json,724,16,24,54,25.0538,4.5610554282478685e-05,0.369,OPTIMAL
grid_4x4,seed_milpsnap_grid4x4_k15.json,725,16,24,57,25.0538,0.0,0.371,OPTIMAL
grid_4x4,seed_milpsnap_grid4x4_k15.json,726,16,24,58,25.0538,0.0,0.415,OPTIMAL
grid_4x4,seed_milpsnap_grid4x4_k15.json,727,16,24,62,25.0538,0.0,0.448,OPTIMAL
grid_4x4,seed_milpsnap_grid4x4_k15.json,728,16,24,65,25.0538,0.0,0.433,OPTIMAL
grid_4x4,seed_milpsnap_grid4x4_k15.json,729,16,24,64,25.0538,0.0,0.554,OPTIMAL
grid_4x4,seed_milpsnap_grid4x4_k15.json,730,16,24,63,25.0538,4.5610554282478685e-05,0.493,OPTIMAL
grid_4x4,seed_milpsnap_grid4x4_k15.json,731,16,24,63,25.0538,0.0,0.439,OPTIMAL
grid_4x4,seed_milpsnap_grid4x4_k15.json,732,16,24,61,25.0538,0.0,0.435,OPTIMAL
grid_4x4,seed_milpsnap_grid4x4_k15.json,733,16,24,58,25.0538,4.5610554282478685e-05,0.417,OPTIMAL
grid_4x4,seed_milpsnap_grid4x4_k15.json,734,16,24,57,25.0538,0.0,0.394,OPTIMAL
grid_4x4,seed_milpsnap_grid4x4_k15.json,735,16,24,56,25.0538,0.0,0.382,OPTIMAL
grid_4x4,seed_milpsnap_grid4x4_k15.json,736,16,24,53,25.0538,0.0,0.382,OPTIMAL
grid_4x4,seed_milpsnap_grid4x4_k15.json,737,16,24,54,25.0538,0.0,0.378,OPTIMAL
grid_4x4,seed_milpsnap_grid4x4_k15.json,738,16,24,56,25.0538,0.0,0.396,OPTIMAL
grid_4x4,seed_milpsnap_grid4x4_k15.json,739,16,24,52,25.0538,0.0,0.367,OPTIMAL
grid_4x4,seed_milpsnap_grid4x4_k15.json,740,16,24,48,25.0538,4.5610554282478685e-05,0.339,OPTIMAL
grid_4x4,seed_milpsnap_grid4x4_k15.json,741,16,24,53,25.0538,0.0,0.365,OPTIMAL
grid_4x4,seed_milpsnap_grid4x4_k15.json,742,16,24,50,25.0538,0.0,0.35,OPTIMAL
grid_4x4,seed_milpsnap_grid4x4_k15.json,743,16,24,50,25.0538,0.0,0.348,OPTIMAL
grid_4x4,seed_milpsnap_grid4x4_k15.json,744,16,24,49,25.0538,0.0,0.345,OPTIMAL
grid_4x4,seed_milpsnap_grid4x4_k15.json,745,16,24,46,25.0538,0.0,0.283,OPTIMAL
grid_4x4,seed_milpsnap_grid4x4_k15.json,746,16,24,47,25.0538,0.0,0.316,OPTIMAL
grid_4x4,seed_milpsnap_grid4x4_k15.json,747,16,24,49,25.0538,0.0,0.347,OPTIMAL
grid_4x4,seed_milpsnap_grid4x4_k15.json,748,16,24,55,25.0538,0.0,0.394,OPTIMAL
grid_4x4,seed_milpsnap_grid4x4_k15.json,749,16,24,58,25.0538,4.5610554282478685e-05,0.403,OPTIMAL
grid_4x4,seed_milpsnap_grid4x4_k15.json,750,16,24,62,25.0538,0.0,0.417,OPTIMAL
grid_4x4,seed_milpsnap_grid4x4_k15.json,751,16,24,64,25.0538,0.0,0.461,OPTIMAL
grid_4x4,seed_milpsnap_grid4x4_k15.json,752,16,24,63,25.0538,0.0,0.42,OPTIMAL
grid_4x4,seed_milpsnap_grid4x4_k15.json,753,16,24,1,75.0231,0.0,0.006,OPTIMAL
grid_4x4,seed_milpsnap_grid4x4_k15.json,754,16,24,4,43.7923,0.0,0.044,OPTIMAL
grid_4x4,seed_milpsnap_grid4x4_k15.json,755,16,24,5,43.7923,0.0,0.023,OPTIMAL
grid_4x4,seed_milpsnap_grid4x4_k15.json,756,16,24,8,31.3,0.0,0.044,OPTIMAL
grid_4x4,seed_milpsnap_grid4x4_k15.json,757,16,24,11,25.0538,0.0,0.067,OPTIMAL
grid_4x4,seed_milpsnap_grid4x4_k15.json,758,16,24,19,25.0538,0.0,0.12,OPTIMAL
grid_4x4,seed_milpsnap_grid4x4_k15.json,759,16,24,23,25.0538,0.0,0.15,OPTIMAL
grid_4x4,seed_milpsnap_grid4x4_k15.json,760,16,24,28,25.0538,0.0,0.177,OPTIMAL
grid_4x4,seed_milpsnap_grid4x4_k15.json,761,16,24,35,25.0538,0.0,0.244,OPTIMAL
grid_4x4,seed_milpsnap_grid4x4_k15.json,762,16,24,38,25.0538,0.0,0.254,OPTIMAL
grid_4x4,seed_milpsnap_grid4x4_k15.json,763,16,24,43,25.0538,0.0,0.276,OPTIMAL
grid_4x4,seed_milpsnap_grid4x4_k15.json,764,16,24,50,25.0538,0.0,0.346,OPTIMAL
grid_4x4,seed_milpsnap_grid4x4_k15.json,765,16,24,56,25.0538,0.0,0.371,OPTIMAL
grid_4x4,seed_milpsnap_grid4x4_k15.json,766,16,24,64,25.0538,0.0,0.442,OPTIMAL
grid_4x4,seed_milpsnap_grid4x4_k15.json,767,16,24,67,25.0538,0.0,0.476,OPTIMAL
grid_4x4,seed_milpsnap_grid4x4_k15.json,768,16,24,70,25.0538,0.0,0.557,OPTIMAL
grid_4x4,seed_milpsnap_grid4x4_k15.json,769,16,24,73,25.0538,4.5610554282478685e-05,0.572,OPTIMAL
grid_4x4,seed_milpsnap_grid4x4_k15.json,770,16,24,75,25.0538,0.0,0.688,OPTIMAL
grid_4x4,seed_milpsnap_grid4x4_k15.json,771,16,24,76,25.0538,0.0,0.686,OPTIMAL
grid_4x4,seed_milpsnap_grid4x4_k15.json,772,16,24,77,25.0538,0.0,0.712,OPTIMAL
grid_4x4,seed_milpsnap_grid4x4_k15.json,773,16,24,71,25.0538,0.0,0.57,OPTIMAL
grid_4x4,seed_milpsnap_grid4x4_k15.json,774,16,24,73,25.0538,0.0,0.578,OPTIMAL
grid_4x4,seed_milpsnap_grid4x4_k15.json,775,16,24,75,25.0538,0.0,0.671,OPTIMAL
grid_4x4,seed_milpsnap_grid4x4_k15.json,776,16,24,70,25.0538,0.0,0.548,OPTIMAL
grid_4x4,seed_milpsnap_grid4x4_k15.json,777,16,24,68,25.0538,0.0,0.518,OPTIMAL
grid_4x4,seed_milpsnap_grid4x4_k15.json,778,16,24,67,25.0538,0.0,0.466,OPTIMAL
grid_4x4,seed_milpsnap_grid4x4_k15.json,779,16,24,65,25.0538,4.5610554282478685e-05,0.475,OPTIMAL
grid_4x4,seed_milpsnap_grid4x4_k15.json,780,16,24,60,25.0538,0.0,0.43,OPTIMAL
grid_4x4,seed_milpsnap_grid4x4_k15.json,781,16,24,55,25.0538,0.0,0.376,OPTIMAL
grid_4x4,seed_milpsnap_grid4x4_k15.json,782,16,24,56,25.0538,4.5610554282478685e-05,0.405,OPTIMAL
grid_4x4,seed_milpsnap_grid4x4_k15.json,783,16,24,54,25.0538,0.0,0.376,OPTIMAL
grid_4x4,seed_milpsnap_grid4x4_k15.json,784,16,24,49,25.0538,0.0,0.329,OPTIMAL
grid_4x4,seed_milpsnap_grid4x4_k15.json,785,16,24,49,25.0538,0.0,0.339,OPTIMAL
grid_4x4,seed_milpsnap_grid4x4_k15.json,786,16,24,49,25.0538,0.0,0.357,OPTIMAL
grid_4x4,seed_milpsnap_grid4x4_k15.json,787,16,24,49,25.0538,0.0,0.336,OPTIMAL
grid_4x4,seed_milpsnap_grid4x4_k15.json,788,16,24,49,25.0538,0.0,0.336,OPTIMAL
grid_4x4,seed_milpsnap_grid4x4_k15.json,789,16,24,48,25.0538,0.0,0.328,OPTIMAL
grid_4x4,seed_milpsnap_grid4x4_k15.json,790,16,24,43,25.0538,0.0,0.276,OPTIMAL
grid_4x4,seed_milpsnap_grid4x4_k15.json,791,16,24,45,25.0538,0.0,0.276,OPTIMAL
grid_4x4,seed_milpsnap_grid4x4_k15.json,792,16,24,46,25.0538,0.0,0.307,OPTIMAL
grid_4x4,seed_milpsnap_grid4x4_k15.json,793,16,24,46,25.0538,0.0,0.312,OPTIMAL
grid_4x4,seed_milpsnap_grid4x4_k15.json,794,16,24,45,25.0538,0.0,0.296,OPTIMAL
grid_4x4,seed_milpsnap_grid4x4_k15.json,795,16,24,47,25.0538,0.0,0.327,OPTIMAL
grid_4x4,seed_milpsnap_grid4x4_k15.json,796,16,24,48,25.0538,0.0,0.345,OPTIMAL
grid_4x4,seed_milpsnap_grid4x4_k15.json,797,16,24,51,25.0538,0.0,0.362,OPTIMAL
grid_4x4,seed_milpsnap_grid4x4_k15.json,798,16,24,52,25.0538,0.0,0.364,OPTIMAL
grid_4x4,seed_milpsnap_grid4x4_k15.json,799,16,24,56,25.0538,0.0,0.399,OPTIMAL
grid_4x4,seed_milpsnap_grid4x4_k15.json,800,16,24,56,25.0538,0.0,0.401,OPTIMAL
grid_4x4,seed_milpsnap_grid4x4_k15.json,801,16,24,59,25.0538,0.0,0.411,OPTIMAL
grid_4x4,seed_milpsnap_grid4x4_k15.json,802,16,24,57,25.0538,0.0,0.411,OPTIMAL
grid_4x4,seed_milpsnap_grid4x4_k15.json,803,16,24,58,25.0538,0.0,0.412,OPTIMAL
grid_4x4,seed_milpsnap_grid4x4_k15.json,804,16,24,56,25.0538,0.0,0.397,OPTIMAL
grid_4x4,seed_milpsnap_grid4x4_k15.json,805,16,24,60,25.0538,0.0,0.445,OPTIMAL
grid_4x4,seed_milpsnap_grid4x4_k15.json,806,16,24,60,25.0538,0.0,0.443,OPTIMAL
grid_4x4,seed_milpsnap_grid4x4_k15.json,807,16,24,62,25.0538,0.0,0.422,OPTIMAL
grid_4x4,seed_milpsnap_grid4x4_k15.json,808,16,24,60,25.0538,0.0,0.434,OPTIMAL
grid_4x4,seed_milpsnap_grid4x4_k15.json,809,16,24,58,25.0538,0.0,0.421,OPTIMAL
grid_4x4,seed_milpsnap_grid4x4_k15.json,810,16,24,58,25.0538,0.0,0.407,OPTIMAL
grid_4x4,seed_milpsnap_grid4x4_k15.json,811,16,24,59,25.0538,0.0,0.4,OPTIMAL
grid_4x4,seed_milpsnap_grid4x4_k15.json,812,16,24,55,25.0538,0.0,0.394,OPTIMAL
grid_4x4,seed_milpsnap_grid4x4_k15.json,813,16,24,58,25.0538,0.0,0.412,OPTIMAL
grid_4x4,seed_milpsnap_grid4x4_k15.json,814,16,24,58,25.0538,0.0,0.405,OPTIMAL
grid_4x4,seed_milpsnap_grid4x4_k15.json,815,16,24,57,25.0538,0.0,0.398,OPTIMAL
grid_4x4,seed_milpsnap_grid4x4_k15.json,816,16,24,53,25.0538,0.0,0.37,OPTIMAL
grid_4x4,seed_milpsnap_grid4x4_k15.json,817,16,24,55,25.0538,0.0,0.383,OPTIMAL
grid_4x4,seed_milpsnap_grid4x4_k15.json,818,16,24,54,25.0538,0.0,0.378,OPTIMAL
grid_4x4,seed_milpsnap_grid4x4_k15.json,819,16,24,55,25.0538,0.0,0.37,OPTIMAL
grid_4x4,seed_milpsnap_grid4x4_k15.json,820,16,24,49,25.0538,0.0,0.318,OPTIMAL
grid_4x4,seed_milpsnap_grid4x4_k15.json,821,16,24,51,25.0538,0.0,0.36,OPTIMAL
grid_4x4,seed_milpsnap_grid4x4_k15.json,822,16,24,48,25.0538,0.0,0.323,OPTIMAL
grid_4x4,seed_milpsnap_grid4x4_k15.json,823,16,24,49,25.0538,0.0,0.302,OPTIMAL
grid_4x4,seed_milpsnap_grid4x4_k15.json,824,16,24,51,25.0538,0.0,0.368,OPTIMAL
grid_4x4,seed_milpsnap_grid4x4_k15.json,825,16,24,50,25.0538,4.5610554282478685e-05,0.366,OPTIMAL
grid_4x4,seed_milpsnap_grid4x4_k15.json,826,16,24,50,25.0538,0.0,0.347,OPTIMAL
grid_4x4,seed_milpsnap_grid4x4_k15.json,827,16,24,53,25.0538,0.0,0.38,OPTIMAL
grid_4x4,seed_milpsnap_grid4x4_k15.json,828,16,24,51,25.0538,0.0,0.361,OPTIMAL
grid_4x4,seed_milpsnap_grid4x4_k15.json,829,16,24,48,25.0538,0.0,0.315,OPTIMAL
grid_4x4,seed_milpsnap_grid4x4_k15.json,830,16,24,47,25.0538,4.5610554282478685e-05,0.314,OPTIMAL
grid_4x4,seed_milpsnap_grid4x4_k15.json,831,16,24,44,25.0538,0.0,0.307,OPTIMAL
grid_4x4,seed_milpsnap_grid4x4_k15.json,832,16,24,44,25.0538,0.0,0.308,OPTIMAL
grid_4x4,seed_milpsnap_grid4x4_k15.json,833,16,24,47,25.0538,0.0,0.304,OPTIMAL
grid_4x4,seed_milpsnap_grid4x4_k15.json,834,16,24,45,25.0538,0.0,0.305,OPTIMAL
grid_4x4,seed_milpsnap_grid4x4_k15.json,835,16,24,46,25.0538,0.0,0.305,OPTIMAL
grid_4x4,seed_milpsnap_grid4x4_k15.json,836,16,24,45,25.0538,0.0,0.305,OPTIMAL
grid_4x4,seed_milpsnap_grid4x4_k15.json,837,16,24,45,25.0538,4.5610554282478685e-05,0.296,OPTIMAL
grid_4x4,seed_milpsnap_grid4x4_k15.json,838,16,24,45,25.0538,4.5610554282478685e-05,0.304,OPTIMAL
grid_4x4,seed_milpsnap_grid4x4_k15.json,839,16,24,45,25.0538,0.0,0.282,OPTIMAL
grid_4x4,seed_milpsnap_grid4x4_k15.json,840,16,24,44,25.0538,0.0,0.289,OPTIMAL
grid_4x4,seed_milpsnap_grid4x4_k15.json,841,16,24,41,25.0538,0.0,0.246,OPTIMAL
grid_4x4,seed_milpsnap_grid4x4_k15.json,842,16,24,39,25.0538,0.0,0.26,OPTIMAL
grid_4x4,seed_milpsnap_grid4x4_k15.json,843,16,24,39,25.0538,0.0,0.261,OPTIMAL
grid_4x4,seed_milpsnap_grid4x4_k15.json,844,16,24,45,25.0538,0.0,0.308,OPTIMAL
grid_4x4,seed_milpsnap_grid4x4_k15.json,845,16,24,46,25.0538,0.0,0.313,OPTIMAL
grid_4x4,seed_milpsnap_grid4x4_k15.json,846,16,24,50,25.0538,0.0,0.331,OPTIMAL
grid_4x4,seed_milpsnap_grid4x4_k15.json,847,16,24,48,25.0538,0.0,0.332,OPTIMAL
grid_4x4,seed_milpsnap_grid4x4_k15.json,848,16,24,45,25.0538,0.0,0.297,OPTIMAL
grid_4x4,seed_milpsnap_grid4x4_k15.json,849,16,24,48,25.0538,0.0,0.33,OPTIMAL
grid_4x4,seed_milpsnap_grid4x4_k15.json,850,16,24,51,25.0538,0.0,0.359,OPTIMAL
grid_4x4,seed_milpsnap_grid4x4_k15.json,851,16,24,47,25.0538,0.0,0.307,OPTIMAL
grid_4x4,seed_milpsnap_grid4x4_k15.json,852,16,24,48,25.0538,0.0,0.333,OPTIMAL
grid_4x4,seed_milpsnap_grid4x4_k15.json,853,16,24,47,25.0538,0.0,0.32,OPTIMAL
grid_4x4,seed_milpsnap_grid4x4_k15.json,854,16,24,50,25.0538,0.0,0.336,OPTIMAL
grid_4x4,seed_milpsnap_grid4x4_k15.json,855,16,24,52,25.0538,0.0,0.357,OPTIMAL
grid_4x4,seed_milpsnap_grid4x4_k15.json,856,16,24,53,25.0538,0.0,0.387,OPTIMAL
grid_4x4,seed_milpsnap_grid4x4_k15.json,857,16,24,51,25.0538,0.0,0.349,OPTIMAL
grid_4x4,seed_milpsnap_grid4x4_k15.json,858,16,24,51,25.0538,4.5610554282478685e-05,0.352,OPTIMAL
grid_4x4,seed_milpsnap_grid4x4_k15.json,859,16,24,51,25.0538,0.0,0.36,OPTIMAL
grid_4x4,seed_milpsnap_grid4x4_k15.json,860,16,24,54,25.0538,0.0,0.391,OPTIMAL
grid_4x4,seed_milpsnap_grid4x4_k15.json,861,16,24,55,25.0538,4.5610554282478685e-05,0.353,OPTIMAL
grid_4x4,seed_milpsnap_grid4x4_k15.json,862,16,24,58,25.0538,0.0,0.413,OPTIMAL
grid_4x4,seed_milpsnap_grid4x4_k15.json,863,16,24,60,25.0538,0.0,0.452,OPTIMAL
grid_4x4,seed_milpsnap_grid4x4_k15.json,864,16,24,58,25.0538,0.0,0.416,OPTIMAL
grid_4x4,seed_milpsnap_grid4x4_k15.json,865,16,24,58,25.0538,0.0,0.429,OPTIMAL
grid_4x4,seed_milpsnap_grid4x4_k15.json,866,16,24,61,25.0538,0.0,0.416,OPTIMAL
grid_4x4,seed_milpsnap_grid4x4_k15.json,867,16,24,63,25.0538,4.5610554282478685e-05,0.449,OPTIMAL
grid_4x4,seed_milpsnap_grid4x4_k15.json,868,16,24,64,25.0538,0.0,0.454,OPTIMAL
grid_4x4,seed_milpsnap_grid4x4_k15.json,869,16,24,62,25.0538,0.0,0.436,OPTIMAL
grid_4x4,seed_milpsnap_grid4x4_k15.json,870,16,24,59,25.0538,4.5610554282478685e-05,0.391,OPTIMAL
grid_4x4,seed_milpsnap_grid4x4_k15.json,871,16,24,61,25.0538,0.0,0.437,OPTIMAL
grid_4x4,seed_milpsnap_grid4x4_k15.json,872,16,24,63,25.0538,0.0,0.453,OPTIMAL
grid_4x4,seed_milpsnap_grid4x4_k15.json,873,16,24,64,25.0538,0.0,0.444,OPTIMAL
grid_4x4,seed_milpsnap_grid4x4_k15.json,874,16,24,62,25.0538,0.0,0.451,OPTIMAL
grid_4x4,seed_milpsnap_grid4x4_k15.json,875,16,24,60,25.0538,0.0,0.399,OPTIMAL
grid_4x4,seed_milpsnap_grid4x4_k15.json,876,16,24,61,25.0538,0.0,0.434,OPTIMAL
grid_4x4,seed_milpsnap_grid4x4_k15.json,877,16,24,59,25.0538,0.0,0.424,OPTIMAL
grid_4x4,seed_milpsnap_grid4x4_k15.json,878,16,24,57,25.0538,0.0,0.393,OPTIMAL
grid_4x4,seed_milpsnap_grid4x4_k15.json,879,16,24,59,25.0538,4.561055428221943e-05,0.423,OPTIMAL
grid_4x4,seed_milpsnap_grid4x4_k15.json,880,16,24,61,25.0538,0.0,0.429,OPTIMAL
grid_4x4,seed_milpsnap_grid4x4_k15.json,881,16,24,59,25.0538,0.0,0.413,OPTIMAL
grid_4x4,seed_milpsnap_grid4x4_k15.json,882,16,24,60,25.0538,0.0,0.424,OPTIMAL
grid_4x4,seed_milpsnap_grid4x4_k15.json,883,16,24,60,25.0538,0.0,0.445,OPTIMAL
grid_4x4,seed_milpsnap_grid4x4_k15.json,884,16,24,58,25.0538,0.0,0.414,OPTIMAL
grid_4x4,seed_milpsnap_grid4x4_k15.json,885,16,24,61,25.0538,0.0,0.422,OPTIMAL
grid_4x4,seed_milpsnap_grid4x4_k15.json,886,16,24,59,25.0538,0.0,0.434,OPTIMAL
grid_4x4,seed_milpsnap_grid4x4_k15.json,887,16,24,60,25.0538,0.0,0.432,OPTIMAL
grid_4x4,seed_milpsnap_grid4x4_k15.json,888,16,24,60,25.0538,0.0,0.42,OPTIMAL
grid_4x4,seed_milpsnap_grid4x4_k15.json,889,16,24,57,25.0538,0.0,0.401,OPTIMAL
grid_4x4,seed_milpsnap_grid4x4_k15.json,890,16,24,59,25.0538,0.0,0.435,OPTIMAL
grid_4x4,seed_milpsnap_grid4x4_k15.json,891,16,24,58,25.0538,0.0,0.403,OPTIMAL
grid_4x4,seed_milpsnap_grid4x4_k15.json,892,16,24,63,25.0538,0.0,0.44,OPTIMAL
grid_4x4,seed_milpsnap_grid4x4_k15.json,893,16,24,64,25.0538,0.0,0.467,OPTIMAL
grid_4x4,seed_milpsnap_grid4x4_k15.json,894,16,24,66,25.0538,0.0,0.448,OPTIMAL
grid_4x4,seed_milpsnap_grid4x4_k15.json,895,16,24,66,25.0538,0.0,0.48,OPTIMAL
grid_4x4,seed_milpsnap_grid4x4_k15.json,896,16,24,71,25.0538,0.0,0.584,OPTIMAL
grid_4x4,seed_milpsnap_grid4x4_k15.json,897,16,24,71,25.0538,0.0,0.569,OPTIMAL
grid_4x4,seed_milpsnap_grid4x4_k15.json,898,16,24,72,25.0538,0.0,0.573,OPTIMAL
grid_4x4,seed_milpsnap_grid4x4_k15.json,899,16,24,72,25.0538,0.0,0.566,OPTIMAL
grid_4x4,seed_milpsnap_grid4x4_k15.json,900,16,24,72,25.0538,4.5610554282478685e-05,0.581,OPTIMAL
grid_4x4,seed_milpsnap_grid4x4_k15.json,901,16,24,73,25.0538,0.0,0.579,OPTIMAL
grid_4x4,seed_milpsnap_grid4x4_k15.json,902,16,24,71,25.0538,0.0,0.573,OPTIMAL
grid_4x4,seed_milpsnap_grid4x4_k15.json,903,16,24,73,25.0538,0.0,0.574,OPTIMAL
grid_4x4,seed_milpsnap_grid4x4_k15.json,904,16,24,1,87.5154,0.0,0.004,OPTIMAL
grid_4x4,seed_milpsnap_grid4x4_k15.json,905,16,24,6,43.7923,0.0,0.026,OPTIMAL
grid_4x4,seed_milpsnap_grid4x4_k15.json,906,16,24,10,31.3,0.0,0.058,OPTIMAL
grid_4x4,seed_milpsnap_grid4x4_k15.json,907,16,24,15,25.0538,0.0,0.092,OPTIMAL
grid_4x4,seed_milpsnap_grid4x4_k15.json,908,16,24,17,25.0538,0.0,0.098,OPTIMAL
grid_4x4,seed_milpsnap_grid4x4_k15.json,909,16,24,24,25.0538,0.0,0.163,OPTIMAL
grid_4x4,seed_milpsnap_grid4x4_k15.json,910,16,24,29,25.0538,0.0,0.172,OPTIMAL
grid_4x4,seed_milpsnap_grid4x4_k15.json,911,16,24,33,25.0538,0.0,0.198,OPTIMAL
grid_4x4,seed_milpsnap_grid4x4_k15.json,912,16,24,36,25.0538,0.0,0.213,OPTIMAL
grid_4x4,seed_milpsnap_grid4x4_k15.json,913,16,24,38,25.0538,0.0,0.245,OPTIMAL
grid_4x4,seed_milpsnap_grid4x4_k15.json,914,16,24,41,25.0538,0.0,0.277,OPTIMAL
grid_4x4,seed_milpsnap_grid4x4_k15.json,915,16,24,45,25.0538,0.0,0.307,OPTIMAL
grid_4x4,seed_milpsnap_grid4x4_k15.json,916,16,24,48,25.0538,0.0,0.323,OPTIMAL
grid_4x4,seed_milpsnap_grid4x4_k15.json,917,16,24,55,25.0538,0.0,0.39,OPTIMAL
grid_4x4,seed_milpsnap_grid4x4_k15.json,918,16,24,59,25.0538,0.0,0.429,OPTIMAL
grid_4x4,seed_milpsnap_grid4x4_k15.json,919,16,24,64,25.0538,0.0,0.461,OPTIMAL
grid_4x4,seed_milpsnap_grid4x4_k15.json,920,16,24,63,25.0538,0.0,0.448,OPTIMAL
grid_4x4,seed_milpsnap_grid4x4_k15.json,921,16,24,61,25.0538,0.0,0.443,OPTIMAL
grid_4x4,seed_milpsnap_grid4x4_k15.json,922,16,24,59,25.0538,4.5610554282478685e-05,0.419,OPTIMAL
grid_4x4,seed_milpsnap_grid4x4_k15.json,923,16,24,61,25.0538,0.0,0.447,OPTIMAL
grid_4x4,seed_milpsnap_grid4x4_k15.json,924,16,24,55,25.0538,0.0,0.382,OPTIMAL
grid_4x4,seed_milpsnap_grid4x4_k15.json,925,16,24,53,25.0538,4.5610554282478685e-05,0.369,OPTIMAL
grid_4x4,seed_milpsnap_grid4x4_k15.json,926,16,24,53,25.0538,0.0,0.403,OPTIMAL
grid_4x4,seed_milpsnap_grid4x4_k15.json,927,16,24,56,25.0538,0.0,0.402,OPTIMAL
grid_4x4,seed_milpsnap_grid4x4_k15.json,928,16,24,61,25.0538,0.0,0.427,OPTIMAL
grid_4x4,seed_milpsnap_grid4x4_k15.json,929,16,24,63,25.0538,0.0,0.439,OPTIMAL
grid_4x4,seed_milpsnap_grid4x4_k15.json,930,16,24,62,25.0538,0.0,0.445,OPTIMAL
grid_4x4,seed_milpsnap_grid4x4_k15.json,931,16,24,64,25.0538,0.0,0.416,OPTIMAL
grid_4x4,seed_milpsnap_grid4x4_k15.json,932,16,24,58,25.0538,0.0,0.408,OPTIMAL
grid_4x4,seed_milpsnap_grid4x4_k15.json,933,16,24,57,25.0538,0.0,0.386,OPTIMAL
grid_4x4,seed_milpsnap_grid4x4_k15.json,934,16,24,53,25.0538,0.0,0.365,OPTIMAL
grid_4x4,seed_milpsnap_grid4x4_k15.json,935,16,24,51,25.0538,0.0,0.347,OPTIMAL
grid_4x4,seed_milpsnap_grid4x4_k15.json,936,16,24,51,25.0538,4.5610554282478685e-05,0.338,OPTIMAL
grid_4x4,seed_milpsnap_grid4x4_k15.json,937,16,24,55,25.0538,0.0,0.38,OPTIMAL
grid_4x4,seed_milpsnap_grid4x4_k15.json,938,16,24,54,25.0538,4.5610554282478685e-05,0.374,OPTIMAL
grid_4x4,seed_milpsnap_grid4x4_k15.json,939,16,24,57,25.0538,0.0,0.403,OPTIMAL
grid_4x4,seed_milpsnap_grid4x4_k15.json,940,16,24,60,25.0538,0.0,0.418,OPTIMAL
grid_4x4,seed_milpsnap_grid4x4_k15.json,941,16,24,57,25.0538,4.561055428221943e-05,0.402,OPTIMAL
grid_4x4,seed_milpsnap_grid4x4_k15.json,942,16,24,54,25.0538,0.0,0.381,OPTIMAL
grid_4x4,seed_milpsnap_grid4x4_k15.json,943,16,24,47,25.0538,0.0,0.324,OPTIMAL
grid_4x4,seed_milpsnap_grid4x4_k15.json,944,16,24,46,25.0538,0.0,0.312,OPTIMAL
grid_4x4,seed_milpsnap_grid4x4_k15.json,945,16,24,46,25.0538,0.0,0.306,OPTIMAL
grid_4x4,seed_milpsnap_grid4x4_k15.json,946,16,24,45,25.0538,0.0,0.302,OPTIMAL
grid_4x4,seed_milpsnap_grid4x4_k15.json,947,16,24,49,25.0538,0.0,0.331,OPTIMAL
grid_4x4,seed_milpsnap_grid4x4_k15.json,948,16,24,49,25.0538,0.0,0.309,OPTIMAL
grid_4x4,seed_milpsnap_grid4x4_k15.json,949,16,24,53,25.0538,0.0,0.378,OPTIMAL
grid_4x4,seed_milpsnap_grid4x4_k15.json,950,16,24,56,25.0538,0.0,0.39,OPTIMAL
grid_4x4,seed_milpsnap_grid4x4_k15.json,951,16,24,61,25.0538,0.0,0.437,OPTIMAL
grid_4x4,seed_milpsnap_grid4x4_k15.json,952,16,24,56,25.0538,0.0,0.382,OPTIMAL
grid_4x4,seed_milpsnap_grid4x4_k15.json,953,16,24,56,25.0538,0.0,0.392,OPTIMAL
grid_4x4,seed_milpsnap_grid4x4_k15.json,954,16,24,58,25.0538,0.0,0.396,OPTIMAL
grid_4x4,seed_milpsnap_grid4x4_k15.json,955,16,24,55,25.0538,0.0,0.388,OPTIMAL
grid_4x4,seed_milpsnap_grid4x4_k15.json,956,16,24,56,25.0538,4.5610554282478685e-05,0.369,OPTIMAL
grid_4x4,seed_milpsnap_grid4x4_k15.json,957,16,24,58,25.0538,0.0,0.407,OPTIMAL
grid_4x4,seed_milpsnap_grid4x4_k15.json,958,16,24,62,25.0538,0.0,0.422,OPTIMAL
grid_4x4,seed_milpsnap_grid4x4_k15.json,959,16,24,62,25.0538,0.0,0.431,OPTIMAL
grid_4x4,seed_milpsnap_grid4x4_k15.json,960,16,24,64,25.0538,0.0,0.453,OPTIMAL
grid_4x4,seed_milpsnap_grid4x4_k15.json,961,16,24,63,25.0538,0.0,0.447,OPTIMAL
grid_4x4,seed_milpsnap_grid4x4_k15.json,962,16,24,63,25.0538,0.0,0.436,OPTIMAL
grid_4x4,seed_milpsnap_grid4x4_k15.json,963,16,24,61,25.0538,0.0,0.427,OPTIMAL
grid_4x4,seed_milpsnap_grid4x4_k15.json,964,16,24,56,25.0538,0.0,0.409,OPTIMAL
grid_4x4,seed_milpsnap_grid4x4_k15.json,965,16,24,55,25.0538,4.5610554282478685e-05,0.362,OPTIMAL
grid_4x4,seed_milpsnap_grid4x4_k15.json,966,16,24,55,25.0538,4.5610554282478685e-05,0.361,OPTIMAL
grid_4x4,seed_milpsnap_grid4x4_k15.json,967,16,24,56,25.0538,0.0,0.402,OPTIMAL
grid_4x4,seed_milpsnap_grid4x4_k15.json,968,16,24,58,25.0538,4.5610554282478685e-05,0.408,OPTIMAL
grid_4x4,seed_milpsnap_grid4x4_k15.json,969,16,24,56,25.0538,0.0,0.389,OPTIMAL
grid_4x4,seed_milpsnap_grid4x4_k15.json,970,16,24,59,25.0538,4.5610554282478685e-05,0.404,OPTIMAL
grid_4x4,seed_milpsnap_grid4x4_k15.json,971,16,24,59,25.0538,4.5610554282478685e-05,0.426,OPTIMAL
grid_4x4,seed_milpsnap_grid4x4_k15.json,972,16,24,58,25.0538,0.0,0.402,OPTIMAL
grid_4x4,seed_milpsnap_grid4x4_k15.json,973,16,24,57,25.0538,0.0,0.401,OPTIMAL
grid_4x4,seed_milpsnap_grid4x4_k15.json,974,16,24,60,25.0538,0.0,0.431,OPTIMAL
grid_4x4,seed_milpsnap_grid4x4_k15.json,975,16,24,60,25.0538,0.0,0.412,OPTIMAL
grid_4x4,seed_milpsnap_grid4x4_k15.json,976,16,24,61,25.0538,0.0,0.443,OPTIMAL
grid_4x4,seed_milpsnap_grid4x4_k15.json,977,16,24,59,25.0538,0.0,0.436,OPTIMAL
grid_4x4,seed_milpsnap_grid4x4_k15.json,978,16,24,63,25.0538,0.0,0.452,OPTIMAL
grid_4x4,seed_milpsnap_grid4x4_k15.json,979,16,24,66,25.0538,0.0,0.466,OPTIMAL
grid_4x4,seed_milpsnap_grid4x4_k15.json,980,16,24,68,25.0538,0.0,0.541,OPTIMAL
grid_4x4,seed_milpsnap_grid4x4_k15.json,981,16,24,67,25.0538,0.0,0.469,OPTIMAL
grid_4x4,seed_milpsnap_grid4x4_k15.json,982,16,24,69,25.0538,0.0,0.539,OPTIMAL
grid_4x4,seed_milpsnap_grid4x4_k15.json,983,16,24,67,25.0538,0.0,0.474,OPTIMAL
grid_4x4,seed_milpsnap_grid4x4_k15.json,984,16,24,67,25.0538,0.0,0.457,OPTIMAL
grid_4x4,seed_milpsnap_grid4x4_k15.json,985,16,24,63,25.0538,0.0,0.423,OPTIMAL
grid_4x4,seed_milpsnap_grid4x4_k15.json,986,16,24,64,25.0538,0.0,0.459,OPTIMAL
grid_4x4,seed_milpsnap_grid4x4_k15.json,987,16,24,65,25.0538,0.0,0.449,OPTIMAL
grid_4x4,seed_milpsnap_grid4x4_k15.json,988,16,24,67,25.0538,0.0,0.443,OPTIMAL
grid_4x4,seed_milpsnap_grid4x4_k15.json,989,16,24,64,25.0538,0.0,0.449,OPTIMAL
grid_4x4,seed_milpsnap_grid4x4_k15.json,990,16,24,64,25.0538,0.0,0.441,OPTIMAL
grid_4x4,seed_milpsnap_grid4x4_k15.json,991,16,24,66,25.0538,0.0,0.462,OPTIMAL
grid_4x4,seed_milpsnap_grid4x4_k15.json,992,16,24,67,25.0538,0.0,0.456,OPTIMAL
grid_4x4,seed_milpsnap_grid4x4_k15.json,993,16,24,65,25.0538,0.0,0.447,OPTIMAL
grid_4x4,seed_milpsnap_grid4x4_k15.json,994,16,24,67,25.0538,0.0,0.48,OPTIMAL
grid_4x4,seed_milpsnap_grid4x4_k15.json,995,16,24,67,25.0538,0.0,0.471,OPTIMAL
grid_4x4,seed_milpsnap_grid4x4_k15.json,996,16,24,61,25.0538,0.0,0.435,OPTIMAL
grid_4x4,seed_milpsnap_grid4x4_k15.json,997,16,24,58,25.0538,0.0,0.416,OPTIMAL
grid_4x4,seed_milpsnap_grid4x4_k15.json,998,16,24,58,25.0538,0.0,0.419,OPTIMAL
grid_4x4,seed_milpsnap_grid4x4_k15.json,999,16,24,59,25.0538,0.0,0.415,OPTIMAL
grid_4x4,seed_milpsnap_grid4x4_k15.json,1000,16,24,60,25.0538,0.0,0.435,OPTIMAL
grid_4x4,seed_milpsnap_grid4x4_k15.json,1001,16,24,61,25.0538,0.0,0.435,OPTIMAL
grid_4x4,seed_milpsnap_grid4x4_k15.json,1002,16,24,60,25.0538,0.0,0.442,OPTIMAL
grid_4x4,seed_milpsnap_grid4x4_k15.json,1003,16,24,58,25.0538,4.5610554282478685e-05,0.398,OPTIMAL
grid_4x4,seed_milpsnap_grid4x4_k15.json,1004,16,24,57,25.0538,0.0,0.378,OPTIMAL
grid_4x4,seed_milpsnap_grid4x4_k15.json,1005,16,24,54,25.0538,0.0,0.392,OPTIMAL
grid_4x4,seed_milpsnap_grid4x4_k15.json,1006,16,24,53,25.0538,0.0,0.375,OPTIMAL
grid_4x4,seed_milpsnap_grid4x4_k15.json,1007,16,24,54,25.0538,0.0,0.375,OPTIMAL
grid_4x4,seed_milpsnap_grid4x4_k15.json,1008,16,24,54,25.0538,0.0,0.374,OPTIMAL
grid_4x4,seed_milpsnap_grid4x4_k15.json,1009,16,24,49,25.0538,4.5610554282478685e-05,0.334,OPTIMAL
grid_4x4,seed_milpsnap_grid4x4_k15.json,1010,16,24,49,25.0538,0.0,0.314,OPTIMAL
grid_4x4,seed_milpsnap_grid4x4_k15.json,1011,16,24,51,25.0538,0.0,0.354,OPTIMAL
grid_4x4,seed_milpsnap_grid4x4_k15.json,1012,16,24,52,25.0538,0.0,0.368,OPTIMAL
grid_4x4,seed_milpsnap_grid4x4_k15.json,1013,16,24,54,25.0538,0.0,0.359,OPTIMAL
grid_4x4,seed_milpsnap_grid4x4_k15.json,1014,16,24,53,25.0538,4.5610554282478685e-05,0.378,OPTIMAL
grid_4x4,seed_milpsnap_grid4x4_k15.json,1015,16,24,51,25.0538,0.0,0.383,OPTIMAL
grid_4x4,seed_milpsnap_grid4x4_k15.json,1016,16,24,51,25.0538,0.0,0.365,OPTIMAL
grid_4x4,seed_milpsnap_grid4x4_k15.json,1017,16,24,53,25.0538,4.5610554282478685e-05,0.37,OPTIMAL
grid_4x4,seed_milpsnap_grid4x4_k15.json,1018,16,24,54,25.0538,4.5610554282478685e-05,0.373,OPTIMAL
grid_4x4,seed_milpsnap_grid4x4_k15.json,1019,16,24,55,25.0538,4.561055428221943e-05,0.35,OPTIMAL
grid_4x4,seed_milpsnap_grid4x4_k15.json,1020,16,24,57,25.0538,0.0,0.403,OPTIMAL
grid_4x4,seed_milpsnap_grid4x4_k15.json,1021,16,24,53,25.0538,0.0,0.382,OPTIMAL
grid_4x4,seed_milpsnap_grid4x4_k15.json,1022,16,24,51,25.0538,0.0,0.365,OPTIMAL
grid_4x4,seed_milpsnap_grid4x4_k15.json,1023,16,24,52,25.0538,0.0,0.368,OPTIMAL
grid_4x4,seed_milpsnap_grid4x4_k15.json,1024,16,24,56,25.0538,0.0,0.406,OPTIMAL
grid_4x4,seed_milpsnap_grid4x4_k15.json,1025,16,24,52,25.0538,0.0,0.369,OPTIMAL
grid_4x4,seed_milpsnap_grid4x4_k15.json,1026,16,24,55,25.0538,4.5610554282478685e-05,0.389,OPTIMAL
grid_4x4,seed_milpsnap_grid4x4_k15.json,1027,16,24,54,25.0538,0.0,0.395,OPTIMAL
grid_4x4,seed_milpsnap_grid4x4_k15.json,1028,16,24,52,25.0538,0.0,0.367,OPTIMAL
grid_4x4,seed_milpsnap_grid4x4_k15.json,1029,16,24,50,25.0538,0.0,0.329,OPTIMAL
grid_4x4,seed_milpsnap_grid4x4_k15.json,1030,16,24,53,25.0538,0.0,0.381,OPTIMAL
grid_4x4,seed_milpsnap_grid4x4_k15.json,1031,16,24,51,25.0538,0.0,0.364,OPTIMAL
grid_4x4,seed_milpsnap_grid4x4_k15.json,1032,16,24,51,25.0538,0.0,0.358,OPTIMAL
grid_4x4,seed_milpsnap_grid4x4_k15.json,1033,16,24,50,25.0538,0.0,0.345,OPTIMAL
grid_4x4,seed_milpsnap_grid4x4_k15.json,1034,16,24,53,25.0538,0.0,0.392,OPTIMAL
grid_4x4,seed_milpsnap_grid4x4_k15.json,1035,16,24,55,25.0538,0.0,0.399,OPTIMAL
grid_4x4,seed_milpsnap_grid4x4_k15.json,1036,16,24,58,25.0538,0.0,0.407,OPTIMAL
grid_4x4,seed_milpsnap_grid4x4_k15.json,1037,16,24,56,25.0538,0.0,0.391,OPTIMAL
grid_4x4,seed_milpsnap_grid4x4_k15.json,1038,16,24,56,25.0538,0.0,0.394,OPTIMAL
grid_4x4,seed_milpsnap_grid4x4_k15.json,1039,16,24,53,25.0538,0.0,0.365,OPTIMAL
grid_4x4,seed_milpsnap_grid4x4_k15.json,1040,16,24,56,25.0538,0.0,0.392,OPTIMAL
grid_4x4,seed_milpsnap_grid4x4_k15.json,1041,16,24,56,25.0538,0.0,0.398,OPTIMAL
grid_4x4,seed_milpsnap_grid4x4_k15.json,1042,16,24,56,25.0538,0.0,0.371,OPTIMAL
grid_4x4,seed_milpsnap_grid4x4_k15.json,1043,16,24,56,25.0538,0.0,0.376,OPTIMAL
grid_4x4,seed_milpsnap_grid4x4_k15.json,1044,16,24,58,25.0538,4.5610554282478685e-05,0.395,OPTIMAL
grid_4x4,seed_milpsnap_grid4x4_k15.json,1045,16,24,57,25.0538,0.0,0.388,OPTIMAL
grid_4x4,seed_milpsnap_grid4x4_k15.json,1046,16,24,58,25.0538,0.0,0.405,OPTIMAL
grid_4x4,seed_milpsnap_grid4x4_k15.json,1047,16,24,54,25.0538,0.0,0.375,OPTIMAL
grid_4x4,seed_milpsnap_grid4x4_k15.json,1048,16,24,54,25.0538,0.0,0.367,OPTIMAL
grid_4x4,seed_milpsnap_grid4x4_k15.json,1049,16,24,50,25.0538,0.0,0.36,OPTIMAL
grid_4x4,seed_milpsnap_grid4x4_k15.json,1050,16,24,46,25.0538,0.0,0.336,OPTIMAL
grid_4x4,seed_milpsnap_grid4x4_k15.json,1051,16,24,46,25.0538,0.0,0.302,OPTIMAL
grid_4x4,seed_milpsnap_grid4x4_k15.json,1052,16,24,49,25.0538,0.0,0.346,OPTIMAL
grid_4x4,seed_milpsnap_grid4x4_k15.json,1053,16,24,49,25.0538,0.0,0.352,OPTIMAL
grid_4x4,seed_milpsnap_grid4x4_k15.json,1054,16,24,52,25.0538,0.0,0.366,OPTIMAL
grid_4x4,seed_milpsnap_grid4x4_k15.json,1055,16,24,1,68.7769,0.0,0.007,OPTIMAL
grid_4x4,seed_milpsnap_grid4x4_k15.json,1056,16,24,4,37.5461,5.473378853611377e-05,0.043,OPTIMAL
grid_4x4,seed_milpsnap_grid4x4_k15.json,1057,16,24,7,31.3,0.0,0.048,OPTIMAL
grid_4x4,seed_milpsnap_grid4x4_k15.json,1058,16,24,11,31.3,0.0,0.047,OPTIMAL
grid_4x4,seed_milpsnap_grid4x4_k15.json,1059,16,24,12,31.3,0.0,0.052,OPTIMAL
grid_4x4,seed_milpsnap_grid4x4_k15.json,1060,16,24,13,31.3,0.0,0.055,OPTIMAL
grid_4x4,seed_milpsnap_grid4x4_k15.json,1061,16,24,16,31.3,0.0,0.065,OPTIMAL
grid_4x4,seed_milpsnap_grid4x4_k15.json,1062,16,24,17,31.3,0.0,0.07,OPTIMAL
grid_4x4,seed_milpsnap_grid4x4_k15.json,1063,16,24,19,31.3,0.0,0.079,OPTIMAL
grid_4x4,seed_milpsnap_grid4x4_k15.json,1064,16,24,21,25.0538,0.0,0.137,OPTIMAL
grid_4x4,seed_milpsnap_grid4x4_k15.json,1065,16,24,26,25.0538,0.0,0.167,OPTIMAL
grid_4x4,seed_milpsnap_grid4x4_k15.json,1066,16,24,34,25.0538,0.0,0.232,OPTIMAL
grid_4x4,seed_milpsnap_grid4x4_k15.json,1067,16,24,37,25.0538,0.0,0.248,OPTIMAL
grid_4x4,seed_milpsnap_grid4x4_k15.json,1068,16,24,39,25.0538,0.0,0.245,OPTIMAL
grid_4x4,seed_milpsnap_grid4x4_k15.json,1069,16,24,43,25.0538,0.0,0.287,OPTIMAL
grid_4x4,seed_milpsnap_grid4x4_k15.json,1070,16,24,45,25.0538,0.0,0.295,OPTIMAL
grid_4x4,seed_milpsnap_grid4x4_k15.json,1071,16,24,46,25.0538,0.0,0.329,OPTIMAL
grid_4x4,seed_milpsnap_grid4x4_k15.json,1072,16,24,50,25.0538,0.0,0.323,OPTIMAL
grid_4x4,seed_milpsnap_grid4x4_k15.json,1073,16,24,50,25.0538,4.561055428221943e-05,0.346,OPTIMAL
grid_4x4,seed_milpsnap_grid4x4_k15.json,1074,16,24,54,25.0538,0.0,0.377,OPTIMAL
grid_4x4,seed_milpsnap_grid4x4_k15.json,1075,16,24,56,25.0538,0.0,0.402,OPTIMAL
grid_4x4,seed_milpsnap_grid4x4_k15.json,1076,16,24,56,25.0538,0.0,0.388,OPTIMAL
grid_4x4,seed_milpsnap_grid4x4_k15.json,1077,16,24,55,25.0538,0.0,0.381,OPTIMAL
grid_4x4,seed_milpsnap_grid4x4_k15.json,1078,16,24,62,25.0538,0.0,0.434,OPTIMAL
grid_4x4,seed_milpsnap_grid4x4_k15.json,1079,16,24,62,25.0538,0.0,0.429,OPTIMAL
grid_4x4,seed_milpsnap_grid4x4_k15.json,1080,16,24,59,25.0538,0.0,0.405,OPTIMAL
grid_4x4,seed_milpsnap_grid4x4_k15.json,1081,16,24,53,25.0538,0.0,0.392,OPTIMAL
grid_4x4,seed_milpsnap_grid4x4_k15.json,1082,16,24,53,25.0538,0.0,0.383,OPTIMAL
grid_4x4,seed_milpsnap_grid4x4_k15.json,1083,16,24,57,25.0538,4.5610554282478685e-05,0.382,OPTIMAL
grid_4x4,seed_milpsnap_grid4x4_k15.json,1084,16,24,57,25.0538,4.5610554282478685e-05,0.403,OPTIMAL
grid_4x4,seed_milpsnap_grid4x4_k15.json,1085,16,24,55,25.0538,4.5610554282478685e-05,0.366,OPTIMAL
grid_4x4,seed_milpsnap_grid4x4_k15.json,1086,16,24,54,25.0538,0.0,0.381,OPTIMAL
grid_4x4,seed_milpsnap_grid4x4_k15.json,1087,16,24,49,25.0538,0.0,0.337,OPTIMAL
grid_4x4,seed_milpsnap_grid4x4_k15.json,1088,16,24,50,25.0538,0.0,0.332,OPTIMAL
grid_4x4,seed_milpsnap_grid4x4_k15.json,1089,16,24,49,25.0538,0.0,0.337,OPTIMAL
grid_4x4,seed_milpsnap_grid4x4_k15.json,1090,16,24,48,25.0538,4.5610554282478685e-05,0.331,OPTIMAL
grid_4x4,seed_milpsnap_grid4x4_k15.json,1091,16,24,51,25.0538,0.0,0.359,OPTIMAL
grid_4x4,seed_milpsnap_grid4x4_k15.json,1092,16,24,53,25.0538,0.0,0.382,OPTIMAL
grid_4x4,seed_milpsnap_grid4x4_k15.json,1093,16,24,50,25.0538,0.0,0.344,OPTIMAL
grid_4x4,seed_milpsnap_grid4x4_k15.json,1094,16,24,52,25.0538,0.0,0.364,OPTIMAL
grid_4x4,seed_milpsnap_grid4x4_k15.json,1095,16,24,57,25.0538,4.5610554282478685e-05,0.398,OPTIMAL
grid_4x4,seed_milpsnap_grid4x4_k15.json,1096,16,24,60,25.0538,0.0,0.416,OPTIMAL
grid_4x4,seed_milpsnap_grid4x4_k15.json,1097,16,24,60,25.0538,0.0,0.433,OPTIMAL
grid_4x4,seed_milpsnap_grid4x4_k15.json,1098,16,24,60,25.0538,0.0,0.432,OPTIMAL
grid_4x4,seed_milpsnap_grid4x4_k15.json,1099,16,24,61,25.0538,0.0,0.432,OPTIMAL
grid_4x4,seed_milpsnap_grid4x4_k15.json,1100,16,24,61,25.0538,0.0,0.421,OPTIMAL
grid_4x4,seed_milpsnap_grid4x4_k15.json,1101,16,24,64,25.0538,0.0,0.441,OPTIMAL
grid_4x4,seed_milpsnap_grid4x4_k15.json,1102,16,24,65,25.0538,0.0,0.471,OPTIMAL
grid_4x4,seed_milpsnap_grid4x4_k15.json,1103,16,24,63,25.0538,0.0,0.416,OPTIMAL
grid_4x4,seed_milpsnap_grid4x4_k15.json,1104,16,24,61,25.0538,0.0,0.431,OPTIMAL
grid_4x4,seed_milpsnap_grid4x4_k15.json,1105,16,24,60,25.0538,0.0,0.427,OPTIMAL
grid_4x4,seed_milpsnap_grid4x4_k15.json,1106,16,24,54,25.0538,4.5610554282478685e-05,0.374,OPTIMAL
grid_4x4,seed_milpsnap_grid4x4_k15.json,1107,16,24,56,25.0538,0.0,0.398,OPTIMAL
grid_4x4,seed_milpsnap_grid4x4_k15.json,1108,16,24,52,25.0538,0.0,0.362,OPTIMAL
grid_4x4,seed_milpsnap_grid4x4_k15.json,1109,16,24,52,25.0538,0.0,0.378,OPTIMAL
grid_4x4,seed_milpsnap_grid4x4_k15.json,1110,16,24,47,25.0538,0.0,0.32,OPTIMAL
grid_4x4,seed_milpsnap_grid4x4_k15.json,1111,16,24,45,25.0538,0.0,0.294,OPTIMAL
grid_4x4,seed_milpsnap_grid4x4_k15.json,1112,16,24,46,25.0538,0.0,0.278,OPTIMAL
grid_4x4,seed_milpsnap_grid4x4_k15.json,1113,16,24,47,25.0538,0.0,0.337,OPTIMAL
grid_4x4,seed_milpsnap_grid4x4_k15.json,1114,16,24,45,25.0538,0.0,0.303,OPTIMAL
grid_4x4,seed_milpsnap_grid4x4_k15.json,1115,16,24,47,25.0538,0.0,0.319,OPTIMAL
grid_4x4,seed_milpsnap_grid4x4_k15.json,1116,16,24,45,25.0538,0.0,0.315,OPTIMAL
grid_4x4,seed_milpsnap_grid4x4_k15.json,1117,16,24,45,25.0538,0.0,0.302,OPTIMAL
grid_4x4,seed_milpsnap_grid4x4_k15.json,1118,16,24,44,25.0538,0.0,0.296,OPTIMAL
grid_4x4,seed_milpsnap_grid4x4_k15.json,1119,16,24,44,25.0538,0.0,0.292,OPTIMAL
grid_4x4,seed_milpsnap_grid4x4_k15.json,1120,16,24,45,25.0538,0.0,0.314,OPTIMAL
grid_4x4,seed_milpsnap_grid4x4_k15.json,1121,16,24,51,25.0538,0.0,0.357,OPTIMAL
grid_4x4,seed_milpsnap_grid4x4_k15.json,1122,16,24,52,25.0538,0.0,0.365,OPTIMAL
grid_4x4,seed_milpsnap_grid4x4_k15.json,1123,16,24,56,25.0538,0.0,0.396,OPTIMAL
grid_4x4,seed_milpsnap_grid4x4_k15.json,1124,16,24,55,25.0538,0.0,0.379,OPTIMAL
grid_4x4,seed_milpsnap_grid4x4_k15.json,1125,16,24,55,25.0538,0.0,0.398,OPTIMAL
grid_4x4,seed_milpsnap_grid4x4_k15.json,1126,16,24,58,25.0538,0.0,0.419,OPTIMAL
grid_4x4,seed_milpsnap_grid4x4_k15.json,1127,16,24,58,25.0538,0.0,0.401,OPTIMAL
grid_4x4,seed_milpsnap_grid4x4_k15.json,1128,16,24,54,25.0538,0.0,0.374,OPTIMAL
grid_4x4,seed_milpsnap_grid4x4_k15.json,1129,16,24,51,25.0538,0.0,0.369,OPTIMAL
grid_4x4,seed_milpsnap_grid4x4_k15.json,1130,16,24,53,25.0538,0.0,0.374,OPTIMAL
grid_4x4,seed_milpsnap_grid4x4_k15.json,1131,16,24,52,25.0538,0.0,0.343,OPTIMAL
grid_4x4,seed_milpsnap_grid4x4_k15.json,1132,16,24,50,25.0538,0.0,0.335,OPTIMAL
grid_4x4,seed_milpsnap_grid4x4_k15.json,1133,16,24,51,25.0538,0.0,0.377,OPTIMAL
grid_4x4,seed_milpsnap_grid4x4_k15.json,1134,16,24,53,25.0538,0.0,0.375,OPTIMAL
grid_4x4,seed_milpsnap_grid4x4_k15.json,1135,16,24,55,25.0538,0.0,0.373,OPTIMAL
grid_4x4,seed_milpsnap_grid4x4_k15.json,1136,16,24,53,25.0538,0.0,0.39,OPTIMAL
grid_4x4,seed_milpsnap_grid4x4_k15.json,1137,16,24,53,25.0538,0.0,0.355,OPTIMAL
grid_4x4,seed_milpsnap_grid4x4_k15.json,1138,16,24,50,25.0538,0.0,0.348,OPTIMAL
grid_4x4,seed_milpsnap_grid4x4_k15.json,1139,16,24,52,25.0538,0.0,0.371,OPTIMAL
grid_4x4,seed_milpsnap_grid4x4_k15.json,1140,16,24,52,25.0538,0.0,0.325,OPTIMAL
grid_4x4,seed_milpsnap_grid4x4_k15.json,1141,16,24,54,25.0538,0.0,0.372,OPTIMAL
grid_4x4,seed_milpsnap_grid4x4_k15.json,1142,16,24,52,25.0538,0.0,0.36,OPTIMAL
grid_4x4,seed_milpsnap_grid4x4_k15.json,1143,16,24,50,25.0538,0.0,0.354,OPTIMAL
grid_4x4,seed_milpsnap_grid4x4_k15.json,1144,16,24,54,25.0538,0.0,0.388,OPTIMAL
grid_4x4,seed_milpsnap_grid4x4_k15.json,1145,16,24,56,25.0538,0.0,0.404,OPTIMAL
grid_4x4,seed_milpsnap_grid4x4_k15.json,1146,16,24,55,25.0538,0.0,0.391,OPTIMAL
grid_4x4,seed_milpsnap_grid4x4_k15.json,1147,16,24,59,25.0538,0.0,0.405,OPTIMAL
grid_4x4,seed_milpsnap_grid4x4_k15.json,1148,16,24,61,25.0538,0.0,0.428,OPTIMAL
grid_4x4,seed_milpsnap_grid4x4_k15.json,1149,16,24,60,25.0538,0.0,0.425,OPTIMAL
grid_4x4,seed_milpsnap_grid4x4_k15.json,1150,16,24,60,25.0538,0.0,0.419,OPTIMAL
grid_4x4,seed_milpsnap_grid4x4_k15.json,1151,16,24,58,25.0538,0.0,0.409,OPTIMAL
grid_4x4,seed_milpsnap_grid4x4_k15.json,1152,16,24,57,25.0538,0.0,0.397,OPTIMAL
grid_4x4,seed_milpsnap_grid4x4_k15.json,1153,16,24,57,25.0538,4.5610554282478685e-05,0.373,OPTIMAL
grid_4x4,seed_milpsnap_grid4x4_k15.json,1154,16,24,54,25.0538,0.0,0.387,OPTIMAL
grid_4x4,seed_milpsnap_grid4x4_k15.json,1155,16,24,57,25.0538,0.0,0.386,OPTIMAL
grid_4x4,seed_milpsnap_grid4x4_k15.json,1156,16,24,57,25.0538,0.0,0.393,OPTIMAL
grid_4x4,seed_milpsnap_grid4x4_k15.json,1157,16,24,61,25.0538,0.0,0.421,OPTIMAL
grid_4x4,seed_milpsnap_grid4x4_k15.json,1158,16,24,61,25.0538,0.0,0.444,OPTIMAL
grid_4x4,seed_milpsnap_grid4x4_k15.json,1159,16,24,61,25.0538,0.0,0.438,OPTIMAL
grid_4x4,seed_milpsnap_grid4x4_k15.json,1160,16,24,61,25.0538,0.0,0.421,OPTIMAL
grid_4x4,seed_milpsnap_grid4x4_k15.json,1161,16,24,67,25.0538,4.5610554282478685e-05,0.472,OPTIMAL
grid_4x4,seed_milpsnap_grid4x4_k15.json,1162,16,24,64,25.0538,0.0,0.435,OPTIMAL
grid_4x4,seed_milpsnap_grid4x4_k15.json,1163,16,24,61,25.0538,0.0,0.43,OPTIMAL
grid_4x4,seed_milpsnap_grid4x4_k15.json,1164,16,24,59,25.0538,0.0,0.432,OPTIMAL
grid_4x4,seed_milpsnap_grid4x4_k15.json,1165,16,24,56,25.0538,0.0,0.386,OPTIMAL
grid_4x4,seed_milpsnap_grid4x4_k15.json,1166,16,24,59,25.0538,0.0,0.378,OPTIMAL
grid_4x4,seed_milpsnap_grid4x4_k15.json,1167,16,24,61,25.0538,0.0,0.447,OPTIMAL
grid_4x4,seed_milpsnap_grid4x4_k15.json,1168,16,24,63,25.0538,4.5610554282478685e-05,0.424,OPTIMAL
grid_4x4,seed_milpsnap_grid4x4_k15.json,1169,16,24,65,25.0538,0.0,0.429,OPTIMAL
grid_4x4,seed_milpsnap_grid4x4_k15.json,1170,16,24,61,25.0538,0.0,0.415,OPTIMAL
grid_4x4,seed_milpsnap_grid4x4_k15.json,1171,16,24,53,25.0538,0.0,0.377,OPTIMAL
grid_4x4,seed_milpsnap_grid4x4_k15.json,1172,16,24,49,25.0538,4.561055428221943e-05,0.323,OPTIMAL
grid_4x4,seed_milpsnap_grid4x4_k15.json,1173,16,24,54,25.0538,0.0,0.367,OPTIMAL
grid_4x4,seed_milpsnap_grid4x4_k15.json,1174,16,24,52,25.0538,0.0,0.371,OPTIMAL
grid_4x4,seed_milpsnap_grid4x4_k15.json,1175,16,24,51,25.0538,0.0,0.354,OPTIMAL
grid_4x4,seed_milpsnap_grid4x4_k15.json,1176,16,24,47,25.0538,0.0,0.312,OPTIMAL
grid_4x4,seed_milpsnap_grid4x4_k15.json,1177,16,24,46,25.0538,0.0,0.302,OPTIMAL
grid_4x4,seed_milpsnap_grid4x4_k15.json,1178,16,24,47,25.0538,0.0,0.33,OPTIMAL
grid_4x4,seed_milpsnap_grid4x4_k15.json,1179,16,24,51,25.0538,0.0,0.347,OPTIMAL
grid_4x4,seed_milpsnap_grid4x4_k15.json,1180,16,24,53,25.0538,0.0,0.344,OPTIMAL
grid_4x4,seed_milpsnap_grid4x4_k15.json,1181,16,24,54,25.0538,0.0,0.388,OPTIMAL
grid_4x4,seed_milpsnap_grid4x4_k15.json,1182,16,24,53,25.0538,4.561055428221943e-05,0.363,OPTIMAL
grid_4x4,seed_milpsnap_grid4x4_k15.json,1183,16,24,51,25.0538,0.0,0.351,OPTIMAL
grid_4x4,seed_milpsnap_grid4x4_k15.json,1184,16,24,48,25.0538,0.0,0.33,OPTIMAL
grid_4x4,seed_milpsnap_grid4x4_k15.json,1185,16,24,51,25.0538,0.0,0.353,OPTIMAL
grid_4x4,seed_milpsnap_grid4x4_k15.json,1186,16,24,55,25.0538,0.0,0.397,OPTIMAL
grid_4x4,seed_milpsnap_grid4x4_k15.json,1187,16,24,53,25.0538,0.0,0.341,OPTIMAL
grid_4x4,seed_milpsnap_grid4x4_k15.json,1188,16,24,51,25.0538,0.0,0.347,OPTIMAL
grid_4x4,seed_milpsnap_grid4x4_k15.json,1189,16,24,50,25.0538,0.0,0.355,OPTIMAL
grid_4x4,seed_milpsnap_grid4x4_k15.json,1190,16,24,46,25.0538,4.561055428221943e-05,0.332,OPTIMAL
grid_4x4,seed_milpsnap_grid4x4_k15.json,1191,16,24,43,25.0538,0.0,0.29,OPTIMAL
grid_4x4,seed_milpsnap_grid4x4_k15.json,1192,16,24,45,25.0538,0.0,0.289,OPTIMAL
grid_4x4,seed_milpsnap_grid4x4_k15.json,1193,16,24,45,25.0538,0.0,0.297,OPTIMAL
grid_4x4,seed_milpsnap_grid4x4_k15.json,1194,16,24,43,25.0538,0.0,0.312,OPTIMAL
grid_4x4,seed_milpsnap_grid4x4_k15.json,1195,16,24,43,25.0538,0.0,0.283,OPTIMAL
grid_4x4,seed_milpsnap_grid4x4_k15.json,1196,16,24,40,25.0538,0.0,0.261,OPTIMAL
grid_4x4,seed_milpsnap_grid4x4_k15.json,1197,16,24,40,25.0538,4.561055428221943e-05,0.264,OPTIMAL
grid_4x4,seed_milpsnap_grid4x4_k15.json,1198,16,24,44,25.0538,0.0,0.295,OPTIMAL
grid_4x4,seed_milpsnap_grid4x4_k15.json,1199,16,24,46,25.0538,0.0,0.326,OPTIMAL
grid_4x4,seed_milpsnap_grid4x4_k15.json,1200,16,24,43,25.0538,0.0,0.282,OPTIMAL
grid_4x4,seed_milpsnap_grid4x4_k15.json,1201,16,24,44,25.0538,0.0,0.284,OPTIMAL
grid_4x4,seed_milpsnap_grid4x4_k15.json,1202,16,24,49,25.0538,0.0,0.343,OPTIMAL
grid_4x4,seed_milpsnap_grid4x4_k15.json,1203,16,24,47,25.0538,0.0,0.331,OPTIMAL
grid_4x4,seed_milpsnap_grid4x4_k15.json,1204,16,24,47,25.0538,0.0,0.306,OPTIMAL
grid_4x4,seed_milpsnap_grid4x4_k15.json,1205,16,24,46,25.0538,0.0,0.299,OPTIMAL
grid_4x4,seed_milpsnap_grid4x4_k15.json,1206,16,24,1,87.5154,0.0,0.004,OPTIMAL
grid_4x4,seed_milpsnap_grid4x4_k15.json,1207,16,24,2,62.5385,0.0,0.008,OPTIMAL
grid_4x4,seed_milpsnap_grid4x4_k15.json,1208,16,24,6,43.7923,0.0,0.033,OPTIMAL
grid_4x4,seed_milpsnap_grid4x4_k15.json,1209,16,24,7,31.3,4.975743251657831e-05,0.084,OPTIMAL
grid_4x4,seed_milpsnap_grid4x4_k15.json,1210,16,24,12,31.3,0.0,0.052,OPTIMAL
grid_4x4,seed_milpsnap_grid4x4_k15.json,1211,16,24,19,25.0538,0.0,0.123,OPTIMAL
grid_4x4,seed_milpsnap_grid4x4_k15.json,1212,16,24,24,25.0538,0.0,0.138,OPTIMAL
grid_4x4,seed_milpsnap_grid4x4_k15.json,1213,16,24,28,25.0538,0.0,0.201,OPTIMAL
grid_4x4,seed_milpsnap_grid4x4_k15.json,1214,16,24,32,25.0538,0.0,0.2,OPTIMAL
grid_4x4,seed_milpsnap_grid4x4_k15.json,1215,16,24,34,25.0538,0.0,0.212,OPTIMAL
grid_4x4,seed_milpsnap_grid4x4_k15.json,1216,16,24,40,25.0538,0.0,0.248,OPTIMAL
grid_4x4,seed_milpsnap_grid4x4_k15.json,1217,16,24,42,25.0538,0.0,0.263,OPTIMAL
grid_4x4,seed_milpsnap_grid4x4_k15.json,1218,16,24,46,25.0538,0.0,0.316,OPTIMAL
grid_4x4,seed_milpsnap_grid4x4_k15.json,1219,16,24,49,25.0538,0.0,0.306,OPTIMAL
grid_4x4,seed_milpsnap_grid4x4_k15.json,1220,16,24,57,25.0538,0.0,0.389,OPTIMAL
grid_4x4,seed_milpsnap_grid4x4_k15.json,1221,16,24,59,25.0538,0.0,0.414,OPTIMAL
grid_4x4,seed_milpsnap_grid4x4_k15.json,1222,16,24,59,25.0538,0.0,0.421,OPTIMAL
grid_4x4,seed_milpsnap_grid4x4_k15.json,1223,16,24,61,25.0538,4.5610554282478685e-05,0.426,OPTIMAL
grid_4x4,seed_milpsnap_grid4x4_k15.json,1224,16,24,62,25.0538,0.0,0.436,OPTIMAL
grid_4x4,seed_milpsnap_grid4x4_k15.json,1225,16,24,60,25.0538,0.0,0.427,OPTIMAL
grid_4x4,seed_milpsnap_grid4x4_k15.json,1226,16,24,56,25.0538,4.5610554282478685e-05,0.379,OPTIMAL
grid_4x4,seed_milpsnap_grid4x4_k15.json,1227,16,24,57,25.0538,0.0,0.39,OPTIMAL
grid_4x4,seed_milpsnap_grid4x4_k15.json,1228,16,24,60,25.0538,4.5610554282478685e-05,0.44,OPTIMAL
grid_4x4,seed_milpsnap_grid4x4_k15.json,1229,16,24,63,25.0538,0.0,0.422,OPTIMAL
grid_4x4,seed_milpsnap_grid4x4_k15.json,1230,16,24,60,25.0538,4.5610554282478685e-05,0.418,OPTIMAL
grid_4x4,seed_milpsnap_grid4x4_k15.json,1231,16,24,66,25.0538,4.5610554282478685e-05,0.459,OPTIMAL
grid_4x4,seed_milpsnap_grid4x4_k15.json,1232,16,24,62,25.0538,0.0,0.454,OPTIMAL
grid_4x4,seed_milpsnap_grid4x4_k15.json,1233,16,24,68,25.0538,0.0,0.528,OPTIMAL
grid_4x4,seed_milpsnap_grid4x4_k15.json,1234,16,24,65,25.0538,0.0,0.429,OPTIMAL
grid_4x4,seed_milpsnap_grid4x4_k15.json,1235,16,24,60,25.0538,0.0,0.441,OPTIMAL
grid_4x4,seed_milpsnap_grid4x4_k15.json,1236,16,24,62,25.0538,0.0,0.438,OPTIMAL
grid_4x4,seed_milpsnap_grid4x4_k15.json,1237,16,24,60,25.0538,4.5610554282478685e-05,0.44,OPTIMAL
grid_4x4,seed_milpsnap_grid4x4_k15.json,1238,16,24,61,25.0538,4.5610554282478685e-05,0.442,OPTIMAL
grid_4x4,seed_milpsnap_grid4x4_k15.json,1239,16,24,57,25.0538,0.0,0.36,OPTIMAL
grid_4x4,seed_milpsnap_grid4x4_k15.json,1240,16,24,56,25.0538,0.0,0.391,OPTIMAL
grid_4x4,seed_milpsnap_grid4x4_k15.json,1241,16,24,61,25.0538,0.0,0.435,OPTIMAL
grid_4x4,seed_milpsnap_grid4x4_k15.json,1242,16,24,59,25.0538,0.0,0.423,OPTIMAL
grid_4x4,seed_milpsnap_grid4x4_k15.json,1243,16,24,54,25.0538,0.0,0.372,OPTIMAL
grid_4x4,seed_milpsnap_grid4x4_k15.json,1244,16,24,52,25.0538,0.0,0.373,OPTIMAL
grid_4x4,seed_milpsnap_grid4x4_k15.json,1245,16,24,49,25.0538,0.0,0.342,OPTIMAL
grid_4x4,seed_milpsnap_grid4x4_k15.json,1246,16,24,43,25.0538,4.5610554282478685e-05,0.282,OPTIMAL
grid_4x4,seed_milpsnap_grid4x4_k15.json,1247,16,24,48,25.0538,0.0,0.317,OPTIMAL
grid_4x4,seed_milpsnap_grid4x4_k15.json,1248,16,24,46,25.0538,0.0,0.312,OPTIMAL
grid_4x4,seed_milpsnap_grid4x4_k15.json,1249,16,24,49,25.0538,0.0,0.348,OPTIMAL
grid_4x4,seed_milpsnap_grid4x4_k15.json,1250,16,24,47,25.0538,0.0,0.338,OPTIMAL
grid_4x4,seed_milpsnap_grid4x4_k15.json,1251,16,24,46,25.0538,0.0,0.299,OPTIMAL
grid_4x4,seed_milpsnap_grid4x4_k15.json,1252,16,24,48,25.0538,0.0,0.33,OPTIMAL
grid_4x4,seed_milpsnap_grid4x4_k15.json,1253,16,24,47,25.0538,0.0,0.33,OPTIMAL
grid_4x4,seed_milpsnap_grid4x4_k15.json,1254,16,24,46,25.0538,0.0,0.317,OPTIMAL
grid_4x4,seed_milpsnap_grid4x4_k15.json,1255,16,24,47,25.0538,0.0,0.311,OPTIMAL
grid_4x4,seed_milpsnap_grid4x4_k15.json,1256,16,24,42,25.0538,0.0,0.269,OPTIMAL
grid_4x4,seed_milpsnap_grid4x4_k15.json,1257,16,24,46,25.0538,0.0,0.308,OPTIMAL
grid_4x4,seed_milpsnap_grid4x4_k15.json,1258,16,24,51,25.0538,0.0,0.36,OPTIMAL
grid_4x4,seed_milpsnap_grid4x4_k15.json,1259,16,24,52,25.0538,0.0,0.371,OPTIMAL
grid_4x4,seed_milpsnap_grid4x4_k15.json,1260,16,24,53,25.0538,0.0,0.381,OPTIMAL
grid_4x4,seed_milpsnap_grid4x4_k15.json,1261,16,24,54,25.0538,0.0,0.382,OPTIMAL
grid_4x4,seed_milpsnap_grid4x4_k15.json,1262,16,24,53,25.0538,4.5610554282478685e-05,0.367,OPTIMAL
grid_4x4,seed_milpsnap_grid4x4_k15.json,1263,16,24,52,25.0538,0.0,0.359,OPTIMAL
grid_4x4,seed_milpsnap_grid4x4_k15.json,1264,16,24,51,25.0538,4.561055428234906e-05,0.365,OPTIMAL
grid_4x4,seed_milpsnap_grid4x4_k15.json,1265,16,24,53,25.0538,0.0,0.372,OPTIMAL
grid_4x4,seed_milpsnap_grid4x4_k15.json,1266,16,24,51,25.0538,0.0,0.349,OPTIMAL
grid_4x4,seed_milpsnap_grid4x4_k15.json,1267,16,24,56,25.0538,0.0,0.378,OPTIMAL
grid_4x4,seed_milpsnap_grid4x4_k15.json,1268,16,24,55,25.0538,0.0,0.392,OPTIMAL
grid_4x4,seed_milpsnap_grid4x4_k15.json,1269,16,24,58,25.0538,0.0,0.416,OPTIMAL
grid_4x4,seed_milpsnap_grid4x4_k15.json,1270,16,24,56,25.0538,0.0,0.393,OPTIMAL
grid_4x4,seed_milpsnap_grid4x4_k15.json,1271,16,24,57,25.0538,0.0,0.392,OPTIMAL
grid_4x4,seed_milpsnap_grid4x4_k15.json,1272,16,24,52,25.0538,4.5610554282478685e-05,0.374,OPTIMAL
grid_4x4,seed_milpsnap_grid4x4_k15.json,1273,16,24,48,25.0538,0.0,0.335,OPTIMAL
grid_4x4,seed_milpsnap_grid4x4_k15.json,1274,16,24,50,25.0538,4.5610554282478685e-05,0.354,OPTIMAL
grid_4x4,seed_milpsnap_grid4x4_k15.json,1275,16,24,56,25.0538,0.0,0.377,OPTIMAL
grid_4x4,seed_milpsnap_grid4x4_k15.json,1276,16,24,57,25.0538,0.0,0.456,OPTIMAL
grid_4x4,seed_milpsnap_grid4x4_k15.json,1277,16,24,56,25.0538,0.0,0.374,OPTIMAL
grid_4x4,seed_milpsnap_grid4x4_k15.json,1278,16,24,57,25.0538,0.0,0.365,OPTIMAL
grid_4x4,seed_milpsnap_grid4x4_k15.json,1279,16,24,58,25.0538,0.0,0.401,OPTIMAL
grid_4x4,seed_milpsnap_grid4x4_k15.json,1280,16,24,59,25.0538,0.0,0.422,OPTIMAL
grid_4x4,seed_milpsnap_grid4x4_k15.json,1281,16,24,58,25.0538,0.0,0.385,OPTIMAL
grid_4x4,seed_milpsnap_grid4x4_k15.json,1282,16,24,53,25.0538,4.5610554282478685e-05,0.363,OPTIMAL
grid_4x4,seed_milpsnap_grid4x4_k15.json,1283,16,24,55,25.0538,0.0,0.358,OPTIMAL
grid_4x4,seed_milpsnap_grid4x4_k15.json,1284,16,24,54,25.0538,0.0,0.368,OPTIMAL
grid_4x4,seed_milpsnap_grid4x4_k15.json,1285,16,24,54,25.0538,0.0,0.368,OPTIMAL
grid_4x4,seed_milpsnap_grid4x4_k15.json,1286,16,24,55,25.0538,0.0,0.39,OPTIMAL
grid_4x4,seed_milpsnap_grid4x4_k15.json,1287,16,24,54,25.0538,0.0,0.387,OPTIMAL
grid_4x4,seed_milpsnap_grid4x4_k15.json,1288,16,24,55,25.0538,0.0,0.365,OPTIMAL
grid_4x4,seed_milpsnap_grid4x4_k15.json,1289,16,24,55,25.0538,0.0,0.358,OPTIMAL
grid_4x4,seed_milpsnap_grid4x4_k15.json,1290,16,24,54,25.0538,0.0,0.395,OPTIMAL
grid_4x4,seed_milpsnap_grid4x4_k15.json,1291,16,24,52,25.0538,0.0,0.353,OPTIMAL
grid_4x4,seed_milpsnap_grid4x4_k15.json,1292,16,24,53,25.0538,0.0,0.385,OPTIMAL
grid_4x4,seed_milpsnap_grid4x4_k15.json,1293,16,24,56,25.0538,0.0,0.391,OPTIMAL
grid_4x4,seed_milpsnap_grid4x4_k15.json,1294,16,24,55,25.0538,0.0,0.38,OPTIMAL
grid_4x4,seed_milpsnap_grid4x4_k15.json,1295,16,24,56,25.0538,0.0,0.38,OPTIMAL
grid_4x4,seed_milpsnap_grid4x4_k15.json,1296,16,24,61,25.0538,4.5610554282478685e-05,0.41,OPTIMAL
grid_4x4,seed_milpsnap_grid4x4_k15.json,1297,16,24,62,25.0538,0.0,0.434,OPTIMAL
grid_4x4,seed_milpsnap_grid4x4_k15.json,1298,16,24,62,25.0538,0.0,0.428,OPTIMAL
grid_4x4,seed_milpsnap_grid4x4_k15.json,1299,16,24,63,25.0538,0.0,0.44,OPTIMAL
grid_4x4,seed_milpsnap_grid4x4_k15.json,1300,16,24,65,25.0538,0.0,0.46,OPTIMAL
grid_4x4,seed_milpsnap_grid4x4_k15.json,1301,16,24,64,25.0538,0.0,0.451,OPTIMAL
grid_4x4,seed_milpsnap_grid4x4_k15.json,1302,16,24,67,25.0538,0.0,0.46,OPTIMAL
grid_4x4,seed_milpsnap_grid4x4_k15.json,1303,16,24,71,25.0538,0.0,0.55,OPTIMAL
grid_4x4,seed_milpsnap_grid4x4_k15.json,1304,16,24,69,25.0538,0.0,0.509,OPTIMAL
grid_4x4,seed_milpsnap_grid4x4_k15.json,1305,16,24,67,25.0538,0.0,0.476,OPTIMAL
grid_4x4,seed_milpsnap_grid4x4_k15.json,1306,16,24,67,25.0538,0.0,0.462,OPTIMAL
grid_4x4,seed_milpsnap_grid4x4_k15.json,1307,16,24,66,25.0538,0.0,0.451,OPTIMAL
grid_4x4,seed_milpsnap_grid4x4_k15.json,1308,16,24,63,25.0538,0.0,0.429,OPTIMAL
grid_4x4,seed_milpsnap_grid4x4_k15.json,1309,16,24,65,25.0538,0.0,0.463,OPTIMAL
grid_4x4,seed_milpsnap_grid4x4_k15.json,1310,16,24,63,25.0538,0.0,0.426,OPTIMAL
grid_4x4,seed_milpsnap_grid4x4_k15.json,1311,16,24,66,25.0538,0.0,0.433,OPTIMAL
grid_4x4,seed_milpsnap_grid4x4_k15.json,1312,16,24,64,25.0538,0.0,0.451,OPTIMAL
grid_4x4,seed_milpsnap_grid4x4_k15.json,1313,16,24,63,25.0538,0.0,0.427,OPTIMAL
grid_4x4,seed_milpsnap_grid4x4_k15.json,1314,16,24,63,25.0538,4.5610554282478685e-05,0.419,OPTIMAL
grid_4x4,seed_milpsnap_grid4x4_k15.json,1315,16,24,60,25.0538,0.0,0.411,OPTIMAL
grid_4x4,seed_milpsnap_grid4x4_k15.json,1316,16,24,60,25.0538,0.0,0.416,OPTIMAL
grid_4x4,seed_milpsnap_grid4x4_k15.json,1317,16,24,57,25.0538,0.0,0.37,OPTIMAL
grid_4x4,seed_milpsnap_grid4x4_k15.json,1318,16,24,54,25.0538,0.0,0.374,OPTIMAL
grid_4x4,seed_milpsnap_grid4x4_k15.json,1319,16,24,55,25.0538,0.0,0.372,OPTIMAL
grid_4x4,seed_milpsnap_grid4x4_k15.json,1320,16,24,58,25.0538,0.0,0.393,OPTIMAL
grid_4x4,seed_milpsnap_grid4x4_k15.json,1321,16,24,61,25.0538,0.0,0.436,OPTIMAL
grid_4x4,seed_milpsnap_grid4x4_k15.json,1322,16,24,60,25.0538,0.0,0.428,OPTIMAL
grid_4x4,seed_milpsnap_grid4x4_k15.json,1323,16,24,60,25.0538,0.0,0.426,OPTIMAL
grid_4x4,seed_milpsnap_grid4x4_k15.json,1324,16,24,57,25.0538,0.0,0.406,OPTIMAL
grid_4x4,seed_milpsnap_grid4x4_k15.json,1325,16,24,55,25.0538,0.0,0.382,OPTIMAL
grid_4x4,seed_milpsnap_grid4x4_k15.json,1326,16,24,50,25.0538,0.0,0.328,OPTIMAL
grid_4x4,seed_milpsnap_grid4x4_k15.json,1327,16,24,52,25.0538,4.561055428221943e-05,0.353,OPTIMAL
grid_4x4,seed_milpsnap_grid4x4_k15.json,1328,16,24,53,25.0538,0.0,0.364,OPTIMAL
grid_4x4,seed_milpsnap_grid4x4_k15.json,1329,16,24,53,25.0538,0.0,0.391,OPTIMAL
grid_4x4,seed_milpsnap_grid4x4_k15.json,1330,16,24,54,25.0538,0.0,0.361,OPTIMAL
grid_4x4,seed_milpsnap_grid4x4_k15.json,1331,16,24,54,25.0538,0.0,0.376,OPTIMAL
grid_4x4,seed_milpsnap_grid4x4_k15.json,1332,16,24,56,25.0538,0.0,0.388,OPTIMAL
grid_4x4,seed_milpsnap_grid4x4_k15.json,1333,16,24,52,25.0538,0.0,0.374,OPTIMAL
grid_4x4,seed_milpsnap_grid4x4_k15.json,1334,16,24,50,25.0538,4.5610554282478685e-05,0.354,OPTIMAL
grid_4x4,seed_milpsnap_grid4x4_k15.json,1335,16,24,46,25.0538,0.0,0.313,OPTIMAL
grid_4x4,seed_milpsnap_grid4x4_k15.json,1336,16,24,46,25.0538,0.0,0.296,OPTIMAL
grid_4x4,seed_milpsnap_grid4x4_k15.json,1337,16,24,46,25.0538,0.0,0.322,OPTIMAL
grid_4x4,seed_milpsnap_grid4x4_k15.json,1338,16,24,48,25.0538,0.0,0.313,OPTIMAL
grid_4x4,seed_milpsnap_grid4x4_k15.json,1339,16,24,51,25.0538,0.0,0.359,OPTIMAL
grid_4x4,seed_milpsnap_grid4x4_k15.json,1340,16,24,52,25.0538,0.0,0.351,OPTIMAL
grid_4x4,seed_milpsnap_grid4x4_k15.json,1341,16,24,53,25.0538,0.0,0.391,OPTIMAL
grid_4x4,seed_milpsnap_grid4x4_k15.json,1342,16,24,49,25.0538,0.0,0.323,OPTIMAL
grid_4x4,seed_milpsnap_grid4x4_k15.json,1343,16,24,48,25.0538,0.0,0.317,OPTIMAL
grid_4x4,seed_milpsnap_grid4x4_k15.json,1344,16,24,50,25.0538,0.0,0.352,OPTIMAL
grid_4x4,seed_milpsnap_grid4x4_k15.json,1345,16,24,55,25.0538,0.0,0.392,OPTIMAL
grid_4x4,seed_milpsnap_grid4x4_k15.json,1346,16,24,57,25.0538,0.0,0.379,OPTIMAL
grid_4x4,seed_milpsnap_grid4x4_k15.json,1347,16,24,58,25.0538,0.0,0.405,OPTIMAL
grid_4x4,seed_milpsnap_grid4x4_k15.json,1348,16,24,61,25.0538,0.0,0.43,OPTIMAL
grid_4x4,seed_milpsnap_grid4x4_k15.json,1349,16,24,61,25.0538,0.0,0.454,OPTIMAL
grid_4x4,seed_milpsnap_grid4x4_k15.json,1350,16,24,60,25.0538,0.0,0.397,OPTIMAL
grid_4x4,seed_milpsnap_grid4x4_k15.json,1351,16,24,59,25.0538,0.0,0.445,OPTIMAL
grid_4x4,seed_milpsnap_grid4x4_k15.json,1352,16,24,59,25.0538,4.5610554282478685e-05,0.402,OPTIMAL
grid_4x4,seed_milpsnap_grid4x4_k15.json,1353,16,24,57,25.0538,0.0,0.369,OPTIMAL
grid_4x4,seed_milpsnap_grid4x4_k15.json,1354,16,24,53,25.0538,0.0,0.355,OPTIMAL
grid_4x4,seed_milpsnap_grid4x4_k15.json,1355,16,24,1,56.2846,0.0,0.011,OPTIMAL
grid_4x4,seed_milpsnap_grid4x4_k15.json,1356,16,24,3,50.0385,0.0,0.019,OPTIMAL
grid_4x4,seed_milpsnap_grid4x4_k15.json,1357,16,24,7,43.7923,0.0,0.029,OPTIMAL
grid_4x4,seed_milpsnap_grid4x4_k15.json,1358,16,24,11,31.3,0.0,0.067,OPTIMAL
grid_4x4,seed_milpsnap_grid4x4_k15.json,1359,16,24,14,31.3,0.0,0.064,OPTIMAL
grid_4x4,seed_milpsnap_grid4x4_k15.json,1360,16,24,17,25.0538,0.0,0.109,OPTIMAL
grid_4x4,seed_milpsnap_grid4x4_k15.json,1361,16,24,22,25.0538,0.0,0.143,OPTIMAL
grid_4x4,seed_milpsnap_grid4x4_k15.json,1362,16,24,24,25.0538,0.0,0.136,OPTIMAL
grid_4x4,seed_milpsnap_grid4x4_k15.json,1363,16,24,29,25.0538,0.0,0.166,OPTIMAL
grid_4x4,seed_milpsnap_grid4x4_k15.json,1364,16,24,31,25.0538,0.0,0.187,OPTIMAL
grid_4x4,seed_milpsnap_grid4x4_k15.json,1365,16,24,34,25.0538,0.0,0.205,OPTIMAL
grid_4x4,seed_milpsnap_grid4x4_k15.json,1366,16,24,37,25.0538,4.5610554282478685e-05,0.255,OPTIMAL
grid_4x4,seed_milpsnap_grid4x4_k15.json,1367,16,24,48,25.0538,0.0,0.336,OPTIMAL
grid_4x4,seed_milpsnap_grid4x4_k15.json,1368,16,24,57,25.0538,4.5610554282478685e-05,0.401,OPTIMAL
grid_4x4,seed_milpsnap_grid4x4_k15.json,1369,16,24,63,25.0538,0.0,0.432,OPTIMAL
grid_4x4,seed_milpsnap_grid4x4_k15.json,1370,16,24,64,25.0538,4.5610554282478685e-05,0.445,OPTIMAL
grid_4x4,seed_milpsnap_grid4x4_k15.json,1371,16,24,65,25.0538,0.0,0.452,OPTIMAL
grid_4x4,seed_milpsnap_grid4x4_k15.json,1372,16,24,64,25.0538,0.0,0.471,OPTIMAL
grid_4x4,seed_milpsnap_grid4x4_k15.json,1373,16,24,64,25.0538,0.0,0.457,OPTIMAL
grid_4x4,seed_milpsnap_grid4x4_k15.json,1374,16,24,67,25.0538,0.0,0.459,OPTIMAL
grid_4x4,seed_milpsnap_grid4x4_k15.json,1375,16,24,68,25.0538,0.0,0.531,OPTIMAL
grid_4x4,seed_milpsnap_grid4x4_k15.json,1376,16,24,64,25.0538,0.0,0.446,OPTIMAL
grid_4x4,seed_milpsnap_grid4x4_k15.json,1377,16,24,66,25.0538,0.0,0.443,OPTIMAL
grid_4x4,seed_milpsnap_grid4x4_k15.json,1378,16,24,65,25.0538,0.0,0.446,OPTIMAL
grid_4x4,seed_milpsnap_grid4x4_k15.json,1379,16,24,65,25.0538,0.0,0.463,OPTIMAL
grid_4x4,seed_milpsnap_grid4x4_k15.json,1380,16,24,64,25.0538,0.0,0.445,OPTIMAL
grid_4x4,seed_milpsnap_grid4x4_k15.json,1381,16,24,62,25.0538,0.0,0.416,OPTIMAL
grid_4x4,seed_milpsnap_grid4x4_k15.json,1382,16,24,52,25.0538,0.0,0.346,OPTIMAL
grid_4x4,seed_milpsnap_grid4x4_k15.json,1383,16,24,47,25.0538,0.0,0.289,OPTIMAL
grid_4x4,seed_milpsnap_grid4x4_k15.json,1384,16,24,44,25.0538,0.0,0.284,OPTIMAL
grid_4x4,seed_milpsnap_grid4x4_k15.json,1385,16,24,45,25.0538,0.0,0.303,OPTIMAL
grid_4x4,seed_milpsnap_grid4x4_k15.json,1386,16,24,44,25.0538,0.0,0.293,OPTIMAL
grid_4x4,seed_milpsnap_grid4x4_k15.json,1387,16,24,44,25.0538,0.0,0.284,OPTIMAL
grid_4x4,seed_milpsnap_grid4x4_k15.json,1388,16,24,44,25.0538,0.0,0.293,OPTIMAL
grid_4x4,seed_milpsnap_grid4x4_k15.json,1389,16,24,42,25.0538,0.0,0.285,OPTIMAL
grid_4x4,seed_milpsnap_grid4x4_k15.json,1390,16,24,43,25.0538,0.0,0.272,OPTIMAL
grid_4x4,seed_milpsnap_grid4x4_k15.json,1391,16,24,44,25.0538,0.0,0.296,OPTIMAL
grid_4x4,seed_milpsnap_grid4x4_k15.json,1392,16,24,43,25.0538,0.0,0.275,OPTIMAL
grid_4x4,seed_milpsnap_grid4x4_k15.json,1393,16,24,42,25.0538,0.0,0.277,OPTIMAL
grid_4x4,seed_milpsnap_grid4x4_k15.json,1394,16,24,48,25.0538,0.0,0.31,OPTIMAL
grid_4x4,seed_milpsnap_grid4x4_k15.json,1395,16,24,54,25.0538,0.0,0.39,OPTIMAL
grid_4x4,seed_milpsnap_grid4x4_k15.json,1396,16,24,61,25.0538,0.0,0.445,OPTIMAL
grid_4x4,seed_milpsnap_grid4x4_k15.json,1397,16,24,62,25.0538,0.0,0.429,OPTIMAL
grid_4x4,seed_milpsnap_grid4x4_k15.json,1398,16,24,60,25.0538,0.0,0.433,OPTIMAL
grid_4x4,seed_milpsnap_grid4x4_k15.json,1399,16,24,62,25.0538,0.0,0.452,OPTIMAL
grid_4x4,seed_milpsnap_grid4x4_k15.json,1400,16,24,62,25.0538,0.0,0.451,OPTIMAL
grid_4x4,seed_milpsnap_grid4x4_k15.json,1401,16,24,63,25.0538,0.0,0.462,OPTIMAL
grid_4x4,seed_milpsnap_grid4x4_k15.json,1402,16,24,65,25.0538,0.0,0.439,OPTIMAL
grid_4x4,seed_milpsnap_grid4x4_k15.json,1403,16,24,70,25.0538,0.0,0.539,OPTIMAL
grid_4x4,seed_milpsnap_grid4x4_k15.json,1404,16,24,69,25.0538,0.0,0.562,OPTIMAL
grid_4x4,seed_milpsnap_grid4x4_k15.json,1405,16,24,70,25.0538,4.5610554282478685e-05,0.524,OPTIMAL
grid_4x4,seed_milpsnap_grid4x4_k15.json,1406,16,24,74,25.0538,0.0,0.596,OPTIMAL
grid_4x4,seed_milpsnap_grid4x4_k15.json,1407,16,24,80,25.0538,0.0,0.741,OPTIMAL
grid_4x4,seed_milpsnap_grid4x4_k15.json,1408,16,24,82,25.0538,0.0,0.756,OPTIMAL
grid_4x4,seed_milpsnap_grid4x4_k15.json,1409,16,24,76,25.0538,0.0,0.686,OPTIMAL
grid_4x4,seed_milpsnap_grid4x4_k15.json,1410,16,24,73,25.0538,4.5610554282478685e-05,0.586,OPTIMAL
grid_4x4,seed_milpsnap_grid4x4_k15.json,1411,16,24,67,25.0538,0.0,0.452,OPTIMAL
grid_4x4,seed_milpsnap_grid4x4_k15.json,1412,16,24,68,25.0538,0.0,0.544,OPTIMAL
grid_4x4,seed_milpsnap_grid4x4_k15.json,1413,16,24,69,25.0538,0.0,0.56,OPTIMAL
grid_4x4,seed_milpsnap_grid4x4_k15.json,1414,16,24,67,25.0538,0.0,0.464,OPTIMAL
grid_4x4,seed_milpsnap_grid4x4_k15.json,1415,16,24,65,25.0538,4.5610554282478685e-05,0.447,OPTIMAL
grid_4x4,seed_milpsnap_grid4x4_k15.json,1416,16,24,70,25.0538,0.0,0.561,OPTIMAL
grid_4x4,seed_milpsnap_grid4x4_k15.json,1417,16,24,69,25.0538,4.5610554282478685e-05,0.518,OPTIMAL
grid_4x4,seed_milpsnap_grid4x4_k15.json,1418,16,24,62,25.0538,0.0,0.427,OPTIMAL
grid_4x4,seed_milpsnap_grid4x4_k15.json,1419,16,24,61,25.0538,4.5610554282478685e-05,0.441,OPTIMAL
grid_4x4,seed_milpsnap_grid4x4_k15.json,1420,16,24,57,25.0538,0.0,0.402,OPTIMAL
grid_4x4,seed_milpsnap_grid4x4_k15.json,1421,16,24,56,25.0538,0.0,0.373,OPTIMAL
grid_4x4,seed_milpsnap_grid4x4_k15.json,1422,16,24,54,25.0538,0.0,0.38,OPTIMAL
grid_4x4,seed_milpsnap_grid4x4_k15.json,1423,16,24,52,25.0538,0.0,0.334,OPTIMAL
grid_4x4,seed_milpsnap_grid4x4_k15.json,1424,16,24,53,25.0538,0.0,0.374,OPTIMAL
grid_4x4,seed_milpsnap_grid4x4_k15.json,1425,16,24,52,25.0538,0.0,0.368,OPTIMAL
grid_4x4,seed_milpsnap_grid4x4_k15.json,1426,16,24,52,25.0538,0.0,0.373,OPTIMAL
grid_4x4,seed_milpsnap_grid4x4_k15.json,1427,16,24,52,25.0538,0.0,0.366,OPTIMAL
grid_4x4,seed_milpsnap_grid4x4_k15.json,1428,16,24,54,25.0538,0.0,0.375,OPTIMAL
grid_4x4,seed_milpsnap_grid4x4_k15.json,1429,16,24,56,25.0538,0.0,0.4,OPTIMAL
grid_4x4,seed_milpsnap_grid4x4_k15.json,1430,16,24,59,25.0538,0.0,0.405,OPTIMAL
grid_4x4,seed_milpsnap_grid4x4_k15.json,1431,16,24,56,25.0538,0.0,0.376,OPTIMAL
grid_4x4,seed_milpsnap_grid4x4_k15.json,1432,16,24,56,25.0538,4.5610554282478685e-05,0.386,OPTIMAL
grid_4x4,seed_milpsnap_grid4x4_k15.json,1433,16,24,61,25.0538,0.0,0.39,OPTIMAL
grid_4x4,seed_milpsnap_grid4x4_k15.json,1434,16,24,62,25.0538,0.0,0.408,OPTIMAL
grid_4x4,seed_milpsnap_grid4x4_k15.json,1435,16,24,64,25.0538,0.0,0.446,OPTIMAL
grid_4x4,seed_milpsnap_grid4x4_k15.json,1436,16,24,60,25.0538,0.0,0.414,OPTIMAL
grid_4x4,seed_milpsnap_grid4x4_k15.json,1437,16,24,55,25.0538,0.0,0.359,OPTIMAL
grid_4x4,seed_milpsnap_grid4x4_k15.json,1438,16,24,57,25.0538,0.0,0.417,OPTIMAL
grid_4x4,seed_milpsnap_grid4x4_k15.json,1439,16,24,59,25.0538,0.0,0.421,OPTIMAL
grid_4x4,seed_milpsnap_grid4x4_k15.json,1440,16,24,57,25.0538,0.0,0.397,OPTIMAL
grid_4x4,seed_milpsnap_grid4x4_k15.json,1441,16,24,60,25.0538,0.0,0.434,OPTIMAL
grid_4x4,seed_milpsnap_grid4x4_k15.json,1442,16,24,59,25.0538,0.0,0.407,OPTIMAL
grid_4x4,seed_milpsnap_grid4x4_k15.json,1443,16,24,58,25.0538,0.0,0.4,OPTIMAL
grid_4x4,seed_milpsnap_grid4x4_k15.json,1444,16,24,62,25.0538,0.0,0.437,OPTIMAL
grid_4x4,seed_milpsnap_grid4x4_k15.json,1445,16,24,60,25.0538,0.0,0.428,OPTIMAL
grid_4x4,seed_milpsnap_grid4x4_k15.json,1446,16,24,59,25.0538,0.0,0.43,OPTIMAL
grid_4x4,seed_milpsnap_grid4x4_k15.json,1447,16,24,60,25.0538,0.0,0.448,OPTIMAL
grid_4x4,seed_milpsnap_grid4x4_k15.json,1448,16,24,58,25.0538,0.0,0.413,OPTIMAL
grid_4x4,seed_milpsnap_grid4x4_k15.json,1449,16,24,58,25.0538,0.0,0.416,OPTIMAL
grid_4x4,seed_milpsnap_grid4x4_k15.json,1450,16,24,55,25.0538,0.0,0.375,OPTIMAL
grid_4x4,seed_milpsnap_grid4x4_k15.json,1451,16,24,58,25.0538,0.0,0.375,OPTIMAL
grid_4x4,seed_milpsnap_grid4x4_k15.json,1452,16,24,58,25.0538,0.0,0.407,OPTIMAL
grid_4x4,seed_milpsnap_grid4x4_k15.json,1453,16,24,56,25.0538,4.5610554282478685e-05,0.396,OPTIMAL
grid_4x4,seed_milpsnap_grid4x4_k15.json,1454,16,24,53,25.0538,0.0,0.377,OPTIMAL
grid_4x4,seed_milpsnap_grid4x4_k15.json,1455,16,24,54,25.0538,0.0,0.353,OPTIMAL
grid_4x4,seed_milpsnap_grid4x4_k15.json,1456,16,24,50,25.0538,0.0,0.351,OPTIMAL
grid_4x4,seed_milpsnap_grid4x4_k15.json,1457,16,24,49,25.0538,0.0,0.338,OPTIMAL
grid_4x4,seed_milpsnap_grid4x4_k15.json,1458,16,24,50,25.0538,0.0,0.341,OPTIMAL
grid_4x4,seed_milpsnap_grid4x4_k15.json,1459,16,24,45,25.0538,0.0,0.303,OPTIMAL
grid_4x4,seed_milpsnap_grid4x4_k15.json,1460,16,24,47,25.0538,0.0,0.313,OPTIMAL
grid_4x4,seed_milpsnap_grid4x4_k15.json,1461,16,24,44,25.0538,0.0,0.296,OPTIMAL
grid_4x4,seed_milpsnap_grid4x4_k15.json,1462,16,24,40,25.0538,0.0,0.261,OPTIMAL
grid_4x4,seed_milpsnap_grid4x4_k15.json,1463,16,24,41,25.0538,0.0,0.251,OPTIMAL
grid_4x4,seed_milpsnap_grid4x4_k15.json,1464,16,24,44,25.0538,0.0,0.286,OPTIMAL
grid_4x4,seed_milpsnap_grid4x4_k15.json,1465,16,24,45,25.0538,0.0,0.307,OPTIMAL
grid_4x4,seed_milpsnap_grid4x4_k15.json,1466,16,24,43,25.0538,4.561055428221943e-05,0.281,OPTIMAL
grid_4x4,seed_milpsnap_grid4x4_k15.json,1467,16,24,47,25.0538,0.0,0.33,OPTIMAL
grid_4x4,seed_milpsnap_grid4x4_k15.json,1468,16,24,52,25.0538,0.0,0.372,OPTIMAL
grid_4x4,seed_milpsnap_grid4x4_k15.json,1469,16,24,55,25.0538,0.0,0.372,OPTIMAL
grid_4x4,seed_milpsnap_grid4x4_k15.json,1470,16,24,52,25.0538,0.0,0.378,OPTIMAL
grid_4x4,seed_milpsnap_grid4x4_k15.json,1471,16,24,59,25.0538,4.5610554282478685e-05,0.408,OPTIMAL
grid_4x4,seed_milpsnap_grid4x4_k15.json,1472,16,24,64,25.0538,0.0,0.444,OPTIMAL
grid_4x4,seed_milpsnap_grid4x4_k15.json,1473,16,24,62,25.0538,0.0,0.446,OPTIMAL
grid_4x4,seed_milpsnap_grid4x4_k15.json,1474,16,24,61,25.0538,0.0,0.44,OPTIMAL
grid_4x4,seed_milpsnap_grid4x4_k15.json,1475,16,24,59,25.0538,0.0,0.414,OPTIMAL
grid_4x4,seed_milpsnap_grid4x4_k15.json,1476,16,24,65,25.0538,0.0,0.463,OPTIMAL
grid_4x4,seed_milpsnap_grid4x4_k15.json,1477,16,24,67,25.0538,0.0,0.457,OPTIMAL
grid_4x4,seed_milpsnap_grid4x4_k15.json,1478,16,24,67,25.0538,0.0,0.44,OPTIMAL
grid_4x4,seed_milpsnap_grid4x4_k15.json,1479,16,24,63,25.0538,0.0,0.442,OPTIMAL
grid_4x4,seed_milpsnap_grid4x4_k15.json,1480,16,24,67,25.0538,0.0,0.463,OPTIMAL
grid_4x4,seed_milpsnap_grid4x4_k15.json,1481,16,24,69,25.0538,0.0,0.534,OPTIMAL
grid_4x4,seed_milpsnap_grid4x4_k15.json,1482,16,24,65,25.0538,0.0,0.437,OPTIMAL
grid_4x4,seed_milpsnap_grid4x4_k15.json,1483,16,24,61,25.0538,0.0,0.445,OPTIMAL
grid_4x4,seed_milpsnap_grid4x4_k15.json,1484,16,24,58,25.0538,4.5610554282478685e-05,0.49,OPTIMAL
grid_4x4,seed_milpsnap_grid4x4_k15.json,1485,16,24,62,25.0538,0.0,0.429,OPTIMAL
grid_4x4,seed_milpsnap_grid4x4_k15.json,1486,16,24,55,25.0538,0.0,0.378,OPTIMAL
grid_4x4,seed_milpsnap_grid4x4_k15.json,1487,16,24,52,25.0538,0.0,0.369,OPTIMAL
grid_4x4,seed_milpsnap_grid4x4_k15.json,1488,16,24,54,25.0538,0.0,0.384,OPTIMAL
grid_4x4,seed_milpsnap_grid4x4_k15.json,1489,16,24,55,25.0538,0.0,0.395,OPTIMAL
grid_4x4,seed_milpsnap_grid4x4_k15.json,1490,16,24,55,25.0538,0.0,0.353,OPTIMAL
grid_4x4,seed_milpsnap_grid4x4_k15.json,1491,16,24,53,25.0538,0.0,0.381,OPTIMAL
grid_4x4,seed_milpsnap_grid4x4_k15.json,1492,16,24,53,25.0538,0.0,0.38,OPTIMAL
grid_4x4,seed_milpsnap_grid4x4_k15.json,1493,16,24,48,25.0538,4.5610554282478685e-05,0.327,OPTIMAL
grid_4x4,seed_milpsnap_grid4x4_k15.json,1494,16,24,51,25.0538,4.5610554282478685e-05,0.364,OPTIMAL
grid_4x4,seed_milpsnap_grid4x4_k15.json,1495,16,24,48,25.0538,0.0,0.337,OPTIMAL
grid_4x4,seed_milpsnap_grid4x4_k15.json,1496,16,24,51,25.0538,0.0,0.346,OPTIMAL
grid_4x4,seed_milpsnap_grid4x4_k15.json,1497,16,24,60,25.0538,0.0,0.42,OPTIMAL
grid_4x4,seed_milpsnap_grid4x4_k15.json,1498,16,24,59,25.0538,4.5610554282478685e-05,0.424,OPTIMAL
grid_4x4,seed_milpsnap_grid4x4_k15.json,1499,16,24,61,25.0538,4.5610554282478685e-05,0.441,OPTIMAL
grid_4x4,seed_milpsnap_grid4x4_k15.json,1500,16,24,60,25.0538,0.0,0.434,OPTIMAL
grid_4x4,seed_milpsnap_grid4x4_k15.json,1501,16,24,60,25.0538,0.0,0.443,OPTIMAL
grid_4x4,seed_milpsnap_grid4x4_k15.json,1502,16,24,59,25.0538,0.0,0.401,OPTIMAL
grid_4x4,seed_milpsnap_grid4x4_k15.json,1503,16,24,57,25.0538,4.5610554282478685e-05,0.412,OPTIMAL
grid_4x4,seed_milpsnap_grid4x4_k15.json,1504,16,24,55,25.0538,0.0,0.377,OPTIMAL
grid_4x4,seed_milpsnap_grid4x4_k15.json,1505,16,24,56,25.0538,0.0,0.389,OPTIMAL
