topo,seed_file,batch,n_switches,n_links,n_flows,energy_saving_percent,mip_gap,solve_time_sec,status
geant,seed_milpsnap_geant_k12.json,1,22,36,1,81.838,0.0,0.066,OPTIMAL
geant,seed_milpsnap_geant_k12.json,2,22,36,2,68.2179,0.0,0.018,OPTIMAL
geant,seed_milpsnap_geant_k12.json,3,22,36,3,68.2123,7.819525354803851e-05,0.041,OPTIMAL
geant,seed_milpsnap_geant_k12.json,4,22,36,4,59.1285,9.122422915535351e-05,0.068,OPTIMAL
geant,seed_milpsnap_geant_k12.json,5,22,36,5,50.0447,0.0,0.121,OPTIMAL
geant,seed_milpsnap_geant_k12.json,6,22,36,6,50.0447,0.0,0.099,OPTIMAL
geant,seed_milpsnap_geant_k12.json,7,22,36,7,40.961,0.0,0.147,OPTIMAL
geant,seed_milpsnap_geant_k12.json,8,22,36,8,36.4191,0.0,0.252,OPTIMAL
geant,seed_milpsnap_geant_k12.json,9,22,36,8,31.8772,8.209731268122356e-05,0.196,OPTIMAL
geant,seed_milpsnap_geant_k12.json,10,22,36,9,31.8772,8.209731268122356e-05,0.136,OPTIMAL
geant,seed_milpsnap_geant_k12.json,11,22,36,10,27.3353,7.696583572082398e-05,0.16,OPTIMAL
geant,seed_milpsnap_geant_k12.json,12,22,36,9,31.8772,8.209731268143097e-05,0.099,OPTIMAL
geant,seed_milpsnap_geant_k12.json,13,22,36,8,31.8772,8.209731268143096e-05,0.112,OPTIMAL
geant,seed_milpsnap_geant_k12.json,14,22,36,8,31.8772,9.121923631247063e-05,0.225,OPTIMAL
geant,seed_milpsnap_geant_k12.json,15,22,36,9,31.8772,8.209731268143096e-05,0.113,OPTIMAL
geant,seed_milpsnap_geant_k12.json,16,22,36,10,31.8772,0.0,0.081,OPTIMAL
geant,seed_milpsnap_geant_k12.json,17,22,36,9,36.4191,0.0,0.076,OPTIMAL
geant,seed_milpsnap_geant_k12.json,18,22,36,9,36.4191,0.0,0.059,OPTIMAL
geant,seed_milpsnap_geant_k12.json,19,22,36,10,36.4191,0.0,0.067,OPTIMAL
geant,seed_milpsnap_geant_k12.json,20,22,36,9,36.4191,0.0,0.056,OPTIMAL
geant,seed_milpsnap_geant_k12.json,21,22,36,10,31.8772,8.209731268122356e-05,0.13,OPTIMAL
geant,seed_milpsnap_geant_k12.json,22,22,36,9,31.8772,8.209731268101615e-05,0.12,OPTIMAL
geant,seed_milpsnap_geant_k12.json,23,22,36,8,36.4191,8.796192226135002e-05,0.071,OPTIMAL
geant,seed_milpsnap_geant_k12.json,24,22,36,8,36.4246,3.909762677424149e-05,0.17,OPTIMAL
geant,seed_milpsnap_geant_k12.json,25,22,36,8,36.4246,8.796966024165444e-05,0.134,OPTIMAL
geant,seed_milpsnap_geant_k12.json,26,22,36,8,40.9665,9.473783934559116e-05,0.112,OPTIMAL
geant,seed_milpsnap_geant_k12.json,27,22,36,7,40.9665,9.473783934571083e-05,0.094,OPTIMAL
geant,seed_milpsnap_geant_k12.json,28,22,36,6,45.5084,4.561523548861172e-05,0.075,OPTIMAL
geant,seed_milpsnap_geant_k12.json,29,22,36,5,50.0503,0.0,0.087,OPTIMAL
geant,seed_milpsnap_geant_k12.json,30,22,36,4,63.6704,6.841934214796302e-05,0.038,OPTIMAL
geant,seed_milpsnap_geant_k12.json,31,22,36,5,59.1285,0.0,0.049,OPTIMAL
geant,seed_milpsnap_geant_k12.json,32,22,36,6,50.0503,0.0,0.097,OPTIMAL
geant,seed_milpsnap_geant_k12.json,33,22,36,5,54.5922,5.474052988827953e-05,0.06,OPTIMAL
geant,seed_milpsnap_geant_k12.json,34,22,36,6,50.0447,0.0,0.082,OPTIMAL
geant,seed_milpsnap_geant_k12.json,35,22,36,9,36.4191,8.796192226112781e-05,0.166,OPTIMAL
geant,seed_milpsnap_geant_k12.json,36,22,36,8,36.4191,8.796192226112781e-05,0.134,OPTIMAL
geant,seed_milpsnap_geant_k12.json,37,22,36,7,40.961,9.472886493784261e-05,0.075,OPTIMAL
geant,seed_milpsnap_geant_k12.json,38,22,36,9,40.961,9.472886493784261e-05,0.07,OPTIMAL
geant,seed_milpsnap_geant_k12.json,39,22,36,10,31.8772,8.209731268122356e-05,0.086,OPTIMAL
geant,seed_milpsnap_geant_k12.json,40,22,36,11,31.8772,8.209731268143096e-05,0.09,OPTIMAL
geant,seed_milpsnap_geant_k12.json,41,22,36,12,31.8772,8.209731268122356e-05,0.112,OPTIMAL
geant,seed_milpsnap_geant_k12.json,42,22,36,12,31.8772,8.209731268143096e-05,0.736,OPTIMAL
geant,seed_milpsnap_geant_k12.json,43,22,36,11,36.4191,9.773546917914201e-05,0.224,OPTIMAL
geant,seed_milpsnap_geant_k12.json,44,22,36,10,36.4191,8.796192226123892e-05,0.128,OPTIMAL
geant,seed_milpsnap_geant_k12.json,45,22,36,11,36.4191,9.773546917914201e-05,0.121,OPTIMAL
geant,seed_milpsnap_geant_k12.json,46,22,36,11,36.4191,6.841482842543274e-05,0.107,OPTIMAL
geant,seed_milpsnap_geant_k12.json,47,22,36,9,45.5028,0.0,0.057,OPTIMAL
geant,seed_milpsnap_geant_k12.json,48,22,36,11,31.8772,8.209731268143097e-05,0.126,OPTIMAL
geant,seed_milpsnap_geant_k12.json,49,22,36,12,31.8772,8.209731268163836e-05,0.137,OPTIMAL
geant,seed_milpsnap_geant_k12.json,50,22,36,11,36.4191,8.796192226101671e-05,0.126,OPTIMAL
geant,seed_milpsnap_geant_k12.json,51,22,36,10,36.4191,8.796192226135002e-05,0.145,OPTIMAL
geant,seed_milpsnap_geant_k12.json,52,22,36,12,31.8772,8.209731268143096e-05,0.277,OPTIMAL
geant,seed_milpsnap_geant_k12.json,53,22,36,12,31.8772,8.209731268122356e-05,0.151,OPTIMAL
geant,seed_milpsnap_geant_k12.json,54,22,36,11,31.8772,8.209731268184578e-05,0.151,OPTIMAL
geant,seed_milpsnap_geant_k12.json,55,22,36,12,36.4191,8.796192226135002e-05,0.195,OPTIMAL
geant,seed_milpsnap_geant_k12.json,56,22,36,15,27.3353,7.696583572082398e-05,0.699,OPTIMAL
geant,seed_milpsnap_geant_k12.json,57,22,36,14,27.3353,7.696583572082398e-05,0.505,OPTIMAL
geant,seed_milpsnap_geant_k12.json,58,22,36,13,27.3353,7.696583572082398e-05,0.466,OPTIMAL
geant,seed_milpsnap_geant_k12.json,59,22,36,13,27.3353,7.696583572082398e-05,0.41,OPTIMAL
geant,seed_milpsnap_geant_k12.json,60,22,36,14,27.3353,7.696583572101841e-05,0.799,OPTIMAL
geant,seed_milpsnap_geant_k12.json,61,22,36,15,27.3353,7.696583572082398e-05,0.685,OPTIMAL
geant,seed_milpsnap_geant_k12.json,62,22,36,16,27.3353,7.696583572082398e-05,0.476,OPTIMAL
geant,seed_milpsnap_geant_k12.json,63,22,36,17,27.3353,7.696583572082397e-05,0.198,OPTIMAL
geant,seed_milpsnap_geant_k12.json,64,22,36,17,27.3353,7.696583572082397e-05,0.164,OPTIMAL
geant,seed_milpsnap_geant_k12.json,65,22,36,18,27.3353,7.69658357214073e-05,0.172,OPTIMAL
geant,seed_milpsnap_geant_k12.json,66,22,36,16,27.3353,7.69658357214073e-05,0.155,OPTIMAL
geant,seed_milpsnap_geant_k12.json,67,22,36,16,27.3353,7.69658357214073e-05,0.167,OPTIMAL
geant,seed_milpsnap_geant_k12.json,68,22,36,18,22.7934,7.243810566298425e-05,0.482,OPTIMAL
geant,seed_milpsnap_geant_k12.json,69,22,36,16,27.3353,7.696583572101841e-05,0.498,OPTIMAL
geant,seed_milpsnap_geant_k12.json,70,22,36,14,22.7934,9.6584140884162e-05,0.764,OPTIMAL
geant,seed_milpsnap_geant_k12.json,71,22,36,15,18.2515,6.84134911405635e-05,0.37,OPTIMAL
geant,seed_milpsnap_geant_k12.json,72,22,36,14,18.2515,6.841349114090918e-05,0.336,OPTIMAL
geant,seed_milpsnap_geant_k12.json,73,22,36,14,18.2515,6.841349114090918e-05,0.257,OPTIMAL
geant,seed_milpsnap_geant_k12.json,74,22,36,11,22.7934,7.243810566353326e-05,0.136,OPTIMAL
geant,seed_milpsnap_geant_k12.json,75,22,36,13,22.7934,7.243810566353326e-05,0.224,OPTIMAL
geant,seed_milpsnap_geant_k12.json,76,22,36,12,31.8772,8.209731268143096e-05,0.081,OPTIMAL
geant,seed_milpsnap_geant_k12.json,77,22,36,13,22.7934,7.243810566335025e-05,0.279,OPTIMAL
geant,seed_milpsnap_geant_k12.json,78,22,36,13,22.7934,7.243810566335025e-05,0.25,OPTIMAL
geant,seed_milpsnap_geant_k12.json,79,22,36,15,22.7934,7.243810566335025e-05,0.263,OPTIMAL
geant,seed_milpsnap_geant_k12.json,80,22,36,14,22.7934,7.243810566335025e-05,0.232,OPTIMAL
geant,seed_milpsnap_geant_k12.json,81,22,36,14,27.3353,7.696583572121286e-05,0.268,OPTIMAL
geant,seed_milpsnap_geant_k12.json,82,22,36,15,22.7934,7.243810566316725e-05,0.197,OPTIMAL
geant,seed_milpsnap_geant_k12.json,83,22,36,15,18.2515,6.841349114073635e-05,1.106,OPTIMAL
geant,seed_milpsnap_geant_k12.json,84,22,36,16,18.2515,6.841349114073634e-05,1.387,OPTIMAL
geant,seed_milpsnap_geant_k12.json,85,22,36,19,13.7096,6.481254770950503e-05,1.059,OPTIMAL
geant,seed_milpsnap_geant_k12.json,86,22,36,18,18.2515,6.841349114073635e-05,0.48,OPTIMAL
geant,seed_milpsnap_geant_k12.json,87,22,36,18,18.2515,6.841349114090919e-05,0.216,OPTIMAL
geant,seed_milpsnap_geant_k12.json,88,22,36,19,18.2515,6.841349114090919e-05,0.21,OPTIMAL
geant,seed_milpsnap_geant_k12.json,89,22,36,16,18.2515,6.841349114090919e-05,0.183,OPTIMAL
geant,seed_milpsnap_geant_k12.json,90,22,36,19,9.1677,6.157172079318077e-05,0.842,OPTIMAL
geant,seed_milpsnap_geant_k12.json,91,22,36,17,9.1677,6.157172079302521e-05,1.078,OPTIMAL
geant,seed_milpsnap_geant_k12.json,92,22,36,17,13.7096,6.481254770966877e-05,0.273,OPTIMAL
geant,seed_milpsnap_geant_k12.json,93,22,36,16,9.1733,6.157551210326411e-05,0.473,OPTIMAL
geant,seed_milpsnap_geant_k12.json,94,22,36,14,18.2515,6.84134911405635e-05,0.125,OPTIMAL
geant,seed_milpsnap_geant_k12.json,95,22,36,13,22.7934,7.243810566316725e-05,0.109,OPTIMAL
geant,seed_milpsnap_geant_k12.json,96,22,36,12,27.3353,8.551759524533836e-05,0.087,OPTIMAL
geant,seed_milpsnap_geant_k12.json,97,22,36,12,22.7934,7.243810566298425e-05,0.109,OPTIMAL
geant,seed_milpsnap_geant_k12.json,98,22,36,9,36.4191,8.79619222610167e-05,0.08,OPTIMAL
geant,seed_milpsnap_geant_k12.json,99,22,36,12,22.7934,7.243810566371626e-05,0.099,OPTIMAL
geant,seed_milpsnap_geant_k12.json,100,22,36,12,27.3353,7.69658357214073e-05,0.11,OPTIMAL
geant,seed_milpsnap_geant_k12.json,101,22,36,14,22.7934,7.243810566371626e-05,0.116,OPTIMAL
geant,seed_milpsnap_geant_k12.json,102,22,36,10,22.7934,7.243810566353326e-05,0.113,OPTIMAL
geant,seed_milpsnap_geant_k12.json,103,22,36,11,18.2515,6.841349114090918e-05,0.291,OPTIMAL
geant,seed_milpsnap_geant_k12.json,104,22,36,10,27.3353,7.69658357214073e-05,0.08,OPTIMAL
geant,seed_milpsnap_geant_k12.json,105,22,36,10,27.3353,7.69658357214073e-05,0.096,OPTIMAL
geant,seed_milpsnap_geant_k12.json,106,22,36,11,27.3353,7.69658357214073e-05,0.104,OPTIMAL
geant,seed_milpsnap_geant_k12.json,107,22,36,12,27.3353,7.69658357214073e-05,0.108,OPTIMAL
geant,seed_milpsnap_geant_k12.json,108,22,36,15,27.3353,7.696583572121287e-05,0.147,OPTIMAL
geant,seed_milpsnap_geant_k12.json,109,22,36,18,22.7934,7.243810566335026e-05,0.172,OPTIMAL
geant,seed_milpsnap_geant_k12.json,110,22,36,19,18.2515,6.841349114090918e-05,0.264,OPTIMAL
geant,seed_milpsnap_geant_k12.json,111,22,36,20,13.7096,6.48125477093413e-05,0.633,OPTIMAL
geant,seed_milpsnap_geant_k12.json,112,22,36,19,9.1733,8.894240637108765e-05,2.35,OPTIMAL
geant,seed_milpsnap_geant_k12.json,113,22,36,19,9.1733,8.894240637108765e-05,2.048,OPTIMAL
geant,seed_milpsnap_geant_k12.json,114,22,36,16,13.7152,8.642233153055261e-05,0.177,OPTIMAL
geant,seed_milpsnap_geant_k12.json,115,22,36,17,13.7152,9.362419249141835e-05,0.178,OPTIMAL
geant,seed_milpsnap_geant_k12.json,116,22,36,18,13.7152,6.481674864779165e-05,0.245,OPTIMAL
geant,seed_milpsnap_geant_k12.json,117,22,36,17,13.7152,6.48167486479554e-05,0.262,OPTIMAL
geant,seed_milpsnap_geant_k12.json,118,22,36,17,13.7152,6.48167486479554e-05,1.104,OPTIMAL
geant,seed_milpsnap_geant_k12.json,119,22,36,16,18.2515,9.881948720295935e-05,0.261,OPTIMAL
geant,seed_milpsnap_geant_k12.json,120,22,36,14,18.2515,9.881948720295935e-05,0.213,OPTIMAL
geant,seed_milpsnap_geant_k12.json,121,22,36,11,18.2515,9.881948720295935e-05,0.17,OPTIMAL
geant,seed_milpsnap_geant_k12.json,122,22,36,1,90.9218,0.0,0.007,OPTIMAL
geant,seed_milpsnap_geant_k12.json,123,22,36,2,77.2961,0.0,0.015,OPTIMAL
geant,seed_milpsnap_geant_k12.json,124,22,36,4,54.5866,5.473378853626933e-05,0.029,OPTIMAL
geant,seed_milpsnap_geant_k12.json,125,22,36,5,45.5084,0.0,0.039,OPTIMAL
geant,seed_milpsnap_geant_k12.json,126,22,36,6,40.9665,4.2105706375818295e-05,0.042,OPTIMAL
geant,seed_milpsnap_geant_k12.json,127,22,36,9,27.3353,7.696583572101841e-05,0.102,OPTIMAL
geant,seed_milpsnap_geant_k12.json,128,22,36,11,22.7934,7.243810566335023e-05,0.205,OPTIMAL
geant,seed_milpsnap_geant_k12.json,129,22,36,13,18.2515,6.841349114073634e-05,1.304,OPTIMAL
geant,seed_milpsnap_geant_k12.json,130,22,36,13,18.2515,6.84134911405635e-05,2.244,OPTIMAL
geant,seed_milpsnap_geant_k12.json,131,22,36,13,18.2571,6.84181718663855e-05,1.125,OPTIMAL
geant,seed_milpsnap_geant_k12.json,132,22,36,12,27.3353,7.696583572082397e-05,0.381,OPTIMAL
geant,seed_milpsnap_geant_k12.json,133,22,36,13,22.7934,8.853546247716375e-05,0.861,OPTIMAL
geant,seed_milpsnap_geant_k12.json,134,22,36,14,22.7934,7.243810566316726e-05,0.398,OPTIMAL
geant,seed_milpsnap_geant_k12.json,135,22,36,15,22.7934,7.243810566335025e-05,0.336,OPTIMAL
geant,seed_milpsnap_geant_k12.json,136,22,36,16,22.7934,7.243810566335025e-05,0.329,OPTIMAL
geant,seed_milpsnap_geant_k12.json,137,22,36,15,22.7934,9.6584140884162e-05,0.732,OPTIMAL
geant,seed_milpsnap_geant_k12.json,138,22,36,12,36.4191,8.796192226090559e-05,0.133,OPTIMAL
geant,seed_milpsnap_geant_k12.json,139,22,36,11,45.5028,0.0,0.069,OPTIMAL
geant,seed_milpsnap_geant_k12.json,140,22,36,12,40.961,9.472886493760332e-05,0.087,OPTIMAL
geant,seed_milpsnap_geant_k12.json,141,22,36,11,36.4191,8.796192226123892e-05,0.082,OPTIMAL
geant,seed_milpsnap_geant_k12.json,142,22,36,10,40.961,9.472886493784261e-05,0.079,OPTIMAL
geant,seed_milpsnap_geant_k12.json,143,22,36,13,22.7934,7.243810566353326e-05,0.166,OPTIMAL
geant,seed_milpsnap_geant_k12.json,144,22,36,12,22.7934,7.243810566371625e-05,0.176,OPTIMAL
geant,seed_milpsnap_geant_k12.json,145,22,36,10,27.3353,7.696583572082397e-05,0.835,OPTIMAL
geant,seed_milpsnap_geant_k12.json,146,22,36,11,27.3409,7.697175991665286e-05,0.464,OPTIMAL
geant,seed_milpsnap_geant_k12.json,147,22,36,11,27.3409,0.0,0.312,OPTIMAL
geant,seed_milpsnap_geant_k12.json,148,22,36,10,27.3409,7.697175991684732e-05,0.149,OPTIMAL
geant,seed_milpsnap_geant_k12.json,149,22,36,9,31.8828,8.210405320355922e-05,0.104,OPTIMAL
geant,seed_milpsnap_geant_k12.json,150,22,36,11,31.8828,8.210405320355922e-05,0.194,OPTIMAL
geant,seed_milpsnap_geant_k12.json,151,22,36,11,31.8772,8.209731268163838e-05,0.111,OPTIMAL
geant,seed_milpsnap_geant_k12.json,152,22,36,10,36.4191,8.796192226112781e-05,0.095,OPTIMAL
geant,seed_milpsnap_geant_k12.json,153,22,36,11,36.4191,8.796192226112781e-05,0.093,OPTIMAL
geant,seed_milpsnap_geant_k12.json,154,22,36,10,36.4191,8.796192226101671e-05,0.092,OPTIMAL
geant,seed_milpsnap_geant_k12.json,155,22,36,8,40.961,9.472886493772296e-05,0.058,OPTIMAL
geant,seed_milpsnap_geant_k12.json,156,22,36,9,40.961,9.472886493760329e-05,0.077,OPTIMAL
geant,seed_milpsnap_geant_k12.json,157,22,36,8,40.961,9.472886493772296e-05,0.058,OPTIMAL
geant,seed_milpsnap_geant_k12.json,158,22,36,8,27.3353,7.696583572101841e-05,0.206,OPTIMAL
geant,seed_milpsnap_geant_k12.json,159,22,36,9,27.3353,7.696583572101841e-05,0.262,OPTIMAL
geant,seed_milpsnap_geant_k12.json,160,22,36,11,18.2515,9.881948720261372e-05,0.63,OPTIMAL
geant,seed_milpsnap_geant_k12.json,161,22,36,11,27.3353,7.696583572101842e-05,0.107,OPTIMAL
geant,seed_milpsnap_geant_k12.json,162,22,36,12,22.799,7.244335332281585e-05,0.125,OPTIMAL
geant,seed_milpsnap_geant_k12.json,163,22,36,13,18.2515,6.841349114090919e-05,0.119,OPTIMAL
geant,seed_milpsnap_geant_k12.json,164,22,36,12,22.7934,7.243810566298424e-05,0.089,OPTIMAL
geant,seed_milpsnap_geant_k12.json,165,22,36,14,22.7934,7.243810566316725e-05,0.099,OPTIMAL
geant,seed_milpsnap_geant_k12.json,166,22,36,15,22.7934,7.243810566316725e-05,0.114,OPTIMAL
geant,seed_milpsnap_geant_k12.json,167,22,36,13,22.7934,7.243810566316725e-05,0.094,OPTIMAL
geant,seed_milpsnap_geant_k12.json,168,22,36,14,22.7934,7.243810566316725e-05,0.102,OPTIMAL
geant,seed_milpsnap_geant_k12.json,169,22,36,14,18.2515,6.841349114090919e-05,0.129,OPTIMAL
geant,seed_milpsnap_geant_k12.json,170,22,36,16,18.2515,9.881948720295935e-05,0.123,OPTIMAL
geant,seed_milpsnap_geant_k12.json,171,22,36,16,18.2515,6.841349114073635e-05,0.168,OPTIMAL
geant,seed_milpsnap_geant_k12.json,172,22,36,15,22.7934,7.243810566335025e-05,0.154,OPTIMAL
geant,seed_milpsnap_geant_k12.json,173,22,36,14,22.7934,7.243810566316726e-05,0.161,OPTIMAL
geant,seed_milpsnap_geant_k12.json,174,22,36,12,27.3353,7.696583572082397e-05,0.104,OPTIMAL
geant,seed_milpsnap_geant_k12.json,175,22,36,13,22.7934,7.243810566371625e-05,0.116,OPTIMAL
geant,seed_milpsnap_geant_k12.json,176,22,36,12,22.7934,7.243810566335026e-05,0.1,OPTIMAL
geant,seed_milpsnap_geant_k12.json,177,22,36,15,18.2515,6.841349114073635e-05,0.19,OPTIMAL
geant,seed_milpsnap_geant_k12.json,178,22,36,14,18.2515,6.841349114073634e-05,0.246,OPTIMAL
geant,seed_milpsnap_geant_k12.json,179,22,36,13,22.799,7.244335332263281e-05,0.144,OPTIMAL
geant,seed_milpsnap_geant_k12.json,180,22,36,14,22.7934,7.243810566353325e-05,0.188,OPTIMAL
geant,seed_milpsnap_geant_k12.json,181,22,36,13,27.3353,7.696583572101841e-05,0.146,OPTIMAL
geant,seed_milpsnap_geant_k12.json,182,22,36,13,31.8772,8.209731268122356e-05,0.096,OPTIMAL
geant,seed_milpsnap_geant_k12.json,183,22,36,10,40.961,9.472886493760332e-05,0.079,OPTIMAL
geant,seed_milpsnap_geant_k12.json,184,22,36,10,40.961,9.472886493784261e-05,0.11,OPTIMAL
geant,seed_milpsnap_geant_k12.json,185,22,36,10,40.961,9.472886493760329e-05,0.102,OPTIMAL
geant,seed_milpsnap_geant_k12.json,186,22,36,9,45.5028,0.0,0.094,OPTIMAL
geant,seed_milpsnap_geant_k12.json,187,22,36,10,45.5028,0.0,0.081,OPTIMAL
geant,seed_milpsnap_geant_k12.json,188,22,36,10,40.961,9.472886493748363e-05,0.103,OPTIMAL
geant,seed_milpsnap_geant_k12.json,189,22,36,11,36.4191,8.796192226101671e-05,0.15,OPTIMAL
geant,seed_milpsnap_geant_k12.json,190,22,36,8,40.961,9.47288649376033e-05,0.097,OPTIMAL
geant,seed_milpsnap_geant_k12.json,191,22,36,7,45.5028,0.0,0.06,OPTIMAL
geant,seed_milpsnap_geant_k12.json,192,22,36,8,36.4191,8.796192226135002e-05,0.059,OPTIMAL
geant,seed_milpsnap_geant_k12.json,193,22,36,7,40.961,9.472886493748363e-05,0.058,OPTIMAL
geant,seed_milpsnap_geant_k12.json,194,22,36,7,40.961,9.472886493748363e-05,0.06,OPTIMAL
geant,seed_milpsnap_geant_k12.json,195,22,36,9,36.4191,8.79619222611278e-05,0.076,OPTIMAL
geant,seed_milpsnap_geant_k12.json,196,22,36,10,31.8772,8.209731268122356e-05,0.291,OPTIMAL
geant,seed_milpsnap_geant_k12.json,197,22,36,9,31.8772,7.29753890499765e-05,0.263,OPTIMAL
geant,seed_milpsnap_geant_k12.json,198,22,36,8,31.8772,8.209731268122356e-05,0.254,OPTIMAL
geant,seed_milpsnap_geant_k12.json,199,22,36,10,31.8772,8.209731268205318e-05,0.104,OPTIMAL
geant,seed_milpsnap_geant_k12.json,200,22,36,9,36.4191,8.796192226123892e-05,0.067,OPTIMAL
geant,seed_milpsnap_geant_k12.json,201,22,36,11,22.7934,9.6584140883796e-05,0.313,OPTIMAL
geant,seed_milpsnap_geant_k12.json,202,22,36,12,18.2515,9.881948720295935e-05,0.386,OPTIMAL
geant,seed_milpsnap_geant_k12.json,203,22,36,15,18.2515,9.881948720278653e-05,0.415,OPTIMAL
geant,seed_milpsnap_geant_k12.json,204,22,36,18,18.2515,6.841349114090918e-05,0.319,OPTIMAL
geant,seed_milpsnap_geant_k12.json,205,22,36,17,22.7934,7.243810566316725e-05,0.256,OPTIMAL
geant,seed_milpsnap_geant_k12.json,206,22,36,19,18.2515,6.841349114056352e-05,0.649,OPTIMAL
geant,seed_milpsnap_geant_k12.json,207,22,36,20,9.1677,6.157172079302521e-05,8.467,OPTIMAL
geant,seed_milpsnap_geant_k12.json,208,22,36,21,9.1677,6.157172079302521e-05,14.987,OPTIMAL
geant,seed_milpsnap_geant_k12.json,209,22,36,19,13.7152,6.481674864762791e-05,0.782,OPTIMAL
geant,seed_milpsnap_geant_k12.json,210,22,36,20,13.7096,6.48125477093413e-05,1.532,OPTIMAL
geant,seed_milpsnap_geant_k12.json,211,22,36,19,13.7152,6.481674864795541e-05,1.646,OPTIMAL
geant,seed_milpsnap_geant_k12.json,212,22,36,17,22.799,7.244335332244981e-05,0.282,OPTIMAL
geant,seed_milpsnap_geant_k12.json,213,22,36,16,22.7934,7.243810566353326e-05,0.234,OPTIMAL
geant,seed_milpsnap_geant_k12.json,214,22,36,14,31.8772,8.209731268205318e-05,0.143,OPTIMAL
geant,seed_milpsnap_geant_k12.json,215,22,36,15,31.8772,8.209731268122356e-05,0.113,OPTIMAL
geant,seed_milpsnap_geant_k12.json,216,22,36,12,31.8772,8.209731268122355e-05,0.112,OPTIMAL
geant,seed_milpsnap_geant_k12.json,217,22,36,11,31.8772,8.209731268143096e-05,0.214,OPTIMAL
geant,seed_milpsnap_geant_k12.json,218,22,36,12,22.799,7.244335332299884e-05,0.201,OPTIMAL
geant,seed_milpsnap_geant_k12.json,219,22,36,13,13.7152,6.481674864811916e-05,0.826,OPTIMAL
geant,seed_milpsnap_geant_k12.json,220,22,36,12,13.7208,6.482095013135094e-05,0.469,OPTIMAL
geant,seed_milpsnap_geant_k12.json,221,22,36,13,13.7152,6.481674864811916e-05,0.755,OPTIMAL
geant,seed_milpsnap_geant_k12.json,222,22,36,14,13.7096,6.481254770950504e-05,1.053,OPTIMAL
geant,seed_milpsnap_geant_k12.json,223,22,36,13,13.7096,6.481254770983251e-05,1.178,OPTIMAL
geant,seed_milpsnap_geant_k12.json,224,22,36,14,13.7096,6.481254770950504e-05,1.021,OPTIMAL
geant,seed_milpsnap_geant_k12.json,225,22,36,15,13.7096,6.481254770966877e-05,0.67,OPTIMAL
geant,seed_milpsnap_geant_k12.json,226,22,36,13,27.3353,7.696583572101841e-05,0.146,OPTIMAL
geant,seed_milpsnap_geant_k12.json,227,22,36,12,27.3353,7.696583572062955e-05,0.129,OPTIMAL
geant,seed_milpsnap_geant_k12.json,228,22,36,11,31.8772,8.209731268122356e-05,0.111,OPTIMAL
geant,seed_milpsnap_geant_k12.json,229,22,36,11,31.8772,8.209731268143097e-05,0.115,OPTIMAL
geant,seed_milpsnap_geant_k12.json,230,22,36,10,36.4191,8.796192226123892e-05,0.122,OPTIMAL
geant,seed_milpsnap_geant_k12.json,231,22,36,9,36.4191,8.796192226112781e-05,0.112,OPTIMAL
geant,seed_milpsnap_geant_k12.json,232,22,36,11,27.3353,7.69658357214073e-05,0.1,OPTIMAL
geant,seed_milpsnap_geant_k12.json,233,22,36,12,31.8772,0.0,0.072,OPTIMAL
geant,seed_milpsnap_geant_k12.json,234,22,36,12,27.3353,7.696583572082397e-05,0.21,OPTIMAL
geant,seed_milpsnap_geant_k12.json,235,22,36,11,31.8772,8.209731268122356e-05,0.215,OPTIMAL
geant,seed_milpsnap_geant_k12.json,236,22,36,10,31.8772,8.209731268122356e-05,0.109,OPTIMAL
geant,seed_milpsnap_geant_k12.json,237,22,36,10,36.4191,8.796192226123892e-05,0.078,OPTIMAL
geant,seed_milpsnap_geant_k12.json,238,22,36,9,36.4191,8.796192226123892e-05,0.084,OPTIMAL
geant,seed_milpsnap_geant_k12.json,239,22,36,1,81.838,0.0,0.007,OPTIMAL
geant,seed_milpsnap_geant_k12.json,240,22,36,3,63.6704,6.841934214796302e-05,0.032,OPTIMAL
geant,seed_milpsnap_geant_k12.json,241,22,36,4,63.6704,0.0,0.039,OPTIMAL
geant,seed_milpsnap_geant_k12.json,242,22,36,6,45.5028,0.0,0.078,OPTIMAL
geant,seed_milpsnap_geant_k12.json,243,22,36,7,40.961,9.472886493760332e-05,0.07,OPTIMAL
geant,seed_milpsnap_geant_k12.json,244,22,36,8,36.4191,8.796192226101671e-05,0.14,OPTIMAL
geant,seed_milpsnap_geant_k12.json,245,22,36,9,36.4191,8.796192226112781e-05,0.115,OPTIMAL
geant,seed_milpsnap_geant_k12.json,246,22,36,10,31.8772,8.209731268143096e-05,0.14,OPTIMAL
geant,seed_milpsnap_geant_k12.json,247,22,36,11,31.8772,8.209731268184578e-05,0.105,OPTIMAL
geant,seed_milpsnap_geant_k12.json,248,22,36,11,27.3353,7.696583572082397e-05,0.089,OPTIMAL
geant,seed_milpsnap_geant_k12.json,249,22,36,12,27.3353,7.696583572082397e-05,0.095,OPTIMAL
geant,seed_milpsnap_geant_k12.json,250,22,36,10,27.3353,7.696583572082397e-05,0.105,OPTIMAL
geant,seed_milpsnap_geant_k12.json,251,22,36,10,27.3353,7.69658357214073e-05,0.103,OPTIMAL
geant,seed_milpsnap_geant_k12.json,252,22,36,8,45.5028,0.0,0.078,OPTIMAL
geant,seed_milpsnap_geant_k12.json,253,22,36,7,45.5028,0.0,0.086,OPTIMAL
geant,seed_milpsnap_geant_k12.json,254,22,36,6,50.0447,0.0,0.052,OPTIMAL
geant,seed_milpsnap_geant_k12.json,255,22,36,6,45.5028,0.0,0.075,OPTIMAL
geant,seed_milpsnap_geant_k12.json,256,22,36,7,45.5028,0.0,0.103,OPTIMAL
geant,seed_milpsnap_geant_k12.json,257,22,36,8,45.5028,0.0,0.081,OPTIMAL
geant,seed_milpsnap_geant_k12.json,258,22,36,11,36.4191,8.796192226123892e-05,0.103,OPTIMAL
geant,seed_milpsnap_geant_k12.json,259,22,36,11,31.8772,8.209731268163838e-05,0.123,OPTIMAL
geant,seed_milpsnap_geant_k12.json,260,22,36,10,31.8772,8.209731268184577e-05,0.125,OPTIMAL
geant,seed_milpsnap_geant_k12.json,261,22,36,9,31.8772,8.209731268184577e-05,0.094,OPTIMAL
geant,seed_milpsnap_geant_k12.json,262,22,36,10,27.3353,7.696583572101842e-05,0.125,OPTIMAL
geant,seed_milpsnap_geant_k12.json,263,22,36,9,27.3409,7.697175991684732e-05,0.126,OPTIMAL
geant,seed_milpsnap_geant_k12.json,264,22,36,11,22.7934,7.243810566335025e-05,0.185,OPTIMAL
geant,seed_milpsnap_geant_k12.json,265,22,36,12,22.7934,7.243810566335025e-05,0.14,OPTIMAL
geant,seed_milpsnap_geant_k12.json,266,22,36,14,18.2515,6.841349114090918e-05,0.228,OPTIMAL
geant,seed_milpsnap_geant_k12.json,267,22,36,15,18.2515,6.841349114039068e-05,0.238,OPTIMAL
geant,seed_milpsnap_geant_k12.json,268,22,36,14,27.3353,7.69658357214073e-05,0.138,OPTIMAL
geant,seed_milpsnap_geant_k12.json,269,22,36,15,22.7934,7.243810566335025e-05,0.166,OPTIMAL
geant,seed_milpsnap_geant_k12.json,270,22,36,14,27.3353,9.406935476985275e-05,0.275,OPTIMAL
geant,seed_milpsnap_geant_k12.json,271,22,36,13,27.3353,7.696583572062955e-05,0.253,OPTIMAL
geant,seed_milpsnap_geant_k12.json,272,22,36,13,27.3353,7.696583572082397e-05,0.264,OPTIMAL
geant,seed_milpsnap_geant_k12.json,273,22,36,11,31.8772,8.209731268122356e-05,0.081,OPTIMAL
geant,seed_milpsnap_geant_k12.json,274,22,36,13,27.3353,7.696583572082397e-05,0.094,OPTIMAL
geant,seed_milpsnap_geant_k12.json,275,22,36,15,18.2515,9.881948720295935e-05,0.115,OPTIMAL
geant,seed_milpsnap_geant_k12.json,276,22,36,13,13.7096,6.481254770983251e-05,0.185,OPTIMAL
geant,seed_milpsnap_geant_k12.json,277,22,36,10,13.7096,6.481254770983251e-05,0.142,OPTIMAL
geant,seed_milpsnap_geant_k12.json,278,22,36,11,9.1733,6.157551210310854e-05,0.778,OPTIMAL
geant,seed_milpsnap_geant_k12.json,279,22,36,11,18.2515,6.841349114073635e-05,0.247,OPTIMAL
geant,seed_milpsnap_geant_k12.json,280,22,36,9,31.8772,8.209731268184577e-05,0.083,OPTIMAL
geant,seed_milpsnap_geant_k12.json,281,22,36,10,27.3353,7.696583572101841e-05,0.21,OPTIMAL
geant,seed_milpsnap_geant_k12.json,282,22,36,11,22.7934,7.243810566353325e-05,0.136,OPTIMAL
geant,seed_milpsnap_geant_k12.json,283,22,36,12,18.2515,9.881948720295935e-05,0.31,OPTIMAL
geant,seed_milpsnap_geant_k12.json,284,22,36,15,9.1677,6.157172079302521e-05,0.478,OPTIMAL
geant,seed_milpsnap_geant_k12.json,285,22,36,15,18.2515,6.841349114090919e-05,0.155,OPTIMAL
geant,seed_milpsnap_geant_k12.json,286,22,36,14,22.7934,7.243810566335025e-05,0.338,OPTIMAL
geant,seed_milpsnap_geant_k12.json,287,22,36,16,13.7096,6.48125477093413e-05,0.798,OPTIMAL
geant,seed_milpsnap_geant_k12.json,288,22,36,17,18.2515,6.841349114090919e-05,0.182,OPTIMAL
geant,seed_milpsnap_geant_k12.json,289,22,36,16,22.7934,7.243810566389926e-05,0.144,OPTIMAL
geant,seed_milpsnap_geant_k12.json,290,22,36,17,22.7934,7.243810566371626e-05,0.161,OPTIMAL
geant,seed_milpsnap_geant_k12.json,291,22,36,17,22.7934,7.243810566371626e-05,0.17,OPTIMAL
geant,seed_milpsnap_geant_k12.json,292,22,36,18,18.2515,6.841349114090919e-05,0.196,OPTIMAL
geant,seed_milpsnap_geant_k12.json,293,22,36,17,18.2515,6.841349114090919e-05,0.192,OPTIMAL
geant,seed_milpsnap_geant_k12.json,294,22,36,19,13.7096,6.481254770950503e-05,0.26,OPTIMAL
geant,seed_milpsnap_geant_k12.json,295,22,36,19,9.1677,6.157172079286967e-05,1.753,OPTIMAL
geant,seed_milpsnap_geant_k12.json,296,22,36,16,9.1677,6.157172079286967e-05,1.675,OPTIMAL
geant,seed_milpsnap_geant_k12.json,297,22,36,15,18.2515,6.841349114073634e-05,0.989,OPTIMAL
geant,seed_milpsnap_geant_k12.json,298,22,36,13,22.7934,7.243810566353325e-05,0.212,OPTIMAL
geant,seed_milpsnap_geant_k12.json,299,22,36,11,31.8772,8.209731268163838e-05,0.114,OPTIMAL
geant,seed_milpsnap_geant_k12.json,300,22,36,12,31.8772,8.209731268184577e-05,0.116,OPTIMAL
geant,seed_milpsnap_geant_k12.json,301,22,36,13,31.8772,8.209731268163838e-05,0.137,OPTIMAL
geant,seed_milpsnap_geant_k12.json,302,22,36,11,31.8772,8.209731268163836e-05,0.155,OPTIMAL
geant,seed_milpsnap_geant_k12.json,303,22,36,10,36.4191,8.796192226123892e-05,0.097,OPTIMAL
geant,seed_milpsnap_geant_k12.json,304,22,36,10,36.4191,8.79619222610167e-05,0.081,OPTIMAL
geant,seed_milpsnap_geant_k12.json,305,22,36,11,31.8772,8.209731268143096e-05,0.075,OPTIMAL
geant,seed_milpsnap_geant_k12.json,306,22,36,12,31.8772,8.209731268143096e-05,0.086,OPTIMAL
geant,seed_milpsnap_geant_k12.json,307,22,36,14,27.3297,7.695991243723514e-05,0.121,OPTIMAL
geant,seed_milpsnap_geant_k12.json,308,22,36,13,27.3353,7.696583572082397e-05,0.103,OPTIMAL
geant,seed_milpsnap_geant_k12.json,309,22,36,12,27.3353,7.696583572121286e-05,0.101,OPTIMAL
geant,seed_milpsnap_geant_k12.json,310,22,36,12,27.3353,7.69658357214073e-05,0.111,OPTIMAL
geant,seed_milpsnap_geant_k12.json,311,22,36,14,22.7934,7.243810566353326e-05,0.126,OPTIMAL
geant,seed_milpsnap_geant_k12.json,312,22,36,13,22.7934,7.243810566353326e-05,0.122,OPTIMAL
geant,seed_milpsnap_geant_k12.json,313,22,36,14,27.3353,7.696583572101842e-05,0.125,OPTIMAL
geant,seed_milpsnap_geant_k12.json,314,22,36,16,18.2515,6.841349114108201e-05,0.194,OPTIMAL
geant,seed_milpsnap_geant_k12.json,315,22,36,17,13.7096,6.481254770983251e-05,0.196,OPTIMAL
geant,seed_milpsnap_geant_k12.json,316,22,36,18,9.1677,6.157172079302521e-05,0.453,OPTIMAL
geant,seed_milpsnap_geant_k12.json,317,22,36,19,9.1677,6.157172079302521e-05,0.469,OPTIMAL
geant,seed_milpsnap_geant_k12.json,318,22,36,20,4.6258,5.86395621580307e-05,13.039,OPTIMAL
geant,seed_milpsnap_geant_k12.json,319,22,36,19,9.1677,6.157172079271413e-05,4.992,OPTIMAL
geant,seed_milpsnap_geant_k12.json,320,22,36,18,13.7096,6.48125477093413e-05,3.753,OPTIMAL
geant,seed_milpsnap_geant_k12.json,321,22,36,15,13.7152,6.48167486479554e-05,2.935,OPTIMAL
geant,seed_milpsnap_geant_k12.json,322,22,36,14,18.2571,6.841817186655835e-05,0.498,OPTIMAL
geant,seed_milpsnap_geant_k12.json,323,22,36,15,18.2571,6.841817186655835e-05,0.805,OPTIMAL
geant,seed_milpsnap_geant_k12.json,324,22,36,15,22.7934,7.243810566335025e-05,0.32,OPTIMAL
geant,seed_milpsnap_geant_k12.json,325,22,36,15,18.2515,6.84134911405635e-05,0.873,OPTIMAL
geant,seed_milpsnap_geant_k12.json,326,22,36,19,13.7096,6.48125477093413e-05,4.883,OPTIMAL
geant,seed_milpsnap_geant_k12.json,327,22,36,18,13.7096,6.48125477093413e-05,3.485,OPTIMAL
geant,seed_milpsnap_geant_k12.json,328,22,36,16,18.2515,6.841349114073634e-05,0.751,OPTIMAL
geant,seed_milpsnap_geant_k12.json,329,22,36,15,18.2515,6.84134911405635e-05,0.469,OPTIMAL
geant,seed_milpsnap_geant_k12.json,330,22,36,14,22.7934,7.243810566335025e-05,0.133,OPTIMAL
geant,seed_milpsnap_geant_k12.json,331,22,36,16,22.7934,7.243810566316725e-05,0.156,OPTIMAL
geant,seed_milpsnap_geant_k12.json,332,22,36,15,22.7934,7.243810566316725e-05,0.547,OPTIMAL
geant,seed_milpsnap_geant_k12.json,333,22,36,16,22.7934,7.243810566316725e-05,0.402,OPTIMAL
geant,seed_milpsnap_geant_k12.json,334,22,36,16,18.2515,9.881948720295935e-05,0.386,OPTIMAL
geant,seed_milpsnap_geant_k12.json,335,22,36,17,18.2515,6.841349114056352e-05,0.707,OPTIMAL
geant,seed_milpsnap_geant_k12.json,336,22,36,18,13.7096,9.361812446897577e-05,1.104,OPTIMAL
geant,seed_milpsnap_geant_k12.json,337,22,36,19,13.7096,8.641673027906715e-05,1.718,OPTIMAL
geant,seed_milpsnap_geant_k12.json,338,22,36,18,13.7096,8.641673027906715e-05,1.39,OPTIMAL
geant,seed_milpsnap_geant_k12.json,339,22,36,19,13.7096,6.481254770950503e-05,0.317,OPTIMAL
geant,seed_milpsnap_geant_k12.json,340,22,36,18,9.1677,6.157172079302521e-05,4.522,OPTIMAL
geant,seed_milpsnap_geant_k12.json,341,22,36,14,13.7096,6.48125477093413e-05,1.416,OPTIMAL
geant,seed_milpsnap_geant_k12.json,342,22,36,14,13.7096,6.48125477093413e-05,0.324,OPTIMAL
geant,seed_milpsnap_geant_k12.json,343,22,36,13,13.7096,6.48125477093413e-05,0.28,OPTIMAL
geant,seed_milpsnap_geant_k12.json,344,22,36,14,9.1677,6.157172079286967e-05,5.418,OPTIMAL
geant,seed_milpsnap_geant_k12.json,345,22,36,15,9.1677,6.157172079286967e-05,4.618,OPTIMAL
geant,seed_milpsnap_geant_k12.json,346,22,36,13,22.7934,7.243810566335023e-05,0.513,OPTIMAL
geant,seed_milpsnap_geant_k12.json,347,22,36,13,22.799,7.244335332263281e-05,0.318,OPTIMAL
geant,seed_milpsnap_geant_k12.json,348,22,36,12,31.8828,8.210405320355922e-05,0.137,OPTIMAL
geant,seed_milpsnap_geant_k12.json,349,22,36,12,27.3409,7.69717599168473e-05,0.183,OPTIMAL
geant,seed_milpsnap_geant_k12.json,350,22,36,12,27.3409,7.69717599168473e-05,0.162,OPTIMAL
geant,seed_milpsnap_geant_k12.json,351,22,36,13,13.7208,9.36302613005309e-05,0.381,OPTIMAL
geant,seed_milpsnap_geant_k12.json,352,22,36,12,13.7208,6.482095013118717e-05,0.322,OPTIMAL
geant,seed_milpsnap_geant_k12.json,353,22,36,13,13.7152,6.481674864811915e-05,0.631,OPTIMAL
geant,seed_milpsnap_geant_k12.json,354,22,36,12,22.799,7.244335332281583e-05,0.141,OPTIMAL
geant,seed_milpsnap_geant_k12.json,355,22,36,12,18.2571,6.841817186673118e-05,0.495,OPTIMAL
geant,seed_milpsnap_geant_k12.json,356,22,36,11,22.799,7.24433533224498e-05,0.198,OPTIMAL
geant,seed_milpsnap_geant_k12.json,357,22,36,11,13.7152,6.481674864795541e-05,0.543,OPTIMAL
geant,seed_milpsnap_geant_k12.json,358,22,36,11,13.7152,6.481674864811915e-05,0.699,OPTIMAL
geant,seed_milpsnap_geant_k12.json,359,22,36,11,18.2515,6.841349114073634e-05,1.161,OPTIMAL
geant,seed_milpsnap_geant_k12.json,360,22,36,11,18.2515,6.841349114056352e-05,0.93,OPTIMAL
geant,seed_milpsnap_geant_k12.json,361,22,36,1,90.9218,0.0,0.009,OPTIMAL
geant,seed_milpsnap_geant_k12.json,362,22,36,2,81.8436,0.0,0.01,OPTIMAL
geant,seed_milpsnap_geant_k12.json,363,22,36,3,77.2961,0.0,0.022,OPTIMAL
geant,seed_milpsnap_geant_k12.json,364,22,36,4,59.1285,0.0,0.034,OPTIMAL
geant,seed_milpsnap_geant_k12.json,365,22,36,5,54.5866,0.0,0.048,OPTIMAL
geant,seed_milpsnap_geant_k12.json,366,22,36,6,54.5866,0.0,0.057,OPTIMAL
geant,seed_milpsnap_geant_k12.json,367,22,36,5,54.5866,0.0,0.051,OPTIMAL
geant,seed_milpsnap_geant_k12.json,368,22,36,6,45.5028,0.0,0.066,OPTIMAL
geant,seed_milpsnap_geant_k12.json,369,22,36,5,50.0447,4.975743251657831e-05,0.041,OPTIMAL
geant,seed_milpsnap_geant_k12.json,370,22,36,8,36.4191,8.796192226112781e-05,0.158,OPTIMAL
geant,seed_milpsnap_geant_k12.json,371,22,36,9,31.8772,8.209731268143097e-05,0.161,OPTIMAL
geant,seed_milpsnap_geant_k12.json,372,22,36,9,36.4191,8.796192226112781e-05,0.145,OPTIMAL
geant,seed_milpsnap_geant_k12.json,373,22,36,9,36.4246,8.796966024154333e-05,0.074,OPTIMAL
geant,seed_milpsnap_geant_k12.json,374,22,36,11,31.8828,8.21040532033518e-05,0.154,OPTIMAL
geant,seed_milpsnap_geant_k12.json,375,22,36,12,27.3409,7.697175991684732e-05,0.113,OPTIMAL
geant,seed_milpsnap_geant_k12.json,376,22,36,11,31.8828,8.210405320376665e-05,0.102,OPTIMAL
geant,seed_milpsnap_geant_k12.json,377,22,36,13,22.799,7.244335332281583e-05,0.243,OPTIMAL
geant,seed_milpsnap_geant_k12.json,378,22,36,13,27.3409,7.69717599168473e-05,0.31,OPTIMAL
geant,seed_milpsnap_geant_k12.json,379,22,36,14,22.799,7.24433533222668e-05,0.425,OPTIMAL
geant,seed_milpsnap_geant_k12.json,380,22,36,11,27.3409,7.69717599168473e-05,0.195,OPTIMAL
geant,seed_milpsnap_geant_k12.json,381,22,36,10,27.3409,7.697175991665284e-05,0.231,OPTIMAL
geant,seed_milpsnap_geant_k12.json,382,22,36,11,18.2571,6.841817186655835e-05,0.754,OPTIMAL
geant,seed_milpsnap_geant_k12.json,383,22,36,13,9.1733,6.157551210310854e-05,1.267,OPTIMAL
geant,seed_milpsnap_geant_k12.json,384,22,36,12,9.1733,6.157551210310854e-05,2.463,OPTIMAL
geant,seed_milpsnap_geant_k12.json,385,22,36,11,18.2515,6.841349114073634e-05,0.839,OPTIMAL
geant,seed_milpsnap_geant_k12.json,386,22,36,9,31.8772,8.209731268163836e-05,0.086,OPTIMAL
geant,seed_milpsnap_geant_k12.json,387,22,36,7,40.9665,0.0,0.043,OPTIMAL
geant,seed_milpsnap_geant_k12.json,388,22,36,7,40.9721,9.474681545429184e-05,0.092,OPTIMAL
geant,seed_milpsnap_geant_k12.json,389,22,36,6,50.0503,0.0,0.064,OPTIMAL
geant,seed_milpsnap_geant_k12.json,390,22,36,5,54.5866,0.0,0.04,OPTIMAL
geant,seed_milpsnap_geant_k12.json,391,22,36,6,54.5866,8.210068280393732e-05,0.043,OPTIMAL
geant,seed_milpsnap_geant_k12.json,392,22,36,6,45.5084,0.0,0.056,OPTIMAL
geant,seed_milpsnap_geant_k12.json,393,22,36,5,59.1285,0.0,0.032,OPTIMAL
geant,seed_milpsnap_geant_k12.json,394,22,36,6,54.5866,0.0,0.042,OPTIMAL
geant,seed_milpsnap_geant_k12.json,395,22,36,8,54.5866,0.0,0.057,OPTIMAL
geant,seed_milpsnap_geant_k12.json,396,22,36,9,50.0447,0.0,0.062,OPTIMAL
geant,seed_milpsnap_geant_k12.json,397,22,36,7,59.1285,0.0,0.041,OPTIMAL
geant,seed_milpsnap_geant_k12.json,398,22,36,8,54.5866,8.210068280424842e-05,0.057,OPTIMAL
geant,seed_milpsnap_geant_k12.json,399,22,36,10,45.5028,0.0,0.081,OPTIMAL
geant,seed_milpsnap_geant_k12.json,400,22,36,9,45.5028,0.0,0.076,OPTIMAL
geant,seed_milpsnap_geant_k12.json,401,22,36,9,54.5866,5.473378853611377e-05,0.055,OPTIMAL
geant,seed_milpsnap_geant_k12.json,402,22,36,9,54.5866,5.473378853611377e-05,0.058,OPTIMAL
geant,seed_milpsnap_geant_k12.json,403,22,36,9,54.5866,5.473378853611377e-05,0.057,OPTIMAL
geant,seed_milpsnap_geant_k12.json,404,22,36,7,54.5866,5.473378853611377e-05,0.045,OPTIMAL
geant,seed_milpsnap_geant_k12.json,405,22,36,9,50.0447,4.975743251657831e-05,0.055,OPTIMAL
geant,seed_milpsnap_geant_k12.json,406,22,36,8,50.0447,4.975743251657831e-05,0.05,OPTIMAL
geant,seed_milpsnap_geant_k12.json,407,22,36,9,50.0447,4.975743251657831e-05,0.058,OPTIMAL
geant,seed_milpsnap_geant_k12.json,408,22,36,8,54.5866,0.0,0.048,OPTIMAL
geant,seed_milpsnap_geant_k12.json,409,22,36,7,54.5866,0.0,0.046,OPTIMAL
geant,seed_milpsnap_geant_k12.json,410,22,36,9,45.5028,0.0,0.062,OPTIMAL
geant,seed_milpsnap_geant_k12.json,411,22,36,8,50.0447,0.0,0.05,OPTIMAL
geant,seed_milpsnap_geant_k12.json,412,22,36,10,40.961,9.472886493784261e-05,0.063,OPTIMAL
geant,seed_milpsnap_geant_k12.json,413,22,36,9,40.961,9.472886493784261e-05,0.067,OPTIMAL
geant,seed_milpsnap_geant_k12.json,414,22,36,10,27.3409,7.697175991645839e-05,0.069,OPTIMAL
geant,seed_milpsnap_geant_k12.json,415,22,36,12,22.799,7.24433533224498e-05,0.092,OPTIMAL
geant,seed_milpsnap_geant_k12.json,416,22,36,10,36.4246,3.9097626774130374e-05,0.065,OPTIMAL
geant,seed_milpsnap_geant_k12.json,417,22,36,11,27.3409,8.552417768514821e-05,0.077,OPTIMAL
geant,seed_milpsnap_geant_k12.json,418,22,36,11,27.3409,8.552417768495378e-05,0.079,OPTIMAL
geant,seed_milpsnap_geant_k12.json,419,22,36,12,22.799,7.24433533224498e-05,0.117,OPTIMAL
geant,seed_milpsnap_geant_k12.json,420,22,36,13,22.7934,7.243810566316725e-05,0.147,OPTIMAL
geant,seed_milpsnap_geant_k12.json,421,22,36,13,22.7934,7.243810566316725e-05,0.154,OPTIMAL
geant,seed_milpsnap_geant_k12.json,422,22,36,11,31.8772,8.209731268143097e-05,0.119,OPTIMAL
geant,seed_milpsnap_geant_k12.json,423,22,36,13,27.3353,7.696583572101841e-05,0.135,OPTIMAL
geant,seed_milpsnap_geant_k12.json,424,22,36,13,22.7934,7.243810566353326e-05,0.103,OPTIMAL
geant,seed_milpsnap_geant_k12.json,425,22,36,13,27.3353,7.696583572121286e-05,0.134,OPTIMAL
geant,seed_milpsnap_geant_k12.json,426,22,36,11,27.3353,7.696583572121286e-05,0.119,OPTIMAL
geant,seed_milpsnap_geant_k12.json,427,22,36,12,27.3353,7.696583572121286e-05,0.125,OPTIMAL
geant,seed_milpsnap_geant_k12.json,428,22,36,13,27.3353,7.696583572121286e-05,0.14,OPTIMAL
geant,seed_milpsnap_geant_k12.json,429,22,36,13,31.8772,8.209731268122356e-05,0.095,OPTIMAL
geant,seed_milpsnap_geant_k12.json,430,22,36,14,22.7934,7.243810566335026e-05,0.159,OPTIMAL
geant,seed_milpsnap_geant_k12.json,431,22,36,13,22.7934,7.243810566353326e-05,0.194,OPTIMAL
geant,seed_milpsnap_geant_k12.json,432,22,36,13,22.7934,7.243810566353326e-05,0.29,OPTIMAL
geant,seed_milpsnap_geant_k12.json,433,22,36,12,22.7934,7.243810566353326e-05,0.273,OPTIMAL
geant,seed_milpsnap_geant_k12.json,434,22,36,10,22.7934,7.243810566353326e-05,0.129,OPTIMAL
geant,seed_milpsnap_geant_k12.json,435,22,36,8,36.4191,8.796192226112781e-05,0.084,OPTIMAL
geant,seed_milpsnap_geant_k12.json,436,22,36,7,45.5084,0.0,0.087,OPTIMAL
geant,seed_milpsnap_geant_k12.json,437,22,36,8,45.5084,0.0,0.099,OPTIMAL
geant,seed_milpsnap_geant_k12.json,438,22,36,8,40.961,9.472886493772294e-05,0.092,OPTIMAL
geant,seed_milpsnap_geant_k12.json,439,22,36,7,50.0447,0.0,0.045,OPTIMAL
geant,seed_milpsnap_geant_k12.json,440,22,36,6,50.0447,0.0,0.067,OPTIMAL
geant,seed_milpsnap_geant_k12.json,441,22,36,6,50.0447,7.463614877465535e-05,0.089,OPTIMAL
geant,seed_milpsnap_geant_k12.json,442,22,36,9,31.8772,8.209731268122356e-05,0.173,OPTIMAL
geant,seed_milpsnap_geant_k12.json,443,22,36,10,36.4191,8.796192226123892e-05,0.068,OPTIMAL
geant,seed_milpsnap_geant_k12.json,444,22,36,11,36.4191,8.796192226123892e-05,0.074,OPTIMAL
geant,seed_milpsnap_geant_k12.json,445,22,36,12,27.3353,7.696583572121286e-05,0.104,OPTIMAL
geant,seed_milpsnap_geant_k12.json,446,22,36,15,18.2515,6.841349114056352e-05,0.981,OPTIMAL
geant,seed_milpsnap_geant_k12.json,447,22,36,15,22.7934,7.243810566316725e-05,0.33,OPTIMAL
geant,seed_milpsnap_geant_k12.json,448,22,36,17,18.2515,6.841349114073634e-05,0.669,OPTIMAL
geant,seed_milpsnap_geant_k12.json,449,22,36,17,18.2515,6.841349114073634e-05,0.675,OPTIMAL
geant,seed_milpsnap_geant_k12.json,450,22,36,16,18.2571,6.841817186655835e-05,1.446,OPTIMAL
geant,seed_milpsnap_geant_k12.json,451,22,36,15,27.3409,7.697175991704176e-05,0.19,OPTIMAL
geant,seed_milpsnap_geant_k12.json,452,22,36,16,27.3409,7.697175991684732e-05,0.179,OPTIMAL
geant,seed_milpsnap_geant_k12.json,453,22,36,15,27.3409,7.697175991684732e-05,0.163,OPTIMAL
geant,seed_milpsnap_geant_k12.json,454,22,36,14,27.3409,7.697175991645839e-05,0.157,OPTIMAL
geant,seed_milpsnap_geant_k12.json,455,22,36,15,27.3409,7.697175991684732e-05,0.164,OPTIMAL
geant,seed_milpsnap_geant_k12.json,456,22,36,16,27.3409,7.697175991684732e-05,0.159,OPTIMAL
geant,seed_milpsnap_geant_k12.json,457,22,36,17,22.799,7.24433533224498e-05,0.175,OPTIMAL
geant,seed_milpsnap_geant_k12.json,458,22,36,15,27.3353,7.69658357210184e-05,0.106,OPTIMAL
geant,seed_milpsnap_geant_k12.json,459,22,36,14,31.8772,8.209731268143096e-05,0.095,OPTIMAL
geant,seed_milpsnap_geant_k12.json,460,22,36,11,36.4191,8.796192226123892e-05,0.073,OPTIMAL
geant,seed_milpsnap_geant_k12.json,461,22,36,12,36.4191,8.796192226123892e-05,0.091,OPTIMAL
geant,seed_milpsnap_geant_k12.json,462,22,36,15,27.3353,7.696583572082397e-05,0.168,OPTIMAL
geant,seed_milpsnap_geant_k12.json,463,22,36,17,27.3353,7.696583572082397e-05,0.309,OPTIMAL
geant,seed_milpsnap_geant_k12.json,464,22,36,17,27.3297,7.69599124370407e-05,0.141,OPTIMAL
geant,seed_milpsnap_geant_k12.json,465,22,36,15,31.8716,8.209057326576199e-05,0.123,OPTIMAL
geant,seed_milpsnap_geant_k12.json,466,22,36,12,36.4191,8.796192226112781e-05,0.108,OPTIMAL
geant,seed_milpsnap_geant_k12.json,467,22,36,1,86.3799,0.0,0.006,OPTIMAL
geant,seed_milpsnap_geant_k12.json,468,22,36,2,77.3017,0.0,0.014,OPTIMAL
geant,seed_milpsnap_geant_k12.json,469,22,36,4,54.6034,0.0,0.027,OPTIMAL
geant,seed_milpsnap_geant_k12.json,470,22,36,5,54.5978,0.0,0.037,OPTIMAL
geant,seed_milpsnap_geant_k12.json,471,22,36,7,50.0503,0.0,0.072,OPTIMAL
geant,seed_milpsnap_geant_k12.json,472,22,36,8,50.0447,0.0,0.081,OPTIMAL
geant,seed_milpsnap_geant_k12.json,473,22,36,12,36.4191,8.796192226135003e-05,0.183,OPTIMAL
geant,seed_milpsnap_geant_k12.json,474,22,36,14,31.8772,8.209731268184577e-05,0.116,OPTIMAL
geant,seed_milpsnap_geant_k12.json,475,22,36,16,22.7934,7.243810566335025e-05,0.173,OPTIMAL
geant,seed_milpsnap_geant_k12.json,476,22,36,17,18.2515,6.841349114056352e-05,0.579,OPTIMAL
geant,seed_milpsnap_geant_k12.json,477,22,36,18,13.7096,6.48125477093413e-05,3.051,OPTIMAL
geant,seed_milpsnap_geant_k12.json,478,22,36,19,13.7096,6.481254770950503e-05,1.61,OPTIMAL
geant,seed_milpsnap_geant_k12.json,479,22,36,18,13.7096,6.481254770950503e-05,3.703,OPTIMAL
geant,seed_milpsnap_geant_k12.json,480,22,36,17,18.2515,6.841349114073635e-05,0.489,OPTIMAL
geant,seed_milpsnap_geant_k12.json,481,22,36,16,18.2515,6.841349114090918e-05,0.396,OPTIMAL
geant,seed_milpsnap_geant_k12.json,482,22,36,17,4.6258,5.86395621580307e-05,5.084,OPTIMAL
geant,seed_milpsnap_geant_k12.json,483,22,36,16,4.6258,5.86395621580307e-05,4.747,OPTIMAL
geant,seed_milpsnap_geant_k12.json,484,22,36,17,4.6258,5.86395621580307e-05,5.243,OPTIMAL
geant,seed_milpsnap_geant_k12.json,485,22,36,18,4.6258,5.86395621580307e-05,6.267,OPTIMAL
geant,seed_milpsnap_geant_k12.json,486,22,36,17,4.6258,5.86395621580307e-05,9.743,OPTIMAL
geant,seed_milpsnap_geant_k12.json,487,22,36,13,22.7934,7.243810566371626e-05,0.136,OPTIMAL
geant,seed_milpsnap_geant_k12.json,488,22,36,11,27.3353,7.69658357214073e-05,0.116,OPTIMAL
geant,seed_milpsnap_geant_k12.json,489,22,36,10,36.4191,8.796192226101671e-05,0.161,OPTIMAL
geant,seed_milpsnap_geant_k12.json,490,22,36,9,36.4191,8.796192226101671e-05,0.142,OPTIMAL
geant,seed_milpsnap_geant_k12.json,491,22,36,10,31.8772,8.209731268143097e-05,1.366,OPTIMAL
geant,seed_milpsnap_geant_k12.json,492,22,36,9,36.4191,8.796192226123892e-05,0.361,OPTIMAL
geant,seed_milpsnap_geant_k12.json,493,22,36,8,36.4191,8.796192226123892e-05,0.378,OPTIMAL
geant,seed_milpsnap_geant_k12.json,494,22,36,7,40.961,9.472886493772296e-05,0.116,OPTIMAL
geant,seed_milpsnap_geant_k12.json,495,22,36,6,45.5028,0.0,0.086,OPTIMAL
geant,seed_milpsnap_geant_k12.json,496,22,36,8,31.8772,8.209731268143097e-05,0.158,OPTIMAL
geant,seed_milpsnap_geant_k12.json,497,22,36,8,31.8772,8.209731268143097e-05,0.147,OPTIMAL
geant,seed_milpsnap_geant_k12.json,498,22,36,8,27.3353,7.69658357204351e-05,0.215,OPTIMAL
geant,seed_milpsnap_geant_k12.json,499,22,36,9,22.7934,7.243810566353326e-05,0.155,OPTIMAL
geant,seed_milpsnap_geant_k12.json,500,22,36,10,22.7934,7.243810566335025e-05,0.15,OPTIMAL
geant,seed_milpsnap_geant_k12.json,501,22,36,9,31.8772,8.209731268122356e-05,0.117,OPTIMAL
geant,seed_milpsnap_geant_k12.json,502,22,36,9,40.961,9.472886493784261e-05,0.091,OPTIMAL
geant,seed_milpsnap_geant_k12.json,503,22,36,11,31.8772,8.209731268163836e-05,0.123,OPTIMAL
geant,seed_milpsnap_geant_k12.json,504,22,36,12,27.3353,7.696583572082397e-05,0.141,OPTIMAL
geant,seed_milpsnap_geant_k12.json,505,22,36,14,18.2515,6.841349114039068e-05,1.16,OPTIMAL
geant,seed_milpsnap_geant_k12.json,506,22,36,14,18.2515,6.841349114090918e-05,0.347,OPTIMAL
geant,seed_milpsnap_geant_k12.json,507,22,36,16,18.2515,6.841349114073635e-05,0.414,OPTIMAL
geant,seed_milpsnap_geant_k12.json,508,22,36,15,22.7934,7.243810566316725e-05,0.603,OPTIMAL
geant,seed_milpsnap_geant_k12.json,509,22,36,14,27.3353,7.696583572101841e-05,0.193,OPTIMAL
geant,seed_milpsnap_geant_k12.json,510,22,36,13,27.3353,7.696583572101841e-05,0.168,OPTIMAL
geant,seed_milpsnap_geant_k12.json,511,22,36,13,31.8772,8.209731268143096e-05,0.139,OPTIMAL
geant,seed_milpsnap_geant_k12.json,512,22,36,13,36.4191,8.796192226112781e-05,0.146,OPTIMAL
geant,seed_milpsnap_geant_k12.json,513,22,36,14,31.8772,8.209731268163836e-05,0.243,OPTIMAL
geant,seed_milpsnap_geant_k12.json,514,22,36,13,31.8772,8.209731268163836e-05,0.315,OPTIMAL
geant,seed_milpsnap_geant_k12.json,515,22,36,12,31.8772,8.209731268163836e-05,0.779,OPTIMAL
geant,seed_milpsnap_geant_k12.json,516,22,36,12,31.8772,8.209731268143097e-05,0.32,OPTIMAL
geant,seed_milpsnap_geant_k12.json,517,22,36,10,36.4191,8.796192226123892e-05,0.235,OPTIMAL
geant,seed_milpsnap_geant_k12.json,518,22,36,9,40.961,9.472886493772294e-05,0.112,OPTIMAL
geant,seed_milpsnap_geant_k12.json,519,22,36,7,45.5028,0.0,0.09,OPTIMAL
geant,seed_milpsnap_geant_k12.json,520,22,36,8,36.4191,8.796192226112781e-05,0.187,OPTIMAL
geant,seed_milpsnap_geant_k12.json,521,22,36,7,40.9665,9.47378393458305e-05,0.09,OPTIMAL
geant,seed_milpsnap_geant_k12.json,522,22,36,7,45.5084,0.0,0.206,OPTIMAL
geant,seed_milpsnap_geant_k12.json,523,22,36,8,36.4246,8.796966024176555e-05,0.119,OPTIMAL
geant,seed_milpsnap_geant_k12.json,524,22,36,8,31.8772,9.121923631247063e-05,0.332,OPTIMAL
geant,seed_milpsnap_geant_k12.json,525,22,36,9,31.8772,8.209731268122356e-05,0.186,OPTIMAL
geant,seed_milpsnap_geant_k12.json,526,22,36,8,36.4191,8.796192226123892e-05,0.177,OPTIMAL
geant,seed_milpsnap_geant_k12.json,527,22,36,7,36.4191,8.796192226123893e-05,0.187,OPTIMAL
geant,seed_milpsnap_geant_k12.json,528,22,36,6,40.961,9.472886493772294e-05,0.115,OPTIMAL
geant,seed_milpsnap_geant_k12.json,529,22,36,7,40.961,9.47288649376033e-05,0.135,OPTIMAL
geant,seed_milpsnap_geant_k12.json,530,22,36,8,40.961,9.47288649376033e-05,0.116,OPTIMAL
geant,seed_milpsnap_geant_k12.json,531,22,36,9,36.4191,8.796192226112781e-05,0.156,OPTIMAL
geant,seed_milpsnap_geant_k12.json,532,22,36,9,45.5028,0.0,0.099,OPTIMAL
geant,seed_milpsnap_geant_k12.json,533,22,36,10,36.4191,8.79619222610167e-05,0.109,OPTIMAL
geant,seed_milpsnap_geant_k12.json,534,22,36,10,31.8772,8.209731268163838e-05,0.093,OPTIMAL
geant,seed_milpsnap_geant_k12.json,535,22,36,10,40.961,9.472886493784261e-05,0.085,OPTIMAL
geant,seed_milpsnap_geant_k12.json,536,22,36,9,40.961,9.472886493784261e-05,0.081,OPTIMAL
geant,seed_milpsnap_geant_k12.json,537,22,36,9,40.961,9.472886493784261e-05,0.093,OPTIMAL
geant,seed_milpsnap_geant_k12.json,538,22,36,10,40.961,9.472886493784261e-05,0.114,OPTIMAL
geant,seed_milpsnap_geant_k12.json,539,22,36,13,36.4191,8.796192226123892e-05,0.32,OPTIMAL
geant,seed_milpsnap_geant_k12.json,540,22,36,13,27.3353,7.696583572101841e-05,0.28,OPTIMAL
geant,seed_milpsnap_geant_k12.json,541,22,36,13,31.8772,8.209731268143097e-05,0.3,OPTIMAL
geant,seed_milpsnap_geant_k12.json,542,22,36,12,31.8772,8.209731268143096e-05,0.252,OPTIMAL
geant,seed_milpsnap_geant_k12.json,543,22,36,11,36.4191,8.796192226112781e-05,0.162,OPTIMAL
geant,seed_milpsnap_geant_k12.json,544,22,36,13,36.4191,8.79619222610167e-05,0.154,OPTIMAL
geant,seed_milpsnap_geant_k12.json,545,22,36,14,31.8772,8.209731268163838e-05,0.207,OPTIMAL
geant,seed_milpsnap_geant_k12.json,546,22,36,15,22.7934,7.243810566335025e-05,0.355,OPTIMAL
geant,seed_milpsnap_geant_k12.json,547,22,36,15,22.7934,7.243810566335025e-05,0.457,OPTIMAL
geant,seed_milpsnap_geant_k12.json,548,22,36,15,22.7934,7.243810566335025e-05,1.13,OPTIMAL
geant,seed_milpsnap_geant_k12.json,549,22,36,15,22.7934,7.243810566316725e-05,1.108,OPTIMAL
geant,seed_milpsnap_geant_k12.json,550,22,36,14,22.7934,7.243810566298425e-05,0.569,OPTIMAL
geant,seed_milpsnap_geant_k12.json,551,22,36,11,27.3353,7.696583572082397e-05,0.278,OPTIMAL
geant,seed_milpsnap_geant_k12.json,552,22,36,11,36.4191,8.796192226123892e-05,0.179,OPTIMAL
geant,seed_milpsnap_geant_k12.json,553,22,36,10,40.961,9.47288649376033e-05,0.148,OPTIMAL
geant,seed_milpsnap_geant_k12.json,554,22,36,10,36.4191,8.796192226146112e-05,0.196,OPTIMAL
geant,seed_milpsnap_geant_k12.json,555,22,36,10,50.0447,0.0,0.138,OPTIMAL
geant,seed_milpsnap_geant_k12.json,556,22,36,10,45.5028,0.0,0.191,OPTIMAL
geant,seed_milpsnap_geant_k12.json,557,22,36,10,40.961,9.472886493760332e-05,0.165,OPTIMAL
geant,seed_milpsnap_geant_k12.json,558,22,36,11,31.8772,8.209731268163836e-05,0.317,OPTIMAL
geant,seed_milpsnap_geant_k12.json,559,22,36,10,36.4191,8.796192226123892e-05,0.237,OPTIMAL
geant,seed_milpsnap_geant_k12.json,560,22,36,10,31.8772,8.209731268122356e-05,0.202,OPTIMAL
geant,seed_milpsnap_geant_k12.json,561,22,36,11,27.3353,7.696583572101841e-05,0.293,OPTIMAL
geant,seed_milpsnap_geant_k12.json,562,22,36,12,18.2515,6.841349114108201e-05,0.208,OPTIMAL
geant,seed_milpsnap_geant_k12.json,563,22,36,14,18.2515,6.841349114090919e-05,0.232,OPTIMAL
geant,seed_milpsnap_geant_k12.json,564,22,36,16,18.2515,6.841349114090919e-05,0.262,OPTIMAL
geant,seed_milpsnap_geant_k12.json,565,22,36,16,18.2515,6.841349114108201e-05,0.254,OPTIMAL
geant,seed_milpsnap_geant_k12.json,566,22,36,15,13.7096,6.481254770950503e-05,1.671,OPTIMAL
geant,seed_milpsnap_geant_k12.json,567,22,36,16,13.7096,6.48125477093413e-05,0.429,OPTIMAL
geant,seed_milpsnap_geant_k12.json,568,22,36,14,13.7096,6.481254770950503e-05,0.832,OPTIMAL
geant,seed_milpsnap_geant_k12.json,569,22,36,14,22.7934,7.243810566335025e-05,0.234,OPTIMAL
geant,seed_milpsnap_geant_k12.json,570,22,36,16,22.7934,7.243810566335025e-05,0.355,OPTIMAL
geant,seed_milpsnap_geant_k12.json,571,22,36,17,22.7934,7.243810566335025e-05,0.274,OPTIMAL
geant,seed_milpsnap_geant_k12.json,572,22,36,16,22.7934,7.243810566335025e-05,0.196,OPTIMAL
geant,seed_milpsnap_geant_k12.json,573,22,36,15,27.3353,7.696583572082398e-05,0.205,OPTIMAL
geant,seed_milpsnap_geant_k12.json,574,22,36,16,27.3353,7.696583572082398e-05,0.242,OPTIMAL
geant,seed_milpsnap_geant_k12.json,575,22,36,14,31.8772,8.209731268143096e-05,0.176,OPTIMAL
geant,seed_milpsnap_geant_k12.json,576,22,36,12,36.4191,8.79619222610167e-05,0.178,OPTIMAL
geant,seed_milpsnap_geant_k12.json,577,22,36,11,45.5028,0.0,0.166,OPTIMAL
geant,seed_milpsnap_geant_k12.json,578,22,36,12,40.961,9.47288649376033e-05,0.146,OPTIMAL
geant,seed_milpsnap_geant_k12.json,579,22,36,13,40.961,9.47288649376033e-05,0.195,OPTIMAL
geant,seed_milpsnap_geant_k12.json,580,22,36,14,36.4191,8.796192226112781e-05,0.186,OPTIMAL
geant,seed_milpsnap_geant_k12.json,581,22,36,12,36.4191,8.796192226112781e-05,0.159,OPTIMAL
geant,seed_milpsnap_geant_k12.json,582,22,36,11,31.8772,8.209731268184577e-05,0.136,OPTIMAL
geant,seed_milpsnap_geant_k12.json,583,22,36,11,27.3353,7.696583572121286e-05,0.124,OPTIMAL
geant,seed_milpsnap_geant_k12.json,584,22,36,11,27.3353,7.696583572121286e-05,0.131,OPTIMAL
geant,seed_milpsnap_geant_k12.json,585,22,36,12,27.3353,7.696583572101842e-05,0.169,OPTIMAL
geant,seed_milpsnap_geant_k12.json,586,22,36,11,27.3353,7.696583572101842e-05,0.142,OPTIMAL
geant,seed_milpsnap_geant_k12.json,587,22,36,1,81.838,0.0,0.01,OPTIMAL
geant,seed_milpsnap_geant_k12.json,588,22,36,2,77.2961,0.0,0.017,OPTIMAL
geant,seed_milpsnap_geant_k12.json,589,22,36,4,54.5866,5.473378853580265e-05,0.064,OPTIMAL
geant,seed_milpsnap_geant_k12.json,590,22,36,5,50.0447,0.0,0.071,OPTIMAL
geant,seed_milpsnap_geant_k12.json,591,22,36,6,50.0447,0.0,0.052,OPTIMAL
geant,seed_milpsnap_geant_k12.json,592,22,36,7,40.961,9.472886493748365e-05,0.099,OPTIMAL
geant,seed_milpsnap_geant_k12.json,593,22,36,10,36.4191,8.796192226112781e-05,0.153,OPTIMAL
geant,seed_milpsnap_geant_k12.json,594,22,36,11,36.4191,8.796192226101671e-05,0.194,OPTIMAL
geant,seed_milpsnap_geant_k12.json,595,22,36,12,31.8772,8.209731268143096e-05,0.184,OPTIMAL
geant,seed_milpsnap_geant_k12.json,596,22,36,14,31.8772,8.209731268143096e-05,0.234,OPTIMAL
geant,seed_milpsnap_geant_k12.json,597,22,36,16,22.7934,7.243810566353326e-05,0.173,OPTIMAL
geant,seed_milpsnap_geant_k12.json,598,22,36,18,18.2515,6.841349114073635e-05,0.592,OPTIMAL
geant,seed_milpsnap_geant_k12.json,599,22,36,19,13.7096,6.481254770966877e-05,1.038,OPTIMAL
geant,seed_milpsnap_geant_k12.json,600,22,36,19,9.1677,6.157172079302521e-05,2.409,OPTIMAL
geant,seed_milpsnap_geant_k12.json,601,22,36,17,9.1677,6.157172079302521e-05,1.031,OPTIMAL
geant,seed_milpsnap_geant_k12.json,602,22,36,18,9.1677,6.157172079318077e-05,2.081,OPTIMAL
geant,seed_milpsnap_geant_k12.json,603,22,36,18,9.1677,6.157172079302521e-05,2.468,OPTIMAL
geant,seed_milpsnap_geant_k12.json,604,22,36,18,13.7096,6.48125477093413e-05,1.123,OPTIMAL
geant,seed_milpsnap_geant_k12.json,605,22,36,17,18.2515,6.841349114056352e-05,1.082,OPTIMAL
geant,seed_milpsnap_geant_k12.json,606,22,36,14,18.2515,6.841349114056352e-05,0.74,OPTIMAL
geant,seed_milpsnap_geant_k12.json,607,22,36,14,27.3353,7.696583572101841e-05,0.279,OPTIMAL
geant,seed_milpsnap_geant_k12.json,608,22,36,15,22.7934,7.243810566316725e-05,0.401,OPTIMAL
geant,seed_milpsnap_geant_k12.json,609,22,36,14,27.3353,7.696583572101841e-05,0.366,OPTIMAL
geant,seed_milpsnap_geant_k12.json,610,22,36,14,18.2515,6.841349114056352e-05,0.413,OPTIMAL
geant,seed_milpsnap_geant_k12.json,611,22,36,14,27.3353,7.696583572101841e-05,0.229,OPTIMAL
geant,seed_milpsnap_geant_k12.json,612,22,36,13,27.3353,7.696583572082398e-05,0.165,OPTIMAL
geant,seed_milpsnap_geant_k12.json,613,22,36,13,27.3353,7.696583572082397e-05,0.156,OPTIMAL
geant,seed_milpsnap_geant_k12.json,614,22,36,14,27.3353,7.696583572082397e-05,0.169,OPTIMAL
geant,seed_milpsnap_geant_k12.json,615,22,36,14,27.3353,7.696583572101842e-05,0.266,OPTIMAL
geant,seed_milpsnap_geant_k12.json,616,22,36,15,27.3353,7.696583572121287e-05,0.173,OPTIMAL
geant,seed_milpsnap_geant_k12.json,617,22,36,15,22.7934,7.243810566335026e-05,0.189,OPTIMAL
geant,seed_milpsnap_geant_k12.json,618,22,36,16,22.7934,7.243810566335026e-05,0.194,OPTIMAL
geant,seed_milpsnap_geant_k12.json,619,22,36,17,18.2515,6.841349114073637e-05,0.205,OPTIMAL
geant,seed_milpsnap_geant_k12.json,620,22,36,18,13.7096,6.481254770950504e-05,0.307,OPTIMAL
geant,seed_milpsnap_geant_k12.json,621,22,36,16,13.7096,6.481254770950504e-05,0.263,OPTIMAL
geant,seed_milpsnap_geant_k12.json,622,22,36,17,13.7096,6.48125477093413e-05,0.804,OPTIMAL
geant,seed_milpsnap_geant_k12.json,623,22,36,16,9.1677,6.157172079286967e-05,10.391,OPTIMAL
geant,seed_milpsnap_geant_k12.json,624,22,36,15,9.1677,6.157172079286967e-05,1.95,OPTIMAL
geant,seed_milpsnap_geant_k12.json,625,22,36,14,9.1677,6.157172079302521e-05,5.247,OPTIMAL
geant,seed_milpsnap_geant_k12.json,626,22,36,14,13.7096,6.481254770950503e-05,0.769,OPTIMAL
geant,seed_milpsnap_geant_k12.json,627,22,36,14,13.7096,6.481254770966877e-05,0.231,OPTIMAL
geant,seed_milpsnap_geant_k12.json,628,22,36,15,4.6258,5.86395621580307e-05,4.557,OPTIMAL
geant,seed_milpsnap_geant_k12.json,629,22,36,16,9.1677,6.157172079286967e-05,6.135,OPTIMAL
geant,seed_milpsnap_geant_k12.json,630,22,36,16,9.1677,6.157172079286967e-05,8.531,OPTIMAL
geant,seed_milpsnap_geant_k12.json,631,22,36,15,13.7096,6.481254770950503e-05,1.272,OPTIMAL
geant,seed_milpsnap_geant_k12.json,632,22,36,14,13.7096,6.481254770966877e-05,2.816,OPTIMAL
geant,seed_milpsnap_geant_k12.json,633,22,36,14,18.2515,6.841349114056352e-05,2.5,OPTIMAL
geant,seed_milpsnap_geant_k12.json,634,22,36,13,18.2515,6.841349114056352e-05,0.793,OPTIMAL
geant,seed_milpsnap_geant_k12.json,635,22,36,13,22.7934,7.243810566316725e-05,0.331,OPTIMAL
geant,seed_milpsnap_geant_k12.json,636,22,36,12,22.7934,7.243810566316725e-05,0.352,OPTIMAL
geant,seed_milpsnap_geant_k12.json,637,22,36,11,27.3353,7.696583572101841e-05,0.225,OPTIMAL
geant,seed_milpsnap_geant_k12.json,638,22,36,12,27.3353,7.696583572101841e-05,0.298,OPTIMAL
geant,seed_milpsnap_geant_k12.json,639,22,36,12,27.3353,7.696583572101841e-05,0.306,OPTIMAL
geant,seed_milpsnap_geant_k12.json,640,22,36,12,27.3353,7.696583572101841e-05,0.274,OPTIMAL
geant,seed_milpsnap_geant_k12.json,641,22,36,12,22.799,7.244335332299885e-05,0.121,OPTIMAL
geant,seed_milpsnap_geant_k12.json,642,22,36,10,22.799,7.244335332244981e-05,0.224,OPTIMAL
geant,seed_milpsnap_geant_k12.json,643,22,36,8,31.8828,8.21040532033518e-05,0.1,OPTIMAL
geant,seed_milpsnap_geant_k12.json,644,22,36,11,22.799,7.244335332299884e-05,0.261,OPTIMAL
geant,seed_milpsnap_geant_k12.json,645,22,36,10,22.799,7.24433533222668e-05,0.178,OPTIMAL
geant,seed_milpsnap_geant_k12.json,646,22,36,11,22.799,9.65911377630224e-05,0.094,OPTIMAL
geant,seed_milpsnap_geant_k12.json,647,22,36,12,22.799,7.24433533222668e-05,0.124,OPTIMAL
geant,seed_milpsnap_geant_k12.json,648,22,36,11,22.799,8.854187628295353e-05,0.1,OPTIMAL
geant,seed_milpsnap_geant_k12.json,649,22,36,10,31.8772,8.209731268122356e-05,0.142,OPTIMAL
geant,seed_milpsnap_geant_k12.json,650,22,36,9,40.961,9.472886493772296e-05,0.148,OPTIMAL
geant,seed_milpsnap_geant_k12.json,651,22,36,9,45.5028,0.0,0.112,OPTIMAL
geant,seed_milpsnap_geant_k12.json,652,22,36,9,45.5028,0.0,0.094,OPTIMAL
geant,seed_milpsnap_geant_k12.json,653,22,36,10,40.961,9.472886493748365e-05,0.119,OPTIMAL
geant,seed_milpsnap_geant_k12.json,654,22,36,14,27.3353,7.696583572082398e-05,0.682,OPTIMAL
geant,seed_milpsnap_geant_k12.json,655,22,36,11,27.3409,0.0,0.308,OPTIMAL
geant,seed_milpsnap_geant_k12.json,656,22,36,14,18.2571,6.841817186655835e-05,0.65,OPTIMAL
geant,seed_milpsnap_geant_k12.json,657,22,36,13,22.7934,7.243810566335025e-05,0.155,OPTIMAL
geant,seed_milpsnap_geant_k12.json,658,22,36,12,27.3409,7.697175991645839e-05,0.106,OPTIMAL
geant,seed_milpsnap_geant_k12.json,659,22,36,12,27.3353,7.696583572082397e-05,0.095,OPTIMAL
geant,seed_milpsnap_geant_k12.json,660,22,36,13,18.2571,9.88262482517914e-05,0.094,OPTIMAL
geant,seed_milpsnap_geant_k12.json,661,22,36,14,18.2571,9.88262482517914e-05,0.099,OPTIMAL
geant,seed_milpsnap_geant_k12.json,662,22,36,17,13.7096,6.481254770966877e-05,0.167,OPTIMAL
geant,seed_milpsnap_geant_k12.json,663,22,36,16,18.2515,6.841349114090919e-05,0.16,OPTIMAL
geant,seed_milpsnap_geant_k12.json,664,22,36,16,18.2515,6.841349114090919e-05,0.141,OPTIMAL
geant,seed_milpsnap_geant_k12.json,665,22,36,16,13.7096,6.481254770983251e-05,0.144,OPTIMAL
geant,seed_milpsnap_geant_k12.json,666,22,36,13,22.7934,7.243810566371626e-05,0.122,OPTIMAL
geant,seed_milpsnap_geant_k12.json,667,22,36,14,22.7934,7.243810566371626e-05,0.131,OPTIMAL
geant,seed_milpsnap_geant_k12.json,668,22,36,16,22.7934,7.243810566371626e-05,0.139,OPTIMAL
geant,seed_milpsnap_geant_k12.json,669,22,36,14,31.8772,3.648769452498825e-05,0.09,OPTIMAL
geant,seed_milpsnap_geant_k12.json,670,22,36,14,27.3353,7.696583572121286e-05,0.115,OPTIMAL
geant,seed_milpsnap_geant_k12.json,671,22,36,13,27.3353,7.696583572121286e-05,0.119,OPTIMAL
geant,seed_milpsnap_geant_k12.json,672,22,36,12,31.8772,8.209731268163838e-05,0.11,OPTIMAL
geant,seed_milpsnap_geant_k12.json,673,22,36,12,31.8772,8.209731268143096e-05,0.113,OPTIMAL
geant,seed_milpsnap_geant_k12.json,674,22,36,13,31.8772,8.209731268163838e-05,0.121,OPTIMAL
geant,seed_milpsnap_geant_k12.json,675,22,36,10,31.8772,8.209731268122356e-05,0.116,OPTIMAL
geant,seed_milpsnap_geant_k12.json,676,22,36,11,31.8772,8.209731268122356e-05,0.132,OPTIMAL
geant,seed_milpsnap_geant_k12.json,677,22,36,10,31.8772,8.209731268122356e-05,0.117,OPTIMAL
geant,seed_milpsnap_geant_k12.json,678,22,36,10,45.5028,0.0,0.086,OPTIMAL
geant,seed_milpsnap_geant_k12.json,679,22,36,10,50.0447,0.0,0.063,OPTIMAL
geant,seed_milpsnap_geant_k12.json,680,22,36,11,40.961,9.472886493748363e-05,0.099,OPTIMAL
geant,seed_milpsnap_geant_k12.json,681,22,36,10,40.961,9.472886493748363e-05,0.096,OPTIMAL
geant,seed_milpsnap_geant_k12.json,682,22,36,10,45.5028,0.0,0.075,OPTIMAL
geant,seed_milpsnap_geant_k12.json,683,22,36,11,40.961,9.47288649376033e-05,0.095,OPTIMAL
geant,seed_milpsnap_geant_k12.json,684,22,36,12,40.961,9.472886493772294e-05,0.109,OPTIMAL
geant,seed_milpsnap_geant_k12.json,685,22,36,14,31.8772,8.209731268163838e-05,0.165,OPTIMAL
geant,seed_milpsnap_geant_k12.json,686,22,36,15,27.3353,7.696583572101841e-05,0.298,OPTIMAL
geant,seed_milpsnap_geant_k12.json,687,22,36,14,27.3353,7.696583572101841e-05,0.272,OPTIMAL
geant,seed_milpsnap_geant_k12.json,688,22,36,13,27.3353,7.696583572082397e-05,0.301,OPTIMAL
geant,seed_milpsnap_geant_k12.json,689,22,36,13,22.7934,7.243810566316725e-05,0.283,OPTIMAL
geant,seed_milpsnap_geant_k12.json,690,22,36,14,22.7934,7.243810566335025e-05,0.28,OPTIMAL
geant,seed_milpsnap_geant_k12.json,691,22,36,13,22.799,7.24433533224498e-05,0.369,OPTIMAL
geant,seed_milpsnap_geant_k12.json,692,22,36,14,27.3353,7.696583572101842e-05,0.203,OPTIMAL
geant,seed_milpsnap_geant_k12.json,693,22,36,13,27.3353,7.696583572101842e-05,0.175,OPTIMAL
geant,seed_milpsnap_geant_k12.json,694,22,36,14,22.7934,7.243810566371625e-05,0.231,OPTIMAL
geant,seed_milpsnap_geant_k12.json,695,22,36,13,27.3353,7.696583572121286e-05,0.139,OPTIMAL
geant,seed_milpsnap_geant_k12.json,696,22,36,13,22.7934,7.243810566335025e-05,0.322,OPTIMAL
geant,seed_milpsnap_geant_k12.json,697,22,36,13,31.8772,8.209731268143096e-05,0.281,OPTIMAL
geant,seed_milpsnap_geant_k12.json,698,22,36,11,31.8828,8.210405320355922e-05,0.167,OPTIMAL
geant,seed_milpsnap_geant_k12.json,699,22,36,12,27.3409,7.697175991665286e-05,0.188,OPTIMAL
geant,seed_milpsnap_geant_k12.json,700,22,36,14,22.799,7.244335332263281e-05,0.188,OPTIMAL
geant,seed_milpsnap_geant_k12.json,701,22,36,15,18.2571,9.882624825161857e-05,0.507,OPTIMAL
geant,seed_milpsnap_geant_k12.json,702,22,36,15,18.2571,6.841817186655835e-05,0.469,OPTIMAL
geant,seed_milpsnap_geant_k12.json,703,22,36,15,18.2571,9.882624825161857e-05,0.357,OPTIMAL
geant,seed_milpsnap_geant_k12.json,704,22,36,15,13.7096,6.48125477093413e-05,0.809,OPTIMAL
geant,seed_milpsnap_geant_k12.json,705,22,36,15,18.2515,6.841349114073634e-05,0.726,OPTIMAL
geant,seed_milpsnap_geant_k12.json,706,22,36,14,27.3353,7.696583572101841e-05,0.199,OPTIMAL
geant,seed_milpsnap_geant_k12.json,707,22,36,12,31.8772,8.209731268163836e-05,0.174,OPTIMAL
geant,seed_milpsnap_geant_k12.json,708,22,36,11,36.4246,8.796966024165445e-05,0.121,OPTIMAL
geant,seed_milpsnap_geant_k12.json,709,22,36,13,27.3353,7.696583572082397e-05,0.18,OPTIMAL
geant,seed_milpsnap_geant_k12.json,710,22,36,11,27.3353,7.696583572082397e-05,0.272,OPTIMAL
geant,seed_milpsnap_geant_k12.json,711,22,36,10,27.3353,7.696583572082398e-05,0.19,OPTIMAL
geant,seed_milpsnap_geant_k12.json,712,22,36,10,31.8772,8.209731268163838e-05,0.1,OPTIMAL
geant,seed_milpsnap_geant_k12.json,713,22,36,1,77.2961,0.0,0.01,OPTIMAL
geant,seed_milpsnap_geant_k12.json,714,22,36,3,68.2123,7.819525354814963e-05,0.027,OPTIMAL
geant,seed_milpsnap_geant_k12.json,715,22,36,6,59.1285,6.081615277029329e-05,0.044,OPTIMAL
geant,seed_milpsnap_geant_k12.json,716,22,36,7,50.0447,0.0,0.079,OPTIMAL
geant,seed_milpsnap_geant_k12.json,717,22,36,10,36.4191,8.796192226112781e-05,0.117,OPTIMAL
geant,seed_milpsnap_geant_k12.json,718,22,36,12,36.4191,8.79619222610167e-05,0.117,OPTIMAL
geant,seed_milpsnap_geant_k12.json,719,22,36,13,31.8772,8.209731268184577e-05,0.137,OPTIMAL
geant,seed_milpsnap_geant_k12.json,720,22,36,13,27.3353,7.696583572082397e-05,0.215,OPTIMAL
geant,seed_milpsnap_geant_k12.json,721,22,36,11,27.3353,7.696583572082397e-05,0.188,OPTIMAL
geant,seed_milpsnap_geant_k12.json,722,22,36,10,22.7934,9.658414088397901e-05,0.208,OPTIMAL
geant,seed_milpsnap_geant_k12.json,723,22,36,9,31.8772,0.0,0.058,OPTIMAL
geant,seed_milpsnap_geant_k12.json,724,22,36,10,27.3353,0.0,0.078,OPTIMAL
geant,seed_milpsnap_geant_k12.json,725,22,36,11,27.3353,7.696583572082397e-05,0.084,OPTIMAL
geant,seed_milpsnap_geant_k12.json,726,22,36,12,27.3353,9.406935476985275e-05,0.087,OPTIMAL
geant,seed_milpsnap_geant_k12.json,727,22,36,10,27.3353,7.696583572062955e-05,0.125,OPTIMAL
geant,seed_milpsnap_geant_k12.json,728,22,36,11,27.3353,7.696583572082397e-05,0.129,OPTIMAL
geant,seed_milpsnap_geant_k12.json,729,22,36,9,36.4191,8.796192226135002e-05,0.08,OPTIMAL
geant,seed_milpsnap_geant_k12.json,730,22,36,8,45.5028,4.561055428234906e-05,0.067,OPTIMAL
geant,seed_milpsnap_geant_k12.json,731,22,36,10,36.4191,0.0,0.067,OPTIMAL
geant,seed_milpsnap_geant_k12.json,732,22,36,10,36.4191,0.0,0.064,OPTIMAL
geant,seed_milpsnap_geant_k12.json,733,22,36,11,36.4191,0.0,0.07,OPTIMAL
geant,seed_milpsnap_geant_k12.json,734,22,36,12,31.8772,8.209731268143096e-05,0.092,OPTIMAL
geant,seed_milpsnap_geant_k12.json,735,22,36,12,36.4191,8.796192226123892e-05,0.1,OPTIMAL
geant,seed_milpsnap_geant_k12.json,736,22,36,11,36.4191,8.796192226112781e-05,0.111,OPTIMAL
geant,seed_milpsnap_geant_k12.json,737,22,36,12,31.8772,8.209731268122356e-05,0.144,OPTIMAL
geant,seed_milpsnap_geant_k12.json,738,22,36,12,27.3353,9.406935476985275e-05,0.143,OPTIMAL
geant,seed_milpsnap_geant_k12.json,739,22,36,11,27.3353,7.696583572082397e-05,0.123,OPTIMAL
geant,seed_milpsnap_geant_k12.json,740,22,36,10,31.8772,8.209731268143096e-05,0.095,OPTIMAL
geant,seed_milpsnap_geant_k12.json,741,22,36,11,22.7934,7.243810566371625e-05,0.119,OPTIMAL
geant,seed_milpsnap_geant_k12.json,742,22,36,13,13.7096,6.481254770950503e-05,0.444,OPTIMAL
geant,seed_milpsnap_geant_k12.json,743,22,36,11,18.2571,6.84181718667312e-05,0.135,OPTIMAL
geant,seed_milpsnap_geant_k12.json,744,22,36,11,22.7934,7.243810566389926e-05,0.089,OPTIMAL
geant,seed_milpsnap_geant_k12.json,745,22,36,10,22.7934,7.243810566353326e-05,0.114,OPTIMAL
geant,seed_milpsnap_geant_k12.json,746,22,36,9,31.8772,8.209731268163836e-05,0.092,OPTIMAL
geant,seed_milpsnap_geant_k12.json,747,22,36,11,27.3353,7.696583572101842e-05,0.104,OPTIMAL
geant,seed_milpsnap_geant_k12.json,748,22,36,12,18.2515,6.841349114073637e-05,0.125,OPTIMAL
geant,seed_milpsnap_geant_k12.json,749,22,36,11,22.7934,7.243810566280125e-05,0.081,OPTIMAL
geant,seed_milpsnap_geant_k12.json,750,22,36,14,13.7096,6.481254770983251e-05,0.157,OPTIMAL
geant,seed_milpsnap_geant_k12.json,751,22,36,16,9.1677,6.157172079286967e-05,0.927,OPTIMAL
geant,seed_milpsnap_geant_k12.json,752,22,36,16,9.1677,6.157172079286967e-05,0.916,OPTIMAL
geant,seed_milpsnap_geant_k12.json,753,22,36,15,9.1677,6.157172079286967e-05,1.392,OPTIMAL
geant,seed_milpsnap_geant_k12.json,754,22,36,16,13.7096,6.48125477093413e-05,0.511,OPTIMAL
geant,seed_milpsnap_geant_k12.json,755,22,36,17,13.7096,6.481254770950503e-05,0.448,OPTIMAL
geant,seed_milpsnap_geant_k12.json,756,22,36,16,18.2515,6.841349114056352e-05,0.34,OPTIMAL
geant,seed_milpsnap_geant_k12.json,757,22,36,17,18.2515,6.841349114056352e-05,0.482,OPTIMAL
geant,seed_milpsnap_geant_k12.json,758,22,36,15,18.2515,6.841349114056352e-05,0.372,OPTIMAL
geant,seed_milpsnap_geant_k12.json,759,22,36,15,22.7934,7.243810566335025e-05,0.2,OPTIMAL
geant,seed_milpsnap_geant_k12.json,760,22,36,16,13.7096,6.481254770917756e-05,1.617,OPTIMAL
geant,seed_milpsnap_geant_k12.json,761,22,36,17,13.7096,6.481254770950503e-05,1.567,OPTIMAL
geant,seed_milpsnap_geant_k12.json,762,22,36,13,18.2515,6.841349114073635e-05,0.411,OPTIMAL
geant,seed_milpsnap_geant_k12.json,763,22,36,14,18.2515,6.841349114073635e-05,0.363,OPTIMAL
geant,seed_milpsnap_geant_k12.json,764,22,36,13,18.2515,6.841349114056352e-05,0.203,OPTIMAL
geant,seed_milpsnap_geant_k12.json,765,22,36,13,18.2515,6.84134911405635e-05,0.204,OPTIMAL
geant,seed_milpsnap_geant_k12.json,766,22,36,13,22.7934,7.243810566316725e-05,0.132,OPTIMAL
geant,seed_milpsnap_geant_k12.json,767,22,36,14,22.7934,7.243810566316725e-05,0.132,OPTIMAL
geant,seed_milpsnap_geant_k12.json,768,22,36,13,31.8772,8.209731268122356e-05,0.09,OPTIMAL
geant,seed_milpsnap_geant_k12.json,769,22,36,12,31.8772,8.209731268122356e-05,0.087,OPTIMAL
geant,seed_milpsnap_geant_k12.json,770,22,36,11,31.8772,8.209731268122356e-05,0.079,OPTIMAL
geant,seed_milpsnap_geant_k12.json,771,22,36,12,27.3353,7.696583572062955e-05,0.332,OPTIMAL
geant,seed_milpsnap_geant_k12.json,772,22,36,12,27.3353,7.696583572082398e-05,0.214,OPTIMAL
geant,seed_milpsnap_geant_k12.json,773,22,36,12,27.3353,7.696583572082398e-05,0.158,OPTIMAL
geant,seed_milpsnap_geant_k12.json,774,22,36,12,27.3353,7.696583572101841e-05,0.121,OPTIMAL
geant,seed_milpsnap_geant_k12.json,775,22,36,11,31.8772,8.209731268143097e-05,0.128,OPTIMAL
geant,seed_milpsnap_geant_k12.json,776,22,36,11,31.8772,8.209731268122356e-05,0.11,OPTIMAL
geant,seed_milpsnap_geant_k12.json,777,22,36,10,36.4191,8.796192226112781e-05,0.129,OPTIMAL
geant,seed_milpsnap_geant_k12.json,778,22,36,9,36.4191,8.796192226112781e-05,0.147,OPTIMAL
geant,seed_milpsnap_geant_k12.json,779,22,36,8,45.5028,0.0,0.117,OPTIMAL
geant,seed_milpsnap_geant_k12.json,780,22,36,8,40.961,9.472886493772296e-05,0.077,OPTIMAL
geant,seed_milpsnap_geant_k12.json,781,22,36,10,31.8772,8.209731268163838e-05,0.1,OPTIMAL
geant,seed_milpsnap_geant_k12.json,782,22,36,11,27.3353,7.696583572121286e-05,0.124,OPTIMAL
geant,seed_milpsnap_geant_k12.json,783,22,36,9,31.8772,8.209731268143097e-05,0.082,OPTIMAL
geant,seed_milpsnap_geant_k12.json,784,22,36,8,31.8883,8.211079483241931e-05,0.073,OPTIMAL
geant,seed_milpsnap_geant_k12.json,785,22,36,7,36.4302,8.797739958349363e-05,0.071,OPTIMAL
geant,seed_milpsnap_geant_k12.json,786,22,36,7,45.5084,0.0,0.063,OPTIMAL
geant,seed_milpsnap_geant_k12.json,787,22,36,8,45.5084,0.0,0.073,OPTIMAL
geant,seed_milpsnap_geant_k12.json,788,22,36,7,50.0503,0.0,0.055,OPTIMAL
geant,seed_milpsnap_geant_k12.json,789,22,36,9,45.5028,0.0,0.096,OPTIMAL
geant,seed_milpsnap_geant_k12.json,790,22,36,11,40.961,9.472886493748365e-05,0.098,OPTIMAL
geant,seed_milpsnap_geant_k12.json,791,22,36,12,40.961,9.472886493736399e-05,0.099,OPTIMAL
geant,seed_milpsnap_geant_k12.json,792,22,36,12,40.961,9.47288649376033e-05,0.138,OPTIMAL
geant,seed_milpsnap_geant_k12.json,793,22,36,11,40.961,9.47288649376033e-05,0.144,OPTIMAL
geant,seed_milpsnap_geant_k12.json,794,22,36,12,40.961,9.472886493748365e-05,0.178,OPTIMAL
geant,seed_milpsnap_geant_k12.json,795,22,36,11,40.961,9.472886493772294e-05,0.146,OPTIMAL
geant,seed_milpsnap_geant_k12.json,796,22,36,16,22.7934,7.243810566335025e-05,0.865,OPTIMAL
geant,seed_milpsnap_geant_k12.json,797,22,36,16,22.7934,7.243810566335025e-05,0.55,OPTIMAL
geant,seed_milpsnap_geant_k12.json,798,22,36,17,22.7934,7.243810566335025e-05,0.5,OPTIMAL
geant,seed_milpsnap_geant_k12.json,799,22,36,18,22.7934,7.243810566335025e-05,0.536,OPTIMAL
geant,seed_milpsnap_geant_k12.json,800,22,36,19,22.7934,7.243810566335025e-05,0.488,OPTIMAL
geant,seed_milpsnap_geant_k12.json,801,22,36,21,13.7096,6.481254770917756e-05,2.285,OPTIMAL
geant,seed_milpsnap_geant_k12.json,802,22,36,19,13.7096,6.481254770917756e-05,2.073,OPTIMAL
geant,seed_milpsnap_geant_k12.json,803,22,36,18,13.7096,6.481254770917756e-05,1.478,OPTIMAL
geant,seed_milpsnap_geant_k12.json,804,22,36,17,18.2515,6.841349114073635e-05,0.321,OPTIMAL
geant,seed_milpsnap_geant_k12.json,805,22,36,15,22.7934,7.243810566335025e-05,0.199,OPTIMAL
geant,seed_milpsnap_geant_k12.json,806,22,36,16,18.2515,6.841349114090918e-05,0.316,OPTIMAL
geant,seed_milpsnap_geant_k12.json,807,22,36,16,18.2515,6.841349114090918e-05,0.348,OPTIMAL
geant,seed_milpsnap_geant_k12.json,808,22,36,17,13.7096,6.481254770950503e-05,0.445,OPTIMAL
geant,seed_milpsnap_geant_k12.json,809,22,36,13,22.7934,7.243810566353326e-05,0.187,OPTIMAL
geant,seed_milpsnap_geant_k12.json,810,22,36,13,22.7934,9.658414088397898e-05,0.64,OPTIMAL
geant,seed_milpsnap_geant_k12.json,811,22,36,12,22.7934,9.6584140884162e-05,0.504,OPTIMAL
geant,seed_milpsnap_geant_k12.json,812,22,36,12,31.8772,9.121923631247063e-05,0.326,OPTIMAL
geant,seed_milpsnap_geant_k12.json,813,22,36,15,27.3353,7.696583572082397e-05,0.378,OPTIMAL
geant,seed_milpsnap_geant_k12.json,814,22,36,16,27.3353,7.696583572082397e-05,0.213,OPTIMAL
geant,seed_milpsnap_geant_k12.json,815,22,36,15,27.3353,0.0,0.15,OPTIMAL
geant,seed_milpsnap_geant_k12.json,816,22,36,16,22.7934,7.243810566316725e-05,0.402,OPTIMAL
geant,seed_milpsnap_geant_k12.json,817,22,36,15,27.3353,7.696583572062955e-05,0.266,OPTIMAL
geant,seed_milpsnap_geant_k12.json,818,22,36,15,22.7934,9.6584140884162e-05,0.432,OPTIMAL
geant,seed_milpsnap_geant_k12.json,819,22,36,16,13.7096,6.48125477093413e-05,1.402,OPTIMAL
geant,seed_milpsnap_geant_k12.json,820,22,36,18,9.1677,6.157172079302521e-05,4.2,OPTIMAL
geant,seed_milpsnap_geant_k12.json,821,22,36,17,9.1733,8.894240637124319e-05,0.743,OPTIMAL
geant,seed_milpsnap_geant_k12.json,822,22,36,17,13.7152,0.0,1.118,OPTIMAL
geant,seed_milpsnap_geant_k12.json,823,22,36,16,13.7152,6.481674864795541e-05,0.68,OPTIMAL
geant,seed_milpsnap_geant_k12.json,824,22,36,15,13.7152,6.481674864779165e-05,0.877,OPTIMAL
geant,seed_milpsnap_geant_k12.json,825,22,36,15,9.1733,6.157551210310854e-05,1.133,OPTIMAL
geant,seed_milpsnap_geant_k12.json,826,22,36,16,4.6314,5.86430009579305e-05,3.455,OPTIMAL
geant,seed_milpsnap_geant_k12.json,827,22,36,16,4.6314,4.561122296716405e-05,10.07,OPTIMAL
geant,seed_milpsnap_geant_k12.json,828,22,36,12,18.2571,6.841817186673118e-05,1.447,OPTIMAL
geant,seed_milpsnap_geant_k12.json,829,22,36,12,18.2571,6.841817186655835e-05,1.287,OPTIMAL
geant,seed_milpsnap_geant_k12.json,830,22,36,13,13.7152,6.48167486479554e-05,1.141,OPTIMAL
geant,seed_milpsnap_geant_k12.json,831,22,36,13,13.7152,0.0,1.509,OPTIMAL
geant,seed_milpsnap_geant_k12.json,832,22,36,13,18.2515,9.881948720295935e-05,0.178,OPTIMAL
geant,seed_milpsnap_geant_k12.json,833,22,36,1,86.3799,0.0,0.018,OPTIMAL
geant,seed_milpsnap_geant_k12.json,834,22,36,2,68.2123,0.0,0.033,OPTIMAL
geant,seed_milpsnap_geant_k12.json,835,22,36,3,63.6704,0.0,0.048,OPTIMAL
geant,seed_milpsnap_geant_k12.json,836,22,36,4,59.1285,0.0,0.054,OPTIMAL
geant,seed_milpsnap_geant_k12.json,837,22,36,7,40.961,9.472886493772294e-05,0.129,OPTIMAL
geant,seed_milpsnap_geant_k12.json,838,22,36,10,36.4191,8.796192226135002e-05,0.139,OPTIMAL
geant,seed_milpsnap_geant_k12.json,839,22,36,12,31.8772,8.209731268143096e-05,0.182,OPTIMAL
geant,seed_milpsnap_geant_k12.json,840,22,36,13,27.3353,7.696583572082398e-05,0.209,OPTIMAL
geant,seed_milpsnap_geant_k12.json,841,22,36,14,22.7934,7.243810566316725e-05,0.246,OPTIMAL
geant,seed_milpsnap_geant_k12.json,842,22,36,15,18.2515,6.841349114056352e-05,1.014,OPTIMAL
geant,seed_milpsnap_geant_k12.json,843,22,36,14,18.2515,6.841349114056352e-05,1.14,OPTIMAL
geant,seed_milpsnap_geant_k12.json,844,22,36,13,22.7934,7.243810566316725e-05,0.685,OPTIMAL
geant,seed_milpsnap_geant_k12.json,845,22,36,14,18.2515,6.841349114056352e-05,0.837,OPTIMAL
geant,seed_milpsnap_geant_k12.json,846,22,36,14,13.7096,6.481254770950503e-05,1.119,OPTIMAL
geant,seed_milpsnap_geant_k12.json,847,22,36,12,18.2515,6.841349114056352e-05,0.555,OPTIMAL
geant,seed_milpsnap_geant_k12.json,848,22,36,9,22.7934,7.243810566316726e-05,0.451,OPTIMAL
geant,seed_milpsnap_geant_k12.json,849,22,36,8,27.3409,7.697175991645839e-05,0.246,OPTIMAL
geant,seed_milpsnap_geant_k12.json,850,22,36,7,31.8828,8.210405320397406e-05,0.123,OPTIMAL
geant,seed_milpsnap_geant_k12.json,851,22,36,6,40.9665,9.473783934559116e-05,0.114,OPTIMAL
geant,seed_milpsnap_geant_k12.json,852,22,36,6,50.0447,0.0,0.157,OPTIMAL
geant,seed_milpsnap_geant_k12.json,853,22,36,7,45.5028,0.0,0.134,OPTIMAL
geant,seed_milpsnap_geant_k12.json,854,22,36,8,40.961,9.472886493784261e-05,0.125,OPTIMAL
geant,seed_milpsnap_geant_k12.json,855,22,36,6,50.0447,0.0,0.141,OPTIMAL
geant,seed_milpsnap_geant_k12.json,856,22,36,6,54.5866,0.0,0.092,OPTIMAL
geant,seed_milpsnap_geant_k12.json,857,22,36,6,54.5866,8.210068280409288e-05,0.069,OPTIMAL
geant,seed_milpsnap_geant_k12.json,858,22,36,7,50.0447,4.9757432516436896e-05,0.075,OPTIMAL
geant,seed_milpsnap_geant_k12.json,859,22,36,6,54.5866,0.0,0.071,OPTIMAL
geant,seed_milpsnap_geant_k12.json,860,22,36,8,45.5084,0.0,0.221,OPTIMAL
geant,seed_milpsnap_geant_k12.json,861,22,36,9,40.9665,9.47378393458305e-05,0.271,OPTIMAL
geant,seed_milpsnap_geant_k12.json,862,22,36,9,40.961,9.472886493772294e-05,0.218,OPTIMAL
geant,seed_milpsnap_geant_k12.json,863,22,36,8,40.961,9.47288649376033e-05,0.157,OPTIMAL
geant,seed_milpsnap_geant_k12.json,864,22,36,7,45.5084,0.0,0.252,OPTIMAL
geant,seed_milpsnap_geant_k12.json,865,22,36,9,40.961,9.472886493784261e-05,0.282,OPTIMAL
geant,seed_milpsnap_geant_k12.json,866,22,36,9,31.8883,8.211079483262673e-05,0.178,OPTIMAL
geant,seed_milpsnap_geant_k12.json,867,22,36,9,36.4246,8.796966024176555e-05,0.118,OPTIMAL
geant,seed_milpsnap_geant_k12.json,868,22,36,8,45.5084,0.0,0.096,OPTIMAL
geant,seed_milpsnap_geant_k12.json,869,22,36,9,36.4246,8.796966024176555e-05,0.098,OPTIMAL
geant,seed_milpsnap_geant_k12.json,870,22,36,7,40.9665,9.47378393458305e-05,0.07,OPTIMAL
geant,seed_milpsnap_geant_k12.json,871,22,36,8,40.961,9.472886493748365e-05,0.119,OPTIMAL
geant,seed_milpsnap_geant_k12.json,872,22,36,9,40.961,9.472886493772294e-05,0.136,OPTIMAL
geant,seed_milpsnap_geant_k12.json,873,22,36,10,31.8772,8.209731268143096e-05,0.113,OPTIMAL
geant,seed_milpsnap_geant_k12.json,874,22,36,9,36.4191,8.796192226123892e-05,0.091,OPTIMAL
geant,seed_milpsnap_geant_k12.json,875,22,36,10,31.8772,8.209731268143096e-05,0.12,OPTIMAL
geant,seed_milpsnap_geant_k12.json,876,22,36,12,22.7934,7.243810566353325e-05,0.266,OPTIMAL
geant,seed_milpsnap_geant_k12.json,877,22,36,10,27.3353,7.696583572082398e-05,0.164,OPTIMAL
geant,seed_milpsnap_geant_k12.json,878,22,36,10,31.8772,8.209731268143097e-05,0.172,OPTIMAL
geant,seed_milpsnap_geant_k12.json,879,22,36,10,27.3353,7.696583572082397e-05,0.158,OPTIMAL
geant,seed_milpsnap_geant_k12.json,880,22,36,10,22.7934,7.243810566316725e-05,0.633,OPTIMAL
geant,seed_milpsnap_geant_k12.json,881,22,36,11,18.2515,6.841349114073634e-05,0.436,OPTIMAL
geant,seed_milpsnap_geant_k12.json,882,22,36,10,31.8772,8.209731268143097e-05,0.12,OPTIMAL
geant,seed_milpsnap_geant_k12.json,883,22,36,9,36.4191,8.796192226123892e-05,0.161,OPTIMAL
geant,seed_milpsnap_geant_k12.json,884,22,36,9,40.961,9.472886493748365e-05,0.178,OPTIMAL
geant,seed_milpsnap_geant_k12.json,885,22,36,10,31.8772,8.209731268163836e-05,0.133,OPTIMAL
geant,seed_milpsnap_geant_k12.json,886,22,36,9,31.8772,8.209731268143097e-05,0.167,OPTIMAL
geant,seed_milpsnap_geant_k12.json,887,22,36,7,36.4191,8.796192226135002e-05,0.095,OPTIMAL
geant,seed_milpsnap_geant_k12.json,888,22,36,7,36.4191,8.796192226123892e-05,0.105,OPTIMAL
geant,seed_milpsnap_geant_k12.json,889,22,36,7,40.961,9.472886493772296e-05,0.067,OPTIMAL
geant,seed_milpsnap_geant_k12.json,890,22,36,7,36.4246,8.796966024154333e-05,0.105,OPTIMAL
geant,seed_milpsnap_geant_k12.json,891,22,36,6,40.9665,4.2105706375818295e-05,0.078,OPTIMAL
geant,seed_milpsnap_geant_k12.json,892,22,36,7,40.9665,9.473783934571083e-05,0.069,OPTIMAL
geant,seed_milpsnap_geant_k12.json,893,22,36,6,40.961,9.472886493772296e-05,0.068,OPTIMAL
geant,seed_milpsnap_geant_k12.json,894,22,36,6,40.961,9.472886493784261e-05,0.067,OPTIMAL
geant,seed_milpsnap_geant_k12.json,895,22,36,5,45.5028,0.0,0.049,OPTIMAL
geant,seed_milpsnap_geant_k12.json,896,22,36,6,36.4191,8.79619222611278e-05,0.067,OPTIMAL
geant,seed_milpsnap_geant_k12.json,897,22,36,8,22.799,7.24433533222668e-05,0.097,OPTIMAL
geant,seed_milpsnap_geant_k12.json,898,22,36,7,27.3409,9.407659545344915e-05,0.077,OPTIMAL
geant,seed_milpsnap_geant_k12.json,899,22,36,8,22.799,7.244335332281584e-05,0.089,OPTIMAL
geant,seed_milpsnap_geant_k12.json,900,22,36,9,27.3353,7.696583572082398e-05,0.156,OPTIMAL
geant,seed_milpsnap_geant_k12.json,901,22,36,10,27.3353,7.696583572101841e-05,0.175,OPTIMAL
geant,seed_milpsnap_geant_k12.json,902,22,36,11,27.3353,7.696583572101841e-05,0.169,OPTIMAL
geant,seed_milpsnap_geant_k12.json,903,22,36,10,31.8772,8.209731268143096e-05,0.159,OPTIMAL
geant,seed_milpsnap_geant_k12.json,904,22,36,9,36.4191,8.796192226135002e-05,0.086,OPTIMAL
geant,seed_milpsnap_geant_k12.json,905,22,36,10,31.8772,8.209731268143097e-05,0.139,OPTIMAL
geant,seed_milpsnap_geant_k12.json,906,22,36,11,22.799,7.244335332263283e-05,0.283,OPTIMAL
geant,seed_milpsnap_geant_k12.json,907,22,36,13,22.7934,7.243810566353328e-05,0.845,OPTIMAL
geant,seed_milpsnap_geant_k12.json,908,22,36,15,18.2515,6.841349114108201e-05,0.357,OPTIMAL
geant,seed_milpsnap_geant_k12.json,909,22,36,13,22.7934,7.243810566353326e-05,0.693,OPTIMAL
geant,seed_milpsnap_geant_k12.json,910,22,36,15,18.2515,6.841349114073635e-05,0.332,OPTIMAL
geant,seed_milpsnap_geant_k12.json,911,22,36,14,18.2515,6.841349114090918e-05,0.24,OPTIMAL
geant,seed_milpsnap_geant_k12.json,912,22,36,15,18.2515,6.841349114073635e-05,0.235,OPTIMAL
geant,seed_milpsnap_geant_k12.json,913,22,36,14,18.2515,6.841349114108201e-05,0.25,OPTIMAL
geant,seed_milpsnap_geant_k12.json,914,22,36,13,18.2515,6.841349114090918e-05,0.353,OPTIMAL
geant,seed_milpsnap_geant_k12.json,915,22,36,12,22.7934,7.243810566335025e-05,0.477,OPTIMAL
geant,seed_milpsnap_geant_k12.json,916,22,36,13,22.7934,7.243810566335025e-05,0.375,OPTIMAL
geant,seed_milpsnap_geant_k12.json,917,22,36,14,22.7934,7.243810566353325e-05,0.495,OPTIMAL
geant,seed_milpsnap_geant_k12.json,918,22,36,15,22.7934,7.243810566316725e-05,0.424,OPTIMAL
geant,seed_milpsnap_geant_k12.json,919,22,36,15,22.7934,7.243810566316725e-05,0.374,OPTIMAL
geant,seed_milpsnap_geant_k12.json,920,22,36,13,22.7934,7.243810566316726e-05,0.169,OPTIMAL
geant,seed_milpsnap_geant_k12.json,921,22,36,12,27.3353,7.696583572121286e-05,0.147,OPTIMAL
geant,seed_milpsnap_geant_k12.json,922,22,36,11,31.8772,0.0,0.115,OPTIMAL
geant,seed_milpsnap_geant_k12.json,923,22,36,11,31.8772,8.209731268163836e-05,0.16,OPTIMAL
geant,seed_milpsnap_geant_k12.json,924,22,36,12,31.8772,8.209731268163836e-05,0.165,OPTIMAL
geant,seed_milpsnap_geant_k12.json,925,22,36,11,31.8772,8.209731268163836e-05,0.168,OPTIMAL
geant,seed_milpsnap_geant_k12.json,926,22,36,10,31.8772,8.209731268143097e-05,0.176,OPTIMAL
geant,seed_milpsnap_geant_k12.json,927,22,36,11,31.8772,8.209731268163836e-05,0.13,OPTIMAL
geant,seed_milpsnap_geant_k12.json,928,22,36,12,31.8772,8.209731268163836e-05,0.148,OPTIMAL
geant,seed_milpsnap_geant_k12.json,929,22,36,14,31.8772,8.209731268163836e-05,0.176,OPTIMAL
geant,seed_milpsnap_geant_k12.json,930,22,36,14,36.4191,8.796192226135002e-05,0.183,OPTIMAL
geant,seed_milpsnap_geant_k12.json,931,22,36,13,36.4191,8.796192226135002e-05,0.174,OPTIMAL
geant,seed_milpsnap_geant_k12.json,932,22,36,12,36.4191,8.796192226135002e-05,0.15,OPTIMAL
geant,seed_milpsnap_geant_k12.json,933,22,36,12,27.3353,7.696583572082397e-05,0.183,OPTIMAL
geant,seed_milpsnap_geant_k12.json,934,22,36,12,22.7934,7.243810566335025e-05,0.768,OPTIMAL
geant,seed_milpsnap_geant_k12.json,935,22,36,13,22.7934,7.243810566335025e-05,0.198,OPTIMAL
geant,seed_milpsnap_geant_k12.json,936,22,36,14,22.7934,7.243810566335025e-05,0.189,OPTIMAL
geant,seed_milpsnap_geant_k12.json,937,22,36,12,27.3353,7.696583572062955e-05,0.22,OPTIMAL
geant,seed_milpsnap_geant_k12.json,938,22,36,11,31.8772,8.209731268184578e-05,0.114,OPTIMAL
geant,seed_milpsnap_geant_k12.json,939,22,36,13,31.8772,8.209731268184578e-05,0.157,OPTIMAL
geant,seed_milpsnap_geant_k12.json,940,22,36,12,36.4191,8.79619222610167e-05,0.167,OPTIMAL
geant,seed_milpsnap_geant_k12.json,941,22,36,13,36.4191,8.79619222610167e-05,0.159,OPTIMAL
geant,seed_milpsnap_geant_k12.json,942,22,36,12,36.4191,8.796192226090559e-05,0.142,OPTIMAL
geant,seed_milpsnap_geant_k12.json,943,22,36,13,36.4191,8.796192226123892e-05,0.102,OPTIMAL
geant,seed_milpsnap_geant_k12.json,944,22,36,14,36.4191,8.796192226123892e-05,0.114,OPTIMAL
geant,seed_milpsnap_geant_k12.json,945,22,36,14,27.3353,7.696583572101842e-05,0.178,OPTIMAL
geant,seed_milpsnap_geant_k12.json,946,22,36,15,27.3353,7.696583572121286e-05,0.211,OPTIMAL
geant,seed_milpsnap_geant_k12.json,947,22,36,1,86.3799,0.0,0.014,OPTIMAL
geant,seed_milpsnap_geant_k12.json,948,22,36,2,77.3017,0.0,0.018,OPTIMAL
geant,seed_milpsnap_geant_k12.json,949,22,36,3,68.2179,0.0,0.035,OPTIMAL
geant,seed_milpsnap_geant_k12.json,950,22,36,4,54.5866,0.0,0.038,OPTIMAL
geant,seed_milpsnap_geant_k12.json,951,22,36,5,45.5028,0.0,0.059,OPTIMAL
geant,seed_milpsnap_geant_k12.json,952,22,36,6,36.4246,8.796966024165444e-05,0.117,OPTIMAL
geant,seed_milpsnap_geant_k12.json,953,22,36,8,31.8828,8.21040532033518e-05,0.144,OPTIMAL
geant,seed_milpsnap_geant_k12.json,954,22,36,10,27.3409,7.697175991665284e-05,0.166,OPTIMAL
geant,seed_milpsnap_geant_k12.json,955,22,36,11,27.3353,7.696583572082398e-05,0.256,OPTIMAL
geant,seed_milpsnap_geant_k12.json,956,22,36,14,13.7096,6.481254770966877e-05,0.257,OPTIMAL
geant,seed_milpsnap_geant_k12.json,957,22,36,15,13.7096,6.481254770950503e-05,0.972,OPTIMAL
geant,seed_milpsnap_geant_k12.json,958,22,36,14,13.7096,9.361812446897577e-05,1.476,OPTIMAL
geant,seed_milpsnap_geant_k12.json,959,22,36,13,18.2515,6.841349114073634e-05,1.598,OPTIMAL
geant,seed_milpsnap_geant_k12.json,960,22,36,12,22.7934,7.243810566316725e-05,0.314,OPTIMAL
geant,seed_milpsnap_geant_k12.json,961,22,36,12,18.2515,6.841349114056352e-05,1.049,OPTIMAL
geant,seed_milpsnap_geant_k12.json,962,22,36,11,13.7152,6.48167486479554e-05,0.211,OPTIMAL
geant,seed_milpsnap_geant_k12.json,963,22,36,9,22.799,7.244335332263281e-05,0.174,OPTIMAL
geant,seed_milpsnap_geant_k12.json,964,22,36,10,22.799,7.24433533224498e-05,0.213,OPTIMAL
geant,seed_milpsnap_geant_k12.json,965,22,36,11,22.7934,7.243810566316725e-05,0.339,OPTIMAL
geant,seed_milpsnap_geant_k12.json,966,22,36,13,18.2515,6.841349114056352e-05,0.565,OPTIMAL
geant,seed_milpsnap_geant_k12.json,967,22,36,12,22.7934,7.243810566335023e-05,0.224,OPTIMAL
geant,seed_milpsnap_geant_k12.json,968,22,36,8,31.8772,8.209731268143097e-05,0.086,OPTIMAL
geant,seed_milpsnap_geant_k12.json,969,22,36,6,45.5028,0.0,0.081,OPTIMAL
geant,seed_milpsnap_geant_k12.json,970,22,36,7,45.5028,0.0,0.078,OPTIMAL
geant,seed_milpsnap_geant_k12.json,971,22,36,8,45.5028,0.0,0.085,OPTIMAL
geant,seed_milpsnap_geant_k12.json,972,22,36,8,50.0447,0.0,0.061,OPTIMAL
geant,seed_milpsnap_geant_k12.json,973,22,36,8,50.0447,0.0,0.101,OPTIMAL
geant,seed_milpsnap_geant_k12.json,974,22,36,9,54.5866,0.0,0.114,OPTIMAL
geant,seed_milpsnap_geant_k12.json,975,22,36,8,59.1285,0.0,0.089,OPTIMAL
geant,seed_milpsnap_geant_k12.json,976,22,36,8,54.5866,0.0,0.101,OPTIMAL
geant,seed_milpsnap_geant_k12.json,977,22,36,10,50.0447,0.0,0.137,OPTIMAL
geant,seed_milpsnap_geant_k12.json,978,22,36,10,40.961,9.472886493736399e-05,0.118,OPTIMAL
geant,seed_milpsnap_geant_k12.json,979,22,36,13,27.3353,7.69658357214073e-05,0.147,OPTIMAL
geant,seed_milpsnap_geant_k12.json,980,22,36,13,22.7934,7.243810566353326e-05,0.174,OPTIMAL
geant,seed_milpsnap_geant_k12.json,981,22,36,14,22.7934,7.243810566371625e-05,0.43,OPTIMAL
geant,seed_milpsnap_geant_k12.json,982,22,36,14,22.7934,7.243810566353325e-05,0.247,OPTIMAL
geant,seed_milpsnap_geant_k12.json,983,22,36,15,22.7934,7.243810566335025e-05,0.204,OPTIMAL
geant,seed_milpsnap_geant_k12.json,984,22,36,14,27.3353,7.696583572082398e-05,0.786,OPTIMAL
geant,seed_milpsnap_geant_k12.json,985,22,36,15,18.2515,6.841349114073634e-05,0.938,OPTIMAL
geant,seed_milpsnap_geant_k12.json,986,22,36,14,18.2515,6.841349114073634e-05,0.623,OPTIMAL
geant,seed_milpsnap_geant_k12.json,987,22,36,15,13.7096,6.48125477093413e-05,4.135,OPTIMAL
geant,seed_milpsnap_geant_k12.json,988,22,36,14,18.2515,6.841349114073634e-05,0.417,OPTIMAL
geant,seed_milpsnap_geant_k12.json,989,22,36,16,9.1677,6.157172079286967e-05,1.889,OPTIMAL
geant,seed_milpsnap_geant_k12.json,990,22,36,16,13.7096,6.48125477093413e-05,1.276,OPTIMAL
geant,seed_milpsnap_geant_k12.json,991,22,36,13,22.7934,7.243810566316725e-05,0.439,OPTIMAL
geant,seed_milpsnap_geant_k12.json,992,22,36,12,22.7934,7.243810566316725e-05,0.352,OPTIMAL
geant,seed_milpsnap_geant_k12.json,993,22,36,11,31.8772,8.209731268143096e-05,0.106,OPTIMAL
geant,seed_milpsnap_geant_k12.json,994,22,36,13,22.7934,7.243810566335023e-05,0.111,OPTIMAL
geant,seed_milpsnap_geant_k12.json,995,22,36,12,22.7934,7.243810566335023e-05,0.1,OPTIMAL
geant,seed_milpsnap_geant_k12.json,996,22,36,13,22.7934,7.243810566335023e-05,0.127,OPTIMAL
geant,seed_milpsnap_geant_k12.json,997,22,36,13,18.2515,6.841349114073634e-05,0.977,OPTIMAL
geant,seed_milpsnap_geant_k12.json,998,22,36,12,22.7934,7.243810566335025e-05,0.466,OPTIMAL
geant,seed_milpsnap_geant_k12.json,999,22,36,12,31.8772,0.0,0.097,OPTIMAL
geant,seed_milpsnap_geant_k12.json,1000,22,36,13,27.3353,7.696583572121286e-05,0.208,OPTIMAL
geant,seed_milpsnap_geant_k12.json,1001,22,36,12,31.8772,8.209731268122356e-05,0.177,OPTIMAL
geant,seed_milpsnap_geant_k12.json,1002,22,36,11,36.4191,8.79619222610167e-05,0.128,OPTIMAL
geant,seed_milpsnap_geant_k12.json,1003,22,36,10,36.4191,8.796192226112781e-05,0.093,OPTIMAL
geant,seed_milpsnap_geant_k12.json,1004,22,36,10,36.4191,8.79619222610167e-05,0.126,OPTIMAL
geant,seed_milpsnap_geant_k12.json,1005,22,36,12,31.8772,8.209731268143096e-05,0.125,OPTIMAL
geant,seed_milpsnap_geant_k12.json,1006,22,36,13,27.3353,7.696583572062955e-05,0.168,OPTIMAL
geant,seed_milpsnap_geant_k12.json,1007,22,36,15,18.2515,9.881948720295935e-05,0.312,OPTIMAL
geant,seed_milpsnap_geant_k12.json,1008,22,36,12,27.3353,7.696583572062955e-05,0.182,OPTIMAL
geant,seed_milpsnap_geant_k12.json,1009,22,36,14,22.7934,7.243810566353326e-05,0.22,OPTIMAL
geant,seed_milpsnap_geant_k12.json,1010,22,36,13,22.7934,7.243810566316723e-05,0.224,OPTIMAL
geant,seed_milpsnap_geant_k12.json,1011,22,36,15,22.7934,7.243810566371625e-05,0.238,OPTIMAL
geant,seed_milpsnap_geant_k12.json,1012,22,36,16,22.7934,7.243810566371625e-05,0.451,OPTIMAL
geant,seed_milpsnap_geant_k12.json,1013,22,36,18,18.2515,6.841349114090918e-05,0.288,OPTIMAL
geant,seed_milpsnap_geant_k12.json,1014,22,36,18,18.2515,6.841349114090918e-05,0.215,OPTIMAL
geant,seed_milpsnap_geant_k12.json,1015,22,36,18,18.2515,6.841349114090918e-05,0.323,OPTIMAL
geant,seed_milpsnap_geant_k12.json,1016,22,36,19,18.2515,6.841349114090918e-05,0.527,OPTIMAL
geant,seed_milpsnap_geant_k12.json,1017,22,36,18,22.7934,7.243810566353326e-05,0.238,OPTIMAL
geant,seed_milpsnap_geant_k12.json,1018,22,36,19,18.2515,6.841349114090918e-05,0.613,OPTIMAL
geant,seed_milpsnap_geant_k12.json,1019,22,36,18,18.2571,6.84181718667312e-05,0.257,OPTIMAL
geant,seed_milpsnap_geant_k12.json,1020,22,36,18,27.3409,7.697175991704176e-05,0.19,OPTIMAL
geant,seed_milpsnap_geant_k12.json,1021,22,36,16,27.3353,7.696583572101841e-05,0.169,OPTIMAL
geant,seed_milpsnap_geant_k12.json,1022,22,36,17,22.7934,7.243810566335025e-05,0.284,OPTIMAL
geant,seed_milpsnap_geant_k12.json,1023,22,36,16,22.7934,7.243810566335025e-05,0.199,OPTIMAL
geant,seed_milpsnap_geant_k12.json,1024,22,36,15,27.3353,7.696583572101842e-05,0.144,OPTIMAL
geant,seed_milpsnap_geant_k12.json,1025,22,36,14,27.3353,7.696583572121286e-05,0.135,OPTIMAL
geant,seed_milpsnap_geant_k12.json,1026,22,36,13,27.3353,7.696583572082397e-05,0.272,OPTIMAL
geant,seed_milpsnap_geant_k12.json,1027,22,36,15,18.2515,6.841349114090918e-05,0.3,OPTIMAL
geant,seed_milpsnap_geant_k12.json,1028,22,36,14,22.7934,7.243810566371625e-05,0.265,OPTIMAL
geant,seed_milpsnap_geant_k12.json,1029,22,36,14,22.7934,7.243810566335026e-05,0.211,OPTIMAL
geant,seed_milpsnap_geant_k12.json,1030,22,36,15,22.7934,7.243810566335026e-05,0.257,OPTIMAL
geant,seed_milpsnap_geant_k12.json,1031,22,36,16,18.2515,6.841349114108201e-05,0.532,OPTIMAL
geant,seed_milpsnap_geant_k12.json,1032,22,36,15,13.7096,6.481254770950504e-05,0.271,OPTIMAL
geant,seed_milpsnap_geant_k12.json,1033,22,36,15,13.7096,6.481254770966877e-05,0.184,OPTIMAL
geant,seed_milpsnap_geant_k12.json,1034,22,36,14,13.7096,6.481254770966877e-05,0.313,OPTIMAL
geant,seed_milpsnap_geant_k12.json,1035,22,36,13,18.2515,6.841349114073635e-05,0.26,OPTIMAL
geant,seed_milpsnap_geant_k12.json,1036,22,36,12,22.7934,7.243810566335025e-05,0.159,OPTIMAL
geant,seed_milpsnap_geant_k12.json,1037,22,36,12,18.2515,6.841349114090918e-05,0.136,OPTIMAL
geant,seed_milpsnap_geant_k12.json,1038,22,36,13,18.2515,6.841349114090918e-05,0.281,OPTIMAL
geant,seed_milpsnap_geant_k12.json,1039,22,36,12,22.7934,7.243810566353326e-05,0.142,OPTIMAL
geant,seed_milpsnap_geant_k12.json,1040,22,36,11,22.7934,9.6584140884162e-05,1.208,OPTIMAL
geant,seed_milpsnap_geant_k12.json,1041,22,36,8,36.4191,8.796192226112781e-05,0.192,OPTIMAL
geant,seed_milpsnap_geant_k12.json,1042,22,36,10,31.8772,8.209731268122356e-05,0.114,OPTIMAL
geant,seed_milpsnap_geant_k12.json,1043,22,36,10,31.8772,8.209731268122355e-05,0.098,OPTIMAL
geant,seed_milpsnap_geant_k12.json,1044,22,36,9,31.8772,8.209731268122356e-05,0.07,OPTIMAL
geant,seed_milpsnap_geant_k12.json,1045,22,36,8,40.961,9.472886493760332e-05,0.059,OPTIMAL
geant,seed_milpsnap_geant_k12.json,1046,22,36,7,40.961,9.472886493772296e-05,0.051,OPTIMAL
geant,seed_milpsnap_geant_k12.json,1047,22,36,6,45.5028,0.0,0.054,OPTIMAL
geant,seed_milpsnap_geant_k12.json,1048,22,36,7,36.4191,8.796192226112781e-05,0.116,OPTIMAL
geant,seed_milpsnap_geant_k12.json,1049,22,36,8,31.8772,8.209731268122356e-05,0.112,OPTIMAL
geant,seed_milpsnap_geant_k12.json,1050,22,36,7,36.4246,8.796966024187667e-05,0.081,OPTIMAL
geant,seed_milpsnap_geant_k12.json,1051,22,36,6,45.5084,4.5615235488741364e-05,0.049,OPTIMAL
geant,seed_milpsnap_geant_k12.json,1052,22,36,7,40.9665,9.473783934571083e-05,0.082,OPTIMAL
geant,seed_milpsnap_geant_k12.json,1053,22,36,8,40.9721,9.474681545441153e-05,0.057,OPTIMAL
geant,seed_milpsnap_geant_k12.json,1054,22,36,9,36.4246,8.796966024154332e-05,0.072,OPTIMAL
geant,seed_milpsnap_geant_k12.json,1055,22,36,11,31.8772,8.209731268122356e-05,0.08,OPTIMAL
geant,seed_milpsnap_geant_k12.json,1056,22,36,10,27.3409,0.0,0.576,OPTIMAL
geant,seed_milpsnap_geant_k12.json,1057,22,36,10,31.8772,8.209731268163838e-05,0.092,OPTIMAL
geant,seed_milpsnap_geant_k12.json,1058,22,36,11,31.8772,8.209731268163838e-05,0.112,OPTIMAL
geant,seed_milpsnap_geant_k12.json,1059,22,36,12,31.8772,8.209731268122356e-05,0.124,OPTIMAL
geant,seed_milpsnap_geant_k12.json,1060,22,36,13,27.3353,7.696583572082398e-05,0.356,OPTIMAL
geant,seed_milpsnap_geant_k12.json,1061,22,36,14,22.7934,7.243810566335025e-05,0.33,OPTIMAL
geant,seed_milpsnap_geant_k12.json,1062,22,36,13,22.7934,7.243810566335025e-05,0.294,OPTIMAL
geant,seed_milpsnap_geant_k12.json,1063,22,36,12,27.3353,7.696583572121286e-05,0.176,OPTIMAL
geant,seed_milpsnap_geant_k12.json,1064,22,36,13,27.3353,7.696583572101842e-05,0.168,OPTIMAL
geant,seed_milpsnap_geant_k12.json,1065,22,36,11,31.8772,8.209731268205318e-05,0.101,OPTIMAL
geant,seed_milpsnap_geant_k12.json,1066,22,36,10,31.8772,8.209731268205318e-05,0.084,OPTIMAL
geant,seed_milpsnap_geant_k12.json,1067,22,36,11,31.8772,8.209731268184578e-05,0.096,OPTIMAL
geant,seed_milpsnap_geant_k12.json,1068,22,36,12,31.8772,8.209731268163838e-05,0.188,OPTIMAL
geant,seed_milpsnap_geant_k12.json,1069,22,36,13,31.8772,8.209731268163838e-05,0.168,OPTIMAL
geant,seed_milpsnap_geant_k12.json,1070,22,36,12,31.8772,8.209731268163838e-05,0.148,OPTIMAL
geant,seed_milpsnap_geant_k12.json,1071,22,36,1,77.2961,0.0,0.01,OPTIMAL
geant,seed_milpsnap_geant_k12.json,1072,22,36,2,68.2179,0.0,0.016,OPTIMAL
geant,seed_milpsnap_geant_k12.json,1073,22,36,4,45.5028,0.0,0.028,OPTIMAL
geant,seed_milpsnap_geant_k12.json,1074,22,36,5,45.5028,0.0,0.037,OPTIMAL
geant,seed_milpsnap_geant_k12.json,1075,22,36,6,40.961,0.0,0.072,OPTIMAL
geant,seed_milpsnap_geant_k12.json,1076,22,36,8,31.8772,8.209731268143096e-05,0.149,OPTIMAL
geant,seed_milpsnap_geant_k12.json,1077,22,36,9,31.8772,8.209731268122356e-05,0.111,OPTIMAL
geant,seed_milpsnap_geant_k12.json,1078,22,36,9,40.961,9.472886493784261e-05,0.087,OPTIMAL
geant,seed_milpsnap_geant_k12.json,1079,22,36,10,36.4191,8.79619222611278e-05,0.128,OPTIMAL
geant,seed_milpsnap_geant_k12.json,1080,22,36,10,31.8772,8.209731268122356e-05,0.1,OPTIMAL
geant,seed_milpsnap_geant_k12.json,1081,22,36,11,31.8772,8.209731268184578e-05,0.112,OPTIMAL
geant,seed_milpsnap_geant_k12.json,1082,22,36,11,31.8828,8.210405320355922e-05,0.074,OPTIMAL
geant,seed_milpsnap_geant_k12.json,1083,22,36,12,27.3353,7.696583572121286e-05,0.131,OPTIMAL
geant,seed_milpsnap_geant_k12.json,1084,22,36,14,22.7934,7.243810566353325e-05,0.195,OPTIMAL
geant,seed_milpsnap_geant_k12.json,1085,22,36,16,22.7934,7.243810566335025e-05,0.185,OPTIMAL
geant,seed_milpsnap_geant_k12.json,1086,22,36,15,22.7934,7.243810566335025e-05,0.16,OPTIMAL
geant,seed_milpsnap_geant_k12.json,1087,22,36,14,22.7934,7.243810566353325e-05,0.169,OPTIMAL
geant,seed_milpsnap_geant_k12.json,1088,22,36,16,18.2515,6.841349114056352e-05,0.237,OPTIMAL
geant,seed_milpsnap_geant_k12.json,1089,22,36,14,22.7934,7.243810566335025e-05,0.166,OPTIMAL
geant,seed_milpsnap_geant_k12.json,1090,22,36,13,31.8772,8.209731268163836e-05,0.128,OPTIMAL
geant,seed_milpsnap_geant_k12.json,1091,22,36,12,31.8772,8.209731268143097e-05,0.108,OPTIMAL
geant,seed_milpsnap_geant_k12.json,1092,22,36,11,36.4191,8.796192226123892e-05,0.091,OPTIMAL
geant,seed_milpsnap_geant_k12.json,1093,22,36,12,27.3353,7.696583572101841e-05,0.277,OPTIMAL
geant,seed_milpsnap_geant_k12.json,1094,22,36,12,27.3353,7.696583572101841e-05,0.169,OPTIMAL
geant,seed_milpsnap_geant_k12.json,1095,22,36,11,31.8772,8.209731268205318e-05,0.093,OPTIMAL
geant,seed_milpsnap_geant_k12.json,1096,22,36,10,31.8772,8.209731268205318e-05,0.079,OPTIMAL
geant,seed_milpsnap_geant_k12.json,1097,22,36,9,36.4191,8.796192226123892e-05,0.07,OPTIMAL
geant,seed_milpsnap_geant_k12.json,1098,22,36,7,45.5028,4.5610554282478685e-05,0.072,OPTIMAL
geant,seed_milpsnap_geant_k12.json,1099,22,36,5,54.5922,0.0,0.059,OPTIMAL
geant,seed_milpsnap_geant_k12.json,1100,22,36,6,45.5028,0.0,0.052,OPTIMAL
geant,seed_milpsnap_geant_k12.json,1101,22,36,7,36.4191,8.796192226123892e-05,0.076,OPTIMAL
geant,seed_milpsnap_geant_k12.json,1102,22,36,6,40.961,0.0,0.041,OPTIMAL
geant,seed_milpsnap_geant_k12.json,1103,22,36,5,45.5028,0.0,0.034,OPTIMAL
geant,seed_milpsnap_geant_k12.json,1104,22,36,6,45.5028,0.0,0.04,OPTIMAL
geant,seed_milpsnap_geant_k12.json,1105,22,36,5,45.5028,0.0,0.032,OPTIMAL
geant,seed_milpsnap_geant_k12.json,1106,22,36,6,40.961,9.472886493772296e-05,0.047,OPTIMAL
geant,seed_milpsnap_geant_k12.json,1107,22,36,5,50.0447,0.0,0.037,OPTIMAL
geant,seed_milpsnap_geant_k12.json,1108,22,36,5,50.0447,7.463614877465535e-05,0.04,OPTIMAL
geant,seed_milpsnap_geant_k12.json,1109,22,36,4,59.1285,9.122422915535351e-05,0.033,OPTIMAL
geant,seed_milpsnap_geant_k12.json,1110,22,36,5,54.5866,0.0,0.046,OPTIMAL
geant,seed_milpsnap_geant_k12.json,1111,22,36,3,68.2123,0.0,0.02,OPTIMAL
geant,seed_milpsnap_geant_k12.json,1112,22,36,4,68.2123,7.819525354814963e-05,0.028,OPTIMAL
geant,seed_milpsnap_geant_k12.json,1113,22,36,6,54.5866,5.473378853611377e-05,0.038,OPTIMAL
geant,seed_milpsnap_geant_k12.json,1114,22,36,7,45.5028,0.0,0.057,OPTIMAL
geant,seed_milpsnap_geant_k12.json,1115,22,36,6,50.0447,7.463614877465535e-05,0.052,OPTIMAL
geant,seed_milpsnap_geant_k12.json,1116,22,36,8,45.5028,7.981846999388401e-05,0.06,OPTIMAL
geant,seed_milpsnap_geant_k12.json,1117,22,36,8,45.5028,0.0,0.067,OPTIMAL
geant,seed_milpsnap_geant_k12.json,1118,22,36,10,36.4191,8.79619222610167e-05,0.101,OPTIMAL
geant,seed_milpsnap_geant_k12.json,1119,22,36,11,36.4191,8.79619222610167e-05,0.117,OPTIMAL
geant,seed_milpsnap_geant_k12.json,1120,22,36,12,27.3353,7.696583572082398e-05,0.187,OPTIMAL
geant,seed_milpsnap_geant_k12.json,1121,22,36,14,27.3353,7.696583572082398e-05,0.162,OPTIMAL
geant,seed_milpsnap_geant_k12.json,1122,22,36,14,22.7934,7.243810566335025e-05,0.579,OPTIMAL
geant,seed_milpsnap_geant_k12.json,1123,22,36,15,22.7934,7.243810566335025e-05,0.565,OPTIMAL
geant,seed_milpsnap_geant_k12.json,1124,22,36,17,22.7934,7.243810566335025e-05,0.309,OPTIMAL
geant,seed_milpsnap_geant_k12.json,1125,22,36,18,18.2515,6.841349114039068e-05,1.064,OPTIMAL
geant,seed_milpsnap_geant_k12.json,1126,22,36,18,18.2515,6.841349114090918e-05,0.316,OPTIMAL
geant,seed_milpsnap_geant_k12.json,1127,22,36,17,18.2515,6.841349114090918e-05,0.328,OPTIMAL
geant,seed_milpsnap_geant_k12.json,1128,22,36,19,18.2515,6.841349114073635e-05,0.413,OPTIMAL
geant,seed_milpsnap_geant_k12.json,1129,22,36,17,18.2515,6.841349114090918e-05,0.36,OPTIMAL
geant,seed_milpsnap_geant_k12.json,1130,22,36,16,22.7934,7.243810566335025e-05,0.262,OPTIMAL
geant,seed_milpsnap_geant_k12.json,1131,22,36,15,27.3353,7.696583572082397e-05,0.312,OPTIMAL
geant,seed_milpsnap_geant_k12.json,1132,22,36,14,31.8772,8.209731268143097e-05,0.152,OPTIMAL
geant,seed_milpsnap_geant_k12.json,1133,22,36,12,36.4191,8.796192226135002e-05,0.086,OPTIMAL
geant,seed_milpsnap_geant_k12.json,1134,22,36,10,36.4191,8.796192226135002e-05,0.077,OPTIMAL
geant,seed_milpsnap_geant_k12.json,1135,22,36,11,27.3353,7.696583572082398e-05,0.139,OPTIMAL
geant,seed_milpsnap_geant_k12.json,1136,22,36,11,31.8772,8.209731268163838e-05,0.095,OPTIMAL
geant,seed_milpsnap_geant_k12.json,1137,22,36,11,27.3353,7.69658357214073e-05,0.116,OPTIMAL
geant,seed_milpsnap_geant_k12.json,1138,22,36,11,27.3353,7.696583572140729e-05,0.128,OPTIMAL
geant,seed_milpsnap_geant_k12.json,1139,22,36,10,31.8772,8.209731268143096e-05,0.097,OPTIMAL
geant,seed_milpsnap_geant_k12.json,1140,22,36,12,27.3353,7.696583572121286e-05,0.128,OPTIMAL
geant,seed_milpsnap_geant_k12.json,1141,22,36,10,36.4191,8.796192226112781e-05,0.116,OPTIMAL
geant,seed_milpsnap_geant_k12.json,1142,22,36,12,27.3353,7.696583572082397e-05,0.379,OPTIMAL
geant,seed_milpsnap_geant_k12.json,1143,22,36,12,27.3353,7.696583572082397e-05,0.258,OPTIMAL
geant,seed_milpsnap_geant_k12.json,1144,22,36,13,22.7934,7.243810566316725e-05,0.321,OPTIMAL
geant,seed_milpsnap_geant_k12.json,1145,22,36,14,22.7934,7.243810566316725e-05,0.374,OPTIMAL
geant,seed_milpsnap_geant_k12.json,1146,22,36,15,18.2515,6.841349114073634e-05,0.462,OPTIMAL
geant,seed_milpsnap_geant_k12.json,1147,22,36,14,22.7934,7.243810566316725e-05,0.246,OPTIMAL
geant,seed_milpsnap_geant_k12.json,1148,22,36,15,18.2515,6.841349114090918e-05,0.166,OPTIMAL
geant,seed_milpsnap_geant_k12.json,1149,22,36,14,13.7096,6.481254770950503e-05,1.182,OPTIMAL
geant,seed_milpsnap_geant_k12.json,1150,22,36,14,13.7096,6.481254770950503e-05,1.079,OPTIMAL
geant,seed_milpsnap_geant_k12.json,1151,22,36,14,18.2515,6.841349114073634e-05,1.255,OPTIMAL
geant,seed_milpsnap_geant_k12.json,1152,22,36,12,31.8772,8.209731268184578e-05,0.104,OPTIMAL
geant,seed_milpsnap_geant_k12.json,1153,22,36,10,31.8772,8.209731268143096e-05,0.084,OPTIMAL
geant,seed_milpsnap_geant_k12.json,1154,22,36,11,31.8772,8.209731268205318e-05,0.089,OPTIMAL
geant,seed_milpsnap_geant_k12.json,1155,22,36,10,36.4191,8.796192226123892e-05,0.071,OPTIMAL
geant,seed_milpsnap_geant_k12.json,1156,22,36,12,27.3353,7.696583572101842e-05,0.106,OPTIMAL
geant,seed_milpsnap_geant_k12.json,1157,22,36,12,27.3353,7.696583572082398e-05,0.238,OPTIMAL
geant,seed_milpsnap_geant_k12.json,1158,22,36,12,27.3353,7.696583572101841e-05,0.204,OPTIMAL
geant,seed_milpsnap_geant_k12.json,1159,22,36,11,31.8772,8.209731268143097e-05,0.142,OPTIMAL
geant,seed_milpsnap_geant_k12.json,1160,22,36,13,18.2515,6.841349114039068e-05,0.874,OPTIMAL
geant,seed_milpsnap_geant_k12.json,1161,22,36,12,27.3353,7.696583572082397e-05,0.121,OPTIMAL
geant,seed_milpsnap_geant_k12.json,1162,22,36,12,27.3353,7.696583572101842e-05,0.115,OPTIMAL
geant,seed_milpsnap_geant_k12.json,1163,22,36,12,27.3353,7.696583572082397e-05,0.49,OPTIMAL
geant,seed_milpsnap_geant_k12.json,1164,22,36,11,31.8772,8.209731268143097e-05,0.151,OPTIMAL
geant,seed_milpsnap_geant_k12.json,1165,22,36,12,31.8772,8.209731268143097e-05,0.226,OPTIMAL
geant,seed_milpsnap_geant_k12.json,1166,22,36,12,31.8716,8.209057326576199e-05,0.117,OPTIMAL
geant,seed_milpsnap_geant_k12.json,1167,22,36,14,27.3353,7.696583572121286e-05,0.125,OPTIMAL
geant,seed_milpsnap_geant_k12.json,1168,22,36,12,31.8772,8.209731268122356e-05,0.13,OPTIMAL
geant,seed_milpsnap_geant_k12.json,1169,22,36,13,27.3353,7.696583572121286e-05,0.106,OPTIMAL
geant,seed_milpsnap_geant_k12.json,1170,22,36,12,27.3353,7.696583572121286e-05,0.112,OPTIMAL
geant,seed_milpsnap_geant_k12.json,1171,22,36,10,31.8772,8.209731268163836e-05,0.124,OPTIMAL
geant,seed_milpsnap_geant_k12.json,1172,22,36,9,36.4191,8.796192226112781e-05,0.09,OPTIMAL
geant,seed_milpsnap_geant_k12.json,1173,22,36,8,36.4191,8.796192226123892e-05,0.084,OPTIMAL
geant,seed_milpsnap_geant_k12.json,1174,22,36,10,31.8772,8.209731268163838e-05,0.083,OPTIMAL
geant,seed_milpsnap_geant_k12.json,1175,22,36,11,31.8772,8.209731268184577e-05,0.094,OPTIMAL
geant,seed_milpsnap_geant_k12.json,1176,22,36,11,27.3353,7.696583572121286e-05,0.092,OPTIMAL
geant,seed_milpsnap_geant_k12.json,1177,22,36,12,27.3353,7.696583572121286e-05,0.096,OPTIMAL
geant,seed_milpsnap_geant_k12.json,1178,22,36,11,27.3353,7.696583572082397e-05,0.08,OPTIMAL
geant,seed_milpsnap_geant_k12.json,1179,22,36,10,31.8772,8.209731268122356e-05,0.158,OPTIMAL
geant,seed_milpsnap_geant_k12.json,1180,22,36,12,27.3353,7.696583572082397e-05,0.306,OPTIMAL
