topo,seed_file,batch,n_switches,n_links,n_flows,energy_saving_percent,mip_gap,solve_time_sec,status
grid_4x4,seed_milpsnap_grid4x4_high.json,1,16,24,1,75.0231,0.0,0.014,OPTIMAL
grid_4x4,seed_milpsnap_grid4x4_high.json,2,16,24,8,31.3,0.0,0.094,OPTIMAL
grid_4x4,seed_milpsnap_grid4x4_high.json,3,16,24,14,25.0538,0.0,0.116,OPTIMAL
grid_4x4,seed_milpsnap_grid4x4_high.json,4,16,24,19,25.0538,0.0,0.175,OPTIMAL
grid_4x4,seed_milpsnap_grid4x4_high.json,5,16,24,20,25.0538,0.0,0.192,OPTIMAL
grid_4x4,seed_milpsnap_grid4x4_high.json,6,16,24,22,25.0538,0.0,0.388,OPTIMAL
grid_4x4,seed_milpsnap_grid4x4_high.json,7,16,24,26,25.0538,0.0,0.266,OPTIMAL
grid_4x4,seed_milpsnap_grid4x4_high.json,8,16,24,29,25.0538,0.0,0.263,OPTIMAL
grid_4x4,seed_milpsnap_grid4x4_high.json,9,16,24,31,25.0538,0.0,0.298,OPTIMAL
grid_4x4,seed_milpsnap_grid4x4_high.json,10,16,24,33,25.0538,0.0,0.38,OPTIMAL
grid_4x4,seed_milpsnap_grid4x4_high.json,11,16,24,37,25.0538,0.0,0.476,OPTIMAL
grid_4x4,seed_milpsnap_grid4x4_high.json,12,16,24,41,25.0538,0.0,0.525,OPTIMAL
grid_4x4,seed_milpsnap_grid4x4_high.json,13,16,24,45,25.0538,0.0,0.605,OPTIMAL
grid_4x4,seed_milpsnap_grid4x4_high.json,14,16,24,51,25.0538,0.0,0.626,OPTIMAL
grid_4x4,seed_milpsnap_grid4x4_high.json,15,16,24,60,25.0538,0.0,0.794,OPTIMAL
grid_4x4,seed_milpsnap_grid4x4_high.json,16,16,24,63,25.0538,0.0,0.693,OPTIMAL
grid_4x4,seed_milpsnap_grid4x4_high.json,17,16,24,63,25.0538,4.5610554282478685e-05,0.973,OPTIMAL
grid_4x4,seed_milpsnap_grid4x4_high.json,18,16,24,60,25.0538,4.5610554282478685e-05,0.659,OPTIMAL
grid_4x4,seed_milpsnap_grid4x4_high.json,19,16,24,59,25.0538,4.5610554282478685e-05,0.78,OPTIMAL
grid_4x4,seed_milpsnap_grid4x4_high.json,20,16,24,58,25.0538,0.0,0.85,OPTIMAL
grid_4x4,seed_milpsnap_grid4x4_high.json,21,16,24,58,25.0538,0.0,0.618,OPTIMAL
grid_4x4,seed_milpsnap_grid4x4_high.json,22,16,24,59,25.0538,0.0,0.562,OPTIMAL
grid_4x4,seed_milpsnap_grid4x4_high.json,23,16,24,62,25.0538,0.0,0.663,OPTIMAL
grid_4x4,seed_milpsnap_grid4x4_high.json,24,16,24,61,25.0538,0.0,0.65,OPTIMAL
grid_4x4,seed_milpsnap_grid4x4_high.json,25,16,24,63,25.0538,0.0,0.692,OPTIMAL
grid_4x4,seed_milpsnap_grid4x4_high.json,26,16,24,62,25.0538,0.0,0.657,OPTIMAL
grid_4x4,seed_milpsnap_grid4x4_high.json,27,16,24,63,25.0538,0.0,0.786,OPTIMAL
grid_4x4,seed_milpsnap_grid4x4_high.json,28,16,24,63,25.0538,0.0,0.688,OPTIMAL
grid_4x4,seed_milpsnap_grid4x4_high.json,29,16,24,61,25.0538,0.0,0.702,OPTIMAL
grid_4x4,seed_milpsnap_grid4x4_high.json,30,16,24,58,25.0538,0.0,1.85,OPTIMAL
grid_4x4,seed_milpsnap_grid4x4_high.json,31,16,24,54,25.0538,0.0,0.715,OPTIMAL
grid_4x4,seed_milpsnap_grid4x4_high.json,32,16,24,53,25.0538,0.0,0.567,OPTIMAL
grid_4x4,seed_milpsnap_grid4x4_high.json,33,16,24,50,25.0538,0.0,0.506,OPTIMAL
grid_4x4,seed_milpsnap_grid4x4_high.json,34,16,24,54,25.0538,0.0,0.782,OPTIMAL
grid_4x4,seed_milpsnap_grid4x4_high.json,35,16,24,57,25.0538,0.0,0.595,OPTIMAL
grid_4x4,seed_milpsnap_grid4x4_high.json,36,16,24,56,25.0538,0.0,0.613,OPTIMAL
grid_4x4,seed_milpsnap_grid4x4_high.json,37,16,24,54,25.0538,0.0,0.498,OPTIMAL
grid_4x4,seed_milpsnap_grid4x4_high.json,38,16,24,51,25.0538,0.0,0.534,OPTIMAL
grid_4x4,seed_milpsnap_grid4x4_high.json,39,16,24,53,25.0538,0.0,0.612,OPTIMAL
grid_4x4,seed_milpsnap_grid4x4_high.json,40,16,24,53,25.0538,0.0,0.551,OPTIMAL
grid_4x4,seed_milpsnap_grid4x4_high.json,41,16,24,54,25.0538,0.0,0.472,OPTIMAL
grid_4x4,seed_milpsnap_grid4x4_high.json,42,16,24,53,25.0538,0.0,0.474,OPTIMAL
grid_4x4,seed_milpsnap_grid4x4_high.json,43,16,24,52,25.0538,0.0,0.471,OPTIMAL
grid_4x4,seed_milpsnap_grid4x4_high.json,44,16,24,53,25.0538,0.0,0.522,OPTIMAL
grid_4x4,seed_milpsnap_grid4x4_high.json,45,16,24,49,25.0538,0.0,0.461,OPTIMAL
grid_4x4,seed_milpsnap_grid4x4_high.json,46,16,24,51,25.0538,0.0,0.448,OPTIMAL
grid_4x4,seed_milpsnap_grid4x4_high.json,47,16,24,50,25.0538,0.0,0.493,OPTIMAL
grid_4x4,seed_milpsnap_grid4x4_high.json,48,16,24,60,25.0538,0.0,0.624,OPTIMAL
grid_4x4,seed_milpsnap_grid4x4_high.json,49,16,24,64,25.0538,0.0,0.614,OPTIMAL
grid_4x4,seed_milpsnap_grid4x4_high.json,50,16,24,66,25.0538,0.0,0.781,OPTIMAL
grid_4x4,seed_milpsnap_grid4x4_high.json,51,16,24,71,25.0538,4.5610554282478685e-05,0.88,OPTIMAL
grid_4x4,seed_milpsnap_grid4x4_high.json,52,16,24,76,25.0538,4.5610554282478685e-05,0.978,OPTIMAL
grid_4x4,seed_milpsnap_grid4x4_high.json,53,16,24,78,25.0538,0.0,1.029,OPTIMAL
grid_4x4,seed_milpsnap_grid4x4_high.json,54,16,24,81,25.0538,4.5610554282478685e-05,1.032,OPTIMAL
grid_4x4,seed_milpsnap_grid4x4_high.json,55,16,24,83,25.0538,0.0,1.177,OPTIMAL
grid_4x4,seed_milpsnap_grid4x4_high.json,56,16,24,86,25.0538,6.841583142371803e-05,1.223,OPTIMAL
grid_4x4,seed_milpsnap_grid4x4_high.json,57,16,24,82,25.0538,0.0,1.028,OPTIMAL
grid_4x4,seed_milpsnap_grid4x4_high.json,58,16,24,80,25.0538,0.0,1.12,OPTIMAL
grid_4x4,seed_milpsnap_grid4x4_high.json,59,16,24,81,25.0538,4.5610554282478685e-05,1.318,OPTIMAL
grid_4x4,seed_milpsnap_grid4x4_high.json,60,16,24,80,25.0538,4.5610554282478685e-05,1.088,OPTIMAL
grid_4x4,seed_milpsnap_grid4x4_high.json,61,16,24,82,25.0538,0.0,0.985,OPTIMAL
grid_4x4,seed_milpsnap_grid4x4_high.json,62,16,24,80,25.0538,0.0,0.959,OPTIMAL
grid_4x4,seed_milpsnap_grid4x4_high.json,63,16,24,73,25.0538,0.0,0.72,OPTIMAL
grid_4x4,seed_milpsnap_grid4x4_high.json,64,16,24,66,25.0538,0.0,0.545,OPTIMAL
grid_4x4,seed_milpsnap_grid4x4_high.json,65,16,24,65,25.0538,0.0,0.61,OPTIMAL
grid_4x4,seed_milpsnap_grid4x4_high.json,66,16,24,63,25.0538,0.0,0.556,OPTIMAL
grid_4x4,seed_milpsnap_grid4x4_high.json,67,16,24,57,25.0538,0.0,0.501,OPTIMAL
grid_4x4,seed_milpsnap_grid4x4_high.json,68,16,24,56,25.0538,0.0,0.458,OPTIMAL
grid_4x4,seed_milpsnap_grid4x4_high.json,69,16,24,52,25.0538,0.0,0.687,OPTIMAL
grid_4x4,seed_milpsnap_grid4x4_high.json,70,16,24,49,25.0538,0.0,0.476,OPTIMAL
grid_4x4,seed_milpsnap_grid4x4_high.json,71,16,24,45,25.0538,0.0,0.376,OPTIMAL
grid_4x4,seed_milpsnap_grid4x4_high.json,72,16,24,52,25.0538,0.0,0.517,OPTIMAL
grid_4x4,seed_milpsnap_grid4x4_high.json,73,16,24,55,25.0538,0.0,0.459,OPTIMAL
grid_4x4,seed_milpsnap_grid4x4_high.json,74,16,24,55,25.0538,0.0,0.482,OPTIMAL
grid_4x4,seed_milpsnap_grid4x4_high.json,75,16,24,60,25.0538,0.0,0.545,OPTIMAL
grid_4x4,seed_milpsnap_grid4x4_high.json,76,16,24,60,25.0538,0.0,0.604,OPTIMAL
grid_4x4,seed_milpsnap_grid4x4_high.json,77,16,24,59,25.0538,0.0,0.525,OPTIMAL
grid_4x4,seed_milpsnap_grid4x4_high.json,78,16,24,60,25.0538,0.0,0.638,OPTIMAL
grid_4x4,seed_milpsnap_grid4x4_high.json,79,16,24,61,25.0538,0.0,0.794,OPTIMAL
grid_4x4,seed_milpsnap_grid4x4_high.json,80,16,24,61,25.0538,0.0,0.526,OPTIMAL
grid_4x4,seed_milpsnap_grid4x4_high.json,81,16,24,60,25.0538,0.0,0.575,OPTIMAL
grid_4x4,seed_milpsnap_grid4x4_high.json,82,16,24,64,25.0538,0.0,0.551,OPTIMAL
grid_4x4,seed_milpsnap_grid4x4_high.json,83,16,24,64,25.0538,0.0,0.592,OPTIMAL
grid_4x4,seed_milpsnap_grid4x4_high.json,84,16,24,64,25.0538,0.0,0.561,OPTIMAL
grid_4x4,seed_milpsnap_grid4x4_high.json,85,16,24,66,25.0538,0.0,0.629,OPTIMAL
grid_4x4,seed_milpsnap_grid4x4_high.json,86,16,24,65,25.0538,0.0,0.601,OPTIMAL
grid_4x4,seed_milpsnap_grid4x4_high.json,87,16,24,60,25.0538,0.0,0.551,OPTIMAL
grid_4x4,seed_milpsnap_grid4x4_high.json,88,16,24,58,25.0538,0.0,0.606,OPTIMAL
grid_4x4,seed_milpsnap_grid4x4_high.json,89,16,24,56,25.0538,0.0,0.47,OPTIMAL
grid_4x4,seed_milpsnap_grid4x4_high.json,90,16,24,53,25.0538,0.0,0.44,OPTIMAL
grid_4x4,seed_milpsnap_grid4x4_high.json,91,16,24,54,25.0538,0.0,0.452,OPTIMAL
grid_4x4,seed_milpsnap_grid4x4_high.json,92,16,24,57,25.0538,0.0,0.502,OPTIMAL
grid_4x4,seed_milpsnap_grid4x4_high.json,93,16,24,57,25.0538,0.0,0.486,OPTIMAL
grid_4x4,seed_milpsnap_grid4x4_high.json,94,16,24,56,25.0538,4.5610554282478685e-05,0.519,OPTIMAL
grid_4x4,seed_milpsnap_grid4x4_high.json,95,16,24,55,25.0538,0.0,0.449,OPTIMAL
grid_4x4,seed_milpsnap_grid4x4_high.json,96,16,24,56,25.0538,0.0,0.483,OPTIMAL
grid_4x4,seed_milpsnap_grid4x4_high.json,97,16,24,53,25.0538,0.0,0.429,OPTIMAL
grid_4x4,seed_milpsnap_grid4x4_high.json,98,16,24,53,25.0538,0.0,0.491,OPTIMAL
grid_4x4,seed_milpsnap_grid4x4_high.json,99,16,24,55,25.0538,0.0,0.489,OPTIMAL
grid_4x4,seed_milpsnap_grid4x4_high.json,100,16,24,53,25.0538,0.0,0.459,OPTIMAL
grid_4x4,seed_milpsnap_grid4x4_high.json,101,16,24,57,25.0538,0.0,0.536,OPTIMAL
grid_4x4,seed_milpsnap_grid4x4_high.json,102,16,24,58,25.0538,0.0,0.514,OPTIMAL
grid_4x4,seed_milpsnap_grid4x4_high.json,103,16,24,62,25.0538,0.0,0.514,OPTIMAL
grid_4x4,seed_milpsnap_grid4x4_high.json,104,16,24,60,25.0538,0.0,0.544,OPTIMAL
grid_4x4,seed_milpsnap_grid4x4_high.json,105,16,24,60,25.0538,4.5610554282478685e-05,0.546,OPTIMAL
grid_4x4,seed_milpsnap_grid4x4_high.json,106,16,24,62,25.0538,0.0,0.585,OPTIMAL
grid_4x4,seed_milpsnap_grid4x4_high.json,107,16,24,59,25.0538,0.0,0.533,OPTIMAL
grid_4x4,seed_milpsnap_grid4x4_high.json,108,16,24,58,25.0538,0.0,0.565,OPTIMAL
grid_4x4,seed_milpsnap_grid4x4_high.json,109,16,24,60,25.0538,0.0,0.511,OPTIMAL
grid_4x4,seed_milpsnap_grid4x4_high.json,110,16,24,59,25.0538,0.0,0.537,OPTIMAL
grid_4x4,seed_milpsnap_grid4x4_high.json,111,16,24,62,25.0538,4.5610554282478685e-05,0.557,OPTIMAL
grid_4x4,seed_milpsnap_grid4x4_high.json,112,16,24,62,25.0538,0.0,0.587,OPTIMAL
grid_4x4,seed_milpsnap_grid4x4_high.json,113,16,24,63,25.0538,0.0,0.574,OPTIMAL
grid_4x4,seed_milpsnap_grid4x4_high.json,114,16,24,59,25.0538,0.0,0.486,OPTIMAL
grid_4x4,seed_milpsnap_grid4x4_high.json,115,16,24,60,25.0538,0.0,0.576,OPTIMAL
grid_4x4,seed_milpsnap_grid4x4_high.json,116,16,24,57,25.0538,0.0,0.576,OPTIMAL
grid_4x4,seed_milpsnap_grid4x4_high.json,117,16,24,56,25.0538,0.0,0.523,OPTIMAL
grid_4x4,seed_milpsnap_grid4x4_high.json,118,16,24,57,25.0538,0.0,0.503,OPTIMAL
grid_4x4,seed_milpsnap_grid4x4_high.json,119,16,24,61,25.0538,0.0,0.559,OPTIMAL
grid_4x4,seed_milpsnap_grid4x4_high.json,120,16,24,61,25.0538,0.0,0.542,OPTIMAL
grid_4x4,seed_milpsnap_grid4x4_high.json,121,16,24,58,25.0538,4.5610554282478685e-05,0.537,OPTIMAL
grid_4x4,seed_milpsnap_grid4x4_high.json,122,16,24,58,25.0538,4.561055428221943e-05,0.508,OPTIMAL
grid_4x4,seed_milpsnap_grid4x4_high.json,123,16,24,58,25.0538,0.0,0.519,OPTIMAL
grid_4x4,seed_milpsnap_grid4x4_high.json,124,16,24,55,25.0538,0.0,0.452,OPTIMAL
grid_4x4,seed_milpsnap_grid4x4_high.json,125,16,24,58,25.0538,0.0,0.526,OPTIMAL
grid_4x4,seed_milpsnap_grid4x4_high.json,126,16,24,55,25.0538,0.0,0.467,OPTIMAL
grid_4x4,seed_milpsnap_grid4x4_high.json,127,16,24,55,25.0538,4.5610554282478685e-05,0.497,OPTIMAL
grid_4x4,seed_milpsnap_grid4x4_high.json,128,16,24,56,25.0538,0.0,0.489,OPTIMAL
grid_4x4,seed_milpsnap_grid4x4_high.json,129,16,24,57,25.0538,0.0,0.518,OPTIMAL
grid_4x4,seed_milpsnap_grid4x4_high.json,130,16,24,56,25.0538,0.0,0.471,OPTIMAL
grid_4x4,seed_milpsnap_grid4x4_high.json,131,16,24,58,25.0538,0.0,0.496,OPTIMAL
grid_4x4,seed_milpsnap_grid4x4_high.json,132,16,24,58,25.0538,0.0,0.518,OPTIMAL
grid_4x4,seed_milpsnap_grid4x4_high.json,133,16,24,58,25.0538,0.0,0.521,OPTIMAL
grid_4x4,seed_milpsnap_grid4x4_high.json,134,16,24,57,25.0538,0.0,0.482,OPTIMAL
grid_4x4,seed_milpsnap_grid4x4_high.json,135,16,24,57,25.0538,0.0,0.527,OPTIMAL
grid_4x4,seed_milpsnap_grid4x4_high.json,136,16,24,56,25.0538,0.0,0.479,OPTIMAL
grid_4x4,seed_milpsnap_grid4x4_high.json,137,16,24,59,25.0538,0.0,0.524,OPTIMAL
grid_4x4,seed_milpsnap_grid4x4_high.json,138,16,24,60,25.0538,0.0,0.563,OPTIMAL
grid_4x4,seed_milpsnap_grid4x4_high.json,139,16,24,59,25.0538,0.0,0.54,OPTIMAL
grid_4x4,seed_milpsnap_grid4x4_high.json,140,16,24,63,25.0538,0.0,0.529,OPTIMAL
grid_4x4,seed_milpsnap_grid4x4_high.json,141,16,24,61,25.0538,0.0,0.558,OPTIMAL
grid_4x4,seed_milpsnap_grid4x4_high.json,142,16,24,61,25.0538,0.0,0.545,OPTIMAL
grid_4x4,seed_milpsnap_grid4x4_high.json,143,16,24,58,25.0538,0.0,0.488,OPTIMAL
grid_4x4,seed_milpsnap_grid4x4_high.json,144,16,24,60,25.0538,0.0,0.554,OPTIMAL
grid_4x4,seed_milpsnap_grid4x4_high.json,145,16,24,62,25.0538,0.0,0.985,OPTIMAL
grid_4x4,seed_milpsnap_grid4x4_high.json,146,16,24,62,25.0538,0.0,0.671,OPTIMAL
grid_4x4,seed_milpsnap_grid4x4_high.json,147,16,24,62,25.0538,0.0,0.568,OPTIMAL
grid_4x4,seed_milpsnap_grid4x4_high.json,148,16,24,60,25.0538,0.0,0.531,OPTIMAL
grid_4x4,seed_milpsnap_grid4x4_high.json,149,16,24,61,25.0538,4.5610554282478685e-05,0.555,OPTIMAL
grid_4x4,seed_milpsnap_grid4x4_high.json,150,16,24,67,25.0538,0.0,0.614,OPTIMAL
grid_4x4,seed_milpsnap_grid4x4_high.json,151,16,24,66,25.0538,4.5610554282478685e-05,0.592,OPTIMAL
grid_4x4,seed_milpsnap_grid4x4_high.json,152,16,24,1,68.7769,0.0,0.012,OPTIMAL
grid_4x4,seed_milpsnap_grid4x4_high.json,153,16,24,3,50.0385,6.841934214796302e-05,0.028,OPTIMAL
grid_4x4,seed_milpsnap_grid4x4_high.json,154,16,24,7,37.5461,0.0,0.05,OPTIMAL
grid_4x4,seed_milpsnap_grid4x4_high.json,155,16,24,11,31.3,0.0,0.071,OPTIMAL
grid_4x4,seed_milpsnap_grid4x4_high.json,156,16,24,14,31.3,0.0,0.148,OPTIMAL
grid_4x4,seed_milpsnap_grid4x4_high.json,157,16,24,24,25.0538,4.561055428221943e-05,0.243,OPTIMAL
grid_4x4,seed_milpsnap_grid4x4_high.json,158,16,24,30,25.0538,0.0,0.309,OPTIMAL
grid_4x4,seed_milpsnap_grid4x4_high.json,159,16,24,32,25.0538,0.0,0.26,OPTIMAL
grid_4x4,seed_milpsnap_grid4x4_high.json,160,16,24,35,25.0538,0.0,0.313,OPTIMAL
grid_4x4,seed_milpsnap_grid4x4_high.json,161,16,24,43,25.0538,0.0,0.376,OPTIMAL
grid_4x4,seed_milpsnap_grid4x4_high.json,162,16,24,45,25.0538,0.0,0.37,OPTIMAL
grid_4x4,seed_milpsnap_grid4x4_high.json,163,16,24,49,25.0538,0.0,0.492,OPTIMAL
grid_4x4,seed_milpsnap_grid4x4_high.json,164,16,24,53,25.0538,0.0,0.446,OPTIMAL
grid_4x4,seed_milpsnap_grid4x4_high.json,165,16,24,56,25.0538,0.0,0.641,OPTIMAL
grid_4x4,seed_milpsnap_grid4x4_high.json,166,16,24,59,25.0538,0.0,0.606,OPTIMAL
grid_4x4,seed_milpsnap_grid4x4_high.json,167,16,24,63,25.0538,4.5610554282478685e-05,0.537,OPTIMAL
grid_4x4,seed_milpsnap_grid4x4_high.json,168,16,24,64,25.0538,4.5610554282478685e-05,0.606,OPTIMAL
grid_4x4,seed_milpsnap_grid4x4_high.json,169,16,24,65,25.0538,0.0,0.573,OPTIMAL
grid_4x4,seed_milpsnap_grid4x4_high.json,170,16,24,64,25.0538,0.0,0.555,OPTIMAL
grid_4x4,seed_milpsnap_grid4x4_high.json,171,16,24,63,25.0538,0.0,0.549,OPTIMAL
grid_4x4,seed_milpsnap_grid4x4_high.json,172,16,24,58,25.0538,0.0,0.538,OPTIMAL
grid_4x4,seed_milpsnap_grid4x4_high.json,173,16,24,55,25.0538,0.0,0.527,OPTIMAL
grid_4x4,seed_milpsnap_grid4x4_high.json,174,16,24,58,25.0538,4.5610554282478685e-05,0.521,OPTIMAL
grid_4x4,seed_milpsnap_grid4x4_high.json,175,16,24,61,25.0538,0.0,0.555,OPTIMAL
grid_4x4,seed_milpsnap_grid4x4_high.json,176,16,24,58,25.0538,0.0,0.475,OPTIMAL
grid_4x4,seed_milpsnap_grid4x4_high.json,177,16,24,59,25.0538,0.0,0.583,OPTIMAL
grid_4x4,seed_milpsnap_grid4x4_high.json,178,16,24,60,25.0538,0.0,0.548,OPTIMAL
grid_4x4,seed_milpsnap_grid4x4_high.json,179,16,24,62,25.0538,0.0,0.571,OPTIMAL
grid_4x4,seed_milpsnap_grid4x4_high.json,180,16,24,62,25.0538,0.0,0.554,OPTIMAL
grid_4x4,seed_milpsnap_grid4x4_high.json,181,16,24,63,25.0538,0.0,0.559,OPTIMAL
grid_4x4,seed_milpsnap_grid4x4_high.json,182,16,24,64,25.0538,0.0,0.537,OPTIMAL
grid_4x4,seed_milpsnap_grid4x4_high.json,183,16,24,67,25.0538,4.5610554282478685e-05,0.738,OPTIMAL
grid_4x4,seed_milpsnap_grid4x4_high.json,184,16,24,66,25.0538,0.0,0.655,OPTIMAL
grid_4x4,seed_milpsnap_grid4x4_high.json,185,16,24,65,25.0538,0.0,0.587,OPTIMAL
grid_4x4,seed_milpsnap_grid4x4_high.json,186,16,24,67,25.0538,4.5610554282478685e-05,0.574,OPTIMAL
grid_4x4,seed_milpsnap_grid4x4_high.json,187,16,24,69,25.0538,0.0,0.812,OPTIMAL
grid_4x4,seed_milpsnap_grid4x4_high.json,188,16,24,69,25.0538,0.0,0.673,OPTIMAL
grid_4x4,seed_milpsnap_grid4x4_high.json,189,16,24,68,25.0538,0.0,0.724,OPTIMAL
grid_4x4,seed_milpsnap_grid4x4_high.json,190,16,24,65,25.0538,0.0,0.593,OPTIMAL
grid_4x4,seed_milpsnap_grid4x4_high.json,191,16,24,67,25.0538,0.0,0.594,OPTIMAL
grid_4x4,seed_milpsnap_grid4x4_high.json,192,16,24,67,25.0538,0.0,0.656,OPTIMAL
grid_4x4,seed_milpsnap_grid4x4_high.json,193,16,24,64,25.0538,0.0,0.605,OPTIMAL
grid_4x4,seed_milpsnap_grid4x4_high.json,194,16,24,58,25.0538,0.0,0.559,OPTIMAL
grid_4x4,seed_milpsnap_grid4x4_high.json,195,16,24,58,25.0538,0.0,0.594,OPTIMAL
grid_4x4,seed_milpsnap_grid4x4_high.json,196,16,24,62,25.0538,4.5610554282478685e-05,0.529,OPTIMAL
grid_4x4,seed_milpsnap_grid4x4_high.json,197,16,24,59,25.0538,0.0,0.527,OPTIMAL
grid_4x4,seed_milpsnap_grid4x4_high.json,198,16,24,61,25.0538,0.0,0.526,OPTIMAL
grid_4x4,seed_milpsnap_grid4x4_high.json,199,16,24,59,25.0538,0.0,0.527,OPTIMAL
grid_4x4,seed_milpsnap_grid4x4_high.json,200,16,24,60,25.0538,0.0,0.512,OPTIMAL
grid_4x4,seed_milpsnap_grid4x4_high.json,201,16,24,57,25.0538,0.0,0.503,OPTIMAL
grid_4x4,seed_milpsnap_grid4x4_high.json,202,16,24,52,25.0538,0.0,0.456,OPTIMAL
grid_4x4,seed_milpsnap_grid4x4_high.json,203,16,24,51,25.0538,0.0,0.448,OPTIMAL
grid_4x4,seed_milpsnap_grid4x4_high.json,204,16,24,50,25.0538,0.0,0.42,OPTIMAL
grid_4x4,seed_milpsnap_grid4x4_high.json,205,16,24,49,25.0538,0.0,0.455,OPTIMAL
grid_4x4,seed_milpsnap_grid4x4_high.json,206,16,24,45,25.0538,0.0,0.362,OPTIMAL
grid_4x4,seed_milpsnap_grid4x4_high.json,207,16,24,46,25.0538,0.0,0.369,OPTIMAL
grid_4x4,seed_milpsnap_grid4x4_high.json,208,16,24,48,25.0538,0.0,0.415,OPTIMAL
grid_4x4,seed_milpsnap_grid4x4_high.json,209,16,24,54,25.0538,0.0,0.424,OPTIMAL
grid_4x4,seed_milpsnap_grid4x4_high.json,210,16,24,57,25.0538,0.0,0.528,OPTIMAL
grid_4x4,seed_milpsnap_grid4x4_high.json,211,16,24,50,25.0538,0.0,0.443,OPTIMAL
grid_4x4,seed_milpsnap_grid4x4_high.json,212,16,24,52,25.0538,0.0,0.505,OPTIMAL
grid_4x4,seed_milpsnap_grid4x4_high.json,213,16,24,51,25.0538,0.0,0.462,OPTIMAL
grid_4x4,seed_milpsnap_grid4x4_high.json,214,16,24,52,25.0538,0.0,0.52,OPTIMAL
grid_4x4,seed_milpsnap_grid4x4_high.json,215,16,24,52,25.0538,0.0,0.453,OPTIMAL
grid_4x4,seed_milpsnap_grid4x4_high.json,216,16,24,55,25.0538,0.0,0.503,OPTIMAL
grid_4x4,seed_milpsnap_grid4x4_high.json,217,16,24,60,25.0538,0.0,0.505,OPTIMAL
grid_4x4,seed_milpsnap_grid4x4_high.json,218,16,24,62,25.0538,0.0,0.62,OPTIMAL
grid_4x4,seed_milpsnap_grid4x4_high.json,219,16,24,64,25.0538,0.0,0.534,OPTIMAL
grid_4x4,seed_milpsnap_grid4x4_high.json,220,16,24,64,25.0538,0.0,0.537,OPTIMAL
grid_4x4,seed_milpsnap_grid4x4_high.json,221,16,24,69,25.0538,0.0,0.745,OPTIMAL
grid_4x4,seed_milpsnap_grid4x4_high.json,222,16,24,68,25.0538,0.0,0.668,OPTIMAL
grid_4x4,seed_milpsnap_grid4x4_high.json,223,16,24,65,25.0538,0.0,0.68,OPTIMAL
grid_4x4,seed_milpsnap_grid4x4_high.json,224,16,24,60,25.0538,0.0,0.558,OPTIMAL
grid_4x4,seed_milpsnap_grid4x4_high.json,225,16,24,62,25.0538,0.0,0.488,OPTIMAL
grid_4x4,seed_milpsnap_grid4x4_high.json,226,16,24,67,25.0538,0.0,0.697,OPTIMAL
grid_4x4,seed_milpsnap_grid4x4_high.json,227,16,24,68,25.0538,0.0,0.645,OPTIMAL
grid_4x4,seed_milpsnap_grid4x4_high.json,228,16,24,65,25.0538,0.0,0.597,OPTIMAL
grid_4x4,seed_milpsnap_grid4x4_high.json,229,16,24,64,25.0538,0.0,0.538,OPTIMAL
grid_4x4,seed_milpsnap_grid4x4_high.json,230,16,24,63,25.0538,0.0,0.546,OPTIMAL
grid_4x4,seed_milpsnap_grid4x4_high.json,231,16,24,63,25.0538,0.0,0.604,OPTIMAL
grid_4x4,seed_milpsnap_grid4x4_high.json,232,16,24,61,25.0538,0.0,0.554,OPTIMAL
grid_4x4,seed_milpsnap_grid4x4_high.json,233,16,24,63,25.0538,0.0,0.536,OPTIMAL
grid_4x4,seed_milpsnap_grid4x4_high.json,234,16,24,64,25.0538,0.0,0.549,OPTIMAL
grid_4x4,seed_milpsnap_grid4x4_high.json,235,16,24,65,25.0538,0.0,0.557,OPTIMAL
grid_4x4,seed_milpsnap_grid4x4_high.json,236,16,24,60,25.0538,0.0,0.484,OPTIMAL
grid_4x4,seed_milpsnap_grid4x4_high.json,237,16,24,59,25.0538,0.0,0.573,OPTIMAL
grid_4x4,seed_milpsnap_grid4x4_high.json,238,16,24,64,25.0538,0.0,0.573,OPTIMAL
grid_4x4,seed_milpsnap_grid4x4_high.json,239,16,24,65,25.0538,0.0,0.602,OPTIMAL
grid_4x4,seed_milpsnap_grid4x4_high.json,240,16,24,62,25.0538,0.0,0.557,OPTIMAL
grid_4x4,seed_milpsnap_grid4x4_high.json,241,16,24,60,25.0538,0.0,0.516,OPTIMAL
grid_4x4,seed_milpsnap_grid4x4_high.json,242,16,24,58,25.0538,0.0,0.53,OPTIMAL
grid_4x4,seed_milpsnap_grid4x4_high.json,243,16,24,59,25.0538,0.0,0.547,OPTIMAL
grid_4x4,seed_milpsnap_grid4x4_high.json,244,16,24,62,25.0538,0.0,0.58,OPTIMAL
grid_4x4,seed_milpsnap_grid4x4_high.json,245,16,24,64,25.0538,0.0,0.549,OPTIMAL
grid_4x4,seed_milpsnap_grid4x4_high.json,246,16,24,65,25.0538,0.0,0.592,OPTIMAL
grid_4x4,seed_milpsnap_grid4x4_high.json,247,16,24,63,25.0538,0.0,0.815,OPTIMAL
grid_4x4,seed_milpsnap_grid4x4_high.json,248,16,24,65,25.0538,0.0,0.735,OPTIMAL
grid_4x4,seed_milpsnap_grid4x4_high.json,249,16,24,61,25.0538,0.0,0.76,OPTIMAL
grid_4x4,seed_milpsnap_grid4x4_high.json,250,16,24,62,25.0538,0.0,0.642,OPTIMAL
grid_4x4,seed_milpsnap_grid4x4_high.json,251,16,24,63,25.0538,0.0,0.706,OPTIMAL
grid_4x4,seed_milpsnap_grid4x4_high.json,252,16,24,68,25.0538,0.0,0.837,OPTIMAL
grid_4x4,seed_milpsnap_grid4x4_high.json,253,16,24,67,25.0538,0.0,0.729,OPTIMAL
grid_4x4,seed_milpsnap_grid4x4_high.json,254,16,24,65,25.0538,0.0,0.671,OPTIMAL
grid_4x4,seed_milpsnap_grid4x4_high.json,255,16,24,62,25.0538,0.0,0.657,OPTIMAL
grid_4x4,seed_milpsnap_grid4x4_high.json,256,16,24,60,25.0538,4.5610554282478685e-05,0.705,OPTIMAL
grid_4x4,seed_milpsnap_grid4x4_high.json,257,16,24,60,25.0538,0.0,0.71,OPTIMAL
grid_4x4,seed_milpsnap_grid4x4_high.json,258,16,24,57,25.0538,0.0,0.646,OPTIMAL
grid_4x4,seed_milpsnap_grid4x4_high.json,259,16,24,54,25.0538,0.0,0.607,OPTIMAL
grid_4x4,seed_milpsnap_grid4x4_high.json,260,16,24,56,25.0538,0.0,0.525,OPTIMAL
grid_4x4,seed_milpsnap_grid4x4_high.json,261,16,24,55,25.0538,4.5610554282478685e-05,0.473,OPTIMAL
grid_4x4,seed_milpsnap_grid4x4_high.json,262,16,24,59,25.0538,0.0,0.597,OPTIMAL
grid_4x4,seed_milpsnap_grid4x4_high.json,263,16,24,56,25.0538,0.0,0.553,OPTIMAL
grid_4x4,seed_milpsnap_grid4x4_high.json,264,16,24,58,25.0538,0.0,0.48,OPTIMAL
grid_4x4,seed_milpsnap_grid4x4_high.json,265,16,24,56,25.0538,0.0,0.503,OPTIMAL
grid_4x4,seed_milpsnap_grid4x4_high.json,266,16,24,54,25.0538,0.0,0.477,OPTIMAL
grid_4x4,seed_milpsnap_grid4x4_high.json,267,16,24,50,25.0538,4.5610554282478685e-05,0.431,OPTIMAL
grid_4x4,seed_milpsnap_grid4x4_high.json,268,16,24,50,25.0538,0.0,0.425,OPTIMAL
grid_4x4,seed_milpsnap_grid4x4_high.json,269,16,24,54,25.0538,0.0,0.476,OPTIMAL
grid_4x4,seed_milpsnap_grid4x4_high.json,270,16,24,59,25.0538,0.0,0.49,OPTIMAL
grid_4x4,seed_milpsnap_grid4x4_high.json,271,16,24,61,25.0538,0.0,0.516,OPTIMAL
grid_4x4,seed_milpsnap_grid4x4_high.json,272,16,24,60,25.0538,0.0,0.568,OPTIMAL
grid_4x4,seed_milpsnap_grid4x4_high.json,273,16,24,62,25.0538,0.0,0.552,OPTIMAL
grid_4x4,seed_milpsnap_grid4x4_high.json,274,16,24,64,25.0538,0.0,0.535,OPTIMAL
grid_4x4,seed_milpsnap_grid4x4_high.json,275,16,24,62,25.0538,0.0,0.548,OPTIMAL
grid_4x4,seed_milpsnap_grid4x4_high.json,276,16,24,61,25.0538,0.0,0.554,OPTIMAL
grid_4x4,seed_milpsnap_grid4x4_high.json,277,16,24,59,25.0538,0.0,0.489,OPTIMAL
grid_4x4,seed_milpsnap_grid4x4_high.json,278,16,24,59,25.0538,0.0,0.507,OPTIMAL
grid_4x4,seed_milpsnap_grid4x4_high.json,279,16,24,59,25.0538,4.5610554282478685e-05,0.528,OPTIMAL
grid_4x4,seed_milpsnap_grid4x4_high.json,280,16,24,58,25.0538,0.0,0.525,OPTIMAL
grid_4x4,seed_milpsnap_grid4x4_high.json,281,16,24,61,25.0538,4.5610554282478685e-05,0.521,OPTIMAL
grid_4x4,seed_milpsnap_grid4x4_high.json,282,16,24,61,25.0538,4.5610554282478685e-05,0.538,OPTIMAL
grid_4x4,seed_milpsnap_grid4x4_high.json,283,16,24,58,25.0538,0.0,0.471,OPTIMAL
grid_4x4,seed_milpsnap_grid4x4_high.json,284,16,24,55,25.0538,0.0,0.491,OPTIMAL
grid_4x4,seed_milpsnap_grid4x4_high.json,285,16,24,49,25.0538,4.5610554282478685e-05,0.412,OPTIMAL
grid_4x4,seed_milpsnap_grid4x4_high.json,286,16,24,49,25.0538,0.0,0.429,OPTIMAL
grid_4x4,seed_milpsnap_grid4x4_high.json,287,16,24,50,25.0538,0.0,0.41,OPTIMAL
grid_4x4,seed_milpsnap_grid4x4_high.json,288,16,24,51,25.0538,0.0,0.436,OPTIMAL
grid_4x4,seed_milpsnap_grid4x4_high.json,289,16,24,52,25.0538,0.0,0.428,OPTIMAL
grid_4x4,seed_milpsnap_grid4x4_high.json,290,16,24,54,25.0538,0.0,0.47,OPTIMAL
grid_4x4,seed_milpsnap_grid4x4_high.json,291,16,24,56,25.0538,0.0,0.465,OPTIMAL
grid_4x4,seed_milpsnap_grid4x4_high.json,292,16,24,56,25.0538,0.0,0.481,OPTIMAL
grid_4x4,seed_milpsnap_grid4x4_high.json,293,16,24,54,25.0538,0.0,0.475,OPTIMAL
grid_4x4,seed_milpsnap_grid4x4_high.json,294,16,24,52,25.0538,0.0,0.448,OPTIMAL
grid_4x4,seed_milpsnap_grid4x4_high.json,295,16,24,58,25.0538,0.0,0.474,OPTIMAL
grid_4x4,seed_milpsnap_grid4x4_high.json,296,16,24,55,25.0538,0.0,0.471,OPTIMAL
grid_4x4,seed_milpsnap_grid4x4_high.json,297,16,24,58,25.0538,0.0,0.549,OPTIMAL
grid_4x4,seed_milpsnap_grid4x4_high.json,298,16,24,59,25.0538,0.0,0.514,OPTIMAL
grid_4x4,seed_milpsnap_grid4x4_high.json,299,16,24,61,25.0538,0.0,0.511,OPTIMAL
grid_4x4,seed_milpsnap_grid4x4_high.json,300,16,24,61,25.0538,0.0,0.513,OPTIMAL
grid_4x4,seed_milpsnap_grid4x4_high.json,301,16,24,59,25.0538,0.0,0.527,OPTIMAL
grid_4x4,seed_milpsnap_grid4x4_high.json,302,16,24,59,25.0538,0.0,0.515,OPTIMAL
grid_4x4,seed_milpsnap_grid4x4_high.json,303,16,24,1,75.0231,0.0,0.008,OPTIMAL
grid_4x4,seed_milpsnap_grid4x4_high.json,304,16,24,4,43.8,0.0,0.025,OPTIMAL
grid_4x4,seed_milpsnap_grid4x4_high.json,305,16,24,10,31.3,0.0,0.049,OPTIMAL
grid_4x4,seed_milpsnap_grid4x4_high.json,306,16,24,16,25.0538,0.0,0.121,OPTIMAL
grid_4x4,seed_milpsnap_grid4x4_high.json,307,16,24,19,25.0538,0.0,0.146,OPTIMAL
grid_4x4,seed_milpsnap_grid4x4_high.json,308,16,24,27,25.0538,0.0,0.216,OPTIMAL
grid_4x4,seed_milpsnap_grid4x4_high.json,309,16,24,32,25.0538,0.0,0.245,OPTIMAL
grid_4x4,seed_milpsnap_grid4x4_high.json,310,16,24,39,25.0538,0.0,0.304,OPTIMAL
grid_4x4,seed_milpsnap_grid4x4_high.json,311,16,24,43,25.0538,0.0,0.391,OPTIMAL
grid_4x4,seed_milpsnap_grid4x4_high.json,312,16,24,48,25.0538,0.0,0.517,OPTIMAL
grid_4x4,seed_milpsnap_grid4x4_high.json,313,16,24,53,25.0538,0.0,0.463,OPTIMAL
grid_4x4,seed_milpsnap_grid4x4_high.json,314,16,24,63,25.0538,0.0,0.553,OPTIMAL
grid_4x4,seed_milpsnap_grid4x4_high.json,315,16,24,67,25.0538,0.0,0.615,OPTIMAL
grid_4x4,seed_milpsnap_grid4x4_high.json,316,16,24,69,25.0538,0.0,0.659,OPTIMAL
grid_4x4,seed_milpsnap_grid4x4_high.json,317,16,24,72,25.0538,0.0,0.652,OPTIMAL
grid_4x4,seed_milpsnap_grid4x4_high.json,318,16,24,76,25.0538,0.0,0.863,OPTIMAL
grid_4x4,seed_milpsnap_grid4x4_high.json,319,16,24,78,25.0538,0.0,0.897,OPTIMAL
grid_4x4,seed_milpsnap_grid4x4_high.json,320,16,24,77,25.0538,0.0,0.883,OPTIMAL
grid_4x4,seed_milpsnap_grid4x4_high.json,321,16,24,77,25.0538,0.0,0.819,OPTIMAL
grid_4x4,seed_milpsnap_grid4x4_high.json,322,16,24,77,25.0538,0.0,0.929,OPTIMAL
grid_4x4,seed_milpsnap_grid4x4_high.json,323,16,24,73,25.0538,0.0,0.686,OPTIMAL
grid_4x4,seed_milpsnap_grid4x4_high.json,324,16,24,70,25.0538,0.0,0.658,OPTIMAL
grid_4x4,seed_milpsnap_grid4x4_high.json,325,16,24,67,25.0538,0.0,0.571,OPTIMAL
grid_4x4,seed_milpsnap_grid4x4_high.json,326,16,24,66,25.0538,0.0,0.583,OPTIMAL
grid_4x4,seed_milpsnap_grid4x4_high.json,327,16,24,67,25.0538,0.0,0.597,OPTIMAL
grid_4x4,seed_milpsnap_grid4x4_high.json,328,16,24,65,25.0538,0.0,0.574,OPTIMAL
grid_4x4,seed_milpsnap_grid4x4_high.json,329,16,24,59,25.0538,0.0,0.541,OPTIMAL
grid_4x4,seed_milpsnap_grid4x4_high.json,330,16,24,59,25.0538,0.0,0.487,OPTIMAL
grid_4x4,seed_milpsnap_grid4x4_high.json,331,16,24,59,25.0538,0.0,0.436,OPTIMAL
grid_4x4,seed_milpsnap_grid4x4_high.json,332,16,24,61,25.0538,0.0,0.503,OPTIMAL
grid_4x4,seed_milpsnap_grid4x4_high.json,333,16,24,57,25.0538,4.5610554282478685e-05,0.528,OPTIMAL
grid_4x4,seed_milpsnap_grid4x4_high.json,334,16,24,56,25.0538,0.0,0.48,OPTIMAL
grid_4x4,seed_milpsnap_grid4x4_high.json,335,16,24,54,25.0538,0.0,0.45,OPTIMAL
grid_4x4,seed_milpsnap_grid4x4_high.json,336,16,24,51,25.0538,0.0,0.409,OPTIMAL
grid_4x4,seed_milpsnap_grid4x4_high.json,337,16,24,52,25.0538,0.0,0.424,OPTIMAL
grid_4x4,seed_milpsnap_grid4x4_high.json,338,16,24,52,25.0538,0.0,0.454,OPTIMAL
grid_4x4,seed_milpsnap_grid4x4_high.json,339,16,24,52,25.0538,0.0,0.452,OPTIMAL
grid_4x4,seed_milpsnap_grid4x4_high.json,340,16,24,51,25.0538,0.0,0.432,OPTIMAL
grid_4x4,seed_milpsnap_grid4x4_high.json,341,16,24,52,25.0538,0.0,0.434,OPTIMAL
grid_4x4,seed_milpsnap_grid4x4_high.json,342,16,24,50,25.0538,0.0,0.474,OPTIMAL
grid_4x4,seed_milpsnap_grid4x4_high.json,343,16,24,51,25.0538,0.0,0.421,OPTIMAL
grid_4x4,seed_milpsnap_grid4x4_high.json,344,16,24,56,25.0538,0.0,0.441,OPTIMAL
grid_4x4,seed_milpsnap_grid4x4_high.json,345,16,24,58,25.0538,0.0,0.515,OPTIMAL
grid_4x4,seed_milpsnap_grid4x4_high.json,346,16,24,57,25.0538,0.0,0.493,OPTIMAL
grid_4x4,seed_milpsnap_grid4x4_high.json,347,16,24,56,25.0538,0.0,0.507,OPTIMAL
grid_4x4,seed_milpsnap_grid4x4_high.json,348,16,24,57,25.0538,0.0,0.499,OPTIMAL
grid_4x4,seed_milpsnap_grid4x4_high.json,349,16,24,58,25.0538,0.0,0.485,OPTIMAL
grid_4x4,seed_milpsnap_grid4x4_high.json,350,16,24,63,25.0538,0.0,0.53,OPTIMAL
grid_4x4,seed_milpsnap_grid4x4_high.json,351,16,24,62,25.0538,0.0,0.58,OPTIMAL
grid_4x4,seed_milpsnap_grid4x4_high.json,352,16,24,61,25.0538,0.0,0.516,OPTIMAL
grid_4x4,seed_milpsnap_grid4x4_high.json,353,16,24,60,25.0538,0.0,0.48,OPTIMAL
grid_4x4,seed_milpsnap_grid4x4_high.json,354,16,24,60,25.0538,0.0,0.54,OPTIMAL
grid_4x4,seed_milpsnap_grid4x4_high.json,355,16,24,58,25.0538,0.0,0.473,OPTIMAL
grid_4x4,seed_milpsnap_grid4x4_high.json,356,16,24,57,25.0538,0.0,0.431,OPTIMAL
grid_4x4,seed_milpsnap_grid4x4_high.json,357,16,24,58,25.0538,0.0,0.51,OPTIMAL
grid_4x4,seed_milpsnap_grid4x4_high.json,358,16,24,59,25.0538,0.0,0.518,OPTIMAL
grid_4x4,seed_milpsnap_grid4x4_high.json,359,16,24,53,25.0538,0.0,0.488,OPTIMAL
grid_4x4,seed_milpsnap_grid4x4_high.json,360,16,24,51,25.0538,0.0,0.417,OPTIMAL
grid_4x4,seed_milpsnap_grid4x4_high.json,361,16,24,54,25.0538,0.0,0.424,OPTIMAL
grid_4x4,seed_milpsnap_grid4x4_high.json,362,16,24,57,25.0538,0.0,0.467,OPTIMAL
grid_4x4,seed_milpsnap_grid4x4_high.json,363,16,24,57,25.0538,0.0,0.503,OPTIMAL
grid_4x4,seed_milpsnap_grid4x4_high.json,364,16,24,58,25.0538,0.0,0.513,OPTIMAL
grid_4x4,seed_milpsnap_grid4x4_high.json,365,16,24,51,25.0538,0.0,0.445,OPTIMAL
grid_4x4,seed_milpsnap_grid4x4_high.json,366,16,24,52,25.0538,0.0,0.444,OPTIMAL
grid_4x4,seed_milpsnap_grid4x4_high.json,367,16,24,53,25.0538,0.0,0.506,OPTIMAL
grid_4x4,seed_milpsnap_grid4x4_high.json,368,16,24,51,25.0538,0.0,0.399,OPTIMAL
grid_4x4,seed_milpsnap_grid4x4_high.json,369,16,24,54,25.0538,0.0,0.427,OPTIMAL
grid_4x4,seed_milpsnap_grid4x4_high.json,370,16,24,60,25.0538,4.5610554282478685e-05,0.535,OPTIMAL
grid_4x4,seed_milpsnap_grid4x4_high.json,371,16,24,60,25.0538,0.0,0.517,OPTIMAL
grid_4x4,seed_milpsnap_grid4x4_high.json,372,16,24,62,25.0538,4.5610554282478685e-05,0.531,OPTIMAL
grid_4x4,seed_milpsnap_grid4x4_high.json,373,16,24,62,25.0538,4.5610554282478685e-05,0.548,OPTIMAL
grid_4x4,seed_milpsnap_grid4x4_high.json,374,16,24,63,25.0538,0.0,0.522,OPTIMAL
grid_4x4,seed_milpsnap_grid4x4_high.json,375,16,24,64,25.0538,0.0,0.576,OPTIMAL
grid_4x4,seed_milpsnap_grid4x4_high.json,376,16,24,65,25.0538,0.0,0.555,OPTIMAL
grid_4x4,seed_milpsnap_grid4x4_high.json,377,16,24,61,25.0538,4.5610554282478685e-05,0.536,OPTIMAL
grid_4x4,seed_milpsnap_grid4x4_high.json,378,16,24,63,25.0538,0.0,0.609,OPTIMAL
grid_4x4,seed_milpsnap_grid4x4_high.json,379,16,24,61,25.0538,0.0,0.522,OPTIMAL
grid_4x4,seed_milpsnap_grid4x4_high.json,380,16,24,64,25.0538,4.5610554282478685e-05,0.504,OPTIMAL
grid_4x4,seed_milpsnap_grid4x4_high.json,381,16,24,64,25.0538,0.0,0.557,OPTIMAL
grid_4x4,seed_milpsnap_grid4x4_high.json,382,16,24,64,25.0538,0.0,0.566,OPTIMAL
grid_4x4,seed_milpsnap_grid4x4_high.json,383,16,24,69,25.0538,0.0,0.704,OPTIMAL
grid_4x4,seed_milpsnap_grid4x4_high.json,384,16,24,72,25.0538,0.0,0.878,OPTIMAL
grid_4x4,seed_milpsnap_grid4x4_high.json,385,16,24,67,25.0538,0.0,0.613,OPTIMAL
grid_4x4,seed_milpsnap_grid4x4_high.json,386,16,24,67,25.0538,0.0,0.769,OPTIMAL
grid_4x4,seed_milpsnap_grid4x4_high.json,387,16,24,64,25.0538,0.0,0.668,OPTIMAL
grid_4x4,seed_milpsnap_grid4x4_high.json,388,16,24,63,25.0538,0.0,0.565,OPTIMAL
grid_4x4,seed_milpsnap_grid4x4_high.json,389,16,24,62,25.0538,0.0,0.528,OPTIMAL
grid_4x4,seed_milpsnap_grid4x4_high.json,390,16,24,64,25.0538,0.0,0.601,OPTIMAL
grid_4x4,seed_milpsnap_grid4x4_high.json,391,16,24,62,25.0538,0.0,0.613,OPTIMAL
grid_4x4,seed_milpsnap_grid4x4_high.json,392,16,24,65,25.0538,0.0,0.617,OPTIMAL
grid_4x4,seed_milpsnap_grid4x4_high.json,393,16,24,64,25.0538,0.0,0.626,OPTIMAL
grid_4x4,seed_milpsnap_grid4x4_high.json,394,16,24,66,25.0538,0.0,0.649,OPTIMAL
grid_4x4,seed_milpsnap_grid4x4_high.json,395,16,24,65,25.0538,0.0,0.769,OPTIMAL
grid_4x4,seed_milpsnap_grid4x4_high.json,396,16,24,63,25.0538,0.0,0.759,OPTIMAL
grid_4x4,seed_milpsnap_grid4x4_high.json,397,16,24,62,25.0538,0.0,0.749,OPTIMAL
grid_4x4,seed_milpsnap_grid4x4_high.json,398,16,24,62,25.0538,0.0,0.734,OPTIMAL
grid_4x4,seed_milpsnap_grid4x4_high.json,399,16,24,60,25.0538,0.0,0.728,OPTIMAL
grid_4x4,seed_milpsnap_grid4x4_high.json,400,16,24,60,25.0538,0.0,0.699,OPTIMAL
grid_4x4,seed_milpsnap_grid4x4_high.json,401,16,24,64,25.0538,0.0,0.639,OPTIMAL
grid_4x4,seed_milpsnap_grid4x4_high.json,402,16,24,63,25.0538,4.5610554282478685e-05,0.696,OPTIMAL
grid_4x4,seed_milpsnap_grid4x4_high.json,403,16,24,63,25.0538,0.0,0.73,OPTIMAL
grid_4x4,seed_milpsnap_grid4x4_high.json,404,16,24,63,25.0538,0.0,0.772,OPTIMAL
grid_4x4,seed_milpsnap_grid4x4_high.json,405,16,24,61,25.0538,0.0,0.576,OPTIMAL
grid_4x4,seed_milpsnap_grid4x4_high.json,406,16,24,65,25.0538,0.0,0.613,OPTIMAL
grid_4x4,seed_milpsnap_grid4x4_high.json,407,16,24,63,25.0538,4.5610554282478685e-05,0.558,OPTIMAL
grid_4x4,seed_milpsnap_grid4x4_high.json,408,16,24,62,25.0538,0.0,0.578,OPTIMAL
grid_4x4,seed_milpsnap_grid4x4_high.json,409,16,24,62,25.0538,0.0,0.603,OPTIMAL
grid_4x4,seed_milpsnap_grid4x4_high.json,410,16,24,61,25.0538,0.0,0.548,OPTIMAL
grid_4x4,seed_milpsnap_grid4x4_high.json,411,16,24,65,25.0538,4.5610554282478685e-05,0.552,OPTIMAL
grid_4x4,seed_milpsnap_grid4x4_high.json,412,16,24,66,25.0538,0.0,0.575,OPTIMAL
grid_4x4,seed_milpsnap_grid4x4_high.json,413,16,24,65,25.0538,0.0,0.621,OPTIMAL
grid_4x4,seed_milpsnap_grid4x4_high.json,414,16,24,61,25.0538,0.0,0.557,OPTIMAL
grid_4x4,seed_milpsnap_grid4x4_high.json,415,16,24,62,25.0538,0.0,0.642,OPTIMAL
grid_4x4,seed_milpsnap_grid4x4_high.json,416,16,24,60,25.0538,0.0,0.714,OPTIMAL
grid_4x4,seed_milpsnap_grid4x4_high.json,417,16,24,58,25.0538,0.0,0.609,OPTIMAL
grid_4x4,seed_milpsnap_grid4x4_high.json,418,16,24,60,25.0538,0.0,0.616,OPTIMAL
grid_4x4,seed_milpsnap_grid4x4_high.json,419,16,24,62,25.0538,0.0,0.589,OPTIMAL
grid_4x4,seed_milpsnap_grid4x4_high.json,420,16,24,62,25.0538,4.5610554282478685e-05,0.589,OPTIMAL
grid_4x4,seed_milpsnap_grid4x4_high.json,421,16,24,59,25.0538,0.0,0.601,OPTIMAL
grid_4x4,seed_milpsnap_grid4x4_high.json,422,16,24,64,25.0538,0.0,0.643,OPTIMAL
grid_4x4,seed_milpsnap_grid4x4_high.json,423,16,24,65,25.0538,0.0,0.655,OPTIMAL
grid_4x4,seed_milpsnap_grid4x4_high.json,424,16,24,61,25.0538,0.0,0.652,OPTIMAL
grid_4x4,seed_milpsnap_grid4x4_high.json,425,16,24,61,25.0538,0.0,0.575,OPTIMAL
grid_4x4,seed_milpsnap_grid4x4_high.json,426,16,24,61,25.0538,0.0,0.65,OPTIMAL
grid_4x4,seed_milpsnap_grid4x4_high.json,427,16,24,58,25.0538,0.0,0.673,OPTIMAL
grid_4x4,seed_milpsnap_grid4x4_high.json,428,16,24,57,25.0538,0.0,0.667,OPTIMAL
grid_4x4,seed_milpsnap_grid4x4_high.json,429,16,24,59,25.0538,0.0,0.806,OPTIMAL
grid_4x4,seed_milpsnap_grid4x4_high.json,430,16,24,61,25.0538,0.0,0.664,OPTIMAL
grid_4x4,seed_milpsnap_grid4x4_high.json,431,16,24,59,25.0538,0.0,0.578,OPTIMAL
grid_4x4,seed_milpsnap_grid4x4_high.json,432,16,24,61,25.0538,0.0,0.718,OPTIMAL
grid_4x4,seed_milpsnap_grid4x4_high.json,433,16,24,58,25.0538,0.0,0.608,OPTIMAL
grid_4x4,seed_milpsnap_grid4x4_high.json,434,16,24,56,25.0538,0.0,0.719,OPTIMAL
grid_4x4,seed_milpsnap_grid4x4_high.json,435,16,24,53,25.0538,0.0,0.499,OPTIMAL
grid_4x4,seed_milpsnap_grid4x4_high.json,436,16,24,54,25.0538,0.0,0.449,OPTIMAL
grid_4x4,seed_milpsnap_grid4x4_high.json,437,16,24,48,25.0538,4.561055428221943e-05,0.455,OPTIMAL
grid_4x4,seed_milpsnap_grid4x4_high.json,438,16,24,51,25.0538,0.0,0.505,OPTIMAL
grid_4x4,seed_milpsnap_grid4x4_high.json,439,16,24,55,25.0538,0.0,0.489,OPTIMAL
grid_4x4,seed_milpsnap_grid4x4_high.json,440,16,24,59,25.0538,0.0,0.644,OPTIMAL
grid_4x4,seed_milpsnap_grid4x4_high.json,441,16,24,58,25.0538,0.0,0.505,OPTIMAL
grid_4x4,seed_milpsnap_grid4x4_high.json,442,16,24,62,25.0538,4.5610554282478685e-05,0.575,OPTIMAL
grid_4x4,seed_milpsnap_grid4x4_high.json,443,16,24,59,25.0538,0.0,0.655,OPTIMAL
grid_4x4,seed_milpsnap_grid4x4_high.json,444,16,24,60,25.0538,0.0,0.536,OPTIMAL
grid_4x4,seed_milpsnap_grid4x4_high.json,445,16,24,59,25.0538,0.0,0.578,OPTIMAL
grid_4x4,seed_milpsnap_grid4x4_high.json,446,16,24,61,25.0538,0.0,0.583,OPTIMAL
grid_4x4,seed_milpsnap_grid4x4_high.json,447,16,24,63,25.0538,0.0,0.575,OPTIMAL
grid_4x4,seed_milpsnap_grid4x4_high.json,448,16,24,63,25.0538,0.0,0.789,OPTIMAL
grid_4x4,seed_milpsnap_grid4x4_high.json,449,16,24,62,25.0538,0.0,0.637,OPTIMAL
grid_4x4,seed_milpsnap_grid4x4_high.json,450,16,24,65,25.0538,0.0,0.633,OPTIMAL
grid_4x4,seed_milpsnap_grid4x4_high.json,451,16,24,65,25.0538,0.0,0.534,OPTIMAL
grid_4x4,seed_milpsnap_grid4x4_high.json,452,16,24,67,25.0538,0.0,0.618,OPTIMAL
grid_4x4,seed_milpsnap_grid4x4_high.json,453,16,24,65,25.0538,0.0,0.656,OPTIMAL
grid_4x4,seed_milpsnap_grid4x4_high.json,454,16,24,1,68.7769,0.0,0.009,OPTIMAL
grid_4x4,seed_milpsnap_grid4x4_high.json,455,16,24,2,56.2846,7.819525354826075e-05,0.02,OPTIMAL
grid_4x4,seed_milpsnap_grid4x4_high.json,456,16,24,8,37.5461,0.0,0.039,OPTIMAL
grid_4x4,seed_milpsnap_grid4x4_high.json,457,16,24,13,31.3,0.0,0.086,OPTIMAL
grid_4x4,seed_milpsnap_grid4x4_high.json,458,16,24,16,25.0538,0.0,0.125,OPTIMAL
grid_4x4,seed_milpsnap_grid4x4_high.json,459,16,24,19,25.0538,0.0,0.193,OPTIMAL
grid_4x4,seed_milpsnap_grid4x4_high.json,460,16,24,25,25.0538,0.0,0.205,OPTIMAL
grid_4x4,seed_milpsnap_grid4x4_high.json,461,16,24,31,25.0538,0.0,0.3,OPTIMAL
grid_4x4,seed_milpsnap_grid4x4_high.json,462,16,24,34,25.0538,0.0,0.264,OPTIMAL
grid_4x4,seed_milpsnap_grid4x4_high.json,463,16,24,39,25.0538,0.0,0.328,OPTIMAL
grid_4x4,seed_milpsnap_grid4x4_high.json,464,16,24,43,25.0538,0.0,0.367,OPTIMAL
grid_4x4,seed_milpsnap_grid4x4_high.json,465,16,24,47,25.0538,0.0,0.414,OPTIMAL
grid_4x4,seed_milpsnap_grid4x4_high.json,466,16,24,50,25.0538,0.0,0.5,OPTIMAL
grid_4x4,seed_milpsnap_grid4x4_high.json,467,16,24,54,25.0538,0.0,0.486,OPTIMAL
grid_4x4,seed_milpsnap_grid4x4_high.json,468,16,24,57,25.0538,0.0,0.534,OPTIMAL
grid_4x4,seed_milpsnap_grid4x4_high.json,469,16,24,59,25.0538,0.0,0.895,OPTIMAL
grid_4x4,seed_milpsnap_grid4x4_high.json,470,16,24,64,25.0538,0.0,0.718,OPTIMAL
grid_4x4,seed_milpsnap_grid4x4_high.json,471,16,24,61,25.0538,0.0,0.577,OPTIMAL
grid_4x4,seed_milpsnap_grid4x4_high.json,472,16,24,60,25.0538,0.0,0.599,OPTIMAL
grid_4x4,seed_milpsnap_grid4x4_high.json,473,16,24,63,25.0538,0.0,0.579,OPTIMAL
grid_4x4,seed_milpsnap_grid4x4_high.json,474,16,24,66,25.0538,0.0,0.558,OPTIMAL
grid_4x4,seed_milpsnap_grid4x4_high.json,475,16,24,66,25.0538,0.0,0.681,OPTIMAL
grid_4x4,seed_milpsnap_grid4x4_high.json,476,16,24,65,25.0538,0.0,0.586,OPTIMAL
grid_4x4,seed_milpsnap_grid4x4_high.json,477,16,24,72,25.0538,4.5610554282478685e-05,0.743,OPTIMAL
grid_4x4,seed_milpsnap_grid4x4_high.json,478,16,24,70,25.0538,0.0,0.739,OPTIMAL
grid_4x4,seed_milpsnap_grid4x4_high.json,479,16,24,72,25.0538,0.0,0.747,OPTIMAL
grid_4x4,seed_milpsnap_grid4x4_high.json,480,16,24,71,25.0538,0.0,0.725,OPTIMAL
grid_4x4,seed_milpsnap_grid4x4_high.json,481,16,24,77,25.0538,0.0,0.895,OPTIMAL
grid_4x4,seed_milpsnap_grid4x4_high.json,482,16,24,78,25.0538,0.0,0.912,OPTIMAL
grid_4x4,seed_milpsnap_grid4x4_high.json,483,16,24,79,25.0538,0.0,0.95,OPTIMAL
grid_4x4,seed_milpsnap_grid4x4_high.json,484,16,24,80,25.0538,0.0,0.942,OPTIMAL
grid_4x4,seed_milpsnap_grid4x4_high.json,485,16,24,77,25.0538,0.0,0.888,OPTIMAL
grid_4x4,seed_milpsnap_grid4x4_high.json,486,16,24,81,25.0538,0.0,0.978,OPTIMAL
grid_4x4,seed_milpsnap_grid4x4_high.json,487,16,24,84,25.0538,0.0,1.032,OPTIMAL
grid_4x4,seed_milpsnap_grid4x4_high.json,488,16,24,85,25.0538,0.0,1.035,OPTIMAL
grid_4x4,seed_milpsnap_grid4x4_high.json,489,16,24,83,25.0538,0.0,1.005,OPTIMAL
grid_4x4,seed_milpsnap_grid4x4_high.json,490,16,24,77,25.0538,0.0,0.913,OPTIMAL
grid_4x4,seed_milpsnap_grid4x4_high.json,491,16,24,74,25.0538,0.0,0.827,OPTIMAL
grid_4x4,seed_milpsnap_grid4x4_high.json,492,16,24,65,25.0538,0.0,0.604,OPTIMAL
grid_4x4,seed_milpsnap_grid4x4_high.json,493,16,24,65,25.0538,0.0,0.598,OPTIMAL
grid_4x4,seed_milpsnap_grid4x4_high.json,494,16,24,63,25.0538,0.0,0.564,OPTIMAL
grid_4x4,seed_milpsnap_grid4x4_high.json,495,16,24,67,25.0538,0.0,0.606,OPTIMAL
grid_4x4,seed_milpsnap_grid4x4_high.json,496,16,24,61,25.0538,0.0,0.592,OPTIMAL
grid_4x4,seed_milpsnap_grid4x4_high.json,497,16,24,58,25.0538,0.0,0.5,OPTIMAL
grid_4x4,seed_milpsnap_grid4x4_high.json,498,16,24,57,25.0538,0.0,0.521,OPTIMAL
grid_4x4,seed_milpsnap_grid4x4_high.json,499,16,24,57,25.0538,0.0,0.475,OPTIMAL
grid_4x4,seed_milpsnap_grid4x4_high.json,500,16,24,58,25.0538,0.0,0.571,OPTIMAL
grid_4x4,seed_milpsnap_grid4x4_high.json,501,16,24,55,25.0538,0.0,0.452,OPTIMAL
grid_4x4,seed_milpsnap_grid4x4_high.json,502,16,24,50,25.0538,0.0,0.448,OPTIMAL
grid_4x4,seed_milpsnap_grid4x4_high.json,503,16,24,48,25.0538,0.0,0.404,OPTIMAL
grid_4x4,seed_milpsnap_grid4x4_high.json,504,16,24,49,25.0538,0.0,0.403,OPTIMAL
grid_4x4,seed_milpsnap_grid4x4_high.json,505,16,24,56,25.0538,0.0,0.546,OPTIMAL
grid_4x4,seed_milpsnap_grid4x4_high.json,506,16,24,58,25.0538,0.0,0.529,OPTIMAL
grid_4x4,seed_milpsnap_grid4x4_high.json,507,16,24,60,25.0538,0.0,0.518,OPTIMAL
grid_4x4,seed_milpsnap_grid4x4_high.json,508,16,24,62,25.0538,4.5610554282478685e-05,0.576,OPTIMAL
grid_4x4,seed_milpsnap_grid4x4_high.json,509,16,24,65,25.0538,0.0,0.565,OPTIMAL
grid_4x4,seed_milpsnap_grid4x4_high.json,510,16,24,63,25.0538,0.0,0.576,OPTIMAL
grid_4x4,seed_milpsnap_grid4x4_high.json,511,16,24,62,25.0538,0.0,0.604,OPTIMAL
grid_4x4,seed_milpsnap_grid4x4_high.json,512,16,24,64,25.0538,0.0,0.615,OPTIMAL
grid_4x4,seed_milpsnap_grid4x4_high.json,513,16,24,67,25.0538,6.84158314235884e-05,0.666,OPTIMAL
grid_4x4,seed_milpsnap_grid4x4_high.json,514,16,24,66,25.0538,0.0,0.607,OPTIMAL
grid_4x4,seed_milpsnap_grid4x4_high.json,515,16,24,66,25.0538,0.0,0.613,OPTIMAL
grid_4x4,seed_milpsnap_grid4x4_high.json,516,16,24,64,25.0538,4.5610554282478685e-05,0.999,OPTIMAL
grid_4x4,seed_milpsnap_grid4x4_high.json,517,16,24,62,25.0538,0.0,0.733,OPTIMAL
grid_4x4,seed_milpsnap_grid4x4_high.json,518,16,24,60,25.0538,0.0,0.508,OPTIMAL
grid_4x4,seed_milpsnap_grid4x4_high.json,519,16,24,57,25.0538,4.5610554282478685e-05,0.511,OPTIMAL
grid_4x4,seed_milpsnap_grid4x4_high.json,520,16,24,53,25.0538,0.0,0.502,OPTIMAL
grid_4x4,seed_milpsnap_grid4x4_high.json,521,16,24,55,25.0538,0.0,0.503,OPTIMAL
grid_4x4,seed_milpsnap_grid4x4_high.json,522,16,24,52,25.0538,4.5610554282478685e-05,0.478,OPTIMAL
grid_4x4,seed_milpsnap_grid4x4_high.json,523,16,24,51,25.0538,0.0,0.48,OPTIMAL
grid_4x4,seed_milpsnap_grid4x4_high.json,524,16,24,49,25.0538,0.0,0.466,OPTIMAL
grid_4x4,seed_milpsnap_grid4x4_high.json,525,16,24,46,25.0538,0.0,0.363,OPTIMAL
grid_4x4,seed_milpsnap_grid4x4_high.json,526,16,24,50,25.0538,0.0,0.461,OPTIMAL
grid_4x4,seed_milpsnap_grid4x4_high.json,527,16,24,53,25.0538,0.0,0.491,OPTIMAL
grid_4x4,seed_milpsnap_grid4x4_high.json,528,16,24,53,25.0538,0.0,0.478,OPTIMAL
grid_4x4,seed_milpsnap_grid4x4_high.json,529,16,24,52,25.0538,0.0,0.484,OPTIMAL
grid_4x4,seed_milpsnap_grid4x4_high.json,530,16,24,53,25.0538,0.0,0.464,OPTIMAL
grid_4x4,seed_milpsnap_grid4x4_high.json,531,16,24,57,25.0538,0.0,0.478,OPTIMAL
grid_4x4,seed_milpsnap_grid4x4_high.json,532,16,24,60,25.0538,4.5610554282478685e-05,0.571,OPTIMAL
grid_4x4,seed_milpsnap_grid4x4_high.json,533,16,24,64,25.0538,0.0,0.588,OPTIMAL
grid_4x4,seed_milpsnap_grid4x4_high.json,534,16,24,66,25.0538,0.0,0.599,OPTIMAL
grid_4x4,seed_milpsnap_grid4x4_high.json,535,16,24,67,25.0538,4.5610554282478685e-05,0.646,OPTIMAL
grid_4x4,seed_milpsnap_grid4x4_high.json,536,16,24,64,25.0538,0.0,0.535,OPTIMAL
grid_4x4,seed_milpsnap_grid4x4_high.json,537,16,24,72,25.0538,0.0,0.775,OPTIMAL
grid_4x4,seed_milpsnap_grid4x4_high.json,538,16,24,75,25.0538,0.0,0.89,OPTIMAL
grid_4x4,seed_milpsnap_grid4x4_high.json,539,16,24,78,25.0538,4.5610554282478685e-05,0.913,OPTIMAL
grid_4x4,seed_milpsnap_grid4x4_high.json,540,16,24,79,25.0538,0.0,0.965,OPTIMAL
grid_4x4,seed_milpsnap_grid4x4_high.json,541,16,24,79,25.0538,0.0,0.98,OPTIMAL
grid_4x4,seed_milpsnap_grid4x4_high.json,542,16,24,76,25.0538,0.0,0.862,OPTIMAL
grid_4x4,seed_milpsnap_grid4x4_high.json,543,16,24,76,25.0538,4.5610554282478685e-05,0.872,OPTIMAL
grid_4x4,seed_milpsnap_grid4x4_high.json,544,16,24,76,25.0538,0.0,0.915,OPTIMAL
grid_4x4,seed_milpsnap_grid4x4_high.json,545,16,24,79,25.0538,0.0,0.939,OPTIMAL
grid_4x4,seed_milpsnap_grid4x4_high.json,546,16,24,77,25.0538,0.0,0.828,OPTIMAL
grid_4x4,seed_milpsnap_grid4x4_high.json,547,16,24,78,25.0538,0.0,0.881,OPTIMAL
grid_4x4,seed_milpsnap_grid4x4_high.json,548,16,24,81,25.0538,0.0,0.947,OPTIMAL
grid_4x4,seed_milpsnap_grid4x4_high.json,549,16,24,82,25.0538,0.0,0.923,OPTIMAL
grid_4x4,seed_milpsnap_grid4x4_high.json,550,16,24,82,25.0538,0.0,0.985,OPTIMAL
grid_4x4,seed_milpsnap_grid4x4_high.json,551,16,24,88,25.0538,0.0,1.087,OPTIMAL
grid_4x4,seed_milpsnap_grid4x4_high.json,552,16,24,84,25.0538,0.0,0.993,OPTIMAL
grid_4x4,seed_milpsnap_grid4x4_high.json,553,16,24,78,25.0538,0.0,0.928,OPTIMAL
grid_4x4,seed_milpsnap_grid4x4_high.json,554,16,24,72,25.0538,0.0,0.742,OPTIMAL
grid_4x4,seed_milpsnap_grid4x4_high.json,555,16,24,72,25.0538,4.5610554282478685e-05,0.768,OPTIMAL
grid_4x4,seed_milpsnap_grid4x4_high.json,556,16,24,72,25.0538,0.0,0.682,OPTIMAL
grid_4x4,seed_milpsnap_grid4x4_high.json,557,16,24,69,25.0538,0.0,0.713,OPTIMAL
grid_4x4,seed_milpsnap_grid4x4_high.json,558,16,24,66,25.0538,0.0,0.629,OPTIMAL
grid_4x4,seed_milpsnap_grid4x4_high.json,559,16,24,66,25.0538,0.0,0.603,OPTIMAL
grid_4x4,seed_milpsnap_grid4x4_high.json,560,16,24,65,25.0538,0.0,0.584,OPTIMAL
grid_4x4,seed_milpsnap_grid4x4_high.json,561,16,24,66,25.0538,0.0,0.589,OPTIMAL
grid_4x4,seed_milpsnap_grid4x4_high.json,562,16,24,65,25.0538,0.0,0.601,OPTIMAL
grid_4x4,seed_milpsnap_grid4x4_high.json,563,16,24,58,25.0538,0.0,0.528,OPTIMAL
grid_4x4,seed_milpsnap_grid4x4_high.json,564,16,24,58,25.0538,0.0,0.522,OPTIMAL
grid_4x4,seed_milpsnap_grid4x4_high.json,565,16,24,60,25.0538,0.0,0.542,OPTIMAL
grid_4x4,seed_milpsnap_grid4x4_high.json,566,16,24,54,25.0538,4.5610554282478685e-05,0.458,OPTIMAL
grid_4x4,seed_milpsnap_grid4x4_high.json,567,16,24,53,25.0538,0.0,0.475,OPTIMAL
grid_4x4,seed_milpsnap_grid4x4_high.json,568,16,24,56,25.0538,0.0,0.497,OPTIMAL
grid_4x4,seed_milpsnap_grid4x4_high.json,569,16,24,58,25.0538,0.0,0.531,OPTIMAL
grid_4x4,seed_milpsnap_grid4x4_high.json,570,16,24,60,25.0538,0.0,0.535,OPTIMAL
grid_4x4,seed_milpsnap_grid4x4_high.json,571,16,24,59,25.0538,4.5610554282478685e-05,0.569,OPTIMAL
grid_4x4,seed_milpsnap_grid4x4_high.json,572,16,24,60,25.0538,0.0,0.534,OPTIMAL
grid_4x4,seed_milpsnap_grid4x4_high.json,573,16,24,61,25.0538,0.0,0.525,OPTIMAL
grid_4x4,seed_milpsnap_grid4x4_high.json,574,16,24,64,25.0538,4.5610554282478685e-05,0.555,OPTIMAL
grid_4x4,seed_milpsnap_grid4x4_high.json,575,16,24,61,25.0538,0.0,0.549,OPTIMAL
grid_4x4,seed_milpsnap_grid4x4_high.json,576,16,24,63,25.0538,0.0,0.573,OPTIMAL
grid_4x4,seed_milpsnap_grid4x4_high.json,577,16,24,65,25.0538,0.0,0.583,OPTIMAL
grid_4x4,seed_milpsnap_grid4x4_high.json,578,16,24,70,25.0538,0.0,0.74,OPTIMAL
grid_4x4,seed_milpsnap_grid4x4_high.json,579,16,24,68,25.0538,0.0,0.694,OPTIMAL
grid_4x4,seed_milpsnap_grid4x4_high.json,580,16,24,64,25.0538,0.0,0.552,OPTIMAL
grid_4x4,seed_milpsnap_grid4x4_high.json,581,16,24,63,25.0538,0.0,0.537,OPTIMAL
grid_4x4,seed_milpsnap_grid4x4_high.json,582,16,24,62,25.0538,6.841583142371803e-05,0.559,OPTIMAL
grid_4x4,seed_milpsnap_grid4x4_high.json,583,16,24,64,25.0538,0.0,0.566,OPTIMAL
grid_4x4,seed_milpsnap_grid4x4_high.json,584,16,24,65,25.0538,0.0,0.587,OPTIMAL
grid_4x4,seed_milpsnap_grid4x4_high.json,585,16,24,63,25.0538,0.0,0.582,OPTIMAL
grid_4x4,seed_milpsnap_grid4x4_high.json,586,16,24,65,25.0538,0.0,0.604,OPTIMAL
grid_4x4,seed_milpsnap_grid4x4_high.json,587,16,24,66,25.0538,0.0,0.598,OPTIMAL
grid_4x4,seed_milpsnap_grid4x4_high.json,588,16,24,65,25.0538,0.0,0.59,OPTIMAL
grid_4x4,seed_milpsnap_grid4x4_high.json,589,16,24,64,25.0538,0.0,0.625,OPTIMAL
grid_4x4,seed_milpsnap_grid4x4_high.json,590,16,24,60,25.0538,0.0,0.554,OPTIMAL
grid_4x4,seed_milpsnap_grid4x4_high.json,591,16,24,56,25.0538,0.0,0.521,OPTIMAL
grid_4x4,seed_milpsnap_grid4x4_high.json,592,16,24,53,25.0538,4.5610554282478685e-05,0.477,OPTIMAL
grid_4x4,seed_milpsnap_grid4x4_high.json,593,16,24,48,25.0538,0.0,0.419,OPTIMAL
grid_4x4,seed_milpsnap_grid4x4_high.json,594,16,24,45,25.0538,4.5610554282478685e-05,0.385,OPTIMAL
grid_4x4,seed_milpsnap_grid4x4_high.json,595,16,24,54,25.0538,0.0,0.489,OPTIMAL
grid_4x4,seed_milpsnap_grid4x4_high.json,596,16,24,59,25.0538,0.0,0.526,OPTIMAL
grid_4x4,seed_milpsnap_grid4x4_high.json,597,16,24,58,25.0538,0.0,0.556,OPTIMAL
grid_4x4,seed_milpsnap_grid4x4_high.json,598,16,24,56,25.0538,0.0,0.515,OPTIMAL
grid_4x4,seed_milpsnap_grid4x4_high.json,599,16,24,58,25.0538,4.5610554282478685e-05,0.502,OPTIMAL
grid_4x4,seed_milpsnap_grid4x4_high.json,600,16,24,58,25.0538,0.0,0.498,OPTIMAL
grid_4x4,seed_milpsnap_grid4x4_high.json,601,16,24,54,25.0538,0.0,0.504,OPTIMAL
grid_4x4,seed_milpsnap_grid4x4_high.json,602,16,24,56,25.0538,4.5610554282478685e-05,0.475,OPTIMAL
grid_4x4,seed_milpsnap_grid4x4_high.json,603,16,24,55,25.0538,0.0,0.505,OPTIMAL
grid_4x4,seed_milpsnap_grid4x4_high.json,604,16,24,55,25.0538,0.0,0.511,OPTIMAL
grid_4x4,seed_milpsnap_grid4x4_high.json,605,16,24,1,62.5308,0.0,0.021,OPTIMAL
grid_4x4,seed_milpsnap_grid4x4_high.json,606,16,24,5,37.5461,0.0,0.032,OPTIMAL
grid_4x4,seed_milpsnap_grid4x4_high.json,607,16,24,7,31.3,0.0,0.044,OPTIMAL
grid_4x4,seed_milpsnap_grid4x4_high.json,608,16,24,10,31.3,0.0,0.049,OPTIMAL
grid_4x4,seed_milpsnap_grid4x4_high.json,609,16,24,15,25.0538,0.0,0.119,OPTIMAL
grid_4x4,seed_milpsnap_grid4x4_high.json,610,16,24,20,25.0538,0.0,0.151,OPTIMAL
grid_4x4,seed_milpsnap_grid4x4_high.json,611,16,24,22,25.0538,4.5610554282478685e-05,0.15,OPTIMAL
grid_4x4,seed_milpsnap_grid4x4_high.json,612,16,24,26,25.0538,0.0,0.178,OPTIMAL
grid_4x4,seed_milpsnap_grid4x4_high.json,613,16,24,31,25.0538,4.5610554282478685e-05,0.245,OPTIMAL
grid_4x4,seed_milpsnap_grid4x4_high.json,614,16,24,32,25.0538,0.0,0.265,OPTIMAL
grid_4x4,seed_milpsnap_grid4x4_high.json,615,16,24,39,25.0538,4.5610554282478685e-05,0.342,OPTIMAL
grid_4x4,seed_milpsnap_grid4x4_high.json,616,16,24,41,25.0538,0.0,0.351,OPTIMAL
grid_4x4,seed_milpsnap_grid4x4_high.json,617,16,24,45,25.0538,0.0,0.374,OPTIMAL
grid_4x4,seed_milpsnap_grid4x4_high.json,618,16,24,52,25.0538,0.0,0.499,OPTIMAL
grid_4x4,seed_milpsnap_grid4x4_high.json,619,16,24,56,25.0538,0.0,0.507,OPTIMAL
grid_4x4,seed_milpsnap_grid4x4_high.json,620,16,24,56,25.0538,0.0,0.481,OPTIMAL
grid_4x4,seed_milpsnap_grid4x4_high.json,621,16,24,57,25.0538,0.0,0.519,OPTIMAL
grid_4x4,seed_milpsnap_grid4x4_high.json,622,16,24,59,25.0538,0.0,0.569,OPTIMAL
grid_4x4,seed_milpsnap_grid4x4_high.json,623,16,24,58,25.0538,0.0,0.539,OPTIMAL
grid_4x4,seed_milpsnap_grid4x4_high.json,624,16,24,55,25.0538,0.0,0.568,OPTIMAL
grid_4x4,seed_milpsnap_grid4x4_high.json,625,16,24,52,25.0538,0.0,0.559,OPTIMAL
grid_4x4,seed_milpsnap_grid4x4_high.json,626,16,24,55,25.0538,0.0,0.474,OPTIMAL
grid_4x4,seed_milpsnap_grid4x4_high.json,627,16,24,51,25.0538,0.0,0.466,OPTIMAL
grid_4x4,seed_milpsnap_grid4x4_high.json,628,16,24,48,25.0538,0.0,0.422,OPTIMAL
grid_4x4,seed_milpsnap_grid4x4_high.json,629,16,24,55,25.0538,0.0,0.521,OPTIMAL
grid_4x4,seed_milpsnap_grid4x4_high.json,630,16,24,52,25.0538,0.0,0.479,OPTIMAL
grid_4x4,seed_milpsnap_grid4x4_high.json,631,16,24,55,25.0538,0.0,0.445,OPTIMAL
grid_4x4,seed_milpsnap_grid4x4_high.json,632,16,24,53,25.0538,0.0,0.406,OPTIMAL
grid_4x4,seed_milpsnap_grid4x4_high.json,633,16,24,47,25.0538,0.0,0.435,OPTIMAL
grid_4x4,seed_milpsnap_grid4x4_high.json,634,16,24,47,25.0538,0.0,0.425,OPTIMAL
grid_4x4,seed_milpsnap_grid4x4_high.json,635,16,24,51,25.0538,4.5610554282478685e-05,0.463,OPTIMAL
grid_4x4,seed_milpsnap_grid4x4_high.json,636,16,24,53,25.0538,0.0,0.461,OPTIMAL
grid_4x4,seed_milpsnap_grid4x4_high.json,637,16,24,54,25.0538,0.0,0.498,OPTIMAL
grid_4x4,seed_milpsnap_grid4x4_high.json,638,16,24,57,25.0538,0.0,0.518,OPTIMAL
grid_4x4,seed_milpsnap_grid4x4_high.json,639,16,24,61,25.0538,0.0,0.54,OPTIMAL
grid_4x4,seed_milpsnap_grid4x4_high.json,640,16,24,61,25.0538,0.0,0.591,OPTIMAL
grid_4x4,seed_milpsnap_grid4x4_high.json,641,16,24,59,25.0538,4.5610554282478685e-05,0.546,OPTIMAL
grid_4x4,seed_milpsnap_grid4x4_high.json,642,16,24,65,25.0538,0.0,0.596,OPTIMAL
grid_4x4,seed_milpsnap_grid4x4_high.json,643,16,24,64,25.0538,4.5610554282478685e-05,0.524,OPTIMAL
grid_4x4,seed_milpsnap_grid4x4_high.json,644,16,24,56,25.0538,0.0,0.49,OPTIMAL
grid_4x4,seed_milpsnap_grid4x4_high.json,645,16,24,54,25.0538,0.0,0.482,OPTIMAL
grid_4x4,seed_milpsnap_grid4x4_high.json,646,16,24,55,25.0538,0.0,0.499,OPTIMAL
grid_4x4,seed_milpsnap_grid4x4_high.json,647,16,24,57,25.0538,0.0,0.511,OPTIMAL
grid_4x4,seed_milpsnap_grid4x4_high.json,648,16,24,61,25.0538,0.0,0.59,OPTIMAL
grid_4x4,seed_milpsnap_grid4x4_high.json,649,16,24,63,25.0538,0.0,0.543,OPTIMAL
grid_4x4,seed_milpsnap_grid4x4_high.json,650,16,24,64,25.0538,0.0,0.582,OPTIMAL
grid_4x4,seed_milpsnap_grid4x4_high.json,651,16,24,61,25.0538,4.5610554282478685e-05,0.547,OPTIMAL
grid_4x4,seed_milpsnap_grid4x4_high.json,652,16,24,59,25.0538,0.0,0.526,OPTIMAL
grid_4x4,seed_milpsnap_grid4x4_high.json,653,16,24,59,25.0538,0.0,0.571,OPTIMAL
grid_4x4,seed_milpsnap_grid4x4_high.json,654,16,24,55,25.0538,4.5610554282478685e-05,0.467,OPTIMAL
grid_4x4,seed_milpsnap_grid4x4_high.json,655,16,24,56,25.0538,0.0,0.464,OPTIMAL
grid_4x4,seed_milpsnap_grid4x4_high.json,656,16,24,55,25.0538,0.0,0.506,OPTIMAL
grid_4x4,seed_milpsnap_grid4x4_high.json,657,16,24,51,25.0538,0.0,0.483,OPTIMAL
grid_4x4,seed_milpsnap_grid4x4_high.json,658,16,24,52,25.0538,0.0,0.472,OPTIMAL
grid_4x4,seed_milpsnap_grid4x4_high.json,659,16,24,57,25.0538,0.0,0.532,OPTIMAL
grid_4x4,seed_milpsnap_grid4x4_high.json,660,16,24,60,25.0538,0.0,0.544,OPTIMAL
grid_4x4,seed_milpsnap_grid4x4_high.json,661,16,24,59,25.0538,0.0,0.497,OPTIMAL
grid_4x4,seed_milpsnap_grid4x4_high.json,662,16,24,58,25.0538,0.0,0.531,OPTIMAL
grid_4x4,seed_milpsnap_grid4x4_high.json,663,16,24,60,25.0538,0.0,0.492,OPTIMAL
grid_4x4,seed_milpsnap_grid4x4_high.json,664,16,24,58,25.0538,0.0,0.53,OPTIMAL
grid_4x4,seed_milpsnap_grid4x4_high.json,665,16,24,58,25.0538,0.0,0.51,OPTIMAL
grid_4x4,seed_milpsnap_grid4x4_high.json,666,16,24,59,25.0538,0.0,0.524,OPTIMAL
grid_4x4,seed_milpsnap_grid4x4_high.json,667,16,24,58,25.0538,0.0,0.497,OPTIMAL
grid_4x4,seed_milpsnap_grid4x4_high.json,668,16,24,57,25.0538,0.0,0.521,OPTIMAL
grid_4x4,seed_milpsnap_grid4x4_high.json,669,16,24,60,25.0538,0.0,0.552,OPTIMAL
grid_4x4,seed_milpsnap_grid4x4_high.json,670,16,24,62,25.0538,0.0,0.621,OPTIMAL
grid_4x4,seed_milpsnap_grid4x4_high.json,671,16,24,65,25.0538,0.0,0.597,OPTIMAL
grid_4x4,seed_milpsnap_grid4x4_high.json,672,16,24,69,25.0538,4.5610554282478685e-05,0.643,OPTIMAL
grid_4x4,seed_milpsnap_grid4x4_high.json,673,16,24,69,25.0538,0.0,0.661,OPTIMAL
grid_4x4,seed_milpsnap_grid4x4_high.json,674,16,24,67,25.0538,0.0,0.604,OPTIMAL
grid_4x4,seed_milpsnap_grid4x4_high.json,675,16,24,68,25.0538,0.0,0.71,OPTIMAL
grid_4x4,seed_milpsnap_grid4x4_high.json,676,16,24,66,25.0538,0.0,0.592,OPTIMAL
grid_4x4,seed_milpsnap_grid4x4_high.json,677,16,24,65,25.0538,0.0,0.594,OPTIMAL
grid_4x4,seed_milpsnap_grid4x4_high.json,678,16,24,60,25.0538,0.0,0.565,OPTIMAL
grid_4x4,seed_milpsnap_grid4x4_high.json,679,16,24,62,25.0538,0.0,0.542,OPTIMAL
grid_4x4,seed_milpsnap_grid4x4_high.json,680,16,24,61,25.0538,4.5610554282478685e-05,0.557,OPTIMAL
grid_4x4,seed_milpsnap_grid4x4_high.json,681,16,24,58,25.0538,0.0,0.518,OPTIMAL
grid_4x4,seed_milpsnap_grid4x4_high.json,682,16,24,57,25.0538,0.0,0.461,OPTIMAL
grid_4x4,seed_milpsnap_grid4x4_high.json,683,16,24,58,25.0538,0.0,0.53,OPTIMAL
grid_4x4,seed_milpsnap_grid4x4_high.json,684,16,24,56,25.0538,0.0,0.482,OPTIMAL
grid_4x4,seed_milpsnap_grid4x4_high.json,685,16,24,56,25.0538,0.0,0.508,OPTIMAL
grid_4x4,seed_milpsnap_grid4x4_high.json,686,16,24,56,25.0538,0.0,0.517,OPTIMAL
grid_4x4,seed_milpsnap_grid4x4_high.json,687,16,24,51,25.0538,0.0,0.457,OPTIMAL
grid_4x4,seed_milpsnap_grid4x4_high.json,688,16,24,55,25.0538,4.5610554282478685e-05,0.462,OPTIMAL
grid_4x4,seed_milpsnap_grid4x4_high.json,689,16,24,54,25.0538,4.5610554282478685e-05,0.443,OPTIMAL
grid_4x4,seed_milpsnap_grid4x4_high.json,690,16,24,53,25.0538,0.0,0.48,OPTIMAL
grid_4x4,seed_milpsnap_grid4x4_high.json,691,16,24,59,25.0538,0.0,0.52,OPTIMAL
grid_4x4,seed_milpsnap_grid4x4_high.json,692,16,24,63,25.0538,0.0,0.575,OPTIMAL
grid_4x4,seed_milpsnap_grid4x4_high.json,693,16,24,66,25.0538,0.0,0.578,OPTIMAL
grid_4x4,seed_milpsnap_grid4x4_high.json,694,16,24,65,25.0538,0.0,0.555,OPTIMAL
grid_4x4,seed_milpsnap_grid4x4_high.json,695,16,24,63,25.0538,4.5610554282478685e-05,0.592,OPTIMAL
grid_4x4,seed_milpsnap_grid4x4_high.json,696,16,24,65,25.0538,0.0,0.629,OPTIMAL
grid_4x4,seed_milpsnap_grid4x4_high.json,697,16,24,67,25.0538,0.0,0.618,OPTIMAL
grid_4x4,seed_milpsnap_grid4x4_high.json,698,16,24,67,25.0538,0.0,0.587,OPTIMAL
grid_4x4,seed_milpsnap_grid4x4_high.json,699,16,24,68,25.0538,0.0,0.648,OPTIMAL
grid_4x4,seed_milpsnap_grid4x4_high.json,700,16,24,66,25.0538,0.0,0.583,OPTIMAL
grid_4x4,seed_milpsnap_grid4x4_high.json,701,16,24,63,25.0538,4.5610554282478685e-05,0.562,OPTIMAL
grid_4x4,seed_milpsnap_grid4x4_high.json,702,16,24,66,25.0538,0.0,0.653,OPTIMAL
grid_4x4,seed_milpsnap_grid4x4_high.json,703,16,24,63,25.0538,0.0,0.567,OPTIMAL
grid_4x4,seed_milpsnap_grid4x4_high.json,704,16,24,64,25.0538,0.0,0.58,OPTIMAL
grid_4x4,seed_milpsnap_grid4x4_high.json,705,16,24,61,25.0538,0.0,0.593,OPTIMAL
grid_4x4,seed_milpsnap_grid4x4_high.json,706,16,24,57,25.0538,0.0,0.526,OPTIMAL
grid_4x4,seed_milpsnap_grid4x4_high.json,707,16,24,56,25.0538,4.5610554282478685e-05,0.486,OPTIMAL
grid_4x4,seed_milpsnap_grid4x4_high.json,708,16,24,58,25.0538,4.5610554282478685e-05,0.492,OPTIMAL
grid_4x4,seed_milpsnap_grid4x4_high.json,709,16,24,59,25.0538,4.5610554282478685e-05,0.544,OPTIMAL
grid_4x4,seed_milpsnap_grid4x4_high.json,710,16,24,58,25.0538,4.5610554282478685e-05,0.51,OPTIMAL
grid_4x4,seed_milpsnap_grid4x4_high.json,711,16,24,59,25.0538,0.0,0.554,OPTIMAL
grid_4x4,seed_milpsnap_grid4x4_high.json,712,16,24,60,25.0538,0.0,0.58,OPTIMAL
grid_4x4,seed_milpsnap_grid4x4_high.json,713,16,24,61,25.0538,0.0,0.569,OPTIMAL
grid_4x4,seed_milpsnap_grid4x4_high.json,714,16,24,60,25.0538,0.0,0.523,OPTIMAL
grid_4x4,seed_milpsnap_grid4x4_high.json,715,16,24,62,25.0538,0.0,0.541,OPTIMAL
grid_4x4,seed_milpsnap_grid4x4_high.json,716,16,24,64,25.0538,0.0,0.557,OPTIMAL
grid_4x4,seed_milpsnap_grid4x4_high.json,717,16,24,65,25.0538,0.0,0.609,OPTIMAL
grid_4x4,seed_milpsnap_grid4x4_high.json,718,16,24,66,25.0538,4.5610554282478685e-05,0.616,OPTIMAL
grid_4x4,seed_milpsnap_grid4x4_high.json,719,16,24,65,25.0538,0.0,0.595,OPTIMAL
grid_4x4,seed_milpsnap_grid4x4_high.json,720,16,24,68,25.0538,4.5610554282478685e-05,0.663,OPTIMAL
grid_4x4,seed_milpsnap_grid4x4_high.json,721,16,24,73,25.0538,0.0,0.748,OPTIMAL
grid_4x4,seed_milpsnap_grid4x4_high.json,722,16,24,70,25.0538,0.0,0.685,OPTIMAL
grid_4x4,seed_milpsnap_grid4x4_high.json,723,16,24,66,25.0538,0.0,0.661,OPTIMAL
grid_4x4,seed_milpsnap_grid4x4_high.json,724,16,24,62,25.0538,0.0,0.575,OPTIMAL
grid_4x4,seed_milpsnap_grid4x4_high.json,725,16,24,64,25.0538,0.0,0.534,OPTIMAL
grid_4x4,seed_milpsnap_grid4x4_high.json,726,16,24,63,25.0538,0.0,0.589,OPTIMAL
grid_4x4,seed_milpsnap_grid4x4_high.json,727,16,24,61,25.0538,0.0,0.551,OPTIMAL
grid_4x4,seed_milpsnap_grid4x4_high.json,728,16,24,62,25.0538,0.0,0.573,OPTIMAL
grid_4x4,seed_milpsnap_grid4x4_high.json,729,16,24,64,25.0538,0.0,0.546,OPTIMAL
grid_4x4,seed_milpsnap_grid4x4_high.json,730,16,24,64,25.0538,0.0,0.56,OPTIMAL
grid_4x4,seed_milpsnap_grid4x4_high.json,731,16,24,63,25.0538,0.0,0.587,OPTIMAL
grid_4x4,seed_milpsnap_grid4x4_high.json,732,16,24,63,25.0538,0.0,0.551,OPTIMAL
grid_4x4,seed_milpsnap_grid4x4_high.json,733,16,24,61,25.0538,0.0,0.565,OPTIMAL
grid_4x4,seed_milpsnap_grid4x4_high.json,734,16,24,64,25.0538,0.0,0.658,OPTIMAL
grid_4x4,seed_milpsnap_grid4x4_high.json,735,16,24,65,25.0538,0.0,0.575,OPTIMAL
grid_4x4,seed_milpsnap_grid4x4_high.json,736,16,24,58,25.0538,4.5610554282478685e-05,0.527,OPTIMAL
grid_4x4,seed_milpsnap_grid4x4_high.json,737,16,24,63,25.0538,0.0,0.577,OPTIMAL
grid_4x4,seed_milpsnap_grid4x4_high.json,738,16,24,62,25.0538,0.0,0.587,OPTIMAL
grid_4x4,seed_milpsnap_grid4x4_high.json,739,16,24,64,25.0538,0.0,0.585,OPTIMAL
grid_4x4,seed_milpsnap_grid4x4_high.json,740,16,24,65,25.0538,0.0,0.535,OPTIMAL
grid_4x4,seed_milpsnap_grid4x4_high.json,741,16,24,66,25.0538,0.0,0.589,OPTIMAL
grid_4x4,seed_milpsnap_grid4x4_high.json,742,16,24,67,25.0538,0.0,0.569,OPTIMAL
grid_4x4,seed_milpsnap_grid4x4_high.json,743,16,24,64,25.0538,0.0,0.603,OPTIMAL
grid_4x4,seed_milpsnap_grid4x4_high.json,744,16,24,61,25.0538,0.0,0.559,OPTIMAL
grid_4x4,seed_milpsnap_grid4x4_high.json,745,16,24,58,25.0538,0.0,0.513,OPTIMAL
grid_4x4,seed_milpsnap_grid4x4_high.json,746,16,24,62,25.0538,0.0,0.572,OPTIMAL
grid_4x4,seed_milpsnap_grid4x4_high.json,747,16,24,58,25.0538,4.5610554282478685e-05,0.534,OPTIMAL
grid_4x4,seed_milpsnap_grid4x4_high.json,748,16,24,60,25.0538,0.0,0.569,OPTIMAL
grid_4x4,seed_milpsnap_grid4x4_high.json,749,16,24,59,25.0538,0.0,0.581,OPTIMAL
grid_4x4,seed_milpsnap_grid4x4_high.json,750,16,24,58,25.0538,0.0,0.465,OPTIMAL
grid_4x4,seed_milpsnap_grid4x4_high.json,751,16,24,57,25.0538,0.0,0.47,OPTIMAL
grid_4x4,seed_milpsnap_grid4x4_high.json,752,16,24,54,25.0538,0.0,0.493,OPTIMAL
grid_4x4,seed_milpsnap_grid4x4_high.json,753,16,24,56,25.0538,4.5610554282478685e-05,0.503,OPTIMAL
grid_4x4,seed_milpsnap_grid4x4_high.json,754,16,24,54,25.0538,0.0,0.502,OPTIMAL
grid_4x4,seed_milpsnap_grid4x4_high.json,755,16,24,51,25.0538,0.0,0.465,OPTIMAL
grid_4x4,seed_milpsnap_grid4x4_high.json,756,16,24,1,75.0231,0.0,0.01,OPTIMAL
grid_4x4,seed_milpsnap_grid4x4_high.json,757,16,24,7,31.3077,0.0,0.05,OPTIMAL
grid_4x4,seed_milpsnap_grid4x4_high.json,758,16,24,15,25.0538,0.0,0.111,OPTIMAL
grid_4x4,seed_milpsnap_grid4x4_high.json,759,16,24,21,25.0538,4.5610554282478685e-05,0.172,OPTIMAL
grid_4x4,seed_milpsnap_grid4x4_high.json,760,16,24,26,25.0538,0.0,0.195,OPTIMAL
grid_4x4,seed_milpsnap_grid4x4_high.json,761,16,24,28,25.0538,4.5610554282478685e-05,0.202,OPTIMAL
grid_4x4,seed_milpsnap_grid4x4_high.json,762,16,24,32,25.0538,4.5610554282478685e-05,0.24,OPTIMAL
grid_4x4,seed_milpsnap_grid4x4_high.json,763,16,24,34,25.0538,0.0,0.239,OPTIMAL
grid_4x4,seed_milpsnap_grid4x4_high.json,764,16,24,42,25.0538,0.0,0.352,OPTIMAL
grid_4x4,seed_milpsnap_grid4x4_high.json,765,16,24,43,25.0538,4.5610554282478685e-05,0.385,OPTIMAL
grid_4x4,seed_milpsnap_grid4x4_high.json,766,16,24,45,25.0538,0.0,0.376,OPTIMAL
grid_4x4,seed_milpsnap_grid4x4_high.json,767,16,24,47,25.0538,0.0,0.39,OPTIMAL
grid_4x4,seed_milpsnap_grid4x4_high.json,768,16,24,48,25.0538,0.0,0.428,OPTIMAL
grid_4x4,seed_milpsnap_grid4x4_high.json,769,16,24,53,25.0538,0.0,0.468,OPTIMAL
grid_4x4,seed_milpsnap_grid4x4_high.json,770,16,24,55,25.0538,0.0,0.473,OPTIMAL
grid_4x4,seed_milpsnap_grid4x4_high.json,771,16,24,58,25.0538,0.0,0.53,OPTIMAL
grid_4x4,seed_milpsnap_grid4x4_high.json,772,16,24,56,25.0538,4.5610554282478685e-05,0.495,OPTIMAL
grid_4x4,seed_milpsnap_grid4x4_high.json,773,16,24,52,25.0538,0.0,0.495,OPTIMAL
grid_4x4,seed_milpsnap_grid4x4_high.json,774,16,24,50,25.0538,0.0,0.431,OPTIMAL
grid_4x4,seed_milpsnap_grid4x4_high.json,775,16,24,48,25.0538,0.0,0.434,OPTIMAL
grid_4x4,seed_milpsnap_grid4x4_high.json,776,16,24,52,25.0538,0.0,0.45,OPTIMAL
grid_4x4,seed_milpsnap_grid4x4_high.json,777,16,24,50,25.0538,4.5610554282478685e-05,0.448,OPTIMAL
grid_4x4,seed_milpsnap_grid4x4_high.json,778,16,24,52,25.0538,0.0,0.478,OPTIMAL
grid_4x4,seed_milpsnap_grid4x4_high.json,779,16,24,47,25.0538,4.5610554282478685e-05,0.424,OPTIMAL
grid_4x4,seed_milpsnap_grid4x4_high.json,780,16,24,50,25.0538,0.0,0.443,OPTIMAL
grid_4x4,seed_milpsnap_grid4x4_high.json,781,16,24,52,25.0538,0.0,0.464,OPTIMAL
grid_4x4,seed_milpsnap_grid4x4_high.json,782,16,24,51,25.0538,0.0,0.46,OPTIMAL
grid_4x4,seed_milpsnap_grid4x4_high.json,783,16,24,53,25.0538,0.0,0.49,OPTIMAL
grid_4x4,seed_milpsnap_grid4x4_high.json,784,16,24,51,25.0538,0.0,0.779,OPTIMAL
grid_4x4,seed_milpsnap_grid4x4_high.json,785,16,24,56,25.0538,0.0,0.589,OPTIMAL
grid_4x4,seed_milpsnap_grid4x4_high.json,786,16,24,55,25.0538,0.0,0.493,OPTIMAL
grid_4x4,seed_milpsnap_grid4x4_high.json,787,16,24,54,25.0538,0.0,0.52,OPTIMAL
grid_4x4,seed_milpsnap_grid4x4_high.json,788,16,24,51,25.0538,0.0,0.475,OPTIMAL
grid_4x4,seed_milpsnap_grid4x4_high.json,789,16,24,53,25.0538,4.5610554282478685e-05,0.45,OPTIMAL
grid_4x4,seed_milpsnap_grid4x4_high.json,790,16,24,59,25.0538,0.0,0.561,OPTIMAL
grid_4x4,seed_milpsnap_grid4x4_high.json,791,16,24,56,25.0538,0.0,0.527,OPTIMAL
grid_4x4,seed_milpsnap_grid4x4_high.json,792,16,24,60,25.0538,0.0,0.592,OPTIMAL
grid_4x4,seed_milpsnap_grid4x4_high.json,793,16,24,60,25.0538,0.0,0.554,OPTIMAL
grid_4x4,seed_milpsnap_grid4x4_high.json,794,16,24,61,25.0538,0.0,0.563,OPTIMAL
grid_4x4,seed_milpsnap_grid4x4_high.json,795,16,24,61,25.0538,4.5610554282478685e-05,0.586,OPTIMAL
grid_4x4,seed_milpsnap_grid4x4_high.json,796,16,24,60,25.0538,0.0,0.561,OPTIMAL
grid_4x4,seed_milpsnap_grid4x4_high.json,797,16,24,64,25.0538,0.0,0.609,OPTIMAL
grid_4x4,seed_milpsnap_grid4x4_high.json,798,16,24,65,25.0538,0.0,0.596,OPTIMAL
grid_4x4,seed_milpsnap_grid4x4_high.json,799,16,24,67,25.0538,4.5610554282478685e-05,0.631,OPTIMAL
grid_4x4,seed_milpsnap_grid4x4_high.json,800,16,24,60,25.0538,0.0,0.539,OPTIMAL
grid_4x4,seed_milpsnap_grid4x4_high.json,801,16,24,62,25.0538,0.0,0.585,OPTIMAL
grid_4x4,seed_milpsnap_grid4x4_high.json,802,16,24,63,25.0538,0.0,0.658,OPTIMAL
grid_4x4,seed_milpsnap_grid4x4_high.json,803,16,24,69,25.0538,4.5610554282478685e-05,0.696,OPTIMAL
grid_4x4,seed_milpsnap_grid4x4_high.json,804,16,24,69,25.0538,0.0,0.706,OPTIMAL
grid_4x4,seed_milpsnap_grid4x4_high.json,805,16,24,65,25.0538,4.5610554282478685e-05,0.603,OPTIMAL
grid_4x4,seed_milpsnap_grid4x4_high.json,806,16,24,66,25.0538,0.0,0.638,OPTIMAL
grid_4x4,seed_milpsnap_grid4x4_high.json,807,16,24,62,25.0538,0.0,0.595,OPTIMAL
grid_4x4,seed_milpsnap_grid4x4_high.json,808,16,24,62,25.0538,0.0,0.529,OPTIMAL
grid_4x4,seed_milpsnap_grid4x4_high.json,809,16,24,63,25.0538,0.0,0.56,OPTIMAL
grid_4x4,seed_milpsnap_grid4x4_high.json,810,16,24,62,25.0538,4.5610554282478685e-05,0.599,OPTIMAL
grid_4x4,seed_milpsnap_grid4x4_high.json,811,16,24,61,25.0538,0.0,0.562,OPTIMAL
grid_4x4,seed_milpsnap_grid4x4_high.json,812,16,24,61,25.0538,0.0,0.565,OPTIMAL
grid_4x4,seed_milpsnap_grid4x4_high.json,813,16,24,60,25.0538,0.0,0.538,OPTIMAL
grid_4x4,seed_milpsnap_grid4x4_high.json,814,16,24,63,25.0538,0.0,0.559,OPTIMAL
grid_4x4,seed_milpsnap_grid4x4_high.json,815,16,24,70,25.0538,0.0,0.743,OPTIMAL
grid_4x4,seed_milpsnap_grid4x4_high.json,816,16,24,71,25.0538,0.0,0.744,OPTIMAL
grid_4x4,seed_milpsnap_grid4x4_high.json,817,16,24,69,25.0538,0.0,0.732,OPTIMAL
grid_4x4,seed_milpsnap_grid4x4_high.json,818,16,24,67,25.0538,0.0,0.631,OPTIMAL
grid_4x4,seed_milpsnap_grid4x4_high.json,819,16,24,66,25.0538,0.0,0.617,OPTIMAL
grid_4x4,seed_milpsnap_grid4x4_high.json,820,16,24,67,25.0538,0.0,0.642,OPTIMAL
grid_4x4,seed_milpsnap_grid4x4_high.json,821,16,24,66,25.0538,0.0,0.612,OPTIMAL
grid_4x4,seed_milpsnap_grid4x4_high.json,822,16,24,72,25.0538,0.0,0.781,OPTIMAL
grid_4x4,seed_milpsnap_grid4x4_high.json,823,16,24,73,25.0538,0.0,0.71,OPTIMAL
grid_4x4,seed_milpsnap_grid4x4_high.json,824,16,24,76,25.0538,0.0,0.929,OPTIMAL
grid_4x4,seed_milpsnap_grid4x4_high.json,825,16,24,78,25.0538,0.0,0.908,OPTIMAL
grid_4x4,seed_milpsnap_grid4x4_high.json,826,16,24,80,25.0538,4.5610554282478685e-05,0.862,OPTIMAL
grid_4x4,seed_milpsnap_grid4x4_high.json,827,16,24,80,25.0538,0.0,0.985,OPTIMAL
grid_4x4,seed_milpsnap_grid4x4_high.json,828,16,24,82,25.0538,0.0,0.997,OPTIMAL
grid_4x4,seed_milpsnap_grid4x4_high.json,829,16,24,74,25.0538,4.5610554282478685e-05,0.719,OPTIMAL
grid_4x4,seed_milpsnap_grid4x4_high.json,830,16,24,71,25.0538,0.0,0.737,OPTIMAL
grid_4x4,seed_milpsnap_grid4x4_high.json,831,16,24,72,25.0538,0.0,0.763,OPTIMAL
grid_4x4,seed_milpsnap_grid4x4_high.json,832,16,24,73,25.0538,0.0,0.725,OPTIMAL
grid_4x4,seed_milpsnap_grid4x4_high.json,833,16,24,74,25.0538,0.0,0.781,OPTIMAL
grid_4x4,seed_milpsnap_grid4x4_high.json,834,16,24,72,25.0538,4.5610554282478685e-05,0.73,OPTIMAL
grid_4x4,seed_milpsnap_grid4x4_high.json,835,16,24,68,25.0538,0.0,0.735,OPTIMAL
grid_4x4,seed_milpsnap_grid4x4_high.json,836,16,24,68,25.0538,4.5610554282478685e-05,0.677,OPTIMAL
grid_4x4,seed_milpsnap_grid4x4_high.json,837,16,24,70,25.0538,0.0,0.717,OPTIMAL
grid_4x4,seed_milpsnap_grid4x4_high.json,838,16,24,67,25.0538,4.5610554282478685e-05,0.657,OPTIMAL
grid_4x4,seed_milpsnap_grid4x4_high.json,839,16,24,60,25.0538,0.0,0.595,OPTIMAL
grid_4x4,seed_milpsnap_grid4x4_high.json,840,16,24,56,25.0538,0.0,0.526,OPTIMAL
grid_4x4,seed_milpsnap_grid4x4_high.json,841,16,24,55,25.0538,0.0,0.502,OPTIMAL
grid_4x4,seed_milpsnap_grid4x4_high.json,842,16,24,53,25.0538,0.0,0.57,OPTIMAL
grid_4x4,seed_milpsnap_grid4x4_high.json,843,16,24,53,25.0538,0.0,0.468,OPTIMAL
grid_4x4,seed_milpsnap_grid4x4_high.json,844,16,24,57,25.0538,4.5610554282478685e-05,0.51,OPTIMAL
grid_4x4,seed_milpsnap_grid4x4_high.json,845,16,24,58,25.0538,0.0,0.578,OPTIMAL
grid_4x4,seed_milpsnap_grid4x4_high.json,846,16,24,56,25.0538,0.0,0.466,OPTIMAL
grid_4x4,seed_milpsnap_grid4x4_high.json,847,16,24,59,25.0538,0.0,0.558,OPTIMAL
grid_4x4,seed_milpsnap_grid4x4_high.json,848,16,24,56,25.0538,0.0,0.487,OPTIMAL
grid_4x4,seed_milpsnap_grid4x4_high.json,849,16,24,56,25.0538,0.0,0.465,OPTIMAL
grid_4x4,seed_milpsnap_grid4x4_high.json,850,16,24,58,25.0538,0.0,0.529,OPTIMAL
grid_4x4,seed_milpsnap_grid4x4_high.json,851,16,24,59,25.0538,0.0,0.557,OPTIMAL
grid_4x4,seed_milpsnap_grid4x4_high.json,852,16,24,50,25.0538,0.0,0.442,OPTIMAL
grid_4x4,seed_milpsnap_grid4x4_high.json,853,16,24,52,25.0538,0.0,0.48,OPTIMAL
grid_4x4,seed_milpsnap_grid4x4_high.json,854,16,24,58,25.0538,4.5610554282478685e-05,0.522,OPTIMAL
grid_4x4,seed_milpsnap_grid4x4_high.json,855,16,24,66,25.0538,0.0,0.595,OPTIMAL
grid_4x4,seed_milpsnap_grid4x4_high.json,856,16,24,69,25.0538,0.0,0.755,OPTIMAL
grid_4x4,seed_milpsnap_grid4x4_high.json,857,16,24,67,25.0538,0.0,0.605,OPTIMAL
grid_4x4,seed_milpsnap_grid4x4_high.json,858,16,24,67,25.0538,0.0,0.64,OPTIMAL
grid_4x4,seed_milpsnap_grid4x4_high.json,859,16,24,65,25.0538,0.0,0.554,OPTIMAL
grid_4x4,seed_milpsnap_grid4x4_high.json,860,16,24,62,25.0538,0.0,0.535,OPTIMAL
grid_4x4,seed_milpsnap_grid4x4_high.json,861,16,24,61,25.0538,0.0,0.564,OPTIMAL
grid_4x4,seed_milpsnap_grid4x4_high.json,862,16,24,56,25.0538,0.0,0.514,OPTIMAL
grid_4x4,seed_milpsnap_grid4x4_high.json,863,16,24,55,25.0538,4.5610554282478685e-05,0.517,OPTIMAL
grid_4x4,seed_milpsnap_grid4x4_high.json,864,16,24,54,25.0538,0.0,0.472,OPTIMAL
grid_4x4,seed_milpsnap_grid4x4_high.json,865,16,24,50,25.0538,0.0,0.507,OPTIMAL
grid_4x4,seed_milpsnap_grid4x4_high.json,866,16,24,50,25.0538,0.0,0.75,OPTIMAL
grid_4x4,seed_milpsnap_grid4x4_high.json,867,16,24,52,25.0538,4.5610554282478685e-05,0.584,OPTIMAL
grid_4x4,seed_milpsnap_grid4x4_high.json,868,16,24,51,25.0538,0.0,0.5,OPTIMAL
grid_4x4,seed_milpsnap_grid4x4_high.json,869,16,24,49,25.0538,4.5610554282478685e-05,0.446,OPTIMAL
grid_4x4,seed_milpsnap_grid4x4_high.json,870,16,24,43,25.0538,0.0,0.393,OPTIMAL
grid_4x4,seed_milpsnap_grid4x4_high.json,871,16,24,45,25.0538,0.0,0.396,OPTIMAL
grid_4x4,seed_milpsnap_grid4x4_high.json,872,16,24,48,25.0538,0.0,0.401,OPTIMAL
grid_4x4,seed_milpsnap_grid4x4_high.json,873,16,24,49,25.0538,4.5610554282478685e-05,0.415,OPTIMAL
grid_4x4,seed_milpsnap_grid4x4_high.json,874,16,24,48,25.0538,0.0,0.457,OPTIMAL
grid_4x4,seed_milpsnap_grid4x4_high.json,875,16,24,54,25.0538,0.0,0.516,OPTIMAL
grid_4x4,seed_milpsnap_grid4x4_high.json,876,16,24,55,25.0538,0.0,0.494,OPTIMAL
grid_4x4,seed_milpsnap_grid4x4_high.json,877,16,24,60,25.0538,4.5610554282478685e-05,0.551,OPTIMAL
grid_4x4,seed_milpsnap_grid4x4_high.json,878,16,24,62,25.0538,0.0,0.525,OPTIMAL
grid_4x4,seed_milpsnap_grid4x4_high.json,879,16,24,63,25.0538,0.0,0.575,OPTIMAL
grid_4x4,seed_milpsnap_grid4x4_high.json,880,16,24,68,25.0538,0.0,0.739,OPTIMAL
grid_4x4,seed_milpsnap_grid4x4_high.json,881,16,24,68,25.0538,0.0,0.709,OPTIMAL
grid_4x4,seed_milpsnap_grid4x4_high.json,882,16,24,70,25.0538,0.0,0.663,OPTIMAL
grid_4x4,seed_milpsnap_grid4x4_high.json,883,16,24,70,25.0538,0.0,0.74,OPTIMAL
grid_4x4,seed_milpsnap_grid4x4_high.json,884,16,24,67,25.0538,0.0,0.654,OPTIMAL
grid_4x4,seed_milpsnap_grid4x4_high.json,885,16,24,68,25.0538,0.0,0.929,OPTIMAL
grid_4x4,seed_milpsnap_grid4x4_high.json,886,16,24,68,25.0538,0.0,0.972,OPTIMAL
grid_4x4,seed_milpsnap_grid4x4_high.json,887,16,24,67,25.0538,0.0,0.933,OPTIMAL
grid_4x4,seed_milpsnap_grid4x4_high.json,888,16,24,65,25.0538,0.0,0.591,OPTIMAL
grid_4x4,seed_milpsnap_grid4x4_high.json,889,16,24,64,25.0538,0.0,0.716,OPTIMAL
grid_4x4,seed_milpsnap_grid4x4_high.json,890,16,24,59,25.0538,0.0,0.558,OPTIMAL
grid_4x4,seed_milpsnap_grid4x4_high.json,891,16,24,59,25.0538,4.5610554282478685e-05,0.54,OPTIMAL
grid_4x4,seed_milpsnap_grid4x4_high.json,892,16,24,60,25.0538,4.5610554282478685e-05,0.533,OPTIMAL
grid_4x4,seed_milpsnap_grid4x4_high.json,893,16,24,58,25.0538,4.5610554282478685e-05,0.534,OPTIMAL
grid_4x4,seed_milpsnap_grid4x4_high.json,894,16,24,60,25.0538,0.0,0.579,OPTIMAL
grid_4x4,seed_milpsnap_grid4x4_high.json,895,16,24,63,25.0538,0.0,0.632,OPTIMAL
grid_4x4,seed_milpsnap_grid4x4_high.json,896,16,24,61,25.0538,0.0,0.754,OPTIMAL
grid_4x4,seed_milpsnap_grid4x4_high.json,897,16,24,61,25.0538,0.0,0.774,OPTIMAL
grid_4x4,seed_milpsnap_grid4x4_high.json,898,16,24,63,25.0538,0.0,0.802,OPTIMAL
grid_4x4,seed_milpsnap_grid4x4_high.json,899,16,24,66,25.0538,0.0,0.717,OPTIMAL
grid_4x4,seed_milpsnap_grid4x4_high.json,900,16,24,65,25.0538,4.561055428221943e-05,0.631,OPTIMAL
grid_4x4,seed_milpsnap_grid4x4_high.json,901,16,24,62,25.0538,0.0,0.763,OPTIMAL
grid_4x4,seed_milpsnap_grid4x4_high.json,902,16,24,65,25.0538,0.0,0.754,OPTIMAL
grid_4x4,seed_milpsnap_grid4x4_high.json,903,16,24,65,25.0538,0.0,0.757,OPTIMAL
grid_4x4,seed_milpsnap_grid4x4_high.json,904,16,24,70,25.0538,4.5610554282478685e-05,0.922,OPTIMAL
grid_4x4,seed_milpsnap_grid4x4_high.json,905,16,24,69,25.0538,0.0,0.758,OPTIMAL
grid_4x4,seed_milpsnap_grid4x4_high.json,906,16,24,66,25.0538,4.5610554282478685e-05,0.614,OPTIMAL
grid_4x4,seed_milpsnap_grid4x4_high.json,907,16,24,1,81.2692,0.0,0.033,OPTIMAL
grid_4x4,seed_milpsnap_grid4x4_high.json,908,16,24,6,43.7923,0.0,0.032,OPTIMAL
grid_4x4,seed_milpsnap_grid4x4_high.json,909,16,24,11,37.5461,0.0,0.089,OPTIMAL
grid_4x4,seed_milpsnap_grid4x4_high.json,910,16,24,16,37.5461,0.0,0.081,OPTIMAL
grid_4x4,seed_milpsnap_grid4x4_high.json,911,16,24,21,31.3,0.0,0.104,OPTIMAL
grid_4x4,seed_milpsnap_grid4x4_high.json,912,16,24,28,31.3,0.0,0.2,OPTIMAL
grid_4x4,seed_milpsnap_grid4x4_high.json,913,16,24,30,25.0538,0.0,0.221,OPTIMAL
grid_4x4,seed_milpsnap_grid4x4_high.json,914,16,24,37,25.0538,0.0,0.29,OPTIMAL
grid_4x4,seed_milpsnap_grid4x4_high.json,915,16,24,42,25.0538,4.5610554282478685e-05,0.373,OPTIMAL
grid_4x4,seed_milpsnap_grid4x4_high.json,916,16,24,43,25.0538,4.5610554282478685e-05,0.403,OPTIMAL
grid_4x4,seed_milpsnap_grid4x4_high.json,917,16,24,47,25.0538,0.0,0.447,OPTIMAL
grid_4x4,seed_milpsnap_grid4x4_high.json,918,16,24,53,25.0538,0.0,0.517,OPTIMAL
grid_4x4,seed_milpsnap_grid4x4_high.json,919,16,24,58,25.0538,0.0,0.551,OPTIMAL
grid_4x4,seed_milpsnap_grid4x4_high.json,920,16,24,63,25.0538,0.0,0.57,OPTIMAL
grid_4x4,seed_milpsnap_grid4x4_high.json,921,16,24,68,25.0538,0.0,0.735,OPTIMAL
grid_4x4,seed_milpsnap_grid4x4_high.json,922,16,24,73,25.0538,0.0,0.904,OPTIMAL
grid_4x4,seed_milpsnap_grid4x4_high.json,923,16,24,71,25.0538,4.5610554282478685e-05,0.909,OPTIMAL
grid_4x4,seed_milpsnap_grid4x4_high.json,924,16,24,72,25.0538,0.0,0.936,OPTIMAL
grid_4x4,seed_milpsnap_grid4x4_high.json,925,16,24,72,25.0538,0.0,0.797,OPTIMAL
grid_4x4,seed_milpsnap_grid4x4_high.json,926,16,24,73,25.0538,0.0,0.904,OPTIMAL
grid_4x4,seed_milpsnap_grid4x4_high.json,927,16,24,70,25.0538,0.0,0.835,OPTIMAL
grid_4x4,seed_milpsnap_grid4x4_high.json,928,16,24,71,25.0538,0.0,0.801,OPTIMAL
grid_4x4,seed_milpsnap_grid4x4_high.json,929,16,24,76,25.0538,0.0,0.996,OPTIMAL
grid_4x4,seed_milpsnap_grid4x4_high.json,930,16,24,74,25.0538,0.0,0.817,OPTIMAL
grid_4x4,seed_milpsnap_grid4x4_high.json,931,16,24,75,25.0538,0.0,0.967,OPTIMAL
grid_4x4,seed_milpsnap_grid4x4_high.json,932,16,24,79,25.0538,0.0,1.064,OPTIMAL
grid_4x4,seed_milpsnap_grid4x4_high.json,933,16,24,77,25.0538,0.0,0.97,OPTIMAL
grid_4x4,seed_milpsnap_grid4x4_high.json,934,16,24,78,25.0538,0.0,1.107,OPTIMAL
grid_4x4,seed_milpsnap_grid4x4_high.json,935,16,24,78,25.0538,0.0,1.027,OPTIMAL
grid_4x4,seed_milpsnap_grid4x4_high.json,936,16,24,73,25.0538,0.0,0.898,OPTIMAL
grid_4x4,seed_milpsnap_grid4x4_high.json,937,16,24,73,25.0538,0.0,0.757,OPTIMAL
grid_4x4,seed_milpsnap_grid4x4_high.json,938,16,24,72,25.0538,4.5610554282478685e-05,0.866,OPTIMAL
grid_4x4,seed_milpsnap_grid4x4_high.json,939,16,24,72,25.0538,0.0,0.756,OPTIMAL
grid_4x4,seed_milpsnap_grid4x4_high.json,940,16,24,71,25.0538,0.0,0.962,OPTIMAL
grid_4x4,seed_milpsnap_grid4x4_high.json,941,16,24,72,25.0538,0.0,0.895,OPTIMAL
grid_4x4,seed_milpsnap_grid4x4_high.json,942,16,24,74,25.0538,0.0,0.817,OPTIMAL
grid_4x4,seed_milpsnap_grid4x4_high.json,943,16,24,74,25.0538,0.0,0.985,OPTIMAL
grid_4x4,seed_milpsnap_grid4x4_high.json,944,16,24,68,25.0538,0.0,0.835,OPTIMAL
grid_4x4,seed_milpsnap_grid4x4_high.json,945,16,24,69,25.0538,0.0,0.728,OPTIMAL
grid_4x4,seed_milpsnap_grid4x4_high.json,946,16,24,74,25.0538,0.0,0.76,OPTIMAL
grid_4x4,seed_milpsnap_grid4x4_high.json,947,16,24,71,25.0538,0.0,0.785,OPTIMAL
grid_4x4,seed_milpsnap_grid4x4_high.json,948,16,24,69,25.0538,0.0,0.667,OPTIMAL
grid_4x4,seed_milpsnap_grid4x4_high.json,949,16,24,65,25.0538,4.5610554282478685e-05,0.557,OPTIMAL
grid_4x4,seed_milpsnap_grid4x4_high.json,950,16,24,66,25.0538,0.0,0.591,OPTIMAL
grid_4x4,seed_milpsnap_grid4x4_high.json,951,16,24,69,25.0538,0.0,0.711,OPTIMAL
grid_4x4,seed_milpsnap_grid4x4_high.json,952,16,24,72,25.0538,4.5610554282478685e-05,0.702,OPTIMAL
grid_4x4,seed_milpsnap_grid4x4_high.json,953,16,24,74,25.0538,0.0,0.759,OPTIMAL
grid_4x4,seed_milpsnap_grid4x4_high.json,954,16,24,72,25.0538,0.0,0.755,OPTIMAL
grid_4x4,seed_milpsnap_grid4x4_high.json,955,16,24,68,25.0538,0.0,0.689,OPTIMAL
grid_4x4,seed_milpsnap_grid4x4_high.json,956,16,24,66,25.0538,4.5610554282478685e-05,0.6,OPTIMAL
grid_4x4,seed_milpsnap_grid4x4_high.json,957,16,24,66,25.0538,0.0,0.598,OPTIMAL
grid_4x4,seed_milpsnap_grid4x4_high.json,958,16,24,68,25.0538,0.0,0.679,OPTIMAL
grid_4x4,seed_milpsnap_grid4x4_high.json,959,16,24,65,25.0538,0.0,0.608,OPTIMAL
grid_4x4,seed_milpsnap_grid4x4_high.json,960,16,24,67,25.0538,0.0,0.616,OPTIMAL
grid_4x4,seed_milpsnap_grid4x4_high.json,961,16,24,60,25.0538,0.0,0.517,OPTIMAL
grid_4x4,seed_milpsnap_grid4x4_high.json,962,16,24,59,25.0538,0.0,0.523,OPTIMAL
grid_4x4,seed_milpsnap_grid4x4_high.json,963,16,24,59,25.0538,0.0,0.542,OPTIMAL
grid_4x4,seed_milpsnap_grid4x4_high.json,964,16,24,61,25.0538,0.0,0.569,OPTIMAL
grid_4x4,seed_milpsnap_grid4x4_high.json,965,16,24,59,25.0538,0.0,0.557,OPTIMAL
grid_4x4,seed_milpsnap_grid4x4_high.json,966,16,24,59,25.0538,0.0,0.482,OPTIMAL
grid_4x4,seed_milpsnap_grid4x4_high.json,967,16,24,53,25.0538,0.0,0.449,OPTIMAL
grid_4x4,seed_milpsnap_grid4x4_high.json,968,16,24,52,25.0538,0.0,0.482,OPTIMAL
grid_4x4,seed_milpsnap_grid4x4_high.json,969,16,24,53,25.0538,0.0,0.506,OPTIMAL
grid_4x4,seed_milpsnap_grid4x4_high.json,970,16,24,60,25.0538,4.5610554282478685e-05,0.554,OPTIMAL
grid_4x4,seed_milpsnap_grid4x4_high.json,971,16,24,57,25.0538,0.0,0.534,OPTIMAL
grid_4x4,seed_milpsnap_grid4x4_high.json,972,16,24,54,25.0538,0.0,0.475,OPTIMAL
grid_4x4,seed_milpsnap_grid4x4_high.json,973,16,24,51,25.0538,0.0,0.428,OPTIMAL
grid_4x4,seed_milpsnap_grid4x4_high.json,974,16,24,49,25.0538,0.0,0.412,OPTIMAL
grid_4x4,seed_milpsnap_grid4x4_high.json,975,16,24,45,25.0538,0.0,0.409,OPTIMAL
grid_4x4,seed_milpsnap_grid4x4_high.json,976,16,24,49,25.0538,4.5610554282478685e-05,0.426,OPTIMAL
grid_4x4,seed_milpsnap_grid4x4_high.json,977,16,24,49,25.0538,0.0,0.459,OPTIMAL
grid_4x4,seed_milpsnap_grid4x4_high.json,978,16,24,48,25.0538,0.0,0.437,OPTIMAL
grid_4x4,seed_milpsnap_grid4x4_high.json,979,16,24,45,25.0538,4.5610554282478685e-05,0.348,OPTIMAL
grid_4x4,seed_milpsnap_grid4x4_high.json,980,16,24,46,25.0538,0.0,0.371,OPTIMAL
grid_4x4,seed_milpsnap_grid4x4_high.json,981,16,24,44,25.0538,0.0,0.378,OPTIMAL
grid_4x4,seed_milpsnap_grid4x4_high.json,982,16,24,43,25.0538,0.0,0.346,OPTIMAL
grid_4x4,seed_milpsnap_grid4x4_high.json,983,16,24,42,25.0538,0.0,0.361,OPTIMAL
grid_4x4,seed_milpsnap_grid4x4_high.json,984,16,24,39,25.0538,0.0,0.332,OPTIMAL
grid_4x4,seed_milpsnap_grid4x4_high.json,985,16,24,38,25.0538,0.0,0.297,OPTIMAL
grid_4x4,seed_milpsnap_grid4x4_high.json,986,16,24,38,25.0538,0.0,0.342,OPTIMAL
grid_4x4,seed_milpsnap_grid4x4_high.json,987,16,24,40,25.0538,0.0,0.312,OPTIMAL
grid_4x4,seed_milpsnap_grid4x4_high.json,988,16,24,42,25.0538,4.5610554282478685e-05,0.358,OPTIMAL
grid_4x4,seed_milpsnap_grid4x4_high.json,989,16,24,45,25.0538,0.0,0.381,OPTIMAL
grid_4x4,seed_milpsnap_grid4x4_high.json,990,16,24,46,25.0538,0.0,0.368,OPTIMAL
grid_4x4,seed_milpsnap_grid4x4_high.json,991,16,24,45,25.0538,0.0,0.414,OPTIMAL
grid_4x4,seed_milpsnap_grid4x4_high.json,992,16,24,46,25.0538,0.0,0.416,OPTIMAL
grid_4x4,seed_milpsnap_grid4x4_high.json,993,16,24,46,25.0538,0.0,0.397,OPTIMAL
grid_4x4,seed_milpsnap_grid4x4_high.json,994,16,24,48,25.0538,0.0,0.432,OPTIMAL
grid_4x4,seed_milpsnap_grid4x4_high.json,995,16,24,49,25.0538,0.0,0.447,OPTIMAL
grid_4x4,seed_milpsnap_grid4x4_high.json,996,16,24,51,25.0538,0.0,0.394,OPTIMAL
grid_4x4,seed_milpsnap_grid4x4_high.json,997,16,24,53,25.0538,0.0,0.461,OPTIMAL
grid_4x4,seed_milpsnap_grid4x4_high.json,998,16,24,58,25.0538,4.5610554282478685e-05,0.528,OPTIMAL
grid_4x4,seed_milpsnap_grid4x4_high.json,999,16,24,60,25.0538,0.0,0.57,OPTIMAL
grid_4x4,seed_milpsnap_grid4x4_high.json,1000,16,24,56,25.0538,0.0,0.448,OPTIMAL
grid_4x4,seed_milpsnap_grid4x4_high.json,1001,16,24,56,25.0538,0.0,0.499,OPTIMAL
grid_4x4,seed_milpsnap_grid4x4_high.json,1002,16,24,54,25.0538,4.5610554282478685e-05,0.48,OPTIMAL
grid_4x4,seed_milpsnap_grid4x4_high.json,1003,16,24,55,25.0538,0.0,0.446,OPTIMAL
grid_4x4,seed_milpsnap_grid4x4_high.json,1004,16,24,54,25.0538,0.0,0.485,OPTIMAL
grid_4x4,seed_milpsnap_grid4x4_high.json,1005,16,24,58,25.0538,0.0,0.532,OPTIMAL
grid_4x4,seed_milpsnap_grid4x4_high.json,1006,16,24,59,25.0538,0.0,0.52,OPTIMAL
grid_4x4,seed_milpsnap_grid4x4_high.json,1007,16,24,57,25.0538,0.0,0.454,OPTIMAL
grid_4x4,seed_milpsnap_grid4x4_high.json,1008,16,24,62,25.0538,0.0,0.533,OPTIMAL
grid_4x4,seed_milpsnap_grid4x4_high.json,1009,16,24,67,25.0538,0.0,0.651,OPTIMAL
grid_4x4,seed_milpsnap_grid4x4_high.json,1010,16,24,65,25.0538,4.5610554282478685e-05,0.615,OPTIMAL
grid_4x4,seed_milpsnap_grid4x4_high.json,1011,16,24,64,25.0538,4.5610554282478685e-05,0.589,OPTIMAL
grid_4x4,seed_milpsnap_grid4x4_high.json,1012,16,24,68,25.0538,0.0,0.684,OPTIMAL
grid_4x4,seed_milpsnap_grid4x4_high.json,1013,16,24,65,25.0538,0.0,0.547,OPTIMAL
grid_4x4,seed_milpsnap_grid4x4_high.json,1014,16,24,66,25.0538,0.0,0.574,OPTIMAL
grid_4x4,seed_milpsnap_grid4x4_high.json,1015,16,24,69,25.0538,0.0,0.761,OPTIMAL
grid_4x4,seed_milpsnap_grid4x4_high.json,1016,16,24,70,25.0538,0.0,0.71,OPTIMAL
grid_4x4,seed_milpsnap_grid4x4_high.json,1017,16,24,70,25.0538,0.0,0.757,OPTIMAL
grid_4x4,seed_milpsnap_grid4x4_high.json,1018,16,24,66,25.0538,0.0,0.554,OPTIMAL
grid_4x4,seed_milpsnap_grid4x4_high.json,1019,16,24,63,25.0538,0.0,0.606,OPTIMAL
grid_4x4,seed_milpsnap_grid4x4_high.json,1020,16,24,60,25.0538,0.0,0.536,OPTIMAL
grid_4x4,seed_milpsnap_grid4x4_high.json,1021,16,24,59,25.0538,0.0,0.545,OPTIMAL
grid_4x4,seed_milpsnap_grid4x4_high.json,1022,16,24,60,25.0538,0.0,0.523,OPTIMAL
grid_4x4,seed_milpsnap_grid4x4_high.json,1023,16,24,56,25.0538,0.0,0.465,OPTIMAL
grid_4x4,seed_milpsnap_grid4x4_high.json,1024,16,24,52,25.0538,0.0,0.496,OPTIMAL
grid_4x4,seed_milpsnap_grid4x4_high.json,1025,16,24,55,25.0538,0.0,0.509,OPTIMAL
grid_4x4,seed_milpsnap_grid4x4_high.json,1026,16,24,56,25.0538,0.0,0.439,OPTIMAL
grid_4x4,seed_milpsnap_grid4x4_high.json,1027,16,24,51,25.0538,0.0,0.604,OPTIMAL
grid_4x4,seed_milpsnap_grid4x4_high.json,1028,16,24,49,25.0538,0.0,0.466,OPTIMAL
grid_4x4,seed_milpsnap_grid4x4_high.json,1029,16,24,48,25.0538,4.5610554282478685e-05,0.398,OPTIMAL
grid_4x4,seed_milpsnap_grid4x4_high.json,1030,16,24,46,25.0538,4.5610554282478685e-05,0.401,OPTIMAL
grid_4x4,seed_milpsnap_grid4x4_high.json,1031,16,24,45,25.0538,0.0,0.421,OPTIMAL
grid_4x4,seed_milpsnap_grid4x4_high.json,1032,16,24,45,25.0538,4.5610554282478685e-05,0.403,OPTIMAL
grid_4x4,seed_milpsnap_grid4x4_high.json,1033,16,24,49,25.0538,4.5610554282478685e-05,0.428,OPTIMAL
grid_4x4,seed_milpsnap_grid4x4_high.json,1034,16,24,55,25.0538,0.0,0.491,OPTIMAL
grid_4x4,seed_milpsnap_grid4x4_high.json,1035,16,24,58,25.0538,0.0,0.538,OPTIMAL
grid_4x4,seed_milpsnap_grid4x4_high.json,1036,16,24,57,25.0538,4.5610554282478685e-05,0.483,OPTIMAL
grid_4x4,seed_milpsnap_grid4x4_high.json,1037,16,24,57,25.0538,0.0,0.526,OPTIMAL
grid_4x4,seed_milpsnap_grid4x4_high.json,1038,16,24,60,25.0538,0.0,0.566,OPTIMAL
grid_4x4,seed_milpsnap_grid4x4_high.json,1039,16,24,60,25.0538,0.0,0.569,OPTIMAL
grid_4x4,seed_milpsnap_grid4x4_high.json,1040,16,24,55,25.0538,0.0,0.502,OPTIMAL
grid_4x4,seed_milpsnap_grid4x4_high.json,1041,16,24,55,25.0538,0.0,0.486,OPTIMAL
grid_4x4,seed_milpsnap_grid4x4_high.json,1042,16,24,54,25.0538,0.0,0.471,OPTIMAL
grid_4x4,seed_milpsnap_grid4x4_high.json,1043,16,24,55,25.0538,0.0,0.519,OPTIMAL
grid_4x4,seed_milpsnap_grid4x4_high.json,1044,16,24,55,25.0538,0.0,0.493,OPTIMAL
grid_4x4,seed_milpsnap_grid4x4_high.json,1045,16,24,56,25.0538,0.0,0.478,OPTIMAL
grid_4x4,seed_milpsnap_grid4x4_high.json,1046,16,24,57,25.0538,0.0,0.496,OPTIMAL
grid_4x4,seed_milpsnap_grid4x4_high.json,1047,16,24,58,25.0538,0.0,0.525,OPTIMAL
grid_4x4,seed_milpsnap_grid4x4_high.json,1048,16,24,59,25.0538,0.0,0.513,OPTIMAL
grid_4x4,seed_milpsnap_grid4x4_high.json,1049,16,24,56,25.0538,0.0,0.476,OPTIMAL
grid_4x4,seed_milpsnap_grid4x4_high.json,1050,16,24,53,25.0538,0.0,0.491,OPTIMAL
grid_4x4,seed_milpsnap_grid4x4_high.json,1051,16,24,54,25.0538,0.0,0.51,OPTIMAL
grid_4x4,seed_milpsnap_grid4x4_high.json,1052,16,24,58,25.0538,0.0,0.535,OPTIMAL
grid_4x4,seed_milpsnap_grid4x4_high.json,1053,16,24,55,25.0538,0.0,0.713,OPTIMAL
grid_4x4,seed_milpsnap_grid4x4_high.json,1054,16,24,52,25.0538,4.5610554282478685e-05,0.442,OPTIMAL
grid_4x4,seed_milpsnap_grid4x4_high.json,1055,16,24,55,25.0538,4.5610554282478685e-05,0.474,OPTIMAL
grid_4x4,seed_milpsnap_grid4x4_high.json,1056,16,24,58,25.0538,0.0,0.57,OPTIMAL
grid_4x4,seed_milpsnap_grid4x4_high.json,1057,16,24,62,25.0538,4.5610554282478685e-05,0.584,OPTIMAL
grid_4x4,seed_milpsnap_grid4x4_high.json,1058,16,24,1,75.0231,0.0,0.006,OPTIMAL
grid_4x4,seed_milpsnap_grid4x4_high.json,1059,16,24,3,50.0385,0.0,0.021,OPTIMAL
grid_4x4,seed_milpsnap_grid4x4_high.json,1060,16,24,6,37.5461,0.0,0.046,OPTIMAL
grid_4x4,seed_milpsnap_grid4x4_high.json,1061,16,24,11,31.3,0.0,0.057,OPTIMAL
grid_4x4,seed_milpsnap_grid4x4_high.json,1062,16,24,20,25.0538,0.0,0.138,OPTIMAL
grid_4x4,seed_milpsnap_grid4x4_high.json,1063,16,24,23,25.0538,0.0,0.191,OPTIMAL
grid_4x4,seed_milpsnap_grid4x4_high.json,1064,16,24,28,25.0538,0.0,0.193,OPTIMAL
grid_4x4,seed_milpsnap_grid4x4_high.json,1065,16,24,33,25.0538,0.0,0.289,OPTIMAL
grid_4x4,seed_milpsnap_grid4x4_high.json,1066,16,24,39,25.0538,0.0,0.309,OPTIMAL
grid_4x4,seed_milpsnap_grid4x4_high.json,1067,16,24,48,25.0538,0.0,0.426,OPTIMAL
grid_4x4,seed_milpsnap_grid4x4_high.json,1068,16,24,51,25.0538,4.5610554282478685e-05,0.467,OPTIMAL
grid_4x4,seed_milpsnap_grid4x4_high.json,1069,16,24,54,25.0538,4.5610554282478685e-05,0.493,OPTIMAL
grid_4x4,seed_milpsnap_grid4x4_high.json,1070,16,24,57,25.0538,0.0,0.53,OPTIMAL
grid_4x4,seed_milpsnap_grid4x4_high.json,1071,16,24,67,25.0538,0.0,0.643,OPTIMAL
grid_4x4,seed_milpsnap_grid4x4_high.json,1072,16,24,69,25.0538,0.0,0.673,OPTIMAL
grid_4x4,seed_milpsnap_grid4x4_high.json,1073,16,24,73,25.0538,0.0,0.803,OPTIMAL
grid_4x4,seed_milpsnap_grid4x4_high.json,1074,16,24,74,25.0538,4.5610554282478685e-05,0.762,OPTIMAL
grid_4x4,seed_milpsnap_grid4x4_high.json,1075,16,24,73,25.0538,0.0,0.779,OPTIMAL
grid_4x4,seed_milpsnap_grid4x4_high.json,1076,16,24,73,25.0538,0.0,0.748,OPTIMAL
grid_4x4,seed_milpsnap_grid4x4_high.json,1077,16,24,67,25.0538,0.0,0.695,OPTIMAL
grid_4x4,seed_milpsnap_grid4x4_high.json,1078,16,24,68,25.0538,0.0,0.731,OPTIMAL
grid_4x4,seed_milpsnap_grid4x4_high.json,1079,16,24,70,25.0538,0.0,0.698,OPTIMAL
grid_4x4,seed_milpsnap_grid4x4_high.json,1080,16,24,66,25.0538,4.5610554282478685e-05,0.604,OPTIMAL
grid_4x4,seed_milpsnap_grid4x4_high.json,1081,16,24,64,25.0538,0.0,0.598,OPTIMAL
grid_4x4,seed_milpsnap_grid4x4_high.json,1082,16,24,58,25.0538,0.0,0.518,OPTIMAL
grid_4x4,seed_milpsnap_grid4x4_high.json,1083,16,24,60,25.0538,4.5610554282478685e-05,0.561,OPTIMAL
grid_4x4,seed_milpsnap_grid4x4_high.json,1084,16,24,60,25.0538,0.0,0.592,OPTIMAL
grid_4x4,seed_milpsnap_grid4x4_high.json,1085,16,24,60,25.0538,0.0,0.512,OPTIMAL
grid_4x4,seed_milpsnap_grid4x4_high.json,1086,16,24,53,25.0538,0.0,0.495,OPTIMAL
grid_4x4,seed_milpsnap_grid4x4_high.json,1087,16,24,56,25.0538,0.0,0.488,OPTIMAL
grid_4x4,seed_milpsnap_grid4x4_high.json,1088,16,24,59,25.0538,0.0,0.569,OPTIMAL
grid_4x4,seed_milpsnap_grid4x4_high.json,1089,16,24,61,25.0538,0.0,0.582,OPTIMAL
grid_4x4,seed_milpsnap_grid4x4_high.json,1090,16,24,62,25.0538,0.0,0.559,OPTIMAL
grid_4x4,seed_milpsnap_grid4x4_high.json,1091,16,24,60,25.0538,0.0,0.554,OPTIMAL
grid_4x4,seed_milpsnap_grid4x4_high.json,1092,16,24,62,25.0538,0.0,0.585,OPTIMAL
grid_4x4,seed_milpsnap_grid4x4_high.json,1093,16,24,58,25.0538,0.0,0.54,OPTIMAL
grid_4x4,seed_milpsnap_grid4x4_high.json,1094,16,24,53,25.0538,4.5610554282478685e-05,0.488,OPTIMAL
grid_4x4,seed_milpsnap_grid4x4_high.json,1095,16,24,54,25.0538,0.0,0.476,OPTIMAL
grid_4x4,seed_milpsnap_grid4x4_high.json,1096,16,24,51,25.0538,0.0,0.406,OPTIMAL
grid_4x4,seed_milpsnap_grid4x4_high.json,1097,16,24,53,25.0538,4.5610554282478685e-05,0.44,OPTIMAL
grid_4x4,seed_milpsnap_grid4x4_high.json,1098,16,24,50,25.0538,0.0,0.468,OPTIMAL
grid_4x4,seed_milpsnap_grid4x4_high.json,1099,16,24,51,25.0538,0.0,0.457,OPTIMAL
grid_4x4,seed_milpsnap_grid4x4_high.json,1100,16,24,51,25.0538,4.5610554282478685e-05,0.476,OPTIMAL
grid_4x4,seed_milpsnap_grid4x4_high.json,1101,16,24,50,25.0538,0.0,0.452,OPTIMAL
grid_4x4,seed_milpsnap_grid4x4_high.json,1102,16,24,48,25.0538,0.0,0.443,OPTIMAL
grid_4x4,seed_milpsnap_grid4x4_high.json,1103,16,24,46,25.0538,0.0,0.383,OPTIMAL
grid_4x4,seed_milpsnap_grid4x4_high.json,1104,16,24,49,25.0538,0.0,0.446,OPTIMAL
grid_4x4,seed_milpsnap_grid4x4_high.json,1105,16,24,55,25.0538,0.0,0.506,OPTIMAL
grid_4x4,seed_milpsnap_grid4x4_high.json,1106,16,24,54,25.0538,0.0,0.495,OPTIMAL
grid_4x4,seed_milpsnap_grid4x4_high.json,1107,16,24,50,25.0538,0.0,0.456,OPTIMAL
grid_4x4,seed_milpsnap_grid4x4_high.json,1108,16,24,52,25.0538,0.0,0.473,OPTIMAL
grid_4x4,seed_milpsnap_grid4x4_high.json,1109,16,24,50,25.0538,4.5610554282478685e-05,0.426,OPTIMAL
grid_4x4,seed_milpsnap_grid4x4_high.json,1110,16,24,50,25.0538,4.5610554282478685e-05,0.449,OPTIMAL
grid_4x4,seed_milpsnap_grid4x4_high.json,1111,16,24,57,25.0538,0.0,0.534,OPTIMAL
grid_4x4,seed_milpsnap_grid4x4_high.json,1112,16,24,57,25.0538,0.0,0.5,OPTIMAL
grid_4x4,seed_milpsnap_grid4x4_high.json,1113,16,24,56,25.0538,0.0,0.504,OPTIMAL
grid_4x4,seed_milpsnap_grid4x4_high.json,1114,16,24,57,25.0538,0.0,0.517,OPTIMAL
grid_4x4,seed_milpsnap_grid4x4_high.json,1115,16,24,58,25.0538,0.0,0.533,OPTIMAL
grid_4x4,seed_milpsnap_grid4x4_high.json,1116,16,24,59,25.0538,0.0,0.506,OPTIMAL
grid_4x4,seed_milpsnap_grid4x4_high.json,1117,16,24,61,25.0538,0.0,0.623,OPTIMAL
grid_4x4,seed_milpsnap_grid4x4_high.json,1118,16,24,58,25.0538,0.0,0.489,OPTIMAL
grid_4x4,seed_milpsnap_grid4x4_high.json,1119,16,24,53,25.0538,0.0,0.461,OPTIMAL
grid_4x4,seed_milpsnap_grid4x4_high.json,1120,16,24,56,25.0538,0.0,0.517,OPTIMAL
grid_4x4,seed_milpsnap_grid4x4_high.json,1121,16,24,58,25.0538,0.0,0.516,OPTIMAL
grid_4x4,seed_milpsnap_grid4x4_high.json,1122,16,24,61,25.0538,0.0,0.545,OPTIMAL
grid_4x4,seed_milpsnap_grid4x4_high.json,1123,16,24,63,25.0538,4.5610554282478685e-05,0.555,OPTIMAL
grid_4x4,seed_milpsnap_grid4x4_high.json,1124,16,24,67,25.0538,0.0,0.724,OPTIMAL
grid_4x4,seed_milpsnap_grid4x4_high.json,1125,16,24,74,25.0538,0.0,0.726,OPTIMAL
grid_4x4,seed_milpsnap_grid4x4_high.json,1126,16,24,74,25.0538,0.0,0.768,OPTIMAL
grid_4x4,seed_milpsnap_grid4x4_high.json,1127,16,24,75,25.0538,0.0,0.868,OPTIMAL
grid_4x4,seed_milpsnap_grid4x4_high.json,1128,16,24,77,25.0538,0.0,0.928,OPTIMAL
grid_4x4,seed_milpsnap_grid4x4_high.json,1129,16,24,76,25.0538,0.0,0.804,OPTIMAL
grid_4x4,seed_milpsnap_grid4x4_high.json,1130,16,24,75,25.0538,0.0,0.87,OPTIMAL
grid_4x4,seed_milpsnap_grid4x4_high.json,1131,16,24,81,25.0538,0.0,1.011,OPTIMAL
grid_4x4,seed_milpsnap_grid4x4_high.json,1132,16,24,76,25.0538,0.0,0.875,OPTIMAL
grid_4x4,seed_milpsnap_grid4x4_high.json,1133,16,24,76,25.0538,4.5610554282478685e-05,0.857,OPTIMAL
grid_4x4,seed_milpsnap_grid4x4_high.json,1134,16,24,77,25.0538,4.5610554282478685e-05,0.931,OPTIMAL
grid_4x4,seed_milpsnap_grid4x4_high.json,1135,16,24,69,25.0538,0.0,0.729,OPTIMAL
grid_4x4,seed_milpsnap_grid4x4_high.json,1136,16,24,71,25.0538,0.0,0.727,OPTIMAL
grid_4x4,seed_milpsnap_grid4x4_high.json,1137,16,24,75,25.0538,0.0,0.832,OPTIMAL
grid_4x4,seed_milpsnap_grid4x4_high.json,1138,16,24,76,25.0538,0.0,0.88,OPTIMAL
grid_4x4,seed_milpsnap_grid4x4_high.json,1139,16,24,76,25.0538,0.0,0.977,OPTIMAL
grid_4x4,seed_milpsnap_grid4x4_high.json,1140,16,24,69,25.0538,0.0,0.684,OPTIMAL
grid_4x4,seed_milpsnap_grid4x4_high.json,1141,16,24,63,25.0538,4.5610554282478685e-05,0.569,OPTIMAL
grid_4x4,seed_milpsnap_grid4x4_high.json,1142,16,24,60,25.0538,0.0,0.585,OPTIMAL
grid_4x4,seed_milpsnap_grid4x4_high.json,1143,16,24,60,25.0538,0.0,0.556,OPTIMAL
grid_4x4,seed_milpsnap_grid4x4_high.json,1144,16,24,57,25.0538,0.0,0.514,OPTIMAL
grid_4x4,seed_milpsnap_grid4x4_high.json,1145,16,24,56,25.0538,0.0,0.487,OPTIMAL
grid_4x4,seed_milpsnap_grid4x4_high.json,1146,16,24,52,25.0538,0.0,0.47,OPTIMAL
grid_4x4,seed_milpsnap_grid4x4_high.json,1147,16,24,56,25.0538,0.0,0.509,OPTIMAL
grid_4x4,seed_milpsnap_grid4x4_high.json,1148,16,24,61,25.0538,0.0,0.575,OPTIMAL
grid_4x4,seed_milpsnap_grid4x4_high.json,1149,16,24,60,25.0538,0.0,0.577,OPTIMAL
grid_4x4,seed_milpsnap_grid4x4_high.json,1150,16,24,61,25.0538,0.0,0.54,OPTIMAL
grid_4x4,seed_milpsnap_grid4x4_high.json,1151,16,24,59,25.0538,4.5610554282478685e-05,0.487,OPTIMAL
grid_4x4,seed_milpsnap_grid4x4_high.json,1152,16,24,52,25.0538,0.0,0.438,OPTIMAL
grid_4x4,seed_milpsnap_grid4x4_high.json,1153,16,24,55,25.0538,0.0,0.497,OPTIMAL
grid_4x4,seed_milpsnap_grid4x4_high.json,1154,16,24,57,25.0538,0.0,0.478,OPTIMAL
grid_4x4,seed_milpsnap_grid4x4_high.json,1155,16,24,58,25.0538,0.0,0.523,OPTIMAL
grid_4x4,seed_milpsnap_grid4x4_high.json,1156,16,24,57,25.0538,0.0,0.529,OPTIMAL
grid_4x4,seed_milpsnap_grid4x4_high.json,1157,16,24,59,25.0538,0.0,0.51,OPTIMAL
grid_4x4,seed_milpsnap_grid4x4_high.json,1158,16,24,61,25.0538,0.0,0.57,OPTIMAL
grid_4x4,seed_milpsnap_grid4x4_high.json,1159,16,24,64,25.0538,4.5610554282478685e-05,0.552,OPTIMAL
grid_4x4,seed_milpsnap_grid4x4_high.json,1160,16,24,63,25.0538,0.0,0.606,OPTIMAL
grid_4x4,seed_milpsnap_grid4x4_high.json,1161,16,24,64,25.0538,0.0,0.836,OPTIMAL
grid_4x4,seed_milpsnap_grid4x4_high.json,1162,16,24,65,25.0538,0.0,0.595,OPTIMAL
grid_4x4,seed_milpsnap_grid4x4_high.json,1163,16,24,60,25.0538,4.5610554282478685e-05,0.531,OPTIMAL
grid_4x4,seed_milpsnap_grid4x4_high.json,1164,16,24,60,25.0538,0.0,0.534,OPTIMAL
grid_4x4,seed_milpsnap_grid4x4_high.json,1165,16,24,58,25.0538,0.0,0.509,OPTIMAL
grid_4x4,seed_milpsnap_grid4x4_high.json,1166,16,24,56,25.0538,0.0,0.524,OPTIMAL
grid_4x4,seed_milpsnap_grid4x4_high.json,1167,16,24,57,25.0538,0.0,0.48,OPTIMAL
grid_4x4,seed_milpsnap_grid4x4_high.json,1168,16,24,55,25.0538,4.5610554282478685e-05,0.5,OPTIMAL
grid_4x4,seed_milpsnap_grid4x4_high.json,1169,16,24,58,25.0538,0.0,0.555,OPTIMAL
grid_4x4,seed_milpsnap_grid4x4_high.json,1170,16,24,59,25.0538,0.0,0.532,OPTIMAL
grid_4x4,seed_milpsnap_grid4x4_high.json,1171,16,24,63,25.0538,0.0,0.559,OPTIMAL
grid_4x4,seed_milpsnap_grid4x4_high.json,1172,16,24,61,25.0538,0.0,0.547,OPTIMAL
grid_4x4,seed_milpsnap_grid4x4_high.json,1173,16,24,61,25.0538,0.0,0.543,OPTIMAL
grid_4x4,seed_milpsnap_grid4x4_high.json,1174,16,24,59,25.0538,0.0,0.533,OPTIMAL
grid_4x4,seed_milpsnap_grid4x4_high.json,1175,16,24,62,25.0538,0.0,0.565,OPTIMAL
grid_4x4,seed_milpsnap_grid4x4_high.json,1176,16,24,59,25.0538,0.0,0.542,OPTIMAL
grid_4x4,seed_milpsnap_grid4x4_high.json,1177,16,24,60,25.0538,0.0,0.548,OPTIMAL
grid_4x4,seed_milpsnap_grid4x4_high.json,1178,16,24,61,25.0538,0.0,0.517,OPTIMAL
grid_4x4,seed_milpsnap_grid4x4_high.json,1179,16,24,63,25.0538,0.0,0.592,OPTIMAL
grid_4x4,seed_milpsnap_grid4x4_high.json,1180,16,24,65,25.0538,4.5610554282478685e-05,0.606,OPTIMAL
grid_4x4,seed_milpsnap_grid4x4_high.json,1181,16,24,68,25.0538,0.0,0.747,OPTIMAL
grid_4x4,seed_milpsnap_grid4x4_high.json,1182,16,24,70,25.0538,0.0,0.772,OPTIMAL
grid_4x4,seed_milpsnap_grid4x4_high.json,1183,16,24,66,25.0538,0.0,0.598,OPTIMAL
grid_4x4,seed_milpsnap_grid4x4_high.json,1184,16,24,62,25.0538,0.0,0.567,OPTIMAL
grid_4x4,seed_milpsnap_grid4x4_high.json,1185,16,24,64,25.0538,0.0,0.652,OPTIMAL
grid_4x4,seed_milpsnap_grid4x4_high.json,1186,16,24,65,25.0538,0.0,0.641,OPTIMAL
grid_4x4,seed_milpsnap_grid4x4_high.json,1187,16,24,68,25.0538,4.5610554282478685e-05,0.666,OPTIMAL
grid_4x4,seed_milpsnap_grid4x4_high.json,1188,16,24,70,25.0538,0.0,0.702,OPTIMAL
grid_4x4,seed_milpsnap_grid4x4_high.json,1189,16,24,72,25.0538,0.0,0.785,OPTIMAL
grid_4x4,seed_milpsnap_grid4x4_high.json,1190,16,24,73,25.0538,0.0,0.783,OPTIMAL
grid_4x4,seed_milpsnap_grid4x4_high.json,1191,16,24,74,25.0538,0.0,0.789,OPTIMAL
grid_4x4,seed_milpsnap_grid4x4_high.json,1192,16,24,71,25.0538,0.0,0.708,OPTIMAL
grid_4x4,seed_milpsnap_grid4x4_high.json,1193,16,24,69,25.0538,0.0,0.849,OPTIMAL
grid_4x4,seed_milpsnap_grid4x4_high.json,1194,16,24,68,25.0538,0.0,0.777,OPTIMAL
grid_4x4,seed_milpsnap_grid4x4_high.json,1195,16,24,70,25.0538,0.0,0.811,OPTIMAL
grid_4x4,seed_milpsnap_grid4x4_high.json,1196,16,24,69,25.0538,0.0,0.916,OPTIMAL
grid_4x4,seed_milpsnap_grid4x4_high.json,1197,16,24,70,25.0538,0.0,0.764,OPTIMAL
grid_4x4,seed_milpsnap_grid4x4_high.json,1198,16,24,72,25.0538,0.0,0.735,OPTIMAL
grid_4x4,seed_milpsnap_grid4x4_high.json,1199,16,24,70,25.0538,0.0,0.661,OPTIMAL
grid_4x4,seed_milpsnap_grid4x4_high.json,1200,16,24,68,25.0538,0.0,0.684,OPTIMAL
grid_4x4,seed_milpsnap_grid4x4_high.json,1201,16,24,67,25.0538,6.84158314235884e-05,0.565,OPTIMAL
grid_4x4,seed_milpsnap_grid4x4_high.json,1202,16,24,62,25.0538,0.0,0.548,OPTIMAL
grid_4x4,seed_milpsnap_grid4x4_high.json,1203,16,24,61,25.0538,0.0,0.515,OPTIMAL
grid_4x4,seed_milpsnap_grid4x4_high.json,1204,16,24,57,25.0538,0.0,0.516,OPTIMAL
grid_4x4,seed_milpsnap_grid4x4_high.json,1205,16,24,56,25.0538,0.0,0.465,OPTIMAL
grid_4x4,seed_milpsnap_grid4x4_high.json,1206,16,24,54,25.0538,0.0,0.445,OPTIMAL
grid_4x4,seed_milpsnap_grid4x4_high.json,1207,16,24,55,25.0538,0.0,0.456,OPTIMAL
grid_4x4,seed_milpsnap_grid4x4_high.json,1208,16,24,56,25.0538,0.0,0.509,OPTIMAL
grid_4x4,seed_milpsnap_grid4x4_high.json,1209,16,24,1,81.2692,0.0,0.012,OPTIMAL
grid_4x4,seed_milpsnap_grid4x4_high.json,1210,16,24,4,37.5538,0.0,0.037,OPTIMAL
grid_4x4,seed_milpsnap_grid4x4_high.json,1211,16,24,7,37.5461,0.0,0.035,OPTIMAL
grid_4x4,seed_milpsnap_grid4x4_high.json,1212,16,24,13,25.0538,0.0,0.112,OPTIMAL
grid_4x4,seed_milpsnap_grid4x4_high.json,1213,16,24,21,25.0538,0.0,0.169,OPTIMAL
grid_4x4,seed_milpsnap_grid4x4_high.json,1214,16,24,29,25.0538,0.0,0.208,OPTIMAL
grid_4x4,seed_milpsnap_grid4x4_high.json,1215,16,24,32,25.0538,0.0,0.237,OPTIMAL
grid_4x4,seed_milpsnap_grid4x4_high.json,1216,16,24,33,25.0538,0.0,0.235,OPTIMAL
grid_4x4,seed_milpsnap_grid4x4_high.json,1217,16,24,34,25.0538,4.5610554282478685e-05,0.247,OPTIMAL
grid_4x4,seed_milpsnap_grid4x4_high.json,1218,16,24,38,25.0538,0.0,0.256,OPTIMAL
grid_4x4,seed_milpsnap_grid4x4_high.json,1219,16,24,42,25.0538,0.0,0.348,OPTIMAL
grid_4x4,seed_milpsnap_grid4x4_high.json,1220,16,24,49,25.0538,4.5610554282478685e-05,0.408,OPTIMAL
grid_4x4,seed_milpsnap_grid4x4_high.json,1221,16,24,51,25.0538,0.0,0.43,OPTIMAL
grid_4x4,seed_milpsnap_grid4x4_high.json,1222,16,24,59,25.0538,4.5610554282478685e-05,0.504,OPTIMAL
grid_4x4,seed_milpsnap_grid4x4_high.json,1223,16,24,62,25.0538,0.0,0.568,OPTIMAL
grid_4x4,seed_milpsnap_grid4x4_high.json,1224,16,24,64,25.0538,0.0,0.537,OPTIMAL
grid_4x4,seed_milpsnap_grid4x4_high.json,1225,16,24,62,25.0538,0.0,0.571,OPTIMAL
grid_4x4,seed_milpsnap_grid4x4_high.json,1226,16,24,62,25.0538,4.5610554282478685e-05,0.564,OPTIMAL
grid_4x4,seed_milpsnap_grid4x4_high.json,1227,16,24,58,25.0538,0.0,0.525,OPTIMAL
grid_4x4,seed_milpsnap_grid4x4_high.json,1228,16,24,56,25.0538,0.0,0.527,OPTIMAL
grid_4x4,seed_milpsnap_grid4x4_high.json,1229,16,24,50,25.0538,4.5610554282478685e-05,0.421,OPTIMAL
grid_4x4,seed_milpsnap_grid4x4_high.json,1230,16,24,53,25.0538,0.0,0.43,OPTIMAL
grid_4x4,seed_milpsnap_grid4x4_high.json,1231,16,24,58,25.0538,0.0,0.488,OPTIMAL
grid_4x4,seed_milpsnap_grid4x4_high.json,1232,16,24,58,25.0538,0.0,0.531,OPTIMAL
grid_4x4,seed_milpsnap_grid4x4_high.json,1233,16,24,60,25.0538,0.0,0.531,OPTIMAL
grid_4x4,seed_milpsnap_grid4x4_high.json,1234,16,24,58,25.0538,0.0,0.51,OPTIMAL
grid_4x4,seed_milpsnap_grid4x4_high.json,1235,16,24,54,25.0538,0.0,0.44,OPTIMAL
grid_4x4,seed_milpsnap_grid4x4_high.json,1236,16,24,54,25.0538,0.0,0.47,OPTIMAL
grid_4x4,seed_milpsnap_grid4x4_high.json,1237,16,24,55,25.0538,0.0,0.455,OPTIMAL
grid_4x4,seed_milpsnap_grid4x4_high.json,1238,16,24,56,25.0538,4.5610554282478685e-05,0.463,OPTIMAL
grid_4x4,seed_milpsnap_grid4x4_high.json,1239,16,24,56,25.0538,0.0,0.469,OPTIMAL
grid_4x4,seed_milpsnap_grid4x4_high.json,1240,16,24,60,25.0538,0.0,0.555,OPTIMAL
grid_4x4,seed_milpsnap_grid4x4_high.json,1241,16,24,59,25.0538,4.5610554282478685e-05,0.46,OPTIMAL
grid_4x4,seed_milpsnap_grid4x4_high.json,1242,16,24,61,25.0538,0.0,0.493,OPTIMAL
grid_4x4,seed_milpsnap_grid4x4_high.json,1243,16,24,57,25.0538,4.5610554282478685e-05,0.461,OPTIMAL
grid_4x4,seed_milpsnap_grid4x4_high.json,1244,16,24,59,25.0538,0.0,0.544,OPTIMAL
grid_4x4,seed_milpsnap_grid4x4_high.json,1245,16,24,57,25.0538,0.0,0.476,OPTIMAL
grid_4x4,seed_milpsnap_grid4x4_high.json,1246,16,24,52,25.0538,0.0,0.457,OPTIMAL
grid_4x4,seed_milpsnap_grid4x4_high.json,1247,16,24,51,25.0538,0.0,0.441,OPTIMAL
grid_4x4,seed_milpsnap_grid4x4_high.json,1248,16,24,48,25.0538,0.0,0.368,OPTIMAL
grid_4x4,seed_milpsnap_grid4x4_high.json,1249,16,24,49,25.0538,0.0,0.404,OPTIMAL
grid_4x4,seed_milpsnap_grid4x4_high.json,1250,16,24,47,25.0538,0.0,0.346,OPTIMAL
grid_4x4,seed_milpsnap_grid4x4_high.json,1251,16,24,52,25.0538,0.0,0.473,OPTIMAL
grid_4x4,seed_milpsnap_grid4x4_high.json,1252,16,24,49,25.0538,0.0,0.418,OPTIMAL
grid_4x4,seed_milpsnap_grid4x4_high.json,1253,16,24,47,25.0538,0.0,0.405,OPTIMAL
grid_4x4,seed_milpsnap_grid4x4_high.json,1254,16,24,50,25.0538,4.5610554282478685e-05,0.455,OPTIMAL
grid_4x4,seed_milpsnap_grid4x4_high.json,1255,16,24,48,25.0538,0.0,0.399,OPTIMAL
grid_4x4,seed_milpsnap_grid4x4_high.json,1256,16,24,50,25.0538,0.0,0.405,OPTIMAL
grid_4x4,seed_milpsnap_grid4x4_high.json,1257,16,24,54,25.0538,0.0,0.44,OPTIMAL
grid_4x4,seed_milpsnap_grid4x4_high.json,1258,16,24,56,25.0538,0.0,0.518,OPTIMAL
grid_4x4,seed_milpsnap_grid4x4_high.json,1259,16,24,53,25.0538,0.0,0.424,OPTIMAL
grid_4x4,seed_milpsnap_grid4x4_high.json,1260,16,24,57,25.0538,0.0,0.486,OPTIMAL
grid_4x4,seed_milpsnap_grid4x4_high.json,1261,16,24,60,25.0538,0.0,0.518,OPTIMAL
grid_4x4,seed_milpsnap_grid4x4_high.json,1262,16,24,63,25.0538,0.0,0.563,OPTIMAL
grid_4x4,seed_milpsnap_grid4x4_high.json,1263,16,24,63,25.0538,0.0,0.544,OPTIMAL
grid_4x4,seed_milpsnap_grid4x4_high.json,1264,16,24,62,25.0538,0.0,0.542,OPTIMAL
grid_4x4,seed_milpsnap_grid4x4_high.json,1265,16,24,69,25.0538,0.0,0.675,OPTIMAL
grid_4x4,seed_milpsnap_grid4x4_high.json,1266,16,24,64,25.0538,0.0,0.601,OPTIMAL
grid_4x4,seed_milpsnap_grid4x4_high.json,1267,16,24,62,25.0538,0.0,0.532,OPTIMAL
grid_4x4,seed_milpsnap_grid4x4_high.json,1268,16,24,63,25.0538,4.5610554282478685e-05,0.542,OPTIMAL
grid_4x4,seed_milpsnap_grid4x4_high.json,1269,16,24,63,25.0538,0.0,0.532,OPTIMAL
grid_4x4,seed_milpsnap_grid4x4_high.json,1270,16,24,63,25.0538,0.0,0.534,OPTIMAL
grid_4x4,seed_milpsnap_grid4x4_high.json,1271,16,24,61,25.0538,0.0,0.54,OPTIMAL
grid_4x4,seed_milpsnap_grid4x4_high.json,1272,16,24,53,25.0538,0.0,0.435,OPTIMAL
grid_4x4,seed_milpsnap_grid4x4_high.json,1273,16,24,51,25.0538,0.0,0.405,OPTIMAL
grid_4x4,seed_milpsnap_grid4x4_high.json,1274,16,24,54,25.0538,0.0,0.45,OPTIMAL
grid_4x4,seed_milpsnap_grid4x4_high.json,1275,16,24,50,25.0538,0.0,0.436,OPTIMAL
grid_4x4,seed_milpsnap_grid4x4_high.json,1276,16,24,48,25.0538,0.0,0.381,OPTIMAL
grid_4x4,seed_milpsnap_grid4x4_high.json,1277,16,24,49,25.0538,0.0,0.403,OPTIMAL
grid_4x4,seed_milpsnap_grid4x4_high.json,1278,16,24,47,25.0538,4.5610554282478685e-05,0.382,OPTIMAL
grid_4x4,seed_milpsnap_grid4x4_high.json,1279,16,24,51,25.0538,0.0,0.708,OPTIMAL
grid_4x4,seed_milpsnap_grid4x4_high.json,1280,16,24,47,25.0538,0.0,0.407,OPTIMAL
grid_4x4,seed_milpsnap_grid4x4_high.json,1281,16,24,48,25.0538,0.0,0.393,OPTIMAL
grid_4x4,seed_milpsnap_grid4x4_high.json,1282,16,24,49,25.0538,0.0,0.435,OPTIMAL
grid_4x4,seed_milpsnap_grid4x4_high.json,1283,16,24,49,25.0538,0.0,0.438,OPTIMAL
grid_4x4,seed_milpsnap_grid4x4_high.json,1284,16,24,48,25.0538,0.0,0.384,OPTIMAL
grid_4x4,seed_milpsnap_grid4x4_high.json,1285,16,24,55,25.0538,4.5610554282478685e-05,0.479,OPTIMAL
grid_4x4,seed_milpsnap_grid4x4_high.json,1286,16,24,59,25.0538,0.0,0.507,OPTIMAL
grid_4x4,seed_milpsnap_grid4x4_high.json,1287,16,24,63,25.0538,0.0,0.573,OPTIMAL
grid_4x4,seed_milpsnap_grid4x4_high.json,1288,16,24,64,25.0538,4.5610554282478685e-05,0.557,OPTIMAL
grid_4x4,seed_milpsnap_grid4x4_high.json,1289,16,24,65,25.0538,0.0,0.525,OPTIMAL
grid_4x4,seed_milpsnap_grid4x4_high.json,1290,16,24,64,25.0538,0.0,0.543,OPTIMAL
grid_4x4,seed_milpsnap_grid4x4_high.json,1291,16,24,66,25.0538,0.0,0.597,OPTIMAL
grid_4x4,seed_milpsnap_grid4x4_high.json,1292,16,24,69,25.0538,4.561055428221943e-05,0.647,OPTIMAL
grid_4x4,seed_milpsnap_grid4x4_high.json,1293,16,24,71,25.0538,0.0,0.681,OPTIMAL
grid_4x4,seed_milpsnap_grid4x4_high.json,1294,16,24,68,25.0538,0.0,0.688,OPTIMAL
grid_4x4,seed_milpsnap_grid4x4_high.json,1295,16,24,74,25.0538,0.0,0.77,OPTIMAL
grid_4x4,seed_milpsnap_grid4x4_high.json,1296,16,24,73,25.0538,4.5610554282478685e-05,0.684,OPTIMAL
grid_4x4,seed_milpsnap_grid4x4_high.json,1297,16,24,70,25.0538,0.0,0.663,OPTIMAL
grid_4x4,seed_milpsnap_grid4x4_high.json,1298,16,24,73,25.0538,0.0,0.723,OPTIMAL
grid_4x4,seed_milpsnap_grid4x4_high.json,1299,16,24,71,25.0538,0.0,0.66,OPTIMAL
grid_4x4,seed_milpsnap_grid4x4_high.json,1300,16,24,63,25.0538,0.0,0.54,OPTIMAL
grid_4x4,seed_milpsnap_grid4x4_high.json,1301,16,24,60,25.0538,0.0,0.499,OPTIMAL
grid_4x4,seed_milpsnap_grid4x4_high.json,1302,16,24,62,25.0538,4.5610554282478685e-05,0.518,OPTIMAL
grid_4x4,seed_milpsnap_grid4x4_high.json,1303,16,24,62,25.0538,0.0,0.523,OPTIMAL
grid_4x4,seed_milpsnap_grid4x4_high.json,1304,16,24,60,25.0538,0.0,0.573,OPTIMAL
grid_4x4,seed_milpsnap_grid4x4_high.json,1305,16,24,61,25.0538,0.0,0.507,OPTIMAL
grid_4x4,seed_milpsnap_grid4x4_high.json,1306,16,24,60,25.0538,0.0,0.494,OPTIMAL
grid_4x4,seed_milpsnap_grid4x4_high.json,1307,16,24,59,25.0538,0.0,0.527,OPTIMAL
grid_4x4,seed_milpsnap_grid4x4_high.json,1308,16,24,59,25.0538,0.0,0.512,OPTIMAL
grid_4x4,seed_milpsnap_grid4x4_high.json,1309,16,24,60,25.0538,4.5610554282478685e-05,0.515,OPTIMAL
grid_4x4,seed_milpsnap_grid4x4_high.json,1310,16,24,51,25.0538,0.0,0.432,OPTIMAL
grid_4x4,seed_milpsnap_grid4x4_high.json,1311,16,24,54,25.0538,0.0,0.458,OPTIMAL
grid_4x4,seed_milpsnap_grid4x4_high.json,1312,16,24,58,25.0538,4.5610554282478685e-05,0.506,OPTIMAL
grid_4x4,seed_milpsnap_grid4x4_high.json,1313,16,24,56,25.0538,0.0,0.473,OPTIMAL
grid_4x4,seed_milpsnap_grid4x4_high.json,1314,16,24,57,25.0538,0.0,0.502,OPTIMAL
grid_4x4,seed_milpsnap_grid4x4_high.json,1315,16,24,60,25.0538,0.0,0.518,OPTIMAL
grid_4x4,seed_milpsnap_grid4x4_high.json,1316,16,24,59,25.0538,0.0,0.552,OPTIMAL
grid_4x4,seed_milpsnap_grid4x4_high.json,1317,16,24,55,25.0538,0.0,0.462,OPTIMAL
grid_4x4,seed_milpsnap_grid4x4_high.json,1318,16,24,60,25.0538,0.0,0.514,OPTIMAL
grid_4x4,seed_milpsnap_grid4x4_high.json,1319,16,24,60,25.0538,0.0,0.508,OPTIMAL
grid_4x4,seed_milpsnap_grid4x4_high.json,1320,16,24,62,25.0538,0.0,0.586,OPTIMAL
grid_4x4,seed_milpsnap_grid4x4_high.json,1321,16,24,65,25.0538,0.0,0.557,OPTIMAL
grid_4x4,seed_milpsnap_grid4x4_high.json,1322,16,24,64,25.0538,4.5610554282478685e-05,0.546,OPTIMAL
grid_4x4,seed_milpsnap_grid4x4_high.json,1323,16,24,66,25.0538,0.0,0.597,OPTIMAL
grid_4x4,seed_milpsnap_grid4x4_high.json,1324,16,24,66,25.0538,4.5610554282478685e-05,0.561,OPTIMAL
grid_4x4,seed_milpsnap_grid4x4_high.json,1325,16,24,67,25.0538,0.0,0.654,OPTIMAL
grid_4x4,seed_milpsnap_grid4x4_high.json,1326,16,24,64,25.0538,0.0,0.611,OPTIMAL
grid_4x4,seed_milpsnap_grid4x4_high.json,1327,16,24,64,25.0538,0.0,0.655,OPTIMAL
grid_4x4,seed_milpsnap_grid4x4_high.json,1328,16,24,64,25.0538,0.0,0.726,OPTIMAL
grid_4x4,seed_milpsnap_grid4x4_high.json,1329,16,24,65,25.0538,0.0,0.551,OPTIMAL
grid_4x4,seed_milpsnap_grid4x4_high.json,1330,16,24,63,25.0538,0.0,0.62,OPTIMAL
grid_4x4,seed_milpsnap_grid4x4_high.json,1331,16,24,65,25.0538,0.0,0.577,OPTIMAL
grid_4x4,seed_milpsnap_grid4x4_high.json,1332,16,24,70,25.0538,0.0,0.654,OPTIMAL
grid_4x4,seed_milpsnap_grid4x4_high.json,1333,16,24,64,25.0538,0.0,0.586,OPTIMAL
grid_4x4,seed_milpsnap_grid4x4_high.json,1334,16,24,64,25.0538,0.0,0.558,OPTIMAL
grid_4x4,seed_milpsnap_grid4x4_high.json,1335,16,24,60,25.0538,4.5610554282478685e-05,0.537,OPTIMAL
grid_4x4,seed_milpsnap_grid4x4_high.json,1336,16,24,60,25.0538,0.0,0.528,OPTIMAL
grid_4x4,seed_milpsnap_grid4x4_high.json,1337,16,24,57,25.0538,0.0,0.51,OPTIMAL
grid_4x4,seed_milpsnap_grid4x4_high.json,1338,16,24,53,25.0538,0.0,0.441,OPTIMAL
grid_4x4,seed_milpsnap_grid4x4_high.json,1339,16,24,52,25.0538,0.0,0.438,OPTIMAL
grid_4x4,seed_milpsnap_grid4x4_high.json,1340,16,24,54,25.0538,0.0,0.442,OPTIMAL
grid_4x4,seed_milpsnap_grid4x4_high.json,1341,16,24,61,25.0538,0.0,0.549,OPTIMAL
grid_4x4,seed_milpsnap_grid4x4_high.json,1342,16,24,57,25.0538,0.0,0.507,OPTIMAL
grid_4x4,seed_milpsnap_grid4x4_high.json,1343,16,24,56,25.0538,0.0,0.507,OPTIMAL
grid_4x4,seed_milpsnap_grid4x4_high.json,1344,16,24,52,25.0538,0.0,0.407,OPTIMAL
grid_4x4,seed_milpsnap_grid4x4_high.json,1345,16,24,50,25.0538,4.5610554282478685e-05,0.446,OPTIMAL
grid_4x4,seed_milpsnap_grid4x4_high.json,1346,16,24,51,25.0538,0.0,0.407,OPTIMAL
grid_4x4,seed_milpsnap_grid4x4_high.json,1347,16,24,49,25.0538,0.0,0.398,OPTIMAL
grid_4x4,seed_milpsnap_grid4x4_high.json,1348,16,24,50,25.0538,0.0,0.419,OPTIMAL
grid_4x4,seed_milpsnap_grid4x4_high.json,1349,16,24,48,25.0538,0.0,0.429,OPTIMAL
grid_4x4,seed_milpsnap_grid4x4_high.json,1350,16,24,50,25.0538,0.0,0.454,OPTIMAL
grid_4x4,seed_milpsnap_grid4x4_high.json,1351,16,24,50,25.0538,0.0,0.437,OPTIMAL
grid_4x4,seed_milpsnap_grid4x4_high.json,1352,16,24,52,25.0538,0.0,0.441,OPTIMAL
grid_4x4,seed_milpsnap_grid4x4_high.json,1353,16,24,54,25.0538,4.561055428221943e-05,0.445,OPTIMAL
grid_4x4,seed_milpsnap_grid4x4_high.json,1354,16,24,54,25.0538,0.0,0.497,OPTIMAL
grid_4x4,seed_milpsnap_grid4x4_high.json,1355,16,24,56,25.0538,0.0,0.49,OPTIMAL
grid_4x4,seed_milpsnap_grid4x4_high.json,1356,16,24,53,25.0538,0.0,0.473,OPTIMAL
grid_4x4,seed_milpsnap_grid4x4_high.json,1357,16,24,55,25.0538,0.0,0.465,OPTIMAL
grid_4x4,seed_milpsnap_grid4x4_high.json,1358,16,24,54,25.0538,0.0,0.471,OPTIMAL
grid_4x4,seed_milpsnap_grid4x4_high.json,1359,16,24,63,25.0538,0.0,0.538,OPTIMAL
grid_4x4,seed_milpsnap_grid4x4_high.json,1360,16,24,1,68.7769,0.0,0.013,OPTIMAL
grid_4x4,seed_milpsnap_grid4x4_high.json,1361,16,24,4,43.7923,0.0,0.025,OPTIMAL
grid_4x4,seed_milpsnap_grid4x4_high.json,1362,16,24,6,37.5461,8.210068280409288e-05,0.044,OPTIMAL
grid_4x4,seed_milpsnap_grid4x4_high.json,1363,16,24,8,37.5461,0.0,0.039,OPTIMAL
grid_4x4,seed_milpsnap_grid4x4_high.json,1364,16,24,13,25.0538,0.0,0.092,OPTIMAL
grid_4x4,seed_milpsnap_grid4x4_high.json,1365,16,24,15,25.0538,0.0,0.099,OPTIMAL
grid_4x4,seed_milpsnap_grid4x4_high.json,1366,16,24,21,25.0538,0.0,0.145,OPTIMAL
grid_4x4,seed_milpsnap_grid4x4_high.json,1367,16,24,25,25.0538,0.0,0.184,OPTIMAL
grid_4x4,seed_milpsnap_grid4x4_high.json,1368,16,24,28,25.0538,0.0,0.21,OPTIMAL
grid_4x4,seed_milpsnap_grid4x4_high.json,1369,16,24,31,25.0538,0.0,0.237,OPTIMAL
grid_4x4,seed_milpsnap_grid4x4_high.json,1370,16,24,34,25.0538,0.0,0.262,OPTIMAL
grid_4x4,seed_milpsnap_grid4x4_high.json,1371,16,24,42,25.0538,0.0,0.359,OPTIMAL
grid_4x4,seed_milpsnap_grid4x4_high.json,1372,16,24,44,25.0538,0.0,0.371,OPTIMAL
grid_4x4,seed_milpsnap_grid4x4_high.json,1373,16,24,49,25.0538,0.0,0.399,OPTIMAL
grid_4x4,seed_milpsnap_grid4x4_high.json,1374,16,24,51,25.0538,0.0,0.433,OPTIMAL
grid_4x4,seed_milpsnap_grid4x4_high.json,1375,16,24,53,25.0538,0.0,0.423,OPTIMAL
grid_4x4,seed_milpsnap_grid4x4_high.json,1376,16,24,52,25.0538,0.0,0.468,OPTIMAL
grid_4x4,seed_milpsnap_grid4x4_high.json,1377,16,24,52,25.0538,0.0,0.462,OPTIMAL
grid_4x4,seed_milpsnap_grid4x4_high.json,1378,16,24,52,25.0538,0.0,0.452,OPTIMAL
grid_4x4,seed_milpsnap_grid4x4_high.json,1379,16,24,52,25.0538,0.0,0.447,OPTIMAL
grid_4x4,seed_milpsnap_grid4x4_high.json,1380,16,24,54,25.0538,0.0,0.471,OPTIMAL
grid_4x4,seed_milpsnap_grid4x4_high.json,1381,16,24,50,25.0538,0.0,0.4,OPTIMAL
grid_4x4,seed_milpsnap_grid4x4_high.json,1382,16,24,51,25.0538,0.0,0.418,OPTIMAL
grid_4x4,seed_milpsnap_grid4x4_high.json,1383,16,24,51,25.0538,4.5610554282478685e-05,0.419,OPTIMAL
grid_4x4,seed_milpsnap_grid4x4_high.json,1384,16,24,51,25.0538,0.0,0.401,OPTIMAL
grid_4x4,seed_milpsnap_grid4x4_high.json,1385,16,24,52,25.0538,0.0,0.49,OPTIMAL
grid_4x4,seed_milpsnap_grid4x4_high.json,1386,16,24,47,25.0538,0.0,0.404,OPTIMAL
grid_4x4,seed_milpsnap_grid4x4_high.json,1387,16,24,56,25.0538,0.0,0.449,OPTIMAL
grid_4x4,seed_milpsnap_grid4x4_high.json,1388,16,24,59,25.0538,0.0,0.492,OPTIMAL
grid_4x4,seed_milpsnap_grid4x4_high.json,1389,16,24,62,25.0538,0.0,0.572,OPTIMAL
grid_4x4,seed_milpsnap_grid4x4_high.json,1390,16,24,62,25.0538,0.0,0.537,OPTIMAL
grid_4x4,seed_milpsnap_grid4x4_high.json,1391,16,24,61,25.0538,0.0,0.533,OPTIMAL
grid_4x4,seed_milpsnap_grid4x4_high.json,1392,16,24,61,25.0538,0.0,0.529,OPTIMAL
grid_4x4,seed_milpsnap_grid4x4_high.json,1393,16,24,62,25.0538,4.5610554282478685e-05,0.556,OPTIMAL
grid_4x4,seed_milpsnap_grid4x4_high.json,1394,16,24,60,25.0538,4.5610554282478685e-05,0.504,OPTIMAL
grid_4x4,seed_milpsnap_grid4x4_high.json,1395,16,24,58,25.0538,0.0,0.489,OPTIMAL
grid_4x4,seed_milpsnap_grid4x4_high.json,1396,16,24,59,25.0538,0.0,0.511,OPTIMAL
grid_4x4,seed_milpsnap_grid4x4_high.json,1397,16,24,59,25.0538,4.5610554282478685e-05,0.523,OPTIMAL
grid_4x4,seed_milpsnap_grid4x4_high.json,1398,16,24,62,25.0538,0.0,0.56,OPTIMAL
grid_4x4,seed_milpsnap_grid4x4_high.json,1399,16,24,61,25.0538,0.0,0.53,OPTIMAL
grid_4x4,seed_milpsnap_grid4x4_high.json,1400,16,24,60,25.0538,0.0,0.475,OPTIMAL
grid_4x4,seed_milpsnap_grid4x4_high.json,1401,16,24,59,25.0538,4.5610554282478685e-05,0.513,OPTIMAL
grid_4x4,seed_milpsnap_grid4x4_high.json,1402,16,24,53,25.0538,0.0,0.478,OPTIMAL
grid_4x4,seed_milpsnap_grid4x4_high.json,1403,16,24,46,25.0538,0.0,0.364,OPTIMAL
grid_4x4,seed_milpsnap_grid4x4_high.json,1404,16,24,42,25.0538,0.0,0.312,OPTIMAL
grid_4x4,seed_milpsnap_grid4x4_high.json,1405,16,24,44,25.0538,0.0,0.427,OPTIMAL
grid_4x4,seed_milpsnap_grid4x4_high.json,1406,16,24,48,25.0538,0.0,0.41,OPTIMAL
grid_4x4,seed_milpsnap_grid4x4_high.json,1407,16,24,49,25.0538,4.5610554282478685e-05,0.375,OPTIMAL
grid_4x4,seed_milpsnap_grid4x4_high.json,1408,16,24,52,25.0538,0.0,0.44,OPTIMAL
grid_4x4,seed_milpsnap_grid4x4_high.json,1409,16,24,51,25.0538,0.0,0.435,OPTIMAL
grid_4x4,seed_milpsnap_grid4x4_high.json,1410,16,24,53,25.0538,4.5610554282478685e-05,0.463,OPTIMAL
grid_4x4,seed_milpsnap_grid4x4_high.json,1411,16,24,53,25.0538,0.0,0.481,OPTIMAL
grid_4x4,seed_milpsnap_grid4x4_high.json,1412,16,24,52,25.0538,0.0,0.452,OPTIMAL
grid_4x4,seed_milpsnap_grid4x4_high.json,1413,16,24,49,25.0538,0.0,0.415,OPTIMAL
grid_4x4,seed_milpsnap_grid4x4_high.json,1414,16,24,50,25.0538,4.5610554282478685e-05,0.406,OPTIMAL
grid_4x4,seed_milpsnap_grid4x4_high.json,1415,16,24,55,25.0538,0.0,0.521,OPTIMAL
grid_4x4,seed_milpsnap_grid4x4_high.json,1416,16,24,56,25.0538,0.0,0.472,OPTIMAL
grid_4x4,seed_milpsnap_grid4x4_high.json,1417,16,24,55,25.0538,0.0,0.488,OPTIMAL
grid_4x4,seed_milpsnap_grid4x4_high.json,1418,16,24,56,25.0538,0.0,0.485,OPTIMAL
grid_4x4,seed_milpsnap_grid4x4_high.json,1419,16,24,65,25.0538,0.0,0.592,OPTIMAL
grid_4x4,seed_milpsnap_grid4x4_high.json,1420,16,24,64,25.0538,0.0,0.545,OPTIMAL
grid_4x4,seed_milpsnap_grid4x4_high.json,1421,16,24,66,25.0538,0.0,0.585,OPTIMAL
grid_4x4,seed_milpsnap_grid4x4_high.json,1422,16,24,65,25.0538,0.0,0.563,OPTIMAL
grid_4x4,seed_milpsnap_grid4x4_high.json,1423,16,24,63,25.0538,0.0,0.59,OPTIMAL
grid_4x4,seed_milpsnap_grid4x4_high.json,1424,16,24,62,25.0538,0.0,0.53,OPTIMAL
grid_4x4,seed_milpsnap_grid4x4_high.json,1425,16,24,62,25.0538,0.0,0.518,OPTIMAL
grid_4x4,seed_milpsnap_grid4x4_high.json,1426,16,24,60,25.0538,0.0,0.536,OPTIMAL
grid_4x4,seed_milpsnap_grid4x4_high.json,1427,16,24,61,25.0538,0.0,0.535,OPTIMAL
grid_4x4,seed_milpsnap_grid4x4_high.json,1428,16,24,59,25.0538,0.0,0.518,OPTIMAL
grid_4x4,seed_milpsnap_grid4x4_high.json,1429,16,24,59,25.0538,0.0,0.528,OPTIMAL
grid_4x4,seed_milpsnap_grid4x4_high.json,1430,16,24,53,25.0538,0.0,0.465,OPTIMAL
grid_4x4,seed_milpsnap_grid4x4_high.json,1431,16,24,57,25.0538,0.0,0.465,OPTIMAL
grid_4x4,seed_milpsnap_grid4x4_high.json,1432,16,24,54,25.0538,4.5610554282478685e-05,0.471,OPTIMAL
grid_4x4,seed_milpsnap_grid4x4_high.json,1433,16,24,57,25.0538,0.0,0.489,OPTIMAL
grid_4x4,seed_milpsnap_grid4x4_high.json,1434,16,24,49,25.0538,4.5610554282478685e-05,0.411,OPTIMAL
grid_4x4,seed_milpsnap_grid4x4_high.json,1435,16,24,50,25.0538,0.0,0.439,OPTIMAL
grid_4x4,seed_milpsnap_grid4x4_high.json,1436,16,24,45,25.0538,0.0,0.368,OPTIMAL
grid_4x4,seed_milpsnap_grid4x4_high.json,1437,16,24,44,25.0538,0.0,0.338,OPTIMAL
grid_4x4,seed_milpsnap_grid4x4_high.json,1438,16,24,41,25.0538,0.0,0.294,OPTIMAL
grid_4x4,seed_milpsnap_grid4x4_high.json,1439,16,24,43,25.0538,0.0,0.343,OPTIMAL
grid_4x4,seed_milpsnap_grid4x4_high.json,1440,16,24,40,25.0538,0.0,0.31,OPTIMAL
grid_4x4,seed_milpsnap_grid4x4_high.json,1441,16,24,41,25.0538,0.0,0.329,OPTIMAL
grid_4x4,seed_milpsnap_grid4x4_high.json,1442,16,24,41,25.0538,0.0,0.317,OPTIMAL
grid_4x4,seed_milpsnap_grid4x4_high.json,1443,16,24,43,25.0538,0.0,0.344,OPTIMAL
grid_4x4,seed_milpsnap_grid4x4_high.json,1444,16,24,41,25.0538,0.0,0.325,OPTIMAL
grid_4x4,seed_milpsnap_grid4x4_high.json,1445,16,24,41,25.0538,0.0,0.316,OPTIMAL
grid_4x4,seed_milpsnap_grid4x4_high.json,1446,16,24,37,25.0538,4.5610554282478685e-05,0.268,OPTIMAL
grid_4x4,seed_milpsnap_grid4x4_high.json,1447,16,24,39,25.0538,0.0,0.311,OPTIMAL
grid_4x4,seed_milpsnap_grid4x4_high.json,1448,16,24,36,25.0538,0.0,0.294,OPTIMAL
grid_4x4,seed_milpsnap_grid4x4_high.json,1449,16,24,37,25.0538,0.0,0.31,OPTIMAL
grid_4x4,seed_milpsnap_grid4x4_high.json,1450,16,24,38,25.0538,0.0,0.283,OPTIMAL
grid_4x4,seed_milpsnap_grid4x4_high.json,1451,16,24,39,25.0538,0.0,0.319,OPTIMAL
grid_4x4,seed_milpsnap_grid4x4_high.json,1452,16,24,44,25.0538,4.5610554282478685e-05,0.334,OPTIMAL
grid_4x4,seed_milpsnap_grid4x4_high.json,1453,16,24,46,25.0538,0.0,0.407,OPTIMAL
grid_4x4,seed_milpsnap_grid4x4_high.json,1454,16,24,50,25.0538,0.0,0.55,OPTIMAL
grid_4x4,seed_milpsnap_grid4x4_high.json,1455,16,24,52,25.0538,0.0,0.439,OPTIMAL
grid_4x4,seed_milpsnap_grid4x4_high.json,1456,16,24,54,25.0538,0.0,0.471,OPTIMAL
grid_4x4,seed_milpsnap_grid4x4_high.json,1457,16,24,56,25.0538,0.0,0.487,OPTIMAL
grid_4x4,seed_milpsnap_grid4x4_high.json,1458,16,24,58,25.0538,0.0,0.546,OPTIMAL
grid_4x4,seed_milpsnap_grid4x4_high.json,1459,16,24,60,25.0538,0.0,0.526,OPTIMAL
grid_4x4,seed_milpsnap_grid4x4_high.json,1460,16,24,62,25.0538,0.0,0.59,OPTIMAL
grid_4x4,seed_milpsnap_grid4x4_high.json,1461,16,24,62,25.0538,0.0,0.566,OPTIMAL
grid_4x4,seed_milpsnap_grid4x4_high.json,1462,16,24,62,25.0538,0.0,0.533,OPTIMAL
grid_4x4,seed_milpsnap_grid4x4_high.json,1463,16,24,66,25.0538,0.0,0.597,OPTIMAL
grid_4x4,seed_milpsnap_grid4x4_high.json,1464,16,24,65,25.0538,0.0,0.55,OPTIMAL
grid_4x4,seed_milpsnap_grid4x4_high.json,1465,16,24,65,25.0538,0.0,0.596,OPTIMAL
grid_4x4,seed_milpsnap_grid4x4_high.json,1466,16,24,66,25.0538,0.0,0.557,OPTIMAL
grid_4x4,seed_milpsnap_grid4x4_high.json,1467,16,24,66,25.0538,0.0,0.572,OPTIMAL
grid_4x4,seed_milpsnap_grid4x4_high.json,1468,16,24,69,25.0538,0.0,0.702,OPTIMAL
grid_4x4,seed_milpsnap_grid4x4_high.json,1469,16,24,65,25.0538,0.0,0.576,OPTIMAL
grid_4x4,seed_milpsnap_grid4x4_high.json,1470,16,24,65,25.0538,0.0,0.605,OPTIMAL
grid_4x4,seed_milpsnap_grid4x4_high.json,1471,16,24,63,25.0538,0.0,0.534,OPTIMAL
grid_4x4,seed_milpsnap_grid4x4_high.json,1472,16,24,61,25.0538,4.5610554282478685e-05,0.604,OPTIMAL
grid_4x4,seed_milpsnap_grid4x4_high.json,1473,16,24,61,25.0538,4.5610554282478685e-05,0.587,OPTIMAL
grid_4x4,seed_milpsnap_grid4x4_high.json,1474,16,24,64,25.0538,0.0,0.633,OPTIMAL
grid_4x4,seed_milpsnap_grid4x4_high.json,1475,16,24,61,25.0538,0.0,0.607,OPTIMAL
grid_4x4,seed_milpsnap_grid4x4_high.json,1476,16,24,62,25.0538,0.0,0.521,OPTIMAL
grid_4x4,seed_milpsnap_grid4x4_high.json,1477,16,24,62,25.0538,0.0,0.571,OPTIMAL
grid_4x4,seed_milpsnap_grid4x4_high.json,1478,16,24,59,25.0538,0.0,0.627,OPTIMAL
grid_4x4,seed_milpsnap_grid4x4_high.json,1479,16,24,61,25.0538,0.0,0.602,OPTIMAL
grid_4x4,seed_milpsnap_grid4x4_high.json,1480,16,24,60,25.0538,0.0,0.592,OPTIMAL
grid_4x4,seed_milpsnap_grid4x4_high.json,1481,16,24,61,25.0538,0.0,0.508,OPTIMAL
grid_4x4,seed_milpsnap_grid4x4_high.json,1482,16,24,58,25.0538,0.0,0.549,OPTIMAL
grid_4x4,seed_milpsnap_grid4x4_high.json,1483,16,24,57,25.0538,0.0,0.488,OPTIMAL
grid_4x4,seed_milpsnap_grid4x4_high.json,1484,16,24,60,25.0538,4.5610554282478685e-05,0.59,OPTIMAL
grid_4x4,seed_milpsnap_grid4x4_high.json,1485,16,24,62,25.0538,0.0,0.626,OPTIMAL
grid_4x4,seed_milpsnap_grid4x4_high.json,1486,16,24,63,25.0538,0.0,0.592,OPTIMAL
grid_4x4,seed_milpsnap_grid4x4_high.json,1487,16,24,59,25.0538,0.0,1.03,OPTIMAL
grid_4x4,seed_milpsnap_grid4x4_high.json,1488,16,24,60,25.0538,0.0,1.603,OPTIMAL
grid_4x4,seed_milpsnap_grid4x4_high.json,1489,16,24,55,25.0538,0.0,0.694,OPTIMAL
grid_4x4,seed_milpsnap_grid4x4_high.json,1490,16,24,58,25.0538,0.0,0.84,OPTIMAL
grid_4x4,seed_milpsnap_grid4x4_high.json,1491,16,24,58,25.0538,0.0,0.801,OPTIMAL
grid_4x4,seed_milpsnap_grid4x4_high.json,1492,16,24,57,25.0538,0.0,0.688,OPTIMAL
grid_4x4,seed_milpsnap_grid4x4_high.json,1493,16,24,61,25.0538,0.0,0.599,OPTIMAL
grid_4x4,seed_milpsnap_grid4x4_high.json,1494,16,24,59,25.0538,0.0,0.674,OPTIMAL
grid_4x4,seed_milpsnap_grid4x4_high.json,1495,16,24,59,25.0538,0.0,0.837,OPTIMAL
grid_4x4,seed_milpsnap_grid4x4_high.json,1496,16,24,58,25.0538,4.5610554282478685e-05,0.883,OPTIMAL
grid_4x4,seed_milpsnap_grid4x4_high.json,1497,16,24,56,25.0538,0.0,0.523,OPTIMAL
grid_4x4,seed_milpsnap_grid4x4_high.json,1498,16,24,54,25.0538,0.0,0.629,OPTIMAL
grid_4x4,seed_milpsnap_grid4x4_high.json,1499,16,24,52,25.0538,0.0,0.519,OPTIMAL
grid_4x4,seed_milpsnap_grid4x4_high.json,1500,16,24,53,25.0538,0.0,0.948,OPTIMAL
grid_4x4,seed_milpsnap_grid4x4_high.json,1501,16,24,54,25.0538,0.0,0.643,OPTIMAL
grid_4x4,seed_milpsnap_grid4x4_high.json,1502,16,24,57,25.0538,0.0,0.55,OPTIMAL
grid_4x4,seed_milpsnap_grid4x4_high.json,1503,16,24,57,25.0538,0.0,0.515,OPTIMAL
grid_4x4,seed_milpsnap_grid4x4_high.json,1504,16,24,58,25.0538,4.5610554282478685e-05,0.648,OPTIMAL
grid_4x4,seed_milpsnap_grid4x4_high.json,1505,16,24,56,25.0538,4.5610554282478685e-05,0.489,OPTIMAL
grid_4x4,seed_milpsnap_grid4x4_high.json,1506,16,24,53,25.0538,4.5610554282478685e-05,0.51,OPTIMAL
grid_4x4,seed_milpsnap_grid4x4_high.json,1507,16,24,57,25.0538,0.0,0.552,OPTIMAL
grid_4x4,seed_milpsnap_grid4x4_high.json,1508,16,24,55,25.0538,0.0,0.511,OPTIMAL
grid_4x4,seed_milpsnap_grid4x4_high.json,1509,16,24,57,25.0538,0.0,0.522,OPTIMAL
grid_4x4,seed_milpsnap_grid4x4_high.json,1510,16,24,58,25.0538,0.0,0.596,OPTIMAL
