topo,seed_file,batch,n_switches,n_links,n_flows,energy_saving_percent,mip_gap,solve_time_sec,status
grid_5x5,seed_milpsnap_grid5x5_high.json,1,25,40,1,80.0197,0.0,0.154,OPTIMAL
grid_5x5,seed_milpsnap_grid5x5_high.json,2,25,40,6,44.0463,0.0,0.17,OPTIMAL
grid_5x5,seed_milpsnap_grid5x5_high.json,3,25,40,15,40.0492,0.0,0.241,OPTIMAL
grid_5x5,seed_milpsnap_grid5x5_high.json,4,25,40,24,36.0522,0.0,0.582,OPTIMAL
grid_5x5,seed_milpsnap_grid5x5_high.json,5,25,40,31,36.0522,0.0,1.53,OPTIMAL
grid_5x5,seed_milpsnap_grid5x5_high.json,6,25,40,39,36.0522,7.696583572062955e-05,1.842,OPTIMAL
grid_5x5,seed_milpsnap_grid5x5_high.json,7,25,40,49,36.0522,7.696583572062955e-05,1.837,OPTIMAL
grid_5x5,seed_milpsnap_grid5x5_high.json,8,25,40,59,36.0522,7.696583572062955e-05,2.175,OPTIMAL
grid_5x5,seed_milpsnap_grid5x5_high.json,9,25,40,67,36.0522,7.69658357204351e-05,2.521,OPTIMAL
grid_5x5,seed_milpsnap_grid5x5_high.json,10,25,40,78,36.0522,7.696583572062955e-05,2.68,OPTIMAL
grid_5x5,seed_milpsnap_grid5x5_high.json,11,25,40,81,36.0522,7.696583572062955e-05,2.924,OPTIMAL
grid_5x5,seed_milpsnap_grid5x5_high.json,12,25,40,92,36.0522,7.696583572062955e-05,3.525,OPTIMAL
grid_5x5,seed_milpsnap_grid5x5_high.json,13,25,40,100,36.0522,7.696583572062955e-05,2.785,OPTIMAL
grid_5x5,seed_milpsnap_grid5x5_high.json,14,25,40,109,36.0522,7.696583572082397e-05,3.354,OPTIMAL
grid_5x5,seed_milpsnap_grid5x5_high.json,15,25,40,120,36.0522,7.696583572062955e-05,3.314,OPTIMAL
grid_5x5,seed_milpsnap_grid5x5_high.json,16,25,40,128,36.0522,7.696583572062952e-05,3.476,OPTIMAL
grid_5x5,seed_milpsnap_grid5x5_high.json,17,25,40,131,36.0522,7.696583572062955e-05,3.015,OPTIMAL
grid_5x5,seed_milpsnap_grid5x5_high.json,18,25,40,127,36.0522,7.69658357204351e-05,2.946,OPTIMAL
grid_5x5,seed_milpsnap_grid5x5_high.json,19,25,40,124,36.0522,7.696583572062955e-05,3.662,OPTIMAL
grid_5x5,seed_milpsnap_grid5x5_high.json,20,25,40,127,36.0522,7.69658357204351e-05,3.29,OPTIMAL
grid_5x5,seed_milpsnap_grid5x5_high.json,21,25,40,128,36.0522,7.696583572062952e-05,3.395,OPTIMAL
grid_5x5,seed_milpsnap_grid5x5_high.json,22,25,40,125,36.0522,7.696583572062955e-05,3.887,OPTIMAL
grid_5x5,seed_milpsnap_grid5x5_high.json,23,25,40,120,36.0522,7.696583572062955e-05,3.675,OPTIMAL
grid_5x5,seed_milpsnap_grid5x5_high.json,24,25,40,120,36.0522,7.696583572062955e-05,5.46,OPTIMAL
grid_5x5,seed_milpsnap_grid5x5_high.json,25,25,40,116,36.0522,7.696583572062955e-05,3.862,OPTIMAL
grid_5x5,seed_milpsnap_grid5x5_high.json,26,25,40,118,36.0522,7.696583572062955e-05,3.765,OPTIMAL
grid_5x5,seed_milpsnap_grid5x5_high.json,27,25,40,118,36.0522,7.696583572082397e-05,3.743,OPTIMAL
grid_5x5,seed_milpsnap_grid5x5_high.json,28,25,40,119,36.0522,7.696583572062955e-05,6.384,OPTIMAL
grid_5x5,seed_milpsnap_grid5x5_high.json,29,25,40,117,36.0522,7.696583572062955e-05,5.652,OPTIMAL
grid_5x5,seed_milpsnap_grid5x5_high.json,30,25,40,116,36.0522,7.696583572062955e-05,5.157,OPTIMAL
grid_5x5,seed_milpsnap_grid5x5_high.json,31,25,40,119,36.0522,7.696583572062955e-05,4.638,OPTIMAL
grid_5x5,seed_milpsnap_grid5x5_high.json,32,25,40,114,36.0522,7.696583572062955e-05,6.118,OPTIMAL
grid_5x5,seed_milpsnap_grid5x5_high.json,33,25,40,117,36.0522,7.696583572062955e-05,4.364,OPTIMAL
grid_5x5,seed_milpsnap_grid5x5_high.json,34,25,40,122,36.0522,7.696583572082397e-05,3.435,OPTIMAL
grid_5x5,seed_milpsnap_grid5x5_high.json,35,25,40,121,36.0522,7.696583572082397e-05,3.774,OPTIMAL
grid_5x5,seed_milpsnap_grid5x5_high.json,36,25,40,121,36.0522,7.696583572082397e-05,4.738,OPTIMAL
grid_5x5,seed_milpsnap_grid5x5_high.json,37,25,40,123,36.0522,7.696583572062955e-05,6.315,OPTIMAL
grid_5x5,seed_milpsnap_grid5x5_high.json,38,25,40,129,36.0522,7.69658357204351e-05,4.151,OPTIMAL
grid_5x5,seed_milpsnap_grid5x5_high.json,39,25,40,134,36.0522,7.69658357204351e-05,3.417,OPTIMAL
grid_5x5,seed_milpsnap_grid5x5_high.json,40,25,40,142,36.0522,7.696583572062952e-05,3.976,OPTIMAL
grid_5x5,seed_milpsnap_grid5x5_high.json,41,25,40,148,36.0522,7.696583572062952e-05,3.861,OPTIMAL
grid_5x5,seed_milpsnap_grid5x5_high.json,42,25,40,142,36.0522,7.69658357204351e-05,3.599,OPTIMAL
grid_5x5,seed_milpsnap_grid5x5_high.json,43,25,40,140,36.0522,7.69658357204351e-05,3.337,OPTIMAL
grid_5x5,seed_milpsnap_grid5x5_high.json,44,25,40,138,36.0522,7.69658357204351e-05,3.664,OPTIMAL
grid_5x5,seed_milpsnap_grid5x5_high.json,45,25,40,130,36.0522,7.696583572062952e-05,3.364,OPTIMAL
grid_5x5,seed_milpsnap_grid5x5_high.json,46,25,40,123,36.0522,7.696583572062955e-05,3.345,OPTIMAL
grid_5x5,seed_milpsnap_grid5x5_high.json,47,25,40,129,36.0522,7.69658357204351e-05,3.552,OPTIMAL
grid_5x5,seed_milpsnap_grid5x5_high.json,48,25,40,127,36.0522,7.696583572062952e-05,3.284,OPTIMAL
grid_5x5,seed_milpsnap_grid5x5_high.json,49,25,40,120,36.0522,7.696583572082397e-05,3.224,OPTIMAL
grid_5x5,seed_milpsnap_grid5x5_high.json,50,25,40,116,36.0522,7.696583572082397e-05,3.27,OPTIMAL
grid_5x5,seed_milpsnap_grid5x5_high.json,51,25,40,115,36.0522,7.696583572062955e-05,3.227,OPTIMAL
grid_5x5,seed_milpsnap_grid5x5_high.json,52,25,40,117,36.0522,7.696583572062955e-05,3.28,OPTIMAL
grid_5x5,seed_milpsnap_grid5x5_high.json,53,25,40,114,36.0522,7.696583572082397e-05,3.205,OPTIMAL
grid_5x5,seed_milpsnap_grid5x5_high.json,54,25,40,112,36.0522,7.696583572062955e-05,3.194,OPTIMAL
grid_5x5,seed_milpsnap_grid5x5_high.json,55,25,40,105,36.0522,7.696583572062955e-05,3.71,OPTIMAL
grid_5x5,seed_milpsnap_grid5x5_high.json,56,25,40,101,36.0522,7.696583572062955e-05,2.815,OPTIMAL
grid_5x5,seed_milpsnap_grid5x5_high.json,57,25,40,105,36.0522,7.696583572062955e-05,3.021,OPTIMAL
grid_5x5,seed_milpsnap_grid5x5_high.json,58,25,40,104,36.0522,7.69658357204351e-05,3.042,OPTIMAL
grid_5x5,seed_milpsnap_grid5x5_high.json,59,25,40,105,36.0522,7.696583572062955e-05,2.858,OPTIMAL
grid_5x5,seed_milpsnap_grid5x5_high.json,60,25,40,114,36.0522,7.696583572062955e-05,3.308,OPTIMAL
grid_5x5,seed_milpsnap_grid5x5_high.json,61,25,40,119,36.0522,7.696583572082397e-05,3.348,OPTIMAL
grid_5x5,seed_milpsnap_grid5x5_high.json,62,25,40,115,36.0522,7.696583572062955e-05,3.284,OPTIMAL
grid_5x5,seed_milpsnap_grid5x5_high.json,63,25,40,120,36.0522,7.696583572062955e-05,3.362,OPTIMAL
grid_5x5,seed_milpsnap_grid5x5_high.json,64,25,40,123,36.0522,7.696583572062955e-05,4.304,OPTIMAL
grid_5x5,seed_milpsnap_grid5x5_high.json,65,25,40,129,36.0522,7.69658357204351e-05,3.755,OPTIMAL
grid_5x5,seed_milpsnap_grid5x5_high.json,66,25,40,136,36.0522,7.696583572062952e-05,3.655,OPTIMAL
grid_5x5,seed_milpsnap_grid5x5_high.json,67,25,40,137,36.0522,7.696583572062952e-05,3.291,OPTIMAL
grid_5x5,seed_milpsnap_grid5x5_high.json,68,25,40,140,36.0522,7.69658357204351e-05,3.736,OPTIMAL
grid_5x5,seed_milpsnap_grid5x5_high.json,69,25,40,139,36.0522,7.696583572062955e-05,3.906,OPTIMAL
grid_5x5,seed_milpsnap_grid5x5_high.json,70,25,40,138,36.0522,7.69658357204351e-05,3.367,OPTIMAL
grid_5x5,seed_milpsnap_grid5x5_high.json,71,25,40,138,36.0522,7.69658357204351e-05,3.441,OPTIMAL
grid_5x5,seed_milpsnap_grid5x5_high.json,72,25,40,144,36.0522,7.69658357204351e-05,3.492,OPTIMAL
grid_5x5,seed_milpsnap_grid5x5_high.json,73,25,40,145,36.0522,0.0,4.757,OPTIMAL
grid_5x5,seed_milpsnap_grid5x5_high.json,74,25,40,145,36.0522,7.696583572062952e-05,3.83,OPTIMAL
grid_5x5,seed_milpsnap_grid5x5_high.json,75,25,40,141,36.0522,7.69658357204351e-05,3.595,OPTIMAL
grid_5x5,seed_milpsnap_grid5x5_high.json,76,25,40,141,36.0522,7.696583572062952e-05,3.367,OPTIMAL
grid_5x5,seed_milpsnap_grid5x5_high.json,77,25,40,142,36.0522,7.69658357204351e-05,4.024,OPTIMAL
grid_5x5,seed_milpsnap_grid5x5_high.json,78,25,40,139,36.0522,7.69658357204351e-05,4.743,OPTIMAL
grid_5x5,seed_milpsnap_grid5x5_high.json,79,25,40,141,36.0522,7.69658357204351e-05,3.918,OPTIMAL
grid_5x5,seed_milpsnap_grid5x5_high.json,80,25,40,141,36.0522,7.696583572062952e-05,6.605,OPTIMAL
grid_5x5,seed_milpsnap_grid5x5_high.json,81,25,40,136,36.0522,7.696583572062952e-05,3.217,OPTIMAL
grid_5x5,seed_milpsnap_grid5x5_high.json,82,25,40,129,36.0522,7.696583572062952e-05,2.856,OPTIMAL
grid_5x5,seed_milpsnap_grid5x5_high.json,83,25,40,129,36.0522,7.696583572062952e-05,3.659,OPTIMAL
grid_5x5,seed_milpsnap_grid5x5_high.json,84,25,40,128,36.0522,7.696583572082397e-05,2.597,OPTIMAL
grid_5x5,seed_milpsnap_grid5x5_high.json,85,25,40,132,36.0522,7.69658357204351e-05,2.517,OPTIMAL
grid_5x5,seed_milpsnap_grid5x5_high.json,86,25,40,133,36.0522,7.696583572062955e-05,2.692,OPTIMAL
grid_5x5,seed_milpsnap_grid5x5_high.json,87,25,40,123,36.0522,7.696583572062955e-05,2.809,OPTIMAL
grid_5x5,seed_milpsnap_grid5x5_high.json,88,25,40,124,36.0522,7.696583572082397e-05,2.5,OPTIMAL
grid_5x5,seed_milpsnap_grid5x5_high.json,89,25,40,124,36.0522,7.696583572062955e-05,2.852,OPTIMAL
grid_5x5,seed_milpsnap_grid5x5_high.json,90,25,40,125,36.0522,7.696583572062955e-05,2.729,OPTIMAL
grid_5x5,seed_milpsnap_grid5x5_high.json,91,25,40,121,36.0522,7.696583572062955e-05,2.586,OPTIMAL
grid_5x5,seed_milpsnap_grid5x5_high.json,92,25,40,128,36.0522,7.696583572062952e-05,2.269,OPTIMAL
grid_5x5,seed_milpsnap_grid5x5_high.json,93,25,40,127,36.0522,7.696583572062952e-05,2.201,OPTIMAL
grid_5x5,seed_milpsnap_grid5x5_high.json,94,25,40,126,36.0522,7.696583572082397e-05,2.457,OPTIMAL
grid_5x5,seed_milpsnap_grid5x5_high.json,95,25,40,122,36.0522,7.696583572082397e-05,2.485,OPTIMAL
grid_5x5,seed_milpsnap_grid5x5_high.json,96,25,40,126,36.0522,7.696583572062955e-05,2.612,OPTIMAL
grid_5x5,seed_milpsnap_grid5x5_high.json,97,25,40,134,36.0522,7.69658357204351e-05,2.705,OPTIMAL
grid_5x5,seed_milpsnap_grid5x5_high.json,98,25,40,130,36.0522,7.69658357204351e-05,2.393,OPTIMAL
grid_5x5,seed_milpsnap_grid5x5_high.json,99,25,40,133,36.0522,7.696583572062952e-05,2.364,OPTIMAL
grid_5x5,seed_milpsnap_grid5x5_high.json,100,25,40,126,36.0522,7.696583572062955e-05,2.546,OPTIMAL
grid_5x5,seed_milpsnap_grid5x5_high.json,101,25,40,123,36.0522,7.696583572062955e-05,2.609,OPTIMAL
grid_5x5,seed_milpsnap_grid5x5_high.json,102,25,40,129,36.0522,7.69658357204351e-05,2.159,OPTIMAL
grid_5x5,seed_milpsnap_grid5x5_high.json,103,25,40,136,36.0522,7.696583572062952e-05,2.38,OPTIMAL
grid_5x5,seed_milpsnap_grid5x5_high.json,104,25,40,133,36.0522,7.696583572062952e-05,2.289,OPTIMAL
grid_5x5,seed_milpsnap_grid5x5_high.json,105,25,40,133,36.0522,7.696583572062952e-05,2.364,OPTIMAL
grid_5x5,seed_milpsnap_grid5x5_high.json,106,25,40,132,36.0522,7.696583572062952e-05,2.124,OPTIMAL
grid_5x5,seed_milpsnap_grid5x5_high.json,107,25,40,132,36.0522,7.69658357204351e-05,2.2,OPTIMAL
grid_5x5,seed_milpsnap_grid5x5_high.json,108,25,40,134,36.0522,7.69658357204351e-05,2.356,OPTIMAL
grid_5x5,seed_milpsnap_grid5x5_high.json,109,25,40,134,36.0522,7.69658357204351e-05,2.239,OPTIMAL
grid_5x5,seed_milpsnap_grid5x5_high.json,110,25,40,133,36.0522,7.696583572062952e-05,2.388,OPTIMAL
grid_5x5,seed_milpsnap_grid5x5_high.json,111,25,40,128,36.0522,7.69658357204351e-05,2.167,OPTIMAL
grid_5x5,seed_milpsnap_grid5x5_high.json,112,25,40,128,36.0522,7.69658357204351e-05,2.059,OPTIMAL
grid_5x5,seed_milpsnap_grid5x5_high.json,113,25,40,126,36.0522,7.696583572062955e-05,2.785,OPTIMAL
grid_5x5,seed_milpsnap_grid5x5_high.json,114,25,40,123,36.0522,7.696583572062955e-05,2.566,OPTIMAL
grid_5x5,seed_milpsnap_grid5x5_high.json,115,25,40,127,36.0522,7.69658357204351e-05,2.278,OPTIMAL
grid_5x5,seed_milpsnap_grid5x5_high.json,116,25,40,133,36.0522,7.69658357204351e-05,2.288,OPTIMAL
grid_5x5,seed_milpsnap_grid5x5_high.json,117,25,40,134,36.0522,7.69658357204351e-05,2.199,OPTIMAL
grid_5x5,seed_milpsnap_grid5x5_high.json,118,25,40,123,36.0522,7.696583572062955e-05,2.529,OPTIMAL
grid_5x5,seed_milpsnap_grid5x5_high.json,119,25,40,131,36.0522,7.696583572062952e-05,2.212,OPTIMAL
grid_5x5,seed_milpsnap_grid5x5_high.json,120,25,40,131,36.0522,7.69658357204351e-05,2.16,OPTIMAL
grid_5x5,seed_milpsnap_grid5x5_high.json,121,25,40,140,36.0522,7.69658357204351e-05,2.51,OPTIMAL
grid_5x5,seed_milpsnap_grid5x5_high.json,122,25,40,133,36.0522,7.69658357204351e-05,2.349,OPTIMAL
grid_5x5,seed_milpsnap_grid5x5_high.json,123,25,40,134,36.0522,7.69658357204351e-05,2.174,OPTIMAL
grid_5x5,seed_milpsnap_grid5x5_high.json,124,25,40,134,36.0522,7.69658357204351e-05,2.518,OPTIMAL
grid_5x5,seed_milpsnap_grid5x5_high.json,125,25,40,133,36.0522,7.69658357204351e-05,2.214,OPTIMAL
grid_5x5,seed_milpsnap_grid5x5_high.json,126,25,40,134,36.0522,7.69658357204351e-05,2.538,OPTIMAL
grid_5x5,seed_milpsnap_grid5x5_high.json,127,25,40,129,36.0522,7.69658357204351e-05,2.234,OPTIMAL
grid_5x5,seed_milpsnap_grid5x5_high.json,128,25,40,130,36.0522,7.696583572062952e-05,2.352,OPTIMAL
grid_5x5,seed_milpsnap_grid5x5_high.json,129,25,40,130,36.0522,7.69658357204351e-05,2.27,OPTIMAL
grid_5x5,seed_milpsnap_grid5x5_high.json,130,25,40,131,36.0522,7.69658357204351e-05,2.255,OPTIMAL
grid_5x5,seed_milpsnap_grid5x5_high.json,131,25,40,125,36.0522,7.696583572062955e-05,2.64,OPTIMAL
grid_5x5,seed_milpsnap_grid5x5_high.json,132,25,40,116,36.0522,7.696583572082397e-05,3.018,OPTIMAL
grid_5x5,seed_milpsnap_grid5x5_high.json,133,25,40,116,36.0522,7.696583572062955e-05,2.581,OPTIMAL
grid_5x5,seed_milpsnap_grid5x5_high.json,134,25,40,108,36.0522,7.696583572062955e-05,2.221,OPTIMAL
grid_5x5,seed_milpsnap_grid5x5_high.json,135,25,40,106,36.0522,7.696583572062955e-05,2.153,OPTIMAL
grid_5x5,seed_milpsnap_grid5x5_high.json,136,25,40,99,36.0522,7.696583572062955e-05,1.988,OPTIMAL
grid_5x5,seed_milpsnap_grid5x5_high.json,137,25,40,104,36.0522,7.696583572062955e-05,2.185,OPTIMAL
grid_5x5,seed_milpsnap_grid5x5_high.json,138,25,40,102,36.0522,7.696583572062955e-05,1.874,OPTIMAL
grid_5x5,seed_milpsnap_grid5x5_high.json,139,25,40,100,36.0522,7.696583572082397e-05,2.164,OPTIMAL
grid_5x5,seed_milpsnap_grid5x5_high.json,140,25,40,103,36.0522,7.696583572062955e-05,2.429,OPTIMAL
grid_5x5,seed_milpsnap_grid5x5_high.json,141,25,40,103,36.0522,7.696583572062955e-05,2.067,OPTIMAL
grid_5x5,seed_milpsnap_grid5x5_high.json,142,25,40,102,36.0522,7.696583572062955e-05,1.951,OPTIMAL
grid_5x5,seed_milpsnap_grid5x5_high.json,143,25,40,104,36.0522,7.696583572062955e-05,2.038,OPTIMAL
grid_5x5,seed_milpsnap_grid5x5_high.json,144,25,40,102,36.0522,7.696583572082397e-05,1.93,OPTIMAL
grid_5x5,seed_milpsnap_grid5x5_high.json,145,25,40,102,36.0522,7.696583572062955e-05,1.923,OPTIMAL
grid_5x5,seed_milpsnap_grid5x5_high.json,146,25,40,104,36.0522,7.69658357204351e-05,2.111,OPTIMAL
grid_5x5,seed_milpsnap_grid5x5_high.json,147,25,40,107,36.0522,7.696583572062955e-05,2.115,OPTIMAL
grid_5x5,seed_milpsnap_grid5x5_high.json,148,25,40,109,36.0522,7.696583572062955e-05,2.144,OPTIMAL
grid_5x5,seed_milpsnap_grid5x5_high.json,149,25,40,111,36.0522,7.696583572062955e-05,2.244,OPTIMAL
grid_5x5,seed_milpsnap_grid5x5_high.json,150,25,40,116,36.0522,7.696583572062955e-05,2.248,OPTIMAL
grid_5x5,seed_milpsnap_grid5x5_high.json,151,25,40,118,36.0522,7.696583572062955e-05,2.323,OPTIMAL
grid_5x5,seed_milpsnap_grid5x5_high.json,152,25,40,1,76.0226,0.0,0.012,OPTIMAL
grid_5x5,seed_milpsnap_grid5x5_high.json,153,25,40,12,44.0463,0.0,0.12,OPTIMAL
grid_5x5,seed_milpsnap_grid5x5_high.json,154,25,40,15,40.0492,0.0,0.129,OPTIMAL
grid_5x5,seed_milpsnap_grid5x5_high.json,155,25,40,25,40.0492,0.0,0.261,OPTIMAL
grid_5x5,seed_milpsnap_grid5x5_high.json,156,25,40,35,40.0492,0.0,0.354,OPTIMAL
grid_5x5,seed_milpsnap_grid5x5_high.json,157,25,40,41,40.0492,0.0,0.43,OPTIMAL
grid_5x5,seed_milpsnap_grid5x5_high.json,158,25,40,45,36.0522,7.696583572062955e-05,0.715,OPTIMAL
grid_5x5,seed_milpsnap_grid5x5_high.json,159,25,40,58,36.0522,7.696583572062955e-05,1.15,OPTIMAL
grid_5x5,seed_milpsnap_grid5x5_high.json,160,25,40,65,36.0522,7.696583572062955e-05,1.451,OPTIMAL
grid_5x5,seed_milpsnap_grid5x5_high.json,161,25,40,76,36.0522,7.696583572082397e-05,2.348,OPTIMAL
grid_5x5,seed_milpsnap_grid5x5_high.json,162,25,40,82,36.0522,7.696583572062952e-05,1.646,OPTIMAL
grid_5x5,seed_milpsnap_grid5x5_high.json,163,25,40,89,36.0522,7.696583572062955e-05,1.671,OPTIMAL
grid_5x5,seed_milpsnap_grid5x5_high.json,164,25,40,102,36.0522,7.696583572062955e-05,2.551,OPTIMAL
grid_5x5,seed_milpsnap_grid5x5_high.json,165,25,40,110,36.0522,7.696583572062955e-05,2.065,OPTIMAL
grid_5x5,seed_milpsnap_grid5x5_high.json,166,25,40,115,36.0522,7.696583572082397e-05,2.399,OPTIMAL
grid_5x5,seed_milpsnap_grid5x5_high.json,167,25,40,122,36.0522,7.696583572062955e-05,2.438,OPTIMAL
grid_5x5,seed_milpsnap_grid5x5_high.json,168,25,40,122,36.0522,7.696583572062955e-05,2.508,OPTIMAL
grid_5x5,seed_milpsnap_grid5x5_high.json,169,25,40,128,36.0522,7.696583572062952e-05,2.016,OPTIMAL
grid_5x5,seed_milpsnap_grid5x5_high.json,170,25,40,130,36.0522,7.696583572062952e-05,2.285,OPTIMAL
grid_5x5,seed_milpsnap_grid5x5_high.json,171,25,40,134,36.0522,7.69658357204351e-05,1.949,OPTIMAL
grid_5x5,seed_milpsnap_grid5x5_high.json,172,25,40,136,36.0522,7.696583572062952e-05,2.105,OPTIMAL
grid_5x5,seed_milpsnap_grid5x5_high.json,173,25,40,139,36.0522,7.696583572062952e-05,2.864,OPTIMAL
grid_5x5,seed_milpsnap_grid5x5_high.json,174,25,40,137,36.0522,7.69658357204351e-05,2.169,OPTIMAL
grid_5x5,seed_milpsnap_grid5x5_high.json,175,25,40,136,36.0522,7.69658357204351e-05,2.613,OPTIMAL
grid_5x5,seed_milpsnap_grid5x5_high.json,176,25,40,134,36.0522,7.696583572082397e-05,2.523,OPTIMAL
grid_5x5,seed_milpsnap_grid5x5_high.json,177,25,40,139,36.0522,7.69658357204351e-05,2.679,OPTIMAL
grid_5x5,seed_milpsnap_grid5x5_high.json,178,25,40,142,36.0522,7.69658357204351e-05,2.605,OPTIMAL
grid_5x5,seed_milpsnap_grid5x5_high.json,179,25,40,142,36.0522,7.69658357204351e-05,2.346,OPTIMAL
grid_5x5,seed_milpsnap_grid5x5_high.json,180,25,40,146,36.0522,7.696583572062952e-05,2.449,OPTIMAL
grid_5x5,seed_milpsnap_grid5x5_high.json,181,25,40,144,36.0522,7.696583572062952e-05,2.291,OPTIMAL
grid_5x5,seed_milpsnap_grid5x5_high.json,182,25,40,149,36.0522,7.696583572062955e-05,2.492,OPTIMAL
grid_5x5,seed_milpsnap_grid5x5_high.json,183,25,40,145,36.0522,7.69658357204351e-05,2.451,OPTIMAL
grid_5x5,seed_milpsnap_grid5x5_high.json,184,25,40,143,36.0522,7.696583572082397e-05,2.551,OPTIMAL
grid_5x5,seed_milpsnap_grid5x5_high.json,185,25,40,137,36.0522,7.696583572062952e-05,2.383,OPTIMAL
grid_5x5,seed_milpsnap_grid5x5_high.json,186,25,40,133,36.0522,7.69658357204351e-05,2.221,OPTIMAL
grid_5x5,seed_milpsnap_grid5x5_high.json,187,25,40,130,36.0522,7.69658357204351e-05,2.035,OPTIMAL
grid_5x5,seed_milpsnap_grid5x5_high.json,188,25,40,129,36.0522,7.69658357204351e-05,2.278,OPTIMAL
grid_5x5,seed_milpsnap_grid5x5_high.json,189,25,40,129,36.0522,7.69658357204351e-05,2.273,OPTIMAL
grid_5x5,seed_milpsnap_grid5x5_high.json,190,25,40,137,36.0522,7.69658357204351e-05,2.199,OPTIMAL
grid_5x5,seed_milpsnap_grid5x5_high.json,191,25,40,134,36.0522,7.696583572062952e-05,2.346,OPTIMAL
grid_5x5,seed_milpsnap_grid5x5_high.json,192,25,40,134,36.0522,7.69658357204351e-05,2.48,OPTIMAL
grid_5x5,seed_milpsnap_grid5x5_high.json,193,25,40,134,36.0522,7.696583572062952e-05,2.307,OPTIMAL
grid_5x5,seed_milpsnap_grid5x5_high.json,194,25,40,133,36.0522,7.69658357204351e-05,2.38,OPTIMAL
grid_5x5,seed_milpsnap_grid5x5_high.json,195,25,40,127,36.0522,7.696583572062952e-05,2.345,OPTIMAL
grid_5x5,seed_milpsnap_grid5x5_high.json,196,25,40,127,36.0522,7.69658357204351e-05,2.101,OPTIMAL
grid_5x5,seed_milpsnap_grid5x5_high.json,197,25,40,123,36.0522,7.696583572062955e-05,2.357,OPTIMAL
grid_5x5,seed_milpsnap_grid5x5_high.json,198,25,40,123,36.0522,7.696583572062955e-05,2.367,OPTIMAL
grid_5x5,seed_milpsnap_grid5x5_high.json,199,25,40,125,36.0522,7.696583572062955e-05,2.543,OPTIMAL
grid_5x5,seed_milpsnap_grid5x5_high.json,200,25,40,123,36.0522,7.696583572082397e-05,2.592,OPTIMAL
grid_5x5,seed_milpsnap_grid5x5_high.json,201,25,40,120,36.0522,7.696583572082397e-05,2.255,OPTIMAL
grid_5x5,seed_milpsnap_grid5x5_high.json,202,25,40,120,36.0522,7.696583572062955e-05,2.738,OPTIMAL
grid_5x5,seed_milpsnap_grid5x5_high.json,203,25,40,122,36.0522,7.696583572082397e-05,2.509,OPTIMAL
grid_5x5,seed_milpsnap_grid5x5_high.json,204,25,40,123,36.0522,7.696583572082397e-05,2.452,OPTIMAL
grid_5x5,seed_milpsnap_grid5x5_high.json,205,25,40,117,36.0522,7.696583572062955e-05,2.336,OPTIMAL
grid_5x5,seed_milpsnap_grid5x5_high.json,206,25,40,124,36.0522,7.696583572062955e-05,2.401,OPTIMAL
grid_5x5,seed_milpsnap_grid5x5_high.json,207,25,40,121,36.0522,7.696583572062955e-05,2.274,OPTIMAL
grid_5x5,seed_milpsnap_grid5x5_high.json,208,25,40,115,36.0522,7.696583572062955e-05,2.209,OPTIMAL
grid_5x5,seed_milpsnap_grid5x5_high.json,209,25,40,112,36.0522,7.696583572062955e-05,2.105,OPTIMAL
grid_5x5,seed_milpsnap_grid5x5_high.json,210,25,40,113,36.0522,7.696583572062955e-05,2.048,OPTIMAL
grid_5x5,seed_milpsnap_grid5x5_high.json,211,25,40,123,36.0522,7.696583572062955e-05,2.346,OPTIMAL
grid_5x5,seed_milpsnap_grid5x5_high.json,212,25,40,123,36.0522,7.696583572062955e-05,2.463,OPTIMAL
grid_5x5,seed_milpsnap_grid5x5_high.json,213,25,40,120,36.0522,7.696583572082397e-05,2.443,OPTIMAL
grid_5x5,seed_milpsnap_grid5x5_high.json,214,25,40,117,36.0522,7.696583572082397e-05,2.246,OPTIMAL
grid_5x5,seed_milpsnap_grid5x5_high.json,215,25,40,121,36.0522,7.696583572062955e-05,2.252,OPTIMAL
grid_5x5,seed_milpsnap_grid5x5_high.json,216,25,40,123,36.0522,7.696583572062955e-05,2.45,OPTIMAL
grid_5x5,seed_milpsnap_grid5x5_high.json,217,25,40,122,36.0522,7.696583572062955e-05,2.499,OPTIMAL
grid_5x5,seed_milpsnap_grid5x5_high.json,218,25,40,120,36.0522,7.696583572062955e-05,2.291,OPTIMAL
grid_5x5,seed_milpsnap_grid5x5_high.json,219,25,40,117,36.0522,7.696583572062955e-05,2.207,OPTIMAL
grid_5x5,seed_milpsnap_grid5x5_high.json,220,25,40,116,36.0522,7.696583572062955e-05,2.279,OPTIMAL
grid_5x5,seed_milpsnap_grid5x5_high.json,221,25,40,114,36.0522,7.696583572062955e-05,2.12,OPTIMAL
grid_5x5,seed_milpsnap_grid5x5_high.json,222,25,40,116,36.0522,7.696583572062955e-05,2.265,OPTIMAL
grid_5x5,seed_milpsnap_grid5x5_high.json,223,25,40,119,36.0522,7.696583572062955e-05,2.272,OPTIMAL
grid_5x5,seed_milpsnap_grid5x5_high.json,224,25,40,119,36.0522,7.696583572062955e-05,2.424,OPTIMAL
grid_5x5,seed_milpsnap_grid5x5_high.json,225,25,40,120,36.0522,7.696583572062955e-05,2.366,OPTIMAL
grid_5x5,seed_milpsnap_grid5x5_high.json,226,25,40,121,36.0522,7.696583572082397e-05,2.473,OPTIMAL
grid_5x5,seed_milpsnap_grid5x5_high.json,227,25,40,120,36.0522,7.696583572062955e-05,2.404,OPTIMAL
grid_5x5,seed_milpsnap_grid5x5_high.json,228,25,40,128,36.0522,7.69658357204351e-05,2.144,OPTIMAL
grid_5x5,seed_milpsnap_grid5x5_high.json,229,25,40,130,36.0522,7.69658357204351e-05,2.145,OPTIMAL
grid_5x5,seed_milpsnap_grid5x5_high.json,230,25,40,133,36.0522,7.696583572062952e-05,2.074,OPTIMAL
grid_5x5,seed_milpsnap_grid5x5_high.json,231,25,40,131,36.0522,7.69658357204351e-05,2.144,OPTIMAL
grid_5x5,seed_milpsnap_grid5x5_high.json,232,25,40,137,36.0522,7.696583572062952e-05,2.314,OPTIMAL
grid_5x5,seed_milpsnap_grid5x5_high.json,233,25,40,138,36.0522,7.69658357204351e-05,2.298,OPTIMAL
grid_5x5,seed_milpsnap_grid5x5_high.json,234,25,40,140,36.0522,7.69658357204351e-05,2.405,OPTIMAL
grid_5x5,seed_milpsnap_grid5x5_high.json,235,25,40,150,36.0522,7.696583572062952e-05,2.529,OPTIMAL
grid_5x5,seed_milpsnap_grid5x5_high.json,236,25,40,147,36.0522,7.69658357204351e-05,2.235,OPTIMAL
grid_5x5,seed_milpsnap_grid5x5_high.json,237,25,40,148,36.0522,7.696583572062952e-05,2.358,OPTIMAL
grid_5x5,seed_milpsnap_grid5x5_high.json,238,25,40,145,36.0522,7.696583572062952e-05,2.297,OPTIMAL
grid_5x5,seed_milpsnap_grid5x5_high.json,239,25,40,144,36.0522,7.69658357204351e-05,2.359,OPTIMAL
grid_5x5,seed_milpsnap_grid5x5_high.json,240,25,40,144,36.0522,7.69658357204351e-05,2.551,OPTIMAL
grid_5x5,seed_milpsnap_grid5x5_high.json,241,25,40,137,36.0522,7.69658357204351e-05,2.385,OPTIMAL
grid_5x5,seed_milpsnap_grid5x5_high.json,242,25,40,133,36.0522,7.69658357204351e-05,2.034,OPTIMAL
grid_5x5,seed_milpsnap_grid5x5_high.json,243,25,40,126,36.0522,7.696583572062955e-05,2.409,OPTIMAL
grid_5x5,seed_milpsnap_grid5x5_high.json,244,25,40,126,36.0522,7.696583572082397e-05,2.439,OPTIMAL
grid_5x5,seed_milpsnap_grid5x5_high.json,245,25,40,122,36.0522,7.696583572062955e-05,3.918,OPTIMAL
grid_5x5,seed_milpsnap_grid5x5_high.json,246,25,40,118,36.0522,7.696583572062955e-05,2.896,OPTIMAL
grid_5x5,seed_milpsnap_grid5x5_high.json,247,25,40,117,36.0522,7.696583572062955e-05,2.311,OPTIMAL
grid_5x5,seed_milpsnap_grid5x5_high.json,248,25,40,115,36.0522,7.696583572062955e-05,2.2,OPTIMAL
grid_5x5,seed_milpsnap_grid5x5_high.json,249,25,40,111,36.0522,7.696583572062955e-05,2.11,OPTIMAL
grid_5x5,seed_milpsnap_grid5x5_high.json,250,25,40,105,36.0522,7.696583572062955e-05,2.019,OPTIMAL
grid_5x5,seed_milpsnap_grid5x5_high.json,251,25,40,108,36.0522,7.696583572062955e-05,1.979,OPTIMAL
grid_5x5,seed_milpsnap_grid5x5_high.json,252,25,40,102,36.0522,7.696583572062955e-05,1.874,OPTIMAL
grid_5x5,seed_milpsnap_grid5x5_high.json,253,25,40,110,36.0522,7.696583572082397e-05,2.035,OPTIMAL
grid_5x5,seed_milpsnap_grid5x5_high.json,254,25,40,112,36.0522,7.696583572082397e-05,2.094,OPTIMAL
grid_5x5,seed_milpsnap_grid5x5_high.json,255,25,40,110,36.0522,0.0,2.064,OPTIMAL
grid_5x5,seed_milpsnap_grid5x5_high.json,256,25,40,106,36.0522,7.696583572082397e-05,1.949,OPTIMAL
grid_5x5,seed_milpsnap_grid5x5_high.json,257,25,40,118,36.0522,7.696583572082397e-05,2.32,OPTIMAL
grid_5x5,seed_milpsnap_grid5x5_high.json,258,25,40,118,36.0522,7.696583572062955e-05,2.284,OPTIMAL
grid_5x5,seed_milpsnap_grid5x5_high.json,259,25,40,112,36.0522,7.696583572062955e-05,2.228,OPTIMAL
grid_5x5,seed_milpsnap_grid5x5_high.json,260,25,40,110,36.0522,5.131055714708636e-05,2.76,OPTIMAL
grid_5x5,seed_milpsnap_grid5x5_high.json,261,25,40,115,36.0522,7.696583572062955e-05,2.605,OPTIMAL
grid_5x5,seed_milpsnap_grid5x5_high.json,262,25,40,110,36.0522,7.696583572062955e-05,3.38,OPTIMAL
grid_5x5,seed_milpsnap_grid5x5_high.json,263,25,40,110,36.0522,7.696583572062955e-05,2.051,OPTIMAL
grid_5x5,seed_milpsnap_grid5x5_high.json,264,25,40,111,36.0522,7.696583572082397e-05,2.017,OPTIMAL
grid_5x5,seed_milpsnap_grid5x5_high.json,265,25,40,107,36.0522,7.696583572062955e-05,2.029,OPTIMAL
grid_5x5,seed_milpsnap_grid5x5_high.json,266,25,40,102,36.0522,7.696583572062955e-05,1.907,OPTIMAL
grid_5x5,seed_milpsnap_grid5x5_high.json,267,25,40,105,36.0522,7.696583572082397e-05,1.907,OPTIMAL
grid_5x5,seed_milpsnap_grid5x5_high.json,268,25,40,112,36.0522,7.696583572082397e-05,2.045,OPTIMAL
grid_5x5,seed_milpsnap_grid5x5_high.json,269,25,40,109,36.0522,7.696583572062955e-05,2.515,OPTIMAL
grid_5x5,seed_milpsnap_grid5x5_high.json,270,25,40,111,36.0522,7.696583572062955e-05,2.107,OPTIMAL
grid_5x5,seed_milpsnap_grid5x5_high.json,271,25,40,115,36.0522,7.696583572062955e-05,2.159,OPTIMAL
grid_5x5,seed_milpsnap_grid5x5_high.json,272,25,40,104,36.0522,7.696583572062955e-05,2.552,OPTIMAL
grid_5x5,seed_milpsnap_grid5x5_high.json,273,25,40,100,36.0522,7.696583572062955e-05,1.818,OPTIMAL
grid_5x5,seed_milpsnap_grid5x5_high.json,274,25,40,105,36.0522,7.696583572062955e-05,1.891,OPTIMAL
grid_5x5,seed_milpsnap_grid5x5_high.json,275,25,40,106,36.0522,7.696583572062955e-05,1.977,OPTIMAL
grid_5x5,seed_milpsnap_grid5x5_high.json,276,25,40,107,36.0522,7.696583572062955e-05,2.027,OPTIMAL
grid_5x5,seed_milpsnap_grid5x5_high.json,277,25,40,113,36.0522,7.696583572062955e-05,2.154,OPTIMAL
grid_5x5,seed_milpsnap_grid5x5_high.json,278,25,40,115,36.0522,7.696583572082397e-05,2.437,OPTIMAL
grid_5x5,seed_milpsnap_grid5x5_high.json,279,25,40,113,36.0522,7.696583572082397e-05,2.665,OPTIMAL
grid_5x5,seed_milpsnap_grid5x5_high.json,280,25,40,115,36.0522,7.696583572062955e-05,4.015,OPTIMAL
grid_5x5,seed_milpsnap_grid5x5_high.json,281,25,40,115,36.0522,7.696583572082397e-05,3.146,OPTIMAL
grid_5x5,seed_milpsnap_grid5x5_high.json,282,25,40,113,36.0522,7.696583572062955e-05,3.513,OPTIMAL
grid_5x5,seed_milpsnap_grid5x5_high.json,283,25,40,102,36.0522,7.696583572082397e-05,2.169,OPTIMAL
grid_5x5,seed_milpsnap_grid5x5_high.json,284,25,40,101,36.0522,7.696583572062955e-05,2.089,OPTIMAL
grid_5x5,seed_milpsnap_grid5x5_high.json,285,25,40,101,36.0522,7.696583572062955e-05,2.017,OPTIMAL
grid_5x5,seed_milpsnap_grid5x5_high.json,286,25,40,100,36.0522,7.696583572062955e-05,1.968,OPTIMAL
grid_5x5,seed_milpsnap_grid5x5_high.json,287,25,40,106,36.0522,7.696583572062955e-05,2.227,OPTIMAL
grid_5x5,seed_milpsnap_grid5x5_high.json,288,25,40,113,36.0522,7.696583572062955e-05,2.439,OPTIMAL
grid_5x5,seed_milpsnap_grid5x5_high.json,289,25,40,115,36.0522,7.696583572062955e-05,2.412,OPTIMAL
grid_5x5,seed_milpsnap_grid5x5_high.json,290,25,40,117,36.0522,7.696583572062955e-05,2.907,OPTIMAL
grid_5x5,seed_milpsnap_grid5x5_high.json,291,25,40,120,36.0522,7.696583572062955e-05,2.58,OPTIMAL
grid_5x5,seed_milpsnap_grid5x5_high.json,292,25,40,117,36.0522,7.696583572082397e-05,2.569,OPTIMAL
grid_5x5,seed_milpsnap_grid5x5_high.json,293,25,40,118,36.0522,7.696583572082397e-05,2.648,OPTIMAL
grid_5x5,seed_milpsnap_grid5x5_high.json,294,25,40,121,36.0522,7.696583572062955e-05,2.475,OPTIMAL
grid_5x5,seed_milpsnap_grid5x5_high.json,295,25,40,116,36.0522,7.696583572062955e-05,2.401,OPTIMAL
grid_5x5,seed_milpsnap_grid5x5_high.json,296,25,40,116,36.0522,7.696583572062955e-05,3.389,OPTIMAL
grid_5x5,seed_milpsnap_grid5x5_high.json,297,25,40,117,36.0522,7.696583572062955e-05,2.341,OPTIMAL
grid_5x5,seed_milpsnap_grid5x5_high.json,298,25,40,119,36.0522,7.696583572062955e-05,2.483,OPTIMAL
grid_5x5,seed_milpsnap_grid5x5_high.json,299,25,40,117,36.0522,7.696583572062955e-05,2.388,OPTIMAL
grid_5x5,seed_milpsnap_grid5x5_high.json,300,25,40,120,36.0522,7.696583572062955e-05,2.678,OPTIMAL
grid_5x5,seed_milpsnap_grid5x5_high.json,301,25,40,120,36.0522,7.696583572062955e-05,2.755,OPTIMAL
grid_5x5,seed_milpsnap_grid5x5_high.json,302,25,40,120,36.0522,7.696583572062955e-05,2.642,OPTIMAL
grid_5x5,seed_milpsnap_grid5x5_high.json,303,25,40,1,76.0226,0.0,0.011,OPTIMAL
grid_5x5,seed_milpsnap_grid5x5_high.json,304,25,40,7,44.0463,8.796192226135003e-05,0.283,OPTIMAL
grid_5x5,seed_milpsnap_grid5x5_high.json,305,25,40,23,36.0522,0.0,0.338,OPTIMAL
grid_5x5,seed_milpsnap_grid5x5_high.json,306,25,40,30,36.0522,7.696583572140731e-05,0.517,OPTIMAL
grid_5x5,seed_milpsnap_grid5x5_high.json,307,25,40,38,36.0522,7.696583572082397e-05,0.525,OPTIMAL
grid_5x5,seed_milpsnap_grid5x5_high.json,308,25,40,46,36.0522,7.696583572062955e-05,0.683,OPTIMAL
grid_5x5,seed_milpsnap_grid5x5_high.json,309,25,40,58,36.0522,7.69658357204351e-05,0.985,OPTIMAL
grid_5x5,seed_milpsnap_grid5x5_high.json,310,25,40,66,36.0522,7.696583572082397e-05,1.198,OPTIMAL
grid_5x5,seed_milpsnap_grid5x5_high.json,311,25,40,75,36.0522,7.69658357204351e-05,1.339,OPTIMAL
grid_5x5,seed_milpsnap_grid5x5_high.json,312,25,40,85,36.0522,7.696583572062955e-05,1.751,OPTIMAL
grid_5x5,seed_milpsnap_grid5x5_high.json,313,25,40,97,36.0522,7.696583572062955e-05,2.316,OPTIMAL
grid_5x5,seed_milpsnap_grid5x5_high.json,314,25,40,102,36.0522,7.696583572062955e-05,2.232,OPTIMAL
grid_5x5,seed_milpsnap_grid5x5_high.json,315,25,40,106,36.0522,7.696583572082397e-05,2.152,OPTIMAL
grid_5x5,seed_milpsnap_grid5x5_high.json,316,25,40,113,36.0522,7.696583572062955e-05,2.158,OPTIMAL
grid_5x5,seed_milpsnap_grid5x5_high.json,317,25,40,121,36.0522,7.696583572062955e-05,2.425,OPTIMAL
grid_5x5,seed_milpsnap_grid5x5_high.json,318,25,40,127,36.0522,7.69658357204351e-05,2.224,OPTIMAL
grid_5x5,seed_milpsnap_grid5x5_high.json,319,25,40,130,36.0522,7.69658357204351e-05,2.502,OPTIMAL
grid_5x5,seed_milpsnap_grid5x5_high.json,320,25,40,126,36.0522,7.696583572082397e-05,2.545,OPTIMAL
grid_5x5,seed_milpsnap_grid5x5_high.json,321,25,40,130,36.0522,7.69658357204351e-05,2.366,OPTIMAL
grid_5x5,seed_milpsnap_grid5x5_high.json,322,25,40,127,36.0522,7.69658357204351e-05,2.15,OPTIMAL
grid_5x5,seed_milpsnap_grid5x5_high.json,323,25,40,124,36.0522,7.696583572082397e-05,2.532,OPTIMAL
grid_5x5,seed_milpsnap_grid5x5_high.json,324,25,40,119,36.0522,7.696583572062955e-05,2.486,OPTIMAL
grid_5x5,seed_milpsnap_grid5x5_high.json,325,25,40,118,36.0522,7.696583572062955e-05,2.402,OPTIMAL
grid_5x5,seed_milpsnap_grid5x5_high.json,326,25,40,118,36.0522,7.696583572082397e-05,2.556,OPTIMAL
grid_5x5,seed_milpsnap_grid5x5_high.json,327,25,40,114,36.0522,7.696583572082397e-05,2.417,OPTIMAL
grid_5x5,seed_milpsnap_grid5x5_high.json,328,25,40,109,36.0522,7.696583572082397e-05,2.135,OPTIMAL
grid_5x5,seed_milpsnap_grid5x5_high.json,329,25,40,114,36.0522,7.696583572062955e-05,2.516,OPTIMAL
grid_5x5,seed_milpsnap_grid5x5_high.json,330,25,40,116,36.0522,7.696583572082397e-05,2.484,OPTIMAL
grid_5x5,seed_milpsnap_grid5x5_high.json,331,25,40,115,36.0522,7.696583572062955e-05,2.434,OPTIMAL
grid_5x5,seed_milpsnap_grid5x5_high.json,332,25,40,116,36.0522,7.696583572062955e-05,2.494,OPTIMAL
grid_5x5,seed_milpsnap_grid5x5_high.json,333,25,40,119,36.0522,7.696583572062955e-05,2.414,OPTIMAL
grid_5x5,seed_milpsnap_grid5x5_high.json,334,25,40,116,36.0522,7.696583572062955e-05,2.485,OPTIMAL
grid_5x5,seed_milpsnap_grid5x5_high.json,335,25,40,112,36.0522,7.696583572062955e-05,2.348,OPTIMAL
grid_5x5,seed_milpsnap_grid5x5_high.json,336,25,40,106,36.0522,7.696583572062955e-05,2.24,OPTIMAL
grid_5x5,seed_milpsnap_grid5x5_high.json,337,25,40,107,36.0522,7.696583572062955e-05,2.284,OPTIMAL
grid_5x5,seed_milpsnap_grid5x5_high.json,338,25,40,113,36.0522,7.696583572062955e-05,2.376,OPTIMAL
grid_5x5,seed_milpsnap_grid5x5_high.json,339,25,40,116,36.0522,7.696583572062955e-05,2.441,OPTIMAL
grid_5x5,seed_milpsnap_grid5x5_high.json,340,25,40,117,36.0522,7.696583572082397e-05,2.38,OPTIMAL
grid_5x5,seed_milpsnap_grid5x5_high.json,341,25,40,113,36.0522,7.696583572062955e-05,2.314,OPTIMAL
grid_5x5,seed_milpsnap_grid5x5_high.json,342,25,40,112,36.0522,7.696583572062955e-05,2.57,OPTIMAL
grid_5x5,seed_milpsnap_grid5x5_high.json,343,25,40,112,36.0522,7.696583572062955e-05,2.339,OPTIMAL
grid_5x5,seed_milpsnap_grid5x5_high.json,344,25,40,110,36.0522,7.696583572062955e-05,2.256,OPTIMAL
grid_5x5,seed_milpsnap_grid5x5_high.json,345,25,40,114,36.0522,7.696583572062955e-05,2.299,OPTIMAL
grid_5x5,seed_milpsnap_grid5x5_high.json,346,25,40,121,36.0522,7.696583572062955e-05,2.306,OPTIMAL
grid_5x5,seed_milpsnap_grid5x5_high.json,347,25,40,121,36.0522,7.696583572062955e-05,2.428,OPTIMAL
grid_5x5,seed_milpsnap_grid5x5_high.json,348,25,40,117,36.0522,7.696583572062955e-05,2.302,OPTIMAL
grid_5x5,seed_milpsnap_grid5x5_high.json,349,25,40,122,36.0522,7.696583572082397e-05,2.445,OPTIMAL
grid_5x5,seed_milpsnap_grid5x5_high.json,350,25,40,125,36.0522,7.696583572062955e-05,2.535,OPTIMAL
grid_5x5,seed_milpsnap_grid5x5_high.json,351,25,40,132,36.0522,7.696583572062952e-05,2.078,OPTIMAL
grid_5x5,seed_milpsnap_grid5x5_high.json,352,25,40,137,36.0522,7.696583572062955e-05,3.031,OPTIMAL
grid_5x5,seed_milpsnap_grid5x5_high.json,353,25,40,135,36.0522,7.696583572062952e-05,2.163,OPTIMAL
grid_5x5,seed_milpsnap_grid5x5_high.json,354,25,40,131,36.0522,7.69658357204351e-05,2.278,OPTIMAL
grid_5x5,seed_milpsnap_grid5x5_high.json,355,25,40,134,36.0522,7.69658357204351e-05,2.346,OPTIMAL
grid_5x5,seed_milpsnap_grid5x5_high.json,356,25,40,141,36.0522,7.69658357204351e-05,2.913,OPTIMAL
grid_5x5,seed_milpsnap_grid5x5_high.json,357,25,40,144,36.0522,7.696583572062952e-05,2.903,OPTIMAL
grid_5x5,seed_milpsnap_grid5x5_high.json,358,25,40,145,36.0522,7.696583572062952e-05,2.671,OPTIMAL
grid_5x5,seed_milpsnap_grid5x5_high.json,359,25,40,145,36.0522,7.69658357204351e-05,2.878,OPTIMAL
grid_5x5,seed_milpsnap_grid5x5_high.json,360,25,40,143,36.0522,7.696583572062952e-05,2.72,OPTIMAL
grid_5x5,seed_milpsnap_grid5x5_high.json,361,25,40,141,36.0522,7.69658357204351e-05,2.471,OPTIMAL
grid_5x5,seed_milpsnap_grid5x5_high.json,362,25,40,142,36.0522,7.69658357204351e-05,3.018,OPTIMAL
grid_5x5,seed_milpsnap_grid5x5_high.json,363,25,40,147,36.0522,7.696583572062952e-05,2.789,OPTIMAL
grid_5x5,seed_milpsnap_grid5x5_high.json,364,25,40,145,36.0522,0.0,2.671,OPTIMAL
grid_5x5,seed_milpsnap_grid5x5_high.json,365,25,40,140,36.0522,7.69658357204351e-05,2.399,OPTIMAL
grid_5x5,seed_milpsnap_grid5x5_high.json,366,25,40,133,36.0522,7.69658357204351e-05,2.27,OPTIMAL
grid_5x5,seed_milpsnap_grid5x5_high.json,367,25,40,131,36.0522,7.69658357204351e-05,2.561,OPTIMAL
grid_5x5,seed_milpsnap_grid5x5_high.json,368,25,40,129,36.0522,7.696583572062952e-05,2.446,OPTIMAL
grid_5x5,seed_milpsnap_grid5x5_high.json,369,25,40,138,36.0522,7.696583572062952e-05,2.225,OPTIMAL
grid_5x5,seed_milpsnap_grid5x5_high.json,370,25,40,130,36.0522,7.69658357204351e-05,2.293,OPTIMAL
grid_5x5,seed_milpsnap_grid5x5_high.json,371,25,40,126,36.0522,7.696583572082397e-05,2.476,OPTIMAL
grid_5x5,seed_milpsnap_grid5x5_high.json,372,25,40,123,36.0522,7.696583572062955e-05,2.307,OPTIMAL
grid_5x5,seed_milpsnap_grid5x5_high.json,373,25,40,126,36.0522,7.696583572062955e-05,2.601,OPTIMAL
grid_5x5,seed_milpsnap_grid5x5_high.json,374,25,40,129,36.0522,7.696583572062952e-05,2.35,OPTIMAL
grid_5x5,seed_milpsnap_grid5x5_high.json,375,25,40,127,36.0522,7.69658357204351e-05,2.172,OPTIMAL
grid_5x5,seed_milpsnap_grid5x5_high.json,376,25,40,121,36.0522,7.696583572062955e-05,2.388,OPTIMAL
grid_5x5,seed_milpsnap_grid5x5_high.json,377,25,40,122,36.0522,7.696583572062955e-05,2.473,OPTIMAL
grid_5x5,seed_milpsnap_grid5x5_high.json,378,25,40,120,36.0522,7.696583572082397e-05,2.429,OPTIMAL
grid_5x5,seed_milpsnap_grid5x5_high.json,379,25,40,121,36.0522,7.696583572062955e-05,2.39,OPTIMAL
grid_5x5,seed_milpsnap_grid5x5_high.json,380,25,40,130,36.0522,7.69658357204351e-05,2.258,OPTIMAL
grid_5x5,seed_milpsnap_grid5x5_high.json,381,25,40,135,36.0522,7.69658357204351e-05,2.171,OPTIMAL
grid_5x5,seed_milpsnap_grid5x5_high.json,382,25,40,130,36.0522,7.69658357204351e-05,2.455,OPTIMAL
grid_5x5,seed_milpsnap_grid5x5_high.json,383,25,40,133,36.0522,7.696583572062952e-05,2.442,OPTIMAL
grid_5x5,seed_milpsnap_grid5x5_high.json,384,25,40,128,36.0522,7.69658357204351e-05,2.416,OPTIMAL
grid_5x5,seed_milpsnap_grid5x5_high.json,385,25,40,135,36.0522,7.696583572062952e-05,2.222,OPTIMAL
grid_5x5,seed_milpsnap_grid5x5_high.json,386,25,40,136,36.0522,7.69658357204351e-05,2.123,OPTIMAL
grid_5x5,seed_milpsnap_grid5x5_high.json,387,25,40,140,36.0522,7.696583572062952e-05,2.439,OPTIMAL
grid_5x5,seed_milpsnap_grid5x5_high.json,388,25,40,134,36.0522,7.69658357204351e-05,2.27,OPTIMAL
grid_5x5,seed_milpsnap_grid5x5_high.json,389,25,40,132,36.0522,7.69658357204351e-05,2.181,OPTIMAL
grid_5x5,seed_milpsnap_grid5x5_high.json,390,25,40,130,36.0522,7.696583572062952e-05,2.226,OPTIMAL
grid_5x5,seed_milpsnap_grid5x5_high.json,391,25,40,135,36.0522,7.69658357204351e-05,2.554,OPTIMAL
grid_5x5,seed_milpsnap_grid5x5_high.json,392,25,40,129,36.0522,7.69658357204351e-05,2.305,OPTIMAL
grid_5x5,seed_milpsnap_grid5x5_high.json,393,25,40,123,36.0522,7.696583572062955e-05,2.305,OPTIMAL
grid_5x5,seed_milpsnap_grid5x5_high.json,394,25,40,127,36.0522,7.69658357204351e-05,2.221,OPTIMAL
grid_5x5,seed_milpsnap_grid5x5_high.json,395,25,40,117,36.0522,7.696583572062955e-05,2.395,OPTIMAL
grid_5x5,seed_milpsnap_grid5x5_high.json,396,25,40,116,36.0522,7.696583572082397e-05,2.361,OPTIMAL
grid_5x5,seed_milpsnap_grid5x5_high.json,397,25,40,125,36.0522,7.696583572082397e-05,2.373,OPTIMAL
grid_5x5,seed_milpsnap_grid5x5_high.json,398,25,40,122,36.0522,7.696583572062955e-05,2.844,OPTIMAL
grid_5x5,seed_milpsnap_grid5x5_high.json,399,25,40,123,36.0522,7.696583572062955e-05,3.209,OPTIMAL
grid_5x5,seed_milpsnap_grid5x5_high.json,400,25,40,129,36.0522,7.69658357204351e-05,2.392,OPTIMAL
grid_5x5,seed_milpsnap_grid5x5_high.json,401,25,40,126,36.0522,7.696583572082397e-05,2.857,OPTIMAL
grid_5x5,seed_milpsnap_grid5x5_high.json,402,25,40,123,36.0522,7.696583572062955e-05,2.553,OPTIMAL
grid_5x5,seed_milpsnap_grid5x5_high.json,403,25,40,128,36.0522,7.696583572062952e-05,2.173,OPTIMAL
grid_5x5,seed_milpsnap_grid5x5_high.json,404,25,40,123,36.0522,7.696583572062955e-05,2.76,OPTIMAL
grid_5x5,seed_milpsnap_grid5x5_high.json,405,25,40,125,36.0522,7.696583572062955e-05,2.917,OPTIMAL
grid_5x5,seed_milpsnap_grid5x5_high.json,406,25,40,123,36.0522,7.696583572082397e-05,2.657,OPTIMAL
grid_5x5,seed_milpsnap_grid5x5_high.json,407,25,40,121,36.0522,7.696583572062955e-05,2.478,OPTIMAL
grid_5x5,seed_milpsnap_grid5x5_high.json,408,25,40,127,36.0522,7.696583572062952e-05,2.192,OPTIMAL
grid_5x5,seed_milpsnap_grid5x5_high.json,409,25,40,128,36.0522,7.696583572062952e-05,2.156,OPTIMAL
grid_5x5,seed_milpsnap_grid5x5_high.json,410,25,40,136,36.0522,7.69658357204351e-05,2.536,OPTIMAL
grid_5x5,seed_milpsnap_grid5x5_high.json,411,25,40,132,36.0522,7.69658357204351e-05,2.411,OPTIMAL
grid_5x5,seed_milpsnap_grid5x5_high.json,412,25,40,123,36.0522,7.696583572062955e-05,2.408,OPTIMAL
grid_5x5,seed_milpsnap_grid5x5_high.json,413,25,40,130,36.0522,7.69658357204351e-05,2.298,OPTIMAL
grid_5x5,seed_milpsnap_grid5x5_high.json,414,25,40,127,36.0522,7.696583572062955e-05,2.57,OPTIMAL
grid_5x5,seed_milpsnap_grid5x5_high.json,415,25,40,116,36.0522,7.696583572062955e-05,2.55,OPTIMAL
grid_5x5,seed_milpsnap_grid5x5_high.json,416,25,40,119,36.0522,7.696583572062955e-05,2.751,OPTIMAL
grid_5x5,seed_milpsnap_grid5x5_high.json,417,25,40,124,36.0522,7.696583572062955e-05,2.667,OPTIMAL
grid_5x5,seed_milpsnap_grid5x5_high.json,418,25,40,124,36.0522,7.696583572082397e-05,2.876,OPTIMAL
grid_5x5,seed_milpsnap_grid5x5_high.json,419,25,40,130,36.0522,7.696583572062952e-05,2.53,OPTIMAL
grid_5x5,seed_milpsnap_grid5x5_high.json,420,25,40,132,36.0522,7.696583572062952e-05,2.205,OPTIMAL
grid_5x5,seed_milpsnap_grid5x5_high.json,421,25,40,131,36.0522,7.69658357204351e-05,2.16,OPTIMAL
grid_5x5,seed_milpsnap_grid5x5_high.json,422,25,40,136,36.0522,7.69658357204351e-05,2.274,OPTIMAL
grid_5x5,seed_milpsnap_grid5x5_high.json,423,25,40,131,36.0522,7.696583572062952e-05,2.108,OPTIMAL
grid_5x5,seed_milpsnap_grid5x5_high.json,424,25,40,127,36.0522,7.696583572062952e-05,2.115,OPTIMAL
grid_5x5,seed_milpsnap_grid5x5_high.json,425,25,40,120,36.0522,7.696583572062955e-05,2.47,OPTIMAL
grid_5x5,seed_milpsnap_grid5x5_high.json,426,25,40,124,36.0522,7.696583572062955e-05,2.597,OPTIMAL
grid_5x5,seed_milpsnap_grid5x5_high.json,427,25,40,130,36.0522,7.696583572062952e-05,2.374,OPTIMAL
grid_5x5,seed_milpsnap_grid5x5_high.json,428,25,40,124,36.0522,7.696583572062955e-05,2.64,OPTIMAL
grid_5x5,seed_milpsnap_grid5x5_high.json,429,25,40,123,36.0522,7.696583572082397e-05,2.472,OPTIMAL
grid_5x5,seed_milpsnap_grid5x5_high.json,430,25,40,131,36.0522,7.69658357204351e-05,2.108,OPTIMAL
grid_5x5,seed_milpsnap_grid5x5_high.json,431,25,40,130,36.0522,7.69658357204351e-05,3.009,OPTIMAL
grid_5x5,seed_milpsnap_grid5x5_high.json,432,25,40,129,36.0522,7.69658357204351e-05,2.719,OPTIMAL
grid_5x5,seed_milpsnap_grid5x5_high.json,433,25,40,131,36.0522,7.69658357204351e-05,2.862,OPTIMAL
grid_5x5,seed_milpsnap_grid5x5_high.json,434,25,40,134,36.0522,7.696583572062955e-05,2.352,OPTIMAL
grid_5x5,seed_milpsnap_grid5x5_high.json,435,25,40,129,36.0522,7.696583572062952e-05,2.748,OPTIMAL
grid_5x5,seed_milpsnap_grid5x5_high.json,436,25,40,132,36.0522,7.696583572062952e-05,2.51,OPTIMAL
grid_5x5,seed_milpsnap_grid5x5_high.json,437,25,40,131,36.0522,7.696583572062952e-05,2.461,OPTIMAL
grid_5x5,seed_milpsnap_grid5x5_high.json,438,25,40,133,36.0522,7.69658357204351e-05,2.364,OPTIMAL
grid_5x5,seed_milpsnap_grid5x5_high.json,439,25,40,134,36.0522,7.69658357204351e-05,2.282,OPTIMAL
grid_5x5,seed_milpsnap_grid5x5_high.json,440,25,40,138,36.0522,7.69658357204351e-05,2.544,OPTIMAL
grid_5x5,seed_milpsnap_grid5x5_high.json,441,25,40,134,36.0522,7.69658357204351e-05,2.382,OPTIMAL
grid_5x5,seed_milpsnap_grid5x5_high.json,442,25,40,133,36.0522,7.696583572062952e-05,2.159,OPTIMAL
grid_5x5,seed_milpsnap_grid5x5_high.json,443,25,40,136,36.0522,7.69658357204351e-05,2.232,OPTIMAL
grid_5x5,seed_milpsnap_grid5x5_high.json,444,25,40,136,36.0522,7.69658357204351e-05,2.438,OPTIMAL
grid_5x5,seed_milpsnap_grid5x5_high.json,445,25,40,137,36.0522,7.69658357204351e-05,2.371,OPTIMAL
grid_5x5,seed_milpsnap_grid5x5_high.json,446,25,40,135,36.0522,7.696583572062952e-05,2.685,OPTIMAL
grid_5x5,seed_milpsnap_grid5x5_high.json,447,25,40,131,36.0522,7.696583572062955e-05,2.276,OPTIMAL
grid_5x5,seed_milpsnap_grid5x5_high.json,448,25,40,126,36.0522,7.696583572082397e-05,2.48,OPTIMAL
grid_5x5,seed_milpsnap_grid5x5_high.json,449,25,40,123,36.0522,7.696583572062955e-05,2.494,OPTIMAL
grid_5x5,seed_milpsnap_grid5x5_high.json,450,25,40,132,36.0522,7.69658357204351e-05,2.19,OPTIMAL
grid_5x5,seed_milpsnap_grid5x5_high.json,451,25,40,129,36.0522,7.69658357204351e-05,2.159,OPTIMAL
grid_5x5,seed_milpsnap_grid5x5_high.json,452,25,40,129,36.0522,7.69658357204351e-05,2.294,OPTIMAL
grid_5x5,seed_milpsnap_grid5x5_high.json,453,25,40,129,36.0522,7.69658357204351e-05,2.446,OPTIMAL
grid_5x5,seed_milpsnap_grid5x5_high.json,454,25,40,1,80.0197,0.0,0.015,OPTIMAL
grid_5x5,seed_milpsnap_grid5x5_high.json,455,25,40,6,48.0433,0.0,0.201,OPTIMAL
grid_5x5,seed_milpsnap_grid5x5_high.json,456,25,40,11,44.0463,0.0,0.094,OPTIMAL
grid_5x5,seed_milpsnap_grid5x5_high.json,457,25,40,22,36.0522,0.0,0.302,OPTIMAL
grid_5x5,seed_milpsnap_grid5x5_high.json,458,25,40,32,36.0522,7.696583572062955e-05,0.401,OPTIMAL
grid_5x5,seed_milpsnap_grid5x5_high.json,459,25,40,43,36.0522,7.696583572062955e-05,0.617,OPTIMAL
grid_5x5,seed_milpsnap_grid5x5_high.json,460,25,40,53,36.0522,7.696583572062955e-05,0.893,OPTIMAL
grid_5x5,seed_milpsnap_grid5x5_high.json,461,25,40,63,36.0522,7.696583572062952e-05,1.037,OPTIMAL
grid_5x5,seed_milpsnap_grid5x5_high.json,462,25,40,69,36.0522,7.69658357204351e-05,1.18,OPTIMAL
grid_5x5,seed_milpsnap_grid5x5_high.json,463,25,40,77,36.0522,7.696583572062955e-05,1.587,OPTIMAL
grid_5x5,seed_milpsnap_grid5x5_high.json,464,25,40,86,36.0522,7.696583572082397e-05,1.886,OPTIMAL
grid_5x5,seed_milpsnap_grid5x5_high.json,465,25,40,93,36.0522,7.696583572062955e-05,2.029,OPTIMAL
grid_5x5,seed_milpsnap_grid5x5_high.json,466,25,40,102,36.0522,7.696583572062955e-05,2.119,OPTIMAL
grid_5x5,seed_milpsnap_grid5x5_high.json,467,25,40,112,36.0522,7.696583572062955e-05,2.298,OPTIMAL
grid_5x5,seed_milpsnap_grid5x5_high.json,468,25,40,119,36.0522,7.696583572062955e-05,2.545,OPTIMAL
grid_5x5,seed_milpsnap_grid5x5_high.json,469,25,40,127,36.0522,7.696583572062952e-05,2.543,OPTIMAL
grid_5x5,seed_milpsnap_grid5x5_high.json,470,25,40,134,36.0522,7.696583572062955e-05,2.737,OPTIMAL
grid_5x5,seed_milpsnap_grid5x5_high.json,471,25,40,140,36.0522,7.69658357204351e-05,2.934,OPTIMAL
grid_5x5,seed_milpsnap_grid5x5_high.json,472,25,40,138,36.0522,7.696583572062952e-05,2.754,OPTIMAL
grid_5x5,seed_milpsnap_grid5x5_high.json,473,25,40,137,36.0522,7.69658357204351e-05,4.121,OPTIMAL
grid_5x5,seed_milpsnap_grid5x5_high.json,474,25,40,133,36.0522,7.69658357204351e-05,4.13,OPTIMAL
grid_5x5,seed_milpsnap_grid5x5_high.json,475,25,40,131,36.0522,7.69658357204351e-05,4.891,OPTIMAL
grid_5x5,seed_milpsnap_grid5x5_high.json,476,25,40,126,36.0522,7.696583572082397e-05,3.231,OPTIMAL
grid_5x5,seed_milpsnap_grid5x5_high.json,477,25,40,124,36.0522,7.696583572062955e-05,2.888,OPTIMAL
grid_5x5,seed_milpsnap_grid5x5_high.json,478,25,40,123,36.0522,7.696583572062955e-05,2.39,OPTIMAL
grid_5x5,seed_milpsnap_grid5x5_high.json,479,25,40,118,36.0522,7.696583572062955e-05,2.634,OPTIMAL
grid_5x5,seed_milpsnap_grid5x5_high.json,480,25,40,117,36.0522,7.696583572062955e-05,2.835,OPTIMAL
grid_5x5,seed_milpsnap_grid5x5_high.json,481,25,40,118,36.0522,7.696583572062955e-05,2.438,OPTIMAL
grid_5x5,seed_milpsnap_grid5x5_high.json,482,25,40,119,36.0522,7.696583572082397e-05,2.38,OPTIMAL
grid_5x5,seed_milpsnap_grid5x5_high.json,483,25,40,122,36.0522,7.696583572062955e-05,3.268,OPTIMAL
grid_5x5,seed_milpsnap_grid5x5_high.json,484,25,40,119,36.0522,7.696583572062955e-05,2.542,OPTIMAL
grid_5x5,seed_milpsnap_grid5x5_high.json,485,25,40,111,36.0522,7.696583572062955e-05,2.07,OPTIMAL
grid_5x5,seed_milpsnap_grid5x5_high.json,486,25,40,110,36.0522,7.696583572062955e-05,1.992,OPTIMAL
grid_5x5,seed_milpsnap_grid5x5_high.json,487,25,40,110,36.0522,7.696583572062955e-05,2.134,OPTIMAL
grid_5x5,seed_milpsnap_grid5x5_high.json,488,25,40,108,36.0522,7.696583572062955e-05,1.974,OPTIMAL
grid_5x5,seed_milpsnap_grid5x5_high.json,489,25,40,106,36.0522,7.696583572062955e-05,1.842,OPTIMAL
grid_5x5,seed_milpsnap_grid5x5_high.json,490,25,40,106,36.0522,7.696583572062955e-05,1.99,OPTIMAL
grid_5x5,seed_milpsnap_grid5x5_high.json,491,25,40,109,36.0522,7.696583572062955e-05,1.923,OPTIMAL
grid_5x5,seed_milpsnap_grid5x5_high.json,492,25,40,110,36.0522,7.696583572062955e-05,1.925,OPTIMAL
grid_5x5,seed_milpsnap_grid5x5_high.json,493,25,40,119,36.0522,7.696583572062955e-05,2.199,OPTIMAL
grid_5x5,seed_milpsnap_grid5x5_high.json,494,25,40,124,36.0522,7.696583572062955e-05,2.253,OPTIMAL
grid_5x5,seed_milpsnap_grid5x5_high.json,495,25,40,129,36.0522,7.696583572062952e-05,2.225,OPTIMAL
grid_5x5,seed_milpsnap_grid5x5_high.json,496,25,40,124,36.0522,7.696583572062955e-05,2.309,OPTIMAL
grid_5x5,seed_milpsnap_grid5x5_high.json,497,25,40,122,36.0522,7.696583572062955e-05,2.263,OPTIMAL
grid_5x5,seed_milpsnap_grid5x5_high.json,498,25,40,123,36.0522,7.696583572082397e-05,2.256,OPTIMAL
grid_5x5,seed_milpsnap_grid5x5_high.json,499,25,40,126,36.0522,7.696583572062955e-05,2.254,OPTIMAL
grid_5x5,seed_milpsnap_grid5x5_high.json,500,25,40,131,36.0522,7.69658357204351e-05,1.883,OPTIMAL
grid_5x5,seed_milpsnap_grid5x5_high.json,501,25,40,131,36.0522,7.696583572062952e-05,2.381,OPTIMAL
grid_5x5,seed_milpsnap_grid5x5_high.json,502,25,40,127,36.0522,7.69658357204351e-05,1.94,OPTIMAL
grid_5x5,seed_milpsnap_grid5x5_high.json,503,25,40,125,36.0522,7.696583572082397e-05,2.143,OPTIMAL
grid_5x5,seed_milpsnap_grid5x5_high.json,504,25,40,130,36.0522,7.696583572062952e-05,2.281,OPTIMAL
grid_5x5,seed_milpsnap_grid5x5_high.json,505,25,40,134,36.0522,7.69658357204351e-05,2.129,OPTIMAL
grid_5x5,seed_milpsnap_grid5x5_high.json,506,25,40,133,36.0522,7.69658357204351e-05,2.09,OPTIMAL
grid_5x5,seed_milpsnap_grid5x5_high.json,507,25,40,136,36.0522,7.696583572062952e-05,2.3,OPTIMAL
grid_5x5,seed_milpsnap_grid5x5_high.json,508,25,40,128,36.0522,7.69658357204351e-05,1.907,OPTIMAL
grid_5x5,seed_milpsnap_grid5x5_high.json,509,25,40,123,36.0522,7.696583572062955e-05,2.214,OPTIMAL
grid_5x5,seed_milpsnap_grid5x5_high.json,510,25,40,123,36.0522,7.696583572062955e-05,2.204,OPTIMAL
grid_5x5,seed_milpsnap_grid5x5_high.json,511,25,40,127,36.0522,7.69658357204351e-05,2.044,OPTIMAL
grid_5x5,seed_milpsnap_grid5x5_high.json,512,25,40,124,36.0522,7.696583572082397e-05,2.307,OPTIMAL
grid_5x5,seed_milpsnap_grid5x5_high.json,513,25,40,120,36.0522,9.406935476965832e-05,2.197,OPTIMAL
grid_5x5,seed_milpsnap_grid5x5_high.json,514,25,40,119,36.0522,7.696583572062955e-05,2.581,OPTIMAL
grid_5x5,seed_milpsnap_grid5x5_high.json,515,25,40,119,36.0522,7.696583572062955e-05,2.873,OPTIMAL
grid_5x5,seed_milpsnap_grid5x5_high.json,516,25,40,123,36.0522,7.696583572062955e-05,5.061,OPTIMAL
grid_5x5,seed_milpsnap_grid5x5_high.json,517,25,40,129,36.0522,7.69658357204351e-05,4.225,OPTIMAL
grid_5x5,seed_milpsnap_grid5x5_high.json,518,25,40,128,36.0522,7.69658357204351e-05,3.565,OPTIMAL
grid_5x5,seed_milpsnap_grid5x5_high.json,519,25,40,124,36.0522,7.696583572062955e-05,5.669,OPTIMAL
grid_5x5,seed_milpsnap_grid5x5_high.json,520,25,40,123,36.0522,7.696583572062955e-05,5.412,OPTIMAL
grid_5x5,seed_milpsnap_grid5x5_high.json,521,25,40,121,36.0522,7.696583572082397e-05,3.4,OPTIMAL
grid_5x5,seed_milpsnap_grid5x5_high.json,522,25,40,119,36.0522,7.696583572082397e-05,3.23,OPTIMAL
grid_5x5,seed_milpsnap_grid5x5_high.json,523,25,40,120,36.0522,7.696583572062955e-05,2.407,OPTIMAL
grid_5x5,seed_milpsnap_grid5x5_high.json,524,25,40,124,36.0522,7.696583572062955e-05,2.861,OPTIMAL
grid_5x5,seed_milpsnap_grid5x5_high.json,525,25,40,124,36.0522,7.696583572062955e-05,2.619,OPTIMAL
grid_5x5,seed_milpsnap_grid5x5_high.json,526,25,40,119,36.0522,7.696583572062955e-05,2.608,OPTIMAL
grid_5x5,seed_milpsnap_grid5x5_high.json,527,25,40,127,36.0522,7.696583572062952e-05,2.493,OPTIMAL
grid_5x5,seed_milpsnap_grid5x5_high.json,528,25,40,129,36.0522,7.69658357204351e-05,2.31,OPTIMAL
grid_5x5,seed_milpsnap_grid5x5_high.json,529,25,40,136,36.0522,7.69658357204351e-05,2.551,OPTIMAL
grid_5x5,seed_milpsnap_grid5x5_high.json,530,25,40,129,36.0522,7.69658357204351e-05,2.04,OPTIMAL
grid_5x5,seed_milpsnap_grid5x5_high.json,531,25,40,126,36.0522,7.696583572062955e-05,2.335,OPTIMAL
grid_5x5,seed_milpsnap_grid5x5_high.json,532,25,40,124,36.0522,7.696583572062955e-05,2.567,OPTIMAL
grid_5x5,seed_milpsnap_grid5x5_high.json,533,25,40,130,36.0522,7.696583572062952e-05,2.448,OPTIMAL
grid_5x5,seed_milpsnap_grid5x5_high.json,534,25,40,131,36.0522,7.696583572062952e-05,2.088,OPTIMAL
grid_5x5,seed_milpsnap_grid5x5_high.json,535,25,40,133,36.0522,7.69658357204351e-05,1.969,OPTIMAL
grid_5x5,seed_milpsnap_grid5x5_high.json,536,25,40,129,36.0522,7.696583572062952e-05,1.93,OPTIMAL
grid_5x5,seed_milpsnap_grid5x5_high.json,537,25,40,127,36.0522,7.696583572062952e-05,2.137,OPTIMAL
grid_5x5,seed_milpsnap_grid5x5_high.json,538,25,40,128,36.0522,7.69658357204351e-05,3.498,OPTIMAL
grid_5x5,seed_milpsnap_grid5x5_high.json,539,25,40,125,36.0522,7.696583572062955e-05,3.403,OPTIMAL
grid_5x5,seed_milpsnap_grid5x5_high.json,540,25,40,125,36.0522,7.696583572062955e-05,2.383,OPTIMAL
grid_5x5,seed_milpsnap_grid5x5_high.json,541,25,40,130,36.0522,7.69658357204351e-05,2.116,OPTIMAL
grid_5x5,seed_milpsnap_grid5x5_high.json,542,25,40,122,36.0522,7.696583572062955e-05,2.524,OPTIMAL
grid_5x5,seed_milpsnap_grid5x5_high.json,543,25,40,119,36.0522,7.696583572062955e-05,2.136,OPTIMAL
grid_5x5,seed_milpsnap_grid5x5_high.json,544,25,40,115,36.0522,7.696583572062955e-05,2.077,OPTIMAL
grid_5x5,seed_milpsnap_grid5x5_high.json,545,25,40,121,36.0522,7.696583572062955e-05,2.359,OPTIMAL
grid_5x5,seed_milpsnap_grid5x5_high.json,546,25,40,121,36.0522,7.696583572062955e-05,2.294,OPTIMAL
grid_5x5,seed_milpsnap_grid5x5_high.json,547,25,40,118,36.0522,7.696583572082397e-05,2.259,OPTIMAL
grid_5x5,seed_milpsnap_grid5x5_high.json,548,25,40,116,36.0522,7.696583572062955e-05,2.32,OPTIMAL
grid_5x5,seed_milpsnap_grid5x5_high.json,549,25,40,116,36.0522,7.696583572062955e-05,2.279,OPTIMAL
grid_5x5,seed_milpsnap_grid5x5_high.json,550,25,40,107,36.0522,7.696583572062955e-05,2.053,OPTIMAL
grid_5x5,seed_milpsnap_grid5x5_high.json,551,25,40,116,36.0522,7.696583572082397e-05,2.885,OPTIMAL
grid_5x5,seed_milpsnap_grid5x5_high.json,552,25,40,120,36.0522,7.696583572062955e-05,2.605,OPTIMAL
grid_5x5,seed_milpsnap_grid5x5_high.json,553,25,40,117,36.0522,7.696583572062955e-05,3.09,OPTIMAL
grid_5x5,seed_milpsnap_grid5x5_high.json,554,25,40,116,36.0522,7.696583572062955e-05,2.771,OPTIMAL
grid_5x5,seed_milpsnap_grid5x5_high.json,555,25,40,115,36.0522,7.696583572062955e-05,2.223,OPTIMAL
grid_5x5,seed_milpsnap_grid5x5_high.json,556,25,40,121,36.0522,7.696583572082397e-05,2.374,OPTIMAL
grid_5x5,seed_milpsnap_grid5x5_high.json,557,25,40,124,36.0522,7.696583572062955e-05,3.99,OPTIMAL
grid_5x5,seed_milpsnap_grid5x5_high.json,558,25,40,123,36.0522,7.696583572062955e-05,2.468,OPTIMAL
grid_5x5,seed_milpsnap_grid5x5_high.json,559,25,40,125,36.0522,7.696583572062955e-05,2.56,OPTIMAL
grid_5x5,seed_milpsnap_grid5x5_high.json,560,25,40,125,36.0522,7.696583572062955e-05,2.349,OPTIMAL
grid_5x5,seed_milpsnap_grid5x5_high.json,561,25,40,125,36.0522,7.696583572062955e-05,2.309,OPTIMAL
grid_5x5,seed_milpsnap_grid5x5_high.json,562,25,40,134,36.0522,7.696583572062955e-05,2.103,OPTIMAL
grid_5x5,seed_milpsnap_grid5x5_high.json,563,25,40,129,36.0522,7.696583572062952e-05,2.193,OPTIMAL
grid_5x5,seed_milpsnap_grid5x5_high.json,564,25,40,129,36.0522,7.696583572062952e-05,1.992,OPTIMAL
grid_5x5,seed_milpsnap_grid5x5_high.json,565,25,40,137,36.0522,7.696583572062952e-05,3.546,OPTIMAL
grid_5x5,seed_milpsnap_grid5x5_high.json,566,25,40,134,36.0522,7.696583572062952e-05,4.283,OPTIMAL
grid_5x5,seed_milpsnap_grid5x5_high.json,567,25,40,130,36.0522,7.696583572062952e-05,2.637,OPTIMAL
grid_5x5,seed_milpsnap_grid5x5_high.json,568,25,40,134,36.0522,7.69658357204351e-05,2.217,OPTIMAL
grid_5x5,seed_milpsnap_grid5x5_high.json,569,25,40,132,36.0522,7.69658357204351e-05,2.294,OPTIMAL
grid_5x5,seed_milpsnap_grid5x5_high.json,570,25,40,132,36.0522,7.69658357204351e-05,2.246,OPTIMAL
grid_5x5,seed_milpsnap_grid5x5_high.json,571,25,40,124,36.0522,7.696583572062955e-05,2.447,OPTIMAL
grid_5x5,seed_milpsnap_grid5x5_high.json,572,25,40,120,36.0522,7.696583572062955e-05,2.343,OPTIMAL
grid_5x5,seed_milpsnap_grid5x5_high.json,573,25,40,123,36.0522,7.696583572082397e-05,2.37,OPTIMAL
grid_5x5,seed_milpsnap_grid5x5_high.json,574,25,40,120,36.0522,7.696583572062955e-05,2.399,OPTIMAL
grid_5x5,seed_milpsnap_grid5x5_high.json,575,25,40,125,36.0522,7.696583572062955e-05,2.592,OPTIMAL
grid_5x5,seed_milpsnap_grid5x5_high.json,576,25,40,121,36.0522,7.696583572082397e-05,2.275,OPTIMAL
grid_5x5,seed_milpsnap_grid5x5_high.json,577,25,40,111,36.0522,7.696583572062955e-05,2.131,OPTIMAL
grid_5x5,seed_milpsnap_grid5x5_high.json,578,25,40,113,36.0522,7.696583572062955e-05,1.986,OPTIMAL
grid_5x5,seed_milpsnap_grid5x5_high.json,579,25,40,114,36.0522,7.696583572062955e-05,2.353,OPTIMAL
grid_5x5,seed_milpsnap_grid5x5_high.json,580,25,40,107,36.0522,7.696583572062955e-05,2.317,OPTIMAL
grid_5x5,seed_milpsnap_grid5x5_high.json,581,25,40,111,36.0522,7.696583572062955e-05,2.152,OPTIMAL
grid_5x5,seed_milpsnap_grid5x5_high.json,582,25,40,124,36.0522,7.696583572082397e-05,2.386,OPTIMAL
grid_5x5,seed_milpsnap_grid5x5_high.json,583,25,40,125,36.0522,7.696583572062955e-05,2.299,OPTIMAL
grid_5x5,seed_milpsnap_grid5x5_high.json,584,25,40,128,36.0522,7.696583572062952e-05,2.046,OPTIMAL
grid_5x5,seed_milpsnap_grid5x5_high.json,585,25,40,119,36.0522,7.696583572082397e-05,2.301,OPTIMAL
grid_5x5,seed_milpsnap_grid5x5_high.json,586,25,40,120,36.0522,7.696583572082397e-05,2.428,OPTIMAL
grid_5x5,seed_milpsnap_grid5x5_high.json,587,25,40,119,36.0522,7.696583572082397e-05,2.445,OPTIMAL
grid_5x5,seed_milpsnap_grid5x5_high.json,588,25,40,117,36.0522,7.696583572062955e-05,2.597,OPTIMAL
grid_5x5,seed_milpsnap_grid5x5_high.json,589,25,40,116,36.0522,7.696583572082397e-05,3.593,OPTIMAL
grid_5x5,seed_milpsnap_grid5x5_high.json,590,25,40,110,36.0522,7.696583572062955e-05,2.992,OPTIMAL
grid_5x5,seed_milpsnap_grid5x5_high.json,591,25,40,111,36.0522,7.696583572062955e-05,3.144,OPTIMAL
grid_5x5,seed_milpsnap_grid5x5_high.json,592,25,40,111,36.0522,7.696583572062955e-05,2.227,OPTIMAL
grid_5x5,seed_milpsnap_grid5x5_high.json,593,25,40,116,36.0522,7.696583572062955e-05,2.292,OPTIMAL
grid_5x5,seed_milpsnap_grid5x5_high.json,594,25,40,117,36.0522,7.696583572062955e-05,2.341,OPTIMAL
grid_5x5,seed_milpsnap_grid5x5_high.json,595,25,40,122,36.0522,7.696583572062955e-05,2.376,OPTIMAL
grid_5x5,seed_milpsnap_grid5x5_high.json,596,25,40,120,36.0522,7.696583572062955e-05,2.757,OPTIMAL
grid_5x5,seed_milpsnap_grid5x5_high.json,597,25,40,106,36.0522,7.696583572062955e-05,2.569,OPTIMAL
grid_5x5,seed_milpsnap_grid5x5_high.json,598,25,40,104,36.0522,7.696583572082397e-05,2.246,OPTIMAL
grid_5x5,seed_milpsnap_grid5x5_high.json,599,25,40,106,36.0522,7.696583572062955e-05,2.214,OPTIMAL
grid_5x5,seed_milpsnap_grid5x5_high.json,600,25,40,112,36.0522,7.696583572062955e-05,2.475,OPTIMAL
grid_5x5,seed_milpsnap_grid5x5_high.json,601,25,40,118,36.0522,7.696583572062955e-05,2.948,OPTIMAL
grid_5x5,seed_milpsnap_grid5x5_high.json,602,25,40,126,36.0522,7.696583572062955e-05,2.976,OPTIMAL
grid_5x5,seed_milpsnap_grid5x5_high.json,603,25,40,124,36.0522,7.696583572062955e-05,3.919,OPTIMAL
grid_5x5,seed_milpsnap_grid5x5_high.json,604,25,40,122,36.0522,7.696583572062955e-05,3.618,OPTIMAL
grid_5x5,seed_milpsnap_grid5x5_high.json,605,25,40,1,80.0197,0.0,0.013,OPTIMAL
grid_5x5,seed_milpsnap_grid5x5_high.json,606,25,40,12,44.0463,0.0,0.122,OPTIMAL
grid_5x5,seed_milpsnap_grid5x5_high.json,607,25,40,23,36.0522,0.0,0.305,OPTIMAL
grid_5x5,seed_milpsnap_grid5x5_high.json,608,25,40,31,36.0522,0.0,0.466,OPTIMAL
grid_5x5,seed_milpsnap_grid5x5_high.json,609,25,40,40,36.0522,7.696583572062955e-05,0.543,OPTIMAL
grid_5x5,seed_milpsnap_grid5x5_high.json,610,25,40,49,36.0522,7.696583572062955e-05,0.835,OPTIMAL
grid_5x5,seed_milpsnap_grid5x5_high.json,611,25,40,56,36.0522,7.696583572062955e-05,1.037,OPTIMAL
grid_5x5,seed_milpsnap_grid5x5_high.json,612,25,40,61,36.0522,7.696583572082397e-05,1.231,OPTIMAL
grid_5x5,seed_milpsnap_grid5x5_high.json,613,25,40,67,36.0522,7.69658357204351e-05,1.291,OPTIMAL
grid_5x5,seed_milpsnap_grid5x5_high.json,614,25,40,77,36.0522,7.696583572062952e-05,1.563,OPTIMAL
grid_5x5,seed_milpsnap_grid5x5_high.json,615,25,40,83,36.0522,7.696583572062955e-05,1.783,OPTIMAL
grid_5x5,seed_milpsnap_grid5x5_high.json,616,25,40,86,36.0522,7.696583572062955e-05,1.978,OPTIMAL
grid_5x5,seed_milpsnap_grid5x5_high.json,617,25,40,91,36.0522,7.696583572062955e-05,1.53,OPTIMAL
grid_5x5,seed_milpsnap_grid5x5_high.json,618,25,40,103,36.0522,7.696583572062952e-05,1.938,OPTIMAL
grid_5x5,seed_milpsnap_grid5x5_high.json,619,25,40,112,36.0522,7.696583572062955e-05,2.068,OPTIMAL
grid_5x5,seed_milpsnap_grid5x5_high.json,620,25,40,117,36.0522,7.696583572062955e-05,2.166,OPTIMAL
grid_5x5,seed_milpsnap_grid5x5_high.json,621,25,40,113,36.0522,7.696583572062955e-05,2.07,OPTIMAL
grid_5x5,seed_milpsnap_grid5x5_high.json,622,25,40,114,36.0522,7.696583572062955e-05,2.119,OPTIMAL
grid_5x5,seed_milpsnap_grid5x5_high.json,623,25,40,113,36.0522,7.696583572062955e-05,2.085,OPTIMAL
grid_5x5,seed_milpsnap_grid5x5_high.json,624,25,40,111,36.0522,7.696583572062955e-05,1.949,OPTIMAL
grid_5x5,seed_milpsnap_grid5x5_high.json,625,25,40,113,36.0522,7.696583572062955e-05,2.156,OPTIMAL
grid_5x5,seed_milpsnap_grid5x5_high.json,626,25,40,111,36.0522,7.696583572062955e-05,2.009,OPTIMAL
grid_5x5,seed_milpsnap_grid5x5_high.json,627,25,40,118,36.0522,7.696583572062955e-05,2.232,OPTIMAL
grid_5x5,seed_milpsnap_grid5x5_high.json,628,25,40,122,36.0522,7.696583572062955e-05,2.307,OPTIMAL
grid_5x5,seed_milpsnap_grid5x5_high.json,629,25,40,120,36.0522,7.696583572062955e-05,2.148,OPTIMAL
grid_5x5,seed_milpsnap_grid5x5_high.json,630,25,40,127,36.0522,7.69658357204351e-05,1.992,OPTIMAL
grid_5x5,seed_milpsnap_grid5x5_high.json,631,25,40,130,36.0522,7.69658357204351e-05,2.16,OPTIMAL
grid_5x5,seed_milpsnap_grid5x5_high.json,632,25,40,134,36.0522,7.69658357204351e-05,2.227,OPTIMAL
grid_5x5,seed_milpsnap_grid5x5_high.json,633,25,40,133,36.0522,7.69658357204351e-05,2.129,OPTIMAL
grid_5x5,seed_milpsnap_grid5x5_high.json,634,25,40,129,36.0522,7.69658357204351e-05,1.972,OPTIMAL
grid_5x5,seed_milpsnap_grid5x5_high.json,635,25,40,131,36.0522,7.69658357204351e-05,2.1,OPTIMAL
grid_5x5,seed_milpsnap_grid5x5_high.json,636,25,40,129,36.0522,7.69658357204351e-05,2.151,OPTIMAL
grid_5x5,seed_milpsnap_grid5x5_high.json,637,25,40,125,36.0522,7.696583572062955e-05,2.429,OPTIMAL
grid_5x5,seed_milpsnap_grid5x5_high.json,638,25,40,124,36.0522,7.696583572082397e-05,2.402,OPTIMAL
grid_5x5,seed_milpsnap_grid5x5_high.json,639,25,40,127,36.0522,7.69658357204351e-05,1.971,OPTIMAL
grid_5x5,seed_milpsnap_grid5x5_high.json,640,25,40,122,36.0522,7.696583572062955e-05,2.262,OPTIMAL
grid_5x5,seed_milpsnap_grid5x5_high.json,641,25,40,123,36.0522,7.696583572082397e-05,2.391,OPTIMAL
grid_5x5,seed_milpsnap_grid5x5_high.json,642,25,40,117,36.0522,7.696583572062955e-05,2.232,OPTIMAL
grid_5x5,seed_milpsnap_grid5x5_high.json,643,25,40,118,36.0522,7.696583572062955e-05,2.256,OPTIMAL
grid_5x5,seed_milpsnap_grid5x5_high.json,644,25,40,112,36.0522,7.696583572062955e-05,1.998,OPTIMAL
grid_5x5,seed_milpsnap_grid5x5_high.json,645,25,40,104,36.0522,7.696583572062952e-05,2.042,OPTIMAL
grid_5x5,seed_milpsnap_grid5x5_high.json,646,25,40,103,36.0522,7.696583572082397e-05,2.004,OPTIMAL
grid_5x5,seed_milpsnap_grid5x5_high.json,647,25,40,104,36.0522,7.696583572082397e-05,1.992,OPTIMAL
grid_5x5,seed_milpsnap_grid5x5_high.json,648,25,40,101,36.0522,7.696583572062955e-05,1.773,OPTIMAL
grid_5x5,seed_milpsnap_grid5x5_high.json,649,25,40,102,36.0522,7.696583572062955e-05,1.898,OPTIMAL
grid_5x5,seed_milpsnap_grid5x5_high.json,650,25,40,99,36.0522,7.696583572062955e-05,1.775,OPTIMAL
grid_5x5,seed_milpsnap_grid5x5_high.json,651,25,40,105,36.0522,7.696583572062955e-05,2.022,OPTIMAL
grid_5x5,seed_milpsnap_grid5x5_high.json,652,25,40,105,36.0522,7.696583572062955e-05,1.925,OPTIMAL
grid_5x5,seed_milpsnap_grid5x5_high.json,653,25,40,105,36.0522,7.696583572062955e-05,1.969,OPTIMAL
grid_5x5,seed_milpsnap_grid5x5_high.json,654,25,40,100,36.0522,7.696583572062955e-05,1.766,OPTIMAL
grid_5x5,seed_milpsnap_grid5x5_high.json,655,25,40,110,36.0522,7.696583572082397e-05,2.023,OPTIMAL
grid_5x5,seed_milpsnap_grid5x5_high.json,656,25,40,109,36.0522,7.696583572062955e-05,1.998,OPTIMAL
grid_5x5,seed_milpsnap_grid5x5_high.json,657,25,40,110,36.0522,7.696583572062955e-05,2.216,OPTIMAL
grid_5x5,seed_milpsnap_grid5x5_high.json,658,25,40,104,36.0522,7.69658357204351e-05,1.99,OPTIMAL
grid_5x5,seed_milpsnap_grid5x5_high.json,659,25,40,104,36.0522,7.696583572062955e-05,1.945,OPTIMAL
grid_5x5,seed_milpsnap_grid5x5_high.json,660,25,40,109,36.0522,7.696583572062955e-05,2.097,OPTIMAL
grid_5x5,seed_milpsnap_grid5x5_high.json,661,25,40,114,36.0522,7.696583572062955e-05,2.067,OPTIMAL
grid_5x5,seed_milpsnap_grid5x5_high.json,662,25,40,109,36.0522,7.696583572082397e-05,2.087,OPTIMAL
grid_5x5,seed_milpsnap_grid5x5_high.json,663,25,40,108,36.0522,7.696583572082397e-05,2.032,OPTIMAL
grid_5x5,seed_milpsnap_grid5x5_high.json,664,25,40,114,36.0522,7.696583572082397e-05,2.008,OPTIMAL
grid_5x5,seed_milpsnap_grid5x5_high.json,665,25,40,124,36.0522,7.696583572082397e-05,2.169,OPTIMAL
grid_5x5,seed_milpsnap_grid5x5_high.json,666,25,40,121,36.0522,7.696583572062955e-05,2.08,OPTIMAL
grid_5x5,seed_milpsnap_grid5x5_high.json,667,25,40,123,36.0522,7.696583572062955e-05,2.59,OPTIMAL
grid_5x5,seed_milpsnap_grid5x5_high.json,668,25,40,123,36.0522,7.696583572062955e-05,2.306,OPTIMAL
grid_5x5,seed_milpsnap_grid5x5_high.json,669,25,40,130,36.0522,7.69658357204351e-05,3.876,OPTIMAL
grid_5x5,seed_milpsnap_grid5x5_high.json,670,25,40,121,36.0522,7.696583572062955e-05,2.525,OPTIMAL
grid_5x5,seed_milpsnap_grid5x5_high.json,671,25,40,126,36.0522,7.696583572062955e-05,2.281,OPTIMAL
grid_5x5,seed_milpsnap_grid5x5_high.json,672,25,40,124,36.0522,7.696583572062955e-05,2.262,OPTIMAL
grid_5x5,seed_milpsnap_grid5x5_high.json,673,25,40,126,36.0522,7.696583572062955e-05,2.155,OPTIMAL
grid_5x5,seed_milpsnap_grid5x5_high.json,674,25,40,132,36.0522,7.696583572062952e-05,2.052,OPTIMAL
grid_5x5,seed_milpsnap_grid5x5_high.json,675,25,40,128,36.0522,7.69658357204351e-05,1.873,OPTIMAL
grid_5x5,seed_milpsnap_grid5x5_high.json,676,25,40,125,36.0522,7.696583572062955e-05,2.289,OPTIMAL
grid_5x5,seed_milpsnap_grid5x5_high.json,677,25,40,135,36.0522,7.696583572062952e-05,2.114,OPTIMAL
grid_5x5,seed_milpsnap_grid5x5_high.json,678,25,40,137,36.0522,7.696583572062952e-05,2.12,OPTIMAL
grid_5x5,seed_milpsnap_grid5x5_high.json,679,25,40,132,36.0522,7.69658357204351e-05,2.114,OPTIMAL
grid_5x5,seed_milpsnap_grid5x5_high.json,680,25,40,121,36.0522,7.696583572082397e-05,2.247,OPTIMAL
grid_5x5,seed_milpsnap_grid5x5_high.json,681,25,40,121,36.0522,7.696583572082397e-05,2.227,OPTIMAL
grid_5x5,seed_milpsnap_grid5x5_high.json,682,25,40,120,36.0522,7.696583572062955e-05,2.092,OPTIMAL
grid_5x5,seed_milpsnap_grid5x5_high.json,683,25,40,127,36.0522,7.696583572062952e-05,2.117,OPTIMAL
grid_5x5,seed_milpsnap_grid5x5_high.json,684,25,40,124,36.0522,7.696583572082397e-05,2.232,OPTIMAL
grid_5x5,seed_milpsnap_grid5x5_high.json,685,25,40,121,36.0522,7.696583572082397e-05,2.139,OPTIMAL
grid_5x5,seed_milpsnap_grid5x5_high.json,686,25,40,122,36.0522,7.696583572062955e-05,2.229,OPTIMAL
grid_5x5,seed_milpsnap_grid5x5_high.json,687,25,40,126,36.0522,7.696583572062955e-05,2.431,OPTIMAL
grid_5x5,seed_milpsnap_grid5x5_high.json,688,25,40,132,36.0522,7.696583572062952e-05,1.944,OPTIMAL
grid_5x5,seed_milpsnap_grid5x5_high.json,689,25,40,129,36.0522,7.69658357204351e-05,2.046,OPTIMAL
grid_5x5,seed_milpsnap_grid5x5_high.json,690,25,40,129,36.0522,7.69658357204351e-05,2.001,OPTIMAL
grid_5x5,seed_milpsnap_grid5x5_high.json,691,25,40,132,36.0522,7.69658357204351e-05,2.223,OPTIMAL
grid_5x5,seed_milpsnap_grid5x5_high.json,692,25,40,127,36.0522,7.696583572082397e-05,1.93,OPTIMAL
grid_5x5,seed_milpsnap_grid5x5_high.json,693,25,40,131,36.0522,7.69658357204351e-05,2.06,OPTIMAL
grid_5x5,seed_milpsnap_grid5x5_high.json,694,25,40,138,36.0522,7.696583572062952e-05,2.233,OPTIMAL
grid_5x5,seed_milpsnap_grid5x5_high.json,695,25,40,142,36.0522,7.69658357204351e-05,2.34,OPTIMAL
grid_5x5,seed_milpsnap_grid5x5_high.json,696,25,40,148,36.0522,7.69658357204351e-05,2.553,OPTIMAL
grid_5x5,seed_milpsnap_grid5x5_high.json,697,25,40,146,36.0522,7.69658357204351e-05,2.36,OPTIMAL
grid_5x5,seed_milpsnap_grid5x5_high.json,698,25,40,140,36.0522,7.69658357204351e-05,2.164,OPTIMAL
grid_5x5,seed_milpsnap_grid5x5_high.json,699,25,40,139,36.0522,7.69658357204351e-05,2.193,OPTIMAL
grid_5x5,seed_milpsnap_grid5x5_high.json,700,25,40,143,36.0522,7.69658357204351e-05,2.344,OPTIMAL
grid_5x5,seed_milpsnap_grid5x5_high.json,701,25,40,139,36.0522,7.696583572062952e-05,2.368,OPTIMAL
grid_5x5,seed_milpsnap_grid5x5_high.json,702,25,40,136,36.0522,7.696583572062952e-05,2.137,OPTIMAL
grid_5x5,seed_milpsnap_grid5x5_high.json,703,25,40,132,36.0522,7.69658357204351e-05,2.063,OPTIMAL
grid_5x5,seed_milpsnap_grid5x5_high.json,704,25,40,144,36.0522,7.696583572062952e-05,2.061,OPTIMAL
grid_5x5,seed_milpsnap_grid5x5_high.json,705,25,40,145,36.0522,7.696583572062952e-05,2.181,OPTIMAL
grid_5x5,seed_milpsnap_grid5x5_high.json,706,25,40,138,36.0522,7.696583572062952e-05,2.038,OPTIMAL
grid_5x5,seed_milpsnap_grid5x5_high.json,707,25,40,142,36.0522,7.69658357204351e-05,2.392,OPTIMAL
grid_5x5,seed_milpsnap_grid5x5_high.json,708,25,40,135,36.0522,7.69658357204351e-05,2.585,OPTIMAL
grid_5x5,seed_milpsnap_grid5x5_high.json,709,25,40,134,36.0522,7.696583572062952e-05,2.014,OPTIMAL
grid_5x5,seed_milpsnap_grid5x5_high.json,710,25,40,134,36.0522,7.69658357204351e-05,2.061,OPTIMAL
grid_5x5,seed_milpsnap_grid5x5_high.json,711,25,40,127,36.0522,7.696583572062952e-05,1.733,OPTIMAL
grid_5x5,seed_milpsnap_grid5x5_high.json,712,25,40,130,36.0522,7.696583572062952e-05,1.86,OPTIMAL
grid_5x5,seed_milpsnap_grid5x5_high.json,713,25,40,129,36.0522,7.69658357204351e-05,2.023,OPTIMAL
grid_5x5,seed_milpsnap_grid5x5_high.json,714,25,40,127,36.0522,7.696583572062955e-05,2.321,OPTIMAL
grid_5x5,seed_milpsnap_grid5x5_high.json,715,25,40,125,36.0522,7.696583572062955e-05,2.284,OPTIMAL
grid_5x5,seed_milpsnap_grid5x5_high.json,716,25,40,125,36.0522,7.696583572082397e-05,2.153,OPTIMAL
grid_5x5,seed_milpsnap_grid5x5_high.json,717,25,40,132,36.0522,7.69658357204351e-05,1.919,OPTIMAL
grid_5x5,seed_milpsnap_grid5x5_high.json,718,25,40,128,36.0522,7.69658357204351e-05,1.931,OPTIMAL
grid_5x5,seed_milpsnap_grid5x5_high.json,719,25,40,118,36.0522,7.696583572062955e-05,2.095,OPTIMAL
grid_5x5,seed_milpsnap_grid5x5_high.json,720,25,40,115,36.0522,7.696583572062955e-05,2.042,OPTIMAL
grid_5x5,seed_milpsnap_grid5x5_high.json,721,25,40,116,36.0522,7.696583572062955e-05,2.047,OPTIMAL
grid_5x5,seed_milpsnap_grid5x5_high.json,722,25,40,105,36.0522,7.696583572062955e-05,1.819,OPTIMAL
grid_5x5,seed_milpsnap_grid5x5_high.json,723,25,40,106,36.0522,7.696583572062955e-05,1.975,OPTIMAL
grid_5x5,seed_milpsnap_grid5x5_high.json,724,25,40,99,36.0522,7.696583572062955e-05,1.625,OPTIMAL
grid_5x5,seed_milpsnap_grid5x5_high.json,725,25,40,97,36.0522,7.696583572062955e-05,1.607,OPTIMAL
grid_5x5,seed_milpsnap_grid5x5_high.json,726,25,40,97,36.0522,7.696583572082397e-05,1.651,OPTIMAL
grid_5x5,seed_milpsnap_grid5x5_high.json,727,25,40,93,36.0522,7.696583572082397e-05,1.319,OPTIMAL
grid_5x5,seed_milpsnap_grid5x5_high.json,728,25,40,93,36.0522,7.696583572062955e-05,1.36,OPTIMAL
grid_5x5,seed_milpsnap_grid5x5_high.json,729,25,40,103,36.0522,7.69658357204351e-05,1.872,OPTIMAL
grid_5x5,seed_milpsnap_grid5x5_high.json,730,25,40,104,36.0522,7.696583572062955e-05,1.796,OPTIMAL
grid_5x5,seed_milpsnap_grid5x5_high.json,731,25,40,100,36.0522,7.696583572082397e-05,1.656,OPTIMAL
grid_5x5,seed_milpsnap_grid5x5_high.json,732,25,40,93,36.0522,7.696583572062955e-05,1.402,OPTIMAL
grid_5x5,seed_milpsnap_grid5x5_high.json,733,25,40,94,36.0522,7.696583572082397e-05,1.477,OPTIMAL
grid_5x5,seed_milpsnap_grid5x5_high.json,734,25,40,97,36.0522,7.696583572062955e-05,1.707,OPTIMAL
grid_5x5,seed_milpsnap_grid5x5_high.json,735,25,40,98,36.0522,7.696583572062955e-05,1.614,OPTIMAL
grid_5x5,seed_milpsnap_grid5x5_high.json,736,25,40,101,36.0522,7.696583572062955e-05,1.678,OPTIMAL
grid_5x5,seed_milpsnap_grid5x5_high.json,737,25,40,102,36.0522,7.696583572062955e-05,1.609,OPTIMAL
grid_5x5,seed_milpsnap_grid5x5_high.json,738,25,40,104,36.0522,7.696583572062952e-05,1.806,OPTIMAL
grid_5x5,seed_milpsnap_grid5x5_high.json,739,25,40,109,36.0522,7.696583572062955e-05,1.885,OPTIMAL
grid_5x5,seed_milpsnap_grid5x5_high.json,740,25,40,106,36.0522,7.696583572062955e-05,1.754,OPTIMAL
grid_5x5,seed_milpsnap_grid5x5_high.json,741,25,40,107,36.0522,7.696583572062955e-05,1.923,OPTIMAL
grid_5x5,seed_milpsnap_grid5x5_high.json,742,25,40,114,36.0522,7.696583572062955e-05,1.956,OPTIMAL
grid_5x5,seed_milpsnap_grid5x5_high.json,743,25,40,114,36.0522,7.696583572062955e-05,2.035,OPTIMAL
grid_5x5,seed_milpsnap_grid5x5_high.json,744,25,40,103,36.0522,7.696583572062955e-05,1.746,OPTIMAL
grid_5x5,seed_milpsnap_grid5x5_high.json,745,25,40,106,36.0522,7.696583572062955e-05,1.869,OPTIMAL
grid_5x5,seed_milpsnap_grid5x5_high.json,746,25,40,112,36.0522,7.696583572062955e-05,1.989,OPTIMAL
grid_5x5,seed_milpsnap_grid5x5_high.json,747,25,40,111,36.0522,7.696583572082397e-05,1.91,OPTIMAL
grid_5x5,seed_milpsnap_grid5x5_high.json,748,25,40,110,36.0522,7.696583572062955e-05,1.837,OPTIMAL
grid_5x5,seed_milpsnap_grid5x5_high.json,749,25,40,106,36.0522,7.696583572062955e-05,1.81,OPTIMAL
grid_5x5,seed_milpsnap_grid5x5_high.json,750,25,40,106,36.0522,7.696583572062955e-05,1.849,OPTIMAL
grid_5x5,seed_milpsnap_grid5x5_high.json,751,25,40,107,36.0522,7.696583572062955e-05,1.899,OPTIMAL
grid_5x5,seed_milpsnap_grid5x5_high.json,752,25,40,108,36.0522,7.696583572082397e-05,1.936,OPTIMAL
grid_5x5,seed_milpsnap_grid5x5_high.json,753,25,40,106,36.0522,7.696583572062955e-05,1.952,OPTIMAL
grid_5x5,seed_milpsnap_grid5x5_high.json,754,25,40,97,36.0522,7.696583572082397e-05,1.667,OPTIMAL
grid_5x5,seed_milpsnap_grid5x5_high.json,755,25,40,99,36.0522,7.696583572062955e-05,1.646,OPTIMAL
grid_5x5,seed_milpsnap_grid5x5_high.json,756,25,40,1,76.0226,0.0,0.015,OPTIMAL
grid_5x5,seed_milpsnap_grid5x5_high.json,757,25,40,8,44.0463,0.0,0.076,OPTIMAL
grid_5x5,seed_milpsnap_grid5x5_high.json,758,25,40,12,44.0463,0.0,0.091,OPTIMAL
grid_5x5,seed_milpsnap_grid5x5_high.json,759,25,40,18,36.0522,0.0,0.39,OPTIMAL
grid_5x5,seed_milpsnap_grid5x5_high.json,760,25,40,25,36.0522,7.696583572062955e-05,0.414,OPTIMAL
grid_5x5,seed_milpsnap_grid5x5_high.json,761,25,40,34,36.0522,7.696583572062955e-05,0.446,OPTIMAL
grid_5x5,seed_milpsnap_grid5x5_high.json,762,25,40,43,36.0522,7.696583572082397e-05,0.512,OPTIMAL
grid_5x5,seed_milpsnap_grid5x5_high.json,763,25,40,52,36.0522,7.696583572062955e-05,0.769,OPTIMAL
grid_5x5,seed_milpsnap_grid5x5_high.json,764,25,40,62,36.0522,7.696583572062955e-05,0.999,OPTIMAL
grid_5x5,seed_milpsnap_grid5x5_high.json,765,25,40,65,36.0522,7.696583572062952e-05,0.996,OPTIMAL
grid_5x5,seed_milpsnap_grid5x5_high.json,766,25,40,73,36.0522,7.696583572062952e-05,1.112,OPTIMAL
grid_5x5,seed_milpsnap_grid5x5_high.json,767,25,40,79,36.0522,7.696583572082397e-05,1.287,OPTIMAL
grid_5x5,seed_milpsnap_grid5x5_high.json,768,25,40,86,36.0522,7.696583572062955e-05,1.454,OPTIMAL
grid_5x5,seed_milpsnap_grid5x5_high.json,769,25,40,94,36.0522,7.696583572062955e-05,1.585,OPTIMAL
grid_5x5,seed_milpsnap_grid5x5_high.json,770,25,40,104,36.0522,7.696583572062955e-05,1.982,OPTIMAL
grid_5x5,seed_milpsnap_grid5x5_high.json,771,25,40,115,36.0522,7.696583572062955e-05,2.097,OPTIMAL
grid_5x5,seed_milpsnap_grid5x5_high.json,772,25,40,113,36.0522,7.696583572082397e-05,1.837,OPTIMAL
grid_5x5,seed_milpsnap_grid5x5_high.json,773,25,40,115,36.0522,7.696583572062955e-05,1.908,OPTIMAL
grid_5x5,seed_milpsnap_grid5x5_high.json,774,25,40,122,36.0522,7.696583572062955e-05,2.031,OPTIMAL
grid_5x5,seed_milpsnap_grid5x5_high.json,775,25,40,119,36.0522,7.696583572062955e-05,1.997,OPTIMAL
grid_5x5,seed_milpsnap_grid5x5_high.json,776,25,40,116,36.0522,7.696583572062955e-05,1.961,OPTIMAL
grid_5x5,seed_milpsnap_grid5x5_high.json,777,25,40,113,36.0522,7.696583572082397e-05,1.838,OPTIMAL
grid_5x5,seed_milpsnap_grid5x5_high.json,778,25,40,111,36.0522,7.696583572062955e-05,1.932,OPTIMAL
grid_5x5,seed_milpsnap_grid5x5_high.json,779,25,40,107,36.0522,7.696583572082397e-05,1.87,OPTIMAL
grid_5x5,seed_milpsnap_grid5x5_high.json,780,25,40,115,36.0522,7.696583572062955e-05,2.031,OPTIMAL
grid_5x5,seed_milpsnap_grid5x5_high.json,781,25,40,112,36.0522,7.696583572062955e-05,1.995,OPTIMAL
grid_5x5,seed_milpsnap_grid5x5_high.json,782,25,40,113,36.0522,7.696583572062955e-05,1.979,OPTIMAL
grid_5x5,seed_milpsnap_grid5x5_high.json,783,25,40,110,36.0522,7.696583572062955e-05,1.923,OPTIMAL
grid_5x5,seed_milpsnap_grid5x5_high.json,784,25,40,109,36.0522,7.696583572062955e-05,1.834,OPTIMAL
grid_5x5,seed_milpsnap_grid5x5_high.json,785,25,40,107,36.0522,7.696583572062955e-05,1.857,OPTIMAL
grid_5x5,seed_milpsnap_grid5x5_high.json,786,25,40,100,36.0522,7.696583572062955e-05,1.59,OPTIMAL
grid_5x5,seed_milpsnap_grid5x5_high.json,787,25,40,105,36.0522,7.696583572082397e-05,1.758,OPTIMAL
grid_5x5,seed_milpsnap_grid5x5_high.json,788,25,40,103,36.0522,7.696583572062952e-05,1.786,OPTIMAL
grid_5x5,seed_milpsnap_grid5x5_high.json,789,25,40,96,36.0522,7.696583572062955e-05,1.605,OPTIMAL
grid_5x5,seed_milpsnap_grid5x5_high.json,790,25,40,101,36.0522,7.696583572062955e-05,1.64,OPTIMAL
grid_5x5,seed_milpsnap_grid5x5_high.json,791,25,40,108,36.0522,7.696583572062955e-05,1.904,OPTIMAL
grid_5x5,seed_milpsnap_grid5x5_high.json,792,25,40,106,36.0522,7.696583572082397e-05,1.759,OPTIMAL
grid_5x5,seed_milpsnap_grid5x5_high.json,793,25,40,109,36.0522,7.696583572062955e-05,1.776,OPTIMAL
grid_5x5,seed_milpsnap_grid5x5_high.json,794,25,40,111,36.0522,7.696583572062955e-05,1.735,OPTIMAL
grid_5x5,seed_milpsnap_grid5x5_high.json,795,25,40,110,36.0522,7.696583572062955e-05,1.83,OPTIMAL
grid_5x5,seed_milpsnap_grid5x5_high.json,796,25,40,112,36.0522,7.696583572062955e-05,2.053,OPTIMAL
grid_5x5,seed_milpsnap_grid5x5_high.json,797,25,40,111,36.0522,7.696583572082397e-05,2.385,OPTIMAL
grid_5x5,seed_milpsnap_grid5x5_high.json,798,25,40,117,36.0522,7.696583572062955e-05,2.0,OPTIMAL
grid_5x5,seed_milpsnap_grid5x5_high.json,799,25,40,122,36.0522,7.696583572062955e-05,2.267,OPTIMAL
grid_5x5,seed_milpsnap_grid5x5_high.json,800,25,40,120,36.0522,7.696583572062955e-05,2.244,OPTIMAL
grid_5x5,seed_milpsnap_grid5x5_high.json,801,25,40,125,36.0522,7.696583572062955e-05,2.233,OPTIMAL
grid_5x5,seed_milpsnap_grid5x5_high.json,802,25,40,126,36.0522,7.696583572062955e-05,2.39,OPTIMAL
grid_5x5,seed_milpsnap_grid5x5_high.json,803,25,40,127,36.0522,7.696583572062952e-05,1.834,OPTIMAL
grid_5x5,seed_milpsnap_grid5x5_high.json,804,25,40,126,36.0522,7.696583572062955e-05,2.234,OPTIMAL
grid_5x5,seed_milpsnap_grid5x5_high.json,805,25,40,120,36.0522,7.696583572062955e-05,2.167,OPTIMAL
grid_5x5,seed_milpsnap_grid5x5_high.json,806,25,40,114,36.0522,7.696583572082397e-05,1.942,OPTIMAL
grid_5x5,seed_milpsnap_grid5x5_high.json,807,25,40,121,36.0522,7.696583572062955e-05,2.146,OPTIMAL
grid_5x5,seed_milpsnap_grid5x5_high.json,808,25,40,117,36.0522,7.696583572062955e-05,2.15,OPTIMAL
grid_5x5,seed_milpsnap_grid5x5_high.json,809,25,40,121,36.0522,7.696583572082397e-05,2.118,OPTIMAL
grid_5x5,seed_milpsnap_grid5x5_high.json,810,25,40,120,36.0522,7.696583572062955e-05,2.109,OPTIMAL
grid_5x5,seed_milpsnap_grid5x5_high.json,811,25,40,120,36.0522,7.696583572062955e-05,2.295,OPTIMAL
grid_5x5,seed_milpsnap_grid5x5_high.json,812,25,40,120,36.0522,7.696583572082397e-05,2.095,OPTIMAL
grid_5x5,seed_milpsnap_grid5x5_high.json,813,25,40,120,36.0522,0.0,2.097,OPTIMAL
grid_5x5,seed_milpsnap_grid5x5_high.json,814,25,40,114,36.0522,7.696583572062955e-05,1.858,OPTIMAL
grid_5x5,seed_milpsnap_grid5x5_high.json,815,25,40,114,36.0522,7.696583572082397e-05,1.988,OPTIMAL
grid_5x5,seed_milpsnap_grid5x5_high.json,816,25,40,112,36.0522,7.696583572062955e-05,1.915,OPTIMAL
grid_5x5,seed_milpsnap_grid5x5_high.json,817,25,40,110,36.0522,7.696583572062955e-05,1.898,OPTIMAL
grid_5x5,seed_milpsnap_grid5x5_high.json,818,25,40,111,36.0522,7.696583572062955e-05,1.898,OPTIMAL
grid_5x5,seed_milpsnap_grid5x5_high.json,819,25,40,112,36.0522,7.696583572082397e-05,1.911,OPTIMAL
grid_5x5,seed_milpsnap_grid5x5_high.json,820,25,40,115,36.0522,7.696583572062955e-05,2.096,OPTIMAL
grid_5x5,seed_milpsnap_grid5x5_high.json,821,25,40,118,36.0522,7.696583572062955e-05,2.026,OPTIMAL
grid_5x5,seed_milpsnap_grid5x5_high.json,822,25,40,116,36.0522,7.696583572062955e-05,3.562,OPTIMAL
grid_5x5,seed_milpsnap_grid5x5_high.json,823,25,40,118,36.0522,7.696583572062955e-05,2.163,OPTIMAL
grid_5x5,seed_milpsnap_grid5x5_high.json,824,25,40,114,36.0522,7.696583572062955e-05,2.187,OPTIMAL
grid_5x5,seed_milpsnap_grid5x5_high.json,825,25,40,111,36.0522,7.696583572062955e-05,2.138,OPTIMAL
grid_5x5,seed_milpsnap_grid5x5_high.json,826,25,40,115,36.0522,7.696583572062955e-05,2.087,OPTIMAL
grid_5x5,seed_milpsnap_grid5x5_high.json,827,25,40,122,36.0522,7.696583572062955e-05,2.11,OPTIMAL
grid_5x5,seed_milpsnap_grid5x5_high.json,828,25,40,118,36.0522,7.696583572062955e-05,2.398,OPTIMAL
grid_5x5,seed_milpsnap_grid5x5_high.json,829,25,40,121,36.0522,7.696583572062955e-05,2.018,OPTIMAL
grid_5x5,seed_milpsnap_grid5x5_high.json,830,25,40,125,36.0522,7.696583572062955e-05,2.503,OPTIMAL
grid_5x5,seed_milpsnap_grid5x5_high.json,831,25,40,120,36.0522,7.696583572082397e-05,2.15,OPTIMAL
grid_5x5,seed_milpsnap_grid5x5_high.json,832,25,40,118,36.0522,7.696583572062955e-05,2.01,OPTIMAL
grid_5x5,seed_milpsnap_grid5x5_high.json,833,25,40,118,36.0522,7.696583572062955e-05,2.001,OPTIMAL
grid_5x5,seed_milpsnap_grid5x5_high.json,834,25,40,119,36.0522,7.696583572062955e-05,2.035,OPTIMAL
grid_5x5,seed_milpsnap_grid5x5_high.json,835,25,40,122,36.0522,7.696583572062955e-05,2.062,OPTIMAL
grid_5x5,seed_milpsnap_grid5x5_high.json,836,25,40,124,36.0522,7.696583572082397e-05,2.032,OPTIMAL
grid_5x5,seed_milpsnap_grid5x5_high.json,837,25,40,123,36.0522,7.696583572062955e-05,1.993,OPTIMAL
grid_5x5,seed_milpsnap_grid5x5_high.json,838,25,40,128,36.0522,7.696583572062952e-05,1.84,OPTIMAL
grid_5x5,seed_milpsnap_grid5x5_high.json,839,25,40,126,36.0522,7.696583572062955e-05,2.07,OPTIMAL
grid_5x5,seed_milpsnap_grid5x5_high.json,840,25,40,123,36.0522,7.696583572062955e-05,2.174,OPTIMAL
grid_5x5,seed_milpsnap_grid5x5_high.json,841,25,40,120,36.0522,7.696583572062955e-05,1.983,OPTIMAL
grid_5x5,seed_milpsnap_grid5x5_high.json,842,25,40,115,36.0522,7.696583572062955e-05,1.957,OPTIMAL
grid_5x5,seed_milpsnap_grid5x5_high.json,843,25,40,120,36.0522,7.696583572062955e-05,2.079,OPTIMAL
grid_5x5,seed_milpsnap_grid5x5_high.json,844,25,40,115,36.0522,7.696583572062955e-05,1.996,OPTIMAL
grid_5x5,seed_milpsnap_grid5x5_high.json,845,25,40,117,36.0522,7.696583572062955e-05,1.961,OPTIMAL
grid_5x5,seed_milpsnap_grid5x5_high.json,846,25,40,117,36.0522,7.696583572062955e-05,2.034,OPTIMAL
grid_5x5,seed_milpsnap_grid5x5_high.json,847,25,40,117,36.0522,7.696583572062955e-05,1.995,OPTIMAL
grid_5x5,seed_milpsnap_grid5x5_high.json,848,25,40,121,36.0522,7.696583572062955e-05,2.115,OPTIMAL
grid_5x5,seed_milpsnap_grid5x5_high.json,849,25,40,127,36.0522,7.69658357204351e-05,2.034,OPTIMAL
grid_5x5,seed_milpsnap_grid5x5_high.json,850,25,40,125,36.0522,7.696583572062955e-05,2.205,OPTIMAL
grid_5x5,seed_milpsnap_grid5x5_high.json,851,25,40,118,36.0522,7.696583572082397e-05,2.078,OPTIMAL
grid_5x5,seed_milpsnap_grid5x5_high.json,852,25,40,113,36.0522,7.696583572062955e-05,1.946,OPTIMAL
grid_5x5,seed_milpsnap_grid5x5_high.json,853,25,40,107,36.0522,7.696583572062955e-05,1.896,OPTIMAL
grid_5x5,seed_milpsnap_grid5x5_high.json,854,25,40,116,36.0522,7.696583572062955e-05,2.058,OPTIMAL
grid_5x5,seed_milpsnap_grid5x5_high.json,855,25,40,121,36.0522,7.696583572062955e-05,2.271,OPTIMAL
grid_5x5,seed_milpsnap_grid5x5_high.json,856,25,40,123,36.0522,7.696583572062955e-05,2.11,OPTIMAL
grid_5x5,seed_milpsnap_grid5x5_high.json,857,25,40,123,36.0522,7.696583572082397e-05,2.084,OPTIMAL
grid_5x5,seed_milpsnap_grid5x5_high.json,858,25,40,125,36.0522,7.696583572062955e-05,2.215,OPTIMAL
grid_5x5,seed_milpsnap_grid5x5_high.json,859,25,40,129,36.0522,7.696583572082397e-05,1.868,OPTIMAL
grid_5x5,seed_milpsnap_grid5x5_high.json,860,25,40,126,36.0522,7.696583572062955e-05,2.269,OPTIMAL
grid_5x5,seed_milpsnap_grid5x5_high.json,861,25,40,128,36.0522,7.696583572062952e-05,1.805,OPTIMAL
grid_5x5,seed_milpsnap_grid5x5_high.json,862,25,40,127,36.0522,7.69658357204351e-05,1.977,OPTIMAL
grid_5x5,seed_milpsnap_grid5x5_high.json,863,25,40,124,36.0522,7.696583572062955e-05,2.172,OPTIMAL
grid_5x5,seed_milpsnap_grid5x5_high.json,864,25,40,120,36.0522,7.696583572062955e-05,2.051,OPTIMAL
grid_5x5,seed_milpsnap_grid5x5_high.json,865,25,40,121,36.0522,7.696583572062955e-05,2.225,OPTIMAL
grid_5x5,seed_milpsnap_grid5x5_high.json,866,25,40,121,36.0522,7.696583572082397e-05,2.215,OPTIMAL
grid_5x5,seed_milpsnap_grid5x5_high.json,867,25,40,130,36.0522,7.69658357204351e-05,1.929,OPTIMAL
grid_5x5,seed_milpsnap_grid5x5_high.json,868,25,40,130,36.0522,7.69658357204351e-05,1.874,OPTIMAL
grid_5x5,seed_milpsnap_grid5x5_high.json,869,25,40,122,36.0522,7.696583572062955e-05,2.218,OPTIMAL
grid_5x5,seed_milpsnap_grid5x5_high.json,870,25,40,126,36.0522,7.696583572062955e-05,2.286,OPTIMAL
grid_5x5,seed_milpsnap_grid5x5_high.json,871,25,40,120,36.0522,7.696583572062955e-05,2.182,OPTIMAL
grid_5x5,seed_milpsnap_grid5x5_high.json,872,25,40,121,36.0522,7.696583572082397e-05,2.216,OPTIMAL
grid_5x5,seed_milpsnap_grid5x5_high.json,873,25,40,113,36.0522,7.696583572082397e-05,1.947,OPTIMAL
grid_5x5,seed_milpsnap_grid5x5_high.json,874,25,40,113,36.0522,7.696583572082397e-05,1.929,OPTIMAL
grid_5x5,seed_milpsnap_grid5x5_high.json,875,25,40,113,36.0522,7.696583572062955e-05,1.975,OPTIMAL
grid_5x5,seed_milpsnap_grid5x5_high.json,876,25,40,119,36.0522,7.696583572062955e-05,2.003,OPTIMAL
grid_5x5,seed_milpsnap_grid5x5_high.json,877,25,40,119,36.0522,7.696583572062955e-05,2.117,OPTIMAL
grid_5x5,seed_milpsnap_grid5x5_high.json,878,25,40,117,36.0522,7.696583572062955e-05,2.062,OPTIMAL
grid_5x5,seed_milpsnap_grid5x5_high.json,879,25,40,114,36.0522,7.696583572062955e-05,1.886,OPTIMAL
grid_5x5,seed_milpsnap_grid5x5_high.json,880,25,40,113,36.0522,7.696583572062955e-05,1.884,OPTIMAL
grid_5x5,seed_milpsnap_grid5x5_high.json,881,25,40,110,36.0522,7.696583572062955e-05,1.75,OPTIMAL
grid_5x5,seed_milpsnap_grid5x5_high.json,882,25,40,104,36.0522,7.696583572062955e-05,1.89,OPTIMAL
grid_5x5,seed_milpsnap_grid5x5_high.json,883,25,40,106,36.0522,7.696583572062955e-05,1.799,OPTIMAL
grid_5x5,seed_milpsnap_grid5x5_high.json,884,25,40,106,36.0522,7.696583572062955e-05,1.847,OPTIMAL
grid_5x5,seed_milpsnap_grid5x5_high.json,885,25,40,106,36.0522,7.696583572062955e-05,1.892,OPTIMAL
grid_5x5,seed_milpsnap_grid5x5_high.json,886,25,40,106,36.0522,7.696583572062955e-05,1.729,OPTIMAL
grid_5x5,seed_milpsnap_grid5x5_high.json,887,25,40,102,36.0522,7.69658357204351e-05,1.704,OPTIMAL
grid_5x5,seed_milpsnap_grid5x5_high.json,888,25,40,102,36.0522,7.696583572062955e-05,1.615,OPTIMAL
grid_5x5,seed_milpsnap_grid5x5_high.json,889,25,40,104,36.0522,7.696583572062955e-05,1.76,OPTIMAL
grid_5x5,seed_milpsnap_grid5x5_high.json,890,25,40,101,36.0522,7.696583572082397e-05,1.718,OPTIMAL
grid_5x5,seed_milpsnap_grid5x5_high.json,891,25,40,94,36.0522,7.696583572062955e-05,1.486,OPTIMAL
grid_5x5,seed_milpsnap_grid5x5_high.json,892,25,40,98,36.0522,7.696583572062955e-05,1.618,OPTIMAL
grid_5x5,seed_milpsnap_grid5x5_high.json,893,25,40,101,36.0522,7.696583572082397e-05,1.668,OPTIMAL
grid_5x5,seed_milpsnap_grid5x5_high.json,894,25,40,109,36.0522,7.696583572062955e-05,1.883,OPTIMAL
grid_5x5,seed_milpsnap_grid5x5_high.json,895,25,40,108,36.0522,7.696583572062955e-05,1.791,OPTIMAL
grid_5x5,seed_milpsnap_grid5x5_high.json,896,25,40,111,36.0522,7.696583572062955e-05,1.949,OPTIMAL
grid_5x5,seed_milpsnap_grid5x5_high.json,897,25,40,115,36.0522,7.696583572062955e-05,2.027,OPTIMAL
grid_5x5,seed_milpsnap_grid5x5_high.json,898,25,40,116,36.0522,7.696583572062955e-05,2.064,OPTIMAL
grid_5x5,seed_milpsnap_grid5x5_high.json,899,25,40,121,36.0522,7.696583572082397e-05,2.048,OPTIMAL
grid_5x5,seed_milpsnap_grid5x5_high.json,900,25,40,113,36.0522,7.696583572062955e-05,1.992,OPTIMAL
grid_5x5,seed_milpsnap_grid5x5_high.json,901,25,40,120,36.0522,7.696583572062955e-05,2.159,OPTIMAL
grid_5x5,seed_milpsnap_grid5x5_high.json,902,25,40,123,36.0522,7.696583572062955e-05,2.233,OPTIMAL
grid_5x5,seed_milpsnap_grid5x5_high.json,903,25,40,137,36.0522,7.696583572062952e-05,2.011,OPTIMAL
grid_5x5,seed_milpsnap_grid5x5_high.json,904,25,40,131,36.0522,9.406935476985275e-05,1.826,OPTIMAL
grid_5x5,seed_milpsnap_grid5x5_high.json,905,25,40,132,36.0522,7.69658357204351e-05,1.919,OPTIMAL
grid_5x5,seed_milpsnap_grid5x5_high.json,906,25,40,137,36.0522,7.69658357204351e-05,2.017,OPTIMAL
grid_5x5,seed_milpsnap_grid5x5_high.json,907,25,40,1,72.0256,0.0,0.018,OPTIMAL
grid_5x5,seed_milpsnap_grid5x5_high.json,908,25,40,12,40.0492,0.0,0.115,OPTIMAL
grid_5x5,seed_milpsnap_grid5x5_high.json,909,25,40,20,36.0522,0.0,0.225,OPTIMAL
grid_5x5,seed_milpsnap_grid5x5_high.json,910,25,40,26,36.0522,7.696583572140731e-05,0.325,OPTIMAL
grid_5x5,seed_milpsnap_grid5x5_high.json,911,25,40,37,36.0522,7.696583572062955e-05,0.443,OPTIMAL
grid_5x5,seed_milpsnap_grid5x5_high.json,912,25,40,48,36.0522,0.0,0.83,OPTIMAL
grid_5x5,seed_milpsnap_grid5x5_high.json,913,25,40,60,36.0522,7.69658357204351e-05,0.895,OPTIMAL
grid_5x5,seed_milpsnap_grid5x5_high.json,914,25,40,70,36.0522,7.696583572062955e-05,1.205,OPTIMAL
grid_5x5,seed_milpsnap_grid5x5_high.json,915,25,40,79,36.0522,7.696583572062952e-05,1.232,OPTIMAL
grid_5x5,seed_milpsnap_grid5x5_high.json,916,25,40,89,36.0522,7.696583572082397e-05,1.261,OPTIMAL
grid_5x5,seed_milpsnap_grid5x5_high.json,917,25,40,96,36.0522,7.696583572082397e-05,1.596,OPTIMAL
grid_5x5,seed_milpsnap_grid5x5_high.json,918,25,40,103,36.0522,7.696583572082397e-05,1.822,OPTIMAL
grid_5x5,seed_milpsnap_grid5x5_high.json,919,25,40,110,36.0522,7.696583572062955e-05,1.921,OPTIMAL
grid_5x5,seed_milpsnap_grid5x5_high.json,920,25,40,118,36.0522,7.696583572062955e-05,2.005,OPTIMAL
grid_5x5,seed_milpsnap_grid5x5_high.json,921,25,40,125,36.0522,7.696583572062955e-05,2.16,OPTIMAL
grid_5x5,seed_milpsnap_grid5x5_high.json,922,25,40,126,36.0522,7.696583572062955e-05,2.202,OPTIMAL
grid_5x5,seed_milpsnap_grid5x5_high.json,923,25,40,129,36.0522,7.69658357204351e-05,2.031,OPTIMAL
grid_5x5,seed_milpsnap_grid5x5_high.json,924,25,40,126,36.0522,7.696583572082397e-05,2.234,OPTIMAL
grid_5x5,seed_milpsnap_grid5x5_high.json,925,25,40,127,36.0522,7.69658357204351e-05,1.826,OPTIMAL
grid_5x5,seed_milpsnap_grid5x5_high.json,926,25,40,117,36.0522,7.696583572082397e-05,2.02,OPTIMAL
grid_5x5,seed_milpsnap_grid5x5_high.json,927,25,40,119,36.0522,7.696583572062955e-05,2.028,OPTIMAL
grid_5x5,seed_milpsnap_grid5x5_high.json,928,25,40,113,36.0522,7.696583572082397e-05,1.845,OPTIMAL
grid_5x5,seed_milpsnap_grid5x5_high.json,929,25,40,112,36.0522,7.696583572082397e-05,1.954,OPTIMAL
grid_5x5,seed_milpsnap_grid5x5_high.json,930,25,40,110,36.0522,7.696583572062955e-05,1.941,OPTIMAL
grid_5x5,seed_milpsnap_grid5x5_high.json,931,25,40,105,36.0522,7.696583572082397e-05,1.865,OPTIMAL
grid_5x5,seed_milpsnap_grid5x5_high.json,932,25,40,107,36.0522,7.696583572082397e-05,1.871,OPTIMAL
grid_5x5,seed_milpsnap_grid5x5_high.json,933,25,40,106,36.0522,7.696583572082397e-05,1.904,OPTIMAL
grid_5x5,seed_milpsnap_grid5x5_high.json,934,25,40,105,36.0522,7.696583572062955e-05,1.83,OPTIMAL
grid_5x5,seed_milpsnap_grid5x5_high.json,935,25,40,105,36.0522,7.696583572082397e-05,1.882,OPTIMAL
grid_5x5,seed_milpsnap_grid5x5_high.json,936,25,40,105,36.0522,7.696583572062955e-05,1.693,OPTIMAL
grid_5x5,seed_milpsnap_grid5x5_high.json,937,25,40,110,36.0522,7.696583572062955e-05,1.949,OPTIMAL
grid_5x5,seed_milpsnap_grid5x5_high.json,938,25,40,110,36.0522,7.696583572082397e-05,1.843,OPTIMAL
grid_5x5,seed_milpsnap_grid5x5_high.json,939,25,40,109,36.0522,7.696583572062955e-05,1.965,OPTIMAL
grid_5x5,seed_milpsnap_grid5x5_high.json,940,25,40,112,36.0522,7.696583572082397e-05,2.02,OPTIMAL
grid_5x5,seed_milpsnap_grid5x5_high.json,941,25,40,118,36.0522,7.696583572062955e-05,2.114,OPTIMAL
grid_5x5,seed_milpsnap_grid5x5_high.json,942,25,40,118,36.0522,7.696583572062955e-05,2.113,OPTIMAL
grid_5x5,seed_milpsnap_grid5x5_high.json,943,25,40,123,36.0522,7.696583572062955e-05,2.181,OPTIMAL
grid_5x5,seed_milpsnap_grid5x5_high.json,944,25,40,125,36.0522,7.696583572062955e-05,2.226,OPTIMAL
grid_5x5,seed_milpsnap_grid5x5_high.json,945,25,40,127,36.0522,7.69658357204351e-05,1.833,OPTIMAL
grid_5x5,seed_milpsnap_grid5x5_high.json,946,25,40,132,36.0522,7.696583572062952e-05,1.886,OPTIMAL
grid_5x5,seed_milpsnap_grid5x5_high.json,947,25,40,133,36.0522,7.69658357204351e-05,2.396,OPTIMAL
grid_5x5,seed_milpsnap_grid5x5_high.json,948,25,40,137,36.0522,7.69658357204351e-05,2.51,OPTIMAL
grid_5x5,seed_milpsnap_grid5x5_high.json,949,25,40,135,36.0522,7.69658357204351e-05,2.09,OPTIMAL
grid_5x5,seed_milpsnap_grid5x5_high.json,950,25,40,137,36.0522,7.696583572062952e-05,2.194,OPTIMAL
grid_5x5,seed_milpsnap_grid5x5_high.json,951,25,40,135,36.0522,7.69658357204351e-05,2.122,OPTIMAL
grid_5x5,seed_milpsnap_grid5x5_high.json,952,25,40,131,36.0522,7.696583572062955e-05,2.038,OPTIMAL
grid_5x5,seed_milpsnap_grid5x5_high.json,953,25,40,125,36.0522,7.696583572082397e-05,2.184,OPTIMAL
grid_5x5,seed_milpsnap_grid5x5_high.json,954,25,40,127,36.0522,7.696583572062952e-05,1.99,OPTIMAL
grid_5x5,seed_milpsnap_grid5x5_high.json,955,25,40,124,36.0522,7.696583572062955e-05,2.265,OPTIMAL
grid_5x5,seed_milpsnap_grid5x5_high.json,956,25,40,128,36.0522,7.69658357204351e-05,1.984,OPTIMAL
grid_5x5,seed_milpsnap_grid5x5_high.json,957,25,40,120,36.0522,7.696583572082397e-05,2.065,OPTIMAL
grid_5x5,seed_milpsnap_grid5x5_high.json,958,25,40,113,36.0522,7.696583572062955e-05,1.894,OPTIMAL
grid_5x5,seed_milpsnap_grid5x5_high.json,959,25,40,110,36.0522,7.696583572082397e-05,2.038,OPTIMAL
grid_5x5,seed_milpsnap_grid5x5_high.json,960,25,40,106,36.0522,7.696583572062955e-05,1.807,OPTIMAL
grid_5x5,seed_milpsnap_grid5x5_high.json,961,25,40,105,36.0522,7.696583572082397e-05,1.844,OPTIMAL
grid_5x5,seed_milpsnap_grid5x5_high.json,962,25,40,106,36.0522,7.696583572082397e-05,1.823,OPTIMAL
grid_5x5,seed_milpsnap_grid5x5_high.json,963,25,40,105,36.0522,7.696583572062955e-05,1.879,OPTIMAL
grid_5x5,seed_milpsnap_grid5x5_high.json,964,25,40,109,36.0522,7.696583572062955e-05,1.905,OPTIMAL
grid_5x5,seed_milpsnap_grid5x5_high.json,965,25,40,104,36.0522,7.696583572062955e-05,1.838,OPTIMAL
grid_5x5,seed_milpsnap_grid5x5_high.json,966,25,40,105,36.0522,7.69658357204351e-05,1.952,OPTIMAL
grid_5x5,seed_milpsnap_grid5x5_high.json,967,25,40,112,36.0522,7.696583572062955e-05,2.052,OPTIMAL
grid_5x5,seed_milpsnap_grid5x5_high.json,968,25,40,112,36.0522,7.696583572062955e-05,1.978,OPTIMAL
grid_5x5,seed_milpsnap_grid5x5_high.json,969,25,40,114,36.0522,7.696583572062955e-05,1.985,OPTIMAL
grid_5x5,seed_milpsnap_grid5x5_high.json,970,25,40,116,36.0522,7.696583572062955e-05,2.14,OPTIMAL
grid_5x5,seed_milpsnap_grid5x5_high.json,971,25,40,114,36.0522,7.696583572062955e-05,2.033,OPTIMAL
grid_5x5,seed_milpsnap_grid5x5_high.json,972,25,40,114,36.0522,7.696583572062955e-05,1.993,OPTIMAL
grid_5x5,seed_milpsnap_grid5x5_high.json,973,25,40,118,36.0522,7.696583572062955e-05,2.0,OPTIMAL
grid_5x5,seed_milpsnap_grid5x5_high.json,974,25,40,120,36.0522,7.696583572062955e-05,2.014,OPTIMAL
grid_5x5,seed_milpsnap_grid5x5_high.json,975,25,40,128,36.0522,7.69658357204351e-05,1.925,OPTIMAL
grid_5x5,seed_milpsnap_grid5x5_high.json,976,25,40,126,36.0522,7.696583572082397e-05,2.184,OPTIMAL
grid_5x5,seed_milpsnap_grid5x5_high.json,977,25,40,126,36.0522,7.696583572082397e-05,2.144,OPTIMAL
grid_5x5,seed_milpsnap_grid5x5_high.json,978,25,40,122,36.0522,7.696583572062955e-05,2.14,OPTIMAL
grid_5x5,seed_milpsnap_grid5x5_high.json,979,25,40,129,36.0522,7.69658357204351e-05,1.886,OPTIMAL
grid_5x5,seed_milpsnap_grid5x5_high.json,980,25,40,132,36.0522,7.696583572062952e-05,1.948,OPTIMAL
grid_5x5,seed_milpsnap_grid5x5_high.json,981,25,40,137,36.0522,7.69658357204351e-05,2.082,OPTIMAL
grid_5x5,seed_milpsnap_grid5x5_high.json,982,25,40,135,36.0522,7.69658357204351e-05,2.103,OPTIMAL
grid_5x5,seed_milpsnap_grid5x5_high.json,983,25,40,136,36.0522,7.69658357204351e-05,2.17,OPTIMAL
grid_5x5,seed_milpsnap_grid5x5_high.json,984,25,40,134,36.0522,7.69658357204351e-05,2.067,OPTIMAL
grid_5x5,seed_milpsnap_grid5x5_high.json,985,25,40,132,36.0522,7.69658357204351e-05,2.135,OPTIMAL
grid_5x5,seed_milpsnap_grid5x5_high.json,986,25,40,132,36.0522,9.406935476965832e-05,2.02,OPTIMAL
grid_5x5,seed_milpsnap_grid5x5_high.json,987,25,40,135,36.0522,7.696583572062952e-05,2.212,OPTIMAL
grid_5x5,seed_milpsnap_grid5x5_high.json,988,25,40,134,36.0522,7.696583572062952e-05,2.0,OPTIMAL
grid_5x5,seed_milpsnap_grid5x5_high.json,989,25,40,138,36.0522,7.69658357204351e-05,2.044,OPTIMAL
grid_5x5,seed_milpsnap_grid5x5_high.json,990,25,40,140,36.0522,7.69658357204351e-05,2.055,OPTIMAL
grid_5x5,seed_milpsnap_grid5x5_high.json,991,25,40,141,36.0522,7.696583572062952e-05,2.242,OPTIMAL
grid_5x5,seed_milpsnap_grid5x5_high.json,992,25,40,138,36.0522,7.69658357204351e-05,1.992,OPTIMAL
grid_5x5,seed_milpsnap_grid5x5_high.json,993,25,40,144,36.0522,7.69658357204351e-05,2.164,OPTIMAL
grid_5x5,seed_milpsnap_grid5x5_high.json,994,25,40,138,36.0522,7.69658357204351e-05,2.096,OPTIMAL
grid_5x5,seed_milpsnap_grid5x5_high.json,995,25,40,140,36.0522,7.696583572062952e-05,2.231,OPTIMAL
grid_5x5,seed_milpsnap_grid5x5_high.json,996,25,40,140,36.0522,7.69658357204351e-05,1.919,OPTIMAL
grid_5x5,seed_milpsnap_grid5x5_high.json,997,25,40,138,36.0522,7.69658357204351e-05,2.103,OPTIMAL
grid_5x5,seed_milpsnap_grid5x5_high.json,998,25,40,140,36.0522,7.696583572062952e-05,2.129,OPTIMAL
grid_5x5,seed_milpsnap_grid5x5_high.json,999,25,40,137,36.0522,7.696583572062952e-05,2.053,OPTIMAL
grid_5x5,seed_milpsnap_grid5x5_high.json,1000,25,40,137,36.0522,7.696583572062952e-05,2.269,OPTIMAL
grid_5x5,seed_milpsnap_grid5x5_high.json,1001,25,40,133,36.0522,7.69658357204351e-05,1.976,OPTIMAL
grid_5x5,seed_milpsnap_grid5x5_high.json,1002,25,40,136,36.0522,7.69658357204351e-05,2.092,OPTIMAL
grid_5x5,seed_milpsnap_grid5x5_high.json,1003,25,40,137,36.0522,7.696583572062952e-05,2.03,OPTIMAL
grid_5x5,seed_milpsnap_grid5x5_high.json,1004,25,40,133,36.0522,7.69658357204351e-05,1.867,OPTIMAL
grid_5x5,seed_milpsnap_grid5x5_high.json,1005,25,40,126,36.0522,7.696583572062955e-05,2.256,OPTIMAL
grid_5x5,seed_milpsnap_grid5x5_high.json,1006,25,40,125,36.0522,7.696583572062955e-05,2.202,OPTIMAL
grid_5x5,seed_milpsnap_grid5x5_high.json,1007,25,40,120,36.0522,7.696583572062955e-05,2.212,OPTIMAL
grid_5x5,seed_milpsnap_grid5x5_high.json,1008,25,40,119,36.0522,7.696583572062955e-05,2.067,OPTIMAL
grid_5x5,seed_milpsnap_grid5x5_high.json,1009,25,40,119,36.0522,7.696583572062955e-05,2.113,OPTIMAL
grid_5x5,seed_milpsnap_grid5x5_high.json,1010,25,40,114,36.0522,7.696583572062955e-05,2.077,OPTIMAL
grid_5x5,seed_milpsnap_grid5x5_high.json,1011,25,40,115,36.0522,7.696583572082397e-05,2.088,OPTIMAL
grid_5x5,seed_milpsnap_grid5x5_high.json,1012,25,40,116,36.0522,7.696583572062955e-05,2.151,OPTIMAL
grid_5x5,seed_milpsnap_grid5x5_high.json,1013,25,40,121,36.0522,7.696583572062955e-05,2.305,OPTIMAL
grid_5x5,seed_milpsnap_grid5x5_high.json,1014,25,40,126,36.0522,7.696583572082397e-05,2.231,OPTIMAL
grid_5x5,seed_milpsnap_grid5x5_high.json,1015,25,40,125,36.0522,7.696583572062955e-05,2.278,OPTIMAL
grid_5x5,seed_milpsnap_grid5x5_high.json,1016,25,40,127,36.0522,7.696583572062952e-05,2.041,OPTIMAL
grid_5x5,seed_milpsnap_grid5x5_high.json,1017,25,40,121,36.0522,7.696583572062955e-05,2.217,OPTIMAL
grid_5x5,seed_milpsnap_grid5x5_high.json,1018,25,40,121,36.0522,7.696583572062955e-05,2.192,OPTIMAL
grid_5x5,seed_milpsnap_grid5x5_high.json,1019,25,40,124,36.0522,7.696583572062955e-05,2.234,OPTIMAL
grid_5x5,seed_milpsnap_grid5x5_high.json,1020,25,40,126,36.0522,7.696583572062955e-05,2.306,OPTIMAL
grid_5x5,seed_milpsnap_grid5x5_high.json,1021,25,40,133,36.0522,7.69658357204351e-05,1.769,OPTIMAL
grid_5x5,seed_milpsnap_grid5x5_high.json,1022,25,40,140,36.0522,7.696583572062952e-05,2.122,OPTIMAL
grid_5x5,seed_milpsnap_grid5x5_high.json,1023,25,40,135,36.0522,7.69658357204351e-05,2.001,OPTIMAL
grid_5x5,seed_milpsnap_grid5x5_high.json,1024,25,40,129,36.0522,7.69658357204351e-05,1.953,OPTIMAL
grid_5x5,seed_milpsnap_grid5x5_high.json,1025,25,40,130,36.0522,7.69658357204351e-05,1.924,OPTIMAL
grid_5x5,seed_milpsnap_grid5x5_high.json,1026,25,40,124,36.0522,7.696583572062955e-05,2.177,OPTIMAL
grid_5x5,seed_milpsnap_grid5x5_high.json,1027,25,40,124,36.0522,7.696583572062955e-05,2.277,OPTIMAL
grid_5x5,seed_milpsnap_grid5x5_high.json,1028,25,40,112,36.0522,0.0,1.978,OPTIMAL
grid_5x5,seed_milpsnap_grid5x5_high.json,1029,25,40,112,36.0522,7.696583572082397e-05,1.937,OPTIMAL
grid_5x5,seed_milpsnap_grid5x5_high.json,1030,25,40,114,36.0522,7.696583572062955e-05,1.923,OPTIMAL
grid_5x5,seed_milpsnap_grid5x5_high.json,1031,25,40,110,36.0522,7.696583572062955e-05,1.878,OPTIMAL
grid_5x5,seed_milpsnap_grid5x5_high.json,1032,25,40,118,36.0522,7.696583572062955e-05,2.035,OPTIMAL
grid_5x5,seed_milpsnap_grid5x5_high.json,1033,25,40,116,36.0522,7.696583572062955e-05,2.074,OPTIMAL
grid_5x5,seed_milpsnap_grid5x5_high.json,1034,25,40,108,36.0522,7.696583572062955e-05,1.956,OPTIMAL
grid_5x5,seed_milpsnap_grid5x5_high.json,1035,25,40,100,36.0522,7.696583572062955e-05,1.604,OPTIMAL
grid_5x5,seed_milpsnap_grid5x5_high.json,1036,25,40,95,36.0522,7.696583572082397e-05,1.606,OPTIMAL
grid_5x5,seed_milpsnap_grid5x5_high.json,1037,25,40,100,36.0522,7.696583572062955e-05,1.693,OPTIMAL
grid_5x5,seed_milpsnap_grid5x5_high.json,1038,25,40,102,36.0522,7.696583572062955e-05,1.745,OPTIMAL
grid_5x5,seed_milpsnap_grid5x5_high.json,1039,25,40,106,36.0522,7.696583572062955e-05,1.755,OPTIMAL
grid_5x5,seed_milpsnap_grid5x5_high.json,1040,25,40,108,36.0522,7.696583572062955e-05,1.955,OPTIMAL
grid_5x5,seed_milpsnap_grid5x5_high.json,1041,25,40,114,36.0522,7.696583572062955e-05,2.036,OPTIMAL
grid_5x5,seed_milpsnap_grid5x5_high.json,1042,25,40,117,36.0522,7.696583572062955e-05,2.145,OPTIMAL
grid_5x5,seed_milpsnap_grid5x5_high.json,1043,25,40,121,36.0522,7.696583572062955e-05,2.271,OPTIMAL
grid_5x5,seed_milpsnap_grid5x5_high.json,1044,25,40,119,36.0522,7.696583572082397e-05,2.081,OPTIMAL
grid_5x5,seed_milpsnap_grid5x5_high.json,1045,25,40,122,36.0522,7.696583572062955e-05,2.21,OPTIMAL
grid_5x5,seed_milpsnap_grid5x5_high.json,1046,25,40,129,36.0522,7.696583572062952e-05,1.999,OPTIMAL
grid_5x5,seed_milpsnap_grid5x5_high.json,1047,25,40,124,36.0522,7.696583572062955e-05,2.221,OPTIMAL
grid_5x5,seed_milpsnap_grid5x5_high.json,1048,25,40,128,36.0522,7.696583572062952e-05,1.903,OPTIMAL
grid_5x5,seed_milpsnap_grid5x5_high.json,1049,25,40,130,36.0522,7.69658357204351e-05,1.956,OPTIMAL
grid_5x5,seed_milpsnap_grid5x5_high.json,1050,25,40,140,36.0522,7.69658357204351e-05,2.061,OPTIMAL
grid_5x5,seed_milpsnap_grid5x5_high.json,1051,25,40,143,36.0522,7.696583572062952e-05,2.194,OPTIMAL
grid_5x5,seed_milpsnap_grid5x5_high.json,1052,25,40,139,36.0522,7.696583572062952e-05,2.101,OPTIMAL
grid_5x5,seed_milpsnap_grid5x5_high.json,1053,25,40,138,36.0522,7.696583572062952e-05,2.26,OPTIMAL
grid_5x5,seed_milpsnap_grid5x5_high.json,1054,25,40,140,36.0522,7.69658357204351e-05,2.225,OPTIMAL
grid_5x5,seed_milpsnap_grid5x5_high.json,1055,25,40,146,36.0522,7.696583572062952e-05,2.294,OPTIMAL
grid_5x5,seed_milpsnap_grid5x5_high.json,1056,25,40,144,36.0522,7.69658357204351e-05,2.116,OPTIMAL
grid_5x5,seed_milpsnap_grid5x5_high.json,1057,25,40,141,36.0522,7.69658357204351e-05,2.279,OPTIMAL
grid_5x5,seed_milpsnap_grid5x5_high.json,1058,25,40,1,84.0167,0.0,0.011,OPTIMAL
grid_5x5,seed_milpsnap_grid5x5_high.json,1059,25,40,10,44.0463,0.0,0.115,OPTIMAL
grid_5x5,seed_milpsnap_grid5x5_high.json,1060,25,40,19,40.0492,0.0,0.145,OPTIMAL
grid_5x5,seed_milpsnap_grid5x5_high.json,1061,25,40,27,36.0522,0.0,0.37,OPTIMAL
grid_5x5,seed_milpsnap_grid5x5_high.json,1062,25,40,33,36.0522,0.0,0.46,OPTIMAL
grid_5x5,seed_milpsnap_grid5x5_high.json,1063,25,40,40,36.0522,0.0,0.508,OPTIMAL
grid_5x5,seed_milpsnap_grid5x5_high.json,1064,25,40,50,36.0522,7.696583572140731e-05,0.844,OPTIMAL
grid_5x5,seed_milpsnap_grid5x5_high.json,1065,25,40,62,36.0522,7.696583572062955e-05,0.962,OPTIMAL
grid_5x5,seed_milpsnap_grid5x5_high.json,1066,25,40,67,36.0522,7.696583572062955e-05,1.088,OPTIMAL
grid_5x5,seed_milpsnap_grid5x5_high.json,1067,25,40,78,36.0522,7.696583572082397e-05,1.255,OPTIMAL
grid_5x5,seed_milpsnap_grid5x5_high.json,1068,25,40,85,36.0522,7.696583572062955e-05,1.49,OPTIMAL
grid_5x5,seed_milpsnap_grid5x5_high.json,1069,25,40,97,36.0522,7.696583572062955e-05,1.695,OPTIMAL
grid_5x5,seed_milpsnap_grid5x5_high.json,1070,25,40,105,36.0522,7.696583572062955e-05,1.866,OPTIMAL
grid_5x5,seed_milpsnap_grid5x5_high.json,1071,25,40,111,36.0522,7.696583572062955e-05,2.16,OPTIMAL
grid_5x5,seed_milpsnap_grid5x5_high.json,1072,25,40,121,36.0522,7.696583572062955e-05,2.235,OPTIMAL
grid_5x5,seed_milpsnap_grid5x5_high.json,1073,25,40,130,36.0522,7.69658357204351e-05,2.014,OPTIMAL
grid_5x5,seed_milpsnap_grid5x5_high.json,1074,25,40,130,36.0522,7.696583572062952e-05,2.035,OPTIMAL
grid_5x5,seed_milpsnap_grid5x5_high.json,1075,25,40,130,36.0522,7.696583572062952e-05,1.874,OPTIMAL
grid_5x5,seed_milpsnap_grid5x5_high.json,1076,25,40,128,36.0522,7.69658357204351e-05,2.009,OPTIMAL
grid_5x5,seed_milpsnap_grid5x5_high.json,1077,25,40,124,36.0522,7.696583572062955e-05,2.247,OPTIMAL
grid_5x5,seed_milpsnap_grid5x5_high.json,1078,25,40,126,36.0522,7.696583572062955e-05,2.209,OPTIMAL
grid_5x5,seed_milpsnap_grid5x5_high.json,1079,25,40,127,36.0522,7.696583572062952e-05,2.076,OPTIMAL
grid_5x5,seed_milpsnap_grid5x5_high.json,1080,25,40,121,36.0522,7.696583572062955e-05,2.184,OPTIMAL
grid_5x5,seed_milpsnap_grid5x5_high.json,1081,25,40,124,36.0522,0.0,2.228,OPTIMAL
grid_5x5,seed_milpsnap_grid5x5_high.json,1082,25,40,122,36.0522,7.696583572082397e-05,2.068,OPTIMAL
grid_5x5,seed_milpsnap_grid5x5_high.json,1083,25,40,127,36.0522,7.696583572062952e-05,1.806,OPTIMAL
grid_5x5,seed_milpsnap_grid5x5_high.json,1084,25,40,131,36.0522,7.696583572062952e-05,1.802,OPTIMAL
grid_5x5,seed_milpsnap_grid5x5_high.json,1085,25,40,130,36.0522,7.69658357204351e-05,1.96,OPTIMAL
grid_5x5,seed_milpsnap_grid5x5_high.json,1086,25,40,125,36.0522,7.696583572082397e-05,2.248,OPTIMAL
grid_5x5,seed_milpsnap_grid5x5_high.json,1087,25,40,120,36.0522,7.696583572062955e-05,2.098,OPTIMAL
grid_5x5,seed_milpsnap_grid5x5_high.json,1088,25,40,112,36.0522,7.696583572062955e-05,2.023,OPTIMAL
grid_5x5,seed_milpsnap_grid5x5_high.json,1089,25,40,107,36.0522,7.696583572062955e-05,1.863,OPTIMAL
grid_5x5,seed_milpsnap_grid5x5_high.json,1090,25,40,110,36.0522,7.696583572082397e-05,2.003,OPTIMAL
grid_5x5,seed_milpsnap_grid5x5_high.json,1091,25,40,114,36.0522,7.696583572062955e-05,1.975,OPTIMAL
grid_5x5,seed_milpsnap_grid5x5_high.json,1092,25,40,121,36.0522,7.696583572062955e-05,2.091,OPTIMAL
grid_5x5,seed_milpsnap_grid5x5_high.json,1093,25,40,119,36.0522,7.696583572082397e-05,2.058,OPTIMAL
grid_5x5,seed_milpsnap_grid5x5_high.json,1094,25,40,114,36.0522,7.696583572062955e-05,1.913,OPTIMAL
grid_5x5,seed_milpsnap_grid5x5_high.json,1095,25,40,120,36.0522,7.696583572082397e-05,2.284,OPTIMAL
grid_5x5,seed_milpsnap_grid5x5_high.json,1096,25,40,119,36.0522,7.696583572062955e-05,2.442,OPTIMAL
grid_5x5,seed_milpsnap_grid5x5_high.json,1097,25,40,121,36.0522,7.696583572062955e-05,2.638,OPTIMAL
grid_5x5,seed_milpsnap_grid5x5_high.json,1098,25,40,115,36.0522,7.696583572082397e-05,2.04,OPTIMAL
grid_5x5,seed_milpsnap_grid5x5_high.json,1099,25,40,109,36.0522,7.696583572062955e-05,1.943,OPTIMAL
grid_5x5,seed_milpsnap_grid5x5_high.json,1100,25,40,109,36.0522,7.696583572062955e-05,1.913,OPTIMAL
grid_5x5,seed_milpsnap_grid5x5_high.json,1101,25,40,109,36.0522,7.696583572062955e-05,1.942,OPTIMAL
grid_5x5,seed_milpsnap_grid5x5_high.json,1102,25,40,116,36.0522,7.696583572082397e-05,2.082,OPTIMAL
grid_5x5,seed_milpsnap_grid5x5_high.json,1103,25,40,125,36.0522,7.696583572062955e-05,2.261,OPTIMAL
grid_5x5,seed_milpsnap_grid5x5_high.json,1104,25,40,127,36.0522,7.696583572062952e-05,1.758,OPTIMAL
grid_5x5,seed_milpsnap_grid5x5_high.json,1105,25,40,124,36.0522,7.696583572062955e-05,2.172,OPTIMAL
grid_5x5,seed_milpsnap_grid5x5_high.json,1106,25,40,127,36.0522,7.69658357204351e-05,1.855,OPTIMAL
grid_5x5,seed_milpsnap_grid5x5_high.json,1107,25,40,124,36.0522,7.696583572082397e-05,2.137,OPTIMAL
grid_5x5,seed_milpsnap_grid5x5_high.json,1108,25,40,126,36.0522,7.696583572062955e-05,2.239,OPTIMAL
grid_5x5,seed_milpsnap_grid5x5_high.json,1109,25,40,124,36.0522,7.696583572082397e-05,2.029,OPTIMAL
grid_5x5,seed_milpsnap_grid5x5_high.json,1110,25,40,119,36.0522,7.696583572062955e-05,1.992,OPTIMAL
grid_5x5,seed_milpsnap_grid5x5_high.json,1111,25,40,119,36.0522,7.696583572062955e-05,1.985,OPTIMAL
grid_5x5,seed_milpsnap_grid5x5_high.json,1112,25,40,118,36.0522,7.696583572062955e-05,1.87,OPTIMAL
grid_5x5,seed_milpsnap_grid5x5_high.json,1113,25,40,119,36.0522,7.696583572082397e-05,2.015,OPTIMAL
grid_5x5,seed_milpsnap_grid5x5_high.json,1114,25,40,117,36.0522,7.696583572062955e-05,1.983,OPTIMAL
grid_5x5,seed_milpsnap_grid5x5_high.json,1115,25,40,118,36.0522,7.696583572062955e-05,2.042,OPTIMAL
grid_5x5,seed_milpsnap_grid5x5_high.json,1116,25,40,125,36.0522,7.696583572082397e-05,2.191,OPTIMAL
grid_5x5,seed_milpsnap_grid5x5_high.json,1117,25,40,120,36.0522,7.696583572062955e-05,2.015,OPTIMAL
grid_5x5,seed_milpsnap_grid5x5_high.json,1118,25,40,117,36.0522,7.696583572082397e-05,2.138,OPTIMAL
grid_5x5,seed_milpsnap_grid5x5_high.json,1119,25,40,113,36.0522,7.696583572062955e-05,2.011,OPTIMAL
grid_5x5,seed_milpsnap_grid5x5_high.json,1120,25,40,112,36.0522,7.696583572062955e-05,1.943,OPTIMAL
grid_5x5,seed_milpsnap_grid5x5_high.json,1121,25,40,110,36.0522,7.696583572062955e-05,1.944,OPTIMAL
grid_5x5,seed_milpsnap_grid5x5_high.json,1122,25,40,109,36.0522,7.696583572062955e-05,1.909,OPTIMAL
grid_5x5,seed_milpsnap_grid5x5_high.json,1123,25,40,108,36.0522,7.696583572062955e-05,1.91,OPTIMAL
grid_5x5,seed_milpsnap_grid5x5_high.json,1124,25,40,111,36.0522,7.696583572062955e-05,1.977,OPTIMAL
grid_5x5,seed_milpsnap_grid5x5_high.json,1125,25,40,115,36.0522,7.696583572082397e-05,2.012,OPTIMAL
grid_5x5,seed_milpsnap_grid5x5_high.json,1126,25,40,111,36.0522,7.696583572062955e-05,2.041,OPTIMAL
grid_5x5,seed_milpsnap_grid5x5_high.json,1127,25,40,103,36.0522,7.696583572062952e-05,1.791,OPTIMAL
grid_5x5,seed_milpsnap_grid5x5_high.json,1128,25,40,101,36.0522,7.696583572062955e-05,1.651,OPTIMAL
grid_5x5,seed_milpsnap_grid5x5_high.json,1129,25,40,100,36.0522,7.696583572062955e-05,1.688,OPTIMAL
grid_5x5,seed_milpsnap_grid5x5_high.json,1130,25,40,102,36.0522,7.696583572062955e-05,1.664,OPTIMAL
grid_5x5,seed_milpsnap_grid5x5_high.json,1131,25,40,105,36.0522,7.696583572062955e-05,1.809,OPTIMAL
grid_5x5,seed_milpsnap_grid5x5_high.json,1132,25,40,105,36.0522,7.696583572062955e-05,1.852,OPTIMAL
grid_5x5,seed_milpsnap_grid5x5_high.json,1133,25,40,105,36.0522,7.696583572062955e-05,1.722,OPTIMAL
grid_5x5,seed_milpsnap_grid5x5_high.json,1134,25,40,115,36.0522,7.696583572062955e-05,1.986,OPTIMAL
grid_5x5,seed_milpsnap_grid5x5_high.json,1135,25,40,117,36.0522,7.696583572082397e-05,2.032,OPTIMAL
grid_5x5,seed_milpsnap_grid5x5_high.json,1136,25,40,112,36.0522,7.696583572062955e-05,2.001,OPTIMAL
grid_5x5,seed_milpsnap_grid5x5_high.json,1137,25,40,115,36.0522,7.696583572082397e-05,1.897,OPTIMAL
grid_5x5,seed_milpsnap_grid5x5_high.json,1138,25,40,121,36.0522,7.696583572082397e-05,2.073,OPTIMAL
grid_5x5,seed_milpsnap_grid5x5_high.json,1139,25,40,118,36.0522,7.696583572082397e-05,2.098,OPTIMAL
grid_5x5,seed_milpsnap_grid5x5_high.json,1140,25,40,116,36.0522,7.696583572062955e-05,1.991,OPTIMAL
grid_5x5,seed_milpsnap_grid5x5_high.json,1141,25,40,124,36.0522,7.696583572062955e-05,2.161,OPTIMAL
grid_5x5,seed_milpsnap_grid5x5_high.json,1142,25,40,128,36.0522,7.69658357204351e-05,1.939,OPTIMAL
grid_5x5,seed_milpsnap_grid5x5_high.json,1143,25,40,130,36.0522,7.69658357204351e-05,1.974,OPTIMAL
grid_5x5,seed_milpsnap_grid5x5_high.json,1144,25,40,130,36.0522,7.69658357204351e-05,2.012,OPTIMAL
grid_5x5,seed_milpsnap_grid5x5_high.json,1145,25,40,126,36.0522,7.696583572062955e-05,2.181,OPTIMAL
grid_5x5,seed_milpsnap_grid5x5_high.json,1146,25,40,120,36.0522,7.696583572062955e-05,2.033,OPTIMAL
grid_5x5,seed_milpsnap_grid5x5_high.json,1147,25,40,123,36.0522,7.696583572062955e-05,2.13,OPTIMAL
grid_5x5,seed_milpsnap_grid5x5_high.json,1148,25,40,121,36.0522,7.696583572062955e-05,2.106,OPTIMAL
grid_5x5,seed_milpsnap_grid5x5_high.json,1149,25,40,112,36.0522,7.696583572062955e-05,1.952,OPTIMAL
grid_5x5,seed_milpsnap_grid5x5_high.json,1150,25,40,108,36.0522,7.696583572062955e-05,1.759,OPTIMAL
grid_5x5,seed_milpsnap_grid5x5_high.json,1151,25,40,106,36.0522,7.696583572082397e-05,1.705,OPTIMAL
grid_5x5,seed_milpsnap_grid5x5_high.json,1152,25,40,109,36.0522,7.696583572062955e-05,1.815,OPTIMAL
grid_5x5,seed_milpsnap_grid5x5_high.json,1153,25,40,102,36.0522,7.696583572082397e-05,1.656,OPTIMAL
grid_5x5,seed_milpsnap_grid5x5_high.json,1154,25,40,107,36.0522,7.696583572062955e-05,1.866,OPTIMAL
grid_5x5,seed_milpsnap_grid5x5_high.json,1155,25,40,106,36.0522,7.696583572062955e-05,1.812,OPTIMAL
grid_5x5,seed_milpsnap_grid5x5_high.json,1156,25,40,98,36.0522,7.696583572062955e-05,1.685,OPTIMAL
grid_5x5,seed_milpsnap_grid5x5_high.json,1157,25,40,103,36.0522,7.696583572062955e-05,1.886,OPTIMAL
grid_5x5,seed_milpsnap_grid5x5_high.json,1158,25,40,104,36.0522,7.696583572062955e-05,1.744,OPTIMAL
grid_5x5,seed_milpsnap_grid5x5_high.json,1159,25,40,107,36.0522,7.696583572062955e-05,1.728,OPTIMAL
grid_5x5,seed_milpsnap_grid5x5_high.json,1160,25,40,106,36.0522,7.696583572062955e-05,1.73,OPTIMAL
grid_5x5,seed_milpsnap_grid5x5_high.json,1161,25,40,111,36.0522,7.696583572062955e-05,1.967,OPTIMAL
grid_5x5,seed_milpsnap_grid5x5_high.json,1162,25,40,109,36.0522,7.696583572082397e-05,1.874,OPTIMAL
grid_5x5,seed_milpsnap_grid5x5_high.json,1163,25,40,112,36.0522,7.696583572062955e-05,1.952,OPTIMAL
grid_5x5,seed_milpsnap_grid5x5_high.json,1164,25,40,118,36.0522,7.696583572062955e-05,2.204,OPTIMAL
grid_5x5,seed_milpsnap_grid5x5_high.json,1165,25,40,122,36.0522,7.696583572062955e-05,2.105,OPTIMAL
grid_5x5,seed_milpsnap_grid5x5_high.json,1166,25,40,123,36.0522,7.696583572062955e-05,2.092,OPTIMAL
grid_5x5,seed_milpsnap_grid5x5_high.json,1167,25,40,123,36.0522,7.696583572062955e-05,2.046,OPTIMAL
grid_5x5,seed_milpsnap_grid5x5_high.json,1168,25,40,125,36.0522,7.696583572062955e-05,2.233,OPTIMAL
grid_5x5,seed_milpsnap_grid5x5_high.json,1169,25,40,128,36.0522,7.69658357204351e-05,2.06,OPTIMAL
grid_5x5,seed_milpsnap_grid5x5_high.json,1170,25,40,126,36.0522,7.696583572062955e-05,2.272,OPTIMAL
grid_5x5,seed_milpsnap_grid5x5_high.json,1171,25,40,134,36.0522,7.69658357204351e-05,2.262,OPTIMAL
grid_5x5,seed_milpsnap_grid5x5_high.json,1172,25,40,133,36.0522,7.69658357204351e-05,1.857,OPTIMAL
grid_5x5,seed_milpsnap_grid5x5_high.json,1173,25,40,132,36.0522,7.696583572082397e-05,1.995,OPTIMAL
grid_5x5,seed_milpsnap_grid5x5_high.json,1174,25,40,128,36.0522,7.69658357204351e-05,2.01,OPTIMAL
grid_5x5,seed_milpsnap_grid5x5_high.json,1175,25,40,128,36.0522,7.69658357204351e-05,2.035,OPTIMAL
grid_5x5,seed_milpsnap_grid5x5_high.json,1176,25,40,125,36.0522,7.696583572062955e-05,2.302,OPTIMAL
grid_5x5,seed_milpsnap_grid5x5_high.json,1177,25,40,127,36.0522,7.69658357204351e-05,1.957,OPTIMAL
grid_5x5,seed_milpsnap_grid5x5_high.json,1178,25,40,126,36.0522,7.696583572062955e-05,2.298,OPTIMAL
grid_5x5,seed_milpsnap_grid5x5_high.json,1179,25,40,123,36.0522,7.696583572082397e-05,2.192,OPTIMAL
grid_5x5,seed_milpsnap_grid5x5_high.json,1180,25,40,121,36.0522,7.696583572062955e-05,2.113,OPTIMAL
grid_5x5,seed_milpsnap_grid5x5_high.json,1181,25,40,125,36.0522,7.696583572082397e-05,2.18,OPTIMAL
grid_5x5,seed_milpsnap_grid5x5_high.json,1182,25,40,126,36.0522,7.696583572062955e-05,2.103,OPTIMAL
grid_5x5,seed_milpsnap_grid5x5_high.json,1183,25,40,126,36.0522,7.696583572062955e-05,2.229,OPTIMAL
grid_5x5,seed_milpsnap_grid5x5_high.json,1184,25,40,120,36.0522,7.696583572062955e-05,2.168,OPTIMAL
grid_5x5,seed_milpsnap_grid5x5_high.json,1185,25,40,123,36.0522,7.696583572062955e-05,2.246,OPTIMAL
grid_5x5,seed_milpsnap_grid5x5_high.json,1186,25,40,120,36.0522,7.696583572062955e-05,2.126,OPTIMAL
grid_5x5,seed_milpsnap_grid5x5_high.json,1187,25,40,121,36.0522,7.696583572082397e-05,2.255,OPTIMAL
grid_5x5,seed_milpsnap_grid5x5_high.json,1188,25,40,118,36.0522,7.696583572062955e-05,2.06,OPTIMAL
grid_5x5,seed_milpsnap_grid5x5_high.json,1189,25,40,122,36.0522,7.696583572062955e-05,2.104,OPTIMAL
grid_5x5,seed_milpsnap_grid5x5_high.json,1190,25,40,129,36.0522,7.696583572062952e-05,1.918,OPTIMAL
grid_5x5,seed_milpsnap_grid5x5_high.json,1191,25,40,131,36.0522,7.69658357204351e-05,1.979,OPTIMAL
grid_5x5,seed_milpsnap_grid5x5_high.json,1192,25,40,126,36.0522,7.696583572082397e-05,2.186,OPTIMAL
grid_5x5,seed_milpsnap_grid5x5_high.json,1193,25,40,127,36.0522,7.696583572062952e-05,1.964,OPTIMAL
grid_5x5,seed_milpsnap_grid5x5_high.json,1194,25,40,122,36.0522,7.696583572062955e-05,2.245,OPTIMAL
grid_5x5,seed_milpsnap_grid5x5_high.json,1195,25,40,122,36.0522,7.696583572062955e-05,2.138,OPTIMAL
grid_5x5,seed_milpsnap_grid5x5_high.json,1196,25,40,120,36.0522,7.696583572062955e-05,2.141,OPTIMAL
grid_5x5,seed_milpsnap_grid5x5_high.json,1197,25,40,116,36.0522,7.696583572062955e-05,1.93,OPTIMAL
grid_5x5,seed_milpsnap_grid5x5_high.json,1198,25,40,114,36.0522,7.696583572062955e-05,1.915,OPTIMAL
grid_5x5,seed_milpsnap_grid5x5_high.json,1199,25,40,117,36.0522,7.696583572062955e-05,2.189,OPTIMAL
grid_5x5,seed_milpsnap_grid5x5_high.json,1200,25,40,116,36.0522,7.696583572062955e-05,2.097,OPTIMAL
grid_5x5,seed_milpsnap_grid5x5_high.json,1201,25,40,119,36.0522,7.696583572062955e-05,2.079,OPTIMAL
grid_5x5,seed_milpsnap_grid5x5_high.json,1202,25,40,114,36.0522,7.696583572062955e-05,2.118,OPTIMAL
grid_5x5,seed_milpsnap_grid5x5_high.json,1203,25,40,115,36.0522,7.696583572062955e-05,1.955,OPTIMAL
grid_5x5,seed_milpsnap_grid5x5_high.json,1204,25,40,112,36.0522,7.696583572082397e-05,1.949,OPTIMAL
grid_5x5,seed_milpsnap_grid5x5_high.json,1205,25,40,105,36.0522,7.696583572082397e-05,1.79,OPTIMAL
grid_5x5,seed_milpsnap_grid5x5_high.json,1206,25,40,102,36.0522,7.696583572062955e-05,1.681,OPTIMAL
grid_5x5,seed_milpsnap_grid5x5_high.json,1207,25,40,115,36.0522,7.696583572062955e-05,1.866,OPTIMAL
grid_5x5,seed_milpsnap_grid5x5_high.json,1208,25,40,114,36.0522,7.696583572062955e-05,1.965,OPTIMAL
grid_5x5,seed_milpsnap_grid5x5_high.json,1209,25,40,1,88.0138,0.0,0.009,OPTIMAL
grid_5x5,seed_milpsnap_grid5x5_high.json,1210,25,40,12,44.0512,0.0,0.09,OPTIMAL
grid_5x5,seed_milpsnap_grid5x5_high.json,1211,25,40,24,40.0492,0.0,0.262,OPTIMAL
grid_5x5,seed_milpsnap_grid5x5_high.json,1212,25,40,32,40.0492,0.0,0.224,OPTIMAL
grid_5x5,seed_milpsnap_grid5x5_high.json,1213,25,40,39,40.0492,0.0,0.289,OPTIMAL
grid_5x5,seed_milpsnap_grid5x5_high.json,1214,25,40,43,40.0492,0.0,0.322,OPTIMAL
grid_5x5,seed_milpsnap_grid5x5_high.json,1215,25,40,48,40.0492,0.0,0.41,OPTIMAL
grid_5x5,seed_milpsnap_grid5x5_high.json,1216,25,40,56,36.0522,7.696583572062955e-05,0.812,OPTIMAL
grid_5x5,seed_milpsnap_grid5x5_high.json,1217,25,40,63,36.0522,7.69658357204351e-05,0.934,OPTIMAL
grid_5x5,seed_milpsnap_grid5x5_high.json,1218,25,40,69,36.0522,7.696583572082397e-05,1.039,OPTIMAL
grid_5x5,seed_milpsnap_grid5x5_high.json,1219,25,40,74,36.0522,7.696583572062955e-05,1.134,OPTIMAL
grid_5x5,seed_milpsnap_grid5x5_high.json,1220,25,40,81,36.0522,7.696583572082397e-05,1.233,OPTIMAL
grid_5x5,seed_milpsnap_grid5x5_high.json,1221,25,40,90,36.0522,7.696583572082397e-05,1.406,OPTIMAL
grid_5x5,seed_milpsnap_grid5x5_high.json,1222,25,40,98,36.0522,7.696583572062955e-05,1.498,OPTIMAL
grid_5x5,seed_milpsnap_grid5x5_high.json,1223,25,40,104,36.0522,7.696583572062952e-05,1.88,OPTIMAL
grid_5x5,seed_milpsnap_grid5x5_high.json,1224,25,40,111,36.0522,7.696583572062955e-05,1.901,OPTIMAL
grid_5x5,seed_milpsnap_grid5x5_high.json,1225,25,40,107,36.0522,7.696583572062955e-05,1.712,OPTIMAL
grid_5x5,seed_milpsnap_grid5x5_high.json,1226,25,40,104,36.0522,7.696583572082397e-05,1.84,OPTIMAL
grid_5x5,seed_milpsnap_grid5x5_high.json,1227,25,40,101,36.0522,7.696583572062955e-05,1.582,OPTIMAL
grid_5x5,seed_milpsnap_grid5x5_high.json,1228,25,40,103,36.0522,7.696583572062955e-05,1.734,OPTIMAL
grid_5x5,seed_milpsnap_grid5x5_high.json,1229,25,40,103,36.0522,7.696583572062955e-05,2.063,OPTIMAL
grid_5x5,seed_milpsnap_grid5x5_high.json,1230,25,40,101,36.0522,7.696583572082397e-05,1.575,OPTIMAL
grid_5x5,seed_milpsnap_grid5x5_high.json,1231,25,40,101,36.0522,7.696583572082397e-05,1.602,OPTIMAL
grid_5x5,seed_milpsnap_grid5x5_high.json,1232,25,40,101,36.0522,7.696583572062955e-05,1.673,OPTIMAL
grid_5x5,seed_milpsnap_grid5x5_high.json,1233,25,40,103,36.0522,7.69658357204351e-05,1.781,OPTIMAL
grid_5x5,seed_milpsnap_grid5x5_high.json,1234,25,40,105,36.0522,7.696583572062955e-05,1.764,OPTIMAL
grid_5x5,seed_milpsnap_grid5x5_high.json,1235,25,40,106,36.0522,7.696583572062955e-05,1.842,OPTIMAL
grid_5x5,seed_milpsnap_grid5x5_high.json,1236,25,40,106,36.0522,7.696583572062955e-05,1.865,OPTIMAL
grid_5x5,seed_milpsnap_grid5x5_high.json,1237,25,40,114,36.0522,7.696583572082397e-05,2.064,OPTIMAL
grid_5x5,seed_milpsnap_grid5x5_high.json,1238,25,40,112,36.0522,7.696583572062955e-05,1.984,OPTIMAL
grid_5x5,seed_milpsnap_grid5x5_high.json,1239,25,40,117,36.0522,7.696583572062955e-05,2.067,OPTIMAL
grid_5x5,seed_milpsnap_grid5x5_high.json,1240,25,40,115,36.0522,7.696583572062955e-05,2.069,OPTIMAL
grid_5x5,seed_milpsnap_grid5x5_high.json,1241,25,40,115,36.0522,7.696583572062955e-05,1.951,OPTIMAL
grid_5x5,seed_milpsnap_grid5x5_high.json,1242,25,40,118,36.0522,7.696583572062955e-05,2.027,OPTIMAL
grid_5x5,seed_milpsnap_grid5x5_high.json,1243,25,40,114,36.0522,7.696583572062955e-05,2.018,OPTIMAL
grid_5x5,seed_milpsnap_grid5x5_high.json,1244,25,40,118,36.0522,7.696583572062955e-05,2.095,OPTIMAL
grid_5x5,seed_milpsnap_grid5x5_high.json,1245,25,40,126,36.0522,7.696583572062955e-05,2.259,OPTIMAL
grid_5x5,seed_milpsnap_grid5x5_high.json,1246,25,40,128,36.0522,7.69658357204351e-05,2.057,OPTIMAL
grid_5x5,seed_milpsnap_grid5x5_high.json,1247,25,40,129,36.0522,7.696583572062952e-05,1.782,OPTIMAL
grid_5x5,seed_milpsnap_grid5x5_high.json,1248,25,40,130,36.0522,7.696583572062952e-05,1.904,OPTIMAL
grid_5x5,seed_milpsnap_grid5x5_high.json,1249,25,40,130,36.0522,7.696583572062952e-05,1.781,OPTIMAL
grid_5x5,seed_milpsnap_grid5x5_high.json,1250,25,40,133,36.0522,7.696583572062955e-05,1.863,OPTIMAL
grid_5x5,seed_milpsnap_grid5x5_high.json,1251,25,40,132,36.0522,7.69658357204351e-05,2.005,OPTIMAL
grid_5x5,seed_milpsnap_grid5x5_high.json,1252,25,40,124,36.0522,7.696583572062955e-05,2.15,OPTIMAL
grid_5x5,seed_milpsnap_grid5x5_high.json,1253,25,40,130,36.0522,7.69658357204351e-05,2.56,OPTIMAL
grid_5x5,seed_milpsnap_grid5x5_high.json,1254,25,40,125,36.0522,7.696583572062955e-05,2.222,OPTIMAL
grid_5x5,seed_milpsnap_grid5x5_high.json,1255,25,40,135,36.0522,7.69658357204351e-05,1.91,OPTIMAL
grid_5x5,seed_milpsnap_grid5x5_high.json,1256,25,40,133,36.0522,7.69658357204351e-05,1.986,OPTIMAL
grid_5x5,seed_milpsnap_grid5x5_high.json,1257,25,40,134,36.0522,7.696583572062952e-05,1.921,OPTIMAL
grid_5x5,seed_milpsnap_grid5x5_high.json,1258,25,40,136,36.0522,7.696583572062952e-05,1.86,OPTIMAL
grid_5x5,seed_milpsnap_grid5x5_high.json,1259,25,40,141,36.0522,7.696583572062952e-05,2.102,OPTIMAL
grid_5x5,seed_milpsnap_grid5x5_high.json,1260,25,40,139,36.0522,7.69658357204351e-05,1.987,OPTIMAL
grid_5x5,seed_milpsnap_grid5x5_high.json,1261,25,40,140,36.0522,7.696583572062952e-05,2.205,OPTIMAL
grid_5x5,seed_milpsnap_grid5x5_high.json,1262,25,40,139,36.0522,7.696583572062952e-05,2.08,OPTIMAL
grid_5x5,seed_milpsnap_grid5x5_high.json,1263,25,40,142,36.0522,7.696583572062952e-05,2.075,OPTIMAL
grid_5x5,seed_milpsnap_grid5x5_high.json,1264,25,40,140,36.0522,7.69658357204351e-05,2.068,OPTIMAL
grid_5x5,seed_milpsnap_grid5x5_high.json,1265,25,40,139,36.0522,7.69658357204351e-05,1.932,OPTIMAL
grid_5x5,seed_milpsnap_grid5x5_high.json,1266,25,40,138,36.0522,7.69658357204351e-05,1.856,OPTIMAL
grid_5x5,seed_milpsnap_grid5x5_high.json,1267,25,40,138,36.0522,7.69658357204351e-05,1.933,OPTIMAL
grid_5x5,seed_milpsnap_grid5x5_high.json,1268,25,40,140,36.0522,7.69658357204351e-05,2.182,OPTIMAL
grid_5x5,seed_milpsnap_grid5x5_high.json,1269,25,40,144,36.0522,7.69658357204351e-05,2.335,OPTIMAL
grid_5x5,seed_milpsnap_grid5x5_high.json,1270,25,40,143,36.0522,7.696583572062952e-05,2.21,OPTIMAL
grid_5x5,seed_milpsnap_grid5x5_high.json,1271,25,40,143,36.0522,7.69658357204351e-05,2.137,OPTIMAL
grid_5x5,seed_milpsnap_grid5x5_high.json,1272,25,40,139,36.0522,7.69658357204351e-05,2.181,OPTIMAL
grid_5x5,seed_milpsnap_grid5x5_high.json,1273,25,40,139,36.0522,7.696583572062952e-05,2.006,OPTIMAL
grid_5x5,seed_milpsnap_grid5x5_high.json,1274,25,40,130,36.0522,7.696583572062952e-05,1.997,OPTIMAL
grid_5x5,seed_milpsnap_grid5x5_high.json,1275,25,40,127,36.0522,7.696583572062952e-05,1.9,OPTIMAL
grid_5x5,seed_milpsnap_grid5x5_high.json,1276,25,40,120,36.0522,7.696583572082397e-05,2.01,OPTIMAL
grid_5x5,seed_milpsnap_grid5x5_high.json,1277,25,40,119,36.0522,7.696583572062955e-05,2.223,OPTIMAL
grid_5x5,seed_milpsnap_grid5x5_high.json,1278,25,40,114,36.0522,7.696583572062955e-05,2.006,OPTIMAL
grid_5x5,seed_milpsnap_grid5x5_high.json,1279,25,40,121,36.0522,7.696583572062955e-05,2.433,OPTIMAL
grid_5x5,seed_milpsnap_grid5x5_high.json,1280,25,40,117,36.0522,7.696583572062955e-05,2.101,OPTIMAL
grid_5x5,seed_milpsnap_grid5x5_high.json,1281,25,40,120,36.0522,7.696583572082397e-05,2.088,OPTIMAL
grid_5x5,seed_milpsnap_grid5x5_high.json,1282,25,40,121,36.0522,7.696583572082397e-05,2.21,OPTIMAL
grid_5x5,seed_milpsnap_grid5x5_high.json,1283,25,40,119,36.0522,7.696583572062955e-05,2.169,OPTIMAL
grid_5x5,seed_milpsnap_grid5x5_high.json,1284,25,40,118,36.0522,7.696583572082397e-05,2.089,OPTIMAL
grid_5x5,seed_milpsnap_grid5x5_high.json,1285,25,40,111,36.0522,7.696583572062955e-05,1.992,OPTIMAL
grid_5x5,seed_milpsnap_grid5x5_high.json,1286,25,40,113,36.0522,7.696583572062955e-05,2.04,OPTIMAL
grid_5x5,seed_milpsnap_grid5x5_high.json,1287,25,40,114,36.0522,7.696583572082397e-05,2.01,OPTIMAL
grid_5x5,seed_milpsnap_grid5x5_high.json,1288,25,40,119,36.0522,7.696583572082397e-05,2.101,OPTIMAL
grid_5x5,seed_milpsnap_grid5x5_high.json,1289,25,40,124,36.0522,7.696583572062955e-05,2.195,OPTIMAL
grid_5x5,seed_milpsnap_grid5x5_high.json,1290,25,40,129,36.0522,7.69658357204351e-05,1.942,OPTIMAL
grid_5x5,seed_milpsnap_grid5x5_high.json,1291,25,40,132,36.0522,7.696583572062952e-05,1.798,OPTIMAL
grid_5x5,seed_milpsnap_grid5x5_high.json,1292,25,40,132,36.0522,7.696583572062952e-05,1.846,OPTIMAL
grid_5x5,seed_milpsnap_grid5x5_high.json,1293,25,40,135,36.0522,7.696583572062952e-05,2.084,OPTIMAL
grid_5x5,seed_milpsnap_grid5x5_high.json,1294,25,40,132,36.0522,7.69658357204351e-05,1.979,OPTIMAL
grid_5x5,seed_milpsnap_grid5x5_high.json,1295,25,40,133,36.0522,7.69658357204351e-05,2.076,OPTIMAL
grid_5x5,seed_milpsnap_grid5x5_high.json,1296,25,40,132,36.0522,7.69658357204351e-05,1.74,OPTIMAL
grid_5x5,seed_milpsnap_grid5x5_high.json,1297,25,40,134,36.0522,7.696583572062952e-05,1.988,OPTIMAL
grid_5x5,seed_milpsnap_grid5x5_high.json,1298,25,40,131,36.0522,7.69658357204351e-05,1.925,OPTIMAL
grid_5x5,seed_milpsnap_grid5x5_high.json,1299,25,40,126,36.0522,7.696583572062955e-05,2.241,OPTIMAL
grid_5x5,seed_milpsnap_grid5x5_high.json,1300,25,40,127,36.0522,7.696583572062952e-05,1.851,OPTIMAL
grid_5x5,seed_milpsnap_grid5x5_high.json,1301,25,40,122,36.0522,7.696583572062955e-05,2.151,OPTIMAL
grid_5x5,seed_milpsnap_grid5x5_high.json,1302,25,40,122,36.0522,7.696583572082397e-05,2.199,OPTIMAL
grid_5x5,seed_milpsnap_grid5x5_high.json,1303,25,40,118,36.0522,7.696583572062955e-05,2.034,OPTIMAL
grid_5x5,seed_milpsnap_grid5x5_high.json,1304,25,40,115,36.0522,7.696583572082397e-05,2.04,OPTIMAL
grid_5x5,seed_milpsnap_grid5x5_high.json,1305,25,40,113,36.0522,7.696583572062955e-05,1.968,OPTIMAL
grid_5x5,seed_milpsnap_grid5x5_high.json,1306,25,40,112,36.0522,7.696583572082397e-05,2.002,OPTIMAL
grid_5x5,seed_milpsnap_grid5x5_high.json,1307,25,40,115,36.0522,7.696583572082397e-05,2.049,OPTIMAL
grid_5x5,seed_milpsnap_grid5x5_high.json,1308,25,40,117,36.0522,7.696583572062955e-05,2.002,OPTIMAL
grid_5x5,seed_milpsnap_grid5x5_high.json,1309,25,40,112,36.0522,7.696583572062955e-05,1.916,OPTIMAL
grid_5x5,seed_milpsnap_grid5x5_high.json,1310,25,40,112,36.0522,7.696583572062955e-05,2.026,OPTIMAL
grid_5x5,seed_milpsnap_grid5x5_high.json,1311,25,40,108,36.0522,7.696583572082397e-05,1.792,OPTIMAL
grid_5x5,seed_milpsnap_grid5x5_high.json,1312,25,40,105,36.0522,7.69658357204351e-05,1.872,OPTIMAL
grid_5x5,seed_milpsnap_grid5x5_high.json,1313,25,40,109,36.0522,7.696583572082397e-05,1.897,OPTIMAL
grid_5x5,seed_milpsnap_grid5x5_high.json,1314,25,40,112,36.0522,7.696583572062955e-05,1.973,OPTIMAL
grid_5x5,seed_milpsnap_grid5x5_high.json,1315,25,40,108,36.0522,7.696583572062955e-05,1.773,OPTIMAL
grid_5x5,seed_milpsnap_grid5x5_high.json,1316,25,40,112,36.0522,7.696583572062955e-05,1.931,OPTIMAL
grid_5x5,seed_milpsnap_grid5x5_high.json,1317,25,40,114,36.0522,7.696583572062955e-05,1.851,OPTIMAL
grid_5x5,seed_milpsnap_grid5x5_high.json,1318,25,40,115,36.0522,7.696583572062955e-05,1.876,OPTIMAL
grid_5x5,seed_milpsnap_grid5x5_high.json,1319,25,40,112,36.0522,7.696583572062955e-05,1.906,OPTIMAL
grid_5x5,seed_milpsnap_grid5x5_high.json,1320,25,40,117,36.0522,7.696583572062955e-05,2.004,OPTIMAL
grid_5x5,seed_milpsnap_grid5x5_high.json,1321,25,40,113,36.0522,7.696583572062955e-05,1.852,OPTIMAL
grid_5x5,seed_milpsnap_grid5x5_high.json,1322,25,40,111,36.0522,7.696583572062955e-05,1.77,OPTIMAL
grid_5x5,seed_milpsnap_grid5x5_high.json,1323,25,40,108,36.0522,7.696583572062955e-05,1.76,OPTIMAL
grid_5x5,seed_milpsnap_grid5x5_high.json,1324,25,40,112,36.0522,7.696583572062955e-05,1.848,OPTIMAL
grid_5x5,seed_milpsnap_grid5x5_high.json,1325,25,40,115,36.0522,7.696583572082397e-05,1.983,OPTIMAL
grid_5x5,seed_milpsnap_grid5x5_high.json,1326,25,40,117,36.0522,7.696583572082397e-05,1.973,OPTIMAL
grid_5x5,seed_milpsnap_grid5x5_high.json,1327,25,40,112,36.0522,7.696583572062955e-05,1.882,OPTIMAL
grid_5x5,seed_milpsnap_grid5x5_high.json,1328,25,40,107,36.0522,7.696583572062955e-05,1.915,OPTIMAL
grid_5x5,seed_milpsnap_grid5x5_high.json,1329,25,40,112,36.0522,7.696583572082397e-05,1.955,OPTIMAL
grid_5x5,seed_milpsnap_grid5x5_high.json,1330,25,40,119,36.0522,7.696583572062955e-05,2.28,OPTIMAL
grid_5x5,seed_milpsnap_grid5x5_high.json,1331,25,40,117,36.0522,7.696583572082397e-05,2.013,OPTIMAL
grid_5x5,seed_milpsnap_grid5x5_high.json,1332,25,40,114,36.0522,7.696583572082397e-05,1.893,OPTIMAL
grid_5x5,seed_milpsnap_grid5x5_high.json,1333,25,40,111,36.0522,7.696583572062955e-05,1.94,OPTIMAL
grid_5x5,seed_milpsnap_grid5x5_high.json,1334,25,40,113,36.0522,7.696583572062955e-05,1.869,OPTIMAL
grid_5x5,seed_milpsnap_grid5x5_high.json,1335,25,40,111,36.0522,7.696583572062955e-05,2.005,OPTIMAL
grid_5x5,seed_milpsnap_grid5x5_high.json,1336,25,40,112,36.0522,7.696583572082397e-05,1.826,OPTIMAL
grid_5x5,seed_milpsnap_grid5x5_high.json,1337,25,40,112,36.0522,7.696583572062955e-05,1.896,OPTIMAL
grid_5x5,seed_milpsnap_grid5x5_high.json,1338,25,40,112,36.0522,7.696583572082397e-05,1.8,OPTIMAL
grid_5x5,seed_milpsnap_grid5x5_high.json,1339,25,40,114,36.0522,7.696583572062955e-05,1.957,OPTIMAL
grid_5x5,seed_milpsnap_grid5x5_high.json,1340,25,40,113,36.0522,7.696583572062955e-05,1.892,OPTIMAL
grid_5x5,seed_milpsnap_grid5x5_high.json,1341,25,40,113,36.0522,7.696583572062955e-05,2.002,OPTIMAL
grid_5x5,seed_milpsnap_grid5x5_high.json,1342,25,40,119,36.0522,7.696583572062955e-05,2.012,OPTIMAL
grid_5x5,seed_milpsnap_grid5x5_high.json,1343,25,40,117,36.0522,7.696583572062955e-05,2.06,OPTIMAL
grid_5x5,seed_milpsnap_grid5x5_high.json,1344,25,40,112,36.0522,7.696583572062955e-05,1.933,OPTIMAL
grid_5x5,seed_milpsnap_grid5x5_high.json,1345,25,40,106,36.0522,7.696583572062955e-05,1.843,OPTIMAL
grid_5x5,seed_milpsnap_grid5x5_high.json,1346,25,40,113,36.0522,7.696583572062955e-05,2.047,OPTIMAL
grid_5x5,seed_milpsnap_grid5x5_high.json,1347,25,40,117,36.0522,7.696583572062955e-05,2.092,OPTIMAL
grid_5x5,seed_milpsnap_grid5x5_high.json,1348,25,40,119,36.0522,7.696583572062955e-05,2.015,OPTIMAL
grid_5x5,seed_milpsnap_grid5x5_high.json,1349,25,40,122,36.0522,7.696583572062955e-05,2.11,OPTIMAL
grid_5x5,seed_milpsnap_grid5x5_high.json,1350,25,40,117,36.0522,7.696583572062955e-05,2.012,OPTIMAL
grid_5x5,seed_milpsnap_grid5x5_high.json,1351,25,40,117,36.0522,7.696583572062955e-05,1.907,OPTIMAL
grid_5x5,seed_milpsnap_grid5x5_high.json,1352,25,40,124,36.0522,7.696583572062955e-05,2.104,OPTIMAL
grid_5x5,seed_milpsnap_grid5x5_high.json,1353,25,40,120,36.0522,7.696583572082397e-05,2.155,OPTIMAL
grid_5x5,seed_milpsnap_grid5x5_high.json,1354,25,40,117,36.0522,7.696583572062955e-05,2.018,OPTIMAL
grid_5x5,seed_milpsnap_grid5x5_high.json,1355,25,40,115,36.0522,7.696583572062955e-05,2.021,OPTIMAL
grid_5x5,seed_milpsnap_grid5x5_high.json,1356,25,40,119,36.0522,7.696583572062955e-05,1.984,OPTIMAL
grid_5x5,seed_milpsnap_grid5x5_high.json,1357,25,40,117,36.0522,7.696583572082397e-05,1.884,OPTIMAL
grid_5x5,seed_milpsnap_grid5x5_high.json,1358,25,40,117,36.0522,7.696583572062955e-05,2.008,OPTIMAL
grid_5x5,seed_milpsnap_grid5x5_high.json,1359,25,40,116,36.0522,7.696583572082397e-05,2.006,OPTIMAL
grid_5x5,seed_milpsnap_grid5x5_high.json,1360,25,40,1,68.0285,0.0,0.022,OPTIMAL
grid_5x5,seed_milpsnap_grid5x5_high.json,1361,25,40,8,44.0463,0.0,0.078,OPTIMAL
grid_5x5,seed_milpsnap_grid5x5_high.json,1362,25,40,16,40.0492,0.0,0.168,OPTIMAL
grid_5x5,seed_milpsnap_grid5x5_high.json,1363,25,40,24,40.0492,0.0,0.177,OPTIMAL
grid_5x5,seed_milpsnap_grid5x5_high.json,1364,25,40,31,36.0522,7.696583572062955e-05,0.439,OPTIMAL
grid_5x5,seed_milpsnap_grid5x5_high.json,1365,25,40,43,36.0522,7.696583572062955e-05,0.543,OPTIMAL
grid_5x5,seed_milpsnap_grid5x5_high.json,1366,25,40,51,36.0522,7.696583572062955e-05,0.835,OPTIMAL
grid_5x5,seed_milpsnap_grid5x5_high.json,1367,25,40,63,36.0522,7.69658357204351e-05,0.915,OPTIMAL
grid_5x5,seed_milpsnap_grid5x5_high.json,1368,25,40,72,36.0522,7.696583572062955e-05,1.087,OPTIMAL
grid_5x5,seed_milpsnap_grid5x5_high.json,1369,25,40,77,36.0522,7.696583572082397e-05,1.192,OPTIMAL
grid_5x5,seed_milpsnap_grid5x5_high.json,1370,25,40,82,36.0522,7.696583572062952e-05,1.251,OPTIMAL
grid_5x5,seed_milpsnap_grid5x5_high.json,1371,25,40,86,36.0522,7.69658357204351e-05,1.467,OPTIMAL
grid_5x5,seed_milpsnap_grid5x5_high.json,1372,25,40,97,36.0522,7.696583572062955e-05,1.607,OPTIMAL
grid_5x5,seed_milpsnap_grid5x5_high.json,1373,25,40,104,36.0522,7.696583572062952e-05,1.802,OPTIMAL
grid_5x5,seed_milpsnap_grid5x5_high.json,1374,25,40,107,36.0522,7.696583572082397e-05,1.81,OPTIMAL
grid_5x5,seed_milpsnap_grid5x5_high.json,1375,25,40,113,36.0522,7.696583572062955e-05,1.969,OPTIMAL
grid_5x5,seed_milpsnap_grid5x5_high.json,1376,25,40,113,36.0522,7.696583572062955e-05,2.058,OPTIMAL
grid_5x5,seed_milpsnap_grid5x5_high.json,1377,25,40,112,36.0522,7.696583572082397e-05,1.895,OPTIMAL
grid_5x5,seed_milpsnap_grid5x5_high.json,1378,25,40,110,36.0522,7.696583572062955e-05,1.984,OPTIMAL
grid_5x5,seed_milpsnap_grid5x5_high.json,1379,25,40,111,36.0522,7.696583572062955e-05,1.988,OPTIMAL
grid_5x5,seed_milpsnap_grid5x5_high.json,1380,25,40,110,36.0522,7.696583572062955e-05,1.942,OPTIMAL
grid_5x5,seed_milpsnap_grid5x5_high.json,1381,25,40,108,36.0522,7.696583572062955e-05,1.81,OPTIMAL
grid_5x5,seed_milpsnap_grid5x5_high.json,1382,25,40,104,36.0522,7.696583572062955e-05,1.791,OPTIMAL
grid_5x5,seed_milpsnap_grid5x5_high.json,1383,25,40,105,36.0522,7.696583572082397e-05,1.812,OPTIMAL
grid_5x5,seed_milpsnap_grid5x5_high.json,1384,25,40,108,36.0522,7.696583572062955e-05,1.93,OPTIMAL
grid_5x5,seed_milpsnap_grid5x5_high.json,1385,25,40,113,36.0522,7.696583572062955e-05,2.015,OPTIMAL
grid_5x5,seed_milpsnap_grid5x5_high.json,1386,25,40,112,36.0522,7.696583572062955e-05,1.957,OPTIMAL
grid_5x5,seed_milpsnap_grid5x5_high.json,1387,25,40,108,36.0522,7.696583572062955e-05,1.925,OPTIMAL
grid_5x5,seed_milpsnap_grid5x5_high.json,1388,25,40,103,36.0522,7.696583572082397e-05,1.891,OPTIMAL
grid_5x5,seed_milpsnap_grid5x5_high.json,1389,25,40,105,36.0522,7.696583572062952e-05,1.89,OPTIMAL
grid_5x5,seed_milpsnap_grid5x5_high.json,1390,25,40,107,36.0522,7.696583572062955e-05,1.862,OPTIMAL
grid_5x5,seed_milpsnap_grid5x5_high.json,1391,25,40,108,36.0522,7.696583572062955e-05,1.89,OPTIMAL
grid_5x5,seed_milpsnap_grid5x5_high.json,1392,25,40,109,36.0522,7.696583572062955e-05,2.036,OPTIMAL
grid_5x5,seed_milpsnap_grid5x5_high.json,1393,25,40,107,36.0522,7.696583572062955e-05,1.935,OPTIMAL
grid_5x5,seed_milpsnap_grid5x5_high.json,1394,25,40,108,36.0522,7.696583572082397e-05,1.88,OPTIMAL
grid_5x5,seed_milpsnap_grid5x5_high.json,1395,25,40,104,36.0522,7.69658357204351e-05,1.892,OPTIMAL
grid_5x5,seed_milpsnap_grid5x5_high.json,1396,25,40,110,36.0522,7.696583572082397e-05,1.996,OPTIMAL
grid_5x5,seed_milpsnap_grid5x5_high.json,1397,25,40,108,36.0522,7.696583572062955e-05,1.989,OPTIMAL
grid_5x5,seed_milpsnap_grid5x5_high.json,1398,25,40,106,36.0522,7.696583572062955e-05,1.815,OPTIMAL
grid_5x5,seed_milpsnap_grid5x5_high.json,1399,25,40,107,36.0522,7.696583572062955e-05,1.829,OPTIMAL
grid_5x5,seed_milpsnap_grid5x5_high.json,1400,25,40,106,36.0522,7.696583572062955e-05,1.98,OPTIMAL
grid_5x5,seed_milpsnap_grid5x5_high.json,1401,25,40,107,36.0522,7.696583572062955e-05,1.911,OPTIMAL
grid_5x5,seed_milpsnap_grid5x5_high.json,1402,25,40,107,36.0522,7.696583572062955e-05,1.887,OPTIMAL
grid_5x5,seed_milpsnap_grid5x5_high.json,1403,25,40,117,36.0522,7.696583572062955e-05,2.102,OPTIMAL
grid_5x5,seed_milpsnap_grid5x5_high.json,1404,25,40,122,36.0522,7.696583572062955e-05,2.312,OPTIMAL
grid_5x5,seed_milpsnap_grid5x5_high.json,1405,25,40,121,36.0522,7.696583572082397e-05,2.188,OPTIMAL
grid_5x5,seed_milpsnap_grid5x5_high.json,1406,25,40,119,36.0522,7.696583572062955e-05,2.066,OPTIMAL
grid_5x5,seed_milpsnap_grid5x5_high.json,1407,25,40,122,36.0522,7.696583572082397e-05,2.923,OPTIMAL
grid_5x5,seed_milpsnap_grid5x5_high.json,1408,25,40,132,36.0522,7.69658357204351e-05,2.148,OPTIMAL
grid_5x5,seed_milpsnap_grid5x5_high.json,1409,25,40,136,36.0522,7.696583572062952e-05,2.122,OPTIMAL
grid_5x5,seed_milpsnap_grid5x5_high.json,1410,25,40,135,36.0522,7.696583572062955e-05,2.052,OPTIMAL
grid_5x5,seed_milpsnap_grid5x5_high.json,1411,25,40,130,36.0522,7.69658357204351e-05,2.091,OPTIMAL
grid_5x5,seed_milpsnap_grid5x5_high.json,1412,25,40,136,36.0522,7.696583572062952e-05,2.039,OPTIMAL
grid_5x5,seed_milpsnap_grid5x5_high.json,1413,25,40,136,36.0522,7.69658357204351e-05,2.07,OPTIMAL
grid_5x5,seed_milpsnap_grid5x5_high.json,1414,25,40,131,36.0522,7.69658357204351e-05,1.944,OPTIMAL
grid_5x5,seed_milpsnap_grid5x5_high.json,1415,25,40,135,36.0522,7.69658357204351e-05,1.93,OPTIMAL
grid_5x5,seed_milpsnap_grid5x5_high.json,1416,25,40,137,36.0522,7.69658357204351e-05,2.172,OPTIMAL
grid_5x5,seed_milpsnap_grid5x5_high.json,1417,25,40,137,36.0522,7.69658357204351e-05,1.909,OPTIMAL
grid_5x5,seed_milpsnap_grid5x5_high.json,1418,25,40,133,36.0522,7.696583572062952e-05,1.992,OPTIMAL
grid_5x5,seed_milpsnap_grid5x5_high.json,1419,25,40,134,36.0522,7.69658357204351e-05,1.883,OPTIMAL
grid_5x5,seed_milpsnap_grid5x5_high.json,1420,25,40,134,36.0522,7.69658357204351e-05,1.862,OPTIMAL
grid_5x5,seed_milpsnap_grid5x5_high.json,1421,25,40,134,36.0522,7.696583572062952e-05,1.995,OPTIMAL
grid_5x5,seed_milpsnap_grid5x5_high.json,1422,25,40,133,36.0522,7.69658357204351e-05,1.97,OPTIMAL
grid_5x5,seed_milpsnap_grid5x5_high.json,1423,25,40,125,36.0522,7.696583572062955e-05,2.281,OPTIMAL
grid_5x5,seed_milpsnap_grid5x5_high.json,1424,25,40,122,36.0522,7.696583572062955e-05,2.189,OPTIMAL
grid_5x5,seed_milpsnap_grid5x5_high.json,1425,25,40,124,36.0522,7.696583572062955e-05,2.339,OPTIMAL
grid_5x5,seed_milpsnap_grid5x5_high.json,1426,25,40,127,36.0522,7.69658357204351e-05,1.896,OPTIMAL
grid_5x5,seed_milpsnap_grid5x5_high.json,1427,25,40,123,36.0522,7.696583572062955e-05,2.213,OPTIMAL
grid_5x5,seed_milpsnap_grid5x5_high.json,1428,25,40,125,36.0522,7.696583572062955e-05,2.322,OPTIMAL
grid_5x5,seed_milpsnap_grid5x5_high.json,1429,25,40,131,36.0522,7.696583572062952e-05,1.963,OPTIMAL
grid_5x5,seed_milpsnap_grid5x5_high.json,1430,25,40,122,36.0522,7.696583572062955e-05,2.188,OPTIMAL
grid_5x5,seed_milpsnap_grid5x5_high.json,1431,25,40,121,36.0522,7.696583572062955e-05,2.227,OPTIMAL
grid_5x5,seed_milpsnap_grid5x5_high.json,1432,25,40,118,36.0522,7.696583572062955e-05,2.021,OPTIMAL
grid_5x5,seed_milpsnap_grid5x5_high.json,1433,25,40,121,36.0522,7.696583572062955e-05,2.169,OPTIMAL
grid_5x5,seed_milpsnap_grid5x5_high.json,1434,25,40,118,36.0522,7.696583572082397e-05,2.141,OPTIMAL
grid_5x5,seed_milpsnap_grid5x5_high.json,1435,25,40,120,36.0522,7.696583572062955e-05,2.061,OPTIMAL
grid_5x5,seed_milpsnap_grid5x5_high.json,1436,25,40,118,36.0522,7.696583572082397e-05,2.173,OPTIMAL
grid_5x5,seed_milpsnap_grid5x5_high.json,1437,25,40,118,36.0522,7.696583572062955e-05,1.949,OPTIMAL
grid_5x5,seed_milpsnap_grid5x5_high.json,1438,25,40,119,36.0522,7.696583572082397e-05,2.055,OPTIMAL
grid_5x5,seed_milpsnap_grid5x5_high.json,1439,25,40,114,36.0522,7.696583572062955e-05,2.094,OPTIMAL
grid_5x5,seed_milpsnap_grid5x5_high.json,1440,25,40,107,36.0522,7.696583572062955e-05,1.822,OPTIMAL
grid_5x5,seed_milpsnap_grid5x5_high.json,1441,25,40,106,36.0522,7.696583572082397e-05,1.908,OPTIMAL
grid_5x5,seed_milpsnap_grid5x5_high.json,1442,25,40,108,36.0522,7.696583572062955e-05,1.957,OPTIMAL
grid_5x5,seed_milpsnap_grid5x5_high.json,1443,25,40,105,36.0522,7.696583572062955e-05,1.78,OPTIMAL
grid_5x5,seed_milpsnap_grid5x5_high.json,1444,25,40,101,36.0522,7.696583572082397e-05,1.637,OPTIMAL
grid_5x5,seed_milpsnap_grid5x5_high.json,1445,25,40,106,36.0522,7.696583572062955e-05,1.799,OPTIMAL
grid_5x5,seed_milpsnap_grid5x5_high.json,1446,25,40,113,36.0522,7.696583572062955e-05,2.025,OPTIMAL
grid_5x5,seed_milpsnap_grid5x5_high.json,1447,25,40,118,36.0522,7.696583572062955e-05,2.148,OPTIMAL
grid_5x5,seed_milpsnap_grid5x5_high.json,1448,25,40,117,36.0522,7.696583572062955e-05,2.141,OPTIMAL
grid_5x5,seed_milpsnap_grid5x5_high.json,1449,25,40,116,36.0522,7.696583572062955e-05,2.101,OPTIMAL
grid_5x5,seed_milpsnap_grid5x5_high.json,1450,25,40,118,36.0522,7.696583572062955e-05,2.107,OPTIMAL
grid_5x5,seed_milpsnap_grid5x5_high.json,1451,25,40,124,36.0522,7.696583572082397e-05,2.345,OPTIMAL
grid_5x5,seed_milpsnap_grid5x5_high.json,1452,25,40,121,36.0522,7.696583572062955e-05,2.147,OPTIMAL
grid_5x5,seed_milpsnap_grid5x5_high.json,1453,25,40,125,36.0522,7.696583572062955e-05,2.309,OPTIMAL
grid_5x5,seed_milpsnap_grid5x5_high.json,1454,25,40,136,36.0522,7.69658357204351e-05,2.082,OPTIMAL
grid_5x5,seed_milpsnap_grid5x5_high.json,1455,25,40,142,36.0522,7.69658357204351e-05,2.092,OPTIMAL
grid_5x5,seed_milpsnap_grid5x5_high.json,1456,25,40,144,36.0522,7.69658357204351e-05,2.123,OPTIMAL
grid_5x5,seed_milpsnap_grid5x5_high.json,1457,25,40,144,36.0522,7.69658357204351e-05,2.328,OPTIMAL
grid_5x5,seed_milpsnap_grid5x5_high.json,1458,25,40,146,36.0522,7.69658357204351e-05,2.426,OPTIMAL
grid_5x5,seed_milpsnap_grid5x5_high.json,1459,25,40,149,36.0522,7.69658357204351e-05,2.275,OPTIMAL
grid_5x5,seed_milpsnap_grid5x5_high.json,1460,25,40,147,36.0522,7.69658357204351e-05,2.209,OPTIMAL
grid_5x5,seed_milpsnap_grid5x5_high.json,1461,25,40,139,36.0522,7.69658357204351e-05,2.101,OPTIMAL
grid_5x5,seed_milpsnap_grid5x5_high.json,1462,25,40,135,36.0522,7.69658357204351e-05,2.046,OPTIMAL
grid_5x5,seed_milpsnap_grid5x5_high.json,1463,25,40,135,36.0522,7.69658357204351e-05,2.067,OPTIMAL
grid_5x5,seed_milpsnap_grid5x5_high.json,1464,25,40,132,36.0522,7.69658357204351e-05,1.991,OPTIMAL
grid_5x5,seed_milpsnap_grid5x5_high.json,1465,25,40,130,36.0522,7.69658357204351e-05,1.944,OPTIMAL
grid_5x5,seed_milpsnap_grid5x5_high.json,1466,25,40,131,36.0522,7.69658357204351e-05,1.995,OPTIMAL
grid_5x5,seed_milpsnap_grid5x5_high.json,1467,25,40,130,36.0522,7.69658357204351e-05,1.955,OPTIMAL
grid_5x5,seed_milpsnap_grid5x5_high.json,1468,25,40,128,36.0522,7.69658357204351e-05,1.855,OPTIMAL
grid_5x5,seed_milpsnap_grid5x5_high.json,1469,25,40,117,36.0522,7.696583572062955e-05,2.126,OPTIMAL
grid_5x5,seed_milpsnap_grid5x5_high.json,1470,25,40,122,36.0522,7.696583572082397e-05,2.212,OPTIMAL
grid_5x5,seed_milpsnap_grid5x5_high.json,1471,25,40,117,36.0522,7.696583572062955e-05,2.035,OPTIMAL
grid_5x5,seed_milpsnap_grid5x5_high.json,1472,25,40,117,36.0522,7.696583572062955e-05,2.116,OPTIMAL
grid_5x5,seed_milpsnap_grid5x5_high.json,1473,25,40,123,36.0522,7.696583572062955e-05,2.103,OPTIMAL
grid_5x5,seed_milpsnap_grid5x5_high.json,1474,25,40,119,36.0522,7.696583572062955e-05,1.997,OPTIMAL
grid_5x5,seed_milpsnap_grid5x5_high.json,1475,25,40,122,36.0522,7.696583572082397e-05,2.143,OPTIMAL
grid_5x5,seed_milpsnap_grid5x5_high.json,1476,25,40,126,36.0522,7.696583572082397e-05,2.189,OPTIMAL
grid_5x5,seed_milpsnap_grid5x5_high.json,1477,25,40,132,36.0522,7.69658357204351e-05,1.881,OPTIMAL
grid_5x5,seed_milpsnap_grid5x5_high.json,1478,25,40,132,36.0522,7.696583572062955e-05,1.821,OPTIMAL
grid_5x5,seed_milpsnap_grid5x5_high.json,1479,25,40,134,36.0522,7.69658357204351e-05,1.908,OPTIMAL
grid_5x5,seed_milpsnap_grid5x5_high.json,1480,25,40,136,36.0522,7.696583572062952e-05,1.957,OPTIMAL
grid_5x5,seed_milpsnap_grid5x5_high.json,1481,25,40,134,36.0522,7.696583572062952e-05,2.178,OPTIMAL
grid_5x5,seed_milpsnap_grid5x5_high.json,1482,25,40,138,36.0522,7.69658357204351e-05,2.152,OPTIMAL
grid_5x5,seed_milpsnap_grid5x5_high.json,1483,25,40,140,36.0522,7.69658357204351e-05,2.013,OPTIMAL
grid_5x5,seed_milpsnap_grid5x5_high.json,1484,25,40,142,36.0522,7.696583572062952e-05,2.112,OPTIMAL
grid_5x5,seed_milpsnap_grid5x5_high.json,1485,25,40,138,36.0522,7.69658357204351e-05,2.082,OPTIMAL
grid_5x5,seed_milpsnap_grid5x5_high.json,1486,25,40,134,36.0522,7.69658357204351e-05,2.05,OPTIMAL
grid_5x5,seed_milpsnap_grid5x5_high.json,1487,25,40,129,36.0522,7.696583572062952e-05,2.09,OPTIMAL
grid_5x5,seed_milpsnap_grid5x5_high.json,1488,25,40,119,36.0522,7.696583572062955e-05,2.077,OPTIMAL
grid_5x5,seed_milpsnap_grid5x5_high.json,1489,25,40,122,36.0522,7.696583572062955e-05,2.086,OPTIMAL
grid_5x5,seed_milpsnap_grid5x5_high.json,1490,25,40,123,36.0522,7.696583572062955e-05,2.288,OPTIMAL
grid_5x5,seed_milpsnap_grid5x5_high.json,1491,25,40,123,36.0522,7.696583572062955e-05,2.226,OPTIMAL
grid_5x5,seed_milpsnap_grid5x5_high.json,1492,25,40,123,36.0522,7.696583572062955e-05,2.29,OPTIMAL
grid_5x5,seed_milpsnap_grid5x5_high.json,1493,25,40,122,36.0522,7.696583572062955e-05,2.223,OPTIMAL
grid_5x5,seed_milpsnap_grid5x5_high.json,1494,25,40,127,36.0522,7.69658357204351e-05,1.903,OPTIMAL
grid_5x5,seed_milpsnap_grid5x5_high.json,1495,25,40,123,36.0522,7.696583572062955e-05,2.15,OPTIMAL
grid_5x5,seed_milpsnap_grid5x5_high.json,1496,25,40,125,36.0522,7.696583572062955e-05,2.289,OPTIMAL
grid_5x5,seed_milpsnap_grid5x5_high.json,1497,25,40,122,36.0522,7.696583572062955e-05,2.242,OPTIMAL
grid_5x5,seed_milpsnap_grid5x5_high.json,1498,25,40,118,36.0522,7.696583572062955e-05,2.083,OPTIMAL
grid_5x5,seed_milpsnap_grid5x5_high.json,1499,25,40,122,36.0522,7.696583572062955e-05,2.077,OPTIMAL
grid_5x5,seed_milpsnap_grid5x5_high.json,1500,25,40,120,36.0522,7.696583572062955e-05,2.08,OPTIMAL
grid_5x5,seed_milpsnap_grid5x5_high.json,1501,25,40,125,36.0522,7.696583572062955e-05,2.155,OPTIMAL
grid_5x5,seed_milpsnap_grid5x5_high.json,1502,25,40,126,36.0522,7.696583572062955e-05,2.313,OPTIMAL
grid_5x5,seed_milpsnap_grid5x5_high.json,1503,25,40,128,36.0522,7.69658357204351e-05,1.867,OPTIMAL
grid_5x5,seed_milpsnap_grid5x5_high.json,1504,25,40,131,36.0522,7.69658357204351e-05,1.925,OPTIMAL
grid_5x5,seed_milpsnap_grid5x5_high.json,1505,25,40,127,36.0522,7.696583572062952e-05,1.892,OPTIMAL
grid_5x5,seed_milpsnap_grid5x5_high.json,1506,25,40,122,36.0522,7.696583572062955e-05,2.212,OPTIMAL
grid_5x5,seed_milpsnap_grid5x5_high.json,1507,25,40,120,36.0522,7.696583572062955e-05,2.072,OPTIMAL
grid_5x5,seed_milpsnap_grid5x5_high.json,1508,25,40,123,36.0522,7.696583572062955e-05,2.253,OPTIMAL
grid_5x5,seed_milpsnap_grid5x5_high.json,1509,25,40,119,36.0522,7.696583572082397e-05,2.15,OPTIMAL
grid_5x5,seed_milpsnap_grid5x5_high.json,1510,25,40,119,36.0522,7.696583572062955e-05,2.092,OPTIMAL
