topo,seed_file,batch,n_switches,n_links,n_flows,energy_saving_percent,mip_gap,solve_time_sec,status
geant,seed_milpsnap_geant_k16.json,1,22,36,1,81.838,0.0,0.065,OPTIMAL
geant,seed_milpsnap_geant_k16.json,2,22,36,3,68.2123,7.819525354803851e-05,0.026,OPTIMAL
geant,seed_milpsnap_geant_k16.json,3,22,36,4,59.1285,9.122422915535351e-05,0.043,OPTIMAL
geant,seed_milpsnap_geant_k16.json,4,22,36,6,50.0447,0.0,0.043,OPTIMAL
geant,seed_milpsnap_geant_k16.json,5,22,36,7,40.961,0.0,0.051,OPTIMAL
geant,seed_milpsnap_geant_k16.json,6,22,36,8,36.4191,0.0,0.077,OPTIMAL
geant,seed_milpsnap_geant_k16.json,7,22,36,10,31.8772,8.209731268122356e-05,0.154,OPTIMAL
geant,seed_milpsnap_geant_k16.json,8,22,36,11,27.3353,7.696583572101841e-05,0.172,OPTIMAL
geant,seed_milpsnap_geant_k16.json,9,22,36,10,27.3353,7.696583572082398e-05,0.353,OPTIMAL
geant,seed_milpsnap_geant_k16.json,10,22,36,12,27.3353,7.696583572101841e-05,0.165,OPTIMAL
geant,seed_milpsnap_geant_k16.json,11,22,36,13,27.3353,7.696583572082398e-05,0.127,OPTIMAL
geant,seed_milpsnap_geant_k16.json,12,22,36,11,27.3353,7.696583572082398e-05,0.126,OPTIMAL
geant,seed_milpsnap_geant_k16.json,13,22,36,12,22.7934,7.243810566316725e-05,0.154,OPTIMAL
geant,seed_milpsnap_geant_k16.json,14,22,36,12,27.3353,7.696583572082397e-05,0.093,OPTIMAL
geant,seed_milpsnap_geant_k16.json,15,22,36,12,36.4191,0.0,0.1,OPTIMAL
geant,seed_milpsnap_geant_k16.json,16,22,36,12,36.4191,8.796192226135002e-05,0.092,OPTIMAL
geant,seed_milpsnap_geant_k16.json,17,22,36,11,40.961,9.472886493748365e-05,0.098,OPTIMAL
geant,seed_milpsnap_geant_k16.json,18,22,36,10,40.961,0.0,0.084,OPTIMAL
geant,seed_milpsnap_geant_k16.json,19,22,36,10,36.4191,0.0,0.085,OPTIMAL
geant,seed_milpsnap_geant_k16.json,20,22,36,8,45.5028,0.0,0.07,OPTIMAL
geant,seed_milpsnap_geant_k16.json,21,22,36,7,45.5084,0.0,0.062,OPTIMAL
geant,seed_milpsnap_geant_k16.json,22,22,36,8,40.9665,9.473783934571081e-05,0.072,OPTIMAL
geant,seed_milpsnap_geant_k16.json,23,22,36,8,45.5028,0.0,0.063,OPTIMAL
geant,seed_milpsnap_geant_k16.json,24,22,36,8,40.961,9.472886493784261e-05,0.083,OPTIMAL
geant,seed_milpsnap_geant_k16.json,25,22,36,9,40.961,9.472886493760329e-05,0.114,OPTIMAL
geant,seed_milpsnap_geant_k16.json,26,22,36,10,31.8772,8.209731268143096e-05,0.229,OPTIMAL
geant,seed_milpsnap_geant_k16.json,27,22,36,9,31.8772,8.209731268122356e-05,0.273,OPTIMAL
geant,seed_milpsnap_geant_k16.json,28,22,36,12,22.7934,7.243810566316725e-05,0.215,OPTIMAL
geant,seed_milpsnap_geant_k16.json,29,22,36,11,22.7934,7.243810566335023e-05,0.176,OPTIMAL
geant,seed_milpsnap_geant_k16.json,30,22,36,11,31.8772,8.209731268184577e-05,0.097,OPTIMAL
geant,seed_milpsnap_geant_k16.json,31,22,36,13,31.8772,8.209731268122356e-05,0.126,OPTIMAL
geant,seed_milpsnap_geant_k16.json,32,22,36,15,27.3353,7.696583572062955e-05,0.139,OPTIMAL
geant,seed_milpsnap_geant_k16.json,33,22,36,15,31.8772,0.0,0.118,OPTIMAL
geant,seed_milpsnap_geant_k16.json,34,22,36,14,31.8772,8.209731268122356e-05,0.136,OPTIMAL
geant,seed_milpsnap_geant_k16.json,35,22,36,15,22.7934,7.243810566335025e-05,0.25,OPTIMAL
geant,seed_milpsnap_geant_k16.json,36,22,36,15,22.7934,7.243810566335025e-05,0.194,OPTIMAL
geant,seed_milpsnap_geant_k16.json,37,22,36,13,27.3353,7.696583572062955e-05,0.152,OPTIMAL
geant,seed_milpsnap_geant_k16.json,38,22,36,15,18.2571,9.882624825161857e-05,0.518,OPTIMAL
geant,seed_milpsnap_geant_k16.json,39,22,36,16,18.2571,6.84181718667312e-05,0.256,OPTIMAL
geant,seed_milpsnap_geant_k16.json,40,22,36,18,18.2515,6.841349114039068e-05,0.395,OPTIMAL
geant,seed_milpsnap_geant_k16.json,41,22,36,18,13.7096,6.481254770917756e-05,7.159,OPTIMAL
geant,seed_milpsnap_geant_k16.json,42,22,36,17,13.7096,6.481254770950503e-05,4.704,OPTIMAL
geant,seed_milpsnap_geant_k16.json,43,22,36,15,22.7934,7.243810566316725e-05,0.549,OPTIMAL
geant,seed_milpsnap_geant_k16.json,44,22,36,17,18.2515,6.841349114073634e-05,1.621,OPTIMAL
geant,seed_milpsnap_geant_k16.json,45,22,36,21,13.7096,6.481254770950503e-05,2.785,OPTIMAL
geant,seed_milpsnap_geant_k16.json,46,22,36,21,13.7096,6.481254770917756e-05,4.796,OPTIMAL
geant,seed_milpsnap_geant_k16.json,47,22,36,21,9.1677,6.157172079286967e-05,5.374,OPTIMAL
geant,seed_milpsnap_geant_k16.json,48,22,36,22,4.6258,5.863956215817884e-05,9.604,OPTIMAL
geant,seed_milpsnap_geant_k16.json,49,22,36,21,4.6258,5.86395621580307e-05,8.011,OPTIMAL
geant,seed_milpsnap_geant_k16.json,50,22,36,22,4.6258,5.863956215817884e-05,11.715,OPTIMAL
geant,seed_milpsnap_geant_k16.json,51,22,36,22,9.1677,6.157172079286967e-05,2.172,OPTIMAL
geant,seed_milpsnap_geant_k16.json,52,22,36,20,9.1677,6.157172079302521e-05,2.127,OPTIMAL
geant,seed_milpsnap_geant_k16.json,53,22,36,19,9.1677,6.157172079286967e-05,2.439,OPTIMAL
geant,seed_milpsnap_geant_k16.json,54,22,36,18,9.1677,6.157172079318077e-05,1.156,OPTIMAL
geant,seed_milpsnap_geant_k16.json,55,22,36,16,18.2515,6.841349114090918e-05,0.278,OPTIMAL
geant,seed_milpsnap_geant_k16.json,56,22,36,20,4.6258,5.86395621580307e-05,9.337,OPTIMAL
geant,seed_milpsnap_geant_k16.json,57,22,36,22,4.6258,5.863956215817884e-05,12.224,OPTIMAL
geant,seed_milpsnap_geant_k16.json,58,22,36,21,13.7096,6.481254770950503e-05,1.775,OPTIMAL
geant,seed_milpsnap_geant_k16.json,59,22,36,19,18.2515,6.841349114073635e-05,0.255,OPTIMAL
geant,seed_milpsnap_geant_k16.json,60,22,36,18,22.7934,7.243810566353326e-05,0.205,OPTIMAL
geant,seed_milpsnap_geant_k16.json,61,22,36,19,22.7934,7.243810566353326e-05,0.205,OPTIMAL
geant,seed_milpsnap_geant_k16.json,62,22,36,19,22.7934,7.243810566353326e-05,0.208,OPTIMAL
geant,seed_milpsnap_geant_k16.json,63,22,36,21,18.2515,6.841349114090918e-05,0.355,OPTIMAL
geant,seed_milpsnap_geant_k16.json,64,22,36,20,27.3353,7.696583572121286e-05,0.169,OPTIMAL
geant,seed_milpsnap_geant_k16.json,65,22,36,20,22.7934,7.243810566353326e-05,0.17,OPTIMAL
geant,seed_milpsnap_geant_k16.json,66,22,36,21,18.2515,6.841349114073635e-05,0.282,OPTIMAL
geant,seed_milpsnap_geant_k16.json,67,22,36,24,13.7096,6.48125477093413e-05,0.674,OPTIMAL
geant,seed_milpsnap_geant_k16.json,68,22,36,24,9.1677,6.157172079286967e-05,1.353,OPTIMAL
geant,seed_milpsnap_geant_k16.json,69,22,36,25,9.1677,6.157172079286967e-05,1.405,OPTIMAL
geant,seed_milpsnap_geant_k16.json,70,22,36,21,13.7096,6.481254770966877e-05,0.29,OPTIMAL
geant,seed_milpsnap_geant_k16.json,71,22,36,19,13.7096,6.481254770966877e-05,0.314,OPTIMAL
geant,seed_milpsnap_geant_k16.json,72,22,36,18,13.7096,6.481254770950504e-05,0.209,OPTIMAL
geant,seed_milpsnap_geant_k16.json,73,22,36,17,9.1733,6.157551210326411e-05,0.779,OPTIMAL
geant,seed_milpsnap_geant_k16.json,74,22,36,16,9.1733,6.157551210310855e-05,0.671,OPTIMAL
geant,seed_milpsnap_geant_k16.json,75,22,36,17,22.799,7.244335332244981e-05,0.406,OPTIMAL
geant,seed_milpsnap_geant_k16.json,76,22,36,19,9.1733,6.157551210310854e-05,2.692,OPTIMAL
geant,seed_milpsnap_geant_k16.json,77,22,36,17,13.7152,6.481674864795541e-05,0.747,OPTIMAL
geant,seed_milpsnap_geant_k16.json,78,22,36,16,13.7152,6.481674864811915e-05,0.875,OPTIMAL
geant,seed_milpsnap_geant_k16.json,79,22,36,16,18.2515,6.841349114073634e-05,0.641,OPTIMAL
geant,seed_milpsnap_geant_k16.json,80,22,36,15,18.2515,6.841349114056352e-05,0.606,OPTIMAL
geant,seed_milpsnap_geant_k16.json,81,22,36,17,18.2515,6.841349114090916e-05,0.429,OPTIMAL
geant,seed_milpsnap_geant_k16.json,82,22,36,16,18.2515,6.841349114073634e-05,0.671,OPTIMAL
geant,seed_milpsnap_geant_k16.json,83,22,36,18,22.7934,7.243810566371625e-05,0.579,OPTIMAL
geant,seed_milpsnap_geant_k16.json,84,22,36,20,13.7096,6.481254770950503e-05,1.561,OPTIMAL
geant,seed_milpsnap_geant_k16.json,85,22,36,23,9.1677,6.157172079271413e-05,7.852,OPTIMAL
geant,seed_milpsnap_geant_k16.json,86,22,36,24,9.1677,6.157172079302521e-05,7.856,OPTIMAL
geant,seed_milpsnap_geant_k16.json,87,22,36,23,9.1677,6.157172079286967e-05,7.328,OPTIMAL
geant,seed_milpsnap_geant_k16.json,88,22,36,24,9.1677,6.157172079286967e-05,8.71,OPTIMAL
geant,seed_milpsnap_geant_k16.json,89,22,36,23,13.7096,6.481254770950503e-05,0.866,OPTIMAL
geant,seed_milpsnap_geant_k16.json,90,22,36,20,13.7096,6.481254770950503e-05,0.702,OPTIMAL
geant,seed_milpsnap_geant_k16.json,91,22,36,19,13.7096,6.481254770950503e-05,0.729,OPTIMAL
geant,seed_milpsnap_geant_k16.json,92,22,36,20,13.7096,6.481254770917756e-05,0.969,OPTIMAL
geant,seed_milpsnap_geant_k16.json,93,22,36,20,9.1677,6.157172079286967e-05,5.371,OPTIMAL
geant,seed_milpsnap_geant_k16.json,94,22,36,21,9.1677,6.157172079318077e-05,3.795,OPTIMAL
geant,seed_milpsnap_geant_k16.json,95,22,36,20,9.1677,6.157172079318077e-05,3.98,OPTIMAL
geant,seed_milpsnap_geant_k16.json,96,22,36,17,9.1677,6.157172079318077e-05,3.291,OPTIMAL
geant,seed_milpsnap_geant_k16.json,97,22,36,14,9.1733,6.1575512102953e-05,1.24,OPTIMAL
geant,seed_milpsnap_geant_k16.json,98,22,36,12,22.7934,7.243810566335025e-05,0.415,OPTIMAL
geant,seed_milpsnap_geant_k16.json,99,22,36,14,13.7152,6.481674864795541e-05,1.224,OPTIMAL
geant,seed_milpsnap_geant_k16.json,100,22,36,16,13.7096,6.48125477093413e-05,3.099,OPTIMAL
geant,seed_milpsnap_geant_k16.json,101,22,36,15,13.7096,6.48125477093413e-05,1.826,OPTIMAL
geant,seed_milpsnap_geant_k16.json,102,22,36,13,22.7934,7.243810566316725e-05,0.489,OPTIMAL
geant,seed_milpsnap_geant_k16.json,103,22,36,15,18.2515,6.841349114056352e-05,0.963,OPTIMAL
geant,seed_milpsnap_geant_k16.json,104,22,36,16,18.2515,6.841349114056352e-05,1.11,OPTIMAL
geant,seed_milpsnap_geant_k16.json,105,22,36,17,22.7934,7.243810566335023e-05,2.281,OPTIMAL
geant,seed_milpsnap_geant_k16.json,106,22,36,18,18.2515,6.841349114056352e-05,3.954,OPTIMAL
geant,seed_milpsnap_geant_k16.json,107,22,36,19,18.2515,6.841349114056352e-05,4.487,OPTIMAL
geant,seed_milpsnap_geant_k16.json,108,22,36,16,31.8772,8.209731268143097e-05,0.257,OPTIMAL
geant,seed_milpsnap_geant_k16.json,109,22,36,14,31.8772,8.209731268143097e-05,0.386,OPTIMAL
geant,seed_milpsnap_geant_k16.json,110,22,36,15,27.3353,7.696583572082397e-05,0.693,OPTIMAL
geant,seed_milpsnap_geant_k16.json,111,22,36,16,13.7096,6.48125477093413e-05,2.014,OPTIMAL
geant,seed_milpsnap_geant_k16.json,112,22,36,15,22.7934,7.243810566335025e-05,0.401,OPTIMAL
geant,seed_milpsnap_geant_k16.json,113,22,36,14,27.3353,7.696583572082398e-05,0.173,OPTIMAL
geant,seed_milpsnap_geant_k16.json,114,22,36,16,22.7934,7.243810566316725e-05,0.686,OPTIMAL
geant,seed_milpsnap_geant_k16.json,115,22,36,14,27.3353,7.696583572101841e-05,0.432,OPTIMAL
geant,seed_milpsnap_geant_k16.json,116,22,36,14,27.3353,7.696583572062955e-05,0.312,OPTIMAL
geant,seed_milpsnap_geant_k16.json,117,22,36,13,31.8772,8.209731268143097e-05,0.217,OPTIMAL
geant,seed_milpsnap_geant_k16.json,118,22,36,11,36.4191,8.796192226123892e-05,0.17,OPTIMAL
geant,seed_milpsnap_geant_k16.json,119,22,36,10,36.4246,6.842084685475593e-05,0.176,OPTIMAL
geant,seed_milpsnap_geant_k16.json,120,22,36,11,36.4191,8.796192226135002e-05,0.199,OPTIMAL
geant,seed_milpsnap_geant_k16.json,121,22,36,12,31.8772,8.209731268143096e-05,0.454,OPTIMAL
geant,seed_milpsnap_geant_k16.json,122,22,36,12,36.4191,8.796192226146112e-05,0.28,OPTIMAL
geant,seed_milpsnap_geant_k16.json,123,22,36,13,36.4191,8.796192226123892e-05,0.332,OPTIMAL
geant,seed_milpsnap_geant_k16.json,124,22,36,12,31.8828,8.210405320355922e-05,0.147,OPTIMAL
geant,seed_milpsnap_geant_k16.json,125,22,36,10,36.4246,8.796966024176555e-05,0.127,OPTIMAL
geant,seed_milpsnap_geant_k16.json,126,22,36,1,86.3799,0.0,0.01,OPTIMAL
geant,seed_milpsnap_geant_k16.json,127,22,36,2,72.7542,0.0,0.015,OPTIMAL
geant,seed_milpsnap_geant_k16.json,128,22,36,3,59.1285,6.081615277012044e-05,0.025,OPTIMAL
geant,seed_milpsnap_geant_k16.json,129,22,36,4,50.0447,0.0,0.05,OPTIMAL
geant,seed_milpsnap_geant_k16.json,130,22,36,7,27.3409,9.407659545344915e-05,0.274,OPTIMAL
geant,seed_milpsnap_geant_k16.json,131,22,36,9,27.3409,7.697175991684732e-05,0.127,OPTIMAL
geant,seed_milpsnap_geant_k16.json,132,22,36,11,27.3409,7.697175991684732e-05,0.143,OPTIMAL
geant,seed_milpsnap_geant_k16.json,133,22,36,12,27.3409,7.697175991684732e-05,0.2,OPTIMAL
geant,seed_milpsnap_geant_k16.json,134,22,36,13,22.799,7.244335332244981e-05,0.235,OPTIMAL
geant,seed_milpsnap_geant_k16.json,135,22,36,15,22.7934,7.243810566353326e-05,0.207,OPTIMAL
geant,seed_milpsnap_geant_k16.json,136,22,36,16,13.7096,9.361812446881204e-05,0.761,OPTIMAL
geant,seed_milpsnap_geant_k16.json,137,22,36,17,13.7096,9.361812446881204e-05,1.189,OPTIMAL
geant,seed_milpsnap_geant_k16.json,138,22,36,19,13.7096,9.361812446897577e-05,0.761,OPTIMAL
geant,seed_milpsnap_geant_k16.json,139,22,36,19,13.7096,9.361812446897577e-05,0.865,OPTIMAL
geant,seed_milpsnap_geant_k16.json,140,22,36,20,9.1677,6.157172079302521e-05,0.606,OPTIMAL
geant,seed_milpsnap_geant_k16.json,141,22,36,19,13.7096,6.481254770950503e-05,0.36,OPTIMAL
geant,seed_milpsnap_geant_k16.json,142,22,36,20,9.1677,6.157172079271413e-05,1.512,OPTIMAL
geant,seed_milpsnap_geant_k16.json,143,22,36,17,13.7096,6.48125477093413e-05,0.813,OPTIMAL
geant,seed_milpsnap_geant_k16.json,144,22,36,19,13.7096,6.481254770950503e-05,0.964,OPTIMAL
geant,seed_milpsnap_geant_k16.json,145,22,36,17,22.7934,7.243810566335025e-05,0.293,OPTIMAL
geant,seed_milpsnap_geant_k16.json,146,22,36,18,18.2515,6.841349114090918e-05,0.585,OPTIMAL
geant,seed_milpsnap_geant_k16.json,147,22,36,17,18.2515,6.841349114090918e-05,0.534,OPTIMAL
geant,seed_milpsnap_geant_k16.json,148,22,36,17,18.2515,6.841349114090918e-05,0.468,OPTIMAL
geant,seed_milpsnap_geant_k16.json,149,22,36,15,22.7934,7.243810566353326e-05,0.305,OPTIMAL
geant,seed_milpsnap_geant_k16.json,150,22,36,16,22.7934,7.243810566353326e-05,0.322,OPTIMAL
geant,seed_milpsnap_geant_k16.json,151,22,36,16,22.7934,7.243810566335025e-05,0.411,OPTIMAL
geant,seed_milpsnap_geant_k16.json,152,22,36,16,22.7934,7.243810566335025e-05,0.561,OPTIMAL
geant,seed_milpsnap_geant_k16.json,153,22,36,13,27.3353,7.696583572121286e-05,0.23,OPTIMAL
geant,seed_milpsnap_geant_k16.json,154,22,36,13,22.7934,7.243810566316725e-05,0.621,OPTIMAL
geant,seed_milpsnap_geant_k16.json,155,22,36,11,27.3353,7.696583572082398e-05,0.25,OPTIMAL
geant,seed_milpsnap_geant_k16.json,156,22,36,12,22.7934,7.243810566335023e-05,0.368,OPTIMAL
geant,seed_milpsnap_geant_k16.json,157,22,36,12,27.3353,7.696583572101841e-05,0.159,OPTIMAL
geant,seed_milpsnap_geant_k16.json,158,22,36,15,22.7934,7.243810566335025e-05,0.186,OPTIMAL
geant,seed_milpsnap_geant_k16.json,159,22,36,11,36.4191,8.79619222610167e-05,0.097,OPTIMAL
geant,seed_milpsnap_geant_k16.json,160,22,36,12,27.3353,7.696583572101842e-05,0.111,OPTIMAL
geant,seed_milpsnap_geant_k16.json,161,22,36,16,18.2515,6.841349114073634e-05,0.309,OPTIMAL
geant,seed_milpsnap_geant_k16.json,162,22,36,15,18.2515,6.841349114073634e-05,0.324,OPTIMAL
geant,seed_milpsnap_geant_k16.json,163,22,36,16,18.2515,6.841349114073634e-05,0.387,OPTIMAL
geant,seed_milpsnap_geant_k16.json,164,22,36,19,18.2515,6.841349114056352e-05,0.508,OPTIMAL
geant,seed_milpsnap_geant_k16.json,165,22,36,21,13.7096,6.48125477093413e-05,5.522,OPTIMAL
geant,seed_milpsnap_geant_k16.json,166,22,36,22,13.7096,6.481254770917756e-05,2.839,OPTIMAL
geant,seed_milpsnap_geant_k16.json,167,22,36,26,9.1677,6.157172079302521e-05,7.393,OPTIMAL
geant,seed_milpsnap_geant_k16.json,168,22,36,26,9.1677,6.157172079286967e-05,7.863,OPTIMAL
geant,seed_milpsnap_geant_k16.json,169,22,36,26,4.6258,5.8639562158030696e-05,11.538,OPTIMAL
geant,seed_milpsnap_geant_k16.json,170,22,36,26,4.6258,5.863956215788256e-05,11.357,OPTIMAL
geant,seed_milpsnap_geant_k16.json,171,22,36,25,0.0839,5.59739783193615e-05,41.745,OPTIMAL
geant,seed_milpsnap_geant_k16.json,172,22,36,24,4.6258,5.863956215817884e-05,10.871,OPTIMAL
geant,seed_milpsnap_geant_k16.json,173,22,36,22,4.6258,5.86395621580307e-05,7.038,OPTIMAL
geant,seed_milpsnap_geant_k16.json,174,22,36,23,4.6258,5.863956215817884e-05,9.266,OPTIMAL
geant,seed_milpsnap_geant_k16.json,175,22,36,24,9.1677,6.157172079302521e-05,1.347,OPTIMAL
geant,seed_milpsnap_geant_k16.json,176,22,36,22,13.7096,6.481254770950503e-05,0.36,OPTIMAL
geant,seed_milpsnap_geant_k16.json,177,22,36,19,13.7096,6.48125477093413e-05,0.288,OPTIMAL
geant,seed_milpsnap_geant_k16.json,178,22,36,18,13.7096,6.48125477093413e-05,0.246,OPTIMAL
geant,seed_milpsnap_geant_k16.json,179,22,36,16,18.2515,6.841349114090918e-05,0.318,OPTIMAL
geant,seed_milpsnap_geant_k16.json,180,22,36,16,27.3353,7.69658357214073e-05,0.168,OPTIMAL
geant,seed_milpsnap_geant_k16.json,181,22,36,17,22.7934,7.243810566335023e-05,0.227,OPTIMAL
geant,seed_milpsnap_geant_k16.json,182,22,36,18,18.2515,9.881948720278653e-05,0.265,OPTIMAL
geant,seed_milpsnap_geant_k16.json,183,22,36,17,18.2515,9.881948720295935e-05,0.243,OPTIMAL
geant,seed_milpsnap_geant_k16.json,184,22,36,15,18.2515,9.881948720295935e-05,0.22,OPTIMAL
geant,seed_milpsnap_geant_k16.json,185,22,36,16,18.2515,9.881948720295935e-05,0.202,OPTIMAL
geant,seed_milpsnap_geant_k16.json,186,22,36,16,18.2515,8.361648917141578e-05,0.226,OPTIMAL
geant,seed_milpsnap_geant_k16.json,187,22,36,15,22.7934,7.243810566353326e-05,0.233,OPTIMAL
geant,seed_milpsnap_geant_k16.json,188,22,36,17,18.2515,6.841349114090918e-05,0.284,OPTIMAL
geant,seed_milpsnap_geant_k16.json,189,22,36,15,22.7934,9.658414088416197e-05,0.131,OPTIMAL
geant,seed_milpsnap_geant_k16.json,190,22,36,15,27.3353,7.696583572121286e-05,0.205,OPTIMAL
geant,seed_milpsnap_geant_k16.json,191,22,36,15,31.8772,8.209731268184577e-05,0.149,OPTIMAL
geant,seed_milpsnap_geant_k16.json,192,22,36,13,31.8772,8.209731268184577e-05,0.137,OPTIMAL
geant,seed_milpsnap_geant_k16.json,193,22,36,13,36.4191,8.796192226112781e-05,0.143,OPTIMAL
geant,seed_milpsnap_geant_k16.json,194,22,36,14,36.4191,8.796192226112781e-05,0.125,OPTIMAL
geant,seed_milpsnap_geant_k16.json,195,22,36,13,36.4191,8.796192226123892e-05,0.14,OPTIMAL
geant,seed_milpsnap_geant_k16.json,196,22,36,16,27.3353,7.696583572101841e-05,0.231,OPTIMAL
geant,seed_milpsnap_geant_k16.json,197,22,36,17,18.2515,6.841349114056352e-05,0.527,OPTIMAL
geant,seed_milpsnap_geant_k16.json,198,22,36,17,13.7096,6.481254770917756e-05,1.372,OPTIMAL
geant,seed_milpsnap_geant_k16.json,199,22,36,17,13.7096,6.48125477093413e-05,1.314,OPTIMAL
geant,seed_milpsnap_geant_k16.json,200,22,36,16,18.2515,6.841349114090918e-05,0.287,OPTIMAL
geant,seed_milpsnap_geant_k16.json,201,22,36,13,22.7934,7.243810566371625e-05,0.132,OPTIMAL
geant,seed_milpsnap_geant_k16.json,202,22,36,14,22.7934,7.243810566371625e-05,0.14,OPTIMAL
geant,seed_milpsnap_geant_k16.json,203,22,36,14,22.7934,7.243810566353326e-05,0.16,OPTIMAL
geant,seed_milpsnap_geant_k16.json,204,22,36,14,22.7934,7.243810566335025e-05,0.322,OPTIMAL
geant,seed_milpsnap_geant_k16.json,205,22,36,13,31.8772,8.209731268122356e-05,0.093,OPTIMAL
geant,seed_milpsnap_geant_k16.json,206,22,36,11,31.8772,8.209731268122356e-05,0.081,OPTIMAL
geant,seed_milpsnap_geant_k16.json,207,22,36,11,36.4191,8.796192226135002e-05,0.075,OPTIMAL
geant,seed_milpsnap_geant_k16.json,208,22,36,10,27.3409,7.697175991665286e-05,0.142,OPTIMAL
geant,seed_milpsnap_geant_k16.json,209,22,36,10,27.3353,7.696583572101841e-05,0.159,OPTIMAL
geant,seed_milpsnap_geant_k16.json,210,22,36,11,27.3353,7.696583572082398e-05,0.163,OPTIMAL
geant,seed_milpsnap_geant_k16.json,211,22,36,13,22.799,7.24433533224498e-05,0.244,OPTIMAL
geant,seed_milpsnap_geant_k16.json,212,22,36,12,22.799,7.24433533222668e-05,0.284,OPTIMAL
geant,seed_milpsnap_geant_k16.json,213,22,36,13,22.7934,7.243810566316725e-05,0.326,OPTIMAL
geant,seed_milpsnap_geant_k16.json,214,22,36,12,27.3409,7.697175991645839e-05,0.133,OPTIMAL
geant,seed_milpsnap_geant_k16.json,215,22,36,12,22.799,7.24433533222668e-05,0.112,OPTIMAL
geant,seed_milpsnap_geant_k16.json,216,22,36,13,22.799,7.24433533224498e-05,0.128,OPTIMAL
geant,seed_milpsnap_geant_k16.json,217,22,36,15,18.2515,6.841349114073637e-05,0.185,OPTIMAL
geant,seed_milpsnap_geant_k16.json,218,22,36,17,13.7152,6.481674864779165e-05,0.712,OPTIMAL
geant,seed_milpsnap_geant_k16.json,219,22,36,18,13.7152,6.481674864779165e-05,0.562,OPTIMAL
geant,seed_milpsnap_geant_k16.json,220,22,36,19,9.1733,6.157551210310854e-05,0.857,OPTIMAL
geant,seed_milpsnap_geant_k16.json,221,22,36,20,9.1733,6.157551210310854e-05,0.721,OPTIMAL
geant,seed_milpsnap_geant_k16.json,222,22,36,18,9.1733,8.89424063709321e-05,0.444,OPTIMAL
geant,seed_milpsnap_geant_k16.json,223,22,36,17,9.1733,8.894240637108765e-05,0.263,OPTIMAL
geant,seed_milpsnap_geant_k16.json,224,22,36,17,9.1733,8.89424063709321e-05,0.354,OPTIMAL
geant,seed_milpsnap_geant_k16.json,225,22,36,14,22.7934,7.243810566335025e-05,0.142,OPTIMAL
geant,seed_milpsnap_geant_k16.json,226,22,36,16,13.7096,6.481254770950504e-05,0.166,OPTIMAL
geant,seed_milpsnap_geant_k16.json,227,22,36,19,9.1677,6.157172079333631e-05,0.325,OPTIMAL
geant,seed_milpsnap_geant_k16.json,228,22,36,18,13.7096,6.481254770966877e-05,0.256,OPTIMAL
geant,seed_milpsnap_geant_k16.json,229,22,36,18,13.7096,6.481254770983251e-05,0.262,OPTIMAL
geant,seed_milpsnap_geant_k16.json,230,22,36,15,13.7096,6.481254770950503e-05,0.55,OPTIMAL
geant,seed_milpsnap_geant_k16.json,231,22,36,14,22.7934,7.243810566353325e-05,0.178,OPTIMAL
geant,seed_milpsnap_geant_k16.json,232,22,36,13,27.3353,7.696583572101841e-05,0.148,OPTIMAL
geant,seed_milpsnap_geant_k16.json,233,22,36,14,22.7934,7.243810566335025e-05,0.176,OPTIMAL
geant,seed_milpsnap_geant_k16.json,234,22,36,12,27.3353,7.696583572101841e-05,0.144,OPTIMAL
geant,seed_milpsnap_geant_k16.json,235,22,36,15,13.7096,6.48125477093413e-05,1.96,OPTIMAL
geant,seed_milpsnap_geant_k16.json,236,22,36,19,13.7096,6.48125477093413e-05,7.138,OPTIMAL
geant,seed_milpsnap_geant_k16.json,237,22,36,22,9.1677,6.157172079286967e-05,6.742,OPTIMAL
geant,seed_milpsnap_geant_k16.json,238,22,36,23,9.1677,6.157172079286967e-05,7.362,OPTIMAL
geant,seed_milpsnap_geant_k16.json,239,22,36,21,9.1677,6.157172079286967e-05,6.577,OPTIMAL
geant,seed_milpsnap_geant_k16.json,240,22,36,19,9.1677,6.157172079286967e-05,4.62,OPTIMAL
geant,seed_milpsnap_geant_k16.json,241,22,36,20,9.1677,6.157172079286967e-05,4.62,OPTIMAL
geant,seed_milpsnap_geant_k16.json,242,22,36,19,9.1677,6.157172079286967e-05,4.047,OPTIMAL
geant,seed_milpsnap_geant_k16.json,243,22,36,20,9.1677,6.157172079286967e-05,5.213,OPTIMAL
geant,seed_milpsnap_geant_k16.json,244,22,36,22,9.1677,6.157172079286967e-05,2.24,OPTIMAL
geant,seed_milpsnap_geant_k16.json,245,22,36,22,9.1677,6.157172079302521e-05,0.709,OPTIMAL
geant,seed_milpsnap_geant_k16.json,246,22,36,23,9.1677,6.157172079302521e-05,0.846,OPTIMAL
geant,seed_milpsnap_geant_k16.json,247,22,36,21,9.1677,6.157172079302521e-05,0.597,OPTIMAL
geant,seed_milpsnap_geant_k16.json,248,22,36,22,9.1677,6.157172079302521e-05,0.462,OPTIMAL
geant,seed_milpsnap_geant_k16.json,249,22,36,21,9.1677,6.157172079286967e-05,0.487,OPTIMAL
geant,seed_milpsnap_geant_k16.json,250,22,36,17,13.7096,6.48125477093413e-05,6.172,OPTIMAL
geant,seed_milpsnap_geant_k16.json,251,22,36,13,27.3353,7.696583572082398e-05,0.248,OPTIMAL
geant,seed_milpsnap_geant_k16.json,252,22,36,14,27.3353,7.696583572082398e-05,0.308,OPTIMAL
geant,seed_milpsnap_geant_k16.json,253,22,36,14,27.3353,7.696583572082398e-05,0.166,OPTIMAL
geant,seed_milpsnap_geant_k16.json,254,22,36,16,22.7934,7.243810566335025e-05,0.287,OPTIMAL
geant,seed_milpsnap_geant_k16.json,255,22,36,18,18.2515,6.841349114056352e-05,0.422,OPTIMAL
geant,seed_milpsnap_geant_k16.json,256,22,36,17,18.2515,6.841349114073634e-05,0.436,OPTIMAL
geant,seed_milpsnap_geant_k16.json,257,22,36,18,18.2515,6.841349114056352e-05,0.424,OPTIMAL
geant,seed_milpsnap_geant_k16.json,258,22,36,18,18.2515,6.841349114056352e-05,0.791,OPTIMAL
geant,seed_milpsnap_geant_k16.json,259,22,36,16,27.3353,7.696583572082398e-05,0.224,OPTIMAL
geant,seed_milpsnap_geant_k16.json,260,22,36,18,22.7934,7.243810566316725e-05,0.445,OPTIMAL
geant,seed_milpsnap_geant_k16.json,261,22,36,1,81.838,0.0,0.01,OPTIMAL
geant,seed_milpsnap_geant_k16.json,262,22,36,3,72.7542,0.0,0.028,OPTIMAL
geant,seed_milpsnap_geant_k16.json,263,22,36,5,59.1285,0.0,0.037,OPTIMAL
geant,seed_milpsnap_geant_k16.json,264,22,36,7,45.5028,0.0,0.07,OPTIMAL
geant,seed_milpsnap_geant_k16.json,265,22,36,8,45.5028,0.0,0.072,OPTIMAL
geant,seed_milpsnap_geant_k16.json,266,22,36,9,40.961,9.47288649376033e-05,0.077,OPTIMAL
geant,seed_milpsnap_geant_k16.json,267,22,36,12,31.8772,8.209731268163836e-05,0.249,OPTIMAL
geant,seed_milpsnap_geant_k16.json,268,22,36,16,13.7152,6.481674864779165e-05,1.286,OPTIMAL
geant,seed_milpsnap_geant_k16.json,269,22,36,18,13.7096,6.481254770950503e-05,3.878,OPTIMAL
geant,seed_milpsnap_geant_k16.json,270,22,36,19,13.7096,6.48125477093413e-05,6.764,OPTIMAL
geant,seed_milpsnap_geant_k16.json,271,22,36,22,9.1677,6.157172079286967e-05,6.544,OPTIMAL
geant,seed_milpsnap_geant_k16.json,272,22,36,22,13.7096,6.48125477093413e-05,2.302,OPTIMAL
geant,seed_milpsnap_geant_k16.json,273,22,36,21,9.1677,6.157172079302521e-05,5.43,OPTIMAL
geant,seed_milpsnap_geant_k16.json,274,22,36,21,4.6258,5.8639562158030696e-05,14.273,OPTIMAL
geant,seed_milpsnap_geant_k16.json,275,22,36,20,4.6258,5.8639562158030696e-05,13.298,OPTIMAL
geant,seed_milpsnap_geant_k16.json,276,22,36,22,9.1677,6.157172079302521e-05,9.767,OPTIMAL
geant,seed_milpsnap_geant_k16.json,277,22,36,22,13.7096,6.481254770966879e-05,0.319,OPTIMAL
geant,seed_milpsnap_geant_k16.json,278,22,36,23,4.6258,5.863956215788256e-05,9.592,OPTIMAL
geant,seed_milpsnap_geant_k16.json,279,22,36,21,9.1677,6.157172079302521e-05,1.885,OPTIMAL
geant,seed_milpsnap_geant_k16.json,280,22,36,18,13.7096,6.481254770950503e-05,0.706,OPTIMAL
geant,seed_milpsnap_geant_k16.json,281,22,36,17,9.1733,6.1575512102953e-05,1.827,OPTIMAL
geant,seed_milpsnap_geant_k16.json,282,22,36,18,9.1733,6.157551210310854e-05,4.998,OPTIMAL
geant,seed_milpsnap_geant_k16.json,283,22,36,17,13.7152,6.481674864811915e-05,0.988,OPTIMAL
geant,seed_milpsnap_geant_k16.json,284,22,36,15,22.799,7.244335332244981e-05,0.474,OPTIMAL
geant,seed_milpsnap_geant_k16.json,285,22,36,16,27.3353,7.696583572082398e-05,0.453,OPTIMAL
geant,seed_milpsnap_geant_k16.json,286,22,36,16,22.7934,7.243810566316725e-05,0.735,OPTIMAL
geant,seed_milpsnap_geant_k16.json,287,22,36,15,27.3353,7.696583572082397e-05,0.152,OPTIMAL
geant,seed_milpsnap_geant_k16.json,288,22,36,15,22.7934,7.243810566316725e-05,0.254,OPTIMAL
geant,seed_milpsnap_geant_k16.json,289,22,36,12,27.3353,7.696583572101841e-05,0.142,OPTIMAL
geant,seed_milpsnap_geant_k16.json,290,22,36,13,27.3353,7.696583572101841e-05,0.149,OPTIMAL
geant,seed_milpsnap_geant_k16.json,291,22,36,13,27.3353,7.696583572101841e-05,0.165,OPTIMAL
geant,seed_milpsnap_geant_k16.json,292,22,36,14,22.7934,7.243810566353325e-05,0.296,OPTIMAL
geant,seed_milpsnap_geant_k16.json,293,22,36,13,27.3353,7.696583572101841e-05,0.251,OPTIMAL
geant,seed_milpsnap_geant_k16.json,294,22,36,12,27.3353,7.696583572101841e-05,0.258,OPTIMAL
geant,seed_milpsnap_geant_k16.json,295,22,36,11,31.8772,8.209731268122356e-05,0.124,OPTIMAL
geant,seed_milpsnap_geant_k16.json,296,22,36,10,31.8772,8.209731268122356e-05,0.116,OPTIMAL
geant,seed_milpsnap_geant_k16.json,297,22,36,11,27.3353,7.696583572101841e-05,0.204,OPTIMAL
geant,seed_milpsnap_geant_k16.json,298,22,36,11,27.3353,7.696583572121285e-05,0.167,OPTIMAL
geant,seed_milpsnap_geant_k16.json,299,22,36,9,36.4191,8.796192226123892e-05,0.171,OPTIMAL
geant,seed_milpsnap_geant_k16.json,300,22,36,8,36.4191,8.796192226123892e-05,0.173,OPTIMAL
geant,seed_milpsnap_geant_k16.json,301,22,36,7,40.961,9.472886493784261e-05,0.088,OPTIMAL
geant,seed_milpsnap_geant_k16.json,302,22,36,6,50.0447,0.0,0.065,OPTIMAL
geant,seed_milpsnap_geant_k16.json,303,22,36,7,40.9665,9.473783934559116e-05,0.067,OPTIMAL
geant,seed_milpsnap_geant_k16.json,304,22,36,8,36.4246,8.796966024154332e-05,0.088,OPTIMAL
geant,seed_milpsnap_geant_k16.json,305,22,36,8,36.4246,8.796966024165444e-05,0.085,OPTIMAL
geant,seed_milpsnap_geant_k16.json,306,22,36,8,40.9665,9.473783934559116e-05,0.083,OPTIMAL
geant,seed_milpsnap_geant_k16.json,307,22,36,6,59.1341,0.0,0.044,OPTIMAL
geant,seed_milpsnap_geant_k16.json,308,22,36,7,50.0503,4.97630036949992e-05,0.054,OPTIMAL
geant,seed_milpsnap_geant_k16.json,309,22,36,9,36.4246,8.796966024143222e-05,0.11,OPTIMAL
geant,seed_milpsnap_geant_k16.json,310,22,36,11,31.8772,8.209731268122356e-05,0.196,OPTIMAL
geant,seed_milpsnap_geant_k16.json,311,22,36,10,31.8828,8.210405320355922e-05,0.143,OPTIMAL
geant,seed_milpsnap_geant_k16.json,312,22,36,9,36.4191,8.796192226112781e-05,0.133,OPTIMAL
geant,seed_milpsnap_geant_k16.json,313,22,36,10,36.4191,8.796192226112781e-05,0.143,OPTIMAL
geant,seed_milpsnap_geant_k16.json,314,22,36,11,31.8772,8.209731268143096e-05,0.129,OPTIMAL
geant,seed_milpsnap_geant_k16.json,315,22,36,14,27.3353,7.696583572121286e-05,0.128,OPTIMAL
geant,seed_milpsnap_geant_k16.json,316,22,36,15,22.799,7.244335332263281e-05,0.204,OPTIMAL
geant,seed_milpsnap_geant_k16.json,317,22,36,16,18.2571,6.841817186690403e-05,0.199,OPTIMAL
geant,seed_milpsnap_geant_k16.json,318,22,36,15,18.2627,6.842285323309044e-05,0.172,OPTIMAL
geant,seed_milpsnap_geant_k16.json,319,22,36,15,13.7208,6.482095013118717e-05,0.174,OPTIMAL
geant,seed_milpsnap_geant_k16.json,320,22,36,15,9.1733,6.157551210310854e-05,1.059,OPTIMAL
geant,seed_milpsnap_geant_k16.json,321,22,36,16,0.0951,5.598024519342304e-05,1.185,OPTIMAL
geant,seed_milpsnap_geant_k16.json,322,22,36,16,4.637,3.909762677416741e-05,0.971,OPTIMAL
geant,seed_milpsnap_geant_k16.json,323,22,36,15,9.1789,6.157930388012435e-05,0.449,OPTIMAL
geant,seed_milpsnap_geant_k16.json,324,22,36,13,13.7152,6.481674864811915e-05,0.14,OPTIMAL
geant,seed_milpsnap_geant_k16.json,325,22,36,14,18.2571,6.84181718667312e-05,0.156,OPTIMAL
geant,seed_milpsnap_geant_k16.json,326,22,36,13,27.3353,7.696583572121286e-05,0.115,OPTIMAL
geant,seed_milpsnap_geant_k16.json,327,22,36,10,40.961,0.0,0.066,OPTIMAL
geant,seed_milpsnap_geant_k16.json,328,22,36,9,40.961,9.472886493772294e-05,0.096,OPTIMAL
geant,seed_milpsnap_geant_k16.json,329,22,36,7,50.0447,0.0,0.067,OPTIMAL
geant,seed_milpsnap_geant_k16.json,330,22,36,9,40.961,9.472886493772294e-05,0.075,OPTIMAL
geant,seed_milpsnap_geant_k16.json,331,22,36,8,40.961,9.472886493772294e-05,0.069,OPTIMAL
geant,seed_milpsnap_geant_k16.json,332,22,36,8,45.5028,0.0,0.06,OPTIMAL
geant,seed_milpsnap_geant_k16.json,333,22,36,10,36.4191,8.796192226123892e-05,0.113,OPTIMAL
geant,seed_milpsnap_geant_k16.json,334,22,36,10,27.3353,7.696583572082397e-05,0.2,OPTIMAL
geant,seed_milpsnap_geant_k16.json,335,22,36,10,27.3353,7.696583572082397e-05,0.13,OPTIMAL
geant,seed_milpsnap_geant_k16.json,336,22,36,9,31.8772,8.209731268163836e-05,0.102,OPTIMAL
geant,seed_milpsnap_geant_k16.json,337,22,36,10,27.3353,9.406935476965832e-05,0.163,OPTIMAL
geant,seed_milpsnap_geant_k16.json,338,22,36,10,27.3353,7.696583572082398e-05,0.139,OPTIMAL
geant,seed_milpsnap_geant_k16.json,339,22,36,11,22.7934,7.243810566316725e-05,0.295,OPTIMAL
geant,seed_milpsnap_geant_k16.json,340,22,36,12,18.2515,6.841349114056352e-05,0.417,OPTIMAL
geant,seed_milpsnap_geant_k16.json,341,22,36,13,18.2515,6.841349114039068e-05,0.294,OPTIMAL
geant,seed_milpsnap_geant_k16.json,342,22,36,12,27.3353,7.696583572062955e-05,0.217,OPTIMAL
geant,seed_milpsnap_geant_k16.json,343,22,36,13,22.7934,7.243810566316725e-05,0.42,OPTIMAL
geant,seed_milpsnap_geant_k16.json,344,22,36,12,27.3353,7.696583572082397e-05,0.134,OPTIMAL
geant,seed_milpsnap_geant_k16.json,345,22,36,11,31.8772,8.209731268143097e-05,0.116,OPTIMAL
geant,seed_milpsnap_geant_k16.json,346,22,36,10,36.4191,8.796192226112781e-05,0.104,OPTIMAL
geant,seed_milpsnap_geant_k16.json,347,22,36,9,36.4191,8.796192226112781e-05,0.099,OPTIMAL
geant,seed_milpsnap_geant_k16.json,348,22,36,10,31.8772,8.209731268122356e-05,0.133,OPTIMAL
geant,seed_milpsnap_geant_k16.json,349,22,36,12,22.7934,7.243810566316725e-05,0.236,OPTIMAL
geant,seed_milpsnap_geant_k16.json,350,22,36,13,22.7934,7.243810566298425e-05,0.187,OPTIMAL
geant,seed_milpsnap_geant_k16.json,351,22,36,13,22.7934,7.243810566316725e-05,0.147,OPTIMAL
geant,seed_milpsnap_geant_k16.json,352,22,36,13,13.7096,6.481254770950503e-05,0.412,OPTIMAL
geant,seed_milpsnap_geant_k16.json,353,22,36,15,9.1733,6.157551210326411e-05,0.326,OPTIMAL
geant,seed_milpsnap_geant_k16.json,354,22,36,14,13.7096,6.481254770966877e-05,0.148,OPTIMAL
geant,seed_milpsnap_geant_k16.json,355,22,36,14,13.7096,6.481254770983251e-05,0.151,OPTIMAL
geant,seed_milpsnap_geant_k16.json,356,22,36,15,13.7096,6.481254770983251e-05,0.166,OPTIMAL
geant,seed_milpsnap_geant_k16.json,357,22,36,15,18.2515,6.841349114125486e-05,0.13,OPTIMAL
geant,seed_milpsnap_geant_k16.json,358,22,36,14,18.2515,6.841349114125486e-05,0.117,OPTIMAL
geant,seed_milpsnap_geant_k16.json,359,22,36,15,18.2515,6.841349114125486e-05,0.127,OPTIMAL
geant,seed_milpsnap_geant_k16.json,360,22,36,14,27.3353,7.696583572062955e-05,0.13,OPTIMAL
geant,seed_milpsnap_geant_k16.json,361,22,36,16,22.7934,7.243810566316725e-05,0.158,OPTIMAL
geant,seed_milpsnap_geant_k16.json,362,22,36,18,22.7878,7.243285876482257e-05,0.182,OPTIMAL
geant,seed_milpsnap_geant_k16.json,363,22,36,19,18.2515,6.841349114039068e-05,1.336,OPTIMAL
geant,seed_milpsnap_geant_k16.json,364,22,36,17,18.2515,9.881948720278653e-05,0.617,OPTIMAL
geant,seed_milpsnap_geant_k16.json,365,22,36,17,18.2515,6.841349114056352e-05,0.848,OPTIMAL
geant,seed_milpsnap_geant_k16.json,366,22,36,17,18.2515,9.881948720278653e-05,0.725,OPTIMAL
geant,seed_milpsnap_geant_k16.json,367,22,36,18,13.7096,6.481254770966877e-05,0.384,OPTIMAL
geant,seed_milpsnap_geant_k16.json,368,22,36,16,18.2515,6.841349114090918e-05,0.217,OPTIMAL
geant,seed_milpsnap_geant_k16.json,369,22,36,17,13.7096,6.481254770966877e-05,0.334,OPTIMAL
geant,seed_milpsnap_geant_k16.json,370,22,36,16,18.2515,6.841349114090919e-05,0.157,OPTIMAL
geant,seed_milpsnap_geant_k16.json,371,22,36,14,22.7934,7.243810566371626e-05,0.12,OPTIMAL
geant,seed_milpsnap_geant_k16.json,372,22,36,13,22.799,7.24433533224498e-05,0.099,OPTIMAL
geant,seed_milpsnap_geant_k16.json,373,22,36,12,22.7934,7.243810566371626e-05,0.101,OPTIMAL
geant,seed_milpsnap_geant_k16.json,374,22,36,14,22.7934,7.243810566371626e-05,0.116,OPTIMAL
geant,seed_milpsnap_geant_k16.json,375,22,36,13,18.2515,6.841349114090919e-05,0.337,OPTIMAL
geant,seed_milpsnap_geant_k16.json,376,22,36,11,27.3353,7.696583572121286e-05,0.244,OPTIMAL
geant,seed_milpsnap_geant_k16.json,377,22,36,11,22.7934,7.243810566371625e-05,0.227,OPTIMAL
geant,seed_milpsnap_geant_k16.json,378,22,36,14,22.7934,7.243810566353326e-05,0.147,OPTIMAL
geant,seed_milpsnap_geant_k16.json,379,22,36,15,22.7934,7.243810566371625e-05,0.145,OPTIMAL
geant,seed_milpsnap_geant_k16.json,380,22,36,16,22.799,7.244335332281584e-05,0.179,OPTIMAL
geant,seed_milpsnap_geant_k16.json,381,22,36,13,45.5028,6.841583142332915e-05,0.101,OPTIMAL
geant,seed_milpsnap_geant_k16.json,382,22,36,12,45.5028,4.561055428221943e-05,0.094,OPTIMAL
geant,seed_milpsnap_geant_k16.json,383,22,36,15,31.8772,8.209731268122356e-05,0.171,OPTIMAL
geant,seed_milpsnap_geant_k16.json,384,22,36,16,31.8772,8.209731268143096e-05,0.305,OPTIMAL
geant,seed_milpsnap_geant_k16.json,385,22,36,19,31.8772,8.209731268143097e-05,0.208,OPTIMAL
geant,seed_milpsnap_geant_k16.json,386,22,36,20,27.3353,7.696583572101841e-05,0.205,OPTIMAL
geant,seed_milpsnap_geant_k16.json,387,22,36,20,27.3353,7.696583572082398e-05,0.202,OPTIMAL
geant,seed_milpsnap_geant_k16.json,388,22,36,23,22.7934,7.243810566335025e-05,0.293,OPTIMAL
geant,seed_milpsnap_geant_k16.json,389,22,36,22,31.8772,8.209731268184577e-05,0.279,OPTIMAL
geant,seed_milpsnap_geant_k16.json,390,22,36,21,27.3353,7.696583572082397e-05,0.486,OPTIMAL
geant,seed_milpsnap_geant_k16.json,391,22,36,21,13.7096,6.48125477093413e-05,1.066,OPTIMAL
geant,seed_milpsnap_geant_k16.json,392,22,36,19,13.7096,6.481254770917756e-05,1.399,OPTIMAL
geant,seed_milpsnap_geant_k16.json,393,22,36,20,9.1677,6.157172079302521e-05,6.368,OPTIMAL
geant,seed_milpsnap_geant_k16.json,394,22,36,1,81.838,0.0,0.007,OPTIMAL
geant,seed_milpsnap_geant_k16.json,395,22,36,4,59.1341,9.12367136536641e-05,0.037,OPTIMAL
geant,seed_milpsnap_geant_k16.json,396,22,36,6,50.0503,0.0,0.059,OPTIMAL
geant,seed_milpsnap_geant_k16.json,397,22,36,7,40.9665,9.473783934583048e-05,0.077,OPTIMAL
geant,seed_milpsnap_geant_k16.json,398,22,36,10,31.8772,8.209731268143097e-05,0.248,OPTIMAL
geant,seed_milpsnap_geant_k16.json,399,22,36,12,27.3353,7.696583572082398e-05,0.403,OPTIMAL
geant,seed_milpsnap_geant_k16.json,400,22,36,13,27.3353,7.696583572101841e-05,0.4,OPTIMAL
geant,seed_milpsnap_geant_k16.json,401,22,36,14,27.3353,7.696583572101842e-05,0.287,OPTIMAL
geant,seed_milpsnap_geant_k16.json,402,22,36,20,9.1677,6.157172079286967e-05,4.667,OPTIMAL
geant,seed_milpsnap_geant_k16.json,403,22,36,22,9.1677,6.157172079286967e-05,5.319,OPTIMAL
geant,seed_milpsnap_geant_k16.json,404,22,36,23,4.6258,5.8639562158030696e-05,8.774,OPTIMAL
geant,seed_milpsnap_geant_k16.json,405,22,36,24,4.6258,5.863956215788256e-05,7.513,OPTIMAL
geant,seed_milpsnap_geant_k16.json,406,22,36,21,4.6258,5.863956215788256e-05,5.75,OPTIMAL
geant,seed_milpsnap_geant_k16.json,407,22,36,20,4.6258,5.863956215788256e-05,6.022,OPTIMAL
geant,seed_milpsnap_geant_k16.json,408,22,36,22,4.6258,5.863956215788256e-05,7.612,OPTIMAL
geant,seed_milpsnap_geant_k16.json,409,22,36,23,4.6258,5.863956215788256e-05,6.296,OPTIMAL
geant,seed_milpsnap_geant_k16.json,410,22,36,23,9.1677,6.157172079286967e-05,4.991,OPTIMAL
geant,seed_milpsnap_geant_k16.json,411,22,36,21,4.6258,5.8639562158030696e-05,7.354,OPTIMAL
geant,seed_milpsnap_geant_k16.json,412,22,36,21,9.1677,6.157172079302521e-05,0.588,OPTIMAL
geant,seed_milpsnap_geant_k16.json,413,22,36,21,9.1677,6.157172079302521e-05,0.573,OPTIMAL
geant,seed_milpsnap_geant_k16.json,414,22,36,22,4.6258,5.863956215817884e-05,1.127,OPTIMAL
geant,seed_milpsnap_geant_k16.json,415,22,36,23,4.6258,5.863956215817884e-05,1.229,OPTIMAL
geant,seed_milpsnap_geant_k16.json,416,22,36,17,22.799,7.244335332263281e-05,0.24,OPTIMAL
geant,seed_milpsnap_geant_k16.json,417,22,36,15,22.799,7.244335332244981e-05,0.201,OPTIMAL
geant,seed_milpsnap_geant_k16.json,418,22,36,14,22.799,7.244335332263281e-05,0.191,OPTIMAL
geant,seed_milpsnap_geant_k16.json,419,22,36,13,27.3409,7.697175991684732e-05,0.155,OPTIMAL
geant,seed_milpsnap_geant_k16.json,420,22,36,15,22.7934,7.243810566316725e-05,0.358,OPTIMAL
geant,seed_milpsnap_geant_k16.json,421,22,36,15,18.2515,6.841349114056352e-05,0.493,OPTIMAL
geant,seed_milpsnap_geant_k16.json,422,22,36,13,27.3353,7.696583572082397e-05,0.306,OPTIMAL
geant,seed_milpsnap_geant_k16.json,423,22,36,12,31.8772,8.209731268143096e-05,0.114,OPTIMAL
geant,seed_milpsnap_geant_k16.json,424,22,36,13,27.3353,7.696583572121286e-05,0.13,OPTIMAL
geant,seed_milpsnap_geant_k16.json,425,22,36,14,22.7934,9.6584140884162e-05,0.239,OPTIMAL
geant,seed_milpsnap_geant_k16.json,426,22,36,14,22.7934,7.243810566316725e-05,0.179,OPTIMAL
geant,seed_milpsnap_geant_k16.json,427,22,36,14,22.7934,7.243810566316726e-05,0.415,OPTIMAL
geant,seed_milpsnap_geant_k16.json,428,22,36,15,22.7934,7.243810566335025e-05,0.189,OPTIMAL
geant,seed_milpsnap_geant_k16.json,429,22,36,15,22.7934,7.243810566335025e-05,0.199,OPTIMAL
geant,seed_milpsnap_geant_k16.json,430,22,36,16,13.7096,6.481254770950504e-05,0.268,OPTIMAL
geant,seed_milpsnap_geant_k16.json,431,22,36,17,9.1677,6.157172079286967e-05,0.784,OPTIMAL
geant,seed_milpsnap_geant_k16.json,432,22,36,17,9.1677,6.157172079302521e-05,5.401,OPTIMAL
geant,seed_milpsnap_geant_k16.json,433,22,36,15,13.7096,6.481254770950503e-05,0.577,OPTIMAL
geant,seed_milpsnap_geant_k16.json,434,22,36,16,4.6258,5.8639562158326974e-05,4.665,OPTIMAL
geant,seed_milpsnap_geant_k16.json,435,22,36,17,4.6258,5.863956215817884e-05,5.275,OPTIMAL
geant,seed_milpsnap_geant_k16.json,436,22,36,15,4.6258,5.863956215817884e-05,4.051,OPTIMAL
geant,seed_milpsnap_geant_k16.json,437,22,36,13,18.2515,6.841349114073634e-05,1.016,OPTIMAL
geant,seed_milpsnap_geant_k16.json,438,22,36,13,22.7934,7.243810566316725e-05,0.717,OPTIMAL
geant,seed_milpsnap_geant_k16.json,439,22,36,12,27.3353,7.696583572101841e-05,0.228,OPTIMAL
geant,seed_milpsnap_geant_k16.json,440,22,36,10,40.961,9.472886493784261e-05,0.075,OPTIMAL
geant,seed_milpsnap_geant_k16.json,441,22,36,10,31.8772,0.0,0.087,OPTIMAL
geant,seed_milpsnap_geant_k16.json,442,22,36,11,31.8772,8.209731268122356e-05,0.085,OPTIMAL
geant,seed_milpsnap_geant_k16.json,443,22,36,11,27.3353,0.0,0.097,OPTIMAL
geant,seed_milpsnap_geant_k16.json,444,22,36,10,31.8772,8.209731268143096e-05,0.08,OPTIMAL
geant,seed_milpsnap_geant_k16.json,445,22,36,10,27.3353,7.696583572121286e-05,0.098,OPTIMAL
geant,seed_milpsnap_geant_k16.json,446,22,36,11,27.3353,7.696583572121286e-05,0.112,OPTIMAL
geant,seed_milpsnap_geant_k16.json,447,22,36,10,27.3409,0.0,0.121,OPTIMAL
geant,seed_milpsnap_geant_k16.json,448,22,36,11,22.7934,7.243810566335025e-05,0.459,OPTIMAL
geant,seed_milpsnap_geant_k16.json,449,22,36,12,22.7934,7.243810566335025e-05,0.652,OPTIMAL
geant,seed_milpsnap_geant_k16.json,450,22,36,14,22.7934,7.243810566353325e-05,0.399,OPTIMAL
geant,seed_milpsnap_geant_k16.json,451,22,36,12,31.8772,8.209731268143096e-05,0.234,OPTIMAL
geant,seed_milpsnap_geant_k16.json,452,22,36,13,31.8772,8.209731268122356e-05,0.219,OPTIMAL
geant,seed_milpsnap_geant_k16.json,453,22,36,14,31.8772,8.209731268122356e-05,0.266,OPTIMAL
geant,seed_milpsnap_geant_k16.json,454,22,36,14,40.961,9.472886493772294e-05,0.145,OPTIMAL
geant,seed_milpsnap_geant_k16.json,455,22,36,14,40.961,9.47288649376033e-05,0.192,OPTIMAL
geant,seed_milpsnap_geant_k16.json,456,22,36,15,31.8772,8.209731268143096e-05,0.163,OPTIMAL
geant,seed_milpsnap_geant_k16.json,457,22,36,16,31.8772,8.209731268143096e-05,0.11,OPTIMAL
geant,seed_milpsnap_geant_k16.json,458,22,36,18,22.7934,7.243810566389927e-05,0.156,OPTIMAL
geant,seed_milpsnap_geant_k16.json,459,22,36,18,22.7934,7.243810566389927e-05,0.15,OPTIMAL
geant,seed_milpsnap_geant_k16.json,460,22,36,20,13.7096,6.481254770966877e-05,0.265,OPTIMAL
geant,seed_milpsnap_geant_k16.json,461,22,36,18,13.7096,6.481254770950503e-05,0.276,OPTIMAL
geant,seed_milpsnap_geant_k16.json,462,22,36,20,9.1677,6.157172079318077e-05,0.9,OPTIMAL
geant,seed_milpsnap_geant_k16.json,463,22,36,20,9.1677,6.157172079302521e-05,0.783,OPTIMAL
geant,seed_milpsnap_geant_k16.json,464,22,36,20,9.1677,6.157172079318077e-05,1.337,OPTIMAL
geant,seed_milpsnap_geant_k16.json,465,22,36,20,4.6258,5.86395621580307e-05,2.76,OPTIMAL
geant,seed_milpsnap_geant_k16.json,466,22,36,18,13.7096,6.481254770950503e-05,1.325,OPTIMAL
geant,seed_milpsnap_geant_k16.json,467,22,36,19,13.7096,6.48125477093413e-05,5.213,OPTIMAL
geant,seed_milpsnap_geant_k16.json,468,22,36,17,22.7934,7.243810566335025e-05,0.509,OPTIMAL
geant,seed_milpsnap_geant_k16.json,469,22,36,17,22.7934,7.243810566335025e-05,0.539,OPTIMAL
geant,seed_milpsnap_geant_k16.json,470,22,36,16,27.3409,7.697175991665286e-05,0.223,OPTIMAL
geant,seed_milpsnap_geant_k16.json,471,22,36,15,31.8772,8.209731268184577e-05,0.173,OPTIMAL
geant,seed_milpsnap_geant_k16.json,472,22,36,12,31.8772,8.209731268184577e-05,0.136,OPTIMAL
geant,seed_milpsnap_geant_k16.json,473,22,36,13,27.3409,7.69717599168473e-05,0.2,OPTIMAL
geant,seed_milpsnap_geant_k16.json,474,22,36,13,27.3353,7.696583572101841e-05,0.317,OPTIMAL
geant,seed_milpsnap_geant_k16.json,475,22,36,11,36.4191,8.796192226135002e-05,0.142,OPTIMAL
geant,seed_milpsnap_geant_k16.json,476,22,36,12,36.4191,8.796192226135002e-05,0.155,OPTIMAL
geant,seed_milpsnap_geant_k16.json,477,22,36,11,36.4191,8.796192226135002e-05,0.137,OPTIMAL
geant,seed_milpsnap_geant_k16.json,478,22,36,10,40.961,9.472886493772294e-05,0.099,OPTIMAL
geant,seed_milpsnap_geant_k16.json,479,22,36,11,36.4191,8.796192226135002e-05,0.142,OPTIMAL
geant,seed_milpsnap_geant_k16.json,480,22,36,12,22.7934,7.243810566353325e-05,0.181,OPTIMAL
geant,seed_milpsnap_geant_k16.json,481,22,36,13,22.7934,7.243810566335025e-05,0.136,OPTIMAL
geant,seed_milpsnap_geant_k16.json,482,22,36,15,18.2515,6.84134911405635e-05,0.659,OPTIMAL
geant,seed_milpsnap_geant_k16.json,483,22,36,15,18.2515,6.841349114039068e-05,0.407,OPTIMAL
geant,seed_milpsnap_geant_k16.json,484,22,36,15,27.3353,7.696583572121286e-05,0.137,OPTIMAL
geant,seed_milpsnap_geant_k16.json,485,22,36,18,22.7934,7.243810566353326e-05,0.175,OPTIMAL
geant,seed_milpsnap_geant_k16.json,486,22,36,17,27.3297,7.695991243742957e-05,0.14,OPTIMAL
geant,seed_milpsnap_geant_k16.json,487,22,36,14,31.8716,8.209057326638416e-05,0.113,OPTIMAL
geant,seed_milpsnap_geant_k16.json,488,22,36,15,31.8772,8.209731268143096e-05,0.138,OPTIMAL
geant,seed_milpsnap_geant_k16.json,489,22,36,17,27.3353,7.696583572101842e-05,0.171,OPTIMAL
geant,seed_milpsnap_geant_k16.json,490,22,36,19,22.7934,7.243810566335025e-05,0.237,OPTIMAL
geant,seed_milpsnap_geant_k16.json,491,22,36,16,22.7934,7.243810566335025e-05,0.265,OPTIMAL
geant,seed_milpsnap_geant_k16.json,492,22,36,16,27.3353,7.696583572101841e-05,0.22,OPTIMAL
geant,seed_milpsnap_geant_k16.json,493,22,36,15,31.8772,8.209731268163836e-05,0.203,OPTIMAL
geant,seed_milpsnap_geant_k16.json,494,22,36,14,31.8772,8.209731268163836e-05,0.159,OPTIMAL
geant,seed_milpsnap_geant_k16.json,495,22,36,12,31.8772,8.209731268163836e-05,0.152,OPTIMAL
geant,seed_milpsnap_geant_k16.json,496,22,36,14,27.3353,7.696583572082397e-05,0.279,OPTIMAL
geant,seed_milpsnap_geant_k16.json,497,22,36,16,27.3353,7.696583572062955e-05,0.499,OPTIMAL
geant,seed_milpsnap_geant_k16.json,498,22,36,13,31.8772,8.209731268122356e-05,0.231,OPTIMAL
geant,seed_milpsnap_geant_k16.json,499,22,36,15,31.8772,8.209731268122356e-05,0.294,OPTIMAL
geant,seed_milpsnap_geant_k16.json,500,22,36,18,18.2515,6.841349114039068e-05,1.052,OPTIMAL
geant,seed_milpsnap_geant_k16.json,501,22,36,17,18.2515,6.841349114056352e-05,0.521,OPTIMAL
geant,seed_milpsnap_geant_k16.json,502,22,36,17,18.2515,6.841349114073634e-05,0.38,OPTIMAL
geant,seed_milpsnap_geant_k16.json,503,22,36,17,13.7096,6.48125477093413e-05,0.832,OPTIMAL
geant,seed_milpsnap_geant_k16.json,504,22,36,20,9.1677,6.157172079286967e-05,4.082,OPTIMAL
geant,seed_milpsnap_geant_k16.json,505,22,36,21,9.1677,6.157172079286967e-05,4.279,OPTIMAL
geant,seed_milpsnap_geant_k16.json,506,22,36,21,9.1677,6.157172079286967e-05,3.879,OPTIMAL
geant,seed_milpsnap_geant_k16.json,507,22,36,23,9.1677,6.157172079286967e-05,4.248,OPTIMAL
geant,seed_milpsnap_geant_k16.json,508,22,36,21,9.1677,6.157172079286967e-05,3.874,OPTIMAL
geant,seed_milpsnap_geant_k16.json,509,22,36,20,9.1677,6.157172079286967e-05,1.992,OPTIMAL
geant,seed_milpsnap_geant_k16.json,510,22,36,21,13.7096,6.48125477093413e-05,0.56,OPTIMAL
geant,seed_milpsnap_geant_k16.json,511,22,36,21,9.1677,6.157172079286967e-05,3.584,OPTIMAL
geant,seed_milpsnap_geant_k16.json,512,22,36,22,9.1677,6.157172079302521e-05,1.763,OPTIMAL
geant,seed_milpsnap_geant_k16.json,513,22,36,21,13.7096,6.481254770950504e-05,0.564,OPTIMAL
geant,seed_milpsnap_geant_k16.json,514,22,36,22,13.7096,6.481254770966877e-05,0.644,OPTIMAL
geant,seed_milpsnap_geant_k16.json,515,22,36,20,18.2515,6.841349114090919e-05,0.334,OPTIMAL
geant,seed_milpsnap_geant_k16.json,516,22,36,19,13.7096,6.481254770966877e-05,0.256,OPTIMAL
geant,seed_milpsnap_geant_k16.json,517,22,36,18,9.1677,8.893693003392039e-05,1.046,OPTIMAL
geant,seed_milpsnap_geant_k16.json,518,22,36,18,9.1677,8.893693003407593e-05,1.657,OPTIMAL
geant,seed_milpsnap_geant_k16.json,519,22,36,19,9.1677,9.57782323443775e-05,2.961,OPTIMAL
geant,seed_milpsnap_geant_k16.json,520,22,36,18,9.1677,6.157172079318077e-05,0.971,OPTIMAL
geant,seed_milpsnap_geant_k16.json,521,22,36,1,86.3799,0.0,0.015,OPTIMAL
geant,seed_milpsnap_geant_k16.json,522,22,36,2,72.7542,0.0,0.016,OPTIMAL
geant,seed_milpsnap_geant_k16.json,523,22,36,4,59.1285,0.0,0.038,OPTIMAL
geant,seed_milpsnap_geant_k16.json,524,22,36,5,54.5866,0.0,0.046,OPTIMAL
geant,seed_milpsnap_geant_k16.json,525,22,36,6,40.9665,9.47378393458305e-05,0.049,OPTIMAL
geant,seed_milpsnap_geant_k16.json,526,22,36,7,36.4246,8.796966024176555e-05,0.063,OPTIMAL
geant,seed_milpsnap_geant_k16.json,527,22,36,9,27.3353,7.696583572062952e-05,0.244,OPTIMAL
geant,seed_milpsnap_geant_k16.json,528,22,36,11,27.3353,7.696583572101841e-05,0.206,OPTIMAL
geant,seed_milpsnap_geant_k16.json,529,22,36,13,22.7934,7.243810566316725e-05,0.113,OPTIMAL
geant,seed_milpsnap_geant_k16.json,530,22,36,14,18.2515,9.881948720278653e-05,0.099,OPTIMAL
geant,seed_milpsnap_geant_k16.json,531,22,36,15,18.2515,9.881948720278653e-05,0.105,OPTIMAL
geant,seed_milpsnap_geant_k16.json,532,22,36,17,18.2515,9.881948720278653e-05,0.115,OPTIMAL
geant,seed_milpsnap_geant_k16.json,533,22,36,17,13.7096,6.481254770966877e-05,0.229,OPTIMAL
geant,seed_milpsnap_geant_k16.json,534,22,36,17,13.7096,6.481254770966877e-05,0.225,OPTIMAL
geant,seed_milpsnap_geant_k16.json,535,22,36,16,13.7096,9.361812446897577e-05,0.206,OPTIMAL
geant,seed_milpsnap_geant_k16.json,536,22,36,16,18.2515,6.841349114039068e-05,0.151,OPTIMAL
geant,seed_milpsnap_geant_k16.json,537,22,36,15,18.2515,6.84134911405635e-05,0.139,OPTIMAL
geant,seed_milpsnap_geant_k16.json,538,22,36,14,18.2515,6.841349114039068e-05,0.137,OPTIMAL
geant,seed_milpsnap_geant_k16.json,539,22,36,14,22.7934,7.243810566353326e-05,0.122,OPTIMAL
geant,seed_milpsnap_geant_k16.json,540,22,36,13,27.3353,7.696583572121286e-05,0.106,OPTIMAL
geant,seed_milpsnap_geant_k16.json,541,22,36,13,31.8772,0.0,0.082,OPTIMAL
geant,seed_milpsnap_geant_k16.json,542,22,36,14,31.8772,0.0,0.09,OPTIMAL
geant,seed_milpsnap_geant_k16.json,543,22,36,15,22.7934,7.243810566335023e-05,0.136,OPTIMAL
geant,seed_milpsnap_geant_k16.json,544,22,36,14,22.7934,7.243810566389926e-05,0.115,OPTIMAL
geant,seed_milpsnap_geant_k16.json,545,22,36,13,27.3353,7.696583572082397e-05,0.095,OPTIMAL
geant,seed_milpsnap_geant_k16.json,546,22,36,12,27.3353,7.696583572160175e-05,0.139,OPTIMAL
geant,seed_milpsnap_geant_k16.json,547,22,36,13,27.3353,7.696583572062952e-05,0.137,OPTIMAL
geant,seed_milpsnap_geant_k16.json,548,22,36,15,18.2515,6.841349114108201e-05,0.407,OPTIMAL
geant,seed_milpsnap_geant_k16.json,549,22,36,16,18.2515,6.841349114108201e-05,0.27,OPTIMAL
geant,seed_milpsnap_geant_k16.json,550,22,36,15,22.7934,7.243810566371625e-05,0.216,OPTIMAL
geant,seed_milpsnap_geant_k16.json,551,22,36,14,27.3353,7.696583572121286e-05,0.162,OPTIMAL
geant,seed_milpsnap_geant_k16.json,552,22,36,18,18.2515,6.841349114125486e-05,0.179,OPTIMAL
geant,seed_milpsnap_geant_k16.json,553,22,36,19,13.7096,6.481254770950504e-05,0.514,OPTIMAL
geant,seed_milpsnap_geant_k16.json,554,22,36,18,9.1677,6.157172079333631e-05,0.21,OPTIMAL
geant,seed_milpsnap_geant_k16.json,555,22,36,18,9.1677,6.157172079286967e-05,0.908,OPTIMAL
geant,seed_milpsnap_geant_k16.json,556,22,36,16,13.7096,6.481254770966877e-05,0.189,OPTIMAL
geant,seed_milpsnap_geant_k16.json,557,22,36,18,13.7096,6.481254770966877e-05,0.489,OPTIMAL
geant,seed_milpsnap_geant_k16.json,558,22,36,17,18.2515,6.841349114090918e-05,0.213,OPTIMAL
geant,seed_milpsnap_geant_k16.json,559,22,36,20,9.1677,6.157172079302521e-05,0.821,OPTIMAL
geant,seed_milpsnap_geant_k16.json,560,22,36,20,13.7096,6.481254770966877e-05,0.254,OPTIMAL
geant,seed_milpsnap_geant_k16.json,561,22,36,21,13.7096,6.481254770966877e-05,0.273,OPTIMAL
geant,seed_milpsnap_geant_k16.json,562,22,36,20,9.1677,6.157172079302521e-05,5.485,OPTIMAL
geant,seed_milpsnap_geant_k16.json,563,22,36,18,9.1677,6.157172079302521e-05,2.114,OPTIMAL
geant,seed_milpsnap_geant_k16.json,564,22,36,16,13.7152,6.481674864811915e-05,0.429,OPTIMAL
geant,seed_milpsnap_geant_k16.json,565,22,36,15,13.7152,6.481674864795541e-05,0.452,OPTIMAL
geant,seed_milpsnap_geant_k16.json,566,22,36,15,13.7152,6.481674864795541e-05,1.155,OPTIMAL
geant,seed_milpsnap_geant_k16.json,567,22,36,15,9.1733,8.894240637108765e-05,0.88,OPTIMAL
geant,seed_milpsnap_geant_k16.json,568,22,36,16,9.1733,8.894240637108765e-05,1.515,OPTIMAL
geant,seed_milpsnap_geant_k16.json,569,22,36,14,22.7934,7.243810566408226e-05,0.139,OPTIMAL
geant,seed_milpsnap_geant_k16.json,570,22,36,16,22.7934,7.243810566335023e-05,0.115,OPTIMAL
geant,seed_milpsnap_geant_k16.json,571,22,36,16,18.2515,6.841349114125487e-05,0.136,OPTIMAL
geant,seed_milpsnap_geant_k16.json,572,22,36,18,13.7096,6.481254770966877e-05,0.246,OPTIMAL
geant,seed_milpsnap_geant_k16.json,573,22,36,18,9.1677,6.157172079271413e-05,4.04,OPTIMAL
geant,seed_milpsnap_geant_k16.json,574,22,36,17,22.7934,7.243810566316726e-05,0.18,OPTIMAL
geant,seed_milpsnap_geant_k16.json,575,22,36,15,27.3353,7.696583572121286e-05,0.148,OPTIMAL
geant,seed_milpsnap_geant_k16.json,576,22,36,16,27.3353,7.696583572121286e-05,0.156,OPTIMAL
geant,seed_milpsnap_geant_k16.json,577,22,36,17,27.3353,7.696583572121286e-05,0.167,OPTIMAL
geant,seed_milpsnap_geant_k16.json,578,22,36,16,27.3353,7.696583572121286e-05,0.153,OPTIMAL
geant,seed_milpsnap_geant_k16.json,579,22,36,17,27.3353,7.696583572121286e-05,0.184,OPTIMAL
geant,seed_milpsnap_geant_k16.json,580,22,36,18,27.3353,7.696583572121286e-05,0.205,OPTIMAL
geant,seed_milpsnap_geant_k16.json,581,22,36,18,27.3353,7.696583572101841e-05,0.348,OPTIMAL
geant,seed_milpsnap_geant_k16.json,582,22,36,20,18.2515,6.841349114056352e-05,1.018,OPTIMAL
geant,seed_milpsnap_geant_k16.json,583,22,36,21,13.7096,6.48125477093413e-05,2.552,OPTIMAL
geant,seed_milpsnap_geant_k16.json,584,22,36,21,4.6258,5.863956215788256e-05,7.776,OPTIMAL
geant,seed_milpsnap_geant_k16.json,585,22,36,19,9.1677,6.157172079286967e-05,5.903,OPTIMAL
geant,seed_milpsnap_geant_k16.json,586,22,36,17,9.1677,6.157172079302521e-05,4.222,OPTIMAL
geant,seed_milpsnap_geant_k16.json,587,22,36,17,13.7096,6.481254770950503e-05,0.517,OPTIMAL
geant,seed_milpsnap_geant_k16.json,588,22,36,17,13.7096,6.481254770950503e-05,0.459,OPTIMAL
geant,seed_milpsnap_geant_k16.json,589,22,36,19,9.1677,6.157172079302521e-05,0.501,OPTIMAL
geant,seed_milpsnap_geant_k16.json,590,22,36,19,4.6258,5.863956215817884e-05,1.618,OPTIMAL
geant,seed_milpsnap_geant_k16.json,591,22,36,18,4.6258,5.863956215817884e-05,1.413,OPTIMAL
geant,seed_milpsnap_geant_k16.json,592,22,36,18,13.7096,6.481254770983251e-05,0.17,OPTIMAL
geant,seed_milpsnap_geant_k16.json,593,22,36,19,4.6258,5.863956215817884e-05,2.544,OPTIMAL
geant,seed_milpsnap_geant_k16.json,594,22,36,17,9.1677,6.157172079302521e-05,1.174,OPTIMAL
geant,seed_milpsnap_geant_k16.json,595,22,36,17,9.1677,6.157172079286967e-05,1.393,OPTIMAL
geant,seed_milpsnap_geant_k16.json,596,22,36,15,9.1677,6.157172079302521e-05,4.338,OPTIMAL
geant,seed_milpsnap_geant_k16.json,597,22,36,16,13.7152,6.481674864795541e-05,1.201,OPTIMAL
geant,seed_milpsnap_geant_k16.json,598,22,36,17,18.2515,6.84134911405635e-05,5.132,OPTIMAL
geant,seed_milpsnap_geant_k16.json,599,22,36,17,18.2515,6.841349114073634e-05,1.274,OPTIMAL
geant,seed_milpsnap_geant_k16.json,600,22,36,16,18.2515,6.841349114056352e-05,1.566,OPTIMAL
geant,seed_milpsnap_geant_k16.json,601,22,36,15,22.7934,7.243810566316725e-05,0.537,OPTIMAL
geant,seed_milpsnap_geant_k16.json,602,22,36,16,13.7152,6.481674864811915e-05,0.996,OPTIMAL
geant,seed_milpsnap_geant_k16.json,603,22,36,16,9.1733,6.15755121032641e-05,1.088,OPTIMAL
geant,seed_milpsnap_geant_k16.json,604,22,36,18,4.6314,5.86430009579305e-05,3.799,OPTIMAL
geant,seed_milpsnap_geant_k16.json,605,22,36,18,13.7096,9.361812446897577e-05,0.152,OPTIMAL
geant,seed_milpsnap_geant_k16.json,606,22,36,16,18.2515,9.881948720295935e-05,0.118,OPTIMAL
geant,seed_milpsnap_geant_k16.json,607,22,36,18,13.7096,6.481254770999626e-05,0.207,OPTIMAL
geant,seed_milpsnap_geant_k16.json,608,22,36,17,13.7096,6.481254770999626e-05,0.216,OPTIMAL
geant,seed_milpsnap_geant_k16.json,609,22,36,17,13.7096,6.481254770966877e-05,0.639,OPTIMAL
geant,seed_milpsnap_geant_k16.json,610,22,36,15,18.2515,6.841349114073635e-05,0.278,OPTIMAL
geant,seed_milpsnap_geant_k16.json,611,22,36,12,22.799,7.24433533224498e-05,0.236,OPTIMAL
geant,seed_milpsnap_geant_k16.json,612,22,36,12,18.2571,9.882624825161857e-05,0.243,OPTIMAL
geant,seed_milpsnap_geant_k16.json,613,22,36,14,13.7096,9.361812446913949e-05,1.677,OPTIMAL
geant,seed_milpsnap_geant_k16.json,614,22,36,13,22.7934,8.048678407034848e-05,0.609,OPTIMAL
geant,seed_milpsnap_geant_k16.json,615,22,36,15,18.2515,6.841349114073634e-05,0.496,OPTIMAL
geant,seed_milpsnap_geant_k16.json,616,22,36,17,18.2515,6.841349114073635e-05,0.215,OPTIMAL
geant,seed_milpsnap_geant_k16.json,617,22,36,15,18.2515,6.84134911405635e-05,0.166,OPTIMAL
geant,seed_milpsnap_geant_k16.json,618,22,36,14,18.2515,6.841349114073634e-05,0.2,OPTIMAL
geant,seed_milpsnap_geant_k16.json,619,22,36,15,18.2515,6.841349114039068e-05,0.201,OPTIMAL
geant,seed_milpsnap_geant_k16.json,620,22,36,14,13.7096,6.481254770950503e-05,0.661,OPTIMAL
geant,seed_milpsnap_geant_k16.json,621,22,36,15,13.7096,6.48125477093413e-05,0.462,OPTIMAL
geant,seed_milpsnap_geant_k16.json,622,22,36,14,18.2515,6.841349114056352e-05,0.456,OPTIMAL
geant,seed_milpsnap_geant_k16.json,623,22,36,14,18.2515,6.84134911405635e-05,0.152,OPTIMAL
geant,seed_milpsnap_geant_k16.json,624,22,36,16,9.1677,6.157172079302521e-05,0.648,OPTIMAL
geant,seed_milpsnap_geant_k16.json,625,22,36,15,13.7096,6.481254770966877e-05,0.3,OPTIMAL
geant,seed_milpsnap_geant_k16.json,626,22,36,14,22.7934,7.243810566335025e-05,0.145,OPTIMAL
geant,seed_milpsnap_geant_k16.json,627,22,36,16,22.7934,7.243810566316726e-05,0.178,OPTIMAL
geant,seed_milpsnap_geant_k16.json,628,22,36,16,27.3353,7.696583572082398e-05,0.187,OPTIMAL
geant,seed_milpsnap_geant_k16.json,629,22,36,16,27.3353,7.696583572082398e-05,0.17,OPTIMAL
geant,seed_milpsnap_geant_k16.json,630,22,36,13,31.8716,8.209057326659154e-05,0.105,OPTIMAL
geant,seed_milpsnap_geant_k16.json,631,22,36,17,18.2571,6.841817186690404e-05,0.158,OPTIMAL
geant,seed_milpsnap_geant_k16.json,632,22,36,18,13.7096,6.48125477093413e-05,0.234,OPTIMAL
geant,seed_milpsnap_geant_k16.json,633,22,36,19,18.2515,6.841349114056352e-05,0.462,OPTIMAL
geant,seed_milpsnap_geant_k16.json,634,22,36,23,13.7096,6.48125477093413e-05,1.23,OPTIMAL
geant,seed_milpsnap_geant_k16.json,635,22,36,23,18.2515,6.841349114056352e-05,0.795,OPTIMAL
geant,seed_milpsnap_geant_k16.json,636,22,36,22,18.2515,6.841349114056352e-05,0.753,OPTIMAL
geant,seed_milpsnap_geant_k16.json,637,22,36,21,18.2515,9.881948720295935e-05,2.424,OPTIMAL
geant,seed_milpsnap_geant_k16.json,638,22,36,22,18.2515,6.841349114056352e-05,0.825,OPTIMAL
geant,seed_milpsnap_geant_k16.json,639,22,36,22,13.7096,6.481254770950503e-05,0.713,OPTIMAL
geant,seed_milpsnap_geant_k16.json,640,22,36,24,13.7096,6.481254770950503e-05,1.044,OPTIMAL
geant,seed_milpsnap_geant_k16.json,641,22,36,24,13.7096,6.481254770950503e-05,1.001,OPTIMAL
geant,seed_milpsnap_geant_k16.json,642,22,36,23,13.7096,6.481254770950503e-05,0.813,OPTIMAL
geant,seed_milpsnap_geant_k16.json,643,22,36,21,18.2515,6.841349114073635e-05,0.423,OPTIMAL
geant,seed_milpsnap_geant_k16.json,644,22,36,23,9.1677,6.157172079286967e-05,1.539,OPTIMAL
geant,seed_milpsnap_geant_k16.json,645,22,36,19,13.7096,6.481254770950503e-05,0.323,OPTIMAL
geant,seed_milpsnap_geant_k16.json,646,22,36,19,13.7096,6.481254770950503e-05,3.839,OPTIMAL
geant,seed_milpsnap_geant_k16.json,647,22,36,19,13.7096,6.481254770983251e-05,0.758,OPTIMAL
geant,seed_milpsnap_geant_k16.json,648,22,36,16,18.2515,6.841349114073635e-05,0.734,OPTIMAL
geant,seed_milpsnap_geant_k16.json,649,22,36,15,22.7934,7.243810566353326e-05,0.294,OPTIMAL
geant,seed_milpsnap_geant_k16.json,650,22,36,16,22.7934,7.243810566353326e-05,0.346,OPTIMAL
geant,seed_milpsnap_geant_k16.json,651,22,36,16,22.7934,7.243810566353326e-05,0.283,OPTIMAL
geant,seed_milpsnap_geant_k16.json,652,22,36,15,22.7934,7.243810566353326e-05,0.326,OPTIMAL
geant,seed_milpsnap_geant_k16.json,653,22,36,16,22.7934,7.243810566335025e-05,0.557,OPTIMAL
geant,seed_milpsnap_geant_k16.json,654,22,36,16,31.8772,8.209731268163836e-05,0.282,OPTIMAL
geant,seed_milpsnap_geant_k16.json,655,22,36,15,40.961,9.472886493772296e-05,0.118,OPTIMAL
geant,seed_milpsnap_geant_k16.json,656,22,36,14,40.961,9.472886493772296e-05,0.112,OPTIMAL
geant,seed_milpsnap_geant_k16.json,657,22,36,1,90.9218,0.0,0.007,OPTIMAL
geant,seed_milpsnap_geant_k16.json,658,22,36,3,72.7542,0.0,0.023,OPTIMAL
geant,seed_milpsnap_geant_k16.json,659,22,36,7,45.5028,4.561055428234906e-05,0.047,OPTIMAL
geant,seed_milpsnap_geant_k16.json,660,22,36,9,31.8772,8.209731268122356e-05,0.065,OPTIMAL
geant,seed_milpsnap_geant_k16.json,661,22,36,10,22.7934,7.243810566316725e-05,0.16,OPTIMAL
geant,seed_milpsnap_geant_k16.json,662,22,36,15,18.2515,6.841349114056352e-05,0.473,OPTIMAL
geant,seed_milpsnap_geant_k16.json,663,22,36,17,13.7096,6.481254770950503e-05,1.19,OPTIMAL
geant,seed_milpsnap_geant_k16.json,664,22,36,18,13.7096,6.481254770966877e-05,0.518,OPTIMAL
geant,seed_milpsnap_geant_k16.json,665,22,36,20,13.7096,6.481254770950504e-05,0.412,OPTIMAL
geant,seed_milpsnap_geant_k16.json,666,22,36,21,13.7096,6.481254770966877e-05,0.445,OPTIMAL
geant,seed_milpsnap_geant_k16.json,667,22,36,22,13.7096,6.481254770950504e-05,0.46,OPTIMAL
geant,seed_milpsnap_geant_k16.json,668,22,36,23,13.7096,6.481254770983251e-05,0.466,OPTIMAL
geant,seed_milpsnap_geant_k16.json,669,22,36,22,9.1677,6.157172079302521e-05,0.656,OPTIMAL
geant,seed_milpsnap_geant_k16.json,670,22,36,19,9.1677,6.157172079302521e-05,0.576,OPTIMAL
geant,seed_milpsnap_geant_k16.json,671,22,36,19,13.7096,6.48125477093413e-05,0.531,OPTIMAL
geant,seed_milpsnap_geant_k16.json,672,22,36,20,13.7096,6.48125477093413e-05,0.606,OPTIMAL
geant,seed_milpsnap_geant_k16.json,673,22,36,21,13.7096,6.481254770950503e-05,0.54,OPTIMAL
geant,seed_milpsnap_geant_k16.json,674,22,36,17,13.7096,6.48125477093413e-05,3.637,OPTIMAL
geant,seed_milpsnap_geant_k16.json,675,22,36,18,13.7152,6.481674864795541e-05,1.446,OPTIMAL
geant,seed_milpsnap_geant_k16.json,676,22,36,17,18.2571,6.841817186655835e-05,0.725,OPTIMAL
geant,seed_milpsnap_geant_k16.json,677,22,36,16,22.7934,7.243810566316725e-05,0.604,OPTIMAL
geant,seed_milpsnap_geant_k16.json,678,22,36,17,18.2515,6.841349114039068e-05,1.141,OPTIMAL
geant,seed_milpsnap_geant_k16.json,679,22,36,16,27.3353,7.696583572082397e-05,0.229,OPTIMAL
geant,seed_milpsnap_geant_k16.json,680,22,36,16,31.8772,8.209731268163838e-05,0.188,OPTIMAL
geant,seed_milpsnap_geant_k16.json,681,22,36,16,22.7934,7.243810566335025e-05,0.296,OPTIMAL
geant,seed_milpsnap_geant_k16.json,682,22,36,18,18.2515,6.841349114090918e-05,0.499,OPTIMAL
geant,seed_milpsnap_geant_k16.json,683,22,36,18,18.2515,6.841349114073635e-05,0.473,OPTIMAL
geant,seed_milpsnap_geant_k16.json,684,22,36,17,18.2515,9.881948720278653e-05,1.022,OPTIMAL
geant,seed_milpsnap_geant_k16.json,685,22,36,18,18.2515,9.881948720278653e-05,1.522,OPTIMAL
geant,seed_milpsnap_geant_k16.json,686,22,36,18,13.7096,6.481254770917756e-05,1.226,OPTIMAL
geant,seed_milpsnap_geant_k16.json,687,22,36,18,13.7096,6.48125477093413e-05,1.682,OPTIMAL
geant,seed_milpsnap_geant_k16.json,688,22,36,17,9.1733,6.157551210310854e-05,1.287,OPTIMAL
geant,seed_milpsnap_geant_k16.json,689,22,36,18,9.1733,6.1575512102953e-05,1.74,OPTIMAL
geant,seed_milpsnap_geant_k16.json,690,22,36,16,22.7934,7.243810566353326e-05,0.182,OPTIMAL
geant,seed_milpsnap_geant_k16.json,691,22,36,18,13.7096,6.481254770950503e-05,0.879,OPTIMAL
geant,seed_milpsnap_geant_k16.json,692,22,36,18,9.1677,6.157172079286967e-05,1.487,OPTIMAL
geant,seed_milpsnap_geant_k16.json,693,22,36,18,4.6258,5.863956215817884e-05,3.572,OPTIMAL
geant,seed_milpsnap_geant_k16.json,694,22,36,19,9.1677,6.157172079286967e-05,1.129,OPTIMAL
geant,seed_milpsnap_geant_k16.json,695,22,36,20,13.7096,6.481254770950503e-05,0.525,OPTIMAL
geant,seed_milpsnap_geant_k16.json,696,22,36,22,4.6258,5.863956215817884e-05,9.128,OPTIMAL
geant,seed_milpsnap_geant_k16.json,697,22,36,22,4.6258,5.863956215817884e-05,14.489,OPTIMAL
geant,seed_milpsnap_geant_k16.json,698,22,36,23,4.6258,5.86395621580307e-05,11.963,OPTIMAL
geant,seed_milpsnap_geant_k16.json,699,22,36,24,4.6258,5.863956215817884e-05,16.55,OPTIMAL
geant,seed_milpsnap_geant_k16.json,700,22,36,23,4.6258,5.86395621580307e-05,16.855,OPTIMAL
geant,seed_milpsnap_geant_k16.json,701,22,36,25,4.6258,5.86395621580307e-05,21.098,OPTIMAL
geant,seed_milpsnap_geant_k16.json,702,22,36,24,4.6258,5.86395621580307e-05,23.153,OPTIMAL
geant,seed_milpsnap_geant_k16.json,703,22,36,25,4.6258,5.86395621580307e-05,14.528,OPTIMAL
geant,seed_milpsnap_geant_k16.json,704,22,36,24,4.6258,5.863956215817884e-05,11.831,OPTIMAL
geant,seed_milpsnap_geant_k16.json,705,22,36,21,9.1677,6.157172079286967e-05,5.023,OPTIMAL
geant,seed_milpsnap_geant_k16.json,706,22,36,20,18.2515,6.841349114056352e-05,0.798,OPTIMAL
geant,seed_milpsnap_geant_k16.json,707,22,36,21,18.2515,6.841349114056352e-05,1.4,OPTIMAL
geant,seed_milpsnap_geant_k16.json,708,22,36,20,22.7934,7.243810566316725e-05,0.883,OPTIMAL
geant,seed_milpsnap_geant_k16.json,709,22,36,18,22.7934,7.243810566316725e-05,0.579,OPTIMAL
geant,seed_milpsnap_geant_k16.json,710,22,36,15,27.3353,7.69658357214073e-05,0.144,OPTIMAL
geant,seed_milpsnap_geant_k16.json,711,22,36,14,27.3409,7.697175991704177e-05,0.119,OPTIMAL
geant,seed_milpsnap_geant_k16.json,712,22,36,14,27.3409,7.697175991645839e-05,0.476,OPTIMAL
geant,seed_milpsnap_geant_k16.json,713,22,36,12,36.4191,8.796192226101671e-05,0.106,OPTIMAL
geant,seed_milpsnap_geant_k16.json,714,22,36,13,31.8772,8.209731268143097e-05,0.465,OPTIMAL
geant,seed_milpsnap_geant_k16.json,715,22,36,12,27.3353,7.696583572101841e-05,0.157,OPTIMAL
geant,seed_milpsnap_geant_k16.json,716,22,36,14,27.3353,7.696583572101841e-05,0.184,OPTIMAL
geant,seed_milpsnap_geant_k16.json,717,22,36,11,36.4191,8.796192226123892e-05,0.106,OPTIMAL
geant,seed_milpsnap_geant_k16.json,718,22,36,13,31.8772,8.209731268143097e-05,0.12,OPTIMAL
geant,seed_milpsnap_geant_k16.json,719,22,36,14,31.8772,8.209731268143097e-05,0.142,OPTIMAL
geant,seed_milpsnap_geant_k16.json,720,22,36,13,36.4191,8.796192226112781e-05,0.126,OPTIMAL
geant,seed_milpsnap_geant_k16.json,721,22,36,13,40.961,9.472886493772294e-05,0.117,OPTIMAL
geant,seed_milpsnap_geant_k16.json,722,22,36,15,36.4191,8.796192226112781e-05,0.152,OPTIMAL
geant,seed_milpsnap_geant_k16.json,723,22,36,16,27.3353,7.696583572082398e-05,0.262,OPTIMAL
geant,seed_milpsnap_geant_k16.json,724,22,36,18,22.7934,7.243810566316725e-05,0.342,OPTIMAL
geant,seed_milpsnap_geant_k16.json,725,22,36,20,18.2515,6.84134911405635e-05,0.243,OPTIMAL
geant,seed_milpsnap_geant_k16.json,726,22,36,21,18.2515,6.84134911405635e-05,0.589,OPTIMAL
geant,seed_milpsnap_geant_k16.json,727,22,36,22,13.7096,6.48125477093413e-05,1.982,OPTIMAL
geant,seed_milpsnap_geant_k16.json,728,22,36,20,13.7096,6.481254770917756e-05,1.837,OPTIMAL
geant,seed_milpsnap_geant_k16.json,729,22,36,20,13.7096,6.48125477093413e-05,0.703,OPTIMAL
geant,seed_milpsnap_geant_k16.json,730,22,36,23,13.7096,6.481254770950503e-05,0.587,OPTIMAL
geant,seed_milpsnap_geant_k16.json,731,22,36,24,13.7096,6.481254770950503e-05,0.7,OPTIMAL
geant,seed_milpsnap_geant_k16.json,732,22,36,22,13.7096,6.481254770950503e-05,0.808,OPTIMAL
geant,seed_milpsnap_geant_k16.json,733,22,36,24,9.1677,6.157172079302521e-05,0.565,OPTIMAL
geant,seed_milpsnap_geant_k16.json,734,22,36,24,4.6258,5.863956215817884e-05,2.821,OPTIMAL
geant,seed_milpsnap_geant_k16.json,735,22,36,23,4.6258,5.863956215817884e-05,2.08,OPTIMAL
geant,seed_milpsnap_geant_k16.json,736,22,36,21,9.1677,6.157172079302521e-05,0.46,OPTIMAL
geant,seed_milpsnap_geant_k16.json,737,22,36,19,13.7096,9.361812446913949e-05,0.138,OPTIMAL
geant,seed_milpsnap_geant_k16.json,738,22,36,19,13.7096,9.361812446913949e-05,0.138,OPTIMAL
geant,seed_milpsnap_geant_k16.json,739,22,36,17,18.2571,9.882624825161857e-05,0.138,OPTIMAL
geant,seed_milpsnap_geant_k16.json,740,22,36,19,18.2515,6.841349114073634e-05,0.279,OPTIMAL
geant,seed_milpsnap_geant_k16.json,741,22,36,19,13.7096,6.481254770950503e-05,0.344,OPTIMAL
geant,seed_milpsnap_geant_k16.json,742,22,36,20,13.7096,6.481254770950503e-05,0.313,OPTIMAL
geant,seed_milpsnap_geant_k16.json,743,22,36,19,13.7096,6.481254770966877e-05,1.373,OPTIMAL
geant,seed_milpsnap_geant_k16.json,744,22,36,20,13.7096,6.481254770950503e-05,1.323,OPTIMAL
geant,seed_milpsnap_geant_k16.json,745,22,36,17,18.2571,6.841817186655835e-05,0.709,OPTIMAL
geant,seed_milpsnap_geant_k16.json,746,22,36,16,18.2571,6.841817186655835e-05,0.826,OPTIMAL
geant,seed_milpsnap_geant_k16.json,747,22,36,17,18.2571,6.841817186655835e-05,0.589,OPTIMAL
geant,seed_milpsnap_geant_k16.json,748,22,36,15,18.2515,6.841349114056352e-05,1.471,OPTIMAL
geant,seed_milpsnap_geant_k16.json,749,22,36,16,13.7096,6.481254770950503e-05,0.68,OPTIMAL
geant,seed_milpsnap_geant_k16.json,750,22,36,17,13.7096,6.481254770966877e-05,1.052,OPTIMAL
geant,seed_milpsnap_geant_k16.json,751,22,36,18,13.7096,6.481254770966877e-05,1.193,OPTIMAL
geant,seed_milpsnap_geant_k16.json,752,22,36,19,13.7096,6.481254770966877e-05,1.171,OPTIMAL
geant,seed_milpsnap_geant_k16.json,753,22,36,20,18.2515,9.881948720278653e-05,0.517,OPTIMAL
geant,seed_milpsnap_geant_k16.json,754,22,36,19,22.7934,7.243810566316725e-05,0.32,OPTIMAL
geant,seed_milpsnap_geant_k16.json,755,22,36,16,27.3353,7.696583572082397e-05,0.297,OPTIMAL
geant,seed_milpsnap_geant_k16.json,756,22,36,15,27.3353,7.696583572082397e-05,0.196,OPTIMAL
geant,seed_milpsnap_geant_k16.json,757,22,36,16,27.3353,7.696583572082397e-05,0.289,OPTIMAL
geant,seed_milpsnap_geant_k16.json,758,22,36,15,27.3353,7.696583572082397e-05,0.431,OPTIMAL
geant,seed_milpsnap_geant_k16.json,759,22,36,15,27.3353,7.696583572082397e-05,0.312,OPTIMAL
geant,seed_milpsnap_geant_k16.json,760,22,36,16,22.7934,7.243810566298425e-05,0.424,OPTIMAL
geant,seed_milpsnap_geant_k16.json,761,22,36,17,22.7934,7.243810566316725e-05,0.576,OPTIMAL
geant,seed_milpsnap_geant_k16.json,762,22,36,17,27.3353,7.696583572101841e-05,0.281,OPTIMAL
geant,seed_milpsnap_geant_k16.json,763,22,36,18,27.3353,7.696583572101841e-05,0.203,OPTIMAL
geant,seed_milpsnap_geant_k16.json,764,22,36,17,31.8772,8.209731268143096e-05,0.163,OPTIMAL
geant,seed_milpsnap_geant_k16.json,765,22,36,16,31.8772,8.209731268163836e-05,0.147,OPTIMAL
geant,seed_milpsnap_geant_k16.json,766,22,36,17,31.8772,8.209731268143096e-05,0.169,OPTIMAL
geant,seed_milpsnap_geant_k16.json,767,22,36,16,36.4191,0.0,0.143,OPTIMAL
geant,seed_milpsnap_geant_k16.json,768,22,36,15,27.3353,7.696583572101841e-05,0.139,OPTIMAL
geant,seed_milpsnap_geant_k16.json,769,22,36,16,22.7934,7.243810566316725e-05,0.156,OPTIMAL
geant,seed_milpsnap_geant_k16.json,770,22,36,18,18.2515,6.841349114090918e-05,0.241,OPTIMAL
geant,seed_milpsnap_geant_k16.json,771,22,36,17,18.2571,9.882624825161857e-05,0.314,OPTIMAL
geant,seed_milpsnap_geant_k16.json,772,22,36,18,13.7096,6.481254770950503e-05,0.56,OPTIMAL
geant,seed_milpsnap_geant_k16.json,773,22,36,19,9.1677,6.157172079286967e-05,5.213,OPTIMAL
geant,seed_milpsnap_geant_k16.json,774,22,36,19,9.1677,6.157172079286967e-05,4.268,OPTIMAL
geant,seed_milpsnap_geant_k16.json,775,22,36,20,9.1677,6.157172079302521e-05,5.402,OPTIMAL
geant,seed_milpsnap_geant_k16.json,776,22,36,19,13.7096,6.481254770950503e-05,0.572,OPTIMAL
geant,seed_milpsnap_geant_k16.json,777,22,36,18,13.7096,6.481254770950503e-05,2.914,OPTIMAL
geant,seed_milpsnap_geant_k16.json,778,22,36,19,9.1677,6.157172079302521e-05,4.878,OPTIMAL
geant,seed_milpsnap_geant_k16.json,779,22,36,19,9.1677,6.157172079302521e-05,5.688,OPTIMAL
geant,seed_milpsnap_geant_k16.json,780,22,36,17,13.7096,6.481254770950503e-05,5.277,OPTIMAL
geant,seed_milpsnap_geant_k16.json,781,22,36,19,18.2515,6.841349114090919e-05,0.21,OPTIMAL
geant,seed_milpsnap_geant_k16.json,782,22,36,20,18.2515,6.841349114108201e-05,0.22,OPTIMAL
geant,seed_milpsnap_geant_k16.json,783,22,36,21,18.2515,6.841349114108201e-05,0.221,OPTIMAL
geant,seed_milpsnap_geant_k16.json,784,22,36,21,9.1677,6.157172079318077e-05,0.26,OPTIMAL
geant,seed_milpsnap_geant_k16.json,785,22,36,19,9.1677,6.157172079318077e-05,0.941,OPTIMAL
geant,seed_milpsnap_geant_k16.json,786,22,36,20,9.1677,6.157172079302521e-05,1.005,OPTIMAL
geant,seed_milpsnap_geant_k16.json,787,22,36,19,9.1677,8.893693003423148e-05,3.04,OPTIMAL
geant,seed_milpsnap_geant_k16.json,788,22,36,20,9.1677,6.157172079286967e-05,2.65,OPTIMAL
geant,seed_milpsnap_geant_k16.json,789,22,36,20,9.1677,9.57782323443775e-05,2.397,OPTIMAL
geant,seed_milpsnap_geant_k16.json,790,22,36,20,9.1677,9.577823234422196e-05,2.214,OPTIMAL
geant,seed_milpsnap_geant_k16.json,791,22,36,1,90.9218,0.0,0.007,OPTIMAL
geant,seed_milpsnap_geant_k16.json,792,22,36,2,77.2961,0.0,0.016,OPTIMAL
geant,seed_milpsnap_geant_k16.json,793,22,36,5,54.5866,0.0,0.041,OPTIMAL
geant,seed_milpsnap_geant_k16.json,794,22,36,8,50.0447,0.0,0.066,OPTIMAL
geant,seed_milpsnap_geant_k16.json,795,22,36,9,40.961,9.47288649376033e-05,0.09,OPTIMAL
geant,seed_milpsnap_geant_k16.json,796,22,36,10,31.8772,8.209731268143096e-05,0.125,OPTIMAL
geant,seed_milpsnap_geant_k16.json,797,22,36,12,27.3353,7.696583572101841e-05,0.148,OPTIMAL
geant,seed_milpsnap_geant_k16.json,798,22,36,14,22.7934,7.243810566335023e-05,0.273,OPTIMAL
geant,seed_milpsnap_geant_k16.json,799,22,36,15,22.7934,7.243810566335025e-05,0.421,OPTIMAL
geant,seed_milpsnap_geant_k16.json,800,22,36,17,18.2515,6.841349114056352e-05,0.57,OPTIMAL
geant,seed_milpsnap_geant_k16.json,801,22,36,18,18.2515,6.841349114056352e-05,0.664,OPTIMAL
geant,seed_milpsnap_geant_k16.json,802,22,36,17,22.7934,7.243810566335025e-05,0.2,OPTIMAL
geant,seed_milpsnap_geant_k16.json,803,22,36,15,27.3353,7.696583572082398e-05,0.204,OPTIMAL
geant,seed_milpsnap_geant_k16.json,804,22,36,17,18.2515,6.841349114056352e-05,0.691,OPTIMAL
geant,seed_milpsnap_geant_k16.json,805,22,36,18,18.2515,6.841349114056352e-05,0.678,OPTIMAL
geant,seed_milpsnap_geant_k16.json,806,22,36,19,9.1677,6.157172079286967e-05,7.456,OPTIMAL
geant,seed_milpsnap_geant_k16.json,807,22,36,18,13.7096,6.48125477093413e-05,4.242,OPTIMAL
geant,seed_milpsnap_geant_k16.json,808,22,36,17,13.7152,6.481674864779165e-05,1.466,OPTIMAL
geant,seed_milpsnap_geant_k16.json,809,22,36,18,9.1733,6.157551210310854e-05,1.627,OPTIMAL
geant,seed_milpsnap_geant_k16.json,810,22,36,19,4.6314,5.86430009579305e-05,4.908,OPTIMAL
geant,seed_milpsnap_geant_k16.json,811,22,36,18,9.1677,6.157172079302521e-05,0.8,OPTIMAL
geant,seed_milpsnap_geant_k16.json,812,22,36,20,9.1677,6.157172079302521e-05,0.555,OPTIMAL
geant,seed_milpsnap_geant_k16.json,813,22,36,20,13.7096,6.481254770950503e-05,1.531,OPTIMAL
geant,seed_milpsnap_geant_k16.json,814,22,36,19,18.2515,6.841349114073634e-05,0.773,OPTIMAL
geant,seed_milpsnap_geant_k16.json,815,22,36,18,9.1733,8.894240637108765e-05,1.353,OPTIMAL
geant,seed_milpsnap_geant_k16.json,816,22,36,20,9.1677,6.157172079286967e-05,5.23,OPTIMAL
geant,seed_milpsnap_geant_k16.json,817,22,36,21,9.1677,6.157172079302521e-05,0.644,OPTIMAL
geant,seed_milpsnap_geant_k16.json,818,22,36,21,4.6258,5.8639562158030696e-05,10.784,OPTIMAL
geant,seed_milpsnap_geant_k16.json,819,22,36,21,9.1677,6.157172079286967e-05,7.121,OPTIMAL
geant,seed_milpsnap_geant_k16.json,820,22,36,21,9.1677,6.157172079286967e-05,6.144,OPTIMAL
geant,seed_milpsnap_geant_k16.json,821,22,36,22,9.1677,6.157172079286967e-05,5.419,OPTIMAL
geant,seed_milpsnap_geant_k16.json,822,22,36,22,9.1677,6.157172079286967e-05,7.33,OPTIMAL
geant,seed_milpsnap_geant_k16.json,823,22,36,23,9.1677,6.157172079286967e-05,8.096,OPTIMAL
geant,seed_milpsnap_geant_k16.json,824,22,36,24,9.1677,6.157172079286967e-05,9.101,OPTIMAL
geant,seed_milpsnap_geant_k16.json,825,22,36,24,13.7096,6.48125477093413e-05,3.226,OPTIMAL
geant,seed_milpsnap_geant_k16.json,826,22,36,23,13.7096,6.481254770917756e-05,11.694,OPTIMAL
geant,seed_milpsnap_geant_k16.json,827,22,36,20,13.7096,6.48125477093413e-05,6.419,OPTIMAL
geant,seed_milpsnap_geant_k16.json,828,22,36,22,4.6258,5.8639562158030696e-05,20.877,OPTIMAL
geant,seed_milpsnap_geant_k16.json,829,22,36,22,9.1677,6.157172079286967e-05,11.363,OPTIMAL
geant,seed_milpsnap_geant_k16.json,830,22,36,20,13.7096,6.48125477093413e-05,2.123,OPTIMAL
geant,seed_milpsnap_geant_k16.json,831,22,36,20,13.7096,6.48125477093413e-05,3.304,OPTIMAL
geant,seed_milpsnap_geant_k16.json,832,22,36,20,9.1677,6.157172079286967e-05,13.573,OPTIMAL
geant,seed_milpsnap_geant_k16.json,833,22,36,19,18.2515,6.84134911405635e-05,2.791,OPTIMAL
geant,seed_milpsnap_geant_k16.json,834,22,36,18,18.2515,6.841349114056352e-05,3.295,OPTIMAL
geant,seed_milpsnap_geant_k16.json,835,22,36,17,22.7934,7.243810566335025e-05,1.209,OPTIMAL
geant,seed_milpsnap_geant_k16.json,836,22,36,17,22.7934,7.243810566335025e-05,0.58,OPTIMAL
geant,seed_milpsnap_geant_k16.json,837,22,36,17,22.7934,7.243810566335025e-05,0.644,OPTIMAL
geant,seed_milpsnap_geant_k16.json,838,22,36,15,22.7934,7.243810566316725e-05,1.743,OPTIMAL
geant,seed_milpsnap_geant_k16.json,839,22,36,15,27.3353,7.696583572062955e-05,0.646,OPTIMAL
geant,seed_milpsnap_geant_k16.json,840,22,36,15,31.8772,8.209731268122356e-05,0.226,OPTIMAL
geant,seed_milpsnap_geant_k16.json,841,22,36,12,36.4191,8.796192226112781e-05,0.177,OPTIMAL
geant,seed_milpsnap_geant_k16.json,842,22,36,11,36.4246,0.0,0.15,OPTIMAL
geant,seed_milpsnap_geant_k16.json,843,22,36,11,31.8828,8.21040532033518e-05,0.186,OPTIMAL
geant,seed_milpsnap_geant_k16.json,844,22,36,11,27.3409,9.40765954536436e-05,0.188,OPTIMAL
geant,seed_milpsnap_geant_k16.json,845,22,36,9,27.3409,7.697175991665284e-05,0.153,OPTIMAL
geant,seed_milpsnap_geant_k16.json,846,22,36,9,31.8772,8.209731268122356e-05,0.259,OPTIMAL
geant,seed_milpsnap_geant_k16.json,847,22,36,10,31.8772,8.209731268184577e-05,0.12,OPTIMAL
geant,seed_milpsnap_geant_k16.json,848,22,36,12,31.8772,8.209731268184577e-05,0.163,OPTIMAL
geant,seed_milpsnap_geant_k16.json,849,22,36,13,36.4191,8.796192226135002e-05,0.459,OPTIMAL
geant,seed_milpsnap_geant_k16.json,850,22,36,14,22.799,7.24433533224498e-05,1.264,OPTIMAL
geant,seed_milpsnap_geant_k16.json,851,22,36,13,27.3353,7.696583572082398e-05,0.76,OPTIMAL
geant,seed_milpsnap_geant_k16.json,852,22,36,14,27.3353,7.696583572082398e-05,0.427,OPTIMAL
geant,seed_milpsnap_geant_k16.json,853,22,36,15,27.3353,7.696583572101841e-05,0.877,OPTIMAL
geant,seed_milpsnap_geant_k16.json,854,22,36,14,22.7934,7.243810566353325e-05,0.503,OPTIMAL
geant,seed_milpsnap_geant_k16.json,855,22,36,15,22.7934,7.243810566335025e-05,0.773,OPTIMAL
geant,seed_milpsnap_geant_k16.json,856,22,36,14,22.7934,7.243810566353325e-05,0.418,OPTIMAL
geant,seed_milpsnap_geant_k16.json,857,22,36,14,22.7934,7.243810566298425e-05,1.5,OPTIMAL
geant,seed_milpsnap_geant_k16.json,858,22,36,18,22.7934,7.243810566298425e-05,1.6,OPTIMAL
geant,seed_milpsnap_geant_k16.json,859,22,36,19,22.7934,7.243810566316725e-05,1.409,OPTIMAL
geant,seed_milpsnap_geant_k16.json,860,22,36,19,22.7934,7.243810566298425e-05,1.47,OPTIMAL
geant,seed_milpsnap_geant_k16.json,861,22,36,18,22.7934,7.243810566298425e-05,0.927,OPTIMAL
geant,seed_milpsnap_geant_k16.json,862,22,36,16,31.8772,8.209731268163836e-05,0.68,OPTIMAL
geant,seed_milpsnap_geant_k16.json,863,22,36,16,27.3353,7.696583572082397e-05,0.931,OPTIMAL
geant,seed_milpsnap_geant_k16.json,864,22,36,15,31.8772,8.209731268143097e-05,0.445,OPTIMAL
geant,seed_milpsnap_geant_k16.json,865,22,36,13,36.4191,8.796192226123892e-05,0.462,OPTIMAL
geant,seed_milpsnap_geant_k16.json,866,22,36,13,40.961,9.472886493772296e-05,0.299,OPTIMAL
geant,seed_milpsnap_geant_k16.json,867,22,36,14,36.4191,8.796192226123892e-05,0.487,OPTIMAL
geant,seed_milpsnap_geant_k16.json,868,22,36,16,22.7934,7.243810566316725e-05,1.197,OPTIMAL
geant,seed_milpsnap_geant_k16.json,869,22,36,16,22.7934,7.243810566316725e-05,1.159,OPTIMAL
geant,seed_milpsnap_geant_k16.json,870,22,36,17,13.7096,6.48125477093413e-05,2.482,OPTIMAL
geant,seed_milpsnap_geant_k16.json,871,22,36,15,13.7096,6.481254770917756e-05,1.831,OPTIMAL
geant,seed_milpsnap_geant_k16.json,872,22,36,14,18.2515,6.841349114090918e-05,0.424,OPTIMAL
geant,seed_milpsnap_geant_k16.json,873,22,36,16,22.7934,7.243810566335023e-05,0.166,OPTIMAL
geant,seed_milpsnap_geant_k16.json,874,22,36,16,22.7934,7.243810566335025e-05,0.365,OPTIMAL
geant,seed_milpsnap_geant_k16.json,875,22,36,18,22.7934,7.243810566335025e-05,0.519,OPTIMAL
geant,seed_milpsnap_geant_k16.json,876,22,36,16,22.7934,7.243810566335025e-05,0.399,OPTIMAL
geant,seed_milpsnap_geant_k16.json,877,22,36,17,22.7934,7.243810566335025e-05,0.341,OPTIMAL
geant,seed_milpsnap_geant_k16.json,878,22,36,18,22.7934,7.243810566316725e-05,0.34,OPTIMAL
geant,seed_milpsnap_geant_k16.json,879,22,36,17,22.7934,7.243810566353325e-05,0.286,OPTIMAL
geant,seed_milpsnap_geant_k16.json,880,22,36,16,22.7934,7.243810566335025e-05,0.251,OPTIMAL
geant,seed_milpsnap_geant_k16.json,881,22,36,16,27.3353,7.696583572101841e-05,0.301,OPTIMAL
geant,seed_milpsnap_geant_k16.json,882,22,36,16,27.3353,7.696583572082398e-05,0.559,OPTIMAL
geant,seed_milpsnap_geant_k16.json,883,22,36,17,27.3353,7.696583572101841e-05,0.649,OPTIMAL
geant,seed_milpsnap_geant_k16.json,884,22,36,16,27.3353,7.696583572101841e-05,0.601,OPTIMAL
geant,seed_milpsnap_geant_k16.json,885,22,36,14,31.8772,8.209731268143097e-05,0.472,OPTIMAL
geant,seed_milpsnap_geant_k16.json,886,22,36,13,31.8772,8.209731268163836e-05,0.489,OPTIMAL
geant,seed_milpsnap_geant_k16.json,887,22,36,10,40.961,9.472886493784261e-05,0.142,OPTIMAL
geant,seed_milpsnap_geant_k16.json,888,22,36,10,36.4191,0.0,0.354,OPTIMAL
geant,seed_milpsnap_geant_k16.json,889,22,36,9,36.4246,8.796966024165445e-05,0.284,OPTIMAL
geant,seed_milpsnap_geant_k16.json,890,22,36,8,40.9665,9.473783934571083e-05,0.124,OPTIMAL
geant,seed_milpsnap_geant_k16.json,891,22,36,8,31.8828,8.210405320355922e-05,0.14,OPTIMAL
geant,seed_milpsnap_geant_k16.json,892,22,36,10,22.799,9.65911377632054e-05,0.709,OPTIMAL
geant,seed_milpsnap_geant_k16.json,893,22,36,8,27.3409,7.697175991645839e-05,0.299,OPTIMAL
geant,seed_milpsnap_geant_k16.json,894,22,36,7,36.4246,8.796966024165445e-05,0.103,OPTIMAL
geant,seed_milpsnap_geant_k16.json,895,22,36,6,40.9665,9.473783934559117e-05,0.07,OPTIMAL
geant,seed_milpsnap_geant_k16.json,896,22,36,6,36.4246,8.796966024154332e-05,0.088,OPTIMAL
geant,seed_milpsnap_geant_k16.json,897,22,36,7,36.4246,8.796966024154332e-05,0.102,OPTIMAL
geant,seed_milpsnap_geant_k16.json,898,22,36,6,45.5084,0.0,0.139,OPTIMAL
geant,seed_milpsnap_geant_k16.json,899,22,36,5,54.5866,0.0,0.102,OPTIMAL
geant,seed_milpsnap_geant_k16.json,900,22,36,6,50.0447,0.0,0.115,OPTIMAL
geant,seed_milpsnap_geant_k16.json,901,22,36,7,50.0447,0.0,0.135,OPTIMAL
geant,seed_milpsnap_geant_k16.json,902,22,36,6,63.6704,6.841934214796302e-05,0.072,OPTIMAL
geant,seed_milpsnap_geant_k16.json,903,22,36,6,59.1285,6.081615277012044e-05,0.069,OPTIMAL
geant,seed_milpsnap_geant_k16.json,904,22,36,7,54.5866,5.473378853611377e-05,0.061,OPTIMAL
geant,seed_milpsnap_geant_k16.json,905,22,36,9,40.961,9.472886493772296e-05,0.123,OPTIMAL
geant,seed_milpsnap_geant_k16.json,906,22,36,12,36.4191,8.796192226112781e-05,0.183,OPTIMAL
geant,seed_milpsnap_geant_k16.json,907,22,36,12,27.3409,7.697175991645839e-05,0.138,OPTIMAL
geant,seed_milpsnap_geant_k16.json,908,22,36,12,22.7934,7.243810566316725e-05,0.42,OPTIMAL
geant,seed_milpsnap_geant_k16.json,909,22,36,15,22.7934,7.243810566316725e-05,0.401,OPTIMAL
geant,seed_milpsnap_geant_k16.json,910,22,36,16,18.2515,6.841349114073635e-05,1.736,OPTIMAL
geant,seed_milpsnap_geant_k16.json,911,22,36,18,18.2515,6.841349114090918e-05,0.819,OPTIMAL
geant,seed_milpsnap_geant_k16.json,912,22,36,21,13.7096,6.48125477093413e-05,6.286,OPTIMAL
geant,seed_milpsnap_geant_k16.json,913,22,36,21,13.7096,6.481254770950503e-05,5.964,OPTIMAL
geant,seed_milpsnap_geant_k16.json,914,22,36,21,13.7096,6.481254770966877e-05,0.789,OPTIMAL
geant,seed_milpsnap_geant_k16.json,915,22,36,20,13.7096,6.481254770966877e-05,0.882,OPTIMAL
geant,seed_milpsnap_geant_k16.json,916,22,36,19,13.7096,6.481254770966877e-05,1.062,OPTIMAL
geant,seed_milpsnap_geant_k16.json,917,22,36,1,81.838,0.0,0.013,OPTIMAL
geant,seed_milpsnap_geant_k16.json,918,22,36,3,68.2179,0.0,0.035,OPTIMAL
geant,seed_milpsnap_geant_k16.json,919,22,36,6,45.5028,0.0,0.069,OPTIMAL
geant,seed_milpsnap_geant_k16.json,920,22,36,8,40.961,9.472886493748365e-05,0.099,OPTIMAL
geant,seed_milpsnap_geant_k16.json,921,22,36,9,36.4191,8.796192226112781e-05,0.137,OPTIMAL
geant,seed_milpsnap_geant_k16.json,922,22,36,11,27.3353,7.696583572121286e-05,0.174,OPTIMAL
geant,seed_milpsnap_geant_k16.json,923,22,36,12,27.3353,7.696583572121286e-05,0.206,OPTIMAL
geant,seed_milpsnap_geant_k16.json,924,22,36,13,18.2515,6.841349114108201e-05,0.205,OPTIMAL
geant,seed_milpsnap_geant_k16.json,925,22,36,14,9.1677,6.157172079302521e-05,0.51,OPTIMAL
geant,seed_milpsnap_geant_k16.json,926,22,36,14,13.7096,6.481254770966877e-05,0.292,OPTIMAL
geant,seed_milpsnap_geant_k16.json,927,22,36,17,9.1677,6.157172079318077e-05,2.42,OPTIMAL
geant,seed_milpsnap_geant_k16.json,928,22,36,19,0.0839,5.59739783196443e-05,31.812,OPTIMAL
geant,seed_milpsnap_geant_k16.json,929,22,36,20,0.0839,5.59739783196443e-05,39.775,OPTIMAL
geant,seed_milpsnap_geant_k16.json,930,22,36,18,0.0839,5.59739783195029e-05,19.908,OPTIMAL
geant,seed_milpsnap_geant_k16.json,931,22,36,16,13.7152,6.481674864795541e-05,0.499,OPTIMAL
geant,seed_milpsnap_geant_k16.json,932,22,36,14,13.7152,6.481674864795541e-05,0.339,OPTIMAL
geant,seed_milpsnap_geant_k16.json,933,22,36,16,13.7096,6.481254770950503e-05,1.009,OPTIMAL
geant,seed_milpsnap_geant_k16.json,934,22,36,15,13.7096,6.48125477093413e-05,2.148,OPTIMAL
geant,seed_milpsnap_geant_k16.json,935,22,36,14,18.2515,9.881948720278653e-05,1.177,OPTIMAL
geant,seed_milpsnap_geant_k16.json,936,22,36,17,9.1677,6.157172079286967e-05,2.757,OPTIMAL
geant,seed_milpsnap_geant_k16.json,937,22,36,18,4.6258,5.863956215788256e-05,16.581,OPTIMAL
geant,seed_milpsnap_geant_k16.json,938,22,36,17,4.6258,5.8639562158030696e-05,23.255,OPTIMAL
geant,seed_milpsnap_geant_k16.json,939,22,36,15,18.2515,6.841349114056352e-05,2.261,OPTIMAL
geant,seed_milpsnap_geant_k16.json,940,22,36,13,27.3353,7.696583572082397e-05,0.863,OPTIMAL
geant,seed_milpsnap_geant_k16.json,941,22,36,14,22.7934,7.243810566335025e-05,0.431,OPTIMAL
geant,seed_milpsnap_geant_k16.json,942,22,36,15,18.2515,6.841349114056352e-05,0.812,OPTIMAL
geant,seed_milpsnap_geant_k16.json,943,22,36,17,9.1677,6.157172079286967e-05,2.465,OPTIMAL
geant,seed_milpsnap_geant_k16.json,944,22,36,16,9.1677,6.157172079286967e-05,1.764,OPTIMAL
geant,seed_milpsnap_geant_k16.json,945,22,36,14,13.7096,6.48125477093413e-05,1.698,OPTIMAL
geant,seed_milpsnap_geant_k16.json,946,22,36,13,13.7096,6.48125477093413e-05,1.383,OPTIMAL
geant,seed_milpsnap_geant_k16.json,947,22,36,16,13.7096,6.481254770950503e-05,2.068,OPTIMAL
geant,seed_milpsnap_geant_k16.json,948,22,36,17,13.7096,6.48125477093413e-05,1.371,OPTIMAL
geant,seed_milpsnap_geant_k16.json,949,22,36,14,22.7934,7.243810566335025e-05,0.369,OPTIMAL
geant,seed_milpsnap_geant_k16.json,950,22,36,13,27.3353,7.696583572082397e-05,0.297,OPTIMAL
geant,seed_milpsnap_geant_k16.json,951,22,36,14,22.7934,7.243810566335025e-05,0.375,OPTIMAL
geant,seed_milpsnap_geant_k16.json,952,22,36,15,18.2515,6.841349114056352e-05,1.675,OPTIMAL
geant,seed_milpsnap_geant_k16.json,953,22,36,16,13.7096,6.48125477093413e-05,6.323,OPTIMAL
geant,seed_milpsnap_geant_k16.json,954,22,36,14,18.2515,6.841349114073634e-05,2.208,OPTIMAL
geant,seed_milpsnap_geant_k16.json,955,22,36,13,22.7934,7.243810566335025e-05,1.54,OPTIMAL
geant,seed_milpsnap_geant_k16.json,956,22,36,11,22.7934,7.243810566353325e-05,1.484,OPTIMAL
geant,seed_milpsnap_geant_k16.json,957,22,36,12,22.7934,7.243810566371625e-05,0.227,OPTIMAL
geant,seed_milpsnap_geant_k16.json,958,22,36,12,18.2515,9.881948720295935e-05,0.593,OPTIMAL
geant,seed_milpsnap_geant_k16.json,959,22,36,10,27.3353,7.696583572121286e-05,0.183,OPTIMAL
geant,seed_milpsnap_geant_k16.json,960,22,36,10,22.7934,9.6584140884162e-05,0.798,OPTIMAL
geant,seed_milpsnap_geant_k16.json,961,22,36,9,31.8772,8.209731268143096e-05,0.695,OPTIMAL
geant,seed_milpsnap_geant_k16.json,962,22,36,11,27.3353,7.696583572121286e-05,0.179,OPTIMAL
geant,seed_milpsnap_geant_k16.json,963,22,36,15,18.2515,6.841349114090918e-05,0.283,OPTIMAL
geant,seed_milpsnap_geant_k16.json,964,22,36,17,9.1733,6.1575512102953e-05,4.062,OPTIMAL
geant,seed_milpsnap_geant_k16.json,965,22,36,16,9.1733,6.157551210326411e-05,2.343,OPTIMAL
geant,seed_milpsnap_geant_k16.json,966,22,36,19,9.1733,6.157551210326411e-05,3.74,OPTIMAL
geant,seed_milpsnap_geant_k16.json,967,22,36,20,4.6314,5.864300095807864e-05,9.372,OPTIMAL
geant,seed_milpsnap_geant_k16.json,968,22,36,22,4.6314,5.86430009579305e-05,13.198,OPTIMAL
geant,seed_milpsnap_geant_k16.json,969,22,36,21,4.6314,5.864300095807864e-05,11.243,OPTIMAL
geant,seed_milpsnap_geant_k16.json,970,22,36,20,9.1733,6.1575512102953e-05,5.24,OPTIMAL
geant,seed_milpsnap_geant_k16.json,971,22,36,19,9.1733,6.157551210310854e-05,5.872,OPTIMAL
geant,seed_milpsnap_geant_k16.json,972,22,36,18,9.1733,6.157551210310854e-05,2.915,OPTIMAL
geant,seed_milpsnap_geant_k16.json,973,22,36,20,9.1677,6.157172079286967e-05,15.322,OPTIMAL
geant,seed_milpsnap_geant_k16.json,974,22,36,17,22.7934,7.243810566335023e-05,7.036,OPTIMAL
geant,seed_milpsnap_geant_k16.json,975,22,36,12,40.961,9.47288649378426e-05,0.197,OPTIMAL
geant,seed_milpsnap_geant_k16.json,976,22,36,10,40.9665,0.0,0.096,OPTIMAL
geant,seed_milpsnap_geant_k16.json,977,22,36,10,40.9665,0.0,0.097,OPTIMAL
geant,seed_milpsnap_geant_k16.json,978,22,36,11,31.8828,8.210405320355922e-05,0.228,OPTIMAL
geant,seed_milpsnap_geant_k16.json,979,22,36,9,36.4246,8.796966024165444e-05,0.168,OPTIMAL
geant,seed_milpsnap_geant_k16.json,980,22,36,10,31.8828,8.21040532033518e-05,0.165,OPTIMAL
geant,seed_milpsnap_geant_k16.json,981,22,36,9,31.8828,8.21040532033518e-05,0.219,OPTIMAL
geant,seed_milpsnap_geant_k16.json,982,22,36,7,40.9665,9.473783934559116e-05,0.094,OPTIMAL
geant,seed_milpsnap_geant_k16.json,983,22,36,8,36.4246,8.79696602415433e-05,0.111,OPTIMAL
geant,seed_milpsnap_geant_k16.json,984,22,36,9,31.8828,8.210405320355922e-05,0.144,OPTIMAL
geant,seed_milpsnap_geant_k16.json,985,22,36,10,31.8828,8.210405320355922e-05,0.144,OPTIMAL
geant,seed_milpsnap_geant_k16.json,986,22,36,11,27.3353,7.69658357210184e-05,0.708,OPTIMAL
geant,seed_milpsnap_geant_k16.json,987,22,36,13,22.7934,8.853546247716375e-05,0.579,OPTIMAL
geant,seed_milpsnap_geant_k16.json,988,22,36,13,27.3353,7.696583572082397e-05,0.547,OPTIMAL
geant,seed_milpsnap_geant_k16.json,989,22,36,14,22.7934,7.243810566335023e-05,0.611,OPTIMAL
geant,seed_milpsnap_geant_k16.json,990,22,36,19,18.2515,6.841349114073635e-05,1.902,OPTIMAL
geant,seed_milpsnap_geant_k16.json,991,22,36,20,13.7096,9.361812446881204e-05,3.578,OPTIMAL
geant,seed_milpsnap_geant_k16.json,992,22,36,19,13.7096,9.361812446897577e-05,4.204,OPTIMAL
geant,seed_milpsnap_geant_k16.json,993,22,36,19,13.7096,9.361812446897577e-05,4.402,OPTIMAL
geant,seed_milpsnap_geant_k16.json,994,22,36,18,13.7096,9.361812446897577e-05,3.186,OPTIMAL
geant,seed_milpsnap_geant_k16.json,995,22,36,18,13.7096,9.361812446881204e-05,2.412,OPTIMAL
geant,seed_milpsnap_geant_k16.json,996,22,36,17,18.2515,6.841349114056352e-05,1.785,OPTIMAL
geant,seed_milpsnap_geant_k16.json,997,22,36,16,22.7934,7.243810566316725e-05,1.829,OPTIMAL
geant,seed_milpsnap_geant_k16.json,998,22,36,15,22.7934,7.243810566335025e-05,1.859,OPTIMAL
geant,seed_milpsnap_geant_k16.json,999,22,36,14,27.3353,7.696583572082397e-05,0.489,OPTIMAL
geant,seed_milpsnap_geant_k16.json,1000,22,36,13,22.7934,7.243810566335025e-05,0.519,OPTIMAL
geant,seed_milpsnap_geant_k16.json,1001,22,36,14,22.7934,7.243810566335025e-05,0.692,OPTIMAL
geant,seed_milpsnap_geant_k16.json,1002,22,36,15,22.799,7.24433533224498e-05,0.415,OPTIMAL
geant,seed_milpsnap_geant_k16.json,1003,22,36,9,40.961,9.472886493748363e-05,0.133,OPTIMAL
geant,seed_milpsnap_geant_k16.json,1004,22,36,7,40.961,9.47288649376033e-05,0.094,OPTIMAL
geant,seed_milpsnap_geant_k16.json,1005,22,36,8,31.8828,8.210405320355922e-05,0.144,OPTIMAL
geant,seed_milpsnap_geant_k16.json,1006,22,36,7,31.8828,8.210405320355922e-05,0.195,OPTIMAL
geant,seed_milpsnap_geant_k16.json,1007,22,36,9,31.8772,8.209731268143097e-05,0.192,OPTIMAL
geant,seed_milpsnap_geant_k16.json,1008,22,36,11,27.3409,7.697175991684732e-05,0.185,OPTIMAL
geant,seed_milpsnap_geant_k16.json,1009,22,36,11,22.8046,7.244860174192049e-05,0.257,OPTIMAL
geant,seed_milpsnap_geant_k16.json,1010,22,36,12,22.799,7.244335332263283e-05,0.183,OPTIMAL
geant,seed_milpsnap_geant_k16.json,1011,22,36,14,18.2571,6.841817186673121e-05,0.254,OPTIMAL
geant,seed_milpsnap_geant_k16.json,1012,22,36,13,18.2571,6.841817186673121e-05,0.22,OPTIMAL
geant,seed_milpsnap_geant_k16.json,1013,22,36,13,22.799,7.244335332244981e-05,0.239,OPTIMAL
geant,seed_milpsnap_geant_k16.json,1014,22,36,12,27.3409,7.697175991665286e-05,0.218,OPTIMAL
geant,seed_milpsnap_geant_k16.json,1015,22,36,11,31.8828,8.210405320314439e-05,0.11,OPTIMAL
geant,seed_milpsnap_geant_k16.json,1016,22,36,11,36.4246,8.796966024165445e-05,0.112,OPTIMAL
geant,seed_milpsnap_geant_k16.json,1017,22,36,9,36.4246,8.796966024165445e-05,0.106,OPTIMAL
geant,seed_milpsnap_geant_k16.json,1018,22,36,11,31.8772,8.209731268122356e-05,0.126,OPTIMAL
geant,seed_milpsnap_geant_k16.json,1019,22,36,12,36.4246,8.79696602415433e-05,0.15,OPTIMAL
geant,seed_milpsnap_geant_k16.json,1020,22,36,13,31.8828,8.210405320355922e-05,0.207,OPTIMAL
geant,seed_milpsnap_geant_k16.json,1021,22,36,12,31.8828,8.210405320355922e-05,0.185,OPTIMAL
geant,seed_milpsnap_geant_k16.json,1022,22,36,13,31.8828,8.210405320355922e-05,0.188,OPTIMAL
geant,seed_milpsnap_geant_k16.json,1023,22,36,15,22.799,7.24433533222668e-05,0.252,OPTIMAL
geant,seed_milpsnap_geant_k16.json,1024,22,36,16,18.2515,6.841349114090918e-05,0.31,OPTIMAL
geant,seed_milpsnap_geant_k16.json,1025,22,36,15,18.2515,6.841349114073635e-05,0.291,OPTIMAL
geant,seed_milpsnap_geant_k16.json,1026,22,36,17,18.2515,6.841349114073635e-05,0.375,OPTIMAL
geant,seed_milpsnap_geant_k16.json,1027,22,36,16,18.2515,6.841349114090918e-05,0.326,OPTIMAL
geant,seed_milpsnap_geant_k16.json,1028,22,36,17,18.2515,6.841349114090918e-05,0.549,OPTIMAL
geant,seed_milpsnap_geant_k16.json,1029,22,36,17,13.7096,6.481254770950503e-05,1.713,OPTIMAL
geant,seed_milpsnap_geant_k16.json,1030,22,36,20,13.7096,6.481254770950503e-05,1.195,OPTIMAL
geant,seed_milpsnap_geant_k16.json,1031,22,36,18,22.7934,7.243810566335025e-05,0.597,OPTIMAL
geant,seed_milpsnap_geant_k16.json,1032,22,36,18,18.2571,6.841817186690403e-05,0.469,OPTIMAL
geant,seed_milpsnap_geant_k16.json,1033,22,36,17,13.7152,6.481674864811915e-05,0.457,OPTIMAL
geant,seed_milpsnap_geant_k16.json,1034,22,36,17,13.7096,6.481254770950503e-05,1.642,OPTIMAL
geant,seed_milpsnap_geant_k16.json,1035,22,36,14,22.7934,7.243810566353326e-05,0.179,OPTIMAL
geant,seed_milpsnap_geant_k16.json,1036,22,36,14,27.3353,7.696583572101842e-05,0.258,OPTIMAL
geant,seed_milpsnap_geant_k16.json,1037,22,36,15,18.2515,6.841349114056352e-05,0.813,OPTIMAL
geant,seed_milpsnap_geant_k16.json,1038,22,36,1,86.3799,0.0,0.017,OPTIMAL
geant,seed_milpsnap_geant_k16.json,1039,22,36,3,63.676,0.0,0.041,OPTIMAL
geant,seed_milpsnap_geant_k16.json,1040,22,36,6,45.5084,0.0,0.076,OPTIMAL
geant,seed_milpsnap_geant_k16.json,1041,22,36,7,45.5028,0.0,0.078,OPTIMAL
geant,seed_milpsnap_geant_k16.json,1042,22,36,9,40.961,9.472886493772296e-05,0.12,OPTIMAL
geant,seed_milpsnap_geant_k16.json,1043,22,36,10,36.4191,8.796192226123892e-05,0.169,OPTIMAL
geant,seed_milpsnap_geant_k16.json,1044,22,36,11,31.8772,8.209731268143097e-05,0.191,OPTIMAL
geant,seed_milpsnap_geant_k16.json,1045,22,36,12,31.8772,8.209731268163836e-05,0.244,OPTIMAL
geant,seed_milpsnap_geant_k16.json,1046,22,36,14,22.7934,7.243810566316725e-05,0.684,OPTIMAL
geant,seed_milpsnap_geant_k16.json,1047,22,36,17,22.7934,7.243810566316725e-05,0.923,OPTIMAL
geant,seed_milpsnap_geant_k16.json,1048,22,36,18,22.7934,7.243810566316725e-05,1.583,OPTIMAL
geant,seed_milpsnap_geant_k16.json,1049,22,36,17,27.3353,7.696583572062955e-05,0.745,OPTIMAL
geant,seed_milpsnap_geant_k16.json,1050,22,36,19,27.3353,7.696583572062955e-05,0.775,OPTIMAL
geant,seed_milpsnap_geant_k16.json,1051,22,36,17,27.3353,7.696583572062955e-05,0.58,OPTIMAL
geant,seed_milpsnap_geant_k16.json,1052,22,36,16,22.7934,7.243810566316725e-05,1.107,OPTIMAL
geant,seed_milpsnap_geant_k16.json,1053,22,36,15,22.7934,7.243810566316725e-05,0.738,OPTIMAL
geant,seed_milpsnap_geant_k16.json,1054,22,36,13,27.3353,7.696583572062955e-05,0.149,OPTIMAL
geant,seed_milpsnap_geant_k16.json,1055,22,36,12,31.8772,8.209731268143096e-05,0.192,OPTIMAL
geant,seed_milpsnap_geant_k16.json,1056,22,36,13,31.8772,8.209731268143096e-05,0.17,OPTIMAL
geant,seed_milpsnap_geant_k16.json,1057,22,36,16,27.3353,7.696583572082398e-05,0.363,OPTIMAL
geant,seed_milpsnap_geant_k16.json,1058,22,36,16,27.3353,7.696583572082398e-05,0.343,OPTIMAL
geant,seed_milpsnap_geant_k16.json,1059,22,36,16,22.7934,7.243810566353325e-05,0.43,OPTIMAL
geant,seed_milpsnap_geant_k16.json,1060,22,36,15,31.8772,8.209731268205318e-05,0.216,OPTIMAL
geant,seed_milpsnap_geant_k16.json,1061,22,36,20,13.7096,6.481254770950503e-05,1.505,OPTIMAL
geant,seed_milpsnap_geant_k16.json,1062,22,36,21,13.7096,6.481254770950503e-05,1.721,OPTIMAL
geant,seed_milpsnap_geant_k16.json,1063,22,36,20,13.7096,6.481254770950503e-05,1.813,OPTIMAL
geant,seed_milpsnap_geant_k16.json,1064,22,36,21,9.1677,6.157172079302521e-05,2.119,OPTIMAL
geant,seed_milpsnap_geant_k16.json,1065,22,36,20,9.1677,6.157172079318077e-05,1.104,OPTIMAL
geant,seed_milpsnap_geant_k16.json,1066,22,36,19,18.2515,6.841349114090919e-05,0.268,OPTIMAL
geant,seed_milpsnap_geant_k16.json,1067,22,36,19,13.7096,6.481254770950503e-05,0.852,OPTIMAL
geant,seed_milpsnap_geant_k16.json,1068,22,36,17,22.7934,7.243810566353326e-05,0.284,OPTIMAL
geant,seed_milpsnap_geant_k16.json,1069,22,36,20,18.2515,6.841349114073635e-05,0.573,OPTIMAL
geant,seed_milpsnap_geant_k16.json,1070,22,36,21,18.2515,6.841349114090918e-05,0.665,OPTIMAL
geant,seed_milpsnap_geant_k16.json,1071,22,36,22,13.7096,6.48125477093413e-05,1.377,OPTIMAL
geant,seed_milpsnap_geant_k16.json,1072,22,36,17,13.7096,6.481254770950503e-05,0.641,OPTIMAL
geant,seed_milpsnap_geant_k16.json,1073,22,36,16,13.7096,6.481254770950503e-05,1.301,OPTIMAL
geant,seed_milpsnap_geant_k16.json,1074,22,36,17,18.2515,6.841349114108201e-05,2.046,OPTIMAL
geant,seed_milpsnap_geant_k16.json,1075,22,36,18,13.7096,6.481254770966877e-05,1.585,OPTIMAL
geant,seed_milpsnap_geant_k16.json,1076,22,36,19,9.1677,6.157172079302521e-05,2.882,OPTIMAL
geant,seed_milpsnap_geant_k16.json,1077,22,36,20,9.1677,6.157172079318077e-05,1.198,OPTIMAL
geant,seed_milpsnap_geant_k16.json,1078,22,36,21,9.1677,6.157172079302521e-05,2.176,OPTIMAL
geant,seed_milpsnap_geant_k16.json,1079,22,36,24,4.6258,5.863956215817884e-05,25.67,OPTIMAL
geant,seed_milpsnap_geant_k16.json,1080,22,36,26,4.6258,5.863956215817884e-05,13.443,OPTIMAL
geant,seed_milpsnap_geant_k16.json,1081,22,36,24,4.6258,5.863956215817884e-05,11.98,OPTIMAL
geant,seed_milpsnap_geant_k16.json,1082,22,36,24,9.1677,6.157172079318077e-05,0.932,OPTIMAL
geant,seed_milpsnap_geant_k16.json,1083,22,36,23,13.7096,6.481254770983251e-05,0.297,OPTIMAL
geant,seed_milpsnap_geant_k16.json,1084,22,36,21,13.7096,6.481254770966877e-05,0.397,OPTIMAL
geant,seed_milpsnap_geant_k16.json,1085,22,36,20,18.2515,6.841349114108201e-05,0.239,OPTIMAL
geant,seed_milpsnap_geant_k16.json,1086,22,36,19,18.2515,9.881948720295935e-05,0.391,OPTIMAL
geant,seed_milpsnap_geant_k16.json,1087,22,36,21,9.1677,6.157172079286967e-05,1.174,OPTIMAL
geant,seed_milpsnap_geant_k16.json,1088,22,36,22,9.1677,6.157172079286967e-05,1.851,OPTIMAL
geant,seed_milpsnap_geant_k16.json,1089,22,36,22,9.1677,6.157172079255857e-05,2.294,OPTIMAL
geant,seed_milpsnap_geant_k16.json,1090,22,36,21,9.1677,6.157172079271411e-05,1.896,OPTIMAL
geant,seed_milpsnap_geant_k16.json,1091,22,36,21,9.1677,6.157172079286966e-05,2.23,OPTIMAL
geant,seed_milpsnap_geant_k16.json,1092,22,36,21,13.7096,6.48125477093413e-05,0.342,OPTIMAL
geant,seed_milpsnap_geant_k16.json,1093,22,36,20,13.7096,6.48125477093413e-05,0.346,OPTIMAL
geant,seed_milpsnap_geant_k16.json,1094,22,36,17,27.3353,7.696583572101842e-05,0.199,OPTIMAL
geant,seed_milpsnap_geant_k16.json,1095,22,36,17,27.3353,7.696583572082398e-05,0.194,OPTIMAL
geant,seed_milpsnap_geant_k16.json,1096,22,36,19,13.7096,6.481254770950503e-05,0.45,OPTIMAL
geant,seed_milpsnap_geant_k16.json,1097,22,36,17,13.7096,6.481254770950503e-05,0.459,OPTIMAL
geant,seed_milpsnap_geant_k16.json,1098,22,36,16,18.2515,6.841349114090918e-05,0.234,OPTIMAL
geant,seed_milpsnap_geant_k16.json,1099,22,36,18,18.2515,6.841349114090918e-05,0.266,OPTIMAL
geant,seed_milpsnap_geant_k16.json,1100,22,36,20,18.2515,6.841349114073635e-05,0.264,OPTIMAL
geant,seed_milpsnap_geant_k16.json,1101,22,36,17,18.2515,6.841349114073634e-05,0.237,OPTIMAL
geant,seed_milpsnap_geant_k16.json,1102,22,36,16,22.7934,7.243810566335025e-05,0.181,OPTIMAL
geant,seed_milpsnap_geant_k16.json,1103,22,36,15,22.7934,7.243810566335025e-05,0.177,OPTIMAL
geant,seed_milpsnap_geant_k16.json,1104,22,36,17,18.2515,6.841349114073634e-05,0.222,OPTIMAL
geant,seed_milpsnap_geant_k16.json,1105,22,36,16,18.2515,6.841349114073634e-05,0.289,OPTIMAL
geant,seed_milpsnap_geant_k16.json,1106,22,36,17,22.7934,7.243810566335025e-05,0.204,OPTIMAL
geant,seed_milpsnap_geant_k16.json,1107,22,36,16,27.3353,7.696583572082398e-05,0.464,OPTIMAL
geant,seed_milpsnap_geant_k16.json,1108,22,36,17,31.8772,8.209731268163838e-05,0.185,OPTIMAL
geant,seed_milpsnap_geant_k16.json,1109,22,36,14,31.8772,8.209731268143096e-05,0.161,OPTIMAL
geant,seed_milpsnap_geant_k16.json,1110,22,36,16,22.7934,7.243810566316725e-05,0.643,OPTIMAL
geant,seed_milpsnap_geant_k16.json,1111,22,36,18,13.7096,6.481254770966879e-05,0.273,OPTIMAL
geant,seed_milpsnap_geant_k16.json,1112,22,36,16,13.7096,6.481254770966879e-05,0.222,OPTIMAL
geant,seed_milpsnap_geant_k16.json,1113,22,36,17,13.7096,6.48125477093413e-05,1.586,OPTIMAL
geant,seed_milpsnap_geant_k16.json,1114,22,36,16,13.7096,6.48125477093413e-05,1.599,OPTIMAL
geant,seed_milpsnap_geant_k16.json,1115,22,36,18,9.1677,6.157172079302521e-05,0.666,OPTIMAL
geant,seed_milpsnap_geant_k16.json,1116,22,36,18,13.7096,6.481254770950503e-05,0.439,OPTIMAL
geant,seed_milpsnap_geant_k16.json,1117,22,36,15,18.2515,6.841349114108201e-05,0.181,OPTIMAL
geant,seed_milpsnap_geant_k16.json,1118,22,36,13,18.2515,6.841349114090918e-05,0.177,OPTIMAL
geant,seed_milpsnap_geant_k16.json,1119,22,36,16,18.2515,6.841349114108201e-05,0.188,OPTIMAL
geant,seed_milpsnap_geant_k16.json,1120,22,36,17,18.2515,6.841349114090919e-05,0.224,OPTIMAL
geant,seed_milpsnap_geant_k16.json,1121,22,36,15,18.2515,6.841349114090918e-05,0.163,OPTIMAL
geant,seed_milpsnap_geant_k16.json,1122,22,36,18,9.1677,6.157172079302521e-05,0.478,OPTIMAL
geant,seed_milpsnap_geant_k16.json,1123,22,36,20,9.1677,6.157172079302521e-05,0.648,OPTIMAL
geant,seed_milpsnap_geant_k16.json,1124,22,36,20,13.7096,6.481254770950503e-05,0.458,OPTIMAL
geant,seed_milpsnap_geant_k16.json,1125,22,36,19,9.1677,6.157172079302521e-05,0.515,OPTIMAL
geant,seed_milpsnap_geant_k16.json,1126,22,36,17,22.7934,7.243810566371625e-05,0.204,OPTIMAL
geant,seed_milpsnap_geant_k16.json,1127,22,36,18,18.2515,6.841349114073635e-05,0.341,OPTIMAL
geant,seed_milpsnap_geant_k16.json,1128,22,36,16,18.2515,6.841349114056352e-05,1.11,OPTIMAL
geant,seed_milpsnap_geant_k16.json,1129,22,36,15,18.2515,6.841349114073634e-05,1.156,OPTIMAL
geant,seed_milpsnap_geant_k16.json,1130,22,36,18,18.2515,6.841349114073634e-05,1.609,OPTIMAL
geant,seed_milpsnap_geant_k16.json,1131,22,36,16,22.7934,7.243810566353326e-05,0.464,OPTIMAL
geant,seed_milpsnap_geant_k16.json,1132,22,36,16,18.2515,6.841349114073634e-05,1.649,OPTIMAL
geant,seed_milpsnap_geant_k16.json,1133,22,36,16,22.7934,7.243810566335025e-05,0.201,OPTIMAL
geant,seed_milpsnap_geant_k16.json,1134,22,36,15,22.7934,7.243810566316725e-05,0.378,OPTIMAL
geant,seed_milpsnap_geant_k16.json,1135,22,36,13,27.3353,7.696583572082398e-05,0.136,OPTIMAL
geant,seed_milpsnap_geant_k16.json,1136,22,36,14,31.8772,8.209731268163836e-05,0.136,OPTIMAL
geant,seed_milpsnap_geant_k16.json,1137,22,36,14,36.4191,8.796192226123892e-05,0.138,OPTIMAL
geant,seed_milpsnap_geant_k16.json,1138,22,36,18,18.2515,6.841349114090918e-05,0.261,OPTIMAL
geant,seed_milpsnap_geant_k16.json,1139,22,36,17,18.2515,6.841349114073635e-05,0.191,OPTIMAL
geant,seed_milpsnap_geant_k16.json,1140,22,36,16,22.7934,7.243810566335025e-05,0.163,OPTIMAL
geant,seed_milpsnap_geant_k16.json,1141,22,36,13,22.7934,7.243810566335025e-05,0.126,OPTIMAL
geant,seed_milpsnap_geant_k16.json,1142,22,36,14,18.2515,6.841349114073635e-05,0.198,OPTIMAL
geant,seed_milpsnap_geant_k16.json,1143,22,36,15,18.2515,6.841349114090918e-05,0.182,OPTIMAL
geant,seed_milpsnap_geant_k16.json,1144,22,36,18,18.2515,6.841349114090918e-05,0.221,OPTIMAL
geant,seed_milpsnap_geant_k16.json,1145,22,36,19,18.2515,9.881948720295935e-05,0.543,OPTIMAL
geant,seed_milpsnap_geant_k16.json,1146,22,36,20,13.7096,6.48125477093413e-05,1.013,OPTIMAL
geant,seed_milpsnap_geant_k16.json,1147,22,36,19,13.7096,8.641673027906715e-05,1.824,OPTIMAL
geant,seed_milpsnap_geant_k16.json,1148,22,36,20,9.1677,6.157172079286967e-05,5.094,OPTIMAL
geant,seed_milpsnap_geant_k16.json,1149,22,36,19,9.1677,6.157172079286967e-05,0.783,OPTIMAL
geant,seed_milpsnap_geant_k16.json,1150,22,36,18,9.1677,6.157172079286967e-05,0.758,OPTIMAL
geant,seed_milpsnap_geant_k16.json,1151,22,36,14,18.2515,6.841349114056352e-05,0.311,OPTIMAL
geant,seed_milpsnap_geant_k16.json,1152,22,36,16,18.2515,6.841349114056352e-05,0.303,OPTIMAL
geant,seed_milpsnap_geant_k16.json,1153,22,36,17,18.2515,6.841349114039068e-05,0.473,OPTIMAL
geant,seed_milpsnap_geant_k16.json,1154,22,36,18,9.1677,6.157172079286967e-05,5.326,OPTIMAL
geant,seed_milpsnap_geant_k16.json,1155,22,36,19,9.1677,6.157172079286967e-05,5.831,OPTIMAL
geant,seed_milpsnap_geant_k16.json,1156,22,36,21,9.1677,6.157172079302521e-05,5.333,OPTIMAL
geant,seed_milpsnap_geant_k16.json,1157,22,36,20,9.1677,6.157172079286967e-05,5.576,OPTIMAL
geant,seed_milpsnap_geant_k16.json,1158,22,36,18,9.1677,6.157172079271413e-05,4.47,OPTIMAL
geant,seed_milpsnap_geant_k16.json,1159,22,36,18,9.1677,6.157172079286967e-05,3.384,OPTIMAL
geant,seed_milpsnap_geant_k16.json,1160,22,36,16,9.1677,6.157172079271413e-05,7.847,OPTIMAL
geant,seed_milpsnap_geant_k16.json,1161,22,36,15,9.1677,6.157172079286967e-05,5.848,OPTIMAL
geant,seed_milpsnap_geant_k16.json,1162,22,36,15,9.1677,6.157172079271413e-05,4.157,OPTIMAL
geant,seed_milpsnap_geant_k16.json,1163,22,36,15,13.7096,6.481254770983251e-05,0.209,OPTIMAL
geant,seed_milpsnap_geant_k16.json,1164,22,36,17,13.7096,6.481254770966877e-05,0.391,OPTIMAL
geant,seed_milpsnap_geant_k16.json,1165,22,36,16,4.6258,5.863956215817884e-05,6.334,OPTIMAL
geant,seed_milpsnap_geant_k16.json,1166,22,36,1,86.3799,0.0,0.01,OPTIMAL
geant,seed_milpsnap_geant_k16.json,1167,22,36,4,59.1285,0.0,0.035,OPTIMAL
geant,seed_milpsnap_geant_k16.json,1168,22,36,8,31.8772,8.209731268143096e-05,0.221,OPTIMAL
geant,seed_milpsnap_geant_k16.json,1169,22,36,10,27.3353,7.696583572101842e-05,0.129,OPTIMAL
geant,seed_milpsnap_geant_k16.json,1170,22,36,12,22.7934,7.243810566335025e-05,0.184,OPTIMAL
geant,seed_milpsnap_geant_k16.json,1171,22,36,13,22.7934,7.243810566335025e-05,0.188,OPTIMAL
geant,seed_milpsnap_geant_k16.json,1172,22,36,15,22.7934,7.243810566335025e-05,0.186,OPTIMAL
geant,seed_milpsnap_geant_k16.json,1173,22,36,16,18.2515,6.841349114056352e-05,0.877,OPTIMAL
geant,seed_milpsnap_geant_k16.json,1174,22,36,17,22.7934,7.243810566335025e-05,0.485,OPTIMAL
geant,seed_milpsnap_geant_k16.json,1175,22,36,16,13.7096,9.361812446897577e-05,1.93,OPTIMAL
geant,seed_milpsnap_geant_k16.json,1176,22,36,17,9.1677,9.57782323443775e-05,5.058,OPTIMAL
geant,seed_milpsnap_geant_k16.json,1177,22,36,13,18.2515,6.841349114073635e-05,0.914,OPTIMAL
geant,seed_milpsnap_geant_k16.json,1178,22,36,11,22.7934,7.243810566353326e-05,0.219,OPTIMAL
geant,seed_milpsnap_geant_k16.json,1179,22,36,10,27.3353,7.696583572121286e-05,0.172,OPTIMAL
geant,seed_milpsnap_geant_k16.json,1180,22,36,9,31.8772,8.209731268122356e-05,0.307,OPTIMAL
geant,seed_milpsnap_geant_k16.json,1181,22,36,11,31.8772,8.209731268122356e-05,0.273,OPTIMAL
geant,seed_milpsnap_geant_k16.json,1182,22,36,13,18.2515,6.841349114073635e-05,0.358,OPTIMAL
geant,seed_milpsnap_geant_k16.json,1183,22,36,16,13.7096,6.48125477093413e-05,1.649,OPTIMAL
geant,seed_milpsnap_geant_k16.json,1184,22,36,16,18.2515,6.841349114090918e-05,0.423,OPTIMAL
geant,seed_milpsnap_geant_k16.json,1185,22,36,16,18.2515,6.841349114056352e-05,2.71,OPTIMAL
geant,seed_milpsnap_geant_k16.json,1186,22,36,18,18.2515,6.841349114090918e-05,0.904,OPTIMAL
geant,seed_milpsnap_geant_k16.json,1187,22,36,20,18.2515,6.841349114090918e-05,1.251,OPTIMAL
geant,seed_milpsnap_geant_k16.json,1188,22,36,20,13.7096,6.481254770950503e-05,2.076,OPTIMAL
geant,seed_milpsnap_geant_k16.json,1189,22,36,18,18.2515,6.841349114073635e-05,1.315,OPTIMAL
geant,seed_milpsnap_geant_k16.json,1190,22,36,18,18.2515,6.841349114090918e-05,1.574,OPTIMAL
geant,seed_milpsnap_geant_k16.json,1191,22,36,20,18.2515,6.841349114073635e-05,1.311,OPTIMAL
geant,seed_milpsnap_geant_k16.json,1192,22,36,19,18.2515,6.841349114073635e-05,1.154,OPTIMAL
geant,seed_milpsnap_geant_k16.json,1193,22,36,20,18.2515,6.841349114073635e-05,1.115,OPTIMAL
geant,seed_milpsnap_geant_k16.json,1194,22,36,20,18.2515,6.841349114073635e-05,1.206,OPTIMAL
geant,seed_milpsnap_geant_k16.json,1195,22,36,20,13.7096,6.48125477093413e-05,2.996,OPTIMAL
geant,seed_milpsnap_geant_k16.json,1196,22,36,20,9.1677,6.157172079286967e-05,2.461,OPTIMAL
geant,seed_milpsnap_geant_k16.json,1197,22,36,20,4.6258,5.863956215817884e-05,4.88,OPTIMAL
geant,seed_milpsnap_geant_k16.json,1198,22,36,23,0.0839,5.59739783196443e-05,26.511,OPTIMAL
geant,seed_milpsnap_geant_k16.json,1199,22,36,24,0.0839,5.59739783196443e-05,25.528,OPTIMAL
geant,seed_milpsnap_geant_k16.json,1200,22,36,24,0.0839,5.59739783195029e-05,54.988,OPTIMAL
geant,seed_milpsnap_geant_k16.json,1201,22,36,23,4.6258,5.8639562158030696e-05,21.012,OPTIMAL
geant,seed_milpsnap_geant_k16.json,1202,22,36,23,4.6258,5.863956215788256e-05,14.955,OPTIMAL
geant,seed_milpsnap_geant_k16.json,1203,22,36,26,4.6258,5.8639562158030696e-05,17.058,OPTIMAL
geant,seed_milpsnap_geant_k16.json,1204,22,36,27,0.0839,5.59739783196443e-05,37.96,OPTIMAL
geant,seed_milpsnap_geant_k16.json,1205,22,36,27,0.0839,5.59739783196443e-05,44.322,OPTIMAL
geant,seed_milpsnap_geant_k16.json,1206,22,36,28,0.0839,5.59739783196443e-05,41.733,OPTIMAL
geant,seed_milpsnap_geant_k16.json,1207,22,36,27,0.0839,0.00011194795663900578,60.143,TIME_LIMIT(次佳解)
geant,seed_milpsnap_geant_k16.json,1208,22,36,25,0.0839,5.59739783196443e-05,23.648,OPTIMAL
geant,seed_milpsnap_geant_k16.json,1209,22,36,26,0.0839,5.59739783196443e-05,27.795,OPTIMAL
geant,seed_milpsnap_geant_k16.json,1210,22,36,27,4.6258,5.8639562158178845e-05,2.336,OPTIMAL
geant,seed_milpsnap_geant_k16.json,1211,22,36,24,4.6258,5.863956215832698e-05,2.322,OPTIMAL
geant,seed_milpsnap_geant_k16.json,1212,22,36,21,9.1733,8.894240637108765e-05,1.001,OPTIMAL
geant,seed_milpsnap_geant_k16.json,1213,22,36,21,13.7152,6.48167486482829e-05,0.446,OPTIMAL
geant,seed_milpsnap_geant_k16.json,1214,22,36,21,13.7152,6.48167486482829e-05,0.379,OPTIMAL
geant,seed_milpsnap_geant_k16.json,1215,22,36,22,13.7152,6.48167486482829e-05,0.478,OPTIMAL
geant,seed_milpsnap_geant_k16.json,1216,22,36,21,18.2515,6.841349114090918e-05,0.234,OPTIMAL
geant,seed_milpsnap_geant_k16.json,1217,22,36,22,18.2515,6.841349114073635e-05,0.249,OPTIMAL
geant,seed_milpsnap_geant_k16.json,1218,22,36,20,18.2515,9.121798818753322e-05,0.388,OPTIMAL
geant,seed_milpsnap_geant_k16.json,1219,22,36,21,13.7096,6.481254770966877e-05,0.632,OPTIMAL
geant,seed_milpsnap_geant_k16.json,1220,22,36,21,18.2571,6.84181718667312e-05,0.52,OPTIMAL
geant,seed_milpsnap_geant_k16.json,1221,22,36,18,18.2571,6.841817186655836e-05,0.48,OPTIMAL
geant,seed_milpsnap_geant_k16.json,1222,22,36,16,13.7152,6.481674864811916e-05,0.389,OPTIMAL
geant,seed_milpsnap_geant_k16.json,1223,22,36,15,13.7152,6.48167486482829e-05,0.347,OPTIMAL
geant,seed_milpsnap_geant_k16.json,1224,22,36,16,13.7152,6.48167486482829e-05,0.379,OPTIMAL
geant,seed_milpsnap_geant_k16.json,1225,22,36,15,18.2571,9.882624825161857e-05,0.467,OPTIMAL
geant,seed_milpsnap_geant_k16.json,1226,22,36,16,18.2571,6.84181718667312e-05,0.459,OPTIMAL
geant,seed_milpsnap_geant_k16.json,1227,22,36,17,18.2571,6.84181718670769e-05,0.204,OPTIMAL
geant,seed_milpsnap_geant_k16.json,1228,22,36,16,18.2571,9.88262482517914e-05,1.384,OPTIMAL
geant,seed_milpsnap_geant_k16.json,1229,22,36,14,27.3353,7.696583572082398e-05,0.338,OPTIMAL
geant,seed_milpsnap_geant_k16.json,1230,22,36,14,27.3353,7.696583572101841e-05,0.209,OPTIMAL
geant,seed_milpsnap_geant_k16.json,1231,22,36,12,36.4191,8.796192226123892e-05,0.119,OPTIMAL
geant,seed_milpsnap_geant_k16.json,1232,22,36,12,36.4191,8.796192226135002e-05,0.118,OPTIMAL
geant,seed_milpsnap_geant_k16.json,1233,22,36,17,22.7934,7.243810566316725e-05,0.249,OPTIMAL
geant,seed_milpsnap_geant_k16.json,1234,22,36,16,22.7934,7.243810566335023e-05,0.22,OPTIMAL
geant,seed_milpsnap_geant_k16.json,1235,22,36,15,27.3353,7.696583572101841e-05,0.278,OPTIMAL
geant,seed_milpsnap_geant_k16.json,1236,22,36,17,27.3353,7.696583572101841e-05,0.34,OPTIMAL
geant,seed_milpsnap_geant_k16.json,1237,22,36,16,27.3353,7.696583572101841e-05,0.292,OPTIMAL
geant,seed_milpsnap_geant_k16.json,1238,22,36,17,22.7934,7.243810566298425e-05,1.195,OPTIMAL
geant,seed_milpsnap_geant_k16.json,1239,22,36,16,27.3353,7.696583572082398e-05,0.465,OPTIMAL
geant,seed_milpsnap_geant_k16.json,1240,22,36,17,22.7934,7.243810566335025e-05,0.32,OPTIMAL
geant,seed_milpsnap_geant_k16.json,1241,22,36,18,13.7096,6.48125477093413e-05,3.462,OPTIMAL
geant,seed_milpsnap_geant_k16.json,1242,22,36,19,13.7096,6.48125477093413e-05,4.506,OPTIMAL
geant,seed_milpsnap_geant_k16.json,1243,22,36,17,13.7096,6.481254770950503e-05,4.004,OPTIMAL
geant,seed_milpsnap_geant_k16.json,1244,22,36,17,13.7096,6.481254770950503e-05,1.175,OPTIMAL
geant,seed_milpsnap_geant_k16.json,1245,22,36,18,13.7096,6.481254770950503e-05,0.797,OPTIMAL
geant,seed_milpsnap_geant_k16.json,1246,22,36,13,22.7934,7.243810566353325e-05,0.155,OPTIMAL
geant,seed_milpsnap_geant_k16.json,1247,22,36,14,22.7934,7.243810566335025e-05,0.187,OPTIMAL
geant,seed_milpsnap_geant_k16.json,1248,22,36,15,18.2515,6.841349114073634e-05,0.39,OPTIMAL
geant,seed_milpsnap_geant_k16.json,1249,22,36,13,22.7934,7.243810566316725e-05,0.187,OPTIMAL
geant,seed_milpsnap_geant_k16.json,1250,22,36,14,22.7934,7.243810566316725e-05,0.214,OPTIMAL
geant,seed_milpsnap_geant_k16.json,1251,22,36,13,27.3297,7.695991243723514e-05,0.123,OPTIMAL
geant,seed_milpsnap_geant_k16.json,1252,22,36,13,22.799,7.24433533222668e-05,0.329,OPTIMAL
geant,seed_milpsnap_geant_k16.json,1253,22,36,12,22.799,7.244335332263281e-05,0.246,OPTIMAL
geant,seed_milpsnap_geant_k16.json,1254,22,36,10,22.799,7.244335332244981e-05,0.209,OPTIMAL
geant,seed_milpsnap_geant_k16.json,1255,22,36,10,22.799,7.24433533224498e-05,0.294,OPTIMAL
geant,seed_milpsnap_geant_k16.json,1256,22,36,12,22.7934,7.243810566335023e-05,0.545,OPTIMAL
geant,seed_milpsnap_geant_k16.json,1257,22,36,13,22.7934,7.243810566316725e-05,0.413,OPTIMAL
geant,seed_milpsnap_geant_k16.json,1258,22,36,16,18.2515,6.841349114056352e-05,0.244,OPTIMAL
geant,seed_milpsnap_geant_k16.json,1259,22,36,18,13.7096,6.48125477093413e-05,1.408,OPTIMAL
geant,seed_milpsnap_geant_k16.json,1260,22,36,16,18.2515,9.881948720278653e-05,0.441,OPTIMAL
geant,seed_milpsnap_geant_k16.json,1261,22,36,17,18.2515,9.881948720295935e-05,0.501,OPTIMAL
geant,seed_milpsnap_geant_k16.json,1262,22,36,18,18.2515,6.841349114039068e-05,1.414,OPTIMAL
geant,seed_milpsnap_geant_k16.json,1263,22,36,19,13.7096,6.48125477093413e-05,1.66,OPTIMAL
geant,seed_milpsnap_geant_k16.json,1264,22,36,21,13.7096,6.481254770950503e-05,0.709,OPTIMAL
geant,seed_milpsnap_geant_k16.json,1265,22,36,25,13.7096,6.481254770917756e-05,1.992,OPTIMAL
geant,seed_milpsnap_geant_k16.json,1266,22,36,24,13.7096,6.48125477093413e-05,2.057,OPTIMAL
geant,seed_milpsnap_geant_k16.json,1267,22,36,25,9.1677,6.157172079286967e-05,5.933,OPTIMAL
geant,seed_milpsnap_geant_k16.json,1268,22,36,24,9.1677,6.157172079286967e-05,4.426,OPTIMAL
geant,seed_milpsnap_geant_k16.json,1269,22,36,23,13.7096,6.481254770983251e-05,0.277,OPTIMAL
geant,seed_milpsnap_geant_k16.json,1270,22,36,26,9.1677,6.157172079302521e-05,1.426,OPTIMAL
geant,seed_milpsnap_geant_k16.json,1271,22,36,24,18.2515,6.841349114090919e-05,0.295,OPTIMAL
geant,seed_milpsnap_geant_k16.json,1272,22,36,21,22.7934,7.243810566353326e-05,0.209,OPTIMAL
geant,seed_milpsnap_geant_k16.json,1273,22,36,22,18.2515,6.841349114108201e-05,0.243,OPTIMAL
geant,seed_milpsnap_geant_k16.json,1274,22,36,22,18.2515,6.841349114090918e-05,0.298,OPTIMAL
geant,seed_milpsnap_geant_k16.json,1275,22,36,20,22.7934,7.243810566335025e-05,0.268,OPTIMAL
geant,seed_milpsnap_geant_k16.json,1276,22,36,18,22.7934,7.243810566353325e-05,0.252,OPTIMAL
geant,seed_milpsnap_geant_k16.json,1277,22,36,20,18.2515,6.841349114056352e-05,0.475,OPTIMAL
geant,seed_milpsnap_geant_k16.json,1278,22,36,17,22.7934,7.243810566353326e-05,0.197,OPTIMAL
geant,seed_milpsnap_geant_k16.json,1279,22,36,13,27.3353,7.696583572062955e-05,0.142,OPTIMAL
geant,seed_milpsnap_geant_k16.json,1280,22,36,14,27.3353,7.696583572101841e-05,0.237,OPTIMAL
geant,seed_milpsnap_geant_k16.json,1281,22,36,15,22.7934,7.243810566353326e-05,0.201,OPTIMAL
geant,seed_milpsnap_geant_k16.json,1282,22,36,16,22.7934,7.243810566353326e-05,0.227,OPTIMAL
geant,seed_milpsnap_geant_k16.json,1283,22,36,18,18.2515,6.841349114073634e-05,0.579,OPTIMAL
geant,seed_milpsnap_geant_k16.json,1284,22,36,18,18.2515,6.841349114090918e-05,0.204,OPTIMAL
geant,seed_milpsnap_geant_k16.json,1285,22,36,14,22.7934,7.243810566371625e-05,0.117,OPTIMAL
geant,seed_milpsnap_geant_k16.json,1286,22,36,15,27.3353,9.406935476985275e-05,0.119,OPTIMAL
geant,seed_milpsnap_geant_k16.json,1287,22,36,16,22.7934,7.243810566335025e-05,0.172,OPTIMAL
geant,seed_milpsnap_geant_k16.json,1288,22,36,17,18.2515,6.841349114056352e-05,0.313,OPTIMAL
geant,seed_milpsnap_geant_k16.json,1289,22,36,20,9.1677,6.157172079302521e-05,0.741,OPTIMAL
geant,seed_milpsnap_geant_k16.json,1290,22,36,21,9.1677,6.157172079286967e-05,1.005,OPTIMAL
geant,seed_milpsnap_geant_k16.json,1291,22,36,24,13.7096,6.481254770983251e-05,0.265,OPTIMAL
geant,seed_milpsnap_geant_k16.json,1292,22,36,25,9.1677,6.157172079318077e-05,0.417,OPTIMAL
geant,seed_milpsnap_geant_k16.json,1293,22,36,25,18.2515,6.841349114108201e-05,0.258,OPTIMAL
