topo,seed_file,batch,n_switches,n_links,n_flows,energy_saving_percent,mip_gap,solve_time_sec,status
grid_3x3,seed_milpsnap_grid3x3_k10.json,1,9,12,1,66.694,0.0,0.058,OPTIMAL
grid_3x3,seed_milpsnap_grid3x3_k10.json,2,9,12,2,44.4809,0.0,0.007,OPTIMAL
grid_3x3,seed_milpsnap_grid3x3_k10.json,3,9,12,3,33.3744,0.0,0.015,OPTIMAL
grid_3x3,seed_milpsnap_grid3x3_k10.json,4,9,12,4,33.3744,0.0,0.013,OPTIMAL
grid_3x3,seed_milpsnap_grid3x3_k10.json,5,9,12,6,22.2678,0.0,0.018,OPTIMAL
grid_3x3,seed_milpsnap_grid3x3_k10.json,6,9,12,7,22.2678,0.0,0.019,OPTIMAL
grid_3x3,seed_milpsnap_grid3x3_k10.json,7,9,12,8,11.1613,0.0,0.031,OPTIMAL
grid_3x3,seed_milpsnap_grid3x3_k10.json,8,9,12,9,11.1613,0.0,0.032,OPTIMAL
grid_3x3,seed_milpsnap_grid3x3_k10.json,9,9,12,11,11.1613,0.0,0.037,OPTIMAL
grid_3x3,seed_milpsnap_grid3x3_k10.json,10,9,12,12,11.1613,0.0,0.044,OPTIMAL
grid_3x3,seed_milpsnap_grid3x3_k10.json,11,9,12,14,11.1613,0.0,0.045,OPTIMAL
grid_3x3,seed_milpsnap_grid3x3_k10.json,12,9,12,16,11.1613,0.0,0.054,OPTIMAL
grid_3x3,seed_milpsnap_grid3x3_k10.json,13,9,12,19,11.1613,0.0,0.061,OPTIMAL
grid_3x3,seed_milpsnap_grid3x3_k10.json,14,9,12,18,11.1613,6.841934214796302e-05,0.058,OPTIMAL
grid_3x3,seed_milpsnap_grid3x3_k10.json,15,9,12,17,11.1613,0.0,0.054,OPTIMAL
grid_3x3,seed_milpsnap_grid3x3_k10.json,16,9,12,16,11.1613,0.0,0.051,OPTIMAL
grid_3x3,seed_milpsnap_grid3x3_k10.json,17,9,12,15,11.1613,0.0,0.047,OPTIMAL
grid_3x3,seed_milpsnap_grid3x3_k10.json,18,9,12,16,11.1613,0.0,0.05,OPTIMAL
grid_3x3,seed_milpsnap_grid3x3_k10.json,19,9,12,16,11.1613,0.0,0.055,OPTIMAL
grid_3x3,seed_milpsnap_grid3x3_k10.json,20,9,12,16,11.1613,0.0,0.049,OPTIMAL
grid_3x3,seed_milpsnap_grid3x3_k10.json,21,9,12,18,11.1613,0.0,0.069,OPTIMAL
grid_3x3,seed_milpsnap_grid3x3_k10.json,22,9,12,16,11.1613,0.0,0.095,OPTIMAL
grid_3x3,seed_milpsnap_grid3x3_k10.json,23,9,12,15,11.1613,0.0,0.103,OPTIMAL
grid_3x3,seed_milpsnap_grid3x3_k10.json,24,9,12,13,11.1613,0.0,0.046,OPTIMAL
grid_3x3,seed_milpsnap_grid3x3_k10.json,25,9,12,15,11.1613,0.0,0.047,OPTIMAL
grid_3x3,seed_milpsnap_grid3x3_k10.json,26,9,12,12,11.1613,0.0,0.041,OPTIMAL
grid_3x3,seed_milpsnap_grid3x3_k10.json,27,9,12,10,11.1613,0.0,0.033,OPTIMAL
grid_3x3,seed_milpsnap_grid3x3_k10.json,28,9,12,11,11.1613,0.0,0.037,OPTIMAL
grid_3x3,seed_milpsnap_grid3x3_k10.json,29,9,12,12,11.1613,6.841934214796302e-05,0.037,OPTIMAL
grid_3x3,seed_milpsnap_grid3x3_k10.json,30,9,12,13,11.1613,0.0,0.042,OPTIMAL
grid_3x3,seed_milpsnap_grid3x3_k10.json,31,9,12,13,11.1613,0.0,0.04,OPTIMAL
grid_3x3,seed_milpsnap_grid3x3_k10.json,32,9,12,14,11.1613,0.0,0.042,OPTIMAL
grid_3x3,seed_milpsnap_grid3x3_k10.json,33,9,12,14,11.1613,0.0,0.042,OPTIMAL
grid_3x3,seed_milpsnap_grid3x3_k10.json,34,9,12,13,11.1613,0.0,0.037,OPTIMAL
grid_3x3,seed_milpsnap_grid3x3_k10.json,35,9,12,14,11.1613,0.0,0.043,OPTIMAL
grid_3x3,seed_milpsnap_grid3x3_k10.json,36,9,12,15,11.1613,0.0,0.043,OPTIMAL
grid_3x3,seed_milpsnap_grid3x3_k10.json,37,9,12,15,11.1613,0.0,0.046,OPTIMAL
grid_3x3,seed_milpsnap_grid3x3_k10.json,38,9,12,20,11.1613,0.0,0.059,OPTIMAL
grid_3x3,seed_milpsnap_grid3x3_k10.json,39,9,12,19,11.1613,0.0,0.055,OPTIMAL
grid_3x3,seed_milpsnap_grid3x3_k10.json,40,9,12,20,11.1613,0.0,0.059,OPTIMAL
grid_3x3,seed_milpsnap_grid3x3_k10.json,41,9,12,23,11.1613,6.841934214796302e-05,0.069,OPTIMAL
grid_3x3,seed_milpsnap_grid3x3_k10.json,42,9,12,22,11.1613,0.0,0.064,OPTIMAL
grid_3x3,seed_milpsnap_grid3x3_k10.json,43,9,12,25,11.1613,0.0,0.113,OPTIMAL
grid_3x3,seed_milpsnap_grid3x3_k10.json,44,9,12,26,11.1613,0.0,0.1,OPTIMAL
grid_3x3,seed_milpsnap_grid3x3_k10.json,45,9,12,27,11.1613,0.0,0.102,OPTIMAL
grid_3x3,seed_milpsnap_grid3x3_k10.json,46,9,12,27,11.1613,0.0,0.095,OPTIMAL
grid_3x3,seed_milpsnap_grid3x3_k10.json,47,9,12,28,11.1613,0.0,0.1,OPTIMAL
grid_3x3,seed_milpsnap_grid3x3_k10.json,48,9,12,26,11.1613,0.0,0.086,OPTIMAL
grid_3x3,seed_milpsnap_grid3x3_k10.json,49,9,12,27,11.1613,0.0,0.086,OPTIMAL
grid_3x3,seed_milpsnap_grid3x3_k10.json,50,9,12,27,11.1613,6.841934214796302e-05,0.086,OPTIMAL
grid_3x3,seed_milpsnap_grid3x3_k10.json,51,9,12,27,11.1613,0.0,0.086,OPTIMAL
grid_3x3,seed_milpsnap_grid3x3_k10.json,52,9,12,27,11.1613,0.0,0.251,OPTIMAL
grid_3x3,seed_milpsnap_grid3x3_k10.json,53,9,12,22,11.1613,0.0,0.071,OPTIMAL
grid_3x3,seed_milpsnap_grid3x3_k10.json,54,9,12,23,11.1613,0.0,0.075,OPTIMAL
grid_3x3,seed_milpsnap_grid3x3_k10.json,55,9,12,23,11.1613,0.0,0.077,OPTIMAL
grid_3x3,seed_milpsnap_grid3x3_k10.json,56,9,12,21,11.1613,0.0,0.067,OPTIMAL
grid_3x3,seed_milpsnap_grid3x3_k10.json,57,9,12,21,11.1613,0.0,0.068,OPTIMAL
grid_3x3,seed_milpsnap_grid3x3_k10.json,58,9,12,18,11.1613,0.0,0.058,OPTIMAL
grid_3x3,seed_milpsnap_grid3x3_k10.json,59,9,12,17,11.1613,0.0,0.057,OPTIMAL
grid_3x3,seed_milpsnap_grid3x3_k10.json,60,9,12,15,11.1613,0.0,0.051,OPTIMAL
grid_3x3,seed_milpsnap_grid3x3_k10.json,61,9,12,13,11.1613,0.0,0.037,OPTIMAL
grid_3x3,seed_milpsnap_grid3x3_k10.json,62,9,12,12,11.1613,0.0,0.038,OPTIMAL
grid_3x3,seed_milpsnap_grid3x3_k10.json,63,9,12,11,22.2678,0.0,0.031,OPTIMAL
grid_3x3,seed_milpsnap_grid3x3_k10.json,64,9,12,11,22.2678,0.0,0.029,OPTIMAL
grid_3x3,seed_milpsnap_grid3x3_k10.json,65,9,12,10,11.1613,0.0,0.034,OPTIMAL
grid_3x3,seed_milpsnap_grid3x3_k10.json,66,9,12,15,11.1613,0.0,0.051,OPTIMAL
grid_3x3,seed_milpsnap_grid3x3_k10.json,67,9,12,14,11.1613,0.0,0.048,OPTIMAL
grid_3x3,seed_milpsnap_grid3x3_k10.json,68,9,12,13,11.1613,0.0,0.048,OPTIMAL
grid_3x3,seed_milpsnap_grid3x3_k10.json,69,9,12,12,11.1613,0.0,0.276,OPTIMAL
grid_3x3,seed_milpsnap_grid3x3_k10.json,70,9,12,12,11.1613,6.841934214796302e-05,0.145,OPTIMAL
grid_3x3,seed_milpsnap_grid3x3_k10.json,71,9,12,16,11.1613,0.0,0.086,OPTIMAL
grid_3x3,seed_milpsnap_grid3x3_k10.json,72,9,12,15,11.1613,0.0,0.062,OPTIMAL
grid_3x3,seed_milpsnap_grid3x3_k10.json,73,9,12,16,11.1613,0.0,0.079,OPTIMAL
grid_3x3,seed_milpsnap_grid3x3_k10.json,74,9,12,17,11.1613,0.0,0.084,OPTIMAL
grid_3x3,seed_milpsnap_grid3x3_k10.json,75,9,12,18,11.1613,0.0,0.065,OPTIMAL
grid_3x3,seed_milpsnap_grid3x3_k10.json,76,9,12,21,11.1613,0.0,0.071,OPTIMAL
grid_3x3,seed_milpsnap_grid3x3_k10.json,77,9,12,22,11.1613,0.0,0.067,OPTIMAL
grid_3x3,seed_milpsnap_grid3x3_k10.json,78,9,12,17,11.1613,0.0,0.048,OPTIMAL
grid_3x3,seed_milpsnap_grid3x3_k10.json,79,9,12,18,11.1613,0.0,0.06,OPTIMAL
grid_3x3,seed_milpsnap_grid3x3_k10.json,80,9,12,21,11.1613,6.841934214796302e-05,0.06,OPTIMAL
grid_3x3,seed_milpsnap_grid3x3_k10.json,81,9,12,21,11.1613,0.0,0.06,OPTIMAL
grid_3x3,seed_milpsnap_grid3x3_k10.json,82,9,12,18,11.1613,0.0,0.065,OPTIMAL
grid_3x3,seed_milpsnap_grid3x3_k10.json,83,9,12,17,11.1613,0.0,0.059,OPTIMAL
grid_3x3,seed_milpsnap_grid3x3_k10.json,84,9,12,21,11.1613,0.0,0.07,OPTIMAL
grid_3x3,seed_milpsnap_grid3x3_k10.json,85,9,12,23,11.1613,0.0,0.07,OPTIMAL
grid_3x3,seed_milpsnap_grid3x3_k10.json,86,9,12,25,11.1613,0.0,0.076,OPTIMAL
grid_3x3,seed_milpsnap_grid3x3_k10.json,87,9,12,21,11.1613,0.0,0.063,OPTIMAL
grid_3x3,seed_milpsnap_grid3x3_k10.json,88,9,12,19,11.1613,0.0,0.056,OPTIMAL
grid_3x3,seed_milpsnap_grid3x3_k10.json,89,9,12,21,11.1613,0.0,0.062,OPTIMAL
grid_3x3,seed_milpsnap_grid3x3_k10.json,90,9,12,20,11.1613,0.0,0.06,OPTIMAL
grid_3x3,seed_milpsnap_grid3x3_k10.json,91,9,12,20,11.1613,0.0,0.058,OPTIMAL
grid_3x3,seed_milpsnap_grid3x3_k10.json,92,9,12,17,11.1613,0.0,0.048,OPTIMAL
grid_3x3,seed_milpsnap_grid3x3_k10.json,93,9,12,16,11.1613,0.0,0.048,OPTIMAL
grid_3x3,seed_milpsnap_grid3x3_k10.json,94,9,12,13,11.1613,0.0,0.036,OPTIMAL
grid_3x3,seed_milpsnap_grid3x3_k10.json,95,9,12,10,11.1613,0.0,0.03,OPTIMAL
grid_3x3,seed_milpsnap_grid3x3_k10.json,96,9,12,8,11.1613,6.841934214796302e-05,0.024,OPTIMAL
grid_3x3,seed_milpsnap_grid3x3_k10.json,97,9,12,10,11.1613,0.0,0.037,OPTIMAL
grid_3x3,seed_milpsnap_grid3x3_k10.json,98,9,12,11,11.1613,0.0,0.033,OPTIMAL
grid_3x3,seed_milpsnap_grid3x3_k10.json,99,9,12,14,11.1613,0.0,0.043,OPTIMAL
grid_3x3,seed_milpsnap_grid3x3_k10.json,100,9,12,13,11.1613,0.0,0.042,OPTIMAL
grid_3x3,seed_milpsnap_grid3x3_k10.json,101,9,12,12,11.1613,0.0,0.036,OPTIMAL
grid_3x3,seed_milpsnap_grid3x3_k10.json,102,9,12,11,11.1613,0.0,0.036,OPTIMAL
grid_3x3,seed_milpsnap_grid3x3_k10.json,103,9,12,12,11.1613,0.0,0.036,OPTIMAL
grid_3x3,seed_milpsnap_grid3x3_k10.json,104,9,12,13,11.1613,0.0,0.038,OPTIMAL
grid_3x3,seed_milpsnap_grid3x3_k10.json,105,9,12,15,22.2678,0.0,0.034,OPTIMAL
grid_3x3,seed_milpsnap_grid3x3_k10.json,106,9,12,14,22.2678,0.0,0.032,OPTIMAL
grid_3x3,seed_milpsnap_grid3x3_k10.json,107,9,12,15,11.1613,0.0,0.045,OPTIMAL
grid_3x3,seed_milpsnap_grid3x3_k10.json,108,9,12,13,11.1613,6.841934214796302e-05,0.038,OPTIMAL
grid_3x3,seed_milpsnap_grid3x3_k10.json,109,9,12,15,11.1613,0.0,0.042,OPTIMAL
grid_3x3,seed_milpsnap_grid3x3_k10.json,110,9,12,12,11.1613,0.0,0.037,OPTIMAL
grid_3x3,seed_milpsnap_grid3x3_k10.json,111,9,12,13,11.1613,0.0,0.036,OPTIMAL
grid_3x3,seed_milpsnap_grid3x3_k10.json,112,9,12,14,11.1613,0.0,0.04,OPTIMAL
grid_3x3,seed_milpsnap_grid3x3_k10.json,113,9,12,14,11.1613,0.0,0.04,OPTIMAL
grid_3x3,seed_milpsnap_grid3x3_k10.json,114,9,12,13,11.1613,6.841934214796302e-05,0.038,OPTIMAL
grid_3x3,seed_milpsnap_grid3x3_k10.json,115,9,12,13,11.1613,0.0,0.037,OPTIMAL
grid_3x3,seed_milpsnap_grid3x3_k10.json,116,9,12,15,11.1613,0.0,0.042,OPTIMAL
grid_3x3,seed_milpsnap_grid3x3_k10.json,117,9,12,16,11.1613,0.0,0.052,OPTIMAL
grid_3x3,seed_milpsnap_grid3x3_k10.json,118,9,12,17,11.1613,0.0,0.05,OPTIMAL
grid_3x3,seed_milpsnap_grid3x3_k10.json,119,9,12,16,11.1613,0.0,0.044,OPTIMAL
grid_3x3,seed_milpsnap_grid3x3_k10.json,120,9,12,18,11.1613,0.0,0.051,OPTIMAL
grid_3x3,seed_milpsnap_grid3x3_k10.json,121,9,12,17,11.1613,0.0,0.053,OPTIMAL
grid_3x3,seed_milpsnap_grid3x3_k10.json,122,9,12,18,11.1613,0.0,0.052,OPTIMAL
grid_3x3,seed_milpsnap_grid3x3_k10.json,123,9,12,17,11.1613,0.0,0.049,OPTIMAL
grid_3x3,seed_milpsnap_grid3x3_k10.json,124,9,12,1,77.8006,0.0,0.003,OPTIMAL
grid_3x3,seed_milpsnap_grid3x3_k10.json,125,9,12,2,55.6011,0.0,0.005,OPTIMAL
grid_3x3,seed_milpsnap_grid3x3_k10.json,126,9,12,4,22.2815,0.0,0.013,OPTIMAL
grid_3x3,seed_milpsnap_grid3x3_k10.json,127,9,12,5,22.2678,0.0,0.014,OPTIMAL
grid_3x3,seed_milpsnap_grid3x3_k10.json,128,9,12,6,22.2678,0.0,0.016,OPTIMAL
grid_3x3,seed_milpsnap_grid3x3_k10.json,129,9,12,7,11.1613,0.0,0.024,OPTIMAL
grid_3x3,seed_milpsnap_grid3x3_k10.json,130,9,12,8,11.1613,0.0,0.027,OPTIMAL
grid_3x3,seed_milpsnap_grid3x3_k10.json,131,9,12,9,11.1613,0.0,0.029,OPTIMAL
grid_3x3,seed_milpsnap_grid3x3_k10.json,132,9,12,10,11.1613,6.841934214796302e-05,0.029,OPTIMAL
grid_3x3,seed_milpsnap_grid3x3_k10.json,133,9,12,10,11.1613,0.0,0.03,OPTIMAL
grid_3x3,seed_milpsnap_grid3x3_k10.json,134,9,12,11,11.1613,0.0,0.032,OPTIMAL
grid_3x3,seed_milpsnap_grid3x3_k10.json,135,9,12,14,11.1613,6.841934214796302e-05,0.043,OPTIMAL
grid_3x3,seed_milpsnap_grid3x3_k10.json,136,9,12,15,11.1613,0.0,0.044,OPTIMAL
grid_3x3,seed_milpsnap_grid3x3_k10.json,137,9,12,17,11.1613,0.0,0.05,OPTIMAL
grid_3x3,seed_milpsnap_grid3x3_k10.json,138,9,12,20,11.1613,6.841934214796302e-05,0.058,OPTIMAL
grid_3x3,seed_milpsnap_grid3x3_k10.json,139,9,12,22,11.1613,0.0,0.065,OPTIMAL
grid_3x3,seed_milpsnap_grid3x3_k10.json,140,9,12,21,11.1613,0.0,0.063,OPTIMAL
grid_3x3,seed_milpsnap_grid3x3_k10.json,141,9,12,20,11.1613,0.0,0.058,OPTIMAL
grid_3x3,seed_milpsnap_grid3x3_k10.json,142,9,12,21,11.1613,6.841934214796302e-05,0.061,OPTIMAL
grid_3x3,seed_milpsnap_grid3x3_k10.json,143,9,12,20,11.1613,6.841934214796302e-05,0.057,OPTIMAL
grid_3x3,seed_milpsnap_grid3x3_k10.json,144,9,12,20,11.1613,0.0,0.056,OPTIMAL
grid_3x3,seed_milpsnap_grid3x3_k10.json,145,9,12,22,11.1613,0.0,0.062,OPTIMAL
grid_3x3,seed_milpsnap_grid3x3_k10.json,146,9,12,24,11.1613,0.0,0.069,OPTIMAL
grid_3x3,seed_milpsnap_grid3x3_k10.json,147,9,12,25,11.1613,0.0,0.076,OPTIMAL
grid_3x3,seed_milpsnap_grid3x3_k10.json,148,9,12,25,11.1613,0.0,0.073,OPTIMAL
grid_3x3,seed_milpsnap_grid3x3_k10.json,149,9,12,27,11.1613,0.0,0.08,OPTIMAL
grid_3x3,seed_milpsnap_grid3x3_k10.json,150,9,12,26,11.1613,0.0,0.076,OPTIMAL
grid_3x3,seed_milpsnap_grid3x3_k10.json,151,9,12,23,11.1613,0.0,0.066,OPTIMAL
grid_3x3,seed_milpsnap_grid3x3_k10.json,152,9,12,19,11.1613,6.841934214796302e-05,0.054,OPTIMAL
grid_3x3,seed_milpsnap_grid3x3_k10.json,153,9,12,17,11.1613,6.841934214796302e-05,0.049,OPTIMAL
grid_3x3,seed_milpsnap_grid3x3_k10.json,154,9,12,20,11.1613,6.841934214796302e-05,0.057,OPTIMAL
grid_3x3,seed_milpsnap_grid3x3_k10.json,155,9,12,22,11.1613,0.0,0.066,OPTIMAL
grid_3x3,seed_milpsnap_grid3x3_k10.json,156,9,12,20,11.1613,0.0,0.059,OPTIMAL
grid_3x3,seed_milpsnap_grid3x3_k10.json,157,9,12,22,11.1613,0.0,0.064,OPTIMAL
grid_3x3,seed_milpsnap_grid3x3_k10.json,158,9,12,21,11.1613,0.0,0.064,OPTIMAL
grid_3x3,seed_milpsnap_grid3x3_k10.json,159,9,12,18,11.1613,0.0,0.054,OPTIMAL
grid_3x3,seed_milpsnap_grid3x3_k10.json,160,9,12,19,22.2678,0.0,0.044,OPTIMAL
grid_3x3,seed_milpsnap_grid3x3_k10.json,161,9,12,16,22.2678,0.0,0.036,OPTIMAL
grid_3x3,seed_milpsnap_grid3x3_k10.json,162,9,12,17,11.1613,6.841934214796302e-05,0.049,OPTIMAL
grid_3x3,seed_milpsnap_grid3x3_k10.json,163,9,12,16,11.1613,0.0,0.046,OPTIMAL
grid_3x3,seed_milpsnap_grid3x3_k10.json,164,9,12,16,11.1613,6.841934214796302e-05,0.045,OPTIMAL
grid_3x3,seed_milpsnap_grid3x3_k10.json,165,9,12,18,11.1613,6.841934214796302e-05,0.052,OPTIMAL
grid_3x3,seed_milpsnap_grid3x3_k10.json,166,9,12,16,11.1613,0.0,0.044,OPTIMAL
grid_3x3,seed_milpsnap_grid3x3_k10.json,167,9,12,18,11.1613,6.841934214796302e-05,0.049,OPTIMAL
grid_3x3,seed_milpsnap_grid3x3_k10.json,168,9,12,17,11.1613,0.0,0.052,OPTIMAL
grid_3x3,seed_milpsnap_grid3x3_k10.json,169,9,12,20,11.1613,6.841934214796302e-05,0.058,OPTIMAL
grid_3x3,seed_milpsnap_grid3x3_k10.json,170,9,12,22,11.1613,0.0,0.068,OPTIMAL
grid_3x3,seed_milpsnap_grid3x3_k10.json,171,9,12,21,11.1613,0.0,0.064,OPTIMAL
grid_3x3,seed_milpsnap_grid3x3_k10.json,172,9,12,20,11.1613,0.0,0.057,OPTIMAL
grid_3x3,seed_milpsnap_grid3x3_k10.json,173,9,12,18,11.1613,0.0,0.053,OPTIMAL
grid_3x3,seed_milpsnap_grid3x3_k10.json,174,9,12,20,11.1613,0.0,0.058,OPTIMAL
grid_3x3,seed_milpsnap_grid3x3_k10.json,175,9,12,17,11.1613,0.0,0.05,OPTIMAL
grid_3x3,seed_milpsnap_grid3x3_k10.json,176,9,12,20,11.1613,0.0,0.061,OPTIMAL
grid_3x3,seed_milpsnap_grid3x3_k10.json,177,9,12,20,11.1613,0.0,0.06,OPTIMAL
grid_3x3,seed_milpsnap_grid3x3_k10.json,178,9,12,21,11.1613,6.841934214796302e-05,0.059,OPTIMAL
grid_3x3,seed_milpsnap_grid3x3_k10.json,179,9,12,19,11.1613,0.0,0.059,OPTIMAL
grid_3x3,seed_milpsnap_grid3x3_k10.json,180,9,12,18,11.1613,0.0,0.053,OPTIMAL
grid_3x3,seed_milpsnap_grid3x3_k10.json,181,9,12,18,11.1613,6.841934214796302e-05,0.052,OPTIMAL
grid_3x3,seed_milpsnap_grid3x3_k10.json,182,9,12,19,11.1613,0.0,0.054,OPTIMAL
grid_3x3,seed_milpsnap_grid3x3_k10.json,183,9,12,18,11.1613,0.0,0.052,OPTIMAL
grid_3x3,seed_milpsnap_grid3x3_k10.json,184,9,12,17,11.1613,0.0,0.049,OPTIMAL
grid_3x3,seed_milpsnap_grid3x3_k10.json,185,9,12,17,11.1613,6.841934214796302e-05,0.049,OPTIMAL
grid_3x3,seed_milpsnap_grid3x3_k10.json,186,9,12,18,11.1613,0.0,0.051,OPTIMAL
grid_3x3,seed_milpsnap_grid3x3_k10.json,187,9,12,19,11.1613,6.841934214796302e-05,0.054,OPTIMAL
grid_3x3,seed_milpsnap_grid3x3_k10.json,188,9,12,19,11.1613,0.0,0.055,OPTIMAL
grid_3x3,seed_milpsnap_grid3x3_k10.json,189,9,12,18,11.1613,0.0,0.092,OPTIMAL
grid_3x3,seed_milpsnap_grid3x3_k10.json,190,9,12,17,11.1613,0.0,0.051,OPTIMAL
grid_3x3,seed_milpsnap_grid3x3_k10.json,191,9,12,19,11.1613,6.841934214796302e-05,0.055,OPTIMAL
grid_3x3,seed_milpsnap_grid3x3_k10.json,192,9,12,18,11.1613,0.0,0.052,OPTIMAL
grid_3x3,seed_milpsnap_grid3x3_k10.json,193,9,12,21,11.1613,0.0,0.061,OPTIMAL
grid_3x3,seed_milpsnap_grid3x3_k10.json,194,9,12,22,11.1613,0.0,0.065,OPTIMAL
grid_3x3,seed_milpsnap_grid3x3_k10.json,195,9,12,21,11.1613,0.0,0.062,OPTIMAL
grid_3x3,seed_milpsnap_grid3x3_k10.json,196,9,12,20,11.1613,0.0,0.056,OPTIMAL
grid_3x3,seed_milpsnap_grid3x3_k10.json,197,9,12,20,11.1613,6.841934214796302e-05,0.057,OPTIMAL
grid_3x3,seed_milpsnap_grid3x3_k10.json,198,9,12,18,11.1613,0.0,0.055,OPTIMAL
grid_3x3,seed_milpsnap_grid3x3_k10.json,199,9,12,18,11.1613,0.0,0.052,OPTIMAL
grid_3x3,seed_milpsnap_grid3x3_k10.json,200,9,12,17,11.1613,0.0,0.048,OPTIMAL
grid_3x3,seed_milpsnap_grid3x3_k10.json,201,9,12,17,11.1613,6.841934214796302e-05,0.048,OPTIMAL
grid_3x3,seed_milpsnap_grid3x3_k10.json,202,9,12,17,11.1613,0.0,0.046,OPTIMAL
grid_3x3,seed_milpsnap_grid3x3_k10.json,203,9,12,19,11.1613,0.0,0.056,OPTIMAL
grid_3x3,seed_milpsnap_grid3x3_k10.json,204,9,12,18,11.1613,0.0,0.054,OPTIMAL
grid_3x3,seed_milpsnap_grid3x3_k10.json,205,9,12,15,11.1613,0.0,0.042,OPTIMAL
grid_3x3,seed_milpsnap_grid3x3_k10.json,206,9,12,16,11.1613,0.0,0.049,OPTIMAL
grid_3x3,seed_milpsnap_grid3x3_k10.json,207,9,12,14,11.1613,0.0,0.04,OPTIMAL
grid_3x3,seed_milpsnap_grid3x3_k10.json,208,9,12,13,11.1613,0.0,0.038,OPTIMAL
grid_3x3,seed_milpsnap_grid3x3_k10.json,209,9,12,12,11.1613,0.0,0.035,OPTIMAL
grid_3x3,seed_milpsnap_grid3x3_k10.json,210,9,12,13,11.1613,0.0,0.04,OPTIMAL
grid_3x3,seed_milpsnap_grid3x3_k10.json,211,9,12,13,11.1613,0.0,0.039,OPTIMAL
grid_3x3,seed_milpsnap_grid3x3_k10.json,212,9,12,14,11.1613,0.0,0.039,OPTIMAL
grid_3x3,seed_milpsnap_grid3x3_k10.json,213,9,12,17,11.1613,6.841934214796302e-05,0.05,OPTIMAL
grid_3x3,seed_milpsnap_grid3x3_k10.json,214,9,12,18,11.1613,0.0,0.057,OPTIMAL
grid_3x3,seed_milpsnap_grid3x3_k10.json,215,9,12,19,11.1613,0.0,0.056,OPTIMAL
grid_3x3,seed_milpsnap_grid3x3_k10.json,216,9,12,19,11.1613,0.0,0.056,OPTIMAL
grid_3x3,seed_milpsnap_grid3x3_k10.json,217,9,12,17,11.1613,0.0,0.049,OPTIMAL
grid_3x3,seed_milpsnap_grid3x3_k10.json,218,9,12,18,11.1613,0.0,0.052,OPTIMAL
grid_3x3,seed_milpsnap_grid3x3_k10.json,219,9,12,21,11.1613,0.0,0.06,OPTIMAL
grid_3x3,seed_milpsnap_grid3x3_k10.json,220,9,12,20,11.1613,0.0,0.059,OPTIMAL
grid_3x3,seed_milpsnap_grid3x3_k10.json,221,9,12,21,11.1613,0.0,0.06,OPTIMAL
grid_3x3,seed_milpsnap_grid3x3_k10.json,222,9,12,22,11.1613,6.841934214796302e-05,0.064,OPTIMAL
grid_3x3,seed_milpsnap_grid3x3_k10.json,223,9,12,23,11.1613,0.0,0.066,OPTIMAL
grid_3x3,seed_milpsnap_grid3x3_k10.json,224,9,12,24,11.1613,0.0,0.071,OPTIMAL
grid_3x3,seed_milpsnap_grid3x3_k10.json,225,9,12,24,11.1613,0.0,0.068,OPTIMAL
grid_3x3,seed_milpsnap_grid3x3_k10.json,226,9,12,25,11.1613,0.0,0.073,OPTIMAL
grid_3x3,seed_milpsnap_grid3x3_k10.json,227,9,12,24,11.1613,0.0,0.069,OPTIMAL
grid_3x3,seed_milpsnap_grid3x3_k10.json,228,9,12,24,11.1613,0.0,0.07,OPTIMAL
grid_3x3,seed_milpsnap_grid3x3_k10.json,229,9,12,26,11.1613,0.0,0.076,OPTIMAL
grid_3x3,seed_milpsnap_grid3x3_k10.json,230,9,12,26,11.1613,0.0,0.08,OPTIMAL
grid_3x3,seed_milpsnap_grid3x3_k10.json,231,9,12,28,11.1613,0.0,0.085,OPTIMAL
grid_3x3,seed_milpsnap_grid3x3_k10.json,232,9,12,28,11.1613,0.0,0.087,OPTIMAL
grid_3x3,seed_milpsnap_grid3x3_k10.json,233,9,12,26,11.1613,0.0,0.078,OPTIMAL
grid_3x3,seed_milpsnap_grid3x3_k10.json,234,9,12,27,11.1613,0.0,0.08,OPTIMAL
grid_3x3,seed_milpsnap_grid3x3_k10.json,235,9,12,27,11.1613,0.0,0.083,OPTIMAL
grid_3x3,seed_milpsnap_grid3x3_k10.json,236,9,12,26,11.1613,6.841934214796302e-05,0.075,OPTIMAL
grid_3x3,seed_milpsnap_grid3x3_k10.json,237,9,12,25,11.1613,0.0,0.074,OPTIMAL
grid_3x3,seed_milpsnap_grid3x3_k10.json,238,9,12,27,11.1613,0.0,0.078,OPTIMAL
grid_3x3,seed_milpsnap_grid3x3_k10.json,239,9,12,25,11.1613,0.0,0.077,OPTIMAL
grid_3x3,seed_milpsnap_grid3x3_k10.json,240,9,12,24,11.1613,0.0,0.073,OPTIMAL
grid_3x3,seed_milpsnap_grid3x3_k10.json,241,9,12,22,11.1613,0.0,0.067,OPTIMAL
grid_3x3,seed_milpsnap_grid3x3_k10.json,242,9,12,20,11.1613,0.0,0.06,OPTIMAL
grid_3x3,seed_milpsnap_grid3x3_k10.json,243,9,12,21,11.1613,0.0,0.062,OPTIMAL
grid_3x3,seed_milpsnap_grid3x3_k10.json,244,9,12,19,11.1613,0.0,0.065,OPTIMAL
grid_3x3,seed_milpsnap_grid3x3_k10.json,245,9,12,19,11.1613,0.0,0.057,OPTIMAL
grid_3x3,seed_milpsnap_grid3x3_k10.json,246,9,12,17,11.1613,0.0,0.051,OPTIMAL
grid_3x3,seed_milpsnap_grid3x3_k10.json,247,9,12,18,11.1613,0.0,0.052,OPTIMAL
grid_3x3,seed_milpsnap_grid3x3_k10.json,248,9,12,18,11.1613,0.0,0.052,OPTIMAL
grid_3x3,seed_milpsnap_grid3x3_k10.json,249,9,12,17,11.1613,0.0,0.05,OPTIMAL
grid_3x3,seed_milpsnap_grid3x3_k10.json,250,9,12,17,11.1613,0.0,0.053,OPTIMAL
grid_3x3,seed_milpsnap_grid3x3_k10.json,251,9,12,16,11.1613,0.0,0.048,OPTIMAL
grid_3x3,seed_milpsnap_grid3x3_k10.json,252,9,12,17,11.1613,0.0,0.051,OPTIMAL
grid_3x3,seed_milpsnap_grid3x3_k10.json,253,9,12,18,11.1613,0.0,0.051,OPTIMAL
grid_3x3,seed_milpsnap_grid3x3_k10.json,254,9,12,17,11.1613,0.0,0.05,OPTIMAL
grid_3x3,seed_milpsnap_grid3x3_k10.json,255,9,12,18,11.1613,0.0,0.051,OPTIMAL
grid_3x3,seed_milpsnap_grid3x3_k10.json,256,9,12,19,11.1613,0.0,0.052,OPTIMAL
grid_3x3,seed_milpsnap_grid3x3_k10.json,257,9,12,18,11.1613,0.0,0.052,OPTIMAL
grid_3x3,seed_milpsnap_grid3x3_k10.json,258,9,12,16,11.1613,0.0,0.045,OPTIMAL
grid_3x3,seed_milpsnap_grid3x3_k10.json,259,9,12,1,66.694,0.0,0.005,OPTIMAL
grid_3x3,seed_milpsnap_grid3x3_k10.json,260,9,12,2,55.5875,0.0,0.007,OPTIMAL
grid_3x3,seed_milpsnap_grid3x3_k10.json,261,9,12,4,33.3744,0.0,0.012,OPTIMAL
grid_3x3,seed_milpsnap_grid3x3_k10.json,262,9,12,5,33.3744,0.0,0.014,OPTIMAL
grid_3x3,seed_milpsnap_grid3x3_k10.json,263,9,12,7,22.2678,7.819525354826075e-05,0.026,OPTIMAL
grid_3x3,seed_milpsnap_grid3x3_k10.json,264,9,12,9,11.1613,0.0,0.028,OPTIMAL
grid_3x3,seed_milpsnap_grid3x3_k10.json,265,9,12,11,11.1613,0.0,0.032,OPTIMAL
grid_3x3,seed_milpsnap_grid3x3_k10.json,266,9,12,10,11.1613,0.0,0.031,OPTIMAL
grid_3x3,seed_milpsnap_grid3x3_k10.json,267,9,12,11,11.1613,0.0,0.033,OPTIMAL
grid_3x3,seed_milpsnap_grid3x3_k10.json,268,9,12,12,11.1613,0.0,0.037,OPTIMAL
grid_3x3,seed_milpsnap_grid3x3_k10.json,269,9,12,13,11.1613,0.0,0.039,OPTIMAL
grid_3x3,seed_milpsnap_grid3x3_k10.json,270,9,12,12,11.1613,0.0,0.036,OPTIMAL
grid_3x3,seed_milpsnap_grid3x3_k10.json,271,9,12,13,11.1613,6.841934214796302e-05,0.039,OPTIMAL
grid_3x3,seed_milpsnap_grid3x3_k10.json,272,9,12,14,11.1613,0.0,0.041,OPTIMAL
grid_3x3,seed_milpsnap_grid3x3_k10.json,273,9,12,15,11.1613,0.0,0.043,OPTIMAL
grid_3x3,seed_milpsnap_grid3x3_k10.json,274,9,12,15,11.1613,0.0,0.042,OPTIMAL
grid_3x3,seed_milpsnap_grid3x3_k10.json,275,9,12,13,11.1613,0.0,0.037,OPTIMAL
grid_3x3,seed_milpsnap_grid3x3_k10.json,276,9,12,15,11.1613,0.0,0.046,OPTIMAL
grid_3x3,seed_milpsnap_grid3x3_k10.json,277,9,12,17,11.1613,0.0,0.049,OPTIMAL
grid_3x3,seed_milpsnap_grid3x3_k10.json,278,9,12,16,11.1613,0.0,0.047,OPTIMAL
grid_3x3,seed_milpsnap_grid3x3_k10.json,279,9,12,15,11.1613,0.0,0.042,OPTIMAL
grid_3x3,seed_milpsnap_grid3x3_k10.json,280,9,12,15,11.1613,0.0,0.044,OPTIMAL
grid_3x3,seed_milpsnap_grid3x3_k10.json,281,9,12,17,11.1613,0.0,0.05,OPTIMAL
grid_3x3,seed_milpsnap_grid3x3_k10.json,282,9,12,19,11.1613,6.841934214796302e-05,0.055,OPTIMAL
grid_3x3,seed_milpsnap_grid3x3_k10.json,283,9,12,16,11.1613,0.0,0.049,OPTIMAL
grid_3x3,seed_milpsnap_grid3x3_k10.json,284,9,12,17,11.1613,0.0,0.051,OPTIMAL
grid_3x3,seed_milpsnap_grid3x3_k10.json,285,9,12,16,11.1613,0.0,0.047,OPTIMAL
grid_3x3,seed_milpsnap_grid3x3_k10.json,286,9,12,14,11.1613,0.0,0.042,OPTIMAL
grid_3x3,seed_milpsnap_grid3x3_k10.json,287,9,12,16,11.1613,0.0,0.046,OPTIMAL
grid_3x3,seed_milpsnap_grid3x3_k10.json,288,9,12,16,11.1613,0.0,0.045,OPTIMAL
grid_3x3,seed_milpsnap_grid3x3_k10.json,289,9,12,14,11.1613,0.0,0.044,OPTIMAL
grid_3x3,seed_milpsnap_grid3x3_k10.json,290,9,12,15,11.1613,0.0,0.047,OPTIMAL
grid_3x3,seed_milpsnap_grid3x3_k10.json,291,9,12,16,11.1613,0.0,0.056,OPTIMAL
grid_3x3,seed_milpsnap_grid3x3_k10.json,292,9,12,17,11.1613,0.0,0.05,OPTIMAL
grid_3x3,seed_milpsnap_grid3x3_k10.json,293,9,12,19,11.1613,0.0,0.056,OPTIMAL
grid_3x3,seed_milpsnap_grid3x3_k10.json,294,9,12,16,11.1613,0.0,0.048,OPTIMAL
grid_3x3,seed_milpsnap_grid3x3_k10.json,295,9,12,17,11.1613,0.0,0.049,OPTIMAL
grid_3x3,seed_milpsnap_grid3x3_k10.json,296,9,12,15,11.1613,0.0,0.045,OPTIMAL
grid_3x3,seed_milpsnap_grid3x3_k10.json,297,9,12,16,11.1613,0.0,0.046,OPTIMAL
grid_3x3,seed_milpsnap_grid3x3_k10.json,298,9,12,15,11.1613,0.0,0.043,OPTIMAL
grid_3x3,seed_milpsnap_grid3x3_k10.json,299,9,12,16,11.1613,6.841934214796302e-05,0.045,OPTIMAL
grid_3x3,seed_milpsnap_grid3x3_k10.json,300,9,12,17,11.1613,0.0,0.051,OPTIMAL
grid_3x3,seed_milpsnap_grid3x3_k10.json,301,9,12,16,11.1613,0.0,0.049,OPTIMAL
grid_3x3,seed_milpsnap_grid3x3_k10.json,302,9,12,17,11.1613,0.0,0.053,OPTIMAL
grid_3x3,seed_milpsnap_grid3x3_k10.json,303,9,12,18,11.1613,0.0,0.052,OPTIMAL
grid_3x3,seed_milpsnap_grid3x3_k10.json,304,9,12,19,11.1613,0.0,0.054,OPTIMAL
grid_3x3,seed_milpsnap_grid3x3_k10.json,305,9,12,19,11.1613,0.0,0.054,OPTIMAL
grid_3x3,seed_milpsnap_grid3x3_k10.json,306,9,12,20,11.1613,0.0,0.059,OPTIMAL
grid_3x3,seed_milpsnap_grid3x3_k10.json,307,9,12,19,11.1613,0.0,0.057,OPTIMAL
grid_3x3,seed_milpsnap_grid3x3_k10.json,308,9,12,20,11.1613,0.0,0.061,OPTIMAL
grid_3x3,seed_milpsnap_grid3x3_k10.json,309,9,12,21,11.1613,0.0,0.061,OPTIMAL
grid_3x3,seed_milpsnap_grid3x3_k10.json,310,9,12,22,11.1613,0.0,0.065,OPTIMAL
grid_3x3,seed_milpsnap_grid3x3_k10.json,311,9,12,22,11.1613,0.0,0.065,OPTIMAL
grid_3x3,seed_milpsnap_grid3x3_k10.json,312,9,12,21,11.1613,0.0,0.064,OPTIMAL
grid_3x3,seed_milpsnap_grid3x3_k10.json,313,9,12,19,11.1613,0.0,0.056,OPTIMAL
grid_3x3,seed_milpsnap_grid3x3_k10.json,314,9,12,21,11.1613,0.0,0.062,OPTIMAL
grid_3x3,seed_milpsnap_grid3x3_k10.json,315,9,12,20,11.1613,0.0,0.058,OPTIMAL
grid_3x3,seed_milpsnap_grid3x3_k10.json,316,9,12,18,11.1613,0.0,0.053,OPTIMAL
grid_3x3,seed_milpsnap_grid3x3_k10.json,317,9,12,17,11.1613,0.0,0.048,OPTIMAL
grid_3x3,seed_milpsnap_grid3x3_k10.json,318,9,12,17,11.1613,0.0,0.053,OPTIMAL
grid_3x3,seed_milpsnap_grid3x3_k10.json,319,9,12,16,11.1613,0.0,0.048,OPTIMAL
grid_3x3,seed_milpsnap_grid3x3_k10.json,320,9,12,15,11.1613,6.841934214796302e-05,0.045,OPTIMAL
grid_3x3,seed_milpsnap_grid3x3_k10.json,321,9,12,17,11.1613,0.0,0.051,OPTIMAL
grid_3x3,seed_milpsnap_grid3x3_k10.json,322,9,12,16,11.1613,0.0,0.046,OPTIMAL
grid_3x3,seed_milpsnap_grid3x3_k10.json,323,9,12,15,11.1613,6.841934214796302e-05,0.046,OPTIMAL
grid_3x3,seed_milpsnap_grid3x3_k10.json,324,9,12,15,11.1613,0.0,0.042,OPTIMAL
grid_3x3,seed_milpsnap_grid3x3_k10.json,325,9,12,15,11.1613,0.0,0.043,OPTIMAL
grid_3x3,seed_milpsnap_grid3x3_k10.json,326,9,12,16,11.1613,0.0,0.047,OPTIMAL
grid_3x3,seed_milpsnap_grid3x3_k10.json,327,9,12,14,11.1613,0.0,0.043,OPTIMAL
grid_3x3,seed_milpsnap_grid3x3_k10.json,328,9,12,18,11.1613,0.0,0.051,OPTIMAL
grid_3x3,seed_milpsnap_grid3x3_k10.json,329,9,12,20,11.1613,6.841934214796302e-05,0.059,OPTIMAL
grid_3x3,seed_milpsnap_grid3x3_k10.json,330,9,12,18,11.1613,0.0,0.05,OPTIMAL
grid_3x3,seed_milpsnap_grid3x3_k10.json,331,9,12,18,11.1613,6.841934214796302e-05,0.055,OPTIMAL
grid_3x3,seed_milpsnap_grid3x3_k10.json,332,9,12,19,11.1613,0.0,0.055,OPTIMAL
grid_3x3,seed_milpsnap_grid3x3_k10.json,333,9,12,21,11.1613,0.0,0.062,OPTIMAL
grid_3x3,seed_milpsnap_grid3x3_k10.json,334,9,12,22,11.1613,0.0,0.065,OPTIMAL
grid_3x3,seed_milpsnap_grid3x3_k10.json,335,9,12,21,11.1613,0.0,0.059,OPTIMAL
grid_3x3,seed_milpsnap_grid3x3_k10.json,336,9,12,21,11.1613,0.0,0.059,OPTIMAL
grid_3x3,seed_milpsnap_grid3x3_k10.json,337,9,12,22,11.1613,0.0,0.063,OPTIMAL
grid_3x3,seed_milpsnap_grid3x3_k10.json,338,9,12,23,11.1613,0.0,0.067,OPTIMAL
grid_3x3,seed_milpsnap_grid3x3_k10.json,339,9,12,24,11.1613,6.841934214796302e-05,0.07,OPTIMAL
grid_3x3,seed_milpsnap_grid3x3_k10.json,340,9,12,23,11.1613,0.0,0.068,OPTIMAL
grid_3x3,seed_milpsnap_grid3x3_k10.json,341,9,12,19,11.1613,0.0,0.057,OPTIMAL
grid_3x3,seed_milpsnap_grid3x3_k10.json,342,9,12,16,11.1613,0.0,0.046,OPTIMAL
grid_3x3,seed_milpsnap_grid3x3_k10.json,343,9,12,20,11.1613,0.0,0.059,OPTIMAL
grid_3x3,seed_milpsnap_grid3x3_k10.json,344,9,12,19,11.1613,0.0,0.057,OPTIMAL
grid_3x3,seed_milpsnap_grid3x3_k10.json,345,9,12,21,11.1613,0.0,0.065,OPTIMAL
grid_3x3,seed_milpsnap_grid3x3_k10.json,346,9,12,18,11.1613,6.841934214796302e-05,0.054,OPTIMAL
grid_3x3,seed_milpsnap_grid3x3_k10.json,347,9,12,13,11.1613,0.0,0.038,OPTIMAL
grid_3x3,seed_milpsnap_grid3x3_k10.json,348,9,12,13,11.1613,6.841934214796302e-05,0.037,OPTIMAL
grid_3x3,seed_milpsnap_grid3x3_k10.json,349,9,12,15,11.1613,6.841934214796302e-05,0.044,OPTIMAL
grid_3x3,seed_milpsnap_grid3x3_k10.json,350,9,12,16,11.1613,0.0,0.048,OPTIMAL
grid_3x3,seed_milpsnap_grid3x3_k10.json,351,9,12,15,11.1613,0.0,0.044,OPTIMAL
grid_3x3,seed_milpsnap_grid3x3_k10.json,352,9,12,16,11.1613,0.0,0.048,OPTIMAL
grid_3x3,seed_milpsnap_grid3x3_k10.json,353,9,12,16,11.1613,0.0,0.048,OPTIMAL
grid_3x3,seed_milpsnap_grid3x3_k10.json,354,9,12,19,11.1613,0.0,0.056,OPTIMAL
grid_3x3,seed_milpsnap_grid3x3_k10.json,355,9,12,20,11.1613,0.0,0.057,OPTIMAL
grid_3x3,seed_milpsnap_grid3x3_k10.json,356,9,12,22,11.1613,0.0,0.064,OPTIMAL
grid_3x3,seed_milpsnap_grid3x3_k10.json,357,9,12,23,11.1613,0.0,0.066,OPTIMAL
grid_3x3,seed_milpsnap_grid3x3_k10.json,358,9,12,20,11.1613,0.0,0.057,OPTIMAL
grid_3x3,seed_milpsnap_grid3x3_k10.json,359,9,12,21,11.1613,0.0,0.06,OPTIMAL
grid_3x3,seed_milpsnap_grid3x3_k10.json,360,9,12,19,11.1613,0.0,0.056,OPTIMAL
grid_3x3,seed_milpsnap_grid3x3_k10.json,361,9,12,23,11.1613,0.0,0.069,OPTIMAL
grid_3x3,seed_milpsnap_grid3x3_k10.json,362,9,12,23,11.1613,0.0,0.067,OPTIMAL
grid_3x3,seed_milpsnap_grid3x3_k10.json,363,9,12,21,11.1613,0.0,0.059,OPTIMAL
grid_3x3,seed_milpsnap_grid3x3_k10.json,364,9,12,20,11.1613,0.0,0.058,OPTIMAL
grid_3x3,seed_milpsnap_grid3x3_k10.json,365,9,12,19,11.1613,0.0,0.055,OPTIMAL
grid_3x3,seed_milpsnap_grid3x3_k10.json,366,9,12,18,11.1613,0.0,0.055,OPTIMAL
grid_3x3,seed_milpsnap_grid3x3_k10.json,367,9,12,18,11.1613,6.841934214796302e-05,0.054,OPTIMAL
grid_3x3,seed_milpsnap_grid3x3_k10.json,368,9,12,16,11.1613,0.0,0.049,OPTIMAL
grid_3x3,seed_milpsnap_grid3x3_k10.json,369,9,12,16,11.1613,0.0,0.048,OPTIMAL
grid_3x3,seed_milpsnap_grid3x3_k10.json,370,9,12,15,11.1613,0.0,0.044,OPTIMAL
grid_3x3,seed_milpsnap_grid3x3_k10.json,371,9,12,16,11.1613,0.0,0.046,OPTIMAL
grid_3x3,seed_milpsnap_grid3x3_k10.json,372,9,12,15,11.1613,0.0,0.044,OPTIMAL
grid_3x3,seed_milpsnap_grid3x3_k10.json,373,9,12,15,11.1613,0.0,0.043,OPTIMAL
grid_3x3,seed_milpsnap_grid3x3_k10.json,374,9,12,18,11.1613,0.0,0.055,OPTIMAL
grid_3x3,seed_milpsnap_grid3x3_k10.json,375,9,12,15,11.1613,0.0,0.043,OPTIMAL
grid_3x3,seed_milpsnap_grid3x3_k10.json,376,9,12,16,11.1613,0.0,0.045,OPTIMAL
grid_3x3,seed_milpsnap_grid3x3_k10.json,377,9,12,17,11.1613,0.0,0.047,OPTIMAL
grid_3x3,seed_milpsnap_grid3x3_k10.json,378,9,12,18,11.1613,0.0,0.051,OPTIMAL
grid_3x3,seed_milpsnap_grid3x3_k10.json,379,9,12,19,11.1613,0.0,0.054,OPTIMAL
grid_3x3,seed_milpsnap_grid3x3_k10.json,380,9,12,18,11.1613,0.0,0.053,OPTIMAL
grid_3x3,seed_milpsnap_grid3x3_k10.json,381,9,12,20,11.1613,0.0,0.058,OPTIMAL
grid_3x3,seed_milpsnap_grid3x3_k10.json,382,9,12,21,11.1613,0.0,0.06,OPTIMAL
grid_3x3,seed_milpsnap_grid3x3_k10.json,383,9,12,20,11.1613,0.0,0.058,OPTIMAL
grid_3x3,seed_milpsnap_grid3x3_k10.json,384,9,12,20,11.1613,0.0,0.057,OPTIMAL
grid_3x3,seed_milpsnap_grid3x3_k10.json,385,9,12,18,11.1613,6.841934214796302e-05,0.053,OPTIMAL
grid_3x3,seed_milpsnap_grid3x3_k10.json,386,9,12,18,11.1613,0.0,0.051,OPTIMAL
grid_3x3,seed_milpsnap_grid3x3_k10.json,387,9,12,15,11.1613,0.0,0.042,OPTIMAL
grid_3x3,seed_milpsnap_grid3x3_k10.json,388,9,12,1,55.5875,0.0,0.006,OPTIMAL
grid_3x3,seed_milpsnap_grid3x3_k10.json,389,9,12,3,33.3744,0.0,0.012,OPTIMAL
grid_3x3,seed_milpsnap_grid3x3_k10.json,390,9,12,6,22.2678,0.0,0.015,OPTIMAL
grid_3x3,seed_milpsnap_grid3x3_k10.json,391,9,12,8,22.2678,0.0,0.02,OPTIMAL
grid_3x3,seed_milpsnap_grid3x3_k10.json,392,9,12,9,11.1613,0.0,0.027,OPTIMAL
grid_3x3,seed_milpsnap_grid3x3_k10.json,393,9,12,10,11.1613,0.0,0.031,OPTIMAL
grid_3x3,seed_milpsnap_grid3x3_k10.json,394,9,12,12,11.1613,0.0,0.039,OPTIMAL
grid_3x3,seed_milpsnap_grid3x3_k10.json,395,9,12,14,11.1613,0.0,0.041,OPTIMAL
grid_3x3,seed_milpsnap_grid3x3_k10.json,396,9,12,16,11.1613,0.0,0.049,OPTIMAL
grid_3x3,seed_milpsnap_grid3x3_k10.json,397,9,12,17,11.1613,0.0,0.051,OPTIMAL
grid_3x3,seed_milpsnap_grid3x3_k10.json,398,9,12,19,11.1613,0.0,0.056,OPTIMAL
grid_3x3,seed_milpsnap_grid3x3_k10.json,399,9,12,20,11.1613,0.0,0.059,OPTIMAL
grid_3x3,seed_milpsnap_grid3x3_k10.json,400,9,12,22,11.1613,0.0,0.066,OPTIMAL
grid_3x3,seed_milpsnap_grid3x3_k10.json,401,9,12,23,11.1613,0.0,0.071,OPTIMAL
grid_3x3,seed_milpsnap_grid3x3_k10.json,402,9,12,24,11.1613,0.0,0.072,OPTIMAL
grid_3x3,seed_milpsnap_grid3x3_k10.json,403,9,12,22,11.1613,0.0,0.066,OPTIMAL
grid_3x3,seed_milpsnap_grid3x3_k10.json,404,9,12,22,11.1613,0.0,0.063,OPTIMAL
grid_3x3,seed_milpsnap_grid3x3_k10.json,405,9,12,20,11.1613,0.0,0.058,OPTIMAL
grid_3x3,seed_milpsnap_grid3x3_k10.json,406,9,12,20,11.1613,0.0,0.059,OPTIMAL
grid_3x3,seed_milpsnap_grid3x3_k10.json,407,9,12,22,11.1613,0.0,0.064,OPTIMAL
grid_3x3,seed_milpsnap_grid3x3_k10.json,408,9,12,20,11.1613,0.0,0.061,OPTIMAL
grid_3x3,seed_milpsnap_grid3x3_k10.json,409,9,12,21,11.1613,0.0,0.06,OPTIMAL
grid_3x3,seed_milpsnap_grid3x3_k10.json,410,9,12,20,11.1613,0.0,0.057,OPTIMAL
grid_3x3,seed_milpsnap_grid3x3_k10.json,411,9,12,19,11.1613,0.0,0.056,OPTIMAL
grid_3x3,seed_milpsnap_grid3x3_k10.json,412,9,12,18,11.1613,0.0,0.053,OPTIMAL
grid_3x3,seed_milpsnap_grid3x3_k10.json,413,9,12,17,11.1613,6.841934214796302e-05,0.047,OPTIMAL
grid_3x3,seed_milpsnap_grid3x3_k10.json,414,9,12,17,11.1613,0.0,0.048,OPTIMAL
grid_3x3,seed_milpsnap_grid3x3_k10.json,415,9,12,18,11.1613,0.0,0.052,OPTIMAL
grid_3x3,seed_milpsnap_grid3x3_k10.json,416,9,12,18,11.1613,6.841934214796302e-05,0.052,OPTIMAL
grid_3x3,seed_milpsnap_grid3x3_k10.json,417,9,12,21,11.1613,6.841934214796302e-05,0.063,OPTIMAL
grid_3x3,seed_milpsnap_grid3x3_k10.json,418,9,12,19,11.1613,6.841934214796302e-05,0.058,OPTIMAL
grid_3x3,seed_milpsnap_grid3x3_k10.json,419,9,12,22,11.1613,0.0,0.064,OPTIMAL
grid_3x3,seed_milpsnap_grid3x3_k10.json,420,9,12,23,11.1613,6.841934214796302e-05,0.067,OPTIMAL
grid_3x3,seed_milpsnap_grid3x3_k10.json,421,9,12,22,11.1613,0.0,0.065,OPTIMAL
grid_3x3,seed_milpsnap_grid3x3_k10.json,422,9,12,19,11.1613,0.0,0.058,OPTIMAL
grid_3x3,seed_milpsnap_grid3x3_k10.json,423,9,12,21,11.1613,0.0,0.06,OPTIMAL
grid_3x3,seed_milpsnap_grid3x3_k10.json,424,9,12,19,11.1613,0.0,0.058,OPTIMAL
grid_3x3,seed_milpsnap_grid3x3_k10.json,425,9,12,18,11.1613,6.841934214796302e-05,0.054,OPTIMAL
grid_3x3,seed_milpsnap_grid3x3_k10.json,426,9,12,19,11.1613,6.841934214796302e-05,0.056,OPTIMAL
grid_3x3,seed_milpsnap_grid3x3_k10.json,427,9,12,20,11.1613,0.0,0.058,OPTIMAL
grid_3x3,seed_milpsnap_grid3x3_k10.json,428,9,12,21,11.1613,6.841934214796302e-05,0.062,OPTIMAL
grid_3x3,seed_milpsnap_grid3x3_k10.json,429,9,12,20,11.1613,0.0,0.058,OPTIMAL
grid_3x3,seed_milpsnap_grid3x3_k10.json,430,9,12,19,11.1613,0.0,0.056,OPTIMAL
grid_3x3,seed_milpsnap_grid3x3_k10.json,431,9,12,17,11.1613,0.0,0.05,OPTIMAL
grid_3x3,seed_milpsnap_grid3x3_k10.json,432,9,12,15,11.1613,0.0,0.044,OPTIMAL
grid_3x3,seed_milpsnap_grid3x3_k10.json,433,9,12,17,11.1613,0.0,0.049,OPTIMAL
grid_3x3,seed_milpsnap_grid3x3_k10.json,434,9,12,15,11.1613,0.0,0.044,OPTIMAL
grid_3x3,seed_milpsnap_grid3x3_k10.json,435,9,12,14,11.1613,0.0,0.044,OPTIMAL
grid_3x3,seed_milpsnap_grid3x3_k10.json,436,9,12,15,11.1613,0.0,0.045,OPTIMAL
grid_3x3,seed_milpsnap_grid3x3_k10.json,437,9,12,14,22.2678,0.0,0.031,OPTIMAL
grid_3x3,seed_milpsnap_grid3x3_k10.json,438,9,12,14,11.1613,0.0,0.039,OPTIMAL
grid_3x3,seed_milpsnap_grid3x3_k10.json,439,9,12,17,11.1613,6.841934214796302e-05,0.049,OPTIMAL
grid_3x3,seed_milpsnap_grid3x3_k10.json,440,9,12,17,11.1613,0.0,0.048,OPTIMAL
grid_3x3,seed_milpsnap_grid3x3_k10.json,441,9,12,16,11.1613,0.0,0.048,OPTIMAL
grid_3x3,seed_milpsnap_grid3x3_k10.json,442,9,12,18,11.1613,0.0,0.052,OPTIMAL
grid_3x3,seed_milpsnap_grid3x3_k10.json,443,9,12,18,11.1613,0.0,0.053,OPTIMAL
grid_3x3,seed_milpsnap_grid3x3_k10.json,444,9,12,20,11.1613,6.841934214796302e-05,0.057,OPTIMAL
grid_3x3,seed_milpsnap_grid3x3_k10.json,445,9,12,22,11.1613,0.0,0.069,OPTIMAL
grid_3x3,seed_milpsnap_grid3x3_k10.json,446,9,12,23,11.1613,0.0,0.07,OPTIMAL
grid_3x3,seed_milpsnap_grid3x3_k10.json,447,9,12,23,11.1613,6.841934214796302e-05,0.067,OPTIMAL
grid_3x3,seed_milpsnap_grid3x3_k10.json,448,9,12,26,11.1613,6.841934214796302e-05,0.076,OPTIMAL
grid_3x3,seed_milpsnap_grid3x3_k10.json,449,9,12,27,11.1613,6.841934214796302e-05,0.079,OPTIMAL
grid_3x3,seed_milpsnap_grid3x3_k10.json,450,9,12,26,11.1613,6.841934214796302e-05,0.088,OPTIMAL
grid_3x3,seed_milpsnap_grid3x3_k10.json,451,9,12,27,11.1613,0.0,0.145,OPTIMAL
grid_3x3,seed_milpsnap_grid3x3_k10.json,452,9,12,27,11.1613,6.841934214796302e-05,0.096,OPTIMAL
grid_3x3,seed_milpsnap_grid3x3_k10.json,453,9,12,27,11.1613,0.0,0.084,OPTIMAL
grid_3x3,seed_milpsnap_grid3x3_k10.json,454,9,12,24,11.1613,0.0,0.07,OPTIMAL
grid_3x3,seed_milpsnap_grid3x3_k10.json,455,9,12,23,11.1613,0.0,0.072,OPTIMAL
grid_3x3,seed_milpsnap_grid3x3_k10.json,456,9,12,24,11.1613,0.0,0.071,OPTIMAL
grid_3x3,seed_milpsnap_grid3x3_k10.json,457,9,12,22,11.1613,0.0,0.065,OPTIMAL
grid_3x3,seed_milpsnap_grid3x3_k10.json,458,9,12,21,11.1613,0.0,0.065,OPTIMAL
grid_3x3,seed_milpsnap_grid3x3_k10.json,459,9,12,21,11.1613,0.0,0.063,OPTIMAL
grid_3x3,seed_milpsnap_grid3x3_k10.json,460,9,12,20,11.1613,6.841934214796302e-05,0.058,OPTIMAL
grid_3x3,seed_milpsnap_grid3x3_k10.json,461,9,12,20,11.1613,0.0,0.06,OPTIMAL
grid_3x3,seed_milpsnap_grid3x3_k10.json,462,9,12,17,11.1613,0.0,0.049,OPTIMAL
grid_3x3,seed_milpsnap_grid3x3_k10.json,463,9,12,13,22.2678,0.0,0.034,OPTIMAL
grid_3x3,seed_milpsnap_grid3x3_k10.json,464,9,12,14,11.1613,0.0,0.042,OPTIMAL
grid_3x3,seed_milpsnap_grid3x3_k10.json,465,9,12,15,11.1613,6.841934214796302e-05,0.048,OPTIMAL
grid_3x3,seed_milpsnap_grid3x3_k10.json,466,9,12,14,11.1613,6.841934214796302e-05,0.04,OPTIMAL
grid_3x3,seed_milpsnap_grid3x3_k10.json,467,9,12,16,11.1613,0.0,0.047,OPTIMAL
grid_3x3,seed_milpsnap_grid3x3_k10.json,468,9,12,16,11.1613,0.0,0.046,OPTIMAL
grid_3x3,seed_milpsnap_grid3x3_k10.json,469,9,12,17,11.1613,0.0,0.049,OPTIMAL
grid_3x3,seed_milpsnap_grid3x3_k10.json,470,9,12,18,11.1613,0.0,0.053,OPTIMAL
grid_3x3,seed_milpsnap_grid3x3_k10.json,471,9,12,18,11.1613,0.0,0.054,OPTIMAL
grid_3x3,seed_milpsnap_grid3x3_k10.json,472,9,12,17,11.1613,0.0,0.049,OPTIMAL
grid_3x3,seed_milpsnap_grid3x3_k10.json,473,9,12,14,11.1613,0.0,0.039,OPTIMAL
grid_3x3,seed_milpsnap_grid3x3_k10.json,474,9,12,14,11.1613,0.0,0.041,OPTIMAL
grid_3x3,seed_milpsnap_grid3x3_k10.json,475,9,12,12,11.1613,0.0,0.034,OPTIMAL
grid_3x3,seed_milpsnap_grid3x3_k10.json,476,9,12,15,11.1613,6.841934214796302e-05,0.041,OPTIMAL
grid_3x3,seed_milpsnap_grid3x3_k10.json,477,9,12,13,11.1613,0.0,0.04,OPTIMAL
grid_3x3,seed_milpsnap_grid3x3_k10.json,478,9,12,13,11.1613,0.0,0.038,OPTIMAL
grid_3x3,seed_milpsnap_grid3x3_k10.json,479,9,12,15,11.1613,0.0,0.049,OPTIMAL
grid_3x3,seed_milpsnap_grid3x3_k10.json,480,9,12,14,11.1613,0.0,0.04,OPTIMAL
grid_3x3,seed_milpsnap_grid3x3_k10.json,481,9,12,14,11.1613,0.0,0.039,OPTIMAL
grid_3x3,seed_milpsnap_grid3x3_k10.json,482,9,12,14,11.1613,0.0,0.044,OPTIMAL
grid_3x3,seed_milpsnap_grid3x3_k10.json,483,9,12,14,11.1613,6.841934214796302e-05,0.04,OPTIMAL
grid_3x3,seed_milpsnap_grid3x3_k10.json,484,9,12,12,11.1613,0.0,0.034,OPTIMAL
grid_3x3,seed_milpsnap_grid3x3_k10.json,485,9,12,13,11.1613,0.0,0.037,OPTIMAL
grid_3x3,seed_milpsnap_grid3x3_k10.json,486,9,12,14,11.1613,0.0,0.045,OPTIMAL
grid_3x3,seed_milpsnap_grid3x3_k10.json,487,9,12,17,11.1613,0.0,0.052,OPTIMAL
grid_3x3,seed_milpsnap_grid3x3_k10.json,488,9,12,19,11.1613,6.841934214796302e-05,0.055,OPTIMAL
grid_3x3,seed_milpsnap_grid3x3_k10.json,489,9,12,21,11.1613,0.0,0.064,OPTIMAL
grid_3x3,seed_milpsnap_grid3x3_k10.json,490,9,12,22,11.1613,0.0,0.065,OPTIMAL
grid_3x3,seed_milpsnap_grid3x3_k10.json,491,9,12,19,11.1613,0.0,0.06,OPTIMAL
grid_3x3,seed_milpsnap_grid3x3_k10.json,492,9,12,20,11.1613,0.0,0.058,OPTIMAL
grid_3x3,seed_milpsnap_grid3x3_k10.json,493,9,12,19,11.1613,0.0,0.055,OPTIMAL
grid_3x3,seed_milpsnap_grid3x3_k10.json,494,9,12,18,11.1613,0.0,0.052,OPTIMAL
grid_3x3,seed_milpsnap_grid3x3_k10.json,495,9,12,18,22.2678,0.0,0.04,OPTIMAL
grid_3x3,seed_milpsnap_grid3x3_k10.json,496,9,12,17,22.2678,0.0,0.038,OPTIMAL
grid_3x3,seed_milpsnap_grid3x3_k10.json,497,9,12,19,22.2678,0.0,0.043,OPTIMAL
grid_3x3,seed_milpsnap_grid3x3_k10.json,498,9,12,20,22.2678,0.0,0.046,OPTIMAL
grid_3x3,seed_milpsnap_grid3x3_k10.json,499,9,12,19,22.2678,0.0,0.042,OPTIMAL
grid_3x3,seed_milpsnap_grid3x3_k10.json,500,9,12,17,22.2678,0.0,0.039,OPTIMAL
grid_3x3,seed_milpsnap_grid3x3_k10.json,501,9,12,16,22.2678,0.0,0.035,OPTIMAL
grid_3x3,seed_milpsnap_grid3x3_k10.json,502,9,12,15,22.2678,0.0,0.034,OPTIMAL
grid_3x3,seed_milpsnap_grid3x3_k10.json,503,9,12,14,22.2678,0.0,0.032,OPTIMAL
grid_3x3,seed_milpsnap_grid3x3_k10.json,504,9,12,15,22.2678,0.0,0.034,OPTIMAL
grid_3x3,seed_milpsnap_grid3x3_k10.json,505,9,12,17,22.2678,0.0,0.039,OPTIMAL
grid_3x3,seed_milpsnap_grid3x3_k10.json,506,9,12,17,11.1613,0.0,0.051,OPTIMAL
grid_3x3,seed_milpsnap_grid3x3_k10.json,507,9,12,18,11.1613,0.0,0.053,OPTIMAL
grid_3x3,seed_milpsnap_grid3x3_k10.json,508,9,12,17,11.1613,0.0,0.05,OPTIMAL
grid_3x3,seed_milpsnap_grid3x3_k10.json,509,9,12,18,11.1613,0.0,0.051,OPTIMAL
grid_3x3,seed_milpsnap_grid3x3_k10.json,510,9,12,20,11.1613,0.0,0.06,OPTIMAL
grid_3x3,seed_milpsnap_grid3x3_k10.json,511,9,12,19,11.1613,0.0,0.055,OPTIMAL
grid_3x3,seed_milpsnap_grid3x3_k10.json,512,9,12,18,11.1613,0.0,0.053,OPTIMAL
grid_3x3,seed_milpsnap_grid3x3_k10.json,513,9,12,20,11.1613,0.0,0.056,OPTIMAL
grid_3x3,seed_milpsnap_grid3x3_k10.json,514,9,12,19,11.1613,0.0,0.058,OPTIMAL
grid_3x3,seed_milpsnap_grid3x3_k10.json,515,9,12,17,11.1613,0.0,0.051,OPTIMAL
grid_3x3,seed_milpsnap_grid3x3_k10.json,516,9,12,18,11.1613,0.0,0.053,OPTIMAL
grid_3x3,seed_milpsnap_grid3x3_k10.json,517,9,12,21,11.1613,0.0,0.059,OPTIMAL
grid_3x3,seed_milpsnap_grid3x3_k10.json,518,9,12,20,11.1613,0.0,0.055,OPTIMAL
grid_3x3,seed_milpsnap_grid3x3_k10.json,519,9,12,20,11.1613,0.0,0.059,OPTIMAL
grid_3x3,seed_milpsnap_grid3x3_k10.json,520,9,12,18,11.1613,0.0,0.058,OPTIMAL
grid_3x3,seed_milpsnap_grid3x3_k10.json,521,9,12,16,11.1613,0.0,0.048,OPTIMAL
grid_3x3,seed_milpsnap_grid3x3_k10.json,522,9,12,18,11.1613,6.841934214796302e-05,0.052,OPTIMAL
grid_3x3,seed_milpsnap_grid3x3_k10.json,523,9,12,17,11.1613,0.0,0.049,OPTIMAL
grid_3x3,seed_milpsnap_grid3x3_k10.json,524,9,12,17,11.1613,0.0,0.051,OPTIMAL
grid_3x3,seed_milpsnap_grid3x3_k10.json,525,9,12,16,11.1613,0.0,0.046,OPTIMAL
grid_3x3,seed_milpsnap_grid3x3_k10.json,526,9,12,18,11.1613,0.0,0.052,OPTIMAL
grid_3x3,seed_milpsnap_grid3x3_k10.json,527,9,12,17,11.1613,0.0,0.049,OPTIMAL
grid_3x3,seed_milpsnap_grid3x3_k10.json,528,9,12,19,11.1613,0.0,0.059,OPTIMAL
grid_3x3,seed_milpsnap_grid3x3_k10.json,529,9,12,21,11.1613,0.0,0.062,OPTIMAL
grid_3x3,seed_milpsnap_grid3x3_k10.json,530,9,12,24,11.1613,0.0,0.069,OPTIMAL
grid_3x3,seed_milpsnap_grid3x3_k10.json,531,9,12,1,66.694,0.0,0.005,OPTIMAL
grid_3x3,seed_milpsnap_grid3x3_k10.json,532,9,12,3,55.5875,0.0,0.01,OPTIMAL
grid_3x3,seed_milpsnap_grid3x3_k10.json,533,9,12,5,33.3744,0.0,0.014,OPTIMAL
grid_3x3,seed_milpsnap_grid3x3_k10.json,534,9,12,7,22.2678,0.0,0.018,OPTIMAL
grid_3x3,seed_milpsnap_grid3x3_k10.json,535,9,12,9,22.2678,0.0,0.022,OPTIMAL
grid_3x3,seed_milpsnap_grid3x3_k10.json,536,9,12,11,11.1613,0.0,0.036,OPTIMAL
grid_3x3,seed_milpsnap_grid3x3_k10.json,537,9,12,14,11.1613,0.0,0.042,OPTIMAL
grid_3x3,seed_milpsnap_grid3x3_k10.json,538,9,12,16,11.1613,0.0,0.046,OPTIMAL
grid_3x3,seed_milpsnap_grid3x3_k10.json,539,9,12,18,11.1613,0.0,0.056,OPTIMAL
grid_3x3,seed_milpsnap_grid3x3_k10.json,540,9,12,20,11.1613,0.0,0.06,OPTIMAL
grid_3x3,seed_milpsnap_grid3x3_k10.json,541,9,12,21,11.1613,0.0,0.064,OPTIMAL
grid_3x3,seed_milpsnap_grid3x3_k10.json,542,9,12,21,11.1613,6.841934214796302e-05,0.063,OPTIMAL
grid_3x3,seed_milpsnap_grid3x3_k10.json,543,9,12,23,11.1613,0.0,0.067,OPTIMAL
grid_3x3,seed_milpsnap_grid3x3_k10.json,544,9,12,24,11.1613,6.841934214796302e-05,0.071,OPTIMAL
grid_3x3,seed_milpsnap_grid3x3_k10.json,545,9,12,22,11.1613,0.0,0.062,OPTIMAL
grid_3x3,seed_milpsnap_grid3x3_k10.json,546,9,12,23,11.1613,0.0,0.067,OPTIMAL
grid_3x3,seed_milpsnap_grid3x3_k10.json,547,9,12,22,11.1613,0.0,0.064,OPTIMAL
grid_3x3,seed_milpsnap_grid3x3_k10.json,548,9,12,21,11.1613,0.0,0.062,OPTIMAL
grid_3x3,seed_milpsnap_grid3x3_k10.json,549,9,12,24,11.1613,0.0,0.071,OPTIMAL
grid_3x3,seed_milpsnap_grid3x3_k10.json,550,9,12,24,11.1613,0.0,0.072,OPTIMAL
grid_3x3,seed_milpsnap_grid3x3_k10.json,551,9,12,22,11.1613,0.0,0.064,OPTIMAL
grid_3x3,seed_milpsnap_grid3x3_k10.json,552,9,12,21,11.1613,0.0,0.061,OPTIMAL
grid_3x3,seed_milpsnap_grid3x3_k10.json,553,9,12,20,11.1613,0.0,0.058,OPTIMAL
grid_3x3,seed_milpsnap_grid3x3_k10.json,554,9,12,20,11.1613,0.0,0.059,OPTIMAL
grid_3x3,seed_milpsnap_grid3x3_k10.json,555,9,12,20,11.1613,0.0,0.06,OPTIMAL
grid_3x3,seed_milpsnap_grid3x3_k10.json,556,9,12,18,11.1613,6.841934214796302e-05,0.052,OPTIMAL
grid_3x3,seed_milpsnap_grid3x3_k10.json,557,9,12,16,11.1613,0.0,0.049,OPTIMAL
grid_3x3,seed_milpsnap_grid3x3_k10.json,558,9,12,17,11.1613,0.0,0.051,OPTIMAL
grid_3x3,seed_milpsnap_grid3x3_k10.json,559,9,12,16,11.1613,6.841934214796302e-05,0.048,OPTIMAL
grid_3x3,seed_milpsnap_grid3x3_k10.json,560,9,12,15,11.1613,0.0,0.052,OPTIMAL
grid_3x3,seed_milpsnap_grid3x3_k10.json,561,9,12,19,11.1613,0.0,0.058,OPTIMAL
grid_3x3,seed_milpsnap_grid3x3_k10.json,562,9,12,20,11.1613,6.841934214796302e-05,0.06,OPTIMAL
grid_3x3,seed_milpsnap_grid3x3_k10.json,563,9,12,19,11.1613,0.0,0.054,OPTIMAL
grid_3x3,seed_milpsnap_grid3x3_k10.json,564,9,12,20,11.1613,0.0,0.059,OPTIMAL
grid_3x3,seed_milpsnap_grid3x3_k10.json,565,9,12,19,11.1613,0.0,0.055,OPTIMAL
grid_3x3,seed_milpsnap_grid3x3_k10.json,566,9,12,22,11.1613,0.0,0.064,OPTIMAL
grid_3x3,seed_milpsnap_grid3x3_k10.json,567,9,12,25,11.1613,0.0,0.074,OPTIMAL
grid_3x3,seed_milpsnap_grid3x3_k10.json,568,9,12,26,11.1613,0.0,0.074,OPTIMAL
grid_3x3,seed_milpsnap_grid3x3_k10.json,569,9,12,26,11.1613,0.0,0.075,OPTIMAL
grid_3x3,seed_milpsnap_grid3x3_k10.json,570,9,12,29,11.1613,0.0,0.086,OPTIMAL
grid_3x3,seed_milpsnap_grid3x3_k10.json,571,9,12,28,11.1613,0.0,0.081,OPTIMAL
grid_3x3,seed_milpsnap_grid3x3_k10.json,572,9,12,28,11.1613,0.0,0.081,OPTIMAL
grid_3x3,seed_milpsnap_grid3x3_k10.json,573,9,12,28,11.1613,0.0,0.082,OPTIMAL
grid_3x3,seed_milpsnap_grid3x3_k10.json,574,9,12,29,11.1613,0.0,0.082,OPTIMAL
grid_3x3,seed_milpsnap_grid3x3_k10.json,575,9,12,25,11.1613,0.0,0.073,OPTIMAL
grid_3x3,seed_milpsnap_grid3x3_k10.json,576,9,12,22,11.1613,0.0,0.064,OPTIMAL
grid_3x3,seed_milpsnap_grid3x3_k10.json,577,9,12,22,11.1613,0.0,0.064,OPTIMAL
grid_3x3,seed_milpsnap_grid3x3_k10.json,578,9,12,23,11.1613,0.0,0.071,OPTIMAL
grid_3x3,seed_milpsnap_grid3x3_k10.json,579,9,12,26,11.1613,0.0,0.075,OPTIMAL
grid_3x3,seed_milpsnap_grid3x3_k10.json,580,9,12,25,11.1613,0.0,0.074,OPTIMAL
grid_3x3,seed_milpsnap_grid3x3_k10.json,581,9,12,24,11.1613,6.841934214796302e-05,0.07,OPTIMAL
grid_3x3,seed_milpsnap_grid3x3_k10.json,582,9,12,23,11.1613,0.0,0.069,OPTIMAL
grid_3x3,seed_milpsnap_grid3x3_k10.json,583,9,12,27,11.1613,0.0,0.083,OPTIMAL
grid_3x3,seed_milpsnap_grid3x3_k10.json,584,9,12,25,11.1613,0.0,0.075,OPTIMAL
grid_3x3,seed_milpsnap_grid3x3_k10.json,585,9,12,26,11.1613,0.0,0.077,OPTIMAL
grid_3x3,seed_milpsnap_grid3x3_k10.json,586,9,12,26,11.1613,0.0,0.078,OPTIMAL
grid_3x3,seed_milpsnap_grid3x3_k10.json,587,9,12,25,11.1613,0.0,0.074,OPTIMAL
grid_3x3,seed_milpsnap_grid3x3_k10.json,588,9,12,24,11.1613,0.0,0.071,OPTIMAL
grid_3x3,seed_milpsnap_grid3x3_k10.json,589,9,12,25,11.1613,0.0,0.075,OPTIMAL
grid_3x3,seed_milpsnap_grid3x3_k10.json,590,9,12,27,11.1613,0.0,0.082,OPTIMAL
grid_3x3,seed_milpsnap_grid3x3_k10.json,591,9,12,27,11.1613,0.0,0.082,OPTIMAL
grid_3x3,seed_milpsnap_grid3x3_k10.json,592,9,12,26,11.1613,0.0,0.079,OPTIMAL
grid_3x3,seed_milpsnap_grid3x3_k10.json,593,9,12,25,11.1613,0.0,0.076,OPTIMAL
grid_3x3,seed_milpsnap_grid3x3_k10.json,594,9,12,22,11.1613,0.0,0.072,OPTIMAL
grid_3x3,seed_milpsnap_grid3x3_k10.json,595,9,12,24,11.1613,0.0,0.07,OPTIMAL
grid_3x3,seed_milpsnap_grid3x3_k10.json,596,9,12,22,11.1613,0.0,0.065,OPTIMAL
grid_3x3,seed_milpsnap_grid3x3_k10.json,597,9,12,22,11.1613,0.0,0.068,OPTIMAL
grid_3x3,seed_milpsnap_grid3x3_k10.json,598,9,12,18,11.1613,0.0,0.056,OPTIMAL
grid_3x3,seed_milpsnap_grid3x3_k10.json,599,9,12,17,11.1613,0.0,0.05,OPTIMAL
grid_3x3,seed_milpsnap_grid3x3_k10.json,600,9,12,18,11.1613,0.0,0.054,OPTIMAL
grid_3x3,seed_milpsnap_grid3x3_k10.json,601,9,12,17,11.1613,0.0,0.049,OPTIMAL
grid_3x3,seed_milpsnap_grid3x3_k10.json,602,9,12,18,11.1613,0.0,0.053,OPTIMAL
grid_3x3,seed_milpsnap_grid3x3_k10.json,603,9,12,19,11.1613,0.0,0.056,OPTIMAL
grid_3x3,seed_milpsnap_grid3x3_k10.json,604,9,12,19,11.1613,0.0,0.057,OPTIMAL
grid_3x3,seed_milpsnap_grid3x3_k10.json,605,9,12,17,11.1613,0.0,0.049,OPTIMAL
grid_3x3,seed_milpsnap_grid3x3_k10.json,606,9,12,16,11.1613,0.0,0.047,OPTIMAL
grid_3x3,seed_milpsnap_grid3x3_k10.json,607,9,12,15,11.1613,0.0,0.044,OPTIMAL
grid_3x3,seed_milpsnap_grid3x3_k10.json,608,9,12,14,11.1613,0.0,0.045,OPTIMAL
grid_3x3,seed_milpsnap_grid3x3_k10.json,609,9,12,17,11.1613,6.841934214796302e-05,0.049,OPTIMAL
grid_3x3,seed_milpsnap_grid3x3_k10.json,610,9,12,16,11.1613,0.0,0.048,OPTIMAL
grid_3x3,seed_milpsnap_grid3x3_k10.json,611,9,12,16,11.1613,6.841934214796302e-05,0.047,OPTIMAL
grid_3x3,seed_milpsnap_grid3x3_k10.json,612,9,12,19,11.1613,6.841934214796302e-05,0.056,OPTIMAL
grid_3x3,seed_milpsnap_grid3x3_k10.json,613,9,12,20,11.1613,0.0,0.059,OPTIMAL
grid_3x3,seed_milpsnap_grid3x3_k10.json,614,9,12,18,11.1613,0.0,0.054,OPTIMAL
grid_3x3,seed_milpsnap_grid3x3_k10.json,615,9,12,21,11.1613,0.0,0.062,OPTIMAL
grid_3x3,seed_milpsnap_grid3x3_k10.json,616,9,12,20,11.1613,0.0,0.059,OPTIMAL
grid_3x3,seed_milpsnap_grid3x3_k10.json,617,9,12,19,11.1613,0.0,0.06,OPTIMAL
grid_3x3,seed_milpsnap_grid3x3_k10.json,618,9,12,17,11.1613,0.0,0.053,OPTIMAL
grid_3x3,seed_milpsnap_grid3x3_k10.json,619,9,12,18,11.1613,0.0,0.053,OPTIMAL
grid_3x3,seed_milpsnap_grid3x3_k10.json,620,9,12,18,11.1613,0.0,0.055,OPTIMAL
grid_3x3,seed_milpsnap_grid3x3_k10.json,621,9,12,20,11.1613,0.0,0.059,OPTIMAL
grid_3x3,seed_milpsnap_grid3x3_k10.json,622,9,12,22,11.1613,0.0,0.068,OPTIMAL
grid_3x3,seed_milpsnap_grid3x3_k10.json,623,9,12,21,11.1613,0.0,0.064,OPTIMAL
grid_3x3,seed_milpsnap_grid3x3_k10.json,624,9,12,22,11.1613,6.841934214796302e-05,0.065,OPTIMAL
grid_3x3,seed_milpsnap_grid3x3_k10.json,625,9,12,23,11.1613,0.0,0.068,OPTIMAL
grid_3x3,seed_milpsnap_grid3x3_k10.json,626,9,12,20,11.1613,0.0,0.06,OPTIMAL
grid_3x3,seed_milpsnap_grid3x3_k10.json,627,9,12,20,11.1613,0.0,0.06,OPTIMAL
grid_3x3,seed_milpsnap_grid3x3_k10.json,628,9,12,17,11.1613,0.0,0.049,OPTIMAL
grid_3x3,seed_milpsnap_grid3x3_k10.json,629,9,12,18,11.1613,6.841934214796302e-05,0.052,OPTIMAL
grid_3x3,seed_milpsnap_grid3x3_k10.json,630,9,12,20,11.1613,0.0,0.06,OPTIMAL
grid_3x3,seed_milpsnap_grid3x3_k10.json,631,9,12,21,11.1613,6.841934214796302e-05,0.062,OPTIMAL
grid_3x3,seed_milpsnap_grid3x3_k10.json,632,9,12,23,11.1613,0.0,0.068,OPTIMAL
grid_3x3,seed_milpsnap_grid3x3_k10.json,633,9,12,24,11.1613,0.0,0.071,OPTIMAL
grid_3x3,seed_milpsnap_grid3x3_k10.json,634,9,12,23,11.1613,0.0,0.067,OPTIMAL
grid_3x3,seed_milpsnap_grid3x3_k10.json,635,9,12,22,11.1613,6.841934214796302e-05,0.066,OPTIMAL
grid_3x3,seed_milpsnap_grid3x3_k10.json,636,9,12,21,11.1613,0.0,0.065,OPTIMAL
grid_3x3,seed_milpsnap_grid3x3_k10.json,637,9,12,21,11.1613,0.0,0.065,OPTIMAL
grid_3x3,seed_milpsnap_grid3x3_k10.json,638,9,12,22,11.1613,0.0,0.066,OPTIMAL
grid_3x3,seed_milpsnap_grid3x3_k10.json,639,9,12,22,11.1613,6.841934214796302e-05,0.065,OPTIMAL
grid_3x3,seed_milpsnap_grid3x3_k10.json,640,9,12,21,11.1613,0.0,0.061,OPTIMAL
grid_3x3,seed_milpsnap_grid3x3_k10.json,641,9,12,21,11.1613,0.0,0.062,OPTIMAL
grid_3x3,seed_milpsnap_grid3x3_k10.json,642,9,12,23,11.1613,0.0,0.067,OPTIMAL
grid_3x3,seed_milpsnap_grid3x3_k10.json,643,9,12,25,11.1613,0.0,0.073,OPTIMAL
grid_3x3,seed_milpsnap_grid3x3_k10.json,644,9,12,25,11.1613,0.0,0.075,OPTIMAL
grid_3x3,seed_milpsnap_grid3x3_k10.json,645,9,12,23,11.1613,0.0,0.069,OPTIMAL
grid_3x3,seed_milpsnap_grid3x3_k10.json,646,9,12,24,11.1613,0.0,0.071,OPTIMAL
grid_3x3,seed_milpsnap_grid3x3_k10.json,647,9,12,22,11.1613,0.0,0.063,OPTIMAL
grid_3x3,seed_milpsnap_grid3x3_k10.json,648,9,12,20,11.1613,0.0,0.059,OPTIMAL
grid_3x3,seed_milpsnap_grid3x3_k10.json,649,9,12,19,11.1613,0.0,0.056,OPTIMAL
grid_3x3,seed_milpsnap_grid3x3_k10.json,650,9,12,19,11.1613,0.0,0.055,OPTIMAL
grid_3x3,seed_milpsnap_grid3x3_k10.json,651,9,12,19,11.1613,0.0,0.055,OPTIMAL
grid_3x3,seed_milpsnap_grid3x3_k10.json,652,9,12,17,11.1613,0.0,0.049,OPTIMAL
grid_3x3,seed_milpsnap_grid3x3_k10.json,653,9,12,16,11.1613,0.0,0.047,OPTIMAL
grid_3x3,seed_milpsnap_grid3x3_k10.json,654,9,12,15,11.1613,0.0,0.043,OPTIMAL
grid_3x3,seed_milpsnap_grid3x3_k10.json,655,9,12,14,11.1613,6.841934214796302e-05,0.039,OPTIMAL
grid_3x3,seed_milpsnap_grid3x3_k10.json,656,9,12,13,11.1613,0.0,0.038,OPTIMAL
grid_3x3,seed_milpsnap_grid3x3_k10.json,657,9,12,16,11.1613,0.0,0.046,OPTIMAL
grid_3x3,seed_milpsnap_grid3x3_k10.json,658,9,12,16,11.1613,0.0,0.051,OPTIMAL
grid_3x3,seed_milpsnap_grid3x3_k10.json,659,9,12,19,11.1613,0.0,0.054,OPTIMAL
grid_3x3,seed_milpsnap_grid3x3_k10.json,660,9,12,19,11.1613,0.0,0.053,OPTIMAL
grid_3x3,seed_milpsnap_grid3x3_k10.json,661,9,12,18,11.1613,0.0,0.052,OPTIMAL
grid_3x3,seed_milpsnap_grid3x3_k10.json,662,9,12,19,11.1613,0.0,0.056,OPTIMAL
grid_3x3,seed_milpsnap_grid3x3_k10.json,663,9,12,20,11.1613,0.0,0.059,OPTIMAL
grid_3x3,seed_milpsnap_grid3x3_k10.json,664,9,12,19,11.1613,0.0,0.054,OPTIMAL
grid_3x3,seed_milpsnap_grid3x3_k10.json,665,9,12,19,11.1613,0.0,0.055,OPTIMAL
grid_3x3,seed_milpsnap_grid3x3_k10.json,666,9,12,21,11.1613,0.0,0.059,OPTIMAL
grid_3x3,seed_milpsnap_grid3x3_k10.json,667,9,12,22,11.1613,0.0,0.065,OPTIMAL
grid_3x3,seed_milpsnap_grid3x3_k10.json,668,9,12,23,11.1613,0.0,0.068,OPTIMAL
grid_3x3,seed_milpsnap_grid3x3_k10.json,669,9,12,1,55.5875,0.0,0.003,OPTIMAL
grid_3x3,seed_milpsnap_grid3x3_k10.json,670,9,12,4,44.4809,0.0,0.01,OPTIMAL
grid_3x3,seed_milpsnap_grid3x3_k10.json,671,9,12,5,33.3744,0.0,0.015,OPTIMAL
grid_3x3,seed_milpsnap_grid3x3_k10.json,672,9,12,7,22.2678,7.819525354814963e-05,0.023,OPTIMAL
grid_3x3,seed_milpsnap_grid3x3_k10.json,673,9,12,8,22.2678,0.0,0.021,OPTIMAL
grid_3x3,seed_milpsnap_grid3x3_k10.json,674,9,12,11,22.2678,0.0,0.027,OPTIMAL
grid_3x3,seed_milpsnap_grid3x3_k10.json,675,9,12,13,22.2678,0.0,0.03,OPTIMAL
grid_3x3,seed_milpsnap_grid3x3_k10.json,676,9,12,16,11.1613,0.0,0.048,OPTIMAL
grid_3x3,seed_milpsnap_grid3x3_k10.json,677,9,12,20,11.1613,6.841934214796302e-05,0.06,OPTIMAL
grid_3x3,seed_milpsnap_grid3x3_k10.json,678,9,12,21,11.1613,0.0,0.061,OPTIMAL
grid_3x3,seed_milpsnap_grid3x3_k10.json,679,9,12,22,11.1613,0.0,0.064,OPTIMAL
grid_3x3,seed_milpsnap_grid3x3_k10.json,680,9,12,22,11.1613,0.0,0.065,OPTIMAL
grid_3x3,seed_milpsnap_grid3x3_k10.json,681,9,12,25,11.1613,0.0,0.073,OPTIMAL
grid_3x3,seed_milpsnap_grid3x3_k10.json,682,9,12,26,11.1613,0.0,0.076,OPTIMAL
grid_3x3,seed_milpsnap_grid3x3_k10.json,683,9,12,25,11.1613,0.0,0.076,OPTIMAL
grid_3x3,seed_milpsnap_grid3x3_k10.json,684,9,12,26,11.1613,0.0,0.078,OPTIMAL
grid_3x3,seed_milpsnap_grid3x3_k10.json,685,9,12,26,11.1613,0.0,0.076,OPTIMAL
grid_3x3,seed_milpsnap_grid3x3_k10.json,686,9,12,25,11.1613,0.0,0.075,OPTIMAL
grid_3x3,seed_milpsnap_grid3x3_k10.json,687,9,12,23,11.1613,0.0,0.067,OPTIMAL
grid_3x3,seed_milpsnap_grid3x3_k10.json,688,9,12,22,11.1613,0.0,0.063,OPTIMAL
grid_3x3,seed_milpsnap_grid3x3_k10.json,689,9,12,19,11.1613,0.0,0.052,OPTIMAL
grid_3x3,seed_milpsnap_grid3x3_k10.json,690,9,12,22,11.1613,0.0,0.067,OPTIMAL
grid_3x3,seed_milpsnap_grid3x3_k10.json,691,9,12,25,11.1613,0.0,0.074,OPTIMAL
grid_3x3,seed_milpsnap_grid3x3_k10.json,692,9,12,21,11.1613,0.0,0.059,OPTIMAL
grid_3x3,seed_milpsnap_grid3x3_k10.json,693,9,12,22,11.1613,0.0,0.071,OPTIMAL
grid_3x3,seed_milpsnap_grid3x3_k10.json,694,9,12,21,11.1613,0.0,0.062,OPTIMAL
grid_3x3,seed_milpsnap_grid3x3_k10.json,695,9,12,20,11.1613,0.0,0.059,OPTIMAL
grid_3x3,seed_milpsnap_grid3x3_k10.json,696,9,12,17,11.1613,0.0,0.048,OPTIMAL
grid_3x3,seed_milpsnap_grid3x3_k10.json,697,9,12,17,11.1613,0.0,0.049,OPTIMAL
grid_3x3,seed_milpsnap_grid3x3_k10.json,698,9,12,17,11.1613,0.0,0.047,OPTIMAL
grid_3x3,seed_milpsnap_grid3x3_k10.json,699,9,12,17,11.1613,0.0,0.048,OPTIMAL
grid_3x3,seed_milpsnap_grid3x3_k10.json,700,9,12,16,11.1613,0.0,0.05,OPTIMAL
grid_3x3,seed_milpsnap_grid3x3_k10.json,701,9,12,19,11.1613,0.0,0.056,OPTIMAL
grid_3x3,seed_milpsnap_grid3x3_k10.json,702,9,12,18,11.1613,0.0,0.053,OPTIMAL
grid_3x3,seed_milpsnap_grid3x3_k10.json,703,9,12,17,11.1613,0.0,0.05,OPTIMAL
grid_3x3,seed_milpsnap_grid3x3_k10.json,704,9,12,18,11.1613,0.0,0.053,OPTIMAL
grid_3x3,seed_milpsnap_grid3x3_k10.json,705,9,12,19,11.1613,0.0,0.058,OPTIMAL
grid_3x3,seed_milpsnap_grid3x3_k10.json,706,9,12,17,11.1613,0.0,0.05,OPTIMAL
grid_3x3,seed_milpsnap_grid3x3_k10.json,707,9,12,18,11.1613,0.0,0.054,OPTIMAL
grid_3x3,seed_milpsnap_grid3x3_k10.json,708,9,12,18,11.1613,0.0,0.053,OPTIMAL
grid_3x3,seed_milpsnap_grid3x3_k10.json,709,9,12,19,11.1613,0.0,0.055,OPTIMAL
grid_3x3,seed_milpsnap_grid3x3_k10.json,710,9,12,21,11.1613,6.841934214796302e-05,0.06,OPTIMAL
grid_3x3,seed_milpsnap_grid3x3_k10.json,711,9,12,23,11.1613,6.841934214796302e-05,0.07,OPTIMAL
grid_3x3,seed_milpsnap_grid3x3_k10.json,712,9,12,22,11.1613,0.0,0.064,OPTIMAL
grid_3x3,seed_milpsnap_grid3x3_k10.json,713,9,12,21,11.1613,0.0,0.06,OPTIMAL
grid_3x3,seed_milpsnap_grid3x3_k10.json,714,9,12,22,11.1613,0.0,0.064,OPTIMAL
grid_3x3,seed_milpsnap_grid3x3_k10.json,715,9,12,21,11.1613,0.0,0.059,OPTIMAL
grid_3x3,seed_milpsnap_grid3x3_k10.json,716,9,12,20,11.1613,0.0,0.056,OPTIMAL
grid_3x3,seed_milpsnap_grid3x3_k10.json,717,9,12,24,11.1613,0.0,0.07,OPTIMAL
grid_3x3,seed_milpsnap_grid3x3_k10.json,718,9,12,24,11.1613,0.0,0.07,OPTIMAL
grid_3x3,seed_milpsnap_grid3x3_k10.json,719,9,12,20,11.1613,0.0,0.059,OPTIMAL
grid_3x3,seed_milpsnap_grid3x3_k10.json,720,9,12,20,11.1613,0.0,0.058,OPTIMAL
grid_3x3,seed_milpsnap_grid3x3_k10.json,721,9,12,24,11.1613,0.0,0.07,OPTIMAL
grid_3x3,seed_milpsnap_grid3x3_k10.json,722,9,12,22,11.1613,0.0,0.062,OPTIMAL
grid_3x3,seed_milpsnap_grid3x3_k10.json,723,9,12,24,11.1613,0.0,0.072,OPTIMAL
grid_3x3,seed_milpsnap_grid3x3_k10.json,724,9,12,24,11.1613,0.0,0.07,OPTIMAL
grid_3x3,seed_milpsnap_grid3x3_k10.json,725,9,12,22,11.1613,6.841934214796302e-05,0.062,OPTIMAL
grid_3x3,seed_milpsnap_grid3x3_k10.json,726,9,12,21,11.1613,0.0,0.06,OPTIMAL
grid_3x3,seed_milpsnap_grid3x3_k10.json,727,9,12,19,11.1613,0.0,0.054,OPTIMAL
grid_3x3,seed_milpsnap_grid3x3_k10.json,728,9,12,20,11.1613,0.0,0.061,OPTIMAL
grid_3x3,seed_milpsnap_grid3x3_k10.json,729,9,12,18,11.1613,0.0,0.05,OPTIMAL
grid_3x3,seed_milpsnap_grid3x3_k10.json,730,9,12,20,11.1613,6.841934214796302e-05,0.056,OPTIMAL
grid_3x3,seed_milpsnap_grid3x3_k10.json,731,9,12,16,11.1613,0.0,0.047,OPTIMAL
grid_3x3,seed_milpsnap_grid3x3_k10.json,732,9,12,16,11.1613,0.0,0.049,OPTIMAL
grid_3x3,seed_milpsnap_grid3x3_k10.json,733,9,12,19,11.1613,0.0,0.056,OPTIMAL
grid_3x3,seed_milpsnap_grid3x3_k10.json,734,9,12,19,11.1613,0.0,0.056,OPTIMAL
grid_3x3,seed_milpsnap_grid3x3_k10.json,735,9,12,17,11.1613,0.0,0.049,OPTIMAL
grid_3x3,seed_milpsnap_grid3x3_k10.json,736,9,12,19,11.1613,0.0,0.057,OPTIMAL
grid_3x3,seed_milpsnap_grid3x3_k10.json,737,9,12,17,11.1613,0.0,0.048,OPTIMAL
grid_3x3,seed_milpsnap_grid3x3_k10.json,738,9,12,18,11.1613,0.0,0.054,OPTIMAL
grid_3x3,seed_milpsnap_grid3x3_k10.json,739,9,12,20,11.1613,0.0,0.058,OPTIMAL
grid_3x3,seed_milpsnap_grid3x3_k10.json,740,9,12,19,11.1613,0.0,0.054,OPTIMAL
grid_3x3,seed_milpsnap_grid3x3_k10.json,741,9,12,18,11.1613,0.0,0.051,OPTIMAL
grid_3x3,seed_milpsnap_grid3x3_k10.json,742,9,12,19,11.1613,0.0,0.058,OPTIMAL
grid_3x3,seed_milpsnap_grid3x3_k10.json,743,9,12,18,11.1613,0.0,0.054,OPTIMAL
grid_3x3,seed_milpsnap_grid3x3_k10.json,744,9,12,17,11.1613,0.0,0.049,OPTIMAL
grid_3x3,seed_milpsnap_grid3x3_k10.json,745,9,12,15,11.1613,0.0,0.048,OPTIMAL
grid_3x3,seed_milpsnap_grid3x3_k10.json,746,9,12,14,11.1613,0.0,0.041,OPTIMAL
grid_3x3,seed_milpsnap_grid3x3_k10.json,747,9,12,13,11.1613,0.0,0.038,OPTIMAL
grid_3x3,seed_milpsnap_grid3x3_k10.json,748,9,12,12,22.2678,0.0,0.027,OPTIMAL
grid_3x3,seed_milpsnap_grid3x3_k10.json,749,9,12,14,11.1613,0.0,0.043,OPTIMAL
grid_3x3,seed_milpsnap_grid3x3_k10.json,750,9,12,13,11.1613,0.0,0.04,OPTIMAL
grid_3x3,seed_milpsnap_grid3x3_k10.json,751,9,12,11,11.1613,0.0,0.031,OPTIMAL
grid_3x3,seed_milpsnap_grid3x3_k10.json,752,9,12,13,11.1613,0.0,0.037,OPTIMAL
grid_3x3,seed_milpsnap_grid3x3_k10.json,753,9,12,14,11.1613,6.841934214796302e-05,0.041,OPTIMAL
grid_3x3,seed_milpsnap_grid3x3_k10.json,754,9,12,16,11.1613,0.0,0.046,OPTIMAL
grid_3x3,seed_milpsnap_grid3x3_k10.json,755,9,12,18,11.1613,6.841934214796302e-05,0.051,OPTIMAL
grid_3x3,seed_milpsnap_grid3x3_k10.json,756,9,12,18,11.1613,0.0,0.053,OPTIMAL
grid_3x3,seed_milpsnap_grid3x3_k10.json,757,9,12,18,11.1613,0.0,0.055,OPTIMAL
grid_3x3,seed_milpsnap_grid3x3_k10.json,758,9,12,19,11.1613,0.0,0.057,OPTIMAL
grid_3x3,seed_milpsnap_grid3x3_k10.json,759,9,12,22,11.1613,0.0,0.067,OPTIMAL
grid_3x3,seed_milpsnap_grid3x3_k10.json,760,9,12,22,11.1613,0.0,0.064,OPTIMAL
grid_3x3,seed_milpsnap_grid3x3_k10.json,761,9,12,24,11.1613,0.0,0.07,OPTIMAL
grid_3x3,seed_milpsnap_grid3x3_k10.json,762,9,12,25,11.1613,0.0,0.075,OPTIMAL
grid_3x3,seed_milpsnap_grid3x3_k10.json,763,9,12,25,11.1613,0.0,0.075,OPTIMAL
grid_3x3,seed_milpsnap_grid3x3_k10.json,764,9,12,24,11.1613,0.0,0.069,OPTIMAL
grid_3x3,seed_milpsnap_grid3x3_k10.json,765,9,12,24,11.1613,0.0,0.07,OPTIMAL
grid_3x3,seed_milpsnap_grid3x3_k10.json,766,9,12,25,11.1613,0.0,0.074,OPTIMAL
grid_3x3,seed_milpsnap_grid3x3_k10.json,767,9,12,26,11.1613,0.0,0.08,OPTIMAL
grid_3x3,seed_milpsnap_grid3x3_k10.json,768,9,12,26,11.1613,0.0,0.075,OPTIMAL
grid_3x3,seed_milpsnap_grid3x3_k10.json,769,9,12,24,11.1613,0.0,0.068,OPTIMAL
grid_3x3,seed_milpsnap_grid3x3_k10.json,770,9,12,23,11.1613,0.0,0.067,OPTIMAL
grid_3x3,seed_milpsnap_grid3x3_k10.json,771,9,12,22,11.1613,0.0,0.063,OPTIMAL
grid_3x3,seed_milpsnap_grid3x3_k10.json,772,9,12,22,11.1613,0.0,0.063,OPTIMAL
grid_3x3,seed_milpsnap_grid3x3_k10.json,773,9,12,22,11.1613,0.0,0.066,OPTIMAL
grid_3x3,seed_milpsnap_grid3x3_k10.json,774,9,12,20,11.1613,0.0,0.057,OPTIMAL
grid_3x3,seed_milpsnap_grid3x3_k10.json,775,9,12,21,11.1613,0.0,0.065,OPTIMAL
grid_3x3,seed_milpsnap_grid3x3_k10.json,776,9,12,19,11.1613,0.0,0.053,OPTIMAL
grid_3x3,seed_milpsnap_grid3x3_k10.json,777,9,12,17,11.1613,0.0,0.047,OPTIMAL
grid_3x3,seed_milpsnap_grid3x3_k10.json,778,9,12,19,11.1613,0.0,0.055,OPTIMAL
grid_3x3,seed_milpsnap_grid3x3_k10.json,779,9,12,17,11.1613,0.0,0.051,OPTIMAL
grid_3x3,seed_milpsnap_grid3x3_k10.json,780,9,12,16,11.1613,0.0,0.047,OPTIMAL
grid_3x3,seed_milpsnap_grid3x3_k10.json,781,9,12,17,11.1613,0.0,0.049,OPTIMAL
grid_3x3,seed_milpsnap_grid3x3_k10.json,782,9,12,15,11.1613,0.0,0.044,OPTIMAL
grid_3x3,seed_milpsnap_grid3x3_k10.json,783,9,12,15,11.1613,0.0,0.045,OPTIMAL
grid_3x3,seed_milpsnap_grid3x3_k10.json,784,9,12,18,11.1613,6.841934214796302e-05,0.054,OPTIMAL
grid_3x3,seed_milpsnap_grid3x3_k10.json,785,9,12,17,11.1613,0.0,0.05,OPTIMAL
grid_3x3,seed_milpsnap_grid3x3_k10.json,786,9,12,20,11.1613,0.0,0.062,OPTIMAL
grid_3x3,seed_milpsnap_grid3x3_k10.json,787,9,12,19,11.1613,0.0,0.056,OPTIMAL
grid_3x3,seed_milpsnap_grid3x3_k10.json,788,9,12,20,11.1613,0.0,0.063,OPTIMAL
grid_3x3,seed_milpsnap_grid3x3_k10.json,789,9,12,19,11.1613,0.0,0.054,OPTIMAL
grid_3x3,seed_milpsnap_grid3x3_k10.json,790,9,12,20,11.1613,0.0,0.057,OPTIMAL
grid_3x3,seed_milpsnap_grid3x3_k10.json,791,9,12,20,11.1613,0.0,0.059,OPTIMAL
grid_3x3,seed_milpsnap_grid3x3_k10.json,792,9,12,18,11.1613,0.0,0.053,OPTIMAL
grid_3x3,seed_milpsnap_grid3x3_k10.json,793,9,12,19,11.1613,0.0,0.055,OPTIMAL
grid_3x3,seed_milpsnap_grid3x3_k10.json,794,9,12,19,11.1613,0.0,0.058,OPTIMAL
grid_3x3,seed_milpsnap_grid3x3_k10.json,795,9,12,19,11.1613,0.0,0.055,OPTIMAL
grid_3x3,seed_milpsnap_grid3x3_k10.json,796,9,12,18,11.1613,0.0,0.052,OPTIMAL
grid_3x3,seed_milpsnap_grid3x3_k10.json,797,9,12,18,11.1613,0.0,0.051,OPTIMAL
grid_3x3,seed_milpsnap_grid3x3_k10.json,798,9,12,16,11.1613,6.841934214796302e-05,0.048,OPTIMAL
grid_3x3,seed_milpsnap_grid3x3_k10.json,799,9,12,19,11.1613,0.0,0.056,OPTIMAL
grid_3x3,seed_milpsnap_grid3x3_k10.json,800,9,12,17,11.1613,0.0,0.049,OPTIMAL
grid_3x3,seed_milpsnap_grid3x3_k10.json,801,9,12,18,11.1613,0.0,0.053,OPTIMAL
grid_3x3,seed_milpsnap_grid3x3_k10.json,802,9,12,17,11.1613,6.841934214796302e-05,0.048,OPTIMAL
grid_3x3,seed_milpsnap_grid3x3_k10.json,803,9,12,18,11.1613,0.0,0.053,OPTIMAL
grid_3x3,seed_milpsnap_grid3x3_k10.json,804,9,12,16,11.1613,0.0,0.047,OPTIMAL
grid_3x3,seed_milpsnap_grid3x3_k10.json,805,9,12,18,11.1613,0.0,0.053,OPTIMAL
grid_3x3,seed_milpsnap_grid3x3_k10.json,806,9,12,17,11.1613,0.0,0.048,OPTIMAL
grid_3x3,seed_milpsnap_grid3x3_k10.json,807,9,12,18,11.1613,0.0,0.051,OPTIMAL
grid_3x3,seed_milpsnap_grid3x3_k10.json,808,9,12,20,11.1613,0.0,0.056,OPTIMAL
grid_3x3,seed_milpsnap_grid3x3_k10.json,809,9,12,19,11.1613,6.841934214796302e-05,0.055,OPTIMAL
grid_3x3,seed_milpsnap_grid3x3_k10.json,810,9,12,1,44.4809,0.0,0.006,OPTIMAL
grid_3x3,seed_milpsnap_grid3x3_k10.json,811,9,12,4,33.3744,0.0,0.014,OPTIMAL
grid_3x3,seed_milpsnap_grid3x3_k10.json,812,9,12,5,22.2678,0.0,0.017,OPTIMAL
grid_3x3,seed_milpsnap_grid3x3_k10.json,813,9,12,6,22.2678,0.0,0.016,OPTIMAL
grid_3x3,seed_milpsnap_grid3x3_k10.json,814,9,12,7,22.2678,0.0,0.017,OPTIMAL
grid_3x3,seed_milpsnap_grid3x3_k10.json,815,9,12,9,11.1613,0.0,0.03,OPTIMAL
grid_3x3,seed_milpsnap_grid3x3_k10.json,816,9,12,11,11.1613,6.841934214796302e-05,0.031,OPTIMAL
grid_3x3,seed_milpsnap_grid3x3_k10.json,817,9,12,14,11.1613,0.0,0.04,OPTIMAL
grid_3x3,seed_milpsnap_grid3x3_k10.json,818,9,12,16,11.1613,0.0,0.048,OPTIMAL
grid_3x3,seed_milpsnap_grid3x3_k10.json,819,9,12,17,11.1613,0.0,0.048,OPTIMAL
grid_3x3,seed_milpsnap_grid3x3_k10.json,820,9,12,18,11.1613,6.841934214796302e-05,0.052,OPTIMAL
grid_3x3,seed_milpsnap_grid3x3_k10.json,821,9,12,19,11.1613,0.0,0.054,OPTIMAL
grid_3x3,seed_milpsnap_grid3x3_k10.json,822,9,12,20,11.1613,0.0,0.057,OPTIMAL
grid_3x3,seed_milpsnap_grid3x3_k10.json,823,9,12,19,11.1613,6.841934214796302e-05,0.054,OPTIMAL
grid_3x3,seed_milpsnap_grid3x3_k10.json,824,9,12,17,11.1613,0.0,0.049,OPTIMAL
grid_3x3,seed_milpsnap_grid3x3_k10.json,825,9,12,16,11.1613,6.841934214796302e-05,0.046,OPTIMAL
grid_3x3,seed_milpsnap_grid3x3_k10.json,826,9,12,16,11.1613,0.0,0.046,OPTIMAL
grid_3x3,seed_milpsnap_grid3x3_k10.json,827,9,12,15,22.2678,0.0,0.035,OPTIMAL
grid_3x3,seed_milpsnap_grid3x3_k10.json,828,9,12,13,22.2678,0.0,0.03,OPTIMAL
grid_3x3,seed_milpsnap_grid3x3_k10.json,829,9,12,12,22.2678,0.0,0.028,OPTIMAL
grid_3x3,seed_milpsnap_grid3x3_k10.json,830,9,12,10,22.2678,0.0,0.025,OPTIMAL
grid_3x3,seed_milpsnap_grid3x3_k10.json,831,9,12,10,11.1613,0.0,0.029,OPTIMAL
grid_3x3,seed_milpsnap_grid3x3_k10.json,832,9,12,10,11.1613,0.0,0.03,OPTIMAL
grid_3x3,seed_milpsnap_grid3x3_k10.json,833,9,12,9,11.1613,0.0,0.027,OPTIMAL
grid_3x3,seed_milpsnap_grid3x3_k10.json,834,9,12,11,11.1613,0.0,0.033,OPTIMAL
grid_3x3,seed_milpsnap_grid3x3_k10.json,835,9,12,11,11.1613,6.841934214796302e-05,0.033,OPTIMAL
grid_3x3,seed_milpsnap_grid3x3_k10.json,836,9,12,11,11.1613,0.0,0.034,OPTIMAL
grid_3x3,seed_milpsnap_grid3x3_k10.json,837,9,12,13,22.2678,0.0,0.029,OPTIMAL
grid_3x3,seed_milpsnap_grid3x3_k10.json,838,9,12,13,22.2678,0.0,0.03,OPTIMAL
grid_3x3,seed_milpsnap_grid3x3_k10.json,839,9,12,12,22.2678,0.0,0.028,OPTIMAL
grid_3x3,seed_milpsnap_grid3x3_k10.json,840,9,12,13,11.1613,0.0,0.038,OPTIMAL
grid_3x3,seed_milpsnap_grid3x3_k10.json,841,9,12,13,11.1613,0.0,0.038,OPTIMAL
grid_3x3,seed_milpsnap_grid3x3_k10.json,842,9,12,13,11.1613,6.841934214796302e-05,0.039,OPTIMAL
grid_3x3,seed_milpsnap_grid3x3_k10.json,843,9,12,12,11.1613,0.0,0.035,OPTIMAL
grid_3x3,seed_milpsnap_grid3x3_k10.json,844,9,12,12,11.1613,6.841934214796302e-05,0.033,OPTIMAL
grid_3x3,seed_milpsnap_grid3x3_k10.json,845,9,12,12,22.2678,0.0,0.03,OPTIMAL
grid_3x3,seed_milpsnap_grid3x3_k10.json,846,9,12,16,11.1613,0.0,0.053,OPTIMAL
grid_3x3,seed_milpsnap_grid3x3_k10.json,847,9,12,14,11.1613,6.841934214796302e-05,0.045,OPTIMAL
grid_3x3,seed_milpsnap_grid3x3_k10.json,848,9,12,15,11.1613,6.841934214796302e-05,0.049,OPTIMAL
grid_3x3,seed_milpsnap_grid3x3_k10.json,849,9,12,16,11.1613,0.0,0.047,OPTIMAL
grid_3x3,seed_milpsnap_grid3x3_k10.json,850,9,12,18,11.1613,6.841934214796302e-05,0.053,OPTIMAL
grid_3x3,seed_milpsnap_grid3x3_k10.json,851,9,12,20,11.1613,0.0,0.058,OPTIMAL
grid_3x3,seed_milpsnap_grid3x3_k10.json,852,9,12,21,11.1613,0.0,0.065,OPTIMAL
grid_3x3,seed_milpsnap_grid3x3_k10.json,853,9,12,22,11.1613,0.0,0.066,OPTIMAL
grid_3x3,seed_milpsnap_grid3x3_k10.json,854,9,12,20,11.1613,0.0,0.059,OPTIMAL
grid_3x3,seed_milpsnap_grid3x3_k10.json,855,9,12,19,11.1613,0.0,0.055,OPTIMAL
grid_3x3,seed_milpsnap_grid3x3_k10.json,856,9,12,21,11.1613,0.0,0.06,OPTIMAL
grid_3x3,seed_milpsnap_grid3x3_k10.json,857,9,12,21,11.1613,0.0,0.061,OPTIMAL
grid_3x3,seed_milpsnap_grid3x3_k10.json,858,9,12,21,11.1613,0.0,0.063,OPTIMAL
grid_3x3,seed_milpsnap_grid3x3_k10.json,859,9,12,22,22.2678,0.0,0.049,OPTIMAL
grid_3x3,seed_milpsnap_grid3x3_k10.json,860,9,12,19,22.2678,0.0,0.044,OPTIMAL
grid_3x3,seed_milpsnap_grid3x3_k10.json,861,9,12,20,11.1613,0.0,0.059,OPTIMAL
grid_3x3,seed_milpsnap_grid3x3_k10.json,862,9,12,21,11.1613,0.0,0.061,OPTIMAL
grid_3x3,seed_milpsnap_grid3x3_k10.json,863,9,12,21,11.1613,0.0,0.059,OPTIMAL
grid_3x3,seed_milpsnap_grid3x3_k10.json,864,9,12,19,11.1613,6.841934214796302e-05,0.056,OPTIMAL
grid_3x3,seed_milpsnap_grid3x3_k10.json,865,9,12,17,11.1613,0.0,0.049,OPTIMAL
grid_3x3,seed_milpsnap_grid3x3_k10.json,866,9,12,19,11.1613,0.0,0.057,OPTIMAL
grid_3x3,seed_milpsnap_grid3x3_k10.json,867,9,12,21,11.1613,0.0,0.064,OPTIMAL
grid_3x3,seed_milpsnap_grid3x3_k10.json,868,9,12,19,11.1613,0.0,0.059,OPTIMAL
grid_3x3,seed_milpsnap_grid3x3_k10.json,869,9,12,20,11.1613,6.841934214796302e-05,0.06,OPTIMAL
grid_3x3,seed_milpsnap_grid3x3_k10.json,870,9,12,19,11.1613,6.841934214796302e-05,0.056,OPTIMAL
grid_3x3,seed_milpsnap_grid3x3_k10.json,871,9,12,20,11.1613,0.0,0.062,OPTIMAL
grid_3x3,seed_milpsnap_grid3x3_k10.json,872,9,12,20,11.1613,0.0,0.059,OPTIMAL
grid_3x3,seed_milpsnap_grid3x3_k10.json,873,9,12,18,11.1613,0.0,0.052,OPTIMAL
grid_3x3,seed_milpsnap_grid3x3_k10.json,874,9,12,18,11.1613,0.0,0.05,OPTIMAL
grid_3x3,seed_milpsnap_grid3x3_k10.json,875,9,12,17,11.1613,0.0,0.049,OPTIMAL
grid_3x3,seed_milpsnap_grid3x3_k10.json,876,9,12,15,11.1613,0.0,0.043,OPTIMAL
grid_3x3,seed_milpsnap_grid3x3_k10.json,877,9,12,14,11.1613,0.0,0.042,OPTIMAL
grid_3x3,seed_milpsnap_grid3x3_k10.json,878,9,12,15,11.1613,0.0,0.044,OPTIMAL
grid_3x3,seed_milpsnap_grid3x3_k10.json,879,9,12,13,11.1613,0.0,0.038,OPTIMAL
grid_3x3,seed_milpsnap_grid3x3_k10.json,880,9,12,12,11.1613,6.841934214796302e-05,0.035,OPTIMAL
grid_3x3,seed_milpsnap_grid3x3_k10.json,881,9,12,12,11.1613,0.0,0.036,OPTIMAL
grid_3x3,seed_milpsnap_grid3x3_k10.json,882,9,12,12,11.1613,0.0,0.037,OPTIMAL
grid_3x3,seed_milpsnap_grid3x3_k10.json,883,9,12,11,11.1613,0.0,0.032,OPTIMAL
grid_3x3,seed_milpsnap_grid3x3_k10.json,884,9,12,10,11.1613,0.0,0.03,OPTIMAL
grid_3x3,seed_milpsnap_grid3x3_k10.json,885,9,12,9,11.1613,0.0,0.026,OPTIMAL
grid_3x3,seed_milpsnap_grid3x3_k10.json,886,9,12,10,11.1613,0.0,0.029,OPTIMAL
grid_3x3,seed_milpsnap_grid3x3_k10.json,887,9,12,11,11.1613,0.0,0.034,OPTIMAL
grid_3x3,seed_milpsnap_grid3x3_k10.json,888,9,12,11,11.1613,0.0,0.031,OPTIMAL
grid_3x3,seed_milpsnap_grid3x3_k10.json,889,9,12,12,11.1613,0.0,0.036,OPTIMAL
grid_3x3,seed_milpsnap_grid3x3_k10.json,890,9,12,16,11.1613,0.0,0.047,OPTIMAL
grid_3x3,seed_milpsnap_grid3x3_k10.json,891,9,12,15,11.1613,0.0,0.044,OPTIMAL
grid_3x3,seed_milpsnap_grid3x3_k10.json,892,9,12,16,11.1613,0.0,0.047,OPTIMAL
grid_3x3,seed_milpsnap_grid3x3_k10.json,893,9,12,18,11.1613,6.841934214796302e-05,0.059,OPTIMAL
grid_3x3,seed_milpsnap_grid3x3_k10.json,894,9,12,18,11.1613,0.0,0.05,OPTIMAL
grid_3x3,seed_milpsnap_grid3x3_k10.json,895,9,12,20,11.1613,0.0,0.06,OPTIMAL
grid_3x3,seed_milpsnap_grid3x3_k10.json,896,9,12,22,11.1613,0.0,0.064,OPTIMAL
grid_3x3,seed_milpsnap_grid3x3_k10.json,897,9,12,25,11.1613,0.0,0.072,OPTIMAL
grid_3x3,seed_milpsnap_grid3x3_k10.json,898,9,12,28,11.1613,0.0,0.084,OPTIMAL
grid_3x3,seed_milpsnap_grid3x3_k10.json,899,9,12,28,11.1613,0.0,0.083,OPTIMAL
grid_3x3,seed_milpsnap_grid3x3_k10.json,900,9,12,28,11.1613,0.0,0.083,OPTIMAL
grid_3x3,seed_milpsnap_grid3x3_k10.json,901,9,12,27,11.1613,0.0,0.079,OPTIMAL
grid_3x3,seed_milpsnap_grid3x3_k10.json,902,9,12,30,11.1613,0.0,0.092,OPTIMAL
grid_3x3,seed_milpsnap_grid3x3_k10.json,903,9,12,29,11.1613,0.0,0.086,OPTIMAL
grid_3x3,seed_milpsnap_grid3x3_k10.json,904,9,12,29,11.1613,0.0,0.09,OPTIMAL
grid_3x3,seed_milpsnap_grid3x3_k10.json,905,9,12,30,11.1613,0.0,0.09,OPTIMAL
grid_3x3,seed_milpsnap_grid3x3_k10.json,906,9,12,28,11.1613,0.0,0.082,OPTIMAL
grid_3x3,seed_milpsnap_grid3x3_k10.json,907,9,12,27,11.1613,0.0,0.08,OPTIMAL
grid_3x3,seed_milpsnap_grid3x3_k10.json,908,9,12,24,11.1613,0.0,0.071,OPTIMAL
grid_3x3,seed_milpsnap_grid3x3_k10.json,909,9,12,29,11.1613,0.0,0.088,OPTIMAL
grid_3x3,seed_milpsnap_grid3x3_k10.json,910,9,12,28,11.1613,0.0,0.091,OPTIMAL
grid_3x3,seed_milpsnap_grid3x3_k10.json,911,9,12,28,11.1613,0.0,0.091,OPTIMAL
grid_3x3,seed_milpsnap_grid3x3_k10.json,912,9,12,25,11.1613,0.0,0.076,OPTIMAL
grid_3x3,seed_milpsnap_grid3x3_k10.json,913,9,12,27,11.1613,0.0,0.083,OPTIMAL
grid_3x3,seed_milpsnap_grid3x3_k10.json,914,9,12,26,11.1613,6.841934214796302e-05,0.077,OPTIMAL
grid_3x3,seed_milpsnap_grid3x3_k10.json,915,9,12,24,11.1613,0.0,0.071,OPTIMAL
grid_3x3,seed_milpsnap_grid3x3_k10.json,916,9,12,21,11.1613,0.0,0.061,OPTIMAL
grid_3x3,seed_milpsnap_grid3x3_k10.json,917,9,12,19,11.1613,0.0,0.055,OPTIMAL
grid_3x3,seed_milpsnap_grid3x3_k10.json,918,9,12,18,11.1613,0.0,0.054,OPTIMAL
grid_3x3,seed_milpsnap_grid3x3_k10.json,919,9,12,16,11.1613,0.0,0.048,OPTIMAL
grid_3x3,seed_milpsnap_grid3x3_k10.json,920,9,12,18,11.1613,0.0,0.058,OPTIMAL
grid_3x3,seed_milpsnap_grid3x3_k10.json,921,9,12,19,11.1613,0.0,0.055,OPTIMAL
grid_3x3,seed_milpsnap_grid3x3_k10.json,922,9,12,20,11.1613,0.0,0.058,OPTIMAL
grid_3x3,seed_milpsnap_grid3x3_k10.json,923,9,12,19,11.1613,0.0,0.056,OPTIMAL
grid_3x3,seed_milpsnap_grid3x3_k10.json,924,9,12,17,11.1613,0.0,0.05,OPTIMAL
grid_3x3,seed_milpsnap_grid3x3_k10.json,925,9,12,15,11.1613,0.0,0.043,OPTIMAL
grid_3x3,seed_milpsnap_grid3x3_k10.json,926,9,12,14,22.2678,0.0,0.033,OPTIMAL
grid_3x3,seed_milpsnap_grid3x3_k10.json,927,9,12,13,22.2678,0.0,0.03,OPTIMAL
grid_3x3,seed_milpsnap_grid3x3_k10.json,928,9,12,15,22.2678,0.0,0.034,OPTIMAL
grid_3x3,seed_milpsnap_grid3x3_k10.json,929,9,12,16,22.2678,0.0,0.036,OPTIMAL
grid_3x3,seed_milpsnap_grid3x3_k10.json,930,9,12,18,11.1613,0.0,0.055,OPTIMAL
grid_3x3,seed_milpsnap_grid3x3_k10.json,931,9,12,21,11.1613,0.0,0.061,OPTIMAL
grid_3x3,seed_milpsnap_grid3x3_k10.json,932,9,12,22,11.1613,6.841934214796302e-05,0.065,OPTIMAL
grid_3x3,seed_milpsnap_grid3x3_k10.json,933,9,12,21,11.1613,0.0,0.06,OPTIMAL
grid_3x3,seed_milpsnap_grid3x3_k10.json,934,9,12,19,11.1613,6.841934214796302e-05,0.054,OPTIMAL
grid_3x3,seed_milpsnap_grid3x3_k10.json,935,9,12,19,11.1613,0.0,0.055,OPTIMAL
grid_3x3,seed_milpsnap_grid3x3_k10.json,936,9,12,15,11.1613,0.0,0.042,OPTIMAL
grid_3x3,seed_milpsnap_grid3x3_k10.json,937,9,12,15,11.1613,0.0,0.041,OPTIMAL
grid_3x3,seed_milpsnap_grid3x3_k10.json,938,9,12,17,11.1613,0.0,0.048,OPTIMAL
grid_3x3,seed_milpsnap_grid3x3_k10.json,939,9,12,18,11.1613,0.0,0.053,OPTIMAL
grid_3x3,seed_milpsnap_grid3x3_k10.json,940,9,12,20,11.1613,0.0,0.057,OPTIMAL
grid_3x3,seed_milpsnap_grid3x3_k10.json,941,9,12,20,11.1613,0.0,0.064,OPTIMAL
grid_3x3,seed_milpsnap_grid3x3_k10.json,942,9,12,1,66.694,0.0,0.006,OPTIMAL
grid_3x3,seed_milpsnap_grid3x3_k10.json,943,9,12,2,44.4809,0.0,0.007,OPTIMAL
grid_3x3,seed_milpsnap_grid3x3_k10.json,944,9,12,3,33.3744,0.0,0.009,OPTIMAL
grid_3x3,seed_milpsnap_grid3x3_k10.json,945,9,12,4,22.2678,0.0,0.016,OPTIMAL
grid_3x3,seed_milpsnap_grid3x3_k10.json,946,9,12,5,22.2678,7.819525354826075e-05,0.019,OPTIMAL
grid_3x3,seed_milpsnap_grid3x3_k10.json,947,9,12,7,11.1613,0.0,0.027,OPTIMAL
grid_3x3,seed_milpsnap_grid3x3_k10.json,948,9,12,9,11.1613,0.0,0.028,OPTIMAL
grid_3x3,seed_milpsnap_grid3x3_k10.json,949,9,12,13,11.1613,0.0,0.037,OPTIMAL
grid_3x3,seed_milpsnap_grid3x3_k10.json,950,9,12,16,11.1613,0.0,0.047,OPTIMAL
grid_3x3,seed_milpsnap_grid3x3_k10.json,951,9,12,18,11.1613,6.841934214796302e-05,0.054,OPTIMAL
grid_3x3,seed_milpsnap_grid3x3_k10.json,952,9,12,20,11.1613,0.0,0.058,OPTIMAL
grid_3x3,seed_milpsnap_grid3x3_k10.json,953,9,12,21,11.1613,0.0,0.061,OPTIMAL
grid_3x3,seed_milpsnap_grid3x3_k10.json,954,9,12,20,11.1613,6.841934214796302e-05,0.061,OPTIMAL
grid_3x3,seed_milpsnap_grid3x3_k10.json,955,9,12,20,11.1613,0.0,0.059,OPTIMAL
grid_3x3,seed_milpsnap_grid3x3_k10.json,956,9,12,20,11.1613,0.0,0.06,OPTIMAL
grid_3x3,seed_milpsnap_grid3x3_k10.json,957,9,12,22,11.1613,0.0,0.065,OPTIMAL
grid_3x3,seed_milpsnap_grid3x3_k10.json,958,9,12,22,11.1613,0.0,0.069,OPTIMAL
grid_3x3,seed_milpsnap_grid3x3_k10.json,959,9,12,22,11.1613,0.0,0.067,OPTIMAL
grid_3x3,seed_milpsnap_grid3x3_k10.json,960,9,12,21,11.1613,0.0,0.062,OPTIMAL
grid_3x3,seed_milpsnap_grid3x3_k10.json,961,9,12,21,11.1613,0.0,0.061,OPTIMAL
grid_3x3,seed_milpsnap_grid3x3_k10.json,962,9,12,23,11.1613,0.0,0.068,OPTIMAL
grid_3x3,seed_milpsnap_grid3x3_k10.json,963,9,12,20,11.1613,0.0,0.06,OPTIMAL
grid_3x3,seed_milpsnap_grid3x3_k10.json,964,9,12,17,11.1613,0.0,0.049,OPTIMAL
grid_3x3,seed_milpsnap_grid3x3_k10.json,965,9,12,16,11.1613,0.0,0.046,OPTIMAL
grid_3x3,seed_milpsnap_grid3x3_k10.json,966,9,12,16,11.1613,0.0,0.047,OPTIMAL
grid_3x3,seed_milpsnap_grid3x3_k10.json,967,9,12,17,11.1613,0.0,0.049,OPTIMAL
grid_3x3,seed_milpsnap_grid3x3_k10.json,968,9,12,18,11.1613,0.0,0.053,OPTIMAL
grid_3x3,seed_milpsnap_grid3x3_k10.json,969,9,12,17,11.1613,0.0,0.05,OPTIMAL
grid_3x3,seed_milpsnap_grid3x3_k10.json,970,9,12,16,11.1613,0.0,0.048,OPTIMAL
grid_3x3,seed_milpsnap_grid3x3_k10.json,971,9,12,15,11.1613,0.0,0.047,OPTIMAL
grid_3x3,seed_milpsnap_grid3x3_k10.json,972,9,12,16,11.1613,0.0,0.047,OPTIMAL
grid_3x3,seed_milpsnap_grid3x3_k10.json,973,9,12,16,11.1613,0.0,0.047,OPTIMAL
grid_3x3,seed_milpsnap_grid3x3_k10.json,974,9,12,15,11.1613,0.0,0.044,OPTIMAL
grid_3x3,seed_milpsnap_grid3x3_k10.json,975,9,12,15,11.1613,0.0,0.046,OPTIMAL
grid_3x3,seed_milpsnap_grid3x3_k10.json,976,9,12,14,11.1613,0.0,0.039,OPTIMAL
grid_3x3,seed_milpsnap_grid3x3_k10.json,977,9,12,14,11.1613,0.0,0.04,OPTIMAL
grid_3x3,seed_milpsnap_grid3x3_k10.json,978,9,12,16,11.1613,0.0,0.047,OPTIMAL
grid_3x3,seed_milpsnap_grid3x3_k10.json,979,9,12,15,11.1613,6.841934214796302e-05,0.045,OPTIMAL
grid_3x3,seed_milpsnap_grid3x3_k10.json,980,9,12,14,11.1613,0.0,0.041,OPTIMAL
grid_3x3,seed_milpsnap_grid3x3_k10.json,981,9,12,14,22.2678,0.0,0.03,OPTIMAL
grid_3x3,seed_milpsnap_grid3x3_k10.json,982,9,12,14,22.2678,0.0,0.033,OPTIMAL
grid_3x3,seed_milpsnap_grid3x3_k10.json,983,9,12,16,11.1613,0.0,0.051,OPTIMAL
grid_3x3,seed_milpsnap_grid3x3_k10.json,984,9,12,17,11.1613,6.841934214796302e-05,0.049,OPTIMAL
grid_3x3,seed_milpsnap_grid3x3_k10.json,985,9,12,17,11.1613,0.0,0.049,OPTIMAL
grid_3x3,seed_milpsnap_grid3x3_k10.json,986,9,12,17,11.1613,0.0,0.05,OPTIMAL
grid_3x3,seed_milpsnap_grid3x3_k10.json,987,9,12,16,11.1613,0.0,0.05,OPTIMAL
grid_3x3,seed_milpsnap_grid3x3_k10.json,988,9,12,14,11.1613,0.0,0.041,OPTIMAL
grid_3x3,seed_milpsnap_grid3x3_k10.json,989,9,12,13,11.1613,0.0,0.046,OPTIMAL
grid_3x3,seed_milpsnap_grid3x3_k10.json,990,9,12,14,11.1613,0.0,0.042,OPTIMAL
grid_3x3,seed_milpsnap_grid3x3_k10.json,991,9,12,16,11.1613,0.0,0.048,OPTIMAL
grid_3x3,seed_milpsnap_grid3x3_k10.json,992,9,12,15,11.1613,0.0,0.043,OPTIMAL
grid_3x3,seed_milpsnap_grid3x3_k10.json,993,9,12,16,11.1613,0.0,0.045,OPTIMAL
grid_3x3,seed_milpsnap_grid3x3_k10.json,994,9,12,15,11.1613,6.841934214796302e-05,0.044,OPTIMAL
grid_3x3,seed_milpsnap_grid3x3_k10.json,995,9,12,13,11.1613,0.0,0.036,OPTIMAL
grid_3x3,seed_milpsnap_grid3x3_k10.json,996,9,12,13,11.1613,0.0,0.037,OPTIMAL
grid_3x3,seed_milpsnap_grid3x3_k10.json,997,9,12,12,11.1613,0.0,0.035,OPTIMAL
grid_3x3,seed_milpsnap_grid3x3_k10.json,998,9,12,11,11.1613,0.0,0.035,OPTIMAL
grid_3x3,seed_milpsnap_grid3x3_k10.json,999,9,12,11,11.1613,0.0,0.033,OPTIMAL
grid_3x3,seed_milpsnap_grid3x3_k10.json,1000,9,12,11,11.1613,0.0,0.033,OPTIMAL
grid_3x3,seed_milpsnap_grid3x3_k10.json,1001,9,12,13,11.1613,0.0,0.038,OPTIMAL
grid_3x3,seed_milpsnap_grid3x3_k10.json,1002,9,12,15,11.1613,0.0,0.043,OPTIMAL
grid_3x3,seed_milpsnap_grid3x3_k10.json,1003,9,12,18,11.1613,0.0,0.051,OPTIMAL
grid_3x3,seed_milpsnap_grid3x3_k10.json,1004,9,12,19,11.1613,0.0,0.052,OPTIMAL
grid_3x3,seed_milpsnap_grid3x3_k10.json,1005,9,12,19,11.1613,6.841934214796302e-05,0.055,OPTIMAL
grid_3x3,seed_milpsnap_grid3x3_k10.json,1006,9,12,18,11.1613,6.841934214796302e-05,0.053,OPTIMAL
grid_3x3,seed_milpsnap_grid3x3_k10.json,1007,9,12,20,11.1613,0.0,0.057,OPTIMAL
grid_3x3,seed_milpsnap_grid3x3_k10.json,1008,9,12,22,11.1613,6.841934214796302e-05,0.066,OPTIMAL
grid_3x3,seed_milpsnap_grid3x3_k10.json,1009,9,12,24,11.1613,0.0,0.077,OPTIMAL
grid_3x3,seed_milpsnap_grid3x3_k10.json,1010,9,12,23,11.1613,0.0,0.068,OPTIMAL
grid_3x3,seed_milpsnap_grid3x3_k10.json,1011,9,12,23,11.1613,0.0,0.067,OPTIMAL
grid_3x3,seed_milpsnap_grid3x3_k10.json,1012,9,12,22,11.1613,0.0,0.065,OPTIMAL
grid_3x3,seed_milpsnap_grid3x3_k10.json,1013,9,12,22,11.1613,0.0,0.064,OPTIMAL
grid_3x3,seed_milpsnap_grid3x3_k10.json,1014,9,12,20,11.1613,0.0,0.056,OPTIMAL
grid_3x3,seed_milpsnap_grid3x3_k10.json,1015,9,12,21,11.1613,0.0,0.06,OPTIMAL
grid_3x3,seed_milpsnap_grid3x3_k10.json,1016,9,12,18,11.1613,0.0,0.051,OPTIMAL
grid_3x3,seed_milpsnap_grid3x3_k10.json,1017,9,12,19,11.1613,0.0,0.057,OPTIMAL
grid_3x3,seed_milpsnap_grid3x3_k10.json,1018,9,12,16,11.1613,0.0,0.047,OPTIMAL
grid_3x3,seed_milpsnap_grid3x3_k10.json,1019,9,12,16,11.1613,0.0,0.048,OPTIMAL
grid_3x3,seed_milpsnap_grid3x3_k10.json,1020,9,12,18,11.1613,6.841934214796302e-05,0.05,OPTIMAL
grid_3x3,seed_milpsnap_grid3x3_k10.json,1021,9,12,16,11.1613,0.0,0.046,OPTIMAL
grid_3x3,seed_milpsnap_grid3x3_k10.json,1022,9,12,15,11.1613,0.0,0.042,OPTIMAL
grid_3x3,seed_milpsnap_grid3x3_k10.json,1023,9,12,14,11.1613,0.0,0.041,OPTIMAL
grid_3x3,seed_milpsnap_grid3x3_k10.json,1024,9,12,16,11.1613,6.841934214796302e-05,0.05,OPTIMAL
grid_3x3,seed_milpsnap_grid3x3_k10.json,1025,9,12,17,11.1613,0.0,0.048,OPTIMAL
grid_3x3,seed_milpsnap_grid3x3_k10.json,1026,9,12,18,11.1613,0.0,0.052,OPTIMAL
grid_3x3,seed_milpsnap_grid3x3_k10.json,1027,9,12,19,11.1613,0.0,0.053,OPTIMAL
grid_3x3,seed_milpsnap_grid3x3_k10.json,1028,9,12,20,11.1613,0.0,0.057,OPTIMAL
grid_3x3,seed_milpsnap_grid3x3_k10.json,1029,9,12,19,11.1613,0.0,0.055,OPTIMAL
grid_3x3,seed_milpsnap_grid3x3_k10.json,1030,9,12,18,11.1613,0.0,0.054,OPTIMAL
grid_3x3,seed_milpsnap_grid3x3_k10.json,1031,9,12,21,11.1613,0.0,0.062,OPTIMAL
grid_3x3,seed_milpsnap_grid3x3_k10.json,1032,9,12,19,11.1613,0.0,0.056,OPTIMAL
grid_3x3,seed_milpsnap_grid3x3_k10.json,1033,9,12,18,11.1613,0.0,0.051,OPTIMAL
grid_3x3,seed_milpsnap_grid3x3_k10.json,1034,9,12,17,11.1613,0.0,0.047,OPTIMAL
grid_3x3,seed_milpsnap_grid3x3_k10.json,1035,9,12,17,11.1613,6.841934214796302e-05,0.048,OPTIMAL
grid_3x3,seed_milpsnap_grid3x3_k10.json,1036,9,12,16,11.1613,0.0,0.045,OPTIMAL
grid_3x3,seed_milpsnap_grid3x3_k10.json,1037,9,12,14,11.1613,0.0,0.039,OPTIMAL
grid_3x3,seed_milpsnap_grid3x3_k10.json,1038,9,12,12,11.1613,0.0,0.036,OPTIMAL
grid_3x3,seed_milpsnap_grid3x3_k10.json,1039,9,12,14,11.1613,0.0,0.04,OPTIMAL
grid_3x3,seed_milpsnap_grid3x3_k10.json,1040,9,12,15,11.1613,0.0,0.049,OPTIMAL
grid_3x3,seed_milpsnap_grid3x3_k10.json,1041,9,12,12,11.1613,0.0,0.036,OPTIMAL
grid_3x3,seed_milpsnap_grid3x3_k10.json,1042,9,12,12,11.1613,0.0,0.035,OPTIMAL
grid_3x3,seed_milpsnap_grid3x3_k10.json,1043,9,12,13,11.1613,0.0,0.04,OPTIMAL
grid_3x3,seed_milpsnap_grid3x3_k10.json,1044,9,12,14,11.1613,0.0,0.043,OPTIMAL
grid_3x3,seed_milpsnap_grid3x3_k10.json,1045,9,12,12,22.2678,0.0,0.027,OPTIMAL
grid_3x3,seed_milpsnap_grid3x3_k10.json,1046,9,12,13,22.2678,0.0,0.031,OPTIMAL
grid_3x3,seed_milpsnap_grid3x3_k10.json,1047,9,12,13,22.2678,0.0,0.029,OPTIMAL
grid_3x3,seed_milpsnap_grid3x3_k10.json,1048,9,12,15,22.2678,0.0,0.036,OPTIMAL
grid_3x3,seed_milpsnap_grid3x3_k10.json,1049,9,12,14,22.2678,0.0,0.033,OPTIMAL
grid_3x3,seed_milpsnap_grid3x3_k10.json,1050,9,12,15,22.2678,0.0,0.034,OPTIMAL
grid_3x3,seed_milpsnap_grid3x3_k10.json,1051,9,12,17,11.1613,0.0,0.049,OPTIMAL
grid_3x3,seed_milpsnap_grid3x3_k10.json,1052,9,12,17,11.1613,6.841934214796302e-05,0.049,OPTIMAL
grid_3x3,seed_milpsnap_grid3x3_k10.json,1053,9,12,16,11.1613,0.0,0.047,OPTIMAL
grid_3x3,seed_milpsnap_grid3x3_k10.json,1054,9,12,17,11.1613,0.0,0.051,OPTIMAL
grid_3x3,seed_milpsnap_grid3x3_k10.json,1055,9,12,16,11.1613,0.0,0.047,OPTIMAL
grid_3x3,seed_milpsnap_grid3x3_k10.json,1056,9,12,16,11.1613,0.0,0.047,OPTIMAL
grid_3x3,seed_milpsnap_grid3x3_k10.json,1057,9,12,16,11.1613,0.0,0.045,OPTIMAL
grid_3x3,seed_milpsnap_grid3x3_k10.json,1058,9,12,18,11.1613,0.0,0.053,OPTIMAL
grid_3x3,seed_milpsnap_grid3x3_k10.json,1059,9,12,20,11.1613,0.0,0.063,OPTIMAL
grid_3x3,seed_milpsnap_grid3x3_k10.json,1060,9,12,21,11.1613,6.841934214796302e-05,0.065,OPTIMAL
grid_3x3,seed_milpsnap_grid3x3_k10.json,1061,9,12,20,11.1613,0.0,0.06,OPTIMAL
grid_3x3,seed_milpsnap_grid3x3_k10.json,1062,9,12,18,11.1613,0.0,0.052,OPTIMAL
grid_3x3,seed_milpsnap_grid3x3_k10.json,1063,9,12,19,11.1613,0.0,0.055,OPTIMAL
grid_3x3,seed_milpsnap_grid3x3_k10.json,1064,9,12,19,11.1613,0.0,0.056,OPTIMAL
grid_3x3,seed_milpsnap_grid3x3_k10.json,1065,9,12,19,11.1613,0.0,0.057,OPTIMAL
grid_3x3,seed_milpsnap_grid3x3_k10.json,1066,9,12,22,11.1613,0.0,0.068,OPTIMAL
grid_3x3,seed_milpsnap_grid3x3_k10.json,1067,9,12,21,11.1613,6.841934214796302e-05,0.063,OPTIMAL
grid_3x3,seed_milpsnap_grid3x3_k10.json,1068,9,12,20,11.1613,6.841934214796302e-05,0.056,OPTIMAL
grid_3x3,seed_milpsnap_grid3x3_k10.json,1069,9,12,19,11.1613,6.841934214796302e-05,0.058,OPTIMAL
grid_3x3,seed_milpsnap_grid3x3_k10.json,1070,9,12,20,11.1613,0.0,0.062,OPTIMAL
grid_3x3,seed_milpsnap_grid3x3_k10.json,1071,9,12,17,11.1613,0.0,0.051,OPTIMAL
grid_3x3,seed_milpsnap_grid3x3_k10.json,1072,9,12,18,11.1613,0.0,0.057,OPTIMAL
grid_3x3,seed_milpsnap_grid3x3_k10.json,1073,9,12,17,11.1613,6.841934214796302e-05,0.053,OPTIMAL
grid_3x3,seed_milpsnap_grid3x3_k10.json,1074,9,12,14,11.1613,0.0,0.042,OPTIMAL
grid_3x3,seed_milpsnap_grid3x3_k10.json,1075,9,12,14,11.1613,0.0,0.043,OPTIMAL
grid_3x3,seed_milpsnap_grid3x3_k10.json,1076,9,12,16,11.1613,0.0,0.048,OPTIMAL
grid_3x3,seed_milpsnap_grid3x3_k10.json,1077,9,12,16,11.1613,0.0,0.047,OPTIMAL
grid_3x3,seed_milpsnap_grid3x3_k10.json,1078,9,12,16,22.2678,0.0,0.047,OPTIMAL
grid_3x3,seed_milpsnap_grid3x3_k10.json,1079,9,12,15,11.1613,0.0,0.05,OPTIMAL
grid_3x3,seed_milpsnap_grid3x3_k10.json,1080,9,12,1,66.694,0.0,0.007,OPTIMAL
grid_3x3,seed_milpsnap_grid3x3_k10.json,1081,9,12,2,66.694,0.0,0.007,OPTIMAL
grid_3x3,seed_milpsnap_grid3x3_k10.json,1082,9,12,3,44.4809,0.0,0.01,OPTIMAL
grid_3x3,seed_milpsnap_grid3x3_k10.json,1083,9,12,4,33.3744,0.0,0.011,OPTIMAL
grid_3x3,seed_milpsnap_grid3x3_k10.json,1084,9,12,5,22.2678,0.0,0.013,OPTIMAL
grid_3x3,seed_milpsnap_grid3x3_k10.json,1085,9,12,6,22.2678,0.0,0.016,OPTIMAL
grid_3x3,seed_milpsnap_grid3x3_k10.json,1086,9,12,7,22.2678,0.0,0.018,OPTIMAL
grid_3x3,seed_milpsnap_grid3x3_k10.json,1087,9,12,8,22.2678,0.0,0.02,OPTIMAL
grid_3x3,seed_milpsnap_grid3x3_k10.json,1088,9,12,11,11.1613,0.0,0.034,OPTIMAL
grid_3x3,seed_milpsnap_grid3x3_k10.json,1089,9,12,11,11.1613,0.0,0.038,OPTIMAL
grid_3x3,seed_milpsnap_grid3x3_k10.json,1090,9,12,12,11.1613,0.0,0.034,OPTIMAL
grid_3x3,seed_milpsnap_grid3x3_k10.json,1091,9,12,14,11.1613,0.0,0.044,OPTIMAL
grid_3x3,seed_milpsnap_grid3x3_k10.json,1092,9,12,15,11.1613,6.841934214796302e-05,0.044,OPTIMAL
grid_3x3,seed_milpsnap_grid3x3_k10.json,1093,9,12,16,11.1613,0.0,0.05,OPTIMAL
grid_3x3,seed_milpsnap_grid3x3_k10.json,1094,9,12,18,11.1613,0.0,0.052,OPTIMAL
grid_3x3,seed_milpsnap_grid3x3_k10.json,1095,9,12,18,11.1613,0.0,0.055,OPTIMAL
grid_3x3,seed_milpsnap_grid3x3_k10.json,1096,9,12,19,11.1613,6.841934214796302e-05,0.056,OPTIMAL
grid_3x3,seed_milpsnap_grid3x3_k10.json,1097,9,12,18,11.1613,0.0,0.056,OPTIMAL
grid_3x3,seed_milpsnap_grid3x3_k10.json,1098,9,12,19,11.1613,0.0,0.056,OPTIMAL
grid_3x3,seed_milpsnap_grid3x3_k10.json,1099,9,12,18,11.1613,0.0,0.053,OPTIMAL
grid_3x3,seed_milpsnap_grid3x3_k10.json,1100,9,12,19,11.1613,0.0,0.057,OPTIMAL
grid_3x3,seed_milpsnap_grid3x3_k10.json,1101,9,12,22,11.1613,0.0,0.067,OPTIMAL
grid_3x3,seed_milpsnap_grid3x3_k10.json,1102,9,12,25,11.1613,0.0,0.075,OPTIMAL
grid_3x3,seed_milpsnap_grid3x3_k10.json,1103,9,12,22,11.1613,0.0,0.065,OPTIMAL
grid_3x3,seed_milpsnap_grid3x3_k10.json,1104,9,12,22,11.1613,0.0,0.065,OPTIMAL
grid_3x3,seed_milpsnap_grid3x3_k10.json,1105,9,12,21,11.1613,0.0,0.064,OPTIMAL
grid_3x3,seed_milpsnap_grid3x3_k10.json,1106,9,12,20,11.1613,6.841934214796302e-05,0.061,OPTIMAL
grid_3x3,seed_milpsnap_grid3x3_k10.json,1107,9,12,23,11.1613,6.841934214796302e-05,0.069,OPTIMAL
grid_3x3,seed_milpsnap_grid3x3_k10.json,1108,9,12,22,11.1613,0.0,0.067,OPTIMAL
grid_3x3,seed_milpsnap_grid3x3_k10.json,1109,9,12,21,11.1613,0.0,0.063,OPTIMAL
grid_3x3,seed_milpsnap_grid3x3_k10.json,1110,9,12,20,11.1613,0.0,0.058,OPTIMAL
grid_3x3,seed_milpsnap_grid3x3_k10.json,1111,9,12,20,11.1613,6.841934214796302e-05,0.059,OPTIMAL
grid_3x3,seed_milpsnap_grid3x3_k10.json,1112,9,12,19,11.1613,0.0,0.055,OPTIMAL
grid_3x3,seed_milpsnap_grid3x3_k10.json,1113,9,12,21,11.1613,0.0,0.059,OPTIMAL
grid_3x3,seed_milpsnap_grid3x3_k10.json,1114,9,12,22,11.1613,0.0,0.064,OPTIMAL
grid_3x3,seed_milpsnap_grid3x3_k10.json,1115,9,12,20,11.1613,0.0,0.058,OPTIMAL
grid_3x3,seed_milpsnap_grid3x3_k10.json,1116,9,12,20,11.1613,0.0,0.059,OPTIMAL
grid_3x3,seed_milpsnap_grid3x3_k10.json,1117,9,12,21,11.1613,0.0,0.061,OPTIMAL
grid_3x3,seed_milpsnap_grid3x3_k10.json,1118,9,12,20,11.1613,0.0,0.056,OPTIMAL
grid_3x3,seed_milpsnap_grid3x3_k10.json,1119,9,12,22,11.1613,0.0,0.062,OPTIMAL
grid_3x3,seed_milpsnap_grid3x3_k10.json,1120,9,12,21,11.1613,0.0,0.061,OPTIMAL
grid_3x3,seed_milpsnap_grid3x3_k10.json,1121,9,12,18,11.1613,0.0,0.054,OPTIMAL
grid_3x3,seed_milpsnap_grid3x3_k10.json,1122,9,12,19,11.1613,0.0,0.054,OPTIMAL
grid_3x3,seed_milpsnap_grid3x3_k10.json,1123,9,12,20,11.1613,0.0,0.058,OPTIMAL
grid_3x3,seed_milpsnap_grid3x3_k10.json,1124,9,12,21,11.1613,0.0,0.06,OPTIMAL
grid_3x3,seed_milpsnap_grid3x3_k10.json,1125,9,12,23,11.1613,0.0,0.067,OPTIMAL
grid_3x3,seed_milpsnap_grid3x3_k10.json,1126,9,12,24,11.1613,0.0,0.072,OPTIMAL
grid_3x3,seed_milpsnap_grid3x3_k10.json,1127,9,12,22,11.1613,0.0,0.064,OPTIMAL
grid_3x3,seed_milpsnap_grid3x3_k10.json,1128,9,12,25,11.1613,0.0,0.073,OPTIMAL
grid_3x3,seed_milpsnap_grid3x3_k10.json,1129,9,12,25,11.1613,0.0,0.074,OPTIMAL
grid_3x3,seed_milpsnap_grid3x3_k10.json,1130,9,12,23,11.1613,0.0,0.072,OPTIMAL
grid_3x3,seed_milpsnap_grid3x3_k10.json,1131,9,12,23,11.1613,0.0,0.066,OPTIMAL
grid_3x3,seed_milpsnap_grid3x3_k10.json,1132,9,12,25,11.1613,0.0,0.071,OPTIMAL
grid_3x3,seed_milpsnap_grid3x3_k10.json,1133,9,12,22,11.1613,0.0,0.065,OPTIMAL
grid_3x3,seed_milpsnap_grid3x3_k10.json,1134,9,12,24,11.1613,6.841934214796302e-05,0.071,OPTIMAL
grid_3x3,seed_milpsnap_grid3x3_k10.json,1135,9,12,24,11.1613,6.841934214796302e-05,0.073,OPTIMAL
grid_3x3,seed_milpsnap_grid3x3_k10.json,1136,9,12,26,11.1613,0.0,0.076,OPTIMAL
grid_3x3,seed_milpsnap_grid3x3_k10.json,1137,9,12,24,11.1613,0.0,0.068,OPTIMAL
grid_3x3,seed_milpsnap_grid3x3_k10.json,1138,9,12,24,11.1613,0.0,0.07,OPTIMAL
grid_3x3,seed_milpsnap_grid3x3_k10.json,1139,9,12,21,11.1613,0.0,0.062,OPTIMAL
grid_3x3,seed_milpsnap_grid3x3_k10.json,1140,9,12,20,11.1613,6.841934214796302e-05,0.057,OPTIMAL
grid_3x3,seed_milpsnap_grid3x3_k10.json,1141,9,12,19,11.1613,0.0,0.055,OPTIMAL
grid_3x3,seed_milpsnap_grid3x3_k10.json,1142,9,12,21,11.1613,0.0,0.06,OPTIMAL
grid_3x3,seed_milpsnap_grid3x3_k10.json,1143,9,12,17,11.1613,0.0,0.052,OPTIMAL
grid_3x3,seed_milpsnap_grid3x3_k10.json,1144,9,12,16,11.1613,0.0,0.053,OPTIMAL
grid_3x3,seed_milpsnap_grid3x3_k10.json,1145,9,12,15,11.1613,0.0,0.045,OPTIMAL
grid_3x3,seed_milpsnap_grid3x3_k10.json,1146,9,12,15,22.2678,0.0,0.035,OPTIMAL
grid_3x3,seed_milpsnap_grid3x3_k10.json,1147,9,12,15,22.2678,0.0,0.034,OPTIMAL
grid_3x3,seed_milpsnap_grid3x3_k10.json,1148,9,12,17,11.1613,0.0,0.048,OPTIMAL
grid_3x3,seed_milpsnap_grid3x3_k10.json,1149,9,12,17,11.1613,0.0,0.049,OPTIMAL
grid_3x3,seed_milpsnap_grid3x3_k10.json,1150,9,12,18,11.1613,0.0,0.054,OPTIMAL
grid_3x3,seed_milpsnap_grid3x3_k10.json,1151,9,12,16,11.1613,0.0,0.047,OPTIMAL
grid_3x3,seed_milpsnap_grid3x3_k10.json,1152,9,12,18,11.1613,0.0,0.051,OPTIMAL
grid_3x3,seed_milpsnap_grid3x3_k10.json,1153,9,12,18,11.1613,0.0,0.054,OPTIMAL
grid_3x3,seed_milpsnap_grid3x3_k10.json,1154,9,12,20,11.1613,6.841934214796302e-05,0.058,OPTIMAL
grid_3x3,seed_milpsnap_grid3x3_k10.json,1155,9,12,21,11.1613,0.0,0.062,OPTIMAL
grid_3x3,seed_milpsnap_grid3x3_k10.json,1156,9,12,22,11.1613,0.0,0.064,OPTIMAL
grid_3x3,seed_milpsnap_grid3x3_k10.json,1157,9,12,20,11.1613,0.0,0.069,OPTIMAL
grid_3x3,seed_milpsnap_grid3x3_k10.json,1158,9,12,21,11.1613,0.0,0.063,OPTIMAL
grid_3x3,seed_milpsnap_grid3x3_k10.json,1159,9,12,22,11.1613,0.0,0.066,OPTIMAL
grid_3x3,seed_milpsnap_grid3x3_k10.json,1160,9,12,23,11.1613,0.0,0.068,OPTIMAL
grid_3x3,seed_milpsnap_grid3x3_k10.json,1161,9,12,23,11.1613,0.0,0.069,OPTIMAL
grid_3x3,seed_milpsnap_grid3x3_k10.json,1162,9,12,22,11.1613,0.0,0.063,OPTIMAL
grid_3x3,seed_milpsnap_grid3x3_k10.json,1163,9,12,20,11.1613,0.0,0.056,OPTIMAL
grid_3x3,seed_milpsnap_grid3x3_k10.json,1164,9,12,20,11.1613,0.0,0.057,OPTIMAL
grid_3x3,seed_milpsnap_grid3x3_k10.json,1165,9,12,21,11.1613,0.0,0.061,OPTIMAL
grid_3x3,seed_milpsnap_grid3x3_k10.json,1166,9,12,19,11.1613,0.0,0.055,OPTIMAL
grid_3x3,seed_milpsnap_grid3x3_k10.json,1167,9,12,19,11.1613,0.0,0.052,OPTIMAL
grid_3x3,seed_milpsnap_grid3x3_k10.json,1168,9,12,17,11.1613,6.841934214796302e-05,0.049,OPTIMAL
grid_3x3,seed_milpsnap_grid3x3_k10.json,1169,9,12,15,11.1613,0.0,0.043,OPTIMAL
grid_3x3,seed_milpsnap_grid3x3_k10.json,1170,9,12,13,11.1613,0.0,0.038,OPTIMAL
grid_3x3,seed_milpsnap_grid3x3_k10.json,1171,9,12,15,11.1613,6.841934214796302e-05,0.043,OPTIMAL
grid_3x3,seed_milpsnap_grid3x3_k10.json,1172,9,12,14,11.1613,0.0,0.045,OPTIMAL
grid_3x3,seed_milpsnap_grid3x3_k10.json,1173,9,12,17,11.1613,0.0,0.049,OPTIMAL
grid_3x3,seed_milpsnap_grid3x3_k10.json,1174,9,12,19,11.1613,0.0,0.054,OPTIMAL
grid_3x3,seed_milpsnap_grid3x3_k10.json,1175,9,12,19,11.1613,0.0,0.055,OPTIMAL
grid_3x3,seed_milpsnap_grid3x3_k10.json,1176,9,12,18,11.1613,0.0,0.052,OPTIMAL
grid_3x3,seed_milpsnap_grid3x3_k10.json,1177,9,12,18,11.1613,0.0,0.051,OPTIMAL
grid_3x3,seed_milpsnap_grid3x3_k10.json,1178,9,12,19,11.1613,0.0,0.053,OPTIMAL
grid_3x3,seed_milpsnap_grid3x3_k10.json,1179,9,12,18,11.1613,0.0,0.053,OPTIMAL
grid_3x3,seed_milpsnap_grid3x3_k10.json,1180,9,12,17,11.1613,0.0,0.049,OPTIMAL
grid_3x3,seed_milpsnap_grid3x3_k10.json,1181,9,12,19,11.1613,0.0,0.055,OPTIMAL
grid_3x3,seed_milpsnap_grid3x3_k10.json,1182,9,12,20,11.1613,0.0,0.057,OPTIMAL
grid_3x3,seed_milpsnap_grid3x3_k10.json,1183,9,12,23,11.1613,0.0,0.066,OPTIMAL
grid_3x3,seed_milpsnap_grid3x3_k10.json,1184,9,12,25,11.1613,0.0,0.072,OPTIMAL
grid_3x3,seed_milpsnap_grid3x3_k10.json,1185,9,12,28,11.1613,0.0,0.083,OPTIMAL
grid_3x3,seed_milpsnap_grid3x3_k10.json,1186,9,12,28,11.1613,0.0,0.084,OPTIMAL
grid_3x3,seed_milpsnap_grid3x3_k10.json,1187,9,12,28,11.1613,0.0,0.084,OPTIMAL
grid_3x3,seed_milpsnap_grid3x3_k10.json,1188,9,12,24,11.1613,0.0,0.07,OPTIMAL
grid_3x3,seed_milpsnap_grid3x3_k10.json,1189,9,12,22,11.1613,0.0,0.065,OPTIMAL
grid_3x3,seed_milpsnap_grid3x3_k10.json,1190,9,12,19,11.1613,6.841934214796302e-05,0.055,OPTIMAL
grid_3x3,seed_milpsnap_grid3x3_k10.json,1191,9,12,21,11.1613,0.0,0.062,OPTIMAL
grid_3x3,seed_milpsnap_grid3x3_k10.json,1192,9,12,20,11.1613,0.0,0.06,OPTIMAL
grid_3x3,seed_milpsnap_grid3x3_k10.json,1193,9,12,23,11.1613,6.841934214796302e-05,0.067,OPTIMAL
grid_3x3,seed_milpsnap_grid3x3_k10.json,1194,9,12,23,11.1613,0.0,0.066,OPTIMAL
grid_3x3,seed_milpsnap_grid3x3_k10.json,1195,9,12,25,11.1613,6.841934214796302e-05,0.075,OPTIMAL
grid_3x3,seed_milpsnap_grid3x3_k10.json,1196,9,12,24,11.1613,0.0,0.076,OPTIMAL
grid_3x3,seed_milpsnap_grid3x3_k10.json,1197,9,12,23,11.1613,0.0,0.067,OPTIMAL
grid_3x3,seed_milpsnap_grid3x3_k10.json,1198,9,12,23,11.1613,0.0,0.066,OPTIMAL
grid_3x3,seed_milpsnap_grid3x3_k10.json,1199,9,12,22,11.1613,0.0,0.062,OPTIMAL
grid_3x3,seed_milpsnap_grid3x3_k10.json,1200,9,12,20,11.1613,0.0,0.058,OPTIMAL
grid_3x3,seed_milpsnap_grid3x3_k10.json,1201,9,12,20,11.1613,0.0,0.059,OPTIMAL
grid_3x3,seed_milpsnap_grid3x3_k10.json,1202,9,12,21,11.1613,0.0,0.065,OPTIMAL
grid_3x3,seed_milpsnap_grid3x3_k10.json,1203,9,12,22,11.1613,0.0,0.064,OPTIMAL
grid_3x3,seed_milpsnap_grid3x3_k10.json,1204,9,12,21,11.1613,6.841934214796302e-05,0.061,OPTIMAL
grid_3x3,seed_milpsnap_grid3x3_k10.json,1205,9,12,24,11.1613,0.0,0.074,OPTIMAL
grid_3x3,seed_milpsnap_grid3x3_k10.json,1206,9,12,20,11.1613,0.0,0.057,OPTIMAL
grid_3x3,seed_milpsnap_grid3x3_k10.json,1207,9,12,19,11.1613,0.0,0.055,OPTIMAL
grid_3x3,seed_milpsnap_grid3x3_k10.json,1208,9,12,20,11.1613,0.0,0.059,OPTIMAL
grid_3x3,seed_milpsnap_grid3x3_k10.json,1209,9,12,16,11.1613,0.0,0.048,OPTIMAL
grid_3x3,seed_milpsnap_grid3x3_k10.json,1210,9,12,17,11.1613,0.0,0.049,OPTIMAL
grid_3x3,seed_milpsnap_grid3x3_k10.json,1211,9,12,16,11.1613,0.0,0.051,OPTIMAL
grid_3x3,seed_milpsnap_grid3x3_k10.json,1212,9,12,16,11.1613,0.0,0.049,OPTIMAL
grid_3x3,seed_milpsnap_grid3x3_k10.json,1213,9,12,14,11.1613,0.0,0.041,OPTIMAL
grid_3x3,seed_milpsnap_grid3x3_k10.json,1214,9,12,15,11.1613,0.0,0.046,OPTIMAL
grid_3x3,seed_milpsnap_grid3x3_k10.json,1215,9,12,15,11.1613,0.0,0.044,OPTIMAL
grid_3x3,seed_milpsnap_grid3x3_k10.json,1216,9,12,16,11.1613,0.0,0.047,OPTIMAL
grid_3x3,seed_milpsnap_grid3x3_k10.json,1217,9,12,16,11.1613,0.0,0.047,OPTIMAL
grid_3x3,seed_milpsnap_grid3x3_k10.json,1218,9,12,1,55.5875,0.0,0.003,OPTIMAL
grid_3x3,seed_milpsnap_grid3x3_k10.json,1219,9,12,3,55.5875,0.0,0.008,OPTIMAL
grid_3x3,seed_milpsnap_grid3x3_k10.json,1220,9,12,5,33.3744,0.0,0.013,OPTIMAL
grid_3x3,seed_milpsnap_grid3x3_k10.json,1221,9,12,7,33.3744,0.0,0.017,OPTIMAL
grid_3x3,seed_milpsnap_grid3x3_k10.json,1222,9,12,8,33.3744,0.0,0.019,OPTIMAL
grid_3x3,seed_milpsnap_grid3x3_k10.json,1223,9,12,9,22.2678,0.0,0.021,OPTIMAL
grid_3x3,seed_milpsnap_grid3x3_k10.json,1224,9,12,10,22.2678,0.0,0.024,OPTIMAL
grid_3x3,seed_milpsnap_grid3x3_k10.json,1225,9,12,11,11.1613,0.0,0.035,OPTIMAL
grid_3x3,seed_milpsnap_grid3x3_k10.json,1226,9,12,12,11.1613,0.0,0.035,OPTIMAL
grid_3x3,seed_milpsnap_grid3x3_k10.json,1227,9,12,13,11.1613,6.841934214796302e-05,0.039,OPTIMAL
grid_3x3,seed_milpsnap_grid3x3_k10.json,1228,9,12,16,11.1613,0.0,0.048,OPTIMAL
grid_3x3,seed_milpsnap_grid3x3_k10.json,1229,9,12,15,11.1613,6.841934214796302e-05,0.043,OPTIMAL
grid_3x3,seed_milpsnap_grid3x3_k10.json,1230,9,12,14,11.1613,0.0,0.04,OPTIMAL
grid_3x3,seed_milpsnap_grid3x3_k10.json,1231,9,12,15,11.1613,0.0,0.047,OPTIMAL
grid_3x3,seed_milpsnap_grid3x3_k10.json,1232,9,12,14,11.1613,0.0,0.043,OPTIMAL
grid_3x3,seed_milpsnap_grid3x3_k10.json,1233,9,12,13,11.1613,0.0,0.036,OPTIMAL
grid_3x3,seed_milpsnap_grid3x3_k10.json,1234,9,12,13,11.1613,0.0,0.039,OPTIMAL
grid_3x3,seed_milpsnap_grid3x3_k10.json,1235,9,12,16,11.1613,0.0,0.047,OPTIMAL
grid_3x3,seed_milpsnap_grid3x3_k10.json,1236,9,12,16,11.1613,0.0,0.048,OPTIMAL
grid_3x3,seed_milpsnap_grid3x3_k10.json,1237,9,12,18,11.1613,0.0,0.051,OPTIMAL
grid_3x3,seed_milpsnap_grid3x3_k10.json,1238,9,12,19,11.1613,0.0,0.053,OPTIMAL
grid_3x3,seed_milpsnap_grid3x3_k10.json,1239,9,12,20,11.1613,0.0,0.056,OPTIMAL
grid_3x3,seed_milpsnap_grid3x3_k10.json,1240,9,12,19,11.1613,6.841934214796302e-05,0.057,OPTIMAL
grid_3x3,seed_milpsnap_grid3x3_k10.json,1241,9,12,16,11.1613,6.841934214796302e-05,0.046,OPTIMAL
grid_3x3,seed_milpsnap_grid3x3_k10.json,1242,9,12,21,11.1613,0.0,0.06,OPTIMAL
grid_3x3,seed_milpsnap_grid3x3_k10.json,1243,9,12,22,11.1613,0.0,0.068,OPTIMAL
grid_3x3,seed_milpsnap_grid3x3_k10.json,1244,9,12,21,11.1613,0.0,0.062,OPTIMAL
grid_3x3,seed_milpsnap_grid3x3_k10.json,1245,9,12,20,11.1613,0.0,0.06,OPTIMAL
grid_3x3,seed_milpsnap_grid3x3_k10.json,1246,9,12,21,11.1613,0.0,0.06,OPTIMAL
grid_3x3,seed_milpsnap_grid3x3_k10.json,1247,9,12,25,11.1613,0.0,0.074,OPTIMAL
grid_3x3,seed_milpsnap_grid3x3_k10.json,1248,9,12,24,11.1613,0.0,0.07,OPTIMAL
grid_3x3,seed_milpsnap_grid3x3_k10.json,1249,9,12,22,11.1613,0.0,0.065,OPTIMAL
grid_3x3,seed_milpsnap_grid3x3_k10.json,1250,9,12,22,11.1613,0.0,0.068,OPTIMAL
grid_3x3,seed_milpsnap_grid3x3_k10.json,1251,9,12,21,11.1613,6.841934214796302e-05,0.062,OPTIMAL
grid_3x3,seed_milpsnap_grid3x3_k10.json,1252,9,12,21,11.1613,6.841934214796302e-05,0.062,OPTIMAL
grid_3x3,seed_milpsnap_grid3x3_k10.json,1253,9,12,22,11.1613,0.0,0.063,OPTIMAL
grid_3x3,seed_milpsnap_grid3x3_k10.json,1254,9,12,21,11.1613,0.0,0.061,OPTIMAL
grid_3x3,seed_milpsnap_grid3x3_k10.json,1255,9,12,22,11.1613,0.0,0.064,OPTIMAL
grid_3x3,seed_milpsnap_grid3x3_k10.json,1256,9,12,18,11.1613,0.0,0.054,OPTIMAL
grid_3x3,seed_milpsnap_grid3x3_k10.json,1257,9,12,17,11.1613,0.0,0.049,OPTIMAL
grid_3x3,seed_milpsnap_grid3x3_k10.json,1258,9,12,19,11.1613,0.0,0.055,OPTIMAL
grid_3x3,seed_milpsnap_grid3x3_k10.json,1259,9,12,18,11.1613,0.0,0.051,OPTIMAL
grid_3x3,seed_milpsnap_grid3x3_k10.json,1260,9,12,17,11.1613,0.0,0.048,OPTIMAL
grid_3x3,seed_milpsnap_grid3x3_k10.json,1261,9,12,15,11.1613,0.0,0.045,OPTIMAL
grid_3x3,seed_milpsnap_grid3x3_k10.json,1262,9,12,14,11.1613,0.0,0.041,OPTIMAL
grid_3x3,seed_milpsnap_grid3x3_k10.json,1263,9,12,13,11.1613,0.0,0.038,OPTIMAL
grid_3x3,seed_milpsnap_grid3x3_k10.json,1264,9,12,11,11.1613,0.0,0.034,OPTIMAL
grid_3x3,seed_milpsnap_grid3x3_k10.json,1265,9,12,13,11.1613,0.0,0.042,OPTIMAL
grid_3x3,seed_milpsnap_grid3x3_k10.json,1266,9,12,14,11.1613,0.0,0.042,OPTIMAL
grid_3x3,seed_milpsnap_grid3x3_k10.json,1267,9,12,14,11.1613,0.0,0.042,OPTIMAL
grid_3x3,seed_milpsnap_grid3x3_k10.json,1268,9,12,15,11.1613,0.0,0.045,OPTIMAL
grid_3x3,seed_milpsnap_grid3x3_k10.json,1269,9,12,14,11.1613,0.0,0.042,OPTIMAL
grid_3x3,seed_milpsnap_grid3x3_k10.json,1270,9,12,14,11.1613,0.0,0.042,OPTIMAL
grid_3x3,seed_milpsnap_grid3x3_k10.json,1271,9,12,18,11.1613,0.0,0.052,OPTIMAL
grid_3x3,seed_milpsnap_grid3x3_k10.json,1272,9,12,19,11.1613,0.0,0.061,OPTIMAL
grid_3x3,seed_milpsnap_grid3x3_k10.json,1273,9,12,20,11.1613,0.0,0.056,OPTIMAL
grid_3x3,seed_milpsnap_grid3x3_k10.json,1274,9,12,19,11.1613,0.0,0.056,OPTIMAL
grid_3x3,seed_milpsnap_grid3x3_k10.json,1275,9,12,18,11.1613,0.0,0.052,OPTIMAL
grid_3x3,seed_milpsnap_grid3x3_k10.json,1276,9,12,19,11.1613,0.0,0.054,OPTIMAL
grid_3x3,seed_milpsnap_grid3x3_k10.json,1277,9,12,21,11.1613,0.0,0.061,OPTIMAL
grid_3x3,seed_milpsnap_grid3x3_k10.json,1278,9,12,19,11.1613,6.841934214796302e-05,0.055,OPTIMAL
grid_3x3,seed_milpsnap_grid3x3_k10.json,1279,9,12,19,11.1613,6.841934214796302e-05,0.055,OPTIMAL
grid_3x3,seed_milpsnap_grid3x3_k10.json,1280,9,12,18,11.1613,0.0,0.052,OPTIMAL
grid_3x3,seed_milpsnap_grid3x3_k10.json,1281,9,12,18,11.1613,0.0,0.055,OPTIMAL
grid_3x3,seed_milpsnap_grid3x3_k10.json,1282,9,12,20,11.1613,0.0,0.061,OPTIMAL
grid_3x3,seed_milpsnap_grid3x3_k10.json,1283,9,12,16,22.2678,0.0,0.035,OPTIMAL
grid_3x3,seed_milpsnap_grid3x3_k10.json,1284,9,12,14,11.1613,6.841934214796302e-05,0.041,OPTIMAL
grid_3x3,seed_milpsnap_grid3x3_k10.json,1285,9,12,12,11.1613,0.0,0.035,OPTIMAL
grid_3x3,seed_milpsnap_grid3x3_k10.json,1286,9,12,14,11.1613,0.0,0.041,OPTIMAL
grid_3x3,seed_milpsnap_grid3x3_k10.json,1287,9,12,13,11.1613,6.841934214796302e-05,0.038,OPTIMAL
grid_3x3,seed_milpsnap_grid3x3_k10.json,1288,9,12,12,11.1613,0.0,0.034,OPTIMAL
grid_3x3,seed_milpsnap_grid3x3_k10.json,1289,9,12,13,11.1613,0.0,0.042,OPTIMAL
grid_3x3,seed_milpsnap_grid3x3_k10.json,1290,9,12,11,11.1613,0.0,0.032,OPTIMAL
grid_3x3,seed_milpsnap_grid3x3_k10.json,1291,9,12,10,11.1613,0.0,0.03,OPTIMAL
grid_3x3,seed_milpsnap_grid3x3_k10.json,1292,9,12,11,11.1613,0.0,0.032,OPTIMAL
grid_3x3,seed_milpsnap_grid3x3_k10.json,1293,9,12,13,11.1613,0.0,0.036,OPTIMAL
grid_3x3,seed_milpsnap_grid3x3_k10.json,1294,9,12,14,11.1613,0.0,0.04,OPTIMAL
grid_3x3,seed_milpsnap_grid3x3_k10.json,1295,9,12,16,11.1613,0.0,0.048,OPTIMAL
grid_3x3,seed_milpsnap_grid3x3_k10.json,1296,9,12,16,11.1613,0.0,0.05,OPTIMAL
grid_3x3,seed_milpsnap_grid3x3_k10.json,1297,9,12,18,11.1613,0.0,0.059,OPTIMAL
grid_3x3,seed_milpsnap_grid3x3_k10.json,1298,9,12,19,11.1613,6.841934214796302e-05,0.061,OPTIMAL
grid_3x3,seed_milpsnap_grid3x3_k10.json,1299,9,12,20,11.1613,6.841934214796302e-05,0.058,OPTIMAL
grid_3x3,seed_milpsnap_grid3x3_k10.json,1300,9,12,19,11.1613,6.841934214796302e-05,0.054,OPTIMAL
grid_3x3,seed_milpsnap_grid3x3_k10.json,1301,9,12,20,11.1613,0.0,0.058,OPTIMAL
grid_3x3,seed_milpsnap_grid3x3_k10.json,1302,9,12,21,11.1613,0.0,0.062,OPTIMAL
grid_3x3,seed_milpsnap_grid3x3_k10.json,1303,9,12,21,11.1613,6.841934214796302e-05,0.06,OPTIMAL
grid_3x3,seed_milpsnap_grid3x3_k10.json,1304,9,12,23,11.1613,0.0,0.067,OPTIMAL
grid_3x3,seed_milpsnap_grid3x3_k10.json,1305,9,12,24,11.1613,0.0,0.072,OPTIMAL
grid_3x3,seed_milpsnap_grid3x3_k10.json,1306,9,12,23,11.1613,0.0,0.068,OPTIMAL
grid_3x3,seed_milpsnap_grid3x3_k10.json,1307,9,12,23,11.1613,0.0,0.066,OPTIMAL
grid_3x3,seed_milpsnap_grid3x3_k10.json,1308,9,12,21,11.1613,0.0,0.061,OPTIMAL
grid_3x3,seed_milpsnap_grid3x3_k10.json,1309,9,12,22,11.1613,0.0,0.062,OPTIMAL
grid_3x3,seed_milpsnap_grid3x3_k10.json,1310,9,12,19,11.1613,0.0,0.056,OPTIMAL
grid_3x3,seed_milpsnap_grid3x3_k10.json,1311,9,12,18,11.1613,0.0,0.055,OPTIMAL
grid_3x3,seed_milpsnap_grid3x3_k10.json,1312,9,12,16,11.1613,0.0,0.049,OPTIMAL
grid_3x3,seed_milpsnap_grid3x3_k10.json,1313,9,12,16,11.1613,0.0,0.049,OPTIMAL
grid_3x3,seed_milpsnap_grid3x3_k10.json,1314,9,12,15,11.1613,0.0,0.043,OPTIMAL
grid_3x3,seed_milpsnap_grid3x3_k10.json,1315,9,12,18,11.1613,0.0,0.053,OPTIMAL
grid_3x3,seed_milpsnap_grid3x3_k10.json,1316,9,12,18,11.1613,0.0,0.053,OPTIMAL
grid_3x3,seed_milpsnap_grid3x3_k10.json,1317,9,12,17,11.1613,0.0,0.048,OPTIMAL
grid_3x3,seed_milpsnap_grid3x3_k10.json,1318,9,12,16,11.1613,0.0,0.046,OPTIMAL
grid_3x3,seed_milpsnap_grid3x3_k10.json,1319,9,12,17,11.1613,0.0,0.047,OPTIMAL
grid_3x3,seed_milpsnap_grid3x3_k10.json,1320,9,12,18,11.1613,0.0,0.051,OPTIMAL
grid_3x3,seed_milpsnap_grid3x3_k10.json,1321,9,12,18,11.1613,0.0,0.054,OPTIMAL
grid_3x3,seed_milpsnap_grid3x3_k10.json,1322,9,12,20,11.1613,0.0,0.06,OPTIMAL
grid_3x3,seed_milpsnap_grid3x3_k10.json,1323,9,12,22,11.1613,6.841934214796302e-05,0.064,OPTIMAL
grid_3x3,seed_milpsnap_grid3x3_k10.json,1324,9,12,19,11.1613,0.0,0.056,OPTIMAL
grid_3x3,seed_milpsnap_grid3x3_k10.json,1325,9,12,21,11.1613,0.0,0.062,OPTIMAL
grid_3x3,seed_milpsnap_grid3x3_k10.json,1326,9,12,20,11.1613,0.0,0.057,OPTIMAL
grid_3x3,seed_milpsnap_grid3x3_k10.json,1327,9,12,21,11.1613,0.0,0.062,OPTIMAL
grid_3x3,seed_milpsnap_grid3x3_k10.json,1328,9,12,22,11.1613,0.0,0.068,OPTIMAL
grid_3x3,seed_milpsnap_grid3x3_k10.json,1329,9,12,19,11.1613,6.841934214796302e-05,0.056,OPTIMAL
grid_3x3,seed_milpsnap_grid3x3_k10.json,1330,9,12,19,11.1613,0.0,0.056,OPTIMAL
grid_3x3,seed_milpsnap_grid3x3_k10.json,1331,9,12,20,11.1613,0.0,0.058,OPTIMAL
grid_3x3,seed_milpsnap_grid3x3_k10.json,1332,9,12,22,11.1613,0.0,0.066,OPTIMAL
grid_3x3,seed_milpsnap_grid3x3_k10.json,1333,9,12,20,11.1613,0.0,0.061,OPTIMAL
grid_3x3,seed_milpsnap_grid3x3_k10.json,1334,9,12,20,11.1613,0.0,0.062,OPTIMAL
grid_3x3,seed_milpsnap_grid3x3_k10.json,1335,9,12,19,11.1613,0.0,0.054,OPTIMAL
grid_3x3,seed_milpsnap_grid3x3_k10.json,1336,9,12,17,11.1613,0.0,0.048,OPTIMAL
grid_3x3,seed_milpsnap_grid3x3_k10.json,1337,9,12,16,11.1613,0.0,0.047,OPTIMAL
grid_3x3,seed_milpsnap_grid3x3_k10.json,1338,9,12,17,11.1613,0.0,0.052,OPTIMAL
grid_3x3,seed_milpsnap_grid3x3_k10.json,1339,9,12,17,11.1613,0.0,0.049,OPTIMAL
grid_3x3,seed_milpsnap_grid3x3_k10.json,1340,9,12,20,11.1613,0.0,0.058,OPTIMAL
grid_3x3,seed_milpsnap_grid3x3_k10.json,1341,9,12,18,11.1613,0.0,0.054,OPTIMAL
grid_3x3,seed_milpsnap_grid3x3_k10.json,1342,9,12,21,11.1613,0.0,0.062,OPTIMAL
grid_3x3,seed_milpsnap_grid3x3_k10.json,1343,9,12,22,11.1613,0.0,0.062,OPTIMAL
grid_3x3,seed_milpsnap_grid3x3_k10.json,1344,9,12,22,11.1613,0.0,0.063,OPTIMAL
grid_3x3,seed_milpsnap_grid3x3_k10.json,1345,9,12,21,11.1613,0.0,0.062,OPTIMAL
grid_3x3,seed_milpsnap_grid3x3_k10.json,1346,9,12,20,11.1613,0.0,0.057,OPTIMAL
grid_3x3,seed_milpsnap_grid3x3_k10.json,1347,9,12,22,11.1613,0.0,0.065,OPTIMAL
grid_3x3,seed_milpsnap_grid3x3_k10.json,1348,9,12,21,11.1613,0.0,0.061,OPTIMAL
grid_3x3,seed_milpsnap_grid3x3_k10.json,1349,9,12,20,11.1613,0.0,0.057,OPTIMAL
grid_3x3,seed_milpsnap_grid3x3_k10.json,1350,9,12,20,11.1613,0.0,0.058,OPTIMAL
grid_3x3,seed_milpsnap_grid3x3_k10.json,1351,9,12,20,11.1613,0.0,0.058,OPTIMAL
grid_3x3,seed_milpsnap_grid3x3_k10.json,1352,9,12,21,11.1613,0.0,0.061,OPTIMAL
grid_3x3,seed_milpsnap_grid3x3_k10.json,1353,9,12,20,11.1613,0.0,0.056,OPTIMAL
