topo,seed_file,batch,n_switches,n_links,n_flows,energy_saving_percent,mip_gap,solve_time_sec,status
grid_5x5,seed_milpsnap_grid5x5_k10.json,1,25,40,1,80.0197,0.0,0.063,OPTIMAL
grid_5x5,seed_milpsnap_grid5x5_k10.json,2,25,40,4,48.0433,9.472886493784261e-05,0.111,OPTIMAL
grid_5x5,seed_milpsnap_grid5x5_k10.json,3,25,40,7,44.0463,0.0,0.075,OPTIMAL
grid_5x5,seed_milpsnap_grid5x5_k10.json,4,25,40,15,40.0492,0.0,0.11,OPTIMAL
grid_5x5,seed_milpsnap_grid5x5_k10.json,5,25,40,21,36.0522,0.0,0.388,OPTIMAL
grid_5x5,seed_milpsnap_grid5x5_k10.json,6,25,40,25,36.0522,7.696583572062955e-05,0.34,OPTIMAL
grid_5x5,seed_milpsnap_grid5x5_k10.json,7,25,40,31,36.0522,0.0,0.446,OPTIMAL
grid_5x5,seed_milpsnap_grid5x5_k10.json,8,25,40,33,36.0522,7.696583572082397e-05,0.461,OPTIMAL
grid_5x5,seed_milpsnap_grid5x5_k10.json,9,25,40,39,36.0522,7.696583572062955e-05,0.498,OPTIMAL
grid_5x5,seed_milpsnap_grid5x5_k10.json,10,25,40,42,36.0522,7.696583572062955e-05,0.532,OPTIMAL
grid_5x5,seed_milpsnap_grid5x5_k10.json,11,25,40,49,36.0522,7.696583572062955e-05,0.7,OPTIMAL
grid_5x5,seed_milpsnap_grid5x5_k10.json,12,25,40,58,36.0522,7.696583572062955e-05,1.377,OPTIMAL
grid_5x5,seed_milpsnap_grid5x5_k10.json,13,25,40,62,36.0522,7.69658357204351e-05,0.989,OPTIMAL
grid_5x5,seed_milpsnap_grid5x5_k10.json,14,25,40,67,36.0522,7.69658357204351e-05,0.929,OPTIMAL
grid_5x5,seed_milpsnap_grid5x5_k10.json,15,25,40,75,36.0522,7.69658357204351e-05,1.052,OPTIMAL
grid_5x5,seed_milpsnap_grid5x5_k10.json,16,25,40,78,36.0522,7.69658357204351e-05,1.179,OPTIMAL
grid_5x5,seed_milpsnap_grid5x5_k10.json,17,25,40,76,36.0522,7.696583572062955e-05,1.131,OPTIMAL
grid_5x5,seed_milpsnap_grid5x5_k10.json,18,25,40,79,36.0522,7.696583572082397e-05,1.137,OPTIMAL
grid_5x5,seed_milpsnap_grid5x5_k10.json,19,25,40,78,36.0522,7.696583572062955e-05,1.109,OPTIMAL
grid_5x5,seed_milpsnap_grid5x5_k10.json,20,25,40,83,36.0522,7.696583572062955e-05,1.283,OPTIMAL
grid_5x5,seed_milpsnap_grid5x5_k10.json,21,25,40,85,36.0522,7.696583572062955e-05,1.319,OPTIMAL
grid_5x5,seed_milpsnap_grid5x5_k10.json,22,25,40,87,36.0522,7.696583572082397e-05,1.36,OPTIMAL
grid_5x5,seed_milpsnap_grid5x5_k10.json,23,25,40,87,36.0522,7.696583572062955e-05,1.247,OPTIMAL
grid_5x5,seed_milpsnap_grid5x5_k10.json,24,25,40,87,36.0522,7.696583572062955e-05,1.271,OPTIMAL
grid_5x5,seed_milpsnap_grid5x5_k10.json,25,25,40,84,36.0522,7.696583572062955e-05,1.371,OPTIMAL
grid_5x5,seed_milpsnap_grid5x5_k10.json,26,25,40,79,36.0522,7.696583572082397e-05,1.153,OPTIMAL
grid_5x5,seed_milpsnap_grid5x5_k10.json,27,25,40,76,36.0522,7.696583572062955e-05,1.062,OPTIMAL
grid_5x5,seed_milpsnap_grid5x5_k10.json,28,25,40,76,36.0522,7.696583572062952e-05,1.058,OPTIMAL
grid_5x5,seed_milpsnap_grid5x5_k10.json,29,25,40,74,36.0522,7.696583572062952e-05,1.046,OPTIMAL
grid_5x5,seed_milpsnap_grid5x5_k10.json,30,25,40,69,36.0522,7.696583572062952e-05,0.976,OPTIMAL
grid_5x5,seed_milpsnap_grid5x5_k10.json,31,25,40,69,36.0522,7.696583572062955e-05,0.957,OPTIMAL
grid_5x5,seed_milpsnap_grid5x5_k10.json,32,25,40,74,36.0522,7.696583572062955e-05,1.085,OPTIMAL
grid_5x5,seed_milpsnap_grid5x5_k10.json,33,25,40,73,36.0522,7.696583572062955e-05,1.086,OPTIMAL
grid_5x5,seed_milpsnap_grid5x5_k10.json,34,25,40,69,36.0522,7.696583572082397e-05,0.981,OPTIMAL
grid_5x5,seed_milpsnap_grid5x5_k10.json,35,25,40,63,36.0522,7.69658357204351e-05,0.886,OPTIMAL
grid_5x5,seed_milpsnap_grid5x5_k10.json,36,25,40,61,36.0522,7.69658357204351e-05,0.851,OPTIMAL
grid_5x5,seed_milpsnap_grid5x5_k10.json,37,25,40,58,36.0522,7.69658357204351e-05,0.817,OPTIMAL
grid_5x5,seed_milpsnap_grid5x5_k10.json,38,25,40,62,36.0522,7.696583572082397e-05,0.87,OPTIMAL
grid_5x5,seed_milpsnap_grid5x5_k10.json,39,25,40,60,36.0522,7.69658357204351e-05,0.871,OPTIMAL
grid_5x5,seed_milpsnap_grid5x5_k10.json,40,25,40,62,36.0522,7.69658357204351e-05,0.849,OPTIMAL
grid_5x5,seed_milpsnap_grid5x5_k10.json,41,25,40,67,36.0522,7.696583572062955e-05,0.964,OPTIMAL
grid_5x5,seed_milpsnap_grid5x5_k10.json,42,25,40,68,36.0522,7.696583572082397e-05,0.955,OPTIMAL
grid_5x5,seed_milpsnap_grid5x5_k10.json,43,25,40,72,36.0522,7.696583572082397e-05,1.02,OPTIMAL
grid_5x5,seed_milpsnap_grid5x5_k10.json,44,25,40,77,36.0522,7.696583572062955e-05,1.057,OPTIMAL
grid_5x5,seed_milpsnap_grid5x5_k10.json,45,25,40,79,36.0522,7.696583572082397e-05,1.129,OPTIMAL
grid_5x5,seed_milpsnap_grid5x5_k10.json,46,25,40,80,36.0522,7.696583572062955e-05,1.156,OPTIMAL
grid_5x5,seed_milpsnap_grid5x5_k10.json,47,25,40,82,36.0522,7.696583572082397e-05,1.165,OPTIMAL
grid_5x5,seed_milpsnap_grid5x5_k10.json,48,25,40,84,36.0522,7.696583572062955e-05,1.315,OPTIMAL
grid_5x5,seed_milpsnap_grid5x5_k10.json,49,25,40,83,36.0522,7.696583572082397e-05,1.286,OPTIMAL
grid_5x5,seed_milpsnap_grid5x5_k10.json,50,25,40,84,36.0522,7.696583572062955e-05,1.306,OPTIMAL
grid_5x5,seed_milpsnap_grid5x5_k10.json,51,25,40,85,36.0522,7.696583572062955e-05,1.339,OPTIMAL
grid_5x5,seed_milpsnap_grid5x5_k10.json,52,25,40,86,36.0522,7.696583572062955e-05,1.268,OPTIMAL
grid_5x5,seed_milpsnap_grid5x5_k10.json,53,25,40,87,36.0522,0.0,1.317,OPTIMAL
grid_5x5,seed_milpsnap_grid5x5_k10.json,54,25,40,85,36.0522,7.696583572082397e-05,1.31,OPTIMAL
grid_5x5,seed_milpsnap_grid5x5_k10.json,55,25,40,86,36.0522,7.696583572062955e-05,1.344,OPTIMAL
grid_5x5,seed_milpsnap_grid5x5_k10.json,56,25,40,83,36.0522,7.696583572062955e-05,1.324,OPTIMAL
grid_5x5,seed_milpsnap_grid5x5_k10.json,57,25,40,79,36.0522,7.696583572082397e-05,1.182,OPTIMAL
grid_5x5,seed_milpsnap_grid5x5_k10.json,58,25,40,79,36.0522,7.69658357204351e-05,1.13,OPTIMAL
grid_5x5,seed_milpsnap_grid5x5_k10.json,59,25,40,75,36.0522,7.696583572082397e-05,1.075,OPTIMAL
grid_5x5,seed_milpsnap_grid5x5_k10.json,60,25,40,78,36.0522,7.696583572062955e-05,1.123,OPTIMAL
grid_5x5,seed_milpsnap_grid5x5_k10.json,61,25,40,81,36.0522,7.696583572082397e-05,1.156,OPTIMAL
grid_5x5,seed_milpsnap_grid5x5_k10.json,62,25,40,77,36.0522,7.696583572082397e-05,1.083,OPTIMAL
grid_5x5,seed_milpsnap_grid5x5_k10.json,63,25,40,78,36.0522,7.696583572062952e-05,1.105,OPTIMAL
grid_5x5,seed_milpsnap_grid5x5_k10.json,64,25,40,80,36.0522,7.69658357204351e-05,1.142,OPTIMAL
grid_5x5,seed_milpsnap_grid5x5_k10.json,65,25,40,79,36.0522,7.696583572082397e-05,1.134,OPTIMAL
grid_5x5,seed_milpsnap_grid5x5_k10.json,66,25,40,80,36.0522,7.696583572062955e-05,1.156,OPTIMAL
grid_5x5,seed_milpsnap_grid5x5_k10.json,67,25,40,79,36.0522,7.696583572082397e-05,1.096,OPTIMAL
grid_5x5,seed_milpsnap_grid5x5_k10.json,68,25,40,75,36.0522,7.69658357204351e-05,1.074,OPTIMAL
grid_5x5,seed_milpsnap_grid5x5_k10.json,69,25,40,79,36.0522,7.696583572062955e-05,1.157,OPTIMAL
grid_5x5,seed_milpsnap_grid5x5_k10.json,70,25,40,77,36.0522,7.69658357204351e-05,1.132,OPTIMAL
grid_5x5,seed_milpsnap_grid5x5_k10.json,71,25,40,75,36.0522,7.69658357204351e-05,1.07,OPTIMAL
grid_5x5,seed_milpsnap_grid5x5_k10.json,72,25,40,77,36.0522,7.696583572082397e-05,1.107,OPTIMAL
grid_5x5,seed_milpsnap_grid5x5_k10.json,73,25,40,71,36.0522,7.69658357204351e-05,1.013,OPTIMAL
grid_5x5,seed_milpsnap_grid5x5_k10.json,74,25,40,70,36.0522,7.69658357204351e-05,0.988,OPTIMAL
grid_5x5,seed_milpsnap_grid5x5_k10.json,75,25,40,68,36.0522,7.696583572062952e-05,0.947,OPTIMAL
grid_5x5,seed_milpsnap_grid5x5_k10.json,76,25,40,66,36.0522,7.696583572062952e-05,0.925,OPTIMAL
grid_5x5,seed_milpsnap_grid5x5_k10.json,77,25,40,63,36.0522,7.69658357204351e-05,0.875,OPTIMAL
grid_5x5,seed_milpsnap_grid5x5_k10.json,78,25,40,61,36.0522,7.696583572062952e-05,0.874,OPTIMAL
grid_5x5,seed_milpsnap_grid5x5_k10.json,79,25,40,60,36.0522,7.696583572062955e-05,0.809,OPTIMAL
grid_5x5,seed_milpsnap_grid5x5_k10.json,80,25,40,64,36.0522,7.696583572082397e-05,0.932,OPTIMAL
grid_5x5,seed_milpsnap_grid5x5_k10.json,81,25,40,62,36.0522,7.696583572062955e-05,0.883,OPTIMAL
grid_5x5,seed_milpsnap_grid5x5_k10.json,82,25,40,61,36.0522,7.696583572082397e-05,0.813,OPTIMAL
grid_5x5,seed_milpsnap_grid5x5_k10.json,83,25,40,66,36.0522,7.69658357204351e-05,0.922,OPTIMAL
grid_5x5,seed_milpsnap_grid5x5_k10.json,84,25,40,65,36.0522,7.696583572062955e-05,0.904,OPTIMAL
grid_5x5,seed_milpsnap_grid5x5_k10.json,85,25,40,68,36.0522,7.696583572062955e-05,0.952,OPTIMAL
grid_5x5,seed_milpsnap_grid5x5_k10.json,86,25,40,68,36.0522,7.69658357204351e-05,0.955,OPTIMAL
grid_5x5,seed_milpsnap_grid5x5_k10.json,87,25,40,68,36.0522,7.696583572062955e-05,1.022,OPTIMAL
grid_5x5,seed_milpsnap_grid5x5_k10.json,88,25,40,71,36.0522,7.696583572062955e-05,1.073,OPTIMAL
grid_5x5,seed_milpsnap_grid5x5_k10.json,89,25,40,75,36.0522,7.696583572082397e-05,1.058,OPTIMAL
grid_5x5,seed_milpsnap_grid5x5_k10.json,90,25,40,75,36.0522,7.696583572062955e-05,1.048,OPTIMAL
grid_5x5,seed_milpsnap_grid5x5_k10.json,91,25,40,78,36.0522,7.696583572062955e-05,1.088,OPTIMAL
grid_5x5,seed_milpsnap_grid5x5_k10.json,92,25,40,82,36.0522,7.696583572082397e-05,1.283,OPTIMAL
grid_5x5,seed_milpsnap_grid5x5_k10.json,93,25,40,84,36.0522,7.696583572062955e-05,1.279,OPTIMAL
grid_5x5,seed_milpsnap_grid5x5_k10.json,94,25,40,85,36.0522,7.696583572062955e-05,1.339,OPTIMAL
grid_5x5,seed_milpsnap_grid5x5_k10.json,95,25,40,82,36.0522,7.696583572062952e-05,1.218,OPTIMAL
grid_5x5,seed_milpsnap_grid5x5_k10.json,96,25,40,85,36.0522,7.696583572062955e-05,1.308,OPTIMAL
grid_5x5,seed_milpsnap_grid5x5_k10.json,97,25,40,87,36.0522,7.696583572082397e-05,1.285,OPTIMAL
grid_5x5,seed_milpsnap_grid5x5_k10.json,98,25,40,84,36.0522,7.696583572062955e-05,1.302,OPTIMAL
grid_5x5,seed_milpsnap_grid5x5_k10.json,99,25,40,81,36.0522,0.0,1.167,OPTIMAL
grid_5x5,seed_milpsnap_grid5x5_k10.json,100,25,40,82,36.0522,7.696583572062952e-05,1.17,OPTIMAL
grid_5x5,seed_milpsnap_grid5x5_k10.json,101,25,40,85,36.0522,7.696583572082397e-05,1.352,OPTIMAL
grid_5x5,seed_milpsnap_grid5x5_k10.json,102,25,40,86,36.0522,7.696583572062955e-05,1.299,OPTIMAL
grid_5x5,seed_milpsnap_grid5x5_k10.json,103,25,40,85,36.0522,7.696583572062955e-05,1.324,OPTIMAL
grid_5x5,seed_milpsnap_grid5x5_k10.json,104,25,40,83,36.0522,7.696583572082397e-05,1.18,OPTIMAL
grid_5x5,seed_milpsnap_grid5x5_k10.json,105,25,40,78,36.0522,7.696583572082397e-05,1.084,OPTIMAL
grid_5x5,seed_milpsnap_grid5x5_k10.json,106,25,40,75,36.0522,7.69658357204351e-05,1.07,OPTIMAL
grid_5x5,seed_milpsnap_grid5x5_k10.json,107,25,40,73,36.0522,7.696583572082397e-05,1.029,OPTIMAL
grid_5x5,seed_milpsnap_grid5x5_k10.json,108,25,40,73,36.0522,7.69658357204351e-05,1.028,OPTIMAL
grid_5x5,seed_milpsnap_grid5x5_k10.json,109,25,40,76,36.0522,0.0,1.081,OPTIMAL
grid_5x5,seed_milpsnap_grid5x5_k10.json,110,25,40,73,36.0522,7.69658357204351e-05,0.997,OPTIMAL
grid_5x5,seed_milpsnap_grid5x5_k10.json,111,25,40,70,36.0522,7.696583572062955e-05,0.953,OPTIMAL
grid_5x5,seed_milpsnap_grid5x5_k10.json,112,25,40,69,36.0522,7.696583572062955e-05,0.949,OPTIMAL
grid_5x5,seed_milpsnap_grid5x5_k10.json,113,25,40,71,36.0522,7.696583572082397e-05,0.959,OPTIMAL
grid_5x5,seed_milpsnap_grid5x5_k10.json,114,25,40,76,36.0522,7.696583572082397e-05,1.081,OPTIMAL
grid_5x5,seed_milpsnap_grid5x5_k10.json,115,25,40,75,36.0522,7.696583572082397e-05,1.081,OPTIMAL
grid_5x5,seed_milpsnap_grid5x5_k10.json,116,25,40,75,36.0522,7.696583572062955e-05,1.086,OPTIMAL
grid_5x5,seed_milpsnap_grid5x5_k10.json,117,25,40,74,36.0522,7.69658357204351e-05,1.07,OPTIMAL
grid_5x5,seed_milpsnap_grid5x5_k10.json,118,25,40,72,36.0522,7.696583572062955e-05,1.044,OPTIMAL
grid_5x5,seed_milpsnap_grid5x5_k10.json,119,25,40,73,36.0522,7.696583572082397e-05,1.058,OPTIMAL
grid_5x5,seed_milpsnap_grid5x5_k10.json,120,25,40,80,36.0522,7.696583572062955e-05,1.188,OPTIMAL
grid_5x5,seed_milpsnap_grid5x5_k10.json,121,25,40,84,36.0522,7.696583572062955e-05,1.306,OPTIMAL
grid_5x5,seed_milpsnap_grid5x5_k10.json,122,25,40,83,36.0522,7.696583572062955e-05,1.3,OPTIMAL
grid_5x5,seed_milpsnap_grid5x5_k10.json,123,25,40,79,36.0522,7.696583572082397e-05,1.116,OPTIMAL
grid_5x5,seed_milpsnap_grid5x5_k10.json,124,25,40,77,36.0522,7.696583572062955e-05,1.06,OPTIMAL
grid_5x5,seed_milpsnap_grid5x5_k10.json,125,25,40,80,36.0522,7.69658357204351e-05,1.101,OPTIMAL
grid_5x5,seed_milpsnap_grid5x5_k10.json,126,25,40,82,36.0522,7.69658357204351e-05,1.156,OPTIMAL
grid_5x5,seed_milpsnap_grid5x5_k10.json,127,25,40,82,36.0522,7.696583572082397e-05,1.248,OPTIMAL
grid_5x5,seed_milpsnap_grid5x5_k10.json,128,25,40,81,36.0522,7.69658357204351e-05,1.149,OPTIMAL
grid_5x5,seed_milpsnap_grid5x5_k10.json,129,25,40,77,36.0522,7.696583572062955e-05,1.098,OPTIMAL
grid_5x5,seed_milpsnap_grid5x5_k10.json,130,25,40,82,36.0522,7.696583572062955e-05,1.175,OPTIMAL
grid_5x5,seed_milpsnap_grid5x5_k10.json,131,25,40,80,36.0522,7.696583572062955e-05,1.126,OPTIMAL
grid_5x5,seed_milpsnap_grid5x5_k10.json,132,25,40,78,36.0522,7.69658357204351e-05,1.129,OPTIMAL
grid_5x5,seed_milpsnap_grid5x5_k10.json,133,25,40,82,36.0522,7.69658357204351e-05,1.168,OPTIMAL
grid_5x5,seed_milpsnap_grid5x5_k10.json,134,25,40,79,36.0522,7.69658357204351e-05,1.131,OPTIMAL
grid_5x5,seed_milpsnap_grid5x5_k10.json,135,25,40,78,36.0522,7.696583572062955e-05,1.19,OPTIMAL
grid_5x5,seed_milpsnap_grid5x5_k10.json,136,25,40,74,36.0522,7.696583572062955e-05,1.107,OPTIMAL
grid_5x5,seed_milpsnap_grid5x5_k10.json,137,25,40,75,36.0522,7.696583572082397e-05,1.046,OPTIMAL
grid_5x5,seed_milpsnap_grid5x5_k10.json,138,25,40,76,36.0522,7.696583572062952e-05,1.077,OPTIMAL
grid_5x5,seed_milpsnap_grid5x5_k10.json,139,25,40,75,36.0522,7.696583572062952e-05,1.084,OPTIMAL
grid_5x5,seed_milpsnap_grid5x5_k10.json,140,25,40,75,36.0522,7.696583572062952e-05,1.081,OPTIMAL
grid_5x5,seed_milpsnap_grid5x5_k10.json,141,25,40,78,36.0522,7.696583572082397e-05,1.143,OPTIMAL
grid_5x5,seed_milpsnap_grid5x5_k10.json,142,25,40,77,36.0522,7.696583572062955e-05,1.129,OPTIMAL
grid_5x5,seed_milpsnap_grid5x5_k10.json,143,25,40,76,36.0522,7.69658357204351e-05,1.099,OPTIMAL
grid_5x5,seed_milpsnap_grid5x5_k10.json,144,25,40,80,36.0522,7.696583572082397e-05,1.192,OPTIMAL
grid_5x5,seed_milpsnap_grid5x5_k10.json,145,25,40,74,36.0522,0.0,1.089,OPTIMAL
grid_5x5,seed_milpsnap_grid5x5_k10.json,146,25,40,78,36.0522,7.696583572062955e-05,1.116,OPTIMAL
grid_5x5,seed_milpsnap_grid5x5_k10.json,147,25,40,83,36.0522,7.696583572082397e-05,1.255,OPTIMAL
grid_5x5,seed_milpsnap_grid5x5_k10.json,148,25,40,81,36.0522,7.696583572082397e-05,1.147,OPTIMAL
grid_5x5,seed_milpsnap_grid5x5_k10.json,149,25,40,80,36.0522,7.696583572082397e-05,1.127,OPTIMAL
grid_5x5,seed_milpsnap_grid5x5_k10.json,150,25,40,76,36.0522,7.696583572062955e-05,1.028,OPTIMAL
grid_5x5,seed_milpsnap_grid5x5_k10.json,151,25,40,78,36.0522,7.696583572062952e-05,1.123,OPTIMAL
grid_5x5,seed_milpsnap_grid5x5_k10.json,152,25,40,1,92.0108,0.0,0.007,OPTIMAL
grid_5x5,seed_milpsnap_grid5x5_k10.json,153,25,40,9,52.0453,0.0,0.068,OPTIMAL
grid_5x5,seed_milpsnap_grid5x5_k10.json,154,25,40,13,40.0492,0.0,0.114,OPTIMAL
grid_5x5,seed_milpsnap_grid5x5_k10.json,155,25,40,22,36.0522,7.696583572062955e-05,0.213,OPTIMAL
grid_5x5,seed_milpsnap_grid5x5_k10.json,156,25,40,27,36.0522,0.0,0.338,OPTIMAL
grid_5x5,seed_milpsnap_grid5x5_k10.json,157,25,40,32,36.0522,0.0,0.399,OPTIMAL
grid_5x5,seed_milpsnap_grid5x5_k10.json,158,25,40,39,36.0522,0.0,0.512,OPTIMAL
grid_5x5,seed_milpsnap_grid5x5_k10.json,159,25,40,42,36.0522,0.0,0.552,OPTIMAL
grid_5x5,seed_milpsnap_grid5x5_k10.json,160,25,40,47,36.0522,0.0,0.724,OPTIMAL
grid_5x5,seed_milpsnap_grid5x5_k10.json,161,25,40,49,36.0522,7.696583572062955e-05,0.679,OPTIMAL
grid_5x5,seed_milpsnap_grid5x5_k10.json,162,25,40,53,36.0522,7.696583572062955e-05,0.725,OPTIMAL
grid_5x5,seed_milpsnap_grid5x5_k10.json,163,25,40,59,36.0522,7.696583572082397e-05,0.789,OPTIMAL
grid_5x5,seed_milpsnap_grid5x5_k10.json,164,25,40,64,36.0522,7.696583572062955e-05,0.878,OPTIMAL
grid_5x5,seed_milpsnap_grid5x5_k10.json,165,25,40,67,36.0522,7.696583572062955e-05,0.951,OPTIMAL
grid_5x5,seed_milpsnap_grid5x5_k10.json,166,25,40,70,36.0522,7.696583572062955e-05,0.966,OPTIMAL
grid_5x5,seed_milpsnap_grid5x5_k10.json,167,25,40,74,36.0522,7.696583572082397e-05,1.041,OPTIMAL
grid_5x5,seed_milpsnap_grid5x5_k10.json,168,25,40,72,36.0522,7.696583572082397e-05,1.006,OPTIMAL
grid_5x5,seed_milpsnap_grid5x5_k10.json,169,25,40,75,36.0522,7.696583572062955e-05,1.082,OPTIMAL
grid_5x5,seed_milpsnap_grid5x5_k10.json,170,25,40,70,36.0522,7.69658357204351e-05,0.981,OPTIMAL
grid_5x5,seed_milpsnap_grid5x5_k10.json,171,25,40,71,36.0522,7.69658357204351e-05,1.011,OPTIMAL
grid_5x5,seed_milpsnap_grid5x5_k10.json,172,25,40,72,36.0522,7.696583572062955e-05,1.015,OPTIMAL
grid_5x5,seed_milpsnap_grid5x5_k10.json,173,25,40,69,36.0522,7.69658357204351e-05,0.979,OPTIMAL
grid_5x5,seed_milpsnap_grid5x5_k10.json,174,25,40,73,36.0522,7.696583572082397e-05,1.076,OPTIMAL
grid_5x5,seed_milpsnap_grid5x5_k10.json,175,25,40,74,36.0522,7.696583572062955e-05,1.044,OPTIMAL
grid_5x5,seed_milpsnap_grid5x5_k10.json,176,25,40,79,36.0522,7.69658357204351e-05,1.128,OPTIMAL
grid_5x5,seed_milpsnap_grid5x5_k10.json,177,25,40,78,36.0522,7.696583572062955e-05,1.096,OPTIMAL
grid_5x5,seed_milpsnap_grid5x5_k10.json,178,25,40,78,36.0522,7.696583572062952e-05,1.113,OPTIMAL
grid_5x5,seed_milpsnap_grid5x5_k10.json,179,25,40,79,36.0522,7.69658357204351e-05,1.165,OPTIMAL
grid_5x5,seed_milpsnap_grid5x5_k10.json,180,25,40,80,36.0522,7.69658357204351e-05,1.138,OPTIMAL
grid_5x5,seed_milpsnap_grid5x5_k10.json,181,25,40,91,36.0522,7.696583572062955e-05,1.311,OPTIMAL
grid_5x5,seed_milpsnap_grid5x5_k10.json,182,25,40,89,36.0522,7.696583572062955e-05,1.235,OPTIMAL
grid_5x5,seed_milpsnap_grid5x5_k10.json,183,25,40,87,36.0522,7.696583572062955e-05,1.286,OPTIMAL
grid_5x5,seed_milpsnap_grid5x5_k10.json,184,25,40,84,36.0522,7.696583572062955e-05,1.334,OPTIMAL
grid_5x5,seed_milpsnap_grid5x5_k10.json,185,25,40,84,36.0522,7.696583572062955e-05,1.301,OPTIMAL
grid_5x5,seed_milpsnap_grid5x5_k10.json,186,25,40,82,36.0522,7.696583572062952e-05,1.215,OPTIMAL
grid_5x5,seed_milpsnap_grid5x5_k10.json,187,25,40,81,36.0522,7.696583572062952e-05,1.15,OPTIMAL
grid_5x5,seed_milpsnap_grid5x5_k10.json,188,25,40,83,36.0522,7.696583572082397e-05,1.197,OPTIMAL
grid_5x5,seed_milpsnap_grid5x5_k10.json,189,25,40,80,36.0522,7.696583572062952e-05,1.164,OPTIMAL
grid_5x5,seed_milpsnap_grid5x5_k10.json,190,25,40,79,36.0522,7.696583572062955e-05,1.177,OPTIMAL
grid_5x5,seed_milpsnap_grid5x5_k10.json,191,25,40,74,36.0522,7.696583572062952e-05,1.068,OPTIMAL
grid_5x5,seed_milpsnap_grid5x5_k10.json,192,25,40,74,36.0522,7.696583572082397e-05,1.042,OPTIMAL
grid_5x5,seed_milpsnap_grid5x5_k10.json,193,25,40,75,36.0522,7.696583572062955e-05,1.109,OPTIMAL
grid_5x5,seed_milpsnap_grid5x5_k10.json,194,25,40,76,36.0522,7.696583572082397e-05,1.113,OPTIMAL
grid_5x5,seed_milpsnap_grid5x5_k10.json,195,25,40,76,36.0522,7.696583572062955e-05,1.108,OPTIMAL
grid_5x5,seed_milpsnap_grid5x5_k10.json,196,25,40,69,36.0522,7.696583572062952e-05,0.948,OPTIMAL
grid_5x5,seed_milpsnap_grid5x5_k10.json,197,25,40,73,36.0522,7.696583572082397e-05,1.078,OPTIMAL
grid_5x5,seed_milpsnap_grid5x5_k10.json,198,25,40,71,36.0522,7.696583572062955e-05,1.002,OPTIMAL
grid_5x5,seed_milpsnap_grid5x5_k10.json,199,25,40,76,36.0522,7.696583572062955e-05,1.113,OPTIMAL
grid_5x5,seed_milpsnap_grid5x5_k10.json,200,25,40,79,36.0522,7.69658357204351e-05,1.108,OPTIMAL
grid_5x5,seed_milpsnap_grid5x5_k10.json,201,25,40,80,36.0522,7.69658357204351e-05,1.167,OPTIMAL
grid_5x5,seed_milpsnap_grid5x5_k10.json,202,25,40,77,36.0522,7.696583572062955e-05,1.094,OPTIMAL
grid_5x5,seed_milpsnap_grid5x5_k10.json,203,25,40,75,36.0522,7.696583572062955e-05,1.106,OPTIMAL
grid_5x5,seed_milpsnap_grid5x5_k10.json,204,25,40,75,36.0522,7.696583572062952e-05,1.072,OPTIMAL
grid_5x5,seed_milpsnap_grid5x5_k10.json,205,25,40,77,36.0522,7.69658357204351e-05,1.059,OPTIMAL
grid_5x5,seed_milpsnap_grid5x5_k10.json,206,25,40,82,36.0522,7.696583572062955e-05,1.199,OPTIMAL
grid_5x5,seed_milpsnap_grid5x5_k10.json,207,25,40,80,36.0522,7.69658357204351e-05,1.209,OPTIMAL
grid_5x5,seed_milpsnap_grid5x5_k10.json,208,25,40,75,36.0522,7.696583572062955e-05,1.077,OPTIMAL
grid_5x5,seed_milpsnap_grid5x5_k10.json,209,25,40,74,36.0522,7.696583572082397e-05,1.021,OPTIMAL
grid_5x5,seed_milpsnap_grid5x5_k10.json,210,25,40,75,36.0522,7.69658357204351e-05,1.004,OPTIMAL
grid_5x5,seed_milpsnap_grid5x5_k10.json,211,25,40,73,36.0522,7.696583572082397e-05,1.042,OPTIMAL
grid_5x5,seed_milpsnap_grid5x5_k10.json,212,25,40,70,36.0522,7.69658357204351e-05,0.977,OPTIMAL
grid_5x5,seed_milpsnap_grid5x5_k10.json,213,25,40,78,36.0522,7.69658357204351e-05,1.098,OPTIMAL
grid_5x5,seed_milpsnap_grid5x5_k10.json,214,25,40,70,36.0522,7.696583572062955e-05,0.978,OPTIMAL
grid_5x5,seed_milpsnap_grid5x5_k10.json,215,25,40,71,36.0522,7.696583572062955e-05,1.024,OPTIMAL
grid_5x5,seed_milpsnap_grid5x5_k10.json,216,25,40,69,36.0522,7.696583572062955e-05,1.019,OPTIMAL
grid_5x5,seed_milpsnap_grid5x5_k10.json,217,25,40,76,36.0522,7.696583572082397e-05,1.062,OPTIMAL
grid_5x5,seed_milpsnap_grid5x5_k10.json,218,25,40,76,36.0522,7.69658357204351e-05,1.009,OPTIMAL
grid_5x5,seed_milpsnap_grid5x5_k10.json,219,25,40,80,36.0522,7.696583572082397e-05,1.175,OPTIMAL
grid_5x5,seed_milpsnap_grid5x5_k10.json,220,25,40,77,36.0522,7.696583572062955e-05,1.055,OPTIMAL
grid_5x5,seed_milpsnap_grid5x5_k10.json,221,25,40,71,36.0522,7.696583572062952e-05,1.007,OPTIMAL
grid_5x5,seed_milpsnap_grid5x5_k10.json,222,25,40,73,36.0522,7.69658357204351e-05,1.012,OPTIMAL
grid_5x5,seed_milpsnap_grid5x5_k10.json,223,25,40,75,36.0522,7.696583572062955e-05,1.039,OPTIMAL
grid_5x5,seed_milpsnap_grid5x5_k10.json,224,25,40,76,36.0522,7.696583572062952e-05,1.041,OPTIMAL
grid_5x5,seed_milpsnap_grid5x5_k10.json,225,25,40,74,36.0522,7.696583572062955e-05,1.063,OPTIMAL
grid_5x5,seed_milpsnap_grid5x5_k10.json,226,25,40,77,36.0522,7.696583572062952e-05,1.03,OPTIMAL
grid_5x5,seed_milpsnap_grid5x5_k10.json,227,25,40,75,36.0522,7.696583572062952e-05,1.015,OPTIMAL
grid_5x5,seed_milpsnap_grid5x5_k10.json,228,25,40,72,36.0522,7.69658357204351e-05,1.025,OPTIMAL
grid_5x5,seed_milpsnap_grid5x5_k10.json,229,25,40,77,36.0522,7.69658357204351e-05,1.082,OPTIMAL
grid_5x5,seed_milpsnap_grid5x5_k10.json,230,25,40,71,36.0522,7.696583572062955e-05,1.034,OPTIMAL
grid_5x5,seed_milpsnap_grid5x5_k10.json,231,25,40,70,36.0522,7.696583572062952e-05,1.008,OPTIMAL
grid_5x5,seed_milpsnap_grid5x5_k10.json,232,25,40,62,36.0522,7.696583572062955e-05,0.901,OPTIMAL
grid_5x5,seed_milpsnap_grid5x5_k10.json,233,25,40,63,36.0522,7.696583572062955e-05,0.891,OPTIMAL
grid_5x5,seed_milpsnap_grid5x5_k10.json,234,25,40,61,36.0522,7.696583572062955e-05,0.818,OPTIMAL
grid_5x5,seed_milpsnap_grid5x5_k10.json,235,25,40,58,36.0522,7.696583572062955e-05,0.775,OPTIMAL
grid_5x5,seed_milpsnap_grid5x5_k10.json,236,25,40,60,36.0522,7.69658357204351e-05,0.822,OPTIMAL
grid_5x5,seed_milpsnap_grid5x5_k10.json,237,25,40,61,36.0522,7.696583572062955e-05,0.882,OPTIMAL
grid_5x5,seed_milpsnap_grid5x5_k10.json,238,25,40,63,36.0522,7.696583572062955e-05,0.882,OPTIMAL
grid_5x5,seed_milpsnap_grid5x5_k10.json,239,25,40,63,36.0522,7.69658357204351e-05,0.898,OPTIMAL
grid_5x5,seed_milpsnap_grid5x5_k10.json,240,25,40,65,36.0522,7.696583572062955e-05,0.887,OPTIMAL
grid_5x5,seed_milpsnap_grid5x5_k10.json,241,25,40,63,36.0522,7.696583572062955e-05,0.901,OPTIMAL
grid_5x5,seed_milpsnap_grid5x5_k10.json,242,25,40,66,36.0522,7.696583572062955e-05,0.919,OPTIMAL
grid_5x5,seed_milpsnap_grid5x5_k10.json,243,25,40,65,36.0522,7.696583572062955e-05,0.886,OPTIMAL
grid_5x5,seed_milpsnap_grid5x5_k10.json,244,25,40,65,36.0522,7.696583572062955e-05,0.887,OPTIMAL
grid_5x5,seed_milpsnap_grid5x5_k10.json,245,25,40,65,36.0522,7.69658357204351e-05,0.896,OPTIMAL
grid_5x5,seed_milpsnap_grid5x5_k10.json,246,25,40,67,36.0522,7.69658357204351e-05,0.915,OPTIMAL
grid_5x5,seed_milpsnap_grid5x5_k10.json,247,25,40,68,36.0522,7.696583572062955e-05,0.993,OPTIMAL
grid_5x5,seed_milpsnap_grid5x5_k10.json,248,25,40,67,36.0522,7.69658357204351e-05,0.961,OPTIMAL
grid_5x5,seed_milpsnap_grid5x5_k10.json,249,25,40,68,36.0522,7.696583572062955e-05,0.955,OPTIMAL
grid_5x5,seed_milpsnap_grid5x5_k10.json,250,25,40,74,36.0522,7.696583572062955e-05,1.086,OPTIMAL
grid_5x5,seed_milpsnap_grid5x5_k10.json,251,25,40,75,36.0522,7.696583572062955e-05,1.087,OPTIMAL
grid_5x5,seed_milpsnap_grid5x5_k10.json,252,25,40,76,36.0522,7.696583572062955e-05,1.069,OPTIMAL
grid_5x5,seed_milpsnap_grid5x5_k10.json,253,25,40,75,36.0522,7.69658357204351e-05,1.088,OPTIMAL
grid_5x5,seed_milpsnap_grid5x5_k10.json,254,25,40,72,36.0522,7.69658357204351e-05,0.997,OPTIMAL
grid_5x5,seed_milpsnap_grid5x5_k10.json,255,25,40,70,36.0522,7.69658357204351e-05,0.989,OPTIMAL
grid_5x5,seed_milpsnap_grid5x5_k10.json,256,25,40,69,36.0522,7.696583572082397e-05,0.974,OPTIMAL
grid_5x5,seed_milpsnap_grid5x5_k10.json,257,25,40,68,36.0522,7.696583572082397e-05,0.971,OPTIMAL
grid_5x5,seed_milpsnap_grid5x5_k10.json,258,25,40,63,36.0522,7.69658357204351e-05,0.922,OPTIMAL
grid_5x5,seed_milpsnap_grid5x5_k10.json,259,25,40,63,36.0522,7.696583572082397e-05,0.905,OPTIMAL
grid_5x5,seed_milpsnap_grid5x5_k10.json,260,25,40,69,36.0522,7.696583572062955e-05,0.96,OPTIMAL
grid_5x5,seed_milpsnap_grid5x5_k10.json,261,25,40,70,36.0522,7.696583572062952e-05,1.018,OPTIMAL
grid_5x5,seed_milpsnap_grid5x5_k10.json,262,25,40,72,36.0522,7.696583572062955e-05,1.038,OPTIMAL
grid_5x5,seed_milpsnap_grid5x5_k10.json,263,25,40,76,36.0522,7.696583572062955e-05,1.098,OPTIMAL
grid_5x5,seed_milpsnap_grid5x5_k10.json,264,25,40,70,36.0522,7.69658357204351e-05,1.017,OPTIMAL
grid_5x5,seed_milpsnap_grid5x5_k10.json,265,25,40,72,36.0522,7.696583572062955e-05,1.011,OPTIMAL
grid_5x5,seed_milpsnap_grid5x5_k10.json,266,25,40,72,36.0522,7.696583572082397e-05,1.073,OPTIMAL
grid_5x5,seed_milpsnap_grid5x5_k10.json,267,25,40,71,36.0522,7.696583572062952e-05,1.011,OPTIMAL
grid_5x5,seed_milpsnap_grid5x5_k10.json,268,25,40,72,36.0522,7.696583572082397e-05,1.014,OPTIMAL
grid_5x5,seed_milpsnap_grid5x5_k10.json,269,25,40,75,36.0522,7.69658357204351e-05,1.072,OPTIMAL
grid_5x5,seed_milpsnap_grid5x5_k10.json,270,25,40,77,36.0522,7.69658357204351e-05,1.106,OPTIMAL
grid_5x5,seed_milpsnap_grid5x5_k10.json,271,25,40,77,36.0522,7.69658357204351e-05,1.082,OPTIMAL
grid_5x5,seed_milpsnap_grid5x5_k10.json,272,25,40,79,36.0522,7.69658357204351e-05,1.154,OPTIMAL
grid_5x5,seed_milpsnap_grid5x5_k10.json,273,25,40,80,36.0522,7.69658357204351e-05,1.162,OPTIMAL
grid_5x5,seed_milpsnap_grid5x5_k10.json,274,25,40,79,36.0522,7.69658357204351e-05,1.13,OPTIMAL
grid_5x5,seed_milpsnap_grid5x5_k10.json,275,25,40,75,36.0522,7.696583572082397e-05,1.068,OPTIMAL
grid_5x5,seed_milpsnap_grid5x5_k10.json,276,25,40,74,36.0522,7.696583572062955e-05,1.057,OPTIMAL
grid_5x5,seed_milpsnap_grid5x5_k10.json,277,25,40,74,36.0522,7.69658357204351e-05,1.063,OPTIMAL
grid_5x5,seed_milpsnap_grid5x5_k10.json,278,25,40,71,36.0522,7.696583572062955e-05,1.053,OPTIMAL
grid_5x5,seed_milpsnap_grid5x5_k10.json,279,25,40,73,36.0522,7.69658357204351e-05,1.076,OPTIMAL
grid_5x5,seed_milpsnap_grid5x5_k10.json,280,25,40,69,36.0522,7.69658357204351e-05,0.939,OPTIMAL
grid_5x5,seed_milpsnap_grid5x5_k10.json,281,25,40,66,36.0522,7.696583572062955e-05,0.926,OPTIMAL
grid_5x5,seed_milpsnap_grid5x5_k10.json,282,25,40,65,36.0522,7.696583572062955e-05,0.898,OPTIMAL
grid_5x5,seed_milpsnap_grid5x5_k10.json,283,25,40,64,36.0522,7.696583572082397e-05,0.906,OPTIMAL
grid_5x5,seed_milpsnap_grid5x5_k10.json,284,25,40,65,36.0522,7.696583572062952e-05,0.91,OPTIMAL
grid_5x5,seed_milpsnap_grid5x5_k10.json,285,25,40,65,36.0522,7.696583572082397e-05,0.888,OPTIMAL
grid_5x5,seed_milpsnap_grid5x5_k10.json,286,25,40,65,36.0522,7.69658357204351e-05,0.922,OPTIMAL
grid_5x5,seed_milpsnap_grid5x5_k10.json,287,25,40,63,36.0522,7.69658357204351e-05,0.888,OPTIMAL
grid_5x5,seed_milpsnap_grid5x5_k10.json,288,25,40,65,36.0522,7.69658357204351e-05,0.885,OPTIMAL
grid_5x5,seed_milpsnap_grid5x5_k10.json,289,25,40,65,36.0522,7.696583572062952e-05,0.906,OPTIMAL
grid_5x5,seed_milpsnap_grid5x5_k10.json,290,25,40,66,36.0522,7.696583572062955e-05,0.948,OPTIMAL
grid_5x5,seed_milpsnap_grid5x5_k10.json,291,25,40,68,36.0522,7.696583572062952e-05,0.964,OPTIMAL
grid_5x5,seed_milpsnap_grid5x5_k10.json,292,25,40,67,36.0522,7.696583572062952e-05,0.97,OPTIMAL
grid_5x5,seed_milpsnap_grid5x5_k10.json,293,25,40,67,36.0522,7.696583572082397e-05,0.91,OPTIMAL
grid_5x5,seed_milpsnap_grid5x5_k10.json,294,25,40,69,36.0522,7.69658357204351e-05,0.981,OPTIMAL
grid_5x5,seed_milpsnap_grid5x5_k10.json,295,25,40,68,36.0522,7.696583572062955e-05,0.984,OPTIMAL
grid_5x5,seed_milpsnap_grid5x5_k10.json,296,25,40,70,36.0522,7.696583572062955e-05,0.993,OPTIMAL
grid_5x5,seed_milpsnap_grid5x5_k10.json,297,25,40,71,36.0522,7.696583572062955e-05,0.994,OPTIMAL
grid_5x5,seed_milpsnap_grid5x5_k10.json,298,25,40,70,36.0522,7.69658357204351e-05,1.003,OPTIMAL
grid_5x5,seed_milpsnap_grid5x5_k10.json,299,25,40,68,36.0522,7.69658357204351e-05,0.967,OPTIMAL
grid_5x5,seed_milpsnap_grid5x5_k10.json,300,25,40,69,36.0522,7.696583572062952e-05,0.969,OPTIMAL
grid_5x5,seed_milpsnap_grid5x5_k10.json,301,25,40,71,36.0522,7.696583572082397e-05,1.024,OPTIMAL
grid_5x5,seed_milpsnap_grid5x5_k10.json,302,25,40,69,36.0522,7.696583572082397e-05,0.993,OPTIMAL
grid_5x5,seed_milpsnap_grid5x5_k10.json,303,25,40,1,72.0256,0.0,0.014,OPTIMAL
grid_5x5,seed_milpsnap_grid5x5_k10.json,304,25,40,4,52.0404,0.0,0.043,OPTIMAL
grid_5x5,seed_milpsnap_grid5x5_k10.json,305,25,40,13,40.0492,0.0,0.183,OPTIMAL
grid_5x5,seed_milpsnap_grid5x5_k10.json,306,25,40,21,36.0522,0.0,0.238,OPTIMAL
grid_5x5,seed_milpsnap_grid5x5_k10.json,307,25,40,28,36.0522,7.696583572062955e-05,0.345,OPTIMAL
grid_5x5,seed_milpsnap_grid5x5_k10.json,308,25,40,34,36.0522,7.696583572062955e-05,0.365,OPTIMAL
grid_5x5,seed_milpsnap_grid5x5_k10.json,309,25,40,37,36.0522,7.696583572062955e-05,0.423,OPTIMAL
grid_5x5,seed_milpsnap_grid5x5_k10.json,310,25,40,44,36.0522,7.696583572062955e-05,0.488,OPTIMAL
grid_5x5,seed_milpsnap_grid5x5_k10.json,311,25,40,54,36.0522,7.696583572062955e-05,0.776,OPTIMAL
grid_5x5,seed_milpsnap_grid5x5_k10.json,312,25,40,59,36.0522,7.69658357204351e-05,0.82,OPTIMAL
grid_5x5,seed_milpsnap_grid5x5_k10.json,313,25,40,65,36.0522,7.696583572062955e-05,0.879,OPTIMAL
grid_5x5,seed_milpsnap_grid5x5_k10.json,314,25,40,73,36.0522,7.69658357204351e-05,1.07,OPTIMAL
grid_5x5,seed_milpsnap_grid5x5_k10.json,315,25,40,75,36.0522,7.696583572082397e-05,1.111,OPTIMAL
grid_5x5,seed_milpsnap_grid5x5_k10.json,316,25,40,83,36.0522,7.696583572062955e-05,1.283,OPTIMAL
grid_5x5,seed_milpsnap_grid5x5_k10.json,317,25,40,85,36.0522,7.696583572082397e-05,1.343,OPTIMAL
grid_5x5,seed_milpsnap_grid5x5_k10.json,318,25,40,93,36.0522,7.696583572062955e-05,1.27,OPTIMAL
grid_5x5,seed_milpsnap_grid5x5_k10.json,319,25,40,95,36.0522,7.696583572082397e-05,1.432,OPTIMAL
grid_5x5,seed_milpsnap_grid5x5_k10.json,320,25,40,91,36.0522,7.696583572062955e-05,1.203,OPTIMAL
grid_5x5,seed_milpsnap_grid5x5_k10.json,321,25,40,86,36.0522,7.696583572062955e-05,1.341,OPTIMAL
grid_5x5,seed_milpsnap_grid5x5_k10.json,322,25,40,89,36.0522,7.696583572082397e-05,1.253,OPTIMAL
grid_5x5,seed_milpsnap_grid5x5_k10.json,323,25,40,86,36.0522,7.696583572062955e-05,1.356,OPTIMAL
grid_5x5,seed_milpsnap_grid5x5_k10.json,324,25,40,90,36.0522,7.696583572062955e-05,1.308,OPTIMAL
grid_5x5,seed_milpsnap_grid5x5_k10.json,325,25,40,88,36.0522,7.69658357204351e-05,1.373,OPTIMAL
grid_5x5,seed_milpsnap_grid5x5_k10.json,326,25,40,83,36.0522,7.696583572062955e-05,1.308,OPTIMAL
grid_5x5,seed_milpsnap_grid5x5_k10.json,327,25,40,81,36.0522,7.69658357204351e-05,1.227,OPTIMAL
grid_5x5,seed_milpsnap_grid5x5_k10.json,328,25,40,77,36.0522,7.696583572062955e-05,1.103,OPTIMAL
grid_5x5,seed_milpsnap_grid5x5_k10.json,329,25,40,80,36.0522,7.696583572062955e-05,1.092,OPTIMAL
grid_5x5,seed_milpsnap_grid5x5_k10.json,330,25,40,81,36.0522,7.696583572062955e-05,1.225,OPTIMAL
grid_5x5,seed_milpsnap_grid5x5_k10.json,331,25,40,80,36.0522,7.696583572062955e-05,1.166,OPTIMAL
grid_5x5,seed_milpsnap_grid5x5_k10.json,332,25,40,83,36.0522,7.696583572062955e-05,1.334,OPTIMAL
grid_5x5,seed_milpsnap_grid5x5_k10.json,333,25,40,79,36.0522,7.69658357204351e-05,1.187,OPTIMAL
grid_5x5,seed_milpsnap_grid5x5_k10.json,334,25,40,81,36.0522,7.696583572062955e-05,1.176,OPTIMAL
grid_5x5,seed_milpsnap_grid5x5_k10.json,335,25,40,78,36.0522,7.696583572062955e-05,1.098,OPTIMAL
grid_5x5,seed_milpsnap_grid5x5_k10.json,336,25,40,81,36.0522,7.696583572062955e-05,1.227,OPTIMAL
grid_5x5,seed_milpsnap_grid5x5_k10.json,337,25,40,76,36.0522,7.696583572062955e-05,1.076,OPTIMAL
grid_5x5,seed_milpsnap_grid5x5_k10.json,338,25,40,80,36.0522,7.696583572062955e-05,1.161,OPTIMAL
grid_5x5,seed_milpsnap_grid5x5_k10.json,339,25,40,79,36.0522,7.696583572082397e-05,1.163,OPTIMAL
grid_5x5,seed_milpsnap_grid5x5_k10.json,340,25,40,78,36.0522,7.696583572082397e-05,1.081,OPTIMAL
grid_5x5,seed_milpsnap_grid5x5_k10.json,341,25,40,80,36.0522,7.696583572062952e-05,1.09,OPTIMAL
grid_5x5,seed_milpsnap_grid5x5_k10.json,342,25,40,79,36.0522,7.696583572062955e-05,1.106,OPTIMAL
grid_5x5,seed_milpsnap_grid5x5_k10.json,343,25,40,79,36.0522,7.696583572062952e-05,1.183,OPTIMAL
grid_5x5,seed_milpsnap_grid5x5_k10.json,344,25,40,72,36.0522,7.696583572062955e-05,1.045,OPTIMAL
grid_5x5,seed_milpsnap_grid5x5_k10.json,345,25,40,74,36.0522,7.696583572062952e-05,1.08,OPTIMAL
grid_5x5,seed_milpsnap_grid5x5_k10.json,346,25,40,74,36.0522,7.69658357204351e-05,1.048,OPTIMAL
grid_5x5,seed_milpsnap_grid5x5_k10.json,347,25,40,73,36.0522,7.696583572062955e-05,1.03,OPTIMAL
grid_5x5,seed_milpsnap_grid5x5_k10.json,348,25,40,71,36.0522,7.696583572082397e-05,0.961,OPTIMAL
grid_5x5,seed_milpsnap_grid5x5_k10.json,349,25,40,69,36.0522,7.696583572082397e-05,0.964,OPTIMAL
grid_5x5,seed_milpsnap_grid5x5_k10.json,350,25,40,76,36.0522,7.696583572062952e-05,1.073,OPTIMAL
grid_5x5,seed_milpsnap_grid5x5_k10.json,351,25,40,76,36.0522,7.696583572062952e-05,1.046,OPTIMAL
grid_5x5,seed_milpsnap_grid5x5_k10.json,352,25,40,73,36.0522,7.696583572062955e-05,1.053,OPTIMAL
grid_5x5,seed_milpsnap_grid5x5_k10.json,353,25,40,72,36.0522,7.696583572062955e-05,1.004,OPTIMAL
grid_5x5,seed_milpsnap_grid5x5_k10.json,354,25,40,66,36.0522,7.696583572062955e-05,0.93,OPTIMAL
grid_5x5,seed_milpsnap_grid5x5_k10.json,355,25,40,71,36.0522,7.69658357204351e-05,1.045,OPTIMAL
grid_5x5,seed_milpsnap_grid5x5_k10.json,356,25,40,65,36.0522,7.696583572062955e-05,0.876,OPTIMAL
grid_5x5,seed_milpsnap_grid5x5_k10.json,357,25,40,68,36.0522,7.696583572062952e-05,0.95,OPTIMAL
grid_5x5,seed_milpsnap_grid5x5_k10.json,358,25,40,75,36.0522,7.69658357204351e-05,1.084,OPTIMAL
grid_5x5,seed_milpsnap_grid5x5_k10.json,359,25,40,74,36.0522,7.69658357204351e-05,1.059,OPTIMAL
grid_5x5,seed_milpsnap_grid5x5_k10.json,360,25,40,73,36.0522,7.69658357204351e-05,1.071,OPTIMAL
grid_5x5,seed_milpsnap_grid5x5_k10.json,361,25,40,72,36.0522,7.696583572062952e-05,1.039,OPTIMAL
grid_5x5,seed_milpsnap_grid5x5_k10.json,362,25,40,75,36.0522,7.696583572062955e-05,1.04,OPTIMAL
grid_5x5,seed_milpsnap_grid5x5_k10.json,363,25,40,79,36.0522,7.69658357204351e-05,1.144,OPTIMAL
grid_5x5,seed_milpsnap_grid5x5_k10.json,364,25,40,82,36.0522,7.696583572062952e-05,1.179,OPTIMAL
grid_5x5,seed_milpsnap_grid5x5_k10.json,365,25,40,78,36.0522,7.696583572062955e-05,1.134,OPTIMAL
grid_5x5,seed_milpsnap_grid5x5_k10.json,366,25,40,75,36.0522,7.69658357204351e-05,1.027,OPTIMAL
grid_5x5,seed_milpsnap_grid5x5_k10.json,367,25,40,78,36.0522,7.69658357204351e-05,1.129,OPTIMAL
grid_5x5,seed_milpsnap_grid5x5_k10.json,368,25,40,76,36.0522,7.69658357204351e-05,1.064,OPTIMAL
grid_5x5,seed_milpsnap_grid5x5_k10.json,369,25,40,85,36.0522,7.696583572062955e-05,1.351,OPTIMAL
grid_5x5,seed_milpsnap_grid5x5_k10.json,370,25,40,78,36.0522,7.696583572062955e-05,1.089,OPTIMAL
grid_5x5,seed_milpsnap_grid5x5_k10.json,371,25,40,82,36.0522,7.696583572062955e-05,1.163,OPTIMAL
grid_5x5,seed_milpsnap_grid5x5_k10.json,372,25,40,83,36.0522,7.69658357204351e-05,1.21,OPTIMAL
grid_5x5,seed_milpsnap_grid5x5_k10.json,373,25,40,79,36.0522,7.696583572082397e-05,1.16,OPTIMAL
grid_5x5,seed_milpsnap_grid5x5_k10.json,374,25,40,81,36.0522,7.696583572082397e-05,1.175,OPTIMAL
grid_5x5,seed_milpsnap_grid5x5_k10.json,375,25,40,83,36.0522,7.696583572062955e-05,1.291,OPTIMAL
grid_5x5,seed_milpsnap_grid5x5_k10.json,376,25,40,82,36.0522,7.696583572082397e-05,1.17,OPTIMAL
grid_5x5,seed_milpsnap_grid5x5_k10.json,377,25,40,81,36.0522,7.69658357204351e-05,1.201,OPTIMAL
grid_5x5,seed_milpsnap_grid5x5_k10.json,378,25,40,79,36.0522,7.69658357204351e-05,1.155,OPTIMAL
grid_5x5,seed_milpsnap_grid5x5_k10.json,379,25,40,73,36.0522,7.696583572062955e-05,1.006,OPTIMAL
grid_5x5,seed_milpsnap_grid5x5_k10.json,380,25,40,73,36.0522,7.696583572062955e-05,1.01,OPTIMAL
grid_5x5,seed_milpsnap_grid5x5_k10.json,381,25,40,72,36.0522,7.696583572062952e-05,1.01,OPTIMAL
grid_5x5,seed_milpsnap_grid5x5_k10.json,382,25,40,71,36.0522,7.696583572062955e-05,1.063,OPTIMAL
grid_5x5,seed_milpsnap_grid5x5_k10.json,383,25,40,74,36.0522,7.696583572062955e-05,1.074,OPTIMAL
grid_5x5,seed_milpsnap_grid5x5_k10.json,384,25,40,69,36.0522,7.69658357204351e-05,1.014,OPTIMAL
grid_5x5,seed_milpsnap_grid5x5_k10.json,385,25,40,71,36.0522,7.696583572062955e-05,1.022,OPTIMAL
grid_5x5,seed_milpsnap_grid5x5_k10.json,386,25,40,72,36.0522,7.69658357204351e-05,0.986,OPTIMAL
grid_5x5,seed_milpsnap_grid5x5_k10.json,387,25,40,70,36.0522,7.69658357204351e-05,0.974,OPTIMAL
grid_5x5,seed_milpsnap_grid5x5_k10.json,388,25,40,70,36.0522,7.696583572062952e-05,0.996,OPTIMAL
grid_5x5,seed_milpsnap_grid5x5_k10.json,389,25,40,67,36.0522,7.696583572062955e-05,0.947,OPTIMAL
grid_5x5,seed_milpsnap_grid5x5_k10.json,390,25,40,70,36.0522,7.696583572062955e-05,0.99,OPTIMAL
grid_5x5,seed_milpsnap_grid5x5_k10.json,391,25,40,71,36.0522,7.696583572062955e-05,1.005,OPTIMAL
grid_5x5,seed_milpsnap_grid5x5_k10.json,392,25,40,74,36.0522,7.696583572062955e-05,1.064,OPTIMAL
grid_5x5,seed_milpsnap_grid5x5_k10.json,393,25,40,73,36.0522,7.696583572062955e-05,1.027,OPTIMAL
grid_5x5,seed_milpsnap_grid5x5_k10.json,394,25,40,75,36.0522,7.69658357204351e-05,1.088,OPTIMAL
grid_5x5,seed_milpsnap_grid5x5_k10.json,395,25,40,73,36.0522,7.696583572062955e-05,1.081,OPTIMAL
grid_5x5,seed_milpsnap_grid5x5_k10.json,396,25,40,84,36.0522,7.696583572062955e-05,1.288,OPTIMAL
grid_5x5,seed_milpsnap_grid5x5_k10.json,397,25,40,83,36.0522,7.696583572062955e-05,1.251,OPTIMAL
grid_5x5,seed_milpsnap_grid5x5_k10.json,398,25,40,89,36.0522,7.696583572082397e-05,1.219,OPTIMAL
grid_5x5,seed_milpsnap_grid5x5_k10.json,399,25,40,89,36.0522,7.696583572062955e-05,1.268,OPTIMAL
grid_5x5,seed_milpsnap_grid5x5_k10.json,400,25,40,89,36.0522,7.696583572062955e-05,1.22,OPTIMAL
grid_5x5,seed_milpsnap_grid5x5_k10.json,401,25,40,87,36.0522,7.696583572082397e-05,1.329,OPTIMAL
grid_5x5,seed_milpsnap_grid5x5_k10.json,402,25,40,86,36.0522,7.696583572082397e-05,1.334,OPTIMAL
grid_5x5,seed_milpsnap_grid5x5_k10.json,403,25,40,84,36.0522,7.696583572062955e-05,1.322,OPTIMAL
grid_5x5,seed_milpsnap_grid5x5_k10.json,404,25,40,91,36.0522,7.696583572082397e-05,1.239,OPTIMAL
grid_5x5,seed_milpsnap_grid5x5_k10.json,405,25,40,88,36.0522,7.696583572062955e-05,1.312,OPTIMAL
grid_5x5,seed_milpsnap_grid5x5_k10.json,406,25,40,86,36.0522,7.696583572062955e-05,1.345,OPTIMAL
grid_5x5,seed_milpsnap_grid5x5_k10.json,407,25,40,78,36.0522,7.69658357204351e-05,1.088,OPTIMAL
grid_5x5,seed_milpsnap_grid5x5_k10.json,408,25,40,75,36.0522,7.696583572062955e-05,1.062,OPTIMAL
grid_5x5,seed_milpsnap_grid5x5_k10.json,409,25,40,76,36.0522,7.696583572062955e-05,1.091,OPTIMAL
grid_5x5,seed_milpsnap_grid5x5_k10.json,410,25,40,82,36.0522,7.696583572062955e-05,1.175,OPTIMAL
grid_5x5,seed_milpsnap_grid5x5_k10.json,411,25,40,72,36.0522,7.696583572082397e-05,1.017,OPTIMAL
grid_5x5,seed_milpsnap_grid5x5_k10.json,412,25,40,70,36.0522,7.696583572082397e-05,1.038,OPTIMAL
grid_5x5,seed_milpsnap_grid5x5_k10.json,413,25,40,66,36.0522,7.696583572062952e-05,0.928,OPTIMAL
grid_5x5,seed_milpsnap_grid5x5_k10.json,414,25,40,65,36.0522,7.696583572062955e-05,0.913,OPTIMAL
grid_5x5,seed_milpsnap_grid5x5_k10.json,415,25,40,63,36.0522,7.696583572062952e-05,0.866,OPTIMAL
grid_5x5,seed_milpsnap_grid5x5_k10.json,416,25,40,64,36.0522,7.696583572082397e-05,0.888,OPTIMAL
grid_5x5,seed_milpsnap_grid5x5_k10.json,417,25,40,66,36.0522,7.696583572082397e-05,0.91,OPTIMAL
grid_5x5,seed_milpsnap_grid5x5_k10.json,418,25,40,69,36.0522,7.696583572062952e-05,0.942,OPTIMAL
grid_5x5,seed_milpsnap_grid5x5_k10.json,419,25,40,69,36.0522,7.69658357204351e-05,0.958,OPTIMAL
grid_5x5,seed_milpsnap_grid5x5_k10.json,420,25,40,66,36.0522,7.696583572082397e-05,0.944,OPTIMAL
grid_5x5,seed_milpsnap_grid5x5_k10.json,421,25,40,67,36.0522,7.696583572062952e-05,0.935,OPTIMAL
grid_5x5,seed_milpsnap_grid5x5_k10.json,422,25,40,67,36.0522,7.696583572082397e-05,0.939,OPTIMAL
grid_5x5,seed_milpsnap_grid5x5_k10.json,423,25,40,71,36.0522,7.696583572082397e-05,1.033,OPTIMAL
grid_5x5,seed_milpsnap_grid5x5_k10.json,424,25,40,73,36.0522,7.696583572062955e-05,1.066,OPTIMAL
grid_5x5,seed_milpsnap_grid5x5_k10.json,425,25,40,69,36.0522,7.696583572062955e-05,0.986,OPTIMAL
grid_5x5,seed_milpsnap_grid5x5_k10.json,426,25,40,73,36.0522,7.696583572082397e-05,1.044,OPTIMAL
grid_5x5,seed_milpsnap_grid5x5_k10.json,427,25,40,80,36.0522,7.69658357204351e-05,1.135,OPTIMAL
grid_5x5,seed_milpsnap_grid5x5_k10.json,428,25,40,75,36.0522,7.696583572062955e-05,1.094,OPTIMAL
grid_5x5,seed_milpsnap_grid5x5_k10.json,429,25,40,74,36.0522,7.696583572062955e-05,1.075,OPTIMAL
grid_5x5,seed_milpsnap_grid5x5_k10.json,430,25,40,75,36.0522,7.696583572082397e-05,1.076,OPTIMAL
grid_5x5,seed_milpsnap_grid5x5_k10.json,431,25,40,72,36.0522,7.69658357204351e-05,1.026,OPTIMAL
grid_5x5,seed_milpsnap_grid5x5_k10.json,432,25,40,76,36.0522,7.696583572062955e-05,1.081,OPTIMAL
grid_5x5,seed_milpsnap_grid5x5_k10.json,433,25,40,71,36.0522,7.696583572062955e-05,1.012,OPTIMAL
grid_5x5,seed_milpsnap_grid5x5_k10.json,434,25,40,66,36.0522,7.696583572082397e-05,0.92,OPTIMAL
grid_5x5,seed_milpsnap_grid5x5_k10.json,435,25,40,69,36.0522,7.69658357204351e-05,0.977,OPTIMAL
grid_5x5,seed_milpsnap_grid5x5_k10.json,436,25,40,68,36.0522,7.696583572062955e-05,0.997,OPTIMAL
grid_5x5,seed_milpsnap_grid5x5_k10.json,437,25,40,76,36.0522,7.696583572062955e-05,1.075,OPTIMAL
grid_5x5,seed_milpsnap_grid5x5_k10.json,438,25,40,78,36.0522,7.696583572062955e-05,1.099,OPTIMAL
grid_5x5,seed_milpsnap_grid5x5_k10.json,439,25,40,74,36.0522,0.0,1.027,OPTIMAL
grid_5x5,seed_milpsnap_grid5x5_k10.json,440,25,40,77,36.0522,7.696583572082397e-05,1.087,OPTIMAL
grid_5x5,seed_milpsnap_grid5x5_k10.json,441,25,40,75,36.0522,7.696583572062955e-05,1.051,OPTIMAL
grid_5x5,seed_milpsnap_grid5x5_k10.json,442,25,40,74,36.0522,7.696583572082397e-05,1.071,OPTIMAL
grid_5x5,seed_milpsnap_grid5x5_k10.json,443,25,40,75,36.0522,7.69658357204351e-05,1.037,OPTIMAL
grid_5x5,seed_milpsnap_grid5x5_k10.json,444,25,40,77,36.0522,7.696583572082397e-05,1.119,OPTIMAL
grid_5x5,seed_milpsnap_grid5x5_k10.json,445,25,40,76,36.0522,7.696583572062952e-05,1.049,OPTIMAL
grid_5x5,seed_milpsnap_grid5x5_k10.json,446,25,40,77,36.0522,7.696583572082397e-05,1.074,OPTIMAL
grid_5x5,seed_milpsnap_grid5x5_k10.json,447,25,40,74,36.0522,7.69658357204351e-05,1.057,OPTIMAL
grid_5x5,seed_milpsnap_grid5x5_k10.json,448,25,40,78,36.0522,7.696583572082397e-05,1.068,OPTIMAL
grid_5x5,seed_milpsnap_grid5x5_k10.json,449,25,40,82,36.0522,7.69658357204351e-05,1.2,OPTIMAL
grid_5x5,seed_milpsnap_grid5x5_k10.json,450,25,40,81,36.0522,7.69658357204351e-05,1.209,OPTIMAL
grid_5x5,seed_milpsnap_grid5x5_k10.json,451,25,40,82,36.0522,7.69658357204351e-05,1.225,OPTIMAL
grid_5x5,seed_milpsnap_grid5x5_k10.json,452,25,40,79,36.0522,7.696583572062955e-05,1.153,OPTIMAL
grid_5x5,seed_milpsnap_grid5x5_k10.json,453,25,40,77,36.0522,7.69658357204351e-05,1.065,OPTIMAL
grid_5x5,seed_milpsnap_grid5x5_k10.json,454,25,40,1,84.0167,0.0,0.009,OPTIMAL
grid_5x5,seed_milpsnap_grid5x5_k10.json,455,25,40,5,56.0374,0.0,0.061,OPTIMAL
grid_5x5,seed_milpsnap_grid5x5_k10.json,456,25,40,7,52.0404,4.561055428234906e-05,0.082,OPTIMAL
grid_5x5,seed_milpsnap_grid5x5_k10.json,457,25,40,13,44.0463,0.0,0.126,OPTIMAL
grid_5x5,seed_milpsnap_grid5x5_k10.json,458,25,40,19,40.0492,0.0,0.133,OPTIMAL
grid_5x5,seed_milpsnap_grid5x5_k10.json,459,25,40,29,36.0522,0.0,0.358,OPTIMAL
grid_5x5,seed_milpsnap_grid5x5_k10.json,460,25,40,35,36.0522,7.696583572082397e-05,0.39,OPTIMAL
grid_5x5,seed_milpsnap_grid5x5_k10.json,461,25,40,46,36.0522,7.696583572062955e-05,0.568,OPTIMAL
grid_5x5,seed_milpsnap_grid5x5_k10.json,462,25,40,49,36.0522,7.696583572062955e-05,0.656,OPTIMAL
grid_5x5,seed_milpsnap_grid5x5_k10.json,463,25,40,53,36.0522,7.696583572062955e-05,0.744,OPTIMAL
grid_5x5,seed_milpsnap_grid5x5_k10.json,464,25,40,55,36.0522,7.696583572062955e-05,0.77,OPTIMAL
grid_5x5,seed_milpsnap_grid5x5_k10.json,465,25,40,60,36.0522,7.696583572082397e-05,0.869,OPTIMAL
grid_5x5,seed_milpsnap_grid5x5_k10.json,466,25,40,67,36.0522,7.69658357204351e-05,0.925,OPTIMAL
grid_5x5,seed_milpsnap_grid5x5_k10.json,467,25,40,71,36.0522,7.696583572082397e-05,0.992,OPTIMAL
grid_5x5,seed_milpsnap_grid5x5_k10.json,468,25,40,76,36.0522,7.696583572062955e-05,1.068,OPTIMAL
grid_5x5,seed_milpsnap_grid5x5_k10.json,469,25,40,78,36.0522,7.696583572062952e-05,1.109,OPTIMAL
grid_5x5,seed_milpsnap_grid5x5_k10.json,470,25,40,80,36.0522,7.69658357204351e-05,1.195,OPTIMAL
grid_5x5,seed_milpsnap_grid5x5_k10.json,471,25,40,82,36.0522,7.69658357204351e-05,1.161,OPTIMAL
grid_5x5,seed_milpsnap_grid5x5_k10.json,472,25,40,79,36.0522,7.69658357204351e-05,1.137,OPTIMAL
grid_5x5,seed_milpsnap_grid5x5_k10.json,473,25,40,82,36.0522,7.69658357204351e-05,1.225,OPTIMAL
grid_5x5,seed_milpsnap_grid5x5_k10.json,474,25,40,75,36.0522,7.696583572082397e-05,1.089,OPTIMAL
grid_5x5,seed_milpsnap_grid5x5_k10.json,475,25,40,77,36.0522,7.69658357204351e-05,1.101,OPTIMAL
grid_5x5,seed_milpsnap_grid5x5_k10.json,476,25,40,71,36.0522,7.696583572062952e-05,0.991,OPTIMAL
grid_5x5,seed_milpsnap_grid5x5_k10.json,477,25,40,76,36.0522,7.696583572062955e-05,1.107,OPTIMAL
grid_5x5,seed_milpsnap_grid5x5_k10.json,478,25,40,75,36.0522,7.696583572062955e-05,1.08,OPTIMAL
grid_5x5,seed_milpsnap_grid5x5_k10.json,479,25,40,80,36.0522,7.69658357204351e-05,1.125,OPTIMAL
grid_5x5,seed_milpsnap_grid5x5_k10.json,480,25,40,81,36.0522,7.696583572082397e-05,1.186,OPTIMAL
grid_5x5,seed_milpsnap_grid5x5_k10.json,481,25,40,81,36.0522,7.696583572062952e-05,1.179,OPTIMAL
grid_5x5,seed_milpsnap_grid5x5_k10.json,482,25,40,84,36.0522,7.696583572062955e-05,1.29,OPTIMAL
grid_5x5,seed_milpsnap_grid5x5_k10.json,483,25,40,85,36.0522,7.696583572062955e-05,1.321,OPTIMAL
grid_5x5,seed_milpsnap_grid5x5_k10.json,484,25,40,88,36.0522,7.696583572082397e-05,1.388,OPTIMAL
grid_5x5,seed_milpsnap_grid5x5_k10.json,485,25,40,87,36.0522,7.696583572062955e-05,1.305,OPTIMAL
grid_5x5,seed_milpsnap_grid5x5_k10.json,486,25,40,89,36.0522,7.696583572062955e-05,1.272,OPTIMAL
grid_5x5,seed_milpsnap_grid5x5_k10.json,487,25,40,91,36.0522,7.696583572062955e-05,1.217,OPTIMAL
grid_5x5,seed_milpsnap_grid5x5_k10.json,488,25,40,91,36.0522,7.696583572082397e-05,1.239,OPTIMAL
grid_5x5,seed_milpsnap_grid5x5_k10.json,489,25,40,92,36.0522,7.696583572062955e-05,1.453,OPTIMAL
grid_5x5,seed_milpsnap_grid5x5_k10.json,490,25,40,88,36.0522,7.696583572062955e-05,1.522,OPTIMAL
grid_5x5,seed_milpsnap_grid5x5_k10.json,491,25,40,85,36.0522,7.696583572062955e-05,1.485,OPTIMAL
grid_5x5,seed_milpsnap_grid5x5_k10.json,492,25,40,80,36.0522,7.696583572062955e-05,1.389,OPTIMAL
grid_5x5,seed_milpsnap_grid5x5_k10.json,493,25,40,79,36.0522,7.696583572062955e-05,1.213,OPTIMAL
grid_5x5,seed_milpsnap_grid5x5_k10.json,494,25,40,75,36.0522,7.69658357204351e-05,1.299,OPTIMAL
grid_5x5,seed_milpsnap_grid5x5_k10.json,495,25,40,74,36.0522,7.696583572062955e-05,1.324,OPTIMAL
grid_5x5,seed_milpsnap_grid5x5_k10.json,496,25,40,80,36.0522,7.696583572082397e-05,1.607,OPTIMAL
grid_5x5,seed_milpsnap_grid5x5_k10.json,497,25,40,75,36.0522,7.696583572062955e-05,1.148,OPTIMAL
grid_5x5,seed_milpsnap_grid5x5_k10.json,498,25,40,74,36.0522,7.696583572082397e-05,1.093,OPTIMAL
grid_5x5,seed_milpsnap_grid5x5_k10.json,499,25,40,75,36.0522,7.696583572062955e-05,1.098,OPTIMAL
grid_5x5,seed_milpsnap_grid5x5_k10.json,500,25,40,74,36.0522,7.696583572062955e-05,1.02,OPTIMAL
grid_5x5,seed_milpsnap_grid5x5_k10.json,501,25,40,73,36.0522,7.696583572082397e-05,1.048,OPTIMAL
grid_5x5,seed_milpsnap_grid5x5_k10.json,502,25,40,73,36.0522,7.69658357204351e-05,1.033,OPTIMAL
grid_5x5,seed_milpsnap_grid5x5_k10.json,503,25,40,69,36.0522,7.69658357204351e-05,0.989,OPTIMAL
grid_5x5,seed_milpsnap_grid5x5_k10.json,504,25,40,70,36.0522,7.696583572082397e-05,1.006,OPTIMAL
grid_5x5,seed_milpsnap_grid5x5_k10.json,505,25,40,74,36.0522,7.696583572062955e-05,1.08,OPTIMAL
grid_5x5,seed_milpsnap_grid5x5_k10.json,506,25,40,74,36.0522,7.696583572062955e-05,1.035,OPTIMAL
grid_5x5,seed_milpsnap_grid5x5_k10.json,507,25,40,75,36.0522,7.696583572062952e-05,1.1,OPTIMAL
grid_5x5,seed_milpsnap_grid5x5_k10.json,508,25,40,79,36.0522,7.696583572082397e-05,1.109,OPTIMAL
grid_5x5,seed_milpsnap_grid5x5_k10.json,509,25,40,82,36.0522,7.69658357204351e-05,1.205,OPTIMAL
grid_5x5,seed_milpsnap_grid5x5_k10.json,510,25,40,83,36.0522,7.69658357204351e-05,1.228,OPTIMAL
grid_5x5,seed_milpsnap_grid5x5_k10.json,511,25,40,76,36.0522,7.696583572062955e-05,1.07,OPTIMAL
grid_5x5,seed_milpsnap_grid5x5_k10.json,512,25,40,81,36.0522,7.696583572062955e-05,1.153,OPTIMAL
grid_5x5,seed_milpsnap_grid5x5_k10.json,513,25,40,77,36.0522,7.696583572062955e-05,1.106,OPTIMAL
grid_5x5,seed_milpsnap_grid5x5_k10.json,514,25,40,78,36.0522,0.0,1.109,OPTIMAL
grid_5x5,seed_milpsnap_grid5x5_k10.json,515,25,40,77,36.0522,7.69658357204351e-05,1.081,OPTIMAL
grid_5x5,seed_milpsnap_grid5x5_k10.json,516,25,40,74,36.0522,7.696583572062955e-05,1.05,OPTIMAL
grid_5x5,seed_milpsnap_grid5x5_k10.json,517,25,40,71,36.0522,7.696583572062955e-05,0.981,OPTIMAL
grid_5x5,seed_milpsnap_grid5x5_k10.json,518,25,40,71,36.0522,7.696583572082397e-05,1.014,OPTIMAL
grid_5x5,seed_milpsnap_grid5x5_k10.json,519,25,40,67,36.0522,7.696583572062955e-05,0.952,OPTIMAL
grid_5x5,seed_milpsnap_grid5x5_k10.json,520,25,40,63,36.0522,7.696583572082397e-05,0.838,OPTIMAL
grid_5x5,seed_milpsnap_grid5x5_k10.json,521,25,40,61,36.0522,7.696583572062955e-05,0.843,OPTIMAL
grid_5x5,seed_milpsnap_grid5x5_k10.json,522,25,40,62,36.0522,7.69658357204351e-05,0.831,OPTIMAL
grid_5x5,seed_milpsnap_grid5x5_k10.json,523,25,40,62,36.0522,7.696583572062952e-05,0.836,OPTIMAL
grid_5x5,seed_milpsnap_grid5x5_k10.json,524,25,40,63,36.0522,7.696583572082397e-05,0.887,OPTIMAL
grid_5x5,seed_milpsnap_grid5x5_k10.json,525,25,40,58,36.0522,7.696583572082397e-05,0.784,OPTIMAL
grid_5x5,seed_milpsnap_grid5x5_k10.json,526,25,40,56,36.0522,7.696583572062955e-05,0.77,OPTIMAL
grid_5x5,seed_milpsnap_grid5x5_k10.json,527,25,40,53,36.0522,7.696583572082397e-05,0.751,OPTIMAL
grid_5x5,seed_milpsnap_grid5x5_k10.json,528,25,40,54,36.0522,7.696583572082397e-05,0.746,OPTIMAL
grid_5x5,seed_milpsnap_grid5x5_k10.json,529,25,40,52,40.0492,0.0,0.492,OPTIMAL
grid_5x5,seed_milpsnap_grid5x5_k10.json,530,25,40,58,36.0522,7.69658357204351e-05,0.785,OPTIMAL
grid_5x5,seed_milpsnap_grid5x5_k10.json,531,25,40,58,36.0522,7.69658357204351e-05,0.791,OPTIMAL
grid_5x5,seed_milpsnap_grid5x5_k10.json,532,25,40,63,36.0522,7.696583572062955e-05,0.842,OPTIMAL
grid_5x5,seed_milpsnap_grid5x5_k10.json,533,25,40,62,36.0522,7.696583572082397e-05,0.858,OPTIMAL
grid_5x5,seed_milpsnap_grid5x5_k10.json,534,25,40,65,36.0522,7.696583572062955e-05,0.9,OPTIMAL
grid_5x5,seed_milpsnap_grid5x5_k10.json,535,25,40,67,36.0522,7.696583572062955e-05,0.922,OPTIMAL
grid_5x5,seed_milpsnap_grid5x5_k10.json,536,25,40,74,36.0522,7.696583572082397e-05,1.063,OPTIMAL
grid_5x5,seed_milpsnap_grid5x5_k10.json,537,25,40,73,36.0522,7.696583572062955e-05,1.076,OPTIMAL
grid_5x5,seed_milpsnap_grid5x5_k10.json,538,25,40,73,36.0522,7.696583572082397e-05,1.05,OPTIMAL
grid_5x5,seed_milpsnap_grid5x5_k10.json,539,25,40,76,36.0522,7.69658357204351e-05,1.053,OPTIMAL
grid_5x5,seed_milpsnap_grid5x5_k10.json,540,25,40,79,36.0522,7.69658357204351e-05,1.115,OPTIMAL
grid_5x5,seed_milpsnap_grid5x5_k10.json,541,25,40,80,36.0522,7.696583572082397e-05,1.191,OPTIMAL
grid_5x5,seed_milpsnap_grid5x5_k10.json,542,25,40,85,36.0522,7.696583572062955e-05,1.337,OPTIMAL
grid_5x5,seed_milpsnap_grid5x5_k10.json,543,25,40,87,36.0522,7.69658357204351e-05,1.292,OPTIMAL
grid_5x5,seed_milpsnap_grid5x5_k10.json,544,25,40,83,36.0522,7.69658357204351e-05,1.206,OPTIMAL
grid_5x5,seed_milpsnap_grid5x5_k10.json,545,25,40,82,36.0522,0.0,1.186,OPTIMAL
grid_5x5,seed_milpsnap_grid5x5_k10.json,546,25,40,87,36.0522,7.696583572082397e-05,1.374,OPTIMAL
grid_5x5,seed_milpsnap_grid5x5_k10.json,547,25,40,84,36.0522,7.696583572062955e-05,1.317,OPTIMAL
grid_5x5,seed_milpsnap_grid5x5_k10.json,548,25,40,85,36.0522,7.696583572062955e-05,1.381,OPTIMAL
grid_5x5,seed_milpsnap_grid5x5_k10.json,549,25,40,85,36.0522,7.696583572062955e-05,1.312,OPTIMAL
grid_5x5,seed_milpsnap_grid5x5_k10.json,550,25,40,90,36.0522,7.696583572062955e-05,1.258,OPTIMAL
grid_5x5,seed_milpsnap_grid5x5_k10.json,551,25,40,84,36.0522,7.696583572062955e-05,1.308,OPTIMAL
grid_5x5,seed_milpsnap_grid5x5_k10.json,552,25,40,86,36.0522,0.0,1.322,OPTIMAL
grid_5x5,seed_milpsnap_grid5x5_k10.json,553,25,40,84,36.0522,7.696583572082397e-05,1.326,OPTIMAL
grid_5x5,seed_milpsnap_grid5x5_k10.json,554,25,40,83,36.0522,7.696583572062955e-05,1.252,OPTIMAL
grid_5x5,seed_milpsnap_grid5x5_k10.json,555,25,40,86,36.0522,7.696583572062955e-05,1.386,OPTIMAL
grid_5x5,seed_milpsnap_grid5x5_k10.json,556,25,40,88,36.0522,7.696583572062955e-05,1.328,OPTIMAL
grid_5x5,seed_milpsnap_grid5x5_k10.json,557,25,40,84,36.0522,7.696583572062955e-05,1.34,OPTIMAL
grid_5x5,seed_milpsnap_grid5x5_k10.json,558,25,40,83,36.0522,7.696583572082397e-05,1.334,OPTIMAL
grid_5x5,seed_milpsnap_grid5x5_k10.json,559,25,40,83,36.0522,7.696583572082397e-05,1.22,OPTIMAL
grid_5x5,seed_milpsnap_grid5x5_k10.json,560,25,40,80,36.0522,7.696583572082397e-05,1.163,OPTIMAL
grid_5x5,seed_milpsnap_grid5x5_k10.json,561,25,40,77,36.0522,7.696583572082397e-05,1.105,OPTIMAL
grid_5x5,seed_milpsnap_grid5x5_k10.json,562,25,40,79,36.0522,7.696583572082397e-05,1.118,OPTIMAL
grid_5x5,seed_milpsnap_grid5x5_k10.json,563,25,40,74,36.0522,7.69658357204351e-05,1.006,OPTIMAL
grid_5x5,seed_milpsnap_grid5x5_k10.json,564,25,40,76,36.0522,7.696583572082397e-05,1.096,OPTIMAL
grid_5x5,seed_milpsnap_grid5x5_k10.json,565,25,40,70,36.0522,7.696583572082397e-05,0.988,OPTIMAL
grid_5x5,seed_milpsnap_grid5x5_k10.json,566,25,40,75,36.0522,7.696583572062952e-05,1.067,OPTIMAL
grid_5x5,seed_milpsnap_grid5x5_k10.json,567,25,40,72,36.0522,7.696583572062955e-05,1.01,OPTIMAL
grid_5x5,seed_milpsnap_grid5x5_k10.json,568,25,40,73,36.0522,7.696583572062955e-05,1.04,OPTIMAL
grid_5x5,seed_milpsnap_grid5x5_k10.json,569,25,40,69,36.0522,7.696583572062955e-05,0.957,OPTIMAL
grid_5x5,seed_milpsnap_grid5x5_k10.json,570,25,40,70,36.0522,7.696583572062955e-05,0.999,OPTIMAL
grid_5x5,seed_milpsnap_grid5x5_k10.json,571,25,40,70,36.0522,7.69658357204351e-05,0.943,OPTIMAL
grid_5x5,seed_milpsnap_grid5x5_k10.json,572,25,40,70,36.0522,7.696583572062952e-05,0.986,OPTIMAL
grid_5x5,seed_milpsnap_grid5x5_k10.json,573,25,40,75,36.0522,7.696583572082397e-05,1.067,OPTIMAL
grid_5x5,seed_milpsnap_grid5x5_k10.json,574,25,40,76,36.0522,7.696583572082397e-05,1.041,OPTIMAL
grid_5x5,seed_milpsnap_grid5x5_k10.json,575,25,40,76,36.0522,7.696583572062955e-05,1.065,OPTIMAL
grid_5x5,seed_milpsnap_grid5x5_k10.json,576,25,40,75,36.0522,7.69658357204351e-05,1.065,OPTIMAL
grid_5x5,seed_milpsnap_grid5x5_k10.json,577,25,40,74,36.0522,7.69658357204351e-05,1.043,OPTIMAL
grid_5x5,seed_milpsnap_grid5x5_k10.json,578,25,40,83,36.0522,7.696583572062955e-05,1.272,OPTIMAL
grid_5x5,seed_milpsnap_grid5x5_k10.json,579,25,40,83,36.0522,7.696583572062955e-05,1.344,OPTIMAL
grid_5x5,seed_milpsnap_grid5x5_k10.json,580,25,40,82,36.0522,7.696583572082397e-05,1.206,OPTIMAL
grid_5x5,seed_milpsnap_grid5x5_k10.json,581,25,40,79,36.0522,7.696583572062955e-05,1.114,OPTIMAL
grid_5x5,seed_milpsnap_grid5x5_k10.json,582,25,40,82,36.0522,7.696583572082397e-05,1.149,OPTIMAL
grid_5x5,seed_milpsnap_grid5x5_k10.json,583,25,40,87,36.0522,7.696583572062955e-05,1.341,OPTIMAL
grid_5x5,seed_milpsnap_grid5x5_k10.json,584,25,40,90,36.0522,7.696583572082397e-05,1.191,OPTIMAL
grid_5x5,seed_milpsnap_grid5x5_k10.json,585,25,40,85,36.0522,7.696583572062955e-05,1.33,OPTIMAL
grid_5x5,seed_milpsnap_grid5x5_k10.json,586,25,40,87,36.0522,7.69658357204351e-05,1.27,OPTIMAL
grid_5x5,seed_milpsnap_grid5x5_k10.json,587,25,40,86,36.0522,7.696583572062955e-05,1.348,OPTIMAL
grid_5x5,seed_milpsnap_grid5x5_k10.json,588,25,40,83,36.0522,7.696583572062952e-05,1.179,OPTIMAL
grid_5x5,seed_milpsnap_grid5x5_k10.json,589,25,40,85,36.0522,7.696583572062955e-05,1.338,OPTIMAL
grid_5x5,seed_milpsnap_grid5x5_k10.json,590,25,40,84,36.0522,7.696583572062955e-05,1.327,OPTIMAL
grid_5x5,seed_milpsnap_grid5x5_k10.json,591,25,40,89,36.0522,7.696583572062955e-05,1.265,OPTIMAL
grid_5x5,seed_milpsnap_grid5x5_k10.json,592,25,40,88,36.0522,7.696583572062955e-05,1.298,OPTIMAL
grid_5x5,seed_milpsnap_grid5x5_k10.json,593,25,40,87,36.0522,7.696583572062955e-05,1.267,OPTIMAL
grid_5x5,seed_milpsnap_grid5x5_k10.json,594,25,40,83,36.0522,7.696583572082397e-05,1.28,OPTIMAL
grid_5x5,seed_milpsnap_grid5x5_k10.json,595,25,40,82,36.0522,7.696583572082397e-05,1.213,OPTIMAL
grid_5x5,seed_milpsnap_grid5x5_k10.json,596,25,40,84,36.0522,7.696583572062955e-05,1.332,OPTIMAL
grid_5x5,seed_milpsnap_grid5x5_k10.json,597,25,40,80,36.0522,7.696583572082397e-05,1.186,OPTIMAL
grid_5x5,seed_milpsnap_grid5x5_k10.json,598,25,40,75,36.0522,7.696583572082397e-05,1.111,OPTIMAL
grid_5x5,seed_milpsnap_grid5x5_k10.json,599,25,40,71,36.0522,7.696583572062955e-05,0.995,OPTIMAL
grid_5x5,seed_milpsnap_grid5x5_k10.json,600,25,40,72,36.0522,7.696583572062955e-05,1.077,OPTIMAL
grid_5x5,seed_milpsnap_grid5x5_k10.json,601,25,40,69,36.0522,0.0,1.012,OPTIMAL
grid_5x5,seed_milpsnap_grid5x5_k10.json,602,25,40,68,36.0522,7.69658357204351e-05,0.986,OPTIMAL
grid_5x5,seed_milpsnap_grid5x5_k10.json,603,25,40,66,36.0522,7.696583572082397e-05,0.891,OPTIMAL
grid_5x5,seed_milpsnap_grid5x5_k10.json,604,25,40,67,36.0522,7.69658357204351e-05,0.936,OPTIMAL
grid_5x5,seed_milpsnap_grid5x5_k10.json,605,25,40,1,72.0256,0.0,0.015,OPTIMAL
grid_5x5,seed_milpsnap_grid5x5_k10.json,606,25,40,5,56.0374,0.0,0.056,OPTIMAL
grid_5x5,seed_milpsnap_grid5x5_k10.json,607,25,40,11,44.0463,0.0,0.076,OPTIMAL
grid_5x5,seed_milpsnap_grid5x5_k10.json,608,25,40,17,40.0492,0.0,0.155,OPTIMAL
grid_5x5,seed_milpsnap_grid5x5_k10.json,609,25,40,19,40.0492,0.0,0.175,OPTIMAL
grid_5x5,seed_milpsnap_grid5x5_k10.json,610,25,40,25,36.0522,7.696583572140731e-05,0.297,OPTIMAL
grid_5x5,seed_milpsnap_grid5x5_k10.json,611,25,40,30,36.0522,0.0,0.374,OPTIMAL
grid_5x5,seed_milpsnap_grid5x5_k10.json,612,25,40,33,36.0522,7.696583572082397e-05,0.389,OPTIMAL
grid_5x5,seed_milpsnap_grid5x5_k10.json,613,25,40,35,36.0522,7.696583572062955e-05,0.398,OPTIMAL
grid_5x5,seed_milpsnap_grid5x5_k10.json,614,25,40,43,36.0522,0.0,0.574,OPTIMAL
grid_5x5,seed_milpsnap_grid5x5_k10.json,615,25,40,46,36.0522,0.0,0.712,OPTIMAL
grid_5x5,seed_milpsnap_grid5x5_k10.json,616,25,40,50,36.0522,7.696583572062955e-05,0.688,OPTIMAL
grid_5x5,seed_milpsnap_grid5x5_k10.json,617,25,40,51,36.0522,0.0,0.681,OPTIMAL
grid_5x5,seed_milpsnap_grid5x5_k10.json,618,25,40,56,36.0522,7.696583572062955e-05,0.789,OPTIMAL
grid_5x5,seed_milpsnap_grid5x5_k10.json,619,25,40,61,36.0522,7.69658357204351e-05,0.876,OPTIMAL
grid_5x5,seed_milpsnap_grid5x5_k10.json,620,25,40,63,36.0522,7.696583572062955e-05,0.847,OPTIMAL
grid_5x5,seed_milpsnap_grid5x5_k10.json,621,25,40,62,36.0522,7.696583572062955e-05,0.908,OPTIMAL
grid_5x5,seed_milpsnap_grid5x5_k10.json,622,25,40,59,36.0522,7.696583572062955e-05,0.845,OPTIMAL
grid_5x5,seed_milpsnap_grid5x5_k10.json,623,25,40,59,36.0522,0.0,0.83,OPTIMAL
grid_5x5,seed_milpsnap_grid5x5_k10.json,624,25,40,64,36.0522,7.696583572062952e-05,0.882,OPTIMAL
grid_5x5,seed_milpsnap_grid5x5_k10.json,625,25,40,67,36.0522,7.696583572062955e-05,0.975,OPTIMAL
grid_5x5,seed_milpsnap_grid5x5_k10.json,626,25,40,66,36.0522,7.69658357204351e-05,0.949,OPTIMAL
grid_5x5,seed_milpsnap_grid5x5_k10.json,627,25,40,69,36.0522,7.696583572062955e-05,1.02,OPTIMAL
grid_5x5,seed_milpsnap_grid5x5_k10.json,628,25,40,71,36.0522,7.69658357204351e-05,1.015,OPTIMAL
grid_5x5,seed_milpsnap_grid5x5_k10.json,629,25,40,66,36.0522,7.696583572062955e-05,0.958,OPTIMAL
grid_5x5,seed_milpsnap_grid5x5_k10.json,630,25,40,68,36.0522,7.696583572062955e-05,0.975,OPTIMAL
grid_5x5,seed_milpsnap_grid5x5_k10.json,631,25,40,67,36.0522,7.696583572062955e-05,0.956,OPTIMAL
grid_5x5,seed_milpsnap_grid5x5_k10.json,632,25,40,72,36.0522,7.696583572062955e-05,1.018,OPTIMAL
grid_5x5,seed_milpsnap_grid5x5_k10.json,633,25,40,72,36.0522,7.696583572062952e-05,1.012,OPTIMAL
grid_5x5,seed_milpsnap_grid5x5_k10.json,634,25,40,70,36.0522,7.696583572082397e-05,0.977,OPTIMAL
grid_5x5,seed_milpsnap_grid5x5_k10.json,635,25,40,70,36.0522,7.696583572062952e-05,1.033,OPTIMAL
grid_5x5,seed_milpsnap_grid5x5_k10.json,636,25,40,70,36.0522,7.696583572082397e-05,0.995,OPTIMAL
grid_5x5,seed_milpsnap_grid5x5_k10.json,637,25,40,68,36.0522,7.696583572062955e-05,0.934,OPTIMAL
grid_5x5,seed_milpsnap_grid5x5_k10.json,638,25,40,69,36.0522,7.696583572082397e-05,0.918,OPTIMAL
grid_5x5,seed_milpsnap_grid5x5_k10.json,639,25,40,64,40.0492,0.0,0.751,OPTIMAL
grid_5x5,seed_milpsnap_grid5x5_k10.json,640,25,40,57,36.0522,7.696583572062955e-05,0.791,OPTIMAL
grid_5x5,seed_milpsnap_grid5x5_k10.json,641,25,40,59,36.0522,7.696583572062955e-05,0.804,OPTIMAL
grid_5x5,seed_milpsnap_grid5x5_k10.json,642,25,40,56,36.0522,7.696583572062955e-05,0.764,OPTIMAL
grid_5x5,seed_milpsnap_grid5x5_k10.json,643,25,40,56,36.0522,7.696583572062955e-05,0.776,OPTIMAL
grid_5x5,seed_milpsnap_grid5x5_k10.json,644,25,40,55,36.0522,7.696583572062955e-05,0.758,OPTIMAL
grid_5x5,seed_milpsnap_grid5x5_k10.json,645,25,40,55,36.0522,7.696583572062955e-05,0.802,OPTIMAL
grid_5x5,seed_milpsnap_grid5x5_k10.json,646,25,40,56,36.0522,7.696583572062955e-05,0.763,OPTIMAL
grid_5x5,seed_milpsnap_grid5x5_k10.json,647,25,40,57,36.0522,7.696583572062955e-05,0.774,OPTIMAL
grid_5x5,seed_milpsnap_grid5x5_k10.json,648,25,40,55,36.0522,7.696583572062955e-05,0.756,OPTIMAL
grid_5x5,seed_milpsnap_grid5x5_k10.json,649,25,40,57,36.0522,7.696583572062955e-05,0.804,OPTIMAL
grid_5x5,seed_milpsnap_grid5x5_k10.json,650,25,40,57,36.0522,7.696583572062955e-05,0.783,OPTIMAL
grid_5x5,seed_milpsnap_grid5x5_k10.json,651,25,40,60,36.0522,7.69658357204351e-05,0.805,OPTIMAL
grid_5x5,seed_milpsnap_grid5x5_k10.json,652,25,40,62,36.0522,7.69658357204351e-05,0.857,OPTIMAL
grid_5x5,seed_milpsnap_grid5x5_k10.json,653,25,40,58,36.0522,7.696583572062952e-05,0.837,OPTIMAL
grid_5x5,seed_milpsnap_grid5x5_k10.json,654,25,40,59,36.0522,7.696583572062955e-05,0.84,OPTIMAL
grid_5x5,seed_milpsnap_grid5x5_k10.json,655,25,40,65,36.0522,7.69658357204351e-05,0.899,OPTIMAL
grid_5x5,seed_milpsnap_grid5x5_k10.json,656,25,40,62,36.0522,7.69658357204351e-05,0.851,OPTIMAL
grid_5x5,seed_milpsnap_grid5x5_k10.json,657,25,40,64,36.0522,7.69658357204351e-05,0.885,OPTIMAL
grid_5x5,seed_milpsnap_grid5x5_k10.json,658,25,40,66,36.0522,7.69658357204351e-05,0.928,OPTIMAL
grid_5x5,seed_milpsnap_grid5x5_k10.json,659,25,40,73,36.0522,7.696583572062955e-05,1.064,OPTIMAL
grid_5x5,seed_milpsnap_grid5x5_k10.json,660,25,40,75,36.0522,7.69658357204351e-05,1.089,OPTIMAL
grid_5x5,seed_milpsnap_grid5x5_k10.json,661,25,40,77,36.0522,7.696583572062955e-05,1.088,OPTIMAL
grid_5x5,seed_milpsnap_grid5x5_k10.json,662,25,40,75,36.0522,7.696583572062955e-05,1.064,OPTIMAL
grid_5x5,seed_milpsnap_grid5x5_k10.json,663,25,40,76,36.0522,7.69658357204351e-05,1.068,OPTIMAL
grid_5x5,seed_milpsnap_grid5x5_k10.json,664,25,40,76,36.0522,7.696583572062955e-05,1.104,OPTIMAL
grid_5x5,seed_milpsnap_grid5x5_k10.json,665,25,40,80,36.0522,7.696583572082397e-05,1.129,OPTIMAL
grid_5x5,seed_milpsnap_grid5x5_k10.json,666,25,40,84,36.0522,7.696583572062955e-05,1.347,OPTIMAL
grid_5x5,seed_milpsnap_grid5x5_k10.json,667,25,40,86,36.0522,7.696583572062955e-05,1.344,OPTIMAL
grid_5x5,seed_milpsnap_grid5x5_k10.json,668,25,40,90,36.0522,7.696583572062955e-05,1.204,OPTIMAL
grid_5x5,seed_milpsnap_grid5x5_k10.json,669,25,40,93,36.0522,7.696583572062955e-05,1.266,OPTIMAL
grid_5x5,seed_milpsnap_grid5x5_k10.json,670,25,40,93,36.0522,7.696583572062955e-05,1.33,OPTIMAL
grid_5x5,seed_milpsnap_grid5x5_k10.json,671,25,40,94,36.0522,7.696583572062955e-05,1.271,OPTIMAL
grid_5x5,seed_milpsnap_grid5x5_k10.json,672,25,40,93,36.0522,7.696583572082397e-05,1.365,OPTIMAL
grid_5x5,seed_milpsnap_grid5x5_k10.json,673,25,40,92,36.0522,7.696583572062955e-05,1.414,OPTIMAL
grid_5x5,seed_milpsnap_grid5x5_k10.json,674,25,40,89,36.0522,7.696583572062955e-05,1.264,OPTIMAL
grid_5x5,seed_milpsnap_grid5x5_k10.json,675,25,40,88,36.0522,7.696583572062955e-05,1.394,OPTIMAL
grid_5x5,seed_milpsnap_grid5x5_k10.json,676,25,40,85,36.0522,7.696583572062955e-05,1.306,OPTIMAL
grid_5x5,seed_milpsnap_grid5x5_k10.json,677,25,40,85,36.0522,7.696583572062955e-05,1.327,OPTIMAL
grid_5x5,seed_milpsnap_grid5x5_k10.json,678,25,40,89,36.0522,7.696583572062955e-05,1.256,OPTIMAL
grid_5x5,seed_milpsnap_grid5x5_k10.json,679,25,40,90,36.0522,7.696583572062955e-05,1.212,OPTIMAL
grid_5x5,seed_milpsnap_grid5x5_k10.json,680,25,40,87,36.0522,7.696583572062955e-05,1.342,OPTIMAL
grid_5x5,seed_milpsnap_grid5x5_k10.json,681,25,40,85,36.0522,7.696583572062955e-05,1.344,OPTIMAL
grid_5x5,seed_milpsnap_grid5x5_k10.json,682,25,40,89,36.0522,7.696583572062955e-05,1.204,OPTIMAL
grid_5x5,seed_milpsnap_grid5x5_k10.json,683,25,40,87,36.0522,7.696583572082397e-05,1.333,OPTIMAL
grid_5x5,seed_milpsnap_grid5x5_k10.json,684,25,40,88,36.0522,7.696583572062955e-05,1.322,OPTIMAL
grid_5x5,seed_milpsnap_grid5x5_k10.json,685,25,40,92,36.0522,7.696583572082397e-05,1.216,OPTIMAL
grid_5x5,seed_milpsnap_grid5x5_k10.json,686,25,40,95,36.0522,7.696583572082397e-05,1.509,OPTIMAL
grid_5x5,seed_milpsnap_grid5x5_k10.json,687,25,40,100,36.0522,7.696583572062955e-05,1.551,OPTIMAL
grid_5x5,seed_milpsnap_grid5x5_k10.json,688,25,40,95,36.0522,7.696583572082397e-05,1.525,OPTIMAL
grid_5x5,seed_milpsnap_grid5x5_k10.json,689,25,40,97,36.0522,7.696583572082397e-05,1.565,OPTIMAL
grid_5x5,seed_milpsnap_grid5x5_k10.json,690,25,40,95,36.0522,7.696583572062955e-05,1.532,OPTIMAL
grid_5x5,seed_milpsnap_grid5x5_k10.json,691,25,40,98,36.0522,7.696583572062955e-05,1.478,OPTIMAL
grid_5x5,seed_milpsnap_grid5x5_k10.json,692,25,40,99,36.0522,7.696583572062955e-05,1.54,OPTIMAL
grid_5x5,seed_milpsnap_grid5x5_k10.json,693,25,40,93,36.0522,7.696583572062955e-05,1.263,OPTIMAL
grid_5x5,seed_milpsnap_grid5x5_k10.json,694,25,40,97,36.0522,7.696583572082397e-05,1.552,OPTIMAL
grid_5x5,seed_milpsnap_grid5x5_k10.json,695,25,40,99,36.0522,7.696583572082397e-05,1.543,OPTIMAL
grid_5x5,seed_milpsnap_grid5x5_k10.json,696,25,40,93,36.0522,7.696583572082397e-05,1.327,OPTIMAL
grid_5x5,seed_milpsnap_grid5x5_k10.json,697,25,40,89,36.0522,7.696583572062955e-05,1.355,OPTIMAL
grid_5x5,seed_milpsnap_grid5x5_k10.json,698,25,40,89,36.0522,7.696583572062955e-05,1.248,OPTIMAL
grid_5x5,seed_milpsnap_grid5x5_k10.json,699,25,40,89,36.0522,7.696583572062955e-05,1.261,OPTIMAL
grid_5x5,seed_milpsnap_grid5x5_k10.json,700,25,40,83,36.0522,7.696583572062955e-05,1.277,OPTIMAL
grid_5x5,seed_milpsnap_grid5x5_k10.json,701,25,40,82,36.0522,7.69658357204351e-05,1.226,OPTIMAL
grid_5x5,seed_milpsnap_grid5x5_k10.json,702,25,40,77,36.0522,7.696583572062955e-05,1.105,OPTIMAL
grid_5x5,seed_milpsnap_grid5x5_k10.json,703,25,40,84,36.0522,7.696583572062955e-05,1.317,OPTIMAL
grid_5x5,seed_milpsnap_grid5x5_k10.json,704,25,40,77,36.0522,7.696583572082397e-05,1.122,OPTIMAL
grid_5x5,seed_milpsnap_grid5x5_k10.json,705,25,40,80,36.0522,7.696583572062955e-05,1.168,OPTIMAL
grid_5x5,seed_milpsnap_grid5x5_k10.json,706,25,40,84,36.0522,7.696583572062955e-05,1.344,OPTIMAL
grid_5x5,seed_milpsnap_grid5x5_k10.json,707,25,40,86,36.0522,7.696583572082397e-05,1.296,OPTIMAL
grid_5x5,seed_milpsnap_grid5x5_k10.json,708,25,40,87,36.0522,7.69658357204351e-05,1.354,OPTIMAL
grid_5x5,seed_milpsnap_grid5x5_k10.json,709,25,40,83,36.0522,7.696583572062955e-05,1.292,OPTIMAL
grid_5x5,seed_milpsnap_grid5x5_k10.json,710,25,40,80,36.0522,7.696583572082397e-05,1.122,OPTIMAL
grid_5x5,seed_milpsnap_grid5x5_k10.json,711,25,40,82,36.0522,7.69658357204351e-05,1.165,OPTIMAL
grid_5x5,seed_milpsnap_grid5x5_k10.json,712,25,40,78,36.0522,7.696583572082397e-05,1.107,OPTIMAL
grid_5x5,seed_milpsnap_grid5x5_k10.json,713,25,40,81,36.0522,7.696583572062955e-05,1.124,OPTIMAL
grid_5x5,seed_milpsnap_grid5x5_k10.json,714,25,40,79,36.0522,7.696583572062952e-05,1.156,OPTIMAL
grid_5x5,seed_milpsnap_grid5x5_k10.json,715,25,40,79,36.0522,7.696583572062955e-05,1.135,OPTIMAL
grid_5x5,seed_milpsnap_grid5x5_k10.json,716,25,40,77,36.0522,7.696583572062955e-05,1.223,OPTIMAL
grid_5x5,seed_milpsnap_grid5x5_k10.json,717,25,40,75,36.0522,7.696583572062952e-05,1.109,OPTIMAL
grid_5x5,seed_milpsnap_grid5x5_k10.json,718,25,40,71,36.0522,7.696583572082397e-05,1.019,OPTIMAL
grid_5x5,seed_milpsnap_grid5x5_k10.json,719,25,40,74,36.0522,7.696583572062955e-05,1.03,OPTIMAL
grid_5x5,seed_milpsnap_grid5x5_k10.json,720,25,40,74,36.0522,7.696583572062955e-05,1.115,OPTIMAL
grid_5x5,seed_milpsnap_grid5x5_k10.json,721,25,40,66,36.0522,7.696583572062952e-05,0.968,OPTIMAL
grid_5x5,seed_milpsnap_grid5x5_k10.json,722,25,40,68,36.0522,7.696583572062952e-05,0.965,OPTIMAL
grid_5x5,seed_milpsnap_grid5x5_k10.json,723,25,40,65,36.0522,7.696583572062952e-05,0.906,OPTIMAL
grid_5x5,seed_milpsnap_grid5x5_k10.json,724,25,40,66,36.0522,7.696583572082397e-05,0.908,OPTIMAL
grid_5x5,seed_milpsnap_grid5x5_k10.json,725,25,40,69,36.0522,7.696583572062955e-05,0.947,OPTIMAL
grid_5x5,seed_milpsnap_grid5x5_k10.json,726,25,40,69,36.0522,7.69658357204351e-05,0.966,OPTIMAL
grid_5x5,seed_milpsnap_grid5x5_k10.json,727,25,40,73,36.0522,7.69658357204351e-05,1.034,OPTIMAL
grid_5x5,seed_milpsnap_grid5x5_k10.json,728,25,40,70,36.0522,7.696583572062952e-05,1.016,OPTIMAL
grid_5x5,seed_milpsnap_grid5x5_k10.json,729,25,40,68,36.0522,7.696583572082397e-05,0.993,OPTIMAL
grid_5x5,seed_milpsnap_grid5x5_k10.json,730,25,40,64,36.0522,7.696583572062955e-05,0.907,OPTIMAL
grid_5x5,seed_milpsnap_grid5x5_k10.json,731,25,40,63,36.0522,7.696583572062955e-05,0.879,OPTIMAL
grid_5x5,seed_milpsnap_grid5x5_k10.json,732,25,40,68,36.0522,7.696583572082397e-05,0.961,OPTIMAL
grid_5x5,seed_milpsnap_grid5x5_k10.json,733,25,40,73,36.0522,7.696583572082397e-05,1.066,OPTIMAL
grid_5x5,seed_milpsnap_grid5x5_k10.json,734,25,40,74,36.0522,7.696583572062952e-05,1.052,OPTIMAL
grid_5x5,seed_milpsnap_grid5x5_k10.json,735,25,40,68,36.0522,7.696583572082397e-05,0.931,OPTIMAL
grid_5x5,seed_milpsnap_grid5x5_k10.json,736,25,40,70,36.0522,7.69658357204351e-05,1.002,OPTIMAL
grid_5x5,seed_milpsnap_grid5x5_k10.json,737,25,40,68,36.0522,7.696583572082397e-05,0.989,OPTIMAL
grid_5x5,seed_milpsnap_grid5x5_k10.json,738,25,40,71,36.0522,7.696583572062955e-05,1.022,OPTIMAL
grid_5x5,seed_milpsnap_grid5x5_k10.json,739,25,40,71,36.0522,7.696583572062955e-05,1.043,OPTIMAL
grid_5x5,seed_milpsnap_grid5x5_k10.json,740,25,40,73,36.0522,7.69658357204351e-05,1.054,OPTIMAL
grid_5x5,seed_milpsnap_grid5x5_k10.json,741,25,40,75,36.0522,7.696583572082397e-05,1.09,OPTIMAL
grid_5x5,seed_milpsnap_grid5x5_k10.json,742,25,40,77,36.0522,7.696583572062955e-05,1.122,OPTIMAL
grid_5x5,seed_milpsnap_grid5x5_k10.json,743,25,40,78,36.0522,7.696583572062952e-05,1.072,OPTIMAL
grid_5x5,seed_milpsnap_grid5x5_k10.json,744,25,40,79,36.0522,7.696583572082397e-05,1.125,OPTIMAL
grid_5x5,seed_milpsnap_grid5x5_k10.json,745,25,40,81,36.0522,7.69658357204351e-05,1.21,OPTIMAL
grid_5x5,seed_milpsnap_grid5x5_k10.json,746,25,40,81,36.0522,7.696583572062952e-05,1.195,OPTIMAL
grid_5x5,seed_milpsnap_grid5x5_k10.json,747,25,40,80,36.0522,7.696583572082397e-05,1.191,OPTIMAL
grid_5x5,seed_milpsnap_grid5x5_k10.json,748,25,40,80,36.0522,7.696583572062955e-05,1.109,OPTIMAL
grid_5x5,seed_milpsnap_grid5x5_k10.json,749,25,40,83,36.0522,7.696583572062955e-05,1.25,OPTIMAL
grid_5x5,seed_milpsnap_grid5x5_k10.json,750,25,40,89,36.0522,7.696583572062955e-05,1.461,OPTIMAL
grid_5x5,seed_milpsnap_grid5x5_k10.json,751,25,40,91,36.0522,7.696583572062955e-05,1.258,OPTIMAL
grid_5x5,seed_milpsnap_grid5x5_k10.json,752,25,40,87,36.0522,9.406935476965832e-05,1.335,OPTIMAL
grid_5x5,seed_milpsnap_grid5x5_k10.json,753,25,40,91,36.0522,7.696583572082397e-05,1.321,OPTIMAL
grid_5x5,seed_milpsnap_grid5x5_k10.json,754,25,40,91,36.0522,7.696583572082397e-05,1.207,OPTIMAL
grid_5x5,seed_milpsnap_grid5x5_k10.json,755,25,40,86,36.0522,7.696583572062955e-05,1.363,OPTIMAL
grid_5x5,seed_milpsnap_grid5x5_k10.json,756,25,40,1,84.0167,0.0,0.012,OPTIMAL
grid_5x5,seed_milpsnap_grid5x5_k10.json,757,25,40,5,56.0423,0.0,0.035,OPTIMAL
grid_5x5,seed_milpsnap_grid5x5_k10.json,758,25,40,8,48.0433,9.472886493772296e-05,0.099,OPTIMAL
grid_5x5,seed_milpsnap_grid5x5_k10.json,759,25,40,13,40.0492,0.0,0.12,OPTIMAL
grid_5x5,seed_milpsnap_grid5x5_k10.json,760,25,40,17,40.0492,0.0,0.124,OPTIMAL
grid_5x5,seed_milpsnap_grid5x5_k10.json,761,25,40,22,36.0522,0.0,0.25,OPTIMAL
grid_5x5,seed_milpsnap_grid5x5_k10.json,762,25,40,28,36.0522,0.0,0.368,OPTIMAL
grid_5x5,seed_milpsnap_grid5x5_k10.json,763,25,40,31,36.0522,7.696583572062955e-05,0.335,OPTIMAL
grid_5x5,seed_milpsnap_grid5x5_k10.json,764,25,40,35,36.0522,0.0,0.464,OPTIMAL
grid_5x5,seed_milpsnap_grid5x5_k10.json,765,25,40,37,36.0522,7.696583572062955e-05,0.435,OPTIMAL
grid_5x5,seed_milpsnap_grid5x5_k10.json,766,25,40,40,36.0522,0.0,0.569,OPTIMAL
grid_5x5,seed_milpsnap_grid5x5_k10.json,767,25,40,44,36.0522,7.696583572082397e-05,0.513,OPTIMAL
grid_5x5,seed_milpsnap_grid5x5_k10.json,768,25,40,50,36.0522,7.696583572062955e-05,0.642,OPTIMAL
grid_5x5,seed_milpsnap_grid5x5_k10.json,769,25,40,54,36.0522,7.696583572062955e-05,0.746,OPTIMAL
grid_5x5,seed_milpsnap_grid5x5_k10.json,770,25,40,60,36.0522,7.696583572062955e-05,0.831,OPTIMAL
grid_5x5,seed_milpsnap_grid5x5_k10.json,771,25,40,61,36.0522,7.696583572062955e-05,0.851,OPTIMAL
grid_5x5,seed_milpsnap_grid5x5_k10.json,772,25,40,68,36.0522,7.69658357204351e-05,0.915,OPTIMAL
grid_5x5,seed_milpsnap_grid5x5_k10.json,773,25,40,70,36.0522,7.69658357204351e-05,0.991,OPTIMAL
grid_5x5,seed_milpsnap_grid5x5_k10.json,774,25,40,66,36.0522,7.696583572062955e-05,0.903,OPTIMAL
grid_5x5,seed_milpsnap_grid5x5_k10.json,775,25,40,70,36.0522,7.696583572062952e-05,1.029,OPTIMAL
grid_5x5,seed_milpsnap_grid5x5_k10.json,776,25,40,67,36.0522,7.696583572082397e-05,0.973,OPTIMAL
grid_5x5,seed_milpsnap_grid5x5_k10.json,777,25,40,68,36.0522,7.69658357204351e-05,0.961,OPTIMAL
grid_5x5,seed_milpsnap_grid5x5_k10.json,778,25,40,70,36.0522,7.696583572082397e-05,0.984,OPTIMAL
grid_5x5,seed_milpsnap_grid5x5_k10.json,779,25,40,69,36.0522,7.696583572082397e-05,0.962,OPTIMAL
grid_5x5,seed_milpsnap_grid5x5_k10.json,780,25,40,73,36.0522,7.696583572062955e-05,1.063,OPTIMAL
grid_5x5,seed_milpsnap_grid5x5_k10.json,781,25,40,74,36.0522,7.696583572062955e-05,1.085,OPTIMAL
grid_5x5,seed_milpsnap_grid5x5_k10.json,782,25,40,75,36.0522,7.696583572082397e-05,1.097,OPTIMAL
grid_5x5,seed_milpsnap_grid5x5_k10.json,783,25,40,77,36.0522,7.696583572082397e-05,1.11,OPTIMAL
grid_5x5,seed_milpsnap_grid5x5_k10.json,784,25,40,79,36.0522,7.696583572082397e-05,1.184,OPTIMAL
grid_5x5,seed_milpsnap_grid5x5_k10.json,785,25,40,77,36.0522,7.696583572062952e-05,1.102,OPTIMAL
grid_5x5,seed_milpsnap_grid5x5_k10.json,786,25,40,81,36.0522,7.696583572062952e-05,1.151,OPTIMAL
grid_5x5,seed_milpsnap_grid5x5_k10.json,787,25,40,73,36.0522,7.696583572062955e-05,1.054,OPTIMAL
grid_5x5,seed_milpsnap_grid5x5_k10.json,788,25,40,71,36.0522,7.696583572082397e-05,1.025,OPTIMAL
grid_5x5,seed_milpsnap_grid5x5_k10.json,789,25,40,75,36.0522,7.696583572062952e-05,1.009,OPTIMAL
grid_5x5,seed_milpsnap_grid5x5_k10.json,790,25,40,71,36.0522,7.69658357204351e-05,0.976,OPTIMAL
grid_5x5,seed_milpsnap_grid5x5_k10.json,791,25,40,75,36.0522,7.696583572062955e-05,1.082,OPTIMAL
grid_5x5,seed_milpsnap_grid5x5_k10.json,792,25,40,77,36.0522,7.696583572062952e-05,1.127,OPTIMAL
grid_5x5,seed_milpsnap_grid5x5_k10.json,793,25,40,79,36.0522,7.69658357204351e-05,1.134,OPTIMAL
grid_5x5,seed_milpsnap_grid5x5_k10.json,794,25,40,77,36.0522,7.69658357204351e-05,1.122,OPTIMAL
grid_5x5,seed_milpsnap_grid5x5_k10.json,795,25,40,76,36.0522,7.696583572062955e-05,1.094,OPTIMAL
grid_5x5,seed_milpsnap_grid5x5_k10.json,796,25,40,75,36.0522,7.69658357204351e-05,1.096,OPTIMAL
grid_5x5,seed_milpsnap_grid5x5_k10.json,797,25,40,77,36.0522,7.696583572062952e-05,1.105,OPTIMAL
grid_5x5,seed_milpsnap_grid5x5_k10.json,798,25,40,74,36.0522,7.696583572082397e-05,1.053,OPTIMAL
grid_5x5,seed_milpsnap_grid5x5_k10.json,799,25,40,71,36.0522,7.696583572062955e-05,0.99,OPTIMAL
grid_5x5,seed_milpsnap_grid5x5_k10.json,800,25,40,71,36.0522,7.69658357204351e-05,1.004,OPTIMAL
grid_5x5,seed_milpsnap_grid5x5_k10.json,801,25,40,66,36.0522,7.696583572082397e-05,0.877,OPTIMAL
grid_5x5,seed_milpsnap_grid5x5_k10.json,802,25,40,68,36.0522,7.69658357204351e-05,0.932,OPTIMAL
grid_5x5,seed_milpsnap_grid5x5_k10.json,803,25,40,68,36.0522,7.696583572082397e-05,0.984,OPTIMAL
grid_5x5,seed_milpsnap_grid5x5_k10.json,804,25,40,67,36.0522,7.696583572062952e-05,0.916,OPTIMAL
grid_5x5,seed_milpsnap_grid5x5_k10.json,805,25,40,66,36.0522,7.696583572082397e-05,0.93,OPTIMAL
grid_5x5,seed_milpsnap_grid5x5_k10.json,806,25,40,66,36.0522,7.69658357204351e-05,0.91,OPTIMAL
grid_5x5,seed_milpsnap_grid5x5_k10.json,807,25,40,61,36.0522,7.696583572082397e-05,0.876,OPTIMAL
grid_5x5,seed_milpsnap_grid5x5_k10.json,808,25,40,61,36.0522,7.696583572082397e-05,0.875,OPTIMAL
grid_5x5,seed_milpsnap_grid5x5_k10.json,809,25,40,65,36.0522,7.696583572082397e-05,0.905,OPTIMAL
grid_5x5,seed_milpsnap_grid5x5_k10.json,810,25,40,63,36.0522,7.696583572062955e-05,0.912,OPTIMAL
grid_5x5,seed_milpsnap_grid5x5_k10.json,811,25,40,64,36.0522,7.696583572062952e-05,0.863,OPTIMAL
grid_5x5,seed_milpsnap_grid5x5_k10.json,812,25,40,59,36.0522,7.696583572062955e-05,0.838,OPTIMAL
grid_5x5,seed_milpsnap_grid5x5_k10.json,813,25,40,58,36.0522,7.696583572082397e-05,0.823,OPTIMAL
grid_5x5,seed_milpsnap_grid5x5_k10.json,814,25,40,57,36.0522,7.696583572062955e-05,0.787,OPTIMAL
grid_5x5,seed_milpsnap_grid5x5_k10.json,815,25,40,57,36.0522,7.696583572062955e-05,0.809,OPTIMAL
grid_5x5,seed_milpsnap_grid5x5_k10.json,816,25,40,58,36.0522,7.696583572062955e-05,0.801,OPTIMAL
grid_5x5,seed_milpsnap_grid5x5_k10.json,817,25,40,58,36.0522,7.696583572082397e-05,0.786,OPTIMAL
grid_5x5,seed_milpsnap_grid5x5_k10.json,818,25,40,57,36.0522,7.696583572062955e-05,0.787,OPTIMAL
grid_5x5,seed_milpsnap_grid5x5_k10.json,819,25,40,57,36.0522,7.696583572062955e-05,0.796,OPTIMAL
grid_5x5,seed_milpsnap_grid5x5_k10.json,820,25,40,56,36.0522,7.696583572062955e-05,0.767,OPTIMAL
grid_5x5,seed_milpsnap_grid5x5_k10.json,821,25,40,56,36.0522,7.696583572062955e-05,0.765,OPTIMAL
grid_5x5,seed_milpsnap_grid5x5_k10.json,822,25,40,53,36.0522,7.696583572062955e-05,0.707,OPTIMAL
grid_5x5,seed_milpsnap_grid5x5_k10.json,823,25,40,54,36.0522,7.696583572062955e-05,0.753,OPTIMAL
grid_5x5,seed_milpsnap_grid5x5_k10.json,824,25,40,54,36.0522,7.696583572062955e-05,0.723,OPTIMAL
grid_5x5,seed_milpsnap_grid5x5_k10.json,825,25,40,55,36.0522,7.696583572062955e-05,0.753,OPTIMAL
grid_5x5,seed_milpsnap_grid5x5_k10.json,826,25,40,56,36.0522,7.696583572082397e-05,0.774,OPTIMAL
grid_5x5,seed_milpsnap_grid5x5_k10.json,827,25,40,57,36.0522,7.696583572062955e-05,0.757,OPTIMAL
grid_5x5,seed_milpsnap_grid5x5_k10.json,828,25,40,55,36.0522,7.696583572062955e-05,0.722,OPTIMAL
grid_5x5,seed_milpsnap_grid5x5_k10.json,829,25,40,61,36.0522,7.696583572062955e-05,0.903,OPTIMAL
grid_5x5,seed_milpsnap_grid5x5_k10.json,830,25,40,60,36.0522,7.696583572062952e-05,0.849,OPTIMAL
grid_5x5,seed_milpsnap_grid5x5_k10.json,831,25,40,63,36.0522,7.696583572062952e-05,0.904,OPTIMAL
grid_5x5,seed_milpsnap_grid5x5_k10.json,832,25,40,65,36.0522,7.696583572062955e-05,0.92,OPTIMAL
grid_5x5,seed_milpsnap_grid5x5_k10.json,833,25,40,68,36.0522,7.69658357204351e-05,1.04,OPTIMAL
grid_5x5,seed_milpsnap_grid5x5_k10.json,834,25,40,66,36.0522,7.696583572062955e-05,0.914,OPTIMAL
grid_5x5,seed_milpsnap_grid5x5_k10.json,835,25,40,69,36.0522,7.696583572062955e-05,0.984,OPTIMAL
grid_5x5,seed_milpsnap_grid5x5_k10.json,836,25,40,68,36.0522,7.696583572082397e-05,0.96,OPTIMAL
grid_5x5,seed_milpsnap_grid5x5_k10.json,837,25,40,70,36.0522,7.696583572062955e-05,0.962,OPTIMAL
grid_5x5,seed_milpsnap_grid5x5_k10.json,838,25,40,69,36.0522,7.696583572082397e-05,0.984,OPTIMAL
grid_5x5,seed_milpsnap_grid5x5_k10.json,839,25,40,68,36.0522,7.696583572082397e-05,0.945,OPTIMAL
grid_5x5,seed_milpsnap_grid5x5_k10.json,840,25,40,71,36.0522,7.696583572062952e-05,1.013,OPTIMAL
grid_5x5,seed_milpsnap_grid5x5_k10.json,841,25,40,74,36.0522,7.696583572062952e-05,1.062,OPTIMAL
grid_5x5,seed_milpsnap_grid5x5_k10.json,842,25,40,76,40.0492,0.0,0.766,OPTIMAL
grid_5x5,seed_milpsnap_grid5x5_k10.json,843,25,40,84,36.0522,7.696583572062955e-05,1.267,OPTIMAL
grid_5x5,seed_milpsnap_grid5x5_k10.json,844,25,40,81,36.0522,7.696583572062952e-05,1.201,OPTIMAL
grid_5x5,seed_milpsnap_grid5x5_k10.json,845,25,40,85,36.0522,7.696583572062955e-05,1.271,OPTIMAL
grid_5x5,seed_milpsnap_grid5x5_k10.json,846,25,40,86,36.0522,7.696583572062955e-05,1.291,OPTIMAL
grid_5x5,seed_milpsnap_grid5x5_k10.json,847,25,40,82,36.0522,7.69658357204351e-05,1.183,OPTIMAL
grid_5x5,seed_milpsnap_grid5x5_k10.json,848,25,40,78,36.0522,7.696583572062952e-05,1.09,OPTIMAL
grid_5x5,seed_milpsnap_grid5x5_k10.json,849,25,40,78,36.0522,7.696583572062952e-05,1.132,OPTIMAL
grid_5x5,seed_milpsnap_grid5x5_k10.json,850,25,40,77,36.0522,7.696583572062955e-05,1.115,OPTIMAL
grid_5x5,seed_milpsnap_grid5x5_k10.json,851,25,40,78,36.0522,7.696583572062955e-05,1.147,OPTIMAL
grid_5x5,seed_milpsnap_grid5x5_k10.json,852,25,40,77,36.0522,7.69658357204351e-05,1.121,OPTIMAL
grid_5x5,seed_milpsnap_grid5x5_k10.json,853,25,40,76,36.0522,7.69658357204351e-05,1.136,OPTIMAL
grid_5x5,seed_milpsnap_grid5x5_k10.json,854,25,40,80,36.0522,7.69658357204351e-05,1.215,OPTIMAL
grid_5x5,seed_milpsnap_grid5x5_k10.json,855,25,40,76,36.0522,7.69658357204351e-05,1.074,OPTIMAL
grid_5x5,seed_milpsnap_grid5x5_k10.json,856,25,40,73,36.0522,7.69658357204351e-05,1.091,OPTIMAL
grid_5x5,seed_milpsnap_grid5x5_k10.json,857,25,40,71,36.0522,7.696583572062955e-05,1.005,OPTIMAL
grid_5x5,seed_milpsnap_grid5x5_k10.json,858,25,40,63,36.0522,7.696583572082397e-05,0.917,OPTIMAL
grid_5x5,seed_milpsnap_grid5x5_k10.json,859,25,40,62,36.0522,7.69658357204351e-05,0.887,OPTIMAL
grid_5x5,seed_milpsnap_grid5x5_k10.json,860,25,40,63,36.0522,7.696583572082397e-05,0.925,OPTIMAL
grid_5x5,seed_milpsnap_grid5x5_k10.json,861,25,40,64,36.0522,7.696583572082397e-05,0.943,OPTIMAL
grid_5x5,seed_milpsnap_grid5x5_k10.json,862,25,40,66,36.0522,7.696583572062952e-05,0.956,OPTIMAL
grid_5x5,seed_milpsnap_grid5x5_k10.json,863,25,40,67,36.0522,7.69658357204351e-05,0.951,OPTIMAL
grid_5x5,seed_milpsnap_grid5x5_k10.json,864,25,40,70,36.0522,7.696583572062952e-05,0.94,OPTIMAL
grid_5x5,seed_milpsnap_grid5x5_k10.json,865,25,40,70,36.0522,7.696583572062955e-05,1.025,OPTIMAL
grid_5x5,seed_milpsnap_grid5x5_k10.json,866,25,40,69,36.0522,7.696583572062952e-05,1.001,OPTIMAL
grid_5x5,seed_milpsnap_grid5x5_k10.json,867,25,40,69,36.0522,7.696583572082397e-05,0.984,OPTIMAL
grid_5x5,seed_milpsnap_grid5x5_k10.json,868,25,40,66,36.0522,7.696583572062955e-05,0.948,OPTIMAL
grid_5x5,seed_milpsnap_grid5x5_k10.json,869,25,40,62,36.0522,7.69658357204351e-05,0.893,OPTIMAL
grid_5x5,seed_milpsnap_grid5x5_k10.json,870,25,40,63,36.0522,7.696583572062955e-05,0.921,OPTIMAL
grid_5x5,seed_milpsnap_grid5x5_k10.json,871,25,40,62,36.0522,7.696583572062952e-05,0.832,OPTIMAL
grid_5x5,seed_milpsnap_grid5x5_k10.json,872,25,40,61,36.0522,7.696583572062952e-05,0.824,OPTIMAL
grid_5x5,seed_milpsnap_grid5x5_k10.json,873,25,40,65,36.0522,7.69658357204351e-05,0.92,OPTIMAL
grid_5x5,seed_milpsnap_grid5x5_k10.json,874,25,40,67,36.0522,7.69658357204351e-05,0.936,OPTIMAL
grid_5x5,seed_milpsnap_grid5x5_k10.json,875,25,40,63,36.0522,7.696583572062955e-05,0.864,OPTIMAL
grid_5x5,seed_milpsnap_grid5x5_k10.json,876,25,40,60,36.0522,7.696583572082397e-05,0.809,OPTIMAL
grid_5x5,seed_milpsnap_grid5x5_k10.json,877,25,40,58,36.0522,7.696583572082397e-05,0.801,OPTIMAL
grid_5x5,seed_milpsnap_grid5x5_k10.json,878,25,40,65,36.0522,7.696583572062955e-05,0.901,OPTIMAL
grid_5x5,seed_milpsnap_grid5x5_k10.json,879,25,40,65,36.0522,7.696583572062955e-05,0.929,OPTIMAL
grid_5x5,seed_milpsnap_grid5x5_k10.json,880,25,40,64,36.0522,7.696583572062955e-05,0.943,OPTIMAL
grid_5x5,seed_milpsnap_grid5x5_k10.json,881,25,40,67,36.0522,7.69658357204351e-05,0.953,OPTIMAL
grid_5x5,seed_milpsnap_grid5x5_k10.json,882,25,40,72,36.0522,7.696583572062952e-05,1.014,OPTIMAL
grid_5x5,seed_milpsnap_grid5x5_k10.json,883,25,40,73,36.0522,7.696583572082397e-05,1.074,OPTIMAL
grid_5x5,seed_milpsnap_grid5x5_k10.json,884,25,40,71,36.0522,0.0,1.007,OPTIMAL
grid_5x5,seed_milpsnap_grid5x5_k10.json,885,25,40,71,36.0522,7.69658357204351e-05,1.001,OPTIMAL
grid_5x5,seed_milpsnap_grid5x5_k10.json,886,25,40,75,36.0522,7.696583572082397e-05,1.036,OPTIMAL
grid_5x5,seed_milpsnap_grid5x5_k10.json,887,25,40,75,36.0522,7.696583572062952e-05,1.069,OPTIMAL
grid_5x5,seed_milpsnap_grid5x5_k10.json,888,25,40,72,36.0522,7.69658357204351e-05,1.029,OPTIMAL
grid_5x5,seed_milpsnap_grid5x5_k10.json,889,25,40,73,36.0522,7.696583572062955e-05,1.023,OPTIMAL
grid_5x5,seed_milpsnap_grid5x5_k10.json,890,25,40,76,36.0522,7.69658357204351e-05,1.086,OPTIMAL
grid_5x5,seed_milpsnap_grid5x5_k10.json,891,25,40,84,36.0522,7.696583572062955e-05,1.32,OPTIMAL
grid_5x5,seed_milpsnap_grid5x5_k10.json,892,25,40,82,36.0522,7.696583572062955e-05,1.212,OPTIMAL
grid_5x5,seed_milpsnap_grid5x5_k10.json,893,25,40,75,36.0522,7.696583572062955e-05,1.091,OPTIMAL
grid_5x5,seed_milpsnap_grid5x5_k10.json,894,25,40,77,36.0522,0.0,1.099,OPTIMAL
grid_5x5,seed_milpsnap_grid5x5_k10.json,895,25,40,81,36.0522,7.696583572082397e-05,1.172,OPTIMAL
grid_5x5,seed_milpsnap_grid5x5_k10.json,896,25,40,75,36.0522,7.696583572082397e-05,1.082,OPTIMAL
grid_5x5,seed_milpsnap_grid5x5_k10.json,897,25,40,69,36.0522,7.696583572062955e-05,1.005,OPTIMAL
grid_5x5,seed_milpsnap_grid5x5_k10.json,898,25,40,70,36.0522,7.69658357204351e-05,1.014,OPTIMAL
grid_5x5,seed_milpsnap_grid5x5_k10.json,899,25,40,76,36.0522,7.696583572082397e-05,1.12,OPTIMAL
grid_5x5,seed_milpsnap_grid5x5_k10.json,900,25,40,79,36.0522,7.696583572062955e-05,1.166,OPTIMAL
grid_5x5,seed_milpsnap_grid5x5_k10.json,901,25,40,73,36.0522,7.69658357204351e-05,1.072,OPTIMAL
grid_5x5,seed_milpsnap_grid5x5_k10.json,902,25,40,71,36.0522,7.696583572062952e-05,0.993,OPTIMAL
grid_5x5,seed_milpsnap_grid5x5_k10.json,903,25,40,75,36.0522,7.696583572062955e-05,1.103,OPTIMAL
grid_5x5,seed_milpsnap_grid5x5_k10.json,904,25,40,71,36.0522,7.696583572062955e-05,1.041,OPTIMAL
grid_5x5,seed_milpsnap_grid5x5_k10.json,905,25,40,72,36.0522,7.696583572062952e-05,0.994,OPTIMAL
grid_5x5,seed_milpsnap_grid5x5_k10.json,906,25,40,63,36.0522,7.696583572062952e-05,0.919,OPTIMAL
grid_5x5,seed_milpsnap_grid5x5_k10.json,907,25,40,1,88.0138,0.0,0.011,OPTIMAL
grid_5x5,seed_milpsnap_grid5x5_k10.json,908,25,40,4,64.0413,0.0,0.028,OPTIMAL
grid_5x5,seed_milpsnap_grid5x5_k10.json,909,25,40,12,40.0541,0.0,0.085,OPTIMAL
grid_5x5,seed_milpsnap_grid5x5_k10.json,910,25,40,24,36.0522,7.696583572062955e-05,0.277,OPTIMAL
grid_5x5,seed_milpsnap_grid5x5_k10.json,911,25,40,29,36.0522,0.0,0.375,OPTIMAL
grid_5x5,seed_milpsnap_grid5x5_k10.json,912,25,40,39,36.0522,7.696583572062955e-05,0.429,OPTIMAL
grid_5x5,seed_milpsnap_grid5x5_k10.json,913,25,40,42,36.0522,7.696583572062955e-05,0.589,OPTIMAL
grid_5x5,seed_milpsnap_grid5x5_k10.json,914,25,40,44,36.0522,7.696583572062955e-05,0.548,OPTIMAL
grid_5x5,seed_milpsnap_grid5x5_k10.json,915,25,40,48,36.0522,0.0,0.794,OPTIMAL
grid_5x5,seed_milpsnap_grid5x5_k10.json,916,25,40,51,36.0522,7.696583572062955e-05,0.706,OPTIMAL
grid_5x5,seed_milpsnap_grid5x5_k10.json,917,25,40,56,36.0522,7.696583572082397e-05,0.79,OPTIMAL
grid_5x5,seed_milpsnap_grid5x5_k10.json,918,25,40,60,36.0522,7.69658357204351e-05,0.833,OPTIMAL
grid_5x5,seed_milpsnap_grid5x5_k10.json,919,25,40,66,36.0522,7.696583572082397e-05,0.924,OPTIMAL
grid_5x5,seed_milpsnap_grid5x5_k10.json,920,25,40,75,36.0522,7.696583572062955e-05,1.065,OPTIMAL
grid_5x5,seed_milpsnap_grid5x5_k10.json,921,25,40,85,36.0522,7.696583572062955e-05,1.347,OPTIMAL
grid_5x5,seed_milpsnap_grid5x5_k10.json,922,25,40,87,36.0522,7.69658357204351e-05,1.356,OPTIMAL
grid_5x5,seed_milpsnap_grid5x5_k10.json,923,25,40,85,36.0522,7.696583572062955e-05,1.363,OPTIMAL
grid_5x5,seed_milpsnap_grid5x5_k10.json,924,25,40,78,36.0522,7.696583572062955e-05,1.176,OPTIMAL
grid_5x5,seed_milpsnap_grid5x5_k10.json,925,25,40,69,36.0522,7.696583572062955e-05,0.997,OPTIMAL
grid_5x5,seed_milpsnap_grid5x5_k10.json,926,25,40,74,36.0522,7.69658357204351e-05,1.094,OPTIMAL
grid_5x5,seed_milpsnap_grid5x5_k10.json,927,25,40,71,36.0522,7.696583572062955e-05,1.029,OPTIMAL
grid_5x5,seed_milpsnap_grid5x5_k10.json,928,25,40,74,36.0522,7.696583572062952e-05,1.08,OPTIMAL
grid_5x5,seed_milpsnap_grid5x5_k10.json,929,25,40,75,36.0522,7.69658357204351e-05,1.068,OPTIMAL
grid_5x5,seed_milpsnap_grid5x5_k10.json,930,25,40,78,36.0522,7.696583572062952e-05,1.108,OPTIMAL
grid_5x5,seed_milpsnap_grid5x5_k10.json,931,25,40,78,36.0522,7.696583572082397e-05,1.098,OPTIMAL
grid_5x5,seed_milpsnap_grid5x5_k10.json,932,25,40,84,36.0522,0.0,1.268,OPTIMAL
grid_5x5,seed_milpsnap_grid5x5_k10.json,933,25,40,86,36.0522,7.696583572082397e-05,1.291,OPTIMAL
grid_5x5,seed_milpsnap_grid5x5_k10.json,934,25,40,86,36.0522,7.696583572082397e-05,1.353,OPTIMAL
grid_5x5,seed_milpsnap_grid5x5_k10.json,935,25,40,82,36.0522,7.696583572062955e-05,1.171,OPTIMAL
grid_5x5,seed_milpsnap_grid5x5_k10.json,936,25,40,79,36.0522,7.696583572082397e-05,1.149,OPTIMAL
grid_5x5,seed_milpsnap_grid5x5_k10.json,937,25,40,80,36.0522,7.696583572082397e-05,1.179,OPTIMAL
grid_5x5,seed_milpsnap_grid5x5_k10.json,938,25,40,84,36.0522,7.696583572062955e-05,1.361,OPTIMAL
grid_5x5,seed_milpsnap_grid5x5_k10.json,939,25,40,91,36.0522,7.696583572062955e-05,1.227,OPTIMAL
grid_5x5,seed_milpsnap_grid5x5_k10.json,940,25,40,94,36.0522,7.696583572062955e-05,1.41,OPTIMAL
grid_5x5,seed_milpsnap_grid5x5_k10.json,941,25,40,94,36.0522,7.696583572082397e-05,1.309,OPTIMAL
grid_5x5,seed_milpsnap_grid5x5_k10.json,942,25,40,89,36.0522,7.696583572062955e-05,1.195,OPTIMAL
grid_5x5,seed_milpsnap_grid5x5_k10.json,943,25,40,88,36.0522,7.696583572082397e-05,1.308,OPTIMAL
grid_5x5,seed_milpsnap_grid5x5_k10.json,944,25,40,90,36.0522,7.696583572062955e-05,1.247,OPTIMAL
grid_5x5,seed_milpsnap_grid5x5_k10.json,945,25,40,87,36.0522,7.696583572062952e-05,1.271,OPTIMAL
grid_5x5,seed_milpsnap_grid5x5_k10.json,946,25,40,89,36.0522,7.696583572082397e-05,1.185,OPTIMAL
grid_5x5,seed_milpsnap_grid5x5_k10.json,947,25,40,81,36.0522,7.696583572062952e-05,1.194,OPTIMAL
grid_5x5,seed_milpsnap_grid5x5_k10.json,948,25,40,82,36.0522,7.696583572082397e-05,1.165,OPTIMAL
grid_5x5,seed_milpsnap_grid5x5_k10.json,949,25,40,79,36.0522,7.696583572082397e-05,1.162,OPTIMAL
grid_5x5,seed_milpsnap_grid5x5_k10.json,950,25,40,76,36.0522,7.69658357204351e-05,1.129,OPTIMAL
grid_5x5,seed_milpsnap_grid5x5_k10.json,951,25,40,74,36.0522,7.696583572082397e-05,1.073,OPTIMAL
grid_5x5,seed_milpsnap_grid5x5_k10.json,952,25,40,71,36.0522,7.696583572062952e-05,1.049,OPTIMAL
grid_5x5,seed_milpsnap_grid5x5_k10.json,953,25,40,72,36.0522,7.696583572062955e-05,1.055,OPTIMAL
grid_5x5,seed_milpsnap_grid5x5_k10.json,954,25,40,68,36.0522,7.696583572082397e-05,0.939,OPTIMAL
grid_5x5,seed_milpsnap_grid5x5_k10.json,955,25,40,67,36.0522,7.696583572062955e-05,0.961,OPTIMAL
grid_5x5,seed_milpsnap_grid5x5_k10.json,956,25,40,60,36.0522,7.69658357204351e-05,0.864,OPTIMAL
grid_5x5,seed_milpsnap_grid5x5_k10.json,957,25,40,62,36.0522,7.69658357204351e-05,0.915,OPTIMAL
grid_5x5,seed_milpsnap_grid5x5_k10.json,958,25,40,62,36.0522,7.69658357204351e-05,0.853,OPTIMAL
grid_5x5,seed_milpsnap_grid5x5_k10.json,959,25,40,58,36.0522,7.696583572062955e-05,0.826,OPTIMAL
grid_5x5,seed_milpsnap_grid5x5_k10.json,960,25,40,59,36.0522,7.69658357204351e-05,0.772,OPTIMAL
grid_5x5,seed_milpsnap_grid5x5_k10.json,961,25,40,60,36.0522,7.696583572062955e-05,0.834,OPTIMAL
grid_5x5,seed_milpsnap_grid5x5_k10.json,962,25,40,68,36.0522,7.696583572062955e-05,0.94,OPTIMAL
grid_5x5,seed_milpsnap_grid5x5_k10.json,963,25,40,65,36.0522,7.69658357204351e-05,0.925,OPTIMAL
grid_5x5,seed_milpsnap_grid5x5_k10.json,964,25,40,65,36.0522,0.0,0.95,OPTIMAL
grid_5x5,seed_milpsnap_grid5x5_k10.json,965,25,40,67,36.0522,7.696583572062955e-05,0.967,OPTIMAL
grid_5x5,seed_milpsnap_grid5x5_k10.json,966,25,40,67,36.0522,7.696583572062955e-05,0.993,OPTIMAL
grid_5x5,seed_milpsnap_grid5x5_k10.json,967,25,40,70,36.0522,7.69658357204351e-05,0.978,OPTIMAL
grid_5x5,seed_milpsnap_grid5x5_k10.json,968,25,40,67,36.0522,7.696583572062955e-05,0.953,OPTIMAL
grid_5x5,seed_milpsnap_grid5x5_k10.json,969,25,40,72,36.0522,7.696583572062955e-05,1.009,OPTIMAL
grid_5x5,seed_milpsnap_grid5x5_k10.json,970,25,40,70,36.0522,7.69658357204351e-05,1.002,OPTIMAL
grid_5x5,seed_milpsnap_grid5x5_k10.json,971,25,40,70,36.0522,7.696583572062955e-05,1.011,OPTIMAL
grid_5x5,seed_milpsnap_grid5x5_k10.json,972,25,40,69,36.0522,7.696583572062955e-05,1.001,OPTIMAL
grid_5x5,seed_milpsnap_grid5x5_k10.json,973,25,40,67,36.0522,7.696583572082397e-05,0.951,OPTIMAL
grid_5x5,seed_milpsnap_grid5x5_k10.json,974,25,40,67,36.0522,7.69658357204351e-05,0.918,OPTIMAL
grid_5x5,seed_milpsnap_grid5x5_k10.json,975,25,40,64,36.0522,7.696583572062955e-05,0.893,OPTIMAL
grid_5x5,seed_milpsnap_grid5x5_k10.json,976,25,40,64,36.0522,7.696583572062955e-05,0.844,OPTIMAL
grid_5x5,seed_milpsnap_grid5x5_k10.json,977,25,40,61,36.0522,7.696583572062952e-05,0.883,OPTIMAL
grid_5x5,seed_milpsnap_grid5x5_k10.json,978,25,40,63,36.0522,7.69658357204351e-05,0.883,OPTIMAL
grid_5x5,seed_milpsnap_grid5x5_k10.json,979,25,40,63,36.0522,7.69658357204351e-05,0.855,OPTIMAL
grid_5x5,seed_milpsnap_grid5x5_k10.json,980,25,40,61,36.0522,7.696583572062955e-05,0.805,OPTIMAL
grid_5x5,seed_milpsnap_grid5x5_k10.json,981,25,40,61,36.0522,7.696583572062952e-05,0.851,OPTIMAL
grid_5x5,seed_milpsnap_grid5x5_k10.json,982,25,40,64,36.0522,7.69658357204351e-05,0.927,OPTIMAL
grid_5x5,seed_milpsnap_grid5x5_k10.json,983,25,40,62,36.0522,7.696583572082397e-05,0.858,OPTIMAL
grid_5x5,seed_milpsnap_grid5x5_k10.json,984,25,40,61,36.0522,7.696583572082397e-05,0.843,OPTIMAL
grid_5x5,seed_milpsnap_grid5x5_k10.json,985,25,40,65,36.0522,7.69658357204351e-05,0.899,OPTIMAL
grid_5x5,seed_milpsnap_grid5x5_k10.json,986,25,40,68,36.0522,7.696583572082397e-05,0.955,OPTIMAL
grid_5x5,seed_milpsnap_grid5x5_k10.json,987,25,40,70,36.0522,7.696583572062955e-05,1.02,OPTIMAL
grid_5x5,seed_milpsnap_grid5x5_k10.json,988,25,40,73,36.0522,7.696583572082397e-05,1.073,OPTIMAL
grid_5x5,seed_milpsnap_grid5x5_k10.json,989,25,40,76,36.0522,7.69658357204351e-05,1.073,OPTIMAL
grid_5x5,seed_milpsnap_grid5x5_k10.json,990,25,40,79,36.0522,7.696583572062955e-05,1.149,OPTIMAL
grid_5x5,seed_milpsnap_grid5x5_k10.json,991,25,40,81,36.0522,7.696583572082397e-05,1.177,OPTIMAL
grid_5x5,seed_milpsnap_grid5x5_k10.json,992,25,40,78,36.0522,7.69658357204351e-05,1.149,OPTIMAL
grid_5x5,seed_milpsnap_grid5x5_k10.json,993,25,40,79,36.0522,7.69658357204351e-05,1.083,OPTIMAL
grid_5x5,seed_milpsnap_grid5x5_k10.json,994,25,40,82,36.0522,7.696583572082397e-05,1.23,OPTIMAL
grid_5x5,seed_milpsnap_grid5x5_k10.json,995,25,40,87,36.0522,7.69658357204351e-05,1.31,OPTIMAL
grid_5x5,seed_milpsnap_grid5x5_k10.json,996,25,40,89,36.0522,7.696583572062955e-05,1.204,OPTIMAL
grid_5x5,seed_milpsnap_grid5x5_k10.json,997,25,40,87,36.0522,7.696583572062955e-05,1.286,OPTIMAL
grid_5x5,seed_milpsnap_grid5x5_k10.json,998,25,40,94,36.0522,7.696583572082397e-05,1.255,OPTIMAL
grid_5x5,seed_milpsnap_grid5x5_k10.json,999,25,40,88,36.0522,7.696583572062955e-05,1.209,OPTIMAL
grid_5x5,seed_milpsnap_grid5x5_k10.json,1000,25,40,83,36.0522,7.696583572082397e-05,1.332,OPTIMAL
grid_5x5,seed_milpsnap_grid5x5_k10.json,1001,25,40,81,36.0522,7.696583572082397e-05,1.16,OPTIMAL
grid_5x5,seed_milpsnap_grid5x5_k10.json,1002,25,40,82,36.0522,7.696583572062952e-05,1.24,OPTIMAL
grid_5x5,seed_milpsnap_grid5x5_k10.json,1003,25,40,82,36.0522,7.696583572082397e-05,1.166,OPTIMAL
grid_5x5,seed_milpsnap_grid5x5_k10.json,1004,25,40,82,36.0522,7.696583572062952e-05,1.187,OPTIMAL
grid_5x5,seed_milpsnap_grid5x5_k10.json,1005,25,40,82,36.0522,7.696583572062952e-05,1.212,OPTIMAL
grid_5x5,seed_milpsnap_grid5x5_k10.json,1006,25,40,76,36.0522,7.696583572082397e-05,1.085,OPTIMAL
grid_5x5,seed_milpsnap_grid5x5_k10.json,1007,25,40,76,36.0522,7.696583572082397e-05,1.058,OPTIMAL
grid_5x5,seed_milpsnap_grid5x5_k10.json,1008,25,40,72,36.0522,7.69658357204351e-05,0.982,OPTIMAL
grid_5x5,seed_milpsnap_grid5x5_k10.json,1009,25,40,69,36.0522,7.696583572062955e-05,0.976,OPTIMAL
grid_5x5,seed_milpsnap_grid5x5_k10.json,1010,25,40,67,36.0522,7.696583572062955e-05,0.972,OPTIMAL
grid_5x5,seed_milpsnap_grid5x5_k10.json,1011,25,40,64,36.0522,0.0,0.891,OPTIMAL
grid_5x5,seed_milpsnap_grid5x5_k10.json,1012,25,40,66,36.0522,7.696583572062955e-05,0.941,OPTIMAL
grid_5x5,seed_milpsnap_grid5x5_k10.json,1013,25,40,69,36.0522,7.696583572082397e-05,1.016,OPTIMAL
grid_5x5,seed_milpsnap_grid5x5_k10.json,1014,25,40,72,36.0522,7.696583572062955e-05,1.044,OPTIMAL
grid_5x5,seed_milpsnap_grid5x5_k10.json,1015,25,40,75,36.0522,7.696583572062955e-05,1.037,OPTIMAL
grid_5x5,seed_milpsnap_grid5x5_k10.json,1016,25,40,73,36.0522,0.0,1.053,OPTIMAL
grid_5x5,seed_milpsnap_grid5x5_k10.json,1017,25,40,70,36.0522,7.696583572062955e-05,0.989,OPTIMAL
grid_5x5,seed_milpsnap_grid5x5_k10.json,1018,25,40,71,36.0522,7.696583572082397e-05,0.998,OPTIMAL
grid_5x5,seed_milpsnap_grid5x5_k10.json,1019,25,40,72,36.0522,7.69658357204351e-05,1.051,OPTIMAL
grid_5x5,seed_milpsnap_grid5x5_k10.json,1020,25,40,71,36.0522,7.69658357204351e-05,0.983,OPTIMAL
grid_5x5,seed_milpsnap_grid5x5_k10.json,1021,25,40,74,36.0522,7.696583572062955e-05,1.038,OPTIMAL
grid_5x5,seed_milpsnap_grid5x5_k10.json,1022,25,40,72,36.0522,7.696583572082397e-05,1.038,OPTIMAL
grid_5x5,seed_milpsnap_grid5x5_k10.json,1023,25,40,70,36.0522,7.69658357204351e-05,0.992,OPTIMAL
grid_5x5,seed_milpsnap_grid5x5_k10.json,1024,25,40,73,36.0522,7.696583572082397e-05,1.075,OPTIMAL
grid_5x5,seed_milpsnap_grid5x5_k10.json,1025,25,40,73,36.0522,7.696583572082397e-05,1.049,OPTIMAL
grid_5x5,seed_milpsnap_grid5x5_k10.json,1026,25,40,73,36.0522,7.69658357204351e-05,1.11,OPTIMAL
grid_5x5,seed_milpsnap_grid5x5_k10.json,1027,25,40,73,36.0522,7.696583572062955e-05,1.033,OPTIMAL
grid_5x5,seed_milpsnap_grid5x5_k10.json,1028,25,40,69,36.0522,7.696583572082397e-05,0.964,OPTIMAL
grid_5x5,seed_milpsnap_grid5x5_k10.json,1029,25,40,68,36.0522,7.69658357204351e-05,0.995,OPTIMAL
grid_5x5,seed_milpsnap_grid5x5_k10.json,1030,25,40,65,36.0522,7.696583572082397e-05,0.87,OPTIMAL
grid_5x5,seed_milpsnap_grid5x5_k10.json,1031,25,40,70,36.0522,7.69658357204351e-05,1.017,OPTIMAL
grid_5x5,seed_milpsnap_grid5x5_k10.json,1032,25,40,76,36.0522,7.696583572062955e-05,1.105,OPTIMAL
grid_5x5,seed_milpsnap_grid5x5_k10.json,1033,25,40,74,36.0522,7.696583572082397e-05,1.061,OPTIMAL
grid_5x5,seed_milpsnap_grid5x5_k10.json,1034,25,40,75,36.0522,7.696583572082397e-05,1.129,OPTIMAL
grid_5x5,seed_milpsnap_grid5x5_k10.json,1035,25,40,75,36.0522,7.696583572062952e-05,1.028,OPTIMAL
grid_5x5,seed_milpsnap_grid5x5_k10.json,1036,25,40,72,36.0522,7.69658357204351e-05,1.015,OPTIMAL
grid_5x5,seed_milpsnap_grid5x5_k10.json,1037,25,40,74,36.0522,7.69658357204351e-05,1.075,OPTIMAL
grid_5x5,seed_milpsnap_grid5x5_k10.json,1038,25,40,77,36.0522,7.696583572062955e-05,1.117,OPTIMAL
grid_5x5,seed_milpsnap_grid5x5_k10.json,1039,25,40,72,36.0522,7.696583572062952e-05,1.029,OPTIMAL
grid_5x5,seed_milpsnap_grid5x5_k10.json,1040,25,40,69,36.0522,7.696583572062955e-05,0.983,OPTIMAL
grid_5x5,seed_milpsnap_grid5x5_k10.json,1041,25,40,69,36.0522,7.696583572082397e-05,1.018,OPTIMAL
grid_5x5,seed_milpsnap_grid5x5_k10.json,1042,25,40,63,36.0522,7.696583572082397e-05,0.891,OPTIMAL
grid_5x5,seed_milpsnap_grid5x5_k10.json,1043,25,40,60,36.0522,7.696583572082397e-05,0.859,OPTIMAL
grid_5x5,seed_milpsnap_grid5x5_k10.json,1044,25,40,64,36.0522,7.69658357204351e-05,0.905,OPTIMAL
grid_5x5,seed_milpsnap_grid5x5_k10.json,1045,25,40,66,36.0522,7.69658357204351e-05,0.954,OPTIMAL
grid_5x5,seed_milpsnap_grid5x5_k10.json,1046,25,40,65,36.0522,7.696583572082397e-05,0.91,OPTIMAL
grid_5x5,seed_milpsnap_grid5x5_k10.json,1047,25,40,59,36.0522,7.696583572062952e-05,0.839,OPTIMAL
grid_5x5,seed_milpsnap_grid5x5_k10.json,1048,25,40,66,36.0522,7.696583572082397e-05,0.898,OPTIMAL
grid_5x5,seed_milpsnap_grid5x5_k10.json,1049,25,40,70,36.0522,7.696583572062955e-05,0.969,OPTIMAL
grid_5x5,seed_milpsnap_grid5x5_k10.json,1050,25,40,69,36.0522,7.69658357204351e-05,0.973,OPTIMAL
grid_5x5,seed_milpsnap_grid5x5_k10.json,1051,25,40,72,36.0522,7.696583572062955e-05,1.079,OPTIMAL
grid_5x5,seed_milpsnap_grid5x5_k10.json,1052,25,40,71,36.0522,7.69658357204351e-05,1.008,OPTIMAL
grid_5x5,seed_milpsnap_grid5x5_k10.json,1053,25,40,71,36.0522,7.696583572082397e-05,1.0,OPTIMAL
grid_5x5,seed_milpsnap_grid5x5_k10.json,1054,25,40,77,36.0522,7.696583572062952e-05,1.059,OPTIMAL
grid_5x5,seed_milpsnap_grid5x5_k10.json,1055,25,40,79,36.0522,7.696583572062955e-05,1.112,OPTIMAL
grid_5x5,seed_milpsnap_grid5x5_k10.json,1056,25,40,78,36.0522,7.696583572062955e-05,1.122,OPTIMAL
grid_5x5,seed_milpsnap_grid5x5_k10.json,1057,25,40,80,36.0522,7.696583572062955e-05,1.126,OPTIMAL
grid_5x5,seed_milpsnap_grid5x5_k10.json,1058,25,40,1,88.0138,0.0,0.01,OPTIMAL
grid_5x5,seed_milpsnap_grid5x5_k10.json,1059,25,40,5,52.0404,4.5610554282478685e-05,0.095,OPTIMAL
grid_5x5,seed_milpsnap_grid5x5_k10.json,1060,25,40,15,44.0463,0.0,0.102,OPTIMAL
grid_5x5,seed_milpsnap_grid5x5_k10.json,1061,25,40,16,36.0571,0.0,0.175,OPTIMAL
grid_5x5,seed_milpsnap_grid5x5_k10.json,1062,25,40,25,36.0522,0.0,0.289,OPTIMAL
grid_5x5,seed_milpsnap_grid5x5_k10.json,1063,25,40,27,36.0522,0.0,0.33,OPTIMAL
grid_5x5,seed_milpsnap_grid5x5_k10.json,1064,25,40,29,36.0522,0.0,0.38,OPTIMAL
grid_5x5,seed_milpsnap_grid5x5_k10.json,1065,25,40,32,36.0522,7.696583572062955e-05,0.368,OPTIMAL
grid_5x5,seed_milpsnap_grid5x5_k10.json,1066,25,40,39,36.0522,7.696583572062955e-05,0.447,OPTIMAL
grid_5x5,seed_milpsnap_grid5x5_k10.json,1067,25,40,44,36.0522,7.696583572062955e-05,0.523,OPTIMAL
grid_5x5,seed_milpsnap_grid5x5_k10.json,1068,25,40,47,36.0522,7.696583572062955e-05,0.621,OPTIMAL
grid_5x5,seed_milpsnap_grid5x5_k10.json,1069,25,40,52,36.0522,7.696583572062955e-05,0.72,OPTIMAL
grid_5x5,seed_milpsnap_grid5x5_k10.json,1070,25,40,57,36.0522,7.696583572062955e-05,0.82,OPTIMAL
grid_5x5,seed_milpsnap_grid5x5_k10.json,1071,25,40,69,36.0522,7.696583572062955e-05,0.988,OPTIMAL
grid_5x5,seed_milpsnap_grid5x5_k10.json,1072,25,40,77,36.0522,7.696583572062952e-05,1.111,OPTIMAL
grid_5x5,seed_milpsnap_grid5x5_k10.json,1073,25,40,80,36.0522,7.696583572062952e-05,1.09,OPTIMAL
grid_5x5,seed_milpsnap_grid5x5_k10.json,1074,25,40,82,36.0522,7.696583572062955e-05,1.241,OPTIMAL
grid_5x5,seed_milpsnap_grid5x5_k10.json,1075,25,40,75,36.0522,7.696583572082397e-05,1.117,OPTIMAL
grid_5x5,seed_milpsnap_grid5x5_k10.json,1076,25,40,78,36.0522,7.69658357204351e-05,1.147,OPTIMAL
grid_5x5,seed_milpsnap_grid5x5_k10.json,1077,25,40,82,36.0522,7.696583572082397e-05,1.15,OPTIMAL
grid_5x5,seed_milpsnap_grid5x5_k10.json,1078,25,40,91,36.0522,7.696583572082397e-05,1.212,OPTIMAL
grid_5x5,seed_milpsnap_grid5x5_k10.json,1079,25,40,93,36.0522,7.696583572062955e-05,1.221,OPTIMAL
grid_5x5,seed_milpsnap_grid5x5_k10.json,1080,25,40,96,36.0522,7.696583572082397e-05,1.582,OPTIMAL
grid_5x5,seed_milpsnap_grid5x5_k10.json,1081,25,40,92,36.0522,7.696583572082397e-05,1.24,OPTIMAL
grid_5x5,seed_milpsnap_grid5x5_k10.json,1082,25,40,94,36.0522,7.696583572062955e-05,1.28,OPTIMAL
grid_5x5,seed_milpsnap_grid5x5_k10.json,1083,25,40,96,36.0522,9.406935476965832e-05,1.478,OPTIMAL
grid_5x5,seed_milpsnap_grid5x5_k10.json,1084,25,40,95,36.0522,7.696583572082397e-05,1.541,OPTIMAL
grid_5x5,seed_milpsnap_grid5x5_k10.json,1085,25,40,95,36.0522,7.696583572062955e-05,1.54,OPTIMAL
grid_5x5,seed_milpsnap_grid5x5_k10.json,1086,25,40,90,36.0522,7.696583572062955e-05,1.284,OPTIMAL
grid_5x5,seed_milpsnap_grid5x5_k10.json,1087,25,40,86,36.0522,7.69658357204351e-05,1.353,OPTIMAL
grid_5x5,seed_milpsnap_grid5x5_k10.json,1088,25,40,84,36.0522,7.696583572062955e-05,1.27,OPTIMAL
grid_5x5,seed_milpsnap_grid5x5_k10.json,1089,25,40,83,36.0522,7.696583572062955e-05,1.289,OPTIMAL
grid_5x5,seed_milpsnap_grid5x5_k10.json,1090,25,40,89,36.0522,7.696583572062955e-05,1.354,OPTIMAL
grid_5x5,seed_milpsnap_grid5x5_k10.json,1091,25,40,88,36.0522,7.69658357204351e-05,1.452,OPTIMAL
grid_5x5,seed_milpsnap_grid5x5_k10.json,1092,25,40,82,36.0522,7.696583572062955e-05,1.22,OPTIMAL
grid_5x5,seed_milpsnap_grid5x5_k10.json,1093,25,40,73,36.0522,7.696583572062955e-05,1.095,OPTIMAL
grid_5x5,seed_milpsnap_grid5x5_k10.json,1094,25,40,75,36.0522,7.696583572062955e-05,1.089,OPTIMAL
grid_5x5,seed_milpsnap_grid5x5_k10.json,1095,25,40,74,36.0522,7.696583572062955e-05,1.063,OPTIMAL
grid_5x5,seed_milpsnap_grid5x5_k10.json,1096,25,40,76,36.0522,7.69658357204351e-05,1.059,OPTIMAL
grid_5x5,seed_milpsnap_grid5x5_k10.json,1097,25,40,76,36.0522,7.69658357204351e-05,1.147,OPTIMAL
grid_5x5,seed_milpsnap_grid5x5_k10.json,1098,25,40,77,36.0522,7.696583572062955e-05,1.091,OPTIMAL
grid_5x5,seed_milpsnap_grid5x5_k10.json,1099,25,40,79,36.0522,7.69658357204351e-05,1.175,OPTIMAL
grid_5x5,seed_milpsnap_grid5x5_k10.json,1100,25,40,79,36.0522,7.696583572062955e-05,1.172,OPTIMAL
grid_5x5,seed_milpsnap_grid5x5_k10.json,1101,25,40,75,36.0522,7.696583572062955e-05,1.077,OPTIMAL
grid_5x5,seed_milpsnap_grid5x5_k10.json,1102,25,40,75,36.0522,7.69658357204351e-05,1.094,OPTIMAL
grid_5x5,seed_milpsnap_grid5x5_k10.json,1103,25,40,79,36.0522,7.696583572082397e-05,1.131,OPTIMAL
grid_5x5,seed_milpsnap_grid5x5_k10.json,1104,25,40,78,36.0522,7.696583572062955e-05,1.169,OPTIMAL
grid_5x5,seed_milpsnap_grid5x5_k10.json,1105,25,40,72,36.0522,7.696583572082397e-05,1.054,OPTIMAL
grid_5x5,seed_milpsnap_grid5x5_k10.json,1106,25,40,76,36.0522,7.696583572082397e-05,1.124,OPTIMAL
grid_5x5,seed_milpsnap_grid5x5_k10.json,1107,25,40,76,36.0522,7.696583572062952e-05,1.044,OPTIMAL
grid_5x5,seed_milpsnap_grid5x5_k10.json,1108,25,40,75,36.0522,7.696583572082397e-05,1.034,OPTIMAL
grid_5x5,seed_milpsnap_grid5x5_k10.json,1109,25,40,74,36.0522,7.696583572062952e-05,1.085,OPTIMAL
grid_5x5,seed_milpsnap_grid5x5_k10.json,1110,25,40,73,36.0522,7.696583572082397e-05,1.052,OPTIMAL
grid_5x5,seed_milpsnap_grid5x5_k10.json,1111,25,40,74,36.0522,7.696583572082397e-05,1.07,OPTIMAL
grid_5x5,seed_milpsnap_grid5x5_k10.json,1112,25,40,71,36.0522,7.696583572082397e-05,1.041,OPTIMAL
grid_5x5,seed_milpsnap_grid5x5_k10.json,1113,25,40,77,36.0522,7.696583572062952e-05,1.07,OPTIMAL
grid_5x5,seed_milpsnap_grid5x5_k10.json,1114,25,40,75,36.0522,7.69658357204351e-05,1.042,OPTIMAL
grid_5x5,seed_milpsnap_grid5x5_k10.json,1115,25,40,72,36.0522,7.69658357204351e-05,0.999,OPTIMAL
grid_5x5,seed_milpsnap_grid5x5_k10.json,1116,25,40,70,36.0522,7.69658357204351e-05,1.014,OPTIMAL
grid_5x5,seed_milpsnap_grid5x5_k10.json,1117,25,40,72,36.0522,7.696583572082397e-05,1.045,OPTIMAL
grid_5x5,seed_milpsnap_grid5x5_k10.json,1118,25,40,71,36.0522,7.696583572062955e-05,1.055,OPTIMAL
grid_5x5,seed_milpsnap_grid5x5_k10.json,1119,25,40,71,36.0522,7.696583572062955e-05,1.044,OPTIMAL
grid_5x5,seed_milpsnap_grid5x5_k10.json,1120,25,40,69,36.0522,7.696583572062955e-05,0.971,OPTIMAL
grid_5x5,seed_milpsnap_grid5x5_k10.json,1121,25,40,71,36.0522,7.696583572062952e-05,0.995,OPTIMAL
grid_5x5,seed_milpsnap_grid5x5_k10.json,1122,25,40,69,36.0522,7.69658357204351e-05,0.921,OPTIMAL
grid_5x5,seed_milpsnap_grid5x5_k10.json,1123,25,40,70,36.0522,7.696583572062952e-05,0.963,OPTIMAL
grid_5x5,seed_milpsnap_grid5x5_k10.json,1124,25,40,77,36.0522,7.69658357204351e-05,1.134,OPTIMAL
grid_5x5,seed_milpsnap_grid5x5_k10.json,1125,25,40,79,36.0522,7.696583572062955e-05,1.138,OPTIMAL
grid_5x5,seed_milpsnap_grid5x5_k10.json,1126,25,40,74,36.0522,7.69658357204351e-05,1.01,OPTIMAL
grid_5x5,seed_milpsnap_grid5x5_k10.json,1127,25,40,82,36.0522,7.696583572062952e-05,1.228,OPTIMAL
grid_5x5,seed_milpsnap_grid5x5_k10.json,1128,25,40,75,36.0522,7.696583572062955e-05,1.063,OPTIMAL
grid_5x5,seed_milpsnap_grid5x5_k10.json,1129,25,40,75,36.0522,7.69658357204351e-05,1.078,OPTIMAL
grid_5x5,seed_milpsnap_grid5x5_k10.json,1130,25,40,78,36.0522,7.696583572062952e-05,1.13,OPTIMAL
grid_5x5,seed_milpsnap_grid5x5_k10.json,1131,25,40,81,36.0522,7.696583572062955e-05,1.135,OPTIMAL
grid_5x5,seed_milpsnap_grid5x5_k10.json,1132,25,40,78,36.0522,7.69658357204351e-05,1.069,OPTIMAL
grid_5x5,seed_milpsnap_grid5x5_k10.json,1133,25,40,79,36.0522,7.696583572062955e-05,1.167,OPTIMAL
grid_5x5,seed_milpsnap_grid5x5_k10.json,1134,25,40,83,36.0522,7.696583572062955e-05,1.299,OPTIMAL
grid_5x5,seed_milpsnap_grid5x5_k10.json,1135,25,40,86,36.0522,7.696583572062955e-05,1.333,OPTIMAL
grid_5x5,seed_milpsnap_grid5x5_k10.json,1136,25,40,82,36.0522,7.696583572062955e-05,1.236,OPTIMAL
grid_5x5,seed_milpsnap_grid5x5_k10.json,1137,25,40,80,36.0522,7.696583572062955e-05,1.179,OPTIMAL
grid_5x5,seed_milpsnap_grid5x5_k10.json,1138,25,40,82,36.0522,7.696583572062952e-05,1.212,OPTIMAL
grid_5x5,seed_milpsnap_grid5x5_k10.json,1139,25,40,71,36.0522,7.696583572062952e-05,1.045,OPTIMAL
grid_5x5,seed_milpsnap_grid5x5_k10.json,1140,25,40,71,36.0522,7.69658357204351e-05,1.024,OPTIMAL
grid_5x5,seed_milpsnap_grid5x5_k10.json,1141,25,40,75,36.0522,7.696583572062952e-05,1.071,OPTIMAL
grid_5x5,seed_milpsnap_grid5x5_k10.json,1142,25,40,66,36.0522,7.696583572062955e-05,0.938,OPTIMAL
grid_5x5,seed_milpsnap_grid5x5_k10.json,1143,25,40,67,36.0522,7.696583572062952e-05,0.928,OPTIMAL
grid_5x5,seed_milpsnap_grid5x5_k10.json,1144,25,40,66,36.0522,7.696583572062955e-05,0.883,OPTIMAL
grid_5x5,seed_milpsnap_grid5x5_k10.json,1145,25,40,64,36.0522,7.69658357204351e-05,0.901,OPTIMAL
grid_5x5,seed_milpsnap_grid5x5_k10.json,1146,25,40,66,36.0522,7.696583572062955e-05,0.943,OPTIMAL
grid_5x5,seed_milpsnap_grid5x5_k10.json,1147,25,40,74,36.0522,7.696583572062955e-05,1.076,OPTIMAL
grid_5x5,seed_milpsnap_grid5x5_k10.json,1148,25,40,77,36.0522,7.69658357204351e-05,1.15,OPTIMAL
grid_5x5,seed_milpsnap_grid5x5_k10.json,1149,25,40,74,36.0522,7.696583572082397e-05,1.079,OPTIMAL
grid_5x5,seed_milpsnap_grid5x5_k10.json,1150,25,40,73,36.0522,7.696583572062955e-05,1.083,OPTIMAL
grid_5x5,seed_milpsnap_grid5x5_k10.json,1151,25,40,70,36.0522,7.696583572062955e-05,0.983,OPTIMAL
grid_5x5,seed_milpsnap_grid5x5_k10.json,1152,25,40,74,36.0522,7.696583572062955e-05,1.083,OPTIMAL
grid_5x5,seed_milpsnap_grid5x5_k10.json,1153,25,40,76,36.0522,7.696583572062955e-05,1.042,OPTIMAL
grid_5x5,seed_milpsnap_grid5x5_k10.json,1154,25,40,82,36.0522,7.696583572062955e-05,1.18,OPTIMAL
grid_5x5,seed_milpsnap_grid5x5_k10.json,1155,25,40,79,36.0522,7.696583572062955e-05,1.172,OPTIMAL
grid_5x5,seed_milpsnap_grid5x5_k10.json,1156,25,40,77,36.0522,7.696583572082397e-05,1.128,OPTIMAL
grid_5x5,seed_milpsnap_grid5x5_k10.json,1157,25,40,83,36.0522,7.696583572062955e-05,1.31,OPTIMAL
grid_5x5,seed_milpsnap_grid5x5_k10.json,1158,25,40,78,36.0522,7.696583572062952e-05,1.105,OPTIMAL
grid_5x5,seed_milpsnap_grid5x5_k10.json,1159,25,40,77,36.0522,7.696583572082397e-05,1.065,OPTIMAL
grid_5x5,seed_milpsnap_grid5x5_k10.json,1160,25,40,82,36.0522,7.696583572082397e-05,1.212,OPTIMAL
grid_5x5,seed_milpsnap_grid5x5_k10.json,1161,25,40,78,36.0522,7.696583572062955e-05,1.065,OPTIMAL
grid_5x5,seed_milpsnap_grid5x5_k10.json,1162,25,40,74,36.0522,7.69658357204351e-05,1.034,OPTIMAL
grid_5x5,seed_milpsnap_grid5x5_k10.json,1163,25,40,71,36.0522,7.696583572082397e-05,0.974,OPTIMAL
grid_5x5,seed_milpsnap_grid5x5_k10.json,1164,25,40,69,36.0522,7.696583572082397e-05,0.976,OPTIMAL
grid_5x5,seed_milpsnap_grid5x5_k10.json,1165,25,40,74,36.0522,7.696583572082397e-05,1.049,OPTIMAL
grid_5x5,seed_milpsnap_grid5x5_k10.json,1166,25,40,76,36.0522,7.69658357204351e-05,1.116,OPTIMAL
grid_5x5,seed_milpsnap_grid5x5_k10.json,1167,25,40,74,36.0522,7.696583572082397e-05,1.082,OPTIMAL
grid_5x5,seed_milpsnap_grid5x5_k10.json,1168,25,40,72,36.0522,7.69658357204351e-05,1.034,OPTIMAL
grid_5x5,seed_milpsnap_grid5x5_k10.json,1169,25,40,69,36.0522,7.696583572062955e-05,0.997,OPTIMAL
grid_5x5,seed_milpsnap_grid5x5_k10.json,1170,25,40,70,36.0522,7.696583572062955e-05,1.018,OPTIMAL
grid_5x5,seed_milpsnap_grid5x5_k10.json,1171,25,40,76,36.0522,7.69658357204351e-05,1.097,OPTIMAL
grid_5x5,seed_milpsnap_grid5x5_k10.json,1172,25,40,71,36.0522,7.69658357204351e-05,1.017,OPTIMAL
grid_5x5,seed_milpsnap_grid5x5_k10.json,1173,25,40,72,36.0522,7.696583572062952e-05,1.039,OPTIMAL
grid_5x5,seed_milpsnap_grid5x5_k10.json,1174,25,40,77,36.0522,7.696583572082397e-05,1.115,OPTIMAL
grid_5x5,seed_milpsnap_grid5x5_k10.json,1175,25,40,73,36.0522,7.69658357204351e-05,1.027,OPTIMAL
grid_5x5,seed_milpsnap_grid5x5_k10.json,1176,25,40,75,36.0522,7.69658357204351e-05,1.082,OPTIMAL
grid_5x5,seed_milpsnap_grid5x5_k10.json,1177,25,40,71,36.0522,7.696583572062952e-05,0.994,OPTIMAL
grid_5x5,seed_milpsnap_grid5x5_k10.json,1178,25,40,67,36.0522,7.696583572082397e-05,0.972,OPTIMAL
grid_5x5,seed_milpsnap_grid5x5_k10.json,1179,25,40,67,36.0522,7.69658357204351e-05,0.949,OPTIMAL
grid_5x5,seed_milpsnap_grid5x5_k10.json,1180,25,40,63,36.0522,7.69658357204351e-05,0.892,OPTIMAL
grid_5x5,seed_milpsnap_grid5x5_k10.json,1181,25,40,64,36.0522,7.696583572062955e-05,0.91,OPTIMAL
grid_5x5,seed_milpsnap_grid5x5_k10.json,1182,25,40,67,36.0522,7.696583572062955e-05,0.952,OPTIMAL
grid_5x5,seed_milpsnap_grid5x5_k10.json,1183,25,40,70,36.0522,7.696583572062952e-05,1.017,OPTIMAL
grid_5x5,seed_milpsnap_grid5x5_k10.json,1184,25,40,72,36.0522,7.69658357204351e-05,0.977,OPTIMAL
grid_5x5,seed_milpsnap_grid5x5_k10.json,1185,25,40,70,36.0522,7.696583572062955e-05,0.998,OPTIMAL
grid_5x5,seed_milpsnap_grid5x5_k10.json,1186,25,40,61,36.0522,7.696583572082397e-05,0.857,OPTIMAL
grid_5x5,seed_milpsnap_grid5x5_k10.json,1187,25,40,61,36.0522,7.696583572062955e-05,0.859,OPTIMAL
grid_5x5,seed_milpsnap_grid5x5_k10.json,1188,25,40,61,36.0522,7.696583572062952e-05,0.826,OPTIMAL
grid_5x5,seed_milpsnap_grid5x5_k10.json,1189,25,40,56,36.0522,7.696583572082397e-05,0.81,OPTIMAL
grid_5x5,seed_milpsnap_grid5x5_k10.json,1190,25,40,58,36.0522,7.69658357204351e-05,0.787,OPTIMAL
grid_5x5,seed_milpsnap_grid5x5_k10.json,1191,25,40,56,36.0522,7.696583572062955e-05,0.761,OPTIMAL
grid_5x5,seed_milpsnap_grid5x5_k10.json,1192,25,40,55,36.0522,7.696583572082397e-05,0.762,OPTIMAL
grid_5x5,seed_milpsnap_grid5x5_k10.json,1193,25,40,57,36.0522,7.696583572062955e-05,0.8,OPTIMAL
grid_5x5,seed_milpsnap_grid5x5_k10.json,1194,25,40,57,36.0522,7.696583572062955e-05,0.836,OPTIMAL
grid_5x5,seed_milpsnap_grid5x5_k10.json,1195,25,40,57,36.0522,7.696583572062955e-05,0.774,OPTIMAL
grid_5x5,seed_milpsnap_grid5x5_k10.json,1196,25,40,59,36.0522,7.69658357204351e-05,0.799,OPTIMAL
grid_5x5,seed_milpsnap_grid5x5_k10.json,1197,25,40,56,36.0522,7.696583572062955e-05,0.789,OPTIMAL
grid_5x5,seed_milpsnap_grid5x5_k10.json,1198,25,40,55,36.0522,7.696583572062955e-05,0.74,OPTIMAL
grid_5x5,seed_milpsnap_grid5x5_k10.json,1199,25,40,56,36.0522,7.696583572062955e-05,0.775,OPTIMAL
grid_5x5,seed_milpsnap_grid5x5_k10.json,1200,25,40,57,36.0522,7.696583572062955e-05,0.793,OPTIMAL
grid_5x5,seed_milpsnap_grid5x5_k10.json,1201,25,40,64,36.0522,7.696583572062955e-05,0.93,OPTIMAL
grid_5x5,seed_milpsnap_grid5x5_k10.json,1202,25,40,67,36.0522,7.69658357204351e-05,0.919,OPTIMAL
grid_5x5,seed_milpsnap_grid5x5_k10.json,1203,25,40,72,36.0522,7.696583572062952e-05,1.02,OPTIMAL
grid_5x5,seed_milpsnap_grid5x5_k10.json,1204,25,40,73,36.0522,7.696583572062952e-05,1.108,OPTIMAL
grid_5x5,seed_milpsnap_grid5x5_k10.json,1205,25,40,71,36.0522,7.696583572062955e-05,1.053,OPTIMAL
grid_5x5,seed_milpsnap_grid5x5_k10.json,1206,25,40,73,36.0522,7.696583572062952e-05,1.049,OPTIMAL
grid_5x5,seed_milpsnap_grid5x5_k10.json,1207,25,40,76,36.0522,7.696583572082397e-05,1.035,OPTIMAL
grid_5x5,seed_milpsnap_grid5x5_k10.json,1208,25,40,75,36.0522,7.696583572062952e-05,1.064,OPTIMAL
grid_5x5,seed_milpsnap_grid5x5_k10.json,1209,25,40,1,76.0226,0.0,0.012,OPTIMAL
grid_5x5,seed_milpsnap_grid5x5_k10.json,1210,25,40,6,48.0433,0.0,0.109,OPTIMAL
grid_5x5,seed_milpsnap_grid5x5_k10.json,1211,25,40,11,40.0492,0.0,0.1,OPTIMAL
grid_5x5,seed_milpsnap_grid5x5_k10.json,1212,25,40,20,40.0492,0.0,0.146,OPTIMAL
grid_5x5,seed_milpsnap_grid5x5_k10.json,1213,25,40,30,40.0492,0.0,0.202,OPTIMAL
grid_5x5,seed_milpsnap_grid5x5_k10.json,1214,25,40,35,40.0492,0.0,0.251,OPTIMAL
grid_5x5,seed_milpsnap_grid5x5_k10.json,1215,25,40,37,40.0492,0.0,0.261,OPTIMAL
grid_5x5,seed_milpsnap_grid5x5_k10.json,1216,25,40,47,36.0522,7.696583572062955e-05,0.592,OPTIMAL
grid_5x5,seed_milpsnap_grid5x5_k10.json,1217,25,40,57,36.0522,7.696583572062955e-05,0.81,OPTIMAL
grid_5x5,seed_milpsnap_grid5x5_k10.json,1218,25,40,59,36.0522,7.696583572062955e-05,0.831,OPTIMAL
grid_5x5,seed_milpsnap_grid5x5_k10.json,1219,25,40,62,36.0522,7.696583572062955e-05,0.856,OPTIMAL
grid_5x5,seed_milpsnap_grid5x5_k10.json,1220,25,40,65,36.0522,7.696583572062955e-05,0.927,OPTIMAL
grid_5x5,seed_milpsnap_grid5x5_k10.json,1221,25,40,73,36.0522,7.69658357204351e-05,1.117,OPTIMAL
grid_5x5,seed_milpsnap_grid5x5_k10.json,1222,25,40,78,36.0522,7.696583572062952e-05,1.147,OPTIMAL
grid_5x5,seed_milpsnap_grid5x5_k10.json,1223,25,40,82,36.0522,7.69658357204351e-05,1.167,OPTIMAL
grid_5x5,seed_milpsnap_grid5x5_k10.json,1224,25,40,88,36.0522,7.696583572062955e-05,1.4,OPTIMAL
grid_5x5,seed_milpsnap_grid5x5_k10.json,1225,25,40,91,36.0522,7.696583572082397e-05,1.216,OPTIMAL
grid_5x5,seed_milpsnap_grid5x5_k10.json,1226,25,40,92,36.0522,7.696583572062955e-05,1.285,OPTIMAL
grid_5x5,seed_milpsnap_grid5x5_k10.json,1227,25,40,87,36.0522,7.696583572062955e-05,1.323,OPTIMAL
grid_5x5,seed_milpsnap_grid5x5_k10.json,1228,25,40,82,36.0522,7.69658357204351e-05,1.245,OPTIMAL
grid_5x5,seed_milpsnap_grid5x5_k10.json,1229,25,40,81,36.0522,7.696583572062955e-05,1.159,OPTIMAL
grid_5x5,seed_milpsnap_grid5x5_k10.json,1230,25,40,87,36.0522,7.696583572062952e-05,1.315,OPTIMAL
grid_5x5,seed_milpsnap_grid5x5_k10.json,1231,25,40,79,36.0522,7.696583572062952e-05,1.155,OPTIMAL
grid_5x5,seed_milpsnap_grid5x5_k10.json,1232,25,40,75,36.0522,7.69658357204351e-05,1.053,OPTIMAL
grid_5x5,seed_milpsnap_grid5x5_k10.json,1233,25,40,77,36.0522,7.69658357204351e-05,1.12,OPTIMAL
grid_5x5,seed_milpsnap_grid5x5_k10.json,1234,25,40,79,36.0522,7.69658357204351e-05,1.162,OPTIMAL
grid_5x5,seed_milpsnap_grid5x5_k10.json,1235,25,40,80,36.0522,7.69658357204351e-05,1.118,OPTIMAL
grid_5x5,seed_milpsnap_grid5x5_k10.json,1236,25,40,79,36.0522,7.696583572082397e-05,1.132,OPTIMAL
grid_5x5,seed_milpsnap_grid5x5_k10.json,1237,25,40,78,36.0522,7.696583572062952e-05,1.07,OPTIMAL
grid_5x5,seed_milpsnap_grid5x5_k10.json,1238,25,40,80,36.0522,7.696583572062952e-05,1.125,OPTIMAL
grid_5x5,seed_milpsnap_grid5x5_k10.json,1239,25,40,78,36.0522,7.69658357204351e-05,1.12,OPTIMAL
grid_5x5,seed_milpsnap_grid5x5_k10.json,1240,25,40,71,36.0522,7.69658357204351e-05,1.043,OPTIMAL
grid_5x5,seed_milpsnap_grid5x5_k10.json,1241,25,40,67,36.0522,7.69658357204351e-05,0.943,OPTIMAL
grid_5x5,seed_milpsnap_grid5x5_k10.json,1242,25,40,70,36.0522,7.696583572062952e-05,0.989,OPTIMAL
grid_5x5,seed_milpsnap_grid5x5_k10.json,1243,25,40,71,36.0522,7.696583572062955e-05,0.966,OPTIMAL
grid_5x5,seed_milpsnap_grid5x5_k10.json,1244,25,40,74,36.0522,7.696583572062952e-05,1.027,OPTIMAL
grid_5x5,seed_milpsnap_grid5x5_k10.json,1245,25,40,71,36.0522,7.69658357204351e-05,1.022,OPTIMAL
grid_5x5,seed_milpsnap_grid5x5_k10.json,1246,25,40,75,36.0522,7.696583572062952e-05,1.026,OPTIMAL
grid_5x5,seed_milpsnap_grid5x5_k10.json,1247,25,40,72,36.0522,7.696583572082397e-05,1.037,OPTIMAL
grid_5x5,seed_milpsnap_grid5x5_k10.json,1248,25,40,75,36.0522,7.69658357204351e-05,1.045,OPTIMAL
grid_5x5,seed_milpsnap_grid5x5_k10.json,1249,25,40,74,36.0522,7.69658357204351e-05,1.048,OPTIMAL
grid_5x5,seed_milpsnap_grid5x5_k10.json,1250,25,40,75,36.0522,7.696583572082397e-05,1.065,OPTIMAL
grid_5x5,seed_milpsnap_grid5x5_k10.json,1251,25,40,78,36.0522,7.69658357204351e-05,1.083,OPTIMAL
grid_5x5,seed_milpsnap_grid5x5_k10.json,1252,25,40,79,36.0522,7.696583572082397e-05,1.11,OPTIMAL
grid_5x5,seed_milpsnap_grid5x5_k10.json,1253,25,40,76,36.0522,7.696583572062955e-05,1.099,OPTIMAL
grid_5x5,seed_milpsnap_grid5x5_k10.json,1254,25,40,78,36.0522,7.696583572062955e-05,1.076,OPTIMAL
grid_5x5,seed_milpsnap_grid5x5_k10.json,1255,25,40,80,36.0522,7.696583572082397e-05,1.165,OPTIMAL
grid_5x5,seed_milpsnap_grid5x5_k10.json,1256,25,40,81,36.0522,7.69658357204351e-05,1.162,OPTIMAL
grid_5x5,seed_milpsnap_grid5x5_k10.json,1257,25,40,83,36.0522,7.696583572062955e-05,1.296,OPTIMAL
grid_5x5,seed_milpsnap_grid5x5_k10.json,1258,25,40,86,36.0522,7.696583572062955e-05,1.414,OPTIMAL
grid_5x5,seed_milpsnap_grid5x5_k10.json,1259,25,40,82,36.0522,7.696583572062952e-05,1.218,OPTIMAL
grid_5x5,seed_milpsnap_grid5x5_k10.json,1260,25,40,80,36.0522,7.69658357204351e-05,1.135,OPTIMAL
grid_5x5,seed_milpsnap_grid5x5_k10.json,1261,25,40,78,36.0522,7.696583572062955e-05,1.173,OPTIMAL
grid_5x5,seed_milpsnap_grid5x5_k10.json,1262,25,40,79,36.0522,7.696583572062955e-05,1.116,OPTIMAL
grid_5x5,seed_milpsnap_grid5x5_k10.json,1263,25,40,78,36.0522,7.696583572082397e-05,1.164,OPTIMAL
grid_5x5,seed_milpsnap_grid5x5_k10.json,1264,25,40,80,36.0522,7.696583572062952e-05,1.203,OPTIMAL
grid_5x5,seed_milpsnap_grid5x5_k10.json,1265,25,40,77,36.0522,7.696583572062955e-05,1.108,OPTIMAL
grid_5x5,seed_milpsnap_grid5x5_k10.json,1266,25,40,70,36.0522,7.696583572082397e-05,1.035,OPTIMAL
grid_5x5,seed_milpsnap_grid5x5_k10.json,1267,25,40,69,36.0522,7.696583572062952e-05,0.968,OPTIMAL
grid_5x5,seed_milpsnap_grid5x5_k10.json,1268,25,40,70,36.0522,7.696583572062955e-05,0.993,OPTIMAL
grid_5x5,seed_milpsnap_grid5x5_k10.json,1269,25,40,65,36.0522,7.696583572062952e-05,0.939,OPTIMAL
grid_5x5,seed_milpsnap_grid5x5_k10.json,1270,25,40,69,36.0522,7.696583572062955e-05,0.98,OPTIMAL
grid_5x5,seed_milpsnap_grid5x5_k10.json,1271,25,40,70,36.0522,7.696583572082397e-05,1.015,OPTIMAL
grid_5x5,seed_milpsnap_grid5x5_k10.json,1272,25,40,64,36.0522,7.69658357204351e-05,0.903,OPTIMAL
grid_5x5,seed_milpsnap_grid5x5_k10.json,1273,25,40,60,36.0522,7.69658357204351e-05,0.849,OPTIMAL
grid_5x5,seed_milpsnap_grid5x5_k10.json,1274,25,40,61,36.0522,7.696583572062955e-05,0.862,OPTIMAL
grid_5x5,seed_milpsnap_grid5x5_k10.json,1275,25,40,61,36.0522,7.696583572062955e-05,0.817,OPTIMAL
grid_5x5,seed_milpsnap_grid5x5_k10.json,1276,25,40,67,36.0522,7.696583572062952e-05,0.925,OPTIMAL
grid_5x5,seed_milpsnap_grid5x5_k10.json,1277,25,40,65,36.0522,7.696583572082397e-05,0.932,OPTIMAL
grid_5x5,seed_milpsnap_grid5x5_k10.json,1278,25,40,62,36.0522,7.696583572082397e-05,0.874,OPTIMAL
grid_5x5,seed_milpsnap_grid5x5_k10.json,1279,25,40,60,36.0522,7.69658357204351e-05,0.837,OPTIMAL
grid_5x5,seed_milpsnap_grid5x5_k10.json,1280,25,40,65,36.0522,7.696583572062955e-05,0.871,OPTIMAL
grid_5x5,seed_milpsnap_grid5x5_k10.json,1281,25,40,67,36.0522,7.69658357204351e-05,0.902,OPTIMAL
grid_5x5,seed_milpsnap_grid5x5_k10.json,1282,25,40,64,36.0522,7.696583572062955e-05,0.926,OPTIMAL
grid_5x5,seed_milpsnap_grid5x5_k10.json,1283,25,40,61,36.0522,7.69658357204351e-05,0.886,OPTIMAL
grid_5x5,seed_milpsnap_grid5x5_k10.json,1284,25,40,62,36.0522,7.69658357204351e-05,0.865,OPTIMAL
grid_5x5,seed_milpsnap_grid5x5_k10.json,1285,25,40,58,36.0522,7.69658357204351e-05,0.798,OPTIMAL
grid_5x5,seed_milpsnap_grid5x5_k10.json,1286,25,40,57,36.0522,7.696583572062955e-05,0.773,OPTIMAL
grid_5x5,seed_milpsnap_grid5x5_k10.json,1287,25,40,59,36.0522,7.696583572062955e-05,0.843,OPTIMAL
grid_5x5,seed_milpsnap_grid5x5_k10.json,1288,25,40,61,36.0522,7.696583572062955e-05,0.87,OPTIMAL
grid_5x5,seed_milpsnap_grid5x5_k10.json,1289,25,40,64,36.0522,7.696583572062955e-05,0.884,OPTIMAL
grid_5x5,seed_milpsnap_grid5x5_k10.json,1290,25,40,67,36.0522,7.69658357204351e-05,0.965,OPTIMAL
grid_5x5,seed_milpsnap_grid5x5_k10.json,1291,25,40,59,36.0522,9.406935476965832e-05,0.809,OPTIMAL
grid_5x5,seed_milpsnap_grid5x5_k10.json,1292,25,40,62,36.0522,7.696583572062955e-05,0.85,OPTIMAL
grid_5x5,seed_milpsnap_grid5x5_k10.json,1293,25,40,64,36.0522,7.696583572082397e-05,0.946,OPTIMAL
grid_5x5,seed_milpsnap_grid5x5_k10.json,1294,25,40,66,36.0522,7.696583572082397e-05,0.961,OPTIMAL
grid_5x5,seed_milpsnap_grid5x5_k10.json,1295,25,40,62,36.0522,7.696583572082397e-05,0.897,OPTIMAL
grid_5x5,seed_milpsnap_grid5x5_k10.json,1296,25,40,61,36.0522,7.696583572062952e-05,0.838,OPTIMAL
grid_5x5,seed_milpsnap_grid5x5_k10.json,1297,25,40,63,36.0522,7.69658357204351e-05,0.874,OPTIMAL
grid_5x5,seed_milpsnap_grid5x5_k10.json,1298,25,40,65,36.0522,7.696583572062952e-05,0.923,OPTIMAL
grid_5x5,seed_milpsnap_grid5x5_k10.json,1299,25,40,69,36.0522,7.696583572062955e-05,0.963,OPTIMAL
grid_5x5,seed_milpsnap_grid5x5_k10.json,1300,25,40,69,36.0522,7.696583572062952e-05,1.015,OPTIMAL
grid_5x5,seed_milpsnap_grid5x5_k10.json,1301,25,40,75,36.0522,7.696583572082397e-05,1.047,OPTIMAL
grid_5x5,seed_milpsnap_grid5x5_k10.json,1302,25,40,73,36.0522,7.696583572062955e-05,1.0,OPTIMAL
grid_5x5,seed_milpsnap_grid5x5_k10.json,1303,25,40,70,36.0522,7.696583572062952e-05,1.008,OPTIMAL
grid_5x5,seed_milpsnap_grid5x5_k10.json,1304,25,40,67,36.0522,7.69658357204351e-05,0.885,OPTIMAL
grid_5x5,seed_milpsnap_grid5x5_k10.json,1305,25,40,67,36.0522,7.696583572062955e-05,0.948,OPTIMAL
grid_5x5,seed_milpsnap_grid5x5_k10.json,1306,25,40,67,36.0522,7.696583572082397e-05,0.94,OPTIMAL
grid_5x5,seed_milpsnap_grid5x5_k10.json,1307,25,40,66,36.0522,7.696583572062952e-05,0.911,OPTIMAL
grid_5x5,seed_milpsnap_grid5x5_k10.json,1308,25,40,67,36.0522,7.696583572082397e-05,0.969,OPTIMAL
grid_5x5,seed_milpsnap_grid5x5_k10.json,1309,25,40,71,36.0522,7.696583572062952e-05,0.981,OPTIMAL
grid_5x5,seed_milpsnap_grid5x5_k10.json,1310,25,40,74,36.0522,7.696583572062955e-05,1.035,OPTIMAL
grid_5x5,seed_milpsnap_grid5x5_k10.json,1311,25,40,72,36.0522,7.696583572082397e-05,1.003,OPTIMAL
grid_5x5,seed_milpsnap_grid5x5_k10.json,1312,25,40,72,36.0522,7.696583572062955e-05,1.032,OPTIMAL
grid_5x5,seed_milpsnap_grid5x5_k10.json,1313,25,40,72,36.0522,7.69658357204351e-05,1.009,OPTIMAL
grid_5x5,seed_milpsnap_grid5x5_k10.json,1314,25,40,69,36.0522,7.696583572062952e-05,0.976,OPTIMAL
grid_5x5,seed_milpsnap_grid5x5_k10.json,1315,25,40,71,36.0522,7.69658357204351e-05,0.991,OPTIMAL
grid_5x5,seed_milpsnap_grid5x5_k10.json,1316,25,40,63,36.0522,7.696583572082397e-05,0.87,OPTIMAL
grid_5x5,seed_milpsnap_grid5x5_k10.json,1317,25,40,70,36.0522,7.69658357204351e-05,0.99,OPTIMAL
grid_5x5,seed_milpsnap_grid5x5_k10.json,1318,25,40,72,36.0522,7.69658357204351e-05,1.051,OPTIMAL
grid_5x5,seed_milpsnap_grid5x5_k10.json,1319,25,40,73,36.0522,7.696583572062952e-05,1.043,OPTIMAL
grid_5x5,seed_milpsnap_grid5x5_k10.json,1320,25,40,70,36.0522,7.69658357204351e-05,0.987,OPTIMAL
grid_5x5,seed_milpsnap_grid5x5_k10.json,1321,25,40,72,36.0522,7.696583572062955e-05,1.06,OPTIMAL
grid_5x5,seed_milpsnap_grid5x5_k10.json,1322,25,40,77,36.0522,7.696583572062955e-05,1.126,OPTIMAL
grid_5x5,seed_milpsnap_grid5x5_k10.json,1323,25,40,75,36.0522,7.69658357204351e-05,1.102,OPTIMAL
grid_5x5,seed_milpsnap_grid5x5_k10.json,1324,25,40,75,36.0522,7.696583572062955e-05,1.094,OPTIMAL
grid_5x5,seed_milpsnap_grid5x5_k10.json,1325,25,40,73,36.0522,7.69658357204351e-05,1.058,OPTIMAL
grid_5x5,seed_milpsnap_grid5x5_k10.json,1326,25,40,73,36.0522,7.69658357204351e-05,1.055,OPTIMAL
grid_5x5,seed_milpsnap_grid5x5_k10.json,1327,25,40,73,36.0522,7.69658357204351e-05,1.071,OPTIMAL
grid_5x5,seed_milpsnap_grid5x5_k10.json,1328,25,40,70,36.0522,7.696583572062952e-05,1.066,OPTIMAL
grid_5x5,seed_milpsnap_grid5x5_k10.json,1329,25,40,69,36.0522,7.696583572082397e-05,0.989,OPTIMAL
grid_5x5,seed_milpsnap_grid5x5_k10.json,1330,25,40,69,36.0522,7.696583572082397e-05,0.994,OPTIMAL
grid_5x5,seed_milpsnap_grid5x5_k10.json,1331,25,40,75,36.0522,7.69658357204351e-05,1.079,OPTIMAL
grid_5x5,seed_milpsnap_grid5x5_k10.json,1332,25,40,67,36.0522,7.69658357204351e-05,0.96,OPTIMAL
grid_5x5,seed_milpsnap_grid5x5_k10.json,1333,25,40,70,36.0522,7.696583572082397e-05,1.006,OPTIMAL
grid_5x5,seed_milpsnap_grid5x5_k10.json,1334,25,40,69,36.0522,7.696583572062955e-05,0.999,OPTIMAL
grid_5x5,seed_milpsnap_grid5x5_k10.json,1335,25,40,71,36.0522,7.696583572062952e-05,0.98,OPTIMAL
grid_5x5,seed_milpsnap_grid5x5_k10.json,1336,25,40,68,36.0522,7.696583572082397e-05,0.919,OPTIMAL
grid_5x5,seed_milpsnap_grid5x5_k10.json,1337,25,40,61,36.0522,7.696583572062955e-05,0.823,OPTIMAL
grid_5x5,seed_milpsnap_grid5x5_k10.json,1338,25,40,59,36.0522,7.696583572082397e-05,0.826,OPTIMAL
grid_5x5,seed_milpsnap_grid5x5_k10.json,1339,25,40,57,36.0522,7.696583572062955e-05,0.802,OPTIMAL
grid_5x5,seed_milpsnap_grid5x5_k10.json,1340,25,40,56,36.0522,7.696583572062955e-05,0.789,OPTIMAL
grid_5x5,seed_milpsnap_grid5x5_k10.json,1341,25,40,61,36.0522,7.69658357204351e-05,0.825,OPTIMAL
grid_5x5,seed_milpsnap_grid5x5_k10.json,1342,25,40,66,36.0522,7.696583572062955e-05,0.933,OPTIMAL
grid_5x5,seed_milpsnap_grid5x5_k10.json,1343,25,40,72,36.0522,7.696583572082397e-05,1.026,OPTIMAL
grid_5x5,seed_milpsnap_grid5x5_k10.json,1344,25,40,75,36.0522,7.696583572082397e-05,1.107,OPTIMAL
grid_5x5,seed_milpsnap_grid5x5_k10.json,1345,25,40,76,36.0522,7.696583572062955e-05,1.12,OPTIMAL
grid_5x5,seed_milpsnap_grid5x5_k10.json,1346,25,40,72,36.0522,7.69658357204351e-05,0.991,OPTIMAL
grid_5x5,seed_milpsnap_grid5x5_k10.json,1347,25,40,74,36.0522,7.696583572062955e-05,1.034,OPTIMAL
grid_5x5,seed_milpsnap_grid5x5_k10.json,1348,25,40,69,36.0522,7.69658357204351e-05,0.943,OPTIMAL
grid_5x5,seed_milpsnap_grid5x5_k10.json,1349,25,40,70,36.0522,7.696583572062952e-05,0.958,OPTIMAL
grid_5x5,seed_milpsnap_grid5x5_k10.json,1350,25,40,71,36.0522,7.696583572082397e-05,1.018,OPTIMAL
grid_5x5,seed_milpsnap_grid5x5_k10.json,1351,25,40,74,36.0522,7.696583572062952e-05,1.099,OPTIMAL
grid_5x5,seed_milpsnap_grid5x5_k10.json,1352,25,40,75,36.0522,7.69658357204351e-05,1.08,OPTIMAL
grid_5x5,seed_milpsnap_grid5x5_k10.json,1353,25,40,75,36.0522,7.69658357204351e-05,1.084,OPTIMAL
grid_5x5,seed_milpsnap_grid5x5_k10.json,1354,25,40,75,36.0522,0.0,1.087,OPTIMAL
grid_5x5,seed_milpsnap_grid5x5_k10.json,1355,25,40,78,36.0522,7.696583572062955e-05,1.129,OPTIMAL
grid_5x5,seed_milpsnap_grid5x5_k10.json,1356,25,40,76,36.0522,7.696583572062955e-05,1.086,OPTIMAL
grid_5x5,seed_milpsnap_grid5x5_k10.json,1357,25,40,75,36.0522,7.69658357204351e-05,1.051,OPTIMAL
grid_5x5,seed_milpsnap_grid5x5_k10.json,1358,25,40,73,36.0522,7.69658357204351e-05,1.059,OPTIMAL
grid_5x5,seed_milpsnap_grid5x5_k10.json,1359,25,40,73,36.0522,7.696583572062955e-05,1.065,OPTIMAL
grid_5x5,seed_milpsnap_grid5x5_k10.json,1360,25,40,1,84.0167,0.0,0.008,OPTIMAL
grid_5x5,seed_milpsnap_grid5x5_k10.json,1361,25,40,7,44.0512,0.0,0.083,OPTIMAL
grid_5x5,seed_milpsnap_grid5x5_k10.json,1362,25,40,13,40.0492,0.0,0.126,OPTIMAL
grid_5x5,seed_milpsnap_grid5x5_k10.json,1363,25,40,15,40.0492,0.0,0.144,OPTIMAL
grid_5x5,seed_milpsnap_grid5x5_k10.json,1364,25,40,21,40.0492,0.0,0.151,OPTIMAL
grid_5x5,seed_milpsnap_grid5x5_k10.json,1365,25,40,27,36.0522,0.0,0.325,OPTIMAL
grid_5x5,seed_milpsnap_grid5x5_k10.json,1366,25,40,32,36.0522,0.0,0.431,OPTIMAL
grid_5x5,seed_milpsnap_grid5x5_k10.json,1367,25,40,40,36.0522,7.696583572062955e-05,0.478,OPTIMAL
grid_5x5,seed_milpsnap_grid5x5_k10.json,1368,25,40,42,36.0522,7.696583572062955e-05,0.496,OPTIMAL
grid_5x5,seed_milpsnap_grid5x5_k10.json,1369,25,40,46,36.0522,7.696583572082397e-05,0.544,OPTIMAL
grid_5x5,seed_milpsnap_grid5x5_k10.json,1370,25,40,54,36.0522,7.696583572062955e-05,0.75,OPTIMAL
grid_5x5,seed_milpsnap_grid5x5_k10.json,1371,25,40,56,36.0522,7.696583572062955e-05,0.773,OPTIMAL
grid_5x5,seed_milpsnap_grid5x5_k10.json,1372,25,40,61,36.0522,7.696583572082397e-05,0.867,OPTIMAL
grid_5x5,seed_milpsnap_grid5x5_k10.json,1373,25,40,67,36.0522,7.696583572082397e-05,0.937,OPTIMAL
grid_5x5,seed_milpsnap_grid5x5_k10.json,1374,25,40,74,36.0522,7.696583572062955e-05,1.092,OPTIMAL
grid_5x5,seed_milpsnap_grid5x5_k10.json,1375,25,40,80,36.0522,7.696583572062955e-05,1.154,OPTIMAL
grid_5x5,seed_milpsnap_grid5x5_k10.json,1376,25,40,79,36.0522,7.69658357204351e-05,1.166,OPTIMAL
grid_5x5,seed_milpsnap_grid5x5_k10.json,1377,25,40,77,36.0522,7.69658357204351e-05,1.098,OPTIMAL
grid_5x5,seed_milpsnap_grid5x5_k10.json,1378,25,40,79,36.0522,7.696583572062952e-05,1.172,OPTIMAL
grid_5x5,seed_milpsnap_grid5x5_k10.json,1379,25,40,76,36.0522,7.696583572062952e-05,1.095,OPTIMAL
grid_5x5,seed_milpsnap_grid5x5_k10.json,1380,25,40,74,36.0522,7.696583572062952e-05,1.029,OPTIMAL
grid_5x5,seed_milpsnap_grid5x5_k10.json,1381,25,40,70,36.0522,7.696583572062952e-05,1.028,OPTIMAL
grid_5x5,seed_milpsnap_grid5x5_k10.json,1382,25,40,65,36.0522,7.69658357204351e-05,0.926,OPTIMAL
grid_5x5,seed_milpsnap_grid5x5_k10.json,1383,25,40,66,36.0522,7.696583572062952e-05,0.943,OPTIMAL
grid_5x5,seed_milpsnap_grid5x5_k10.json,1384,25,40,65,36.0522,7.696583572062952e-05,0.881,OPTIMAL
grid_5x5,seed_milpsnap_grid5x5_k10.json,1385,25,40,59,36.0522,7.696583572062952e-05,0.83,OPTIMAL
grid_5x5,seed_milpsnap_grid5x5_k10.json,1386,25,40,65,36.0522,7.696583572082397e-05,0.923,OPTIMAL
grid_5x5,seed_milpsnap_grid5x5_k10.json,1387,25,40,65,36.0522,7.69658357204351e-05,0.921,OPTIMAL
grid_5x5,seed_milpsnap_grid5x5_k10.json,1388,25,40,65,36.0522,7.696583572082397e-05,0.906,OPTIMAL
grid_5x5,seed_milpsnap_grid5x5_k10.json,1389,25,40,60,36.0522,7.696583572082397e-05,0.836,OPTIMAL
grid_5x5,seed_milpsnap_grid5x5_k10.json,1390,25,40,59,36.0522,7.696583572062955e-05,0.815,OPTIMAL
grid_5x5,seed_milpsnap_grid5x5_k10.json,1391,25,40,55,36.0522,7.696583572062955e-05,0.777,OPTIMAL
grid_5x5,seed_milpsnap_grid5x5_k10.json,1392,25,40,52,36.0522,7.696583572062955e-05,0.704,OPTIMAL
grid_5x5,seed_milpsnap_grid5x5_k10.json,1393,25,40,57,36.0522,7.696583572062955e-05,0.814,OPTIMAL
grid_5x5,seed_milpsnap_grid5x5_k10.json,1394,25,40,60,36.0522,7.696583572062955e-05,0.825,OPTIMAL
grid_5x5,seed_milpsnap_grid5x5_k10.json,1395,25,40,59,36.0522,7.696583572062955e-05,0.835,OPTIMAL
grid_5x5,seed_milpsnap_grid5x5_k10.json,1396,25,40,61,36.0522,7.696583572062955e-05,0.88,OPTIMAL
grid_5x5,seed_milpsnap_grid5x5_k10.json,1397,25,40,64,36.0522,7.69658357204351e-05,0.906,OPTIMAL
grid_5x5,seed_milpsnap_grid5x5_k10.json,1398,25,40,66,36.0522,7.696583572082397e-05,0.922,OPTIMAL
grid_5x5,seed_milpsnap_grid5x5_k10.json,1399,25,40,69,36.0522,7.69658357204351e-05,0.945,OPTIMAL
grid_5x5,seed_milpsnap_grid5x5_k10.json,1400,25,40,72,36.0522,7.69658357204351e-05,1.038,OPTIMAL
grid_5x5,seed_milpsnap_grid5x5_k10.json,1401,25,40,70,36.0522,7.69658357204351e-05,1.042,OPTIMAL
grid_5x5,seed_milpsnap_grid5x5_k10.json,1402,25,40,72,36.0522,7.69658357204351e-05,1.083,OPTIMAL
grid_5x5,seed_milpsnap_grid5x5_k10.json,1403,25,40,71,36.0522,7.696583572082397e-05,1.034,OPTIMAL
grid_5x5,seed_milpsnap_grid5x5_k10.json,1404,25,40,73,36.0522,7.696583572082397e-05,1.121,OPTIMAL
grid_5x5,seed_milpsnap_grid5x5_k10.json,1405,25,40,70,36.0522,7.696583572082397e-05,1.033,OPTIMAL
grid_5x5,seed_milpsnap_grid5x5_k10.json,1406,25,40,72,36.0522,7.696583572062955e-05,1.021,OPTIMAL
grid_5x5,seed_milpsnap_grid5x5_k10.json,1407,25,40,75,36.0522,7.696583572062955e-05,1.113,OPTIMAL
grid_5x5,seed_milpsnap_grid5x5_k10.json,1408,25,40,70,36.0522,7.696583572062955e-05,1.024,OPTIMAL
grid_5x5,seed_milpsnap_grid5x5_k10.json,1409,25,40,69,36.0522,7.696583572062952e-05,0.959,OPTIMAL
grid_5x5,seed_milpsnap_grid5x5_k10.json,1410,25,40,68,36.0522,7.696583572062952e-05,0.972,OPTIMAL
grid_5x5,seed_milpsnap_grid5x5_k10.json,1411,25,40,68,36.0522,7.696583572082397e-05,0.995,OPTIMAL
grid_5x5,seed_milpsnap_grid5x5_k10.json,1412,25,40,69,36.0522,7.69658357204351e-05,0.993,OPTIMAL
grid_5x5,seed_milpsnap_grid5x5_k10.json,1413,25,40,67,36.0522,7.69658357204351e-05,0.964,OPTIMAL
grid_5x5,seed_milpsnap_grid5x5_k10.json,1414,25,40,68,36.0522,7.69658357204351e-05,0.982,OPTIMAL
grid_5x5,seed_milpsnap_grid5x5_k10.json,1415,25,40,65,36.0522,7.696583572062955e-05,0.936,OPTIMAL
grid_5x5,seed_milpsnap_grid5x5_k10.json,1416,25,40,63,36.0522,7.69658357204351e-05,0.909,OPTIMAL
grid_5x5,seed_milpsnap_grid5x5_k10.json,1417,25,40,61,36.0522,7.696583572062952e-05,0.832,OPTIMAL
grid_5x5,seed_milpsnap_grid5x5_k10.json,1418,25,40,60,36.0522,7.69658357204351e-05,0.835,OPTIMAL
grid_5x5,seed_milpsnap_grid5x5_k10.json,1419,25,40,62,36.0522,7.69658357204351e-05,0.864,OPTIMAL
grid_5x5,seed_milpsnap_grid5x5_k10.json,1420,25,40,64,36.0522,7.69658357204351e-05,0.907,OPTIMAL
grid_5x5,seed_milpsnap_grid5x5_k10.json,1421,25,40,67,36.0522,7.696583572062952e-05,0.963,OPTIMAL
grid_5x5,seed_milpsnap_grid5x5_k10.json,1422,25,40,63,36.0522,7.696583572082397e-05,0.884,OPTIMAL
grid_5x5,seed_milpsnap_grid5x5_k10.json,1423,25,40,65,36.0522,7.696583572062952e-05,0.877,OPTIMAL
grid_5x5,seed_milpsnap_grid5x5_k10.json,1424,25,40,66,36.0522,7.696583572062955e-05,0.924,OPTIMAL
grid_5x5,seed_milpsnap_grid5x5_k10.json,1425,25,40,72,36.0522,7.696583572082397e-05,1.065,OPTIMAL
grid_5x5,seed_milpsnap_grid5x5_k10.json,1426,25,40,72,36.0522,7.69658357204351e-05,1.077,OPTIMAL
grid_5x5,seed_milpsnap_grid5x5_k10.json,1427,25,40,67,36.0522,7.696583572082397e-05,0.969,OPTIMAL
grid_5x5,seed_milpsnap_grid5x5_k10.json,1428,25,40,67,36.0522,7.696583572062955e-05,0.959,OPTIMAL
grid_5x5,seed_milpsnap_grid5x5_k10.json,1429,25,40,66,36.0522,7.69658357204351e-05,0.908,OPTIMAL
grid_5x5,seed_milpsnap_grid5x5_k10.json,1430,25,40,66,36.0522,7.69658357204351e-05,0.873,OPTIMAL
grid_5x5,seed_milpsnap_grid5x5_k10.json,1431,25,40,70,36.0522,7.696583572062955e-05,1.025,OPTIMAL
grid_5x5,seed_milpsnap_grid5x5_k10.json,1432,25,40,69,36.0522,7.69658357204351e-05,0.968,OPTIMAL
grid_5x5,seed_milpsnap_grid5x5_k10.json,1433,25,40,68,36.0522,7.696583572062955e-05,0.958,OPTIMAL
grid_5x5,seed_milpsnap_grid5x5_k10.json,1434,25,40,65,36.0522,7.696583572082397e-05,0.873,OPTIMAL
grid_5x5,seed_milpsnap_grid5x5_k10.json,1435,25,40,65,36.0522,7.696583572062955e-05,0.881,OPTIMAL
grid_5x5,seed_milpsnap_grid5x5_k10.json,1436,25,40,64,36.0522,7.696583572062955e-05,0.894,OPTIMAL
grid_5x5,seed_milpsnap_grid5x5_k10.json,1437,25,40,73,36.0522,7.69658357204351e-05,1.045,OPTIMAL
grid_5x5,seed_milpsnap_grid5x5_k10.json,1438,25,40,71,36.0522,7.696583572062952e-05,1.009,OPTIMAL
grid_5x5,seed_milpsnap_grid5x5_k10.json,1439,25,40,69,36.0522,7.69658357204351e-05,0.977,OPTIMAL
grid_5x5,seed_milpsnap_grid5x5_k10.json,1440,25,40,66,36.0522,7.696583572062955e-05,0.904,OPTIMAL
grid_5x5,seed_milpsnap_grid5x5_k10.json,1441,25,40,70,36.0522,7.696583572082397e-05,0.941,OPTIMAL
grid_5x5,seed_milpsnap_grid5x5_k10.json,1442,25,40,72,36.0522,7.696583572082397e-05,1.05,OPTIMAL
grid_5x5,seed_milpsnap_grid5x5_k10.json,1443,25,40,76,36.0522,7.696583572062955e-05,1.071,OPTIMAL
grid_5x5,seed_milpsnap_grid5x5_k10.json,1444,25,40,77,36.0522,7.696583572062955e-05,1.115,OPTIMAL
grid_5x5,seed_milpsnap_grid5x5_k10.json,1445,25,40,81,36.0522,7.696583572062955e-05,1.152,OPTIMAL
grid_5x5,seed_milpsnap_grid5x5_k10.json,1446,25,40,79,36.0522,7.696583572062955e-05,1.2,OPTIMAL
grid_5x5,seed_milpsnap_grid5x5_k10.json,1447,25,40,81,36.0522,7.696583572082397e-05,1.153,OPTIMAL
grid_5x5,seed_milpsnap_grid5x5_k10.json,1448,25,40,83,36.0522,7.696583572062955e-05,1.307,OPTIMAL
grid_5x5,seed_milpsnap_grid5x5_k10.json,1449,25,40,83,36.0522,7.696583572062955e-05,1.333,OPTIMAL
grid_5x5,seed_milpsnap_grid5x5_k10.json,1450,25,40,83,36.0522,7.696583572062955e-05,1.316,OPTIMAL
grid_5x5,seed_milpsnap_grid5x5_k10.json,1451,25,40,81,36.0522,7.696583572062955e-05,1.142,OPTIMAL
grid_5x5,seed_milpsnap_grid5x5_k10.json,1452,25,40,75,36.0522,7.696583572082397e-05,1.169,OPTIMAL
grid_5x5,seed_milpsnap_grid5x5_k10.json,1453,25,40,76,36.0522,7.696583572062955e-05,1.069,OPTIMAL
grid_5x5,seed_milpsnap_grid5x5_k10.json,1454,25,40,77,36.0522,7.69658357204351e-05,1.12,OPTIMAL
grid_5x5,seed_milpsnap_grid5x5_k10.json,1455,25,40,77,36.0522,7.696583572062955e-05,1.061,OPTIMAL
grid_5x5,seed_milpsnap_grid5x5_k10.json,1456,25,40,71,36.0522,7.696583572082397e-05,1.028,OPTIMAL
grid_5x5,seed_milpsnap_grid5x5_k10.json,1457,25,40,72,36.0522,7.696583572082397e-05,1.023,OPTIMAL
grid_5x5,seed_milpsnap_grid5x5_k10.json,1458,25,40,68,36.0522,7.696583572062952e-05,0.957,OPTIMAL
grid_5x5,seed_milpsnap_grid5x5_k10.json,1459,25,40,64,36.0522,7.69658357204351e-05,0.862,OPTIMAL
grid_5x5,seed_milpsnap_grid5x5_k10.json,1460,25,40,63,36.0522,7.696583572062955e-05,0.892,OPTIMAL
grid_5x5,seed_milpsnap_grid5x5_k10.json,1461,25,40,60,36.0522,7.69658357204351e-05,0.852,OPTIMAL
grid_5x5,seed_milpsnap_grid5x5_k10.json,1462,25,40,60,36.0522,7.69658357204351e-05,0.851,OPTIMAL
grid_5x5,seed_milpsnap_grid5x5_k10.json,1463,25,40,60,36.0522,7.69658357204351e-05,0.859,OPTIMAL
grid_5x5,seed_milpsnap_grid5x5_k10.json,1464,25,40,58,36.0522,7.69658357204351e-05,0.827,OPTIMAL
grid_5x5,seed_milpsnap_grid5x5_k10.json,1465,25,40,58,36.0522,7.696583572082397e-05,0.83,OPTIMAL
grid_5x5,seed_milpsnap_grid5x5_k10.json,1466,25,40,61,36.0522,7.69658357204351e-05,0.851,OPTIMAL
grid_5x5,seed_milpsnap_grid5x5_k10.json,1467,25,40,60,36.0522,7.696583572062955e-05,0.867,OPTIMAL
grid_5x5,seed_milpsnap_grid5x5_k10.json,1468,25,40,67,36.0522,7.696583572082397e-05,0.958,OPTIMAL
grid_5x5,seed_milpsnap_grid5x5_k10.json,1469,25,40,65,36.0522,7.696583572062952e-05,0.907,OPTIMAL
grid_5x5,seed_milpsnap_grid5x5_k10.json,1470,25,40,65,36.0522,7.696583572062955e-05,0.899,OPTIMAL
grid_5x5,seed_milpsnap_grid5x5_k10.json,1471,25,40,67,36.0522,7.69658357204351e-05,0.95,OPTIMAL
grid_5x5,seed_milpsnap_grid5x5_k10.json,1472,25,40,66,36.0522,7.696583572082397e-05,0.942,OPTIMAL
grid_5x5,seed_milpsnap_grid5x5_k10.json,1473,25,40,72,36.0522,7.69658357204351e-05,1.006,OPTIMAL
grid_5x5,seed_milpsnap_grid5x5_k10.json,1474,25,40,71,36.0522,7.696583572082397e-05,1.045,OPTIMAL
grid_5x5,seed_milpsnap_grid5x5_k10.json,1475,25,40,69,36.0522,7.696583572062952e-05,0.985,OPTIMAL
grid_5x5,seed_milpsnap_grid5x5_k10.json,1476,25,40,71,36.0522,7.696583572062955e-05,1.03,OPTIMAL
grid_5x5,seed_milpsnap_grid5x5_k10.json,1477,25,40,70,36.0522,7.69658357204351e-05,0.995,OPTIMAL
grid_5x5,seed_milpsnap_grid5x5_k10.json,1478,25,40,73,36.0522,7.696583572082397e-05,1.065,OPTIMAL
grid_5x5,seed_milpsnap_grid5x5_k10.json,1479,25,40,74,36.0522,7.696583572062952e-05,1.061,OPTIMAL
grid_5x5,seed_milpsnap_grid5x5_k10.json,1480,25,40,75,36.0522,7.69658357204351e-05,1.026,OPTIMAL
grid_5x5,seed_milpsnap_grid5x5_k10.json,1481,25,40,71,36.0522,7.696583572062955e-05,0.999,OPTIMAL
grid_5x5,seed_milpsnap_grid5x5_k10.json,1482,25,40,80,36.0522,7.69658357204351e-05,1.134,OPTIMAL
grid_5x5,seed_milpsnap_grid5x5_k10.json,1483,25,40,77,36.0522,7.69658357204351e-05,1.068,OPTIMAL
grid_5x5,seed_milpsnap_grid5x5_k10.json,1484,25,40,78,36.0522,7.696583572082397e-05,1.072,OPTIMAL
grid_5x5,seed_milpsnap_grid5x5_k10.json,1485,25,40,75,36.0522,7.696583572082397e-05,1.078,OPTIMAL
grid_5x5,seed_milpsnap_grid5x5_k10.json,1486,25,40,78,36.0522,7.696583572062955e-05,1.161,OPTIMAL
grid_5x5,seed_milpsnap_grid5x5_k10.json,1487,25,40,82,36.0522,7.69658357204351e-05,1.176,OPTIMAL
grid_5x5,seed_milpsnap_grid5x5_k10.json,1488,25,40,75,36.0522,7.69658357204351e-05,1.098,OPTIMAL
grid_5x5,seed_milpsnap_grid5x5_k10.json,1489,25,40,82,36.0522,7.696583572082397e-05,1.189,OPTIMAL
grid_5x5,seed_milpsnap_grid5x5_k10.json,1490,25,40,86,36.0522,7.696583572062952e-05,1.34,OPTIMAL
grid_5x5,seed_milpsnap_grid5x5_k10.json,1491,25,40,89,36.0522,7.696583572082397e-05,1.266,OPTIMAL
grid_5x5,seed_milpsnap_grid5x5_k10.json,1492,25,40,92,36.0522,7.696583572082397e-05,1.26,OPTIMAL
grid_5x5,seed_milpsnap_grid5x5_k10.json,1493,25,40,86,36.0522,7.696583572062955e-05,1.39,OPTIMAL
grid_5x5,seed_milpsnap_grid5x5_k10.json,1494,25,40,86,36.0522,0.0,1.346,OPTIMAL
grid_5x5,seed_milpsnap_grid5x5_k10.json,1495,25,40,84,36.0522,7.696583572062955e-05,1.279,OPTIMAL
grid_5x5,seed_milpsnap_grid5x5_k10.json,1496,25,40,88,36.0522,7.696583572062955e-05,1.481,OPTIMAL
grid_5x5,seed_milpsnap_grid5x5_k10.json,1497,25,40,79,36.0522,7.69658357204351e-05,1.177,OPTIMAL
grid_5x5,seed_milpsnap_grid5x5_k10.json,1498,25,40,78,36.0522,7.696583572082397e-05,1.141,OPTIMAL
grid_5x5,seed_milpsnap_grid5x5_k10.json,1499,25,40,79,36.0522,7.69658357204351e-05,1.141,OPTIMAL
grid_5x5,seed_milpsnap_grid5x5_k10.json,1500,25,40,83,36.0522,7.696583572082397e-05,1.343,OPTIMAL
grid_5x5,seed_milpsnap_grid5x5_k10.json,1501,25,40,83,36.0522,7.696583572062955e-05,1.336,OPTIMAL
grid_5x5,seed_milpsnap_grid5x5_k10.json,1502,25,40,77,36.0522,7.696583572062952e-05,1.142,OPTIMAL
grid_5x5,seed_milpsnap_grid5x5_k10.json,1503,25,40,82,36.0522,7.696583572062952e-05,1.17,OPTIMAL
grid_5x5,seed_milpsnap_grid5x5_k10.json,1504,25,40,76,36.0522,7.69658357204351e-05,1.06,OPTIMAL
grid_5x5,seed_milpsnap_grid5x5_k10.json,1505,25,40,80,36.0522,7.69658357204351e-05,1.175,OPTIMAL
grid_5x5,seed_milpsnap_grid5x5_k10.json,1506,25,40,76,36.0522,7.696583572062952e-05,1.093,OPTIMAL
grid_5x5,seed_milpsnap_grid5x5_k10.json,1507,25,40,72,36.0522,7.696583572082397e-05,1.035,OPTIMAL
grid_5x5,seed_milpsnap_grid5x5_k10.json,1508,25,40,72,36.0522,7.696583572062952e-05,1.059,OPTIMAL
grid_5x5,seed_milpsnap_grid5x5_k10.json,1509,25,40,73,36.0522,7.696583572062955e-05,1.085,OPTIMAL
grid_5x5,seed_milpsnap_grid5x5_k10.json,1510,25,40,76,36.0522,7.696583572062955e-05,1.115,OPTIMAL
