topo,seed_file,batch,n_switches,n_links,n_flows,energy_saving_percent,mip_gap,solve_time_sec,status
grid_5x5,seed_milpsnap_grid5x5_mid.json,1,25,40,1,80.0197,0.0,0.098,OPTIMAL
grid_5x5,seed_milpsnap_grid5x5_mid.json,2,25,40,3,64.0315,0.0,0.029,OPTIMAL
grid_5x5,seed_milpsnap_grid5x5_mid.json,3,25,40,6,44.0463,0.0,0.162,OPTIMAL
grid_5x5,seed_milpsnap_grid5x5_mid.json,4,25,40,9,40.0492,0.0,0.235,OPTIMAL
grid_5x5,seed_milpsnap_grid5x5_mid.json,5,25,40,15,40.0492,0.0,0.16,OPTIMAL
grid_5x5,seed_milpsnap_grid5x5_mid.json,6,25,40,21,36.0522,0.0,0.398,OPTIMAL
grid_5x5,seed_milpsnap_grid5x5_mid.json,7,25,40,24,36.0522,0.0,0.39,OPTIMAL
grid_5x5,seed_milpsnap_grid5x5_mid.json,8,25,40,28,36.0522,0.0,0.578,OPTIMAL
grid_5x5,seed_milpsnap_grid5x5_mid.json,9,25,40,31,36.0522,0.0,0.697,OPTIMAL
grid_5x5,seed_milpsnap_grid5x5_mid.json,10,25,40,34,36.0522,0.0,1.032,OPTIMAL
grid_5x5,seed_milpsnap_grid5x5_mid.json,11,25,40,39,36.0522,7.696583572062955e-05,0.711,OPTIMAL
grid_5x5,seed_milpsnap_grid5x5_mid.json,12,25,40,42,36.0522,7.696583572062955e-05,0.848,OPTIMAL
grid_5x5,seed_milpsnap_grid5x5_mid.json,13,25,40,49,36.0522,7.696583572062955e-05,1.023,OPTIMAL
grid_5x5,seed_milpsnap_grid5x5_mid.json,14,25,40,53,36.0522,7.696583572062955e-05,1.687,OPTIMAL
grid_5x5,seed_milpsnap_grid5x5_mid.json,15,25,40,59,36.0522,7.696583572062955e-05,1.168,OPTIMAL
grid_5x5,seed_milpsnap_grid5x5_mid.json,16,25,40,61,36.0522,7.696583572082397e-05,1.244,OPTIMAL
grid_5x5,seed_milpsnap_grid5x5_mid.json,17,25,40,64,36.0522,7.69658357204351e-05,1.349,OPTIMAL
grid_5x5,seed_milpsnap_grid5x5_mid.json,18,25,40,67,36.0522,7.69658357204351e-05,1.597,OPTIMAL
grid_5x5,seed_milpsnap_grid5x5_mid.json,19,25,40,68,36.0522,7.69658357204351e-05,1.947,OPTIMAL
grid_5x5,seed_milpsnap_grid5x5_mid.json,20,25,40,64,36.0522,7.696583572062955e-05,1.188,OPTIMAL
grid_5x5,seed_milpsnap_grid5x5_mid.json,21,25,40,59,36.0522,7.696583572062955e-05,1.117,OPTIMAL
grid_5x5,seed_milpsnap_grid5x5_mid.json,22,25,40,56,36.0522,7.696583572062955e-05,1.091,OPTIMAL
grid_5x5,seed_milpsnap_grid5x5_mid.json,23,25,40,59,36.0522,7.696583572062952e-05,1.075,OPTIMAL
grid_5x5,seed_milpsnap_grid5x5_mid.json,24,25,40,57,36.0522,7.696583572062955e-05,1.092,OPTIMAL
grid_5x5,seed_milpsnap_grid5x5_mid.json,25,25,40,61,36.0522,0.0,1.104,OPTIMAL
grid_5x5,seed_milpsnap_grid5x5_mid.json,26,25,40,57,36.0522,7.696583572062955e-05,1.033,OPTIMAL
grid_5x5,seed_milpsnap_grid5x5_mid.json,27,25,40,60,36.0522,7.696583572062955e-05,1.082,OPTIMAL
grid_5x5,seed_milpsnap_grid5x5_mid.json,28,25,40,63,36.0522,7.696583572062955e-05,1.189,OPTIMAL
grid_5x5,seed_milpsnap_grid5x5_mid.json,29,25,40,61,36.0522,7.69658357204351e-05,1.09,OPTIMAL
grid_5x5,seed_milpsnap_grid5x5_mid.json,30,25,40,60,36.0522,7.69658357204351e-05,1.112,OPTIMAL
grid_5x5,seed_milpsnap_grid5x5_mid.json,31,25,40,60,36.0522,7.696583572062955e-05,1.073,OPTIMAL
grid_5x5,seed_milpsnap_grid5x5_mid.json,32,25,40,62,36.0522,7.696583572062952e-05,1.166,OPTIMAL
grid_5x5,seed_milpsnap_grid5x5_mid.json,33,25,40,59,36.0522,7.69658357204351e-05,1.011,OPTIMAL
grid_5x5,seed_milpsnap_grid5x5_mid.json,34,25,40,58,36.0522,7.696583572062955e-05,1.048,OPTIMAL
grid_5x5,seed_milpsnap_grid5x5_mid.json,35,25,40,59,36.0522,7.696583572062955e-05,1.079,OPTIMAL
grid_5x5,seed_milpsnap_grid5x5_mid.json,36,25,40,63,36.0522,7.696583572062955e-05,1.166,OPTIMAL
grid_5x5,seed_milpsnap_grid5x5_mid.json,37,25,40,66,36.0522,7.696583572062955e-05,1.203,OPTIMAL
grid_5x5,seed_milpsnap_grid5x5_mid.json,38,25,40,64,36.0522,7.69658357204351e-05,1.111,OPTIMAL
grid_5x5,seed_milpsnap_grid5x5_mid.json,39,25,40,68,36.0522,7.696583572062952e-05,1.252,OPTIMAL
grid_5x5,seed_milpsnap_grid5x5_mid.json,40,25,40,65,36.0522,7.69658357204351e-05,1.163,OPTIMAL
grid_5x5,seed_milpsnap_grid5x5_mid.json,41,25,40,69,36.0522,7.69658357204351e-05,1.235,OPTIMAL
grid_5x5,seed_milpsnap_grid5x5_mid.json,42,25,40,65,36.0522,7.696583572062952e-05,1.168,OPTIMAL
grid_5x5,seed_milpsnap_grid5x5_mid.json,43,25,40,56,36.0522,7.696583572062955e-05,0.993,OPTIMAL
grid_5x5,seed_milpsnap_grid5x5_mid.json,44,25,40,60,36.0522,0.0,1.522,OPTIMAL
grid_5x5,seed_milpsnap_grid5x5_mid.json,45,25,40,58,36.0522,7.696583572062955e-05,1.045,OPTIMAL
grid_5x5,seed_milpsnap_grid5x5_mid.json,46,25,40,59,36.0522,0.0,1.069,OPTIMAL
grid_5x5,seed_milpsnap_grid5x5_mid.json,47,25,40,55,36.0522,7.696583572062955e-05,0.976,OPTIMAL
grid_5x5,seed_milpsnap_grid5x5_mid.json,48,25,40,58,36.0522,7.696583572062955e-05,1.021,OPTIMAL
grid_5x5,seed_milpsnap_grid5x5_mid.json,49,25,40,58,36.0522,7.696583572082397e-05,1.06,OPTIMAL
grid_5x5,seed_milpsnap_grid5x5_mid.json,50,25,40,56,36.0522,7.696583572062955e-05,1.044,OPTIMAL
grid_5x5,seed_milpsnap_grid5x5_mid.json,51,25,40,53,36.0522,7.696583572062955e-05,0.938,OPTIMAL
grid_5x5,seed_milpsnap_grid5x5_mid.json,52,25,40,57,36.0522,7.696583572082397e-05,1.026,OPTIMAL
grid_5x5,seed_milpsnap_grid5x5_mid.json,53,25,40,56,36.0522,7.696583572062955e-05,1.066,OPTIMAL
grid_5x5,seed_milpsnap_grid5x5_mid.json,54,25,40,55,36.0522,7.696583572062955e-05,0.98,OPTIMAL
grid_5x5,seed_milpsnap_grid5x5_mid.json,55,25,40,56,36.0522,7.696583572062955e-05,0.989,OPTIMAL
grid_5x5,seed_milpsnap_grid5x5_mid.json,56,25,40,57,36.0522,7.696583572082397e-05,1.023,OPTIMAL
grid_5x5,seed_milpsnap_grid5x5_mid.json,57,25,40,62,36.0522,7.69658357204351e-05,1.082,OPTIMAL
grid_5x5,seed_milpsnap_grid5x5_mid.json,58,25,40,63,36.0522,7.696583572062955e-05,1.164,OPTIMAL
grid_5x5,seed_milpsnap_grid5x5_mid.json,59,25,40,64,36.0522,7.696583572062955e-05,1.158,OPTIMAL
grid_5x5,seed_milpsnap_grid5x5_mid.json,60,25,40,68,36.0522,7.696583572082397e-05,1.239,OPTIMAL
grid_5x5,seed_milpsnap_grid5x5_mid.json,61,25,40,66,36.0522,7.696583572062955e-05,1.275,OPTIMAL
grid_5x5,seed_milpsnap_grid5x5_mid.json,62,25,40,63,36.0522,7.696583572062955e-05,1.181,OPTIMAL
grid_5x5,seed_milpsnap_grid5x5_mid.json,63,25,40,60,36.0522,7.696583572062955e-05,1.222,OPTIMAL
grid_5x5,seed_milpsnap_grid5x5_mid.json,64,25,40,62,36.0522,0.0,1.103,OPTIMAL
grid_5x5,seed_milpsnap_grid5x5_mid.json,65,25,40,62,36.0522,7.696583572082397e-05,1.165,OPTIMAL
grid_5x5,seed_milpsnap_grid5x5_mid.json,66,25,40,65,36.0522,7.696583572062955e-05,1.243,OPTIMAL
grid_5x5,seed_milpsnap_grid5x5_mid.json,67,25,40,60,36.0522,7.696583572062955e-05,1.081,OPTIMAL
grid_5x5,seed_milpsnap_grid5x5_mid.json,68,25,40,59,36.0522,7.696583572082397e-05,1.081,OPTIMAL
grid_5x5,seed_milpsnap_grid5x5_mid.json,69,25,40,60,36.0522,7.696583572082397e-05,1.074,OPTIMAL
grid_5x5,seed_milpsnap_grid5x5_mid.json,70,25,40,62,36.0522,7.696583572062952e-05,1.148,OPTIMAL
grid_5x5,seed_milpsnap_grid5x5_mid.json,71,25,40,58,36.0522,7.696583572082397e-05,1.044,OPTIMAL
grid_5x5,seed_milpsnap_grid5x5_mid.json,72,25,40,53,36.0522,7.696583572062955e-05,0.96,OPTIMAL
grid_5x5,seed_milpsnap_grid5x5_mid.json,73,25,40,55,36.0522,7.696583572062955e-05,0.977,OPTIMAL
grid_5x5,seed_milpsnap_grid5x5_mid.json,74,25,40,49,36.0522,0.0,0.873,OPTIMAL
grid_5x5,seed_milpsnap_grid5x5_mid.json,75,25,40,45,36.0522,0.0,0.846,OPTIMAL
grid_5x5,seed_milpsnap_grid5x5_mid.json,76,25,40,47,36.0522,0.0,0.812,OPTIMAL
grid_5x5,seed_milpsnap_grid5x5_mid.json,77,25,40,55,36.0522,7.696583572062955e-05,0.959,OPTIMAL
grid_5x5,seed_milpsnap_grid5x5_mid.json,78,25,40,59,36.0522,7.696583572082397e-05,1.113,OPTIMAL
grid_5x5,seed_milpsnap_grid5x5_mid.json,79,25,40,61,36.0522,7.696583572062955e-05,1.084,OPTIMAL
grid_5x5,seed_milpsnap_grid5x5_mid.json,80,25,40,64,36.0522,7.696583572082397e-05,1.101,OPTIMAL
grid_5x5,seed_milpsnap_grid5x5_mid.json,81,25,40,62,36.0522,7.696583572082397e-05,1.07,OPTIMAL
grid_5x5,seed_milpsnap_grid5x5_mid.json,82,25,40,67,36.0522,7.69658357204351e-05,1.221,OPTIMAL
grid_5x5,seed_milpsnap_grid5x5_mid.json,83,25,40,67,36.0522,7.696583572062955e-05,1.254,OPTIMAL
grid_5x5,seed_milpsnap_grid5x5_mid.json,84,25,40,65,36.0522,7.69658357204351e-05,1.15,OPTIMAL
grid_5x5,seed_milpsnap_grid5x5_mid.json,85,25,40,64,36.0522,7.69658357204351e-05,1.232,OPTIMAL
grid_5x5,seed_milpsnap_grid5x5_mid.json,86,25,40,67,36.0522,7.696583572062955e-05,1.235,OPTIMAL
grid_5x5,seed_milpsnap_grid5x5_mid.json,87,25,40,69,36.0522,7.69658357204351e-05,1.185,OPTIMAL
grid_5x5,seed_milpsnap_grid5x5_mid.json,88,25,40,66,36.0522,7.696583572062955e-05,1.24,OPTIMAL
grid_5x5,seed_milpsnap_grid5x5_mid.json,89,25,40,71,36.0522,7.696583572062955e-05,1.352,OPTIMAL
grid_5x5,seed_milpsnap_grid5x5_mid.json,90,25,40,70,36.0522,7.696583572062955e-05,1.343,OPTIMAL
grid_5x5,seed_milpsnap_grid5x5_mid.json,91,25,40,67,36.0522,7.696583572082397e-05,1.285,OPTIMAL
grid_5x5,seed_milpsnap_grid5x5_mid.json,92,25,40,62,36.0522,7.696583572062955e-05,1.13,OPTIMAL
grid_5x5,seed_milpsnap_grid5x5_mid.json,93,25,40,59,36.0522,7.696583572062952e-05,1.061,OPTIMAL
grid_5x5,seed_milpsnap_grid5x5_mid.json,94,25,40,54,36.0522,7.696583572062955e-05,0.935,OPTIMAL
grid_5x5,seed_milpsnap_grid5x5_mid.json,95,25,40,51,36.0522,7.696583572062955e-05,0.878,OPTIMAL
grid_5x5,seed_milpsnap_grid5x5_mid.json,96,25,40,50,36.0522,7.696583572062955e-05,0.859,OPTIMAL
grid_5x5,seed_milpsnap_grid5x5_mid.json,97,25,40,49,36.0522,7.696583572062955e-05,0.835,OPTIMAL
grid_5x5,seed_milpsnap_grid5x5_mid.json,98,25,40,47,36.0522,7.696583572062955e-05,0.831,OPTIMAL
grid_5x5,seed_milpsnap_grid5x5_mid.json,99,25,40,48,36.0522,7.696583572062955e-05,0.788,OPTIMAL
grid_5x5,seed_milpsnap_grid5x5_mid.json,100,25,40,45,36.0522,7.696583572062955e-05,0.649,OPTIMAL
grid_5x5,seed_milpsnap_grid5x5_mid.json,101,25,40,43,36.0522,0.0,0.856,OPTIMAL
grid_5x5,seed_milpsnap_grid5x5_mid.json,102,25,40,42,36.0522,7.696583572062955e-05,0.636,OPTIMAL
grid_5x5,seed_milpsnap_grid5x5_mid.json,103,25,40,43,36.0522,7.696583572082397e-05,0.647,OPTIMAL
grid_5x5,seed_milpsnap_grid5x5_mid.json,104,25,40,43,36.0522,7.696583572062955e-05,0.639,OPTIMAL
grid_5x5,seed_milpsnap_grid5x5_mid.json,105,25,40,48,36.0522,0.0,0.965,OPTIMAL
grid_5x5,seed_milpsnap_grid5x5_mid.json,106,25,40,49,36.0522,7.696583572062955e-05,0.905,OPTIMAL
grid_5x5,seed_milpsnap_grid5x5_mid.json,107,25,40,51,36.0522,7.696583572062955e-05,0.85,OPTIMAL
grid_5x5,seed_milpsnap_grid5x5_mid.json,108,25,40,52,36.0522,7.696583572062955e-05,0.952,OPTIMAL
grid_5x5,seed_milpsnap_grid5x5_mid.json,109,25,40,51,36.0522,7.696583572062955e-05,0.857,OPTIMAL
grid_5x5,seed_milpsnap_grid5x5_mid.json,110,25,40,52,36.0522,7.696583572082397e-05,0.934,OPTIMAL
grid_5x5,seed_milpsnap_grid5x5_mid.json,111,25,40,54,36.0522,7.696583572062955e-05,0.971,OPTIMAL
grid_5x5,seed_milpsnap_grid5x5_mid.json,112,25,40,51,36.0522,7.696583572062955e-05,0.915,OPTIMAL
grid_5x5,seed_milpsnap_grid5x5_mid.json,113,25,40,53,36.0522,7.696583572062955e-05,0.948,OPTIMAL
grid_5x5,seed_milpsnap_grid5x5_mid.json,114,25,40,53,36.0522,7.696583572062955e-05,0.933,OPTIMAL
grid_5x5,seed_milpsnap_grid5x5_mid.json,115,25,40,52,36.0522,7.696583572062955e-05,0.914,OPTIMAL
grid_5x5,seed_milpsnap_grid5x5_mid.json,116,25,40,52,36.0522,7.696583572062955e-05,0.889,OPTIMAL
grid_5x5,seed_milpsnap_grid5x5_mid.json,117,25,40,57,36.0522,7.696583572062955e-05,1.06,OPTIMAL
grid_5x5,seed_milpsnap_grid5x5_mid.json,118,25,40,57,36.0522,7.696583572062955e-05,1.017,OPTIMAL
grid_5x5,seed_milpsnap_grid5x5_mid.json,119,25,40,61,36.0522,7.696583572062955e-05,1.132,OPTIMAL
grid_5x5,seed_milpsnap_grid5x5_mid.json,120,25,40,58,36.0522,7.696583572082397e-05,0.984,OPTIMAL
grid_5x5,seed_milpsnap_grid5x5_mid.json,121,25,40,66,36.0522,7.69658357204351e-05,1.184,OPTIMAL
grid_5x5,seed_milpsnap_grid5x5_mid.json,122,25,40,67,36.0522,0.0,1.492,OPTIMAL
grid_5x5,seed_milpsnap_grid5x5_mid.json,123,25,40,63,36.0522,7.696583572062955e-05,1.121,OPTIMAL
grid_5x5,seed_milpsnap_grid5x5_mid.json,124,25,40,68,36.0522,7.696583572062952e-05,1.216,OPTIMAL
grid_5x5,seed_milpsnap_grid5x5_mid.json,125,25,40,72,36.0522,7.696583572062952e-05,1.378,OPTIMAL
grid_5x5,seed_milpsnap_grid5x5_mid.json,126,25,40,73,36.0522,7.696583572062955e-05,1.35,OPTIMAL
grid_5x5,seed_milpsnap_grid5x5_mid.json,127,25,40,73,36.0522,7.69658357204351e-05,1.359,OPTIMAL
grid_5x5,seed_milpsnap_grid5x5_mid.json,128,25,40,74,36.0522,7.69658357204351e-05,1.337,OPTIMAL
grid_5x5,seed_milpsnap_grid5x5_mid.json,129,25,40,72,36.0522,7.696583572082397e-05,1.33,OPTIMAL
grid_5x5,seed_milpsnap_grid5x5_mid.json,130,25,40,73,36.0522,7.69658357204351e-05,1.397,OPTIMAL
grid_5x5,seed_milpsnap_grid5x5_mid.json,131,25,40,73,36.0522,7.696583572062952e-05,1.371,OPTIMAL
grid_5x5,seed_milpsnap_grid5x5_mid.json,132,25,40,68,36.0522,7.696583572062955e-05,1.294,OPTIMAL
grid_5x5,seed_milpsnap_grid5x5_mid.json,133,25,40,71,36.0522,7.696583572082397e-05,1.381,OPTIMAL
grid_5x5,seed_milpsnap_grid5x5_mid.json,134,25,40,66,36.0522,7.696583572082397e-05,1.197,OPTIMAL
grid_5x5,seed_milpsnap_grid5x5_mid.json,135,25,40,66,36.0522,7.696583572062955e-05,1.249,OPTIMAL
grid_5x5,seed_milpsnap_grid5x5_mid.json,136,25,40,59,36.0522,0.0,1.066,OPTIMAL
grid_5x5,seed_milpsnap_grid5x5_mid.json,137,25,40,54,36.0522,7.696583572062955e-05,0.945,OPTIMAL
grid_5x5,seed_milpsnap_grid5x5_mid.json,138,25,40,57,36.0522,7.696583572062955e-05,1.054,OPTIMAL
grid_5x5,seed_milpsnap_grid5x5_mid.json,139,25,40,59,36.0522,7.69658357204351e-05,1.044,OPTIMAL
grid_5x5,seed_milpsnap_grid5x5_mid.json,140,25,40,56,36.0522,7.696583572062955e-05,0.987,OPTIMAL
grid_5x5,seed_milpsnap_grid5x5_mid.json,141,25,40,55,36.0522,7.696583572062955e-05,0.956,OPTIMAL
grid_5x5,seed_milpsnap_grid5x5_mid.json,142,25,40,55,36.0522,7.696583572062955e-05,0.993,OPTIMAL
grid_5x5,seed_milpsnap_grid5x5_mid.json,143,25,40,60,36.0522,7.696583572062952e-05,1.088,OPTIMAL
grid_5x5,seed_milpsnap_grid5x5_mid.json,144,25,40,62,36.0522,7.69658357204351e-05,1.128,OPTIMAL
grid_5x5,seed_milpsnap_grid5x5_mid.json,145,25,40,60,36.0522,7.69658357204351e-05,1.064,OPTIMAL
grid_5x5,seed_milpsnap_grid5x5_mid.json,146,25,40,64,36.0522,7.69658357204351e-05,1.167,OPTIMAL
grid_5x5,seed_milpsnap_grid5x5_mid.json,147,25,40,68,36.0522,7.696583572062955e-05,1.291,OPTIMAL
grid_5x5,seed_milpsnap_grid5x5_mid.json,148,25,40,68,36.0522,7.696583572062952e-05,1.273,OPTIMAL
grid_5x5,seed_milpsnap_grid5x5_mid.json,149,25,40,67,36.0522,7.696583572062952e-05,1.233,OPTIMAL
grid_5x5,seed_milpsnap_grid5x5_mid.json,150,25,40,67,36.0522,7.696583572082397e-05,1.183,OPTIMAL
grid_5x5,seed_milpsnap_grid5x5_mid.json,151,25,40,66,36.0522,7.696583572062952e-05,1.211,OPTIMAL
grid_5x5,seed_milpsnap_grid5x5_mid.json,152,25,40,1,80.0197,0.0,0.014,OPTIMAL
grid_5x5,seed_milpsnap_grid5x5_mid.json,153,25,40,5,56.0374,0.0,0.084,OPTIMAL
grid_5x5,seed_milpsnap_grid5x5_mid.json,154,25,40,10,44.0463,0.0,0.15,OPTIMAL
grid_5x5,seed_milpsnap_grid5x5_mid.json,155,25,40,12,44.0463,0.0,0.16,OPTIMAL
grid_5x5,seed_milpsnap_grid5x5_mid.json,156,25,40,16,40.0492,0.0,0.208,OPTIMAL
grid_5x5,seed_milpsnap_grid5x5_mid.json,157,25,40,18,40.0492,0.0,0.211,OPTIMAL
grid_5x5,seed_milpsnap_grid5x5_mid.json,158,25,40,21,40.0492,0.0,0.175,OPTIMAL
grid_5x5,seed_milpsnap_grid5x5_mid.json,159,25,40,24,40.0492,0.0,0.25,OPTIMAL
grid_5x5,seed_milpsnap_grid5x5_mid.json,160,25,40,29,36.0522,7.696583572082397e-05,0.428,OPTIMAL
grid_5x5,seed_milpsnap_grid5x5_mid.json,161,25,40,32,36.0522,7.696583572062955e-05,0.435,OPTIMAL
grid_5x5,seed_milpsnap_grid5x5_mid.json,162,25,40,35,36.0522,0.0,0.599,OPTIMAL
grid_5x5,seed_milpsnap_grid5x5_mid.json,163,25,40,42,36.0522,7.696583572062955e-05,0.627,OPTIMAL
grid_5x5,seed_milpsnap_grid5x5_mid.json,164,25,40,49,36.0522,7.696583572062955e-05,0.851,OPTIMAL
grid_5x5,seed_milpsnap_grid5x5_mid.json,165,25,40,52,36.0522,7.696583572062955e-05,0.895,OPTIMAL
grid_5x5,seed_milpsnap_grid5x5_mid.json,166,25,40,58,36.0522,7.696583572062955e-05,1.031,OPTIMAL
grid_5x5,seed_milpsnap_grid5x5_mid.json,167,25,40,60,36.0522,7.696583572062955e-05,1.355,OPTIMAL
grid_5x5,seed_milpsnap_grid5x5_mid.json,168,25,40,60,36.0522,7.696583572082397e-05,1.103,OPTIMAL
grid_5x5,seed_milpsnap_grid5x5_mid.json,169,25,40,58,36.0522,7.69658357204351e-05,1.058,OPTIMAL
grid_5x5,seed_milpsnap_grid5x5_mid.json,170,25,40,64,36.0522,7.69658357204351e-05,1.141,OPTIMAL
grid_5x5,seed_milpsnap_grid5x5_mid.json,171,25,40,61,36.0522,7.696583572062952e-05,1.108,OPTIMAL
grid_5x5,seed_milpsnap_grid5x5_mid.json,172,25,40,64,36.0522,7.69658357204351e-05,1.169,OPTIMAL
grid_5x5,seed_milpsnap_grid5x5_mid.json,173,25,40,64,36.0522,7.696583572062952e-05,1.122,OPTIMAL
grid_5x5,seed_milpsnap_grid5x5_mid.json,174,25,40,64,36.0522,7.696583572082397e-05,1.212,OPTIMAL
grid_5x5,seed_milpsnap_grid5x5_mid.json,175,25,40,62,36.0522,7.696583572062955e-05,1.098,OPTIMAL
grid_5x5,seed_milpsnap_grid5x5_mid.json,176,25,40,64,36.0522,7.696583572062952e-05,1.186,OPTIMAL
grid_5x5,seed_milpsnap_grid5x5_mid.json,177,25,40,65,36.0522,7.696583572062955e-05,1.176,OPTIMAL
grid_5x5,seed_milpsnap_grid5x5_mid.json,178,25,40,63,36.0522,7.69658357204351e-05,1.11,OPTIMAL
grid_5x5,seed_milpsnap_grid5x5_mid.json,179,25,40,58,36.0522,7.696583572062955e-05,0.987,OPTIMAL
grid_5x5,seed_milpsnap_grid5x5_mid.json,180,25,40,60,36.0522,7.696583572062955e-05,1.077,OPTIMAL
grid_5x5,seed_milpsnap_grid5x5_mid.json,181,25,40,58,36.0522,7.696583572062955e-05,1.305,OPTIMAL
grid_5x5,seed_milpsnap_grid5x5_mid.json,182,25,40,59,36.0522,7.696583572062955e-05,1.139,OPTIMAL
grid_5x5,seed_milpsnap_grid5x5_mid.json,183,25,40,61,36.0522,0.0,1.248,OPTIMAL
grid_5x5,seed_milpsnap_grid5x5_mid.json,184,25,40,61,36.0522,7.696583572062952e-05,1.11,OPTIMAL
grid_5x5,seed_milpsnap_grid5x5_mid.json,185,25,40,57,36.0522,7.696583572062955e-05,1.016,OPTIMAL
grid_5x5,seed_milpsnap_grid5x5_mid.json,186,25,40,59,36.0522,7.696583572082397e-05,1.014,OPTIMAL
grid_5x5,seed_milpsnap_grid5x5_mid.json,187,25,40,56,36.0522,7.696583572062955e-05,0.994,OPTIMAL
grid_5x5,seed_milpsnap_grid5x5_mid.json,188,25,40,59,36.0522,7.696583572062955e-05,1.039,OPTIMAL
grid_5x5,seed_milpsnap_grid5x5_mid.json,189,25,40,59,36.0522,7.69658357204351e-05,1.088,OPTIMAL
grid_5x5,seed_milpsnap_grid5x5_mid.json,190,25,40,60,36.0522,7.696583572062955e-05,1.04,OPTIMAL
grid_5x5,seed_milpsnap_grid5x5_mid.json,191,25,40,59,36.0522,7.696583572062952e-05,1.073,OPTIMAL
grid_5x5,seed_milpsnap_grid5x5_mid.json,192,25,40,60,36.0522,7.69658357204351e-05,1.099,OPTIMAL
grid_5x5,seed_milpsnap_grid5x5_mid.json,193,25,40,58,36.0522,7.696583572062952e-05,1.146,OPTIMAL
grid_5x5,seed_milpsnap_grid5x5_mid.json,194,25,40,62,36.0522,7.696583572082397e-05,1.125,OPTIMAL
grid_5x5,seed_milpsnap_grid5x5_mid.json,195,25,40,59,36.0522,7.696583572082397e-05,1.135,OPTIMAL
grid_5x5,seed_milpsnap_grid5x5_mid.json,196,25,40,56,36.0522,7.696583572062955e-05,1.066,OPTIMAL
grid_5x5,seed_milpsnap_grid5x5_mid.json,197,25,40,54,36.0522,0.0,0.938,OPTIMAL
grid_5x5,seed_milpsnap_grid5x5_mid.json,198,25,40,53,36.0522,7.696583572082397e-05,0.911,OPTIMAL
grid_5x5,seed_milpsnap_grid5x5_mid.json,199,25,40,58,36.0522,7.696583572062955e-05,1.083,OPTIMAL
grid_5x5,seed_milpsnap_grid5x5_mid.json,200,25,40,59,36.0522,7.696583572062952e-05,1.119,OPTIMAL
grid_5x5,seed_milpsnap_grid5x5_mid.json,201,25,40,62,36.0522,7.69658357204351e-05,1.148,OPTIMAL
grid_5x5,seed_milpsnap_grid5x5_mid.json,202,25,40,66,36.0522,7.69658357204351e-05,1.203,OPTIMAL
grid_5x5,seed_milpsnap_grid5x5_mid.json,203,25,40,63,36.0522,7.696583572062955e-05,1.177,OPTIMAL
grid_5x5,seed_milpsnap_grid5x5_mid.json,204,25,40,62,36.0522,7.696583572062955e-05,1.156,OPTIMAL
grid_5x5,seed_milpsnap_grid5x5_mid.json,205,25,40,58,36.0522,7.69658357204351e-05,1.034,OPTIMAL
grid_5x5,seed_milpsnap_grid5x5_mid.json,206,25,40,57,36.0522,7.696583572062955e-05,1.054,OPTIMAL
grid_5x5,seed_milpsnap_grid5x5_mid.json,207,25,40,52,36.0522,7.696583572062955e-05,0.852,OPTIMAL
grid_5x5,seed_milpsnap_grid5x5_mid.json,208,25,40,52,36.0522,7.696583572062955e-05,0.921,OPTIMAL
grid_5x5,seed_milpsnap_grid5x5_mid.json,209,25,40,51,36.0522,7.696583572062955e-05,0.828,OPTIMAL
grid_5x5,seed_milpsnap_grid5x5_mid.json,210,25,40,53,36.0522,7.696583572062955e-05,0.977,OPTIMAL
grid_5x5,seed_milpsnap_grid5x5_mid.json,211,25,40,55,36.0522,7.696583572062955e-05,0.975,OPTIMAL
grid_5x5,seed_milpsnap_grid5x5_mid.json,212,25,40,56,36.0522,7.696583572062955e-05,1.031,OPTIMAL
grid_5x5,seed_milpsnap_grid5x5_mid.json,213,25,40,54,36.0522,7.696583572062955e-05,0.984,OPTIMAL
grid_5x5,seed_milpsnap_grid5x5_mid.json,214,25,40,49,36.0522,7.696583572062955e-05,0.901,OPTIMAL
grid_5x5,seed_milpsnap_grid5x5_mid.json,215,25,40,50,36.0522,7.696583572062955e-05,0.852,OPTIMAL
grid_5x5,seed_milpsnap_grid5x5_mid.json,216,25,40,45,36.0522,7.696583572062955e-05,0.66,OPTIMAL
grid_5x5,seed_milpsnap_grid5x5_mid.json,217,25,40,42,36.0522,7.696583572062955e-05,0.659,OPTIMAL
grid_5x5,seed_milpsnap_grid5x5_mid.json,218,25,40,41,36.0522,0.0,0.746,OPTIMAL
grid_5x5,seed_milpsnap_grid5x5_mid.json,219,25,40,44,36.0522,7.696583572062955e-05,0.642,OPTIMAL
grid_5x5,seed_milpsnap_grid5x5_mid.json,220,25,40,47,36.0522,7.696583572062955e-05,0.844,OPTIMAL
grid_5x5,seed_milpsnap_grid5x5_mid.json,221,25,40,47,36.0522,7.696583572062955e-05,0.775,OPTIMAL
grid_5x5,seed_milpsnap_grid5x5_mid.json,222,25,40,52,36.0522,7.696583572062955e-05,0.947,OPTIMAL
grid_5x5,seed_milpsnap_grid5x5_mid.json,223,25,40,55,36.0522,7.696583572062955e-05,0.967,OPTIMAL
grid_5x5,seed_milpsnap_grid5x5_mid.json,224,25,40,52,36.0522,0.0,1.131,OPTIMAL
grid_5x5,seed_milpsnap_grid5x5_mid.json,225,25,40,50,36.0522,7.696583572062955e-05,0.837,OPTIMAL
grid_5x5,seed_milpsnap_grid5x5_mid.json,226,25,40,53,36.0522,7.696583572062955e-05,0.933,OPTIMAL
grid_5x5,seed_milpsnap_grid5x5_mid.json,227,25,40,57,36.0522,7.696583572062955e-05,1.007,OPTIMAL
grid_5x5,seed_milpsnap_grid5x5_mid.json,228,25,40,56,36.0522,7.696583572062955e-05,1.027,OPTIMAL
grid_5x5,seed_milpsnap_grid5x5_mid.json,229,25,40,57,36.0522,7.696583572062955e-05,1.001,OPTIMAL
grid_5x5,seed_milpsnap_grid5x5_mid.json,230,25,40,53,36.0522,7.696583572062955e-05,0.85,OPTIMAL
grid_5x5,seed_milpsnap_grid5x5_mid.json,231,25,40,55,36.0522,7.696583572062955e-05,0.95,OPTIMAL
grid_5x5,seed_milpsnap_grid5x5_mid.json,232,25,40,58,36.0522,7.696583572062955e-05,1.024,OPTIMAL
grid_5x5,seed_milpsnap_grid5x5_mid.json,233,25,40,63,36.0522,7.696583572082397e-05,1.12,OPTIMAL
grid_5x5,seed_milpsnap_grid5x5_mid.json,234,25,40,64,36.0522,7.696583572062955e-05,1.198,OPTIMAL
grid_5x5,seed_milpsnap_grid5x5_mid.json,235,25,40,65,36.0522,7.696583572062955e-05,1.171,OPTIMAL
grid_5x5,seed_milpsnap_grid5x5_mid.json,236,25,40,64,36.0522,7.69658357204351e-05,1.19,OPTIMAL
grid_5x5,seed_milpsnap_grid5x5_mid.json,237,25,40,63,36.0522,7.696583572082397e-05,1.186,OPTIMAL
grid_5x5,seed_milpsnap_grid5x5_mid.json,238,25,40,63,36.0522,7.696583572062955e-05,1.207,OPTIMAL
grid_5x5,seed_milpsnap_grid5x5_mid.json,239,25,40,67,36.0522,7.69658357204351e-05,1.297,OPTIMAL
grid_5x5,seed_milpsnap_grid5x5_mid.json,240,25,40,71,36.0522,7.69658357204351e-05,1.337,OPTIMAL
grid_5x5,seed_milpsnap_grid5x5_mid.json,241,25,40,69,36.0522,7.696583572062955e-05,1.326,OPTIMAL
grid_5x5,seed_milpsnap_grid5x5_mid.json,242,25,40,66,36.0522,7.69658357204351e-05,1.225,OPTIMAL
grid_5x5,seed_milpsnap_grid5x5_mid.json,243,25,40,66,36.0522,7.696583572062955e-05,1.152,OPTIMAL
grid_5x5,seed_milpsnap_grid5x5_mid.json,244,25,40,66,36.0522,7.696583572062955e-05,1.252,OPTIMAL
grid_5x5,seed_milpsnap_grid5x5_mid.json,245,25,40,66,36.0522,7.696583572062952e-05,1.164,OPTIMAL
grid_5x5,seed_milpsnap_grid5x5_mid.json,246,25,40,71,36.0522,7.69658357204351e-05,1.346,OPTIMAL
grid_5x5,seed_milpsnap_grid5x5_mid.json,247,25,40,70,36.0522,7.696583572082397e-05,1.324,OPTIMAL
grid_5x5,seed_milpsnap_grid5x5_mid.json,248,25,40,67,36.0522,7.696583572062955e-05,1.224,OPTIMAL
grid_5x5,seed_milpsnap_grid5x5_mid.json,249,25,40,63,36.0522,7.696583572062955e-05,1.168,OPTIMAL
grid_5x5,seed_milpsnap_grid5x5_mid.json,250,25,40,63,36.0522,7.696583572062952e-05,1.115,OPTIMAL
grid_5x5,seed_milpsnap_grid5x5_mid.json,251,25,40,65,36.0522,7.696583572062952e-05,1.159,OPTIMAL
grid_5x5,seed_milpsnap_grid5x5_mid.json,252,25,40,64,36.0522,7.696583572082397e-05,1.22,OPTIMAL
grid_5x5,seed_milpsnap_grid5x5_mid.json,253,25,40,59,36.0522,7.69658357204351e-05,1.022,OPTIMAL
grid_5x5,seed_milpsnap_grid5x5_mid.json,254,25,40,56,36.0522,7.696583572062955e-05,0.969,OPTIMAL
grid_5x5,seed_milpsnap_grid5x5_mid.json,255,25,40,53,36.0522,7.696583572062955e-05,0.926,OPTIMAL
grid_5x5,seed_milpsnap_grid5x5_mid.json,256,25,40,50,36.0522,7.696583572062955e-05,0.849,OPTIMAL
grid_5x5,seed_milpsnap_grid5x5_mid.json,257,25,40,53,36.0522,7.696583572062955e-05,0.957,OPTIMAL
grid_5x5,seed_milpsnap_grid5x5_mid.json,258,25,40,53,36.0522,7.696583572062955e-05,0.909,OPTIMAL
grid_5x5,seed_milpsnap_grid5x5_mid.json,259,25,40,52,36.0522,7.696583572082397e-05,0.962,OPTIMAL
grid_5x5,seed_milpsnap_grid5x5_mid.json,260,25,40,52,36.0522,7.696583572062955e-05,0.916,OPTIMAL
grid_5x5,seed_milpsnap_grid5x5_mid.json,261,25,40,48,36.0522,7.696583572062955e-05,0.855,OPTIMAL
grid_5x5,seed_milpsnap_grid5x5_mid.json,262,25,40,49,36.0522,7.696583572062955e-05,0.797,OPTIMAL
grid_5x5,seed_milpsnap_grid5x5_mid.json,263,25,40,47,36.0522,7.696583572082397e-05,0.817,OPTIMAL
grid_5x5,seed_milpsnap_grid5x5_mid.json,264,25,40,49,36.0522,7.696583572062955e-05,0.859,OPTIMAL
grid_5x5,seed_milpsnap_grid5x5_mid.json,265,25,40,48,36.0522,7.696583572062955e-05,0.793,OPTIMAL
grid_5x5,seed_milpsnap_grid5x5_mid.json,266,25,40,46,36.0522,7.696583572062955e-05,0.764,OPTIMAL
grid_5x5,seed_milpsnap_grid5x5_mid.json,267,25,40,53,36.0522,7.696583572062955e-05,0.899,OPTIMAL
grid_5x5,seed_milpsnap_grid5x5_mid.json,268,25,40,53,36.0522,7.696583572082397e-05,0.999,OPTIMAL
grid_5x5,seed_milpsnap_grid5x5_mid.json,269,25,40,54,36.0522,7.696583572082397e-05,0.896,OPTIMAL
grid_5x5,seed_milpsnap_grid5x5_mid.json,270,25,40,56,36.0522,7.696583572062955e-05,0.959,OPTIMAL
grid_5x5,seed_milpsnap_grid5x5_mid.json,271,25,40,59,36.0522,7.696583572062955e-05,1.091,OPTIMAL
grid_5x5,seed_milpsnap_grid5x5_mid.json,272,25,40,53,36.0522,7.696583572062955e-05,0.908,OPTIMAL
grid_5x5,seed_milpsnap_grid5x5_mid.json,273,25,40,57,36.0522,7.696583572062955e-05,1.011,OPTIMAL
grid_5x5,seed_milpsnap_grid5x5_mid.json,274,25,40,60,36.0522,7.696583572062955e-05,1.052,OPTIMAL
grid_5x5,seed_milpsnap_grid5x5_mid.json,275,25,40,58,36.0522,7.696583572062955e-05,1.073,OPTIMAL
grid_5x5,seed_milpsnap_grid5x5_mid.json,276,25,40,56,36.0522,7.696583572062955e-05,1.024,OPTIMAL
grid_5x5,seed_milpsnap_grid5x5_mid.json,277,25,40,53,36.0522,7.696583572062955e-05,0.951,OPTIMAL
grid_5x5,seed_milpsnap_grid5x5_mid.json,278,25,40,57,36.0522,7.696583572062955e-05,0.975,OPTIMAL
grid_5x5,seed_milpsnap_grid5x5_mid.json,279,25,40,56,36.0522,7.696583572062955e-05,1.011,OPTIMAL
grid_5x5,seed_milpsnap_grid5x5_mid.json,280,25,40,58,36.0522,7.696583572062955e-05,1.02,OPTIMAL
grid_5x5,seed_milpsnap_grid5x5_mid.json,281,25,40,59,36.0522,7.696583572082397e-05,1.076,OPTIMAL
grid_5x5,seed_milpsnap_grid5x5_mid.json,282,25,40,52,36.0522,7.696583572062955e-05,0.893,OPTIMAL
grid_5x5,seed_milpsnap_grid5x5_mid.json,283,25,40,59,36.0522,7.696583572082397e-05,1.099,OPTIMAL
grid_5x5,seed_milpsnap_grid5x5_mid.json,284,25,40,61,36.0522,7.696583572062952e-05,1.144,OPTIMAL
grid_5x5,seed_milpsnap_grid5x5_mid.json,285,25,40,63,36.0522,7.69658357204351e-05,1.167,OPTIMAL
grid_5x5,seed_milpsnap_grid5x5_mid.json,286,25,40,66,36.0522,7.69658357204351e-05,1.191,OPTIMAL
grid_5x5,seed_milpsnap_grid5x5_mid.json,287,25,40,68,36.0522,7.696583572062955e-05,1.241,OPTIMAL
grid_5x5,seed_milpsnap_grid5x5_mid.json,288,25,40,69,36.0522,7.696583572062955e-05,1.37,OPTIMAL
grid_5x5,seed_milpsnap_grid5x5_mid.json,289,25,40,67,36.0522,7.69658357204351e-05,1.206,OPTIMAL
grid_5x5,seed_milpsnap_grid5x5_mid.json,290,25,40,71,36.0522,7.696583572062955e-05,1.277,OPTIMAL
grid_5x5,seed_milpsnap_grid5x5_mid.json,291,25,40,69,36.0522,7.696583572062955e-05,1.315,OPTIMAL
grid_5x5,seed_milpsnap_grid5x5_mid.json,292,25,40,69,36.0522,7.696583572082397e-05,1.311,OPTIMAL
grid_5x5,seed_milpsnap_grid5x5_mid.json,293,25,40,66,36.0522,7.69658357204351e-05,1.224,OPTIMAL
grid_5x5,seed_milpsnap_grid5x5_mid.json,294,25,40,67,36.0522,7.696583572062955e-05,1.289,OPTIMAL
grid_5x5,seed_milpsnap_grid5x5_mid.json,295,25,40,66,36.0522,7.696583572062955e-05,1.231,OPTIMAL
grid_5x5,seed_milpsnap_grid5x5_mid.json,296,25,40,67,36.0522,7.696583572062955e-05,1.194,OPTIMAL
grid_5x5,seed_milpsnap_grid5x5_mid.json,297,25,40,67,36.0522,7.69658357204351e-05,1.487,OPTIMAL
grid_5x5,seed_milpsnap_grid5x5_mid.json,298,25,40,59,36.0522,7.69658357204351e-05,1.079,OPTIMAL
grid_5x5,seed_milpsnap_grid5x5_mid.json,299,25,40,56,36.0522,7.696583572082397e-05,1.029,OPTIMAL
grid_5x5,seed_milpsnap_grid5x5_mid.json,300,25,40,52,36.0522,7.696583572082397e-05,0.889,OPTIMAL
grid_5x5,seed_milpsnap_grid5x5_mid.json,301,25,40,47,36.0522,7.696583572082397e-05,0.825,OPTIMAL
grid_5x5,seed_milpsnap_grid5x5_mid.json,302,25,40,49,36.0522,7.696583572082397e-05,0.823,OPTIMAL
grid_5x5,seed_milpsnap_grid5x5_mid.json,303,25,40,1,92.0108,0.0,0.009,OPTIMAL
grid_5x5,seed_milpsnap_grid5x5_mid.json,304,25,40,11,40.0492,0.0,0.125,OPTIMAL
grid_5x5,seed_milpsnap_grid5x5_mid.json,305,25,40,12,40.0492,0.0,0.142,OPTIMAL
grid_5x5,seed_milpsnap_grid5x5_mid.json,306,25,40,13,40.0492,0.0,0.15,OPTIMAL
grid_5x5,seed_milpsnap_grid5x5_mid.json,307,25,40,15,40.0492,0.0,0.168,OPTIMAL
grid_5x5,seed_milpsnap_grid5x5_mid.json,308,25,40,19,40.0492,0.0,0.177,OPTIMAL
grid_5x5,seed_milpsnap_grid5x5_mid.json,309,25,40,22,40.0492,0.0,0.213,OPTIMAL
grid_5x5,seed_milpsnap_grid5x5_mid.json,310,25,40,25,40.0492,0.0,0.217,OPTIMAL
grid_5x5,seed_milpsnap_grid5x5_mid.json,311,25,40,28,40.0492,0.0,0.235,OPTIMAL
grid_5x5,seed_milpsnap_grid5x5_mid.json,312,25,40,29,36.0522,0.0,0.44,OPTIMAL
grid_5x5,seed_milpsnap_grid5x5_mid.json,313,25,40,32,36.0522,7.696583572062955e-05,0.449,OPTIMAL
grid_5x5,seed_milpsnap_grid5x5_mid.json,314,25,40,36,36.0522,0.0,0.616,OPTIMAL
grid_5x5,seed_milpsnap_grid5x5_mid.json,315,25,40,42,36.0522,7.696583572062955e-05,0.64,OPTIMAL
grid_5x5,seed_milpsnap_grid5x5_mid.json,316,25,40,45,36.0522,0.0,0.827,OPTIMAL
grid_5x5,seed_milpsnap_grid5x5_mid.json,317,25,40,49,36.0522,7.696583572062955e-05,0.854,OPTIMAL
grid_5x5,seed_milpsnap_grid5x5_mid.json,318,25,40,52,36.0522,7.696583572062955e-05,0.896,OPTIMAL
grid_5x5,seed_milpsnap_grid5x5_mid.json,319,25,40,45,36.0522,7.696583572062955e-05,0.652,OPTIMAL
grid_5x5,seed_milpsnap_grid5x5_mid.json,320,25,40,51,36.0522,7.696583572062955e-05,0.974,OPTIMAL
grid_5x5,seed_milpsnap_grid5x5_mid.json,321,25,40,53,36.0522,7.696583572062955e-05,0.94,OPTIMAL
grid_5x5,seed_milpsnap_grid5x5_mid.json,322,25,40,57,36.0522,7.696583572062955e-05,1.032,OPTIMAL
grid_5x5,seed_milpsnap_grid5x5_mid.json,323,25,40,56,36.0522,7.696583572062955e-05,0.936,OPTIMAL
grid_5x5,seed_milpsnap_grid5x5_mid.json,324,25,40,56,36.0522,7.696583572062955e-05,1.019,OPTIMAL
grid_5x5,seed_milpsnap_grid5x5_mid.json,325,25,40,55,36.0522,7.696583572062955e-05,0.95,OPTIMAL
grid_5x5,seed_milpsnap_grid5x5_mid.json,326,25,40,57,36.0522,7.696583572062955e-05,1.004,OPTIMAL
grid_5x5,seed_milpsnap_grid5x5_mid.json,327,25,40,57,36.0522,7.696583572062955e-05,0.94,OPTIMAL
grid_5x5,seed_milpsnap_grid5x5_mid.json,328,25,40,58,36.0522,7.696583572062955e-05,1.029,OPTIMAL
grid_5x5,seed_milpsnap_grid5x5_mid.json,329,25,40,57,36.0522,7.696583572062955e-05,0.996,OPTIMAL
grid_5x5,seed_milpsnap_grid5x5_mid.json,330,25,40,59,36.0522,7.696583572062952e-05,1.039,OPTIMAL
grid_5x5,seed_milpsnap_grid5x5_mid.json,331,25,40,60,36.0522,7.69658357204351e-05,1.068,OPTIMAL
grid_5x5,seed_milpsnap_grid5x5_mid.json,332,25,40,59,36.0522,7.696583572062955e-05,1.093,OPTIMAL
grid_5x5,seed_milpsnap_grid5x5_mid.json,333,25,40,61,36.0522,7.696583572082397e-05,1.088,OPTIMAL
grid_5x5,seed_milpsnap_grid5x5_mid.json,334,25,40,63,36.0522,7.696583572062955e-05,1.21,OPTIMAL
grid_5x5,seed_milpsnap_grid5x5_mid.json,335,25,40,61,36.0522,7.696583572062955e-05,1.108,OPTIMAL
grid_5x5,seed_milpsnap_grid5x5_mid.json,336,25,40,59,36.0522,7.69658357204351e-05,1.036,OPTIMAL
grid_5x5,seed_milpsnap_grid5x5_mid.json,337,25,40,56,36.0522,7.696583572062955e-05,1.034,OPTIMAL
grid_5x5,seed_milpsnap_grid5x5_mid.json,338,25,40,59,36.0522,7.69658357204351e-05,1.015,OPTIMAL
grid_5x5,seed_milpsnap_grid5x5_mid.json,339,25,40,61,36.0522,7.69658357204351e-05,1.164,OPTIMAL
grid_5x5,seed_milpsnap_grid5x5_mid.json,340,25,40,65,36.0522,7.69658357204351e-05,1.178,OPTIMAL
grid_5x5,seed_milpsnap_grid5x5_mid.json,341,25,40,66,36.0522,7.696583572082397e-05,1.16,OPTIMAL
grid_5x5,seed_milpsnap_grid5x5_mid.json,342,25,40,68,36.0522,7.69658357204351e-05,1.201,OPTIMAL
grid_5x5,seed_milpsnap_grid5x5_mid.json,343,25,40,68,36.0522,7.69658357204351e-05,1.273,OPTIMAL
grid_5x5,seed_milpsnap_grid5x5_mid.json,344,25,40,70,36.0522,7.696583572082397e-05,1.323,OPTIMAL
grid_5x5,seed_milpsnap_grid5x5_mid.json,345,25,40,66,36.0522,7.696583572062952e-05,1.232,OPTIMAL
grid_5x5,seed_milpsnap_grid5x5_mid.json,346,25,40,63,36.0522,7.696583572062955e-05,1.117,OPTIMAL
grid_5x5,seed_milpsnap_grid5x5_mid.json,347,25,40,68,36.0522,7.696583572062955e-05,1.222,OPTIMAL
grid_5x5,seed_milpsnap_grid5x5_mid.json,348,25,40,66,36.0522,0.0,1.183,OPTIMAL
grid_5x5,seed_milpsnap_grid5x5_mid.json,349,25,40,64,36.0522,7.696583572062955e-05,1.186,OPTIMAL
grid_5x5,seed_milpsnap_grid5x5_mid.json,350,25,40,63,36.0522,7.696583572062955e-05,1.159,OPTIMAL
grid_5x5,seed_milpsnap_grid5x5_mid.json,351,25,40,65,36.0522,7.69658357204351e-05,1.314,OPTIMAL
grid_5x5,seed_milpsnap_grid5x5_mid.json,352,25,40,69,36.0522,7.696583572062955e-05,1.349,OPTIMAL
grid_5x5,seed_milpsnap_grid5x5_mid.json,353,25,40,63,36.0522,7.69658357204351e-05,1.4,OPTIMAL
grid_5x5,seed_milpsnap_grid5x5_mid.json,354,25,40,61,36.0522,7.696583572062955e-05,1.319,OPTIMAL
grid_5x5,seed_milpsnap_grid5x5_mid.json,355,25,40,59,36.0522,7.69658357204351e-05,1.002,OPTIMAL
grid_5x5,seed_milpsnap_grid5x5_mid.json,356,25,40,56,36.0522,7.696583572062955e-05,1.027,OPTIMAL
grid_5x5,seed_milpsnap_grid5x5_mid.json,357,25,40,54,36.0522,7.696583572062955e-05,0.976,OPTIMAL
grid_5x5,seed_milpsnap_grid5x5_mid.json,358,25,40,54,36.0522,7.696583572062955e-05,1.461,OPTIMAL
grid_5x5,seed_milpsnap_grid5x5_mid.json,359,25,40,56,36.0522,7.696583572062955e-05,1.547,OPTIMAL
grid_5x5,seed_milpsnap_grid5x5_mid.json,360,25,40,56,36.0522,7.696583572062955e-05,0.953,OPTIMAL
grid_5x5,seed_milpsnap_grid5x5_mid.json,361,25,40,58,36.0522,7.696583572062955e-05,0.96,OPTIMAL
grid_5x5,seed_milpsnap_grid5x5_mid.json,362,25,40,50,36.0522,7.696583572062955e-05,1.001,OPTIMAL
grid_5x5,seed_milpsnap_grid5x5_mid.json,363,25,40,50,36.0522,7.696583572062955e-05,0.935,OPTIMAL
grid_5x5,seed_milpsnap_grid5x5_mid.json,364,25,40,49,36.0522,7.696583572062955e-05,0.765,OPTIMAL
grid_5x5,seed_milpsnap_grid5x5_mid.json,365,25,40,51,36.0522,7.696583572062955e-05,0.96,OPTIMAL
grid_5x5,seed_milpsnap_grid5x5_mid.json,366,25,40,52,36.0522,7.696583572062955e-05,0.939,OPTIMAL
grid_5x5,seed_milpsnap_grid5x5_mid.json,367,25,40,45,36.0522,0.0,0.741,OPTIMAL
grid_5x5,seed_milpsnap_grid5x5_mid.json,368,25,40,50,36.0522,7.696583572062955e-05,0.793,OPTIMAL
grid_5x5,seed_milpsnap_grid5x5_mid.json,369,25,40,48,36.0522,7.696583572062955e-05,0.807,OPTIMAL
grid_5x5,seed_milpsnap_grid5x5_mid.json,370,25,40,46,36.0522,0.0,0.765,OPTIMAL
grid_5x5,seed_milpsnap_grid5x5_mid.json,371,25,40,48,36.0522,7.696583572062955e-05,0.753,OPTIMAL
grid_5x5,seed_milpsnap_grid5x5_mid.json,372,25,40,49,36.0522,7.696583572062955e-05,0.75,OPTIMAL
grid_5x5,seed_milpsnap_grid5x5_mid.json,373,25,40,55,36.0522,7.696583572062955e-05,0.879,OPTIMAL
grid_5x5,seed_milpsnap_grid5x5_mid.json,374,25,40,54,36.0522,7.696583572062955e-05,0.809,OPTIMAL
grid_5x5,seed_milpsnap_grid5x5_mid.json,375,25,40,56,36.0522,7.696583572062955e-05,0.855,OPTIMAL
grid_5x5,seed_milpsnap_grid5x5_mid.json,376,25,40,58,36.0522,7.696583572062955e-05,0.978,OPTIMAL
grid_5x5,seed_milpsnap_grid5x5_mid.json,377,25,40,64,36.0522,7.69658357204351e-05,1.039,OPTIMAL
grid_5x5,seed_milpsnap_grid5x5_mid.json,378,25,40,66,36.0522,7.696583572062955e-05,1.114,OPTIMAL
grid_5x5,seed_milpsnap_grid5x5_mid.json,379,25,40,65,36.0522,7.696583572062955e-05,1.081,OPTIMAL
grid_5x5,seed_milpsnap_grid5x5_mid.json,380,25,40,61,36.0522,7.696583572062955e-05,1.035,OPTIMAL
grid_5x5,seed_milpsnap_grid5x5_mid.json,381,25,40,63,36.0522,7.696583572062955e-05,1.035,OPTIMAL
grid_5x5,seed_milpsnap_grid5x5_mid.json,382,25,40,67,36.0522,7.696583572062955e-05,1.073,OPTIMAL
grid_5x5,seed_milpsnap_grid5x5_mid.json,383,25,40,67,36.0522,7.696583572062955e-05,1.095,OPTIMAL
grid_5x5,seed_milpsnap_grid5x5_mid.json,384,25,40,68,36.0522,7.69658357204351e-05,1.14,OPTIMAL
grid_5x5,seed_milpsnap_grid5x5_mid.json,385,25,40,69,36.0522,7.696583572062952e-05,1.163,OPTIMAL
grid_5x5,seed_milpsnap_grid5x5_mid.json,386,25,40,66,36.0522,7.69658357204351e-05,1.077,OPTIMAL
grid_5x5,seed_milpsnap_grid5x5_mid.json,387,25,40,69,36.0522,7.69658357204351e-05,1.189,OPTIMAL
grid_5x5,seed_milpsnap_grid5x5_mid.json,388,25,40,60,36.0522,7.69658357204351e-05,0.956,OPTIMAL
grid_5x5,seed_milpsnap_grid5x5_mid.json,389,25,40,58,36.0522,7.696583572062955e-05,0.947,OPTIMAL
grid_5x5,seed_milpsnap_grid5x5_mid.json,390,25,40,58,36.0522,7.69658357204351e-05,0.935,OPTIMAL
grid_5x5,seed_milpsnap_grid5x5_mid.json,391,25,40,56,36.0522,7.696583572062955e-05,0.882,OPTIMAL
grid_5x5,seed_milpsnap_grid5x5_mid.json,392,25,40,55,36.0522,7.696583572062955e-05,0.904,OPTIMAL
grid_5x5,seed_milpsnap_grid5x5_mid.json,393,25,40,52,36.0522,7.696583572062955e-05,0.774,OPTIMAL
grid_5x5,seed_milpsnap_grid5x5_mid.json,394,25,40,53,36.0522,7.696583572062955e-05,0.815,OPTIMAL
grid_5x5,seed_milpsnap_grid5x5_mid.json,395,25,40,54,36.0522,7.696583572062955e-05,0.863,OPTIMAL
grid_5x5,seed_milpsnap_grid5x5_mid.json,396,25,40,52,36.0522,7.696583572062955e-05,0.847,OPTIMAL
grid_5x5,seed_milpsnap_grid5x5_mid.json,397,25,40,52,36.0522,7.696583572062955e-05,0.8,OPTIMAL
grid_5x5,seed_milpsnap_grid5x5_mid.json,398,25,40,49,36.0522,7.696583572062955e-05,0.746,OPTIMAL
grid_5x5,seed_milpsnap_grid5x5_mid.json,399,25,40,47,36.0522,7.696583572062955e-05,0.73,OPTIMAL
grid_5x5,seed_milpsnap_grid5x5_mid.json,400,25,40,46,36.0522,7.696583572062955e-05,0.651,OPTIMAL
grid_5x5,seed_milpsnap_grid5x5_mid.json,401,25,40,47,36.0522,7.696583572062955e-05,0.737,OPTIMAL
grid_5x5,seed_milpsnap_grid5x5_mid.json,402,25,40,44,36.0522,7.696583572062955e-05,0.615,OPTIMAL
grid_5x5,seed_milpsnap_grid5x5_mid.json,403,25,40,50,36.0522,7.696583572062955e-05,0.709,OPTIMAL
grid_5x5,seed_milpsnap_grid5x5_mid.json,404,25,40,50,36.0522,7.696583572062955e-05,0.778,OPTIMAL
grid_5x5,seed_milpsnap_grid5x5_mid.json,405,25,40,49,36.0522,7.696583572062955e-05,0.776,OPTIMAL
grid_5x5,seed_milpsnap_grid5x5_mid.json,406,25,40,50,36.0522,7.696583572062955e-05,0.751,OPTIMAL
grid_5x5,seed_milpsnap_grid5x5_mid.json,407,25,40,53,36.0522,7.696583572062955e-05,0.852,OPTIMAL
grid_5x5,seed_milpsnap_grid5x5_mid.json,408,25,40,57,36.0522,7.696583572062955e-05,0.901,OPTIMAL
grid_5x5,seed_milpsnap_grid5x5_mid.json,409,25,40,59,36.0522,7.696583572082397e-05,0.975,OPTIMAL
grid_5x5,seed_milpsnap_grid5x5_mid.json,410,25,40,60,36.0522,7.696583572062955e-05,0.961,OPTIMAL
grid_5x5,seed_milpsnap_grid5x5_mid.json,411,25,40,63,36.0522,7.696583572082397e-05,1.045,OPTIMAL
grid_5x5,seed_milpsnap_grid5x5_mid.json,412,25,40,61,36.0522,7.69658357204351e-05,0.984,OPTIMAL
grid_5x5,seed_milpsnap_grid5x5_mid.json,413,25,40,63,36.0522,7.69658357204351e-05,1.053,OPTIMAL
grid_5x5,seed_milpsnap_grid5x5_mid.json,414,25,40,68,36.0522,7.696583572062955e-05,1.111,OPTIMAL
grid_5x5,seed_milpsnap_grid5x5_mid.json,415,25,40,69,36.0522,7.69658357204351e-05,1.182,OPTIMAL
grid_5x5,seed_milpsnap_grid5x5_mid.json,416,25,40,74,36.0522,7.69658357204351e-05,1.188,OPTIMAL
grid_5x5,seed_milpsnap_grid5x5_mid.json,417,25,40,77,36.0522,7.696583572062952e-05,1.245,OPTIMAL
grid_5x5,seed_milpsnap_grid5x5_mid.json,418,25,40,74,36.0522,7.696583572062955e-05,1.208,OPTIMAL
grid_5x5,seed_milpsnap_grid5x5_mid.json,419,25,40,74,36.0522,7.696583572062952e-05,1.269,OPTIMAL
grid_5x5,seed_milpsnap_grid5x5_mid.json,420,25,40,70,36.0522,7.696583572062955e-05,1.122,OPTIMAL
grid_5x5,seed_milpsnap_grid5x5_mid.json,421,25,40,72,36.0522,7.69658357204351e-05,1.187,OPTIMAL
grid_5x5,seed_milpsnap_grid5x5_mid.json,422,25,40,69,36.0522,7.69658357204351e-05,1.122,OPTIMAL
grid_5x5,seed_milpsnap_grid5x5_mid.json,423,25,40,67,36.0522,7.696583572062955e-05,1.022,OPTIMAL
grid_5x5,seed_milpsnap_grid5x5_mid.json,424,25,40,69,36.0522,7.69658357204351e-05,1.1,OPTIMAL
grid_5x5,seed_milpsnap_grid5x5_mid.json,425,25,40,69,36.0522,7.696583572062952e-05,1.371,OPTIMAL
grid_5x5,seed_milpsnap_grid5x5_mid.json,426,25,40,66,36.0522,7.696583572082397e-05,1.045,OPTIMAL
grid_5x5,seed_milpsnap_grid5x5_mid.json,427,25,40,67,36.0522,7.696583572062952e-05,1.055,OPTIMAL
grid_5x5,seed_milpsnap_grid5x5_mid.json,428,25,40,64,36.0522,7.696583572062955e-05,1.029,OPTIMAL
grid_5x5,seed_milpsnap_grid5x5_mid.json,429,25,40,64,36.0522,7.69658357204351e-05,1.035,OPTIMAL
grid_5x5,seed_milpsnap_grid5x5_mid.json,430,25,40,69,36.0522,7.69658357204351e-05,1.106,OPTIMAL
grid_5x5,seed_milpsnap_grid5x5_mid.json,431,25,40,68,36.0522,7.69658357204351e-05,1.14,OPTIMAL
grid_5x5,seed_milpsnap_grid5x5_mid.json,432,25,40,68,36.0522,7.69658357204351e-05,1.096,OPTIMAL
grid_5x5,seed_milpsnap_grid5x5_mid.json,433,25,40,65,36.0522,7.69658357204351e-05,1.085,OPTIMAL
grid_5x5,seed_milpsnap_grid5x5_mid.json,434,25,40,67,36.0522,7.696583572062952e-05,1.08,OPTIMAL
grid_5x5,seed_milpsnap_grid5x5_mid.json,435,25,40,68,36.0522,7.696583572062952e-05,1.141,OPTIMAL
grid_5x5,seed_milpsnap_grid5x5_mid.json,436,25,40,67,36.0522,7.696583572062955e-05,1.109,OPTIMAL
grid_5x5,seed_milpsnap_grid5x5_mid.json,437,25,40,65,36.0522,7.696583572062952e-05,1.032,OPTIMAL
grid_5x5,seed_milpsnap_grid5x5_mid.json,438,25,40,62,36.0522,7.69658357204351e-05,0.997,OPTIMAL
grid_5x5,seed_milpsnap_grid5x5_mid.json,439,25,40,59,36.0522,7.696583572062952e-05,0.937,OPTIMAL
grid_5x5,seed_milpsnap_grid5x5_mid.json,440,25,40,59,36.0522,7.696583572062952e-05,0.908,OPTIMAL
grid_5x5,seed_milpsnap_grid5x5_mid.json,441,25,40,59,36.0522,7.696583572062952e-05,0.929,OPTIMAL
grid_5x5,seed_milpsnap_grid5x5_mid.json,442,25,40,63,36.0522,7.696583572062955e-05,0.959,OPTIMAL
grid_5x5,seed_milpsnap_grid5x5_mid.json,443,25,40,64,36.0522,7.696583572082397e-05,1.038,OPTIMAL
grid_5x5,seed_milpsnap_grid5x5_mid.json,444,25,40,62,36.0522,7.696583572082397e-05,0.945,OPTIMAL
grid_5x5,seed_milpsnap_grid5x5_mid.json,445,25,40,58,36.0522,7.696583572062955e-05,0.898,OPTIMAL
grid_5x5,seed_milpsnap_grid5x5_mid.json,446,25,40,54,36.0522,7.696583572062955e-05,0.854,OPTIMAL
grid_5x5,seed_milpsnap_grid5x5_mid.json,447,25,40,55,36.0522,7.696583572062955e-05,0.882,OPTIMAL
grid_5x5,seed_milpsnap_grid5x5_mid.json,448,25,40,56,36.0522,7.696583572082397e-05,0.893,OPTIMAL
grid_5x5,seed_milpsnap_grid5x5_mid.json,449,25,40,51,36.0522,7.696583572062955e-05,0.805,OPTIMAL
grid_5x5,seed_milpsnap_grid5x5_mid.json,450,25,40,53,36.0522,7.696583572062955e-05,0.818,OPTIMAL
grid_5x5,seed_milpsnap_grid5x5_mid.json,451,25,40,51,36.0522,7.696583572062955e-05,0.77,OPTIMAL
grid_5x5,seed_milpsnap_grid5x5_mid.json,452,25,40,51,36.0522,7.696583572082397e-05,0.797,OPTIMAL
grid_5x5,seed_milpsnap_grid5x5_mid.json,453,25,40,54,36.0522,7.696583572062955e-05,0.86,OPTIMAL
grid_5x5,seed_milpsnap_grid5x5_mid.json,454,25,40,1,68.0285,0.0,0.024,OPTIMAL
grid_5x5,seed_milpsnap_grid5x5_mid.json,455,25,40,6,48.0433,0.0,0.081,OPTIMAL
grid_5x5,seed_milpsnap_grid5x5_mid.json,456,25,40,9,44.0463,0.0,0.09,OPTIMAL
grid_5x5,seed_milpsnap_grid5x5_mid.json,457,25,40,14,40.0492,0.0,0.135,OPTIMAL
grid_5x5,seed_milpsnap_grid5x5_mid.json,458,25,40,19,40.0492,0.0,0.193,OPTIMAL
grid_5x5,seed_milpsnap_grid5x5_mid.json,459,25,40,21,40.0492,0.0,0.156,OPTIMAL
grid_5x5,seed_milpsnap_grid5x5_mid.json,460,25,40,23,40.0492,0.0,0.194,OPTIMAL
grid_5x5,seed_milpsnap_grid5x5_mid.json,461,25,40,24,40.0492,0.0,0.19,OPTIMAL
grid_5x5,seed_milpsnap_grid5x5_mid.json,462,25,40,28,40.0492,0.0,0.208,OPTIMAL
grid_5x5,seed_milpsnap_grid5x5_mid.json,463,25,40,33,40.0492,0.0,0.251,OPTIMAL
grid_5x5,seed_milpsnap_grid5x5_mid.json,464,25,40,34,40.0492,0.0,0.259,OPTIMAL
grid_5x5,seed_milpsnap_grid5x5_mid.json,465,25,40,38,36.0522,0.0,0.551,OPTIMAL
grid_5x5,seed_milpsnap_grid5x5_mid.json,466,25,40,40,36.0522,7.696583572062955e-05,0.536,OPTIMAL
grid_5x5,seed_milpsnap_grid5x5_mid.json,467,25,40,43,36.0522,7.696583572062955e-05,0.573,OPTIMAL
grid_5x5,seed_milpsnap_grid5x5_mid.json,468,25,40,46,36.0522,7.696583572062955e-05,0.618,OPTIMAL
grid_5x5,seed_milpsnap_grid5x5_mid.json,469,25,40,48,36.0522,7.696583572062955e-05,0.75,OPTIMAL
grid_5x5,seed_milpsnap_grid5x5_mid.json,470,25,40,44,36.0522,7.696583572062955e-05,0.576,OPTIMAL
grid_5x5,seed_milpsnap_grid5x5_mid.json,471,25,40,47,36.0522,7.696583572062955e-05,0.694,OPTIMAL
grid_5x5,seed_milpsnap_grid5x5_mid.json,472,25,40,49,36.0522,7.696583572062955e-05,0.744,OPTIMAL
grid_5x5,seed_milpsnap_grid5x5_mid.json,473,25,40,51,36.0522,7.696583572062955e-05,0.765,OPTIMAL
grid_5x5,seed_milpsnap_grid5x5_mid.json,474,25,40,51,36.0522,0.0,0.785,OPTIMAL
grid_5x5,seed_milpsnap_grid5x5_mid.json,475,25,40,50,36.0522,7.696583572062955e-05,0.773,OPTIMAL
grid_5x5,seed_milpsnap_grid5x5_mid.json,476,25,40,50,36.0522,7.696583572062955e-05,0.771,OPTIMAL
grid_5x5,seed_milpsnap_grid5x5_mid.json,477,25,40,53,36.0522,7.696583572062955e-05,0.832,OPTIMAL
grid_5x5,seed_milpsnap_grid5x5_mid.json,478,25,40,55,36.0522,7.696583572082397e-05,0.828,OPTIMAL
grid_5x5,seed_milpsnap_grid5x5_mid.json,479,25,40,55,36.0522,7.696583572062955e-05,0.83,OPTIMAL
grid_5x5,seed_milpsnap_grid5x5_mid.json,480,25,40,55,36.0522,7.696583572082397e-05,0.889,OPTIMAL
grid_5x5,seed_milpsnap_grid5x5_mid.json,481,25,40,60,36.0522,7.69658357204351e-05,0.971,OPTIMAL
grid_5x5,seed_milpsnap_grid5x5_mid.json,482,25,40,61,36.0522,7.69658357204351e-05,1.007,OPTIMAL
grid_5x5,seed_milpsnap_grid5x5_mid.json,483,25,40,63,36.0522,7.696583572062955e-05,1.001,OPTIMAL
grid_5x5,seed_milpsnap_grid5x5_mid.json,484,25,40,64,36.0522,7.696583572062952e-05,0.986,OPTIMAL
grid_5x5,seed_milpsnap_grid5x5_mid.json,485,25,40,66,36.0522,7.696583572082397e-05,1.063,OPTIMAL
grid_5x5,seed_milpsnap_grid5x5_mid.json,486,25,40,65,36.0522,7.696583572082397e-05,1.115,OPTIMAL
grid_5x5,seed_milpsnap_grid5x5_mid.json,487,25,40,64,36.0522,7.696583572062955e-05,1.078,OPTIMAL
grid_5x5,seed_milpsnap_grid5x5_mid.json,488,25,40,61,36.0522,7.696583572062952e-05,0.999,OPTIMAL
grid_5x5,seed_milpsnap_grid5x5_mid.json,489,25,40,62,36.0522,7.696583572062955e-05,0.978,OPTIMAL
grid_5x5,seed_milpsnap_grid5x5_mid.json,490,25,40,65,36.0522,7.696583572062955e-05,1.056,OPTIMAL
grid_5x5,seed_milpsnap_grid5x5_mid.json,491,25,40,69,36.0522,7.696583572062952e-05,1.172,OPTIMAL
grid_5x5,seed_milpsnap_grid5x5_mid.json,492,25,40,67,36.0522,7.696583572062955e-05,1.145,OPTIMAL
grid_5x5,seed_milpsnap_grid5x5_mid.json,493,25,40,64,36.0522,7.696583572082397e-05,1.047,OPTIMAL
grid_5x5,seed_milpsnap_grid5x5_mid.json,494,25,40,68,36.0522,7.696583572062955e-05,1.133,OPTIMAL
grid_5x5,seed_milpsnap_grid5x5_mid.json,495,25,40,69,36.0522,7.696583572062955e-05,1.206,OPTIMAL
grid_5x5,seed_milpsnap_grid5x5_mid.json,496,25,40,66,36.0522,7.69658357204351e-05,1.027,OPTIMAL
grid_5x5,seed_milpsnap_grid5x5_mid.json,497,25,40,66,36.0522,7.69658357204351e-05,0.998,OPTIMAL
grid_5x5,seed_milpsnap_grid5x5_mid.json,498,25,40,64,36.0522,7.69658357204351e-05,1.266,OPTIMAL
grid_5x5,seed_milpsnap_grid5x5_mid.json,499,25,40,62,36.0522,7.696583572062955e-05,1.259,OPTIMAL
grid_5x5,seed_milpsnap_grid5x5_mid.json,500,25,40,63,36.0522,7.696583572062955e-05,1.053,OPTIMAL
grid_5x5,seed_milpsnap_grid5x5_mid.json,501,25,40,61,36.0522,7.696583572062955e-05,1.036,OPTIMAL
grid_5x5,seed_milpsnap_grid5x5_mid.json,502,25,40,56,36.0522,7.696583572062955e-05,0.864,OPTIMAL
grid_5x5,seed_milpsnap_grid5x5_mid.json,503,25,40,55,36.0522,7.696583572062955e-05,0.896,OPTIMAL
grid_5x5,seed_milpsnap_grid5x5_mid.json,504,25,40,58,36.0522,7.69658357204351e-05,0.925,OPTIMAL
grid_5x5,seed_milpsnap_grid5x5_mid.json,505,25,40,58,36.0522,7.696583572062955e-05,0.963,OPTIMAL
grid_5x5,seed_milpsnap_grid5x5_mid.json,506,25,40,58,36.0522,7.696583572062955e-05,0.928,OPTIMAL
grid_5x5,seed_milpsnap_grid5x5_mid.json,507,25,40,57,36.0522,7.696583572062955e-05,0.903,OPTIMAL
grid_5x5,seed_milpsnap_grid5x5_mid.json,508,25,40,58,36.0522,7.69658357204351e-05,0.874,OPTIMAL
grid_5x5,seed_milpsnap_grid5x5_mid.json,509,25,40,54,36.0522,7.696583572062955e-05,0.845,OPTIMAL
grid_5x5,seed_milpsnap_grid5x5_mid.json,510,25,40,56,36.0522,7.696583572062955e-05,0.915,OPTIMAL
grid_5x5,seed_milpsnap_grid5x5_mid.json,511,25,40,59,36.0522,7.696583572062952e-05,0.948,OPTIMAL
grid_5x5,seed_milpsnap_grid5x5_mid.json,512,25,40,58,36.0522,7.696583572062955e-05,0.919,OPTIMAL
grid_5x5,seed_milpsnap_grid5x5_mid.json,513,25,40,57,36.0522,7.696583572082397e-05,0.912,OPTIMAL
grid_5x5,seed_milpsnap_grid5x5_mid.json,514,25,40,58,36.0522,7.696583572062952e-05,0.928,OPTIMAL
grid_5x5,seed_milpsnap_grid5x5_mid.json,515,25,40,55,36.0522,7.696583572062955e-05,0.847,OPTIMAL
grid_5x5,seed_milpsnap_grid5x5_mid.json,516,25,40,53,36.0522,7.696583572062955e-05,0.849,OPTIMAL
grid_5x5,seed_milpsnap_grid5x5_mid.json,517,25,40,56,36.0522,7.696583572062955e-05,0.898,OPTIMAL
grid_5x5,seed_milpsnap_grid5x5_mid.json,518,25,40,60,36.0522,7.696583572062952e-05,0.989,OPTIMAL
grid_5x5,seed_milpsnap_grid5x5_mid.json,519,25,40,55,36.0522,7.696583572062955e-05,0.856,OPTIMAL
grid_5x5,seed_milpsnap_grid5x5_mid.json,520,25,40,57,36.0522,7.696583572082397e-05,0.921,OPTIMAL
grid_5x5,seed_milpsnap_grid5x5_mid.json,521,25,40,55,36.0522,7.696583572062955e-05,0.896,OPTIMAL
grid_5x5,seed_milpsnap_grid5x5_mid.json,522,25,40,58,36.0522,7.696583572062955e-05,0.914,OPTIMAL
grid_5x5,seed_milpsnap_grid5x5_mid.json,523,25,40,58,36.0522,7.69658357204351e-05,0.973,OPTIMAL
grid_5x5,seed_milpsnap_grid5x5_mid.json,524,25,40,60,36.0522,7.69658357204351e-05,0.97,OPTIMAL
grid_5x5,seed_milpsnap_grid5x5_mid.json,525,25,40,56,36.0522,7.696583572062955e-05,0.882,OPTIMAL
grid_5x5,seed_milpsnap_grid5x5_mid.json,526,25,40,54,36.0522,7.696583572082397e-05,0.814,OPTIMAL
grid_5x5,seed_milpsnap_grid5x5_mid.json,527,25,40,59,36.0522,7.696583572062955e-05,0.986,OPTIMAL
grid_5x5,seed_milpsnap_grid5x5_mid.json,528,25,40,59,36.0522,7.696583572062952e-05,0.925,OPTIMAL
grid_5x5,seed_milpsnap_grid5x5_mid.json,529,25,40,60,36.0522,7.696583572082397e-05,1.006,OPTIMAL
grid_5x5,seed_milpsnap_grid5x5_mid.json,530,25,40,60,36.0522,7.696583572062952e-05,0.963,OPTIMAL
grid_5x5,seed_milpsnap_grid5x5_mid.json,531,25,40,64,36.0522,7.696583572062955e-05,1.068,OPTIMAL
grid_5x5,seed_milpsnap_grid5x5_mid.json,532,25,40,62,36.0522,7.69658357204351e-05,1.015,OPTIMAL
grid_5x5,seed_milpsnap_grid5x5_mid.json,533,25,40,56,36.0522,7.696583572082397e-05,0.882,OPTIMAL
grid_5x5,seed_milpsnap_grid5x5_mid.json,534,25,40,60,36.0522,7.69658357204351e-05,0.933,OPTIMAL
grid_5x5,seed_milpsnap_grid5x5_mid.json,535,25,40,61,36.0522,7.69658357204351e-05,0.981,OPTIMAL
grid_5x5,seed_milpsnap_grid5x5_mid.json,536,25,40,64,36.0522,7.696583572062955e-05,1.059,OPTIMAL
grid_5x5,seed_milpsnap_grid5x5_mid.json,537,25,40,61,36.0522,7.69658357204351e-05,0.961,OPTIMAL
grid_5x5,seed_milpsnap_grid5x5_mid.json,538,25,40,56,36.0522,7.696583572062955e-05,0.875,OPTIMAL
grid_5x5,seed_milpsnap_grid5x5_mid.json,539,25,40,55,36.0522,7.696583572082397e-05,0.869,OPTIMAL
grid_5x5,seed_milpsnap_grid5x5_mid.json,540,25,40,54,36.0522,7.696583572062955e-05,0.879,OPTIMAL
grid_5x5,seed_milpsnap_grid5x5_mid.json,541,25,40,54,36.0522,7.696583572062955e-05,0.851,OPTIMAL
grid_5x5,seed_milpsnap_grid5x5_mid.json,542,25,40,50,36.0522,7.696583572062955e-05,0.814,OPTIMAL
grid_5x5,seed_milpsnap_grid5x5_mid.json,543,25,40,50,36.0522,7.696583572062955e-05,0.744,OPTIMAL
grid_5x5,seed_milpsnap_grid5x5_mid.json,544,25,40,52,36.0522,7.696583572062955e-05,0.796,OPTIMAL
grid_5x5,seed_milpsnap_grid5x5_mid.json,545,25,40,56,36.0522,7.696583572062955e-05,0.895,OPTIMAL
grid_5x5,seed_milpsnap_grid5x5_mid.json,546,25,40,57,36.0522,7.696583572062955e-05,0.904,OPTIMAL
grid_5x5,seed_milpsnap_grid5x5_mid.json,547,25,40,58,36.0522,7.696583572062955e-05,0.912,OPTIMAL
grid_5x5,seed_milpsnap_grid5x5_mid.json,548,25,40,59,36.0522,7.696583572062955e-05,0.901,OPTIMAL
grid_5x5,seed_milpsnap_grid5x5_mid.json,549,25,40,56,36.0522,7.696583572062955e-05,0.889,OPTIMAL
grid_5x5,seed_milpsnap_grid5x5_mid.json,550,25,40,52,36.0522,7.696583572062955e-05,0.81,OPTIMAL
grid_5x5,seed_milpsnap_grid5x5_mid.json,551,25,40,51,36.0522,7.696583572062955e-05,0.776,OPTIMAL
grid_5x5,seed_milpsnap_grid5x5_mid.json,552,25,40,51,36.0522,7.696583572062955e-05,0.802,OPTIMAL
grid_5x5,seed_milpsnap_grid5x5_mid.json,553,25,40,57,36.0522,7.696583572062955e-05,0.878,OPTIMAL
grid_5x5,seed_milpsnap_grid5x5_mid.json,554,25,40,63,36.0522,7.69658357204351e-05,1.02,OPTIMAL
grid_5x5,seed_milpsnap_grid5x5_mid.json,555,25,40,66,36.0522,7.69658357204351e-05,1.078,OPTIMAL
grid_5x5,seed_milpsnap_grid5x5_mid.json,556,25,40,67,36.0522,7.696583572082397e-05,1.097,OPTIMAL
grid_5x5,seed_milpsnap_grid5x5_mid.json,557,25,40,70,36.0522,7.69658357204351e-05,1.146,OPTIMAL
grid_5x5,seed_milpsnap_grid5x5_mid.json,558,25,40,71,36.0522,7.696583572082397e-05,1.231,OPTIMAL
grid_5x5,seed_milpsnap_grid5x5_mid.json,559,25,40,71,36.0522,7.69658357204351e-05,1.225,OPTIMAL
grid_5x5,seed_milpsnap_grid5x5_mid.json,560,25,40,70,36.0522,7.696583572082397e-05,1.171,OPTIMAL
grid_5x5,seed_milpsnap_grid5x5_mid.json,561,25,40,71,36.0522,7.69658357204351e-05,1.377,OPTIMAL
grid_5x5,seed_milpsnap_grid5x5_mid.json,562,25,40,75,36.0522,7.696583572062955e-05,1.198,OPTIMAL
grid_5x5,seed_milpsnap_grid5x5_mid.json,563,25,40,76,36.0522,7.696583572062955e-05,1.245,OPTIMAL
grid_5x5,seed_milpsnap_grid5x5_mid.json,564,25,40,76,36.0522,7.69658357204351e-05,1.266,OPTIMAL
grid_5x5,seed_milpsnap_grid5x5_mid.json,565,25,40,78,36.0522,7.696583572082397e-05,1.244,OPTIMAL
grid_5x5,seed_milpsnap_grid5x5_mid.json,566,25,40,78,36.0522,7.69658357204351e-05,1.306,OPTIMAL
grid_5x5,seed_milpsnap_grid5x5_mid.json,567,25,40,74,36.0522,7.696583572062955e-05,1.26,OPTIMAL
grid_5x5,seed_milpsnap_grid5x5_mid.json,568,25,40,72,36.0522,7.69658357204351e-05,1.185,OPTIMAL
grid_5x5,seed_milpsnap_grid5x5_mid.json,569,25,40,69,36.0522,7.696583572062955e-05,1.16,OPTIMAL
grid_5x5,seed_milpsnap_grid5x5_mid.json,570,25,40,66,36.0522,7.69658357204351e-05,1.068,OPTIMAL
grid_5x5,seed_milpsnap_grid5x5_mid.json,571,25,40,67,36.0522,7.696583572062955e-05,1.077,OPTIMAL
grid_5x5,seed_milpsnap_grid5x5_mid.json,572,25,40,60,36.0522,7.69658357204351e-05,0.888,OPTIMAL
grid_5x5,seed_milpsnap_grid5x5_mid.json,573,25,40,61,36.0522,7.69658357204351e-05,0.964,OPTIMAL
grid_5x5,seed_milpsnap_grid5x5_mid.json,574,25,40,59,36.0522,7.696583572062955e-05,0.952,OPTIMAL
grid_5x5,seed_milpsnap_grid5x5_mid.json,575,25,40,61,36.0522,7.696583572062955e-05,1.002,OPTIMAL
grid_5x5,seed_milpsnap_grid5x5_mid.json,576,25,40,60,36.0522,7.69658357204351e-05,0.914,OPTIMAL
grid_5x5,seed_milpsnap_grid5x5_mid.json,577,25,40,59,36.0522,7.696583572062952e-05,0.911,OPTIMAL
grid_5x5,seed_milpsnap_grid5x5_mid.json,578,25,40,62,36.0522,7.69658357204351e-05,0.998,OPTIMAL
grid_5x5,seed_milpsnap_grid5x5_mid.json,579,25,40,60,36.0522,7.69658357204351e-05,1.001,OPTIMAL
grid_5x5,seed_milpsnap_grid5x5_mid.json,580,25,40,59,36.0522,7.696583572082397e-05,0.964,OPTIMAL
grid_5x5,seed_milpsnap_grid5x5_mid.json,581,25,40,56,36.0522,0.0,1.073,OPTIMAL
grid_5x5,seed_milpsnap_grid5x5_mid.json,582,25,40,60,36.0522,7.69658357204351e-05,0.962,OPTIMAL
grid_5x5,seed_milpsnap_grid5x5_mid.json,583,25,40,57,36.0522,7.696583572082397e-05,0.903,OPTIMAL
grid_5x5,seed_milpsnap_grid5x5_mid.json,584,25,40,55,36.0522,7.696583572082397e-05,0.898,OPTIMAL
grid_5x5,seed_milpsnap_grid5x5_mid.json,585,25,40,56,36.0522,7.696583572062955e-05,0.875,OPTIMAL
grid_5x5,seed_milpsnap_grid5x5_mid.json,586,25,40,53,36.0522,7.696583572062955e-05,0.849,OPTIMAL
grid_5x5,seed_milpsnap_grid5x5_mid.json,587,25,40,58,36.0522,7.696583572062955e-05,0.905,OPTIMAL
grid_5x5,seed_milpsnap_grid5x5_mid.json,588,25,40,58,36.0522,7.696583572062952e-05,0.953,OPTIMAL
grid_5x5,seed_milpsnap_grid5x5_mid.json,589,25,40,56,36.0522,7.696583572062955e-05,0.855,OPTIMAL
grid_5x5,seed_milpsnap_grid5x5_mid.json,590,25,40,52,36.0522,7.696583572062955e-05,0.765,OPTIMAL
grid_5x5,seed_milpsnap_grid5x5_mid.json,591,25,40,48,36.0522,7.696583572062955e-05,0.775,OPTIMAL
grid_5x5,seed_milpsnap_grid5x5_mid.json,592,25,40,50,36.0522,7.696583572082397e-05,0.764,OPTIMAL
grid_5x5,seed_milpsnap_grid5x5_mid.json,593,25,40,48,36.0522,7.696583572082397e-05,0.737,OPTIMAL
grid_5x5,seed_milpsnap_grid5x5_mid.json,594,25,40,54,36.0522,7.696583572062955e-05,0.818,OPTIMAL
grid_5x5,seed_milpsnap_grid5x5_mid.json,595,25,40,53,36.0522,7.696583572062955e-05,0.778,OPTIMAL
grid_5x5,seed_milpsnap_grid5x5_mid.json,596,25,40,55,36.0522,7.696583572062955e-05,0.887,OPTIMAL
grid_5x5,seed_milpsnap_grid5x5_mid.json,597,25,40,54,36.0522,7.696583572062955e-05,0.877,OPTIMAL
grid_5x5,seed_milpsnap_grid5x5_mid.json,598,25,40,57,36.0522,7.696583572062955e-05,0.871,OPTIMAL
grid_5x5,seed_milpsnap_grid5x5_mid.json,599,25,40,59,36.0522,7.696583572082397e-05,0.906,OPTIMAL
grid_5x5,seed_milpsnap_grid5x5_mid.json,600,25,40,61,36.0522,7.696583572082397e-05,1.032,OPTIMAL
grid_5x5,seed_milpsnap_grid5x5_mid.json,601,25,40,66,36.0522,7.696583572062952e-05,1.097,OPTIMAL
grid_5x5,seed_milpsnap_grid5x5_mid.json,602,25,40,68,36.0522,7.69658357204351e-05,1.166,OPTIMAL
grid_5x5,seed_milpsnap_grid5x5_mid.json,603,25,40,71,36.0522,7.696583572062955e-05,1.2,OPTIMAL
grid_5x5,seed_milpsnap_grid5x5_mid.json,604,25,40,75,36.0522,7.696583572062955e-05,1.216,OPTIMAL
grid_5x5,seed_milpsnap_grid5x5_mid.json,605,25,40,1,84.0167,0.0,0.009,OPTIMAL
grid_5x5,seed_milpsnap_grid5x5_mid.json,606,25,40,3,60.0394,5.474052988827953e-05,0.031,OPTIMAL
grid_5x5,seed_milpsnap_grid5x5_mid.json,607,25,40,7,52.0404,0.0,0.051,OPTIMAL
grid_5x5,seed_milpsnap_grid5x5_mid.json,608,25,40,13,44.0512,0.0,0.101,OPTIMAL
grid_5x5,seed_milpsnap_grid5x5_mid.json,609,25,40,16,44.0463,0.0,0.12,OPTIMAL
grid_5x5,seed_milpsnap_grid5x5_mid.json,610,25,40,18,40.0492,0.0,0.186,OPTIMAL
grid_5x5,seed_milpsnap_grid5x5_mid.json,611,25,40,26,40.0492,0.0,0.201,OPTIMAL
grid_5x5,seed_milpsnap_grid5x5_mid.json,612,25,40,29,40.0492,0.0,0.226,OPTIMAL
grid_5x5,seed_milpsnap_grid5x5_mid.json,613,25,40,31,40.0492,0.0,0.254,OPTIMAL
grid_5x5,seed_milpsnap_grid5x5_mid.json,614,25,40,38,40.0492,0.0,0.294,OPTIMAL
grid_5x5,seed_milpsnap_grid5x5_mid.json,615,25,40,41,36.0522,7.696583572062955e-05,0.541,OPTIMAL
grid_5x5,seed_milpsnap_grid5x5_mid.json,616,25,40,43,36.0522,7.696583572062955e-05,0.544,OPTIMAL
grid_5x5,seed_milpsnap_grid5x5_mid.json,617,25,40,46,36.0522,0.0,0.775,OPTIMAL
grid_5x5,seed_milpsnap_grid5x5_mid.json,618,25,40,50,36.0522,7.696583572062955e-05,0.791,OPTIMAL
grid_5x5,seed_milpsnap_grid5x5_mid.json,619,25,40,55,36.0522,7.696583572062955e-05,0.882,OPTIMAL
grid_5x5,seed_milpsnap_grid5x5_mid.json,620,25,40,55,36.0522,7.696583572062955e-05,0.867,OPTIMAL
grid_5x5,seed_milpsnap_grid5x5_mid.json,621,25,40,55,36.0522,7.696583572082397e-05,0.866,OPTIMAL
grid_5x5,seed_milpsnap_grid5x5_mid.json,622,25,40,55,36.0522,7.696583572082397e-05,0.849,OPTIMAL
grid_5x5,seed_milpsnap_grid5x5_mid.json,623,25,40,54,36.0522,7.696583572062955e-05,0.818,OPTIMAL
grid_5x5,seed_milpsnap_grid5x5_mid.json,624,25,40,57,36.0522,7.696583572062955e-05,0.951,OPTIMAL
grid_5x5,seed_milpsnap_grid5x5_mid.json,625,25,40,62,36.0522,7.696583572062955e-05,1.001,OPTIMAL
grid_5x5,seed_milpsnap_grid5x5_mid.json,626,25,40,56,36.0522,7.696583572082397e-05,0.909,OPTIMAL
grid_5x5,seed_milpsnap_grid5x5_mid.json,627,25,40,58,36.0522,7.696583572062955e-05,0.904,OPTIMAL
grid_5x5,seed_milpsnap_grid5x5_mid.json,628,25,40,59,36.0522,7.696583572062955e-05,0.943,OPTIMAL
grid_5x5,seed_milpsnap_grid5x5_mid.json,629,25,40,56,36.0522,7.696583572062955e-05,0.905,OPTIMAL
grid_5x5,seed_milpsnap_grid5x5_mid.json,630,25,40,56,36.0522,7.696583572062955e-05,0.846,OPTIMAL
grid_5x5,seed_milpsnap_grid5x5_mid.json,631,25,40,61,36.0522,7.696583572062955e-05,1.005,OPTIMAL
grid_5x5,seed_milpsnap_grid5x5_mid.json,632,25,40,66,36.0522,7.696583572062955e-05,1.105,OPTIMAL
grid_5x5,seed_milpsnap_grid5x5_mid.json,633,25,40,66,36.0522,7.696583572062955e-05,1.196,OPTIMAL
grid_5x5,seed_milpsnap_grid5x5_mid.json,634,25,40,67,36.0522,7.696583572062955e-05,1.132,OPTIMAL
grid_5x5,seed_milpsnap_grid5x5_mid.json,635,25,40,68,36.0522,7.696583572062955e-05,1.113,OPTIMAL
grid_5x5,seed_milpsnap_grid5x5_mid.json,636,25,40,71,36.0522,7.696583572082397e-05,1.233,OPTIMAL
grid_5x5,seed_milpsnap_grid5x5_mid.json,637,25,40,72,36.0522,7.69658357204351e-05,1.154,OPTIMAL
grid_5x5,seed_milpsnap_grid5x5_mid.json,638,25,40,71,36.0522,7.69658357204351e-05,1.173,OPTIMAL
grid_5x5,seed_milpsnap_grid5x5_mid.json,639,25,40,67,36.0522,7.696583572062955e-05,1.176,OPTIMAL
grid_5x5,seed_milpsnap_grid5x5_mid.json,640,25,40,62,36.0522,7.696583572082397e-05,0.966,OPTIMAL
grid_5x5,seed_milpsnap_grid5x5_mid.json,641,25,40,63,36.0522,7.69658357204351e-05,0.995,OPTIMAL
grid_5x5,seed_milpsnap_grid5x5_mid.json,642,25,40,63,36.0522,7.696583572082397e-05,1.054,OPTIMAL
grid_5x5,seed_milpsnap_grid5x5_mid.json,643,25,40,63,36.0522,7.69658357204351e-05,0.952,OPTIMAL
grid_5x5,seed_milpsnap_grid5x5_mid.json,644,25,40,63,36.0522,7.696583572082397e-05,1.015,OPTIMAL
grid_5x5,seed_milpsnap_grid5x5_mid.json,645,25,40,63,36.0522,7.69658357204351e-05,1.056,OPTIMAL
grid_5x5,seed_milpsnap_grid5x5_mid.json,646,25,40,56,36.0522,7.696583572062955e-05,0.905,OPTIMAL
grid_5x5,seed_milpsnap_grid5x5_mid.json,647,25,40,54,36.0522,7.696583572062955e-05,0.844,OPTIMAL
grid_5x5,seed_milpsnap_grid5x5_mid.json,648,25,40,52,36.0522,7.696583572062955e-05,0.854,OPTIMAL
grid_5x5,seed_milpsnap_grid5x5_mid.json,649,25,40,47,36.0522,7.696583572062955e-05,0.716,OPTIMAL
grid_5x5,seed_milpsnap_grid5x5_mid.json,650,25,40,48,36.0522,7.696583572062955e-05,0.721,OPTIMAL
grid_5x5,seed_milpsnap_grid5x5_mid.json,651,25,40,50,36.0522,7.696583572062955e-05,0.819,OPTIMAL
grid_5x5,seed_milpsnap_grid5x5_mid.json,652,25,40,49,36.0522,7.696583572062955e-05,0.753,OPTIMAL
grid_5x5,seed_milpsnap_grid5x5_mid.json,653,25,40,50,36.0522,7.696583572062955e-05,0.812,OPTIMAL
grid_5x5,seed_milpsnap_grid5x5_mid.json,654,25,40,51,36.0522,7.696583572062955e-05,0.772,OPTIMAL
grid_5x5,seed_milpsnap_grid5x5_mid.json,655,25,40,54,36.0522,7.696583572062955e-05,0.849,OPTIMAL
grid_5x5,seed_milpsnap_grid5x5_mid.json,656,25,40,55,36.0522,7.696583572062955e-05,0.916,OPTIMAL
grid_5x5,seed_milpsnap_grid5x5_mid.json,657,25,40,57,36.0522,7.696583572062955e-05,0.89,OPTIMAL
grid_5x5,seed_milpsnap_grid5x5_mid.json,658,25,40,58,36.0522,7.696583572082397e-05,0.925,OPTIMAL
grid_5x5,seed_milpsnap_grid5x5_mid.json,659,25,40,57,36.0522,7.696583572062955e-05,0.894,OPTIMAL
grid_5x5,seed_milpsnap_grid5x5_mid.json,660,25,40,58,36.0522,7.696583572082397e-05,0.973,OPTIMAL
grid_5x5,seed_milpsnap_grid5x5_mid.json,661,25,40,62,36.0522,7.696583572062952e-05,0.941,OPTIMAL
grid_5x5,seed_milpsnap_grid5x5_mid.json,662,25,40,61,36.0522,7.696583572082397e-05,1.01,OPTIMAL
grid_5x5,seed_milpsnap_grid5x5_mid.json,663,25,40,66,36.0522,7.696583572082397e-05,1.057,OPTIMAL
grid_5x5,seed_milpsnap_grid5x5_mid.json,664,25,40,67,36.0522,7.696583572062955e-05,1.147,OPTIMAL
grid_5x5,seed_milpsnap_grid5x5_mid.json,665,25,40,66,36.0522,7.696583572062955e-05,1.048,OPTIMAL
grid_5x5,seed_milpsnap_grid5x5_mid.json,666,25,40,63,36.0522,7.696583572062955e-05,1.072,OPTIMAL
grid_5x5,seed_milpsnap_grid5x5_mid.json,667,25,40,64,36.0522,7.696583572082397e-05,1.049,OPTIMAL
grid_5x5,seed_milpsnap_grid5x5_mid.json,668,25,40,60,36.0522,7.69658357204351e-05,0.994,OPTIMAL
grid_5x5,seed_milpsnap_grid5x5_mid.json,669,25,40,62,36.0522,7.69658357204351e-05,0.899,OPTIMAL
grid_5x5,seed_milpsnap_grid5x5_mid.json,670,25,40,60,36.0522,7.696583572062955e-05,0.947,OPTIMAL
grid_5x5,seed_milpsnap_grid5x5_mid.json,671,25,40,61,36.0522,7.696583572062955e-05,0.932,OPTIMAL
grid_5x5,seed_milpsnap_grid5x5_mid.json,672,25,40,59,36.0522,7.696583572082397e-05,0.959,OPTIMAL
grid_5x5,seed_milpsnap_grid5x5_mid.json,673,25,40,61,36.0522,7.696583572062955e-05,0.977,OPTIMAL
grid_5x5,seed_milpsnap_grid5x5_mid.json,674,25,40,59,36.0522,7.696583572082397e-05,0.97,OPTIMAL
grid_5x5,seed_milpsnap_grid5x5_mid.json,675,25,40,59,36.0522,7.696583572082397e-05,0.93,OPTIMAL
grid_5x5,seed_milpsnap_grid5x5_mid.json,676,25,40,60,36.0522,7.696583572062955e-05,0.932,OPTIMAL
grid_5x5,seed_milpsnap_grid5x5_mid.json,677,25,40,56,36.0522,7.696583572082397e-05,0.887,OPTIMAL
grid_5x5,seed_milpsnap_grid5x5_mid.json,678,25,40,54,36.0522,7.696583572062955e-05,0.816,OPTIMAL
grid_5x5,seed_milpsnap_grid5x5_mid.json,679,25,40,54,36.0522,7.696583572062955e-05,0.863,OPTIMAL
grid_5x5,seed_milpsnap_grid5x5_mid.json,680,25,40,55,36.0522,7.696583572062955e-05,0.858,OPTIMAL
grid_5x5,seed_milpsnap_grid5x5_mid.json,681,25,40,51,36.0522,7.696583572062955e-05,0.785,OPTIMAL
grid_5x5,seed_milpsnap_grid5x5_mid.json,682,25,40,49,36.0522,7.696583572062955e-05,0.738,OPTIMAL
grid_5x5,seed_milpsnap_grid5x5_mid.json,683,25,40,50,36.0522,7.696583572062955e-05,0.918,OPTIMAL
grid_5x5,seed_milpsnap_grid5x5_mid.json,684,25,40,47,36.0522,7.696583572062955e-05,0.812,OPTIMAL
grid_5x5,seed_milpsnap_grid5x5_mid.json,685,25,40,47,36.0522,7.696583572062955e-05,0.73,OPTIMAL
grid_5x5,seed_milpsnap_grid5x5_mid.json,686,25,40,47,36.0522,7.696583572062955e-05,0.749,OPTIMAL
grid_5x5,seed_milpsnap_grid5x5_mid.json,687,25,40,47,36.0522,0.0,0.853,OPTIMAL
grid_5x5,seed_milpsnap_grid5x5_mid.json,688,25,40,44,36.0522,7.696583572062955e-05,0.595,OPTIMAL
grid_5x5,seed_milpsnap_grid5x5_mid.json,689,25,40,44,36.0522,7.696583572062955e-05,0.599,OPTIMAL
grid_5x5,seed_milpsnap_grid5x5_mid.json,690,25,40,44,36.0522,7.696583572062955e-05,0.591,OPTIMAL
grid_5x5,seed_milpsnap_grid5x5_mid.json,691,25,40,42,36.0522,0.0,0.625,OPTIMAL
grid_5x5,seed_milpsnap_grid5x5_mid.json,692,25,40,42,36.0522,7.696583572062955e-05,0.534,OPTIMAL
grid_5x5,seed_milpsnap_grid5x5_mid.json,693,25,40,40,36.0522,7.696583572082397e-05,0.544,OPTIMAL
grid_5x5,seed_milpsnap_grid5x5_mid.json,694,25,40,42,36.0522,7.696583572062955e-05,0.554,OPTIMAL
grid_5x5,seed_milpsnap_grid5x5_mid.json,695,25,40,48,36.0522,7.696583572082397e-05,0.758,OPTIMAL
grid_5x5,seed_milpsnap_grid5x5_mid.json,696,25,40,51,36.0522,7.696583572062955e-05,0.828,OPTIMAL
grid_5x5,seed_milpsnap_grid5x5_mid.json,697,25,40,50,36.0522,7.696583572062955e-05,0.793,OPTIMAL
grid_5x5,seed_milpsnap_grid5x5_mid.json,698,25,40,53,36.0522,7.696583572082397e-05,0.855,OPTIMAL
grid_5x5,seed_milpsnap_grid5x5_mid.json,699,25,40,53,36.0522,7.696583572082397e-05,0.904,OPTIMAL
grid_5x5,seed_milpsnap_grid5x5_mid.json,700,25,40,53,36.0522,7.696583572062955e-05,0.911,OPTIMAL
grid_5x5,seed_milpsnap_grid5x5_mid.json,701,25,40,53,36.0522,7.696583572082397e-05,0.834,OPTIMAL
grid_5x5,seed_milpsnap_grid5x5_mid.json,702,25,40,53,36.0522,7.696583572062955e-05,0.805,OPTIMAL
grid_5x5,seed_milpsnap_grid5x5_mid.json,703,25,40,52,36.0522,7.696583572082397e-05,0.835,OPTIMAL
grid_5x5,seed_milpsnap_grid5x5_mid.json,704,25,40,56,36.0522,7.696583572062955e-05,0.892,OPTIMAL
grid_5x5,seed_milpsnap_grid5x5_mid.json,705,25,40,55,36.0522,7.696583572062955e-05,0.902,OPTIMAL
grid_5x5,seed_milpsnap_grid5x5_mid.json,706,25,40,58,36.0522,7.696583572062955e-05,0.92,OPTIMAL
grid_5x5,seed_milpsnap_grid5x5_mid.json,707,25,40,62,36.0522,7.69658357204351e-05,0.99,OPTIMAL
grid_5x5,seed_milpsnap_grid5x5_mid.json,708,25,40,65,36.0522,7.696583572062955e-05,1.058,OPTIMAL
grid_5x5,seed_milpsnap_grid5x5_mid.json,709,25,40,65,36.0522,7.69658357204351e-05,1.082,OPTIMAL
grid_5x5,seed_milpsnap_grid5x5_mid.json,710,25,40,59,36.0522,7.69658357204351e-05,0.963,OPTIMAL
grid_5x5,seed_milpsnap_grid5x5_mid.json,711,25,40,61,36.0522,7.69658357204351e-05,1.027,OPTIMAL
grid_5x5,seed_milpsnap_grid5x5_mid.json,712,25,40,68,36.0522,7.696583572062955e-05,1.133,OPTIMAL
grid_5x5,seed_milpsnap_grid5x5_mid.json,713,25,40,66,36.0522,7.696583572062955e-05,1.048,OPTIMAL
grid_5x5,seed_milpsnap_grid5x5_mid.json,714,25,40,67,36.0522,7.69658357204351e-05,1.034,OPTIMAL
grid_5x5,seed_milpsnap_grid5x5_mid.json,715,25,40,71,36.0522,7.696583572062955e-05,1.202,OPTIMAL
grid_5x5,seed_milpsnap_grid5x5_mid.json,716,25,40,71,36.0522,7.69658357204351e-05,1.161,OPTIMAL
grid_5x5,seed_milpsnap_grid5x5_mid.json,717,25,40,68,36.0522,7.696583572062952e-05,1.147,OPTIMAL
grid_5x5,seed_milpsnap_grid5x5_mid.json,718,25,40,70,36.0522,7.696583572062955e-05,1.14,OPTIMAL
grid_5x5,seed_milpsnap_grid5x5_mid.json,719,25,40,70,36.0522,7.696583572062955e-05,1.169,OPTIMAL
grid_5x5,seed_milpsnap_grid5x5_mid.json,720,25,40,74,36.0522,7.696583572062955e-05,1.269,OPTIMAL
grid_5x5,seed_milpsnap_grid5x5_mid.json,721,25,40,72,36.0522,7.696583572082397e-05,1.198,OPTIMAL
grid_5x5,seed_milpsnap_grid5x5_mid.json,722,25,40,72,36.0522,7.696583572062952e-05,1.212,OPTIMAL
grid_5x5,seed_milpsnap_grid5x5_mid.json,723,25,40,71,36.0522,7.696583572062955e-05,1.2,OPTIMAL
grid_5x5,seed_milpsnap_grid5x5_mid.json,724,25,40,71,36.0522,7.696583572062955e-05,1.196,OPTIMAL
grid_5x5,seed_milpsnap_grid5x5_mid.json,725,25,40,69,36.0522,7.696583572062952e-05,1.171,OPTIMAL
grid_5x5,seed_milpsnap_grid5x5_mid.json,726,25,40,71,36.0522,7.696583572062955e-05,1.195,OPTIMAL
grid_5x5,seed_milpsnap_grid5x5_mid.json,727,25,40,67,36.0522,7.69658357204351e-05,1.095,OPTIMAL
grid_5x5,seed_milpsnap_grid5x5_mid.json,728,25,40,69,36.0522,7.69658357204351e-05,1.126,OPTIMAL
grid_5x5,seed_milpsnap_grid5x5_mid.json,729,25,40,73,36.0522,7.696583572062952e-05,1.252,OPTIMAL
grid_5x5,seed_milpsnap_grid5x5_mid.json,730,25,40,72,36.0522,7.696583572062952e-05,1.235,OPTIMAL
grid_5x5,seed_milpsnap_grid5x5_mid.json,731,25,40,68,36.0522,7.696583572062955e-05,1.056,OPTIMAL
grid_5x5,seed_milpsnap_grid5x5_mid.json,732,25,40,72,36.0522,7.696583572062955e-05,1.208,OPTIMAL
grid_5x5,seed_milpsnap_grid5x5_mid.json,733,25,40,72,36.0522,7.696583572082397e-05,1.131,OPTIMAL
grid_5x5,seed_milpsnap_grid5x5_mid.json,734,25,40,71,36.0522,7.696583572062955e-05,1.175,OPTIMAL
grid_5x5,seed_milpsnap_grid5x5_mid.json,735,25,40,68,36.0522,7.696583572062955e-05,1.092,OPTIMAL
grid_5x5,seed_milpsnap_grid5x5_mid.json,736,25,40,68,36.0522,7.696583572062955e-05,1.156,OPTIMAL
grid_5x5,seed_milpsnap_grid5x5_mid.json,737,25,40,63,36.0522,7.696583572062952e-05,1.049,OPTIMAL
grid_5x5,seed_milpsnap_grid5x5_mid.json,738,25,40,59,36.0522,7.69658357204351e-05,0.88,OPTIMAL
grid_5x5,seed_milpsnap_grid5x5_mid.json,739,25,40,62,36.0522,7.69658357204351e-05,0.948,OPTIMAL
grid_5x5,seed_milpsnap_grid5x5_mid.json,740,25,40,66,36.0522,7.696583572062952e-05,1.08,OPTIMAL
grid_5x5,seed_milpsnap_grid5x5_mid.json,741,25,40,63,36.0522,7.696583572062955e-05,1.023,OPTIMAL
grid_5x5,seed_milpsnap_grid5x5_mid.json,742,25,40,61,36.0522,7.696583572082397e-05,0.993,OPTIMAL
grid_5x5,seed_milpsnap_grid5x5_mid.json,743,25,40,58,36.0522,7.69658357204351e-05,0.904,OPTIMAL
grid_5x5,seed_milpsnap_grid5x5_mid.json,744,25,40,55,36.0522,7.696583572062955e-05,0.856,OPTIMAL
grid_5x5,seed_milpsnap_grid5x5_mid.json,745,25,40,54,36.0522,7.696583572062955e-05,0.836,OPTIMAL
grid_5x5,seed_milpsnap_grid5x5_mid.json,746,25,40,63,36.0522,7.696583572082397e-05,1.054,OPTIMAL
grid_5x5,seed_milpsnap_grid5x5_mid.json,747,25,40,65,36.0522,7.696583572082397e-05,1.065,OPTIMAL
grid_5x5,seed_milpsnap_grid5x5_mid.json,748,25,40,65,36.0522,7.696583572082397e-05,1.12,OPTIMAL
grid_5x5,seed_milpsnap_grid5x5_mid.json,749,25,40,68,36.0522,7.696583572062952e-05,1.087,OPTIMAL
grid_5x5,seed_milpsnap_grid5x5_mid.json,750,25,40,67,36.0522,7.696583572062955e-05,1.052,OPTIMAL
grid_5x5,seed_milpsnap_grid5x5_mid.json,751,25,40,65,36.0522,7.696583572082397e-05,1.041,OPTIMAL
grid_5x5,seed_milpsnap_grid5x5_mid.json,752,25,40,68,36.0522,7.696583572082397e-05,1.143,OPTIMAL
grid_5x5,seed_milpsnap_grid5x5_mid.json,753,25,40,70,36.0522,7.696583572062955e-05,1.165,OPTIMAL
grid_5x5,seed_milpsnap_grid5x5_mid.json,754,25,40,66,36.0522,7.696583572082397e-05,1.067,OPTIMAL
grid_5x5,seed_milpsnap_grid5x5_mid.json,755,25,40,66,36.0522,7.696583572062955e-05,1.084,OPTIMAL
grid_5x5,seed_milpsnap_grid5x5_mid.json,756,25,40,1,80.0197,0.0,0.011,OPTIMAL
grid_5x5,seed_milpsnap_grid5x5_mid.json,757,25,40,6,48.0433,9.47288649376033e-05,0.127,OPTIMAL
grid_5x5,seed_milpsnap_grid5x5_mid.json,758,25,40,10,40.0492,0.0,0.21,OPTIMAL
grid_5x5,seed_milpsnap_grid5x5_mid.json,759,25,40,14,40.0492,0.0,0.182,OPTIMAL
grid_5x5,seed_milpsnap_grid5x5_mid.json,760,25,40,17,40.0492,0.0,0.131,OPTIMAL
grid_5x5,seed_milpsnap_grid5x5_mid.json,761,25,40,20,40.0492,0.0,0.154,OPTIMAL
grid_5x5,seed_milpsnap_grid5x5_mid.json,762,25,40,22,40.0492,0.0,0.163,OPTIMAL
grid_5x5,seed_milpsnap_grid5x5_mid.json,763,25,40,29,36.0522,7.696583572140731e-05,0.423,OPTIMAL
grid_5x5,seed_milpsnap_grid5x5_mid.json,764,25,40,32,36.0522,7.696583572062955e-05,0.419,OPTIMAL
grid_5x5,seed_milpsnap_grid5x5_mid.json,765,25,40,40,36.0522,7.696583572062955e-05,0.532,OPTIMAL
grid_5x5,seed_milpsnap_grid5x5_mid.json,766,25,40,45,36.0522,7.696583572062955e-05,0.614,OPTIMAL
grid_5x5,seed_milpsnap_grid5x5_mid.json,767,25,40,49,36.0522,7.696583572062955e-05,0.784,OPTIMAL
grid_5x5,seed_milpsnap_grid5x5_mid.json,768,25,40,56,36.0522,7.696583572082397e-05,0.874,OPTIMAL
grid_5x5,seed_milpsnap_grid5x5_mid.json,769,25,40,60,36.0522,7.69658357204351e-05,0.975,OPTIMAL
grid_5x5,seed_milpsnap_grid5x5_mid.json,770,25,40,66,36.0522,7.69658357204351e-05,1.07,OPTIMAL
grid_5x5,seed_milpsnap_grid5x5_mid.json,771,25,40,68,36.0522,7.69658357204351e-05,1.118,OPTIMAL
grid_5x5,seed_milpsnap_grid5x5_mid.json,772,25,40,68,36.0522,7.696583572062952e-05,1.133,OPTIMAL
grid_5x5,seed_milpsnap_grid5x5_mid.json,773,25,40,68,36.0522,7.696583572062952e-05,1.126,OPTIMAL
grid_5x5,seed_milpsnap_grid5x5_mid.json,774,25,40,68,36.0522,7.696583572062955e-05,1.12,OPTIMAL
grid_5x5,seed_milpsnap_grid5x5_mid.json,775,25,40,71,36.0522,7.696583572062955e-05,1.218,OPTIMAL
grid_5x5,seed_milpsnap_grid5x5_mid.json,776,25,40,70,36.0522,7.696583572062955e-05,1.194,OPTIMAL
grid_5x5,seed_milpsnap_grid5x5_mid.json,777,25,40,74,36.0522,7.69658357204351e-05,1.207,OPTIMAL
grid_5x5,seed_milpsnap_grid5x5_mid.json,778,25,40,71,36.0522,7.696583572062955e-05,1.214,OPTIMAL
grid_5x5,seed_milpsnap_grid5x5_mid.json,779,25,40,69,36.0522,7.69658357204351e-05,1.125,OPTIMAL
grid_5x5,seed_milpsnap_grid5x5_mid.json,780,25,40,65,36.0522,7.696583572082397e-05,1.019,OPTIMAL
grid_5x5,seed_milpsnap_grid5x5_mid.json,781,25,40,63,36.0522,7.696583572062955e-05,0.989,OPTIMAL
grid_5x5,seed_milpsnap_grid5x5_mid.json,782,25,40,61,36.0522,7.696583572062955e-05,0.985,OPTIMAL
grid_5x5,seed_milpsnap_grid5x5_mid.json,783,25,40,56,36.0522,7.696583572082397e-05,0.894,OPTIMAL
grid_5x5,seed_milpsnap_grid5x5_mid.json,784,25,40,59,36.0522,7.696583572062952e-05,0.926,OPTIMAL
grid_5x5,seed_milpsnap_grid5x5_mid.json,785,25,40,57,36.0522,7.696583572062955e-05,0.946,OPTIMAL
grid_5x5,seed_milpsnap_grid5x5_mid.json,786,25,40,58,36.0522,7.696583572062952e-05,0.913,OPTIMAL
grid_5x5,seed_milpsnap_grid5x5_mid.json,787,25,40,55,36.0522,7.696583572082397e-05,0.902,OPTIMAL
grid_5x5,seed_milpsnap_grid5x5_mid.json,788,25,40,55,36.0522,7.696583572062955e-05,0.869,OPTIMAL
grid_5x5,seed_milpsnap_grid5x5_mid.json,789,25,40,53,36.0522,7.696583572062955e-05,0.866,OPTIMAL
grid_5x5,seed_milpsnap_grid5x5_mid.json,790,25,40,51,36.0522,7.696583572062955e-05,0.788,OPTIMAL
grid_5x5,seed_milpsnap_grid5x5_mid.json,791,25,40,53,36.0522,7.696583572062955e-05,0.846,OPTIMAL
grid_5x5,seed_milpsnap_grid5x5_mid.json,792,25,40,51,36.0522,7.696583572062955e-05,0.816,OPTIMAL
grid_5x5,seed_milpsnap_grid5x5_mid.json,793,25,40,51,36.0522,7.696583572062955e-05,0.795,OPTIMAL
grid_5x5,seed_milpsnap_grid5x5_mid.json,794,25,40,56,36.0522,7.696583572062955e-05,0.947,OPTIMAL
grid_5x5,seed_milpsnap_grid5x5_mid.json,795,25,40,55,36.0522,7.696583572062955e-05,0.877,OPTIMAL
grid_5x5,seed_milpsnap_grid5x5_mid.json,796,25,40,58,36.0522,7.696583572062952e-05,0.953,OPTIMAL
grid_5x5,seed_milpsnap_grid5x5_mid.json,797,25,40,60,36.0522,7.696583572062952e-05,0.957,OPTIMAL
grid_5x5,seed_milpsnap_grid5x5_mid.json,798,25,40,64,36.0522,7.69658357204351e-05,1.224,OPTIMAL
grid_5x5,seed_milpsnap_grid5x5_mid.json,799,25,40,60,36.0522,7.696583572062955e-05,1.05,OPTIMAL
grid_5x5,seed_milpsnap_grid5x5_mid.json,800,25,40,59,36.0522,7.69658357204351e-05,1.003,OPTIMAL
grid_5x5,seed_milpsnap_grid5x5_mid.json,801,25,40,57,36.0522,7.696583572062955e-05,0.91,OPTIMAL
grid_5x5,seed_milpsnap_grid5x5_mid.json,802,25,40,59,36.0522,7.69658357204351e-05,0.939,OPTIMAL
grid_5x5,seed_milpsnap_grid5x5_mid.json,803,25,40,57,36.0522,7.696583572062955e-05,0.905,OPTIMAL
grid_5x5,seed_milpsnap_grid5x5_mid.json,804,25,40,56,36.0522,7.696583572062955e-05,0.93,OPTIMAL
grid_5x5,seed_milpsnap_grid5x5_mid.json,805,25,40,57,36.0522,7.696583572062955e-05,0.876,OPTIMAL
grid_5x5,seed_milpsnap_grid5x5_mid.json,806,25,40,57,36.0522,7.696583572062955e-05,0.928,OPTIMAL
grid_5x5,seed_milpsnap_grid5x5_mid.json,807,25,40,55,36.0522,7.696583572062955e-05,0.849,OPTIMAL
grid_5x5,seed_milpsnap_grid5x5_mid.json,808,25,40,54,36.0522,7.696583572062955e-05,0.867,OPTIMAL
grid_5x5,seed_milpsnap_grid5x5_mid.json,809,25,40,52,36.0522,7.696583572062955e-05,0.852,OPTIMAL
grid_5x5,seed_milpsnap_grid5x5_mid.json,810,25,40,51,36.0522,7.696583572062955e-05,0.797,OPTIMAL
grid_5x5,seed_milpsnap_grid5x5_mid.json,811,25,40,49,36.0522,7.696583572062955e-05,0.747,OPTIMAL
grid_5x5,seed_milpsnap_grid5x5_mid.json,812,25,40,51,36.0522,7.696583572062955e-05,0.74,OPTIMAL
grid_5x5,seed_milpsnap_grid5x5_mid.json,813,25,40,51,36.0522,7.696583572062955e-05,0.755,OPTIMAL
grid_5x5,seed_milpsnap_grid5x5_mid.json,814,25,40,57,36.0522,7.696583572062955e-05,0.871,OPTIMAL
grid_5x5,seed_milpsnap_grid5x5_mid.json,815,25,40,57,36.0522,7.696583572082397e-05,0.895,OPTIMAL
grid_5x5,seed_milpsnap_grid5x5_mid.json,816,25,40,59,36.0522,7.696583572062955e-05,1.02,OPTIMAL
grid_5x5,seed_milpsnap_grid5x5_mid.json,817,25,40,61,36.0522,7.696583572062955e-05,0.951,OPTIMAL
grid_5x5,seed_milpsnap_grid5x5_mid.json,818,25,40,67,36.0522,9.406935476965832e-05,1.068,OPTIMAL
grid_5x5,seed_milpsnap_grid5x5_mid.json,819,25,40,69,36.0522,7.696583572062952e-05,1.154,OPTIMAL
grid_5x5,seed_milpsnap_grid5x5_mid.json,820,25,40,68,36.0522,7.696583572062955e-05,1.124,OPTIMAL
grid_5x5,seed_milpsnap_grid5x5_mid.json,821,25,40,67,36.0522,7.696583572062955e-05,1.081,OPTIMAL
grid_5x5,seed_milpsnap_grid5x5_mid.json,822,25,40,69,36.0522,7.696583572062955e-05,1.182,OPTIMAL
grid_5x5,seed_milpsnap_grid5x5_mid.json,823,25,40,68,36.0522,7.696583572062955e-05,1.188,OPTIMAL
grid_5x5,seed_milpsnap_grid5x5_mid.json,824,25,40,67,36.0522,7.69658357204351e-05,1.093,OPTIMAL
grid_5x5,seed_milpsnap_grid5x5_mid.json,825,25,40,65,36.0522,7.696583572062955e-05,1.132,OPTIMAL
grid_5x5,seed_milpsnap_grid5x5_mid.json,826,25,40,63,36.0522,7.696583572062955e-05,1.047,OPTIMAL
grid_5x5,seed_milpsnap_grid5x5_mid.json,827,25,40,64,36.0522,7.696583572062955e-05,1.056,OPTIMAL
grid_5x5,seed_milpsnap_grid5x5_mid.json,828,25,40,66,36.0522,7.696583572082397e-05,1.154,OPTIMAL
grid_5x5,seed_milpsnap_grid5x5_mid.json,829,25,40,58,36.0522,7.696583572062952e-05,1.023,OPTIMAL
grid_5x5,seed_milpsnap_grid5x5_mid.json,830,25,40,58,36.0522,7.696583572062955e-05,0.943,OPTIMAL
grid_5x5,seed_milpsnap_grid5x5_mid.json,831,25,40,58,36.0522,7.696583572062955e-05,1.339,OPTIMAL
grid_5x5,seed_milpsnap_grid5x5_mid.json,832,25,40,54,36.0522,7.696583572062955e-05,1.075,OPTIMAL
grid_5x5,seed_milpsnap_grid5x5_mid.json,833,25,40,50,36.0522,0.0,1.093,OPTIMAL
grid_5x5,seed_milpsnap_grid5x5_mid.json,834,25,40,48,36.0522,7.696583572062955e-05,1.15,OPTIMAL
grid_5x5,seed_milpsnap_grid5x5_mid.json,835,25,40,51,36.0522,7.696583572062955e-05,1.088,OPTIMAL
grid_5x5,seed_milpsnap_grid5x5_mid.json,836,25,40,54,36.0522,7.696583572062955e-05,1.196,OPTIMAL
grid_5x5,seed_milpsnap_grid5x5_mid.json,837,25,40,52,36.0522,7.696583572062955e-05,0.918,OPTIMAL
grid_5x5,seed_milpsnap_grid5x5_mid.json,838,25,40,55,36.0522,7.696583572062955e-05,0.996,OPTIMAL
grid_5x5,seed_milpsnap_grid5x5_mid.json,839,25,40,54,36.0522,0.0,1.037,OPTIMAL
grid_5x5,seed_milpsnap_grid5x5_mid.json,840,25,40,58,36.0522,7.69658357204351e-05,1.09,OPTIMAL
grid_5x5,seed_milpsnap_grid5x5_mid.json,841,25,40,61,36.0522,7.696583572062952e-05,1.191,OPTIMAL
grid_5x5,seed_milpsnap_grid5x5_mid.json,842,25,40,55,36.0522,7.696583572062955e-05,0.908,OPTIMAL
grid_5x5,seed_milpsnap_grid5x5_mid.json,843,25,40,49,36.0522,7.696583572062955e-05,0.825,OPTIMAL
grid_5x5,seed_milpsnap_grid5x5_mid.json,844,25,40,51,36.0522,7.696583572062955e-05,0.884,OPTIMAL
grid_5x5,seed_milpsnap_grid5x5_mid.json,845,25,40,50,36.0522,7.696583572062955e-05,0.829,OPTIMAL
grid_5x5,seed_milpsnap_grid5x5_mid.json,846,25,40,49,36.0522,7.696583572062955e-05,0.799,OPTIMAL
grid_5x5,seed_milpsnap_grid5x5_mid.json,847,25,40,53,36.0522,7.696583572062955e-05,0.968,OPTIMAL
grid_5x5,seed_milpsnap_grid5x5_mid.json,848,25,40,53,36.0522,7.696583572062955e-05,1.035,OPTIMAL
grid_5x5,seed_milpsnap_grid5x5_mid.json,849,25,40,55,36.0522,7.696583572062955e-05,1.133,OPTIMAL
grid_5x5,seed_milpsnap_grid5x5_mid.json,850,25,40,50,36.0522,7.696583572062955e-05,0.956,OPTIMAL
grid_5x5,seed_milpsnap_grid5x5_mid.json,851,25,40,46,36.0522,7.696583572062955e-05,0.769,OPTIMAL
grid_5x5,seed_milpsnap_grid5x5_mid.json,852,25,40,47,36.0522,7.696583572062955e-05,0.928,OPTIMAL
grid_5x5,seed_milpsnap_grid5x5_mid.json,853,25,40,48,36.0522,7.696583572082397e-05,0.994,OPTIMAL
grid_5x5,seed_milpsnap_grid5x5_mid.json,854,25,40,50,36.0522,7.696583572062955e-05,1.072,OPTIMAL
grid_5x5,seed_milpsnap_grid5x5_mid.json,855,25,40,51,36.0522,7.696583572062955e-05,0.951,OPTIMAL
grid_5x5,seed_milpsnap_grid5x5_mid.json,856,25,40,52,36.0522,7.696583572062955e-05,1.096,OPTIMAL
grid_5x5,seed_milpsnap_grid5x5_mid.json,857,25,40,55,36.0522,7.696583572062955e-05,1.22,OPTIMAL
grid_5x5,seed_milpsnap_grid5x5_mid.json,858,25,40,57,36.0522,7.696583572062955e-05,1.027,OPTIMAL
grid_5x5,seed_milpsnap_grid5x5_mid.json,859,25,40,56,36.0522,7.696583572062955e-05,1.027,OPTIMAL
grid_5x5,seed_milpsnap_grid5x5_mid.json,860,25,40,59,36.0522,7.69658357204351e-05,1.03,OPTIMAL
grid_5x5,seed_milpsnap_grid5x5_mid.json,861,25,40,65,36.0522,7.69658357204351e-05,1.102,OPTIMAL
grid_5x5,seed_milpsnap_grid5x5_mid.json,862,25,40,66,36.0522,7.696583572062955e-05,1.134,OPTIMAL
grid_5x5,seed_milpsnap_grid5x5_mid.json,863,25,40,67,36.0522,7.696583572062955e-05,1.163,OPTIMAL
grid_5x5,seed_milpsnap_grid5x5_mid.json,864,25,40,69,36.0522,7.696583572062955e-05,1.187,OPTIMAL
grid_5x5,seed_milpsnap_grid5x5_mid.json,865,25,40,75,36.0522,7.69658357204351e-05,1.333,OPTIMAL
grid_5x5,seed_milpsnap_grid5x5_mid.json,866,25,40,80,36.0522,7.696583572082397e-05,1.452,OPTIMAL
grid_5x5,seed_milpsnap_grid5x5_mid.json,867,25,40,82,36.0522,7.696583572082397e-05,1.539,OPTIMAL
grid_5x5,seed_milpsnap_grid5x5_mid.json,868,25,40,78,36.0522,7.696583572082397e-05,1.376,OPTIMAL
grid_5x5,seed_milpsnap_grid5x5_mid.json,869,25,40,78,36.0522,7.69658357204351e-05,1.377,OPTIMAL
grid_5x5,seed_milpsnap_grid5x5_mid.json,870,25,40,78,36.0522,7.696583572062952e-05,1.349,OPTIMAL
grid_5x5,seed_milpsnap_grid5x5_mid.json,871,25,40,78,36.0522,7.696583572082397e-05,1.441,OPTIMAL
grid_5x5,seed_milpsnap_grid5x5_mid.json,872,25,40,74,36.0522,7.696583572062952e-05,1.269,OPTIMAL
grid_5x5,seed_milpsnap_grid5x5_mid.json,873,25,40,73,36.0522,7.696583572062952e-05,1.227,OPTIMAL
grid_5x5,seed_milpsnap_grid5x5_mid.json,874,25,40,74,36.0522,7.696583572062952e-05,1.268,OPTIMAL
grid_5x5,seed_milpsnap_grid5x5_mid.json,875,25,40,73,36.0522,7.696583572062952e-05,1.284,OPTIMAL
grid_5x5,seed_milpsnap_grid5x5_mid.json,876,25,40,67,36.0522,7.696583572062955e-05,1.144,OPTIMAL
grid_5x5,seed_milpsnap_grid5x5_mid.json,877,25,40,69,36.0522,7.696583572062955e-05,1.207,OPTIMAL
grid_5x5,seed_milpsnap_grid5x5_mid.json,878,25,40,69,36.0522,7.696583572062955e-05,1.197,OPTIMAL
grid_5x5,seed_milpsnap_grid5x5_mid.json,879,25,40,67,36.0522,7.696583572062955e-05,1.388,OPTIMAL
grid_5x5,seed_milpsnap_grid5x5_mid.json,880,25,40,65,36.0522,7.696583572062955e-05,1.119,OPTIMAL
grid_5x5,seed_milpsnap_grid5x5_mid.json,881,25,40,62,36.0522,7.696583572062952e-05,1.076,OPTIMAL
grid_5x5,seed_milpsnap_grid5x5_mid.json,882,25,40,65,36.0522,7.696583572062955e-05,1.058,OPTIMAL
grid_5x5,seed_milpsnap_grid5x5_mid.json,883,25,40,67,36.0522,7.69658357204351e-05,1.105,OPTIMAL
grid_5x5,seed_milpsnap_grid5x5_mid.json,884,25,40,70,36.0522,7.696583572062955e-05,1.169,OPTIMAL
grid_5x5,seed_milpsnap_grid5x5_mid.json,885,25,40,71,36.0522,7.69658357204351e-05,1.282,OPTIMAL
grid_5x5,seed_milpsnap_grid5x5_mid.json,886,25,40,73,36.0522,7.69658357204351e-05,1.258,OPTIMAL
grid_5x5,seed_milpsnap_grid5x5_mid.json,887,25,40,77,36.0522,7.696583572082397e-05,1.333,OPTIMAL
grid_5x5,seed_milpsnap_grid5x5_mid.json,888,25,40,77,36.0522,7.69658357204351e-05,1.297,OPTIMAL
grid_5x5,seed_milpsnap_grid5x5_mid.json,889,25,40,77,36.0522,7.696583572062955e-05,1.393,OPTIMAL
grid_5x5,seed_milpsnap_grid5x5_mid.json,890,25,40,76,36.0522,7.696583572082397e-05,2.26,OPTIMAL
grid_5x5,seed_milpsnap_grid5x5_mid.json,891,25,40,79,36.0522,7.696583572062955e-05,1.602,OPTIMAL
grid_5x5,seed_milpsnap_grid5x5_mid.json,892,25,40,70,36.0522,0.0,1.287,OPTIMAL
grid_5x5,seed_milpsnap_grid5x5_mid.json,893,25,40,70,36.0522,7.696583572062955e-05,1.204,OPTIMAL
grid_5x5,seed_milpsnap_grid5x5_mid.json,894,25,40,72,36.0522,7.696583572062955e-05,1.267,OPTIMAL
grid_5x5,seed_milpsnap_grid5x5_mid.json,895,25,40,70,36.0522,7.696583572062952e-05,1.203,OPTIMAL
grid_5x5,seed_milpsnap_grid5x5_mid.json,896,25,40,74,36.0522,7.696583572082397e-05,1.512,OPTIMAL
grid_5x5,seed_milpsnap_grid5x5_mid.json,897,25,40,69,36.0522,7.69658357204351e-05,1.506,OPTIMAL
grid_5x5,seed_milpsnap_grid5x5_mid.json,898,25,40,68,36.0522,7.696583572062952e-05,1.471,OPTIMAL
grid_5x5,seed_milpsnap_grid5x5_mid.json,899,25,40,69,36.0522,7.696583572062952e-05,1.358,OPTIMAL
grid_5x5,seed_milpsnap_grid5x5_mid.json,900,25,40,67,36.0522,7.696583572082397e-05,1.387,OPTIMAL
grid_5x5,seed_milpsnap_grid5x5_mid.json,901,25,40,65,36.0522,7.69658357204351e-05,1.391,OPTIMAL
grid_5x5,seed_milpsnap_grid5x5_mid.json,902,25,40,63,36.0522,7.696583572062955e-05,1.264,OPTIMAL
grid_5x5,seed_milpsnap_grid5x5_mid.json,903,25,40,64,36.0522,7.696583572062952e-05,1.253,OPTIMAL
grid_5x5,seed_milpsnap_grid5x5_mid.json,904,25,40,65,36.0522,7.696583572062955e-05,1.56,OPTIMAL
grid_5x5,seed_milpsnap_grid5x5_mid.json,905,25,40,66,36.0522,7.69658357204351e-05,1.628,OPTIMAL
grid_5x5,seed_milpsnap_grid5x5_mid.json,906,25,40,68,36.0522,7.69658357204351e-05,1.343,OPTIMAL
grid_5x5,seed_milpsnap_grid5x5_mid.json,907,25,40,1,72.0256,0.0,0.017,OPTIMAL
grid_5x5,seed_milpsnap_grid5x5_mid.json,908,25,40,3,52.0404,0.0,0.081,OPTIMAL
grid_5x5,seed_milpsnap_grid5x5_mid.json,909,25,40,5,52.0404,0.0,0.066,OPTIMAL
grid_5x5,seed_milpsnap_grid5x5_mid.json,910,25,40,7,44.0463,0.0,0.137,OPTIMAL
grid_5x5,seed_milpsnap_grid5x5_mid.json,911,25,40,11,44.0463,0.0,0.094,OPTIMAL
grid_5x5,seed_milpsnap_grid5x5_mid.json,912,25,40,14,44.0463,0.0,0.122,OPTIMAL
grid_5x5,seed_milpsnap_grid5x5_mid.json,913,25,40,19,40.0492,0.0,0.181,OPTIMAL
grid_5x5,seed_milpsnap_grid5x5_mid.json,914,25,40,23,36.0522,0.0,0.36,OPTIMAL
grid_5x5,seed_milpsnap_grid5x5_mid.json,915,25,40,28,36.0522,0.0,0.441,OPTIMAL
grid_5x5,seed_milpsnap_grid5x5_mid.json,916,25,40,34,36.0522,7.696583572062955e-05,0.532,OPTIMAL
grid_5x5,seed_milpsnap_grid5x5_mid.json,917,25,40,40,36.0522,7.696583572062955e-05,0.648,OPTIMAL
grid_5x5,seed_milpsnap_grid5x5_mid.json,918,25,40,41,36.0522,7.696583572062955e-05,0.648,OPTIMAL
grid_5x5,seed_milpsnap_grid5x5_mid.json,919,25,40,46,36.0522,7.696583572062955e-05,0.974,OPTIMAL
grid_5x5,seed_milpsnap_grid5x5_mid.json,920,25,40,47,36.0522,7.696583572082397e-05,1.137,OPTIMAL
grid_5x5,seed_milpsnap_grid5x5_mid.json,921,25,40,57,36.0522,7.696583572062955e-05,0.935,OPTIMAL
grid_5x5,seed_milpsnap_grid5x5_mid.json,922,25,40,58,36.0522,7.696583572062955e-05,1.101,OPTIMAL
grid_5x5,seed_milpsnap_grid5x5_mid.json,923,25,40,58,36.0522,7.69658357204351e-05,1.038,OPTIMAL
grid_5x5,seed_milpsnap_grid5x5_mid.json,924,25,40,58,36.0522,7.69658357204351e-05,0.99,OPTIMAL
grid_5x5,seed_milpsnap_grid5x5_mid.json,925,25,40,59,36.0522,7.69658357204351e-05,0.995,OPTIMAL
grid_5x5,seed_milpsnap_grid5x5_mid.json,926,25,40,61,36.0522,7.696583572062955e-05,1.038,OPTIMAL
grid_5x5,seed_milpsnap_grid5x5_mid.json,927,25,40,60,36.0522,7.69658357204351e-05,1.027,OPTIMAL
grid_5x5,seed_milpsnap_grid5x5_mid.json,928,25,40,56,36.0522,7.696583572062955e-05,0.904,OPTIMAL
grid_5x5,seed_milpsnap_grid5x5_mid.json,929,25,40,57,36.0522,7.696583572062955e-05,0.929,OPTIMAL
grid_5x5,seed_milpsnap_grid5x5_mid.json,930,25,40,54,36.0522,7.696583572062955e-05,0.902,OPTIMAL
grid_5x5,seed_milpsnap_grid5x5_mid.json,931,25,40,52,36.0522,7.696583572062955e-05,0.882,OPTIMAL
grid_5x5,seed_milpsnap_grid5x5_mid.json,932,25,40,51,36.0522,0.0,0.939,OPTIMAL
grid_5x5,seed_milpsnap_grid5x5_mid.json,933,25,40,55,36.0522,7.696583572062955e-05,0.863,OPTIMAL
grid_5x5,seed_milpsnap_grid5x5_mid.json,934,25,40,56,36.0522,7.696583572062955e-05,0.958,OPTIMAL
grid_5x5,seed_milpsnap_grid5x5_mid.json,935,25,40,59,36.0522,7.696583572062952e-05,0.962,OPTIMAL
grid_5x5,seed_milpsnap_grid5x5_mid.json,936,25,40,56,36.0522,7.696583572062955e-05,0.914,OPTIMAL
grid_5x5,seed_milpsnap_grid5x5_mid.json,937,25,40,63,36.0522,7.69658357204351e-05,1.015,OPTIMAL
grid_5x5,seed_milpsnap_grid5x5_mid.json,938,25,40,61,36.0522,7.696583572082397e-05,1.325,OPTIMAL
grid_5x5,seed_milpsnap_grid5x5_mid.json,939,25,40,63,36.0522,7.69658357204351e-05,1.106,OPTIMAL
grid_5x5,seed_milpsnap_grid5x5_mid.json,940,25,40,65,36.0522,7.69658357204351e-05,1.155,OPTIMAL
grid_5x5,seed_milpsnap_grid5x5_mid.json,941,25,40,63,36.0522,7.69658357204351e-05,1.083,OPTIMAL
grid_5x5,seed_milpsnap_grid5x5_mid.json,942,25,40,65,36.0522,0.0,1.09,OPTIMAL
grid_5x5,seed_milpsnap_grid5x5_mid.json,943,25,40,68,36.0522,7.696583572062952e-05,1.133,OPTIMAL
grid_5x5,seed_milpsnap_grid5x5_mid.json,944,25,40,68,36.0522,7.696583572062955e-05,1.1,OPTIMAL
grid_5x5,seed_milpsnap_grid5x5_mid.json,945,25,40,68,36.0522,7.696583572062955e-05,1.078,OPTIMAL
grid_5x5,seed_milpsnap_grid5x5_mid.json,946,25,40,66,36.0522,7.696583572062955e-05,1.074,OPTIMAL
grid_5x5,seed_milpsnap_grid5x5_mid.json,947,25,40,63,36.0522,7.69658357204351e-05,1.063,OPTIMAL
grid_5x5,seed_milpsnap_grid5x5_mid.json,948,25,40,61,36.0522,7.696583572062955e-05,0.986,OPTIMAL
grid_5x5,seed_milpsnap_grid5x5_mid.json,949,25,40,59,36.0522,7.696583572062955e-05,0.966,OPTIMAL
grid_5x5,seed_milpsnap_grid5x5_mid.json,950,25,40,60,36.0522,7.696583572082397e-05,1.027,OPTIMAL
grid_5x5,seed_milpsnap_grid5x5_mid.json,951,25,40,60,36.0522,7.696583572062955e-05,1.018,OPTIMAL
grid_5x5,seed_milpsnap_grid5x5_mid.json,952,25,40,53,36.0522,7.696583572062955e-05,0.875,OPTIMAL
grid_5x5,seed_milpsnap_grid5x5_mid.json,953,25,40,59,36.0522,7.696583572062955e-05,0.943,OPTIMAL
grid_5x5,seed_milpsnap_grid5x5_mid.json,954,25,40,61,36.0522,7.696583572062955e-05,0.987,OPTIMAL
grid_5x5,seed_milpsnap_grid5x5_mid.json,955,25,40,62,36.0522,7.69658357204351e-05,1.101,OPTIMAL
grid_5x5,seed_milpsnap_grid5x5_mid.json,956,25,40,60,36.0522,7.696583572082397e-05,0.992,OPTIMAL
grid_5x5,seed_milpsnap_grid5x5_mid.json,957,25,40,61,36.0522,7.696583572062955e-05,1.038,OPTIMAL
grid_5x5,seed_milpsnap_grid5x5_mid.json,958,25,40,62,36.0522,7.696583572062955e-05,1.067,OPTIMAL
grid_5x5,seed_milpsnap_grid5x5_mid.json,959,25,40,65,36.0522,7.696583572062952e-05,1.107,OPTIMAL
grid_5x5,seed_milpsnap_grid5x5_mid.json,960,25,40,67,36.0522,7.696583572082397e-05,1.115,OPTIMAL
grid_5x5,seed_milpsnap_grid5x5_mid.json,961,25,40,68,36.0522,7.696583572082397e-05,1.149,OPTIMAL
grid_5x5,seed_milpsnap_grid5x5_mid.json,962,25,40,73,36.0522,7.696583572062955e-05,1.277,OPTIMAL
grid_5x5,seed_milpsnap_grid5x5_mid.json,963,25,40,74,36.0522,7.696583572062952e-05,1.317,OPTIMAL
grid_5x5,seed_milpsnap_grid5x5_mid.json,964,25,40,73,36.0522,7.696583572062955e-05,1.263,OPTIMAL
grid_5x5,seed_milpsnap_grid5x5_mid.json,965,25,40,71,36.0522,7.696583572062955e-05,1.225,OPTIMAL
grid_5x5,seed_milpsnap_grid5x5_mid.json,966,25,40,66,36.0522,7.696583572062952e-05,1.139,OPTIMAL
grid_5x5,seed_milpsnap_grid5x5_mid.json,967,25,40,69,36.0522,7.696583572082397e-05,1.22,OPTIMAL
grid_5x5,seed_milpsnap_grid5x5_mid.json,968,25,40,65,36.0522,7.696583572082397e-05,1.107,OPTIMAL
grid_5x5,seed_milpsnap_grid5x5_mid.json,969,25,40,63,36.0522,7.69658357204351e-05,1.062,OPTIMAL
grid_5x5,seed_milpsnap_grid5x5_mid.json,970,25,40,63,36.0522,7.696583572082397e-05,1.138,OPTIMAL
grid_5x5,seed_milpsnap_grid5x5_mid.json,971,25,40,61,36.0522,7.696583572062955e-05,1.044,OPTIMAL
grid_5x5,seed_milpsnap_grid5x5_mid.json,972,25,40,59,36.0522,7.696583572082397e-05,1.025,OPTIMAL
grid_5x5,seed_milpsnap_grid5x5_mid.json,973,25,40,59,36.0522,7.696583572062955e-05,1.032,OPTIMAL
grid_5x5,seed_milpsnap_grid5x5_mid.json,974,25,40,56,36.0522,7.696583572082397e-05,0.902,OPTIMAL
grid_5x5,seed_milpsnap_grid5x5_mid.json,975,25,40,56,36.0522,7.696583572082397e-05,0.945,OPTIMAL
grid_5x5,seed_milpsnap_grid5x5_mid.json,976,25,40,55,36.0522,7.696583572062955e-05,0.909,OPTIMAL
grid_5x5,seed_milpsnap_grid5x5_mid.json,977,25,40,54,36.0522,7.696583572062955e-05,0.879,OPTIMAL
grid_5x5,seed_milpsnap_grid5x5_mid.json,978,25,40,56,36.0522,7.696583572062955e-05,0.903,OPTIMAL
grid_5x5,seed_milpsnap_grid5x5_mid.json,979,25,40,60,36.0522,7.696583572062955e-05,0.999,OPTIMAL
grid_5x5,seed_milpsnap_grid5x5_mid.json,980,25,40,63,36.0522,7.69658357204351e-05,1.076,OPTIMAL
grid_5x5,seed_milpsnap_grid5x5_mid.json,981,25,40,61,36.0522,7.696583572062952e-05,1.021,OPTIMAL
grid_5x5,seed_milpsnap_grid5x5_mid.json,982,25,40,61,36.0522,7.696583572062955e-05,1.058,OPTIMAL
grid_5x5,seed_milpsnap_grid5x5_mid.json,983,25,40,64,36.0522,7.696583572062955e-05,1.101,OPTIMAL
grid_5x5,seed_milpsnap_grid5x5_mid.json,984,25,40,66,36.0522,7.696583572062955e-05,1.147,OPTIMAL
grid_5x5,seed_milpsnap_grid5x5_mid.json,985,25,40,66,36.0522,7.696583572062955e-05,1.249,OPTIMAL
grid_5x5,seed_milpsnap_grid5x5_mid.json,986,25,40,69,36.0522,7.696583572062955e-05,1.206,OPTIMAL
grid_5x5,seed_milpsnap_grid5x5_mid.json,987,25,40,72,36.0522,7.696583572062955e-05,1.27,OPTIMAL
grid_5x5,seed_milpsnap_grid5x5_mid.json,988,25,40,68,36.0522,7.696583572082397e-05,1.151,OPTIMAL
grid_5x5,seed_milpsnap_grid5x5_mid.json,989,25,40,66,36.0522,7.69658357204351e-05,1.168,OPTIMAL
grid_5x5,seed_milpsnap_grid5x5_mid.json,990,25,40,65,36.0522,7.696583572062955e-05,1.107,OPTIMAL
grid_5x5,seed_milpsnap_grid5x5_mid.json,991,25,40,66,36.0522,7.696583572062955e-05,1.08,OPTIMAL
grid_5x5,seed_milpsnap_grid5x5_mid.json,992,25,40,64,36.0522,7.69658357204351e-05,1.086,OPTIMAL
grid_5x5,seed_milpsnap_grid5x5_mid.json,993,25,40,66,36.0522,7.69658357204351e-05,1.247,OPTIMAL
grid_5x5,seed_milpsnap_grid5x5_mid.json,994,25,40,62,36.0522,7.696583572082397e-05,1.107,OPTIMAL
grid_5x5,seed_milpsnap_grid5x5_mid.json,995,25,40,57,36.0522,7.696583572062955e-05,0.956,OPTIMAL
grid_5x5,seed_milpsnap_grid5x5_mid.json,996,25,40,61,36.0522,7.69658357204351e-05,1.0,OPTIMAL
grid_5x5,seed_milpsnap_grid5x5_mid.json,997,25,40,56,36.0522,7.696583572062955e-05,0.939,OPTIMAL
grid_5x5,seed_milpsnap_grid5x5_mid.json,998,25,40,60,36.0522,7.696583572082397e-05,1.01,OPTIMAL
grid_5x5,seed_milpsnap_grid5x5_mid.json,999,25,40,57,36.0522,7.696583572062955e-05,0.955,OPTIMAL
grid_5x5,seed_milpsnap_grid5x5_mid.json,1000,25,40,53,36.0522,7.696583572062955e-05,0.868,OPTIMAL
grid_5x5,seed_milpsnap_grid5x5_mid.json,1001,25,40,54,36.0522,7.696583572082397e-05,0.879,OPTIMAL
grid_5x5,seed_milpsnap_grid5x5_mid.json,1002,25,40,52,36.0522,7.696583572062955e-05,0.821,OPTIMAL
grid_5x5,seed_milpsnap_grid5x5_mid.json,1003,25,40,54,36.0522,7.696583572062955e-05,0.893,OPTIMAL
grid_5x5,seed_milpsnap_grid5x5_mid.json,1004,25,40,53,36.0522,7.696583572062955e-05,0.929,OPTIMAL
grid_5x5,seed_milpsnap_grid5x5_mid.json,1005,25,40,53,36.0522,7.696583572082397e-05,0.857,OPTIMAL
grid_5x5,seed_milpsnap_grid5x5_mid.json,1006,25,40,54,36.0522,7.696583572062955e-05,0.864,OPTIMAL
grid_5x5,seed_milpsnap_grid5x5_mid.json,1007,25,40,58,36.0522,7.696583572062955e-05,1.013,OPTIMAL
grid_5x5,seed_milpsnap_grid5x5_mid.json,1008,25,40,53,36.0522,7.696583572062955e-05,0.901,OPTIMAL
grid_5x5,seed_milpsnap_grid5x5_mid.json,1009,25,40,53,36.0522,7.696583572082397e-05,0.806,OPTIMAL
grid_5x5,seed_milpsnap_grid5x5_mid.json,1010,25,40,56,36.0522,7.696583572062955e-05,0.911,OPTIMAL
grid_5x5,seed_milpsnap_grid5x5_mid.json,1011,25,40,56,36.0522,7.696583572082397e-05,0.966,OPTIMAL
grid_5x5,seed_milpsnap_grid5x5_mid.json,1012,25,40,60,36.0522,7.696583572082397e-05,1.052,OPTIMAL
grid_5x5,seed_milpsnap_grid5x5_mid.json,1013,25,40,53,36.0522,7.696583572082397e-05,0.879,OPTIMAL
grid_5x5,seed_milpsnap_grid5x5_mid.json,1014,25,40,51,36.0522,7.696583572062955e-05,0.836,OPTIMAL
grid_5x5,seed_milpsnap_grid5x5_mid.json,1015,25,40,54,36.0522,0.0,0.952,OPTIMAL
grid_5x5,seed_milpsnap_grid5x5_mid.json,1016,25,40,53,36.0522,7.696583572062955e-05,0.846,OPTIMAL
grid_5x5,seed_milpsnap_grid5x5_mid.json,1017,25,40,53,36.0522,7.696583572082397e-05,0.9,OPTIMAL
grid_5x5,seed_milpsnap_grid5x5_mid.json,1018,25,40,55,36.0522,7.696583572062955e-05,0.912,OPTIMAL
grid_5x5,seed_milpsnap_grid5x5_mid.json,1019,25,40,56,36.0522,7.696583572062955e-05,0.925,OPTIMAL
grid_5x5,seed_milpsnap_grid5x5_mid.json,1020,25,40,54,36.0522,7.696583572062955e-05,0.923,OPTIMAL
grid_5x5,seed_milpsnap_grid5x5_mid.json,1021,25,40,52,36.0522,7.696583572082397e-05,1.274,OPTIMAL
grid_5x5,seed_milpsnap_grid5x5_mid.json,1022,25,40,45,36.0522,7.696583572062955e-05,0.815,OPTIMAL
grid_5x5,seed_milpsnap_grid5x5_mid.json,1023,25,40,47,36.0522,7.696583572062955e-05,0.886,OPTIMAL
grid_5x5,seed_milpsnap_grid5x5_mid.json,1024,25,40,46,36.0522,7.696583572082397e-05,0.833,OPTIMAL
grid_5x5,seed_milpsnap_grid5x5_mid.json,1025,25,40,48,36.0522,7.696583572062955e-05,1.723,OPTIMAL
grid_5x5,seed_milpsnap_grid5x5_mid.json,1026,25,40,47,36.0522,7.696583572062955e-05,1.323,OPTIMAL
grid_5x5,seed_milpsnap_grid5x5_mid.json,1027,25,40,51,36.0522,0.0,0.886,OPTIMAL
grid_5x5,seed_milpsnap_grid5x5_mid.json,1028,25,40,53,36.0522,7.696583572062955e-05,0.922,OPTIMAL
grid_5x5,seed_milpsnap_grid5x5_mid.json,1029,25,40,59,36.0522,7.69658357204351e-05,0.979,OPTIMAL
grid_5x5,seed_milpsnap_grid5x5_mid.json,1030,25,40,54,36.0522,7.696583572062955e-05,0.848,OPTIMAL
grid_5x5,seed_milpsnap_grid5x5_mid.json,1031,25,40,55,36.0522,7.696583572062955e-05,0.845,OPTIMAL
grid_5x5,seed_milpsnap_grid5x5_mid.json,1032,25,40,55,36.0522,7.696583572082397e-05,0.841,OPTIMAL
grid_5x5,seed_milpsnap_grid5x5_mid.json,1033,25,40,56,36.0522,7.696583572062955e-05,0.9,OPTIMAL
grid_5x5,seed_milpsnap_grid5x5_mid.json,1034,25,40,58,36.0522,7.696583572082397e-05,0.946,OPTIMAL
grid_5x5,seed_milpsnap_grid5x5_mid.json,1035,25,40,60,36.0522,7.696583572062955e-05,1.01,OPTIMAL
grid_5x5,seed_milpsnap_grid5x5_mid.json,1036,25,40,60,36.0522,7.69658357204351e-05,0.947,OPTIMAL
grid_5x5,seed_milpsnap_grid5x5_mid.json,1037,25,40,62,36.0522,7.69658357204351e-05,0.995,OPTIMAL
grid_5x5,seed_milpsnap_grid5x5_mid.json,1038,25,40,58,36.0522,7.696583572062955e-05,0.911,OPTIMAL
grid_5x5,seed_milpsnap_grid5x5_mid.json,1039,25,40,60,36.0522,7.696583572062955e-05,1.004,OPTIMAL
grid_5x5,seed_milpsnap_grid5x5_mid.json,1040,25,40,57,36.0522,7.696583572062955e-05,0.864,OPTIMAL
grid_5x5,seed_milpsnap_grid5x5_mid.json,1041,25,40,56,36.0522,7.696583572062955e-05,0.869,OPTIMAL
grid_5x5,seed_milpsnap_grid5x5_mid.json,1042,25,40,54,36.0522,7.696583572062955e-05,0.845,OPTIMAL
grid_5x5,seed_milpsnap_grid5x5_mid.json,1043,25,40,52,36.0522,7.696583572082397e-05,0.781,OPTIMAL
grid_5x5,seed_milpsnap_grid5x5_mid.json,1044,25,40,49,36.0522,7.696583572062955e-05,0.757,OPTIMAL
grid_5x5,seed_milpsnap_grid5x5_mid.json,1045,25,40,53,36.0522,7.696583572062955e-05,0.818,OPTIMAL
grid_5x5,seed_milpsnap_grid5x5_mid.json,1046,25,40,54,36.0522,7.696583572062955e-05,0.824,OPTIMAL
grid_5x5,seed_milpsnap_grid5x5_mid.json,1047,25,40,57,36.0522,7.696583572062955e-05,0.936,OPTIMAL
grid_5x5,seed_milpsnap_grid5x5_mid.json,1048,25,40,52,36.0522,7.696583572062955e-05,0.789,OPTIMAL
grid_5x5,seed_milpsnap_grid5x5_mid.json,1049,25,40,51,36.0522,7.696583572082397e-05,0.796,OPTIMAL
grid_5x5,seed_milpsnap_grid5x5_mid.json,1050,25,40,50,36.0522,7.696583572062955e-05,0.78,OPTIMAL
grid_5x5,seed_milpsnap_grid5x5_mid.json,1051,25,40,49,36.0522,7.696583572062955e-05,0.766,OPTIMAL
grid_5x5,seed_milpsnap_grid5x5_mid.json,1052,25,40,48,40.0492,0.0,0.551,OPTIMAL
grid_5x5,seed_milpsnap_grid5x5_mid.json,1053,25,40,50,40.0492,0.0,0.478,OPTIMAL
grid_5x5,seed_milpsnap_grid5x5_mid.json,1054,25,40,48,40.0492,0.0,0.52,OPTIMAL
grid_5x5,seed_milpsnap_grid5x5_mid.json,1055,25,40,49,36.0522,7.696583572062955e-05,0.732,OPTIMAL
grid_5x5,seed_milpsnap_grid5x5_mid.json,1056,25,40,48,36.0522,7.696583572062955e-05,0.73,OPTIMAL
grid_5x5,seed_milpsnap_grid5x5_mid.json,1057,25,40,43,36.0522,7.696583572062955e-05,0.536,OPTIMAL
grid_5x5,seed_milpsnap_grid5x5_mid.json,1058,25,40,1,84.0167,0.0,0.007,OPTIMAL
grid_5x5,seed_milpsnap_grid5x5_mid.json,1059,25,40,7,44.0463,8.796192226123893e-05,0.107,OPTIMAL
grid_5x5,seed_milpsnap_grid5x5_mid.json,1060,25,40,11,40.0492,0.0,0.133,OPTIMAL
grid_5x5,seed_milpsnap_grid5x5_mid.json,1061,25,40,14,40.0492,0.0,0.135,OPTIMAL
grid_5x5,seed_milpsnap_grid5x5_mid.json,1062,25,40,16,40.0492,0.0,0.181,OPTIMAL
grid_5x5,seed_milpsnap_grid5x5_mid.json,1063,25,40,21,40.0492,0.0,0.231,OPTIMAL
grid_5x5,seed_milpsnap_grid5x5_mid.json,1064,25,40,22,40.0492,0.0,0.235,OPTIMAL
grid_5x5,seed_milpsnap_grid5x5_mid.json,1065,25,40,28,36.0522,7.696583572062955e-05,0.345,OPTIMAL
grid_5x5,seed_milpsnap_grid5x5_mid.json,1066,25,40,35,36.0522,0.0,0.526,OPTIMAL
grid_5x5,seed_milpsnap_grid5x5_mid.json,1067,25,40,38,36.0522,7.696583572062955e-05,0.496,OPTIMAL
grid_5x5,seed_milpsnap_grid5x5_mid.json,1068,25,40,41,36.0522,7.696583572062955e-05,0.762,OPTIMAL
grid_5x5,seed_milpsnap_grid5x5_mid.json,1069,25,40,46,36.0522,7.696583572062955e-05,0.656,OPTIMAL
grid_5x5,seed_milpsnap_grid5x5_mid.json,1070,25,40,49,36.0522,7.696583572062955e-05,0.728,OPTIMAL
grid_5x5,seed_milpsnap_grid5x5_mid.json,1071,25,40,56,36.0522,7.696583572062955e-05,0.915,OPTIMAL
grid_5x5,seed_milpsnap_grid5x5_mid.json,1072,25,40,59,36.0522,7.69658357204351e-05,0.95,OPTIMAL
grid_5x5,seed_milpsnap_grid5x5_mid.json,1073,25,40,56,36.0522,7.696583572062955e-05,0.896,OPTIMAL
grid_5x5,seed_milpsnap_grid5x5_mid.json,1074,25,40,56,36.0522,7.696583572062955e-05,0.88,OPTIMAL
grid_5x5,seed_milpsnap_grid5x5_mid.json,1075,25,40,59,36.0522,7.696583572082397e-05,0.988,OPTIMAL
grid_5x5,seed_milpsnap_grid5x5_mid.json,1076,25,40,62,36.0522,7.696583572062952e-05,0.992,OPTIMAL
grid_5x5,seed_milpsnap_grid5x5_mid.json,1077,25,40,58,36.0522,7.696583572062955e-05,0.935,OPTIMAL
grid_5x5,seed_milpsnap_grid5x5_mid.json,1078,25,40,60,36.0522,7.696583572062955e-05,0.991,OPTIMAL
grid_5x5,seed_milpsnap_grid5x5_mid.json,1079,25,40,56,36.0522,7.696583572140731e-05,1.142,OPTIMAL
grid_5x5,seed_milpsnap_grid5x5_mid.json,1080,25,40,54,40.0492,0.0,0.544,OPTIMAL
grid_5x5,seed_milpsnap_grid5x5_mid.json,1081,25,40,55,36.0522,7.696583572062955e-05,0.844,OPTIMAL
grid_5x5,seed_milpsnap_grid5x5_mid.json,1082,25,40,55,36.0522,7.696583572062955e-05,0.892,OPTIMAL
grid_5x5,seed_milpsnap_grid5x5_mid.json,1083,25,40,55,36.0522,7.696583572062955e-05,0.865,OPTIMAL
grid_5x5,seed_milpsnap_grid5x5_mid.json,1084,25,40,56,36.0522,7.696583572062955e-05,0.903,OPTIMAL
grid_5x5,seed_milpsnap_grid5x5_mid.json,1085,25,40,57,36.0522,7.696583572062955e-05,0.88,OPTIMAL
grid_5x5,seed_milpsnap_grid5x5_mid.json,1086,25,40,50,36.0522,7.696583572062955e-05,0.824,OPTIMAL
grid_5x5,seed_milpsnap_grid5x5_mid.json,1087,25,40,49,36.0522,7.696583572062955e-05,0.744,OPTIMAL
grid_5x5,seed_milpsnap_grid5x5_mid.json,1088,25,40,55,36.0522,7.696583572062955e-05,0.827,OPTIMAL
grid_5x5,seed_milpsnap_grid5x5_mid.json,1089,25,40,55,36.0522,7.696583572062955e-05,0.906,OPTIMAL
grid_5x5,seed_milpsnap_grid5x5_mid.json,1090,25,40,54,36.0522,7.696583572062955e-05,0.835,OPTIMAL
grid_5x5,seed_milpsnap_grid5x5_mid.json,1091,25,40,53,36.0522,7.696583572062955e-05,0.82,OPTIMAL
grid_5x5,seed_milpsnap_grid5x5_mid.json,1092,25,40,57,36.0522,7.696583572062955e-05,0.907,OPTIMAL
grid_5x5,seed_milpsnap_grid5x5_mid.json,1093,25,40,57,36.0522,7.696583572062955e-05,0.912,OPTIMAL
grid_5x5,seed_milpsnap_grid5x5_mid.json,1094,25,40,59,36.0522,7.696583572062955e-05,0.958,OPTIMAL
grid_5x5,seed_milpsnap_grid5x5_mid.json,1095,25,40,60,36.0522,7.696583572062955e-05,1.258,OPTIMAL
grid_5x5,seed_milpsnap_grid5x5_mid.json,1096,25,40,62,36.0522,7.696583572062955e-05,0.991,OPTIMAL
grid_5x5,seed_milpsnap_grid5x5_mid.json,1097,25,40,62,36.0522,7.696583572082397e-05,1.003,OPTIMAL
grid_5x5,seed_milpsnap_grid5x5_mid.json,1098,25,40,58,36.0522,7.696583572062952e-05,0.959,OPTIMAL
grid_5x5,seed_milpsnap_grid5x5_mid.json,1099,25,40,54,36.0522,7.696583572062955e-05,0.816,OPTIMAL
grid_5x5,seed_milpsnap_grid5x5_mid.json,1100,25,40,56,36.0522,7.696583572062955e-05,0.92,OPTIMAL
grid_5x5,seed_milpsnap_grid5x5_mid.json,1101,25,40,61,36.0522,7.696583572062955e-05,0.989,OPTIMAL
grid_5x5,seed_milpsnap_grid5x5_mid.json,1102,25,40,63,36.0522,7.696583572062955e-05,1.102,OPTIMAL
grid_5x5,seed_milpsnap_grid5x5_mid.json,1103,25,40,56,36.0522,7.696583572062955e-05,0.897,OPTIMAL
grid_5x5,seed_milpsnap_grid5x5_mid.json,1104,25,40,61,36.0522,7.696583572082397e-05,1.039,OPTIMAL
grid_5x5,seed_milpsnap_grid5x5_mid.json,1105,25,40,61,36.0522,7.696583572082397e-05,0.966,OPTIMAL
grid_5x5,seed_milpsnap_grid5x5_mid.json,1106,25,40,59,36.0522,7.69658357204351e-05,0.995,OPTIMAL
grid_5x5,seed_milpsnap_grid5x5_mid.json,1107,25,40,58,36.0522,7.69658357204351e-05,0.961,OPTIMAL
grid_5x5,seed_milpsnap_grid5x5_mid.json,1108,25,40,58,36.0522,7.696583572082397e-05,0.96,OPTIMAL
grid_5x5,seed_milpsnap_grid5x5_mid.json,1109,25,40,57,36.0522,7.696583572062955e-05,0.899,OPTIMAL
grid_5x5,seed_milpsnap_grid5x5_mid.json,1110,25,40,53,36.0522,7.696583572062955e-05,0.895,OPTIMAL
grid_5x5,seed_milpsnap_grid5x5_mid.json,1111,25,40,51,36.0522,7.696583572062955e-05,0.806,OPTIMAL
grid_5x5,seed_milpsnap_grid5x5_mid.json,1112,25,40,52,36.0522,7.696583572062955e-05,0.798,OPTIMAL
grid_5x5,seed_milpsnap_grid5x5_mid.json,1113,25,40,56,36.0522,7.696583572062955e-05,0.887,OPTIMAL
grid_5x5,seed_milpsnap_grid5x5_mid.json,1114,25,40,62,36.0522,7.696583572062955e-05,1.006,OPTIMAL
grid_5x5,seed_milpsnap_grid5x5_mid.json,1115,25,40,64,36.0522,7.696583572062955e-05,1.077,OPTIMAL
grid_5x5,seed_milpsnap_grid5x5_mid.json,1116,25,40,59,36.0522,7.69658357204351e-05,0.962,OPTIMAL
grid_5x5,seed_milpsnap_grid5x5_mid.json,1117,25,40,59,36.0522,7.696583572082397e-05,0.983,OPTIMAL
grid_5x5,seed_milpsnap_grid5x5_mid.json,1118,25,40,61,36.0522,7.69658357204351e-05,1.008,OPTIMAL
grid_5x5,seed_milpsnap_grid5x5_mid.json,1119,25,40,57,36.0522,7.696583572062955e-05,0.943,OPTIMAL
grid_5x5,seed_milpsnap_grid5x5_mid.json,1120,25,40,58,36.0522,7.696583572062955e-05,0.927,OPTIMAL
grid_5x5,seed_milpsnap_grid5x5_mid.json,1121,25,40,57,36.0522,7.696583572082397e-05,0.879,OPTIMAL
grid_5x5,seed_milpsnap_grid5x5_mid.json,1122,25,40,57,36.0522,7.696583572062955e-05,0.901,OPTIMAL
grid_5x5,seed_milpsnap_grid5x5_mid.json,1123,25,40,55,36.0522,7.696583572062955e-05,0.891,OPTIMAL
grid_5x5,seed_milpsnap_grid5x5_mid.json,1124,25,40,55,36.0522,7.696583572062955e-05,0.868,OPTIMAL
grid_5x5,seed_milpsnap_grid5x5_mid.json,1125,25,40,59,36.0522,7.696583572082397e-05,0.958,OPTIMAL
grid_5x5,seed_milpsnap_grid5x5_mid.json,1126,25,40,55,36.0522,7.696583572062955e-05,0.841,OPTIMAL
grid_5x5,seed_milpsnap_grid5x5_mid.json,1127,25,40,57,36.0522,7.696583572062955e-05,0.924,OPTIMAL
grid_5x5,seed_milpsnap_grid5x5_mid.json,1128,25,40,56,36.0522,7.696583572062955e-05,0.909,OPTIMAL
grid_5x5,seed_milpsnap_grid5x5_mid.json,1129,25,40,54,36.0522,7.696583572082397e-05,0.879,OPTIMAL
grid_5x5,seed_milpsnap_grid5x5_mid.json,1130,25,40,52,36.0522,7.696583572062955e-05,0.802,OPTIMAL
grid_5x5,seed_milpsnap_grid5x5_mid.json,1131,25,40,55,36.0522,7.696583572062955e-05,0.816,OPTIMAL
grid_5x5,seed_milpsnap_grid5x5_mid.json,1132,25,40,52,36.0522,7.696583572082397e-05,0.84,OPTIMAL
grid_5x5,seed_milpsnap_grid5x5_mid.json,1133,25,40,55,36.0522,7.696583572062955e-05,0.905,OPTIMAL
grid_5x5,seed_milpsnap_grid5x5_mid.json,1134,25,40,53,36.0522,7.696583572062955e-05,1.015,OPTIMAL
grid_5x5,seed_milpsnap_grid5x5_mid.json,1135,25,40,49,36.0522,7.696583572062955e-05,0.778,OPTIMAL
grid_5x5,seed_milpsnap_grid5x5_mid.json,1136,25,40,53,36.0522,7.696583572062955e-05,0.847,OPTIMAL
grid_5x5,seed_milpsnap_grid5x5_mid.json,1137,25,40,51,36.0522,7.696583572062955e-05,0.828,OPTIMAL
grid_5x5,seed_milpsnap_grid5x5_mid.json,1138,25,40,55,36.0522,7.696583572082397e-05,0.86,OPTIMAL
grid_5x5,seed_milpsnap_grid5x5_mid.json,1139,25,40,54,36.0522,7.696583572062955e-05,0.795,OPTIMAL
grid_5x5,seed_milpsnap_grid5x5_mid.json,1140,25,40,54,36.0522,7.696583572062955e-05,0.885,OPTIMAL
grid_5x5,seed_milpsnap_grid5x5_mid.json,1141,25,40,58,36.0522,7.696583572062955e-05,0.888,OPTIMAL
grid_5x5,seed_milpsnap_grid5x5_mid.json,1142,25,40,56,36.0522,7.696583572062955e-05,0.953,OPTIMAL
grid_5x5,seed_milpsnap_grid5x5_mid.json,1143,25,40,53,36.0522,7.696583572062955e-05,0.839,OPTIMAL
grid_5x5,seed_milpsnap_grid5x5_mid.json,1144,25,40,52,36.0522,7.696583572062955e-05,0.824,OPTIMAL
grid_5x5,seed_milpsnap_grid5x5_mid.json,1145,25,40,53,36.0522,7.696583572082397e-05,0.795,OPTIMAL
grid_5x5,seed_milpsnap_grid5x5_mid.json,1146,25,40,55,36.0522,7.696583572062955e-05,0.844,OPTIMAL
grid_5x5,seed_milpsnap_grid5x5_mid.json,1147,25,40,56,36.0522,7.696583572062955e-05,0.925,OPTIMAL
grid_5x5,seed_milpsnap_grid5x5_mid.json,1148,25,40,51,36.0522,0.0,0.921,OPTIMAL
grid_5x5,seed_milpsnap_grid5x5_mid.json,1149,25,40,54,36.0522,7.696583572082397e-05,0.88,OPTIMAL
grid_5x5,seed_milpsnap_grid5x5_mid.json,1150,25,40,59,36.0522,7.696583572062955e-05,0.932,OPTIMAL
grid_5x5,seed_milpsnap_grid5x5_mid.json,1151,25,40,59,36.0522,7.696583572062952e-05,0.963,OPTIMAL
grid_5x5,seed_milpsnap_grid5x5_mid.json,1152,25,40,65,36.0522,7.696583572062955e-05,0.997,OPTIMAL
grid_5x5,seed_milpsnap_grid5x5_mid.json,1153,25,40,61,36.0522,7.696583572082397e-05,1.002,OPTIMAL
grid_5x5,seed_milpsnap_grid5x5_mid.json,1154,25,40,64,36.0522,7.69658357204351e-05,1.004,OPTIMAL
grid_5x5,seed_milpsnap_grid5x5_mid.json,1155,25,40,61,36.0522,7.696583572062952e-05,1.011,OPTIMAL
grid_5x5,seed_milpsnap_grid5x5_mid.json,1156,25,40,65,36.0522,7.696583572062952e-05,1.057,OPTIMAL
grid_5x5,seed_milpsnap_grid5x5_mid.json,1157,25,40,65,36.0522,7.69658357204351e-05,1.017,OPTIMAL
grid_5x5,seed_milpsnap_grid5x5_mid.json,1158,25,40,65,36.0522,7.696583572062955e-05,1.071,OPTIMAL
grid_5x5,seed_milpsnap_grid5x5_mid.json,1159,25,40,67,36.0522,7.696583572062952e-05,1.071,OPTIMAL
grid_5x5,seed_milpsnap_grid5x5_mid.json,1160,25,40,69,36.0522,7.696583572062955e-05,1.155,OPTIMAL
grid_5x5,seed_milpsnap_grid5x5_mid.json,1161,25,40,69,36.0522,7.69658357204351e-05,1.169,OPTIMAL
grid_5x5,seed_milpsnap_grid5x5_mid.json,1162,25,40,70,36.0522,7.696583572082397e-05,1.18,OPTIMAL
grid_5x5,seed_milpsnap_grid5x5_mid.json,1163,25,40,69,36.0522,3.420703809805757e-05,1.158,OPTIMAL
grid_5x5,seed_milpsnap_grid5x5_mid.json,1164,25,40,64,36.0522,7.696583572062955e-05,1.019,OPTIMAL
grid_5x5,seed_milpsnap_grid5x5_mid.json,1165,25,40,63,36.0522,7.696583572062952e-05,1.008,OPTIMAL
grid_5x5,seed_milpsnap_grid5x5_mid.json,1166,25,40,60,36.0522,7.696583572062952e-05,0.999,OPTIMAL
grid_5x5,seed_milpsnap_grid5x5_mid.json,1167,25,40,57,36.0522,7.696583572062955e-05,0.908,OPTIMAL
grid_5x5,seed_milpsnap_grid5x5_mid.json,1168,25,40,62,36.0522,7.696583572062952e-05,0.984,OPTIMAL
grid_5x5,seed_milpsnap_grid5x5_mid.json,1169,25,40,58,36.0522,7.696583572082397e-05,0.953,OPTIMAL
grid_5x5,seed_milpsnap_grid5x5_mid.json,1170,25,40,58,36.0522,7.696583572062955e-05,0.92,OPTIMAL
grid_5x5,seed_milpsnap_grid5x5_mid.json,1171,25,40,55,36.0522,7.696583572062955e-05,0.895,OPTIMAL
grid_5x5,seed_milpsnap_grid5x5_mid.json,1172,25,40,54,36.0522,9.406935476965832e-05,0.845,OPTIMAL
grid_5x5,seed_milpsnap_grid5x5_mid.json,1173,25,40,60,36.0522,7.696583572082397e-05,1.027,OPTIMAL
grid_5x5,seed_milpsnap_grid5x5_mid.json,1174,25,40,62,36.0522,7.69658357204351e-05,1.0,OPTIMAL
grid_5x5,seed_milpsnap_grid5x5_mid.json,1175,25,40,61,36.0522,7.69658357204351e-05,1.026,OPTIMAL
grid_5x5,seed_milpsnap_grid5x5_mid.json,1176,25,40,59,36.0522,7.69658357204351e-05,0.948,OPTIMAL
grid_5x5,seed_milpsnap_grid5x5_mid.json,1177,25,40,57,36.0522,7.696583572062955e-05,0.927,OPTIMAL
grid_5x5,seed_milpsnap_grid5x5_mid.json,1178,25,40,58,36.0522,7.696583572062955e-05,0.895,OPTIMAL
grid_5x5,seed_milpsnap_grid5x5_mid.json,1179,25,40,60,36.0522,7.696583572062955e-05,1.009,OPTIMAL
grid_5x5,seed_milpsnap_grid5x5_mid.json,1180,25,40,56,36.0522,7.696583572062955e-05,0.882,OPTIMAL
grid_5x5,seed_milpsnap_grid5x5_mid.json,1181,25,40,56,36.0522,7.696583572062955e-05,0.931,OPTIMAL
grid_5x5,seed_milpsnap_grid5x5_mid.json,1182,25,40,54,36.0522,7.696583572062955e-05,0.867,OPTIMAL
grid_5x5,seed_milpsnap_grid5x5_mid.json,1183,25,40,52,36.0522,7.696583572062955e-05,0.834,OPTIMAL
grid_5x5,seed_milpsnap_grid5x5_mid.json,1184,25,40,53,36.0522,7.696583572062955e-05,0.865,OPTIMAL
grid_5x5,seed_milpsnap_grid5x5_mid.json,1185,25,40,53,36.0522,7.696583572082397e-05,0.862,OPTIMAL
grid_5x5,seed_milpsnap_grid5x5_mid.json,1186,25,40,52,36.0522,7.696583572082397e-05,0.838,OPTIMAL
grid_5x5,seed_milpsnap_grid5x5_mid.json,1187,25,40,55,36.0522,7.696583572062955e-05,0.834,OPTIMAL
grid_5x5,seed_milpsnap_grid5x5_mid.json,1188,25,40,55,36.0522,7.696583572082397e-05,0.896,OPTIMAL
grid_5x5,seed_milpsnap_grid5x5_mid.json,1189,25,40,48,36.0522,7.696583572062955e-05,0.698,OPTIMAL
grid_5x5,seed_milpsnap_grid5x5_mid.json,1190,25,40,49,36.0522,7.696583572062955e-05,0.757,OPTIMAL
grid_5x5,seed_milpsnap_grid5x5_mid.json,1191,25,40,51,36.0522,7.696583572062955e-05,0.788,OPTIMAL
grid_5x5,seed_milpsnap_grid5x5_mid.json,1192,25,40,51,36.0522,7.696583572062955e-05,0.778,OPTIMAL
grid_5x5,seed_milpsnap_grid5x5_mid.json,1193,25,40,50,36.0522,7.696583572062955e-05,0.827,OPTIMAL
grid_5x5,seed_milpsnap_grid5x5_mid.json,1194,25,40,50,36.0522,7.696583572082397e-05,0.766,OPTIMAL
grid_5x5,seed_milpsnap_grid5x5_mid.json,1195,25,40,55,36.0522,7.696583572062955e-05,0.9,OPTIMAL
grid_5x5,seed_milpsnap_grid5x5_mid.json,1196,25,40,60,36.0522,7.696583572082397e-05,0.981,OPTIMAL
grid_5x5,seed_milpsnap_grid5x5_mid.json,1197,25,40,61,36.0522,7.696583572062952e-05,0.99,OPTIMAL
grid_5x5,seed_milpsnap_grid5x5_mid.json,1198,25,40,65,36.0522,7.696583572082397e-05,1.303,OPTIMAL
grid_5x5,seed_milpsnap_grid5x5_mid.json,1199,25,40,66,36.0522,7.696583572062955e-05,1.115,OPTIMAL
grid_5x5,seed_milpsnap_grid5x5_mid.json,1200,25,40,69,36.0522,7.696583572062952e-05,1.129,OPTIMAL
grid_5x5,seed_milpsnap_grid5x5_mid.json,1201,25,40,68,36.0522,7.696583572062955e-05,1.118,OPTIMAL
grid_5x5,seed_milpsnap_grid5x5_mid.json,1202,25,40,65,36.0522,7.696583572062955e-05,1.058,OPTIMAL
grid_5x5,seed_milpsnap_grid5x5_mid.json,1203,25,40,60,36.0522,7.696583572062952e-05,1.015,OPTIMAL
grid_5x5,seed_milpsnap_grid5x5_mid.json,1204,25,40,61,36.0522,7.69658357204351e-05,0.961,OPTIMAL
grid_5x5,seed_milpsnap_grid5x5_mid.json,1205,25,40,63,36.0522,7.696583572082397e-05,1.009,OPTIMAL
grid_5x5,seed_milpsnap_grid5x5_mid.json,1206,25,40,62,36.0522,7.696583572082397e-05,0.973,OPTIMAL
grid_5x5,seed_milpsnap_grid5x5_mid.json,1207,25,40,66,36.0522,7.69658357204351e-05,1.031,OPTIMAL
grid_5x5,seed_milpsnap_grid5x5_mid.json,1208,25,40,1,68.0285,0.0,0.028,OPTIMAL
grid_5x5,seed_milpsnap_grid5x5_mid.json,1209,25,40,4,48.0433,9.472886493760332e-05,0.124,OPTIMAL
grid_5x5,seed_milpsnap_grid5x5_mid.json,1210,25,40,9,44.0463,0.0,0.13,OPTIMAL
grid_5x5,seed_milpsnap_grid5x5_mid.json,1211,25,40,11,40.0492,0.0,0.175,OPTIMAL
grid_5x5,seed_milpsnap_grid5x5_mid.json,1212,25,40,13,40.0492,0.0,0.186,OPTIMAL
grid_5x5,seed_milpsnap_grid5x5_mid.json,1213,25,40,17,40.0492,0.0,0.178,OPTIMAL
grid_5x5,seed_milpsnap_grid5x5_mid.json,1214,25,40,18,40.0492,0.0,0.14,OPTIMAL
grid_5x5,seed_milpsnap_grid5x5_mid.json,1215,25,40,22,40.0492,0.0,0.167,OPTIMAL
grid_5x5,seed_milpsnap_grid5x5_mid.json,1216,25,40,24,40.0492,0.0,0.182,OPTIMAL
grid_5x5,seed_milpsnap_grid5x5_mid.json,1217,25,40,31,40.0492,0.0,0.247,OPTIMAL
grid_5x5,seed_milpsnap_grid5x5_mid.json,1218,25,40,34,40.0492,0.0,0.283,OPTIMAL
grid_5x5,seed_milpsnap_grid5x5_mid.json,1219,25,40,35,40.0492,0.0,0.292,OPTIMAL
grid_5x5,seed_milpsnap_grid5x5_mid.json,1220,25,40,43,36.0522,7.696583572062955e-05,0.563,OPTIMAL
grid_5x5,seed_milpsnap_grid5x5_mid.json,1221,25,40,50,36.0522,7.696583572082397e-05,0.773,OPTIMAL
grid_5x5,seed_milpsnap_grid5x5_mid.json,1222,25,40,52,36.0522,7.696583572062955e-05,0.813,OPTIMAL
grid_5x5,seed_milpsnap_grid5x5_mid.json,1223,25,40,58,36.0522,7.696583572062955e-05,0.912,OPTIMAL
grid_5x5,seed_milpsnap_grid5x5_mid.json,1224,25,40,57,36.0522,7.696583572062955e-05,0.841,OPTIMAL
grid_5x5,seed_milpsnap_grid5x5_mid.json,1225,25,40,59,36.0522,7.696583572062955e-05,0.975,OPTIMAL
grid_5x5,seed_milpsnap_grid5x5_mid.json,1226,25,40,64,36.0522,7.696583572062955e-05,1.068,OPTIMAL
grid_5x5,seed_milpsnap_grid5x5_mid.json,1227,25,40,67,36.0522,7.69658357204351e-05,1.095,OPTIMAL
grid_5x5,seed_milpsnap_grid5x5_mid.json,1228,25,40,66,36.0522,7.696583572082397e-05,1.066,OPTIMAL
grid_5x5,seed_milpsnap_grid5x5_mid.json,1229,25,40,67,36.0522,7.696583572082397e-05,1.044,OPTIMAL
grid_5x5,seed_milpsnap_grid5x5_mid.json,1230,25,40,65,36.0522,7.696583572062955e-05,1.056,OPTIMAL
grid_5x5,seed_milpsnap_grid5x5_mid.json,1231,25,40,67,36.0522,0.0,1.05,OPTIMAL
grid_5x5,seed_milpsnap_grid5x5_mid.json,1232,25,40,62,36.0522,7.69658357204351e-05,0.977,OPTIMAL
grid_5x5,seed_milpsnap_grid5x5_mid.json,1233,25,40,60,36.0522,7.696583572082397e-05,0.962,OPTIMAL
grid_5x5,seed_milpsnap_grid5x5_mid.json,1234,25,40,65,36.0522,7.696583572062955e-05,1.051,OPTIMAL
grid_5x5,seed_milpsnap_grid5x5_mid.json,1235,25,40,60,36.0522,7.696583572062955e-05,0.934,OPTIMAL
grid_5x5,seed_milpsnap_grid5x5_mid.json,1236,25,40,58,36.0522,7.696583572062955e-05,0.916,OPTIMAL
grid_5x5,seed_milpsnap_grid5x5_mid.json,1237,25,40,57,36.0522,7.696583572062955e-05,0.88,OPTIMAL
grid_5x5,seed_milpsnap_grid5x5_mid.json,1238,25,40,55,36.0522,7.696583572062955e-05,0.906,OPTIMAL
grid_5x5,seed_milpsnap_grid5x5_mid.json,1239,25,40,59,36.0522,7.696583572062955e-05,0.955,OPTIMAL
grid_5x5,seed_milpsnap_grid5x5_mid.json,1240,25,40,52,36.0522,7.696583572062955e-05,0.79,OPTIMAL
grid_5x5,seed_milpsnap_grid5x5_mid.json,1241,25,40,48,36.0522,7.696583572062955e-05,0.774,OPTIMAL
grid_5x5,seed_milpsnap_grid5x5_mid.json,1242,25,40,46,36.0522,7.696583572062955e-05,0.605,OPTIMAL
grid_5x5,seed_milpsnap_grid5x5_mid.json,1243,25,40,49,36.0522,7.696583572062955e-05,0.726,OPTIMAL
grid_5x5,seed_milpsnap_grid5x5_mid.json,1244,25,40,56,36.0522,7.696583572062955e-05,0.874,OPTIMAL
grid_5x5,seed_milpsnap_grid5x5_mid.json,1245,25,40,58,36.0522,7.696583572062955e-05,0.928,OPTIMAL
grid_5x5,seed_milpsnap_grid5x5_mid.json,1246,25,40,56,36.0522,7.696583572062955e-05,0.906,OPTIMAL
grid_5x5,seed_milpsnap_grid5x5_mid.json,1247,25,40,57,36.0522,7.696583572062955e-05,0.863,OPTIMAL
grid_5x5,seed_milpsnap_grid5x5_mid.json,1248,25,40,60,36.0522,7.696583572062955e-05,1.003,OPTIMAL
grid_5x5,seed_milpsnap_grid5x5_mid.json,1249,25,40,58,36.0522,7.69658357204351e-05,0.95,OPTIMAL
grid_5x5,seed_milpsnap_grid5x5_mid.json,1250,25,40,59,36.0522,7.69658357204351e-05,0.98,OPTIMAL
grid_5x5,seed_milpsnap_grid5x5_mid.json,1251,25,40,55,36.0522,7.696583572062955e-05,0.83,OPTIMAL
grid_5x5,seed_milpsnap_grid5x5_mid.json,1252,25,40,58,36.0522,7.696583572082397e-05,0.921,OPTIMAL
grid_5x5,seed_milpsnap_grid5x5_mid.json,1253,25,40,61,36.0522,7.696583572062955e-05,1.003,OPTIMAL
grid_5x5,seed_milpsnap_grid5x5_mid.json,1254,25,40,57,36.0522,7.696583572062955e-05,0.884,OPTIMAL
grid_5x5,seed_milpsnap_grid5x5_mid.json,1255,25,40,59,36.0522,7.69658357204351e-05,0.999,OPTIMAL
grid_5x5,seed_milpsnap_grid5x5_mid.json,1256,25,40,59,36.0522,7.696583572082397e-05,0.94,OPTIMAL
grid_5x5,seed_milpsnap_grid5x5_mid.json,1257,25,40,61,36.0522,7.696583572082397e-05,1.016,OPTIMAL
grid_5x5,seed_milpsnap_grid5x5_mid.json,1258,25,40,56,36.0522,7.696583572062955e-05,0.892,OPTIMAL
grid_5x5,seed_milpsnap_grid5x5_mid.json,1259,25,40,48,36.0522,7.696583572062955e-05,0.732,OPTIMAL
grid_5x5,seed_milpsnap_grid5x5_mid.json,1260,25,40,45,36.0522,7.696583572062955e-05,0.652,OPTIMAL
grid_5x5,seed_milpsnap_grid5x5_mid.json,1261,25,40,46,36.0522,7.696583572062955e-05,0.611,OPTIMAL
grid_5x5,seed_milpsnap_grid5x5_mid.json,1262,25,40,48,36.0522,7.696583572062955e-05,0.749,OPTIMAL
grid_5x5,seed_milpsnap_grid5x5_mid.json,1263,25,40,52,36.0522,7.696583572062955e-05,0.833,OPTIMAL
grid_5x5,seed_milpsnap_grid5x5_mid.json,1264,25,40,53,36.0522,7.696583572062955e-05,0.837,OPTIMAL
grid_5x5,seed_milpsnap_grid5x5_mid.json,1265,25,40,51,36.0522,7.696583572062955e-05,0.807,OPTIMAL
grid_5x5,seed_milpsnap_grid5x5_mid.json,1266,25,40,53,36.0522,7.696583572062955e-05,0.826,OPTIMAL
grid_5x5,seed_milpsnap_grid5x5_mid.json,1267,25,40,50,36.0522,7.696583572062955e-05,0.772,OPTIMAL
grid_5x5,seed_milpsnap_grid5x5_mid.json,1268,25,40,46,36.0522,7.696583572062955e-05,0.636,OPTIMAL
grid_5x5,seed_milpsnap_grid5x5_mid.json,1269,25,40,46,36.0522,7.696583572160175e-05,0.755,OPTIMAL
grid_5x5,seed_milpsnap_grid5x5_mid.json,1270,25,40,50,36.0522,7.696583572062955e-05,0.792,OPTIMAL
grid_5x5,seed_milpsnap_grid5x5_mid.json,1271,25,40,47,36.0522,7.696583572062955e-05,0.725,OPTIMAL
grid_5x5,seed_milpsnap_grid5x5_mid.json,1272,25,40,47,36.0522,0.0,0.868,OPTIMAL
grid_5x5,seed_milpsnap_grid5x5_mid.json,1273,25,40,53,36.0522,7.696583572062955e-05,0.84,OPTIMAL
grid_5x5,seed_milpsnap_grid5x5_mid.json,1274,25,40,56,36.0522,7.696583572062955e-05,1.146,OPTIMAL
grid_5x5,seed_milpsnap_grid5x5_mid.json,1275,25,40,60,36.0522,7.696583572062955e-05,0.967,OPTIMAL
grid_5x5,seed_milpsnap_grid5x5_mid.json,1276,25,40,60,36.0522,7.69658357204351e-05,0.941,OPTIMAL
grid_5x5,seed_milpsnap_grid5x5_mid.json,1277,25,40,61,36.0522,7.69658357204351e-05,0.998,OPTIMAL
grid_5x5,seed_milpsnap_grid5x5_mid.json,1278,25,40,58,36.0522,7.696583572062955e-05,0.967,OPTIMAL
grid_5x5,seed_milpsnap_grid5x5_mid.json,1279,25,40,54,36.0522,7.696583572062955e-05,0.874,OPTIMAL
grid_5x5,seed_milpsnap_grid5x5_mid.json,1280,25,40,55,36.0522,7.696583572082397e-05,0.853,OPTIMAL
grid_5x5,seed_milpsnap_grid5x5_mid.json,1281,25,40,59,36.0522,7.696583572062952e-05,0.961,OPTIMAL
grid_5x5,seed_milpsnap_grid5x5_mid.json,1282,25,40,66,36.0522,7.696583572062955e-05,1.039,OPTIMAL
grid_5x5,seed_milpsnap_grid5x5_mid.json,1283,25,40,66,36.0522,7.696583572062955e-05,1.121,OPTIMAL
grid_5x5,seed_milpsnap_grid5x5_mid.json,1284,25,40,68,36.0522,7.696583572082397e-05,1.11,OPTIMAL
grid_5x5,seed_milpsnap_grid5x5_mid.json,1285,25,40,67,36.0522,7.696583572062952e-05,1.109,OPTIMAL
grid_5x5,seed_milpsnap_grid5x5_mid.json,1286,25,40,70,36.0522,7.696583572062952e-05,1.144,OPTIMAL
grid_5x5,seed_milpsnap_grid5x5_mid.json,1287,25,40,69,36.0522,7.696583572062952e-05,1.221,OPTIMAL
grid_5x5,seed_milpsnap_grid5x5_mid.json,1288,25,40,67,36.0522,7.696583572062955e-05,1.066,OPTIMAL
grid_5x5,seed_milpsnap_grid5x5_mid.json,1289,25,40,68,36.0522,7.696583572062955e-05,1.122,OPTIMAL
grid_5x5,seed_milpsnap_grid5x5_mid.json,1290,25,40,67,36.0522,7.69658357204351e-05,1.05,OPTIMAL
grid_5x5,seed_milpsnap_grid5x5_mid.json,1291,25,40,70,36.0522,7.696583572062955e-05,1.157,OPTIMAL
grid_5x5,seed_milpsnap_grid5x5_mid.json,1292,25,40,69,36.0522,7.696583572062955e-05,1.209,OPTIMAL
grid_5x5,seed_milpsnap_grid5x5_mid.json,1293,25,40,66,36.0522,7.69658357204351e-05,1.123,OPTIMAL
grid_5x5,seed_milpsnap_grid5x5_mid.json,1294,25,40,68,36.0522,7.696583572062955e-05,1.138,OPTIMAL
grid_5x5,seed_milpsnap_grid5x5_mid.json,1295,25,40,65,36.0522,7.69658357204351e-05,1.038,OPTIMAL
grid_5x5,seed_milpsnap_grid5x5_mid.json,1296,25,40,61,36.0522,7.69658357204351e-05,0.978,OPTIMAL
grid_5x5,seed_milpsnap_grid5x5_mid.json,1297,25,40,57,36.0522,7.696583572082397e-05,0.946,OPTIMAL
grid_5x5,seed_milpsnap_grid5x5_mid.json,1298,25,40,56,36.0522,7.696583572062955e-05,0.897,OPTIMAL
grid_5x5,seed_milpsnap_grid5x5_mid.json,1299,25,40,57,36.0522,7.696583572062955e-05,0.934,OPTIMAL
grid_5x5,seed_milpsnap_grid5x5_mid.json,1300,25,40,57,36.0522,7.696583572062955e-05,0.892,OPTIMAL
grid_5x5,seed_milpsnap_grid5x5_mid.json,1301,25,40,56,36.0522,0.0,0.849,OPTIMAL
grid_5x5,seed_milpsnap_grid5x5_mid.json,1302,25,40,56,36.0522,7.696583572062955e-05,0.922,OPTIMAL
grid_5x5,seed_milpsnap_grid5x5_mid.json,1303,25,40,53,36.0522,7.696583572062955e-05,0.775,OPTIMAL
grid_5x5,seed_milpsnap_grid5x5_mid.json,1304,25,40,50,36.0522,7.696583572082397e-05,0.765,OPTIMAL
grid_5x5,seed_milpsnap_grid5x5_mid.json,1305,25,40,48,36.0522,7.696583572062955e-05,0.75,OPTIMAL
grid_5x5,seed_milpsnap_grid5x5_mid.json,1306,25,40,45,36.0522,7.696583572082397e-05,0.593,OPTIMAL
grid_5x5,seed_milpsnap_grid5x5_mid.json,1307,25,40,44,36.0522,7.696583572062955e-05,0.598,OPTIMAL
grid_5x5,seed_milpsnap_grid5x5_mid.json,1308,25,40,46,36.0522,7.696583572062955e-05,0.611,OPTIMAL
grid_5x5,seed_milpsnap_grid5x5_mid.json,1309,25,40,48,36.0522,7.696583572062955e-05,0.718,OPTIMAL
grid_5x5,seed_milpsnap_grid5x5_mid.json,1310,25,40,51,36.0522,7.696583572082397e-05,0.775,OPTIMAL
grid_5x5,seed_milpsnap_grid5x5_mid.json,1311,25,40,55,36.0522,7.696583572062955e-05,0.928,OPTIMAL
grid_5x5,seed_milpsnap_grid5x5_mid.json,1312,25,40,56,36.0522,7.696583572062955e-05,0.938,OPTIMAL
grid_5x5,seed_milpsnap_grid5x5_mid.json,1313,25,40,63,36.0522,7.696583572062952e-05,1.045,OPTIMAL
grid_5x5,seed_milpsnap_grid5x5_mid.json,1314,25,40,59,36.0522,7.696583572062952e-05,0.989,OPTIMAL
grid_5x5,seed_milpsnap_grid5x5_mid.json,1315,25,40,57,36.0522,7.696583572062955e-05,0.901,OPTIMAL
grid_5x5,seed_milpsnap_grid5x5_mid.json,1316,25,40,60,36.0522,7.696583572082397e-05,0.976,OPTIMAL
grid_5x5,seed_milpsnap_grid5x5_mid.json,1317,25,40,56,36.0522,7.696583572062955e-05,0.932,OPTIMAL
grid_5x5,seed_milpsnap_grid5x5_mid.json,1318,25,40,57,36.0522,7.696583572062955e-05,0.909,OPTIMAL
grid_5x5,seed_milpsnap_grid5x5_mid.json,1319,25,40,62,36.0522,7.696583572082397e-05,0.992,OPTIMAL
grid_5x5,seed_milpsnap_grid5x5_mid.json,1320,25,40,64,36.0522,7.69658357204351e-05,1.022,OPTIMAL
grid_5x5,seed_milpsnap_grid5x5_mid.json,1321,25,40,64,36.0522,7.696583572062955e-05,1.057,OPTIMAL
grid_5x5,seed_milpsnap_grid5x5_mid.json,1322,25,40,62,36.0522,7.696583572062952e-05,0.925,OPTIMAL
grid_5x5,seed_milpsnap_grid5x5_mid.json,1323,25,40,63,36.0522,7.696583572062955e-05,1.114,OPTIMAL
grid_5x5,seed_milpsnap_grid5x5_mid.json,1324,25,40,62,36.0522,7.696583572062955e-05,0.99,OPTIMAL
grid_5x5,seed_milpsnap_grid5x5_mid.json,1325,25,40,62,36.0522,7.696583572082397e-05,0.999,OPTIMAL
grid_5x5,seed_milpsnap_grid5x5_mid.json,1326,25,40,58,36.0522,7.696583572062955e-05,0.914,OPTIMAL
grid_5x5,seed_milpsnap_grid5x5_mid.json,1327,25,40,56,36.0522,7.696583572062955e-05,0.904,OPTIMAL
grid_5x5,seed_milpsnap_grid5x5_mid.json,1328,25,40,51,36.0522,7.696583572062955e-05,0.782,OPTIMAL
grid_5x5,seed_milpsnap_grid5x5_mid.json,1329,25,40,52,36.0522,7.696583572082397e-05,0.819,OPTIMAL
grid_5x5,seed_milpsnap_grid5x5_mid.json,1330,25,40,51,36.0522,7.696583572062955e-05,0.814,OPTIMAL
grid_5x5,seed_milpsnap_grid5x5_mid.json,1331,25,40,53,36.0522,7.696583572062955e-05,0.792,OPTIMAL
grid_5x5,seed_milpsnap_grid5x5_mid.json,1332,25,40,56,36.0522,7.696583572062955e-05,0.94,OPTIMAL
grid_5x5,seed_milpsnap_grid5x5_mid.json,1333,25,40,55,36.0522,7.696583572082397e-05,0.887,OPTIMAL
grid_5x5,seed_milpsnap_grid5x5_mid.json,1334,25,40,53,36.0522,7.696583572062955e-05,0.803,OPTIMAL
grid_5x5,seed_milpsnap_grid5x5_mid.json,1335,25,40,51,36.0522,0.0,0.732,OPTIMAL
grid_5x5,seed_milpsnap_grid5x5_mid.json,1336,25,40,49,36.0522,7.696583572062955e-05,0.719,OPTIMAL
grid_5x5,seed_milpsnap_grid5x5_mid.json,1337,25,40,56,36.0522,7.696583572062955e-05,0.92,OPTIMAL
grid_5x5,seed_milpsnap_grid5x5_mid.json,1338,25,40,59,36.0522,7.696583572082397e-05,1.133,OPTIMAL
grid_5x5,seed_milpsnap_grid5x5_mid.json,1339,25,40,59,36.0522,0.0,1.003,OPTIMAL
grid_5x5,seed_milpsnap_grid5x5_mid.json,1340,25,40,61,36.0522,7.696583572062955e-05,1.004,OPTIMAL
grid_5x5,seed_milpsnap_grid5x5_mid.json,1341,25,40,62,36.0522,7.696583572062955e-05,0.971,OPTIMAL
grid_5x5,seed_milpsnap_grid5x5_mid.json,1342,25,40,62,36.0522,7.69658357204351e-05,0.992,OPTIMAL
grid_5x5,seed_milpsnap_grid5x5_mid.json,1343,25,40,62,36.0522,7.696583572062955e-05,0.986,OPTIMAL
grid_5x5,seed_milpsnap_grid5x5_mid.json,1344,25,40,63,36.0522,7.696583572062955e-05,1.033,OPTIMAL
grid_5x5,seed_milpsnap_grid5x5_mid.json,1345,25,40,62,36.0522,7.69658357204351e-05,1.675,OPTIMAL
grid_5x5,seed_milpsnap_grid5x5_mid.json,1346,25,40,56,36.0522,7.696583572062955e-05,1.629,OPTIMAL
grid_5x5,seed_milpsnap_grid5x5_mid.json,1347,25,40,55,36.0522,7.696583572062955e-05,1.341,OPTIMAL
grid_5x5,seed_milpsnap_grid5x5_mid.json,1348,25,40,57,36.0522,7.696583572062955e-05,1.392,OPTIMAL
grid_5x5,seed_milpsnap_grid5x5_mid.json,1349,25,40,56,36.0522,7.696583572062955e-05,1.344,OPTIMAL
grid_5x5,seed_milpsnap_grid5x5_mid.json,1350,25,40,60,36.0522,7.696583572082397e-05,1.501,OPTIMAL
grid_5x5,seed_milpsnap_grid5x5_mid.json,1351,25,40,64,36.0522,7.696583572062955e-05,2.8,OPTIMAL
grid_5x5,seed_milpsnap_grid5x5_mid.json,1352,25,40,58,36.0522,7.696583572082397e-05,1.569,OPTIMAL
grid_5x5,seed_milpsnap_grid5x5_mid.json,1353,25,40,55,36.0522,7.696583572082397e-05,1.406,OPTIMAL
grid_5x5,seed_milpsnap_grid5x5_mid.json,1354,25,40,54,36.0522,7.696583572062955e-05,1.389,OPTIMAL
grid_5x5,seed_milpsnap_grid5x5_mid.json,1355,25,40,53,36.0522,7.696583572062955e-05,1.234,OPTIMAL
grid_5x5,seed_milpsnap_grid5x5_mid.json,1356,25,40,63,36.0522,7.696583572062955e-05,1.84,OPTIMAL
grid_5x5,seed_milpsnap_grid5x5_mid.json,1357,25,40,64,36.0522,7.696583572062952e-05,2.916,OPTIMAL
grid_5x5,seed_milpsnap_grid5x5_mid.json,1358,25,40,64,36.0522,7.69658357204351e-05,2.051,OPTIMAL
grid_5x5,seed_milpsnap_grid5x5_mid.json,1359,25,40,1,84.0167,0.0,0.022,OPTIMAL
grid_5x5,seed_milpsnap_grid5x5_mid.json,1360,25,40,3,56.0374,0.0,0.138,OPTIMAL
grid_5x5,seed_milpsnap_grid5x5_mid.json,1361,25,40,10,44.0463,0.0,0.187,OPTIMAL
grid_5x5,seed_milpsnap_grid5x5_mid.json,1362,25,40,11,44.0463,0.0,0.235,OPTIMAL
grid_5x5,seed_milpsnap_grid5x5_mid.json,1363,25,40,18,40.0492,0.0,0.231,OPTIMAL
grid_5x5,seed_milpsnap_grid5x5_mid.json,1364,25,40,23,36.0522,0.0,0.555,OPTIMAL
grid_5x5,seed_milpsnap_grid5x5_mid.json,1365,25,40,26,36.0522,0.0,0.612,OPTIMAL
grid_5x5,seed_milpsnap_grid5x5_mid.json,1366,25,40,31,36.0522,7.696583572062955e-05,0.761,OPTIMAL
grid_5x5,seed_milpsnap_grid5x5_mid.json,1367,25,40,36,36.0522,7.696583572062955e-05,0.909,OPTIMAL
grid_5x5,seed_milpsnap_grid5x5_mid.json,1368,25,40,41,36.0522,7.696583572062955e-05,1.019,OPTIMAL
grid_5x5,seed_milpsnap_grid5x5_mid.json,1369,25,40,47,36.0522,7.696583572062955e-05,1.824,OPTIMAL
grid_5x5,seed_milpsnap_grid5x5_mid.json,1370,25,40,50,36.0522,7.696583572062955e-05,1.881,OPTIMAL
grid_5x5,seed_milpsnap_grid5x5_mid.json,1371,25,40,55,36.0522,7.696583572062955e-05,2.57,OPTIMAL
grid_5x5,seed_milpsnap_grid5x5_mid.json,1372,25,40,57,36.0522,7.696583572062955e-05,2.321,OPTIMAL
grid_5x5,seed_milpsnap_grid5x5_mid.json,1373,25,40,60,36.0522,7.696583572082397e-05,2.454,OPTIMAL
grid_5x5,seed_milpsnap_grid5x5_mid.json,1374,25,40,63,36.0522,7.696583572062955e-05,2.259,OPTIMAL
grid_5x5,seed_milpsnap_grid5x5_mid.json,1375,25,40,65,36.0522,7.696583572082397e-05,1.755,OPTIMAL
grid_5x5,seed_milpsnap_grid5x5_mid.json,1376,25,40,63,36.0522,7.69658357204351e-05,1.627,OPTIMAL
grid_5x5,seed_milpsnap_grid5x5_mid.json,1377,25,40,64,36.0522,7.69658357204351e-05,1.424,OPTIMAL
grid_5x5,seed_milpsnap_grid5x5_mid.json,1378,25,40,60,36.0522,7.69658357204351e-05,1.43,OPTIMAL
grid_5x5,seed_milpsnap_grid5x5_mid.json,1379,25,40,60,36.0522,7.696583572062952e-05,1.552,OPTIMAL
grid_5x5,seed_milpsnap_grid5x5_mid.json,1380,25,40,65,36.0522,7.696583572062955e-05,1.553,OPTIMAL
grid_5x5,seed_milpsnap_grid5x5_mid.json,1381,25,40,67,36.0522,7.696583572062955e-05,1.654,OPTIMAL
grid_5x5,seed_milpsnap_grid5x5_mid.json,1382,25,40,70,36.0522,7.696583572062955e-05,2.176,OPTIMAL
grid_5x5,seed_milpsnap_grid5x5_mid.json,1383,25,40,67,36.0522,7.696583572062955e-05,1.571,OPTIMAL
grid_5x5,seed_milpsnap_grid5x5_mid.json,1384,25,40,65,36.0522,7.69658357204351e-05,1.605,OPTIMAL
grid_5x5,seed_milpsnap_grid5x5_mid.json,1385,25,40,66,36.0522,7.696583572062955e-05,1.621,OPTIMAL
grid_5x5,seed_milpsnap_grid5x5_mid.json,1386,25,40,63,36.0522,7.696583572082397e-05,1.519,OPTIMAL
grid_5x5,seed_milpsnap_grid5x5_mid.json,1387,25,40,65,36.0522,7.69658357204351e-05,1.465,OPTIMAL
grid_5x5,seed_milpsnap_grid5x5_mid.json,1388,25,40,74,36.0522,7.696583572062955e-05,1.88,OPTIMAL
grid_5x5,seed_milpsnap_grid5x5_mid.json,1389,25,40,77,36.0522,7.696583572062955e-05,1.88,OPTIMAL
grid_5x5,seed_milpsnap_grid5x5_mid.json,1390,25,40,78,36.0522,7.696583572062955e-05,1.87,OPTIMAL
grid_5x5,seed_milpsnap_grid5x5_mid.json,1391,25,40,78,36.0522,7.696583572062952e-05,1.873,OPTIMAL
grid_5x5,seed_milpsnap_grid5x5_mid.json,1392,25,40,81,36.0522,7.696583572062955e-05,1.915,OPTIMAL
grid_5x5,seed_milpsnap_grid5x5_mid.json,1393,25,40,80,36.0522,7.69658357204351e-05,2.006,OPTIMAL
grid_5x5,seed_milpsnap_grid5x5_mid.json,1394,25,40,81,36.0522,7.69658357204351e-05,2.036,OPTIMAL
grid_5x5,seed_milpsnap_grid5x5_mid.json,1395,25,40,77,36.0522,7.69658357204351e-05,1.886,OPTIMAL
grid_5x5,seed_milpsnap_grid5x5_mid.json,1396,25,40,72,36.0522,7.696583572082397e-05,1.647,OPTIMAL
grid_5x5,seed_milpsnap_grid5x5_mid.json,1397,25,40,69,36.0522,7.69658357204351e-05,2.225,OPTIMAL
grid_5x5,seed_milpsnap_grid5x5_mid.json,1398,25,40,71,36.0522,7.696583572082397e-05,1.875,OPTIMAL
grid_5x5,seed_milpsnap_grid5x5_mid.json,1399,25,40,69,36.0522,7.696583572062952e-05,1.621,OPTIMAL
grid_5x5,seed_milpsnap_grid5x5_mid.json,1400,25,40,72,36.0522,7.69658357204351e-05,1.803,OPTIMAL
grid_5x5,seed_milpsnap_grid5x5_mid.json,1401,25,40,74,36.0522,7.696583572062955e-05,1.722,OPTIMAL
grid_5x5,seed_milpsnap_grid5x5_mid.json,1402,25,40,71,36.0522,7.69658357204351e-05,1.839,OPTIMAL
grid_5x5,seed_milpsnap_grid5x5_mid.json,1403,25,40,62,36.0522,7.69658357204351e-05,1.616,OPTIMAL
grid_5x5,seed_milpsnap_grid5x5_mid.json,1404,25,40,58,36.0522,7.696583572062955e-05,1.454,OPTIMAL
grid_5x5,seed_milpsnap_grid5x5_mid.json,1405,25,40,62,36.0522,7.696583572082397e-05,1.587,OPTIMAL
grid_5x5,seed_milpsnap_grid5x5_mid.json,1406,25,40,58,36.0522,7.696583572062955e-05,1.343,OPTIMAL
grid_5x5,seed_milpsnap_grid5x5_mid.json,1407,25,40,57,36.0522,7.696583572062955e-05,1.792,OPTIMAL
grid_5x5,seed_milpsnap_grid5x5_mid.json,1408,25,40,60,36.0522,7.69658357204351e-05,1.541,OPTIMAL
grid_5x5,seed_milpsnap_grid5x5_mid.json,1409,25,40,56,36.0522,7.696583572062955e-05,1.331,OPTIMAL
grid_5x5,seed_milpsnap_grid5x5_mid.json,1410,25,40,54,36.0522,7.696583572062955e-05,1.201,OPTIMAL
grid_5x5,seed_milpsnap_grid5x5_mid.json,1411,25,40,62,36.0522,7.696583572082397e-05,1.583,OPTIMAL
grid_5x5,seed_milpsnap_grid5x5_mid.json,1412,25,40,59,36.0522,7.696583572062955e-05,1.604,OPTIMAL
grid_5x5,seed_milpsnap_grid5x5_mid.json,1413,25,40,61,36.0522,7.696583572062955e-05,1.542,OPTIMAL
grid_5x5,seed_milpsnap_grid5x5_mid.json,1414,25,40,65,36.0522,7.696583572082397e-05,1.459,OPTIMAL
grid_5x5,seed_milpsnap_grid5x5_mid.json,1415,25,40,63,36.0522,7.696583572082397e-05,1.53,OPTIMAL
grid_5x5,seed_milpsnap_grid5x5_mid.json,1416,25,40,63,36.0522,7.696583572082397e-05,1.593,OPTIMAL
grid_5x5,seed_milpsnap_grid5x5_mid.json,1417,25,40,65,36.0522,7.696583572062955e-05,2.749,OPTIMAL
grid_5x5,seed_milpsnap_grid5x5_mid.json,1418,25,40,64,36.0522,7.69658357204351e-05,2.616,OPTIMAL
grid_5x5,seed_milpsnap_grid5x5_mid.json,1419,25,40,63,36.0522,7.696583572082397e-05,3.19,OPTIMAL
grid_5x5,seed_milpsnap_grid5x5_mid.json,1420,25,40,56,36.0522,7.696583572062955e-05,1.758,OPTIMAL
grid_5x5,seed_milpsnap_grid5x5_mid.json,1421,25,40,60,36.0522,7.696583572062955e-05,2.311,OPTIMAL
grid_5x5,seed_milpsnap_grid5x5_mid.json,1422,25,40,59,36.0522,7.69658357204351e-05,2.059,OPTIMAL
grid_5x5,seed_milpsnap_grid5x5_mid.json,1423,25,40,58,36.0522,7.696583572062952e-05,1.905,OPTIMAL
grid_5x5,seed_milpsnap_grid5x5_mid.json,1424,25,40,59,36.0522,7.696583572062955e-05,2.063,OPTIMAL
grid_5x5,seed_milpsnap_grid5x5_mid.json,1425,25,40,60,36.0522,7.696583572082397e-05,2.142,OPTIMAL
grid_5x5,seed_milpsnap_grid5x5_mid.json,1426,25,40,57,36.0522,7.696583572062955e-05,1.867,OPTIMAL
grid_5x5,seed_milpsnap_grid5x5_mid.json,1427,25,40,62,36.0522,7.696583572062955e-05,2.563,OPTIMAL
grid_5x5,seed_milpsnap_grid5x5_mid.json,1428,25,40,57,36.0522,7.696583572062955e-05,2.694,OPTIMAL
grid_5x5,seed_milpsnap_grid5x5_mid.json,1429,25,40,54,36.0522,0.0,1.962,OPTIMAL
grid_5x5,seed_milpsnap_grid5x5_mid.json,1430,25,40,52,36.0522,7.696583572062955e-05,3.146,OPTIMAL
grid_5x5,seed_milpsnap_grid5x5_mid.json,1431,25,40,52,36.0522,7.696583572062955e-05,1.656,OPTIMAL
grid_5x5,seed_milpsnap_grid5x5_mid.json,1432,25,40,54,36.0522,7.696583572082397e-05,2.248,OPTIMAL
grid_5x5,seed_milpsnap_grid5x5_mid.json,1433,25,40,62,36.0522,7.696583572062952e-05,2.665,OPTIMAL
grid_5x5,seed_milpsnap_grid5x5_mid.json,1434,25,40,66,36.0522,7.696583572062955e-05,2.766,OPTIMAL
grid_5x5,seed_milpsnap_grid5x5_mid.json,1435,25,40,68,36.0522,7.696583572062952e-05,2.72,OPTIMAL
grid_5x5,seed_milpsnap_grid5x5_mid.json,1436,25,40,65,36.0522,7.696583572062955e-05,2.246,OPTIMAL
grid_5x5,seed_milpsnap_grid5x5_mid.json,1437,25,40,63,36.0522,7.696583572062955e-05,2.698,OPTIMAL
grid_5x5,seed_milpsnap_grid5x5_mid.json,1438,25,40,63,36.0522,7.696583572062955e-05,2.487,OPTIMAL
grid_5x5,seed_milpsnap_grid5x5_mid.json,1439,25,40,65,36.0522,7.696583572062952e-05,3.442,OPTIMAL
grid_5x5,seed_milpsnap_grid5x5_mid.json,1440,25,40,67,36.0522,7.69658357204351e-05,3.511,OPTIMAL
grid_5x5,seed_milpsnap_grid5x5_mid.json,1441,25,40,67,36.0522,7.696583572082397e-05,4.447,OPTIMAL
grid_5x5,seed_milpsnap_grid5x5_mid.json,1442,25,40,67,36.0522,7.69658357204351e-05,3.81,OPTIMAL
grid_5x5,seed_milpsnap_grid5x5_mid.json,1443,25,40,68,36.0522,7.69658357204351e-05,3.56,OPTIMAL
grid_5x5,seed_milpsnap_grid5x5_mid.json,1444,25,40,67,36.0522,7.696583572062955e-05,3.208,OPTIMAL
grid_5x5,seed_milpsnap_grid5x5_mid.json,1445,25,40,74,36.0522,7.69658357204351e-05,3.466,OPTIMAL
grid_5x5,seed_milpsnap_grid5x5_mid.json,1446,25,40,74,36.0522,7.696583572062955e-05,4.245,OPTIMAL
grid_5x5,seed_milpsnap_grid5x5_mid.json,1447,25,40,74,36.0522,7.696583572062955e-05,3.74,OPTIMAL
grid_5x5,seed_milpsnap_grid5x5_mid.json,1448,25,40,66,36.0522,7.696583572082397e-05,3.288,OPTIMAL
grid_5x5,seed_milpsnap_grid5x5_mid.json,1449,25,40,70,36.0522,7.696583572062952e-05,3.454,OPTIMAL
grid_5x5,seed_milpsnap_grid5x5_mid.json,1450,25,40,69,36.0522,7.696583572082397e-05,3.136,OPTIMAL
grid_5x5,seed_milpsnap_grid5x5_mid.json,1451,25,40,71,36.0522,7.69658357204351e-05,3.436,OPTIMAL
grid_5x5,seed_milpsnap_grid5x5_mid.json,1452,25,40,73,36.0522,7.696583572062955e-05,3.839,OPTIMAL
grid_5x5,seed_milpsnap_grid5x5_mid.json,1453,25,40,73,36.0522,7.696583572082397e-05,3.104,OPTIMAL
grid_5x5,seed_milpsnap_grid5x5_mid.json,1454,25,40,72,36.0522,7.696583572082397e-05,3.546,OPTIMAL
grid_5x5,seed_milpsnap_grid5x5_mid.json,1455,25,40,69,36.0522,7.696583572082397e-05,3.392,OPTIMAL
grid_5x5,seed_milpsnap_grid5x5_mid.json,1456,25,40,65,36.0522,7.696583572082397e-05,3.239,OPTIMAL
grid_5x5,seed_milpsnap_grid5x5_mid.json,1457,25,40,64,36.0522,7.696583572062955e-05,2.886,OPTIMAL
grid_5x5,seed_milpsnap_grid5x5_mid.json,1458,25,40,66,36.0522,7.696583572062955e-05,4.29,OPTIMAL
grid_5x5,seed_milpsnap_grid5x5_mid.json,1459,25,40,70,36.0522,7.696583572082397e-05,3.374,OPTIMAL
grid_5x5,seed_milpsnap_grid5x5_mid.json,1460,25,40,64,36.0522,7.696583572062955e-05,3.028,OPTIMAL
grid_5x5,seed_milpsnap_grid5x5_mid.json,1461,25,40,64,36.0522,7.696583572062952e-05,2.95,OPTIMAL
grid_5x5,seed_milpsnap_grid5x5_mid.json,1462,25,40,61,36.0522,7.696583572062952e-05,3.111,OPTIMAL
grid_5x5,seed_milpsnap_grid5x5_mid.json,1463,25,40,61,36.0522,7.696583572062955e-05,2.467,OPTIMAL
grid_5x5,seed_milpsnap_grid5x5_mid.json,1464,25,40,54,36.0522,7.696583572062955e-05,3.132,OPTIMAL
grid_5x5,seed_milpsnap_grid5x5_mid.json,1465,25,40,53,36.0522,7.696583572082397e-05,2.343,OPTIMAL
grid_5x5,seed_milpsnap_grid5x5_mid.json,1466,25,40,53,36.0522,7.696583572062955e-05,2.312,OPTIMAL
grid_5x5,seed_milpsnap_grid5x5_mid.json,1467,25,40,59,36.0522,7.69658357204351e-05,3.033,OPTIMAL
grid_5x5,seed_milpsnap_grid5x5_mid.json,1468,25,40,60,36.0522,7.696583572062955e-05,2.179,OPTIMAL
grid_5x5,seed_milpsnap_grid5x5_mid.json,1469,25,40,59,36.0522,7.69658357204351e-05,2.83,OPTIMAL
grid_5x5,seed_milpsnap_grid5x5_mid.json,1470,25,40,58,36.0522,7.696583572082397e-05,3.021,OPTIMAL
grid_5x5,seed_milpsnap_grid5x5_mid.json,1471,25,40,60,36.0522,7.696583572062952e-05,2.782,OPTIMAL
grid_5x5,seed_milpsnap_grid5x5_mid.json,1472,25,40,58,36.0522,7.696583572082397e-05,2.896,OPTIMAL
grid_5x5,seed_milpsnap_grid5x5_mid.json,1473,25,40,64,36.0522,7.696583572062955e-05,2.775,OPTIMAL
grid_5x5,seed_milpsnap_grid5x5_mid.json,1474,25,40,65,36.0522,7.696583572062955e-05,3.274,OPTIMAL
grid_5x5,seed_milpsnap_grid5x5_mid.json,1475,25,40,62,36.0522,7.696583572062955e-05,2.66,OPTIMAL
grid_5x5,seed_milpsnap_grid5x5_mid.json,1476,25,40,63,36.0522,7.69658357204351e-05,3.759,OPTIMAL
grid_5x5,seed_milpsnap_grid5x5_mid.json,1477,25,40,64,36.0522,7.69658357204351e-05,3.076,OPTIMAL
grid_5x5,seed_milpsnap_grid5x5_mid.json,1478,25,40,68,36.0522,7.69658357204351e-05,4.545,OPTIMAL
grid_5x5,seed_milpsnap_grid5x5_mid.json,1479,25,40,70,36.0522,7.696583572062955e-05,3.233,OPTIMAL
grid_5x5,seed_milpsnap_grid5x5_mid.json,1480,25,40,73,36.0522,7.696583572062955e-05,4.407,OPTIMAL
grid_5x5,seed_milpsnap_grid5x5_mid.json,1481,25,40,74,36.0522,7.696583572082397e-05,5.156,OPTIMAL
grid_5x5,seed_milpsnap_grid5x5_mid.json,1482,25,40,69,36.0522,7.696583572082397e-05,4.568,OPTIMAL
grid_5x5,seed_milpsnap_grid5x5_mid.json,1483,25,40,68,36.0522,7.696583572082397e-05,5.0,OPTIMAL
grid_5x5,seed_milpsnap_grid5x5_mid.json,1484,25,40,70,36.0522,7.696583572062952e-05,4.581,OPTIMAL
grid_5x5,seed_milpsnap_grid5x5_mid.json,1485,25,40,74,36.0522,7.69658357204351e-05,5.539,OPTIMAL
grid_5x5,seed_milpsnap_grid5x5_mid.json,1486,25,40,70,36.0522,7.69658357204351e-05,4.937,OPTIMAL
grid_5x5,seed_milpsnap_grid5x5_mid.json,1487,25,40,67,36.0522,7.696583572062955e-05,4.573,OPTIMAL
grid_5x5,seed_milpsnap_grid5x5_mid.json,1488,25,40,62,36.0522,7.69658357204351e-05,4.211,OPTIMAL
grid_5x5,seed_milpsnap_grid5x5_mid.json,1489,25,40,60,36.0522,7.696583572062955e-05,4.351,OPTIMAL
grid_5x5,seed_milpsnap_grid5x5_mid.json,1490,25,40,61,36.0522,7.696583572082397e-05,4.219,OPTIMAL
grid_5x5,seed_milpsnap_grid5x5_mid.json,1491,25,40,61,36.0522,7.696583572082397e-05,6.067,OPTIMAL
grid_5x5,seed_milpsnap_grid5x5_mid.json,1492,25,40,66,36.0522,7.696583572062955e-05,4.749,OPTIMAL
grid_5x5,seed_milpsnap_grid5x5_mid.json,1493,25,40,62,36.0522,7.696583572062955e-05,4.746,OPTIMAL
grid_5x5,seed_milpsnap_grid5x5_mid.json,1494,25,40,62,36.0522,7.696583572082397e-05,4.395,OPTIMAL
grid_5x5,seed_milpsnap_grid5x5_mid.json,1495,25,40,61,36.0522,7.696583572082397e-05,4.531,OPTIMAL
grid_5x5,seed_milpsnap_grid5x5_mid.json,1496,25,40,58,36.0522,7.696583572062952e-05,4.246,OPTIMAL
grid_5x5,seed_milpsnap_grid5x5_mid.json,1497,25,40,54,36.0522,7.696583572062955e-05,2.96,OPTIMAL
grid_5x5,seed_milpsnap_grid5x5_mid.json,1498,25,40,52,36.0522,7.696583572062955e-05,1.567,OPTIMAL
grid_5x5,seed_milpsnap_grid5x5_mid.json,1499,25,40,53,36.0522,7.696583572062955e-05,1.481,OPTIMAL
grid_5x5,seed_milpsnap_grid5x5_mid.json,1500,25,40,49,36.0522,7.696583572062955e-05,1.426,OPTIMAL
grid_5x5,seed_milpsnap_grid5x5_mid.json,1501,25,40,53,36.0522,7.696583572062955e-05,1.686,OPTIMAL
grid_5x5,seed_milpsnap_grid5x5_mid.json,1502,25,40,55,36.0522,7.696583572062955e-05,1.703,OPTIMAL
grid_5x5,seed_milpsnap_grid5x5_mid.json,1503,25,40,53,36.0522,7.696583572062955e-05,1.725,OPTIMAL
grid_5x5,seed_milpsnap_grid5x5_mid.json,1504,25,40,54,36.0522,7.696583572062955e-05,1.703,OPTIMAL
grid_5x5,seed_milpsnap_grid5x5_mid.json,1505,25,40,58,36.0522,7.69658357204351e-05,1.906,OPTIMAL
grid_5x5,seed_milpsnap_grid5x5_mid.json,1506,25,40,56,36.0522,7.696583572062955e-05,1.858,OPTIMAL
grid_5x5,seed_milpsnap_grid5x5_mid.json,1507,25,40,53,36.0522,7.696583572082397e-05,2.774,OPTIMAL
grid_5x5,seed_milpsnap_grid5x5_mid.json,1508,25,40,56,36.0522,7.696583572062955e-05,2.419,OPTIMAL
grid_5x5,seed_milpsnap_grid5x5_mid.json,1509,25,40,55,36.0522,7.696583572062955e-05,3.878,OPTIMAL
