topo,seed_file,batch,n_switches,n_links,n_flows,energy_saving_percent,mip_gap,solve_time_sec,status
grid_3x3,seed_milpsnap_grid3x3_mid.json,1,9,12,1,66.694,0.0,0.103,OPTIMAL
grid_3x3,seed_milpsnap_grid3x3_mid.json,2,9,12,3,33.3744,0.0,0.017,OPTIMAL
grid_3x3,seed_milpsnap_grid3x3_mid.json,3,9,12,4,33.3744,0.0,0.018,OPTIMAL
grid_3x3,seed_milpsnap_grid3x3_mid.json,4,9,12,5,22.2678,0.0,0.016,OPTIMAL
grid_3x3,seed_milpsnap_grid3x3_mid.json,5,9,12,6,22.2678,0.0,0.023,OPTIMAL
grid_3x3,seed_milpsnap_grid3x3_mid.json,6,9,12,7,22.2678,0.0,0.023,OPTIMAL
grid_3x3,seed_milpsnap_grid3x3_mid.json,7,9,12,8,11.1613,0.0,0.048,OPTIMAL
grid_3x3,seed_milpsnap_grid3x3_mid.json,8,9,12,9,11.1613,0.0,0.047,OPTIMAL
grid_3x3,seed_milpsnap_grid3x3_mid.json,9,9,12,10,11.1613,6.841934214796302e-05,0.051,OPTIMAL
grid_3x3,seed_milpsnap_grid3x3_mid.json,10,9,12,11,11.1613,0.0,0.058,OPTIMAL
grid_3x3,seed_milpsnap_grid3x3_mid.json,11,9,12,11,11.1613,0.0,0.05,OPTIMAL
grid_3x3,seed_milpsnap_grid3x3_mid.json,12,9,12,13,11.1613,0.0,0.054,OPTIMAL
grid_3x3,seed_milpsnap_grid3x3_mid.json,13,9,12,12,11.1613,0.0,0.047,OPTIMAL
grid_3x3,seed_milpsnap_grid3x3_mid.json,14,9,12,14,11.1613,6.841934214796302e-05,0.079,OPTIMAL
grid_3x3,seed_milpsnap_grid3x3_mid.json,15,9,12,16,11.1613,0.0,0.075,OPTIMAL
grid_3x3,seed_milpsnap_grid3x3_mid.json,16,9,12,15,11.1613,0.0,0.085,OPTIMAL
grid_3x3,seed_milpsnap_grid3x3_mid.json,17,9,12,14,11.1613,0.0,0.071,OPTIMAL
grid_3x3,seed_milpsnap_grid3x3_mid.json,18,9,12,13,11.1613,0.0,0.059,OPTIMAL
grid_3x3,seed_milpsnap_grid3x3_mid.json,19,9,12,13,22.2678,0.0,0.04,OPTIMAL
grid_3x3,seed_milpsnap_grid3x3_mid.json,20,9,12,13,11.1613,6.841934214796302e-05,0.047,OPTIMAL
grid_3x3,seed_milpsnap_grid3x3_mid.json,21,9,12,12,11.1613,0.0,0.046,OPTIMAL
grid_3x3,seed_milpsnap_grid3x3_mid.json,22,9,12,12,11.1613,6.841934214796302e-05,0.094,OPTIMAL
grid_3x3,seed_milpsnap_grid3x3_mid.json,23,9,12,12,11.1613,0.0,0.064,OPTIMAL
grid_3x3,seed_milpsnap_grid3x3_mid.json,24,9,12,12,11.1613,6.841934214796302e-05,0.059,OPTIMAL
grid_3x3,seed_milpsnap_grid3x3_mid.json,25,9,12,13,11.1613,0.0,0.061,OPTIMAL
grid_3x3,seed_milpsnap_grid3x3_mid.json,26,9,12,12,11.1613,0.0,0.051,OPTIMAL
grid_3x3,seed_milpsnap_grid3x3_mid.json,27,9,12,10,11.1613,6.841934214796302e-05,0.045,OPTIMAL
grid_3x3,seed_milpsnap_grid3x3_mid.json,28,9,12,7,11.1613,6.841934214796302e-05,0.032,OPTIMAL
grid_3x3,seed_milpsnap_grid3x3_mid.json,29,9,12,9,11.1613,0.0,0.036,OPTIMAL
grid_3x3,seed_milpsnap_grid3x3_mid.json,30,9,12,10,11.1613,0.0,0.039,OPTIMAL
grid_3x3,seed_milpsnap_grid3x3_mid.json,31,9,12,10,11.1613,0.0,0.043,OPTIMAL
grid_3x3,seed_milpsnap_grid3x3_mid.json,32,9,12,9,11.1613,0.0,0.033,OPTIMAL
grid_3x3,seed_milpsnap_grid3x3_mid.json,33,9,12,10,11.1613,0.0,0.072,OPTIMAL
grid_3x3,seed_milpsnap_grid3x3_mid.json,34,9,12,10,11.1613,0.0,0.043,OPTIMAL
grid_3x3,seed_milpsnap_grid3x3_mid.json,35,9,12,10,11.1613,0.0,0.04,OPTIMAL
grid_3x3,seed_milpsnap_grid3x3_mid.json,36,9,12,9,11.1613,0.0,0.037,OPTIMAL
grid_3x3,seed_milpsnap_grid3x3_mid.json,37,9,12,9,11.1613,0.0,0.031,OPTIMAL
grid_3x3,seed_milpsnap_grid3x3_mid.json,38,9,12,11,11.1613,0.0,0.042,OPTIMAL
grid_3x3,seed_milpsnap_grid3x3_mid.json,39,9,12,13,11.1613,0.0,0.054,OPTIMAL
grid_3x3,seed_milpsnap_grid3x3_mid.json,40,9,12,11,11.1613,0.0,0.043,OPTIMAL
grid_3x3,seed_milpsnap_grid3x3_mid.json,41,9,12,12,11.1613,0.0,0.043,OPTIMAL
grid_3x3,seed_milpsnap_grid3x3_mid.json,42,9,12,11,11.1613,0.0,0.046,OPTIMAL
grid_3x3,seed_milpsnap_grid3x3_mid.json,43,9,12,12,11.1613,0.0,0.045,OPTIMAL
grid_3x3,seed_milpsnap_grid3x3_mid.json,44,9,12,14,11.1613,0.0,0.085,OPTIMAL
grid_3x3,seed_milpsnap_grid3x3_mid.json,45,9,12,18,11.1613,0.0,0.081,OPTIMAL
grid_3x3,seed_milpsnap_grid3x3_mid.json,46,9,12,18,11.1613,0.0,0.081,OPTIMAL
grid_3x3,seed_milpsnap_grid3x3_mid.json,47,9,12,20,11.1613,0.0,0.083,OPTIMAL
grid_3x3,seed_milpsnap_grid3x3_mid.json,48,9,12,20,11.1613,6.841934214796302e-05,0.072,OPTIMAL
grid_3x3,seed_milpsnap_grid3x3_mid.json,49,9,12,19,11.1613,6.841934214796302e-05,0.07,OPTIMAL
grid_3x3,seed_milpsnap_grid3x3_mid.json,50,9,12,19,11.1613,0.0,0.124,OPTIMAL
grid_3x3,seed_milpsnap_grid3x3_mid.json,51,9,12,21,11.1613,0.0,0.079,OPTIMAL
grid_3x3,seed_milpsnap_grid3x3_mid.json,52,9,12,20,11.1613,6.841934214796302e-05,0.071,OPTIMAL
grid_3x3,seed_milpsnap_grid3x3_mid.json,53,9,12,21,11.1613,0.0,0.076,OPTIMAL
grid_3x3,seed_milpsnap_grid3x3_mid.json,54,9,12,23,11.1613,0.0,0.096,OPTIMAL
grid_3x3,seed_milpsnap_grid3x3_mid.json,55,9,12,24,11.1613,6.841934214796302e-05,0.288,OPTIMAL
grid_3x3,seed_milpsnap_grid3x3_mid.json,56,9,12,23,11.1613,0.0,0.087,OPTIMAL
grid_3x3,seed_milpsnap_grid3x3_mid.json,57,9,12,23,11.1613,0.0,0.093,OPTIMAL
grid_3x3,seed_milpsnap_grid3x3_mid.json,58,9,12,21,11.1613,0.0,0.09,OPTIMAL
grid_3x3,seed_milpsnap_grid3x3_mid.json,59,9,12,21,11.1613,0.0,0.079,OPTIMAL
grid_3x3,seed_milpsnap_grid3x3_mid.json,60,9,12,19,11.1613,0.0,0.119,OPTIMAL
grid_3x3,seed_milpsnap_grid3x3_mid.json,61,9,12,19,11.1613,6.841934214796302e-05,0.074,OPTIMAL
grid_3x3,seed_milpsnap_grid3x3_mid.json,62,9,12,21,11.1613,0.0,0.079,OPTIMAL
grid_3x3,seed_milpsnap_grid3x3_mid.json,63,9,12,17,11.1613,6.841934214796302e-05,0.069,OPTIMAL
grid_3x3,seed_milpsnap_grid3x3_mid.json,64,9,12,18,11.1613,0.0,0.068,OPTIMAL
grid_3x3,seed_milpsnap_grid3x3_mid.json,65,9,12,17,11.1613,0.0,0.062,OPTIMAL
grid_3x3,seed_milpsnap_grid3x3_mid.json,66,9,12,16,11.1613,0.0,0.063,OPTIMAL
grid_3x3,seed_milpsnap_grid3x3_mid.json,67,9,12,13,11.1613,0.0,0.055,OPTIMAL
grid_3x3,seed_milpsnap_grid3x3_mid.json,68,9,12,12,11.1613,0.0,0.063,OPTIMAL
grid_3x3,seed_milpsnap_grid3x3_mid.json,69,9,12,10,11.1613,6.841934214796302e-05,0.037,OPTIMAL
grid_3x3,seed_milpsnap_grid3x3_mid.json,70,9,12,7,22.2678,0.0,0.021,OPTIMAL
grid_3x3,seed_milpsnap_grid3x3_mid.json,71,9,12,8,11.1613,0.0,0.033,OPTIMAL
grid_3x3,seed_milpsnap_grid3x3_mid.json,72,9,12,8,11.1613,0.0,0.038,OPTIMAL
grid_3x3,seed_milpsnap_grid3x3_mid.json,73,9,12,12,11.1613,0.0,0.049,OPTIMAL
grid_3x3,seed_milpsnap_grid3x3_mid.json,74,9,12,11,22.2678,0.0,0.031,OPTIMAL
grid_3x3,seed_milpsnap_grid3x3_mid.json,75,9,12,8,22.2678,0.0,0.028,OPTIMAL
grid_3x3,seed_milpsnap_grid3x3_mid.json,76,9,12,9,22.2678,0.0,0.025,OPTIMAL
grid_3x3,seed_milpsnap_grid3x3_mid.json,77,9,12,8,22.2678,0.0,0.029,OPTIMAL
grid_3x3,seed_milpsnap_grid3x3_mid.json,78,9,12,11,11.1613,0.0,0.051,OPTIMAL
grid_3x3,seed_milpsnap_grid3x3_mid.json,79,9,12,15,11.1613,0.0,0.059,OPTIMAL
grid_3x3,seed_milpsnap_grid3x3_mid.json,80,9,12,16,11.1613,6.841934214796302e-05,0.075,OPTIMAL
grid_3x3,seed_milpsnap_grid3x3_mid.json,81,9,12,15,11.1613,0.0,0.088,OPTIMAL
grid_3x3,seed_milpsnap_grid3x3_mid.json,82,9,12,15,11.1613,0.0,0.063,OPTIMAL
grid_3x3,seed_milpsnap_grid3x3_mid.json,83,9,12,11,22.2678,0.0,0.042,OPTIMAL
grid_3x3,seed_milpsnap_grid3x3_mid.json,84,9,12,13,11.1613,6.841934214796302e-05,0.046,OPTIMAL
grid_3x3,seed_milpsnap_grid3x3_mid.json,85,9,12,15,11.1613,0.0,0.067,OPTIMAL
grid_3x3,seed_milpsnap_grid3x3_mid.json,86,9,12,17,11.1613,0.0,0.064,OPTIMAL
grid_3x3,seed_milpsnap_grid3x3_mid.json,87,9,12,19,11.1613,6.841934214796302e-05,0.068,OPTIMAL
grid_3x3,seed_milpsnap_grid3x3_mid.json,88,9,12,23,11.1613,0.0,0.127,OPTIMAL
grid_3x3,seed_milpsnap_grid3x3_mid.json,89,9,12,24,11.1613,0.0,0.098,OPTIMAL
grid_3x3,seed_milpsnap_grid3x3_mid.json,90,9,12,22,11.1613,0.0,0.096,OPTIMAL
grid_3x3,seed_milpsnap_grid3x3_mid.json,91,9,12,18,11.1613,0.0,0.065,OPTIMAL
grid_3x3,seed_milpsnap_grid3x3_mid.json,92,9,12,17,11.1613,0.0,0.06,OPTIMAL
grid_3x3,seed_milpsnap_grid3x3_mid.json,93,9,12,21,11.1613,0.0,0.085,OPTIMAL
grid_3x3,seed_milpsnap_grid3x3_mid.json,94,9,12,22,11.1613,0.0,0.149,OPTIMAL
grid_3x3,seed_milpsnap_grid3x3_mid.json,95,9,12,24,11.1613,0.0,0.129,OPTIMAL
grid_3x3,seed_milpsnap_grid3x3_mid.json,96,9,12,25,11.1613,6.841934214796302e-05,0.099,OPTIMAL
grid_3x3,seed_milpsnap_grid3x3_mid.json,97,9,12,23,11.1613,0.0,0.087,OPTIMAL
grid_3x3,seed_milpsnap_grid3x3_mid.json,98,9,12,21,11.1613,6.841934214796302e-05,0.084,OPTIMAL
grid_3x3,seed_milpsnap_grid3x3_mid.json,99,9,12,19,11.1613,0.0,0.116,OPTIMAL
grid_3x3,seed_milpsnap_grid3x3_mid.json,100,9,12,16,11.1613,0.0,0.074,OPTIMAL
grid_3x3,seed_milpsnap_grid3x3_mid.json,101,9,12,12,11.1613,6.841934214796302e-05,0.051,OPTIMAL
grid_3x3,seed_milpsnap_grid3x3_mid.json,102,9,12,13,11.1613,0.0,0.053,OPTIMAL
grid_3x3,seed_milpsnap_grid3x3_mid.json,103,9,12,13,11.1613,0.0,0.055,OPTIMAL
grid_3x3,seed_milpsnap_grid3x3_mid.json,104,9,12,15,11.1613,0.0,0.06,OPTIMAL
grid_3x3,seed_milpsnap_grid3x3_mid.json,105,9,12,16,11.1613,0.0,0.069,OPTIMAL
grid_3x3,seed_milpsnap_grid3x3_mid.json,106,9,12,12,11.1613,0.0,0.049,OPTIMAL
grid_3x3,seed_milpsnap_grid3x3_mid.json,107,9,12,11,11.1613,0.0,0.045,OPTIMAL
grid_3x3,seed_milpsnap_grid3x3_mid.json,108,9,12,8,22.2678,0.0,0.04,OPTIMAL
grid_3x3,seed_milpsnap_grid3x3_mid.json,109,9,12,9,22.2678,0.0,0.081,OPTIMAL
grid_3x3,seed_milpsnap_grid3x3_mid.json,110,9,12,12,11.1613,0.0,0.06,OPTIMAL
grid_3x3,seed_milpsnap_grid3x3_mid.json,111,9,12,14,11.1613,0.0,0.058,OPTIMAL
grid_3x3,seed_milpsnap_grid3x3_mid.json,112,9,12,15,11.1613,0.0,0.056,OPTIMAL
grid_3x3,seed_milpsnap_grid3x3_mid.json,113,9,12,14,11.1613,0.0,0.052,OPTIMAL
grid_3x3,seed_milpsnap_grid3x3_mid.json,114,9,12,13,11.1613,0.0,0.05,OPTIMAL
grid_3x3,seed_milpsnap_grid3x3_mid.json,115,9,12,13,11.1613,0.0,0.056,OPTIMAL
grid_3x3,seed_milpsnap_grid3x3_mid.json,116,9,12,13,11.1613,6.841934214796302e-05,0.053,OPTIMAL
grid_3x3,seed_milpsnap_grid3x3_mid.json,117,9,12,14,11.1613,6.841934214796302e-05,0.066,OPTIMAL
grid_3x3,seed_milpsnap_grid3x3_mid.json,118,9,12,12,11.1613,6.841934214796302e-05,0.069,OPTIMAL
grid_3x3,seed_milpsnap_grid3x3_mid.json,119,9,12,14,11.1613,0.0,0.049,OPTIMAL
grid_3x3,seed_milpsnap_grid3x3_mid.json,120,9,12,1,66.694,0.0,0.008,OPTIMAL
grid_3x3,seed_milpsnap_grid3x3_mid.json,121,9,12,2,55.5875,0.0,0.008,OPTIMAL
grid_3x3,seed_milpsnap_grid3x3_mid.json,122,9,12,4,33.3744,0.0,0.019,OPTIMAL
grid_3x3,seed_milpsnap_grid3x3_mid.json,123,9,12,6,22.2678,0.0,0.021,OPTIMAL
grid_3x3,seed_milpsnap_grid3x3_mid.json,124,9,12,10,11.1613,0.0,0.045,OPTIMAL
grid_3x3,seed_milpsnap_grid3x3_mid.json,125,9,12,12,11.1613,0.0,0.048,OPTIMAL
grid_3x3,seed_milpsnap_grid3x3_mid.json,126,9,12,13,11.1613,0.0,0.062,OPTIMAL
grid_3x3,seed_milpsnap_grid3x3_mid.json,127,9,12,14,11.1613,0.0,0.062,OPTIMAL
grid_3x3,seed_milpsnap_grid3x3_mid.json,128,9,12,15,11.1613,0.0,0.054,OPTIMAL
grid_3x3,seed_milpsnap_grid3x3_mid.json,129,9,12,16,11.1613,0.0,0.117,OPTIMAL
grid_3x3,seed_milpsnap_grid3x3_mid.json,130,9,12,17,11.1613,0.0,0.072,OPTIMAL
grid_3x3,seed_milpsnap_grid3x3_mid.json,131,9,12,16,11.1613,0.0,0.062,OPTIMAL
grid_3x3,seed_milpsnap_grid3x3_mid.json,132,9,12,17,11.1613,0.0,0.064,OPTIMAL
grid_3x3,seed_milpsnap_grid3x3_mid.json,133,9,12,19,11.1613,0.0,0.077,OPTIMAL
grid_3x3,seed_milpsnap_grid3x3_mid.json,134,9,12,17,11.1613,0.0,0.067,OPTIMAL
grid_3x3,seed_milpsnap_grid3x3_mid.json,135,9,12,16,11.1613,0.0,0.072,OPTIMAL
grid_3x3,seed_milpsnap_grid3x3_mid.json,136,9,12,12,22.2678,0.0,0.052,OPTIMAL
grid_3x3,seed_milpsnap_grid3x3_mid.json,137,9,12,14,11.1613,0.0,0.091,OPTIMAL
grid_3x3,seed_milpsnap_grid3x3_mid.json,138,9,12,14,11.1613,0.0,0.049,OPTIMAL
grid_3x3,seed_milpsnap_grid3x3_mid.json,139,9,12,13,11.1613,0.0,0.057,OPTIMAL
grid_3x3,seed_milpsnap_grid3x3_mid.json,140,9,12,13,11.1613,0.0,0.052,OPTIMAL
grid_3x3,seed_milpsnap_grid3x3_mid.json,141,9,12,13,11.1613,0.0,0.05,OPTIMAL
grid_3x3,seed_milpsnap_grid3x3_mid.json,142,9,12,12,11.1613,0.0,0.042,OPTIMAL
grid_3x3,seed_milpsnap_grid3x3_mid.json,143,9,12,13,11.1613,0.0,0.046,OPTIMAL
grid_3x3,seed_milpsnap_grid3x3_mid.json,144,9,12,12,11.1613,0.0,0.043,OPTIMAL
grid_3x3,seed_milpsnap_grid3x3_mid.json,145,9,12,12,11.1613,0.0,0.047,OPTIMAL
grid_3x3,seed_milpsnap_grid3x3_mid.json,146,9,12,13,11.1613,0.0,0.053,OPTIMAL
grid_3x3,seed_milpsnap_grid3x3_mid.json,147,9,12,14,11.1613,6.841934214796302e-05,0.087,OPTIMAL
grid_3x3,seed_milpsnap_grid3x3_mid.json,148,9,12,13,11.1613,0.0,0.044,OPTIMAL
grid_3x3,seed_milpsnap_grid3x3_mid.json,149,9,12,14,11.1613,0.0,0.055,OPTIMAL
grid_3x3,seed_milpsnap_grid3x3_mid.json,150,9,12,13,11.1613,0.0,0.051,OPTIMAL
grid_3x3,seed_milpsnap_grid3x3_mid.json,151,9,12,16,11.1613,0.0,0.056,OPTIMAL
grid_3x3,seed_milpsnap_grid3x3_mid.json,152,9,12,19,11.1613,0.0,0.068,OPTIMAL
grid_3x3,seed_milpsnap_grid3x3_mid.json,153,9,12,21,11.1613,0.0,0.082,OPTIMAL
grid_3x3,seed_milpsnap_grid3x3_mid.json,154,9,12,23,11.1613,0.0,0.132,OPTIMAL
grid_3x3,seed_milpsnap_grid3x3_mid.json,155,9,12,26,11.1613,0.0,0.101,OPTIMAL
grid_3x3,seed_milpsnap_grid3x3_mid.json,156,9,12,26,11.1613,0.0,0.111,OPTIMAL
grid_3x3,seed_milpsnap_grid3x3_mid.json,157,9,12,25,11.1613,0.0,0.1,OPTIMAL
grid_3x3,seed_milpsnap_grid3x3_mid.json,158,9,12,26,11.1613,0.0,0.1,OPTIMAL
grid_3x3,seed_milpsnap_grid3x3_mid.json,159,9,12,27,11.1613,0.0,0.144,OPTIMAL
grid_3x3,seed_milpsnap_grid3x3_mid.json,160,9,12,28,11.1613,0.0,0.11,OPTIMAL
grid_3x3,seed_milpsnap_grid3x3_mid.json,161,9,12,25,11.1613,0.0,0.098,OPTIMAL
grid_3x3,seed_milpsnap_grid3x3_mid.json,162,9,12,24,11.1613,0.0,0.104,OPTIMAL
grid_3x3,seed_milpsnap_grid3x3_mid.json,163,9,12,25,11.1613,0.0,0.098,OPTIMAL
grid_3x3,seed_milpsnap_grid3x3_mid.json,164,9,12,24,11.1613,6.841934214796302e-05,0.127,OPTIMAL
grid_3x3,seed_milpsnap_grid3x3_mid.json,165,9,12,19,11.1613,0.0,0.071,OPTIMAL
grid_3x3,seed_milpsnap_grid3x3_mid.json,166,9,12,17,11.1613,0.0,0.073,OPTIMAL
grid_3x3,seed_milpsnap_grid3x3_mid.json,167,9,12,15,11.1613,0.0,0.064,OPTIMAL
grid_3x3,seed_milpsnap_grid3x3_mid.json,168,9,12,14,11.1613,0.0,0.057,OPTIMAL
grid_3x3,seed_milpsnap_grid3x3_mid.json,169,9,12,13,11.1613,0.0,0.05,OPTIMAL
grid_3x3,seed_milpsnap_grid3x3_mid.json,170,9,12,12,22.2678,0.0,0.045,OPTIMAL
grid_3x3,seed_milpsnap_grid3x3_mid.json,171,9,12,13,11.1613,0.0,0.071,OPTIMAL
grid_3x3,seed_milpsnap_grid3x3_mid.json,172,9,12,14,11.1613,0.0,0.07,OPTIMAL
grid_3x3,seed_milpsnap_grid3x3_mid.json,173,9,12,14,11.1613,0.0,0.056,OPTIMAL
grid_3x3,seed_milpsnap_grid3x3_mid.json,174,9,12,14,11.1613,0.0,0.055,OPTIMAL
grid_3x3,seed_milpsnap_grid3x3_mid.json,175,9,12,16,11.1613,0.0,0.068,OPTIMAL
grid_3x3,seed_milpsnap_grid3x3_mid.json,176,9,12,18,11.1613,0.0,0.078,OPTIMAL
grid_3x3,seed_milpsnap_grid3x3_mid.json,177,9,12,18,11.1613,0.0,0.069,OPTIMAL
grid_3x3,seed_milpsnap_grid3x3_mid.json,178,9,12,19,11.1613,0.0,0.076,OPTIMAL
grid_3x3,seed_milpsnap_grid3x3_mid.json,179,9,12,19,11.1613,0.0,0.082,OPTIMAL
grid_3x3,seed_milpsnap_grid3x3_mid.json,180,9,12,18,11.1613,0.0,0.088,OPTIMAL
grid_3x3,seed_milpsnap_grid3x3_mid.json,181,9,12,17,11.1613,6.841934214796302e-05,0.065,OPTIMAL
grid_3x3,seed_milpsnap_grid3x3_mid.json,182,9,12,17,11.1613,0.0,0.066,OPTIMAL
grid_3x3,seed_milpsnap_grid3x3_mid.json,183,9,12,18,11.1613,0.0,0.065,OPTIMAL
grid_3x3,seed_milpsnap_grid3x3_mid.json,184,9,12,17,11.1613,0.0,0.068,OPTIMAL
grid_3x3,seed_milpsnap_grid3x3_mid.json,185,9,12,17,11.1613,6.841934214796302e-05,0.061,OPTIMAL
grid_3x3,seed_milpsnap_grid3x3_mid.json,186,9,12,19,11.1613,0.0,0.075,OPTIMAL
grid_3x3,seed_milpsnap_grid3x3_mid.json,187,9,12,18,11.1613,0.0,0.094,OPTIMAL
grid_3x3,seed_milpsnap_grid3x3_mid.json,188,9,12,17,11.1613,0.0,0.06,OPTIMAL
grid_3x3,seed_milpsnap_grid3x3_mid.json,189,9,12,15,11.1613,0.0,0.057,OPTIMAL
grid_3x3,seed_milpsnap_grid3x3_mid.json,190,9,12,14,11.1613,0.0,0.056,OPTIMAL
grid_3x3,seed_milpsnap_grid3x3_mid.json,191,9,12,15,11.1613,0.0,0.057,OPTIMAL
grid_3x3,seed_milpsnap_grid3x3_mid.json,192,9,12,17,11.1613,0.0,0.07,OPTIMAL
grid_3x3,seed_milpsnap_grid3x3_mid.json,193,9,12,20,11.1613,0.0,0.076,OPTIMAL
grid_3x3,seed_milpsnap_grid3x3_mid.json,194,9,12,19,11.1613,0.0,0.117,OPTIMAL
grid_3x3,seed_milpsnap_grid3x3_mid.json,195,9,12,18,11.1613,0.0,0.076,OPTIMAL
grid_3x3,seed_milpsnap_grid3x3_mid.json,196,9,12,16,11.1613,0.0,0.065,OPTIMAL
grid_3x3,seed_milpsnap_grid3x3_mid.json,197,9,12,17,11.1613,0.0,0.067,OPTIMAL
grid_3x3,seed_milpsnap_grid3x3_mid.json,198,9,12,16,11.1613,0.0,0.061,OPTIMAL
grid_3x3,seed_milpsnap_grid3x3_mid.json,199,9,12,13,11.1613,6.841934214796302e-05,0.059,OPTIMAL
grid_3x3,seed_milpsnap_grid3x3_mid.json,200,9,12,15,11.1613,0.0,0.062,OPTIMAL
grid_3x3,seed_milpsnap_grid3x3_mid.json,201,9,12,15,11.1613,0.0,0.056,OPTIMAL
grid_3x3,seed_milpsnap_grid3x3_mid.json,202,9,12,17,11.1613,0.0,0.099,OPTIMAL
grid_3x3,seed_milpsnap_grid3x3_mid.json,203,9,12,18,11.1613,0.0,0.068,OPTIMAL
grid_3x3,seed_milpsnap_grid3x3_mid.json,204,9,12,17,11.1613,0.0,0.068,OPTIMAL
grid_3x3,seed_milpsnap_grid3x3_mid.json,205,9,12,15,11.1613,0.0,0.056,OPTIMAL
grid_3x3,seed_milpsnap_grid3x3_mid.json,206,9,12,13,11.1613,6.841934214796302e-05,0.051,OPTIMAL
grid_3x3,seed_milpsnap_grid3x3_mid.json,207,9,12,14,11.1613,0.0,0.053,OPTIMAL
grid_3x3,seed_milpsnap_grid3x3_mid.json,208,9,12,13,11.1613,0.0,0.056,OPTIMAL
grid_3x3,seed_milpsnap_grid3x3_mid.json,209,9,12,16,11.1613,0.0,0.06,OPTIMAL
grid_3x3,seed_milpsnap_grid3x3_mid.json,210,9,12,16,11.1613,0.0,0.095,OPTIMAL
grid_3x3,seed_milpsnap_grid3x3_mid.json,211,9,12,15,11.1613,6.841934214796302e-05,0.062,OPTIMAL
grid_3x3,seed_milpsnap_grid3x3_mid.json,212,9,12,14,11.1613,6.841934214796302e-05,0.054,OPTIMAL
grid_3x3,seed_milpsnap_grid3x3_mid.json,213,9,12,16,11.1613,6.841934214796302e-05,0.069,OPTIMAL
grid_3x3,seed_milpsnap_grid3x3_mid.json,214,9,12,18,11.1613,0.0,0.068,OPTIMAL
grid_3x3,seed_milpsnap_grid3x3_mid.json,215,9,12,17,11.1613,0.0,0.066,OPTIMAL
grid_3x3,seed_milpsnap_grid3x3_mid.json,216,9,12,16,11.1613,0.0,0.063,OPTIMAL
grid_3x3,seed_milpsnap_grid3x3_mid.json,217,9,12,17,11.1613,0.0,0.069,OPTIMAL
grid_3x3,seed_milpsnap_grid3x3_mid.json,218,9,12,16,11.1613,0.0,0.105,OPTIMAL
grid_3x3,seed_milpsnap_grid3x3_mid.json,219,9,12,16,11.1613,6.841934214796302e-05,0.068,OPTIMAL
grid_3x3,seed_milpsnap_grid3x3_mid.json,220,9,12,15,11.1613,0.0,0.056,OPTIMAL
grid_3x3,seed_milpsnap_grid3x3_mid.json,221,9,12,16,11.1613,0.0,0.064,OPTIMAL
grid_3x3,seed_milpsnap_grid3x3_mid.json,222,9,12,14,11.1613,0.0,0.052,OPTIMAL
grid_3x3,seed_milpsnap_grid3x3_mid.json,223,9,12,12,11.1613,0.0,0.047,OPTIMAL
grid_3x3,seed_milpsnap_grid3x3_mid.json,224,9,12,14,11.1613,0.0,0.052,OPTIMAL
grid_3x3,seed_milpsnap_grid3x3_mid.json,225,9,12,15,11.1613,0.0,0.057,OPTIMAL
grid_3x3,seed_milpsnap_grid3x3_mid.json,226,9,12,13,11.1613,0.0,0.045,OPTIMAL
grid_3x3,seed_milpsnap_grid3x3_mid.json,227,9,12,10,11.1613,0.0,0.05,OPTIMAL
grid_3x3,seed_milpsnap_grid3x3_mid.json,228,9,12,9,11.1613,0.0,0.056,OPTIMAL
grid_3x3,seed_milpsnap_grid3x3_mid.json,229,9,12,8,22.2678,0.0,0.024,OPTIMAL
grid_3x3,seed_milpsnap_grid3x3_mid.json,230,9,12,9,22.2678,0.0,0.028,OPTIMAL
grid_3x3,seed_milpsnap_grid3x3_mid.json,231,9,12,9,22.2678,0.0,0.026,OPTIMAL
grid_3x3,seed_milpsnap_grid3x3_mid.json,232,9,12,10,22.2678,0.0,0.031,OPTIMAL
grid_3x3,seed_milpsnap_grid3x3_mid.json,233,9,12,9,22.2678,0.0,0.033,OPTIMAL
grid_3x3,seed_milpsnap_grid3x3_mid.json,234,9,12,11,22.2678,0.0,0.033,OPTIMAL
grid_3x3,seed_milpsnap_grid3x3_mid.json,235,9,12,12,22.2678,0.0,0.036,OPTIMAL
grid_3x3,seed_milpsnap_grid3x3_mid.json,236,9,12,11,22.2678,0.0,0.034,OPTIMAL
grid_3x3,seed_milpsnap_grid3x3_mid.json,237,9,12,11,11.1613,0.0,0.042,OPTIMAL
grid_3x3,seed_milpsnap_grid3x3_mid.json,238,9,12,15,11.1613,0.0,0.053,OPTIMAL
grid_3x3,seed_milpsnap_grid3x3_mid.json,239,9,12,14,11.1613,0.0,0.051,OPTIMAL
grid_3x3,seed_milpsnap_grid3x3_mid.json,240,9,12,14,11.1613,6.841934214796302e-05,0.093,OPTIMAL
grid_3x3,seed_milpsnap_grid3x3_mid.json,241,9,12,15,11.1613,0.0,0.059,OPTIMAL
grid_3x3,seed_milpsnap_grid3x3_mid.json,242,9,12,16,11.1613,0.0,0.064,OPTIMAL
grid_3x3,seed_milpsnap_grid3x3_mid.json,243,9,12,15,11.1613,0.0,0.063,OPTIMAL
grid_3x3,seed_milpsnap_grid3x3_mid.json,244,9,12,17,11.1613,0.0,0.07,OPTIMAL
grid_3x3,seed_milpsnap_grid3x3_mid.json,245,9,12,19,11.1613,0.0,0.077,OPTIMAL
grid_3x3,seed_milpsnap_grid3x3_mid.json,246,9,12,18,11.1613,0.0,0.072,OPTIMAL
grid_3x3,seed_milpsnap_grid3x3_mid.json,247,9,12,19,11.1613,0.0,0.115,OPTIMAL
grid_3x3,seed_milpsnap_grid3x3_mid.json,248,9,12,20,11.1613,0.0,0.079,OPTIMAL
grid_3x3,seed_milpsnap_grid3x3_mid.json,249,9,12,21,11.1613,0.0,0.086,OPTIMAL
grid_3x3,seed_milpsnap_grid3x3_mid.json,250,9,12,20,11.1613,0.0,0.08,OPTIMAL
grid_3x3,seed_milpsnap_grid3x3_mid.json,251,9,12,23,11.1613,6.841934214796302e-05,0.089,OPTIMAL
grid_3x3,seed_milpsnap_grid3x3_mid.json,252,9,12,1,55.5875,0.0,0.006,OPTIMAL
grid_3x3,seed_milpsnap_grid3x3_mid.json,253,9,12,2,44.4809,0.0,0.008,OPTIMAL
grid_3x3,seed_milpsnap_grid3x3_mid.json,254,9,12,3,22.2678,7.819525354814963e-05,0.019,OPTIMAL
grid_3x3,seed_milpsnap_grid3x3_mid.json,255,9,12,4,22.2678,0.0,0.023,OPTIMAL
grid_3x3,seed_milpsnap_grid3x3_mid.json,256,9,12,5,22.2678,0.0,0.028,OPTIMAL
grid_3x3,seed_milpsnap_grid3x3_mid.json,257,9,12,6,22.2678,0.0,0.032,OPTIMAL
grid_3x3,seed_milpsnap_grid3x3_mid.json,258,9,12,9,22.2678,0.0,0.045,OPTIMAL
grid_3x3,seed_milpsnap_grid3x3_mid.json,259,9,12,12,11.1613,0.0,0.068,OPTIMAL
grid_3x3,seed_milpsnap_grid3x3_mid.json,260,9,12,13,11.1613,0.0,0.053,OPTIMAL
grid_3x3,seed_milpsnap_grid3x3_mid.json,261,9,12,16,11.1613,0.0,0.06,OPTIMAL
grid_3x3,seed_milpsnap_grid3x3_mid.json,262,9,12,16,11.1613,0.0,0.068,OPTIMAL
grid_3x3,seed_milpsnap_grid3x3_mid.json,263,9,12,17,11.1613,6.841934214796302e-05,0.07,OPTIMAL
grid_3x3,seed_milpsnap_grid3x3_mid.json,264,9,12,17,11.1613,0.0,0.065,OPTIMAL
grid_3x3,seed_milpsnap_grid3x3_mid.json,265,9,12,17,11.1613,0.0,0.07,OPTIMAL
grid_3x3,seed_milpsnap_grid3x3_mid.json,266,9,12,18,11.1613,0.0,0.124,OPTIMAL
grid_3x3,seed_milpsnap_grid3x3_mid.json,267,9,12,17,11.1613,0.0,0.078,OPTIMAL
grid_3x3,seed_milpsnap_grid3x3_mid.json,268,9,12,18,11.1613,6.841934214796302e-05,0.275,OPTIMAL
grid_3x3,seed_milpsnap_grid3x3_mid.json,269,9,12,19,11.1613,0.0,0.116,OPTIMAL
grid_3x3,seed_milpsnap_grid3x3_mid.json,270,9,12,18,11.1613,0.0,0.189,OPTIMAL
grid_3x3,seed_milpsnap_grid3x3_mid.json,271,9,12,20,11.1613,6.841934214796302e-05,0.091,OPTIMAL
grid_3x3,seed_milpsnap_grid3x3_mid.json,272,9,12,17,11.1613,0.0,0.071,OPTIMAL
grid_3x3,seed_milpsnap_grid3x3_mid.json,273,9,12,17,11.1613,0.0,0.074,OPTIMAL
grid_3x3,seed_milpsnap_grid3x3_mid.json,274,9,12,14,11.1613,0.0,0.059,OPTIMAL
grid_3x3,seed_milpsnap_grid3x3_mid.json,275,9,12,16,11.1613,0.0,0.079,OPTIMAL
grid_3x3,seed_milpsnap_grid3x3_mid.json,276,9,12,16,11.1613,0.0,0.09,OPTIMAL
grid_3x3,seed_milpsnap_grid3x3_mid.json,277,9,12,16,11.1613,0.0,0.06,OPTIMAL
grid_3x3,seed_milpsnap_grid3x3_mid.json,278,9,12,15,11.1613,0.0,0.068,OPTIMAL
grid_3x3,seed_milpsnap_grid3x3_mid.json,279,9,12,15,11.1613,0.0,0.056,OPTIMAL
grid_3x3,seed_milpsnap_grid3x3_mid.json,280,9,12,13,11.1613,0.0,0.045,OPTIMAL
grid_3x3,seed_milpsnap_grid3x3_mid.json,281,9,12,15,11.1613,0.0,0.06,OPTIMAL
grid_3x3,seed_milpsnap_grid3x3_mid.json,282,9,12,18,11.1613,0.0,0.082,OPTIMAL
grid_3x3,seed_milpsnap_grid3x3_mid.json,283,9,12,16,11.1613,0.0,0.117,OPTIMAL
grid_3x3,seed_milpsnap_grid3x3_mid.json,284,9,12,14,11.1613,0.0,0.056,OPTIMAL
grid_3x3,seed_milpsnap_grid3x3_mid.json,285,9,12,13,11.1613,0.0,0.05,OPTIMAL
grid_3x3,seed_milpsnap_grid3x3_mid.json,286,9,12,14,11.1613,0.0,0.054,OPTIMAL
grid_3x3,seed_milpsnap_grid3x3_mid.json,287,9,12,13,11.1613,6.841934214796302e-05,0.053,OPTIMAL
grid_3x3,seed_milpsnap_grid3x3_mid.json,288,9,12,12,11.1613,0.0,0.048,OPTIMAL
grid_3x3,seed_milpsnap_grid3x3_mid.json,289,9,12,11,22.2678,0.0,0.035,OPTIMAL
grid_3x3,seed_milpsnap_grid3x3_mid.json,290,9,12,10,22.2678,0.0,0.035,OPTIMAL
grid_3x3,seed_milpsnap_grid3x3_mid.json,291,9,12,10,22.2678,0.0,0.034,OPTIMAL
grid_3x3,seed_milpsnap_grid3x3_mid.json,292,9,12,12,11.1613,0.0,0.047,OPTIMAL
grid_3x3,seed_milpsnap_grid3x3_mid.json,293,9,12,11,11.1613,0.0,0.09,OPTIMAL
grid_3x3,seed_milpsnap_grid3x3_mid.json,294,9,12,10,11.1613,0.0,0.044,OPTIMAL
grid_3x3,seed_milpsnap_grid3x3_mid.json,295,9,12,9,11.1613,0.0,0.038,OPTIMAL
grid_3x3,seed_milpsnap_grid3x3_mid.json,296,9,12,8,11.1613,0.0,0.036,OPTIMAL
grid_3x3,seed_milpsnap_grid3x3_mid.json,297,9,12,9,11.1613,0.0,0.037,OPTIMAL
grid_3x3,seed_milpsnap_grid3x3_mid.json,298,9,12,10,11.1613,0.0,0.044,OPTIMAL
grid_3x3,seed_milpsnap_grid3x3_mid.json,299,9,12,9,11.1613,0.0,0.042,OPTIMAL
grid_3x3,seed_milpsnap_grid3x3_mid.json,300,9,12,10,11.1613,0.0,0.047,OPTIMAL
grid_3x3,seed_milpsnap_grid3x3_mid.json,301,9,12,10,11.1613,6.841934214796302e-05,0.043,OPTIMAL
grid_3x3,seed_milpsnap_grid3x3_mid.json,302,9,12,9,11.1613,6.841934214796302e-05,0.037,OPTIMAL
grid_3x3,seed_milpsnap_grid3x3_mid.json,303,9,12,7,11.1613,0.0,0.033,OPTIMAL
grid_3x3,seed_milpsnap_grid3x3_mid.json,304,9,12,6,22.2678,0.0,0.019,OPTIMAL
grid_3x3,seed_milpsnap_grid3x3_mid.json,305,9,12,7,22.2678,0.0,0.024,OPTIMAL
grid_3x3,seed_milpsnap_grid3x3_mid.json,306,9,12,9,11.1613,0.0,0.078,OPTIMAL
grid_3x3,seed_milpsnap_grid3x3_mid.json,307,9,12,12,11.1613,0.0,0.046,OPTIMAL
grid_3x3,seed_milpsnap_grid3x3_mid.json,308,9,12,11,11.1613,0.0,0.045,OPTIMAL
grid_3x3,seed_milpsnap_grid3x3_mid.json,309,9,12,10,11.1613,6.841934214796302e-05,0.041,OPTIMAL
grid_3x3,seed_milpsnap_grid3x3_mid.json,310,9,12,9,11.1613,6.841934214796302e-05,0.046,OPTIMAL
grid_3x3,seed_milpsnap_grid3x3_mid.json,311,9,12,11,11.1613,6.841934214796302e-05,0.043,OPTIMAL
grid_3x3,seed_milpsnap_grid3x3_mid.json,312,9,12,11,11.1613,0.0,0.044,OPTIMAL
grid_3x3,seed_milpsnap_grid3x3_mid.json,313,9,12,13,11.1613,0.0,0.062,OPTIMAL
grid_3x3,seed_milpsnap_grid3x3_mid.json,314,9,12,13,11.1613,0.0,0.051,OPTIMAL
grid_3x3,seed_milpsnap_grid3x3_mid.json,315,9,12,14,11.1613,0.0,0.059,OPTIMAL
grid_3x3,seed_milpsnap_grid3x3_mid.json,316,9,12,13,11.1613,0.0,0.087,OPTIMAL
grid_3x3,seed_milpsnap_grid3x3_mid.json,317,9,12,12,11.1613,0.0,0.047,OPTIMAL
grid_3x3,seed_milpsnap_grid3x3_mid.json,318,9,12,10,11.1613,0.0,0.04,OPTIMAL
grid_3x3,seed_milpsnap_grid3x3_mid.json,319,9,12,11,11.1613,0.0,0.047,OPTIMAL
grid_3x3,seed_milpsnap_grid3x3_mid.json,320,9,12,10,11.1613,0.0,0.045,OPTIMAL
grid_3x3,seed_milpsnap_grid3x3_mid.json,321,9,12,11,11.1613,0.0,0.049,OPTIMAL
grid_3x3,seed_milpsnap_grid3x3_mid.json,322,9,12,12,11.1613,0.0,0.05,OPTIMAL
grid_3x3,seed_milpsnap_grid3x3_mid.json,323,9,12,13,11.1613,0.0,0.053,OPTIMAL
grid_3x3,seed_milpsnap_grid3x3_mid.json,324,9,12,11,11.1613,0.0,0.04,OPTIMAL
grid_3x3,seed_milpsnap_grid3x3_mid.json,325,9,12,13,11.1613,6.841934214796302e-05,0.047,OPTIMAL
grid_3x3,seed_milpsnap_grid3x3_mid.json,326,9,12,13,11.1613,0.0,0.094,OPTIMAL
grid_3x3,seed_milpsnap_grid3x3_mid.json,327,9,12,11,11.1613,0.0,0.042,OPTIMAL
grid_3x3,seed_milpsnap_grid3x3_mid.json,328,9,12,12,11.1613,0.0,0.047,OPTIMAL
grid_3x3,seed_milpsnap_grid3x3_mid.json,329,9,12,11,11.1613,0.0,0.044,OPTIMAL
grid_3x3,seed_milpsnap_grid3x3_mid.json,330,9,12,13,11.1613,0.0,0.051,OPTIMAL
grid_3x3,seed_milpsnap_grid3x3_mid.json,331,9,12,15,11.1613,6.841934214796302e-05,0.058,OPTIMAL
grid_3x3,seed_milpsnap_grid3x3_mid.json,332,9,12,16,11.1613,0.0,0.061,OPTIMAL
grid_3x3,seed_milpsnap_grid3x3_mid.json,333,9,12,18,11.1613,0.0,0.067,OPTIMAL
grid_3x3,seed_milpsnap_grid3x3_mid.json,334,9,12,17,11.1613,0.0,0.065,OPTIMAL
grid_3x3,seed_milpsnap_grid3x3_mid.json,335,9,12,17,11.1613,0.0,0.061,OPTIMAL
grid_3x3,seed_milpsnap_grid3x3_mid.json,336,9,12,16,11.1613,0.0,0.081,OPTIMAL
grid_3x3,seed_milpsnap_grid3x3_mid.json,337,9,12,16,11.1613,0.0,0.057,OPTIMAL
grid_3x3,seed_milpsnap_grid3x3_mid.json,338,9,12,17,11.1613,0.0,0.067,OPTIMAL
grid_3x3,seed_milpsnap_grid3x3_mid.json,339,9,12,15,11.1613,0.0,0.06,OPTIMAL
grid_3x3,seed_milpsnap_grid3x3_mid.json,340,9,12,16,11.1613,0.0,0.06,OPTIMAL
grid_3x3,seed_milpsnap_grid3x3_mid.json,341,9,12,17,11.1613,0.0,0.063,OPTIMAL
grid_3x3,seed_milpsnap_grid3x3_mid.json,342,9,12,16,11.1613,0.0,0.066,OPTIMAL
grid_3x3,seed_milpsnap_grid3x3_mid.json,343,9,12,17,11.1613,0.0,0.082,OPTIMAL
grid_3x3,seed_milpsnap_grid3x3_mid.json,344,9,12,18,11.1613,6.841934214796302e-05,0.094,OPTIMAL
grid_3x3,seed_milpsnap_grid3x3_mid.json,345,9,12,17,11.1613,0.0,0.071,OPTIMAL
grid_3x3,seed_milpsnap_grid3x3_mid.json,346,9,12,18,11.1613,0.0,0.077,OPTIMAL
grid_3x3,seed_milpsnap_grid3x3_mid.json,347,9,12,16,11.1613,6.841934214796302e-05,0.065,OPTIMAL
grid_3x3,seed_milpsnap_grid3x3_mid.json,348,9,12,15,11.1613,0.0,0.064,OPTIMAL
grid_3x3,seed_milpsnap_grid3x3_mid.json,349,9,12,15,11.1613,6.841934214796302e-05,0.062,OPTIMAL
grid_3x3,seed_milpsnap_grid3x3_mid.json,350,9,12,16,11.1613,0.0,0.097,OPTIMAL
grid_3x3,seed_milpsnap_grid3x3_mid.json,351,9,12,17,11.1613,0.0,0.063,OPTIMAL
grid_3x3,seed_milpsnap_grid3x3_mid.json,352,9,12,16,11.1613,6.841934214796302e-05,0.069,OPTIMAL
grid_3x3,seed_milpsnap_grid3x3_mid.json,353,9,12,16,11.1613,0.0,0.065,OPTIMAL
grid_3x3,seed_milpsnap_grid3x3_mid.json,354,9,12,17,11.1613,0.0,0.072,OPTIMAL
grid_3x3,seed_milpsnap_grid3x3_mid.json,355,9,12,17,11.1613,0.0,0.06,OPTIMAL
grid_3x3,seed_milpsnap_grid3x3_mid.json,356,9,12,18,11.1613,0.0,0.078,OPTIMAL
grid_3x3,seed_milpsnap_grid3x3_mid.json,357,9,12,17,11.1613,6.841934214796302e-05,0.079,OPTIMAL
grid_3x3,seed_milpsnap_grid3x3_mid.json,358,9,12,16,11.1613,0.0,0.087,OPTIMAL
grid_3x3,seed_milpsnap_grid3x3_mid.json,359,9,12,15,11.1613,0.0,0.063,OPTIMAL
grid_3x3,seed_milpsnap_grid3x3_mid.json,360,9,12,15,11.1613,0.0,0.063,OPTIMAL
grid_3x3,seed_milpsnap_grid3x3_mid.json,361,9,12,14,11.1613,6.841934214796302e-05,0.069,OPTIMAL
grid_3x3,seed_milpsnap_grid3x3_mid.json,362,9,12,13,11.1613,0.0,0.054,OPTIMAL
grid_3x3,seed_milpsnap_grid3x3_mid.json,363,9,12,14,11.1613,0.0,0.069,OPTIMAL
grid_3x3,seed_milpsnap_grid3x3_mid.json,364,9,12,13,11.1613,0.0,0.059,OPTIMAL
grid_3x3,seed_milpsnap_grid3x3_mid.json,365,9,12,14,11.1613,6.841934214796302e-05,0.054,OPTIMAL
grid_3x3,seed_milpsnap_grid3x3_mid.json,366,9,12,13,11.1613,6.841934214796302e-05,0.092,OPTIMAL
grid_3x3,seed_milpsnap_grid3x3_mid.json,367,9,12,14,11.1613,0.0,0.058,OPTIMAL
grid_3x3,seed_milpsnap_grid3x3_mid.json,368,9,12,14,11.1613,6.841934214796302e-05,0.058,OPTIMAL
grid_3x3,seed_milpsnap_grid3x3_mid.json,369,9,12,16,11.1613,0.0,0.071,OPTIMAL
grid_3x3,seed_milpsnap_grid3x3_mid.json,370,9,12,15,11.1613,0.0,0.055,OPTIMAL
grid_3x3,seed_milpsnap_grid3x3_mid.json,371,9,12,14,11.1613,0.0,0.051,OPTIMAL
grid_3x3,seed_milpsnap_grid3x3_mid.json,372,9,12,16,11.1613,0.0,0.061,OPTIMAL
grid_3x3,seed_milpsnap_grid3x3_mid.json,373,9,12,15,11.1613,0.0,0.055,OPTIMAL
grid_3x3,seed_milpsnap_grid3x3_mid.json,374,9,12,15,11.1613,0.0,0.068,OPTIMAL
grid_3x3,seed_milpsnap_grid3x3_mid.json,375,9,12,14,11.1613,0.0,0.079,OPTIMAL
grid_3x3,seed_milpsnap_grid3x3_mid.json,376,9,12,16,11.1613,0.0,0.064,OPTIMAL
grid_3x3,seed_milpsnap_grid3x3_mid.json,377,9,12,19,11.1613,0.0,0.072,OPTIMAL
grid_3x3,seed_milpsnap_grid3x3_mid.json,378,9,12,19,11.1613,0.0,0.074,OPTIMAL
grid_3x3,seed_milpsnap_grid3x3_mid.json,379,9,12,18,11.1613,0.0,0.068,OPTIMAL
grid_3x3,seed_milpsnap_grid3x3_mid.json,380,9,12,1,66.694,0.0,0.005,OPTIMAL
grid_3x3,seed_milpsnap_grid3x3_mid.json,381,9,12,4,33.3744,0.0,0.016,OPTIMAL
grid_3x3,seed_milpsnap_grid3x3_mid.json,382,9,12,6,11.1613,0.0,0.024,OPTIMAL
grid_3x3,seed_milpsnap_grid3x3_mid.json,383,9,12,7,11.1613,0.0,0.025,OPTIMAL
grid_3x3,seed_milpsnap_grid3x3_mid.json,384,9,12,8,11.1613,6.841934214796302e-05,0.03,OPTIMAL
grid_3x3,seed_milpsnap_grid3x3_mid.json,385,9,12,9,11.1613,0.0,0.037,OPTIMAL
grid_3x3,seed_milpsnap_grid3x3_mid.json,386,9,12,10,11.1613,0.0,0.078,OPTIMAL
grid_3x3,seed_milpsnap_grid3x3_mid.json,387,9,12,11,11.1613,0.0,0.044,OPTIMAL
grid_3x3,seed_milpsnap_grid3x3_mid.json,388,9,12,11,11.1613,0.0,0.047,OPTIMAL
grid_3x3,seed_milpsnap_grid3x3_mid.json,389,9,12,12,11.1613,0.0,0.047,OPTIMAL
grid_3x3,seed_milpsnap_grid3x3_mid.json,390,9,12,13,11.1613,0.0,0.05,OPTIMAL
grid_3x3,seed_milpsnap_grid3x3_mid.json,391,9,12,12,11.1613,0.0,0.05,OPTIMAL
grid_3x3,seed_milpsnap_grid3x3_mid.json,392,9,12,12,11.1613,6.841934214796302e-05,0.048,OPTIMAL
grid_3x3,seed_milpsnap_grid3x3_mid.json,393,9,12,12,11.1613,0.0,0.046,OPTIMAL
grid_3x3,seed_milpsnap_grid3x3_mid.json,394,9,12,13,11.1613,0.0,0.046,OPTIMAL
grid_3x3,seed_milpsnap_grid3x3_mid.json,395,9,12,14,11.1613,0.0,0.057,OPTIMAL
grid_3x3,seed_milpsnap_grid3x3_mid.json,396,9,12,15,11.1613,0.0,0.073,OPTIMAL
grid_3x3,seed_milpsnap_grid3x3_mid.json,397,9,12,14,22.2678,0.0,0.066,OPTIMAL
grid_3x3,seed_milpsnap_grid3x3_mid.json,398,9,12,13,22.2678,0.0,0.043,OPTIMAL
grid_3x3,seed_milpsnap_grid3x3_mid.json,399,9,12,14,22.2678,0.0,0.037,OPTIMAL
grid_3x3,seed_milpsnap_grid3x3_mid.json,400,9,12,15,11.1613,0.0,0.064,OPTIMAL
grid_3x3,seed_milpsnap_grid3x3_mid.json,401,9,12,17,11.1613,0.0,0.066,OPTIMAL
grid_3x3,seed_milpsnap_grid3x3_mid.json,402,9,12,17,11.1613,0.0,0.072,OPTIMAL
grid_3x3,seed_milpsnap_grid3x3_mid.json,403,9,12,18,11.1613,0.0,0.068,OPTIMAL
grid_3x3,seed_milpsnap_grid3x3_mid.json,404,9,12,18,11.1613,0.0,0.121,OPTIMAL
grid_3x3,seed_milpsnap_grid3x3_mid.json,405,9,12,17,11.1613,0.0,0.072,OPTIMAL
grid_3x3,seed_milpsnap_grid3x3_mid.json,406,9,12,17,11.1613,0.0,0.064,OPTIMAL
grid_3x3,seed_milpsnap_grid3x3_mid.json,407,9,12,17,11.1613,0.0,0.069,OPTIMAL
grid_3x3,seed_milpsnap_grid3x3_mid.json,408,9,12,19,11.1613,0.0,0.079,OPTIMAL
grid_3x3,seed_milpsnap_grid3x3_mid.json,409,9,12,18,11.1613,0.0,0.074,OPTIMAL
grid_3x3,seed_milpsnap_grid3x3_mid.json,410,9,12,17,11.1613,0.0,0.067,OPTIMAL
grid_3x3,seed_milpsnap_grid3x3_mid.json,411,9,12,18,11.1613,6.841934214796302e-05,0.11,OPTIMAL
grid_3x3,seed_milpsnap_grid3x3_mid.json,412,9,12,19,11.1613,0.0,0.078,OPTIMAL
grid_3x3,seed_milpsnap_grid3x3_mid.json,413,9,12,18,11.1613,0.0,0.071,OPTIMAL
grid_3x3,seed_milpsnap_grid3x3_mid.json,414,9,12,19,11.1613,0.0,0.077,OPTIMAL
grid_3x3,seed_milpsnap_grid3x3_mid.json,415,9,12,20,11.1613,0.0,0.08,OPTIMAL
grid_3x3,seed_milpsnap_grid3x3_mid.json,416,9,12,18,11.1613,0.0,0.076,OPTIMAL
grid_3x3,seed_milpsnap_grid3x3_mid.json,417,9,12,18,11.1613,0.0,0.069,OPTIMAL
grid_3x3,seed_milpsnap_grid3x3_mid.json,418,9,12,16,11.1613,0.0,0.098,OPTIMAL
grid_3x3,seed_milpsnap_grid3x3_mid.json,419,9,12,16,11.1613,6.841934214796302e-05,0.059,OPTIMAL
grid_3x3,seed_milpsnap_grid3x3_mid.json,420,9,12,15,11.1613,0.0,0.059,OPTIMAL
grid_3x3,seed_milpsnap_grid3x3_mid.json,421,9,12,13,11.1613,0.0,0.047,OPTIMAL
grid_3x3,seed_milpsnap_grid3x3_mid.json,422,9,12,13,11.1613,0.0,0.047,OPTIMAL
grid_3x3,seed_milpsnap_grid3x3_mid.json,423,9,12,11,22.2678,0.0,0.035,OPTIMAL
grid_3x3,seed_milpsnap_grid3x3_mid.json,424,9,12,11,22.2678,0.0,0.03,OPTIMAL
grid_3x3,seed_milpsnap_grid3x3_mid.json,425,9,12,12,11.1613,0.0,0.048,OPTIMAL
grid_3x3,seed_milpsnap_grid3x3_mid.json,426,9,12,11,11.1613,6.841934214796302e-05,0.04,OPTIMAL
grid_3x3,seed_milpsnap_grid3x3_mid.json,427,9,12,11,11.1613,6.841934214796302e-05,0.043,OPTIMAL
grid_3x3,seed_milpsnap_grid3x3_mid.json,428,9,12,11,11.1613,0.0,0.082,OPTIMAL
grid_3x3,seed_milpsnap_grid3x3_mid.json,429,9,12,9,11.1613,0.0,0.039,OPTIMAL
grid_3x3,seed_milpsnap_grid3x3_mid.json,430,9,12,11,11.1613,0.0,0.039,OPTIMAL
grid_3x3,seed_milpsnap_grid3x3_mid.json,431,9,12,10,11.1613,0.0,0.04,OPTIMAL
grid_3x3,seed_milpsnap_grid3x3_mid.json,432,9,12,10,11.1613,0.0,0.039,OPTIMAL
grid_3x3,seed_milpsnap_grid3x3_mid.json,433,9,12,13,11.1613,0.0,0.048,OPTIMAL
grid_3x3,seed_milpsnap_grid3x3_mid.json,434,9,12,13,11.1613,0.0,0.046,OPTIMAL
grid_3x3,seed_milpsnap_grid3x3_mid.json,435,9,12,13,11.1613,6.841934214796302e-05,0.046,OPTIMAL
grid_3x3,seed_milpsnap_grid3x3_mid.json,436,9,12,14,11.1613,0.0,0.074,OPTIMAL
grid_3x3,seed_milpsnap_grid3x3_mid.json,437,9,12,14,11.1613,0.0,0.059,OPTIMAL
grid_3x3,seed_milpsnap_grid3x3_mid.json,438,9,12,16,11.1613,0.0,0.105,OPTIMAL
grid_3x3,seed_milpsnap_grid3x3_mid.json,439,9,12,15,11.1613,0.0,0.056,OPTIMAL
grid_3x3,seed_milpsnap_grid3x3_mid.json,440,9,12,15,11.1613,6.841934214796302e-05,0.061,OPTIMAL
grid_3x3,seed_milpsnap_grid3x3_mid.json,441,9,12,16,11.1613,0.0,0.066,OPTIMAL
grid_3x3,seed_milpsnap_grid3x3_mid.json,442,9,12,15,11.1613,0.0,0.065,OPTIMAL
grid_3x3,seed_milpsnap_grid3x3_mid.json,443,9,12,17,11.1613,0.0,0.069,OPTIMAL
grid_3x3,seed_milpsnap_grid3x3_mid.json,444,9,12,17,11.1613,0.0,0.067,OPTIMAL
grid_3x3,seed_milpsnap_grid3x3_mid.json,445,9,12,14,11.1613,0.0,0.05,OPTIMAL
grid_3x3,seed_milpsnap_grid3x3_mid.json,446,9,12,14,11.1613,0.0,0.091,OPTIMAL
grid_3x3,seed_milpsnap_grid3x3_mid.json,447,9,12,13,11.1613,0.0,0.05,OPTIMAL
grid_3x3,seed_milpsnap_grid3x3_mid.json,448,9,12,11,11.1613,0.0,0.041,OPTIMAL
grid_3x3,seed_milpsnap_grid3x3_mid.json,449,9,12,11,11.1613,0.0,0.045,OPTIMAL
grid_3x3,seed_milpsnap_grid3x3_mid.json,450,9,12,11,11.1613,0.0,0.046,OPTIMAL
grid_3x3,seed_milpsnap_grid3x3_mid.json,451,9,12,12,11.1613,0.0,0.047,OPTIMAL
grid_3x3,seed_milpsnap_grid3x3_mid.json,452,9,12,12,11.1613,0.0,0.052,OPTIMAL
grid_3x3,seed_milpsnap_grid3x3_mid.json,453,9,12,11,11.1613,0.0,0.055,OPTIMAL
grid_3x3,seed_milpsnap_grid3x3_mid.json,454,9,12,11,11.1613,0.0,0.048,OPTIMAL
grid_3x3,seed_milpsnap_grid3x3_mid.json,455,9,12,9,11.1613,0.0,0.036,OPTIMAL
grid_3x3,seed_milpsnap_grid3x3_mid.json,456,9,12,10,11.1613,0.0,0.041,OPTIMAL
grid_3x3,seed_milpsnap_grid3x3_mid.json,457,9,12,10,11.1613,6.841934214796302e-05,0.073,OPTIMAL
grid_3x3,seed_milpsnap_grid3x3_mid.json,458,9,12,13,11.1613,0.0,0.055,OPTIMAL
grid_3x3,seed_milpsnap_grid3x3_mid.json,459,9,12,15,11.1613,6.841934214796302e-05,0.065,OPTIMAL
grid_3x3,seed_milpsnap_grid3x3_mid.json,460,9,12,16,11.1613,6.841934214796302e-05,0.063,OPTIMAL
grid_3x3,seed_milpsnap_grid3x3_mid.json,461,9,12,17,11.1613,0.0,0.071,OPTIMAL
grid_3x3,seed_milpsnap_grid3x3_mid.json,462,9,12,16,11.1613,6.841934214796302e-05,0.072,OPTIMAL
grid_3x3,seed_milpsnap_grid3x3_mid.json,463,9,12,17,11.1613,0.0,0.063,OPTIMAL
grid_3x3,seed_milpsnap_grid3x3_mid.json,464,9,12,17,11.1613,0.0,0.109,OPTIMAL
grid_3x3,seed_milpsnap_grid3x3_mid.json,465,9,12,17,11.1613,0.0,0.074,OPTIMAL
grid_3x3,seed_milpsnap_grid3x3_mid.json,466,9,12,18,11.1613,0.0,0.076,OPTIMAL
grid_3x3,seed_milpsnap_grid3x3_mid.json,467,9,12,17,11.1613,0.0,0.07,OPTIMAL
grid_3x3,seed_milpsnap_grid3x3_mid.json,468,9,12,19,11.1613,0.0,0.081,OPTIMAL
grid_3x3,seed_milpsnap_grid3x3_mid.json,469,9,12,18,11.1613,6.841934214796302e-05,0.072,OPTIMAL
grid_3x3,seed_milpsnap_grid3x3_mid.json,470,9,12,15,11.1613,0.0,0.062,OPTIMAL
grid_3x3,seed_milpsnap_grid3x3_mid.json,471,9,12,14,11.1613,0.0,0.067,OPTIMAL
grid_3x3,seed_milpsnap_grid3x3_mid.json,472,9,12,16,11.1613,0.0,0.086,OPTIMAL
grid_3x3,seed_milpsnap_grid3x3_mid.json,473,9,12,15,11.1613,0.0,0.059,OPTIMAL
grid_3x3,seed_milpsnap_grid3x3_mid.json,474,9,12,14,11.1613,0.0,0.052,OPTIMAL
grid_3x3,seed_milpsnap_grid3x3_mid.json,475,9,12,15,11.1613,6.841934214796302e-05,0.059,OPTIMAL
grid_3x3,seed_milpsnap_grid3x3_mid.json,476,9,12,15,11.1613,6.841934214796302e-05,0.059,OPTIMAL
grid_3x3,seed_milpsnap_grid3x3_mid.json,477,9,12,14,11.1613,0.0,0.052,OPTIMAL
grid_3x3,seed_milpsnap_grid3x3_mid.json,478,9,12,14,11.1613,0.0,0.06,OPTIMAL
grid_3x3,seed_milpsnap_grid3x3_mid.json,479,9,12,12,11.1613,0.0,0.049,OPTIMAL
grid_3x3,seed_milpsnap_grid3x3_mid.json,480,9,12,14,11.1613,0.0,0.069,OPTIMAL
grid_3x3,seed_milpsnap_grid3x3_mid.json,481,9,12,13,22.2678,0.0,0.052,OPTIMAL
grid_3x3,seed_milpsnap_grid3x3_mid.json,482,9,12,15,22.2678,0.0,0.044,OPTIMAL
grid_3x3,seed_milpsnap_grid3x3_mid.json,483,9,12,16,11.1613,0.0,0.058,OPTIMAL
grid_3x3,seed_milpsnap_grid3x3_mid.json,484,9,12,19,11.1613,0.0,0.071,OPTIMAL
grid_3x3,seed_milpsnap_grid3x3_mid.json,485,9,12,19,11.1613,6.841934214796302e-05,0.08,OPTIMAL
grid_3x3,seed_milpsnap_grid3x3_mid.json,486,9,12,18,11.1613,0.0,0.068,OPTIMAL
grid_3x3,seed_milpsnap_grid3x3_mid.json,487,9,12,19,11.1613,0.0,0.079,OPTIMAL
grid_3x3,seed_milpsnap_grid3x3_mid.json,488,9,12,18,11.1613,0.0,0.114,OPTIMAL
grid_3x3,seed_milpsnap_grid3x3_mid.json,489,9,12,16,11.1613,0.0,0.067,OPTIMAL
grid_3x3,seed_milpsnap_grid3x3_mid.json,490,9,12,16,11.1613,0.0,0.063,OPTIMAL
grid_3x3,seed_milpsnap_grid3x3_mid.json,491,9,12,17,11.1613,0.0,0.069,OPTIMAL
grid_3x3,seed_milpsnap_grid3x3_mid.json,492,9,12,17,11.1613,0.0,0.068,OPTIMAL
grid_3x3,seed_milpsnap_grid3x3_mid.json,493,9,12,17,11.1613,0.0,0.068,OPTIMAL
grid_3x3,seed_milpsnap_grid3x3_mid.json,494,9,12,16,11.1613,0.0,0.065,OPTIMAL
grid_3x3,seed_milpsnap_grid3x3_mid.json,495,9,12,14,11.1613,6.841934214796302e-05,0.078,OPTIMAL
grid_3x3,seed_milpsnap_grid3x3_mid.json,496,9,12,15,11.1613,0.0,0.083,OPTIMAL
grid_3x3,seed_milpsnap_grid3x3_mid.json,497,9,12,13,11.1613,0.0,0.055,OPTIMAL
grid_3x3,seed_milpsnap_grid3x3_mid.json,498,9,12,11,11.1613,0.0,0.05,OPTIMAL
grid_3x3,seed_milpsnap_grid3x3_mid.json,499,9,12,10,11.1613,0.0,0.039,OPTIMAL
grid_3x3,seed_milpsnap_grid3x3_mid.json,500,9,12,10,11.1613,0.0,0.041,OPTIMAL
grid_3x3,seed_milpsnap_grid3x3_mid.json,501,9,12,12,11.1613,0.0,0.049,OPTIMAL
grid_3x3,seed_milpsnap_grid3x3_mid.json,502,9,12,14,11.1613,0.0,0.064,OPTIMAL
grid_3x3,seed_milpsnap_grid3x3_mid.json,503,9,12,13,11.1613,0.0,0.053,OPTIMAL
grid_3x3,seed_milpsnap_grid3x3_mid.json,504,9,12,12,11.1613,0.0,0.05,OPTIMAL
grid_3x3,seed_milpsnap_grid3x3_mid.json,505,9,12,12,11.1613,0.0,0.087,OPTIMAL
grid_3x3,seed_milpsnap_grid3x3_mid.json,506,9,12,12,11.1613,0.0,0.049,OPTIMAL
grid_3x3,seed_milpsnap_grid3x3_mid.json,507,9,12,1,55.5875,0.0,0.003,OPTIMAL
grid_3x3,seed_milpsnap_grid3x3_mid.json,508,9,12,3,33.3744,0.0,0.024,OPTIMAL
grid_3x3,seed_milpsnap_grid3x3_mid.json,509,9,12,4,22.2678,0.0,0.025,OPTIMAL
grid_3x3,seed_milpsnap_grid3x3_mid.json,510,9,12,6,22.2678,0.0,0.021,OPTIMAL
grid_3x3,seed_milpsnap_grid3x3_mid.json,511,9,12,7,11.1613,0.0,0.034,OPTIMAL
grid_3x3,seed_milpsnap_grid3x3_mid.json,512,9,12,8,11.1613,0.0,0.038,OPTIMAL
grid_3x3,seed_milpsnap_grid3x3_mid.json,513,9,12,9,11.1613,0.0,0.04,OPTIMAL
grid_3x3,seed_milpsnap_grid3x3_mid.json,514,9,12,10,11.1613,0.0,0.043,OPTIMAL
grid_3x3,seed_milpsnap_grid3x3_mid.json,515,9,12,12,11.1613,0.0,0.062,OPTIMAL
grid_3x3,seed_milpsnap_grid3x3_mid.json,516,9,12,13,11.1613,0.0,0.051,OPTIMAL
grid_3x3,seed_milpsnap_grid3x3_mid.json,517,9,12,14,11.1613,0.0,0.054,OPTIMAL
grid_3x3,seed_milpsnap_grid3x3_mid.json,518,9,12,15,11.1613,0.0,0.096,OPTIMAL
grid_3x3,seed_milpsnap_grid3x3_mid.json,519,9,12,15,11.1613,0.0,0.068,OPTIMAL
grid_3x3,seed_milpsnap_grid3x3_mid.json,520,9,12,15,11.1613,0.0,0.063,OPTIMAL
grid_3x3,seed_milpsnap_grid3x3_mid.json,521,9,12,16,11.1613,6.841934214796302e-05,0.059,OPTIMAL
grid_3x3,seed_milpsnap_grid3x3_mid.json,522,9,12,20,11.1613,6.841934214796302e-05,0.088,OPTIMAL
grid_3x3,seed_milpsnap_grid3x3_mid.json,523,9,12,20,11.1613,0.0,0.081,OPTIMAL
grid_3x3,seed_milpsnap_grid3x3_mid.json,524,9,12,19,11.1613,0.0,0.07,OPTIMAL
grid_3x3,seed_milpsnap_grid3x3_mid.json,525,9,12,18,11.1613,0.0,0.1,OPTIMAL
grid_3x3,seed_milpsnap_grid3x3_mid.json,526,9,12,18,11.1613,0.0,0.069,OPTIMAL
grid_3x3,seed_milpsnap_grid3x3_mid.json,527,9,12,17,11.1613,6.841934214796302e-05,0.066,OPTIMAL
grid_3x3,seed_milpsnap_grid3x3_mid.json,528,9,12,18,11.1613,0.0,0.068,OPTIMAL
grid_3x3,seed_milpsnap_grid3x3_mid.json,529,9,12,17,11.1613,0.0,0.066,OPTIMAL
grid_3x3,seed_milpsnap_grid3x3_mid.json,530,9,12,17,11.1613,0.0,0.063,OPTIMAL
grid_3x3,seed_milpsnap_grid3x3_mid.json,531,9,12,17,11.1613,0.0,0.065,OPTIMAL
grid_3x3,seed_milpsnap_grid3x3_mid.json,532,9,12,16,11.1613,0.0,0.081,OPTIMAL
grid_3x3,seed_milpsnap_grid3x3_mid.json,533,9,12,16,11.1613,0.0,0.083,OPTIMAL
grid_3x3,seed_milpsnap_grid3x3_mid.json,534,9,12,14,11.1613,0.0,0.059,OPTIMAL
grid_3x3,seed_milpsnap_grid3x3_mid.json,535,9,12,16,11.1613,0.0,0.063,OPTIMAL
grid_3x3,seed_milpsnap_grid3x3_mid.json,536,9,12,11,11.1749,0.0,0.044,OPTIMAL
grid_3x3,seed_milpsnap_grid3x3_mid.json,537,9,12,10,11.1749,0.0,0.046,OPTIMAL
grid_3x3,seed_milpsnap_grid3x3_mid.json,538,9,12,12,11.1613,0.0,0.046,OPTIMAL
grid_3x3,seed_milpsnap_grid3x3_mid.json,539,9,12,15,11.1613,0.0,0.063,OPTIMAL
grid_3x3,seed_milpsnap_grid3x3_mid.json,540,9,12,15,11.1613,0.0,0.062,OPTIMAL
grid_3x3,seed_milpsnap_grid3x3_mid.json,541,9,12,15,11.1613,0.0,0.098,OPTIMAL
grid_3x3,seed_milpsnap_grid3x3_mid.json,542,9,12,16,11.1613,0.0,0.064,OPTIMAL
grid_3x3,seed_milpsnap_grid3x3_mid.json,543,9,12,16,11.1613,0.0,0.067,OPTIMAL
grid_3x3,seed_milpsnap_grid3x3_mid.json,544,9,12,16,11.1613,0.0,0.061,OPTIMAL
grid_3x3,seed_milpsnap_grid3x3_mid.json,545,9,12,17,11.1613,0.0,0.068,OPTIMAL
grid_3x3,seed_milpsnap_grid3x3_mid.json,546,9,12,17,11.1613,0.0,0.066,OPTIMAL
grid_3x3,seed_milpsnap_grid3x3_mid.json,547,9,12,20,11.1613,0.0,0.081,OPTIMAL
grid_3x3,seed_milpsnap_grid3x3_mid.json,548,9,12,18,11.1613,0.0,0.097,OPTIMAL
grid_3x3,seed_milpsnap_grid3x3_mid.json,549,9,12,18,11.1613,0.0,0.102,OPTIMAL
grid_3x3,seed_milpsnap_grid3x3_mid.json,550,9,12,19,11.1613,0.0,0.073,OPTIMAL
grid_3x3,seed_milpsnap_grid3x3_mid.json,551,9,12,18,11.1613,0.0,0.085,OPTIMAL
grid_3x3,seed_milpsnap_grid3x3_mid.json,552,9,12,17,11.1613,0.0,0.07,OPTIMAL
grid_3x3,seed_milpsnap_grid3x3_mid.json,553,9,12,17,11.1613,0.0,0.067,OPTIMAL
grid_3x3,seed_milpsnap_grid3x3_mid.json,554,9,12,17,11.1613,6.841934214796302e-05,0.068,OPTIMAL
grid_3x3,seed_milpsnap_grid3x3_mid.json,555,9,12,16,11.1613,0.0,0.097,OPTIMAL
grid_3x3,seed_milpsnap_grid3x3_mid.json,556,9,12,15,11.1613,0.0,0.064,OPTIMAL
grid_3x3,seed_milpsnap_grid3x3_mid.json,557,9,12,15,11.1613,0.0,0.058,OPTIMAL
grid_3x3,seed_milpsnap_grid3x3_mid.json,558,9,12,15,11.1613,0.0,0.064,OPTIMAL
grid_3x3,seed_milpsnap_grid3x3_mid.json,559,9,12,16,11.1613,0.0,0.074,OPTIMAL
grid_3x3,seed_milpsnap_grid3x3_mid.json,560,9,12,15,11.1613,0.0,0.059,OPTIMAL
grid_3x3,seed_milpsnap_grid3x3_mid.json,561,9,12,16,11.1613,0.0,0.07,OPTIMAL
grid_3x3,seed_milpsnap_grid3x3_mid.json,562,9,12,18,11.1613,0.0,0.082,OPTIMAL
grid_3x3,seed_milpsnap_grid3x3_mid.json,563,9,12,18,11.1613,0.0,0.095,OPTIMAL
grid_3x3,seed_milpsnap_grid3x3_mid.json,564,9,12,17,11.1613,0.0,0.063,OPTIMAL
grid_3x3,seed_milpsnap_grid3x3_mid.json,565,9,12,16,11.1613,0.0,0.064,OPTIMAL
grid_3x3,seed_milpsnap_grid3x3_mid.json,566,9,12,14,11.1613,0.0,0.054,OPTIMAL
grid_3x3,seed_milpsnap_grid3x3_mid.json,567,9,12,14,11.1613,0.0,0.056,OPTIMAL
grid_3x3,seed_milpsnap_grid3x3_mid.json,568,9,12,15,11.1613,0.0,0.06,OPTIMAL
grid_3x3,seed_milpsnap_grid3x3_mid.json,569,9,12,15,11.1613,0.0,0.055,OPTIMAL
grid_3x3,seed_milpsnap_grid3x3_mid.json,570,9,12,15,11.1613,0.0,0.059,OPTIMAL
grid_3x3,seed_milpsnap_grid3x3_mid.json,571,9,12,16,11.1613,0.0,0.086,OPTIMAL
grid_3x3,seed_milpsnap_grid3x3_mid.json,572,9,12,15,11.1613,0.0,0.056,OPTIMAL
grid_3x3,seed_milpsnap_grid3x3_mid.json,573,9,12,15,11.1613,0.0,0.065,OPTIMAL
grid_3x3,seed_milpsnap_grid3x3_mid.json,574,9,12,15,11.1613,0.0,0.058,OPTIMAL
grid_3x3,seed_milpsnap_grid3x3_mid.json,575,9,12,15,11.1613,0.0,0.056,OPTIMAL
grid_3x3,seed_milpsnap_grid3x3_mid.json,576,9,12,13,11.1613,0.0,0.052,OPTIMAL
grid_3x3,seed_milpsnap_grid3x3_mid.json,577,9,12,11,11.1613,6.841934214796302e-05,0.046,OPTIMAL
grid_3x3,seed_milpsnap_grid3x3_mid.json,578,9,12,11,11.1613,0.0,0.051,OPTIMAL
grid_3x3,seed_milpsnap_grid3x3_mid.json,579,9,12,12,11.1613,0.0,0.053,OPTIMAL
grid_3x3,seed_milpsnap_grid3x3_mid.json,580,9,12,14,11.1613,0.0,0.066,OPTIMAL
grid_3x3,seed_milpsnap_grid3x3_mid.json,581,9,12,13,11.1613,0.0,0.073,OPTIMAL
grid_3x3,seed_milpsnap_grid3x3_mid.json,582,9,12,13,11.1613,0.0,0.055,OPTIMAL
grid_3x3,seed_milpsnap_grid3x3_mid.json,583,9,12,12,11.1613,0.0,0.052,OPTIMAL
grid_3x3,seed_milpsnap_grid3x3_mid.json,584,9,12,14,11.1613,0.0,0.058,OPTIMAL
grid_3x3,seed_milpsnap_grid3x3_mid.json,585,9,12,14,11.1613,0.0,0.054,OPTIMAL
grid_3x3,seed_milpsnap_grid3x3_mid.json,586,9,12,15,11.1613,0.0,0.059,OPTIMAL
grid_3x3,seed_milpsnap_grid3x3_mid.json,587,9,12,15,11.1613,0.0,0.06,OPTIMAL
grid_3x3,seed_milpsnap_grid3x3_mid.json,588,9,12,15,11.1613,0.0,0.06,OPTIMAL
grid_3x3,seed_milpsnap_grid3x3_mid.json,589,9,12,13,11.1613,0.0,0.071,OPTIMAL
grid_3x3,seed_milpsnap_grid3x3_mid.json,590,9,12,15,11.1613,0.0,0.064,OPTIMAL
grid_3x3,seed_milpsnap_grid3x3_mid.json,591,9,12,17,11.1613,0.0,0.074,OPTIMAL
grid_3x3,seed_milpsnap_grid3x3_mid.json,592,9,12,16,11.1613,0.0,0.063,OPTIMAL
grid_3x3,seed_milpsnap_grid3x3_mid.json,593,9,12,16,11.1613,0.0,0.065,OPTIMAL
grid_3x3,seed_milpsnap_grid3x3_mid.json,594,9,12,15,11.1613,0.0,0.065,OPTIMAL
grid_3x3,seed_milpsnap_grid3x3_mid.json,595,9,12,16,11.1613,0.0,0.062,OPTIMAL
grid_3x3,seed_milpsnap_grid3x3_mid.json,596,9,12,15,11.1613,0.0,0.058,OPTIMAL
grid_3x3,seed_milpsnap_grid3x3_mid.json,597,9,12,14,11.1613,0.0,0.097,OPTIMAL
grid_3x3,seed_milpsnap_grid3x3_mid.json,598,9,12,16,11.1613,0.0,0.068,OPTIMAL
grid_3x3,seed_milpsnap_grid3x3_mid.json,599,9,12,15,11.1613,0.0,0.063,OPTIMAL
grid_3x3,seed_milpsnap_grid3x3_mid.json,600,9,12,14,11.1613,0.0,0.061,OPTIMAL
grid_3x3,seed_milpsnap_grid3x3_mid.json,601,9,12,14,11.1613,0.0,0.054,OPTIMAL
grid_3x3,seed_milpsnap_grid3x3_mid.json,602,9,12,12,11.1613,0.0,0.051,OPTIMAL
grid_3x3,seed_milpsnap_grid3x3_mid.json,603,9,12,12,11.1613,0.0,0.053,OPTIMAL
grid_3x3,seed_milpsnap_grid3x3_mid.json,604,9,12,13,11.1613,0.0,0.049,OPTIMAL
grid_3x3,seed_milpsnap_grid3x3_mid.json,605,9,12,13,11.1613,6.841934214796302e-05,0.094,OPTIMAL
grid_3x3,seed_milpsnap_grid3x3_mid.json,606,9,12,13,11.1613,0.0,0.051,OPTIMAL
grid_3x3,seed_milpsnap_grid3x3_mid.json,607,9,12,15,11.1613,6.841934214796302e-05,0.061,OPTIMAL
grid_3x3,seed_milpsnap_grid3x3_mid.json,608,9,12,18,11.1613,0.0,0.072,OPTIMAL
grid_3x3,seed_milpsnap_grid3x3_mid.json,609,9,12,17,11.1613,0.0,0.069,OPTIMAL
grid_3x3,seed_milpsnap_grid3x3_mid.json,610,9,12,16,11.1613,6.841934214796302e-05,0.066,OPTIMAL
grid_3x3,seed_milpsnap_grid3x3_mid.json,611,9,12,18,11.1613,0.0,0.066,OPTIMAL
grid_3x3,seed_milpsnap_grid3x3_mid.json,612,9,12,19,11.1613,0.0,0.07,OPTIMAL
grid_3x3,seed_milpsnap_grid3x3_mid.json,613,9,12,18,11.1613,0.0,0.105,OPTIMAL
grid_3x3,seed_milpsnap_grid3x3_mid.json,614,9,12,19,11.1613,0.0,0.073,OPTIMAL
grid_3x3,seed_milpsnap_grid3x3_mid.json,615,9,12,19,11.1613,0.0,0.074,OPTIMAL
grid_3x3,seed_milpsnap_grid3x3_mid.json,616,9,12,17,11.1613,0.0,0.061,OPTIMAL
grid_3x3,seed_milpsnap_grid3x3_mid.json,617,9,12,18,11.1613,0.0,0.072,OPTIMAL
grid_3x3,seed_milpsnap_grid3x3_mid.json,618,9,12,19,11.1613,0.0,0.073,OPTIMAL
grid_3x3,seed_milpsnap_grid3x3_mid.json,619,9,12,18,11.1613,0.0,0.066,OPTIMAL
grid_3x3,seed_milpsnap_grid3x3_mid.json,620,9,12,19,11.1613,0.0,0.096,OPTIMAL
grid_3x3,seed_milpsnap_grid3x3_mid.json,621,9,12,16,11.1613,0.0,0.062,OPTIMAL
grid_3x3,seed_milpsnap_grid3x3_mid.json,622,9,12,18,11.1613,0.0,0.072,OPTIMAL
grid_3x3,seed_milpsnap_grid3x3_mid.json,623,9,12,18,11.1613,0.0,0.07,OPTIMAL
grid_3x3,seed_milpsnap_grid3x3_mid.json,624,9,12,17,11.1613,0.0,0.074,OPTIMAL
grid_3x3,seed_milpsnap_grid3x3_mid.json,625,9,12,17,11.1613,6.841934214796302e-05,0.062,OPTIMAL
grid_3x3,seed_milpsnap_grid3x3_mid.json,626,9,12,18,11.1613,0.0,0.078,OPTIMAL
grid_3x3,seed_milpsnap_grid3x3_mid.json,627,9,12,17,11.1613,0.0,0.115,OPTIMAL
grid_3x3,seed_milpsnap_grid3x3_mid.json,628,9,12,15,11.1613,0.0,0.066,OPTIMAL
grid_3x3,seed_milpsnap_grid3x3_mid.json,629,9,12,16,11.1613,0.0,0.065,OPTIMAL
grid_3x3,seed_milpsnap_grid3x3_mid.json,630,9,12,17,11.1613,0.0,0.071,OPTIMAL
grid_3x3,seed_milpsnap_grid3x3_mid.json,631,9,12,17,11.1613,0.0,0.071,OPTIMAL
grid_3x3,seed_milpsnap_grid3x3_mid.json,632,9,12,16,11.1613,0.0,0.068,OPTIMAL
grid_3x3,seed_milpsnap_grid3x3_mid.json,633,9,12,17,11.1613,0.0,0.073,OPTIMAL
grid_3x3,seed_milpsnap_grid3x3_mid.json,634,9,12,16,11.1613,0.0,0.082,OPTIMAL
grid_3x3,seed_milpsnap_grid3x3_mid.json,635,9,12,19,11.1613,6.841934214796302e-05,0.099,OPTIMAL
grid_3x3,seed_milpsnap_grid3x3_mid.json,636,9,12,17,11.1613,0.0,0.07,OPTIMAL
grid_3x3,seed_milpsnap_grid3x3_mid.json,637,9,12,16,11.1613,0.0,0.067,OPTIMAL
grid_3x3,seed_milpsnap_grid3x3_mid.json,638,9,12,15,11.1613,0.0,0.057,OPTIMAL
grid_3x3,seed_milpsnap_grid3x3_mid.json,639,9,12,17,11.1613,0.0,0.071,OPTIMAL
grid_3x3,seed_milpsnap_grid3x3_mid.json,640,9,12,18,11.1613,0.0,0.073,OPTIMAL
grid_3x3,seed_milpsnap_grid3x3_mid.json,641,9,12,1,66.694,0.0,0.008,OPTIMAL
grid_3x3,seed_milpsnap_grid3x3_mid.json,642,9,12,2,55.5875,0.0,0.008,OPTIMAL
grid_3x3,seed_milpsnap_grid3x3_mid.json,643,9,12,3,44.4809,0.0,0.026,OPTIMAL
grid_3x3,seed_milpsnap_grid3x3_mid.json,644,9,12,4,33.3744,0.0,0.023,OPTIMAL
grid_3x3,seed_milpsnap_grid3x3_mid.json,645,9,12,5,33.3744,0.0,0.033,OPTIMAL
grid_3x3,seed_milpsnap_grid3x3_mid.json,646,9,12,6,33.3744,0.0,0.025,OPTIMAL
grid_3x3,seed_milpsnap_grid3x3_mid.json,647,9,12,8,22.2678,0.0,0.023,OPTIMAL
grid_3x3,seed_milpsnap_grid3x3_mid.json,648,9,12,9,22.2678,0.0,0.031,OPTIMAL
grid_3x3,seed_milpsnap_grid3x3_mid.json,649,9,12,9,22.2678,0.0,0.032,OPTIMAL
grid_3x3,seed_milpsnap_grid3x3_mid.json,650,9,12,11,22.2678,0.0,0.032,OPTIMAL
grid_3x3,seed_milpsnap_grid3x3_mid.json,651,9,12,13,22.2678,0.0,0.038,OPTIMAL
grid_3x3,seed_milpsnap_grid3x3_mid.json,652,9,12,15,11.1613,6.841934214796302e-05,0.063,OPTIMAL
grid_3x3,seed_milpsnap_grid3x3_mid.json,653,9,12,16,11.1613,0.0,0.058,OPTIMAL
grid_3x3,seed_milpsnap_grid3x3_mid.json,654,9,12,18,11.1613,0.0,0.078,OPTIMAL
grid_3x3,seed_milpsnap_grid3x3_mid.json,655,9,12,18,11.1613,0.0,0.069,OPTIMAL
grid_3x3,seed_milpsnap_grid3x3_mid.json,656,9,12,21,11.1613,0.0,0.123,OPTIMAL
grid_3x3,seed_milpsnap_grid3x3_mid.json,657,9,12,20,11.1613,0.0,0.077,OPTIMAL
grid_3x3,seed_milpsnap_grid3x3_mid.json,658,9,12,22,11.1613,0.0,0.09,OPTIMAL
grid_3x3,seed_milpsnap_grid3x3_mid.json,659,9,12,24,11.1613,0.0,0.102,OPTIMAL
grid_3x3,seed_milpsnap_grid3x3_mid.json,660,9,12,24,11.1613,6.841934214796302e-05,0.091,OPTIMAL
grid_3x3,seed_milpsnap_grid3x3_mid.json,661,9,12,25,11.1613,6.841934214796302e-05,0.129,OPTIMAL
grid_3x3,seed_milpsnap_grid3x3_mid.json,662,9,12,25,11.1613,6.841934214796302e-05,0.096,OPTIMAL
grid_3x3,seed_milpsnap_grid3x3_mid.json,663,9,12,24,11.1613,0.0,0.09,OPTIMAL
grid_3x3,seed_milpsnap_grid3x3_mid.json,664,9,12,23,11.1613,0.0,0.093,OPTIMAL
grid_3x3,seed_milpsnap_grid3x3_mid.json,665,9,12,22,11.1613,6.841934214796302e-05,0.075,OPTIMAL
grid_3x3,seed_milpsnap_grid3x3_mid.json,666,9,12,19,11.1613,0.0,0.072,OPTIMAL
grid_3x3,seed_milpsnap_grid3x3_mid.json,667,9,12,19,11.1613,6.841934214796302e-05,0.109,OPTIMAL
grid_3x3,seed_milpsnap_grid3x3_mid.json,668,9,12,17,11.1613,0.0,0.073,OPTIMAL
grid_3x3,seed_milpsnap_grid3x3_mid.json,669,9,12,18,11.1613,6.841934214796302e-05,0.069,OPTIMAL
grid_3x3,seed_milpsnap_grid3x3_mid.json,670,9,12,17,11.1613,0.0,0.068,OPTIMAL
grid_3x3,seed_milpsnap_grid3x3_mid.json,671,9,12,14,11.1613,0.0,0.053,OPTIMAL
grid_3x3,seed_milpsnap_grid3x3_mid.json,672,9,12,12,22.2678,0.0,0.036,OPTIMAL
grid_3x3,seed_milpsnap_grid3x3_mid.json,673,9,12,10,22.2678,0.0,0.033,OPTIMAL
grid_3x3,seed_milpsnap_grid3x3_mid.json,674,9,12,10,11.1749,0.0,0.045,OPTIMAL
grid_3x3,seed_milpsnap_grid3x3_mid.json,675,9,12,8,22.2678,0.0,0.024,OPTIMAL
grid_3x3,seed_milpsnap_grid3x3_mid.json,676,9,12,8,11.1613,0.0,0.039,OPTIMAL
grid_3x3,seed_milpsnap_grid3x3_mid.json,677,9,12,7,11.1613,0.0,0.044,OPTIMAL
grid_3x3,seed_milpsnap_grid3x3_mid.json,678,9,12,5,22.2678,0.0,0.046,OPTIMAL
grid_3x3,seed_milpsnap_grid3x3_mid.json,679,9,12,4,22.2678,0.0,0.018,OPTIMAL
grid_3x3,seed_milpsnap_grid3x3_mid.json,680,9,12,5,22.2678,0.0,0.019,OPTIMAL
grid_3x3,seed_milpsnap_grid3x3_mid.json,681,9,12,4,22.2678,0.0,0.016,OPTIMAL
grid_3x3,seed_milpsnap_grid3x3_mid.json,682,9,12,6,22.2678,0.0,0.021,OPTIMAL
grid_3x3,seed_milpsnap_grid3x3_mid.json,683,9,12,7,11.1613,0.0,0.03,OPTIMAL
grid_3x3,seed_milpsnap_grid3x3_mid.json,684,9,12,9,11.1613,0.0,0.044,OPTIMAL
grid_3x3,seed_milpsnap_grid3x3_mid.json,685,9,12,10,11.1613,0.0,0.035,OPTIMAL
grid_3x3,seed_milpsnap_grid3x3_mid.json,686,9,12,9,11.1613,0.0,0.043,OPTIMAL
grid_3x3,seed_milpsnap_grid3x3_mid.json,687,9,12,11,11.1613,6.841934214796302e-05,0.042,OPTIMAL
grid_3x3,seed_milpsnap_grid3x3_mid.json,688,9,12,11,11.1613,0.0,0.043,OPTIMAL
grid_3x3,seed_milpsnap_grid3x3_mid.json,689,9,12,12,11.1613,0.0,0.051,OPTIMAL
grid_3x3,seed_milpsnap_grid3x3_mid.json,690,9,12,14,11.1613,0.0,0.058,OPTIMAL
grid_3x3,seed_milpsnap_grid3x3_mid.json,691,9,12,14,11.1613,0.0,0.095,OPTIMAL
grid_3x3,seed_milpsnap_grid3x3_mid.json,692,9,12,16,11.1613,0.0,0.062,OPTIMAL
grid_3x3,seed_milpsnap_grid3x3_mid.json,693,9,12,14,11.1613,6.841934214796302e-05,0.055,OPTIMAL
grid_3x3,seed_milpsnap_grid3x3_mid.json,694,9,12,13,11.1613,0.0,0.058,OPTIMAL
grid_3x3,seed_milpsnap_grid3x3_mid.json,695,9,12,12,11.1613,0.0,0.048,OPTIMAL
grid_3x3,seed_milpsnap_grid3x3_mid.json,696,9,12,12,11.1613,0.0,0.049,OPTIMAL
grid_3x3,seed_milpsnap_grid3x3_mid.json,697,9,12,14,11.1613,0.0,0.067,OPTIMAL
grid_3x3,seed_milpsnap_grid3x3_mid.json,698,9,12,11,11.1613,0.0,0.051,OPTIMAL
grid_3x3,seed_milpsnap_grid3x3_mid.json,699,9,12,10,11.1613,6.841934214796302e-05,0.038,OPTIMAL
grid_3x3,seed_milpsnap_grid3x3_mid.json,700,9,12,12,11.1613,0.0,0.085,OPTIMAL
grid_3x3,seed_milpsnap_grid3x3_mid.json,701,9,12,13,11.1613,0.0,0.052,OPTIMAL
grid_3x3,seed_milpsnap_grid3x3_mid.json,702,9,12,11,22.2678,0.0,0.035,OPTIMAL
grid_3x3,seed_milpsnap_grid3x3_mid.json,703,9,12,12,22.2678,0.0,0.041,OPTIMAL
grid_3x3,seed_milpsnap_grid3x3_mid.json,704,9,12,11,22.2678,0.0,0.036,OPTIMAL
grid_3x3,seed_milpsnap_grid3x3_mid.json,705,9,12,9,22.2678,0.0,0.03,OPTIMAL
grid_3x3,seed_milpsnap_grid3x3_mid.json,706,9,12,9,11.1613,0.0,0.038,OPTIMAL
grid_3x3,seed_milpsnap_grid3x3_mid.json,707,9,12,8,11.1613,0.0,0.035,OPTIMAL
grid_3x3,seed_milpsnap_grid3x3_mid.json,708,9,12,6,11.1749,0.0,0.03,OPTIMAL
grid_3x3,seed_milpsnap_grid3x3_mid.json,709,9,12,7,11.1749,0.0,0.03,OPTIMAL
grid_3x3,seed_milpsnap_grid3x3_mid.json,710,9,12,6,22.2815,0.0,0.023,OPTIMAL
grid_3x3,seed_milpsnap_grid3x3_mid.json,711,9,12,4,33.388,0.0,0.016,OPTIMAL
grid_3x3,seed_milpsnap_grid3x3_mid.json,712,9,12,3,55.5875,0.0,0.013,OPTIMAL
grid_3x3,seed_milpsnap_grid3x3_mid.json,713,9,12,5,33.3744,0.0,0.02,OPTIMAL
grid_3x3,seed_milpsnap_grid3x3_mid.json,714,9,12,6,33.3744,0.0,0.018,OPTIMAL
grid_3x3,seed_milpsnap_grid3x3_mid.json,715,9,12,7,33.3744,0.0,0.027,OPTIMAL
grid_3x3,seed_milpsnap_grid3x3_mid.json,716,9,12,6,33.3744,0.0,0.019,OPTIMAL
grid_3x3,seed_milpsnap_grid3x3_mid.json,717,9,12,7,33.3744,0.0,0.023,OPTIMAL
grid_3x3,seed_milpsnap_grid3x3_mid.json,718,9,12,11,11.1613,0.0,0.077,OPTIMAL
grid_3x3,seed_milpsnap_grid3x3_mid.json,719,9,12,11,11.1613,0.0,0.039,OPTIMAL
grid_3x3,seed_milpsnap_grid3x3_mid.json,720,9,12,10,11.1613,0.0,0.041,OPTIMAL
grid_3x3,seed_milpsnap_grid3x3_mid.json,721,9,12,11,11.1613,0.0,0.046,OPTIMAL
grid_3x3,seed_milpsnap_grid3x3_mid.json,722,9,12,11,11.1613,0.0,0.039,OPTIMAL
grid_3x3,seed_milpsnap_grid3x3_mid.json,723,9,12,11,11.1613,6.841934214796302e-05,0.038,OPTIMAL
grid_3x3,seed_milpsnap_grid3x3_mid.json,724,9,12,12,11.1613,0.0,0.043,OPTIMAL
grid_3x3,seed_milpsnap_grid3x3_mid.json,725,9,12,11,11.1613,0.0,0.04,OPTIMAL
grid_3x3,seed_milpsnap_grid3x3_mid.json,726,9,12,13,11.1613,0.0,0.044,OPTIMAL
grid_3x3,seed_milpsnap_grid3x3_mid.json,727,9,12,14,11.1613,0.0,0.051,OPTIMAL
grid_3x3,seed_milpsnap_grid3x3_mid.json,728,9,12,15,11.1613,0.0,0.096,OPTIMAL
grid_3x3,seed_milpsnap_grid3x3_mid.json,729,9,12,16,11.1613,0.0,0.064,OPTIMAL
grid_3x3,seed_milpsnap_grid3x3_mid.json,730,9,12,15,11.1613,0.0,0.058,OPTIMAL
grid_3x3,seed_milpsnap_grid3x3_mid.json,731,9,12,16,11.1613,0.0,0.062,OPTIMAL
grid_3x3,seed_milpsnap_grid3x3_mid.json,732,9,12,18,11.1613,0.0,0.07,OPTIMAL
grid_3x3,seed_milpsnap_grid3x3_mid.json,733,9,12,18,11.1613,0.0,0.073,OPTIMAL
grid_3x3,seed_milpsnap_grid3x3_mid.json,734,9,12,19,11.1613,0.0,0.09,OPTIMAL
grid_3x3,seed_milpsnap_grid3x3_mid.json,735,9,12,17,11.1613,0.0,0.088,OPTIMAL
grid_3x3,seed_milpsnap_grid3x3_mid.json,736,9,12,16,11.1613,0.0,0.092,OPTIMAL
grid_3x3,seed_milpsnap_grid3x3_mid.json,737,9,12,17,11.1613,0.0,0.068,OPTIMAL
grid_3x3,seed_milpsnap_grid3x3_mid.json,738,9,12,18,11.1613,0.0,0.075,OPTIMAL
grid_3x3,seed_milpsnap_grid3x3_mid.json,739,9,12,18,11.1613,6.841934214796302e-05,0.081,OPTIMAL
grid_3x3,seed_milpsnap_grid3x3_mid.json,740,9,12,19,11.1613,0.0,0.076,OPTIMAL
grid_3x3,seed_milpsnap_grid3x3_mid.json,741,9,12,18,11.1613,0.0,0.075,OPTIMAL
grid_3x3,seed_milpsnap_grid3x3_mid.json,742,9,12,19,11.1613,0.0,0.132,OPTIMAL
grid_3x3,seed_milpsnap_grid3x3_mid.json,743,9,12,18,11.1613,6.841934214796302e-05,0.07,OPTIMAL
grid_3x3,seed_milpsnap_grid3x3_mid.json,744,9,12,16,11.1613,0.0,0.066,OPTIMAL
grid_3x3,seed_milpsnap_grid3x3_mid.json,745,9,12,16,11.1613,0.0,0.062,OPTIMAL
grid_3x3,seed_milpsnap_grid3x3_mid.json,746,9,12,16,11.1613,0.0,0.068,OPTIMAL
grid_3x3,seed_milpsnap_grid3x3_mid.json,747,9,12,15,11.1613,0.0,0.062,OPTIMAL
grid_3x3,seed_milpsnap_grid3x3_mid.json,748,9,12,16,11.1613,0.0,0.068,OPTIMAL
grid_3x3,seed_milpsnap_grid3x3_mid.json,749,9,12,17,11.1613,0.0,0.109,OPTIMAL
grid_3x3,seed_milpsnap_grid3x3_mid.json,750,9,12,21,11.1613,0.0,0.087,OPTIMAL
grid_3x3,seed_milpsnap_grid3x3_mid.json,751,9,12,20,11.1613,0.0,0.082,OPTIMAL
grid_3x3,seed_milpsnap_grid3x3_mid.json,752,9,12,19,11.1613,6.841934214796302e-05,0.075,OPTIMAL
grid_3x3,seed_milpsnap_grid3x3_mid.json,753,9,12,21,11.1613,6.841934214796302e-05,0.082,OPTIMAL
grid_3x3,seed_milpsnap_grid3x3_mid.json,754,9,12,20,11.1613,0.0,0.087,OPTIMAL
grid_3x3,seed_milpsnap_grid3x3_mid.json,755,9,12,21,11.1613,0.0,0.102,OPTIMAL
grid_3x3,seed_milpsnap_grid3x3_mid.json,756,9,12,19,11.1613,0.0,0.092,OPTIMAL
grid_3x3,seed_milpsnap_grid3x3_mid.json,757,9,12,18,11.1613,0.0,0.077,OPTIMAL
grid_3x3,seed_milpsnap_grid3x3_mid.json,758,9,12,19,11.1613,0.0,0.084,OPTIMAL
grid_3x3,seed_milpsnap_grid3x3_mid.json,759,9,12,21,11.1613,0.0,0.086,OPTIMAL
grid_3x3,seed_milpsnap_grid3x3_mid.json,760,9,12,1,55.5875,0.0,0.004,OPTIMAL
grid_3x3,seed_milpsnap_grid3x3_mid.json,761,9,12,2,44.4809,0.0,0.014,OPTIMAL
grid_3x3,seed_milpsnap_grid3x3_mid.json,762,9,12,4,33.3744,0.0,0.018,OPTIMAL
grid_3x3,seed_milpsnap_grid3x3_mid.json,763,9,12,6,22.2678,7.819525354803851e-05,0.03,OPTIMAL
grid_3x3,seed_milpsnap_grid3x3_mid.json,764,9,12,7,22.2678,0.0,0.021,OPTIMAL
grid_3x3,seed_milpsnap_grid3x3_mid.json,765,9,12,9,11.1613,0.0,0.043,OPTIMAL
grid_3x3,seed_milpsnap_grid3x3_mid.json,766,9,12,10,11.1613,0.0,0.051,OPTIMAL
grid_3x3,seed_milpsnap_grid3x3_mid.json,767,9,12,11,11.1613,0.0,0.069,OPTIMAL
grid_3x3,seed_milpsnap_grid3x3_mid.json,768,9,12,12,11.1613,0.0,0.042,OPTIMAL
grid_3x3,seed_milpsnap_grid3x3_mid.json,769,9,12,13,11.1613,0.0,0.053,OPTIMAL
grid_3x3,seed_milpsnap_grid3x3_mid.json,770,9,12,12,11.1613,0.0,0.044,OPTIMAL
grid_3x3,seed_milpsnap_grid3x3_mid.json,771,9,12,12,11.1613,0.0,0.044,OPTIMAL
grid_3x3,seed_milpsnap_grid3x3_mid.json,772,9,12,14,11.1613,0.0,0.053,OPTIMAL
grid_3x3,seed_milpsnap_grid3x3_mid.json,773,9,12,12,11.1613,0.0,0.044,OPTIMAL
grid_3x3,seed_milpsnap_grid3x3_mid.json,774,9,12,13,11.1613,0.0,0.049,OPTIMAL
grid_3x3,seed_milpsnap_grid3x3_mid.json,775,9,12,13,11.1613,0.0,0.042,OPTIMAL
grid_3x3,seed_milpsnap_grid3x3_mid.json,776,9,12,13,11.1613,0.0,0.044,OPTIMAL
grid_3x3,seed_milpsnap_grid3x3_mid.json,777,9,12,14,11.1613,0.0,0.094,OPTIMAL
grid_3x3,seed_milpsnap_grid3x3_mid.json,778,9,12,13,11.1613,0.0,0.047,OPTIMAL
grid_3x3,seed_milpsnap_grid3x3_mid.json,779,9,12,16,11.1613,0.0,0.062,OPTIMAL
grid_3x3,seed_milpsnap_grid3x3_mid.json,780,9,12,17,11.1613,0.0,0.069,OPTIMAL
grid_3x3,seed_milpsnap_grid3x3_mid.json,781,9,12,18,11.1613,0.0,0.075,OPTIMAL
grid_3x3,seed_milpsnap_grid3x3_mid.json,782,9,12,21,11.1613,0.0,0.082,OPTIMAL
grid_3x3,seed_milpsnap_grid3x3_mid.json,783,9,12,21,11.1613,6.841934214796302e-05,0.082,OPTIMAL
grid_3x3,seed_milpsnap_grid3x3_mid.json,784,9,12,20,11.1613,0.0,0.106,OPTIMAL
grid_3x3,seed_milpsnap_grid3x3_mid.json,785,9,12,21,11.1613,0.0,0.088,OPTIMAL
grid_3x3,seed_milpsnap_grid3x3_mid.json,786,9,12,20,11.1613,0.0,0.083,OPTIMAL
grid_3x3,seed_milpsnap_grid3x3_mid.json,787,9,12,22,11.1613,0.0,0.09,OPTIMAL
grid_3x3,seed_milpsnap_grid3x3_mid.json,788,9,12,20,11.1613,0.0,0.086,OPTIMAL
grid_3x3,seed_milpsnap_grid3x3_mid.json,789,9,12,20,11.1613,0.0,0.072,OPTIMAL
grid_3x3,seed_milpsnap_grid3x3_mid.json,790,9,12,18,11.1613,0.0,0.107,OPTIMAL
grid_3x3,seed_milpsnap_grid3x3_mid.json,791,9,12,21,11.1613,0.0,0.098,OPTIMAL
grid_3x3,seed_milpsnap_grid3x3_mid.json,792,9,12,17,11.1613,0.0,0.068,OPTIMAL
grid_3x3,seed_milpsnap_grid3x3_mid.json,793,9,12,15,11.1613,0.0,0.057,OPTIMAL
grid_3x3,seed_milpsnap_grid3x3_mid.json,794,9,12,14,11.1613,0.0,0.056,OPTIMAL
grid_3x3,seed_milpsnap_grid3x3_mid.json,795,9,12,11,22.2678,0.0,0.035,OPTIMAL
grid_3x3,seed_milpsnap_grid3x3_mid.json,796,9,12,12,11.1613,0.0,0.049,OPTIMAL
grid_3x3,seed_milpsnap_grid3x3_mid.json,797,9,12,12,11.1613,0.0,0.044,OPTIMAL
grid_3x3,seed_milpsnap_grid3x3_mid.json,798,9,12,12,11.1613,0.0,0.088,OPTIMAL
grid_3x3,seed_milpsnap_grid3x3_mid.json,799,9,12,10,11.1613,0.0,0.039,OPTIMAL
grid_3x3,seed_milpsnap_grid3x3_mid.json,800,9,12,11,11.1613,0.0,0.049,OPTIMAL
grid_3x3,seed_milpsnap_grid3x3_mid.json,801,9,12,11,11.1613,0.0,0.062,OPTIMAL
grid_3x3,seed_milpsnap_grid3x3_mid.json,802,9,12,14,11.1613,0.0,0.056,OPTIMAL
grid_3x3,seed_milpsnap_grid3x3_mid.json,803,9,12,13,11.1613,0.0,0.05,OPTIMAL
grid_3x3,seed_milpsnap_grid3x3_mid.json,804,9,12,15,11.1613,0.0,0.063,OPTIMAL
grid_3x3,seed_milpsnap_grid3x3_mid.json,805,9,12,16,11.1613,0.0,0.066,OPTIMAL
grid_3x3,seed_milpsnap_grid3x3_mid.json,806,9,12,15,11.1613,0.0,0.055,OPTIMAL
grid_3x3,seed_milpsnap_grid3x3_mid.json,807,9,12,19,11.1613,0.0,0.115,OPTIMAL
grid_3x3,seed_milpsnap_grid3x3_mid.json,808,9,12,18,11.1613,6.841934214796302e-05,0.075,OPTIMAL
grid_3x3,seed_milpsnap_grid3x3_mid.json,809,9,12,17,11.1613,0.0,0.067,OPTIMAL
grid_3x3,seed_milpsnap_grid3x3_mid.json,810,9,12,18,11.1613,0.0,0.069,OPTIMAL
grid_3x3,seed_milpsnap_grid3x3_mid.json,811,9,12,19,11.1613,0.0,0.072,OPTIMAL
grid_3x3,seed_milpsnap_grid3x3_mid.json,812,9,12,20,11.1613,0.0,0.073,OPTIMAL
grid_3x3,seed_milpsnap_grid3x3_mid.json,813,9,12,18,11.1613,0.0,0.064,OPTIMAL
grid_3x3,seed_milpsnap_grid3x3_mid.json,814,9,12,17,11.1613,0.0,0.089,OPTIMAL
grid_3x3,seed_milpsnap_grid3x3_mid.json,815,9,12,15,11.1613,0.0,0.057,OPTIMAL
grid_3x3,seed_milpsnap_grid3x3_mid.json,816,9,12,14,11.1613,0.0,0.054,OPTIMAL
grid_3x3,seed_milpsnap_grid3x3_mid.json,817,9,12,13,11.1613,0.0,0.047,OPTIMAL
grid_3x3,seed_milpsnap_grid3x3_mid.json,818,9,12,14,11.1613,0.0,0.054,OPTIMAL
grid_3x3,seed_milpsnap_grid3x3_mid.json,819,9,12,16,11.1613,6.841934214796302e-05,0.063,OPTIMAL
grid_3x3,seed_milpsnap_grid3x3_mid.json,820,9,12,13,11.1613,0.0,0.051,OPTIMAL
grid_3x3,seed_milpsnap_grid3x3_mid.json,821,9,12,13,22.2678,0.0,0.034,OPTIMAL
grid_3x3,seed_milpsnap_grid3x3_mid.json,822,9,12,12,22.2678,0.0,0.035,OPTIMAL
grid_3x3,seed_milpsnap_grid3x3_mid.json,823,9,12,11,22.2678,0.0,0.033,OPTIMAL
grid_3x3,seed_milpsnap_grid3x3_mid.json,824,9,12,11,22.2678,0.0,0.04,OPTIMAL
grid_3x3,seed_milpsnap_grid3x3_mid.json,825,9,12,12,22.2678,0.0,0.076,OPTIMAL
grid_3x3,seed_milpsnap_grid3x3_mid.json,826,9,12,13,22.2678,0.0,0.038,OPTIMAL
grid_3x3,seed_milpsnap_grid3x3_mid.json,827,9,12,12,22.2678,0.0,0.037,OPTIMAL
grid_3x3,seed_milpsnap_grid3x3_mid.json,828,9,12,11,22.2678,0.0,0.038,OPTIMAL
grid_3x3,seed_milpsnap_grid3x3_mid.json,829,9,12,11,22.2678,0.0,0.037,OPTIMAL
grid_3x3,seed_milpsnap_grid3x3_mid.json,830,9,12,9,22.2678,0.0,0.029,OPTIMAL
grid_3x3,seed_milpsnap_grid3x3_mid.json,831,9,12,9,22.2678,0.0,0.029,OPTIMAL
grid_3x3,seed_milpsnap_grid3x3_mid.json,832,9,12,10,11.1613,0.0,0.042,OPTIMAL
grid_3x3,seed_milpsnap_grid3x3_mid.json,833,9,12,9,11.1613,0.0,0.039,OPTIMAL
grid_3x3,seed_milpsnap_grid3x3_mid.json,834,9,12,10,11.1613,0.0,0.041,OPTIMAL
grid_3x3,seed_milpsnap_grid3x3_mid.json,835,9,12,9,11.1613,0.0,0.042,OPTIMAL
grid_3x3,seed_milpsnap_grid3x3_mid.json,836,9,12,8,11.1613,0.0,0.034,OPTIMAL
grid_3x3,seed_milpsnap_grid3x3_mid.json,837,9,12,8,11.1613,0.0,0.036,OPTIMAL
grid_3x3,seed_milpsnap_grid3x3_mid.json,838,9,12,9,11.1613,0.0,0.06,OPTIMAL
grid_3x3,seed_milpsnap_grid3x3_mid.json,839,9,12,10,11.1613,0.0,0.071,OPTIMAL
grid_3x3,seed_milpsnap_grid3x3_mid.json,840,9,12,11,11.1613,0.0,0.056,OPTIMAL
grid_3x3,seed_milpsnap_grid3x3_mid.json,841,9,12,13,11.1613,0.0,0.056,OPTIMAL
grid_3x3,seed_milpsnap_grid3x3_mid.json,842,9,12,14,11.1613,0.0,0.062,OPTIMAL
grid_3x3,seed_milpsnap_grid3x3_mid.json,843,9,12,15,11.1613,0.0,0.058,OPTIMAL
grid_3x3,seed_milpsnap_grid3x3_mid.json,844,9,12,13,11.1613,0.0,0.051,OPTIMAL
grid_3x3,seed_milpsnap_grid3x3_mid.json,845,9,12,12,11.1613,0.0,0.049,OPTIMAL
grid_3x3,seed_milpsnap_grid3x3_mid.json,846,9,12,13,11.1613,0.0,0.063,OPTIMAL
grid_3x3,seed_milpsnap_grid3x3_mid.json,847,9,12,15,11.1613,0.0,0.07,OPTIMAL
grid_3x3,seed_milpsnap_grid3x3_mid.json,848,9,12,17,11.1613,0.0,0.093,OPTIMAL
grid_3x3,seed_milpsnap_grid3x3_mid.json,849,9,12,19,11.1613,0.0,0.07,OPTIMAL
grid_3x3,seed_milpsnap_grid3x3_mid.json,850,9,12,17,11.1613,6.841934214796302e-05,0.07,OPTIMAL
grid_3x3,seed_milpsnap_grid3x3_mid.json,851,9,12,17,11.1613,6.841934214796302e-05,0.067,OPTIMAL
grid_3x3,seed_milpsnap_grid3x3_mid.json,852,9,12,16,11.1613,0.0,0.061,OPTIMAL
grid_3x3,seed_milpsnap_grid3x3_mid.json,853,9,12,17,11.1613,0.0,0.069,OPTIMAL
grid_3x3,seed_milpsnap_grid3x3_mid.json,854,9,12,16,11.1613,0.0,0.116,OPTIMAL
grid_3x3,seed_milpsnap_grid3x3_mid.json,855,9,12,15,11.1613,0.0,0.266,OPTIMAL
grid_3x3,seed_milpsnap_grid3x3_mid.json,856,9,12,17,11.1613,0.0,0.12,OPTIMAL
grid_3x3,seed_milpsnap_grid3x3_mid.json,857,9,12,19,11.1613,0.0,0.126,OPTIMAL
grid_3x3,seed_milpsnap_grid3x3_mid.json,858,9,12,16,11.1613,0.0,0.06,OPTIMAL
grid_3x3,seed_milpsnap_grid3x3_mid.json,859,9,12,16,11.1613,0.0,0.061,OPTIMAL
grid_3x3,seed_milpsnap_grid3x3_mid.json,860,9,12,14,11.1613,0.0,0.051,OPTIMAL
grid_3x3,seed_milpsnap_grid3x3_mid.json,861,9,12,15,11.1613,0.0,0.053,OPTIMAL
grid_3x3,seed_milpsnap_grid3x3_mid.json,862,9,12,12,11.1613,0.0,0.044,OPTIMAL
grid_3x3,seed_milpsnap_grid3x3_mid.json,863,9,12,13,11.1613,0.0,0.047,OPTIMAL
grid_3x3,seed_milpsnap_grid3x3_mid.json,864,9,12,16,11.1613,0.0,0.061,OPTIMAL
grid_3x3,seed_milpsnap_grid3x3_mid.json,865,9,12,19,11.1613,0.0,0.071,OPTIMAL
grid_3x3,seed_milpsnap_grid3x3_mid.json,866,9,12,17,11.1613,0.0,0.102,OPTIMAL
grid_3x3,seed_milpsnap_grid3x3_mid.json,867,9,12,16,11.1613,0.0,0.059,OPTIMAL
grid_3x3,seed_milpsnap_grid3x3_mid.json,868,9,12,18,11.1613,0.0,0.068,OPTIMAL
grid_3x3,seed_milpsnap_grid3x3_mid.json,869,9,12,17,11.1613,6.841934214796302e-05,0.06,OPTIMAL
grid_3x3,seed_milpsnap_grid3x3_mid.json,870,9,12,17,11.1613,6.841934214796302e-05,0.064,OPTIMAL
grid_3x3,seed_milpsnap_grid3x3_mid.json,871,9,12,18,11.1613,0.0,0.081,OPTIMAL
grid_3x3,seed_milpsnap_grid3x3_mid.json,872,9,12,17,11.1613,0.0,0.068,OPTIMAL
grid_3x3,seed_milpsnap_grid3x3_mid.json,873,9,12,16,11.1613,0.0,0.081,OPTIMAL
grid_3x3,seed_milpsnap_grid3x3_mid.json,874,9,12,17,11.1613,0.0,0.089,OPTIMAL
grid_3x3,seed_milpsnap_grid3x3_mid.json,875,9,12,13,11.1613,0.0,0.05,OPTIMAL
grid_3x3,seed_milpsnap_grid3x3_mid.json,876,9,12,10,22.2678,0.0,0.032,OPTIMAL
grid_3x3,seed_milpsnap_grid3x3_mid.json,877,9,12,11,22.2678,0.0,0.036,OPTIMAL
grid_3x3,seed_milpsnap_grid3x3_mid.json,878,9,12,12,22.2678,0.0,0.036,OPTIMAL
grid_3x3,seed_milpsnap_grid3x3_mid.json,879,9,12,10,22.2678,0.0,0.033,OPTIMAL
grid_3x3,seed_milpsnap_grid3x3_mid.json,880,9,12,11,22.2678,0.0,0.036,OPTIMAL
grid_3x3,seed_milpsnap_grid3x3_mid.json,881,9,12,11,11.1613,0.0,0.047,OPTIMAL
grid_3x3,seed_milpsnap_grid3x3_mid.json,882,9,12,1,66.694,0.0,0.007,OPTIMAL
grid_3x3,seed_milpsnap_grid3x3_mid.json,883,9,12,3,33.3744,0.0,0.013,OPTIMAL
grid_3x3,seed_milpsnap_grid3x3_mid.json,884,9,12,5,33.3744,0.0,0.019,OPTIMAL
grid_3x3,seed_milpsnap_grid3x3_mid.json,885,9,12,6,22.2678,0.0,0.019,OPTIMAL
grid_3x3,seed_milpsnap_grid3x3_mid.json,886,9,12,8,22.2678,0.0,0.027,OPTIMAL
grid_3x3,seed_milpsnap_grid3x3_mid.json,887,9,12,11,11.1613,0.0,0.058,OPTIMAL
grid_3x3,seed_milpsnap_grid3x3_mid.json,888,9,12,13,11.1613,0.0,0.091,OPTIMAL
grid_3x3,seed_milpsnap_grid3x3_mid.json,889,9,12,12,11.1613,6.841934214796302e-05,0.052,OPTIMAL
grid_3x3,seed_milpsnap_grid3x3_mid.json,890,9,12,13,11.1613,0.0,0.069,OPTIMAL
grid_3x3,seed_milpsnap_grid3x3_mid.json,891,9,12,12,11.1613,0.0,0.23,OPTIMAL
grid_3x3,seed_milpsnap_grid3x3_mid.json,892,9,12,10,22.2678,0.0,0.045,OPTIMAL
grid_3x3,seed_milpsnap_grid3x3_mid.json,893,9,12,9,22.2678,0.0,0.076,OPTIMAL
grid_3x3,seed_milpsnap_grid3x3_mid.json,894,9,12,7,22.2678,7.819525354803851e-05,0.07,OPTIMAL
grid_3x3,seed_milpsnap_grid3x3_mid.json,895,9,12,8,22.2678,0.0,0.059,OPTIMAL
grid_3x3,seed_milpsnap_grid3x3_mid.json,896,9,12,10,22.2678,0.0,0.039,OPTIMAL
grid_3x3,seed_milpsnap_grid3x3_mid.json,897,9,12,8,11.1613,0.0,0.043,OPTIMAL
grid_3x3,seed_milpsnap_grid3x3_mid.json,898,9,12,10,11.1613,0.0,0.046,OPTIMAL
grid_3x3,seed_milpsnap_grid3x3_mid.json,899,9,12,11,11.1613,6.841934214796302e-05,0.044,OPTIMAL
grid_3x3,seed_milpsnap_grid3x3_mid.json,900,9,12,12,11.1613,0.0,0.053,OPTIMAL
grid_3x3,seed_milpsnap_grid3x3_mid.json,901,9,12,14,11.1613,0.0,0.063,OPTIMAL
grid_3x3,seed_milpsnap_grid3x3_mid.json,902,9,12,13,11.1613,0.0,0.064,OPTIMAL
grid_3x3,seed_milpsnap_grid3x3_mid.json,903,9,12,15,11.1613,0.0,0.096,OPTIMAL
grid_3x3,seed_milpsnap_grid3x3_mid.json,904,9,12,15,11.1613,0.0,0.074,OPTIMAL
grid_3x3,seed_milpsnap_grid3x3_mid.json,905,9,12,17,11.1613,0.0,0.082,OPTIMAL
grid_3x3,seed_milpsnap_grid3x3_mid.json,906,9,12,17,11.1613,0.0,0.078,OPTIMAL
grid_3x3,seed_milpsnap_grid3x3_mid.json,907,9,12,16,22.2678,0.0,0.054,OPTIMAL
grid_3x3,seed_milpsnap_grid3x3_mid.json,908,9,12,16,11.1613,0.0,0.064,OPTIMAL
grid_3x3,seed_milpsnap_grid3x3_mid.json,909,9,12,14,11.1613,0.0,0.065,OPTIMAL
grid_3x3,seed_milpsnap_grid3x3_mid.json,910,9,12,15,11.1613,6.841934214796302e-05,0.097,OPTIMAL
grid_3x3,seed_milpsnap_grid3x3_mid.json,911,9,12,16,11.1613,6.841934214796302e-05,0.061,OPTIMAL
grid_3x3,seed_milpsnap_grid3x3_mid.json,912,9,12,18,11.1613,0.0,0.066,OPTIMAL
grid_3x3,seed_milpsnap_grid3x3_mid.json,913,9,12,17,11.1613,0.0,0.066,OPTIMAL
grid_3x3,seed_milpsnap_grid3x3_mid.json,914,9,12,18,11.1613,0.0,0.068,OPTIMAL
grid_3x3,seed_milpsnap_grid3x3_mid.json,915,9,12,19,11.1613,0.0,0.076,OPTIMAL
grid_3x3,seed_milpsnap_grid3x3_mid.json,916,9,12,19,11.1613,0.0,0.07,OPTIMAL
grid_3x3,seed_milpsnap_grid3x3_mid.json,917,9,12,19,11.1613,0.0,0.107,OPTIMAL
grid_3x3,seed_milpsnap_grid3x3_mid.json,918,9,12,20,11.1613,0.0,0.071,OPTIMAL
grid_3x3,seed_milpsnap_grid3x3_mid.json,919,9,12,19,11.1613,0.0,0.073,OPTIMAL
grid_3x3,seed_milpsnap_grid3x3_mid.json,920,9,12,21,11.1613,0.0,0.092,OPTIMAL
grid_3x3,seed_milpsnap_grid3x3_mid.json,921,9,12,21,11.1613,6.841934214796302e-05,0.083,OPTIMAL
grid_3x3,seed_milpsnap_grid3x3_mid.json,922,9,12,20,11.1613,0.0,0.075,OPTIMAL
grid_3x3,seed_milpsnap_grid3x3_mid.json,923,9,12,19,11.1613,0.0,0.117,OPTIMAL
grid_3x3,seed_milpsnap_grid3x3_mid.json,924,9,12,17,11.1613,0.0,0.07,OPTIMAL
grid_3x3,seed_milpsnap_grid3x3_mid.json,925,9,12,16,11.1613,0.0,0.069,OPTIMAL
grid_3x3,seed_milpsnap_grid3x3_mid.json,926,9,12,14,11.1613,0.0,0.055,OPTIMAL
grid_3x3,seed_milpsnap_grid3x3_mid.json,927,9,12,15,11.1613,6.841934214796302e-05,0.054,OPTIMAL
grid_3x3,seed_milpsnap_grid3x3_mid.json,928,9,12,12,11.1613,6.841934214796302e-05,0.051,OPTIMAL
grid_3x3,seed_milpsnap_grid3x3_mid.json,929,9,12,13,11.1613,0.0,0.061,OPTIMAL
grid_3x3,seed_milpsnap_grid3x3_mid.json,930,9,12,11,11.1613,0.0,0.047,OPTIMAL
grid_3x3,seed_milpsnap_grid3x3_mid.json,931,9,12,14,11.1613,0.0,0.056,OPTIMAL
grid_3x3,seed_milpsnap_grid3x3_mid.json,932,9,12,14,11.1613,6.841934214796302e-05,0.092,OPTIMAL
grid_3x3,seed_milpsnap_grid3x3_mid.json,933,9,12,15,11.1613,0.0,0.066,OPTIMAL
grid_3x3,seed_milpsnap_grid3x3_mid.json,934,9,12,13,11.1613,0.0,0.057,OPTIMAL
grid_3x3,seed_milpsnap_grid3x3_mid.json,935,9,12,13,11.1613,0.0,0.06,OPTIMAL
grid_3x3,seed_milpsnap_grid3x3_mid.json,936,9,12,14,11.1613,0.0,0.061,OPTIMAL
grid_3x3,seed_milpsnap_grid3x3_mid.json,937,9,12,16,11.1613,0.0,0.074,OPTIMAL
grid_3x3,seed_milpsnap_grid3x3_mid.json,938,9,12,16,11.1613,6.841934214796302e-05,0.066,OPTIMAL
grid_3x3,seed_milpsnap_grid3x3_mid.json,939,9,12,18,11.1613,0.0,0.087,OPTIMAL
grid_3x3,seed_milpsnap_grid3x3_mid.json,940,9,12,19,11.1613,6.841934214796302e-05,0.113,OPTIMAL
grid_3x3,seed_milpsnap_grid3x3_mid.json,941,9,12,19,11.1613,0.0,0.074,OPTIMAL
grid_3x3,seed_milpsnap_grid3x3_mid.json,942,9,12,21,11.1613,0.0,0.088,OPTIMAL
grid_3x3,seed_milpsnap_grid3x3_mid.json,943,9,12,19,11.1613,0.0,0.079,OPTIMAL
grid_3x3,seed_milpsnap_grid3x3_mid.json,944,9,12,21,11.1613,0.0,0.095,OPTIMAL
grid_3x3,seed_milpsnap_grid3x3_mid.json,945,9,12,18,11.1613,0.0,0.081,OPTIMAL
grid_3x3,seed_milpsnap_grid3x3_mid.json,946,9,12,17,11.1613,0.0,0.106,OPTIMAL
grid_3x3,seed_milpsnap_grid3x3_mid.json,947,9,12,16,11.1613,0.0,0.075,OPTIMAL
grid_3x3,seed_milpsnap_grid3x3_mid.json,948,9,12,17,11.1613,0.0,0.062,OPTIMAL
grid_3x3,seed_milpsnap_grid3x3_mid.json,949,9,12,16,11.1613,0.0,0.064,OPTIMAL
grid_3x3,seed_milpsnap_grid3x3_mid.json,950,9,12,17,11.1613,0.0,0.064,OPTIMAL
grid_3x3,seed_milpsnap_grid3x3_mid.json,951,9,12,18,11.1613,6.841934214796302e-05,0.069,OPTIMAL
grid_3x3,seed_milpsnap_grid3x3_mid.json,952,9,12,17,11.1613,0.0,0.073,OPTIMAL
grid_3x3,seed_milpsnap_grid3x3_mid.json,953,9,12,15,11.1613,0.0,0.077,OPTIMAL
grid_3x3,seed_milpsnap_grid3x3_mid.json,954,9,12,14,11.1613,0.0,0.051,OPTIMAL
grid_3x3,seed_milpsnap_grid3x3_mid.json,955,9,12,14,11.1613,6.841934214796302e-05,0.056,OPTIMAL
grid_3x3,seed_milpsnap_grid3x3_mid.json,956,9,12,15,11.1613,0.0,0.058,OPTIMAL
grid_3x3,seed_milpsnap_grid3x3_mid.json,957,9,12,14,11.1613,6.841934214796302e-05,0.062,OPTIMAL
grid_3x3,seed_milpsnap_grid3x3_mid.json,958,9,12,15,11.1613,6.841934214796302e-05,0.054,OPTIMAL
grid_3x3,seed_milpsnap_grid3x3_mid.json,959,9,12,14,11.1613,0.0,0.051,OPTIMAL
grid_3x3,seed_milpsnap_grid3x3_mid.json,960,9,12,14,11.1613,0.0,0.059,OPTIMAL
grid_3x3,seed_milpsnap_grid3x3_mid.json,961,9,12,15,11.1613,0.0,0.071,OPTIMAL
grid_3x3,seed_milpsnap_grid3x3_mid.json,962,9,12,15,11.1613,0.0,0.088,OPTIMAL
grid_3x3,seed_milpsnap_grid3x3_mid.json,963,9,12,14,11.1613,0.0,0.055,OPTIMAL
grid_3x3,seed_milpsnap_grid3x3_mid.json,964,9,12,16,11.1613,0.0,0.066,OPTIMAL
grid_3x3,seed_milpsnap_grid3x3_mid.json,965,9,12,15,11.1613,0.0,0.06,OPTIMAL
grid_3x3,seed_milpsnap_grid3x3_mid.json,966,9,12,13,11.1613,0.0,0.053,OPTIMAL
grid_3x3,seed_milpsnap_grid3x3_mid.json,967,9,12,14,11.1613,0.0,0.056,OPTIMAL
grid_3x3,seed_milpsnap_grid3x3_mid.json,968,9,12,15,11.1613,0.0,0.065,OPTIMAL
grid_3x3,seed_milpsnap_grid3x3_mid.json,969,9,12,14,22.2678,0.0,0.044,OPTIMAL
grid_3x3,seed_milpsnap_grid3x3_mid.json,970,9,12,13,22.2678,0.0,0.044,OPTIMAL
grid_3x3,seed_milpsnap_grid3x3_mid.json,971,9,12,11,22.2678,0.0,0.058,OPTIMAL
grid_3x3,seed_milpsnap_grid3x3_mid.json,972,9,12,10,22.2678,0.0,0.033,OPTIMAL
grid_3x3,seed_milpsnap_grid3x3_mid.json,973,9,12,9,22.2678,0.0,0.025,OPTIMAL
grid_3x3,seed_milpsnap_grid3x3_mid.json,974,9,12,10,22.2678,0.0,0.048,OPTIMAL
grid_3x3,seed_milpsnap_grid3x3_mid.json,975,9,12,9,22.2678,7.819525354814963e-05,0.043,OPTIMAL
grid_3x3,seed_milpsnap_grid3x3_mid.json,976,9,12,9,22.2678,0.0,0.033,OPTIMAL
grid_3x3,seed_milpsnap_grid3x3_mid.json,977,9,12,8,22.2678,0.0,0.025,OPTIMAL
grid_3x3,seed_milpsnap_grid3x3_mid.json,978,9,12,9,22.2678,0.0,0.028,OPTIMAL
grid_3x3,seed_milpsnap_grid3x3_mid.json,979,9,12,8,22.2678,0.0,0.03,OPTIMAL
grid_3x3,seed_milpsnap_grid3x3_mid.json,980,9,12,9,11.1613,0.0,0.044,OPTIMAL
grid_3x3,seed_milpsnap_grid3x3_mid.json,981,9,12,10,11.1613,0.0,0.051,OPTIMAL
grid_3x3,seed_milpsnap_grid3x3_mid.json,982,9,12,9,11.1613,0.0,0.05,OPTIMAL
grid_3x3,seed_milpsnap_grid3x3_mid.json,983,9,12,8,11.1613,0.0,0.064,OPTIMAL
grid_3x3,seed_milpsnap_grid3x3_mid.json,984,9,12,11,11.1613,0.0,0.089,OPTIMAL
grid_3x3,seed_milpsnap_grid3x3_mid.json,985,9,12,12,11.1613,0.0,0.068,OPTIMAL
grid_3x3,seed_milpsnap_grid3x3_mid.json,986,9,12,13,11.1613,6.841934214796302e-05,0.067,OPTIMAL
grid_3x3,seed_milpsnap_grid3x3_mid.json,987,9,12,11,11.1613,0.0,0.06,OPTIMAL
grid_3x3,seed_milpsnap_grid3x3_mid.json,988,9,12,10,11.1613,0.0,0.071,OPTIMAL
grid_3x3,seed_milpsnap_grid3x3_mid.json,989,9,12,12,11.1613,0.0,0.073,OPTIMAL
grid_3x3,seed_milpsnap_grid3x3_mid.json,990,9,12,14,11.1613,0.0,0.07,OPTIMAL
grid_3x3,seed_milpsnap_grid3x3_mid.json,991,9,12,14,11.1613,0.0,0.344,OPTIMAL
grid_3x3,seed_milpsnap_grid3x3_mid.json,992,9,12,14,11.1613,0.0,0.092,OPTIMAL
grid_3x3,seed_milpsnap_grid3x3_mid.json,993,9,12,14,11.1613,0.0,0.07,OPTIMAL
grid_3x3,seed_milpsnap_grid3x3_mid.json,994,9,12,13,11.1613,0.0,0.083,OPTIMAL
grid_3x3,seed_milpsnap_grid3x3_mid.json,995,9,12,15,11.1613,6.841934214796302e-05,0.065,OPTIMAL
grid_3x3,seed_milpsnap_grid3x3_mid.json,996,9,12,16,11.1613,0.0,0.069,OPTIMAL
grid_3x3,seed_milpsnap_grid3x3_mid.json,997,9,12,13,11.1613,0.0,0.048,OPTIMAL
grid_3x3,seed_milpsnap_grid3x3_mid.json,998,9,12,12,11.1613,0.0,0.046,OPTIMAL
grid_3x3,seed_milpsnap_grid3x3_mid.json,999,9,12,11,11.1613,0.0,0.042,OPTIMAL
grid_3x3,seed_milpsnap_grid3x3_mid.json,1000,9,12,12,11.1613,0.0,0.049,OPTIMAL
grid_3x3,seed_milpsnap_grid3x3_mid.json,1001,9,12,10,11.1613,0.0,0.035,OPTIMAL
grid_3x3,seed_milpsnap_grid3x3_mid.json,1002,9,12,7,22.2678,0.0,0.025,OPTIMAL
grid_3x3,seed_milpsnap_grid3x3_mid.json,1003,9,12,7,11.1613,0.0,0.029,OPTIMAL
grid_3x3,seed_milpsnap_grid3x3_mid.json,1004,9,12,7,22.2678,0.0,0.023,OPTIMAL
grid_3x3,seed_milpsnap_grid3x3_mid.json,1005,9,12,8,22.2678,0.0,0.037,OPTIMAL
grid_3x3,seed_milpsnap_grid3x3_mid.json,1006,9,12,9,11.1613,0.0,0.056,OPTIMAL
grid_3x3,seed_milpsnap_grid3x3_mid.json,1007,9,12,8,22.2678,0.0,0.026,OPTIMAL
grid_3x3,seed_milpsnap_grid3x3_mid.json,1008,9,12,8,22.2678,0.0,0.022,OPTIMAL
grid_3x3,seed_milpsnap_grid3x3_mid.json,1009,9,12,10,11.1613,0.0,0.038,OPTIMAL
grid_3x3,seed_milpsnap_grid3x3_mid.json,1010,9,12,1,77.8006,0.0,0.003,OPTIMAL
grid_3x3,seed_milpsnap_grid3x3_mid.json,1011,9,12,2,55.5875,0.0,0.008,OPTIMAL
grid_3x3,seed_milpsnap_grid3x3_mid.json,1012,9,12,3,55.5875,0.0,0.011,OPTIMAL
grid_3x3,seed_milpsnap_grid3x3_mid.json,1013,9,12,4,55.5875,0.0,0.016,OPTIMAL
grid_3x3,seed_milpsnap_grid3x3_mid.json,1014,9,12,5,44.4809,0.0,0.017,OPTIMAL
grid_3x3,seed_milpsnap_grid3x3_mid.json,1015,9,12,6,22.2815,0.0,0.022,OPTIMAL
grid_3x3,seed_milpsnap_grid3x3_mid.json,1016,9,12,8,11.1749,6.842987648401071e-05,0.03,OPTIMAL
grid_3x3,seed_milpsnap_grid3x3_mid.json,1017,9,12,9,11.1749,0.0,0.035,OPTIMAL
grid_3x3,seed_milpsnap_grid3x3_mid.json,1018,9,12,8,11.1749,0.0,0.033,OPTIMAL
grid_3x3,seed_milpsnap_grid3x3_mid.json,1019,9,12,7,11.1749,0.0,0.032,OPTIMAL
grid_3x3,seed_milpsnap_grid3x3_mid.json,1020,9,12,8,11.1749,0.0,0.03,OPTIMAL
grid_3x3,seed_milpsnap_grid3x3_mid.json,1021,9,12,8,11.1749,0.0,0.035,OPTIMAL
grid_3x3,seed_milpsnap_grid3x3_mid.json,1022,9,12,9,11.1613,0.0,0.036,OPTIMAL
grid_3x3,seed_milpsnap_grid3x3_mid.json,1023,9,12,11,11.1613,0.0,0.05,OPTIMAL
grid_3x3,seed_milpsnap_grid3x3_mid.json,1024,9,12,13,11.1613,0.0,0.06,OPTIMAL
grid_3x3,seed_milpsnap_grid3x3_mid.json,1025,9,12,13,11.1613,0.0,0.077,OPTIMAL
grid_3x3,seed_milpsnap_grid3x3_mid.json,1026,9,12,15,11.1613,0.0,0.064,OPTIMAL
grid_3x3,seed_milpsnap_grid3x3_mid.json,1027,9,12,17,11.1613,0.0,0.069,OPTIMAL
grid_3x3,seed_milpsnap_grid3x3_mid.json,1028,9,12,19,11.1613,0.0,0.082,OPTIMAL
grid_3x3,seed_milpsnap_grid3x3_mid.json,1029,9,12,17,11.1613,0.0,0.077,OPTIMAL
grid_3x3,seed_milpsnap_grid3x3_mid.json,1030,9,12,17,11.1613,0.0,0.066,OPTIMAL
grid_3x3,seed_milpsnap_grid3x3_mid.json,1031,9,12,19,11.1613,0.0,0.078,OPTIMAL
grid_3x3,seed_milpsnap_grid3x3_mid.json,1032,9,12,18,11.1613,0.0,0.1,OPTIMAL
grid_3x3,seed_milpsnap_grid3x3_mid.json,1033,9,12,18,11.1613,0.0,0.076,OPTIMAL
grid_3x3,seed_milpsnap_grid3x3_mid.json,1034,9,12,18,11.1613,0.0,0.069,OPTIMAL
grid_3x3,seed_milpsnap_grid3x3_mid.json,1035,9,12,17,11.1613,0.0,0.078,OPTIMAL
grid_3x3,seed_milpsnap_grid3x3_mid.json,1036,9,12,16,22.2678,0.0,0.047,OPTIMAL
grid_3x3,seed_milpsnap_grid3x3_mid.json,1037,9,12,15,22.2678,0.0,0.05,OPTIMAL
grid_3x3,seed_milpsnap_grid3x3_mid.json,1038,9,12,17,22.2678,0.0,0.054,OPTIMAL
grid_3x3,seed_milpsnap_grid3x3_mid.json,1039,9,12,16,22.2678,0.0,0.057,OPTIMAL
grid_3x3,seed_milpsnap_grid3x3_mid.json,1040,9,12,14,22.2678,0.0,0.069,OPTIMAL
grid_3x3,seed_milpsnap_grid3x3_mid.json,1041,9,12,16,11.1613,0.0,0.066,OPTIMAL
grid_3x3,seed_milpsnap_grid3x3_mid.json,1042,9,12,15,11.1613,0.0,0.057,OPTIMAL
grid_3x3,seed_milpsnap_grid3x3_mid.json,1043,9,12,16,11.1613,0.0,0.065,OPTIMAL
grid_3x3,seed_milpsnap_grid3x3_mid.json,1044,9,12,14,11.1613,0.0,0.051,OPTIMAL
grid_3x3,seed_milpsnap_grid3x3_mid.json,1045,9,12,13,11.1613,0.0,0.049,OPTIMAL
grid_3x3,seed_milpsnap_grid3x3_mid.json,1046,9,12,16,11.1613,0.0,0.067,OPTIMAL
grid_3x3,seed_milpsnap_grid3x3_mid.json,1047,9,12,17,11.1613,0.0,0.066,OPTIMAL
grid_3x3,seed_milpsnap_grid3x3_mid.json,1048,9,12,16,11.1613,6.841934214796302e-05,0.093,OPTIMAL
grid_3x3,seed_milpsnap_grid3x3_mid.json,1049,9,12,16,11.1613,0.0,0.064,OPTIMAL
grid_3x3,seed_milpsnap_grid3x3_mid.json,1050,9,12,15,11.1613,0.0,0.055,OPTIMAL
grid_3x3,seed_milpsnap_grid3x3_mid.json,1051,9,12,16,11.1613,6.841934214796302e-05,0.065,OPTIMAL
grid_3x3,seed_milpsnap_grid3x3_mid.json,1052,9,12,15,11.1613,0.0,0.063,OPTIMAL
grid_3x3,seed_milpsnap_grid3x3_mid.json,1053,9,12,16,11.1613,0.0,0.06,OPTIMAL
grid_3x3,seed_milpsnap_grid3x3_mid.json,1054,9,12,13,11.1613,0.0,0.059,OPTIMAL
grid_3x3,seed_milpsnap_grid3x3_mid.json,1055,9,12,13,11.1613,0.0,0.056,OPTIMAL
grid_3x3,seed_milpsnap_grid3x3_mid.json,1056,9,12,14,11.1613,0.0,0.083,OPTIMAL
grid_3x3,seed_milpsnap_grid3x3_mid.json,1057,9,12,13,11.1613,0.0,0.049,OPTIMAL
grid_3x3,seed_milpsnap_grid3x3_mid.json,1058,9,12,10,11.1613,0.0,0.036,OPTIMAL
grid_3x3,seed_milpsnap_grid3x3_mid.json,1059,9,12,10,11.1613,0.0,0.043,OPTIMAL
grid_3x3,seed_milpsnap_grid3x3_mid.json,1060,9,12,9,11.1613,0.0,0.033,OPTIMAL
grid_3x3,seed_milpsnap_grid3x3_mid.json,1061,9,12,10,11.1613,0.0,0.047,OPTIMAL
grid_3x3,seed_milpsnap_grid3x3_mid.json,1062,9,12,10,11.1613,0.0,0.038,OPTIMAL
grid_3x3,seed_milpsnap_grid3x3_mid.json,1063,9,12,10,11.1613,0.0,0.043,OPTIMAL
grid_3x3,seed_milpsnap_grid3x3_mid.json,1064,9,12,8,11.1613,0.0,0.034,OPTIMAL
grid_3x3,seed_milpsnap_grid3x3_mid.json,1065,9,12,9,11.1613,6.841934214796302e-05,0.036,OPTIMAL
grid_3x3,seed_milpsnap_grid3x3_mid.json,1066,9,12,8,11.1613,0.0,0.033,OPTIMAL
grid_3x3,seed_milpsnap_grid3x3_mid.json,1067,9,12,9,11.1613,0.0,0.036,OPTIMAL
grid_3x3,seed_milpsnap_grid3x3_mid.json,1068,9,12,8,22.2678,0.0,0.022,OPTIMAL
grid_3x3,seed_milpsnap_grid3x3_mid.json,1069,9,12,7,33.3744,0.0,0.022,OPTIMAL
grid_3x3,seed_milpsnap_grid3x3_mid.json,1070,9,12,8,11.1749,0.0,0.037,OPTIMAL
grid_3x3,seed_milpsnap_grid3x3_mid.json,1071,9,12,10,11.1613,6.841934214796302e-05,0.066,OPTIMAL
grid_3x3,seed_milpsnap_grid3x3_mid.json,1072,9,12,9,11.1613,0.0,0.038,OPTIMAL
grid_3x3,seed_milpsnap_grid3x3_mid.json,1073,9,12,10,11.1613,0.0,0.035,OPTIMAL
grid_3x3,seed_milpsnap_grid3x3_mid.json,1074,9,12,11,11.1613,0.0,0.045,OPTIMAL
grid_3x3,seed_milpsnap_grid3x3_mid.json,1075,9,12,13,11.1613,0.0,0.056,OPTIMAL
grid_3x3,seed_milpsnap_grid3x3_mid.json,1076,9,12,13,11.1613,0.0,0.052,OPTIMAL
grid_3x3,seed_milpsnap_grid3x3_mid.json,1077,9,12,13,11.1613,0.0,0.049,OPTIMAL
grid_3x3,seed_milpsnap_grid3x3_mid.json,1078,9,12,16,11.1613,0.0,0.064,OPTIMAL
grid_3x3,seed_milpsnap_grid3x3_mid.json,1079,9,12,17,11.1613,0.0,0.067,OPTIMAL
grid_3x3,seed_milpsnap_grid3x3_mid.json,1080,9,12,18,11.1613,0.0,0.11,OPTIMAL
grid_3x3,seed_milpsnap_grid3x3_mid.json,1081,9,12,21,11.1613,0.0,0.083,OPTIMAL
grid_3x3,seed_milpsnap_grid3x3_mid.json,1082,9,12,21,11.1613,6.841934214796302e-05,0.085,OPTIMAL
grid_3x3,seed_milpsnap_grid3x3_mid.json,1083,9,12,19,11.1613,0.0,0.072,OPTIMAL
grid_3x3,seed_milpsnap_grid3x3_mid.json,1084,9,12,21,11.1613,0.0,0.081,OPTIMAL
grid_3x3,seed_milpsnap_grid3x3_mid.json,1085,9,12,21,11.1613,0.0,0.092,OPTIMAL
grid_3x3,seed_milpsnap_grid3x3_mid.json,1086,9,12,20,11.1613,0.0,0.121,OPTIMAL
grid_3x3,seed_milpsnap_grid3x3_mid.json,1087,9,12,21,11.1613,0.0,0.139,OPTIMAL
grid_3x3,seed_milpsnap_grid3x3_mid.json,1088,9,12,19,11.1613,0.0,0.113,OPTIMAL
grid_3x3,seed_milpsnap_grid3x3_mid.json,1089,9,12,18,11.1613,0.0,0.085,OPTIMAL
grid_3x3,seed_milpsnap_grid3x3_mid.json,1090,9,12,18,11.1613,0.0,0.083,OPTIMAL
grid_3x3,seed_milpsnap_grid3x3_mid.json,1091,9,12,15,11.1613,0.0,0.102,OPTIMAL
grid_3x3,seed_milpsnap_grid3x3_mid.json,1092,9,12,14,11.1613,0.0,0.061,OPTIMAL
grid_3x3,seed_milpsnap_grid3x3_mid.json,1093,9,12,12,11.1613,0.0,0.05,OPTIMAL
grid_3x3,seed_milpsnap_grid3x3_mid.json,1094,9,12,14,11.1613,6.841934214796302e-05,0.053,OPTIMAL
grid_3x3,seed_milpsnap_grid3x3_mid.json,1095,9,12,13,11.1613,6.841934214796302e-05,0.052,OPTIMAL
grid_3x3,seed_milpsnap_grid3x3_mid.json,1096,9,12,13,11.1613,0.0,0.06,OPTIMAL
grid_3x3,seed_milpsnap_grid3x3_mid.json,1097,9,12,14,11.1613,0.0,0.063,OPTIMAL
grid_3x3,seed_milpsnap_grid3x3_mid.json,1098,9,12,13,11.1613,0.0,0.059,OPTIMAL
grid_3x3,seed_milpsnap_grid3x3_mid.json,1099,9,12,12,22.2678,0.0,0.044,OPTIMAL
grid_3x3,seed_milpsnap_grid3x3_mid.json,1100,9,12,11,22.2678,0.0,0.055,OPTIMAL
grid_3x3,seed_milpsnap_grid3x3_mid.json,1101,9,12,12,22.2678,0.0,0.05,OPTIMAL
grid_3x3,seed_milpsnap_grid3x3_mid.json,1102,9,12,12,22.2678,0.0,0.04,OPTIMAL
grid_3x3,seed_milpsnap_grid3x3_mid.json,1103,9,12,13,22.2678,0.0,0.038,OPTIMAL
grid_3x3,seed_milpsnap_grid3x3_mid.json,1104,9,12,13,22.2678,0.0,0.038,OPTIMAL
grid_3x3,seed_milpsnap_grid3x3_mid.json,1105,9,12,14,22.2678,0.0,0.13,OPTIMAL
grid_3x3,seed_milpsnap_grid3x3_mid.json,1106,9,12,12,22.2678,0.0,0.17,OPTIMAL
grid_3x3,seed_milpsnap_grid3x3_mid.json,1107,9,12,12,11.1613,6.841934214796302e-05,0.43,OPTIMAL
grid_3x3,seed_milpsnap_grid3x3_mid.json,1108,9,12,11,11.1613,0.0,0.093,OPTIMAL
grid_3x3,seed_milpsnap_grid3x3_mid.json,1109,9,12,10,11.1613,0.0,0.105,OPTIMAL
grid_3x3,seed_milpsnap_grid3x3_mid.json,1110,9,12,9,22.2678,0.0,0.053,OPTIMAL
grid_3x3,seed_milpsnap_grid3x3_mid.json,1111,9,12,10,22.2678,0.0,0.046,OPTIMAL
grid_3x3,seed_milpsnap_grid3x3_mid.json,1112,9,12,10,33.3744,0.0,0.05,OPTIMAL
grid_3x3,seed_milpsnap_grid3x3_mid.json,1113,9,12,9,22.2678,0.0,0.042,OPTIMAL
grid_3x3,seed_milpsnap_grid3x3_mid.json,1114,9,12,11,22.2678,0.0,0.038,OPTIMAL
grid_3x3,seed_milpsnap_grid3x3_mid.json,1115,9,12,11,22.2678,0.0,0.104,OPTIMAL
grid_3x3,seed_milpsnap_grid3x3_mid.json,1116,9,12,11,22.2678,0.0,0.118,OPTIMAL
grid_3x3,seed_milpsnap_grid3x3_mid.json,1117,9,12,10,22.2678,0.0,0.162,OPTIMAL
grid_3x3,seed_milpsnap_grid3x3_mid.json,1118,9,12,12,22.2678,0.0,0.084,OPTIMAL
grid_3x3,seed_milpsnap_grid3x3_mid.json,1119,9,12,14,11.1613,0.0,0.132,OPTIMAL
grid_3x3,seed_milpsnap_grid3x3_mid.json,1120,9,12,16,11.1613,0.0,0.173,OPTIMAL
grid_3x3,seed_milpsnap_grid3x3_mid.json,1121,9,12,15,11.1613,0.0,0.272,OPTIMAL
grid_3x3,seed_milpsnap_grid3x3_mid.json,1122,9,12,17,11.1613,0.0,0.152,OPTIMAL
grid_3x3,seed_milpsnap_grid3x3_mid.json,1123,9,12,19,11.1613,0.0,0.129,OPTIMAL
grid_3x3,seed_milpsnap_grid3x3_mid.json,1124,9,12,20,11.1613,6.841934214796302e-05,0.138,OPTIMAL
grid_3x3,seed_milpsnap_grid3x3_mid.json,1125,9,12,19,11.1613,0.0,0.112,OPTIMAL
grid_3x3,seed_milpsnap_grid3x3_mid.json,1126,9,12,19,11.1613,0.0,0.101,OPTIMAL
grid_3x3,seed_milpsnap_grid3x3_mid.json,1127,9,12,18,11.1613,0.0,0.159,OPTIMAL
grid_3x3,seed_milpsnap_grid3x3_mid.json,1128,9,12,18,11.1613,0.0,0.165,OPTIMAL
grid_3x3,seed_milpsnap_grid3x3_mid.json,1129,9,12,18,11.1613,6.841934214796302e-05,0.103,OPTIMAL
grid_3x3,seed_milpsnap_grid3x3_mid.json,1130,9,12,17,11.1613,0.0,0.085,OPTIMAL
grid_3x3,seed_milpsnap_grid3x3_mid.json,1131,9,12,18,11.1613,0.0,0.086,OPTIMAL
grid_3x3,seed_milpsnap_grid3x3_mid.json,1132,9,12,18,11.1613,0.0,0.113,OPTIMAL
grid_3x3,seed_milpsnap_grid3x3_mid.json,1133,9,12,18,11.1613,0.0,0.089,OPTIMAL
grid_3x3,seed_milpsnap_grid3x3_mid.json,1134,9,12,1,77.8006,0.0,0.003,OPTIMAL
grid_3x3,seed_milpsnap_grid3x3_mid.json,1135,9,12,2,66.694,0.0,0.004,OPTIMAL
grid_3x3,seed_milpsnap_grid3x3_mid.json,1136,9,12,3,33.388,0.0,0.013,OPTIMAL
grid_3x3,seed_milpsnap_grid3x3_mid.json,1137,9,12,5,22.2678,0.0,0.031,OPTIMAL
grid_3x3,seed_milpsnap_grid3x3_mid.json,1138,9,12,6,11.1613,0.0,0.027,OPTIMAL
grid_3x3,seed_milpsnap_grid3x3_mid.json,1139,9,12,7,11.1613,0.0,0.035,OPTIMAL
grid_3x3,seed_milpsnap_grid3x3_mid.json,1140,9,12,10,11.1613,0.0,0.046,OPTIMAL
grid_3x3,seed_milpsnap_grid3x3_mid.json,1141,9,12,11,11.1613,0.0,0.053,OPTIMAL
grid_3x3,seed_milpsnap_grid3x3_mid.json,1142,9,12,15,11.1613,0.0,0.066,OPTIMAL
grid_3x3,seed_milpsnap_grid3x3_mid.json,1143,9,12,16,11.1613,0.0,0.071,OPTIMAL
grid_3x3,seed_milpsnap_grid3x3_mid.json,1144,9,12,16,11.1613,6.841934214796302e-05,0.099,OPTIMAL
grid_3x3,seed_milpsnap_grid3x3_mid.json,1145,9,12,16,11.1613,0.0,0.08,OPTIMAL
grid_3x3,seed_milpsnap_grid3x3_mid.json,1146,9,12,16,11.1613,0.0,0.066,OPTIMAL
grid_3x3,seed_milpsnap_grid3x3_mid.json,1147,9,12,17,11.1613,0.0,0.072,OPTIMAL
grid_3x3,seed_milpsnap_grid3x3_mid.json,1148,9,12,18,11.1613,0.0,0.082,OPTIMAL
grid_3x3,seed_milpsnap_grid3x3_mid.json,1149,9,12,18,11.1613,0.0,0.071,OPTIMAL
grid_3x3,seed_milpsnap_grid3x3_mid.json,1150,9,12,18,11.1613,0.0,0.082,OPTIMAL
grid_3x3,seed_milpsnap_grid3x3_mid.json,1151,9,12,18,11.1613,0.0,0.116,OPTIMAL
grid_3x3,seed_milpsnap_grid3x3_mid.json,1152,9,12,16,11.1613,0.0,0.077,OPTIMAL
grid_3x3,seed_milpsnap_grid3x3_mid.json,1153,9,12,16,11.1613,0.0,0.073,OPTIMAL
grid_3x3,seed_milpsnap_grid3x3_mid.json,1154,9,12,12,11.1613,0.0,0.053,OPTIMAL
grid_3x3,seed_milpsnap_grid3x3_mid.json,1155,9,12,11,22.2678,0.0,0.042,OPTIMAL
grid_3x3,seed_milpsnap_grid3x3_mid.json,1156,9,12,13,22.2678,0.0,0.044,OPTIMAL
grid_3x3,seed_milpsnap_grid3x3_mid.json,1157,9,12,12,22.2678,0.0,0.042,OPTIMAL
grid_3x3,seed_milpsnap_grid3x3_mid.json,1158,9,12,12,22.2678,0.0,0.043,OPTIMAL
grid_3x3,seed_milpsnap_grid3x3_mid.json,1159,9,12,14,11.1613,6.841934214796302e-05,0.062,OPTIMAL
grid_3x3,seed_milpsnap_grid3x3_mid.json,1160,9,12,13,11.1613,0.0,0.1,OPTIMAL
grid_3x3,seed_milpsnap_grid3x3_mid.json,1161,9,12,12,11.1613,6.841934214796302e-05,0.077,OPTIMAL
grid_3x3,seed_milpsnap_grid3x3_mid.json,1162,9,12,10,11.1613,0.0,0.07,OPTIMAL
grid_3x3,seed_milpsnap_grid3x3_mid.json,1163,9,12,9,11.1613,0.0,0.064,OPTIMAL
grid_3x3,seed_milpsnap_grid3x3_mid.json,1164,9,12,9,11.1613,0.0,0.057,OPTIMAL
grid_3x3,seed_milpsnap_grid3x3_mid.json,1165,9,12,9,11.1613,0.0,0.06,OPTIMAL
grid_3x3,seed_milpsnap_grid3x3_mid.json,1166,9,12,9,11.1613,0.0,0.068,OPTIMAL
grid_3x3,seed_milpsnap_grid3x3_mid.json,1167,9,12,11,11.1613,0.0,0.1,OPTIMAL
grid_3x3,seed_milpsnap_grid3x3_mid.json,1168,9,12,12,11.1613,0.0,0.088,OPTIMAL
grid_3x3,seed_milpsnap_grid3x3_mid.json,1169,9,12,11,11.1613,0.0,0.067,OPTIMAL
grid_3x3,seed_milpsnap_grid3x3_mid.json,1170,9,12,12,11.1613,0.0,0.072,OPTIMAL
grid_3x3,seed_milpsnap_grid3x3_mid.json,1171,9,12,12,22.2678,0.0,0.055,OPTIMAL
grid_3x3,seed_milpsnap_grid3x3_mid.json,1172,9,12,10,22.2678,0.0,0.061,OPTIMAL
grid_3x3,seed_milpsnap_grid3x3_mid.json,1173,9,12,11,22.2678,0.0,0.046,OPTIMAL
grid_3x3,seed_milpsnap_grid3x3_mid.json,1174,9,12,10,22.2678,0.0,0.049,OPTIMAL
grid_3x3,seed_milpsnap_grid3x3_mid.json,1175,9,12,10,11.1613,0.0,0.093,OPTIMAL
grid_3x3,seed_milpsnap_grid3x3_mid.json,1176,9,12,9,11.1613,0.0,0.08,OPTIMAL
grid_3x3,seed_milpsnap_grid3x3_mid.json,1177,9,12,10,11.1613,6.841934214796302e-05,0.066,OPTIMAL
grid_3x3,seed_milpsnap_grid3x3_mid.json,1178,9,12,11,11.1613,0.0,0.076,OPTIMAL
grid_3x3,seed_milpsnap_grid3x3_mid.json,1179,9,12,11,11.1613,0.0,0.061,OPTIMAL
grid_3x3,seed_milpsnap_grid3x3_mid.json,1180,9,12,11,11.1613,0.0,0.069,OPTIMAL
grid_3x3,seed_milpsnap_grid3x3_mid.json,1181,9,12,10,11.1613,6.841934214796302e-05,0.058,OPTIMAL
grid_3x3,seed_milpsnap_grid3x3_mid.json,1182,9,12,11,11.1613,0.0,0.093,OPTIMAL
grid_3x3,seed_milpsnap_grid3x3_mid.json,1183,9,12,11,11.1613,0.0,0.066,OPTIMAL
grid_3x3,seed_milpsnap_grid3x3_mid.json,1184,9,12,13,11.1613,0.0,0.09,OPTIMAL
grid_3x3,seed_milpsnap_grid3x3_mid.json,1185,9,12,14,11.1613,0.0,0.108,OPTIMAL
grid_3x3,seed_milpsnap_grid3x3_mid.json,1186,9,12,15,11.1613,6.841934214796302e-05,0.114,OPTIMAL
grid_3x3,seed_milpsnap_grid3x3_mid.json,1187,9,12,15,11.1613,0.0,0.15,OPTIMAL
grid_3x3,seed_milpsnap_grid3x3_mid.json,1188,9,12,17,11.1613,0.0,0.126,OPTIMAL
grid_3x3,seed_milpsnap_grid3x3_mid.json,1189,9,12,16,11.1613,0.0,0.102,OPTIMAL
grid_3x3,seed_milpsnap_grid3x3_mid.json,1190,9,12,17,11.1613,0.0,0.099,OPTIMAL
grid_3x3,seed_milpsnap_grid3x3_mid.json,1191,9,12,14,11.1613,0.0,0.11,OPTIMAL
grid_3x3,seed_milpsnap_grid3x3_mid.json,1192,9,12,13,11.1613,0.0,0.13,OPTIMAL
grid_3x3,seed_milpsnap_grid3x3_mid.json,1193,9,12,12,11.1613,0.0,0.095,OPTIMAL
grid_3x3,seed_milpsnap_grid3x3_mid.json,1194,9,12,11,11.1613,0.0,0.061,OPTIMAL
grid_3x3,seed_milpsnap_grid3x3_mid.json,1195,9,12,13,11.1613,0.0,0.08,OPTIMAL
grid_3x3,seed_milpsnap_grid3x3_mid.json,1196,9,12,11,11.1613,0.0,0.072,OPTIMAL
grid_3x3,seed_milpsnap_grid3x3_mid.json,1197,9,12,11,11.1613,0.0,0.069,OPTIMAL
grid_3x3,seed_milpsnap_grid3x3_mid.json,1198,9,12,10,11.1613,0.0,0.07,OPTIMAL
grid_3x3,seed_milpsnap_grid3x3_mid.json,1199,9,12,9,11.1613,0.0,0.113,OPTIMAL
grid_3x3,seed_milpsnap_grid3x3_mid.json,1200,9,12,9,11.1613,0.0,0.067,OPTIMAL
grid_3x3,seed_milpsnap_grid3x3_mid.json,1201,9,12,9,11.1613,0.0,0.061,OPTIMAL
grid_3x3,seed_milpsnap_grid3x3_mid.json,1202,9,12,8,11.1613,0.0,0.057,OPTIMAL
grid_3x3,seed_milpsnap_grid3x3_mid.json,1203,9,12,10,11.1613,6.841934214796302e-05,0.066,OPTIMAL
grid_3x3,seed_milpsnap_grid3x3_mid.json,1204,9,12,10,11.1613,6.841934214796302e-05,0.061,OPTIMAL
grid_3x3,seed_milpsnap_grid3x3_mid.json,1205,9,12,12,11.1613,0.0,0.089,OPTIMAL
grid_3x3,seed_milpsnap_grid3x3_mid.json,1206,9,12,13,11.1613,0.0,0.096,OPTIMAL
grid_3x3,seed_milpsnap_grid3x3_mid.json,1207,9,12,14,11.1613,0.0,0.087,OPTIMAL
grid_3x3,seed_milpsnap_grid3x3_mid.json,1208,9,12,13,11.1613,0.0,0.075,OPTIMAL
grid_3x3,seed_milpsnap_grid3x3_mid.json,1209,9,12,14,11.1613,0.0,0.09,OPTIMAL
grid_3x3,seed_milpsnap_grid3x3_mid.json,1210,9,12,13,11.1613,0.0,0.102,OPTIMAL
grid_3x3,seed_milpsnap_grid3x3_mid.json,1211,9,12,12,11.1613,0.0,0.072,OPTIMAL
grid_3x3,seed_milpsnap_grid3x3_mid.json,1212,9,12,11,11.1613,0.0,0.107,OPTIMAL
grid_3x3,seed_milpsnap_grid3x3_mid.json,1213,9,12,10,11.1613,0.0,0.036,OPTIMAL
grid_3x3,seed_milpsnap_grid3x3_mid.json,1214,9,12,13,11.1613,0.0,0.069,OPTIMAL
grid_3x3,seed_milpsnap_grid3x3_mid.json,1215,9,12,13,11.1613,0.0,0.083,OPTIMAL
grid_3x3,seed_milpsnap_grid3x3_mid.json,1216,9,12,12,11.1613,0.0,0.079,OPTIMAL
grid_3x3,seed_milpsnap_grid3x3_mid.json,1217,9,12,12,11.1613,6.841934214796302e-05,0.072,OPTIMAL
grid_3x3,seed_milpsnap_grid3x3_mid.json,1218,9,12,10,11.1613,0.0,0.064,OPTIMAL
grid_3x3,seed_milpsnap_grid3x3_mid.json,1219,9,12,9,11.1613,0.0,0.104,OPTIMAL
grid_3x3,seed_milpsnap_grid3x3_mid.json,1220,9,12,9,11.1613,6.841934214796302e-05,0.047,OPTIMAL
grid_3x3,seed_milpsnap_grid3x3_mid.json,1221,9,12,8,11.1613,6.841934214796302e-05,0.053,OPTIMAL
grid_3x3,seed_milpsnap_grid3x3_mid.json,1222,9,12,8,22.2678,0.0,0.04,OPTIMAL
grid_3x3,seed_milpsnap_grid3x3_mid.json,1223,9,12,9,22.2678,0.0,0.04,OPTIMAL
grid_3x3,seed_milpsnap_grid3x3_mid.json,1224,9,12,11,22.2678,0.0,0.054,OPTIMAL
grid_3x3,seed_milpsnap_grid3x3_mid.json,1225,9,12,12,22.2678,0.0,0.064,OPTIMAL
grid_3x3,seed_milpsnap_grid3x3_mid.json,1226,9,12,15,11.1613,0.0,0.093,OPTIMAL
grid_3x3,seed_milpsnap_grid3x3_mid.json,1227,9,12,12,11.1613,0.0,0.104,OPTIMAL
grid_3x3,seed_milpsnap_grid3x3_mid.json,1228,9,12,14,11.1613,6.841934214796302e-05,0.106,OPTIMAL
grid_3x3,seed_milpsnap_grid3x3_mid.json,1229,9,12,13,11.1613,0.0,0.082,OPTIMAL
grid_3x3,seed_milpsnap_grid3x3_mid.json,1230,9,12,14,11.1613,0.0,0.091,OPTIMAL
grid_3x3,seed_milpsnap_grid3x3_mid.json,1231,9,12,16,11.1613,6.841934214796302e-05,0.09,OPTIMAL
grid_3x3,seed_milpsnap_grid3x3_mid.json,1232,9,12,17,11.1613,0.0,0.104,OPTIMAL
grid_3x3,seed_milpsnap_grid3x3_mid.json,1233,9,12,19,11.1613,6.841934214796302e-05,0.156,OPTIMAL
grid_3x3,seed_milpsnap_grid3x3_mid.json,1234,9,12,19,11.1613,6.841934214796302e-05,0.118,OPTIMAL
grid_3x3,seed_milpsnap_grid3x3_mid.json,1235,9,12,21,11.1613,0.0,0.134,OPTIMAL
grid_3x3,seed_milpsnap_grid3x3_mid.json,1236,9,12,23,11.1613,0.0,0.202,OPTIMAL
grid_3x3,seed_milpsnap_grid3x3_mid.json,1237,9,12,22,11.1613,0.0,0.13,OPTIMAL
grid_3x3,seed_milpsnap_grid3x3_mid.json,1238,9,12,21,11.1613,0.0,0.132,OPTIMAL
grid_3x3,seed_milpsnap_grid3x3_mid.json,1239,9,12,20,11.1613,0.0,0.23,OPTIMAL
grid_3x3,seed_milpsnap_grid3x3_mid.json,1240,9,12,17,11.1613,6.841934214796302e-05,0.12,OPTIMAL
grid_3x3,seed_milpsnap_grid3x3_mid.json,1241,9,12,16,11.1613,0.0,0.097,OPTIMAL
grid_3x3,seed_milpsnap_grid3x3_mid.json,1242,9,12,14,11.1613,0.0,0.089,OPTIMAL
grid_3x3,seed_milpsnap_grid3x3_mid.json,1243,9,12,15,11.1613,0.0,0.097,OPTIMAL
grid_3x3,seed_milpsnap_grid3x3_mid.json,1244,9,12,14,11.1613,0.0,0.111,OPTIMAL
grid_3x3,seed_milpsnap_grid3x3_mid.json,1245,9,12,13,11.1613,0.0,0.09,OPTIMAL
grid_3x3,seed_milpsnap_grid3x3_mid.json,1246,9,12,12,11.1613,0.0,0.077,OPTIMAL
grid_3x3,seed_milpsnap_grid3x3_mid.json,1247,9,12,13,11.1613,0.0,0.071,OPTIMAL
grid_3x3,seed_milpsnap_grid3x3_mid.json,1248,9,12,11,11.1613,0.0,0.081,OPTIMAL
grid_3x3,seed_milpsnap_grid3x3_mid.json,1249,9,12,10,11.1749,6.842987648401071e-05,0.071,OPTIMAL
grid_3x3,seed_milpsnap_grid3x3_mid.json,1250,9,12,12,11.1749,0.0,0.068,OPTIMAL
grid_3x3,seed_milpsnap_grid3x3_mid.json,1251,9,12,12,11.1749,6.842987648401071e-05,0.119,OPTIMAL
grid_3x3,seed_milpsnap_grid3x3_mid.json,1252,9,12,13,11.1749,0.0,0.063,OPTIMAL
grid_3x3,seed_milpsnap_grid3x3_mid.json,1253,9,12,14,11.1749,6.842987648401071e-05,0.112,OPTIMAL
grid_3x3,seed_milpsnap_grid3x3_mid.json,1254,9,12,15,11.1613,0.0,0.089,OPTIMAL
grid_3x3,seed_milpsnap_grid3x3_mid.json,1255,9,12,16,11.1613,0.0,0.101,OPTIMAL
grid_3x3,seed_milpsnap_grid3x3_mid.json,1256,9,12,13,22.2678,0.0,0.058,OPTIMAL
grid_3x3,seed_milpsnap_grid3x3_mid.json,1257,9,12,15,11.1613,0.0,0.121,OPTIMAL
grid_3x3,seed_milpsnap_grid3x3_mid.json,1258,9,12,15,11.1613,0.0,0.094,OPTIMAL
grid_3x3,seed_milpsnap_grid3x3_mid.json,1259,9,12,16,11.1613,0.0,0.093,OPTIMAL
grid_3x3,seed_milpsnap_grid3x3_mid.json,1260,9,12,16,11.1613,0.0,0.116,OPTIMAL
