topo,seed_file,batch,n_switches,n_links,n_flows,energy_saving_percent,mip_gap,solve_time_sec,status
geant,seed_milpsnap_geant_k15.json,1,22,36,1,81.838,0.0,0.063,OPTIMAL
geant,seed_milpsnap_geant_k15.json,2,22,36,3,68.2123,7.819525354803851e-05,0.028,OPTIMAL
geant,seed_milpsnap_geant_k15.json,3,22,36,4,59.1285,9.122422915535351e-05,0.043,OPTIMAL
geant,seed_milpsnap_geant_k15.json,4,22,36,5,50.0447,0.0,0.071,OPTIMAL
geant,seed_milpsnap_geant_k15.json,5,22,36,6,50.0447,0.0,0.045,OPTIMAL
geant,seed_milpsnap_geant_k15.json,6,22,36,7,40.961,0.0,0.048,OPTIMAL
geant,seed_milpsnap_geant_k15.json,7,22,36,8,36.4191,0.0,0.083,OPTIMAL
geant,seed_milpsnap_geant_k15.json,8,22,36,9,31.8772,8.209731268122356e-05,0.21,OPTIMAL
geant,seed_milpsnap_geant_k15.json,9,22,36,11,27.3353,7.696583572101841e-05,0.276,OPTIMAL
geant,seed_milpsnap_geant_k15.json,10,22,36,10,27.3353,7.696583572082398e-05,0.183,OPTIMAL
geant,seed_milpsnap_geant_k15.json,11,22,36,12,27.3353,7.696583572101841e-05,0.21,OPTIMAL
geant,seed_milpsnap_geant_k15.json,12,22,36,11,27.3353,7.696583572082398e-05,0.134,OPTIMAL
geant,seed_milpsnap_geant_k15.json,13,22,36,11,27.3353,7.696583572121286e-05,0.096,OPTIMAL
geant,seed_milpsnap_geant_k15.json,14,22,36,12,27.3353,7.696583572082397e-05,0.094,OPTIMAL
geant,seed_milpsnap_geant_k15.json,15,22,36,11,31.8772,8.209731268143096e-05,0.086,OPTIMAL
geant,seed_milpsnap_geant_k15.json,16,22,36,12,31.8772,8.209731268143096e-05,0.098,OPTIMAL
geant,seed_milpsnap_geant_k15.json,17,22,36,11,36.4191,0.0,0.097,OPTIMAL
geant,seed_milpsnap_geant_k15.json,18,22,36,11,36.4191,8.796192226112781e-05,0.094,OPTIMAL
geant,seed_milpsnap_geant_k15.json,19,22,36,10,36.4191,8.796192226112781e-05,0.08,OPTIMAL
geant,seed_milpsnap_geant_k15.json,20,22,36,8,40.961,9.472886493772296e-05,0.058,OPTIMAL
geant,seed_milpsnap_geant_k15.json,21,22,36,10,36.4191,0.0,0.097,OPTIMAL
geant,seed_milpsnap_geant_k15.json,22,22,36,8,40.961,9.472886493784261e-05,0.087,OPTIMAL
geant,seed_milpsnap_geant_k15.json,23,22,36,7,40.961,9.472886493760332e-05,0.074,OPTIMAL
geant,seed_milpsnap_geant_k15.json,24,22,36,6,40.961,9.472886493772294e-05,0.109,OPTIMAL
geant,seed_milpsnap_geant_k15.json,25,22,36,7,40.961,9.472886493760329e-05,0.093,OPTIMAL
geant,seed_milpsnap_geant_k15.json,26,22,36,8,31.8772,8.209731268163836e-05,0.137,OPTIMAL
geant,seed_milpsnap_geant_k15.json,27,22,36,7,31.8772,8.209731268163838e-05,0.084,OPTIMAL
geant,seed_milpsnap_geant_k15.json,28,22,36,9,31.8772,8.209731268163838e-05,0.115,OPTIMAL
geant,seed_milpsnap_geant_k15.json,29,22,36,10,27.3353,9.406935476965832e-05,0.611,OPTIMAL
geant,seed_milpsnap_geant_k15.json,30,22,36,9,27.3353,7.696583572062955e-05,0.406,OPTIMAL
geant,seed_milpsnap_geant_k15.json,31,22,36,10,22.7934,7.243810566335025e-05,0.154,OPTIMAL
geant,seed_milpsnap_geant_k15.json,32,22,36,11,22.7934,7.243810566335025e-05,0.177,OPTIMAL
geant,seed_milpsnap_geant_k15.json,33,22,36,13,22.7934,7.243810566353325e-05,1.272,OPTIMAL
geant,seed_milpsnap_geant_k15.json,34,22,36,15,18.2515,6.841349114073635e-05,0.376,OPTIMAL
geant,seed_milpsnap_geant_k15.json,35,22,36,14,27.3353,7.696583572121286e-05,0.165,OPTIMAL
geant,seed_milpsnap_geant_k15.json,36,22,36,13,31.8772,8.209731268122356e-05,0.122,OPTIMAL
geant,seed_milpsnap_geant_k15.json,37,22,36,14,22.7934,7.243810566335025e-05,0.209,OPTIMAL
geant,seed_milpsnap_geant_k15.json,38,22,36,12,22.7934,7.243810566335025e-05,0.17,OPTIMAL
geant,seed_milpsnap_geant_k15.json,39,22,36,13,22.7934,7.243810566335025e-05,0.6,OPTIMAL
geant,seed_milpsnap_geant_k15.json,40,22,36,15,18.2515,6.841349114090918e-05,0.468,OPTIMAL
geant,seed_milpsnap_geant_k15.json,41,22,36,16,18.2515,6.841349114090918e-05,0.187,OPTIMAL
geant,seed_milpsnap_geant_k15.json,42,22,36,15,18.2571,6.841817186655835e-05,0.738,OPTIMAL
geant,seed_milpsnap_geant_k15.json,43,22,36,18,13.7096,6.481254770917756e-05,6.025,OPTIMAL
geant,seed_milpsnap_geant_k15.json,44,22,36,17,13.7096,6.48125477093413e-05,4.514,OPTIMAL
geant,seed_milpsnap_geant_k15.json,45,22,36,15,22.7934,7.243810566335023e-05,0.428,OPTIMAL
geant,seed_milpsnap_geant_k15.json,46,22,36,17,18.2515,6.841349114073634e-05,0.828,OPTIMAL
geant,seed_milpsnap_geant_k15.json,47,22,36,19,18.2515,6.841349114073634e-05,1.404,OPTIMAL
geant,seed_milpsnap_geant_k15.json,48,22,36,20,18.2515,6.841349114073634e-05,0.948,OPTIMAL
geant,seed_milpsnap_geant_k15.json,49,22,36,21,13.7096,6.48125477093413e-05,1.628,OPTIMAL
geant,seed_milpsnap_geant_k15.json,50,22,36,20,13.7096,6.48125477093413e-05,1.11,OPTIMAL
geant,seed_milpsnap_geant_k15.json,51,22,36,21,9.1677,6.157172079286967e-05,2.189,OPTIMAL
geant,seed_milpsnap_geant_k15.json,52,22,36,20,9.1677,6.157172079271413e-05,2.11,OPTIMAL
geant,seed_milpsnap_geant_k15.json,53,22,36,21,9.1677,6.157172079286967e-05,2.217,OPTIMAL
geant,seed_milpsnap_geant_k15.json,54,22,36,20,9.1677,6.157172079286967e-05,1.876,OPTIMAL
geant,seed_milpsnap_geant_k15.json,55,22,36,19,9.1677,6.157172079271413e-05,1.438,OPTIMAL
geant,seed_milpsnap_geant_k15.json,56,22,36,18,9.1677,6.157172079302521e-05,0.897,OPTIMAL
geant,seed_milpsnap_geant_k15.json,57,22,36,15,18.2515,6.841349114073635e-05,0.271,OPTIMAL
geant,seed_milpsnap_geant_k15.json,58,22,36,16,18.2515,6.841349114073635e-05,0.215,OPTIMAL
geant,seed_milpsnap_geant_k15.json,59,22,36,17,18.2515,6.841349114073635e-05,0.235,OPTIMAL
geant,seed_milpsnap_geant_k15.json,60,22,36,20,4.6258,5.863956215817884e-05,13.72,OPTIMAL
geant,seed_milpsnap_geant_k15.json,61,22,36,20,13.7096,6.481254770950503e-05,1.372,OPTIMAL
geant,seed_milpsnap_geant_k15.json,62,22,36,17,18.2515,6.841349114073635e-05,0.256,OPTIMAL
geant,seed_milpsnap_geant_k15.json,63,22,36,17,22.7934,7.243810566353326e-05,0.171,OPTIMAL
geant,seed_milpsnap_geant_k15.json,64,22,36,17,22.7934,7.243810566353326e-05,0.166,OPTIMAL
geant,seed_milpsnap_geant_k15.json,65,22,36,17,22.7934,7.243810566353326e-05,0.188,OPTIMAL
geant,seed_milpsnap_geant_k15.json,66,22,36,18,18.2515,6.841349114073635e-05,0.551,OPTIMAL
geant,seed_milpsnap_geant_k15.json,67,22,36,18,22.7934,7.243810566316726e-05,0.422,OPTIMAL
geant,seed_milpsnap_geant_k15.json,68,22,36,20,9.1677,6.157172079286967e-05,6.267,OPTIMAL
geant,seed_milpsnap_geant_k15.json,69,22,36,19,9.1677,6.157172079286967e-05,7.495,OPTIMAL
geant,seed_milpsnap_geant_k15.json,70,22,36,20,9.1677,6.157172079286967e-05,8.293,OPTIMAL
geant,seed_milpsnap_geant_k15.json,71,22,36,20,4.6258,5.863956215817884e-05,15.278,OPTIMAL
geant,seed_milpsnap_geant_k15.json,72,22,36,21,4.6258,5.86395621580307e-05,10.428,OPTIMAL
geant,seed_milpsnap_geant_k15.json,73,22,36,23,0.0839,5.59739783195029e-05,21.516,OPTIMAL
geant,seed_milpsnap_geant_k15.json,74,22,36,23,4.6258,5.86395621580307e-05,5.847,OPTIMAL
geant,seed_milpsnap_geant_k15.json,75,22,36,21,4.6258,5.86395621580307e-05,5.837,OPTIMAL
geant,seed_milpsnap_geant_k15.json,76,22,36,19,4.6258,5.86395621580307e-05,6.663,OPTIMAL
geant,seed_milpsnap_geant_k15.json,77,22,36,18,4.6258,5.86395621580307e-05,5.415,OPTIMAL
geant,seed_milpsnap_geant_k15.json,78,22,36,16,4.6258,5.86395621580307e-05,3.561,OPTIMAL
geant,seed_milpsnap_geant_k15.json,79,22,36,16,9.1677,6.157172079302521e-05,1.537,OPTIMAL
geant,seed_milpsnap_geant_k15.json,80,22,36,15,18.2515,6.841349114073635e-05,0.515,OPTIMAL
geant,seed_milpsnap_geant_k15.json,81,22,36,14,13.7096,6.481254770950503e-05,4.13,OPTIMAL
geant,seed_milpsnap_geant_k15.json,82,22,36,16,18.2515,6.841349114056352e-05,0.699,OPTIMAL
geant,seed_milpsnap_geant_k15.json,83,22,36,16,13.7152,6.481674864795541e-05,0.831,OPTIMAL
geant,seed_milpsnap_geant_k15.json,84,22,36,15,22.7934,7.243810566335025e-05,0.213,OPTIMAL
geant,seed_milpsnap_geant_k15.json,85,22,36,15,22.7934,7.243810566335025e-05,0.213,OPTIMAL
geant,seed_milpsnap_geant_k15.json,86,22,36,15,22.7934,7.243810566335025e-05,0.258,OPTIMAL
geant,seed_milpsnap_geant_k15.json,87,22,36,13,22.7934,7.243810566353325e-05,0.277,OPTIMAL
geant,seed_milpsnap_geant_k15.json,88,22,36,16,27.3353,7.696583572062952e-05,0.288,OPTIMAL
geant,seed_milpsnap_geant_k15.json,89,22,36,18,22.7934,7.243810566335023e-05,0.5,OPTIMAL
geant,seed_milpsnap_geant_k15.json,90,22,36,20,13.7096,9.361812446897577e-05,1.037,OPTIMAL
geant,seed_milpsnap_geant_k15.json,91,22,36,23,9.1677,6.157172079302521e-05,0.795,OPTIMAL
geant,seed_milpsnap_geant_k15.json,92,22,36,23,9.1677,6.157172079302521e-05,3.409,OPTIMAL
geant,seed_milpsnap_geant_k15.json,93,22,36,23,9.1677,6.157172079302521e-05,1.358,OPTIMAL
geant,seed_milpsnap_geant_k15.json,94,22,36,22,4.6258,5.863956215788256e-05,7.304,OPTIMAL
geant,seed_milpsnap_geant_k15.json,95,22,36,19,4.6258,5.863956215788256e-05,5.28,OPTIMAL
geant,seed_milpsnap_geant_k15.json,96,22,36,20,4.6258,5.863956215788256e-05,6.037,OPTIMAL
geant,seed_milpsnap_geant_k15.json,97,22,36,19,9.1677,6.157172079302521e-05,3.4,OPTIMAL
geant,seed_milpsnap_geant_k15.json,98,22,36,19,9.1677,6.157172079318077e-05,5.136,OPTIMAL
geant,seed_milpsnap_geant_k15.json,99,22,36,20,9.1677,6.157172079318077e-05,4.433,OPTIMAL
geant,seed_milpsnap_geant_k15.json,100,22,36,17,9.1733,6.157551210326411e-05,1.558,OPTIMAL
geant,seed_milpsnap_geant_k15.json,101,22,36,16,13.7096,6.481254770950503e-05,1.53,OPTIMAL
geant,seed_milpsnap_geant_k15.json,102,22,36,14,13.7152,6.481674864779165e-05,1.101,OPTIMAL
geant,seed_milpsnap_geant_k15.json,103,22,36,11,22.799,7.24433533224498e-05,0.292,OPTIMAL
geant,seed_milpsnap_geant_k15.json,104,22,36,11,27.3353,7.696583572101842e-05,0.122,OPTIMAL
geant,seed_milpsnap_geant_k15.json,105,22,36,14,13.7096,6.48125477093413e-05,3.352,OPTIMAL
geant,seed_milpsnap_geant_k15.json,106,22,36,15,13.7096,6.48125477093413e-05,3.849,OPTIMAL
geant,seed_milpsnap_geant_k15.json,107,22,36,13,18.2515,6.841349114056352e-05,0.844,OPTIMAL
geant,seed_milpsnap_geant_k15.json,108,22,36,15,13.7096,6.481254770950503e-05,3.031,OPTIMAL
geant,seed_milpsnap_geant_k15.json,109,22,36,15,18.2515,6.841349114073634e-05,1.163,OPTIMAL
geant,seed_milpsnap_geant_k15.json,110,22,36,17,18.2515,6.841349114073634e-05,1.839,OPTIMAL
geant,seed_milpsnap_geant_k15.json,111,22,36,17,18.2515,6.841349114073634e-05,2.234,OPTIMAL
geant,seed_milpsnap_geant_k15.json,112,22,36,16,18.2515,6.841349114073634e-05,1.037,OPTIMAL
geant,seed_milpsnap_geant_k15.json,113,22,36,16,31.8772,8.209731268143097e-05,0.392,OPTIMAL
geant,seed_milpsnap_geant_k15.json,114,22,36,14,36.4191,8.796192226123892e-05,0.185,OPTIMAL
geant,seed_milpsnap_geant_k15.json,115,22,36,15,31.8772,8.209731268143097e-05,0.372,OPTIMAL
geant,seed_milpsnap_geant_k15.json,116,22,36,15,22.7934,7.243810566335025e-05,0.491,OPTIMAL
geant,seed_milpsnap_geant_k15.json,117,22,36,14,27.3353,7.696583572101841e-05,0.321,OPTIMAL
geant,seed_milpsnap_geant_k15.json,118,22,36,13,27.3353,7.696583572121286e-05,0.39,OPTIMAL
geant,seed_milpsnap_geant_k15.json,119,22,36,14,22.7934,7.243810566335025e-05,0.37,OPTIMAL
geant,seed_milpsnap_geant_k15.json,120,22,36,14,22.7934,7.243810566316725e-05,0.37,OPTIMAL
geant,seed_milpsnap_geant_k15.json,121,22,36,13,22.7934,7.243810566298425e-05,0.409,OPTIMAL
geant,seed_milpsnap_geant_k15.json,122,22,36,12,22.7934,8.853546247716375e-05,0.51,OPTIMAL
geant,seed_milpsnap_geant_k15.json,123,22,36,11,31.8772,8.209731268101615e-05,0.104,OPTIMAL
geant,seed_milpsnap_geant_k15.json,124,22,36,1,81.838,0.0,0.01,OPTIMAL
geant,seed_milpsnap_geant_k15.json,125,22,36,2,77.2961,0.0,0.016,OPTIMAL
geant,seed_milpsnap_geant_k15.json,126,22,36,3,68.2123,0.0,0.022,OPTIMAL
geant,seed_milpsnap_geant_k15.json,127,22,36,4,59.1285,0.0,0.034,OPTIMAL
geant,seed_milpsnap_geant_k15.json,128,22,36,5,50.0447,0.0,0.043,OPTIMAL
geant,seed_milpsnap_geant_k15.json,129,22,36,6,40.961,9.47288649376033e-05,0.098,OPTIMAL
geant,seed_milpsnap_geant_k15.json,130,22,36,7,36.4191,8.796192226135002e-05,0.108,OPTIMAL
geant,seed_milpsnap_geant_k15.json,131,22,36,8,31.8772,8.209731268143097e-05,0.179,OPTIMAL
geant,seed_milpsnap_geant_k15.json,132,22,36,9,31.8772,8.209731268143097e-05,0.16,OPTIMAL
geant,seed_milpsnap_geant_k15.json,133,22,36,9,31.8772,8.209731268163836e-05,0.133,OPTIMAL
geant,seed_milpsnap_geant_k15.json,134,22,36,11,22.7934,7.243810566335025e-05,0.453,OPTIMAL
geant,seed_milpsnap_geant_k15.json,135,22,36,14,18.2515,9.881948720278653e-05,0.569,OPTIMAL
geant,seed_milpsnap_geant_k15.json,136,22,36,15,13.7152,9.362419249125461e-05,0.208,OPTIMAL
geant,seed_milpsnap_geant_k15.json,137,22,36,14,13.7152,6.48167486482829e-05,0.352,OPTIMAL
geant,seed_milpsnap_geant_k15.json,138,22,36,14,13.7152,9.362419249125461e-05,0.28,OPTIMAL
geant,seed_milpsnap_geant_k15.json,139,22,36,15,9.1733,8.89424063709321e-05,0.456,OPTIMAL
geant,seed_milpsnap_geant_k15.json,140,22,36,16,9.1733,8.89424063709321e-05,0.21,OPTIMAL
geant,seed_milpsnap_geant_k15.json,141,22,36,16,9.1733,8.210068280409288e-05,0.269,OPTIMAL
geant,seed_milpsnap_geant_k15.json,142,22,36,17,9.1733,8.89424063709321e-05,0.251,OPTIMAL
geant,seed_milpsnap_geant_k15.json,143,22,36,16,9.1733,6.157551210310854e-05,0.224,OPTIMAL
geant,seed_milpsnap_geant_k15.json,144,22,36,18,4.6314,9.77383349297854e-05,1.634,OPTIMAL
geant,seed_milpsnap_geant_k15.json,145,22,36,18,9.1733,9.578412993808242e-05,0.758,OPTIMAL
geant,seed_milpsnap_geant_k15.json,146,22,36,20,9.1677,6.157172079302521e-05,0.363,OPTIMAL
geant,seed_milpsnap_geant_k15.json,147,22,36,19,9.1677,6.157172079302521e-05,0.352,OPTIMAL
geant,seed_milpsnap_geant_k15.json,148,22,36,17,13.7096,6.481254770966877e-05,0.171,OPTIMAL
geant,seed_milpsnap_geant_k15.json,149,22,36,15,13.7096,9.361812446881204e-05,0.188,OPTIMAL
geant,seed_milpsnap_geant_k15.json,150,22,36,18,13.7096,6.481254770950504e-05,0.241,OPTIMAL
geant,seed_milpsnap_geant_k15.json,151,22,36,17,18.2515,6.841349114056352e-05,0.768,OPTIMAL
geant,seed_milpsnap_geant_k15.json,152,22,36,18,18.2515,6.841349114056352e-05,1.029,OPTIMAL
geant,seed_milpsnap_geant_k15.json,153,22,36,17,18.2515,6.841349114056352e-05,1.044,OPTIMAL
geant,seed_milpsnap_geant_k15.json,154,22,36,15,18.2515,6.841349114056352e-05,0.82,OPTIMAL
geant,seed_milpsnap_geant_k15.json,155,22,36,15,22.7934,9.6584140884162e-05,0.409,OPTIMAL
geant,seed_milpsnap_geant_k15.json,156,22,36,14,27.3353,7.696583572062955e-05,0.321,OPTIMAL
geant,seed_milpsnap_geant_k15.json,157,22,36,14,27.3353,8.551759524533836e-05,0.288,OPTIMAL
geant,seed_milpsnap_geant_k15.json,158,22,36,15,18.2515,9.881948720278653e-05,0.77,OPTIMAL
geant,seed_milpsnap_geant_k15.json,159,22,36,13,22.7934,7.243810566335025e-05,0.337,OPTIMAL
geant,seed_milpsnap_geant_k15.json,160,22,36,12,27.3409,7.69717599168473e-05,0.482,OPTIMAL
geant,seed_milpsnap_geant_k15.json,161,22,36,11,27.3409,7.697175991665286e-05,0.387,OPTIMAL
geant,seed_milpsnap_geant_k15.json,162,22,36,12,27.3353,7.696583572082398e-05,0.191,OPTIMAL
geant,seed_milpsnap_geant_k15.json,163,22,36,12,31.8772,8.209731268184577e-05,0.14,OPTIMAL
geant,seed_milpsnap_geant_k15.json,164,22,36,11,36.4191,8.796192226123892e-05,0.083,OPTIMAL
geant,seed_milpsnap_geant_k15.json,165,22,36,11,31.8772,8.209731268122356e-05,0.083,OPTIMAL
geant,seed_milpsnap_geant_k15.json,166,22,36,10,31.8772,8.20973126820532e-05,0.083,OPTIMAL
geant,seed_milpsnap_geant_k15.json,167,22,36,12,22.7934,7.243810566316725e-05,0.11,OPTIMAL
geant,seed_milpsnap_geant_k15.json,168,22,36,15,13.7096,6.48125477093413e-05,0.332,OPTIMAL
geant,seed_milpsnap_geant_k15.json,169,22,36,15,13.7096,6.48125477093413e-05,0.351,OPTIMAL
geant,seed_milpsnap_geant_k15.json,170,22,36,16,13.7096,6.481254770950503e-05,0.544,OPTIMAL
geant,seed_milpsnap_geant_k15.json,171,22,36,18,13.7096,6.48125477093413e-05,0.494,OPTIMAL
geant,seed_milpsnap_geant_k15.json,172,22,36,20,22.7934,7.243810566335025e-05,0.419,OPTIMAL
geant,seed_milpsnap_geant_k15.json,173,22,36,23,13.7096,6.481254770950503e-05,2.763,OPTIMAL
geant,seed_milpsnap_geant_k15.json,174,22,36,25,9.1677,6.157172079302521e-05,6.849,OPTIMAL
geant,seed_milpsnap_geant_k15.json,175,22,36,26,9.1677,6.157172079302521e-05,7.215,OPTIMAL
geant,seed_milpsnap_geant_k15.json,176,22,36,25,9.1677,6.157172079286967e-05,6.57,OPTIMAL
geant,seed_milpsnap_geant_k15.json,177,22,36,25,4.6258,5.8639562158030696e-05,11.117,OPTIMAL
geant,seed_milpsnap_geant_k15.json,178,22,36,24,4.6258,5.8639562158030696e-05,9.427,OPTIMAL
geant,seed_milpsnap_geant_k15.json,179,22,36,25,4.6258,5.8639562158030696e-05,12.203,OPTIMAL
geant,seed_milpsnap_geant_k15.json,180,22,36,23,9.1677,6.157172079286967e-05,6.144,OPTIMAL
geant,seed_milpsnap_geant_k15.json,181,22,36,20,9.1677,6.157172079286967e-05,4.841,OPTIMAL
geant,seed_milpsnap_geant_k15.json,182,22,36,22,9.1677,6.157172079286967e-05,2.101,OPTIMAL
geant,seed_milpsnap_geant_k15.json,183,22,36,23,9.1677,6.157172079286967e-05,3.269,OPTIMAL
geant,seed_milpsnap_geant_k15.json,184,22,36,22,13.7096,6.481254770950503e-05,1.345,OPTIMAL
geant,seed_milpsnap_geant_k15.json,185,22,36,20,18.2515,9.881948720278653e-05,0.208,OPTIMAL
geant,seed_milpsnap_geant_k15.json,186,22,36,19,18.2515,6.841349114090918e-05,0.21,OPTIMAL
geant,seed_milpsnap_geant_k15.json,187,22,36,16,18.2515,6.841349114090918e-05,0.183,OPTIMAL
geant,seed_milpsnap_geant_k15.json,188,22,36,14,27.3353,7.69658357214073e-05,0.115,OPTIMAL
geant,seed_milpsnap_geant_k15.json,189,22,36,15,27.3353,7.69658357214073e-05,0.125,OPTIMAL
geant,seed_milpsnap_geant_k15.json,190,22,36,16,27.3353,7.69658357214073e-05,0.14,OPTIMAL
geant,seed_milpsnap_geant_k15.json,191,22,36,16,22.7934,7.243810566353326e-05,0.145,OPTIMAL
geant,seed_milpsnap_geant_k15.json,192,22,36,16,22.7934,7.243810566353326e-05,0.145,OPTIMAL
geant,seed_milpsnap_geant_k15.json,193,22,36,15,22.7934,7.243810566316725e-05,0.144,OPTIMAL
geant,seed_milpsnap_geant_k15.json,194,22,36,13,22.7934,7.243810566353326e-05,0.142,OPTIMAL
geant,seed_milpsnap_geant_k15.json,195,22,36,13,22.7934,7.243810566353326e-05,0.146,OPTIMAL
geant,seed_milpsnap_geant_k15.json,196,22,36,15,13.7096,6.481254770983251e-05,0.173,OPTIMAL
geant,seed_milpsnap_geant_k15.json,197,22,36,15,13.7096,6.481254770950503e-05,0.853,OPTIMAL
geant,seed_milpsnap_geant_k15.json,198,22,36,15,18.2515,6.841349114108201e-05,0.166,OPTIMAL
geant,seed_milpsnap_geant_k15.json,199,22,36,14,22.7934,7.243810566353326e-05,0.146,OPTIMAL
geant,seed_milpsnap_geant_k15.json,200,22,36,13,22.799,7.244335332263281e-05,0.282,OPTIMAL
geant,seed_milpsnap_geant_k15.json,201,22,36,12,27.3409,7.69717599168473e-05,0.248,OPTIMAL
geant,seed_milpsnap_geant_k15.json,202,22,36,12,27.3409,7.697175991665286e-05,0.313,OPTIMAL
geant,seed_milpsnap_geant_k15.json,203,22,36,13,31.8828,8.210405320376665e-05,0.131,OPTIMAL
geant,seed_milpsnap_geant_k15.json,204,22,36,13,36.4246,8.796966024165444e-05,0.127,OPTIMAL
geant,seed_milpsnap_geant_k15.json,205,22,36,16,22.799,7.244335332281584e-05,0.176,OPTIMAL
geant,seed_milpsnap_geant_k15.json,206,22,36,17,13.7152,6.481674864795541e-05,0.386,OPTIMAL
geant,seed_milpsnap_geant_k15.json,207,22,36,17,4.6314,5.86430009579305e-05,1.002,OPTIMAL
geant,seed_milpsnap_geant_k15.json,208,22,36,17,4.6314,5.864300095778236e-05,0.885,OPTIMAL
geant,seed_milpsnap_geant_k15.json,209,22,36,14,18.2515,9.881948720295935e-05,0.26,OPTIMAL
geant,seed_milpsnap_geant_k15.json,210,22,36,13,18.2515,9.881948720295935e-05,0.284,OPTIMAL
geant,seed_milpsnap_geant_k15.json,211,22,36,12,22.7934,7.243810566335023e-05,0.391,OPTIMAL
geant,seed_milpsnap_geant_k15.json,212,22,36,14,22.7934,7.243810566389926e-05,0.124,OPTIMAL
geant,seed_milpsnap_geant_k15.json,213,22,36,13,22.7934,7.243810566316725e-05,0.825,OPTIMAL
geant,seed_milpsnap_geant_k15.json,214,22,36,14,22.7934,7.243810566316725e-05,0.341,OPTIMAL
geant,seed_milpsnap_geant_k15.json,215,22,36,13,22.7934,7.243810566316725e-05,0.373,OPTIMAL
geant,seed_milpsnap_geant_k15.json,216,22,36,11,22.7934,7.243810566316725e-05,0.286,OPTIMAL
geant,seed_milpsnap_geant_k15.json,217,22,36,10,22.7934,7.243810566316725e-05,0.26,OPTIMAL
geant,seed_milpsnap_geant_k15.json,218,22,36,8,31.8828,8.21040532041815e-05,0.075,OPTIMAL
geant,seed_milpsnap_geant_k15.json,219,22,36,9,27.3353,7.696583572140731e-05,0.081,OPTIMAL
geant,seed_milpsnap_geant_k15.json,220,22,36,9,31.8828,8.21040532041815e-05,0.077,OPTIMAL
geant,seed_milpsnap_geant_k15.json,221,22,36,9,36.4246,0.0,0.056,OPTIMAL
geant,seed_milpsnap_geant_k15.json,222,22,36,11,36.4246,8.79696602414322e-05,0.096,OPTIMAL
geant,seed_milpsnap_geant_k15.json,223,22,36,12,31.8772,8.209731268122356e-05,0.242,OPTIMAL
geant,seed_milpsnap_geant_k15.json,224,22,36,12,27.3409,7.697175991665286e-05,0.148,OPTIMAL
geant,seed_milpsnap_geant_k15.json,225,22,36,11,27.3409,7.697175991665286e-05,0.135,OPTIMAL
geant,seed_milpsnap_geant_k15.json,226,22,36,12,27.3409,7.69717599168473e-05,0.146,OPTIMAL
geant,seed_milpsnap_geant_k15.json,227,22,36,12,27.3409,7.69717599168473e-05,0.144,OPTIMAL
geant,seed_milpsnap_geant_k15.json,228,22,36,15,22.799,7.244335332263281e-05,0.152,OPTIMAL
geant,seed_milpsnap_geant_k15.json,229,22,36,18,13.7152,6.48167486479554e-05,1.069,OPTIMAL
geant,seed_milpsnap_geant_k15.json,230,22,36,18,9.1733,6.15755121032641e-05,1.27,OPTIMAL
geant,seed_milpsnap_geant_k15.json,231,22,36,19,9.1733,6.157551210310854e-05,1.13,OPTIMAL
geant,seed_milpsnap_geant_k15.json,232,22,36,18,9.1733,6.157551210310854e-05,1.151,OPTIMAL
geant,seed_milpsnap_geant_k15.json,233,22,36,17,9.1733,6.1575512102953e-05,0.912,OPTIMAL
geant,seed_milpsnap_geant_k15.json,234,22,36,15,22.7934,7.243810566335025e-05,0.199,OPTIMAL
geant,seed_milpsnap_geant_k15.json,235,22,36,14,22.7934,7.243810566335025e-05,0.2,OPTIMAL
geant,seed_milpsnap_geant_k15.json,236,22,36,15,9.1677,6.157172079286967e-05,1.628,OPTIMAL
geant,seed_milpsnap_geant_k15.json,237,22,36,18,4.6258,5.8639562158030696e-05,9.044,OPTIMAL
geant,seed_milpsnap_geant_k15.json,238,22,36,18,4.6258,5.863956215817884e-05,3.484,OPTIMAL
geant,seed_milpsnap_geant_k15.json,239,22,36,17,9.1677,6.157172079302521e-05,0.362,OPTIMAL
geant,seed_milpsnap_geant_k15.json,240,22,36,17,9.1677,6.157172079318077e-05,0.391,OPTIMAL
geant,seed_milpsnap_geant_k15.json,241,22,36,15,9.1677,6.157172079318077e-05,0.324,OPTIMAL
geant,seed_milpsnap_geant_k15.json,242,22,36,12,18.2515,6.841349114056352e-05,0.78,OPTIMAL
geant,seed_milpsnap_geant_k15.json,243,22,36,13,18.2515,6.841349114056352e-05,0.3,OPTIMAL
geant,seed_milpsnap_geant_k15.json,244,22,36,12,18.2515,6.841349114056352e-05,0.262,OPTIMAL
geant,seed_milpsnap_geant_k15.json,245,22,36,12,18.2515,6.841349114073634e-05,1.2,OPTIMAL
geant,seed_milpsnap_geant_k15.json,246,22,36,15,13.7096,6.481254770950503e-05,1.176,OPTIMAL
geant,seed_milpsnap_geant_k15.json,247,22,36,17,18.2515,6.841349114108201e-05,0.194,OPTIMAL
geant,seed_milpsnap_geant_k15.json,248,22,36,20,13.7096,6.481254770950504e-05,0.239,OPTIMAL
geant,seed_milpsnap_geant_k15.json,249,22,36,22,13.7096,6.481254770966877e-05,0.294,OPTIMAL
geant,seed_milpsnap_geant_k15.json,250,22,36,20,13.7096,6.481254770966877e-05,0.27,OPTIMAL
geant,seed_milpsnap_geant_k15.json,251,22,36,19,13.7096,6.48125477093413e-05,1.596,OPTIMAL
geant,seed_milpsnap_geant_k15.json,252,22,36,18,13.7096,6.481254770950503e-05,1.038,OPTIMAL
geant,seed_milpsnap_geant_k15.json,253,22,36,20,13.7096,6.48125477093413e-05,0.601,OPTIMAL
geant,seed_milpsnap_geant_k15.json,254,22,36,1,81.838,0.0,0.01,OPTIMAL
geant,seed_milpsnap_geant_k15.json,255,22,36,3,68.2123,0.0,0.021,OPTIMAL
geant,seed_milpsnap_geant_k15.json,256,22,36,4,63.6704,0.0,0.025,OPTIMAL
geant,seed_milpsnap_geant_k15.json,257,22,36,5,59.1285,0.0,0.034,OPTIMAL
geant,seed_milpsnap_geant_k15.json,258,22,36,6,54.5866,0.0,0.046,OPTIMAL
geant,seed_milpsnap_geant_k15.json,259,22,36,7,45.5028,0.0,0.051,OPTIMAL
geant,seed_milpsnap_geant_k15.json,260,22,36,9,36.4191,8.796192226123892e-05,0.057,OPTIMAL
geant,seed_milpsnap_geant_k15.json,261,22,36,10,36.4191,8.796192226123892e-05,0.066,OPTIMAL
geant,seed_milpsnap_geant_k15.json,262,22,36,13,31.8772,8.209731268163838e-05,0.14,OPTIMAL
geant,seed_milpsnap_geant_k15.json,263,22,36,16,22.7934,7.243810566335025e-05,0.163,OPTIMAL
geant,seed_milpsnap_geant_k15.json,264,22,36,17,22.7934,7.243810566353325e-05,0.17,OPTIMAL
geant,seed_milpsnap_geant_k15.json,265,22,36,16,22.7934,7.243810566353325e-05,0.153,OPTIMAL
geant,seed_milpsnap_geant_k15.json,266,22,36,15,27.3353,7.696583572121286e-05,0.151,OPTIMAL
geant,seed_milpsnap_geant_k15.json,267,22,36,16,18.2515,6.841349114056352e-05,0.458,OPTIMAL
geant,seed_milpsnap_geant_k15.json,268,22,36,16,18.2515,6.841349114056352e-05,0.433,OPTIMAL
geant,seed_milpsnap_geant_k15.json,269,22,36,17,18.2515,6.841349114056352e-05,1.011,OPTIMAL
geant,seed_milpsnap_geant_k15.json,270,22,36,20,4.6258,5.86395621580307e-05,17.384,OPTIMAL
geant,seed_milpsnap_geant_k15.json,271,22,36,20,4.6258,5.86395621580307e-05,7.633,OPTIMAL
geant,seed_milpsnap_geant_k15.json,272,22,36,21,4.6258,5.86395621580307e-05,11.827,OPTIMAL
geant,seed_milpsnap_geant_k15.json,273,22,36,22,4.6258,5.863956215817884e-05,10.948,OPTIMAL
geant,seed_milpsnap_geant_k15.json,274,22,36,21,4.6258,5.86395621580307e-05,11.22,OPTIMAL
geant,seed_milpsnap_geant_k15.json,275,22,36,19,13.7096,6.481254770917756e-05,3.008,OPTIMAL
geant,seed_milpsnap_geant_k15.json,276,22,36,17,9.1677,6.157172079302521e-05,5.348,OPTIMAL
geant,seed_milpsnap_geant_k15.json,277,22,36,19,9.1677,6.157172079302521e-05,6.899,OPTIMAL
geant,seed_milpsnap_geant_k15.json,278,22,36,22,9.1677,6.157172079286967e-05,12.809,OPTIMAL
geant,seed_milpsnap_geant_k15.json,279,22,36,23,9.1677,6.157172079302521e-05,10.282,OPTIMAL
geant,seed_milpsnap_geant_k15.json,280,22,36,21,9.1677,6.157172079302521e-05,9.411,OPTIMAL
geant,seed_milpsnap_geant_k15.json,281,22,36,20,9.1677,6.157172079286967e-05,6.76,OPTIMAL
geant,seed_milpsnap_geant_k15.json,282,22,36,21,13.7096,6.481254770950503e-05,1.233,OPTIMAL
geant,seed_milpsnap_geant_k15.json,283,22,36,20,13.7096,6.481254770950503e-05,1.287,OPTIMAL
geant,seed_milpsnap_geant_k15.json,284,22,36,20,18.2515,6.841349114073635e-05,0.258,OPTIMAL
geant,seed_milpsnap_geant_k15.json,285,22,36,18,22.7934,7.243810566353325e-05,0.199,OPTIMAL
geant,seed_milpsnap_geant_k15.json,286,22,36,19,22.7934,7.243810566335025e-05,0.211,OPTIMAL
geant,seed_milpsnap_geant_k15.json,287,22,36,19,18.2515,6.841349114073635e-05,0.224,OPTIMAL
geant,seed_milpsnap_geant_k15.json,288,22,36,21,18.2515,6.841349114073635e-05,0.268,OPTIMAL
geant,seed_milpsnap_geant_k15.json,289,22,36,22,13.7096,6.481254770950503e-05,0.513,OPTIMAL
geant,seed_milpsnap_geant_k15.json,290,22,36,21,13.7096,6.481254770950503e-05,0.647,OPTIMAL
geant,seed_milpsnap_geant_k15.json,291,22,36,21,13.7096,6.481254770950503e-05,0.415,OPTIMAL
geant,seed_milpsnap_geant_k15.json,292,22,36,19,13.7096,6.481254770950503e-05,0.895,OPTIMAL
geant,seed_milpsnap_geant_k15.json,293,22,36,17,22.7934,7.243810566316725e-05,0.537,OPTIMAL
geant,seed_milpsnap_geant_k15.json,294,22,36,16,18.2515,6.841349114073634e-05,0.496,OPTIMAL
geant,seed_milpsnap_geant_k15.json,295,22,36,17,18.2515,6.841349114073634e-05,0.561,OPTIMAL
geant,seed_milpsnap_geant_k15.json,296,22,36,18,18.2515,6.841349114056352e-05,0.604,OPTIMAL
geant,seed_milpsnap_geant_k15.json,297,22,36,16,27.3353,7.696583572082398e-05,0.348,OPTIMAL
geant,seed_milpsnap_geant_k15.json,298,22,36,16,40.961,9.472886493772296e-05,0.116,OPTIMAL
geant,seed_milpsnap_geant_k15.json,299,22,36,16,31.8772,8.209731268163838e-05,0.175,OPTIMAL
geant,seed_milpsnap_geant_k15.json,300,22,36,16,27.3353,7.696583572101842e-05,0.178,OPTIMAL
geant,seed_milpsnap_geant_k15.json,301,22,36,16,18.2515,6.841349114073634e-05,0.495,OPTIMAL
geant,seed_milpsnap_geant_k15.json,302,22,36,15,18.2515,6.841349114056352e-05,0.605,OPTIMAL
geant,seed_milpsnap_geant_k15.json,303,22,36,13,27.3353,7.696583572082398e-05,0.344,OPTIMAL
geant,seed_milpsnap_geant_k15.json,304,22,36,12,31.8772,8.209731268163838e-05,0.118,OPTIMAL
geant,seed_milpsnap_geant_k15.json,305,22,36,14,18.2515,6.841349114039068e-05,0.181,OPTIMAL
geant,seed_milpsnap_geant_k15.json,306,22,36,14,18.2515,6.841349114073634e-05,0.188,OPTIMAL
geant,seed_milpsnap_geant_k15.json,307,22,36,14,22.7934,3.219471362781e-05,0.1,OPTIMAL
geant,seed_milpsnap_geant_k15.json,308,22,36,13,22.7934,3.219471362781e-05,0.094,OPTIMAL
geant,seed_milpsnap_geant_k15.json,309,22,36,12,27.3353,7.69658357210184e-05,0.08,OPTIMAL
geant,seed_milpsnap_geant_k15.json,310,22,36,11,31.8772,8.209731268143096e-05,0.158,OPTIMAL
geant,seed_milpsnap_geant_k15.json,311,22,36,10,31.8828,8.21040532033518e-05,0.096,OPTIMAL
geant,seed_milpsnap_geant_k15.json,312,22,36,10,31.8828,8.210405320355922e-05,0.137,OPTIMAL
geant,seed_milpsnap_geant_k15.json,313,22,36,9,45.5028,0.0,0.077,OPTIMAL
geant,seed_milpsnap_geant_k15.json,314,22,36,8,45.5028,0.0,0.073,OPTIMAL
geant,seed_milpsnap_geant_k15.json,315,22,36,7,50.0447,7.463614877479676e-05,0.058,OPTIMAL
geant,seed_milpsnap_geant_k15.json,316,22,36,6,50.0447,4.975743251657831e-05,0.047,OPTIMAL
geant,seed_milpsnap_geant_k15.json,317,22,36,7,40.9665,9.473783934547149e-05,0.088,OPTIMAL
geant,seed_milpsnap_geant_k15.json,318,22,36,8,36.4246,8.796966024176555e-05,0.067,OPTIMAL
geant,seed_milpsnap_geant_k15.json,319,22,36,6,50.0503,0.0,0.041,OPTIMAL
geant,seed_milpsnap_geant_k15.json,320,22,36,7,50.0503,0.0,0.043,OPTIMAL
geant,seed_milpsnap_geant_k15.json,321,22,36,6,59.1341,0.0,0.038,OPTIMAL
geant,seed_milpsnap_geant_k15.json,322,22,36,7,50.0503,0.0,0.054,OPTIMAL
geant,seed_milpsnap_geant_k15.json,323,22,36,10,36.4191,8.796192226112781e-05,0.13,OPTIMAL
geant,seed_milpsnap_geant_k15.json,324,22,36,10,31.8772,8.209731268143097e-05,0.128,OPTIMAL
geant,seed_milpsnap_geant_k15.json,325,22,36,9,36.4246,8.796966024154332e-05,0.097,OPTIMAL
geant,seed_milpsnap_geant_k15.json,326,22,36,11,31.8772,8.209731268163838e-05,0.103,OPTIMAL
geant,seed_milpsnap_geant_k15.json,327,22,36,12,31.8772,8.209731268163838e-05,0.124,OPTIMAL
geant,seed_milpsnap_geant_k15.json,328,22,36,14,22.7934,7.243810566353325e-05,0.45,OPTIMAL
geant,seed_milpsnap_geant_k15.json,329,22,36,14,18.2571,6.841817186655835e-05,0.461,OPTIMAL
geant,seed_milpsnap_geant_k15.json,330,22,36,15,18.2627,6.842285323291759e-05,0.299,OPTIMAL
geant,seed_milpsnap_geant_k15.json,331,22,36,14,22.799,7.244335332263281e-05,0.226,OPTIMAL
geant,seed_milpsnap_geant_k15.json,332,22,36,15,18.2571,6.841817186655835e-05,1.344,OPTIMAL
geant,seed_milpsnap_geant_k15.json,333,22,36,14,22.799,7.24433533224498e-05,0.301,OPTIMAL
geant,seed_milpsnap_geant_k15.json,334,22,36,15,18.2571,6.841817186673118e-05,0.695,OPTIMAL
geant,seed_milpsnap_geant_k15.json,335,22,36,14,13.7152,6.481674864779165e-05,0.34,OPTIMAL
geant,seed_milpsnap_geant_k15.json,336,22,36,13,18.2515,6.841349114073634e-05,0.152,OPTIMAL
geant,seed_milpsnap_geant_k15.json,337,22,36,11,22.799,7.244335332226679e-05,0.206,OPTIMAL
geant,seed_milpsnap_geant_k15.json,338,22,36,12,18.2515,6.841349114108201e-05,0.148,OPTIMAL
geant,seed_milpsnap_geant_k15.json,339,22,36,10,22.8046,4.8299067828130014e-05,0.087,OPTIMAL
geant,seed_milpsnap_geant_k15.json,340,22,36,9,27.3409,7.697175991665286e-05,0.089,OPTIMAL
geant,seed_milpsnap_geant_k15.json,341,22,36,7,36.4246,8.796966024176555e-05,0.053,OPTIMAL
geant,seed_milpsnap_geant_k15.json,342,22,36,8,27.3464,9.40838372521766e-05,0.067,OPTIMAL
geant,seed_milpsnap_geant_k15.json,343,22,36,7,27.3464,7.69776850245435e-05,0.052,OPTIMAL
geant,seed_milpsnap_geant_k15.json,344,22,36,8,27.3409,7.697175991665284e-05,0.082,OPTIMAL
geant,seed_milpsnap_geant_k15.json,345,22,36,10,22.799,7.244335332263281e-05,0.424,OPTIMAL
geant,seed_milpsnap_geant_k15.json,346,22,36,10,27.3409,7.697175991665286e-05,0.117,OPTIMAL
geant,seed_milpsnap_geant_k15.json,347,22,36,9,31.8772,8.209731268143097e-05,0.099,OPTIMAL
geant,seed_milpsnap_geant_k15.json,348,22,36,10,27.3353,7.696583572062952e-05,0.245,OPTIMAL
geant,seed_milpsnap_geant_k15.json,349,22,36,10,31.8772,8.209731268143096e-05,0.126,OPTIMAL
geant,seed_milpsnap_geant_k15.json,350,22,36,11,27.3409,0.0,0.315,OPTIMAL
geant,seed_milpsnap_geant_k15.json,351,22,36,12,22.7934,7.243810566316725e-05,0.3,OPTIMAL
geant,seed_milpsnap_geant_k15.json,352,22,36,11,36.4246,8.796966024176555e-05,0.106,OPTIMAL
geant,seed_milpsnap_geant_k15.json,353,22,36,12,36.4191,8.796192226135002e-05,0.101,OPTIMAL
geant,seed_milpsnap_geant_k15.json,354,22,36,10,40.961,9.472886493772296e-05,0.092,OPTIMAL
geant,seed_milpsnap_geant_k15.json,355,22,36,10,40.961,9.472886493772294e-05,0.098,OPTIMAL
geant,seed_milpsnap_geant_k15.json,356,22,36,9,45.5028,0.0,0.098,OPTIMAL
geant,seed_milpsnap_geant_k15.json,357,22,36,10,40.961,9.472886493772294e-05,0.103,OPTIMAL
geant,seed_milpsnap_geant_k15.json,358,22,36,11,27.3409,7.697175991665284e-05,0.131,OPTIMAL
geant,seed_milpsnap_geant_k15.json,359,22,36,10,31.8828,8.21040532033518e-05,0.101,OPTIMAL
geant,seed_milpsnap_geant_k15.json,360,22,36,11,27.3353,7.696583572082398e-05,0.134,OPTIMAL
geant,seed_milpsnap_geant_k15.json,361,22,36,13,22.7934,7.243810566335025e-05,0.149,OPTIMAL
geant,seed_milpsnap_geant_k15.json,362,22,36,14,27.3353,7.696583572062955e-05,0.096,OPTIMAL
geant,seed_milpsnap_geant_k15.json,363,22,36,13,27.3353,7.696583572082397e-05,0.097,OPTIMAL
geant,seed_milpsnap_geant_k15.json,364,22,36,13,27.3353,7.696583572121287e-05,0.105,OPTIMAL
geant,seed_milpsnap_geant_k15.json,365,22,36,15,18.2515,6.841349114090918e-05,0.163,OPTIMAL
geant,seed_milpsnap_geant_k15.json,366,22,36,14,22.7934,7.243810566316725e-05,0.13,OPTIMAL
geant,seed_milpsnap_geant_k15.json,367,22,36,14,27.3353,7.696583572160174e-05,0.124,OPTIMAL
geant,seed_milpsnap_geant_k15.json,368,22,36,15,27.3353,7.696583572160174e-05,0.127,OPTIMAL
geant,seed_milpsnap_geant_k15.json,369,22,36,16,22.7934,7.243810566316725e-05,0.261,OPTIMAL
geant,seed_milpsnap_geant_k15.json,370,22,36,17,22.7934,7.243810566316725e-05,0.273,OPTIMAL
geant,seed_milpsnap_geant_k15.json,371,22,36,17,18.2515,6.841349114056352e-05,1.28,OPTIMAL
geant,seed_milpsnap_geant_k15.json,372,22,36,16,18.2515,6.841349114073634e-05,0.932,OPTIMAL
geant,seed_milpsnap_geant_k15.json,373,22,36,16,18.2515,6.841349114090918e-05,0.181,OPTIMAL
geant,seed_milpsnap_geant_k15.json,374,22,36,16,13.7096,6.481254770966877e-05,0.321,OPTIMAL
geant,seed_milpsnap_geant_k15.json,375,22,36,16,13.7096,6.481254770950503e-05,0.586,OPTIMAL
geant,seed_milpsnap_geant_k15.json,376,22,36,17,9.1677,6.157172079286967e-05,2.279,OPTIMAL
geant,seed_milpsnap_geant_k15.json,377,22,36,16,13.7096,6.481254770966877e-05,0.406,OPTIMAL
geant,seed_milpsnap_geant_k15.json,378,22,36,14,22.7934,7.243810566353326e-05,0.198,OPTIMAL
geant,seed_milpsnap_geant_k15.json,379,22,36,13,22.799,7.244335332281584e-05,0.149,OPTIMAL
geant,seed_milpsnap_geant_k15.json,380,22,36,1,77.2961,0.0,0.016,OPTIMAL
geant,seed_milpsnap_geant_k15.json,381,22,36,2,77.2961,0.0,0.016,OPTIMAL
geant,seed_milpsnap_geant_k15.json,382,22,36,3,72.7542,0.0,0.022,OPTIMAL
geant,seed_milpsnap_geant_k15.json,383,22,36,5,63.6704,6.841934214796302e-05,0.046,OPTIMAL
geant,seed_milpsnap_geant_k15.json,384,22,36,7,45.5028,0.0,0.066,OPTIMAL
geant,seed_milpsnap_geant_k15.json,385,22,36,10,40.961,0.0,0.063,OPTIMAL
geant,seed_milpsnap_geant_k15.json,386,22,36,12,31.8772,8.209731268163838e-05,0.119,OPTIMAL
geant,seed_milpsnap_geant_k15.json,387,22,36,16,27.3353,7.696583572082397e-05,0.205,OPTIMAL
geant,seed_milpsnap_geant_k15.json,388,22,36,18,18.2515,6.841349114073634e-05,0.517,OPTIMAL
geant,seed_milpsnap_geant_k15.json,389,22,36,20,13.7096,6.481254770950503e-05,0.94,OPTIMAL
geant,seed_milpsnap_geant_k15.json,390,22,36,19,13.7096,6.481254770950503e-05,0.55,OPTIMAL
geant,seed_milpsnap_geant_k15.json,391,22,36,19,9.1677,6.157172079286967e-05,6.339,OPTIMAL
geant,seed_milpsnap_geant_k15.json,392,22,36,20,13.7096,6.48125477093413e-05,0.692,OPTIMAL
geant,seed_milpsnap_geant_k15.json,393,22,36,23,13.7096,6.481254770950503e-05,0.832,OPTIMAL
geant,seed_milpsnap_geant_k15.json,394,22,36,21,18.2515,6.841349114056352e-05,0.77,OPTIMAL
geant,seed_milpsnap_geant_k15.json,395,22,36,20,22.7934,7.243810566353325e-05,0.369,OPTIMAL
geant,seed_milpsnap_geant_k15.json,396,22,36,19,27.3353,7.696583572101841e-05,0.611,OPTIMAL
geant,seed_milpsnap_geant_k15.json,397,22,36,19,22.7934,7.243810566316725e-05,1.245,OPTIMAL
geant,seed_milpsnap_geant_k15.json,398,22,36,20,18.2515,6.841349114056352e-05,0.617,OPTIMAL
geant,seed_milpsnap_geant_k15.json,399,22,36,19,18.2515,6.841349114056352e-05,1.792,OPTIMAL
geant,seed_milpsnap_geant_k15.json,400,22,36,19,18.2515,6.841349114056352e-05,1.203,OPTIMAL
geant,seed_milpsnap_geant_k15.json,401,22,36,18,18.2515,6.841349114056352e-05,1.561,OPTIMAL
geant,seed_milpsnap_geant_k15.json,402,22,36,17,18.2515,6.841349114056352e-05,1.609,OPTIMAL
geant,seed_milpsnap_geant_k15.json,403,22,36,18,13.7096,6.481254770950503e-05,1.569,OPTIMAL
geant,seed_milpsnap_geant_k15.json,404,22,36,17,4.6258,5.863956215817884e-05,2.657,OPTIMAL
geant,seed_milpsnap_geant_k15.json,405,22,36,17,4.6258,5.863956215817884e-05,1.866,OPTIMAL
geant,seed_milpsnap_geant_k15.json,406,22,36,15,9.1677,6.157172079302521e-05,0.544,OPTIMAL
geant,seed_milpsnap_geant_k15.json,407,22,36,16,4.6258,5.863956215817884e-05,4.295,OPTIMAL
geant,seed_milpsnap_geant_k15.json,408,22,36,17,4.6258,5.86395621580307e-05,1.938,OPTIMAL
geant,seed_milpsnap_geant_k15.json,409,22,36,19,4.6258,5.863956215817884e-05,4.183,OPTIMAL
geant,seed_milpsnap_geant_k15.json,410,22,36,21,0.0839,5.59739783195029e-05,19.621,OPTIMAL
geant,seed_milpsnap_geant_k15.json,411,22,36,24,0.0839,5.59739783195029e-05,24.619,OPTIMAL
geant,seed_milpsnap_geant_k15.json,412,22,36,23,0.0839,5.59739783196443e-05,58.032,OPTIMAL
geant,seed_milpsnap_geant_k15.json,413,22,36,23,4.6258,5.863956215788256e-05,8.551,OPTIMAL
geant,seed_milpsnap_geant_k15.json,414,22,36,22,4.6258,5.8639562158030696e-05,11.843,OPTIMAL
geant,seed_milpsnap_geant_k15.json,415,22,36,23,4.6258,5.863956215788256e-05,10.846,OPTIMAL
geant,seed_milpsnap_geant_k15.json,416,22,36,24,4.6258,5.863956215788256e-05,11.381,OPTIMAL
geant,seed_milpsnap_geant_k15.json,417,22,36,23,9.1677,6.157172079286967e-05,3.31,OPTIMAL
geant,seed_milpsnap_geant_k15.json,418,22,36,22,4.6258,5.86395621580307e-05,16.304,OPTIMAL
geant,seed_milpsnap_geant_k15.json,419,22,36,24,0.0839,5.59739783196443e-05,51.903,OPTIMAL
geant,seed_milpsnap_geant_k15.json,420,22,36,24,0.0839,5.59739783196443e-05,40.659,OPTIMAL
geant,seed_milpsnap_geant_k15.json,421,22,36,21,4.6258,5.86395621580307e-05,14.075,OPTIMAL
geant,seed_milpsnap_geant_k15.json,422,22,36,20,4.6258,5.863956215817884e-05,9.847,OPTIMAL
geant,seed_milpsnap_geant_k15.json,423,22,36,17,9.1677,6.157172079302521e-05,1.015,OPTIMAL
geant,seed_milpsnap_geant_k15.json,424,22,36,15,13.7096,6.481254770983251e-05,0.234,OPTIMAL
geant,seed_milpsnap_geant_k15.json,425,22,36,14,13.7096,6.481254770950503e-05,0.403,OPTIMAL
geant,seed_milpsnap_geant_k15.json,426,22,36,14,18.2515,6.84134911405635e-05,0.598,OPTIMAL
geant,seed_milpsnap_geant_k15.json,427,22,36,12,27.3353,7.69658357214073e-05,0.101,OPTIMAL
geant,seed_milpsnap_geant_k15.json,428,22,36,11,27.3353,7.69658357214073e-05,0.096,OPTIMAL
geant,seed_milpsnap_geant_k15.json,429,22,36,13,22.7934,7.243810566371626e-05,0.121,OPTIMAL
geant,seed_milpsnap_geant_k15.json,430,22,36,13,22.799,7.24433533224498e-05,0.171,OPTIMAL
geant,seed_milpsnap_geant_k15.json,431,22,36,14,22.7934,7.243810566335025e-05,0.191,OPTIMAL
geant,seed_milpsnap_geant_k15.json,432,22,36,13,22.7934,7.243810566335025e-05,0.393,OPTIMAL
geant,seed_milpsnap_geant_k15.json,433,22,36,14,22.7934,7.243810566335025e-05,0.172,OPTIMAL
geant,seed_milpsnap_geant_k15.json,434,22,36,15,22.7934,7.243810566335025e-05,0.221,OPTIMAL
geant,seed_milpsnap_geant_k15.json,435,22,36,16,13.7096,6.481254770966877e-05,0.313,OPTIMAL
geant,seed_milpsnap_geant_k15.json,436,22,36,17,9.1677,6.157172079286967e-05,0.99,OPTIMAL
geant,seed_milpsnap_geant_k15.json,437,22,36,16,4.6258,5.8639562158030696e-05,10.256,OPTIMAL
geant,seed_milpsnap_geant_k15.json,438,22,36,14,9.1677,6.157172079302521e-05,4.462,OPTIMAL
geant,seed_milpsnap_geant_k15.json,439,22,36,16,9.1677,6.157172079302521e-05,5.512,OPTIMAL
geant,seed_milpsnap_geant_k15.json,440,22,36,17,9.1677,6.157172079302521e-05,5.124,OPTIMAL
geant,seed_milpsnap_geant_k15.json,441,22,36,14,18.2515,6.841349114073634e-05,2.331,OPTIMAL
geant,seed_milpsnap_geant_k15.json,442,22,36,12,22.7934,7.243810566316725e-05,1.596,OPTIMAL
geant,seed_milpsnap_geant_k15.json,443,22,36,12,22.7934,7.243810566316725e-05,0.568,OPTIMAL
geant,seed_milpsnap_geant_k15.json,444,22,36,11,27.3353,7.696583572121285e-05,0.146,OPTIMAL
geant,seed_milpsnap_geant_k15.json,445,22,36,9,36.4191,8.79619222610167e-05,0.101,OPTIMAL
geant,seed_milpsnap_geant_k15.json,446,22,36,9,40.961,0.0,0.079,OPTIMAL
geant,seed_milpsnap_geant_k15.json,447,22,36,10,36.4191,8.79619222611278e-05,0.116,OPTIMAL
geant,seed_milpsnap_geant_k15.json,448,22,36,10,31.8772,8.209731268184577e-05,0.117,OPTIMAL
geant,seed_milpsnap_geant_k15.json,449,22,36,11,31.8772,8.209731268184577e-05,0.121,OPTIMAL
geant,seed_milpsnap_geant_k15.json,450,22,36,10,36.4191,8.796192226123892e-05,0.088,OPTIMAL
geant,seed_milpsnap_geant_k15.json,451,22,36,9,36.4191,8.79619222610167e-05,0.098,OPTIMAL
geant,seed_milpsnap_geant_k15.json,452,22,36,10,36.4191,8.796192226123892e-05,0.08,OPTIMAL
geant,seed_milpsnap_geant_k15.json,453,22,36,9,36.4191,0.0,0.059,OPTIMAL
geant,seed_milpsnap_geant_k15.json,454,22,36,9,36.4191,8.79619222610167e-05,0.128,OPTIMAL
geant,seed_milpsnap_geant_k15.json,455,22,36,10,31.8772,8.209731268143096e-05,0.223,OPTIMAL
geant,seed_milpsnap_geant_k15.json,456,22,36,11,27.3353,7.696583572082397e-05,0.177,OPTIMAL
geant,seed_milpsnap_geant_k15.json,457,22,36,11,27.3409,7.697175991665286e-05,0.244,OPTIMAL
geant,seed_milpsnap_geant_k15.json,458,22,36,12,22.799,7.244335332263281e-05,0.352,OPTIMAL
geant,seed_milpsnap_geant_k15.json,459,22,36,12,27.3409,7.69717599168473e-05,0.254,OPTIMAL
geant,seed_milpsnap_geant_k15.json,460,22,36,12,36.4246,8.796966024176555e-05,0.191,OPTIMAL
geant,seed_milpsnap_geant_k15.json,461,22,36,14,31.8772,8.209731268143097e-05,0.155,OPTIMAL
geant,seed_milpsnap_geant_k15.json,462,22,36,14,27.3353,7.696583572101842e-05,0.146,OPTIMAL
geant,seed_milpsnap_geant_k15.json,463,22,36,15,22.7934,5.634074884917075e-05,0.159,OPTIMAL
geant,seed_milpsnap_geant_k15.json,464,22,36,14,22.7934,7.243810566335025e-05,0.172,OPTIMAL
geant,seed_milpsnap_geant_k15.json,465,22,36,16,27.3353,7.696583572179617e-05,0.139,OPTIMAL
geant,seed_milpsnap_geant_k15.json,466,22,36,16,27.3353,7.696583572179617e-05,0.136,OPTIMAL
geant,seed_milpsnap_geant_k15.json,467,22,36,17,18.2515,6.841349114039068e-05,0.146,OPTIMAL
geant,seed_milpsnap_geant_k15.json,468,22,36,18,18.2515,6.841349114090918e-05,0.247,OPTIMAL
geant,seed_milpsnap_geant_k15.json,469,22,36,18,18.2515,6.841349114090918e-05,0.235,OPTIMAL
geant,seed_milpsnap_geant_k15.json,470,22,36,19,13.7096,6.481254770966877e-05,0.534,OPTIMAL
geant,seed_milpsnap_geant_k15.json,471,22,36,20,13.7096,6.481254770950504e-05,0.604,OPTIMAL
geant,seed_milpsnap_geant_k15.json,472,22,36,19,13.7096,6.481254770950504e-05,0.655,OPTIMAL
geant,seed_milpsnap_geant_k15.json,473,22,36,20,13.7096,6.481254770950503e-05,1.344,OPTIMAL
geant,seed_milpsnap_geant_k15.json,474,22,36,17,18.2515,6.841349114090918e-05,0.73,OPTIMAL
geant,seed_milpsnap_geant_k15.json,475,22,36,17,18.2515,6.841349114056352e-05,3.869,OPTIMAL
geant,seed_milpsnap_geant_k15.json,476,22,36,17,22.7934,7.243810566335025e-05,0.679,OPTIMAL
geant,seed_milpsnap_geant_k15.json,477,22,36,15,31.8772,8.209731268184577e-05,0.168,OPTIMAL
geant,seed_milpsnap_geant_k15.json,478,22,36,14,31.8772,8.209731268184577e-05,0.139,OPTIMAL
geant,seed_milpsnap_geant_k15.json,479,22,36,14,27.3353,7.696583572101841e-05,0.221,OPTIMAL
geant,seed_milpsnap_geant_k15.json,480,22,36,12,31.8772,8.209731268122356e-05,0.166,OPTIMAL
geant,seed_milpsnap_geant_k15.json,481,22,36,10,36.4191,0.0,0.161,OPTIMAL
geant,seed_milpsnap_geant_k15.json,482,22,36,10,31.8772,8.209731268143097e-05,0.104,OPTIMAL
geant,seed_milpsnap_geant_k15.json,483,22,36,11,27.3353,7.696583572121286e-05,0.107,OPTIMAL
geant,seed_milpsnap_geant_k15.json,484,22,36,10,27.3409,7.697175991704177e-05,0.089,OPTIMAL
geant,seed_milpsnap_geant_k15.json,485,22,36,9,27.3409,7.697175991704177e-05,0.085,OPTIMAL
geant,seed_milpsnap_geant_k15.json,486,22,36,9,27.3409,7.697175991645839e-05,0.063,OPTIMAL
geant,seed_milpsnap_geant_k15.json,487,22,36,12,22.799,7.244335332263283e-05,0.096,OPTIMAL
geant,seed_milpsnap_geant_k15.json,488,22,36,13,18.2571,6.84181718667312e-05,0.136,OPTIMAL
geant,seed_milpsnap_geant_k15.json,489,22,36,14,18.2571,6.841817186655835e-05,0.178,OPTIMAL
geant,seed_milpsnap_geant_k15.json,490,22,36,15,27.3353,7.696583572082397e-05,0.169,OPTIMAL
geant,seed_milpsnap_geant_k15.json,491,22,36,17,27.3353,7.696583572082397e-05,0.197,OPTIMAL
geant,seed_milpsnap_geant_k15.json,492,22,36,16,27.3353,7.696583572101842e-05,0.16,OPTIMAL
geant,seed_milpsnap_geant_k15.json,493,22,36,14,31.8716,8.209057326596936e-05,0.114,OPTIMAL
geant,seed_milpsnap_geant_k15.json,494,22,36,13,31.8772,8.209731268143096e-05,0.108,OPTIMAL
geant,seed_milpsnap_geant_k15.json,495,22,36,17,18.2515,6.841349114056352e-05,0.225,OPTIMAL
geant,seed_milpsnap_geant_k15.json,496,22,36,16,22.7934,7.243810566335025e-05,0.162,OPTIMAL
geant,seed_milpsnap_geant_k15.json,497,22,36,16,22.7934,7.243810566335025e-05,0.176,OPTIMAL
geant,seed_milpsnap_geant_k15.json,498,22,36,15,27.3353,7.696583572101841e-05,0.191,OPTIMAL
geant,seed_milpsnap_geant_k15.json,499,22,36,14,31.8772,8.209731268143097e-05,0.216,OPTIMAL
geant,seed_milpsnap_geant_k15.json,500,22,36,15,31.8772,8.209731268163836e-05,0.201,OPTIMAL
geant,seed_milpsnap_geant_k15.json,501,22,36,12,31.8772,8.209731268163836e-05,0.232,OPTIMAL
geant,seed_milpsnap_geant_k15.json,502,22,36,1,81.838,0.0,0.011,OPTIMAL
geant,seed_milpsnap_geant_k15.json,503,22,36,3,68.2123,0.0,0.026,OPTIMAL
geant,seed_milpsnap_geant_k15.json,504,22,36,4,54.5866,5.473378853580265e-05,0.058,OPTIMAL
geant,seed_milpsnap_geant_k15.json,505,22,36,5,50.0447,0.0,0.074,OPTIMAL
geant,seed_milpsnap_geant_k15.json,506,22,36,6,50.0447,0.0,0.049,OPTIMAL
geant,seed_milpsnap_geant_k15.json,507,22,36,9,36.4191,8.796192226112781e-05,0.125,OPTIMAL
geant,seed_milpsnap_geant_k15.json,508,22,36,10,36.4191,8.796192226112781e-05,0.137,OPTIMAL
geant,seed_milpsnap_geant_k15.json,509,22,36,11,36.4191,8.796192226101671e-05,0.172,OPTIMAL
geant,seed_milpsnap_geant_k15.json,510,22,36,12,31.8772,8.209731268143096e-05,0.176,OPTIMAL
geant,seed_milpsnap_geant_k15.json,511,22,36,15,31.8772,8.209731268184577e-05,0.15,OPTIMAL
geant,seed_milpsnap_geant_k15.json,512,22,36,17,22.7934,7.243810566353326e-05,0.175,OPTIMAL
geant,seed_milpsnap_geant_k15.json,513,22,36,20,13.7096,6.481254770966877e-05,0.84,OPTIMAL
geant,seed_milpsnap_geant_k15.json,514,22,36,21,9.1677,6.157172079318077e-05,1.076,OPTIMAL
geant,seed_milpsnap_geant_k15.json,515,22,36,21,9.1677,6.157172079318077e-05,0.977,OPTIMAL
geant,seed_milpsnap_geant_k15.json,516,22,36,20,9.1677,6.157172079302521e-05,0.972,OPTIMAL
geant,seed_milpsnap_geant_k15.json,517,22,36,20,9.1677,6.157172079318077e-05,1.302,OPTIMAL
geant,seed_milpsnap_geant_k15.json,518,22,36,19,9.1677,6.157172079318077e-05,0.983,OPTIMAL
geant,seed_milpsnap_geant_k15.json,519,22,36,19,13.7096,6.481254770950503e-05,1.26,OPTIMAL
geant,seed_milpsnap_geant_k15.json,520,22,36,18,13.7096,6.48125477093413e-05,1.313,OPTIMAL
geant,seed_milpsnap_geant_k15.json,521,22,36,20,13.7096,6.481254770950503e-05,2.148,OPTIMAL
geant,seed_milpsnap_geant_k15.json,522,22,36,21,9.1677,6.157172079286967e-05,2.327,OPTIMAL
geant,seed_milpsnap_geant_k15.json,523,22,36,21,9.1677,6.157172079286967e-05,2.417,OPTIMAL
geant,seed_milpsnap_geant_k15.json,524,22,36,19,9.1677,6.157172079302521e-05,1.694,OPTIMAL
geant,seed_milpsnap_geant_k15.json,525,22,36,18,13.7096,6.481254770966877e-05,0.407,OPTIMAL
geant,seed_milpsnap_geant_k15.json,526,22,36,16,13.7096,6.481254770950504e-05,1.02,OPTIMAL
geant,seed_milpsnap_geant_k15.json,527,22,36,17,13.7096,6.48125477093413e-05,0.934,OPTIMAL
geant,seed_milpsnap_geant_k15.json,528,22,36,18,13.7096,6.48125477093413e-05,1.716,OPTIMAL
geant,seed_milpsnap_geant_k15.json,529,22,36,18,18.2515,6.841349114073635e-05,1.045,OPTIMAL
geant,seed_milpsnap_geant_k15.json,530,22,36,18,13.7096,6.48125477093413e-05,0.519,OPTIMAL
geant,seed_milpsnap_geant_k15.json,531,22,36,19,13.7096,6.48125477093413e-05,0.569,OPTIMAL
geant,seed_milpsnap_geant_k15.json,532,22,36,21,9.1677,6.157172079286967e-05,6.015,OPTIMAL
geant,seed_milpsnap_geant_k15.json,533,22,36,21,9.1677,6.157172079271413e-05,2.908,OPTIMAL
geant,seed_milpsnap_geant_k15.json,534,22,36,20,9.1677,6.157172079286967e-05,7.381,OPTIMAL
geant,seed_milpsnap_geant_k15.json,535,22,36,18,9.1677,6.157172079286967e-05,8.036,OPTIMAL
geant,seed_milpsnap_geant_k15.json,536,22,36,17,9.1677,6.157172079286967e-05,5.822,OPTIMAL
geant,seed_milpsnap_geant_k15.json,537,22,36,18,9.1677,6.157172079302521e-05,0.849,OPTIMAL
geant,seed_milpsnap_geant_k15.json,538,22,36,20,0.0839,5.59739783196443e-05,38.138,OPTIMAL
geant,seed_milpsnap_geant_k15.json,539,22,36,19,0.0895,5.5977111580991506e-05,8.577,OPTIMAL
geant,seed_milpsnap_geant_k15.json,540,22,36,18,4.6258,5.863956215788256e-05,6.175,OPTIMAL
geant,seed_milpsnap_geant_k15.json,541,22,36,17,9.1677,6.157172079302521e-05,0.398,OPTIMAL
geant,seed_milpsnap_geant_k15.json,542,22,36,17,18.2515,6.841349114090919e-05,0.203,OPTIMAL
geant,seed_milpsnap_geant_k15.json,543,22,36,16,18.2515,6.841349114090919e-05,0.161,OPTIMAL
geant,seed_milpsnap_geant_k15.json,544,22,36,17,18.2515,6.841349114090919e-05,0.175,OPTIMAL
geant,seed_milpsnap_geant_k15.json,545,22,36,15,18.2515,6.841349114090919e-05,0.16,OPTIMAL
geant,seed_milpsnap_geant_k15.json,546,22,36,16,18.2515,6.841349114090919e-05,0.16,OPTIMAL
geant,seed_milpsnap_geant_k15.json,547,22,36,15,22.7934,7.243810566335025e-05,0.246,OPTIMAL
geant,seed_milpsnap_geant_k15.json,548,22,36,15,27.3353,7.696583572160175e-05,0.136,OPTIMAL
geant,seed_milpsnap_geant_k15.json,549,22,36,15,18.2571,6.84181718670769e-05,0.148,OPTIMAL
geant,seed_milpsnap_geant_k15.json,550,22,36,14,18.2571,6.84181718670769e-05,0.134,OPTIMAL
geant,seed_milpsnap_geant_k15.json,551,22,36,13,18.2571,6.84181718670769e-05,0.117,OPTIMAL
geant,seed_milpsnap_geant_k15.json,552,22,36,13,18.2627,9.883301022549826e-05,0.14,OPTIMAL
geant,seed_milpsnap_geant_k15.json,553,22,36,11,31.8883,8.211079483262673e-05,0.086,OPTIMAL
geant,seed_milpsnap_geant_k15.json,554,22,36,13,27.3353,7.69658357214073e-05,0.109,OPTIMAL
geant,seed_milpsnap_geant_k15.json,555,22,36,14,27.3353,7.69658357214073e-05,0.113,OPTIMAL
geant,seed_milpsnap_geant_k15.json,556,22,36,14,27.3353,7.696583572121287e-05,0.114,OPTIMAL
geant,seed_milpsnap_geant_k15.json,557,22,36,13,31.8772,8.209731268122356e-05,0.095,OPTIMAL
geant,seed_milpsnap_geant_k15.json,558,22,36,11,31.8772,8.209731268163838e-05,0.099,OPTIMAL
geant,seed_milpsnap_geant_k15.json,559,22,36,12,27.3353,7.696583572160175e-05,0.104,OPTIMAL
geant,seed_milpsnap_geant_k15.json,560,22,36,13,18.2515,6.841349114108201e-05,0.167,OPTIMAL
geant,seed_milpsnap_geant_k15.json,561,22,36,16,18.2515,6.841349114056352e-05,2.212,OPTIMAL
geant,seed_milpsnap_geant_k15.json,562,22,36,15,18.2515,6.841349114073634e-05,1.262,OPTIMAL
geant,seed_milpsnap_geant_k15.json,563,22,36,14,22.7934,7.243810566335025e-05,0.668,OPTIMAL
geant,seed_milpsnap_geant_k15.json,564,22,36,18,13.7096,6.481254770966877e-05,0.241,OPTIMAL
geant,seed_milpsnap_geant_k15.json,565,22,36,17,22.7934,7.243810566371626e-05,0.144,OPTIMAL
geant,seed_milpsnap_geant_k15.json,566,22,36,17,13.7096,6.481254770966879e-05,0.183,OPTIMAL
geant,seed_milpsnap_geant_k15.json,567,22,36,16,13.7096,6.481254770966877e-05,0.179,OPTIMAL
geant,seed_milpsnap_geant_k15.json,568,22,36,15,18.2515,6.841349114090918e-05,0.228,OPTIMAL
geant,seed_milpsnap_geant_k15.json,569,22,36,17,18.2515,6.841349114090918e-05,0.164,OPTIMAL
geant,seed_milpsnap_geant_k15.json,570,22,36,19,13.7096,6.481254770966877e-05,0.453,OPTIMAL
geant,seed_milpsnap_geant_k15.json,571,22,36,20,9.1677,6.157172079302521e-05,1.119,OPTIMAL
geant,seed_milpsnap_geant_k15.json,572,22,36,19,13.7096,6.481254770966877e-05,0.265,OPTIMAL
geant,seed_milpsnap_geant_k15.json,573,22,36,19,13.7096,6.481254770966877e-05,0.295,OPTIMAL
geant,seed_milpsnap_geant_k15.json,574,22,36,17,18.2515,6.841349114090918e-05,0.206,OPTIMAL
geant,seed_milpsnap_geant_k15.json,575,22,36,18,13.7096,6.48125477093413e-05,1.519,OPTIMAL
geant,seed_milpsnap_geant_k15.json,576,22,36,15,22.7934,7.243810566335025e-05,0.194,OPTIMAL
geant,seed_milpsnap_geant_k15.json,577,22,36,15,22.7934,7.243810566335025e-05,0.206,OPTIMAL
geant,seed_milpsnap_geant_k15.json,578,22,36,14,27.3353,7.696583572121286e-05,0.17,OPTIMAL
geant,seed_milpsnap_geant_k15.json,579,22,36,14,31.8772,0.0,0.091,OPTIMAL
geant,seed_milpsnap_geant_k15.json,580,22,36,15,27.3353,7.696583572121286e-05,0.167,OPTIMAL
geant,seed_milpsnap_geant_k15.json,581,22,36,13,31.8828,8.210405320355922e-05,0.165,OPTIMAL
geant,seed_milpsnap_geant_k15.json,582,22,36,14,31.8828,8.210405320355922e-05,0.136,OPTIMAL
geant,seed_milpsnap_geant_k15.json,583,22,36,14,40.961,9.472886493784261e-05,0.101,OPTIMAL
geant,seed_milpsnap_geant_k15.json,584,22,36,15,40.961,9.472886493784261e-05,0.118,OPTIMAL
geant,seed_milpsnap_geant_k15.json,585,22,36,17,36.4191,8.796192226123892e-05,0.135,OPTIMAL
geant,seed_milpsnap_geant_k15.json,586,22,36,17,31.8772,8.209731268143096e-05,0.126,OPTIMAL
geant,seed_milpsnap_geant_k15.json,587,22,36,16,27.3353,9.406935476985275e-05,0.589,OPTIMAL
geant,seed_milpsnap_geant_k15.json,588,22,36,15,27.3353,9.406935476985275e-05,0.47,OPTIMAL
geant,seed_milpsnap_geant_k15.json,589,22,36,15,27.3353,7.696583572082397e-05,0.541,OPTIMAL
geant,seed_milpsnap_geant_k15.json,590,22,36,15,27.3353,9.406935476985275e-05,0.451,OPTIMAL
geant,seed_milpsnap_geant_k15.json,591,22,36,17,22.7934,7.243810566316725e-05,0.932,OPTIMAL
geant,seed_milpsnap_geant_k15.json,592,22,36,16,22.7934,7.243810566298424e-05,0.501,OPTIMAL
geant,seed_milpsnap_geant_k15.json,593,22,36,17,27.3353,7.696583572121286e-05,0.284,OPTIMAL
geant,seed_milpsnap_geant_k15.json,594,22,36,17,27.3353,7.696583572101841e-05,0.306,OPTIMAL
geant,seed_milpsnap_geant_k15.json,595,22,36,19,13.7096,6.481254770966877e-05,1.442,OPTIMAL
geant,seed_milpsnap_geant_k15.json,596,22,36,17,13.7096,6.48125477093413e-05,4.053,OPTIMAL
geant,seed_milpsnap_geant_k15.json,597,22,36,18,18.2515,6.841349114073635e-05,0.696,OPTIMAL
geant,seed_milpsnap_geant_k15.json,598,22,36,17,18.2515,6.841349114073635e-05,0.628,OPTIMAL
geant,seed_milpsnap_geant_k15.json,599,22,36,16,22.7934,7.243810566353326e-05,0.188,OPTIMAL
geant,seed_milpsnap_geant_k15.json,600,22,36,15,22.7934,7.243810566353326e-05,0.166,OPTIMAL
geant,seed_milpsnap_geant_k15.json,601,22,36,17,22.7934,7.243810566353326e-05,0.182,OPTIMAL
geant,seed_milpsnap_geant_k15.json,602,22,36,19,18.2515,6.841349114090919e-05,0.21,OPTIMAL
geant,seed_milpsnap_geant_k15.json,603,22,36,18,18.2515,6.841349114090919e-05,0.207,OPTIMAL
geant,seed_milpsnap_geant_k15.json,604,22,36,18,13.7096,6.481254770966877e-05,0.334,OPTIMAL
geant,seed_milpsnap_geant_k15.json,605,22,36,16,18.2515,6.841349114090919e-05,0.179,OPTIMAL
geant,seed_milpsnap_geant_k15.json,606,22,36,17,18.2515,6.841349114090919e-05,0.184,OPTIMAL
geant,seed_milpsnap_geant_k15.json,607,22,36,17,18.2515,6.841349114073635e-05,0.452,OPTIMAL
geant,seed_milpsnap_geant_k15.json,608,22,36,16,18.2515,6.841349114073635e-05,0.422,OPTIMAL
geant,seed_milpsnap_geant_k15.json,609,22,36,14,18.2515,6.841349114090918e-05,0.436,OPTIMAL
geant,seed_milpsnap_geant_k15.json,610,22,36,15,13.7096,6.48125477093413e-05,2.626,OPTIMAL
geant,seed_milpsnap_geant_k15.json,611,22,36,14,27.3353,7.696583572101841e-05,0.19,OPTIMAL
geant,seed_milpsnap_geant_k15.json,612,22,36,17,18.2515,6.841349114073635e-05,0.713,OPTIMAL
geant,seed_milpsnap_geant_k15.json,613,22,36,17,22.7934,7.243810566335025e-05,0.546,OPTIMAL
geant,seed_milpsnap_geant_k15.json,614,22,36,15,22.7934,7.243810566335025e-05,0.56,OPTIMAL
geant,seed_milpsnap_geant_k15.json,615,22,36,14,27.3353,7.696583572082398e-05,0.437,OPTIMAL
geant,seed_milpsnap_geant_k15.json,616,22,36,16,22.7934,7.243810566316725e-05,0.56,OPTIMAL
geant,seed_milpsnap_geant_k15.json,617,22,36,15,22.7934,7.243810566316725e-05,0.707,OPTIMAL
geant,seed_milpsnap_geant_k15.json,618,22,36,17,22.7934,7.243810566316725e-05,0.562,OPTIMAL
geant,seed_milpsnap_geant_k15.json,619,22,36,17,22.7934,7.243810566316725e-05,0.291,OPTIMAL
geant,seed_milpsnap_geant_k15.json,620,22,36,16,22.7934,7.243810566353326e-05,0.168,OPTIMAL
geant,seed_milpsnap_geant_k15.json,621,22,36,17,13.7096,6.48125477093413e-05,0.326,OPTIMAL
geant,seed_milpsnap_geant_k15.json,622,22,36,16,13.7096,6.48125477093413e-05,1.468,OPTIMAL
geant,seed_milpsnap_geant_k15.json,623,22,36,15,18.2515,6.841349114073635e-05,0.251,OPTIMAL
geant,seed_milpsnap_geant_k15.json,624,22,36,12,31.8772,9.121923631267801e-05,0.093,OPTIMAL
geant,seed_milpsnap_geant_k15.json,625,22,36,11,31.8772,9.121923631267801e-05,0.084,OPTIMAL
geant,seed_milpsnap_geant_k15.json,626,22,36,12,27.3353,7.696583572101841e-05,0.17,OPTIMAL
geant,seed_milpsnap_geant_k15.json,627,22,36,13,27.3353,7.696583572101841e-05,0.179,OPTIMAL
geant,seed_milpsnap_geant_k15.json,628,22,36,14,22.7934,9.6584140884162e-05,0.473,OPTIMAL
geant,seed_milpsnap_geant_k15.json,629,22,36,13,22.7934,7.243810566298425e-05,0.503,OPTIMAL
geant,seed_milpsnap_geant_k15.json,630,22,36,12,27.3353,7.696583572082397e-05,0.184,OPTIMAL
geant,seed_milpsnap_geant_k15.json,631,22,36,14,22.7934,7.243810566316726e-05,0.247,OPTIMAL
geant,seed_milpsnap_geant_k15.json,632,22,36,13,22.7934,7.243810566316726e-05,0.209,OPTIMAL
geant,seed_milpsnap_geant_k15.json,633,22,36,15,18.2515,6.841349114056352e-05,0.144,OPTIMAL
geant,seed_milpsnap_geant_k15.json,634,22,36,14,18.2515,6.841349114073634e-05,0.129,OPTIMAL
geant,seed_milpsnap_geant_k15.json,635,22,36,15,18.2515,6.841349114056352e-05,0.156,OPTIMAL
geant,seed_milpsnap_geant_k15.json,636,22,36,13,18.2515,6.841349114073634e-05,0.128,OPTIMAL
geant,seed_milpsnap_geant_k15.json,637,22,36,14,13.7096,6.48125477093413e-05,0.525,OPTIMAL
geant,seed_milpsnap_geant_k15.json,638,22,36,1,86.3799,0.0,0.011,OPTIMAL
geant,seed_milpsnap_geant_k15.json,639,22,36,2,77.2961,0.0,0.017,OPTIMAL
geant,seed_milpsnap_geant_k15.json,640,22,36,4,59.1341,0.0,0.033,OPTIMAL
geant,seed_milpsnap_geant_k15.json,641,22,36,5,54.5922,5.4740529888435106e-05,0.036,OPTIMAL
geant,seed_milpsnap_geant_k15.json,642,22,36,7,50.0447,4.975743251657831e-05,0.059,OPTIMAL
geant,seed_milpsnap_geant_k15.json,643,22,36,9,40.961,9.472886493784261e-05,0.067,OPTIMAL
geant,seed_milpsnap_geant_k15.json,644,22,36,10,36.4191,8.796192226123892e-05,0.075,OPTIMAL
geant,seed_milpsnap_geant_k15.json,645,22,36,11,36.4191,8.796192226123892e-05,0.08,OPTIMAL
geant,seed_milpsnap_geant_k15.json,646,22,36,12,27.3353,7.696583572121286e-05,0.108,OPTIMAL
geant,seed_milpsnap_geant_k15.json,647,22,36,15,18.2515,6.841349114073634e-05,0.233,OPTIMAL
geant,seed_milpsnap_geant_k15.json,648,22,36,17,13.7096,6.48125477093413e-05,2.648,OPTIMAL
geant,seed_milpsnap_geant_k15.json,649,22,36,17,13.7096,6.48125477093413e-05,1.466,OPTIMAL
geant,seed_milpsnap_geant_k15.json,650,22,36,18,13.7096,6.481254770917756e-05,1.979,OPTIMAL
geant,seed_milpsnap_geant_k15.json,651,22,36,19,18.2515,6.841349114073635e-05,0.442,OPTIMAL
geant,seed_milpsnap_geant_k15.json,652,22,36,18,13.7096,6.48125477093413e-05,2.177,OPTIMAL
geant,seed_milpsnap_geant_k15.json,653,22,36,19,13.7096,6.481254770917756e-05,2.344,OPTIMAL
geant,seed_milpsnap_geant_k15.json,654,22,36,19,13.7096,6.48125477093413e-05,2.656,OPTIMAL
geant,seed_milpsnap_geant_k15.json,655,22,36,21,13.7096,6.481254770966877e-05,0.501,OPTIMAL
geant,seed_milpsnap_geant_k15.json,656,22,36,20,9.1677,6.157172079286967e-05,0.842,OPTIMAL
geant,seed_milpsnap_geant_k15.json,657,22,36,19,9.1677,6.157172079286967e-05,0.968,OPTIMAL
geant,seed_milpsnap_geant_k15.json,658,22,36,19,9.1677,6.157172079271411e-05,1.781,OPTIMAL
geant,seed_milpsnap_geant_k15.json,659,22,36,19,9.1677,6.157172079271411e-05,3.034,OPTIMAL
geant,seed_milpsnap_geant_k15.json,660,22,36,19,9.1677,6.157172079271411e-05,1.934,OPTIMAL
geant,seed_milpsnap_geant_k15.json,661,22,36,17,13.7096,6.48125477093413e-05,0.898,OPTIMAL
geant,seed_milpsnap_geant_k15.json,662,22,36,16,4.6258,5.86395621580307e-05,5.023,OPTIMAL
geant,seed_milpsnap_geant_k15.json,663,22,36,16,4.6258,5.863956215817884e-05,4.698,OPTIMAL
geant,seed_milpsnap_geant_k15.json,664,22,36,15,9.1677,6.157172079302521e-05,3.158,OPTIMAL
geant,seed_milpsnap_geant_k15.json,665,22,36,16,4.6258,5.863956215817884e-05,5.93,OPTIMAL
geant,seed_milpsnap_geant_k15.json,666,22,36,15,18.2515,6.841349114056352e-05,0.959,OPTIMAL
geant,seed_milpsnap_geant_k15.json,667,22,36,16,18.2515,6.841349114073634e-05,0.817,OPTIMAL
geant,seed_milpsnap_geant_k15.json,668,22,36,16,13.7096,6.481254770950503e-05,0.892,OPTIMAL
geant,seed_milpsnap_geant_k15.json,669,22,36,16,9.1733,6.15755121032641e-05,3.991,OPTIMAL
geant,seed_milpsnap_geant_k15.json,670,22,36,14,9.1733,6.15755121032641e-05,4.124,OPTIMAL
geant,seed_milpsnap_geant_k15.json,671,22,36,14,13.7096,6.48125477093413e-05,1.139,OPTIMAL
geant,seed_milpsnap_geant_k15.json,672,22,36,13,18.2515,6.841349114073634e-05,1.137,OPTIMAL
geant,seed_milpsnap_geant_k15.json,673,22,36,12,22.7934,7.243810566353325e-05,0.176,OPTIMAL
geant,seed_milpsnap_geant_k15.json,674,22,36,11,22.7934,7.243810566335025e-05,0.196,OPTIMAL
geant,seed_milpsnap_geant_k15.json,675,22,36,11,22.7934,7.243810566353325e-05,0.131,OPTIMAL
geant,seed_milpsnap_geant_k15.json,676,22,36,10,27.3353,7.696583572101841e-05,0.096,OPTIMAL
geant,seed_milpsnap_geant_k15.json,677,22,36,10,22.7934,7.243810566335025e-05,0.55,OPTIMAL
geant,seed_milpsnap_geant_k15.json,678,22,36,11,18.2515,6.841349114073634e-05,0.754,OPTIMAL
geant,seed_milpsnap_geant_k15.json,679,22,36,11,22.7934,7.243810566335025e-05,0.171,OPTIMAL
geant,seed_milpsnap_geant_k15.json,680,22,36,12,22.799,7.244335332263281e-05,0.225,OPTIMAL
geant,seed_milpsnap_geant_k15.json,681,22,36,10,45.5028,7.981846999427288e-05,0.073,OPTIMAL
geant,seed_milpsnap_geant_k15.json,682,22,36,9,45.5028,4.561055428234906e-05,0.062,OPTIMAL
geant,seed_milpsnap_geant_k15.json,683,22,36,9,50.0447,7.463614877465535e-05,0.065,OPTIMAL
geant,seed_milpsnap_geant_k15.json,684,22,36,9,40.9665,9.473783934583048e-05,0.084,OPTIMAL
geant,seed_milpsnap_geant_k15.json,685,22,36,10,31.8828,8.210405320355922e-05,0.139,OPTIMAL
geant,seed_milpsnap_geant_k15.json,686,22,36,12,31.8828,8.210405320355922e-05,0.206,OPTIMAL
geant,seed_milpsnap_geant_k15.json,687,22,36,13,31.8772,8.209731268163836e-05,0.318,OPTIMAL
geant,seed_milpsnap_geant_k15.json,688,22,36,13,22.7934,7.243810566335025e-05,0.47,OPTIMAL
geant,seed_milpsnap_geant_k15.json,689,22,36,15,18.2515,6.841349114090918e-05,0.426,OPTIMAL
geant,seed_milpsnap_geant_k15.json,690,22,36,14,22.7934,7.243810566335025e-05,0.222,OPTIMAL
geant,seed_milpsnap_geant_k15.json,691,22,36,14,22.7934,7.243810566316725e-05,0.328,OPTIMAL
geant,seed_milpsnap_geant_k15.json,692,22,36,14,22.7934,7.243810566316725e-05,0.389,OPTIMAL
geant,seed_milpsnap_geant_k15.json,693,22,36,14,31.8772,8.209731268163838e-05,0.137,OPTIMAL
geant,seed_milpsnap_geant_k15.json,694,22,36,17,22.7934,7.243810566298425e-05,0.401,OPTIMAL
geant,seed_milpsnap_geant_k15.json,695,22,36,19,22.7934,7.243810566298425e-05,0.484,OPTIMAL
geant,seed_milpsnap_geant_k15.json,696,22,36,18,22.7934,7.243810566316725e-05,0.477,OPTIMAL
geant,seed_milpsnap_geant_k15.json,697,22,36,19,18.2515,6.841349114056352e-05,0.665,OPTIMAL
geant,seed_milpsnap_geant_k15.json,698,22,36,21,9.1677,6.157172079286967e-05,2.885,OPTIMAL
geant,seed_milpsnap_geant_k15.json,699,22,36,21,9.1677,6.157172079286967e-05,7.033,OPTIMAL
geant,seed_milpsnap_geant_k15.json,700,22,36,20,9.1677,6.157172079286967e-05,1.375,OPTIMAL
geant,seed_milpsnap_geant_k15.json,701,22,36,20,13.7096,6.48125477093413e-05,0.866,OPTIMAL
geant,seed_milpsnap_geant_k15.json,702,22,36,20,13.7096,6.481254770917756e-05,0.693,OPTIMAL
geant,seed_milpsnap_geant_k15.json,703,22,36,20,13.7096,6.481254770917756e-05,0.564,OPTIMAL
geant,seed_milpsnap_geant_k15.json,704,22,36,23,9.1677,6.157172079286967e-05,1.153,OPTIMAL
geant,seed_milpsnap_geant_k15.json,705,22,36,23,4.6258,5.863956215817884e-05,0.919,OPTIMAL
geant,seed_milpsnap_geant_k15.json,706,22,36,24,4.6258,5.863956215817884e-05,1.145,OPTIMAL
geant,seed_milpsnap_geant_k15.json,707,22,36,24,4.6258,5.863956215817884e-05,1.192,OPTIMAL
geant,seed_milpsnap_geant_k15.json,708,22,36,23,13.7096,6.481254770950503e-05,0.614,OPTIMAL
geant,seed_milpsnap_geant_k15.json,709,22,36,21,9.1677,6.157172079286967e-05,1.843,OPTIMAL
geant,seed_milpsnap_geant_k15.json,710,22,36,21,9.1677,6.157172079286967e-05,1.221,OPTIMAL
geant,seed_milpsnap_geant_k15.json,711,22,36,22,9.1677,6.157172079271413e-05,1.125,OPTIMAL
geant,seed_milpsnap_geant_k15.json,712,22,36,21,13.7096,6.481254770950503e-05,0.554,OPTIMAL
geant,seed_milpsnap_geant_k15.json,713,22,36,18,18.2515,6.84134911405635e-05,0.212,OPTIMAL
geant,seed_milpsnap_geant_k15.json,714,22,36,18,18.2515,6.841349114039068e-05,0.193,OPTIMAL
geant,seed_milpsnap_geant_k15.json,715,22,36,20,18.2515,6.84134911405635e-05,0.19,OPTIMAL
geant,seed_milpsnap_geant_k15.json,716,22,36,19,18.2515,6.841349114108201e-05,0.212,OPTIMAL
geant,seed_milpsnap_geant_k15.json,717,22,36,19,18.2515,6.841349114039068e-05,0.224,OPTIMAL
geant,seed_milpsnap_geant_k15.json,718,22,36,19,13.7096,6.48125477093413e-05,0.436,OPTIMAL
geant,seed_milpsnap_geant_k15.json,719,22,36,17,18.2515,6.84134911405635e-05,0.186,OPTIMAL
geant,seed_milpsnap_geant_k15.json,720,22,36,15,27.3353,7.696583572082397e-05,0.138,OPTIMAL
geant,seed_milpsnap_geant_k15.json,721,22,36,17,22.7934,7.243810566335025e-05,0.292,OPTIMAL
geant,seed_milpsnap_geant_k15.json,722,22,36,17,13.7096,6.481254770950503e-05,0.884,OPTIMAL
geant,seed_milpsnap_geant_k15.json,723,22,36,17,13.7096,6.481254770950504e-05,0.204,OPTIMAL
geant,seed_milpsnap_geant_k15.json,724,22,36,17,18.2515,6.841349114073635e-05,0.381,OPTIMAL
geant,seed_milpsnap_geant_k15.json,725,22,36,17,13.7096,6.481254770966877e-05,0.252,OPTIMAL
geant,seed_milpsnap_geant_k15.json,726,22,36,20,18.2515,6.841349114108201e-05,0.245,OPTIMAL
geant,seed_milpsnap_geant_k15.json,727,22,36,22,13.7096,6.481254770983251e-05,0.286,OPTIMAL
geant,seed_milpsnap_geant_k15.json,728,22,36,23,13.7096,6.481254770983251e-05,0.277,OPTIMAL
geant,seed_milpsnap_geant_k15.json,729,22,36,21,18.2515,6.841349114108201e-05,0.257,OPTIMAL
geant,seed_milpsnap_geant_k15.json,730,22,36,23,9.1677,6.157172079333631e-05,0.734,OPTIMAL
geant,seed_milpsnap_geant_k15.json,731,22,36,24,9.1677,6.157172079318077e-05,0.872,OPTIMAL
geant,seed_milpsnap_geant_k15.json,732,22,36,22,9.1677,6.157172079333631e-05,0.723,OPTIMAL
geant,seed_milpsnap_geant_k15.json,733,22,36,24,4.6258,5.8639562158178845e-05,1.232,OPTIMAL
geant,seed_milpsnap_geant_k15.json,734,22,36,21,4.6258,5.86395621580307e-05,7.026,OPTIMAL
geant,seed_milpsnap_geant_k15.json,735,22,36,20,13.7096,6.481254770950503e-05,4.978,OPTIMAL
geant,seed_milpsnap_geant_k15.json,736,22,36,19,13.7096,6.48125477093413e-05,4.152,OPTIMAL
geant,seed_milpsnap_geant_k15.json,737,22,36,20,13.7096,6.48125477093413e-05,4.793,OPTIMAL
geant,seed_milpsnap_geant_k15.json,738,22,36,18,13.7096,6.481254770917756e-05,6.734,OPTIMAL
geant,seed_milpsnap_geant_k15.json,739,22,36,15,22.7934,7.243810566335023e-05,0.234,OPTIMAL
geant,seed_milpsnap_geant_k15.json,740,22,36,13,22.799,7.24433533222668e-05,0.17,OPTIMAL
geant,seed_milpsnap_geant_k15.json,741,22,36,14,22.799,7.24433533222668e-05,0.173,OPTIMAL
geant,seed_milpsnap_geant_k15.json,742,22,36,12,22.799,7.244335332263281e-05,0.159,OPTIMAL
geant,seed_milpsnap_geant_k15.json,743,22,36,12,22.7934,7.243810566371625e-05,0.133,OPTIMAL
geant,seed_milpsnap_geant_k15.json,744,22,36,10,27.3353,7.696583572082398e-05,0.192,OPTIMAL
geant,seed_milpsnap_geant_k15.json,745,22,36,11,31.8772,8.209731268163838e-05,0.104,OPTIMAL
geant,seed_milpsnap_geant_k15.json,746,22,36,12,31.8772,8.209731268163838e-05,0.114,OPTIMAL
geant,seed_milpsnap_geant_k15.json,747,22,36,11,36.4191,8.796192226112781e-05,0.102,OPTIMAL
geant,seed_milpsnap_geant_k15.json,748,22,36,12,31.8772,8.209731268163838e-05,0.116,OPTIMAL
geant,seed_milpsnap_geant_k15.json,749,22,36,12,36.4191,8.796192226112781e-05,0.104,OPTIMAL
geant,seed_milpsnap_geant_k15.json,750,22,36,12,36.4191,8.796192226112781e-05,0.098,OPTIMAL
geant,seed_milpsnap_geant_k15.json,751,22,36,15,31.8772,8.209731268163838e-05,0.157,OPTIMAL
geant,seed_milpsnap_geant_k15.json,752,22,36,14,36.4191,8.796192226112781e-05,0.128,OPTIMAL
geant,seed_milpsnap_geant_k15.json,753,22,36,17,27.3353,7.696583572101841e-05,0.242,OPTIMAL
geant,seed_milpsnap_geant_k15.json,754,22,36,18,22.7934,7.243810566335023e-05,0.465,OPTIMAL
geant,seed_milpsnap_geant_k15.json,755,22,36,20,22.7934,7.243810566316725e-05,0.699,OPTIMAL
geant,seed_milpsnap_geant_k15.json,756,22,36,18,22.7934,7.243810566335023e-05,0.407,OPTIMAL
geant,seed_milpsnap_geant_k15.json,757,22,36,20,18.2515,6.841349114056352e-05,0.41,OPTIMAL
geant,seed_milpsnap_geant_k15.json,758,22,36,18,27.3353,7.69658357214073e-05,0.25,OPTIMAL
geant,seed_milpsnap_geant_k15.json,759,22,36,20,18.2515,6.841349114090918e-05,0.495,OPTIMAL
geant,seed_milpsnap_geant_k15.json,760,22,36,23,18.2515,6.841349114108201e-05,0.289,OPTIMAL
geant,seed_milpsnap_geant_k15.json,761,22,36,23,18.2515,6.841349114108201e-05,0.262,OPTIMAL
geant,seed_milpsnap_geant_k15.json,762,22,36,21,22.7934,7.243810566353326e-05,0.245,OPTIMAL
geant,seed_milpsnap_geant_k15.json,763,22,36,23,18.2515,6.841349114073634e-05,0.633,OPTIMAL
geant,seed_milpsnap_geant_k15.json,764,22,36,24,9.1677,6.157172079302521e-05,0.794,OPTIMAL
geant,seed_milpsnap_geant_k15.json,765,22,36,21,9.1677,6.157172079286967e-05,0.777,OPTIMAL
geant,seed_milpsnap_geant_k15.json,766,22,36,18,18.2515,6.841349114090918e-05,0.204,OPTIMAL
geant,seed_milpsnap_geant_k15.json,767,22,36,16,22.7934,7.243810566353326e-05,0.156,OPTIMAL
geant,seed_milpsnap_geant_k15.json,768,22,36,16,13.7152,9.362419249109088e-05,2.182,OPTIMAL
geant,seed_milpsnap_geant_k15.json,769,22,36,18,13.7096,6.481254770983251e-05,0.348,OPTIMAL
geant,seed_milpsnap_geant_k15.json,770,22,36,18,18.2515,6.841349114090918e-05,0.305,OPTIMAL
geant,seed_milpsnap_geant_k15.json,771,22,36,19,13.7096,6.481254770966877e-05,0.317,OPTIMAL
geant,seed_milpsnap_geant_k15.json,772,22,36,18,13.7096,6.481254770983251e-05,0.324,OPTIMAL
geant,seed_milpsnap_geant_k15.json,773,22,36,1,81.838,0.0,0.007,OPTIMAL
geant,seed_milpsnap_geant_k15.json,774,22,36,2,72.7598,0.0,0.016,OPTIMAL
geant,seed_milpsnap_geant_k15.json,775,22,36,3,63.6704,0.0,0.026,OPTIMAL
geant,seed_milpsnap_geant_k15.json,776,22,36,4,63.6704,0.0,0.026,OPTIMAL
geant,seed_milpsnap_geant_k15.json,777,22,36,6,59.1285,0.0,0.043,OPTIMAL
geant,seed_milpsnap_geant_k15.json,778,22,36,7,45.5028,6.841583142345877e-05,0.054,OPTIMAL
geant,seed_milpsnap_geant_k15.json,779,22,36,8,40.961,9.472886493784261e-05,0.058,OPTIMAL
geant,seed_milpsnap_geant_k15.json,780,22,36,9,36.4191,8.796192226123892e-05,0.068,OPTIMAL
geant,seed_milpsnap_geant_k15.json,781,22,36,10,36.4191,8.796192226123892e-05,0.071,OPTIMAL
geant,seed_milpsnap_geant_k15.json,782,22,36,12,31.8772,8.209731268143096e-05,0.136,OPTIMAL
geant,seed_milpsnap_geant_k15.json,783,22,36,13,31.8772,8.209731268122356e-05,0.169,OPTIMAL
geant,seed_milpsnap_geant_k15.json,784,22,36,13,31.8772,8.209731268163838e-05,0.128,OPTIMAL
geant,seed_milpsnap_geant_k15.json,785,22,36,14,22.7934,7.243810566353326e-05,0.166,OPTIMAL
geant,seed_milpsnap_geant_k15.json,786,22,36,15,18.2515,6.841349114073634e-05,0.209,OPTIMAL
geant,seed_milpsnap_geant_k15.json,787,22,36,16,18.2515,6.841349114056352e-05,0.206,OPTIMAL
geant,seed_milpsnap_geant_k15.json,788,22,36,16,18.2515,6.841349114056352e-05,0.338,OPTIMAL
geant,seed_milpsnap_geant_k15.json,789,22,36,16,22.7934,7.243810566316725e-05,0.288,OPTIMAL
geant,seed_milpsnap_geant_k15.json,790,22,36,16,22.7934,7.243810566335025e-05,0.18,OPTIMAL
geant,seed_milpsnap_geant_k15.json,791,22,36,16,27.3353,7.696583572121286e-05,0.153,OPTIMAL
geant,seed_milpsnap_geant_k15.json,792,22,36,15,27.3353,7.696583572121286e-05,0.138,OPTIMAL
geant,seed_milpsnap_geant_k15.json,793,22,36,16,31.8772,8.209731268143097e-05,0.159,OPTIMAL
geant,seed_milpsnap_geant_k15.json,794,22,36,15,31.8772,8.209731268163836e-05,0.141,OPTIMAL
geant,seed_milpsnap_geant_k15.json,795,22,36,14,27.3353,7.696583572082398e-05,0.151,OPTIMAL
geant,seed_milpsnap_geant_k15.json,796,22,36,16,22.7934,7.243810566316725e-05,0.178,OPTIMAL
geant,seed_milpsnap_geant_k15.json,797,22,36,16,22.7934,7.243810566335025e-05,0.202,OPTIMAL
geant,seed_milpsnap_geant_k15.json,798,22,36,16,27.3353,7.696583572121286e-05,0.155,OPTIMAL
geant,seed_milpsnap_geant_k15.json,799,22,36,16,22.7934,7.243810566298425e-05,0.517,OPTIMAL
geant,seed_milpsnap_geant_k15.json,800,22,36,17,18.2515,6.841349114056352e-05,0.514,OPTIMAL
geant,seed_milpsnap_geant_k15.json,801,22,36,18,13.7096,6.48125477093413e-05,3.368,OPTIMAL
geant,seed_milpsnap_geant_k15.json,802,22,36,18,18.2515,6.841349114073634e-05,1.313,OPTIMAL
geant,seed_milpsnap_geant_k15.json,803,22,36,19,13.7096,6.48125477093413e-05,4.897,OPTIMAL
geant,seed_milpsnap_geant_k15.json,804,22,36,17,13.7096,6.48125477093413e-05,3.642,OPTIMAL
geant,seed_milpsnap_geant_k15.json,805,22,36,17,13.7096,6.481254770966877e-05,4.295,OPTIMAL
geant,seed_milpsnap_geant_k15.json,806,22,36,19,9.1677,6.157172079271413e-05,7.105,OPTIMAL
geant,seed_milpsnap_geant_k15.json,807,22,36,17,9.1677,6.157172079286967e-05,6.456,OPTIMAL
geant,seed_milpsnap_geant_k15.json,808,22,36,19,9.1677,6.157172079286967e-05,5.682,OPTIMAL
geant,seed_milpsnap_geant_k15.json,809,22,36,18,13.7096,6.481254770966877e-05,5.41,OPTIMAL
geant,seed_milpsnap_geant_k15.json,810,22,36,16,18.2515,6.841349114090918e-05,0.985,OPTIMAL
geant,seed_milpsnap_geant_k15.json,811,22,36,15,18.2515,6.841349114108201e-05,1.241,OPTIMAL
geant,seed_milpsnap_geant_k15.json,812,22,36,19,9.1677,6.157172079302521e-05,7.77,OPTIMAL
geant,seed_milpsnap_geant_k15.json,813,22,36,20,9.1677,6.157172079302521e-05,15.705,OPTIMAL
geant,seed_milpsnap_geant_k15.json,814,22,36,19,9.1677,6.157172079286967e-05,4.518,OPTIMAL
geant,seed_milpsnap_geant_k15.json,815,22,36,21,9.1677,6.157172079286967e-05,5.906,OPTIMAL
geant,seed_milpsnap_geant_k15.json,816,22,36,19,9.1677,6.157172079302521e-05,7.501,OPTIMAL
geant,seed_milpsnap_geant_k15.json,817,22,36,19,9.1677,6.157172079286967e-05,6.398,OPTIMAL
geant,seed_milpsnap_geant_k15.json,818,22,36,18,13.7096,6.481254770950503e-05,0.41,OPTIMAL
geant,seed_milpsnap_geant_k15.json,819,22,36,19,13.7096,6.481254770950503e-05,0.503,OPTIMAL
geant,seed_milpsnap_geant_k15.json,820,22,36,19,13.7096,6.481254770950503e-05,0.41,OPTIMAL
geant,seed_milpsnap_geant_k15.json,821,22,36,18,18.2515,6.841349114073634e-05,1.698,OPTIMAL
geant,seed_milpsnap_geant_k15.json,822,22,36,20,9.1677,6.157172079286967e-05,4.88,OPTIMAL
geant,seed_milpsnap_geant_k15.json,823,22,36,19,9.1677,6.157172079286967e-05,3.834,OPTIMAL
geant,seed_milpsnap_geant_k15.json,824,22,36,20,9.1677,6.157172079286967e-05,6.581,OPTIMAL
geant,seed_milpsnap_geant_k15.json,825,22,36,24,9.1677,6.157172079286967e-05,1.689,OPTIMAL
geant,seed_milpsnap_geant_k15.json,826,22,36,26,9.1677,6.157172079286967e-05,2.071,OPTIMAL
geant,seed_milpsnap_geant_k15.json,827,22,36,21,13.7096,6.481254770966877e-05,0.59,OPTIMAL
geant,seed_milpsnap_geant_k15.json,828,22,36,18,18.2515,6.841349114073635e-05,0.537,OPTIMAL
geant,seed_milpsnap_geant_k15.json,829,22,36,17,18.2515,6.841349114073635e-05,0.448,OPTIMAL
geant,seed_milpsnap_geant_k15.json,830,22,36,16,22.7934,7.243810566335025e-05,0.408,OPTIMAL
geant,seed_milpsnap_geant_k15.json,831,22,36,17,13.7096,6.481254770950503e-05,1.626,OPTIMAL
geant,seed_milpsnap_geant_k15.json,832,22,36,17,18.2515,6.841349114073634e-05,0.566,OPTIMAL
geant,seed_milpsnap_geant_k15.json,833,22,36,17,18.2571,6.84181718667312e-05,0.324,OPTIMAL
geant,seed_milpsnap_geant_k15.json,834,22,36,16,22.799,7.244335332263281e-05,0.228,OPTIMAL
geant,seed_milpsnap_geant_k15.json,835,22,36,15,27.3409,7.697175991684732e-05,0.197,OPTIMAL
geant,seed_milpsnap_geant_k15.json,836,22,36,14,31.8828,8.210405320355922e-05,0.274,OPTIMAL
geant,seed_milpsnap_geant_k15.json,837,22,36,14,27.3353,7.696583572101841e-05,0.38,OPTIMAL
geant,seed_milpsnap_geant_k15.json,838,22,36,14,22.7934,7.243810566316725e-05,0.651,OPTIMAL
geant,seed_milpsnap_geant_k15.json,839,22,36,16,22.7934,7.243810566316725e-05,1.188,OPTIMAL
geant,seed_milpsnap_geant_k15.json,840,22,36,14,22.7934,7.243810566316725e-05,0.439,OPTIMAL
geant,seed_milpsnap_geant_k15.json,841,22,36,14,27.3353,7.696583572082398e-05,0.575,OPTIMAL
geant,seed_milpsnap_geant_k15.json,842,22,36,15,22.7934,7.243810566316725e-05,0.518,OPTIMAL
geant,seed_milpsnap_geant_k15.json,843,22,36,17,18.2515,6.841349114073634e-05,3.838,OPTIMAL
geant,seed_milpsnap_geant_k15.json,844,22,36,18,13.7096,6.48125477093413e-05,4.842,OPTIMAL
geant,seed_milpsnap_geant_k15.json,845,22,36,18,13.7096,6.48125477093413e-05,0.551,OPTIMAL
geant,seed_milpsnap_geant_k15.json,846,22,36,17,13.7096,6.481254770950503e-05,0.445,OPTIMAL
geant,seed_milpsnap_geant_k15.json,847,22,36,16,13.7096,6.48125477093413e-05,0.496,OPTIMAL
geant,seed_milpsnap_geant_k15.json,848,22,36,18,9.1677,6.157172079302521e-05,0.596,OPTIMAL
geant,seed_milpsnap_geant_k15.json,849,22,36,17,9.1677,6.157172079271413e-05,2.28,OPTIMAL
geant,seed_milpsnap_geant_k15.json,850,22,36,19,9.1677,8.893693003407593e-05,1.29,OPTIMAL
geant,seed_milpsnap_geant_k15.json,851,22,36,17,18.2515,6.841349114090918e-05,0.234,OPTIMAL
geant,seed_milpsnap_geant_k15.json,852,22,36,18,13.7096,6.48125477093413e-05,1.03,OPTIMAL
geant,seed_milpsnap_geant_k15.json,853,22,36,18,18.2515,6.841349114108201e-05,0.233,OPTIMAL
geant,seed_milpsnap_geant_k15.json,854,22,36,17,22.7934,7.243810566353326e-05,0.193,OPTIMAL
geant,seed_milpsnap_geant_k15.json,855,22,36,20,22.7934,7.243810566353326e-05,0.231,OPTIMAL
geant,seed_milpsnap_geant_k15.json,856,22,36,19,18.2571,6.841817186655835e-05,0.546,OPTIMAL
geant,seed_milpsnap_geant_k15.json,857,22,36,19,18.2571,6.841817186655835e-05,0.491,OPTIMAL
geant,seed_milpsnap_geant_k15.json,858,22,36,20,18.2515,6.841349114056352e-05,0.978,OPTIMAL
geant,seed_milpsnap_geant_k15.json,859,22,36,21,18.2515,6.841349114073634e-05,0.792,OPTIMAL
geant,seed_milpsnap_geant_k15.json,860,22,36,20,18.2515,6.841349114056352e-05,0.754,OPTIMAL
geant,seed_milpsnap_geant_k15.json,861,22,36,22,13.7096,6.481254770966877e-05,3.721,OPTIMAL
geant,seed_milpsnap_geant_k15.json,862,22,36,23,13.7096,6.48125477093413e-05,2.089,OPTIMAL
geant,seed_milpsnap_geant_k15.json,863,22,36,24,9.1677,6.157172079286967e-05,7.324,OPTIMAL
geant,seed_milpsnap_geant_k15.json,864,22,36,22,9.1677,6.157172079286967e-05,4.725,OPTIMAL
geant,seed_milpsnap_geant_k15.json,865,22,36,21,9.1677,6.157172079286967e-05,5.418,OPTIMAL
geant,seed_milpsnap_geant_k15.json,866,22,36,20,13.7096,6.48125477093413e-05,3.947,OPTIMAL
geant,seed_milpsnap_geant_k15.json,867,22,36,19,13.7096,6.481254770966877e-05,0.341,OPTIMAL
geant,seed_milpsnap_geant_k15.json,868,22,36,21,9.1677,6.157172079302521e-05,0.587,OPTIMAL
geant,seed_milpsnap_geant_k15.json,869,22,36,19,13.7096,6.481254770966877e-05,0.24,OPTIMAL
geant,seed_milpsnap_geant_k15.json,870,22,36,19,13.7096,6.481254770950504e-05,0.314,OPTIMAL
geant,seed_milpsnap_geant_k15.json,871,22,36,18,18.2515,6.841349114090918e-05,0.292,OPTIMAL
geant,seed_milpsnap_geant_k15.json,872,22,36,18,22.7934,0.0,0.235,OPTIMAL
geant,seed_milpsnap_geant_k15.json,873,22,36,18,22.7934,0.0,0.162,OPTIMAL
geant,seed_milpsnap_geant_k15.json,874,22,36,17,27.3353,0.0,0.158,OPTIMAL
geant,seed_milpsnap_geant_k15.json,875,22,36,15,31.8772,8.209731268122356e-05,0.107,OPTIMAL
geant,seed_milpsnap_geant_k15.json,876,22,36,15,27.3353,7.696583572082397e-05,0.102,OPTIMAL
geant,seed_milpsnap_geant_k15.json,877,22,36,15,27.3353,7.696583572082397e-05,0.102,OPTIMAL
geant,seed_milpsnap_geant_k15.json,878,22,36,14,31.8772,8.209731268122356e-05,0.101,OPTIMAL
geant,seed_milpsnap_geant_k15.json,879,22,36,14,27.3353,7.696583572062955e-05,0.508,OPTIMAL
geant,seed_milpsnap_geant_k15.json,880,22,36,14,27.3353,3.420703809825201e-05,0.12,OPTIMAL
geant,seed_milpsnap_geant_k15.json,881,22,36,12,31.8828,0.0,0.103,OPTIMAL
geant,seed_milpsnap_geant_k15.json,882,22,36,11,31.8828,8.210405320355922e-05,0.113,OPTIMAL
geant,seed_milpsnap_geant_k15.json,883,22,36,10,31.8828,8.210405320355922e-05,0.124,OPTIMAL
geant,seed_milpsnap_geant_k15.json,884,22,36,10,36.4302,8.797739958349363e-05,0.074,OPTIMAL
geant,seed_milpsnap_geant_k15.json,885,22,36,9,31.8883,8.211079483262673e-05,0.082,OPTIMAL
geant,seed_milpsnap_geant_k15.json,886,22,36,8,36.4302,8.797739958349363e-05,0.072,OPTIMAL
geant,seed_milpsnap_geant_k15.json,887,22,36,10,31.8828,8.210405320314439e-05,0.139,OPTIMAL
geant,seed_milpsnap_geant_k15.json,888,22,36,11,31.8772,8.209731268184577e-05,0.093,OPTIMAL
geant,seed_milpsnap_geant_k15.json,889,22,36,13,36.4191,8.796192226135002e-05,0.245,OPTIMAL
geant,seed_milpsnap_geant_k15.json,890,22,36,12,36.4191,8.796192226101671e-05,0.14,OPTIMAL
geant,seed_milpsnap_geant_k15.json,891,22,36,13,22.7934,9.6584140884162e-05,0.784,OPTIMAL
geant,seed_milpsnap_geant_k15.json,892,22,36,14,22.7934,8.853546247716375e-05,1.288,OPTIMAL
geant,seed_milpsnap_geant_k15.json,893,22,36,13,22.7934,7.243810566316725e-05,1.005,OPTIMAL
geant,seed_milpsnap_geant_k15.json,894,22,36,13,22.7934,7.243810566316725e-05,1.111,OPTIMAL
geant,seed_milpsnap_geant_k15.json,895,22,36,14,18.2515,6.841349114073635e-05,0.888,OPTIMAL
geant,seed_milpsnap_geant_k15.json,896,22,36,14,18.2515,6.841349114090918e-05,0.422,OPTIMAL
geant,seed_milpsnap_geant_k15.json,897,22,36,13,22.7934,7.243810566371625e-05,0.198,OPTIMAL
geant,seed_milpsnap_geant_k15.json,898,22,36,14,18.2515,6.841349114056352e-05,0.75,OPTIMAL
geant,seed_milpsnap_geant_k15.json,899,22,36,18,18.2515,6.841349114056352e-05,1.007,OPTIMAL
geant,seed_milpsnap_geant_k15.json,900,22,36,18,13.7096,6.48125477093413e-05,1.667,OPTIMAL
geant,seed_milpsnap_geant_k15.json,901,22,36,17,13.7096,6.481254770950503e-05,1.667,OPTIMAL
geant,seed_milpsnap_geant_k15.json,902,22,36,16,22.7934,7.243810566353325e-05,0.714,OPTIMAL
geant,seed_milpsnap_geant_k15.json,903,22,36,15,22.7934,7.243810566353325e-05,0.657,OPTIMAL
geant,seed_milpsnap_geant_k15.json,904,22,36,16,22.7934,7.243810566316725e-05,2.296,OPTIMAL
geant,seed_milpsnap_geant_k15.json,905,22,36,15,27.3353,7.696583572101841e-05,0.58,OPTIMAL
geant,seed_milpsnap_geant_k15.json,906,22,36,14,27.3353,7.696583572082397e-05,0.657,OPTIMAL
geant,seed_milpsnap_geant_k15.json,907,22,36,13,31.8772,8.209731268163836e-05,0.966,OPTIMAL
geant,seed_milpsnap_geant_k15.json,908,22,36,12,36.4191,8.796192226135002e-05,1.597,OPTIMAL
geant,seed_milpsnap_geant_k15.json,909,22,36,1,86.3799,0.0,0.01,OPTIMAL
geant,seed_milpsnap_geant_k15.json,910,22,36,2,68.2179,0.0,0.015,OPTIMAL
geant,seed_milpsnap_geant_k15.json,911,22,36,4,50.0503,0.0,0.044,OPTIMAL
geant,seed_milpsnap_geant_k15.json,912,22,36,5,36.4302,8.797739958360474e-05,0.049,OPTIMAL
geant,seed_milpsnap_geant_k15.json,913,22,36,6,36.4246,3.909762677424149e-05,0.069,OPTIMAL
geant,seed_milpsnap_geant_k15.json,914,22,36,7,31.8883,8.211079483241931e-05,0.065,OPTIMAL
geant,seed_milpsnap_geant_k15.json,915,22,36,9,31.8828,8.21040532033518e-05,0.147,OPTIMAL
geant,seed_milpsnap_geant_k15.json,916,22,36,10,31.8828,8.21040532033518e-05,0.125,OPTIMAL
geant,seed_milpsnap_geant_k15.json,917,22,36,13,22.7934,7.243810566371626e-05,0.116,OPTIMAL
geant,seed_milpsnap_geant_k15.json,918,22,36,14,22.7934,7.243810566371626e-05,0.139,OPTIMAL
geant,seed_milpsnap_geant_k15.json,919,22,36,15,22.7934,7.243810566316725e-05,0.126,OPTIMAL
geant,seed_milpsnap_geant_k15.json,920,22,36,16,22.7934,7.243810566316725e-05,0.148,OPTIMAL
geant,seed_milpsnap_geant_k15.json,921,22,36,18,18.2515,6.841349114056352e-05,0.251,OPTIMAL
geant,seed_milpsnap_geant_k15.json,922,22,36,17,18.2515,6.841349114056352e-05,0.262,OPTIMAL
geant,seed_milpsnap_geant_k15.json,923,22,36,16,18.2515,6.841349114073634e-05,0.244,OPTIMAL
geant,seed_milpsnap_geant_k15.json,924,22,36,15,13.7096,6.48125477093413e-05,1.997,OPTIMAL
geant,seed_milpsnap_geant_k15.json,925,22,36,16,18.2515,6.841349114056352e-05,1.822,OPTIMAL
geant,seed_milpsnap_geant_k15.json,926,22,36,16,18.2571,6.841817186673118e-05,0.704,OPTIMAL
geant,seed_milpsnap_geant_k15.json,927,22,36,15,22.799,7.24433533224498e-05,0.347,OPTIMAL
geant,seed_milpsnap_geant_k15.json,928,22,36,14,31.8772,8.209731268163838e-05,0.227,OPTIMAL
geant,seed_milpsnap_geant_k15.json,929,22,36,13,31.8772,8.209731268184577e-05,0.198,OPTIMAL
geant,seed_milpsnap_geant_k15.json,930,22,36,10,31.8772,8.209731268122356e-05,0.205,OPTIMAL
geant,seed_milpsnap_geant_k15.json,931,22,36,9,31.8772,8.209731268143097e-05,0.209,OPTIMAL
geant,seed_milpsnap_geant_k15.json,932,22,36,9,31.8772,8.209731268122356e-05,0.19,OPTIMAL
geant,seed_milpsnap_geant_k15.json,933,22,36,9,31.8828,8.210405320355922e-05,0.098,OPTIMAL
geant,seed_milpsnap_geant_k15.json,934,22,36,7,36.4246,8.796966024165444e-05,0.089,OPTIMAL
geant,seed_milpsnap_geant_k15.json,935,22,36,8,27.3409,7.697175991645839e-05,0.085,OPTIMAL
geant,seed_milpsnap_geant_k15.json,936,22,36,10,18.2571,9.882624825161857e-05,0.194,OPTIMAL
geant,seed_milpsnap_geant_k15.json,937,22,36,9,18.2571,9.882624825161857e-05,0.297,OPTIMAL
geant,seed_milpsnap_geant_k15.json,938,22,36,7,31.8828,8.210405320355922e-05,0.064,OPTIMAL
geant,seed_milpsnap_geant_k15.json,939,22,36,6,36.4246,8.796966024165445e-05,0.052,OPTIMAL
geant,seed_milpsnap_geant_k15.json,940,22,36,5,40.9665,9.473783934571083e-05,0.035,OPTIMAL
geant,seed_milpsnap_geant_k15.json,941,22,36,6,36.4246,8.796966024154332e-05,0.067,OPTIMAL
geant,seed_milpsnap_geant_k15.json,942,22,36,7,36.4246,8.796966024154332e-05,0.088,OPTIMAL
geant,seed_milpsnap_geant_k15.json,943,22,36,6,45.5084,0.0,0.1,OPTIMAL
geant,seed_milpsnap_geant_k15.json,944,22,36,5,54.5866,0.0,0.081,OPTIMAL
geant,seed_milpsnap_geant_k15.json,945,22,36,6,50.0447,0.0,0.082,OPTIMAL
geant,seed_milpsnap_geant_k15.json,946,22,36,7,50.0447,0.0,0.09,OPTIMAL
geant,seed_milpsnap_geant_k15.json,947,22,36,6,63.6704,6.841934214796302e-05,0.043,OPTIMAL
geant,seed_milpsnap_geant_k15.json,948,22,36,4,68.2123,7.819525354814963e-05,0.032,OPTIMAL
geant,seed_milpsnap_geant_k15.json,949,22,36,6,54.5866,5.473378853626933e-05,0.046,OPTIMAL
geant,seed_milpsnap_geant_k15.json,950,22,36,7,45.5028,6.841583142332915e-05,0.059,OPTIMAL
geant,seed_milpsnap_geant_k15.json,951,22,36,10,36.4191,8.796192226112781e-05,0.107,OPTIMAL
geant,seed_milpsnap_geant_k15.json,952,22,36,12,36.4191,8.796192226123892e-05,0.147,OPTIMAL
geant,seed_milpsnap_geant_k15.json,953,22,36,11,36.4246,8.796966024165445e-05,0.098,OPTIMAL
geant,seed_milpsnap_geant_k15.json,954,22,36,11,27.3409,7.697175991645839e-05,0.119,OPTIMAL
geant,seed_milpsnap_geant_k15.json,955,22,36,12,22.7934,7.243810566316725e-05,1.032,OPTIMAL
geant,seed_milpsnap_geant_k15.json,956,22,36,15,22.7934,7.243810566316725e-05,0.608,OPTIMAL
geant,seed_milpsnap_geant_k15.json,957,22,36,16,18.2515,6.841349114073635e-05,1.096,OPTIMAL
geant,seed_milpsnap_geant_k15.json,958,22,36,17,18.2515,6.841349114073635e-05,2.173,OPTIMAL
geant,seed_milpsnap_geant_k15.json,959,22,36,20,13.7096,6.481254770950503e-05,3.649,OPTIMAL
geant,seed_milpsnap_geant_k15.json,960,22,36,20,18.2515,6.841349114073634e-05,0.597,OPTIMAL
geant,seed_milpsnap_geant_k15.json,961,22,36,21,13.7096,6.481254770966877e-05,0.613,OPTIMAL
geant,seed_milpsnap_geant_k15.json,962,22,36,19,13.7096,6.481254770966877e-05,0.697,OPTIMAL
geant,seed_milpsnap_geant_k15.json,963,22,36,19,13.7096,6.481254770966877e-05,0.523,OPTIMAL
geant,seed_milpsnap_geant_k15.json,964,22,36,16,18.2515,6.841349114073635e-05,0.217,OPTIMAL
geant,seed_milpsnap_geant_k15.json,965,22,36,15,18.2515,6.841349114090918e-05,0.194,OPTIMAL
geant,seed_milpsnap_geant_k15.json,966,22,36,14,18.2515,6.841349114056353e-05,0.22,OPTIMAL
geant,seed_milpsnap_geant_k15.json,967,22,36,13,18.2515,6.841349114073635e-05,0.153,OPTIMAL
geant,seed_milpsnap_geant_k15.json,968,22,36,10,31.8772,8.209731268122356e-05,0.133,OPTIMAL
geant,seed_milpsnap_geant_k15.json,969,22,36,11,31.8772,8.209731268163838e-05,0.113,OPTIMAL
geant,seed_milpsnap_geant_k15.json,970,22,36,12,18.2515,9.12179881873604e-05,0.119,OPTIMAL
geant,seed_milpsnap_geant_k15.json,971,22,36,10,31.8772,5.473154178768977e-05,0.125,OPTIMAL
geant,seed_milpsnap_geant_k15.json,972,22,36,11,36.4191,8.796192226123892e-05,0.108,OPTIMAL
geant,seed_milpsnap_geant_k15.json,973,22,36,10,36.4191,8.796192226123892e-05,0.095,OPTIMAL
geant,seed_milpsnap_geant_k15.json,974,22,36,12,31.8772,8.209731268143096e-05,0.173,OPTIMAL
geant,seed_milpsnap_geant_k15.json,975,22,36,13,27.3353,7.696583572082397e-05,0.189,OPTIMAL
geant,seed_milpsnap_geant_k15.json,976,22,36,12,31.8772,8.209731268122356e-05,0.185,OPTIMAL
geant,seed_milpsnap_geant_k15.json,977,22,36,13,27.3353,7.696583572082397e-05,0.172,OPTIMAL
geant,seed_milpsnap_geant_k15.json,978,22,36,14,22.7934,9.6584140884162e-05,0.252,OPTIMAL
geant,seed_milpsnap_geant_k15.json,979,22,36,14,27.3353,7.696583572082397e-05,0.13,OPTIMAL
geant,seed_milpsnap_geant_k15.json,980,22,36,17,22.7934,7.243810566371625e-05,0.2,OPTIMAL
geant,seed_milpsnap_geant_k15.json,981,22,36,18,18.2515,6.841349114056353e-05,0.375,OPTIMAL
geant,seed_milpsnap_geant_k15.json,982,22,36,19,18.2515,6.841349114073635e-05,0.45,OPTIMAL
geant,seed_milpsnap_geant_k15.json,983,22,36,18,13.7096,9.361812446881204e-05,0.772,OPTIMAL
geant,seed_milpsnap_geant_k15.json,984,22,36,16,13.7096,6.481254770950504e-05,0.902,OPTIMAL
geant,seed_milpsnap_geant_k15.json,985,22,36,14,13.7096,6.481254770950504e-05,0.592,OPTIMAL
geant,seed_milpsnap_geant_k15.json,986,22,36,13,18.2515,6.841349114039068e-05,0.317,OPTIMAL
geant,seed_milpsnap_geant_k15.json,987,22,36,15,13.7096,6.48125477093413e-05,0.374,OPTIMAL
geant,seed_milpsnap_geant_k15.json,988,22,36,14,13.7152,9.362419249125461e-05,0.42,OPTIMAL
geant,seed_milpsnap_geant_k15.json,989,22,36,14,18.2571,9.882624825161857e-05,0.382,OPTIMAL
geant,seed_milpsnap_geant_k15.json,990,22,36,15,9.1733,6.157551210310854e-05,0.961,OPTIMAL
geant,seed_milpsnap_geant_k15.json,991,22,36,16,9.1677,6.157172079302521e-05,1.508,OPTIMAL
geant,seed_milpsnap_geant_k15.json,992,22,36,17,4.6258,5.863956215788256e-05,8.339,OPTIMAL
geant,seed_milpsnap_geant_k15.json,993,22,36,14,13.7152,6.481674864795541e-05,0.946,OPTIMAL
geant,seed_milpsnap_geant_k15.json,994,22,36,14,13.7096,6.48125477093413e-05,4.0,OPTIMAL
geant,seed_milpsnap_geant_k15.json,995,22,36,13,18.2515,6.841349114073634e-05,2.526,OPTIMAL
geant,seed_milpsnap_geant_k15.json,996,22,36,14,13.7096,6.481254770917756e-05,3.217,OPTIMAL
geant,seed_milpsnap_geant_k15.json,997,22,36,15,9.1677,6.157172079286967e-05,4.7,OPTIMAL
geant,seed_milpsnap_geant_k15.json,998,22,36,17,4.6258,5.8639562158030696e-05,13.831,OPTIMAL
geant,seed_milpsnap_geant_k15.json,999,22,36,16,4.6258,5.8639562158030696e-05,5.427,OPTIMAL
geant,seed_milpsnap_geant_k15.json,1000,22,36,14,18.2515,6.841349114108202e-05,0.149,OPTIMAL
geant,seed_milpsnap_geant_k15.json,1001,22,36,14,18.2515,6.841349114056352e-05,0.609,OPTIMAL
geant,seed_milpsnap_geant_k15.json,1002,22,36,13,18.2515,6.841349114073634e-05,0.703,OPTIMAL
geant,seed_milpsnap_geant_k15.json,1003,22,36,14,22.7934,7.243810566335026e-05,0.171,OPTIMAL
geant,seed_milpsnap_geant_k15.json,1004,22,36,13,27.3353,7.69658357214073e-05,0.12,OPTIMAL
geant,seed_milpsnap_geant_k15.json,1005,22,36,12,27.3353,7.696583572062955e-05,0.111,OPTIMAL
geant,seed_milpsnap_geant_k15.json,1006,22,36,13,27.3353,7.696583572062955e-05,0.133,OPTIMAL
geant,seed_milpsnap_geant_k15.json,1007,22,36,14,22.7934,7.243810566353326e-05,0.159,OPTIMAL
geant,seed_milpsnap_geant_k15.json,1008,22,36,16,18.2515,9.121798818718757e-05,0.22,OPTIMAL
geant,seed_milpsnap_geant_k15.json,1009,22,36,14,22.7934,7.243810566316725e-05,0.251,OPTIMAL
geant,seed_milpsnap_geant_k15.json,1010,22,36,13,22.7934,8.048678407034848e-05,0.189,OPTIMAL
geant,seed_milpsnap_geant_k15.json,1011,22,36,11,22.7934,7.243810566316725e-05,0.198,OPTIMAL
geant,seed_milpsnap_geant_k15.json,1012,22,36,10,27.3353,7.696583572101842e-05,0.146,OPTIMAL
geant,seed_milpsnap_geant_k15.json,1013,22,36,11,22.7934,7.243810566335025e-05,0.161,OPTIMAL
geant,seed_milpsnap_geant_k15.json,1014,22,36,12,18.2515,6.841349114090918e-05,0.181,OPTIMAL
geant,seed_milpsnap_geant_k15.json,1015,22,36,9,27.3353,7.696583572101842e-05,0.317,OPTIMAL
geant,seed_milpsnap_geant_k15.json,1016,22,36,9,27.3353,7.696583572101841e-05,0.104,OPTIMAL
geant,seed_milpsnap_geant_k15.json,1017,22,36,9,27.3353,7.696583572101841e-05,0.116,OPTIMAL
geant,seed_milpsnap_geant_k15.json,1018,22,36,9,31.8772,8.209731268143097e-05,0.114,OPTIMAL
geant,seed_milpsnap_geant_k15.json,1019,22,36,11,27.3353,7.696583572121286e-05,0.124,OPTIMAL
geant,seed_milpsnap_geant_k15.json,1020,22,36,14,18.2515,6.841349114056352e-05,0.772,OPTIMAL
geant,seed_milpsnap_geant_k15.json,1021,22,36,15,18.2515,6.841349114056352e-05,0.855,OPTIMAL
geant,seed_milpsnap_geant_k15.json,1022,22,36,16,13.7096,6.481254770950503e-05,0.917,OPTIMAL
geant,seed_milpsnap_geant_k15.json,1023,22,36,18,13.7096,6.481254770950503e-05,0.683,OPTIMAL
geant,seed_milpsnap_geant_k15.json,1024,22,36,19,13.7096,6.481254770950503e-05,0.7,OPTIMAL
geant,seed_milpsnap_geant_k15.json,1025,22,36,21,13.7096,6.481254770950503e-05,1.282,OPTIMAL
geant,seed_milpsnap_geant_k15.json,1026,22,36,21,9.1677,6.157172079302521e-05,1.393,OPTIMAL
geant,seed_milpsnap_geant_k15.json,1027,22,36,20,13.7096,6.481254770950503e-05,0.982,OPTIMAL
geant,seed_milpsnap_geant_k15.json,1028,22,36,19,18.2515,6.841349114056352e-05,0.451,OPTIMAL
geant,seed_milpsnap_geant_k15.json,1029,22,36,18,18.2515,6.841349114056352e-05,0.46,OPTIMAL
geant,seed_milpsnap_geant_k15.json,1030,22,36,17,18.2515,6.841349114073634e-05,0.484,OPTIMAL
geant,seed_milpsnap_geant_k15.json,1031,22,36,17,27.3353,7.696583572101841e-05,0.354,OPTIMAL
geant,seed_milpsnap_geant_k15.json,1032,22,36,12,40.961,9.472886493784261e-05,0.095,OPTIMAL
geant,seed_milpsnap_geant_k15.json,1033,22,36,9,50.0447,0.0,0.057,OPTIMAL
geant,seed_milpsnap_geant_k15.json,1034,22,36,10,40.9665,4.210570637593796e-05,0.072,OPTIMAL
geant,seed_milpsnap_geant_k15.json,1035,22,36,10,40.9665,4.210570637593796e-05,0.067,OPTIMAL
geant,seed_milpsnap_geant_k15.json,1036,22,36,8,50.0503,0.0,0.056,OPTIMAL
geant,seed_milpsnap_geant_k15.json,1037,22,36,9,31.8828,8.21040532033518e-05,0.067,OPTIMAL
geant,seed_milpsnap_geant_k15.json,1038,22,36,1,77.2961,0.0,0.013,OPTIMAL
geant,seed_milpsnap_geant_k15.json,1039,22,36,2,77.2961,0.0,0.016,OPTIMAL
geant,seed_milpsnap_geant_k15.json,1040,22,36,3,77.2961,0.0,0.022,OPTIMAL
geant,seed_milpsnap_geant_k15.json,1041,22,36,4,63.676,6.842987648401071e-05,0.037,OPTIMAL
geant,seed_milpsnap_geant_k15.json,1042,22,36,5,63.676,0.0,0.044,OPTIMAL
geant,seed_milpsnap_geant_k15.json,1043,22,36,7,50.0503,7.46445055425695e-05,0.058,OPTIMAL
geant,seed_milpsnap_geant_k15.json,1044,22,36,8,40.9665,9.473783934571083e-05,0.068,OPTIMAL
geant,seed_milpsnap_geant_k15.json,1045,22,36,9,36.4246,8.796966024176555e-05,0.089,OPTIMAL
geant,seed_milpsnap_geant_k15.json,1046,22,36,13,27.3409,7.697175991665286e-05,0.167,OPTIMAL
geant,seed_milpsnap_geant_k15.json,1047,22,36,16,22.7934,7.243810566298425e-05,0.398,OPTIMAL
geant,seed_milpsnap_geant_k15.json,1048,22,36,18,22.7934,7.243810566316725e-05,0.639,OPTIMAL
geant,seed_milpsnap_geant_k15.json,1049,22,36,17,22.7934,7.243810566335023e-05,0.523,OPTIMAL
geant,seed_milpsnap_geant_k15.json,1050,22,36,18,22.7934,7.243810566316725e-05,0.605,OPTIMAL
geant,seed_milpsnap_geant_k15.json,1051,22,36,17,27.3353,7.696583572101841e-05,0.217,OPTIMAL
geant,seed_milpsnap_geant_k15.json,1052,22,36,17,31.8772,8.209731268163836e-05,0.256,OPTIMAL
geant,seed_milpsnap_geant_k15.json,1053,22,36,16,31.8772,8.209731268163836e-05,0.221,OPTIMAL
geant,seed_milpsnap_geant_k15.json,1054,22,36,15,31.8772,8.209731268143097e-05,0.176,OPTIMAL
geant,seed_milpsnap_geant_k15.json,1055,22,36,13,31.8772,8.209731268163836e-05,0.171,OPTIMAL
geant,seed_milpsnap_geant_k15.json,1056,22,36,12,31.8828,5.47360354689012e-05,0.201,OPTIMAL
geant,seed_milpsnap_geant_k15.json,1057,22,36,12,27.3409,9.40765954536436e-05,0.242,OPTIMAL
geant,seed_milpsnap_geant_k15.json,1058,22,36,13,22.799,7.244335332263281e-05,0.341,OPTIMAL
geant,seed_milpsnap_geant_k15.json,1059,22,36,11,22.799,7.24433533224498e-05,0.266,OPTIMAL
geant,seed_milpsnap_geant_k15.json,1060,22,36,9,31.8828,8.210405320376665e-05,0.093,OPTIMAL
geant,seed_milpsnap_geant_k15.json,1061,22,36,7,40.961,9.472886493748363e-05,0.075,OPTIMAL
geant,seed_milpsnap_geant_k15.json,1062,22,36,8,31.8772,8.209731268143097e-05,0.128,OPTIMAL
geant,seed_milpsnap_geant_k15.json,1063,22,36,7,31.8828,8.210405320355922e-05,0.092,OPTIMAL
geant,seed_milpsnap_geant_k15.json,1064,22,36,8,31.8828,8.210405320355922e-05,0.096,OPTIMAL
geant,seed_milpsnap_geant_k15.json,1065,22,36,9,31.8772,8.209731268143097e-05,0.121,OPTIMAL
geant,seed_milpsnap_geant_k15.json,1066,22,36,10,31.8828,8.210405320376665e-05,0.104,OPTIMAL
geant,seed_milpsnap_geant_k15.json,1067,22,36,11,22.8101,7.245385092229367e-05,0.116,OPTIMAL
geant,seed_milpsnap_geant_k15.json,1068,22,36,12,22.799,7.244335332281584e-05,0.12,OPTIMAL
geant,seed_milpsnap_geant_k15.json,1069,22,36,13,22.799,7.244335332263283e-05,0.141,OPTIMAL
geant,seed_milpsnap_geant_k15.json,1070,22,36,12,27.3409,7.697175991665284e-05,0.092,OPTIMAL
geant,seed_milpsnap_geant_k15.json,1071,22,36,11,31.8828,8.21040532033518e-05,0.083,OPTIMAL
geant,seed_milpsnap_geant_k15.json,1072,22,36,10,31.8828,8.210405320355922e-05,0.074,OPTIMAL
geant,seed_milpsnap_geant_k15.json,1073,22,36,11,31.8828,8.21040532033518e-05,0.087,OPTIMAL
geant,seed_milpsnap_geant_k15.json,1074,22,36,10,36.4246,8.796966024176555e-05,0.072,OPTIMAL
geant,seed_milpsnap_geant_k15.json,1075,22,36,10,36.4246,8.796966024165445e-05,0.073,OPTIMAL
geant,seed_milpsnap_geant_k15.json,1076,22,36,9,36.4246,8.796966024176555e-05,0.069,OPTIMAL
geant,seed_milpsnap_geant_k15.json,1077,22,36,9,50.0447,0.0,0.066,OPTIMAL
geant,seed_milpsnap_geant_k15.json,1078,22,36,11,40.9665,9.473783934559117e-05,0.083,OPTIMAL
geant,seed_milpsnap_geant_k15.json,1079,22,36,13,27.3409,7.697175991665284e-05,0.156,OPTIMAL
geant,seed_milpsnap_geant_k15.json,1080,22,36,12,27.3409,7.697175991645839e-05,0.159,OPTIMAL
geant,seed_milpsnap_geant_k15.json,1081,22,36,13,22.799,7.24433533224498e-05,0.201,OPTIMAL
geant,seed_milpsnap_geant_k15.json,1082,22,36,13,22.799,7.24433533222668e-05,0.345,OPTIMAL
geant,seed_milpsnap_geant_k15.json,1083,22,36,15,22.799,7.24433533222668e-05,0.423,OPTIMAL
geant,seed_milpsnap_geant_k15.json,1084,22,36,15,18.2571,6.841817186655835e-05,0.529,OPTIMAL
geant,seed_milpsnap_geant_k15.json,1085,22,36,16,18.2571,6.841817186655835e-05,0.52,OPTIMAL
geant,seed_milpsnap_geant_k15.json,1086,22,36,17,18.2515,6.841349114039068e-05,4.986,OPTIMAL
geant,seed_milpsnap_geant_k15.json,1087,22,36,16,22.7934,7.243810566316725e-05,0.258,OPTIMAL
geant,seed_milpsnap_geant_k15.json,1088,22,36,17,22.7934,7.243810566335023e-05,0.252,OPTIMAL
geant,seed_milpsnap_geant_k15.json,1089,22,36,20,22.7934,7.243810566335023e-05,0.396,OPTIMAL
geant,seed_milpsnap_geant_k15.json,1090,22,36,18,31.8772,8.209731268184577e-05,0.198,OPTIMAL
geant,seed_milpsnap_geant_k15.json,1091,22,36,15,36.4191,8.79619222610167e-05,0.178,OPTIMAL
geant,seed_milpsnap_geant_k15.json,1092,22,36,16,36.4191,8.796192226112781e-05,0.154,OPTIMAL
geant,seed_milpsnap_geant_k15.json,1093,22,36,18,22.799,7.244335332281584e-05,0.198,OPTIMAL
geant,seed_milpsnap_geant_k15.json,1094,22,36,17,22.799,7.244335332299884e-05,0.183,OPTIMAL
geant,seed_milpsnap_geant_k15.json,1095,22,36,17,18.2571,6.84181718667312e-05,0.362,OPTIMAL
geant,seed_milpsnap_geant_k15.json,1096,22,36,16,18.2571,6.84181718667312e-05,0.26,OPTIMAL
geant,seed_milpsnap_geant_k15.json,1097,22,36,15,18.2571,6.84181718667312e-05,0.341,OPTIMAL
geant,seed_milpsnap_geant_k15.json,1098,22,36,16,18.2571,6.84181718667312e-05,0.371,OPTIMAL
geant,seed_milpsnap_geant_k15.json,1099,22,36,16,22.7934,7.243810566335025e-05,0.227,OPTIMAL
geant,seed_milpsnap_geant_k15.json,1100,22,36,15,22.7934,7.243810566335025e-05,0.251,OPTIMAL
geant,seed_milpsnap_geant_k15.json,1101,22,36,16,22.7934,7.243810566316726e-05,0.289,OPTIMAL
geant,seed_milpsnap_geant_k15.json,1102,22,36,16,22.7934,7.243810566335025e-05,0.252,OPTIMAL
geant,seed_milpsnap_geant_k15.json,1103,22,36,15,27.3353,7.696583572121286e-05,0.165,OPTIMAL
geant,seed_milpsnap_geant_k15.json,1104,22,36,18,18.2515,6.841349114073634e-05,1.034,OPTIMAL
geant,seed_milpsnap_geant_k15.json,1105,22,36,19,18.2515,6.841349114073634e-05,1.467,OPTIMAL
geant,seed_milpsnap_geant_k15.json,1106,22,36,16,18.2515,6.841349114090916e-05,0.957,OPTIMAL
geant,seed_milpsnap_geant_k15.json,1107,22,36,14,22.7934,7.243810566353326e-05,0.144,OPTIMAL
geant,seed_milpsnap_geant_k15.json,1108,22,36,15,18.2515,6.841349114056352e-05,0.217,OPTIMAL
geant,seed_milpsnap_geant_k15.json,1109,22,36,13,18.2515,6.84134911405635e-05,0.275,OPTIMAL
geant,seed_milpsnap_geant_k15.json,1110,22,36,14,27.3353,7.696583572101842e-05,0.151,OPTIMAL
geant,seed_milpsnap_geant_k15.json,1111,22,36,16,22.7934,7.243810566371625e-05,0.199,OPTIMAL
geant,seed_milpsnap_geant_k15.json,1112,22,36,15,27.3353,7.696583572082397e-05,0.141,OPTIMAL
geant,seed_milpsnap_geant_k15.json,1113,22,36,13,31.8772,8.209731268163836e-05,0.165,OPTIMAL
geant,seed_milpsnap_geant_k15.json,1114,22,36,16,18.2515,6.841349114090918e-05,0.245,OPTIMAL
geant,seed_milpsnap_geant_k15.json,1115,22,36,17,13.7096,6.481254770966877e-05,0.332,OPTIMAL
geant,seed_milpsnap_geant_k15.json,1116,22,36,16,13.7096,6.481254770983251e-05,0.294,OPTIMAL
geant,seed_milpsnap_geant_k15.json,1117,22,36,15,13.7096,6.481254770950504e-05,0.252,OPTIMAL
geant,seed_milpsnap_geant_k15.json,1118,22,36,15,13.7096,6.481254770966877e-05,0.214,OPTIMAL
geant,seed_milpsnap_geant_k15.json,1119,22,36,12,22.7934,7.243810566371626e-05,0.119,OPTIMAL
geant,seed_milpsnap_geant_k15.json,1120,22,36,12,18.2515,6.841349114108201e-05,0.123,OPTIMAL
geant,seed_milpsnap_geant_k15.json,1121,22,36,13,18.2515,6.841349114108201e-05,0.131,OPTIMAL
geant,seed_milpsnap_geant_k15.json,1122,22,36,12,22.7934,7.243810566298424e-05,0.111,OPTIMAL
geant,seed_milpsnap_geant_k15.json,1123,22,36,11,22.7934,7.243810566298425e-05,0.167,OPTIMAL
geant,seed_milpsnap_geant_k15.json,1124,22,36,10,27.3353,7.696583572082397e-05,0.131,OPTIMAL
geant,seed_milpsnap_geant_k15.json,1125,22,36,11,27.3353,7.696583572082397e-05,0.144,OPTIMAL
geant,seed_milpsnap_geant_k15.json,1126,22,36,14,22.7934,7.243810566316725e-05,0.142,OPTIMAL
geant,seed_milpsnap_geant_k15.json,1127,22,36,16,13.7152,6.481674864795541e-05,0.714,OPTIMAL
geant,seed_milpsnap_geant_k15.json,1128,22,36,15,18.2571,6.841817186690404e-05,0.197,OPTIMAL
geant,seed_milpsnap_geant_k15.json,1129,22,36,13,18.2571,6.841817186655835e-05,0.19,OPTIMAL
geant,seed_milpsnap_geant_k15.json,1130,22,36,20,13.7152,6.48167486482829e-05,0.272,OPTIMAL
geant,seed_milpsnap_geant_k15.json,1131,22,36,20,13.7152,6.48167486482829e-05,0.231,OPTIMAL
geant,seed_milpsnap_geant_k15.json,1132,22,36,20,13.7152,6.48167486482829e-05,0.221,OPTIMAL
geant,seed_milpsnap_geant_k15.json,1133,22,36,21,9.1677,6.157172079318077e-05,0.256,OPTIMAL
geant,seed_milpsnap_geant_k15.json,1134,22,36,20,9.1677,6.157172079318077e-05,0.231,OPTIMAL
geant,seed_milpsnap_geant_k15.json,1135,22,36,20,4.6314,5.8643000958078656e-05,0.644,OPTIMAL
geant,seed_milpsnap_geant_k15.json,1136,22,36,19,9.1733,6.157551210326412e-05,0.356,OPTIMAL
geant,seed_milpsnap_geant_k15.json,1137,22,36,17,18.2515,6.841349114090919e-05,0.177,OPTIMAL
geant,seed_milpsnap_geant_k15.json,1138,22,36,16,13.7096,6.48125477093413e-05,0.595,OPTIMAL
geant,seed_milpsnap_geant_k15.json,1139,22,36,17,13.7096,6.48125477093413e-05,0.589,OPTIMAL
geant,seed_milpsnap_geant_k15.json,1140,22,36,20,13.7096,6.48125477093413e-05,0.735,OPTIMAL
geant,seed_milpsnap_geant_k15.json,1141,22,36,21,13.7096,6.48125477093413e-05,0.823,OPTIMAL
geant,seed_milpsnap_geant_k15.json,1142,22,36,15,13.7096,6.481254770950503e-05,0.196,OPTIMAL
geant,seed_milpsnap_geant_k15.json,1143,22,36,16,9.1677,6.157172079302521e-05,0.282,OPTIMAL
geant,seed_milpsnap_geant_k15.json,1144,22,36,15,13.7096,6.48125477093413e-05,0.148,OPTIMAL
geant,seed_milpsnap_geant_k15.json,1145,22,36,16,13.7096,6.481254770966877e-05,0.158,OPTIMAL
geant,seed_milpsnap_geant_k15.json,1146,22,36,17,13.7096,6.48125477093413e-05,0.169,OPTIMAL
geant,seed_milpsnap_geant_k15.json,1147,22,36,18,13.7096,6.481254770983251e-05,0.203,OPTIMAL
geant,seed_milpsnap_geant_k15.json,1148,22,36,20,9.1677,6.157172079318077e-05,0.359,OPTIMAL
geant,seed_milpsnap_geant_k15.json,1149,22,36,19,13.7096,6.481254770983251e-05,0.235,OPTIMAL
geant,seed_milpsnap_geant_k15.json,1150,22,36,22,4.6258,5.863956215817884e-05,2.138,OPTIMAL
geant,seed_milpsnap_geant_k15.json,1151,22,36,25,4.6258,5.863956215817884e-05,2.817,OPTIMAL
geant,seed_milpsnap_geant_k15.json,1152,22,36,21,9.1677,6.157172079286967e-05,1.049,OPTIMAL
geant,seed_milpsnap_geant_k15.json,1153,22,36,22,9.1677,6.157172079286967e-05,1.129,OPTIMAL
geant,seed_milpsnap_geant_k15.json,1154,22,36,23,9.1677,6.157172079302521e-05,2.756,OPTIMAL
geant,seed_milpsnap_geant_k15.json,1155,22,36,20,9.1677,6.157172079286967e-05,2.366,OPTIMAL
geant,seed_milpsnap_geant_k15.json,1156,22,36,20,13.7096,6.48125477093413e-05,1.448,OPTIMAL
geant,seed_milpsnap_geant_k15.json,1157,22,36,19,18.2515,6.841349114073634e-05,0.432,OPTIMAL
geant,seed_milpsnap_geant_k15.json,1158,22,36,17,27.3353,7.696583572082397e-05,0.346,OPTIMAL
geant,seed_milpsnap_geant_k15.json,1159,22,36,21,9.1677,6.157172079286967e-05,3.9,OPTIMAL
geant,seed_milpsnap_geant_k15.json,1160,22,36,20,9.1677,6.157172079302521e-05,3.445,OPTIMAL
geant,seed_milpsnap_geant_k15.json,1161,22,36,21,9.1677,6.157172079271413e-05,2.795,OPTIMAL
geant,seed_milpsnap_geant_k15.json,1162,22,36,21,9.1677,6.157172079286967e-05,2.051,OPTIMAL
geant,seed_milpsnap_geant_k15.json,1163,22,36,20,13.7096,6.48125477093413e-05,0.453,OPTIMAL
geant,seed_milpsnap_geant_k15.json,1164,22,36,21,9.1677,6.157172079286967e-05,3.125,OPTIMAL
geant,seed_milpsnap_geant_k15.json,1165,22,36,18,9.1677,6.157172079286967e-05,2.387,OPTIMAL
geant,seed_milpsnap_geant_k15.json,1166,22,36,14,18.2515,6.841349114039068e-05,0.839,OPTIMAL
geant,seed_milpsnap_geant_k15.json,1167,22,36,15,13.7096,6.48125477093413e-05,2.285,OPTIMAL
geant,seed_milpsnap_geant_k15.json,1168,22,36,1,86.3799,0.0,0.021,OPTIMAL
geant,seed_milpsnap_geant_k15.json,1169,22,36,4,59.1285,6.081615277012044e-05,0.044,OPTIMAL
geant,seed_milpsnap_geant_k15.json,1170,22,36,5,54.5866,0.0,0.048,OPTIMAL
geant,seed_milpsnap_geant_k15.json,1171,22,36,6,50.0447,0.0,0.086,OPTIMAL
geant,seed_milpsnap_geant_k15.json,1172,22,36,7,36.4246,8.796966024132109e-05,0.118,OPTIMAL
geant,seed_milpsnap_geant_k15.json,1173,22,36,9,36.4191,8.796192226112781e-05,0.152,OPTIMAL
geant,seed_milpsnap_geant_k15.json,1174,22,36,10,31.8772,8.209731268122356e-05,0.139,OPTIMAL
geant,seed_milpsnap_geant_k15.json,1175,22,36,11,31.8772,8.209731268143096e-05,0.123,OPTIMAL
geant,seed_milpsnap_geant_k15.json,1176,22,36,13,27.3353,7.696583572101842e-05,0.226,OPTIMAL
geant,seed_milpsnap_geant_k15.json,1177,22,36,14,22.7934,7.243810566316725e-05,0.366,OPTIMAL
geant,seed_milpsnap_geant_k15.json,1178,22,36,15,18.2515,6.841349114056352e-05,0.402,OPTIMAL
geant,seed_milpsnap_geant_k15.json,1179,22,36,16,13.7096,6.48125477093413e-05,0.66,OPTIMAL
geant,seed_milpsnap_geant_k15.json,1180,22,36,15,13.7096,6.481254770950503e-05,0.67,OPTIMAL
geant,seed_milpsnap_geant_k15.json,1181,22,36,14,18.2515,6.841349114073634e-05,0.449,OPTIMAL
geant,seed_milpsnap_geant_k15.json,1182,22,36,14,13.7096,6.481254770950503e-05,7.424,OPTIMAL
geant,seed_milpsnap_geant_k15.json,1183,22,36,15,13.7096,6.48125477093413e-05,5.163,OPTIMAL
geant,seed_milpsnap_geant_k15.json,1184,22,36,16,13.7096,6.481254770950503e-05,1.407,OPTIMAL
geant,seed_milpsnap_geant_k15.json,1185,22,36,16,9.1677,6.157172079286967e-05,1.551,OPTIMAL
geant,seed_milpsnap_geant_k15.json,1186,22,36,14,18.2515,6.841349114056352e-05,0.761,OPTIMAL
geant,seed_milpsnap_geant_k15.json,1187,22,36,16,9.1677,6.157172079286967e-05,0.929,OPTIMAL
geant,seed_milpsnap_geant_k15.json,1188,22,36,16,13.7096,6.48125477093413e-05,0.679,OPTIMAL
geant,seed_milpsnap_geant_k15.json,1189,22,36,17,13.7096,6.481254770950503e-05,1.05,OPTIMAL
geant,seed_milpsnap_geant_k15.json,1190,22,36,16,9.1677,6.157172079318077e-05,0.601,OPTIMAL
geant,seed_milpsnap_geant_k15.json,1191,22,36,15,13.7096,6.481254770966877e-05,0.268,OPTIMAL
geant,seed_milpsnap_geant_k15.json,1192,22,36,14,13.7096,6.481254770966877e-05,0.275,OPTIMAL
geant,seed_milpsnap_geant_k15.json,1193,22,36,13,13.7096,6.481254770983251e-05,0.25,OPTIMAL
geant,seed_milpsnap_geant_k15.json,1194,22,36,15,13.7096,6.481254770966877e-05,0.266,OPTIMAL
geant,seed_milpsnap_geant_k15.json,1195,22,36,14,13.7096,6.481254770966877e-05,0.289,OPTIMAL
geant,seed_milpsnap_geant_k15.json,1196,22,36,14,18.2515,9.12179881873604e-05,0.169,OPTIMAL
geant,seed_milpsnap_geant_k15.json,1197,22,36,17,9.1677,6.157172079318077e-05,0.752,OPTIMAL
geant,seed_milpsnap_geant_k15.json,1198,22,36,17,9.1677,6.157172079302521e-05,0.62,OPTIMAL
geant,seed_milpsnap_geant_k15.json,1199,22,36,18,9.1677,6.157172079302521e-05,0.863,OPTIMAL
geant,seed_milpsnap_geant_k15.json,1200,22,36,19,13.7096,6.481254770983251e-05,0.307,OPTIMAL
geant,seed_milpsnap_geant_k15.json,1201,22,36,16,22.7934,7.243810566353326e-05,0.32,OPTIMAL
geant,seed_milpsnap_geant_k15.json,1202,22,36,16,22.7934,7.243810566371625e-05,0.286,OPTIMAL
geant,seed_milpsnap_geant_k15.json,1203,22,36,16,18.2515,9.881948720295935e-05,2.215,OPTIMAL
geant,seed_milpsnap_geant_k15.json,1204,22,36,15,18.2515,6.841349114056352e-05,1.72,OPTIMAL
geant,seed_milpsnap_geant_k15.json,1205,22,36,18,18.2515,9.881948720295935e-05,2.552,OPTIMAL
geant,seed_milpsnap_geant_k15.json,1206,22,36,16,22.7934,7.243810566353326e-05,0.426,OPTIMAL
geant,seed_milpsnap_geant_k15.json,1207,22,36,16,22.7934,7.243810566353326e-05,0.733,OPTIMAL
geant,seed_milpsnap_geant_k15.json,1208,22,36,16,18.2515,6.841349114073634e-05,3.756,OPTIMAL
geant,seed_milpsnap_geant_k15.json,1209,22,36,14,22.7934,7.243810566335025e-05,0.528,OPTIMAL
geant,seed_milpsnap_geant_k15.json,1210,22,36,14,22.7934,7.243810566353325e-05,0.402,OPTIMAL
geant,seed_milpsnap_geant_k15.json,1211,22,36,12,27.3353,7.696583572082398e-05,0.354,OPTIMAL
geant,seed_milpsnap_geant_k15.json,1212,22,36,10,36.4191,8.796192226123892e-05,0.216,OPTIMAL
geant,seed_milpsnap_geant_k15.json,1213,22,36,14,27.3353,7.696583572101841e-05,0.362,OPTIMAL
geant,seed_milpsnap_geant_k15.json,1214,22,36,15,27.3353,7.696583572082398e-05,0.287,OPTIMAL
geant,seed_milpsnap_geant_k15.json,1215,22,36,17,18.2515,6.841349114090918e-05,0.21,OPTIMAL
geant,seed_milpsnap_geant_k15.json,1216,22,36,16,22.7934,7.243810566335025e-05,0.264,OPTIMAL
geant,seed_milpsnap_geant_k15.json,1217,22,36,13,27.3353,7.696583572121286e-05,0.18,OPTIMAL
geant,seed_milpsnap_geant_k15.json,1218,22,36,14,22.7934,7.243810566335025e-05,0.176,OPTIMAL
geant,seed_milpsnap_geant_k15.json,1219,22,36,14,22.7934,7.243810566335023e-05,0.161,OPTIMAL
geant,seed_milpsnap_geant_k15.json,1220,22,36,15,22.7934,7.243810566353325e-05,0.325,OPTIMAL
geant,seed_milpsnap_geant_k15.json,1221,22,36,16,22.7934,8.853546247734673e-05,0.257,OPTIMAL
geant,seed_milpsnap_geant_k15.json,1222,22,36,19,18.2515,6.841349114108201e-05,0.192,OPTIMAL
geant,seed_milpsnap_geant_k15.json,1223,22,36,19,22.7934,7.243810566298424e-05,0.154,OPTIMAL
geant,seed_milpsnap_geant_k15.json,1224,22,36,16,18.2515,6.841349114090918e-05,0.177,OPTIMAL
geant,seed_milpsnap_geant_k15.json,1225,22,36,17,13.7096,6.481254770950503e-05,0.544,OPTIMAL
geant,seed_milpsnap_geant_k15.json,1226,22,36,14,27.3353,7.696583572082397e-05,0.208,OPTIMAL
geant,seed_milpsnap_geant_k15.json,1227,22,36,16,22.7934,7.243810566335023e-05,0.212,OPTIMAL
geant,seed_milpsnap_geant_k15.json,1228,22,36,17,22.7934,7.243810566335023e-05,0.23,OPTIMAL
geant,seed_milpsnap_geant_k15.json,1229,22,36,18,13.7096,6.481254770917756e-05,4.186,OPTIMAL
geant,seed_milpsnap_geant_k15.json,1230,22,36,18,18.2515,6.841349114056352e-05,1.517,OPTIMAL
geant,seed_milpsnap_geant_k15.json,1231,22,36,19,13.7096,6.48125477093413e-05,1.528,OPTIMAL
geant,seed_milpsnap_geant_k15.json,1232,22,36,18,13.7096,6.481254770950504e-05,0.277,OPTIMAL
geant,seed_milpsnap_geant_k15.json,1233,22,36,18,13.7096,6.481254770950503e-05,1.439,OPTIMAL
geant,seed_milpsnap_geant_k15.json,1234,22,36,15,18.2515,6.841349114073634e-05,1.128,OPTIMAL
geant,seed_milpsnap_geant_k15.json,1235,22,36,15,13.7096,6.481254770950503e-05,1.283,OPTIMAL
geant,seed_milpsnap_geant_k15.json,1236,22,36,14,18.2515,6.841349114125485e-05,0.171,OPTIMAL
geant,seed_milpsnap_geant_k15.json,1237,22,36,13,18.2515,6.841349114073634e-05,0.654,OPTIMAL
geant,seed_milpsnap_geant_k15.json,1238,22,36,15,18.2515,6.841349114073634e-05,0.784,OPTIMAL
geant,seed_milpsnap_geant_k15.json,1239,22,36,15,22.7934,7.243810566316725e-05,0.431,OPTIMAL
geant,seed_milpsnap_geant_k15.json,1240,22,36,16,18.2515,9.881948720278653e-05,0.508,OPTIMAL
geant,seed_milpsnap_geant_k15.json,1241,22,36,18,13.7096,6.481254770966877e-05,0.204,OPTIMAL
geant,seed_milpsnap_geant_k15.json,1242,22,36,18,9.1677,8.209562772361882e-05,1.339,OPTIMAL
geant,seed_milpsnap_geant_k15.json,1243,22,36,17,9.1677,9.57782323443775e-05,1.155,OPTIMAL
geant,seed_milpsnap_geant_k15.json,1244,22,36,16,18.2515,6.841349114090918e-05,0.28,OPTIMAL
geant,seed_milpsnap_geant_k15.json,1245,22,36,18,18.2515,6.84134911405635e-05,0.164,OPTIMAL
geant,seed_milpsnap_geant_k15.json,1246,22,36,18,13.7096,6.481254770983251e-05,0.219,OPTIMAL
geant,seed_milpsnap_geant_k15.json,1247,22,36,19,13.7096,6.48125477093413e-05,0.473,OPTIMAL
geant,seed_milpsnap_geant_k15.json,1248,22,36,18,13.7096,6.48125477093413e-05,0.585,OPTIMAL
geant,seed_milpsnap_geant_k15.json,1249,22,36,19,13.7096,6.48125477093413e-05,0.669,OPTIMAL
geant,seed_milpsnap_geant_k15.json,1250,22,36,18,13.7096,6.48125477093413e-05,0.527,OPTIMAL
geant,seed_milpsnap_geant_k15.json,1251,22,36,18,13.7096,6.48125477093413e-05,1.403,OPTIMAL
geant,seed_milpsnap_geant_k15.json,1252,22,36,19,13.7096,6.48125477093413e-05,1.444,OPTIMAL
geant,seed_milpsnap_geant_k15.json,1253,22,36,17,13.7096,6.481254770950503e-05,1.914,OPTIMAL
geant,seed_milpsnap_geant_k15.json,1254,22,36,16,18.2515,6.841349114056352e-05,0.749,OPTIMAL
geant,seed_milpsnap_geant_k15.json,1255,22,36,14,27.3353,7.696583572082398e-05,0.317,OPTIMAL
geant,seed_milpsnap_geant_k15.json,1256,22,36,15,27.3353,7.696583572082398e-05,0.354,OPTIMAL
geant,seed_milpsnap_geant_k15.json,1257,22,36,16,27.3353,7.696583572082398e-05,0.323,OPTIMAL
geant,seed_milpsnap_geant_k15.json,1258,22,36,16,22.7934,7.243810566316725e-05,0.601,OPTIMAL
geant,seed_milpsnap_geant_k15.json,1259,22,36,13,22.7934,7.243810566298425e-05,0.365,OPTIMAL
geant,seed_milpsnap_geant_k15.json,1260,22,36,11,31.8772,8.209731268143097e-05,0.129,OPTIMAL
geant,seed_milpsnap_geant_k15.json,1261,22,36,9,36.4191,8.796192226123892e-05,0.094,OPTIMAL
geant,seed_milpsnap_geant_k15.json,1262,22,36,10,36.4191,8.796192226112781e-05,0.1,OPTIMAL
geant,seed_milpsnap_geant_k15.json,1263,22,36,9,40.961,0.0,0.057,OPTIMAL
geant,seed_milpsnap_geant_k15.json,1264,22,36,10,31.8772,0.0,0.107,OPTIMAL
geant,seed_milpsnap_geant_k15.json,1265,22,36,13,22.7934,7.243810566316725e-05,0.119,OPTIMAL
geant,seed_milpsnap_geant_k15.json,1266,22,36,12,27.3353,7.696583572101841e-05,0.206,OPTIMAL
geant,seed_milpsnap_geant_k15.json,1267,22,36,15,18.2515,6.841349114073635e-05,0.193,OPTIMAL
geant,seed_milpsnap_geant_k15.json,1268,22,36,18,13.7096,6.48125477093413e-05,0.793,OPTIMAL
geant,seed_milpsnap_geant_k15.json,1269,22,36,18,13.7096,6.48125477093413e-05,0.948,OPTIMAL
geant,seed_milpsnap_geant_k15.json,1270,22,36,18,13.7096,6.481254770950503e-05,0.983,OPTIMAL
geant,seed_milpsnap_geant_k15.json,1271,22,36,18,13.7096,6.481254770950503e-05,1.408,OPTIMAL
geant,seed_milpsnap_geant_k15.json,1272,22,36,17,13.7096,6.481254770950503e-05,1.409,OPTIMAL
geant,seed_milpsnap_geant_k15.json,1273,22,36,18,13.7096,6.481254770950503e-05,1.163,OPTIMAL
geant,seed_milpsnap_geant_k15.json,1274,22,36,19,13.7096,6.481254770950503e-05,1.103,OPTIMAL
geant,seed_milpsnap_geant_k15.json,1275,22,36,19,13.7096,6.481254770950503e-05,1.298,OPTIMAL
geant,seed_milpsnap_geant_k15.json,1276,22,36,18,13.7096,6.481254770950503e-05,1.588,OPTIMAL
geant,seed_milpsnap_geant_k15.json,1277,22,36,19,13.7096,6.48125477093413e-05,1.642,OPTIMAL
geant,seed_milpsnap_geant_k15.json,1278,22,36,18,13.7096,6.48125477093413e-05,1.23,OPTIMAL
geant,seed_milpsnap_geant_k15.json,1279,22,36,19,9.1677,6.157172079318077e-05,1.717,OPTIMAL
geant,seed_milpsnap_geant_k15.json,1280,22,36,21,4.6314,5.86430009579305e-05,4.198,OPTIMAL
geant,seed_milpsnap_geant_k15.json,1281,22,36,22,9.1677,6.157172079318077e-05,4.646,OPTIMAL
geant,seed_milpsnap_geant_k15.json,1282,22,36,23,13.7096,6.481254770950503e-05,1.979,OPTIMAL
geant,seed_milpsnap_geant_k15.json,1283,22,36,23,13.7096,6.481254770950503e-05,1.627,OPTIMAL
geant,seed_milpsnap_geant_k15.json,1284,22,36,22,13.7096,6.481254770950503e-05,1.601,OPTIMAL
geant,seed_milpsnap_geant_k15.json,1285,22,36,24,9.1677,6.157172079286967e-05,5.142,OPTIMAL
geant,seed_milpsnap_geant_k15.json,1286,22,36,27,9.1677,6.157172079286967e-05,5.452,OPTIMAL
geant,seed_milpsnap_geant_k15.json,1287,22,36,25,13.7096,6.481254770917756e-05,1.426,OPTIMAL
geant,seed_milpsnap_geant_k15.json,1288,22,36,27,13.7096,6.481254770917756e-05,1.619,OPTIMAL
geant,seed_milpsnap_geant_k15.json,1289,22,36,26,13.7096,6.48125477093413e-05,1.487,OPTIMAL
geant,seed_milpsnap_geant_k15.json,1290,22,36,25,18.2515,6.841349114056352e-05,0.524,OPTIMAL
geant,seed_milpsnap_geant_k15.json,1291,22,36,25,22.7934,7.243810566316725e-05,0.59,OPTIMAL
geant,seed_milpsnap_geant_k15.json,1292,22,36,22,22.7934,7.243810566316725e-05,0.499,OPTIMAL
geant,seed_milpsnap_geant_k15.json,1293,22,36,23,22.7934,7.243810566316725e-05,0.551,OPTIMAL
geant,seed_milpsnap_geant_k15.json,1294,22,36,23,13.7096,6.48125477093413e-05,2.036,OPTIMAL
geant,seed_milpsnap_geant_k15.json,1295,22,36,22,18.2515,6.841349114073634e-05,0.645,OPTIMAL
geant,seed_milpsnap_geant_k15.json,1296,22,36,19,22.7934,7.243810566316725e-05,0.246,OPTIMAL
geant,seed_milpsnap_geant_k15.json,1297,22,36,18,27.3353,7.696583572121286e-05,0.219,OPTIMAL
