# K-Shortest Paths Results
# Format: src_host dst_host path_index cost switch_path port_details
# ==================================================================

# h00:00:00:00:00:16 -> h00:00:00:00:00:06
   00:00:00:00:00:16    00:00:00:00:00:06 0    585  [19,13,3,1,7,30]     00:00:00:00:00:16    00:00:00:00:00:06 1    585  [19,13,3,1,8,30]     00:00:00:00:00:16    00:00:00:00:00:06 2    585  [19,13,3,2,7,30]     00:00:00:00:00:16    00:00:00:00:00:06 3    585  [19,13,3,2,8,30]     00:00:00:00:00:16    00:00:00:00:00:06 4    585  [19,13,4,1,7,30]     00:00:00:00:00:16    00:00:00:00:00:06 5    585  [19,13,4,1,8,30]     00:00:00:00:00:16    00:00:00:00:00:06 6    585  [19,13,4,2,7,30]     00:00:00:00:00:16    00:00:00:00:00:06 7    585  [19,13,4,2,8,30]     00:00:00:00:00:16    00:00:00:00:00:06 8    585  [19,14,3,1,7,30]     00:00:00:00:00:16    00:00:00:00:00:06 9    585  [19,14,3,1,8,30]     00:00:00:00:00:16    00:00:00:00:00:06 10    585  [19,14,3,2,7,30]     00:00:00:00:00:16    00:00:00:00:00:06 11    585  [19,14,3,2,8,30]     00:00:00:00:00:16    00:00:00:00:00:06 12    585  [19,14,4,1,7,30]     00:00:00:00:00:16    00:00:00:00:00:06 13    585  [19,14,4,1,8,30]     00:00:00:00:00:16    00:00:00:00:00:06 14    585  [19,14,4,2,7,30]     00:00:00:00:00:16    00:00:00:00:00:06 15    585  [19,14,4,2,8,30]  
# h00:00:00:00:00:16 -> h00:00:00:00:00:07
   00:00:00:00:00:16    00:00:00:00:00:07 0    585  [19,13,3,1,7,31]     00:00:00:00:00:16    00:00:00:00:00:07 1    585  [19,13,3,1,8,31]     00:00:00:00:00:16    00:00:00:00:00:07 2    585  [19,13,3,2,7,31]     00:00:00:00:00:16    00:00:00:00:00:07 3    585  [19,13,3,2,8,31]     00:00:00:00:00:16    00:00:00:00:00:07 4    585  [19,13,4,1,7,31]     00:00:00:00:00:16    00:00:00:00:00:07 5    585  [19,13,4,1,8,31]     00:00:00:00:00:16    00:00:00:00:00:07 6    585  [19,13,4,2,7,31]     00:00:00:00:00:16    00:00:00:00:00:07 7    585  [19,13,4,2,8,31]     00:00:00:00:00:16    00:00:00:00:00:07 8    585  [19,14,3,1,7,31]     00:00:00:00:00:16    00:00:00:00:00:07 9    585  [19,14,3,1,8,31]     00:00:00:00:00:16    00:00:00:00:00:07 10    585  [19,14,3,2,7,31]     00:00:00:00:00:16    00:00:00:00:00:07 11    585  [19,14,3,2,8,31]     00:00:00:00:00:16    00:00:00:00:00:07 12    585  [19,14,4,1,7,31]     00:00:00:00:00:16    00:00:00:00:00:07 13    585  [19,14,4,1,8,31]     00:00:00:00:00:16    00:00:00:00:00:07 14    585  [19,14,4,2,7,31]     00:00:00:00:00:16    00:00:00:00:00:07 15    585  [19,14,4,2,8,31]  
# h00:00:00:00:00:16 -> h00:00:00:00:00:1b
   00:00:00:00:00:16    00:00:00:00:00:1b 0    439  [19,13,3,15,24]     00:00:00:00:00:16    00:00:00:00:00:1b 1    439  [19,13,3,16,24]     00:00:00:00:00:16    00:00:00:00:00:1b 2    439  [19,13,4,15,24]     00:00:00:00:00:16    00:00:00:00:00:1b 3    439  [19,13,4,16,24]     00:00:00:00:00:16    00:00:00:00:00:1b 4    439  [19,14,3,15,24]     00:00:00:00:00:16    00:00:00:00:00:1b 5    439  [19,14,3,16,24]     00:00:00:00:00:16    00:00:00:00:00:1b 6    439  [19,14,4,15,24]     00:00:00:00:00:16    00:00:00:00:00:1b 7    439  [19,14,4,16,24]     00:00:00:00:00:16    00:00:00:00:00:1b 8    585  [19,13,3,4,15,24]     00:00:00:00:00:16    00:00:00:00:00:1b 9    585  [19,13,3,4,16,24]     00:00:00:00:00:16    00:00:00:00:00:1b 10    585  [19,13,4,3,15,24]     00:00:00:00:00:16    00:00:00:00:00:1b 11    585  [19,13,4,3,16,24]     00:00:00:00:00:16    00:00:00:00:00:1b 12    585  [19,14,3,4,15,24]     00:00:00:00:00:16    00:00:00:00:00:1b 13    585  [19,14,3,4,16,24]     00:00:00:00:00:16    00:00:00:00:00:1b 14    585  [19,14,4,3,15,24]     00:00:00:00:00:16    00:00:00:00:00:1b 15    585  [19,14,4,3,16,24]  
# h00:00:00:00:00:16 -> h00:00:00:00:00:17
   00:00:00:00:00:16    00:00:00:00:00:17 0    146  [19,13,20]     00:00:00:00:00:16    00:00:00:00:00:17 1    146  [19,14,20]     00:00:00:00:00:16    00:00:00:00:00:17 2    439  [19,13,3,14,20]     00:00:00:00:00:16    00:00:00:00:00:17 3    439  [19,13,4,14,20]     00:00:00:00:00:16    00:00:00:00:00:17 4    439  [19,13,21,14,20]     00:00:00:00:00:16    00:00:00:00:00:17 5    439  [19,14,3,13,20]     00:00:00:00:00:16    00:00:00:00:00:17 6    439  [19,14,4,13,20]     00:00:00:00:00:16    00:00:00:00:00:17 7    439  [19,14,21,13,20]     00:00:00:00:00:16    00:00:00:00:00:17 8    585  [19,13,3,4,14,20]     00:00:00:00:00:16    00:00:00:00:00:17 9    585  [19,13,4,3,14,20]     00:00:00:00:00:16    00:00:00:00:00:17 10    585  [19,14,3,4,13,20]     00:00:00:00:00:16    00:00:00:00:00:17 11    585  [19,14,4,3,13,20]     00:00:00:00:00:16    00:00:00:00:00:17 12    731  [19,13,3,1,4,14,20]     00:00:00:00:00:16    00:00:00:00:00:17 13    731  [19,13,3,2,4,14,20]     00:00:00:00:00:16    00:00:00:00:00:17 14    731  [19,13,3,15,4,14,20]     00:00:00:00:00:16    00:00:00:00:00:17 15    731  [19,13,3,16,4,14,20]  
# h00:00:00:00:00:16 -> h00:00:00:00:00:09
   00:00:00:00:00:16    00:00:00:00:00:09 0    585  [19,13,3,1,9,33]     00:00:00:00:00:16    00:00:00:00:00:09 1    585  [19,13,3,1,10,33]     00:00:00:00:00:16    00:00:00:00:00:09 2    585  [19,13,3,2,9,33]     00:00:00:00:00:16    00:00:00:00:00:09 3    585  [19,13,3,2,10,33]     00:00:00:00:00:16    00:00:00:00:00:09 4    585  [19,13,4,1,9,33]     00:00:00:00:00:16    00:00:00:00:00:09 5    585  [19,13,4,1,10,33]     00:00:00:00:00:16    00:00:00:00:00:09 6    585  [19,13,4,2,9,33]     00:00:00:00:00:16    00:00:00:00:00:09 7    585  [19,13,4,2,10,33]     00:00:00:00:00:16    00:00:00:00:00:09 8    585  [19,14,3,1,9,33]     00:00:00:00:00:16    00:00:00:00:00:09 9    585  [19,14,3,1,10,33]     00:00:00:00:00:16    00:00:00:00:00:09 10    585  [19,14,3,2,9,33]     00:00:00:00:00:16    00:00:00:00:00:09 11    585  [19,14,3,2,10,33]     00:00:00:00:00:16    00:00:00:00:00:09 12    585  [19,14,4,1,9,33]     00:00:00:00:00:16    00:00:00:00:00:09 13    585  [19,14,4,1,10,33]     00:00:00:00:00:16    00:00:00:00:00:09 14    585  [19,14,4,2,9,33]     00:00:00:00:00:16    00:00:00:00:00:09 15    585  [19,14,4,2,10,33]  
# h00:00:00:00:00:16 -> h00:00:00:00:00:05
   00:00:00:00:00:16    00:00:00:00:00:05 0    585  [19,13,3,1,7,29]     00:00:00:00:00:16    00:00:00:00:00:05 1    585  [19,13,3,1,8,29]     00:00:00:00:00:16    00:00:00:00:00:05 2    585  [19,13,3,2,7,29]     00:00:00:00:00:16    00:00:00:00:00:05 3    585  [19,13,3,2,8,29]     00:00:00:00:00:16    00:00:00:00:00:05 4    585  [19,13,4,1,7,29]     00:00:00:00:00:16    00:00:00:00:00:05 5    585  [19,13,4,1,8,29]     00:00:00:00:00:16    00:00:00:00:00:05 6    585  [19,13,4,2,7,29]     00:00:00:00:00:16    00:00:00:00:00:05 7    585  [19,13,4,2,8,29]     00:00:00:00:00:16    00:00:00:00:00:05 8    585  [19,14,3,1,7,29]     00:00:00:00:00:16    00:00:00:00:00:05 9    585  [19,14,3,1,8,29]     00:00:00:00:00:16    00:00:00:00:00:05 10    585  [19,14,3,2,7,29]     00:00:00:00:00:16    00:00:00:00:00:05 11    585  [19,14,3,2,8,29]     00:00:00:00:00:16    00:00:00:00:00:05 12    585  [19,14,4,1,7,29]     00:00:00:00:00:16    00:00:00:00:00:05 13    585  [19,14,4,1,8,29]     00:00:00:00:00:16    00:00:00:00:00:05 14    585  [19,14,4,2,7,29]     00:00:00:00:00:16    00:00:00:00:00:05 15    585  [19,14,4,2,8,29]  
# h00:00:00:00:00:16 -> h00:00:00:00:00:08
   00:00:00:00:00:16    00:00:00:00:00:08 0    585  [19,13,3,1,7,32]     00:00:00:00:00:16    00:00:00:00:00:08 1    585  [19,13,3,1,8,32]     00:00:00:00:00:16    00:00:00:00:00:08 2    585  [19,13,3,2,7,32]     00:00:00:00:00:16    00:00:00:00:00:08 3    585  [19,13,3,2,8,32]     00:00:00:00:00:16    00:00:00:00:00:08 4    585  [19,13,4,1,7,32]     00:00:00:00:00:16    00:00:00:00:00:08 5    585  [19,13,4,1,8,32]     00:00:00:00:00:16    00:00:00:00:00:08 6    585  [19,13,4,2,7,32]     00:00:00:00:00:16    00:00:00:00:00:08 7    585  [19,13,4,2,8,32]     00:00:00:00:00:16    00:00:00:00:00:08 8    585  [19,14,3,1,7,32]     00:00:00:00:00:16    00:00:00:00:00:08 9    585  [19,14,3,1,8,32]     00:00:00:00:00:16    00:00:00:00:00:08 10    585  [19,14,3,2,7,32]     00:00:00:00:00:16    00:00:00:00:00:08 11    585  [19,14,3,2,8,32]     00:00:00:00:00:16    00:00:00:00:00:08 12    585  [19,14,4,1,7,32]     00:00:00:00:00:16    00:00:00:00:00:08 13    585  [19,14,4,1,8,32]     00:00:00:00:00:16    00:00:00:00:00:08 14    585  [19,14,4,2,7,32]     00:00:00:00:00:16    00:00:00:00:00:08 15    585  [19,14,4,2,8,32]  
# h00:00:00:00:00:16 -> h00:00:00:00:00:04
   00:00:00:00:00:16    00:00:00:00:00:04 0    585  [19,13,3,1,5,28]     00:00:00:00:00:16    00:00:00:00:00:04 1    585  [19,13,3,1,6,28]     00:00:00:00:00:16    00:00:00:00:00:04 2    585  [19,13,3,2,5,28]     00:00:00:00:00:16    00:00:00:00:00:04 3    585  [19,13,3,2,6,28]     00:00:00:00:00:16    00:00:00:00:00:04 4    585  [19,13,4,1,5,28]     00:00:00:00:00:16    00:00:00:00:00:04 5    585  [19,13,4,1,6,28]     00:00:00:00:00:16    00:00:00:00:00:04 6    585  [19,13,4,2,5,28]     00:00:00:00:00:16    00:00:00:00:00:04 7    585  [19,13,4,2,6,28]     00:00:00:00:00:16    00:00:00:00:00:04 8    585  [19,14,3,1,5,28]     00:00:00:00:00:16    00:00:00:00:00:04 9    585  [19,14,3,1,6,28]     00:00:00:00:00:16    00:00:00:00:00:04 10    585  [19,14,3,2,5,28]     00:00:00:00:00:16    00:00:00:00:00:04 11    585  [19,14,3,2,6,28]     00:00:00:00:00:16    00:00:00:00:00:04 12    585  [19,14,4,1,5,28]     00:00:00:00:00:16    00:00:00:00:00:04 13    585  [19,14,4,1,6,28]     00:00:00:00:00:16    00:00:00:00:00:04 14    585  [19,14,4,2,5,28]     00:00:00:00:00:16    00:00:00:00:00:04 15    585  [19,14,4,2,6,28]  
# h00:00:00:00:00:16 -> h00:00:00:00:00:1a
   00:00:00:00:00:16    00:00:00:00:00:1a 0    439  [19,13,3,15,23]     00:00:00:00:00:16    00:00:00:00:00:1a 1    439  [19,13,3,16,23]     00:00:00:00:00:16    00:00:00:00:00:1a 2    439  [19,13,4,15,23]     00:00:00:00:00:16    00:00:00:00:00:1a 3    439  [19,13,4,16,23]     00:00:00:00:00:16    00:00:00:00:00:1a 4    439  [19,14,3,15,23]     00:00:00:00:00:16    00:00:00:00:00:1a 5    439  [19,14,3,16,23]     00:00:00:00:00:16    00:00:00:00:00:1a 6    439  [19,14,4,15,23]     00:00:00:00:00:16    00:00:00:00:00:1a 7    439  [19,14,4,16,23]     00:00:00:00:00:16    00:00:00:00:00:1a 8    585  [19,13,3,4,15,23]     00:00:00:00:00:16    00:00:00:00:00:1a 9    585  [19,13,3,4,16,23]     00:00:00:00:00:16    00:00:00:00:00:1a 10    585  [19,13,4,3,15,23]     00:00:00:00:00:16    00:00:00:00:00:1a 11    585  [19,13,4,3,16,23]     00:00:00:00:00:16    00:00:00:00:00:1a 12    585  [19,14,3,4,15,23]     00:00:00:00:00:16    00:00:00:00:00:1a 13    585  [19,14,3,4,16,23]     00:00:00:00:00:16    00:00:00:00:00:1a 14    585  [19,14,4,3,15,23]     00:00:00:00:00:16    00:00:00:00:00:1a 15    585  [19,14,4,3,16,23]  
# h00:00:00:00:00:16 -> h00:00:00:00:00:10
   00:00:00:00:00:16    00:00:00:00:00:10 0    585  [19,13,3,1,11,40]     00:00:00:00:00:16    00:00:00:00:00:10 1    585  [19,13,3,1,12,40]     00:00:00:00:00:16    00:00:00:00:00:10 2    585  [19,13,3,2,11,40]     00:00:00:00:00:16    00:00:00:00:00:10 3    585  [19,13,3,2,12,40]     00:00:00:00:00:16    00:00:00:00:00:10 4    585  [19,13,4,1,11,40]     00:00:00:00:00:16    00:00:00:00:00:10 5    585  [19,13,4,1,12,40]     00:00:00:00:00:16    00:00:00:00:00:10 6    585  [19,13,4,2,11,40]     00:00:00:00:00:16    00:00:00:00:00:10 7    585  [19,13,4,2,12,40]     00:00:00:00:00:16    00:00:00:00:00:10 8    585  [19,14,3,1,11,40]     00:00:00:00:00:16    00:00:00:00:00:10 9    585  [19,14,3,1,12,40]     00:00:00:00:00:16    00:00:00:00:00:10 10    585  [19,14,3,2,11,40]     00:00:00:00:00:16    00:00:00:00:00:10 11    585  [19,14,3,2,12,40]     00:00:00:00:00:16    00:00:00:00:00:10 12    585  [19,14,4,1,11,40]     00:00:00:00:00:16    00:00:00:00:00:10 13    585  [19,14,4,1,12,40]     00:00:00:00:00:16    00:00:00:00:00:10 14    585  [19,14,4,2,11,40]     00:00:00:00:00:16    00:00:00:00:00:10 15    585  [19,14,4,2,12,40]  
# h00:00:00:00:00:16 -> h00:00:00:00:00:18
   00:00:00:00:00:16    00:00:00:00:00:18 0    146  [19,13,21]     00:00:00:00:00:16    00:00:00:00:00:18 1    146  [19,14,21]     00:00:00:00:00:16    00:00:00:00:00:18 2    439  [19,13,3,14,21]     00:00:00:00:00:16    00:00:00:00:00:18 3    439  [19,13,4,14,21]     00:00:00:00:00:16    00:00:00:00:00:18 4    439  [19,13,20,14,21]     00:00:00:00:00:16    00:00:00:00:00:18 5    439  [19,14,3,13,21]     00:00:00:00:00:16    00:00:00:00:00:18 6    439  [19,14,4,13,21]     00:00:00:00:00:16    00:00:00:00:00:18 7    439  [19,14,20,13,21]     00:00:00:00:00:16    00:00:00:00:00:18 8    585  [19,13,3,4,14,21]     00:00:00:00:00:16    00:00:00:00:00:18 9    585  [19,13,4,3,14,21]     00:00:00:00:00:16    00:00:00:00:00:18 10    585  [19,14,3,4,13,21]     00:00:00:00:00:16    00:00:00:00:00:18 11    585  [19,14,4,3,13,21]     00:00:00:00:00:16    00:00:00:00:00:18 12    731  [19,13,3,1,4,14,21]     00:00:00:00:00:16    00:00:00:00:00:18 13    731  [19,13,3,2,4,14,21]     00:00:00:00:00:16    00:00:00:00:00:18 14    731  [19,13,3,15,4,14,21]     00:00:00:00:00:16    00:00:00:00:00:18 15    731  [19,13,3,16,4,14,21]  
# h00:00:00:00:00:16 -> h00:00:00:00:00:19
   00:00:00:00:00:16    00:00:00:00:00:19 0    439  [19,13,3,15,22]     00:00:00:00:00:16    00:00:00:00:00:19 1    439  [19,13,3,16,22]     00:00:00:00:00:16    00:00:00:00:00:19 2    439  [19,13,4,15,22]     00:00:00:00:00:16    00:00:00:00:00:19 3    439  [19,13,4,16,22]     00:00:00:00:00:16    00:00:00:00:00:19 4    439  [19,14,3,15,22]     00:00:00:00:00:16    00:00:00:00:00:19 5    439  [19,14,3,16,22]     00:00:00:00:00:16    00:00:00:00:00:19 6    439  [19,14,4,15,22]     00:00:00:00:00:16    00:00:00:00:00:19 7    439  [19,14,4,16,22]     00:00:00:00:00:16    00:00:00:00:00:19 8    585  [19,13,3,4,15,22]     00:00:00:00:00:16    00:00:00:00:00:19 9    585  [19,13,3,4,16,22]     00:00:00:00:00:16    00:00:00:00:00:19 10    585  [19,13,4,3,15,22]     00:00:00:00:00:16    00:00:00:00:00:19 11    585  [19,13,4,3,16,22]     00:00:00:00:00:16    00:00:00:00:00:19 12    585  [19,14,3,4,15,22]     00:00:00:00:00:16    00:00:00:00:00:19 13    585  [19,14,3,4,16,22]     00:00:00:00:00:16    00:00:00:00:00:19 14    585  [19,14,4,3,15,22]     00:00:00:00:00:16    00:00:00:00:00:19 15    585  [19,14,4,3,16,22]  
# h00:00:00:00:00:16 -> h00:00:00:00:00:0e
   00:00:00:00:00:16    00:00:00:00:00:0e 0    585  [19,13,3,1,11,38]     00:00:00:00:00:16    00:00:00:00:00:0e 1    585  [19,13,3,1,12,38]     00:00:00:00:00:16    00:00:00:00:00:0e 2    585  [19,13,3,2,11,38]     00:00:00:00:00:16    00:00:00:00:00:0e 3    585  [19,13,3,2,12,38]     00:00:00:00:00:16    00:00:00:00:00:0e 4    585  [19,13,4,1,11,38]     00:00:00:00:00:16    00:00:00:00:00:0e 5    585  [19,13,4,1,12,38]     00:00:00:00:00:16    00:00:00:00:00:0e 6    585  [19,13,4,2,11,38]     00:00:00:00:00:16    00:00:00:00:00:0e 7    585  [19,13,4,2,12,38]     00:00:00:00:00:16    00:00:00:00:00:0e 8    585  [19,14,3,1,11,38]     00:00:00:00:00:16    00:00:00:00:00:0e 9    585  [19,14,3,1,12,38]     00:00:00:00:00:16    00:00:00:00:00:0e 10    585  [19,14,3,2,11,38]     00:00:00:00:00:16    00:00:00:00:00:0e 11    585  [19,14,3,2,12,38]     00:00:00:00:00:16    00:00:00:00:00:0e 12    585  [19,14,4,1,11,38]     00:00:00:00:00:16    00:00:00:00:00:0e 13    585  [19,14,4,1,12,38]     00:00:00:00:00:16    00:00:00:00:00:0e 14    585  [19,14,4,2,11,38]     00:00:00:00:00:16    00:00:00:00:00:0e 15    585  [19,14,4,2,12,38]  
# h00:00:00:00:00:16 -> h00:00:00:00:00:01
   00:00:00:00:00:16    00:00:00:00:00:01 0    585  [19,13,3,1,5,25]     00:00:00:00:00:16    00:00:00:00:00:01 1    585  [19,13,3,1,6,25]     00:00:00:00:00:16    00:00:00:00:00:01 2    585  [19,13,3,2,5,25]     00:00:00:00:00:16    00:00:00:00:00:01 3    585  [19,13,3,2,6,25]     00:00:00:00:00:16    00:00:00:00:00:01 4    585  [19,13,4,1,5,25]     00:00:00:00:00:16    00:00:00:00:00:01 5    585  [19,13,4,1,6,25]     00:00:00:00:00:16    00:00:00:00:00:01 6    585  [19,13,4,2,5,25]     00:00:00:00:00:16    00:00:00:00:00:01 7    585  [19,13,4,2,6,25]     00:00:00:00:00:16    00:00:00:00:00:01 8    585  [19,14,3,1,5,25]     00:00:00:00:00:16    00:00:00:00:00:01 9    585  [19,14,3,1,6,25]     00:00:00:00:00:16    00:00:00:00:00:01 10    585  [19,14,3,2,5,25]     00:00:00:00:00:16    00:00:00:00:00:01 11    585  [19,14,3,2,6,25]     00:00:00:00:00:16    00:00:00:00:00:01 12    585  [19,14,4,1,5,25]     00:00:00:00:00:16    00:00:00:00:00:01 13    585  [19,14,4,1,6,25]     00:00:00:00:00:16    00:00:00:00:00:01 14    585  [19,14,4,2,5,25]     00:00:00:00:00:16    00:00:00:00:00:01 15    585  [19,14,4,2,6,25]  
# h00:00:00:00:00:16 -> h00:00:00:00:00:14
   00:00:00:00:00:16    00:00:00:00:00:14 0    439  [19,13,3,17,44]     00:00:00:00:00:16    00:00:00:00:00:14 1    439  [19,13,3,18,44]     00:00:00:00:00:16    00:00:00:00:00:14 2    439  [19,13,4,17,44]     00:00:00:00:00:16    00:00:00:00:00:14 3    439  [19,13,4,18,44]     00:00:00:00:00:16    00:00:00:00:00:14 4    439  [19,14,3,17,44]     00:00:00:00:00:16    00:00:00:00:00:14 5    439  [19,14,3,18,44]     00:00:00:00:00:16    00:00:00:00:00:14 6    439  [19,14,4,17,44]     00:00:00:00:00:16    00:00:00:00:00:14 7    439  [19,14,4,18,44]     00:00:00:00:00:16    00:00:00:00:00:14 8    585  [19,13,3,4,17,44]     00:00:00:00:00:16    00:00:00:00:00:14 9    585  [19,13,3,4,18,44]     00:00:00:00:00:16    00:00:00:00:00:14 10    585  [19,13,4,3,17,44]     00:00:00:00:00:16    00:00:00:00:00:14 11    585  [19,13,4,3,18,44]     00:00:00:00:00:16    00:00:00:00:00:14 12    585  [19,14,3,4,17,44]     00:00:00:00:00:16    00:00:00:00:00:14 13    585  [19,14,3,4,18,44]     00:00:00:00:00:16    00:00:00:00:00:14 14    585  [19,14,4,3,17,44]     00:00:00:00:00:16    00:00:00:00:00:14 15    585  [19,14,4,3,18,44]  
# h00:00:00:00:00:16 -> h00:00:00:00:00:0b
   00:00:00:00:00:16    00:00:00:00:00:0b 0    585  [19,13,3,1,9,35]     00:00:00:00:00:16    00:00:00:00:00:0b 1    585  [19,13,3,1,10,35]     00:00:00:00:00:16    00:00:00:00:00:0b 2    585  [19,13,3,2,9,35]     00:00:00:00:00:16    00:00:00:00:00:0b 3    585  [19,13,3,2,10,35]     00:00:00:00:00:16    00:00:00:00:00:0b 4    585  [19,13,4,1,9,35]     00:00:00:00:00:16    00:00:00:00:00:0b 5    585  [19,13,4,1,10,35]     00:00:00:00:00:16    00:00:00:00:00:0b 6    585  [19,13,4,2,9,35]     00:00:00:00:00:16    00:00:00:00:00:0b 7    585  [19,13,4,2,10,35]     00:00:00:00:00:16    00:00:00:00:00:0b 8    585  [19,14,3,1,9,35]     00:00:00:00:00:16    00:00:00:00:00:0b 9    585  [19,14,3,1,10,35]     00:00:00:00:00:16    00:00:00:00:00:0b 10    585  [19,14,3,2,9,35]     00:00:00:00:00:16    00:00:00:00:00:0b 11    585  [19,14,3,2,10,35]     00:00:00:00:00:16    00:00:00:00:00:0b 12    585  [19,14,4,1,9,35]     00:00:00:00:00:16    00:00:00:00:00:0b 13    585  [19,14,4,1,10,35]     00:00:00:00:00:16    00:00:00:00:00:0b 14    585  [19,14,4,2,9,35]     00:00:00:00:00:16    00:00:00:00:00:0b 15    585  [19,14,4,2,10,35]  
# h00:00:00:00:00:16 -> h00:00:00:00:00:0a
   00:00:00:00:00:16    00:00:00:00:00:0a 0    585  [19,13,3,1,9,34]     00:00:00:00:00:16    00:00:00:00:00:0a 1    585  [19,13,3,1,10,34]     00:00:00:00:00:16    00:00:00:00:00:0a 2    585  [19,13,3,2,9,34]     00:00:00:00:00:16    00:00:00:00:00:0a 3    585  [19,13,3,2,10,34]     00:00:00:00:00:16    00:00:00:00:00:0a 4    585  [19,13,4,1,9,34]     00:00:00:00:00:16    00:00:00:00:00:0a 5    585  [19,13,4,1,10,34]     00:00:00:00:00:16    00:00:00:00:00:0a 6    585  [19,13,4,2,9,34]     00:00:00:00:00:16    00:00:00:00:00:0a 7    585  [19,13,4,2,10,34]     00:00:00:00:00:16    00:00:00:00:00:0a 8    585  [19,14,3,1,9,34]     00:00:00:00:00:16    00:00:00:00:00:0a 9    585  [19,14,3,1,10,34]     00:00:00:00:00:16    00:00:00:00:00:0a 10    585  [19,14,3,2,9,34]     00:00:00:00:00:16    00:00:00:00:00:0a 11    585  [19,14,3,2,10,34]     00:00:00:00:00:16    00:00:00:00:00:0a 12    585  [19,14,4,1,9,34]     00:00:00:00:00:16    00:00:00:00:00:0a 13    585  [19,14,4,1,10,34]     00:00:00:00:00:16    00:00:00:00:00:0a 14    585  [19,14,4,2,9,34]     00:00:00:00:00:16    00:00:00:00:00:0a 15    585  [19,14,4,2,10,34]  
# h00:00:00:00:00:16 -> h00:00:00:00:00:0c
   00:00:00:00:00:16    00:00:00:00:00:0c 0    585  [19,13,3,1,9,36]     00:00:00:00:00:16    00:00:00:00:00:0c 1    585  [19,13,3,1,10,36]     00:00:00:00:00:16    00:00:00:00:00:0c 2    585  [19,13,3,2,9,36]     00:00:00:00:00:16    00:00:00:00:00:0c 3    585  [19,13,3,2,10,36]     00:00:00:00:00:16    00:00:00:00:00:0c 4    585  [19,13,4,1,9,36]     00:00:00:00:00:16    00:00:00:00:00:0c 5    585  [19,13,4,1,10,36]     00:00:00:00:00:16    00:00:00:00:00:0c 6    585  [19,13,4,2,9,36]     00:00:00:00:00:16    00:00:00:00:00:0c 7    585  [19,13,4,2,10,36]     00:00:00:00:00:16    00:00:00:00:00:0c 8    585  [19,14,3,1,9,36]     00:00:00:00:00:16    00:00:00:00:00:0c 9    585  [19,14,3,1,10,36]     00:00:00:00:00:16    00:00:00:00:00:0c 10    585  [19,14,3,2,9,36]     00:00:00:00:00:16    00:00:00:00:00:0c 11    585  [19,14,3,2,10,36]     00:00:00:00:00:16    00:00:00:00:00:0c 12    585  [19,14,4,1,9,36]     00:00:00:00:00:16    00:00:00:00:00:0c 13    585  [19,14,4,1,10,36]     00:00:00:00:00:16    00:00:00:00:00:0c 14    585  [19,14,4,2,9,36]     00:00:00:00:00:16    00:00:00:00:00:0c 15    585  [19,14,4,2,10,36]  
# h00:00:00:00:00:16 -> h00:00:00:00:00:0d
   00:00:00:00:00:16    00:00:00:00:00:0d 0    585  [19,13,3,1,11,37]     00:00:00:00:00:16    00:00:00:00:00:0d 1    585  [19,13,3,1,12,37]     00:00:00:00:00:16    00:00:00:00:00:0d 2    585  [19,13,3,2,11,37]     00:00:00:00:00:16    00:00:00:00:00:0d 3    585  [19,13,3,2,12,37]     00:00:00:00:00:16    00:00:00:00:00:0d 4    585  [19,13,4,1,11,37]     00:00:00:00:00:16    00:00:00:00:00:0d 5    585  [19,13,4,1,12,37]     00:00:00:00:00:16    00:00:00:00:00:0d 6    585  [19,13,4,2,11,37]     00:00:00:00:00:16    00:00:00:00:00:0d 7    585  [19,13,4,2,12,37]     00:00:00:00:00:16    00:00:00:00:00:0d 8    585  [19,14,3,1,11,37]     00:00:00:00:00:16    00:00:00:00:00:0d 9    585  [19,14,3,1,12,37]     00:00:00:00:00:16    00:00:00:00:00:0d 10    585  [19,14,3,2,11,37]     00:00:00:00:00:16    00:00:00:00:00:0d 11    585  [19,14,3,2,12,37]     00:00:00:00:00:16    00:00:00:00:00:0d 12    585  [19,14,4,1,11,37]     00:00:00:00:00:16    00:00:00:00:00:0d 13    585  [19,14,4,1,12,37]     00:00:00:00:00:16    00:00:00:00:00:0d 14    585  [19,14,4,2,11,37]     00:00:00:00:00:16    00:00:00:00:00:0d 15    585  [19,14,4,2,12,37]  
# h00:00:00:00:00:16 -> h00:00:00:00:00:03
   00:00:00:00:00:16    00:00:00:00:00:03 0    585  [19,13,3,1,5,27]     00:00:00:00:00:16    00:00:00:00:00:03 1    585  [19,13,3,1,6,27]     00:00:00:00:00:16    00:00:00:00:00:03 2    585  [19,13,3,2,5,27]     00:00:00:00:00:16    00:00:00:00:00:03 3    585  [19,13,3,2,6,27]     00:00:00:00:00:16    00:00:00:00:00:03 4    585  [19,13,4,1,5,27]     00:00:00:00:00:16    00:00:00:00:00:03 5    585  [19,13,4,1,6,27]     00:00:00:00:00:16    00:00:00:00:00:03 6    585  [19,13,4,2,5,27]     00:00:00:00:00:16    00:00:00:00:00:03 7    585  [19,13,4,2,6,27]     00:00:00:00:00:16    00:00:00:00:00:03 8    585  [19,14,3,1,5,27]     00:00:00:00:00:16    00:00:00:00:00:03 9    585  [19,14,3,1,6,27]     00:00:00:00:00:16    00:00:00:00:00:03 10    585  [19,14,3,2,5,27]     00:00:00:00:00:16    00:00:00:00:00:03 11    585  [19,14,3,2,6,27]     00:00:00:00:00:16    00:00:00:00:00:03 12    585  [19,14,4,1,5,27]     00:00:00:00:00:16    00:00:00:00:00:03 13    585  [19,14,4,1,6,27]     00:00:00:00:00:16    00:00:00:00:00:03 14    585  [19,14,4,2,5,27]     00:00:00:00:00:16    00:00:00:00:00:03 15    585  [19,14,4,2,6,27]  
# h00:00:00:00:00:16 -> h00:00:00:00:00:11
   00:00:00:00:00:16    00:00:00:00:00:11 0    439  [19,13,3,17,41]     00:00:00:00:00:16    00:00:00:00:00:11 1    439  [19,13,3,18,41]     00:00:00:00:00:16    00:00:00:00:00:11 2    439  [19,13,4,17,41]     00:00:00:00:00:16    00:00:00:00:00:11 3    439  [19,13,4,18,41]     00:00:00:00:00:16    00:00:00:00:00:11 4    439  [19,14,3,17,41]     00:00:00:00:00:16    00:00:00:00:00:11 5    439  [19,14,3,18,41]     00:00:00:00:00:16    00:00:00:00:00:11 6    439  [19,14,4,17,41]     00:00:00:00:00:16    00:00:00:00:00:11 7    439  [19,14,4,18,41]     00:00:00:00:00:16    00:00:00:00:00:11 8    585  [19,13,3,4,17,41]     00:00:00:00:00:16    00:00:00:00:00:11 9    585  [19,13,3,4,18,41]     00:00:00:00:00:16    00:00:00:00:00:11 10    585  [19,13,4,3,17,41]     00:00:00:00:00:16    00:00:00:00:00:11 11    585  [19,13,4,3,18,41]     00:00:00:00:00:16    00:00:00:00:00:11 12    585  [19,14,3,4,17,41]     00:00:00:00:00:16    00:00:00:00:00:11 13    585  [19,14,3,4,18,41]     00:00:00:00:00:16    00:00:00:00:00:11 14    585  [19,14,4,3,17,41]     00:00:00:00:00:16    00:00:00:00:00:11 15    585  [19,14,4,3,18,41]  
# h00:00:00:00:00:16 -> h00:00:00:00:00:02
   00:00:00:00:00:16    00:00:00:00:00:02 0    585  [19,13,3,1,5,26]     00:00:00:00:00:16    00:00:00:00:00:02 1    585  [19,13,3,1,6,26]     00:00:00:00:00:16    00:00:00:00:00:02 2    585  [19,13,3,2,5,26]     00:00:00:00:00:16    00:00:00:00:00:02 3    585  [19,13,3,2,6,26]     00:00:00:00:00:16    00:00:00:00:00:02 4    585  [19,13,4,1,5,26]     00:00:00:00:00:16    00:00:00:00:00:02 5    585  [19,13,4,1,6,26]     00:00:00:00:00:16    00:00:00:00:00:02 6    585  [19,13,4,2,5,26]     00:00:00:00:00:16    00:00:00:00:00:02 7    585  [19,13,4,2,6,26]     00:00:00:00:00:16    00:00:00:00:00:02 8    585  [19,14,3,1,5,26]     00:00:00:00:00:16    00:00:00:00:00:02 9    585  [19,14,3,1,6,26]     00:00:00:00:00:16    00:00:00:00:00:02 10    585  [19,14,3,2,5,26]     00:00:00:00:00:16    00:00:00:00:00:02 11    585  [19,14,3,2,6,26]     00:00:00:00:00:16    00:00:00:00:00:02 12    585  [19,14,4,1,5,26]     00:00:00:00:00:16    00:00:00:00:00:02 13    585  [19,14,4,1,6,26]     00:00:00:00:00:16    00:00:00:00:00:02 14    585  [19,14,4,2,5,26]     00:00:00:00:00:16    00:00:00:00:00:02 15    585  [19,14,4,2,6,26]  
# h00:00:00:00:00:16 -> h00:00:00:00:00:0f
   00:00:00:00:00:16    00:00:00:00:00:0f 0    585  [19,13,3,1,11,39]     00:00:00:00:00:16    00:00:00:00:00:0f 1    585  [19,13,3,1,12,39]     00:00:00:00:00:16    00:00:00:00:00:0f 2    585  [19,13,3,2,11,39]     00:00:00:00:00:16    00:00:00:00:00:0f 3    585  [19,13,3,2,12,39]     00:00:00:00:00:16    00:00:00:00:00:0f 4    585  [19,13,4,1,11,39]     00:00:00:00:00:16    00:00:00:00:00:0f 5    585  [19,13,4,1,12,39]     00:00:00:00:00:16    00:00:00:00:00:0f 6    585  [19,13,4,2,11,39]     00:00:00:00:00:16    00:00:00:00:00:0f 7    585  [19,13,4,2,12,39]     00:00:00:00:00:16    00:00:00:00:00:0f 8    585  [19,14,3,1,11,39]     00:00:00:00:00:16    00:00:00:00:00:0f 9    585  [19,14,3,1,12,39]     00:00:00:00:00:16    00:00:00:00:00:0f 10    585  [19,14,3,2,11,39]     00:00:00:00:00:16    00:00:00:00:00:0f 11    585  [19,14,3,2,12,39]     00:00:00:00:00:16    00:00:00:00:00:0f 12    585  [19,14,4,1,11,39]     00:00:00:00:00:16    00:00:00:00:00:0f 13    585  [19,14,4,1,12,39]     00:00:00:00:00:16    00:00:00:00:00:0f 14    585  [19,14,4,2,11,39]     00:00:00:00:00:16    00:00:00:00:00:0f 15    585  [19,14,4,2,12,39]  
# h00:00:00:00:00:16 -> h00:00:00:00:00:12
   00:00:00:00:00:16    00:00:00:00:00:12 0    439  [19,13,3,17,42]     00:00:00:00:00:16    00:00:00:00:00:12 1    439  [19,13,3,18,42]     00:00:00:00:00:16    00:00:00:00:00:12 2    439  [19,13,4,17,42]     00:00:00:00:00:16    00:00:00:00:00:12 3    439  [19,13,4,18,42]     00:00:00:00:00:16    00:00:00:00:00:12 4    439  [19,14,3,17,42]     00:00:00:00:00:16    00:00:00:00:00:12 5    439  [19,14,3,18,42]     00:00:00:00:00:16    00:00:00:00:00:12 6    439  [19,14,4,17,42]     00:00:00:00:00:16    00:00:00:00:00:12 7    439  [19,14,4,18,42]     00:00:00:00:00:16    00:00:00:00:00:12 8    585  [19,13,3,4,17,42]     00:00:00:00:00:16    00:00:00:00:00:12 9    585  [19,13,3,4,18,42]     00:00:00:00:00:16    00:00:00:00:00:12 10    585  [19,13,4,3,17,42]     00:00:00:00:00:16    00:00:00:00:00:12 11    585  [19,13,4,3,18,42]     00:00:00:00:00:16    00:00:00:00:00:12 12    585  [19,14,3,4,17,42]     00:00:00:00:00:16    00:00:00:00:00:12 13    585  [19,14,3,4,18,42]     00:00:00:00:00:16    00:00:00:00:00:12 14    585  [19,14,4,3,17,42]     00:00:00:00:00:16    00:00:00:00:00:12 15    585  [19,14,4,3,18,42]  
# h00:00:00:00:00:16 -> h00:00:00:00:00:15
   00:00:00:00:00:16    00:00:00:00:00:15 0    439  [19,13,3,17,45]     00:00:00:00:00:16    00:00:00:00:00:15 1    439  [19,13,3,18,45]     00:00:00:00:00:16    00:00:00:00:00:15 2    439  [19,13,4,17,45]     00:00:00:00:00:16    00:00:00:00:00:15 3    439  [19,13,4,18,45]     00:00:00:00:00:16    00:00:00:00:00:15 4    439  [19,14,3,17,45]     00:00:00:00:00:16    00:00:00:00:00:15 5    439  [19,14,3,18,45]     00:00:00:00:00:16    00:00:00:00:00:15 6    439  [19,14,4,17,45]     00:00:00:00:00:16    00:00:00:00:00:15 7    439  [19,14,4,18,45]     00:00:00:00:00:16    00:00:00:00:00:15 8    585  [19,13,3,4,17,45]     00:00:00:00:00:16    00:00:00:00:00:15 9    585  [19,13,3,4,18,45]     00:00:00:00:00:16    00:00:00:00:00:15 10    585  [19,13,4,3,17,45]     00:00:00:00:00:16    00:00:00:00:00:15 11    585  [19,13,4,3,18,45]     00:00:00:00:00:16    00:00:00:00:00:15 12    585  [19,14,3,4,17,45]     00:00:00:00:00:16    00:00:00:00:00:15 13    585  [19,14,3,4,18,45]     00:00:00:00:00:16    00:00:00:00:00:15 14    585  [19,14,4,3,17,45]     00:00:00:00:00:16    00:00:00:00:00:15 15    585  [19,14,4,3,18,45]  
# h00:00:00:00:00:16 -> h00:00:00:00:00:13
   00:00:00:00:00:16    00:00:00:00:00:13 0    439  [19,13,3,17,43]     00:00:00:00:00:16    00:00:00:00:00:13 1    439  [19,13,3,18,43]     00:00:00:00:00:16    00:00:00:00:00:13 2    439  [19,13,4,17,43]     00:00:00:00:00:16    00:00:00:00:00:13 3    439  [19,13,4,18,43]     00:00:00:00:00:16    00:00:00:00:00:13 4    439  [19,14,3,17,43]     00:00:00:00:00:16    00:00:00:00:00:13 5    439  [19,14,3,18,43]     00:00:00:00:00:16    00:00:00:00:00:13 6    439  [19,14,4,17,43]     00:00:00:00:00:16    00:00:00:00:00:13 7    439  [19,14,4,18,43]     00:00:00:00:00:16    00:00:00:00:00:13 8    585  [19,13,3,4,17,43]     00:00:00:00:00:16    00:00:00:00:00:13 9    585  [19,13,3,4,18,43]     00:00:00:00:00:16    00:00:00:00:00:13 10    585  [19,13,4,3,17,43]     00:00:00:00:00:16    00:00:00:00:00:13 11    585  [19,13,4,3,18,43]     00:00:00:00:00:16    00:00:00:00:00:13 12    585  [19,14,3,4,17,43]     00:00:00:00:00:16    00:00:00:00:00:13 13    585  [19,14,3,4,18,43]     00:00:00:00:00:16    00:00:00:00:00:13 14    585  [19,14,4,3,17,43]     00:00:00:00:00:16    00:00:00:00:00:13 15    585  [19,14,4,3,18,43]  
# h00:00:00:00:00:06 -> h00:00:00:00:00:16
   00:00:00:00:00:06    00:00:00:00:00:16 0    585  [30,7,1,3,13,19]     00:00:00:00:00:06    00:00:00:00:00:16 1    585  [30,7,1,3,14,19]     00:00:00:00:00:06    00:00:00:00:00:16 2    585  [30,7,1,4,13,19]     00:00:00:00:00:06    00:00:00:00:00:16 3    585  [30,7,1,4,14,19]     00:00:00:00:00:06    00:00:00:00:00:16 4    585  [30,7,2,3,13,19]     00:00:00:00:00:06    00:00:00:00:00:16 5    585  [30,7,2,3,14,19]     00:00:00:00:00:06    00:00:00:00:00:16 6    585  [30,7,2,4,13,19]     00:00:00:00:00:06    00:00:00:00:00:16 7    585  [30,7,2,4,14,19]     00:00:00:00:00:06    00:00:00:00:00:16 8    585  [30,8,1,3,13,19]     00:00:00:00:00:06    00:00:00:00:00:16 9    585  [30,8,1,3,14,19]     00:00:00:00:00:06    00:00:00:00:00:16 10    585  [30,8,1,4,13,19]     00:00:00:00:00:06    00:00:00:00:00:16 11    585  [30,8,1,4,14,19]     00:00:00:00:00:06    00:00:00:00:00:16 12    585  [30,8,2,3,13,19]     00:00:00:00:00:06    00:00:00:00:00:16 13    585  [30,8,2,3,14,19]     00:00:00:00:00:06    00:00:00:00:00:16 14    585  [30,8,2,4,13,19]     00:00:00:00:00:06    00:00:00:00:00:16 15    585  [30,8,2,4,14,19]  
# h00:00:00:00:00:06 -> h00:00:00:00:00:07
   00:00:00:00:00:06    00:00:00:00:00:07 0    146  [30,7,31]     00:00:00:00:00:06    00:00:00:00:00:07 1    146  [30,8,31]     00:00:00:00:00:06    00:00:00:00:00:07 2    439  [30,7,1,8,31]     00:00:00:00:00:06    00:00:00:00:00:07 3    439  [30,7,2,8,31]     00:00:00:00:00:06    00:00:00:00:00:07 4    439  [30,7,29,8,31]     00:00:00:00:00:06    00:00:00:00:00:07 5    439  [30,7,32,8,31]     00:00:00:00:00:06    00:00:00:00:00:07 6    439  [30,8,1,7,31]     00:00:00:00:00:06    00:00:00:00:00:07 7    439  [30,8,2,7,31]     00:00:00:00:00:06    00:00:00:00:00:07 8    439  [30,8,29,7,31]     00:00:00:00:00:06    00:00:00:00:00:07 9    439  [30,8,32,7,31]     00:00:00:00:00:06    00:00:00:00:00:07 10    585  [30,7,1,2,8,31]     00:00:00:00:00:06    00:00:00:00:00:07 11    585  [30,7,2,1,8,31]     00:00:00:00:00:06    00:00:00:00:00:07 12    585  [30,8,1,2,7,31]     00:00:00:00:00:06    00:00:00:00:00:07 13    585  [30,8,2,1,7,31]     00:00:00:00:00:06    00:00:00:00:00:07 14    731  [30,7,1,3,2,8,31]     00:00:00:00:00:06    00:00:00:00:00:07 15    731  [30,7,1,4,2,8,31]  
# h00:00:00:00:00:06 -> h00:00:00:00:00:1b
   00:00:00:00:00:06    00:00:00:00:00:1b 0    585  [30,7,1,3,15,24]     00:00:00:00:00:06    00:00:00:00:00:1b 1    585  [30,7,1,3,16,24]     00:00:00:00:00:06    00:00:00:00:00:1b 2    585  [30,7,1,4,15,24]     00:00:00:00:00:06    00:00:00:00:00:1b 3    585  [30,7,1,4,16,24]     00:00:00:00:00:06    00:00:00:00:00:1b 4    585  [30,7,2,3,15,24]     00:00:00:00:00:06    00:00:00:00:00:1b 5    585  [30,7,2,3,16,24]     00:00:00:00:00:06    00:00:00:00:00:1b 6    585  [30,7,2,4,15,24]     00:00:00:00:00:06    00:00:00:00:00:1b 7    585  [30,7,2,4,16,24]     00:00:00:00:00:06    00:00:00:00:00:1b 8    585  [30,8,1,3,15,24]     00:00:00:00:00:06    00:00:00:00:00:1b 9    585  [30,8,1,3,16,24]     00:00:00:00:00:06    00:00:00:00:00:1b 10    585  [30,8,1,4,15,24]     00:00:00:00:00:06    00:00:00:00:00:1b 11    585  [30,8,1,4,16,24]     00:00:00:00:00:06    00:00:00:00:00:1b 12    585  [30,8,2,3,15,24]     00:00:00:00:00:06    00:00:00:00:00:1b 13    585  [30,8,2,3,16,24]     00:00:00:00:00:06    00:00:00:00:00:1b 14    585  [30,8,2,4,15,24]     00:00:00:00:00:06    00:00:00:00:00:1b 15    585  [30,8,2,4,16,24]  
# h00:00:00:00:00:06 -> h00:00:00:00:00:17
   00:00:00:00:00:06    00:00:00:00:00:17 0    585  [30,7,1,3,13,20]     00:00:00:00:00:06    00:00:00:00:00:17 1    585  [30,7,1,3,14,20]     00:00:00:00:00:06    00:00:00:00:00:17 2    585  [30,7,1,4,13,20]     00:00:00:00:00:06    00:00:00:00:00:17 3    585  [30,7,1,4,14,20]     00:00:00:00:00:06    00:00:00:00:00:17 4    585  [30,7,2,3,13,20]     00:00:00:00:00:06    00:00:00:00:00:17 5    585  [30,7,2,3,14,20]     00:00:00:00:00:06    00:00:00:00:00:17 6    585  [30,7,2,4,13,20]     00:00:00:00:00:06    00:00:00:00:00:17 7    585  [30,7,2,4,14,20]     00:00:00:00:00:06    00:00:00:00:00:17 8    585  [30,8,1,3,13,20]     00:00:00:00:00:06    00:00:00:00:00:17 9    585  [30,8,1,3,14,20]     00:00:00:00:00:06    00:00:00:00:00:17 10    585  [30,8,1,4,13,20]     00:00:00:00:00:06    00:00:00:00:00:17 11    585  [30,8,1,4,14,20]     00:00:00:00:00:06    00:00:00:00:00:17 12    585  [30,8,2,3,13,20]     00:00:00:00:00:06    00:00:00:00:00:17 13    585  [30,8,2,3,14,20]     00:00:00:00:00:06    00:00:00:00:00:17 14    585  [30,8,2,4,13,20]     00:00:00:00:00:06    00:00:00:00:00:17 15    585  [30,8,2,4,14,20]  
# h00:00:00:00:00:06 -> h00:00:00:00:00:09
   00:00:00:00:00:06    00:00:00:00:00:09 0    439  [30,7,1,9,33]     00:00:00:00:00:06    00:00:00:00:00:09 1    439  [30,7,1,10,33]     00:00:00:00:00:06    00:00:00:00:00:09 2    439  [30,7,2,9,33]     00:00:00:00:00:06    00:00:00:00:00:09 3    439  [30,7,2,10,33]     00:00:00:00:00:06    00:00:00:00:00:09 4    439  [30,8,1,9,33]     00:00:00:00:00:06    00:00:00:00:00:09 5    439  [30,8,1,10,33]     00:00:00:00:00:06    00:00:00:00:00:09 6    439  [30,8,2,9,33]     00:00:00:00:00:06    00:00:00:00:00:09 7    439  [30,8,2,10,33]     00:00:00:00:00:06    00:00:00:00:00:09 8    585  [30,7,1,2,9,33]     00:00:00:00:00:06    00:00:00:00:00:09 9    585  [30,7,1,2,10,33]     00:00:00:00:00:06    00:00:00:00:00:09 10    585  [30,7,2,1,9,33]     00:00:00:00:00:06    00:00:00:00:00:09 11    585  [30,7,2,1,10,33]     00:00:00:00:00:06    00:00:00:00:00:09 12    585  [30,8,1,2,9,33]     00:00:00:00:00:06    00:00:00:00:00:09 13    585  [30,8,1,2,10,33]     00:00:00:00:00:06    00:00:00:00:00:09 14    585  [30,8,2,1,9,33]     00:00:00:00:00:06    00:00:00:00:00:09 15    585  [30,8,2,1,10,33]  
# h00:00:00:00:00:06 -> h00:00:00:00:00:05
   00:00:00:00:00:06    00:00:00:00:00:05 0    146  [30,7,29]     00:00:00:00:00:06    00:00:00:00:00:05 1    146  [30,8,29]     00:00:00:00:00:06    00:00:00:00:00:05 2    439  [30,7,1,8,29]     00:00:00:00:00:06    00:00:00:00:00:05 3    439  [30,7,2,8,29]     00:00:00:00:00:06    00:00:00:00:00:05 4    439  [30,7,31,8,29]     00:00:00:00:00:06    00:00:00:00:00:05 5    439  [30,7,32,8,29]     00:00:00:00:00:06    00:00:00:00:00:05 6    439  [30,8,1,7,29]     00:00:00:00:00:06    00:00:00:00:00:05 7    439  [30,8,2,7,29]     00:00:00:00:00:06    00:00:00:00:00:05 8    439  [30,8,31,7,29]     00:00:00:00:00:06    00:00:00:00:00:05 9    439  [30,8,32,7,29]     00:00:00:00:00:06    00:00:00:00:00:05 10    585  [30,7,1,2,8,29]     00:00:00:00:00:06    00:00:00:00:00:05 11    585  [30,7,2,1,8,29]     00:00:00:00:00:06    00:00:00:00:00:05 12    585  [30,8,1,2,7,29]     00:00:00:00:00:06    00:00:00:00:00:05 13    585  [30,8,2,1,7,29]     00:00:00:00:00:06    00:00:00:00:00:05 14    731  [30,7,1,3,2,8,29]     00:00:00:00:00:06    00:00:00:00:00:05 15    731  [30,7,1,4,2,8,29]  
# h00:00:00:00:00:06 -> h00:00:00:00:00:08
   00:00:00:00:00:06    00:00:00:00:00:08 0    146  [30,7,32]     00:00:00:00:00:06    00:00:00:00:00:08 1    146  [30,8,32]     00:00:00:00:00:06    00:00:00:00:00:08 2    439  [30,7,1,8,32]     00:00:00:00:00:06    00:00:00:00:00:08 3    439  [30,7,2,8,32]     00:00:00:00:00:06    00:00:00:00:00:08 4    439  [30,7,29,8,32]     00:00:00:00:00:06    00:00:00:00:00:08 5    439  [30,7,31,8,32]     00:00:00:00:00:06    00:00:00:00:00:08 6    439  [30,8,1,7,32]     00:00:00:00:00:06    00:00:00:00:00:08 7    439  [30,8,2,7,32]     00:00:00:00:00:06    00:00:00:00:00:08 8    439  [30,8,29,7,32]     00:00:00:00:00:06    00:00:00:00:00:08 9    439  [30,8,31,7,32]     00:00:00:00:00:06    00:00:00:00:00:08 10    585  [30,7,1,2,8,32]     00:00:00:00:00:06    00:00:00:00:00:08 11    585  [30,7,2,1,8,32]     00:00:00:00:00:06    00:00:00:00:00:08 12    585  [30,8,1,2,7,32]     00:00:00:00:00:06    00:00:00:00:00:08 13    585  [30,8,2,1,7,32]     00:00:00:00:00:06    00:00:00:00:00:08 14    731  [30,7,1,3,2,8,32]     00:00:00:00:00:06    00:00:00:00:00:08 15    731  [30,7,1,4,2,8,32]  
# h00:00:00:00:00:06 -> h00:00:00:00:00:04
   00:00:00:00:00:06    00:00:00:00:00:04 0    439  [30,7,1,5,28]     00:00:00:00:00:06    00:00:00:00:00:04 1    439  [30,7,1,6,28]     00:00:00:00:00:06    00:00:00:00:00:04 2    439  [30,7,2,5,28]     00:00:00:00:00:06    00:00:00:00:00:04 3    439  [30,7,2,6,28]     00:00:00:00:00:06    00:00:00:00:00:04 4    439  [30,8,1,5,28]     00:00:00:00:00:06    00:00:00:00:00:04 5    439  [30,8,1,6,28]     00:00:00:00:00:06    00:00:00:00:00:04 6    439  [30,8,2,5,28]     00:00:00:00:00:06    00:00:00:00:00:04 7    439  [30,8,2,6,28]     00:00:00:00:00:06    00:00:00:00:00:04 8    585  [30,7,1,2,5,28]     00:00:00:00:00:06    00:00:00:00:00:04 9    585  [30,7,1,2,6,28]     00:00:00:00:00:06    00:00:00:00:00:04 10    585  [30,7,2,1,5,28]     00:00:00:00:00:06    00:00:00:00:00:04 11    585  [30,7,2,1,6,28]     00:00:00:00:00:06    00:00:00:00:00:04 12    585  [30,8,1,2,5,28]     00:00:00:00:00:06    00:00:00:00:00:04 13    585  [30,8,1,2,6,28]     00:00:00:00:00:06    00:00:00:00:00:04 14    585  [30,8,2,1,5,28]     00:00:00:00:00:06    00:00:00:00:00:04 15    585  [30,8,2,1,6,28]  
# h00:00:00:00:00:06 -> h00:00:00:00:00:1a
   00:00:00:00:00:06    00:00:00:00:00:1a 0    585  [30,7,1,3,15,23]     00:00:00:00:00:06    00:00:00:00:00:1a 1    585  [30,7,1,3,16,23]     00:00:00:00:00:06    00:00:00:00:00:1a 2    585  [30,7,1,4,15,23]     00:00:00:00:00:06    00:00:00:00:00:1a 3    585  [30,7,1,4,16,23]     00:00:00:00:00:06    00:00:00:00:00:1a 4    585  [30,7,2,3,15,23]     00:00:00:00:00:06    00:00:00:00:00:1a 5    585  [30,7,2,3,16,23]     00:00:00:00:00:06    00:00:00:00:00:1a 6    585  [30,7,2,4,15,23]     00:00:00:00:00:06    00:00:00:00:00:1a 7    585  [30,7,2,4,16,23]     00:00:00:00:00:06    00:00:00:00:00:1a 8    585  [30,8,1,3,15,23]     00:00:00:00:00:06    00:00:00:00:00:1a 9    585  [30,8,1,3,16,23]     00:00:00:00:00:06    00:00:00:00:00:1a 10    585  [30,8,1,4,15,23]     00:00:00:00:00:06    00:00:00:00:00:1a 11    585  [30,8,1,4,16,23]     00:00:00:00:00:06    00:00:00:00:00:1a 12    585  [30,8,2,3,15,23]     00:00:00:00:00:06    00:00:00:00:00:1a 13    585  [30,8,2,3,16,23]     00:00:00:00:00:06    00:00:00:00:00:1a 14    585  [30,8,2,4,15,23]     00:00:00:00:00:06    00:00:00:00:00:1a 15    585  [30,8,2,4,16,23]  
# h00:00:00:00:00:06 -> h00:00:00:00:00:10
   00:00:00:00:00:06    00:00:00:00:00:10 0    439  [30,7,1,11,40]     00:00:00:00:00:06    00:00:00:00:00:10 1    439  [30,7,1,12,40]     00:00:00:00:00:06    00:00:00:00:00:10 2    439  [30,7,2,11,40]     00:00:00:00:00:06    00:00:00:00:00:10 3    439  [30,7,2,12,40]     00:00:00:00:00:06    00:00:00:00:00:10 4    439  [30,8,1,11,40]     00:00:00:00:00:06    00:00:00:00:00:10 5    439  [30,8,1,12,40]     00:00:00:00:00:06    00:00:00:00:00:10 6    439  [30,8,2,11,40]     00:00:00:00:00:06    00:00:00:00:00:10 7    439  [30,8,2,12,40]     00:00:00:00:00:06    00:00:00:00:00:10 8    585  [30,7,1,2,11,40]     00:00:00:00:00:06    00:00:00:00:00:10 9    585  [30,7,1,2,12,40]     00:00:00:00:00:06    00:00:00:00:00:10 10    585  [30,7,2,1,11,40]     00:00:00:00:00:06    00:00:00:00:00:10 11    585  [30,7,2,1,12,40]     00:00:00:00:00:06    00:00:00:00:00:10 12    585  [30,8,1,2,11,40]     00:00:00:00:00:06    00:00:00:00:00:10 13    585  [30,8,1,2,12,40]     00:00:00:00:00:06    00:00:00:00:00:10 14    585  [30,8,2,1,11,40]     00:00:00:00:00:06    00:00:00:00:00:10 15    585  [30,8,2,1,12,40]  
# h00:00:00:00:00:06 -> h00:00:00:00:00:18
   00:00:00:00:00:06    00:00:00:00:00:18 0    585  [30,7,1,3,13,21]     00:00:00:00:00:06    00:00:00:00:00:18 1    585  [30,7,1,3,14,21]     00:00:00:00:00:06    00:00:00:00:00:18 2    585  [30,7,1,4,13,21]     00:00:00:00:00:06    00:00:00:00:00:18 3    585  [30,7,1,4,14,21]     00:00:00:00:00:06    00:00:00:00:00:18 4    585  [30,7,2,3,13,21]     00:00:00:00:00:06    00:00:00:00:00:18 5    585  [30,7,2,3,14,21]     00:00:00:00:00:06    00:00:00:00:00:18 6    585  [30,7,2,4,13,21]     00:00:00:00:00:06    00:00:00:00:00:18 7    585  [30,7,2,4,14,21]     00:00:00:00:00:06    00:00:00:00:00:18 8    585  [30,8,1,3,13,21]     00:00:00:00:00:06    00:00:00:00:00:18 9    585  [30,8,1,3,14,21]     00:00:00:00:00:06    00:00:00:00:00:18 10    585  [30,8,1,4,13,21]     00:00:00:00:00:06    00:00:00:00:00:18 11    585  [30,8,1,4,14,21]     00:00:00:00:00:06    00:00:00:00:00:18 12    585  [30,8,2,3,13,21]     00:00:00:00:00:06    00:00:00:00:00:18 13    585  [30,8,2,3,14,21]     00:00:00:00:00:06    00:00:00:00:00:18 14    585  [30,8,2,4,13,21]     00:00:00:00:00:06    00:00:00:00:00:18 15    585  [30,8,2,4,14,21]  
# h00:00:00:00:00:06 -> h00:00:00:00:00:19
   00:00:00:00:00:06    00:00:00:00:00:19 0    585  [30,7,1,3,15,22]     00:00:00:00:00:06    00:00:00:00:00:19 1    585  [30,7,1,3,16,22]     00:00:00:00:00:06    00:00:00:00:00:19 2    585  [30,7,1,4,15,22]     00:00:00:00:00:06    00:00:00:00:00:19 3    585  [30,7,1,4,16,22]     00:00:00:00:00:06    00:00:00:00:00:19 4    585  [30,7,2,3,15,22]     00:00:00:00:00:06    00:00:00:00:00:19 5    585  [30,7,2,3,16,22]     00:00:00:00:00:06    00:00:00:00:00:19 6    585  [30,7,2,4,15,22]     00:00:00:00:00:06    00:00:00:00:00:19 7    585  [30,7,2,4,16,22]     00:00:00:00:00:06    00:00:00:00:00:19 8    585  [30,8,1,3,15,22]     00:00:00:00:00:06    00:00:00:00:00:19 9    585  [30,8,1,3,16,22]     00:00:00:00:00:06    00:00:00:00:00:19 10    585  [30,8,1,4,15,22]     00:00:00:00:00:06    00:00:00:00:00:19 11    585  [30,8,1,4,16,22]     00:00:00:00:00:06    00:00:00:00:00:19 12    585  [30,8,2,3,15,22]     00:00:00:00:00:06    00:00:00:00:00:19 13    585  [30,8,2,3,16,22]     00:00:00:00:00:06    00:00:00:00:00:19 14    585  [30,8,2,4,15,22]     00:00:00:00:00:06    00:00:00:00:00:19 15    585  [30,8,2,4,16,22]  
# h00:00:00:00:00:06 -> h00:00:00:00:00:0e
   00:00:00:00:00:06    00:00:00:00:00:0e 0    439  [30,7,1,11,38]     00:00:00:00:00:06    00:00:00:00:00:0e 1    439  [30,7,1,12,38]     00:00:00:00:00:06    00:00:00:00:00:0e 2    439  [30,7,2,11,38]     00:00:00:00:00:06    00:00:00:00:00:0e 3    439  [30,7,2,12,38]     00:00:00:00:00:06    00:00:00:00:00:0e 4    439  [30,8,1,11,38]     00:00:00:00:00:06    00:00:00:00:00:0e 5    439  [30,8,1,12,38]     00:00:00:00:00:06    00:00:00:00:00:0e 6    439  [30,8,2,11,38]     00:00:00:00:00:06    00:00:00:00:00:0e 7    439  [30,8,2,12,38]     00:00:00:00:00:06    00:00:00:00:00:0e 8    585  [30,7,1,2,11,38]     00:00:00:00:00:06    00:00:00:00:00:0e 9    585  [30,7,1,2,12,38]     00:00:00:00:00:06    00:00:00:00:00:0e 10    585  [30,7,2,1,11,38]     00:00:00:00:00:06    00:00:00:00:00:0e 11    585  [30,7,2,1,12,38]     00:00:00:00:00:06    00:00:00:00:00:0e 12    585  [30,8,1,2,11,38]     00:00:00:00:00:06    00:00:00:00:00:0e 13    585  [30,8,1,2,12,38]     00:00:00:00:00:06    00:00:00:00:00:0e 14    585  [30,8,2,1,11,38]     00:00:00:00:00:06    00:00:00:00:00:0e 15    585  [30,8,2,1,12,38]  
# h00:00:00:00:00:06 -> h00:00:00:00:00:01
   00:00:00:00:00:06    00:00:00:00:00:01 0    439  [30,7,1,5,25]     00:00:00:00:00:06    00:00:00:00:00:01 1    439  [30,7,1,6,25]     00:00:00:00:00:06    00:00:00:00:00:01 2    439  [30,7,2,5,25]     00:00:00:00:00:06    00:00:00:00:00:01 3    439  [30,7,2,6,25]     00:00:00:00:00:06    00:00:00:00:00:01 4    439  [30,8,1,5,25]     00:00:00:00:00:06    00:00:00:00:00:01 5    439  [30,8,1,6,25]     00:00:00:00:00:06    00:00:00:00:00:01 6    439  [30,8,2,5,25]     00:00:00:00:00:06    00:00:00:00:00:01 7    439  [30,8,2,6,25]     00:00:00:00:00:06    00:00:00:00:00:01 8    585  [30,7,1,2,5,25]     00:00:00:00:00:06    00:00:00:00:00:01 9    585  [30,7,1,2,6,25]     00:00:00:00:00:06    00:00:00:00:00:01 10    585  [30,7,2,1,5,25]     00:00:00:00:00:06    00:00:00:00:00:01 11    585  [30,7,2,1,6,25]     00:00:00:00:00:06    00:00:00:00:00:01 12    585  [30,8,1,2,5,25]     00:00:00:00:00:06    00:00:00:00:00:01 13    585  [30,8,1,2,6,25]     00:00:00:00:00:06    00:00:00:00:00:01 14    585  [30,8,2,1,5,25]     00:00:00:00:00:06    00:00:00:00:00:01 15    585  [30,8,2,1,6,25]  
# h00:00:00:00:00:06 -> h00:00:00:00:00:14
   00:00:00:00:00:06    00:00:00:00:00:14 0    585  [30,7,1,3,17,44]     00:00:00:00:00:06    00:00:00:00:00:14 1    585  [30,7,1,3,18,44]     00:00:00:00:00:06    00:00:00:00:00:14 2    585  [30,7,1,4,17,44]     00:00:00:00:00:06    00:00:00:00:00:14 3    585  [30,7,1,4,18,44]     00:00:00:00:00:06    00:00:00:00:00:14 4    585  [30,7,2,3,17,44]     00:00:00:00:00:06    00:00:00:00:00:14 5    585  [30,7,2,3,18,44]     00:00:00:00:00:06    00:00:00:00:00:14 6    585  [30,7,2,4,17,44]     00:00:00:00:00:06    00:00:00:00:00:14 7    585  [30,7,2,4,18,44]     00:00:00:00:00:06    00:00:00:00:00:14 8    585  [30,8,1,3,17,44]     00:00:00:00:00:06    00:00:00:00:00:14 9    585  [30,8,1,3,18,44]     00:00:00:00:00:06    00:00:00:00:00:14 10    585  [30,8,1,4,17,44]     00:00:00:00:00:06    00:00:00:00:00:14 11    585  [30,8,1,4,18,44]     00:00:00:00:00:06    00:00:00:00:00:14 12    585  [30,8,2,3,17,44]     00:00:00:00:00:06    00:00:00:00:00:14 13    585  [30,8,2,3,18,44]     00:00:00:00:00:06    00:00:00:00:00:14 14    585  [30,8,2,4,17,44]     00:00:00:00:00:06    00:00:00:00:00:14 15    585  [30,8,2,4,18,44]  
# h00:00:00:00:00:06 -> h00:00:00:00:00:0b
   00:00:00:00:00:06    00:00:00:00:00:0b 0    439  [30,7,1,9,35]     00:00:00:00:00:06    00:00:00:00:00:0b 1    439  [30,7,1,10,35]     00:00:00:00:00:06    00:00:00:00:00:0b 2    439  [30,7,2,9,35]     00:00:00:00:00:06    00:00:00:00:00:0b 3    439  [30,7,2,10,35]     00:00:00:00:00:06    00:00:00:00:00:0b 4    439  [30,8,1,9,35]     00:00:00:00:00:06    00:00:00:00:00:0b 5    439  [30,8,1,10,35]     00:00:00:00:00:06    00:00:00:00:00:0b 6    439  [30,8,2,9,35]     00:00:00:00:00:06    00:00:00:00:00:0b 7    439  [30,8,2,10,35]     00:00:00:00:00:06    00:00:00:00:00:0b 8    585  [30,7,1,2,9,35]     00:00:00:00:00:06    00:00:00:00:00:0b 9    585  [30,7,1,2,10,35]     00:00:00:00:00:06    00:00:00:00:00:0b 10    585  [30,7,2,1,9,35]     00:00:00:00:00:06    00:00:00:00:00:0b 11    585  [30,7,2,1,10,35]     00:00:00:00:00:06    00:00:00:00:00:0b 12    585  [30,8,1,2,9,35]     00:00:00:00:00:06    00:00:00:00:00:0b 13    585  [30,8,1,2,10,35]     00:00:00:00:00:06    00:00:00:00:00:0b 14    585  [30,8,2,1,9,35]     00:00:00:00:00:06    00:00:00:00:00:0b 15    585  [30,8,2,1,10,35]  
# h00:00:00:00:00:06 -> h00:00:00:00:00:0a
   00:00:00:00:00:06    00:00:00:00:00:0a 0    439  [30,7,1,9,34]     00:00:00:00:00:06    00:00:00:00:00:0a 1    439  [30,7,1,10,34]     00:00:00:00:00:06    00:00:00:00:00:0a 2    439  [30,7,2,9,34]     00:00:00:00:00:06    00:00:00:00:00:0a 3    439  [30,7,2,10,34]     00:00:00:00:00:06    00:00:00:00:00:0a 4    439  [30,8,1,9,34]     00:00:00:00:00:06    00:00:00:00:00:0a 5    439  [30,8,1,10,34]     00:00:00:00:00:06    00:00:00:00:00:0a 6    439  [30,8,2,9,34]     00:00:00:00:00:06    00:00:00:00:00:0a 7    439  [30,8,2,10,34]     00:00:00:00:00:06    00:00:00:00:00:0a 8    585  [30,7,1,2,9,34]     00:00:00:00:00:06    00:00:00:00:00:0a 9    585  [30,7,1,2,10,34]     00:00:00:00:00:06    00:00:00:00:00:0a 10    585  [30,7,2,1,9,34]     00:00:00:00:00:06    00:00:00:00:00:0a 11    585  [30,7,2,1,10,34]     00:00:00:00:00:06    00:00:00:00:00:0a 12    585  [30,8,1,2,9,34]     00:00:00:00:00:06    00:00:00:00:00:0a 13    585  [30,8,1,2,10,34]     00:00:00:00:00:06    00:00:00:00:00:0a 14    585  [30,8,2,1,9,34]     00:00:00:00:00:06    00:00:00:00:00:0a 15    585  [30,8,2,1,10,34]  
# h00:00:00:00:00:06 -> h00:00:00:00:00:0c
   00:00:00:00:00:06    00:00:00:00:00:0c 0    439  [30,7,1,9,36]     00:00:00:00:00:06    00:00:00:00:00:0c 1    439  [30,7,1,10,36]     00:00:00:00:00:06    00:00:00:00:00:0c 2    439  [30,7,2,9,36]     00:00:00:00:00:06    00:00:00:00:00:0c 3    439  [30,7,2,10,36]     00:00:00:00:00:06    00:00:00:00:00:0c 4    439  [30,8,1,9,36]     00:00:00:00:00:06    00:00:00:00:00:0c 5    439  [30,8,1,10,36]     00:00:00:00:00:06    00:00:00:00:00:0c 6    439  [30,8,2,9,36]     00:00:00:00:00:06    00:00:00:00:00:0c 7    439  [30,8,2,10,36]     00:00:00:00:00:06    00:00:00:00:00:0c 8    585  [30,7,1,2,9,36]     00:00:00:00:00:06    00:00:00:00:00:0c 9    585  [30,7,1,2,10,36]     00:00:00:00:00:06    00:00:00:00:00:0c 10    585  [30,7,2,1,9,36]     00:00:00:00:00:06    00:00:00:00:00:0c 11    585  [30,7,2,1,10,36]     00:00:00:00:00:06    00:00:00:00:00:0c 12    585  [30,8,1,2,9,36]     00:00:00:00:00:06    00:00:00:00:00:0c 13    585  [30,8,1,2,10,36]     00:00:00:00:00:06    00:00:00:00:00:0c 14    585  [30,8,2,1,9,36]     00:00:00:00:00:06    00:00:00:00:00:0c 15    585  [30,8,2,1,10,36]  
# h00:00:00:00:00:06 -> h00:00:00:00:00:0d
   00:00:00:00:00:06    00:00:00:00:00:0d 0    439  [30,7,1,11,37]     00:00:00:00:00:06    00:00:00:00:00:0d 1    439  [30,7,1,12,37]     00:00:00:00:00:06    00:00:00:00:00:0d 2    439  [30,7,2,11,37]     00:00:00:00:00:06    00:00:00:00:00:0d 3    439  [30,7,2,12,37]     00:00:00:00:00:06    00:00:00:00:00:0d 4    439  [30,8,1,11,37]     00:00:00:00:00:06    00:00:00:00:00:0d 5    439  [30,8,1,12,37]     00:00:00:00:00:06    00:00:00:00:00:0d 6    439  [30,8,2,11,37]     00:00:00:00:00:06    00:00:00:00:00:0d 7    439  [30,8,2,12,37]     00:00:00:00:00:06    00:00:00:00:00:0d 8    585  [30,7,1,2,11,37]     00:00:00:00:00:06    00:00:00:00:00:0d 9    585  [30,7,1,2,12,37]     00:00:00:00:00:06    00:00:00:00:00:0d 10    585  [30,7,2,1,11,37]     00:00:00:00:00:06    00:00:00:00:00:0d 11    585  [30,7,2,1,12,37]     00:00:00:00:00:06    00:00:00:00:00:0d 12    585  [30,8,1,2,11,37]     00:00:00:00:00:06    00:00:00:00:00:0d 13    585  [30,8,1,2,12,37]     00:00:00:00:00:06    00:00:00:00:00:0d 14    585  [30,8,2,1,11,37]     00:00:00:00:00:06    00:00:00:00:00:0d 15    585  [30,8,2,1,12,37]  
# h00:00:00:00:00:06 -> h00:00:00:00:00:03
   00:00:00:00:00:06    00:00:00:00:00:03 0    439  [30,7,1,5,27]     00:00:00:00:00:06    00:00:00:00:00:03 1    439  [30,7,1,6,27]     00:00:00:00:00:06    00:00:00:00:00:03 2    439  [30,7,2,5,27]     00:00:00:00:00:06    00:00:00:00:00:03 3    439  [30,7,2,6,27]     00:00:00:00:00:06    00:00:00:00:00:03 4    439  [30,8,1,5,27]     00:00:00:00:00:06    00:00:00:00:00:03 5    439  [30,8,1,6,27]     00:00:00:00:00:06    00:00:00:00:00:03 6    439  [30,8,2,5,27]     00:00:00:00:00:06    00:00:00:00:00:03 7    439  [30,8,2,6,27]     00:00:00:00:00:06    00:00:00:00:00:03 8    585  [30,7,1,2,5,27]     00:00:00:00:00:06    00:00:00:00:00:03 9    585  [30,7,1,2,6,27]     00:00:00:00:00:06    00:00:00:00:00:03 10    585  [30,7,2,1,5,27]     00:00:00:00:00:06    00:00:00:00:00:03 11    585  [30,7,2,1,6,27]     00:00:00:00:00:06    00:00:00:00:00:03 12    585  [30,8,1,2,5,27]     00:00:00:00:00:06    00:00:00:00:00:03 13    585  [30,8,1,2,6,27]     00:00:00:00:00:06    00:00:00:00:00:03 14    585  [30,8,2,1,5,27]     00:00:00:00:00:06    00:00:00:00:00:03 15    585  [30,8,2,1,6,27]  
# h00:00:00:00:00:06 -> h00:00:00:00:00:11
   00:00:00:00:00:06    00:00:00:00:00:11 0    585  [30,7,1,3,17,41]     00:00:00:00:00:06    00:00:00:00:00:11 1    585  [30,7,1,3,18,41]     00:00:00:00:00:06    00:00:00:00:00:11 2    585  [30,7,1,4,17,41]     00:00:00:00:00:06    00:00:00:00:00:11 3    585  [30,7,1,4,18,41]     00:00:00:00:00:06    00:00:00:00:00:11 4    585  [30,7,2,3,17,41]     00:00:00:00:00:06    00:00:00:00:00:11 5    585  [30,7,2,3,18,41]     00:00:00:00:00:06    00:00:00:00:00:11 6    585  [30,7,2,4,17,41]     00:00:00:00:00:06    00:00:00:00:00:11 7    585  [30,7,2,4,18,41]     00:00:00:00:00:06    00:00:00:00:00:11 8    585  [30,8,1,3,17,41]     00:00:00:00:00:06    00:00:00:00:00:11 9    585  [30,8,1,3,18,41]     00:00:00:00:00:06    00:00:00:00:00:11 10    585  [30,8,1,4,17,41]     00:00:00:00:00:06    00:00:00:00:00:11 11    585  [30,8,1,4,18,41]     00:00:00:00:00:06    00:00:00:00:00:11 12    585  [30,8,2,3,17,41]     00:00:00:00:00:06    00:00:00:00:00:11 13    585  [30,8,2,3,18,41]     00:00:00:00:00:06    00:00:00:00:00:11 14    585  [30,8,2,4,17,41]     00:00:00:00:00:06    00:00:00:00:00:11 15    585  [30,8,2,4,18,41]  
# h00:00:00:00:00:06 -> h00:00:00:00:00:02
   00:00:00:00:00:06    00:00:00:00:00:02 0    439  [30,7,1,5,26]     00:00:00:00:00:06    00:00:00:00:00:02 1    439  [30,7,1,6,26]     00:00:00:00:00:06    00:00:00:00:00:02 2    439  [30,7,2,5,26]     00:00:00:00:00:06    00:00:00:00:00:02 3    439  [30,7,2,6,26]     00:00:00:00:00:06    00:00:00:00:00:02 4    439  [30,8,1,5,26]     00:00:00:00:00:06    00:00:00:00:00:02 5    439  [30,8,1,6,26]     00:00:00:00:00:06    00:00:00:00:00:02 6    439  [30,8,2,5,26]     00:00:00:00:00:06    00:00:00:00:00:02 7    439  [30,8,2,6,26]     00:00:00:00:00:06    00:00:00:00:00:02 8    585  [30,7,1,2,5,26]     00:00:00:00:00:06    00:00:00:00:00:02 9    585  [30,7,1,2,6,26]     00:00:00:00:00:06    00:00:00:00:00:02 10    585  [30,7,2,1,5,26]     00:00:00:00:00:06    00:00:00:00:00:02 11    585  [30,7,2,1,6,26]     00:00:00:00:00:06    00:00:00:00:00:02 12    585  [30,8,1,2,5,26]     00:00:00:00:00:06    00:00:00:00:00:02 13    585  [30,8,1,2,6,26]     00:00:00:00:00:06    00:00:00:00:00:02 14    585  [30,8,2,1,5,26]     00:00:00:00:00:06    00:00:00:00:00:02 15    585  [30,8,2,1,6,26]  
# h00:00:00:00:00:06 -> h00:00:00:00:00:0f
   00:00:00:00:00:06    00:00:00:00:00:0f 0    439  [30,7,1,11,39]     00:00:00:00:00:06    00:00:00:00:00:0f 1    439  [30,7,1,12,39]     00:00:00:00:00:06    00:00:00:00:00:0f 2    439  [30,7,2,11,39]     00:00:00:00:00:06    00:00:00:00:00:0f 3    439  [30,7,2,12,39]     00:00:00:00:00:06    00:00:00:00:00:0f 4    439  [30,8,1,11,39]     00:00:00:00:00:06    00:00:00:00:00:0f 5    439  [30,8,1,12,39]     00:00:00:00:00:06    00:00:00:00:00:0f 6    439  [30,8,2,11,39]     00:00:00:00:00:06    00:00:00:00:00:0f 7    439  [30,8,2,12,39]     00:00:00:00:00:06    00:00:00:00:00:0f 8    585  [30,7,1,2,11,39]     00:00:00:00:00:06    00:00:00:00:00:0f 9    585  [30,7,1,2,12,39]     00:00:00:00:00:06    00:00:00:00:00:0f 10    585  [30,7,2,1,11,39]     00:00:00:00:00:06    00:00:00:00:00:0f 11    585  [30,7,2,1,12,39]     00:00:00:00:00:06    00:00:00:00:00:0f 12    585  [30,8,1,2,11,39]     00:00:00:00:00:06    00:00:00:00:00:0f 13    585  [30,8,1,2,12,39]     00:00:00:00:00:06    00:00:00:00:00:0f 14    585  [30,8,2,1,11,39]     00:00:00:00:00:06    00:00:00:00:00:0f 15    585  [30,8,2,1,12,39]  
# h00:00:00:00:00:06 -> h00:00:00:00:00:12
   00:00:00:00:00:06    00:00:00:00:00:12 0    585  [30,7,1,3,17,42]     00:00:00:00:00:06    00:00:00:00:00:12 1    585  [30,7,1,3,18,42]     00:00:00:00:00:06    00:00:00:00:00:12 2    585  [30,7,1,4,17,42]     00:00:00:00:00:06    00:00:00:00:00:12 3    585  [30,7,1,4,18,42]     00:00:00:00:00:06    00:00:00:00:00:12 4    585  [30,7,2,3,17,42]     00:00:00:00:00:06    00:00:00:00:00:12 5    585  [30,7,2,3,18,42]     00:00:00:00:00:06    00:00:00:00:00:12 6    585  [30,7,2,4,17,42]     00:00:00:00:00:06    00:00:00:00:00:12 7    585  [30,7,2,4,18,42]     00:00:00:00:00:06    00:00:00:00:00:12 8    585  [30,8,1,3,17,42]     00:00:00:00:00:06    00:00:00:00:00:12 9    585  [30,8,1,3,18,42]     00:00:00:00:00:06    00:00:00:00:00:12 10    585  [30,8,1,4,17,42]     00:00:00:00:00:06    00:00:00:00:00:12 11    585  [30,8,1,4,18,42]     00:00:00:00:00:06    00:00:00:00:00:12 12    585  [30,8,2,3,17,42]     00:00:00:00:00:06    00:00:00:00:00:12 13    585  [30,8,2,3,18,42]     00:00:00:00:00:06    00:00:00:00:00:12 14    585  [30,8,2,4,17,42]     00:00:00:00:00:06    00:00:00:00:00:12 15    585  [30,8,2,4,18,42]  
# h00:00:00:00:00:06 -> h00:00:00:00:00:15
   00:00:00:00:00:06    00:00:00:00:00:15 0    585  [30,7,1,3,17,45]     00:00:00:00:00:06    00:00:00:00:00:15 1    585  [30,7,1,3,18,45]     00:00:00:00:00:06    00:00:00:00:00:15 2    585  [30,7,1,4,17,45]     00:00:00:00:00:06    00:00:00:00:00:15 3    585  [30,7,1,4,18,45]     00:00:00:00:00:06    00:00:00:00:00:15 4    585  [30,7,2,3,17,45]     00:00:00:00:00:06    00:00:00:00:00:15 5    585  [30,7,2,3,18,45]     00:00:00:00:00:06    00:00:00:00:00:15 6    585  [30,7,2,4,17,45]     00:00:00:00:00:06    00:00:00:00:00:15 7    585  [30,7,2,4,18,45]     00:00:00:00:00:06    00:00:00:00:00:15 8    585  [30,8,1,3,17,45]     00:00:00:00:00:06    00:00:00:00:00:15 9    585  [30,8,1,3,18,45]     00:00:00:00:00:06    00:00:00:00:00:15 10    585  [30,8,1,4,17,45]     00:00:00:00:00:06    00:00:00:00:00:15 11    585  [30,8,1,4,18,45]     00:00:00:00:00:06    00:00:00:00:00:15 12    585  [30,8,2,3,17,45]     00:00:00:00:00:06    00:00:00:00:00:15 13    585  [30,8,2,3,18,45]     00:00:00:00:00:06    00:00:00:00:00:15 14    585  [30,8,2,4,17,45]     00:00:00:00:00:06    00:00:00:00:00:15 15    585  [30,8,2,4,18,45]  
# h00:00:00:00:00:06 -> h00:00:00:00:00:13
   00:00:00:00:00:06    00:00:00:00:00:13 0    585  [30,7,1,3,17,43]     00:00:00:00:00:06    00:00:00:00:00:13 1    585  [30,7,1,3,18,43]     00:00:00:00:00:06    00:00:00:00:00:13 2    585  [30,7,1,4,17,43]     00:00:00:00:00:06    00:00:00:00:00:13 3    585  [30,7,1,4,18,43]     00:00:00:00:00:06    00:00:00:00:00:13 4    585  [30,7,2,3,17,43]     00:00:00:00:00:06    00:00:00:00:00:13 5    585  [30,7,2,3,18,43]     00:00:00:00:00:06    00:00:00:00:00:13 6    585  [30,7,2,4,17,43]     00:00:00:00:00:06    00:00:00:00:00:13 7    585  [30,7,2,4,18,43]     00:00:00:00:00:06    00:00:00:00:00:13 8    585  [30,8,1,3,17,43]     00:00:00:00:00:06    00:00:00:00:00:13 9    585  [30,8,1,3,18,43]     00:00:00:00:00:06    00:00:00:00:00:13 10    585  [30,8,1,4,17,43]     00:00:00:00:00:06    00:00:00:00:00:13 11    585  [30,8,1,4,18,43]     00:00:00:00:00:06    00:00:00:00:00:13 12    585  [30,8,2,3,17,43]     00:00:00:00:00:06    00:00:00:00:00:13 13    585  [30,8,2,3,18,43]     00:00:00:00:00:06    00:00:00:00:00:13 14    585  [30,8,2,4,17,43]     00:00:00:00:00:06    00:00:00:00:00:13 15    585  [30,8,2,4,18,43]  
# h00:00:00:00:00:07 -> h00:00:00:00:00:16
   00:00:00:00:00:07    00:00:00:00:00:16 0    585  [31,7,1,3,13,19]     00:00:00:00:00:07    00:00:00:00:00:16 1    585  [31,7,1,3,14,19]     00:00:00:00:00:07    00:00:00:00:00:16 2    585  [31,7,1,4,13,19]     00:00:00:00:00:07    00:00:00:00:00:16 3    585  [31,7,1,4,14,19]     00:00:00:00:00:07    00:00:00:00:00:16 4    585  [31,7,2,3,13,19]     00:00:00:00:00:07    00:00:00:00:00:16 5    585  [31,7,2,3,14,19]     00:00:00:00:00:07    00:00:00:00:00:16 6    585  [31,7,2,4,13,19]     00:00:00:00:00:07    00:00:00:00:00:16 7    585  [31,7,2,4,14,19]     00:00:00:00:00:07    00:00:00:00:00:16 8    585  [31,8,1,3,13,19]     00:00:00:00:00:07    00:00:00:00:00:16 9    585  [31,8,1,3,14,19]     00:00:00:00:00:07    00:00:00:00:00:16 10    585  [31,8,1,4,13,19]     00:00:00:00:00:07    00:00:00:00:00:16 11    585  [31,8,1,4,14,19]     00:00:00:00:00:07    00:00:00:00:00:16 12    585  [31,8,2,3,13,19]     00:00:00:00:00:07    00:00:00:00:00:16 13    585  [31,8,2,3,14,19]     00:00:00:00:00:07    00:00:00:00:00:16 14    585  [31,8,2,4,13,19]     00:00:00:00:00:07    00:00:00:00:00:16 15    585  [31,8,2,4,14,19]  
# h00:00:00:00:00:07 -> h00:00:00:00:00:06
   00:00:00:00:00:07    00:00:00:00:00:06 0    146  [31,7,30]     00:00:00:00:00:07    00:00:00:00:00:06 1    146  [31,8,30]     00:00:00:00:00:07    00:00:00:00:00:06 2    439  [31,7,1,8,30]     00:00:00:00:00:07    00:00:00:00:00:06 3    439  [31,7,2,8,30]     00:00:00:00:00:07    00:00:00:00:00:06 4    439  [31,7,29,8,30]     00:00:00:00:00:07    00:00:00:00:00:06 5    439  [31,7,32,8,30]     00:00:00:00:00:07    00:00:00:00:00:06 6    439  [31,8,1,7,30]     00:00:00:00:00:07    00:00:00:00:00:06 7    439  [31,8,2,7,30]     00:00:00:00:00:07    00:00:00:00:00:06 8    439  [31,8,29,7,30]     00:00:00:00:00:07    00:00:00:00:00:06 9    439  [31,8,32,7,30]     00:00:00:00:00:07    00:00:00:00:00:06 10    585  [31,7,1,2,8,30]     00:00:00:00:00:07    00:00:00:00:00:06 11    585  [31,7,2,1,8,30]     00:00:00:00:00:07    00:00:00:00:00:06 12    585  [31,8,1,2,7,30]     00:00:00:00:00:07    00:00:00:00:00:06 13    585  [31,8,2,1,7,30]     00:00:00:00:00:07    00:00:00:00:00:06 14    731  [31,7,1,3,2,8,30]     00:00:00:00:00:07    00:00:00:00:00:06 15    731  [31,7,1,4,2,8,30]  
# h00:00:00:00:00:07 -> h00:00:00:00:00:1b
   00:00:00:00:00:07    00:00:00:00:00:1b 0    585  [31,7,1,3,15,24]     00:00:00:00:00:07    00:00:00:00:00:1b 1    585  [31,7,1,3,16,24]     00:00:00:00:00:07    00:00:00:00:00:1b 2    585  [31,7,1,4,15,24]     00:00:00:00:00:07    00:00:00:00:00:1b 3    585  [31,7,1,4,16,24]     00:00:00:00:00:07    00:00:00:00:00:1b 4    585  [31,7,2,3,15,24]     00:00:00:00:00:07    00:00:00:00:00:1b 5    585  [31,7,2,3,16,24]     00:00:00:00:00:07    00:00:00:00:00:1b 6    585  [31,7,2,4,15,24]     00:00:00:00:00:07    00:00:00:00:00:1b 7    585  [31,7,2,4,16,24]     00:00:00:00:00:07    00:00:00:00:00:1b 8    585  [31,8,1,3,15,24]     00:00:00:00:00:07    00:00:00:00:00:1b 9    585  [31,8,1,3,16,24]     00:00:00:00:00:07    00:00:00:00:00:1b 10    585  [31,8,1,4,15,24]     00:00:00:00:00:07    00:00:00:00:00:1b 11    585  [31,8,1,4,16,24]     00:00:00:00:00:07    00:00:00:00:00:1b 12    585  [31,8,2,3,15,24]     00:00:00:00:00:07    00:00:00:00:00:1b 13    585  [31,8,2,3,16,24]     00:00:00:00:00:07    00:00:00:00:00:1b 14    585  [31,8,2,4,15,24]     00:00:00:00:00:07    00:00:00:00:00:1b 15    585  [31,8,2,4,16,24]  
# h00:00:00:00:00:07 -> h00:00:00:00:00:17
   00:00:00:00:00:07    00:00:00:00:00:17 0    585  [31,7,1,3,13,20]     00:00:00:00:00:07    00:00:00:00:00:17 1    585  [31,7,1,3,14,20]     00:00:00:00:00:07    00:00:00:00:00:17 2    585  [31,7,1,4,13,20]     00:00:00:00:00:07    00:00:00:00:00:17 3    585  [31,7,1,4,14,20]     00:00:00:00:00:07    00:00:00:00:00:17 4    585  [31,7,2,3,13,20]     00:00:00:00:00:07    00:00:00:00:00:17 5    585  [31,7,2,3,14,20]     00:00:00:00:00:07    00:00:00:00:00:17 6    585  [31,7,2,4,13,20]     00:00:00:00:00:07    00:00:00:00:00:17 7    585  [31,7,2,4,14,20]     00:00:00:00:00:07    00:00:00:00:00:17 8    585  [31,8,1,3,13,20]     00:00:00:00:00:07    00:00:00:00:00:17 9    585  [31,8,1,3,14,20]     00:00:00:00:00:07    00:00:00:00:00:17 10    585  [31,8,1,4,13,20]     00:00:00:00:00:07    00:00:00:00:00:17 11    585  [31,8,1,4,14,20]     00:00:00:00:00:07    00:00:00:00:00:17 12    585  [31,8,2,3,13,20]     00:00:00:00:00:07    00:00:00:00:00:17 13    585  [31,8,2,3,14,20]     00:00:00:00:00:07    00:00:00:00:00:17 14    585  [31,8,2,4,13,20]     00:00:00:00:00:07    00:00:00:00:00:17 15    585  [31,8,2,4,14,20]  
# h00:00:00:00:00:07 -> h00:00:00:00:00:09
   00:00:00:00:00:07    00:00:00:00:00:09 0    439  [31,7,1,9,33]     00:00:00:00:00:07    00:00:00:00:00:09 1    439  [31,7,1,10,33]     00:00:00:00:00:07    00:00:00:00:00:09 2    439  [31,7,2,9,33]     00:00:00:00:00:07    00:00:00:00:00:09 3    439  [31,7,2,10,33]     00:00:00:00:00:07    00:00:00:00:00:09 4    439  [31,8,1,9,33]     00:00:00:00:00:07    00:00:00:00:00:09 5    439  [31,8,1,10,33]     00:00:00:00:00:07    00:00:00:00:00:09 6    439  [31,8,2,9,33]     00:00:00:00:00:07    00:00:00:00:00:09 7    439  [31,8,2,10,33]     00:00:00:00:00:07    00:00:00:00:00:09 8    585  [31,7,1,2,9,33]     00:00:00:00:00:07    00:00:00:00:00:09 9    585  [31,7,1,2,10,33]     00:00:00:00:00:07    00:00:00:00:00:09 10    585  [31,7,2,1,9,33]     00:00:00:00:00:07    00:00:00:00:00:09 11    585  [31,7,2,1,10,33]     00:00:00:00:00:07    00:00:00:00:00:09 12    585  [31,8,1,2,9,33]     00:00:00:00:00:07    00:00:00:00:00:09 13    585  [31,8,1,2,10,33]     00:00:00:00:00:07    00:00:00:00:00:09 14    585  [31,8,2,1,9,33]     00:00:00:00:00:07    00:00:00:00:00:09 15    585  [31,8,2,1,10,33]  
# h00:00:00:00:00:07 -> h00:00:00:00:00:05
   00:00:00:00:00:07    00:00:00:00:00:05 0    146  [31,7,29]     00:00:00:00:00:07    00:00:00:00:00:05 1    146  [31,8,29]     00:00:00:00:00:07    00:00:00:00:00:05 2    439  [31,7,1,8,29]     00:00:00:00:00:07    00:00:00:00:00:05 3    439  [31,7,2,8,29]     00:00:00:00:00:07    00:00:00:00:00:05 4    439  [31,7,30,8,29]     00:00:00:00:00:07    00:00:00:00:00:05 5    439  [31,7,32,8,29]     00:00:00:00:00:07    00:00:00:00:00:05 6    439  [31,8,1,7,29]     00:00:00:00:00:07    00:00:00:00:00:05 7    439  [31,8,2,7,29]     00:00:00:00:00:07    00:00:00:00:00:05 8    439  [31,8,30,7,29]     00:00:00:00:00:07    00:00:00:00:00:05 9    439  [31,8,32,7,29]     00:00:00:00:00:07    00:00:00:00:00:05 10    585  [31,7,1,2,8,29]     00:00:00:00:00:07    00:00:00:00:00:05 11    585  [31,7,2,1,8,29]     00:00:00:00:00:07    00:00:00:00:00:05 12    585  [31,8,1,2,7,29]     00:00:00:00:00:07    00:00:00:00:00:05 13    585  [31,8,2,1,7,29]     00:00:00:00:00:07    00:00:00:00:00:05 14    731  [31,7,1,3,2,8,29]     00:00:00:00:00:07    00:00:00:00:00:05 15    731  [31,7,1,4,2,8,29]  
# h00:00:00:00:00:07 -> h00:00:00:00:00:08
   00:00:00:00:00:07    00:00:00:00:00:08 0    146  [31,7,32]     00:00:00:00:00:07    00:00:00:00:00:08 1    146  [31,8,32]     00:00:00:00:00:07    00:00:00:00:00:08 2    439  [31,7,1,8,32]     00:00:00:00:00:07    00:00:00:00:00:08 3    439  [31,7,2,8,32]     00:00:00:00:00:07    00:00:00:00:00:08 4    439  [31,7,29,8,32]     00:00:00:00:00:07    00:00:00:00:00:08 5    439  [31,7,30,8,32]     00:00:00:00:00:07    00:00:00:00:00:08 6    439  [31,8,1,7,32]     00:00:00:00:00:07    00:00:00:00:00:08 7    439  [31,8,2,7,32]     00:00:00:00:00:07    00:00:00:00:00:08 8    439  [31,8,29,7,32]     00:00:00:00:00:07    00:00:00:00:00:08 9    439  [31,8,30,7,32]     00:00:00:00:00:07    00:00:00:00:00:08 10    585  [31,7,1,2,8,32]     00:00:00:00:00:07    00:00:00:00:00:08 11    585  [31,7,2,1,8,32]     00:00:00:00:00:07    00:00:00:00:00:08 12    585  [31,8,1,2,7,32]     00:00:00:00:00:07    00:00:00:00:00:08 13    585  [31,8,2,1,7,32]     00:00:00:00:00:07    00:00:00:00:00:08 14    731  [31,7,1,3,2,8,32]     00:00:00:00:00:07    00:00:00:00:00:08 15    731  [31,7,1,4,2,8,32]  
# h00:00:00:00:00:07 -> h00:00:00:00:00:04
   00:00:00:00:00:07    00:00:00:00:00:04 0    439  [31,7,1,5,28]     00:00:00:00:00:07    00:00:00:00:00:04 1    439  [31,7,1,6,28]     00:00:00:00:00:07    00:00:00:00:00:04 2    439  [31,7,2,5,28]     00:00:00:00:00:07    00:00:00:00:00:04 3    439  [31,7,2,6,28]     00:00:00:00:00:07    00:00:00:00:00:04 4    439  [31,8,1,5,28]     00:00:00:00:00:07    00:00:00:00:00:04 5    439  [31,8,1,6,28]     00:00:00:00:00:07    00:00:00:00:00:04 6    439  [31,8,2,5,28]     00:00:00:00:00:07    00:00:00:00:00:04 7    439  [31,8,2,6,28]     00:00:00:00:00:07    00:00:00:00:00:04 8    585  [31,7,1,2,5,28]     00:00:00:00:00:07    00:00:00:00:00:04 9    585  [31,7,1,2,6,28]     00:00:00:00:00:07    00:00:00:00:00:04 10    585  [31,7,2,1,5,28]     00:00:00:00:00:07    00:00:00:00:00:04 11    585  [31,7,2,1,6,28]     00:00:00:00:00:07    00:00:00:00:00:04 12    585  [31,8,1,2,5,28]     00:00:00:00:00:07    00:00:00:00:00:04 13    585  [31,8,1,2,6,28]     00:00:00:00:00:07    00:00:00:00:00:04 14    585  [31,8,2,1,5,28]     00:00:00:00:00:07    00:00:00:00:00:04 15    585  [31,8,2,1,6,28]  
# h00:00:00:00:00:07 -> h00:00:00:00:00:1a
   00:00:00:00:00:07    00:00:00:00:00:1a 0    585  [31,7,1,3,15,23]     00:00:00:00:00:07    00:00:00:00:00:1a 1    585  [31,7,1,3,16,23]     00:00:00:00:00:07    00:00:00:00:00:1a 2    585  [31,7,1,4,15,23]     00:00:00:00:00:07    00:00:00:00:00:1a 3    585  [31,7,1,4,16,23]     00:00:00:00:00:07    00:00:00:00:00:1a 4    585  [31,7,2,3,15,23]     00:00:00:00:00:07    00:00:00:00:00:1a 5    585  [31,7,2,3,16,23]     00:00:00:00:00:07    00:00:00:00:00:1a 6    585  [31,7,2,4,15,23]     00:00:00:00:00:07    00:00:00:00:00:1a 7    585  [31,7,2,4,16,23]     00:00:00:00:00:07    00:00:00:00:00:1a 8    585  [31,8,1,3,15,23]     00:00:00:00:00:07    00:00:00:00:00:1a 9    585  [31,8,1,3,16,23]     00:00:00:00:00:07    00:00:00:00:00:1a 10    585  [31,8,1,4,15,23]     00:00:00:00:00:07    00:00:00:00:00:1a 11    585  [31,8,1,4,16,23]     00:00:00:00:00:07    00:00:00:00:00:1a 12    585  [31,8,2,3,15,23]     00:00:00:00:00:07    00:00:00:00:00:1a 13    585  [31,8,2,3,16,23]     00:00:00:00:00:07    00:00:00:00:00:1a 14    585  [31,8,2,4,15,23]     00:00:00:00:00:07    00:00:00:00:00:1a 15    585  [31,8,2,4,16,23]  
# h00:00:00:00:00:07 -> h00:00:00:00:00:10
   00:00:00:00:00:07    00:00:00:00:00:10 0    439  [31,7,1,11,40]     00:00:00:00:00:07    00:00:00:00:00:10 1    439  [31,7,1,12,40]     00:00:00:00:00:07    00:00:00:00:00:10 2    439  [31,7,2,11,40]     00:00:00:00:00:07    00:00:00:00:00:10 3    439  [31,7,2,12,40]     00:00:00:00:00:07    00:00:00:00:00:10 4    439  [31,8,1,11,40]     00:00:00:00:00:07    00:00:00:00:00:10 5    439  [31,8,1,12,40]     00:00:00:00:00:07    00:00:00:00:00:10 6    439  [31,8,2,11,40]     00:00:00:00:00:07    00:00:00:00:00:10 7    439  [31,8,2,12,40]     00:00:00:00:00:07    00:00:00:00:00:10 8    585  [31,7,1,2,11,40]     00:00:00:00:00:07    00:00:00:00:00:10 9    585  [31,7,1,2,12,40]     00:00:00:00:00:07    00:00:00:00:00:10 10    585  [31,7,2,1,11,40]     00:00:00:00:00:07    00:00:00:00:00:10 11    585  [31,7,2,1,12,40]     00:00:00:00:00:07    00:00:00:00:00:10 12    585  [31,8,1,2,11,40]     00:00:00:00:00:07    00:00:00:00:00:10 13    585  [31,8,1,2,12,40]     00:00:00:00:00:07    00:00:00:00:00:10 14    585  [31,8,2,1,11,40]     00:00:00:00:00:07    00:00:00:00:00:10 15    585  [31,8,2,1,12,40]  
# h00:00:00:00:00:07 -> h00:00:00:00:00:18
   00:00:00:00:00:07    00:00:00:00:00:18 0    585  [31,7,1,3,13,21]     00:00:00:00:00:07    00:00:00:00:00:18 1    585  [31,7,1,3,14,21]     00:00:00:00:00:07    00:00:00:00:00:18 2    585  [31,7,1,4,13,21]     00:00:00:00:00:07    00:00:00:00:00:18 3    585  [31,7,1,4,14,21]     00:00:00:00:00:07    00:00:00:00:00:18 4    585  [31,7,2,3,13,21]     00:00:00:00:00:07    00:00:00:00:00:18 5    585  [31,7,2,3,14,21]     00:00:00:00:00:07    00:00:00:00:00:18 6    585  [31,7,2,4,13,21]     00:00:00:00:00:07    00:00:00:00:00:18 7    585  [31,7,2,4,14,21]     00:00:00:00:00:07    00:00:00:00:00:18 8    585  [31,8,1,3,13,21]     00:00:00:00:00:07    00:00:00:00:00:18 9    585  [31,8,1,3,14,21]     00:00:00:00:00:07    00:00:00:00:00:18 10    585  [31,8,1,4,13,21]     00:00:00:00:00:07    00:00:00:00:00:18 11    585  [31,8,1,4,14,21]     00:00:00:00:00:07    00:00:00:00:00:18 12    585  [31,8,2,3,13,21]     00:00:00:00:00:07    00:00:00:00:00:18 13    585  [31,8,2,3,14,21]     00:00:00:00:00:07    00:00:00:00:00:18 14    585  [31,8,2,4,13,21]     00:00:00:00:00:07    00:00:00:00:00:18 15    585  [31,8,2,4,14,21]  
# h00:00:00:00:00:07 -> h00:00:00:00:00:19
   00:00:00:00:00:07    00:00:00:00:00:19 0    585  [31,7,1,3,15,22]     00:00:00:00:00:07    00:00:00:00:00:19 1    585  [31,7,1,3,16,22]     00:00:00:00:00:07    00:00:00:00:00:19 2    585  [31,7,1,4,15,22]     00:00:00:00:00:07    00:00:00:00:00:19 3    585  [31,7,1,4,16,22]     00:00:00:00:00:07    00:00:00:00:00:19 4    585  [31,7,2,3,15,22]     00:00:00:00:00:07    00:00:00:00:00:19 5    585  [31,7,2,3,16,22]     00:00:00:00:00:07    00:00:00:00:00:19 6    585  [31,7,2,4,15,22]     00:00:00:00:00:07    00:00:00:00:00:19 7    585  [31,7,2,4,16,22]     00:00:00:00:00:07    00:00:00:00:00:19 8    585  [31,8,1,3,15,22]     00:00:00:00:00:07    00:00:00:00:00:19 9    585  [31,8,1,3,16,22]     00:00:00:00:00:07    00:00:00:00:00:19 10    585  [31,8,1,4,15,22]     00:00:00:00:00:07    00:00:00:00:00:19 11    585  [31,8,1,4,16,22]     00:00:00:00:00:07    00:00:00:00:00:19 12    585  [31,8,2,3,15,22]     00:00:00:00:00:07    00:00:00:00:00:19 13    585  [31,8,2,3,16,22]     00:00:00:00:00:07    00:00:00:00:00:19 14    585  [31,8,2,4,15,22]     00:00:00:00:00:07    00:00:00:00:00:19 15    585  [31,8,2,4,16,22]  
# h00:00:00:00:00:07 -> h00:00:00:00:00:0e
   00:00:00:00:00:07    00:00:00:00:00:0e 0    439  [31,7,1,11,38]     00:00:00:00:00:07    00:00:00:00:00:0e 1    439  [31,7,1,12,38]     00:00:00:00:00:07    00:00:00:00:00:0e 2    439  [31,7,2,11,38]     00:00:00:00:00:07    00:00:00:00:00:0e 3    439  [31,7,2,12,38]     00:00:00:00:00:07    00:00:00:00:00:0e 4    439  [31,8,1,11,38]     00:00:00:00:00:07    00:00:00:00:00:0e 5    439  [31,8,1,12,38]     00:00:00:00:00:07    00:00:00:00:00:0e 6    439  [31,8,2,11,38]     00:00:00:00:00:07    00:00:00:00:00:0e 7    439  [31,8,2,12,38]     00:00:00:00:00:07    00:00:00:00:00:0e 8    585  [31,7,1,2,11,38]     00:00:00:00:00:07    00:00:00:00:00:0e 9    585  [31,7,1,2,12,38]     00:00:00:00:00:07    00:00:00:00:00:0e 10    585  [31,7,2,1,11,38]     00:00:00:00:00:07    00:00:00:00:00:0e 11    585  [31,7,2,1,12,38]     00:00:00:00:00:07    00:00:00:00:00:0e 12    585  [31,8,1,2,11,38]     00:00:00:00:00:07    00:00:00:00:00:0e 13    585  [31,8,1,2,12,38]     00:00:00:00:00:07    00:00:00:00:00:0e 14    585  [31,8,2,1,11,38]     00:00:00:00:00:07    00:00:00:00:00:0e 15    585  [31,8,2,1,12,38]  
# h00:00:00:00:00:07 -> h00:00:00:00:00:01
   00:00:00:00:00:07    00:00:00:00:00:01 0    439  [31,7,1,5,25]     00:00:00:00:00:07    00:00:00:00:00:01 1    439  [31,7,1,6,25]     00:00:00:00:00:07    00:00:00:00:00:01 2    439  [31,7,2,5,25]     00:00:00:00:00:07    00:00:00:00:00:01 3    439  [31,7,2,6,25]     00:00:00:00:00:07    00:00:00:00:00:01 4    439  [31,8,1,5,25]     00:00:00:00:00:07    00:00:00:00:00:01 5    439  [31,8,1,6,25]     00:00:00:00:00:07    00:00:00:00:00:01 6    439  [31,8,2,5,25]     00:00:00:00:00:07    00:00:00:00:00:01 7    439  [31,8,2,6,25]     00:00:00:00:00:07    00:00:00:00:00:01 8    585  [31,7,1,2,5,25]     00:00:00:00:00:07    00:00:00:00:00:01 9    585  [31,7,1,2,6,25]     00:00:00:00:00:07    00:00:00:00:00:01 10    585  [31,7,2,1,5,25]     00:00:00:00:00:07    00:00:00:00:00:01 11    585  [31,7,2,1,6,25]     00:00:00:00:00:07    00:00:00:00:00:01 12    585  [31,8,1,2,5,25]     00:00:00:00:00:07    00:00:00:00:00:01 13    585  [31,8,1,2,6,25]     00:00:00:00:00:07    00:00:00:00:00:01 14    585  [31,8,2,1,5,25]     00:00:00:00:00:07    00:00:00:00:00:01 15    585  [31,8,2,1,6,25]  
# h00:00:00:00:00:07 -> h00:00:00:00:00:14
   00:00:00:00:00:07    00:00:00:00:00:14 0    585  [31,7,1,3,17,44]     00:00:00:00:00:07    00:00:00:00:00:14 1    585  [31,7,1,3,18,44]     00:00:00:00:00:07    00:00:00:00:00:14 2    585  [31,7,1,4,17,44]     00:00:00:00:00:07    00:00:00:00:00:14 3    585  [31,7,1,4,18,44]     00:00:00:00:00:07    00:00:00:00:00:14 4    585  [31,7,2,3,17,44]     00:00:00:00:00:07    00:00:00:00:00:14 5    585  [31,7,2,3,18,44]     00:00:00:00:00:07    00:00:00:00:00:14 6    585  [31,7,2,4,17,44]     00:00:00:00:00:07    00:00:00:00:00:14 7    585  [31,7,2,4,18,44]     00:00:00:00:00:07    00:00:00:00:00:14 8    585  [31,8,1,3,17,44]     00:00:00:00:00:07    00:00:00:00:00:14 9    585  [31,8,1,3,18,44]     00:00:00:00:00:07    00:00:00:00:00:14 10    585  [31,8,1,4,17,44]     00:00:00:00:00:07    00:00:00:00:00:14 11    585  [31,8,1,4,18,44]     00:00:00:00:00:07    00:00:00:00:00:14 12    585  [31,8,2,3,17,44]     00:00:00:00:00:07    00:00:00:00:00:14 13    585  [31,8,2,3,18,44]     00:00:00:00:00:07    00:00:00:00:00:14 14    585  [31,8,2,4,17,44]     00:00:00:00:00:07    00:00:00:00:00:14 15    585  [31,8,2,4,18,44]  
# h00:00:00:00:00:07 -> h00:00:00:00:00:0b
   00:00:00:00:00:07    00:00:00:00:00:0b 0    439  [31,7,1,9,35]     00:00:00:00:00:07    00:00:00:00:00:0b 1    439  [31,7,1,10,35]     00:00:00:00:00:07    00:00:00:00:00:0b 2    439  [31,7,2,9,35]     00:00:00:00:00:07    00:00:00:00:00:0b 3    439  [31,7,2,10,35]     00:00:00:00:00:07    00:00:00:00:00:0b 4    439  [31,8,1,9,35]     00:00:00:00:00:07    00:00:00:00:00:0b 5    439  [31,8,1,10,35]     00:00:00:00:00:07    00:00:00:00:00:0b 6    439  [31,8,2,9,35]     00:00:00:00:00:07    00:00:00:00:00:0b 7    439  [31,8,2,10,35]     00:00:00:00:00:07    00:00:00:00:00:0b 8    585  [31,7,1,2,9,35]     00:00:00:00:00:07    00:00:00:00:00:0b 9    585  [31,7,1,2,10,35]     00:00:00:00:00:07    00:00:00:00:00:0b 10    585  [31,7,2,1,9,35]     00:00:00:00:00:07    00:00:00:00:00:0b 11    585  [31,7,2,1,10,35]     00:00:00:00:00:07    00:00:00:00:00:0b 12    585  [31,8,1,2,9,35]     00:00:00:00:00:07    00:00:00:00:00:0b 13    585  [31,8,1,2,10,35]     00:00:00:00:00:07    00:00:00:00:00:0b 14    585  [31,8,2,1,9,35]     00:00:00:00:00:07    00:00:00:00:00:0b 15    585  [31,8,2,1,10,35]  
# h00:00:00:00:00:07 -> h00:00:00:00:00:0a
   00:00:00:00:00:07    00:00:00:00:00:0a 0    439  [31,7,1,9,34]     00:00:00:00:00:07    00:00:00:00:00:0a 1    439  [31,7,1,10,34]     00:00:00:00:00:07    00:00:00:00:00:0a 2    439  [31,7,2,9,34]     00:00:00:00:00:07    00:00:00:00:00:0a 3    439  [31,7,2,10,34]     00:00:00:00:00:07    00:00:00:00:00:0a 4    439  [31,8,1,9,34]     00:00:00:00:00:07    00:00:00:00:00:0a 5    439  [31,8,1,10,34]     00:00:00:00:00:07    00:00:00:00:00:0a 6    439  [31,8,2,9,34]     00:00:00:00:00:07    00:00:00:00:00:0a 7    439  [31,8,2,10,34]     00:00:00:00:00:07    00:00:00:00:00:0a 8    585  [31,7,1,2,9,34]     00:00:00:00:00:07    00:00:00:00:00:0a 9    585  [31,7,1,2,10,34]     00:00:00:00:00:07    00:00:00:00:00:0a 10    585  [31,7,2,1,9,34]     00:00:00:00:00:07    00:00:00:00:00:0a 11    585  [31,7,2,1,10,34]     00:00:00:00:00:07    00:00:00:00:00:0a 12    585  [31,8,1,2,9,34]     00:00:00:00:00:07    00:00:00:00:00:0a 13    585  [31,8,1,2,10,34]     00:00:00:00:00:07    00:00:00:00:00:0a 14    585  [31,8,2,1,9,34]     00:00:00:00:00:07    00:00:00:00:00:0a 15    585  [31,8,2,1,10,34]  
# h00:00:00:00:00:07 -> h00:00:00:00:00:0c
   00:00:00:00:00:07    00:00:00:00:00:0c 0    439  [31,7,1,9,36]     00:00:00:00:00:07    00:00:00:00:00:0c 1    439  [31,7,1,10,36]     00:00:00:00:00:07    00:00:00:00:00:0c 2    439  [31,7,2,9,36]     00:00:00:00:00:07    00:00:00:00:00:0c 3    439  [31,7,2,10,36]     00:00:00:00:00:07    00:00:00:00:00:0c 4    439  [31,8,1,9,36]     00:00:00:00:00:07    00:00:00:00:00:0c 5    439  [31,8,1,10,36]     00:00:00:00:00:07    00:00:00:00:00:0c 6    439  [31,8,2,9,36]     00:00:00:00:00:07    00:00:00:00:00:0c 7    439  [31,8,2,10,36]     00:00:00:00:00:07    00:00:00:00:00:0c 8    585  [31,7,1,2,9,36]     00:00:00:00:00:07    00:00:00:00:00:0c 9    585  [31,7,1,2,10,36]     00:00:00:00:00:07    00:00:00:00:00:0c 10    585  [31,7,2,1,9,36]     00:00:00:00:00:07    00:00:00:00:00:0c 11    585  [31,7,2,1,10,36]     00:00:00:00:00:07    00:00:00:00:00:0c 12    585  [31,8,1,2,9,36]     00:00:00:00:00:07    00:00:00:00:00:0c 13    585  [31,8,1,2,10,36]     00:00:00:00:00:07    00:00:00:00:00:0c 14    585  [31,8,2,1,9,36]     00:00:00:00:00:07    00:00:00:00:00:0c 15    585  [31,8,2,1,10,36]  
# h00:00:00:00:00:07 -> h00:00:00:00:00:0d
   00:00:00:00:00:07    00:00:00:00:00:0d 0    439  [31,7,1,11,37]     00:00:00:00:00:07    00:00:00:00:00:0d 1    439  [31,7,1,12,37]     00:00:00:00:00:07    00:00:00:00:00:0d 2    439  [31,7,2,11,37]     00:00:00:00:00:07    00:00:00:00:00:0d 3    439  [31,7,2,12,37]     00:00:00:00:00:07    00:00:00:00:00:0d 4    439  [31,8,1,11,37]     00:00:00:00:00:07    00:00:00:00:00:0d 5    439  [31,8,1,12,37]     00:00:00:00:00:07    00:00:00:00:00:0d 6    439  [31,8,2,11,37]     00:00:00:00:00:07    00:00:00:00:00:0d 7    439  [31,8,2,12,37]     00:00:00:00:00:07    00:00:00:00:00:0d 8    585  [31,7,1,2,11,37]     00:00:00:00:00:07    00:00:00:00:00:0d 9    585  [31,7,1,2,12,37]     00:00:00:00:00:07    00:00:00:00:00:0d 10    585  [31,7,2,1,11,37]     00:00:00:00:00:07    00:00:00:00:00:0d 11    585  [31,7,2,1,12,37]     00:00:00:00:00:07    00:00:00:00:00:0d 12    585  [31,8,1,2,11,37]     00:00:00:00:00:07    00:00:00:00:00:0d 13    585  [31,8,1,2,12,37]     00:00:00:00:00:07    00:00:00:00:00:0d 14    585  [31,8,2,1,11,37]     00:00:00:00:00:07    00:00:00:00:00:0d 15    585  [31,8,2,1,12,37]  
# h00:00:00:00:00:07 -> h00:00:00:00:00:03
   00:00:00:00:00:07    00:00:00:00:00:03 0    439  [31,7,1,5,27]     00:00:00:00:00:07    00:00:00:00:00:03 1    439  [31,7,1,6,27]     00:00:00:00:00:07    00:00:00:00:00:03 2    439  [31,7,2,5,27]     00:00:00:00:00:07    00:00:00:00:00:03 3    439  [31,7,2,6,27]     00:00:00:00:00:07    00:00:00:00:00:03 4    439  [31,8,1,5,27]     00:00:00:00:00:07    00:00:00:00:00:03 5    439  [31,8,1,6,27]     00:00:00:00:00:07    00:00:00:00:00:03 6    439  [31,8,2,5,27]     00:00:00:00:00:07    00:00:00:00:00:03 7    439  [31,8,2,6,27]     00:00:00:00:00:07    00:00:00:00:00:03 8    585  [31,7,1,2,5,27]     00:00:00:00:00:07    00:00:00:00:00:03 9    585  [31,7,1,2,6,27]     00:00:00:00:00:07    00:00:00:00:00:03 10    585  [31,7,2,1,5,27]     00:00:00:00:00:07    00:00:00:00:00:03 11    585  [31,7,2,1,6,27]     00:00:00:00:00:07    00:00:00:00:00:03 12    585  [31,8,1,2,5,27]     00:00:00:00:00:07    00:00:00:00:00:03 13    585  [31,8,1,2,6,27]     00:00:00:00:00:07    00:00:00:00:00:03 14    585  [31,8,2,1,5,27]     00:00:00:00:00:07    00:00:00:00:00:03 15    585  [31,8,2,1,6,27]  
# h00:00:00:00:00:07 -> h00:00:00:00:00:11
   00:00:00:00:00:07    00:00:00:00:00:11 0    585  [31,7,1,3,17,41]     00:00:00:00:00:07    00:00:00:00:00:11 1    585  [31,7,1,3,18,41]     00:00:00:00:00:07    00:00:00:00:00:11 2    585  [31,7,1,4,17,41]     00:00:00:00:00:07    00:00:00:00:00:11 3    585  [31,7,1,4,18,41]     00:00:00:00:00:07    00:00:00:00:00:11 4    585  [31,7,2,3,17,41]     00:00:00:00:00:07    00:00:00:00:00:11 5    585  [31,7,2,3,18,41]     00:00:00:00:00:07    00:00:00:00:00:11 6    585  [31,7,2,4,17,41]     00:00:00:00:00:07    00:00:00:00:00:11 7    585  [31,7,2,4,18,41]     00:00:00:00:00:07    00:00:00:00:00:11 8    585  [31,8,1,3,17,41]     00:00:00:00:00:07    00:00:00:00:00:11 9    585  [31,8,1,3,18,41]     00:00:00:00:00:07    00:00:00:00:00:11 10    585  [31,8,1,4,17,41]     00:00:00:00:00:07    00:00:00:00:00:11 11    585  [31,8,1,4,18,41]     00:00:00:00:00:07    00:00:00:00:00:11 12    585  [31,8,2,3,17,41]     00:00:00:00:00:07    00:00:00:00:00:11 13    585  [31,8,2,3,18,41]     00:00:00:00:00:07    00:00:00:00:00:11 14    585  [31,8,2,4,17,41]     00:00:00:00:00:07    00:00:00:00:00:11 15    585  [31,8,2,4,18,41]  
# h00:00:00:00:00:07 -> h00:00:00:00:00:02
   00:00:00:00:00:07    00:00:00:00:00:02 0    439  [31,7,1,5,26]     00:00:00:00:00:07    00:00:00:00:00:02 1    439  [31,7,1,6,26]     00:00:00:00:00:07    00:00:00:00:00:02 2    439  [31,7,2,5,26]     00:00:00:00:00:07    00:00:00:00:00:02 3    439  [31,7,2,6,26]     00:00:00:00:00:07    00:00:00:00:00:02 4    439  [31,8,1,5,26]     00:00:00:00:00:07    00:00:00:00:00:02 5    439  [31,8,1,6,26]     00:00:00:00:00:07    00:00:00:00:00:02 6    439  [31,8,2,5,26]     00:00:00:00:00:07    00:00:00:00:00:02 7    439  [31,8,2,6,26]     00:00:00:00:00:07    00:00:00:00:00:02 8    585  [31,7,1,2,5,26]     00:00:00:00:00:07    00:00:00:00:00:02 9    585  [31,7,1,2,6,26]     00:00:00:00:00:07    00:00:00:00:00:02 10    585  [31,7,2,1,5,26]     00:00:00:00:00:07    00:00:00:00:00:02 11    585  [31,7,2,1,6,26]     00:00:00:00:00:07    00:00:00:00:00:02 12    585  [31,8,1,2,5,26]     00:00:00:00:00:07    00:00:00:00:00:02 13    585  [31,8,1,2,6,26]     00:00:00:00:00:07    00:00:00:00:00:02 14    585  [31,8,2,1,5,26]     00:00:00:00:00:07    00:00:00:00:00:02 15    585  [31,8,2,1,6,26]  
# h00:00:00:00:00:07 -> h00:00:00:00:00:0f
   00:00:00:00:00:07    00:00:00:00:00:0f 0    439  [31,7,1,11,39]     00:00:00:00:00:07    00:00:00:00:00:0f 1    439  [31,7,1,12,39]     00:00:00:00:00:07    00:00:00:00:00:0f 2    439  [31,7,2,11,39]     00:00:00:00:00:07    00:00:00:00:00:0f 3    439  [31,7,2,12,39]     00:00:00:00:00:07    00:00:00:00:00:0f 4    439  [31,8,1,11,39]     00:00:00:00:00:07    00:00:00:00:00:0f 5    439  [31,8,1,12,39]     00:00:00:00:00:07    00:00:00:00:00:0f 6    439  [31,8,2,11,39]     00:00:00:00:00:07    00:00:00:00:00:0f 7    439  [31,8,2,12,39]     00:00:00:00:00:07    00:00:00:00:00:0f 8    585  [31,7,1,2,11,39]     00:00:00:00:00:07    00:00:00:00:00:0f 9    585  [31,7,1,2,12,39]     00:00:00:00:00:07    00:00:00:00:00:0f 10    585  [31,7,2,1,11,39]     00:00:00:00:00:07    00:00:00:00:00:0f 11    585  [31,7,2,1,12,39]     00:00:00:00:00:07    00:00:00:00:00:0f 12    585  [31,8,1,2,11,39]     00:00:00:00:00:07    00:00:00:00:00:0f 13    585  [31,8,1,2,12,39]     00:00:00:00:00:07    00:00:00:00:00:0f 14    585  [31,8,2,1,11,39]     00:00:00:00:00:07    00:00:00:00:00:0f 15    585  [31,8,2,1,12,39]  
# h00:00:00:00:00:07 -> h00:00:00:00:00:12
   00:00:00:00:00:07    00:00:00:00:00:12 0    585  [31,7,1,3,17,42]     00:00:00:00:00:07    00:00:00:00:00:12 1    585  [31,7,1,3,18,42]     00:00:00:00:00:07    00:00:00:00:00:12 2    585  [31,7,1,4,17,42]     00:00:00:00:00:07    00:00:00:00:00:12 3    585  [31,7,1,4,18,42]     00:00:00:00:00:07    00:00:00:00:00:12 4    585  [31,7,2,3,17,42]     00:00:00:00:00:07    00:00:00:00:00:12 5    585  [31,7,2,3,18,42]     00:00:00:00:00:07    00:00:00:00:00:12 6    585  [31,7,2,4,17,42]     00:00:00:00:00:07    00:00:00:00:00:12 7    585  [31,7,2,4,18,42]     00:00:00:00:00:07    00:00:00:00:00:12 8    585  [31,8,1,3,17,42]     00:00:00:00:00:07    00:00:00:00:00:12 9    585  [31,8,1,3,18,42]     00:00:00:00:00:07    00:00:00:00:00:12 10    585  [31,8,1,4,17,42]     00:00:00:00:00:07    00:00:00:00:00:12 11    585  [31,8,1,4,18,42]     00:00:00:00:00:07    00:00:00:00:00:12 12    585  [31,8,2,3,17,42]     00:00:00:00:00:07    00:00:00:00:00:12 13    585  [31,8,2,3,18,42]     00:00:00:00:00:07    00:00:00:00:00:12 14    585  [31,8,2,4,17,42]     00:00:00:00:00:07    00:00:00:00:00:12 15    585  [31,8,2,4,18,42]  
# h00:00:00:00:00:07 -> h00:00:00:00:00:15
   00:00:00:00:00:07    00:00:00:00:00:15 0    585  [31,7,1,3,17,45]     00:00:00:00:00:07    00:00:00:00:00:15 1    585  [31,7,1,3,18,45]     00:00:00:00:00:07    00:00:00:00:00:15 2    585  [31,7,1,4,17,45]     00:00:00:00:00:07    00:00:00:00:00:15 3    585  [31,7,1,4,18,45]     00:00:00:00:00:07    00:00:00:00:00:15 4    585  [31,7,2,3,17,45]     00:00:00:00:00:07    00:00:00:00:00:15 5    585  [31,7,2,3,18,45]     00:00:00:00:00:07    00:00:00:00:00:15 6    585  [31,7,2,4,17,45]     00:00:00:00:00:07    00:00:00:00:00:15 7    585  [31,7,2,4,18,45]     00:00:00:00:00:07    00:00:00:00:00:15 8    585  [31,8,1,3,17,45]     00:00:00:00:00:07    00:00:00:00:00:15 9    585  [31,8,1,3,18,45]     00:00:00:00:00:07    00:00:00:00:00:15 10    585  [31,8,1,4,17,45]     00:00:00:00:00:07    00:00:00:00:00:15 11    585  [31,8,1,4,18,45]     00:00:00:00:00:07    00:00:00:00:00:15 12    585  [31,8,2,3,17,45]     00:00:00:00:00:07    00:00:00:00:00:15 13    585  [31,8,2,3,18,45]     00:00:00:00:00:07    00:00:00:00:00:15 14    585  [31,8,2,4,17,45]     00:00:00:00:00:07    00:00:00:00:00:15 15    585  [31,8,2,4,18,45]  
# h00:00:00:00:00:07 -> h00:00:00:00:00:13
   00:00:00:00:00:07    00:00:00:00:00:13 0    585  [31,7,1,3,17,43]     00:00:00:00:00:07    00:00:00:00:00:13 1    585  [31,7,1,3,18,43]     00:00:00:00:00:07    00:00:00:00:00:13 2    585  [31,7,1,4,17,43]     00:00:00:00:00:07    00:00:00:00:00:13 3    585  [31,7,1,4,18,43]     00:00:00:00:00:07    00:00:00:00:00:13 4    585  [31,7,2,3,17,43]     00:00:00:00:00:07    00:00:00:00:00:13 5    585  [31,7,2,3,18,43]     00:00:00:00:00:07    00:00:00:00:00:13 6    585  [31,7,2,4,17,43]     00:00:00:00:00:07    00:00:00:00:00:13 7    585  [31,7,2,4,18,43]     00:00:00:00:00:07    00:00:00:00:00:13 8    585  [31,8,1,3,17,43]     00:00:00:00:00:07    00:00:00:00:00:13 9    585  [31,8,1,3,18,43]     00:00:00:00:00:07    00:00:00:00:00:13 10    585  [31,8,1,4,17,43]     00:00:00:00:00:07    00:00:00:00:00:13 11    585  [31,8,1,4,18,43]     00:00:00:00:00:07    00:00:00:00:00:13 12    585  [31,8,2,3,17,43]     00:00:00:00:00:07    00:00:00:00:00:13 13    585  [31,8,2,3,18,43]     00:00:00:00:00:07    00:00:00:00:00:13 14    585  [31,8,2,4,17,43]     00:00:00:00:00:07    00:00:00:00:00:13 15    585  [31,8,2,4,18,43]  
# h00:00:00:00:00:1b -> h00:00:00:00:00:16
   00:00:00:00:00:1b    00:00:00:00:00:16 0    439  [24,15,3,13,19]     00:00:00:00:00:1b    00:00:00:00:00:16 1    439  [24,15,3,14,19]     00:00:00:00:00:1b    00:00:00:00:00:16 2    439  [24,15,4,13,19]     00:00:00:00:00:1b    00:00:00:00:00:16 3    439  [24,15,4,14,19]     00:00:00:00:00:1b    00:00:00:00:00:16 4    439  [24,16,3,13,19]     00:00:00:00:00:1b    00:00:00:00:00:16 5    439  [24,16,3,14,19]     00:00:00:00:00:1b    00:00:00:00:00:16 6    439  [24,16,4,13,19]     00:00:00:00:00:1b    00:00:00:00:00:16 7    439  [24,16,4,14,19]     00:00:00:00:00:1b    00:00:00:00:00:16 8    585  [24,15,3,4,13,19]     00:00:00:00:00:1b    00:00:00:00:00:16 9    585  [24,15,3,4,14,19]     00:00:00:00:00:1b    00:00:00:00:00:16 10    585  [24,15,4,3,13,19]     00:00:00:00:00:1b    00:00:00:00:00:16 11    585  [24,15,4,3,14,19]     00:00:00:00:00:1b    00:00:00:00:00:16 12    585  [24,16,3,4,13,19]     00:00:00:00:00:1b    00:00:00:00:00:16 13    585  [24,16,3,4,14,19]     00:00:00:00:00:1b    00:00:00:00:00:16 14    585  [24,16,4,3,13,19]     00:00:00:00:00:1b    00:00:00:00:00:16 15    585  [24,16,4,3,14,19]  
# h00:00:00:00:00:1b -> h00:00:00:00:00:06
   00:00:00:00:00:1b    00:00:00:00:00:06 0    585  [24,15,3,1,7,30]     00:00:00:00:00:1b    00:00:00:00:00:06 1    585  [24,15,3,1,8,30]     00:00:00:00:00:1b    00:00:00:00:00:06 2    585  [24,15,3,2,7,30]     00:00:00:00:00:1b    00:00:00:00:00:06 3    585  [24,15,3,2,8,30]     00:00:00:00:00:1b    00:00:00:00:00:06 4    585  [24,15,4,1,7,30]     00:00:00:00:00:1b    00:00:00:00:00:06 5    585  [24,15,4,1,8,30]     00:00:00:00:00:1b    00:00:00:00:00:06 6    585  [24,15,4,2,7,30]     00:00:00:00:00:1b    00:00:00:00:00:06 7    585  [24,15,4,2,8,30]     00:00:00:00:00:1b    00:00:00:00:00:06 8    585  [24,16,3,1,7,30]     00:00:00:00:00:1b    00:00:00:00:00:06 9    585  [24,16,3,1,8,30]     00:00:00:00:00:1b    00:00:00:00:00:06 10    585  [24,16,3,2,7,30]     00:00:00:00:00:1b    00:00:00:00:00:06 11    585  [24,16,3,2,8,30]     00:00:00:00:00:1b    00:00:00:00:00:06 12    585  [24,16,4,1,7,30]     00:00:00:00:00:1b    00:00:00:00:00:06 13    585  [24,16,4,1,8,30]     00:00:00:00:00:1b    00:00:00:00:00:06 14    585  [24,16,4,2,7,30]     00:00:00:00:00:1b    00:00:00:00:00:06 15    585  [24,16,4,2,8,30]  
# h00:00:00:00:00:1b -> h00:00:00:00:00:07
   00:00:00:00:00:1b    00:00:00:00:00:07 0    585  [24,15,3,1,7,31]     00:00:00:00:00:1b    00:00:00:00:00:07 1    585  [24,15,3,1,8,31]     00:00:00:00:00:1b    00:00:00:00:00:07 2    585  [24,15,3,2,7,31]     00:00:00:00:00:1b    00:00:00:00:00:07 3    585  [24,15,3,2,8,31]     00:00:00:00:00:1b    00:00:00:00:00:07 4    585  [24,15,4,1,7,31]     00:00:00:00:00:1b    00:00:00:00:00:07 5    585  [24,15,4,1,8,31]     00:00:00:00:00:1b    00:00:00:00:00:07 6    585  [24,15,4,2,7,31]     00:00:00:00:00:1b    00:00:00:00:00:07 7    585  [24,15,4,2,8,31]     00:00:00:00:00:1b    00:00:00:00:00:07 8    585  [24,16,3,1,7,31]     00:00:00:00:00:1b    00:00:00:00:00:07 9    585  [24,16,3,1,8,31]     00:00:00:00:00:1b    00:00:00:00:00:07 10    585  [24,16,3,2,7,31]     00:00:00:00:00:1b    00:00:00:00:00:07 11    585  [24,16,3,2,8,31]     00:00:00:00:00:1b    00:00:00:00:00:07 12    585  [24,16,4,1,7,31]     00:00:00:00:00:1b    00:00:00:00:00:07 13    585  [24,16,4,1,8,31]     00:00:00:00:00:1b    00:00:00:00:00:07 14    585  [24,16,4,2,7,31]     00:00:00:00:00:1b    00:00:00:00:00:07 15    585  [24,16,4,2,8,31]  
# h00:00:00:00:00:1b -> h00:00:00:00:00:17
   00:00:00:00:00:1b    00:00:00:00:00:17 0    439  [24,15,3,13,20]     00:00:00:00:00:1b    00:00:00:00:00:17 1    439  [24,15,3,14,20]     00:00:00:00:00:1b    00:00:00:00:00:17 2    439  [24,15,4,13,20]     00:00:00:00:00:1b    00:00:00:00:00:17 3    439  [24,15,4,14,20]     00:00:00:00:00:1b    00:00:00:00:00:17 4    439  [24,16,3,13,20]     00:00:00:00:00:1b    00:00:00:00:00:17 5    439  [24,16,3,14,20]     00:00:00:00:00:1b    00:00:00:00:00:17 6    439  [24,16,4,13,20]     00:00:00:00:00:1b    00:00:00:00:00:17 7    439  [24,16,4,14,20]     00:00:00:00:00:1b    00:00:00:00:00:17 8    585  [24,15,3,4,13,20]     00:00:00:00:00:1b    00:00:00:00:00:17 9    585  [24,15,3,4,14,20]     00:00:00:00:00:1b    00:00:00:00:00:17 10    585  [24,15,4,3,13,20]     00:00:00:00:00:1b    00:00:00:00:00:17 11    585  [24,15,4,3,14,20]     00:00:00:00:00:1b    00:00:00:00:00:17 12    585  [24,16,3,4,13,20]     00:00:00:00:00:1b    00:00:00:00:00:17 13    585  [24,16,3,4,14,20]     00:00:00:00:00:1b    00:00:00:00:00:17 14    585  [24,16,4,3,13,20]     00:00:00:00:00:1b    00:00:00:00:00:17 15    585  [24,16,4,3,14,20]  
# h00:00:00:00:00:1b -> h00:00:00:00:00:09
   00:00:00:00:00:1b    00:00:00:00:00:09 0    585  [24,15,3,1,9,33]     00:00:00:00:00:1b    00:00:00:00:00:09 1    585  [24,15,3,1,10,33]     00:00:00:00:00:1b    00:00:00:00:00:09 2    585  [24,15,3,2,9,33]     00:00:00:00:00:1b    00:00:00:00:00:09 3    585  [24,15,3,2,10,33]     00:00:00:00:00:1b    00:00:00:00:00:09 4    585  [24,15,4,1,9,33]     00:00:00:00:00:1b    00:00:00:00:00:09 5    585  [24,15,4,1,10,33]     00:00:00:00:00:1b    00:00:00:00:00:09 6    585  [24,15,4,2,9,33]     00:00:00:00:00:1b    00:00:00:00:00:09 7    585  [24,15,4,2,10,33]     00:00:00:00:00:1b    00:00:00:00:00:09 8    585  [24,16,3,1,9,33]     00:00:00:00:00:1b    00:00:00:00:00:09 9    585  [24,16,3,1,10,33]     00:00:00:00:00:1b    00:00:00:00:00:09 10    585  [24,16,3,2,9,33]     00:00:00:00:00:1b    00:00:00:00:00:09 11    585  [24,16,3,2,10,33]     00:00:00:00:00:1b    00:00:00:00:00:09 12    585  [24,16,4,1,9,33]     00:00:00:00:00:1b    00:00:00:00:00:09 13    585  [24,16,4,1,10,33]     00:00:00:00:00:1b    00:00:00:00:00:09 14    585  [24,16,4,2,9,33]     00:00:00:00:00:1b    00:00:00:00:00:09 15    585  [24,16,4,2,10,33]  
# h00:00:00:00:00:1b -> h00:00:00:00:00:05
   00:00:00:00:00:1b    00:00:00:00:00:05 0    585  [24,15,3,1,7,29]     00:00:00:00:00:1b    00:00:00:00:00:05 1    585  [24,15,3,1,8,29]     00:00:00:00:00:1b    00:00:00:00:00:05 2    585  [24,15,3,2,7,29]     00:00:00:00:00:1b    00:00:00:00:00:05 3    585  [24,15,3,2,8,29]     00:00:00:00:00:1b    00:00:00:00:00:05 4    585  [24,15,4,1,7,29]     00:00:00:00:00:1b    00:00:00:00:00:05 5    585  [24,15,4,1,8,29]     00:00:00:00:00:1b    00:00:00:00:00:05 6    585  [24,15,4,2,7,29]     00:00:00:00:00:1b    00:00:00:00:00:05 7    585  [24,15,4,2,8,29]     00:00:00:00:00:1b    00:00:00:00:00:05 8    585  [24,16,3,1,7,29]     00:00:00:00:00:1b    00:00:00:00:00:05 9    585  [24,16,3,1,8,29]     00:00:00:00:00:1b    00:00:00:00:00:05 10    585  [24,16,3,2,7,29]     00:00:00:00:00:1b    00:00:00:00:00:05 11    585  [24,16,3,2,8,29]     00:00:00:00:00:1b    00:00:00:00:00:05 12    585  [24,16,4,1,7,29]     00:00:00:00:00:1b    00:00:00:00:00:05 13    585  [24,16,4,1,8,29]     00:00:00:00:00:1b    00:00:00:00:00:05 14    585  [24,16,4,2,7,29]     00:00:00:00:00:1b    00:00:00:00:00:05 15    585  [24,16,4,2,8,29]  
# h00:00:00:00:00:1b -> h00:00:00:00:00:08
   00:00:00:00:00:1b    00:00:00:00:00:08 0    585  [24,15,3,1,7,32]     00:00:00:00:00:1b    00:00:00:00:00:08 1    585  [24,15,3,1,8,32]     00:00:00:00:00:1b    00:00:00:00:00:08 2    585  [24,15,3,2,7,32]     00:00:00:00:00:1b    00:00:00:00:00:08 3    585  [24,15,3,2,8,32]     00:00:00:00:00:1b    00:00:00:00:00:08 4    585  [24,15,4,1,7,32]     00:00:00:00:00:1b    00:00:00:00:00:08 5    585  [24,15,4,1,8,32]     00:00:00:00:00:1b    00:00:00:00:00:08 6    585  [24,15,4,2,7,32]     00:00:00:00:00:1b    00:00:00:00:00:08 7    585  [24,15,4,2,8,32]     00:00:00:00:00:1b    00:00:00:00:00:08 8    585  [24,16,3,1,7,32]     00:00:00:00:00:1b    00:00:00:00:00:08 9    585  [24,16,3,1,8,32]     00:00:00:00:00:1b    00:00:00:00:00:08 10    585  [24,16,3,2,7,32]     00:00:00:00:00:1b    00:00:00:00:00:08 11    585  [24,16,3,2,8,32]     00:00:00:00:00:1b    00:00:00:00:00:08 12    585  [24,16,4,1,7,32]     00:00:00:00:00:1b    00:00:00:00:00:08 13    585  [24,16,4,1,8,32]     00:00:00:00:00:1b    00:00:00:00:00:08 14    585  [24,16,4,2,7,32]     00:00:00:00:00:1b    00:00:00:00:00:08 15    585  [24,16,4,2,8,32]  
# h00:00:00:00:00:1b -> h00:00:00:00:00:04
   00:00:00:00:00:1b    00:00:00:00:00:04 0    585  [24,15,3,1,5,28]     00:00:00:00:00:1b    00:00:00:00:00:04 1    585  [24,15,3,1,6,28]     00:00:00:00:00:1b    00:00:00:00:00:04 2    585  [24,15,3,2,5,28]     00:00:00:00:00:1b    00:00:00:00:00:04 3    585  [24,15,3,2,6,28]     00:00:00:00:00:1b    00:00:00:00:00:04 4    585  [24,15,4,1,5,28]     00:00:00:00:00:1b    00:00:00:00:00:04 5    585  [24,15,4,1,6,28]     00:00:00:00:00:1b    00:00:00:00:00:04 6    585  [24,15,4,2,5,28]     00:00:00:00:00:1b    00:00:00:00:00:04 7    585  [24,15,4,2,6,28]     00:00:00:00:00:1b    00:00:00:00:00:04 8    585  [24,16,3,1,5,28]     00:00:00:00:00:1b    00:00:00:00:00:04 9    585  [24,16,3,1,6,28]     00:00:00:00:00:1b    00:00:00:00:00:04 10    585  [24,16,3,2,5,28]     00:00:00:00:00:1b    00:00:00:00:00:04 11    585  [24,16,3,2,6,28]     00:00:00:00:00:1b    00:00:00:00:00:04 12    585  [24,16,4,1,5,28]     00:00:00:00:00:1b    00:00:00:00:00:04 13    585  [24,16,4,1,6,28]     00:00:00:00:00:1b    00:00:00:00:00:04 14    585  [24,16,4,2,5,28]     00:00:00:00:00:1b    00:00:00:00:00:04 15    585  [24,16,4,2,6,28]  
# h00:00:00:00:00:1b -> h00:00:00:00:00:1a
   00:00:00:00:00:1b    00:00:00:00:00:1a 0    146  [24,15,23]     00:00:00:00:00:1b    00:00:00:00:00:1a 1    146  [24,16,23]     00:00:00:00:00:1b    00:00:00:00:00:1a 2    439  [24,15,3,16,23]     00:00:00:00:00:1b    00:00:00:00:00:1a 3    439  [24,15,4,16,23]     00:00:00:00:00:1b    00:00:00:00:00:1a 4    439  [24,15,22,16,23]     00:00:00:00:00:1b    00:00:00:00:00:1a 5    439  [24,16,3,15,23]     00:00:00:00:00:1b    00:00:00:00:00:1a 6    439  [24,16,4,15,23]     00:00:00:00:00:1b    00:00:00:00:00:1a 7    439  [24,16,22,15,23]     00:00:00:00:00:1b    00:00:00:00:00:1a 8    585  [24,15,3,4,16,23]     00:00:00:00:00:1b    00:00:00:00:00:1a 9    585  [24,15,4,3,16,23]     00:00:00:00:00:1b    00:00:00:00:00:1a 10    585  [24,16,3,4,15,23]     00:00:00:00:00:1b    00:00:00:00:00:1a 11    585  [24,16,4,3,15,23]     00:00:00:00:00:1b    00:00:00:00:00:1a 12    731  [24,15,3,1,4,16,23]     00:00:00:00:00:1b    00:00:00:00:00:1a 13    731  [24,15,3,2,4,16,23]     00:00:00:00:00:1b    00:00:00:00:00:1a 14    731  [24,15,3,13,4,16,23]     00:00:00:00:00:1b    00:00:00:00:00:1a 15    731  [24,15,3,14,4,16,23]  
# h00:00:00:00:00:1b -> h00:00:00:00:00:10
   00:00:00:00:00:1b    00:00:00:00:00:10 0    585  [24,15,3,1,11,40]     00:00:00:00:00:1b    00:00:00:00:00:10 1    585  [24,15,3,1,12,40]     00:00:00:00:00:1b    00:00:00:00:00:10 2    585  [24,15,3,2,11,40]     00:00:00:00:00:1b    00:00:00:00:00:10 3    585  [24,15,3,2,12,40]     00:00:00:00:00:1b    00:00:00:00:00:10 4    585  [24,15,4,1,11,40]     00:00:00:00:00:1b    00:00:00:00:00:10 5    585  [24,15,4,1,12,40]     00:00:00:00:00:1b    00:00:00:00:00:10 6    585  [24,15,4,2,11,40]     00:00:00:00:00:1b    00:00:00:00:00:10 7    585  [24,15,4,2,12,40]     00:00:00:00:00:1b    00:00:00:00:00:10 8    585  [24,16,3,1,11,40]     00:00:00:00:00:1b    00:00:00:00:00:10 9    585  [24,16,3,1,12,40]     00:00:00:00:00:1b    00:00:00:00:00:10 10    585  [24,16,3,2,11,40]     00:00:00:00:00:1b    00:00:00:00:00:10 11    585  [24,16,3,2,12,40]     00:00:00:00:00:1b    00:00:00:00:00:10 12    585  [24,16,4,1,11,40]     00:00:00:00:00:1b    00:00:00:00:00:10 13    585  [24,16,4,1,12,40]     00:00:00:00:00:1b    00:00:00:00:00:10 14    585  [24,16,4,2,11,40]     00:00:00:00:00:1b    00:00:00:00:00:10 15    585  [24,16,4,2,12,40]  
# h00:00:00:00:00:1b -> h00:00:00:00:00:18
   00:00:00:00:00:1b    00:00:00:00:00:18 0    439  [24,15,3,13,21]     00:00:00:00:00:1b    00:00:00:00:00:18 1    439  [24,15,3,14,21]     00:00:00:00:00:1b    00:00:00:00:00:18 2    439  [24,15,4,13,21]     00:00:00:00:00:1b    00:00:00:00:00:18 3    439  [24,15,4,14,21]     00:00:00:00:00:1b    00:00:00:00:00:18 4    439  [24,16,3,13,21]     00:00:00:00:00:1b    00:00:00:00:00:18 5    439  [24,16,3,14,21]     00:00:00:00:00:1b    00:00:00:00:00:18 6    439  [24,16,4,13,21]     00:00:00:00:00:1b    00:00:00:00:00:18 7    439  [24,16,4,14,21]     00:00:00:00:00:1b    00:00:00:00:00:18 8    585  [24,15,3,4,13,21]     00:00:00:00:00:1b    00:00:00:00:00:18 9    585  [24,15,3,4,14,21]     00:00:00:00:00:1b    00:00:00:00:00:18 10    585  [24,15,4,3,13,21]     00:00:00:00:00:1b    00:00:00:00:00:18 11    585  [24,15,4,3,14,21]     00:00:00:00:00:1b    00:00:00:00:00:18 12    585  [24,16,3,4,13,21]     00:00:00:00:00:1b    00:00:00:00:00:18 13    585  [24,16,3,4,14,21]     00:00:00:00:00:1b    00:00:00:00:00:18 14    585  [24,16,4,3,13,21]     00:00:00:00:00:1b    00:00:00:00:00:18 15    585  [24,16,4,3,14,21]  
# h00:00:00:00:00:1b -> h00:00:00:00:00:19
   00:00:00:00:00:1b    00:00:00:00:00:19 0    146  [24,15,22]     00:00:00:00:00:1b    00:00:00:00:00:19 1    146  [24,16,22]     00:00:00:00:00:1b    00:00:00:00:00:19 2    439  [24,15,3,16,22]     00:00:00:00:00:1b    00:00:00:00:00:19 3    439  [24,15,4,16,22]     00:00:00:00:00:1b    00:00:00:00:00:19 4    439  [24,15,23,16,22]     00:00:00:00:00:1b    00:00:00:00:00:19 5    439  [24,16,3,15,22]     00:00:00:00:00:1b    00:00:00:00:00:19 6    439  [24,16,4,15,22]     00:00:00:00:00:1b    00:00:00:00:00:19 7    439  [24,16,23,15,22]     00:00:00:00:00:1b    00:00:00:00:00:19 8    585  [24,15,3,4,16,22]     00:00:00:00:00:1b    00:00:00:00:00:19 9    585  [24,15,4,3,16,22]     00:00:00:00:00:1b    00:00:00:00:00:19 10    585  [24,16,3,4,15,22]     00:00:00:00:00:1b    00:00:00:00:00:19 11    585  [24,16,4,3,15,22]     00:00:00:00:00:1b    00:00:00:00:00:19 12    731  [24,15,3,1,4,16,22]     00:00:00:00:00:1b    00:00:00:00:00:19 13    731  [24,15,3,2,4,16,22]     00:00:00:00:00:1b    00:00:00:00:00:19 14    731  [24,15,3,13,4,16,22]     00:00:00:00:00:1b    00:00:00:00:00:19 15    731  [24,15,3,14,4,16,22]  
# h00:00:00:00:00:1b -> h00:00:00:00:00:0e
   00:00:00:00:00:1b    00:00:00:00:00:0e 0    585  [24,15,3,1,11,38]     00:00:00:00:00:1b    00:00:00:00:00:0e 1    585  [24,15,3,1,12,38]     00:00:00:00:00:1b    00:00:00:00:00:0e 2    585  [24,15,3,2,11,38]     00:00:00:00:00:1b    00:00:00:00:00:0e 3    585  [24,15,3,2,12,38]     00:00:00:00:00:1b    00:00:00:00:00:0e 4    585  [24,15,4,1,11,38]     00:00:00:00:00:1b    00:00:00:00:00:0e 5    585  [24,15,4,1,12,38]     00:00:00:00:00:1b    00:00:00:00:00:0e 6    585  [24,15,4,2,11,38]     00:00:00:00:00:1b    00:00:00:00:00:0e 7    585  [24,15,4,2,12,38]     00:00:00:00:00:1b    00:00:00:00:00:0e 8    585  [24,16,3,1,11,38]     00:00:00:00:00:1b    00:00:00:00:00:0e 9    585  [24,16,3,1,12,38]     00:00:00:00:00:1b    00:00:00:00:00:0e 10    585  [24,16,3,2,11,38]     00:00:00:00:00:1b    00:00:00:00:00:0e 11    585  [24,16,3,2,12,38]     00:00:00:00:00:1b    00:00:00:00:00:0e 12    585  [24,16,4,1,11,38]     00:00:00:00:00:1b    00:00:00:00:00:0e 13    585  [24,16,4,1,12,38]     00:00:00:00:00:1b    00:00:00:00:00:0e 14    585  [24,16,4,2,11,38]     00:00:00:00:00:1b    00:00:00:00:00:0e 15    585  [24,16,4,2,12,38]  
# h00:00:00:00:00:1b -> h00:00:00:00:00:01
   00:00:00:00:00:1b    00:00:00:00:00:01 0    585  [24,15,3,1,5,25]     00:00:00:00:00:1b    00:00:00:00:00:01 1    585  [24,15,3,1,6,25]     00:00:00:00:00:1b    00:00:00:00:00:01 2    585  [24,15,3,2,5,25]     00:00:00:00:00:1b    00:00:00:00:00:01 3    585  [24,15,3,2,6,25]     00:00:00:00:00:1b    00:00:00:00:00:01 4    585  [24,15,4,1,5,25]     00:00:00:00:00:1b    00:00:00:00:00:01 5    585  [24,15,4,1,6,25]     00:00:00:00:00:1b    00:00:00:00:00:01 6    585  [24,15,4,2,5,25]     00:00:00:00:00:1b    00:00:00:00:00:01 7    585  [24,15,4,2,6,25]     00:00:00:00:00:1b    00:00:00:00:00:01 8    585  [24,16,3,1,5,25]     00:00:00:00:00:1b    00:00:00:00:00:01 9    585  [24,16,3,1,6,25]     00:00:00:00:00:1b    00:00:00:00:00:01 10    585  [24,16,3,2,5,25]     00:00:00:00:00:1b    00:00:00:00:00:01 11    585  [24,16,3,2,6,25]     00:00:00:00:00:1b    00:00:00:00:00:01 12    585  [24,16,4,1,5,25]     00:00:00:00:00:1b    00:00:00:00:00:01 13    585  [24,16,4,1,6,25]     00:00:00:00:00:1b    00:00:00:00:00:01 14    585  [24,16,4,2,5,25]     00:00:00:00:00:1b    00:00:00:00:00:01 15    585  [24,16,4,2,6,25]  
# h00:00:00:00:00:1b -> h00:00:00:00:00:14
   00:00:00:00:00:1b    00:00:00:00:00:14 0    439  [24,15,3,17,44]     00:00:00:00:00:1b    00:00:00:00:00:14 1    439  [24,15,3,18,44]     00:00:00:00:00:1b    00:00:00:00:00:14 2    439  [24,15,4,17,44]     00:00:00:00:00:1b    00:00:00:00:00:14 3    439  [24,15,4,18,44]     00:00:00:00:00:1b    00:00:00:00:00:14 4    439  [24,16,3,17,44]     00:00:00:00:00:1b    00:00:00:00:00:14 5    439  [24,16,3,18,44]     00:00:00:00:00:1b    00:00:00:00:00:14 6    439  [24,16,4,17,44]     00:00:00:00:00:1b    00:00:00:00:00:14 7    439  [24,16,4,18,44]     00:00:00:00:00:1b    00:00:00:00:00:14 8    585  [24,15,3,4,17,44]     00:00:00:00:00:1b    00:00:00:00:00:14 9    585  [24,15,3,4,18,44]     00:00:00:00:00:1b    00:00:00:00:00:14 10    585  [24,15,4,3,17,44]     00:00:00:00:00:1b    00:00:00:00:00:14 11    585  [24,15,4,3,18,44]     00:00:00:00:00:1b    00:00:00:00:00:14 12    585  [24,16,3,4,17,44]     00:00:00:00:00:1b    00:00:00:00:00:14 13    585  [24,16,3,4,18,44]     00:00:00:00:00:1b    00:00:00:00:00:14 14    585  [24,16,4,3,17,44]     00:00:00:00:00:1b    00:00:00:00:00:14 15    585  [24,16,4,3,18,44]  
# h00:00:00:00:00:1b -> h00:00:00:00:00:0b
   00:00:00:00:00:1b    00:00:00:00:00:0b 0    585  [24,15,3,1,9,35]     00:00:00:00:00:1b    00:00:00:00:00:0b 1    585  [24,15,3,1,10,35]     00:00:00:00:00:1b    00:00:00:00:00:0b 2    585  [24,15,3,2,9,35]     00:00:00:00:00:1b    00:00:00:00:00:0b 3    585  [24,15,3,2,10,35]     00:00:00:00:00:1b    00:00:00:00:00:0b 4    585  [24,15,4,1,9,35]     00:00:00:00:00:1b    00:00:00:00:00:0b 5    585  [24,15,4,1,10,35]     00:00:00:00:00:1b    00:00:00:00:00:0b 6    585  [24,15,4,2,9,35]     00:00:00:00:00:1b    00:00:00:00:00:0b 7    585  [24,15,4,2,10,35]     00:00:00:00:00:1b    00:00:00:00:00:0b 8    585  [24,16,3,1,9,35]     00:00:00:00:00:1b    00:00:00:00:00:0b 9    585  [24,16,3,1,10,35]     00:00:00:00:00:1b    00:00:00:00:00:0b 10    585  [24,16,3,2,9,35]     00:00:00:00:00:1b    00:00:00:00:00:0b 11    585  [24,16,3,2,10,35]     00:00:00:00:00:1b    00:00:00:00:00:0b 12    585  [24,16,4,1,9,35]     00:00:00:00:00:1b    00:00:00:00:00:0b 13    585  [24,16,4,1,10,35]     00:00:00:00:00:1b    00:00:00:00:00:0b 14    585  [24,16,4,2,9,35]     00:00:00:00:00:1b    00:00:00:00:00:0b 15    585  [24,16,4,2,10,35]  
# h00:00:00:00:00:1b -> h00:00:00:00:00:0a
   00:00:00:00:00:1b    00:00:00:00:00:0a 0    585  [24,15,3,1,9,34]     00:00:00:00:00:1b    00:00:00:00:00:0a 1    585  [24,15,3,1,10,34]     00:00:00:00:00:1b    00:00:00:00:00:0a 2    585  [24,15,3,2,9,34]     00:00:00:00:00:1b    00:00:00:00:00:0a 3    585  [24,15,3,2,10,34]     00:00:00:00:00:1b    00:00:00:00:00:0a 4    585  [24,15,4,1,9,34]     00:00:00:00:00:1b    00:00:00:00:00:0a 5    585  [24,15,4,1,10,34]     00:00:00:00:00:1b    00:00:00:00:00:0a 6    585  [24,15,4,2,9,34]     00:00:00:00:00:1b    00:00:00:00:00:0a 7    585  [24,15,4,2,10,34]     00:00:00:00:00:1b    00:00:00:00:00:0a 8    585  [24,16,3,1,9,34]     00:00:00:00:00:1b    00:00:00:00:00:0a 9    585  [24,16,3,1,10,34]     00:00:00:00:00:1b    00:00:00:00:00:0a 10    585  [24,16,3,2,9,34]     00:00:00:00:00:1b    00:00:00:00:00:0a 11    585  [24,16,3,2,10,34]     00:00:00:00:00:1b    00:00:00:00:00:0a 12    585  [24,16,4,1,9,34]     00:00:00:00:00:1b    00:00:00:00:00:0a 13    585  [24,16,4,1,10,34]     00:00:00:00:00:1b    00:00:00:00:00:0a 14    585  [24,16,4,2,9,34]     00:00:00:00:00:1b    00:00:00:00:00:0a 15    585  [24,16,4,2,10,34]  
# h00:00:00:00:00:1b -> h00:00:00:00:00:0c
   00:00:00:00:00:1b    00:00:00:00:00:0c 0    585  [24,15,3,1,9,36]     00:00:00:00:00:1b    00:00:00:00:00:0c 1    585  [24,15,3,1,10,36]     00:00:00:00:00:1b    00:00:00:00:00:0c 2    585  [24,15,3,2,9,36]     00:00:00:00:00:1b    00:00:00:00:00:0c 3    585  [24,15,3,2,10,36]     00:00:00:00:00:1b    00:00:00:00:00:0c 4    585  [24,15,4,1,9,36]     00:00:00:00:00:1b    00:00:00:00:00:0c 5    585  [24,15,4,1,10,36]     00:00:00:00:00:1b    00:00:00:00:00:0c 6    585  [24,15,4,2,9,36]     00:00:00:00:00:1b    00:00:00:00:00:0c 7    585  [24,15,4,2,10,36]     00:00:00:00:00:1b    00:00:00:00:00:0c 8    585  [24,16,3,1,9,36]     00:00:00:00:00:1b    00:00:00:00:00:0c 9    585  [24,16,3,1,10,36]     00:00:00:00:00:1b    00:00:00:00:00:0c 10    585  [24,16,3,2,9,36]     00:00:00:00:00:1b    00:00:00:00:00:0c 11    585  [24,16,3,2,10,36]     00:00:00:00:00:1b    00:00:00:00:00:0c 12    585  [24,16,4,1,9,36]     00:00:00:00:00:1b    00:00:00:00:00:0c 13    585  [24,16,4,1,10,36]     00:00:00:00:00:1b    00:00:00:00:00:0c 14    585  [24,16,4,2,9,36]     00:00:00:00:00:1b    00:00:00:00:00:0c 15    585  [24,16,4,2,10,36]  
# h00:00:00:00:00:1b -> h00:00:00:00:00:0d
   00:00:00:00:00:1b    00:00:00:00:00:0d 0    585  [24,15,3,1,11,37]     00:00:00:00:00:1b    00:00:00:00:00:0d 1    585  [24,15,3,1,12,37]     00:00:00:00:00:1b    00:00:00:00:00:0d 2    585  [24,15,3,2,11,37]     00:00:00:00:00:1b    00:00:00:00:00:0d 3    585  [24,15,3,2,12,37]     00:00:00:00:00:1b    00:00:00:00:00:0d 4    585  [24,15,4,1,11,37]     00:00:00:00:00:1b    00:00:00:00:00:0d 5    585  [24,15,4,1,12,37]     00:00:00:00:00:1b    00:00:00:00:00:0d 6    585  [24,15,4,2,11,37]     00:00:00:00:00:1b    00:00:00:00:00:0d 7    585  [24,15,4,2,12,37]     00:00:00:00:00:1b    00:00:00:00:00:0d 8    585  [24,16,3,1,11,37]     00:00:00:00:00:1b    00:00:00:00:00:0d 9    585  [24,16,3,1,12,37]     00:00:00:00:00:1b    00:00:00:00:00:0d 10    585  [24,16,3,2,11,37]     00:00:00:00:00:1b    00:00:00:00:00:0d 11    585  [24,16,3,2,12,37]     00:00:00:00:00:1b    00:00:00:00:00:0d 12    585  [24,16,4,1,11,37]     00:00:00:00:00:1b    00:00:00:00:00:0d 13    585  [24,16,4,1,12,37]     00:00:00:00:00:1b    00:00:00:00:00:0d 14    585  [24,16,4,2,11,37]     00:00:00:00:00:1b    00:00:00:00:00:0d 15    585  [24,16,4,2,12,37]  
# h00:00:00:00:00:1b -> h00:00:00:00:00:03
   00:00:00:00:00:1b    00:00:00:00:00:03 0    585  [24,15,3,1,5,27]     00:00:00:00:00:1b    00:00:00:00:00:03 1    585  [24,15,3,1,6,27]     00:00:00:00:00:1b    00:00:00:00:00:03 2    585  [24,15,3,2,5,27]     00:00:00:00:00:1b    00:00:00:00:00:03 3    585  [24,15,3,2,6,27]     00:00:00:00:00:1b    00:00:00:00:00:03 4    585  [24,15,4,1,5,27]     00:00:00:00:00:1b    00:00:00:00:00:03 5    585  [24,15,4,1,6,27]     00:00:00:00:00:1b    00:00:00:00:00:03 6    585  [24,15,4,2,5,27]     00:00:00:00:00:1b    00:00:00:00:00:03 7    585  [24,15,4,2,6,27]     00:00:00:00:00:1b    00:00:00:00:00:03 8    585  [24,16,3,1,5,27]     00:00:00:00:00:1b    00:00:00:00:00:03 9    585  [24,16,3,1,6,27]     00:00:00:00:00:1b    00:00:00:00:00:03 10    585  [24,16,3,2,5,27]     00:00:00:00:00:1b    00:00:00:00:00:03 11    585  [24,16,3,2,6,27]     00:00:00:00:00:1b    00:00:00:00:00:03 12    585  [24,16,4,1,5,27]     00:00:00:00:00:1b    00:00:00:00:00:03 13    585  [24,16,4,1,6,27]     00:00:00:00:00:1b    00:00:00:00:00:03 14    585  [24,16,4,2,5,27]     00:00:00:00:00:1b    00:00:00:00:00:03 15    585  [24,16,4,2,6,27]  
# h00:00:00:00:00:1b -> h00:00:00:00:00:11
   00:00:00:00:00:1b    00:00:00:00:00:11 0    439  [24,15,3,17,41]     00:00:00:00:00:1b    00:00:00:00:00:11 1    439  [24,15,3,18,41]     00:00:00:00:00:1b    00:00:00:00:00:11 2    439  [24,15,4,17,41]     00:00:00:00:00:1b    00:00:00:00:00:11 3    439  [24,15,4,18,41]     00:00:00:00:00:1b    00:00:00:00:00:11 4    439  [24,16,3,17,41]     00:00:00:00:00:1b    00:00:00:00:00:11 5    439  [24,16,3,18,41]     00:00:00:00:00:1b    00:00:00:00:00:11 6    439  [24,16,4,17,41]     00:00:00:00:00:1b    00:00:00:00:00:11 7    439  [24,16,4,18,41]     00:00:00:00:00:1b    00:00:00:00:00:11 8    585  [24,15,3,4,17,41]     00:00:00:00:00:1b    00:00:00:00:00:11 9    585  [24,15,3,4,18,41]     00:00:00:00:00:1b    00:00:00:00:00:11 10    585  [24,15,4,3,17,41]     00:00:00:00:00:1b    00:00:00:00:00:11 11    585  [24,15,4,3,18,41]     00:00:00:00:00:1b    00:00:00:00:00:11 12    585  [24,16,3,4,17,41]     00:00:00:00:00:1b    00:00:00:00:00:11 13    585  [24,16,3,4,18,41]     00:00:00:00:00:1b    00:00:00:00:00:11 14    585  [24,16,4,3,17,41]     00:00:00:00:00:1b    00:00:00:00:00:11 15    585  [24,16,4,3,18,41]  
# h00:00:00:00:00:1b -> h00:00:00:00:00:02
   00:00:00:00:00:1b    00:00:00:00:00:02 0    585  [24,15,3,1,5,26]     00:00:00:00:00:1b    00:00:00:00:00:02 1    585  [24,15,3,1,6,26]     00:00:00:00:00:1b    00:00:00:00:00:02 2    585  [24,15,3,2,5,26]     00:00:00:00:00:1b    00:00:00:00:00:02 3    585  [24,15,3,2,6,26]     00:00:00:00:00:1b    00:00:00:00:00:02 4    585  [24,15,4,1,5,26]     00:00:00:00:00:1b    00:00:00:00:00:02 5    585  [24,15,4,1,6,26]     00:00:00:00:00:1b    00:00:00:00:00:02 6    585  [24,15,4,2,5,26]     00:00:00:00:00:1b    00:00:00:00:00:02 7    585  [24,15,4,2,6,26]     00:00:00:00:00:1b    00:00:00:00:00:02 8    585  [24,16,3,1,5,26]     00:00:00:00:00:1b    00:00:00:00:00:02 9    585  [24,16,3,1,6,26]     00:00:00:00:00:1b    00:00:00:00:00:02 10    585  [24,16,3,2,5,26]     00:00:00:00:00:1b    00:00:00:00:00:02 11    585  [24,16,3,2,6,26]     00:00:00:00:00:1b    00:00:00:00:00:02 12    585  [24,16,4,1,5,26]     00:00:00:00:00:1b    00:00:00:00:00:02 13    585  [24,16,4,1,6,26]     00:00:00:00:00:1b    00:00:00:00:00:02 14    585  [24,16,4,2,5,26]     00:00:00:00:00:1b    00:00:00:00:00:02 15    585  [24,16,4,2,6,26]  
# h00:00:00:00:00:1b -> h00:00:00:00:00:0f
   00:00:00:00:00:1b    00:00:00:00:00:0f 0    585  [24,15,3,1,11,39]     00:00:00:00:00:1b    00:00:00:00:00:0f 1    585  [24,15,3,1,12,39]     00:00:00:00:00:1b    00:00:00:00:00:0f 2    585  [24,15,3,2,11,39]     00:00:00:00:00:1b    00:00:00:00:00:0f 3    585  [24,15,3,2,12,39]     00:00:00:00:00:1b    00:00:00:00:00:0f 4    585  [24,15,4,1,11,39]     00:00:00:00:00:1b    00:00:00:00:00:0f 5    585  [24,15,4,1,12,39]     00:00:00:00:00:1b    00:00:00:00:00:0f 6    585  [24,15,4,2,11,39]     00:00:00:00:00:1b    00:00:00:00:00:0f 7    585  [24,15,4,2,12,39]     00:00:00:00:00:1b    00:00:00:00:00:0f 8    585  [24,16,3,1,11,39]     00:00:00:00:00:1b    00:00:00:00:00:0f 9    585  [24,16,3,1,12,39]     00:00:00:00:00:1b    00:00:00:00:00:0f 10    585  [24,16,3,2,11,39]     00:00:00:00:00:1b    00:00:00:00:00:0f 11    585  [24,16,3,2,12,39]     00:00:00:00:00:1b    00:00:00:00:00:0f 12    585  [24,16,4,1,11,39]     00:00:00:00:00:1b    00:00:00:00:00:0f 13    585  [24,16,4,1,12,39]     00:00:00:00:00:1b    00:00:00:00:00:0f 14    585  [24,16,4,2,11,39]     00:00:00:00:00:1b    00:00:00:00:00:0f 15    585  [24,16,4,2,12,39]  
# h00:00:00:00:00:1b -> h00:00:00:00:00:12
   00:00:00:00:00:1b    00:00:00:00:00:12 0    439  [24,15,3,17,42]     00:00:00:00:00:1b    00:00:00:00:00:12 1    439  [24,15,3,18,42]     00:00:00:00:00:1b    00:00:00:00:00:12 2    439  [24,15,4,17,42]     00:00:00:00:00:1b    00:00:00:00:00:12 3    439  [24,15,4,18,42]     00:00:00:00:00:1b    00:00:00:00:00:12 4    439  [24,16,3,17,42]     00:00:00:00:00:1b    00:00:00:00:00:12 5    439  [24,16,3,18,42]     00:00:00:00:00:1b    00:00:00:00:00:12 6    439  [24,16,4,17,42]     00:00:00:00:00:1b    00:00:00:00:00:12 7    439  [24,16,4,18,42]     00:00:00:00:00:1b    00:00:00:00:00:12 8    585  [24,15,3,4,17,42]     00:00:00:00:00:1b    00:00:00:00:00:12 9    585  [24,15,3,4,18,42]     00:00:00:00:00:1b    00:00:00:00:00:12 10    585  [24,15,4,3,17,42]     00:00:00:00:00:1b    00:00:00:00:00:12 11    585  [24,15,4,3,18,42]     00:00:00:00:00:1b    00:00:00:00:00:12 12    585  [24,16,3,4,17,42]     00:00:00:00:00:1b    00:00:00:00:00:12 13    585  [24,16,3,4,18,42]     00:00:00:00:00:1b    00:00:00:00:00:12 14    585  [24,16,4,3,17,42]     00:00:00:00:00:1b    00:00:00:00:00:12 15    585  [24,16,4,3,18,42]  
# h00:00:00:00:00:1b -> h00:00:00:00:00:15
   00:00:00:00:00:1b    00:00:00:00:00:15 0    439  [24,15,3,17,45]     00:00:00:00:00:1b    00:00:00:00:00:15 1    439  [24,15,3,18,45]     00:00:00:00:00:1b    00:00:00:00:00:15 2    439  [24,15,4,17,45]     00:00:00:00:00:1b    00:00:00:00:00:15 3    439  [24,15,4,18,45]     00:00:00:00:00:1b    00:00:00:00:00:15 4    439  [24,16,3,17,45]     00:00:00:00:00:1b    00:00:00:00:00:15 5    439  [24,16,3,18,45]     00:00:00:00:00:1b    00:00:00:00:00:15 6    439  [24,16,4,17,45]     00:00:00:00:00:1b    00:00:00:00:00:15 7    439  [24,16,4,18,45]     00:00:00:00:00:1b    00:00:00:00:00:15 8    585  [24,15,3,4,17,45]     00:00:00:00:00:1b    00:00:00:00:00:15 9    585  [24,15,3,4,18,45]     00:00:00:00:00:1b    00:00:00:00:00:15 10    585  [24,15,4,3,17,45]     00:00:00:00:00:1b    00:00:00:00:00:15 11    585  [24,15,4,3,18,45]     00:00:00:00:00:1b    00:00:00:00:00:15 12    585  [24,16,3,4,17,45]     00:00:00:00:00:1b    00:00:00:00:00:15 13    585  [24,16,3,4,18,45]     00:00:00:00:00:1b    00:00:00:00:00:15 14    585  [24,16,4,3,17,45]     00:00:00:00:00:1b    00:00:00:00:00:15 15    585  [24,16,4,3,18,45]  
# h00:00:00:00:00:1b -> h00:00:00:00:00:13
   00:00:00:00:00:1b    00:00:00:00:00:13 0    439  [24,15,3,17,43]     00:00:00:00:00:1b    00:00:00:00:00:13 1    439  [24,15,3,18,43]     00:00:00:00:00:1b    00:00:00:00:00:13 2    439  [24,15,4,17,43]     00:00:00:00:00:1b    00:00:00:00:00:13 3    439  [24,15,4,18,43]     00:00:00:00:00:1b    00:00:00:00:00:13 4    439  [24,16,3,17,43]     00:00:00:00:00:1b    00:00:00:00:00:13 5    439  [24,16,3,18,43]     00:00:00:00:00:1b    00:00:00:00:00:13 6    439  [24,16,4,17,43]     00:00:00:00:00:1b    00:00:00:00:00:13 7    439  [24,16,4,18,43]     00:00:00:00:00:1b    00:00:00:00:00:13 8    585  [24,15,3,4,17,43]     00:00:00:00:00:1b    00:00:00:00:00:13 9    585  [24,15,3,4,18,43]     00:00:00:00:00:1b    00:00:00:00:00:13 10    585  [24,15,4,3,17,43]     00:00:00:00:00:1b    00:00:00:00:00:13 11    585  [24,15,4,3,18,43]     00:00:00:00:00:1b    00:00:00:00:00:13 12    585  [24,16,3,4,17,43]     00:00:00:00:00:1b    00:00:00:00:00:13 13    585  [24,16,3,4,18,43]     00:00:00:00:00:1b    00:00:00:00:00:13 14    585  [24,16,4,3,17,43]     00:00:00:00:00:1b    00:00:00:00:00:13 15    585  [24,16,4,3,18,43]  
# h00:00:00:00:00:17 -> h00:00:00:00:00:16
   00:00:00:00:00:17    00:00:00:00:00:16 0    146  [20,13,19]     00:00:00:00:00:17    00:00:00:00:00:16 1    146  [20,14,19]     00:00:00:00:00:17    00:00:00:00:00:16 2    439  [20,13,3,14,19]     00:00:00:00:00:17    00:00:00:00:00:16 3    439  [20,13,4,14,19]     00:00:00:00:00:17    00:00:00:00:00:16 4    439  [20,13,21,14,19]     00:00:00:00:00:17    00:00:00:00:00:16 5    439  [20,14,3,13,19]     00:00:00:00:00:17    00:00:00:00:00:16 6    439  [20,14,4,13,19]     00:00:00:00:00:17    00:00:00:00:00:16 7    439  [20,14,21,13,19]     00:00:00:00:00:17    00:00:00:00:00:16 8    585  [20,13,3,4,14,19]     00:00:00:00:00:17    00:00:00:00:00:16 9    585  [20,13,4,3,14,19]     00:00:00:00:00:17    00:00:00:00:00:16 10    585  [20,14,3,4,13,19]     00:00:00:00:00:17    00:00:00:00:00:16 11    585  [20,14,4,3,13,19]     00:00:00:00:00:17    00:00:00:00:00:16 12    731  [20,13,3,1,4,14,19]     00:00:00:00:00:17    00:00:00:00:00:16 13    731  [20,13,3,2,4,14,19]     00:00:00:00:00:17    00:00:00:00:00:16 14    731  [20,13,3,15,4,14,19]     00:00:00:00:00:17    00:00:00:00:00:16 15    731  [20,13,3,16,4,14,19]  
# h00:00:00:00:00:17 -> h00:00:00:00:00:06
   00:00:00:00:00:17    00:00:00:00:00:06 0    585  [20,13,3,1,7,30]     00:00:00:00:00:17    00:00:00:00:00:06 1    585  [20,13,3,1,8,30]     00:00:00:00:00:17    00:00:00:00:00:06 2    585  [20,13,3,2,7,30]     00:00:00:00:00:17    00:00:00:00:00:06 3    585  [20,13,3,2,8,30]     00:00:00:00:00:17    00:00:00:00:00:06 4    585  [20,13,4,1,7,30]     00:00:00:00:00:17    00:00:00:00:00:06 5    585  [20,13,4,1,8,30]     00:00:00:00:00:17    00:00:00:00:00:06 6    585  [20,13,4,2,7,30]     00:00:00:00:00:17    00:00:00:00:00:06 7    585  [20,13,4,2,8,30]     00:00:00:00:00:17    00:00:00:00:00:06 8    585  [20,14,3,1,7,30]     00:00:00:00:00:17    00:00:00:00:00:06 9    585  [20,14,3,1,8,30]     00:00:00:00:00:17    00:00:00:00:00:06 10    585  [20,14,3,2,7,30]     00:00:00:00:00:17    00:00:00:00:00:06 11    585  [20,14,3,2,8,30]     00:00:00:00:00:17    00:00:00:00:00:06 12    585  [20,14,4,1,7,30]     00:00:00:00:00:17    00:00:00:00:00:06 13    585  [20,14,4,1,8,30]     00:00:00:00:00:17    00:00:00:00:00:06 14    585  [20,14,4,2,7,30]     00:00:00:00:00:17    00:00:00:00:00:06 15    585  [20,14,4,2,8,30]  
# h00:00:00:00:00:17 -> h00:00:00:00:00:07
   00:00:00:00:00:17    00:00:00:00:00:07 0    585  [20,13,3,1,7,31]     00:00:00:00:00:17    00:00:00:00:00:07 1    585  [20,13,3,1,8,31]     00:00:00:00:00:17    00:00:00:00:00:07 2    585  [20,13,3,2,7,31]     00:00:00:00:00:17    00:00:00:00:00:07 3    585  [20,13,3,2,8,31]     00:00:00:00:00:17    00:00:00:00:00:07 4    585  [20,13,4,1,7,31]     00:00:00:00:00:17    00:00:00:00:00:07 5    585  [20,13,4,1,8,31]     00:00:00:00:00:17    00:00:00:00:00:07 6    585  [20,13,4,2,7,31]     00:00:00:00:00:17    00:00:00:00:00:07 7    585  [20,13,4,2,8,31]     00:00:00:00:00:17    00:00:00:00:00:07 8    585  [20,14,3,1,7,31]     00:00:00:00:00:17    00:00:00:00:00:07 9    585  [20,14,3,1,8,31]     00:00:00:00:00:17    00:00:00:00:00:07 10    585  [20,14,3,2,7,31]     00:00:00:00:00:17    00:00:00:00:00:07 11    585  [20,14,3,2,8,31]     00:00:00:00:00:17    00:00:00:00:00:07 12    585  [20,14,4,1,7,31]     00:00:00:00:00:17    00:00:00:00:00:07 13    585  [20,14,4,1,8,31]     00:00:00:00:00:17    00:00:00:00:00:07 14    585  [20,14,4,2,7,31]     00:00:00:00:00:17    00:00:00:00:00:07 15    585  [20,14,4,2,8,31]  
# h00:00:00:00:00:17 -> h00:00:00:00:00:1b
   00:00:00:00:00:17    00:00:00:00:00:1b 0    439  [20,13,3,15,24]     00:00:00:00:00:17    00:00:00:00:00:1b 1    439  [20,13,3,16,24]     00:00:00:00:00:17    00:00:00:00:00:1b 2    439  [20,13,4,15,24]     00:00:00:00:00:17    00:00:00:00:00:1b 3    439  [20,13,4,16,24]     00:00:00:00:00:17    00:00:00:00:00:1b 4    439  [20,14,3,15,24]     00:00:00:00:00:17    00:00:00:00:00:1b 5    439  [20,14,3,16,24]     00:00:00:00:00:17    00:00:00:00:00:1b 6    439  [20,14,4,15,24]     00:00:00:00:00:17    00:00:00:00:00:1b 7    439  [20,14,4,16,24]     00:00:00:00:00:17    00:00:00:00:00:1b 8    585  [20,13,3,4,15,24]     00:00:00:00:00:17    00:00:00:00:00:1b 9    585  [20,13,3,4,16,24]     00:00:00:00:00:17    00:00:00:00:00:1b 10    585  [20,13,4,3,15,24]     00:00:00:00:00:17    00:00:00:00:00:1b 11    585  [20,13,4,3,16,24]     00:00:00:00:00:17    00:00:00:00:00:1b 12    585  [20,14,3,4,15,24]     00:00:00:00:00:17    00:00:00:00:00:1b 13    585  [20,14,3,4,16,24]     00:00:00:00:00:17    00:00:00:00:00:1b 14    585  [20,14,4,3,15,24]     00:00:00:00:00:17    00:00:00:00:00:1b 15    585  [20,14,4,3,16,24]  
# h00:00:00:00:00:17 -> h00:00:00:00:00:09
   00:00:00:00:00:17    00:00:00:00:00:09 0    585  [20,13,3,1,9,33]     00:00:00:00:00:17    00:00:00:00:00:09 1    585  [20,13,3,1,10,33]     00:00:00:00:00:17    00:00:00:00:00:09 2    585  [20,13,3,2,9,33]     00:00:00:00:00:17    00:00:00:00:00:09 3    585  [20,13,3,2,10,33]     00:00:00:00:00:17    00:00:00:00:00:09 4    585  [20,13,4,1,9,33]     00:00:00:00:00:17    00:00:00:00:00:09 5    585  [20,13,4,1,10,33]     00:00:00:00:00:17    00:00:00:00:00:09 6    585  [20,13,4,2,9,33]     00:00:00:00:00:17    00:00:00:00:00:09 7    585  [20,13,4,2,10,33]     00:00:00:00:00:17    00:00:00:00:00:09 8    585  [20,14,3,1,9,33]     00:00:00:00:00:17    00:00:00:00:00:09 9    585  [20,14,3,1,10,33]     00:00:00:00:00:17    00:00:00:00:00:09 10    585  [20,14,3,2,9,33]     00:00:00:00:00:17    00:00:00:00:00:09 11    585  [20,14,3,2,10,33]     00:00:00:00:00:17    00:00:00:00:00:09 12    585  [20,14,4,1,9,33]     00:00:00:00:00:17    00:00:00:00:00:09 13    585  [20,14,4,1,10,33]     00:00:00:00:00:17    00:00:00:00:00:09 14    585  [20,14,4,2,9,33]     00:00:00:00:00:17    00:00:00:00:00:09 15    585  [20,14,4,2,10,33]  
# h00:00:00:00:00:17 -> h00:00:00:00:00:05
   00:00:00:00:00:17    00:00:00:00:00:05 0    585  [20,13,3,1,7,29]     00:00:00:00:00:17    00:00:00:00:00:05 1    585  [20,13,3,1,8,29]     00:00:00:00:00:17    00:00:00:00:00:05 2    585  [20,13,3,2,7,29]     00:00:00:00:00:17    00:00:00:00:00:05 3    585  [20,13,3,2,8,29]     00:00:00:00:00:17    00:00:00:00:00:05 4    585  [20,13,4,1,7,29]     00:00:00:00:00:17    00:00:00:00:00:05 5    585  [20,13,4,1,8,29]     00:00:00:00:00:17    00:00:00:00:00:05 6    585  [20,13,4,2,7,29]     00:00:00:00:00:17    00:00:00:00:00:05 7    585  [20,13,4,2,8,29]     00:00:00:00:00:17    00:00:00:00:00:05 8    585  [20,14,3,1,7,29]     00:00:00:00:00:17    00:00:00:00:00:05 9    585  [20,14,3,1,8,29]     00:00:00:00:00:17    00:00:00:00:00:05 10    585  [20,14,3,2,7,29]     00:00:00:00:00:17    00:00:00:00:00:05 11    585  [20,14,3,2,8,29]     00:00:00:00:00:17    00:00:00:00:00:05 12    585  [20,14,4,1,7,29]     00:00:00:00:00:17    00:00:00:00:00:05 13    585  [20,14,4,1,8,29]     00:00:00:00:00:17    00:00:00:00:00:05 14    585  [20,14,4,2,7,29]     00:00:00:00:00:17    00:00:00:00:00:05 15    585  [20,14,4,2,8,29]  
# h00:00:00:00:00:17 -> h00:00:00:00:00:08
   00:00:00:00:00:17    00:00:00:00:00:08 0    585  [20,13,3,1,7,32]     00:00:00:00:00:17    00:00:00:00:00:08 1    585  [20,13,3,1,8,32]     00:00:00:00:00:17    00:00:00:00:00:08 2    585  [20,13,3,2,7,32]     00:00:00:00:00:17    00:00:00:00:00:08 3    585  [20,13,3,2,8,32]     00:00:00:00:00:17    00:00:00:00:00:08 4    585  [20,13,4,1,7,32]     00:00:00:00:00:17    00:00:00:00:00:08 5    585  [20,13,4,1,8,32]     00:00:00:00:00:17    00:00:00:00:00:08 6    585  [20,13,4,2,7,32]     00:00:00:00:00:17    00:00:00:00:00:08 7    585  [20,13,4,2,8,32]     00:00:00:00:00:17    00:00:00:00:00:08 8    585  [20,14,3,1,7,32]     00:00:00:00:00:17    00:00:00:00:00:08 9    585  [20,14,3,1,8,32]     00:00:00:00:00:17    00:00:00:00:00:08 10    585  [20,14,3,2,7,32]     00:00:00:00:00:17    00:00:00:00:00:08 11    585  [20,14,3,2,8,32]     00:00:00:00:00:17    00:00:00:00:00:08 12    585  [20,14,4,1,7,32]     00:00:00:00:00:17    00:00:00:00:00:08 13    585  [20,14,4,1,8,32]     00:00:00:00:00:17    00:00:00:00:00:08 14    585  [20,14,4,2,7,32]     00:00:00:00:00:17    00:00:00:00:00:08 15    585  [20,14,4,2,8,32]  
# h00:00:00:00:00:17 -> h00:00:00:00:00:04
   00:00:00:00:00:17    00:00:00:00:00:04 0    585  [20,13,3,1,5,28]     00:00:00:00:00:17    00:00:00:00:00:04 1    585  [20,13,3,1,6,28]     00:00:00:00:00:17    00:00:00:00:00:04 2    585  [20,13,3,2,5,28]     00:00:00:00:00:17    00:00:00:00:00:04 3    585  [20,13,3,2,6,28]     00:00:00:00:00:17    00:00:00:00:00:04 4    585  [20,13,4,1,5,28]     00:00:00:00:00:17    00:00:00:00:00:04 5    585  [20,13,4,1,6,28]     00:00:00:00:00:17    00:00:00:00:00:04 6    585  [20,13,4,2,5,28]     00:00:00:00:00:17    00:00:00:00:00:04 7    585  [20,13,4,2,6,28]     00:00:00:00:00:17    00:00:00:00:00:04 8    585  [20,14,3,1,5,28]     00:00:00:00:00:17    00:00:00:00:00:04 9    585  [20,14,3,1,6,28]     00:00:00:00:00:17    00:00:00:00:00:04 10    585  [20,14,3,2,5,28]     00:00:00:00:00:17    00:00:00:00:00:04 11    585  [20,14,3,2,6,28]     00:00:00:00:00:17    00:00:00:00:00:04 12    585  [20,14,4,1,5,28]     00:00:00:00:00:17    00:00:00:00:00:04 13    585  [20,14,4,1,6,28]     00:00:00:00:00:17    00:00:00:00:00:04 14    585  [20,14,4,2,5,28]     00:00:00:00:00:17    00:00:00:00:00:04 15    585  [20,14,4,2,6,28]  
# h00:00:00:00:00:17 -> h00:00:00:00:00:1a
   00:00:00:00:00:17    00:00:00:00:00:1a 0    439  [20,13,3,15,23]     00:00:00:00:00:17    00:00:00:00:00:1a 1    439  [20,13,3,16,23]     00:00:00:00:00:17    00:00:00:00:00:1a 2    439  [20,13,4,15,23]     00:00:00:00:00:17    00:00:00:00:00:1a 3    439  [20,13,4,16,23]     00:00:00:00:00:17    00:00:00:00:00:1a 4    439  [20,14,3,15,23]     00:00:00:00:00:17    00:00:00:00:00:1a 5    439  [20,14,3,16,23]     00:00:00:00:00:17    00:00:00:00:00:1a 6    439  [20,14,4,15,23]     00:00:00:00:00:17    00:00:00:00:00:1a 7    439  [20,14,4,16,23]     00:00:00:00:00:17    00:00:00:00:00:1a 8    585  [20,13,3,4,15,23]     00:00:00:00:00:17    00:00:00:00:00:1a 9    585  [20,13,3,4,16,23]     00:00:00:00:00:17    00:00:00:00:00:1a 10    585  [20,13,4,3,15,23]     00:00:00:00:00:17    00:00:00:00:00:1a 11    585  [20,13,4,3,16,23]     00:00:00:00:00:17    00:00:00:00:00:1a 12    585  [20,14,3,4,15,23]     00:00:00:00:00:17    00:00:00:00:00:1a 13    585  [20,14,3,4,16,23]     00:00:00:00:00:17    00:00:00:00:00:1a 14    585  [20,14,4,3,15,23]     00:00:00:00:00:17    00:00:00:00:00:1a 15    585  [20,14,4,3,16,23]  
# h00:00:00:00:00:17 -> h00:00:00:00:00:10
   00:00:00:00:00:17    00:00:00:00:00:10 0    585  [20,13,3,1,11,40]     00:00:00:00:00:17    00:00:00:00:00:10 1    585  [20,13,3,1,12,40]     00:00:00:00:00:17    00:00:00:00:00:10 2    585  [20,13,3,2,11,40]     00:00:00:00:00:17    00:00:00:00:00:10 3    585  [20,13,3,2,12,40]     00:00:00:00:00:17    00:00:00:00:00:10 4    585  [20,13,4,1,11,40]     00:00:00:00:00:17    00:00:00:00:00:10 5    585  [20,13,4,1,12,40]     00:00:00:00:00:17    00:00:00:00:00:10 6    585  [20,13,4,2,11,40]     00:00:00:00:00:17    00:00:00:00:00:10 7    585  [20,13,4,2,12,40]     00:00:00:00:00:17    00:00:00:00:00:10 8    585  [20,14,3,1,11,40]     00:00:00:00:00:17    00:00:00:00:00:10 9    585  [20,14,3,1,12,40]     00:00:00:00:00:17    00:00:00:00:00:10 10    585  [20,14,3,2,11,40]     00:00:00:00:00:17    00:00:00:00:00:10 11    585  [20,14,3,2,12,40]     00:00:00:00:00:17    00:00:00:00:00:10 12    585  [20,14,4,1,11,40]     00:00:00:00:00:17    00:00:00:00:00:10 13    585  [20,14,4,1,12,40]     00:00:00:00:00:17    00:00:00:00:00:10 14    585  [20,14,4,2,11,40]     00:00:00:00:00:17    00:00:00:00:00:10 15    585  [20,14,4,2,12,40]  
# h00:00:00:00:00:17 -> h00:00:00:00:00:18
   00:00:00:00:00:17    00:00:00:00:00:18 0    146  [20,13,21]     00:00:00:00:00:17    00:00:00:00:00:18 1    146  [20,14,21]     00:00:00:00:00:17    00:00:00:00:00:18 2    439  [20,13,3,14,21]     00:00:00:00:00:17    00:00:00:00:00:18 3    439  [20,13,4,14,21]     00:00:00:00:00:17    00:00:00:00:00:18 4    439  [20,13,19,14,21]     00:00:00:00:00:17    00:00:00:00:00:18 5    439  [20,14,3,13,21]     00:00:00:00:00:17    00:00:00:00:00:18 6    439  [20,14,4,13,21]     00:00:00:00:00:17    00:00:00:00:00:18 7    439  [20,14,19,13,21]     00:00:00:00:00:17    00:00:00:00:00:18 8    585  [20,13,3,4,14,21]     00:00:00:00:00:17    00:00:00:00:00:18 9    585  [20,13,4,3,14,21]     00:00:00:00:00:17    00:00:00:00:00:18 10    585  [20,14,3,4,13,21]     00:00:00:00:00:17    00:00:00:00:00:18 11    585  [20,14,4,3,13,21]     00:00:00:00:00:17    00:00:00:00:00:18 12    731  [20,13,3,1,4,14,21]     00:00:00:00:00:17    00:00:00:00:00:18 13    731  [20,13,3,2,4,14,21]     00:00:00:00:00:17    00:00:00:00:00:18 14    731  [20,13,3,15,4,14,21]     00:00:00:00:00:17    00:00:00:00:00:18 15    731  [20,13,3,16,4,14,21]  
# h00:00:00:00:00:17 -> h00:00:00:00:00:19
   00:00:00:00:00:17    00:00:00:00:00:19 0    439  [20,13,3,15,22]     00:00:00:00:00:17    00:00:00:00:00:19 1    439  [20,13,3,16,22]     00:00:00:00:00:17    00:00:00:00:00:19 2    439  [20,13,4,15,22]     00:00:00:00:00:17    00:00:00:00:00:19 3    439  [20,13,4,16,22]     00:00:00:00:00:17    00:00:00:00:00:19 4    439  [20,14,3,15,22]     00:00:00:00:00:17    00:00:00:00:00:19 5    439  [20,14,3,16,22]     00:00:00:00:00:17    00:00:00:00:00:19 6    439  [20,14,4,15,22]     00:00:00:00:00:17    00:00:00:00:00:19 7    439  [20,14,4,16,22]     00:00:00:00:00:17    00:00:00:00:00:19 8    585  [20,13,3,4,15,22]     00:00:00:00:00:17    00:00:00:00:00:19 9    585  [20,13,3,4,16,22]     00:00:00:00:00:17    00:00:00:00:00:19 10    585  [20,13,4,3,15,22]     00:00:00:00:00:17    00:00:00:00:00:19 11    585  [20,13,4,3,16,22]     00:00:00:00:00:17    00:00:00:00:00:19 12    585  [20,14,3,4,15,22]     00:00:00:00:00:17    00:00:00:00:00:19 13    585  [20,14,3,4,16,22]     00:00:00:00:00:17    00:00:00:00:00:19 14    585  [20,14,4,3,15,22]     00:00:00:00:00:17    00:00:00:00:00:19 15    585  [20,14,4,3,16,22]  
# h00:00:00:00:00:17 -> h00:00:00:00:00:0e
   00:00:00:00:00:17    00:00:00:00:00:0e 0    585  [20,13,3,1,11,38]     00:00:00:00:00:17    00:00:00:00:00:0e 1    585  [20,13,3,1,12,38]     00:00:00:00:00:17    00:00:00:00:00:0e 2    585  [20,13,3,2,11,38]     00:00:00:00:00:17    00:00:00:00:00:0e 3    585  [20,13,3,2,12,38]     00:00:00:00:00:17    00:00:00:00:00:0e 4    585  [20,13,4,1,11,38]     00:00:00:00:00:17    00:00:00:00:00:0e 5    585  [20,13,4,1,12,38]     00:00:00:00:00:17    00:00:00:00:00:0e 6    585  [20,13,4,2,11,38]     00:00:00:00:00:17    00:00:00:00:00:0e 7    585  [20,13,4,2,12,38]     00:00:00:00:00:17    00:00:00:00:00:0e 8    585  [20,14,3,1,11,38]     00:00:00:00:00:17    00:00:00:00:00:0e 9    585  [20,14,3,1,12,38]     00:00:00:00:00:17    00:00:00:00:00:0e 10    585  [20,14,3,2,11,38]     00:00:00:00:00:17    00:00:00:00:00:0e 11    585  [20,14,3,2,12,38]     00:00:00:00:00:17    00:00:00:00:00:0e 12    585  [20,14,4,1,11,38]     00:00:00:00:00:17    00:00:00:00:00:0e 13    585  [20,14,4,1,12,38]     00:00:00:00:00:17    00:00:00:00:00:0e 14    585  [20,14,4,2,11,38]     00:00:00:00:00:17    00:00:00:00:00:0e 15    585  [20,14,4,2,12,38]  
# h00:00:00:00:00:17 -> h00:00:00:00:00:01
   00:00:00:00:00:17    00:00:00:00:00:01 0    585  [20,13,3,1,5,25]     00:00:00:00:00:17    00:00:00:00:00:01 1    585  [20,13,3,1,6,25]     00:00:00:00:00:17    00:00:00:00:00:01 2    585  [20,13,3,2,5,25]     00:00:00:00:00:17    00:00:00:00:00:01 3    585  [20,13,3,2,6,25]     00:00:00:00:00:17    00:00:00:00:00:01 4    585  [20,13,4,1,5,25]     00:00:00:00:00:17    00:00:00:00:00:01 5    585  [20,13,4,1,6,25]     00:00:00:00:00:17    00:00:00:00:00:01 6    585  [20,13,4,2,5,25]     00:00:00:00:00:17    00:00:00:00:00:01 7    585  [20,13,4,2,6,25]     00:00:00:00:00:17    00:00:00:00:00:01 8    585  [20,14,3,1,5,25]     00:00:00:00:00:17    00:00:00:00:00:01 9    585  [20,14,3,1,6,25]     00:00:00:00:00:17    00:00:00:00:00:01 10    585  [20,14,3,2,5,25]     00:00:00:00:00:17    00:00:00:00:00:01 11    585  [20,14,3,2,6,25]     00:00:00:00:00:17    00:00:00:00:00:01 12    585  [20,14,4,1,5,25]     00:00:00:00:00:17    00:00:00:00:00:01 13    585  [20,14,4,1,6,25]     00:00:00:00:00:17    00:00:00:00:00:01 14    585  [20,14,4,2,5,25]     00:00:00:00:00:17    00:00:00:00:00:01 15    585  [20,14,4,2,6,25]  
# h00:00:00:00:00:17 -> h00:00:00:00:00:14
   00:00:00:00:00:17    00:00:00:00:00:14 0    439  [20,13,3,17,44]     00:00:00:00:00:17    00:00:00:00:00:14 1    439  [20,13,3,18,44]     00:00:00:00:00:17    00:00:00:00:00:14 2    439  [20,13,4,17,44]     00:00:00:00:00:17    00:00:00:00:00:14 3    439  [20,13,4,18,44]     00:00:00:00:00:17    00:00:00:00:00:14 4    439  [20,14,3,17,44]     00:00:00:00:00:17    00:00:00:00:00:14 5    439  [20,14,3,18,44]     00:00:00:00:00:17    00:00:00:00:00:14 6    439  [20,14,4,17,44]     00:00:00:00:00:17    00:00:00:00:00:14 7    439  [20,14,4,18,44]     00:00:00:00:00:17    00:00:00:00:00:14 8    585  [20,13,3,4,17,44]     00:00:00:00:00:17    00:00:00:00:00:14 9    585  [20,13,3,4,18,44]     00:00:00:00:00:17    00:00:00:00:00:14 10    585  [20,13,4,3,17,44]     00:00:00:00:00:17    00:00:00:00:00:14 11    585  [20,13,4,3,18,44]     00:00:00:00:00:17    00:00:00:00:00:14 12    585  [20,14,3,4,17,44]     00:00:00:00:00:17    00:00:00:00:00:14 13    585  [20,14,3,4,18,44]     00:00:00:00:00:17    00:00:00:00:00:14 14    585  [20,14,4,3,17,44]     00:00:00:00:00:17    00:00:00:00:00:14 15    585  [20,14,4,3,18,44]  
# h00:00:00:00:00:17 -> h00:00:00:00:00:0b
   00:00:00:00:00:17    00:00:00:00:00:0b 0    585  [20,13,3,1,9,35]     00:00:00:00:00:17    00:00:00:00:00:0b 1    585  [20,13,3,1,10,35]     00:00:00:00:00:17    00:00:00:00:00:0b 2    585  [20,13,3,2,9,35]     00:00:00:00:00:17    00:00:00:00:00:0b 3    585  [20,13,3,2,10,35]     00:00:00:00:00:17    00:00:00:00:00:0b 4    585  [20,13,4,1,9,35]     00:00:00:00:00:17    00:00:00:00:00:0b 5    585  [20,13,4,1,10,35]     00:00:00:00:00:17    00:00:00:00:00:0b 6    585  [20,13,4,2,9,35]     00:00:00:00:00:17    00:00:00:00:00:0b 7    585  [20,13,4,2,10,35]     00:00:00:00:00:17    00:00:00:00:00:0b 8    585  [20,14,3,1,9,35]     00:00:00:00:00:17    00:00:00:00:00:0b 9    585  [20,14,3,1,10,35]     00:00:00:00:00:17    00:00:00:00:00:0b 10    585  [20,14,3,2,9,35]     00:00:00:00:00:17    00:00:00:00:00:0b 11    585  [20,14,3,2,10,35]     00:00:00:00:00:17    00:00:00:00:00:0b 12    585  [20,14,4,1,9,35]     00:00:00:00:00:17    00:00:00:00:00:0b 13    585  [20,14,4,1,10,35]     00:00:00:00:00:17    00:00:00:00:00:0b 14    585  [20,14,4,2,9,35]     00:00:00:00:00:17    00:00:00:00:00:0b 15    585  [20,14,4,2,10,35]  
# h00:00:00:00:00:17 -> h00:00:00:00:00:0a
   00:00:00:00:00:17    00:00:00:00:00:0a 0    585  [20,13,3,1,9,34]     00:00:00:00:00:17    00:00:00:00:00:0a 1    585  [20,13,3,1,10,34]     00:00:00:00:00:17    00:00:00:00:00:0a 2    585  [20,13,3,2,9,34]     00:00:00:00:00:17    00:00:00:00:00:0a 3    585  [20,13,3,2,10,34]     00:00:00:00:00:17    00:00:00:00:00:0a 4    585  [20,13,4,1,9,34]     00:00:00:00:00:17    00:00:00:00:00:0a 5    585  [20,13,4,1,10,34]     00:00:00:00:00:17    00:00:00:00:00:0a 6    585  [20,13,4,2,9,34]     00:00:00:00:00:17    00:00:00:00:00:0a 7    585  [20,13,4,2,10,34]     00:00:00:00:00:17    00:00:00:00:00:0a 8    585  [20,14,3,1,9,34]     00:00:00:00:00:17    00:00:00:00:00:0a 9    585  [20,14,3,1,10,34]     00:00:00:00:00:17    00:00:00:00:00:0a 10    585  [20,14,3,2,9,34]     00:00:00:00:00:17    00:00:00:00:00:0a 11    585  [20,14,3,2,10,34]     00:00:00:00:00:17    00:00:00:00:00:0a 12    585  [20,14,4,1,9,34]     00:00:00:00:00:17    00:00:00:00:00:0a 13    585  [20,14,4,1,10,34]     00:00:00:00:00:17    00:00:00:00:00:0a 14    585  [20,14,4,2,9,34]     00:00:00:00:00:17    00:00:00:00:00:0a 15    585  [20,14,4,2,10,34]  
# h00:00:00:00:00:17 -> h00:00:00:00:00:0c
   00:00:00:00:00:17    00:00:00:00:00:0c 0    585  [20,13,3,1,9,36]     00:00:00:00:00:17    00:00:00:00:00:0c 1    585  [20,13,3,1,10,36]     00:00:00:00:00:17    00:00:00:00:00:0c 2    585  [20,13,3,2,9,36]     00:00:00:00:00:17    00:00:00:00:00:0c 3    585  [20,13,3,2,10,36]     00:00:00:00:00:17    00:00:00:00:00:0c 4    585  [20,13,4,1,9,36]     00:00:00:00:00:17    00:00:00:00:00:0c 5    585  [20,13,4,1,10,36]     00:00:00:00:00:17    00:00:00:00:00:0c 6    585  [20,13,4,2,9,36]     00:00:00:00:00:17    00:00:00:00:00:0c 7    585  [20,13,4,2,10,36]     00:00:00:00:00:17    00:00:00:00:00:0c 8    585  [20,14,3,1,9,36]     00:00:00:00:00:17    00:00:00:00:00:0c 9    585  [20,14,3,1,10,36]     00:00:00:00:00:17    00:00:00:00:00:0c 10    585  [20,14,3,2,9,36]     00:00:00:00:00:17    00:00:00:00:00:0c 11    585  [20,14,3,2,10,36]     00:00:00:00:00:17    00:00:00:00:00:0c 12    585  [20,14,4,1,9,36]     00:00:00:00:00:17    00:00:00:00:00:0c 13    585  [20,14,4,1,10,36]     00:00:00:00:00:17    00:00:00:00:00:0c 14    585  [20,14,4,2,9,36]     00:00:00:00:00:17    00:00:00:00:00:0c 15    585  [20,14,4,2,10,36]  
# h00:00:00:00:00:17 -> h00:00:00:00:00:0d
   00:00:00:00:00:17    00:00:00:00:00:0d 0    585  [20,13,3,1,11,37]     00:00:00:00:00:17    00:00:00:00:00:0d 1    585  [20,13,3,1,12,37]     00:00:00:00:00:17    00:00:00:00:00:0d 2    585  [20,13,3,2,11,37]     00:00:00:00:00:17    00:00:00:00:00:0d 3    585  [20,13,3,2,12,37]     00:00:00:00:00:17    00:00:00:00:00:0d 4    585  [20,13,4,1,11,37]     00:00:00:00:00:17    00:00:00:00:00:0d 5    585  [20,13,4,1,12,37]     00:00:00:00:00:17    00:00:00:00:00:0d 6    585  [20,13,4,2,11,37]     00:00:00:00:00:17    00:00:00:00:00:0d 7    585  [20,13,4,2,12,37]     00:00:00:00:00:17    00:00:00:00:00:0d 8    585  [20,14,3,1,11,37]     00:00:00:00:00:17    00:00:00:00:00:0d 9    585  [20,14,3,1,12,37]     00:00:00:00:00:17    00:00:00:00:00:0d 10    585  [20,14,3,2,11,37]     00:00:00:00:00:17    00:00:00:00:00:0d 11    585  [20,14,3,2,12,37]     00:00:00:00:00:17    00:00:00:00:00:0d 12    585  [20,14,4,1,11,37]     00:00:00:00:00:17    00:00:00:00:00:0d 13    585  [20,14,4,1,12,37]     00:00:00:00:00:17    00:00:00:00:00:0d 14    585  [20,14,4,2,11,37]     00:00:00:00:00:17    00:00:00:00:00:0d 15    585  [20,14,4,2,12,37]  
# h00:00:00:00:00:17 -> h00:00:00:00:00:03
   00:00:00:00:00:17    00:00:00:00:00:03 0    585  [20,13,3,1,5,27]     00:00:00:00:00:17    00:00:00:00:00:03 1    585  [20,13,3,1,6,27]     00:00:00:00:00:17    00:00:00:00:00:03 2    585  [20,13,3,2,5,27]     00:00:00:00:00:17    00:00:00:00:00:03 3    585  [20,13,3,2,6,27]     00:00:00:00:00:17    00:00:00:00:00:03 4    585  [20,13,4,1,5,27]     00:00:00:00:00:17    00:00:00:00:00:03 5    585  [20,13,4,1,6,27]     00:00:00:00:00:17    00:00:00:00:00:03 6    585  [20,13,4,2,5,27]     00:00:00:00:00:17    00:00:00:00:00:03 7    585  [20,13,4,2,6,27]     00:00:00:00:00:17    00:00:00:00:00:03 8    585  [20,14,3,1,5,27]     00:00:00:00:00:17    00:00:00:00:00:03 9    585  [20,14,3,1,6,27]     00:00:00:00:00:17    00:00:00:00:00:03 10    585  [20,14,3,2,5,27]     00:00:00:00:00:17    00:00:00:00:00:03 11    585  [20,14,3,2,6,27]     00:00:00:00:00:17    00:00:00:00:00:03 12    585  [20,14,4,1,5,27]     00:00:00:00:00:17    00:00:00:00:00:03 13    585  [20,14,4,1,6,27]     00:00:00:00:00:17    00:00:00:00:00:03 14    585  [20,14,4,2,5,27]     00:00:00:00:00:17    00:00:00:00:00:03 15    585  [20,14,4,2,6,27]  
# h00:00:00:00:00:17 -> h00:00:00:00:00:11
   00:00:00:00:00:17    00:00:00:00:00:11 0    439  [20,13,3,17,41]     00:00:00:00:00:17    00:00:00:00:00:11 1    439  [20,13,3,18,41]     00:00:00:00:00:17    00:00:00:00:00:11 2    439  [20,13,4,17,41]     00:00:00:00:00:17    00:00:00:00:00:11 3    439  [20,13,4,18,41]     00:00:00:00:00:17    00:00:00:00:00:11 4    439  [20,14,3,17,41]     00:00:00:00:00:17    00:00:00:00:00:11 5    439  [20,14,3,18,41]     00:00:00:00:00:17    00:00:00:00:00:11 6    439  [20,14,4,17,41]     00:00:00:00:00:17    00:00:00:00:00:11 7    439  [20,14,4,18,41]     00:00:00:00:00:17    00:00:00:00:00:11 8    585  [20,13,3,4,17,41]     00:00:00:00:00:17    00:00:00:00:00:11 9    585  [20,13,3,4,18,41]     00:00:00:00:00:17    00:00:00:00:00:11 10    585  [20,13,4,3,17,41]     00:00:00:00:00:17    00:00:00:00:00:11 11    585  [20,13,4,3,18,41]     00:00:00:00:00:17    00:00:00:00:00:11 12    585  [20,14,3,4,17,41]     00:00:00:00:00:17    00:00:00:00:00:11 13    585  [20,14,3,4,18,41]     00:00:00:00:00:17    00:00:00:00:00:11 14    585  [20,14,4,3,17,41]     00:00:00:00:00:17    00:00:00:00:00:11 15    585  [20,14,4,3,18,41]  
# h00:00:00:00:00:17 -> h00:00:00:00:00:02
   00:00:00:00:00:17    00:00:00:00:00:02 0    585  [20,13,3,1,5,26]     00:00:00:00:00:17    00:00:00:00:00:02 1    585  [20,13,3,1,6,26]     00:00:00:00:00:17    00:00:00:00:00:02 2    585  [20,13,3,2,5,26]     00:00:00:00:00:17    00:00:00:00:00:02 3    585  [20,13,3,2,6,26]     00:00:00:00:00:17    00:00:00:00:00:02 4    585  [20,13,4,1,5,26]     00:00:00:00:00:17    00:00:00:00:00:02 5    585  [20,13,4,1,6,26]     00:00:00:00:00:17    00:00:00:00:00:02 6    585  [20,13,4,2,5,26]     00:00:00:00:00:17    00:00:00:00:00:02 7    585  [20,13,4,2,6,26]     00:00:00:00:00:17    00:00:00:00:00:02 8    585  [20,14,3,1,5,26]     00:00:00:00:00:17    00:00:00:00:00:02 9    585  [20,14,3,1,6,26]     00:00:00:00:00:17    00:00:00:00:00:02 10    585  [20,14,3,2,5,26]     00:00:00:00:00:17    00:00:00:00:00:02 11    585  [20,14,3,2,6,26]     00:00:00:00:00:17    00:00:00:00:00:02 12    585  [20,14,4,1,5,26]     00:00:00:00:00:17    00:00:00:00:00:02 13    585  [20,14,4,1,6,26]     00:00:00:00:00:17    00:00:00:00:00:02 14    585  [20,14,4,2,5,26]     00:00:00:00:00:17    00:00:00:00:00:02 15    585  [20,14,4,2,6,26]  
# h00:00:00:00:00:17 -> h00:00:00:00:00:0f
   00:00:00:00:00:17    00:00:00:00:00:0f 0    585  [20,13,3,1,11,39]     00:00:00:00:00:17    00:00:00:00:00:0f 1    585  [20,13,3,1,12,39]     00:00:00:00:00:17    00:00:00:00:00:0f 2    585  [20,13,3,2,11,39]     00:00:00:00:00:17    00:00:00:00:00:0f 3    585  [20,13,3,2,12,39]     00:00:00:00:00:17    00:00:00:00:00:0f 4    585  [20,13,4,1,11,39]     00:00:00:00:00:17    00:00:00:00:00:0f 5    585  [20,13,4,1,12,39]     00:00:00:00:00:17    00:00:00:00:00:0f 6    585  [20,13,4,2,11,39]     00:00:00:00:00:17    00:00:00:00:00:0f 7    585  [20,13,4,2,12,39]     00:00:00:00:00:17    00:00:00:00:00:0f 8    585  [20,14,3,1,11,39]     00:00:00:00:00:17    00:00:00:00:00:0f 9    585  [20,14,3,1,12,39]     00:00:00:00:00:17    00:00:00:00:00:0f 10    585  [20,14,3,2,11,39]     00:00:00:00:00:17    00:00:00:00:00:0f 11    585  [20,14,3,2,12,39]     00:00:00:00:00:17    00:00:00:00:00:0f 12    585  [20,14,4,1,11,39]     00:00:00:00:00:17    00:00:00:00:00:0f 13    585  [20,14,4,1,12,39]     00:00:00:00:00:17    00:00:00:00:00:0f 14    585  [20,14,4,2,11,39]     00:00:00:00:00:17    00:00:00:00:00:0f 15    585  [20,14,4,2,12,39]  
# h00:00:00:00:00:17 -> h00:00:00:00:00:12
   00:00:00:00:00:17    00:00:00:00:00:12 0    439  [20,13,3,17,42]     00:00:00:00:00:17    00:00:00:00:00:12 1    439  [20,13,3,18,42]     00:00:00:00:00:17    00:00:00:00:00:12 2    439  [20,13,4,17,42]     00:00:00:00:00:17    00:00:00:00:00:12 3    439  [20,13,4,18,42]     00:00:00:00:00:17    00:00:00:00:00:12 4    439  [20,14,3,17,42]     00:00:00:00:00:17    00:00:00:00:00:12 5    439  [20,14,3,18,42]     00:00:00:00:00:17    00:00:00:00:00:12 6    439  [20,14,4,17,42]     00:00:00:00:00:17    00:00:00:00:00:12 7    439  [20,14,4,18,42]     00:00:00:00:00:17    00:00:00:00:00:12 8    585  [20,13,3,4,17,42]     00:00:00:00:00:17    00:00:00:00:00:12 9    585  [20,13,3,4,18,42]     00:00:00:00:00:17    00:00:00:00:00:12 10    585  [20,13,4,3,17,42]     00:00:00:00:00:17    00:00:00:00:00:12 11    585  [20,13,4,3,18,42]     00:00:00:00:00:17    00:00:00:00:00:12 12    585  [20,14,3,4,17,42]     00:00:00:00:00:17    00:00:00:00:00:12 13    585  [20,14,3,4,18,42]     00:00:00:00:00:17    00:00:00:00:00:12 14    585  [20,14,4,3,17,42]     00:00:00:00:00:17    00:00:00:00:00:12 15    585  [20,14,4,3,18,42]  
# h00:00:00:00:00:17 -> h00:00:00:00:00:15
   00:00:00:00:00:17    00:00:00:00:00:15 0    439  [20,13,3,17,45]     00:00:00:00:00:17    00:00:00:00:00:15 1    439  [20,13,3,18,45]     00:00:00:00:00:17    00:00:00:00:00:15 2    439  [20,13,4,17,45]     00:00:00:00:00:17    00:00:00:00:00:15 3    439  [20,13,4,18,45]     00:00:00:00:00:17    00:00:00:00:00:15 4    439  [20,14,3,17,45]     00:00:00:00:00:17    00:00:00:00:00:15 5    439  [20,14,3,18,45]     00:00:00:00:00:17    00:00:00:00:00:15 6    439  [20,14,4,17,45]     00:00:00:00:00:17    00:00:00:00:00:15 7    439  [20,14,4,18,45]     00:00:00:00:00:17    00:00:00:00:00:15 8    585  [20,13,3,4,17,45]     00:00:00:00:00:17    00:00:00:00:00:15 9    585  [20,13,3,4,18,45]     00:00:00:00:00:17    00:00:00:00:00:15 10    585  [20,13,4,3,17,45]     00:00:00:00:00:17    00:00:00:00:00:15 11    585  [20,13,4,3,18,45]     00:00:00:00:00:17    00:00:00:00:00:15 12    585  [20,14,3,4,17,45]     00:00:00:00:00:17    00:00:00:00:00:15 13    585  [20,14,3,4,18,45]     00:00:00:00:00:17    00:00:00:00:00:15 14    585  [20,14,4,3,17,45]     00:00:00:00:00:17    00:00:00:00:00:15 15    585  [20,14,4,3,18,45]  
# h00:00:00:00:00:17 -> h00:00:00:00:00:13
   00:00:00:00:00:17    00:00:00:00:00:13 0    439  [20,13,3,17,43]     00:00:00:00:00:17    00:00:00:00:00:13 1    439  [20,13,3,18,43]     00:00:00:00:00:17    00:00:00:00:00:13 2    439  [20,13,4,17,43]     00:00:00:00:00:17    00:00:00:00:00:13 3    439  [20,13,4,18,43]     00:00:00:00:00:17    00:00:00:00:00:13 4    439  [20,14,3,17,43]     00:00:00:00:00:17    00:00:00:00:00:13 5    439  [20,14,3,18,43]     00:00:00:00:00:17    00:00:00:00:00:13 6    439  [20,14,4,17,43]     00:00:00:00:00:17    00:00:00:00:00:13 7    439  [20,14,4,18,43]     00:00:00:00:00:17    00:00:00:00:00:13 8    585  [20,13,3,4,17,43]     00:00:00:00:00:17    00:00:00:00:00:13 9    585  [20,13,3,4,18,43]     00:00:00:00:00:17    00:00:00:00:00:13 10    585  [20,13,4,3,17,43]     00:00:00:00:00:17    00:00:00:00:00:13 11    585  [20,13,4,3,18,43]     00:00:00:00:00:17    00:00:00:00:00:13 12    585  [20,14,3,4,17,43]     00:00:00:00:00:17    00:00:00:00:00:13 13    585  [20,14,3,4,18,43]     00:00:00:00:00:17    00:00:00:00:00:13 14    585  [20,14,4,3,17,43]     00:00:00:00:00:17    00:00:00:00:00:13 15    585  [20,14,4,3,18,43]  
# h00:00:00:00:00:09 -> h00:00:00:00:00:16
   00:00:00:00:00:09    00:00:00:00:00:16 0    585  [33,9,1,3,13,19]     00:00:00:00:00:09    00:00:00:00:00:16 1    585  [33,9,1,3,14,19]     00:00:00:00:00:09    00:00:00:00:00:16 2    585  [33,9,1,4,13,19]     00:00:00:00:00:09    00:00:00:00:00:16 3    585  [33,9,1,4,14,19]     00:00:00:00:00:09    00:00:00:00:00:16 4    585  [33,9,2,3,13,19]     00:00:00:00:00:09    00:00:00:00:00:16 5    585  [33,9,2,3,14,19]     00:00:00:00:00:09    00:00:00:00:00:16 6    585  [33,9,2,4,13,19]     00:00:00:00:00:09    00:00:00:00:00:16 7    585  [33,9,2,4,14,19]     00:00:00:00:00:09    00:00:00:00:00:16 8    585  [33,10,1,3,13,19]     00:00:00:00:00:09    00:00:00:00:00:16 9    585  [33,10,1,3,14,19]     00:00:00:00:00:09    00:00:00:00:00:16 10    585  [33,10,1,4,13,19]     00:00:00:00:00:09    00:00:00:00:00:16 11    585  [33,10,1,4,14,19]     00:00:00:00:00:09    00:00:00:00:00:16 12    585  [33,10,2,3,13,19]     00:00:00:00:00:09    00:00:00:00:00:16 13    585  [33,10,2,3,14,19]     00:00:00:00:00:09    00:00:00:00:00:16 14    585  [33,10,2,4,13,19]     00:00:00:00:00:09    00:00:00:00:00:16 15    585  [33,10,2,4,14,19]  
# h00:00:00:00:00:09 -> h00:00:00:00:00:06
   00:00:00:00:00:09    00:00:00:00:00:06 0    439  [33,9,1,7,30]     00:00:00:00:00:09    00:00:00:00:00:06 1    439  [33,9,1,8,30]     00:00:00:00:00:09    00:00:00:00:00:06 2    439  [33,9,2,7,30]     00:00:00:00:00:09    00:00:00:00:00:06 3    439  [33,9,2,8,30]     00:00:00:00:00:09    00:00:00:00:00:06 4    439  [33,10,1,7,30]     00:00:00:00:00:09    00:00:00:00:00:06 5    439  [33,10,1,8,30]     00:00:00:00:00:09    00:00:00:00:00:06 6    439  [33,10,2,7,30]     00:00:00:00:00:09    00:00:00:00:00:06 7    439  [33,10,2,8,30]     00:00:00:00:00:09    00:00:00:00:00:06 8    585  [33,9,1,2,7,30]     00:00:00:00:00:09    00:00:00:00:00:06 9    585  [33,9,1,2,8,30]     00:00:00:00:00:09    00:00:00:00:00:06 10    585  [33,9,2,1,7,30]     00:00:00:00:00:09    00:00:00:00:00:06 11    585  [33,9,2,1,8,30]     00:00:00:00:00:09    00:00:00:00:00:06 12    585  [33,10,1,2,7,30]     00:00:00:00:00:09    00:00:00:00:00:06 13    585  [33,10,1,2,8,30]     00:00:00:00:00:09    00:00:00:00:00:06 14    585  [33,10,2,1,7,30]     00:00:00:00:00:09    00:00:00:00:00:06 15    585  [33,10,2,1,8,30]  
# h00:00:00:00:00:09 -> h00:00:00:00:00:07
   00:00:00:00:00:09    00:00:00:00:00:07 0    439  [33,9,1,7,31]     00:00:00:00:00:09    00:00:00:00:00:07 1    439  [33,9,1,8,31]     00:00:00:00:00:09    00:00:00:00:00:07 2    439  [33,9,2,7,31]     00:00:00:00:00:09    00:00:00:00:00:07 3    439  [33,9,2,8,31]     00:00:00:00:00:09    00:00:00:00:00:07 4    439  [33,10,1,7,31]     00:00:00:00:00:09    00:00:00:00:00:07 5    439  [33,10,1,8,31]     00:00:00:00:00:09    00:00:00:00:00:07 6    439  [33,10,2,7,31]     00:00:00:00:00:09    00:00:00:00:00:07 7    439  [33,10,2,8,31]     00:00:00:00:00:09    00:00:00:00:00:07 8    585  [33,9,1,2,7,31]     00:00:00:00:00:09    00:00:00:00:00:07 9    585  [33,9,1,2,8,31]     00:00:00:00:00:09    00:00:00:00:00:07 10    585  [33,9,2,1,7,31]     00:00:00:00:00:09    00:00:00:00:00:07 11    585  [33,9,2,1,8,31]     00:00:00:00:00:09    00:00:00:00:00:07 12    585  [33,10,1,2,7,31]     00:00:00:00:00:09    00:00:00:00:00:07 13    585  [33,10,1,2,8,31]     00:00:00:00:00:09    00:00:00:00:00:07 14    585  [33,10,2,1,7,31]     00:00:00:00:00:09    00:00:00:00:00:07 15    585  [33,10,2,1,8,31]  
# h00:00:00:00:00:09 -> h00:00:00:00:00:1b
   00:00:00:00:00:09    00:00:00:00:00:1b 0    585  [33,9,1,3,15,24]     00:00:00:00:00:09    00:00:00:00:00:1b 1    585  [33,9,1,3,16,24]     00:00:00:00:00:09    00:00:00:00:00:1b 2    585  [33,9,1,4,15,24]     00:00:00:00:00:09    00:00:00:00:00:1b 3    585  [33,9,1,4,16,24]     00:00:00:00:00:09    00:00:00:00:00:1b 4    585  [33,9,2,3,15,24]     00:00:00:00:00:09    00:00:00:00:00:1b 5    585  [33,9,2,3,16,24]     00:00:00:00:00:09    00:00:00:00:00:1b 6    585  [33,9,2,4,15,24]     00:00:00:00:00:09    00:00:00:00:00:1b 7    585  [33,9,2,4,16,24]     00:00:00:00:00:09    00:00:00:00:00:1b 8    585  [33,10,1,3,15,24]     00:00:00:00:00:09    00:00:00:00:00:1b 9    585  [33,10,1,3,16,24]     00:00:00:00:00:09    00:00:00:00:00:1b 10    585  [33,10,1,4,15,24]     00:00:00:00:00:09    00:00:00:00:00:1b 11    585  [33,10,1,4,16,24]     00:00:00:00:00:09    00:00:00:00:00:1b 12    585  [33,10,2,3,15,24]     00:00:00:00:00:09    00:00:00:00:00:1b 13    585  [33,10,2,3,16,24]     00:00:00:00:00:09    00:00:00:00:00:1b 14    585  [33,10,2,4,15,24]     00:00:00:00:00:09    00:00:00:00:00:1b 15    585  [33,10,2,4,16,24]  
# h00:00:00:00:00:09 -> h00:00:00:00:00:17
   00:00:00:00:00:09    00:00:00:00:00:17 0    585  [33,9,1,3,13,20]     00:00:00:00:00:09    00:00:00:00:00:17 1    585  [33,9,1,3,14,20]     00:00:00:00:00:09    00:00:00:00:00:17 2    585  [33,9,1,4,13,20]     00:00:00:00:00:09    00:00:00:00:00:17 3    585  [33,9,1,4,14,20]     00:00:00:00:00:09    00:00:00:00:00:17 4    585  [33,9,2,3,13,20]     00:00:00:00:00:09    00:00:00:00:00:17 5    585  [33,9,2,3,14,20]     00:00:00:00:00:09    00:00:00:00:00:17 6    585  [33,9,2,4,13,20]     00:00:00:00:00:09    00:00:00:00:00:17 7    585  [33,9,2,4,14,20]     00:00:00:00:00:09    00:00:00:00:00:17 8    585  [33,10,1,3,13,20]     00:00:00:00:00:09    00:00:00:00:00:17 9    585  [33,10,1,3,14,20]     00:00:00:00:00:09    00:00:00:00:00:17 10    585  [33,10,1,4,13,20]     00:00:00:00:00:09    00:00:00:00:00:17 11    585  [33,10,1,4,14,20]     00:00:00:00:00:09    00:00:00:00:00:17 12    585  [33,10,2,3,13,20]     00:00:00:00:00:09    00:00:00:00:00:17 13    585  [33,10,2,3,14,20]     00:00:00:00:00:09    00:00:00:00:00:17 14    585  [33,10,2,4,13,20]     00:00:00:00:00:09    00:00:00:00:00:17 15    585  [33,10,2,4,14,20]  
# h00:00:00:00:00:09 -> h00:00:00:00:00:05
   00:00:00:00:00:09    00:00:00:00:00:05 0    439  [33,9,1,7,29]     00:00:00:00:00:09    00:00:00:00:00:05 1    439  [33,9,1,8,29]     00:00:00:00:00:09    00:00:00:00:00:05 2    439  [33,9,2,7,29]     00:00:00:00:00:09    00:00:00:00:00:05 3    439  [33,9,2,8,29]     00:00:00:00:00:09    00:00:00:00:00:05 4    439  [33,10,1,7,29]     00:00:00:00:00:09    00:00:00:00:00:05 5    439  [33,10,1,8,29]     00:00:00:00:00:09    00:00:00:00:00:05 6    439  [33,10,2,7,29]     00:00:00:00:00:09    00:00:00:00:00:05 7    439  [33,10,2,8,29]     00:00:00:00:00:09    00:00:00:00:00:05 8    585  [33,9,1,2,7,29]     00:00:00:00:00:09    00:00:00:00:00:05 9    585  [33,9,1,2,8,29]     00:00:00:00:00:09    00:00:00:00:00:05 10    585  [33,9,2,1,7,29]     00:00:00:00:00:09    00:00:00:00:00:05 11    585  [33,9,2,1,8,29]     00:00:00:00:00:09    00:00:00:00:00:05 12    585  [33,10,1,2,7,29]     00:00:00:00:00:09    00:00:00:00:00:05 13    585  [33,10,1,2,8,29]     00:00:00:00:00:09    00:00:00:00:00:05 14    585  [33,10,2,1,7,29]     00:00:00:00:00:09    00:00:00:00:00:05 15    585  [33,10,2,1,8,29]  
# h00:00:00:00:00:09 -> h00:00:00:00:00:08
   00:00:00:00:00:09    00:00:00:00:00:08 0    439  [33,9,1,7,32]     00:00:00:00:00:09    00:00:00:00:00:08 1    439  [33,9,1,8,32]     00:00:00:00:00:09    00:00:00:00:00:08 2    439  [33,9,2,7,32]     00:00:00:00:00:09    00:00:00:00:00:08 3    439  [33,9,2,8,32]     00:00:00:00:00:09    00:00:00:00:00:08 4    439  [33,10,1,7,32]     00:00:00:00:00:09    00:00:00:00:00:08 5    439  [33,10,1,8,32]     00:00:00:00:00:09    00:00:00:00:00:08 6    439  [33,10,2,7,32]     00:00:00:00:00:09    00:00:00:00:00:08 7    439  [33,10,2,8,32]     00:00:00:00:00:09    00:00:00:00:00:08 8    585  [33,9,1,2,7,32]     00:00:00:00:00:09    00:00:00:00:00:08 9    585  [33,9,1,2,8,32]     00:00:00:00:00:09    00:00:00:00:00:08 10    585  [33,9,2,1,7,32]     00:00:00:00:00:09    00:00:00:00:00:08 11    585  [33,9,2,1,8,32]     00:00:00:00:00:09    00:00:00:00:00:08 12    585  [33,10,1,2,7,32]     00:00:00:00:00:09    00:00:00:00:00:08 13    585  [33,10,1,2,8,32]     00:00:00:00:00:09    00:00:00:00:00:08 14    585  [33,10,2,1,7,32]     00:00:00:00:00:09    00:00:00:00:00:08 15    585  [33,10,2,1,8,32]  
# h00:00:00:00:00:09 -> h00:00:00:00:00:04
   00:00:00:00:00:09    00:00:00:00:00:04 0    439  [33,9,1,5,28]     00:00:00:00:00:09    00:00:00:00:00:04 1    439  [33,9,1,6,28]     00:00:00:00:00:09    00:00:00:00:00:04 2    439  [33,9,2,5,28]     00:00:00:00:00:09    00:00:00:00:00:04 3    439  [33,9,2,6,28]     00:00:00:00:00:09    00:00:00:00:00:04 4    439  [33,10,1,5,28]     00:00:00:00:00:09    00:00:00:00:00:04 5    439  [33,10,1,6,28]     00:00:00:00:00:09    00:00:00:00:00:04 6    439  [33,10,2,5,28]     00:00:00:00:00:09    00:00:00:00:00:04 7    439  [33,10,2,6,28]     00:00:00:00:00:09    00:00:00:00:00:04 8    585  [33,9,1,2,5,28]     00:00:00:00:00:09    00:00:00:00:00:04 9    585  [33,9,1,2,6,28]     00:00:00:00:00:09    00:00:00:00:00:04 10    585  [33,9,2,1,5,28]     00:00:00:00:00:09    00:00:00:00:00:04 11    585  [33,9,2,1,6,28]     00:00:00:00:00:09    00:00:00:00:00:04 12    585  [33,10,1,2,5,28]     00:00:00:00:00:09    00:00:00:00:00:04 13    585  [33,10,1,2,6,28]     00:00:00:00:00:09    00:00:00:00:00:04 14    585  [33,10,2,1,5,28]     00:00:00:00:00:09    00:00:00:00:00:04 15    585  [33,10,2,1,6,28]  
# h00:00:00:00:00:09 -> h00:00:00:00:00:1a
   00:00:00:00:00:09    00:00:00:00:00:1a 0    585  [33,9,1,3,15,23]     00:00:00:00:00:09    00:00:00:00:00:1a 1    585  [33,9,1,3,16,23]     00:00:00:00:00:09    00:00:00:00:00:1a 2    585  [33,9,1,4,15,23]     00:00:00:00:00:09    00:00:00:00:00:1a 3    585  [33,9,1,4,16,23]     00:00:00:00:00:09    00:00:00:00:00:1a 4    585  [33,9,2,3,15,23]     00:00:00:00:00:09    00:00:00:00:00:1a 5    585  [33,9,2,3,16,23]     00:00:00:00:00:09    00:00:00:00:00:1a 6    585  [33,9,2,4,15,23]     00:00:00:00:00:09    00:00:00:00:00:1a 7    585  [33,9,2,4,16,23]     00:00:00:00:00:09    00:00:00:00:00:1a 8    585  [33,10,1,3,15,23]     00:00:00:00:00:09    00:00:00:00:00:1a 9    585  [33,10,1,3,16,23]     00:00:00:00:00:09    00:00:00:00:00:1a 10    585  [33,10,1,4,15,23]     00:00:00:00:00:09    00:00:00:00:00:1a 11    585  [33,10,1,4,16,23]     00:00:00:00:00:09    00:00:00:00:00:1a 12    585  [33,10,2,3,15,23]     00:00:00:00:00:09    00:00:00:00:00:1a 13    585  [33,10,2,3,16,23]     00:00:00:00:00:09    00:00:00:00:00:1a 14    585  [33,10,2,4,15,23]     00:00:00:00:00:09    00:00:00:00:00:1a 15    585  [33,10,2,4,16,23]  
# h00:00:00:00:00:09 -> h00:00:00:00:00:10
   00:00:00:00:00:09    00:00:00:00:00:10 0    439  [33,9,1,11,40]     00:00:00:00:00:09    00:00:00:00:00:10 1    439  [33,9,1,12,40]     00:00:00:00:00:09    00:00:00:00:00:10 2    439  [33,9,2,11,40]     00:00:00:00:00:09    00:00:00:00:00:10 3    439  [33,9,2,12,40]     00:00:00:00:00:09    00:00:00:00:00:10 4    439  [33,10,1,11,40]     00:00:00:00:00:09    00:00:00:00:00:10 5    439  [33,10,1,12,40]     00:00:00:00:00:09    00:00:00:00:00:10 6    439  [33,10,2,11,40]     00:00:00:00:00:09    00:00:00:00:00:10 7    439  [33,10,2,12,40]     00:00:00:00:00:09    00:00:00:00:00:10 8    585  [33,9,1,2,11,40]     00:00:00:00:00:09    00:00:00:00:00:10 9    585  [33,9,1,2,12,40]     00:00:00:00:00:09    00:00:00:00:00:10 10    585  [33,9,2,1,11,40]     00:00:00:00:00:09    00:00:00:00:00:10 11    585  [33,9,2,1,12,40]     00:00:00:00:00:09    00:00:00:00:00:10 12    585  [33,10,1,2,11,40]     00:00:00:00:00:09    00:00:00:00:00:10 13    585  [33,10,1,2,12,40]     00:00:00:00:00:09    00:00:00:00:00:10 14    585  [33,10,2,1,11,40]     00:00:00:00:00:09    00:00:00:00:00:10 15    585  [33,10,2,1,12,40]  
# h00:00:00:00:00:09 -> h00:00:00:00:00:18
   00:00:00:00:00:09    00:00:00:00:00:18 0    585  [33,9,1,3,13,21]     00:00:00:00:00:09    00:00:00:00:00:18 1    585  [33,9,1,3,14,21]     00:00:00:00:00:09    00:00:00:00:00:18 2    585  [33,9,1,4,13,21]     00:00:00:00:00:09    00:00:00:00:00:18 3    585  [33,9,1,4,14,21]     00:00:00:00:00:09    00:00:00:00:00:18 4    585  [33,9,2,3,13,21]     00:00:00:00:00:09    00:00:00:00:00:18 5    585  [33,9,2,3,14,21]     00:00:00:00:00:09    00:00:00:00:00:18 6    585  [33,9,2,4,13,21]     00:00:00:00:00:09    00:00:00:00:00:18 7    585  [33,9,2,4,14,21]     00:00:00:00:00:09    00:00:00:00:00:18 8    585  [33,10,1,3,13,21]     00:00:00:00:00:09    00:00:00:00:00:18 9    585  [33,10,1,3,14,21]     00:00:00:00:00:09    00:00:00:00:00:18 10    585  [33,10,1,4,13,21]     00:00:00:00:00:09    00:00:00:00:00:18 11    585  [33,10,1,4,14,21]     00:00:00:00:00:09    00:00:00:00:00:18 12    585  [33,10,2,3,13,21]     00:00:00:00:00:09    00:00:00:00:00:18 13    585  [33,10,2,3,14,21]     00:00:00:00:00:09    00:00:00:00:00:18 14    585  [33,10,2,4,13,21]     00:00:00:00:00:09    00:00:00:00:00:18 15    585  [33,10,2,4,14,21]  
# h00:00:00:00:00:09 -> h00:00:00:00:00:19
   00:00:00:00:00:09    00:00:00:00:00:19 0    585  [33,9,1,3,15,22]     00:00:00:00:00:09    00:00:00:00:00:19 1    585  [33,9,1,3,16,22]     00:00:00:00:00:09    00:00:00:00:00:19 2    585  [33,9,1,4,15,22]     00:00:00:00:00:09    00:00:00:00:00:19 3    585  [33,9,1,4,16,22]     00:00:00:00:00:09    00:00:00:00:00:19 4    585  [33,9,2,3,15,22]     00:00:00:00:00:09    00:00:00:00:00:19 5    585  [33,9,2,3,16,22]     00:00:00:00:00:09    00:00:00:00:00:19 6    585  [33,9,2,4,15,22]     00:00:00:00:00:09    00:00:00:00:00:19 7    585  [33,9,2,4,16,22]     00:00:00:00:00:09    00:00:00:00:00:19 8    585  [33,10,1,3,15,22]     00:00:00:00:00:09    00:00:00:00:00:19 9    585  [33,10,1,3,16,22]     00:00:00:00:00:09    00:00:00:00:00:19 10    585  [33,10,1,4,15,22]     00:00:00:00:00:09    00:00:00:00:00:19 11    585  [33,10,1,4,16,22]     00:00:00:00:00:09    00:00:00:00:00:19 12    585  [33,10,2,3,15,22]     00:00:00:00:00:09    00:00:00:00:00:19 13    585  [33,10,2,3,16,22]     00:00:00:00:00:09    00:00:00:00:00:19 14    585  [33,10,2,4,15,22]     00:00:00:00:00:09    00:00:00:00:00:19 15    585  [33,10,2,4,16,22]  
# h00:00:00:00:00:09 -> h00:00:00:00:00:0e
   00:00:00:00:00:09    00:00:00:00:00:0e 0    439  [33,9,1,11,38]     00:00:00:00:00:09    00:00:00:00:00:0e 1    439  [33,9,1,12,38]     00:00:00:00:00:09    00:00:00:00:00:0e 2    439  [33,9,2,11,38]     00:00:00:00:00:09    00:00:00:00:00:0e 3    439  [33,9,2,12,38]     00:00:00:00:00:09    00:00:00:00:00:0e 4    439  [33,10,1,11,38]     00:00:00:00:00:09    00:00:00:00:00:0e 5    439  [33,10,1,12,38]     00:00:00:00:00:09    00:00:00:00:00:0e 6    439  [33,10,2,11,38]     00:00:00:00:00:09    00:00:00:00:00:0e 7    439  [33,10,2,12,38]     00:00:00:00:00:09    00:00:00:00:00:0e 8    585  [33,9,1,2,11,38]     00:00:00:00:00:09    00:00:00:00:00:0e 9    585  [33,9,1,2,12,38]     00:00:00:00:00:09    00:00:00:00:00:0e 10    585  [33,9,2,1,11,38]     00:00:00:00:00:09    00:00:00:00:00:0e 11    585  [33,9,2,1,12,38]     00:00:00:00:00:09    00:00:00:00:00:0e 12    585  [33,10,1,2,11,38]     00:00:00:00:00:09    00:00:00:00:00:0e 13    585  [33,10,1,2,12,38]     00:00:00:00:00:09    00:00:00:00:00:0e 14    585  [33,10,2,1,11,38]     00:00:00:00:00:09    00:00:00:00:00:0e 15    585  [33,10,2,1,12,38]  
# h00:00:00:00:00:09 -> h00:00:00:00:00:01
   00:00:00:00:00:09    00:00:00:00:00:01 0    439  [33,9,1,5,25]     00:00:00:00:00:09    00:00:00:00:00:01 1    439  [33,9,1,6,25]     00:00:00:00:00:09    00:00:00:00:00:01 2    439  [33,9,2,5,25]     00:00:00:00:00:09    00:00:00:00:00:01 3    439  [33,9,2,6,25]     00:00:00:00:00:09    00:00:00:00:00:01 4    439  [33,10,1,5,25]     00:00:00:00:00:09    00:00:00:00:00:01 5    439  [33,10,1,6,25]     00:00:00:00:00:09    00:00:00:00:00:01 6    439  [33,10,2,5,25]     00:00:00:00:00:09    00:00:00:00:00:01 7    439  [33,10,2,6,25]     00:00:00:00:00:09    00:00:00:00:00:01 8    585  [33,9,1,2,5,25]     00:00:00:00:00:09    00:00:00:00:00:01 9    585  [33,9,1,2,6,25]     00:00:00:00:00:09    00:00:00:00:00:01 10    585  [33,9,2,1,5,25]     00:00:00:00:00:09    00:00:00:00:00:01 11    585  [33,9,2,1,6,25]     00:00:00:00:00:09    00:00:00:00:00:01 12    585  [33,10,1,2,5,25]     00:00:00:00:00:09    00:00:00:00:00:01 13    585  [33,10,1,2,6,25]     00:00:00:00:00:09    00:00:00:00:00:01 14    585  [33,10,2,1,5,25]     00:00:00:00:00:09    00:00:00:00:00:01 15    585  [33,10,2,1,6,25]  
# h00:00:00:00:00:09 -> h00:00:00:00:00:14
   00:00:00:00:00:09    00:00:00:00:00:14 0    585  [33,9,1,3,17,44]     00:00:00:00:00:09    00:00:00:00:00:14 1    585  [33,9,1,3,18,44]     00:00:00:00:00:09    00:00:00:00:00:14 2    585  [33,9,1,4,17,44]     00:00:00:00:00:09    00:00:00:00:00:14 3    585  [33,9,1,4,18,44]     00:00:00:00:00:09    00:00:00:00:00:14 4    585  [33,9,2,3,17,44]     00:00:00:00:00:09    00:00:00:00:00:14 5    585  [33,9,2,3,18,44]     00:00:00:00:00:09    00:00:00:00:00:14 6    585  [33,9,2,4,17,44]     00:00:00:00:00:09    00:00:00:00:00:14 7    585  [33,9,2,4,18,44]     00:00:00:00:00:09    00:00:00:00:00:14 8    585  [33,10,1,3,17,44]     00:00:00:00:00:09    00:00:00:00:00:14 9    585  [33,10,1,3,18,44]     00:00:00:00:00:09    00:00:00:00:00:14 10    585  [33,10,1,4,17,44]     00:00:00:00:00:09    00:00:00:00:00:14 11    585  [33,10,1,4,18,44]     00:00:00:00:00:09    00:00:00:00:00:14 12    585  [33,10,2,3,17,44]     00:00:00:00:00:09    00:00:00:00:00:14 13    585  [33,10,2,3,18,44]     00:00:00:00:00:09    00:00:00:00:00:14 14    585  [33,10,2,4,17,44]     00:00:00:00:00:09    00:00:00:00:00:14 15    585  [33,10,2,4,18,44]  
# h00:00:00:00:00:09 -> h00:00:00:00:00:0b
   00:00:00:00:00:09    00:00:00:00:00:0b 0    146  [33,9,35]     00:00:00:00:00:09    00:00:00:00:00:0b 1    146  [33,10,35]     00:00:00:00:00:09    00:00:00:00:00:0b 2    439  [33,9,1,10,35]     00:00:00:00:00:09    00:00:00:00:00:0b 3    439  [33,9,2,10,35]     00:00:00:00:00:09    00:00:00:00:00:0b 4    439  [33,9,34,10,35]     00:00:00:00:00:09    00:00:00:00:00:0b 5    439  [33,9,36,10,35]     00:00:00:00:00:09    00:00:00:00:00:0b 6    439  [33,10,1,9,35]     00:00:00:00:00:09    00:00:00:00:00:0b 7    439  [33,10,2,9,35]     00:00:00:00:00:09    00:00:00:00:00:0b 8    439  [33,10,34,9,35]     00:00:00:00:00:09    00:00:00:00:00:0b 9    439  [33,10,36,9,35]     00:00:00:00:00:09    00:00:00:00:00:0b 10    585  [33,9,1,2,10,35]     00:00:00:00:00:09    00:00:00:00:00:0b 11    585  [33,9,2,1,10,35]     00:00:00:00:00:09    00:00:00:00:00:0b 12    585  [33,10,1,2,9,35]     00:00:00:00:00:09    00:00:00:00:00:0b 13    585  [33,10,2,1,9,35]     00:00:00:00:00:09    00:00:00:00:00:0b 14    731  [33,9,1,3,2,10,35]     00:00:00:00:00:09    00:00:00:00:00:0b 15    731  [33,9,1,4,2,10,35]  
# h00:00:00:00:00:09 -> h00:00:00:00:00:0a
   00:00:00:00:00:09    00:00:00:00:00:0a 0    146  [33,9,34]     00:00:00:00:00:09    00:00:00:00:00:0a 1    146  [33,10,34]     00:00:00:00:00:09    00:00:00:00:00:0a 2    439  [33,9,1,10,34]     00:00:00:00:00:09    00:00:00:00:00:0a 3    439  [33,9,2,10,34]     00:00:00:00:00:09    00:00:00:00:00:0a 4    439  [33,9,35,10,34]     00:00:00:00:00:09    00:00:00:00:00:0a 5    439  [33,9,36,10,34]     00:00:00:00:00:09    00:00:00:00:00:0a 6    439  [33,10,1,9,34]     00:00:00:00:00:09    00:00:00:00:00:0a 7    439  [33,10,2,9,34]     00:00:00:00:00:09    00:00:00:00:00:0a 8    439  [33,10,35,9,34]     00:00:00:00:00:09    00:00:00:00:00:0a 9    439  [33,10,36,9,34]     00:00:00:00:00:09    00:00:00:00:00:0a 10    585  [33,9,1,2,10,34]     00:00:00:00:00:09    00:00:00:00:00:0a 11    585  [33,9,2,1,10,34]     00:00:00:00:00:09    00:00:00:00:00:0a 12    585  [33,10,1,2,9,34]     00:00:00:00:00:09    00:00:00:00:00:0a 13    585  [33,10,2,1,9,34]     00:00:00:00:00:09    00:00:00:00:00:0a 14    731  [33,9,1,3,2,10,34]     00:00:00:00:00:09    00:00:00:00:00:0a 15    731  [33,9,1,4,2,10,34]  
# h00:00:00:00:00:09 -> h00:00:00:00:00:0c
   00:00:00:00:00:09    00:00:00:00:00:0c 0    146  [33,9,36]     00:00:00:00:00:09    00:00:00:00:00:0c 1    146  [33,10,36]     00:00:00:00:00:09    00:00:00:00:00:0c 2    439  [33,9,1,10,36]     00:00:00:00:00:09    00:00:00:00:00:0c 3    439  [33,9,2,10,36]     00:00:00:00:00:09    00:00:00:00:00:0c 4    439  [33,9,34,10,36]     00:00:00:00:00:09    00:00:00:00:00:0c 5    439  [33,9,35,10,36]     00:00:00:00:00:09    00:00:00:00:00:0c 6    439  [33,10,1,9,36]     00:00:00:00:00:09    00:00:00:00:00:0c 7    439  [33,10,2,9,36]     00:00:00:00:00:09    00:00:00:00:00:0c 8    439  [33,10,34,9,36]     00:00:00:00:00:09    00:00:00:00:00:0c 9    439  [33,10,35,9,36]     00:00:00:00:00:09    00:00:00:00:00:0c 10    585  [33,9,1,2,10,36]     00:00:00:00:00:09    00:00:00:00:00:0c 11    585  [33,9,2,1,10,36]     00:00:00:00:00:09    00:00:00:00:00:0c 12    585  [33,10,1,2,9,36]     00:00:00:00:00:09    00:00:00:00:00:0c 13    585  [33,10,2,1,9,36]     00:00:00:00:00:09    00:00:00:00:00:0c 14    731  [33,9,1,3,2,10,36]     00:00:00:00:00:09    00:00:00:00:00:0c 15    731  [33,9,1,4,2,10,36]  
# h00:00:00:00:00:09 -> h00:00:00:00:00:0d
   00:00:00:00:00:09    00:00:00:00:00:0d 0    439  [33,9,1,11,37]     00:00:00:00:00:09    00:00:00:00:00:0d 1    439  [33,9,1,12,37]     00:00:00:00:00:09    00:00:00:00:00:0d 2    439  [33,9,2,11,37]     00:00:00:00:00:09    00:00:00:00:00:0d 3    439  [33,9,2,12,37]     00:00:00:00:00:09    00:00:00:00:00:0d 4    439  [33,10,1,11,37]     00:00:00:00:00:09    00:00:00:00:00:0d 5    439  [33,10,1,12,37]     00:00:00:00:00:09    00:00:00:00:00:0d 6    439  [33,10,2,11,37]     00:00:00:00:00:09    00:00:00:00:00:0d 7    439  [33,10,2,12,37]     00:00:00:00:00:09    00:00:00:00:00:0d 8    585  [33,9,1,2,11,37]     00:00:00:00:00:09    00:00:00:00:00:0d 9    585  [33,9,1,2,12,37]     00:00:00:00:00:09    00:00:00:00:00:0d 10    585  [33,9,2,1,11,37]     00:00:00:00:00:09    00:00:00:00:00:0d 11    585  [33,9,2,1,12,37]     00:00:00:00:00:09    00:00:00:00:00:0d 12    585  [33,10,1,2,11,37]     00:00:00:00:00:09    00:00:00:00:00:0d 13    585  [33,10,1,2,12,37]     00:00:00:00:00:09    00:00:00:00:00:0d 14    585  [33,10,2,1,11,37]     00:00:00:00:00:09    00:00:00:00:00:0d 15    585  [33,10,2,1,12,37]  
# h00:00:00:00:00:09 -> h00:00:00:00:00:03
   00:00:00:00:00:09    00:00:00:00:00:03 0    439  [33,9,1,5,27]     00:00:00:00:00:09    00:00:00:00:00:03 1    439  [33,9,1,6,27]     00:00:00:00:00:09    00:00:00:00:00:03 2    439  [33,9,2,5,27]     00:00:00:00:00:09    00:00:00:00:00:03 3    439  [33,9,2,6,27]     00:00:00:00:00:09    00:00:00:00:00:03 4    439  [33,10,1,5,27]     00:00:00:00:00:09    00:00:00:00:00:03 5    439  [33,10,1,6,27]     00:00:00:00:00:09    00:00:00:00:00:03 6    439  [33,10,2,5,27]     00:00:00:00:00:09    00:00:00:00:00:03 7    439  [33,10,2,6,27]     00:00:00:00:00:09    00:00:00:00:00:03 8    585  [33,9,1,2,5,27]     00:00:00:00:00:09    00:00:00:00:00:03 9    585  [33,9,1,2,6,27]     00:00:00:00:00:09    00:00:00:00:00:03 10    585  [33,9,2,1,5,27]     00:00:00:00:00:09    00:00:00:00:00:03 11    585  [33,9,2,1,6,27]     00:00:00:00:00:09    00:00:00:00:00:03 12    585  [33,10,1,2,5,27]     00:00:00:00:00:09    00:00:00:00:00:03 13    585  [33,10,1,2,6,27]     00:00:00:00:00:09    00:00:00:00:00:03 14    585  [33,10,2,1,5,27]     00:00:00:00:00:09    00:00:00:00:00:03 15    585  [33,10,2,1,6,27]  
# h00:00:00:00:00:09 -> h00:00:00:00:00:11
   00:00:00:00:00:09    00:00:00:00:00:11 0    585  [33,9,1,3,17,41]     00:00:00:00:00:09    00:00:00:00:00:11 1    585  [33,9,1,3,18,41]     00:00:00:00:00:09    00:00:00:00:00:11 2    585  [33,9,1,4,17,41]     00:00:00:00:00:09    00:00:00:00:00:11 3    585  [33,9,1,4,18,41]     00:00:00:00:00:09    00:00:00:00:00:11 4    585  [33,9,2,3,17,41]     00:00:00:00:00:09    00:00:00:00:00:11 5    585  [33,9,2,3,18,41]     00:00:00:00:00:09    00:00:00:00:00:11 6    585  [33,9,2,4,17,41]     00:00:00:00:00:09    00:00:00:00:00:11 7    585  [33,9,2,4,18,41]     00:00:00:00:00:09    00:00:00:00:00:11 8    585  [33,10,1,3,17,41]     00:00:00:00:00:09    00:00:00:00:00:11 9    585  [33,10,1,3,18,41]     00:00:00:00:00:09    00:00:00:00:00:11 10    585  [33,10,1,4,17,41]     00:00:00:00:00:09    00:00:00:00:00:11 11    585  [33,10,1,4,18,41]     00:00:00:00:00:09    00:00:00:00:00:11 12    585  [33,10,2,3,17,41]     00:00:00:00:00:09    00:00:00:00:00:11 13    585  [33,10,2,3,18,41]     00:00:00:00:00:09    00:00:00:00:00:11 14    585  [33,10,2,4,17,41]     00:00:00:00:00:09    00:00:00:00:00:11 15    585  [33,10,2,4,18,41]  
# h00:00:00:00:00:09 -> h00:00:00:00:00:02
   00:00:00:00:00:09    00:00:00:00:00:02 0    439  [33,9,1,5,26]     00:00:00:00:00:09    00:00:00:00:00:02 1    439  [33,9,1,6,26]     00:00:00:00:00:09    00:00:00:00:00:02 2    439  [33,9,2,5,26]     00:00:00:00:00:09    00:00:00:00:00:02 3    439  [33,9,2,6,26]     00:00:00:00:00:09    00:00:00:00:00:02 4    439  [33,10,1,5,26]     00:00:00:00:00:09    00:00:00:00:00:02 5    439  [33,10,1,6,26]     00:00:00:00:00:09    00:00:00:00:00:02 6    439  [33,10,2,5,26]     00:00:00:00:00:09    00:00:00:00:00:02 7    439  [33,10,2,6,26]     00:00:00:00:00:09    00:00:00:00:00:02 8    585  [33,9,1,2,5,26]     00:00:00:00:00:09    00:00:00:00:00:02 9    585  [33,9,1,2,6,26]     00:00:00:00:00:09    00:00:00:00:00:02 10    585  [33,9,2,1,5,26]     00:00:00:00:00:09    00:00:00:00:00:02 11    585  [33,9,2,1,6,26]     00:00:00:00:00:09    00:00:00:00:00:02 12    585  [33,10,1,2,5,26]     00:00:00:00:00:09    00:00:00:00:00:02 13    585  [33,10,1,2,6,26]     00:00:00:00:00:09    00:00:00:00:00:02 14    585  [33,10,2,1,5,26]     00:00:00:00:00:09    00:00:00:00:00:02 15    585  [33,10,2,1,6,26]  
# h00:00:00:00:00:09 -> h00:00:00:00:00:0f
   00:00:00:00:00:09    00:00:00:00:00:0f 0    439  [33,9,1,11,39]     00:00:00:00:00:09    00:00:00:00:00:0f 1    439  [33,9,1,12,39]     00:00:00:00:00:09    00:00:00:00:00:0f 2    439  [33,9,2,11,39]     00:00:00:00:00:09    00:00:00:00:00:0f 3    439  [33,9,2,12,39]     00:00:00:00:00:09    00:00:00:00:00:0f 4    439  [33,10,1,11,39]     00:00:00:00:00:09    00:00:00:00:00:0f 5    439  [33,10,1,12,39]     00:00:00:00:00:09    00:00:00:00:00:0f 6    439  [33,10,2,11,39]     00:00:00:00:00:09    00:00:00:00:00:0f 7    439  [33,10,2,12,39]     00:00:00:00:00:09    00:00:00:00:00:0f 8    585  [33,9,1,2,11,39]     00:00:00:00:00:09    00:00:00:00:00:0f 9    585  [33,9,1,2,12,39]     00:00:00:00:00:09    00:00:00:00:00:0f 10    585  [33,9,2,1,11,39]     00:00:00:00:00:09    00:00:00:00:00:0f 11    585  [33,9,2,1,12,39]     00:00:00:00:00:09    00:00:00:00:00:0f 12    585  [33,10,1,2,11,39]     00:00:00:00:00:09    00:00:00:00:00:0f 13    585  [33,10,1,2,12,39]     00:00:00:00:00:09    00:00:00:00:00:0f 14    585  [33,10,2,1,11,39]     00:00:00:00:00:09    00:00:00:00:00:0f 15    585  [33,10,2,1,12,39]  
# h00:00:00:00:00:09 -> h00:00:00:00:00:12
   00:00:00:00:00:09    00:00:00:00:00:12 0    585  [33,9,1,3,17,42]     00:00:00:00:00:09    00:00:00:00:00:12 1    585  [33,9,1,3,18,42]     00:00:00:00:00:09    00:00:00:00:00:12 2    585  [33,9,1,4,17,42]     00:00:00:00:00:09    00:00:00:00:00:12 3    585  [33,9,1,4,18,42]     00:00:00:00:00:09    00:00:00:00:00:12 4    585  [33,9,2,3,17,42]     00:00:00:00:00:09    00:00:00:00:00:12 5    585  [33,9,2,3,18,42]     00:00:00:00:00:09    00:00:00:00:00:12 6    585  [33,9,2,4,17,42]     00:00:00:00:00:09    00:00:00:00:00:12 7    585  [33,9,2,4,18,42]     00:00:00:00:00:09    00:00:00:00:00:12 8    585  [33,10,1,3,17,42]     00:00:00:00:00:09    00:00:00:00:00:12 9    585  [33,10,1,3,18,42]     00:00:00:00:00:09    00:00:00:00:00:12 10    585  [33,10,1,4,17,42]     00:00:00:00:00:09    00:00:00:00:00:12 11    585  [33,10,1,4,18,42]     00:00:00:00:00:09    00:00:00:00:00:12 12    585  [33,10,2,3,17,42]     00:00:00:00:00:09    00:00:00:00:00:12 13    585  [33,10,2,3,18,42]     00:00:00:00:00:09    00:00:00:00:00:12 14    585  [33,10,2,4,17,42]     00:00:00:00:00:09    00:00:00:00:00:12 15    585  [33,10,2,4,18,42]  
# h00:00:00:00:00:09 -> h00:00:00:00:00:15
   00:00:00:00:00:09    00:00:00:00:00:15 0    585  [33,9,1,3,17,45]     00:00:00:00:00:09    00:00:00:00:00:15 1    585  [33,9,1,3,18,45]     00:00:00:00:00:09    00:00:00:00:00:15 2    585  [33,9,1,4,17,45]     00:00:00:00:00:09    00:00:00:00:00:15 3    585  [33,9,1,4,18,45]     00:00:00:00:00:09    00:00:00:00:00:15 4    585  [33,9,2,3,17,45]     00:00:00:00:00:09    00:00:00:00:00:15 5    585  [33,9,2,3,18,45]     00:00:00:00:00:09    00:00:00:00:00:15 6    585  [33,9,2,4,17,45]     00:00:00:00:00:09    00:00:00:00:00:15 7    585  [33,9,2,4,18,45]     00:00:00:00:00:09    00:00:00:00:00:15 8    585  [33,10,1,3,17,45]     00:00:00:00:00:09    00:00:00:00:00:15 9    585  [33,10,1,3,18,45]     00:00:00:00:00:09    00:00:00:00:00:15 10    585  [33,10,1,4,17,45]     00:00:00:00:00:09    00:00:00:00:00:15 11    585  [33,10,1,4,18,45]     00:00:00:00:00:09    00:00:00:00:00:15 12    585  [33,10,2,3,17,45]     00:00:00:00:00:09    00:00:00:00:00:15 13    585  [33,10,2,3,18,45]     00:00:00:00:00:09    00:00:00:00:00:15 14    585  [33,10,2,4,17,45]     00:00:00:00:00:09    00:00:00:00:00:15 15    585  [33,10,2,4,18,45]  
# h00:00:00:00:00:09 -> h00:00:00:00:00:13
   00:00:00:00:00:09    00:00:00:00:00:13 0    585  [33,9,1,3,17,43]     00:00:00:00:00:09    00:00:00:00:00:13 1    585  [33,9,1,3,18,43]     00:00:00:00:00:09    00:00:00:00:00:13 2    585  [33,9,1,4,17,43]     00:00:00:00:00:09    00:00:00:00:00:13 3    585  [33,9,1,4,18,43]     00:00:00:00:00:09    00:00:00:00:00:13 4    585  [33,9,2,3,17,43]     00:00:00:00:00:09    00:00:00:00:00:13 5    585  [33,9,2,3,18,43]     00:00:00:00:00:09    00:00:00:00:00:13 6    585  [33,9,2,4,17,43]     00:00:00:00:00:09    00:00:00:00:00:13 7    585  [33,9,2,4,18,43]     00:00:00:00:00:09    00:00:00:00:00:13 8    585  [33,10,1,3,17,43]     00:00:00:00:00:09    00:00:00:00:00:13 9    585  [33,10,1,3,18,43]     00:00:00:00:00:09    00:00:00:00:00:13 10    585  [33,10,1,4,17,43]     00:00:00:00:00:09    00:00:00:00:00:13 11    585  [33,10,1,4,18,43]     00:00:00:00:00:09    00:00:00:00:00:13 12    585  [33,10,2,3,17,43]     00:00:00:00:00:09    00:00:00:00:00:13 13    585  [33,10,2,3,18,43]     00:00:00:00:00:09    00:00:00:00:00:13 14    585  [33,10,2,4,17,43]     00:00:00:00:00:09    00:00:00:00:00:13 15    585  [33,10,2,4,18,43]  
# h00:00:00:00:00:05 -> h00:00:00:00:00:16
   00:00:00:00:00:05    00:00:00:00:00:16 0    585  [29,7,1,3,13,19]     00:00:00:00:00:05    00:00:00:00:00:16 1    585  [29,7,1,3,14,19]     00:00:00:00:00:05    00:00:00:00:00:16 2    585  [29,7,1,4,13,19]     00:00:00:00:00:05    00:00:00:00:00:16 3    585  [29,7,1,4,14,19]     00:00:00:00:00:05    00:00:00:00:00:16 4    585  [29,7,2,3,13,19]     00:00:00:00:00:05    00:00:00:00:00:16 5    585  [29,7,2,3,14,19]     00:00:00:00:00:05    00:00:00:00:00:16 6    585  [29,7,2,4,13,19]     00:00:00:00:00:05    00:00:00:00:00:16 7    585  [29,7,2,4,14,19]     00:00:00:00:00:05    00:00:00:00:00:16 8    585  [29,8,1,3,13,19]     00:00:00:00:00:05    00:00:00:00:00:16 9    585  [29,8,1,3,14,19]     00:00:00:00:00:05    00:00:00:00:00:16 10    585  [29,8,1,4,13,19]     00:00:00:00:00:05    00:00:00:00:00:16 11    585  [29,8,1,4,14,19]     00:00:00:00:00:05    00:00:00:00:00:16 12    585  [29,8,2,3,13,19]     00:00:00:00:00:05    00:00:00:00:00:16 13    585  [29,8,2,3,14,19]     00:00:00:00:00:05    00:00:00:00:00:16 14    585  [29,8,2,4,13,19]     00:00:00:00:00:05    00:00:00:00:00:16 15    585  [29,8,2,4,14,19]  
# h00:00:00:00:00:05 -> h00:00:00:00:00:06
   00:00:00:00:00:05    00:00:00:00:00:06 0    146  [29,7,30]     00:00:00:00:00:05    00:00:00:00:00:06 1    146  [29,8,30]     00:00:00:00:00:05    00:00:00:00:00:06 2    439  [29,7,1,8,30]     00:00:00:00:00:05    00:00:00:00:00:06 3    439  [29,7,2,8,30]     00:00:00:00:00:05    00:00:00:00:00:06 4    439  [29,7,31,8,30]     00:00:00:00:00:05    00:00:00:00:00:06 5    439  [29,7,32,8,30]     00:00:00:00:00:05    00:00:00:00:00:06 6    439  [29,8,1,7,30]     00:00:00:00:00:05    00:00:00:00:00:06 7    439  [29,8,2,7,30]     00:00:00:00:00:05    00:00:00:00:00:06 8    439  [29,8,31,7,30]     00:00:00:00:00:05    00:00:00:00:00:06 9    439  [29,8,32,7,30]     00:00:00:00:00:05    00:00:00:00:00:06 10    585  [29,7,1,2,8,30]     00:00:00:00:00:05    00:00:00:00:00:06 11    585  [29,7,2,1,8,30]     00:00:00:00:00:05    00:00:00:00:00:06 12    585  [29,8,1,2,7,30]     00:00:00:00:00:05    00:00:00:00:00:06 13    585  [29,8,2,1,7,30]     00:00:00:00:00:05    00:00:00:00:00:06 14    731  [29,7,1,3,2,8,30]     00:00:00:00:00:05    00:00:00:00:00:06 15    731  [29,7,1,4,2,8,30]  
# h00:00:00:00:00:05 -> h00:00:00:00:00:07
   00:00:00:00:00:05    00:00:00:00:00:07 0    146  [29,7,31]     00:00:00:00:00:05    00:00:00:00:00:07 1    146  [29,8,31]     00:00:00:00:00:05    00:00:00:00:00:07 2    439  [29,7,1,8,31]     00:00:00:00:00:05    00:00:00:00:00:07 3    439  [29,7,2,8,31]     00:00:00:00:00:05    00:00:00:00:00:07 4    439  [29,7,30,8,31]     00:00:00:00:00:05    00:00:00:00:00:07 5    439  [29,7,32,8,31]     00:00:00:00:00:05    00:00:00:00:00:07 6    439  [29,8,1,7,31]     00:00:00:00:00:05    00:00:00:00:00:07 7    439  [29,8,2,7,31]     00:00:00:00:00:05    00:00:00:00:00:07 8    439  [29,8,30,7,31]     00:00:00:00:00:05    00:00:00:00:00:07 9    439  [29,8,32,7,31]     00:00:00:00:00:05    00:00:00:00:00:07 10    585  [29,7,1,2,8,31]     00:00:00:00:00:05    00:00:00:00:00:07 11    585  [29,7,2,1,8,31]     00:00:00:00:00:05    00:00:00:00:00:07 12    585  [29,8,1,2,7,31]     00:00:00:00:00:05    00:00:00:00:00:07 13    585  [29,8,2,1,7,31]     00:00:00:00:00:05    00:00:00:00:00:07 14    731  [29,7,1,3,2,8,31]     00:00:00:00:00:05    00:00:00:00:00:07 15    731  [29,7,1,4,2,8,31]  
# h00:00:00:00:00:05 -> h00:00:00:00:00:1b
   00:00:00:00:00:05    00:00:00:00:00:1b 0    585  [29,7,1,3,15,24]     00:00:00:00:00:05    00:00:00:00:00:1b 1    585  [29,7,1,3,16,24]     00:00:00:00:00:05    00:00:00:00:00:1b 2    585  [29,7,1,4,15,24]     00:00:00:00:00:05    00:00:00:00:00:1b 3    585  [29,7,1,4,16,24]     00:00:00:00:00:05    00:00:00:00:00:1b 4    585  [29,7,2,3,15,24]     00:00:00:00:00:05    00:00:00:00:00:1b 5    585  [29,7,2,3,16,24]     00:00:00:00:00:05    00:00:00:00:00:1b 6    585  [29,7,2,4,15,24]     00:00:00:00:00:05    00:00:00:00:00:1b 7    585  [29,7,2,4,16,24]     00:00:00:00:00:05    00:00:00:00:00:1b 8    585  [29,8,1,3,15,24]     00:00:00:00:00:05    00:00:00:00:00:1b 9    585  [29,8,1,3,16,24]     00:00:00:00:00:05    00:00:00:00:00:1b 10    585  [29,8,1,4,15,24]     00:00:00:00:00:05    00:00:00:00:00:1b 11    585  [29,8,1,4,16,24]     00:00:00:00:00:05    00:00:00:00:00:1b 12    585  [29,8,2,3,15,24]     00:00:00:00:00:05    00:00:00:00:00:1b 13    585  [29,8,2,3,16,24]     00:00:00:00:00:05    00:00:00:00:00:1b 14    585  [29,8,2,4,15,24]     00:00:00:00:00:05    00:00:00:00:00:1b 15    585  [29,8,2,4,16,24]  
# h00:00:00:00:00:05 -> h00:00:00:00:00:17
   00:00:00:00:00:05    00:00:00:00:00:17 0    585  [29,7,1,3,13,20]     00:00:00:00:00:05    00:00:00:00:00:17 1    585  [29,7,1,3,14,20]     00:00:00:00:00:05    00:00:00:00:00:17 2    585  [29,7,1,4,13,20]     00:00:00:00:00:05    00:00:00:00:00:17 3    585  [29,7,1,4,14,20]     00:00:00:00:00:05    00:00:00:00:00:17 4    585  [29,7,2,3,13,20]     00:00:00:00:00:05    00:00:00:00:00:17 5    585  [29,7,2,3,14,20]     00:00:00:00:00:05    00:00:00:00:00:17 6    585  [29,7,2,4,13,20]     00:00:00:00:00:05    00:00:00:00:00:17 7    585  [29,7,2,4,14,20]     00:00:00:00:00:05    00:00:00:00:00:17 8    585  [29,8,1,3,13,20]     00:00:00:00:00:05    00:00:00:00:00:17 9    585  [29,8,1,3,14,20]     00:00:00:00:00:05    00:00:00:00:00:17 10    585  [29,8,1,4,13,20]     00:00:00:00:00:05    00:00:00:00:00:17 11    585  [29,8,1,4,14,20]     00:00:00:00:00:05    00:00:00:00:00:17 12    585  [29,8,2,3,13,20]     00:00:00:00:00:05    00:00:00:00:00:17 13    585  [29,8,2,3,14,20]     00:00:00:00:00:05    00:00:00:00:00:17 14    585  [29,8,2,4,13,20]     00:00:00:00:00:05    00:00:00:00:00:17 15    585  [29,8,2,4,14,20]  
# h00:00:00:00:00:05 -> h00:00:00:00:00:09
   00:00:00:00:00:05    00:00:00:00:00:09 0    439  [29,7,1,9,33]     00:00:00:00:00:05    00:00:00:00:00:09 1    439  [29,7,1,10,33]     00:00:00:00:00:05    00:00:00:00:00:09 2    439  [29,7,2,9,33]     00:00:00:00:00:05    00:00:00:00:00:09 3    439  [29,7,2,10,33]     00:00:00:00:00:05    00:00:00:00:00:09 4    439  [29,8,1,9,33]     00:00:00:00:00:05    00:00:00:00:00:09 5    439  [29,8,1,10,33]     00:00:00:00:00:05    00:00:00:00:00:09 6    439  [29,8,2,9,33]     00:00:00:00:00:05    00:00:00:00:00:09 7    439  [29,8,2,10,33]     00:00:00:00:00:05    00:00:00:00:00:09 8    585  [29,7,1,2,9,33]     00:00:00:00:00:05    00:00:00:00:00:09 9    585  [29,7,1,2,10,33]     00:00:00:00:00:05    00:00:00:00:00:09 10    585  [29,7,2,1,9,33]     00:00:00:00:00:05    00:00:00:00:00:09 11    585  [29,7,2,1,10,33]     00:00:00:00:00:05    00:00:00:00:00:09 12    585  [29,8,1,2,9,33]     00:00:00:00:00:05    00:00:00:00:00:09 13    585  [29,8,1,2,10,33]     00:00:00:00:00:05    00:00:00:00:00:09 14    585  [29,8,2,1,9,33]     00:00:00:00:00:05    00:00:00:00:00:09 15    585  [29,8,2,1,10,33]  
# h00:00:00:00:00:05 -> h00:00:00:00:00:08
   00:00:00:00:00:05    00:00:00:00:00:08 0    146  [29,7,32]     00:00:00:00:00:05    00:00:00:00:00:08 1    146  [29,8,32]     00:00:00:00:00:05    00:00:00:00:00:08 2    439  [29,7,1,8,32]     00:00:00:00:00:05    00:00:00:00:00:08 3    439  [29,7,2,8,32]     00:00:00:00:00:05    00:00:00:00:00:08 4    439  [29,7,30,8,32]     00:00:00:00:00:05    00:00:00:00:00:08 5    439  [29,7,31,8,32]     00:00:00:00:00:05    00:00:00:00:00:08 6    439  [29,8,1,7,32]     00:00:00:00:00:05    00:00:00:00:00:08 7    439  [29,8,2,7,32]     00:00:00:00:00:05    00:00:00:00:00:08 8    439  [29,8,30,7,32]     00:00:00:00:00:05    00:00:00:00:00:08 9    439  [29,8,31,7,32]     00:00:00:00:00:05    00:00:00:00:00:08 10    585  [29,7,1,2,8,32]     00:00:00:00:00:05    00:00:00:00:00:08 11    585  [29,7,2,1,8,32]     00:00:00:00:00:05    00:00:00:00:00:08 12    585  [29,8,1,2,7,32]     00:00:00:00:00:05    00:00:00:00:00:08 13    585  [29,8,2,1,7,32]     00:00:00:00:00:05    00:00:00:00:00:08 14    731  [29,7,1,3,2,8,32]     00:00:00:00:00:05    00:00:00:00:00:08 15    731  [29,7,1,4,2,8,32]  
# h00:00:00:00:00:05 -> h00:00:00:00:00:04
   00:00:00:00:00:05    00:00:00:00:00:04 0    439  [29,7,1,5,28]     00:00:00:00:00:05    00:00:00:00:00:04 1    439  [29,7,1,6,28]     00:00:00:00:00:05    00:00:00:00:00:04 2    439  [29,7,2,5,28]     00:00:00:00:00:05    00:00:00:00:00:04 3    439  [29,7,2,6,28]     00:00:00:00:00:05    00:00:00:00:00:04 4    439  [29,8,1,5,28]     00:00:00:00:00:05    00:00:00:00:00:04 5    439  [29,8,1,6,28]     00:00:00:00:00:05    00:00:00:00:00:04 6    439  [29,8,2,5,28]     00:00:00:00:00:05    00:00:00:00:00:04 7    439  [29,8,2,6,28]     00:00:00:00:00:05    00:00:00:00:00:04 8    585  [29,7,1,2,5,28]     00:00:00:00:00:05    00:00:00:00:00:04 9    585  [29,7,1,2,6,28]     00:00:00:00:00:05    00:00:00:00:00:04 10    585  [29,7,2,1,5,28]     00:00:00:00:00:05    00:00:00:00:00:04 11    585  [29,7,2,1,6,28]     00:00:00:00:00:05    00:00:00:00:00:04 12    585  [29,8,1,2,5,28]     00:00:00:00:00:05    00:00:00:00:00:04 13    585  [29,8,1,2,6,28]     00:00:00:00:00:05    00:00:00:00:00:04 14    585  [29,8,2,1,5,28]     00:00:00:00:00:05    00:00:00:00:00:04 15    585  [29,8,2,1,6,28]  
# h00:00:00:00:00:05 -> h00:00:00:00:00:1a
   00:00:00:00:00:05    00:00:00:00:00:1a 0    585  [29,7,1,3,15,23]     00:00:00:00:00:05    00:00:00:00:00:1a 1    585  [29,7,1,3,16,23]     00:00:00:00:00:05    00:00:00:00:00:1a 2    585  [29,7,1,4,15,23]     00:00:00:00:00:05    00:00:00:00:00:1a 3    585  [29,7,1,4,16,23]     00:00:00:00:00:05    00:00:00:00:00:1a 4    585  [29,7,2,3,15,23]     00:00:00:00:00:05    00:00:00:00:00:1a 5    585  [29,7,2,3,16,23]     00:00:00:00:00:05    00:00:00:00:00:1a 6    585  [29,7,2,4,15,23]     00:00:00:00:00:05    00:00:00:00:00:1a 7    585  [29,7,2,4,16,23]     00:00:00:00:00:05    00:00:00:00:00:1a 8    585  [29,8,1,3,15,23]     00:00:00:00:00:05    00:00:00:00:00:1a 9    585  [29,8,1,3,16,23]     00:00:00:00:00:05    00:00:00:00:00:1a 10    585  [29,8,1,4,15,23]     00:00:00:00:00:05    00:00:00:00:00:1a 11    585  [29,8,1,4,16,23]     00:00:00:00:00:05    00:00:00:00:00:1a 12    585  [29,8,2,3,15,23]     00:00:00:00:00:05    00:00:00:00:00:1a 13    585  [29,8,2,3,16,23]     00:00:00:00:00:05    00:00:00:00:00:1a 14    585  [29,8,2,4,15,23]     00:00:00:00:00:05    00:00:00:00:00:1a 15    585  [29,8,2,4,16,23]  
# h00:00:00:00:00:05 -> h00:00:00:00:00:10
   00:00:00:00:00:05    00:00:00:00:00:10 0    439  [29,7,1,11,40]     00:00:00:00:00:05    00:00:00:00:00:10 1    439  [29,7,1,12,40]     00:00:00:00:00:05    00:00:00:00:00:10 2    439  [29,7,2,11,40]     00:00:00:00:00:05    00:00:00:00:00:10 3    439  [29,7,2,12,40]     00:00:00:00:00:05    00:00:00:00:00:10 4    439  [29,8,1,11,40]     00:00:00:00:00:05    00:00:00:00:00:10 5    439  [29,8,1,12,40]     00:00:00:00:00:05    00:00:00:00:00:10 6    439  [29,8,2,11,40]     00:00:00:00:00:05    00:00:00:00:00:10 7    439  [29,8,2,12,40]     00:00:00:00:00:05    00:00:00:00:00:10 8    585  [29,7,1,2,11,40]     00:00:00:00:00:05    00:00:00:00:00:10 9    585  [29,7,1,2,12,40]     00:00:00:00:00:05    00:00:00:00:00:10 10    585  [29,7,2,1,11,40]     00:00:00:00:00:05    00:00:00:00:00:10 11    585  [29,7,2,1,12,40]     00:00:00:00:00:05    00:00:00:00:00:10 12    585  [29,8,1,2,11,40]     00:00:00:00:00:05    00:00:00:00:00:10 13    585  [29,8,1,2,12,40]     00:00:00:00:00:05    00:00:00:00:00:10 14    585  [29,8,2,1,11,40]     00:00:00:00:00:05    00:00:00:00:00:10 15    585  [29,8,2,1,12,40]  
# h00:00:00:00:00:05 -> h00:00:00:00:00:18
   00:00:00:00:00:05    00:00:00:00:00:18 0    585  [29,7,1,3,13,21]     00:00:00:00:00:05    00:00:00:00:00:18 1    585  [29,7,1,3,14,21]     00:00:00:00:00:05    00:00:00:00:00:18 2    585  [29,7,1,4,13,21]     00:00:00:00:00:05    00:00:00:00:00:18 3    585  [29,7,1,4,14,21]     00:00:00:00:00:05    00:00:00:00:00:18 4    585  [29,7,2,3,13,21]     00:00:00:00:00:05    00:00:00:00:00:18 5    585  [29,7,2,3,14,21]     00:00:00:00:00:05    00:00:00:00:00:18 6    585  [29,7,2,4,13,21]     00:00:00:00:00:05    00:00:00:00:00:18 7    585  [29,7,2,4,14,21]     00:00:00:00:00:05    00:00:00:00:00:18 8    585  [29,8,1,3,13,21]     00:00:00:00:00:05    00:00:00:00:00:18 9    585  [29,8,1,3,14,21]     00:00:00:00:00:05    00:00:00:00:00:18 10    585  [29,8,1,4,13,21]     00:00:00:00:00:05    00:00:00:00:00:18 11    585  [29,8,1,4,14,21]     00:00:00:00:00:05    00:00:00:00:00:18 12    585  [29,8,2,3,13,21]     00:00:00:00:00:05    00:00:00:00:00:18 13    585  [29,8,2,3,14,21]     00:00:00:00:00:05    00:00:00:00:00:18 14    585  [29,8,2,4,13,21]     00:00:00:00:00:05    00:00:00:00:00:18 15    585  [29,8,2,4,14,21]  
# h00:00:00:00:00:05 -> h00:00:00:00:00:19
   00:00:00:00:00:05    00:00:00:00:00:19 0    585  [29,7,1,3,15,22]     00:00:00:00:00:05    00:00:00:00:00:19 1    585  [29,7,1,3,16,22]     00:00:00:00:00:05    00:00:00:00:00:19 2    585  [29,7,1,4,15,22]     00:00:00:00:00:05    00:00:00:00:00:19 3    585  [29,7,1,4,16,22]     00:00:00:00:00:05    00:00:00:00:00:19 4    585  [29,7,2,3,15,22]     00:00:00:00:00:05    00:00:00:00:00:19 5    585  [29,7,2,3,16,22]     00:00:00:00:00:05    00:00:00:00:00:19 6    585  [29,7,2,4,15,22]     00:00:00:00:00:05    00:00:00:00:00:19 7    585  [29,7,2,4,16,22]     00:00:00:00:00:05    00:00:00:00:00:19 8    585  [29,8,1,3,15,22]     00:00:00:00:00:05    00:00:00:00:00:19 9    585  [29,8,1,3,16,22]     00:00:00:00:00:05    00:00:00:00:00:19 10    585  [29,8,1,4,15,22]     00:00:00:00:00:05    00:00:00:00:00:19 11    585  [29,8,1,4,16,22]     00:00:00:00:00:05    00:00:00:00:00:19 12    585  [29,8,2,3,15,22]     00:00:00:00:00:05    00:00:00:00:00:19 13    585  [29,8,2,3,16,22]     00:00:00:00:00:05    00:00:00:00:00:19 14    585  [29,8,2,4,15,22]     00:00:00:00:00:05    00:00:00:00:00:19 15    585  [29,8,2,4,16,22]  
# h00:00:00:00:00:05 -> h00:00:00:00:00:0e
   00:00:00:00:00:05    00:00:00:00:00:0e 0    439  [29,7,1,11,38]     00:00:00:00:00:05    00:00:00:00:00:0e 1    439  [29,7,1,12,38]     00:00:00:00:00:05    00:00:00:00:00:0e 2    439  [29,7,2,11,38]     00:00:00:00:00:05    00:00:00:00:00:0e 3    439  [29,7,2,12,38]     00:00:00:00:00:05    00:00:00:00:00:0e 4    439  [29,8,1,11,38]     00:00:00:00:00:05    00:00:00:00:00:0e 5    439  [29,8,1,12,38]     00:00:00:00:00:05    00:00:00:00:00:0e 6    439  [29,8,2,11,38]     00:00:00:00:00:05    00:00:00:00:00:0e 7    439  [29,8,2,12,38]     00:00:00:00:00:05    00:00:00:00:00:0e 8    585  [29,7,1,2,11,38]     00:00:00:00:00:05    00:00:00:00:00:0e 9    585  [29,7,1,2,12,38]     00:00:00:00:00:05    00:00:00:00:00:0e 10    585  [29,7,2,1,11,38]     00:00:00:00:00:05    00:00:00:00:00:0e 11    585  [29,7,2,1,12,38]     00:00:00:00:00:05    00:00:00:00:00:0e 12    585  [29,8,1,2,11,38]     00:00:00:00:00:05    00:00:00:00:00:0e 13    585  [29,8,1,2,12,38]     00:00:00:00:00:05    00:00:00:00:00:0e 14    585  [29,8,2,1,11,38]     00:00:00:00:00:05    00:00:00:00:00:0e 15    585  [29,8,2,1,12,38]  
# h00:00:00:00:00:05 -> h00:00:00:00:00:01
   00:00:00:00:00:05    00:00:00:00:00:01 0    439  [29,7,1,5,25]     00:00:00:00:00:05    00:00:00:00:00:01 1    439  [29,7,1,6,25]     00:00:00:00:00:05    00:00:00:00:00:01 2    439  [29,7,2,5,25]     00:00:00:00:00:05    00:00:00:00:00:01 3    439  [29,7,2,6,25]     00:00:00:00:00:05    00:00:00:00:00:01 4    439  [29,8,1,5,25]     00:00:00:00:00:05    00:00:00:00:00:01 5    439  [29,8,1,6,25]     00:00:00:00:00:05    00:00:00:00:00:01 6    439  [29,8,2,5,25]     00:00:00:00:00:05    00:00:00:00:00:01 7    439  [29,8,2,6,25]     00:00:00:00:00:05    00:00:00:00:00:01 8    585  [29,7,1,2,5,25]     00:00:00:00:00:05    00:00:00:00:00:01 9    585  [29,7,1,2,6,25]     00:00:00:00:00:05    00:00:00:00:00:01 10    585  [29,7,2,1,5,25]     00:00:00:00:00:05    00:00:00:00:00:01 11    585  [29,7,2,1,6,25]     00:00:00:00:00:05    00:00:00:00:00:01 12    585  [29,8,1,2,5,25]     00:00:00:00:00:05    00:00:00:00:00:01 13    585  [29,8,1,2,6,25]     00:00:00:00:00:05    00:00:00:00:00:01 14    585  [29,8,2,1,5,25]     00:00:00:00:00:05    00:00:00:00:00:01 15    585  [29,8,2,1,6,25]  
# h00:00:00:00:00:05 -> h00:00:00:00:00:14
   00:00:00:00:00:05    00:00:00:00:00:14 0    585  [29,7,1,3,17,44]     00:00:00:00:00:05    00:00:00:00:00:14 1    585  [29,7,1,3,18,44]     00:00:00:00:00:05    00:00:00:00:00:14 2    585  [29,7,1,4,17,44]     00:00:00:00:00:05    00:00:00:00:00:14 3    585  [29,7,1,4,18,44]     00:00:00:00:00:05    00:00:00:00:00:14 4    585  [29,7,2,3,17,44]     00:00:00:00:00:05    00:00:00:00:00:14 5    585  [29,7,2,3,18,44]     00:00:00:00:00:05    00:00:00:00:00:14 6    585  [29,7,2,4,17,44]     00:00:00:00:00:05    00:00:00:00:00:14 7    585  [29,7,2,4,18,44]     00:00:00:00:00:05    00:00:00:00:00:14 8    585  [29,8,1,3,17,44]     00:00:00:00:00:05    00:00:00:00:00:14 9    585  [29,8,1,3,18,44]     00:00:00:00:00:05    00:00:00:00:00:14 10    585  [29,8,1,4,17,44]     00:00:00:00:00:05    00:00:00:00:00:14 11    585  [29,8,1,4,18,44]     00:00:00:00:00:05    00:00:00:00:00:14 12    585  [29,8,2,3,17,44]     00:00:00:00:00:05    00:00:00:00:00:14 13    585  [29,8,2,3,18,44]     00:00:00:00:00:05    00:00:00:00:00:14 14    585  [29,8,2,4,17,44]     00:00:00:00:00:05    00:00:00:00:00:14 15    585  [29,8,2,4,18,44]  
# h00:00:00:00:00:05 -> h00:00:00:00:00:0b
   00:00:00:00:00:05    00:00:00:00:00:0b 0    439  [29,7,1,9,35]     00:00:00:00:00:05    00:00:00:00:00:0b 1    439  [29,7,1,10,35]     00:00:00:00:00:05    00:00:00:00:00:0b 2    439  [29,7,2,9,35]     00:00:00:00:00:05    00:00:00:00:00:0b 3    439  [29,7,2,10,35]     00:00:00:00:00:05    00:00:00:00:00:0b 4    439  [29,8,1,9,35]     00:00:00:00:00:05    00:00:00:00:00:0b 5    439  [29,8,1,10,35]     00:00:00:00:00:05    00:00:00:00:00:0b 6    439  [29,8,2,9,35]     00:00:00:00:00:05    00:00:00:00:00:0b 7    439  [29,8,2,10,35]     00:00:00:00:00:05    00:00:00:00:00:0b 8    585  [29,7,1,2,9,35]     00:00:00:00:00:05    00:00:00:00:00:0b 9    585  [29,7,1,2,10,35]     00:00:00:00:00:05    00:00:00:00:00:0b 10    585  [29,7,2,1,9,35]     00:00:00:00:00:05    00:00:00:00:00:0b 11    585  [29,7,2,1,10,35]     00:00:00:00:00:05    00:00:00:00:00:0b 12    585  [29,8,1,2,9,35]     00:00:00:00:00:05    00:00:00:00:00:0b 13    585  [29,8,1,2,10,35]     00:00:00:00:00:05    00:00:00:00:00:0b 14    585  [29,8,2,1,9,35]     00:00:00:00:00:05    00:00:00:00:00:0b 15    585  [29,8,2,1,10,35]  
# h00:00:00:00:00:05 -> h00:00:00:00:00:0a
   00:00:00:00:00:05    00:00:00:00:00:0a 0    439  [29,7,1,9,34]     00:00:00:00:00:05    00:00:00:00:00:0a 1    439  [29,7,1,10,34]     00:00:00:00:00:05    00:00:00:00:00:0a 2    439  [29,7,2,9,34]     00:00:00:00:00:05    00:00:00:00:00:0a 3    439  [29,7,2,10,34]     00:00:00:00:00:05    00:00:00:00:00:0a 4    439  [29,8,1,9,34]     00:00:00:00:00:05    00:00:00:00:00:0a 5    439  [29,8,1,10,34]     00:00:00:00:00:05    00:00:00:00:00:0a 6    439  [29,8,2,9,34]     00:00:00:00:00:05    00:00:00:00:00:0a 7    439  [29,8,2,10,34]     00:00:00:00:00:05    00:00:00:00:00:0a 8    585  [29,7,1,2,9,34]     00:00:00:00:00:05    00:00:00:00:00:0a 9    585  [29,7,1,2,10,34]     00:00:00:00:00:05    00:00:00:00:00:0a 10    585  [29,7,2,1,9,34]     00:00:00:00:00:05    00:00:00:00:00:0a 11    585  [29,7,2,1,10,34]     00:00:00:00:00:05    00:00:00:00:00:0a 12    585  [29,8,1,2,9,34]     00:00:00:00:00:05    00:00:00:00:00:0a 13    585  [29,8,1,2,10,34]     00:00:00:00:00:05    00:00:00:00:00:0a 14    585  [29,8,2,1,9,34]     00:00:00:00:00:05    00:00:00:00:00:0a 15    585  [29,8,2,1,10,34]  
# h00:00:00:00:00:05 -> h00:00:00:00:00:0c
   00:00:00:00:00:05    00:00:00:00:00:0c 0    439  [29,7,1,9,36]     00:00:00:00:00:05    00:00:00:00:00:0c 1    439  [29,7,1,10,36]     00:00:00:00:00:05    00:00:00:00:00:0c 2    439  [29,7,2,9,36]     00:00:00:00:00:05    00:00:00:00:00:0c 3    439  [29,7,2,10,36]     00:00:00:00:00:05    00:00:00:00:00:0c 4    439  [29,8,1,9,36]     00:00:00:00:00:05    00:00:00:00:00:0c 5    439  [29,8,1,10,36]     00:00:00:00:00:05    00:00:00:00:00:0c 6    439  [29,8,2,9,36]     00:00:00:00:00:05    00:00:00:00:00:0c 7    439  [29,8,2,10,36]     00:00:00:00:00:05    00:00:00:00:00:0c 8    585  [29,7,1,2,9,36]     00:00:00:00:00:05    00:00:00:00:00:0c 9    585  [29,7,1,2,10,36]     00:00:00:00:00:05    00:00:00:00:00:0c 10    585  [29,7,2,1,9,36]     00:00:00:00:00:05    00:00:00:00:00:0c 11    585  [29,7,2,1,10,36]     00:00:00:00:00:05    00:00:00:00:00:0c 12    585  [29,8,1,2,9,36]     00:00:00:00:00:05    00:00:00:00:00:0c 13    585  [29,8,1,2,10,36]     00:00:00:00:00:05    00:00:00:00:00:0c 14    585  [29,8,2,1,9,36]     00:00:00:00:00:05    00:00:00:00:00:0c 15    585  [29,8,2,1,10,36]  
# h00:00:00:00:00:05 -> h00:00:00:00:00:0d
   00:00:00:00:00:05    00:00:00:00:00:0d 0    439  [29,7,1,11,37]     00:00:00:00:00:05    00:00:00:00:00:0d 1    439  [29,7,1,12,37]     00:00:00:00:00:05    00:00:00:00:00:0d 2    439  [29,7,2,11,37]     00:00:00:00:00:05    00:00:00:00:00:0d 3    439  [29,7,2,12,37]     00:00:00:00:00:05    00:00:00:00:00:0d 4    439  [29,8,1,11,37]     00:00:00:00:00:05    00:00:00:00:00:0d 5    439  [29,8,1,12,37]     00:00:00:00:00:05    00:00:00:00:00:0d 6    439  [29,8,2,11,37]     00:00:00:00:00:05    00:00:00:00:00:0d 7    439  [29,8,2,12,37]     00:00:00:00:00:05    00:00:00:00:00:0d 8    585  [29,7,1,2,11,37]     00:00:00:00:00:05    00:00:00:00:00:0d 9    585  [29,7,1,2,12,37]     00:00:00:00:00:05    00:00:00:00:00:0d 10    585  [29,7,2,1,11,37]     00:00:00:00:00:05    00:00:00:00:00:0d 11    585  [29,7,2,1,12,37]     00:00:00:00:00:05    00:00:00:00:00:0d 12    585  [29,8,1,2,11,37]     00:00:00:00:00:05    00:00:00:00:00:0d 13    585  [29,8,1,2,12,37]     00:00:00:00:00:05    00:00:00:00:00:0d 14    585  [29,8,2,1,11,37]     00:00:00:00:00:05    00:00:00:00:00:0d 15    585  [29,8,2,1,12,37]  
# h00:00:00:00:00:05 -> h00:00:00:00:00:03
   00:00:00:00:00:05    00:00:00:00:00:03 0    439  [29,7,1,5,27]     00:00:00:00:00:05    00:00:00:00:00:03 1    439  [29,7,1,6,27]     00:00:00:00:00:05    00:00:00:00:00:03 2    439  [29,7,2,5,27]     00:00:00:00:00:05    00:00:00:00:00:03 3    439  [29,7,2,6,27]     00:00:00:00:00:05    00:00:00:00:00:03 4    439  [29,8,1,5,27]     00:00:00:00:00:05    00:00:00:00:00:03 5    439  [29,8,1,6,27]     00:00:00:00:00:05    00:00:00:00:00:03 6    439  [29,8,2,5,27]     00:00:00:00:00:05    00:00:00:00:00:03 7    439  [29,8,2,6,27]     00:00:00:00:00:05    00:00:00:00:00:03 8    585  [29,7,1,2,5,27]     00:00:00:00:00:05    00:00:00:00:00:03 9    585  [29,7,1,2,6,27]     00:00:00:00:00:05    00:00:00:00:00:03 10    585  [29,7,2,1,5,27]     00:00:00:00:00:05    00:00:00:00:00:03 11    585  [29,7,2,1,6,27]     00:00:00:00:00:05    00:00:00:00:00:03 12    585  [29,8,1,2,5,27]     00:00:00:00:00:05    00:00:00:00:00:03 13    585  [29,8,1,2,6,27]     00:00:00:00:00:05    00:00:00:00:00:03 14    585  [29,8,2,1,5,27]     00:00:00:00:00:05    00:00:00:00:00:03 15    585  [29,8,2,1,6,27]  
# h00:00:00:00:00:05 -> h00:00:00:00:00:11
   00:00:00:00:00:05    00:00:00:00:00:11 0    585  [29,7,1,3,17,41]     00:00:00:00:00:05    00:00:00:00:00:11 1    585  [29,7,1,3,18,41]     00:00:00:00:00:05    00:00:00:00:00:11 2    585  [29,7,1,4,17,41]     00:00:00:00:00:05    00:00:00:00:00:11 3    585  [29,7,1,4,18,41]     00:00:00:00:00:05    00:00:00:00:00:11 4    585  [29,7,2,3,17,41]     00:00:00:00:00:05    00:00:00:00:00:11 5    585  [29,7,2,3,18,41]     00:00:00:00:00:05    00:00:00:00:00:11 6    585  [29,7,2,4,17,41]     00:00:00:00:00:05    00:00:00:00:00:11 7    585  [29,7,2,4,18,41]     00:00:00:00:00:05    00:00:00:00:00:11 8    585  [29,8,1,3,17,41]     00:00:00:00:00:05    00:00:00:00:00:11 9    585  [29,8,1,3,18,41]     00:00:00:00:00:05    00:00:00:00:00:11 10    585  [29,8,1,4,17,41]     00:00:00:00:00:05    00:00:00:00:00:11 11    585  [29,8,1,4,18,41]     00:00:00:00:00:05    00:00:00:00:00:11 12    585  [29,8,2,3,17,41]     00:00:00:00:00:05    00:00:00:00:00:11 13    585  [29,8,2,3,18,41]     00:00:00:00:00:05    00:00:00:00:00:11 14    585  [29,8,2,4,17,41]     00:00:00:00:00:05    00:00:00:00:00:11 15    585  [29,8,2,4,18,41]  
# h00:00:00:00:00:05 -> h00:00:00:00:00:02
   00:00:00:00:00:05    00:00:00:00:00:02 0    439  [29,7,1,5,26]     00:00:00:00:00:05    00:00:00:00:00:02 1    439  [29,7,1,6,26]     00:00:00:00:00:05    00:00:00:00:00:02 2    439  [29,7,2,5,26]     00:00:00:00:00:05    00:00:00:00:00:02 3    439  [29,7,2,6,26]     00:00:00:00:00:05    00:00:00:00:00:02 4    439  [29,8,1,5,26]     00:00:00:00:00:05    00:00:00:00:00:02 5    439  [29,8,1,6,26]     00:00:00:00:00:05    00:00:00:00:00:02 6    439  [29,8,2,5,26]     00:00:00:00:00:05    00:00:00:00:00:02 7    439  [29,8,2,6,26]     00:00:00:00:00:05    00:00:00:00:00:02 8    585  [29,7,1,2,5,26]     00:00:00:00:00:05    00:00:00:00:00:02 9    585  [29,7,1,2,6,26]     00:00:00:00:00:05    00:00:00:00:00:02 10    585  [29,7,2,1,5,26]     00:00:00:00:00:05    00:00:00:00:00:02 11    585  [29,7,2,1,6,26]     00:00:00:00:00:05    00:00:00:00:00:02 12    585  [29,8,1,2,5,26]     00:00:00:00:00:05    00:00:00:00:00:02 13    585  [29,8,1,2,6,26]     00:00:00:00:00:05    00:00:00:00:00:02 14    585  [29,8,2,1,5,26]     00:00:00:00:00:05    00:00:00:00:00:02 15    585  [29,8,2,1,6,26]  
# h00:00:00:00:00:05 -> h00:00:00:00:00:0f
   00:00:00:00:00:05    00:00:00:00:00:0f 0    439  [29,7,1,11,39]     00:00:00:00:00:05    00:00:00:00:00:0f 1    439  [29,7,1,12,39]     00:00:00:00:00:05    00:00:00:00:00:0f 2    439  [29,7,2,11,39]     00:00:00:00:00:05    00:00:00:00:00:0f 3    439  [29,7,2,12,39]     00:00:00:00:00:05    00:00:00:00:00:0f 4    439  [29,8,1,11,39]     00:00:00:00:00:05    00:00:00:00:00:0f 5    439  [29,8,1,12,39]     00:00:00:00:00:05    00:00:00:00:00:0f 6    439  [29,8,2,11,39]     00:00:00:00:00:05    00:00:00:00:00:0f 7    439  [29,8,2,12,39]     00:00:00:00:00:05    00:00:00:00:00:0f 8    585  [29,7,1,2,11,39]     00:00:00:00:00:05    00:00:00:00:00:0f 9    585  [29,7,1,2,12,39]     00:00:00:00:00:05    00:00:00:00:00:0f 10    585  [29,7,2,1,11,39]     00:00:00:00:00:05    00:00:00:00:00:0f 11    585  [29,7,2,1,12,39]     00:00:00:00:00:05    00:00:00:00:00:0f 12    585  [29,8,1,2,11,39]     00:00:00:00:00:05    00:00:00:00:00:0f 13    585  [29,8,1,2,12,39]     00:00:00:00:00:05    00:00:00:00:00:0f 14    585  [29,8,2,1,11,39]     00:00:00:00:00:05    00:00:00:00:00:0f 15    585  [29,8,2,1,12,39]  
# h00:00:00:00:00:05 -> h00:00:00:00:00:12
   00:00:00:00:00:05    00:00:00:00:00:12 0    585  [29,7,1,3,17,42]     00:00:00:00:00:05    00:00:00:00:00:12 1    585  [29,7,1,3,18,42]     00:00:00:00:00:05    00:00:00:00:00:12 2    585  [29,7,1,4,17,42]     00:00:00:00:00:05    00:00:00:00:00:12 3    585  [29,7,1,4,18,42]     00:00:00:00:00:05    00:00:00:00:00:12 4    585  [29,7,2,3,17,42]     00:00:00:00:00:05    00:00:00:00:00:12 5    585  [29,7,2,3,18,42]     00:00:00:00:00:05    00:00:00:00:00:12 6    585  [29,7,2,4,17,42]     00:00:00:00:00:05    00:00:00:00:00:12 7    585  [29,7,2,4,18,42]     00:00:00:00:00:05    00:00:00:00:00:12 8    585  [29,8,1,3,17,42]     00:00:00:00:00:05    00:00:00:00:00:12 9    585  [29,8,1,3,18,42]     00:00:00:00:00:05    00:00:00:00:00:12 10    585  [29,8,1,4,17,42]     00:00:00:00:00:05    00:00:00:00:00:12 11    585  [29,8,1,4,18,42]     00:00:00:00:00:05    00:00:00:00:00:12 12    585  [29,8,2,3,17,42]     00:00:00:00:00:05    00:00:00:00:00:12 13    585  [29,8,2,3,18,42]     00:00:00:00:00:05    00:00:00:00:00:12 14    585  [29,8,2,4,17,42]     00:00:00:00:00:05    00:00:00:00:00:12 15    585  [29,8,2,4,18,42]  
# h00:00:00:00:00:05 -> h00:00:00:00:00:15
   00:00:00:00:00:05    00:00:00:00:00:15 0    585  [29,7,1,3,17,45]     00:00:00:00:00:05    00:00:00:00:00:15 1    585  [29,7,1,3,18,45]     00:00:00:00:00:05    00:00:00:00:00:15 2    585  [29,7,1,4,17,45]     00:00:00:00:00:05    00:00:00:00:00:15 3    585  [29,7,1,4,18,45]     00:00:00:00:00:05    00:00:00:00:00:15 4    585  [29,7,2,3,17,45]     00:00:00:00:00:05    00:00:00:00:00:15 5    585  [29,7,2,3,18,45]     00:00:00:00:00:05    00:00:00:00:00:15 6    585  [29,7,2,4,17,45]     00:00:00:00:00:05    00:00:00:00:00:15 7    585  [29,7,2,4,18,45]     00:00:00:00:00:05    00:00:00:00:00:15 8    585  [29,8,1,3,17,45]     00:00:00:00:00:05    00:00:00:00:00:15 9    585  [29,8,1,3,18,45]     00:00:00:00:00:05    00:00:00:00:00:15 10    585  [29,8,1,4,17,45]     00:00:00:00:00:05    00:00:00:00:00:15 11    585  [29,8,1,4,18,45]     00:00:00:00:00:05    00:00:00:00:00:15 12    585  [29,8,2,3,17,45]     00:00:00:00:00:05    00:00:00:00:00:15 13    585  [29,8,2,3,18,45]     00:00:00:00:00:05    00:00:00:00:00:15 14    585  [29,8,2,4,17,45]     00:00:00:00:00:05    00:00:00:00:00:15 15    585  [29,8,2,4,18,45]  
# h00:00:00:00:00:05 -> h00:00:00:00:00:13
   00:00:00:00:00:05    00:00:00:00:00:13 0    585  [29,7,1,3,17,43]     00:00:00:00:00:05    00:00:00:00:00:13 1    585  [29,7,1,3,18,43]     00:00:00:00:00:05    00:00:00:00:00:13 2    585  [29,7,1,4,17,43]     00:00:00:00:00:05    00:00:00:00:00:13 3    585  [29,7,1,4,18,43]     00:00:00:00:00:05    00:00:00:00:00:13 4    585  [29,7,2,3,17,43]     00:00:00:00:00:05    00:00:00:00:00:13 5    585  [29,7,2,3,18,43]     00:00:00:00:00:05    00:00:00:00:00:13 6    585  [29,7,2,4,17,43]     00:00:00:00:00:05    00:00:00:00:00:13 7    585  [29,7,2,4,18,43]     00:00:00:00:00:05    00:00:00:00:00:13 8    585  [29,8,1,3,17,43]     00:00:00:00:00:05    00:00:00:00:00:13 9    585  [29,8,1,3,18,43]     00:00:00:00:00:05    00:00:00:00:00:13 10    585  [29,8,1,4,17,43]     00:00:00:00:00:05    00:00:00:00:00:13 11    585  [29,8,1,4,18,43]     00:00:00:00:00:05    00:00:00:00:00:13 12    585  [29,8,2,3,17,43]     00:00:00:00:00:05    00:00:00:00:00:13 13    585  [29,8,2,3,18,43]     00:00:00:00:00:05    00:00:00:00:00:13 14    585  [29,8,2,4,17,43]     00:00:00:00:00:05    00:00:00:00:00:13 15    585  [29,8,2,4,18,43]  
# h00:00:00:00:00:08 -> h00:00:00:00:00:16
   00:00:00:00:00:08    00:00:00:00:00:16 0    585  [32,7,1,3,13,19]     00:00:00:00:00:08    00:00:00:00:00:16 1    585  [32,7,1,3,14,19]     00:00:00:00:00:08    00:00:00:00:00:16 2    585  [32,7,1,4,13,19]     00:00:00:00:00:08    00:00:00:00:00:16 3    585  [32,7,1,4,14,19]     00:00:00:00:00:08    00:00:00:00:00:16 4    585  [32,7,2,3,13,19]     00:00:00:00:00:08    00:00:00:00:00:16 5    585  [32,7,2,3,14,19]     00:00:00:00:00:08    00:00:00:00:00:16 6    585  [32,7,2,4,13,19]     00:00:00:00:00:08    00:00:00:00:00:16 7    585  [32,7,2,4,14,19]     00:00:00:00:00:08    00:00:00:00:00:16 8    585  [32,8,1,3,13,19]     00:00:00:00:00:08    00:00:00:00:00:16 9    585  [32,8,1,3,14,19]     00:00:00:00:00:08    00:00:00:00:00:16 10    585  [32,8,1,4,13,19]     00:00:00:00:00:08    00:00:00:00:00:16 11    585  [32,8,1,4,14,19]     00:00:00:00:00:08    00:00:00:00:00:16 12    585  [32,8,2,3,13,19]     00:00:00:00:00:08    00:00:00:00:00:16 13    585  [32,8,2,3,14,19]     00:00:00:00:00:08    00:00:00:00:00:16 14    585  [32,8,2,4,13,19]     00:00:00:00:00:08    00:00:00:00:00:16 15    585  [32,8,2,4,14,19]  
# h00:00:00:00:00:08 -> h00:00:00:00:00:06
   00:00:00:00:00:08    00:00:00:00:00:06 0    146  [32,7,30]     00:00:00:00:00:08    00:00:00:00:00:06 1    146  [32,8,30]     00:00:00:00:00:08    00:00:00:00:00:06 2    439  [32,7,1,8,30]     00:00:00:00:00:08    00:00:00:00:00:06 3    439  [32,7,2,8,30]     00:00:00:00:00:08    00:00:00:00:00:06 4    439  [32,7,29,8,30]     00:00:00:00:00:08    00:00:00:00:00:06 5    439  [32,7,31,8,30]     00:00:00:00:00:08    00:00:00:00:00:06 6    439  [32,8,1,7,30]     00:00:00:00:00:08    00:00:00:00:00:06 7    439  [32,8,2,7,30]     00:00:00:00:00:08    00:00:00:00:00:06 8    439  [32,8,29,7,30]     00:00:00:00:00:08    00:00:00:00:00:06 9    439  [32,8,31,7,30]     00:00:00:00:00:08    00:00:00:00:00:06 10    585  [32,7,1,2,8,30]     00:00:00:00:00:08    00:00:00:00:00:06 11    585  [32,7,2,1,8,30]     00:00:00:00:00:08    00:00:00:00:00:06 12    585  [32,8,1,2,7,30]     00:00:00:00:00:08    00:00:00:00:00:06 13    585  [32,8,2,1,7,30]     00:00:00:00:00:08    00:00:00:00:00:06 14    731  [32,7,1,3,2,8,30]     00:00:00:00:00:08    00:00:00:00:00:06 15    731  [32,7,1,4,2,8,30]  
# h00:00:00:00:00:08 -> h00:00:00:00:00:07
   00:00:00:00:00:08    00:00:00:00:00:07 0    146  [32,7,31]     00:00:00:00:00:08    00:00:00:00:00:07 1    146  [32,8,31]     00:00:00:00:00:08    00:00:00:00:00:07 2    439  [32,7,1,8,31]     00:00:00:00:00:08    00:00:00:00:00:07 3    439  [32,7,2,8,31]     00:00:00:00:00:08    00:00:00:00:00:07 4    439  [32,7,29,8,31]     00:00:00:00:00:08    00:00:00:00:00:07 5    439  [32,7,30,8,31]     00:00:00:00:00:08    00:00:00:00:00:07 6    439  [32,8,1,7,31]     00:00:00:00:00:08    00:00:00:00:00:07 7    439  [32,8,2,7,31]     00:00:00:00:00:08    00:00:00:00:00:07 8    439  [32,8,29,7,31]     00:00:00:00:00:08    00:00:00:00:00:07 9    439  [32,8,30,7,31]     00:00:00:00:00:08    00:00:00:00:00:07 10    585  [32,7,1,2,8,31]     00:00:00:00:00:08    00:00:00:00:00:07 11    585  [32,7,2,1,8,31]     00:00:00:00:00:08    00:00:00:00:00:07 12    585  [32,8,1,2,7,31]     00:00:00:00:00:08    00:00:00:00:00:07 13    585  [32,8,2,1,7,31]     00:00:00:00:00:08    00:00:00:00:00:07 14    731  [32,7,1,3,2,8,31]     00:00:00:00:00:08    00:00:00:00:00:07 15    731  [32,7,1,4,2,8,31]  
# h00:00:00:00:00:08 -> h00:00:00:00:00:1b
   00:00:00:00:00:08    00:00:00:00:00:1b 0    585  [32,7,1,3,15,24]     00:00:00:00:00:08    00:00:00:00:00:1b 1    585  [32,7,1,3,16,24]     00:00:00:00:00:08    00:00:00:00:00:1b 2    585  [32,7,1,4,15,24]     00:00:00:00:00:08    00:00:00:00:00:1b 3    585  [32,7,1,4,16,24]     00:00:00:00:00:08    00:00:00:00:00:1b 4    585  [32,7,2,3,15,24]     00:00:00:00:00:08    00:00:00:00:00:1b 5    585  [32,7,2,3,16,24]     00:00:00:00:00:08    00:00:00:00:00:1b 6    585  [32,7,2,4,15,24]     00:00:00:00:00:08    00:00:00:00:00:1b 7    585  [32,7,2,4,16,24]     00:00:00:00:00:08    00:00:00:00:00:1b 8    585  [32,8,1,3,15,24]     00:00:00:00:00:08    00:00:00:00:00:1b 9    585  [32,8,1,3,16,24]     00:00:00:00:00:08    00:00:00:00:00:1b 10    585  [32,8,1,4,15,24]     00:00:00:00:00:08    00:00:00:00:00:1b 11    585  [32,8,1,4,16,24]     00:00:00:00:00:08    00:00:00:00:00:1b 12    585  [32,8,2,3,15,24]     00:00:00:00:00:08    00:00:00:00:00:1b 13    585  [32,8,2,3,16,24]     00:00:00:00:00:08    00:00:00:00:00:1b 14    585  [32,8,2,4,15,24]     00:00:00:00:00:08    00:00:00:00:00:1b 15    585  [32,8,2,4,16,24]  
# h00:00:00:00:00:08 -> h00:00:00:00:00:17
   00:00:00:00:00:08    00:00:00:00:00:17 0    585  [32,7,1,3,13,20]     00:00:00:00:00:08    00:00:00:00:00:17 1    585  [32,7,1,3,14,20]     00:00:00:00:00:08    00:00:00:00:00:17 2    585  [32,7,1,4,13,20]     00:00:00:00:00:08    00:00:00:00:00:17 3    585  [32,7,1,4,14,20]     00:00:00:00:00:08    00:00:00:00:00:17 4    585  [32,7,2,3,13,20]     00:00:00:00:00:08    00:00:00:00:00:17 5    585  [32,7,2,3,14,20]     00:00:00:00:00:08    00:00:00:00:00:17 6    585  [32,7,2,4,13,20]     00:00:00:00:00:08    00:00:00:00:00:17 7    585  [32,7,2,4,14,20]     00:00:00:00:00:08    00:00:00:00:00:17 8    585  [32,8,1,3,13,20]     00:00:00:00:00:08    00:00:00:00:00:17 9    585  [32,8,1,3,14,20]     00:00:00:00:00:08    00:00:00:00:00:17 10    585  [32,8,1,4,13,20]     00:00:00:00:00:08    00:00:00:00:00:17 11    585  [32,8,1,4,14,20]     00:00:00:00:00:08    00:00:00:00:00:17 12    585  [32,8,2,3,13,20]     00:00:00:00:00:08    00:00:00:00:00:17 13    585  [32,8,2,3,14,20]     00:00:00:00:00:08    00:00:00:00:00:17 14    585  [32,8,2,4,13,20]     00:00:00:00:00:08    00:00:00:00:00:17 15    585  [32,8,2,4,14,20]  
# h00:00:00:00:00:08 -> h00:00:00:00:00:09
   00:00:00:00:00:08    00:00:00:00:00:09 0    439  [32,7,1,9,33]     00:00:00:00:00:08    00:00:00:00:00:09 1    439  [32,7,1,10,33]     00:00:00:00:00:08    00:00:00:00:00:09 2    439  [32,7,2,9,33]     00:00:00:00:00:08    00:00:00:00:00:09 3    439  [32,7,2,10,33]     00:00:00:00:00:08    00:00:00:00:00:09 4    439  [32,8,1,9,33]     00:00:00:00:00:08    00:00:00:00:00:09 5    439  [32,8,1,10,33]     00:00:00:00:00:08    00:00:00:00:00:09 6    439  [32,8,2,9,33]     00:00:00:00:00:08    00:00:00:00:00:09 7    439  [32,8,2,10,33]     00:00:00:00:00:08    00:00:00:00:00:09 8    585  [32,7,1,2,9,33]     00:00:00:00:00:08    00:00:00:00:00:09 9    585  [32,7,1,2,10,33]     00:00:00:00:00:08    00:00:00:00:00:09 10    585  [32,7,2,1,9,33]     00:00:00:00:00:08    00:00:00:00:00:09 11    585  [32,7,2,1,10,33]     00:00:00:00:00:08    00:00:00:00:00:09 12    585  [32,8,1,2,9,33]     00:00:00:00:00:08    00:00:00:00:00:09 13    585  [32,8,1,2,10,33]     00:00:00:00:00:08    00:00:00:00:00:09 14    585  [32,8,2,1,9,33]     00:00:00:00:00:08    00:00:00:00:00:09 15    585  [32,8,2,1,10,33]  
# h00:00:00:00:00:08 -> h00:00:00:00:00:05
   00:00:00:00:00:08    00:00:00:00:00:05 0    146  [32,7,29]     00:00:00:00:00:08    00:00:00:00:00:05 1    146  [32,8,29]     00:00:00:00:00:08    00:00:00:00:00:05 2    439  [32,7,1,8,29]     00:00:00:00:00:08    00:00:00:00:00:05 3    439  [32,7,2,8,29]     00:00:00:00:00:08    00:00:00:00:00:05 4    439  [32,7,30,8,29]     00:00:00:00:00:08    00:00:00:00:00:05 5    439  [32,7,31,8,29]     00:00:00:00:00:08    00:00:00:00:00:05 6    439  [32,8,1,7,29]     00:00:00:00:00:08    00:00:00:00:00:05 7    439  [32,8,2,7,29]     00:00:00:00:00:08    00:00:00:00:00:05 8    439  [32,8,30,7,29]     00:00:00:00:00:08    00:00:00:00:00:05 9    439  [32,8,31,7,29]     00:00:00:00:00:08    00:00:00:00:00:05 10    585  [32,7,1,2,8,29]     00:00:00:00:00:08    00:00:00:00:00:05 11    585  [32,7,2,1,8,29]     00:00:00:00:00:08    00:00:00:00:00:05 12    585  [32,8,1,2,7,29]     00:00:00:00:00:08    00:00:00:00:00:05 13    585  [32,8,2,1,7,29]     00:00:00:00:00:08    00:00:00:00:00:05 14    731  [32,7,1,3,2,8,29]     00:00:00:00:00:08    00:00:00:00:00:05 15    731  [32,7,1,4,2,8,29]  
# h00:00:00:00:00:08 -> h00:00:00:00:00:04
   00:00:00:00:00:08    00:00:00:00:00:04 0    439  [32,7,1,5,28]     00:00:00:00:00:08    00:00:00:00:00:04 1    439  [32,7,1,6,28]     00:00:00:00:00:08    00:00:00:00:00:04 2    439  [32,7,2,5,28]     00:00:00:00:00:08    00:00:00:00:00:04 3    439  [32,7,2,6,28]     00:00:00:00:00:08    00:00:00:00:00:04 4    439  [32,8,1,5,28]     00:00:00:00:00:08    00:00:00:00:00:04 5    439  [32,8,1,6,28]     00:00:00:00:00:08    00:00:00:00:00:04 6    439  [32,8,2,5,28]     00:00:00:00:00:08    00:00:00:00:00:04 7    439  [32,8,2,6,28]     00:00:00:00:00:08    00:00:00:00:00:04 8    585  [32,7,1,2,5,28]     00:00:00:00:00:08    00:00:00:00:00:04 9    585  [32,7,1,2,6,28]     00:00:00:00:00:08    00:00:00:00:00:04 10    585  [32,7,2,1,5,28]     00:00:00:00:00:08    00:00:00:00:00:04 11    585  [32,7,2,1,6,28]     00:00:00:00:00:08    00:00:00:00:00:04 12    585  [32,8,1,2,5,28]     00:00:00:00:00:08    00:00:00:00:00:04 13    585  [32,8,1,2,6,28]     00:00:00:00:00:08    00:00:00:00:00:04 14    585  [32,8,2,1,5,28]     00:00:00:00:00:08    00:00:00:00:00:04 15    585  [32,8,2,1,6,28]  
# h00:00:00:00:00:08 -> h00:00:00:00:00:1a
   00:00:00:00:00:08    00:00:00:00:00:1a 0    585  [32,7,1,3,15,23]     00:00:00:00:00:08    00:00:00:00:00:1a 1    585  [32,7,1,3,16,23]     00:00:00:00:00:08    00:00:00:00:00:1a 2    585  [32,7,1,4,15,23]     00:00:00:00:00:08    00:00:00:00:00:1a 3    585  [32,7,1,4,16,23]     00:00:00:00:00:08    00:00:00:00:00:1a 4    585  [32,7,2,3,15,23]     00:00:00:00:00:08    00:00:00:00:00:1a 5    585  [32,7,2,3,16,23]     00:00:00:00:00:08    00:00:00:00:00:1a 6    585  [32,7,2,4,15,23]     00:00:00:00:00:08    00:00:00:00:00:1a 7    585  [32,7,2,4,16,23]     00:00:00:00:00:08    00:00:00:00:00:1a 8    585  [32,8,1,3,15,23]     00:00:00:00:00:08    00:00:00:00:00:1a 9    585  [32,8,1,3,16,23]     00:00:00:00:00:08    00:00:00:00:00:1a 10    585  [32,8,1,4,15,23]     00:00:00:00:00:08    00:00:00:00:00:1a 11    585  [32,8,1,4,16,23]     00:00:00:00:00:08    00:00:00:00:00:1a 12    585  [32,8,2,3,15,23]     00:00:00:00:00:08    00:00:00:00:00:1a 13    585  [32,8,2,3,16,23]     00:00:00:00:00:08    00:00:00:00:00:1a 14    585  [32,8,2,4,15,23]     00:00:00:00:00:08    00:00:00:00:00:1a 15    585  [32,8,2,4,16,23]  
# h00:00:00:00:00:08 -> h00:00:00:00:00:10
   00:00:00:00:00:08    00:00:00:00:00:10 0    439  [32,7,1,11,40]     00:00:00:00:00:08    00:00:00:00:00:10 1    439  [32,7,1,12,40]     00:00:00:00:00:08    00:00:00:00:00:10 2    439  [32,7,2,11,40]     00:00:00:00:00:08    00:00:00:00:00:10 3    439  [32,7,2,12,40]     00:00:00:00:00:08    00:00:00:00:00:10 4    439  [32,8,1,11,40]     00:00:00:00:00:08    00:00:00:00:00:10 5    439  [32,8,1,12,40]     00:00:00:00:00:08    00:00:00:00:00:10 6    439  [32,8,2,11,40]     00:00:00:00:00:08    00:00:00:00:00:10 7    439  [32,8,2,12,40]     00:00:00:00:00:08    00:00:00:00:00:10 8    585  [32,7,1,2,11,40]     00:00:00:00:00:08    00:00:00:00:00:10 9    585  [32,7,1,2,12,40]     00:00:00:00:00:08    00:00:00:00:00:10 10    585  [32,7,2,1,11,40]     00:00:00:00:00:08    00:00:00:00:00:10 11    585  [32,7,2,1,12,40]     00:00:00:00:00:08    00:00:00:00:00:10 12    585  [32,8,1,2,11,40]     00:00:00:00:00:08    00:00:00:00:00:10 13    585  [32,8,1,2,12,40]     00:00:00:00:00:08    00:00:00:00:00:10 14    585  [32,8,2,1,11,40]     00:00:00:00:00:08    00:00:00:00:00:10 15    585  [32,8,2,1,12,40]  
# h00:00:00:00:00:08 -> h00:00:00:00:00:18
   00:00:00:00:00:08    00:00:00:00:00:18 0    585  [32,7,1,3,13,21]     00:00:00:00:00:08    00:00:00:00:00:18 1    585  [32,7,1,3,14,21]     00:00:00:00:00:08    00:00:00:00:00:18 2    585  [32,7,1,4,13,21]     00:00:00:00:00:08    00:00:00:00:00:18 3    585  [32,7,1,4,14,21]     00:00:00:00:00:08    00:00:00:00:00:18 4    585  [32,7,2,3,13,21]     00:00:00:00:00:08    00:00:00:00:00:18 5    585  [32,7,2,3,14,21]     00:00:00:00:00:08    00:00:00:00:00:18 6    585  [32,7,2,4,13,21]     00:00:00:00:00:08    00:00:00:00:00:18 7    585  [32,7,2,4,14,21]     00:00:00:00:00:08    00:00:00:00:00:18 8    585  [32,8,1,3,13,21]     00:00:00:00:00:08    00:00:00:00:00:18 9    585  [32,8,1,3,14,21]     00:00:00:00:00:08    00:00:00:00:00:18 10    585  [32,8,1,4,13,21]     00:00:00:00:00:08    00:00:00:00:00:18 11    585  [32,8,1,4,14,21]     00:00:00:00:00:08    00:00:00:00:00:18 12    585  [32,8,2,3,13,21]     00:00:00:00:00:08    00:00:00:00:00:18 13    585  [32,8,2,3,14,21]     00:00:00:00:00:08    00:00:00:00:00:18 14    585  [32,8,2,4,13,21]     00:00:00:00:00:08    00:00:00:00:00:18 15    585  [32,8,2,4,14,21]  
# h00:00:00:00:00:08 -> h00:00:00:00:00:19
   00:00:00:00:00:08    00:00:00:00:00:19 0    585  [32,7,1,3,15,22]     00:00:00:00:00:08    00:00:00:00:00:19 1    585  [32,7,1,3,16,22]     00:00:00:00:00:08    00:00:00:00:00:19 2    585  [32,7,1,4,15,22]     00:00:00:00:00:08    00:00:00:00:00:19 3    585  [32,7,1,4,16,22]     00:00:00:00:00:08    00:00:00:00:00:19 4    585  [32,7,2,3,15,22]     00:00:00:00:00:08    00:00:00:00:00:19 5    585  [32,7,2,3,16,22]     00:00:00:00:00:08    00:00:00:00:00:19 6    585  [32,7,2,4,15,22]     00:00:00:00:00:08    00:00:00:00:00:19 7    585  [32,7,2,4,16,22]     00:00:00:00:00:08    00:00:00:00:00:19 8    585  [32,8,1,3,15,22]     00:00:00:00:00:08    00:00:00:00:00:19 9    585  [32,8,1,3,16,22]     00:00:00:00:00:08    00:00:00:00:00:19 10    585  [32,8,1,4,15,22]     00:00:00:00:00:08    00:00:00:00:00:19 11    585  [32,8,1,4,16,22]     00:00:00:00:00:08    00:00:00:00:00:19 12    585  [32,8,2,3,15,22]     00:00:00:00:00:08    00:00:00:00:00:19 13    585  [32,8,2,3,16,22]     00:00:00:00:00:08    00:00:00:00:00:19 14    585  [32,8,2,4,15,22]     00:00:00:00:00:08    00:00:00:00:00:19 15    585  [32,8,2,4,16,22]  
# h00:00:00:00:00:08 -> h00:00:00:00:00:0e
   00:00:00:00:00:08    00:00:00:00:00:0e 0    439  [32,7,1,11,38]     00:00:00:00:00:08    00:00:00:00:00:0e 1    439  [32,7,1,12,38]     00:00:00:00:00:08    00:00:00:00:00:0e 2    439  [32,7,2,11,38]     00:00:00:00:00:08    00:00:00:00:00:0e 3    439  [32,7,2,12,38]     00:00:00:00:00:08    00:00:00:00:00:0e 4    439  [32,8,1,11,38]     00:00:00:00:00:08    00:00:00:00:00:0e 5    439  [32,8,1,12,38]     00:00:00:00:00:08    00:00:00:00:00:0e 6    439  [32,8,2,11,38]     00:00:00:00:00:08    00:00:00:00:00:0e 7    439  [32,8,2,12,38]     00:00:00:00:00:08    00:00:00:00:00:0e 8    585  [32,7,1,2,11,38]     00:00:00:00:00:08    00:00:00:00:00:0e 9    585  [32,7,1,2,12,38]     00:00:00:00:00:08    00:00:00:00:00:0e 10    585  [32,7,2,1,11,38]     00:00:00:00:00:08    00:00:00:00:00:0e 11    585  [32,7,2,1,12,38]     00:00:00:00:00:08    00:00:00:00:00:0e 12    585  [32,8,1,2,11,38]     00:00:00:00:00:08    00:00:00:00:00:0e 13    585  [32,8,1,2,12,38]     00:00:00:00:00:08    00:00:00:00:00:0e 14    585  [32,8,2,1,11,38]     00:00:00:00:00:08    00:00:00:00:00:0e 15    585  [32,8,2,1,12,38]  
# h00:00:00:00:00:08 -> h00:00:00:00:00:01
   00:00:00:00:00:08    00:00:00:00:00:01 0    439  [32,7,1,5,25]     00:00:00:00:00:08    00:00:00:00:00:01 1    439  [32,7,1,6,25]     00:00:00:00:00:08    00:00:00:00:00:01 2    439  [32,7,2,5,25]     00:00:00:00:00:08    00:00:00:00:00:01 3    439  [32,7,2,6,25]     00:00:00:00:00:08    00:00:00:00:00:01 4    439  [32,8,1,5,25]     00:00:00:00:00:08    00:00:00:00:00:01 5    439  [32,8,1,6,25]     00:00:00:00:00:08    00:00:00:00:00:01 6    439  [32,8,2,5,25]     00:00:00:00:00:08    00:00:00:00:00:01 7    439  [32,8,2,6,25]     00:00:00:00:00:08    00:00:00:00:00:01 8    585  [32,7,1,2,5,25]     00:00:00:00:00:08    00:00:00:00:00:01 9    585  [32,7,1,2,6,25]     00:00:00:00:00:08    00:00:00:00:00:01 10    585  [32,7,2,1,5,25]     00:00:00:00:00:08    00:00:00:00:00:01 11    585  [32,7,2,1,6,25]     00:00:00:00:00:08    00:00:00:00:00:01 12    585  [32,8,1,2,5,25]     00:00:00:00:00:08    00:00:00:00:00:01 13    585  [32,8,1,2,6,25]     00:00:00:00:00:08    00:00:00:00:00:01 14    585  [32,8,2,1,5,25]     00:00:00:00:00:08    00:00:00:00:00:01 15    585  [32,8,2,1,6,25]  
# h00:00:00:00:00:08 -> h00:00:00:00:00:14
   00:00:00:00:00:08    00:00:00:00:00:14 0    585  [32,7,1,3,17,44]     00:00:00:00:00:08    00:00:00:00:00:14 1    585  [32,7,1,3,18,44]     00:00:00:00:00:08    00:00:00:00:00:14 2    585  [32,7,1,4,17,44]     00:00:00:00:00:08    00:00:00:00:00:14 3    585  [32,7,1,4,18,44]     00:00:00:00:00:08    00:00:00:00:00:14 4    585  [32,7,2,3,17,44]     00:00:00:00:00:08    00:00:00:00:00:14 5    585  [32,7,2,3,18,44]     00:00:00:00:00:08    00:00:00:00:00:14 6    585  [32,7,2,4,17,44]     00:00:00:00:00:08    00:00:00:00:00:14 7    585  [32,7,2,4,18,44]     00:00:00:00:00:08    00:00:00:00:00:14 8    585  [32,8,1,3,17,44]     00:00:00:00:00:08    00:00:00:00:00:14 9    585  [32,8,1,3,18,44]     00:00:00:00:00:08    00:00:00:00:00:14 10    585  [32,8,1,4,17,44]     00:00:00:00:00:08    00:00:00:00:00:14 11    585  [32,8,1,4,18,44]     00:00:00:00:00:08    00:00:00:00:00:14 12    585  [32,8,2,3,17,44]     00:00:00:00:00:08    00:00:00:00:00:14 13    585  [32,8,2,3,18,44]     00:00:00:00:00:08    00:00:00:00:00:14 14    585  [32,8,2,4,17,44]     00:00:00:00:00:08    00:00:00:00:00:14 15    585  [32,8,2,4,18,44]  
# h00:00:00:00:00:08 -> h00:00:00:00:00:0b
   00:00:00:00:00:08    00:00:00:00:00:0b 0    439  [32,7,1,9,35]     00:00:00:00:00:08    00:00:00:00:00:0b 1    439  [32,7,1,10,35]     00:00:00:00:00:08    00:00:00:00:00:0b 2    439  [32,7,2,9,35]     00:00:00:00:00:08    00:00:00:00:00:0b 3    439  [32,7,2,10,35]     00:00:00:00:00:08    00:00:00:00:00:0b 4    439  [32,8,1,9,35]     00:00:00:00:00:08    00:00:00:00:00:0b 5    439  [32,8,1,10,35]     00:00:00:00:00:08    00:00:00:00:00:0b 6    439  [32,8,2,9,35]     00:00:00:00:00:08    00:00:00:00:00:0b 7    439  [32,8,2,10,35]     00:00:00:00:00:08    00:00:00:00:00:0b 8    585  [32,7,1,2,9,35]     00:00:00:00:00:08    00:00:00:00:00:0b 9    585  [32,7,1,2,10,35]     00:00:00:00:00:08    00:00:00:00:00:0b 10    585  [32,7,2,1,9,35]     00:00:00:00:00:08    00:00:00:00:00:0b 11    585  [32,7,2,1,10,35]     00:00:00:00:00:08    00:00:00:00:00:0b 12    585  [32,8,1,2,9,35]     00:00:00:00:00:08    00:00:00:00:00:0b 13    585  [32,8,1,2,10,35]     00:00:00:00:00:08    00:00:00:00:00:0b 14    585  [32,8,2,1,9,35]     00:00:00:00:00:08    00:00:00:00:00:0b 15    585  [32,8,2,1,10,35]  
# h00:00:00:00:00:08 -> h00:00:00:00:00:0a
   00:00:00:00:00:08    00:00:00:00:00:0a 0    439  [32,7,1,9,34]     00:00:00:00:00:08    00:00:00:00:00:0a 1    439  [32,7,1,10,34]     00:00:00:00:00:08    00:00:00:00:00:0a 2    439  [32,7,2,9,34]     00:00:00:00:00:08    00:00:00:00:00:0a 3    439  [32,7,2,10,34]     00:00:00:00:00:08    00:00:00:00:00:0a 4    439  [32,8,1,9,34]     00:00:00:00:00:08    00:00:00:00:00:0a 5    439  [32,8,1,10,34]     00:00:00:00:00:08    00:00:00:00:00:0a 6    439  [32,8,2,9,34]     00:00:00:00:00:08    00:00:00:00:00:0a 7    439  [32,8,2,10,34]     00:00:00:00:00:08    00:00:00:00:00:0a 8    585  [32,7,1,2,9,34]     00:00:00:00:00:08    00:00:00:00:00:0a 9    585  [32,7,1,2,10,34]     00:00:00:00:00:08    00:00:00:00:00:0a 10    585  [32,7,2,1,9,34]     00:00:00:00:00:08    00:00:00:00:00:0a 11    585  [32,7,2,1,10,34]     00:00:00:00:00:08    00:00:00:00:00:0a 12    585  [32,8,1,2,9,34]     00:00:00:00:00:08    00:00:00:00:00:0a 13    585  [32,8,1,2,10,34]     00:00:00:00:00:08    00:00:00:00:00:0a 14    585  [32,8,2,1,9,34]     00:00:00:00:00:08    00:00:00:00:00:0a 15    585  [32,8,2,1,10,34]  
# h00:00:00:00:00:08 -> h00:00:00:00:00:0c
   00:00:00:00:00:08    00:00:00:00:00:0c 0    439  [32,7,1,9,36]     00:00:00:00:00:08    00:00:00:00:00:0c 1    439  [32,7,1,10,36]     00:00:00:00:00:08    00:00:00:00:00:0c 2    439  [32,7,2,9,36]     00:00:00:00:00:08    00:00:00:00:00:0c 3    439  [32,7,2,10,36]     00:00:00:00:00:08    00:00:00:00:00:0c 4    439  [32,8,1,9,36]     00:00:00:00:00:08    00:00:00:00:00:0c 5    439  [32,8,1,10,36]     00:00:00:00:00:08    00:00:00:00:00:0c 6    439  [32,8,2,9,36]     00:00:00:00:00:08    00:00:00:00:00:0c 7    439  [32,8,2,10,36]     00:00:00:00:00:08    00:00:00:00:00:0c 8    585  [32,7,1,2,9,36]     00:00:00:00:00:08    00:00:00:00:00:0c 9    585  [32,7,1,2,10,36]     00:00:00:00:00:08    00:00:00:00:00:0c 10    585  [32,7,2,1,9,36]     00:00:00:00:00:08    00:00:00:00:00:0c 11    585  [32,7,2,1,10,36]     00:00:00:00:00:08    00:00:00:00:00:0c 12    585  [32,8,1,2,9,36]     00:00:00:00:00:08    00:00:00:00:00:0c 13    585  [32,8,1,2,10,36]     00:00:00:00:00:08    00:00:00:00:00:0c 14    585  [32,8,2,1,9,36]     00:00:00:00:00:08    00:00:00:00:00:0c 15    585  [32,8,2,1,10,36]  
# h00:00:00:00:00:08 -> h00:00:00:00:00:0d
   00:00:00:00:00:08    00:00:00:00:00:0d 0    439  [32,7,1,11,37]     00:00:00:00:00:08    00:00:00:00:00:0d 1    439  [32,7,1,12,37]     00:00:00:00:00:08    00:00:00:00:00:0d 2    439  [32,7,2,11,37]     00:00:00:00:00:08    00:00:00:00:00:0d 3    439  [32,7,2,12,37]     00:00:00:00:00:08    00:00:00:00:00:0d 4    439  [32,8,1,11,37]     00:00:00:00:00:08    00:00:00:00:00:0d 5    439  [32,8,1,12,37]     00:00:00:00:00:08    00:00:00:00:00:0d 6    439  [32,8,2,11,37]     00:00:00:00:00:08    00:00:00:00:00:0d 7    439  [32,8,2,12,37]     00:00:00:00:00:08    00:00:00:00:00:0d 8    585  [32,7,1,2,11,37]     00:00:00:00:00:08    00:00:00:00:00:0d 9    585  [32,7,1,2,12,37]     00:00:00:00:00:08    00:00:00:00:00:0d 10    585  [32,7,2,1,11,37]     00:00:00:00:00:08    00:00:00:00:00:0d 11    585  [32,7,2,1,12,37]     00:00:00:00:00:08    00:00:00:00:00:0d 12    585  [32,8,1,2,11,37]     00:00:00:00:00:08    00:00:00:00:00:0d 13    585  [32,8,1,2,12,37]     00:00:00:00:00:08    00:00:00:00:00:0d 14    585  [32,8,2,1,11,37]     00:00:00:00:00:08    00:00:00:00:00:0d 15    585  [32,8,2,1,12,37]  
# h00:00:00:00:00:08 -> h00:00:00:00:00:03
   00:00:00:00:00:08    00:00:00:00:00:03 0    439  [32,7,1,5,27]     00:00:00:00:00:08    00:00:00:00:00:03 1    439  [32,7,1,6,27]     00:00:00:00:00:08    00:00:00:00:00:03 2    439  [32,7,2,5,27]     00:00:00:00:00:08    00:00:00:00:00:03 3    439  [32,7,2,6,27]     00:00:00:00:00:08    00:00:00:00:00:03 4    439  [32,8,1,5,27]     00:00:00:00:00:08    00:00:00:00:00:03 5    439  [32,8,1,6,27]     00:00:00:00:00:08    00:00:00:00:00:03 6    439  [32,8,2,5,27]     00:00:00:00:00:08    00:00:00:00:00:03 7    439  [32,8,2,6,27]     00:00:00:00:00:08    00:00:00:00:00:03 8    585  [32,7,1,2,5,27]     00:00:00:00:00:08    00:00:00:00:00:03 9    585  [32,7,1,2,6,27]     00:00:00:00:00:08    00:00:00:00:00:03 10    585  [32,7,2,1,5,27]     00:00:00:00:00:08    00:00:00:00:00:03 11    585  [32,7,2,1,6,27]     00:00:00:00:00:08    00:00:00:00:00:03 12    585  [32,8,1,2,5,27]     00:00:00:00:00:08    00:00:00:00:00:03 13    585  [32,8,1,2,6,27]     00:00:00:00:00:08    00:00:00:00:00:03 14    585  [32,8,2,1,5,27]     00:00:00:00:00:08    00:00:00:00:00:03 15    585  [32,8,2,1,6,27]  
# h00:00:00:00:00:08 -> h00:00:00:00:00:11
   00:00:00:00:00:08    00:00:00:00:00:11 0    585  [32,7,1,3,17,41]     00:00:00:00:00:08    00:00:00:00:00:11 1    585  [32,7,1,3,18,41]     00:00:00:00:00:08    00:00:00:00:00:11 2    585  [32,7,1,4,17,41]     00:00:00:00:00:08    00:00:00:00:00:11 3    585  [32,7,1,4,18,41]     00:00:00:00:00:08    00:00:00:00:00:11 4    585  [32,7,2,3,17,41]     00:00:00:00:00:08    00:00:00:00:00:11 5    585  [32,7,2,3,18,41]     00:00:00:00:00:08    00:00:00:00:00:11 6    585  [32,7,2,4,17,41]     00:00:00:00:00:08    00:00:00:00:00:11 7    585  [32,7,2,4,18,41]     00:00:00:00:00:08    00:00:00:00:00:11 8    585  [32,8,1,3,17,41]     00:00:00:00:00:08    00:00:00:00:00:11 9    585  [32,8,1,3,18,41]     00:00:00:00:00:08    00:00:00:00:00:11 10    585  [32,8,1,4,17,41]     00:00:00:00:00:08    00:00:00:00:00:11 11    585  [32,8,1,4,18,41]     00:00:00:00:00:08    00:00:00:00:00:11 12    585  [32,8,2,3,17,41]     00:00:00:00:00:08    00:00:00:00:00:11 13    585  [32,8,2,3,18,41]     00:00:00:00:00:08    00:00:00:00:00:11 14    585  [32,8,2,4,17,41]     00:00:00:00:00:08    00:00:00:00:00:11 15    585  [32,8,2,4,18,41]  
# h00:00:00:00:00:08 -> h00:00:00:00:00:02
   00:00:00:00:00:08    00:00:00:00:00:02 0    439  [32,7,1,5,26]     00:00:00:00:00:08    00:00:00:00:00:02 1    439  [32,7,1,6,26]     00:00:00:00:00:08    00:00:00:00:00:02 2    439  [32,7,2,5,26]     00:00:00:00:00:08    00:00:00:00:00:02 3    439  [32,7,2,6,26]     00:00:00:00:00:08    00:00:00:00:00:02 4    439  [32,8,1,5,26]     00:00:00:00:00:08    00:00:00:00:00:02 5    439  [32,8,1,6,26]     00:00:00:00:00:08    00:00:00:00:00:02 6    439  [32,8,2,5,26]     00:00:00:00:00:08    00:00:00:00:00:02 7    439  [32,8,2,6,26]     00:00:00:00:00:08    00:00:00:00:00:02 8    585  [32,7,1,2,5,26]     00:00:00:00:00:08    00:00:00:00:00:02 9    585  [32,7,1,2,6,26]     00:00:00:00:00:08    00:00:00:00:00:02 10    585  [32,7,2,1,5,26]     00:00:00:00:00:08    00:00:00:00:00:02 11    585  [32,7,2,1,6,26]     00:00:00:00:00:08    00:00:00:00:00:02 12    585  [32,8,1,2,5,26]     00:00:00:00:00:08    00:00:00:00:00:02 13    585  [32,8,1,2,6,26]     00:00:00:00:00:08    00:00:00:00:00:02 14    585  [32,8,2,1,5,26]     00:00:00:00:00:08    00:00:00:00:00:02 15    585  [32,8,2,1,6,26]  
# h00:00:00:00:00:08 -> h00:00:00:00:00:0f
   00:00:00:00:00:08    00:00:00:00:00:0f 0    439  [32,7,1,11,39]     00:00:00:00:00:08    00:00:00:00:00:0f 1    439  [32,7,1,12,39]     00:00:00:00:00:08    00:00:00:00:00:0f 2    439  [32,7,2,11,39]     00:00:00:00:00:08    00:00:00:00:00:0f 3    439  [32,7,2,12,39]     00:00:00:00:00:08    00:00:00:00:00:0f 4    439  [32,8,1,11,39]     00:00:00:00:00:08    00:00:00:00:00:0f 5    439  [32,8,1,12,39]     00:00:00:00:00:08    00:00:00:00:00:0f 6    439  [32,8,2,11,39]     00:00:00:00:00:08    00:00:00:00:00:0f 7    439  [32,8,2,12,39]     00:00:00:00:00:08    00:00:00:00:00:0f 8    585  [32,7,1,2,11,39]     00:00:00:00:00:08    00:00:00:00:00:0f 9    585  [32,7,1,2,12,39]     00:00:00:00:00:08    00:00:00:00:00:0f 10    585  [32,7,2,1,11,39]     00:00:00:00:00:08    00:00:00:00:00:0f 11    585  [32,7,2,1,12,39]     00:00:00:00:00:08    00:00:00:00:00:0f 12    585  [32,8,1,2,11,39]     00:00:00:00:00:08    00:00:00:00:00:0f 13    585  [32,8,1,2,12,39]     00:00:00:00:00:08    00:00:00:00:00:0f 14    585  [32,8,2,1,11,39]     00:00:00:00:00:08    00:00:00:00:00:0f 15    585  [32,8,2,1,12,39]  
# h00:00:00:00:00:08 -> h00:00:00:00:00:12
   00:00:00:00:00:08    00:00:00:00:00:12 0    585  [32,7,1,3,17,42]     00:00:00:00:00:08    00:00:00:00:00:12 1    585  [32,7,1,3,18,42]     00:00:00:00:00:08    00:00:00:00:00:12 2    585  [32,7,1,4,17,42]     00:00:00:00:00:08    00:00:00:00:00:12 3    585  [32,7,1,4,18,42]     00:00:00:00:00:08    00:00:00:00:00:12 4    585  [32,7,2,3,17,42]     00:00:00:00:00:08    00:00:00:00:00:12 5    585  [32,7,2,3,18,42]     00:00:00:00:00:08    00:00:00:00:00:12 6    585  [32,7,2,4,17,42]     00:00:00:00:00:08    00:00:00:00:00:12 7    585  [32,7,2,4,18,42]     00:00:00:00:00:08    00:00:00:00:00:12 8    585  [32,8,1,3,17,42]     00:00:00:00:00:08    00:00:00:00:00:12 9    585  [32,8,1,3,18,42]     00:00:00:00:00:08    00:00:00:00:00:12 10    585  [32,8,1,4,17,42]     00:00:00:00:00:08    00:00:00:00:00:12 11    585  [32,8,1,4,18,42]     00:00:00:00:00:08    00:00:00:00:00:12 12    585  [32,8,2,3,17,42]     00:00:00:00:00:08    00:00:00:00:00:12 13    585  [32,8,2,3,18,42]     00:00:00:00:00:08    00:00:00:00:00:12 14    585  [32,8,2,4,17,42]     00:00:00:00:00:08    00:00:00:00:00:12 15    585  [32,8,2,4,18,42]  
# h00:00:00:00:00:08 -> h00:00:00:00:00:15
   00:00:00:00:00:08    00:00:00:00:00:15 0    585  [32,7,1,3,17,45]     00:00:00:00:00:08    00:00:00:00:00:15 1    585  [32,7,1,3,18,45]     00:00:00:00:00:08    00:00:00:00:00:15 2    585  [32,7,1,4,17,45]     00:00:00:00:00:08    00:00:00:00:00:15 3    585  [32,7,1,4,18,45]     00:00:00:00:00:08    00:00:00:00:00:15 4    585  [32,7,2,3,17,45]     00:00:00:00:00:08    00:00:00:00:00:15 5    585  [32,7,2,3,18,45]     00:00:00:00:00:08    00:00:00:00:00:15 6    585  [32,7,2,4,17,45]     00:00:00:00:00:08    00:00:00:00:00:15 7    585  [32,7,2,4,18,45]     00:00:00:00:00:08    00:00:00:00:00:15 8    585  [32,8,1,3,17,45]     00:00:00:00:00:08    00:00:00:00:00:15 9    585  [32,8,1,3,18,45]     00:00:00:00:00:08    00:00:00:00:00:15 10    585  [32,8,1,4,17,45]     00:00:00:00:00:08    00:00:00:00:00:15 11    585  [32,8,1,4,18,45]     00:00:00:00:00:08    00:00:00:00:00:15 12    585  [32,8,2,3,17,45]     00:00:00:00:00:08    00:00:00:00:00:15 13    585  [32,8,2,3,18,45]     00:00:00:00:00:08    00:00:00:00:00:15 14    585  [32,8,2,4,17,45]     00:00:00:00:00:08    00:00:00:00:00:15 15    585  [32,8,2,4,18,45]  
# h00:00:00:00:00:08 -> h00:00:00:00:00:13
   00:00:00:00:00:08    00:00:00:00:00:13 0    585  [32,7,1,3,17,43]     00:00:00:00:00:08    00:00:00:00:00:13 1    585  [32,7,1,3,18,43]     00:00:00:00:00:08    00:00:00:00:00:13 2    585  [32,7,1,4,17,43]     00:00:00:00:00:08    00:00:00:00:00:13 3    585  [32,7,1,4,18,43]     00:00:00:00:00:08    00:00:00:00:00:13 4    585  [32,7,2,3,17,43]     00:00:00:00:00:08    00:00:00:00:00:13 5    585  [32,7,2,3,18,43]     00:00:00:00:00:08    00:00:00:00:00:13 6    585  [32,7,2,4,17,43]     00:00:00:00:00:08    00:00:00:00:00:13 7    585  [32,7,2,4,18,43]     00:00:00:00:00:08    00:00:00:00:00:13 8    585  [32,8,1,3,17,43]     00:00:00:00:00:08    00:00:00:00:00:13 9    585  [32,8,1,3,18,43]     00:00:00:00:00:08    00:00:00:00:00:13 10    585  [32,8,1,4,17,43]     00:00:00:00:00:08    00:00:00:00:00:13 11    585  [32,8,1,4,18,43]     00:00:00:00:00:08    00:00:00:00:00:13 12    585  [32,8,2,3,17,43]     00:00:00:00:00:08    00:00:00:00:00:13 13    585  [32,8,2,3,18,43]     00:00:00:00:00:08    00:00:00:00:00:13 14    585  [32,8,2,4,17,43]     00:00:00:00:00:08    00:00:00:00:00:13 15    585  [32,8,2,4,18,43]  
# h00:00:00:00:00:04 -> h00:00:00:00:00:16
   00:00:00:00:00:04    00:00:00:00:00:16 0    585  [28,5,1,3,13,19]     00:00:00:00:00:04    00:00:00:00:00:16 1    585  [28,5,1,3,14,19]     00:00:00:00:00:04    00:00:00:00:00:16 2    585  [28,5,1,4,13,19]     00:00:00:00:00:04    00:00:00:00:00:16 3    585  [28,5,1,4,14,19]     00:00:00:00:00:04    00:00:00:00:00:16 4    585  [28,5,2,3,13,19]     00:00:00:00:00:04    00:00:00:00:00:16 5    585  [28,5,2,3,14,19]     00:00:00:00:00:04    00:00:00:00:00:16 6    585  [28,5,2,4,13,19]     00:00:00:00:00:04    00:00:00:00:00:16 7    585  [28,5,2,4,14,19]     00:00:00:00:00:04    00:00:00:00:00:16 8    585  [28,6,1,3,13,19]     00:00:00:00:00:04    00:00:00:00:00:16 9    585  [28,6,1,3,14,19]     00:00:00:00:00:04    00:00:00:00:00:16 10    585  [28,6,1,4,13,19]     00:00:00:00:00:04    00:00:00:00:00:16 11    585  [28,6,1,4,14,19]     00:00:00:00:00:04    00:00:00:00:00:16 12    585  [28,6,2,3,13,19]     00:00:00:00:00:04    00:00:00:00:00:16 13    585  [28,6,2,3,14,19]     00:00:00:00:00:04    00:00:00:00:00:16 14    585  [28,6,2,4,13,19]     00:00:00:00:00:04    00:00:00:00:00:16 15    585  [28,6,2,4,14,19]  
# h00:00:00:00:00:04 -> h00:00:00:00:00:06
   00:00:00:00:00:04    00:00:00:00:00:06 0    439  [28,5,1,7,30]     00:00:00:00:00:04    00:00:00:00:00:06 1    439  [28,5,1,8,30]     00:00:00:00:00:04    00:00:00:00:00:06 2    439  [28,5,2,7,30]     00:00:00:00:00:04    00:00:00:00:00:06 3    439  [28,5,2,8,30]     00:00:00:00:00:04    00:00:00:00:00:06 4    439  [28,6,1,7,30]     00:00:00:00:00:04    00:00:00:00:00:06 5    439  [28,6,1,8,30]     00:00:00:00:00:04    00:00:00:00:00:06 6    439  [28,6,2,7,30]     00:00:00:00:00:04    00:00:00:00:00:06 7    439  [28,6,2,8,30]     00:00:00:00:00:04    00:00:00:00:00:06 8    585  [28,5,1,2,7,30]     00:00:00:00:00:04    00:00:00:00:00:06 9    585  [28,5,1,2,8,30]     00:00:00:00:00:04    00:00:00:00:00:06 10    585  [28,5,2,1,7,30]     00:00:00:00:00:04    00:00:00:00:00:06 11    585  [28,5,2,1,8,30]     00:00:00:00:00:04    00:00:00:00:00:06 12    585  [28,6,1,2,7,30]     00:00:00:00:00:04    00:00:00:00:00:06 13    585  [28,6,1,2,8,30]     00:00:00:00:00:04    00:00:00:00:00:06 14    585  [28,6,2,1,7,30]     00:00:00:00:00:04    00:00:00:00:00:06 15    585  [28,6,2,1,8,30]  
# h00:00:00:00:00:04 -> h00:00:00:00:00:07
   00:00:00:00:00:04    00:00:00:00:00:07 0    439  [28,5,1,7,31]     00:00:00:00:00:04    00:00:00:00:00:07 1    439  [28,5,1,8,31]     00:00:00:00:00:04    00:00:00:00:00:07 2    439  [28,5,2,7,31]     00:00:00:00:00:04    00:00:00:00:00:07 3    439  [28,5,2,8,31]     00:00:00:00:00:04    00:00:00:00:00:07 4    439  [28,6,1,7,31]     00:00:00:00:00:04    00:00:00:00:00:07 5    439  [28,6,1,8,31]     00:00:00:00:00:04    00:00:00:00:00:07 6    439  [28,6,2,7,31]     00:00:00:00:00:04    00:00:00:00:00:07 7    439  [28,6,2,8,31]     00:00:00:00:00:04    00:00:00:00:00:07 8    585  [28,5,1,2,7,31]     00:00:00:00:00:04    00:00:00:00:00:07 9    585  [28,5,1,2,8,31]     00:00:00:00:00:04    00:00:00:00:00:07 10    585  [28,5,2,1,7,31]     00:00:00:00:00:04    00:00:00:00:00:07 11    585  [28,5,2,1,8,31]     00:00:00:00:00:04    00:00:00:00:00:07 12    585  [28,6,1,2,7,31]     00:00:00:00:00:04    00:00:00:00:00:07 13    585  [28,6,1,2,8,31]     00:00:00:00:00:04    00:00:00:00:00:07 14    585  [28,6,2,1,7,31]     00:00:00:00:00:04    00:00:00:00:00:07 15    585  [28,6,2,1,8,31]  
# h00:00:00:00:00:04 -> h00:00:00:00:00:1b
   00:00:00:00:00:04    00:00:00:00:00:1b 0    585  [28,5,1,3,15,24]     00:00:00:00:00:04    00:00:00:00:00:1b 1    585  [28,5,1,3,16,24]     00:00:00:00:00:04    00:00:00:00:00:1b 2    585  [28,5,1,4,15,24]     00:00:00:00:00:04    00:00:00:00:00:1b 3    585  [28,5,1,4,16,24]     00:00:00:00:00:04    00:00:00:00:00:1b 4    585  [28,5,2,3,15,24]     00:00:00:00:00:04    00:00:00:00:00:1b 5    585  [28,5,2,3,16,24]     00:00:00:00:00:04    00:00:00:00:00:1b 6    585  [28,5,2,4,15,24]     00:00:00:00:00:04    00:00:00:00:00:1b 7    585  [28,5,2,4,16,24]     00:00:00:00:00:04    00:00:00:00:00:1b 8    585  [28,6,1,3,15,24]     00:00:00:00:00:04    00:00:00:00:00:1b 9    585  [28,6,1,3,16,24]     00:00:00:00:00:04    00:00:00:00:00:1b 10    585  [28,6,1,4,15,24]     00:00:00:00:00:04    00:00:00:00:00:1b 11    585  [28,6,1,4,16,24]     00:00:00:00:00:04    00:00:00:00:00:1b 12    585  [28,6,2,3,15,24]     00:00:00:00:00:04    00:00:00:00:00:1b 13    585  [28,6,2,3,16,24]     00:00:00:00:00:04    00:00:00:00:00:1b 14    585  [28,6,2,4,15,24]     00:00:00:00:00:04    00:00:00:00:00:1b 15    585  [28,6,2,4,16,24]  
# h00:00:00:00:00:04 -> h00:00:00:00:00:17
   00:00:00:00:00:04    00:00:00:00:00:17 0    585  [28,5,1,3,13,20]     00:00:00:00:00:04    00:00:00:00:00:17 1    585  [28,5,1,3,14,20]     00:00:00:00:00:04    00:00:00:00:00:17 2    585  [28,5,1,4,13,20]     00:00:00:00:00:04    00:00:00:00:00:17 3    585  [28,5,1,4,14,20]     00:00:00:00:00:04    00:00:00:00:00:17 4    585  [28,5,2,3,13,20]     00:00:00:00:00:04    00:00:00:00:00:17 5    585  [28,5,2,3,14,20]     00:00:00:00:00:04    00:00:00:00:00:17 6    585  [28,5,2,4,13,20]     00:00:00:00:00:04    00:00:00:00:00:17 7    585  [28,5,2,4,14,20]     00:00:00:00:00:04    00:00:00:00:00:17 8    585  [28,6,1,3,13,20]     00:00:00:00:00:04    00:00:00:00:00:17 9    585  [28,6,1,3,14,20]     00:00:00:00:00:04    00:00:00:00:00:17 10    585  [28,6,1,4,13,20]     00:00:00:00:00:04    00:00:00:00:00:17 11    585  [28,6,1,4,14,20]     00:00:00:00:00:04    00:00:00:00:00:17 12    585  [28,6,2,3,13,20]     00:00:00:00:00:04    00:00:00:00:00:17 13    585  [28,6,2,3,14,20]     00:00:00:00:00:04    00:00:00:00:00:17 14    585  [28,6,2,4,13,20]     00:00:00:00:00:04    00:00:00:00:00:17 15    585  [28,6,2,4,14,20]  
# h00:00:00:00:00:04 -> h00:00:00:00:00:09
   00:00:00:00:00:04    00:00:00:00:00:09 0    439  [28,5,1,9,33]     00:00:00:00:00:04    00:00:00:00:00:09 1    439  [28,5,1,10,33]     00:00:00:00:00:04    00:00:00:00:00:09 2    439  [28,5,2,9,33]     00:00:00:00:00:04    00:00:00:00:00:09 3    439  [28,5,2,10,33]     00:00:00:00:00:04    00:00:00:00:00:09 4    439  [28,6,1,9,33]     00:00:00:00:00:04    00:00:00:00:00:09 5    439  [28,6,1,10,33]     00:00:00:00:00:04    00:00:00:00:00:09 6    439  [28,6,2,9,33]     00:00:00:00:00:04    00:00:00:00:00:09 7    439  [28,6,2,10,33]     00:00:00:00:00:04    00:00:00:00:00:09 8    585  [28,5,1,2,9,33]     00:00:00:00:00:04    00:00:00:00:00:09 9    585  [28,5,1,2,10,33]     00:00:00:00:00:04    00:00:00:00:00:09 10    585  [28,5,2,1,9,33]     00:00:00:00:00:04    00:00:00:00:00:09 11    585  [28,5,2,1,10,33]     00:00:00:00:00:04    00:00:00:00:00:09 12    585  [28,6,1,2,9,33]     00:00:00:00:00:04    00:00:00:00:00:09 13    585  [28,6,1,2,10,33]     00:00:00:00:00:04    00:00:00:00:00:09 14    585  [28,6,2,1,9,33]     00:00:00:00:00:04    00:00:00:00:00:09 15    585  [28,6,2,1,10,33]  
# h00:00:00:00:00:04 -> h00:00:00:00:00:05
   00:00:00:00:00:04    00:00:00:00:00:05 0    439  [28,5,1,7,29]     00:00:00:00:00:04    00:00:00:00:00:05 1    439  [28,5,1,8,29]     00:00:00:00:00:04    00:00:00:00:00:05 2    439  [28,5,2,7,29]     00:00:00:00:00:04    00:00:00:00:00:05 3    439  [28,5,2,8,29]     00:00:00:00:00:04    00:00:00:00:00:05 4    439  [28,6,1,7,29]     00:00:00:00:00:04    00:00:00:00:00:05 5    439  [28,6,1,8,29]     00:00:00:00:00:04    00:00:00:00:00:05 6    439  [28,6,2,7,29]     00:00:00:00:00:04    00:00:00:00:00:05 7    439  [28,6,2,8,29]     00:00:00:00:00:04    00:00:00:00:00:05 8    585  [28,5,1,2,7,29]     00:00:00:00:00:04    00:00:00:00:00:05 9    585  [28,5,1,2,8,29]     00:00:00:00:00:04    00:00:00:00:00:05 10    585  [28,5,2,1,7,29]     00:00:00:00:00:04    00:00:00:00:00:05 11    585  [28,5,2,1,8,29]     00:00:00:00:00:04    00:00:00:00:00:05 12    585  [28,6,1,2,7,29]     00:00:00:00:00:04    00:00:00:00:00:05 13    585  [28,6,1,2,8,29]     00:00:00:00:00:04    00:00:00:00:00:05 14    585  [28,6,2,1,7,29]     00:00:00:00:00:04    00:00:00:00:00:05 15    585  [28,6,2,1,8,29]  
# h00:00:00:00:00:04 -> h00:00:00:00:00:08
   00:00:00:00:00:04    00:00:00:00:00:08 0    439  [28,5,1,7,32]     00:00:00:00:00:04    00:00:00:00:00:08 1    439  [28,5,1,8,32]     00:00:00:00:00:04    00:00:00:00:00:08 2    439  [28,5,2,7,32]     00:00:00:00:00:04    00:00:00:00:00:08 3    439  [28,5,2,8,32]     00:00:00:00:00:04    00:00:00:00:00:08 4    439  [28,6,1,7,32]     00:00:00:00:00:04    00:00:00:00:00:08 5    439  [28,6,1,8,32]     00:00:00:00:00:04    00:00:00:00:00:08 6    439  [28,6,2,7,32]     00:00:00:00:00:04    00:00:00:00:00:08 7    439  [28,6,2,8,32]     00:00:00:00:00:04    00:00:00:00:00:08 8    585  [28,5,1,2,7,32]     00:00:00:00:00:04    00:00:00:00:00:08 9    585  [28,5,1,2,8,32]     00:00:00:00:00:04    00:00:00:00:00:08 10    585  [28,5,2,1,7,32]     00:00:00:00:00:04    00:00:00:00:00:08 11    585  [28,5,2,1,8,32]     00:00:00:00:00:04    00:00:00:00:00:08 12    585  [28,6,1,2,7,32]     00:00:00:00:00:04    00:00:00:00:00:08 13    585  [28,6,1,2,8,32]     00:00:00:00:00:04    00:00:00:00:00:08 14    585  [28,6,2,1,7,32]     00:00:00:00:00:04    00:00:00:00:00:08 15    585  [28,6,2,1,8,32]  
# h00:00:00:00:00:04 -> h00:00:00:00:00:1a
   00:00:00:00:00:04    00:00:00:00:00:1a 0    585  [28,5,1,3,15,23]     00:00:00:00:00:04    00:00:00:00:00:1a 1    585  [28,5,1,3,16,23]     00:00:00:00:00:04    00:00:00:00:00:1a 2    585  [28,5,1,4,15,23]     00:00:00:00:00:04    00:00:00:00:00:1a 3    585  [28,5,1,4,16,23]     00:00:00:00:00:04    00:00:00:00:00:1a 4    585  [28,5,2,3,15,23]     00:00:00:00:00:04    00:00:00:00:00:1a 5    585  [28,5,2,3,16,23]     00:00:00:00:00:04    00:00:00:00:00:1a 6    585  [28,5,2,4,15,23]     00:00:00:00:00:04    00:00:00:00:00:1a 7    585  [28,5,2,4,16,23]     00:00:00:00:00:04    00:00:00:00:00:1a 8    585  [28,6,1,3,15,23]     00:00:00:00:00:04    00:00:00:00:00:1a 9    585  [28,6,1,3,16,23]     00:00:00:00:00:04    00:00:00:00:00:1a 10    585  [28,6,1,4,15,23]     00:00:00:00:00:04    00:00:00:00:00:1a 11    585  [28,6,1,4,16,23]     00:00:00:00:00:04    00:00:00:00:00:1a 12    585  [28,6,2,3,15,23]     00:00:00:00:00:04    00:00:00:00:00:1a 13    585  [28,6,2,3,16,23]     00:00:00:00:00:04    00:00:00:00:00:1a 14    585  [28,6,2,4,15,23]     00:00:00:00:00:04    00:00:00:00:00:1a 15    585  [28,6,2,4,16,23]  
# h00:00:00:00:00:04 -> h00:00:00:00:00:10
   00:00:00:00:00:04    00:00:00:00:00:10 0    439  [28,5,1,11,40]     00:00:00:00:00:04    00:00:00:00:00:10 1    439  [28,5,1,12,40]     00:00:00:00:00:04    00:00:00:00:00:10 2    439  [28,5,2,11,40]     00:00:00:00:00:04    00:00:00:00:00:10 3    439  [28,5,2,12,40]     00:00:00:00:00:04    00:00:00:00:00:10 4    439  [28,6,1,11,40]     00:00:00:00:00:04    00:00:00:00:00:10 5    439  [28,6,1,12,40]     00:00:00:00:00:04    00:00:00:00:00:10 6    439  [28,6,2,11,40]     00:00:00:00:00:04    00:00:00:00:00:10 7    439  [28,6,2,12,40]     00:00:00:00:00:04    00:00:00:00:00:10 8    585  [28,5,1,2,11,40]     00:00:00:00:00:04    00:00:00:00:00:10 9    585  [28,5,1,2,12,40]     00:00:00:00:00:04    00:00:00:00:00:10 10    585  [28,5,2,1,11,40]     00:00:00:00:00:04    00:00:00:00:00:10 11    585  [28,5,2,1,12,40]     00:00:00:00:00:04    00:00:00:00:00:10 12    585  [28,6,1,2,11,40]     00:00:00:00:00:04    00:00:00:00:00:10 13    585  [28,6,1,2,12,40]     00:00:00:00:00:04    00:00:00:00:00:10 14    585  [28,6,2,1,11,40]     00:00:00:00:00:04    00:00:00:00:00:10 15    585  [28,6,2,1,12,40]  
# h00:00:00:00:00:04 -> h00:00:00:00:00:18
   00:00:00:00:00:04    00:00:00:00:00:18 0    585  [28,5,1,3,13,21]     00:00:00:00:00:04    00:00:00:00:00:18 1    585  [28,5,1,3,14,21]     00:00:00:00:00:04    00:00:00:00:00:18 2    585  [28,5,1,4,13,21]     00:00:00:00:00:04    00:00:00:00:00:18 3    585  [28,5,1,4,14,21]     00:00:00:00:00:04    00:00:00:00:00:18 4    585  [28,5,2,3,13,21]     00:00:00:00:00:04    00:00:00:00:00:18 5    585  [28,5,2,3,14,21]     00:00:00:00:00:04    00:00:00:00:00:18 6    585  [28,5,2,4,13,21]     00:00:00:00:00:04    00:00:00:00:00:18 7    585  [28,5,2,4,14,21]     00:00:00:00:00:04    00:00:00:00:00:18 8    585  [28,6,1,3,13,21]     00:00:00:00:00:04    00:00:00:00:00:18 9    585  [28,6,1,3,14,21]     00:00:00:00:00:04    00:00:00:00:00:18 10    585  [28,6,1,4,13,21]     00:00:00:00:00:04    00:00:00:00:00:18 11    585  [28,6,1,4,14,21]     00:00:00:00:00:04    00:00:00:00:00:18 12    585  [28,6,2,3,13,21]     00:00:00:00:00:04    00:00:00:00:00:18 13    585  [28,6,2,3,14,21]     00:00:00:00:00:04    00:00:00:00:00:18 14    585  [28,6,2,4,13,21]     00:00:00:00:00:04    00:00:00:00:00:18 15    585  [28,6,2,4,14,21]  
# h00:00:00:00:00:04 -> h00:00:00:00:00:19
   00:00:00:00:00:04    00:00:00:00:00:19 0    585  [28,5,1,3,15,22]     00:00:00:00:00:04    00:00:00:00:00:19 1    585  [28,5,1,3,16,22]     00:00:00:00:00:04    00:00:00:00:00:19 2    585  [28,5,1,4,15,22]     00:00:00:00:00:04    00:00:00:00:00:19 3    585  [28,5,1,4,16,22]     00:00:00:00:00:04    00:00:00:00:00:19 4    585  [28,5,2,3,15,22]     00:00:00:00:00:04    00:00:00:00:00:19 5    585  [28,5,2,3,16,22]     00:00:00:00:00:04    00:00:00:00:00:19 6    585  [28,5,2,4,15,22]     00:00:00:00:00:04    00:00:00:00:00:19 7    585  [28,5,2,4,16,22]     00:00:00:00:00:04    00:00:00:00:00:19 8    585  [28,6,1,3,15,22]     00:00:00:00:00:04    00:00:00:00:00:19 9    585  [28,6,1,3,16,22]     00:00:00:00:00:04    00:00:00:00:00:19 10    585  [28,6,1,4,15,22]     00:00:00:00:00:04    00:00:00:00:00:19 11    585  [28,6,1,4,16,22]     00:00:00:00:00:04    00:00:00:00:00:19 12    585  [28,6,2,3,15,22]     00:00:00:00:00:04    00:00:00:00:00:19 13    585  [28,6,2,3,16,22]     00:00:00:00:00:04    00:00:00:00:00:19 14    585  [28,6,2,4,15,22]     00:00:00:00:00:04    00:00:00:00:00:19 15    585  [28,6,2,4,16,22]  
# h00:00:00:00:00:04 -> h00:00:00:00:00:0e
   00:00:00:00:00:04    00:00:00:00:00:0e 0    439  [28,5,1,11,38]     00:00:00:00:00:04    00:00:00:00:00:0e 1    439  [28,5,1,12,38]     00:00:00:00:00:04    00:00:00:00:00:0e 2    439  [28,5,2,11,38]     00:00:00:00:00:04    00:00:00:00:00:0e 3    439  [28,5,2,12,38]     00:00:00:00:00:04    00:00:00:00:00:0e 4    439  [28,6,1,11,38]     00:00:00:00:00:04    00:00:00:00:00:0e 5    439  [28,6,1,12,38]     00:00:00:00:00:04    00:00:00:00:00:0e 6    439  [28,6,2,11,38]     00:00:00:00:00:04    00:00:00:00:00:0e 7    439  [28,6,2,12,38]     00:00:00:00:00:04    00:00:00:00:00:0e 8    585  [28,5,1,2,11,38]     00:00:00:00:00:04    00:00:00:00:00:0e 9    585  [28,5,1,2,12,38]     00:00:00:00:00:04    00:00:00:00:00:0e 10    585  [28,5,2,1,11,38]     00:00:00:00:00:04    00:00:00:00:00:0e 11    585  [28,5,2,1,12,38]     00:00:00:00:00:04    00:00:00:00:00:0e 12    585  [28,6,1,2,11,38]     00:00:00:00:00:04    00:00:00:00:00:0e 13    585  [28,6,1,2,12,38]     00:00:00:00:00:04    00:00:00:00:00:0e 14    585  [28,6,2,1,11,38]     00:00:00:00:00:04    00:00:00:00:00:0e 15    585  [28,6,2,1,12,38]  
# h00:00:00:00:00:04 -> h00:00:00:00:00:01
   00:00:00:00:00:04    00:00:00:00:00:01 0    146  [28,5,25]     00:00:00:00:00:04    00:00:00:00:00:01 1    146  [28,6,25]     00:00:00:00:00:04    00:00:00:00:00:01 2    439  [28,5,1,6,25]     00:00:00:00:00:04    00:00:00:00:00:01 3    439  [28,5,2,6,25]     00:00:00:00:00:04    00:00:00:00:00:01 4    439  [28,5,26,6,25]     00:00:00:00:00:04    00:00:00:00:00:01 5    439  [28,5,27,6,25]     00:00:00:00:00:04    00:00:00:00:00:01 6    439  [28,6,1,5,25]     00:00:00:00:00:04    00:00:00:00:00:01 7    439  [28,6,2,5,25]     00:00:00:00:00:04    00:00:00:00:00:01 8    439  [28,6,26,5,25]     00:00:00:00:00:04    00:00:00:00:00:01 9    439  [28,6,27,5,25]     00:00:00:00:00:04    00:00:00:00:00:01 10    585  [28,5,1,2,6,25]     00:00:00:00:00:04    00:00:00:00:00:01 11    585  [28,5,2,1,6,25]     00:00:00:00:00:04    00:00:00:00:00:01 12    585  [28,6,1,2,5,25]     00:00:00:00:00:04    00:00:00:00:00:01 13    585  [28,6,2,1,5,25]     00:00:00:00:00:04    00:00:00:00:00:01 14    731  [28,5,1,3,2,6,25]     00:00:00:00:00:04    00:00:00:00:00:01 15    731  [28,5,1,4,2,6,25]  
# h00:00:00:00:00:04 -> h00:00:00:00:00:14
   00:00:00:00:00:04    00:00:00:00:00:14 0    585  [28,5,1,3,17,44]     00:00:00:00:00:04    00:00:00:00:00:14 1    585  [28,5,1,3,18,44]     00:00:00:00:00:04    00:00:00:00:00:14 2    585  [28,5,1,4,17,44]     00:00:00:00:00:04    00:00:00:00:00:14 3    585  [28,5,1,4,18,44]     00:00:00:00:00:04    00:00:00:00:00:14 4    585  [28,5,2,3,17,44]     00:00:00:00:00:04    00:00:00:00:00:14 5    585  [28,5,2,3,18,44]     00:00:00:00:00:04    00:00:00:00:00:14 6    585  [28,5,2,4,17,44]     00:00:00:00:00:04    00:00:00:00:00:14 7    585  [28,5,2,4,18,44]     00:00:00:00:00:04    00:00:00:00:00:14 8    585  [28,6,1,3,17,44]     00:00:00:00:00:04    00:00:00:00:00:14 9    585  [28,6,1,3,18,44]     00:00:00:00:00:04    00:00:00:00:00:14 10    585  [28,6,1,4,17,44]     00:00:00:00:00:04    00:00:00:00:00:14 11    585  [28,6,1,4,18,44]     00:00:00:00:00:04    00:00:00:00:00:14 12    585  [28,6,2,3,17,44]     00:00:00:00:00:04    00:00:00:00:00:14 13    585  [28,6,2,3,18,44]     00:00:00:00:00:04    00:00:00:00:00:14 14    585  [28,6,2,4,17,44]     00:00:00:00:00:04    00:00:00:00:00:14 15    585  [28,6,2,4,18,44]  
# h00:00:00:00:00:04 -> h00:00:00:00:00:0b
   00:00:00:00:00:04    00:00:00:00:00:0b 0    439  [28,5,1,9,35]     00:00:00:00:00:04    00:00:00:00:00:0b 1    439  [28,5,1,10,35]     00:00:00:00:00:04    00:00:00:00:00:0b 2    439  [28,5,2,9,35]     00:00:00:00:00:04    00:00:00:00:00:0b 3    439  [28,5,2,10,35]     00:00:00:00:00:04    00:00:00:00:00:0b 4    439  [28,6,1,9,35]     00:00:00:00:00:04    00:00:00:00:00:0b 5    439  [28,6,1,10,35]     00:00:00:00:00:04    00:00:00:00:00:0b 6    439  [28,6,2,9,35]     00:00:00:00:00:04    00:00:00:00:00:0b 7    439  [28,6,2,10,35]     00:00:00:00:00:04    00:00:00:00:00:0b 8    585  [28,5,1,2,9,35]     00:00:00:00:00:04    00:00:00:00:00:0b 9    585  [28,5,1,2,10,35]     00:00:00:00:00:04    00:00:00:00:00:0b 10    585  [28,5,2,1,9,35]     00:00:00:00:00:04    00:00:00:00:00:0b 11    585  [28,5,2,1,10,35]     00:00:00:00:00:04    00:00:00:00:00:0b 12    585  [28,6,1,2,9,35]     00:00:00:00:00:04    00:00:00:00:00:0b 13    585  [28,6,1,2,10,35]     00:00:00:00:00:04    00:00:00:00:00:0b 14    585  [28,6,2,1,9,35]     00:00:00:00:00:04    00:00:00:00:00:0b 15    585  [28,6,2,1,10,35]  
# h00:00:00:00:00:04 -> h00:00:00:00:00:0a
   00:00:00:00:00:04    00:00:00:00:00:0a 0    439  [28,5,1,9,34]     00:00:00:00:00:04    00:00:00:00:00:0a 1    439  [28,5,1,10,34]     00:00:00:00:00:04    00:00:00:00:00:0a 2    439  [28,5,2,9,34]     00:00:00:00:00:04    00:00:00:00:00:0a 3    439  [28,5,2,10,34]     00:00:00:00:00:04    00:00:00:00:00:0a 4    439  [28,6,1,9,34]     00:00:00:00:00:04    00:00:00:00:00:0a 5    439  [28,6,1,10,34]     00:00:00:00:00:04    00:00:00:00:00:0a 6    439  [28,6,2,9,34]     00:00:00:00:00:04    00:00:00:00:00:0a 7    439  [28,6,2,10,34]     00:00:00:00:00:04    00:00:00:00:00:0a 8    585  [28,5,1,2,9,34]     00:00:00:00:00:04    00:00:00:00:00:0a 9    585  [28,5,1,2,10,34]     00:00:00:00:00:04    00:00:00:00:00:0a 10    585  [28,5,2,1,9,34]     00:00:00:00:00:04    00:00:00:00:00:0a 11    585  [28,5,2,1,10,34]     00:00:00:00:00:04    00:00:00:00:00:0a 12    585  [28,6,1,2,9,34]     00:00:00:00:00:04    00:00:00:00:00:0a 13    585  [28,6,1,2,10,34]     00:00:00:00:00:04    00:00:00:00:00:0a 14    585  [28,6,2,1,9,34]     00:00:00:00:00:04    00:00:00:00:00:0a 15    585  [28,6,2,1,10,34]  
# h00:00:00:00:00:04 -> h00:00:00:00:00:0c
   00:00:00:00:00:04    00:00:00:00:00:0c 0    439  [28,5,1,9,36]     00:00:00:00:00:04    00:00:00:00:00:0c 1    439  [28,5,1,10,36]     00:00:00:00:00:04    00:00:00:00:00:0c 2    439  [28,5,2,9,36]     00:00:00:00:00:04    00:00:00:00:00:0c 3    439  [28,5,2,10,36]     00:00:00:00:00:04    00:00:00:00:00:0c 4    439  [28,6,1,9,36]     00:00:00:00:00:04    00:00:00:00:00:0c 5    439  [28,6,1,10,36]     00:00:00:00:00:04    00:00:00:00:00:0c 6    439  [28,6,2,9,36]     00:00:00:00:00:04    00:00:00:00:00:0c 7    439  [28,6,2,10,36]     00:00:00:00:00:04    00:00:00:00:00:0c 8    585  [28,5,1,2,9,36]     00:00:00:00:00:04    00:00:00:00:00:0c 9    585  [28,5,1,2,10,36]     00:00:00:00:00:04    00:00:00:00:00:0c 10    585  [28,5,2,1,9,36]     00:00:00:00:00:04    00:00:00:00:00:0c 11    585  [28,5,2,1,10,36]     00:00:00:00:00:04    00:00:00:00:00:0c 12    585  [28,6,1,2,9,36]     00:00:00:00:00:04    00:00:00:00:00:0c 13    585  [28,6,1,2,10,36]     00:00:00:00:00:04    00:00:00:00:00:0c 14    585  [28,6,2,1,9,36]     00:00:00:00:00:04    00:00:00:00:00:0c 15    585  [28,6,2,1,10,36]  
# h00:00:00:00:00:04 -> h00:00:00:00:00:0d
   00:00:00:00:00:04    00:00:00:00:00:0d 0    439  [28,5,1,11,37]     00:00:00:00:00:04    00:00:00:00:00:0d 1    439  [28,5,1,12,37]     00:00:00:00:00:04    00:00:00:00:00:0d 2    439  [28,5,2,11,37]     00:00:00:00:00:04    00:00:00:00:00:0d 3    439  [28,5,2,12,37]     00:00:00:00:00:04    00:00:00:00:00:0d 4    439  [28,6,1,11,37]     00:00:00:00:00:04    00:00:00:00:00:0d 5    439  [28,6,1,12,37]     00:00:00:00:00:04    00:00:00:00:00:0d 6    439  [28,6,2,11,37]     00:00:00:00:00:04    00:00:00:00:00:0d 7    439  [28,6,2,12,37]     00:00:00:00:00:04    00:00:00:00:00:0d 8    585  [28,5,1,2,11,37]     00:00:00:00:00:04    00:00:00:00:00:0d 9    585  [28,5,1,2,12,37]     00:00:00:00:00:04    00:00:00:00:00:0d 10    585  [28,5,2,1,11,37]     00:00:00:00:00:04    00:00:00:00:00:0d 11    585  [28,5,2,1,12,37]     00:00:00:00:00:04    00:00:00:00:00:0d 12    585  [28,6,1,2,11,37]     00:00:00:00:00:04    00:00:00:00:00:0d 13    585  [28,6,1,2,12,37]     00:00:00:00:00:04    00:00:00:00:00:0d 14    585  [28,6,2,1,11,37]     00:00:00:00:00:04    00:00:00:00:00:0d 15    585  [28,6,2,1,12,37]  
# h00:00:00:00:00:04 -> h00:00:00:00:00:03
   00:00:00:00:00:04    00:00:00:00:00:03 0    146  [28,5,27]     00:00:00:00:00:04    00:00:00:00:00:03 1    146  [28,6,27]     00:00:00:00:00:04    00:00:00:00:00:03 2    439  [28,5,1,6,27]     00:00:00:00:00:04    00:00:00:00:00:03 3    439  [28,5,2,6,27]     00:00:00:00:00:04    00:00:00:00:00:03 4    439  [28,5,25,6,27]     00:00:00:00:00:04    00:00:00:00:00:03 5    439  [28,5,26,6,27]     00:00:00:00:00:04    00:00:00:00:00:03 6    439  [28,6,1,5,27]     00:00:00:00:00:04    00:00:00:00:00:03 7    439  [28,6,2,5,27]     00:00:00:00:00:04    00:00:00:00:00:03 8    439  [28,6,25,5,27]     00:00:00:00:00:04    00:00:00:00:00:03 9    439  [28,6,26,5,27]     00:00:00:00:00:04    00:00:00:00:00:03 10    585  [28,5,1,2,6,27]     00:00:00:00:00:04    00:00:00:00:00:03 11    585  [28,5,2,1,6,27]     00:00:00:00:00:04    00:00:00:00:00:03 12    585  [28,6,1,2,5,27]     00:00:00:00:00:04    00:00:00:00:00:03 13    585  [28,6,2,1,5,27]     00:00:00:00:00:04    00:00:00:00:00:03 14    731  [28,5,1,3,2,6,27]     00:00:00:00:00:04    00:00:00:00:00:03 15    731  [28,5,1,4,2,6,27]  
# h00:00:00:00:00:04 -> h00:00:00:00:00:11
   00:00:00:00:00:04    00:00:00:00:00:11 0    585  [28,5,1,3,17,41]     00:00:00:00:00:04    00:00:00:00:00:11 1    585  [28,5,1,3,18,41]     00:00:00:00:00:04    00:00:00:00:00:11 2    585  [28,5,1,4,17,41]     00:00:00:00:00:04    00:00:00:00:00:11 3    585  [28,5,1,4,18,41]     00:00:00:00:00:04    00:00:00:00:00:11 4    585  [28,5,2,3,17,41]     00:00:00:00:00:04    00:00:00:00:00:11 5    585  [28,5,2,3,18,41]     00:00:00:00:00:04    00:00:00:00:00:11 6    585  [28,5,2,4,17,41]     00:00:00:00:00:04    00:00:00:00:00:11 7    585  [28,5,2,4,18,41]     00:00:00:00:00:04    00:00:00:00:00:11 8    585  [28,6,1,3,17,41]     00:00:00:00:00:04    00:00:00:00:00:11 9    585  [28,6,1,3,18,41]     00:00:00:00:00:04    00:00:00:00:00:11 10    585  [28,6,1,4,17,41]     00:00:00:00:00:04    00:00:00:00:00:11 11    585  [28,6,1,4,18,41]     00:00:00:00:00:04    00:00:00:00:00:11 12    585  [28,6,2,3,17,41]     00:00:00:00:00:04    00:00:00:00:00:11 13    585  [28,6,2,3,18,41]     00:00:00:00:00:04    00:00:00:00:00:11 14    585  [28,6,2,4,17,41]     00:00:00:00:00:04    00:00:00:00:00:11 15    585  [28,6,2,4,18,41]  
# h00:00:00:00:00:04 -> h00:00:00:00:00:02
   00:00:00:00:00:04    00:00:00:00:00:02 0    146  [28,5,26]     00:00:00:00:00:04    00:00:00:00:00:02 1    146  [28,6,26]     00:00:00:00:00:04    00:00:00:00:00:02 2    439  [28,5,1,6,26]     00:00:00:00:00:04    00:00:00:00:00:02 3    439  [28,5,2,6,26]     00:00:00:00:00:04    00:00:00:00:00:02 4    439  [28,5,25,6,26]     00:00:00:00:00:04    00:00:00:00:00:02 5    439  [28,5,27,6,26]     00:00:00:00:00:04    00:00:00:00:00:02 6    439  [28,6,1,5,26]     00:00:00:00:00:04    00:00:00:00:00:02 7    439  [28,6,2,5,26]     00:00:00:00:00:04    00:00:00:00:00:02 8    439  [28,6,25,5,26]     00:00:00:00:00:04    00:00:00:00:00:02 9    439  [28,6,27,5,26]     00:00:00:00:00:04    00:00:00:00:00:02 10    585  [28,5,1,2,6,26]     00:00:00:00:00:04    00:00:00:00:00:02 11    585  [28,5,2,1,6,26]     00:00:00:00:00:04    00:00:00:00:00:02 12    585  [28,6,1,2,5,26]     00:00:00:00:00:04    00:00:00:00:00:02 13    585  [28,6,2,1,5,26]     00:00:00:00:00:04    00:00:00:00:00:02 14    731  [28,5,1,3,2,6,26]     00:00:00:00:00:04    00:00:00:00:00:02 15    731  [28,5,1,4,2,6,26]  
# h00:00:00:00:00:04 -> h00:00:00:00:00:0f
   00:00:00:00:00:04    00:00:00:00:00:0f 0    439  [28,5,1,11,39]     00:00:00:00:00:04    00:00:00:00:00:0f 1    439  [28,5,1,12,39]     00:00:00:00:00:04    00:00:00:00:00:0f 2    439  [28,5,2,11,39]     00:00:00:00:00:04    00:00:00:00:00:0f 3    439  [28,5,2,12,39]     00:00:00:00:00:04    00:00:00:00:00:0f 4    439  [28,6,1,11,39]     00:00:00:00:00:04    00:00:00:00:00:0f 5    439  [28,6,1,12,39]     00:00:00:00:00:04    00:00:00:00:00:0f 6    439  [28,6,2,11,39]     00:00:00:00:00:04    00:00:00:00:00:0f 7    439  [28,6,2,12,39]     00:00:00:00:00:04    00:00:00:00:00:0f 8    585  [28,5,1,2,11,39]     00:00:00:00:00:04    00:00:00:00:00:0f 9    585  [28,5,1,2,12,39]     00:00:00:00:00:04    00:00:00:00:00:0f 10    585  [28,5,2,1,11,39]     00:00:00:00:00:04    00:00:00:00:00:0f 11    585  [28,5,2,1,12,39]     00:00:00:00:00:04    00:00:00:00:00:0f 12    585  [28,6,1,2,11,39]     00:00:00:00:00:04    00:00:00:00:00:0f 13    585  [28,6,1,2,12,39]     00:00:00:00:00:04    00:00:00:00:00:0f 14    585  [28,6,2,1,11,39]     00:00:00:00:00:04    00:00:00:00:00:0f 15    585  [28,6,2,1,12,39]  
# h00:00:00:00:00:04 -> h00:00:00:00:00:12
   00:00:00:00:00:04    00:00:00:00:00:12 0    585  [28,5,1,3,17,42]     00:00:00:00:00:04    00:00:00:00:00:12 1    585  [28,5,1,3,18,42]     00:00:00:00:00:04    00:00:00:00:00:12 2    585  [28,5,1,4,17,42]     00:00:00:00:00:04    00:00:00:00:00:12 3    585  [28,5,1,4,18,42]     00:00:00:00:00:04    00:00:00:00:00:12 4    585  [28,5,2,3,17,42]     00:00:00:00:00:04    00:00:00:00:00:12 5    585  [28,5,2,3,18,42]     00:00:00:00:00:04    00:00:00:00:00:12 6    585  [28,5,2,4,17,42]     00:00:00:00:00:04    00:00:00:00:00:12 7    585  [28,5,2,4,18,42]     00:00:00:00:00:04    00:00:00:00:00:12 8    585  [28,6,1,3,17,42]     00:00:00:00:00:04    00:00:00:00:00:12 9    585  [28,6,1,3,18,42]     00:00:00:00:00:04    00:00:00:00:00:12 10    585  [28,6,1,4,17,42]     00:00:00:00:00:04    00:00:00:00:00:12 11    585  [28,6,1,4,18,42]     00:00:00:00:00:04    00:00:00:00:00:12 12    585  [28,6,2,3,17,42]     00:00:00:00:00:04    00:00:00:00:00:12 13    585  [28,6,2,3,18,42]     00:00:00:00:00:04    00:00:00:00:00:12 14    585  [28,6,2,4,17,42]     00:00:00:00:00:04    00:00:00:00:00:12 15    585  [28,6,2,4,18,42]  
# h00:00:00:00:00:04 -> h00:00:00:00:00:15
   00:00:00:00:00:04    00:00:00:00:00:15 0    585  [28,5,1,3,17,45]     00:00:00:00:00:04    00:00:00:00:00:15 1    585  [28,5,1,3,18,45]     00:00:00:00:00:04    00:00:00:00:00:15 2    585  [28,5,1,4,17,45]     00:00:00:00:00:04    00:00:00:00:00:15 3    585  [28,5,1,4,18,45]     00:00:00:00:00:04    00:00:00:00:00:15 4    585  [28,5,2,3,17,45]     00:00:00:00:00:04    00:00:00:00:00:15 5    585  [28,5,2,3,18,45]     00:00:00:00:00:04    00:00:00:00:00:15 6    585  [28,5,2,4,17,45]     00:00:00:00:00:04    00:00:00:00:00:15 7    585  [28,5,2,4,18,45]     00:00:00:00:00:04    00:00:00:00:00:15 8    585  [28,6,1,3,17,45]     00:00:00:00:00:04    00:00:00:00:00:15 9    585  [28,6,1,3,18,45]     00:00:00:00:00:04    00:00:00:00:00:15 10    585  [28,6,1,4,17,45]     00:00:00:00:00:04    00:00:00:00:00:15 11    585  [28,6,1,4,18,45]     00:00:00:00:00:04    00:00:00:00:00:15 12    585  [28,6,2,3,17,45]     00:00:00:00:00:04    00:00:00:00:00:15 13    585  [28,6,2,3,18,45]     00:00:00:00:00:04    00:00:00:00:00:15 14    585  [28,6,2,4,17,45]     00:00:00:00:00:04    00:00:00:00:00:15 15    585  [28,6,2,4,18,45]  
# h00:00:00:00:00:04 -> h00:00:00:00:00:13
   00:00:00:00:00:04    00:00:00:00:00:13 0    585  [28,5,1,3,17,43]     00:00:00:00:00:04    00:00:00:00:00:13 1    585  [28,5,1,3,18,43]     00:00:00:00:00:04    00:00:00:00:00:13 2    585  [28,5,1,4,17,43]     00:00:00:00:00:04    00:00:00:00:00:13 3    585  [28,5,1,4,18,43]     00:00:00:00:00:04    00:00:00:00:00:13 4    585  [28,5,2,3,17,43]     00:00:00:00:00:04    00:00:00:00:00:13 5    585  [28,5,2,3,18,43]     00:00:00:00:00:04    00:00:00:00:00:13 6    585  [28,5,2,4,17,43]     00:00:00:00:00:04    00:00:00:00:00:13 7    585  [28,5,2,4,18,43]     00:00:00:00:00:04    00:00:00:00:00:13 8    585  [28,6,1,3,17,43]     00:00:00:00:00:04    00:00:00:00:00:13 9    585  [28,6,1,3,18,43]     00:00:00:00:00:04    00:00:00:00:00:13 10    585  [28,6,1,4,17,43]     00:00:00:00:00:04    00:00:00:00:00:13 11    585  [28,6,1,4,18,43]     00:00:00:00:00:04    00:00:00:00:00:13 12    585  [28,6,2,3,17,43]     00:00:00:00:00:04    00:00:00:00:00:13 13    585  [28,6,2,3,18,43]     00:00:00:00:00:04    00:00:00:00:00:13 14    585  [28,6,2,4,17,43]     00:00:00:00:00:04    00:00:00:00:00:13 15    585  [28,6,2,4,18,43]  
# h00:00:00:00:00:1a -> h00:00:00:00:00:16
   00:00:00:00:00:1a    00:00:00:00:00:16 0    439  [23,15,3,13,19]     00:00:00:00:00:1a    00:00:00:00:00:16 1    439  [23,15,3,14,19]     00:00:00:00:00:1a    00:00:00:00:00:16 2    439  [23,15,4,13,19]     00:00:00:00:00:1a    00:00:00:00:00:16 3    439  [23,15,4,14,19]     00:00:00:00:00:1a    00:00:00:00:00:16 4    439  [23,16,3,13,19]     00:00:00:00:00:1a    00:00:00:00:00:16 5    439  [23,16,3,14,19]     00:00:00:00:00:1a    00:00:00:00:00:16 6    439  [23,16,4,13,19]     00:00:00:00:00:1a    00:00:00:00:00:16 7    439  [23,16,4,14,19]     00:00:00:00:00:1a    00:00:00:00:00:16 8    585  [23,15,3,4,13,19]     00:00:00:00:00:1a    00:00:00:00:00:16 9    585  [23,15,3,4,14,19]     00:00:00:00:00:1a    00:00:00:00:00:16 10    585  [23,15,4,3,13,19]     00:00:00:00:00:1a    00:00:00:00:00:16 11    585  [23,15,4,3,14,19]     00:00:00:00:00:1a    00:00:00:00:00:16 12    585  [23,16,3,4,13,19]     00:00:00:00:00:1a    00:00:00:00:00:16 13    585  [23,16,3,4,14,19]     00:00:00:00:00:1a    00:00:00:00:00:16 14    585  [23,16,4,3,13,19]     00:00:00:00:00:1a    00:00:00:00:00:16 15    585  [23,16,4,3,14,19]  
# h00:00:00:00:00:1a -> h00:00:00:00:00:06
   00:00:00:00:00:1a    00:00:00:00:00:06 0    585  [23,15,3,1,7,30]     00:00:00:00:00:1a    00:00:00:00:00:06 1    585  [23,15,3,1,8,30]     00:00:00:00:00:1a    00:00:00:00:00:06 2    585  [23,15,3,2,7,30]     00:00:00:00:00:1a    00:00:00:00:00:06 3    585  [23,15,3,2,8,30]     00:00:00:00:00:1a    00:00:00:00:00:06 4    585  [23,15,4,1,7,30]     00:00:00:00:00:1a    00:00:00:00:00:06 5    585  [23,15,4,1,8,30]     00:00:00:00:00:1a    00:00:00:00:00:06 6    585  [23,15,4,2,7,30]     00:00:00:00:00:1a    00:00:00:00:00:06 7    585  [23,15,4,2,8,30]     00:00:00:00:00:1a    00:00:00:00:00:06 8    585  [23,16,3,1,7,30]     00:00:00:00:00:1a    00:00:00:00:00:06 9    585  [23,16,3,1,8,30]     00:00:00:00:00:1a    00:00:00:00:00:06 10    585  [23,16,3,2,7,30]     00:00:00:00:00:1a    00:00:00:00:00:06 11    585  [23,16,3,2,8,30]     00:00:00:00:00:1a    00:00:00:00:00:06 12    585  [23,16,4,1,7,30]     00:00:00:00:00:1a    00:00:00:00:00:06 13    585  [23,16,4,1,8,30]     00:00:00:00:00:1a    00:00:00:00:00:06 14    585  [23,16,4,2,7,30]     00:00:00:00:00:1a    00:00:00:00:00:06 15    585  [23,16,4,2,8,30]  
# h00:00:00:00:00:1a -> h00:00:00:00:00:07
   00:00:00:00:00:1a    00:00:00:00:00:07 0    585  [23,15,3,1,7,31]     00:00:00:00:00:1a    00:00:00:00:00:07 1    585  [23,15,3,1,8,31]     00:00:00:00:00:1a    00:00:00:00:00:07 2    585  [23,15,3,2,7,31]     00:00:00:00:00:1a    00:00:00:00:00:07 3    585  [23,15,3,2,8,31]     00:00:00:00:00:1a    00:00:00:00:00:07 4    585  [23,15,4,1,7,31]     00:00:00:00:00:1a    00:00:00:00:00:07 5    585  [23,15,4,1,8,31]     00:00:00:00:00:1a    00:00:00:00:00:07 6    585  [23,15,4,2,7,31]     00:00:00:00:00:1a    00:00:00:00:00:07 7    585  [23,15,4,2,8,31]     00:00:00:00:00:1a    00:00:00:00:00:07 8    585  [23,16,3,1,7,31]     00:00:00:00:00:1a    00:00:00:00:00:07 9    585  [23,16,3,1,8,31]     00:00:00:00:00:1a    00:00:00:00:00:07 10    585  [23,16,3,2,7,31]     00:00:00:00:00:1a    00:00:00:00:00:07 11    585  [23,16,3,2,8,31]     00:00:00:00:00:1a    00:00:00:00:00:07 12    585  [23,16,4,1,7,31]     00:00:00:00:00:1a    00:00:00:00:00:07 13    585  [23,16,4,1,8,31]     00:00:00:00:00:1a    00:00:00:00:00:07 14    585  [23,16,4,2,7,31]     00:00:00:00:00:1a    00:00:00:00:00:07 15    585  [23,16,4,2,8,31]  
# h00:00:00:00:00:1a -> h00:00:00:00:00:1b
   00:00:00:00:00:1a    00:00:00:00:00:1b 0    146  [23,15,24]     00:00:00:00:00:1a    00:00:00:00:00:1b 1    146  [23,16,24]     00:00:00:00:00:1a    00:00:00:00:00:1b 2    439  [23,15,3,16,24]     00:00:00:00:00:1a    00:00:00:00:00:1b 3    439  [23,15,4,16,24]     00:00:00:00:00:1a    00:00:00:00:00:1b 4    439  [23,15,22,16,24]     00:00:00:00:00:1a    00:00:00:00:00:1b 5    439  [23,16,3,15,24]     00:00:00:00:00:1a    00:00:00:00:00:1b 6    439  [23,16,4,15,24]     00:00:00:00:00:1a    00:00:00:00:00:1b 7    439  [23,16,22,15,24]     00:00:00:00:00:1a    00:00:00:00:00:1b 8    585  [23,15,3,4,16,24]     00:00:00:00:00:1a    00:00:00:00:00:1b 9    585  [23,15,4,3,16,24]     00:00:00:00:00:1a    00:00:00:00:00:1b 10    585  [23,16,3,4,15,24]     00:00:00:00:00:1a    00:00:00:00:00:1b 11    585  [23,16,4,3,15,24]     00:00:00:00:00:1a    00:00:00:00:00:1b 12    731  [23,15,3,1,4,16,24]     00:00:00:00:00:1a    00:00:00:00:00:1b 13    731  [23,15,3,2,4,16,24]     00:00:00:00:00:1a    00:00:00:00:00:1b 14    731  [23,15,3,13,4,16,24]     00:00:00:00:00:1a    00:00:00:00:00:1b 15    731  [23,15,3,14,4,16,24]  
# h00:00:00:00:00:1a -> h00:00:00:00:00:17
   00:00:00:00:00:1a    00:00:00:00:00:17 0    439  [23,15,3,13,20]     00:00:00:00:00:1a    00:00:00:00:00:17 1    439  [23,15,3,14,20]     00:00:00:00:00:1a    00:00:00:00:00:17 2    439  [23,15,4,13,20]     00:00:00:00:00:1a    00:00:00:00:00:17 3    439  [23,15,4,14,20]     00:00:00:00:00:1a    00:00:00:00:00:17 4    439  [23,16,3,13,20]     00:00:00:00:00:1a    00:00:00:00:00:17 5    439  [23,16,3,14,20]     00:00:00:00:00:1a    00:00:00:00:00:17 6    439  [23,16,4,13,20]     00:00:00:00:00:1a    00:00:00:00:00:17 7    439  [23,16,4,14,20]     00:00:00:00:00:1a    00:00:00:00:00:17 8    585  [23,15,3,4,13,20]     00:00:00:00:00:1a    00:00:00:00:00:17 9    585  [23,15,3,4,14,20]     00:00:00:00:00:1a    00:00:00:00:00:17 10    585  [23,15,4,3,13,20]     00:00:00:00:00:1a    00:00:00:00:00:17 11    585  [23,15,4,3,14,20]     00:00:00:00:00:1a    00:00:00:00:00:17 12    585  [23,16,3,4,13,20]     00:00:00:00:00:1a    00:00:00:00:00:17 13    585  [23,16,3,4,14,20]     00:00:00:00:00:1a    00:00:00:00:00:17 14    585  [23,16,4,3,13,20]     00:00:00:00:00:1a    00:00:00:00:00:17 15    585  [23,16,4,3,14,20]  
# h00:00:00:00:00:1a -> h00:00:00:00:00:09
   00:00:00:00:00:1a    00:00:00:00:00:09 0    585  [23,15,3,1,9,33]     00:00:00:00:00:1a    00:00:00:00:00:09 1    585  [23,15,3,1,10,33]     00:00:00:00:00:1a    00:00:00:00:00:09 2    585  [23,15,3,2,9,33]     00:00:00:00:00:1a    00:00:00:00:00:09 3    585  [23,15,3,2,10,33]     00:00:00:00:00:1a    00:00:00:00:00:09 4    585  [23,15,4,1,9,33]     00:00:00:00:00:1a    00:00:00:00:00:09 5    585  [23,15,4,1,10,33]     00:00:00:00:00:1a    00:00:00:00:00:09 6    585  [23,15,4,2,9,33]     00:00:00:00:00:1a    00:00:00:00:00:09 7    585  [23,15,4,2,10,33]     00:00:00:00:00:1a    00:00:00:00:00:09 8    585  [23,16,3,1,9,33]     00:00:00:00:00:1a    00:00:00:00:00:09 9    585  [23,16,3,1,10,33]     00:00:00:00:00:1a    00:00:00:00:00:09 10    585  [23,16,3,2,9,33]     00:00:00:00:00:1a    00:00:00:00:00:09 11    585  [23,16,3,2,10,33]     00:00:00:00:00:1a    00:00:00:00:00:09 12    585  [23,16,4,1,9,33]     00:00:00:00:00:1a    00:00:00:00:00:09 13    585  [23,16,4,1,10,33]     00:00:00:00:00:1a    00:00:00:00:00:09 14    585  [23,16,4,2,9,33]     00:00:00:00:00:1a    00:00:00:00:00:09 15    585  [23,16,4,2,10,33]  
# h00:00:00:00:00:1a -> h00:00:00:00:00:05
   00:00:00:00:00:1a    00:00:00:00:00:05 0    585  [23,15,3,1,7,29]     00:00:00:00:00:1a    00:00:00:00:00:05 1    585  [23,15,3,1,8,29]     00:00:00:00:00:1a    00:00:00:00:00:05 2    585  [23,15,3,2,7,29]     00:00:00:00:00:1a    00:00:00:00:00:05 3    585  [23,15,3,2,8,29]     00:00:00:00:00:1a    00:00:00:00:00:05 4    585  [23,15,4,1,7,29]     00:00:00:00:00:1a    00:00:00:00:00:05 5    585  [23,15,4,1,8,29]     00:00:00:00:00:1a    00:00:00:00:00:05 6    585  [23,15,4,2,7,29]     00:00:00:00:00:1a    00:00:00:00:00:05 7    585  [23,15,4,2,8,29]     00:00:00:00:00:1a    00:00:00:00:00:05 8    585  [23,16,3,1,7,29]     00:00:00:00:00:1a    00:00:00:00:00:05 9    585  [23,16,3,1,8,29]     00:00:00:00:00:1a    00:00:00:00:00:05 10    585  [23,16,3,2,7,29]     00:00:00:00:00:1a    00:00:00:00:00:05 11    585  [23,16,3,2,8,29]     00:00:00:00:00:1a    00:00:00:00:00:05 12    585  [23,16,4,1,7,29]     00:00:00:00:00:1a    00:00:00:00:00:05 13    585  [23,16,4,1,8,29]     00:00:00:00:00:1a    00:00:00:00:00:05 14    585  [23,16,4,2,7,29]     00:00:00:00:00:1a    00:00:00:00:00:05 15    585  [23,16,4,2,8,29]  
# h00:00:00:00:00:1a -> h00:00:00:00:00:08
   00:00:00:00:00:1a    00:00:00:00:00:08 0    585  [23,15,3,1,7,32]     00:00:00:00:00:1a    00:00:00:00:00:08 1    585  [23,15,3,1,8,32]     00:00:00:00:00:1a    00:00:00:00:00:08 2    585  [23,15,3,2,7,32]     00:00:00:00:00:1a    00:00:00:00:00:08 3    585  [23,15,3,2,8,32]     00:00:00:00:00:1a    00:00:00:00:00:08 4    585  [23,15,4,1,7,32]     00:00:00:00:00:1a    00:00:00:00:00:08 5    585  [23,15,4,1,8,32]     00:00:00:00:00:1a    00:00:00:00:00:08 6    585  [23,15,4,2,7,32]     00:00:00:00:00:1a    00:00:00:00:00:08 7    585  [23,15,4,2,8,32]     00:00:00:00:00:1a    00:00:00:00:00:08 8    585  [23,16,3,1,7,32]     00:00:00:00:00:1a    00:00:00:00:00:08 9    585  [23,16,3,1,8,32]     00:00:00:00:00:1a    00:00:00:00:00:08 10    585  [23,16,3,2,7,32]     00:00:00:00:00:1a    00:00:00:00:00:08 11    585  [23,16,3,2,8,32]     00:00:00:00:00:1a    00:00:00:00:00:08 12    585  [23,16,4,1,7,32]     00:00:00:00:00:1a    00:00:00:00:00:08 13    585  [23,16,4,1,8,32]     00:00:00:00:00:1a    00:00:00:00:00:08 14    585  [23,16,4,2,7,32]     00:00:00:00:00:1a    00:00:00:00:00:08 15    585  [23,16,4,2,8,32]  
# h00:00:00:00:00:1a -> h00:00:00:00:00:04
   00:00:00:00:00:1a    00:00:00:00:00:04 0    585  [23,15,3,1,5,28]     00:00:00:00:00:1a    00:00:00:00:00:04 1    585  [23,15,3,1,6,28]     00:00:00:00:00:1a    00:00:00:00:00:04 2    585  [23,15,3,2,5,28]     00:00:00:00:00:1a    00:00:00:00:00:04 3    585  [23,15,3,2,6,28]     00:00:00:00:00:1a    00:00:00:00:00:04 4    585  [23,15,4,1,5,28]     00:00:00:00:00:1a    00:00:00:00:00:04 5    585  [23,15,4,1,6,28]     00:00:00:00:00:1a    00:00:00:00:00:04 6    585  [23,15,4,2,5,28]     00:00:00:00:00:1a    00:00:00:00:00:04 7    585  [23,15,4,2,6,28]     00:00:00:00:00:1a    00:00:00:00:00:04 8    585  [23,16,3,1,5,28]     00:00:00:00:00:1a    00:00:00:00:00:04 9    585  [23,16,3,1,6,28]     00:00:00:00:00:1a    00:00:00:00:00:04 10    585  [23,16,3,2,5,28]     00:00:00:00:00:1a    00:00:00:00:00:04 11    585  [23,16,3,2,6,28]     00:00:00:00:00:1a    00:00:00:00:00:04 12    585  [23,16,4,1,5,28]     00:00:00:00:00:1a    00:00:00:00:00:04 13    585  [23,16,4,1,6,28]     00:00:00:00:00:1a    00:00:00:00:00:04 14    585  [23,16,4,2,5,28]     00:00:00:00:00:1a    00:00:00:00:00:04 15    585  [23,16,4,2,6,28]  
# h00:00:00:00:00:1a -> h00:00:00:00:00:10
   00:00:00:00:00:1a    00:00:00:00:00:10 0    585  [23,15,3,1,11,40]     00:00:00:00:00:1a    00:00:00:00:00:10 1    585  [23,15,3,1,12,40]     00:00:00:00:00:1a    00:00:00:00:00:10 2    585  [23,15,3,2,11,40]     00:00:00:00:00:1a    00:00:00:00:00:10 3    585  [23,15,3,2,12,40]     00:00:00:00:00:1a    00:00:00:00:00:10 4    585  [23,15,4,1,11,40]     00:00:00:00:00:1a    00:00:00:00:00:10 5    585  [23,15,4,1,12,40]     00:00:00:00:00:1a    00:00:00:00:00:10 6    585  [23,15,4,2,11,40]     00:00:00:00:00:1a    00:00:00:00:00:10 7    585  [23,15,4,2,12,40]     00:00:00:00:00:1a    00:00:00:00:00:10 8    585  [23,16,3,1,11,40]     00:00:00:00:00:1a    00:00:00:00:00:10 9    585  [23,16,3,1,12,40]     00:00:00:00:00:1a    00:00:00:00:00:10 10    585  [23,16,3,2,11,40]     00:00:00:00:00:1a    00:00:00:00:00:10 11    585  [23,16,3,2,12,40]     00:00:00:00:00:1a    00:00:00:00:00:10 12    585  [23,16,4,1,11,40]     00:00:00:00:00:1a    00:00:00:00:00:10 13    585  [23,16,4,1,12,40]     00:00:00:00:00:1a    00:00:00:00:00:10 14    585  [23,16,4,2,11,40]     00:00:00:00:00:1a    00:00:00:00:00:10 15    585  [23,16,4,2,12,40]  
# h00:00:00:00:00:1a -> h00:00:00:00:00:18
   00:00:00:00:00:1a    00:00:00:00:00:18 0    439  [23,15,3,13,21]     00:00:00:00:00:1a    00:00:00:00:00:18 1    439  [23,15,3,14,21]     00:00:00:00:00:1a    00:00:00:00:00:18 2    439  [23,15,4,13,21]     00:00:00:00:00:1a    00:00:00:00:00:18 3    439  [23,15,4,14,21]     00:00:00:00:00:1a    00:00:00:00:00:18 4    439  [23,16,3,13,21]     00:00:00:00:00:1a    00:00:00:00:00:18 5    439  [23,16,3,14,21]     00:00:00:00:00:1a    00:00:00:00:00:18 6    439  [23,16,4,13,21]     00:00:00:00:00:1a    00:00:00:00:00:18 7    439  [23,16,4,14,21]     00:00:00:00:00:1a    00:00:00:00:00:18 8    585  [23,15,3,4,13,21]     00:00:00:00:00:1a    00:00:00:00:00:18 9    585  [23,15,3,4,14,21]     00:00:00:00:00:1a    00:00:00:00:00:18 10    585  [23,15,4,3,13,21]     00:00:00:00:00:1a    00:00:00:00:00:18 11    585  [23,15,4,3,14,21]     00:00:00:00:00:1a    00:00:00:00:00:18 12    585  [23,16,3,4,13,21]     00:00:00:00:00:1a    00:00:00:00:00:18 13    585  [23,16,3,4,14,21]     00:00:00:00:00:1a    00:00:00:00:00:18 14    585  [23,16,4,3,13,21]     00:00:00:00:00:1a    00:00:00:00:00:18 15    585  [23,16,4,3,14,21]  
# h00:00:00:00:00:1a -> h00:00:00:00:00:19
   00:00:00:00:00:1a    00:00:00:00:00:19 0    146  [23,15,22]     00:00:00:00:00:1a    00:00:00:00:00:19 1    146  [23,16,22]     00:00:00:00:00:1a    00:00:00:00:00:19 2    439  [23,15,3,16,22]     00:00:00:00:00:1a    00:00:00:00:00:19 3    439  [23,15,4,16,22]     00:00:00:00:00:1a    00:00:00:00:00:19 4    439  [23,15,24,16,22]     00:00:00:00:00:1a    00:00:00:00:00:19 5    439  [23,16,3,15,22]     00:00:00:00:00:1a    00:00:00:00:00:19 6    439  [23,16,4,15,22]     00:00:00:00:00:1a    00:00:00:00:00:19 7    439  [23,16,24,15,22]     00:00:00:00:00:1a    00:00:00:00:00:19 8    585  [23,15,3,4,16,22]     00:00:00:00:00:1a    00:00:00:00:00:19 9    585  [23,15,4,3,16,22]     00:00:00:00:00:1a    00:00:00:00:00:19 10    585  [23,16,3,4,15,22]     00:00:00:00:00:1a    00:00:00:00:00:19 11    585  [23,16,4,3,15,22]     00:00:00:00:00:1a    00:00:00:00:00:19 12    731  [23,15,3,1,4,16,22]     00:00:00:00:00:1a    00:00:00:00:00:19 13    731  [23,15,3,2,4,16,22]     00:00:00:00:00:1a    00:00:00:00:00:19 14    731  [23,15,3,13,4,16,22]     00:00:00:00:00:1a    00:00:00:00:00:19 15    731  [23,15,3,14,4,16,22]  
# h00:00:00:00:00:1a -> h00:00:00:00:00:0e
   00:00:00:00:00:1a    00:00:00:00:00:0e 0    585  [23,15,3,1,11,38]     00:00:00:00:00:1a    00:00:00:00:00:0e 1    585  [23,15,3,1,12,38]     00:00:00:00:00:1a    00:00:00:00:00:0e 2    585  [23,15,3,2,11,38]     00:00:00:00:00:1a    00:00:00:00:00:0e 3    585  [23,15,3,2,12,38]     00:00:00:00:00:1a    00:00:00:00:00:0e 4    585  [23,15,4,1,11,38]     00:00:00:00:00:1a    00:00:00:00:00:0e 5    585  [23,15,4,1,12,38]     00:00:00:00:00:1a    00:00:00:00:00:0e 6    585  [23,15,4,2,11,38]     00:00:00:00:00:1a    00:00:00:00:00:0e 7    585  [23,15,4,2,12,38]     00:00:00:00:00:1a    00:00:00:00:00:0e 8    585  [23,16,3,1,11,38]     00:00:00:00:00:1a    00:00:00:00:00:0e 9    585  [23,16,3,1,12,38]     00:00:00:00:00:1a    00:00:00:00:00:0e 10    585  [23,16,3,2,11,38]     00:00:00:00:00:1a    00:00:00:00:00:0e 11    585  [23,16,3,2,12,38]     00:00:00:00:00:1a    00:00:00:00:00:0e 12    585  [23,16,4,1,11,38]     00:00:00:00:00:1a    00:00:00:00:00:0e 13    585  [23,16,4,1,12,38]     00:00:00:00:00:1a    00:00:00:00:00:0e 14    585  [23,16,4,2,11,38]     00:00:00:00:00:1a    00:00:00:00:00:0e 15    585  [23,16,4,2,12,38]  
# h00:00:00:00:00:1a -> h00:00:00:00:00:01
   00:00:00:00:00:1a    00:00:00:00:00:01 0    585  [23,15,3,1,5,25]     00:00:00:00:00:1a    00:00:00:00:00:01 1    585  [23,15,3,1,6,25]     00:00:00:00:00:1a    00:00:00:00:00:01 2    585  [23,15,3,2,5,25]     00:00:00:00:00:1a    00:00:00:00:00:01 3    585  [23,15,3,2,6,25]     00:00:00:00:00:1a    00:00:00:00:00:01 4    585  [23,15,4,1,5,25]     00:00:00:00:00:1a    00:00:00:00:00:01 5    585  [23,15,4,1,6,25]     00:00:00:00:00:1a    00:00:00:00:00:01 6    585  [23,15,4,2,5,25]     00:00:00:00:00:1a    00:00:00:00:00:01 7    585  [23,15,4,2,6,25]     00:00:00:00:00:1a    00:00:00:00:00:01 8    585  [23,16,3,1,5,25]     00:00:00:00:00:1a    00:00:00:00:00:01 9    585  [23,16,3,1,6,25]     00:00:00:00:00:1a    00:00:00:00:00:01 10    585  [23,16,3,2,5,25]     00:00:00:00:00:1a    00:00:00:00:00:01 11    585  [23,16,3,2,6,25]     00:00:00:00:00:1a    00:00:00:00:00:01 12    585  [23,16,4,1,5,25]     00:00:00:00:00:1a    00:00:00:00:00:01 13    585  [23,16,4,1,6,25]     00:00:00:00:00:1a    00:00:00:00:00:01 14    585  [23,16,4,2,5,25]     00:00:00:00:00:1a    00:00:00:00:00:01 15    585  [23,16,4,2,6,25]  
# h00:00:00:00:00:1a -> h00:00:00:00:00:14
   00:00:00:00:00:1a    00:00:00:00:00:14 0    439  [23,15,3,17,44]     00:00:00:00:00:1a    00:00:00:00:00:14 1    439  [23,15,3,18,44]     00:00:00:00:00:1a    00:00:00:00:00:14 2    439  [23,15,4,17,44]     00:00:00:00:00:1a    00:00:00:00:00:14 3    439  [23,15,4,18,44]     00:00:00:00:00:1a    00:00:00:00:00:14 4    439  [23,16,3,17,44]     00:00:00:00:00:1a    00:00:00:00:00:14 5    439  [23,16,3,18,44]     00:00:00:00:00:1a    00:00:00:00:00:14 6    439  [23,16,4,17,44]     00:00:00:00:00:1a    00:00:00:00:00:14 7    439  [23,16,4,18,44]     00:00:00:00:00:1a    00:00:00:00:00:14 8    585  [23,15,3,4,17,44]     00:00:00:00:00:1a    00:00:00:00:00:14 9    585  [23,15,3,4,18,44]     00:00:00:00:00:1a    00:00:00:00:00:14 10    585  [23,15,4,3,17,44]     00:00:00:00:00:1a    00:00:00:00:00:14 11    585  [23,15,4,3,18,44]     00:00:00:00:00:1a    00:00:00:00:00:14 12    585  [23,16,3,4,17,44]     00:00:00:00:00:1a    00:00:00:00:00:14 13    585  [23,16,3,4,18,44]     00:00:00:00:00:1a    00:00:00:00:00:14 14    585  [23,16,4,3,17,44]     00:00:00:00:00:1a    00:00:00:00:00:14 15    585  [23,16,4,3,18,44]  
# h00:00:00:00:00:1a -> h00:00:00:00:00:0b
   00:00:00:00:00:1a    00:00:00:00:00:0b 0    585  [23,15,3,1,9,35]     00:00:00:00:00:1a    00:00:00:00:00:0b 1    585  [23,15,3,1,10,35]     00:00:00:00:00:1a    00:00:00:00:00:0b 2    585  [23,15,3,2,9,35]     00:00:00:00:00:1a    00:00:00:00:00:0b 3    585  [23,15,3,2,10,35]     00:00:00:00:00:1a    00:00:00:00:00:0b 4    585  [23,15,4,1,9,35]     00:00:00:00:00:1a    00:00:00:00:00:0b 5    585  [23,15,4,1,10,35]     00:00:00:00:00:1a    00:00:00:00:00:0b 6    585  [23,15,4,2,9,35]     00:00:00:00:00:1a    00:00:00:00:00:0b 7    585  [23,15,4,2,10,35]     00:00:00:00:00:1a    00:00:00:00:00:0b 8    585  [23,16,3,1,9,35]     00:00:00:00:00:1a    00:00:00:00:00:0b 9    585  [23,16,3,1,10,35]     00:00:00:00:00:1a    00:00:00:00:00:0b 10    585  [23,16,3,2,9,35]     00:00:00:00:00:1a    00:00:00:00:00:0b 11    585  [23,16,3,2,10,35]     00:00:00:00:00:1a    00:00:00:00:00:0b 12    585  [23,16,4,1,9,35]     00:00:00:00:00:1a    00:00:00:00:00:0b 13    585  [23,16,4,1,10,35]     00:00:00:00:00:1a    00:00:00:00:00:0b 14    585  [23,16,4,2,9,35]     00:00:00:00:00:1a    00:00:00:00:00:0b 15    585  [23,16,4,2,10,35]  
# h00:00:00:00:00:1a -> h00:00:00:00:00:0a
   00:00:00:00:00:1a    00:00:00:00:00:0a 0    585  [23,15,3,1,9,34]     00:00:00:00:00:1a    00:00:00:00:00:0a 1    585  [23,15,3,1,10,34]     00:00:00:00:00:1a    00:00:00:00:00:0a 2    585  [23,15,3,2,9,34]     00:00:00:00:00:1a    00:00:00:00:00:0a 3    585  [23,15,3,2,10,34]     00:00:00:00:00:1a    00:00:00:00:00:0a 4    585  [23,15,4,1,9,34]     00:00:00:00:00:1a    00:00:00:00:00:0a 5    585  [23,15,4,1,10,34]     00:00:00:00:00:1a    00:00:00:00:00:0a 6    585  [23,15,4,2,9,34]     00:00:00:00:00:1a    00:00:00:00:00:0a 7    585  [23,15,4,2,10,34]     00:00:00:00:00:1a    00:00:00:00:00:0a 8    585  [23,16,3,1,9,34]     00:00:00:00:00:1a    00:00:00:00:00:0a 9    585  [23,16,3,1,10,34]     00:00:00:00:00:1a    00:00:00:00:00:0a 10    585  [23,16,3,2,9,34]     00:00:00:00:00:1a    00:00:00:00:00:0a 11    585  [23,16,3,2,10,34]     00:00:00:00:00:1a    00:00:00:00:00:0a 12    585  [23,16,4,1,9,34]     00:00:00:00:00:1a    00:00:00:00:00:0a 13    585  [23,16,4,1,10,34]     00:00:00:00:00:1a    00:00:00:00:00:0a 14    585  [23,16,4,2,9,34]     00:00:00:00:00:1a    00:00:00:00:00:0a 15    585  [23,16,4,2,10,34]  
# h00:00:00:00:00:1a -> h00:00:00:00:00:0c
   00:00:00:00:00:1a    00:00:00:00:00:0c 0    585  [23,15,3,1,9,36]     00:00:00:00:00:1a    00:00:00:00:00:0c 1    585  [23,15,3,1,10,36]     00:00:00:00:00:1a    00:00:00:00:00:0c 2    585  [23,15,3,2,9,36]     00:00:00:00:00:1a    00:00:00:00:00:0c 3    585  [23,15,3,2,10,36]     00:00:00:00:00:1a    00:00:00:00:00:0c 4    585  [23,15,4,1,9,36]     00:00:00:00:00:1a    00:00:00:00:00:0c 5    585  [23,15,4,1,10,36]     00:00:00:00:00:1a    00:00:00:00:00:0c 6    585  [23,15,4,2,9,36]     00:00:00:00:00:1a    00:00:00:00:00:0c 7    585  [23,15,4,2,10,36]     00:00:00:00:00:1a    00:00:00:00:00:0c 8    585  [23,16,3,1,9,36]     00:00:00:00:00:1a    00:00:00:00:00:0c 9    585  [23,16,3,1,10,36]     00:00:00:00:00:1a    00:00:00:00:00:0c 10    585  [23,16,3,2,9,36]     00:00:00:00:00:1a    00:00:00:00:00:0c 11    585  [23,16,3,2,10,36]     00:00:00:00:00:1a    00:00:00:00:00:0c 12    585  [23,16,4,1,9,36]     00:00:00:00:00:1a    00:00:00:00:00:0c 13    585  [23,16,4,1,10,36]     00:00:00:00:00:1a    00:00:00:00:00:0c 14    585  [23,16,4,2,9,36]     00:00:00:00:00:1a    00:00:00:00:00:0c 15    585  [23,16,4,2,10,36]  
# h00:00:00:00:00:1a -> h00:00:00:00:00:0d
   00:00:00:00:00:1a    00:00:00:00:00:0d 0    585  [23,15,3,1,11,37]     00:00:00:00:00:1a    00:00:00:00:00:0d 1    585  [23,15,3,1,12,37]     00:00:00:00:00:1a    00:00:00:00:00:0d 2    585  [23,15,3,2,11,37]     00:00:00:00:00:1a    00:00:00:00:00:0d 3    585  [23,15,3,2,12,37]     00:00:00:00:00:1a    00:00:00:00:00:0d 4    585  [23,15,4,1,11,37]     00:00:00:00:00:1a    00:00:00:00:00:0d 5    585  [23,15,4,1,12,37]     00:00:00:00:00:1a    00:00:00:00:00:0d 6    585  [23,15,4,2,11,37]     00:00:00:00:00:1a    00:00:00:00:00:0d 7    585  [23,15,4,2,12,37]     00:00:00:00:00:1a    00:00:00:00:00:0d 8    585  [23,16,3,1,11,37]     00:00:00:00:00:1a    00:00:00:00:00:0d 9    585  [23,16,3,1,12,37]     00:00:00:00:00:1a    00:00:00:00:00:0d 10    585  [23,16,3,2,11,37]     00:00:00:00:00:1a    00:00:00:00:00:0d 11    585  [23,16,3,2,12,37]     00:00:00:00:00:1a    00:00:00:00:00:0d 12    585  [23,16,4,1,11,37]     00:00:00:00:00:1a    00:00:00:00:00:0d 13    585  [23,16,4,1,12,37]     00:00:00:00:00:1a    00:00:00:00:00:0d 14    585  [23,16,4,2,11,37]     00:00:00:00:00:1a    00:00:00:00:00:0d 15    585  [23,16,4,2,12,37]  
# h00:00:00:00:00:1a -> h00:00:00:00:00:03
   00:00:00:00:00:1a    00:00:00:00:00:03 0    585  [23,15,3,1,5,27]     00:00:00:00:00:1a    00:00:00:00:00:03 1    585  [23,15,3,1,6,27]     00:00:00:00:00:1a    00:00:00:00:00:03 2    585  [23,15,3,2,5,27]     00:00:00:00:00:1a    00:00:00:00:00:03 3    585  [23,15,3,2,6,27]     00:00:00:00:00:1a    00:00:00:00:00:03 4    585  [23,15,4,1,5,27]     00:00:00:00:00:1a    00:00:00:00:00:03 5    585  [23,15,4,1,6,27]     00:00:00:00:00:1a    00:00:00:00:00:03 6    585  [23,15,4,2,5,27]     00:00:00:00:00:1a    00:00:00:00:00:03 7    585  [23,15,4,2,6,27]     00:00:00:00:00:1a    00:00:00:00:00:03 8    585  [23,16,3,1,5,27]     00:00:00:00:00:1a    00:00:00:00:00:03 9    585  [23,16,3,1,6,27]     00:00:00:00:00:1a    00:00:00:00:00:03 10    585  [23,16,3,2,5,27]     00:00:00:00:00:1a    00:00:00:00:00:03 11    585  [23,16,3,2,6,27]     00:00:00:00:00:1a    00:00:00:00:00:03 12    585  [23,16,4,1,5,27]     00:00:00:00:00:1a    00:00:00:00:00:03 13    585  [23,16,4,1,6,27]     00:00:00:00:00:1a    00:00:00:00:00:03 14    585  [23,16,4,2,5,27]     00:00:00:00:00:1a    00:00:00:00:00:03 15    585  [23,16,4,2,6,27]  
# h00:00:00:00:00:1a -> h00:00:00:00:00:11
   00:00:00:00:00:1a    00:00:00:00:00:11 0    439  [23,15,3,17,41]     00:00:00:00:00:1a    00:00:00:00:00:11 1    439  [23,15,3,18,41]     00:00:00:00:00:1a    00:00:00:00:00:11 2    439  [23,15,4,17,41]     00:00:00:00:00:1a    00:00:00:00:00:11 3    439  [23,15,4,18,41]     00:00:00:00:00:1a    00:00:00:00:00:11 4    439  [23,16,3,17,41]     00:00:00:00:00:1a    00:00:00:00:00:11 5    439  [23,16,3,18,41]     00:00:00:00:00:1a    00:00:00:00:00:11 6    439  [23,16,4,17,41]     00:00:00:00:00:1a    00:00:00:00:00:11 7    439  [23,16,4,18,41]     00:00:00:00:00:1a    00:00:00:00:00:11 8    585  [23,15,3,4,17,41]     00:00:00:00:00:1a    00:00:00:00:00:11 9    585  [23,15,3,4,18,41]     00:00:00:00:00:1a    00:00:00:00:00:11 10    585  [23,15,4,3,17,41]     00:00:00:00:00:1a    00:00:00:00:00:11 11    585  [23,15,4,3,18,41]     00:00:00:00:00:1a    00:00:00:00:00:11 12    585  [23,16,3,4,17,41]     00:00:00:00:00:1a    00:00:00:00:00:11 13    585  [23,16,3,4,18,41]     00:00:00:00:00:1a    00:00:00:00:00:11 14    585  [23,16,4,3,17,41]     00:00:00:00:00:1a    00:00:00:00:00:11 15    585  [23,16,4,3,18,41]  
# h00:00:00:00:00:1a -> h00:00:00:00:00:02
   00:00:00:00:00:1a    00:00:00:00:00:02 0    585  [23,15,3,1,5,26]     00:00:00:00:00:1a    00:00:00:00:00:02 1    585  [23,15,3,1,6,26]     00:00:00:00:00:1a    00:00:00:00:00:02 2    585  [23,15,3,2,5,26]     00:00:00:00:00:1a    00:00:00:00:00:02 3    585  [23,15,3,2,6,26]     00:00:00:00:00:1a    00:00:00:00:00:02 4    585  [23,15,4,1,5,26]     00:00:00:00:00:1a    00:00:00:00:00:02 5    585  [23,15,4,1,6,26]     00:00:00:00:00:1a    00:00:00:00:00:02 6    585  [23,15,4,2,5,26]     00:00:00:00:00:1a    00:00:00:00:00:02 7    585  [23,15,4,2,6,26]     00:00:00:00:00:1a    00:00:00:00:00:02 8    585  [23,16,3,1,5,26]     00:00:00:00:00:1a    00:00:00:00:00:02 9    585  [23,16,3,1,6,26]     00:00:00:00:00:1a    00:00:00:00:00:02 10    585  [23,16,3,2,5,26]     00:00:00:00:00:1a    00:00:00:00:00:02 11    585  [23,16,3,2,6,26]     00:00:00:00:00:1a    00:00:00:00:00:02 12    585  [23,16,4,1,5,26]     00:00:00:00:00:1a    00:00:00:00:00:02 13    585  [23,16,4,1,6,26]     00:00:00:00:00:1a    00:00:00:00:00:02 14    585  [23,16,4,2,5,26]     00:00:00:00:00:1a    00:00:00:00:00:02 15    585  [23,16,4,2,6,26]  
# h00:00:00:00:00:1a -> h00:00:00:00:00:0f
   00:00:00:00:00:1a    00:00:00:00:00:0f 0    585  [23,15,3,1,11,39]     00:00:00:00:00:1a    00:00:00:00:00:0f 1    585  [23,15,3,1,12,39]     00:00:00:00:00:1a    00:00:00:00:00:0f 2    585  [23,15,3,2,11,39]     00:00:00:00:00:1a    00:00:00:00:00:0f 3    585  [23,15,3,2,12,39]     00:00:00:00:00:1a    00:00:00:00:00:0f 4    585  [23,15,4,1,11,39]     00:00:00:00:00:1a    00:00:00:00:00:0f 5    585  [23,15,4,1,12,39]     00:00:00:00:00:1a    00:00:00:00:00:0f 6    585  [23,15,4,2,11,39]     00:00:00:00:00:1a    00:00:00:00:00:0f 7    585  [23,15,4,2,12,39]     00:00:00:00:00:1a    00:00:00:00:00:0f 8    585  [23,16,3,1,11,39]     00:00:00:00:00:1a    00:00:00:00:00:0f 9    585  [23,16,3,1,12,39]     00:00:00:00:00:1a    00:00:00:00:00:0f 10    585  [23,16,3,2,11,39]     00:00:00:00:00:1a    00:00:00:00:00:0f 11    585  [23,16,3,2,12,39]     00:00:00:00:00:1a    00:00:00:00:00:0f 12    585  [23,16,4,1,11,39]     00:00:00:00:00:1a    00:00:00:00:00:0f 13    585  [23,16,4,1,12,39]     00:00:00:00:00:1a    00:00:00:00:00:0f 14    585  [23,16,4,2,11,39]     00:00:00:00:00:1a    00:00:00:00:00:0f 15    585  [23,16,4,2,12,39]  
# h00:00:00:00:00:1a -> h00:00:00:00:00:12
   00:00:00:00:00:1a    00:00:00:00:00:12 0    439  [23,15,3,17,42]     00:00:00:00:00:1a    00:00:00:00:00:12 1    439  [23,15,3,18,42]     00:00:00:00:00:1a    00:00:00:00:00:12 2    439  [23,15,4,17,42]     00:00:00:00:00:1a    00:00:00:00:00:12 3    439  [23,15,4,18,42]     00:00:00:00:00:1a    00:00:00:00:00:12 4    439  [23,16,3,17,42]     00:00:00:00:00:1a    00:00:00:00:00:12 5    439  [23,16,3,18,42]     00:00:00:00:00:1a    00:00:00:00:00:12 6    439  [23,16,4,17,42]     00:00:00:00:00:1a    00:00:00:00:00:12 7    439  [23,16,4,18,42]     00:00:00:00:00:1a    00:00:00:00:00:12 8    585  [23,15,3,4,17,42]     00:00:00:00:00:1a    00:00:00:00:00:12 9    585  [23,15,3,4,18,42]     00:00:00:00:00:1a    00:00:00:00:00:12 10    585  [23,15,4,3,17,42]     00:00:00:00:00:1a    00:00:00:00:00:12 11    585  [23,15,4,3,18,42]     00:00:00:00:00:1a    00:00:00:00:00:12 12    585  [23,16,3,4,17,42]     00:00:00:00:00:1a    00:00:00:00:00:12 13    585  [23,16,3,4,18,42]     00:00:00:00:00:1a    00:00:00:00:00:12 14    585  [23,16,4,3,17,42]     00:00:00:00:00:1a    00:00:00:00:00:12 15    585  [23,16,4,3,18,42]  
# h00:00:00:00:00:1a -> h00:00:00:00:00:15
   00:00:00:00:00:1a    00:00:00:00:00:15 0    439  [23,15,3,17,45]     00:00:00:00:00:1a    00:00:00:00:00:15 1    439  [23,15,3,18,45]     00:00:00:00:00:1a    00:00:00:00:00:15 2    439  [23,15,4,17,45]     00:00:00:00:00:1a    00:00:00:00:00:15 3    439  [23,15,4,18,45]     00:00:00:00:00:1a    00:00:00:00:00:15 4    439  [23,16,3,17,45]     00:00:00:00:00:1a    00:00:00:00:00:15 5    439  [23,16,3,18,45]     00:00:00:00:00:1a    00:00:00:00:00:15 6    439  [23,16,4,17,45]     00:00:00:00:00:1a    00:00:00:00:00:15 7    439  [23,16,4,18,45]     00:00:00:00:00:1a    00:00:00:00:00:15 8    585  [23,15,3,4,17,45]     00:00:00:00:00:1a    00:00:00:00:00:15 9    585  [23,15,3,4,18,45]     00:00:00:00:00:1a    00:00:00:00:00:15 10    585  [23,15,4,3,17,45]     00:00:00:00:00:1a    00:00:00:00:00:15 11    585  [23,15,4,3,18,45]     00:00:00:00:00:1a    00:00:00:00:00:15 12    585  [23,16,3,4,17,45]     00:00:00:00:00:1a    00:00:00:00:00:15 13    585  [23,16,3,4,18,45]     00:00:00:00:00:1a    00:00:00:00:00:15 14    585  [23,16,4,3,17,45]     00:00:00:00:00:1a    00:00:00:00:00:15 15    585  [23,16,4,3,18,45]  
# h00:00:00:00:00:1a -> h00:00:00:00:00:13
   00:00:00:00:00:1a    00:00:00:00:00:13 0    439  [23,15,3,17,43]     00:00:00:00:00:1a    00:00:00:00:00:13 1    439  [23,15,3,18,43]     00:00:00:00:00:1a    00:00:00:00:00:13 2    439  [23,15,4,17,43]     00:00:00:00:00:1a    00:00:00:00:00:13 3    439  [23,15,4,18,43]     00:00:00:00:00:1a    00:00:00:00:00:13 4    439  [23,16,3,17,43]     00:00:00:00:00:1a    00:00:00:00:00:13 5    439  [23,16,3,18,43]     00:00:00:00:00:1a    00:00:00:00:00:13 6    439  [23,16,4,17,43]     00:00:00:00:00:1a    00:00:00:00:00:13 7    439  [23,16,4,18,43]     00:00:00:00:00:1a    00:00:00:00:00:13 8    585  [23,15,3,4,17,43]     00:00:00:00:00:1a    00:00:00:00:00:13 9    585  [23,15,3,4,18,43]     00:00:00:00:00:1a    00:00:00:00:00:13 10    585  [23,15,4,3,17,43]     00:00:00:00:00:1a    00:00:00:00:00:13 11    585  [23,15,4,3,18,43]     00:00:00:00:00:1a    00:00:00:00:00:13 12    585  [23,16,3,4,17,43]     00:00:00:00:00:1a    00:00:00:00:00:13 13    585  [23,16,3,4,18,43]     00:00:00:00:00:1a    00:00:00:00:00:13 14    585  [23,16,4,3,17,43]     00:00:00:00:00:1a    00:00:00:00:00:13 15    585  [23,16,4,3,18,43]  
# h00:00:00:00:00:10 -> h00:00:00:00:00:16
   00:00:00:00:00:10    00:00:00:00:00:16 0    585  [40,11,1,3,13,19]     00:00:00:00:00:10    00:00:00:00:00:16 1    585  [40,11,1,3,14,19]     00:00:00:00:00:10    00:00:00:00:00:16 2    585  [40,11,1,4,13,19]     00:00:00:00:00:10    00:00:00:00:00:16 3    585  [40,11,1,4,14,19]     00:00:00:00:00:10    00:00:00:00:00:16 4    585  [40,11,2,3,13,19]     00:00:00:00:00:10    00:00:00:00:00:16 5    585  [40,11,2,3,14,19]     00:00:00:00:00:10    00:00:00:00:00:16 6    585  [40,11,2,4,13,19]     00:00:00:00:00:10    00:00:00:00:00:16 7    585  [40,11,2,4,14,19]     00:00:00:00:00:10    00:00:00:00:00:16 8    585  [40,12,1,3,13,19]     00:00:00:00:00:10    00:00:00:00:00:16 9    585  [40,12,1,3,14,19]     00:00:00:00:00:10    00:00:00:00:00:16 10    585  [40,12,1,4,13,19]     00:00:00:00:00:10    00:00:00:00:00:16 11    585  [40,12,1,4,14,19]     00:00:00:00:00:10    00:00:00:00:00:16 12    585  [40,12,2,3,13,19]     00:00:00:00:00:10    00:00:00:00:00:16 13    585  [40,12,2,3,14,19]     00:00:00:00:00:10    00:00:00:00:00:16 14    585  [40,12,2,4,13,19]     00:00:00:00:00:10    00:00:00:00:00:16 15    585  [40,12,2,4,14,19]  
# h00:00:00:00:00:10 -> h00:00:00:00:00:06
   00:00:00:00:00:10    00:00:00:00:00:06 0    439  [40,11,1,7,30]     00:00:00:00:00:10    00:00:00:00:00:06 1    439  [40,11,1,8,30]     00:00:00:00:00:10    00:00:00:00:00:06 2    439  [40,11,2,7,30]     00:00:00:00:00:10    00:00:00:00:00:06 3    439  [40,11,2,8,30]     00:00:00:00:00:10    00:00:00:00:00:06 4    439  [40,12,1,7,30]     00:00:00:00:00:10    00:00:00:00:00:06 5    439  [40,12,1,8,30]     00:00:00:00:00:10    00:00:00:00:00:06 6    439  [40,12,2,7,30]     00:00:00:00:00:10    00:00:00:00:00:06 7    439  [40,12,2,8,30]     00:00:00:00:00:10    00:00:00:00:00:06 8    585  [40,11,1,2,7,30]     00:00:00:00:00:10    00:00:00:00:00:06 9    585  [40,11,1,2,8,30]     00:00:00:00:00:10    00:00:00:00:00:06 10    585  [40,11,2,1,7,30]     00:00:00:00:00:10    00:00:00:00:00:06 11    585  [40,11,2,1,8,30]     00:00:00:00:00:10    00:00:00:00:00:06 12    585  [40,12,1,2,7,30]     00:00:00:00:00:10    00:00:00:00:00:06 13    585  [40,12,1,2,8,30]     00:00:00:00:00:10    00:00:00:00:00:06 14    585  [40,12,2,1,7,30]     00:00:00:00:00:10    00:00:00:00:00:06 15    585  [40,12,2,1,8,30]  
# h00:00:00:00:00:10 -> h00:00:00:00:00:07
   00:00:00:00:00:10    00:00:00:00:00:07 0    439  [40,11,1,7,31]     00:00:00:00:00:10    00:00:00:00:00:07 1    439  [40,11,1,8,31]     00:00:00:00:00:10    00:00:00:00:00:07 2    439  [40,11,2,7,31]     00:00:00:00:00:10    00:00:00:00:00:07 3    439  [40,11,2,8,31]     00:00:00:00:00:10    00:00:00:00:00:07 4    439  [40,12,1,7,31]     00:00:00:00:00:10    00:00:00:00:00:07 5    439  [40,12,1,8,31]     00:00:00:00:00:10    00:00:00:00:00:07 6    439  [40,12,2,7,31]     00:00:00:00:00:10    00:00:00:00:00:07 7    439  [40,12,2,8,31]     00:00:00:00:00:10    00:00:00:00:00:07 8    585  [40,11,1,2,7,31]     00:00:00:00:00:10    00:00:00:00:00:07 9    585  [40,11,1,2,8,31]     00:00:00:00:00:10    00:00:00:00:00:07 10    585  [40,11,2,1,7,31]     00:00:00:00:00:10    00:00:00:00:00:07 11    585  [40,11,2,1,8,31]     00:00:00:00:00:10    00:00:00:00:00:07 12    585  [40,12,1,2,7,31]     00:00:00:00:00:10    00:00:00:00:00:07 13    585  [40,12,1,2,8,31]     00:00:00:00:00:10    00:00:00:00:00:07 14    585  [40,12,2,1,7,31]     00:00:00:00:00:10    00:00:00:00:00:07 15    585  [40,12,2,1,8,31]  
# h00:00:00:00:00:10 -> h00:00:00:00:00:1b
   00:00:00:00:00:10    00:00:00:00:00:1b 0    585  [40,11,1,3,15,24]     00:00:00:00:00:10    00:00:00:00:00:1b 1    585  [40,11,1,3,16,24]     00:00:00:00:00:10    00:00:00:00:00:1b 2    585  [40,11,1,4,15,24]     00:00:00:00:00:10    00:00:00:00:00:1b 3    585  [40,11,1,4,16,24]     00:00:00:00:00:10    00:00:00:00:00:1b 4    585  [40,11,2,3,15,24]     00:00:00:00:00:10    00:00:00:00:00:1b 5    585  [40,11,2,3,16,24]     00:00:00:00:00:10    00:00:00:00:00:1b 6    585  [40,11,2,4,15,24]     00:00:00:00:00:10    00:00:00:00:00:1b 7    585  [40,11,2,4,16,24]     00:00:00:00:00:10    00:00:00:00:00:1b 8    585  [40,12,1,3,15,24]     00:00:00:00:00:10    00:00:00:00:00:1b 9    585  [40,12,1,3,16,24]     00:00:00:00:00:10    00:00:00:00:00:1b 10    585  [40,12,1,4,15,24]     00:00:00:00:00:10    00:00:00:00:00:1b 11    585  [40,12,1,4,16,24]     00:00:00:00:00:10    00:00:00:00:00:1b 12    585  [40,12,2,3,15,24]     00:00:00:00:00:10    00:00:00:00:00:1b 13    585  [40,12,2,3,16,24]     00:00:00:00:00:10    00:00:00:00:00:1b 14    585  [40,12,2,4,15,24]     00:00:00:00:00:10    00:00:00:00:00:1b 15    585  [40,12,2,4,16,24]  
# h00:00:00:00:00:10 -> h00:00:00:00:00:17
   00:00:00:00:00:10    00:00:00:00:00:17 0    585  [40,11,1,3,13,20]     00:00:00:00:00:10    00:00:00:00:00:17 1    585  [40,11,1,3,14,20]     00:00:00:00:00:10    00:00:00:00:00:17 2    585  [40,11,1,4,13,20]     00:00:00:00:00:10    00:00:00:00:00:17 3    585  [40,11,1,4,14,20]     00:00:00:00:00:10    00:00:00:00:00:17 4    585  [40,11,2,3,13,20]     00:00:00:00:00:10    00:00:00:00:00:17 5    585  [40,11,2,3,14,20]     00:00:00:00:00:10    00:00:00:00:00:17 6    585  [40,11,2,4,13,20]     00:00:00:00:00:10    00:00:00:00:00:17 7    585  [40,11,2,4,14,20]     00:00:00:00:00:10    00:00:00:00:00:17 8    585  [40,12,1,3,13,20]     00:00:00:00:00:10    00:00:00:00:00:17 9    585  [40,12,1,3,14,20]     00:00:00:00:00:10    00:00:00:00:00:17 10    585  [40,12,1,4,13,20]     00:00:00:00:00:10    00:00:00:00:00:17 11    585  [40,12,1,4,14,20]     00:00:00:00:00:10    00:00:00:00:00:17 12    585  [40,12,2,3,13,20]     00:00:00:00:00:10    00:00:00:00:00:17 13    585  [40,12,2,3,14,20]     00:00:00:00:00:10    00:00:00:00:00:17 14    585  [40,12,2,4,13,20]     00:00:00:00:00:10    00:00:00:00:00:17 15    585  [40,12,2,4,14,20]  
# h00:00:00:00:00:10 -> h00:00:00:00:00:09
   00:00:00:00:00:10    00:00:00:00:00:09 0    439  [40,11,1,9,33]     00:00:00:00:00:10    00:00:00:00:00:09 1    439  [40,11,1,10,33]     00:00:00:00:00:10    00:00:00:00:00:09 2    439  [40,11,2,9,33]     00:00:00:00:00:10    00:00:00:00:00:09 3    439  [40,11,2,10,33]     00:00:00:00:00:10    00:00:00:00:00:09 4    439  [40,12,1,9,33]     00:00:00:00:00:10    00:00:00:00:00:09 5    439  [40,12,1,10,33]     00:00:00:00:00:10    00:00:00:00:00:09 6    439  [40,12,2,9,33]     00:00:00:00:00:10    00:00:00:00:00:09 7    439  [40,12,2,10,33]     00:00:00:00:00:10    00:00:00:00:00:09 8    585  [40,11,1,2,9,33]     00:00:00:00:00:10    00:00:00:00:00:09 9    585  [40,11,1,2,10,33]     00:00:00:00:00:10    00:00:00:00:00:09 10    585  [40,11,2,1,9,33]     00:00:00:00:00:10    00:00:00:00:00:09 11    585  [40,11,2,1,10,33]     00:00:00:00:00:10    00:00:00:00:00:09 12    585  [40,12,1,2,9,33]     00:00:00:00:00:10    00:00:00:00:00:09 13    585  [40,12,1,2,10,33]     00:00:00:00:00:10    00:00:00:00:00:09 14    585  [40,12,2,1,9,33]     00:00:00:00:00:10    00:00:00:00:00:09 15    585  [40,12,2,1,10,33]  
# h00:00:00:00:00:10 -> h00:00:00:00:00:05
   00:00:00:00:00:10    00:00:00:00:00:05 0    439  [40,11,1,7,29]     00:00:00:00:00:10    00:00:00:00:00:05 1    439  [40,11,1,8,29]     00:00:00:00:00:10    00:00:00:00:00:05 2    439  [40,11,2,7,29]     00:00:00:00:00:10    00:00:00:00:00:05 3    439  [40,11,2,8,29]     00:00:00:00:00:10    00:00:00:00:00:05 4    439  [40,12,1,7,29]     00:00:00:00:00:10    00:00:00:00:00:05 5    439  [40,12,1,8,29]     00:00:00:00:00:10    00:00:00:00:00:05 6    439  [40,12,2,7,29]     00:00:00:00:00:10    00:00:00:00:00:05 7    439  [40,12,2,8,29]     00:00:00:00:00:10    00:00:00:00:00:05 8    585  [40,11,1,2,7,29]     00:00:00:00:00:10    00:00:00:00:00:05 9    585  [40,11,1,2,8,29]     00:00:00:00:00:10    00:00:00:00:00:05 10    585  [40,11,2,1,7,29]     00:00:00:00:00:10    00:00:00:00:00:05 11    585  [40,11,2,1,8,29]     00:00:00:00:00:10    00:00:00:00:00:05 12    585  [40,12,1,2,7,29]     00:00:00:00:00:10    00:00:00:00:00:05 13    585  [40,12,1,2,8,29]     00:00:00:00:00:10    00:00:00:00:00:05 14    585  [40,12,2,1,7,29]     00:00:00:00:00:10    00:00:00:00:00:05 15    585  [40,12,2,1,8,29]  
# h00:00:00:00:00:10 -> h00:00:00:00:00:08
   00:00:00:00:00:10    00:00:00:00:00:08 0    439  [40,11,1,7,32]     00:00:00:00:00:10    00:00:00:00:00:08 1    439  [40,11,1,8,32]     00:00:00:00:00:10    00:00:00:00:00:08 2    439  [40,11,2,7,32]     00:00:00:00:00:10    00:00:00:00:00:08 3    439  [40,11,2,8,32]     00:00:00:00:00:10    00:00:00:00:00:08 4    439  [40,12,1,7,32]     00:00:00:00:00:10    00:00:00:00:00:08 5    439  [40,12,1,8,32]     00:00:00:00:00:10    00:00:00:00:00:08 6    439  [40,12,2,7,32]     00:00:00:00:00:10    00:00:00:00:00:08 7    439  [40,12,2,8,32]     00:00:00:00:00:10    00:00:00:00:00:08 8    585  [40,11,1,2,7,32]     00:00:00:00:00:10    00:00:00:00:00:08 9    585  [40,11,1,2,8,32]     00:00:00:00:00:10    00:00:00:00:00:08 10    585  [40,11,2,1,7,32]     00:00:00:00:00:10    00:00:00:00:00:08 11    585  [40,11,2,1,8,32]     00:00:00:00:00:10    00:00:00:00:00:08 12    585  [40,12,1,2,7,32]     00:00:00:00:00:10    00:00:00:00:00:08 13    585  [40,12,1,2,8,32]     00:00:00:00:00:10    00:00:00:00:00:08 14    585  [40,12,2,1,7,32]     00:00:00:00:00:10    00:00:00:00:00:08 15    585  [40,12,2,1,8,32]  
# h00:00:00:00:00:10 -> h00:00:00:00:00:04
   00:00:00:00:00:10    00:00:00:00:00:04 0    439  [40,11,1,5,28]     00:00:00:00:00:10    00:00:00:00:00:04 1    439  [40,11,1,6,28]     00:00:00:00:00:10    00:00:00:00:00:04 2    439  [40,11,2,5,28]     00:00:00:00:00:10    00:00:00:00:00:04 3    439  [40,11,2,6,28]     00:00:00:00:00:10    00:00:00:00:00:04 4    439  [40,12,1,5,28]     00:00:00:00:00:10    00:00:00:00:00:04 5    439  [40,12,1,6,28]     00:00:00:00:00:10    00:00:00:00:00:04 6    439  [40,12,2,5,28]     00:00:00:00:00:10    00:00:00:00:00:04 7    439  [40,12,2,6,28]     00:00:00:00:00:10    00:00:00:00:00:04 8    585  [40,11,1,2,5,28]     00:00:00:00:00:10    00:00:00:00:00:04 9    585  [40,11,1,2,6,28]     00:00:00:00:00:10    00:00:00:00:00:04 10    585  [40,11,2,1,5,28]     00:00:00:00:00:10    00:00:00:00:00:04 11    585  [40,11,2,1,6,28]     00:00:00:00:00:10    00:00:00:00:00:04 12    585  [40,12,1,2,5,28]     00:00:00:00:00:10    00:00:00:00:00:04 13    585  [40,12,1,2,6,28]     00:00:00:00:00:10    00:00:00:00:00:04 14    585  [40,12,2,1,5,28]     00:00:00:00:00:10    00:00:00:00:00:04 15    585  [40,12,2,1,6,28]  
# h00:00:00:00:00:10 -> h00:00:00:00:00:1a
   00:00:00:00:00:10    00:00:00:00:00:1a 0    585  [40,11,1,3,15,23]     00:00:00:00:00:10    00:00:00:00:00:1a 1    585  [40,11,1,3,16,23]     00:00:00:00:00:10    00:00:00:00:00:1a 2    585  [40,11,1,4,15,23]     00:00:00:00:00:10    00:00:00:00:00:1a 3    585  [40,11,1,4,16,23]     00:00:00:00:00:10    00:00:00:00:00:1a 4    585  [40,11,2,3,15,23]     00:00:00:00:00:10    00:00:00:00:00:1a 5    585  [40,11,2,3,16,23]     00:00:00:00:00:10    00:00:00:00:00:1a 6    585  [40,11,2,4,15,23]     00:00:00:00:00:10    00:00:00:00:00:1a 7    585  [40,11,2,4,16,23]     00:00:00:00:00:10    00:00:00:00:00:1a 8    585  [40,12,1,3,15,23]     00:00:00:00:00:10    00:00:00:00:00:1a 9    585  [40,12,1,3,16,23]     00:00:00:00:00:10    00:00:00:00:00:1a 10    585  [40,12,1,4,15,23]     00:00:00:00:00:10    00:00:00:00:00:1a 11    585  [40,12,1,4,16,23]     00:00:00:00:00:10    00:00:00:00:00:1a 12    585  [40,12,2,3,15,23]     00:00:00:00:00:10    00:00:00:00:00:1a 13    585  [40,12,2,3,16,23]     00:00:00:00:00:10    00:00:00:00:00:1a 14    585  [40,12,2,4,15,23]     00:00:00:00:00:10    00:00:00:00:00:1a 15    585  [40,12,2,4,16,23]  
# h00:00:00:00:00:10 -> h00:00:00:00:00:18
   00:00:00:00:00:10    00:00:00:00:00:18 0    585  [40,11,1,3,13,21]     00:00:00:00:00:10    00:00:00:00:00:18 1    585  [40,11,1,3,14,21]     00:00:00:00:00:10    00:00:00:00:00:18 2    585  [40,11,1,4,13,21]     00:00:00:00:00:10    00:00:00:00:00:18 3    585  [40,11,1,4,14,21]     00:00:00:00:00:10    00:00:00:00:00:18 4    585  [40,11,2,3,13,21]     00:00:00:00:00:10    00:00:00:00:00:18 5    585  [40,11,2,3,14,21]     00:00:00:00:00:10    00:00:00:00:00:18 6    585  [40,11,2,4,13,21]     00:00:00:00:00:10    00:00:00:00:00:18 7    585  [40,11,2,4,14,21]     00:00:00:00:00:10    00:00:00:00:00:18 8    585  [40,12,1,3,13,21]     00:00:00:00:00:10    00:00:00:00:00:18 9    585  [40,12,1,3,14,21]     00:00:00:00:00:10    00:00:00:00:00:18 10    585  [40,12,1,4,13,21]     00:00:00:00:00:10    00:00:00:00:00:18 11    585  [40,12,1,4,14,21]     00:00:00:00:00:10    00:00:00:00:00:18 12    585  [40,12,2,3,13,21]     00:00:00:00:00:10    00:00:00:00:00:18 13    585  [40,12,2,3,14,21]     00:00:00:00:00:10    00:00:00:00:00:18 14    585  [40,12,2,4,13,21]     00:00:00:00:00:10    00:00:00:00:00:18 15    585  [40,12,2,4,14,21]  
# h00:00:00:00:00:10 -> h00:00:00:00:00:19
   00:00:00:00:00:10    00:00:00:00:00:19 0    585  [40,11,1,3,15,22]     00:00:00:00:00:10    00:00:00:00:00:19 1    585  [40,11,1,3,16,22]     00:00:00:00:00:10    00:00:00:00:00:19 2    585  [40,11,1,4,15,22]     00:00:00:00:00:10    00:00:00:00:00:19 3    585  [40,11,1,4,16,22]     00:00:00:00:00:10    00:00:00:00:00:19 4    585  [40,11,2,3,15,22]     00:00:00:00:00:10    00:00:00:00:00:19 5    585  [40,11,2,3,16,22]     00:00:00:00:00:10    00:00:00:00:00:19 6    585  [40,11,2,4,15,22]     00:00:00:00:00:10    00:00:00:00:00:19 7    585  [40,11,2,4,16,22]     00:00:00:00:00:10    00:00:00:00:00:19 8    585  [40,12,1,3,15,22]     00:00:00:00:00:10    00:00:00:00:00:19 9    585  [40,12,1,3,16,22]     00:00:00:00:00:10    00:00:00:00:00:19 10    585  [40,12,1,4,15,22]     00:00:00:00:00:10    00:00:00:00:00:19 11    585  [40,12,1,4,16,22]     00:00:00:00:00:10    00:00:00:00:00:19 12    585  [40,12,2,3,15,22]     00:00:00:00:00:10    00:00:00:00:00:19 13    585  [40,12,2,3,16,22]     00:00:00:00:00:10    00:00:00:00:00:19 14    585  [40,12,2,4,15,22]     00:00:00:00:00:10    00:00:00:00:00:19 15    585  [40,12,2,4,16,22]  
# h00:00:00:00:00:10 -> h00:00:00:00:00:0e
   00:00:00:00:00:10    00:00:00:00:00:0e 0    146  [40,11,38]     00:00:00:00:00:10    00:00:00:00:00:0e 1    146  [40,12,38]     00:00:00:00:00:10    00:00:00:00:00:0e 2    439  [40,11,1,12,38]     00:00:00:00:00:10    00:00:00:00:00:0e 3    439  [40,11,2,12,38]     00:00:00:00:00:10    00:00:00:00:00:0e 4    439  [40,11,37,12,38]     00:00:00:00:00:10    00:00:00:00:00:0e 5    439  [40,11,39,12,38]     00:00:00:00:00:10    00:00:00:00:00:0e 6    439  [40,12,1,11,38]     00:00:00:00:00:10    00:00:00:00:00:0e 7    439  [40,12,2,11,38]     00:00:00:00:00:10    00:00:00:00:00:0e 8    439  [40,12,37,11,38]     00:00:00:00:00:10    00:00:00:00:00:0e 9    439  [40,12,39,11,38]     00:00:00:00:00:10    00:00:00:00:00:0e 10    585  [40,11,1,2,12,38]     00:00:00:00:00:10    00:00:00:00:00:0e 11    585  [40,11,2,1,12,38]     00:00:00:00:00:10    00:00:00:00:00:0e 12    585  [40,12,1,2,11,38]     00:00:00:00:00:10    00:00:00:00:00:0e 13    585  [40,12,2,1,11,38]     00:00:00:00:00:10    00:00:00:00:00:0e 14    731  [40,11,1,3,2,12,38]     00:00:00:00:00:10    00:00:00:00:00:0e 15    731  [40,11,1,4,2,12,38]  
# h00:00:00:00:00:10 -> h00:00:00:00:00:01
   00:00:00:00:00:10    00:00:00:00:00:01 0    439  [40,11,1,5,25]     00:00:00:00:00:10    00:00:00:00:00:01 1    439  [40,11,1,6,25]     00:00:00:00:00:10    00:00:00:00:00:01 2    439  [40,11,2,5,25]     00:00:00:00:00:10    00:00:00:00:00:01 3    439  [40,11,2,6,25]     00:00:00:00:00:10    00:00:00:00:00:01 4    439  [40,12,1,5,25]     00:00:00:00:00:10    00:00:00:00:00:01 5    439  [40,12,1,6,25]     00:00:00:00:00:10    00:00:00:00:00:01 6    439  [40,12,2,5,25]     00:00:00:00:00:10    00:00:00:00:00:01 7    439  [40,12,2,6,25]     00:00:00:00:00:10    00:00:00:00:00:01 8    585  [40,11,1,2,5,25]     00:00:00:00:00:10    00:00:00:00:00:01 9    585  [40,11,1,2,6,25]     00:00:00:00:00:10    00:00:00:00:00:01 10    585  [40,11,2,1,5,25]     00:00:00:00:00:10    00:00:00:00:00:01 11    585  [40,11,2,1,6,25]     00:00:00:00:00:10    00:00:00:00:00:01 12    585  [40,12,1,2,5,25]     00:00:00:00:00:10    00:00:00:00:00:01 13    585  [40,12,1,2,6,25]     00:00:00:00:00:10    00:00:00:00:00:01 14    585  [40,12,2,1,5,25]     00:00:00:00:00:10    00:00:00:00:00:01 15    585  [40,12,2,1,6,25]  
# h00:00:00:00:00:10 -> h00:00:00:00:00:14
   00:00:00:00:00:10    00:00:00:00:00:14 0    585  [40,11,1,3,17,44]     00:00:00:00:00:10    00:00:00:00:00:14 1    585  [40,11,1,3,18,44]     00:00:00:00:00:10    00:00:00:00:00:14 2    585  [40,11,1,4,17,44]     00:00:00:00:00:10    00:00:00:00:00:14 3    585  [40,11,1,4,18,44]     00:00:00:00:00:10    00:00:00:00:00:14 4    585  [40,11,2,3,17,44]     00:00:00:00:00:10    00:00:00:00:00:14 5    585  [40,11,2,3,18,44]     00:00:00:00:00:10    00:00:00:00:00:14 6    585  [40,11,2,4,17,44]     00:00:00:00:00:10    00:00:00:00:00:14 7    585  [40,11,2,4,18,44]     00:00:00:00:00:10    00:00:00:00:00:14 8    585  [40,12,1,3,17,44]     00:00:00:00:00:10    00:00:00:00:00:14 9    585  [40,12,1,3,18,44]     00:00:00:00:00:10    00:00:00:00:00:14 10    585  [40,12,1,4,17,44]     00:00:00:00:00:10    00:00:00:00:00:14 11    585  [40,12,1,4,18,44]     00:00:00:00:00:10    00:00:00:00:00:14 12    585  [40,12,2,3,17,44]     00:00:00:00:00:10    00:00:00:00:00:14 13    585  [40,12,2,3,18,44]     00:00:00:00:00:10    00:00:00:00:00:14 14    585  [40,12,2,4,17,44]     00:00:00:00:00:10    00:00:00:00:00:14 15    585  [40,12,2,4,18,44]  
# h00:00:00:00:00:10 -> h00:00:00:00:00:0b
   00:00:00:00:00:10    00:00:00:00:00:0b 0    439  [40,11,1,9,35]     00:00:00:00:00:10    00:00:00:00:00:0b 1    439  [40,11,1,10,35]     00:00:00:00:00:10    00:00:00:00:00:0b 2    439  [40,11,2,9,35]     00:00:00:00:00:10    00:00:00:00:00:0b 3    439  [40,11,2,10,35]     00:00:00:00:00:10    00:00:00:00:00:0b 4    439  [40,12,1,9,35]     00:00:00:00:00:10    00:00:00:00:00:0b 5    439  [40,12,1,10,35]     00:00:00:00:00:10    00:00:00:00:00:0b 6    439  [40,12,2,9,35]     00:00:00:00:00:10    00:00:00:00:00:0b 7    439  [40,12,2,10,35]     00:00:00:00:00:10    00:00:00:00:00:0b 8    585  [40,11,1,2,9,35]     00:00:00:00:00:10    00:00:00:00:00:0b 9    585  [40,11,1,2,10,35]     00:00:00:00:00:10    00:00:00:00:00:0b 10    585  [40,11,2,1,9,35]     00:00:00:00:00:10    00:00:00:00:00:0b 11    585  [40,11,2,1,10,35]     00:00:00:00:00:10    00:00:00:00:00:0b 12    585  [40,12,1,2,9,35]     00:00:00:00:00:10    00:00:00:00:00:0b 13    585  [40,12,1,2,10,35]     00:00:00:00:00:10    00:00:00:00:00:0b 14    585  [40,12,2,1,9,35]     00:00:00:00:00:10    00:00:00:00:00:0b 15    585  [40,12,2,1,10,35]  
# h00:00:00:00:00:10 -> h00:00:00:00:00:0a
   00:00:00:00:00:10    00:00:00:00:00:0a 0    439  [40,11,1,9,34]     00:00:00:00:00:10    00:00:00:00:00:0a 1    439  [40,11,1,10,34]     00:00:00:00:00:10    00:00:00:00:00:0a 2    439  [40,11,2,9,34]     00:00:00:00:00:10    00:00:00:00:00:0a 3    439  [40,11,2,10,34]     00:00:00:00:00:10    00:00:00:00:00:0a 4    439  [40,12,1,9,34]     00:00:00:00:00:10    00:00:00:00:00:0a 5    439  [40,12,1,10,34]     00:00:00:00:00:10    00:00:00:00:00:0a 6    439  [40,12,2,9,34]     00:00:00:00:00:10    00:00:00:00:00:0a 7    439  [40,12,2,10,34]     00:00:00:00:00:10    00:00:00:00:00:0a 8    585  [40,11,1,2,9,34]     00:00:00:00:00:10    00:00:00:00:00:0a 9    585  [40,11,1,2,10,34]     00:00:00:00:00:10    00:00:00:00:00:0a 10    585  [40,11,2,1,9,34]     00:00:00:00:00:10    00:00:00:00:00:0a 11    585  [40,11,2,1,10,34]     00:00:00:00:00:10    00:00:00:00:00:0a 12    585  [40,12,1,2,9,34]     00:00:00:00:00:10    00:00:00:00:00:0a 13    585  [40,12,1,2,10,34]     00:00:00:00:00:10    00:00:00:00:00:0a 14    585  [40,12,2,1,9,34]     00:00:00:00:00:10    00:00:00:00:00:0a 15    585  [40,12,2,1,10,34]  
# h00:00:00:00:00:10 -> h00:00:00:00:00:0c
   00:00:00:00:00:10    00:00:00:00:00:0c 0    439  [40,11,1,9,36]     00:00:00:00:00:10    00:00:00:00:00:0c 1    439  [40,11,1,10,36]     00:00:00:00:00:10    00:00:00:00:00:0c 2    439  [40,11,2,9,36]     00:00:00:00:00:10    00:00:00:00:00:0c 3    439  [40,11,2,10,36]     00:00:00:00:00:10    00:00:00:00:00:0c 4    439  [40,12,1,9,36]     00:00:00:00:00:10    00:00:00:00:00:0c 5    439  [40,12,1,10,36]     00:00:00:00:00:10    00:00:00:00:00:0c 6    439  [40,12,2,9,36]     00:00:00:00:00:10    00:00:00:00:00:0c 7    439  [40,12,2,10,36]     00:00:00:00:00:10    00:00:00:00:00:0c 8    585  [40,11,1,2,9,36]     00:00:00:00:00:10    00:00:00:00:00:0c 9    585  [40,11,1,2,10,36]     00:00:00:00:00:10    00:00:00:00:00:0c 10    585  [40,11,2,1,9,36]     00:00:00:00:00:10    00:00:00:00:00:0c 11    585  [40,11,2,1,10,36]     00:00:00:00:00:10    00:00:00:00:00:0c 12    585  [40,12,1,2,9,36]     00:00:00:00:00:10    00:00:00:00:00:0c 13    585  [40,12,1,2,10,36]     00:00:00:00:00:10    00:00:00:00:00:0c 14    585  [40,12,2,1,9,36]     00:00:00:00:00:10    00:00:00:00:00:0c 15    585  [40,12,2,1,10,36]  
# h00:00:00:00:00:10 -> h00:00:00:00:00:0d
   00:00:00:00:00:10    00:00:00:00:00:0d 0    146  [40,11,37]     00:00:00:00:00:10    00:00:00:00:00:0d 1    146  [40,12,37]     00:00:00:00:00:10    00:00:00:00:00:0d 2    439  [40,11,1,12,37]     00:00:00:00:00:10    00:00:00:00:00:0d 3    439  [40,11,2,12,37]     00:00:00:00:00:10    00:00:00:00:00:0d 4    439  [40,11,38,12,37]     00:00:00:00:00:10    00:00:00:00:00:0d 5    439  [40,11,39,12,37]     00:00:00:00:00:10    00:00:00:00:00:0d 6    439  [40,12,1,11,37]     00:00:00:00:00:10    00:00:00:00:00:0d 7    439  [40,12,2,11,37]     00:00:00:00:00:10    00:00:00:00:00:0d 8    439  [40,12,38,11,37]     00:00:00:00:00:10    00:00:00:00:00:0d 9    439  [40,12,39,11,37]     00:00:00:00:00:10    00:00:00:00:00:0d 10    585  [40,11,1,2,12,37]     00:00:00:00:00:10    00:00:00:00:00:0d 11    585  [40,11,2,1,12,37]     00:00:00:00:00:10    00:00:00:00:00:0d 12    585  [40,12,1,2,11,37]     00:00:00:00:00:10    00:00:00:00:00:0d 13    585  [40,12,2,1,11,37]     00:00:00:00:00:10    00:00:00:00:00:0d 14    731  [40,11,1,3,2,12,37]     00:00:00:00:00:10    00:00:00:00:00:0d 15    731  [40,11,1,4,2,12,37]  
# h00:00:00:00:00:10 -> h00:00:00:00:00:03
   00:00:00:00:00:10    00:00:00:00:00:03 0    439  [40,11,1,5,27]     00:00:00:00:00:10    00:00:00:00:00:03 1    439  [40,11,1,6,27]     00:00:00:00:00:10    00:00:00:00:00:03 2    439  [40,11,2,5,27]     00:00:00:00:00:10    00:00:00:00:00:03 3    439  [40,11,2,6,27]     00:00:00:00:00:10    00:00:00:00:00:03 4    439  [40,12,1,5,27]     00:00:00:00:00:10    00:00:00:00:00:03 5    439  [40,12,1,6,27]     00:00:00:00:00:10    00:00:00:00:00:03 6    439  [40,12,2,5,27]     00:00:00:00:00:10    00:00:00:00:00:03 7    439  [40,12,2,6,27]     00:00:00:00:00:10    00:00:00:00:00:03 8    585  [40,11,1,2,5,27]     00:00:00:00:00:10    00:00:00:00:00:03 9    585  [40,11,1,2,6,27]     00:00:00:00:00:10    00:00:00:00:00:03 10    585  [40,11,2,1,5,27]     00:00:00:00:00:10    00:00:00:00:00:03 11    585  [40,11,2,1,6,27]     00:00:00:00:00:10    00:00:00:00:00:03 12    585  [40,12,1,2,5,27]     00:00:00:00:00:10    00:00:00:00:00:03 13    585  [40,12,1,2,6,27]     00:00:00:00:00:10    00:00:00:00:00:03 14    585  [40,12,2,1,5,27]     00:00:00:00:00:10    00:00:00:00:00:03 15    585  [40,12,2,1,6,27]  
# h00:00:00:00:00:10 -> h00:00:00:00:00:11
   00:00:00:00:00:10    00:00:00:00:00:11 0    585  [40,11,1,3,17,41]     00:00:00:00:00:10    00:00:00:00:00:11 1    585  [40,11,1,3,18,41]     00:00:00:00:00:10    00:00:00:00:00:11 2    585  [40,11,1,4,17,41]     00:00:00:00:00:10    00:00:00:00:00:11 3    585  [40,11,1,4,18,41]     00:00:00:00:00:10    00:00:00:00:00:11 4    585  [40,11,2,3,17,41]     00:00:00:00:00:10    00:00:00:00:00:11 5    585  [40,11,2,3,18,41]     00:00:00:00:00:10    00:00:00:00:00:11 6    585  [40,11,2,4,17,41]     00:00:00:00:00:10    00:00:00:00:00:11 7    585  [40,11,2,4,18,41]     00:00:00:00:00:10    00:00:00:00:00:11 8    585  [40,12,1,3,17,41]     00:00:00:00:00:10    00:00:00:00:00:11 9    585  [40,12,1,3,18,41]     00:00:00:00:00:10    00:00:00:00:00:11 10    585  [40,12,1,4,17,41]     00:00:00:00:00:10    00:00:00:00:00:11 11    585  [40,12,1,4,18,41]     00:00:00:00:00:10    00:00:00:00:00:11 12    585  [40,12,2,3,17,41]     00:00:00:00:00:10    00:00:00:00:00:11 13    585  [40,12,2,3,18,41]     00:00:00:00:00:10    00:00:00:00:00:11 14    585  [40,12,2,4,17,41]     00:00:00:00:00:10    00:00:00:00:00:11 15    585  [40,12,2,4,18,41]  
# h00:00:00:00:00:10 -> h00:00:00:00:00:02
   00:00:00:00:00:10    00:00:00:00:00:02 0    439  [40,11,1,5,26]     00:00:00:00:00:10    00:00:00:00:00:02 1    439  [40,11,1,6,26]     00:00:00:00:00:10    00:00:00:00:00:02 2    439  [40,11,2,5,26]     00:00:00:00:00:10    00:00:00:00:00:02 3    439  [40,11,2,6,26]     00:00:00:00:00:10    00:00:00:00:00:02 4    439  [40,12,1,5,26]     00:00:00:00:00:10    00:00:00:00:00:02 5    439  [40,12,1,6,26]     00:00:00:00:00:10    00:00:00:00:00:02 6    439  [40,12,2,5,26]     00:00:00:00:00:10    00:00:00:00:00:02 7    439  [40,12,2,6,26]     00:00:00:00:00:10    00:00:00:00:00:02 8    585  [40,11,1,2,5,26]     00:00:00:00:00:10    00:00:00:00:00:02 9    585  [40,11,1,2,6,26]     00:00:00:00:00:10    00:00:00:00:00:02 10    585  [40,11,2,1,5,26]     00:00:00:00:00:10    00:00:00:00:00:02 11    585  [40,11,2,1,6,26]     00:00:00:00:00:10    00:00:00:00:00:02 12    585  [40,12,1,2,5,26]     00:00:00:00:00:10    00:00:00:00:00:02 13    585  [40,12,1,2,6,26]     00:00:00:00:00:10    00:00:00:00:00:02 14    585  [40,12,2,1,5,26]     00:00:00:00:00:10    00:00:00:00:00:02 15    585  [40,12,2,1,6,26]  
# h00:00:00:00:00:10 -> h00:00:00:00:00:0f
   00:00:00:00:00:10    00:00:00:00:00:0f 0    146  [40,11,39]     00:00:00:00:00:10    00:00:00:00:00:0f 1    146  [40,12,39]     00:00:00:00:00:10    00:00:00:00:00:0f 2    439  [40,11,1,12,39]     00:00:00:00:00:10    00:00:00:00:00:0f 3    439  [40,11,2,12,39]     00:00:00:00:00:10    00:00:00:00:00:0f 4    439  [40,11,37,12,39]     00:00:00:00:00:10    00:00:00:00:00:0f 5    439  [40,11,38,12,39]     00:00:00:00:00:10    00:00:00:00:00:0f 6    439  [40,12,1,11,39]     00:00:00:00:00:10    00:00:00:00:00:0f 7    439  [40,12,2,11,39]     00:00:00:00:00:10    00:00:00:00:00:0f 8    439  [40,12,37,11,39]     00:00:00:00:00:10    00:00:00:00:00:0f 9    439  [40,12,38,11,39]     00:00:00:00:00:10    00:00:00:00:00:0f 10    585  [40,11,1,2,12,39]     00:00:00:00:00:10    00:00:00:00:00:0f 11    585  [40,11,2,1,12,39]     00:00:00:00:00:10    00:00:00:00:00:0f 12    585  [40,12,1,2,11,39]     00:00:00:00:00:10    00:00:00:00:00:0f 13    585  [40,12,2,1,11,39]     00:00:00:00:00:10    00:00:00:00:00:0f 14    731  [40,11,1,3,2,12,39]     00:00:00:00:00:10    00:00:00:00:00:0f 15    731  [40,11,1,4,2,12,39]  
# h00:00:00:00:00:10 -> h00:00:00:00:00:12
   00:00:00:00:00:10    00:00:00:00:00:12 0    585  [40,11,1,3,17,42]     00:00:00:00:00:10    00:00:00:00:00:12 1    585  [40,11,1,3,18,42]     00:00:00:00:00:10    00:00:00:00:00:12 2    585  [40,11,1,4,17,42]     00:00:00:00:00:10    00:00:00:00:00:12 3    585  [40,11,1,4,18,42]     00:00:00:00:00:10    00:00:00:00:00:12 4    585  [40,11,2,3,17,42]     00:00:00:00:00:10    00:00:00:00:00:12 5    585  [40,11,2,3,18,42]     00:00:00:00:00:10    00:00:00:00:00:12 6    585  [40,11,2,4,17,42]     00:00:00:00:00:10    00:00:00:00:00:12 7    585  [40,11,2,4,18,42]     00:00:00:00:00:10    00:00:00:00:00:12 8    585  [40,12,1,3,17,42]     00:00:00:00:00:10    00:00:00:00:00:12 9    585  [40,12,1,3,18,42]     00:00:00:00:00:10    00:00:00:00:00:12 10    585  [40,12,1,4,17,42]     00:00:00:00:00:10    00:00:00:00:00:12 11    585  [40,12,1,4,18,42]     00:00:00:00:00:10    00:00:00:00:00:12 12    585  [40,12,2,3,17,42]     00:00:00:00:00:10    00:00:00:00:00:12 13    585  [40,12,2,3,18,42]     00:00:00:00:00:10    00:00:00:00:00:12 14    585  [40,12,2,4,17,42]     00:00:00:00:00:10    00:00:00:00:00:12 15    585  [40,12,2,4,18,42]  
# h00:00:00:00:00:10 -> h00:00:00:00:00:15
   00:00:00:00:00:10    00:00:00:00:00:15 0    585  [40,11,1,3,17,45]     00:00:00:00:00:10    00:00:00:00:00:15 1    585  [40,11,1,3,18,45]     00:00:00:00:00:10    00:00:00:00:00:15 2    585  [40,11,1,4,17,45]     00:00:00:00:00:10    00:00:00:00:00:15 3    585  [40,11,1,4,18,45]     00:00:00:00:00:10    00:00:00:00:00:15 4    585  [40,11,2,3,17,45]     00:00:00:00:00:10    00:00:00:00:00:15 5    585  [40,11,2,3,18,45]     00:00:00:00:00:10    00:00:00:00:00:15 6    585  [40,11,2,4,17,45]     00:00:00:00:00:10    00:00:00:00:00:15 7    585  [40,11,2,4,18,45]     00:00:00:00:00:10    00:00:00:00:00:15 8    585  [40,12,1,3,17,45]     00:00:00:00:00:10    00:00:00:00:00:15 9    585  [40,12,1,3,18,45]     00:00:00:00:00:10    00:00:00:00:00:15 10    585  [40,12,1,4,17,45]     00:00:00:00:00:10    00:00:00:00:00:15 11    585  [40,12,1,4,18,45]     00:00:00:00:00:10    00:00:00:00:00:15 12    585  [40,12,2,3,17,45]     00:00:00:00:00:10    00:00:00:00:00:15 13    585  [40,12,2,3,18,45]     00:00:00:00:00:10    00:00:00:00:00:15 14    585  [40,12,2,4,17,45]     00:00:00:00:00:10    00:00:00:00:00:15 15    585  [40,12,2,4,18,45]  
# h00:00:00:00:00:10 -> h00:00:00:00:00:13
   00:00:00:00:00:10    00:00:00:00:00:13 0    585  [40,11,1,3,17,43]     00:00:00:00:00:10    00:00:00:00:00:13 1    585  [40,11,1,3,18,43]     00:00:00:00:00:10    00:00:00:00:00:13 2    585  [40,11,1,4,17,43]     00:00:00:00:00:10    00:00:00:00:00:13 3    585  [40,11,1,4,18,43]     00:00:00:00:00:10    00:00:00:00:00:13 4    585  [40,11,2,3,17,43]     00:00:00:00:00:10    00:00:00:00:00:13 5    585  [40,11,2,3,18,43]     00:00:00:00:00:10    00:00:00:00:00:13 6    585  [40,11,2,4,17,43]     00:00:00:00:00:10    00:00:00:00:00:13 7    585  [40,11,2,4,18,43]     00:00:00:00:00:10    00:00:00:00:00:13 8    585  [40,12,1,3,17,43]     00:00:00:00:00:10    00:00:00:00:00:13 9    585  [40,12,1,3,18,43]     00:00:00:00:00:10    00:00:00:00:00:13 10    585  [40,12,1,4,17,43]     00:00:00:00:00:10    00:00:00:00:00:13 11    585  [40,12,1,4,18,43]     00:00:00:00:00:10    00:00:00:00:00:13 12    585  [40,12,2,3,17,43]     00:00:00:00:00:10    00:00:00:00:00:13 13    585  [40,12,2,3,18,43]     00:00:00:00:00:10    00:00:00:00:00:13 14    585  [40,12,2,4,17,43]     00:00:00:00:00:10    00:00:00:00:00:13 15    585  [40,12,2,4,18,43]  
# h00:00:00:00:00:18 -> h00:00:00:00:00:16
   00:00:00:00:00:18    00:00:00:00:00:16 0    146  [21,13,19]     00:00:00:00:00:18    00:00:00:00:00:16 1    146  [21,14,19]     00:00:00:00:00:18    00:00:00:00:00:16 2    439  [21,13,3,14,19]     00:00:00:00:00:18    00:00:00:00:00:16 3    439  [21,13,4,14,19]     00:00:00:00:00:18    00:00:00:00:00:16 4    439  [21,13,20,14,19]     00:00:00:00:00:18    00:00:00:00:00:16 5    439  [21,14,3,13,19]     00:00:00:00:00:18    00:00:00:00:00:16 6    439  [21,14,4,13,19]     00:00:00:00:00:18    00:00:00:00:00:16 7    439  [21,14,20,13,19]     00:00:00:00:00:18    00:00:00:00:00:16 8    585  [21,13,3,4,14,19]     00:00:00:00:00:18    00:00:00:00:00:16 9    585  [21,13,4,3,14,19]     00:00:00:00:00:18    00:00:00:00:00:16 10    585  [21,14,3,4,13,19]     00:00:00:00:00:18    00:00:00:00:00:16 11    585  [21,14,4,3,13,19]     00:00:00:00:00:18    00:00:00:00:00:16 12    731  [21,13,3,1,4,14,19]     00:00:00:00:00:18    00:00:00:00:00:16 13    731  [21,13,3,2,4,14,19]     00:00:00:00:00:18    00:00:00:00:00:16 14    731  [21,13,3,15,4,14,19]     00:00:00:00:00:18    00:00:00:00:00:16 15    731  [21,13,3,16,4,14,19]  
# h00:00:00:00:00:18 -> h00:00:00:00:00:06
   00:00:00:00:00:18    00:00:00:00:00:06 0    585  [21,13,3,1,7,30]     00:00:00:00:00:18    00:00:00:00:00:06 1    585  [21,13,3,1,8,30]     00:00:00:00:00:18    00:00:00:00:00:06 2    585  [21,13,3,2,7,30]     00:00:00:00:00:18    00:00:00:00:00:06 3    585  [21,13,3,2,8,30]     00:00:00:00:00:18    00:00:00:00:00:06 4    585  [21,13,4,1,7,30]     00:00:00:00:00:18    00:00:00:00:00:06 5    585  [21,13,4,1,8,30]     00:00:00:00:00:18    00:00:00:00:00:06 6    585  [21,13,4,2,7,30]     00:00:00:00:00:18    00:00:00:00:00:06 7    585  [21,13,4,2,8,30]     00:00:00:00:00:18    00:00:00:00:00:06 8    585  [21,14,3,1,7,30]     00:00:00:00:00:18    00:00:00:00:00:06 9    585  [21,14,3,1,8,30]     00:00:00:00:00:18    00:00:00:00:00:06 10    585  [21,14,3,2,7,30]     00:00:00:00:00:18    00:00:00:00:00:06 11    585  [21,14,3,2,8,30]     00:00:00:00:00:18    00:00:00:00:00:06 12    585  [21,14,4,1,7,30]     00:00:00:00:00:18    00:00:00:00:00:06 13    585  [21,14,4,1,8,30]     00:00:00:00:00:18    00:00:00:00:00:06 14    585  [21,14,4,2,7,30]     00:00:00:00:00:18    00:00:00:00:00:06 15    585  [21,14,4,2,8,30]  
# h00:00:00:00:00:18 -> h00:00:00:00:00:07
   00:00:00:00:00:18    00:00:00:00:00:07 0    585  [21,13,3,1,7,31]     00:00:00:00:00:18    00:00:00:00:00:07 1    585  [21,13,3,1,8,31]     00:00:00:00:00:18    00:00:00:00:00:07 2    585  [21,13,3,2,7,31]     00:00:00:00:00:18    00:00:00:00:00:07 3    585  [21,13,3,2,8,31]     00:00:00:00:00:18    00:00:00:00:00:07 4    585  [21,13,4,1,7,31]     00:00:00:00:00:18    00:00:00:00:00:07 5    585  [21,13,4,1,8,31]     00:00:00:00:00:18    00:00:00:00:00:07 6    585  [21,13,4,2,7,31]     00:00:00:00:00:18    00:00:00:00:00:07 7    585  [21,13,4,2,8,31]     00:00:00:00:00:18    00:00:00:00:00:07 8    585  [21,14,3,1,7,31]     00:00:00:00:00:18    00:00:00:00:00:07 9    585  [21,14,3,1,8,31]     00:00:00:00:00:18    00:00:00:00:00:07 10    585  [21,14,3,2,7,31]     00:00:00:00:00:18    00:00:00:00:00:07 11    585  [21,14,3,2,8,31]     00:00:00:00:00:18    00:00:00:00:00:07 12    585  [21,14,4,1,7,31]     00:00:00:00:00:18    00:00:00:00:00:07 13    585  [21,14,4,1,8,31]     00:00:00:00:00:18    00:00:00:00:00:07 14    585  [21,14,4,2,7,31]     00:00:00:00:00:18    00:00:00:00:00:07 15    585  [21,14,4,2,8,31]  
# h00:00:00:00:00:18 -> h00:00:00:00:00:1b
   00:00:00:00:00:18    00:00:00:00:00:1b 0    439  [21,13,3,15,24]     00:00:00:00:00:18    00:00:00:00:00:1b 1    439  [21,13,3,16,24]     00:00:00:00:00:18    00:00:00:00:00:1b 2    439  [21,13,4,15,24]     00:00:00:00:00:18    00:00:00:00:00:1b 3    439  [21,13,4,16,24]     00:00:00:00:00:18    00:00:00:00:00:1b 4    439  [21,14,3,15,24]     00:00:00:00:00:18    00:00:00:00:00:1b 5    439  [21,14,3,16,24]     00:00:00:00:00:18    00:00:00:00:00:1b 6    439  [21,14,4,15,24]     00:00:00:00:00:18    00:00:00:00:00:1b 7    439  [21,14,4,16,24]     00:00:00:00:00:18    00:00:00:00:00:1b 8    585  [21,13,3,4,15,24]     00:00:00:00:00:18    00:00:00:00:00:1b 9    585  [21,13,3,4,16,24]     00:00:00:00:00:18    00:00:00:00:00:1b 10    585  [21,13,4,3,15,24]     00:00:00:00:00:18    00:00:00:00:00:1b 11    585  [21,13,4,3,16,24]     00:00:00:00:00:18    00:00:00:00:00:1b 12    585  [21,14,3,4,15,24]     00:00:00:00:00:18    00:00:00:00:00:1b 13    585  [21,14,3,4,16,24]     00:00:00:00:00:18    00:00:00:00:00:1b 14    585  [21,14,4,3,15,24]     00:00:00:00:00:18    00:00:00:00:00:1b 15    585  [21,14,4,3,16,24]  
# h00:00:00:00:00:18 -> h00:00:00:00:00:17
   00:00:00:00:00:18    00:00:00:00:00:17 0    146  [21,13,20]     00:00:00:00:00:18    00:00:00:00:00:17 1    146  [21,14,20]     00:00:00:00:00:18    00:00:00:00:00:17 2    439  [21,13,3,14,20]     00:00:00:00:00:18    00:00:00:00:00:17 3    439  [21,13,4,14,20]     00:00:00:00:00:18    00:00:00:00:00:17 4    439  [21,13,19,14,20]     00:00:00:00:00:18    00:00:00:00:00:17 5    439  [21,14,3,13,20]     00:00:00:00:00:18    00:00:00:00:00:17 6    439  [21,14,4,13,20]     00:00:00:00:00:18    00:00:00:00:00:17 7    439  [21,14,19,13,20]     00:00:00:00:00:18    00:00:00:00:00:17 8    585  [21,13,3,4,14,20]     00:00:00:00:00:18    00:00:00:00:00:17 9    585  [21,13,4,3,14,20]     00:00:00:00:00:18    00:00:00:00:00:17 10    585  [21,14,3,4,13,20]     00:00:00:00:00:18    00:00:00:00:00:17 11    585  [21,14,4,3,13,20]     00:00:00:00:00:18    00:00:00:00:00:17 12    731  [21,13,3,1,4,14,20]     00:00:00:00:00:18    00:00:00:00:00:17 13    731  [21,13,3,2,4,14,20]     00:00:00:00:00:18    00:00:00:00:00:17 14    731  [21,13,3,15,4,14,20]     00:00:00:00:00:18    00:00:00:00:00:17 15    731  [21,13,3,16,4,14,20]  
# h00:00:00:00:00:18 -> h00:00:00:00:00:09
   00:00:00:00:00:18    00:00:00:00:00:09 0    585  [21,13,3,1,9,33]     00:00:00:00:00:18    00:00:00:00:00:09 1    585  [21,13,3,1,10,33]     00:00:00:00:00:18    00:00:00:00:00:09 2    585  [21,13,3,2,9,33]     00:00:00:00:00:18    00:00:00:00:00:09 3    585  [21,13,3,2,10,33]     00:00:00:00:00:18    00:00:00:00:00:09 4    585  [21,13,4,1,9,33]     00:00:00:00:00:18    00:00:00:00:00:09 5    585  [21,13,4,1,10,33]     00:00:00:00:00:18    00:00:00:00:00:09 6    585  [21,13,4,2,9,33]     00:00:00:00:00:18    00:00:00:00:00:09 7    585  [21,13,4,2,10,33]     00:00:00:00:00:18    00:00:00:00:00:09 8    585  [21,14,3,1,9,33]     00:00:00:00:00:18    00:00:00:00:00:09 9    585  [21,14,3,1,10,33]     00:00:00:00:00:18    00:00:00:00:00:09 10    585  [21,14,3,2,9,33]     00:00:00:00:00:18    00:00:00:00:00:09 11    585  [21,14,3,2,10,33]     00:00:00:00:00:18    00:00:00:00:00:09 12    585  [21,14,4,1,9,33]     00:00:00:00:00:18    00:00:00:00:00:09 13    585  [21,14,4,1,10,33]     00:00:00:00:00:18    00:00:00:00:00:09 14    585  [21,14,4,2,9,33]     00:00:00:00:00:18    00:00:00:00:00:09 15    585  [21,14,4,2,10,33]  
# h00:00:00:00:00:18 -> h00:00:00:00:00:05
   00:00:00:00:00:18    00:00:00:00:00:05 0    585  [21,13,3,1,7,29]     00:00:00:00:00:18    00:00:00:00:00:05 1    585  [21,13,3,1,8,29]     00:00:00:00:00:18    00:00:00:00:00:05 2    585  [21,13,3,2,7,29]     00:00:00:00:00:18    00:00:00:00:00:05 3    585  [21,13,3,2,8,29]     00:00:00:00:00:18    00:00:00:00:00:05 4    585  [21,13,4,1,7,29]     00:00:00:00:00:18    00:00:00:00:00:05 5    585  [21,13,4,1,8,29]     00:00:00:00:00:18    00:00:00:00:00:05 6    585  [21,13,4,2,7,29]     00:00:00:00:00:18    00:00:00:00:00:05 7    585  [21,13,4,2,8,29]     00:00:00:00:00:18    00:00:00:00:00:05 8    585  [21,14,3,1,7,29]     00:00:00:00:00:18    00:00:00:00:00:05 9    585  [21,14,3,1,8,29]     00:00:00:00:00:18    00:00:00:00:00:05 10    585  [21,14,3,2,7,29]     00:00:00:00:00:18    00:00:00:00:00:05 11    585  [21,14,3,2,8,29]     00:00:00:00:00:18    00:00:00:00:00:05 12    585  [21,14,4,1,7,29]     00:00:00:00:00:18    00:00:00:00:00:05 13    585  [21,14,4,1,8,29]     00:00:00:00:00:18    00:00:00:00:00:05 14    585  [21,14,4,2,7,29]     00:00:00:00:00:18    00:00:00:00:00:05 15    585  [21,14,4,2,8,29]  
# h00:00:00:00:00:18 -> h00:00:00:00:00:08
   00:00:00:00:00:18    00:00:00:00:00:08 0    585  [21,13,3,1,7,32]     00:00:00:00:00:18    00:00:00:00:00:08 1    585  [21,13,3,1,8,32]     00:00:00:00:00:18    00:00:00:00:00:08 2    585  [21,13,3,2,7,32]     00:00:00:00:00:18    00:00:00:00:00:08 3    585  [21,13,3,2,8,32]     00:00:00:00:00:18    00:00:00:00:00:08 4    585  [21,13,4,1,7,32]     00:00:00:00:00:18    00:00:00:00:00:08 5    585  [21,13,4,1,8,32]     00:00:00:00:00:18    00:00:00:00:00:08 6    585  [21,13,4,2,7,32]     00:00:00:00:00:18    00:00:00:00:00:08 7    585  [21,13,4,2,8,32]     00:00:00:00:00:18    00:00:00:00:00:08 8    585  [21,14,3,1,7,32]     00:00:00:00:00:18    00:00:00:00:00:08 9    585  [21,14,3,1,8,32]     00:00:00:00:00:18    00:00:00:00:00:08 10    585  [21,14,3,2,7,32]     00:00:00:00:00:18    00:00:00:00:00:08 11    585  [21,14,3,2,8,32]     00:00:00:00:00:18    00:00:00:00:00:08 12    585  [21,14,4,1,7,32]     00:00:00:00:00:18    00:00:00:00:00:08 13    585  [21,14,4,1,8,32]     00:00:00:00:00:18    00:00:00:00:00:08 14    585  [21,14,4,2,7,32]     00:00:00:00:00:18    00:00:00:00:00:08 15    585  [21,14,4,2,8,32]  
# h00:00:00:00:00:18 -> h00:00:00:00:00:04
   00:00:00:00:00:18    00:00:00:00:00:04 0    585  [21,13,3,1,5,28]     00:00:00:00:00:18    00:00:00:00:00:04 1    585  [21,13,3,1,6,28]     00:00:00:00:00:18    00:00:00:00:00:04 2    585  [21,13,3,2,5,28]     00:00:00:00:00:18    00:00:00:00:00:04 3    585  [21,13,3,2,6,28]     00:00:00:00:00:18    00:00:00:00:00:04 4    585  [21,13,4,1,5,28]     00:00:00:00:00:18    00:00:00:00:00:04 5    585  [21,13,4,1,6,28]     00:00:00:00:00:18    00:00:00:00:00:04 6    585  [21,13,4,2,5,28]     00:00:00:00:00:18    00:00:00:00:00:04 7    585  [21,13,4,2,6,28]     00:00:00:00:00:18    00:00:00:00:00:04 8    585  [21,14,3,1,5,28]     00:00:00:00:00:18    00:00:00:00:00:04 9    585  [21,14,3,1,6,28]     00:00:00:00:00:18    00:00:00:00:00:04 10    585  [21,14,3,2,5,28]     00:00:00:00:00:18    00:00:00:00:00:04 11    585  [21,14,3,2,6,28]     00:00:00:00:00:18    00:00:00:00:00:04 12    585  [21,14,4,1,5,28]     00:00:00:00:00:18    00:00:00:00:00:04 13    585  [21,14,4,1,6,28]     00:00:00:00:00:18    00:00:00:00:00:04 14    585  [21,14,4,2,5,28]     00:00:00:00:00:18    00:00:00:00:00:04 15    585  [21,14,4,2,6,28]  
# h00:00:00:00:00:18 -> h00:00:00:00:00:1a
   00:00:00:00:00:18    00:00:00:00:00:1a 0    439  [21,13,3,15,23]     00:00:00:00:00:18    00:00:00:00:00:1a 1    439  [21,13,3,16,23]     00:00:00:00:00:18    00:00:00:00:00:1a 2    439  [21,13,4,15,23]     00:00:00:00:00:18    00:00:00:00:00:1a 3    439  [21,13,4,16,23]     00:00:00:00:00:18    00:00:00:00:00:1a 4    439  [21,14,3,15,23]     00:00:00:00:00:18    00:00:00:00:00:1a 5    439  [21,14,3,16,23]     00:00:00:00:00:18    00:00:00:00:00:1a 6    439  [21,14,4,15,23]     00:00:00:00:00:18    00:00:00:00:00:1a 7    439  [21,14,4,16,23]     00:00:00:00:00:18    00:00:00:00:00:1a 8    585  [21,13,3,4,15,23]     00:00:00:00:00:18    00:00:00:00:00:1a 9    585  [21,13,3,4,16,23]     00:00:00:00:00:18    00:00:00:00:00:1a 10    585  [21,13,4,3,15,23]     00:00:00:00:00:18    00:00:00:00:00:1a 11    585  [21,13,4,3,16,23]     00:00:00:00:00:18    00:00:00:00:00:1a 12    585  [21,14,3,4,15,23]     00:00:00:00:00:18    00:00:00:00:00:1a 13    585  [21,14,3,4,16,23]     00:00:00:00:00:18    00:00:00:00:00:1a 14    585  [21,14,4,3,15,23]     00:00:00:00:00:18    00:00:00:00:00:1a 15    585  [21,14,4,3,16,23]  
# h00:00:00:00:00:18 -> h00:00:00:00:00:10
   00:00:00:00:00:18    00:00:00:00:00:10 0    585  [21,13,3,1,11,40]     00:00:00:00:00:18    00:00:00:00:00:10 1    585  [21,13,3,1,12,40]     00:00:00:00:00:18    00:00:00:00:00:10 2    585  [21,13,3,2,11,40]     00:00:00:00:00:18    00:00:00:00:00:10 3    585  [21,13,3,2,12,40]     00:00:00:00:00:18    00:00:00:00:00:10 4    585  [21,13,4,1,11,40]     00:00:00:00:00:18    00:00:00:00:00:10 5    585  [21,13,4,1,12,40]     00:00:00:00:00:18    00:00:00:00:00:10 6    585  [21,13,4,2,11,40]     00:00:00:00:00:18    00:00:00:00:00:10 7    585  [21,13,4,2,12,40]     00:00:00:00:00:18    00:00:00:00:00:10 8    585  [21,14,3,1,11,40]     00:00:00:00:00:18    00:00:00:00:00:10 9    585  [21,14,3,1,12,40]     00:00:00:00:00:18    00:00:00:00:00:10 10    585  [21,14,3,2,11,40]     00:00:00:00:00:18    00:00:00:00:00:10 11    585  [21,14,3,2,12,40]     00:00:00:00:00:18    00:00:00:00:00:10 12    585  [21,14,4,1,11,40]     00:00:00:00:00:18    00:00:00:00:00:10 13    585  [21,14,4,1,12,40]     00:00:00:00:00:18    00:00:00:00:00:10 14    585  [21,14,4,2,11,40]     00:00:00:00:00:18    00:00:00:00:00:10 15    585  [21,14,4,2,12,40]  
# h00:00:00:00:00:18 -> h00:00:00:00:00:19
   00:00:00:00:00:18    00:00:00:00:00:19 0    439  [21,13,3,15,22]     00:00:00:00:00:18    00:00:00:00:00:19 1    439  [21,13,3,16,22]     00:00:00:00:00:18    00:00:00:00:00:19 2    439  [21,13,4,15,22]     00:00:00:00:00:18    00:00:00:00:00:19 3    439  [21,13,4,16,22]     00:00:00:00:00:18    00:00:00:00:00:19 4    439  [21,14,3,15,22]     00:00:00:00:00:18    00:00:00:00:00:19 5    439  [21,14,3,16,22]     00:00:00:00:00:18    00:00:00:00:00:19 6    439  [21,14,4,15,22]     00:00:00:00:00:18    00:00:00:00:00:19 7    439  [21,14,4,16,22]     00:00:00:00:00:18    00:00:00:00:00:19 8    585  [21,13,3,4,15,22]     00:00:00:00:00:18    00:00:00:00:00:19 9    585  [21,13,3,4,16,22]     00:00:00:00:00:18    00:00:00:00:00:19 10    585  [21,13,4,3,15,22]     00:00:00:00:00:18    00:00:00:00:00:19 11    585  [21,13,4,3,16,22]     00:00:00:00:00:18    00:00:00:00:00:19 12    585  [21,14,3,4,15,22]     00:00:00:00:00:18    00:00:00:00:00:19 13    585  [21,14,3,4,16,22]     00:00:00:00:00:18    00:00:00:00:00:19 14    585  [21,14,4,3,15,22]     00:00:00:00:00:18    00:00:00:00:00:19 15    585  [21,14,4,3,16,22]  
# h00:00:00:00:00:18 -> h00:00:00:00:00:0e
   00:00:00:00:00:18    00:00:00:00:00:0e 0    585  [21,13,3,1,11,38]     00:00:00:00:00:18    00:00:00:00:00:0e 1    585  [21,13,3,1,12,38]     00:00:00:00:00:18    00:00:00:00:00:0e 2    585  [21,13,3,2,11,38]     00:00:00:00:00:18    00:00:00:00:00:0e 3    585  [21,13,3,2,12,38]     00:00:00:00:00:18    00:00:00:00:00:0e 4    585  [21,13,4,1,11,38]     00:00:00:00:00:18    00:00:00:00:00:0e 5    585  [21,13,4,1,12,38]     00:00:00:00:00:18    00:00:00:00:00:0e 6    585  [21,13,4,2,11,38]     00:00:00:00:00:18    00:00:00:00:00:0e 7    585  [21,13,4,2,12,38]     00:00:00:00:00:18    00:00:00:00:00:0e 8    585  [21,14,3,1,11,38]     00:00:00:00:00:18    00:00:00:00:00:0e 9    585  [21,14,3,1,12,38]     00:00:00:00:00:18    00:00:00:00:00:0e 10    585  [21,14,3,2,11,38]     00:00:00:00:00:18    00:00:00:00:00:0e 11    585  [21,14,3,2,12,38]     00:00:00:00:00:18    00:00:00:00:00:0e 12    585  [21,14,4,1,11,38]     00:00:00:00:00:18    00:00:00:00:00:0e 13    585  [21,14,4,1,12,38]     00:00:00:00:00:18    00:00:00:00:00:0e 14    585  [21,14,4,2,11,38]     00:00:00:00:00:18    00:00:00:00:00:0e 15    585  [21,14,4,2,12,38]  
# h00:00:00:00:00:18 -> h00:00:00:00:00:01
   00:00:00:00:00:18    00:00:00:00:00:01 0    585  [21,13,3,1,5,25]     00:00:00:00:00:18    00:00:00:00:00:01 1    585  [21,13,3,1,6,25]     00:00:00:00:00:18    00:00:00:00:00:01 2    585  [21,13,3,2,5,25]     00:00:00:00:00:18    00:00:00:00:00:01 3    585  [21,13,3,2,6,25]     00:00:00:00:00:18    00:00:00:00:00:01 4    585  [21,13,4,1,5,25]     00:00:00:00:00:18    00:00:00:00:00:01 5    585  [21,13,4,1,6,25]     00:00:00:00:00:18    00:00:00:00:00:01 6    585  [21,13,4,2,5,25]     00:00:00:00:00:18    00:00:00:00:00:01 7    585  [21,13,4,2,6,25]     00:00:00:00:00:18    00:00:00:00:00:01 8    585  [21,14,3,1,5,25]     00:00:00:00:00:18    00:00:00:00:00:01 9    585  [21,14,3,1,6,25]     00:00:00:00:00:18    00:00:00:00:00:01 10    585  [21,14,3,2,5,25]     00:00:00:00:00:18    00:00:00:00:00:01 11    585  [21,14,3,2,6,25]     00:00:00:00:00:18    00:00:00:00:00:01 12    585  [21,14,4,1,5,25]     00:00:00:00:00:18    00:00:00:00:00:01 13    585  [21,14,4,1,6,25]     00:00:00:00:00:18    00:00:00:00:00:01 14    585  [21,14,4,2,5,25]     00:00:00:00:00:18    00:00:00:00:00:01 15    585  [21,14,4,2,6,25]  
# h00:00:00:00:00:18 -> h00:00:00:00:00:14
   00:00:00:00:00:18    00:00:00:00:00:14 0    439  [21,13,3,17,44]     00:00:00:00:00:18    00:00:00:00:00:14 1    439  [21,13,3,18,44]     00:00:00:00:00:18    00:00:00:00:00:14 2    439  [21,13,4,17,44]     00:00:00:00:00:18    00:00:00:00:00:14 3    439  [21,13,4,18,44]     00:00:00:00:00:18    00:00:00:00:00:14 4    439  [21,14,3,17,44]     00:00:00:00:00:18    00:00:00:00:00:14 5    439  [21,14,3,18,44]     00:00:00:00:00:18    00:00:00:00:00:14 6    439  [21,14,4,17,44]     00:00:00:00:00:18    00:00:00:00:00:14 7    439  [21,14,4,18,44]     00:00:00:00:00:18    00:00:00:00:00:14 8    585  [21,13,3,4,17,44]     00:00:00:00:00:18    00:00:00:00:00:14 9    585  [21,13,3,4,18,44]     00:00:00:00:00:18    00:00:00:00:00:14 10    585  [21,13,4,3,17,44]     00:00:00:00:00:18    00:00:00:00:00:14 11    585  [21,13,4,3,18,44]     00:00:00:00:00:18    00:00:00:00:00:14 12    585  [21,14,3,4,17,44]     00:00:00:00:00:18    00:00:00:00:00:14 13    585  [21,14,3,4,18,44]     00:00:00:00:00:18    00:00:00:00:00:14 14    585  [21,14,4,3,17,44]     00:00:00:00:00:18    00:00:00:00:00:14 15    585  [21,14,4,3,18,44]  
# h00:00:00:00:00:18 -> h00:00:00:00:00:0b
   00:00:00:00:00:18    00:00:00:00:00:0b 0    585  [21,13,3,1,9,35]     00:00:00:00:00:18    00:00:00:00:00:0b 1    585  [21,13,3,1,10,35]     00:00:00:00:00:18    00:00:00:00:00:0b 2    585  [21,13,3,2,9,35]     00:00:00:00:00:18    00:00:00:00:00:0b 3    585  [21,13,3,2,10,35]     00:00:00:00:00:18    00:00:00:00:00:0b 4    585  [21,13,4,1,9,35]     00:00:00:00:00:18    00:00:00:00:00:0b 5    585  [21,13,4,1,10,35]     00:00:00:00:00:18    00:00:00:00:00:0b 6    585  [21,13,4,2,9,35]     00:00:00:00:00:18    00:00:00:00:00:0b 7    585  [21,13,4,2,10,35]     00:00:00:00:00:18    00:00:00:00:00:0b 8    585  [21,14,3,1,9,35]     00:00:00:00:00:18    00:00:00:00:00:0b 9    585  [21,14,3,1,10,35]     00:00:00:00:00:18    00:00:00:00:00:0b 10    585  [21,14,3,2,9,35]     00:00:00:00:00:18    00:00:00:00:00:0b 11    585  [21,14,3,2,10,35]     00:00:00:00:00:18    00:00:00:00:00:0b 12    585  [21,14,4,1,9,35]     00:00:00:00:00:18    00:00:00:00:00:0b 13    585  [21,14,4,1,10,35]     00:00:00:00:00:18    00:00:00:00:00:0b 14    585  [21,14,4,2,9,35]     00:00:00:00:00:18    00:00:00:00:00:0b 15    585  [21,14,4,2,10,35]  
# h00:00:00:00:00:18 -> h00:00:00:00:00:0a
   00:00:00:00:00:18    00:00:00:00:00:0a 0    585  [21,13,3,1,9,34]     00:00:00:00:00:18    00:00:00:00:00:0a 1    585  [21,13,3,1,10,34]     00:00:00:00:00:18    00:00:00:00:00:0a 2    585  [21,13,3,2,9,34]     00:00:00:00:00:18    00:00:00:00:00:0a 3    585  [21,13,3,2,10,34]     00:00:00:00:00:18    00:00:00:00:00:0a 4    585  [21,13,4,1,9,34]     00:00:00:00:00:18    00:00:00:00:00:0a 5    585  [21,13,4,1,10,34]     00:00:00:00:00:18    00:00:00:00:00:0a 6    585  [21,13,4,2,9,34]     00:00:00:00:00:18    00:00:00:00:00:0a 7    585  [21,13,4,2,10,34]     00:00:00:00:00:18    00:00:00:00:00:0a 8    585  [21,14,3,1,9,34]     00:00:00:00:00:18    00:00:00:00:00:0a 9    585  [21,14,3,1,10,34]     00:00:00:00:00:18    00:00:00:00:00:0a 10    585  [21,14,3,2,9,34]     00:00:00:00:00:18    00:00:00:00:00:0a 11    585  [21,14,3,2,10,34]     00:00:00:00:00:18    00:00:00:00:00:0a 12    585  [21,14,4,1,9,34]     00:00:00:00:00:18    00:00:00:00:00:0a 13    585  [21,14,4,1,10,34]     00:00:00:00:00:18    00:00:00:00:00:0a 14    585  [21,14,4,2,9,34]     00:00:00:00:00:18    00:00:00:00:00:0a 15    585  [21,14,4,2,10,34]  
# h00:00:00:00:00:18 -> h00:00:00:00:00:0c
   00:00:00:00:00:18    00:00:00:00:00:0c 0    585  [21,13,3,1,9,36]     00:00:00:00:00:18    00:00:00:00:00:0c 1    585  [21,13,3,1,10,36]     00:00:00:00:00:18    00:00:00:00:00:0c 2    585  [21,13,3,2,9,36]     00:00:00:00:00:18    00:00:00:00:00:0c 3    585  [21,13,3,2,10,36]     00:00:00:00:00:18    00:00:00:00:00:0c 4    585  [21,13,4,1,9,36]     00:00:00:00:00:18    00:00:00:00:00:0c 5    585  [21,13,4,1,10,36]     00:00:00:00:00:18    00:00:00:00:00:0c 6    585  [21,13,4,2,9,36]     00:00:00:00:00:18    00:00:00:00:00:0c 7    585  [21,13,4,2,10,36]     00:00:00:00:00:18    00:00:00:00:00:0c 8    585  [21,14,3,1,9,36]     00:00:00:00:00:18    00:00:00:00:00:0c 9    585  [21,14,3,1,10,36]     00:00:00:00:00:18    00:00:00:00:00:0c 10    585  [21,14,3,2,9,36]     00:00:00:00:00:18    00:00:00:00:00:0c 11    585  [21,14,3,2,10,36]     00:00:00:00:00:18    00:00:00:00:00:0c 12    585  [21,14,4,1,9,36]     00:00:00:00:00:18    00:00:00:00:00:0c 13    585  [21,14,4,1,10,36]     00:00:00:00:00:18    00:00:00:00:00:0c 14    585  [21,14,4,2,9,36]     00:00:00:00:00:18    00:00:00:00:00:0c 15    585  [21,14,4,2,10,36]  
# h00:00:00:00:00:18 -> h00:00:00:00:00:0d
   00:00:00:00:00:18    00:00:00:00:00:0d 0    585  [21,13,3,1,11,37]     00:00:00:00:00:18    00:00:00:00:00:0d 1    585  [21,13,3,1,12,37]     00:00:00:00:00:18    00:00:00:00:00:0d 2    585  [21,13,3,2,11,37]     00:00:00:00:00:18    00:00:00:00:00:0d 3    585  [21,13,3,2,12,37]     00:00:00:00:00:18    00:00:00:00:00:0d 4    585  [21,13,4,1,11,37]     00:00:00:00:00:18    00:00:00:00:00:0d 5    585  [21,13,4,1,12,37]     00:00:00:00:00:18    00:00:00:00:00:0d 6    585  [21,13,4,2,11,37]     00:00:00:00:00:18    00:00:00:00:00:0d 7    585  [21,13,4,2,12,37]     00:00:00:00:00:18    00:00:00:00:00:0d 8    585  [21,14,3,1,11,37]     00:00:00:00:00:18    00:00:00:00:00:0d 9    585  [21,14,3,1,12,37]     00:00:00:00:00:18    00:00:00:00:00:0d 10    585  [21,14,3,2,11,37]     00:00:00:00:00:18    00:00:00:00:00:0d 11    585  [21,14,3,2,12,37]     00:00:00:00:00:18    00:00:00:00:00:0d 12    585  [21,14,4,1,11,37]     00:00:00:00:00:18    00:00:00:00:00:0d 13    585  [21,14,4,1,12,37]     00:00:00:00:00:18    00:00:00:00:00:0d 14    585  [21,14,4,2,11,37]     00:00:00:00:00:18    00:00:00:00:00:0d 15    585  [21,14,4,2,12,37]  
# h00:00:00:00:00:18 -> h00:00:00:00:00:03
   00:00:00:00:00:18    00:00:00:00:00:03 0    585  [21,13,3,1,5,27]     00:00:00:00:00:18    00:00:00:00:00:03 1    585  [21,13,3,1,6,27]     00:00:00:00:00:18    00:00:00:00:00:03 2    585  [21,13,3,2,5,27]     00:00:00:00:00:18    00:00:00:00:00:03 3    585  [21,13,3,2,6,27]     00:00:00:00:00:18    00:00:00:00:00:03 4    585  [21,13,4,1,5,27]     00:00:00:00:00:18    00:00:00:00:00:03 5    585  [21,13,4,1,6,27]     00:00:00:00:00:18    00:00:00:00:00:03 6    585  [21,13,4,2,5,27]     00:00:00:00:00:18    00:00:00:00:00:03 7    585  [21,13,4,2,6,27]     00:00:00:00:00:18    00:00:00:00:00:03 8    585  [21,14,3,1,5,27]     00:00:00:00:00:18    00:00:00:00:00:03 9    585  [21,14,3,1,6,27]     00:00:00:00:00:18    00:00:00:00:00:03 10    585  [21,14,3,2,5,27]     00:00:00:00:00:18    00:00:00:00:00:03 11    585  [21,14,3,2,6,27]     00:00:00:00:00:18    00:00:00:00:00:03 12    585  [21,14,4,1,5,27]     00:00:00:00:00:18    00:00:00:00:00:03 13    585  [21,14,4,1,6,27]     00:00:00:00:00:18    00:00:00:00:00:03 14    585  [21,14,4,2,5,27]     00:00:00:00:00:18    00:00:00:00:00:03 15    585  [21,14,4,2,6,27]  
# h00:00:00:00:00:18 -> h00:00:00:00:00:11
   00:00:00:00:00:18    00:00:00:00:00:11 0    439  [21,13,3,17,41]     00:00:00:00:00:18    00:00:00:00:00:11 1    439  [21,13,3,18,41]     00:00:00:00:00:18    00:00:00:00:00:11 2    439  [21,13,4,17,41]     00:00:00:00:00:18    00:00:00:00:00:11 3    439  [21,13,4,18,41]     00:00:00:00:00:18    00:00:00:00:00:11 4    439  [21,14,3,17,41]     00:00:00:00:00:18    00:00:00:00:00:11 5    439  [21,14,3,18,41]     00:00:00:00:00:18    00:00:00:00:00:11 6    439  [21,14,4,17,41]     00:00:00:00:00:18    00:00:00:00:00:11 7    439  [21,14,4,18,41]     00:00:00:00:00:18    00:00:00:00:00:11 8    585  [21,13,3,4,17,41]     00:00:00:00:00:18    00:00:00:00:00:11 9    585  [21,13,3,4,18,41]     00:00:00:00:00:18    00:00:00:00:00:11 10    585  [21,13,4,3,17,41]     00:00:00:00:00:18    00:00:00:00:00:11 11    585  [21,13,4,3,18,41]     00:00:00:00:00:18    00:00:00:00:00:11 12    585  [21,14,3,4,17,41]     00:00:00:00:00:18    00:00:00:00:00:11 13    585  [21,14,3,4,18,41]     00:00:00:00:00:18    00:00:00:00:00:11 14    585  [21,14,4,3,17,41]     00:00:00:00:00:18    00:00:00:00:00:11 15    585  [21,14,4,3,18,41]  
# h00:00:00:00:00:18 -> h00:00:00:00:00:02
   00:00:00:00:00:18    00:00:00:00:00:02 0    585  [21,13,3,1,5,26]     00:00:00:00:00:18    00:00:00:00:00:02 1    585  [21,13,3,1,6,26]     00:00:00:00:00:18    00:00:00:00:00:02 2    585  [21,13,3,2,5,26]     00:00:00:00:00:18    00:00:00:00:00:02 3    585  [21,13,3,2,6,26]     00:00:00:00:00:18    00:00:00:00:00:02 4    585  [21,13,4,1,5,26]     00:00:00:00:00:18    00:00:00:00:00:02 5    585  [21,13,4,1,6,26]     00:00:00:00:00:18    00:00:00:00:00:02 6    585  [21,13,4,2,5,26]     00:00:00:00:00:18    00:00:00:00:00:02 7    585  [21,13,4,2,6,26]     00:00:00:00:00:18    00:00:00:00:00:02 8    585  [21,14,3,1,5,26]     00:00:00:00:00:18    00:00:00:00:00:02 9    585  [21,14,3,1,6,26]     00:00:00:00:00:18    00:00:00:00:00:02 10    585  [21,14,3,2,5,26]     00:00:00:00:00:18    00:00:00:00:00:02 11    585  [21,14,3,2,6,26]     00:00:00:00:00:18    00:00:00:00:00:02 12    585  [21,14,4,1,5,26]     00:00:00:00:00:18    00:00:00:00:00:02 13    585  [21,14,4,1,6,26]     00:00:00:00:00:18    00:00:00:00:00:02 14    585  [21,14,4,2,5,26]     00:00:00:00:00:18    00:00:00:00:00:02 15    585  [21,14,4,2,6,26]  
# h00:00:00:00:00:18 -> h00:00:00:00:00:0f
   00:00:00:00:00:18    00:00:00:00:00:0f 0    585  [21,13,3,1,11,39]     00:00:00:00:00:18    00:00:00:00:00:0f 1    585  [21,13,3,1,12,39]     00:00:00:00:00:18    00:00:00:00:00:0f 2    585  [21,13,3,2,11,39]     00:00:00:00:00:18    00:00:00:00:00:0f 3    585  [21,13,3,2,12,39]     00:00:00:00:00:18    00:00:00:00:00:0f 4    585  [21,13,4,1,11,39]     00:00:00:00:00:18    00:00:00:00:00:0f 5    585  [21,13,4,1,12,39]     00:00:00:00:00:18    00:00:00:00:00:0f 6    585  [21,13,4,2,11,39]     00:00:00:00:00:18    00:00:00:00:00:0f 7    585  [21,13,4,2,12,39]     00:00:00:00:00:18    00:00:00:00:00:0f 8    585  [21,14,3,1,11,39]     00:00:00:00:00:18    00:00:00:00:00:0f 9    585  [21,14,3,1,12,39]     00:00:00:00:00:18    00:00:00:00:00:0f 10    585  [21,14,3,2,11,39]     00:00:00:00:00:18    00:00:00:00:00:0f 11    585  [21,14,3,2,12,39]     00:00:00:00:00:18    00:00:00:00:00:0f 12    585  [21,14,4,1,11,39]     00:00:00:00:00:18    00:00:00:00:00:0f 13    585  [21,14,4,1,12,39]     00:00:00:00:00:18    00:00:00:00:00:0f 14    585  [21,14,4,2,11,39]     00:00:00:00:00:18    00:00:00:00:00:0f 15    585  [21,14,4,2,12,39]  
# h00:00:00:00:00:18 -> h00:00:00:00:00:12
   00:00:00:00:00:18    00:00:00:00:00:12 0    439  [21,13,3,17,42]     00:00:00:00:00:18    00:00:00:00:00:12 1    439  [21,13,3,18,42]     00:00:00:00:00:18    00:00:00:00:00:12 2    439  [21,13,4,17,42]     00:00:00:00:00:18    00:00:00:00:00:12 3    439  [21,13,4,18,42]     00:00:00:00:00:18    00:00:00:00:00:12 4    439  [21,14,3,17,42]     00:00:00:00:00:18    00:00:00:00:00:12 5    439  [21,14,3,18,42]     00:00:00:00:00:18    00:00:00:00:00:12 6    439  [21,14,4,17,42]     00:00:00:00:00:18    00:00:00:00:00:12 7    439  [21,14,4,18,42]     00:00:00:00:00:18    00:00:00:00:00:12 8    585  [21,13,3,4,17,42]     00:00:00:00:00:18    00:00:00:00:00:12 9    585  [21,13,3,4,18,42]     00:00:00:00:00:18    00:00:00:00:00:12 10    585  [21,13,4,3,17,42]     00:00:00:00:00:18    00:00:00:00:00:12 11    585  [21,13,4,3,18,42]     00:00:00:00:00:18    00:00:00:00:00:12 12    585  [21,14,3,4,17,42]     00:00:00:00:00:18    00:00:00:00:00:12 13    585  [21,14,3,4,18,42]     00:00:00:00:00:18    00:00:00:00:00:12 14    585  [21,14,4,3,17,42]     00:00:00:00:00:18    00:00:00:00:00:12 15    585  [21,14,4,3,18,42]  
# h00:00:00:00:00:18 -> h00:00:00:00:00:15
   00:00:00:00:00:18    00:00:00:00:00:15 0    439  [21,13,3,17,45]     00:00:00:00:00:18    00:00:00:00:00:15 1    439  [21,13,3,18,45]     00:00:00:00:00:18    00:00:00:00:00:15 2    439  [21,13,4,17,45]     00:00:00:00:00:18    00:00:00:00:00:15 3    439  [21,13,4,18,45]     00:00:00:00:00:18    00:00:00:00:00:15 4    439  [21,14,3,17,45]     00:00:00:00:00:18    00:00:00:00:00:15 5    439  [21,14,3,18,45]     00:00:00:00:00:18    00:00:00:00:00:15 6    439  [21,14,4,17,45]     00:00:00:00:00:18    00:00:00:00:00:15 7    439  [21,14,4,18,45]     00:00:00:00:00:18    00:00:00:00:00:15 8    585  [21,13,3,4,17,45]     00:00:00:00:00:18    00:00:00:00:00:15 9    585  [21,13,3,4,18,45]     00:00:00:00:00:18    00:00:00:00:00:15 10    585  [21,13,4,3,17,45]     00:00:00:00:00:18    00:00:00:00:00:15 11    585  [21,13,4,3,18,45]     00:00:00:00:00:18    00:00:00:00:00:15 12    585  [21,14,3,4,17,45]     00:00:00:00:00:18    00:00:00:00:00:15 13    585  [21,14,3,4,18,45]     00:00:00:00:00:18    00:00:00:00:00:15 14    585  [21,14,4,3,17,45]     00:00:00:00:00:18    00:00:00:00:00:15 15    585  [21,14,4,3,18,45]  
# h00:00:00:00:00:18 -> h00:00:00:00:00:13
   00:00:00:00:00:18    00:00:00:00:00:13 0    439  [21,13,3,17,43]     00:00:00:00:00:18    00:00:00:00:00:13 1    439  [21,13,3,18,43]     00:00:00:00:00:18    00:00:00:00:00:13 2    439  [21,13,4,17,43]     00:00:00:00:00:18    00:00:00:00:00:13 3    439  [21,13,4,18,43]     00:00:00:00:00:18    00:00:00:00:00:13 4    439  [21,14,3,17,43]     00:00:00:00:00:18    00:00:00:00:00:13 5    439  [21,14,3,18,43]     00:00:00:00:00:18    00:00:00:00:00:13 6    439  [21,14,4,17,43]     00:00:00:00:00:18    00:00:00:00:00:13 7    439  [21,14,4,18,43]     00:00:00:00:00:18    00:00:00:00:00:13 8    585  [21,13,3,4,17,43]     00:00:00:00:00:18    00:00:00:00:00:13 9    585  [21,13,3,4,18,43]     00:00:00:00:00:18    00:00:00:00:00:13 10    585  [21,13,4,3,17,43]     00:00:00:00:00:18    00:00:00:00:00:13 11    585  [21,13,4,3,18,43]     00:00:00:00:00:18    00:00:00:00:00:13 12    585  [21,14,3,4,17,43]     00:00:00:00:00:18    00:00:00:00:00:13 13    585  [21,14,3,4,18,43]     00:00:00:00:00:18    00:00:00:00:00:13 14    585  [21,14,4,3,17,43]     00:00:00:00:00:18    00:00:00:00:00:13 15    585  [21,14,4,3,18,43]  
# h00:00:00:00:00:19 -> h00:00:00:00:00:16
   00:00:00:00:00:19    00:00:00:00:00:16 0    439  [22,15,3,13,19]     00:00:00:00:00:19    00:00:00:00:00:16 1    439  [22,15,3,14,19]     00:00:00:00:00:19    00:00:00:00:00:16 2    439  [22,15,4,13,19]     00:00:00:00:00:19    00:00:00:00:00:16 3    439  [22,15,4,14,19]     00:00:00:00:00:19    00:00:00:00:00:16 4    439  [22,16,3,13,19]     00:00:00:00:00:19    00:00:00:00:00:16 5    439  [22,16,3,14,19]     00:00:00:00:00:19    00:00:00:00:00:16 6    439  [22,16,4,13,19]     00:00:00:00:00:19    00:00:00:00:00:16 7    439  [22,16,4,14,19]     00:00:00:00:00:19    00:00:00:00:00:16 8    585  [22,15,3,4,13,19]     00:00:00:00:00:19    00:00:00:00:00:16 9    585  [22,15,3,4,14,19]     00:00:00:00:00:19    00:00:00:00:00:16 10    585  [22,15,4,3,13,19]     00:00:00:00:00:19    00:00:00:00:00:16 11    585  [22,15,4,3,14,19]     00:00:00:00:00:19    00:00:00:00:00:16 12    585  [22,16,3,4,13,19]     00:00:00:00:00:19    00:00:00:00:00:16 13    585  [22,16,3,4,14,19]     00:00:00:00:00:19    00:00:00:00:00:16 14    585  [22,16,4,3,13,19]     00:00:00:00:00:19    00:00:00:00:00:16 15    585  [22,16,4,3,14,19]  
# h00:00:00:00:00:19 -> h00:00:00:00:00:06
   00:00:00:00:00:19    00:00:00:00:00:06 0    585  [22,15,3,1,7,30]     00:00:00:00:00:19    00:00:00:00:00:06 1    585  [22,15,3,1,8,30]     00:00:00:00:00:19    00:00:00:00:00:06 2    585  [22,15,3,2,7,30]     00:00:00:00:00:19    00:00:00:00:00:06 3    585  [22,15,3,2,8,30]     00:00:00:00:00:19    00:00:00:00:00:06 4    585  [22,15,4,1,7,30]     00:00:00:00:00:19    00:00:00:00:00:06 5    585  [22,15,4,1,8,30]     00:00:00:00:00:19    00:00:00:00:00:06 6    585  [22,15,4,2,7,30]     00:00:00:00:00:19    00:00:00:00:00:06 7    585  [22,15,4,2,8,30]     00:00:00:00:00:19    00:00:00:00:00:06 8    585  [22,16,3,1,7,30]     00:00:00:00:00:19    00:00:00:00:00:06 9    585  [22,16,3,1,8,30]     00:00:00:00:00:19    00:00:00:00:00:06 10    585  [22,16,3,2,7,30]     00:00:00:00:00:19    00:00:00:00:00:06 11    585  [22,16,3,2,8,30]     00:00:00:00:00:19    00:00:00:00:00:06 12    585  [22,16,4,1,7,30]     00:00:00:00:00:19    00:00:00:00:00:06 13    585  [22,16,4,1,8,30]     00:00:00:00:00:19    00:00:00:00:00:06 14    585  [22,16,4,2,7,30]     00:00:00:00:00:19    00:00:00:00:00:06 15    585  [22,16,4,2,8,30]  
# h00:00:00:00:00:19 -> h00:00:00:00:00:07
   00:00:00:00:00:19    00:00:00:00:00:07 0    585  [22,15,3,1,7,31]     00:00:00:00:00:19    00:00:00:00:00:07 1    585  [22,15,3,1,8,31]     00:00:00:00:00:19    00:00:00:00:00:07 2    585  [22,15,3,2,7,31]     00:00:00:00:00:19    00:00:00:00:00:07 3    585  [22,15,3,2,8,31]     00:00:00:00:00:19    00:00:00:00:00:07 4    585  [22,15,4,1,7,31]     00:00:00:00:00:19    00:00:00:00:00:07 5    585  [22,15,4,1,8,31]     00:00:00:00:00:19    00:00:00:00:00:07 6    585  [22,15,4,2,7,31]     00:00:00:00:00:19    00:00:00:00:00:07 7    585  [22,15,4,2,8,31]     00:00:00:00:00:19    00:00:00:00:00:07 8    585  [22,16,3,1,7,31]     00:00:00:00:00:19    00:00:00:00:00:07 9    585  [22,16,3,1,8,31]     00:00:00:00:00:19    00:00:00:00:00:07 10    585  [22,16,3,2,7,31]     00:00:00:00:00:19    00:00:00:00:00:07 11    585  [22,16,3,2,8,31]     00:00:00:00:00:19    00:00:00:00:00:07 12    585  [22,16,4,1,7,31]     00:00:00:00:00:19    00:00:00:00:00:07 13    585  [22,16,4,1,8,31]     00:00:00:00:00:19    00:00:00:00:00:07 14    585  [22,16,4,2,7,31]     00:00:00:00:00:19    00:00:00:00:00:07 15    585  [22,16,4,2,8,31]  
# h00:00:00:00:00:19 -> h00:00:00:00:00:1b
   00:00:00:00:00:19    00:00:00:00:00:1b 0    146  [22,15,24]     00:00:00:00:00:19    00:00:00:00:00:1b 1    146  [22,16,24]     00:00:00:00:00:19    00:00:00:00:00:1b 2    439  [22,15,3,16,24]     00:00:00:00:00:19    00:00:00:00:00:1b 3    439  [22,15,4,16,24]     00:00:00:00:00:19    00:00:00:00:00:1b 4    439  [22,15,23,16,24]     00:00:00:00:00:19    00:00:00:00:00:1b 5    439  [22,16,3,15,24]     00:00:00:00:00:19    00:00:00:00:00:1b 6    439  [22,16,4,15,24]     00:00:00:00:00:19    00:00:00:00:00:1b 7    439  [22,16,23,15,24]     00:00:00:00:00:19    00:00:00:00:00:1b 8    585  [22,15,3,4,16,24]     00:00:00:00:00:19    00:00:00:00:00:1b 9    585  [22,15,4,3,16,24]     00:00:00:00:00:19    00:00:00:00:00:1b 10    585  [22,16,3,4,15,24]     00:00:00:00:00:19    00:00:00:00:00:1b 11    585  [22,16,4,3,15,24]     00:00:00:00:00:19    00:00:00:00:00:1b 12    731  [22,15,3,1,4,16,24]     00:00:00:00:00:19    00:00:00:00:00:1b 13    731  [22,15,3,2,4,16,24]     00:00:00:00:00:19    00:00:00:00:00:1b 14    731  [22,15,3,13,4,16,24]     00:00:00:00:00:19    00:00:00:00:00:1b 15    731  [22,15,3,14,4,16,24]  
# h00:00:00:00:00:19 -> h00:00:00:00:00:17
   00:00:00:00:00:19    00:00:00:00:00:17 0    439  [22,15,3,13,20]     00:00:00:00:00:19    00:00:00:00:00:17 1    439  [22,15,3,14,20]     00:00:00:00:00:19    00:00:00:00:00:17 2    439  [22,15,4,13,20]     00:00:00:00:00:19    00:00:00:00:00:17 3    439  [22,15,4,14,20]     00:00:00:00:00:19    00:00:00:00:00:17 4    439  [22,16,3,13,20]     00:00:00:00:00:19    00:00:00:00:00:17 5    439  [22,16,3,14,20]     00:00:00:00:00:19    00:00:00:00:00:17 6    439  [22,16,4,13,20]     00:00:00:00:00:19    00:00:00:00:00:17 7    439  [22,16,4,14,20]     00:00:00:00:00:19    00:00:00:00:00:17 8    585  [22,15,3,4,13,20]     00:00:00:00:00:19    00:00:00:00:00:17 9    585  [22,15,3,4,14,20]     00:00:00:00:00:19    00:00:00:00:00:17 10    585  [22,15,4,3,13,20]     00:00:00:00:00:19    00:00:00:00:00:17 11    585  [22,15,4,3,14,20]     00:00:00:00:00:19    00:00:00:00:00:17 12    585  [22,16,3,4,13,20]     00:00:00:00:00:19    00:00:00:00:00:17 13    585  [22,16,3,4,14,20]     00:00:00:00:00:19    00:00:00:00:00:17 14    585  [22,16,4,3,13,20]     00:00:00:00:00:19    00:00:00:00:00:17 15    585  [22,16,4,3,14,20]  
# h00:00:00:00:00:19 -> h00:00:00:00:00:09
   00:00:00:00:00:19    00:00:00:00:00:09 0    585  [22,15,3,1,9,33]     00:00:00:00:00:19    00:00:00:00:00:09 1    585  [22,15,3,1,10,33]     00:00:00:00:00:19    00:00:00:00:00:09 2    585  [22,15,3,2,9,33]     00:00:00:00:00:19    00:00:00:00:00:09 3    585  [22,15,3,2,10,33]     00:00:00:00:00:19    00:00:00:00:00:09 4    585  [22,15,4,1,9,33]     00:00:00:00:00:19    00:00:00:00:00:09 5    585  [22,15,4,1,10,33]     00:00:00:00:00:19    00:00:00:00:00:09 6    585  [22,15,4,2,9,33]     00:00:00:00:00:19    00:00:00:00:00:09 7    585  [22,15,4,2,10,33]     00:00:00:00:00:19    00:00:00:00:00:09 8    585  [22,16,3,1,9,33]     00:00:00:00:00:19    00:00:00:00:00:09 9    585  [22,16,3,1,10,33]     00:00:00:00:00:19    00:00:00:00:00:09 10    585  [22,16,3,2,9,33]     00:00:00:00:00:19    00:00:00:00:00:09 11    585  [22,16,3,2,10,33]     00:00:00:00:00:19    00:00:00:00:00:09 12    585  [22,16,4,1,9,33]     00:00:00:00:00:19    00:00:00:00:00:09 13    585  [22,16,4,1,10,33]     00:00:00:00:00:19    00:00:00:00:00:09 14    585  [22,16,4,2,9,33]     00:00:00:00:00:19    00:00:00:00:00:09 15    585  [22,16,4,2,10,33]  
# h00:00:00:00:00:19 -> h00:00:00:00:00:05
   00:00:00:00:00:19    00:00:00:00:00:05 0    585  [22,15,3,1,7,29]     00:00:00:00:00:19    00:00:00:00:00:05 1    585  [22,15,3,1,8,29]     00:00:00:00:00:19    00:00:00:00:00:05 2    585  [22,15,3,2,7,29]     00:00:00:00:00:19    00:00:00:00:00:05 3    585  [22,15,3,2,8,29]     00:00:00:00:00:19    00:00:00:00:00:05 4    585  [22,15,4,1,7,29]     00:00:00:00:00:19    00:00:00:00:00:05 5    585  [22,15,4,1,8,29]     00:00:00:00:00:19    00:00:00:00:00:05 6    585  [22,15,4,2,7,29]     00:00:00:00:00:19    00:00:00:00:00:05 7    585  [22,15,4,2,8,29]     00:00:00:00:00:19    00:00:00:00:00:05 8    585  [22,16,3,1,7,29]     00:00:00:00:00:19    00:00:00:00:00:05 9    585  [22,16,3,1,8,29]     00:00:00:00:00:19    00:00:00:00:00:05 10    585  [22,16,3,2,7,29]     00:00:00:00:00:19    00:00:00:00:00:05 11    585  [22,16,3,2,8,29]     00:00:00:00:00:19    00:00:00:00:00:05 12    585  [22,16,4,1,7,29]     00:00:00:00:00:19    00:00:00:00:00:05 13    585  [22,16,4,1,8,29]     00:00:00:00:00:19    00:00:00:00:00:05 14    585  [22,16,4,2,7,29]     00:00:00:00:00:19    00:00:00:00:00:05 15    585  [22,16,4,2,8,29]  
# h00:00:00:00:00:19 -> h00:00:00:00:00:08
   00:00:00:00:00:19    00:00:00:00:00:08 0    585  [22,15,3,1,7,32]     00:00:00:00:00:19    00:00:00:00:00:08 1    585  [22,15,3,1,8,32]     00:00:00:00:00:19    00:00:00:00:00:08 2    585  [22,15,3,2,7,32]     00:00:00:00:00:19    00:00:00:00:00:08 3    585  [22,15,3,2,8,32]     00:00:00:00:00:19    00:00:00:00:00:08 4    585  [22,15,4,1,7,32]     00:00:00:00:00:19    00:00:00:00:00:08 5    585  [22,15,4,1,8,32]     00:00:00:00:00:19    00:00:00:00:00:08 6    585  [22,15,4,2,7,32]     00:00:00:00:00:19    00:00:00:00:00:08 7    585  [22,15,4,2,8,32]     00:00:00:00:00:19    00:00:00:00:00:08 8    585  [22,16,3,1,7,32]     00:00:00:00:00:19    00:00:00:00:00:08 9    585  [22,16,3,1,8,32]     00:00:00:00:00:19    00:00:00:00:00:08 10    585  [22,16,3,2,7,32]     00:00:00:00:00:19    00:00:00:00:00:08 11    585  [22,16,3,2,8,32]     00:00:00:00:00:19    00:00:00:00:00:08 12    585  [22,16,4,1,7,32]     00:00:00:00:00:19    00:00:00:00:00:08 13    585  [22,16,4,1,8,32]     00:00:00:00:00:19    00:00:00:00:00:08 14    585  [22,16,4,2,7,32]     00:00:00:00:00:19    00:00:00:00:00:08 15    585  [22,16,4,2,8,32]  
# h00:00:00:00:00:19 -> h00:00:00:00:00:04
   00:00:00:00:00:19    00:00:00:00:00:04 0    585  [22,15,3,1,5,28]     00:00:00:00:00:19    00:00:00:00:00:04 1    585  [22,15,3,1,6,28]     00:00:00:00:00:19    00:00:00:00:00:04 2    585  [22,15,3,2,5,28]     00:00:00:00:00:19    00:00:00:00:00:04 3    585  [22,15,3,2,6,28]     00:00:00:00:00:19    00:00:00:00:00:04 4    585  [22,15,4,1,5,28]     00:00:00:00:00:19    00:00:00:00:00:04 5    585  [22,15,4,1,6,28]     00:00:00:00:00:19    00:00:00:00:00:04 6    585  [22,15,4,2,5,28]     00:00:00:00:00:19    00:00:00:00:00:04 7    585  [22,15,4,2,6,28]     00:00:00:00:00:19    00:00:00:00:00:04 8    585  [22,16,3,1,5,28]     00:00:00:00:00:19    00:00:00:00:00:04 9    585  [22,16,3,1,6,28]     00:00:00:00:00:19    00:00:00:00:00:04 10    585  [22,16,3,2,5,28]     00:00:00:00:00:19    00:00:00:00:00:04 11    585  [22,16,3,2,6,28]     00:00:00:00:00:19    00:00:00:00:00:04 12    585  [22,16,4,1,5,28]     00:00:00:00:00:19    00:00:00:00:00:04 13    585  [22,16,4,1,6,28]     00:00:00:00:00:19    00:00:00:00:00:04 14    585  [22,16,4,2,5,28]     00:00:00:00:00:19    00:00:00:00:00:04 15    585  [22,16,4,2,6,28]  
# h00:00:00:00:00:19 -> h00:00:00:00:00:1a
   00:00:00:00:00:19    00:00:00:00:00:1a 0    146  [22,15,23]     00:00:00:00:00:19    00:00:00:00:00:1a 1    146  [22,16,23]     00:00:00:00:00:19    00:00:00:00:00:1a 2    439  [22,15,3,16,23]     00:00:00:00:00:19    00:00:00:00:00:1a 3    439  [22,15,4,16,23]     00:00:00:00:00:19    00:00:00:00:00:1a 4    439  [22,15,24,16,23]     00:00:00:00:00:19    00:00:00:00:00:1a 5    439  [22,16,3,15,23]     00:00:00:00:00:19    00:00:00:00:00:1a 6    439  [22,16,4,15,23]     00:00:00:00:00:19    00:00:00:00:00:1a 7    439  [22,16,24,15,23]     00:00:00:00:00:19    00:00:00:00:00:1a 8    585  [22,15,3,4,16,23]     00:00:00:00:00:19    00:00:00:00:00:1a 9    585  [22,15,4,3,16,23]     00:00:00:00:00:19    00:00:00:00:00:1a 10    585  [22,16,3,4,15,23]     00:00:00:00:00:19    00:00:00:00:00:1a 11    585  [22,16,4,3,15,23]     00:00:00:00:00:19    00:00:00:00:00:1a 12    731  [22,15,3,1,4,16,23]     00:00:00:00:00:19    00:00:00:00:00:1a 13    731  [22,15,3,2,4,16,23]     00:00:00:00:00:19    00:00:00:00:00:1a 14    731  [22,15,3,13,4,16,23]     00:00:00:00:00:19    00:00:00:00:00:1a 15    731  [22,15,3,14,4,16,23]  
# h00:00:00:00:00:19 -> h00:00:00:00:00:10
   00:00:00:00:00:19    00:00:00:00:00:10 0    585  [22,15,3,1,11,40]     00:00:00:00:00:19    00:00:00:00:00:10 1    585  [22,15,3,1,12,40]     00:00:00:00:00:19    00:00:00:00:00:10 2    585  [22,15,3,2,11,40]     00:00:00:00:00:19    00:00:00:00:00:10 3    585  [22,15,3,2,12,40]     00:00:00:00:00:19    00:00:00:00:00:10 4    585  [22,15,4,1,11,40]     00:00:00:00:00:19    00:00:00:00:00:10 5    585  [22,15,4,1,12,40]     00:00:00:00:00:19    00:00:00:00:00:10 6    585  [22,15,4,2,11,40]     00:00:00:00:00:19    00:00:00:00:00:10 7    585  [22,15,4,2,12,40]     00:00:00:00:00:19    00:00:00:00:00:10 8    585  [22,16,3,1,11,40]     00:00:00:00:00:19    00:00:00:00:00:10 9    585  [22,16,3,1,12,40]     00:00:00:00:00:19    00:00:00:00:00:10 10    585  [22,16,3,2,11,40]     00:00:00:00:00:19    00:00:00:00:00:10 11    585  [22,16,3,2,12,40]     00:00:00:00:00:19    00:00:00:00:00:10 12    585  [22,16,4,1,11,40]     00:00:00:00:00:19    00:00:00:00:00:10 13    585  [22,16,4,1,12,40]     00:00:00:00:00:19    00:00:00:00:00:10 14    585  [22,16,4,2,11,40]     00:00:00:00:00:19    00:00:00:00:00:10 15    585  [22,16,4,2,12,40]  
# h00:00:00:00:00:19 -> h00:00:00:00:00:18
   00:00:00:00:00:19    00:00:00:00:00:18 0    439  [22,15,3,13,21]     00:00:00:00:00:19    00:00:00:00:00:18 1    439  [22,15,3,14,21]     00:00:00:00:00:19    00:00:00:00:00:18 2    439  [22,15,4,13,21]     00:00:00:00:00:19    00:00:00:00:00:18 3    439  [22,15,4,14,21]     00:00:00:00:00:19    00:00:00:00:00:18 4    439  [22,16,3,13,21]     00:00:00:00:00:19    00:00:00:00:00:18 5    439  [22,16,3,14,21]     00:00:00:00:00:19    00:00:00:00:00:18 6    439  [22,16,4,13,21]     00:00:00:00:00:19    00:00:00:00:00:18 7    439  [22,16,4,14,21]     00:00:00:00:00:19    00:00:00:00:00:18 8    585  [22,15,3,4,13,21]     00:00:00:00:00:19    00:00:00:00:00:18 9    585  [22,15,3,4,14,21]     00:00:00:00:00:19    00:00:00:00:00:18 10    585  [22,15,4,3,13,21]     00:00:00:00:00:19    00:00:00:00:00:18 11    585  [22,15,4,3,14,21]     00:00:00:00:00:19    00:00:00:00:00:18 12    585  [22,16,3,4,13,21]     00:00:00:00:00:19    00:00:00:00:00:18 13    585  [22,16,3,4,14,21]     00:00:00:00:00:19    00:00:00:00:00:18 14    585  [22,16,4,3,13,21]     00:00:00:00:00:19    00:00:00:00:00:18 15    585  [22,16,4,3,14,21]  
# h00:00:00:00:00:19 -> h00:00:00:00:00:0e
   00:00:00:00:00:19    00:00:00:00:00:0e 0    585  [22,15,3,1,11,38]     00:00:00:00:00:19    00:00:00:00:00:0e 1    585  [22,15,3,1,12,38]     00:00:00:00:00:19    00:00:00:00:00:0e 2    585  [22,15,3,2,11,38]     00:00:00:00:00:19    00:00:00:00:00:0e 3    585  [22,15,3,2,12,38]     00:00:00:00:00:19    00:00:00:00:00:0e 4    585  [22,15,4,1,11,38]     00:00:00:00:00:19    00:00:00:00:00:0e 5    585  [22,15,4,1,12,38]     00:00:00:00:00:19    00:00:00:00:00:0e 6    585  [22,15,4,2,11,38]     00:00:00:00:00:19    00:00:00:00:00:0e 7    585  [22,15,4,2,12,38]     00:00:00:00:00:19    00:00:00:00:00:0e 8    585  [22,16,3,1,11,38]     00:00:00:00:00:19    00:00:00:00:00:0e 9    585  [22,16,3,1,12,38]     00:00:00:00:00:19    00:00:00:00:00:0e 10    585  [22,16,3,2,11,38]     00:00:00:00:00:19    00:00:00:00:00:0e 11    585  [22,16,3,2,12,38]     00:00:00:00:00:19    00:00:00:00:00:0e 12    585  [22,16,4,1,11,38]     00:00:00:00:00:19    00:00:00:00:00:0e 13    585  [22,16,4,1,12,38]     00:00:00:00:00:19    00:00:00:00:00:0e 14    585  [22,16,4,2,11,38]     00:00:00:00:00:19    00:00:00:00:00:0e 15    585  [22,16,4,2,12,38]  
# h00:00:00:00:00:19 -> h00:00:00:00:00:01
   00:00:00:00:00:19    00:00:00:00:00:01 0    585  [22,15,3,1,5,25]     00:00:00:00:00:19    00:00:00:00:00:01 1    585  [22,15,3,1,6,25]     00:00:00:00:00:19    00:00:00:00:00:01 2    585  [22,15,3,2,5,25]     00:00:00:00:00:19    00:00:00:00:00:01 3    585  [22,15,3,2,6,25]     00:00:00:00:00:19    00:00:00:00:00:01 4    585  [22,15,4,1,5,25]     00:00:00:00:00:19    00:00:00:00:00:01 5    585  [22,15,4,1,6,25]     00:00:00:00:00:19    00:00:00:00:00:01 6    585  [22,15,4,2,5,25]     00:00:00:00:00:19    00:00:00:00:00:01 7    585  [22,15,4,2,6,25]     00:00:00:00:00:19    00:00:00:00:00:01 8    585  [22,16,3,1,5,25]     00:00:00:00:00:19    00:00:00:00:00:01 9    585  [22,16,3,1,6,25]     00:00:00:00:00:19    00:00:00:00:00:01 10    585  [22,16,3,2,5,25]     00:00:00:00:00:19    00:00:00:00:00:01 11    585  [22,16,3,2,6,25]     00:00:00:00:00:19    00:00:00:00:00:01 12    585  [22,16,4,1,5,25]     00:00:00:00:00:19    00:00:00:00:00:01 13    585  [22,16,4,1,6,25]     00:00:00:00:00:19    00:00:00:00:00:01 14    585  [22,16,4,2,5,25]     00:00:00:00:00:19    00:00:00:00:00:01 15    585  [22,16,4,2,6,25]  
# h00:00:00:00:00:19 -> h00:00:00:00:00:14
   00:00:00:00:00:19    00:00:00:00:00:14 0    439  [22,15,3,17,44]     00:00:00:00:00:19    00:00:00:00:00:14 1    439  [22,15,3,18,44]     00:00:00:00:00:19    00:00:00:00:00:14 2    439  [22,15,4,17,44]     00:00:00:00:00:19    00:00:00:00:00:14 3    439  [22,15,4,18,44]     00:00:00:00:00:19    00:00:00:00:00:14 4    439  [22,16,3,17,44]     00:00:00:00:00:19    00:00:00:00:00:14 5    439  [22,16,3,18,44]     00:00:00:00:00:19    00:00:00:00:00:14 6    439  [22,16,4,17,44]     00:00:00:00:00:19    00:00:00:00:00:14 7    439  [22,16,4,18,44]     00:00:00:00:00:19    00:00:00:00:00:14 8    585  [22,15,3,4,17,44]     00:00:00:00:00:19    00:00:00:00:00:14 9    585  [22,15,3,4,18,44]     00:00:00:00:00:19    00:00:00:00:00:14 10    585  [22,15,4,3,17,44]     00:00:00:00:00:19    00:00:00:00:00:14 11    585  [22,15,4,3,18,44]     00:00:00:00:00:19    00:00:00:00:00:14 12    585  [22,16,3,4,17,44]     00:00:00:00:00:19    00:00:00:00:00:14 13    585  [22,16,3,4,18,44]     00:00:00:00:00:19    00:00:00:00:00:14 14    585  [22,16,4,3,17,44]     00:00:00:00:00:19    00:00:00:00:00:14 15    585  [22,16,4,3,18,44]  
# h00:00:00:00:00:19 -> h00:00:00:00:00:0b
   00:00:00:00:00:19    00:00:00:00:00:0b 0    585  [22,15,3,1,9,35]     00:00:00:00:00:19    00:00:00:00:00:0b 1    585  [22,15,3,1,10,35]     00:00:00:00:00:19    00:00:00:00:00:0b 2    585  [22,15,3,2,9,35]     00:00:00:00:00:19    00:00:00:00:00:0b 3    585  [22,15,3,2,10,35]     00:00:00:00:00:19    00:00:00:00:00:0b 4    585  [22,15,4,1,9,35]     00:00:00:00:00:19    00:00:00:00:00:0b 5    585  [22,15,4,1,10,35]     00:00:00:00:00:19    00:00:00:00:00:0b 6    585  [22,15,4,2,9,35]     00:00:00:00:00:19    00:00:00:00:00:0b 7    585  [22,15,4,2,10,35]     00:00:00:00:00:19    00:00:00:00:00:0b 8    585  [22,16,3,1,9,35]     00:00:00:00:00:19    00:00:00:00:00:0b 9    585  [22,16,3,1,10,35]     00:00:00:00:00:19    00:00:00:00:00:0b 10    585  [22,16,3,2,9,35]     00:00:00:00:00:19    00:00:00:00:00:0b 11    585  [22,16,3,2,10,35]     00:00:00:00:00:19    00:00:00:00:00:0b 12    585  [22,16,4,1,9,35]     00:00:00:00:00:19    00:00:00:00:00:0b 13    585  [22,16,4,1,10,35]     00:00:00:00:00:19    00:00:00:00:00:0b 14    585  [22,16,4,2,9,35]     00:00:00:00:00:19    00:00:00:00:00:0b 15    585  [22,16,4,2,10,35]  
# h00:00:00:00:00:19 -> h00:00:00:00:00:0a
   00:00:00:00:00:19    00:00:00:00:00:0a 0    585  [22,15,3,1,9,34]     00:00:00:00:00:19    00:00:00:00:00:0a 1    585  [22,15,3,1,10,34]     00:00:00:00:00:19    00:00:00:00:00:0a 2    585  [22,15,3,2,9,34]     00:00:00:00:00:19    00:00:00:00:00:0a 3    585  [22,15,3,2,10,34]     00:00:00:00:00:19    00:00:00:00:00:0a 4    585  [22,15,4,1,9,34]     00:00:00:00:00:19    00:00:00:00:00:0a 5    585  [22,15,4,1,10,34]     00:00:00:00:00:19    00:00:00:00:00:0a 6    585  [22,15,4,2,9,34]     00:00:00:00:00:19    00:00:00:00:00:0a 7    585  [22,15,4,2,10,34]     00:00:00:00:00:19    00:00:00:00:00:0a 8    585  [22,16,3,1,9,34]     00:00:00:00:00:19    00:00:00:00:00:0a 9    585  [22,16,3,1,10,34]     00:00:00:00:00:19    00:00:00:00:00:0a 10    585  [22,16,3,2,9,34]     00:00:00:00:00:19    00:00:00:00:00:0a 11    585  [22,16,3,2,10,34]     00:00:00:00:00:19    00:00:00:00:00:0a 12    585  [22,16,4,1,9,34]     00:00:00:00:00:19    00:00:00:00:00:0a 13    585  [22,16,4,1,10,34]     00:00:00:00:00:19    00:00:00:00:00:0a 14    585  [22,16,4,2,9,34]     00:00:00:00:00:19    00:00:00:00:00:0a 15    585  [22,16,4,2,10,34]  
# h00:00:00:00:00:19 -> h00:00:00:00:00:0c
   00:00:00:00:00:19    00:00:00:00:00:0c 0    585  [22,15,3,1,9,36]     00:00:00:00:00:19    00:00:00:00:00:0c 1    585  [22,15,3,1,10,36]     00:00:00:00:00:19    00:00:00:00:00:0c 2    585  [22,15,3,2,9,36]     00:00:00:00:00:19    00:00:00:00:00:0c 3    585  [22,15,3,2,10,36]     00:00:00:00:00:19    00:00:00:00:00:0c 4    585  [22,15,4,1,9,36]     00:00:00:00:00:19    00:00:00:00:00:0c 5    585  [22,15,4,1,10,36]     00:00:00:00:00:19    00:00:00:00:00:0c 6    585  [22,15,4,2,9,36]     00:00:00:00:00:19    00:00:00:00:00:0c 7    585  [22,15,4,2,10,36]     00:00:00:00:00:19    00:00:00:00:00:0c 8    585  [22,16,3,1,9,36]     00:00:00:00:00:19    00:00:00:00:00:0c 9    585  [22,16,3,1,10,36]     00:00:00:00:00:19    00:00:00:00:00:0c 10    585  [22,16,3,2,9,36]     00:00:00:00:00:19    00:00:00:00:00:0c 11    585  [22,16,3,2,10,36]     00:00:00:00:00:19    00:00:00:00:00:0c 12    585  [22,16,4,1,9,36]     00:00:00:00:00:19    00:00:00:00:00:0c 13    585  [22,16,4,1,10,36]     00:00:00:00:00:19    00:00:00:00:00:0c 14    585  [22,16,4,2,9,36]     00:00:00:00:00:19    00:00:00:00:00:0c 15    585  [22,16,4,2,10,36]  
# h00:00:00:00:00:19 -> h00:00:00:00:00:0d
   00:00:00:00:00:19    00:00:00:00:00:0d 0    585  [22,15,3,1,11,37]     00:00:00:00:00:19    00:00:00:00:00:0d 1    585  [22,15,3,1,12,37]     00:00:00:00:00:19    00:00:00:00:00:0d 2    585  [22,15,3,2,11,37]     00:00:00:00:00:19    00:00:00:00:00:0d 3    585  [22,15,3,2,12,37]     00:00:00:00:00:19    00:00:00:00:00:0d 4    585  [22,15,4,1,11,37]     00:00:00:00:00:19    00:00:00:00:00:0d 5    585  [22,15,4,1,12,37]     00:00:00:00:00:19    00:00:00:00:00:0d 6    585  [22,15,4,2,11,37]     00:00:00:00:00:19    00:00:00:00:00:0d 7    585  [22,15,4,2,12,37]     00:00:00:00:00:19    00:00:00:00:00:0d 8    585  [22,16,3,1,11,37]     00:00:00:00:00:19    00:00:00:00:00:0d 9    585  [22,16,3,1,12,37]     00:00:00:00:00:19    00:00:00:00:00:0d 10    585  [22,16,3,2,11,37]     00:00:00:00:00:19    00:00:00:00:00:0d 11    585  [22,16,3,2,12,37]     00:00:00:00:00:19    00:00:00:00:00:0d 12    585  [22,16,4,1,11,37]     00:00:00:00:00:19    00:00:00:00:00:0d 13    585  [22,16,4,1,12,37]     00:00:00:00:00:19    00:00:00:00:00:0d 14    585  [22,16,4,2,11,37]     00:00:00:00:00:19    00:00:00:00:00:0d 15    585  [22,16,4,2,12,37]  
# h00:00:00:00:00:19 -> h00:00:00:00:00:03
   00:00:00:00:00:19    00:00:00:00:00:03 0    585  [22,15,3,1,5,27]     00:00:00:00:00:19    00:00:00:00:00:03 1    585  [22,15,3,1,6,27]     00:00:00:00:00:19    00:00:00:00:00:03 2    585  [22,15,3,2,5,27]     00:00:00:00:00:19    00:00:00:00:00:03 3    585  [22,15,3,2,6,27]     00:00:00:00:00:19    00:00:00:00:00:03 4    585  [22,15,4,1,5,27]     00:00:00:00:00:19    00:00:00:00:00:03 5    585  [22,15,4,1,6,27]     00:00:00:00:00:19    00:00:00:00:00:03 6    585  [22,15,4,2,5,27]     00:00:00:00:00:19    00:00:00:00:00:03 7    585  [22,15,4,2,6,27]     00:00:00:00:00:19    00:00:00:00:00:03 8    585  [22,16,3,1,5,27]     00:00:00:00:00:19    00:00:00:00:00:03 9    585  [22,16,3,1,6,27]     00:00:00:00:00:19    00:00:00:00:00:03 10    585  [22,16,3,2,5,27]     00:00:00:00:00:19    00:00:00:00:00:03 11    585  [22,16,3,2,6,27]     00:00:00:00:00:19    00:00:00:00:00:03 12    585  [22,16,4,1,5,27]     00:00:00:00:00:19    00:00:00:00:00:03 13    585  [22,16,4,1,6,27]     00:00:00:00:00:19    00:00:00:00:00:03 14    585  [22,16,4,2,5,27]     00:00:00:00:00:19    00:00:00:00:00:03 15    585  [22,16,4,2,6,27]  
# h00:00:00:00:00:19 -> h00:00:00:00:00:11
   00:00:00:00:00:19    00:00:00:00:00:11 0    439  [22,15,3,17,41]     00:00:00:00:00:19    00:00:00:00:00:11 1    439  [22,15,3,18,41]     00:00:00:00:00:19    00:00:00:00:00:11 2    439  [22,15,4,17,41]     00:00:00:00:00:19    00:00:00:00:00:11 3    439  [22,15,4,18,41]     00:00:00:00:00:19    00:00:00:00:00:11 4    439  [22,16,3,17,41]     00:00:00:00:00:19    00:00:00:00:00:11 5    439  [22,16,3,18,41]     00:00:00:00:00:19    00:00:00:00:00:11 6    439  [22,16,4,17,41]     00:00:00:00:00:19    00:00:00:00:00:11 7    439  [22,16,4,18,41]     00:00:00:00:00:19    00:00:00:00:00:11 8    585  [22,15,3,4,17,41]     00:00:00:00:00:19    00:00:00:00:00:11 9    585  [22,15,3,4,18,41]     00:00:00:00:00:19    00:00:00:00:00:11 10    585  [22,15,4,3,17,41]     00:00:00:00:00:19    00:00:00:00:00:11 11    585  [22,15,4,3,18,41]     00:00:00:00:00:19    00:00:00:00:00:11 12    585  [22,16,3,4,17,41]     00:00:00:00:00:19    00:00:00:00:00:11 13    585  [22,16,3,4,18,41]     00:00:00:00:00:19    00:00:00:00:00:11 14    585  [22,16,4,3,17,41]     00:00:00:00:00:19    00:00:00:00:00:11 15    585  [22,16,4,3,18,41]  
# h00:00:00:00:00:19 -> h00:00:00:00:00:02
   00:00:00:00:00:19    00:00:00:00:00:02 0    585  [22,15,3,1,5,26]     00:00:00:00:00:19    00:00:00:00:00:02 1    585  [22,15,3,1,6,26]     00:00:00:00:00:19    00:00:00:00:00:02 2    585  [22,15,3,2,5,26]     00:00:00:00:00:19    00:00:00:00:00:02 3    585  [22,15,3,2,6,26]     00:00:00:00:00:19    00:00:00:00:00:02 4    585  [22,15,4,1,5,26]     00:00:00:00:00:19    00:00:00:00:00:02 5    585  [22,15,4,1,6,26]     00:00:00:00:00:19    00:00:00:00:00:02 6    585  [22,15,4,2,5,26]     00:00:00:00:00:19    00:00:00:00:00:02 7    585  [22,15,4,2,6,26]     00:00:00:00:00:19    00:00:00:00:00:02 8    585  [22,16,3,1,5,26]     00:00:00:00:00:19    00:00:00:00:00:02 9    585  [22,16,3,1,6,26]     00:00:00:00:00:19    00:00:00:00:00:02 10    585  [22,16,3,2,5,26]     00:00:00:00:00:19    00:00:00:00:00:02 11    585  [22,16,3,2,6,26]     00:00:00:00:00:19    00:00:00:00:00:02 12    585  [22,16,4,1,5,26]     00:00:00:00:00:19    00:00:00:00:00:02 13    585  [22,16,4,1,6,26]     00:00:00:00:00:19    00:00:00:00:00:02 14    585  [22,16,4,2,5,26]     00:00:00:00:00:19    00:00:00:00:00:02 15    585  [22,16,4,2,6,26]  
# h00:00:00:00:00:19 -> h00:00:00:00:00:0f
   00:00:00:00:00:19    00:00:00:00:00:0f 0    585  [22,15,3,1,11,39]     00:00:00:00:00:19    00:00:00:00:00:0f 1    585  [22,15,3,1,12,39]     00:00:00:00:00:19    00:00:00:00:00:0f 2    585  [22,15,3,2,11,39]     00:00:00:00:00:19    00:00:00:00:00:0f 3    585  [22,15,3,2,12,39]     00:00:00:00:00:19    00:00:00:00:00:0f 4    585  [22,15,4,1,11,39]     00:00:00:00:00:19    00:00:00:00:00:0f 5    585  [22,15,4,1,12,39]     00:00:00:00:00:19    00:00:00:00:00:0f 6    585  [22,15,4,2,11,39]     00:00:00:00:00:19    00:00:00:00:00:0f 7    585  [22,15,4,2,12,39]     00:00:00:00:00:19    00:00:00:00:00:0f 8    585  [22,16,3,1,11,39]     00:00:00:00:00:19    00:00:00:00:00:0f 9    585  [22,16,3,1,12,39]     00:00:00:00:00:19    00:00:00:00:00:0f 10    585  [22,16,3,2,11,39]     00:00:00:00:00:19    00:00:00:00:00:0f 11    585  [22,16,3,2,12,39]     00:00:00:00:00:19    00:00:00:00:00:0f 12    585  [22,16,4,1,11,39]     00:00:00:00:00:19    00:00:00:00:00:0f 13    585  [22,16,4,1,12,39]     00:00:00:00:00:19    00:00:00:00:00:0f 14    585  [22,16,4,2,11,39]     00:00:00:00:00:19    00:00:00:00:00:0f 15    585  [22,16,4,2,12,39]  
# h00:00:00:00:00:19 -> h00:00:00:00:00:12
   00:00:00:00:00:19    00:00:00:00:00:12 0    439  [22,15,3,17,42]     00:00:00:00:00:19    00:00:00:00:00:12 1    439  [22,15,3,18,42]     00:00:00:00:00:19    00:00:00:00:00:12 2    439  [22,15,4,17,42]     00:00:00:00:00:19    00:00:00:00:00:12 3    439  [22,15,4,18,42]     00:00:00:00:00:19    00:00:00:00:00:12 4    439  [22,16,3,17,42]     00:00:00:00:00:19    00:00:00:00:00:12 5    439  [22,16,3,18,42]     00:00:00:00:00:19    00:00:00:00:00:12 6    439  [22,16,4,17,42]     00:00:00:00:00:19    00:00:00:00:00:12 7    439  [22,16,4,18,42]     00:00:00:00:00:19    00:00:00:00:00:12 8    585  [22,15,3,4,17,42]     00:00:00:00:00:19    00:00:00:00:00:12 9    585  [22,15,3,4,18,42]     00:00:00:00:00:19    00:00:00:00:00:12 10    585  [22,15,4,3,17,42]     00:00:00:00:00:19    00:00:00:00:00:12 11    585  [22,15,4,3,18,42]     00:00:00:00:00:19    00:00:00:00:00:12 12    585  [22,16,3,4,17,42]     00:00:00:00:00:19    00:00:00:00:00:12 13    585  [22,16,3,4,18,42]     00:00:00:00:00:19    00:00:00:00:00:12 14    585  [22,16,4,3,17,42]     00:00:00:00:00:19    00:00:00:00:00:12 15    585  [22,16,4,3,18,42]  
# h00:00:00:00:00:19 -> h00:00:00:00:00:15
   00:00:00:00:00:19    00:00:00:00:00:15 0    439  [22,15,3,17,45]     00:00:00:00:00:19    00:00:00:00:00:15 1    439  [22,15,3,18,45]     00:00:00:00:00:19    00:00:00:00:00:15 2    439  [22,15,4,17,45]     00:00:00:00:00:19    00:00:00:00:00:15 3    439  [22,15,4,18,45]     00:00:00:00:00:19    00:00:00:00:00:15 4    439  [22,16,3,17,45]     00:00:00:00:00:19    00:00:00:00:00:15 5    439  [22,16,3,18,45]     00:00:00:00:00:19    00:00:00:00:00:15 6    439  [22,16,4,17,45]     00:00:00:00:00:19    00:00:00:00:00:15 7    439  [22,16,4,18,45]     00:00:00:00:00:19    00:00:00:00:00:15 8    585  [22,15,3,4,17,45]     00:00:00:00:00:19    00:00:00:00:00:15 9    585  [22,15,3,4,18,45]     00:00:00:00:00:19    00:00:00:00:00:15 10    585  [22,15,4,3,17,45]     00:00:00:00:00:19    00:00:00:00:00:15 11    585  [22,15,4,3,18,45]     00:00:00:00:00:19    00:00:00:00:00:15 12    585  [22,16,3,4,17,45]     00:00:00:00:00:19    00:00:00:00:00:15 13    585  [22,16,3,4,18,45]     00:00:00:00:00:19    00:00:00:00:00:15 14    585  [22,16,4,3,17,45]     00:00:00:00:00:19    00:00:00:00:00:15 15    585  [22,16,4,3,18,45]  
# h00:00:00:00:00:19 -> h00:00:00:00:00:13
   00:00:00:00:00:19    00:00:00:00:00:13 0    439  [22,15,3,17,43]     00:00:00:00:00:19    00:00:00:00:00:13 1    439  [22,15,3,18,43]     00:00:00:00:00:19    00:00:00:00:00:13 2    439  [22,15,4,17,43]     00:00:00:00:00:19    00:00:00:00:00:13 3    439  [22,15,4,18,43]     00:00:00:00:00:19    00:00:00:00:00:13 4    439  [22,16,3,17,43]     00:00:00:00:00:19    00:00:00:00:00:13 5    439  [22,16,3,18,43]     00:00:00:00:00:19    00:00:00:00:00:13 6    439  [22,16,4,17,43]     00:00:00:00:00:19    00:00:00:00:00:13 7    439  [22,16,4,18,43]     00:00:00:00:00:19    00:00:00:00:00:13 8    585  [22,15,3,4,17,43]     00:00:00:00:00:19    00:00:00:00:00:13 9    585  [22,15,3,4,18,43]     00:00:00:00:00:19    00:00:00:00:00:13 10    585  [22,15,4,3,17,43]     00:00:00:00:00:19    00:00:00:00:00:13 11    585  [22,15,4,3,18,43]     00:00:00:00:00:19    00:00:00:00:00:13 12    585  [22,16,3,4,17,43]     00:00:00:00:00:19    00:00:00:00:00:13 13    585  [22,16,3,4,18,43]     00:00:00:00:00:19    00:00:00:00:00:13 14    585  [22,16,4,3,17,43]     00:00:00:00:00:19    00:00:00:00:00:13 15    585  [22,16,4,3,18,43]  
# h00:00:00:00:00:0e -> h00:00:00:00:00:16
   00:00:00:00:00:0e    00:00:00:00:00:16 0    585  [38,11,1,3,13,19]     00:00:00:00:00:0e    00:00:00:00:00:16 1    585  [38,11,1,3,14,19]     00:00:00:00:00:0e    00:00:00:00:00:16 2    585  [38,11,1,4,13,19]     00:00:00:00:00:0e    00:00:00:00:00:16 3    585  [38,11,1,4,14,19]     00:00:00:00:00:0e    00:00:00:00:00:16 4    585  [38,11,2,3,13,19]     00:00:00:00:00:0e    00:00:00:00:00:16 5    585  [38,11,2,3,14,19]     00:00:00:00:00:0e    00:00:00:00:00:16 6    585  [38,11,2,4,13,19]     00:00:00:00:00:0e    00:00:00:00:00:16 7    585  [38,11,2,4,14,19]     00:00:00:00:00:0e    00:00:00:00:00:16 8    585  [38,12,1,3,13,19]     00:00:00:00:00:0e    00:00:00:00:00:16 9    585  [38,12,1,3,14,19]     00:00:00:00:00:0e    00:00:00:00:00:16 10    585  [38,12,1,4,13,19]     00:00:00:00:00:0e    00:00:00:00:00:16 11    585  [38,12,1,4,14,19]     00:00:00:00:00:0e    00:00:00:00:00:16 12    585  [38,12,2,3,13,19]     00:00:00:00:00:0e    00:00:00:00:00:16 13    585  [38,12,2,3,14,19]     00:00:00:00:00:0e    00:00:00:00:00:16 14    585  [38,12,2,4,13,19]     00:00:00:00:00:0e    00:00:00:00:00:16 15    585  [38,12,2,4,14,19]  
# h00:00:00:00:00:0e -> h00:00:00:00:00:06
   00:00:00:00:00:0e    00:00:00:00:00:06 0    439  [38,11,1,7,30]     00:00:00:00:00:0e    00:00:00:00:00:06 1    439  [38,11,1,8,30]     00:00:00:00:00:0e    00:00:00:00:00:06 2    439  [38,11,2,7,30]     00:00:00:00:00:0e    00:00:00:00:00:06 3    439  [38,11,2,8,30]     00:00:00:00:00:0e    00:00:00:00:00:06 4    439  [38,12,1,7,30]     00:00:00:00:00:0e    00:00:00:00:00:06 5    439  [38,12,1,8,30]     00:00:00:00:00:0e    00:00:00:00:00:06 6    439  [38,12,2,7,30]     00:00:00:00:00:0e    00:00:00:00:00:06 7    439  [38,12,2,8,30]     00:00:00:00:00:0e    00:00:00:00:00:06 8    585  [38,11,1,2,7,30]     00:00:00:00:00:0e    00:00:00:00:00:06 9    585  [38,11,1,2,8,30]     00:00:00:00:00:0e    00:00:00:00:00:06 10    585  [38,11,2,1,7,30]     00:00:00:00:00:0e    00:00:00:00:00:06 11    585  [38,11,2,1,8,30]     00:00:00:00:00:0e    00:00:00:00:00:06 12    585  [38,12,1,2,7,30]     00:00:00:00:00:0e    00:00:00:00:00:06 13    585  [38,12,1,2,8,30]     00:00:00:00:00:0e    00:00:00:00:00:06 14    585  [38,12,2,1,7,30]     00:00:00:00:00:0e    00:00:00:00:00:06 15    585  [38,12,2,1,8,30]  
# h00:00:00:00:00:0e -> h00:00:00:00:00:07
   00:00:00:00:00:0e    00:00:00:00:00:07 0    439  [38,11,1,7,31]     00:00:00:00:00:0e    00:00:00:00:00:07 1    439  [38,11,1,8,31]     00:00:00:00:00:0e    00:00:00:00:00:07 2    439  [38,11,2,7,31]     00:00:00:00:00:0e    00:00:00:00:00:07 3    439  [38,11,2,8,31]     00:00:00:00:00:0e    00:00:00:00:00:07 4    439  [38,12,1,7,31]     00:00:00:00:00:0e    00:00:00:00:00:07 5    439  [38,12,1,8,31]     00:00:00:00:00:0e    00:00:00:00:00:07 6    439  [38,12,2,7,31]     00:00:00:00:00:0e    00:00:00:00:00:07 7    439  [38,12,2,8,31]     00:00:00:00:00:0e    00:00:00:00:00:07 8    585  [38,11,1,2,7,31]     00:00:00:00:00:0e    00:00:00:00:00:07 9    585  [38,11,1,2,8,31]     00:00:00:00:00:0e    00:00:00:00:00:07 10    585  [38,11,2,1,7,31]     00:00:00:00:00:0e    00:00:00:00:00:07 11    585  [38,11,2,1,8,31]     00:00:00:00:00:0e    00:00:00:00:00:07 12    585  [38,12,1,2,7,31]     00:00:00:00:00:0e    00:00:00:00:00:07 13    585  [38,12,1,2,8,31]     00:00:00:00:00:0e    00:00:00:00:00:07 14    585  [38,12,2,1,7,31]     00:00:00:00:00:0e    00:00:00:00:00:07 15    585  [38,12,2,1,8,31]  
# h00:00:00:00:00:0e -> h00:00:00:00:00:1b
   00:00:00:00:00:0e    00:00:00:00:00:1b 0    585  [38,11,1,3,15,24]     00:00:00:00:00:0e    00:00:00:00:00:1b 1    585  [38,11,1,3,16,24]     00:00:00:00:00:0e    00:00:00:00:00:1b 2    585  [38,11,1,4,15,24]     00:00:00:00:00:0e    00:00:00:00:00:1b 3    585  [38,11,1,4,16,24]     00:00:00:00:00:0e    00:00:00:00:00:1b 4    585  [38,11,2,3,15,24]     00:00:00:00:00:0e    00:00:00:00:00:1b 5    585  [38,11,2,3,16,24]     00:00:00:00:00:0e    00:00:00:00:00:1b 6    585  [38,11,2,4,15,24]     00:00:00:00:00:0e    00:00:00:00:00:1b 7    585  [38,11,2,4,16,24]     00:00:00:00:00:0e    00:00:00:00:00:1b 8    585  [38,12,1,3,15,24]     00:00:00:00:00:0e    00:00:00:00:00:1b 9    585  [38,12,1,3,16,24]     00:00:00:00:00:0e    00:00:00:00:00:1b 10    585  [38,12,1,4,15,24]     00:00:00:00:00:0e    00:00:00:00:00:1b 11    585  [38,12,1,4,16,24]     00:00:00:00:00:0e    00:00:00:00:00:1b 12    585  [38,12,2,3,15,24]     00:00:00:00:00:0e    00:00:00:00:00:1b 13    585  [38,12,2,3,16,24]     00:00:00:00:00:0e    00:00:00:00:00:1b 14    585  [38,12,2,4,15,24]     00:00:00:00:00:0e    00:00:00:00:00:1b 15    585  [38,12,2,4,16,24]  
# h00:00:00:00:00:0e -> h00:00:00:00:00:17
   00:00:00:00:00:0e    00:00:00:00:00:17 0    585  [38,11,1,3,13,20]     00:00:00:00:00:0e    00:00:00:00:00:17 1    585  [38,11,1,3,14,20]     00:00:00:00:00:0e    00:00:00:00:00:17 2    585  [38,11,1,4,13,20]     00:00:00:00:00:0e    00:00:00:00:00:17 3    585  [38,11,1,4,14,20]     00:00:00:00:00:0e    00:00:00:00:00:17 4    585  [38,11,2,3,13,20]     00:00:00:00:00:0e    00:00:00:00:00:17 5    585  [38,11,2,3,14,20]     00:00:00:00:00:0e    00:00:00:00:00:17 6    585  [38,11,2,4,13,20]     00:00:00:00:00:0e    00:00:00:00:00:17 7    585  [38,11,2,4,14,20]     00:00:00:00:00:0e    00:00:00:00:00:17 8    585  [38,12,1,3,13,20]     00:00:00:00:00:0e    00:00:00:00:00:17 9    585  [38,12,1,3,14,20]     00:00:00:00:00:0e    00:00:00:00:00:17 10    585  [38,12,1,4,13,20]     00:00:00:00:00:0e    00:00:00:00:00:17 11    585  [38,12,1,4,14,20]     00:00:00:00:00:0e    00:00:00:00:00:17 12    585  [38,12,2,3,13,20]     00:00:00:00:00:0e    00:00:00:00:00:17 13    585  [38,12,2,3,14,20]     00:00:00:00:00:0e    00:00:00:00:00:17 14    585  [38,12,2,4,13,20]     00:00:00:00:00:0e    00:00:00:00:00:17 15    585  [38,12,2,4,14,20]  
# h00:00:00:00:00:0e -> h00:00:00:00:00:09
   00:00:00:00:00:0e    00:00:00:00:00:09 0    439  [38,11,1,9,33]     00:00:00:00:00:0e    00:00:00:00:00:09 1    439  [38,11,1,10,33]     00:00:00:00:00:0e    00:00:00:00:00:09 2    439  [38,11,2,9,33]     00:00:00:00:00:0e    00:00:00:00:00:09 3    439  [38,11,2,10,33]     00:00:00:00:00:0e    00:00:00:00:00:09 4    439  [38,12,1,9,33]     00:00:00:00:00:0e    00:00:00:00:00:09 5    439  [38,12,1,10,33]     00:00:00:00:00:0e    00:00:00:00:00:09 6    439  [38,12,2,9,33]     00:00:00:00:00:0e    00:00:00:00:00:09 7    439  [38,12,2,10,33]     00:00:00:00:00:0e    00:00:00:00:00:09 8    585  [38,11,1,2,9,33]     00:00:00:00:00:0e    00:00:00:00:00:09 9    585  [38,11,1,2,10,33]     00:00:00:00:00:0e    00:00:00:00:00:09 10    585  [38,11,2,1,9,33]     00:00:00:00:00:0e    00:00:00:00:00:09 11    585  [38,11,2,1,10,33]     00:00:00:00:00:0e    00:00:00:00:00:09 12    585  [38,12,1,2,9,33]     00:00:00:00:00:0e    00:00:00:00:00:09 13    585  [38,12,1,2,10,33]     00:00:00:00:00:0e    00:00:00:00:00:09 14    585  [38,12,2,1,9,33]     00:00:00:00:00:0e    00:00:00:00:00:09 15    585  [38,12,2,1,10,33]  
# h00:00:00:00:00:0e -> h00:00:00:00:00:05
   00:00:00:00:00:0e    00:00:00:00:00:05 0    439  [38,11,1,7,29]     00:00:00:00:00:0e    00:00:00:00:00:05 1    439  [38,11,1,8,29]     00:00:00:00:00:0e    00:00:00:00:00:05 2    439  [38,11,2,7,29]     00:00:00:00:00:0e    00:00:00:00:00:05 3    439  [38,11,2,8,29]     00:00:00:00:00:0e    00:00:00:00:00:05 4    439  [38,12,1,7,29]     00:00:00:00:00:0e    00:00:00:00:00:05 5    439  [38,12,1,8,29]     00:00:00:00:00:0e    00:00:00:00:00:05 6    439  [38,12,2,7,29]     00:00:00:00:00:0e    00:00:00:00:00:05 7    439  [38,12,2,8,29]     00:00:00:00:00:0e    00:00:00:00:00:05 8    585  [38,11,1,2,7,29]     00:00:00:00:00:0e    00:00:00:00:00:05 9    585  [38,11,1,2,8,29]     00:00:00:00:00:0e    00:00:00:00:00:05 10    585  [38,11,2,1,7,29]     00:00:00:00:00:0e    00:00:00:00:00:05 11    585  [38,11,2,1,8,29]     00:00:00:00:00:0e    00:00:00:00:00:05 12    585  [38,12,1,2,7,29]     00:00:00:00:00:0e    00:00:00:00:00:05 13    585  [38,12,1,2,8,29]     00:00:00:00:00:0e    00:00:00:00:00:05 14    585  [38,12,2,1,7,29]     00:00:00:00:00:0e    00:00:00:00:00:05 15    585  [38,12,2,1,8,29]  
# h00:00:00:00:00:0e -> h00:00:00:00:00:08
   00:00:00:00:00:0e    00:00:00:00:00:08 0    439  [38,11,1,7,32]     00:00:00:00:00:0e    00:00:00:00:00:08 1    439  [38,11,1,8,32]     00:00:00:00:00:0e    00:00:00:00:00:08 2    439  [38,11,2,7,32]     00:00:00:00:00:0e    00:00:00:00:00:08 3    439  [38,11,2,8,32]     00:00:00:00:00:0e    00:00:00:00:00:08 4    439  [38,12,1,7,32]     00:00:00:00:00:0e    00:00:00:00:00:08 5    439  [38,12,1,8,32]     00:00:00:00:00:0e    00:00:00:00:00:08 6    439  [38,12,2,7,32]     00:00:00:00:00:0e    00:00:00:00:00:08 7    439  [38,12,2,8,32]     00:00:00:00:00:0e    00:00:00:00:00:08 8    585  [38,11,1,2,7,32]     00:00:00:00:00:0e    00:00:00:00:00:08 9    585  [38,11,1,2,8,32]     00:00:00:00:00:0e    00:00:00:00:00:08 10    585  [38,11,2,1,7,32]     00:00:00:00:00:0e    00:00:00:00:00:08 11    585  [38,11,2,1,8,32]     00:00:00:00:00:0e    00:00:00:00:00:08 12    585  [38,12,1,2,7,32]     00:00:00:00:00:0e    00:00:00:00:00:08 13    585  [38,12,1,2,8,32]     00:00:00:00:00:0e    00:00:00:00:00:08 14    585  [38,12,2,1,7,32]     00:00:00:00:00:0e    00:00:00:00:00:08 15    585  [38,12,2,1,8,32]  
# h00:00:00:00:00:0e -> h00:00:00:00:00:04
   00:00:00:00:00:0e    00:00:00:00:00:04 0    439  [38,11,1,5,28]     00:00:00:00:00:0e    00:00:00:00:00:04 1    439  [38,11,1,6,28]     00:00:00:00:00:0e    00:00:00:00:00:04 2    439  [38,11,2,5,28]     00:00:00:00:00:0e    00:00:00:00:00:04 3    439  [38,11,2,6,28]     00:00:00:00:00:0e    00:00:00:00:00:04 4    439  [38,12,1,5,28]     00:00:00:00:00:0e    00:00:00:00:00:04 5    439  [38,12,1,6,28]     00:00:00:00:00:0e    00:00:00:00:00:04 6    439  [38,12,2,5,28]     00:00:00:00:00:0e    00:00:00:00:00:04 7    439  [38,12,2,6,28]     00:00:00:00:00:0e    00:00:00:00:00:04 8    585  [38,11,1,2,5,28]     00:00:00:00:00:0e    00:00:00:00:00:04 9    585  [38,11,1,2,6,28]     00:00:00:00:00:0e    00:00:00:00:00:04 10    585  [38,11,2,1,5,28]     00:00:00:00:00:0e    00:00:00:00:00:04 11    585  [38,11,2,1,6,28]     00:00:00:00:00:0e    00:00:00:00:00:04 12    585  [38,12,1,2,5,28]     00:00:00:00:00:0e    00:00:00:00:00:04 13    585  [38,12,1,2,6,28]     00:00:00:00:00:0e    00:00:00:00:00:04 14    585  [38,12,2,1,5,28]     00:00:00:00:00:0e    00:00:00:00:00:04 15    585  [38,12,2,1,6,28]  
# h00:00:00:00:00:0e -> h00:00:00:00:00:1a
   00:00:00:00:00:0e    00:00:00:00:00:1a 0    585  [38,11,1,3,15,23]     00:00:00:00:00:0e    00:00:00:00:00:1a 1    585  [38,11,1,3,16,23]     00:00:00:00:00:0e    00:00:00:00:00:1a 2    585  [38,11,1,4,15,23]     00:00:00:00:00:0e    00:00:00:00:00:1a 3    585  [38,11,1,4,16,23]     00:00:00:00:00:0e    00:00:00:00:00:1a 4    585  [38,11,2,3,15,23]     00:00:00:00:00:0e    00:00:00:00:00:1a 5    585  [38,11,2,3,16,23]     00:00:00:00:00:0e    00:00:00:00:00:1a 6    585  [38,11,2,4,15,23]     00:00:00:00:00:0e    00:00:00:00:00:1a 7    585  [38,11,2,4,16,23]     00:00:00:00:00:0e    00:00:00:00:00:1a 8    585  [38,12,1,3,15,23]     00:00:00:00:00:0e    00:00:00:00:00:1a 9    585  [38,12,1,3,16,23]     00:00:00:00:00:0e    00:00:00:00:00:1a 10    585  [38,12,1,4,15,23]     00:00:00:00:00:0e    00:00:00:00:00:1a 11    585  [38,12,1,4,16,23]     00:00:00:00:00:0e    00:00:00:00:00:1a 12    585  [38,12,2,3,15,23]     00:00:00:00:00:0e    00:00:00:00:00:1a 13    585  [38,12,2,3,16,23]     00:00:00:00:00:0e    00:00:00:00:00:1a 14    585  [38,12,2,4,15,23]     00:00:00:00:00:0e    00:00:00:00:00:1a 15    585  [38,12,2,4,16,23]  
# h00:00:00:00:00:0e -> h00:00:00:00:00:10
   00:00:00:00:00:0e    00:00:00:00:00:10 0    146  [38,11,40]     00:00:00:00:00:0e    00:00:00:00:00:10 1    146  [38,12,40]     00:00:00:00:00:0e    00:00:00:00:00:10 2    439  [38,11,1,12,40]     00:00:00:00:00:0e    00:00:00:00:00:10 3    439  [38,11,2,12,40]     00:00:00:00:00:0e    00:00:00:00:00:10 4    439  [38,11,37,12,40]     00:00:00:00:00:0e    00:00:00:00:00:10 5    439  [38,11,39,12,40]     00:00:00:00:00:0e    00:00:00:00:00:10 6    439  [38,12,1,11,40]     00:00:00:00:00:0e    00:00:00:00:00:10 7    439  [38,12,2,11,40]     00:00:00:00:00:0e    00:00:00:00:00:10 8    439  [38,12,37,11,40]     00:00:00:00:00:0e    00:00:00:00:00:10 9    439  [38,12,39,11,40]     00:00:00:00:00:0e    00:00:00:00:00:10 10    585  [38,11,1,2,12,40]     00:00:00:00:00:0e    00:00:00:00:00:10 11    585  [38,11,2,1,12,40]     00:00:00:00:00:0e    00:00:00:00:00:10 12    585  [38,12,1,2,11,40]     00:00:00:00:00:0e    00:00:00:00:00:10 13    585  [38,12,2,1,11,40]     00:00:00:00:00:0e    00:00:00:00:00:10 14    731  [38,11,1,3,2,12,40]     00:00:00:00:00:0e    00:00:00:00:00:10 15    731  [38,11,1,4,2,12,40]  
# h00:00:00:00:00:0e -> h00:00:00:00:00:18
   00:00:00:00:00:0e    00:00:00:00:00:18 0    585  [38,11,1,3,13,21]     00:00:00:00:00:0e    00:00:00:00:00:18 1    585  [38,11,1,3,14,21]     00:00:00:00:00:0e    00:00:00:00:00:18 2    585  [38,11,1,4,13,21]     00:00:00:00:00:0e    00:00:00:00:00:18 3    585  [38,11,1,4,14,21]     00:00:00:00:00:0e    00:00:00:00:00:18 4    585  [38,11,2,3,13,21]     00:00:00:00:00:0e    00:00:00:00:00:18 5    585  [38,11,2,3,14,21]     00:00:00:00:00:0e    00:00:00:00:00:18 6    585  [38,11,2,4,13,21]     00:00:00:00:00:0e    00:00:00:00:00:18 7    585  [38,11,2,4,14,21]     00:00:00:00:00:0e    00:00:00:00:00:18 8    585  [38,12,1,3,13,21]     00:00:00:00:00:0e    00:00:00:00:00:18 9    585  [38,12,1,3,14,21]     00:00:00:00:00:0e    00:00:00:00:00:18 10    585  [38,12,1,4,13,21]     00:00:00:00:00:0e    00:00:00:00:00:18 11    585  [38,12,1,4,14,21]     00:00:00:00:00:0e    00:00:00:00:00:18 12    585  [38,12,2,3,13,21]     00:00:00:00:00:0e    00:00:00:00:00:18 13    585  [38,12,2,3,14,21]     00:00:00:00:00:0e    00:00:00:00:00:18 14    585  [38,12,2,4,13,21]     00:00:00:00:00:0e    00:00:00:00:00:18 15    585  [38,12,2,4,14,21]  
# h00:00:00:00:00:0e -> h00:00:00:00:00:19
   00:00:00:00:00:0e    00:00:00:00:00:19 0    585  [38,11,1,3,15,22]     00:00:00:00:00:0e    00:00:00:00:00:19 1    585  [38,11,1,3,16,22]     00:00:00:00:00:0e    00:00:00:00:00:19 2    585  [38,11,1,4,15,22]     00:00:00:00:00:0e    00:00:00:00:00:19 3    585  [38,11,1,4,16,22]     00:00:00:00:00:0e    00:00:00:00:00:19 4    585  [38,11,2,3,15,22]     00:00:00:00:00:0e    00:00:00:00:00:19 5    585  [38,11,2,3,16,22]     00:00:00:00:00:0e    00:00:00:00:00:19 6    585  [38,11,2,4,15,22]     00:00:00:00:00:0e    00:00:00:00:00:19 7    585  [38,11,2,4,16,22]     00:00:00:00:00:0e    00:00:00:00:00:19 8    585  [38,12,1,3,15,22]     00:00:00:00:00:0e    00:00:00:00:00:19 9    585  [38,12,1,3,16,22]     00:00:00:00:00:0e    00:00:00:00:00:19 10    585  [38,12,1,4,15,22]     00:00:00:00:00:0e    00:00:00:00:00:19 11    585  [38,12,1,4,16,22]     00:00:00:00:00:0e    00:00:00:00:00:19 12    585  [38,12,2,3,15,22]     00:00:00:00:00:0e    00:00:00:00:00:19 13    585  [38,12,2,3,16,22]     00:00:00:00:00:0e    00:00:00:00:00:19 14    585  [38,12,2,4,15,22]     00:00:00:00:00:0e    00:00:00:00:00:19 15    585  [38,12,2,4,16,22]  
# h00:00:00:00:00:0e -> h00:00:00:00:00:01
   00:00:00:00:00:0e    00:00:00:00:00:01 0    439  [38,11,1,5,25]     00:00:00:00:00:0e    00:00:00:00:00:01 1    439  [38,11,1,6,25]     00:00:00:00:00:0e    00:00:00:00:00:01 2    439  [38,11,2,5,25]     00:00:00:00:00:0e    00:00:00:00:00:01 3    439  [38,11,2,6,25]     00:00:00:00:00:0e    00:00:00:00:00:01 4    439  [38,12,1,5,25]     00:00:00:00:00:0e    00:00:00:00:00:01 5    439  [38,12,1,6,25]     00:00:00:00:00:0e    00:00:00:00:00:01 6    439  [38,12,2,5,25]     00:00:00:00:00:0e    00:00:00:00:00:01 7    439  [38,12,2,6,25]     00:00:00:00:00:0e    00:00:00:00:00:01 8    585  [38,11,1,2,5,25]     00:00:00:00:00:0e    00:00:00:00:00:01 9    585  [38,11,1,2,6,25]     00:00:00:00:00:0e    00:00:00:00:00:01 10    585  [38,11,2,1,5,25]     00:00:00:00:00:0e    00:00:00:00:00:01 11    585  [38,11,2,1,6,25]     00:00:00:00:00:0e    00:00:00:00:00:01 12    585  [38,12,1,2,5,25]     00:00:00:00:00:0e    00:00:00:00:00:01 13    585  [38,12,1,2,6,25]     00:00:00:00:00:0e    00:00:00:00:00:01 14    585  [38,12,2,1,5,25]     00:00:00:00:00:0e    00:00:00:00:00:01 15    585  [38,12,2,1,6,25]  
# h00:00:00:00:00:0e -> h00:00:00:00:00:14
   00:00:00:00:00:0e    00:00:00:00:00:14 0    585  [38,11,1,3,17,44]     00:00:00:00:00:0e    00:00:00:00:00:14 1    585  [38,11,1,3,18,44]     00:00:00:00:00:0e    00:00:00:00:00:14 2    585  [38,11,1,4,17,44]     00:00:00:00:00:0e    00:00:00:00:00:14 3    585  [38,11,1,4,18,44]     00:00:00:00:00:0e    00:00:00:00:00:14 4    585  [38,11,2,3,17,44]     00:00:00:00:00:0e    00:00:00:00:00:14 5    585  [38,11,2,3,18,44]     00:00:00:00:00:0e    00:00:00:00:00:14 6    585  [38,11,2,4,17,44]     00:00:00:00:00:0e    00:00:00:00:00:14 7    585  [38,11,2,4,18,44]     00:00:00:00:00:0e    00:00:00:00:00:14 8    585  [38,12,1,3,17,44]     00:00:00:00:00:0e    00:00:00:00:00:14 9    585  [38,12,1,3,18,44]     00:00:00:00:00:0e    00:00:00:00:00:14 10    585  [38,12,1,4,17,44]     00:00:00:00:00:0e    00:00:00:00:00:14 11    585  [38,12,1,4,18,44]     00:00:00:00:00:0e    00:00:00:00:00:14 12    585  [38,12,2,3,17,44]     00:00:00:00:00:0e    00:00:00:00:00:14 13    585  [38,12,2,3,18,44]     00:00:00:00:00:0e    00:00:00:00:00:14 14    585  [38,12,2,4,17,44]     00:00:00:00:00:0e    00:00:00:00:00:14 15    585  [38,12,2,4,18,44]  
# h00:00:00:00:00:0e -> h00:00:00:00:00:0b
   00:00:00:00:00:0e    00:00:00:00:00:0b 0    439  [38,11,1,9,35]     00:00:00:00:00:0e    00:00:00:00:00:0b 1    439  [38,11,1,10,35]     00:00:00:00:00:0e    00:00:00:00:00:0b 2    439  [38,11,2,9,35]     00:00:00:00:00:0e    00:00:00:00:00:0b 3    439  [38,11,2,10,35]     00:00:00:00:00:0e    00:00:00:00:00:0b 4    439  [38,12,1,9,35]     00:00:00:00:00:0e    00:00:00:00:00:0b 5    439  [38,12,1,10,35]     00:00:00:00:00:0e    00:00:00:00:00:0b 6    439  [38,12,2,9,35]     00:00:00:00:00:0e    00:00:00:00:00:0b 7    439  [38,12,2,10,35]     00:00:00:00:00:0e    00:00:00:00:00:0b 8    585  [38,11,1,2,9,35]     00:00:00:00:00:0e    00:00:00:00:00:0b 9    585  [38,11,1,2,10,35]     00:00:00:00:00:0e    00:00:00:00:00:0b 10    585  [38,11,2,1,9,35]     00:00:00:00:00:0e    00:00:00:00:00:0b 11    585  [38,11,2,1,10,35]     00:00:00:00:00:0e    00:00:00:00:00:0b 12    585  [38,12,1,2,9,35]     00:00:00:00:00:0e    00:00:00:00:00:0b 13    585  [38,12,1,2,10,35]     00:00:00:00:00:0e    00:00:00:00:00:0b 14    585  [38,12,2,1,9,35]     00:00:00:00:00:0e    00:00:00:00:00:0b 15    585  [38,12,2,1,10,35]  
# h00:00:00:00:00:0e -> h00:00:00:00:00:0a
   00:00:00:00:00:0e    00:00:00:00:00:0a 0    439  [38,11,1,9,34]     00:00:00:00:00:0e    00:00:00:00:00:0a 1    439  [38,11,1,10,34]     00:00:00:00:00:0e    00:00:00:00:00:0a 2    439  [38,11,2,9,34]     00:00:00:00:00:0e    00:00:00:00:00:0a 3    439  [38,11,2,10,34]     00:00:00:00:00:0e    00:00:00:00:00:0a 4    439  [38,12,1,9,34]     00:00:00:00:00:0e    00:00:00:00:00:0a 5    439  [38,12,1,10,34]     00:00:00:00:00:0e    00:00:00:00:00:0a 6    439  [38,12,2,9,34]     00:00:00:00:00:0e    00:00:00:00:00:0a 7    439  [38,12,2,10,34]     00:00:00:00:00:0e    00:00:00:00:00:0a 8    585  [38,11,1,2,9,34]     00:00:00:00:00:0e    00:00:00:00:00:0a 9    585  [38,11,1,2,10,34]     00:00:00:00:00:0e    00:00:00:00:00:0a 10    585  [38,11,2,1,9,34]     00:00:00:00:00:0e    00:00:00:00:00:0a 11    585  [38,11,2,1,10,34]     00:00:00:00:00:0e    00:00:00:00:00:0a 12    585  [38,12,1,2,9,34]     00:00:00:00:00:0e    00:00:00:00:00:0a 13    585  [38,12,1,2,10,34]     00:00:00:00:00:0e    00:00:00:00:00:0a 14    585  [38,12,2,1,9,34]     00:00:00:00:00:0e    00:00:00:00:00:0a 15    585  [38,12,2,1,10,34]  
# h00:00:00:00:00:0e -> h00:00:00:00:00:0c
   00:00:00:00:00:0e    00:00:00:00:00:0c 0    439  [38,11,1,9,36]     00:00:00:00:00:0e    00:00:00:00:00:0c 1    439  [38,11,1,10,36]     00:00:00:00:00:0e    00:00:00:00:00:0c 2    439  [38,11,2,9,36]     00:00:00:00:00:0e    00:00:00:00:00:0c 3    439  [38,11,2,10,36]     00:00:00:00:00:0e    00:00:00:00:00:0c 4    439  [38,12,1,9,36]     00:00:00:00:00:0e    00:00:00:00:00:0c 5    439  [38,12,1,10,36]     00:00:00:00:00:0e    00:00:00:00:00:0c 6    439  [38,12,2,9,36]     00:00:00:00:00:0e    00:00:00:00:00:0c 7    439  [38,12,2,10,36]     00:00:00:00:00:0e    00:00:00:00:00:0c 8    585  [38,11,1,2,9,36]     00:00:00:00:00:0e    00:00:00:00:00:0c 9    585  [38,11,1,2,10,36]     00:00:00:00:00:0e    00:00:00:00:00:0c 10    585  [38,11,2,1,9,36]     00:00:00:00:00:0e    00:00:00:00:00:0c 11    585  [38,11,2,1,10,36]     00:00:00:00:00:0e    00:00:00:00:00:0c 12    585  [38,12,1,2,9,36]     00:00:00:00:00:0e    00:00:00:00:00:0c 13    585  [38,12,1,2,10,36]     00:00:00:00:00:0e    00:00:00:00:00:0c 14    585  [38,12,2,1,9,36]     00:00:00:00:00:0e    00:00:00:00:00:0c 15    585  [38,12,2,1,10,36]  
# h00:00:00:00:00:0e -> h00:00:00:00:00:0d
   00:00:00:00:00:0e    00:00:00:00:00:0d 0    146  [38,11,37]     00:00:00:00:00:0e    00:00:00:00:00:0d 1    146  [38,12,37]     00:00:00:00:00:0e    00:00:00:00:00:0d 2    439  [38,11,1,12,37]     00:00:00:00:00:0e    00:00:00:00:00:0d 3    439  [38,11,2,12,37]     00:00:00:00:00:0e    00:00:00:00:00:0d 4    439  [38,11,39,12,37]     00:00:00:00:00:0e    00:00:00:00:00:0d 5    439  [38,11,40,12,37]     00:00:00:00:00:0e    00:00:00:00:00:0d 6    439  [38,12,1,11,37]     00:00:00:00:00:0e    00:00:00:00:00:0d 7    439  [38,12,2,11,37]     00:00:00:00:00:0e    00:00:00:00:00:0d 8    439  [38,12,39,11,37]     00:00:00:00:00:0e    00:00:00:00:00:0d 9    439  [38,12,40,11,37]     00:00:00:00:00:0e    00:00:00:00:00:0d 10    585  [38,11,1,2,12,37]     00:00:00:00:00:0e    00:00:00:00:00:0d 11    585  [38,11,2,1,12,37]     00:00:00:00:00:0e    00:00:00:00:00:0d 12    585  [38,12,1,2,11,37]     00:00:00:00:00:0e    00:00:00:00:00:0d 13    585  [38,12,2,1,11,37]     00:00:00:00:00:0e    00:00:00:00:00:0d 14    731  [38,11,1,3,2,12,37]     00:00:00:00:00:0e    00:00:00:00:00:0d 15    731  [38,11,1,4,2,12,37]  
# h00:00:00:00:00:0e -> h00:00:00:00:00:03
   00:00:00:00:00:0e    00:00:00:00:00:03 0    439  [38,11,1,5,27]     00:00:00:00:00:0e    00:00:00:00:00:03 1    439  [38,11,1,6,27]     00:00:00:00:00:0e    00:00:00:00:00:03 2    439  [38,11,2,5,27]     00:00:00:00:00:0e    00:00:00:00:00:03 3    439  [38,11,2,6,27]     00:00:00:00:00:0e    00:00:00:00:00:03 4    439  [38,12,1,5,27]     00:00:00:00:00:0e    00:00:00:00:00:03 5    439  [38,12,1,6,27]     00:00:00:00:00:0e    00:00:00:00:00:03 6    439  [38,12,2,5,27]     00:00:00:00:00:0e    00:00:00:00:00:03 7    439  [38,12,2,6,27]     00:00:00:00:00:0e    00:00:00:00:00:03 8    585  [38,11,1,2,5,27]     00:00:00:00:00:0e    00:00:00:00:00:03 9    585  [38,11,1,2,6,27]     00:00:00:00:00:0e    00:00:00:00:00:03 10    585  [38,11,2,1,5,27]     00:00:00:00:00:0e    00:00:00:00:00:03 11    585  [38,11,2,1,6,27]     00:00:00:00:00:0e    00:00:00:00:00:03 12    585  [38,12,1,2,5,27]     00:00:00:00:00:0e    00:00:00:00:00:03 13    585  [38,12,1,2,6,27]     00:00:00:00:00:0e    00:00:00:00:00:03 14    585  [38,12,2,1,5,27]     00:00:00:00:00:0e    00:00:00:00:00:03 15    585  [38,12,2,1,6,27]  
# h00:00:00:00:00:0e -> h00:00:00:00:00:11
   00:00:00:00:00:0e    00:00:00:00:00:11 0    585  [38,11,1,3,17,41]     00:00:00:00:00:0e    00:00:00:00:00:11 1    585  [38,11,1,3,18,41]     00:00:00:00:00:0e    00:00:00:00:00:11 2    585  [38,11,1,4,17,41]     00:00:00:00:00:0e    00:00:00:00:00:11 3    585  [38,11,1,4,18,41]     00:00:00:00:00:0e    00:00:00:00:00:11 4    585  [38,11,2,3,17,41]     00:00:00:00:00:0e    00:00:00:00:00:11 5    585  [38,11,2,3,18,41]     00:00:00:00:00:0e    00:00:00:00:00:11 6    585  [38,11,2,4,17,41]     00:00:00:00:00:0e    00:00:00:00:00:11 7    585  [38,11,2,4,18,41]     00:00:00:00:00:0e    00:00:00:00:00:11 8    585  [38,12,1,3,17,41]     00:00:00:00:00:0e    00:00:00:00:00:11 9    585  [38,12,1,3,18,41]     00:00:00:00:00:0e    00:00:00:00:00:11 10    585  [38,12,1,4,17,41]     00:00:00:00:00:0e    00:00:00:00:00:11 11    585  [38,12,1,4,18,41]     00:00:00:00:00:0e    00:00:00:00:00:11 12    585  [38,12,2,3,17,41]     00:00:00:00:00:0e    00:00:00:00:00:11 13    585  [38,12,2,3,18,41]     00:00:00:00:00:0e    00:00:00:00:00:11 14    585  [38,12,2,4,17,41]     00:00:00:00:00:0e    00:00:00:00:00:11 15    585  [38,12,2,4,18,41]  
# h00:00:00:00:00:0e -> h00:00:00:00:00:02
   00:00:00:00:00:0e    00:00:00:00:00:02 0    439  [38,11,1,5,26]     00:00:00:00:00:0e    00:00:00:00:00:02 1    439  [38,11,1,6,26]     00:00:00:00:00:0e    00:00:00:00:00:02 2    439  [38,11,2,5,26]     00:00:00:00:00:0e    00:00:00:00:00:02 3    439  [38,11,2,6,26]     00:00:00:00:00:0e    00:00:00:00:00:02 4    439  [38,12,1,5,26]     00:00:00:00:00:0e    00:00:00:00:00:02 5    439  [38,12,1,6,26]     00:00:00:00:00:0e    00:00:00:00:00:02 6    439  [38,12,2,5,26]     00:00:00:00:00:0e    00:00:00:00:00:02 7    439  [38,12,2,6,26]     00:00:00:00:00:0e    00:00:00:00:00:02 8    585  [38,11,1,2,5,26]     00:00:00:00:00:0e    00:00:00:00:00:02 9    585  [38,11,1,2,6,26]     00:00:00:00:00:0e    00:00:00:00:00:02 10    585  [38,11,2,1,5,26]     00:00:00:00:00:0e    00:00:00:00:00:02 11    585  [38,11,2,1,6,26]     00:00:00:00:00:0e    00:00:00:00:00:02 12    585  [38,12,1,2,5,26]     00:00:00:00:00:0e    00:00:00:00:00:02 13    585  [38,12,1,2,6,26]     00:00:00:00:00:0e    00:00:00:00:00:02 14    585  [38,12,2,1,5,26]     00:00:00:00:00:0e    00:00:00:00:00:02 15    585  [38,12,2,1,6,26]  
# h00:00:00:00:00:0e -> h00:00:00:00:00:0f
   00:00:00:00:00:0e    00:00:00:00:00:0f 0    146  [38,11,39]     00:00:00:00:00:0e    00:00:00:00:00:0f 1    146  [38,12,39]     00:00:00:00:00:0e    00:00:00:00:00:0f 2    439  [38,11,1,12,39]     00:00:00:00:00:0e    00:00:00:00:00:0f 3    439  [38,11,2,12,39]     00:00:00:00:00:0e    00:00:00:00:00:0f 4    439  [38,11,37,12,39]     00:00:00:00:00:0e    00:00:00:00:00:0f 5    439  [38,11,40,12,39]     00:00:00:00:00:0e    00:00:00:00:00:0f 6    439  [38,12,1,11,39]     00:00:00:00:00:0e    00:00:00:00:00:0f 7    439  [38,12,2,11,39]     00:00:00:00:00:0e    00:00:00:00:00:0f 8    439  [38,12,37,11,39]     00:00:00:00:00:0e    00:00:00:00:00:0f 9    439  [38,12,40,11,39]     00:00:00:00:00:0e    00:00:00:00:00:0f 10    585  [38,11,1,2,12,39]     00:00:00:00:00:0e    00:00:00:00:00:0f 11    585  [38,11,2,1,12,39]     00:00:00:00:00:0e    00:00:00:00:00:0f 12    585  [38,12,1,2,11,39]     00:00:00:00:00:0e    00:00:00:00:00:0f 13    585  [38,12,2,1,11,39]     00:00:00:00:00:0e    00:00:00:00:00:0f 14    731  [38,11,1,3,2,12,39]     00:00:00:00:00:0e    00:00:00:00:00:0f 15    731  [38,11,1,4,2,12,39]  
# h00:00:00:00:00:0e -> h00:00:00:00:00:12
   00:00:00:00:00:0e    00:00:00:00:00:12 0    585  [38,11,1,3,17,42]     00:00:00:00:00:0e    00:00:00:00:00:12 1    585  [38,11,1,3,18,42]     00:00:00:00:00:0e    00:00:00:00:00:12 2    585  [38,11,1,4,17,42]     00:00:00:00:00:0e    00:00:00:00:00:12 3    585  [38,11,1,4,18,42]     00:00:00:00:00:0e    00:00:00:00:00:12 4    585  [38,11,2,3,17,42]     00:00:00:00:00:0e    00:00:00:00:00:12 5    585  [38,11,2,3,18,42]     00:00:00:00:00:0e    00:00:00:00:00:12 6    585  [38,11,2,4,17,42]     00:00:00:00:00:0e    00:00:00:00:00:12 7    585  [38,11,2,4,18,42]     00:00:00:00:00:0e    00:00:00:00:00:12 8    585  [38,12,1,3,17,42]     00:00:00:00:00:0e    00:00:00:00:00:12 9    585  [38,12,1,3,18,42]     00:00:00:00:00:0e    00:00:00:00:00:12 10    585  [38,12,1,4,17,42]     00:00:00:00:00:0e    00:00:00:00:00:12 11    585  [38,12,1,4,18,42]     00:00:00:00:00:0e    00:00:00:00:00:12 12    585  [38,12,2,3,17,42]     00:00:00:00:00:0e    00:00:00:00:00:12 13    585  [38,12,2,3,18,42]     00:00:00:00:00:0e    00:00:00:00:00:12 14    585  [38,12,2,4,17,42]     00:00:00:00:00:0e    00:00:00:00:00:12 15    585  [38,12,2,4,18,42]  
# h00:00:00:00:00:0e -> h00:00:00:00:00:15
   00:00:00:00:00:0e    00:00:00:00:00:15 0    585  [38,11,1,3,17,45]     00:00:00:00:00:0e    00:00:00:00:00:15 1    585  [38,11,1,3,18,45]     00:00:00:00:00:0e    00:00:00:00:00:15 2    585  [38,11,1,4,17,45]     00:00:00:00:00:0e    00:00:00:00:00:15 3    585  [38,11,1,4,18,45]     00:00:00:00:00:0e    00:00:00:00:00:15 4    585  [38,11,2,3,17,45]     00:00:00:00:00:0e    00:00:00:00:00:15 5    585  [38,11,2,3,18,45]     00:00:00:00:00:0e    00:00:00:00:00:15 6    585  [38,11,2,4,17,45]     00:00:00:00:00:0e    00:00:00:00:00:15 7    585  [38,11,2,4,18,45]     00:00:00:00:00:0e    00:00:00:00:00:15 8    585  [38,12,1,3,17,45]     00:00:00:00:00:0e    00:00:00:00:00:15 9    585  [38,12,1,3,18,45]     00:00:00:00:00:0e    00:00:00:00:00:15 10    585  [38,12,1,4,17,45]     00:00:00:00:00:0e    00:00:00:00:00:15 11    585  [38,12,1,4,18,45]     00:00:00:00:00:0e    00:00:00:00:00:15 12    585  [38,12,2,3,17,45]     00:00:00:00:00:0e    00:00:00:00:00:15 13    585  [38,12,2,3,18,45]     00:00:00:00:00:0e    00:00:00:00:00:15 14    585  [38,12,2,4,17,45]     00:00:00:00:00:0e    00:00:00:00:00:15 15    585  [38,12,2,4,18,45]  
# h00:00:00:00:00:0e -> h00:00:00:00:00:13
   00:00:00:00:00:0e    00:00:00:00:00:13 0    585  [38,11,1,3,17,43]     00:00:00:00:00:0e    00:00:00:00:00:13 1    585  [38,11,1,3,18,43]     00:00:00:00:00:0e    00:00:00:00:00:13 2    585  [38,11,1,4,17,43]     00:00:00:00:00:0e    00:00:00:00:00:13 3    585  [38,11,1,4,18,43]     00:00:00:00:00:0e    00:00:00:00:00:13 4    585  [38,11,2,3,17,43]     00:00:00:00:00:0e    00:00:00:00:00:13 5    585  [38,11,2,3,18,43]     00:00:00:00:00:0e    00:00:00:00:00:13 6    585  [38,11,2,4,17,43]     00:00:00:00:00:0e    00:00:00:00:00:13 7    585  [38,11,2,4,18,43]     00:00:00:00:00:0e    00:00:00:00:00:13 8    585  [38,12,1,3,17,43]     00:00:00:00:00:0e    00:00:00:00:00:13 9    585  [38,12,1,3,18,43]     00:00:00:00:00:0e    00:00:00:00:00:13 10    585  [38,12,1,4,17,43]     00:00:00:00:00:0e    00:00:00:00:00:13 11    585  [38,12,1,4,18,43]     00:00:00:00:00:0e    00:00:00:00:00:13 12    585  [38,12,2,3,17,43]     00:00:00:00:00:0e    00:00:00:00:00:13 13    585  [38,12,2,3,18,43]     00:00:00:00:00:0e    00:00:00:00:00:13 14    585  [38,12,2,4,17,43]     00:00:00:00:00:0e    00:00:00:00:00:13 15    585  [38,12,2,4,18,43]  
# h00:00:00:00:00:01 -> h00:00:00:00:00:16
   00:00:00:00:00:01    00:00:00:00:00:16 0    585  [25,5,1,3,13,19]     00:00:00:00:00:01    00:00:00:00:00:16 1    585  [25,5,1,3,14,19]     00:00:00:00:00:01    00:00:00:00:00:16 2    585  [25,5,1,4,13,19]     00:00:00:00:00:01    00:00:00:00:00:16 3    585  [25,5,1,4,14,19]     00:00:00:00:00:01    00:00:00:00:00:16 4    585  [25,5,2,3,13,19]     00:00:00:00:00:01    00:00:00:00:00:16 5    585  [25,5,2,3,14,19]     00:00:00:00:00:01    00:00:00:00:00:16 6    585  [25,5,2,4,13,19]     00:00:00:00:00:01    00:00:00:00:00:16 7    585  [25,5,2,4,14,19]     00:00:00:00:00:01    00:00:00:00:00:16 8    585  [25,6,1,3,13,19]     00:00:00:00:00:01    00:00:00:00:00:16 9    585  [25,6,1,3,14,19]     00:00:00:00:00:01    00:00:00:00:00:16 10    585  [25,6,1,4,13,19]     00:00:00:00:00:01    00:00:00:00:00:16 11    585  [25,6,1,4,14,19]     00:00:00:00:00:01    00:00:00:00:00:16 12    585  [25,6,2,3,13,19]     00:00:00:00:00:01    00:00:00:00:00:16 13    585  [25,6,2,3,14,19]     00:00:00:00:00:01    00:00:00:00:00:16 14    585  [25,6,2,4,13,19]     00:00:00:00:00:01    00:00:00:00:00:16 15    585  [25,6,2,4,14,19]  
# h00:00:00:00:00:01 -> h00:00:00:00:00:06
   00:00:00:00:00:01    00:00:00:00:00:06 0    439  [25,5,1,7,30]     00:00:00:00:00:01    00:00:00:00:00:06 1    439  [25,5,1,8,30]     00:00:00:00:00:01    00:00:00:00:00:06 2    439  [25,5,2,7,30]     00:00:00:00:00:01    00:00:00:00:00:06 3    439  [25,5,2,8,30]     00:00:00:00:00:01    00:00:00:00:00:06 4    439  [25,6,1,7,30]     00:00:00:00:00:01    00:00:00:00:00:06 5    439  [25,6,1,8,30]     00:00:00:00:00:01    00:00:00:00:00:06 6    439  [25,6,2,7,30]     00:00:00:00:00:01    00:00:00:00:00:06 7    439  [25,6,2,8,30]     00:00:00:00:00:01    00:00:00:00:00:06 8    585  [25,5,1,2,7,30]     00:00:00:00:00:01    00:00:00:00:00:06 9    585  [25,5,1,2,8,30]     00:00:00:00:00:01    00:00:00:00:00:06 10    585  [25,5,2,1,7,30]     00:00:00:00:00:01    00:00:00:00:00:06 11    585  [25,5,2,1,8,30]     00:00:00:00:00:01    00:00:00:00:00:06 12    585  [25,6,1,2,7,30]     00:00:00:00:00:01    00:00:00:00:00:06 13    585  [25,6,1,2,8,30]     00:00:00:00:00:01    00:00:00:00:00:06 14    585  [25,6,2,1,7,30]     00:00:00:00:00:01    00:00:00:00:00:06 15    585  [25,6,2,1,8,30]  
# h00:00:00:00:00:01 -> h00:00:00:00:00:07
   00:00:00:00:00:01    00:00:00:00:00:07 0    439  [25,5,1,7,31]     00:00:00:00:00:01    00:00:00:00:00:07 1    439  [25,5,1,8,31]     00:00:00:00:00:01    00:00:00:00:00:07 2    439  [25,5,2,7,31]     00:00:00:00:00:01    00:00:00:00:00:07 3    439  [25,5,2,8,31]     00:00:00:00:00:01    00:00:00:00:00:07 4    439  [25,6,1,7,31]     00:00:00:00:00:01    00:00:00:00:00:07 5    439  [25,6,1,8,31]     00:00:00:00:00:01    00:00:00:00:00:07 6    439  [25,6,2,7,31]     00:00:00:00:00:01    00:00:00:00:00:07 7    439  [25,6,2,8,31]     00:00:00:00:00:01    00:00:00:00:00:07 8    585  [25,5,1,2,7,31]     00:00:00:00:00:01    00:00:00:00:00:07 9    585  [25,5,1,2,8,31]     00:00:00:00:00:01    00:00:00:00:00:07 10    585  [25,5,2,1,7,31]     00:00:00:00:00:01    00:00:00:00:00:07 11    585  [25,5,2,1,8,31]     00:00:00:00:00:01    00:00:00:00:00:07 12    585  [25,6,1,2,7,31]     00:00:00:00:00:01    00:00:00:00:00:07 13    585  [25,6,1,2,8,31]     00:00:00:00:00:01    00:00:00:00:00:07 14    585  [25,6,2,1,7,31]     00:00:00:00:00:01    00:00:00:00:00:07 15    585  [25,6,2,1,8,31]  
# h00:00:00:00:00:01 -> h00:00:00:00:00:1b
   00:00:00:00:00:01    00:00:00:00:00:1b 0    585  [25,5,1,3,15,24]     00:00:00:00:00:01    00:00:00:00:00:1b 1    585  [25,5,1,3,16,24]     00:00:00:00:00:01    00:00:00:00:00:1b 2    585  [25,5,1,4,15,24]     00:00:00:00:00:01    00:00:00:00:00:1b 3    585  [25,5,1,4,16,24]     00:00:00:00:00:01    00:00:00:00:00:1b 4    585  [25,5,2,3,15,24]     00:00:00:00:00:01    00:00:00:00:00:1b 5    585  [25,5,2,3,16,24]     00:00:00:00:00:01    00:00:00:00:00:1b 6    585  [25,5,2,4,15,24]     00:00:00:00:00:01    00:00:00:00:00:1b 7    585  [25,5,2,4,16,24]     00:00:00:00:00:01    00:00:00:00:00:1b 8    585  [25,6,1,3,15,24]     00:00:00:00:00:01    00:00:00:00:00:1b 9    585  [25,6,1,3,16,24]     00:00:00:00:00:01    00:00:00:00:00:1b 10    585  [25,6,1,4,15,24]     00:00:00:00:00:01    00:00:00:00:00:1b 11    585  [25,6,1,4,16,24]     00:00:00:00:00:01    00:00:00:00:00:1b 12    585  [25,6,2,3,15,24]     00:00:00:00:00:01    00:00:00:00:00:1b 13    585  [25,6,2,3,16,24]     00:00:00:00:00:01    00:00:00:00:00:1b 14    585  [25,6,2,4,15,24]     00:00:00:00:00:01    00:00:00:00:00:1b 15    585  [25,6,2,4,16,24]  
# h00:00:00:00:00:01 -> h00:00:00:00:00:17
   00:00:00:00:00:01    00:00:00:00:00:17 0    585  [25,5,1,3,13,20]     00:00:00:00:00:01    00:00:00:00:00:17 1    585  [25,5,1,3,14,20]     00:00:00:00:00:01    00:00:00:00:00:17 2    585  [25,5,1,4,13,20]     00:00:00:00:00:01    00:00:00:00:00:17 3    585  [25,5,1,4,14,20]     00:00:00:00:00:01    00:00:00:00:00:17 4    585  [25,5,2,3,13,20]     00:00:00:00:00:01    00:00:00:00:00:17 5    585  [25,5,2,3,14,20]     00:00:00:00:00:01    00:00:00:00:00:17 6    585  [25,5,2,4,13,20]     00:00:00:00:00:01    00:00:00:00:00:17 7    585  [25,5,2,4,14,20]     00:00:00:00:00:01    00:00:00:00:00:17 8    585  [25,6,1,3,13,20]     00:00:00:00:00:01    00:00:00:00:00:17 9    585  [25,6,1,3,14,20]     00:00:00:00:00:01    00:00:00:00:00:17 10    585  [25,6,1,4,13,20]     00:00:00:00:00:01    00:00:00:00:00:17 11    585  [25,6,1,4,14,20]     00:00:00:00:00:01    00:00:00:00:00:17 12    585  [25,6,2,3,13,20]     00:00:00:00:00:01    00:00:00:00:00:17 13    585  [25,6,2,3,14,20]     00:00:00:00:00:01    00:00:00:00:00:17 14    585  [25,6,2,4,13,20]     00:00:00:00:00:01    00:00:00:00:00:17 15    585  [25,6,2,4,14,20]  
# h00:00:00:00:00:01 -> h00:00:00:00:00:09
   00:00:00:00:00:01    00:00:00:00:00:09 0    439  [25,5,1,9,33]     00:00:00:00:00:01    00:00:00:00:00:09 1    439  [25,5,1,10,33]     00:00:00:00:00:01    00:00:00:00:00:09 2    439  [25,5,2,9,33]     00:00:00:00:00:01    00:00:00:00:00:09 3    439  [25,5,2,10,33]     00:00:00:00:00:01    00:00:00:00:00:09 4    439  [25,6,1,9,33]     00:00:00:00:00:01    00:00:00:00:00:09 5    439  [25,6,1,10,33]     00:00:00:00:00:01    00:00:00:00:00:09 6    439  [25,6,2,9,33]     00:00:00:00:00:01    00:00:00:00:00:09 7    439  [25,6,2,10,33]     00:00:00:00:00:01    00:00:00:00:00:09 8    585  [25,5,1,2,9,33]     00:00:00:00:00:01    00:00:00:00:00:09 9    585  [25,5,1,2,10,33]     00:00:00:00:00:01    00:00:00:00:00:09 10    585  [25,5,2,1,9,33]     00:00:00:00:00:01    00:00:00:00:00:09 11    585  [25,5,2,1,10,33]     00:00:00:00:00:01    00:00:00:00:00:09 12    585  [25,6,1,2,9,33]     00:00:00:00:00:01    00:00:00:00:00:09 13    585  [25,6,1,2,10,33]     00:00:00:00:00:01    00:00:00:00:00:09 14    585  [25,6,2,1,9,33]     00:00:00:00:00:01    00:00:00:00:00:09 15    585  [25,6,2,1,10,33]  
# h00:00:00:00:00:01 -> h00:00:00:00:00:05
   00:00:00:00:00:01    00:00:00:00:00:05 0    439  [25,5,1,7,29]     00:00:00:00:00:01    00:00:00:00:00:05 1    439  [25,5,1,8,29]     00:00:00:00:00:01    00:00:00:00:00:05 2    439  [25,5,2,7,29]     00:00:00:00:00:01    00:00:00:00:00:05 3    439  [25,5,2,8,29]     00:00:00:00:00:01    00:00:00:00:00:05 4    439  [25,6,1,7,29]     00:00:00:00:00:01    00:00:00:00:00:05 5    439  [25,6,1,8,29]     00:00:00:00:00:01    00:00:00:00:00:05 6    439  [25,6,2,7,29]     00:00:00:00:00:01    00:00:00:00:00:05 7    439  [25,6,2,8,29]     00:00:00:00:00:01    00:00:00:00:00:05 8    585  [25,5,1,2,7,29]     00:00:00:00:00:01    00:00:00:00:00:05 9    585  [25,5,1,2,8,29]     00:00:00:00:00:01    00:00:00:00:00:05 10    585  [25,5,2,1,7,29]     00:00:00:00:00:01    00:00:00:00:00:05 11    585  [25,5,2,1,8,29]     00:00:00:00:00:01    00:00:00:00:00:05 12    585  [25,6,1,2,7,29]     00:00:00:00:00:01    00:00:00:00:00:05 13    585  [25,6,1,2,8,29]     00:00:00:00:00:01    00:00:00:00:00:05 14    585  [25,6,2,1,7,29]     00:00:00:00:00:01    00:00:00:00:00:05 15    585  [25,6,2,1,8,29]  
# h00:00:00:00:00:01 -> h00:00:00:00:00:08
   00:00:00:00:00:01    00:00:00:00:00:08 0    439  [25,5,1,7,32]     00:00:00:00:00:01    00:00:00:00:00:08 1    439  [25,5,1,8,32]     00:00:00:00:00:01    00:00:00:00:00:08 2    439  [25,5,2,7,32]     00:00:00:00:00:01    00:00:00:00:00:08 3    439  [25,5,2,8,32]     00:00:00:00:00:01    00:00:00:00:00:08 4    439  [25,6,1,7,32]     00:00:00:00:00:01    00:00:00:00:00:08 5    439  [25,6,1,8,32]     00:00:00:00:00:01    00:00:00:00:00:08 6    439  [25,6,2,7,32]     00:00:00:00:00:01    00:00:00:00:00:08 7    439  [25,6,2,8,32]     00:00:00:00:00:01    00:00:00:00:00:08 8    585  [25,5,1,2,7,32]     00:00:00:00:00:01    00:00:00:00:00:08 9    585  [25,5,1,2,8,32]     00:00:00:00:00:01    00:00:00:00:00:08 10    585  [25,5,2,1,7,32]     00:00:00:00:00:01    00:00:00:00:00:08 11    585  [25,5,2,1,8,32]     00:00:00:00:00:01    00:00:00:00:00:08 12    585  [25,6,1,2,7,32]     00:00:00:00:00:01    00:00:00:00:00:08 13    585  [25,6,1,2,8,32]     00:00:00:00:00:01    00:00:00:00:00:08 14    585  [25,6,2,1,7,32]     00:00:00:00:00:01    00:00:00:00:00:08 15    585  [25,6,2,1,8,32]  
# h00:00:00:00:00:01 -> h00:00:00:00:00:04
   00:00:00:00:00:01    00:00:00:00:00:04 0    146  [25,5,28]     00:00:00:00:00:01    00:00:00:00:00:04 1    146  [25,6,28]     00:00:00:00:00:01    00:00:00:00:00:04 2    439  [25,5,1,6,28]     00:00:00:00:00:01    00:00:00:00:00:04 3    439  [25,5,2,6,28]     00:00:00:00:00:01    00:00:00:00:00:04 4    439  [25,5,26,6,28]     00:00:00:00:00:01    00:00:00:00:00:04 5    439  [25,5,27,6,28]     00:00:00:00:00:01    00:00:00:00:00:04 6    439  [25,6,1,5,28]     00:00:00:00:00:01    00:00:00:00:00:04 7    439  [25,6,2,5,28]     00:00:00:00:00:01    00:00:00:00:00:04 8    439  [25,6,26,5,28]     00:00:00:00:00:01    00:00:00:00:00:04 9    439  [25,6,27,5,28]     00:00:00:00:00:01    00:00:00:00:00:04 10    585  [25,5,1,2,6,28]     00:00:00:00:00:01    00:00:00:00:00:04 11    585  [25,5,2,1,6,28]     00:00:00:00:00:01    00:00:00:00:00:04 12    585  [25,6,1,2,5,28]     00:00:00:00:00:01    00:00:00:00:00:04 13    585  [25,6,2,1,5,28]     00:00:00:00:00:01    00:00:00:00:00:04 14    731  [25,5,1,3,2,6,28]     00:00:00:00:00:01    00:00:00:00:00:04 15    731  [25,5,1,4,2,6,28]  
# h00:00:00:00:00:01 -> h00:00:00:00:00:1a
   00:00:00:00:00:01    00:00:00:00:00:1a 0    585  [25,5,1,3,15,23]     00:00:00:00:00:01    00:00:00:00:00:1a 1    585  [25,5,1,3,16,23]     00:00:00:00:00:01    00:00:00:00:00:1a 2    585  [25,5,1,4,15,23]     00:00:00:00:00:01    00:00:00:00:00:1a 3    585  [25,5,1,4,16,23]     00:00:00:00:00:01    00:00:00:00:00:1a 4    585  [25,5,2,3,15,23]     00:00:00:00:00:01    00:00:00:00:00:1a 5    585  [25,5,2,3,16,23]     00:00:00:00:00:01    00:00:00:00:00:1a 6    585  [25,5,2,4,15,23]     00:00:00:00:00:01    00:00:00:00:00:1a 7    585  [25,5,2,4,16,23]     00:00:00:00:00:01    00:00:00:00:00:1a 8    585  [25,6,1,3,15,23]     00:00:00:00:00:01    00:00:00:00:00:1a 9    585  [25,6,1,3,16,23]     00:00:00:00:00:01    00:00:00:00:00:1a 10    585  [25,6,1,4,15,23]     00:00:00:00:00:01    00:00:00:00:00:1a 11    585  [25,6,1,4,16,23]     00:00:00:00:00:01    00:00:00:00:00:1a 12    585  [25,6,2,3,15,23]     00:00:00:00:00:01    00:00:00:00:00:1a 13    585  [25,6,2,3,16,23]     00:00:00:00:00:01    00:00:00:00:00:1a 14    585  [25,6,2,4,15,23]     00:00:00:00:00:01    00:00:00:00:00:1a 15    585  [25,6,2,4,16,23]  
# h00:00:00:00:00:01 -> h00:00:00:00:00:10
   00:00:00:00:00:01    00:00:00:00:00:10 0    439  [25,5,1,11,40]     00:00:00:00:00:01    00:00:00:00:00:10 1    439  [25,5,1,12,40]     00:00:00:00:00:01    00:00:00:00:00:10 2    439  [25,5,2,11,40]     00:00:00:00:00:01    00:00:00:00:00:10 3    439  [25,5,2,12,40]     00:00:00:00:00:01    00:00:00:00:00:10 4    439  [25,6,1,11,40]     00:00:00:00:00:01    00:00:00:00:00:10 5    439  [25,6,1,12,40]     00:00:00:00:00:01    00:00:00:00:00:10 6    439  [25,6,2,11,40]     00:00:00:00:00:01    00:00:00:00:00:10 7    439  [25,6,2,12,40]     00:00:00:00:00:01    00:00:00:00:00:10 8    585  [25,5,1,2,11,40]     00:00:00:00:00:01    00:00:00:00:00:10 9    585  [25,5,1,2,12,40]     00:00:00:00:00:01    00:00:00:00:00:10 10    585  [25,5,2,1,11,40]     00:00:00:00:00:01    00:00:00:00:00:10 11    585  [25,5,2,1,12,40]     00:00:00:00:00:01    00:00:00:00:00:10 12    585  [25,6,1,2,11,40]     00:00:00:00:00:01    00:00:00:00:00:10 13    585  [25,6,1,2,12,40]     00:00:00:00:00:01    00:00:00:00:00:10 14    585  [25,6,2,1,11,40]     00:00:00:00:00:01    00:00:00:00:00:10 15    585  [25,6,2,1,12,40]  
# h00:00:00:00:00:01 -> h00:00:00:00:00:18
   00:00:00:00:00:01    00:00:00:00:00:18 0    585  [25,5,1,3,13,21]     00:00:00:00:00:01    00:00:00:00:00:18 1    585  [25,5,1,3,14,21]     00:00:00:00:00:01    00:00:00:00:00:18 2    585  [25,5,1,4,13,21]     00:00:00:00:00:01    00:00:00:00:00:18 3    585  [25,5,1,4,14,21]     00:00:00:00:00:01    00:00:00:00:00:18 4    585  [25,5,2,3,13,21]     00:00:00:00:00:01    00:00:00:00:00:18 5    585  [25,5,2,3,14,21]     00:00:00:00:00:01    00:00:00:00:00:18 6    585  [25,5,2,4,13,21]     00:00:00:00:00:01    00:00:00:00:00:18 7    585  [25,5,2,4,14,21]     00:00:00:00:00:01    00:00:00:00:00:18 8    585  [25,6,1,3,13,21]     00:00:00:00:00:01    00:00:00:00:00:18 9    585  [25,6,1,3,14,21]     00:00:00:00:00:01    00:00:00:00:00:18 10    585  [25,6,1,4,13,21]     00:00:00:00:00:01    00:00:00:00:00:18 11    585  [25,6,1,4,14,21]     00:00:00:00:00:01    00:00:00:00:00:18 12    585  [25,6,2,3,13,21]     00:00:00:00:00:01    00:00:00:00:00:18 13    585  [25,6,2,3,14,21]     00:00:00:00:00:01    00:00:00:00:00:18 14    585  [25,6,2,4,13,21]     00:00:00:00:00:01    00:00:00:00:00:18 15    585  [25,6,2,4,14,21]  
# h00:00:00:00:00:01 -> h00:00:00:00:00:19
   00:00:00:00:00:01    00:00:00:00:00:19 0    585  [25,5,1,3,15,22]     00:00:00:00:00:01    00:00:00:00:00:19 1    585  [25,5,1,3,16,22]     00:00:00:00:00:01    00:00:00:00:00:19 2    585  [25,5,1,4,15,22]     00:00:00:00:00:01    00:00:00:00:00:19 3    585  [25,5,1,4,16,22]     00:00:00:00:00:01    00:00:00:00:00:19 4    585  [25,5,2,3,15,22]     00:00:00:00:00:01    00:00:00:00:00:19 5    585  [25,5,2,3,16,22]     00:00:00:00:00:01    00:00:00:00:00:19 6    585  [25,5,2,4,15,22]     00:00:00:00:00:01    00:00:00:00:00:19 7    585  [25,5,2,4,16,22]     00:00:00:00:00:01    00:00:00:00:00:19 8    585  [25,6,1,3,15,22]     00:00:00:00:00:01    00:00:00:00:00:19 9    585  [25,6,1,3,16,22]     00:00:00:00:00:01    00:00:00:00:00:19 10    585  [25,6,1,4,15,22]     00:00:00:00:00:01    00:00:00:00:00:19 11    585  [25,6,1,4,16,22]     00:00:00:00:00:01    00:00:00:00:00:19 12    585  [25,6,2,3,15,22]     00:00:00:00:00:01    00:00:00:00:00:19 13    585  [25,6,2,3,16,22]     00:00:00:00:00:01    00:00:00:00:00:19 14    585  [25,6,2,4,15,22]     00:00:00:00:00:01    00:00:00:00:00:19 15    585  [25,6,2,4,16,22]  
# h00:00:00:00:00:01 -> h00:00:00:00:00:0e
   00:00:00:00:00:01    00:00:00:00:00:0e 0    439  [25,5,1,11,38]     00:00:00:00:00:01    00:00:00:00:00:0e 1    439  [25,5,1,12,38]     00:00:00:00:00:01    00:00:00:00:00:0e 2    439  [25,5,2,11,38]     00:00:00:00:00:01    00:00:00:00:00:0e 3    439  [25,5,2,12,38]     00:00:00:00:00:01    00:00:00:00:00:0e 4    439  [25,6,1,11,38]     00:00:00:00:00:01    00:00:00:00:00:0e 5    439  [25,6,1,12,38]     00:00:00:00:00:01    00:00:00:00:00:0e 6    439  [25,6,2,11,38]     00:00:00:00:00:01    00:00:00:00:00:0e 7    439  [25,6,2,12,38]     00:00:00:00:00:01    00:00:00:00:00:0e 8    585  [25,5,1,2,11,38]     00:00:00:00:00:01    00:00:00:00:00:0e 9    585  [25,5,1,2,12,38]     00:00:00:00:00:01    00:00:00:00:00:0e 10    585  [25,5,2,1,11,38]     00:00:00:00:00:01    00:00:00:00:00:0e 11    585  [25,5,2,1,12,38]     00:00:00:00:00:01    00:00:00:00:00:0e 12    585  [25,6,1,2,11,38]     00:00:00:00:00:01    00:00:00:00:00:0e 13    585  [25,6,1,2,12,38]     00:00:00:00:00:01    00:00:00:00:00:0e 14    585  [25,6,2,1,11,38]     00:00:00:00:00:01    00:00:00:00:00:0e 15    585  [25,6,2,1,12,38]  
# h00:00:00:00:00:01 -> h00:00:00:00:00:14
   00:00:00:00:00:01    00:00:00:00:00:14 0    585  [25,5,1,3,17,44]     00:00:00:00:00:01    00:00:00:00:00:14 1    585  [25,5,1,3,18,44]     00:00:00:00:00:01    00:00:00:00:00:14 2    585  [25,5,1,4,17,44]     00:00:00:00:00:01    00:00:00:00:00:14 3    585  [25,5,1,4,18,44]     00:00:00:00:00:01    00:00:00:00:00:14 4    585  [25,5,2,3,17,44]     00:00:00:00:00:01    00:00:00:00:00:14 5    585  [25,5,2,3,18,44]     00:00:00:00:00:01    00:00:00:00:00:14 6    585  [25,5,2,4,17,44]     00:00:00:00:00:01    00:00:00:00:00:14 7    585  [25,5,2,4,18,44]     00:00:00:00:00:01    00:00:00:00:00:14 8    585  [25,6,1,3,17,44]     00:00:00:00:00:01    00:00:00:00:00:14 9    585  [25,6,1,3,18,44]     00:00:00:00:00:01    00:00:00:00:00:14 10    585  [25,6,1,4,17,44]     00:00:00:00:00:01    00:00:00:00:00:14 11    585  [25,6,1,4,18,44]     00:00:00:00:00:01    00:00:00:00:00:14 12    585  [25,6,2,3,17,44]     00:00:00:00:00:01    00:00:00:00:00:14 13    585  [25,6,2,3,18,44]     00:00:00:00:00:01    00:00:00:00:00:14 14    585  [25,6,2,4,17,44]     00:00:00:00:00:01    00:00:00:00:00:14 15    585  [25,6,2,4,18,44]  
# h00:00:00:00:00:01 -> h00:00:00:00:00:0b
   00:00:00:00:00:01    00:00:00:00:00:0b 0    439  [25,5,1,9,35]     00:00:00:00:00:01    00:00:00:00:00:0b 1    439  [25,5,1,10,35]     00:00:00:00:00:01    00:00:00:00:00:0b 2    439  [25,5,2,9,35]     00:00:00:00:00:01    00:00:00:00:00:0b 3    439  [25,5,2,10,35]     00:00:00:00:00:01    00:00:00:00:00:0b 4    439  [25,6,1,9,35]     00:00:00:00:00:01    00:00:00:00:00:0b 5    439  [25,6,1,10,35]     00:00:00:00:00:01    00:00:00:00:00:0b 6    439  [25,6,2,9,35]     00:00:00:00:00:01    00:00:00:00:00:0b 7    439  [25,6,2,10,35]     00:00:00:00:00:01    00:00:00:00:00:0b 8    585  [25,5,1,2,9,35]     00:00:00:00:00:01    00:00:00:00:00:0b 9    585  [25,5,1,2,10,35]     00:00:00:00:00:01    00:00:00:00:00:0b 10    585  [25,5,2,1,9,35]     00:00:00:00:00:01    00:00:00:00:00:0b 11    585  [25,5,2,1,10,35]     00:00:00:00:00:01    00:00:00:00:00:0b 12    585  [25,6,1,2,9,35]     00:00:00:00:00:01    00:00:00:00:00:0b 13    585  [25,6,1,2,10,35]     00:00:00:00:00:01    00:00:00:00:00:0b 14    585  [25,6,2,1,9,35]     00:00:00:00:00:01    00:00:00:00:00:0b 15    585  [25,6,2,1,10,35]  
# h00:00:00:00:00:01 -> h00:00:00:00:00:0a
   00:00:00:00:00:01    00:00:00:00:00:0a 0    439  [25,5,1,9,34]     00:00:00:00:00:01    00:00:00:00:00:0a 1    439  [25,5,1,10,34]     00:00:00:00:00:01    00:00:00:00:00:0a 2    439  [25,5,2,9,34]     00:00:00:00:00:01    00:00:00:00:00:0a 3    439  [25,5,2,10,34]     00:00:00:00:00:01    00:00:00:00:00:0a 4    439  [25,6,1,9,34]     00:00:00:00:00:01    00:00:00:00:00:0a 5    439  [25,6,1,10,34]     00:00:00:00:00:01    00:00:00:00:00:0a 6    439  [25,6,2,9,34]     00:00:00:00:00:01    00:00:00:00:00:0a 7    439  [25,6,2,10,34]     00:00:00:00:00:01    00:00:00:00:00:0a 8    585  [25,5,1,2,9,34]     00:00:00:00:00:01    00:00:00:00:00:0a 9    585  [25,5,1,2,10,34]     00:00:00:00:00:01    00:00:00:00:00:0a 10    585  [25,5,2,1,9,34]     00:00:00:00:00:01    00:00:00:00:00:0a 11    585  [25,5,2,1,10,34]     00:00:00:00:00:01    00:00:00:00:00:0a 12    585  [25,6,1,2,9,34]     00:00:00:00:00:01    00:00:00:00:00:0a 13    585  [25,6,1,2,10,34]     00:00:00:00:00:01    00:00:00:00:00:0a 14    585  [25,6,2,1,9,34]     00:00:00:00:00:01    00:00:00:00:00:0a 15    585  [25,6,2,1,10,34]  
# h00:00:00:00:00:01 -> h00:00:00:00:00:0c
   00:00:00:00:00:01    00:00:00:00:00:0c 0    439  [25,5,1,9,36]     00:00:00:00:00:01    00:00:00:00:00:0c 1    439  [25,5,1,10,36]     00:00:00:00:00:01    00:00:00:00:00:0c 2    439  [25,5,2,9,36]     00:00:00:00:00:01    00:00:00:00:00:0c 3    439  [25,5,2,10,36]     00:00:00:00:00:01    00:00:00:00:00:0c 4    439  [25,6,1,9,36]     00:00:00:00:00:01    00:00:00:00:00:0c 5    439  [25,6,1,10,36]     00:00:00:00:00:01    00:00:00:00:00:0c 6    439  [25,6,2,9,36]     00:00:00:00:00:01    00:00:00:00:00:0c 7    439  [25,6,2,10,36]     00:00:00:00:00:01    00:00:00:00:00:0c 8    585  [25,5,1,2,9,36]     00:00:00:00:00:01    00:00:00:00:00:0c 9    585  [25,5,1,2,10,36]     00:00:00:00:00:01    00:00:00:00:00:0c 10    585  [25,5,2,1,9,36]     00:00:00:00:00:01    00:00:00:00:00:0c 11    585  [25,5,2,1,10,36]     00:00:00:00:00:01    00:00:00:00:00:0c 12    585  [25,6,1,2,9,36]     00:00:00:00:00:01    00:00:00:00:00:0c 13    585  [25,6,1,2,10,36]     00:00:00:00:00:01    00:00:00:00:00:0c 14    585  [25,6,2,1,9,36]     00:00:00:00:00:01    00:00:00:00:00:0c 15    585  [25,6,2,1,10,36]  
# h00:00:00:00:00:01 -> h00:00:00:00:00:0d
   00:00:00:00:00:01    00:00:00:00:00:0d 0    439  [25,5,1,11,37]     00:00:00:00:00:01    00:00:00:00:00:0d 1    439  [25,5,1,12,37]     00:00:00:00:00:01    00:00:00:00:00:0d 2    439  [25,5,2,11,37]     00:00:00:00:00:01    00:00:00:00:00:0d 3    439  [25,5,2,12,37]     00:00:00:00:00:01    00:00:00:00:00:0d 4    439  [25,6,1,11,37]     00:00:00:00:00:01    00:00:00:00:00:0d 5    439  [25,6,1,12,37]     00:00:00:00:00:01    00:00:00:00:00:0d 6    439  [25,6,2,11,37]     00:00:00:00:00:01    00:00:00:00:00:0d 7    439  [25,6,2,12,37]     00:00:00:00:00:01    00:00:00:00:00:0d 8    585  [25,5,1,2,11,37]     00:00:00:00:00:01    00:00:00:00:00:0d 9    585  [25,5,1,2,12,37]     00:00:00:00:00:01    00:00:00:00:00:0d 10    585  [25,5,2,1,11,37]     00:00:00:00:00:01    00:00:00:00:00:0d 11    585  [25,5,2,1,12,37]     00:00:00:00:00:01    00:00:00:00:00:0d 12    585  [25,6,1,2,11,37]     00:00:00:00:00:01    00:00:00:00:00:0d 13    585  [25,6,1,2,12,37]     00:00:00:00:00:01    00:00:00:00:00:0d 14    585  [25,6,2,1,11,37]     00:00:00:00:00:01    00:00:00:00:00:0d 15    585  [25,6,2,1,12,37]  
# h00:00:00:00:00:01 -> h00:00:00:00:00:03
   00:00:00:00:00:01    00:00:00:00:00:03 0    146  [25,5,27]     00:00:00:00:00:01    00:00:00:00:00:03 1    146  [25,6,27]     00:00:00:00:00:01    00:00:00:00:00:03 2    439  [25,5,1,6,27]     00:00:00:00:00:01    00:00:00:00:00:03 3    439  [25,5,2,6,27]     00:00:00:00:00:01    00:00:00:00:00:03 4    439  [25,5,26,6,27]     00:00:00:00:00:01    00:00:00:00:00:03 5    439  [25,5,28,6,27]     00:00:00:00:00:01    00:00:00:00:00:03 6    439  [25,6,1,5,27]     00:00:00:00:00:01    00:00:00:00:00:03 7    439  [25,6,2,5,27]     00:00:00:00:00:01    00:00:00:00:00:03 8    439  [25,6,26,5,27]     00:00:00:00:00:01    00:00:00:00:00:03 9    439  [25,6,28,5,27]     00:00:00:00:00:01    00:00:00:00:00:03 10    585  [25,5,1,2,6,27]     00:00:00:00:00:01    00:00:00:00:00:03 11    585  [25,5,2,1,6,27]     00:00:00:00:00:01    00:00:00:00:00:03 12    585  [25,6,1,2,5,27]     00:00:00:00:00:01    00:00:00:00:00:03 13    585  [25,6,2,1,5,27]     00:00:00:00:00:01    00:00:00:00:00:03 14    731  [25,5,1,3,2,6,27]     00:00:00:00:00:01    00:00:00:00:00:03 15    731  [25,5,1,4,2,6,27]  
# h00:00:00:00:00:01 -> h00:00:00:00:00:11
   00:00:00:00:00:01    00:00:00:00:00:11 0    585  [25,5,1,3,17,41]     00:00:00:00:00:01    00:00:00:00:00:11 1    585  [25,5,1,3,18,41]     00:00:00:00:00:01    00:00:00:00:00:11 2    585  [25,5,1,4,17,41]     00:00:00:00:00:01    00:00:00:00:00:11 3    585  [25,5,1,4,18,41]     00:00:00:00:00:01    00:00:00:00:00:11 4    585  [25,5,2,3,17,41]     00:00:00:00:00:01    00:00:00:00:00:11 5    585  [25,5,2,3,18,41]     00:00:00:00:00:01    00:00:00:00:00:11 6    585  [25,5,2,4,17,41]     00:00:00:00:00:01    00:00:00:00:00:11 7    585  [25,5,2,4,18,41]     00:00:00:00:00:01    00:00:00:00:00:11 8    585  [25,6,1,3,17,41]     00:00:00:00:00:01    00:00:00:00:00:11 9    585  [25,6,1,3,18,41]     00:00:00:00:00:01    00:00:00:00:00:11 10    585  [25,6,1,4,17,41]     00:00:00:00:00:01    00:00:00:00:00:11 11    585  [25,6,1,4,18,41]     00:00:00:00:00:01    00:00:00:00:00:11 12    585  [25,6,2,3,17,41]     00:00:00:00:00:01    00:00:00:00:00:11 13    585  [25,6,2,3,18,41]     00:00:00:00:00:01    00:00:00:00:00:11 14    585  [25,6,2,4,17,41]     00:00:00:00:00:01    00:00:00:00:00:11 15    585  [25,6,2,4,18,41]  
# h00:00:00:00:00:01 -> h00:00:00:00:00:02
   00:00:00:00:00:01    00:00:00:00:00:02 0    146  [25,5,26]     00:00:00:00:00:01    00:00:00:00:00:02 1    146  [25,6,26]     00:00:00:00:00:01    00:00:00:00:00:02 2    439  [25,5,1,6,26]     00:00:00:00:00:01    00:00:00:00:00:02 3    439  [25,5,2,6,26]     00:00:00:00:00:01    00:00:00:00:00:02 4    439  [25,5,27,6,26]     00:00:00:00:00:01    00:00:00:00:00:02 5    439  [25,5,28,6,26]     00:00:00:00:00:01    00:00:00:00:00:02 6    439  [25,6,1,5,26]     00:00:00:00:00:01    00:00:00:00:00:02 7    439  [25,6,2,5,26]     00:00:00:00:00:01    00:00:00:00:00:02 8    439  [25,6,27,5,26]     00:00:00:00:00:01    00:00:00:00:00:02 9    439  [25,6,28,5,26]     00:00:00:00:00:01    00:00:00:00:00:02 10    585  [25,5,1,2,6,26]     00:00:00:00:00:01    00:00:00:00:00:02 11    585  [25,5,2,1,6,26]     00:00:00:00:00:01    00:00:00:00:00:02 12    585  [25,6,1,2,5,26]     00:00:00:00:00:01    00:00:00:00:00:02 13    585  [25,6,2,1,5,26]     00:00:00:00:00:01    00:00:00:00:00:02 14    731  [25,5,1,3,2,6,26]     00:00:00:00:00:01    00:00:00:00:00:02 15    731  [25,5,1,4,2,6,26]  
# h00:00:00:00:00:01 -> h00:00:00:00:00:0f
   00:00:00:00:00:01    00:00:00:00:00:0f 0    439  [25,5,1,11,39]     00:00:00:00:00:01    00:00:00:00:00:0f 1    439  [25,5,1,12,39]     00:00:00:00:00:01    00:00:00:00:00:0f 2    439  [25,5,2,11,39]     00:00:00:00:00:01    00:00:00:00:00:0f 3    439  [25,5,2,12,39]     00:00:00:00:00:01    00:00:00:00:00:0f 4    439  [25,6,1,11,39]     00:00:00:00:00:01    00:00:00:00:00:0f 5    439  [25,6,1,12,39]     00:00:00:00:00:01    00:00:00:00:00:0f 6    439  [25,6,2,11,39]     00:00:00:00:00:01    00:00:00:00:00:0f 7    439  [25,6,2,12,39]     00:00:00:00:00:01    00:00:00:00:00:0f 8    585  [25,5,1,2,11,39]     00:00:00:00:00:01    00:00:00:00:00:0f 9    585  [25,5,1,2,12,39]     00:00:00:00:00:01    00:00:00:00:00:0f 10    585  [25,5,2,1,11,39]     00:00:00:00:00:01    00:00:00:00:00:0f 11    585  [25,5,2,1,12,39]     00:00:00:00:00:01    00:00:00:00:00:0f 12    585  [25,6,1,2,11,39]     00:00:00:00:00:01    00:00:00:00:00:0f 13    585  [25,6,1,2,12,39]     00:00:00:00:00:01    00:00:00:00:00:0f 14    585  [25,6,2,1,11,39]     00:00:00:00:00:01    00:00:00:00:00:0f 15    585  [25,6,2,1,12,39]  
# h00:00:00:00:00:01 -> h00:00:00:00:00:12
   00:00:00:00:00:01    00:00:00:00:00:12 0    585  [25,5,1,3,17,42]     00:00:00:00:00:01    00:00:00:00:00:12 1    585  [25,5,1,3,18,42]     00:00:00:00:00:01    00:00:00:00:00:12 2    585  [25,5,1,4,17,42]     00:00:00:00:00:01    00:00:00:00:00:12 3    585  [25,5,1,4,18,42]     00:00:00:00:00:01    00:00:00:00:00:12 4    585  [25,5,2,3,17,42]     00:00:00:00:00:01    00:00:00:00:00:12 5    585  [25,5,2,3,18,42]     00:00:00:00:00:01    00:00:00:00:00:12 6    585  [25,5,2,4,17,42]     00:00:00:00:00:01    00:00:00:00:00:12 7    585  [25,5,2,4,18,42]     00:00:00:00:00:01    00:00:00:00:00:12 8    585  [25,6,1,3,17,42]     00:00:00:00:00:01    00:00:00:00:00:12 9    585  [25,6,1,3,18,42]     00:00:00:00:00:01    00:00:00:00:00:12 10    585  [25,6,1,4,17,42]     00:00:00:00:00:01    00:00:00:00:00:12 11    585  [25,6,1,4,18,42]     00:00:00:00:00:01    00:00:00:00:00:12 12    585  [25,6,2,3,17,42]     00:00:00:00:00:01    00:00:00:00:00:12 13    585  [25,6,2,3,18,42]     00:00:00:00:00:01    00:00:00:00:00:12 14    585  [25,6,2,4,17,42]     00:00:00:00:00:01    00:00:00:00:00:12 15    585  [25,6,2,4,18,42]  
# h00:00:00:00:00:01 -> h00:00:00:00:00:15
   00:00:00:00:00:01    00:00:00:00:00:15 0    585  [25,5,1,3,17,45]     00:00:00:00:00:01    00:00:00:00:00:15 1    585  [25,5,1,3,18,45]     00:00:00:00:00:01    00:00:00:00:00:15 2    585  [25,5,1,4,17,45]     00:00:00:00:00:01    00:00:00:00:00:15 3    585  [25,5,1,4,18,45]     00:00:00:00:00:01    00:00:00:00:00:15 4    585  [25,5,2,3,17,45]     00:00:00:00:00:01    00:00:00:00:00:15 5    585  [25,5,2,3,18,45]     00:00:00:00:00:01    00:00:00:00:00:15 6    585  [25,5,2,4,17,45]     00:00:00:00:00:01    00:00:00:00:00:15 7    585  [25,5,2,4,18,45]     00:00:00:00:00:01    00:00:00:00:00:15 8    585  [25,6,1,3,17,45]     00:00:00:00:00:01    00:00:00:00:00:15 9    585  [25,6,1,3,18,45]     00:00:00:00:00:01    00:00:00:00:00:15 10    585  [25,6,1,4,17,45]     00:00:00:00:00:01    00:00:00:00:00:15 11    585  [25,6,1,4,18,45]     00:00:00:00:00:01    00:00:00:00:00:15 12    585  [25,6,2,3,17,45]     00:00:00:00:00:01    00:00:00:00:00:15 13    585  [25,6,2,3,18,45]     00:00:00:00:00:01    00:00:00:00:00:15 14    585  [25,6,2,4,17,45]     00:00:00:00:00:01    00:00:00:00:00:15 15    585  [25,6,2,4,18,45]  
# h00:00:00:00:00:01 -> h00:00:00:00:00:13
   00:00:00:00:00:01    00:00:00:00:00:13 0    585  [25,5,1,3,17,43]     00:00:00:00:00:01    00:00:00:00:00:13 1    585  [25,5,1,3,18,43]     00:00:00:00:00:01    00:00:00:00:00:13 2    585  [25,5,1,4,17,43]     00:00:00:00:00:01    00:00:00:00:00:13 3    585  [25,5,1,4,18,43]     00:00:00:00:00:01    00:00:00:00:00:13 4    585  [25,5,2,3,17,43]     00:00:00:00:00:01    00:00:00:00:00:13 5    585  [25,5,2,3,18,43]     00:00:00:00:00:01    00:00:00:00:00:13 6    585  [25,5,2,4,17,43]     00:00:00:00:00:01    00:00:00:00:00:13 7    585  [25,5,2,4,18,43]     00:00:00:00:00:01    00:00:00:00:00:13 8    585  [25,6,1,3,17,43]     00:00:00:00:00:01    00:00:00:00:00:13 9    585  [25,6,1,3,18,43]     00:00:00:00:00:01    00:00:00:00:00:13 10    585  [25,6,1,4,17,43]     00:00:00:00:00:01    00:00:00:00:00:13 11    585  [25,6,1,4,18,43]     00:00:00:00:00:01    00:00:00:00:00:13 12    585  [25,6,2,3,17,43]     00:00:00:00:00:01    00:00:00:00:00:13 13    585  [25,6,2,3,18,43]     00:00:00:00:00:01    00:00:00:00:00:13 14    585  [25,6,2,4,17,43]     00:00:00:00:00:01    00:00:00:00:00:13 15    585  [25,6,2,4,18,43]  
# h00:00:00:00:00:14 -> h00:00:00:00:00:16
   00:00:00:00:00:14    00:00:00:00:00:16 0    439  [44,17,3,13,19]     00:00:00:00:00:14    00:00:00:00:00:16 1    439  [44,17,3,14,19]     00:00:00:00:00:14    00:00:00:00:00:16 2    439  [44,17,4,13,19]     00:00:00:00:00:14    00:00:00:00:00:16 3    439  [44,17,4,14,19]     00:00:00:00:00:14    00:00:00:00:00:16 4    439  [44,18,3,13,19]     00:00:00:00:00:14    00:00:00:00:00:16 5    439  [44,18,3,14,19]     00:00:00:00:00:14    00:00:00:00:00:16 6    439  [44,18,4,13,19]     00:00:00:00:00:14    00:00:00:00:00:16 7    439  [44,18,4,14,19]     00:00:00:00:00:14    00:00:00:00:00:16 8    585  [44,17,3,4,13,19]     00:00:00:00:00:14    00:00:00:00:00:16 9    585  [44,17,3,4,14,19]     00:00:00:00:00:14    00:00:00:00:00:16 10    585  [44,17,4,3,13,19]     00:00:00:00:00:14    00:00:00:00:00:16 11    585  [44,17,4,3,14,19]     00:00:00:00:00:14    00:00:00:00:00:16 12    585  [44,18,3,4,13,19]     00:00:00:00:00:14    00:00:00:00:00:16 13    585  [44,18,3,4,14,19]     00:00:00:00:00:14    00:00:00:00:00:16 14    585  [44,18,4,3,13,19]     00:00:00:00:00:14    00:00:00:00:00:16 15    585  [44,18,4,3,14,19]  
# h00:00:00:00:00:14 -> h00:00:00:00:00:06
   00:00:00:00:00:14    00:00:00:00:00:06 0    585  [44,17,3,1,7,30]     00:00:00:00:00:14    00:00:00:00:00:06 1    585  [44,17,3,1,8,30]     00:00:00:00:00:14    00:00:00:00:00:06 2    585  [44,17,3,2,7,30]     00:00:00:00:00:14    00:00:00:00:00:06 3    585  [44,17,3,2,8,30]     00:00:00:00:00:14    00:00:00:00:00:06 4    585  [44,17,4,1,7,30]     00:00:00:00:00:14    00:00:00:00:00:06 5    585  [44,17,4,1,8,30]     00:00:00:00:00:14    00:00:00:00:00:06 6    585  [44,17,4,2,7,30]     00:00:00:00:00:14    00:00:00:00:00:06 7    585  [44,17,4,2,8,30]     00:00:00:00:00:14    00:00:00:00:00:06 8    585  [44,18,3,1,7,30]     00:00:00:00:00:14    00:00:00:00:00:06 9    585  [44,18,3,1,8,30]     00:00:00:00:00:14    00:00:00:00:00:06 10    585  [44,18,3,2,7,30]     00:00:00:00:00:14    00:00:00:00:00:06 11    585  [44,18,3,2,8,30]     00:00:00:00:00:14    00:00:00:00:00:06 12    585  [44,18,4,1,7,30]     00:00:00:00:00:14    00:00:00:00:00:06 13    585  [44,18,4,1,8,30]     00:00:00:00:00:14    00:00:00:00:00:06 14    585  [44,18,4,2,7,30]     00:00:00:00:00:14    00:00:00:00:00:06 15    585  [44,18,4,2,8,30]  
# h00:00:00:00:00:14 -> h00:00:00:00:00:07
   00:00:00:00:00:14    00:00:00:00:00:07 0    585  [44,17,3,1,7,31]     00:00:00:00:00:14    00:00:00:00:00:07 1    585  [44,17,3,1,8,31]     00:00:00:00:00:14    00:00:00:00:00:07 2    585  [44,17,3,2,7,31]     00:00:00:00:00:14    00:00:00:00:00:07 3    585  [44,17,3,2,8,31]     00:00:00:00:00:14    00:00:00:00:00:07 4    585  [44,17,4,1,7,31]     00:00:00:00:00:14    00:00:00:00:00:07 5    585  [44,17,4,1,8,31]     00:00:00:00:00:14    00:00:00:00:00:07 6    585  [44,17,4,2,7,31]     00:00:00:00:00:14    00:00:00:00:00:07 7    585  [44,17,4,2,8,31]     00:00:00:00:00:14    00:00:00:00:00:07 8    585  [44,18,3,1,7,31]     00:00:00:00:00:14    00:00:00:00:00:07 9    585  [44,18,3,1,8,31]     00:00:00:00:00:14    00:00:00:00:00:07 10    585  [44,18,3,2,7,31]     00:00:00:00:00:14    00:00:00:00:00:07 11    585  [44,18,3,2,8,31]     00:00:00:00:00:14    00:00:00:00:00:07 12    585  [44,18,4,1,7,31]     00:00:00:00:00:14    00:00:00:00:00:07 13    585  [44,18,4,1,8,31]     00:00:00:00:00:14    00:00:00:00:00:07 14    585  [44,18,4,2,7,31]     00:00:00:00:00:14    00:00:00:00:00:07 15    585  [44,18,4,2,8,31]  
# h00:00:00:00:00:14 -> h00:00:00:00:00:1b
   00:00:00:00:00:14    00:00:00:00:00:1b 0    439  [44,17,3,15,24]     00:00:00:00:00:14    00:00:00:00:00:1b 1    439  [44,17,3,16,24]     00:00:00:00:00:14    00:00:00:00:00:1b 2    439  [44,17,4,15,24]     00:00:00:00:00:14    00:00:00:00:00:1b 3    439  [44,17,4,16,24]     00:00:00:00:00:14    00:00:00:00:00:1b 4    439  [44,18,3,15,24]     00:00:00:00:00:14    00:00:00:00:00:1b 5    439  [44,18,3,16,24]     00:00:00:00:00:14    00:00:00:00:00:1b 6    439  [44,18,4,15,24]     00:00:00:00:00:14    00:00:00:00:00:1b 7    439  [44,18,4,16,24]     00:00:00:00:00:14    00:00:00:00:00:1b 8    585  [44,17,3,4,15,24]     00:00:00:00:00:14    00:00:00:00:00:1b 9    585  [44,17,3,4,16,24]     00:00:00:00:00:14    00:00:00:00:00:1b 10    585  [44,17,4,3,15,24]     00:00:00:00:00:14    00:00:00:00:00:1b 11    585  [44,17,4,3,16,24]     00:00:00:00:00:14    00:00:00:00:00:1b 12    585  [44,18,3,4,15,24]     00:00:00:00:00:14    00:00:00:00:00:1b 13    585  [44,18,3,4,16,24]     00:00:00:00:00:14    00:00:00:00:00:1b 14    585  [44,18,4,3,15,24]     00:00:00:00:00:14    00:00:00:00:00:1b 15    585  [44,18,4,3,16,24]  
# h00:00:00:00:00:14 -> h00:00:00:00:00:17
   00:00:00:00:00:14    00:00:00:00:00:17 0    439  [44,17,3,13,20]     00:00:00:00:00:14    00:00:00:00:00:17 1    439  [44,17,3,14,20]     00:00:00:00:00:14    00:00:00:00:00:17 2    439  [44,17,4,13,20]     00:00:00:00:00:14    00:00:00:00:00:17 3    439  [44,17,4,14,20]     00:00:00:00:00:14    00:00:00:00:00:17 4    439  [44,18,3,13,20]     00:00:00:00:00:14    00:00:00:00:00:17 5    439  [44,18,3,14,20]     00:00:00:00:00:14    00:00:00:00:00:17 6    439  [44,18,4,13,20]     00:00:00:00:00:14    00:00:00:00:00:17 7    439  [44,18,4,14,20]     00:00:00:00:00:14    00:00:00:00:00:17 8    585  [44,17,3,4,13,20]     00:00:00:00:00:14    00:00:00:00:00:17 9    585  [44,17,3,4,14,20]     00:00:00:00:00:14    00:00:00:00:00:17 10    585  [44,17,4,3,13,20]     00:00:00:00:00:14    00:00:00:00:00:17 11    585  [44,17,4,3,14,20]     00:00:00:00:00:14    00:00:00:00:00:17 12    585  [44,18,3,4,13,20]     00:00:00:00:00:14    00:00:00:00:00:17 13    585  [44,18,3,4,14,20]     00:00:00:00:00:14    00:00:00:00:00:17 14    585  [44,18,4,3,13,20]     00:00:00:00:00:14    00:00:00:00:00:17 15    585  [44,18,4,3,14,20]  
# h00:00:00:00:00:14 -> h00:00:00:00:00:09
   00:00:00:00:00:14    00:00:00:00:00:09 0    585  [44,17,3,1,9,33]     00:00:00:00:00:14    00:00:00:00:00:09 1    585  [44,17,3,1,10,33]     00:00:00:00:00:14    00:00:00:00:00:09 2    585  [44,17,3,2,9,33]     00:00:00:00:00:14    00:00:00:00:00:09 3    585  [44,17,3,2,10,33]     00:00:00:00:00:14    00:00:00:00:00:09 4    585  [44,17,4,1,9,33]     00:00:00:00:00:14    00:00:00:00:00:09 5    585  [44,17,4,1,10,33]     00:00:00:00:00:14    00:00:00:00:00:09 6    585  [44,17,4,2,9,33]     00:00:00:00:00:14    00:00:00:00:00:09 7    585  [44,17,4,2,10,33]     00:00:00:00:00:14    00:00:00:00:00:09 8    585  [44,18,3,1,9,33]     00:00:00:00:00:14    00:00:00:00:00:09 9    585  [44,18,3,1,10,33]     00:00:00:00:00:14    00:00:00:00:00:09 10    585  [44,18,3,2,9,33]     00:00:00:00:00:14    00:00:00:00:00:09 11    585  [44,18,3,2,10,33]     00:00:00:00:00:14    00:00:00:00:00:09 12    585  [44,18,4,1,9,33]     00:00:00:00:00:14    00:00:00:00:00:09 13    585  [44,18,4,1,10,33]     00:00:00:00:00:14    00:00:00:00:00:09 14    585  [44,18,4,2,9,33]     00:00:00:00:00:14    00:00:00:00:00:09 15    585  [44,18,4,2,10,33]  
# h00:00:00:00:00:14 -> h00:00:00:00:00:05
   00:00:00:00:00:14    00:00:00:00:00:05 0    585  [44,17,3,1,7,29]     00:00:00:00:00:14    00:00:00:00:00:05 1    585  [44,17,3,1,8,29]     00:00:00:00:00:14    00:00:00:00:00:05 2    585  [44,17,3,2,7,29]     00:00:00:00:00:14    00:00:00:00:00:05 3    585  [44,17,3,2,8,29]     00:00:00:00:00:14    00:00:00:00:00:05 4    585  [44,17,4,1,7,29]     00:00:00:00:00:14    00:00:00:00:00:05 5    585  [44,17,4,1,8,29]     00:00:00:00:00:14    00:00:00:00:00:05 6    585  [44,17,4,2,7,29]     00:00:00:00:00:14    00:00:00:00:00:05 7    585  [44,17,4,2,8,29]     00:00:00:00:00:14    00:00:00:00:00:05 8    585  [44,18,3,1,7,29]     00:00:00:00:00:14    00:00:00:00:00:05 9    585  [44,18,3,1,8,29]     00:00:00:00:00:14    00:00:00:00:00:05 10    585  [44,18,3,2,7,29]     00:00:00:00:00:14    00:00:00:00:00:05 11    585  [44,18,3,2,8,29]     00:00:00:00:00:14    00:00:00:00:00:05 12    585  [44,18,4,1,7,29]     00:00:00:00:00:14    00:00:00:00:00:05 13    585  [44,18,4,1,8,29]     00:00:00:00:00:14    00:00:00:00:00:05 14    585  [44,18,4,2,7,29]     00:00:00:00:00:14    00:00:00:00:00:05 15    585  [44,18,4,2,8,29]  
# h00:00:00:00:00:14 -> h00:00:00:00:00:08
   00:00:00:00:00:14    00:00:00:00:00:08 0    585  [44,17,3,1,7,32]     00:00:00:00:00:14    00:00:00:00:00:08 1    585  [44,17,3,1,8,32]     00:00:00:00:00:14    00:00:00:00:00:08 2    585  [44,17,3,2,7,32]     00:00:00:00:00:14    00:00:00:00:00:08 3    585  [44,17,3,2,8,32]     00:00:00:00:00:14    00:00:00:00:00:08 4    585  [44,17,4,1,7,32]     00:00:00:00:00:14    00:00:00:00:00:08 5    585  [44,17,4,1,8,32]     00:00:00:00:00:14    00:00:00:00:00:08 6    585  [44,17,4,2,7,32]     00:00:00:00:00:14    00:00:00:00:00:08 7    585  [44,17,4,2,8,32]     00:00:00:00:00:14    00:00:00:00:00:08 8    585  [44,18,3,1,7,32]     00:00:00:00:00:14    00:00:00:00:00:08 9    585  [44,18,3,1,8,32]     00:00:00:00:00:14    00:00:00:00:00:08 10    585  [44,18,3,2,7,32]     00:00:00:00:00:14    00:00:00:00:00:08 11    585  [44,18,3,2,8,32]     00:00:00:00:00:14    00:00:00:00:00:08 12    585  [44,18,4,1,7,32]     00:00:00:00:00:14    00:00:00:00:00:08 13    585  [44,18,4,1,8,32]     00:00:00:00:00:14    00:00:00:00:00:08 14    585  [44,18,4,2,7,32]     00:00:00:00:00:14    00:00:00:00:00:08 15    585  [44,18,4,2,8,32]  
# h00:00:00:00:00:14 -> h00:00:00:00:00:04
   00:00:00:00:00:14    00:00:00:00:00:04 0    585  [44,17,3,1,5,28]     00:00:00:00:00:14    00:00:00:00:00:04 1    585  [44,17,3,1,6,28]     00:00:00:00:00:14    00:00:00:00:00:04 2    585  [44,17,3,2,5,28]     00:00:00:00:00:14    00:00:00:00:00:04 3    585  [44,17,3,2,6,28]     00:00:00:00:00:14    00:00:00:00:00:04 4    585  [44,17,4,1,5,28]     00:00:00:00:00:14    00:00:00:00:00:04 5    585  [44,17,4,1,6,28]     00:00:00:00:00:14    00:00:00:00:00:04 6    585  [44,17,4,2,5,28]     00:00:00:00:00:14    00:00:00:00:00:04 7    585  [44,17,4,2,6,28]     00:00:00:00:00:14    00:00:00:00:00:04 8    585  [44,18,3,1,5,28]     00:00:00:00:00:14    00:00:00:00:00:04 9    585  [44,18,3,1,6,28]     00:00:00:00:00:14    00:00:00:00:00:04 10    585  [44,18,3,2,5,28]     00:00:00:00:00:14    00:00:00:00:00:04 11    585  [44,18,3,2,6,28]     00:00:00:00:00:14    00:00:00:00:00:04 12    585  [44,18,4,1,5,28]     00:00:00:00:00:14    00:00:00:00:00:04 13    585  [44,18,4,1,6,28]     00:00:00:00:00:14    00:00:00:00:00:04 14    585  [44,18,4,2,5,28]     00:00:00:00:00:14    00:00:00:00:00:04 15    585  [44,18,4,2,6,28]  
# h00:00:00:00:00:14 -> h00:00:00:00:00:1a
   00:00:00:00:00:14    00:00:00:00:00:1a 0    439  [44,17,3,15,23]     00:00:00:00:00:14    00:00:00:00:00:1a 1    439  [44,17,3,16,23]     00:00:00:00:00:14    00:00:00:00:00:1a 2    439  [44,17,4,15,23]     00:00:00:00:00:14    00:00:00:00:00:1a 3    439  [44,17,4,16,23]     00:00:00:00:00:14    00:00:00:00:00:1a 4    439  [44,18,3,15,23]     00:00:00:00:00:14    00:00:00:00:00:1a 5    439  [44,18,3,16,23]     00:00:00:00:00:14    00:00:00:00:00:1a 6    439  [44,18,4,15,23]     00:00:00:00:00:14    00:00:00:00:00:1a 7    439  [44,18,4,16,23]     00:00:00:00:00:14    00:00:00:00:00:1a 8    585  [44,17,3,4,15,23]     00:00:00:00:00:14    00:00:00:00:00:1a 9    585  [44,17,3,4,16,23]     00:00:00:00:00:14    00:00:00:00:00:1a 10    585  [44,17,4,3,15,23]     00:00:00:00:00:14    00:00:00:00:00:1a 11    585  [44,17,4,3,16,23]     00:00:00:00:00:14    00:00:00:00:00:1a 12    585  [44,18,3,4,15,23]     00:00:00:00:00:14    00:00:00:00:00:1a 13    585  [44,18,3,4,16,23]     00:00:00:00:00:14    00:00:00:00:00:1a 14    585  [44,18,4,3,15,23]     00:00:00:00:00:14    00:00:00:00:00:1a 15    585  [44,18,4,3,16,23]  
# h00:00:00:00:00:14 -> h00:00:00:00:00:10
   00:00:00:00:00:14    00:00:00:00:00:10 0    585  [44,17,3,1,11,40]     00:00:00:00:00:14    00:00:00:00:00:10 1    585  [44,17,3,1,12,40]     00:00:00:00:00:14    00:00:00:00:00:10 2    585  [44,17,3,2,11,40]     00:00:00:00:00:14    00:00:00:00:00:10 3    585  [44,17,3,2,12,40]     00:00:00:00:00:14    00:00:00:00:00:10 4    585  [44,17,4,1,11,40]     00:00:00:00:00:14    00:00:00:00:00:10 5    585  [44,17,4,1,12,40]     00:00:00:00:00:14    00:00:00:00:00:10 6    585  [44,17,4,2,11,40]     00:00:00:00:00:14    00:00:00:00:00:10 7    585  [44,17,4,2,12,40]     00:00:00:00:00:14    00:00:00:00:00:10 8    585  [44,18,3,1,11,40]     00:00:00:00:00:14    00:00:00:00:00:10 9    585  [44,18,3,1,12,40]     00:00:00:00:00:14    00:00:00:00:00:10 10    585  [44,18,3,2,11,40]     00:00:00:00:00:14    00:00:00:00:00:10 11    585  [44,18,3,2,12,40]     00:00:00:00:00:14    00:00:00:00:00:10 12    585  [44,18,4,1,11,40]     00:00:00:00:00:14    00:00:00:00:00:10 13    585  [44,18,4,1,12,40]     00:00:00:00:00:14    00:00:00:00:00:10 14    585  [44,18,4,2,11,40]     00:00:00:00:00:14    00:00:00:00:00:10 15    585  [44,18,4,2,12,40]  
# h00:00:00:00:00:14 -> h00:00:00:00:00:18
   00:00:00:00:00:14    00:00:00:00:00:18 0    439  [44,17,3,13,21]     00:00:00:00:00:14    00:00:00:00:00:18 1    439  [44,17,3,14,21]     00:00:00:00:00:14    00:00:00:00:00:18 2    439  [44,17,4,13,21]     00:00:00:00:00:14    00:00:00:00:00:18 3    439  [44,17,4,14,21]     00:00:00:00:00:14    00:00:00:00:00:18 4    439  [44,18,3,13,21]     00:00:00:00:00:14    00:00:00:00:00:18 5    439  [44,18,3,14,21]     00:00:00:00:00:14    00:00:00:00:00:18 6    439  [44,18,4,13,21]     00:00:00:00:00:14    00:00:00:00:00:18 7    439  [44,18,4,14,21]     00:00:00:00:00:14    00:00:00:00:00:18 8    585  [44,17,3,4,13,21]     00:00:00:00:00:14    00:00:00:00:00:18 9    585  [44,17,3,4,14,21]     00:00:00:00:00:14    00:00:00:00:00:18 10    585  [44,17,4,3,13,21]     00:00:00:00:00:14    00:00:00:00:00:18 11    585  [44,17,4,3,14,21]     00:00:00:00:00:14    00:00:00:00:00:18 12    585  [44,18,3,4,13,21]     00:00:00:00:00:14    00:00:00:00:00:18 13    585  [44,18,3,4,14,21]     00:00:00:00:00:14    00:00:00:00:00:18 14    585  [44,18,4,3,13,21]     00:00:00:00:00:14    00:00:00:00:00:18 15    585  [44,18,4,3,14,21]  
# h00:00:00:00:00:14 -> h00:00:00:00:00:19
   00:00:00:00:00:14    00:00:00:00:00:19 0    439  [44,17,3,15,22]     00:00:00:00:00:14    00:00:00:00:00:19 1    439  [44,17,3,16,22]     00:00:00:00:00:14    00:00:00:00:00:19 2    439  [44,17,4,15,22]     00:00:00:00:00:14    00:00:00:00:00:19 3    439  [44,17,4,16,22]     00:00:00:00:00:14    00:00:00:00:00:19 4    439  [44,18,3,15,22]     00:00:00:00:00:14    00:00:00:00:00:19 5    439  [44,18,3,16,22]     00:00:00:00:00:14    00:00:00:00:00:19 6    439  [44,18,4,15,22]     00:00:00:00:00:14    00:00:00:00:00:19 7    439  [44,18,4,16,22]     00:00:00:00:00:14    00:00:00:00:00:19 8    585  [44,17,3,4,15,22]     00:00:00:00:00:14    00:00:00:00:00:19 9    585  [44,17,3,4,16,22]     00:00:00:00:00:14    00:00:00:00:00:19 10    585  [44,17,4,3,15,22]     00:00:00:00:00:14    00:00:00:00:00:19 11    585  [44,17,4,3,16,22]     00:00:00:00:00:14    00:00:00:00:00:19 12    585  [44,18,3,4,15,22]     00:00:00:00:00:14    00:00:00:00:00:19 13    585  [44,18,3,4,16,22]     00:00:00:00:00:14    00:00:00:00:00:19 14    585  [44,18,4,3,15,22]     00:00:00:00:00:14    00:00:00:00:00:19 15    585  [44,18,4,3,16,22]  
# h00:00:00:00:00:14 -> h00:00:00:00:00:0e
   00:00:00:00:00:14    00:00:00:00:00:0e 0    585  [44,17,3,1,11,38]     00:00:00:00:00:14    00:00:00:00:00:0e 1    585  [44,17,3,1,12,38]     00:00:00:00:00:14    00:00:00:00:00:0e 2    585  [44,17,3,2,11,38]     00:00:00:00:00:14    00:00:00:00:00:0e 3    585  [44,17,3,2,12,38]     00:00:00:00:00:14    00:00:00:00:00:0e 4    585  [44,17,4,1,11,38]     00:00:00:00:00:14    00:00:00:00:00:0e 5    585  [44,17,4,1,12,38]     00:00:00:00:00:14    00:00:00:00:00:0e 6    585  [44,17,4,2,11,38]     00:00:00:00:00:14    00:00:00:00:00:0e 7    585  [44,17,4,2,12,38]     00:00:00:00:00:14    00:00:00:00:00:0e 8    585  [44,18,3,1,11,38]     00:00:00:00:00:14    00:00:00:00:00:0e 9    585  [44,18,3,1,12,38]     00:00:00:00:00:14    00:00:00:00:00:0e 10    585  [44,18,3,2,11,38]     00:00:00:00:00:14    00:00:00:00:00:0e 11    585  [44,18,3,2,12,38]     00:00:00:00:00:14    00:00:00:00:00:0e 12    585  [44,18,4,1,11,38]     00:00:00:00:00:14    00:00:00:00:00:0e 13    585  [44,18,4,1,12,38]     00:00:00:00:00:14    00:00:00:00:00:0e 14    585  [44,18,4,2,11,38]     00:00:00:00:00:14    00:00:00:00:00:0e 15    585  [44,18,4,2,12,38]  
# h00:00:00:00:00:14 -> h00:00:00:00:00:01
   00:00:00:00:00:14    00:00:00:00:00:01 0    585  [44,17,3,1,5,25]     00:00:00:00:00:14    00:00:00:00:00:01 1    585  [44,17,3,1,6,25]     00:00:00:00:00:14    00:00:00:00:00:01 2    585  [44,17,3,2,5,25]     00:00:00:00:00:14    00:00:00:00:00:01 3    585  [44,17,3,2,6,25]     00:00:00:00:00:14    00:00:00:00:00:01 4    585  [44,17,4,1,5,25]     00:00:00:00:00:14    00:00:00:00:00:01 5    585  [44,17,4,1,6,25]     00:00:00:00:00:14    00:00:00:00:00:01 6    585  [44,17,4,2,5,25]     00:00:00:00:00:14    00:00:00:00:00:01 7    585  [44,17,4,2,6,25]     00:00:00:00:00:14    00:00:00:00:00:01 8    585  [44,18,3,1,5,25]     00:00:00:00:00:14    00:00:00:00:00:01 9    585  [44,18,3,1,6,25]     00:00:00:00:00:14    00:00:00:00:00:01 10    585  [44,18,3,2,5,25]     00:00:00:00:00:14    00:00:00:00:00:01 11    585  [44,18,3,2,6,25]     00:00:00:00:00:14    00:00:00:00:00:01 12    585  [44,18,4,1,5,25]     00:00:00:00:00:14    00:00:00:00:00:01 13    585  [44,18,4,1,6,25]     00:00:00:00:00:14    00:00:00:00:00:01 14    585  [44,18,4,2,5,25]     00:00:00:00:00:14    00:00:00:00:00:01 15    585  [44,18,4,2,6,25]  
# h00:00:00:00:00:14 -> h00:00:00:00:00:0b
   00:00:00:00:00:14    00:00:00:00:00:0b 0    585  [44,17,3,1,9,35]     00:00:00:00:00:14    00:00:00:00:00:0b 1    585  [44,17,3,1,10,35]     00:00:00:00:00:14    00:00:00:00:00:0b 2    585  [44,17,3,2,9,35]     00:00:00:00:00:14    00:00:00:00:00:0b 3    585  [44,17,3,2,10,35]     00:00:00:00:00:14    00:00:00:00:00:0b 4    585  [44,17,4,1,9,35]     00:00:00:00:00:14    00:00:00:00:00:0b 5    585  [44,17,4,1,10,35]     00:00:00:00:00:14    00:00:00:00:00:0b 6    585  [44,17,4,2,9,35]     00:00:00:00:00:14    00:00:00:00:00:0b 7    585  [44,17,4,2,10,35]     00:00:00:00:00:14    00:00:00:00:00:0b 8    585  [44,18,3,1,9,35]     00:00:00:00:00:14    00:00:00:00:00:0b 9    585  [44,18,3,1,10,35]     00:00:00:00:00:14    00:00:00:00:00:0b 10    585  [44,18,3,2,9,35]     00:00:00:00:00:14    00:00:00:00:00:0b 11    585  [44,18,3,2,10,35]     00:00:00:00:00:14    00:00:00:00:00:0b 12    585  [44,18,4,1,9,35]     00:00:00:00:00:14    00:00:00:00:00:0b 13    585  [44,18,4,1,10,35]     00:00:00:00:00:14    00:00:00:00:00:0b 14    585  [44,18,4,2,9,35]     00:00:00:00:00:14    00:00:00:00:00:0b 15    585  [44,18,4,2,10,35]  
# h00:00:00:00:00:14 -> h00:00:00:00:00:0a
   00:00:00:00:00:14    00:00:00:00:00:0a 0    585  [44,17,3,1,9,34]     00:00:00:00:00:14    00:00:00:00:00:0a 1    585  [44,17,3,1,10,34]     00:00:00:00:00:14    00:00:00:00:00:0a 2    585  [44,17,3,2,9,34]     00:00:00:00:00:14    00:00:00:00:00:0a 3    585  [44,17,3,2,10,34]     00:00:00:00:00:14    00:00:00:00:00:0a 4    585  [44,17,4,1,9,34]     00:00:00:00:00:14    00:00:00:00:00:0a 5    585  [44,17,4,1,10,34]     00:00:00:00:00:14    00:00:00:00:00:0a 6    585  [44,17,4,2,9,34]     00:00:00:00:00:14    00:00:00:00:00:0a 7    585  [44,17,4,2,10,34]     00:00:00:00:00:14    00:00:00:00:00:0a 8    585  [44,18,3,1,9,34]     00:00:00:00:00:14    00:00:00:00:00:0a 9    585  [44,18,3,1,10,34]     00:00:00:00:00:14    00:00:00:00:00:0a 10    585  [44,18,3,2,9,34]     00:00:00:00:00:14    00:00:00:00:00:0a 11    585  [44,18,3,2,10,34]     00:00:00:00:00:14    00:00:00:00:00:0a 12    585  [44,18,4,1,9,34]     00:00:00:00:00:14    00:00:00:00:00:0a 13    585  [44,18,4,1,10,34]     00:00:00:00:00:14    00:00:00:00:00:0a 14    585  [44,18,4,2,9,34]     00:00:00:00:00:14    00:00:00:00:00:0a 15    585  [44,18,4,2,10,34]  
# h00:00:00:00:00:14 -> h00:00:00:00:00:0c
   00:00:00:00:00:14    00:00:00:00:00:0c 0    585  [44,17,3,1,9,36]     00:00:00:00:00:14    00:00:00:00:00:0c 1    585  [44,17,3,1,10,36]     00:00:00:00:00:14    00:00:00:00:00:0c 2    585  [44,17,3,2,9,36]     00:00:00:00:00:14    00:00:00:00:00:0c 3    585  [44,17,3,2,10,36]     00:00:00:00:00:14    00:00:00:00:00:0c 4    585  [44,17,4,1,9,36]     00:00:00:00:00:14    00:00:00:00:00:0c 5    585  [44,17,4,1,10,36]     00:00:00:00:00:14    00:00:00:00:00:0c 6    585  [44,17,4,2,9,36]     00:00:00:00:00:14    00:00:00:00:00:0c 7    585  [44,17,4,2,10,36]     00:00:00:00:00:14    00:00:00:00:00:0c 8    585  [44,18,3,1,9,36]     00:00:00:00:00:14    00:00:00:00:00:0c 9    585  [44,18,3,1,10,36]     00:00:00:00:00:14    00:00:00:00:00:0c 10    585  [44,18,3,2,9,36]     00:00:00:00:00:14    00:00:00:00:00:0c 11    585  [44,18,3,2,10,36]     00:00:00:00:00:14    00:00:00:00:00:0c 12    585  [44,18,4,1,9,36]     00:00:00:00:00:14    00:00:00:00:00:0c 13    585  [44,18,4,1,10,36]     00:00:00:00:00:14    00:00:00:00:00:0c 14    585  [44,18,4,2,9,36]     00:00:00:00:00:14    00:00:00:00:00:0c 15    585  [44,18,4,2,10,36]  
# h00:00:00:00:00:14 -> h00:00:00:00:00:0d
   00:00:00:00:00:14    00:00:00:00:00:0d 0    585  [44,17,3,1,11,37]     00:00:00:00:00:14    00:00:00:00:00:0d 1    585  [44,17,3,1,12,37]     00:00:00:00:00:14    00:00:00:00:00:0d 2    585  [44,17,3,2,11,37]     00:00:00:00:00:14    00:00:00:00:00:0d 3    585  [44,17,3,2,12,37]     00:00:00:00:00:14    00:00:00:00:00:0d 4    585  [44,17,4,1,11,37]     00:00:00:00:00:14    00:00:00:00:00:0d 5    585  [44,17,4,1,12,37]     00:00:00:00:00:14    00:00:00:00:00:0d 6    585  [44,17,4,2,11,37]     00:00:00:00:00:14    00:00:00:00:00:0d 7    585  [44,17,4,2,12,37]     00:00:00:00:00:14    00:00:00:00:00:0d 8    585  [44,18,3,1,11,37]     00:00:00:00:00:14    00:00:00:00:00:0d 9    585  [44,18,3,1,12,37]     00:00:00:00:00:14    00:00:00:00:00:0d 10    585  [44,18,3,2,11,37]     00:00:00:00:00:14    00:00:00:00:00:0d 11    585  [44,18,3,2,12,37]     00:00:00:00:00:14    00:00:00:00:00:0d 12    585  [44,18,4,1,11,37]     00:00:00:00:00:14    00:00:00:00:00:0d 13    585  [44,18,4,1,12,37]     00:00:00:00:00:14    00:00:00:00:00:0d 14    585  [44,18,4,2,11,37]     00:00:00:00:00:14    00:00:00:00:00:0d 15    585  [44,18,4,2,12,37]  
# h00:00:00:00:00:14 -> h00:00:00:00:00:03
   00:00:00:00:00:14    00:00:00:00:00:03 0    585  [44,17,3,1,5,27]     00:00:00:00:00:14    00:00:00:00:00:03 1    585  [44,17,3,1,6,27]     00:00:00:00:00:14    00:00:00:00:00:03 2    585  [44,17,3,2,5,27]     00:00:00:00:00:14    00:00:00:00:00:03 3    585  [44,17,3,2,6,27]     00:00:00:00:00:14    00:00:00:00:00:03 4    585  [44,17,4,1,5,27]     00:00:00:00:00:14    00:00:00:00:00:03 5    585  [44,17,4,1,6,27]     00:00:00:00:00:14    00:00:00:00:00:03 6    585  [44,17,4,2,5,27]     00:00:00:00:00:14    00:00:00:00:00:03 7    585  [44,17,4,2,6,27]     00:00:00:00:00:14    00:00:00:00:00:03 8    585  [44,18,3,1,5,27]     00:00:00:00:00:14    00:00:00:00:00:03 9    585  [44,18,3,1,6,27]     00:00:00:00:00:14    00:00:00:00:00:03 10    585  [44,18,3,2,5,27]     00:00:00:00:00:14    00:00:00:00:00:03 11    585  [44,18,3,2,6,27]     00:00:00:00:00:14    00:00:00:00:00:03 12    585  [44,18,4,1,5,27]     00:00:00:00:00:14    00:00:00:00:00:03 13    585  [44,18,4,1,6,27]     00:00:00:00:00:14    00:00:00:00:00:03 14    585  [44,18,4,2,5,27]     00:00:00:00:00:14    00:00:00:00:00:03 15    585  [44,18,4,2,6,27]  
# h00:00:00:00:00:14 -> h00:00:00:00:00:11
   00:00:00:00:00:14    00:00:00:00:00:11 0    146  [44,17,41]     00:00:00:00:00:14    00:00:00:00:00:11 1    146  [44,18,41]     00:00:00:00:00:14    00:00:00:00:00:11 2    439  [44,17,3,18,41]     00:00:00:00:00:14    00:00:00:00:00:11 3    439  [44,17,4,18,41]     00:00:00:00:00:14    00:00:00:00:00:11 4    439  [44,17,42,18,41]     00:00:00:00:00:14    00:00:00:00:00:11 5    439  [44,17,43,18,41]     00:00:00:00:00:14    00:00:00:00:00:11 6    439  [44,17,45,18,41]     00:00:00:00:00:14    00:00:00:00:00:11 7    439  [44,18,3,17,41]     00:00:00:00:00:14    00:00:00:00:00:11 8    439  [44,18,4,17,41]     00:00:00:00:00:14    00:00:00:00:00:11 9    439  [44,18,42,17,41]     00:00:00:00:00:14    00:00:00:00:00:11 10    439  [44,18,43,17,41]     00:00:00:00:00:14    00:00:00:00:00:11 11    439  [44,18,45,17,41]     00:00:00:00:00:14    00:00:00:00:00:11 12    585  [44,17,3,4,18,41]     00:00:00:00:00:14    00:00:00:00:00:11 13    585  [44,17,4,3,18,41]     00:00:00:00:00:14    00:00:00:00:00:11 14    585  [44,18,3,4,17,41]     00:00:00:00:00:14    00:00:00:00:00:11 15    585  [44,18,4,3,17,41]  
# h00:00:00:00:00:14 -> h00:00:00:00:00:02
   00:00:00:00:00:14    00:00:00:00:00:02 0    585  [44,17,3,1,5,26]     00:00:00:00:00:14    00:00:00:00:00:02 1    585  [44,17,3,1,6,26]     00:00:00:00:00:14    00:00:00:00:00:02 2    585  [44,17,3,2,5,26]     00:00:00:00:00:14    00:00:00:00:00:02 3    585  [44,17,3,2,6,26]     00:00:00:00:00:14    00:00:00:00:00:02 4    585  [44,17,4,1,5,26]     00:00:00:00:00:14    00:00:00:00:00:02 5    585  [44,17,4,1,6,26]     00:00:00:00:00:14    00:00:00:00:00:02 6    585  [44,17,4,2,5,26]     00:00:00:00:00:14    00:00:00:00:00:02 7    585  [44,17,4,2,6,26]     00:00:00:00:00:14    00:00:00:00:00:02 8    585  [44,18,3,1,5,26]     00:00:00:00:00:14    00:00:00:00:00:02 9    585  [44,18,3,1,6,26]     00:00:00:00:00:14    00:00:00:00:00:02 10    585  [44,18,3,2,5,26]     00:00:00:00:00:14    00:00:00:00:00:02 11    585  [44,18,3,2,6,26]     00:00:00:00:00:14    00:00:00:00:00:02 12    585  [44,18,4,1,5,26]     00:00:00:00:00:14    00:00:00:00:00:02 13    585  [44,18,4,1,6,26]     00:00:00:00:00:14    00:00:00:00:00:02 14    585  [44,18,4,2,5,26]     00:00:00:00:00:14    00:00:00:00:00:02 15    585  [44,18,4,2,6,26]  
# h00:00:00:00:00:14 -> h00:00:00:00:00:0f
   00:00:00:00:00:14    00:00:00:00:00:0f 0    585  [44,17,3,1,11,39]     00:00:00:00:00:14    00:00:00:00:00:0f 1    585  [44,17,3,1,12,39]     00:00:00:00:00:14    00:00:00:00:00:0f 2    585  [44,17,3,2,11,39]     00:00:00:00:00:14    00:00:00:00:00:0f 3    585  [44,17,3,2,12,39]     00:00:00:00:00:14    00:00:00:00:00:0f 4    585  [44,17,4,1,11,39]     00:00:00:00:00:14    00:00:00:00:00:0f 5    585  [44,17,4,1,12,39]     00:00:00:00:00:14    00:00:00:00:00:0f 6    585  [44,17,4,2,11,39]     00:00:00:00:00:14    00:00:00:00:00:0f 7    585  [44,17,4,2,12,39]     00:00:00:00:00:14    00:00:00:00:00:0f 8    585  [44,18,3,1,11,39]     00:00:00:00:00:14    00:00:00:00:00:0f 9    585  [44,18,3,1,12,39]     00:00:00:00:00:14    00:00:00:00:00:0f 10    585  [44,18,3,2,11,39]     00:00:00:00:00:14    00:00:00:00:00:0f 11    585  [44,18,3,2,12,39]     00:00:00:00:00:14    00:00:00:00:00:0f 12    585  [44,18,4,1,11,39]     00:00:00:00:00:14    00:00:00:00:00:0f 13    585  [44,18,4,1,12,39]     00:00:00:00:00:14    00:00:00:00:00:0f 14    585  [44,18,4,2,11,39]     00:00:00:00:00:14    00:00:00:00:00:0f 15    585  [44,18,4,2,12,39]  
# h00:00:00:00:00:14 -> h00:00:00:00:00:12
   00:00:00:00:00:14    00:00:00:00:00:12 0    146  [44,17,42]     00:00:00:00:00:14    00:00:00:00:00:12 1    146  [44,18,42]     00:00:00:00:00:14    00:00:00:00:00:12 2    439  [44,17,3,18,42]     00:00:00:00:00:14    00:00:00:00:00:12 3    439  [44,17,4,18,42]     00:00:00:00:00:14    00:00:00:00:00:12 4    439  [44,17,41,18,42]     00:00:00:00:00:14    00:00:00:00:00:12 5    439  [44,17,43,18,42]     00:00:00:00:00:14    00:00:00:00:00:12 6    439  [44,17,45,18,42]     00:00:00:00:00:14    00:00:00:00:00:12 7    439  [44,18,3,17,42]     00:00:00:00:00:14    00:00:00:00:00:12 8    439  [44,18,4,17,42]     00:00:00:00:00:14    00:00:00:00:00:12 9    439  [44,18,41,17,42]     00:00:00:00:00:14    00:00:00:00:00:12 10    439  [44,18,43,17,42]     00:00:00:00:00:14    00:00:00:00:00:12 11    439  [44,18,45,17,42]     00:00:00:00:00:14    00:00:00:00:00:12 12    585  [44,17,3,4,18,42]     00:00:00:00:00:14    00:00:00:00:00:12 13    585  [44,17,4,3,18,42]     00:00:00:00:00:14    00:00:00:00:00:12 14    585  [44,18,3,4,17,42]     00:00:00:00:00:14    00:00:00:00:00:12 15    585  [44,18,4,3,17,42]  
# h00:00:00:00:00:14 -> h00:00:00:00:00:15
   00:00:00:00:00:14    00:00:00:00:00:15 0    146  [44,17,45]     00:00:00:00:00:14    00:00:00:00:00:15 1    146  [44,18,45]     00:00:00:00:00:14    00:00:00:00:00:15 2    439  [44,17,3,18,45]     00:00:00:00:00:14    00:00:00:00:00:15 3    439  [44,17,4,18,45]     00:00:00:00:00:14    00:00:00:00:00:15 4    439  [44,17,41,18,45]     00:00:00:00:00:14    00:00:00:00:00:15 5    439  [44,17,42,18,45]     00:00:00:00:00:14    00:00:00:00:00:15 6    439  [44,17,43,18,45]     00:00:00:00:00:14    00:00:00:00:00:15 7    439  [44,18,3,17,45]     00:00:00:00:00:14    00:00:00:00:00:15 8    439  [44,18,4,17,45]     00:00:00:00:00:14    00:00:00:00:00:15 9    439  [44,18,41,17,45]     00:00:00:00:00:14    00:00:00:00:00:15 10    439  [44,18,42,17,45]     00:00:00:00:00:14    00:00:00:00:00:15 11    439  [44,18,43,17,45]     00:00:00:00:00:14    00:00:00:00:00:15 12    585  [44,17,3,4,18,45]     00:00:00:00:00:14    00:00:00:00:00:15 13    585  [44,17,4,3,18,45]     00:00:00:00:00:14    00:00:00:00:00:15 14    585  [44,18,3,4,17,45]     00:00:00:00:00:14    00:00:00:00:00:15 15    585  [44,18,4,3,17,45]  
# h00:00:00:00:00:14 -> h00:00:00:00:00:13
   00:00:00:00:00:14    00:00:00:00:00:13 0    146  [44,17,43]     00:00:00:00:00:14    00:00:00:00:00:13 1    146  [44,18,43]     00:00:00:00:00:14    00:00:00:00:00:13 2    439  [44,17,3,18,43]     00:00:00:00:00:14    00:00:00:00:00:13 3    439  [44,17,4,18,43]     00:00:00:00:00:14    00:00:00:00:00:13 4    439  [44,17,41,18,43]     00:00:00:00:00:14    00:00:00:00:00:13 5    439  [44,17,42,18,43]     00:00:00:00:00:14    00:00:00:00:00:13 6    439  [44,17,45,18,43]     00:00:00:00:00:14    00:00:00:00:00:13 7    439  [44,18,3,17,43]     00:00:00:00:00:14    00:00:00:00:00:13 8    439  [44,18,4,17,43]     00:00:00:00:00:14    00:00:00:00:00:13 9    439  [44,18,41,17,43]     00:00:00:00:00:14    00:00:00:00:00:13 10    439  [44,18,42,17,43]     00:00:00:00:00:14    00:00:00:00:00:13 11    439  [44,18,45,17,43]     00:00:00:00:00:14    00:00:00:00:00:13 12    585  [44,17,3,4,18,43]     00:00:00:00:00:14    00:00:00:00:00:13 13    585  [44,17,4,3,18,43]     00:00:00:00:00:14    00:00:00:00:00:13 14    585  [44,18,3,4,17,43]     00:00:00:00:00:14    00:00:00:00:00:13 15    585  [44,18,4,3,17,43]  
# h00:00:00:00:00:0b -> h00:00:00:00:00:16
   00:00:00:00:00:0b    00:00:00:00:00:16 0    585  [35,9,1,3,13,19]     00:00:00:00:00:0b    00:00:00:00:00:16 1    585  [35,9,1,3,14,19]     00:00:00:00:00:0b    00:00:00:00:00:16 2    585  [35,9,1,4,13,19]     00:00:00:00:00:0b    00:00:00:00:00:16 3    585  [35,9,1,4,14,19]     00:00:00:00:00:0b    00:00:00:00:00:16 4    585  [35,9,2,3,13,19]     00:00:00:00:00:0b    00:00:00:00:00:16 5    585  [35,9,2,3,14,19]     00:00:00:00:00:0b    00:00:00:00:00:16 6    585  [35,9,2,4,13,19]     00:00:00:00:00:0b    00:00:00:00:00:16 7    585  [35,9,2,4,14,19]     00:00:00:00:00:0b    00:00:00:00:00:16 8    585  [35,10,1,3,13,19]     00:00:00:00:00:0b    00:00:00:00:00:16 9    585  [35,10,1,3,14,19]     00:00:00:00:00:0b    00:00:00:00:00:16 10    585  [35,10,1,4,13,19]     00:00:00:00:00:0b    00:00:00:00:00:16 11    585  [35,10,1,4,14,19]     00:00:00:00:00:0b    00:00:00:00:00:16 12    585  [35,10,2,3,13,19]     00:00:00:00:00:0b    00:00:00:00:00:16 13    585  [35,10,2,3,14,19]     00:00:00:00:00:0b    00:00:00:00:00:16 14    585  [35,10,2,4,13,19]     00:00:00:00:00:0b    00:00:00:00:00:16 15    585  [35,10,2,4,14,19]  
# h00:00:00:00:00:0b -> h00:00:00:00:00:06
   00:00:00:00:00:0b    00:00:00:00:00:06 0    439  [35,9,1,7,30]     00:00:00:00:00:0b    00:00:00:00:00:06 1    439  [35,9,1,8,30]     00:00:00:00:00:0b    00:00:00:00:00:06 2    439  [35,9,2,7,30]     00:00:00:00:00:0b    00:00:00:00:00:06 3    439  [35,9,2,8,30]     00:00:00:00:00:0b    00:00:00:00:00:06 4    439  [35,10,1,7,30]     00:00:00:00:00:0b    00:00:00:00:00:06 5    439  [35,10,1,8,30]     00:00:00:00:00:0b    00:00:00:00:00:06 6    439  [35,10,2,7,30]     00:00:00:00:00:0b    00:00:00:00:00:06 7    439  [35,10,2,8,30]     00:00:00:00:00:0b    00:00:00:00:00:06 8    585  [35,9,1,2,7,30]     00:00:00:00:00:0b    00:00:00:00:00:06 9    585  [35,9,1,2,8,30]     00:00:00:00:00:0b    00:00:00:00:00:06 10    585  [35,9,2,1,7,30]     00:00:00:00:00:0b    00:00:00:00:00:06 11    585  [35,9,2,1,8,30]     00:00:00:00:00:0b    00:00:00:00:00:06 12    585  [35,10,1,2,7,30]     00:00:00:00:00:0b    00:00:00:00:00:06 13    585  [35,10,1,2,8,30]     00:00:00:00:00:0b    00:00:00:00:00:06 14    585  [35,10,2,1,7,30]     00:00:00:00:00:0b    00:00:00:00:00:06 15    585  [35,10,2,1,8,30]  
# h00:00:00:00:00:0b -> h00:00:00:00:00:07
   00:00:00:00:00:0b    00:00:00:00:00:07 0    439  [35,9,1,7,31]     00:00:00:00:00:0b    00:00:00:00:00:07 1    439  [35,9,1,8,31]     00:00:00:00:00:0b    00:00:00:00:00:07 2    439  [35,9,2,7,31]     00:00:00:00:00:0b    00:00:00:00:00:07 3    439  [35,9,2,8,31]     00:00:00:00:00:0b    00:00:00:00:00:07 4    439  [35,10,1,7,31]     00:00:00:00:00:0b    00:00:00:00:00:07 5    439  [35,10,1,8,31]     00:00:00:00:00:0b    00:00:00:00:00:07 6    439  [35,10,2,7,31]     00:00:00:00:00:0b    00:00:00:00:00:07 7    439  [35,10,2,8,31]     00:00:00:00:00:0b    00:00:00:00:00:07 8    585  [35,9,1,2,7,31]     00:00:00:00:00:0b    00:00:00:00:00:07 9    585  [35,9,1,2,8,31]     00:00:00:00:00:0b    00:00:00:00:00:07 10    585  [35,9,2,1,7,31]     00:00:00:00:00:0b    00:00:00:00:00:07 11    585  [35,9,2,1,8,31]     00:00:00:00:00:0b    00:00:00:00:00:07 12    585  [35,10,1,2,7,31]     00:00:00:00:00:0b    00:00:00:00:00:07 13    585  [35,10,1,2,8,31]     00:00:00:00:00:0b    00:00:00:00:00:07 14    585  [35,10,2,1,7,31]     00:00:00:00:00:0b    00:00:00:00:00:07 15    585  [35,10,2,1,8,31]  
# h00:00:00:00:00:0b -> h00:00:00:00:00:1b
   00:00:00:00:00:0b    00:00:00:00:00:1b 0    585  [35,9,1,3,15,24]     00:00:00:00:00:0b    00:00:00:00:00:1b 1    585  [35,9,1,3,16,24]     00:00:00:00:00:0b    00:00:00:00:00:1b 2    585  [35,9,1,4,15,24]     00:00:00:00:00:0b    00:00:00:00:00:1b 3    585  [35,9,1,4,16,24]     00:00:00:00:00:0b    00:00:00:00:00:1b 4    585  [35,9,2,3,15,24]     00:00:00:00:00:0b    00:00:00:00:00:1b 5    585  [35,9,2,3,16,24]     00:00:00:00:00:0b    00:00:00:00:00:1b 6    585  [35,9,2,4,15,24]     00:00:00:00:00:0b    00:00:00:00:00:1b 7    585  [35,9,2,4,16,24]     00:00:00:00:00:0b    00:00:00:00:00:1b 8    585  [35,10,1,3,15,24]     00:00:00:00:00:0b    00:00:00:00:00:1b 9    585  [35,10,1,3,16,24]     00:00:00:00:00:0b    00:00:00:00:00:1b 10    585  [35,10,1,4,15,24]     00:00:00:00:00:0b    00:00:00:00:00:1b 11    585  [35,10,1,4,16,24]     00:00:00:00:00:0b    00:00:00:00:00:1b 12    585  [35,10,2,3,15,24]     00:00:00:00:00:0b    00:00:00:00:00:1b 13    585  [35,10,2,3,16,24]     00:00:00:00:00:0b    00:00:00:00:00:1b 14    585  [35,10,2,4,15,24]     00:00:00:00:00:0b    00:00:00:00:00:1b 15    585  [35,10,2,4,16,24]  
# h00:00:00:00:00:0b -> h00:00:00:00:00:17
   00:00:00:00:00:0b    00:00:00:00:00:17 0    585  [35,9,1,3,13,20]     00:00:00:00:00:0b    00:00:00:00:00:17 1    585  [35,9,1,3,14,20]     00:00:00:00:00:0b    00:00:00:00:00:17 2    585  [35,9,1,4,13,20]     00:00:00:00:00:0b    00:00:00:00:00:17 3    585  [35,9,1,4,14,20]     00:00:00:00:00:0b    00:00:00:00:00:17 4    585  [35,9,2,3,13,20]     00:00:00:00:00:0b    00:00:00:00:00:17 5    585  [35,9,2,3,14,20]     00:00:00:00:00:0b    00:00:00:00:00:17 6    585  [35,9,2,4,13,20]     00:00:00:00:00:0b    00:00:00:00:00:17 7    585  [35,9,2,4,14,20]     00:00:00:00:00:0b    00:00:00:00:00:17 8    585  [35,10,1,3,13,20]     00:00:00:00:00:0b    00:00:00:00:00:17 9    585  [35,10,1,3,14,20]     00:00:00:00:00:0b    00:00:00:00:00:17 10    585  [35,10,1,4,13,20]     00:00:00:00:00:0b    00:00:00:00:00:17 11    585  [35,10,1,4,14,20]     00:00:00:00:00:0b    00:00:00:00:00:17 12    585  [35,10,2,3,13,20]     00:00:00:00:00:0b    00:00:00:00:00:17 13    585  [35,10,2,3,14,20]     00:00:00:00:00:0b    00:00:00:00:00:17 14    585  [35,10,2,4,13,20]     00:00:00:00:00:0b    00:00:00:00:00:17 15    585  [35,10,2,4,14,20]  
# h00:00:00:00:00:0b -> h00:00:00:00:00:09
   00:00:00:00:00:0b    00:00:00:00:00:09 0    146  [35,9,33]     00:00:00:00:00:0b    00:00:00:00:00:09 1    146  [35,10,33]     00:00:00:00:00:0b    00:00:00:00:00:09 2    439  [35,9,1,10,33]     00:00:00:00:00:0b    00:00:00:00:00:09 3    439  [35,9,2,10,33]     00:00:00:00:00:0b    00:00:00:00:00:09 4    439  [35,9,34,10,33]     00:00:00:00:00:0b    00:00:00:00:00:09 5    439  [35,9,36,10,33]     00:00:00:00:00:0b    00:00:00:00:00:09 6    439  [35,10,1,9,33]     00:00:00:00:00:0b    00:00:00:00:00:09 7    439  [35,10,2,9,33]     00:00:00:00:00:0b    00:00:00:00:00:09 8    439  [35,10,34,9,33]     00:00:00:00:00:0b    00:00:00:00:00:09 9    439  [35,10,36,9,33]     00:00:00:00:00:0b    00:00:00:00:00:09 10    585  [35,9,1,2,10,33]     00:00:00:00:00:0b    00:00:00:00:00:09 11    585  [35,9,2,1,10,33]     00:00:00:00:00:0b    00:00:00:00:00:09 12    585  [35,10,1,2,9,33]     00:00:00:00:00:0b    00:00:00:00:00:09 13    585  [35,10,2,1,9,33]     00:00:00:00:00:0b    00:00:00:00:00:09 14    731  [35,9,1,3,2,10,33]     00:00:00:00:00:0b    00:00:00:00:00:09 15    731  [35,9,1,4,2,10,33]  
# h00:00:00:00:00:0b -> h00:00:00:00:00:05
   00:00:00:00:00:0b    00:00:00:00:00:05 0    439  [35,9,1,7,29]     00:00:00:00:00:0b    00:00:00:00:00:05 1    439  [35,9,1,8,29]     00:00:00:00:00:0b    00:00:00:00:00:05 2    439  [35,9,2,7,29]     00:00:00:00:00:0b    00:00:00:00:00:05 3    439  [35,9,2,8,29]     00:00:00:00:00:0b    00:00:00:00:00:05 4    439  [35,10,1,7,29]     00:00:00:00:00:0b    00:00:00:00:00:05 5    439  [35,10,1,8,29]     00:00:00:00:00:0b    00:00:00:00:00:05 6    439  [35,10,2,7,29]     00:00:00:00:00:0b    00:00:00:00:00:05 7    439  [35,10,2,8,29]     00:00:00:00:00:0b    00:00:00:00:00:05 8    585  [35,9,1,2,7,29]     00:00:00:00:00:0b    00:00:00:00:00:05 9    585  [35,9,1,2,8,29]     00:00:00:00:00:0b    00:00:00:00:00:05 10    585  [35,9,2,1,7,29]     00:00:00:00:00:0b    00:00:00:00:00:05 11    585  [35,9,2,1,8,29]     00:00:00:00:00:0b    00:00:00:00:00:05 12    585  [35,10,1,2,7,29]     00:00:00:00:00:0b    00:00:00:00:00:05 13    585  [35,10,1,2,8,29]     00:00:00:00:00:0b    00:00:00:00:00:05 14    585  [35,10,2,1,7,29]     00:00:00:00:00:0b    00:00:00:00:00:05 15    585  [35,10,2,1,8,29]  
# h00:00:00:00:00:0b -> h00:00:00:00:00:08
   00:00:00:00:00:0b    00:00:00:00:00:08 0    439  [35,9,1,7,32]     00:00:00:00:00:0b    00:00:00:00:00:08 1    439  [35,9,1,8,32]     00:00:00:00:00:0b    00:00:00:00:00:08 2    439  [35,9,2,7,32]     00:00:00:00:00:0b    00:00:00:00:00:08 3    439  [35,9,2,8,32]     00:00:00:00:00:0b    00:00:00:00:00:08 4    439  [35,10,1,7,32]     00:00:00:00:00:0b    00:00:00:00:00:08 5    439  [35,10,1,8,32]     00:00:00:00:00:0b    00:00:00:00:00:08 6    439  [35,10,2,7,32]     00:00:00:00:00:0b    00:00:00:00:00:08 7    439  [35,10,2,8,32]     00:00:00:00:00:0b    00:00:00:00:00:08 8    585  [35,9,1,2,7,32]     00:00:00:00:00:0b    00:00:00:00:00:08 9    585  [35,9,1,2,8,32]     00:00:00:00:00:0b    00:00:00:00:00:08 10    585  [35,9,2,1,7,32]     00:00:00:00:00:0b    00:00:00:00:00:08 11    585  [35,9,2,1,8,32]     00:00:00:00:00:0b    00:00:00:00:00:08 12    585  [35,10,1,2,7,32]     00:00:00:00:00:0b    00:00:00:00:00:08 13    585  [35,10,1,2,8,32]     00:00:00:00:00:0b    00:00:00:00:00:08 14    585  [35,10,2,1,7,32]     00:00:00:00:00:0b    00:00:00:00:00:08 15    585  [35,10,2,1,8,32]  
# h00:00:00:00:00:0b -> h00:00:00:00:00:04
   00:00:00:00:00:0b    00:00:00:00:00:04 0    439  [35,9,1,5,28]     00:00:00:00:00:0b    00:00:00:00:00:04 1    439  [35,9,1,6,28]     00:00:00:00:00:0b    00:00:00:00:00:04 2    439  [35,9,2,5,28]     00:00:00:00:00:0b    00:00:00:00:00:04 3    439  [35,9,2,6,28]     00:00:00:00:00:0b    00:00:00:00:00:04 4    439  [35,10,1,5,28]     00:00:00:00:00:0b    00:00:00:00:00:04 5    439  [35,10,1,6,28]     00:00:00:00:00:0b    00:00:00:00:00:04 6    439  [35,10,2,5,28]     00:00:00:00:00:0b    00:00:00:00:00:04 7    439  [35,10,2,6,28]     00:00:00:00:00:0b    00:00:00:00:00:04 8    585  [35,9,1,2,5,28]     00:00:00:00:00:0b    00:00:00:00:00:04 9    585  [35,9,1,2,6,28]     00:00:00:00:00:0b    00:00:00:00:00:04 10    585  [35,9,2,1,5,28]     00:00:00:00:00:0b    00:00:00:00:00:04 11    585  [35,9,2,1,6,28]     00:00:00:00:00:0b    00:00:00:00:00:04 12    585  [35,10,1,2,5,28]     00:00:00:00:00:0b    00:00:00:00:00:04 13    585  [35,10,1,2,6,28]     00:00:00:00:00:0b    00:00:00:00:00:04 14    585  [35,10,2,1,5,28]     00:00:00:00:00:0b    00:00:00:00:00:04 15    585  [35,10,2,1,6,28]  
# h00:00:00:00:00:0b -> h00:00:00:00:00:1a
   00:00:00:00:00:0b    00:00:00:00:00:1a 0    585  [35,9,1,3,15,23]     00:00:00:00:00:0b    00:00:00:00:00:1a 1    585  [35,9,1,3,16,23]     00:00:00:00:00:0b    00:00:00:00:00:1a 2    585  [35,9,1,4,15,23]     00:00:00:00:00:0b    00:00:00:00:00:1a 3    585  [35,9,1,4,16,23]     00:00:00:00:00:0b    00:00:00:00:00:1a 4    585  [35,9,2,3,15,23]     00:00:00:00:00:0b    00:00:00:00:00:1a 5    585  [35,9,2,3,16,23]     00:00:00:00:00:0b    00:00:00:00:00:1a 6    585  [35,9,2,4,15,23]     00:00:00:00:00:0b    00:00:00:00:00:1a 7    585  [35,9,2,4,16,23]     00:00:00:00:00:0b    00:00:00:00:00:1a 8    585  [35,10,1,3,15,23]     00:00:00:00:00:0b    00:00:00:00:00:1a 9    585  [35,10,1,3,16,23]     00:00:00:00:00:0b    00:00:00:00:00:1a 10    585  [35,10,1,4,15,23]     00:00:00:00:00:0b    00:00:00:00:00:1a 11    585  [35,10,1,4,16,23]     00:00:00:00:00:0b    00:00:00:00:00:1a 12    585  [35,10,2,3,15,23]     00:00:00:00:00:0b    00:00:00:00:00:1a 13    585  [35,10,2,3,16,23]     00:00:00:00:00:0b    00:00:00:00:00:1a 14    585  [35,10,2,4,15,23]     00:00:00:00:00:0b    00:00:00:00:00:1a 15    585  [35,10,2,4,16,23]  
# h00:00:00:00:00:0b -> h00:00:00:00:00:10
   00:00:00:00:00:0b    00:00:00:00:00:10 0    439  [35,9,1,11,40]     00:00:00:00:00:0b    00:00:00:00:00:10 1    439  [35,9,1,12,40]     00:00:00:00:00:0b    00:00:00:00:00:10 2    439  [35,9,2,11,40]     00:00:00:00:00:0b    00:00:00:00:00:10 3    439  [35,9,2,12,40]     00:00:00:00:00:0b    00:00:00:00:00:10 4    439  [35,10,1,11,40]     00:00:00:00:00:0b    00:00:00:00:00:10 5    439  [35,10,1,12,40]     00:00:00:00:00:0b    00:00:00:00:00:10 6    439  [35,10,2,11,40]     00:00:00:00:00:0b    00:00:00:00:00:10 7    439  [35,10,2,12,40]     00:00:00:00:00:0b    00:00:00:00:00:10 8    585  [35,9,1,2,11,40]     00:00:00:00:00:0b    00:00:00:00:00:10 9    585  [35,9,1,2,12,40]     00:00:00:00:00:0b    00:00:00:00:00:10 10    585  [35,9,2,1,11,40]     00:00:00:00:00:0b    00:00:00:00:00:10 11    585  [35,9,2,1,12,40]     00:00:00:00:00:0b    00:00:00:00:00:10 12    585  [35,10,1,2,11,40]     00:00:00:00:00:0b    00:00:00:00:00:10 13    585  [35,10,1,2,12,40]     00:00:00:00:00:0b    00:00:00:00:00:10 14    585  [35,10,2,1,11,40]     00:00:00:00:00:0b    00:00:00:00:00:10 15    585  [35,10,2,1,12,40]  
# h00:00:00:00:00:0b -> h00:00:00:00:00:18
   00:00:00:00:00:0b    00:00:00:00:00:18 0    585  [35,9,1,3,13,21]     00:00:00:00:00:0b    00:00:00:00:00:18 1    585  [35,9,1,3,14,21]     00:00:00:00:00:0b    00:00:00:00:00:18 2    585  [35,9,1,4,13,21]     00:00:00:00:00:0b    00:00:00:00:00:18 3    585  [35,9,1,4,14,21]     00:00:00:00:00:0b    00:00:00:00:00:18 4    585  [35,9,2,3,13,21]     00:00:00:00:00:0b    00:00:00:00:00:18 5    585  [35,9,2,3,14,21]     00:00:00:00:00:0b    00:00:00:00:00:18 6    585  [35,9,2,4,13,21]     00:00:00:00:00:0b    00:00:00:00:00:18 7    585  [35,9,2,4,14,21]     00:00:00:00:00:0b    00:00:00:00:00:18 8    585  [35,10,1,3,13,21]     00:00:00:00:00:0b    00:00:00:00:00:18 9    585  [35,10,1,3,14,21]     00:00:00:00:00:0b    00:00:00:00:00:18 10    585  [35,10,1,4,13,21]     00:00:00:00:00:0b    00:00:00:00:00:18 11    585  [35,10,1,4,14,21]     00:00:00:00:00:0b    00:00:00:00:00:18 12    585  [35,10,2,3,13,21]     00:00:00:00:00:0b    00:00:00:00:00:18 13    585  [35,10,2,3,14,21]     00:00:00:00:00:0b    00:00:00:00:00:18 14    585  [35,10,2,4,13,21]     00:00:00:00:00:0b    00:00:00:00:00:18 15    585  [35,10,2,4,14,21]  
# h00:00:00:00:00:0b -> h00:00:00:00:00:19
   00:00:00:00:00:0b    00:00:00:00:00:19 0    585  [35,9,1,3,15,22]     00:00:00:00:00:0b    00:00:00:00:00:19 1    585  [35,9,1,3,16,22]     00:00:00:00:00:0b    00:00:00:00:00:19 2    585  [35,9,1,4,15,22]     00:00:00:00:00:0b    00:00:00:00:00:19 3    585  [35,9,1,4,16,22]     00:00:00:00:00:0b    00:00:00:00:00:19 4    585  [35,9,2,3,15,22]     00:00:00:00:00:0b    00:00:00:00:00:19 5    585  [35,9,2,3,16,22]     00:00:00:00:00:0b    00:00:00:00:00:19 6    585  [35,9,2,4,15,22]     00:00:00:00:00:0b    00:00:00:00:00:19 7    585  [35,9,2,4,16,22]     00:00:00:00:00:0b    00:00:00:00:00:19 8    585  [35,10,1,3,15,22]     00:00:00:00:00:0b    00:00:00:00:00:19 9    585  [35,10,1,3,16,22]     00:00:00:00:00:0b    00:00:00:00:00:19 10    585  [35,10,1,4,15,22]     00:00:00:00:00:0b    00:00:00:00:00:19 11    585  [35,10,1,4,16,22]     00:00:00:00:00:0b    00:00:00:00:00:19 12    585  [35,10,2,3,15,22]     00:00:00:00:00:0b    00:00:00:00:00:19 13    585  [35,10,2,3,16,22]     00:00:00:00:00:0b    00:00:00:00:00:19 14    585  [35,10,2,4,15,22]     00:00:00:00:00:0b    00:00:00:00:00:19 15    585  [35,10,2,4,16,22]  
# h00:00:00:00:00:0b -> h00:00:00:00:00:0e
   00:00:00:00:00:0b    00:00:00:00:00:0e 0    439  [35,9,1,11,38]     00:00:00:00:00:0b    00:00:00:00:00:0e 1    439  [35,9,1,12,38]     00:00:00:00:00:0b    00:00:00:00:00:0e 2    439  [35,9,2,11,38]     00:00:00:00:00:0b    00:00:00:00:00:0e 3    439  [35,9,2,12,38]     00:00:00:00:00:0b    00:00:00:00:00:0e 4    439  [35,10,1,11,38]     00:00:00:00:00:0b    00:00:00:00:00:0e 5    439  [35,10,1,12,38]     00:00:00:00:00:0b    00:00:00:00:00:0e 6    439  [35,10,2,11,38]     00:00:00:00:00:0b    00:00:00:00:00:0e 7    439  [35,10,2,12,38]     00:00:00:00:00:0b    00:00:00:00:00:0e 8    585  [35,9,1,2,11,38]     00:00:00:00:00:0b    00:00:00:00:00:0e 9    585  [35,9,1,2,12,38]     00:00:00:00:00:0b    00:00:00:00:00:0e 10    585  [35,9,2,1,11,38]     00:00:00:00:00:0b    00:00:00:00:00:0e 11    585  [35,9,2,1,12,38]     00:00:00:00:00:0b    00:00:00:00:00:0e 12    585  [35,10,1,2,11,38]     00:00:00:00:00:0b    00:00:00:00:00:0e 13    585  [35,10,1,2,12,38]     00:00:00:00:00:0b    00:00:00:00:00:0e 14    585  [35,10,2,1,11,38]     00:00:00:00:00:0b    00:00:00:00:00:0e 15    585  [35,10,2,1,12,38]  
# h00:00:00:00:00:0b -> h00:00:00:00:00:01
   00:00:00:00:00:0b    00:00:00:00:00:01 0    439  [35,9,1,5,25]     00:00:00:00:00:0b    00:00:00:00:00:01 1    439  [35,9,1,6,25]     00:00:00:00:00:0b    00:00:00:00:00:01 2    439  [35,9,2,5,25]     00:00:00:00:00:0b    00:00:00:00:00:01 3    439  [35,9,2,6,25]     00:00:00:00:00:0b    00:00:00:00:00:01 4    439  [35,10,1,5,25]     00:00:00:00:00:0b    00:00:00:00:00:01 5    439  [35,10,1,6,25]     00:00:00:00:00:0b    00:00:00:00:00:01 6    439  [35,10,2,5,25]     00:00:00:00:00:0b    00:00:00:00:00:01 7    439  [35,10,2,6,25]     00:00:00:00:00:0b    00:00:00:00:00:01 8    585  [35,9,1,2,5,25]     00:00:00:00:00:0b    00:00:00:00:00:01 9    585  [35,9,1,2,6,25]     00:00:00:00:00:0b    00:00:00:00:00:01 10    585  [35,9,2,1,5,25]     00:00:00:00:00:0b    00:00:00:00:00:01 11    585  [35,9,2,1,6,25]     00:00:00:00:00:0b    00:00:00:00:00:01 12    585  [35,10,1,2,5,25]     00:00:00:00:00:0b    00:00:00:00:00:01 13    585  [35,10,1,2,6,25]     00:00:00:00:00:0b    00:00:00:00:00:01 14    585  [35,10,2,1,5,25]     00:00:00:00:00:0b    00:00:00:00:00:01 15    585  [35,10,2,1,6,25]  
# h00:00:00:00:00:0b -> h00:00:00:00:00:14
   00:00:00:00:00:0b    00:00:00:00:00:14 0    585  [35,9,1,3,17,44]     00:00:00:00:00:0b    00:00:00:00:00:14 1    585  [35,9,1,3,18,44]     00:00:00:00:00:0b    00:00:00:00:00:14 2    585  [35,9,1,4,17,44]     00:00:00:00:00:0b    00:00:00:00:00:14 3    585  [35,9,1,4,18,44]     00:00:00:00:00:0b    00:00:00:00:00:14 4    585  [35,9,2,3,17,44]     00:00:00:00:00:0b    00:00:00:00:00:14 5    585  [35,9,2,3,18,44]     00:00:00:00:00:0b    00:00:00:00:00:14 6    585  [35,9,2,4,17,44]     00:00:00:00:00:0b    00:00:00:00:00:14 7    585  [35,9,2,4,18,44]     00:00:00:00:00:0b    00:00:00:00:00:14 8    585  [35,10,1,3,17,44]     00:00:00:00:00:0b    00:00:00:00:00:14 9    585  [35,10,1,3,18,44]     00:00:00:00:00:0b    00:00:00:00:00:14 10    585  [35,10,1,4,17,44]     00:00:00:00:00:0b    00:00:00:00:00:14 11    585  [35,10,1,4,18,44]     00:00:00:00:00:0b    00:00:00:00:00:14 12    585  [35,10,2,3,17,44]     00:00:00:00:00:0b    00:00:00:00:00:14 13    585  [35,10,2,3,18,44]     00:00:00:00:00:0b    00:00:00:00:00:14 14    585  [35,10,2,4,17,44]     00:00:00:00:00:0b    00:00:00:00:00:14 15    585  [35,10,2,4,18,44]  
# h00:00:00:00:00:0b -> h00:00:00:00:00:0a
   00:00:00:00:00:0b    00:00:00:00:00:0a 0    146  [35,9,34]     00:00:00:00:00:0b    00:00:00:00:00:0a 1    146  [35,10,34]     00:00:00:00:00:0b    00:00:00:00:00:0a 2    439  [35,9,1,10,34]     00:00:00:00:00:0b    00:00:00:00:00:0a 3    439  [35,9,2,10,34]     00:00:00:00:00:0b    00:00:00:00:00:0a 4    439  [35,9,33,10,34]     00:00:00:00:00:0b    00:00:00:00:00:0a 5    439  [35,9,36,10,34]     00:00:00:00:00:0b    00:00:00:00:00:0a 6    439  [35,10,1,9,34]     00:00:00:00:00:0b    00:00:00:00:00:0a 7    439  [35,10,2,9,34]     00:00:00:00:00:0b    00:00:00:00:00:0a 8    439  [35,10,33,9,34]     00:00:00:00:00:0b    00:00:00:00:00:0a 9    439  [35,10,36,9,34]     00:00:00:00:00:0b    00:00:00:00:00:0a 10    585  [35,9,1,2,10,34]     00:00:00:00:00:0b    00:00:00:00:00:0a 11    585  [35,9,2,1,10,34]     00:00:00:00:00:0b    00:00:00:00:00:0a 12    585  [35,10,1,2,9,34]     00:00:00:00:00:0b    00:00:00:00:00:0a 13    585  [35,10,2,1,9,34]     00:00:00:00:00:0b    00:00:00:00:00:0a 14    731  [35,9,1,3,2,10,34]     00:00:00:00:00:0b    00:00:00:00:00:0a 15    731  [35,9,1,4,2,10,34]  
# h00:00:00:00:00:0b -> h00:00:00:00:00:0c
   00:00:00:00:00:0b    00:00:00:00:00:0c 0    146  [35,9,36]     00:00:00:00:00:0b    00:00:00:00:00:0c 1    146  [35,10,36]     00:00:00:00:00:0b    00:00:00:00:00:0c 2    439  [35,9,1,10,36]     00:00:00:00:00:0b    00:00:00:00:00:0c 3    439  [35,9,2,10,36]     00:00:00:00:00:0b    00:00:00:00:00:0c 4    439  [35,9,33,10,36]     00:00:00:00:00:0b    00:00:00:00:00:0c 5    439  [35,9,34,10,36]     00:00:00:00:00:0b    00:00:00:00:00:0c 6    439  [35,10,1,9,36]     00:00:00:00:00:0b    00:00:00:00:00:0c 7    439  [35,10,2,9,36]     00:00:00:00:00:0b    00:00:00:00:00:0c 8    439  [35,10,33,9,36]     00:00:00:00:00:0b    00:00:00:00:00:0c 9    439  [35,10,34,9,36]     00:00:00:00:00:0b    00:00:00:00:00:0c 10    585  [35,9,1,2,10,36]     00:00:00:00:00:0b    00:00:00:00:00:0c 11    585  [35,9,2,1,10,36]     00:00:00:00:00:0b    00:00:00:00:00:0c 12    585  [35,10,1,2,9,36]     00:00:00:00:00:0b    00:00:00:00:00:0c 13    585  [35,10,2,1,9,36]     00:00:00:00:00:0b    00:00:00:00:00:0c 14    731  [35,9,1,3,2,10,36]     00:00:00:00:00:0b    00:00:00:00:00:0c 15    731  [35,9,1,4,2,10,36]  
# h00:00:00:00:00:0b -> h00:00:00:00:00:0d
   00:00:00:00:00:0b    00:00:00:00:00:0d 0    439  [35,9,1,11,37]     00:00:00:00:00:0b    00:00:00:00:00:0d 1    439  [35,9,1,12,37]     00:00:00:00:00:0b    00:00:00:00:00:0d 2    439  [35,9,2,11,37]     00:00:00:00:00:0b    00:00:00:00:00:0d 3    439  [35,9,2,12,37]     00:00:00:00:00:0b    00:00:00:00:00:0d 4    439  [35,10,1,11,37]     00:00:00:00:00:0b    00:00:00:00:00:0d 5    439  [35,10,1,12,37]     00:00:00:00:00:0b    00:00:00:00:00:0d 6    439  [35,10,2,11,37]     00:00:00:00:00:0b    00:00:00:00:00:0d 7    439  [35,10,2,12,37]     00:00:00:00:00:0b    00:00:00:00:00:0d 8    585  [35,9,1,2,11,37]     00:00:00:00:00:0b    00:00:00:00:00:0d 9    585  [35,9,1,2,12,37]     00:00:00:00:00:0b    00:00:00:00:00:0d 10    585  [35,9,2,1,11,37]     00:00:00:00:00:0b    00:00:00:00:00:0d 11    585  [35,9,2,1,12,37]     00:00:00:00:00:0b    00:00:00:00:00:0d 12    585  [35,10,1,2,11,37]     00:00:00:00:00:0b    00:00:00:00:00:0d 13    585  [35,10,1,2,12,37]     00:00:00:00:00:0b    00:00:00:00:00:0d 14    585  [35,10,2,1,11,37]     00:00:00:00:00:0b    00:00:00:00:00:0d 15    585  [35,10,2,1,12,37]  
# h00:00:00:00:00:0b -> h00:00:00:00:00:03
   00:00:00:00:00:0b    00:00:00:00:00:03 0    439  [35,9,1,5,27]     00:00:00:00:00:0b    00:00:00:00:00:03 1    439  [35,9,1,6,27]     00:00:00:00:00:0b    00:00:00:00:00:03 2    439  [35,9,2,5,27]     00:00:00:00:00:0b    00:00:00:00:00:03 3    439  [35,9,2,6,27]     00:00:00:00:00:0b    00:00:00:00:00:03 4    439  [35,10,1,5,27]     00:00:00:00:00:0b    00:00:00:00:00:03 5    439  [35,10,1,6,27]     00:00:00:00:00:0b    00:00:00:00:00:03 6    439  [35,10,2,5,27]     00:00:00:00:00:0b    00:00:00:00:00:03 7    439  [35,10,2,6,27]     00:00:00:00:00:0b    00:00:00:00:00:03 8    585  [35,9,1,2,5,27]     00:00:00:00:00:0b    00:00:00:00:00:03 9    585  [35,9,1,2,6,27]     00:00:00:00:00:0b    00:00:00:00:00:03 10    585  [35,9,2,1,5,27]     00:00:00:00:00:0b    00:00:00:00:00:03 11    585  [35,9,2,1,6,27]     00:00:00:00:00:0b    00:00:00:00:00:03 12    585  [35,10,1,2,5,27]     00:00:00:00:00:0b    00:00:00:00:00:03 13    585  [35,10,1,2,6,27]     00:00:00:00:00:0b    00:00:00:00:00:03 14    585  [35,10,2,1,5,27]     00:00:00:00:00:0b    00:00:00:00:00:03 15    585  [35,10,2,1,6,27]  
# h00:00:00:00:00:0b -> h00:00:00:00:00:11
   00:00:00:00:00:0b    00:00:00:00:00:11 0    585  [35,9,1,3,17,41]     00:00:00:00:00:0b    00:00:00:00:00:11 1    585  [35,9,1,3,18,41]     00:00:00:00:00:0b    00:00:00:00:00:11 2    585  [35,9,1,4,17,41]     00:00:00:00:00:0b    00:00:00:00:00:11 3    585  [35,9,1,4,18,41]     00:00:00:00:00:0b    00:00:00:00:00:11 4    585  [35,9,2,3,17,41]     00:00:00:00:00:0b    00:00:00:00:00:11 5    585  [35,9,2,3,18,41]     00:00:00:00:00:0b    00:00:00:00:00:11 6    585  [35,9,2,4,17,41]     00:00:00:00:00:0b    00:00:00:00:00:11 7    585  [35,9,2,4,18,41]     00:00:00:00:00:0b    00:00:00:00:00:11 8    585  [35,10,1,3,17,41]     00:00:00:00:00:0b    00:00:00:00:00:11 9    585  [35,10,1,3,18,41]     00:00:00:00:00:0b    00:00:00:00:00:11 10    585  [35,10,1,4,17,41]     00:00:00:00:00:0b    00:00:00:00:00:11 11    585  [35,10,1,4,18,41]     00:00:00:00:00:0b    00:00:00:00:00:11 12    585  [35,10,2,3,17,41]     00:00:00:00:00:0b    00:00:00:00:00:11 13    585  [35,10,2,3,18,41]     00:00:00:00:00:0b    00:00:00:00:00:11 14    585  [35,10,2,4,17,41]     00:00:00:00:00:0b    00:00:00:00:00:11 15    585  [35,10,2,4,18,41]  
# h00:00:00:00:00:0b -> h00:00:00:00:00:02
   00:00:00:00:00:0b    00:00:00:00:00:02 0    439  [35,9,1,5,26]     00:00:00:00:00:0b    00:00:00:00:00:02 1    439  [35,9,1,6,26]     00:00:00:00:00:0b    00:00:00:00:00:02 2    439  [35,9,2,5,26]     00:00:00:00:00:0b    00:00:00:00:00:02 3    439  [35,9,2,6,26]     00:00:00:00:00:0b    00:00:00:00:00:02 4    439  [35,10,1,5,26]     00:00:00:00:00:0b    00:00:00:00:00:02 5    439  [35,10,1,6,26]     00:00:00:00:00:0b    00:00:00:00:00:02 6    439  [35,10,2,5,26]     00:00:00:00:00:0b    00:00:00:00:00:02 7    439  [35,10,2,6,26]     00:00:00:00:00:0b    00:00:00:00:00:02 8    585  [35,9,1,2,5,26]     00:00:00:00:00:0b    00:00:00:00:00:02 9    585  [35,9,1,2,6,26]     00:00:00:00:00:0b    00:00:00:00:00:02 10    585  [35,9,2,1,5,26]     00:00:00:00:00:0b    00:00:00:00:00:02 11    585  [35,9,2,1,6,26]     00:00:00:00:00:0b    00:00:00:00:00:02 12    585  [35,10,1,2,5,26]     00:00:00:00:00:0b    00:00:00:00:00:02 13    585  [35,10,1,2,6,26]     00:00:00:00:00:0b    00:00:00:00:00:02 14    585  [35,10,2,1,5,26]     00:00:00:00:00:0b    00:00:00:00:00:02 15    585  [35,10,2,1,6,26]  
# h00:00:00:00:00:0b -> h00:00:00:00:00:0f
   00:00:00:00:00:0b    00:00:00:00:00:0f 0    439  [35,9,1,11,39]     00:00:00:00:00:0b    00:00:00:00:00:0f 1    439  [35,9,1,12,39]     00:00:00:00:00:0b    00:00:00:00:00:0f 2    439  [35,9,2,11,39]     00:00:00:00:00:0b    00:00:00:00:00:0f 3    439  [35,9,2,12,39]     00:00:00:00:00:0b    00:00:00:00:00:0f 4    439  [35,10,1,11,39]     00:00:00:00:00:0b    00:00:00:00:00:0f 5    439  [35,10,1,12,39]     00:00:00:00:00:0b    00:00:00:00:00:0f 6    439  [35,10,2,11,39]     00:00:00:00:00:0b    00:00:00:00:00:0f 7    439  [35,10,2,12,39]     00:00:00:00:00:0b    00:00:00:00:00:0f 8    585  [35,9,1,2,11,39]     00:00:00:00:00:0b    00:00:00:00:00:0f 9    585  [35,9,1,2,12,39]     00:00:00:00:00:0b    00:00:00:00:00:0f 10    585  [35,9,2,1,11,39]     00:00:00:00:00:0b    00:00:00:00:00:0f 11    585  [35,9,2,1,12,39]     00:00:00:00:00:0b    00:00:00:00:00:0f 12    585  [35,10,1,2,11,39]     00:00:00:00:00:0b    00:00:00:00:00:0f 13    585  [35,10,1,2,12,39]     00:00:00:00:00:0b    00:00:00:00:00:0f 14    585  [35,10,2,1,11,39]     00:00:00:00:00:0b    00:00:00:00:00:0f 15    585  [35,10,2,1,12,39]  
# h00:00:00:00:00:0b -> h00:00:00:00:00:12
   00:00:00:00:00:0b    00:00:00:00:00:12 0    585  [35,9,1,3,17,42]     00:00:00:00:00:0b    00:00:00:00:00:12 1    585  [35,9,1,3,18,42]     00:00:00:00:00:0b    00:00:00:00:00:12 2    585  [35,9,1,4,17,42]     00:00:00:00:00:0b    00:00:00:00:00:12 3    585  [35,9,1,4,18,42]     00:00:00:00:00:0b    00:00:00:00:00:12 4    585  [35,9,2,3,17,42]     00:00:00:00:00:0b    00:00:00:00:00:12 5    585  [35,9,2,3,18,42]     00:00:00:00:00:0b    00:00:00:00:00:12 6    585  [35,9,2,4,17,42]     00:00:00:00:00:0b    00:00:00:00:00:12 7    585  [35,9,2,4,18,42]     00:00:00:00:00:0b    00:00:00:00:00:12 8    585  [35,10,1,3,17,42]     00:00:00:00:00:0b    00:00:00:00:00:12 9    585  [35,10,1,3,18,42]     00:00:00:00:00:0b    00:00:00:00:00:12 10    585  [35,10,1,4,17,42]     00:00:00:00:00:0b    00:00:00:00:00:12 11    585  [35,10,1,4,18,42]     00:00:00:00:00:0b    00:00:00:00:00:12 12    585  [35,10,2,3,17,42]     00:00:00:00:00:0b    00:00:00:00:00:12 13    585  [35,10,2,3,18,42]     00:00:00:00:00:0b    00:00:00:00:00:12 14    585  [35,10,2,4,17,42]     00:00:00:00:00:0b    00:00:00:00:00:12 15    585  [35,10,2,4,18,42]  
# h00:00:00:00:00:0b -> h00:00:00:00:00:15
   00:00:00:00:00:0b    00:00:00:00:00:15 0    585  [35,9,1,3,17,45]     00:00:00:00:00:0b    00:00:00:00:00:15 1    585  [35,9,1,3,18,45]     00:00:00:00:00:0b    00:00:00:00:00:15 2    585  [35,9,1,4,17,45]     00:00:00:00:00:0b    00:00:00:00:00:15 3    585  [35,9,1,4,18,45]     00:00:00:00:00:0b    00:00:00:00:00:15 4    585  [35,9,2,3,17,45]     00:00:00:00:00:0b    00:00:00:00:00:15 5    585  [35,9,2,3,18,45]     00:00:00:00:00:0b    00:00:00:00:00:15 6    585  [35,9,2,4,17,45]     00:00:00:00:00:0b    00:00:00:00:00:15 7    585  [35,9,2,4,18,45]     00:00:00:00:00:0b    00:00:00:00:00:15 8    585  [35,10,1,3,17,45]     00:00:00:00:00:0b    00:00:00:00:00:15 9    585  [35,10,1,3,18,45]     00:00:00:00:00:0b    00:00:00:00:00:15 10    585  [35,10,1,4,17,45]     00:00:00:00:00:0b    00:00:00:00:00:15 11    585  [35,10,1,4,18,45]     00:00:00:00:00:0b    00:00:00:00:00:15 12    585  [35,10,2,3,17,45]     00:00:00:00:00:0b    00:00:00:00:00:15 13    585  [35,10,2,3,18,45]     00:00:00:00:00:0b    00:00:00:00:00:15 14    585  [35,10,2,4,17,45]     00:00:00:00:00:0b    00:00:00:00:00:15 15    585  [35,10,2,4,18,45]  
# h00:00:00:00:00:0b -> h00:00:00:00:00:13
   00:00:00:00:00:0b    00:00:00:00:00:13 0    585  [35,9,1,3,17,43]     00:00:00:00:00:0b    00:00:00:00:00:13 1    585  [35,9,1,3,18,43]     00:00:00:00:00:0b    00:00:00:00:00:13 2    585  [35,9,1,4,17,43]     00:00:00:00:00:0b    00:00:00:00:00:13 3    585  [35,9,1,4,18,43]     00:00:00:00:00:0b    00:00:00:00:00:13 4    585  [35,9,2,3,17,43]     00:00:00:00:00:0b    00:00:00:00:00:13 5    585  [35,9,2,3,18,43]     00:00:00:00:00:0b    00:00:00:00:00:13 6    585  [35,9,2,4,17,43]     00:00:00:00:00:0b    00:00:00:00:00:13 7    585  [35,9,2,4,18,43]     00:00:00:00:00:0b    00:00:00:00:00:13 8    585  [35,10,1,3,17,43]     00:00:00:00:00:0b    00:00:00:00:00:13 9    585  [35,10,1,3,18,43]     00:00:00:00:00:0b    00:00:00:00:00:13 10    585  [35,10,1,4,17,43]     00:00:00:00:00:0b    00:00:00:00:00:13 11    585  [35,10,1,4,18,43]     00:00:00:00:00:0b    00:00:00:00:00:13 12    585  [35,10,2,3,17,43]     00:00:00:00:00:0b    00:00:00:00:00:13 13    585  [35,10,2,3,18,43]     00:00:00:00:00:0b    00:00:00:00:00:13 14    585  [35,10,2,4,17,43]     00:00:00:00:00:0b    00:00:00:00:00:13 15    585  [35,10,2,4,18,43]  
# h00:00:00:00:00:0a -> h00:00:00:00:00:16
   00:00:00:00:00:0a    00:00:00:00:00:16 0    585  [34,9,1,3,13,19]     00:00:00:00:00:0a    00:00:00:00:00:16 1    585  [34,9,1,3,14,19]     00:00:00:00:00:0a    00:00:00:00:00:16 2    585  [34,9,1,4,13,19]     00:00:00:00:00:0a    00:00:00:00:00:16 3    585  [34,9,1,4,14,19]     00:00:00:00:00:0a    00:00:00:00:00:16 4    585  [34,9,2,3,13,19]     00:00:00:00:00:0a    00:00:00:00:00:16 5    585  [34,9,2,3,14,19]     00:00:00:00:00:0a    00:00:00:00:00:16 6    585  [34,9,2,4,13,19]     00:00:00:00:00:0a    00:00:00:00:00:16 7    585  [34,9,2,4,14,19]     00:00:00:00:00:0a    00:00:00:00:00:16 8    585  [34,10,1,3,13,19]     00:00:00:00:00:0a    00:00:00:00:00:16 9    585  [34,10,1,3,14,19]     00:00:00:00:00:0a    00:00:00:00:00:16 10    585  [34,10,1,4,13,19]     00:00:00:00:00:0a    00:00:00:00:00:16 11    585  [34,10,1,4,14,19]     00:00:00:00:00:0a    00:00:00:00:00:16 12    585  [34,10,2,3,13,19]     00:00:00:00:00:0a    00:00:00:00:00:16 13    585  [34,10,2,3,14,19]     00:00:00:00:00:0a    00:00:00:00:00:16 14    585  [34,10,2,4,13,19]     00:00:00:00:00:0a    00:00:00:00:00:16 15    585  [34,10,2,4,14,19]  
# h00:00:00:00:00:0a -> h00:00:00:00:00:06
   00:00:00:00:00:0a    00:00:00:00:00:06 0    439  [34,9,1,7,30]     00:00:00:00:00:0a    00:00:00:00:00:06 1    439  [34,9,1,8,30]     00:00:00:00:00:0a    00:00:00:00:00:06 2    439  [34,9,2,7,30]     00:00:00:00:00:0a    00:00:00:00:00:06 3    439  [34,9,2,8,30]     00:00:00:00:00:0a    00:00:00:00:00:06 4    439  [34,10,1,7,30]     00:00:00:00:00:0a    00:00:00:00:00:06 5    439  [34,10,1,8,30]     00:00:00:00:00:0a    00:00:00:00:00:06 6    439  [34,10,2,7,30]     00:00:00:00:00:0a    00:00:00:00:00:06 7    439  [34,10,2,8,30]     00:00:00:00:00:0a    00:00:00:00:00:06 8    585  [34,9,1,2,7,30]     00:00:00:00:00:0a    00:00:00:00:00:06 9    585  [34,9,1,2,8,30]     00:00:00:00:00:0a    00:00:00:00:00:06 10    585  [34,9,2,1,7,30]     00:00:00:00:00:0a    00:00:00:00:00:06 11    585  [34,9,2,1,8,30]     00:00:00:00:00:0a    00:00:00:00:00:06 12    585  [34,10,1,2,7,30]     00:00:00:00:00:0a    00:00:00:00:00:06 13    585  [34,10,1,2,8,30]     00:00:00:00:00:0a    00:00:00:00:00:06 14    585  [34,10,2,1,7,30]     00:00:00:00:00:0a    00:00:00:00:00:06 15    585  [34,10,2,1,8,30]  
# h00:00:00:00:00:0a -> h00:00:00:00:00:07
   00:00:00:00:00:0a    00:00:00:00:00:07 0    439  [34,9,1,7,31]     00:00:00:00:00:0a    00:00:00:00:00:07 1    439  [34,9,1,8,31]     00:00:00:00:00:0a    00:00:00:00:00:07 2    439  [34,9,2,7,31]     00:00:00:00:00:0a    00:00:00:00:00:07 3    439  [34,9,2,8,31]     00:00:00:00:00:0a    00:00:00:00:00:07 4    439  [34,10,1,7,31]     00:00:00:00:00:0a    00:00:00:00:00:07 5    439  [34,10,1,8,31]     00:00:00:00:00:0a    00:00:00:00:00:07 6    439  [34,10,2,7,31]     00:00:00:00:00:0a    00:00:00:00:00:07 7    439  [34,10,2,8,31]     00:00:00:00:00:0a    00:00:00:00:00:07 8    585  [34,9,1,2,7,31]     00:00:00:00:00:0a    00:00:00:00:00:07 9    585  [34,9,1,2,8,31]     00:00:00:00:00:0a    00:00:00:00:00:07 10    585  [34,9,2,1,7,31]     00:00:00:00:00:0a    00:00:00:00:00:07 11    585  [34,9,2,1,8,31]     00:00:00:00:00:0a    00:00:00:00:00:07 12    585  [34,10,1,2,7,31]     00:00:00:00:00:0a    00:00:00:00:00:07 13    585  [34,10,1,2,8,31]     00:00:00:00:00:0a    00:00:00:00:00:07 14    585  [34,10,2,1,7,31]     00:00:00:00:00:0a    00:00:00:00:00:07 15    585  [34,10,2,1,8,31]  
# h00:00:00:00:00:0a -> h00:00:00:00:00:1b
   00:00:00:00:00:0a    00:00:00:00:00:1b 0    585  [34,9,1,3,15,24]     00:00:00:00:00:0a    00:00:00:00:00:1b 1    585  [34,9,1,3,16,24]     00:00:00:00:00:0a    00:00:00:00:00:1b 2    585  [34,9,1,4,15,24]     00:00:00:00:00:0a    00:00:00:00:00:1b 3    585  [34,9,1,4,16,24]     00:00:00:00:00:0a    00:00:00:00:00:1b 4    585  [34,9,2,3,15,24]     00:00:00:00:00:0a    00:00:00:00:00:1b 5    585  [34,9,2,3,16,24]     00:00:00:00:00:0a    00:00:00:00:00:1b 6    585  [34,9,2,4,15,24]     00:00:00:00:00:0a    00:00:00:00:00:1b 7    585  [34,9,2,4,16,24]     00:00:00:00:00:0a    00:00:00:00:00:1b 8    585  [34,10,1,3,15,24]     00:00:00:00:00:0a    00:00:00:00:00:1b 9    585  [34,10,1,3,16,24]     00:00:00:00:00:0a    00:00:00:00:00:1b 10    585  [34,10,1,4,15,24]     00:00:00:00:00:0a    00:00:00:00:00:1b 11    585  [34,10,1,4,16,24]     00:00:00:00:00:0a    00:00:00:00:00:1b 12    585  [34,10,2,3,15,24]     00:00:00:00:00:0a    00:00:00:00:00:1b 13    585  [34,10,2,3,16,24]     00:00:00:00:00:0a    00:00:00:00:00:1b 14    585  [34,10,2,4,15,24]     00:00:00:00:00:0a    00:00:00:00:00:1b 15    585  [34,10,2,4,16,24]  
# h00:00:00:00:00:0a -> h00:00:00:00:00:17
   00:00:00:00:00:0a    00:00:00:00:00:17 0    585  [34,9,1,3,13,20]     00:00:00:00:00:0a    00:00:00:00:00:17 1    585  [34,9,1,3,14,20]     00:00:00:00:00:0a    00:00:00:00:00:17 2    585  [34,9,1,4,13,20]     00:00:00:00:00:0a    00:00:00:00:00:17 3    585  [34,9,1,4,14,20]     00:00:00:00:00:0a    00:00:00:00:00:17 4    585  [34,9,2,3,13,20]     00:00:00:00:00:0a    00:00:00:00:00:17 5    585  [34,9,2,3,14,20]     00:00:00:00:00:0a    00:00:00:00:00:17 6    585  [34,9,2,4,13,20]     00:00:00:00:00:0a    00:00:00:00:00:17 7    585  [34,9,2,4,14,20]     00:00:00:00:00:0a    00:00:00:00:00:17 8    585  [34,10,1,3,13,20]     00:00:00:00:00:0a    00:00:00:00:00:17 9    585  [34,10,1,3,14,20]     00:00:00:00:00:0a    00:00:00:00:00:17 10    585  [34,10,1,4,13,20]     00:00:00:00:00:0a    00:00:00:00:00:17 11    585  [34,10,1,4,14,20]     00:00:00:00:00:0a    00:00:00:00:00:17 12    585  [34,10,2,3,13,20]     00:00:00:00:00:0a    00:00:00:00:00:17 13    585  [34,10,2,3,14,20]     00:00:00:00:00:0a    00:00:00:00:00:17 14    585  [34,10,2,4,13,20]     00:00:00:00:00:0a    00:00:00:00:00:17 15    585  [34,10,2,4,14,20]  
# h00:00:00:00:00:0a -> h00:00:00:00:00:09
   00:00:00:00:00:0a    00:00:00:00:00:09 0    146  [34,9,33]     00:00:00:00:00:0a    00:00:00:00:00:09 1    146  [34,10,33]     00:00:00:00:00:0a    00:00:00:00:00:09 2    439  [34,9,1,10,33]     00:00:00:00:00:0a    00:00:00:00:00:09 3    439  [34,9,2,10,33]     00:00:00:00:00:0a    00:00:00:00:00:09 4    439  [34,9,35,10,33]     00:00:00:00:00:0a    00:00:00:00:00:09 5    439  [34,9,36,10,33]     00:00:00:00:00:0a    00:00:00:00:00:09 6    439  [34,10,1,9,33]     00:00:00:00:00:0a    00:00:00:00:00:09 7    439  [34,10,2,9,33]     00:00:00:00:00:0a    00:00:00:00:00:09 8    439  [34,10,35,9,33]     00:00:00:00:00:0a    00:00:00:00:00:09 9    439  [34,10,36,9,33]     00:00:00:00:00:0a    00:00:00:00:00:09 10    585  [34,9,1,2,10,33]     00:00:00:00:00:0a    00:00:00:00:00:09 11    585  [34,9,2,1,10,33]     00:00:00:00:00:0a    00:00:00:00:00:09 12    585  [34,10,1,2,9,33]     00:00:00:00:00:0a    00:00:00:00:00:09 13    585  [34,10,2,1,9,33]     00:00:00:00:00:0a    00:00:00:00:00:09 14    731  [34,9,1,3,2,10,33]     00:00:00:00:00:0a    00:00:00:00:00:09 15    731  [34,9,1,4,2,10,33]  
# h00:00:00:00:00:0a -> h00:00:00:00:00:05
   00:00:00:00:00:0a    00:00:00:00:00:05 0    439  [34,9,1,7,29]     00:00:00:00:00:0a    00:00:00:00:00:05 1    439  [34,9,1,8,29]     00:00:00:00:00:0a    00:00:00:00:00:05 2    439  [34,9,2,7,29]     00:00:00:00:00:0a    00:00:00:00:00:05 3    439  [34,9,2,8,29]     00:00:00:00:00:0a    00:00:00:00:00:05 4    439  [34,10,1,7,29]     00:00:00:00:00:0a    00:00:00:00:00:05 5    439  [34,10,1,8,29]     00:00:00:00:00:0a    00:00:00:00:00:05 6    439  [34,10,2,7,29]     00:00:00:00:00:0a    00:00:00:00:00:05 7    439  [34,10,2,8,29]     00:00:00:00:00:0a    00:00:00:00:00:05 8    585  [34,9,1,2,7,29]     00:00:00:00:00:0a    00:00:00:00:00:05 9    585  [34,9,1,2,8,29]     00:00:00:00:00:0a    00:00:00:00:00:05 10    585  [34,9,2,1,7,29]     00:00:00:00:00:0a    00:00:00:00:00:05 11    585  [34,9,2,1,8,29]     00:00:00:00:00:0a    00:00:00:00:00:05 12    585  [34,10,1,2,7,29]     00:00:00:00:00:0a    00:00:00:00:00:05 13    585  [34,10,1,2,8,29]     00:00:00:00:00:0a    00:00:00:00:00:05 14    585  [34,10,2,1,7,29]     00:00:00:00:00:0a    00:00:00:00:00:05 15    585  [34,10,2,1,8,29]  
# h00:00:00:00:00:0a -> h00:00:00:00:00:08
   00:00:00:00:00:0a    00:00:00:00:00:08 0    439  [34,9,1,7,32]     00:00:00:00:00:0a    00:00:00:00:00:08 1    439  [34,9,1,8,32]     00:00:00:00:00:0a    00:00:00:00:00:08 2    439  [34,9,2,7,32]     00:00:00:00:00:0a    00:00:00:00:00:08 3    439  [34,9,2,8,32]     00:00:00:00:00:0a    00:00:00:00:00:08 4    439  [34,10,1,7,32]     00:00:00:00:00:0a    00:00:00:00:00:08 5    439  [34,10,1,8,32]     00:00:00:00:00:0a    00:00:00:00:00:08 6    439  [34,10,2,7,32]     00:00:00:00:00:0a    00:00:00:00:00:08 7    439  [34,10,2,8,32]     00:00:00:00:00:0a    00:00:00:00:00:08 8    585  [34,9,1,2,7,32]     00:00:00:00:00:0a    00:00:00:00:00:08 9    585  [34,9,1,2,8,32]     00:00:00:00:00:0a    00:00:00:00:00:08 10    585  [34,9,2,1,7,32]     00:00:00:00:00:0a    00:00:00:00:00:08 11    585  [34,9,2,1,8,32]     00:00:00:00:00:0a    00:00:00:00:00:08 12    585  [34,10,1,2,7,32]     00:00:00:00:00:0a    00:00:00:00:00:08 13    585  [34,10,1,2,8,32]     00:00:00:00:00:0a    00:00:00:00:00:08 14    585  [34,10,2,1,7,32]     00:00:00:00:00:0a    00:00:00:00:00:08 15    585  [34,10,2,1,8,32]  
# h00:00:00:00:00:0a -> h00:00:00:00:00:04
   00:00:00:00:00:0a    00:00:00:00:00:04 0    439  [34,9,1,5,28]     00:00:00:00:00:0a    00:00:00:00:00:04 1    439  [34,9,1,6,28]     00:00:00:00:00:0a    00:00:00:00:00:04 2    439  [34,9,2,5,28]     00:00:00:00:00:0a    00:00:00:00:00:04 3    439  [34,9,2,6,28]     00:00:00:00:00:0a    00:00:00:00:00:04 4    439  [34,10,1,5,28]     00:00:00:00:00:0a    00:00:00:00:00:04 5    439  [34,10,1,6,28]     00:00:00:00:00:0a    00:00:00:00:00:04 6    439  [34,10,2,5,28]     00:00:00:00:00:0a    00:00:00:00:00:04 7    439  [34,10,2,6,28]     00:00:00:00:00:0a    00:00:00:00:00:04 8    585  [34,9,1,2,5,28]     00:00:00:00:00:0a    00:00:00:00:00:04 9    585  [34,9,1,2,6,28]     00:00:00:00:00:0a    00:00:00:00:00:04 10    585  [34,9,2,1,5,28]     00:00:00:00:00:0a    00:00:00:00:00:04 11    585  [34,9,2,1,6,28]     00:00:00:00:00:0a    00:00:00:00:00:04 12    585  [34,10,1,2,5,28]     00:00:00:00:00:0a    00:00:00:00:00:04 13    585  [34,10,1,2,6,28]     00:00:00:00:00:0a    00:00:00:00:00:04 14    585  [34,10,2,1,5,28]     00:00:00:00:00:0a    00:00:00:00:00:04 15    585  [34,10,2,1,6,28]  
# h00:00:00:00:00:0a -> h00:00:00:00:00:1a
   00:00:00:00:00:0a    00:00:00:00:00:1a 0    585  [34,9,1,3,15,23]     00:00:00:00:00:0a    00:00:00:00:00:1a 1    585  [34,9,1,3,16,23]     00:00:00:00:00:0a    00:00:00:00:00:1a 2    585  [34,9,1,4,15,23]     00:00:00:00:00:0a    00:00:00:00:00:1a 3    585  [34,9,1,4,16,23]     00:00:00:00:00:0a    00:00:00:00:00:1a 4    585  [34,9,2,3,15,23]     00:00:00:00:00:0a    00:00:00:00:00:1a 5    585  [34,9,2,3,16,23]     00:00:00:00:00:0a    00:00:00:00:00:1a 6    585  [34,9,2,4,15,23]     00:00:00:00:00:0a    00:00:00:00:00:1a 7    585  [34,9,2,4,16,23]     00:00:00:00:00:0a    00:00:00:00:00:1a 8    585  [34,10,1,3,15,23]     00:00:00:00:00:0a    00:00:00:00:00:1a 9    585  [34,10,1,3,16,23]     00:00:00:00:00:0a    00:00:00:00:00:1a 10    585  [34,10,1,4,15,23]     00:00:00:00:00:0a    00:00:00:00:00:1a 11    585  [34,10,1,4,16,23]     00:00:00:00:00:0a    00:00:00:00:00:1a 12    585  [34,10,2,3,15,23]     00:00:00:00:00:0a    00:00:00:00:00:1a 13    585  [34,10,2,3,16,23]     00:00:00:00:00:0a    00:00:00:00:00:1a 14    585  [34,10,2,4,15,23]     00:00:00:00:00:0a    00:00:00:00:00:1a 15    585  [34,10,2,4,16,23]  
# h00:00:00:00:00:0a -> h00:00:00:00:00:10
   00:00:00:00:00:0a    00:00:00:00:00:10 0    439  [34,9,1,11,40]     00:00:00:00:00:0a    00:00:00:00:00:10 1    439  [34,9,1,12,40]     00:00:00:00:00:0a    00:00:00:00:00:10 2    439  [34,9,2,11,40]     00:00:00:00:00:0a    00:00:00:00:00:10 3    439  [34,9,2,12,40]     00:00:00:00:00:0a    00:00:00:00:00:10 4    439  [34,10,1,11,40]     00:00:00:00:00:0a    00:00:00:00:00:10 5    439  [34,10,1,12,40]     00:00:00:00:00:0a    00:00:00:00:00:10 6    439  [34,10,2,11,40]     00:00:00:00:00:0a    00:00:00:00:00:10 7    439  [34,10,2,12,40]     00:00:00:00:00:0a    00:00:00:00:00:10 8    585  [34,9,1,2,11,40]     00:00:00:00:00:0a    00:00:00:00:00:10 9    585  [34,9,1,2,12,40]     00:00:00:00:00:0a    00:00:00:00:00:10 10    585  [34,9,2,1,11,40]     00:00:00:00:00:0a    00:00:00:00:00:10 11    585  [34,9,2,1,12,40]     00:00:00:00:00:0a    00:00:00:00:00:10 12    585  [34,10,1,2,11,40]     00:00:00:00:00:0a    00:00:00:00:00:10 13    585  [34,10,1,2,12,40]     00:00:00:00:00:0a    00:00:00:00:00:10 14    585  [34,10,2,1,11,40]     00:00:00:00:00:0a    00:00:00:00:00:10 15    585  [34,10,2,1,12,40]  
# h00:00:00:00:00:0a -> h00:00:00:00:00:18
   00:00:00:00:00:0a    00:00:00:00:00:18 0    585  [34,9,1,3,13,21]     00:00:00:00:00:0a    00:00:00:00:00:18 1    585  [34,9,1,3,14,21]     00:00:00:00:00:0a    00:00:00:00:00:18 2    585  [34,9,1,4,13,21]     00:00:00:00:00:0a    00:00:00:00:00:18 3    585  [34,9,1,4,14,21]     00:00:00:00:00:0a    00:00:00:00:00:18 4    585  [34,9,2,3,13,21]     00:00:00:00:00:0a    00:00:00:00:00:18 5    585  [34,9,2,3,14,21]     00:00:00:00:00:0a    00:00:00:00:00:18 6    585  [34,9,2,4,13,21]     00:00:00:00:00:0a    00:00:00:00:00:18 7    585  [34,9,2,4,14,21]     00:00:00:00:00:0a    00:00:00:00:00:18 8    585  [34,10,1,3,13,21]     00:00:00:00:00:0a    00:00:00:00:00:18 9    585  [34,10,1,3,14,21]     00:00:00:00:00:0a    00:00:00:00:00:18 10    585  [34,10,1,4,13,21]     00:00:00:00:00:0a    00:00:00:00:00:18 11    585  [34,10,1,4,14,21]     00:00:00:00:00:0a    00:00:00:00:00:18 12    585  [34,10,2,3,13,21]     00:00:00:00:00:0a    00:00:00:00:00:18 13    585  [34,10,2,3,14,21]     00:00:00:00:00:0a    00:00:00:00:00:18 14    585  [34,10,2,4,13,21]     00:00:00:00:00:0a    00:00:00:00:00:18 15    585  [34,10,2,4,14,21]  
# h00:00:00:00:00:0a -> h00:00:00:00:00:19
   00:00:00:00:00:0a    00:00:00:00:00:19 0    585  [34,9,1,3,15,22]     00:00:00:00:00:0a    00:00:00:00:00:19 1    585  [34,9,1,3,16,22]     00:00:00:00:00:0a    00:00:00:00:00:19 2    585  [34,9,1,4,15,22]     00:00:00:00:00:0a    00:00:00:00:00:19 3    585  [34,9,1,4,16,22]     00:00:00:00:00:0a    00:00:00:00:00:19 4    585  [34,9,2,3,15,22]     00:00:00:00:00:0a    00:00:00:00:00:19 5    585  [34,9,2,3,16,22]     00:00:00:00:00:0a    00:00:00:00:00:19 6    585  [34,9,2,4,15,22]     00:00:00:00:00:0a    00:00:00:00:00:19 7    585  [34,9,2,4,16,22]     00:00:00:00:00:0a    00:00:00:00:00:19 8    585  [34,10,1,3,15,22]     00:00:00:00:00:0a    00:00:00:00:00:19 9    585  [34,10,1,3,16,22]     00:00:00:00:00:0a    00:00:00:00:00:19 10    585  [34,10,1,4,15,22]     00:00:00:00:00:0a    00:00:00:00:00:19 11    585  [34,10,1,4,16,22]     00:00:00:00:00:0a    00:00:00:00:00:19 12    585  [34,10,2,3,15,22]     00:00:00:00:00:0a    00:00:00:00:00:19 13    585  [34,10,2,3,16,22]     00:00:00:00:00:0a    00:00:00:00:00:19 14    585  [34,10,2,4,15,22]     00:00:00:00:00:0a    00:00:00:00:00:19 15    585  [34,10,2,4,16,22]  
# h00:00:00:00:00:0a -> h00:00:00:00:00:0e
   00:00:00:00:00:0a    00:00:00:00:00:0e 0    439  [34,9,1,11,38]     00:00:00:00:00:0a    00:00:00:00:00:0e 1    439  [34,9,1,12,38]     00:00:00:00:00:0a    00:00:00:00:00:0e 2    439  [34,9,2,11,38]     00:00:00:00:00:0a    00:00:00:00:00:0e 3    439  [34,9,2,12,38]     00:00:00:00:00:0a    00:00:00:00:00:0e 4    439  [34,10,1,11,38]     00:00:00:00:00:0a    00:00:00:00:00:0e 5    439  [34,10,1,12,38]     00:00:00:00:00:0a    00:00:00:00:00:0e 6    439  [34,10,2,11,38]     00:00:00:00:00:0a    00:00:00:00:00:0e 7    439  [34,10,2,12,38]     00:00:00:00:00:0a    00:00:00:00:00:0e 8    585  [34,9,1,2,11,38]     00:00:00:00:00:0a    00:00:00:00:00:0e 9    585  [34,9,1,2,12,38]     00:00:00:00:00:0a    00:00:00:00:00:0e 10    585  [34,9,2,1,11,38]     00:00:00:00:00:0a    00:00:00:00:00:0e 11    585  [34,9,2,1,12,38]     00:00:00:00:00:0a    00:00:00:00:00:0e 12    585  [34,10,1,2,11,38]     00:00:00:00:00:0a    00:00:00:00:00:0e 13    585  [34,10,1,2,12,38]     00:00:00:00:00:0a    00:00:00:00:00:0e 14    585  [34,10,2,1,11,38]     00:00:00:00:00:0a    00:00:00:00:00:0e 15    585  [34,10,2,1,12,38]  
# h00:00:00:00:00:0a -> h00:00:00:00:00:01
   00:00:00:00:00:0a    00:00:00:00:00:01 0    439  [34,9,1,5,25]     00:00:00:00:00:0a    00:00:00:00:00:01 1    439  [34,9,1,6,25]     00:00:00:00:00:0a    00:00:00:00:00:01 2    439  [34,9,2,5,25]     00:00:00:00:00:0a    00:00:00:00:00:01 3    439  [34,9,2,6,25]     00:00:00:00:00:0a    00:00:00:00:00:01 4    439  [34,10,1,5,25]     00:00:00:00:00:0a    00:00:00:00:00:01 5    439  [34,10,1,6,25]     00:00:00:00:00:0a    00:00:00:00:00:01 6    439  [34,10,2,5,25]     00:00:00:00:00:0a    00:00:00:00:00:01 7    439  [34,10,2,6,25]     00:00:00:00:00:0a    00:00:00:00:00:01 8    585  [34,9,1,2,5,25]     00:00:00:00:00:0a    00:00:00:00:00:01 9    585  [34,9,1,2,6,25]     00:00:00:00:00:0a    00:00:00:00:00:01 10    585  [34,9,2,1,5,25]     00:00:00:00:00:0a    00:00:00:00:00:01 11    585  [34,9,2,1,6,25]     00:00:00:00:00:0a    00:00:00:00:00:01 12    585  [34,10,1,2,5,25]     00:00:00:00:00:0a    00:00:00:00:00:01 13    585  [34,10,1,2,6,25]     00:00:00:00:00:0a    00:00:00:00:00:01 14    585  [34,10,2,1,5,25]     00:00:00:00:00:0a    00:00:00:00:00:01 15    585  [34,10,2,1,6,25]  
# h00:00:00:00:00:0a -> h00:00:00:00:00:14
   00:00:00:00:00:0a    00:00:00:00:00:14 0    585  [34,9,1,3,17,44]     00:00:00:00:00:0a    00:00:00:00:00:14 1    585  [34,9,1,3,18,44]     00:00:00:00:00:0a    00:00:00:00:00:14 2    585  [34,9,1,4,17,44]     00:00:00:00:00:0a    00:00:00:00:00:14 3    585  [34,9,1,4,18,44]     00:00:00:00:00:0a    00:00:00:00:00:14 4    585  [34,9,2,3,17,44]     00:00:00:00:00:0a    00:00:00:00:00:14 5    585  [34,9,2,3,18,44]     00:00:00:00:00:0a    00:00:00:00:00:14 6    585  [34,9,2,4,17,44]     00:00:00:00:00:0a    00:00:00:00:00:14 7    585  [34,9,2,4,18,44]     00:00:00:00:00:0a    00:00:00:00:00:14 8    585  [34,10,1,3,17,44]     00:00:00:00:00:0a    00:00:00:00:00:14 9    585  [34,10,1,3,18,44]     00:00:00:00:00:0a    00:00:00:00:00:14 10    585  [34,10,1,4,17,44]     00:00:00:00:00:0a    00:00:00:00:00:14 11    585  [34,10,1,4,18,44]     00:00:00:00:00:0a    00:00:00:00:00:14 12    585  [34,10,2,3,17,44]     00:00:00:00:00:0a    00:00:00:00:00:14 13    585  [34,10,2,3,18,44]     00:00:00:00:00:0a    00:00:00:00:00:14 14    585  [34,10,2,4,17,44]     00:00:00:00:00:0a    00:00:00:00:00:14 15    585  [34,10,2,4,18,44]  
# h00:00:00:00:00:0a -> h00:00:00:00:00:0b
   00:00:00:00:00:0a    00:00:00:00:00:0b 0    146  [34,9,35]     00:00:00:00:00:0a    00:00:00:00:00:0b 1    146  [34,10,35]     00:00:00:00:00:0a    00:00:00:00:00:0b 2    439  [34,9,1,10,35]     00:00:00:00:00:0a    00:00:00:00:00:0b 3    439  [34,9,2,10,35]     00:00:00:00:00:0a    00:00:00:00:00:0b 4    439  [34,9,33,10,35]     00:00:00:00:00:0a    00:00:00:00:00:0b 5    439  [34,9,36,10,35]     00:00:00:00:00:0a    00:00:00:00:00:0b 6    439  [34,10,1,9,35]     00:00:00:00:00:0a    00:00:00:00:00:0b 7    439  [34,10,2,9,35]     00:00:00:00:00:0a    00:00:00:00:00:0b 8    439  [34,10,33,9,35]     00:00:00:00:00:0a    00:00:00:00:00:0b 9    439  [34,10,36,9,35]     00:00:00:00:00:0a    00:00:00:00:00:0b 10    585  [34,9,1,2,10,35]     00:00:00:00:00:0a    00:00:00:00:00:0b 11    585  [34,9,2,1,10,35]     00:00:00:00:00:0a    00:00:00:00:00:0b 12    585  [34,10,1,2,9,35]     00:00:00:00:00:0a    00:00:00:00:00:0b 13    585  [34,10,2,1,9,35]     00:00:00:00:00:0a    00:00:00:00:00:0b 14    731  [34,9,1,3,2,10,35]     00:00:00:00:00:0a    00:00:00:00:00:0b 15    731  [34,9,1,4,2,10,35]  
# h00:00:00:00:00:0a -> h00:00:00:00:00:0c
   00:00:00:00:00:0a    00:00:00:00:00:0c 0    146  [34,9,36]     00:00:00:00:00:0a    00:00:00:00:00:0c 1    146  [34,10,36]     00:00:00:00:00:0a    00:00:00:00:00:0c 2    439  [34,9,1,10,36]     00:00:00:00:00:0a    00:00:00:00:00:0c 3    439  [34,9,2,10,36]     00:00:00:00:00:0a    00:00:00:00:00:0c 4    439  [34,9,33,10,36]     00:00:00:00:00:0a    00:00:00:00:00:0c 5    439  [34,9,35,10,36]     00:00:00:00:00:0a    00:00:00:00:00:0c 6    439  [34,10,1,9,36]     00:00:00:00:00:0a    00:00:00:00:00:0c 7    439  [34,10,2,9,36]     00:00:00:00:00:0a    00:00:00:00:00:0c 8    439  [34,10,33,9,36]     00:00:00:00:00:0a    00:00:00:00:00:0c 9    439  [34,10,35,9,36]     00:00:00:00:00:0a    00:00:00:00:00:0c 10    585  [34,9,1,2,10,36]     00:00:00:00:00:0a    00:00:00:00:00:0c 11    585  [34,9,2,1,10,36]     00:00:00:00:00:0a    00:00:00:00:00:0c 12    585  [34,10,1,2,9,36]     00:00:00:00:00:0a    00:00:00:00:00:0c 13    585  [34,10,2,1,9,36]     00:00:00:00:00:0a    00:00:00:00:00:0c 14    731  [34,9,1,3,2,10,36]     00:00:00:00:00:0a    00:00:00:00:00:0c 15    731  [34,9,1,4,2,10,36]  
# h00:00:00:00:00:0a -> h00:00:00:00:00:0d
   00:00:00:00:00:0a    00:00:00:00:00:0d 0    439  [34,9,1,11,37]     00:00:00:00:00:0a    00:00:00:00:00:0d 1    439  [34,9,1,12,37]     00:00:00:00:00:0a    00:00:00:00:00:0d 2    439  [34,9,2,11,37]     00:00:00:00:00:0a    00:00:00:00:00:0d 3    439  [34,9,2,12,37]     00:00:00:00:00:0a    00:00:00:00:00:0d 4    439  [34,10,1,11,37]     00:00:00:00:00:0a    00:00:00:00:00:0d 5    439  [34,10,1,12,37]     00:00:00:00:00:0a    00:00:00:00:00:0d 6    439  [34,10,2,11,37]     00:00:00:00:00:0a    00:00:00:00:00:0d 7    439  [34,10,2,12,37]     00:00:00:00:00:0a    00:00:00:00:00:0d 8    585  [34,9,1,2,11,37]     00:00:00:00:00:0a    00:00:00:00:00:0d 9    585  [34,9,1,2,12,37]     00:00:00:00:00:0a    00:00:00:00:00:0d 10    585  [34,9,2,1,11,37]     00:00:00:00:00:0a    00:00:00:00:00:0d 11    585  [34,9,2,1,12,37]     00:00:00:00:00:0a    00:00:00:00:00:0d 12    585  [34,10,1,2,11,37]     00:00:00:00:00:0a    00:00:00:00:00:0d 13    585  [34,10,1,2,12,37]     00:00:00:00:00:0a    00:00:00:00:00:0d 14    585  [34,10,2,1,11,37]     00:00:00:00:00:0a    00:00:00:00:00:0d 15    585  [34,10,2,1,12,37]  
# h00:00:00:00:00:0a -> h00:00:00:00:00:03
   00:00:00:00:00:0a    00:00:00:00:00:03 0    439  [34,9,1,5,27]     00:00:00:00:00:0a    00:00:00:00:00:03 1    439  [34,9,1,6,27]     00:00:00:00:00:0a    00:00:00:00:00:03 2    439  [34,9,2,5,27]     00:00:00:00:00:0a    00:00:00:00:00:03 3    439  [34,9,2,6,27]     00:00:00:00:00:0a    00:00:00:00:00:03 4    439  [34,10,1,5,27]     00:00:00:00:00:0a    00:00:00:00:00:03 5    439  [34,10,1,6,27]     00:00:00:00:00:0a    00:00:00:00:00:03 6    439  [34,10,2,5,27]     00:00:00:00:00:0a    00:00:00:00:00:03 7    439  [34,10,2,6,27]     00:00:00:00:00:0a    00:00:00:00:00:03 8    585  [34,9,1,2,5,27]     00:00:00:00:00:0a    00:00:00:00:00:03 9    585  [34,9,1,2,6,27]     00:00:00:00:00:0a    00:00:00:00:00:03 10    585  [34,9,2,1,5,27]     00:00:00:00:00:0a    00:00:00:00:00:03 11    585  [34,9,2,1,6,27]     00:00:00:00:00:0a    00:00:00:00:00:03 12    585  [34,10,1,2,5,27]     00:00:00:00:00:0a    00:00:00:00:00:03 13    585  [34,10,1,2,6,27]     00:00:00:00:00:0a    00:00:00:00:00:03 14    585  [34,10,2,1,5,27]     00:00:00:00:00:0a    00:00:00:00:00:03 15    585  [34,10,2,1,6,27]  
# h00:00:00:00:00:0a -> h00:00:00:00:00:11
   00:00:00:00:00:0a    00:00:00:00:00:11 0    585  [34,9,1,3,17,41]     00:00:00:00:00:0a    00:00:00:00:00:11 1    585  [34,9,1,3,18,41]     00:00:00:00:00:0a    00:00:00:00:00:11 2    585  [34,9,1,4,17,41]     00:00:00:00:00:0a    00:00:00:00:00:11 3    585  [34,9,1,4,18,41]     00:00:00:00:00:0a    00:00:00:00:00:11 4    585  [34,9,2,3,17,41]     00:00:00:00:00:0a    00:00:00:00:00:11 5    585  [34,9,2,3,18,41]     00:00:00:00:00:0a    00:00:00:00:00:11 6    585  [34,9,2,4,17,41]     00:00:00:00:00:0a    00:00:00:00:00:11 7    585  [34,9,2,4,18,41]     00:00:00:00:00:0a    00:00:00:00:00:11 8    585  [34,10,1,3,17,41]     00:00:00:00:00:0a    00:00:00:00:00:11 9    585  [34,10,1,3,18,41]     00:00:00:00:00:0a    00:00:00:00:00:11 10    585  [34,10,1,4,17,41]     00:00:00:00:00:0a    00:00:00:00:00:11 11    585  [34,10,1,4,18,41]     00:00:00:00:00:0a    00:00:00:00:00:11 12    585  [34,10,2,3,17,41]     00:00:00:00:00:0a    00:00:00:00:00:11 13    585  [34,10,2,3,18,41]     00:00:00:00:00:0a    00:00:00:00:00:11 14    585  [34,10,2,4,17,41]     00:00:00:00:00:0a    00:00:00:00:00:11 15    585  [34,10,2,4,18,41]  
# h00:00:00:00:00:0a -> h00:00:00:00:00:02
   00:00:00:00:00:0a    00:00:00:00:00:02 0    439  [34,9,1,5,26]     00:00:00:00:00:0a    00:00:00:00:00:02 1    439  [34,9,1,6,26]     00:00:00:00:00:0a    00:00:00:00:00:02 2    439  [34,9,2,5,26]     00:00:00:00:00:0a    00:00:00:00:00:02 3    439  [34,9,2,6,26]     00:00:00:00:00:0a    00:00:00:00:00:02 4    439  [34,10,1,5,26]     00:00:00:00:00:0a    00:00:00:00:00:02 5    439  [34,10,1,6,26]     00:00:00:00:00:0a    00:00:00:00:00:02 6    439  [34,10,2,5,26]     00:00:00:00:00:0a    00:00:00:00:00:02 7    439  [34,10,2,6,26]     00:00:00:00:00:0a    00:00:00:00:00:02 8    585  [34,9,1,2,5,26]     00:00:00:00:00:0a    00:00:00:00:00:02 9    585  [34,9,1,2,6,26]     00:00:00:00:00:0a    00:00:00:00:00:02 10    585  [34,9,2,1,5,26]     00:00:00:00:00:0a    00:00:00:00:00:02 11    585  [34,9,2,1,6,26]     00:00:00:00:00:0a    00:00:00:00:00:02 12    585  [34,10,1,2,5,26]     00:00:00:00:00:0a    00:00:00:00:00:02 13    585  [34,10,1,2,6,26]     00:00:00:00:00:0a    00:00:00:00:00:02 14    585  [34,10,2,1,5,26]     00:00:00:00:00:0a    00:00:00:00:00:02 15    585  [34,10,2,1,6,26]  
# h00:00:00:00:00:0a -> h00:00:00:00:00:0f
   00:00:00:00:00:0a    00:00:00:00:00:0f 0    439  [34,9,1,11,39]     00:00:00:00:00:0a    00:00:00:00:00:0f 1    439  [34,9,1,12,39]     00:00:00:00:00:0a    00:00:00:00:00:0f 2    439  [34,9,2,11,39]     00:00:00:00:00:0a    00:00:00:00:00:0f 3    439  [34,9,2,12,39]     00:00:00:00:00:0a    00:00:00:00:00:0f 4    439  [34,10,1,11,39]     00:00:00:00:00:0a    00:00:00:00:00:0f 5    439  [34,10,1,12,39]     00:00:00:00:00:0a    00:00:00:00:00:0f 6    439  [34,10,2,11,39]     00:00:00:00:00:0a    00:00:00:00:00:0f 7    439  [34,10,2,12,39]     00:00:00:00:00:0a    00:00:00:00:00:0f 8    585  [34,9,1,2,11,39]     00:00:00:00:00:0a    00:00:00:00:00:0f 9    585  [34,9,1,2,12,39]     00:00:00:00:00:0a    00:00:00:00:00:0f 10    585  [34,9,2,1,11,39]     00:00:00:00:00:0a    00:00:00:00:00:0f 11    585  [34,9,2,1,12,39]     00:00:00:00:00:0a    00:00:00:00:00:0f 12    585  [34,10,1,2,11,39]     00:00:00:00:00:0a    00:00:00:00:00:0f 13    585  [34,10,1,2,12,39]     00:00:00:00:00:0a    00:00:00:00:00:0f 14    585  [34,10,2,1,11,39]     00:00:00:00:00:0a    00:00:00:00:00:0f 15    585  [34,10,2,1,12,39]  
# h00:00:00:00:00:0a -> h00:00:00:00:00:12
   00:00:00:00:00:0a    00:00:00:00:00:12 0    585  [34,9,1,3,17,42]     00:00:00:00:00:0a    00:00:00:00:00:12 1    585  [34,9,1,3,18,42]     00:00:00:00:00:0a    00:00:00:00:00:12 2    585  [34,9,1,4,17,42]     00:00:00:00:00:0a    00:00:00:00:00:12 3    585  [34,9,1,4,18,42]     00:00:00:00:00:0a    00:00:00:00:00:12 4    585  [34,9,2,3,17,42]     00:00:00:00:00:0a    00:00:00:00:00:12 5    585  [34,9,2,3,18,42]     00:00:00:00:00:0a    00:00:00:00:00:12 6    585  [34,9,2,4,17,42]     00:00:00:00:00:0a    00:00:00:00:00:12 7    585  [34,9,2,4,18,42]     00:00:00:00:00:0a    00:00:00:00:00:12 8    585  [34,10,1,3,17,42]     00:00:00:00:00:0a    00:00:00:00:00:12 9    585  [34,10,1,3,18,42]     00:00:00:00:00:0a    00:00:00:00:00:12 10    585  [34,10,1,4,17,42]     00:00:00:00:00:0a    00:00:00:00:00:12 11    585  [34,10,1,4,18,42]     00:00:00:00:00:0a    00:00:00:00:00:12 12    585  [34,10,2,3,17,42]     00:00:00:00:00:0a    00:00:00:00:00:12 13    585  [34,10,2,3,18,42]     00:00:00:00:00:0a    00:00:00:00:00:12 14    585  [34,10,2,4,17,42]     00:00:00:00:00:0a    00:00:00:00:00:12 15    585  [34,10,2,4,18,42]  
# h00:00:00:00:00:0a -> h00:00:00:00:00:15
   00:00:00:00:00:0a    00:00:00:00:00:15 0    585  [34,9,1,3,17,45]     00:00:00:00:00:0a    00:00:00:00:00:15 1    585  [34,9,1,3,18,45]     00:00:00:00:00:0a    00:00:00:00:00:15 2    585  [34,9,1,4,17,45]     00:00:00:00:00:0a    00:00:00:00:00:15 3    585  [34,9,1,4,18,45]     00:00:00:00:00:0a    00:00:00:00:00:15 4    585  [34,9,2,3,17,45]     00:00:00:00:00:0a    00:00:00:00:00:15 5    585  [34,9,2,3,18,45]     00:00:00:00:00:0a    00:00:00:00:00:15 6    585  [34,9,2,4,17,45]     00:00:00:00:00:0a    00:00:00:00:00:15 7    585  [34,9,2,4,18,45]     00:00:00:00:00:0a    00:00:00:00:00:15 8    585  [34,10,1,3,17,45]     00:00:00:00:00:0a    00:00:00:00:00:15 9    585  [34,10,1,3,18,45]     00:00:00:00:00:0a    00:00:00:00:00:15 10    585  [34,10,1,4,17,45]     00:00:00:00:00:0a    00:00:00:00:00:15 11    585  [34,10,1,4,18,45]     00:00:00:00:00:0a    00:00:00:00:00:15 12    585  [34,10,2,3,17,45]     00:00:00:00:00:0a    00:00:00:00:00:15 13    585  [34,10,2,3,18,45]     00:00:00:00:00:0a    00:00:00:00:00:15 14    585  [34,10,2,4,17,45]     00:00:00:00:00:0a    00:00:00:00:00:15 15    585  [34,10,2,4,18,45]  
# h00:00:00:00:00:0a -> h00:00:00:00:00:13
   00:00:00:00:00:0a    00:00:00:00:00:13 0    585  [34,9,1,3,17,43]     00:00:00:00:00:0a    00:00:00:00:00:13 1    585  [34,9,1,3,18,43]     00:00:00:00:00:0a    00:00:00:00:00:13 2    585  [34,9,1,4,17,43]     00:00:00:00:00:0a    00:00:00:00:00:13 3    585  [34,9,1,4,18,43]     00:00:00:00:00:0a    00:00:00:00:00:13 4    585  [34,9,2,3,17,43]     00:00:00:00:00:0a    00:00:00:00:00:13 5    585  [34,9,2,3,18,43]     00:00:00:00:00:0a    00:00:00:00:00:13 6    585  [34,9,2,4,17,43]     00:00:00:00:00:0a    00:00:00:00:00:13 7    585  [34,9,2,4,18,43]     00:00:00:00:00:0a    00:00:00:00:00:13 8    585  [34,10,1,3,17,43]     00:00:00:00:00:0a    00:00:00:00:00:13 9    585  [34,10,1,3,18,43]     00:00:00:00:00:0a    00:00:00:00:00:13 10    585  [34,10,1,4,17,43]     00:00:00:00:00:0a    00:00:00:00:00:13 11    585  [34,10,1,4,18,43]     00:00:00:00:00:0a    00:00:00:00:00:13 12    585  [34,10,2,3,17,43]     00:00:00:00:00:0a    00:00:00:00:00:13 13    585  [34,10,2,3,18,43]     00:00:00:00:00:0a    00:00:00:00:00:13 14    585  [34,10,2,4,17,43]     00:00:00:00:00:0a    00:00:00:00:00:13 15    585  [34,10,2,4,18,43]  
# h00:00:00:00:00:0c -> h00:00:00:00:00:16
   00:00:00:00:00:0c    00:00:00:00:00:16 0    585  [36,9,1,3,13,19]     00:00:00:00:00:0c    00:00:00:00:00:16 1    585  [36,9,1,3,14,19]     00:00:00:00:00:0c    00:00:00:00:00:16 2    585  [36,9,1,4,13,19]     00:00:00:00:00:0c    00:00:00:00:00:16 3    585  [36,9,1,4,14,19]     00:00:00:00:00:0c    00:00:00:00:00:16 4    585  [36,9,2,3,13,19]     00:00:00:00:00:0c    00:00:00:00:00:16 5    585  [36,9,2,3,14,19]     00:00:00:00:00:0c    00:00:00:00:00:16 6    585  [36,9,2,4,13,19]     00:00:00:00:00:0c    00:00:00:00:00:16 7    585  [36,9,2,4,14,19]     00:00:00:00:00:0c    00:00:00:00:00:16 8    585  [36,10,1,3,13,19]     00:00:00:00:00:0c    00:00:00:00:00:16 9    585  [36,10,1,3,14,19]     00:00:00:00:00:0c    00:00:00:00:00:16 10    585  [36,10,1,4,13,19]     00:00:00:00:00:0c    00:00:00:00:00:16 11    585  [36,10,1,4,14,19]     00:00:00:00:00:0c    00:00:00:00:00:16 12    585  [36,10,2,3,13,19]     00:00:00:00:00:0c    00:00:00:00:00:16 13    585  [36,10,2,3,14,19]     00:00:00:00:00:0c    00:00:00:00:00:16 14    585  [36,10,2,4,13,19]     00:00:00:00:00:0c    00:00:00:00:00:16 15    585  [36,10,2,4,14,19]  
# h00:00:00:00:00:0c -> h00:00:00:00:00:06
   00:00:00:00:00:0c    00:00:00:00:00:06 0    439  [36,9,1,7,30]     00:00:00:00:00:0c    00:00:00:00:00:06 1    439  [36,9,1,8,30]     00:00:00:00:00:0c    00:00:00:00:00:06 2    439  [36,9,2,7,30]     00:00:00:00:00:0c    00:00:00:00:00:06 3    439  [36,9,2,8,30]     00:00:00:00:00:0c    00:00:00:00:00:06 4    439  [36,10,1,7,30]     00:00:00:00:00:0c    00:00:00:00:00:06 5    439  [36,10,1,8,30]     00:00:00:00:00:0c    00:00:00:00:00:06 6    439  [36,10,2,7,30]     00:00:00:00:00:0c    00:00:00:00:00:06 7    439  [36,10,2,8,30]     00:00:00:00:00:0c    00:00:00:00:00:06 8    585  [36,9,1,2,7,30]     00:00:00:00:00:0c    00:00:00:00:00:06 9    585  [36,9,1,2,8,30]     00:00:00:00:00:0c    00:00:00:00:00:06 10    585  [36,9,2,1,7,30]     00:00:00:00:00:0c    00:00:00:00:00:06 11    585  [36,9,2,1,8,30]     00:00:00:00:00:0c    00:00:00:00:00:06 12    585  [36,10,1,2,7,30]     00:00:00:00:00:0c    00:00:00:00:00:06 13    585  [36,10,1,2,8,30]     00:00:00:00:00:0c    00:00:00:00:00:06 14    585  [36,10,2,1,7,30]     00:00:00:00:00:0c    00:00:00:00:00:06 15    585  [36,10,2,1,8,30]  
# h00:00:00:00:00:0c -> h00:00:00:00:00:07
   00:00:00:00:00:0c    00:00:00:00:00:07 0    439  [36,9,1,7,31]     00:00:00:00:00:0c    00:00:00:00:00:07 1    439  [36,9,1,8,31]     00:00:00:00:00:0c    00:00:00:00:00:07 2    439  [36,9,2,7,31]     00:00:00:00:00:0c    00:00:00:00:00:07 3    439  [36,9,2,8,31]     00:00:00:00:00:0c    00:00:00:00:00:07 4    439  [36,10,1,7,31]     00:00:00:00:00:0c    00:00:00:00:00:07 5    439  [36,10,1,8,31]     00:00:00:00:00:0c    00:00:00:00:00:07 6    439  [36,10,2,7,31]     00:00:00:00:00:0c    00:00:00:00:00:07 7    439  [36,10,2,8,31]     00:00:00:00:00:0c    00:00:00:00:00:07 8    585  [36,9,1,2,7,31]     00:00:00:00:00:0c    00:00:00:00:00:07 9    585  [36,9,1,2,8,31]     00:00:00:00:00:0c    00:00:00:00:00:07 10    585  [36,9,2,1,7,31]     00:00:00:00:00:0c    00:00:00:00:00:07 11    585  [36,9,2,1,8,31]     00:00:00:00:00:0c    00:00:00:00:00:07 12    585  [36,10,1,2,7,31]     00:00:00:00:00:0c    00:00:00:00:00:07 13    585  [36,10,1,2,8,31]     00:00:00:00:00:0c    00:00:00:00:00:07 14    585  [36,10,2,1,7,31]     00:00:00:00:00:0c    00:00:00:00:00:07 15    585  [36,10,2,1,8,31]  
# h00:00:00:00:00:0c -> h00:00:00:00:00:1b
   00:00:00:00:00:0c    00:00:00:00:00:1b 0    585  [36,9,1,3,15,24]     00:00:00:00:00:0c    00:00:00:00:00:1b 1    585  [36,9,1,3,16,24]     00:00:00:00:00:0c    00:00:00:00:00:1b 2    585  [36,9,1,4,15,24]     00:00:00:00:00:0c    00:00:00:00:00:1b 3    585  [36,9,1,4,16,24]     00:00:00:00:00:0c    00:00:00:00:00:1b 4    585  [36,9,2,3,15,24]     00:00:00:00:00:0c    00:00:00:00:00:1b 5    585  [36,9,2,3,16,24]     00:00:00:00:00:0c    00:00:00:00:00:1b 6    585  [36,9,2,4,15,24]     00:00:00:00:00:0c    00:00:00:00:00:1b 7    585  [36,9,2,4,16,24]     00:00:00:00:00:0c    00:00:00:00:00:1b 8    585  [36,10,1,3,15,24]     00:00:00:00:00:0c    00:00:00:00:00:1b 9    585  [36,10,1,3,16,24]     00:00:00:00:00:0c    00:00:00:00:00:1b 10    585  [36,10,1,4,15,24]     00:00:00:00:00:0c    00:00:00:00:00:1b 11    585  [36,10,1,4,16,24]     00:00:00:00:00:0c    00:00:00:00:00:1b 12    585  [36,10,2,3,15,24]     00:00:00:00:00:0c    00:00:00:00:00:1b 13    585  [36,10,2,3,16,24]     00:00:00:00:00:0c    00:00:00:00:00:1b 14    585  [36,10,2,4,15,24]     00:00:00:00:00:0c    00:00:00:00:00:1b 15    585  [36,10,2,4,16,24]  
# h00:00:00:00:00:0c -> h00:00:00:00:00:17
   00:00:00:00:00:0c    00:00:00:00:00:17 0    585  [36,9,1,3,13,20]     00:00:00:00:00:0c    00:00:00:00:00:17 1    585  [36,9,1,3,14,20]     00:00:00:00:00:0c    00:00:00:00:00:17 2    585  [36,9,1,4,13,20]     00:00:00:00:00:0c    00:00:00:00:00:17 3    585  [36,9,1,4,14,20]     00:00:00:00:00:0c    00:00:00:00:00:17 4    585  [36,9,2,3,13,20]     00:00:00:00:00:0c    00:00:00:00:00:17 5    585  [36,9,2,3,14,20]     00:00:00:00:00:0c    00:00:00:00:00:17 6    585  [36,9,2,4,13,20]     00:00:00:00:00:0c    00:00:00:00:00:17 7    585  [36,9,2,4,14,20]     00:00:00:00:00:0c    00:00:00:00:00:17 8    585  [36,10,1,3,13,20]     00:00:00:00:00:0c    00:00:00:00:00:17 9    585  [36,10,1,3,14,20]     00:00:00:00:00:0c    00:00:00:00:00:17 10    585  [36,10,1,4,13,20]     00:00:00:00:00:0c    00:00:00:00:00:17 11    585  [36,10,1,4,14,20]     00:00:00:00:00:0c    00:00:00:00:00:17 12    585  [36,10,2,3,13,20]     00:00:00:00:00:0c    00:00:00:00:00:17 13    585  [36,10,2,3,14,20]     00:00:00:00:00:0c    00:00:00:00:00:17 14    585  [36,10,2,4,13,20]     00:00:00:00:00:0c    00:00:00:00:00:17 15    585  [36,10,2,4,14,20]  
# h00:00:00:00:00:0c -> h00:00:00:00:00:09
   00:00:00:00:00:0c    00:00:00:00:00:09 0    146  [36,9,33]     00:00:00:00:00:0c    00:00:00:00:00:09 1    146  [36,10,33]     00:00:00:00:00:0c    00:00:00:00:00:09 2    439  [36,9,1,10,33]     00:00:00:00:00:0c    00:00:00:00:00:09 3    439  [36,9,2,10,33]     00:00:00:00:00:0c    00:00:00:00:00:09 4    439  [36,9,34,10,33]     00:00:00:00:00:0c    00:00:00:00:00:09 5    439  [36,9,35,10,33]     00:00:00:00:00:0c    00:00:00:00:00:09 6    439  [36,10,1,9,33]     00:00:00:00:00:0c    00:00:00:00:00:09 7    439  [36,10,2,9,33]     00:00:00:00:00:0c    00:00:00:00:00:09 8    439  [36,10,34,9,33]     00:00:00:00:00:0c    00:00:00:00:00:09 9    439  [36,10,35,9,33]     00:00:00:00:00:0c    00:00:00:00:00:09 10    585  [36,9,1,2,10,33]     00:00:00:00:00:0c    00:00:00:00:00:09 11    585  [36,9,2,1,10,33]     00:00:00:00:00:0c    00:00:00:00:00:09 12    585  [36,10,1,2,9,33]     00:00:00:00:00:0c    00:00:00:00:00:09 13    585  [36,10,2,1,9,33]     00:00:00:00:00:0c    00:00:00:00:00:09 14    731  [36,9,1,3,2,10,33]     00:00:00:00:00:0c    00:00:00:00:00:09 15    731  [36,9,1,4,2,10,33]  
# h00:00:00:00:00:0c -> h00:00:00:00:00:05
   00:00:00:00:00:0c    00:00:00:00:00:05 0    439  [36,9,1,7,29]     00:00:00:00:00:0c    00:00:00:00:00:05 1    439  [36,9,1,8,29]     00:00:00:00:00:0c    00:00:00:00:00:05 2    439  [36,9,2,7,29]     00:00:00:00:00:0c    00:00:00:00:00:05 3    439  [36,9,2,8,29]     00:00:00:00:00:0c    00:00:00:00:00:05 4    439  [36,10,1,7,29]     00:00:00:00:00:0c    00:00:00:00:00:05 5    439  [36,10,1,8,29]     00:00:00:00:00:0c    00:00:00:00:00:05 6    439  [36,10,2,7,29]     00:00:00:00:00:0c    00:00:00:00:00:05 7    439  [36,10,2,8,29]     00:00:00:00:00:0c    00:00:00:00:00:05 8    585  [36,9,1,2,7,29]     00:00:00:00:00:0c    00:00:00:00:00:05 9    585  [36,9,1,2,8,29]     00:00:00:00:00:0c    00:00:00:00:00:05 10    585  [36,9,2,1,7,29]     00:00:00:00:00:0c    00:00:00:00:00:05 11    585  [36,9,2,1,8,29]     00:00:00:00:00:0c    00:00:00:00:00:05 12    585  [36,10,1,2,7,29]     00:00:00:00:00:0c    00:00:00:00:00:05 13    585  [36,10,1,2,8,29]     00:00:00:00:00:0c    00:00:00:00:00:05 14    585  [36,10,2,1,7,29]     00:00:00:00:00:0c    00:00:00:00:00:05 15    585  [36,10,2,1,8,29]  
# h00:00:00:00:00:0c -> h00:00:00:00:00:08
   00:00:00:00:00:0c    00:00:00:00:00:08 0    439  [36,9,1,7,32]     00:00:00:00:00:0c    00:00:00:00:00:08 1    439  [36,9,1,8,32]     00:00:00:00:00:0c    00:00:00:00:00:08 2    439  [36,9,2,7,32]     00:00:00:00:00:0c    00:00:00:00:00:08 3    439  [36,9,2,8,32]     00:00:00:00:00:0c    00:00:00:00:00:08 4    439  [36,10,1,7,32]     00:00:00:00:00:0c    00:00:00:00:00:08 5    439  [36,10,1,8,32]     00:00:00:00:00:0c    00:00:00:00:00:08 6    439  [36,10,2,7,32]     00:00:00:00:00:0c    00:00:00:00:00:08 7    439  [36,10,2,8,32]     00:00:00:00:00:0c    00:00:00:00:00:08 8    585  [36,9,1,2,7,32]     00:00:00:00:00:0c    00:00:00:00:00:08 9    585  [36,9,1,2,8,32]     00:00:00:00:00:0c    00:00:00:00:00:08 10    585  [36,9,2,1,7,32]     00:00:00:00:00:0c    00:00:00:00:00:08 11    585  [36,9,2,1,8,32]     00:00:00:00:00:0c    00:00:00:00:00:08 12    585  [36,10,1,2,7,32]     00:00:00:00:00:0c    00:00:00:00:00:08 13    585  [36,10,1,2,8,32]     00:00:00:00:00:0c    00:00:00:00:00:08 14    585  [36,10,2,1,7,32]     00:00:00:00:00:0c    00:00:00:00:00:08 15    585  [36,10,2,1,8,32]  
# h00:00:00:00:00:0c -> h00:00:00:00:00:04
   00:00:00:00:00:0c    00:00:00:00:00:04 0    439  [36,9,1,5,28]     00:00:00:00:00:0c    00:00:00:00:00:04 1    439  [36,9,1,6,28]     00:00:00:00:00:0c    00:00:00:00:00:04 2    439  [36,9,2,5,28]     00:00:00:00:00:0c    00:00:00:00:00:04 3    439  [36,9,2,6,28]     00:00:00:00:00:0c    00:00:00:00:00:04 4    439  [36,10,1,5,28]     00:00:00:00:00:0c    00:00:00:00:00:04 5    439  [36,10,1,6,28]     00:00:00:00:00:0c    00:00:00:00:00:04 6    439  [36,10,2,5,28]     00:00:00:00:00:0c    00:00:00:00:00:04 7    439  [36,10,2,6,28]     00:00:00:00:00:0c    00:00:00:00:00:04 8    585  [36,9,1,2,5,28]     00:00:00:00:00:0c    00:00:00:00:00:04 9    585  [36,9,1,2,6,28]     00:00:00:00:00:0c    00:00:00:00:00:04 10    585  [36,9,2,1,5,28]     00:00:00:00:00:0c    00:00:00:00:00:04 11    585  [36,9,2,1,6,28]     00:00:00:00:00:0c    00:00:00:00:00:04 12    585  [36,10,1,2,5,28]     00:00:00:00:00:0c    00:00:00:00:00:04 13    585  [36,10,1,2,6,28]     00:00:00:00:00:0c    00:00:00:00:00:04 14    585  [36,10,2,1,5,28]     00:00:00:00:00:0c    00:00:00:00:00:04 15    585  [36,10,2,1,6,28]  
# h00:00:00:00:00:0c -> h00:00:00:00:00:1a
   00:00:00:00:00:0c    00:00:00:00:00:1a 0    585  [36,9,1,3,15,23]     00:00:00:00:00:0c    00:00:00:00:00:1a 1    585  [36,9,1,3,16,23]     00:00:00:00:00:0c    00:00:00:00:00:1a 2    585  [36,9,1,4,15,23]     00:00:00:00:00:0c    00:00:00:00:00:1a 3    585  [36,9,1,4,16,23]     00:00:00:00:00:0c    00:00:00:00:00:1a 4    585  [36,9,2,3,15,23]     00:00:00:00:00:0c    00:00:00:00:00:1a 5    585  [36,9,2,3,16,23]     00:00:00:00:00:0c    00:00:00:00:00:1a 6    585  [36,9,2,4,15,23]     00:00:00:00:00:0c    00:00:00:00:00:1a 7    585  [36,9,2,4,16,23]     00:00:00:00:00:0c    00:00:00:00:00:1a 8    585  [36,10,1,3,15,23]     00:00:00:00:00:0c    00:00:00:00:00:1a 9    585  [36,10,1,3,16,23]     00:00:00:00:00:0c    00:00:00:00:00:1a 10    585  [36,10,1,4,15,23]     00:00:00:00:00:0c    00:00:00:00:00:1a 11    585  [36,10,1,4,16,23]     00:00:00:00:00:0c    00:00:00:00:00:1a 12    585  [36,10,2,3,15,23]     00:00:00:00:00:0c    00:00:00:00:00:1a 13    585  [36,10,2,3,16,23]     00:00:00:00:00:0c    00:00:00:00:00:1a 14    585  [36,10,2,4,15,23]     00:00:00:00:00:0c    00:00:00:00:00:1a 15    585  [36,10,2,4,16,23]  
# h00:00:00:00:00:0c -> h00:00:00:00:00:10
   00:00:00:00:00:0c    00:00:00:00:00:10 0    439  [36,9,1,11,40]     00:00:00:00:00:0c    00:00:00:00:00:10 1    439  [36,9,1,12,40]     00:00:00:00:00:0c    00:00:00:00:00:10 2    439  [36,9,2,11,40]     00:00:00:00:00:0c    00:00:00:00:00:10 3    439  [36,9,2,12,40]     00:00:00:00:00:0c    00:00:00:00:00:10 4    439  [36,10,1,11,40]     00:00:00:00:00:0c    00:00:00:00:00:10 5    439  [36,10,1,12,40]     00:00:00:00:00:0c    00:00:00:00:00:10 6    439  [36,10,2,11,40]     00:00:00:00:00:0c    00:00:00:00:00:10 7    439  [36,10,2,12,40]     00:00:00:00:00:0c    00:00:00:00:00:10 8    585  [36,9,1,2,11,40]     00:00:00:00:00:0c    00:00:00:00:00:10 9    585  [36,9,1,2,12,40]     00:00:00:00:00:0c    00:00:00:00:00:10 10    585  [36,9,2,1,11,40]     00:00:00:00:00:0c    00:00:00:00:00:10 11    585  [36,9,2,1,12,40]     00:00:00:00:00:0c    00:00:00:00:00:10 12    585  [36,10,1,2,11,40]     00:00:00:00:00:0c    00:00:00:00:00:10 13    585  [36,10,1,2,12,40]     00:00:00:00:00:0c    00:00:00:00:00:10 14    585  [36,10,2,1,11,40]     00:00:00:00:00:0c    00:00:00:00:00:10 15    585  [36,10,2,1,12,40]  
# h00:00:00:00:00:0c -> h00:00:00:00:00:18
   00:00:00:00:00:0c    00:00:00:00:00:18 0    585  [36,9,1,3,13,21]     00:00:00:00:00:0c    00:00:00:00:00:18 1    585  [36,9,1,3,14,21]     00:00:00:00:00:0c    00:00:00:00:00:18 2    585  [36,9,1,4,13,21]     00:00:00:00:00:0c    00:00:00:00:00:18 3    585  [36,9,1,4,14,21]     00:00:00:00:00:0c    00:00:00:00:00:18 4    585  [36,9,2,3,13,21]     00:00:00:00:00:0c    00:00:00:00:00:18 5    585  [36,9,2,3,14,21]     00:00:00:00:00:0c    00:00:00:00:00:18 6    585  [36,9,2,4,13,21]     00:00:00:00:00:0c    00:00:00:00:00:18 7    585  [36,9,2,4,14,21]     00:00:00:00:00:0c    00:00:00:00:00:18 8    585  [36,10,1,3,13,21]     00:00:00:00:00:0c    00:00:00:00:00:18 9    585  [36,10,1,3,14,21]     00:00:00:00:00:0c    00:00:00:00:00:18 10    585  [36,10,1,4,13,21]     00:00:00:00:00:0c    00:00:00:00:00:18 11    585  [36,10,1,4,14,21]     00:00:00:00:00:0c    00:00:00:00:00:18 12    585  [36,10,2,3,13,21]     00:00:00:00:00:0c    00:00:00:00:00:18 13    585  [36,10,2,3,14,21]     00:00:00:00:00:0c    00:00:00:00:00:18 14    585  [36,10,2,4,13,21]     00:00:00:00:00:0c    00:00:00:00:00:18 15    585  [36,10,2,4,14,21]  
# h00:00:00:00:00:0c -> h00:00:00:00:00:19
   00:00:00:00:00:0c    00:00:00:00:00:19 0    585  [36,9,1,3,15,22]     00:00:00:00:00:0c    00:00:00:00:00:19 1    585  [36,9,1,3,16,22]     00:00:00:00:00:0c    00:00:00:00:00:19 2    585  [36,9,1,4,15,22]     00:00:00:00:00:0c    00:00:00:00:00:19 3    585  [36,9,1,4,16,22]     00:00:00:00:00:0c    00:00:00:00:00:19 4    585  [36,9,2,3,15,22]     00:00:00:00:00:0c    00:00:00:00:00:19 5    585  [36,9,2,3,16,22]     00:00:00:00:00:0c    00:00:00:00:00:19 6    585  [36,9,2,4,15,22]     00:00:00:00:00:0c    00:00:00:00:00:19 7    585  [36,9,2,4,16,22]     00:00:00:00:00:0c    00:00:00:00:00:19 8    585  [36,10,1,3,15,22]     00:00:00:00:00:0c    00:00:00:00:00:19 9    585  [36,10,1,3,16,22]     00:00:00:00:00:0c    00:00:00:00:00:19 10    585  [36,10,1,4,15,22]     00:00:00:00:00:0c    00:00:00:00:00:19 11    585  [36,10,1,4,16,22]     00:00:00:00:00:0c    00:00:00:00:00:19 12    585  [36,10,2,3,15,22]     00:00:00:00:00:0c    00:00:00:00:00:19 13    585  [36,10,2,3,16,22]     00:00:00:00:00:0c    00:00:00:00:00:19 14    585  [36,10,2,4,15,22]     00:00:00:00:00:0c    00:00:00:00:00:19 15    585  [36,10,2,4,16,22]  
# h00:00:00:00:00:0c -> h00:00:00:00:00:0e
   00:00:00:00:00:0c    00:00:00:00:00:0e 0    439  [36,9,1,11,38]     00:00:00:00:00:0c    00:00:00:00:00:0e 1    439  [36,9,1,12,38]     00:00:00:00:00:0c    00:00:00:00:00:0e 2    439  [36,9,2,11,38]     00:00:00:00:00:0c    00:00:00:00:00:0e 3    439  [36,9,2,12,38]     00:00:00:00:00:0c    00:00:00:00:00:0e 4    439  [36,10,1,11,38]     00:00:00:00:00:0c    00:00:00:00:00:0e 5    439  [36,10,1,12,38]     00:00:00:00:00:0c    00:00:00:00:00:0e 6    439  [36,10,2,11,38]     00:00:00:00:00:0c    00:00:00:00:00:0e 7    439  [36,10,2,12,38]     00:00:00:00:00:0c    00:00:00:00:00:0e 8    585  [36,9,1,2,11,38]     00:00:00:00:00:0c    00:00:00:00:00:0e 9    585  [36,9,1,2,12,38]     00:00:00:00:00:0c    00:00:00:00:00:0e 10    585  [36,9,2,1,11,38]     00:00:00:00:00:0c    00:00:00:00:00:0e 11    585  [36,9,2,1,12,38]     00:00:00:00:00:0c    00:00:00:00:00:0e 12    585  [36,10,1,2,11,38]     00:00:00:00:00:0c    00:00:00:00:00:0e 13    585  [36,10,1,2,12,38]     00:00:00:00:00:0c    00:00:00:00:00:0e 14    585  [36,10,2,1,11,38]     00:00:00:00:00:0c    00:00:00:00:00:0e 15    585  [36,10,2,1,12,38]  
# h00:00:00:00:00:0c -> h00:00:00:00:00:01
   00:00:00:00:00:0c    00:00:00:00:00:01 0    439  [36,9,1,5,25]     00:00:00:00:00:0c    00:00:00:00:00:01 1    439  [36,9,1,6,25]     00:00:00:00:00:0c    00:00:00:00:00:01 2    439  [36,9,2,5,25]     00:00:00:00:00:0c    00:00:00:00:00:01 3    439  [36,9,2,6,25]     00:00:00:00:00:0c    00:00:00:00:00:01 4    439  [36,10,1,5,25]     00:00:00:00:00:0c    00:00:00:00:00:01 5    439  [36,10,1,6,25]     00:00:00:00:00:0c    00:00:00:00:00:01 6    439  [36,10,2,5,25]     00:00:00:00:00:0c    00:00:00:00:00:01 7    439  [36,10,2,6,25]     00:00:00:00:00:0c    00:00:00:00:00:01 8    585  [36,9,1,2,5,25]     00:00:00:00:00:0c    00:00:00:00:00:01 9    585  [36,9,1,2,6,25]     00:00:00:00:00:0c    00:00:00:00:00:01 10    585  [36,9,2,1,5,25]     00:00:00:00:00:0c    00:00:00:00:00:01 11    585  [36,9,2,1,6,25]     00:00:00:00:00:0c    00:00:00:00:00:01 12    585  [36,10,1,2,5,25]     00:00:00:00:00:0c    00:00:00:00:00:01 13    585  [36,10,1,2,6,25]     00:00:00:00:00:0c    00:00:00:00:00:01 14    585  [36,10,2,1,5,25]     00:00:00:00:00:0c    00:00:00:00:00:01 15    585  [36,10,2,1,6,25]  
# h00:00:00:00:00:0c -> h00:00:00:00:00:14
   00:00:00:00:00:0c    00:00:00:00:00:14 0    585  [36,9,1,3,17,44]     00:00:00:00:00:0c    00:00:00:00:00:14 1    585  [36,9,1,3,18,44]     00:00:00:00:00:0c    00:00:00:00:00:14 2    585  [36,9,1,4,17,44]     00:00:00:00:00:0c    00:00:00:00:00:14 3    585  [36,9,1,4,18,44]     00:00:00:00:00:0c    00:00:00:00:00:14 4    585  [36,9,2,3,17,44]     00:00:00:00:00:0c    00:00:00:00:00:14 5    585  [36,9,2,3,18,44]     00:00:00:00:00:0c    00:00:00:00:00:14 6    585  [36,9,2,4,17,44]     00:00:00:00:00:0c    00:00:00:00:00:14 7    585  [36,9,2,4,18,44]     00:00:00:00:00:0c    00:00:00:00:00:14 8    585  [36,10,1,3,17,44]     00:00:00:00:00:0c    00:00:00:00:00:14 9    585  [36,10,1,3,18,44]     00:00:00:00:00:0c    00:00:00:00:00:14 10    585  [36,10,1,4,17,44]     00:00:00:00:00:0c    00:00:00:00:00:14 11    585  [36,10,1,4,18,44]     00:00:00:00:00:0c    00:00:00:00:00:14 12    585  [36,10,2,3,17,44]     00:00:00:00:00:0c    00:00:00:00:00:14 13    585  [36,10,2,3,18,44]     00:00:00:00:00:0c    00:00:00:00:00:14 14    585  [36,10,2,4,17,44]     00:00:00:00:00:0c    00:00:00:00:00:14 15    585  [36,10,2,4,18,44]  
# h00:00:00:00:00:0c -> h00:00:00:00:00:0b
   00:00:00:00:00:0c    00:00:00:00:00:0b 0    146  [36,9,35]     00:00:00:00:00:0c    00:00:00:00:00:0b 1    146  [36,10,35]     00:00:00:00:00:0c    00:00:00:00:00:0b 2    439  [36,9,1,10,35]     00:00:00:00:00:0c    00:00:00:00:00:0b 3    439  [36,9,2,10,35]     00:00:00:00:00:0c    00:00:00:00:00:0b 4    439  [36,9,33,10,35]     00:00:00:00:00:0c    00:00:00:00:00:0b 5    439  [36,9,34,10,35]     00:00:00:00:00:0c    00:00:00:00:00:0b 6    439  [36,10,1,9,35]     00:00:00:00:00:0c    00:00:00:00:00:0b 7    439  [36,10,2,9,35]     00:00:00:00:00:0c    00:00:00:00:00:0b 8    439  [36,10,33,9,35]     00:00:00:00:00:0c    00:00:00:00:00:0b 9    439  [36,10,34,9,35]     00:00:00:00:00:0c    00:00:00:00:00:0b 10    585  [36,9,1,2,10,35]     00:00:00:00:00:0c    00:00:00:00:00:0b 11    585  [36,9,2,1,10,35]     00:00:00:00:00:0c    00:00:00:00:00:0b 12    585  [36,10,1,2,9,35]     00:00:00:00:00:0c    00:00:00:00:00:0b 13    585  [36,10,2,1,9,35]     00:00:00:00:00:0c    00:00:00:00:00:0b 14    731  [36,9,1,3,2,10,35]     00:00:00:00:00:0c    00:00:00:00:00:0b 15    731  [36,9,1,4,2,10,35]  
# h00:00:00:00:00:0c -> h00:00:00:00:00:0a
   00:00:00:00:00:0c    00:00:00:00:00:0a 0    146  [36,9,34]     00:00:00:00:00:0c    00:00:00:00:00:0a 1    146  [36,10,34]     00:00:00:00:00:0c    00:00:00:00:00:0a 2    439  [36,9,1,10,34]     00:00:00:00:00:0c    00:00:00:00:00:0a 3    439  [36,9,2,10,34]     00:00:00:00:00:0c    00:00:00:00:00:0a 4    439  [36,9,33,10,34]     00:00:00:00:00:0c    00:00:00:00:00:0a 5    439  [36,9,35,10,34]     00:00:00:00:00:0c    00:00:00:00:00:0a 6    439  [36,10,1,9,34]     00:00:00:00:00:0c    00:00:00:00:00:0a 7    439  [36,10,2,9,34]     00:00:00:00:00:0c    00:00:00:00:00:0a 8    439  [36,10,33,9,34]     00:00:00:00:00:0c    00:00:00:00:00:0a 9    439  [36,10,35,9,34]     00:00:00:00:00:0c    00:00:00:00:00:0a 10    585  [36,9,1,2,10,34]     00:00:00:00:00:0c    00:00:00:00:00:0a 11    585  [36,9,2,1,10,34]     00:00:00:00:00:0c    00:00:00:00:00:0a 12    585  [36,10,1,2,9,34]     00:00:00:00:00:0c    00:00:00:00:00:0a 13    585  [36,10,2,1,9,34]     00:00:00:00:00:0c    00:00:00:00:00:0a 14    731  [36,9,1,3,2,10,34]     00:00:00:00:00:0c    00:00:00:00:00:0a 15    731  [36,9,1,4,2,10,34]  
# h00:00:00:00:00:0c -> h00:00:00:00:00:0d
   00:00:00:00:00:0c    00:00:00:00:00:0d 0    439  [36,9,1,11,37]     00:00:00:00:00:0c    00:00:00:00:00:0d 1    439  [36,9,1,12,37]     00:00:00:00:00:0c    00:00:00:00:00:0d 2    439  [36,9,2,11,37]     00:00:00:00:00:0c    00:00:00:00:00:0d 3    439  [36,9,2,12,37]     00:00:00:00:00:0c    00:00:00:00:00:0d 4    439  [36,10,1,11,37]     00:00:00:00:00:0c    00:00:00:00:00:0d 5    439  [36,10,1,12,37]     00:00:00:00:00:0c    00:00:00:00:00:0d 6    439  [36,10,2,11,37]     00:00:00:00:00:0c    00:00:00:00:00:0d 7    439  [36,10,2,12,37]     00:00:00:00:00:0c    00:00:00:00:00:0d 8    585  [36,9,1,2,11,37]     00:00:00:00:00:0c    00:00:00:00:00:0d 9    585  [36,9,1,2,12,37]     00:00:00:00:00:0c    00:00:00:00:00:0d 10    585  [36,9,2,1,11,37]     00:00:00:00:00:0c    00:00:00:00:00:0d 11    585  [36,9,2,1,12,37]     00:00:00:00:00:0c    00:00:00:00:00:0d 12    585  [36,10,1,2,11,37]     00:00:00:00:00:0c    00:00:00:00:00:0d 13    585  [36,10,1,2,12,37]     00:00:00:00:00:0c    00:00:00:00:00:0d 14    585  [36,10,2,1,11,37]     00:00:00:00:00:0c    00:00:00:00:00:0d 15    585  [36,10,2,1,12,37]  
# h00:00:00:00:00:0c -> h00:00:00:00:00:03
   00:00:00:00:00:0c    00:00:00:00:00:03 0    439  [36,9,1,5,27]     00:00:00:00:00:0c    00:00:00:00:00:03 1    439  [36,9,1,6,27]     00:00:00:00:00:0c    00:00:00:00:00:03 2    439  [36,9,2,5,27]     00:00:00:00:00:0c    00:00:00:00:00:03 3    439  [36,9,2,6,27]     00:00:00:00:00:0c    00:00:00:00:00:03 4    439  [36,10,1,5,27]     00:00:00:00:00:0c    00:00:00:00:00:03 5    439  [36,10,1,6,27]     00:00:00:00:00:0c    00:00:00:00:00:03 6    439  [36,10,2,5,27]     00:00:00:00:00:0c    00:00:00:00:00:03 7    439  [36,10,2,6,27]     00:00:00:00:00:0c    00:00:00:00:00:03 8    585  [36,9,1,2,5,27]     00:00:00:00:00:0c    00:00:00:00:00:03 9    585  [36,9,1,2,6,27]     00:00:00:00:00:0c    00:00:00:00:00:03 10    585  [36,9,2,1,5,27]     00:00:00:00:00:0c    00:00:00:00:00:03 11    585  [36,9,2,1,6,27]     00:00:00:00:00:0c    00:00:00:00:00:03 12    585  [36,10,1,2,5,27]     00:00:00:00:00:0c    00:00:00:00:00:03 13    585  [36,10,1,2,6,27]     00:00:00:00:00:0c    00:00:00:00:00:03 14    585  [36,10,2,1,5,27]     00:00:00:00:00:0c    00:00:00:00:00:03 15    585  [36,10,2,1,6,27]  
# h00:00:00:00:00:0c -> h00:00:00:00:00:11
   00:00:00:00:00:0c    00:00:00:00:00:11 0    585  [36,9,1,3,17,41]     00:00:00:00:00:0c    00:00:00:00:00:11 1    585  [36,9,1,3,18,41]     00:00:00:00:00:0c    00:00:00:00:00:11 2    585  [36,9,1,4,17,41]     00:00:00:00:00:0c    00:00:00:00:00:11 3    585  [36,9,1,4,18,41]     00:00:00:00:00:0c    00:00:00:00:00:11 4    585  [36,9,2,3,17,41]     00:00:00:00:00:0c    00:00:00:00:00:11 5    585  [36,9,2,3,18,41]     00:00:00:00:00:0c    00:00:00:00:00:11 6    585  [36,9,2,4,17,41]     00:00:00:00:00:0c    00:00:00:00:00:11 7    585  [36,9,2,4,18,41]     00:00:00:00:00:0c    00:00:00:00:00:11 8    585  [36,10,1,3,17,41]     00:00:00:00:00:0c    00:00:00:00:00:11 9    585  [36,10,1,3,18,41]     00:00:00:00:00:0c    00:00:00:00:00:11 10    585  [36,10,1,4,17,41]     00:00:00:00:00:0c    00:00:00:00:00:11 11    585  [36,10,1,4,18,41]     00:00:00:00:00:0c    00:00:00:00:00:11 12    585  [36,10,2,3,17,41]     00:00:00:00:00:0c    00:00:00:00:00:11 13    585  [36,10,2,3,18,41]     00:00:00:00:00:0c    00:00:00:00:00:11 14    585  [36,10,2,4,17,41]     00:00:00:00:00:0c    00:00:00:00:00:11 15    585  [36,10,2,4,18,41]  
# h00:00:00:00:00:0c -> h00:00:00:00:00:02
   00:00:00:00:00:0c    00:00:00:00:00:02 0    439  [36,9,1,5,26]     00:00:00:00:00:0c    00:00:00:00:00:02 1    439  [36,9,1,6,26]     00:00:00:00:00:0c    00:00:00:00:00:02 2    439  [36,9,2,5,26]     00:00:00:00:00:0c    00:00:00:00:00:02 3    439  [36,9,2,6,26]     00:00:00:00:00:0c    00:00:00:00:00:02 4    439  [36,10,1,5,26]     00:00:00:00:00:0c    00:00:00:00:00:02 5    439  [36,10,1,6,26]     00:00:00:00:00:0c    00:00:00:00:00:02 6    439  [36,10,2,5,26]     00:00:00:00:00:0c    00:00:00:00:00:02 7    439  [36,10,2,6,26]     00:00:00:00:00:0c    00:00:00:00:00:02 8    585  [36,9,1,2,5,26]     00:00:00:00:00:0c    00:00:00:00:00:02 9    585  [36,9,1,2,6,26]     00:00:00:00:00:0c    00:00:00:00:00:02 10    585  [36,9,2,1,5,26]     00:00:00:00:00:0c    00:00:00:00:00:02 11    585  [36,9,2,1,6,26]     00:00:00:00:00:0c    00:00:00:00:00:02 12    585  [36,10,1,2,5,26]     00:00:00:00:00:0c    00:00:00:00:00:02 13    585  [36,10,1,2,6,26]     00:00:00:00:00:0c    00:00:00:00:00:02 14    585  [36,10,2,1,5,26]     00:00:00:00:00:0c    00:00:00:00:00:02 15    585  [36,10,2,1,6,26]  
# h00:00:00:00:00:0c -> h00:00:00:00:00:0f
   00:00:00:00:00:0c    00:00:00:00:00:0f 0    439  [36,9,1,11,39]     00:00:00:00:00:0c    00:00:00:00:00:0f 1    439  [36,9,1,12,39]     00:00:00:00:00:0c    00:00:00:00:00:0f 2    439  [36,9,2,11,39]     00:00:00:00:00:0c    00:00:00:00:00:0f 3    439  [36,9,2,12,39]     00:00:00:00:00:0c    00:00:00:00:00:0f 4    439  [36,10,1,11,39]     00:00:00:00:00:0c    00:00:00:00:00:0f 5    439  [36,10,1,12,39]     00:00:00:00:00:0c    00:00:00:00:00:0f 6    439  [36,10,2,11,39]     00:00:00:00:00:0c    00:00:00:00:00:0f 7    439  [36,10,2,12,39]     00:00:00:00:00:0c    00:00:00:00:00:0f 8    585  [36,9,1,2,11,39]     00:00:00:00:00:0c    00:00:00:00:00:0f 9    585  [36,9,1,2,12,39]     00:00:00:00:00:0c    00:00:00:00:00:0f 10    585  [36,9,2,1,11,39]     00:00:00:00:00:0c    00:00:00:00:00:0f 11    585  [36,9,2,1,12,39]     00:00:00:00:00:0c    00:00:00:00:00:0f 12    585  [36,10,1,2,11,39]     00:00:00:00:00:0c    00:00:00:00:00:0f 13    585  [36,10,1,2,12,39]     00:00:00:00:00:0c    00:00:00:00:00:0f 14    585  [36,10,2,1,11,39]     00:00:00:00:00:0c    00:00:00:00:00:0f 15    585  [36,10,2,1,12,39]  
# h00:00:00:00:00:0c -> h00:00:00:00:00:12
   00:00:00:00:00:0c    00:00:00:00:00:12 0    585  [36,9,1,3,17,42]     00:00:00:00:00:0c    00:00:00:00:00:12 1    585  [36,9,1,3,18,42]     00:00:00:00:00:0c    00:00:00:00:00:12 2    585  [36,9,1,4,17,42]     00:00:00:00:00:0c    00:00:00:00:00:12 3    585  [36,9,1,4,18,42]     00:00:00:00:00:0c    00:00:00:00:00:12 4    585  [36,9,2,3,17,42]     00:00:00:00:00:0c    00:00:00:00:00:12 5    585  [36,9,2,3,18,42]     00:00:00:00:00:0c    00:00:00:00:00:12 6    585  [36,9,2,4,17,42]     00:00:00:00:00:0c    00:00:00:00:00:12 7    585  [36,9,2,4,18,42]     00:00:00:00:00:0c    00:00:00:00:00:12 8    585  [36,10,1,3,17,42]     00:00:00:00:00:0c    00:00:00:00:00:12 9    585  [36,10,1,3,18,42]     00:00:00:00:00:0c    00:00:00:00:00:12 10    585  [36,10,1,4,17,42]     00:00:00:00:00:0c    00:00:00:00:00:12 11    585  [36,10,1,4,18,42]     00:00:00:00:00:0c    00:00:00:00:00:12 12    585  [36,10,2,3,17,42]     00:00:00:00:00:0c    00:00:00:00:00:12 13    585  [36,10,2,3,18,42]     00:00:00:00:00:0c    00:00:00:00:00:12 14    585  [36,10,2,4,17,42]     00:00:00:00:00:0c    00:00:00:00:00:12 15    585  [36,10,2,4,18,42]  
# h00:00:00:00:00:0c -> h00:00:00:00:00:15
   00:00:00:00:00:0c    00:00:00:00:00:15 0    585  [36,9,1,3,17,45]     00:00:00:00:00:0c    00:00:00:00:00:15 1    585  [36,9,1,3,18,45]     00:00:00:00:00:0c    00:00:00:00:00:15 2    585  [36,9,1,4,17,45]     00:00:00:00:00:0c    00:00:00:00:00:15 3    585  [36,9,1,4,18,45]     00:00:00:00:00:0c    00:00:00:00:00:15 4    585  [36,9,2,3,17,45]     00:00:00:00:00:0c    00:00:00:00:00:15 5    585  [36,9,2,3,18,45]     00:00:00:00:00:0c    00:00:00:00:00:15 6    585  [36,9,2,4,17,45]     00:00:00:00:00:0c    00:00:00:00:00:15 7    585  [36,9,2,4,18,45]     00:00:00:00:00:0c    00:00:00:00:00:15 8    585  [36,10,1,3,17,45]     00:00:00:00:00:0c    00:00:00:00:00:15 9    585  [36,10,1,3,18,45]     00:00:00:00:00:0c    00:00:00:00:00:15 10    585  [36,10,1,4,17,45]     00:00:00:00:00:0c    00:00:00:00:00:15 11    585  [36,10,1,4,18,45]     00:00:00:00:00:0c    00:00:00:00:00:15 12    585  [36,10,2,3,17,45]     00:00:00:00:00:0c    00:00:00:00:00:15 13    585  [36,10,2,3,18,45]     00:00:00:00:00:0c    00:00:00:00:00:15 14    585  [36,10,2,4,17,45]     00:00:00:00:00:0c    00:00:00:00:00:15 15    585  [36,10,2,4,18,45]  
# h00:00:00:00:00:0c -> h00:00:00:00:00:13
   00:00:00:00:00:0c    00:00:00:00:00:13 0    585  [36,9,1,3,17,43]     00:00:00:00:00:0c    00:00:00:00:00:13 1    585  [36,9,1,3,18,43]     00:00:00:00:00:0c    00:00:00:00:00:13 2    585  [36,9,1,4,17,43]     00:00:00:00:00:0c    00:00:00:00:00:13 3    585  [36,9,1,4,18,43]     00:00:00:00:00:0c    00:00:00:00:00:13 4    585  [36,9,2,3,17,43]     00:00:00:00:00:0c    00:00:00:00:00:13 5    585  [36,9,2,3,18,43]     00:00:00:00:00:0c    00:00:00:00:00:13 6    585  [36,9,2,4,17,43]     00:00:00:00:00:0c    00:00:00:00:00:13 7    585  [36,9,2,4,18,43]     00:00:00:00:00:0c    00:00:00:00:00:13 8    585  [36,10,1,3,17,43]     00:00:00:00:00:0c    00:00:00:00:00:13 9    585  [36,10,1,3,18,43]     00:00:00:00:00:0c    00:00:00:00:00:13 10    585  [36,10,1,4,17,43]     00:00:00:00:00:0c    00:00:00:00:00:13 11    585  [36,10,1,4,18,43]     00:00:00:00:00:0c    00:00:00:00:00:13 12    585  [36,10,2,3,17,43]     00:00:00:00:00:0c    00:00:00:00:00:13 13    585  [36,10,2,3,18,43]     00:00:00:00:00:0c    00:00:00:00:00:13 14    585  [36,10,2,4,17,43]     00:00:00:00:00:0c    00:00:00:00:00:13 15    585  [36,10,2,4,18,43]  
# h00:00:00:00:00:0d -> h00:00:00:00:00:16
   00:00:00:00:00:0d    00:00:00:00:00:16 0    585  [37,11,1,3,13,19]     00:00:00:00:00:0d    00:00:00:00:00:16 1    585  [37,11,1,3,14,19]     00:00:00:00:00:0d    00:00:00:00:00:16 2    585  [37,11,1,4,13,19]     00:00:00:00:00:0d    00:00:00:00:00:16 3    585  [37,11,1,4,14,19]     00:00:00:00:00:0d    00:00:00:00:00:16 4    585  [37,11,2,3,13,19]     00:00:00:00:00:0d    00:00:00:00:00:16 5    585  [37,11,2,3,14,19]     00:00:00:00:00:0d    00:00:00:00:00:16 6    585  [37,11,2,4,13,19]     00:00:00:00:00:0d    00:00:00:00:00:16 7    585  [37,11,2,4,14,19]     00:00:00:00:00:0d    00:00:00:00:00:16 8    585  [37,12,1,3,13,19]     00:00:00:00:00:0d    00:00:00:00:00:16 9    585  [37,12,1,3,14,19]     00:00:00:00:00:0d    00:00:00:00:00:16 10    585  [37,12,1,4,13,19]     00:00:00:00:00:0d    00:00:00:00:00:16 11    585  [37,12,1,4,14,19]     00:00:00:00:00:0d    00:00:00:00:00:16 12    585  [37,12,2,3,13,19]     00:00:00:00:00:0d    00:00:00:00:00:16 13    585  [37,12,2,3,14,19]     00:00:00:00:00:0d    00:00:00:00:00:16 14    585  [37,12,2,4,13,19]     00:00:00:00:00:0d    00:00:00:00:00:16 15    585  [37,12,2,4,14,19]  
# h00:00:00:00:00:0d -> h00:00:00:00:00:06
   00:00:00:00:00:0d    00:00:00:00:00:06 0    439  [37,11,1,7,30]     00:00:00:00:00:0d    00:00:00:00:00:06 1    439  [37,11,1,8,30]     00:00:00:00:00:0d    00:00:00:00:00:06 2    439  [37,11,2,7,30]     00:00:00:00:00:0d    00:00:00:00:00:06 3    439  [37,11,2,8,30]     00:00:00:00:00:0d    00:00:00:00:00:06 4    439  [37,12,1,7,30]     00:00:00:00:00:0d    00:00:00:00:00:06 5    439  [37,12,1,8,30]     00:00:00:00:00:0d    00:00:00:00:00:06 6    439  [37,12,2,7,30]     00:00:00:00:00:0d    00:00:00:00:00:06 7    439  [37,12,2,8,30]     00:00:00:00:00:0d    00:00:00:00:00:06 8    585  [37,11,1,2,7,30]     00:00:00:00:00:0d    00:00:00:00:00:06 9    585  [37,11,1,2,8,30]     00:00:00:00:00:0d    00:00:00:00:00:06 10    585  [37,11,2,1,7,30]     00:00:00:00:00:0d    00:00:00:00:00:06 11    585  [37,11,2,1,8,30]     00:00:00:00:00:0d    00:00:00:00:00:06 12    585  [37,12,1,2,7,30]     00:00:00:00:00:0d    00:00:00:00:00:06 13    585  [37,12,1,2,8,30]     00:00:00:00:00:0d    00:00:00:00:00:06 14    585  [37,12,2,1,7,30]     00:00:00:00:00:0d    00:00:00:00:00:06 15    585  [37,12,2,1,8,30]  
# h00:00:00:00:00:0d -> h00:00:00:00:00:07
   00:00:00:00:00:0d    00:00:00:00:00:07 0    439  [37,11,1,7,31]     00:00:00:00:00:0d    00:00:00:00:00:07 1    439  [37,11,1,8,31]     00:00:00:00:00:0d    00:00:00:00:00:07 2    439  [37,11,2,7,31]     00:00:00:00:00:0d    00:00:00:00:00:07 3    439  [37,11,2,8,31]     00:00:00:00:00:0d    00:00:00:00:00:07 4    439  [37,12,1,7,31]     00:00:00:00:00:0d    00:00:00:00:00:07 5    439  [37,12,1,8,31]     00:00:00:00:00:0d    00:00:00:00:00:07 6    439  [37,12,2,7,31]     00:00:00:00:00:0d    00:00:00:00:00:07 7    439  [37,12,2,8,31]     00:00:00:00:00:0d    00:00:00:00:00:07 8    585  [37,11,1,2,7,31]     00:00:00:00:00:0d    00:00:00:00:00:07 9    585  [37,11,1,2,8,31]     00:00:00:00:00:0d    00:00:00:00:00:07 10    585  [37,11,2,1,7,31]     00:00:00:00:00:0d    00:00:00:00:00:07 11    585  [37,11,2,1,8,31]     00:00:00:00:00:0d    00:00:00:00:00:07 12    585  [37,12,1,2,7,31]     00:00:00:00:00:0d    00:00:00:00:00:07 13    585  [37,12,1,2,8,31]     00:00:00:00:00:0d    00:00:00:00:00:07 14    585  [37,12,2,1,7,31]     00:00:00:00:00:0d    00:00:00:00:00:07 15    585  [37,12,2,1,8,31]  
# h00:00:00:00:00:0d -> h00:00:00:00:00:1b
   00:00:00:00:00:0d    00:00:00:00:00:1b 0    585  [37,11,1,3,15,24]     00:00:00:00:00:0d    00:00:00:00:00:1b 1    585  [37,11,1,3,16,24]     00:00:00:00:00:0d    00:00:00:00:00:1b 2    585  [37,11,1,4,15,24]     00:00:00:00:00:0d    00:00:00:00:00:1b 3    585  [37,11,1,4,16,24]     00:00:00:00:00:0d    00:00:00:00:00:1b 4    585  [37,11,2,3,15,24]     00:00:00:00:00:0d    00:00:00:00:00:1b 5    585  [37,11,2,3,16,24]     00:00:00:00:00:0d    00:00:00:00:00:1b 6    585  [37,11,2,4,15,24]     00:00:00:00:00:0d    00:00:00:00:00:1b 7    585  [37,11,2,4,16,24]     00:00:00:00:00:0d    00:00:00:00:00:1b 8    585  [37,12,1,3,15,24]     00:00:00:00:00:0d    00:00:00:00:00:1b 9    585  [37,12,1,3,16,24]     00:00:00:00:00:0d    00:00:00:00:00:1b 10    585  [37,12,1,4,15,24]     00:00:00:00:00:0d    00:00:00:00:00:1b 11    585  [37,12,1,4,16,24]     00:00:00:00:00:0d    00:00:00:00:00:1b 12    585  [37,12,2,3,15,24]     00:00:00:00:00:0d    00:00:00:00:00:1b 13    585  [37,12,2,3,16,24]     00:00:00:00:00:0d    00:00:00:00:00:1b 14    585  [37,12,2,4,15,24]     00:00:00:00:00:0d    00:00:00:00:00:1b 15    585  [37,12,2,4,16,24]  
# h00:00:00:00:00:0d -> h00:00:00:00:00:17
   00:00:00:00:00:0d    00:00:00:00:00:17 0    585  [37,11,1,3,13,20]     00:00:00:00:00:0d    00:00:00:00:00:17 1    585  [37,11,1,3,14,20]     00:00:00:00:00:0d    00:00:00:00:00:17 2    585  [37,11,1,4,13,20]     00:00:00:00:00:0d    00:00:00:00:00:17 3    585  [37,11,1,4,14,20]     00:00:00:00:00:0d    00:00:00:00:00:17 4    585  [37,11,2,3,13,20]     00:00:00:00:00:0d    00:00:00:00:00:17 5    585  [37,11,2,3,14,20]     00:00:00:00:00:0d    00:00:00:00:00:17 6    585  [37,11,2,4,13,20]     00:00:00:00:00:0d    00:00:00:00:00:17 7    585  [37,11,2,4,14,20]     00:00:00:00:00:0d    00:00:00:00:00:17 8    585  [37,12,1,3,13,20]     00:00:00:00:00:0d    00:00:00:00:00:17 9    585  [37,12,1,3,14,20]     00:00:00:00:00:0d    00:00:00:00:00:17 10    585  [37,12,1,4,13,20]     00:00:00:00:00:0d    00:00:00:00:00:17 11    585  [37,12,1,4,14,20]     00:00:00:00:00:0d    00:00:00:00:00:17 12    585  [37,12,2,3,13,20]     00:00:00:00:00:0d    00:00:00:00:00:17 13    585  [37,12,2,3,14,20]     00:00:00:00:00:0d    00:00:00:00:00:17 14    585  [37,12,2,4,13,20]     00:00:00:00:00:0d    00:00:00:00:00:17 15    585  [37,12,2,4,14,20]  
# h00:00:00:00:00:0d -> h00:00:00:00:00:09
   00:00:00:00:00:0d    00:00:00:00:00:09 0    439  [37,11,1,9,33]     00:00:00:00:00:0d    00:00:00:00:00:09 1    439  [37,11,1,10,33]     00:00:00:00:00:0d    00:00:00:00:00:09 2    439  [37,11,2,9,33]     00:00:00:00:00:0d    00:00:00:00:00:09 3    439  [37,11,2,10,33]     00:00:00:00:00:0d    00:00:00:00:00:09 4    439  [37,12,1,9,33]     00:00:00:00:00:0d    00:00:00:00:00:09 5    439  [37,12,1,10,33]     00:00:00:00:00:0d    00:00:00:00:00:09 6    439  [37,12,2,9,33]     00:00:00:00:00:0d    00:00:00:00:00:09 7    439  [37,12,2,10,33]     00:00:00:00:00:0d    00:00:00:00:00:09 8    585  [37,11,1,2,9,33]     00:00:00:00:00:0d    00:00:00:00:00:09 9    585  [37,11,1,2,10,33]     00:00:00:00:00:0d    00:00:00:00:00:09 10    585  [37,11,2,1,9,33]     00:00:00:00:00:0d    00:00:00:00:00:09 11    585  [37,11,2,1,10,33]     00:00:00:00:00:0d    00:00:00:00:00:09 12    585  [37,12,1,2,9,33]     00:00:00:00:00:0d    00:00:00:00:00:09 13    585  [37,12,1,2,10,33]     00:00:00:00:00:0d    00:00:00:00:00:09 14    585  [37,12,2,1,9,33]     00:00:00:00:00:0d    00:00:00:00:00:09 15    585  [37,12,2,1,10,33]  
# h00:00:00:00:00:0d -> h00:00:00:00:00:05
   00:00:00:00:00:0d    00:00:00:00:00:05 0    439  [37,11,1,7,29]     00:00:00:00:00:0d    00:00:00:00:00:05 1    439  [37,11,1,8,29]     00:00:00:00:00:0d    00:00:00:00:00:05 2    439  [37,11,2,7,29]     00:00:00:00:00:0d    00:00:00:00:00:05 3    439  [37,11,2,8,29]     00:00:00:00:00:0d    00:00:00:00:00:05 4    439  [37,12,1,7,29]     00:00:00:00:00:0d    00:00:00:00:00:05 5    439  [37,12,1,8,29]     00:00:00:00:00:0d    00:00:00:00:00:05 6    439  [37,12,2,7,29]     00:00:00:00:00:0d    00:00:00:00:00:05 7    439  [37,12,2,8,29]     00:00:00:00:00:0d    00:00:00:00:00:05 8    585  [37,11,1,2,7,29]     00:00:00:00:00:0d    00:00:00:00:00:05 9    585  [37,11,1,2,8,29]     00:00:00:00:00:0d    00:00:00:00:00:05 10    585  [37,11,2,1,7,29]     00:00:00:00:00:0d    00:00:00:00:00:05 11    585  [37,11,2,1,8,29]     00:00:00:00:00:0d    00:00:00:00:00:05 12    585  [37,12,1,2,7,29]     00:00:00:00:00:0d    00:00:00:00:00:05 13    585  [37,12,1,2,8,29]     00:00:00:00:00:0d    00:00:00:00:00:05 14    585  [37,12,2,1,7,29]     00:00:00:00:00:0d    00:00:00:00:00:05 15    585  [37,12,2,1,8,29]  
# h00:00:00:00:00:0d -> h00:00:00:00:00:08
   00:00:00:00:00:0d    00:00:00:00:00:08 0    439  [37,11,1,7,32]     00:00:00:00:00:0d    00:00:00:00:00:08 1    439  [37,11,1,8,32]     00:00:00:00:00:0d    00:00:00:00:00:08 2    439  [37,11,2,7,32]     00:00:00:00:00:0d    00:00:00:00:00:08 3    439  [37,11,2,8,32]     00:00:00:00:00:0d    00:00:00:00:00:08 4    439  [37,12,1,7,32]     00:00:00:00:00:0d    00:00:00:00:00:08 5    439  [37,12,1,8,32]     00:00:00:00:00:0d    00:00:00:00:00:08 6    439  [37,12,2,7,32]     00:00:00:00:00:0d    00:00:00:00:00:08 7    439  [37,12,2,8,32]     00:00:00:00:00:0d    00:00:00:00:00:08 8    585  [37,11,1,2,7,32]     00:00:00:00:00:0d    00:00:00:00:00:08 9    585  [37,11,1,2,8,32]     00:00:00:00:00:0d    00:00:00:00:00:08 10    585  [37,11,2,1,7,32]     00:00:00:00:00:0d    00:00:00:00:00:08 11    585  [37,11,2,1,8,32]     00:00:00:00:00:0d    00:00:00:00:00:08 12    585  [37,12,1,2,7,32]     00:00:00:00:00:0d    00:00:00:00:00:08 13    585  [37,12,1,2,8,32]     00:00:00:00:00:0d    00:00:00:00:00:08 14    585  [37,12,2,1,7,32]     00:00:00:00:00:0d    00:00:00:00:00:08 15    585  [37,12,2,1,8,32]  
# h00:00:00:00:00:0d -> h00:00:00:00:00:04
   00:00:00:00:00:0d    00:00:00:00:00:04 0    439  [37,11,1,5,28]     00:00:00:00:00:0d    00:00:00:00:00:04 1    439  [37,11,1,6,28]     00:00:00:00:00:0d    00:00:00:00:00:04 2    439  [37,11,2,5,28]     00:00:00:00:00:0d    00:00:00:00:00:04 3    439  [37,11,2,6,28]     00:00:00:00:00:0d    00:00:00:00:00:04 4    439  [37,12,1,5,28]     00:00:00:00:00:0d    00:00:00:00:00:04 5    439  [37,12,1,6,28]     00:00:00:00:00:0d    00:00:00:00:00:04 6    439  [37,12,2,5,28]     00:00:00:00:00:0d    00:00:00:00:00:04 7    439  [37,12,2,6,28]     00:00:00:00:00:0d    00:00:00:00:00:04 8    585  [37,11,1,2,5,28]     00:00:00:00:00:0d    00:00:00:00:00:04 9    585  [37,11,1,2,6,28]     00:00:00:00:00:0d    00:00:00:00:00:04 10    585  [37,11,2,1,5,28]     00:00:00:00:00:0d    00:00:00:00:00:04 11    585  [37,11,2,1,6,28]     00:00:00:00:00:0d    00:00:00:00:00:04 12    585  [37,12,1,2,5,28]     00:00:00:00:00:0d    00:00:00:00:00:04 13    585  [37,12,1,2,6,28]     00:00:00:00:00:0d    00:00:00:00:00:04 14    585  [37,12,2,1,5,28]     00:00:00:00:00:0d    00:00:00:00:00:04 15    585  [37,12,2,1,6,28]  
# h00:00:00:00:00:0d -> h00:00:00:00:00:1a
   00:00:00:00:00:0d    00:00:00:00:00:1a 0    585  [37,11,1,3,15,23]     00:00:00:00:00:0d    00:00:00:00:00:1a 1    585  [37,11,1,3,16,23]     00:00:00:00:00:0d    00:00:00:00:00:1a 2    585  [37,11,1,4,15,23]     00:00:00:00:00:0d    00:00:00:00:00:1a 3    585  [37,11,1,4,16,23]     00:00:00:00:00:0d    00:00:00:00:00:1a 4    585  [37,11,2,3,15,23]     00:00:00:00:00:0d    00:00:00:00:00:1a 5    585  [37,11,2,3,16,23]     00:00:00:00:00:0d    00:00:00:00:00:1a 6    585  [37,11,2,4,15,23]     00:00:00:00:00:0d    00:00:00:00:00:1a 7    585  [37,11,2,4,16,23]     00:00:00:00:00:0d    00:00:00:00:00:1a 8    585  [37,12,1,3,15,23]     00:00:00:00:00:0d    00:00:00:00:00:1a 9    585  [37,12,1,3,16,23]     00:00:00:00:00:0d    00:00:00:00:00:1a 10    585  [37,12,1,4,15,23]     00:00:00:00:00:0d    00:00:00:00:00:1a 11    585  [37,12,1,4,16,23]     00:00:00:00:00:0d    00:00:00:00:00:1a 12    585  [37,12,2,3,15,23]     00:00:00:00:00:0d    00:00:00:00:00:1a 13    585  [37,12,2,3,16,23]     00:00:00:00:00:0d    00:00:00:00:00:1a 14    585  [37,12,2,4,15,23]     00:00:00:00:00:0d    00:00:00:00:00:1a 15    585  [37,12,2,4,16,23]  
# h00:00:00:00:00:0d -> h00:00:00:00:00:10
   00:00:00:00:00:0d    00:00:00:00:00:10 0    146  [37,11,40]     00:00:00:00:00:0d    00:00:00:00:00:10 1    146  [37,12,40]     00:00:00:00:00:0d    00:00:00:00:00:10 2    439  [37,11,1,12,40]     00:00:00:00:00:0d    00:00:00:00:00:10 3    439  [37,11,2,12,40]     00:00:00:00:00:0d    00:00:00:00:00:10 4    439  [37,11,38,12,40]     00:00:00:00:00:0d    00:00:00:00:00:10 5    439  [37,11,39,12,40]     00:00:00:00:00:0d    00:00:00:00:00:10 6    439  [37,12,1,11,40]     00:00:00:00:00:0d    00:00:00:00:00:10 7    439  [37,12,2,11,40]     00:00:00:00:00:0d    00:00:00:00:00:10 8    439  [37,12,38,11,40]     00:00:00:00:00:0d    00:00:00:00:00:10 9    439  [37,12,39,11,40]     00:00:00:00:00:0d    00:00:00:00:00:10 10    585  [37,11,1,2,12,40]     00:00:00:00:00:0d    00:00:00:00:00:10 11    585  [37,11,2,1,12,40]     00:00:00:00:00:0d    00:00:00:00:00:10 12    585  [37,12,1,2,11,40]     00:00:00:00:00:0d    00:00:00:00:00:10 13    585  [37,12,2,1,11,40]     00:00:00:00:00:0d    00:00:00:00:00:10 14    731  [37,11,1,3,2,12,40]     00:00:00:00:00:0d    00:00:00:00:00:10 15    731  [37,11,1,4,2,12,40]  
# h00:00:00:00:00:0d -> h00:00:00:00:00:18
   00:00:00:00:00:0d    00:00:00:00:00:18 0    585  [37,11,1,3,13,21]     00:00:00:00:00:0d    00:00:00:00:00:18 1    585  [37,11,1,3,14,21]     00:00:00:00:00:0d    00:00:00:00:00:18 2    585  [37,11,1,4,13,21]     00:00:00:00:00:0d    00:00:00:00:00:18 3    585  [37,11,1,4,14,21]     00:00:00:00:00:0d    00:00:00:00:00:18 4    585  [37,11,2,3,13,21]     00:00:00:00:00:0d    00:00:00:00:00:18 5    585  [37,11,2,3,14,21]     00:00:00:00:00:0d    00:00:00:00:00:18 6    585  [37,11,2,4,13,21]     00:00:00:00:00:0d    00:00:00:00:00:18 7    585  [37,11,2,4,14,21]     00:00:00:00:00:0d    00:00:00:00:00:18 8    585  [37,12,1,3,13,21]     00:00:00:00:00:0d    00:00:00:00:00:18 9    585  [37,12,1,3,14,21]     00:00:00:00:00:0d    00:00:00:00:00:18 10    585  [37,12,1,4,13,21]     00:00:00:00:00:0d    00:00:00:00:00:18 11    585  [37,12,1,4,14,21]     00:00:00:00:00:0d    00:00:00:00:00:18 12    585  [37,12,2,3,13,21]     00:00:00:00:00:0d    00:00:00:00:00:18 13    585  [37,12,2,3,14,21]     00:00:00:00:00:0d    00:00:00:00:00:18 14    585  [37,12,2,4,13,21]     00:00:00:00:00:0d    00:00:00:00:00:18 15    585  [37,12,2,4,14,21]  
# h00:00:00:00:00:0d -> h00:00:00:00:00:19
   00:00:00:00:00:0d    00:00:00:00:00:19 0    585  [37,11,1,3,15,22]     00:00:00:00:00:0d    00:00:00:00:00:19 1    585  [37,11,1,3,16,22]     00:00:00:00:00:0d    00:00:00:00:00:19 2    585  [37,11,1,4,15,22]     00:00:00:00:00:0d    00:00:00:00:00:19 3    585  [37,11,1,4,16,22]     00:00:00:00:00:0d    00:00:00:00:00:19 4    585  [37,11,2,3,15,22]     00:00:00:00:00:0d    00:00:00:00:00:19 5    585  [37,11,2,3,16,22]     00:00:00:00:00:0d    00:00:00:00:00:19 6    585  [37,11,2,4,15,22]     00:00:00:00:00:0d    00:00:00:00:00:19 7    585  [37,11,2,4,16,22]     00:00:00:00:00:0d    00:00:00:00:00:19 8    585  [37,12,1,3,15,22]     00:00:00:00:00:0d    00:00:00:00:00:19 9    585  [37,12,1,3,16,22]     00:00:00:00:00:0d    00:00:00:00:00:19 10    585  [37,12,1,4,15,22]     00:00:00:00:00:0d    00:00:00:00:00:19 11    585  [37,12,1,4,16,22]     00:00:00:00:00:0d    00:00:00:00:00:19 12    585  [37,12,2,3,15,22]     00:00:00:00:00:0d    00:00:00:00:00:19 13    585  [37,12,2,3,16,22]     00:00:00:00:00:0d    00:00:00:00:00:19 14    585  [37,12,2,4,15,22]     00:00:00:00:00:0d    00:00:00:00:00:19 15    585  [37,12,2,4,16,22]  
# h00:00:00:00:00:0d -> h00:00:00:00:00:0e
   00:00:00:00:00:0d    00:00:00:00:00:0e 0    146  [37,11,38]     00:00:00:00:00:0d    00:00:00:00:00:0e 1    146  [37,12,38]     00:00:00:00:00:0d    00:00:00:00:00:0e 2    439  [37,11,1,12,38]     00:00:00:00:00:0d    00:00:00:00:00:0e 3    439  [37,11,2,12,38]     00:00:00:00:00:0d    00:00:00:00:00:0e 4    439  [37,11,39,12,38]     00:00:00:00:00:0d    00:00:00:00:00:0e 5    439  [37,11,40,12,38]     00:00:00:00:00:0d    00:00:00:00:00:0e 6    439  [37,12,1,11,38]     00:00:00:00:00:0d    00:00:00:00:00:0e 7    439  [37,12,2,11,38]     00:00:00:00:00:0d    00:00:00:00:00:0e 8    439  [37,12,39,11,38]     00:00:00:00:00:0d    00:00:00:00:00:0e 9    439  [37,12,40,11,38]     00:00:00:00:00:0d    00:00:00:00:00:0e 10    585  [37,11,1,2,12,38]     00:00:00:00:00:0d    00:00:00:00:00:0e 11    585  [37,11,2,1,12,38]     00:00:00:00:00:0d    00:00:00:00:00:0e 12    585  [37,12,1,2,11,38]     00:00:00:00:00:0d    00:00:00:00:00:0e 13    585  [37,12,2,1,11,38]     00:00:00:00:00:0d    00:00:00:00:00:0e 14    731  [37,11,1,3,2,12,38]     00:00:00:00:00:0d    00:00:00:00:00:0e 15    731  [37,11,1,4,2,12,38]  
# h00:00:00:00:00:0d -> h00:00:00:00:00:01
   00:00:00:00:00:0d    00:00:00:00:00:01 0    439  [37,11,1,5,25]     00:00:00:00:00:0d    00:00:00:00:00:01 1    439  [37,11,1,6,25]     00:00:00:00:00:0d    00:00:00:00:00:01 2    439  [37,11,2,5,25]     00:00:00:00:00:0d    00:00:00:00:00:01 3    439  [37,11,2,6,25]     00:00:00:00:00:0d    00:00:00:00:00:01 4    439  [37,12,1,5,25]     00:00:00:00:00:0d    00:00:00:00:00:01 5    439  [37,12,1,6,25]     00:00:00:00:00:0d    00:00:00:00:00:01 6    439  [37,12,2,5,25]     00:00:00:00:00:0d    00:00:00:00:00:01 7    439  [37,12,2,6,25]     00:00:00:00:00:0d    00:00:00:00:00:01 8    585  [37,11,1,2,5,25]     00:00:00:00:00:0d    00:00:00:00:00:01 9    585  [37,11,1,2,6,25]     00:00:00:00:00:0d    00:00:00:00:00:01 10    585  [37,11,2,1,5,25]     00:00:00:00:00:0d    00:00:00:00:00:01 11    585  [37,11,2,1,6,25]     00:00:00:00:00:0d    00:00:00:00:00:01 12    585  [37,12,1,2,5,25]     00:00:00:00:00:0d    00:00:00:00:00:01 13    585  [37,12,1,2,6,25]     00:00:00:00:00:0d    00:00:00:00:00:01 14    585  [37,12,2,1,5,25]     00:00:00:00:00:0d    00:00:00:00:00:01 15    585  [37,12,2,1,6,25]  
# h00:00:00:00:00:0d -> h00:00:00:00:00:14
   00:00:00:00:00:0d    00:00:00:00:00:14 0    585  [37,11,1,3,17,44]     00:00:00:00:00:0d    00:00:00:00:00:14 1    585  [37,11,1,3,18,44]     00:00:00:00:00:0d    00:00:00:00:00:14 2    585  [37,11,1,4,17,44]     00:00:00:00:00:0d    00:00:00:00:00:14 3    585  [37,11,1,4,18,44]     00:00:00:00:00:0d    00:00:00:00:00:14 4    585  [37,11,2,3,17,44]     00:00:00:00:00:0d    00:00:00:00:00:14 5    585  [37,11,2,3,18,44]     00:00:00:00:00:0d    00:00:00:00:00:14 6    585  [37,11,2,4,17,44]     00:00:00:00:00:0d    00:00:00:00:00:14 7    585  [37,11,2,4,18,44]     00:00:00:00:00:0d    00:00:00:00:00:14 8    585  [37,12,1,3,17,44]     00:00:00:00:00:0d    00:00:00:00:00:14 9    585  [37,12,1,3,18,44]     00:00:00:00:00:0d    00:00:00:00:00:14 10    585  [37,12,1,4,17,44]     00:00:00:00:00:0d    00:00:00:00:00:14 11    585  [37,12,1,4,18,44]     00:00:00:00:00:0d    00:00:00:00:00:14 12    585  [37,12,2,3,17,44]     00:00:00:00:00:0d    00:00:00:00:00:14 13    585  [37,12,2,3,18,44]     00:00:00:00:00:0d    00:00:00:00:00:14 14    585  [37,12,2,4,17,44]     00:00:00:00:00:0d    00:00:00:00:00:14 15    585  [37,12,2,4,18,44]  
# h00:00:00:00:00:0d -> h00:00:00:00:00:0b
   00:00:00:00:00:0d    00:00:00:00:00:0b 0    439  [37,11,1,9,35]     00:00:00:00:00:0d    00:00:00:00:00:0b 1    439  [37,11,1,10,35]     00:00:00:00:00:0d    00:00:00:00:00:0b 2    439  [37,11,2,9,35]     00:00:00:00:00:0d    00:00:00:00:00:0b 3    439  [37,11,2,10,35]     00:00:00:00:00:0d    00:00:00:00:00:0b 4    439  [37,12,1,9,35]     00:00:00:00:00:0d    00:00:00:00:00:0b 5    439  [37,12,1,10,35]     00:00:00:00:00:0d    00:00:00:00:00:0b 6    439  [37,12,2,9,35]     00:00:00:00:00:0d    00:00:00:00:00:0b 7    439  [37,12,2,10,35]     00:00:00:00:00:0d    00:00:00:00:00:0b 8    585  [37,11,1,2,9,35]     00:00:00:00:00:0d    00:00:00:00:00:0b 9    585  [37,11,1,2,10,35]     00:00:00:00:00:0d    00:00:00:00:00:0b 10    585  [37,11,2,1,9,35]     00:00:00:00:00:0d    00:00:00:00:00:0b 11    585  [37,11,2,1,10,35]     00:00:00:00:00:0d    00:00:00:00:00:0b 12    585  [37,12,1,2,9,35]     00:00:00:00:00:0d    00:00:00:00:00:0b 13    585  [37,12,1,2,10,35]     00:00:00:00:00:0d    00:00:00:00:00:0b 14    585  [37,12,2,1,9,35]     00:00:00:00:00:0d    00:00:00:00:00:0b 15    585  [37,12,2,1,10,35]  
# h00:00:00:00:00:0d -> h00:00:00:00:00:0a
   00:00:00:00:00:0d    00:00:00:00:00:0a 0    439  [37,11,1,9,34]     00:00:00:00:00:0d    00:00:00:00:00:0a 1    439  [37,11,1,10,34]     00:00:00:00:00:0d    00:00:00:00:00:0a 2    439  [37,11,2,9,34]     00:00:00:00:00:0d    00:00:00:00:00:0a 3    439  [37,11,2,10,34]     00:00:00:00:00:0d    00:00:00:00:00:0a 4    439  [37,12,1,9,34]     00:00:00:00:00:0d    00:00:00:00:00:0a 5    439  [37,12,1,10,34]     00:00:00:00:00:0d    00:00:00:00:00:0a 6    439  [37,12,2,9,34]     00:00:00:00:00:0d    00:00:00:00:00:0a 7    439  [37,12,2,10,34]     00:00:00:00:00:0d    00:00:00:00:00:0a 8    585  [37,11,1,2,9,34]     00:00:00:00:00:0d    00:00:00:00:00:0a 9    585  [37,11,1,2,10,34]     00:00:00:00:00:0d    00:00:00:00:00:0a 10    585  [37,11,2,1,9,34]     00:00:00:00:00:0d    00:00:00:00:00:0a 11    585  [37,11,2,1,10,34]     00:00:00:00:00:0d    00:00:00:00:00:0a 12    585  [37,12,1,2,9,34]     00:00:00:00:00:0d    00:00:00:00:00:0a 13    585  [37,12,1,2,10,34]     00:00:00:00:00:0d    00:00:00:00:00:0a 14    585  [37,12,2,1,9,34]     00:00:00:00:00:0d    00:00:00:00:00:0a 15    585  [37,12,2,1,10,34]  
# h00:00:00:00:00:0d -> h00:00:00:00:00:0c
   00:00:00:00:00:0d    00:00:00:00:00:0c 0    439  [37,11,1,9,36]     00:00:00:00:00:0d    00:00:00:00:00:0c 1    439  [37,11,1,10,36]     00:00:00:00:00:0d    00:00:00:00:00:0c 2    439  [37,11,2,9,36]     00:00:00:00:00:0d    00:00:00:00:00:0c 3    439  [37,11,2,10,36]     00:00:00:00:00:0d    00:00:00:00:00:0c 4    439  [37,12,1,9,36]     00:00:00:00:00:0d    00:00:00:00:00:0c 5    439  [37,12,1,10,36]     00:00:00:00:00:0d    00:00:00:00:00:0c 6    439  [37,12,2,9,36]     00:00:00:00:00:0d    00:00:00:00:00:0c 7    439  [37,12,2,10,36]     00:00:00:00:00:0d    00:00:00:00:00:0c 8    585  [37,11,1,2,9,36]     00:00:00:00:00:0d    00:00:00:00:00:0c 9    585  [37,11,1,2,10,36]     00:00:00:00:00:0d    00:00:00:00:00:0c 10    585  [37,11,2,1,9,36]     00:00:00:00:00:0d    00:00:00:00:00:0c 11    585  [37,11,2,1,10,36]     00:00:00:00:00:0d    00:00:00:00:00:0c 12    585  [37,12,1,2,9,36]     00:00:00:00:00:0d    00:00:00:00:00:0c 13    585  [37,12,1,2,10,36]     00:00:00:00:00:0d    00:00:00:00:00:0c 14    585  [37,12,2,1,9,36]     00:00:00:00:00:0d    00:00:00:00:00:0c 15    585  [37,12,2,1,10,36]  
# h00:00:00:00:00:0d -> h00:00:00:00:00:03
   00:00:00:00:00:0d    00:00:00:00:00:03 0    439  [37,11,1,5,27]     00:00:00:00:00:0d    00:00:00:00:00:03 1    439  [37,11,1,6,27]     00:00:00:00:00:0d    00:00:00:00:00:03 2    439  [37,11,2,5,27]     00:00:00:00:00:0d    00:00:00:00:00:03 3    439  [37,11,2,6,27]     00:00:00:00:00:0d    00:00:00:00:00:03 4    439  [37,12,1,5,27]     00:00:00:00:00:0d    00:00:00:00:00:03 5    439  [37,12,1,6,27]     00:00:00:00:00:0d    00:00:00:00:00:03 6    439  [37,12,2,5,27]     00:00:00:00:00:0d    00:00:00:00:00:03 7    439  [37,12,2,6,27]     00:00:00:00:00:0d    00:00:00:00:00:03 8    585  [37,11,1,2,5,27]     00:00:00:00:00:0d    00:00:00:00:00:03 9    585  [37,11,1,2,6,27]     00:00:00:00:00:0d    00:00:00:00:00:03 10    585  [37,11,2,1,5,27]     00:00:00:00:00:0d    00:00:00:00:00:03 11    585  [37,11,2,1,6,27]     00:00:00:00:00:0d    00:00:00:00:00:03 12    585  [37,12,1,2,5,27]     00:00:00:00:00:0d    00:00:00:00:00:03 13    585  [37,12,1,2,6,27]     00:00:00:00:00:0d    00:00:00:00:00:03 14    585  [37,12,2,1,5,27]     00:00:00:00:00:0d    00:00:00:00:00:03 15    585  [37,12,2,1,6,27]  
# h00:00:00:00:00:0d -> h00:00:00:00:00:11
   00:00:00:00:00:0d    00:00:00:00:00:11 0    585  [37,11,1,3,17,41]     00:00:00:00:00:0d    00:00:00:00:00:11 1    585  [37,11,1,3,18,41]     00:00:00:00:00:0d    00:00:00:00:00:11 2    585  [37,11,1,4,17,41]     00:00:00:00:00:0d    00:00:00:00:00:11 3    585  [37,11,1,4,18,41]     00:00:00:00:00:0d    00:00:00:00:00:11 4    585  [37,11,2,3,17,41]     00:00:00:00:00:0d    00:00:00:00:00:11 5    585  [37,11,2,3,18,41]     00:00:00:00:00:0d    00:00:00:00:00:11 6    585  [37,11,2,4,17,41]     00:00:00:00:00:0d    00:00:00:00:00:11 7    585  [37,11,2,4,18,41]     00:00:00:00:00:0d    00:00:00:00:00:11 8    585  [37,12,1,3,17,41]     00:00:00:00:00:0d    00:00:00:00:00:11 9    585  [37,12,1,3,18,41]     00:00:00:00:00:0d    00:00:00:00:00:11 10    585  [37,12,1,4,17,41]     00:00:00:00:00:0d    00:00:00:00:00:11 11    585  [37,12,1,4,18,41]     00:00:00:00:00:0d    00:00:00:00:00:11 12    585  [37,12,2,3,17,41]     00:00:00:00:00:0d    00:00:00:00:00:11 13    585  [37,12,2,3,18,41]     00:00:00:00:00:0d    00:00:00:00:00:11 14    585  [37,12,2,4,17,41]     00:00:00:00:00:0d    00:00:00:00:00:11 15    585  [37,12,2,4,18,41]  
# h00:00:00:00:00:0d -> h00:00:00:00:00:02
   00:00:00:00:00:0d    00:00:00:00:00:02 0    439  [37,11,1,5,26]     00:00:00:00:00:0d    00:00:00:00:00:02 1    439  [37,11,1,6,26]     00:00:00:00:00:0d    00:00:00:00:00:02 2    439  [37,11,2,5,26]     00:00:00:00:00:0d    00:00:00:00:00:02 3    439  [37,11,2,6,26]     00:00:00:00:00:0d    00:00:00:00:00:02 4    439  [37,12,1,5,26]     00:00:00:00:00:0d    00:00:00:00:00:02 5    439  [37,12,1,6,26]     00:00:00:00:00:0d    00:00:00:00:00:02 6    439  [37,12,2,5,26]     00:00:00:00:00:0d    00:00:00:00:00:02 7    439  [37,12,2,6,26]     00:00:00:00:00:0d    00:00:00:00:00:02 8    585  [37,11,1,2,5,26]     00:00:00:00:00:0d    00:00:00:00:00:02 9    585  [37,11,1,2,6,26]     00:00:00:00:00:0d    00:00:00:00:00:02 10    585  [37,11,2,1,5,26]     00:00:00:00:00:0d    00:00:00:00:00:02 11    585  [37,11,2,1,6,26]     00:00:00:00:00:0d    00:00:00:00:00:02 12    585  [37,12,1,2,5,26]     00:00:00:00:00:0d    00:00:00:00:00:02 13    585  [37,12,1,2,6,26]     00:00:00:00:00:0d    00:00:00:00:00:02 14    585  [37,12,2,1,5,26]     00:00:00:00:00:0d    00:00:00:00:00:02 15    585  [37,12,2,1,6,26]  
# h00:00:00:00:00:0d -> h00:00:00:00:00:0f
   00:00:00:00:00:0d    00:00:00:00:00:0f 0    146  [37,11,39]     00:00:00:00:00:0d    00:00:00:00:00:0f 1    146  [37,12,39]     00:00:00:00:00:0d    00:00:00:00:00:0f 2    439  [37,11,1,12,39]     00:00:00:00:00:0d    00:00:00:00:00:0f 3    439  [37,11,2,12,39]     00:00:00:00:00:0d    00:00:00:00:00:0f 4    439  [37,11,38,12,39]     00:00:00:00:00:0d    00:00:00:00:00:0f 5    439  [37,11,40,12,39]     00:00:00:00:00:0d    00:00:00:00:00:0f 6    439  [37,12,1,11,39]     00:00:00:00:00:0d    00:00:00:00:00:0f 7    439  [37,12,2,11,39]     00:00:00:00:00:0d    00:00:00:00:00:0f 8    439  [37,12,38,11,39]     00:00:00:00:00:0d    00:00:00:00:00:0f 9    439  [37,12,40,11,39]     00:00:00:00:00:0d    00:00:00:00:00:0f 10    585  [37,11,1,2,12,39]     00:00:00:00:00:0d    00:00:00:00:00:0f 11    585  [37,11,2,1,12,39]     00:00:00:00:00:0d    00:00:00:00:00:0f 12    585  [37,12,1,2,11,39]     00:00:00:00:00:0d    00:00:00:00:00:0f 13    585  [37,12,2,1,11,39]     00:00:00:00:00:0d    00:00:00:00:00:0f 14    731  [37,11,1,3,2,12,39]     00:00:00:00:00:0d    00:00:00:00:00:0f 15    731  [37,11,1,4,2,12,39]  
# h00:00:00:00:00:0d -> h00:00:00:00:00:12
   00:00:00:00:00:0d    00:00:00:00:00:12 0    585  [37,11,1,3,17,42]     00:00:00:00:00:0d    00:00:00:00:00:12 1    585  [37,11,1,3,18,42]     00:00:00:00:00:0d    00:00:00:00:00:12 2    585  [37,11,1,4,17,42]     00:00:00:00:00:0d    00:00:00:00:00:12 3    585  [37,11,1,4,18,42]     00:00:00:00:00:0d    00:00:00:00:00:12 4    585  [37,11,2,3,17,42]     00:00:00:00:00:0d    00:00:00:00:00:12 5    585  [37,11,2,3,18,42]     00:00:00:00:00:0d    00:00:00:00:00:12 6    585  [37,11,2,4,17,42]     00:00:00:00:00:0d    00:00:00:00:00:12 7    585  [37,11,2,4,18,42]     00:00:00:00:00:0d    00:00:00:00:00:12 8    585  [37,12,1,3,17,42]     00:00:00:00:00:0d    00:00:00:00:00:12 9    585  [37,12,1,3,18,42]     00:00:00:00:00:0d    00:00:00:00:00:12 10    585  [37,12,1,4,17,42]     00:00:00:00:00:0d    00:00:00:00:00:12 11    585  [37,12,1,4,18,42]     00:00:00:00:00:0d    00:00:00:00:00:12 12    585  [37,12,2,3,17,42]     00:00:00:00:00:0d    00:00:00:00:00:12 13    585  [37,12,2,3,18,42]     00:00:00:00:00:0d    00:00:00:00:00:12 14    585  [37,12,2,4,17,42]     00:00:00:00:00:0d    00:00:00:00:00:12 15    585  [37,12,2,4,18,42]  
# h00:00:00:00:00:0d -> h00:00:00:00:00:15
   00:00:00:00:00:0d    00:00:00:00:00:15 0    585  [37,11,1,3,17,45]     00:00:00:00:00:0d    00:00:00:00:00:15 1    585  [37,11,1,3,18,45]     00:00:00:00:00:0d    00:00:00:00:00:15 2    585  [37,11,1,4,17,45]     00:00:00:00:00:0d    00:00:00:00:00:15 3    585  [37,11,1,4,18,45]     00:00:00:00:00:0d    00:00:00:00:00:15 4    585  [37,11,2,3,17,45]     00:00:00:00:00:0d    00:00:00:00:00:15 5    585  [37,11,2,3,18,45]     00:00:00:00:00:0d    00:00:00:00:00:15 6    585  [37,11,2,4,17,45]     00:00:00:00:00:0d    00:00:00:00:00:15 7    585  [37,11,2,4,18,45]     00:00:00:00:00:0d    00:00:00:00:00:15 8    585  [37,12,1,3,17,45]     00:00:00:00:00:0d    00:00:00:00:00:15 9    585  [37,12,1,3,18,45]     00:00:00:00:00:0d    00:00:00:00:00:15 10    585  [37,12,1,4,17,45]     00:00:00:00:00:0d    00:00:00:00:00:15 11    585  [37,12,1,4,18,45]     00:00:00:00:00:0d    00:00:00:00:00:15 12    585  [37,12,2,3,17,45]     00:00:00:00:00:0d    00:00:00:00:00:15 13    585  [37,12,2,3,18,45]     00:00:00:00:00:0d    00:00:00:00:00:15 14    585  [37,12,2,4,17,45]     00:00:00:00:00:0d    00:00:00:00:00:15 15    585  [37,12,2,4,18,45]  
# h00:00:00:00:00:0d -> h00:00:00:00:00:13
   00:00:00:00:00:0d    00:00:00:00:00:13 0    585  [37,11,1,3,17,43]     00:00:00:00:00:0d    00:00:00:00:00:13 1    585  [37,11,1,3,18,43]     00:00:00:00:00:0d    00:00:00:00:00:13 2    585  [37,11,1,4,17,43]     00:00:00:00:00:0d    00:00:00:00:00:13 3    585  [37,11,1,4,18,43]     00:00:00:00:00:0d    00:00:00:00:00:13 4    585  [37,11,2,3,17,43]     00:00:00:00:00:0d    00:00:00:00:00:13 5    585  [37,11,2,3,18,43]     00:00:00:00:00:0d    00:00:00:00:00:13 6    585  [37,11,2,4,17,43]     00:00:00:00:00:0d    00:00:00:00:00:13 7    585  [37,11,2,4,18,43]     00:00:00:00:00:0d    00:00:00:00:00:13 8    585  [37,12,1,3,17,43]     00:00:00:00:00:0d    00:00:00:00:00:13 9    585  [37,12,1,3,18,43]     00:00:00:00:00:0d    00:00:00:00:00:13 10    585  [37,12,1,4,17,43]     00:00:00:00:00:0d    00:00:00:00:00:13 11    585  [37,12,1,4,18,43]     00:00:00:00:00:0d    00:00:00:00:00:13 12    585  [37,12,2,3,17,43]     00:00:00:00:00:0d    00:00:00:00:00:13 13    585  [37,12,2,3,18,43]     00:00:00:00:00:0d    00:00:00:00:00:13 14    585  [37,12,2,4,17,43]     00:00:00:00:00:0d    00:00:00:00:00:13 15    585  [37,12,2,4,18,43]  
# h00:00:00:00:00:03 -> h00:00:00:00:00:16
   00:00:00:00:00:03    00:00:00:00:00:16 0    585  [27,5,1,3,13,19]     00:00:00:00:00:03    00:00:00:00:00:16 1    585  [27,5,1,3,14,19]     00:00:00:00:00:03    00:00:00:00:00:16 2    585  [27,5,1,4,13,19]     00:00:00:00:00:03    00:00:00:00:00:16 3    585  [27,5,1,4,14,19]     00:00:00:00:00:03    00:00:00:00:00:16 4    585  [27,5,2,3,13,19]     00:00:00:00:00:03    00:00:00:00:00:16 5    585  [27,5,2,3,14,19]     00:00:00:00:00:03    00:00:00:00:00:16 6    585  [27,5,2,4,13,19]     00:00:00:00:00:03    00:00:00:00:00:16 7    585  [27,5,2,4,14,19]     00:00:00:00:00:03    00:00:00:00:00:16 8    585  [27,6,1,3,13,19]     00:00:00:00:00:03    00:00:00:00:00:16 9    585  [27,6,1,3,14,19]     00:00:00:00:00:03    00:00:00:00:00:16 10    585  [27,6,1,4,13,19]     00:00:00:00:00:03    00:00:00:00:00:16 11    585  [27,6,1,4,14,19]     00:00:00:00:00:03    00:00:00:00:00:16 12    585  [27,6,2,3,13,19]     00:00:00:00:00:03    00:00:00:00:00:16 13    585  [27,6,2,3,14,19]     00:00:00:00:00:03    00:00:00:00:00:16 14    585  [27,6,2,4,13,19]     00:00:00:00:00:03    00:00:00:00:00:16 15    585  [27,6,2,4,14,19]  
# h00:00:00:00:00:03 -> h00:00:00:00:00:06
   00:00:00:00:00:03    00:00:00:00:00:06 0    439  [27,5,1,7,30]     00:00:00:00:00:03    00:00:00:00:00:06 1    439  [27,5,1,8,30]     00:00:00:00:00:03    00:00:00:00:00:06 2    439  [27,5,2,7,30]     00:00:00:00:00:03    00:00:00:00:00:06 3    439  [27,5,2,8,30]     00:00:00:00:00:03    00:00:00:00:00:06 4    439  [27,6,1,7,30]     00:00:00:00:00:03    00:00:00:00:00:06 5    439  [27,6,1,8,30]     00:00:00:00:00:03    00:00:00:00:00:06 6    439  [27,6,2,7,30]     00:00:00:00:00:03    00:00:00:00:00:06 7    439  [27,6,2,8,30]     00:00:00:00:00:03    00:00:00:00:00:06 8    585  [27,5,1,2,7,30]     00:00:00:00:00:03    00:00:00:00:00:06 9    585  [27,5,1,2,8,30]     00:00:00:00:00:03    00:00:00:00:00:06 10    585  [27,5,2,1,7,30]     00:00:00:00:00:03    00:00:00:00:00:06 11    585  [27,5,2,1,8,30]     00:00:00:00:00:03    00:00:00:00:00:06 12    585  [27,6,1,2,7,30]     00:00:00:00:00:03    00:00:00:00:00:06 13    585  [27,6,1,2,8,30]     00:00:00:00:00:03    00:00:00:00:00:06 14    585  [27,6,2,1,7,30]     00:00:00:00:00:03    00:00:00:00:00:06 15    585  [27,6,2,1,8,30]  
# h00:00:00:00:00:03 -> h00:00:00:00:00:07
   00:00:00:00:00:03    00:00:00:00:00:07 0    439  [27,5,1,7,31]     00:00:00:00:00:03    00:00:00:00:00:07 1    439  [27,5,1,8,31]     00:00:00:00:00:03    00:00:00:00:00:07 2    439  [27,5,2,7,31]     00:00:00:00:00:03    00:00:00:00:00:07 3    439  [27,5,2,8,31]     00:00:00:00:00:03    00:00:00:00:00:07 4    439  [27,6,1,7,31]     00:00:00:00:00:03    00:00:00:00:00:07 5    439  [27,6,1,8,31]     00:00:00:00:00:03    00:00:00:00:00:07 6    439  [27,6,2,7,31]     00:00:00:00:00:03    00:00:00:00:00:07 7    439  [27,6,2,8,31]     00:00:00:00:00:03    00:00:00:00:00:07 8    585  [27,5,1,2,7,31]     00:00:00:00:00:03    00:00:00:00:00:07 9    585  [27,5,1,2,8,31]     00:00:00:00:00:03    00:00:00:00:00:07 10    585  [27,5,2,1,7,31]     00:00:00:00:00:03    00:00:00:00:00:07 11    585  [27,5,2,1,8,31]     00:00:00:00:00:03    00:00:00:00:00:07 12    585  [27,6,1,2,7,31]     00:00:00:00:00:03    00:00:00:00:00:07 13    585  [27,6,1,2,8,31]     00:00:00:00:00:03    00:00:00:00:00:07 14    585  [27,6,2,1,7,31]     00:00:00:00:00:03    00:00:00:00:00:07 15    585  [27,6,2,1,8,31]  
# h00:00:00:00:00:03 -> h00:00:00:00:00:1b
   00:00:00:00:00:03    00:00:00:00:00:1b 0    585  [27,5,1,3,15,24]     00:00:00:00:00:03    00:00:00:00:00:1b 1    585  [27,5,1,3,16,24]     00:00:00:00:00:03    00:00:00:00:00:1b 2    585  [27,5,1,4,15,24]     00:00:00:00:00:03    00:00:00:00:00:1b 3    585  [27,5,1,4,16,24]     00:00:00:00:00:03    00:00:00:00:00:1b 4    585  [27,5,2,3,15,24]     00:00:00:00:00:03    00:00:00:00:00:1b 5    585  [27,5,2,3,16,24]     00:00:00:00:00:03    00:00:00:00:00:1b 6    585  [27,5,2,4,15,24]     00:00:00:00:00:03    00:00:00:00:00:1b 7    585  [27,5,2,4,16,24]     00:00:00:00:00:03    00:00:00:00:00:1b 8    585  [27,6,1,3,15,24]     00:00:00:00:00:03    00:00:00:00:00:1b 9    585  [27,6,1,3,16,24]     00:00:00:00:00:03    00:00:00:00:00:1b 10    585  [27,6,1,4,15,24]     00:00:00:00:00:03    00:00:00:00:00:1b 11    585  [27,6,1,4,16,24]     00:00:00:00:00:03    00:00:00:00:00:1b 12    585  [27,6,2,3,15,24]     00:00:00:00:00:03    00:00:00:00:00:1b 13    585  [27,6,2,3,16,24]     00:00:00:00:00:03    00:00:00:00:00:1b 14    585  [27,6,2,4,15,24]     00:00:00:00:00:03    00:00:00:00:00:1b 15    585  [27,6,2,4,16,24]  
# h00:00:00:00:00:03 -> h00:00:00:00:00:17
   00:00:00:00:00:03    00:00:00:00:00:17 0    585  [27,5,1,3,13,20]     00:00:00:00:00:03    00:00:00:00:00:17 1    585  [27,5,1,3,14,20]     00:00:00:00:00:03    00:00:00:00:00:17 2    585  [27,5,1,4,13,20]     00:00:00:00:00:03    00:00:00:00:00:17 3    585  [27,5,1,4,14,20]     00:00:00:00:00:03    00:00:00:00:00:17 4    585  [27,5,2,3,13,20]     00:00:00:00:00:03    00:00:00:00:00:17 5    585  [27,5,2,3,14,20]     00:00:00:00:00:03    00:00:00:00:00:17 6    585  [27,5,2,4,13,20]     00:00:00:00:00:03    00:00:00:00:00:17 7    585  [27,5,2,4,14,20]     00:00:00:00:00:03    00:00:00:00:00:17 8    585  [27,6,1,3,13,20]     00:00:00:00:00:03    00:00:00:00:00:17 9    585  [27,6,1,3,14,20]     00:00:00:00:00:03    00:00:00:00:00:17 10    585  [27,6,1,4,13,20]     00:00:00:00:00:03    00:00:00:00:00:17 11    585  [27,6,1,4,14,20]     00:00:00:00:00:03    00:00:00:00:00:17 12    585  [27,6,2,3,13,20]     00:00:00:00:00:03    00:00:00:00:00:17 13    585  [27,6,2,3,14,20]     00:00:00:00:00:03    00:00:00:00:00:17 14    585  [27,6,2,4,13,20]     00:00:00:00:00:03    00:00:00:00:00:17 15    585  [27,6,2,4,14,20]  
# h00:00:00:00:00:03 -> h00:00:00:00:00:09
   00:00:00:00:00:03    00:00:00:00:00:09 0    439  [27,5,1,9,33]     00:00:00:00:00:03    00:00:00:00:00:09 1    439  [27,5,1,10,33]     00:00:00:00:00:03    00:00:00:00:00:09 2    439  [27,5,2,9,33]     00:00:00:00:00:03    00:00:00:00:00:09 3    439  [27,5,2,10,33]     00:00:00:00:00:03    00:00:00:00:00:09 4    439  [27,6,1,9,33]     00:00:00:00:00:03    00:00:00:00:00:09 5    439  [27,6,1,10,33]     00:00:00:00:00:03    00:00:00:00:00:09 6    439  [27,6,2,9,33]     00:00:00:00:00:03    00:00:00:00:00:09 7    439  [27,6,2,10,33]     00:00:00:00:00:03    00:00:00:00:00:09 8    585  [27,5,1,2,9,33]     00:00:00:00:00:03    00:00:00:00:00:09 9    585  [27,5,1,2,10,33]     00:00:00:00:00:03    00:00:00:00:00:09 10    585  [27,5,2,1,9,33]     00:00:00:00:00:03    00:00:00:00:00:09 11    585  [27,5,2,1,10,33]     00:00:00:00:00:03    00:00:00:00:00:09 12    585  [27,6,1,2,9,33]     00:00:00:00:00:03    00:00:00:00:00:09 13    585  [27,6,1,2,10,33]     00:00:00:00:00:03    00:00:00:00:00:09 14    585  [27,6,2,1,9,33]     00:00:00:00:00:03    00:00:00:00:00:09 15    585  [27,6,2,1,10,33]  
# h00:00:00:00:00:03 -> h00:00:00:00:00:05
   00:00:00:00:00:03    00:00:00:00:00:05 0    439  [27,5,1,7,29]     00:00:00:00:00:03    00:00:00:00:00:05 1    439  [27,5,1,8,29]     00:00:00:00:00:03    00:00:00:00:00:05 2    439  [27,5,2,7,29]     00:00:00:00:00:03    00:00:00:00:00:05 3    439  [27,5,2,8,29]     00:00:00:00:00:03    00:00:00:00:00:05 4    439  [27,6,1,7,29]     00:00:00:00:00:03    00:00:00:00:00:05 5    439  [27,6,1,8,29]     00:00:00:00:00:03    00:00:00:00:00:05 6    439  [27,6,2,7,29]     00:00:00:00:00:03    00:00:00:00:00:05 7    439  [27,6,2,8,29]     00:00:00:00:00:03    00:00:00:00:00:05 8    585  [27,5,1,2,7,29]     00:00:00:00:00:03    00:00:00:00:00:05 9    585  [27,5,1,2,8,29]     00:00:00:00:00:03    00:00:00:00:00:05 10    585  [27,5,2,1,7,29]     00:00:00:00:00:03    00:00:00:00:00:05 11    585  [27,5,2,1,8,29]     00:00:00:00:00:03    00:00:00:00:00:05 12    585  [27,6,1,2,7,29]     00:00:00:00:00:03    00:00:00:00:00:05 13    585  [27,6,1,2,8,29]     00:00:00:00:00:03    00:00:00:00:00:05 14    585  [27,6,2,1,7,29]     00:00:00:00:00:03    00:00:00:00:00:05 15    585  [27,6,2,1,8,29]  
# h00:00:00:00:00:03 -> h00:00:00:00:00:08
   00:00:00:00:00:03    00:00:00:00:00:08 0    439  [27,5,1,7,32]     00:00:00:00:00:03    00:00:00:00:00:08 1    439  [27,5,1,8,32]     00:00:00:00:00:03    00:00:00:00:00:08 2    439  [27,5,2,7,32]     00:00:00:00:00:03    00:00:00:00:00:08 3    439  [27,5,2,8,32]     00:00:00:00:00:03    00:00:00:00:00:08 4    439  [27,6,1,7,32]     00:00:00:00:00:03    00:00:00:00:00:08 5    439  [27,6,1,8,32]     00:00:00:00:00:03    00:00:00:00:00:08 6    439  [27,6,2,7,32]     00:00:00:00:00:03    00:00:00:00:00:08 7    439  [27,6,2,8,32]     00:00:00:00:00:03    00:00:00:00:00:08 8    585  [27,5,1,2,7,32]     00:00:00:00:00:03    00:00:00:00:00:08 9    585  [27,5,1,2,8,32]     00:00:00:00:00:03    00:00:00:00:00:08 10    585  [27,5,2,1,7,32]     00:00:00:00:00:03    00:00:00:00:00:08 11    585  [27,5,2,1,8,32]     00:00:00:00:00:03    00:00:00:00:00:08 12    585  [27,6,1,2,7,32]     00:00:00:00:00:03    00:00:00:00:00:08 13    585  [27,6,1,2,8,32]     00:00:00:00:00:03    00:00:00:00:00:08 14    585  [27,6,2,1,7,32]     00:00:00:00:00:03    00:00:00:00:00:08 15    585  [27,6,2,1,8,32]  
# h00:00:00:00:00:03 -> h00:00:00:00:00:04
   00:00:00:00:00:03    00:00:00:00:00:04 0    146  [27,5,28]     00:00:00:00:00:03    00:00:00:00:00:04 1    146  [27,6,28]     00:00:00:00:00:03    00:00:00:00:00:04 2    439  [27,5,1,6,28]     00:00:00:00:00:03    00:00:00:00:00:04 3    439  [27,5,2,6,28]     00:00:00:00:00:03    00:00:00:00:00:04 4    439  [27,5,25,6,28]     00:00:00:00:00:03    00:00:00:00:00:04 5    439  [27,5,26,6,28]     00:00:00:00:00:03    00:00:00:00:00:04 6    439  [27,6,1,5,28]     00:00:00:00:00:03    00:00:00:00:00:04 7    439  [27,6,2,5,28]     00:00:00:00:00:03    00:00:00:00:00:04 8    439  [27,6,25,5,28]     00:00:00:00:00:03    00:00:00:00:00:04 9    439  [27,6,26,5,28]     00:00:00:00:00:03    00:00:00:00:00:04 10    585  [27,5,1,2,6,28]     00:00:00:00:00:03    00:00:00:00:00:04 11    585  [27,5,2,1,6,28]     00:00:00:00:00:03    00:00:00:00:00:04 12    585  [27,6,1,2,5,28]     00:00:00:00:00:03    00:00:00:00:00:04 13    585  [27,6,2,1,5,28]     00:00:00:00:00:03    00:00:00:00:00:04 14    731  [27,5,1,3,2,6,28]     00:00:00:00:00:03    00:00:00:00:00:04 15    731  [27,5,1,4,2,6,28]  
# h00:00:00:00:00:03 -> h00:00:00:00:00:1a
   00:00:00:00:00:03    00:00:00:00:00:1a 0    585  [27,5,1,3,15,23]     00:00:00:00:00:03    00:00:00:00:00:1a 1    585  [27,5,1,3,16,23]     00:00:00:00:00:03    00:00:00:00:00:1a 2    585  [27,5,1,4,15,23]     00:00:00:00:00:03    00:00:00:00:00:1a 3    585  [27,5,1,4,16,23]     00:00:00:00:00:03    00:00:00:00:00:1a 4    585  [27,5,2,3,15,23]     00:00:00:00:00:03    00:00:00:00:00:1a 5    585  [27,5,2,3,16,23]     00:00:00:00:00:03    00:00:00:00:00:1a 6    585  [27,5,2,4,15,23]     00:00:00:00:00:03    00:00:00:00:00:1a 7    585  [27,5,2,4,16,23]     00:00:00:00:00:03    00:00:00:00:00:1a 8    585  [27,6,1,3,15,23]     00:00:00:00:00:03    00:00:00:00:00:1a 9    585  [27,6,1,3,16,23]     00:00:00:00:00:03    00:00:00:00:00:1a 10    585  [27,6,1,4,15,23]     00:00:00:00:00:03    00:00:00:00:00:1a 11    585  [27,6,1,4,16,23]     00:00:00:00:00:03    00:00:00:00:00:1a 12    585  [27,6,2,3,15,23]     00:00:00:00:00:03    00:00:00:00:00:1a 13    585  [27,6,2,3,16,23]     00:00:00:00:00:03    00:00:00:00:00:1a 14    585  [27,6,2,4,15,23]     00:00:00:00:00:03    00:00:00:00:00:1a 15    585  [27,6,2,4,16,23]  
# h00:00:00:00:00:03 -> h00:00:00:00:00:10
   00:00:00:00:00:03    00:00:00:00:00:10 0    439  [27,5,1,11,40]     00:00:00:00:00:03    00:00:00:00:00:10 1    439  [27,5,1,12,40]     00:00:00:00:00:03    00:00:00:00:00:10 2    439  [27,5,2,11,40]     00:00:00:00:00:03    00:00:00:00:00:10 3    439  [27,5,2,12,40]     00:00:00:00:00:03    00:00:00:00:00:10 4    439  [27,6,1,11,40]     00:00:00:00:00:03    00:00:00:00:00:10 5    439  [27,6,1,12,40]     00:00:00:00:00:03    00:00:00:00:00:10 6    439  [27,6,2,11,40]     00:00:00:00:00:03    00:00:00:00:00:10 7    439  [27,6,2,12,40]     00:00:00:00:00:03    00:00:00:00:00:10 8    585  [27,5,1,2,11,40]     00:00:00:00:00:03    00:00:00:00:00:10 9    585  [27,5,1,2,12,40]     00:00:00:00:00:03    00:00:00:00:00:10 10    585  [27,5,2,1,11,40]     00:00:00:00:00:03    00:00:00:00:00:10 11    585  [27,5,2,1,12,40]     00:00:00:00:00:03    00:00:00:00:00:10 12    585  [27,6,1,2,11,40]     00:00:00:00:00:03    00:00:00:00:00:10 13    585  [27,6,1,2,12,40]     00:00:00:00:00:03    00:00:00:00:00:10 14    585  [27,6,2,1,11,40]     00:00:00:00:00:03    00:00:00:00:00:10 15    585  [27,6,2,1,12,40]  
# h00:00:00:00:00:03 -> h00:00:00:00:00:18
   00:00:00:00:00:03    00:00:00:00:00:18 0    585  [27,5,1,3,13,21]     00:00:00:00:00:03    00:00:00:00:00:18 1    585  [27,5,1,3,14,21]     00:00:00:00:00:03    00:00:00:00:00:18 2    585  [27,5,1,4,13,21]     00:00:00:00:00:03    00:00:00:00:00:18 3    585  [27,5,1,4,14,21]     00:00:00:00:00:03    00:00:00:00:00:18 4    585  [27,5,2,3,13,21]     00:00:00:00:00:03    00:00:00:00:00:18 5    585  [27,5,2,3,14,21]     00:00:00:00:00:03    00:00:00:00:00:18 6    585  [27,5,2,4,13,21]     00:00:00:00:00:03    00:00:00:00:00:18 7    585  [27,5,2,4,14,21]     00:00:00:00:00:03    00:00:00:00:00:18 8    585  [27,6,1,3,13,21]     00:00:00:00:00:03    00:00:00:00:00:18 9    585  [27,6,1,3,14,21]     00:00:00:00:00:03    00:00:00:00:00:18 10    585  [27,6,1,4,13,21]     00:00:00:00:00:03    00:00:00:00:00:18 11    585  [27,6,1,4,14,21]     00:00:00:00:00:03    00:00:00:00:00:18 12    585  [27,6,2,3,13,21]     00:00:00:00:00:03    00:00:00:00:00:18 13    585  [27,6,2,3,14,21]     00:00:00:00:00:03    00:00:00:00:00:18 14    585  [27,6,2,4,13,21]     00:00:00:00:00:03    00:00:00:00:00:18 15    585  [27,6,2,4,14,21]  
# h00:00:00:00:00:03 -> h00:00:00:00:00:19
   00:00:00:00:00:03    00:00:00:00:00:19 0    585  [27,5,1,3,15,22]     00:00:00:00:00:03    00:00:00:00:00:19 1    585  [27,5,1,3,16,22]     00:00:00:00:00:03    00:00:00:00:00:19 2    585  [27,5,1,4,15,22]     00:00:00:00:00:03    00:00:00:00:00:19 3    585  [27,5,1,4,16,22]     00:00:00:00:00:03    00:00:00:00:00:19 4    585  [27,5,2,3,15,22]     00:00:00:00:00:03    00:00:00:00:00:19 5    585  [27,5,2,3,16,22]     00:00:00:00:00:03    00:00:00:00:00:19 6    585  [27,5,2,4,15,22]     00:00:00:00:00:03    00:00:00:00:00:19 7    585  [27,5,2,4,16,22]     00:00:00:00:00:03    00:00:00:00:00:19 8    585  [27,6,1,3,15,22]     00:00:00:00:00:03    00:00:00:00:00:19 9    585  [27,6,1,3,16,22]     00:00:00:00:00:03    00:00:00:00:00:19 10    585  [27,6,1,4,15,22]     00:00:00:00:00:03    00:00:00:00:00:19 11    585  [27,6,1,4,16,22]     00:00:00:00:00:03    00:00:00:00:00:19 12    585  [27,6,2,3,15,22]     00:00:00:00:00:03    00:00:00:00:00:19 13    585  [27,6,2,3,16,22]     00:00:00:00:00:03    00:00:00:00:00:19 14    585  [27,6,2,4,15,22]     00:00:00:00:00:03    00:00:00:00:00:19 15    585  [27,6,2,4,16,22]  
# h00:00:00:00:00:03 -> h00:00:00:00:00:0e
   00:00:00:00:00:03    00:00:00:00:00:0e 0    439  [27,5,1,11,38]     00:00:00:00:00:03    00:00:00:00:00:0e 1    439  [27,5,1,12,38]     00:00:00:00:00:03    00:00:00:00:00:0e 2    439  [27,5,2,11,38]     00:00:00:00:00:03    00:00:00:00:00:0e 3    439  [27,5,2,12,38]     00:00:00:00:00:03    00:00:00:00:00:0e 4    439  [27,6,1,11,38]     00:00:00:00:00:03    00:00:00:00:00:0e 5    439  [27,6,1,12,38]     00:00:00:00:00:03    00:00:00:00:00:0e 6    439  [27,6,2,11,38]     00:00:00:00:00:03    00:00:00:00:00:0e 7    439  [27,6,2,12,38]     00:00:00:00:00:03    00:00:00:00:00:0e 8    585  [27,5,1,2,11,38]     00:00:00:00:00:03    00:00:00:00:00:0e 9    585  [27,5,1,2,12,38]     00:00:00:00:00:03    00:00:00:00:00:0e 10    585  [27,5,2,1,11,38]     00:00:00:00:00:03    00:00:00:00:00:0e 11    585  [27,5,2,1,12,38]     00:00:00:00:00:03    00:00:00:00:00:0e 12    585  [27,6,1,2,11,38]     00:00:00:00:00:03    00:00:00:00:00:0e 13    585  [27,6,1,2,12,38]     00:00:00:00:00:03    00:00:00:00:00:0e 14    585  [27,6,2,1,11,38]     00:00:00:00:00:03    00:00:00:00:00:0e 15    585  [27,6,2,1,12,38]  
# h00:00:00:00:00:03 -> h00:00:00:00:00:01
   00:00:00:00:00:03    00:00:00:00:00:01 0    146  [27,5,25]     00:00:00:00:00:03    00:00:00:00:00:01 1    146  [27,6,25]     00:00:00:00:00:03    00:00:00:00:00:01 2    439  [27,5,1,6,25]     00:00:00:00:00:03    00:00:00:00:00:01 3    439  [27,5,2,6,25]     00:00:00:00:00:03    00:00:00:00:00:01 4    439  [27,5,26,6,25]     00:00:00:00:00:03    00:00:00:00:00:01 5    439  [27,5,28,6,25]     00:00:00:00:00:03    00:00:00:00:00:01 6    439  [27,6,1,5,25]     00:00:00:00:00:03    00:00:00:00:00:01 7    439  [27,6,2,5,25]     00:00:00:00:00:03    00:00:00:00:00:01 8    439  [27,6,26,5,25]     00:00:00:00:00:03    00:00:00:00:00:01 9    439  [27,6,28,5,25]     00:00:00:00:00:03    00:00:00:00:00:01 10    585  [27,5,1,2,6,25]     00:00:00:00:00:03    00:00:00:00:00:01 11    585  [27,5,2,1,6,25]     00:00:00:00:00:03    00:00:00:00:00:01 12    585  [27,6,1,2,5,25]     00:00:00:00:00:03    00:00:00:00:00:01 13    585  [27,6,2,1,5,25]     00:00:00:00:00:03    00:00:00:00:00:01 14    731  [27,5,1,3,2,6,25]     00:00:00:00:00:03    00:00:00:00:00:01 15    731  [27,5,1,4,2,6,25]  
# h00:00:00:00:00:03 -> h00:00:00:00:00:14
   00:00:00:00:00:03    00:00:00:00:00:14 0    585  [27,5,1,3,17,44]     00:00:00:00:00:03    00:00:00:00:00:14 1    585  [27,5,1,3,18,44]     00:00:00:00:00:03    00:00:00:00:00:14 2    585  [27,5,1,4,17,44]     00:00:00:00:00:03    00:00:00:00:00:14 3    585  [27,5,1,4,18,44]     00:00:00:00:00:03    00:00:00:00:00:14 4    585  [27,5,2,3,17,44]     00:00:00:00:00:03    00:00:00:00:00:14 5    585  [27,5,2,3,18,44]     00:00:00:00:00:03    00:00:00:00:00:14 6    585  [27,5,2,4,17,44]     00:00:00:00:00:03    00:00:00:00:00:14 7    585  [27,5,2,4,18,44]     00:00:00:00:00:03    00:00:00:00:00:14 8    585  [27,6,1,3,17,44]     00:00:00:00:00:03    00:00:00:00:00:14 9    585  [27,6,1,3,18,44]     00:00:00:00:00:03    00:00:00:00:00:14 10    585  [27,6,1,4,17,44]     00:00:00:00:00:03    00:00:00:00:00:14 11    585  [27,6,1,4,18,44]     00:00:00:00:00:03    00:00:00:00:00:14 12    585  [27,6,2,3,17,44]     00:00:00:00:00:03    00:00:00:00:00:14 13    585  [27,6,2,3,18,44]     00:00:00:00:00:03    00:00:00:00:00:14 14    585  [27,6,2,4,17,44]     00:00:00:00:00:03    00:00:00:00:00:14 15    585  [27,6,2,4,18,44]  
# h00:00:00:00:00:03 -> h00:00:00:00:00:0b
   00:00:00:00:00:03    00:00:00:00:00:0b 0    439  [27,5,1,9,35]     00:00:00:00:00:03    00:00:00:00:00:0b 1    439  [27,5,1,10,35]     00:00:00:00:00:03    00:00:00:00:00:0b 2    439  [27,5,2,9,35]     00:00:00:00:00:03    00:00:00:00:00:0b 3    439  [27,5,2,10,35]     00:00:00:00:00:03    00:00:00:00:00:0b 4    439  [27,6,1,9,35]     00:00:00:00:00:03    00:00:00:00:00:0b 5    439  [27,6,1,10,35]     00:00:00:00:00:03    00:00:00:00:00:0b 6    439  [27,6,2,9,35]     00:00:00:00:00:03    00:00:00:00:00:0b 7    439  [27,6,2,10,35]     00:00:00:00:00:03    00:00:00:00:00:0b 8    585  [27,5,1,2,9,35]     00:00:00:00:00:03    00:00:00:00:00:0b 9    585  [27,5,1,2,10,35]     00:00:00:00:00:03    00:00:00:00:00:0b 10    585  [27,5,2,1,9,35]     00:00:00:00:00:03    00:00:00:00:00:0b 11    585  [27,5,2,1,10,35]     00:00:00:00:00:03    00:00:00:00:00:0b 12    585  [27,6,1,2,9,35]     00:00:00:00:00:03    00:00:00:00:00:0b 13    585  [27,6,1,2,10,35]     00:00:00:00:00:03    00:00:00:00:00:0b 14    585  [27,6,2,1,9,35]     00:00:00:00:00:03    00:00:00:00:00:0b 15    585  [27,6,2,1,10,35]  
# h00:00:00:00:00:03 -> h00:00:00:00:00:0a
   00:00:00:00:00:03    00:00:00:00:00:0a 0    439  [27,5,1,9,34]     00:00:00:00:00:03    00:00:00:00:00:0a 1    439  [27,5,1,10,34]     00:00:00:00:00:03    00:00:00:00:00:0a 2    439  [27,5,2,9,34]     00:00:00:00:00:03    00:00:00:00:00:0a 3    439  [27,5,2,10,34]     00:00:00:00:00:03    00:00:00:00:00:0a 4    439  [27,6,1,9,34]     00:00:00:00:00:03    00:00:00:00:00:0a 5    439  [27,6,1,10,34]     00:00:00:00:00:03    00:00:00:00:00:0a 6    439  [27,6,2,9,34]     00:00:00:00:00:03    00:00:00:00:00:0a 7    439  [27,6,2,10,34]     00:00:00:00:00:03    00:00:00:00:00:0a 8    585  [27,5,1,2,9,34]     00:00:00:00:00:03    00:00:00:00:00:0a 9    585  [27,5,1,2,10,34]     00:00:00:00:00:03    00:00:00:00:00:0a 10    585  [27,5,2,1,9,34]     00:00:00:00:00:03    00:00:00:00:00:0a 11    585  [27,5,2,1,10,34]     00:00:00:00:00:03    00:00:00:00:00:0a 12    585  [27,6,1,2,9,34]     00:00:00:00:00:03    00:00:00:00:00:0a 13    585  [27,6,1,2,10,34]     00:00:00:00:00:03    00:00:00:00:00:0a 14    585  [27,6,2,1,9,34]     00:00:00:00:00:03    00:00:00:00:00:0a 15    585  [27,6,2,1,10,34]  
# h00:00:00:00:00:03 -> h00:00:00:00:00:0c
   00:00:00:00:00:03    00:00:00:00:00:0c 0    439  [27,5,1,9,36]     00:00:00:00:00:03    00:00:00:00:00:0c 1    439  [27,5,1,10,36]     00:00:00:00:00:03    00:00:00:00:00:0c 2    439  [27,5,2,9,36]     00:00:00:00:00:03    00:00:00:00:00:0c 3    439  [27,5,2,10,36]     00:00:00:00:00:03    00:00:00:00:00:0c 4    439  [27,6,1,9,36]     00:00:00:00:00:03    00:00:00:00:00:0c 5    439  [27,6,1,10,36]     00:00:00:00:00:03    00:00:00:00:00:0c 6    439  [27,6,2,9,36]     00:00:00:00:00:03    00:00:00:00:00:0c 7    439  [27,6,2,10,36]     00:00:00:00:00:03    00:00:00:00:00:0c 8    585  [27,5,1,2,9,36]     00:00:00:00:00:03    00:00:00:00:00:0c 9    585  [27,5,1,2,10,36]     00:00:00:00:00:03    00:00:00:00:00:0c 10    585  [27,5,2,1,9,36]     00:00:00:00:00:03    00:00:00:00:00:0c 11    585  [27,5,2,1,10,36]     00:00:00:00:00:03    00:00:00:00:00:0c 12    585  [27,6,1,2,9,36]     00:00:00:00:00:03    00:00:00:00:00:0c 13    585  [27,6,1,2,10,36]     00:00:00:00:00:03    00:00:00:00:00:0c 14    585  [27,6,2,1,9,36]     00:00:00:00:00:03    00:00:00:00:00:0c 15    585  [27,6,2,1,10,36]  
# h00:00:00:00:00:03 -> h00:00:00:00:00:0d
   00:00:00:00:00:03    00:00:00:00:00:0d 0    439  [27,5,1,11,37]     00:00:00:00:00:03    00:00:00:00:00:0d 1    439  [27,5,1,12,37]     00:00:00:00:00:03    00:00:00:00:00:0d 2    439  [27,5,2,11,37]     00:00:00:00:00:03    00:00:00:00:00:0d 3    439  [27,5,2,12,37]     00:00:00:00:00:03    00:00:00:00:00:0d 4    439  [27,6,1,11,37]     00:00:00:00:00:03    00:00:00:00:00:0d 5    439  [27,6,1,12,37]     00:00:00:00:00:03    00:00:00:00:00:0d 6    439  [27,6,2,11,37]     00:00:00:00:00:03    00:00:00:00:00:0d 7    439  [27,6,2,12,37]     00:00:00:00:00:03    00:00:00:00:00:0d 8    585  [27,5,1,2,11,37]     00:00:00:00:00:03    00:00:00:00:00:0d 9    585  [27,5,1,2,12,37]     00:00:00:00:00:03    00:00:00:00:00:0d 10    585  [27,5,2,1,11,37]     00:00:00:00:00:03    00:00:00:00:00:0d 11    585  [27,5,2,1,12,37]     00:00:00:00:00:03    00:00:00:00:00:0d 12    585  [27,6,1,2,11,37]     00:00:00:00:00:03    00:00:00:00:00:0d 13    585  [27,6,1,2,12,37]     00:00:00:00:00:03    00:00:00:00:00:0d 14    585  [27,6,2,1,11,37]     00:00:00:00:00:03    00:00:00:00:00:0d 15    585  [27,6,2,1,12,37]  
# h00:00:00:00:00:03 -> h00:00:00:00:00:11
   00:00:00:00:00:03    00:00:00:00:00:11 0    585  [27,5,1,3,17,41]     00:00:00:00:00:03    00:00:00:00:00:11 1    585  [27,5,1,3,18,41]     00:00:00:00:00:03    00:00:00:00:00:11 2    585  [27,5,1,4,17,41]     00:00:00:00:00:03    00:00:00:00:00:11 3    585  [27,5,1,4,18,41]     00:00:00:00:00:03    00:00:00:00:00:11 4    585  [27,5,2,3,17,41]     00:00:00:00:00:03    00:00:00:00:00:11 5    585  [27,5,2,3,18,41]     00:00:00:00:00:03    00:00:00:00:00:11 6    585  [27,5,2,4,17,41]     00:00:00:00:00:03    00:00:00:00:00:11 7    585  [27,5,2,4,18,41]     00:00:00:00:00:03    00:00:00:00:00:11 8    585  [27,6,1,3,17,41]     00:00:00:00:00:03    00:00:00:00:00:11 9    585  [27,6,1,3,18,41]     00:00:00:00:00:03    00:00:00:00:00:11 10    585  [27,6,1,4,17,41]     00:00:00:00:00:03    00:00:00:00:00:11 11    585  [27,6,1,4,18,41]     00:00:00:00:00:03    00:00:00:00:00:11 12    585  [27,6,2,3,17,41]     00:00:00:00:00:03    00:00:00:00:00:11 13    585  [27,6,2,3,18,41]     00:00:00:00:00:03    00:00:00:00:00:11 14    585  [27,6,2,4,17,41]     00:00:00:00:00:03    00:00:00:00:00:11 15    585  [27,6,2,4,18,41]  
# h00:00:00:00:00:03 -> h00:00:00:00:00:02
   00:00:00:00:00:03    00:00:00:00:00:02 0    146  [27,5,26]     00:00:00:00:00:03    00:00:00:00:00:02 1    146  [27,6,26]     00:00:00:00:00:03    00:00:00:00:00:02 2    439  [27,5,1,6,26]     00:00:00:00:00:03    00:00:00:00:00:02 3    439  [27,5,2,6,26]     00:00:00:00:00:03    00:00:00:00:00:02 4    439  [27,5,25,6,26]     00:00:00:00:00:03    00:00:00:00:00:02 5    439  [27,5,28,6,26]     00:00:00:00:00:03    00:00:00:00:00:02 6    439  [27,6,1,5,26]     00:00:00:00:00:03    00:00:00:00:00:02 7    439  [27,6,2,5,26]     00:00:00:00:00:03    00:00:00:00:00:02 8    439  [27,6,25,5,26]     00:00:00:00:00:03    00:00:00:00:00:02 9    439  [27,6,28,5,26]     00:00:00:00:00:03    00:00:00:00:00:02 10    585  [27,5,1,2,6,26]     00:00:00:00:00:03    00:00:00:00:00:02 11    585  [27,5,2,1,6,26]     00:00:00:00:00:03    00:00:00:00:00:02 12    585  [27,6,1,2,5,26]     00:00:00:00:00:03    00:00:00:00:00:02 13    585  [27,6,2,1,5,26]     00:00:00:00:00:03    00:00:00:00:00:02 14    731  [27,5,1,3,2,6,26]     00:00:00:00:00:03    00:00:00:00:00:02 15    731  [27,5,1,4,2,6,26]  
# h00:00:00:00:00:03 -> h00:00:00:00:00:0f
   00:00:00:00:00:03    00:00:00:00:00:0f 0    439  [27,5,1,11,39]     00:00:00:00:00:03    00:00:00:00:00:0f 1    439  [27,5,1,12,39]     00:00:00:00:00:03    00:00:00:00:00:0f 2    439  [27,5,2,11,39]     00:00:00:00:00:03    00:00:00:00:00:0f 3    439  [27,5,2,12,39]     00:00:00:00:00:03    00:00:00:00:00:0f 4    439  [27,6,1,11,39]     00:00:00:00:00:03    00:00:00:00:00:0f 5    439  [27,6,1,12,39]     00:00:00:00:00:03    00:00:00:00:00:0f 6    439  [27,6,2,11,39]     00:00:00:00:00:03    00:00:00:00:00:0f 7    439  [27,6,2,12,39]     00:00:00:00:00:03    00:00:00:00:00:0f 8    585  [27,5,1,2,11,39]     00:00:00:00:00:03    00:00:00:00:00:0f 9    585  [27,5,1,2,12,39]     00:00:00:00:00:03    00:00:00:00:00:0f 10    585  [27,5,2,1,11,39]     00:00:00:00:00:03    00:00:00:00:00:0f 11    585  [27,5,2,1,12,39]     00:00:00:00:00:03    00:00:00:00:00:0f 12    585  [27,6,1,2,11,39]     00:00:00:00:00:03    00:00:00:00:00:0f 13    585  [27,6,1,2,12,39]     00:00:00:00:00:03    00:00:00:00:00:0f 14    585  [27,6,2,1,11,39]     00:00:00:00:00:03    00:00:00:00:00:0f 15    585  [27,6,2,1,12,39]  
# h00:00:00:00:00:03 -> h00:00:00:00:00:12
   00:00:00:00:00:03    00:00:00:00:00:12 0    585  [27,5,1,3,17,42]     00:00:00:00:00:03    00:00:00:00:00:12 1    585  [27,5,1,3,18,42]     00:00:00:00:00:03    00:00:00:00:00:12 2    585  [27,5,1,4,17,42]     00:00:00:00:00:03    00:00:00:00:00:12 3    585  [27,5,1,4,18,42]     00:00:00:00:00:03    00:00:00:00:00:12 4    585  [27,5,2,3,17,42]     00:00:00:00:00:03    00:00:00:00:00:12 5    585  [27,5,2,3,18,42]     00:00:00:00:00:03    00:00:00:00:00:12 6    585  [27,5,2,4,17,42]     00:00:00:00:00:03    00:00:00:00:00:12 7    585  [27,5,2,4,18,42]     00:00:00:00:00:03    00:00:00:00:00:12 8    585  [27,6,1,3,17,42]     00:00:00:00:00:03    00:00:00:00:00:12 9    585  [27,6,1,3,18,42]     00:00:00:00:00:03    00:00:00:00:00:12 10    585  [27,6,1,4,17,42]     00:00:00:00:00:03    00:00:00:00:00:12 11    585  [27,6,1,4,18,42]     00:00:00:00:00:03    00:00:00:00:00:12 12    585  [27,6,2,3,17,42]     00:00:00:00:00:03    00:00:00:00:00:12 13    585  [27,6,2,3,18,42]     00:00:00:00:00:03    00:00:00:00:00:12 14    585  [27,6,2,4,17,42]     00:00:00:00:00:03    00:00:00:00:00:12 15    585  [27,6,2,4,18,42]  
# h00:00:00:00:00:03 -> h00:00:00:00:00:15
   00:00:00:00:00:03    00:00:00:00:00:15 0    585  [27,5,1,3,17,45]     00:00:00:00:00:03    00:00:00:00:00:15 1    585  [27,5,1,3,18,45]     00:00:00:00:00:03    00:00:00:00:00:15 2    585  [27,5,1,4,17,45]     00:00:00:00:00:03    00:00:00:00:00:15 3    585  [27,5,1,4,18,45]     00:00:00:00:00:03    00:00:00:00:00:15 4    585  [27,5,2,3,17,45]     00:00:00:00:00:03    00:00:00:00:00:15 5    585  [27,5,2,3,18,45]     00:00:00:00:00:03    00:00:00:00:00:15 6    585  [27,5,2,4,17,45]     00:00:00:00:00:03    00:00:00:00:00:15 7    585  [27,5,2,4,18,45]     00:00:00:00:00:03    00:00:00:00:00:15 8    585  [27,6,1,3,17,45]     00:00:00:00:00:03    00:00:00:00:00:15 9    585  [27,6,1,3,18,45]     00:00:00:00:00:03    00:00:00:00:00:15 10    585  [27,6,1,4,17,45]     00:00:00:00:00:03    00:00:00:00:00:15 11    585  [27,6,1,4,18,45]     00:00:00:00:00:03    00:00:00:00:00:15 12    585  [27,6,2,3,17,45]     00:00:00:00:00:03    00:00:00:00:00:15 13    585  [27,6,2,3,18,45]     00:00:00:00:00:03    00:00:00:00:00:15 14    585  [27,6,2,4,17,45]     00:00:00:00:00:03    00:00:00:00:00:15 15    585  [27,6,2,4,18,45]  
# h00:00:00:00:00:03 -> h00:00:00:00:00:13
   00:00:00:00:00:03    00:00:00:00:00:13 0    585  [27,5,1,3,17,43]     00:00:00:00:00:03    00:00:00:00:00:13 1    585  [27,5,1,3,18,43]     00:00:00:00:00:03    00:00:00:00:00:13 2    585  [27,5,1,4,17,43]     00:00:00:00:00:03    00:00:00:00:00:13 3    585  [27,5,1,4,18,43]     00:00:00:00:00:03    00:00:00:00:00:13 4    585  [27,5,2,3,17,43]     00:00:00:00:00:03    00:00:00:00:00:13 5    585  [27,5,2,3,18,43]     00:00:00:00:00:03    00:00:00:00:00:13 6    585  [27,5,2,4,17,43]     00:00:00:00:00:03    00:00:00:00:00:13 7    585  [27,5,2,4,18,43]     00:00:00:00:00:03    00:00:00:00:00:13 8    585  [27,6,1,3,17,43]     00:00:00:00:00:03    00:00:00:00:00:13 9    585  [27,6,1,3,18,43]     00:00:00:00:00:03    00:00:00:00:00:13 10    585  [27,6,1,4,17,43]     00:00:00:00:00:03    00:00:00:00:00:13 11    585  [27,6,1,4,18,43]     00:00:00:00:00:03    00:00:00:00:00:13 12    585  [27,6,2,3,17,43]     00:00:00:00:00:03    00:00:00:00:00:13 13    585  [27,6,2,3,18,43]     00:00:00:00:00:03    00:00:00:00:00:13 14    585  [27,6,2,4,17,43]     00:00:00:00:00:03    00:00:00:00:00:13 15    585  [27,6,2,4,18,43]  
# h00:00:00:00:00:11 -> h00:00:00:00:00:16
   00:00:00:00:00:11    00:00:00:00:00:16 0    439  [41,17,3,13,19]     00:00:00:00:00:11    00:00:00:00:00:16 1    439  [41,17,3,14,19]     00:00:00:00:00:11    00:00:00:00:00:16 2    439  [41,17,4,13,19]     00:00:00:00:00:11    00:00:00:00:00:16 3    439  [41,17,4,14,19]     00:00:00:00:00:11    00:00:00:00:00:16 4    439  [41,18,3,13,19]     00:00:00:00:00:11    00:00:00:00:00:16 5    439  [41,18,3,14,19]     00:00:00:00:00:11    00:00:00:00:00:16 6    439  [41,18,4,13,19]     00:00:00:00:00:11    00:00:00:00:00:16 7    439  [41,18,4,14,19]     00:00:00:00:00:11    00:00:00:00:00:16 8    585  [41,17,3,4,13,19]     00:00:00:00:00:11    00:00:00:00:00:16 9    585  [41,17,3,4,14,19]     00:00:00:00:00:11    00:00:00:00:00:16 10    585  [41,17,4,3,13,19]     00:00:00:00:00:11    00:00:00:00:00:16 11    585  [41,17,4,3,14,19]     00:00:00:00:00:11    00:00:00:00:00:16 12    585  [41,18,3,4,13,19]     00:00:00:00:00:11    00:00:00:00:00:16 13    585  [41,18,3,4,14,19]     00:00:00:00:00:11    00:00:00:00:00:16 14    585  [41,18,4,3,13,19]     00:00:00:00:00:11    00:00:00:00:00:16 15    585  [41,18,4,3,14,19]  
# h00:00:00:00:00:11 -> h00:00:00:00:00:06
   00:00:00:00:00:11    00:00:00:00:00:06 0    585  [41,17,3,1,7,30]     00:00:00:00:00:11    00:00:00:00:00:06 1    585  [41,17,3,1,8,30]     00:00:00:00:00:11    00:00:00:00:00:06 2    585  [41,17,3,2,7,30]     00:00:00:00:00:11    00:00:00:00:00:06 3    585  [41,17,3,2,8,30]     00:00:00:00:00:11    00:00:00:00:00:06 4    585  [41,17,4,1,7,30]     00:00:00:00:00:11    00:00:00:00:00:06 5    585  [41,17,4,1,8,30]     00:00:00:00:00:11    00:00:00:00:00:06 6    585  [41,17,4,2,7,30]     00:00:00:00:00:11    00:00:00:00:00:06 7    585  [41,17,4,2,8,30]     00:00:00:00:00:11    00:00:00:00:00:06 8    585  [41,18,3,1,7,30]     00:00:00:00:00:11    00:00:00:00:00:06 9    585  [41,18,3,1,8,30]     00:00:00:00:00:11    00:00:00:00:00:06 10    585  [41,18,3,2,7,30]     00:00:00:00:00:11    00:00:00:00:00:06 11    585  [41,18,3,2,8,30]     00:00:00:00:00:11    00:00:00:00:00:06 12    585  [41,18,4,1,7,30]     00:00:00:00:00:11    00:00:00:00:00:06 13    585  [41,18,4,1,8,30]     00:00:00:00:00:11    00:00:00:00:00:06 14    585  [41,18,4,2,7,30]     00:00:00:00:00:11    00:00:00:00:00:06 15    585  [41,18,4,2,8,30]  
# h00:00:00:00:00:11 -> h00:00:00:00:00:07
   00:00:00:00:00:11    00:00:00:00:00:07 0    585  [41,17,3,1,7,31]     00:00:00:00:00:11    00:00:00:00:00:07 1    585  [41,17,3,1,8,31]     00:00:00:00:00:11    00:00:00:00:00:07 2    585  [41,17,3,2,7,31]     00:00:00:00:00:11    00:00:00:00:00:07 3    585  [41,17,3,2,8,31]     00:00:00:00:00:11    00:00:00:00:00:07 4    585  [41,17,4,1,7,31]     00:00:00:00:00:11    00:00:00:00:00:07 5    585  [41,17,4,1,8,31]     00:00:00:00:00:11    00:00:00:00:00:07 6    585  [41,17,4,2,7,31]     00:00:00:00:00:11    00:00:00:00:00:07 7    585  [41,17,4,2,8,31]     00:00:00:00:00:11    00:00:00:00:00:07 8    585  [41,18,3,1,7,31]     00:00:00:00:00:11    00:00:00:00:00:07 9    585  [41,18,3,1,8,31]     00:00:00:00:00:11    00:00:00:00:00:07 10    585  [41,18,3,2,7,31]     00:00:00:00:00:11    00:00:00:00:00:07 11    585  [41,18,3,2,8,31]     00:00:00:00:00:11    00:00:00:00:00:07 12    585  [41,18,4,1,7,31]     00:00:00:00:00:11    00:00:00:00:00:07 13    585  [41,18,4,1,8,31]     00:00:00:00:00:11    00:00:00:00:00:07 14    585  [41,18,4,2,7,31]     00:00:00:00:00:11    00:00:00:00:00:07 15    585  [41,18,4,2,8,31]  
# h00:00:00:00:00:11 -> h00:00:00:00:00:1b
   00:00:00:00:00:11    00:00:00:00:00:1b 0    439  [41,17,3,15,24]     00:00:00:00:00:11    00:00:00:00:00:1b 1    439  [41,17,3,16,24]     00:00:00:00:00:11    00:00:00:00:00:1b 2    439  [41,17,4,15,24]     00:00:00:00:00:11    00:00:00:00:00:1b 3    439  [41,17,4,16,24]     00:00:00:00:00:11    00:00:00:00:00:1b 4    439  [41,18,3,15,24]     00:00:00:00:00:11    00:00:00:00:00:1b 5    439  [41,18,3,16,24]     00:00:00:00:00:11    00:00:00:00:00:1b 6    439  [41,18,4,15,24]     00:00:00:00:00:11    00:00:00:00:00:1b 7    439  [41,18,4,16,24]     00:00:00:00:00:11    00:00:00:00:00:1b 8    585  [41,17,3,4,15,24]     00:00:00:00:00:11    00:00:00:00:00:1b 9    585  [41,17,3,4,16,24]     00:00:00:00:00:11    00:00:00:00:00:1b 10    585  [41,17,4,3,15,24]     00:00:00:00:00:11    00:00:00:00:00:1b 11    585  [41,17,4,3,16,24]     00:00:00:00:00:11    00:00:00:00:00:1b 12    585  [41,18,3,4,15,24]     00:00:00:00:00:11    00:00:00:00:00:1b 13    585  [41,18,3,4,16,24]     00:00:00:00:00:11    00:00:00:00:00:1b 14    585  [41,18,4,3,15,24]     00:00:00:00:00:11    00:00:00:00:00:1b 15    585  [41,18,4,3,16,24]  
# h00:00:00:00:00:11 -> h00:00:00:00:00:17
   00:00:00:00:00:11    00:00:00:00:00:17 0    439  [41,17,3,13,20]     00:00:00:00:00:11    00:00:00:00:00:17 1    439  [41,17,3,14,20]     00:00:00:00:00:11    00:00:00:00:00:17 2    439  [41,17,4,13,20]     00:00:00:00:00:11    00:00:00:00:00:17 3    439  [41,17,4,14,20]     00:00:00:00:00:11    00:00:00:00:00:17 4    439  [41,18,3,13,20]     00:00:00:00:00:11    00:00:00:00:00:17 5    439  [41,18,3,14,20]     00:00:00:00:00:11    00:00:00:00:00:17 6    439  [41,18,4,13,20]     00:00:00:00:00:11    00:00:00:00:00:17 7    439  [41,18,4,14,20]     00:00:00:00:00:11    00:00:00:00:00:17 8    585  [41,17,3,4,13,20]     00:00:00:00:00:11    00:00:00:00:00:17 9    585  [41,17,3,4,14,20]     00:00:00:00:00:11    00:00:00:00:00:17 10    585  [41,17,4,3,13,20]     00:00:00:00:00:11    00:00:00:00:00:17 11    585  [41,17,4,3,14,20]     00:00:00:00:00:11    00:00:00:00:00:17 12    585  [41,18,3,4,13,20]     00:00:00:00:00:11    00:00:00:00:00:17 13    585  [41,18,3,4,14,20]     00:00:00:00:00:11    00:00:00:00:00:17 14    585  [41,18,4,3,13,20]     00:00:00:00:00:11    00:00:00:00:00:17 15    585  [41,18,4,3,14,20]  
# h00:00:00:00:00:11 -> h00:00:00:00:00:09
   00:00:00:00:00:11    00:00:00:00:00:09 0    585  [41,17,3,1,9,33]     00:00:00:00:00:11    00:00:00:00:00:09 1    585  [41,17,3,1,10,33]     00:00:00:00:00:11    00:00:00:00:00:09 2    585  [41,17,3,2,9,33]     00:00:00:00:00:11    00:00:00:00:00:09 3    585  [41,17,3,2,10,33]     00:00:00:00:00:11    00:00:00:00:00:09 4    585  [41,17,4,1,9,33]     00:00:00:00:00:11    00:00:00:00:00:09 5    585  [41,17,4,1,10,33]     00:00:00:00:00:11    00:00:00:00:00:09 6    585  [41,17,4,2,9,33]     00:00:00:00:00:11    00:00:00:00:00:09 7    585  [41,17,4,2,10,33]     00:00:00:00:00:11    00:00:00:00:00:09 8    585  [41,18,3,1,9,33]     00:00:00:00:00:11    00:00:00:00:00:09 9    585  [41,18,3,1,10,33]     00:00:00:00:00:11    00:00:00:00:00:09 10    585  [41,18,3,2,9,33]     00:00:00:00:00:11    00:00:00:00:00:09 11    585  [41,18,3,2,10,33]     00:00:00:00:00:11    00:00:00:00:00:09 12    585  [41,18,4,1,9,33]     00:00:00:00:00:11    00:00:00:00:00:09 13    585  [41,18,4,1,10,33]     00:00:00:00:00:11    00:00:00:00:00:09 14    585  [41,18,4,2,9,33]     00:00:00:00:00:11    00:00:00:00:00:09 15    585  [41,18,4,2,10,33]  
# h00:00:00:00:00:11 -> h00:00:00:00:00:05
   00:00:00:00:00:11    00:00:00:00:00:05 0    585  [41,17,3,1,7,29]     00:00:00:00:00:11    00:00:00:00:00:05 1    585  [41,17,3,1,8,29]     00:00:00:00:00:11    00:00:00:00:00:05 2    585  [41,17,3,2,7,29]     00:00:00:00:00:11    00:00:00:00:00:05 3    585  [41,17,3,2,8,29]     00:00:00:00:00:11    00:00:00:00:00:05 4    585  [41,17,4,1,7,29]     00:00:00:00:00:11    00:00:00:00:00:05 5    585  [41,17,4,1,8,29]     00:00:00:00:00:11    00:00:00:00:00:05 6    585  [41,17,4,2,7,29]     00:00:00:00:00:11    00:00:00:00:00:05 7    585  [41,17,4,2,8,29]     00:00:00:00:00:11    00:00:00:00:00:05 8    585  [41,18,3,1,7,29]     00:00:00:00:00:11    00:00:00:00:00:05 9    585  [41,18,3,1,8,29]     00:00:00:00:00:11    00:00:00:00:00:05 10    585  [41,18,3,2,7,29]     00:00:00:00:00:11    00:00:00:00:00:05 11    585  [41,18,3,2,8,29]     00:00:00:00:00:11    00:00:00:00:00:05 12    585  [41,18,4,1,7,29]     00:00:00:00:00:11    00:00:00:00:00:05 13    585  [41,18,4,1,8,29]     00:00:00:00:00:11    00:00:00:00:00:05 14    585  [41,18,4,2,7,29]     00:00:00:00:00:11    00:00:00:00:00:05 15    585  [41,18,4,2,8,29]  
# h00:00:00:00:00:11 -> h00:00:00:00:00:08
   00:00:00:00:00:11    00:00:00:00:00:08 0    585  [41,17,3,1,7,32]     00:00:00:00:00:11    00:00:00:00:00:08 1    585  [41,17,3,1,8,32]     00:00:00:00:00:11    00:00:00:00:00:08 2    585  [41,17,3,2,7,32]     00:00:00:00:00:11    00:00:00:00:00:08 3    585  [41,17,3,2,8,32]     00:00:00:00:00:11    00:00:00:00:00:08 4    585  [41,17,4,1,7,32]     00:00:00:00:00:11    00:00:00:00:00:08 5    585  [41,17,4,1,8,32]     00:00:00:00:00:11    00:00:00:00:00:08 6    585  [41,17,4,2,7,32]     00:00:00:00:00:11    00:00:00:00:00:08 7    585  [41,17,4,2,8,32]     00:00:00:00:00:11    00:00:00:00:00:08 8    585  [41,18,3,1,7,32]     00:00:00:00:00:11    00:00:00:00:00:08 9    585  [41,18,3,1,8,32]     00:00:00:00:00:11    00:00:00:00:00:08 10    585  [41,18,3,2,7,32]     00:00:00:00:00:11    00:00:00:00:00:08 11    585  [41,18,3,2,8,32]     00:00:00:00:00:11    00:00:00:00:00:08 12    585  [41,18,4,1,7,32]     00:00:00:00:00:11    00:00:00:00:00:08 13    585  [41,18,4,1,8,32]     00:00:00:00:00:11    00:00:00:00:00:08 14    585  [41,18,4,2,7,32]     00:00:00:00:00:11    00:00:00:00:00:08 15    585  [41,18,4,2,8,32]  
# h00:00:00:00:00:11 -> h00:00:00:00:00:04
   00:00:00:00:00:11    00:00:00:00:00:04 0    585  [41,17,3,1,5,28]     00:00:00:00:00:11    00:00:00:00:00:04 1    585  [41,17,3,1,6,28]     00:00:00:00:00:11    00:00:00:00:00:04 2    585  [41,17,3,2,5,28]     00:00:00:00:00:11    00:00:00:00:00:04 3    585  [41,17,3,2,6,28]     00:00:00:00:00:11    00:00:00:00:00:04 4    585  [41,17,4,1,5,28]     00:00:00:00:00:11    00:00:00:00:00:04 5    585  [41,17,4,1,6,28]     00:00:00:00:00:11    00:00:00:00:00:04 6    585  [41,17,4,2,5,28]     00:00:00:00:00:11    00:00:00:00:00:04 7    585  [41,17,4,2,6,28]     00:00:00:00:00:11    00:00:00:00:00:04 8    585  [41,18,3,1,5,28]     00:00:00:00:00:11    00:00:00:00:00:04 9    585  [41,18,3,1,6,28]     00:00:00:00:00:11    00:00:00:00:00:04 10    585  [41,18,3,2,5,28]     00:00:00:00:00:11    00:00:00:00:00:04 11    585  [41,18,3,2,6,28]     00:00:00:00:00:11    00:00:00:00:00:04 12    585  [41,18,4,1,5,28]     00:00:00:00:00:11    00:00:00:00:00:04 13    585  [41,18,4,1,6,28]     00:00:00:00:00:11    00:00:00:00:00:04 14    585  [41,18,4,2,5,28]     00:00:00:00:00:11    00:00:00:00:00:04 15    585  [41,18,4,2,6,28]  
# h00:00:00:00:00:11 -> h00:00:00:00:00:1a
   00:00:00:00:00:11    00:00:00:00:00:1a 0    439  [41,17,3,15,23]     00:00:00:00:00:11    00:00:00:00:00:1a 1    439  [41,17,3,16,23]     00:00:00:00:00:11    00:00:00:00:00:1a 2    439  [41,17,4,15,23]     00:00:00:00:00:11    00:00:00:00:00:1a 3    439  [41,17,4,16,23]     00:00:00:00:00:11    00:00:00:00:00:1a 4    439  [41,18,3,15,23]     00:00:00:00:00:11    00:00:00:00:00:1a 5    439  [41,18,3,16,23]     00:00:00:00:00:11    00:00:00:00:00:1a 6    439  [41,18,4,15,23]     00:00:00:00:00:11    00:00:00:00:00:1a 7    439  [41,18,4,16,23]     00:00:00:00:00:11    00:00:00:00:00:1a 8    585  [41,17,3,4,15,23]     00:00:00:00:00:11    00:00:00:00:00:1a 9    585  [41,17,3,4,16,23]     00:00:00:00:00:11    00:00:00:00:00:1a 10    585  [41,17,4,3,15,23]     00:00:00:00:00:11    00:00:00:00:00:1a 11    585  [41,17,4,3,16,23]     00:00:00:00:00:11    00:00:00:00:00:1a 12    585  [41,18,3,4,15,23]     00:00:00:00:00:11    00:00:00:00:00:1a 13    585  [41,18,3,4,16,23]     00:00:00:00:00:11    00:00:00:00:00:1a 14    585  [41,18,4,3,15,23]     00:00:00:00:00:11    00:00:00:00:00:1a 15    585  [41,18,4,3,16,23]  
# h00:00:00:00:00:11 -> h00:00:00:00:00:10
   00:00:00:00:00:11    00:00:00:00:00:10 0    585  [41,17,3,1,11,40]     00:00:00:00:00:11    00:00:00:00:00:10 1    585  [41,17,3,1,12,40]     00:00:00:00:00:11    00:00:00:00:00:10 2    585  [41,17,3,2,11,40]     00:00:00:00:00:11    00:00:00:00:00:10 3    585  [41,17,3,2,12,40]     00:00:00:00:00:11    00:00:00:00:00:10 4    585  [41,17,4,1,11,40]     00:00:00:00:00:11    00:00:00:00:00:10 5    585  [41,17,4,1,12,40]     00:00:00:00:00:11    00:00:00:00:00:10 6    585  [41,17,4,2,11,40]     00:00:00:00:00:11    00:00:00:00:00:10 7    585  [41,17,4,2,12,40]     00:00:00:00:00:11    00:00:00:00:00:10 8    585  [41,18,3,1,11,40]     00:00:00:00:00:11    00:00:00:00:00:10 9    585  [41,18,3,1,12,40]     00:00:00:00:00:11    00:00:00:00:00:10 10    585  [41,18,3,2,11,40]     00:00:00:00:00:11    00:00:00:00:00:10 11    585  [41,18,3,2,12,40]     00:00:00:00:00:11    00:00:00:00:00:10 12    585  [41,18,4,1,11,40]     00:00:00:00:00:11    00:00:00:00:00:10 13    585  [41,18,4,1,12,40]     00:00:00:00:00:11    00:00:00:00:00:10 14    585  [41,18,4,2,11,40]     00:00:00:00:00:11    00:00:00:00:00:10 15    585  [41,18,4,2,12,40]  
# h00:00:00:00:00:11 -> h00:00:00:00:00:18
   00:00:00:00:00:11    00:00:00:00:00:18 0    439  [41,17,3,13,21]     00:00:00:00:00:11    00:00:00:00:00:18 1    439  [41,17,3,14,21]     00:00:00:00:00:11    00:00:00:00:00:18 2    439  [41,17,4,13,21]     00:00:00:00:00:11    00:00:00:00:00:18 3    439  [41,17,4,14,21]     00:00:00:00:00:11    00:00:00:00:00:18 4    439  [41,18,3,13,21]     00:00:00:00:00:11    00:00:00:00:00:18 5    439  [41,18,3,14,21]     00:00:00:00:00:11    00:00:00:00:00:18 6    439  [41,18,4,13,21]     00:00:00:00:00:11    00:00:00:00:00:18 7    439  [41,18,4,14,21]     00:00:00:00:00:11    00:00:00:00:00:18 8    585  [41,17,3,4,13,21]     00:00:00:00:00:11    00:00:00:00:00:18 9    585  [41,17,3,4,14,21]     00:00:00:00:00:11    00:00:00:00:00:18 10    585  [41,17,4,3,13,21]     00:00:00:00:00:11    00:00:00:00:00:18 11    585  [41,17,4,3,14,21]     00:00:00:00:00:11    00:00:00:00:00:18 12    585  [41,18,3,4,13,21]     00:00:00:00:00:11    00:00:00:00:00:18 13    585  [41,18,3,4,14,21]     00:00:00:00:00:11    00:00:00:00:00:18 14    585  [41,18,4,3,13,21]     00:00:00:00:00:11    00:00:00:00:00:18 15    585  [41,18,4,3,14,21]  
# h00:00:00:00:00:11 -> h00:00:00:00:00:19
   00:00:00:00:00:11    00:00:00:00:00:19 0    439  [41,17,3,15,22]     00:00:00:00:00:11    00:00:00:00:00:19 1    439  [41,17,3,16,22]     00:00:00:00:00:11    00:00:00:00:00:19 2    439  [41,17,4,15,22]     00:00:00:00:00:11    00:00:00:00:00:19 3    439  [41,17,4,16,22]     00:00:00:00:00:11    00:00:00:00:00:19 4    439  [41,18,3,15,22]     00:00:00:00:00:11    00:00:00:00:00:19 5    439  [41,18,3,16,22]     00:00:00:00:00:11    00:00:00:00:00:19 6    439  [41,18,4,15,22]     00:00:00:00:00:11    00:00:00:00:00:19 7    439  [41,18,4,16,22]     00:00:00:00:00:11    00:00:00:00:00:19 8    585  [41,17,3,4,15,22]     00:00:00:00:00:11    00:00:00:00:00:19 9    585  [41,17,3,4,16,22]     00:00:00:00:00:11    00:00:00:00:00:19 10    585  [41,17,4,3,15,22]     00:00:00:00:00:11    00:00:00:00:00:19 11    585  [41,17,4,3,16,22]     00:00:00:00:00:11    00:00:00:00:00:19 12    585  [41,18,3,4,15,22]     00:00:00:00:00:11    00:00:00:00:00:19 13    585  [41,18,3,4,16,22]     00:00:00:00:00:11    00:00:00:00:00:19 14    585  [41,18,4,3,15,22]     00:00:00:00:00:11    00:00:00:00:00:19 15    585  [41,18,4,3,16,22]  
# h00:00:00:00:00:11 -> h00:00:00:00:00:0e
   00:00:00:00:00:11    00:00:00:00:00:0e 0    585  [41,17,3,1,11,38]     00:00:00:00:00:11    00:00:00:00:00:0e 1    585  [41,17,3,1,12,38]     00:00:00:00:00:11    00:00:00:00:00:0e 2    585  [41,17,3,2,11,38]     00:00:00:00:00:11    00:00:00:00:00:0e 3    585  [41,17,3,2,12,38]     00:00:00:00:00:11    00:00:00:00:00:0e 4    585  [41,17,4,1,11,38]     00:00:00:00:00:11    00:00:00:00:00:0e 5    585  [41,17,4,1,12,38]     00:00:00:00:00:11    00:00:00:00:00:0e 6    585  [41,17,4,2,11,38]     00:00:00:00:00:11    00:00:00:00:00:0e 7    585  [41,17,4,2,12,38]     00:00:00:00:00:11    00:00:00:00:00:0e 8    585  [41,18,3,1,11,38]     00:00:00:00:00:11    00:00:00:00:00:0e 9    585  [41,18,3,1,12,38]     00:00:00:00:00:11    00:00:00:00:00:0e 10    585  [41,18,3,2,11,38]     00:00:00:00:00:11    00:00:00:00:00:0e 11    585  [41,18,3,2,12,38]     00:00:00:00:00:11    00:00:00:00:00:0e 12    585  [41,18,4,1,11,38]     00:00:00:00:00:11    00:00:00:00:00:0e 13    585  [41,18,4,1,12,38]     00:00:00:00:00:11    00:00:00:00:00:0e 14    585  [41,18,4,2,11,38]     00:00:00:00:00:11    00:00:00:00:00:0e 15    585  [41,18,4,2,12,38]  
# h00:00:00:00:00:11 -> h00:00:00:00:00:01
   00:00:00:00:00:11    00:00:00:00:00:01 0    585  [41,17,3,1,5,25]     00:00:00:00:00:11    00:00:00:00:00:01 1    585  [41,17,3,1,6,25]     00:00:00:00:00:11    00:00:00:00:00:01 2    585  [41,17,3,2,5,25]     00:00:00:00:00:11    00:00:00:00:00:01 3    585  [41,17,3,2,6,25]     00:00:00:00:00:11    00:00:00:00:00:01 4    585  [41,17,4,1,5,25]     00:00:00:00:00:11    00:00:00:00:00:01 5    585  [41,17,4,1,6,25]     00:00:00:00:00:11    00:00:00:00:00:01 6    585  [41,17,4,2,5,25]     00:00:00:00:00:11    00:00:00:00:00:01 7    585  [41,17,4,2,6,25]     00:00:00:00:00:11    00:00:00:00:00:01 8    585  [41,18,3,1,5,25]     00:00:00:00:00:11    00:00:00:00:00:01 9    585  [41,18,3,1,6,25]     00:00:00:00:00:11    00:00:00:00:00:01 10    585  [41,18,3,2,5,25]     00:00:00:00:00:11    00:00:00:00:00:01 11    585  [41,18,3,2,6,25]     00:00:00:00:00:11    00:00:00:00:00:01 12    585  [41,18,4,1,5,25]     00:00:00:00:00:11    00:00:00:00:00:01 13    585  [41,18,4,1,6,25]     00:00:00:00:00:11    00:00:00:00:00:01 14    585  [41,18,4,2,5,25]     00:00:00:00:00:11    00:00:00:00:00:01 15    585  [41,18,4,2,6,25]  
# h00:00:00:00:00:11 -> h00:00:00:00:00:14
   00:00:00:00:00:11    00:00:00:00:00:14 0    146  [41,17,44]     00:00:00:00:00:11    00:00:00:00:00:14 1    146  [41,18,44]     00:00:00:00:00:11    00:00:00:00:00:14 2    439  [41,17,3,18,44]     00:00:00:00:00:11    00:00:00:00:00:14 3    439  [41,17,4,18,44]     00:00:00:00:00:11    00:00:00:00:00:14 4    439  [41,17,42,18,44]     00:00:00:00:00:11    00:00:00:00:00:14 5    439  [41,17,43,18,44]     00:00:00:00:00:11    00:00:00:00:00:14 6    439  [41,17,45,18,44]     00:00:00:00:00:11    00:00:00:00:00:14 7    439  [41,18,3,17,44]     00:00:00:00:00:11    00:00:00:00:00:14 8    439  [41,18,4,17,44]     00:00:00:00:00:11    00:00:00:00:00:14 9    439  [41,18,42,17,44]     00:00:00:00:00:11    00:00:00:00:00:14 10    439  [41,18,43,17,44]     00:00:00:00:00:11    00:00:00:00:00:14 11    439  [41,18,45,17,44]     00:00:00:00:00:11    00:00:00:00:00:14 12    585  [41,17,3,4,18,44]     00:00:00:00:00:11    00:00:00:00:00:14 13    585  [41,17,4,3,18,44]     00:00:00:00:00:11    00:00:00:00:00:14 14    585  [41,18,3,4,17,44]     00:00:00:00:00:11    00:00:00:00:00:14 15    585  [41,18,4,3,17,44]  
# h00:00:00:00:00:11 -> h00:00:00:00:00:0b
   00:00:00:00:00:11    00:00:00:00:00:0b 0    585  [41,17,3,1,9,35]     00:00:00:00:00:11    00:00:00:00:00:0b 1    585  [41,17,3,1,10,35]     00:00:00:00:00:11    00:00:00:00:00:0b 2    585  [41,17,3,2,9,35]     00:00:00:00:00:11    00:00:00:00:00:0b 3    585  [41,17,3,2,10,35]     00:00:00:00:00:11    00:00:00:00:00:0b 4    585  [41,17,4,1,9,35]     00:00:00:00:00:11    00:00:00:00:00:0b 5    585  [41,17,4,1,10,35]     00:00:00:00:00:11    00:00:00:00:00:0b 6    585  [41,17,4,2,9,35]     00:00:00:00:00:11    00:00:00:00:00:0b 7    585  [41,17,4,2,10,35]     00:00:00:00:00:11    00:00:00:00:00:0b 8    585  [41,18,3,1,9,35]     00:00:00:00:00:11    00:00:00:00:00:0b 9    585  [41,18,3,1,10,35]     00:00:00:00:00:11    00:00:00:00:00:0b 10    585  [41,18,3,2,9,35]     00:00:00:00:00:11    00:00:00:00:00:0b 11    585  [41,18,3,2,10,35]     00:00:00:00:00:11    00:00:00:00:00:0b 12    585  [41,18,4,1,9,35]     00:00:00:00:00:11    00:00:00:00:00:0b 13    585  [41,18,4,1,10,35]     00:00:00:00:00:11    00:00:00:00:00:0b 14    585  [41,18,4,2,9,35]     00:00:00:00:00:11    00:00:00:00:00:0b 15    585  [41,18,4,2,10,35]  
# h00:00:00:00:00:11 -> h00:00:00:00:00:0a
   00:00:00:00:00:11    00:00:00:00:00:0a 0    585  [41,17,3,1,9,34]     00:00:00:00:00:11    00:00:00:00:00:0a 1    585  [41,17,3,1,10,34]     00:00:00:00:00:11    00:00:00:00:00:0a 2    585  [41,17,3,2,9,34]     00:00:00:00:00:11    00:00:00:00:00:0a 3    585  [41,17,3,2,10,34]     00:00:00:00:00:11    00:00:00:00:00:0a 4    585  [41,17,4,1,9,34]     00:00:00:00:00:11    00:00:00:00:00:0a 5    585  [41,17,4,1,10,34]     00:00:00:00:00:11    00:00:00:00:00:0a 6    585  [41,17,4,2,9,34]     00:00:00:00:00:11    00:00:00:00:00:0a 7    585  [41,17,4,2,10,34]     00:00:00:00:00:11    00:00:00:00:00:0a 8    585  [41,18,3,1,9,34]     00:00:00:00:00:11    00:00:00:00:00:0a 9    585  [41,18,3,1,10,34]     00:00:00:00:00:11    00:00:00:00:00:0a 10    585  [41,18,3,2,9,34]     00:00:00:00:00:11    00:00:00:00:00:0a 11    585  [41,18,3,2,10,34]     00:00:00:00:00:11    00:00:00:00:00:0a 12    585  [41,18,4,1,9,34]     00:00:00:00:00:11    00:00:00:00:00:0a 13    585  [41,18,4,1,10,34]     00:00:00:00:00:11    00:00:00:00:00:0a 14    585  [41,18,4,2,9,34]     00:00:00:00:00:11    00:00:00:00:00:0a 15    585  [41,18,4,2,10,34]  
# h00:00:00:00:00:11 -> h00:00:00:00:00:0c
   00:00:00:00:00:11    00:00:00:00:00:0c 0    585  [41,17,3,1,9,36]     00:00:00:00:00:11    00:00:00:00:00:0c 1    585  [41,17,3,1,10,36]     00:00:00:00:00:11    00:00:00:00:00:0c 2    585  [41,17,3,2,9,36]     00:00:00:00:00:11    00:00:00:00:00:0c 3    585  [41,17,3,2,10,36]     00:00:00:00:00:11    00:00:00:00:00:0c 4    585  [41,17,4,1,9,36]     00:00:00:00:00:11    00:00:00:00:00:0c 5    585  [41,17,4,1,10,36]     00:00:00:00:00:11    00:00:00:00:00:0c 6    585  [41,17,4,2,9,36]     00:00:00:00:00:11    00:00:00:00:00:0c 7    585  [41,17,4,2,10,36]     00:00:00:00:00:11    00:00:00:00:00:0c 8    585  [41,18,3,1,9,36]     00:00:00:00:00:11    00:00:00:00:00:0c 9    585  [41,18,3,1,10,36]     00:00:00:00:00:11    00:00:00:00:00:0c 10    585  [41,18,3,2,9,36]     00:00:00:00:00:11    00:00:00:00:00:0c 11    585  [41,18,3,2,10,36]     00:00:00:00:00:11    00:00:00:00:00:0c 12    585  [41,18,4,1,9,36]     00:00:00:00:00:11    00:00:00:00:00:0c 13    585  [41,18,4,1,10,36]     00:00:00:00:00:11    00:00:00:00:00:0c 14    585  [41,18,4,2,9,36]     00:00:00:00:00:11    00:00:00:00:00:0c 15    585  [41,18,4,2,10,36]  
# h00:00:00:00:00:11 -> h00:00:00:00:00:0d
   00:00:00:00:00:11    00:00:00:00:00:0d 0    585  [41,17,3,1,11,37]     00:00:00:00:00:11    00:00:00:00:00:0d 1    585  [41,17,3,1,12,37]     00:00:00:00:00:11    00:00:00:00:00:0d 2    585  [41,17,3,2,11,37]     00:00:00:00:00:11    00:00:00:00:00:0d 3    585  [41,17,3,2,12,37]     00:00:00:00:00:11    00:00:00:00:00:0d 4    585  [41,17,4,1,11,37]     00:00:00:00:00:11    00:00:00:00:00:0d 5    585  [41,17,4,1,12,37]     00:00:00:00:00:11    00:00:00:00:00:0d 6    585  [41,17,4,2,11,37]     00:00:00:00:00:11    00:00:00:00:00:0d 7    585  [41,17,4,2,12,37]     00:00:00:00:00:11    00:00:00:00:00:0d 8    585  [41,18,3,1,11,37]     00:00:00:00:00:11    00:00:00:00:00:0d 9    585  [41,18,3,1,12,37]     00:00:00:00:00:11    00:00:00:00:00:0d 10    585  [41,18,3,2,11,37]     00:00:00:00:00:11    00:00:00:00:00:0d 11    585  [41,18,3,2,12,37]     00:00:00:00:00:11    00:00:00:00:00:0d 12    585  [41,18,4,1,11,37]     00:00:00:00:00:11    00:00:00:00:00:0d 13    585  [41,18,4,1,12,37]     00:00:00:00:00:11    00:00:00:00:00:0d 14    585  [41,18,4,2,11,37]     00:00:00:00:00:11    00:00:00:00:00:0d 15    585  [41,18,4,2,12,37]  
# h00:00:00:00:00:11 -> h00:00:00:00:00:03
   00:00:00:00:00:11    00:00:00:00:00:03 0    585  [41,17,3,1,5,27]     00:00:00:00:00:11    00:00:00:00:00:03 1    585  [41,17,3,1,6,27]     00:00:00:00:00:11    00:00:00:00:00:03 2    585  [41,17,3,2,5,27]     00:00:00:00:00:11    00:00:00:00:00:03 3    585  [41,17,3,2,6,27]     00:00:00:00:00:11    00:00:00:00:00:03 4    585  [41,17,4,1,5,27]     00:00:00:00:00:11    00:00:00:00:00:03 5    585  [41,17,4,1,6,27]     00:00:00:00:00:11    00:00:00:00:00:03 6    585  [41,17,4,2,5,27]     00:00:00:00:00:11    00:00:00:00:00:03 7    585  [41,17,4,2,6,27]     00:00:00:00:00:11    00:00:00:00:00:03 8    585  [41,18,3,1,5,27]     00:00:00:00:00:11    00:00:00:00:00:03 9    585  [41,18,3,1,6,27]     00:00:00:00:00:11    00:00:00:00:00:03 10    585  [41,18,3,2,5,27]     00:00:00:00:00:11    00:00:00:00:00:03 11    585  [41,18,3,2,6,27]     00:00:00:00:00:11    00:00:00:00:00:03 12    585  [41,18,4,1,5,27]     00:00:00:00:00:11    00:00:00:00:00:03 13    585  [41,18,4,1,6,27]     00:00:00:00:00:11    00:00:00:00:00:03 14    585  [41,18,4,2,5,27]     00:00:00:00:00:11    00:00:00:00:00:03 15    585  [41,18,4,2,6,27]  
# h00:00:00:00:00:11 -> h00:00:00:00:00:02
   00:00:00:00:00:11    00:00:00:00:00:02 0    585  [41,17,3,1,5,26]     00:00:00:00:00:11    00:00:00:00:00:02 1    585  [41,17,3,1,6,26]     00:00:00:00:00:11    00:00:00:00:00:02 2    585  [41,17,3,2,5,26]     00:00:00:00:00:11    00:00:00:00:00:02 3    585  [41,17,3,2,6,26]     00:00:00:00:00:11    00:00:00:00:00:02 4    585  [41,17,4,1,5,26]     00:00:00:00:00:11    00:00:00:00:00:02 5    585  [41,17,4,1,6,26]     00:00:00:00:00:11    00:00:00:00:00:02 6    585  [41,17,4,2,5,26]     00:00:00:00:00:11    00:00:00:00:00:02 7    585  [41,17,4,2,6,26]     00:00:00:00:00:11    00:00:00:00:00:02 8    585  [41,18,3,1,5,26]     00:00:00:00:00:11    00:00:00:00:00:02 9    585  [41,18,3,1,6,26]     00:00:00:00:00:11    00:00:00:00:00:02 10    585  [41,18,3,2,5,26]     00:00:00:00:00:11    00:00:00:00:00:02 11    585  [41,18,3,2,6,26]     00:00:00:00:00:11    00:00:00:00:00:02 12    585  [41,18,4,1,5,26]     00:00:00:00:00:11    00:00:00:00:00:02 13    585  [41,18,4,1,6,26]     00:00:00:00:00:11    00:00:00:00:00:02 14    585  [41,18,4,2,5,26]     00:00:00:00:00:11    00:00:00:00:00:02 15    585  [41,18,4,2,6,26]  
# h00:00:00:00:00:11 -> h00:00:00:00:00:0f
   00:00:00:00:00:11    00:00:00:00:00:0f 0    585  [41,17,3,1,11,39]     00:00:00:00:00:11    00:00:00:00:00:0f 1    585  [41,17,3,1,12,39]     00:00:00:00:00:11    00:00:00:00:00:0f 2    585  [41,17,3,2,11,39]     00:00:00:00:00:11    00:00:00:00:00:0f 3    585  [41,17,3,2,12,39]     00:00:00:00:00:11    00:00:00:00:00:0f 4    585  [41,17,4,1,11,39]     00:00:00:00:00:11    00:00:00:00:00:0f 5    585  [41,17,4,1,12,39]     00:00:00:00:00:11    00:00:00:00:00:0f 6    585  [41,17,4,2,11,39]     00:00:00:00:00:11    00:00:00:00:00:0f 7    585  [41,17,4,2,12,39]     00:00:00:00:00:11    00:00:00:00:00:0f 8    585  [41,18,3,1,11,39]     00:00:00:00:00:11    00:00:00:00:00:0f 9    585  [41,18,3,1,12,39]     00:00:00:00:00:11    00:00:00:00:00:0f 10    585  [41,18,3,2,11,39]     00:00:00:00:00:11    00:00:00:00:00:0f 11    585  [41,18,3,2,12,39]     00:00:00:00:00:11    00:00:00:00:00:0f 12    585  [41,18,4,1,11,39]     00:00:00:00:00:11    00:00:00:00:00:0f 13    585  [41,18,4,1,12,39]     00:00:00:00:00:11    00:00:00:00:00:0f 14    585  [41,18,4,2,11,39]     00:00:00:00:00:11    00:00:00:00:00:0f 15    585  [41,18,4,2,12,39]  
# h00:00:00:00:00:11 -> h00:00:00:00:00:12
   00:00:00:00:00:11    00:00:00:00:00:12 0    146  [41,17,42]     00:00:00:00:00:11    00:00:00:00:00:12 1    146  [41,18,42]     00:00:00:00:00:11    00:00:00:00:00:12 2    439  [41,17,3,18,42]     00:00:00:00:00:11    00:00:00:00:00:12 3    439  [41,17,4,18,42]     00:00:00:00:00:11    00:00:00:00:00:12 4    439  [41,17,43,18,42]     00:00:00:00:00:11    00:00:00:00:00:12 5    439  [41,17,44,18,42]     00:00:00:00:00:11    00:00:00:00:00:12 6    439  [41,17,45,18,42]     00:00:00:00:00:11    00:00:00:00:00:12 7    439  [41,18,3,17,42]     00:00:00:00:00:11    00:00:00:00:00:12 8    439  [41,18,4,17,42]     00:00:00:00:00:11    00:00:00:00:00:12 9    439  [41,18,43,17,42]     00:00:00:00:00:11    00:00:00:00:00:12 10    439  [41,18,44,17,42]     00:00:00:00:00:11    00:00:00:00:00:12 11    439  [41,18,45,17,42]     00:00:00:00:00:11    00:00:00:00:00:12 12    585  [41,17,3,4,18,42]     00:00:00:00:00:11    00:00:00:00:00:12 13    585  [41,17,4,3,18,42]     00:00:00:00:00:11    00:00:00:00:00:12 14    585  [41,18,3,4,17,42]     00:00:00:00:00:11    00:00:00:00:00:12 15    585  [41,18,4,3,17,42]  
# h00:00:00:00:00:11 -> h00:00:00:00:00:15
   00:00:00:00:00:11    00:00:00:00:00:15 0    146  [41,17,45]     00:00:00:00:00:11    00:00:00:00:00:15 1    146  [41,18,45]     00:00:00:00:00:11    00:00:00:00:00:15 2    439  [41,17,3,18,45]     00:00:00:00:00:11    00:00:00:00:00:15 3    439  [41,17,4,18,45]     00:00:00:00:00:11    00:00:00:00:00:15 4    439  [41,17,42,18,45]     00:00:00:00:00:11    00:00:00:00:00:15 5    439  [41,17,43,18,45]     00:00:00:00:00:11    00:00:00:00:00:15 6    439  [41,17,44,18,45]     00:00:00:00:00:11    00:00:00:00:00:15 7    439  [41,18,3,17,45]     00:00:00:00:00:11    00:00:00:00:00:15 8    439  [41,18,4,17,45]     00:00:00:00:00:11    00:00:00:00:00:15 9    439  [41,18,42,17,45]     00:00:00:00:00:11    00:00:00:00:00:15 10    439  [41,18,43,17,45]     00:00:00:00:00:11    00:00:00:00:00:15 11    439  [41,18,44,17,45]     00:00:00:00:00:11    00:00:00:00:00:15 12    585  [41,17,3,4,18,45]     00:00:00:00:00:11    00:00:00:00:00:15 13    585  [41,17,4,3,18,45]     00:00:00:00:00:11    00:00:00:00:00:15 14    585  [41,18,3,4,17,45]     00:00:00:00:00:11    00:00:00:00:00:15 15    585  [41,18,4,3,17,45]  
# h00:00:00:00:00:11 -> h00:00:00:00:00:13
   00:00:00:00:00:11    00:00:00:00:00:13 0    146  [41,17,43]     00:00:00:00:00:11    00:00:00:00:00:13 1    146  [41,18,43]     00:00:00:00:00:11    00:00:00:00:00:13 2    439  [41,17,3,18,43]     00:00:00:00:00:11    00:00:00:00:00:13 3    439  [41,17,4,18,43]     00:00:00:00:00:11    00:00:00:00:00:13 4    439  [41,17,42,18,43]     00:00:00:00:00:11    00:00:00:00:00:13 5    439  [41,17,44,18,43]     00:00:00:00:00:11    00:00:00:00:00:13 6    439  [41,17,45,18,43]     00:00:00:00:00:11    00:00:00:00:00:13 7    439  [41,18,3,17,43]     00:00:00:00:00:11    00:00:00:00:00:13 8    439  [41,18,4,17,43]     00:00:00:00:00:11    00:00:00:00:00:13 9    439  [41,18,42,17,43]     00:00:00:00:00:11    00:00:00:00:00:13 10    439  [41,18,44,17,43]     00:00:00:00:00:11    00:00:00:00:00:13 11    439  [41,18,45,17,43]     00:00:00:00:00:11    00:00:00:00:00:13 12    585  [41,17,3,4,18,43]     00:00:00:00:00:11    00:00:00:00:00:13 13    585  [41,17,4,3,18,43]     00:00:00:00:00:11    00:00:00:00:00:13 14    585  [41,18,3,4,17,43]     00:00:00:00:00:11    00:00:00:00:00:13 15    585  [41,18,4,3,17,43]  
# h00:00:00:00:00:02 -> h00:00:00:00:00:16
   00:00:00:00:00:02    00:00:00:00:00:16 0    585  [26,5,1,3,13,19]     00:00:00:00:00:02    00:00:00:00:00:16 1    585  [26,5,1,3,14,19]     00:00:00:00:00:02    00:00:00:00:00:16 2    585  [26,5,1,4,13,19]     00:00:00:00:00:02    00:00:00:00:00:16 3    585  [26,5,1,4,14,19]     00:00:00:00:00:02    00:00:00:00:00:16 4    585  [26,5,2,3,13,19]     00:00:00:00:00:02    00:00:00:00:00:16 5    585  [26,5,2,3,14,19]     00:00:00:00:00:02    00:00:00:00:00:16 6    585  [26,5,2,4,13,19]     00:00:00:00:00:02    00:00:00:00:00:16 7    585  [26,5,2,4,14,19]     00:00:00:00:00:02    00:00:00:00:00:16 8    585  [26,6,1,3,13,19]     00:00:00:00:00:02    00:00:00:00:00:16 9    585  [26,6,1,3,14,19]     00:00:00:00:00:02    00:00:00:00:00:16 10    585  [26,6,1,4,13,19]     00:00:00:00:00:02    00:00:00:00:00:16 11    585  [26,6,1,4,14,19]     00:00:00:00:00:02    00:00:00:00:00:16 12    585  [26,6,2,3,13,19]     00:00:00:00:00:02    00:00:00:00:00:16 13    585  [26,6,2,3,14,19]     00:00:00:00:00:02    00:00:00:00:00:16 14    585  [26,6,2,4,13,19]     00:00:00:00:00:02    00:00:00:00:00:16 15    585  [26,6,2,4,14,19]  
# h00:00:00:00:00:02 -> h00:00:00:00:00:06
   00:00:00:00:00:02    00:00:00:00:00:06 0    439  [26,5,1,7,30]     00:00:00:00:00:02    00:00:00:00:00:06 1    439  [26,5,1,8,30]     00:00:00:00:00:02    00:00:00:00:00:06 2    439  [26,5,2,7,30]     00:00:00:00:00:02    00:00:00:00:00:06 3    439  [26,5,2,8,30]     00:00:00:00:00:02    00:00:00:00:00:06 4    439  [26,6,1,7,30]     00:00:00:00:00:02    00:00:00:00:00:06 5    439  [26,6,1,8,30]     00:00:00:00:00:02    00:00:00:00:00:06 6    439  [26,6,2,7,30]     00:00:00:00:00:02    00:00:00:00:00:06 7    439  [26,6,2,8,30]     00:00:00:00:00:02    00:00:00:00:00:06 8    585  [26,5,1,2,7,30]     00:00:00:00:00:02    00:00:00:00:00:06 9    585  [26,5,1,2,8,30]     00:00:00:00:00:02    00:00:00:00:00:06 10    585  [26,5,2,1,7,30]     00:00:00:00:00:02    00:00:00:00:00:06 11    585  [26,5,2,1,8,30]     00:00:00:00:00:02    00:00:00:00:00:06 12    585  [26,6,1,2,7,30]     00:00:00:00:00:02    00:00:00:00:00:06 13    585  [26,6,1,2,8,30]     00:00:00:00:00:02    00:00:00:00:00:06 14    585  [26,6,2,1,7,30]     00:00:00:00:00:02    00:00:00:00:00:06 15    585  [26,6,2,1,8,30]  
# h00:00:00:00:00:02 -> h00:00:00:00:00:07
   00:00:00:00:00:02    00:00:00:00:00:07 0    439  [26,5,1,7,31]     00:00:00:00:00:02    00:00:00:00:00:07 1    439  [26,5,1,8,31]     00:00:00:00:00:02    00:00:00:00:00:07 2    439  [26,5,2,7,31]     00:00:00:00:00:02    00:00:00:00:00:07 3    439  [26,5,2,8,31]     00:00:00:00:00:02    00:00:00:00:00:07 4    439  [26,6,1,7,31]     00:00:00:00:00:02    00:00:00:00:00:07 5    439  [26,6,1,8,31]     00:00:00:00:00:02    00:00:00:00:00:07 6    439  [26,6,2,7,31]     00:00:00:00:00:02    00:00:00:00:00:07 7    439  [26,6,2,8,31]     00:00:00:00:00:02    00:00:00:00:00:07 8    585  [26,5,1,2,7,31]     00:00:00:00:00:02    00:00:00:00:00:07 9    585  [26,5,1,2,8,31]     00:00:00:00:00:02    00:00:00:00:00:07 10    585  [26,5,2,1,7,31]     00:00:00:00:00:02    00:00:00:00:00:07 11    585  [26,5,2,1,8,31]     00:00:00:00:00:02    00:00:00:00:00:07 12    585  [26,6,1,2,7,31]     00:00:00:00:00:02    00:00:00:00:00:07 13    585  [26,6,1,2,8,31]     00:00:00:00:00:02    00:00:00:00:00:07 14    585  [26,6,2,1,7,31]     00:00:00:00:00:02    00:00:00:00:00:07 15    585  [26,6,2,1,8,31]  
# h00:00:00:00:00:02 -> h00:00:00:00:00:1b
   00:00:00:00:00:02    00:00:00:00:00:1b 0    585  [26,5,1,3,15,24]     00:00:00:00:00:02    00:00:00:00:00:1b 1    585  [26,5,1,3,16,24]     00:00:00:00:00:02    00:00:00:00:00:1b 2    585  [26,5,1,4,15,24]     00:00:00:00:00:02    00:00:00:00:00:1b 3    585  [26,5,1,4,16,24]     00:00:00:00:00:02    00:00:00:00:00:1b 4    585  [26,5,2,3,15,24]     00:00:00:00:00:02    00:00:00:00:00:1b 5    585  [26,5,2,3,16,24]     00:00:00:00:00:02    00:00:00:00:00:1b 6    585  [26,5,2,4,15,24]     00:00:00:00:00:02    00:00:00:00:00:1b 7    585  [26,5,2,4,16,24]     00:00:00:00:00:02    00:00:00:00:00:1b 8    585  [26,6,1,3,15,24]     00:00:00:00:00:02    00:00:00:00:00:1b 9    585  [26,6,1,3,16,24]     00:00:00:00:00:02    00:00:00:00:00:1b 10    585  [26,6,1,4,15,24]     00:00:00:00:00:02    00:00:00:00:00:1b 11    585  [26,6,1,4,16,24]     00:00:00:00:00:02    00:00:00:00:00:1b 12    585  [26,6,2,3,15,24]     00:00:00:00:00:02    00:00:00:00:00:1b 13    585  [26,6,2,3,16,24]     00:00:00:00:00:02    00:00:00:00:00:1b 14    585  [26,6,2,4,15,24]     00:00:00:00:00:02    00:00:00:00:00:1b 15    585  [26,6,2,4,16,24]  
# h00:00:00:00:00:02 -> h00:00:00:00:00:17
   00:00:00:00:00:02    00:00:00:00:00:17 0    585  [26,5,1,3,13,20]     00:00:00:00:00:02    00:00:00:00:00:17 1    585  [26,5,1,3,14,20]     00:00:00:00:00:02    00:00:00:00:00:17 2    585  [26,5,1,4,13,20]     00:00:00:00:00:02    00:00:00:00:00:17 3    585  [26,5,1,4,14,20]     00:00:00:00:00:02    00:00:00:00:00:17 4    585  [26,5,2,3,13,20]     00:00:00:00:00:02    00:00:00:00:00:17 5    585  [26,5,2,3,14,20]     00:00:00:00:00:02    00:00:00:00:00:17 6    585  [26,5,2,4,13,20]     00:00:00:00:00:02    00:00:00:00:00:17 7    585  [26,5,2,4,14,20]     00:00:00:00:00:02    00:00:00:00:00:17 8    585  [26,6,1,3,13,20]     00:00:00:00:00:02    00:00:00:00:00:17 9    585  [26,6,1,3,14,20]     00:00:00:00:00:02    00:00:00:00:00:17 10    585  [26,6,1,4,13,20]     00:00:00:00:00:02    00:00:00:00:00:17 11    585  [26,6,1,4,14,20]     00:00:00:00:00:02    00:00:00:00:00:17 12    585  [26,6,2,3,13,20]     00:00:00:00:00:02    00:00:00:00:00:17 13    585  [26,6,2,3,14,20]     00:00:00:00:00:02    00:00:00:00:00:17 14    585  [26,6,2,4,13,20]     00:00:00:00:00:02    00:00:00:00:00:17 15    585  [26,6,2,4,14,20]  
# h00:00:00:00:00:02 -> h00:00:00:00:00:09
   00:00:00:00:00:02    00:00:00:00:00:09 0    439  [26,5,1,9,33]     00:00:00:00:00:02    00:00:00:00:00:09 1    439  [26,5,1,10,33]     00:00:00:00:00:02    00:00:00:00:00:09 2    439  [26,5,2,9,33]     00:00:00:00:00:02    00:00:00:00:00:09 3    439  [26,5,2,10,33]     00:00:00:00:00:02    00:00:00:00:00:09 4    439  [26,6,1,9,33]     00:00:00:00:00:02    00:00:00:00:00:09 5    439  [26,6,1,10,33]     00:00:00:00:00:02    00:00:00:00:00:09 6    439  [26,6,2,9,33]     00:00:00:00:00:02    00:00:00:00:00:09 7    439  [26,6,2,10,33]     00:00:00:00:00:02    00:00:00:00:00:09 8    585  [26,5,1,2,9,33]     00:00:00:00:00:02    00:00:00:00:00:09 9    585  [26,5,1,2,10,33]     00:00:00:00:00:02    00:00:00:00:00:09 10    585  [26,5,2,1,9,33]     00:00:00:00:00:02    00:00:00:00:00:09 11    585  [26,5,2,1,10,33]     00:00:00:00:00:02    00:00:00:00:00:09 12    585  [26,6,1,2,9,33]     00:00:00:00:00:02    00:00:00:00:00:09 13    585  [26,6,1,2,10,33]     00:00:00:00:00:02    00:00:00:00:00:09 14    585  [26,6,2,1,9,33]     00:00:00:00:00:02    00:00:00:00:00:09 15    585  [26,6,2,1,10,33]  
# h00:00:00:00:00:02 -> h00:00:00:00:00:05
   00:00:00:00:00:02    00:00:00:00:00:05 0    439  [26,5,1,7,29]     00:00:00:00:00:02    00:00:00:00:00:05 1    439  [26,5,1,8,29]     00:00:00:00:00:02    00:00:00:00:00:05 2    439  [26,5,2,7,29]     00:00:00:00:00:02    00:00:00:00:00:05 3    439  [26,5,2,8,29]     00:00:00:00:00:02    00:00:00:00:00:05 4    439  [26,6,1,7,29]     00:00:00:00:00:02    00:00:00:00:00:05 5    439  [26,6,1,8,29]     00:00:00:00:00:02    00:00:00:00:00:05 6    439  [26,6,2,7,29]     00:00:00:00:00:02    00:00:00:00:00:05 7    439  [26,6,2,8,29]     00:00:00:00:00:02    00:00:00:00:00:05 8    585  [26,5,1,2,7,29]     00:00:00:00:00:02    00:00:00:00:00:05 9    585  [26,5,1,2,8,29]     00:00:00:00:00:02    00:00:00:00:00:05 10    585  [26,5,2,1,7,29]     00:00:00:00:00:02    00:00:00:00:00:05 11    585  [26,5,2,1,8,29]     00:00:00:00:00:02    00:00:00:00:00:05 12    585  [26,6,1,2,7,29]     00:00:00:00:00:02    00:00:00:00:00:05 13    585  [26,6,1,2,8,29]     00:00:00:00:00:02    00:00:00:00:00:05 14    585  [26,6,2,1,7,29]     00:00:00:00:00:02    00:00:00:00:00:05 15    585  [26,6,2,1,8,29]  
# h00:00:00:00:00:02 -> h00:00:00:00:00:08
   00:00:00:00:00:02    00:00:00:00:00:08 0    439  [26,5,1,7,32]     00:00:00:00:00:02    00:00:00:00:00:08 1    439  [26,5,1,8,32]     00:00:00:00:00:02    00:00:00:00:00:08 2    439  [26,5,2,7,32]     00:00:00:00:00:02    00:00:00:00:00:08 3    439  [26,5,2,8,32]     00:00:00:00:00:02    00:00:00:00:00:08 4    439  [26,6,1,7,32]     00:00:00:00:00:02    00:00:00:00:00:08 5    439  [26,6,1,8,32]     00:00:00:00:00:02    00:00:00:00:00:08 6    439  [26,6,2,7,32]     00:00:00:00:00:02    00:00:00:00:00:08 7    439  [26,6,2,8,32]     00:00:00:00:00:02    00:00:00:00:00:08 8    585  [26,5,1,2,7,32]     00:00:00:00:00:02    00:00:00:00:00:08 9    585  [26,5,1,2,8,32]     00:00:00:00:00:02    00:00:00:00:00:08 10    585  [26,5,2,1,7,32]     00:00:00:00:00:02    00:00:00:00:00:08 11    585  [26,5,2,1,8,32]     00:00:00:00:00:02    00:00:00:00:00:08 12    585  [26,6,1,2,7,32]     00:00:00:00:00:02    00:00:00:00:00:08 13    585  [26,6,1,2,8,32]     00:00:00:00:00:02    00:00:00:00:00:08 14    585  [26,6,2,1,7,32]     00:00:00:00:00:02    00:00:00:00:00:08 15    585  [26,6,2,1,8,32]  
# h00:00:00:00:00:02 -> h00:00:00:00:00:04
   00:00:00:00:00:02    00:00:00:00:00:04 0    146  [26,5,28]     00:00:00:00:00:02    00:00:00:00:00:04 1    146  [26,6,28]     00:00:00:00:00:02    00:00:00:00:00:04 2    439  [26,5,1,6,28]     00:00:00:00:00:02    00:00:00:00:00:04 3    439  [26,5,2,6,28]     00:00:00:00:00:02    00:00:00:00:00:04 4    439  [26,5,25,6,28]     00:00:00:00:00:02    00:00:00:00:00:04 5    439  [26,5,27,6,28]     00:00:00:00:00:02    00:00:00:00:00:04 6    439  [26,6,1,5,28]     00:00:00:00:00:02    00:00:00:00:00:04 7    439  [26,6,2,5,28]     00:00:00:00:00:02    00:00:00:00:00:04 8    439  [26,6,25,5,28]     00:00:00:00:00:02    00:00:00:00:00:04 9    439  [26,6,27,5,28]     00:00:00:00:00:02    00:00:00:00:00:04 10    585  [26,5,1,2,6,28]     00:00:00:00:00:02    00:00:00:00:00:04 11    585  [26,5,2,1,6,28]     00:00:00:00:00:02    00:00:00:00:00:04 12    585  [26,6,1,2,5,28]     00:00:00:00:00:02    00:00:00:00:00:04 13    585  [26,6,2,1,5,28]     00:00:00:00:00:02    00:00:00:00:00:04 14    731  [26,5,1,3,2,6,28]     00:00:00:00:00:02    00:00:00:00:00:04 15    731  [26,5,1,4,2,6,28]  
# h00:00:00:00:00:02 -> h00:00:00:00:00:1a
   00:00:00:00:00:02    00:00:00:00:00:1a 0    585  [26,5,1,3,15,23]     00:00:00:00:00:02    00:00:00:00:00:1a 1    585  [26,5,1,3,16,23]     00:00:00:00:00:02    00:00:00:00:00:1a 2    585  [26,5,1,4,15,23]     00:00:00:00:00:02    00:00:00:00:00:1a 3    585  [26,5,1,4,16,23]     00:00:00:00:00:02    00:00:00:00:00:1a 4    585  [26,5,2,3,15,23]     00:00:00:00:00:02    00:00:00:00:00:1a 5    585  [26,5,2,3,16,23]     00:00:00:00:00:02    00:00:00:00:00:1a 6    585  [26,5,2,4,15,23]     00:00:00:00:00:02    00:00:00:00:00:1a 7    585  [26,5,2,4,16,23]     00:00:00:00:00:02    00:00:00:00:00:1a 8    585  [26,6,1,3,15,23]     00:00:00:00:00:02    00:00:00:00:00:1a 9    585  [26,6,1,3,16,23]     00:00:00:00:00:02    00:00:00:00:00:1a 10    585  [26,6,1,4,15,23]     00:00:00:00:00:02    00:00:00:00:00:1a 11    585  [26,6,1,4,16,23]     00:00:00:00:00:02    00:00:00:00:00:1a 12    585  [26,6,2,3,15,23]     00:00:00:00:00:02    00:00:00:00:00:1a 13    585  [26,6,2,3,16,23]     00:00:00:00:00:02    00:00:00:00:00:1a 14    585  [26,6,2,4,15,23]     00:00:00:00:00:02    00:00:00:00:00:1a 15    585  [26,6,2,4,16,23]  
# h00:00:00:00:00:02 -> h00:00:00:00:00:10
   00:00:00:00:00:02    00:00:00:00:00:10 0    439  [26,5,1,11,40]     00:00:00:00:00:02    00:00:00:00:00:10 1    439  [26,5,1,12,40]     00:00:00:00:00:02    00:00:00:00:00:10 2    439  [26,5,2,11,40]     00:00:00:00:00:02    00:00:00:00:00:10 3    439  [26,5,2,12,40]     00:00:00:00:00:02    00:00:00:00:00:10 4    439  [26,6,1,11,40]     00:00:00:00:00:02    00:00:00:00:00:10 5    439  [26,6,1,12,40]     00:00:00:00:00:02    00:00:00:00:00:10 6    439  [26,6,2,11,40]     00:00:00:00:00:02    00:00:00:00:00:10 7    439  [26,6,2,12,40]     00:00:00:00:00:02    00:00:00:00:00:10 8    585  [26,5,1,2,11,40]     00:00:00:00:00:02    00:00:00:00:00:10 9    585  [26,5,1,2,12,40]     00:00:00:00:00:02    00:00:00:00:00:10 10    585  [26,5,2,1,11,40]     00:00:00:00:00:02    00:00:00:00:00:10 11    585  [26,5,2,1,12,40]     00:00:00:00:00:02    00:00:00:00:00:10 12    585  [26,6,1,2,11,40]     00:00:00:00:00:02    00:00:00:00:00:10 13    585  [26,6,1,2,12,40]     00:00:00:00:00:02    00:00:00:00:00:10 14    585  [26,6,2,1,11,40]     00:00:00:00:00:02    00:00:00:00:00:10 15    585  [26,6,2,1,12,40]  
# h00:00:00:00:00:02 -> h00:00:00:00:00:18
   00:00:00:00:00:02    00:00:00:00:00:18 0    585  [26,5,1,3,13,21]     00:00:00:00:00:02    00:00:00:00:00:18 1    585  [26,5,1,3,14,21]     00:00:00:00:00:02    00:00:00:00:00:18 2    585  [26,5,1,4,13,21]     00:00:00:00:00:02    00:00:00:00:00:18 3    585  [26,5,1,4,14,21]     00:00:00:00:00:02    00:00:00:00:00:18 4    585  [26,5,2,3,13,21]     00:00:00:00:00:02    00:00:00:00:00:18 5    585  [26,5,2,3,14,21]     00:00:00:00:00:02    00:00:00:00:00:18 6    585  [26,5,2,4,13,21]     00:00:00:00:00:02    00:00:00:00:00:18 7    585  [26,5,2,4,14,21]     00:00:00:00:00:02    00:00:00:00:00:18 8    585  [26,6,1,3,13,21]     00:00:00:00:00:02    00:00:00:00:00:18 9    585  [26,6,1,3,14,21]     00:00:00:00:00:02    00:00:00:00:00:18 10    585  [26,6,1,4,13,21]     00:00:00:00:00:02    00:00:00:00:00:18 11    585  [26,6,1,4,14,21]     00:00:00:00:00:02    00:00:00:00:00:18 12    585  [26,6,2,3,13,21]     00:00:00:00:00:02    00:00:00:00:00:18 13    585  [26,6,2,3,14,21]     00:00:00:00:00:02    00:00:00:00:00:18 14    585  [26,6,2,4,13,21]     00:00:00:00:00:02    00:00:00:00:00:18 15    585  [26,6,2,4,14,21]  
# h00:00:00:00:00:02 -> h00:00:00:00:00:19
   00:00:00:00:00:02    00:00:00:00:00:19 0    585  [26,5,1,3,15,22]     00:00:00:00:00:02    00:00:00:00:00:19 1    585  [26,5,1,3,16,22]     00:00:00:00:00:02    00:00:00:00:00:19 2    585  [26,5,1,4,15,22]     00:00:00:00:00:02    00:00:00:00:00:19 3    585  [26,5,1,4,16,22]     00:00:00:00:00:02    00:00:00:00:00:19 4    585  [26,5,2,3,15,22]     00:00:00:00:00:02    00:00:00:00:00:19 5    585  [26,5,2,3,16,22]     00:00:00:00:00:02    00:00:00:00:00:19 6    585  [26,5,2,4,15,22]     00:00:00:00:00:02    00:00:00:00:00:19 7    585  [26,5,2,4,16,22]     00:00:00:00:00:02    00:00:00:00:00:19 8    585  [26,6,1,3,15,22]     00:00:00:00:00:02    00:00:00:00:00:19 9    585  [26,6,1,3,16,22]     00:00:00:00:00:02    00:00:00:00:00:19 10    585  [26,6,1,4,15,22]     00:00:00:00:00:02    00:00:00:00:00:19 11    585  [26,6,1,4,16,22]     00:00:00:00:00:02    00:00:00:00:00:19 12    585  [26,6,2,3,15,22]     00:00:00:00:00:02    00:00:00:00:00:19 13    585  [26,6,2,3,16,22]     00:00:00:00:00:02    00:00:00:00:00:19 14    585  [26,6,2,4,15,22]     00:00:00:00:00:02    00:00:00:00:00:19 15    585  [26,6,2,4,16,22]  
# h00:00:00:00:00:02 -> h00:00:00:00:00:0e
   00:00:00:00:00:02    00:00:00:00:00:0e 0    439  [26,5,1,11,38]     00:00:00:00:00:02    00:00:00:00:00:0e 1    439  [26,5,1,12,38]     00:00:00:00:00:02    00:00:00:00:00:0e 2    439  [26,5,2,11,38]     00:00:00:00:00:02    00:00:00:00:00:0e 3    439  [26,5,2,12,38]     00:00:00:00:00:02    00:00:00:00:00:0e 4    439  [26,6,1,11,38]     00:00:00:00:00:02    00:00:00:00:00:0e 5    439  [26,6,1,12,38]     00:00:00:00:00:02    00:00:00:00:00:0e 6    439  [26,6,2,11,38]     00:00:00:00:00:02    00:00:00:00:00:0e 7    439  [26,6,2,12,38]     00:00:00:00:00:02    00:00:00:00:00:0e 8    585  [26,5,1,2,11,38]     00:00:00:00:00:02    00:00:00:00:00:0e 9    585  [26,5,1,2,12,38]     00:00:00:00:00:02    00:00:00:00:00:0e 10    585  [26,5,2,1,11,38]     00:00:00:00:00:02    00:00:00:00:00:0e 11    585  [26,5,2,1,12,38]     00:00:00:00:00:02    00:00:00:00:00:0e 12    585  [26,6,1,2,11,38]     00:00:00:00:00:02    00:00:00:00:00:0e 13    585  [26,6,1,2,12,38]     00:00:00:00:00:02    00:00:00:00:00:0e 14    585  [26,6,2,1,11,38]     00:00:00:00:00:02    00:00:00:00:00:0e 15    585  [26,6,2,1,12,38]  
# h00:00:00:00:00:02 -> h00:00:00:00:00:01
   00:00:00:00:00:02    00:00:00:00:00:01 0    146  [26,5,25]     00:00:00:00:00:02    00:00:00:00:00:01 1    146  [26,6,25]     00:00:00:00:00:02    00:00:00:00:00:01 2    439  [26,5,1,6,25]     00:00:00:00:00:02    00:00:00:00:00:01 3    439  [26,5,2,6,25]     00:00:00:00:00:02    00:00:00:00:00:01 4    439  [26,5,27,6,25]     00:00:00:00:00:02    00:00:00:00:00:01 5    439  [26,5,28,6,25]     00:00:00:00:00:02    00:00:00:00:00:01 6    439  [26,6,1,5,25]     00:00:00:00:00:02    00:00:00:00:00:01 7    439  [26,6,2,5,25]     00:00:00:00:00:02    00:00:00:00:00:01 8    439  [26,6,27,5,25]     00:00:00:00:00:02    00:00:00:00:00:01 9    439  [26,6,28,5,25]     00:00:00:00:00:02    00:00:00:00:00:01 10    585  [26,5,1,2,6,25]     00:00:00:00:00:02    00:00:00:00:00:01 11    585  [26,5,2,1,6,25]     00:00:00:00:00:02    00:00:00:00:00:01 12    585  [26,6,1,2,5,25]     00:00:00:00:00:02    00:00:00:00:00:01 13    585  [26,6,2,1,5,25]     00:00:00:00:00:02    00:00:00:00:00:01 14    731  [26,5,1,3,2,6,25]     00:00:00:00:00:02    00:00:00:00:00:01 15    731  [26,5,1,4,2,6,25]  
# h00:00:00:00:00:02 -> h00:00:00:00:00:14
   00:00:00:00:00:02    00:00:00:00:00:14 0    585  [26,5,1,3,17,44]     00:00:00:00:00:02    00:00:00:00:00:14 1    585  [26,5,1,3,18,44]     00:00:00:00:00:02    00:00:00:00:00:14 2    585  [26,5,1,4,17,44]     00:00:00:00:00:02    00:00:00:00:00:14 3    585  [26,5,1,4,18,44]     00:00:00:00:00:02    00:00:00:00:00:14 4    585  [26,5,2,3,17,44]     00:00:00:00:00:02    00:00:00:00:00:14 5    585  [26,5,2,3,18,44]     00:00:00:00:00:02    00:00:00:00:00:14 6    585  [26,5,2,4,17,44]     00:00:00:00:00:02    00:00:00:00:00:14 7    585  [26,5,2,4,18,44]     00:00:00:00:00:02    00:00:00:00:00:14 8    585  [26,6,1,3,17,44]     00:00:00:00:00:02    00:00:00:00:00:14 9    585  [26,6,1,3,18,44]     00:00:00:00:00:02    00:00:00:00:00:14 10    585  [26,6,1,4,17,44]     00:00:00:00:00:02    00:00:00:00:00:14 11    585  [26,6,1,4,18,44]     00:00:00:00:00:02    00:00:00:00:00:14 12    585  [26,6,2,3,17,44]     00:00:00:00:00:02    00:00:00:00:00:14 13    585  [26,6,2,3,18,44]     00:00:00:00:00:02    00:00:00:00:00:14 14    585  [26,6,2,4,17,44]     00:00:00:00:00:02    00:00:00:00:00:14 15    585  [26,6,2,4,18,44]  
# h00:00:00:00:00:02 -> h00:00:00:00:00:0b
   00:00:00:00:00:02    00:00:00:00:00:0b 0    439  [26,5,1,9,35]     00:00:00:00:00:02    00:00:00:00:00:0b 1    439  [26,5,1,10,35]     00:00:00:00:00:02    00:00:00:00:00:0b 2    439  [26,5,2,9,35]     00:00:00:00:00:02    00:00:00:00:00:0b 3    439  [26,5,2,10,35]     00:00:00:00:00:02    00:00:00:00:00:0b 4    439  [26,6,1,9,35]     00:00:00:00:00:02    00:00:00:00:00:0b 5    439  [26,6,1,10,35]     00:00:00:00:00:02    00:00:00:00:00:0b 6    439  [26,6,2,9,35]     00:00:00:00:00:02    00:00:00:00:00:0b 7    439  [26,6,2,10,35]     00:00:00:00:00:02    00:00:00:00:00:0b 8    585  [26,5,1,2,9,35]     00:00:00:00:00:02    00:00:00:00:00:0b 9    585  [26,5,1,2,10,35]     00:00:00:00:00:02    00:00:00:00:00:0b 10    585  [26,5,2,1,9,35]     00:00:00:00:00:02    00:00:00:00:00:0b 11    585  [26,5,2,1,10,35]     00:00:00:00:00:02    00:00:00:00:00:0b 12    585  [26,6,1,2,9,35]     00:00:00:00:00:02    00:00:00:00:00:0b 13    585  [26,6,1,2,10,35]     00:00:00:00:00:02    00:00:00:00:00:0b 14    585  [26,6,2,1,9,35]     00:00:00:00:00:02    00:00:00:00:00:0b 15    585  [26,6,2,1,10,35]  
# h00:00:00:00:00:02 -> h00:00:00:00:00:0a
   00:00:00:00:00:02    00:00:00:00:00:0a 0    439  [26,5,1,9,34]     00:00:00:00:00:02    00:00:00:00:00:0a 1    439  [26,5,1,10,34]     00:00:00:00:00:02    00:00:00:00:00:0a 2    439  [26,5,2,9,34]     00:00:00:00:00:02    00:00:00:00:00:0a 3    439  [26,5,2,10,34]     00:00:00:00:00:02    00:00:00:00:00:0a 4    439  [26,6,1,9,34]     00:00:00:00:00:02    00:00:00:00:00:0a 5    439  [26,6,1,10,34]     00:00:00:00:00:02    00:00:00:00:00:0a 6    439  [26,6,2,9,34]     00:00:00:00:00:02    00:00:00:00:00:0a 7    439  [26,6,2,10,34]     00:00:00:00:00:02    00:00:00:00:00:0a 8    585  [26,5,1,2,9,34]     00:00:00:00:00:02    00:00:00:00:00:0a 9    585  [26,5,1,2,10,34]     00:00:00:00:00:02    00:00:00:00:00:0a 10    585  [26,5,2,1,9,34]     00:00:00:00:00:02    00:00:00:00:00:0a 11    585  [26,5,2,1,10,34]     00:00:00:00:00:02    00:00:00:00:00:0a 12    585  [26,6,1,2,9,34]     00:00:00:00:00:02    00:00:00:00:00:0a 13    585  [26,6,1,2,10,34]     00:00:00:00:00:02    00:00:00:00:00:0a 14    585  [26,6,2,1,9,34]     00:00:00:00:00:02    00:00:00:00:00:0a 15    585  [26,6,2,1,10,34]  
# h00:00:00:00:00:02 -> h00:00:00:00:00:0c
   00:00:00:00:00:02    00:00:00:00:00:0c 0    439  [26,5,1,9,36]     00:00:00:00:00:02    00:00:00:00:00:0c 1    439  [26,5,1,10,36]     00:00:00:00:00:02    00:00:00:00:00:0c 2    439  [26,5,2,9,36]     00:00:00:00:00:02    00:00:00:00:00:0c 3    439  [26,5,2,10,36]     00:00:00:00:00:02    00:00:00:00:00:0c 4    439  [26,6,1,9,36]     00:00:00:00:00:02    00:00:00:00:00:0c 5    439  [26,6,1,10,36]     00:00:00:00:00:02    00:00:00:00:00:0c 6    439  [26,6,2,9,36]     00:00:00:00:00:02    00:00:00:00:00:0c 7    439  [26,6,2,10,36]     00:00:00:00:00:02    00:00:00:00:00:0c 8    585  [26,5,1,2,9,36]     00:00:00:00:00:02    00:00:00:00:00:0c 9    585  [26,5,1,2,10,36]     00:00:00:00:00:02    00:00:00:00:00:0c 10    585  [26,5,2,1,9,36]     00:00:00:00:00:02    00:00:00:00:00:0c 11    585  [26,5,2,1,10,36]     00:00:00:00:00:02    00:00:00:00:00:0c 12    585  [26,6,1,2,9,36]     00:00:00:00:00:02    00:00:00:00:00:0c 13    585  [26,6,1,2,10,36]     00:00:00:00:00:02    00:00:00:00:00:0c 14    585  [26,6,2,1,9,36]     00:00:00:00:00:02    00:00:00:00:00:0c 15    585  [26,6,2,1,10,36]  
# h00:00:00:00:00:02 -> h00:00:00:00:00:0d
   00:00:00:00:00:02    00:00:00:00:00:0d 0    439  [26,5,1,11,37]     00:00:00:00:00:02    00:00:00:00:00:0d 1    439  [26,5,1,12,37]     00:00:00:00:00:02    00:00:00:00:00:0d 2    439  [26,5,2,11,37]     00:00:00:00:00:02    00:00:00:00:00:0d 3    439  [26,5,2,12,37]     00:00:00:00:00:02    00:00:00:00:00:0d 4    439  [26,6,1,11,37]     00:00:00:00:00:02    00:00:00:00:00:0d 5    439  [26,6,1,12,37]     00:00:00:00:00:02    00:00:00:00:00:0d 6    439  [26,6,2,11,37]     00:00:00:00:00:02    00:00:00:00:00:0d 7    439  [26,6,2,12,37]     00:00:00:00:00:02    00:00:00:00:00:0d 8    585  [26,5,1,2,11,37]     00:00:00:00:00:02    00:00:00:00:00:0d 9    585  [26,5,1,2,12,37]     00:00:00:00:00:02    00:00:00:00:00:0d 10    585  [26,5,2,1,11,37]     00:00:00:00:00:02    00:00:00:00:00:0d 11    585  [26,5,2,1,12,37]     00:00:00:00:00:02    00:00:00:00:00:0d 12    585  [26,6,1,2,11,37]     00:00:00:00:00:02    00:00:00:00:00:0d 13    585  [26,6,1,2,12,37]     00:00:00:00:00:02    00:00:00:00:00:0d 14    585  [26,6,2,1,11,37]     00:00:00:00:00:02    00:00:00:00:00:0d 15    585  [26,6,2,1,12,37]  
# h00:00:00:00:00:02 -> h00:00:00:00:00:03
   00:00:00:00:00:02    00:00:00:00:00:03 0    146  [26,5,27]     00:00:00:00:00:02    00:00:00:00:00:03 1    146  [26,6,27]     00:00:00:00:00:02    00:00:00:00:00:03 2    439  [26,5,1,6,27]     00:00:00:00:00:02    00:00:00:00:00:03 3    439  [26,5,2,6,27]     00:00:00:00:00:02    00:00:00:00:00:03 4    439  [26,5,25,6,27]     00:00:00:00:00:02    00:00:00:00:00:03 5    439  [26,5,28,6,27]     00:00:00:00:00:02    00:00:00:00:00:03 6    439  [26,6,1,5,27]     00:00:00:00:00:02    00:00:00:00:00:03 7    439  [26,6,2,5,27]     00:00:00:00:00:02    00:00:00:00:00:03 8    439  [26,6,25,5,27]     00:00:00:00:00:02    00:00:00:00:00:03 9    439  [26,6,28,5,27]     00:00:00:00:00:02    00:00:00:00:00:03 10    585  [26,5,1,2,6,27]     00:00:00:00:00:02    00:00:00:00:00:03 11    585  [26,5,2,1,6,27]     00:00:00:00:00:02    00:00:00:00:00:03 12    585  [26,6,1,2,5,27]     00:00:00:00:00:02    00:00:00:00:00:03 13    585  [26,6,2,1,5,27]     00:00:00:00:00:02    00:00:00:00:00:03 14    731  [26,5,1,3,2,6,27]     00:00:00:00:00:02    00:00:00:00:00:03 15    731  [26,5,1,4,2,6,27]  
# h00:00:00:00:00:02 -> h00:00:00:00:00:11
   00:00:00:00:00:02    00:00:00:00:00:11 0    585  [26,5,1,3,17,41]     00:00:00:00:00:02    00:00:00:00:00:11 1    585  [26,5,1,3,18,41]     00:00:00:00:00:02    00:00:00:00:00:11 2    585  [26,5,1,4,17,41]     00:00:00:00:00:02    00:00:00:00:00:11 3    585  [26,5,1,4,18,41]     00:00:00:00:00:02    00:00:00:00:00:11 4    585  [26,5,2,3,17,41]     00:00:00:00:00:02    00:00:00:00:00:11 5    585  [26,5,2,3,18,41]     00:00:00:00:00:02    00:00:00:00:00:11 6    585  [26,5,2,4,17,41]     00:00:00:00:00:02    00:00:00:00:00:11 7    585  [26,5,2,4,18,41]     00:00:00:00:00:02    00:00:00:00:00:11 8    585  [26,6,1,3,17,41]     00:00:00:00:00:02    00:00:00:00:00:11 9    585  [26,6,1,3,18,41]     00:00:00:00:00:02    00:00:00:00:00:11 10    585  [26,6,1,4,17,41]     00:00:00:00:00:02    00:00:00:00:00:11 11    585  [26,6,1,4,18,41]     00:00:00:00:00:02    00:00:00:00:00:11 12    585  [26,6,2,3,17,41]     00:00:00:00:00:02    00:00:00:00:00:11 13    585  [26,6,2,3,18,41]     00:00:00:00:00:02    00:00:00:00:00:11 14    585  [26,6,2,4,17,41]     00:00:00:00:00:02    00:00:00:00:00:11 15    585  [26,6,2,4,18,41]  
# h00:00:00:00:00:02 -> h00:00:00:00:00:0f
   00:00:00:00:00:02    00:00:00:00:00:0f 0    439  [26,5,1,11,39]     00:00:00:00:00:02    00:00:00:00:00:0f 1    439  [26,5,1,12,39]     00:00:00:00:00:02    00:00:00:00:00:0f 2    439  [26,5,2,11,39]     00:00:00:00:00:02    00:00:00:00:00:0f 3    439  [26,5,2,12,39]     00:00:00:00:00:02    00:00:00:00:00:0f 4    439  [26,6,1,11,39]     00:00:00:00:00:02    00:00:00:00:00:0f 5    439  [26,6,1,12,39]     00:00:00:00:00:02    00:00:00:00:00:0f 6    439  [26,6,2,11,39]     00:00:00:00:00:02    00:00:00:00:00:0f 7    439  [26,6,2,12,39]     00:00:00:00:00:02    00:00:00:00:00:0f 8    585  [26,5,1,2,11,39]     00:00:00:00:00:02    00:00:00:00:00:0f 9    585  [26,5,1,2,12,39]     00:00:00:00:00:02    00:00:00:00:00:0f 10    585  [26,5,2,1,11,39]     00:00:00:00:00:02    00:00:00:00:00:0f 11    585  [26,5,2,1,12,39]     00:00:00:00:00:02    00:00:00:00:00:0f 12    585  [26,6,1,2,11,39]     00:00:00:00:00:02    00:00:00:00:00:0f 13    585  [26,6,1,2,12,39]     00:00:00:00:00:02    00:00:00:00:00:0f 14    585  [26,6,2,1,11,39]     00:00:00:00:00:02    00:00:00:00:00:0f 15    585  [26,6,2,1,12,39]  
# h00:00:00:00:00:02 -> h00:00:00:00:00:12
   00:00:00:00:00:02    00:00:00:00:00:12 0    585  [26,5,1,3,17,42]     00:00:00:00:00:02    00:00:00:00:00:12 1    585  [26,5,1,3,18,42]     00:00:00:00:00:02    00:00:00:00:00:12 2    585  [26,5,1,4,17,42]     00:00:00:00:00:02    00:00:00:00:00:12 3    585  [26,5,1,4,18,42]     00:00:00:00:00:02    00:00:00:00:00:12 4    585  [26,5,2,3,17,42]     00:00:00:00:00:02    00:00:00:00:00:12 5    585  [26,5,2,3,18,42]     00:00:00:00:00:02    00:00:00:00:00:12 6    585  [26,5,2,4,17,42]     00:00:00:00:00:02    00:00:00:00:00:12 7    585  [26,5,2,4,18,42]     00:00:00:00:00:02    00:00:00:00:00:12 8    585  [26,6,1,3,17,42]     00:00:00:00:00:02    00:00:00:00:00:12 9    585  [26,6,1,3,18,42]     00:00:00:00:00:02    00:00:00:00:00:12 10    585  [26,6,1,4,17,42]     00:00:00:00:00:02    00:00:00:00:00:12 11    585  [26,6,1,4,18,42]     00:00:00:00:00:02    00:00:00:00:00:12 12    585  [26,6,2,3,17,42]     00:00:00:00:00:02    00:00:00:00:00:12 13    585  [26,6,2,3,18,42]     00:00:00:00:00:02    00:00:00:00:00:12 14    585  [26,6,2,4,17,42]     00:00:00:00:00:02    00:00:00:00:00:12 15    585  [26,6,2,4,18,42]  
# h00:00:00:00:00:02 -> h00:00:00:00:00:15
   00:00:00:00:00:02    00:00:00:00:00:15 0    585  [26,5,1,3,17,45]     00:00:00:00:00:02    00:00:00:00:00:15 1    585  [26,5,1,3,18,45]     00:00:00:00:00:02    00:00:00:00:00:15 2    585  [26,5,1,4,17,45]     00:00:00:00:00:02    00:00:00:00:00:15 3    585  [26,5,1,4,18,45]     00:00:00:00:00:02    00:00:00:00:00:15 4    585  [26,5,2,3,17,45]     00:00:00:00:00:02    00:00:00:00:00:15 5    585  [26,5,2,3,18,45]     00:00:00:00:00:02    00:00:00:00:00:15 6    585  [26,5,2,4,17,45]     00:00:00:00:00:02    00:00:00:00:00:15 7    585  [26,5,2,4,18,45]     00:00:00:00:00:02    00:00:00:00:00:15 8    585  [26,6,1,3,17,45]     00:00:00:00:00:02    00:00:00:00:00:15 9    585  [26,6,1,3,18,45]     00:00:00:00:00:02    00:00:00:00:00:15 10    585  [26,6,1,4,17,45]     00:00:00:00:00:02    00:00:00:00:00:15 11    585  [26,6,1,4,18,45]     00:00:00:00:00:02    00:00:00:00:00:15 12    585  [26,6,2,3,17,45]     00:00:00:00:00:02    00:00:00:00:00:15 13    585  [26,6,2,3,18,45]     00:00:00:00:00:02    00:00:00:00:00:15 14    585  [26,6,2,4,17,45]     00:00:00:00:00:02    00:00:00:00:00:15 15    585  [26,6,2,4,18,45]  
# h00:00:00:00:00:02 -> h00:00:00:00:00:13
   00:00:00:00:00:02    00:00:00:00:00:13 0    585  [26,5,1,3,17,43]     00:00:00:00:00:02    00:00:00:00:00:13 1    585  [26,5,1,3,18,43]     00:00:00:00:00:02    00:00:00:00:00:13 2    585  [26,5,1,4,17,43]     00:00:00:00:00:02    00:00:00:00:00:13 3    585  [26,5,1,4,18,43]     00:00:00:00:00:02    00:00:00:00:00:13 4    585  [26,5,2,3,17,43]     00:00:00:00:00:02    00:00:00:00:00:13 5    585  [26,5,2,3,18,43]     00:00:00:00:00:02    00:00:00:00:00:13 6    585  [26,5,2,4,17,43]     00:00:00:00:00:02    00:00:00:00:00:13 7    585  [26,5,2,4,18,43]     00:00:00:00:00:02    00:00:00:00:00:13 8    585  [26,6,1,3,17,43]     00:00:00:00:00:02    00:00:00:00:00:13 9    585  [26,6,1,3,18,43]     00:00:00:00:00:02    00:00:00:00:00:13 10    585  [26,6,1,4,17,43]     00:00:00:00:00:02    00:00:00:00:00:13 11    585  [26,6,1,4,18,43]     00:00:00:00:00:02    00:00:00:00:00:13 12    585  [26,6,2,3,17,43]     00:00:00:00:00:02    00:00:00:00:00:13 13    585  [26,6,2,3,18,43]     00:00:00:00:00:02    00:00:00:00:00:13 14    585  [26,6,2,4,17,43]     00:00:00:00:00:02    00:00:00:00:00:13 15    585  [26,6,2,4,18,43]  
# h00:00:00:00:00:0f -> h00:00:00:00:00:16
   00:00:00:00:00:0f    00:00:00:00:00:16 0    585  [39,11,1,3,13,19]     00:00:00:00:00:0f    00:00:00:00:00:16 1    585  [39,11,1,3,14,19]     00:00:00:00:00:0f    00:00:00:00:00:16 2    585  [39,11,1,4,13,19]     00:00:00:00:00:0f    00:00:00:00:00:16 3    585  [39,11,1,4,14,19]     00:00:00:00:00:0f    00:00:00:00:00:16 4    585  [39,11,2,3,13,19]     00:00:00:00:00:0f    00:00:00:00:00:16 5    585  [39,11,2,3,14,19]     00:00:00:00:00:0f    00:00:00:00:00:16 6    585  [39,11,2,4,13,19]     00:00:00:00:00:0f    00:00:00:00:00:16 7    585  [39,11,2,4,14,19]     00:00:00:00:00:0f    00:00:00:00:00:16 8    585  [39,12,1,3,13,19]     00:00:00:00:00:0f    00:00:00:00:00:16 9    585  [39,12,1,3,14,19]     00:00:00:00:00:0f    00:00:00:00:00:16 10    585  [39,12,1,4,13,19]     00:00:00:00:00:0f    00:00:00:00:00:16 11    585  [39,12,1,4,14,19]     00:00:00:00:00:0f    00:00:00:00:00:16 12    585  [39,12,2,3,13,19]     00:00:00:00:00:0f    00:00:00:00:00:16 13    585  [39,12,2,3,14,19]     00:00:00:00:00:0f    00:00:00:00:00:16 14    585  [39,12,2,4,13,19]     00:00:00:00:00:0f    00:00:00:00:00:16 15    585  [39,12,2,4,14,19]  
# h00:00:00:00:00:0f -> h00:00:00:00:00:06
   00:00:00:00:00:0f    00:00:00:00:00:06 0    439  [39,11,1,7,30]     00:00:00:00:00:0f    00:00:00:00:00:06 1    439  [39,11,1,8,30]     00:00:00:00:00:0f    00:00:00:00:00:06 2    439  [39,11,2,7,30]     00:00:00:00:00:0f    00:00:00:00:00:06 3    439  [39,11,2,8,30]     00:00:00:00:00:0f    00:00:00:00:00:06 4    439  [39,12,1,7,30]     00:00:00:00:00:0f    00:00:00:00:00:06 5    439  [39,12,1,8,30]     00:00:00:00:00:0f    00:00:00:00:00:06 6    439  [39,12,2,7,30]     00:00:00:00:00:0f    00:00:00:00:00:06 7    439  [39,12,2,8,30]     00:00:00:00:00:0f    00:00:00:00:00:06 8    585  [39,11,1,2,7,30]     00:00:00:00:00:0f    00:00:00:00:00:06 9    585  [39,11,1,2,8,30]     00:00:00:00:00:0f    00:00:00:00:00:06 10    585  [39,11,2,1,7,30]     00:00:00:00:00:0f    00:00:00:00:00:06 11    585  [39,11,2,1,8,30]     00:00:00:00:00:0f    00:00:00:00:00:06 12    585  [39,12,1,2,7,30]     00:00:00:00:00:0f    00:00:00:00:00:06 13    585  [39,12,1,2,8,30]     00:00:00:00:00:0f    00:00:00:00:00:06 14    585  [39,12,2,1,7,30]     00:00:00:00:00:0f    00:00:00:00:00:06 15    585  [39,12,2,1,8,30]  
# h00:00:00:00:00:0f -> h00:00:00:00:00:07
   00:00:00:00:00:0f    00:00:00:00:00:07 0    439  [39,11,1,7,31]     00:00:00:00:00:0f    00:00:00:00:00:07 1    439  [39,11,1,8,31]     00:00:00:00:00:0f    00:00:00:00:00:07 2    439  [39,11,2,7,31]     00:00:00:00:00:0f    00:00:00:00:00:07 3    439  [39,11,2,8,31]     00:00:00:00:00:0f    00:00:00:00:00:07 4    439  [39,12,1,7,31]     00:00:00:00:00:0f    00:00:00:00:00:07 5    439  [39,12,1,8,31]     00:00:00:00:00:0f    00:00:00:00:00:07 6    439  [39,12,2,7,31]     00:00:00:00:00:0f    00:00:00:00:00:07 7    439  [39,12,2,8,31]     00:00:00:00:00:0f    00:00:00:00:00:07 8    585  [39,11,1,2,7,31]     00:00:00:00:00:0f    00:00:00:00:00:07 9    585  [39,11,1,2,8,31]     00:00:00:00:00:0f    00:00:00:00:00:07 10    585  [39,11,2,1,7,31]     00:00:00:00:00:0f    00:00:00:00:00:07 11    585  [39,11,2,1,8,31]     00:00:00:00:00:0f    00:00:00:00:00:07 12    585  [39,12,1,2,7,31]     00:00:00:00:00:0f    00:00:00:00:00:07 13    585  [39,12,1,2,8,31]     00:00:00:00:00:0f    00:00:00:00:00:07 14    585  [39,12,2,1,7,31]     00:00:00:00:00:0f    00:00:00:00:00:07 15    585  [39,12,2,1,8,31]  
# h00:00:00:00:00:0f -> h00:00:00:00:00:1b
   00:00:00:00:00:0f    00:00:00:00:00:1b 0    585  [39,11,1,3,15,24]     00:00:00:00:00:0f    00:00:00:00:00:1b 1    585  [39,11,1,3,16,24]     00:00:00:00:00:0f    00:00:00:00:00:1b 2    585  [39,11,1,4,15,24]     00:00:00:00:00:0f    00:00:00:00:00:1b 3    585  [39,11,1,4,16,24]     00:00:00:00:00:0f    00:00:00:00:00:1b 4    585  [39,11,2,3,15,24]     00:00:00:00:00:0f    00:00:00:00:00:1b 5    585  [39,11,2,3,16,24]     00:00:00:00:00:0f    00:00:00:00:00:1b 6    585  [39,11,2,4,15,24]     00:00:00:00:00:0f    00:00:00:00:00:1b 7    585  [39,11,2,4,16,24]     00:00:00:00:00:0f    00:00:00:00:00:1b 8    585  [39,12,1,3,15,24]     00:00:00:00:00:0f    00:00:00:00:00:1b 9    585  [39,12,1,3,16,24]     00:00:00:00:00:0f    00:00:00:00:00:1b 10    585  [39,12,1,4,15,24]     00:00:00:00:00:0f    00:00:00:00:00:1b 11    585  [39,12,1,4,16,24]     00:00:00:00:00:0f    00:00:00:00:00:1b 12    585  [39,12,2,3,15,24]     00:00:00:00:00:0f    00:00:00:00:00:1b 13    585  [39,12,2,3,16,24]     00:00:00:00:00:0f    00:00:00:00:00:1b 14    585  [39,12,2,4,15,24]     00:00:00:00:00:0f    00:00:00:00:00:1b 15    585  [39,12,2,4,16,24]  
# h00:00:00:00:00:0f -> h00:00:00:00:00:17
   00:00:00:00:00:0f    00:00:00:00:00:17 0    585  [39,11,1,3,13,20]     00:00:00:00:00:0f    00:00:00:00:00:17 1    585  [39,11,1,3,14,20]     00:00:00:00:00:0f    00:00:00:00:00:17 2    585  [39,11,1,4,13,20]     00:00:00:00:00:0f    00:00:00:00:00:17 3    585  [39,11,1,4,14,20]     00:00:00:00:00:0f    00:00:00:00:00:17 4    585  [39,11,2,3,13,20]     00:00:00:00:00:0f    00:00:00:00:00:17 5    585  [39,11,2,3,14,20]     00:00:00:00:00:0f    00:00:00:00:00:17 6    585  [39,11,2,4,13,20]     00:00:00:00:00:0f    00:00:00:00:00:17 7    585  [39,11,2,4,14,20]     00:00:00:00:00:0f    00:00:00:00:00:17 8    585  [39,12,1,3,13,20]     00:00:00:00:00:0f    00:00:00:00:00:17 9    585  [39,12,1,3,14,20]     00:00:00:00:00:0f    00:00:00:00:00:17 10    585  [39,12,1,4,13,20]     00:00:00:00:00:0f    00:00:00:00:00:17 11    585  [39,12,1,4,14,20]     00:00:00:00:00:0f    00:00:00:00:00:17 12    585  [39,12,2,3,13,20]     00:00:00:00:00:0f    00:00:00:00:00:17 13    585  [39,12,2,3,14,20]     00:00:00:00:00:0f    00:00:00:00:00:17 14    585  [39,12,2,4,13,20]     00:00:00:00:00:0f    00:00:00:00:00:17 15    585  [39,12,2,4,14,20]  
# h00:00:00:00:00:0f -> h00:00:00:00:00:09
   00:00:00:00:00:0f    00:00:00:00:00:09 0    439  [39,11,1,9,33]     00:00:00:00:00:0f    00:00:00:00:00:09 1    439  [39,11,1,10,33]     00:00:00:00:00:0f    00:00:00:00:00:09 2    439  [39,11,2,9,33]     00:00:00:00:00:0f    00:00:00:00:00:09 3    439  [39,11,2,10,33]     00:00:00:00:00:0f    00:00:00:00:00:09 4    439  [39,12,1,9,33]     00:00:00:00:00:0f    00:00:00:00:00:09 5    439  [39,12,1,10,33]     00:00:00:00:00:0f    00:00:00:00:00:09 6    439  [39,12,2,9,33]     00:00:00:00:00:0f    00:00:00:00:00:09 7    439  [39,12,2,10,33]     00:00:00:00:00:0f    00:00:00:00:00:09 8    585  [39,11,1,2,9,33]     00:00:00:00:00:0f    00:00:00:00:00:09 9    585  [39,11,1,2,10,33]     00:00:00:00:00:0f    00:00:00:00:00:09 10    585  [39,11,2,1,9,33]     00:00:00:00:00:0f    00:00:00:00:00:09 11    585  [39,11,2,1,10,33]     00:00:00:00:00:0f    00:00:00:00:00:09 12    585  [39,12,1,2,9,33]     00:00:00:00:00:0f    00:00:00:00:00:09 13    585  [39,12,1,2,10,33]     00:00:00:00:00:0f    00:00:00:00:00:09 14    585  [39,12,2,1,9,33]     00:00:00:00:00:0f    00:00:00:00:00:09 15    585  [39,12,2,1,10,33]  
# h00:00:00:00:00:0f -> h00:00:00:00:00:05
   00:00:00:00:00:0f    00:00:00:00:00:05 0    439  [39,11,1,7,29]     00:00:00:00:00:0f    00:00:00:00:00:05 1    439  [39,11,1,8,29]     00:00:00:00:00:0f    00:00:00:00:00:05 2    439  [39,11,2,7,29]     00:00:00:00:00:0f    00:00:00:00:00:05 3    439  [39,11,2,8,29]     00:00:00:00:00:0f    00:00:00:00:00:05 4    439  [39,12,1,7,29]     00:00:00:00:00:0f    00:00:00:00:00:05 5    439  [39,12,1,8,29]     00:00:00:00:00:0f    00:00:00:00:00:05 6    439  [39,12,2,7,29]     00:00:00:00:00:0f    00:00:00:00:00:05 7    439  [39,12,2,8,29]     00:00:00:00:00:0f    00:00:00:00:00:05 8    585  [39,11,1,2,7,29]     00:00:00:00:00:0f    00:00:00:00:00:05 9    585  [39,11,1,2,8,29]     00:00:00:00:00:0f    00:00:00:00:00:05 10    585  [39,11,2,1,7,29]     00:00:00:00:00:0f    00:00:00:00:00:05 11    585  [39,11,2,1,8,29]     00:00:00:00:00:0f    00:00:00:00:00:05 12    585  [39,12,1,2,7,29]     00:00:00:00:00:0f    00:00:00:00:00:05 13    585  [39,12,1,2,8,29]     00:00:00:00:00:0f    00:00:00:00:00:05 14    585  [39,12,2,1,7,29]     00:00:00:00:00:0f    00:00:00:00:00:05 15    585  [39,12,2,1,8,29]  
# h00:00:00:00:00:0f -> h00:00:00:00:00:08
   00:00:00:00:00:0f    00:00:00:00:00:08 0    439  [39,11,1,7,32]     00:00:00:00:00:0f    00:00:00:00:00:08 1    439  [39,11,1,8,32]     00:00:00:00:00:0f    00:00:00:00:00:08 2    439  [39,11,2,7,32]     00:00:00:00:00:0f    00:00:00:00:00:08 3    439  [39,11,2,8,32]     00:00:00:00:00:0f    00:00:00:00:00:08 4    439  [39,12,1,7,32]     00:00:00:00:00:0f    00:00:00:00:00:08 5    439  [39,12,1,8,32]     00:00:00:00:00:0f    00:00:00:00:00:08 6    439  [39,12,2,7,32]     00:00:00:00:00:0f    00:00:00:00:00:08 7    439  [39,12,2,8,32]     00:00:00:00:00:0f    00:00:00:00:00:08 8    585  [39,11,1,2,7,32]     00:00:00:00:00:0f    00:00:00:00:00:08 9    585  [39,11,1,2,8,32]     00:00:00:00:00:0f    00:00:00:00:00:08 10    585  [39,11,2,1,7,32]     00:00:00:00:00:0f    00:00:00:00:00:08 11    585  [39,11,2,1,8,32]     00:00:00:00:00:0f    00:00:00:00:00:08 12    585  [39,12,1,2,7,32]     00:00:00:00:00:0f    00:00:00:00:00:08 13    585  [39,12,1,2,8,32]     00:00:00:00:00:0f    00:00:00:00:00:08 14    585  [39,12,2,1,7,32]     00:00:00:00:00:0f    00:00:00:00:00:08 15    585  [39,12,2,1,8,32]  
# h00:00:00:00:00:0f -> h00:00:00:00:00:04
   00:00:00:00:00:0f    00:00:00:00:00:04 0    439  [39,11,1,5,28]     00:00:00:00:00:0f    00:00:00:00:00:04 1    439  [39,11,1,6,28]     00:00:00:00:00:0f    00:00:00:00:00:04 2    439  [39,11,2,5,28]     00:00:00:00:00:0f    00:00:00:00:00:04 3    439  [39,11,2,6,28]     00:00:00:00:00:0f    00:00:00:00:00:04 4    439  [39,12,1,5,28]     00:00:00:00:00:0f    00:00:00:00:00:04 5    439  [39,12,1,6,28]     00:00:00:00:00:0f    00:00:00:00:00:04 6    439  [39,12,2,5,28]     00:00:00:00:00:0f    00:00:00:00:00:04 7    439  [39,12,2,6,28]     00:00:00:00:00:0f    00:00:00:00:00:04 8    585  [39,11,1,2,5,28]     00:00:00:00:00:0f    00:00:00:00:00:04 9    585  [39,11,1,2,6,28]     00:00:00:00:00:0f    00:00:00:00:00:04 10    585  [39,11,2,1,5,28]     00:00:00:00:00:0f    00:00:00:00:00:04 11    585  [39,11,2,1,6,28]     00:00:00:00:00:0f    00:00:00:00:00:04 12    585  [39,12,1,2,5,28]     00:00:00:00:00:0f    00:00:00:00:00:04 13    585  [39,12,1,2,6,28]     00:00:00:00:00:0f    00:00:00:00:00:04 14    585  [39,12,2,1,5,28]     00:00:00:00:00:0f    00:00:00:00:00:04 15    585  [39,12,2,1,6,28]  
# h00:00:00:00:00:0f -> h00:00:00:00:00:1a
   00:00:00:00:00:0f    00:00:00:00:00:1a 0    585  [39,11,1,3,15,23]     00:00:00:00:00:0f    00:00:00:00:00:1a 1    585  [39,11,1,3,16,23]     00:00:00:00:00:0f    00:00:00:00:00:1a 2    585  [39,11,1,4,15,23]     00:00:00:00:00:0f    00:00:00:00:00:1a 3    585  [39,11,1,4,16,23]     00:00:00:00:00:0f    00:00:00:00:00:1a 4    585  [39,11,2,3,15,23]     00:00:00:00:00:0f    00:00:00:00:00:1a 5    585  [39,11,2,3,16,23]     00:00:00:00:00:0f    00:00:00:00:00:1a 6    585  [39,11,2,4,15,23]     00:00:00:00:00:0f    00:00:00:00:00:1a 7    585  [39,11,2,4,16,23]     00:00:00:00:00:0f    00:00:00:00:00:1a 8    585  [39,12,1,3,15,23]     00:00:00:00:00:0f    00:00:00:00:00:1a 9    585  [39,12,1,3,16,23]     00:00:00:00:00:0f    00:00:00:00:00:1a 10    585  [39,12,1,4,15,23]     00:00:00:00:00:0f    00:00:00:00:00:1a 11    585  [39,12,1,4,16,23]     00:00:00:00:00:0f    00:00:00:00:00:1a 12    585  [39,12,2,3,15,23]     00:00:00:00:00:0f    00:00:00:00:00:1a 13    585  [39,12,2,3,16,23]     00:00:00:00:00:0f    00:00:00:00:00:1a 14    585  [39,12,2,4,15,23]     00:00:00:00:00:0f    00:00:00:00:00:1a 15    585  [39,12,2,4,16,23]  
# h00:00:00:00:00:0f -> h00:00:00:00:00:10
   00:00:00:00:00:0f    00:00:00:00:00:10 0    146  [39,11,40]     00:00:00:00:00:0f    00:00:00:00:00:10 1    146  [39,12,40]     00:00:00:00:00:0f    00:00:00:00:00:10 2    439  [39,11,1,12,40]     00:00:00:00:00:0f    00:00:00:00:00:10 3    439  [39,11,2,12,40]     00:00:00:00:00:0f    00:00:00:00:00:10 4    439  [39,11,37,12,40]     00:00:00:00:00:0f    00:00:00:00:00:10 5    439  [39,11,38,12,40]     00:00:00:00:00:0f    00:00:00:00:00:10 6    439  [39,12,1,11,40]     00:00:00:00:00:0f    00:00:00:00:00:10 7    439  [39,12,2,11,40]     00:00:00:00:00:0f    00:00:00:00:00:10 8    439  [39,12,37,11,40]     00:00:00:00:00:0f    00:00:00:00:00:10 9    439  [39,12,38,11,40]     00:00:00:00:00:0f    00:00:00:00:00:10 10    585  [39,11,1,2,12,40]     00:00:00:00:00:0f    00:00:00:00:00:10 11    585  [39,11,2,1,12,40]     00:00:00:00:00:0f    00:00:00:00:00:10 12    585  [39,12,1,2,11,40]     00:00:00:00:00:0f    00:00:00:00:00:10 13    585  [39,12,2,1,11,40]     00:00:00:00:00:0f    00:00:00:00:00:10 14    731  [39,11,1,3,2,12,40]     00:00:00:00:00:0f    00:00:00:00:00:10 15    731  [39,11,1,4,2,12,40]  
# h00:00:00:00:00:0f -> h00:00:00:00:00:18
   00:00:00:00:00:0f    00:00:00:00:00:18 0    585  [39,11,1,3,13,21]     00:00:00:00:00:0f    00:00:00:00:00:18 1    585  [39,11,1,3,14,21]     00:00:00:00:00:0f    00:00:00:00:00:18 2    585  [39,11,1,4,13,21]     00:00:00:00:00:0f    00:00:00:00:00:18 3    585  [39,11,1,4,14,21]     00:00:00:00:00:0f    00:00:00:00:00:18 4    585  [39,11,2,3,13,21]     00:00:00:00:00:0f    00:00:00:00:00:18 5    585  [39,11,2,3,14,21]     00:00:00:00:00:0f    00:00:00:00:00:18 6    585  [39,11,2,4,13,21]     00:00:00:00:00:0f    00:00:00:00:00:18 7    585  [39,11,2,4,14,21]     00:00:00:00:00:0f    00:00:00:00:00:18 8    585  [39,12,1,3,13,21]     00:00:00:00:00:0f    00:00:00:00:00:18 9    585  [39,12,1,3,14,21]     00:00:00:00:00:0f    00:00:00:00:00:18 10    585  [39,12,1,4,13,21]     00:00:00:00:00:0f    00:00:00:00:00:18 11    585  [39,12,1,4,14,21]     00:00:00:00:00:0f    00:00:00:00:00:18 12    585  [39,12,2,3,13,21]     00:00:00:00:00:0f    00:00:00:00:00:18 13    585  [39,12,2,3,14,21]     00:00:00:00:00:0f    00:00:00:00:00:18 14    585  [39,12,2,4,13,21]     00:00:00:00:00:0f    00:00:00:00:00:18 15    585  [39,12,2,4,14,21]  
# h00:00:00:00:00:0f -> h00:00:00:00:00:19
   00:00:00:00:00:0f    00:00:00:00:00:19 0    585  [39,11,1,3,15,22]     00:00:00:00:00:0f    00:00:00:00:00:19 1    585  [39,11,1,3,16,22]     00:00:00:00:00:0f    00:00:00:00:00:19 2    585  [39,11,1,4,15,22]     00:00:00:00:00:0f    00:00:00:00:00:19 3    585  [39,11,1,4,16,22]     00:00:00:00:00:0f    00:00:00:00:00:19 4    585  [39,11,2,3,15,22]     00:00:00:00:00:0f    00:00:00:00:00:19 5    585  [39,11,2,3,16,22]     00:00:00:00:00:0f    00:00:00:00:00:19 6    585  [39,11,2,4,15,22]     00:00:00:00:00:0f    00:00:00:00:00:19 7    585  [39,11,2,4,16,22]     00:00:00:00:00:0f    00:00:00:00:00:19 8    585  [39,12,1,3,15,22]     00:00:00:00:00:0f    00:00:00:00:00:19 9    585  [39,12,1,3,16,22]     00:00:00:00:00:0f    00:00:00:00:00:19 10    585  [39,12,1,4,15,22]     00:00:00:00:00:0f    00:00:00:00:00:19 11    585  [39,12,1,4,16,22]     00:00:00:00:00:0f    00:00:00:00:00:19 12    585  [39,12,2,3,15,22]     00:00:00:00:00:0f    00:00:00:00:00:19 13    585  [39,12,2,3,16,22]     00:00:00:00:00:0f    00:00:00:00:00:19 14    585  [39,12,2,4,15,22]     00:00:00:00:00:0f    00:00:00:00:00:19 15    585  [39,12,2,4,16,22]  
# h00:00:00:00:00:0f -> h00:00:00:00:00:0e
   00:00:00:00:00:0f    00:00:00:00:00:0e 0    146  [39,11,38]     00:00:00:00:00:0f    00:00:00:00:00:0e 1    146  [39,12,38]     00:00:00:00:00:0f    00:00:00:00:00:0e 2    439  [39,11,1,12,38]     00:00:00:00:00:0f    00:00:00:00:00:0e 3    439  [39,11,2,12,38]     00:00:00:00:00:0f    00:00:00:00:00:0e 4    439  [39,11,37,12,38]     00:00:00:00:00:0f    00:00:00:00:00:0e 5    439  [39,11,40,12,38]     00:00:00:00:00:0f    00:00:00:00:00:0e 6    439  [39,12,1,11,38]     00:00:00:00:00:0f    00:00:00:00:00:0e 7    439  [39,12,2,11,38]     00:00:00:00:00:0f    00:00:00:00:00:0e 8    439  [39,12,37,11,38]     00:00:00:00:00:0f    00:00:00:00:00:0e 9    439  [39,12,40,11,38]     00:00:00:00:00:0f    00:00:00:00:00:0e 10    585  [39,11,1,2,12,38]     00:00:00:00:00:0f    00:00:00:00:00:0e 11    585  [39,11,2,1,12,38]     00:00:00:00:00:0f    00:00:00:00:00:0e 12    585  [39,12,1,2,11,38]     00:00:00:00:00:0f    00:00:00:00:00:0e 13    585  [39,12,2,1,11,38]     00:00:00:00:00:0f    00:00:00:00:00:0e 14    731  [39,11,1,3,2,12,38]     00:00:00:00:00:0f    00:00:00:00:00:0e 15    731  [39,11,1,4,2,12,38]  
# h00:00:00:00:00:0f -> h00:00:00:00:00:01
   00:00:00:00:00:0f    00:00:00:00:00:01 0    439  [39,11,1,5,25]     00:00:00:00:00:0f    00:00:00:00:00:01 1    439  [39,11,1,6,25]     00:00:00:00:00:0f    00:00:00:00:00:01 2    439  [39,11,2,5,25]     00:00:00:00:00:0f    00:00:00:00:00:01 3    439  [39,11,2,6,25]     00:00:00:00:00:0f    00:00:00:00:00:01 4    439  [39,12,1,5,25]     00:00:00:00:00:0f    00:00:00:00:00:01 5    439  [39,12,1,6,25]     00:00:00:00:00:0f    00:00:00:00:00:01 6    439  [39,12,2,5,25]     00:00:00:00:00:0f    00:00:00:00:00:01 7    439  [39,12,2,6,25]     00:00:00:00:00:0f    00:00:00:00:00:01 8    585  [39,11,1,2,5,25]     00:00:00:00:00:0f    00:00:00:00:00:01 9    585  [39,11,1,2,6,25]     00:00:00:00:00:0f    00:00:00:00:00:01 10    585  [39,11,2,1,5,25]     00:00:00:00:00:0f    00:00:00:00:00:01 11    585  [39,11,2,1,6,25]     00:00:00:00:00:0f    00:00:00:00:00:01 12    585  [39,12,1,2,5,25]     00:00:00:00:00:0f    00:00:00:00:00:01 13    585  [39,12,1,2,6,25]     00:00:00:00:00:0f    00:00:00:00:00:01 14    585  [39,12,2,1,5,25]     00:00:00:00:00:0f    00:00:00:00:00:01 15    585  [39,12,2,1,6,25]  
# h00:00:00:00:00:0f -> h00:00:00:00:00:14
   00:00:00:00:00:0f    00:00:00:00:00:14 0    585  [39,11,1,3,17,44]     00:00:00:00:00:0f    00:00:00:00:00:14 1    585  [39,11,1,3,18,44]     00:00:00:00:00:0f    00:00:00:00:00:14 2    585  [39,11,1,4,17,44]     00:00:00:00:00:0f    00:00:00:00:00:14 3    585  [39,11,1,4,18,44]     00:00:00:00:00:0f    00:00:00:00:00:14 4    585  [39,11,2,3,17,44]     00:00:00:00:00:0f    00:00:00:00:00:14 5    585  [39,11,2,3,18,44]     00:00:00:00:00:0f    00:00:00:00:00:14 6    585  [39,11,2,4,17,44]     00:00:00:00:00:0f    00:00:00:00:00:14 7    585  [39,11,2,4,18,44]     00:00:00:00:00:0f    00:00:00:00:00:14 8    585  [39,12,1,3,17,44]     00:00:00:00:00:0f    00:00:00:00:00:14 9    585  [39,12,1,3,18,44]     00:00:00:00:00:0f    00:00:00:00:00:14 10    585  [39,12,1,4,17,44]     00:00:00:00:00:0f    00:00:00:00:00:14 11    585  [39,12,1,4,18,44]     00:00:00:00:00:0f    00:00:00:00:00:14 12    585  [39,12,2,3,17,44]     00:00:00:00:00:0f    00:00:00:00:00:14 13    585  [39,12,2,3,18,44]     00:00:00:00:00:0f    00:00:00:00:00:14 14    585  [39,12,2,4,17,44]     00:00:00:00:00:0f    00:00:00:00:00:14 15    585  [39,12,2,4,18,44]  
# h00:00:00:00:00:0f -> h00:00:00:00:00:0b
   00:00:00:00:00:0f    00:00:00:00:00:0b 0    439  [39,11,1,9,35]     00:00:00:00:00:0f    00:00:00:00:00:0b 1    439  [39,11,1,10,35]     00:00:00:00:00:0f    00:00:00:00:00:0b 2    439  [39,11,2,9,35]     00:00:00:00:00:0f    00:00:00:00:00:0b 3    439  [39,11,2,10,35]     00:00:00:00:00:0f    00:00:00:00:00:0b 4    439  [39,12,1,9,35]     00:00:00:00:00:0f    00:00:00:00:00:0b 5    439  [39,12,1,10,35]     00:00:00:00:00:0f    00:00:00:00:00:0b 6    439  [39,12,2,9,35]     00:00:00:00:00:0f    00:00:00:00:00:0b 7    439  [39,12,2,10,35]     00:00:00:00:00:0f    00:00:00:00:00:0b 8    585  [39,11,1,2,9,35]     00:00:00:00:00:0f    00:00:00:00:00:0b 9    585  [39,11,1,2,10,35]     00:00:00:00:00:0f    00:00:00:00:00:0b 10    585  [39,11,2,1,9,35]     00:00:00:00:00:0f    00:00:00:00:00:0b 11    585  [39,11,2,1,10,35]     00:00:00:00:00:0f    00:00:00:00:00:0b 12    585  [39,12,1,2,9,35]     00:00:00:00:00:0f    00:00:00:00:00:0b 13    585  [39,12,1,2,10,35]     00:00:00:00:00:0f    00:00:00:00:00:0b 14    585  [39,12,2,1,9,35]     00:00:00:00:00:0f    00:00:00:00:00:0b 15    585  [39,12,2,1,10,35]  
# h00:00:00:00:00:0f -> h00:00:00:00:00:0a
   00:00:00:00:00:0f    00:00:00:00:00:0a 0    439  [39,11,1,9,34]     00:00:00:00:00:0f    00:00:00:00:00:0a 1    439  [39,11,1,10,34]     00:00:00:00:00:0f    00:00:00:00:00:0a 2    439  [39,11,2,9,34]     00:00:00:00:00:0f    00:00:00:00:00:0a 3    439  [39,11,2,10,34]     00:00:00:00:00:0f    00:00:00:00:00:0a 4    439  [39,12,1,9,34]     00:00:00:00:00:0f    00:00:00:00:00:0a 5    439  [39,12,1,10,34]     00:00:00:00:00:0f    00:00:00:00:00:0a 6    439  [39,12,2,9,34]     00:00:00:00:00:0f    00:00:00:00:00:0a 7    439  [39,12,2,10,34]     00:00:00:00:00:0f    00:00:00:00:00:0a 8    585  [39,11,1,2,9,34]     00:00:00:00:00:0f    00:00:00:00:00:0a 9    585  [39,11,1,2,10,34]     00:00:00:00:00:0f    00:00:00:00:00:0a 10    585  [39,11,2,1,9,34]     00:00:00:00:00:0f    00:00:00:00:00:0a 11    585  [39,11,2,1,10,34]     00:00:00:00:00:0f    00:00:00:00:00:0a 12    585  [39,12,1,2,9,34]     00:00:00:00:00:0f    00:00:00:00:00:0a 13    585  [39,12,1,2,10,34]     00:00:00:00:00:0f    00:00:00:00:00:0a 14    585  [39,12,2,1,9,34]     00:00:00:00:00:0f    00:00:00:00:00:0a 15    585  [39,12,2,1,10,34]  
# h00:00:00:00:00:0f -> h00:00:00:00:00:0c
   00:00:00:00:00:0f    00:00:00:00:00:0c 0    439  [39,11,1,9,36]     00:00:00:00:00:0f    00:00:00:00:00:0c 1    439  [39,11,1,10,36]     00:00:00:00:00:0f    00:00:00:00:00:0c 2    439  [39,11,2,9,36]     00:00:00:00:00:0f    00:00:00:00:00:0c 3    439  [39,11,2,10,36]     00:00:00:00:00:0f    00:00:00:00:00:0c 4    439  [39,12,1,9,36]     00:00:00:00:00:0f    00:00:00:00:00:0c 5    439  [39,12,1,10,36]     00:00:00:00:00:0f    00:00:00:00:00:0c 6    439  [39,12,2,9,36]     00:00:00:00:00:0f    00:00:00:00:00:0c 7    439  [39,12,2,10,36]     00:00:00:00:00:0f    00:00:00:00:00:0c 8    585  [39,11,1,2,9,36]     00:00:00:00:00:0f    00:00:00:00:00:0c 9    585  [39,11,1,2,10,36]     00:00:00:00:00:0f    00:00:00:00:00:0c 10    585  [39,11,2,1,9,36]     00:00:00:00:00:0f    00:00:00:00:00:0c 11    585  [39,11,2,1,10,36]     00:00:00:00:00:0f    00:00:00:00:00:0c 12    585  [39,12,1,2,9,36]     00:00:00:00:00:0f    00:00:00:00:00:0c 13    585  [39,12,1,2,10,36]     00:00:00:00:00:0f    00:00:00:00:00:0c 14    585  [39,12,2,1,9,36]     00:00:00:00:00:0f    00:00:00:00:00:0c 15    585  [39,12,2,1,10,36]  
# h00:00:00:00:00:0f -> h00:00:00:00:00:0d
   00:00:00:00:00:0f    00:00:00:00:00:0d 0    146  [39,11,37]     00:00:00:00:00:0f    00:00:00:00:00:0d 1    146  [39,12,37]     00:00:00:00:00:0f    00:00:00:00:00:0d 2    439  [39,11,1,12,37]     00:00:00:00:00:0f    00:00:00:00:00:0d 3    439  [39,11,2,12,37]     00:00:00:00:00:0f    00:00:00:00:00:0d 4    439  [39,11,38,12,37]     00:00:00:00:00:0f    00:00:00:00:00:0d 5    439  [39,11,40,12,37]     00:00:00:00:00:0f    00:00:00:00:00:0d 6    439  [39,12,1,11,37]     00:00:00:00:00:0f    00:00:00:00:00:0d 7    439  [39,12,2,11,37]     00:00:00:00:00:0f    00:00:00:00:00:0d 8    439  [39,12,38,11,37]     00:00:00:00:00:0f    00:00:00:00:00:0d 9    439  [39,12,40,11,37]     00:00:00:00:00:0f    00:00:00:00:00:0d 10    585  [39,11,1,2,12,37]     00:00:00:00:00:0f    00:00:00:00:00:0d 11    585  [39,11,2,1,12,37]     00:00:00:00:00:0f    00:00:00:00:00:0d 12    585  [39,12,1,2,11,37]     00:00:00:00:00:0f    00:00:00:00:00:0d 13    585  [39,12,2,1,11,37]     00:00:00:00:00:0f    00:00:00:00:00:0d 14    731  [39,11,1,3,2,12,37]     00:00:00:00:00:0f    00:00:00:00:00:0d 15    731  [39,11,1,4,2,12,37]  
# h00:00:00:00:00:0f -> h00:00:00:00:00:03
   00:00:00:00:00:0f    00:00:00:00:00:03 0    439  [39,11,1,5,27]     00:00:00:00:00:0f    00:00:00:00:00:03 1    439  [39,11,1,6,27]     00:00:00:00:00:0f    00:00:00:00:00:03 2    439  [39,11,2,5,27]     00:00:00:00:00:0f    00:00:00:00:00:03 3    439  [39,11,2,6,27]     00:00:00:00:00:0f    00:00:00:00:00:03 4    439  [39,12,1,5,27]     00:00:00:00:00:0f    00:00:00:00:00:03 5    439  [39,12,1,6,27]     00:00:00:00:00:0f    00:00:00:00:00:03 6    439  [39,12,2,5,27]     00:00:00:00:00:0f    00:00:00:00:00:03 7    439  [39,12,2,6,27]     00:00:00:00:00:0f    00:00:00:00:00:03 8    585  [39,11,1,2,5,27]     00:00:00:00:00:0f    00:00:00:00:00:03 9    585  [39,11,1,2,6,27]     00:00:00:00:00:0f    00:00:00:00:00:03 10    585  [39,11,2,1,5,27]     00:00:00:00:00:0f    00:00:00:00:00:03 11    585  [39,11,2,1,6,27]     00:00:00:00:00:0f    00:00:00:00:00:03 12    585  [39,12,1,2,5,27]     00:00:00:00:00:0f    00:00:00:00:00:03 13    585  [39,12,1,2,6,27]     00:00:00:00:00:0f    00:00:00:00:00:03 14    585  [39,12,2,1,5,27]     00:00:00:00:00:0f    00:00:00:00:00:03 15    585  [39,12,2,1,6,27]  
# h00:00:00:00:00:0f -> h00:00:00:00:00:11
   00:00:00:00:00:0f    00:00:00:00:00:11 0    585  [39,11,1,3,17,41]     00:00:00:00:00:0f    00:00:00:00:00:11 1    585  [39,11,1,3,18,41]     00:00:00:00:00:0f    00:00:00:00:00:11 2    585  [39,11,1,4,17,41]     00:00:00:00:00:0f    00:00:00:00:00:11 3    585  [39,11,1,4,18,41]     00:00:00:00:00:0f    00:00:00:00:00:11 4    585  [39,11,2,3,17,41]     00:00:00:00:00:0f    00:00:00:00:00:11 5    585  [39,11,2,3,18,41]     00:00:00:00:00:0f    00:00:00:00:00:11 6    585  [39,11,2,4,17,41]     00:00:00:00:00:0f    00:00:00:00:00:11 7    585  [39,11,2,4,18,41]     00:00:00:00:00:0f    00:00:00:00:00:11 8    585  [39,12,1,3,17,41]     00:00:00:00:00:0f    00:00:00:00:00:11 9    585  [39,12,1,3,18,41]     00:00:00:00:00:0f    00:00:00:00:00:11 10    585  [39,12,1,4,17,41]     00:00:00:00:00:0f    00:00:00:00:00:11 11    585  [39,12,1,4,18,41]     00:00:00:00:00:0f    00:00:00:00:00:11 12    585  [39,12,2,3,17,41]     00:00:00:00:00:0f    00:00:00:00:00:11 13    585  [39,12,2,3,18,41]     00:00:00:00:00:0f    00:00:00:00:00:11 14    585  [39,12,2,4,17,41]     00:00:00:00:00:0f    00:00:00:00:00:11 15    585  [39,12,2,4,18,41]  
# h00:00:00:00:00:0f -> h00:00:00:00:00:02
   00:00:00:00:00:0f    00:00:00:00:00:02 0    439  [39,11,1,5,26]     00:00:00:00:00:0f    00:00:00:00:00:02 1    439  [39,11,1,6,26]     00:00:00:00:00:0f    00:00:00:00:00:02 2    439  [39,11,2,5,26]     00:00:00:00:00:0f    00:00:00:00:00:02 3    439  [39,11,2,6,26]     00:00:00:00:00:0f    00:00:00:00:00:02 4    439  [39,12,1,5,26]     00:00:00:00:00:0f    00:00:00:00:00:02 5    439  [39,12,1,6,26]     00:00:00:00:00:0f    00:00:00:00:00:02 6    439  [39,12,2,5,26]     00:00:00:00:00:0f    00:00:00:00:00:02 7    439  [39,12,2,6,26]     00:00:00:00:00:0f    00:00:00:00:00:02 8    585  [39,11,1,2,5,26]     00:00:00:00:00:0f    00:00:00:00:00:02 9    585  [39,11,1,2,6,26]     00:00:00:00:00:0f    00:00:00:00:00:02 10    585  [39,11,2,1,5,26]     00:00:00:00:00:0f    00:00:00:00:00:02 11    585  [39,11,2,1,6,26]     00:00:00:00:00:0f    00:00:00:00:00:02 12    585  [39,12,1,2,5,26]     00:00:00:00:00:0f    00:00:00:00:00:02 13    585  [39,12,1,2,6,26]     00:00:00:00:00:0f    00:00:00:00:00:02 14    585  [39,12,2,1,5,26]     00:00:00:00:00:0f    00:00:00:00:00:02 15    585  [39,12,2,1,6,26]  
# h00:00:00:00:00:0f -> h00:00:00:00:00:12
   00:00:00:00:00:0f    00:00:00:00:00:12 0    585  [39,11,1,3,17,42]     00:00:00:00:00:0f    00:00:00:00:00:12 1    585  [39,11,1,3,18,42]     00:00:00:00:00:0f    00:00:00:00:00:12 2    585  [39,11,1,4,17,42]     00:00:00:00:00:0f    00:00:00:00:00:12 3    585  [39,11,1,4,18,42]     00:00:00:00:00:0f    00:00:00:00:00:12 4    585  [39,11,2,3,17,42]     00:00:00:00:00:0f    00:00:00:00:00:12 5    585  [39,11,2,3,18,42]     00:00:00:00:00:0f    00:00:00:00:00:12 6    585  [39,11,2,4,17,42]     00:00:00:00:00:0f    00:00:00:00:00:12 7    585  [39,11,2,4,18,42]     00:00:00:00:00:0f    00:00:00:00:00:12 8    585  [39,12,1,3,17,42]     00:00:00:00:00:0f    00:00:00:00:00:12 9    585  [39,12,1,3,18,42]     00:00:00:00:00:0f    00:00:00:00:00:12 10    585  [39,12,1,4,17,42]     00:00:00:00:00:0f    00:00:00:00:00:12 11    585  [39,12,1,4,18,42]     00:00:00:00:00:0f    00:00:00:00:00:12 12    585  [39,12,2,3,17,42]     00:00:00:00:00:0f    00:00:00:00:00:12 13    585  [39,12,2,3,18,42]     00:00:00:00:00:0f    00:00:00:00:00:12 14    585  [39,12,2,4,17,42]     00:00:00:00:00:0f    00:00:00:00:00:12 15    585  [39,12,2,4,18,42]  
# h00:00:00:00:00:0f -> h00:00:00:00:00:15
   00:00:00:00:00:0f    00:00:00:00:00:15 0    585  [39,11,1,3,17,45]     00:00:00:00:00:0f    00:00:00:00:00:15 1    585  [39,11,1,3,18,45]     00:00:00:00:00:0f    00:00:00:00:00:15 2    585  [39,11,1,4,17,45]     00:00:00:00:00:0f    00:00:00:00:00:15 3    585  [39,11,1,4,18,45]     00:00:00:00:00:0f    00:00:00:00:00:15 4    585  [39,11,2,3,17,45]     00:00:00:00:00:0f    00:00:00:00:00:15 5    585  [39,11,2,3,18,45]     00:00:00:00:00:0f    00:00:00:00:00:15 6    585  [39,11,2,4,17,45]     00:00:00:00:00:0f    00:00:00:00:00:15 7    585  [39,11,2,4,18,45]     00:00:00:00:00:0f    00:00:00:00:00:15 8    585  [39,12,1,3,17,45]     00:00:00:00:00:0f    00:00:00:00:00:15 9    585  [39,12,1,3,18,45]     00:00:00:00:00:0f    00:00:00:00:00:15 10    585  [39,12,1,4,17,45]     00:00:00:00:00:0f    00:00:00:00:00:15 11    585  [39,12,1,4,18,45]     00:00:00:00:00:0f    00:00:00:00:00:15 12    585  [39,12,2,3,17,45]     00:00:00:00:00:0f    00:00:00:00:00:15 13    585  [39,12,2,3,18,45]     00:00:00:00:00:0f    00:00:00:00:00:15 14    585  [39,12,2,4,17,45]     00:00:00:00:00:0f    00:00:00:00:00:15 15    585  [39,12,2,4,18,45]  
# h00:00:00:00:00:0f -> h00:00:00:00:00:13
   00:00:00:00:00:0f    00:00:00:00:00:13 0    585  [39,11,1,3,17,43]     00:00:00:00:00:0f    00:00:00:00:00:13 1    585  [39,11,1,3,18,43]     00:00:00:00:00:0f    00:00:00:00:00:13 2    585  [39,11,1,4,17,43]     00:00:00:00:00:0f    00:00:00:00:00:13 3    585  [39,11,1,4,18,43]     00:00:00:00:00:0f    00:00:00:00:00:13 4    585  [39,11,2,3,17,43]     00:00:00:00:00:0f    00:00:00:00:00:13 5    585  [39,11,2,3,18,43]     00:00:00:00:00:0f    00:00:00:00:00:13 6    585  [39,11,2,4,17,43]     00:00:00:00:00:0f    00:00:00:00:00:13 7    585  [39,11,2,4,18,43]     00:00:00:00:00:0f    00:00:00:00:00:13 8    585  [39,12,1,3,17,43]     00:00:00:00:00:0f    00:00:00:00:00:13 9    585  [39,12,1,3,18,43]     00:00:00:00:00:0f    00:00:00:00:00:13 10    585  [39,12,1,4,17,43]     00:00:00:00:00:0f    00:00:00:00:00:13 11    585  [39,12,1,4,18,43]     00:00:00:00:00:0f    00:00:00:00:00:13 12    585  [39,12,2,3,17,43]     00:00:00:00:00:0f    00:00:00:00:00:13 13    585  [39,12,2,3,18,43]     00:00:00:00:00:0f    00:00:00:00:00:13 14    585  [39,12,2,4,17,43]     00:00:00:00:00:0f    00:00:00:00:00:13 15    585  [39,12,2,4,18,43]  
# h00:00:00:00:00:12 -> h00:00:00:00:00:16
   00:00:00:00:00:12    00:00:00:00:00:16 0    439  [42,17,3,13,19]     00:00:00:00:00:12    00:00:00:00:00:16 1    439  [42,17,3,14,19]     00:00:00:00:00:12    00:00:00:00:00:16 2    439  [42,17,4,13,19]     00:00:00:00:00:12    00:00:00:00:00:16 3    439  [42,17,4,14,19]     00:00:00:00:00:12    00:00:00:00:00:16 4    439  [42,18,3,13,19]     00:00:00:00:00:12    00:00:00:00:00:16 5    439  [42,18,3,14,19]     00:00:00:00:00:12    00:00:00:00:00:16 6    439  [42,18,4,13,19]     00:00:00:00:00:12    00:00:00:00:00:16 7    439  [42,18,4,14,19]     00:00:00:00:00:12    00:00:00:00:00:16 8    585  [42,17,3,4,13,19]     00:00:00:00:00:12    00:00:00:00:00:16 9    585  [42,17,3,4,14,19]     00:00:00:00:00:12    00:00:00:00:00:16 10    585  [42,17,4,3,13,19]     00:00:00:00:00:12    00:00:00:00:00:16 11    585  [42,17,4,3,14,19]     00:00:00:00:00:12    00:00:00:00:00:16 12    585  [42,18,3,4,13,19]     00:00:00:00:00:12    00:00:00:00:00:16 13    585  [42,18,3,4,14,19]     00:00:00:00:00:12    00:00:00:00:00:16 14    585  [42,18,4,3,13,19]     00:00:00:00:00:12    00:00:00:00:00:16 15    585  [42,18,4,3,14,19]  
# h00:00:00:00:00:12 -> h00:00:00:00:00:06
   00:00:00:00:00:12    00:00:00:00:00:06 0    585  [42,17,3,1,7,30]     00:00:00:00:00:12    00:00:00:00:00:06 1    585  [42,17,3,1,8,30]     00:00:00:00:00:12    00:00:00:00:00:06 2    585  [42,17,3,2,7,30]     00:00:00:00:00:12    00:00:00:00:00:06 3    585  [42,17,3,2,8,30]     00:00:00:00:00:12    00:00:00:00:00:06 4    585  [42,17,4,1,7,30]     00:00:00:00:00:12    00:00:00:00:00:06 5    585  [42,17,4,1,8,30]     00:00:00:00:00:12    00:00:00:00:00:06 6    585  [42,17,4,2,7,30]     00:00:00:00:00:12    00:00:00:00:00:06 7    585  [42,17,4,2,8,30]     00:00:00:00:00:12    00:00:00:00:00:06 8    585  [42,18,3,1,7,30]     00:00:00:00:00:12    00:00:00:00:00:06 9    585  [42,18,3,1,8,30]     00:00:00:00:00:12    00:00:00:00:00:06 10    585  [42,18,3,2,7,30]     00:00:00:00:00:12    00:00:00:00:00:06 11    585  [42,18,3,2,8,30]     00:00:00:00:00:12    00:00:00:00:00:06 12    585  [42,18,4,1,7,30]     00:00:00:00:00:12    00:00:00:00:00:06 13    585  [42,18,4,1,8,30]     00:00:00:00:00:12    00:00:00:00:00:06 14    585  [42,18,4,2,7,30]     00:00:00:00:00:12    00:00:00:00:00:06 15    585  [42,18,4,2,8,30]  
# h00:00:00:00:00:12 -> h00:00:00:00:00:07
   00:00:00:00:00:12    00:00:00:00:00:07 0    585  [42,17,3,1,7,31]     00:00:00:00:00:12    00:00:00:00:00:07 1    585  [42,17,3,1,8,31]     00:00:00:00:00:12    00:00:00:00:00:07 2    585  [42,17,3,2,7,31]     00:00:00:00:00:12    00:00:00:00:00:07 3    585  [42,17,3,2,8,31]     00:00:00:00:00:12    00:00:00:00:00:07 4    585  [42,17,4,1,7,31]     00:00:00:00:00:12    00:00:00:00:00:07 5    585  [42,17,4,1,8,31]     00:00:00:00:00:12    00:00:00:00:00:07 6    585  [42,17,4,2,7,31]     00:00:00:00:00:12    00:00:00:00:00:07 7    585  [42,17,4,2,8,31]     00:00:00:00:00:12    00:00:00:00:00:07 8    585  [42,18,3,1,7,31]     00:00:00:00:00:12    00:00:00:00:00:07 9    585  [42,18,3,1,8,31]     00:00:00:00:00:12    00:00:00:00:00:07 10    585  [42,18,3,2,7,31]     00:00:00:00:00:12    00:00:00:00:00:07 11    585  [42,18,3,2,8,31]     00:00:00:00:00:12    00:00:00:00:00:07 12    585  [42,18,4,1,7,31]     00:00:00:00:00:12    00:00:00:00:00:07 13    585  [42,18,4,1,8,31]     00:00:00:00:00:12    00:00:00:00:00:07 14    585  [42,18,4,2,7,31]     00:00:00:00:00:12    00:00:00:00:00:07 15    585  [42,18,4,2,8,31]  
# h00:00:00:00:00:12 -> h00:00:00:00:00:1b
   00:00:00:00:00:12    00:00:00:00:00:1b 0    439  [42,17,3,15,24]     00:00:00:00:00:12    00:00:00:00:00:1b 1    439  [42,17,3,16,24]     00:00:00:00:00:12    00:00:00:00:00:1b 2    439  [42,17,4,15,24]     00:00:00:00:00:12    00:00:00:00:00:1b 3    439  [42,17,4,16,24]     00:00:00:00:00:12    00:00:00:00:00:1b 4    439  [42,18,3,15,24]     00:00:00:00:00:12    00:00:00:00:00:1b 5    439  [42,18,3,16,24]     00:00:00:00:00:12    00:00:00:00:00:1b 6    439  [42,18,4,15,24]     00:00:00:00:00:12    00:00:00:00:00:1b 7    439  [42,18,4,16,24]     00:00:00:00:00:12    00:00:00:00:00:1b 8    585  [42,17,3,4,15,24]     00:00:00:00:00:12    00:00:00:00:00:1b 9    585  [42,17,3,4,16,24]     00:00:00:00:00:12    00:00:00:00:00:1b 10    585  [42,17,4,3,15,24]     00:00:00:00:00:12    00:00:00:00:00:1b 11    585  [42,17,4,3,16,24]     00:00:00:00:00:12    00:00:00:00:00:1b 12    585  [42,18,3,4,15,24]     00:00:00:00:00:12    00:00:00:00:00:1b 13    585  [42,18,3,4,16,24]     00:00:00:00:00:12    00:00:00:00:00:1b 14    585  [42,18,4,3,15,24]     00:00:00:00:00:12    00:00:00:00:00:1b 15    585  [42,18,4,3,16,24]  
# h00:00:00:00:00:12 -> h00:00:00:00:00:17
   00:00:00:00:00:12    00:00:00:00:00:17 0    439  [42,17,3,13,20]     00:00:00:00:00:12    00:00:00:00:00:17 1    439  [42,17,3,14,20]     00:00:00:00:00:12    00:00:00:00:00:17 2    439  [42,17,4,13,20]     00:00:00:00:00:12    00:00:00:00:00:17 3    439  [42,17,4,14,20]     00:00:00:00:00:12    00:00:00:00:00:17 4    439  [42,18,3,13,20]     00:00:00:00:00:12    00:00:00:00:00:17 5    439  [42,18,3,14,20]     00:00:00:00:00:12    00:00:00:00:00:17 6    439  [42,18,4,13,20]     00:00:00:00:00:12    00:00:00:00:00:17 7    439  [42,18,4,14,20]     00:00:00:00:00:12    00:00:00:00:00:17 8    585  [42,17,3,4,13,20]     00:00:00:00:00:12    00:00:00:00:00:17 9    585  [42,17,3,4,14,20]     00:00:00:00:00:12    00:00:00:00:00:17 10    585  [42,17,4,3,13,20]     00:00:00:00:00:12    00:00:00:00:00:17 11    585  [42,17,4,3,14,20]     00:00:00:00:00:12    00:00:00:00:00:17 12    585  [42,18,3,4,13,20]     00:00:00:00:00:12    00:00:00:00:00:17 13    585  [42,18,3,4,14,20]     00:00:00:00:00:12    00:00:00:00:00:17 14    585  [42,18,4,3,13,20]     00:00:00:00:00:12    00:00:00:00:00:17 15    585  [42,18,4,3,14,20]  
# h00:00:00:00:00:12 -> h00:00:00:00:00:09
   00:00:00:00:00:12    00:00:00:00:00:09 0    585  [42,17,3,1,9,33]     00:00:00:00:00:12    00:00:00:00:00:09 1    585  [42,17,3,1,10,33]     00:00:00:00:00:12    00:00:00:00:00:09 2    585  [42,17,3,2,9,33]     00:00:00:00:00:12    00:00:00:00:00:09 3    585  [42,17,3,2,10,33]     00:00:00:00:00:12    00:00:00:00:00:09 4    585  [42,17,4,1,9,33]     00:00:00:00:00:12    00:00:00:00:00:09 5    585  [42,17,4,1,10,33]     00:00:00:00:00:12    00:00:00:00:00:09 6    585  [42,17,4,2,9,33]     00:00:00:00:00:12    00:00:00:00:00:09 7    585  [42,17,4,2,10,33]     00:00:00:00:00:12    00:00:00:00:00:09 8    585  [42,18,3,1,9,33]     00:00:00:00:00:12    00:00:00:00:00:09 9    585  [42,18,3,1,10,33]     00:00:00:00:00:12    00:00:00:00:00:09 10    585  [42,18,3,2,9,33]     00:00:00:00:00:12    00:00:00:00:00:09 11    585  [42,18,3,2,10,33]     00:00:00:00:00:12    00:00:00:00:00:09 12    585  [42,18,4,1,9,33]     00:00:00:00:00:12    00:00:00:00:00:09 13    585  [42,18,4,1,10,33]     00:00:00:00:00:12    00:00:00:00:00:09 14    585  [42,18,4,2,9,33]     00:00:00:00:00:12    00:00:00:00:00:09 15    585  [42,18,4,2,10,33]  
# h00:00:00:00:00:12 -> h00:00:00:00:00:05
   00:00:00:00:00:12    00:00:00:00:00:05 0    585  [42,17,3,1,7,29]     00:00:00:00:00:12    00:00:00:00:00:05 1    585  [42,17,3,1,8,29]     00:00:00:00:00:12    00:00:00:00:00:05 2    585  [42,17,3,2,7,29]     00:00:00:00:00:12    00:00:00:00:00:05 3    585  [42,17,3,2,8,29]     00:00:00:00:00:12    00:00:00:00:00:05 4    585  [42,17,4,1,7,29]     00:00:00:00:00:12    00:00:00:00:00:05 5    585  [42,17,4,1,8,29]     00:00:00:00:00:12    00:00:00:00:00:05 6    585  [42,17,4,2,7,29]     00:00:00:00:00:12    00:00:00:00:00:05 7    585  [42,17,4,2,8,29]     00:00:00:00:00:12    00:00:00:00:00:05 8    585  [42,18,3,1,7,29]     00:00:00:00:00:12    00:00:00:00:00:05 9    585  [42,18,3,1,8,29]     00:00:00:00:00:12    00:00:00:00:00:05 10    585  [42,18,3,2,7,29]     00:00:00:00:00:12    00:00:00:00:00:05 11    585  [42,18,3,2,8,29]     00:00:00:00:00:12    00:00:00:00:00:05 12    585  [42,18,4,1,7,29]     00:00:00:00:00:12    00:00:00:00:00:05 13    585  [42,18,4,1,8,29]     00:00:00:00:00:12    00:00:00:00:00:05 14    585  [42,18,4,2,7,29]     00:00:00:00:00:12    00:00:00:00:00:05 15    585  [42,18,4,2,8,29]  
# h00:00:00:00:00:12 -> h00:00:00:00:00:08
   00:00:00:00:00:12    00:00:00:00:00:08 0    585  [42,17,3,1,7,32]     00:00:00:00:00:12    00:00:00:00:00:08 1    585  [42,17,3,1,8,32]     00:00:00:00:00:12    00:00:00:00:00:08 2    585  [42,17,3,2,7,32]     00:00:00:00:00:12    00:00:00:00:00:08 3    585  [42,17,3,2,8,32]     00:00:00:00:00:12    00:00:00:00:00:08 4    585  [42,17,4,1,7,32]     00:00:00:00:00:12    00:00:00:00:00:08 5    585  [42,17,4,1,8,32]     00:00:00:00:00:12    00:00:00:00:00:08 6    585  [42,17,4,2,7,32]     00:00:00:00:00:12    00:00:00:00:00:08 7    585  [42,17,4,2,8,32]     00:00:00:00:00:12    00:00:00:00:00:08 8    585  [42,18,3,1,7,32]     00:00:00:00:00:12    00:00:00:00:00:08 9    585  [42,18,3,1,8,32]     00:00:00:00:00:12    00:00:00:00:00:08 10    585  [42,18,3,2,7,32]     00:00:00:00:00:12    00:00:00:00:00:08 11    585  [42,18,3,2,8,32]     00:00:00:00:00:12    00:00:00:00:00:08 12    585  [42,18,4,1,7,32]     00:00:00:00:00:12    00:00:00:00:00:08 13    585  [42,18,4,1,8,32]     00:00:00:00:00:12    00:00:00:00:00:08 14    585  [42,18,4,2,7,32]     00:00:00:00:00:12    00:00:00:00:00:08 15    585  [42,18,4,2,8,32]  
# h00:00:00:00:00:12 -> h00:00:00:00:00:04
   00:00:00:00:00:12    00:00:00:00:00:04 0    585  [42,17,3,1,5,28]     00:00:00:00:00:12    00:00:00:00:00:04 1    585  [42,17,3,1,6,28]     00:00:00:00:00:12    00:00:00:00:00:04 2    585  [42,17,3,2,5,28]     00:00:00:00:00:12    00:00:00:00:00:04 3    585  [42,17,3,2,6,28]     00:00:00:00:00:12    00:00:00:00:00:04 4    585  [42,17,4,1,5,28]     00:00:00:00:00:12    00:00:00:00:00:04 5    585  [42,17,4,1,6,28]     00:00:00:00:00:12    00:00:00:00:00:04 6    585  [42,17,4,2,5,28]     00:00:00:00:00:12    00:00:00:00:00:04 7    585  [42,17,4,2,6,28]     00:00:00:00:00:12    00:00:00:00:00:04 8    585  [42,18,3,1,5,28]     00:00:00:00:00:12    00:00:00:00:00:04 9    585  [42,18,3,1,6,28]     00:00:00:00:00:12    00:00:00:00:00:04 10    585  [42,18,3,2,5,28]     00:00:00:00:00:12    00:00:00:00:00:04 11    585  [42,18,3,2,6,28]     00:00:00:00:00:12    00:00:00:00:00:04 12    585  [42,18,4,1,5,28]     00:00:00:00:00:12    00:00:00:00:00:04 13    585  [42,18,4,1,6,28]     00:00:00:00:00:12    00:00:00:00:00:04 14    585  [42,18,4,2,5,28]     00:00:00:00:00:12    00:00:00:00:00:04 15    585  [42,18,4,2,6,28]  
# h00:00:00:00:00:12 -> h00:00:00:00:00:1a
   00:00:00:00:00:12    00:00:00:00:00:1a 0    439  [42,17,3,15,23]     00:00:00:00:00:12    00:00:00:00:00:1a 1    439  [42,17,3,16,23]     00:00:00:00:00:12    00:00:00:00:00:1a 2    439  [42,17,4,15,23]     00:00:00:00:00:12    00:00:00:00:00:1a 3    439  [42,17,4,16,23]     00:00:00:00:00:12    00:00:00:00:00:1a 4    439  [42,18,3,15,23]     00:00:00:00:00:12    00:00:00:00:00:1a 5    439  [42,18,3,16,23]     00:00:00:00:00:12    00:00:00:00:00:1a 6    439  [42,18,4,15,23]     00:00:00:00:00:12    00:00:00:00:00:1a 7    439  [42,18,4,16,23]     00:00:00:00:00:12    00:00:00:00:00:1a 8    585  [42,17,3,4,15,23]     00:00:00:00:00:12    00:00:00:00:00:1a 9    585  [42,17,3,4,16,23]     00:00:00:00:00:12    00:00:00:00:00:1a 10    585  [42,17,4,3,15,23]     00:00:00:00:00:12    00:00:00:00:00:1a 11    585  [42,17,4,3,16,23]     00:00:00:00:00:12    00:00:00:00:00:1a 12    585  [42,18,3,4,15,23]     00:00:00:00:00:12    00:00:00:00:00:1a 13    585  [42,18,3,4,16,23]     00:00:00:00:00:12    00:00:00:00:00:1a 14    585  [42,18,4,3,15,23]     00:00:00:00:00:12    00:00:00:00:00:1a 15    585  [42,18,4,3,16,23]  
# h00:00:00:00:00:12 -> h00:00:00:00:00:10
   00:00:00:00:00:12    00:00:00:00:00:10 0    585  [42,17,3,1,11,40]     00:00:00:00:00:12    00:00:00:00:00:10 1    585  [42,17,3,1,12,40]     00:00:00:00:00:12    00:00:00:00:00:10 2    585  [42,17,3,2,11,40]     00:00:00:00:00:12    00:00:00:00:00:10 3    585  [42,17,3,2,12,40]     00:00:00:00:00:12    00:00:00:00:00:10 4    585  [42,17,4,1,11,40]     00:00:00:00:00:12    00:00:00:00:00:10 5    585  [42,17,4,1,12,40]     00:00:00:00:00:12    00:00:00:00:00:10 6    585  [42,17,4,2,11,40]     00:00:00:00:00:12    00:00:00:00:00:10 7    585  [42,17,4,2,12,40]     00:00:00:00:00:12    00:00:00:00:00:10 8    585  [42,18,3,1,11,40]     00:00:00:00:00:12    00:00:00:00:00:10 9    585  [42,18,3,1,12,40]     00:00:00:00:00:12    00:00:00:00:00:10 10    585  [42,18,3,2,11,40]     00:00:00:00:00:12    00:00:00:00:00:10 11    585  [42,18,3,2,12,40]     00:00:00:00:00:12    00:00:00:00:00:10 12    585  [42,18,4,1,11,40]     00:00:00:00:00:12    00:00:00:00:00:10 13    585  [42,18,4,1,12,40]     00:00:00:00:00:12    00:00:00:00:00:10 14    585  [42,18,4,2,11,40]     00:00:00:00:00:12    00:00:00:00:00:10 15    585  [42,18,4,2,12,40]  
# h00:00:00:00:00:12 -> h00:00:00:00:00:18
   00:00:00:00:00:12    00:00:00:00:00:18 0    439  [42,17,3,13,21]     00:00:00:00:00:12    00:00:00:00:00:18 1    439  [42,17,3,14,21]     00:00:00:00:00:12    00:00:00:00:00:18 2    439  [42,17,4,13,21]     00:00:00:00:00:12    00:00:00:00:00:18 3    439  [42,17,4,14,21]     00:00:00:00:00:12    00:00:00:00:00:18 4    439  [42,18,3,13,21]     00:00:00:00:00:12    00:00:00:00:00:18 5    439  [42,18,3,14,21]     00:00:00:00:00:12    00:00:00:00:00:18 6    439  [42,18,4,13,21]     00:00:00:00:00:12    00:00:00:00:00:18 7    439  [42,18,4,14,21]     00:00:00:00:00:12    00:00:00:00:00:18 8    585  [42,17,3,4,13,21]     00:00:00:00:00:12    00:00:00:00:00:18 9    585  [42,17,3,4,14,21]     00:00:00:00:00:12    00:00:00:00:00:18 10    585  [42,17,4,3,13,21]     00:00:00:00:00:12    00:00:00:00:00:18 11    585  [42,17,4,3,14,21]     00:00:00:00:00:12    00:00:00:00:00:18 12    585  [42,18,3,4,13,21]     00:00:00:00:00:12    00:00:00:00:00:18 13    585  [42,18,3,4,14,21]     00:00:00:00:00:12    00:00:00:00:00:18 14    585  [42,18,4,3,13,21]     00:00:00:00:00:12    00:00:00:00:00:18 15    585  [42,18,4,3,14,21]  
# h00:00:00:00:00:12 -> h00:00:00:00:00:19
   00:00:00:00:00:12    00:00:00:00:00:19 0    439  [42,17,3,15,22]     00:00:00:00:00:12    00:00:00:00:00:19 1    439  [42,17,3,16,22]     00:00:00:00:00:12    00:00:00:00:00:19 2    439  [42,17,4,15,22]     00:00:00:00:00:12    00:00:00:00:00:19 3    439  [42,17,4,16,22]     00:00:00:00:00:12    00:00:00:00:00:19 4    439  [42,18,3,15,22]     00:00:00:00:00:12    00:00:00:00:00:19 5    439  [42,18,3,16,22]     00:00:00:00:00:12    00:00:00:00:00:19 6    439  [42,18,4,15,22]     00:00:00:00:00:12    00:00:00:00:00:19 7    439  [42,18,4,16,22]     00:00:00:00:00:12    00:00:00:00:00:19 8    585  [42,17,3,4,15,22]     00:00:00:00:00:12    00:00:00:00:00:19 9    585  [42,17,3,4,16,22]     00:00:00:00:00:12    00:00:00:00:00:19 10    585  [42,17,4,3,15,22]     00:00:00:00:00:12    00:00:00:00:00:19 11    585  [42,17,4,3,16,22]     00:00:00:00:00:12    00:00:00:00:00:19 12    585  [42,18,3,4,15,22]     00:00:00:00:00:12    00:00:00:00:00:19 13    585  [42,18,3,4,16,22]     00:00:00:00:00:12    00:00:00:00:00:19 14    585  [42,18,4,3,15,22]     00:00:00:00:00:12    00:00:00:00:00:19 15    585  [42,18,4,3,16,22]  
# h00:00:00:00:00:12 -> h00:00:00:00:00:0e
   00:00:00:00:00:12    00:00:00:00:00:0e 0    585  [42,17,3,1,11,38]     00:00:00:00:00:12    00:00:00:00:00:0e 1    585  [42,17,3,1,12,38]     00:00:00:00:00:12    00:00:00:00:00:0e 2    585  [42,17,3,2,11,38]     00:00:00:00:00:12    00:00:00:00:00:0e 3    585  [42,17,3,2,12,38]     00:00:00:00:00:12    00:00:00:00:00:0e 4    585  [42,17,4,1,11,38]     00:00:00:00:00:12    00:00:00:00:00:0e 5    585  [42,17,4,1,12,38]     00:00:00:00:00:12    00:00:00:00:00:0e 6    585  [42,17,4,2,11,38]     00:00:00:00:00:12    00:00:00:00:00:0e 7    585  [42,17,4,2,12,38]     00:00:00:00:00:12    00:00:00:00:00:0e 8    585  [42,18,3,1,11,38]     00:00:00:00:00:12    00:00:00:00:00:0e 9    585  [42,18,3,1,12,38]     00:00:00:00:00:12    00:00:00:00:00:0e 10    585  [42,18,3,2,11,38]     00:00:00:00:00:12    00:00:00:00:00:0e 11    585  [42,18,3,2,12,38]     00:00:00:00:00:12    00:00:00:00:00:0e 12    585  [42,18,4,1,11,38]     00:00:00:00:00:12    00:00:00:00:00:0e 13    585  [42,18,4,1,12,38]     00:00:00:00:00:12    00:00:00:00:00:0e 14    585  [42,18,4,2,11,38]     00:00:00:00:00:12    00:00:00:00:00:0e 15    585  [42,18,4,2,12,38]  
# h00:00:00:00:00:12 -> h00:00:00:00:00:01
   00:00:00:00:00:12    00:00:00:00:00:01 0    585  [42,17,3,1,5,25]     00:00:00:00:00:12    00:00:00:00:00:01 1    585  [42,17,3,1,6,25]     00:00:00:00:00:12    00:00:00:00:00:01 2    585  [42,17,3,2,5,25]     00:00:00:00:00:12    00:00:00:00:00:01 3    585  [42,17,3,2,6,25]     00:00:00:00:00:12    00:00:00:00:00:01 4    585  [42,17,4,1,5,25]     00:00:00:00:00:12    00:00:00:00:00:01 5    585  [42,17,4,1,6,25]     00:00:00:00:00:12    00:00:00:00:00:01 6    585  [42,17,4,2,5,25]     00:00:00:00:00:12    00:00:00:00:00:01 7    585  [42,17,4,2,6,25]     00:00:00:00:00:12    00:00:00:00:00:01 8    585  [42,18,3,1,5,25]     00:00:00:00:00:12    00:00:00:00:00:01 9    585  [42,18,3,1,6,25]     00:00:00:00:00:12    00:00:00:00:00:01 10    585  [42,18,3,2,5,25]     00:00:00:00:00:12    00:00:00:00:00:01 11    585  [42,18,3,2,6,25]     00:00:00:00:00:12    00:00:00:00:00:01 12    585  [42,18,4,1,5,25]     00:00:00:00:00:12    00:00:00:00:00:01 13    585  [42,18,4,1,6,25]     00:00:00:00:00:12    00:00:00:00:00:01 14    585  [42,18,4,2,5,25]     00:00:00:00:00:12    00:00:00:00:00:01 15    585  [42,18,4,2,6,25]  
# h00:00:00:00:00:12 -> h00:00:00:00:00:14
   00:00:00:00:00:12    00:00:00:00:00:14 0    146  [42,17,44]     00:00:00:00:00:12    00:00:00:00:00:14 1    146  [42,18,44]     00:00:00:00:00:12    00:00:00:00:00:14 2    439  [42,17,3,18,44]     00:00:00:00:00:12    00:00:00:00:00:14 3    439  [42,17,4,18,44]     00:00:00:00:00:12    00:00:00:00:00:14 4    439  [42,17,41,18,44]     00:00:00:00:00:12    00:00:00:00:00:14 5    439  [42,17,43,18,44]     00:00:00:00:00:12    00:00:00:00:00:14 6    439  [42,17,45,18,44]     00:00:00:00:00:12    00:00:00:00:00:14 7    439  [42,18,3,17,44]     00:00:00:00:00:12    00:00:00:00:00:14 8    439  [42,18,4,17,44]     00:00:00:00:00:12    00:00:00:00:00:14 9    439  [42,18,41,17,44]     00:00:00:00:00:12    00:00:00:00:00:14 10    439  [42,18,43,17,44]     00:00:00:00:00:12    00:00:00:00:00:14 11    439  [42,18,45,17,44]     00:00:00:00:00:12    00:00:00:00:00:14 12    585  [42,17,3,4,18,44]     00:00:00:00:00:12    00:00:00:00:00:14 13    585  [42,17,4,3,18,44]     00:00:00:00:00:12    00:00:00:00:00:14 14    585  [42,18,3,4,17,44]     00:00:00:00:00:12    00:00:00:00:00:14 15    585  [42,18,4,3,17,44]  
# h00:00:00:00:00:12 -> h00:00:00:00:00:0b
   00:00:00:00:00:12    00:00:00:00:00:0b 0    585  [42,17,3,1,9,35]     00:00:00:00:00:12    00:00:00:00:00:0b 1    585  [42,17,3,1,10,35]     00:00:00:00:00:12    00:00:00:00:00:0b 2    585  [42,17,3,2,9,35]     00:00:00:00:00:12    00:00:00:00:00:0b 3    585  [42,17,3,2,10,35]     00:00:00:00:00:12    00:00:00:00:00:0b 4    585  [42,17,4,1,9,35]     00:00:00:00:00:12    00:00:00:00:00:0b 5    585  [42,17,4,1,10,35]     00:00:00:00:00:12    00:00:00:00:00:0b 6    585  [42,17,4,2,9,35]     00:00:00:00:00:12    00:00:00:00:00:0b 7    585  [42,17,4,2,10,35]     00:00:00:00:00:12    00:00:00:00:00:0b 8    585  [42,18,3,1,9,35]     00:00:00:00:00:12    00:00:00:00:00:0b 9    585  [42,18,3,1,10,35]     00:00:00:00:00:12    00:00:00:00:00:0b 10    585  [42,18,3,2,9,35]     00:00:00:00:00:12    00:00:00:00:00:0b 11    585  [42,18,3,2,10,35]     00:00:00:00:00:12    00:00:00:00:00:0b 12    585  [42,18,4,1,9,35]     00:00:00:00:00:12    00:00:00:00:00:0b 13    585  [42,18,4,1,10,35]     00:00:00:00:00:12    00:00:00:00:00:0b 14    585  [42,18,4,2,9,35]     00:00:00:00:00:12    00:00:00:00:00:0b 15    585  [42,18,4,2,10,35]  
# h00:00:00:00:00:12 -> h00:00:00:00:00:0a
   00:00:00:00:00:12    00:00:00:00:00:0a 0    585  [42,17,3,1,9,34]     00:00:00:00:00:12    00:00:00:00:00:0a 1    585  [42,17,3,1,10,34]     00:00:00:00:00:12    00:00:00:00:00:0a 2    585  [42,17,3,2,9,34]     00:00:00:00:00:12    00:00:00:00:00:0a 3    585  [42,17,3,2,10,34]     00:00:00:00:00:12    00:00:00:00:00:0a 4    585  [42,17,4,1,9,34]     00:00:00:00:00:12    00:00:00:00:00:0a 5    585  [42,17,4,1,10,34]     00:00:00:00:00:12    00:00:00:00:00:0a 6    585  [42,17,4,2,9,34]     00:00:00:00:00:12    00:00:00:00:00:0a 7    585  [42,17,4,2,10,34]     00:00:00:00:00:12    00:00:00:00:00:0a 8    585  [42,18,3,1,9,34]     00:00:00:00:00:12    00:00:00:00:00:0a 9    585  [42,18,3,1,10,34]     00:00:00:00:00:12    00:00:00:00:00:0a 10    585  [42,18,3,2,9,34]     00:00:00:00:00:12    00:00:00:00:00:0a 11    585  [42,18,3,2,10,34]     00:00:00:00:00:12    00:00:00:00:00:0a 12    585  [42,18,4,1,9,34]     00:00:00:00:00:12    00:00:00:00:00:0a 13    585  [42,18,4,1,10,34]     00:00:00:00:00:12    00:00:00:00:00:0a 14    585  [42,18,4,2,9,34]     00:00:00:00:00:12    00:00:00:00:00:0a 15    585  [42,18,4,2,10,34]  
# h00:00:00:00:00:12 -> h00:00:00:00:00:0c
   00:00:00:00:00:12    00:00:00:00:00:0c 0    585  [42,17,3,1,9,36]     00:00:00:00:00:12    00:00:00:00:00:0c 1    585  [42,17,3,1,10,36]     00:00:00:00:00:12    00:00:00:00:00:0c 2    585  [42,17,3,2,9,36]     00:00:00:00:00:12    00:00:00:00:00:0c 3    585  [42,17,3,2,10,36]     00:00:00:00:00:12    00:00:00:00:00:0c 4    585  [42,17,4,1,9,36]     00:00:00:00:00:12    00:00:00:00:00:0c 5    585  [42,17,4,1,10,36]     00:00:00:00:00:12    00:00:00:00:00:0c 6    585  [42,17,4,2,9,36]     00:00:00:00:00:12    00:00:00:00:00:0c 7    585  [42,17,4,2,10,36]     00:00:00:00:00:12    00:00:00:00:00:0c 8    585  [42,18,3,1,9,36]     00:00:00:00:00:12    00:00:00:00:00:0c 9    585  [42,18,3,1,10,36]     00:00:00:00:00:12    00:00:00:00:00:0c 10    585  [42,18,3,2,9,36]     00:00:00:00:00:12    00:00:00:00:00:0c 11    585  [42,18,3,2,10,36]     00:00:00:00:00:12    00:00:00:00:00:0c 12    585  [42,18,4,1,9,36]     00:00:00:00:00:12    00:00:00:00:00:0c 13    585  [42,18,4,1,10,36]     00:00:00:00:00:12    00:00:00:00:00:0c 14    585  [42,18,4,2,9,36]     00:00:00:00:00:12    00:00:00:00:00:0c 15    585  [42,18,4,2,10,36]  
# h00:00:00:00:00:12 -> h00:00:00:00:00:0d
   00:00:00:00:00:12    00:00:00:00:00:0d 0    585  [42,17,3,1,11,37]     00:00:00:00:00:12    00:00:00:00:00:0d 1    585  [42,17,3,1,12,37]     00:00:00:00:00:12    00:00:00:00:00:0d 2    585  [42,17,3,2,11,37]     00:00:00:00:00:12    00:00:00:00:00:0d 3    585  [42,17,3,2,12,37]     00:00:00:00:00:12    00:00:00:00:00:0d 4    585  [42,17,4,1,11,37]     00:00:00:00:00:12    00:00:00:00:00:0d 5    585  [42,17,4,1,12,37]     00:00:00:00:00:12    00:00:00:00:00:0d 6    585  [42,17,4,2,11,37]     00:00:00:00:00:12    00:00:00:00:00:0d 7    585  [42,17,4,2,12,37]     00:00:00:00:00:12    00:00:00:00:00:0d 8    585  [42,18,3,1,11,37]     00:00:00:00:00:12    00:00:00:00:00:0d 9    585  [42,18,3,1,12,37]     00:00:00:00:00:12    00:00:00:00:00:0d 10    585  [42,18,3,2,11,37]     00:00:00:00:00:12    00:00:00:00:00:0d 11    585  [42,18,3,2,12,37]     00:00:00:00:00:12    00:00:00:00:00:0d 12    585  [42,18,4,1,11,37]     00:00:00:00:00:12    00:00:00:00:00:0d 13    585  [42,18,4,1,12,37]     00:00:00:00:00:12    00:00:00:00:00:0d 14    585  [42,18,4,2,11,37]     00:00:00:00:00:12    00:00:00:00:00:0d 15    585  [42,18,4,2,12,37]  
# h00:00:00:00:00:12 -> h00:00:00:00:00:03
   00:00:00:00:00:12    00:00:00:00:00:03 0    585  [42,17,3,1,5,27]     00:00:00:00:00:12    00:00:00:00:00:03 1    585  [42,17,3,1,6,27]     00:00:00:00:00:12    00:00:00:00:00:03 2    585  [42,17,3,2,5,27]     00:00:00:00:00:12    00:00:00:00:00:03 3    585  [42,17,3,2,6,27]     00:00:00:00:00:12    00:00:00:00:00:03 4    585  [42,17,4,1,5,27]     00:00:00:00:00:12    00:00:00:00:00:03 5    585  [42,17,4,1,6,27]     00:00:00:00:00:12    00:00:00:00:00:03 6    585  [42,17,4,2,5,27]     00:00:00:00:00:12    00:00:00:00:00:03 7    585  [42,17,4,2,6,27]     00:00:00:00:00:12    00:00:00:00:00:03 8    585  [42,18,3,1,5,27]     00:00:00:00:00:12    00:00:00:00:00:03 9    585  [42,18,3,1,6,27]     00:00:00:00:00:12    00:00:00:00:00:03 10    585  [42,18,3,2,5,27]     00:00:00:00:00:12    00:00:00:00:00:03 11    585  [42,18,3,2,6,27]     00:00:00:00:00:12    00:00:00:00:00:03 12    585  [42,18,4,1,5,27]     00:00:00:00:00:12    00:00:00:00:00:03 13    585  [42,18,4,1,6,27]     00:00:00:00:00:12    00:00:00:00:00:03 14    585  [42,18,4,2,5,27]     00:00:00:00:00:12    00:00:00:00:00:03 15    585  [42,18,4,2,6,27]  
# h00:00:00:00:00:12 -> h00:00:00:00:00:11
   00:00:00:00:00:12    00:00:00:00:00:11 0    146  [42,17,41]     00:00:00:00:00:12    00:00:00:00:00:11 1    146  [42,18,41]     00:00:00:00:00:12    00:00:00:00:00:11 2    439  [42,17,3,18,41]     00:00:00:00:00:12    00:00:00:00:00:11 3    439  [42,17,4,18,41]     00:00:00:00:00:12    00:00:00:00:00:11 4    439  [42,17,43,18,41]     00:00:00:00:00:12    00:00:00:00:00:11 5    439  [42,17,44,18,41]     00:00:00:00:00:12    00:00:00:00:00:11 6    439  [42,17,45,18,41]     00:00:00:00:00:12    00:00:00:00:00:11 7    439  [42,18,3,17,41]     00:00:00:00:00:12    00:00:00:00:00:11 8    439  [42,18,4,17,41]     00:00:00:00:00:12    00:00:00:00:00:11 9    439  [42,18,43,17,41]     00:00:00:00:00:12    00:00:00:00:00:11 10    439  [42,18,44,17,41]     00:00:00:00:00:12    00:00:00:00:00:11 11    439  [42,18,45,17,41]     00:00:00:00:00:12    00:00:00:00:00:11 12    585  [42,17,3,4,18,41]     00:00:00:00:00:12    00:00:00:00:00:11 13    585  [42,17,4,3,18,41]     00:00:00:00:00:12    00:00:00:00:00:11 14    585  [42,18,3,4,17,41]     00:00:00:00:00:12    00:00:00:00:00:11 15    585  [42,18,4,3,17,41]  
# h00:00:00:00:00:12 -> h00:00:00:00:00:02
   00:00:00:00:00:12    00:00:00:00:00:02 0    585  [42,17,3,1,5,26]     00:00:00:00:00:12    00:00:00:00:00:02 1    585  [42,17,3,1,6,26]     00:00:00:00:00:12    00:00:00:00:00:02 2    585  [42,17,3,2,5,26]     00:00:00:00:00:12    00:00:00:00:00:02 3    585  [42,17,3,2,6,26]     00:00:00:00:00:12    00:00:00:00:00:02 4    585  [42,17,4,1,5,26]     00:00:00:00:00:12    00:00:00:00:00:02 5    585  [42,17,4,1,6,26]     00:00:00:00:00:12    00:00:00:00:00:02 6    585  [42,17,4,2,5,26]     00:00:00:00:00:12    00:00:00:00:00:02 7    585  [42,17,4,2,6,26]     00:00:00:00:00:12    00:00:00:00:00:02 8    585  [42,18,3,1,5,26]     00:00:00:00:00:12    00:00:00:00:00:02 9    585  [42,18,3,1,6,26]     00:00:00:00:00:12    00:00:00:00:00:02 10    585  [42,18,3,2,5,26]     00:00:00:00:00:12    00:00:00:00:00:02 11    585  [42,18,3,2,6,26]     00:00:00:00:00:12    00:00:00:00:00:02 12    585  [42,18,4,1,5,26]     00:00:00:00:00:12    00:00:00:00:00:02 13    585  [42,18,4,1,6,26]     00:00:00:00:00:12    00:00:00:00:00:02 14    585  [42,18,4,2,5,26]     00:00:00:00:00:12    00:00:00:00:00:02 15    585  [42,18,4,2,6,26]  
# h00:00:00:00:00:12 -> h00:00:00:00:00:0f
   00:00:00:00:00:12    00:00:00:00:00:0f 0    585  [42,17,3,1,11,39]     00:00:00:00:00:12    00:00:00:00:00:0f 1    585  [42,17,3,1,12,39]     00:00:00:00:00:12    00:00:00:00:00:0f 2    585  [42,17,3,2,11,39]     00:00:00:00:00:12    00:00:00:00:00:0f 3    585  [42,17,3,2,12,39]     00:00:00:00:00:12    00:00:00:00:00:0f 4    585  [42,17,4,1,11,39]     00:00:00:00:00:12    00:00:00:00:00:0f 5    585  [42,17,4,1,12,39]     00:00:00:00:00:12    00:00:00:00:00:0f 6    585  [42,17,4,2,11,39]     00:00:00:00:00:12    00:00:00:00:00:0f 7    585  [42,17,4,2,12,39]     00:00:00:00:00:12    00:00:00:00:00:0f 8    585  [42,18,3,1,11,39]     00:00:00:00:00:12    00:00:00:00:00:0f 9    585  [42,18,3,1,12,39]     00:00:00:00:00:12    00:00:00:00:00:0f 10    585  [42,18,3,2,11,39]     00:00:00:00:00:12    00:00:00:00:00:0f 11    585  [42,18,3,2,12,39]     00:00:00:00:00:12    00:00:00:00:00:0f 12    585  [42,18,4,1,11,39]     00:00:00:00:00:12    00:00:00:00:00:0f 13    585  [42,18,4,1,12,39]     00:00:00:00:00:12    00:00:00:00:00:0f 14    585  [42,18,4,2,11,39]     00:00:00:00:00:12    00:00:00:00:00:0f 15    585  [42,18,4,2,12,39]  
# h00:00:00:00:00:12 -> h00:00:00:00:00:15
   00:00:00:00:00:12    00:00:00:00:00:15 0    146  [42,17,45]     00:00:00:00:00:12    00:00:00:00:00:15 1    146  [42,18,45]     00:00:00:00:00:12    00:00:00:00:00:15 2    439  [42,17,3,18,45]     00:00:00:00:00:12    00:00:00:00:00:15 3    439  [42,17,4,18,45]     00:00:00:00:00:12    00:00:00:00:00:15 4    439  [42,17,41,18,45]     00:00:00:00:00:12    00:00:00:00:00:15 5    439  [42,17,43,18,45]     00:00:00:00:00:12    00:00:00:00:00:15 6    439  [42,17,44,18,45]     00:00:00:00:00:12    00:00:00:00:00:15 7    439  [42,18,3,17,45]     00:00:00:00:00:12    00:00:00:00:00:15 8    439  [42,18,4,17,45]     00:00:00:00:00:12    00:00:00:00:00:15 9    439  [42,18,41,17,45]     00:00:00:00:00:12    00:00:00:00:00:15 10    439  [42,18,43,17,45]     00:00:00:00:00:12    00:00:00:00:00:15 11    439  [42,18,44,17,45]     00:00:00:00:00:12    00:00:00:00:00:15 12    585  [42,17,3,4,18,45]     00:00:00:00:00:12    00:00:00:00:00:15 13    585  [42,17,4,3,18,45]     00:00:00:00:00:12    00:00:00:00:00:15 14    585  [42,18,3,4,17,45]     00:00:00:00:00:12    00:00:00:00:00:15 15    585  [42,18,4,3,17,45]  
# h00:00:00:00:00:12 -> h00:00:00:00:00:13
   00:00:00:00:00:12    00:00:00:00:00:13 0    146  [42,17,43]     00:00:00:00:00:12    00:00:00:00:00:13 1    146  [42,18,43]     00:00:00:00:00:12    00:00:00:00:00:13 2    439  [42,17,3,18,43]     00:00:00:00:00:12    00:00:00:00:00:13 3    439  [42,17,4,18,43]     00:00:00:00:00:12    00:00:00:00:00:13 4    439  [42,17,41,18,43]     00:00:00:00:00:12    00:00:00:00:00:13 5    439  [42,17,44,18,43]     00:00:00:00:00:12    00:00:00:00:00:13 6    439  [42,17,45,18,43]     00:00:00:00:00:12    00:00:00:00:00:13 7    439  [42,18,3,17,43]     00:00:00:00:00:12    00:00:00:00:00:13 8    439  [42,18,4,17,43]     00:00:00:00:00:12    00:00:00:00:00:13 9    439  [42,18,41,17,43]     00:00:00:00:00:12    00:00:00:00:00:13 10    439  [42,18,44,17,43]     00:00:00:00:00:12    00:00:00:00:00:13 11    439  [42,18,45,17,43]     00:00:00:00:00:12    00:00:00:00:00:13 12    585  [42,17,3,4,18,43]     00:00:00:00:00:12    00:00:00:00:00:13 13    585  [42,17,4,3,18,43]     00:00:00:00:00:12    00:00:00:00:00:13 14    585  [42,18,3,4,17,43]     00:00:00:00:00:12    00:00:00:00:00:13 15    585  [42,18,4,3,17,43]  
# h00:00:00:00:00:15 -> h00:00:00:00:00:16
   00:00:00:00:00:15    00:00:00:00:00:16 0    439  [45,17,3,13,19]     00:00:00:00:00:15    00:00:00:00:00:16 1    439  [45,17,3,14,19]     00:00:00:00:00:15    00:00:00:00:00:16 2    439  [45,17,4,13,19]     00:00:00:00:00:15    00:00:00:00:00:16 3    439  [45,17,4,14,19]     00:00:00:00:00:15    00:00:00:00:00:16 4    439  [45,18,3,13,19]     00:00:00:00:00:15    00:00:00:00:00:16 5    439  [45,18,3,14,19]     00:00:00:00:00:15    00:00:00:00:00:16 6    439  [45,18,4,13,19]     00:00:00:00:00:15    00:00:00:00:00:16 7    439  [45,18,4,14,19]     00:00:00:00:00:15    00:00:00:00:00:16 8    585  [45,17,3,4,13,19]     00:00:00:00:00:15    00:00:00:00:00:16 9    585  [45,17,3,4,14,19]     00:00:00:00:00:15    00:00:00:00:00:16 10    585  [45,17,4,3,13,19]     00:00:00:00:00:15    00:00:00:00:00:16 11    585  [45,17,4,3,14,19]     00:00:00:00:00:15    00:00:00:00:00:16 12    585  [45,18,3,4,13,19]     00:00:00:00:00:15    00:00:00:00:00:16 13    585  [45,18,3,4,14,19]     00:00:00:00:00:15    00:00:00:00:00:16 14    585  [45,18,4,3,13,19]     00:00:00:00:00:15    00:00:00:00:00:16 15    585  [45,18,4,3,14,19]  
# h00:00:00:00:00:15 -> h00:00:00:00:00:06
   00:00:00:00:00:15    00:00:00:00:00:06 0    585  [45,17,3,1,7,30]     00:00:00:00:00:15    00:00:00:00:00:06 1    585  [45,17,3,1,8,30]     00:00:00:00:00:15    00:00:00:00:00:06 2    585  [45,17,3,2,7,30]     00:00:00:00:00:15    00:00:00:00:00:06 3    585  [45,17,3,2,8,30]     00:00:00:00:00:15    00:00:00:00:00:06 4    585  [45,17,4,1,7,30]     00:00:00:00:00:15    00:00:00:00:00:06 5    585  [45,17,4,1,8,30]     00:00:00:00:00:15    00:00:00:00:00:06 6    585  [45,17,4,2,7,30]     00:00:00:00:00:15    00:00:00:00:00:06 7    585  [45,17,4,2,8,30]     00:00:00:00:00:15    00:00:00:00:00:06 8    585  [45,18,3,1,7,30]     00:00:00:00:00:15    00:00:00:00:00:06 9    585  [45,18,3,1,8,30]     00:00:00:00:00:15    00:00:00:00:00:06 10    585  [45,18,3,2,7,30]     00:00:00:00:00:15    00:00:00:00:00:06 11    585  [45,18,3,2,8,30]     00:00:00:00:00:15    00:00:00:00:00:06 12    585  [45,18,4,1,7,30]     00:00:00:00:00:15    00:00:00:00:00:06 13    585  [45,18,4,1,8,30]     00:00:00:00:00:15    00:00:00:00:00:06 14    585  [45,18,4,2,7,30]     00:00:00:00:00:15    00:00:00:00:00:06 15    585  [45,18,4,2,8,30]  
# h00:00:00:00:00:15 -> h00:00:00:00:00:07
   00:00:00:00:00:15    00:00:00:00:00:07 0    585  [45,17,3,1,7,31]     00:00:00:00:00:15    00:00:00:00:00:07 1    585  [45,17,3,1,8,31]     00:00:00:00:00:15    00:00:00:00:00:07 2    585  [45,17,3,2,7,31]     00:00:00:00:00:15    00:00:00:00:00:07 3    585  [45,17,3,2,8,31]     00:00:00:00:00:15    00:00:00:00:00:07 4    585  [45,17,4,1,7,31]     00:00:00:00:00:15    00:00:00:00:00:07 5    585  [45,17,4,1,8,31]     00:00:00:00:00:15    00:00:00:00:00:07 6    585  [45,17,4,2,7,31]     00:00:00:00:00:15    00:00:00:00:00:07 7    585  [45,17,4,2,8,31]     00:00:00:00:00:15    00:00:00:00:00:07 8    585  [45,18,3,1,7,31]     00:00:00:00:00:15    00:00:00:00:00:07 9    585  [45,18,3,1,8,31]     00:00:00:00:00:15    00:00:00:00:00:07 10    585  [45,18,3,2,7,31]     00:00:00:00:00:15    00:00:00:00:00:07 11    585  [45,18,3,2,8,31]     00:00:00:00:00:15    00:00:00:00:00:07 12    585  [45,18,4,1,7,31]     00:00:00:00:00:15    00:00:00:00:00:07 13    585  [45,18,4,1,8,31]     00:00:00:00:00:15    00:00:00:00:00:07 14    585  [45,18,4,2,7,31]     00:00:00:00:00:15    00:00:00:00:00:07 15    585  [45,18,4,2,8,31]  
# h00:00:00:00:00:15 -> h00:00:00:00:00:1b
   00:00:00:00:00:15    00:00:00:00:00:1b 0    439  [45,17,3,15,24]     00:00:00:00:00:15    00:00:00:00:00:1b 1    439  [45,17,3,16,24]     00:00:00:00:00:15    00:00:00:00:00:1b 2    439  [45,17,4,15,24]     00:00:00:00:00:15    00:00:00:00:00:1b 3    439  [45,17,4,16,24]     00:00:00:00:00:15    00:00:00:00:00:1b 4    439  [45,18,3,15,24]     00:00:00:00:00:15    00:00:00:00:00:1b 5    439  [45,18,3,16,24]     00:00:00:00:00:15    00:00:00:00:00:1b 6    439  [45,18,4,15,24]     00:00:00:00:00:15    00:00:00:00:00:1b 7    439  [45,18,4,16,24]     00:00:00:00:00:15    00:00:00:00:00:1b 8    585  [45,17,3,4,15,24]     00:00:00:00:00:15    00:00:00:00:00:1b 9    585  [45,17,3,4,16,24]     00:00:00:00:00:15    00:00:00:00:00:1b 10    585  [45,17,4,3,15,24]     00:00:00:00:00:15    00:00:00:00:00:1b 11    585  [45,17,4,3,16,24]     00:00:00:00:00:15    00:00:00:00:00:1b 12    585  [45,18,3,4,15,24]     00:00:00:00:00:15    00:00:00:00:00:1b 13    585  [45,18,3,4,16,24]     00:00:00:00:00:15    00:00:00:00:00:1b 14    585  [45,18,4,3,15,24]     00:00:00:00:00:15    00:00:00:00:00:1b 15    585  [45,18,4,3,16,24]  
# h00:00:00:00:00:15 -> h00:00:00:00:00:17
   00:00:00:00:00:15    00:00:00:00:00:17 0    439  [45,17,3,13,20]     00:00:00:00:00:15    00:00:00:00:00:17 1    439  [45,17,3,14,20]     00:00:00:00:00:15    00:00:00:00:00:17 2    439  [45,17,4,13,20]     00:00:00:00:00:15    00:00:00:00:00:17 3    439  [45,17,4,14,20]     00:00:00:00:00:15    00:00:00:00:00:17 4    439  [45,18,3,13,20]     00:00:00:00:00:15    00:00:00:00:00:17 5    439  [45,18,3,14,20]     00:00:00:00:00:15    00:00:00:00:00:17 6    439  [45,18,4,13,20]     00:00:00:00:00:15    00:00:00:00:00:17 7    439  [45,18,4,14,20]     00:00:00:00:00:15    00:00:00:00:00:17 8    585  [45,17,3,4,13,20]     00:00:00:00:00:15    00:00:00:00:00:17 9    585  [45,17,3,4,14,20]     00:00:00:00:00:15    00:00:00:00:00:17 10    585  [45,17,4,3,13,20]     00:00:00:00:00:15    00:00:00:00:00:17 11    585  [45,17,4,3,14,20]     00:00:00:00:00:15    00:00:00:00:00:17 12    585  [45,18,3,4,13,20]     00:00:00:00:00:15    00:00:00:00:00:17 13    585  [45,18,3,4,14,20]     00:00:00:00:00:15    00:00:00:00:00:17 14    585  [45,18,4,3,13,20]     00:00:00:00:00:15    00:00:00:00:00:17 15    585  [45,18,4,3,14,20]  
# h00:00:00:00:00:15 -> h00:00:00:00:00:09
   00:00:00:00:00:15    00:00:00:00:00:09 0    585  [45,17,3,1,9,33]     00:00:00:00:00:15    00:00:00:00:00:09 1    585  [45,17,3,1,10,33]     00:00:00:00:00:15    00:00:00:00:00:09 2    585  [45,17,3,2,9,33]     00:00:00:00:00:15    00:00:00:00:00:09 3    585  [45,17,3,2,10,33]     00:00:00:00:00:15    00:00:00:00:00:09 4    585  [45,17,4,1,9,33]     00:00:00:00:00:15    00:00:00:00:00:09 5    585  [45,17,4,1,10,33]     00:00:00:00:00:15    00:00:00:00:00:09 6    585  [45,17,4,2,9,33]     00:00:00:00:00:15    00:00:00:00:00:09 7    585  [45,17,4,2,10,33]     00:00:00:00:00:15    00:00:00:00:00:09 8    585  [45,18,3,1,9,33]     00:00:00:00:00:15    00:00:00:00:00:09 9    585  [45,18,3,1,10,33]     00:00:00:00:00:15    00:00:00:00:00:09 10    585  [45,18,3,2,9,33]     00:00:00:00:00:15    00:00:00:00:00:09 11    585  [45,18,3,2,10,33]     00:00:00:00:00:15    00:00:00:00:00:09 12    585  [45,18,4,1,9,33]     00:00:00:00:00:15    00:00:00:00:00:09 13    585  [45,18,4,1,10,33]     00:00:00:00:00:15    00:00:00:00:00:09 14    585  [45,18,4,2,9,33]     00:00:00:00:00:15    00:00:00:00:00:09 15    585  [45,18,4,2,10,33]  
# h00:00:00:00:00:15 -> h00:00:00:00:00:05
   00:00:00:00:00:15    00:00:00:00:00:05 0    585  [45,17,3,1,7,29]     00:00:00:00:00:15    00:00:00:00:00:05 1    585  [45,17,3,1,8,29]     00:00:00:00:00:15    00:00:00:00:00:05 2    585  [45,17,3,2,7,29]     00:00:00:00:00:15    00:00:00:00:00:05 3    585  [45,17,3,2,8,29]     00:00:00:00:00:15    00:00:00:00:00:05 4    585  [45,17,4,1,7,29]     00:00:00:00:00:15    00:00:00:00:00:05 5    585  [45,17,4,1,8,29]     00:00:00:00:00:15    00:00:00:00:00:05 6    585  [45,17,4,2,7,29]     00:00:00:00:00:15    00:00:00:00:00:05 7    585  [45,17,4,2,8,29]     00:00:00:00:00:15    00:00:00:00:00:05 8    585  [45,18,3,1,7,29]     00:00:00:00:00:15    00:00:00:00:00:05 9    585  [45,18,3,1,8,29]     00:00:00:00:00:15    00:00:00:00:00:05 10    585  [45,18,3,2,7,29]     00:00:00:00:00:15    00:00:00:00:00:05 11    585  [45,18,3,2,8,29]     00:00:00:00:00:15    00:00:00:00:00:05 12    585  [45,18,4,1,7,29]     00:00:00:00:00:15    00:00:00:00:00:05 13    585  [45,18,4,1,8,29]     00:00:00:00:00:15    00:00:00:00:00:05 14    585  [45,18,4,2,7,29]     00:00:00:00:00:15    00:00:00:00:00:05 15    585  [45,18,4,2,8,29]  
# h00:00:00:00:00:15 -> h00:00:00:00:00:08
   00:00:00:00:00:15    00:00:00:00:00:08 0    585  [45,17,3,1,7,32]     00:00:00:00:00:15    00:00:00:00:00:08 1    585  [45,17,3,1,8,32]     00:00:00:00:00:15    00:00:00:00:00:08 2    585  [45,17,3,2,7,32]     00:00:00:00:00:15    00:00:00:00:00:08 3    585  [45,17,3,2,8,32]     00:00:00:00:00:15    00:00:00:00:00:08 4    585  [45,17,4,1,7,32]     00:00:00:00:00:15    00:00:00:00:00:08 5    585  [45,17,4,1,8,32]     00:00:00:00:00:15    00:00:00:00:00:08 6    585  [45,17,4,2,7,32]     00:00:00:00:00:15    00:00:00:00:00:08 7    585  [45,17,4,2,8,32]     00:00:00:00:00:15    00:00:00:00:00:08 8    585  [45,18,3,1,7,32]     00:00:00:00:00:15    00:00:00:00:00:08 9    585  [45,18,3,1,8,32]     00:00:00:00:00:15    00:00:00:00:00:08 10    585  [45,18,3,2,7,32]     00:00:00:00:00:15    00:00:00:00:00:08 11    585  [45,18,3,2,8,32]     00:00:00:00:00:15    00:00:00:00:00:08 12    585  [45,18,4,1,7,32]     00:00:00:00:00:15    00:00:00:00:00:08 13    585  [45,18,4,1,8,32]     00:00:00:00:00:15    00:00:00:00:00:08 14    585  [45,18,4,2,7,32]     00:00:00:00:00:15    00:00:00:00:00:08 15    585  [45,18,4,2,8,32]  
# h00:00:00:00:00:15 -> h00:00:00:00:00:04
   00:00:00:00:00:15    00:00:00:00:00:04 0    585  [45,17,3,1,5,28]     00:00:00:00:00:15    00:00:00:00:00:04 1    585  [45,17,3,1,6,28]     00:00:00:00:00:15    00:00:00:00:00:04 2    585  [45,17,3,2,5,28]     00:00:00:00:00:15    00:00:00:00:00:04 3    585  [45,17,3,2,6,28]     00:00:00:00:00:15    00:00:00:00:00:04 4    585  [45,17,4,1,5,28]     00:00:00:00:00:15    00:00:00:00:00:04 5    585  [45,17,4,1,6,28]     00:00:00:00:00:15    00:00:00:00:00:04 6    585  [45,17,4,2,5,28]     00:00:00:00:00:15    00:00:00:00:00:04 7    585  [45,17,4,2,6,28]     00:00:00:00:00:15    00:00:00:00:00:04 8    585  [45,18,3,1,5,28]     00:00:00:00:00:15    00:00:00:00:00:04 9    585  [45,18,3,1,6,28]     00:00:00:00:00:15    00:00:00:00:00:04 10    585  [45,18,3,2,5,28]     00:00:00:00:00:15    00:00:00:00:00:04 11    585  [45,18,3,2,6,28]     00:00:00:00:00:15    00:00:00:00:00:04 12    585  [45,18,4,1,5,28]     00:00:00:00:00:15    00:00:00:00:00:04 13    585  [45,18,4,1,6,28]     00:00:00:00:00:15    00:00:00:00:00:04 14    585  [45,18,4,2,5,28]     00:00:00:00:00:15    00:00:00:00:00:04 15    585  [45,18,4,2,6,28]  
# h00:00:00:00:00:15 -> h00:00:00:00:00:1a
   00:00:00:00:00:15    00:00:00:00:00:1a 0    439  [45,17,3,15,23]     00:00:00:00:00:15    00:00:00:00:00:1a 1    439  [45,17,3,16,23]     00:00:00:00:00:15    00:00:00:00:00:1a 2    439  [45,17,4,15,23]     00:00:00:00:00:15    00:00:00:00:00:1a 3    439  [45,17,4,16,23]     00:00:00:00:00:15    00:00:00:00:00:1a 4    439  [45,18,3,15,23]     00:00:00:00:00:15    00:00:00:00:00:1a 5    439  [45,18,3,16,23]     00:00:00:00:00:15    00:00:00:00:00:1a 6    439  [45,18,4,15,23]     00:00:00:00:00:15    00:00:00:00:00:1a 7    439  [45,18,4,16,23]     00:00:00:00:00:15    00:00:00:00:00:1a 8    585  [45,17,3,4,15,23]     00:00:00:00:00:15    00:00:00:00:00:1a 9    585  [45,17,3,4,16,23]     00:00:00:00:00:15    00:00:00:00:00:1a 10    585  [45,17,4,3,15,23]     00:00:00:00:00:15    00:00:00:00:00:1a 11    585  [45,17,4,3,16,23]     00:00:00:00:00:15    00:00:00:00:00:1a 12    585  [45,18,3,4,15,23]     00:00:00:00:00:15    00:00:00:00:00:1a 13    585  [45,18,3,4,16,23]     00:00:00:00:00:15    00:00:00:00:00:1a 14    585  [45,18,4,3,15,23]     00:00:00:00:00:15    00:00:00:00:00:1a 15    585  [45,18,4,3,16,23]  
# h00:00:00:00:00:15 -> h00:00:00:00:00:10
   00:00:00:00:00:15    00:00:00:00:00:10 0    585  [45,17,3,1,11,40]     00:00:00:00:00:15    00:00:00:00:00:10 1    585  [45,17,3,1,12,40]     00:00:00:00:00:15    00:00:00:00:00:10 2    585  [45,17,3,2,11,40]     00:00:00:00:00:15    00:00:00:00:00:10 3    585  [45,17,3,2,12,40]     00:00:00:00:00:15    00:00:00:00:00:10 4    585  [45,17,4,1,11,40]     00:00:00:00:00:15    00:00:00:00:00:10 5    585  [45,17,4,1,12,40]     00:00:00:00:00:15    00:00:00:00:00:10 6    585  [45,17,4,2,11,40]     00:00:00:00:00:15    00:00:00:00:00:10 7    585  [45,17,4,2,12,40]     00:00:00:00:00:15    00:00:00:00:00:10 8    585  [45,18,3,1,11,40]     00:00:00:00:00:15    00:00:00:00:00:10 9    585  [45,18,3,1,12,40]     00:00:00:00:00:15    00:00:00:00:00:10 10    585  [45,18,3,2,11,40]     00:00:00:00:00:15    00:00:00:00:00:10 11    585  [45,18,3,2,12,40]     00:00:00:00:00:15    00:00:00:00:00:10 12    585  [45,18,4,1,11,40]     00:00:00:00:00:15    00:00:00:00:00:10 13    585  [45,18,4,1,12,40]     00:00:00:00:00:15    00:00:00:00:00:10 14    585  [45,18,4,2,11,40]     00:00:00:00:00:15    00:00:00:00:00:10 15    585  [45,18,4,2,12,40]  
# h00:00:00:00:00:15 -> h00:00:00:00:00:18
   00:00:00:00:00:15    00:00:00:00:00:18 0    439  [45,17,3,13,21]     00:00:00:00:00:15    00:00:00:00:00:18 1    439  [45,17,3,14,21]     00:00:00:00:00:15    00:00:00:00:00:18 2    439  [45,17,4,13,21]     00:00:00:00:00:15    00:00:00:00:00:18 3    439  [45,17,4,14,21]     00:00:00:00:00:15    00:00:00:00:00:18 4    439  [45,18,3,13,21]     00:00:00:00:00:15    00:00:00:00:00:18 5    439  [45,18,3,14,21]     00:00:00:00:00:15    00:00:00:00:00:18 6    439  [45,18,4,13,21]     00:00:00:00:00:15    00:00:00:00:00:18 7    439  [45,18,4,14,21]     00:00:00:00:00:15    00:00:00:00:00:18 8    585  [45,17,3,4,13,21]     00:00:00:00:00:15    00:00:00:00:00:18 9    585  [45,17,3,4,14,21]     00:00:00:00:00:15    00:00:00:00:00:18 10    585  [45,17,4,3,13,21]     00:00:00:00:00:15    00:00:00:00:00:18 11    585  [45,17,4,3,14,21]     00:00:00:00:00:15    00:00:00:00:00:18 12    585  [45,18,3,4,13,21]     00:00:00:00:00:15    00:00:00:00:00:18 13    585  [45,18,3,4,14,21]     00:00:00:00:00:15    00:00:00:00:00:18 14    585  [45,18,4,3,13,21]     00:00:00:00:00:15    00:00:00:00:00:18 15    585  [45,18,4,3,14,21]  
# h00:00:00:00:00:15 -> h00:00:00:00:00:19
   00:00:00:00:00:15    00:00:00:00:00:19 0    439  [45,17,3,15,22]     00:00:00:00:00:15    00:00:00:00:00:19 1    439  [45,17,3,16,22]     00:00:00:00:00:15    00:00:00:00:00:19 2    439  [45,17,4,15,22]     00:00:00:00:00:15    00:00:00:00:00:19 3    439  [45,17,4,16,22]     00:00:00:00:00:15    00:00:00:00:00:19 4    439  [45,18,3,15,22]     00:00:00:00:00:15    00:00:00:00:00:19 5    439  [45,18,3,16,22]     00:00:00:00:00:15    00:00:00:00:00:19 6    439  [45,18,4,15,22]     00:00:00:00:00:15    00:00:00:00:00:19 7    439  [45,18,4,16,22]     00:00:00:00:00:15    00:00:00:00:00:19 8    585  [45,17,3,4,15,22]     00:00:00:00:00:15    00:00:00:00:00:19 9    585  [45,17,3,4,16,22]     00:00:00:00:00:15    00:00:00:00:00:19 10    585  [45,17,4,3,15,22]     00:00:00:00:00:15    00:00:00:00:00:19 11    585  [45,17,4,3,16,22]     00:00:00:00:00:15    00:00:00:00:00:19 12    585  [45,18,3,4,15,22]     00:00:00:00:00:15    00:00:00:00:00:19 13    585  [45,18,3,4,16,22]     00:00:00:00:00:15    00:00:00:00:00:19 14    585  [45,18,4,3,15,22]     00:00:00:00:00:15    00:00:00:00:00:19 15    585  [45,18,4,3,16,22]  
# h00:00:00:00:00:15 -> h00:00:00:00:00:0e
   00:00:00:00:00:15    00:00:00:00:00:0e 0    585  [45,17,3,1,11,38]     00:00:00:00:00:15    00:00:00:00:00:0e 1    585  [45,17,3,1,12,38]     00:00:00:00:00:15    00:00:00:00:00:0e 2    585  [45,17,3,2,11,38]     00:00:00:00:00:15    00:00:00:00:00:0e 3    585  [45,17,3,2,12,38]     00:00:00:00:00:15    00:00:00:00:00:0e 4    585  [45,17,4,1,11,38]     00:00:00:00:00:15    00:00:00:00:00:0e 5    585  [45,17,4,1,12,38]     00:00:00:00:00:15    00:00:00:00:00:0e 6    585  [45,17,4,2,11,38]     00:00:00:00:00:15    00:00:00:00:00:0e 7    585  [45,17,4,2,12,38]     00:00:00:00:00:15    00:00:00:00:00:0e 8    585  [45,18,3,1,11,38]     00:00:00:00:00:15    00:00:00:00:00:0e 9    585  [45,18,3,1,12,38]     00:00:00:00:00:15    00:00:00:00:00:0e 10    585  [45,18,3,2,11,38]     00:00:00:00:00:15    00:00:00:00:00:0e 11    585  [45,18,3,2,12,38]     00:00:00:00:00:15    00:00:00:00:00:0e 12    585  [45,18,4,1,11,38]     00:00:00:00:00:15    00:00:00:00:00:0e 13    585  [45,18,4,1,12,38]     00:00:00:00:00:15    00:00:00:00:00:0e 14    585  [45,18,4,2,11,38]     00:00:00:00:00:15    00:00:00:00:00:0e 15    585  [45,18,4,2,12,38]  
# h00:00:00:00:00:15 -> h00:00:00:00:00:01
   00:00:00:00:00:15    00:00:00:00:00:01 0    585  [45,17,3,1,5,25]     00:00:00:00:00:15    00:00:00:00:00:01 1    585  [45,17,3,1,6,25]     00:00:00:00:00:15    00:00:00:00:00:01 2    585  [45,17,3,2,5,25]     00:00:00:00:00:15    00:00:00:00:00:01 3    585  [45,17,3,2,6,25]     00:00:00:00:00:15    00:00:00:00:00:01 4    585  [45,17,4,1,5,25]     00:00:00:00:00:15    00:00:00:00:00:01 5    585  [45,17,4,1,6,25]     00:00:00:00:00:15    00:00:00:00:00:01 6    585  [45,17,4,2,5,25]     00:00:00:00:00:15    00:00:00:00:00:01 7    585  [45,17,4,2,6,25]     00:00:00:00:00:15    00:00:00:00:00:01 8    585  [45,18,3,1,5,25]     00:00:00:00:00:15    00:00:00:00:00:01 9    585  [45,18,3,1,6,25]     00:00:00:00:00:15    00:00:00:00:00:01 10    585  [45,18,3,2,5,25]     00:00:00:00:00:15    00:00:00:00:00:01 11    585  [45,18,3,2,6,25]     00:00:00:00:00:15    00:00:00:00:00:01 12    585  [45,18,4,1,5,25]     00:00:00:00:00:15    00:00:00:00:00:01 13    585  [45,18,4,1,6,25]     00:00:00:00:00:15    00:00:00:00:00:01 14    585  [45,18,4,2,5,25]     00:00:00:00:00:15    00:00:00:00:00:01 15    585  [45,18,4,2,6,25]  
# h00:00:00:00:00:15 -> h00:00:00:00:00:14
   00:00:00:00:00:15    00:00:00:00:00:14 0    146  [45,17,44]     00:00:00:00:00:15    00:00:00:00:00:14 1    146  [45,18,44]     00:00:00:00:00:15    00:00:00:00:00:14 2    439  [45,17,3,18,44]     00:00:00:00:00:15    00:00:00:00:00:14 3    439  [45,17,4,18,44]     00:00:00:00:00:15    00:00:00:00:00:14 4    439  [45,17,41,18,44]     00:00:00:00:00:15    00:00:00:00:00:14 5    439  [45,17,42,18,44]     00:00:00:00:00:15    00:00:00:00:00:14 6    439  [45,17,43,18,44]     00:00:00:00:00:15    00:00:00:00:00:14 7    439  [45,18,3,17,44]     00:00:00:00:00:15    00:00:00:00:00:14 8    439  [45,18,4,17,44]     00:00:00:00:00:15    00:00:00:00:00:14 9    439  [45,18,41,17,44]     00:00:00:00:00:15    00:00:00:00:00:14 10    439  [45,18,42,17,44]     00:00:00:00:00:15    00:00:00:00:00:14 11    439  [45,18,43,17,44]     00:00:00:00:00:15    00:00:00:00:00:14 12    585  [45,17,3,4,18,44]     00:00:00:00:00:15    00:00:00:00:00:14 13    585  [45,17,4,3,18,44]     00:00:00:00:00:15    00:00:00:00:00:14 14    585  [45,18,3,4,17,44]     00:00:00:00:00:15    00:00:00:00:00:14 15    585  [45,18,4,3,17,44]  
# h00:00:00:00:00:15 -> h00:00:00:00:00:0b
   00:00:00:00:00:15    00:00:00:00:00:0b 0    585  [45,17,3,1,9,35]     00:00:00:00:00:15    00:00:00:00:00:0b 1    585  [45,17,3,1,10,35]     00:00:00:00:00:15    00:00:00:00:00:0b 2    585  [45,17,3,2,9,35]     00:00:00:00:00:15    00:00:00:00:00:0b 3    585  [45,17,3,2,10,35]     00:00:00:00:00:15    00:00:00:00:00:0b 4    585  [45,17,4,1,9,35]     00:00:00:00:00:15    00:00:00:00:00:0b 5    585  [45,17,4,1,10,35]     00:00:00:00:00:15    00:00:00:00:00:0b 6    585  [45,17,4,2,9,35]     00:00:00:00:00:15    00:00:00:00:00:0b 7    585  [45,17,4,2,10,35]     00:00:00:00:00:15    00:00:00:00:00:0b 8    585  [45,18,3,1,9,35]     00:00:00:00:00:15    00:00:00:00:00:0b 9    585  [45,18,3,1,10,35]     00:00:00:00:00:15    00:00:00:00:00:0b 10    585  [45,18,3,2,9,35]     00:00:00:00:00:15    00:00:00:00:00:0b 11    585  [45,18,3,2,10,35]     00:00:00:00:00:15    00:00:00:00:00:0b 12    585  [45,18,4,1,9,35]     00:00:00:00:00:15    00:00:00:00:00:0b 13    585  [45,18,4,1,10,35]     00:00:00:00:00:15    00:00:00:00:00:0b 14    585  [45,18,4,2,9,35]     00:00:00:00:00:15    00:00:00:00:00:0b 15    585  [45,18,4,2,10,35]  
# h00:00:00:00:00:15 -> h00:00:00:00:00:0a
   00:00:00:00:00:15    00:00:00:00:00:0a 0    585  [45,17,3,1,9,34]     00:00:00:00:00:15    00:00:00:00:00:0a 1    585  [45,17,3,1,10,34]     00:00:00:00:00:15    00:00:00:00:00:0a 2    585  [45,17,3,2,9,34]     00:00:00:00:00:15    00:00:00:00:00:0a 3    585  [45,17,3,2,10,34]     00:00:00:00:00:15    00:00:00:00:00:0a 4    585  [45,17,4,1,9,34]     00:00:00:00:00:15    00:00:00:00:00:0a 5    585  [45,17,4,1,10,34]     00:00:00:00:00:15    00:00:00:00:00:0a 6    585  [45,17,4,2,9,34]     00:00:00:00:00:15    00:00:00:00:00:0a 7    585  [45,17,4,2,10,34]     00:00:00:00:00:15    00:00:00:00:00:0a 8    585  [45,18,3,1,9,34]     00:00:00:00:00:15    00:00:00:00:00:0a 9    585  [45,18,3,1,10,34]     00:00:00:00:00:15    00:00:00:00:00:0a 10    585  [45,18,3,2,9,34]     00:00:00:00:00:15    00:00:00:00:00:0a 11    585  [45,18,3,2,10,34]     00:00:00:00:00:15    00:00:00:00:00:0a 12    585  [45,18,4,1,9,34]     00:00:00:00:00:15    00:00:00:00:00:0a 13    585  [45,18,4,1,10,34]     00:00:00:00:00:15    00:00:00:00:00:0a 14    585  [45,18,4,2,9,34]     00:00:00:00:00:15    00:00:00:00:00:0a 15    585  [45,18,4,2,10,34]  
# h00:00:00:00:00:15 -> h00:00:00:00:00:0c
   00:00:00:00:00:15    00:00:00:00:00:0c 0    585  [45,17,3,1,9,36]     00:00:00:00:00:15    00:00:00:00:00:0c 1    585  [45,17,3,1,10,36]     00:00:00:00:00:15    00:00:00:00:00:0c 2    585  [45,17,3,2,9,36]     00:00:00:00:00:15    00:00:00:00:00:0c 3    585  [45,17,3,2,10,36]     00:00:00:00:00:15    00:00:00:00:00:0c 4    585  [45,17,4,1,9,36]     00:00:00:00:00:15    00:00:00:00:00:0c 5    585  [45,17,4,1,10,36]     00:00:00:00:00:15    00:00:00:00:00:0c 6    585  [45,17,4,2,9,36]     00:00:00:00:00:15    00:00:00:00:00:0c 7    585  [45,17,4,2,10,36]     00:00:00:00:00:15    00:00:00:00:00:0c 8    585  [45,18,3,1,9,36]     00:00:00:00:00:15    00:00:00:00:00:0c 9    585  [45,18,3,1,10,36]     00:00:00:00:00:15    00:00:00:00:00:0c 10    585  [45,18,3,2,9,36]     00:00:00:00:00:15    00:00:00:00:00:0c 11    585  [45,18,3,2,10,36]     00:00:00:00:00:15    00:00:00:00:00:0c 12    585  [45,18,4,1,9,36]     00:00:00:00:00:15    00:00:00:00:00:0c 13    585  [45,18,4,1,10,36]     00:00:00:00:00:15    00:00:00:00:00:0c 14    585  [45,18,4,2,9,36]     00:00:00:00:00:15    00:00:00:00:00:0c 15    585  [45,18,4,2,10,36]  
# h00:00:00:00:00:15 -> h00:00:00:00:00:0d
   00:00:00:00:00:15    00:00:00:00:00:0d 0    585  [45,17,3,1,11,37]     00:00:00:00:00:15    00:00:00:00:00:0d 1    585  [45,17,3,1,12,37]     00:00:00:00:00:15    00:00:00:00:00:0d 2    585  [45,17,3,2,11,37]     00:00:00:00:00:15    00:00:00:00:00:0d 3    585  [45,17,3,2,12,37]     00:00:00:00:00:15    00:00:00:00:00:0d 4    585  [45,17,4,1,11,37]     00:00:00:00:00:15    00:00:00:00:00:0d 5    585  [45,17,4,1,12,37]     00:00:00:00:00:15    00:00:00:00:00:0d 6    585  [45,17,4,2,11,37]     00:00:00:00:00:15    00:00:00:00:00:0d 7    585  [45,17,4,2,12,37]     00:00:00:00:00:15    00:00:00:00:00:0d 8    585  [45,18,3,1,11,37]     00:00:00:00:00:15    00:00:00:00:00:0d 9    585  [45,18,3,1,12,37]     00:00:00:00:00:15    00:00:00:00:00:0d 10    585  [45,18,3,2,11,37]     00:00:00:00:00:15    00:00:00:00:00:0d 11    585  [45,18,3,2,12,37]     00:00:00:00:00:15    00:00:00:00:00:0d 12    585  [45,18,4,1,11,37]     00:00:00:00:00:15    00:00:00:00:00:0d 13    585  [45,18,4,1,12,37]     00:00:00:00:00:15    00:00:00:00:00:0d 14    585  [45,18,4,2,11,37]     00:00:00:00:00:15    00:00:00:00:00:0d 15    585  [45,18,4,2,12,37]  
# h00:00:00:00:00:15 -> h00:00:00:00:00:03
   00:00:00:00:00:15    00:00:00:00:00:03 0    585  [45,17,3,1,5,27]     00:00:00:00:00:15    00:00:00:00:00:03 1    585  [45,17,3,1,6,27]     00:00:00:00:00:15    00:00:00:00:00:03 2    585  [45,17,3,2,5,27]     00:00:00:00:00:15    00:00:00:00:00:03 3    585  [45,17,3,2,6,27]     00:00:00:00:00:15    00:00:00:00:00:03 4    585  [45,17,4,1,5,27]     00:00:00:00:00:15    00:00:00:00:00:03 5    585  [45,17,4,1,6,27]     00:00:00:00:00:15    00:00:00:00:00:03 6    585  [45,17,4,2,5,27]     00:00:00:00:00:15    00:00:00:00:00:03 7    585  [45,17,4,2,6,27]     00:00:00:00:00:15    00:00:00:00:00:03 8    585  [45,18,3,1,5,27]     00:00:00:00:00:15    00:00:00:00:00:03 9    585  [45,18,3,1,6,27]     00:00:00:00:00:15    00:00:00:00:00:03 10    585  [45,18,3,2,5,27]     00:00:00:00:00:15    00:00:00:00:00:03 11    585  [45,18,3,2,6,27]     00:00:00:00:00:15    00:00:00:00:00:03 12    585  [45,18,4,1,5,27]     00:00:00:00:00:15    00:00:00:00:00:03 13    585  [45,18,4,1,6,27]     00:00:00:00:00:15    00:00:00:00:00:03 14    585  [45,18,4,2,5,27]     00:00:00:00:00:15    00:00:00:00:00:03 15    585  [45,18,4,2,6,27]  
# h00:00:00:00:00:15 -> h00:00:00:00:00:11
   00:00:00:00:00:15    00:00:00:00:00:11 0    146  [45,17,41]     00:00:00:00:00:15    00:00:00:00:00:11 1    146  [45,18,41]     00:00:00:00:00:15    00:00:00:00:00:11 2    439  [45,17,3,18,41]     00:00:00:00:00:15    00:00:00:00:00:11 3    439  [45,17,4,18,41]     00:00:00:00:00:15    00:00:00:00:00:11 4    439  [45,17,42,18,41]     00:00:00:00:00:15    00:00:00:00:00:11 5    439  [45,17,43,18,41]     00:00:00:00:00:15    00:00:00:00:00:11 6    439  [45,17,44,18,41]     00:00:00:00:00:15    00:00:00:00:00:11 7    439  [45,18,3,17,41]     00:00:00:00:00:15    00:00:00:00:00:11 8    439  [45,18,4,17,41]     00:00:00:00:00:15    00:00:00:00:00:11 9    439  [45,18,42,17,41]     00:00:00:00:00:15    00:00:00:00:00:11 10    439  [45,18,43,17,41]     00:00:00:00:00:15    00:00:00:00:00:11 11    439  [45,18,44,17,41]     00:00:00:00:00:15    00:00:00:00:00:11 12    585  [45,17,3,4,18,41]     00:00:00:00:00:15    00:00:00:00:00:11 13    585  [45,17,4,3,18,41]     00:00:00:00:00:15    00:00:00:00:00:11 14    585  [45,18,3,4,17,41]     00:00:00:00:00:15    00:00:00:00:00:11 15    585  [45,18,4,3,17,41]  
# h00:00:00:00:00:15 -> h00:00:00:00:00:02
   00:00:00:00:00:15    00:00:00:00:00:02 0    585  [45,17,3,1,5,26]     00:00:00:00:00:15    00:00:00:00:00:02 1    585  [45,17,3,1,6,26]     00:00:00:00:00:15    00:00:00:00:00:02 2    585  [45,17,3,2,5,26]     00:00:00:00:00:15    00:00:00:00:00:02 3    585  [45,17,3,2,6,26]     00:00:00:00:00:15    00:00:00:00:00:02 4    585  [45,17,4,1,5,26]     00:00:00:00:00:15    00:00:00:00:00:02 5    585  [45,17,4,1,6,26]     00:00:00:00:00:15    00:00:00:00:00:02 6    585  [45,17,4,2,5,26]     00:00:00:00:00:15    00:00:00:00:00:02 7    585  [45,17,4,2,6,26]     00:00:00:00:00:15    00:00:00:00:00:02 8    585  [45,18,3,1,5,26]     00:00:00:00:00:15    00:00:00:00:00:02 9    585  [45,18,3,1,6,26]     00:00:00:00:00:15    00:00:00:00:00:02 10    585  [45,18,3,2,5,26]     00:00:00:00:00:15    00:00:00:00:00:02 11    585  [45,18,3,2,6,26]     00:00:00:00:00:15    00:00:00:00:00:02 12    585  [45,18,4,1,5,26]     00:00:00:00:00:15    00:00:00:00:00:02 13    585  [45,18,4,1,6,26]     00:00:00:00:00:15    00:00:00:00:00:02 14    585  [45,18,4,2,5,26]     00:00:00:00:00:15    00:00:00:00:00:02 15    585  [45,18,4,2,6,26]  
# h00:00:00:00:00:15 -> h00:00:00:00:00:0f
   00:00:00:00:00:15    00:00:00:00:00:0f 0    585  [45,17,3,1,11,39]     00:00:00:00:00:15    00:00:00:00:00:0f 1    585  [45,17,3,1,12,39]     00:00:00:00:00:15    00:00:00:00:00:0f 2    585  [45,17,3,2,11,39]     00:00:00:00:00:15    00:00:00:00:00:0f 3    585  [45,17,3,2,12,39]     00:00:00:00:00:15    00:00:00:00:00:0f 4    585  [45,17,4,1,11,39]     00:00:00:00:00:15    00:00:00:00:00:0f 5    585  [45,17,4,1,12,39]     00:00:00:00:00:15    00:00:00:00:00:0f 6    585  [45,17,4,2,11,39]     00:00:00:00:00:15    00:00:00:00:00:0f 7    585  [45,17,4,2,12,39]     00:00:00:00:00:15    00:00:00:00:00:0f 8    585  [45,18,3,1,11,39]     00:00:00:00:00:15    00:00:00:00:00:0f 9    585  [45,18,3,1,12,39]     00:00:00:00:00:15    00:00:00:00:00:0f 10    585  [45,18,3,2,11,39]     00:00:00:00:00:15    00:00:00:00:00:0f 11    585  [45,18,3,2,12,39]     00:00:00:00:00:15    00:00:00:00:00:0f 12    585  [45,18,4,1,11,39]     00:00:00:00:00:15    00:00:00:00:00:0f 13    585  [45,18,4,1,12,39]     00:00:00:00:00:15    00:00:00:00:00:0f 14    585  [45,18,4,2,11,39]     00:00:00:00:00:15    00:00:00:00:00:0f 15    585  [45,18,4,2,12,39]  
# h00:00:00:00:00:15 -> h00:00:00:00:00:12
   00:00:00:00:00:15    00:00:00:00:00:12 0    146  [45,17,42]     00:00:00:00:00:15    00:00:00:00:00:12 1    146  [45,18,42]     00:00:00:00:00:15    00:00:00:00:00:12 2    439  [45,17,3,18,42]     00:00:00:00:00:15    00:00:00:00:00:12 3    439  [45,17,4,18,42]     00:00:00:00:00:15    00:00:00:00:00:12 4    439  [45,17,41,18,42]     00:00:00:00:00:15    00:00:00:00:00:12 5    439  [45,17,43,18,42]     00:00:00:00:00:15    00:00:00:00:00:12 6    439  [45,17,44,18,42]     00:00:00:00:00:15    00:00:00:00:00:12 7    439  [45,18,3,17,42]     00:00:00:00:00:15    00:00:00:00:00:12 8    439  [45,18,4,17,42]     00:00:00:00:00:15    00:00:00:00:00:12 9    439  [45,18,41,17,42]     00:00:00:00:00:15    00:00:00:00:00:12 10    439  [45,18,43,17,42]     00:00:00:00:00:15    00:00:00:00:00:12 11    439  [45,18,44,17,42]     00:00:00:00:00:15    00:00:00:00:00:12 12    585  [45,17,3,4,18,42]     00:00:00:00:00:15    00:00:00:00:00:12 13    585  [45,17,4,3,18,42]     00:00:00:00:00:15    00:00:00:00:00:12 14    585  [45,18,3,4,17,42]     00:00:00:00:00:15    00:00:00:00:00:12 15    585  [45,18,4,3,17,42]  
# h00:00:00:00:00:15 -> h00:00:00:00:00:13
   00:00:00:00:00:15    00:00:00:00:00:13 0    146  [45,17,43]     00:00:00:00:00:15    00:00:00:00:00:13 1    146  [45,18,43]     00:00:00:00:00:15    00:00:00:00:00:13 2    439  [45,17,3,18,43]     00:00:00:00:00:15    00:00:00:00:00:13 3    439  [45,17,4,18,43]     00:00:00:00:00:15    00:00:00:00:00:13 4    439  [45,17,41,18,43]     00:00:00:00:00:15    00:00:00:00:00:13 5    439  [45,17,42,18,43]     00:00:00:00:00:15    00:00:00:00:00:13 6    439  [45,17,44,18,43]     00:00:00:00:00:15    00:00:00:00:00:13 7    439  [45,18,3,17,43]     00:00:00:00:00:15    00:00:00:00:00:13 8    439  [45,18,4,17,43]     00:00:00:00:00:15    00:00:00:00:00:13 9    439  [45,18,41,17,43]     00:00:00:00:00:15    00:00:00:00:00:13 10    439  [45,18,42,17,43]     00:00:00:00:00:15    00:00:00:00:00:13 11    439  [45,18,44,17,43]     00:00:00:00:00:15    00:00:00:00:00:13 12    585  [45,17,3,4,18,43]     00:00:00:00:00:15    00:00:00:00:00:13 13    585  [45,17,4,3,18,43]     00:00:00:00:00:15    00:00:00:00:00:13 14    585  [45,18,3,4,17,43]     00:00:00:00:00:15    00:00:00:00:00:13 15    585  [45,18,4,3,17,43]  
# h00:00:00:00:00:13 -> h00:00:00:00:00:16
   00:00:00:00:00:13    00:00:00:00:00:16 0    439  [43,17,3,13,19]     00:00:00:00:00:13    00:00:00:00:00:16 1    439  [43,17,3,14,19]     00:00:00:00:00:13    00:00:00:00:00:16 2    439  [43,17,4,13,19]     00:00:00:00:00:13    00:00:00:00:00:16 3    439  [43,17,4,14,19]     00:00:00:00:00:13    00:00:00:00:00:16 4    439  [43,18,3,13,19]     00:00:00:00:00:13    00:00:00:00:00:16 5    439  [43,18,3,14,19]     00:00:00:00:00:13    00:00:00:00:00:16 6    439  [43,18,4,13,19]     00:00:00:00:00:13    00:00:00:00:00:16 7    439  [43,18,4,14,19]     00:00:00:00:00:13    00:00:00:00:00:16 8    585  [43,17,3,4,13,19]     00:00:00:00:00:13    00:00:00:00:00:16 9    585  [43,17,3,4,14,19]     00:00:00:00:00:13    00:00:00:00:00:16 10    585  [43,17,4,3,13,19]     00:00:00:00:00:13    00:00:00:00:00:16 11    585  [43,17,4,3,14,19]     00:00:00:00:00:13    00:00:00:00:00:16 12    585  [43,18,3,4,13,19]     00:00:00:00:00:13    00:00:00:00:00:16 13    585  [43,18,3,4,14,19]     00:00:00:00:00:13    00:00:00:00:00:16 14    585  [43,18,4,3,13,19]     00:00:00:00:00:13    00:00:00:00:00:16 15    585  [43,18,4,3,14,19]  
# h00:00:00:00:00:13 -> h00:00:00:00:00:06
   00:00:00:00:00:13    00:00:00:00:00:06 0    585  [43,17,3,1,7,30]     00:00:00:00:00:13    00:00:00:00:00:06 1    585  [43,17,3,1,8,30]     00:00:00:00:00:13    00:00:00:00:00:06 2    585  [43,17,3,2,7,30]     00:00:00:00:00:13    00:00:00:00:00:06 3    585  [43,17,3,2,8,30]     00:00:00:00:00:13    00:00:00:00:00:06 4    585  [43,17,4,1,7,30]     00:00:00:00:00:13    00:00:00:00:00:06 5    585  [43,17,4,1,8,30]     00:00:00:00:00:13    00:00:00:00:00:06 6    585  [43,17,4,2,7,30]     00:00:00:00:00:13    00:00:00:00:00:06 7    585  [43,17,4,2,8,30]     00:00:00:00:00:13    00:00:00:00:00:06 8    585  [43,18,3,1,7,30]     00:00:00:00:00:13    00:00:00:00:00:06 9    585  [43,18,3,1,8,30]     00:00:00:00:00:13    00:00:00:00:00:06 10    585  [43,18,3,2,7,30]     00:00:00:00:00:13    00:00:00:00:00:06 11    585  [43,18,3,2,8,30]     00:00:00:00:00:13    00:00:00:00:00:06 12    585  [43,18,4,1,7,30]     00:00:00:00:00:13    00:00:00:00:00:06 13    585  [43,18,4,1,8,30]     00:00:00:00:00:13    00:00:00:00:00:06 14    585  [43,18,4,2,7,30]     00:00:00:00:00:13    00:00:00:00:00:06 15    585  [43,18,4,2,8,30]  
# h00:00:00:00:00:13 -> h00:00:00:00:00:07
   00:00:00:00:00:13    00:00:00:00:00:07 0    585  [43,17,3,1,7,31]     00:00:00:00:00:13    00:00:00:00:00:07 1    585  [43,17,3,1,8,31]     00:00:00:00:00:13    00:00:00:00:00:07 2    585  [43,17,3,2,7,31]     00:00:00:00:00:13    00:00:00:00:00:07 3    585  [43,17,3,2,8,31]     00:00:00:00:00:13    00:00:00:00:00:07 4    585  [43,17,4,1,7,31]     00:00:00:00:00:13    00:00:00:00:00:07 5    585  [43,17,4,1,8,31]     00:00:00:00:00:13    00:00:00:00:00:07 6    585  [43,17,4,2,7,31]     00:00:00:00:00:13    00:00:00:00:00:07 7    585  [43,17,4,2,8,31]     00:00:00:00:00:13    00:00:00:00:00:07 8    585  [43,18,3,1,7,31]     00:00:00:00:00:13    00:00:00:00:00:07 9    585  [43,18,3,1,8,31]     00:00:00:00:00:13    00:00:00:00:00:07 10    585  [43,18,3,2,7,31]     00:00:00:00:00:13    00:00:00:00:00:07 11    585  [43,18,3,2,8,31]     00:00:00:00:00:13    00:00:00:00:00:07 12    585  [43,18,4,1,7,31]     00:00:00:00:00:13    00:00:00:00:00:07 13    585  [43,18,4,1,8,31]     00:00:00:00:00:13    00:00:00:00:00:07 14    585  [43,18,4,2,7,31]     00:00:00:00:00:13    00:00:00:00:00:07 15    585  [43,18,4,2,8,31]  
# h00:00:00:00:00:13 -> h00:00:00:00:00:1b
   00:00:00:00:00:13    00:00:00:00:00:1b 0    439  [43,17,3,15,24]     00:00:00:00:00:13    00:00:00:00:00:1b 1    439  [43,17,3,16,24]     00:00:00:00:00:13    00:00:00:00:00:1b 2    439  [43,17,4,15,24]     00:00:00:00:00:13    00:00:00:00:00:1b 3    439  [43,17,4,16,24]     00:00:00:00:00:13    00:00:00:00:00:1b 4    439  [43,18,3,15,24]     00:00:00:00:00:13    00:00:00:00:00:1b 5    439  [43,18,3,16,24]     00:00:00:00:00:13    00:00:00:00:00:1b 6    439  [43,18,4,15,24]     00:00:00:00:00:13    00:00:00:00:00:1b 7    439  [43,18,4,16,24]     00:00:00:00:00:13    00:00:00:00:00:1b 8    585  [43,17,3,4,15,24]     00:00:00:00:00:13    00:00:00:00:00:1b 9    585  [43,17,3,4,16,24]     00:00:00:00:00:13    00:00:00:00:00:1b 10    585  [43,17,4,3,15,24]     00:00:00:00:00:13    00:00:00:00:00:1b 11    585  [43,17,4,3,16,24]     00:00:00:00:00:13    00:00:00:00:00:1b 12    585  [43,18,3,4,15,24]     00:00:00:00:00:13    00:00:00:00:00:1b 13    585  [43,18,3,4,16,24]     00:00:00:00:00:13    00:00:00:00:00:1b 14    585  [43,18,4,3,15,24]     00:00:00:00:00:13    00:00:00:00:00:1b 15    585  [43,18,4,3,16,24]  
# h00:00:00:00:00:13 -> h00:00:00:00:00:17
   00:00:00:00:00:13    00:00:00:00:00:17 0    439  [43,17,3,13,20]     00:00:00:00:00:13    00:00:00:00:00:17 1    439  [43,17,3,14,20]     00:00:00:00:00:13    00:00:00:00:00:17 2    439  [43,17,4,13,20]     00:00:00:00:00:13    00:00:00:00:00:17 3    439  [43,17,4,14,20]     00:00:00:00:00:13    00:00:00:00:00:17 4    439  [43,18,3,13,20]     00:00:00:00:00:13    00:00:00:00:00:17 5    439  [43,18,3,14,20]     00:00:00:00:00:13    00:00:00:00:00:17 6    439  [43,18,4,13,20]     00:00:00:00:00:13    00:00:00:00:00:17 7    439  [43,18,4,14,20]     00:00:00:00:00:13    00:00:00:00:00:17 8    585  [43,17,3,4,13,20]     00:00:00:00:00:13    00:00:00:00:00:17 9    585  [43,17,3,4,14,20]     00:00:00:00:00:13    00:00:00:00:00:17 10    585  [43,17,4,3,13,20]     00:00:00:00:00:13    00:00:00:00:00:17 11    585  [43,17,4,3,14,20]     00:00:00:00:00:13    00:00:00:00:00:17 12    585  [43,18,3,4,13,20]     00:00:00:00:00:13    00:00:00:00:00:17 13    585  [43,18,3,4,14,20]     00:00:00:00:00:13    00:00:00:00:00:17 14    585  [43,18,4,3,13,20]     00:00:00:00:00:13    00:00:00:00:00:17 15    585  [43,18,4,3,14,20]  
# h00:00:00:00:00:13 -> h00:00:00:00:00:09
   00:00:00:00:00:13    00:00:00:00:00:09 0    585  [43,17,3,1,9,33]     00:00:00:00:00:13    00:00:00:00:00:09 1    585  [43,17,3,1,10,33]     00:00:00:00:00:13    00:00:00:00:00:09 2    585  [43,17,3,2,9,33]     00:00:00:00:00:13    00:00:00:00:00:09 3    585  [43,17,3,2,10,33]     00:00:00:00:00:13    00:00:00:00:00:09 4    585  [43,17,4,1,9,33]     00:00:00:00:00:13    00:00:00:00:00:09 5    585  [43,17,4,1,10,33]     00:00:00:00:00:13    00:00:00:00:00:09 6    585  [43,17,4,2,9,33]     00:00:00:00:00:13    00:00:00:00:00:09 7    585  [43,17,4,2,10,33]     00:00:00:00:00:13    00:00:00:00:00:09 8    585  [43,18,3,1,9,33]     00:00:00:00:00:13    00:00:00:00:00:09 9    585  [43,18,3,1,10,33]     00:00:00:00:00:13    00:00:00:00:00:09 10    585  [43,18,3,2,9,33]     00:00:00:00:00:13    00:00:00:00:00:09 11    585  [43,18,3,2,10,33]     00:00:00:00:00:13    00:00:00:00:00:09 12    585  [43,18,4,1,9,33]     00:00:00:00:00:13    00:00:00:00:00:09 13    585  [43,18,4,1,10,33]     00:00:00:00:00:13    00:00:00:00:00:09 14    585  [43,18,4,2,9,33]     00:00:00:00:00:13    00:00:00:00:00:09 15    585  [43,18,4,2,10,33]  
# h00:00:00:00:00:13 -> h00:00:00:00:00:05
   00:00:00:00:00:13    00:00:00:00:00:05 0    585  [43,17,3,1,7,29]     00:00:00:00:00:13    00:00:00:00:00:05 1    585  [43,17,3,1,8,29]     00:00:00:00:00:13    00:00:00:00:00:05 2    585  [43,17,3,2,7,29]     00:00:00:00:00:13    00:00:00:00:00:05 3    585  [43,17,3,2,8,29]     00:00:00:00:00:13    00:00:00:00:00:05 4    585  [43,17,4,1,7,29]     00:00:00:00:00:13    00:00:00:00:00:05 5    585  [43,17,4,1,8,29]     00:00:00:00:00:13    00:00:00:00:00:05 6    585  [43,17,4,2,7,29]     00:00:00:00:00:13    00:00:00:00:00:05 7    585  [43,17,4,2,8,29]     00:00:00:00:00:13    00:00:00:00:00:05 8    585  [43,18,3,1,7,29]     00:00:00:00:00:13    00:00:00:00:00:05 9    585  [43,18,3,1,8,29]     00:00:00:00:00:13    00:00:00:00:00:05 10    585  [43,18,3,2,7,29]     00:00:00:00:00:13    00:00:00:00:00:05 11    585  [43,18,3,2,8,29]     00:00:00:00:00:13    00:00:00:00:00:05 12    585  [43,18,4,1,7,29]     00:00:00:00:00:13    00:00:00:00:00:05 13    585  [43,18,4,1,8,29]     00:00:00:00:00:13    00:00:00:00:00:05 14    585  [43,18,4,2,7,29]     00:00:00:00:00:13    00:00:00:00:00:05 15    585  [43,18,4,2,8,29]  
# h00:00:00:00:00:13 -> h00:00:00:00:00:08
   00:00:00:00:00:13    00:00:00:00:00:08 0    585  [43,17,3,1,7,32]     00:00:00:00:00:13    00:00:00:00:00:08 1    585  [43,17,3,1,8,32]     00:00:00:00:00:13    00:00:00:00:00:08 2    585  [43,17,3,2,7,32]     00:00:00:00:00:13    00:00:00:00:00:08 3    585  [43,17,3,2,8,32]     00:00:00:00:00:13    00:00:00:00:00:08 4    585  [43,17,4,1,7,32]     00:00:00:00:00:13    00:00:00:00:00:08 5    585  [43,17,4,1,8,32]     00:00:00:00:00:13    00:00:00:00:00:08 6    585  [43,17,4,2,7,32]     00:00:00:00:00:13    00:00:00:00:00:08 7    585  [43,17,4,2,8,32]     00:00:00:00:00:13    00:00:00:00:00:08 8    585  [43,18,3,1,7,32]     00:00:00:00:00:13    00:00:00:00:00:08 9    585  [43,18,3,1,8,32]     00:00:00:00:00:13    00:00:00:00:00:08 10    585  [43,18,3,2,7,32]     00:00:00:00:00:13    00:00:00:00:00:08 11    585  [43,18,3,2,8,32]     00:00:00:00:00:13    00:00:00:00:00:08 12    585  [43,18,4,1,7,32]     00:00:00:00:00:13    00:00:00:00:00:08 13    585  [43,18,4,1,8,32]     00:00:00:00:00:13    00:00:00:00:00:08 14    585  [43,18,4,2,7,32]     00:00:00:00:00:13    00:00:00:00:00:08 15    585  [43,18,4,2,8,32]  
# h00:00:00:00:00:13 -> h00:00:00:00:00:04
   00:00:00:00:00:13    00:00:00:00:00:04 0    585  [43,17,3,1,5,28]     00:00:00:00:00:13    00:00:00:00:00:04 1    585  [43,17,3,1,6,28]     00:00:00:00:00:13    00:00:00:00:00:04 2    585  [43,17,3,2,5,28]     00:00:00:00:00:13    00:00:00:00:00:04 3    585  [43,17,3,2,6,28]     00:00:00:00:00:13    00:00:00:00:00:04 4    585  [43,17,4,1,5,28]     00:00:00:00:00:13    00:00:00:00:00:04 5    585  [43,17,4,1,6,28]     00:00:00:00:00:13    00:00:00:00:00:04 6    585  [43,17,4,2,5,28]     00:00:00:00:00:13    00:00:00:00:00:04 7    585  [43,17,4,2,6,28]     00:00:00:00:00:13    00:00:00:00:00:04 8    585  [43,18,3,1,5,28]     00:00:00:00:00:13    00:00:00:00:00:04 9    585  [43,18,3,1,6,28]     00:00:00:00:00:13    00:00:00:00:00:04 10    585  [43,18,3,2,5,28]     00:00:00:00:00:13    00:00:00:00:00:04 11    585  [43,18,3,2,6,28]     00:00:00:00:00:13    00:00:00:00:00:04 12    585  [43,18,4,1,5,28]     00:00:00:00:00:13    00:00:00:00:00:04 13    585  [43,18,4,1,6,28]     00:00:00:00:00:13    00:00:00:00:00:04 14    585  [43,18,4,2,5,28]     00:00:00:00:00:13    00:00:00:00:00:04 15    585  [43,18,4,2,6,28]  
# h00:00:00:00:00:13 -> h00:00:00:00:00:1a
   00:00:00:00:00:13    00:00:00:00:00:1a 0    439  [43,17,3,15,23]     00:00:00:00:00:13    00:00:00:00:00:1a 1    439  [43,17,3,16,23]     00:00:00:00:00:13    00:00:00:00:00:1a 2    439  [43,17,4,15,23]     00:00:00:00:00:13    00:00:00:00:00:1a 3    439  [43,17,4,16,23]     00:00:00:00:00:13    00:00:00:00:00:1a 4    439  [43,18,3,15,23]     00:00:00:00:00:13    00:00:00:00:00:1a 5    439  [43,18,3,16,23]     00:00:00:00:00:13    00:00:00:00:00:1a 6    439  [43,18,4,15,23]     00:00:00:00:00:13    00:00:00:00:00:1a 7    439  [43,18,4,16,23]     00:00:00:00:00:13    00:00:00:00:00:1a 8    585  [43,17,3,4,15,23]     00:00:00:00:00:13    00:00:00:00:00:1a 9    585  [43,17,3,4,16,23]     00:00:00:00:00:13    00:00:00:00:00:1a 10    585  [43,17,4,3,15,23]     00:00:00:00:00:13    00:00:00:00:00:1a 11    585  [43,17,4,3,16,23]     00:00:00:00:00:13    00:00:00:00:00:1a 12    585  [43,18,3,4,15,23]     00:00:00:00:00:13    00:00:00:00:00:1a 13    585  [43,18,3,4,16,23]     00:00:00:00:00:13    00:00:00:00:00:1a 14    585  [43,18,4,3,15,23]     00:00:00:00:00:13    00:00:00:00:00:1a 15    585  [43,18,4,3,16,23]  
# h00:00:00:00:00:13 -> h00:00:00:00:00:10
   00:00:00:00:00:13    00:00:00:00:00:10 0    585  [43,17,3,1,11,40]     00:00:00:00:00:13    00:00:00:00:00:10 1    585  [43,17,3,1,12,40]     00:00:00:00:00:13    00:00:00:00:00:10 2    585  [43,17,3,2,11,40]     00:00:00:00:00:13    00:00:00:00:00:10 3    585  [43,17,3,2,12,40]     00:00:00:00:00:13    00:00:00:00:00:10 4    585  [43,17,4,1,11,40]     00:00:00:00:00:13    00:00:00:00:00:10 5    585  [43,17,4,1,12,40]     00:00:00:00:00:13    00:00:00:00:00:10 6    585  [43,17,4,2,11,40]     00:00:00:00:00:13    00:00:00:00:00:10 7    585  [43,17,4,2,12,40]     00:00:00:00:00:13    00:00:00:00:00:10 8    585  [43,18,3,1,11,40]     00:00:00:00:00:13    00:00:00:00:00:10 9    585  [43,18,3,1,12,40]     00:00:00:00:00:13    00:00:00:00:00:10 10    585  [43,18,3,2,11,40]     00:00:00:00:00:13    00:00:00:00:00:10 11    585  [43,18,3,2,12,40]     00:00:00:00:00:13    00:00:00:00:00:10 12    585  [43,18,4,1,11,40]     00:00:00:00:00:13    00:00:00:00:00:10 13    585  [43,18,4,1,12,40]     00:00:00:00:00:13    00:00:00:00:00:10 14    585  [43,18,4,2,11,40]     00:00:00:00:00:13    00:00:00:00:00:10 15    585  [43,18,4,2,12,40]  
# h00:00:00:00:00:13 -> h00:00:00:00:00:18
   00:00:00:00:00:13    00:00:00:00:00:18 0    439  [43,17,3,13,21]     00:00:00:00:00:13    00:00:00:00:00:18 1    439  [43,17,3,14,21]     00:00:00:00:00:13    00:00:00:00:00:18 2    439  [43,17,4,13,21]     00:00:00:00:00:13    00:00:00:00:00:18 3    439  [43,17,4,14,21]     00:00:00:00:00:13    00:00:00:00:00:18 4    439  [43,18,3,13,21]     00:00:00:00:00:13    00:00:00:00:00:18 5    439  [43,18,3,14,21]     00:00:00:00:00:13    00:00:00:00:00:18 6    439  [43,18,4,13,21]     00:00:00:00:00:13    00:00:00:00:00:18 7    439  [43,18,4,14,21]     00:00:00:00:00:13    00:00:00:00:00:18 8    585  [43,17,3,4,13,21]     00:00:00:00:00:13    00:00:00:00:00:18 9    585  [43,17,3,4,14,21]     00:00:00:00:00:13    00:00:00:00:00:18 10    585  [43,17,4,3,13,21]     00:00:00:00:00:13    00:00:00:00:00:18 11    585  [43,17,4,3,14,21]     00:00:00:00:00:13    00:00:00:00:00:18 12    585  [43,18,3,4,13,21]     00:00:00:00:00:13    00:00:00:00:00:18 13    585  [43,18,3,4,14,21]     00:00:00:00:00:13    00:00:00:00:00:18 14    585  [43,18,4,3,13,21]     00:00:00:00:00:13    00:00:00:00:00:18 15    585  [43,18,4,3,14,21]  
# h00:00:00:00:00:13 -> h00:00:00:00:00:19
   00:00:00:00:00:13    00:00:00:00:00:19 0    439  [43,17,3,15,22]     00:00:00:00:00:13    00:00:00:00:00:19 1    439  [43,17,3,16,22]     00:00:00:00:00:13    00:00:00:00:00:19 2    439  [43,17,4,15,22]     00:00:00:00:00:13    00:00:00:00:00:19 3    439  [43,17,4,16,22]     00:00:00:00:00:13    00:00:00:00:00:19 4    439  [43,18,3,15,22]     00:00:00:00:00:13    00:00:00:00:00:19 5    439  [43,18,3,16,22]     00:00:00:00:00:13    00:00:00:00:00:19 6    439  [43,18,4,15,22]     00:00:00:00:00:13    00:00:00:00:00:19 7    439  [43,18,4,16,22]     00:00:00:00:00:13    00:00:00:00:00:19 8    585  [43,17,3,4,15,22]     00:00:00:00:00:13    00:00:00:00:00:19 9    585  [43,17,3,4,16,22]     00:00:00:00:00:13    00:00:00:00:00:19 10    585  [43,17,4,3,15,22]     00:00:00:00:00:13    00:00:00:00:00:19 11    585  [43,17,4,3,16,22]     00:00:00:00:00:13    00:00:00:00:00:19 12    585  [43,18,3,4,15,22]     00:00:00:00:00:13    00:00:00:00:00:19 13    585  [43,18,3,4,16,22]     00:00:00:00:00:13    00:00:00:00:00:19 14    585  [43,18,4,3,15,22]     00:00:00:00:00:13    00:00:00:00:00:19 15    585  [43,18,4,3,16,22]  
# h00:00:00:00:00:13 -> h00:00:00:00:00:0e
   00:00:00:00:00:13    00:00:00:00:00:0e 0    585  [43,17,3,1,11,38]     00:00:00:00:00:13    00:00:00:00:00:0e 1    585  [43,17,3,1,12,38]     00:00:00:00:00:13    00:00:00:00:00:0e 2    585  [43,17,3,2,11,38]     00:00:00:00:00:13    00:00:00:00:00:0e 3    585  [43,17,3,2,12,38]     00:00:00:00:00:13    00:00:00:00:00:0e 4    585  [43,17,4,1,11,38]     00:00:00:00:00:13    00:00:00:00:00:0e 5    585  [43,17,4,1,12,38]     00:00:00:00:00:13    00:00:00:00:00:0e 6    585  [43,17,4,2,11,38]     00:00:00:00:00:13    00:00:00:00:00:0e 7    585  [43,17,4,2,12,38]     00:00:00:00:00:13    00:00:00:00:00:0e 8    585  [43,18,3,1,11,38]     00:00:00:00:00:13    00:00:00:00:00:0e 9    585  [43,18,3,1,12,38]     00:00:00:00:00:13    00:00:00:00:00:0e 10    585  [43,18,3,2,11,38]     00:00:00:00:00:13    00:00:00:00:00:0e 11    585  [43,18,3,2,12,38]     00:00:00:00:00:13    00:00:00:00:00:0e 12    585  [43,18,4,1,11,38]     00:00:00:00:00:13    00:00:00:00:00:0e 13    585  [43,18,4,1,12,38]     00:00:00:00:00:13    00:00:00:00:00:0e 14    585  [43,18,4,2,11,38]     00:00:00:00:00:13    00:00:00:00:00:0e 15    585  [43,18,4,2,12,38]  
# h00:00:00:00:00:13 -> h00:00:00:00:00:01
   00:00:00:00:00:13    00:00:00:00:00:01 0    585  [43,17,3,1,5,25]     00:00:00:00:00:13    00:00:00:00:00:01 1    585  [43,17,3,1,6,25]     00:00:00:00:00:13    00:00:00:00:00:01 2    585  [43,17,3,2,5,25]     00:00:00:00:00:13    00:00:00:00:00:01 3    585  [43,17,3,2,6,25]     00:00:00:00:00:13    00:00:00:00:00:01 4    585  [43,17,4,1,5,25]     00:00:00:00:00:13    00:00:00:00:00:01 5    585  [43,17,4,1,6,25]     00:00:00:00:00:13    00:00:00:00:00:01 6    585  [43,17,4,2,5,25]     00:00:00:00:00:13    00:00:00:00:00:01 7    585  [43,17,4,2,6,25]     00:00:00:00:00:13    00:00:00:00:00:01 8    585  [43,18,3,1,5,25]     00:00:00:00:00:13    00:00:00:00:00:01 9    585  [43,18,3,1,6,25]     00:00:00:00:00:13    00:00:00:00:00:01 10    585  [43,18,3,2,5,25]     00:00:00:00:00:13    00:00:00:00:00:01 11    585  [43,18,3,2,6,25]     00:00:00:00:00:13    00:00:00:00:00:01 12    585  [43,18,4,1,5,25]     00:00:00:00:00:13    00:00:00:00:00:01 13    585  [43,18,4,1,6,25]     00:00:00:00:00:13    00:00:00:00:00:01 14    585  [43,18,4,2,5,25]     00:00:00:00:00:13    00:00:00:00:00:01 15    585  [43,18,4,2,6,25]  
# h00:00:00:00:00:13 -> h00:00:00:00:00:14
   00:00:00:00:00:13    00:00:00:00:00:14 0    146  [43,17,44]     00:00:00:00:00:13    00:00:00:00:00:14 1    146  [43,18,44]     00:00:00:00:00:13    00:00:00:00:00:14 2    439  [43,17,3,18,44]     00:00:00:00:00:13    00:00:00:00:00:14 3    439  [43,17,4,18,44]     00:00:00:00:00:13    00:00:00:00:00:14 4    439  [43,17,41,18,44]     00:00:00:00:00:13    00:00:00:00:00:14 5    439  [43,17,42,18,44]     00:00:00:00:00:13    00:00:00:00:00:14 6    439  [43,17,45,18,44]     00:00:00:00:00:13    00:00:00:00:00:14 7    439  [43,18,3,17,44]     00:00:00:00:00:13    00:00:00:00:00:14 8    439  [43,18,4,17,44]     00:00:00:00:00:13    00:00:00:00:00:14 9    439  [43,18,41,17,44]     00:00:00:00:00:13    00:00:00:00:00:14 10    439  [43,18,42,17,44]     00:00:00:00:00:13    00:00:00:00:00:14 11    439  [43,18,45,17,44]     00:00:00:00:00:13    00:00:00:00:00:14 12    585  [43,17,3,4,18,44]     00:00:00:00:00:13    00:00:00:00:00:14 13    585  [43,17,4,3,18,44]     00:00:00:00:00:13    00:00:00:00:00:14 14    585  [43,18,3,4,17,44]     00:00:00:00:00:13    00:00:00:00:00:14 15    585  [43,18,4,3,17,44]  
# h00:00:00:00:00:13 -> h00:00:00:00:00:0b
   00:00:00:00:00:13    00:00:00:00:00:0b 0    585  [43,17,3,1,9,35]     00:00:00:00:00:13    00:00:00:00:00:0b 1    585  [43,17,3,1,10,35]     00:00:00:00:00:13    00:00:00:00:00:0b 2    585  [43,17,3,2,9,35]     00:00:00:00:00:13    00:00:00:00:00:0b 3    585  [43,17,3,2,10,35]     00:00:00:00:00:13    00:00:00:00:00:0b 4    585  [43,17,4,1,9,35]     00:00:00:00:00:13    00:00:00:00:00:0b 5    585  [43,17,4,1,10,35]     00:00:00:00:00:13    00:00:00:00:00:0b 6    585  [43,17,4,2,9,35]     00:00:00:00:00:13    00:00:00:00:00:0b 7    585  [43,17,4,2,10,35]     00:00:00:00:00:13    00:00:00:00:00:0b 8    585  [43,18,3,1,9,35]     00:00:00:00:00:13    00:00:00:00:00:0b 9    585  [43,18,3,1,10,35]     00:00:00:00:00:13    00:00:00:00:00:0b 10    585  [43,18,3,2,9,35]     00:00:00:00:00:13    00:00:00:00:00:0b 11    585  [43,18,3,2,10,35]     00:00:00:00:00:13    00:00:00:00:00:0b 12    585  [43,18,4,1,9,35]     00:00:00:00:00:13    00:00:00:00:00:0b 13    585  [43,18,4,1,10,35]     00:00:00:00:00:13    00:00:00:00:00:0b 14    585  [43,18,4,2,9,35]     00:00:00:00:00:13    00:00:00:00:00:0b 15    585  [43,18,4,2,10,35]  
# h00:00:00:00:00:13 -> h00:00:00:00:00:0a
   00:00:00:00:00:13    00:00:00:00:00:0a 0    585  [43,17,3,1,9,34]     00:00:00:00:00:13    00:00:00:00:00:0a 1    585  [43,17,3,1,10,34]     00:00:00:00:00:13    00:00:00:00:00:0a 2    585  [43,17,3,2,9,34]     00:00:00:00:00:13    00:00:00:00:00:0a 3    585  [43,17,3,2,10,34]     00:00:00:00:00:13    00:00:00:00:00:0a 4    585  [43,17,4,1,9,34]     00:00:00:00:00:13    00:00:00:00:00:0a 5    585  [43,17,4,1,10,34]     00:00:00:00:00:13    00:00:00:00:00:0a 6    585  [43,17,4,2,9,34]     00:00:00:00:00:13    00:00:00:00:00:0a 7    585  [43,17,4,2,10,34]     00:00:00:00:00:13    00:00:00:00:00:0a 8    585  [43,18,3,1,9,34]     00:00:00:00:00:13    00:00:00:00:00:0a 9    585  [43,18,3,1,10,34]     00:00:00:00:00:13    00:00:00:00:00:0a 10    585  [43,18,3,2,9,34]     00:00:00:00:00:13    00:00:00:00:00:0a 11    585  [43,18,3,2,10,34]     00:00:00:00:00:13    00:00:00:00:00:0a 12    585  [43,18,4,1,9,34]     00:00:00:00:00:13    00:00:00:00:00:0a 13    585  [43,18,4,1,10,34]     00:00:00:00:00:13    00:00:00:00:00:0a 14    585  [43,18,4,2,9,34]     00:00:00:00:00:13    00:00:00:00:00:0a 15    585  [43,18,4,2,10,34]  
# h00:00:00:00:00:13 -> h00:00:00:00:00:0c
   00:00:00:00:00:13    00:00:00:00:00:0c 0    585  [43,17,3,1,9,36]     00:00:00:00:00:13    00:00:00:00:00:0c 1    585  [43,17,3,1,10,36]     00:00:00:00:00:13    00:00:00:00:00:0c 2    585  [43,17,3,2,9,36]     00:00:00:00:00:13    00:00:00:00:00:0c 3    585  [43,17,3,2,10,36]     00:00:00:00:00:13    00:00:00:00:00:0c 4    585  [43,17,4,1,9,36]     00:00:00:00:00:13    00:00:00:00:00:0c 5    585  [43,17,4,1,10,36]     00:00:00:00:00:13    00:00:00:00:00:0c 6    585  [43,17,4,2,9,36]     00:00:00:00:00:13    00:00:00:00:00:0c 7    585  [43,17,4,2,10,36]     00:00:00:00:00:13    00:00:00:00:00:0c 8    585  [43,18,3,1,9,36]     00:00:00:00:00:13    00:00:00:00:00:0c 9    585  [43,18,3,1,10,36]     00:00:00:00:00:13    00:00:00:00:00:0c 10    585  [43,18,3,2,9,36]     00:00:00:00:00:13    00:00:00:00:00:0c 11    585  [43,18,3,2,10,36]     00:00:00:00:00:13    00:00:00:00:00:0c 12    585  [43,18,4,1,9,36]     00:00:00:00:00:13    00:00:00:00:00:0c 13    585  [43,18,4,1,10,36]     00:00:00:00:00:13    00:00:00:00:00:0c 14    585  [43,18,4,2,9,36]     00:00:00:00:00:13    00:00:00:00:00:0c 15    585  [43,18,4,2,10,36]  
# h00:00:00:00:00:13 -> h00:00:00:00:00:0d
   00:00:00:00:00:13    00:00:00:00:00:0d 0    585  [43,17,3,1,11,37]     00:00:00:00:00:13    00:00:00:00:00:0d 1    585  [43,17,3,1,12,37]     00:00:00:00:00:13    00:00:00:00:00:0d 2    585  [43,17,3,2,11,37]     00:00:00:00:00:13    00:00:00:00:00:0d 3    585  [43,17,3,2,12,37]     00:00:00:00:00:13    00:00:00:00:00:0d 4    585  [43,17,4,1,11,37]     00:00:00:00:00:13    00:00:00:00:00:0d 5    585  [43,17,4,1,12,37]     00:00:00:00:00:13    00:00:00:00:00:0d 6    585  [43,17,4,2,11,37]     00:00:00:00:00:13    00:00:00:00:00:0d 7    585  [43,17,4,2,12,37]     00:00:00:00:00:13    00:00:00:00:00:0d 8    585  [43,18,3,1,11,37]     00:00:00:00:00:13    00:00:00:00:00:0d 9    585  [43,18,3,1,12,37]     00:00:00:00:00:13    00:00:00:00:00:0d 10    585  [43,18,3,2,11,37]     00:00:00:00:00:13    00:00:00:00:00:0d 11    585  [43,18,3,2,12,37]     00:00:00:00:00:13    00:00:00:00:00:0d 12    585  [43,18,4,1,11,37]     00:00:00:00:00:13    00:00:00:00:00:0d 13    585  [43,18,4,1,12,37]     00:00:00:00:00:13    00:00:00:00:00:0d 14    585  [43,18,4,2,11,37]     00:00:00:00:00:13    00:00:00:00:00:0d 15    585  [43,18,4,2,12,37]  
# h00:00:00:00:00:13 -> h00:00:00:00:00:03
   00:00:00:00:00:13    00:00:00:00:00:03 0    585  [43,17,3,1,5,27]     00:00:00:00:00:13    00:00:00:00:00:03 1    585  [43,17,3,1,6,27]     00:00:00:00:00:13    00:00:00:00:00:03 2    585  [43,17,3,2,5,27]     00:00:00:00:00:13    00:00:00:00:00:03 3    585  [43,17,3,2,6,27]     00:00:00:00:00:13    00:00:00:00:00:03 4    585  [43,17,4,1,5,27]     00:00:00:00:00:13    00:00:00:00:00:03 5    585  [43,17,4,1,6,27]     00:00:00:00:00:13    00:00:00:00:00:03 6    585  [43,17,4,2,5,27]     00:00:00:00:00:13    00:00:00:00:00:03 7    585  [43,17,4,2,6,27]     00:00:00:00:00:13    00:00:00:00:00:03 8    585  [43,18,3,1,5,27]     00:00:00:00:00:13    00:00:00:00:00:03 9    585  [43,18,3,1,6,27]     00:00:00:00:00:13    00:00:00:00:00:03 10    585  [43,18,3,2,5,27]     00:00:00:00:00:13    00:00:00:00:00:03 11    585  [43,18,3,2,6,27]     00:00:00:00:00:13    00:00:00:00:00:03 12    585  [43,18,4,1,5,27]     00:00:00:00:00:13    00:00:00:00:00:03 13    585  [43,18,4,1,6,27]     00:00:00:00:00:13    00:00:00:00:00:03 14    585  [43,18,4,2,5,27]     00:00:00:00:00:13    00:00:00:00:00:03 15    585  [43,18,4,2,6,27]  
# h00:00:00:00:00:13 -> h00:00:00:00:00:11
   00:00:00:00:00:13    00:00:00:00:00:11 0    146  [43,17,41]     00:00:00:00:00:13    00:00:00:00:00:11 1    146  [43,18,41]     00:00:00:00:00:13    00:00:00:00:00:11 2    439  [43,17,3,18,41]     00:00:00:00:00:13    00:00:00:00:00:11 3    439  [43,17,4,18,41]     00:00:00:00:00:13    00:00:00:00:00:11 4    439  [43,17,42,18,41]     00:00:00:00:00:13    00:00:00:00:00:11 5    439  [43,17,44,18,41]     00:00:00:00:00:13    00:00:00:00:00:11 6    439  [43,17,45,18,41]     00:00:00:00:00:13    00:00:00:00:00:11 7    439  [43,18,3,17,41]     00:00:00:00:00:13    00:00:00:00:00:11 8    439  [43,18,4,17,41]     00:00:00:00:00:13    00:00:00:00:00:11 9    439  [43,18,42,17,41]     00:00:00:00:00:13    00:00:00:00:00:11 10    439  [43,18,44,17,41]     00:00:00:00:00:13    00:00:00:00:00:11 11    439  [43,18,45,17,41]     00:00:00:00:00:13    00:00:00:00:00:11 12    585  [43,17,3,4,18,41]     00:00:00:00:00:13    00:00:00:00:00:11 13    585  [43,17,4,3,18,41]     00:00:00:00:00:13    00:00:00:00:00:11 14    585  [43,18,3,4,17,41]     00:00:00:00:00:13    00:00:00:00:00:11 15    585  [43,18,4,3,17,41]  
# h00:00:00:00:00:13 -> h00:00:00:00:00:02
   00:00:00:00:00:13    00:00:00:00:00:02 0    585  [43,17,3,1,5,26]     00:00:00:00:00:13    00:00:00:00:00:02 1    585  [43,17,3,1,6,26]     00:00:00:00:00:13    00:00:00:00:00:02 2    585  [43,17,3,2,5,26]     00:00:00:00:00:13    00:00:00:00:00:02 3    585  [43,17,3,2,6,26]     00:00:00:00:00:13    00:00:00:00:00:02 4    585  [43,17,4,1,5,26]     00:00:00:00:00:13    00:00:00:00:00:02 5    585  [43,17,4,1,6,26]     00:00:00:00:00:13    00:00:00:00:00:02 6    585  [43,17,4,2,5,26]     00:00:00:00:00:13    00:00:00:00:00:02 7    585  [43,17,4,2,6,26]     00:00:00:00:00:13    00:00:00:00:00:02 8    585  [43,18,3,1,5,26]     00:00:00:00:00:13    00:00:00:00:00:02 9    585  [43,18,3,1,6,26]     00:00:00:00:00:13    00:00:00:00:00:02 10    585  [43,18,3,2,5,26]     00:00:00:00:00:13    00:00:00:00:00:02 11    585  [43,18,3,2,6,26]     00:00:00:00:00:13    00:00:00:00:00:02 12    585  [43,18,4,1,5,26]     00:00:00:00:00:13    00:00:00:00:00:02 13    585  [43,18,4,1,6,26]     00:00:00:00:00:13    00:00:00:00:00:02 14    585  [43,18,4,2,5,26]     00:00:00:00:00:13    00:00:00:00:00:02 15    585  [43,18,4,2,6,26]  
# h00:00:00:00:00:13 -> h00:00:00:00:00:0f
   00:00:00:00:00:13    00:00:00:00:00:0f 0    585  [43,17,3,1,11,39]     00:00:00:00:00:13    00:00:00:00:00:0f 1    585  [43,17,3,1,12,39]     00:00:00:00:00:13    00:00:00:00:00:0f 2    585  [43,17,3,2,11,39]     00:00:00:00:00:13    00:00:00:00:00:0f 3    585  [43,17,3,2,12,39]     00:00:00:00:00:13    00:00:00:00:00:0f 4    585  [43,17,4,1,11,39]     00:00:00:00:00:13    00:00:00:00:00:0f 5    585  [43,17,4,1,12,39]     00:00:00:00:00:13    00:00:00:00:00:0f 6    585  [43,17,4,2,11,39]     00:00:00:00:00:13    00:00:00:00:00:0f 7    585  [43,17,4,2,12,39]     00:00:00:00:00:13    00:00:00:00:00:0f 8    585  [43,18,3,1,11,39]     00:00:00:00:00:13    00:00:00:00:00:0f 9    585  [43,18,3,1,12,39]     00:00:00:00:00:13    00:00:00:00:00:0f 10    585  [43,18,3,2,11,39]     00:00:00:00:00:13    00:00:00:00:00:0f 11    585  [43,18,3,2,12,39]     00:00:00:00:00:13    00:00:00:00:00:0f 12    585  [43,18,4,1,11,39]     00:00:00:00:00:13    00:00:00:00:00:0f 13    585  [43,18,4,1,12,39]     00:00:00:00:00:13    00:00:00:00:00:0f 14    585  [43,18,4,2,11,39]     00:00:00:00:00:13    00:00:00:00:00:0f 15    585  [43,18,4,2,12,39]  
# h00:00:00:00:00:13 -> h00:00:00:00:00:12
   00:00:00:00:00:13    00:00:00:00:00:12 0    146  [43,17,42]     00:00:00:00:00:13    00:00:00:00:00:12 1    146  [43,18,42]     00:00:00:00:00:13    00:00:00:00:00:12 2    439  [43,17,3,18,42]     00:00:00:00:00:13    00:00:00:00:00:12 3    439  [43,17,4,18,42]     00:00:00:00:00:13    00:00:00:00:00:12 4    439  [43,17,41,18,42]     00:00:00:00:00:13    00:00:00:00:00:12 5    439  [43,17,44,18,42]     00:00:00:00:00:13    00:00:00:00:00:12 6    439  [43,17,45,18,42]     00:00:00:00:00:13    00:00:00:00:00:12 7    439  [43,18,3,17,42]     00:00:00:00:00:13    00:00:00:00:00:12 8    439  [43,18,4,17,42]     00:00:00:00:00:13    00:00:00:00:00:12 9    439  [43,18,41,17,42]     00:00:00:00:00:13    00:00:00:00:00:12 10    439  [43,18,44,17,42]     00:00:00:00:00:13    00:00:00:00:00:12 11    439  [43,18,45,17,42]     00:00:00:00:00:13    00:00:00:00:00:12 12    585  [43,17,3,4,18,42]     00:00:00:00:00:13    00:00:00:00:00:12 13    585  [43,17,4,3,18,42]     00:00:00:00:00:13    00:00:00:00:00:12 14    585  [43,18,3,4,17,42]     00:00:00:00:00:13    00:00:00:00:00:12 15    585  [43,18,4,3,17,42]  
# h00:00:00:00:00:13 -> h00:00:00:00:00:15
   00:00:00:00:00:13    00:00:00:00:00:15 0    146  [43,17,45]     00:00:00:00:00:13    00:00:00:00:00:15 1    146  [43,18,45]     00:00:00:00:00:13    00:00:00:00:00:15 2    439  [43,17,3,18,45]     00:00:00:00:00:13    00:00:00:00:00:15 3    439  [43,17,4,18,45]     00:00:00:00:00:13    00:00:00:00:00:15 4    439  [43,17,41,18,45]     00:00:00:00:00:13    00:00:00:00:00:15 5    439  [43,17,42,18,45]     00:00:00:00:00:13    00:00:00:00:00:15 6    439  [43,17,44,18,45]     00:00:00:00:00:13    00:00:00:00:00:15 7    439  [43,18,3,17,45]     00:00:00:00:00:13    00:00:00:00:00:15 8    439  [43,18,4,17,45]     00:00:00:00:00:13    00:00:00:00:00:15 9    439  [43,18,41,17,45]     00:00:00:00:00:13    00:00:00:00:00:15 10    439  [43,18,42,17,45]     00:00:00:00:00:13    00:00:00:00:00:15 11    439  [43,18,44,17,45]     00:00:00:00:00:13    00:00:00:00:00:15 12    585  [43,17,3,4,18,45]     00:00:00:00:00:13    00:00:00:00:00:15 13    585  [43,17,4,3,18,45]     00:00:00:00:00:13    00:00:00:00:00:15 14    585  [43,18,3,4,17,45]     00:00:00:00:00:13    00:00:00:00:00:15 15    585  [43,18,4,3,17,45]  